bad	-7.49	1.04
suck	-6.93	1.78
sucks	-6.38	1.83
awkward	-5.60	1.75
dumb	-5.49	1.97
stupid	-5.44	2.22
pitfall	-5.27	2.20
test	-5.23	2.43
450k	-5.12	2.71
messed	-4.88	2.37
failed	-4.66	2.19
exact	-4.65	2.52
safe	-4.57	2.44
power	-4.37	2.71
pricing	-4.32	2.34
cut	-4.28	2.79
suddenly	-4.23	2.81
in-game	-4.10	2.35
randomly	-3.86	2.90
slow	-3.85	2.21
fang	-3.84	2.52
hit	-3.77	2.46
felt	-3.67	2.67
pain	-3.67	2.62
setting	-3.65	2.91
poor	-3.65	1.80
depending	-3.64	2.29
skipped	-3.54	3.41
stands	-3.49	2.36
inside	-3.49	2.94
she	-3.49	3.00
surprised	-3.49	2.90
worried	-3.47	2.88
prices	-3.46	2.57
confused	-3.46	2.83
chat	-3.45	2.68
beau	-3.45	2.49
he	-3.38	3.00
short	-3.35	2.71
witch	-3.34	2.65
based	-3.32	2.40
curious	-3.31	2.97
honest	-3.31	2.50
typo	-3.30	3.38
idiot	-3.25	2.18
ticket	-3.25	3.04
basement	-3.23	3.02
mistake	-3.20	3.59
goat	-3.19	3.08
dreamie	-3.17	3.04
misread	-3.17	3.70
accidentally	-3.16	3.47
live	-3.15	3.18
annoying	-3.14	2.37
69	-3.13	3.01
face	-3.12	2.74
accident	-3.12	3.46
seemed	-3.11	2.87
mean	-3.11	2.94
mixed	-3.10	3.41
embarrassing	-3.08	2.68
straight	-3.06	3.27
saved	-3.05	2.88
meant	-3.00	3.65
hanging	-3.00	3.17
video	-3.00	3.00
bet	-2.95	3.09
words	-2.95	2.71
must	-2.91	3.80
familiar	-2.91	2.17
search	-2.91	3.15
speak	-2.90	3.20
forgot	-2.90	3.75
missed	-2.89	3.59
steal	-2.89	3.16
funny	-2.89	2.64
edited	-2.88	3.85
bother	-2.86	3.13
deleted	-2.79	3.73
christmas	-2.78	2.30
fixed	-2.76	3.62
her	-2.75	3.01
story	-2.74	2.94
fixing	-2.71	3.58
whoops	-2.69	3.74
nevermind	-2.67	3.64
below	-2.66	3.57
typed	-2.66	3.88
silly	-2.65	1.78
above	-2.64	3.63
noticed	-2.63	3.68
butt	-2.60	2.89
oops	-2.60	3.72
onto	-2.59	3.24
lazy	-2.56	2.48
nvm	-2.54	3.68
same	-2.49	3.27
surprise	-2.49	3.05
delete	-2.47	3.69
sadly	-2.46	3.19
difficult	-2.45	1.98
feels	-2.42	1.75
lack	-2.42	1.95
mad	-2.33	2.62
beat	-2.32	2.33
yoshi	-2.30	1.63
checked	-2.30	3.53
laugh	-2.27	2.76
description	-2.26	3.76
info	-2.23	3.58
knew	-2.23	2.19
died	-2.22	2.27
entered	-2.21	3.77
imagine	-2.19	2.63
lost	-2.15	2.22
confusing	-2.12	1.77
broke	-2.00	1.69
fix	-1.98	1.97
boy	-1.93	2.06
makes	-1.92	2.74
correctly	-1.91	3.64
didnt	-1.90	2.75
realized	-1.87	3.10
saw	-1.87	3.11
forgive	-1.87	2.18
30k	-1.86	2.36
word	-1.85	2.37
due	-1.84	1.92
realize	-1.84	2.71
forgetting	-1.83	2.65
75k	-1.82	2.34
miss	-1.82	2.01
purchase	-1.82	2.44
invalid	-1.82	3.61
25k	-1.81	2.35
20k	-1.81	2.35
friendcode	-1.80	3.61
valid	-1.79	3.59
code	-1.79	3.58
300k	-1.79	2.33
turns	-1.79	2.59
150k	-1.79	2.34
fortune	-1.78	1.72
appropriate	-1.78	2.98
distracted	-1.77	2.36
15k	-1.76	2.32
did	-1.76	2.75
report	-1.76	2.01
bones	-1.76	1.70
who	-1.75	2.25
merengue	-1.74	1.72
forgotten	-1.74	2.92
friend	-1.71	3.54
ruby	-1.70	1.64
wrote	-1.69	2.74
ran	-1.69	2.26
notice	-1.68	2.54
40k	-1.66	2.26
instead	-1.66	3.04
tia	-1.66	1.62
question	-1.66	1.99
thought	-1.66	2.80
freya	-1.63	1.63
skye	-1.62	1.60
issues	-1.62	2.14
woops	-1.61	3.00
mention	-1.58	2.50
sigh	-1.57	2.36
him	-1.57	1.92
remembered	-1.57	2.83
350k	-1.55	2.38
unexpectedly	-1.53	2.03
lopez	-1.53	1.89
120k	-1.52	2.36
his	-1.51	1.91
irl	-1.49	1.93
edit	-1.49	3.11
apparently	-1.49	2.63
x.x	-1.47	2.33
400k	-1.47	2.33
conversation	-1.45	1.90
exactly	-1.45	2.02
90k	-1.44	2.08
100k	-1.43	2.19
mainly	-1.43	1.63
strike	-1.43	1.67
read	-1.42	2.77
bookshelf	-1.41	1.46
fauna	-1.41	1.65
different	-1.41	1.89
35k	-1.40	2.32
10k	-1.40	2.18
math	-1.40	1.98
talk	-1.39	1.85
whoever	-1.38	2.06
250k	-1.38	2.15
commented	-1.37	2.71
acting	-1.37	2.07
nobody	-1.37	2.05
unexpected	-1.35	2.05
team	-1.35	1.81
darn	-1.34	2.44
minus	-1.34	1.84
ankha	-1.33	1.61
realised	-1.33	2.75
held	-1.33	2.22
125k	-1.33	2.01
replied	-1.32	2.66
genji	-1.32	1.55
actual	-1.32	1.69
200k	-1.31	2.11
isabelle	-1.31	1.87
sometimes	-1.31	1.84
dark	-1.30	1.49
somehow	-1.29	2.72
99k	-1.29	2.09
button	-1.29	1.76
chief	-1.29	1.69
said	-1.28	2.40
assumed	-1.28	2.19
60k	-1.28	2.14
disappeared	-1.27	2.40
pekoe	-1.26	1.53
typing	-1.26	1.88
villagers	-1.25	1.79
mom	-1.25	1.97
julian	-1.24	1.50
500k	-1.24	2.08
passed	-1.24	1.75
mitzi	-1.24	1.58
50k	-1.23	2.11
3k	-1.22	2.16
cyrus	-1.22	1.66
op	-1.22	2.21
lmao	-1.20	2.72
70k	-1.20	2.25
crashed	-1.20	2.43
behind	-1.19	1.86
tours	-1.19	2.16
anyone	-1.19	1.86
lolly	-1.18	1.46
greedy	-1.18	2.01
pic	-1.18	1.48
etc	-1.18	1.77
e	-1.16	2.11
originally	-1.16	2.29
whitney	-1.15	1.50
80k	-1.15	1.92
someone	-1.15	2.20
marshal	-1.15	1.45
value	-1.15	1.71
punchy	-1.14	1.60
troubles	-1.14	2.06
eyes	-1.14	1.61
related	-1.14	1.94
dropped	-1.14	1.94
crap	-1.14	2.59
2k	-1.14	1.94
orz	-1.13	1.83
rosie	-1.13	1.50
offers	-1.13	1.76
river	-1.13	1.93
difference	-1.12	1.69
text	-1.12	2.09
change	-1.12	1.63
decent	-1.11	1.83
700k	-1.10	1.97
turned	-1.10	1.85
stopped	-1.10	1.69
alone	-1.10	1.84
earlier	-1.09	2.30
villager	-1.09	1.46
wi-fi	-1.08	1.98
chrissy	-1.07	1.56
tangy	-1.07	1.43
ended	-1.07	1.89
caught	-1.07	1.98
comments	-1.07	2.34
busy	-1.06	1.84
aware	-1.06	1.88
clarify	-1.05	2.06
window	-1.05	2.02
rude	-1.05	1.72
kidding	-1.05	2.28
shut	-1.04	1.94
become	-1.04	1.46
static	-1.04	1.53
lose	-1.03	1.91
somebody	-1.03	2.19
fell	-1.02	2.37
market	-1.02	1.64
wolfgang	-1.02	1.41
coco	-1.02	1.55
feather	-1.02	1.75
bam	-1.01	1.47
sister	-1.01	1.92
checks	-1.01	1.68
diana	-1.01	1.40
call	-1.00	1.95
molly	-1.00	1.44
ballet	-1.00	1.78
cookie	-1.00	1.41
1m	-1.00	1.89
stitches	-1.00	1.40
supposed	-0.99	1.97
fashion	-0.99	1.59
appear	-0.99	2.04
changed	-0.99	2.24
erik	-0.98	1.52
has	-0.98	2.12
completely	-0.98	2.51
petition	-0.98	1.70
kiki	-0.98	1.35
big	-0.98	1.55
flurry	-0.98	1.53
counted	-0.97	2.36
before	-0.97	2.33
brother	-0.97	1.70
reset	-0.97	1.94
commenting	-0.97	2.37
whats	-0.97	2.37
seems	-0.96	1.86
friendly	-0.96	2.57
came	-0.96	1.99
olivia	-0.95	1.46
else	-0.95	2.15
zodiac	-0.95	1.59
camp	-0.95	1.52
wonder	-0.95	1.88
lobo	-0.94	1.37
likes	-0.94	1.57
fully	-0.94	2.37
dog	-0.94	1.66
made	-0.93	1.87
offered	-0.93	2.31
poster	-0.92	1.88
showed	-0.92	1.93
emergency	-0.92	2.00
750k	-0.92	1.88
5k	-0.92	1.97
say	-0.91	1.95
certain	-0.91	1.56
woke	-0.91	2.25
popped	-0.91	1.99
looks	-0.90	1.87
even	-0.90	1.94
dreamies	-0.90	1.82
across	-0.90	1.74
saying	-0.89	1.98
avoid	-0.89	1.68
wondering	-0.89	2.11
talking	-0.89	1.61
marina	-0.88	1.36
10,000	-0.87	2.01
kart	-0.87	1.47
porter	-0.87	1.98
posted	-0.87	2.44
tent	-0.87	1.81
sidebar	-0.86	2.04
update	-0.86	2.05
state	-0.86	1.69
feathers	-0.86	1.77
regardless	-0.86	1.43
ideas	-0.86	1.45
kid	-0.86	1.50
desperate	-0.86	1.79
wifi	-0.86	1.83
zell	-0.86	1.36
phoebe	-0.86	1.37
600k	-0.85	2.02
gah	-0.85	2.45
went	-0.85	2.09
kyle	-0.85	1.35
wants	-0.84	1.93
messaged	-0.84	2.34
damn	-0.84	2.16
rotten	-0.84	1.68
cleaning	-0.84	1.79
kotatsu	-0.84	1.51
1mil	-0.84	1.76
weird	-0.83	2.13
apologies	-0.83	2.12
ridiculous	-0.83	1.64
duck	-0.83	1.38
title	-0.83	2.42
bluebear	-0.83	1.40
zones	-0.83	1.97
asleep	-0.82	2.16
style	-0.82	1.65
check	-0.81	2.07
rabbit	-0.81	1.51
gardening	-0.81	1.65
kitty	-0.81	1.60
person	-0.80	2.26
shot	-0.80	1.87
internet	-0.80	1.77
says	-0.80	2.33
kabuki	-0.80	1.41
blanca	-0.80	1.47
considered	-0.79	1.56
seat	-0.79	1.51
cause	-0.79	2.12
monkey	-0.79	1.59
connection	-0.79	2.05
leif	-0.79	1.61
gyroid	-0.79	1.92
square	-0.78	1.38
guy	-0.78	1.77
timing	-0.78	2.01
careful	-0.78	1.79
because	-0.78	1.50
everyone	-0.78	1.81
knows	-0.78	1.77
family	-0.78	1.77
guess	-0.78	2.33
tired	-0.77	2.00
yesterday	-0.77	2.17
first	-0.77	2.40
kids	-0.77	1.57
delayed	-0.77	1.77
moved	-0.77	1.49
remove	-0.77	2.07
katie	-0.77	1.90
wanted	-0.77	2.10
waste	-0.76	2.01
considering	-0.76	1.53
800k	-0.75	1.66
zucker	-0.75	1.45
bf	-0.75	1.72
dragon	-0.75	1.44
flair	-0.74	2.73
lets	-0.74	1.76
pokemon	-0.74	1.64
register	-0.74	2.63
looked	-0.74	1.74
example	-0.74	1.58
weather	-0.74	1.65
t_t	-0.74	1.57
line	-0.73	1.98
were	-0.73	2.08
user	-0.73	2.14
expect	-0.73	1.63
1k	-0.72	1.68
bunnie	-0.72	1.42
names	-0.71	1.49
stuck	-0.71	1.89
thinking	-0.71	1.80
nearly	-0.71	1.75
bar	-0.71	1.51
virtual	-0.71	1.43
properly	-0.71	2.08
cuz	-0.71	1.88
tiger	-0.71	1.47
77	-0.70	1.53
bottom	-0.70	2.00
putting	-0.70	1.78
tiny	-0.70	1.44
sense	-0.70	1.72
never	-0.69	1.97
26	-0.69	1.83
o_o	-0.69	1.53
directly	-0.68	1.92
memory	-0.68	1.65
codes	-0.68	2.32
mossy	-0.68	1.36
asked	-0.68	2.08
rudy	-0.68	1.40
fridge	-0.68	1.40
at	-0.68	2.00
scratch	-0.67	2.08
issue	-0.67	1.95
post	-0.67	2.32
bill	-0.67	1.24
da	-0.66	1.68
nintendo	-0.66	1.72
kick	-0.66	1.91
create	-0.66	1.84
boxing	-0.66	1.39
responded	-0.65	2.15
end	-0.65	1.53
service	-0.65	1.34
fault	-0.65	2.18
bob	-0.65	1.16
decided	-0.65	1.72
access	-0.65	1.75
year	-0.65	1.55
their	-0.65	1.61
why	-0.65	1.90
included	-0.65	1.80
shopping	-0.65	1.70
funky	-0.65	1.47
rooster	-0.65	1.38
hard	-0.64	1.43
900k	-0.64	1.75
ate	-0.64	1.77
picked	-0.64	2.00
charger	-0.64	1.71
picture	-0.64	1.28
mentioned	-0.64	2.04
muffy	-0.64	1.28
ornate	-0.64	1.45
random	-0.63	1.74
address	-0.63	2.11
actually	-0.63	2.37
english	-0.63	1.69
assume	-0.63	1.66
restarting	-0.63	2.17
afraid	-0.62	1.88
curio	-0.62	1.37
jambette	-0.62	1.41
comes	-0.62	1.81
fire	-0.62	1.49
roll	-0.62	1.52
already	-0.61	2.19
load	-0.61	1.94
bonus	-0.61	1.48
pietro	-0.61	1.27
shops	-0.60	1.87
tom	-0.60	1.13
moridb	-0.60	2.01
assuming	-0.60	2.22
registered	-0.60	2.89
connecting	-0.60	1.80
stand	-0.60	1.79
fit	-0.60	1.63
connect	-0.59	1.76
spent	-0.59	1.63
ack	-0.59	2.41
joke	-0.59	1.76
early	-0.58	1.67
o-o	-0.58	1.86
boyfriend	-0.58	1.55
wasnt	-0.58	2.00
making	-0.58	1.54
hassle	-0.58	1.74
seem	-0.58	1.88
floors	-0.58	1.56
editing	-0.57	2.17
promise	-0.57	2.03
horse	-0.57	1.41
sooner	-0.57	1.69
woman	-0.57	1.54
further	-0.57	1.63
problems	-0.57	1.82
snake	-0.57	1.34
depends	-0.57	1.42
1st	-0.56	1.80
idk	-0.56	1.72
entry	-0.56	1.98
3ds	-0.56	1.77
dang	-0.56	2.33
die	-0.56	1.72
save	-0.56	1.82
games	-0.56	1.41
marked	-0.56	2.28
caterpillar	-0.56	1.60
turnip	-0.55	1.38
trees	-0.55	1.62
acnl	-0.55	1.21
simply	-0.55	1.68
hazel	-0.55	1.41
23	-0.55	1.67
santa	-0.55	1.31
gets	-0.55	1.55
watching	-0.55	1.68
happens	-0.55	2.20
lists	-0.55	1.89
couldnt	-0.54	1.53
apple	-0.54	1.44
threw	-0.54	1.77
house	-0.53	1.54
kept	-0.53	1.93
coat	-0.53	1.18
date	-0.53	1.51
recently	-0.53	1.80
lab	-0.53	1.50
plan	-0.53	1.71
myself	-0.53	1.84
maintenance	-0.53	1.79
last	-0.52	1.71
original	-0.52	2.02
include	-0.52	1.81
aside	-0.51	1.83
under	-0.51	2.14
medals	-0.51	1.62
pascal	-0.51	1.30
ummm	-0.51	1.64
keeps	-0.51	1.96
along	-0.51	1.78
changes	-0.51	1.40
<SPECIAL>	-0.50	1.31
<URL>	-0.50	1.31
accepted	-0.50	1.73
aah	-0.50	2.04
rule	-0.50	1.85
normally	-0.50	1.64
cd	-0.50	1.41
fall	-0.50	1.49
replying	-0.50	1.91
totally	-0.50	2.78
hologram	-0.50	1.22
cookies	-0.49	1.33
honestly	-0.49	1.66
notification	-0.49	2.07
searching	-0.49	1.67
restart	-0.49	1.96
standing	-0.49	1.51
previous	-0.48	2.31
hunt	-0.48	1.78
told	-0.48	1.69
reading	-0.48	1.78
dying	-0.48	1.53
click	-0.48	1.75
heard	-0.47	1.73
explain	-0.47	1.59
mark	-0.47	2.13
max	-0.47	1.92
double	-0.47	2.46
cash	-0.47	1.27
personal	-0.47	1.41
late	-0.47	1.62
entries	-0.46	1.62
eh	-0.46	1.96
poppy	-0.46	1.66
situation	-0.46	1.80
lately	-0.46	1.57
seen	-0.45	1.58
claimed	-0.45	1.92
tour	-0.45	1.73
fairy	-0.45	1.50
robe	-0.45	1.23
street	-0.45	1.52
found	-0.45	2.03
had	-0.45	1.77
asking	-0.45	1.67
mira	-0.44	1.28
bout	-0.44	2.14
bc	-0.44	1.53
past	-0.44	1.76
veil	-0.44	1.13
limit	-0.44	1.59
fancy	-0.44	1.14
uhh	-0.44	1.67
saving	-0.44	1.80
tbh	-0.44	1.54
removed	-0.43	2.07
switch	-0.43	1.74
covered	-0.43	1.56
microwave	-0.43	1.36
zipper	-0.43	1.43
name	-0.42	2.04
similar	-0.42	1.31
198k	-0.42	1.53
trouble	-0.42	1.78
bathrobe	-0.42	1.33
true	-0.42	1.76
55	-0.42	1.82
such	-0.42	1.41
disconnected	-0.41	2.23
francine	-0.41	1.24
entirely	-0.41	1.53
tale	-0.41	1.51
price	-0.41	1.51
starting	-0.41	1.68
room	-0.41	1.53
swear	-0.40	1.25
dollhouse	-0.40	1.12
requests	-0.40	1.70
grand	-0.40	1.54
nook	-0.40	1.46
according	-0.40	1.49
butterfly	-0.40	1.49
l	-0.39	1.86
homework	-0.39	1.69
errands	-0.39	1.73
sent	-0.39	2.05
glass	-0.39	1.31
halloween	-0.39	1.28
other	-0.39	1.96
landscaping	-0.39	1.54
peanut	-0.38	1.14
borrow	-0.38	1.37
sick	-0.38	1.67
2mil	-0.38	1.46
personally	-0.38	1.29
needs	-0.38	1.61
bought	-0.38	1.80
grill	-0.38	1.41
ohh	-0.38	2.61
bread	-0.37	1.36
connected	-0.37	1.69
show	-0.37	1.74
plans	-0.37	1.65
ca	-0.37	1.83
theyre	-0.37	1.71
mix	-0.37	1.62
down	-0.37	1.55
april	-0.37	1.33
unable	-0.36	1.93
hairbow	-0.36	1.30
gives	-0.36	1.54
rain	-0.36	1.27
touch	-0.36	1.76
guide	-0.36	1.47
users	-0.36	1.70
classroom	-0.35	1.39
giant	-0.35	1.49
cheese	-0.35	1.42
what	-0.35	1.78
upon	-0.35	1.64
fc	-0.35	2.42
signed	-0.35	1.53
completed	-0.35	2.13
top	-0.34	1.59
npc	-0.34	1.52
boxes	-0.34	1.32
daughter	-0.34	1.50
language	-0.34	1.62
owo	-0.34	1.94
opinion	-0.34	1.35
tting	-0.34	1.51
form	-0.34	1.70
goes	-0.34	1.27
literally	-0.34	1.51
cancel	-0.34	1.63
felicity	-0.33	1.08
subreddit	-0.33	1.78
appears	-0.33	1.84
heh	-0.33	2.36
questions	-0.33	1.42
ending	-0.33	1.72
owe	-0.33	1.50
hospital	-0.33	1.39
sitting	-0.33	1.72
information	-0.33	2.23
digital	-0.33	1.32
crazy	-0.32	1.56
stick	-0.32	1.44
storage	-0.32	1.60
resetting	-0.32	1.60
eggs	-0.32	1.46
fact	-0.32	1.24
floor	-0.32	1.39
eye	-0.32	1.62
fireplace	-0.32	1.36
updated	-0.31	2.25
trust	-0.31	1.74
voided	-0.31	1.27
bowtoid	-0.31	1.34
72	-0.31	1.70
yet	-0.31	1.80
nooo	-0.31	2.05
tatami	-0.31	1.33
tuxedo	-0.31	1.14
umm	-0.31	1.56
animals	-0.31	1.30
sold	-0.31	1.77
stump	-0.31	1.54
final	-0.30	1.44
0	-0.30	1.71
cup	-0.30	1.55
stated	-0.30	1.55
cushion	-0.30	1.29
inbox	-0.30	1.76
cover	-0.30	1.28
traded	-0.30	1.88
rules	-0.30	1.90
ringside	-0.30	1.33
responding	-0.29	1.76
shows	-0.29	1.65
dj	-0.29	1.08
laptop	-0.29	1.45
100,000	-0.28	1.40
plaza	-0.28	1.56
girl	-0.28	1.24
sleeping	-0.28	1.68
lucky	-0.28	1.21
favorites	-0.28	1.56
meadow	-0.28	1.31
range	-0.28	1.28
threads	-0.27	1.46
maid	-0.27	1.05
bro	-0.27	1.32
put	-0.27	1.66
loan	-0.27	1.57
remaining	-0.27	1.50
lawn	-0.27	1.41
accessory	-0.27	1.22
90	-0.27	1.55
sorry	-0.27	1.95
shovel	-0.27	1.41
unorderables	-0.27	1.38
into	-0.27	1.37
promised	-0.26	1.73
cross	-0.26	1.44
wrapping	-0.26	1.69
club	-0.26	1.51
personality	-0.26	1.18
fishing	-0.25	1.40
headband	-0.25	1.01
reason	-0.25	1.81
bridge	-0.25	1.54
formal	-0.25	1.07
wake	-0.25	1.71
suppose	-0.25	1.50
stepped	-0.25	1.74
sand	-0.25	1.27
duping	-0.25	1.60
copy	-0.25	1.40
moderators	-0.25	1.79
card	-0.25	1.36
glasses	-0.24	1.22
palm	-0.24	1.36
turnips	-0.24	1.46
replies	-0.24	1.77
wear	-0.24	1.15
messy	-0.24	1.40
picking	-0.24	1.60
hands	-0.24	1.61
garden	-0.24	1.32
pull	-0.24	1.45
win	-0.24	1.58
none	-0.24	1.62
wet	-0.24	1.41
telling	-0.24	1.68
headpiece	-0.24	1.39
houses	-0.24	1.41
letters	-0.23	1.55
since	-0.23	1.68
r/adoptmyvillager	-0.23	1.65
prizes	-0.23	1.53
players	-0.23	1.21
confusion	-0.23	1.63
follow	-0.23	1.53
village	-0.23	1.42
won	-0.23	1.61
colour	-0.23	1.27
option	-0.23	1.71
list	-0.23	1.98
time	-0.23	1.67
app	-0.22	1.81
resetti	-0.22	2.11
grow	-0.22	1.46
somewhere	-0.22	1.58
ohhh	-0.22	1.82
via	-0.22	1.76
king	-0.22	1.21
ahaha	-0.22	2.04
hah	-0.22	2.00
mods	-0.21	1.84
twice	-0.21	1.73
oh	-0.21	2.07
rod	-0.21	1.38
diver	-0.21	1.21
57	-0.21	1.48
plot	-0.21	1.49
given	-0.21	1.76
everybody	-0.21	1.54
matryoshka	-0.21	1.23
type	-0.21	1.15
letter	-0.21	1.49
remember	-0.21	1.66
delay	-0.21	1.70
42	-0.21	1.52
bugs	-0.20	1.46
box	-0.20	1.25
lady	-0.20	1.30
happening	-0.20	1.68
ore	-0.20	1.35
errors	-0.20	1.76
mural	-0.20	1.12
75	-0.20	1.50
floppy	-0.20	1.08
pass	-0.19	1.38
third	-0.19	1.61
closes	-0.19	1.45
against	-0.19	1.46
triple	-0.19	1.12
elsewhere	-0.19	1.66
linked	-0.19	2.03
always	-0.19	1.45
paper	-0.19	1.24
breakfast	-0.19	1.73
tend	-0.19	1.41
uh	-0.19	1.86
schedule	-0.18	1.38
44	-0.18	1.46
popular	-0.18	1.42
break	-0.18	1.66
simple	-0.18	1.32
receive	-0.18	1.48
pikmin	-0.18	1.09
friends	-0.18	2.27
offline	-0.18	1.82
havent	-0.18	1.83
roger	-0.18	1.16
clay	-0.18	1.08
path	-0.18	1.27
old	-0.17	1.40
clear	-0.17	1.33
flip	-0.17	1.13
catalogued	-0.17	1.28
except	-0.17	1.35
ha	-0.17	2.16
session	-0.17	1.48
alot	-0.17	1.83
checking	-0.17	1.85
run	-0.17	1.66
counts	-0.17	1.44
balance	-0.16	1.17
ds	-0.16	1.58
cycling	-0.16	1.52
cloche	-0.16	1.11
dresses	-0.16	1.49
cleared	-0.16	1.41
gracie	-0.16	1.15
shell	-0.16	1.10
happened	-0.16	1.85
chose	-0.16	1.48
movie	-0.16	1.31
sci-fi	-0.16	1.29
reserved	-0.16	1.71
hha	-0.16	1.35
chest	-0.16	1.20
match	-0.16	0.96
eating	-0.15	1.68
metroid	-0.15	1.17
1.5	-0.15	1.35
invite	-0.15	1.83
shake	-0.15	1.71
messages	-0.15	1.62
x_x	-0.15	1.85
south	-0.15	1.63
respond	-0.15	1.73
hall	-0.15	1.42
empty	-0.14	1.41
police	-0.14	1.28
silver	-0.14	1.28
pave	-0.14	1.21
horizon	-0.14	1.25
section	-0.14	1.61
dream	-0.14	1.71
piano	-0.14	1.23
amount	-0.14	1.24
hoping	-0.14	1.32
something	-0.14	1.61
wall	-0.14	1.30
where	-0.14	1.53
unfortunately	-0.13	1.76
duplicates	-0.13	1.40
afford	-0.13	1.39
anymore	-0.13	1.83
figure	-0.13	1.34
specifically	-0.13	1.46
forever	-0.13	1.35
gave	-0.13	1.55
gray	-0.13	1.01
goal	-0.13	1.26
doesnt	-0.13	1.43
generally	-0.13	1.27
track	-0.13	1.42
bureau	-0.13	1.16
trader	-0.12	1.47
itself	-0.12	1.28
pwps	-0.12	1.17
filled	-0.12	1.45
pole	-0.12	1.20
small	-0.12	1.19
straw	-0.12	1.15
restarted	-0.12	1.60
idea	-0.12	1.45
dead	-0.12	1.56
mii	-0.11	1.30
gotten	-0.11	1.74
doubt	-0.11	1.40
job	-0.11	1.21
glow	-0.11	1.09
side	-0.11	1.59
people	-0.11	1.55
poltergoid	-0.11	1.27
been	-0.11	1.63
understandable	-0.11	2.20
weeds	-0.10	1.29
transaction	-0.10	1.79
move	-0.10	1.26
queen	-0.10	1.10
finding	-0.10	2.02
away	-0.10	1.67
dunno	-0.10	1.54
appearing	-0.10	1.64
closed	-0.10	1.94
throne	-0.09	1.14
system	-0.09	1.37
mule	-0.09	1.46
month	-0.09	1.33
streetpass	-0.09	1.33
2nd	-0.09	1.84
agreed	-0.09	1.41
router	-0.09	1.55
circle	-0.09	1.21
bye	-0.09	1.55
working	-0.09	1.55
themed	-0.09	1.25
o.o	-0.08	1.73
feeling	-0.08	1.30
walking	-0.08	1.46
immediately	-0.08	1.58
mil	-0.08	1.39
million	-0.08	1.34
auction	-0.08	1.39
heads	-0.08	1.69
broken	-0.08	1.31
bear	-0.08	1.15
reply	-0.08	1.68
catching	-0.08	1.44
response	-0.08	1.56
mouth	-0.08	1.27
princess	-0.07	1.14
console	-0.07	1.09
petville	-0.07	1.64
shoji	-0.07	1.26
exterior	-0.07	1.31
anywhere	-0.07	1.49
tools	-0.07	1.29
2m	-0.07	1.38
building	-0.07	1.37
shades	-0.07	0.99
medicine	-0.07	1.48
collection	-0.07	1.70
comment	-0.07	1.93
sweater	-0.07	1.05
brought	-0.07	1.46
music	-0.07	1.21
lamentoid	-0.06	1.22
autumn	-0.06	1.18
door	-0.06	1.40
recent	-0.06	1.58
whether	-0.06	1.31
ive	-0.06	1.63
topic	-0.06	1.80
ah	-0.06	2.56
availability	-0.06	1.36
lead	-0.05	1.42
reddit	-0.05	1.54
weekends	-0.05	1.32
void	-0.05	1.19
mod	-0.05	1.50
attention	-0.05	1.49
requested	-0.05	1.77
having	-0.05	1.51
sporty	-0.05	1.30
beetle	-0.05	1.20
mario	-0.05	1.17
figured	-0.05	1.77
picky	-0.05	1.43
jk	-0.05	1.76
computer	-0.05	1.47
process	-0.05	1.36
moments	-0.04	1.96
watch	-0.04	1.51
regular	-0.04	1.33
share	-0.04	1.32
octopus	-0.04	1.24
knit	-0.04	1.05
was	-0.04	1.56
elegant	-0.04	1.04
trip	-0.04	1.28
listed	-0.04	1.56
zone	-0.04	1.37
near	-0.04	1.46
server	-0.04	1.28
normal	-0.04	1.32
matter	-0.04	1.22
record	-0.04	1.41
error	-0.03	1.81
tried	-0.03	1.58
approved	-0.03	1.41
shop	-0.03	1.21
striped	-0.03	1.17
crown	-0.03	1.08
notebook	-0.03	1.09
step	-0.03	1.47
space	-0.03	1.24
festivale	-0.03	1.08
hammer	-0.03	1.13
ladybug	-0.03	1.16
quazoid	-0.03	1.30
tie	-0.03	1.27
following	-0.03	1.33
actrade	-0.03	1.35
0576-4857-2066	-0.03	1.60
taken	-0.03	1.62
college	-0.03	1.31
pattern	-0.03	1.19
customized	-0.03	1.18
through	-0.02	1.59
slingshot	-0.02	1.25
100	-0.02	1.33
scattered	-0.02	1.40
shells	-0.02	1.15
often	-0.02	1.43
midna	-0.01	1.01
pool	-0.01	1.22
frog	-0.01	1.08
mill	-0.01	1.36
baby	-0.01	1.26
pocket	-0.01	1.43
coin	-0.01	1.00
denim	-0.01	1.07
monitor	-0.01	1.14
current	-0.01	1.91
mmm	-0.01	1.35
slot	-0.01	1.61
wrapped	-0.01	1.31
nooks	-0.01	1.19
received	-0.01	1.50
obviously	-0.01	1.35
clothes	-0.00	1.07
sweets	-0.00	1.18
agree	-0.00	1.43
posts	-0.00	1.45
maple	-0.00	1.23
stock	-0.00	1.33
n't	0.00	1.72
jacket	0.00	1.12
27	0.00	1.28
samus	0.00	1.01
profit	0.00	1.16
arrow	0.00	1.25
strange	0.00	1.44
inventory	0.00	1.34
campfire	0.00	1.10
sry	0.00	2.10
jar	0.00	1.13
wig	0.00	1.01
cardboard	0.01	1.11
reese	0.01	1.16
planting	0.01	1.26
sending	0.01	1.63
progress	0.01	1.19
shelf	0.01	1.08
lockers	0.01	1.32
spring	0.01	1.10
leaves	0.01	1.36
bug	0.01	1.20
homes	0.01	1.35
ores	0.01	1.20
99	0.01	1.27
daisy	0.02	1.05
front	0.02	1.64
writing	0.02	1.32
paths	0.02	1.19
zen	0.02	1.26
gorgeous	0.02	1.11
sloppy	0.02	1.10
spot	0.02	1.34
area	0.02	1.36
running	0.02	1.36
gold	0.02	1.24
non	0.02	1.37
sit	0.02	1.46
draw	0.02	1.30
ve	0.02	1.70
phone	0.02	1.43
deer	0.02	1.08
pipe	0.02	1.08
tall	0.02	1.16
fence	0.02	1.20
point	0.02	1.26
mega	0.02	1.21
colors	0.03	1.23
rock	0.03	1.20
flairs	0.03	1.62
started	0.03	1.25
yo	0.03	1.65
hat	0.03	1.04
closet	0.03	1.11
chaise	0.03	1.06
seconds	0.03	2.03
cafe	0.03	1.17
decide	0.03	1.22
basically	0.03	1.29
radio	0.03	1.10
dotted	0.03	1.02
perhaps	0.03	1.54
us	0.03	1.28
stove	0.03	1.08
character	0.03	1.63
nugget	0.03	1.18
dress	0.04	1.00
rug	0.04	1.08
display	0.04	1.15
trash	0.04	1.10
sells	0.04	1.15
winners	0.04	1.46
reminder	0.04	1.66
warbloid	0.04	1.13
block	0.04	1.00
planted	0.04	1.38
hm	0.04	1.71
another	0.04	1.98
food	0.04	1.33
festival	0.04	0.98
country	0.04	1.22
egg	0.04	1.11
lounge	0.04	1.13
color	0.04	1.20
worry	0.05	1.93
711	0.05	1.14
used	0.05	1.37
showing	0.05	1.82
hinaningyo	0.05	1.09
bow	0.05	1.06
cheap	0.05	1.13
everywhere	0.05	1.43
posting	0.05	1.64
soda	0.05	1.07
silk	0.05	1.10
mat	0.05	1.11
main	0.05	1.34
wallpaper	0.05	1.08
doubles	0.06	1.19
walk	0.06	1.36
cube	0.06	1.33
mama	0.06	1.18
star	0.06	1.05
rocking	0.06	1.09
clean	0.06	1.35
candy	0.06	1.10
wasting	0.06	1.38
travel	0.06	1.41
rainbow	0.06	1.06
watering	0.06	1.18
sword	0.06	0.90
honeybee	0.06	1.19
treasure	0.07	1.07
19	0.07	1.39
2.5	0.07	1.30
timezone	0.07	1.46
desert	0.07	1.09
vase	0.07	1.16
telescope	0.07	1.16
trophy	0.07	1.16
choice	0.07	1.33
sketchbook	0.07	1.31
released	0.07	1.32
reference	0.07	1.36
but	0.07	1.73
eraser	0.07	1.08
cage	0.07	1.08
store	0.07	1.21
city	0.07	1.06
lf	0.07	1.52
carpet	0.07	1.07
adorable	0.07	1.51
tropical	0.07	1.12
clothing	0.07	1.09
fill	0.08	1.27
getting	0.08	1.59
called	0.08	1.47
choose	0.08	1.37
how	0.08	1.33
athens	0.08	1.61
costs	0.08	1.20
errand	0.08	1.50
ends	0.08	1.47
polka	0.08	1.05
dupe	0.08	1.29
leopard	0.08	1.06
golden	0.08	1.17
winning	0.08	1.43
katana	0.08	1.14
believe	0.08	1.82
ever	0.08	1.53
apologize	0.08	1.35
cabinet	0.08	1.08
characters	0.08	1.32
concrete	0.08	1.14
corner	0.08	1.14
formatting	0.08	1.61
start	0.08	1.45
tartan	0.08	1.05
standee	0.08	1.07
island	0.08	1.25
beach	0.08	1.19
dinner	0.09	1.63
see	0.09	1.70
daily	0.09	1.32
mostly	0.09	1.35
sale	0.09	1.27
sink	0.09	1.11
tags	0.09	1.92
hanger	0.09	1.17
ft	0.09	1.48
master	0.09	0.91
28	0.09	1.35
costume	0.09	1.10
site	0.09	1.11
hair-bow	0.09	1.01
hand	0.09	1.19
numbers	0.09	1.31
skirt	0.09	0.95
places	0.09	1.09
special	0.09	1.18
answer	0.09	1.73
snail	0.09	1.16
expensive	0.10	1.18
48	0.10	1.38
88	0.10	1.09
gone	0.10	1.69
backyard	0.10	1.12
notes	0.10	1.26
r/acturnips	0.10	1.29
mailbox	0.10	1.28
hmmm	0.10	1.81
slowly	0.10	1.35
vista	0.10	1.12
shirts	0.10	1.33
begin	0.10	1.49
fish	0.10	1.20
ignore	0.10	1.44
popping	0.10	1.60
kadomatsu	0.10	0.96
hair	0.10	1.02
sandwich	0.10	1.12
playing	0.11	1.08
played	0.11	1.04
inconvenience	0.11	1.35
ceramic	0.11	1.09
peach	0.11	1.12
argyle	0.11	1.04
kitchen	0.11	1.10
nl	0.11	0.96
easily	0.11	1.31
single	0.11	1.20
ninja	0.11	1.16
years	0.11	1.17
mummy	0.11	1.04
breed	0.11	1.37
they	0.11	1.79
re-opening	0.11	1.85
tv	0.11	1.14
usually	0.11	1.23
56	0.11	1.32
knowing	0.11	1.44
got	0.11	1.72
net	0.11	1.17
required	0.11	1.84
make	0.11	1.32
hero	0.12	0.92
disney	0.12	1.24
uhm	0.12	1.24
pot	0.12	1.07
without	0.12	1.21
roof	0.12	1.25
lotus	0.12	1.24
locker	0.12	1.22
counter	0.12	1.11
papa	0.12	1.15
helps	0.12	1.23
second	0.12	1.97
mini	0.12	1.14
axe	0.12	1.20
sunrise	0.12	1.08
low	0.12	1.32
wearing	0.12	1.07
links	0.12	1.40
round	0.12	1.47
sproid	0.12	1.16
phew	0.13	1.76
varia	0.13	0.90
samurai	0.13	1.01
player	0.13	1.16
cabana	0.13	1.04
bananas	0.13	1.18
g	0.13	1.28
fruit	0.13	1.28
chosen	0.13	1.42
pear	0.13	1.23
bringing	0.13	1.45
museum	0.13	1.37
3rd	0.13	1.57
bag	0.13	1.19
username	0.13	1.37
gym	0.13	1.05
part	0.13	1.65
alt	0.13	1.56
pics	0.13	0.90
toilet	0.13	1.08
emporium	0.13	1.14
duped	0.13	1.30
sleep	0.13	1.67
gongoid	0.13	1.19
rooms	0.13	1.19
sofa	0.13	1.08
placed	0.13	1.22
important	0.14	1.18
toad	0.14	1.02
parasol	0.14	0.94
bathroom	0.14	1.12
hairpin	0.14	1.04
lunar	0.14	1.08
tank	0.14	1.00
clock	0.14	1.06
pockets	0.14	1.23
using	0.14	1.49
huh	0.14	1.67
machine	0.14	1.06
fyi	0.14	1.24
mush	0.14	1.06
500	0.14	1.30
stereo	0.14	1.17
nebuloid	0.14	1.06
experience	0.14	1.30
including	0.14	1.19
tee	0.14	0.99
ooo	0.14	1.44
fertilizer	0.14	1.34
odd	0.14	1.70
narnia	0.14	1.51
hot	0.14	1.11
sort	0.14	1.31
cicada	0.14	1.10
drum	0.14	1.01
from	0.14	1.41
camera	0.14	1.14
32	0.14	1.31
holding	0.14	1.20
plant	0.14	1.24
cacao	0.14	1.02
table	0.15	1.07
picnic	0.15	1.03
drink	0.15	1.10
spend	0.15	1.11
model	0.15	1.13
bed	0.15	1.10
pants	0.15	0.88
types	0.15	1.19
chocolates	0.15	1.11
growing	0.15	1.35
photo	0.15	1.07
excited	0.15	0.98
ultra	0.15	1.10
37	0.15	1.24
named	0.15	1.41
pwp	0.15	1.28
game	0.15	1.16
triforce	0.16	0.91
35	0.16	1.31
version	0.16	1.18
addition	0.16	1.40
kappa	0.16	1.01
hunting	0.16	1.23
faster	0.16	1.40
25	0.16	1.37
quicker	0.16	1.28
bench	0.16	1.09
screen	0.16	1.04
laying	0.16	1.34
cart	0.16	1.13
wheat	0.16	1.23
boots	0.16	0.90
prize	0.16	1.38
shirt	0.16	0.95
bonsai	0.16	1.03
31	0.17	1.13
sisters	0.17	1.09
cycle	0.17	1.42
flower	0.17	1.13
junk	0.17	1.28
others	0.17	1.34
lol	0.17	2.31
sagittarius	0.17	1.06
1.2	0.17	1.58
dresser	0.17	1.06
neither	0.17	1.44
build	0.17	1.28
7/11	0.17	1.05
large	0.17	1.11
arrived	0.17	1.70
hmm	0.17	1.68
wetsuit	0.17	1.07
slushie	0.17	0.99
999,999	0.17	1.20
axes	0.17	1.26
shoes	0.17	1.02
spoken	0.17	1.36
bell	0.17	1.08
folk	0.17	0.96
chair	0.18	1.08
dot	0.18	1.00
retail	0.18	1.26
muumuu	0.18	1.10
tables	0.18	1.22
not	0.18	1.62
board	0.18	1.09
lots	0.18	1.25
lace	0.18	1.08
39	0.18	1.22
um	0.18	1.35
sapling	0.18	1.40
during	0.18	1.07
closer	0.18	1.44
cap	0.18	0.96
bath	0.18	1.11
carry	0.18	1.23
keeping	0.18	1.29
classic	0.18	1.01
advice	0.18	1.16
plaid	0.18	0.96
transfer	0.18	1.31
blossoming	0.18	1.03
24	0.18	1.18
18	0.18	1.37
sprout	0.18	1.06
ages	0.18	1.41
buffet	0.18	1.08
necessary	0.19	1.30
savings	0.19	1.17
cant	0.19	1.56
moon	0.19	1.00
with	0.19	1.71
r/actrade	0.19	1.21
bid	0.19	1.02
today	0.19	1.40
outside	0.19	1.42
toaster	0.19	1.05
almost	0.19	1.44
aha	0.19	2.16
suit	0.19	0.93
bookcase	0.19	1.02
present	0.19	1.23
bundle	0.19	1.21
winner	0.19	1.44
xp	0.19	1.83
globe	0.19	1.03
months	0.19	1.40
dont	0.19	1.61
helmet	0.19	0.93
planning	0.19	1.30
platter	0.19	1.07
breeding	0.19	1.33
dig	0.19	1.27
nope	0.19	2.12
bathhouse	0.19	1.03
mobile	0.19	1.68
tag	0.20	1.77
desk	0.20	1.05
banana	0.20	1.04
flowers	0.20	1.19
wherever	0.20	1.31
mask	0.20	0.92
replace	0.20	1.06
split	0.20	1.42
sign	0.20	1.00
igloo	0.20	1.12
dogtooth	0.20	1.01
fairly	0.20	1.11
theme	0.20	0.82
tree-stump	0.20	1.12
veggie	0.21	1.03
afk	0.21	1.51
wont	0.21	1.57
account	0.21	1.37
awhile	0.21	1.35
steamed	0.21	1.07
full	0.21	1.19
t	0.21	1.09
watermelon	0.21	1.13
uniform	0.21	1.01
21	0.21	1.23
stool	0.21	1.12
abd	0.21	1.08
squid	0.21	1.07
hybrid	0.21	1.23
vintage	0.22	1.04
forget	0.22	1.48
crab	0.22	1.08
rush	0.22	2.10
ski	0.22	1.01
aries	0.22	0.98
find	0.22	1.37
catch	0.22	1.28
sugar	0.22	1.21
wardrobe	0.22	0.99
book	0.22	1.04
hood	0.22	0.97
congratulations	0.22	1.65
lamp	0.22	1.05
stripe	0.22	1.02
fi	0.22	0.93
vanity	0.22	0.98
re-tail	0.22	1.23
per	0.22	1.25
entering	0.23	1.40
our	0.23	1.51
umbrella	0.23	1.04
lying	0.23	1.28
17	0.23	1.32
weeks	0.23	1.37
maker	0.23	1.01
request	0.23	1.58
soft	0.23	1.19
bun	0.23	1.04
34	0.23	1.23
reopening	0.23	1.83
exit	0.23	1.35
understand	0.23	1.73
keep	0.24	1.52
flounder	0.24	1.17
play	0.24	1.13
stall	0.24	1.02
jungle	0.24	1.01
seeing	0.24	1.59
modern	0.24	0.99
catcher	0.24	1.04
firefly	0.24	0.98
afternoon-tea	0.24	0.90
eight	0.24	1.32
pacific	0.24	1.34
mint	0.24	1.04
aloha	0.24	0.99
ask	0.24	1.45
couch	0.24	0.99
summit	0.24	1.01
tan	0.24	1.07
jester	0.25	0.97
only	0.25	1.45
neck	0.25	1.18
hats	0.25	1.22
surface	0.25	1.05
urn	0.25	0.98
snowman	0.25	1.07
little	0.25	1.18
hang	0.25	1.86
ice	0.25	1.13
captain	0.25	0.90
barbecue	0.25	1.00
socks	0.25	1.04
aurora	0.25	0.92
look	0.25	1.44
tons	0.25	1.27
nine	0.25	1.31
sub	0.25	1.31
own	0.25	1.34
dropping	0.25	1.39
happen	0.25	1.41
cream	0.25	1.15
organized	0.25	1.08
visited	0.25	1.48
arent	0.25	1.52
tub	0.25	1.06
7-11	0.25	1.05
rex	0.26	1.13
clerk	0.26	1.04
shaved-ice	0.26	0.98
flashy	0.26	1.01
saplings	0.26	1.31
megacero	0.26	1.12
bouquet	0.26	1.14
velvet	0.26	0.96
iguanodon	0.26	1.12
uk	0.26	1.49
ukulele	0.26	1.05
view	0.26	1.14
party	0.26	0.98
nuggets	0.26	1.18
gift	0.26	1.02
huge	0.26	1.12
banner	0.26	0.88
36	0.26	0.95
cherry	0.26	0.96
cost	0.26	1.15
modpost	0.26	1.42
bushes	0.26	1.25
electric	0.26	0.99
wo	0.27	1.52
polka-dot	0.27	0.97
case	0.27	1.03
patchwork	0.27	1.00
mushroom	0.27	1.01
number	0.27	1.25
60	0.27	1.11
warning	0.27	1.24
scale	0.27	1.01
secondary	0.27	1.48
tower	0.27	0.91
off	0.27	1.49
cow	0.27	0.99
wedding	0.27	0.86
washer	0.27	0.97
atm	0.27	1.56
bags	0.27	1.26
lined	0.27	1.02
water	0.27	1.29
bloom	0.28	0.99
besides	0.28	1.23
ground	0.28	1.28
hold	0.28	1.41
dingloid	0.28	1.14
cancer	0.28	0.97
gyroids	0.28	1.08
kinds	0.28	1.23
tho	0.28	1.78
minitable	0.28	1.05
standard	0.28	1.21
fedora	0.28	1.00
reopened	0.28	1.87
pumps	0.28	0.94
stewpot	0.28	1.01
interest	0.28	1.40
clue	0.28	1.17
suitcase	0.28	0.88
bank	0.28	1.06
guessing	0.28	1.30
sabertooth	0.28	1.11
trips	0.28	1.16
tricera	0.28	1.11
tail	0.28	1.11
stego	0.28	1.11
torso	0.28	1.11
dimetrodon	0.28	1.11
bathtub	0.28	0.97
styraco	0.28	1.11
spino	0.28	1.11
parasaur	0.28	1.11
raptor	0.28	1.11
diplo	0.28	1.11
apato	0.28	1.11
archelon	0.28	1.11
mammoth	0.28	1.11
gingham	0.28	0.93
native	0.28	1.19
fan	0.29	1.17
mortar	0.29	1.06
jellyfish	0.29	1.07
fossil	0.29	1.21
public	0.29	1.20
unorderable	0.29	1.17
heck	0.29	1.27
fruits	0.29	1.19
noodles	0.29	1.03
candle	0.29	1.19
wand	0.29	1.17
aquarius	0.29	0.87
ankylo	0.29	1.10
plesio	0.29	1.10
spa	0.29	1.01
47	0.29	1.19
ordering	0.29	1.31
winter	0.29	1.08
underwater	0.29	1.01
mail	0.29	1.42
plate	0.29	1.01
dolly	0.30	1.01
between	0.30	1.21
fingers	0.30	1.36
orderable	0.30	1.17
ranch	0.30	0.95
whirlpool	0.30	1.05
fossils	0.30	1.07
general	0.30	1.08
count	0.30	1.38
changing	0.30	1.08
pisces	0.30	0.94
congrats	0.30	1.38
selling	0.30	1.20
hagoita	0.30	0.98
scorpio	0.30	0.96
doll	0.30	0.90
wave	0.30	1.03
tea	0.31	1.02
songpyeon	0.31	0.97
kimbap	0.31	1.00
29	0.31	1.26
grass	0.31	1.01
delivery	0.31	1.19
samgyetang	0.31	0.98
up	0.31	1.68
sleek	0.31	0.97
dlcs	0.31	1.10
agent	0.31	1.04
22	0.31	1.19
suggest	0.31	0.98
apples	0.31	1.21
amp	0.31	1.06
organize	0.31	1.27
castle	0.31	0.98
ac	0.31	0.97
spooky	0.31	0.96
bush	0.31	1.29
spots	0.31	1.24
theres	0.31	1.15
cornucopia	0.31	0.87
lay	0.32	1.13
truth	0.32	1.09
orders	0.32	1.31
torch	0.32	1.07
kiddie	0.32	0.96
every	0.32	1.27
grape	0.32	0.95
football	0.32	1.09
allowed	0.32	1.23
traveling	0.32	1.25
royal	0.32	0.93
ladder	0.32	1.09
separate	0.32	1.14
turkey	0.32	0.99
perfect	0.32	1.20
violet	0.32	1.16
car	0.32	0.96
pears	0.32	1.19
retro	0.32	0.90
43	0.32	1.18
pansy	0.32	1.20
cherries	0.32	1.19
oranges	0.32	1.19
dab	0.33	1.01
fave	0.33	1.50
eastern	0.33	1.30
sea	0.33	1.01
chocolate	0.33	1.08
ago	0.33	1.35
try	0.33	1.62
serve	0.33	1.18
jack	0.33	1.13
awake	0.33	1.59
coffee	0.33	1.15
lily	0.33	1.17
exotic	0.33	0.95
pairs	0.33	1.22
kimono	0.33	0.94
clovers	0.33	1.07
parts	0.33	1.05
ring	0.33	1.14
after	0.33	1.62
premium	0.33	1.14
stationary	0.33	1.17
boot	0.33	1.36
grabbed	0.33	1.20
forth	0.33	1.13
central	0.34	1.32
ogre	0.34	0.83
yourself	0.34	1.19
tile	0.34	1.01
mermaid	0.34	0.97
sushi	0.34	1.06
sunflower	0.34	1.13
fountain	0.34	1.00
and/or	0.34	1.11
gulliver	0.34	0.89
pile	0.34	0.90
fluffy	0.34	0.93
life	0.34	0.99
peaches	0.34	1.18
ugh	0.34	1.40
batch	0.34	1.57
mountain	0.34	1.05
season	0.34	1.11
accepting	0.34	1.27
reorderable	0.35	1.24
acceptable	0.35	1.33
station	0.35	1.35
japanese	0.35	1.17
snow	0.35	0.99
46	0.35	1.22
cooker	0.35	1.06
host	0.35	1.07
preference	0.35	1.24
bopper	0.35	0.92
tulip	0.35	1.21
knickknack	0.35	0.97
tweeter	0.35	1.17
eat	0.35	1.44
eventually	0.35	1.32
rose	0.35	1.21
re-orderable	0.35	1.19
skyscraper	0.35	1.06
harp	0.35	0.92
usual	0.35	1.13
pizza	0.35	1.19
money	0.36	1.19
worth	0.36	1.13
confirm	0.36	1.34
hehe	0.36	2.17
robo	0.36	0.95
guitar	0.36	0.92
jacob	0.36	1.23
deluxe	0.36	0.94
bubblegum	0.36	1.14
chairs	0.36	1.12
wood	0.36	0.96
multiple	0.36	1.25
scoop	0.36	1.20
pinwheel	0.36	1.20
stocking	0.36	0.83
animal	0.36	1.12
out	0.36	1.24
an	0.36	1.36
laid	0.36	1.27
harvest	0.36	0.98
reorder	0.36	1.23
isnt	0.36	1.22
jingle	0.37	1.01
crowns	0.37	1.10
updo	0.37	0.88
toy	0.37	0.95
gmt	0.37	1.34
closing	0.37	1.75
cake	0.37	0.89
signatures	0.37	1.28
libra	0.37	0.91
14	0.37	1.34
vanilla	0.37	1.17
gemini	0.37	0.88
taurus	0.37	0.96
about	0.37	1.49
armoire	0.37	0.92
sahara	0.37	1.03
bureom	0.37	0.95
soft-serve	0.37	1.18
saharah	0.37	1.04
16	0.38	1.33
rice	0.38	0.96
sanshin	0.38	0.99
dango	0.38	0.98
bamboo	0.38	1.17
long	0.38	1.24
train	0.38	1.31
cosmo	0.38	1.21
cedar	0.38	1.28
merlion	0.38	0.98
persimmons	0.38	1.19
newsprint	0.38	0.83
panda	0.38	1.05
green	0.38	1.03
meteor	0.38	1.43
priority	0.38	1.20
outfit	0.38	0.83
non-native	0.38	1.14
visits	0.38	1.18
extras	0.38	1.10
twelve	0.39	0.99
nothing	0.39	1.45
berliner	0.39	0.98
steep	0.39	1.07
carp	0.39	0.87
cataloged	0.39	1.25
everything	0.39	1.35
capricorn	0.39	0.97
visitor	0.39	1.30
re-opened	0.39	1.73
coconuts	0.39	1.18
hibiscus	0.39	1.21
met	0.39	0.93
arrive	0.39	1.41
each	0.39	1.19
ton	0.39	1.21
eggplant	0.39	0.89
yellow	0.39	1.11
cabin	0.39	0.95
tteok	0.39	0.95
allow	0.39	1.13
basket	0.39	1.14
40	0.39	1.37
leaf	0.39	0.99
raccoon	0.39	0.91
wander	0.39	1.29
piece	0.39	1.08
virgo	0.40	0.88
wing	0.40	1.05
upgrade	0.40	1.23
trades	0.40	1.44
skull	0.40	1.09
bubble	0.40	1.14
light	0.40	1.05
pachy	0.40	1.09
ptera	0.40	1.09
marine	0.40	0.96
skip	0.40	1.62
loads	0.40	1.16
school	0.40	1.09
50	0.40	1.23
trying	0.40	1.22
high	0.40	1.06
item	0.40	1.08
astro	0.40	0.97
items	0.41	1.05
purple	0.41	1.20
does	0.41	1.24
event	0.41	0.98
kettle	0.41	0.93
lemons	0.41	1.17
patterns	0.41	0.94
astrology	0.41	1.03
x2	0.41	1.00
serious	0.41	1.11
bidding	0.41	1.05
13	0.41	1.37
blossom	0.41	0.87
roses	0.41	1.21
dlc	0.41	1.04
feel	0.41	1.67
charge	0.41	1.36
expecting	0.41	1.15
days	0.41	1.29
bunch	0.41	1.22
things	0.41	1.20
ornament	0.42	0.95
hahah	0.42	1.61
carnation	0.42	1.22
black	0.42	1.20
violets	0.42	1.21
wii	0.42	0.85
azalea	0.42	1.29
45	0.42	1.36
buying	0.42	1.19
hydrangea	0.42	1.29
new	0.42	1.02
lamps	0.42	1.18
easier	0.42	1.30
within	0.42	1.42
red	0.42	1.12
pieces	0.42	1.00
gamecube	0.42	1.01
throwing	0.43	1.07
cosmos	0.43	1.20
lillies	0.43	1.22
yule	0.43	0.90
carnations	0.43	1.20
road	0.43	1.01
pinks	0.43	1.25
bingo	0.43	1.15
mayors	0.43	1.16
pansies	0.43	1.22
minimalist	0.43	0.93
rolling	0.43	0.84
lemon	0.43	1.04
tulips	0.43	1.22
shoot	0.43	1.61
towns	0.44	1.25
claim	0.44	1.19
baskets	0.44	1.22
ordinance	0.44	0.95
fireworks	0.44	0.81
effort	0.44	1.06
merry	0.44	1.00
lilies	0.44	1.21
orange	0.44	1.19
marshmallow	0.44	0.91
sky	0.44	1.06
swirl	0.44	1.23
crossed	0.44	1.14
of	0.44	1.22
holly	0.45	1.30
wanting	0.45	1.25
olive	0.45	1.30
log	0.45	0.99
alpine	0.45	0.96
presents	0.45	1.10
tops	0.45	1.09
note	0.45	0.96
several	0.45	1.26
jump	0.45	1.23
continue	0.45	1.20
starts	0.45	1.31
forest	0.46	0.85
shoots	0.46	1.24
stuff	0.46	1.05
lantern	0.46	0.84
hahahaha	0.46	1.45
close	0.46	1.70
classes	0.46	1.07
38	0.46	1.04
ship	0.46	0.84
re-open	0.46	1.67
far	0.46	1.07
jacobs	0.46	1.13
pretty	0.46	1.11
pair	0.46	1.21
kagamimochi	0.46	0.81
blue	0.46	1.17
sound	0.46	1.27
future	0.46	1.47
map	0.47	0.92
mess	0.47	1.38
complete	0.47	1.27
shorts	0.47	0.80
world	0.47	0.86
flat	0.47	0.98
dx	0.47	1.47
milk	0.47	1.03
ladders	0.47	1.18
campus	0.47	1.03
olives	0.47	1.30
41	0.47	1.08
armchair	0.47	0.85
cataloguing	0.47	1.15
plus	0.47	1.11
series	0.47	0.99
waited	0.48	1.31
holiday	0.48	0.70
pink	0.48	1.21
regal	0.48	0.91
times	0.48	1.26
tiara	0.48	0.84
groups	0.48	1.23
ones	0.48	1.01
raining	0.48	1.27
longer	0.48	1.15
katrina	0.48	1.13
cst	0.49	1.29
interferes	0.49	1.50
festive	0.49	0.71
cucumber	0.49	0.80
pumpkin	0.49	1.08
paid	0.49	1.07
while	0.49	1.20
songs	0.49	1.01
hydrangeas	0.49	1.30
excuse	0.49	1.36
xd	0.49	1.80
pirate	0.49	0.93
piggy	0.50	0.98
edt	0.50	1.30
walls	0.50	0.96
furniture	0.50	0.98
azaleas	0.50	1.31
tights	0.50	0.85
bring	0.50	1.49
particular	0.50	1.23
sailor	0.50	0.89
place	0.50	1.26
hybrids	0.50	1.15
western	0.50	0.89
white	0.50	1.24
pst	0.50	1.26
est	0.51	1.28
indeed	0.51	1.70
stay	0.51	0.97
towards	0.51	1.10
think	0.51	1.28
rococo	0.51	0.93
frame	0.51	0.81
giveaways	0.51	1.11
sets	0.51	0.99
ball	0.51	0.83
vest	0.51	0.99
pictures	0.51	0.82
gifts	0.51	1.15
entire	0.51	0.99
anchor	0.52	0.85
as	0.52	1.63
pie	0.52	0.93
fast	0.52	0.96
extra	0.52	1.16
armor	0.52	0.85
rack	0.52	0.98
tokonoma	0.52	0.87
crossing	0.52	1.05
grabs	0.52	1.14
slider	0.52	0.86
seven	0.52	1.22
wheel	0.52	1.07
tree	0.52	0.82
sorted	0.52	1.29
lunch	0.52	1.34
badge	0.52	1.08
hours	0.52	1.34
expected	0.52	1.10
slightly	0.53	1.04
ordered	0.53	1.27
paying	0.53	1.06
bottled	0.53	0.76
these	0.53	1.25
deck	0.53	0.91
turn	0.53	1.70
yut	0.54	0.85
visitors	0.54	1.15
giving	0.54	1.08
rare	0.54	0.90
design	0.54	0.83
additional	0.54	1.01
specific	0.54	1.09
set	0.54	0.96
tt	0.54	1.19
strawberry	0.54	1.02
finished	0.54	1.49
49	0.54	0.96
rid	0.54	1.13
weeding	0.54	0.91
easy	0.55	0.89
notify	0.55	1.69
cyan	0.55	1.05
shaved	0.55	0.89
clover	0.55	0.93
means	0.55	0.93
project	0.55	1.14
masks	0.55	0.94
events	0.55	1.00
least	0.55	1.11
cat	0.55	0.72
apart	0.55	0.98
we	0.55	1.48
any	0.55	1.22
spares	0.55	1.07
week	0.56	1.06
contact	0.56	1.35
advised	0.56	1.49
meantime	0.56	1.81
wrap	0.56	1.31
currently	0.56	1.33
fav	0.56	1.13
eta	0.56	1.33
reviews	0.56	1.18
flooring	0.56	0.89
til	0.56	1.25
office	0.56	0.91
use	0.56	1.07
collecting	0.57	1.23
needing	0.57	1.19
cactus	0.57	0.85
which	0.57	1.15
mushrooms	0.57	0.97
collected	0.57	1.36
bat	0.57	1.03
balloons	0.57	1.11
middle	0.57	1.32
next	0.57	1.36
wait	0.57	1.25
heart	0.57	1.09
took	0.57	1.10
leo	0.57	0.89
quite	0.57	0.89
snapper	0.58	0.97
hour	0.58	1.27
spare	0.58	1.16
qr	0.58	0.88
consider	0.58	1.04
hurry	0.58	1.71
favourite	0.58	1.04
summer	0.58	1.13
15	0.58	1.33
ahh	0.59	1.70
boom	0.59	0.86
especially	0.59	0.86
altogether	0.59	1.15
pay	0.59	1.04
stack	0.59	0.97
9	0.59	1.23
adventure	0.60	0.84
brown	0.60	0.79
20	0.60	1.32
200	0.60	1.22
nah	0.60	1.75
haha	0.60	1.84
biggie	0.60	1.79
created	0.60	1.12
whole	0.60	0.93
lil	0.60	1.05
otherwise	0.60	1.34
layout	0.61	0.83
unless	0.61	1.12
takes	0.61	1.04
needed	0.61	1.05
offering	0.61	1.12
many	0.61	1.22
although	0.61	1.24
balloon	0.61	1.11
method	0.61	0.99
tester	0.62	0.79
around	0.62	1.27
plenty	0.62	1.01
six	0.62	1.19
business	0.62	1.10
half	0.62	1.28
hopefully	0.62	1.18
30	0.62	1.32
until	0.62	1.20
four	0.62	1.22
10-15	0.62	1.34
incredibly	0.62	1.13
min	0.62	1.38
five	0.62	1.26
indigo	0.62	1.11
together	0.63	1.19
gathered	0.63	1.30
bunny	0.63	1.09
mins	0.63	1.36
those	0.63	1.17
crystal	0.63	0.88
minutes	0.63	1.37
plz	0.63	1.47
10-20	0.63	1.36
stone	0.63	0.94
beans	0.63	0.85
finish	0.63	1.39
all	0.64	1.11
managed	0.64	1.08
reasonable	0.64	1.15
home	0.64	1.28
remodel	0.64	1.10
preferably	0.64	1.02
sailboat	0.64	0.77
till	0.64	1.21
ahead	0.64	1.72
15-20	0.64	1.32
enter	0.64	1.58
less	0.65	1.13
throw	0.65	1.10
manage	0.65	1.02
bit	0.65	1.06
care	0.65	1.17
anything	0.66	1.31
terribly	0.66	1.03
enough	0.66	1.04
shower	0.66	1.03
delivered	0.66	1.14
gathering	0.66	1.40
reopen	0.66	1.59
zelda	0.66	0.73
figurine	0.67	0.69
in	0.67	1.36
12	0.67	1.24
creepy	0.67	0.94
ta	0.67	1.31
some	0.67	1.15
3-4	0.67	1.26
three	0.67	1.20
rn	0.68	1.42
bump	0.68	1.01
class	0.68	1.21
might	0.68	1.10
dessert	0.68	0.74
lot	0.68	1.00
both	0.68	1.10
5-10	0.68	1.32
looking	0.68	1.17
couple	0.68	1.28
recommend	0.68	0.86
collect	0.69	1.21
do	0.69	1.39
wish	0.69	1.12
taking	0.69	1.02
gim	0.69	1.38
sunday	0.69	0.87
kinda	0.69	1.02
lullaboid	0.69	1.16
remind	0.69	1.40
p	0.69	1.65
trading	0.69	1.16
afternoon	0.70	0.83
9am	0.70	1.10
2-3	0.70	1.27
hahaha	0.70	1.57
ten	0.70	1.21
quick	0.70	1.20
4	0.70	1.21
y	0.70	1.09
trade	0.70	1.29
pick	0.70	1.21
two	0.71	1.20
completing	0.71	0.96
few	0.71	1.31
1	0.71	1.19
11	0.71	1.22
7	0.71	1.22
skeleton	0.71	0.84
lovely	0.71	0.70
redd	0.71	0.94
73	0.71	1.09
anytime	0.71	1.20
this	0.71	1.14
worked	0.72	1.30
missing	0.72	0.98
lower	0.72	0.86
6	0.72	1.21
8	0.72	1.22
no	0.72	1.64
2	0.72	1.21
10	0.72	1.25
11pm	0.73	1.16
2pm	0.73	1.14
5	0.73	1.23
favorite	0.74	0.93
reserve	0.74	1.19
payment	0.74	1.03
able	0.74	1.19
pm	0.74	1.17
p.m	0.74	1.17
noon	0.75	1.07
dogs	0.75	0.99
total	0.75	1.34
91	0.75	0.95
morning	0.75	0.90
wishlist	0.76	1.16
9pm	0.76	1.13
midnight	0.76	1.13
cataloging	0.76	0.91
mate	0.76	1.41
7pm	0.76	1.12
fair	0.76	1.04
perfectly	0.76	1.68
tips	0.77	0.88
kk	0.77	0.74
giveaway	0.77	0.85
prepare	0.77	1.24
night	0.77	0.84
8pm	0.77	1.12
its	0.77	1.31
finishing	0.77	1.17
interesting	0.77	0.71
maybe	0.78	1.12
4:30	0.78	1.13
message	0.78	1.48
order	0.79	1.12
throughout	0.79	0.87
likely	0.79	1.13
grab	0.79	1.20
5:30	0.79	1.12
town	0.79	1.12
either	0.79	1.25
song	0.79	0.68
4pm	0.79	1.07
monday	0.79	0.88
flamenco	0.80	0.67
k.k	0.80	0.72
barrel	0.80	1.00
anyway	0.80	1.47
1pm	0.80	1.06
minute	0.80	1.47
later	0.80	1.14
5pm	0.80	1.06
10pm	0.80	1.07
gather	0.80	1.26
provide	0.80	0.95
n.n	0.80	1.43
sometime	0.81	0.92
tonight	0.81	1.11
9:30	0.81	1.12
finally	0.81	1.06
uvu	0.81	1.21
b	0.81	0.91
hear	0.81	0.84
give	0.81	1.23
majora	0.81	0.82
3pm	0.81	1.05
waiting	0.81	1.15
quickly	0.82	1.11
pop	0.82	1.08
grabbing	0.82	1.30
get	0.82	1.14
6pm	0.82	1.06
go	0.82	1.28
higher	0.82	0.85
archived	0.83	1.04
n	0.83	1.24
acknowledge	0.83	1.24
sell	0.83	1.11
meeting	0.83	0.89
probably	0.83	1.03
god	0.84	0.99
need	0.84	1.18
tuesday	0.85	0.88
art	0.85	0.95
group	0.85	1.33
moment	0.85	1.33
bells	0.85	1.02
tomorrow	0.86	0.94
ahhhh	0.86	0.95
gon	0.86	1.22
wouldnt	0.86	0.97
polite	0.87	0.92
however	0.87	0.93
extremely	0.87	0.88
guys	0.87	0.80
hope	0.87	0.85
work	0.87	1.04
worries	0.88	1.52
derwin	0.88	0.86
added	0.88	1.87
that	0.89	1.43
done	0.89	1.47
m	0.89	1.31
birthday	0.90	0.78
sec	0.90	1.39
mines	0.90	1.03
snag	0.90	0.97
better	0.90	1.01
submitted	0.90	1.07
arrange	0.91	0.99
visiting	0.91	0.92
k	0.91	1.30
ps	0.91	0.72
take	0.91	1.11
should	0.91	1.21
drop	0.91	1.19
btw	0.92	0.84
possibly	0.92	0.76
ahhh	0.92	1.22
going	0.92	1.11
boxed	0.92	0.94
n__n	0.92	1.26
than	0.93	1.05
friday	0.93	0.73
headed	0.93	1.34
im	0.93	1.28
cooler	0.93	0.71
easiest	0.93	0.96
offer	0.93	1.00
sweet	0.93	1.11
available	0.94	1.18
thread	0.94	1.01
ratings	0.94	0.98
exchange	0.94	0.99
luck	0.94	0.89
em	0.94	1.19
weekend	0.94	0.69
miniature	0.95	0.91
accept	0.95	0.81
whatever	0.96	0.99
super	0.96	0.75
anyways	0.96	1.38
though	0.96	1.13
most	0.98	0.68
sandals	0.98	0.82
dude	0.98	0.86
p.s	0.98	0.81
negotiate	0.99	0.93
man	0.99	0.95
liked	0.99	0.51
hop	0.99	1.20
cats	0.99	0.56
once	0.99	1.34
saturday	0.99	0.67
fine	1.00	1.38
more	1.00	0.98
be	1.01	1.08
send	1.01	1.06
catalogue	1.02	0.90
urs	1.02	1.02
catalog	1.02	0.93
them	1.03	1.03
deliver	1.03	1.07
xo	1.03	0.92
meet	1.05	0.88
msg	1.05	1.18
donate	1.05	1.03
want	1.05	1.10
uwu	1.06	1.11
fake	1.06	1.26
cx	1.06	1.13
there	1.06	1.16
ancient	1.07	1.33
sculpture	1.07	0.87
rest	1.07	0.63
proof	1.08	0.90
iam	1.08	0.94
real	1.08	0.92
weed	1.08	0.75
back	1.09	1.11
being	1.09	0.81
versa	1.10	1.01
x	1.10	0.98
online	1.10	1.09
just	1.12	1.13
pls	1.12	0.89
problem	1.12	1.20
comfortable	1.13	0.89
yeah	1.13	1.20
heya	1.13	0.93
na	1.13	0.99
evening	1.13	0.59
whichever	1.13	0.77
r	1.14	0.86
prob	1.14	1.17
1:1	1.14	0.61
active	1.14	0.71
write	1.15	0.88
x3	1.15	0.83
good	1.15	1.07
soon	1.15	1.16
community	1.16	0.87
gt	1.16	0.84
then	1.16	1.06
am	1.16	0.97
candles	1.17	0.54
one	1.17	0.94
vice	1.17	1.00
holy	1.18	0.77
oki	1.18	1.06
return	1.18	1.03
ur	1.18	1.04
interested	1.18	1.03
also	1.19	1.21
u	1.19	0.95
forward	1.19	0.70
cute	1.20	0.45
joining	1.20	0.60
thats	1.20	1.06
lem	1.20	1.07
swap	1.21	0.89
kay	1.21	0.97
wen	1.21	1.04
okey	1.21	1.04
head	1.21	1.02
doing	1.22	0.75
thing	1.22	1.02
yea	1.23	1.04
r/ratemymayor	1.23	0.76
youre	1.23	1.01
opportunity	1.23	0.63
let	1.23	1.04
tell	1.24	1.04
mk	1.24	1.04
dokie	1.24	1.01
sounds	1.24	1.02
when	1.24	1.03
know	1.24	1.03
add	1.25	1.02
ill	1.25	0.99
ofc	1.25	0.99
holidays	1.25	0.78
opened	1.26	1.01
woo	1.26	0.72
poncho	1.26	0.54
ready	1.26	1.00
gates	1.26	1.00
buy	1.26	0.76
or	1.26	0.85
lmk	1.26	1.00
will	1.27	0.94
glad	1.27	0.70
okay	1.27	0.99
yep	1.27	0.97
cheers	1.27	0.76
are	1.27	0.97
flag	1.28	0.36
asap	1.28	0.95
tune	1.28	0.41
adding	1.28	0.98
too	1.28	0.60
wan	1.28	0.95
heading	1.28	0.94
right	1.28	0.95
absolutely	1.28	0.91
rather	1.28	0.82
ya	1.28	0.95
whenever	1.28	0.95
okie	1.28	0.95
really	1.29	0.51
doke	1.29	0.93
momentarily	1.29	0.93
alright	1.30	0.95
gate	1.30	0.94
alrighty	1.30	0.94
gotcha	1.30	0.89
cool	1.30	0.94
opening	1.30	0.93
now	1.30	0.93
insist	1.31	0.51
yup	1.31	0.92
awh	1.31	0.66
way	1.31	0.92
sure	1.31	0.92
day	1.32	0.53
re	1.32	0.92
free	1.32	0.94
course	1.33	0.90
prefer	1.33	0.71
excellent	1.33	0.89
o	1.33	0.72
hiya	1.33	0.85
ok	1.34	0.88
yes	1.34	0.88
still	1.34	0.99
works	1.34	0.74
shortly	1.34	0.87
whose	1.34	0.84
reviewed	1.35	0.70
whoa	1.35	0.60
c	1.35	0.86
okies	1.35	0.86
truly	1.38	0.66
dear	1.38	0.56
youd	1.39	0.82
probs	1.39	0.79
visit	1.39	0.85
possible	1.39	0.86
aw	1.40	0.74
deal	1.40	0.76
woah	1.40	0.54
aww	1.40	0.75
omw	1.40	0.78
chance	1.41	0.77
famous	1.41	0.79
shall	1.41	0.77
mayor	1.42	0.61
join	1.42	0.84
oo	1.43	0.66
statues	1.43	0.75
positive	1.43	0.56
swing	1.43	0.79
oooh	1.43	0.50
hosting	1.44	0.44
like	1.44	0.85
on	1.45	0.69
helping	1.45	0.44
goodness	1.45	0.54
over	1.46	0.77
problemo	1.46	0.68
moving	1.46	0.82
jolly	1.47	0.77
if/when	1.47	0.68
mind	1.47	0.56
link	1.47	0.58
very	1.47	0.43
hi	1.47	0.83
soooo	1.47	0.47
participating	1.48	0.40
wild	1.48	0.73
stop	1.48	0.80
gosh	1.49	0.60
inclined	1.49	0.57
tip	1.49	0.39
np	1.49	0.65
5/5	1.49	0.51
awe	1.49	0.60
hello	1.49	0.82
ratemymayor	1.49	0.54
could	1.50	0.65
thx	1.50	0.55
come	1.50	0.83
participate	1.50	0.60
willing	1.50	0.79
kind	1.51	0.58
page	1.51	0.53
yours	1.51	0.58
coming	1.51	0.63
by	1.51	0.74
hey	1.51	0.70
enjoyed	1.52	0.30
hooray	1.52	0.57
convenient	1.52	0.48
mine	1.52	0.53
may	1.52	0.79
tysm	1.52	0.57
advance	1.53	0.42
kindly	1.54	0.40
basic	1.54	0.69
3	1.55	0.53
help	1.55	0.45
statue	1.55	0.71
w	1.56	0.39
genuine	1.56	0.68
mystic	1.56	0.70
feedback	1.57	0.45
neat	1.57	0.24
helped	1.57	0.41
motherly	1.57	0.69
33	1.57	0.38
review	1.57	0.44
leave	1.58	0.44
rating	1.58	0.44
would	1.58	0.53
woohoo	1.58	0.41
please	1.58	0.60
rrm	1.58	0.44
yay	1.58	0.50
def	1.58	0.45
proper	1.59	0.66
omg	1.59	0.46
valiant	1.59	0.66
leaving	1.59	0.43
seriously	1.59	0.32
wistful	1.59	0.65
worthy	1.59	0.65
moody	1.59	0.61
graceful	1.59	0.65
scenic	1.59	0.65
rate	1.59	0.44
dynamic	1.60	0.64
rmm	1.60	0.42
left	1.60	0.41
so	1.60	0.38
dd	1.60	0.44
v	1.60	0.40
neutral	1.60	0.64
here	1.61	0.41
certainly	1.61	0.40
heres	1.61	0.41
calm	1.61	0.62
scary	1.61	0.62
linking	1.61	0.41
gallant	1.61	0.62
solemn	1.61	0.62
quaint	1.61	0.62
afterwards	1.61	0.54
sooo	1.61	0.34
serene	1.61	0.62
aswell	1.61	0.46
paintings	1.61	0.62
id	1.62	0.59
flowery	1.62	0.62
xx	1.62	0.45
warm	1.62	0.61
robust	1.62	0.61
generous	1.62	0.48
painting	1.62	0.61
beautiful	1.62	0.64
well	1.63	0.41
understanding	1.64	0.31
great	1.64	0.44
d	1.64	0.57
lt	1.64	0.36
n_n	1.65	0.32
rated	1.65	0.35
tyvm	1.65	0.37
helpful	1.65	0.39
fun	1.66	0.25
again	1.66	0.40
happily	1.67	0.44
ty	1.67	0.35
enjoy	1.67	0.28
stopping	1.67	0.33
patience	1.67	0.28
letting	1.67	0.33
welcome	1.67	0.36
gladly	1.68	0.41
thank-you	1.68	0.29
soo	1.68	0.31
333	1.68	0.31
favor	1.68	0.40
patient	1.69	0.29
common	1.69	0.55
definitely	1.69	0.43
pleasure	1.70	0.28
yw	1.70	0.30
thank	1.70	0.29
ooh	1.70	0.27
greatly	1.71	0.20
brilliant	1.71	0.45
thanks	1.72	0.28
kindness	1.72	0.26
much	1.72	0.25
generosity	1.73	0.27
appreciate	1.74	0.18
appreciated	1.77	0.21
thankyou	1.78	0.23
wow	1.78	0.14
grateful	1.81	0.15
wonderful	1.84	0.08
