hating	-4.12	0.91
retarded	-3.91	1.17
unlike	-3.89	1.07
butchered	-3.78	1.40
painful	-3.67	1.39
pity	-3.56	1.10
garbage	-3.49	1.58
blame	-3.44	1.67
crappy	-3.42	1.67
dislike	-3.41	1.61
shitty	-3.38	1.64
complaining	-3.31	1.42
censorship	-3.31	1.62
annoying	-3.27	1.04
censoring	-3.22	1.64
disgusting	-3.21	1.47
disappointing	-3.21	1.37
bad	-3.16	1.38
commie	-3.12	1.88
excuse	-3.12	1.46
subs	-3.11	1.89
circlejerk	-3.10	1.55
overhyped	-3.08	1.01
frustrating	-3.06	1.36
complain	-3.02	1.60
unfortunate	-3.02	1.32
sucks	-3.02	1.20
itt	-3.01	1.56
stupid	-2.97	1.52
haters	-2.96	1.54
confused	-2.96	2.10
downvote	-2.91	1.75
pathetic	-2.87	1.59
nina	-2.85	1.87
mess	-2.83	1.69
lazy	-2.81	1.54
inconsistent	-2.75	1.80
sucked	-2.74	1.47
bothers	-2.74	1.25
trash	-2.72	1.70
liking	-2.72	1.44
trainwreck	-2.72	1.78
ruined	-2.72	1.55
hatred	-2.71	1.45
people	-2.71	1.75
trust	-2.65	1.69
deserved	-2.63	1.48
suzaku	-2.63	1.89
downvoting	-2.61	1.35
responsible	-2.60	1.64
feel	-2.60	2.09
crap	-2.59	1.77
lackluster	-2.59	1.81
boring	-2.59	1.15
disappointed	-2.59	1.76
rushed	-2.58	1.25
mediocre	-2.58	1.81
lelouch	-2.57	1.88
frustrated	-2.56	1.95
dull	-2.55	1.18
shocked	-2.53	1.92
piss	-2.53	1.50
thin	-2.53	1.87
lame	-2.51	1.19
scared	-2.49	1.98
predictable	-2.49	1.25
arguing	-2.48	2.11
angry	-2.48	1.97
possibly	-2.47	1.66
apparently	-2.47	1.68
felt	-2.47	1.86
r2	-2.47	1.88
suck	-2.47	1.57
fanboy	-2.46	0.67
upset	-2.44	1.14
feels	-2.43	2.21
bug	-2.42	1.79
brutal	-2.42	1.72
me	-2.41	2.17
cringe	-2.41	2.02
hype	-2.40	1.60
made	-2.39	2.11
poor	-2.37	1.92
uninteresting	-2.37	1.15
annoyed	-2.35	1.30
unpopular	-2.35	0.98
makes	-2.35	2.15
agreed	-2.34	1.58
none	-2.34	1.76
dumb	-2.33	1.00
downvotes	-2.33	1.54
repetitive	-2.32	1.04
screwed	-2.31	1.93
thing	-2.31	1.92
shallow	-2.30	1.30
useless	-2.29	0.86
annoys	-2.29	2.04
uncomfortable	-2.28	1.80
bullshit	-2.28	1.20
obnoxious	-2.27	0.80
hurts	-2.27	2.24
except	-2.27	1.42
bitch	-2.25	1.48
dragged	-2.24	0.95
disliked	-2.24	2.09
insulting	-2.24	0.88
alot	-2.24	1.65
conflicted	-2.24	2.12
utter	-2.24	0.99
depressed	-2.24	2.18
recommending	-2.23	1.15
mentioning	-2.22	1.09
disagree	-2.22	2.33
criticize	-2.22	1.40
praise	-2.22	1.75
bland	-2.21	1.18
empty	-2.19	2.12
melodramatic	-2.19	1.15
bait	-2.18	0.69
contrived	-2.17	1.22
biggest	-2.17	2.04
pretentious	-2.16	1.01
runs	-2.16	2.22
reminds	-2.15	1.46
cry	-2.15	2.59
trolling	-2.14	1.43
meh	-2.13	1.74
forced	-2.12	1.03
commenting	-2.12	1.51
censor	-2.12	1.15
deserve	-2.11	1.74
ignorant	-2.11	0.92
cheap	-2.11	1.14
worried	-2.10	1.55
doctor	-2.10	1.96
bothered	-2.09	1.28
defending	-2.08	1.29
embarrassed	-2.07	1.46
wizard	-2.06	1.74
shed	-2.06	2.58
tears	-2.06	2.55
inb4	-2.05	1.80
represents	-2.05	2.08
forgettable	-2.04	1.24
nonsense	-2.04	1.25
meaningless	-2.04	1.05
bs	-2.04	1.14
feeling	-2.02	2.24
ever	-2.01	2.13
weak	-2.01	1.05
bitter	-2.01	2.22
tired	-2.00	0.86
fond	-2.00	1.24
cliche	-2.00	0.95
censored	-1.99	1.13
generic	-1.99	1.14
troll	-1.99	0.82
passion	-1.99	1.73
comparing	-1.99	1.01
wondering	-1.99	1.78
cried	-1.99	2.55
confusing	-1.98	1.19
matters	-1.98	2.63
kills	-1.98	2.53
implying	-1.97	2.29
saying	-1.97	2.65
pissed	-1.96	2.26
curious	-1.96	1.70
cheesy	-1.96	1.13
improvement	-1.96	2.18
flat	-1.95	1.33
whiny	-1.95	0.82
dangerous	-1.94	1.94
wasted	-1.94	0.93
talking	-1.94	1.83
tear	-1.93	2.63
downvoted	-1.91	1.58
afraid	-1.90	1.37
unrealistic	-1.90	1.15
convoluted	-1.90	1.18
redeeming	-1.90	1.52
idiot	-1.89	0.88
surprised	-1.89	1.54
everyone	-1.88	2.97
anger	-1.88	1.14
slow	-1.87	1.15
yuno	-1.86	1.59
hyped	-1.86	1.25
blind	-1.86	0.81
interested	-1.86	1.61
crying	-1.85	2.60
ignoring	-1.84	1.01
upvoted	-1.84	1.42
bored	-1.83	1.37
forgetting	-1.83	1.28
cares	-1.82	3.17
timing	-1.82	1.96
intrigued	-1.82	1.68
remind	-1.82	1.08
compared	-1.81	1.01
enjoys	-1.81	3.14
thinking	-1.81	1.84
unfair	-1.81	1.00
editing	-1.80	1.95
sure	-1.80	2.67
pacing	-1.80	2.07
everybody	-1.79	3.01
concerned	-1.77	1.60
says	-1.77	3.12
awkward	-1.77	1.11
fault	-1.77	2.38
thinks	-1.77	3.25
actively	-1.77	1.20
besides	-1.77	1.14
what	-1.76	2.79
pointless	-1.76	1.07
discussing	-1.76	1.41
likes	-1.76	3.28
lying	-1.75	2.53
chitanda	-1.75	2.10
who	-1.75	3.06
ashamed	-1.74	1.42
re	-1.74	2.86
talks	-1.74	3.17
socially	-1.74	0.90
somebody	-1.74	2.25
someone	-1.74	2.20
messing	-1.73	1.05
uncensored	-1.73	1.17
plain	-1.73	1.11
expecting	-1.73	1.79
prepare	-1.73	1.68
amazed	-1.73	1.58
immature	-1.72	0.77
anybody	-1.72	2.48
overrated	-1.72	0.76
watches	-1.72	3.11
ignored	-1.71	0.86
pandering	-1.71	0.94
anyone	-1.71	2.01
agrees	-1.71	3.21
else	-1.70	2.38
honest	-1.70	2.58
t_t	-1.70	2.49
sees	-1.69	3.25
remembers	-1.69	3.10
readers	-1.69	1.10
sadness	-1.69	1.51
understands	-1.68	3.21
lonely	-1.68	1.23
strongly	-1.68	1.10
ready	-1.68	1.42
nobody	-1.68	2.59
moment	-1.68	1.87
surprising	-1.68	1.80
selfish	-1.67	0.76
enjoying	-1.67	1.36
misaki	-1.67	2.34
tells	-1.67	3.21
unnecessary	-1.67	1.03
knows	-1.67	3.06
karma	-1.66	1.42
enjoy	-1.66	1.48
make	-1.66	1.57
dry	-1.66	0.95
fansubs	-1.65	1.39
ruin	-1.65	0.92
little	-1.65	1.25
exactly	-1.64	2.89
dropping	-1.64	0.99
hurt	-1.63	1.29
calls	-1.63	3.17
pile	-1.63	1.22
liked	-1.63	2.15
backwards	-1.63	2.53
pleased	-1.62	1.28
handle	-1.62	1.61
about	-1.61	2.03
hoping	-1.61	1.63
sub	-1.61	1.10
hoped	-1.60	1.19
agree	-1.60	2.83
waste	-1.60	1.08
talked	-1.60	1.72
users	-1.59	1.27
comments	-1.59	1.52
intentional	-1.58	2.35
reddit	-1.58	1.35
ignore	-1.58	1.42
recommend	-1.58	1.27
laughter	-1.58	1.97
talk	-1.58	1.68
compare	-1.57	1.58
incomplete	-1.57	1.18
cr	-1.57	1.33
m	-1.57	1.74
melodrama	-1.57	1.12
complete	-1.57	1.28
violence	-1.57	1.05
led	-1.57	0.59
despair	-1.56	1.06
emotional	-1.56	2.30
gore	-1.55	1.10
discuss	-1.54	1.56
believes	-1.54	3.06
fear	-1.54	1.02
joy	-1.53	1.76
wasting	-1.53	1.13
am	-1.53	1.61
calling	-1.52	1.31
fansub	-1.52	1.41
distracting	-1.52	0.87
treats	-1.51	3.01
rude	-1.51	1.04
closest	-1.51	2.31
embarrassing	-1.51	1.21
wonder	-1.51	2.12
glad	-1.50	1.74
point	-1.50	2.54
suggesting	-1.50	1.51
disappointment	-1.49	0.95
myself	-1.49	1.46
releases	-1.49	1.26
bugs	-1.49	0.76
rage	-1.49	1.07
groups	-1.49	1.24
mentally	-1.48	0.94
helping	-1.48	2.13
going	-1.48	2.08
treat	-1.47	0.96
oblivious	-1.47	0.78
everytime	-1.47	1.78
happening	-1.47	2.00
confusion	-1.47	1.04
prepared	-1.47	1.49
burst	-1.47	1.89
crunchy	-1.46	1.31
clue	-1.46	2.09
stating	-1.46	2.86
stomach	-1.46	1.59
them	-1.46	1.75
tsunderes	-1.46	1.75
overwhelming	-1.46	0.85
jealous	-1.46	1.32
pumped	-1.45	1.43
prefer	-1.45	0.81
childish	-1.44	0.88
ending	-1.44	2.09
telling	-1.44	1.42
fine	-1.44	2.53
guessing	-1.44	1.99
naive	-1.43	0.73
justified	-1.43	2.65
discussion	-1.43	1.32
upvote	-1.43	1.51
usually	-1.42	0.72
bother	-1.42	1.90
personally	-1.42	1.38
wondered	-1.42	1.55
draws	-1.42	1.99
argue	-1.42	2.00
upvotes	-1.42	1.41
told	-1.42	1.85
adaption	-1.41	1.00
underrated	-1.41	0.83
he/she	-1.40	2.26
excitement	-1.40	1.25
cc	-1.40	0.99
rip	-1.40	0.99
geass	-1.40	1.28
jerk	-1.40	0.81
pain	-1.40	1.03
broke	-1.39	1.46
suffers	-1.39	1.02
tell	-1.39	1.97
respond	-1.39	1.65
know	-1.39	2.20
seem	-1.39	1.50
obvious	-1.39	1.73
why	-1.39	2.14
pretend	-1.38	2.13
remember	-1.38	2.08
happens	-1.38	2.07
desperate	-1.38	1.15
code	-1.38	1.28
insult	-1.38	1.28
getting	-1.37	1.39
person	-1.37	1.91
explain	-1.36	1.90
recall	-1.36	1.86
care	-1.36	1.89
knew	-1.36	1.94
happened	-1.36	1.93
convenient	-1.36	1.17
see	-1.35	2.01
expect	-1.35	2.02
imagine	-1.35	2.01
he	-1.35	2.32
anything	-1.35	1.97
understand	-1.35	1.97
gory	-1.35	1.14
realise	-1.35	2.93
knowing	-1.35	2.07
said	-1.35	1.89
looking	-1.34	1.66
seemed	-1.34	1.19
stuck	-1.34	0.89
absolute	-1.34	1.68
mention	-1.34	1.80
happen	-1.33	2.03
graphic	-1.33	1.07
biased	-1.33	1.45
sometimes	-1.33	1.02
aware	-1.33	1.95
forum	-1.32	1.22
inferior	-1.32	1.08
horribly	-1.32	1.15
whenever	-1.32	1.27
unless	-1.31	2.20
inclined	-1.31	1.66
pretending	-1.31	1.65
identify	-1.31	1.38
forget	-1.31	2.02
making	-1.31	1.46
convince	-1.31	1.68
bit	-1.31	1.31
him	-1.30	2.21
remembering	-1.30	1.32
believe	-1.30	2.10
figure	-1.30	1.86
negative	-1.30	1.29
needless	-1.30	0.87
invested	-1.30	1.53
likely	-1.30	1.75
seeing	-1.30	1.53
stop	-1.30	1.44
mean	-1.29	2.23
stick	-1.29	1.30
turn	-1.29	1.12
holes	-1.29	1.16
gets	-1.28	0.90
rentaro	-1.28	0.78
prevent	-1.28	1.01
void	-1.28	1.48
admit	-1.28	1.90
salty	-1.28	2.29
never	-1.28	1.62
say	-1.27	2.13
happiness	-1.27	1.78
anymore	-1.27	2.02
pleasantly	-1.27	1.40
something	-1.26	2.07
entertained	-1.26	1.43
official	-1.26	1.22
fans	-1.26	1.00
being	-1.25	0.97
call	-1.25	1.71
leave	-1.25	1.31
drag	-1.25	0.94
we	-1.25	2.03
right	-1.25	3.01
did	-1.25	2.10
ironic	-1.25	1.01
dont	-1.24	1.87
asshole	-1.24	0.85
does	-1.24	1.90
kind	-1.24	1.30
find	-1.23	1.78
anywhere	-1.23	1.78
lacking	-1.23	1.44
tend	-1.23	0.89
depression	-1.23	1.00
asking	-1.23	1.68
deny	-1.22	1.85
borderline	-1.22	0.84
secretly	-1.22	2.80
laughing	-1.21	1.82
worse	-1.21	1.07
rape	-1.21	0.79
matter	-1.21	2.13
emotionally	-1.21	1.15
nudity	-1.21	0.99
screaming	-1.21	1.75
possible	-1.20	1.50
pupa	-1.20	0.78
justify	-1.20	1.43
basically	-1.20	1.33
watamote	-1.20	0.97
pause	-1.19	1.33
help	-1.19	1.75
normally	-1.19	1.48
even	-1.19	2.03
case	-1.19	1.97
explains	-1.19	1.71
translations	-1.19	1.50
had	-1.19	1.37
nothing	-1.19	1.86
finding	-1.18	1.26
missing	-1.18	1.91
discussions	-1.18	1.21
treatment	-1.18	0.82
realize	-1.18	2.01
preferred	-1.18	0.84
supposed	-1.18	2.28
expected	-1.18	1.68
notice	-1.17	1.89
now	-1.17	2.11
fat	-1.17	0.78
teenager	-1.17	0.82
irrelevant	-1.17	1.50
minority	-1.17	1.24
betrayal	-1.17	0.94
would	-1.17	1.96
others	-1.16	1.52
brings	-1.16	1.49
ask	-1.16	1.76
relate	-1.16	1.51
guarantee	-1.16	1.74
release	-1.16	0.99
guilt	-1.15	1.27
debate	-1.15	1.81
honestly	-1.15	1.93
reads	-1.15	2.40
watcher	-1.15	1.08
get	-1.15	1.69
rarely	-1.15	0.96
assume	-1.14	2.44
received	-1.14	1.02
consensus	-1.14	1.47
disturbing	-1.14	1.14
pull	-1.14	1.17
discussed	-1.14	1.33
immortal	-1.14	0.86
how	-1.13	2.00
left	-1.13	1.43
yet	-1.13	1.64
breath	-1.13	1.77
fair	-1.13	2.36
suffered	-1.13	0.87
writing	-1.13	2.24
brought	-1.13	1.15
topic	-1.12	1.39
avoided	-1.12	0.87
fucked	-1.12	1.09
offensive	-1.12	0.93
miss	-1.12	2.02
emotions	-1.12	1.21
sense	-1.11	1.39
idea	-1.11	1.90
forward	-1.11	1.28
could	-1.11	1.91
either	-1.11	2.07
ca	-1.11	1.82
heard	-1.11	1.58
funi	-1.11	1.14
porn	-1.11	0.79
abusive	-1.10	0.61
messed	-1.10	1.21
think	-1.10	2.18
attempt	-1.10	1.39
want	-1.10	1.92
mentioned	-1.10	1.44
actually	-1.09	1.95
cliches	-1.09	0.85
community	-1.09	1.10
filled	-1.08	1.16
excited	-1.08	2.45
more	-1.08	1.28
harsh	-1.08	1.08
kira	-1.08	0.78
doubt	-1.08	1.96
bring	-1.08	1.43
slightest	-1.08	1.15
difference	-1.08	1.14
edgy	-1.08	0.97
nerd	-1.08	0.84
avoiding	-1.08	1.02
noticing	-1.07	1.03
dick	-1.07	0.91
thankfully	-1.07	0.95
sitting	-1.07	1.23
repeating	-1.07	1.22
pervert	-1.07	0.76
regret	-1.07	1.19
considering	-1.07	1.47
treated	-1.06	0.84
will	-1.06	1.82
ngnl	-1.06	2.42
anytime	-1.06	1.68
attached	-1.06	1.27
gem	-1.06	0.80
risk	-1.05	0.95
immersion	-1.05	0.79
himself	-1.05	2.41
d	-1.05	1.92
subreddits	-1.05	1.11
inevitable	-1.05	0.98
hook	-1.04	1.05
mindless	-1.04	0.78
weeaboo	-1.04	0.96
abuse	-1.04	0.74
already	-1.04	1.51
morally	-1.04	2.64
ruins	-1.04	0.79
seen	-1.04	1.53
nowhere	-1.03	0.89
affected	-1.03	0.82
continue	-1.03	1.67
suffering	-1.03	0.89
hope	-1.03	1.86
experienced	-1.03	0.98
loud	-1.03	1.50
stereotypical	-1.03	0.77
shock	-1.02	0.98
asks	-1.02	3.24
keep	-1.02	1.63
given	-1.02	0.99
ve	-1.02	1.54
coincidence	-1.02	1.49
glance	-1.02	1.00
go	-1.02	1.66
believed	-1.01	1.59
fan	-1.01	0.91
recommended	-1.01	1.15
everything	-1.01	1.63
broken	-1.01	1.04
replying	-1.01	1.84
barely	-1.01	1.58
masterpiece	-1.01	1.14
consider	-1.01	1.75
tbh	-1.01	1.24
should	-1.01	1.97
incest	-1.00	0.73
worry	-1.00	2.15
maybe	-1.00	2.08
explicitly	-1.00	1.57
heck	-1.00	1.80
opinions	-1.00	1.65
avoid	-1.00	1.26
gives	-1.00	1.18
where	-1.00	1.80
thoroughly	-1.00	1.19
wont	-1.00	1.85
potentially	-0.99	0.96
since	-0.99	1.57
otherwise	-0.99	1.89
because	-0.99	2.03
script	-0.98	1.34
any	-0.98	0.96
asked	-0.98	1.93
physically	-0.98	0.82
version	-0.98	1.00
complaints	-0.98	1.45
us	-0.98	1.23
partly	-0.98	1.16
putting	-0.98	1.24
shown	-0.98	1.33
gay	-0.98	0.85
r/anime	-0.97	1.13
things	-0.97	1.45
practically	-0.97	0.82
havent	-0.97	1.32
kept	-0.97	1.38
violent	-0.97	0.79
lolicon	-0.97	0.72
replies	-0.97	1.57
guess	-0.97	3.05
having	-0.97	1.12
rolling	-0.97	0.75
somehow	-0.96	1.30
issues	-0.96	0.97
pure	-0.96	0.86
need	-0.96	1.85
been	-0.96	1.37
lately	-0.96	1.14
caused	-0.96	0.77
shut	-0.96	0.75
let	-0.96	1.85
deus	-0.95	1.05
deaths	-0.95	0.87
torrents	-0.95	0.96
understood	-0.95	1.81
saves	-0.95	2.19
convinced	-0.95	1.56
easily	-0.95	1.43
caught	-0.95	1.31
stated	-0.95	1.46
dense	-0.94	0.77
excessive	-0.94	0.85
became	-0.94	1.00
watch	-0.94	1.60
causing	-0.94	0.75
ruining	-0.94	0.86
defend	-0.94	1.56
receive	-0.94	0.98
realizing	-0.94	2.01
rebellion	-0.94	0.93
failure	-0.94	0.99
watchers	-0.94	0.93
deserves	-0.94	0.94
trauma	-0.94	0.89
whatever	-0.93	2.10
friend	-0.93	2.23
can	-0.93	1.79
atleast	-0.93	1.34
wants	-0.93	3.23
severe	-0.93	0.89
posting	-0.93	1.24
always	-0.93	1.63
suffer	-0.93	0.87
frankly	-0.93	1.21
running	-0.93	0.97
busy	-0.93	1.23
reader	-0.93	0.98
downhill	-0.92	0.95
yourself	-0.92	1.67
satisfied	-0.92	2.60
suicide	-0.92	0.99
pulling	-0.92	0.94
commit	-0.92	1.03
crushed	-0.92	0.77
cant	-0.92	1.82
suggested	-0.92	1.33
come	-0.92	1.62
gotten	-0.92	1.40
while	-0.92	1.48
less	-0.91	1.17
cared	-0.91	2.75
way	-0.91	1.72
reason	-0.91	1.68
available	-0.91	1.01
subbed	-0.91	1.12
intend	-0.91	1.80
stands	-0.91	1.18
nostalgia	-0.91	0.90
much	-0.91	1.58
disappoint	-0.91	1.74
catch	-0.90	1.60
mental	-0.90	0.91
someday	-0.90	1.69
fact	-0.90	1.91
picking	-0.90	1.29
spoiling	-0.90	1.43
quit	-0.90	0.92
might	-0.90	1.98
laugh	-0.90	1.77
must	-0.90	1.86
try	-0.89	1.72
wouldnt	-0.89	1.74
explaining	-0.89	1.44
realizes	-0.89	3.23
waiting	-0.89	1.24
requiem	-0.89	0.92
decide	-0.88	1.84
really	-0.88	1.91
couldnt	-0.88	1.53
run	-0.88	0.95
strikes	-0.88	0.82
got	-0.88	1.41
died	-0.88	1.48
hardly	-0.88	1.35
cruel	-0.88	0.94
laughed	-0.88	1.47
ll	-0.88	1.87
wished	-0.87	1.12
impressed	-0.87	1.38
benefit	-0.87	0.93
criticism	-0.87	1.68
to/mention	-0.87	1.11
again	-0.87	1.68
threads	-0.87	1.21
rather	-0.87	1.18
anohana	-0.87	1.72
urge	-0.87	1.59
suggest	-0.87	1.31
warned	-0.86	1.31
concern	-0.86	1.37
viewers	-0.86	0.90
sexual	-0.86	0.82
ourselves	-0.86	1.65
stress	-0.86	0.85
watching	-0.86	1.41
revenge	-0.86	1.06
streams	-0.86	0.97
contribute	-0.86	1.23
spoil	-0.86	1.43
whether	-0.86	2.04
walks	-0.86	1.50
allow	-0.86	1.27
formula	-0.86	0.87
stood	-0.86	0.98
doesnt	-0.86	1.61
cause	-0.85	1.30
subreddit	-0.85	1.18
bastard	-0.85	0.95
tentacle	-0.85	0.75
enjoyed	-0.85	2.10
minded	-0.85	0.94
heart	-0.85	1.41
or	-0.85	1.65
device	-0.85	0.99
forcing	-0.85	1.55
slightly	-0.85	1.14
credit	-0.84	0.95
blown	-0.84	0.94
hopefully	-0.84	1.57
hold	-0.84	1.29
catching	-0.84	1.28
unfortunately	-0.84	1.63
touched	-0.84	1.06
tad	-0.84	1.20
torture	-0.84	0.79
storm	-0.84	0.73
acknowledge	-0.84	1.60
blatant	-0.84	0.85
desire	-0.83	1.41
throw	-0.83	1.17
raw	-0.83	0.95
thought	-0.83	1.90
take	-0.83	1.52
probably	-0.83	1.86
emotion	-0.83	1.12
whereas	-0.83	0.61
assumed	-0.83	1.99
struggling	-0.83	1.12
fast	-0.82	0.96
joking	-0.82	3.07
abandoned	-0.82	0.87
asap	-0.82	1.51
without	-0.82	1.31
wasnt	-0.82	1.30
torn	-0.82	1.17
clearly	-0.82	1.89
almost	-0.82	1.16
faithful	-0.82	1.12
comparison	-0.82	1.06
id	-0.82	1.68
push	-0.82	1.24
result	-0.82	0.98
hollow	-0.82	1.12
carry	-0.82	1.31
meta	-0.81	1.18
legal	-0.81	0.95
pushed	-0.81	0.94
stopping	-0.81	1.23
involved	-0.81	0.83
downloading	-0.81	0.91
dimensional	-0.81	1.15
commented	-0.81	1.35
than	-0.81	1.05
filthy	-0.81	0.90
banned	-0.80	1.20
emperor	-0.80	0.82
threw	-0.80	0.71
harm	-0.80	1.38
issue	-0.80	1.19
sooo	-0.80	2.16
constant	-0.80	0.85
friendship	-0.80	0.71
legally	-0.80	0.96
pushing	-0.80	1.14
tends	-0.80	0.93
allowed	-0.80	1.17
yaoi	-0.79	0.58
put	-0.79	1.43
author	-0.79	1.09
worth	-0.79	1.57
attracted	-0.79	0.91
literally	-0.79	1.18
streaming	-0.79	1.00
sooner	-0.79	1.57
turns	-0.79	0.91
elsewhere	-0.79	1.40
she	-0.79	3.01
forums	-0.79	1.01
trying	-0.79	1.88
posts	-0.79	1.18
impossible	-0.79	1.48
constantly	-0.79	1.09
manage	-0.78	1.68
appear	-0.78	1.16
start	-0.78	1.54
helped	-0.78	1.69
recognize	-0.78	1.75
complaint	-0.78	1.60
illegal	-0.78	0.97
creepy	-0.78	1.00
depressing	-0.78	2.40
stretch	-0.78	1.39
fetish	-0.78	0.73
stock	-0.78	0.84
tragic	-0.78	2.06
blatantly	-0.77	1.55
possibility	-0.77	1.21
crowd	-0.77	0.71
directly	-0.77	1.20
hitler	-0.77	0.75
tried	-0.77	1.63
blu-ray	-0.77	0.89
gateway	-0.77	0.70
react	-0.77	1.30
posted	-0.77	1.24
enough	-0.77	1.57
curiosity	-0.77	1.13
death	-0.76	0.76
sorta	-0.76	1.16
translated	-0.76	1.12
breaks	-0.76	0.98
murder	-0.76	0.70
improved	-0.76	1.75
showed	-0.76	1.22
blu-rays	-0.76	0.87
killing	-0.76	1.05
controversial	-0.76	1.09
problem	-0.76	1.49
twisted	-0.76	1.06
tl	-0.75	0.85
active	-0.75	1.07
stream	-0.75	0.96
dying	-0.75	1.32
finds	-0.75	3.10
vocal	-0.75	2.12
shocking	-0.75	1.35
devices	-0.75	0.96
buy	-0.75	0.89
vibes	-0.75	0.95
clannad	-0.75	1.75
27	-0.75	1.18
afaik	-0.75	0.90
violation	-0.75	1.03
trope	-0.75	0.72
harems	-0.75	0.54
delayed	-0.75	0.94
infamous	-0.75	1.03
doing	-0.75	1.94
better	-0.75	1.16
absurd	-0.75	1.08
easier	-0.75	1.40
sexually	-0.74	0.94
fan-service	-0.74	0.74
depends	-0.74	1.71
websites	-0.74	0.93
soon	-0.74	1.54
another	-0.74	1.70
bds	-0.74	0.86
attacking	-0.74	0.81
repeated	-0.74	0.85
wanted	-0.74	1.99
crunchyroll	-0.74	0.99
goes	-0.74	0.98
exception	-0.73	0.85
thread	-0.73	1.20
presumably	-0.73	1.55
streams/downloads	-0.73	1.05
critically	-0.73	0.98
saving	-0.73	1.56
killed	-0.73	1.52
pick	-0.73	1.64
initially	-0.73	1.33
only	-0.73	1.59
sensou	-0.73	0.87
die	-0.73	1.47
when	-0.73	1.47
perhaps	-0.73	1.83
cycle	-0.73	0.66
safe	-0.73	1.75
letting	-0.73	1.45
pussy	-0.72	0.94
managed	-0.72	1.76
lot	-0.72	0.99
throws	-0.72	1.50
desperately	-0.72	1.56
classroom	-0.72	0.78
needs	-0.72	1.87
steal	-0.72	0.95
wanting	-0.72	1.93
dunno	-0.72	1.80
blu	-0.72	0.87
unrelated	-0.72	1.00
casually	-0.72	1.17
themselves	-0.72	1.67
quickly	-0.72	1.01
extent	-0.72	1.07
hanging	-0.71	1.03
ray	-0.71	0.88
4chan	-0.71	0.98
inside	-0.71	1.03
instance	-0.71	1.10
craft	-0.71	0.84
report	-0.71	1.24
tropes	-0.71	0.76
mentions	-0.71	1.83
perverted	-0.71	0.76
linking	-0.71	0.98
unofficial	-0.71	0.97
viewer	-0.71	1.23
r/manga	-0.71	1.22
hits	-0.71	1.09
according	-0.71	1.31
bringing	-0.71	1.13
torrent	-0.71	0.93
ex	-0.71	0.97
ran	-0.71	0.92
begin	-0.71	1.48
newer	-0.71	0.85
room	-0.71	1.04
accomplish	-0.71	1.35
discover	-0.71	1.35
hes	-0.71	0.79
frequently	-0.71	0.96
hard	-0.71	1.51
break	-0.71	1.08
rules	-0.70	1.10
bd	-0.70	0.88
subtitles	-0.70	1.45
hiding	-0.70	1.05
needed	-0.70	1.72
attempted	-0.70	1.57
unable	-0.70	1.62
known	-0.70	1.01
latter	-0.70	1.18
able	-0.70	1.65
pointing	-0.70	1.87
speed	-0.70	1.00
flip	-0.70	0.96
sleeping	-0.70	1.13
imagination	-0.70	1.09
ones	-0.70	1.18
bluray	-0.70	0.89
responses	-0.70	1.42
met	-0.69	1.53
translation	-0.69	1.66
assassination	-0.69	0.77
follow	-0.69	1.30
searching	-0.69	1.19
attention	-0.69	0.86
hole	-0.69	0.94
type	-0.69	0.58
r/animesuggest	-0.69	1.35
pointed	-0.69	1.42
random	-0.69	0.78
ive	-0.69	1.42
deal	-0.68	1.37
helps	-0.68	1.72
here	-0.68	1.19
judge	-0.68	1.55
murdered	-0.68	1.38
claim	-0.68	1.96
leaves	-0.68	1.40
give	-0.68	1.16
impression	-0.68	1.31
prove	-0.68	1.77
translating	-0.68	1.51
somewhat	-0.68	1.22
taking	-0.68	1.28
expert	-0.68	1.20
submission	-0.68	1.19
guessed	-0.68	1.41
fill	-0.68	1.14
par	-0.67	1.19
seemingly	-0.67	0.98
turning	-0.67	0.90
excluding	-0.67	0.75
hardcore	-0.67	0.77
planning	-0.67	1.36
removed	-0.67	1.19
leaving	-0.67	1.32
amnesia	-0.67	0.76
archetype	-0.67	0.69
ban	-0.67	1.17
move	-0.67	1.12
open	-0.66	1.02
captured	-0.66	1.10
forgotten	-0.66	1.49
sidebar	-0.66	1.14
meet	-0.66	1.50
throwing	-0.66	0.90
due	-0.66	0.93
all	-0.66	1.51
showing	-0.66	1.28
buying	-0.66	0.85
rush	-0.66	0.96
disbelief	-0.66	0.95
reading	-0.66	0.97
hide	-0.66	1.26
visit	-0.66	1.04
wrote	-0.66	1.14
regarded	-0.66	0.85
nor	-0.66	1.50
too	-0.66	1.43
willing	-0.66	1.91
once	-0.66	1.44
referenced	-0.66	1.23
belong	-0.65	1.18
mom	-0.65	1.48
hit	-0.65	1.15
sadly	-0.65	1.55
giving	-0.65	1.07
sites	-0.65	0.93
relies	-0.65	0.76
anime-related	-0.65	1.15
sets	-0.65	0.86
protect	-0.65	1.85
refuse	-0.65	1.64
appears	-0.65	1.16
rule	-0.65	1.09
rant	-0.65	1.29
attempts	-0.64	1.87
found	-0.64	1.17
fanart	-0.64	1.15
teasing	-0.64	1.14
partially	-0.64	1.56
dvd	-0.64	0.86
expectations	-0.64	0.91
definitely	-0.64	1.62
holds	-0.64	1.06
faults	-0.64	1.15
dealing	-0.63	0.88
pulls	-0.63	1.08
become	-0.63	0.91
raped	-0.63	0.79
ridiculous	-0.63	1.07
despite	-0.63	1.07
agk	-0.63	0.95
then	-0.63	1.47
hitting	-0.63	1.12
attempting	-0.63	1.92
whatsoever	-0.63	0.88
mod	-0.63	1.23
problems	-0.63	1.00
destroyed	-0.63	0.73
plan	-0.63	1.33
allowing	-0.63	1.44
content	-0.63	1.11
archetypes	-0.63	0.77
angel	-0.63	1.30
plenty	-0.62	0.88
suspect	-0.62	1.63
becoming	-0.62	0.93
weekly	-0.62	1.14
expensive	-0.62	0.85
albeit	-0.62	1.11
c.c	-0.62	1.21
ryuuji	-0.62	2.20
general	-0.62	0.81
flaw	-0.62	1.19
significantly	-0.62	1.03
sort	-0.62	0.98
services	-0.62	0.93
faster	-0.62	0.97
essentially	-0.62	1.04
decided	-0.62	1.91
afterstory	-0.62	1.70
cutting	-0.62	1.00
same	-0.62	1.64
far	-0.62	1.54
corner	-0.62	1.11
upon	-0.62	0.85
knock	-0.62	1.34
twists	-0.61	0.98
check	-0.61	1.44
recommendation	-0.61	1.20
hospital	-0.61	1.03
na	-0.61	1.74
manages	-0.61	1.84
hulu	-0.61	0.95
tries	-0.61	1.97
may	-0.61	1.98
fail	-0.61	1.46
destruction	-0.61	0.73
checking	-0.61	1.11
realized	-0.61	1.54
careful	-0.60	1.32
express	-0.60	1.07
health	-0.60	0.83
majority	-0.60	0.89
regard	-0.60	0.97
netflix	-0.60	0.98
yelling	-0.60	1.37
strict	-0.60	1.05
re-watch	-0.60	1.55
recognized	-0.60	1.14
mods	-0.60	1.21
overly	-0.60	1.12
rec	-0.60	1.20
puts	-0.60	1.02
officially	-0.60	0.95
cheaper	-0.60	0.84
reset	-0.60	0.83
justice	-0.60	0.93
vary	-0.60	1.27
positive	-0.60	1.19
succeed	-0.59	1.32
bloody	-0.59	0.96
nowadays	-0.59	0.84
breakdown	-0.59	1.00
optimistic	-0.59	2.58
improve	-0.59	1.12
occasionally	-0.59	0.93
leading	-0.59	0.81
post	-0.59	1.37
unexpected	-0.59	2.19
lesser	-0.59	0.87
existed	-0.59	1.44
free	-0.58	0.93
heroine	-0.58	0.70
supposedly	-0.58	1.41
clean-up	-0.58	1.28
dubbing	-0.58	1.18
imply	-0.58	1.92
mistaken	-0.58	3.20
stabbed	-0.58	0.95
beforehand	-0.58	1.21
save	-0.58	1.59
harder	-0.58	1.25
generally	-0.58	0.93
wish	-0.58	1.15
dvds	-0.58	0.85
awhile	-0.58	1.43
pizza	-0.58	0.90
obviously	-0.58	1.80
standing	-0.58	1.02
down	-0.57	1.02
site	-0.57	0.90
resist	-0.57	1.55
skipped	-0.57	0.98
differ	-0.57	1.32
including	-0.57	0.72
tuesdays	-0.57	1.13
skips	-0.57	1.09
licensed	-0.57	0.90
machina	-0.57	1.13
loss	-0.57	0.85
iirc	-0.57	1.14
eventually	-0.57	1.31
license	-0.57	0.93
arguments	-0.57	2.02
funimation	-0.57	0.98
kinda	-0.57	1.37
chaos	-0.56	0.80
gon	-0.56	1.39
connected	-0.56	1.01
megathread	-0.56	1.13
fanbase	-0.56	0.86
beats	-0.56	1.33
arbitrary	-0.56	1.37
prison	-0.56	0.72
noticed	-0.56	1.44
opportunity	-0.56	1.70
individuals	-0.56	1.04
allows	-0.56	1.54
deeply	-0.56	1.20
user	-0.56	0.98
protecting	-0.56	1.45
twist	-0.56	1.19
folks	-0.56	1.17
load	-0.56	1.03
internet	-0.56	0.82
seems	-0.55	1.37
escape	-0.55	1.15
opens	-0.55	1.09
laws	-0.55	0.87
locked	-0.55	0.85
one	-0.55	2.67
failing	-0.55	1.34
fanservice	-0.55	0.70
failed	-0.55	1.44
acts	-0.55	1.37
mc	-0.55	0.77
out	-0.55	1.38
praised	-0.55	0.97
kid	-0.54	0.66
along	-0.54	1.18
events	-0.54	1.07
edition	-0.54	0.87
amazon	-0.54	0.88
picks	-0.54	0.97
links	-0.54	1.07
sells	-0.54	0.84
exist	-0.54	1.71
difficult	-0.54	1.00
dad	-0.54	1.49
blood	-0.54	0.70
major	-0.54	0.94
region	-0.54	0.86
jack	-0.54	0.58
accept	-0.54	1.65
popular	-0.54	0.77
requests	-0.54	1.39
towards	-0.54	0.92
appeared	-0.54	1.20
mind	-0.53	1.84
fails	-0.53	1.82
born	-0.53	0.83
sticking	-0.53	1.06
subscription	-0.53	0.92
originally	-0.53	1.42
ptsd	-0.53	0.80
reminding	-0.53	1.57
wan	-0.53	1.80
nagisa	-0.53	1.57
sources	-0.53	1.01
comes	-0.53	1.14
traps	-0.53	0.86
came	-0.53	1.18
widely	-0.53	0.86
intended	-0.53	1.56
remembered	-0.53	1.56
hence	-0.53	1.29
depend	-0.52	1.17
massively	-0.52	0.97
kanon	-0.52	1.41
holding	-0.52	0.94
meets	-0.52	2.20
regularly	-0.52	0.92
unlikely	-0.52	1.20
effect	-0.52	0.94
habit	-0.52	1.20
fool	-0.52	0.82
greatest	-0.52	2.77
terribly	-0.52	1.17
course	-0.52	1.87
vastly	-0.52	0.99
read	-0.52	0.87
sacrifice	-0.52	1.31
amounts	-0.52	0.77
altogether	-0.52	0.79
meanwhile	-0.52	1.23
starter	-0.51	0.71
finally	-0.51	1.69
fashion	-0.51	0.94
regardless	-0.51	1.58
changed	-0.51	0.85
continued	-0.51	1.07
writers	-0.51	1.25
attacked	-0.51	0.89
ordered	-0.51	0.89
import	-0.51	0.83
walk	-0.51	0.92
hamatora	-0.51	0.78
tease	-0.51	0.83
sonico	-0.51	0.82
dead	-0.50	1.41
otaku	-0.50	0.90
box	-0.50	0.83
recommendations	-0.50	1.30
selling	-0.50	0.84
apply	-0.50	1.29
continuing	-0.50	1.02
short	-0.50	0.71
taken	-0.50	1.37
define	-0.50	1.77
exposition	-0.50	1.10
peoples	-0.50	1.13
screentime	-0.49	0.83
back	-0.49	1.28
states	-0.49	1.25
trend	-0.49	0.88
solve	-0.49	1.15
condition	-0.49	0.84
most	-0.49	1.22
shows	-0.49	0.95
edge	-0.49	0.92
jarring	-0.49	1.20
opinion	-0.49	2.01
overpowered	-0.49	0.85
write	-0.49	1.15
intentionally	-0.49	1.35
saved	-0.49	1.59
sick	-0.49	1.95
fma	-0.49	0.84
licensing	-0.48	0.90
from	-0.48	0.91
pride	-0.48	0.79
resolved	-0.48	0.94
saazbaum	-0.48	1.24
expand	-0.48	1.19
situations	-0.48	0.98
paid	-0.48	0.80
shinji	-0.48	0.65
disc	-0.48	0.84
highly	-0.48	1.06
button	-0.48	0.94
access	-0.47	0.90
busters	-0.47	1.25
topics	-0.47	1.12
manly	-0.47	1.77
laughs	-0.47	1.22
ln	-0.47	0.81
occur	-0.47	1.07
surely	-0.47	1.68
somewhere	-0.47	1.47
everywhere	-0.47	0.74
explained	-0.47	1.25
light	-0.47	0.78
cut	-0.47	0.86
change	-0.47	1.17
premium	-0.47	0.91
slaine	-0.47	1.26
apart	-0.47	0.92
hentai	-0.47	0.69
up	-0.47	1.26
suddenly	-0.47	1.01
weaker	-0.47	1.11
seek	-0.46	1.36
new	-0.46	1.07
tragedy	-0.46	1.17
child	-0.46	0.72
seat	-0.46	0.82
affect	-0.46	1.03
alive	-0.46	1.46
feed	-0.46	0.93
tons	-0.46	0.78
unknown	-0.46	0.99
mahou	-0.46	0.75
nobunaga	-0.46	0.78
future	-0.46	0.93
related	-0.46	1.14
explanation	-0.46	1.20
comics	-0.46	0.96
service	-0.46	0.78
learns	-0.46	2.15
poorly	-0.46	1.13
chair	-0.46	0.97
damage	-0.46	0.86
consisting	-0.46	1.14
becomes	-0.46	1.11
flaws	-0.46	1.17
reveals	-0.46	1.02
behavior	-0.45	0.83
door	-0.45	0.93
finish	-0.45	1.55
herself	-0.45	2.90
facebook	-0.45	0.91
lets	-0.45	1.68
further	-0.45	1.14
office	-0.45	0.89
mild	-0.45	0.88
shorter	-0.45	0.94
novels	-0.45	0.84
carrying	-0.45	0.95
nikki	-0.45	0.88
intention	-0.45	1.19
typical	-0.45	0.73
breaking	-0.45	0.84
mad	-0.45	1.34
notes	-0.45	0.92
hd	-0.45	0.93
wait	-0.45	1.33
immediately	-0.44	1.29
keeping	-0.44	1.27
didnt	-0.44	1.90
walking	-0.44	0.89
argument	-0.44	2.20
bound	-0.44	1.28
which	-0.44	1.65
sale	-0.44	0.83
mikakunin	-0.44	0.83
outside	-0.44	0.94
slowly	-0.44	0.93
pace	-0.44	1.01
causes	-0.44	0.86
twitter	-0.44	0.90
standard	-0.44	0.78
spending	-0.44	1.05
sakura	-0.44	1.02
kyubey	-0.44	0.97
into	-0.44	1.06
respect	-0.44	1.06
necessarily	-0.44	1.61
slower	-0.43	0.91
typically	-0.43	0.76
scream	-0.43	1.58
sudden	-0.43	0.89
apparent	-0.43	1.08
exaggerated	-0.43	0.89
pleasure	-0.43	0.88
rid	-0.43	1.00
peace	-0.43	1.05
blog	-0.43	1.04
superior	-0.43	0.92
cliffhanger	-0.42	1.25
uk	-0.42	0.87
often	-0.42	0.99
yato	-0.42	0.96
sell	-0.42	0.85
direct	-0.42	1.17
web	-0.42	0.81
near	-0.42	1.11
spare	-0.42	0.95
single	-0.42	1.33
shortly	-0.42	1.23
theres	-0.42	1.19
releasing	-0.42	0.89
predict	-0.42	1.68
request	-0.42	1.51
fillers	-0.42	0.95
implied	-0.42	1.16
spend	-0.42	1.06
quality	-0.42	1.60
viewed	-0.41	1.06
lns	-0.41	0.84
source	-0.41	0.87
prices	-0.41	0.82
witch	-0.41	0.79
sake	-0.41	0.97
falling	-0.41	0.80
rights	-0.41	0.88
hinted	-0.41	1.31
exposure	-0.41	0.69
drugs	-0.41	0.70
objectively	-0.41	1.34
held	-0.41	0.95
released	-0.41	0.84
shonen	-0.41	0.69
forth	-0.41	0.89
loads	-0.41	0.74
ultimately	-0.41	1.10
halfway	-0.41	1.24
equal	-0.41	0.88
returns	-0.41	1.61
website	-0.41	0.87
belongs	-0.41	1.15
sex	-0.41	0.72
wiki	-0.41	1.07
quite	-0.41	1.34
anyway	-0.41	2.16
dango	-0.41	2.49
limited	-0.41	0.86
bought	-0.41	0.90
wikipedia	-0.40	1.22
christ	-0.40	1.78
sit	-0.40	1.12
handed	-0.40	0.84
reveal	-0.40	1.02
questionable	-0.40	1.52
moved	-0.40	0.96
advantage	-0.40	0.90
convey	-0.40	1.46
grows	-0.40	1.04
continues	-0.40	1.28
portray	-0.40	1.30
countless	-0.40	0.90
gap	-0.40	0.85
fairly	-0.40	1.12
mega	-0.40	1.08
consequences	-0.40	1.15
manga	-0.40	0.84
stopped	-0.39	1.31
meeting	-0.39	1.65
passed	-0.39	1.12
guaranteed	-0.39	1.15
extreme	-0.39	0.81
seifuku	-0.39	0.79
legs	-0.39	0.73
randomly	-0.39	1.09
rely	-0.39	0.86
lover	-0.39	0.92
responsibility	-0.39	1.03
bear	-0.39	0.62
chance	-0.39	1.56
relatively	-0.39	1.05
saw	-0.39	1.35
misunderstanding	-0.39	1.86
gone	-0.39	1.34
hail	-0.39	0.85
purchase	-0.39	0.83
chelsea	-0.39	1.07
off	-0.39	1.00
factors	-0.39	1.24
sarcastic	-0.39	1.35
reminder	-0.38	1.02
tomoko	-0.38	1.06
contact	-0.38	0.91
ongoing	-0.38	0.83
s2	-0.38	0.82
fucks	-0.38	1.14
stuff	-0.38	1.03
substance	-0.38	0.98
download	-0.38	0.89
social	-0.38	0.91
browsing	-0.38	1.09
merch	-0.38	0.94
survived	-0.38	1.40
gather	-0.38	0.96
backlog	-0.38	1.18
recently	-0.37	1.44
front	-0.37	0.91
wishes	-0.37	1.01
planned	-0.37	1.04
counts	-0.37	1.83
alone	-0.37	1.03
paying	-0.37	0.84
ahead	-0.37	1.42
offer	-0.37	1.02
his	-0.37	1.32
orders	-0.37	0.94
shall	-0.37	1.20
certainly	-0.36	1.55
immensely	-0.36	1.12
reasons	-0.36	1.05
plot	-0.36	1.27
longer	-0.36	1.08
end	-0.36	1.11
via	-0.36	0.89
acted	-0.36	1.45
brain	-0.36	0.91
published	-0.36	0.81
head	-0.36	1.13
jumps	-0.36	0.78
spoiled	-0.36	1.10
aot	-0.36	0.75
chances	-0.36	1.12
picked	-0.36	1.17
strongest	-0.36	2.86
niche	-0.36	0.76
adding	-0.36	1.05
largely	-0.36	1.09
writer	-0.36	1.25
teenage	-0.36	0.64
execution	-0.36	2.10
durarara	-0.36	0.76
following	-0.35	1.30
lovers	-0.35	0.73
s3	-0.35	0.91
differences	-0.35	1.06
price	-0.35	0.82
closed	-0.35	0.93
danger	-0.35	0.83
previously	-0.35	1.35
ended	-0.35	1.24
curse	-0.35	0.72
app	-0.35	0.85
elaborate	-0.35	1.44
example	-0.35	1.32
filler	-0.35	0.86
slight	-0.35	0.99
deciding	-0.35	1.48
physical	-0.35	0.90
revealed	-0.35	1.05
disappear	-0.35	1.14
staying	-0.35	0.97
duo	-0.35	0.73
ton	-0.34	0.81
stone	-0.34	0.53
switched	-0.34	0.96
her	-0.34	1.71
characterization	-0.34	1.56
press	-0.34	0.88
asseylum	-0.34	1.14
familiar	-0.34	1.36
average	-0.34	1.21
repeatedly	-0.34	0.89
syndrome	-0.34	0.82
weakness	-0.34	1.09
places	-0.34	1.02
bias	-0.34	1.42
answered	-0.34	1.65
luckily	-0.33	1.14
resolve	-0.33	1.01
send	-0.33	1.16
afford	-0.33	0.84
questions	-0.33	1.43
merchandise	-0.33	0.87
contrary	-0.33	2.32
creation	-0.33	0.88
circumstances	-0.33	1.18
subjective	-0.33	1.80
rewatch	-0.33	1.55
therefore	-0.33	1.38
mainstream	-0.33	0.75
proves	-0.33	1.69
extremely	-0.33	1.17
lots	-0.33	0.72
cash	-0.33	0.87
adaptions	-0.32	0.85
greatly	-0.32	1.05
line	-0.32	1.26
also	-0.32	1.62
overcome	-0.32	0.96
address	-0.32	1.33
reasoning	-0.32	1.70
drives	-0.32	0.69
introduce	-0.32	1.14
act	-0.32	1.00
shounen	-0.32	0.67
mission	-0.32	1.11
tiny	-0.32	0.84
soldiers	-0.32	0.82
among	-0.32	0.95
merely	-0.32	1.80
passing	-0.32	0.89
replace	-0.32	0.88
destroying	-0.32	0.83
issei	-0.32	0.63
adaptations	-0.32	0.84
fully	-0.32	1.49
carried	-0.32	1.01
material	-0.32	0.87
ups	-0.32	1.00
favor	-0.32	0.90
house	-0.32	0.93
instantly	-0.32	1.08
fake	-0.32	1.16
whom	-0.32	2.86
describing	-0.31	1.97
dog	-0.31	0.60
earlier	-0.31	1.38
hint	-0.31	1.27
called	-0.31	1.44
clarify	-0.31	2.15
statement	-0.31	2.45
stu	-0.31	0.83
pay	-0.31	0.84
sold	-0.31	0.83
self	-0.31	1.36
progresses	-0.31	0.89
terra	-0.31	1.00
afterwards	-0.31	1.33
prior	-0.31	1.10
closer	-0.31	0.93
window	-0.31	0.86
fellow	-0.31	1.18
referencing	-0.31	1.75
exists	-0.31	1.19
factor	-0.31	0.88
interpret	-0.30	1.76
realised	-0.30	1.45
fingers	-0.30	1.17
granted	-0.30	1.13
lolis	-0.30	0.62
etc	-0.30	0.72
deathnote	-0.30	0.68
although	-0.30	1.77
loose	-0.30	0.96
please	-0.30	1.67
chain	-0.30	1.06
intentions	-0.30	1.43
novel	-0.30	0.83
decision	-0.30	1.70
villains	-0.30	1.07
crime	-0.30	0.88
accident	-0.30	0.94
copyright	-0.30	0.92
mangas	-0.30	0.75
neck	-0.29	1.02
atm	-0.29	1.25
assuming	-0.29	3.39
starts	-0.29	1.08
producers	-0.29	0.94
amongst	-0.29	0.83
parent	-0.29	1.01
viewing	-0.29	0.95
cases	-0.29	0.98
measure	-0.29	1.25
dies	-0.29	2.69
based	-0.29	1.37
nasu	-0.29	1.05
ends	-0.29	1.05
esdeath	-0.29	0.99
specifically	-0.29	1.37
discovered	-0.29	1.21
wrap	-0.29	1.13
ruri	-0.29	3.02
whilst	-0.29	0.94
stops	-0.29	1.15
vibe	-0.29	0.90
aniplex	-0.29	0.87
knife	-0.29	0.87
hell	-0.29	1.94
incredibly	-0.29	1.19
applies	-0.28	1.29
thus	-0.28	1.01
audience	-0.28	0.74
opposite	-0.28	1.11
barrier	-0.28	0.81
mcs	-0.28	0.85
event	-0.28	0.91
rewatching	-0.28	1.55
fmab	-0.28	0.83
untagged	-0.28	1.33
comment	-0.27	1.85
hidden	-0.27	1.07
father	-0.27	1.27
though	-0.27	1.83
closely	-0.27	0.97
however	-0.27	1.73
opened	-0.27	0.97
started	-0.27	1.40
ideal	-0.27	0.96
criminal	-0.27	0.92
starting	-0.27	1.25
anime/manga	-0.27	0.85
adapt	-0.27	0.93
thrown	-0.27	0.73
memes	-0.27	0.98
points	-0.27	1.59
parents	-0.27	1.08
money	-0.27	0.91
least	-0.27	1.56
broadcast	-0.26	0.79
kamina	-0.26	0.84
vast	-0.26	0.86
actions	-0.26	1.45
dirty	-0.26	0.79
limits	-0.26	0.91
stand	-0.26	1.24
survive	-0.26	1.35
figures	-0.26	0.92
screenshots	-0.26	1.06
intent	-0.26	1.70
husband	-0.26	1.10
at	-0.26	1.63
swear	-0.26	1.35
train	-0.26	0.82
tumblr	-0.26	0.89
goodbye	-0.26	2.88
heavily	-0.26	0.90
gary	-0.26	0.81
blow	-0.26	0.83
audiences	-0.26	0.71
set	-0.26	0.87
simon	-0.26	0.79
account	-0.26	0.92
attitude	-0.26	0.79
deconstruction	-0.26	0.68
began	-0.26	1.08
mass	-0.25	0.78
your	-0.25	1.90
ripped	-0.25	0.81
lead	-0.25	0.81
time	-0.25	1.39
tatsumi	-0.25	1.01
occurs	-0.25	0.93
capture	-0.25	1.17
innocent	-0.25	0.73
hilariously	-0.25	1.07
advance	-0.25	1.16
assassins	-0.25	0.74
figured	-0.25	1.91
note	-0.25	0.71
forgive	-0.25	1.90
sent	-0.25	0.99
strange	-0.25	1.09
wife	-0.25	1.34
remove	-0.25	1.19
plans	-0.25	1.03
fandom	-0.24	0.84
surrounded	-0.24	1.07
bow	-0.24	0.79
state	-0.24	0.95
spoils	-0.24	0.94
jump	-0.24	0.80
reflect	-0.24	1.14
resources	-0.24	0.93
rurouni	-0.24	0.72
tokyo	-0.24	0.69
kenshin	-0.24	0.72
still	-0.24	1.66
group	-0.24	0.95
contract	-0.24	0.80
there	-0.24	1.46
drop	-0.24	1.25
sometime	-0.24	1.25
boyfriend	-0.24	1.63
manner	-0.24	1.08
wreck	-0.24	1.11
finger	-0.24	1.09
irl	-0.24	1.09
hearts	-0.24	1.02
protagonist	-0.24	0.87
seki-kun	-0.24	0.72
exposed	-0.23	0.84
promised	-0.23	1.33
struggle	-0.23	0.92
family	-0.23	1.05
handled	-0.23	0.88
page	-0.23	0.92
stole	-0.23	1.12
ami	-0.23	1.87
animals	-0.23	0.63
across	-0.23	0.82
corpse	-0.23	0.58
impact	-0.23	0.92
section	-0.23	1.05
linked	-0.23	1.04
achieve	-0.23	1.07
mikasa	-0.23	1.41
funniest	-0.23	2.68
turned	-0.23	0.96
raised	-0.23	0.90
animes	-0.23	1.10
question	-0.23	1.60
adults	-0.23	0.67
akane	-0.23	1.11
walked	-0.23	0.85
grow	-0.23	0.99
paced	-0.22	1.10
shoot	-0.22	0.99
creating	-0.22	1.05
representation	-0.22	0.99
lesbian	-0.22	0.58
incident	-0.22	0.79
casual	-0.22	0.71
straight	-0.22	0.95
beings	-0.22	0.86
stronger	-0.22	1.07
bath	-0.22	0.83
offering	-0.22	1.29
daughter	-0.22	1.26
balls	-0.22	0.75
subject	-0.22	1.65
referring	-0.22	3.38
confirm	-0.22	1.73
very	-0.22	1.17
requires	-0.22	0.97
conversation	-0.22	1.16
lied	-0.21	0.59
leads	-0.21	0.71
addition	-0.21	0.85
news	-0.21	0.86
went	-0.21	1.05
written	-0.21	1.17
deals	-0.21	0.86
glass	-0.21	0.89
link	-0.21	1.04
preference	-0.21	1.68
remotely	-0.21	1.32
business	-0.21	1.10
kicked	-0.21	0.79
decisions	-0.21	1.48
exceptions	-0.21	1.07
ability	-0.21	1.18
makishima	-0.21	0.91
r/onetruetatsuya	-0.21	0.96
hands	-0.21	0.90
surprise	-0.21	0.83
naturally	-0.21	1.01
reach	-0.21	1.01
smaller	-0.21	0.84
real	-0.21	0.93
shou	-0.21	0.64
appreciate	-0.21	1.74
dark	-0.21	0.99
inaho	-0.21	1.12
pulled	-0.21	0.76
hiatus	-0.21	0.89
regarding	-0.20	1.21
claims	-0.20	1.99
burning	-0.20	0.74
erika	-0.20	1.12
removing	-0.20	1.00
forever	-0.20	1.07
significant	-0.20	0.96
spirit	-0.20	0.74
depending	-0.20	1.17
burned	-0.20	0.81
proven	-0.20	1.78
display	-0.20	0.89
yandere	-0.20	0.60
australia	-0.19	0.88
existing	-0.19	1.03
admittedly	-0.19	1.14
identity	-0.19	0.92
tv	-0.19	0.80
sole	-0.19	0.95
spent	-0.19	1.16
weakest	-0.19	2.69
1080p	-0.19	0.92
canada	-0.19	0.89
diary	-0.19	0.71
arms	-0.19	0.97
sticks	-0.19	0.86
add	-0.19	1.23
remains	-0.19	1.00
crossed	-0.19	1.03
perception	-0.19	1.12
investment	-0.19	0.87
included	-0.19	0.87
hobby	-0.19	0.74
blast	-0.19	0.77
destroy	-0.19	0.86
vns	-0.19	0.82
harem	-0.19	0.70
schedule	-0.19	0.92
aired	-0.19	1.00
minus	-0.19	0.76
adaptation	-0.19	0.85
brother	-0.19	1.07
classics	-0.19	0.84
macros	-0.18	1.09
dreams	-0.18	0.97
products	-0.18	0.84
contains	-0.18	0.94
desk	-0.18	0.89
goal	-0.18	1.19
slap	-0.18	0.79
inspiration	-0.18	0.77
elfen	-0.18	0.59
trained	-0.18	0.93
staring	-0.18	1.04
dedicated	-0.18	0.89
lowest	-0.18	1.13
covered	-0.18	0.87
entirely	-0.18	1.54
interpreted	-0.18	2.14
sending	-0.18	1.19
mainly	-0.18	0.83
books	-0.17	0.78
roll	-0.17	0.92
mature	-0.17	0.74
soldier	-0.17	0.82
kids	-0.17	0.67
drunk	-0.17	1.08
grown	-0.17	0.84
deliver	-0.17	1.25
removal	-0.17	1.59
raise	-0.17	1.05
limit	-0.17	0.92
behind	-0.17	1.07
carries	-0.17	0.93
situation	-0.17	1.07
teens	-0.17	0.66
function	-0.17	0.94
hand	-0.17	1.08
create	-0.17	1.10
support	-0.17	1.19
binge	-0.17	1.50
mother	-0.17	1.00
speaks	-0.17	1.66
bottom	-0.17	1.21
teenagers	-0.16	0.66
cousin	-0.16	1.05
alien	-0.16	0.68
princess	-0.16	1.03
lmao	-0.16	1.40
weight	-0.16	0.96
patch	-0.16	0.86
armor	-0.16	0.65
wild	-0.16	0.74
secret	-0.16	0.94
exclusive	-0.16	0.88
and/or	-0.16	0.90
personal	-0.16	1.54
beaten	-0.16	0.91
introduced	-0.16	1.06
judgement	-0.16	1.52
around	-0.16	1.09
myanimelist	-0.16	0.94
europe	-0.16	0.89
reviews	-0.15	1.14
tonari	-0.15	0.71
minor	-0.15	1.11
territory	-0.15	0.85
kite	-0.15	0.85
massive	-0.15	0.85
include	-0.15	0.95
translate	-0.15	1.69
trouble	-0.15	1.31
jumping	-0.15	0.77
crack	-0.15	1.46
before	-0.15	1.48
force	-0.15	1.09
whatnot	-0.15	0.75
accepted	-0.15	1.29
aside	-0.15	0.86
mini	-0.15	0.88
checked	-0.15	0.99
goddamn	-0.15	1.76
growing	-0.15	0.92
outcome	-0.15	1.18
belief	-0.15	1.40
guard	-0.15	0.86
wave	-0.15	0.98
promote	-0.14	0.86
heads	-0.14	1.02
begins	-0.14	1.05
darker	-0.14	0.64
thousands	-0.14	0.76
killer	-0.14	0.69
appeal	-0.14	0.76
mr	-0.14	0.80
includes	-0.14	0.87
reference	-0.14	1.28
provides	-0.14	0.92
cough	-0.14	0.72
hug	-0.14	1.06
present	-0.14	0.89
provide	-0.14	1.51
portion	-0.14	0.86
town	-0.14	0.88
patience	-0.14	0.90
royal	-0.14	0.89
sales	-0.14	0.86
tuesday	-0.14	1.06
involve	-0.14	0.82
flower	-0.14	1.25
contain	-0.14	0.86
bitches	-0.14	0.90
trick	-0.14	0.68
leg	-0.14	0.90
foot	-0.14	0.82
option	-0.14	1.13
wo	-0.14	1.54
nearly	-0.14	1.05
next	-0.14	1.27
monthly	-0.13	0.69
yuuji	-0.13	1.28
suggestions	-0.13	1.54
suppose	-0.13	2.24
table	-0.13	0.73
steins	-0.13	0.71
comfortable	-0.13	1.36
noticeable	-0.13	1.02
powerful	-0.13	0.83
creator	-0.13	1.09
every	-0.13	1.43
facts	-0.13	2.09
dig	-0.13	1.29
coming	-0.13	1.05
profit	-0.13	0.86
ground	-0.13	0.89
country	-0.13	0.89
whats	-0.13	2.01
guts	-0.13	0.77
announced	-0.13	0.94
snk	-0.13	0.78
local	-0.13	0.86
alike	-0.13	0.79
upcoming	-0.13	0.89
villain	-0.13	0.92
mindset	-0.13	1.05
facing	-0.13	0.96
obsession	-0.12	0.71
blowing	-0.12	0.84
count	-0.12	1.09
comparisons	-0.12	0.98
living	-0.12	0.79
dare	-0.12	1.31
togane	-0.12	1.08
prime	-0.12	0.87
gate	-0.12	0.69
spiral	-0.12	0.69
trains	-0.12	0.74
conclusion	-0.12	1.19
regular	-0.12	0.79
delete	-0.12	1.68
shooting	-0.12	0.91
shame	-0.12	1.68
pack	-0.12	0.75
guide	-0.12	1.09
offers	-0.12	0.99
thrones	-0.12	0.67
usa	-0.12	0.90
increase	-0.12	1.02
television	-0.12	0.80
lacks	-0.12	1.17
lack	-0.12	1.02
solely	-0.12	1.18
bigger	-0.12	0.87
update	-0.12	1.18
followed	-0.11	0.93
floor	-0.11	1.00
hints	-0.11	1.11
imperial	-0.11	0.95
yours	-0.11	1.96
placed	-0.11	0.86
ordinary	-0.11	0.64
changes	-0.11	0.95
magazine	-0.11	0.72
gantz	-0.11	0.59
moves	-0.11	0.83
birth	-0.11	0.75
breaker	-0.11	0.79
imo	-0.11	1.23
legitimate	-0.11	1.50
sister	-0.11	1.01
boob	-0.11	0.69
watched	-0.11	1.53
ugh	-0.11	1.46
arm	-0.11	0.89
childhood	-0.11	1.08
book	-0.11	0.84
scenario	-0.10	1.02
subtle	-0.10	1.14
remake	-0.10	0.81
copies	-0.10	0.82
dubbed	-0.10	1.06
germany	-0.10	0.93
isnt	-0.10	1.33
sekai	-0.10	0.73
mangaka	-0.10	0.97
burn	-0.10	0.82
foreshadowing	-0.10	1.11
lie	-0.10	1.61
punch	-0.10	0.86
tier	-0.10	1.08
genuine	-0.10	1.19
evil	-0.10	0.88
badly	-0.10	1.12
pirate	-0.09	0.76
prevalent	-0.09	0.87
instead	-0.09	1.36
big	-0.09	0.89
low	-0.09	1.37
laptop	-0.09	0.81
adapted	-0.09	0.87
em	-0.09	1.69
truth	-0.09	1.33
kicks	-0.09	0.82
touching	-0.09	2.26
determined	-0.09	0.99
rainbow	-0.09	0.73
spoilers	-0.09	1.17
darkness	-0.09	0.63
portrayed	-0.09	1.00
mari	-0.09	0.79
created	-0.09	0.97
america	-0.09	0.91
critical	-0.09	1.23
reached	-0.08	0.90
continuity	-0.08	1.10
dr	-0.08	0.64
connection	-0.08	0.90
command	-0.08	0.76
moral	-0.08	1.25
grasp	-0.08	1.64
simply	-0.08	1.92
additional	-0.08	1.04
older	-0.08	0.68
represent	-0.08	0.96
bunch	-0.08	0.83
hobbies	-0.08	0.88
through	-0.08	1.28
dive	-0.08	0.95
moving	-0.08	0.84
effort	-0.08	0.93
glory	-0.08	0.76
village	-0.08	0.83
critique	-0.08	1.25
touch	-0.08	0.99
away	-0.07	0.86
naku	-0.07	0.57
winter	-0.07	0.88
heat	-0.07	0.72
serve	-0.07	0.98
selection	-0.07	0.83
follows	-0.07	0.89
merit	-0.07	1.21
product	-0.07	0.83
sayaka	-0.07	0.96
developments	-0.07	1.00
effectively	-0.07	1.13
copy	-0.07	0.87
favorite	-0.07	2.80
finishing	-0.07	1.48
details	-0.07	1.14
areas	-0.07	0.98
tomoya	-0.07	1.18
counter	-0.07	1.44
engaged	-0.07	0.72
accessible	-0.07	0.81
lists	-0.07	0.95
toward	-0.06	0.95
umineko	-0.06	0.67
thursday	-0.06	1.08
martians	-0.06	0.79
similarities	-0.06	0.89
bodies	-0.06	0.80
2006	-0.06	0.78
conan	-0.06	0.81
flame	-0.06	0.71
classic	-0.06	0.84
collection	-0.06	0.83
stealing	-0.06	0.93
shits	-0.06	0.90
chest	-0.06	0.85
announcement	-0.06	0.93
qualities	-0.06	0.98
personality	-0.06	0.74
fired	-0.06	0.90
brotherhood	-0.06	0.70
until	-0.06	1.25
narrator	-0.06	0.95
realistically	-0.06	1.12
progression	-0.06	1.10
koro	-0.06	0.57
threat	-0.06	0.89
cop	-0.05	0.70
tab	-0.05	0.90
cons	-0.05	0.89
decides	-0.05	2.93
philosophical	-0.05	1.02
gain	-0.05	0.97
designed	-0.05	1.40
demand	-0.05	0.86
completely	-0.05	1.32
flags	-0.05	0.99
animal	-0.05	0.68
honorable	-0.05	0.75
ghoul	-0.05	0.73
bet	-0.05	1.91
home	-0.05	0.82
rikka	-0.05	0.75
trap	-0.05	0.67
asleep	-0.05	1.06
original	-0.05	0.74
nail	-0.05	1.04
aoi	-0.05	0.70
thoughts	-0.05	1.22
list	-0.05	1.08
experience	-0.05	1.10
hang	-0.05	1.25
struggles	-0.05	0.87
monday	-0.05	1.10
beast	-0.05	0.80
lagann	-0.05	0.67
aldnoah	-0.04	0.73
ages	-0.04	0.70
sybil	-0.04	1.07
suspense	-0.04	0.92
hikari	-0.04	1.78
incorrect	-0.04	3.45
sentai	-0.04	0.79
ano	-0.04	1.20
circle	-0.04	0.58
healthy	-0.04	1.00
google	-0.04	0.95
eren	-0.04	0.74
lived	-0.04	0.84
gosick	-0.04	0.64
promise	-0.04	1.20
till	-0.03	1.15
vers	-0.03	0.84
dragonball	-0.03	0.68
bed	-0.03	1.04
part	-0.03	1.34
d-frag	-0.03	0.72
feet	-0.03	0.85
panel	-0.03	0.88
penis	-0.03	0.87
homura	-0.03	0.98
grab	-0.03	0.81
north	-0.03	0.89
younger	-0.03	0.67
judging	-0.03	1.38
considered	-0.03	1.18
promising	-0.03	1.79
hunt	-0.03	0.72
theories	-0.03	1.64
ratio	-0.03	0.95
examples	-0.03	1.30
regards	-0.03	1.45
wall	-0.03	0.85
primarily	-0.03	0.88
baccano	-0.03	0.67
tight	-0.03	0.71
above	-0.03	0.98
loop	-0.03	0.85
walls	-0.03	0.78
s1	-0.03	0.68
kingdom	-0.02	0.84
alchemist	-0.02	0.70
mysterious	-0.02	0.94
idk	-0.02	1.90
sibyl	-0.02	1.06
system	-0.02	1.02
evidence	-0.02	1.90
enemies	-0.02	0.88
internal	-0.02	0.88
kick	-0.02	0.88
form	-0.02	1.12
creators	-0.02	1.02
return	-0.02	1.13
airing	-0.02	0.92
body	-0.02	0.82
flesh	-0.02	0.84
grew	-0.02	0.73
youtube	-0.02	0.89
prologue	-0.02	0.80
south	-0.02	0.92
center	-0.02	0.81
objective	-0.02	1.61
male	-0.02	0.74
speech	-0.02	1.33
ideals	-0.02	0.95
aim	-0.02	0.95
maximum	-0.02	0.89
takes	-0.02	1.22
maria	-0.02	0.68
99	-0.01	0.79
enjoyment	-0.01	1.21
urobuchi	-0.01	1.28
sequels	-0.01	0.79
position	-0.01	1.24
rising	-0.01	0.82
outright	-0.01	1.32
lord	-0.01	0.83
miles	-0.01	0.90
boost	-0.01	0.82
dbz	-0.01	0.67
dragon	-0.01	0.68
keeps	-0.01	1.19
surface	-0.01	0.85
trip	-0.01	0.80
newest	-0.01	0.78
stein	-0.01	0.64
confirmed	-0.01	1.11
visual	-0.01	0.82
fullmetal	-0.01	0.70
f/sn	-0.01	0.87
files	-0.01	0.88
reaching	-0.01	0.92
deleted	-0.01	1.79
influence	-0.01	0.86
young	-0.01	0.66
fire	-0.01	0.78
drops	-0.01	0.80
acceptable	-0.01	3.00
tits	-0.01	0.68
stay	-0.01	0.87
bar	-0.01	0.96
dandy	-0.00	0.64
goals	-0.00	1.08
profile	-0.00	0.93
eternal	-0.00	0.72
professional	-0.00	0.88
network	-0.00	0.82
noted	-0.00	1.74
appreciated	-0.00	1.17
conventions	-0.00	0.86
mood	-0.00	0.82
creates	-0.00	0.82
answers	0.00	1.49
established	0.00	0.99
completed	0.00	0.94
relative	0.00	1.03
area	0.00	0.95
builds	0.00	0.85
finishes	0.00	1.23
crossover	0.00	0.68
explanations	0.00	1.07
im	0.01	2.07
public	0.01	0.85
currently	0.01	1.02
audio	0.01	1.19
inherently	0.01	1.54
law	0.01	0.92
maiden	0.01	0.64
emotionless	0.01	0.70
purely	0.01	1.27
purpose	0.01	1.31
latest	0.01	0.81
detective	0.01	0.82
ttgl	0.01	0.67
urobutcher	0.01	1.12
solved	0.01	1.06
r/anime/wiki/rules	0.01	1.40
sleep	0.01	1.03
success	0.01	0.92
ecchi	0.01	0.59
dubs	0.01	1.09
kamui	0.01	1.02
ren	0.01	0.66
pattern	0.02	0.98
pet	0.02	1.16
ubw	0.02	0.87
library	0.02	0.84
today	0.02	1.38
chimera	0.02	0.75
wa2	0.02	1.13
deadly	0.02	0.75
<SPECIAL>	0.02	0.73
<URL>	0.02	0.73
shiki	0.02	0.60
chief	0.02	0.99
shinichi	0.02	0.96
view	0.02	1.34
heaven	0.02	0.87
proof	0.02	1.96
teach	0.02	1.50
mirai	0.02	0.74
pitou	0.02	0.88
fsn	0.02	0.86
higher	0.02	1.06
air	0.02	0.76
puella	0.02	0.68
cuz	0.02	1.41
satisfying	0.02	2.31
tonight	0.02	1.31
tsukihime	0.02	0.79
android	0.03	0.79
mal	0.03	0.94
gen	0.03	1.28
toonami	0.03	0.76
research	0.03	0.99
falls	0.03	1.00
shy	0.03	0.62
ball	0.03	0.68
pressure	0.03	0.81
marathoning	0.03	1.55
taiga	0.03	1.35
adult	0.03	0.67
marathon	0.03	1.49
dozens	0.03	0.80
95	0.03	0.79
search	0.03	0.95
toaru	0.03	0.85
technical	0.03	1.30
insight	0.03	1.09
our	0.03	0.90
degree	0.03	0.88
noragami	0.03	0.73
ayano	0.03	0.85
panty	0.03	0.68
require	0.03	1.11
hf	0.03	0.89
hundreds	0.03	0.79
speculation	0.03	2.11
response	0.03	1.71
associated	0.03	0.90
minimum	0.03	1.24
humans	0.03	0.72
countries	0.03	1.01
pages	0.03	0.88
tempest	0.03	0.63
welcome	0.03	0.77
gender	0.03	0.92
continuation	0.03	0.89
live	0.03	0.91
individual	0.03	0.97
channel	0.03	0.81
joke	0.03	1.22
baby	0.03	1.41
unlimited	0.04	0.83
logical	0.04	1.81
mostly	0.04	0.75
tatsuya	0.04	0.86
learned	0.04	1.57
quick	0.04	1.10
brains	0.04	0.95
higurashi	0.04	0.56
easy	0.04	1.35
theater	0.04	0.88
total	0.04	0.95
breasts	0.04	0.72
fyi	0.04	1.59
duty	0.04	0.97
defense	0.04	0.95
tech	0.04	0.78
heavens	0.04	0.84
reboot	0.04	0.71
akari	0.04	1.03
larger	0.04	0.85
abridged	0.04	0.70
worthwhile	0.04	1.28
armin	0.04	0.80
night	0.04	0.83
fate/stay	0.04	0.83
maintain	0.04	1.01
deen	0.04	0.84
mouse	0.04	0.90
other	0.04	0.93
existence	0.04	1.07
attacks	0.05	0.81
ways	0.05	0.94
passes	0.05	1.02
onii-sama	0.05	0.87
chrome	0.05	0.84
madoka	0.05	0.70
motivation	0.05	1.01
f/z	0.05	0.89
japan	0.05	0.92
replied	0.05	2.09
exchange	0.05	0.67
magica	0.05	0.69
empire	0.05	0.77
obsessed	0.05	2.21
cost	0.05	0.85
super	0.05	1.16
criteria	0.05	1.40
collect	0.05	0.88
oda	0.05	0.79
ugly	0.05	1.88
ancient	0.05	0.78
titles	0.06	0.94
friday	0.06	1.05
serves	0.06	0.99
boobs	0.06	0.67
greater	0.06	0.93
pokemon	0.06	0.69
presence	0.06	0.87
courage	0.06	0.96
normal	0.06	1.06
prequel	0.06	0.82
soul	0.06	0.66
yu	0.06	0.67
airs	0.06	0.92
sunday	0.06	1.03
keima	0.06	0.84
gun	0.06	0.90
computer	0.06	0.84
rise	0.06	0.82
digimon	0.06	0.71
eater	0.06	0.63
greed	0.06	0.70
tsukaima	0.06	0.69
lower	0.06	1.04
naruto	0.06	0.69
grabbed	0.06	0.75
companies	0.06	0.93
successful	0.07	0.86
togashi	0.07	0.85
aimed	0.07	0.71
signs	0.07	0.98
moon	0.07	0.66
sat	0.07	0.99
zero	0.07	0.79
cooler	0.07	1.10
mustang	0.07	0.66
2007	0.07	0.88
michiru	0.07	0.83
robotics	0.07	0.78
drill	0.07	0.85
narration	0.07	1.06
trait	0.07	0.90
reverse	0.07	0.86
hue	0.07	1.02
age	0.07	0.69
level	0.07	1.00
dimension	0.07	0.89
tagged	0.07	1.69
shana	0.07	0.78
default	0.07	0.85
apartment	0.07	1.00
location	0.07	0.82
touma	0.07	0.86
summary	0.07	0.93
opposed	0.07	0.95
inuyasha	0.08	0.66
spin-off	0.08	0.74
e.g	0.08	0.63
adds	0.08	0.84
demographic	0.08	0.70
fly	0.08	0.90
clone	0.08	0.83
windows	0.08	0.83
magi	0.08	0.67
targeted	0.08	0.70
population	0.08	0.82
conflict	0.08	0.92
commercial	0.08	0.81
utterly	0.08	1.16
those	0.08	0.93
ranked	0.08	0.96
energy	0.08	0.79
killua	0.08	0.81
mahouka	0.09	0.88
souls	0.09	0.77
beyond	0.09	0.97
deeper	0.09	1.05
vhs	0.09	0.73
target	0.09	0.75
deadman	0.09	0.62
listed	0.09	0.98
eaten	0.09	0.78
scary	0.09	1.13
ridiculously	0.09	1.20
conversations	0.09	0.89
teeth	0.09	0.80
block	0.09	0.80
answering	0.09	1.73
longest	0.09	1.44
swim	0.09	0.77
convention	0.09	0.93
human	0.09	0.87
generation	0.09	0.71
guy	0.09	1.34
welp	0.09	1.73
required	0.09	1.15
twgok	0.09	0.83
media	0.09	0.91
brave	0.09	0.83
til	0.09	1.10
shot	0.09	0.95
experiment	0.09	0.80
son	0.09	0.83
methods	0.09	1.01
saturday	0.10	0.94
article	0.10	1.27
solution	0.10	1.20
fate	0.10	0.83
sailor	0.10	0.66
army	0.10	0.76
yugioh	0.10	0.71
koi	0.10	0.65
realism	0.10	0.91
vol	0.10	0.80
fate/zero	0.10	0.76
international	0.10	0.84
remain	0.10	1.04
click	0.10	1.01
authors	0.10	1.01
career	0.10	0.88
morning	0.10	0.98
conflicts	0.11	0.95
focused	0.11	0.80
alternate	0.11	0.92
married	0.11	0.83
depth	0.11	1.07
levi	0.11	0.71
spread	0.11	0.74
hakusho	0.11	0.65
purposes	0.11	0.98
built	0.11	0.90
advice	0.11	1.47
loli	0.11	0.53
routes	0.11	0.81
combo	0.11	0.78
order	0.11	1.05
reasonable	0.11	1.71
charge	0.11	0.84
file	0.11	0.87
standards	0.11	1.11
numerous	0.11	0.85
nuclear	0.11	0.83
similarly	0.12	1.00
saint	0.12	0.68
necessary	0.12	1.42
medaka	0.12	0.68
popularity	0.12	1.03
feedback	0.12	1.48
yu-gi-oh	0.12	0.71
funnier	0.12	0.93
levels	0.12	0.92
klk	0.12	0.76
honesty	0.12	1.10
siblings	0.12	0.71
resolution	0.12	0.92
freedom	0.12	0.70
hunterxhunter	0.12	0.75
king	0.12	0.72
priority	0.12	0.99
downloaded	0.12	0.87
twice	0.12	1.48
z	0.12	0.68
collecting	0.12	0.93
process	0.12	1.13
kai	0.12	0.64
1000	0.13	0.89
regrets	0.13	1.06
place	0.13	1.29
males	0.13	0.72
tip	0.13	1.12
pm	0.13	1.49
akame	0.13	0.88
shounens	0.13	0.82
east	0.13	0.88
mouth	0.13	0.86
backstory	0.13	0.98
ichika	0.13	0.82
power	0.13	0.72
value	0.13	1.15
complicated	0.13	1.02
street	0.13	0.79
rate	0.13	1.12
valvrave	0.13	0.88
bleach	0.13	0.67
forces	0.13	0.88
adapting	0.13	0.93
saji	0.13	0.65
mayumi	0.13	1.15
potential	0.13	0.93
toradora	0.13	0.89
shop	0.14	0.73
centered	0.14	0.79
volume	0.14	0.81
wonderland	0.14	0.63
wings	0.14	0.77
chapter	0.14	0.87
titans	0.14	0.68
gods	0.14	0.74
ring	0.14	0.85
understanding	0.14	1.24
guest	0.14	1.06
dollars	0.14	0.95
switch	0.14	0.90
kinds	0.14	0.77
determine	0.14	1.54
mars	0.14	0.75
2011	0.14	0.71
covering	0.14	0.83
market	0.14	0.77
providing	0.14	1.67
simultaneously	0.14	0.91
land	0.14	0.78
yen	0.14	0.86
claymore	0.14	0.62
philosophy	0.14	0.93
gifs	0.14	0.88
vn	0.14	0.84
swords	0.14	0.71
chooses	0.15	2.62
100	0.15	1.00
late	0.15	0.95
message	0.15	1.26
travel	0.15	0.89
use	0.15	1.02
drive	0.15	0.71
hxh	0.15	0.76
inner	0.15	0.92
clicked	0.15	1.34
quest	0.15	0.84
feelings	0.15	2.45
natural	0.15	0.98
alter	0.15	0.86
confidence	0.16	0.78
various	0.16	0.78
upload	0.16	0.87
arcs	0.16	0.90
dear	0.16	0.99
oshino	0.16	1.39
nose	0.16	0.97
remaining	0.16	1.11
dream	0.16	0.78
hero	0.16	0.79
ptw	0.16	1.07
coffin	0.16	0.74
tomorrow	0.16	1.18
route	0.16	0.83
counting	0.16	0.80
preferences	0.16	1.27
size	0.16	0.81
2.0	0.16	0.71
famous	0.16	0.94
lives	0.16	0.75
exclusively	0.16	1.07
shitai	0.16	0.68
banri	0.16	1.28
influenced	0.16	0.96
weird	0.16	1.17
changing	0.16	0.97
mami	0.16	0.93
beta	0.16	0.73
china	0.16	0.84
dio	0.16	0.71
convincing	0.16	1.33
goku	0.16	0.91
bag	0.17	0.74
tail	0.17	0.65
station	0.17	0.71
friends	0.17	0.81
reborn	0.17	0.66
2009	0.17	0.83
revealing	0.17	0.80
closure	0.17	1.08
dere	0.17	0.62
heavy	0.17	0.79
approve	0.17	1.12
basis	0.17	1.77
decade	0.17	1.17
i.e	0.17	1.06
blade	0.17	0.78
fist	0.17	0.78
kaneki	0.17	0.69
ant	0.17	0.78
shadow	0.17	0.85
below	0.17	1.07
enemy	0.17	0.93
phase	0.17	0.69
fallen	0.17	0.62
interact	0.17	1.10
nature	0.18	0.89
items	0.18	0.81
morality	0.18	1.19
al	0.18	0.65
rating	0.18	1.13
relief	0.18	0.87
morals	0.18	1.12
join	0.18	0.91
society	0.18	0.93
lady	0.18	0.73
talented	0.18	0.96
explosion	0.18	0.82
psycho	0.18	0.71
uncommon	0.18	0.93
silly	0.18	0.98
2015	0.18	0.88
p.s	0.18	1.07
tendency	0.18	0.78
central	0.18	1.00
easiest	0.18	1.54
kizu	0.18	1.03
closing	0.18	0.87
volumes	0.18	0.86
appearance	0.18	0.85
whose	0.18	0.94
22	0.18	0.94
jojo	0.18	0.72
over	0.18	1.03
sorata	0.18	1.26
quote	0.19	1.78
mage	0.19	0.95
industry	0.19	0.92
bittersweet	0.19	2.67
rival	0.19	1.17
tsundere	0.19	0.55
early	0.19	0.95
forest	0.19	0.73
zetsuen	0.19	0.63
stayed	0.19	0.82
infinite	0.19	0.66
minds	0.19	1.00
clips	0.19	0.86
legitimately	0.19	1.22
metal	0.19	0.59
wake	0.19	0.77
security	0.19	1.03
strong	0.19	0.82
strength	0.19	0.81
surrounding	0.19	0.74
importance	0.19	1.02
commentary	0.19	0.97
bite	0.19	0.84
length	0.20	0.96
women	0.20	0.73
done	0.20	1.33
involving	0.20	0.80
abilities	0.20	0.81
lies	0.20	1.10
growth	0.20	0.94
rescue	0.20	0.94
gaming	0.20	0.77
significance	0.20	1.01
spin	0.20	0.83
rebuilds	0.20	0.75
chose	0.20	1.75
flashbacks	0.20	0.86
top	0.20	1.59
own	0.20	1.17
trigun	0.20	0.64
obscure	0.21	0.99
treasure	0.21	0.77
naked	0.21	0.75
pretty	0.21	1.30
witches	0.21	0.63
hunter	0.21	0.76
trapped	0.21	0.74
development	0.21	1.03
hopes	0.21	0.96
females	0.21	0.75
strictly	0.21	1.19
draw	0.21	1.02
rational	0.21	1.44
ratings	0.21	1.08
item	0.21	0.74
pass	0.21	0.75
titan	0.21	0.69
differently	0.21	1.22
under	0.21	1.05
beginning	0.21	1.04
cliff	0.21	0.72
knights	0.21	0.71
onto	0.21	0.74
plausible	0.21	1.68
hana	0.21	1.00
shenanigans	0.21	0.79
mighty	0.21	0.74
crush	0.21	2.48
synopsis	0.21	0.91
l	0.21	0.94
referred	0.22	1.80
gurren	0.22	0.71
intellectual	0.22	1.05
chapters	0.22	1.01
well	0.22	1.52
high	0.22	0.82
2003	0.22	0.63
city	0.22	0.81
2014	0.22	0.80
gin	0.22	0.66
lagoon	0.22	0.63
former	0.22	0.79
amount	0.22	0.83
involves	0.22	0.98
con	0.22	0.96
kickstarter	0.22	0.93
monitor	0.22	0.80
300	0.22	0.92
tengen	0.22	0.71
bang	0.22	0.82
canon	0.22	0.91
handful	0.22	0.89
toppa	0.22	0.71
boys	0.22	0.61
costs	0.22	0.87
psycho-pass	0.22	0.76
50	0.23	1.02
later	0.23	1.38
yosuga	0.23	0.69
earth	0.23	0.76
partner	0.23	0.81
edward	0.23	0.65
relation	0.23	0.83
folder	0.23	0.85
epilogue	0.23	1.07
mine	0.23	1.10
yuuta	0.23	1.02
goddess	0.23	0.72
store	0.23	0.78
develop	0.23	0.97
res	0.23	0.90
amane	0.23	0.98
mere	0.23	0.86
government	0.23	0.87
boy	0.23	1.24
many	0.23	0.88
rocket	0.23	0.80
island	0.23	0.75
added	0.23	1.36
24	0.23	0.99
cannon	0.23	0.81
skipping	0.24	0.96
score	0.24	1.13
ultimate	0.24	0.63
unit	0.24	0.74
chuunibyou	0.24	0.65
scores	0.24	1.08
album	0.24	0.90
19	0.24	0.90
illya	0.24	0.76
phantom	0.24	0.62
universe	0.24	0.90
works	0.24	0.88
seinen	0.24	0.58
describe	0.24	2.11
rest	0.24	1.07
distance	0.24	0.87
million	0.24	0.93
0	0.24	0.88
monologue	0.24	0.91
experiences	0.24	1.02
jormungand	0.25	0.59
mask	0.25	0.71
symbol	0.25	0.63
automatically	0.25	1.19
hellsing	0.25	0.63
magic	0.25	0.78
parallel	0.25	0.82
antagonist	0.25	1.10
scientist	0.25	0.60
bizarre	0.25	0.71
carnival	0.25	0.77
esp	0.25	0.61
stigma	0.25	0.71
stays	0.25	0.96
refers	0.25	2.19
romcom	0.25	0.66
monsters	0.25	0.69
its	0.25	1.31
migi	0.25	0.80
horror	0.25	0.63
75	0.25	0.90
primary	0.25	0.91
versions	0.25	1.01
brothers	0.26	0.60
middle	0.26	0.84
raid	0.26	0.77
rail	0.26	0.59
alicization	0.26	0.73
reaction	0.26	0.96
defeated	0.26	1.11
exact	0.26	2.88
parts	0.26	0.82
phone	0.26	0.93
kyojin	0.26	0.70
status	0.26	0.78
world	0.26	0.86
ai	0.26	1.30
manaka	0.26	1.47
rated	0.26	1.07
rank	0.26	0.97
warning	0.26	1.53
koukou	0.26	0.72
hiyori	0.26	1.12
salt	0.26	1.47
mysteries	0.26	0.93
fairy	0.26	0.67
sheer	0.26	0.96
were	0.26	1.06
long	0.26	1.13
ef	0.26	0.95
pv	0.26	0.86
attack	0.27	0.69
meant	0.27	3.39
police	0.27	0.83
mid	0.27	0.86
worked	0.27	1.13
theory	0.27	1.48
bullet	0.27	0.70
member	0.27	0.82
years	0.27	1.16
flag	0.27	0.69
particular	0.27	1.00
maou	0.27	0.66
antagonists	0.27	1.03
step	0.27	1.03
views	0.27	1.12
crash	0.27	0.66
nge	0.27	0.70
sides	0.27	1.08
selector	0.27	0.70
machine	0.27	0.76
shift	0.27	0.94
pilot	0.27	0.69
options	0.27	0.88
several	0.28	0.93
types	0.28	0.70
vampire	0.28	0.58
focus	0.28	0.91
18	0.28	0.90
minori	0.28	1.50
delivery	0.28	1.00
prisma	0.28	0.73
driver	0.28	0.68
importantly	0.28	1.59
aspects	0.28	0.92
previous	0.28	1.04
alongside	0.28	0.76
sakurasou	0.28	1.01
large	0.28	0.84
punches	0.28	0.76
description	0.28	1.10
sounds	0.28	1.22
imgur	0.28	0.88
2010	0.28	0.74
fourth	0.28	0.79
date	0.28	0.78
student	0.29	0.88
ie	0.29	0.87
working	0.29	1.34
hours	0.29	1.18
explored	0.29	1.01
sorts	0.29	0.82
students	0.29	0.90
dropped	0.29	1.21
wise	0.29	2.19
perspective	0.29	1.28
children	0.29	0.69
an	0.29	1.06
tower	0.29	0.73
humanity	0.29	0.87
capable	0.29	0.92
roughly	0.29	1.05
usual	0.29	0.78
number	0.29	0.90
evangelion	0.29	0.69
spice	0.29	0.70
print	0.29	0.80
bill	0.29	0.95
focuses	0.29	0.77
kuroko	0.29	0.68
hinata	0.30	1.05
ao	0.30	0.60
monologues	0.30	0.92
glasslip	0.30	0.60
haruka	0.30	0.95
shoujo	0.30	0.61
road	0.30	0.68
transfer	0.30	0.83
cartoon	0.30	0.82
sequel	0.30	0.78
sachi	0.30	1.07
entertainment	0.30	1.13
image	0.30	0.90
technology	0.30	0.79
month	0.30	1.13
goofy	0.30	0.92
college	0.30	0.92
shiro	0.30	1.79
look	0.30	1.31
spot	0.30	1.05
meaningful	0.30	1.05
26	0.30	0.97
initial	0.30	0.80
90	0.30	0.83
logic	0.30	1.55
program	0.30	0.85
small	0.30	1.02
rin	0.31	0.78
netero	0.31	0.83
nasuverse	0.31	0.77
katanagatari	0.31	0.66
advanced	0.31	0.81
rettousei	0.31	0.72
storyline	0.31	1.34
tall	0.31	0.69
bullets	0.31	0.83
rebuild	0.31	0.72
boom	0.31	0.76
mode	0.31	0.76
tsumugu	0.31	2.46
weekend	0.31	1.22
minute	0.31	1.12
entry	0.31	1.07
spinoff	0.31	0.74
la	0.31	0.69
described	0.31	1.79
comic	0.31	0.71
ago	0.31	1.27
presented	0.32	1.01
tension	0.32	0.88
nozaki-kun	0.32	0.90
server	0.32	0.88
squad	0.32	0.77
16	0.32	0.93
blew	0.32	0.89
steel	0.32	0.66
class	0.32	0.94
ass	0.32	0.91
kill	0.32	0.70
angels	0.32	0.67
25	0.32	0.96
crusaders	0.32	0.75
seriously	0.32	1.81
star	0.32	0.59
butler	0.32	0.64
genesis	0.32	0.66
fall	0.32	0.75
master	0.32	1.05
analysis	0.32	1.30
teacher	0.32	0.86
overarching	0.32	1.11
shower	0.32	0.71
flawed	0.32	1.09
period	0.32	0.82
eva	0.32	0.70
btooom	0.32	0.65
crystal	0.32	0.60
occasional	0.33	0.70
premise	0.33	1.12
mary	0.33	0.79
flow	0.33	1.01
spoiler	0.33	1.59
raildex	0.33	0.82
de	0.33	0.70
23	0.33	0.95
hisoka	0.33	0.82
photoshop	0.33	0.89
protagonists	0.33	0.89
took	0.33	1.31
emiya	0.33	0.77
confession	0.33	1.25
cats	0.33	0.63
klein	0.33	0.84
cold	0.33	0.61
spring	0.33	0.79
elite	0.33	0.70
spelled	0.33	3.38
contained	0.33	0.82
stats	0.33	0.85
21	0.33	0.86
ep	0.33	1.02
joined	0.33	0.81
western	0.33	0.88
panties	0.34	0.73
throughout	0.34	0.94
row	0.34	0.83
nhk	0.34	0.63
totally	0.34	2.04
focusing	0.34	0.98
17	0.34	0.94
review	0.34	1.16
zombies	0.34	0.64
hime	0.34	0.70
path	0.34	1.00
dramas	0.34	0.56
scientific	0.34	1.03
eureka	0.34	0.66
wixoss	0.34	0.71
highschool	0.34	0.66
martian	0.34	0.69
flcl	0.34	0.65
gags	0.34	0.84
favorites	0.34	1.58
banner	0.34	0.92
instant	0.34	0.80
history	0.34	0.94
thousand	0.34	0.96
has	0.34	1.16
assassin	0.34	0.76
episodes	0.34	1.15
systems	0.34	0.95
men	0.34	0.80
hour	0.34	1.21
mako	0.34	0.81
gave	0.34	1.14
pc	0.34	0.76
guild	0.34	0.76
tastes	0.34	1.22
romcoms	0.34	0.60
developing	0.34	0.92
uses	0.34	0.93
ear	0.35	0.95
sisters	0.35	0.75
sins	0.35	0.75
dxd	0.35	0.60
70	0.35	0.94
satsuki	0.35	0.69
format	0.35	0.88
properly	0.35	1.42
seconds	0.35	1.16
president	0.35	0.89
floating	0.35	0.79
bus	0.35	0.71
these	0.35	0.87
mirror	0.35	0.85
onii-chan	0.35	0.82
actual	0.35	1.14
buried	0.35	0.72
max	0.35	0.89
min	0.35	1.07
female	0.35	0.83
choice	0.35	1.56
cartoons	0.35	0.77
zankyou	0.35	0.62
7/10	0.35	1.32
clothing	0.35	0.65
wallpapers	0.35	0.84
pls	0.35	1.40
drew	0.36	0.89
150	0.36	0.95
sabagebu	0.36	0.63
jumped	0.36	0.72
howl	0.36	0.76
500	0.36	0.95
accelerator	0.36	0.84
after	0.36	1.57
control	0.36	0.90
minutes	0.36	1.17
bat	0.36	0.86
downright	0.36	1.16
aged	0.36	0.72
exam	0.36	0.80
ties	0.36	0.93
motives	0.36	1.16
pants	0.36	0.68
academy	0.36	0.78
80	0.36	0.87
eroge	0.36	0.84
dual	0.36	0.77
strike	0.36	0.58
shorts	0.36	0.62
nonon	0.37	1.14
shinsekai	0.37	0.63
suggestion	0.37	1.71
stars	0.37	0.69
6/10	0.37	1.31
pico	0.37	1.22
west	0.37	0.88
hanayamata	0.37	0.60
yakuindomo	0.37	0.81
kissing	0.37	0.60
old	0.37	0.98
sasuke	0.37	0.72
itself	0.37	1.05
interaction	0.37	0.90
makina	0.37	0.87
aldnoah.zero	0.37	0.61
intelligence	0.37	0.86
45	0.37	1.01
progress	0.37	0.84
tool	0.37	0.94
10/10	0.37	1.18
daily	0.37	0.78
explore	0.37	1.04
dramatic	0.37	1.14
literary	0.38	1.15
eoe	0.38	0.73
sidonia	0.38	0.69
zone	0.38	0.87
skill	0.38	0.86
information	0.38	1.32
serious	0.38	0.99
screenshot	0.38	0.86
phantasm	0.38	0.85
named	0.38	1.17
ladies	0.38	0.72
dating	0.38	1.08
hm	0.38	1.83
moments	0.38	1.24
2012	0.38	0.72
extended	0.38	0.81
university	0.38	0.85
hitsugi	0.38	0.68
main	0.38	0.97
furthermore	0.38	1.07
july	0.38	0.85
info	0.38	1.32
aliens	0.38	0.73
organization	0.38	0.68
powered	0.38	0.70
riding	0.38	0.62
council	0.38	0.75
jokes	0.38	0.86
outlaw	0.38	0.65
lh	0.39	0.78
broad	0.39	0.87
castle	0.39	0.76
refer	0.39	2.18
develops	0.39	0.89
mark	0.39	1.25
connect	0.39	0.91
highest	0.39	1.07
reality	0.39	0.82
dub	0.39	1.20
sao	0.39	0.84
kirito	0.39	0.73
images	0.39	1.00
numbers	0.39	1.02
shirou	0.39	0.81
whole	0.39	1.99
ergo	0.39	0.62
dozen	0.39	0.90
per	0.39	1.01
stocking	0.39	0.67
totoro	0.39	0.75
bakuman	0.39	0.73
excalibur	0.39	0.73
archer	0.39	0.82
nui	0.39	0.76
dudes	0.39	0.77
yori	0.39	0.62
thriller	0.39	0.59
basket	0.39	0.66
leader	0.39	0.73
weapon	0.39	0.75
akuma	0.39	0.69
infected	0.39	0.69
company	0.39	0.85
mins	0.40	1.15
brynhildr	0.40	0.70
hundred	0.40	0.97
true	0.40	1.28
introducing	0.40	1.08
switching	0.40	0.85
cultural	0.40	0.95
day	0.40	1.32
knk	0.40	0.66
pics	0.40	0.88
messages	0.40	1.06
character	0.40	1.02
updated	0.40	0.91
200	0.40	0.97
choosing	0.40	1.53
input	0.40	1.42
delivered	0.40	1.14
reputation	0.40	0.93
misunderstood	0.40	3.45
beach	0.40	0.67
accurately	0.40	1.28
batman	0.40	0.76
20	0.40	0.97
exorcist	0.40	0.65
references	0.40	0.87
insanely	0.40	1.18
8/10	0.41	1.32
ggo	0.41	0.71
nanana	0.41	0.71
kurumi	0.41	2.40
rei	0.41	0.63
car	0.41	0.64
spirits	0.41	0.75
military	0.41	0.76
culture	0.41	1.04
kishi	0.41	0.70
wind	0.41	0.73
pair	0.41	0.67
water	0.41	0.71
riddle	0.41	0.71
sight	0.41	0.82
doll	0.41	0.77
rider	0.41	0.82
woman	0.42	0.96
sky	0.42	0.71
served	0.42	0.81
virtual	0.42	0.73
studying	0.42	1.17
traits	0.42	0.87
story	0.42	1.23
haru	0.42	0.66
hollywood	0.42	0.64
work	0.42	1.36
vita	0.42	0.78
race	0.42	1.13
spirited	0.42	0.78
current	0.42	1.16
bits	0.42	0.83
kaname	0.42	1.16
40	0.42	0.99
some	0.43	0.91
face	0.43	0.92
outfits	0.43	0.66
defined	0.43	1.22
endless	0.43	0.74
girlfriend	0.43	0.99
sarcasm	0.43	2.11
eps	0.43	1.11
chisaki	0.43	1.53
saki	0.43	0.58
property	0.43	0.71
secondary	0.43	0.92
cheating	0.43	1.84
knowledge	0.43	0.91
dunk	0.43	0.66
flamenco	0.43	0.79
nagato	0.43	0.70
separate	0.43	0.85
gekkan	0.43	0.66
mana	0.43	0.82
photo	0.43	0.78
berserker	0.43	0.87
bomb	0.43	0.79
shiina	0.43	1.73
noble	0.43	0.86
fix	0.43	1.94
isshuukan	0.43	0.70
school	0.44	0.72
shiroe	0.44	0.81
saber	0.44	0.81
smiling	0.44	2.26
damnit	0.44	1.38
produce	0.44	1.03
pong	0.44	0.67
timer	0.44	0.86
span	0.44	1.20
uta	0.44	0.90
genre	0.44	0.61
accidentally	0.44	1.61
kyoukai	0.44	0.62
setup	0.44	0.89
psychological	0.44	0.62
rosario	0.44	0.69
index	0.44	0.82
private	0.44	0.79
30	0.44	1.01
flying	0.44	0.75
alo	0.44	0.71
anno	0.44	1.05
mech	0.44	0.75
14	0.44	0.97
trilogy	0.44	0.78
magical	0.44	0.88
year	0.44	0.97
13	0.45	0.97
grave	0.45	0.77
ranking	0.45	1.06
kokoro	0.45	0.92
1	0.45	0.76
gift	0.45	0.82
pic	0.45	0.88
ryuko	0.45	0.70
tsubasa	0.45	1.21
proxy	0.45	0.63
piece	0.45	0.76
reply	0.45	2.09
driven	0.45	0.81
sun	0.45	0.70
slam	0.45	0.65
week	0.45	1.42
projects	0.45	1.00
planet	0.45	0.69
2013	0.45	0.71
yesterday	0.45	1.27
lancer	0.45	0.87
times	0.45	1.22
caster	0.45	0.82
lore	0.46	1.01
gilgamesh	0.46	0.82
asian	0.46	1.12
mekaku	0.46	0.70
aincrad	0.46	0.72
knight	0.46	0.75
encounter	0.46	0.85
political	0.46	0.83
meme	0.46	1.01
directors	0.46	1.11
special	0.46	1.03
ii	0.46	0.63
custom	0.46	0.89
classes	0.46	0.85
mononoke	0.46	0.77
decently	0.46	1.10
wars	0.46	0.60
alternatively	0.46	0.69
15	0.46	0.97
superpowers	0.46	0.75
vr	0.46	0.73
shipping	0.46	0.92
their	0.46	0.86
sucker	0.46	0.58
suits	0.47	0.69
baka	0.47	0.77
spells	0.47	0.85
hooked	0.47	1.98
monster	0.47	0.63
pro	0.47	0.92
shin	0.47	0.61
ragyo	0.47	0.82
berserk	0.47	0.64
introduction	0.47	0.88
twin	0.47	0.88
months	0.47	1.37
9	0.47	0.90
12	0.47	0.98
powers	0.47	0.76
11	0.47	0.98
kotomine	0.47	0.81
shakugan	0.47	0.82
error	0.47	2.09
proud	0.47	2.06
okabe	0.47	0.68
summer	0.47	0.69
sports	0.47	0.64
timeline	0.47	0.84
seirei	0.47	0.61
kirei	0.48	0.81
nsfw	0.48	1.34
clothes	0.48	0.66
steps	0.48	0.69
sis	0.48	0.77
yuuki	0.48	1.30
worlds	0.48	0.80
certain	0.48	0.81
ping	0.48	0.67
feature	0.48	0.90
science	0.48	0.96
luffy	0.48	0.76
inferno	0.48	0.64
mekakucity	0.48	0.73
rumble	0.48	0.84
butt	0.48	0.81
queen	0.48	0.77
summon	0.48	0.79
beauty	0.49	0.92
kawaisou	0.49	0.68
bokura	0.49	0.68
tutu	0.49	0.66
fictional	0.49	0.88
crazy	0.49	0.87
accepting	0.49	0.95
thematic	0.49	1.35
identical	0.49	1.20
fireflies	0.49	0.77
mashiro	0.49	1.82
mushishi	0.49	0.62
kanata	0.49	0.62
kaze	0.49	0.67
kiritsugu	0.49	0.81
haikyuu	0.49	0.67
shared	0.49	0.89
terror	0.49	0.62
demon	0.49	0.73
hyouka	0.49	0.65
symbolism	0.49	1.03
hachiman	0.49	0.63
lines	0.49	1.02
seriousness	0.49	0.83
anyways	0.49	2.15
giant	0.49	0.72
climax	0.49	1.10
narrative	0.49	1.34
prince	0.50	0.68
era	0.50	0.76
ash	0.50	0.85
diebuster	0.50	0.63
recent	0.50	1.37
hanamonogatari	0.50	0.70
servant	0.50	0.81
base	0.50	1.01
learn	0.50	1.68
physics	0.50	0.93
faith	0.51	0.88
over-the-top	0.51	0.85
momo	0.51	0.82
kiss	0.51	0.77
tone	0.51	1.02
plastic	0.51	0.74
terms	0.51	1.61
gargantia	0.51	0.68
kizumonogatari	0.51	0.90
side	0.51	0.95
grade	0.51	0.78
san	0.51	0.74
past	0.51	1.20
multiple	0.51	0.83
dammit	0.51	1.31
letter	0.51	1.29
vash	0.51	0.66
within	0.51	1.13
2000	0.51	0.84
joseph	0.51	0.73
kaiji	0.51	0.61
costume	0.51	0.67
nonetheless	0.51	1.16
provided	0.52	1.41
equivalent	0.52	1.26
aku	0.52	0.64
coherent	0.52	1.19
participate	0.52	1.59
senketsu	0.52	0.68
parody	0.52	0.78
franchise	0.52	0.75
shippuden	0.52	0.78
kaori	0.52	1.01
minna	0.52	0.69
particularly	0.52	1.17
aru	0.52	0.80
spends	0.52	1.01
waited	0.52	1.53
element	0.52	0.71
chronological	0.52	0.80
experiments	0.52	0.66
screw	0.52	1.90
alucard	0.53	0.65
study	0.53	1.05
bond	0.53	0.71
akira	0.53	0.74
awesomeness	0.53	0.95
7	0.53	0.89
host	0.53	0.63
rooting	0.53	2.36
stratos	0.53	0.61
toothbrush	0.53	0.80
snow	0.53	0.73
neko	0.53	1.19
half	0.53	1.39
maid	0.53	0.60
motivations	0.53	1.14
spoon	0.53	0.58
nah	0.54	1.65
yuri	0.54	0.71
preview	0.54	0.92
dem	0.54	0.93
mayuri	0.54	1.18
robot	0.54	0.69
videos	0.54	0.91
memory	0.54	0.95
lain	0.54	0.66
american	0.54	1.29
neon	0.54	0.76
valid	0.54	2.90
dressed	0.54	0.67
nagi	0.55	0.96
politics	0.55	0.80
ill	0.55	1.87
gag	0.55	0.83
repeat	0.55	1.07
build	0.55	0.88
quotes	0.55	0.94
ippo	0.55	0.64
skills	0.55	0.87
tatami	0.55	0.62
cell	0.55	0.71
robo	0.55	0.68
sinon	0.55	0.73
wearing	0.55	0.66
department	0.55	1.72
wrapped	0.55	0.98
intense	0.55	1.09
shoes	0.55	0.69
devil	0.55	0.72
recap	0.55	0.96
joining	0.56	0.76
third	0.56	0.93
asuka	0.56	0.82
serial	0.56	0.65
eden	0.56	0.62
wear	0.56	0.66
texhnolyze	0.56	0.64
paragraph	0.56	1.61
produced	0.56	1.08
themes	0.56	0.98
using	0.56	0.93
structure	0.56	1.39
directing	0.56	1.56
robots	0.56	0.71
demons	0.56	0.79
exile	0.56	0.66
independent	0.57	0.76
ghost	0.57	0.73
weapons	0.57	0.76
gif	0.57	1.01
b	0.57	1.06
rain	0.57	0.66
gintama	0.57	1.02
engrish	0.57	1.28
double	0.57	1.34
stardust	0.57	0.73
se	0.57	1.17
ghibli	0.57	0.85
members	0.57	0.71
guns	0.57	0.71
3rd	0.57	0.83
noise	0.57	1.12
seitokai	0.57	0.76
video	0.57	0.83
core	0.57	1.04
tiger	0.57	0.90
weeks	0.57	1.38
game	0.57	0.85
chills	0.57	1.53
yamato	0.57	0.67
kyon	0.57	0.77
mmo	0.57	0.73
black	0.58	0.63
hajime	0.58	0.65
smile	0.58	2.33
forms	0.58	0.83
eyes	0.58	1.08
january	0.58	0.85
worthy	0.58	2.12
tense	0.58	1.21
journey	0.58	0.67
accel	0.58	0.69
iii	0.58	0.74
everyday	0.58	0.84
hmmm	0.58	2.18
sniper	0.58	0.76
mystery	0.58	0.63
pool	0.58	0.88
kanade	0.58	1.40
ryuuko	0.58	0.94
persona	0.58	0.67
director	0.58	1.16
8	0.59	0.89
uniform	0.59	0.67
eight	0.59	0.84
mawaru	0.59	0.61
origin	0.59	1.29
medium	0.59	0.94
ideas	0.59	0.98
ranma	0.59	0.58
combine	0.59	0.88
ten	0.59	1.04
tags	0.59	1.73
americans	0.59	1.38
eh	0.59	2.03
october	0.59	0.83
cosplay	0.59	0.76
days	0.59	1.34
mixed	0.59	0.65
taught	0.59	1.21
stage	0.59	0.65
nicely	0.59	1.14
shu	0.60	1.38
memories	0.60	0.99
no	0.60	0.87
6	0.60	0.95
dress	0.60	0.68
redeemed	0.60	1.41
lucy	0.60	1.05
season	0.60	0.95
cowboy	0.60	0.70
taste	0.60	1.22
andou	0.60	0.97
90s	0.60	0.77
flair	0.60	1.11
9/10	0.60	1.24
teen	0.60	0.66
featuring	0.60	0.78
asukara	0.60	0.92
healing	0.61	0.65
executed	0.61	1.02
tongue	0.61	1.34
dragons	0.61	0.72
shuffle	0.61	0.62
fiction	0.61	0.75
arguably	0.61	2.18
club	0.61	0.74
captain	0.61	0.71
settings	0.61	0.83
brand	0.61	0.83
kara	0.61	0.66
tie	0.61	0.94
makise	0.61	1.44
le	0.61	1.16
specific	0.61	0.93
series	0.61	1.26
marry	0.61	1.24
commonly	0.61	1.47
10	0.61	1.03
silver	0.61	0.59
movies	0.62	0.77
hi	0.62	1.11
agent	0.62	0.71
english	0.62	1.67
bunny	0.62	0.66
linda	0.62	1.46
sounding	0.62	1.18
odds	0.62	1.40
ps	0.62	1.07
tree	0.62	0.60
miuna	0.62	1.31
kyou	0.62	1.63
outs	0.62	0.67
approach	0.62	1.07
april	0.62	0.83
scroll	0.63	0.70
chuuni	0.63	0.93
survey	0.63	1.03
overall	0.63	1.64
gunbuster	0.63	0.65
uhh	0.63	1.90
revolutionary	0.63	0.67
space	0.63	0.66
ninja	0.63	0.79
penguindrum	0.63	0.61
aots	0.63	1.06
genuinely	0.63	1.20
economics	0.64	0.80
melancholy	0.64	0.71
miyazaki	0.64	0.98
specials	0.64	0.76
six	0.64	1.10
party	0.64	0.61
haibane	0.64	0.65
ocean	0.64	0.82
renmei	0.64	0.65
chart	0.64	1.09
episode	0.64	1.24
gold	0.64	0.85
crisis	0.64	0.68
emphasis	0.64	1.10
december	0.64	0.83
plots	0.64	1.02
snake	0.64	0.96
adventures	0.64	0.68
galaxy	0.64	0.65
amp	0.64	0.89
context	0.64	1.78
paranoia	0.64	0.72
show	0.64	1.81
driving	0.65	0.67
clip	0.65	0.83
ears	0.65	0.84
wide	0.65	0.81
zombie	0.65	0.64
players	0.65	0.76
gear	0.65	0.69
mistakes	0.65	1.97
relationships	0.65	0.76
wears	0.65	0.68
letters	0.65	1.95
concepts	0.65	0.95
kazoku	0.65	0.59
panic	0.65	0.57
nanoha	0.65	0.86
avatar	0.65	0.76
ambiguous	0.65	1.06
schools	0.66	0.86
apologize	0.66	2.07
plz	0.66	1.33
5	0.66	1.02
heroic	0.66	0.78
eggs	0.66	0.75
ice	0.66	0.65
ufotable	0.66	0.95
kaiba	0.66	0.65
nozaki	0.66	0.83
directed	0.66	1.14
survival	0.66	0.87
buddy	0.66	1.31
choices	0.66	1.17
hear	0.67	1.31
cat	0.67	0.90
ru	0.67	0.63
cards	0.67	0.78
damned	0.67	1.10
liner	0.67	0.69
ride	0.67	0.61
tag	0.67	1.93
environment	0.67	0.82
bebop	0.67	0.71
railgun	0.67	0.82
luck	0.67	1.48
comedies	0.67	0.63
twelve	0.67	0.81
romances	0.67	0.59
t	0.67	1.26
together	0.68	0.85
w	0.68	1.19
shell	0.68	0.76
lawrence	0.68	0.88
assumption	0.68	2.88
close	0.68	1.47
arc	0.69	0.79
cooking	0.69	0.74
kyousougiga	0.69	0.60
learning	0.69	1.72
defeat	0.69	1.20
shine	0.69	0.71
fleshed	0.69	1.03
kino	0.69	0.62
stories	0.69	0.76
uchouten	0.69	0.57
supernatural	0.69	0.58
martial	0.69	0.84
realistic	0.69	1.06
ken	0.69	0.64
drink	0.70	0.97
mechanics	0.70	0.81
vision	0.70	0.76
competent	0.70	0.88
drama	0.70	0.60
reactions	0.70	0.85
c	0.70	1.19
method	0.70	0.91
kanojo	0.70	0.72
asuna	0.70	1.11
kuro	0.70	0.82
missed	0.70	2.15
brief	0.70	0.81
spoke	0.70	1.51
nisekoi	0.70	1.38
data	0.71	1.09
fantasy	0.71	0.61
e	0.71	1.26
couple	0.71	1.16
reminded	0.71	1.57
champloo	0.71	0.72
vague	0.71	2.32
60	0.71	0.86
literature	0.71	0.88
ichigo	0.71	0.59
sora	0.71	1.45
few	0.71	1.08
tohsaka	0.71	0.99
hehe	0.71	1.67
distant	0.71	0.71
opponents	0.71	1.33
1/2	0.72	0.56
tenchi	0.72	0.58
motherfucker	0.72	0.87
paper	0.72	0.73
aswell	0.72	1.04
extra	0.72	0.97
obligatory	0.72	0.82
surprisingly	0.72	1.06
opponent	0.72	1.64
nine	0.72	0.76
expression	0.72	0.87
gto	0.72	0.60
alternative	0.72	0.75
plane	0.72	0.75
card	0.72	0.79
blank	0.72	1.70
metaphor	0.72	1.06
clear	0.73	2.20
mmos	0.73	0.74
gintoki	0.73	0.92
2-3	0.73	1.22
amv	0.73	1.23
fancy	0.73	1.06
kore	0.73	0.68
by	0.73	1.17
standpoint	0.73	1.29
tough	0.73	1.86
humour	0.73	0.80
object	0.73	0.89
sea	0.73	0.94
enter	0.73	1.40
live-action	0.74	0.83
q	0.74	1.17
festival	0.74	0.80
split	0.74	0.82
wing	0.74	0.78
matoi	0.74	0.93
variety	0.74	0.82
raku	0.74	1.87
hello	0.74	0.87
imouto	0.74	0.77
shirt	0.74	0.67
planetes	0.74	0.64
drinking	0.74	0.68
entirety	0.74	1.32
imho	0.74	1.23
logh	0.74	0.67
goodness	0.74	0.85
films	0.74	0.88
lesson	0.74	1.04
kicking	0.74	0.90
hat	0.74	0.67
touka	0.75	1.33
cour	0.75	1.11
headphones	0.75	0.83
swimming	0.75	0.77
range	0.75	0.83
five	0.75	0.93
common	0.76	0.98
bike	0.76	0.62
fate/kaleid	0.76	0.66
el	0.76	0.82
skin	0.76	0.65
entire	0.76	1.92
huge	0.76	0.98
standalone	0.76	0.78
screen	0.76	0.79
movie	0.76	0.73
hachikuji	0.76	1.07
genres	0.76	0.70
spike	0.76	0.64
speak	0.76	1.75
ads	0.76	0.99
confident	0.77	0.82
ace	0.77	0.60
2	0.77	1.10
century	0.77	0.85
3-4	0.77	1.23
film	0.77	0.85
samurai	0.77	0.71
araragi	0.77	1.06
ouran	0.77	0.59
pronounce	0.77	2.07
test	0.77	0.83
foreign	0.77	1.62
chick	0.77	0.66
scene	0.77	0.81
two	0.77	0.96
inspired	0.78	0.89
losing	0.78	1.68
arts	0.78	0.89
balance	0.78	0.76
1-2	0.78	1.23
helpful	0.78	1.30
respective	0.78	0.78
chaika	0.78	0.79
waifus	0.78	1.94
h	0.78	1.05
misaka	0.78	1.61
important	0.78	1.10
chronologically	0.78	0.85
sore	0.78	0.84
r	0.78	1.36
6th	0.78	0.74
shinkai	0.78	0.99
aspect	0.78	0.68
destiny	0.78	0.81
znt	0.79	0.83
milk	0.79	0.85
hardest	0.79	2.38
pun	0.79	1.81
wut	0.79	1.61
battleship	0.79	0.73
yui	0.79	1.18
punk	0.79	0.78
technically	0.79	2.61
nekomonogatari	0.79	0.94
lose	0.80	1.78
elements	0.80	0.64
false	0.80	2.86
soo	0.80	1.28
four	0.80	1.11
yuusha	0.80	0.64
share	0.80	0.95
bakemonogatari	0.80	1.00
mecha	0.80	0.65
bake	0.80	0.95
developed	0.80	1.00
natsu	0.80	0.76
sci-fi	0.80	0.58
combat	0.80	0.78
golden	0.80	0.74
mio	0.80	1.36
spanish	0.81	1.83
oddly	0.81	1.15
relationship	0.81	0.74
leapt	0.81	0.80
ga	0.81	0.67
name	0.81	2.14
5th	0.81	0.73
native	0.81	1.79
n	0.81	1.27
kirino	0.81	1.47
animators	0.81	1.02
last	0.81	1.51
nise	0.81	0.99
satoshi	0.82	1.17
whoever	0.82	1.64
church	0.82	0.82
saga	0.82	0.65
french	0.82	1.82
basketball	0.82	0.75
dialogue	0.82	1.12
universal	0.82	0.91
kaiki	0.82	1.05
koko	0.82	1.18
glasses	0.83	0.75
v	0.83	0.99
gray	0.83	0.91
technique	0.83	0.86
training	0.83	0.80
german	0.83	1.84
4	0.83	1.18
key	0.83	1.11
humor	0.84	0.79
gatchaman	0.84	0.80
loses	0.84	1.77
seasons	0.84	1.06
monogatari	0.84	1.03
shingeki	0.84	0.82
comparable	0.84	1.10
between	0.84	0.72
studios	0.85	1.01
m8	0.85	1.61
mix	0.85	0.63
3	0.85	1.17
historical	0.85	0.79
jibril	0.85	2.30
accent	0.85	1.42
f	0.85	1.06
finale	0.85	0.96
storytelling	0.85	1.56
miyuki	0.85	0.90
truly	0.85	1.11
haruhi	0.85	0.72
shape	0.85	0.77
tennis	0.85	0.75
lastly	0.85	0.74
flash	0.86	0.85
animate	0.86	1.06
tied	0.86	0.84
demo	0.86	0.63
yuasa	0.86	1.09
entered	0.86	1.07
comedic	0.86	0.81
ni	0.86	0.74
shes	0.86	0.61
japanese	0.86	1.86
summoned	0.86	0.92
hanekawa	0.87	1.23
notable	0.87	0.93
horse	0.87	0.70
three	0.87	1.00
decent	0.87	2.01
akatsuki	0.87	0.87
suzumiya	0.87	0.73
cuteness	0.87	0.86
disney	0.87	0.86
hidamari	0.87	0.45
pose	0.87	0.78
disappearance	0.87	0.72
char	0.87	0.85
romance	0.87	0.56
sexy	0.87	0.70
makoto	0.88	0.96
potato	0.88	0.71
steph	0.88	2.09
legends	0.88	0.80
y	0.88	1.32
chihayafuru	0.88	0.59
k	0.88	1.37
guilty	0.88	0.82
pirates	0.88	0.57
caring	0.88	0.75
eye	0.88	0.79
basic	0.88	1.12
baseball	0.88	0.74
apologies	0.88	2.34
fifth	0.88	0.79
o	0.88	1.21
different	0.88	0.80
staff	0.88	1.04
chemistry	0.89	0.79
fighter	0.89	0.74
board	0.89	1.10
kanbaru	0.89	1.11
suit	0.90	0.81
perfectly	0.90	1.08
mamoru	0.90	1.02
korean	0.90	1.64
lewd	0.90	0.82
grisaia	0.90	0.91
ta	0.90	1.71
relevant	0.90	1.17
hack	0.90	0.80
rose	0.90	0.84
nichijou	0.90	0.79
mobile	0.90	0.88
tales	0.90	0.75
x	0.90	1.15
fish	0.91	0.85
speaking	0.91	1.60
spell	0.91	1.55
genius	0.91	0.95
equally	0.91	1.14
actors	0.91	0.89
chinese	0.91	1.79
tale	0.91	1.09
kanji	0.91	2.27
horizon	0.91	0.79
gainax	0.92	0.95
sport	0.92	0.75
desktop	0.92	0.77
chan	0.92	0.69
nisemonogatari	0.92	0.99
jobs	0.92	0.92
g	0.92	1.01
angle	0.92	0.96
ad	0.92	0.95
player	0.92	0.79
shinobu	0.92	1.34
log	0.92	0.79
digging	0.93	0.86
sketch	0.93	0.44
resonance	0.93	0.68
understandable	0.93	2.47
pronounced	0.93	2.10
sensei	0.93	0.72
names	0.93	2.21
team	0.93	0.85
yo	0.93	1.18
choose	0.93	2.42
80s	0.93	0.85
language	0.93	1.97
spoken	0.93	1.95
fighters	0.93	0.79
consistent	0.94	1.39
second	0.94	0.95
role	0.94	1.03
grail	0.94	0.93
servants	0.94	0.92
nevermind	0.94	2.33
boku	0.94	0.73
cheers	0.95	1.88
okay	0.95	2.17
god	0.95	1.07
kon	0.95	1.18
hmm	0.95	2.08
bonus	0.95	0.83
neither	0.95	2.40
traditional	0.95	1.00
action	0.95	0.60
senpai	0.96	1.03
chess	0.96	1.41
shooter	0.96	0.72
games	0.96	0.78
gundam	0.96	0.82
maou-sama	0.96	0.75
hataraku	0.96	0.76
daioh	0.96	0.67
languages	0.96	1.98
modern	0.96	0.85
tactics	0.96	0.90
2nd	0.97	0.83
sounded	0.97	1.10
yeah	0.97	2.10
centimeters	0.97	0.84
practice	0.97	0.87
haganai	0.97	0.71
yep	0.97	1.90
kajitsu	0.97	0.91
artistic	0.97	1.30
fit	0.97	1.03
bros	0.97	0.82
barakamon	0.98	0.54
moe	0.98	0.63
00	0.98	0.81
grey	0.98	0.94
bridge	0.98	0.67
fought	0.98	1.41
legit	0.99	1.25
sword	0.99	0.73
skip	0.99	0.94
during	0.99	0.75
speaker	0.99	1.83
ms	0.99	0.87
smart	0.99	0.88
typing	1.00	2.20
pictures	1.00	0.89
life	1.00	0.56
hot	1.00	0.68
lost	1.00	1.77
each	1.00	0.84
jin	1.01	0.92
replaced	1.01	0.87
guys	1.01	1.72
looked	1.01	1.11
masters	1.02	0.91
comedy	1.02	0.61
rare	1.02	0.97
aboard	1.02	1.50
beating	1.02	1.93
endings	1.02	1.76
wallpaper	1.02	0.78
root	1.02	1.72
oregairu	1.02	0.60
meaning	1.03	1.89
text	1.03	1.20
believable	1.03	1.11
actress	1.03	1.11
league	1.03	0.87
enju	1.03	0.71
blonde	1.03	0.73
dinner	1.03	0.67
fighting	1.03	0.84
episodic	1.03	0.76
deep	1.03	1.00
ahhh	1.03	1.84
interpretation	1.04	2.70
interactions	1.04	0.90
bread	1.04	0.62
eat	1.04	0.65
wolf	1.04	0.72
votes	1.04	2.24
fuck	1.04	1.61
flashback	1.05	0.83
mikoto	1.05	1.53
scale	1.05	1.06
alley	1.05	1.21
amusing	1.05	0.94
used	1.05	1.75
outbreak	1.05	0.56
u	1.05	1.65
insert	1.05	1.03
packed	1.05	0.82
parasyte	1.06	0.91
dance	1.06	0.69
intelligent	1.06	0.92
seed	1.06	1.03
hearing	1.07	1.18
talent	1.07	0.96
sorry	1.07	2.26
edit	1.07	2.18
challenge	1.07	1.84
seven	1.07	0.87
tea	1.07	0.67
war	1.07	0.84
orange	1.07	0.72
revy	1.07	0.81
formatting	1.07	2.17
iroha	1.07	0.58
utena	1.07	1.10
sama	1.07	0.63
trailer	1.07	0.82
fixed	1.08	2.09
played	1.08	0.81
uh	1.08	2.02
database	1.08	0.83
model	1.08	0.95
nanatsu	1.09	0.87
haired	1.09	0.75
voting	1.09	2.58
da	1.09	1.19
gt	1.09	0.99
nigga	1.09	1.27
legendary	1.09	0.87
mechs	1.10	0.72
chicken	1.10	0.62
oreimo	1.10	0.83
characters	1.10	1.01
karen	1.11	1.34
paint	1.11	0.74
gained	1.11	0.92
kurisu	1.11	1.21
transformation	1.11	0.80
fox	1.11	0.94
azumanga	1.11	0.66
field	1.11	0.80
versus	1.11	0.79
whoops	1.11	2.32
4th	1.12	0.75
detail	1.12	0.96
online	1.12	0.74
trigger	1.12	0.98
wa	1.12	0.75
noucome	1.12	0.74
todoke	1.12	0.68
gits	1.12	0.89
beck	1.12	0.69
charm	1.12	0.88
shigatsu	1.12	0.89
heh	1.12	2.07
mechas	1.12	0.72
sign	1.12	1.03
egg	1.13	0.59
thanks	1.13	1.92
desu	1.13	0.74
against	1.13	1.81
nadeko	1.13	1.26
kyoani	1.13	0.90
shirobako	1.13	0.91
oops	1.13	2.25
ka	1.14	0.74
correctly	1.14	2.79
values	1.14	1.24
ya	1.14	1.86
eating	1.14	0.64
bahamut	1.14	0.93
lucky	1.14	0.49
ty	1.14	1.89
tank	1.14	0.73
trinity	1.14	0.89
studio	1.15	1.02
tho	1.15	1.73
white	1.15	0.73
credits	1.15	0.84
sigh	1.15	1.00
haha	1.15	2.09
wtf	1.15	1.70
food	1.15	0.63
perfect	1.15	1.78
artists	1.16	0.99
means	1.16	2.83
cross	1.16	0.86
p	1.16	2.09
uso	1.16	0.89
yea	1.16	2.06
huh	1.17	1.94
sac	1.17	0.89
posters	1.17	0.94
project	1.17	0.94
wat	1.17	1.74
waifu	1.17	1.98
nani	1.17	0.73
nope	1.17	1.99
kidding	1.18	1.72
aka	1.18	0.64
tomoyo	1.18	2.13
kimi	1.18	0.74
bro	1.18	1.84
username	1.18	1.80
funny	1.18	0.82
girls	1.18	0.61
senjougahara	1.18	1.36
strategy	1.18	0.90
stranger	1.18	0.76
edited	1.19	2.73
literal	1.19	2.66
adventure	1.19	0.73
cars	1.19	0.72
words	1.19	2.15
hitagi	1.20	1.38
accurate	1.20	2.05
slice-of-life	1.20	0.56
shit	1.20	1.74
sol	1.20	0.55
cup	1.21	0.73
holo	1.21	1.76
ah	1.21	2.08
zetsubou	1.21	0.73
picture	1.22	1.07
sentences	1.22	1.90
vs	1.22	1.55
yuru	1.22	0.49
consistently	1.22	1.20
cover	1.23	0.95
hahaha	1.23	1.93
lol	1.23	2.04
sunrise	1.23	0.99
heartwarming	1.23	2.12
tanks	1.23	0.53
victory	1.23	1.47
compete	1.23	2.24
happily	1.23	1.99
silent	1.24	0.67
hah	1.24	1.83
implies	1.24	2.74
sayonara	1.24	0.71
btw	1.24	1.97
contest	1.24	2.73
s.s	1.24	1.71
o_o	1.24	1.83
redline	1.25	0.77
amagi	1.25	0.91
beat	1.25	1.82
complex	1.25	0.88
results	1.26	1.88
blows	1.26	0.94
inaba	1.26	1.63
thank	1.26	1.93
crew	1.27	0.64
final	1.27	0.86
artist	1.27	0.97
covers	1.27	0.91
phrase	1.28	2.82
naru	1.28	0.86
aww	1.28	1.34
forgot	1.28	2.09
vas	1.28	1.24
full	1.28	0.92
um	1.28	1.84
coffee	1.28	0.94
blue	1.28	0.84
nanami	1.28	2.36
appropriate	1.28	1.32
outfit	1.28	0.69
term	1.28	2.59
solo	1.29	0.82
rewatched	1.29	2.08
nana	1.29	0.68
voted	1.30	2.56
arpeggio	1.30	0.69
congratulations	1.30	1.20
indeed	1.30	1.86
hanasaku	1.30	0.59
park	1.30	0.91
play	1.31	0.80
ha	1.31	1.80
yup	1.31	1.96
voices	1.31	1.21
cantabile	1.31	0.72
jesus	1.31	1.14
fav	1.31	2.23
dose	1.31	0.70
antics	1.32	0.75
aria	1.32	0.60
watanabe	1.32	1.13
mate	1.32	1.92
duel	1.32	1.26
1st	1.32	0.74
personalities	1.32	0.97
soooo	1.32	1.30
enjoyable	1.33	0.88
scheme	1.33	0.83
definition	1.33	2.67
ange	1.33	0.88
clover	1.34	0.69
answer	1.34	2.36
hair	1.35	0.72
woah	1.35	1.73
chosen	1.35	2.39
round	1.36	2.21
crowds	1.36	0.74
oh	1.36	1.97
slice	1.36	0.56
purple	1.36	0.73
finals	1.37	2.12
worries	1.37	1.94
lighthearted	1.37	0.87
ships	1.37	1.04
sir	1.37	1.50
alright	1.37	1.93
natsume	1.37	0.52
poll	1.38	2.67
creative	1.38	1.18
fuckin	1.38	1.34
won	1.38	2.66
ahh	1.38	1.99
actor	1.38	1.20
ayase	1.38	2.42
marathoned	1.39	2.10
mistake	1.39	2.74
hearted	1.39	0.87
yellow	1.39	0.71
attractive	1.39	0.89
chiyo	1.40	0.98
ship	1.40	1.37
title	1.40	2.80
clever	1.40	0.89
ok	1.40	1.94
voice	1.40	1.22
roles	1.40	1.17
red	1.40	0.73
win	1.40	2.63
green	1.40	0.74
dynamic	1.40	0.93
gang	1.40	0.74
o.o	1.41	1.88
digital	1.41	0.92
building	1.41	1.16
winning	1.41	2.61
chitoge	1.41	2.36
contrast	1.41	0.79
heroes	1.42	0.81
steam	1.42	0.83
hatoko	1.42	1.93
eve	1.43	0.62
honey	1.43	0.66
explosions	1.43	0.86
presentation	1.43	1.65
quiet	1.43	0.74
cast	1.43	1.03
k-on	1.43	0.51
gorilla	1.43	2.22
meat	1.43	1.48
vote	1.44	2.61
ss	1.45	1.54
sawashiro	1.45	1.13
competition	1.45	2.11
hey	1.45	1.84
odd	1.46	1.25
friendly	1.46	0.70
sentence	1.46	2.74
ova	1.47	0.83
word	1.47	2.79
twintails	1.47	0.73
boss	1.47	0.78
supporting	1.47	1.07
production	1.47	1.12
spelling	1.48	2.82
shots	1.48	0.85
onizuka	1.48	0.74
dude	1.49	1.39
pink	1.49	0.74
girl	1.49	2.38
kuroneko	1.49	2.32
whoa	1.49	1.56
bones	1.49	1.08
marika	1.50	2.40
seiyuu	1.50	1.19
thats	1.51	1.85
hanakana	1.51	1.08
nodame	1.51	0.70
voiced	1.51	1.19
miku	1.51	0.76
finished	1.51	2.02
macross	1.51	0.78
winner	1.51	2.55
chase	1.51	0.82
exciting	1.52	0.97
wins	1.53	2.52
record	1.54	0.93
effective	1.54	1.00
match	1.54	1.87
legend	1.54	0.79
man	1.54	1.77
favourite	1.55	2.18
grammar	1.55	2.67
xd	1.55	1.88
usagi	1.56	0.53
compelling	1.56	1.01
tsugumi	1.56	2.30
tournament	1.56	2.04
slope	1.56	0.77
category	1.56	2.01
features	1.56	0.89
bracket	1.56	2.09
ovas	1.57	0.78
proper	1.57	2.10
insane	1.57	1.33
kana	1.57	1.09
relatable	1.57	1.04
transition	1.57	0.86
galactic	1.58	0.78
entertaining	1.58	0.85
faces	1.59	0.81
both	1.59	0.87
fits	1.59	0.82
und	1.59	0.49
tamako	1.59	0.48
darn	1.59	1.05
panzer	1.59	0.48
cuts	1.60	0.86
first	1.60	1.90
concept	1.60	1.51
scenes	1.61	0.80
props	1.61	0.94
animating	1.61	1.12
unusual	1.62	0.90
onodera	1.62	2.28
budget	1.63	1.08
non	1.64	0.51
useful	1.65	0.96
biyori	1.66	0.50
engaging	1.66	1.00
glorious	1.66	0.75
calm	1.66	0.73
fresh	1.66	0.72
loving	1.66	1.31
hanazawa	1.66	1.13
va	1.67	1.28
rough	1.67	1.17
matches	1.68	1.61
relax	1.68	0.81
imagery	1.69	1.00
poster	1.69	0.80
platinum	1.71	0.83
dang	1.72	1.48
shaft	1.73	1.05
sequence	1.73	0.85
likable	1.74	1.03
favourites	1.74	1.92
fps	1.75	0.90
kawaii	1.76	0.63
merry	1.77	1.69
setting	1.78	0.97
delicious	1.78	0.63
likeable	1.79	1.01
mosaic	1.80	0.53
drawing	1.80	0.82
ftfy	1.82	1.64
madhouse	1.82	1.10
idol	1.83	0.70
otp	1.83	2.13
sound	1.84	1.20
animated	1.85	1.03
drawn	1.85	0.86
models	1.86	0.99
christmas	1.87	1.78
camera	1.89	0.93
lisa	1.89	0.86
aw	1.89	1.31
expressions	1.90	0.81
combination	1.91	0.79
flawless	1.93	1.81
appealing	1.94	0.89
refreshing	1.94	1.08
fell	1.95	1.55
2d	1.95	0.96
triangle	1.96	1.44
crown	1.96	0.87
interest	1.96	1.50
candy	1.96	0.55
rich	1.97	0.82
battles	1.98	0.82
garden	1.98	0.78
grand	2.00	1.11
facial	2.01	0.85
lt	2.01	1.27
aoty	2.02	1.64
direction	2.02	1.66
acting	2.03	1.93
adore	2.03	1.42
birthday	2.04	1.88
pop	2.04	0.98
playing	2.05	0.88
fight	2.05	0.72
fights	2.06	0.71
such	2.07	0.91
amazingly	2.07	1.03
fun	2.07	0.96
fucking	2.07	1.35
terrifying	2.08	1.33
interesting	2.09	0.97
nailed	2.10	1.38
highlight	2.10	1.24
rock	2.12	0.89
unicorn	2.12	1.03
frame	2.14	0.86
battle	2.14	1.10
performance	2.14	1.23
color	2.14	0.80
3d	2.15	1.00
especially	2.16	1.32
sing	2.16	0.97
plays	2.18	0.91
yes	2.18	1.95
dated	2.18	1.07
cg	2.19	1.00
distinct	2.19	0.89
frames	2.21	0.87
dancing	2.21	0.70
atmosphere	2.24	0.88
cgi	2.24	0.95
styles	2.25	0.97
holy	2.25	1.61
vocaloid	2.25	0.95
pieces	2.25	0.97
combined	2.26	0.92
intro	2.27	0.93
good	2.27	1.35
bright	2.28	0.67
movement	2.29	0.85
romantic	2.30	1.39
theme	2.31	0.98
colour	2.32	0.82
beautifully	2.33	0.96
singing	2.33	0.99
ed	2.34	0.93
design	2.34	1.25
yuki	2.34	0.97
interests	2.34	1.33
openings	2.36	0.96
charming	2.37	0.74
band	2.38	0.92
similar	2.38	0.91
motion	2.39	0.87
hilarious	2.40	1.02
piano	2.40	0.92
cake	2.41	1.33
aesthetic	2.42	1.26
badass	2.43	1.21
nuts	2.43	1.19
guitar	2.46	0.90
eds	2.48	0.95
sharing	2.48	1.56
ops	2.49	0.99
notch	2.52	1.73
wow	2.52	1.74
laid	2.53	1.11
hiroyuki	2.54	1.13
drawings	2.54	0.89
excellent	2.56	1.69
lab	2.56	1.26
lyrics	2.56	0.96
hina	2.56	1.42
opening	2.56	0.96
musical	2.57	1.10
track	2.58	1.03
effects	2.59	1.04
colors	2.59	0.77
superb	2.61	1.71
tattoo	2.61	1.14
lovable	2.61	0.96
omg	2.62	1.44
intriguing	2.62	1.18
sequences	2.63	1.00
song	2.63	0.99
phenomenal	2.64	1.67
ore	2.67	1.33
solid	2.68	1.44
listened	2.68	1.02
simple	2.69	1.24
yay	2.69	1.15
damn	2.72	1.36
style	2.78	1.13
yoko	2.79	0.88
boat	2.80	1.17
classical	2.81	0.91
warm	2.82	1.37
tracks	2.83	1.00
listening	2.85	0.98
adorable	2.86	0.91
dat	2.88	1.19
jazz	2.89	0.98
great	2.89	1.28
listen	2.89	0.99
detailed	2.90	0.89
osts	2.96	1.01
songs	2.99	0.96
brilliant	2.99	1.06
soft	3.01	0.86
job	3.01	1.17
cute	3.05	0.99
animations	3.05	0.94
pleasant	3.06	1.04
art	3.07	1.02
chill	3.08	0.87
looks	3.08	0.91
artstyle	3.08	0.98
outstanding	3.09	1.33
clean	3.11	0.81
memorable	3.11	1.03
visually	3.12	0.96
colorful	3.13	0.87
op	3.14	0.94
sawano	3.18	1.10
unique	3.18	1.03
animation	3.21	1.24
backgrounds	3.22	0.89
op/ed	3.23	1.05
catchy	3.25	0.91
artwork	3.32	1.08
spectacular	3.32	1.18
neat	3.35	0.73
visuals	3.36	1.15
relaxing	3.36	0.81
absolutely	3.36	0.97
smooth	3.39	0.74
kanno	3.41	1.09
stunning	3.42	1.12
soundtracks	3.43	1.08
lovely	3.44	0.64
fitting	3.46	0.70
incredible	3.46	1.10
plus	3.47	0.97
cool	3.50	0.84
background	3.51	0.69
designs	3.51	0.76
music	3.52	1.02
ost	3.55	1.00
sweet	3.57	0.79
freaking	3.61	0.81
gorgeous	3.61	1.03
soundtrack	3.65	1.03
epic	3.67	0.86
impressive	3.68	0.79
wonderful	3.74	0.82
scenery	3.79	0.73
beautiful	3.87	0.66
