hating	-4.95	2.03
flat	-4.84	2.47
rival	-4.63	2.81
liking	-4.60	2.11
killed	-4.50	2.41
itt	-4.40	2.16
nightmare	-4.37	2.43
rip	-4.32	2.74
dealing	-4.32	2.46
rivalries	-4.31	2.65
disaster	-4.29	2.35
breaking	-4.15	3.65
except	-4.12	2.40
changeup	-4.03	3.94
cutter	-3.96	3.98
fastball	-3.94	4.11
circle	-3.88	2.21
movement	-3.87	4.10
throws	-3.85	4.08
giambi	-3.83	3.06
break	-3.80	3.37
slider	-3.78	4.15
timing	-3.75	1.72
curve	-3.73	4.14
curveball	-3.69	4.16
sliders	-3.69	4.12
evil	-3.69	2.27
oscar	-3.67	3.04
splitter	-3.67	4.01
yankees	-3.65	3.48
garbage	-3.61	2.50
taveras	-3.60	3.17
death	-3.59	3.02
root	-3.57	3.03
mph	-3.57	3.68
beat	-3.56	3.21
die	-3.55	2.64
disgusting	-3.54	2.46
sucked	-3.51	1.68
throw	-3.50	3.73
command	-3.50	3.75
pathetic	-3.49	2.48
fastballs	-3.46	3.72
swear	-3.46	2.19
military	-3.45	2.64
throwing	-3.42	3.65
hitler	-3.42	2.27
crushed	-3.39	2.75
dislike	-3.37	2.54
knuckleball	-3.37	3.88
hanging	-3.36	3.47
95	-3.33	3.28
fans	-3.32	3.22
fan	-3.31	3.41
velocity	-3.31	3.48
94	-3.30	3.25
passing	-3.30	2.94
pitches	-3.28	3.54
everybody	-3.27	2.83
pitch	-3.27	3.59
questionable	-3.24	2.75
unlike	-3.24	2.08
combo	-3.23	3.56
92	-3.19	3.09
98	-3.16	2.80
96	-3.16	2.87
brutal	-3.15	2.41
haters	-3.12	2.60
spin	-3.12	3.40
miserable	-3.10	2.44
loss	-3.09	3.04
upcoming	-3.08	2.72
93	-3.07	2.99
hatred	-3.04	2.49
filthy	-3.04	3.10
bandwagon	-3.02	2.88
dying	-3.01	2.96
90	-3.00	3.01
blame	-2.99	2.29
crappy	-2.97	2.66
70	-2.97	3.01
jerk	-2.97	2.07
booed	-2.97	2.22
thrown	-2.97	3.23
threw	-2.96	3.39
pisses	-2.96	1.84
wave	-2.93	2.47
sentiment	-2.93	2.30
inconsistent	-2.93	2.62
99	-2.92	2.53
97	-2.91	2.54
80s	-2.90	2.71
sits	-2.90	3.10
85	-2.89	2.84
rivalry	-2.89	2.54
peace	-2.89	3.18
unfortunate	-2.89	2.42
plane	-2.89	1.10
88	-2.89	2.84
control	-2.87	3.15
died	-2.86	2.09
blind	-2.83	2.33
86	-2.83	2.76
87	-2.82	2.77
crash	-2.82	1.69
likes	-2.80	3.12
89	-2.79	2.60
news	-2.78	3.08
accident	-2.76	1.73
101	-2.75	2.96
91	-2.75	2.70
mid	-2.74	2.94
84	-2.74	2.70
complain	-2.74	2.63
grip	-2.72	2.94
mets	-2.70	2.87
red	-2.64	2.86
cardinals	-2.64	2.87
heat	-2.64	2.17
tells	-2.62	2.91
giants	-2.60	3.00
sox	-2.59	2.82
cards	-2.57	2.97
65	-2.56	2.58
beaten	-2.56	1.08
tigers	-2.55	2.80
thankfully	-2.55	2.23
82	-2.53	2.59
record	-2.53	3.57
rangers	-2.52	2.74
recognized	-2.51	2.31
braves	-2.51	2.79
75	-2.50	2.52
83	-2.49	2.52
delivery	-2.49	2.97
change	-2.48	2.44
stacked	-2.48	2.67
dead	-2.46	3.21
dirty	-2.46	3.26
fucked	-2.45	2.29
105	-2.44	2.56
mariners	-2.44	2.68
slower	-2.43	2.78
yanks	-2.42	2.35
innocent	-2.42	3.01
dodgers	-2.41	2.74
pirates	-2.40	2.67
hindsight	-2.40	2.63
orioles	-2.38	2.76
reynolds	-2.37	2.28
angels	-2.37	2.64
screw	-2.37	2.70
80	-2.36	2.53
brewers	-2.35	2.60
fault	-2.33	2.24
marlins	-2.33	2.59
swept	-2.32	2.29
81	-2.32	2.45
reds	-2.30	2.54
rivals	-2.30	1.97
d-backs	-2.29	2.52
adams	-2.28	1.67
phillies	-2.27	2.49
tony	-2.27	1.77
passed	-2.24	1.87
beating	-2.23	1.99
padres	-2.23	2.23
diamondbacks	-2.23	2.46
nationals	-2.21	2.50
0-2	-2.20	2.86
suck	-2.20	2.50
twins	-2.20	2.48
faith	-2.19	2.12
rough	-2.19	2.58
athletics	-2.19	2.52
rockies	-2.19	2.37
breaks	-2.18	1.97
rays	-2.18	2.46
tops	-2.18	2.59
wong	-2.17	1.70
astros	-2.17	2.46
bullshit	-2.17	2.34
broke	-2.16	1.41
inside	-2.15	2.63
peralta	-2.15	1.54
nats	-2.15	2.69
atrocious	-2.13	2.57
04	-2.12	1.51
improved	-2.12	2.55
90s	-2.10	2.48
disappointing	-2.10	2.49
06	-2.10	1.49
shock	-2.09	2.50
sucks	-2.07	2.41
cancer	-2.05	1.47
thoughts	-2.04	2.86
05	-2.03	1.47
ignorant	-2.03	2.37
known	-2.02	2.11
killer	-2.00	2.69
shocking	-2.00	2.41
kozma	-1.99	1.49
09	-1.99	1.41
padre	-1.98	1.53
peter	-1.98	1.04
carpenter	-1.98	1.42
decisions	-1.97	2.84
collapse	-1.96	1.18
cubs	-1.96	2.18
jay	-1.95	1.42
against	-1.95	2.09
defending	-1.94	1.08
1-2	-1.94	2.37
cheering	-1.93	1.55
swinging	-1.92	2.46
jays	-1.92	2.24
sucking	-1.91	1.09
def	-1.91	1.61
holliday	-1.90	1.40
car	-1.90	1.27
broken	-1.89	1.55
shitting	-1.89	1.41
indians	-1.88	2.17
cowboys	-1.87	1.64
dbacks	-1.86	2.06
wacha	-1.86	1.41
110	-1.86	2.00
par	-1.86	2.70
d'backs	-1.86	2.01
spell	-1.85	3.88
sweeping	-1.85	2.34
corners	-1.85	2.05
07	-1.85	1.36
03	-1.84	1.35
gwynn	-1.82	1.66
sweep	-1.80	2.50
55	-1.79	1.95
shelby	-1.79	1.46
accuracy	-1.79	1.85
08	-1.78	1.31
jets	-1.78	1.93
70s	-1.75	2.20
wins	-1.75	1.89
blaming	-1.75	1.19
hung	-1.75	1.12
knows	-1.74	3.41
typical	-1.73	1.08
fallen	-1.72	0.79
bus	-1.72	0.97
punch	-1.71	0.88
lost	-1.71	1.42
fell	-1.71	0.87
cry	-1.71	3.27
fact	-1.71	4.07
lynn	-1.70	1.43
depressing	-1.70	2.42
sees	-1.70	3.44
gb	-1.70	2.02
thinks	-1.68	3.41
clue	-1.68	3.59
interleague	-1.67	1.31
rooting	-1.66	3.62
central	-1.66	2.06
swing	-1.66	1.60
knocked	-1.66	0.81
whining	-1.66	1.37
claiming	-1.64	1.28
cardinal	-1.64	1.72
swings	-1.63	1.58
lakers	-1.63	1.36
respectable	-1.63	2.91
60	-1.62	1.96
secondary	-1.61	1.43
assholes	-1.61	1.31
train	-1.61	0.86
possibly	-1.60	3.53
smart	-1.60	2.55
idiots	-1.60	1.13
polanco	-1.59	1.35
sarcastic	-1.59	3.06
painful	-1.59	2.37
boston	-1.58	2.07
finger	-1.58	2.01
dicks	-1.58	1.19
release	-1.58	2.05
struggles	-1.58	1.52
mind	-1.58	4.03
bad	-1.58	2.67
simply	-1.57	3.40
destroyed	-1.57	0.90
100	-1.57	1.97
vs	-1.57	1.85
knees	-1.57	1.83
waino	-1.56	1.20
nlds	-1.56	1.80
seahawks	-1.56	1.60
believes	-1.55	3.19
west	-1.55	1.95
fanbase	-1.54	1.24
island	-1.54	1.12
heard	-1.53	3.33
fastest	-1.53	4.07
struggled	-1.52	1.36
gun	-1.52	2.16
here	-1.51	4.14
toss	-1.51	2.16
differently	-1.51	3.14
falling	-1.50	0.89
rely	-1.50	1.55
kicked	-1.50	0.72
lackey	-1.50	1.27
idiotic	-1.50	2.39
mess	-1.49	0.98
matt	-1.49	0.92
andy	-1.48	1.05
ruining	-1.47	0.81
ravens	-1.47	1.69
east	-1.47	1.93
what	-1.46	4.34
shitty	-1.46	2.66
defend	-1.46	1.33
chapman	-1.46	1.37
action	-1.45	2.30
kenny	-1.45	1.01
honor	-1.45	1.11
slow	-1.44	2.71
speed	-1.43	1.97
improving	-1.42	1.82
eliminated	-1.42	1.43
blew	-1.42	1.21
disappointment	-1.41	1.01
realize	-1.41	4.29
pence	-1.41	1.53
point	-1.41	4.17
bourjos	-1.41	1.62
rep	-1.41	0.74
saying	-1.40	4.14
family	-1.40	1.80
white	-1.40	1.91
v	-1.40	2.04
lefties	-1.40	1.82
bitching	-1.39	1.30
moron	-1.39	0.98
clemente	-1.39	0.95
mediocre	-1.39	2.85
dickey	-1.39	1.67
traffic	-1.38	1.12
mix	-1.37	1.86
loria	-1.37	0.79
raiders	-1.37	1.52
were	-1.36	1.63
mechanics	-1.35	1.39
yadi	-1.35	1.08
misses	-1.35	1.53
uehara	-1.34	1.42
browns	-1.34	1.60
spoiled	-1.34	1.40
kings	-1.34	1.43
poor	-1.33	2.69
driving	-1.33	1.23
2000s	-1.33	1.52
nlcs	-1.32	1.54
bush	-1.32	0.92
watches	-1.32	3.22
royals	-1.32	2.37
struggling	-1.31	1.55
nyy	-1.31	1.67
dip	-1.31	1.26
harsh	-1.30	2.38
re	-1.30	4.06
franchise	-1.30	3.88
pace	-1.30	1.73
boo	-1.30	1.19
o	-1.30	2.13
2000	-1.29	1.31
lose	-1.29	1.69
cheer	-1.29	1.48
quit	-1.29	1.02
50	-1.28	1.75
alcs	-1.28	1.44
miller	-1.28	1.33
fluke	-1.28	1.24
supporting	-1.28	1.03
phils	-1.27	1.57
burned	-1.27	0.55
records	-1.27	2.12
blows	-1.27	1.28
swisher	-1.27	0.95
retire	-1.27	1.17
underdogs	-1.26	1.93
heart	-1.26	1.18
beats	-1.26	0.91
alds	-1.26	1.57
destroy	-1.25	0.82
suffering	-1.25	1.16
failure	-1.25	1.22
helton	-1.24	0.83
trust	-1.24	1.02
dynasty	-1.24	0.94
motion	-1.24	1.88
fish	-1.24	0.89
pile	-1.23	1.08
sharks	-1.23	1.50
stl	-1.23	1.41
rid	-1.22	0.73
carried	-1.22	1.17
tim	-1.22	0.94
120	-1.20	1.83
bs	-1.20	1.37
york	-1.20	1.87
matheny	-1.20	1.32
wainwright	-1.20	1.03
girlfriend	-1.20	1.35
rosenthal	-1.19	1.53
kill	-1.19	1.32
divisions	-1.19	1.32
apart	-1.19	1.03
victim	-1.19	0.91
expos	-1.19	1.59
tejada	-1.19	0.94
brilliant	-1.18	2.65
lights	-1.18	2.81
circlejerk	-1.18	1.39
os	-1.17	2.18
confidence	-1.17	0.99
sharp	-1.17	4.10
rekt	-1.17	1.36
beloved	-1.16	2.53
dominican	-1.16	1.03
frustrating	-1.16	2.26
superior	-1.16	2.68
booing	-1.16	1.02
bo	-1.15	1.03
lay	-1.15	1.60
acted	-1.15	1.10
jumped	-1.15	0.80
prepare	-1.15	0.99
streak	-1.15	2.38
early	-1.15	1.78
blow	-1.15	1.07
bears	-1.14	1.27
butthurt	-1.14	1.74
bucs	-1.14	1.72
asshole	-1.14	1.12
koji	-1.14	1.37
competition	-1.14	1.31
kills	-1.13	1.30
segura	-1.13	1.14
opponent	-1.13	1.30
bos	-1.13	1.35
wrist	-1.12	1.37
blues	-1.12	1.52
recognize	-1.12	1.83
suffered	-1.12	1.02
jump	-1.12	0.90
late	-1.11	1.78
lebron	-1.10	0.93
dealt	-1.10	0.88
waste	-1.10	1.05
spit	-1.10	1.15
clearly	-1.09	4.29
supposed	-1.09	4.10
regional	-1.08	1.02
right	-1.08	4.15
stuff	-1.08	2.90
nuts	-1.08	1.93
ny	-1.08	1.68
lewis	-1.07	0.83
consecutive	-1.07	2.19
roberto	-1.07	0.89
disrespectful	-1.07	1.37
fandom	-1.07	1.39
sarcasm	-1.07	3.82
drove	-1.06	1.04
francisco	-1.06	1.58
attack	-1.06	1.33
existed	-1.06	0.95
molina	-1.06	1.02
moves	-1.05	1.68
organization	-1.05	1.64
los	-1.05	1.66
chiefs	-1.05	1.49
messed	-1.05	1.15
tobacco	-1.05	0.99
literally	-1.05	1.71
atlanta	-1.05	1.62
angeles	-1.05	1.66
wc	-1.05	1.61
senators	-1.05	1.36
jon	-1.04	1.15
craig	-1.04	1.00
crushing	-1.04	1.12
teeth	-1.04	0.97
detroit	-1.03	1.60
pittsburgh	-1.03	1.60
part	-1.03	3.56
rodney	-1.03	0.91
pr	-1.03	1.29
stick	-1.03	1.12
teach	-1.02	1.47
pit	-1.02	1.30
arizona	-1.02	1.55
genius	-1.02	1.60
tradition	-1.02	0.97
cincinnati	-1.02	1.53
wrc	-1.02	1.77
chavez	-1.02	0.80
acknowledge	-1.01	1.79
30s	-1.01	1.56
28	-1.00	1.25
luckily	-1.00	0.99
unfair	-1.00	2.28
26	-1.00	1.27
shutout	-1.00	1.92
yadier	-1.00	1.00
influence	-1.00	1.38
percent	-1.00	1.63
clark	-1.00	1.03
blowing	-0.99	1.04
longest	-0.99	3.79
idiot	-0.98	1.06
freese	-0.98	1.02
thome	-0.98	0.69
losers	-0.98	1.17
santa	-0.98	0.87
passes	-0.98	1.00
officially	-0.98	1.47
minnesota	-0.98	1.52
stellar	-0.98	2.68
hunter	-0.98	1.31
radar	-0.98	1.53
prick	-0.97	1.09
colorado	-0.97	1.42
19	-0.97	1.26
belle	-0.97	0.94
scoreless	-0.97	1.97
3-0	-0.97	2.06
baltimore	-0.97	1.55
philadelphia	-0.97	1.56
sudden	-0.96	1.14
hop	-0.96	0.84
degrees	-0.96	1.49
and/or	-0.96	1.22
became	-0.95	1.21
rivera	-0.95	1.17
sf	-0.95	1.17
changes	-0.95	1.17
anaheim	-0.94	1.55
count	-0.94	2.06
suffer	-0.94	0.96
40	-0.94	1.57
davis	-0.94	1.09
miami	-0.94	1.55
46	-0.94	1.42
la	-0.94	1.43
knock	-0.94	1.17
dumb	-0.93	2.38
drunk	-0.93	1.39
twice	-0.93	1.51
ripped	-0.92	0.89
louis	-0.92	1.53
douchebag	-0.92	1.02
goldschmidt	-0.92	1.08
blue	-0.92	1.67
drastically	-0.92	1.21
casual	-0.92	1.28
robin	-0.92	1.10
hide	-0.92	1.05
douche	-0.92	1.08
losses	-0.92	1.43
winning	-0.92	1.62
lacking	-0.91	1.66
devil	-0.91	1.10
seattle	-0.91	1.51
desperate	-0.91	1.46
goldy	-0.91	1.03
mediocrity	-0.91	1.37
bubble	-0.91	1.04
chicago	-0.90	1.54
agree	-0.90	4.31
acting	-0.90	1.03
milwaukee	-0.90	1.51
2007	-0.89	1.21
cueto	-0.89	0.98
improve	-0.89	1.21
sea	-0.89	1.28
dick	-0.89	1.17
chant	-0.89	1.04
feelings	-0.89	1.03
2-0	-0.88	2.10
scrub	-0.88	1.09
votto	-0.88	0.96
pitched	-0.88	1.86
56	-0.88	1.47
mass	-0.88	0.84
assumed	-0.88	3.71
washington	-0.87	1.45
non	-0.87	1.18
2005	-0.87	1.21
2006	-0.87	1.21
backs	-0.87	1.22
cutch	-0.87	0.93
cut	-0.87	1.08
legend	-0.87	1.08
harper	-0.87	1.23
choices	-0.86	1.31
st	-0.86	1.47
sd	-0.86	0.96
spelling	-0.86	3.77
selig	-0.86	0.70
everyone	-0.86	1.89
3-1	-0.86	2.19
win	-0.86	1.30
innings	-0.86	1.81
trash	-0.86	1.32
respect	-0.86	2.97
de	-0.85	0.85
struck	-0.85	1.74
parra	-0.85	1.11
shut	-0.85	1.20
strasburg	-0.85	1.19
mariner	-0.85	1.33
mccutchen	-0.85	1.06
seen	-0.85	3.77
liriano	-0.85	0.91
battle	-0.85	0.82
2008	-0.85	1.22
self	-0.85	1.08
between	-0.85	1.24
2009	-0.84	1.21
treated	-0.84	0.80
crush	-0.84	0.81
backwards	-0.84	0.94
allen	-0.84	0.95
29	-0.84	1.22
3-2	-0.84	2.23
lance	-0.84	0.87
outside	-0.84	1.58
repeatedly	-0.84	0.89
baseball	-0.83	3.91
houston	-0.83	1.51
min	-0.83	1.21
lad	-0.83	1.20
2004	-0.83	1.19
location	-0.83	1.46
closest	-0.83	3.79
brooklyn	-0.82	1.54
cleveland	-0.82	1.33
laa	-0.82	1.22
2001	-0.82	1.16
bone	-0.82	0.96
freak	-0.82	1.29
lucroy	-0.82	0.93
moore	-0.81	0.78
ownership	-0.81	1.21
schoop	-0.81	0.90
zimmermann	-0.81	1.16
load	-0.81	1.08
phil	-0.81	1.11
righties	-0.81	1.64
gardner	-0.81	1.21
2003	-0.81	1.09
2002	-0.81	1.17
papi	-0.81	0.97
lesser	-0.81	1.21
joey	-0.81	1.00
gio	-0.81	1.14
zimmerman	-0.81	1.23
recorded	-0.80	2.77
phillips	-0.80	0.94
23	-0.80	1.24
garcia	-0.80	0.97
theo	-0.80	1.16
swung	-0.80	1.89
swap	-0.80	0.69
suzuki	-0.80	0.70
referring	-0.80	3.74
nobody	-0.80	2.04
abad	-0.80	1.30
opponents	-0.79	1.11
express	-0.79	1.07
intentionally	-0.79	1.54
punished	-0.79	0.89
17	-0.79	1.24
gms	-0.79	1.52
batters	-0.78	1.94
chanting	-0.78	0.83
ovation	-0.78	1.01
games	-0.78	1.64
trumbo	-0.78	1.07
texas	-0.78	1.48
stuck	-0.78	0.95
oakland	-0.78	1.54
mr	-0.78	1.26
fo	-0.78	1.16
father	-0.77	1.48
atl	-0.77	1.25
lowest	-0.77	4.49
ws	-0.77	1.17
tampa	-0.77	1.33
wright	-0.77	1.06
25	-0.77	1.27
dump	-0.77	1.15
kent	-0.77	0.68
44	-0.77	1.41
24	-0.77	1.24
truck	-0.76	1.09
dumbass	-0.76	1.39
trolling	-0.76	2.20
rush	-0.76	0.91
strike	-0.76	2.06
complete	-0.76	1.22
pulls	-0.76	1.08
consistently	-0.76	1.73
bryce	-0.76	1.18
todd	-0.76	0.79
handed	-0.76	1.99
whereas	-0.76	1.08
30	-0.75	1.31
holding	-0.75	1.53
top	-0.75	4.55
tyler	-0.75	1.08
grant	-0.75	0.85
philly	-0.75	1.32
daniel	-0.75	0.87
mark	-0.75	0.76
pushed	-0.75	0.88
everything	-0.75	2.19
unbelievable	-0.75	2.42
century	-0.75	1.84
kirk	-0.75	0.71
harold	-0.75	0.71
163	-0.75	1.26
beane	-0.75	1.13
oak	-0.74	1.18
teammate	-0.74	0.94
150	-0.74	1.58
issues	-0.74	1.03
times	-0.74	1.62
wildcard	-0.74	1.42
mention	-0.74	1.55
napoli	-0.74	0.92
coke	-0.74	1.04
mentality	-0.74	0.90
replacing	-0.74	1.09
cashman	-0.73	1.28
albert	-0.73	0.89
dirt	-0.73	1.62
rendon	-0.73	1.18
frazier	-0.73	1.02
torii	-0.73	0.83
marks	-0.73	1.12
discipline	-0.73	1.37
approach	-0.73	0.97
volquez	-0.73	1.04
card	-0.73	1.40
duda	-0.73	1.03
strikeout	-0.73	1.85
latos	-0.73	0.96
else	-0.73	2.16
scream	-0.73	0.94
2012	-0.72	1.25
toronto	-0.72	1.38
140	-0.72	1.55
fucks	-0.72	1.11
similarly	-0.72	1.45
teammates	-0.72	0.64
aj	-0.72	0.90
andrew	-0.72	1.02
zito	-0.72	0.81
differential	-0.72	1.50
pirate	-0.71	1.16
problems	-0.71	1.01
everywhere	-0.71	1.32
treatment	-0.71	0.65
entitled	-0.71	1.06
jason	-0.71	0.80
recognition	-0.71	0.92
horse	-0.70	1.16
eye	-0.70	1.16
desmond	-0.70	1.23
elimination	-0.70	1.32
a-rod	-0.70	1.01
ramos	-0.70	1.15
ranger	-0.70	1.35
prone	-0.70	1.45
respected	-0.70	2.54
series	-0.70	1.21
fellow	-0.70	1.71
det	-0.70	1.22
tillman	-0.70	0.90
stops	-0.70	0.97
fister	-0.70	1.08
obnoxious	-0.69	1.39
matchups	-0.69	1.15
finals	-0.69	1.17
flying	-0.69	0.79
51	-0.69	1.28
nowadays	-0.69	1.27
130	-0.69	1.54
cocky	-0.69	1.22
cliff	-0.69	0.92
1999	-0.69	1.13
solarte	-0.69	1.05
stanton	-0.69	1.03
machado	-0.69	0.91
excitement	-0.69	1.17
duel	-0.68	1.36
amaro	-0.68	0.86
dd	-0.68	0.81
buchholz	-0.68	0.82
27	-0.68	1.25
ortiz	-0.68	1.06
48	-0.68	1.46
d'arnaud	-0.68	0.99
markakis	-0.68	0.93
1997	-0.68	1.10
22	-0.68	1.25
petty	-0.68	1.64
35	-0.68	1.34
sabean	-0.68	1.16
mauer	-0.68	0.95
amongst	-0.68	4.63
2011	-0.68	1.26
harrison	-0.67	1.02
wild	-0.67	1.39
killing	-0.67	1.18
rumor	-0.67	1.49
trout	-0.67	1.13
excuses	-0.67	1.27
kinsler	-0.67	1.07
balls	-0.67	1.61
usual	-0.67	0.96
ship	-0.67	0.86
rice	-0.67	0.81
burn	-0.67	0.90
redskins	-0.66	1.22
friedman	-0.66	1.29
san	-0.66	1.29
fuck	-0.66	2.82
slump	-0.66	1.04
eric	-0.66	0.77
20	-0.66	1.32
16	-0.66	1.25
kennedy	-0.66	0.94
towers	-0.66	0.83
21	-0.66	1.25
bay	-0.66	1.20
32	-0.66	1.28
david	-0.66	0.94
faster	-0.66	1.47
kansas	-0.66	1.44
1996	-0.66	1.04
longoria	-0.66	1.02
pedroia	-0.66	1.02
no-hitters	-0.66	2.01
37	-0.65	1.31
bailey	-0.65	0.94
won	-0.65	1.17
tulowitzki	-0.65	1.02
who	-0.65	1.61
walker	-0.65	0.83
wears	-0.65	0.73
strategy	-0.65	1.48
fool	-0.65	0.88
throughout	-0.65	1.37
bernie	-0.65	0.66
piece	-0.65	1.09
38	-0.65	1.31
jerry	-0.65	1.42
nl	-0.65	1.73
carp	-0.65	0.93
among	-0.65	4.77
murphy	-0.65	1.05
kicking	-0.65	0.94
pennant	-0.65	1.25
championships	-0.64	1.44
troy	-0.64	1.01
span	-0.64	1.13
mouth	-0.64	1.08
media	-0.64	0.88
gee	-0.64	1.00
trevor	-0.64	0.94
18	-0.64	1.25
purpose	-0.64	1.81
33	-0.64	1.30
dry	-0.64	1.19
delgado	-0.64	0.70
marte	-0.64	1.07
mountain	-0.64	1.00
improvement	-0.64	1.20
bitch	-0.64	1.21
brought	-0.64	0.84
zone	-0.63	1.98
clayton	-0.63	1.03
celebrate	-0.63	1.07
teams	-0.63	1.39
plan	-0.63	1.16
1986	-0.63	1.10
tb	-0.63	1.00
nhl	-0.63	1.41
ankle	-0.63	0.99
majors	-0.63	4.19
yasiel	-0.63	0.99
low	-0.63	1.99
ike	-0.63	1.11
hang	-0.63	1.25
world	-0.63	1.18
righty	-0.63	1.84
garza	-0.63	0.83
giancarlo	-0.63	1.11
shortstops	-0.63	4.41
granderson	-0.62	1.01
pujols	-0.62	0.99
titles	-0.62	1.26
raj	-0.62	0.95
acts	-0.62	0.96
gausman	-0.62	0.88
hoffman	-0.62	1.06
degrom	-0.62	1.06
ups	-0.62	1.33
13	-0.62	1.25
counts	-0.62	1.84
wieters	-0.62	0.88
utley	-0.62	1.09
truth	-0.62	1.25
increased	-0.61	1.53
1998	-0.61	1.03
pearce	-0.61	0.89
fall	-0.61	0.92
paul	-0.61	0.94
people	-0.61	1.57
ruben	-0.61	0.81
greinke	-0.61	0.94
14	-0.61	1.25
playoffs	-0.61	1.25
evan	-0.61	1.08
cared	-0.61	1.46
division	-0.61	1.55
declining	-0.61	1.43
bp	-0.61	1.37
wheeler	-0.61	1.03
34	-0.60	1.24
greatly	-0.60	1.15
drought	-0.60	2.39
believing	-0.60	1.80
pass	-0.60	1.09
drop	-0.60	1.16
cabrera	-0.60	1.08
15	-0.60	1.27
largest	-0.60	4.26
1991	-0.60	1.07
hardy	-0.60	0.98
puig	-0.60	0.99
britton	-0.60	0.87
miggy	-0.60	1.03
luis	-0.60	0.98
appearances	-0.59	1.57
slight	-0.59	1.40
basically	-0.59	1.98
diego	-0.59	1.48
cano	-0.59	1.06
kemp	-0.59	0.96
our	-0.59	3.63
fire	-0.59	0.89
montreal	-0.59	1.39
boost	-0.58	1.14
rod	-0.58	0.75
werth	-0.58	1.02
beltran	-0.58	0.91
rhp	-0.58	1.04
george	-0.58	0.75
12	-0.58	1.26
tex	-0.58	1.12
follow	-0.58	1.18
nose	-0.58	0.96
at-bat	-0.58	1.59
consistency	-0.58	0.85
gm	-0.57	1.27
45	-0.57	1.31
since	-0.57	1.18
bumgarner	-0.57	0.74
anybody	-0.57	2.00
jumping	-0.57	0.85
ellsbury	-0.57	0.95
nba	-0.57	1.25
admitted	-0.57	0.71
interest	-0.57	1.08
machine	-0.57	0.97
uggla	-0.57	0.90
joking	-0.57	3.69
knee	-0.57	1.01
bowl	-0.57	1.08
1995	-0.57	1.07
manny	-0.56	0.79
mike	-0.56	0.92
seager	-0.56	0.96
captain	-0.56	0.84
losing	-0.56	1.19
musial	-0.56	1.04
niese	-0.56	1.04
bautista	-0.56	1.04
laroche	-0.56	1.12
weight	-0.56	1.07
42	-0.56	1.46
tar	-0.56	1.09
associated	-0.56	0.68
victorino	-0.56	0.88
nelson	-0.56	0.95
180	-0.56	1.48
thumb	-0.56	1.03
sizemore	-0.56	0.92
rings	-0.56	1.25
championship	-0.56	1.21
practice	-0.56	1.55
bochy	-0.55	1.07
ross	-0.55	0.81
bridge	-0.55	0.79
true	-0.55	3.95
stress	-0.55	0.89
200	-0.55	1.55
myers	-0.55	0.87
matchup	-0.55	1.17
cole	-0.55	0.86
howard	-0.55	0.99
madison	-0.55	0.81
lee	-0.55	1.00
nailed	-0.55	0.77
primarily	-0.55	1.73
canseco	-0.55	0.76
melky	-0.55	0.93
ducks	-0.55	1.28
besides	-0.55	1.44
winners	-0.55	1.25
management	-0.55	1.59
shoulder	-0.55	0.97
dropped	-0.55	1.24
thousands	-0.55	1.15
syndergaard	-0.55	1.06
rollins	-0.54	1.04
curse	-0.54	1.02
1990	-0.54	1.02
2010	-0.54	1.29
hip	-0.54	0.96
piss	-0.54	1.14
colby	-0.54	0.85
11	-0.54	1.27
jake	-0.54	0.83
used	-0.54	0.70
chen	-0.54	0.88
fernandez	-0.54	0.94
prado	-0.54	1.06
2-3	-0.54	1.36
3-4	-0.54	1.37
pine	-0.54	1.14
moyer	-0.54	1.37
performed	-0.54	1.55
mental	-0.54	0.95
reported	-0.54	1.16
crawford	-0.53	0.88
zobrist	-0.53	0.96
kick	-0.53	0.93
pain	-0.53	1.07
believed	-0.53	1.52
headley	-0.53	1.00
1-0	-0.53	2.08
coverage	-0.53	0.94
harvey	-0.53	0.97
dimaggio	-0.53	1.04
colon	-0.53	0.94
held	-0.53	1.05
kimbrel	-0.53	1.07
masterson	-0.53	0.85
ian	-0.53	0.89
cub	-0.53	1.11
mo	-0.53	1.20
frustration	-0.53	0.97
bartman	-0.53	0.88
sonny	-0.53	0.92
existence	-0.53	1.30
dae	-0.52	0.98
jordan	-0.52	1.04
planet	-0.52	4.02
pierzynski	-0.52	0.87
freddie	-0.52	1.09
yelled	-0.52	0.72
bradley	-0.52	0.93
gonzalez	-0.52	0.89
41	-0.52	1.38
conspiracy	-0.52	1.48
gattis	-0.52	1.03
jr	-0.52	0.90
seriousness	-0.52	1.05
cities	-0.52	1.14
grady	-0.52	0.89
concussion	-0.52	0.91
intention	-0.52	1.79
said	-0.51	1.66
felix	-0.51	1.07
weaver	-0.51	0.97
ripken	-0.51	0.91
ellis	-0.51	0.93
nava	-0.51	0.87
elbow	-0.51	0.94
ichiro	-0.51	0.95
annoying	-0.51	2.13
teheran	-0.51	1.06
gas	-0.51	0.91
cruz	-0.50	0.97
burnett	-0.50	0.86
clay	-0.50	0.86
buffalo	-0.50	1.50
adam	-0.50	0.96
champions	-0.50	0.96
neither	-0.50	1.74
drive	-0.50	0.92
hamels	-0.50	0.96
36	-0.50	1.40
catching	-0.50	1.70
parker	-0.50	0.78
162	-0.50	1.11
1994	-0.50	1.12
majority	-0.50	2.24
az	-0.50	0.99
injury	-0.50	0.89
neshek	-0.50	1.20
members	-0.50	0.88
joc	-0.50	0.95
fran	-0.49	1.42
norris	-0.49	0.89
4-5	-0.49	1.34
zach	-0.49	0.87
busted	-0.49	0.84
1985	-0.49	1.13
altuve	-0.49	1.07
hanley	-0.49	0.99
2-1	-0.49	2.11
playoff	-0.49	1.37
balfour	-0.49	0.77
taylor	-0.49	0.83
bean	-0.49	1.28
sacramento	-0.49	1.21
larry	-0.49	0.78
focus	-0.49	1.14
strikes	-0.49	2.43
dozier	-0.49	0.96
1989	-0.49	1.15
city	-0.49	1.20
excuse	-0.48	1.31
happens	-0.48	1.30
marketing	-0.48	1.05
heyward	-0.48	1.06
hype	-0.48	0.94
changed	-0.48	1.13
vastly	-0.48	1.68
sanchez	-0.48	0.90
buster	-0.48	0.71
developed	-0.48	1.02
users	-0.48	0.86
thin	-0.48	1.27
sheffield	-0.48	0.81
versus	-0.48	0.88
crisp	-0.48	0.94
sports	-0.48	1.95
pederson	-0.48	0.92
occasionally	-0.48	1.04
lineups	-0.47	1.49
31	-0.47	1.31
reputation	-0.47	0.77
chris	-0.47	0.82
stan	-0.47	0.98
tom	-0.47	0.74
brian	-0.47	0.81
mentioning	-0.47	1.45
carry	-0.47	0.80
39	-0.47	1.38
hurts	-0.47	1.15
ugh	-0.47	2.56
verlander	-0.47	0.98
starts	-0.47	1.59
braun	-0.47	0.80
brandon	-0.46	0.74
no-hitter	-0.46	1.85
differences	-0.46	1.22
format	-0.46	1.11
nonsense	-0.46	1.45
delmon	-0.46	0.74
darvish	-0.46	0.97
kendrick	-0.46	0.99
jonathan	-0.46	0.89
chipper	-0.46	0.83
bj	-0.46	0.96
solely	-0.46	1.25
8	-0.46	1.30
morneau	-0.46	0.99
reddick	-0.46	0.88
dropping	-0.46	1.20
affiliate	-0.46	1.56
averaged	-0.45	1.50
jones	-0.45	0.93
tore	-0.45	0.97
papelbon	-0.45	0.94
wise	-0.45	1.70
seven	-0.45	1.10
split	-0.45	1.01
curt	-0.45	0.81
gomez	-0.45	0.82
length	-0.45	1.46
freeman	-0.45	1.05
nfl	-0.45	1.29
scherzer	-0.45	0.92
champs	-0.45	1.10
kc	-0.45	1.58
floor	-0.45	1.31
rizzo	-0.45	0.99
wil	-0.45	0.86
belt	-0.44	0.61
wash	-0.44	1.10
pan	-0.44	1.09
2/3	-0.44	1.54
remind	-0.44	1.53
royal	-0.44	1.50
sale	-0.44	0.96
rolling	-0.44	0.77
naturally	-0.44	0.90
smyly	-0.44	0.90
bryant	-0.44	1.33
pays	-0.44	1.36
group	-0.44	1.24
jaso	-0.44	0.87
richards	-0.44	1.00
striking	-0.44	1.49
konerko	-0.44	0.95
damage	-0.44	0.90
promise	-0.44	1.37
nomar	-0.44	0.85
robbie	-0.44	0.78
move	-0.44	1.13
contending	-0.44	1.10
are	-0.43	1.46
hurt	-0.43	1.28
worthless	-0.43	1.43
raines	-0.43	0.66
increasing	-0.43	1.31
middlebrooks	-0.43	0.87
posey	-0.43	0.67
absurd	-0.43	2.67
own	-0.43	1.39
coco	-0.43	0.97
ending	-0.43	1.23
replaced	-0.43	0.84
uses	-0.42	1.02
jackson	-0.42	0.81
panda	-0.42	0.58
increase	-0.42	1.67
gomes	-0.42	0.90
oriole	-0.42	1.13
choosing	-0.42	1.08
arguably	-0.42	4.13
10	-0.42	1.30
ty	-0.42	1.54
holds	-0.42	1.76
abreu	-0.42	1.04
ryu	-0.42	1.03
office	-0.42	1.25
santana	-0.42	0.89
miguel	-0.42	1.04
harang	-0.42	0.94
quentin	-0.42	0.86
intentional	-0.42	1.59
9	-0.42	1.30
declined	-0.42	1.10
no-no	-0.42	1.70
saunders	-0.41	0.88
pablo	-0.41	0.59
1/3	-0.41	1.42
age	-0.41	1.31
parade	-0.41	0.79
scary	-0.41	2.12
none	-0.41	0.98
jackie	-0.41	0.88
trades	-0.41	1.26
impact	-0.41	1.16
ten	-0.41	1.32
straight	-0.41	1.42
samardzija	-0.41	0.85
7	-0.41	1.30
mccarthy	-0.41	1.01
retiring	-0.41	0.75
bartolo	-0.41	0.84
faced	-0.41	1.50
beckett	-0.41	0.85
canadian	-0.40	1.52
combined	-0.40	1.55
carl	-0.40	0.83
lester	-0.40	0.79
cal	-0.40	0.88
fantasy	-0.40	1.89
mile	-0.40	1.14
brave	-0.40	0.99
reyes	-0.40	1.02
exist	-0.40	1.96
nation	-0.40	0.85
earth	-0.40	2.45
zack	-0.40	0.91
wind	-0.40	1.02
pagan	-0.40	0.58
trot	-0.40	1.34
1993	-0.40	1.09
competing	-0.40	1.19
3.5	-0.40	1.33
shocked	-0.40	4.26
fear	-0.39	0.68
scutaro	-0.39	0.63
relationship	-0.39	0.87
donaldson	-0.39	0.94
bundy	-0.39	0.90
one	-0.39	4.10
injuries	-0.39	0.91
criticism	-0.39	1.26
rumors	-0.39	1.02
streaks	-0.39	1.77
decline	-0.39	1.14
lincecum	-0.39	0.61
contenders	-0.39	1.18
causing	-0.39	1.11
hudson	-0.39	0.65
child	-0.39	0.85
loser	-0.39	0.92
hockey	-0.39	1.60
nick	-0.39	0.70
kyle	-0.39	0.94
nathan	-0.39	1.02
rafael	-0.38	0.87
adrian	-0.38	1.03
ramirez	-0.38	0.95
tech	-0.38	0.89
jv	-0.38	0.95
cat	-0.38	0.90
piazza	-0.38	0.68
smug	-0.38	1.22
encarnacion	-0.38	1.01
chances	-0.38	1.14
basketball	-0.38	1.73
doolittle	-0.38	0.98
sean	-0.38	0.81
pulled	-0.38	0.73
anger	-0.38	1.00
setting	-0.38	1.17
popularity	-0.38	1.07
inches	-0.38	1.30
jose	-0.38	0.98
rude	-0.38	1.19
boggs	-0.38	0.84
twitter	-0.38	1.22
ned	-0.38	1.16
strikeouts	-0.38	1.65
gray	-0.38	0.87
jorge	-0.38	0.86
hear	-0.38	0.89
2018	-0.38	1.08
ft	-0.38	1.39
racist	-0.38	1.28
net	-0.37	1.05
randy	-0.37	0.85
embarrassing	-0.37	1.69
flight	-0.37	0.91
square	-0.37	1.23
neck	-0.37	1.00
lately	-0.37	1.23
cc	-0.37	0.90
peavy	-0.37	0.69
kuroda	-0.37	0.97
regular	-0.37	1.77
beltre	-0.37	1.12
blowout	-0.37	1.62
murder	-0.37	0.99
cespedes	-0.37	0.87
cashner	-0.37	0.84
helps	-0.37	0.93
emotion	-0.37	1.09
dan	-0.37	0.77
pulling	-0.36	1.25
martinez	-0.36	0.77
morse	-0.36	0.62
shark	-0.36	0.87
er	-0.36	1.53
trophy	-0.36	1.04
seth	-0.36	0.88
castillo	-0.36	0.93
all-time	-0.36	4.53
nolan	-0.36	0.97
cobb	-0.36	1.00
substances	-0.36	0.94
lawrie	-0.36	0.94
schilling	-0.36	0.75
schmidt	-0.36	1.02
jimenez	-0.36	0.79
mccann	-0.36	0.81
ratio	-0.36	2.30
speak	-0.36	1.12
iwakuma	-0.36	0.94
hunt	-0.36	1.20
flash	-0.36	0.88
max	-0.36	0.88
guerrero	-0.36	0.72
farm	-0.36	2.00
trend	-0.36	0.96
barring	-0.36	1.02
meet	-0.35	1.07
despite	-0.35	1.24
sandoval	-0.35	0.62
joe	-0.35	0.84
oldest	-0.35	4.36
madbum	-0.35	0.63
decides	-0.35	2.07
nature	-0.35	1.09
uribe	-0.35	0.90
tulo	-0.35	0.91
bagwell	-0.35	0.69
perry	-0.35	0.74
porcello	-0.35	0.94
name	-0.35	1.73
kazmir	-0.35	0.83
6	-0.35	1.29
vogt	-0.35	0.89
success	-0.35	1.91
difference	-0.35	1.41
singleton	-0.35	0.94
al	-0.35	2.03
1000	-0.35	1.41
underdog	-0.35	1.55
corey	-0.35	0.93
upton	-0.34	1.00
eaton	-0.34	1.04
contend	-0.34	1.08
bronx	-0.34	1.36
someone	-0.34	1.85
opposing	-0.34	0.95
kelly	-0.34	0.92
rebuilding	-0.34	1.30
4	-0.34	1.30
5	-0.34	1.30
points	-0.34	1.67
energy	-0.34	0.88
soriano	-0.34	0.94
send	-0.34	1.15
expansion	-0.34	1.60
dempster	-0.34	0.82
fight	-0.34	0.95
contributed	-0.34	1.01
shoulders	-0.34	0.96
jokes	-0.34	1.12
race	-0.34	1.34
margin	-0.34	1.47
soul	-0.34	0.73
gamble	-0.34	1.09
begins	-0.34	1.04
eight	-0.33	1.35
twenty	-0.33	1.36
practically	-0.33	1.09
barry	-0.33	0.79
sp	-0.33	1.03
arm	-0.33	1.27
body	-0.33	0.97
johnson	-0.33	0.85
2013	-0.33	1.39
nine	-0.33	1.56
mistaken	-0.33	3.67
josh	-0.33	0.89
picking	-0.33	1.21
korean	-0.33	0.79
3	-0.33	1.30
hold	-0.32	1.38
smoking	-0.32	0.95
stance	-0.32	1.20
lou	-0.32	0.93
2	-0.32	1.31
problem	-0.32	1.69
attention	-0.32	0.83
sosa	-0.32	0.67
seaver	-0.32	0.91
jimmy	-0.32	1.00
profar	-0.32	1.00
sabathia	-0.32	0.89
embarrassed	-0.32	3.93
prince	-0.32	1.04
virtually	-0.32	0.85
travis	-0.32	0.81
ever	-0.32	4.19
1992	-0.32	0.98
smoltz	-0.32	0.83
beginning	-0.32	1.35
kluber	-0.32	1.07
struggle	-0.32	1.05
kris	-0.32	1.11
respectively	-0.32	1.82
jd	-0.31	0.89
ip	-0.31	1.56
around	-0.31	1.81
anthony	-0.31	0.89
martin	-0.31	1.01
false	-0.31	1.94
k/9	-0.31	2.02
andre	-0.31	0.76
reporter	-0.31	1.03
vogelsong	-0.31	0.64
era	-0.31	1.92
surgery	-0.31	0.95
constant	-0.31	0.95
carlos	-0.31	0.86
dustin	-0.31	0.93
football	-0.31	1.54
punishment	-0.31	0.92
john	-0.31	0.73
lowrie	-0.31	0.96
sources	-0.31	1.16
responsibility	-0.31	1.01
ks	-0.31	1.63
teixeira	-0.31	0.82
united	-0.31	2.00
anytime	-0.31	1.47
hearts	-0.31	0.86
bias	-0.31	1.26
r/baseballcirclejerk	-0.31	1.00
advantage	-0.30	0.97
worse	-0.30	1.23
angelos	-0.30	0.80
confirmed	-0.30	1.06
champion	-0.30	1.20
roll	-0.30	1.22
stop	-0.30	1.58
reads	-0.30	1.35
dusty	-0.30	0.84
willie	-0.30	0.97
thing	-0.30	2.37
substance	-0.30	1.00
tournament	-0.30	1.28
tear	-0.30	0.89
consensus	-0.30	1.93
ran	-0.30	1.08
react	-0.30	1.36
ages	-0.30	1.95
retired	-0.30	0.88
winner	-0.30	1.22
table	-0.30	0.99
roger	-0.29	0.81
performing	-0.29	1.36
being	-0.29	1.16
griffey	-0.29	0.79
juan	-0.29	0.96
hundred	-0.29	1.30
england	-0.29	1.08
contention	-0.29	1.17
nor	-0.29	1.46
johnny	-0.29	1.07
list	-0.29	2.88
mcgwire	-0.29	0.66
fingers	-0.29	1.22
entertainment	-0.29	1.07
edgar	-0.29	0.77
portland	-0.29	1.12
bogaerts	-0.29	0.96
bruce	-0.29	0.84
russell	-0.29	1.02
miss	-0.29	2.46
robinson	-0.29	0.97
seasons	-0.29	1.52
curious	-0.29	3.82
betts	-0.29	0.99
tanaka	-0.29	0.93
pussy	-0.29	1.17
pas	-0.29	1.47
caused	-0.28	0.95
williams	-0.28	0.90
reggie	-0.28	0.79
bitter	-0.28	2.26
falls	-0.28	0.89
gibson	-0.28	0.86
leads	-0.28	1.64
hamilton	-0.28	1.13
station	-0.28	0.86
most	-0.28	4.04
clemens	-0.28	0.76
proud	-0.28	3.38
objectively	-0.28	4.16
castro	-0.28	1.11
soler	-0.28	1.19
leaders	-0.28	3.53
production	-0.28	1.55
turning	-0.28	1.19
austin	-0.28	0.88
mookie	-0.28	0.88
cuddyer	-0.28	0.99
ryan	-0.28	1.21
cj	-0.28	0.98
implying	-0.28	2.55
ring	-0.28	0.84
joined	-0.28	0.66
olds	-0.28	1.46
rodriguez	-0.28	0.81
blanco	-0.28	0.61
instead	-0.28	1.66
metro	-0.28	1.65
justify	-0.28	1.29
debut	-0.28	1.46
spread	-0.28	0.86
aside	-0.28	1.01
glavine	-0.28	0.76
whip	-0.28	2.03
adjusting	-0.27	1.12
at-bats	-0.27	1.49
pedro	-0.27	0.95
aggressive	-0.27	1.23
affect	-0.27	1.01
storm	-0.27	0.85
former	-0.27	1.53
appearance	-0.27	1.83
barely	-0.27	1.68
result	-0.27	1.07
bump	-0.27	0.92
torn	-0.27	0.94
logic	-0.27	1.84
edwin	-0.27	0.92
anyone	-0.27	2.22
event	-0.27	1.84
garrett	-0.27	0.94
crowd	-0.27	0.93
ive	-0.27	4.03
andrus	-0.27	1.12
maddux	-0.26	0.81
contender	-0.26	1.20
soccer	-0.26	1.82
saves	-0.26	1.29
quietly	-0.26	0.89
regret	-0.26	1.97
report	-0.26	1.15
lagares	-0.26	1.33
stroman	-0.26	0.85
greg	-0.26	0.86
milone	-0.26	0.96
recall	-0.26	1.81
rate	-0.26	2.06
biggest	-0.26	3.85
actions	-0.26	1.20
optimistic	-0.26	3.66
addison	-0.26	1.06
hart	-0.26	0.86
son	-0.26	1.07
espn	-0.26	1.00
hardcore	-0.26	1.74
van	-0.26	0.92
drives	-0.26	1.32
old	-0.25	1.35
reports	-0.25	1.14
sit	-0.25	1.52
recover	-0.25	0.94
aaron	-0.25	0.95
riding	-0.25	0.85
skills	-0.25	1.37
fuld	-0.25	0.88
travel	-0.25	1.32
sogard	-0.25	0.92
justin	-0.25	0.89
combination	-0.25	1.18
harder	-0.25	1.25
sandy	-0.25	0.96
switched	-0.25	0.88
xander	-0.25	0.98
master	-0.25	0.58
flag	-0.25	0.92
timmy	-0.25	0.63
keep	-0.25	2.08
while	-0.25	1.82
injured	-0.25	1.18
montero	-0.25	0.94
happened	-0.25	1.90
complaining	-0.24	1.91
regression	-0.24	1.00
gem	-0.24	1.15
lead	-0.24	2.19
errors	-0.24	1.51
totals	-0.24	1.69
hill	-0.24	0.75
pushing	-0.24	0.90
pride	-0.24	0.86
r/nfl	-0.24	1.41
gehrig	-0.24	0.99
haren	-0.24	0.89
dr	-0.24	0.93
golf	-0.24	1.55
narrative	-0.24	1.08
pack	-0.24	0.95
impression	-0.24	0.88
2014	-0.24	1.16
600	-0.24	1.49
gain	-0.23	0.89
morales	-0.23	0.94
insulting	-0.23	1.45
frank	-0.23	0.74
qualify	-0.23	1.13
wet	-0.23	0.98
rehab	-0.23	0.97
torre	-0.23	0.72
yell	-0.23	0.92
standing	-0.23	1.36
six	-0.23	1.31
road	-0.23	0.78
r/baseball	-0.23	1.77
retirement	-0.23	0.69
dave	-0.23	0.75
rates	-0.23	1.97
pointing	-0.23	4.28
history	-0.23	4.15
tone	-0.23	1.46
brooks	-0.23	0.65
revere	-0.23	0.99
mays	-0.23	1.17
cameron	-0.23	0.84
meeting	-0.23	0.67
telling	-0.23	1.82
alert	-0.22	1.13
yost	-0.22	1.19
jeff	-0.22	0.65
sub	-0.22	1.84
ruth	-0.22	1.02
closing	-0.22	1.46
christmas	-0.22	0.79
sam	-0.22	0.77
denver	-0.22	0.89
bud	-0.22	0.93
unwritten	-0.22	1.26
wahoo	-0.22	1.24
thomas	-0.22	0.74
doug	-0.22	0.85
boone	-0.22	0.89
only	-0.22	2.24
probability	-0.22	1.24
limit	-0.22	1.05
breath	-0.22	0.95
portion	-0.22	1.59
spanish	-0.22	1.26
tj	-0.22	0.91
hire	-0.22	0.81
produce	-0.21	0.97
tier	-0.21	1.84
bother	-0.21	2.37
mickey	-0.21	1.18
air	-0.21	1.00
effect	-0.21	1.07
decades	-0.21	1.34
push	-0.21	0.98
pressure	-0.21	0.89
babe	-0.21	1.07
off-season	-0.21	1.39
mussina	-0.21	0.84
tommy	-0.21	0.81
statements	-0.21	1.93
five	-0.21	1.32
learning	-0.21	1.03
bonds	-0.21	0.75
fredi	-0.21	0.96
vlad	-0.21	0.66
crown	-0.21	1.34
brantley	-0.21	0.85
tonight	-0.21	1.00
cried	-0.21	1.31
maintain	-0.21	1.10
slowly	-0.21	1.05
andrelton	-0.20	1.38
sadly	-0.20	1.38
about	-0.20	2.61
attendance	-0.20	2.07
harm	-0.20	1.16
johan	-0.20	1.03
daily	-0.20	1.08
workman	-0.20	0.99
ego	-0.20	1.08
franchises	-0.20	2.35
rasmus	-0.20	0.84
arod	-0.20	0.81
rank	-0.20	4.00
four	-0.20	1.31
fernando	-0.20	0.76
navarro	-0.20	1.09
kershaw	-0.20	1.04
muscle	-0.20	0.91
waivers	-0.20	0.88
grit	-0.20	0.78
tiger	-0.20	1.18
worked	-0.20	0.88
adjust	-0.20	1.11
baker	-0.20	0.80
president	-0.20	0.84
making	-0.19	1.44
rebuild	-0.19	0.95
sensitive	-0.19	2.17
yard	-0.19	1.20
deadline	-0.19	0.95
support	-0.19	0.95
rise	-0.19	1.43
model	-0.19	1.01
act	-0.19	0.97
leading	-0.19	2.87
minus	-0.19	1.31
ubaldo	-0.19	0.88
mantle	-0.19	1.20
appeared	-0.19	1.15
dc	-0.19	1.03
1/2	-0.19	1.34
biggio	-0.19	0.75
ucl	-0.19	0.90
cargo	-0.19	0.88
population	-0.19	1.70
years	-0.19	1.50
goes	-0.19	1.10
dfa	-0.19	0.83
drafting	-0.19	1.44
reporting	-0.19	1.09
hank	-0.18	1.06
vegas	-0.18	1.11
subreddit	-0.18	1.78
correlation	-0.18	1.59
tune	-0.18	0.75
strength	-0.18	1.08
without	-0.18	1.59
ignoring	-0.18	1.86
nothing	-0.18	2.25
ackley	-0.18	0.97
direction	-0.18	1.22
thousand	-0.18	1.26
dl	-0.18	1.25
1.5	-0.18	1.13
hand	-0.18	1.32
fred	-0.17	0.74
reporters	-0.17	1.01
choo	-0.17	0.93
hands	-0.17	1.22
flow	-0.17	0.82
holiday	-0.17	0.83
gets	-0.17	1.31
cheated	-0.17	0.75
refer	-0.17	0.93
minutes	-0.17	1.82
social	-0.17	0.81
ben	-0.17	0.81
lake	-0.17	1.12
robertson	-0.17	1.28
opposite	-0.17	1.66
roy	-0.17	1.08
brain	-0.17	1.02
where	-0.17	2.39
arroyo	-0.17	0.90
mattingly	-0.17	0.95
decade	-0.17	1.45
nowhere	-0.17	1.05
pro	-0.17	2.25
stock	-0.17	0.91
chest	-0.17	0.89
yikes	-0.17	1.17
markets	-0.17	1.64
holes	-0.16	1.72
betances	-0.16	1.28
consider	-0.16	2.32
bummed	-0.16	4.17
parity	-0.16	1.05
petit	-0.16	0.71
mil	-0.16	1.00
system	-0.16	1.75
roberts	-0.16	1.09
dallas	-0.16	1.11
abs	-0.16	1.58
ted	-0.16	0.94
splits	-0.16	1.17
gained	-0.16	0.88
pineda	-0.16	0.92
softball	-0.16	1.64
stint	-0.16	1.78
art	-0.16	0.79
flips	-0.16	0.66
leg	-0.16	1.15
300	-0.16	1.62
producing	-0.16	1.03
poster	-0.16	1.51
youth	-0.16	1.75
panik	-0.16	0.60
brady	-0.16	1.09
compete	-0.16	1.07
opinion	-0.16	2.20
masn	-0.15	0.79
few	-0.15	1.29
pot	-0.15	0.75
amazed	-0.15	4.12
schedule	-0.15	0.96
entering	-0.15	1.19
fired	-0.15	1.04
opinions	-0.15	1.69
punto	-0.15	0.76
front	-0.15	1.49
walter	-0.15	1.03
k	-0.15	1.64
threat	-0.15	1.41
months	-0.15	1.47
went	-0.15	1.04
ranks	-0.15	3.98
xfip	-0.15	1.57
rocker	-0.15	0.81
professional	-0.15	2.94
trade	-0.15	0.94
couple	-0.15	1.29
lying	-0.15	1.05
aware	-0.15	3.62
loses	-0.15	1.11
arent	-0.15	1.19
mexico	-0.15	1.04
promotion	-0.14	1.01
ama	-0.14	1.25
writers	-0.14	0.85
insane	-0.14	2.38
prior	-0.14	0.90
nervous	-0.14	4.00
holt	-0.14	0.90
franklin	-0.14	0.96
henderson	-0.14	1.00
commenting	-0.14	1.76
expectations	-0.14	1.01
soria	-0.14	1.28
issue	-0.14	1.31
coaching	-0.14	1.25
canada	-0.14	1.10
buehrle	-0.14	1.05
days	-0.14	1.49
jayson	-0.14	0.89
suspended	-0.14	0.85
wilson	-0.14	0.86
dunn	-0.14	1.11
eliminate	-0.14	0.99
boat	-0.14	1.15
liability	-0.14	1.68
maddon	-0.14	1.03
keeps	-0.14	1.43
match	-0.13	0.96
ruin	-0.13	0.78
head	-0.13	1.03
reward	-0.13	0.95
manager	-0.13	1.24
claim	-0.13	1.79
yu	-0.13	1.02
area	-0.13	1.02
ishikawa	-0.13	0.82
troll	-0.13	1.57
meanwhile	-0.13	0.83
anderson	-0.13	0.73
past	-0.13	1.41
pete	-0.13	0.86
hughes	-0.13	1.15
robbed	-0.13	0.98
stronger	-0.13	1.03
smoak	-0.13	0.93
2b	-0.13	1.32
audience	-0.13	1.07
tweet	-0.13	1.41
three	-0.13	1.29
hammel	-0.13	0.83
australia	-0.13	1.05
brett	-0.12	0.96
leader	-0.12	2.25
peak	-0.12	1.87
peds	-0.12	0.79
chunk	-0.12	1.70
steve	-0.12	0.71
describe	-0.12	1.51
2.0	-0.12	1.05
leagues	-0.12	1.62
rated	-0.12	2.29
fewer	-0.12	1.41
dee	-0.12	0.98
words	-0.12	1.58
catches	-0.12	1.51
downvoting	-0.12	1.90
complaint	-0.12	1.33
cy	-0.12	1.21
contact	-0.12	1.60
flipped	-0.12	0.68
baserunning	-0.12	1.66
disappointed	-0.12	4.16
retires	-0.12	0.79
perception	-0.12	1.11
rookie	-0.12	1.94
thinking	-0.12	3.66
epic	-0.12	2.63
koufax	-0.12	1.25
400	-0.11	1.62
philosophy	-0.11	1.01
coast	-0.11	0.83
major	-0.11	2.87
speech	-0.11	0.71
mvp	-0.11	1.24
closed	-0.11	1.03
within	-0.11	1.33
aybar	-0.11	1.50
fighting	-0.11	0.94
above	-0.11	2.00
rp	-0.11	1.16
fyi	-0.11	0.93
don	-0.11	0.71
turns	-0.11	0.99
hours	-0.11	1.34
pretend	-0.11	2.33
arrieta	-0.11	0.97
sitting	-0.11	1.50
momentum	-0.11	0.85
racism	-0.11	1.35
ties	-0.11	1.29
lower	-0.11	1.92
pull	-0.11	1.28
pissed	-0.11	4.08
behavior	-0.11	1.03
shane	-0.11	0.84
aka	-0.11	0.87
supposedly	-0.10	0.78
twist	-0.10	1.16
ranking	-0.10	3.17
bills	-0.10	0.78
king	-0.10	0.82
traded	-0.10	1.10
thread	-0.10	1.94
0	-0.10	1.38
x	-0.10	0.97
farther	-0.10	1.11
loud	-0.10	0.89
pounds	-0.10	1.11
lies	-0.10	1.21
older	-0.10	0.89
learned	-0.10	1.56
service	-0.10	0.85
earned	-0.10	1.35
screaming	-0.10	0.85
threads	-0.10	1.52
wings	-0.10	0.90
protect	-0.10	0.95
bb	-0.10	1.69
charlotte	-0.10	1.05
flipping	-0.10	0.80
skin	-0.10	0.76
compared	-0.10	1.08
commentators	-0.10	0.87
light	-0.10	0.83
fix	-0.10	1.29
athletes	-0.10	2.06
society	-0.10	1.08
hug	-0.10	1.33
500	-0.09	1.65
rose	-0.09	0.87
elvis	-0.09	0.99
collins	-0.09	0.87
himself	-0.09	1.47
2015	-0.09	0.99
price	-0.09	0.85
extras	-0.09	1.86
alcantara	-0.09	1.11
overpaid	-0.09	1.28
filled	-0.09	1.49
usa	-0.09	1.17
higher	-0.09	2.07
wbc	-0.09	1.12
shift	-0.09	1.17
exhibition	-0.09	1.12
caught	-0.09	1.22
julio	-0.09	1.16
tested	-0.09	0.95
deserves	-0.09	0.85
facing	-0.09	1.37
baez	-0.09	1.10
sore	-0.09	1.00
claimed	-0.09	0.78
deliver	-0.09	1.17
tank	-0.09	0.84
framing	-0.09	1.52
perform	-0.09	1.09
over	-0.08	1.39
sticking	-0.08	1.10
imply	-0.08	1.87
covers	-0.08	0.90
alvarez	-0.08	0.92
organizations	-0.08	1.37
presumably	-0.08	0.99
heckling	-0.08	2.01
minors	-0.08	1.95
correctly	-0.08	4.28
awards	-0.08	1.21
japan	-0.08	1.02
row	-0.08	1.30
better	-0.08	1.52
shirt	-0.08	0.87
cheating	-0.08	0.82
active	-0.08	2.82
dominance	-0.08	1.50
fake	-0.08	1.11
hbp	-0.08	1.35
suspect	-0.08	2.32
gross	-0.08	0.94
walked	-0.08	1.32
anthem	-0.08	0.80
tends	-0.08	0.92
legs	-0.08	1.12
prediction	-0.08	1.15
damon	-0.08	0.94
slash	-0.07	1.33
ped	-0.07	0.83
walks	-0.07	1.60
halladay	-0.07	1.07
under	-0.07	1.19
contribute	-0.07	1.23
choose	-0.07	1.52
civil	-0.07	0.79
owners	-0.07	0.95
hook	-0.07	1.09
knowledge	-0.07	0.75
confirm	-0.07	1.29
hometown	-0.07	1.36
standings	-0.07	1.19
league	-0.07	2.20
bobby	-0.07	0.75
cast	-0.07	0.85
cycle	-0.07	1.35
transition	-0.07	1.31
announcing	-0.07	0.92
peripherals	-0.07	1.29
sets	-0.07	0.75
owner	-0.07	1.12
lefty	-0.07	1.73
started	-0.07	1.24
repeat	-0.07	0.98
using	-0.07	0.75
causes	-0.07	0.91
owned	-0.07	0.76
utility	-0.07	2.08
edge	-0.07	1.02
physically	-0.07	1.71
significantly	-0.07	1.31
talk	-0.07	1.73
remaining	-0.06	1.26
switch	-0.06	1.53
ended	-0.06	1.38
michael	-0.06	0.91
positive	-0.06	0.99
wagner	-0.06	1.63
autographs	-0.06	0.61
perennial	-0.06	1.16
heaney	-0.06	1.07
government	-0.06	0.77
arenado	-0.06	1.09
subreddits	-0.06	1.37
mentions	-0.06	0.67
left	-0.06	1.62
stephen	-0.06	1.10
corner	-0.06	1.58
post-season	-0.06	2.27
community	-0.06	1.02
romo	-0.06	0.84
shoot	-0.06	1.08
began	-0.06	1.04
powers	-0.06	0.86
z	-0.06	0.82
offensively	-0.06	2.16
effects	-0.06	0.97
favorites	-0.06	2.26
cheat	-0.06	0.79
save	-0.06	1.35
whoever	-0.06	1.21
handle	-0.06	1.27
wake	-0.06	1.34
nicest	-0.06	4.04
ad	-0.05	0.89
than	-0.05	1.12
absolute	-0.05	2.52
baseballs	-0.05	0.97
clubs	-0.05	1.55
hardest	-0.05	3.79
bigs	-0.05	1.44
aging	-0.05	1.45
shifts	-0.05	1.21
ranked	-0.05	3.78
person	-0.05	2.65
fip	-0.05	1.73
cup	-0.05	0.98
cuba	-0.05	1.03
height	-0.05	1.11
sometime	-0.05	1.35
tie	-0.05	2.37
fast	-0.05	1.48
<URL>	-0.05	0.72
<SPECIAL>	-0.05	0.72
cake	-0.05	0.73
referred	-0.05	1.07
ss	-0.05	1.99
pa	-0.05	1.55
rich	-0.05	1.06
children	-0.05	0.76
year	-0.05	1.53
orlando	-0.05	0.94
offense	-0.05	1.79
gap	-0.05	1.35
coolest	-0.04	4.04
subs	-0.04	1.41
carrying	-0.04	0.76
room	-0.04	1.15
all-star	-0.04	1.28
kevin	-0.04	0.80
grace	-0.04	0.92
box	-0.04	1.31
shorter	-0.04	1.14
kruk	-0.04	0.92
popped	-0.04	0.83
occurred	-0.04	1.15
test	-0.04	0.86
turned	-0.04	0.93
responsible	-0.04	1.34
amphetamines	-0.04	0.80
holland	-0.04	0.99
ratings	-0.04	1.05
managing	-0.04	1.17
n	-0.04	1.05
announce	-0.04	0.72
track	-0.04	1.15
heads	-0.04	0.94
steroid	-0.04	0.80
hired	-0.04	0.91
doctors	-0.04	0.86
ago	-0.04	1.46
winter	-0.04	1.01
center	-0.03	1.51
played	-0.03	1.97
offended	-0.03	3.00
told	-0.03	1.25
asses	-0.03	0.86
quality	-0.03	1.61
scott	-0.03	0.74
jim	-0.03	0.62
represent	-0.03	0.97
norm	-0.03	1.10
camp	-0.03	1.11
letters	-0.03	1.21
counted	-0.03	1.26
downvoted	-0.03	2.24
total	-0.03	1.41
ml	-0.03	1.95
roids	-0.03	0.77
fights	-0.03	0.81
offseason	-0.03	1.04
platoon	-0.03	1.49
high	-0.03	1.97
award	-0.03	1.13
larger	-0.03	1.92
ethier	-0.03	0.87
prime	-0.03	1.18
use	-0.03	0.79
rickey	-0.03	1.15
ncaa	-0.02	1.33
jeter	-0.02	0.99
steroids	-0.02	0.80
poorly	-0.02	1.66
yelling	-0.02	1.22
regress	-0.02	1.08
gay	-0.02	1.38
ninth	-0.02	2.57
stage	-0.02	1.20
cuban	-0.02	1.08
downvote	-0.02	1.87
deny	-0.02	1.64
two	-0.02	1.30
english	-0.02	1.47
1	-0.02	1.55
each	-0.02	1.42
scully	-0.02	0.93
bed	-0.02	1.34
spring	-0.02	1.18
ends	-0.02	0.97
melvin	-0.02	1.38
anything	-0.02	2.53
disagree	-0.02	4.33
passion	-0.02	2.57
men	-0.02	1.40
all	-0.02	1.78
wife	-0.01	0.96
remembered	-0.01	1.21
learn	-0.01	1.22
bust	-0.01	1.01
korea	-0.01	0.98
legacy	-0.01	1.40
drops	-0.01	1.07
singing	-0.01	0.79
picked	-0.01	0.90
aa	-0.01	2.16
le	-0.01	0.85
wall	-0.01	1.42
upper	-0.01	1.46
ops	-0.01	1.67
1b	-0.01	1.30
roughly	-0.01	1.18
karma	-0.01	1.67
tight	-0.01	1.25
arms	-0.01	1.33
per	-0.01	1.21
re-sign	-0.01	0.84
weeks	-0.01	1.37
simmons	-0.01	1.60
morgan	-0.01	0.85
bats	-0.01	1.63
bite	-0.01	0.97
kept	-0.00	1.57
thus	-0.00	1.28
girardi	-0.00	1.03
draw	-0.00	1.10
christian	-0.00	0.95
bosch	-0.00	0.95
section	-0.00	1.01
participate	-0.00	1.19
recovery	-0.00	0.91
homers	-0.00	1.58
tweets	-0.00	1.22
market	-0.00	1.66
ruined	-0.00	0.92
happen	-0.00	2.48
expecting	-0.00	3.07
pitching	0.00	2.12
prospects	0.00	1.64
notice	0.00	1.86
safety	0.00	0.83
deserved	0.00	0.92
tour	0.00	0.69
adderall	0.00	0.85
degree	0.00	0.86
incorrect	0.00	4.45
percentage	0.00	2.18
showalter	0.01	0.98
drugs	0.01	0.82
begin	0.01	1.45
nova	0.01	1.18
pieces	0.01	1.23
prospect	0.01	1.87
natural	0.01	0.87
iso	0.01	1.71
brothers	0.01	1.02
matter	0.01	2.45
votes	0.01	0.81
mistakes	0.01	1.68
campaign	0.01	0.77
mixed	0.01	0.87
byrd	0.01	0.86
fist	0.01	0.87
silver	0.01	1.27
time	0.01	2.66
pitchers	0.01	2.23
scout	0.01	1.16
yelich	0.01	0.91
ab	0.01	1.46
upvotes	0.01	1.46
homeruns	0.01	1.59
banned	0.01	0.85
parents	0.01	0.96
publicly	0.01	1.09
guthrie	0.01	0.96
npb	0.01	1.49
hopes	0.01	1.09
local	0.01	0.84
ass	0.01	1.21
million	0.01	1.14
constantly	0.01	1.31
dugout	0.01	0.91
cleared	0.01	1.20
affects	0.01	0.94
nail	0.01	0.90
donnie	0.01	0.86
national	0.01	1.10
stepping	0.02	1.44
understand	0.02	2.98
shoes	0.02	0.71
loaded	0.02	2.29
longer	0.02	1.31
whom	0.02	1.85
rows	0.02	1.54
user	0.02	1.28
guys	0.02	1.65
seconds	0.02	1.30
outing	0.02	1.53
faces	0.02	0.86
hour	0.02	1.23
goat	0.02	0.94
defense	0.02	1.92
morris	0.02	0.83
announced	0.02	0.84
regularly	0.02	1.02
sat	0.02	1.29
leverage	0.02	1.16
downvotes	0.02	1.60
hat	0.02	0.83
brock	0.02	0.90
range	0.03	1.81
cricket	0.03	1.51
mod	0.03	1.43
posting	0.03	1.83
bunch	0.03	0.98
exchange	0.03	0.89
deck	0.03	1.46
large	0.03	1.82
careful	0.03	1.51
training	0.03	1.06
mother	0.03	1.05
below	0.03	2.07
barves	0.03	1.50
voters	0.03	0.90
continued	0.03	0.92
vast	0.03	2.24
emotional	0.03	0.86
progress	0.03	1.39
behind	0.03	1.56
gambling	0.03	0.86
means	0.03	2.75
fwar	0.03	1.53
business	0.03	0.97
entire	0.03	2.43
tears	0.03	1.05
wells	0.03	0.84
2016	0.03	0.97
voted	0.04	0.88
claims	0.04	1.17
playing	0.04	1.64
never	0.04	2.02
conditions	0.04	0.82
acquired	0.04	0.88
horn	0.04	1.12
rf	0.04	1.33
rage	0.04	1.13
nyc	0.04	1.09
slg	0.04	1.70
lf	0.04	1.48
possibility	0.04	1.40
sky	0.04	0.81
mcgehee	0.04	0.82
rbis	0.04	1.60
vote	0.04	0.87
whatsoever	0.04	1.08
profile	0.04	1.00
succeed	0.04	1.09
suggest	0.04	1.21
haul	0.04	0.95
affected	0.04	1.02
bwar	0.04	1.53
signings	0.05	1.18
mccarver	0.05	0.97
pole	0.05	1.53
brawl	0.05	0.99
treat	0.05	0.85
japanese	0.05	0.99
aces	0.05	1.74
countries	0.05	1.19
candidates	0.05	0.94
leaving	0.05	0.92
seemingly	0.05	1.11
ahead	0.05	2.06
alcohol	0.05	0.80
less	0.05	1.35
reddit	0.05	1.52
averages	0.05	1.63
confused	0.05	3.90
acquire	0.05	0.97
affeldt	0.05	0.72
rights	0.05	0.81
final	0.05	1.26
afternoon	0.05	1.12
aspect	0.05	1.15
gear	0.05	0.88
september	0.05	1.63
aaa	0.05	2.20
sex	0.05	0.83
insurance	0.05	0.85
bounced	0.05	1.20
voice	0.05	0.98
rios	0.06	1.02
12th	0.06	3.79
foreign	0.06	1.14
generous	0.06	1.79
miles	0.06	1.11
ones	0.06	1.79
wood	0.06	1.06
last	0.06	1.62
male	0.06	1.24
overpay	0.06	0.97
june	0.06	2.04
excited	0.06	3.86
balance	0.06	1.02
buck	0.06	0.98
wasted	0.06	1.24
band	0.06	0.84
heavy	0.06	1.28
250	0.06	1.80
woman	0.06	0.99
discussion	0.06	1.71
giant	0.06	1.15
fence	0.06	1.49
dedicated	0.06	0.71
belong	0.06	0.90
empty	0.06	1.19
celebration	0.06	0.85
rankings	0.06	2.78
accepted	0.06	1.04
later	0.06	1.37
hr	0.06	1.61
landed	0.06	1.57
settled	0.06	0.89
irony	0.06	1.91
hundreds	0.06	1.21
start	0.06	1.28
chose	0.06	1.16
puts	0.06	0.71
hit	0.07	1.63
trick	0.07	1.13
warming	0.07	1.20
lhp	0.07	1.13
kids	0.07	0.95
member	0.07	1.02
including	0.07	1.34
attitude	0.07	0.89
done	0.07	1.67
irrelevant	0.07	1.67
turn	0.07	1.48
ricky	0.07	0.89
sport	0.07	2.22
believe	0.07	2.93
knew	0.07	1.76
vernon	0.07	0.86
boss	0.07	0.67
cuts	0.07	0.83
drug	0.07	0.90
led	0.07	1.50
number	0.07	1.22
size	0.07	1.41
essentially	0.07	1.33
junior	0.07	1.28
cf	0.07	1.44
married	0.07	0.92
hrs	0.07	1.61
companies	0.07	0.83
career	0.07	1.62
river	0.07	0.86
minor	0.07	1.83
tests	0.07	0.92
sticks	0.07	0.74
asks	0.07	2.76
james	0.08	0.77
guns	0.08	1.03
face	0.08	0.74
according	0.08	1.00
least	0.08	1.87
alex	0.08	0.98
resign	0.08	0.95
care	0.08	2.48
respective	0.08	1.28
paying	0.08	1.18
dinner	0.08	0.76
easiest	0.08	3.56
writer	0.08	1.12
college	0.08	1.36
terry	0.08	0.91
distance	0.08	1.21
sounded	0.08	1.08
hofer	0.08	0.92
scouting	0.08	1.08
shared	0.08	1.24
lineup	0.08	2.07
historically	0.08	1.51
hitters	0.08	1.93
laughing	0.08	1.56
2.5	0.08	1.42
amounts	0.08	1.25
town	0.08	1.10
incident	0.08	1.01
left-handed	0.08	1.82
slightly	0.08	1.32
followed	0.08	0.85
gold	0.09	1.24
tribe	0.09	1.12
pretending	0.09	1.90
county	0.09	0.96
ballot	0.09	0.87
other	0.09	2.00
3b	0.09	1.48
stood	0.09	1.06
guilty	0.09	1.32
handled	0.09	0.84
outfield	0.09	1.62
joba	0.09	0.88
bell	0.09	0.79
talking	0.09	2.77
commit	0.09	1.01
areas	0.09	1.41
bets	0.09	0.49
cain	0.09	0.73
weed	0.09	0.77
slugger	0.09	1.31
eddie	0.09	0.77
exclusive	0.09	0.86
accidentally	0.09	1.53
ideas	0.09	1.04
dangerous	0.09	1.56
slugging	0.09	1.70
carter	0.09	0.78
buddies	0.09	1.06
window	0.09	0.87
argument	0.09	2.46
brad	0.09	0.69
almost	0.09	1.64
greater	0.09	1.32
vin	0.09	0.96
outs	0.09	2.04
returned	0.09	0.81
babip	0.09	1.44
equipment	0.09	1.13
silence	0.09	1.08
iirc	0.10	1.04
necessarily	0.10	2.78
female	0.10	1.06
rock	0.10	0.76
levels	0.10	1.39
jj	0.10	1.06
handful	0.10	1.16
helmet	0.10	0.86
facts	0.10	2.30
gloves	0.10	1.24
club	0.10	1.72
farewell	0.10	0.71
bum	0.10	1.62
sammy	0.10	0.75
lucas	0.10	0.88
figure	0.10	2.44
women	0.10	1.20
came	0.10	1.11
content	0.10	1.45
stupid	0.10	2.39
bitches	0.10	1.21
fringe	0.10	1.64
away	0.10	1.17
moss	0.10	1.08
bleachers	0.10	1.38
discussed	0.10	0.99
inflated	0.10	1.16
both	0.10	1.20
mariano	0.10	0.84
booth	0.11	0.91
returning	0.11	0.88
feet	0.11	1.28
through	0.11	1.07
statement	0.11	2.54
excellent	0.11	2.75
week	0.11	1.36
comeback	0.11	0.99
shooting	0.11	0.99
ba	0.11	1.68
bat	0.11	1.66
fairness	0.11	0.73
tiny	0.11	1.22
michigan	0.11	0.96
product	0.11	0.98
defensively	0.11	2.15
end	0.11	1.35
sterling	0.11	1.01
avg	0.11	1.70
snow	0.11	0.88
up	0.11	1.93
condition	0.11	0.85
line	0.11	1.60
drew	0.11	1.13
largely	0.11	1.13
took	0.11	1.01
numbers	0.11	1.44
illegal	0.11	1.17
ignore	0.11	2.22
gg	0.11	1.15
fwiw	0.11	0.90
rbi	0.12	1.67
bombs	0.12	1.49
w	0.12	1.04
upgrade	0.12	1.30
bottom	0.12	3.33
circumstances	0.12	1.13
experienced	0.12	2.23
monster	0.12	1.43
midwest	0.12	0.90
smith	0.12	0.93
noise	0.12	0.89
congratulations	0.12	1.62
minimum	0.12	1.09
ironic	0.12	1.63
praise	0.12	0.92
9th	0.12	2.92
cash	0.12	0.90
3000	0.12	1.38
physical	0.12	1.01
smaller	0.12	1.58
americans	0.13	1.01
expand	0.13	0.98
share	0.13	0.89
deadspin	0.13	1.00
off	0.13	1.11
school	0.13	1.12
lifetime	0.13	1.19
breakout	0.13	0.93
american	0.13	1.13
sending	0.13	1.02
justice	0.13	0.89
sent	0.13	0.88
runs	0.13	1.66
frame	0.13	1.12
morning	0.13	1.04
until	0.13	1.32
stands	0.13	1.36
lists	0.13	1.77
cubbies	0.13	1.08
14th	0.13	3.52
return	0.13	1.03
minority	0.13	1.54
posts	0.13	1.60
translate	0.13	1.03
or	0.13	1.94
things	0.13	1.71
bucks	0.13	1.60
lock	0.14	0.91
salt	0.14	0.92
she	0.14	0.86
deserving	0.14	0.93
lame	0.14	1.59
uniform	0.14	0.88
concern	0.14	1.18
florida	0.14	0.95
bbwaa	0.14	0.86
exactly	0.14	2.71
impressed	0.14	3.47
counting	0.14	1.43
abuse	0.14	0.89
rain	0.14	0.85
woba	0.14	1.52
hyped	0.14	3.53
uncle	0.14	1.16
taught	0.14	0.86
finishes	0.14	1.60
mentioned	0.14	1.48
earn	0.14	0.95
autograph	0.14	0.67
discount	0.14	0.83
route	0.14	0.96
ken	0.14	0.79
players	0.14	1.96
score	0.14	2.19
reason	0.14	2.31
america	0.14	1.29
extent	0.14	1.12
billion	0.14	1.01
famers	0.14	1.18
spots	0.14	1.85
gotten	0.15	1.60
coffee	0.15	0.82
mean	0.15	2.82
green	0.15	0.84
her	0.15	0.91
walls	0.15	1.07
scouts	0.15	1.15
committed	0.15	1.09
unlucky	0.15	1.70
forgotten	0.15	1.52
numerous	0.15	1.75
missouri	0.15	0.98
ozzie	0.15	1.89
argue	0.15	2.59
space	0.15	1.20
mods	0.15	1.49
stopped	0.15	1.42
actively	0.15	1.23
side	0.15	1.45
pink	0.15	0.74
2017	0.15	1.00
how	0.15	2.62
saturday	0.15	1.10
speculation	0.15	1.17
potentially	0.15	1.29
pm	0.15	1.03
penis	0.15	1.03
benches	0.15	1.28
remove	0.16	1.23
minds	0.16	1.04
realistically	0.16	1.55
crap	0.16	1.55
accounts	0.16	0.99
busy	0.16	1.91
proved	0.16	0.77
those	0.16	1.15
sunday	0.16	1.17
hence	0.16	1.17
c	0.16	1.13
consistent	0.16	1.64
golden	0.16	0.87
dozen	0.16	1.21
future	0.16	1.50
conference	0.16	0.87
dance	0.16	0.68
day	0.16	1.23
socks	0.16	0.77
cares	0.16	2.75
opening	0.16	1.28
noticed	0.16	1.75
soft	0.16	1.19
ourselves	0.16	1.10
tbh	0.16	1.13
program	0.16	0.93
frieri	0.16	0.95
sound	0.16	1.22
schools	0.17	1.12
ventura	0.17	0.93
spend	0.17	0.94
commissioner	0.17	0.79
respond	0.17	1.83
till	0.17	1.27
scheduled	0.17	1.18
join	0.17	1.07
2k	0.17	1.00
tall	0.17	1.08
asg	0.17	0.95
press	0.17	0.72
integrity	0.17	0.78
quarter	0.17	1.25
fa	0.17	1.05
produced	0.17	1.15
performance	0.17	1.31
night	0.17	1.17
effectively	0.17	1.23
drama	0.17	0.73
gut	0.17	1.00
sample	0.17	1.20
becoming	0.17	1.90
elected	0.17	0.88
widely	0.17	0.99
financial	0.17	0.88
budget	0.17	1.12
remotely	0.17	1.82
monday	0.17	1.10
sister	0.17	1.04
resources	0.17	1.05
inevitable	0.17	1.09
california	0.17	0.94
word	0.17	2.18
failed	0.17	0.91
received	0.17	0.87
mostly	0.17	1.40
hurting	0.17	1.05
worth	0.17	1.08
raul	0.17	0.79
controlled	0.17	0.96
bothers	0.17	0.94
obvious	0.17	3.28
hs	0.17	1.29
guaranteed	0.17	1.04
rubber	0.17	1.31
friends	0.18	1.04
leaves	0.18	0.87
inning	0.18	2.82
doubles	0.18	1.66
leaguers	0.18	1.49
forgive	0.18	1.46
adult	0.18	1.21
nationally	0.18	0.88
equivalent	0.18	1.08
afterwards	0.18	0.69
limited	0.18	1.40
something	0.18	2.65
y	0.18	0.94
proves	0.18	1.37
thursday	0.18	1.20
tomorrow	0.18	1.11
goddammit	0.18	1.28
veterans	0.18	1.11
dominate	0.18	1.52
month	0.18	1.57
doctor	0.18	0.92
amen	0.18	0.87
1988	0.18	1.01
alot	0.18	0.94
stand	0.18	2.30
lines	0.18	1.16
11th	0.18	3.58
caliber	0.18	2.00
staff	0.18	1.64
testing	0.18	0.90
famer	0.18	0.95
several	0.18	1.27
effort	0.18	0.92
posted	0.18	1.77
hits	0.18	1.69
statue	0.18	1.01
asian	0.18	0.96
milb	0.18	2.09
april	0.18	1.81
overall	0.18	2.96
amount	0.18	1.29
put	0.18	1.47
walk	0.18	1.61
network	0.18	0.84
unknown	0.18	1.28
abilities	0.18	1.50
suspensions	0.18	0.91
yet	0.18	1.82
overrated	0.18	1.54
wear	0.19	0.80
i.e	0.19	1.00
committee	0.19	0.90
chills	0.19	2.39
speaking	0.19	1.07
international	0.19	1.20
whatever	0.19	2.14
door	0.19	0.85
even	0.19	2.64
tuesday	0.19	1.19
omar	0.19	1.00
fences	0.19	1.20
consideration	0.19	0.86
season	0.19	1.77
risk	0.19	0.95
annual	0.19	0.96
picks	0.19	2.10
summer	0.19	1.14
wearing	0.19	0.79
rental	0.19	0.95
mom	0.19	0.98
listened	0.19	1.45
amateur	0.19	1.52
jeremy	0.19	0.70
commercials	0.19	0.95
pat	0.19	0.66
manage	0.19	0.92
ton	0.19	1.01
typically	0.19	1.13
stars	0.19	1.30
tossed	0.19	2.04
recent	0.19	1.91
down	0.20	1.30
follows	0.20	2.48
herrera	0.20	1.12
leave	0.20	1.89
any	0.20	1.83
roster	0.20	2.29
wore	0.20	0.79
rwar	0.20	1.48
option	0.20	1.05
eligible	0.20	0.99
judging	0.20	1.08
lack	0.20	1.25
pointed	0.20	1.82
sleep	0.20	1.97
10th	0.20	3.59
cheers	0.20	0.91
slams	0.20	1.52
bid	0.20	0.92
tons	0.20	1.04
due	0.20	1.02
dollars	0.20	1.02
wednesday	0.20	1.17
university	0.20	0.84
generate	0.20	0.92
stated	0.20	1.78
moved	0.20	1.02
current	0.20	1.81
bucket	0.20	1.04
friday	0.20	1.16
smoke	0.20	0.74
anymore	0.20	2.54
during	0.20	1.31
glass	0.21	0.92
deals	0.21	1.03
changing	0.21	0.98
cap	0.21	0.79
way	0.21	2.38
ernie	0.21	0.74
screwed	0.21	1.55
insult	0.21	1.33
outcome	0.21	1.43
many	0.21	1.21
dozens	0.21	1.18
350	0.21	1.80
accept	0.21	1.38
tied	0.21	2.98
deserve	0.21	1.12
theory	0.21	1.84
usage	0.21	1.03
house	0.21	0.77
agents	0.21	1.22
every	0.21	2.38
blank	0.21	0.88
usually	0.21	1.14
tying	0.21	1.95
13th	0.21	3.68
hole	0.21	1.74
next	0.21	1.41
critical	0.21	1.32
chance	0.21	1.52
bright	0.21	1.16
decision	0.22	2.64
finnegan	0.22	0.96
understood	0.22	1.93
checks	0.22	0.77
bastard	0.22	1.41
comments	0.22	1.78
which	0.22	2.37
extreme	0.22	1.06
emotions	0.22	0.95
nicely	0.22	1.08
chemistry	0.22	0.79
agent	0.22	1.07
flies	0.22	1.22
surprise	0.22	2.17
opt	0.22	1.00
region	0.22	1.02
worn	0.22	0.81
ceiling	0.22	1.51
paint	0.22	0.93
agency	0.22	1.07
chip	0.22	0.78
predicted	0.22	1.20
dodger	0.22	1.71
jinx	0.22	1.23
native	0.22	0.98
jersey	0.22	0.88
carolina	0.23	0.99
pros	0.23	1.38
predict	0.23	1.68
continue	0.23	1.55
single	0.23	2.10
heading	0.23	1.09
grew	0.23	1.21
batting	0.23	1.84
working	0.23	1.35
significant	0.23	1.51
going	0.23	2.81
replace	0.23	0.90
released	0.23	0.84
following	0.23	1.02
located	0.23	0.86
aav	0.23	1.00
war	0.23	1.43
candidate	0.23	1.12
prevent	0.23	1.31
discuss	0.23	1.21
ridiculous	0.23	2.57
title	0.23	1.66
source	0.23	1.07
long-term	0.23	1.00
trading	0.23	1.04
hall	0.23	0.92
ve	0.23	2.65
shields	0.23	0.89
triples	0.23	1.62
level	0.23	1.95
expected	0.23	1.66
earlier	0.24	1.61
bear	0.24	1.01
walking	0.24	0.88
dominated	0.24	1.52
projects	0.24	1.23
department	0.24	1.08
hof	0.24	0.90
defender	0.24	2.21
bigger	0.24	1.74
taken	0.24	1.23
planned	0.24	0.87
weekend	0.24	1.16
hernandez	0.24	0.75
responding	0.24	2.59
coaches	0.24	1.17
raise	0.24	0.94
fame	0.24	0.91
singles	0.24	1.55
drafted	0.24	1.96
bored	0.24	2.75
sun	0.24	0.90
waited	0.24	1.16
responded	0.24	2.05
responses	0.24	1.96
occur	0.24	0.97
had	0.24	2.06
homerun	0.24	1.49
paper	0.24	0.83
museum	0.24	1.34
shape	0.24	1.00
develop	0.24	1.15
contracts	0.24	1.08
public	0.24	0.89
plans	0.24	0.92
choice	0.24	1.84
7th	0.24	3.39
e.g	0.24	0.94
grown	0.24	1.14
replied	0.24	2.35
20th	0.25	3.42
tell	0.25	2.45
black	0.25	0.84
category	0.25	1.45
juiced	0.25	0.74
serve	0.25	0.82
obp	0.25	1.84
bullpens	0.25	1.49
spending	0.25	0.97
fat	0.25	0.79
quicker	0.25	1.06
dingers	0.25	1.37
sb	0.25	1.67
cold	0.25	0.85
says	0.25	2.69
reach	0.25	1.76
upvoted	0.25	1.66
ready	0.25	1.82
direct	0.25	1.49
henry	0.25	0.90
headed	0.25	1.39
wasnt	0.25	1.02
spoiler	0.26	0.96
shame	0.26	3.16
derby	0.26	1.23
needing	0.26	1.15
smooth	0.26	1.10
benefit	0.26	0.95
near	0.26	1.16
cable	0.26	0.78
same	0.26	1.95
ohio	0.26	0.86
crying	0.26	2.28
leaguer	0.26	1.86
health	0.26	0.96
boras	0.26	0.98
somewhere	0.26	1.55
catch	0.26	1.49
know	0.26	2.72
rookies	0.26	1.25
go	0.26	2.03
fail	0.26	1.13
medical	0.26	0.82
statistically	0.26	1.36
mlb	0.26	1.47
charlie	0.26	0.77
paid	0.26	0.86
limits	0.27	1.00
why	0.27	2.72
pop	0.27	1.44
concerns	0.27	1.32
offers	0.27	0.93
extended	0.27	1.05
idea	0.27	2.32
bounce	0.27	1.07
reasons	0.27	1.19
science	0.27	1.00
qo	0.27	1.12
duplicate	0.27	1.59
signed	0.27	1.00
post	0.27	1.72
been	0.27	1.71
flip	0.27	0.90
run	0.27	1.92
date	0.27	0.96
ban	0.27	0.76
worthy	0.27	0.97
assumption	0.27	1.90
replacement	0.27	1.84
comment	0.27	2.26
writing	0.27	0.95
convince	0.27	1.89
closer	0.27	1.63
broadcasting	0.27	0.82
coming	0.27	1.21
ray	0.27	0.91
celebrating	0.27	0.82
credit	0.27	0.72
by	0.27	1.37
awkward	0.27	2.56
surely	0.27	1.56
predictions	0.28	0.99
articles	0.28	1.09
nights	0.28	1.03
juicing	0.28	0.77
wonder	0.28	2.77
multiple	0.28	1.22
ausmus	0.28	1.18
attend	0.28	1.14
obama	0.28	0.84
enter	0.28	1.02
crossed	0.28	1.42
country	0.28	1.17
gone	0.28	1.14
luck	0.28	1.35
pair	0.28	0.80
slap	0.28	1.09
keeping	0.28	1.44
bringing	0.28	1.01
police	0.28	0.81
sporting	0.28	2.61
yellow	0.28	0.80
mistake	0.28	1.89
suddenly	0.28	1.08
moral	0.28	1.00
big	0.28	1.84
today	0.28	1.23
game	0.28	1.43
suggesting	0.28	2.49
scored	0.28	1.96
website	0.29	1.09
student	0.29	1.15
rally	0.29	1.19
payroll	0.29	1.13
wade	0.29	1.02
western	0.29	0.94
water	0.29	0.76
full	0.29	1.71
glove	0.29	1.59
covered	0.29	1.20
across	0.29	0.94
continuing	0.29	1.01
income	0.29	0.89
hustle	0.29	0.89
say	0.29	2.68
competitive	0.29	1.08
apparently	0.29	1.48
status	0.29	1.08
radio	0.29	0.81
grass	0.29	1.08
bullpen	0.29	1.97
farrell	0.29	1.21
jack	0.29	0.85
come	0.29	1.68
humor	0.29	1.40
contract	0.29	0.97
once	0.29	1.48
athlete	0.29	2.72
deal	0.30	1.06
fox	0.30	0.81
wouldnt	0.30	2.07
project	0.30	1.18
onto	0.30	1.05
whenever	0.30	1.00
if	0.30	2.67
monkey	0.30	1.27
message	0.30	1.24
requires	0.30	0.85
lady	0.30	0.76
precedent	0.30	1.13
stay	0.30	1.48
author	0.30	1.55
package	0.30	0.93
created	0.30	0.94
their	0.30	1.67
write	0.30	1.01
removed	0.30	1.71
placed	0.30	1.10
ability	0.30	1.16
help	0.30	1.56
senior	0.30	1.24
fill	0.30	1.81
hitting	0.30	1.86
receive	0.30	1.08
born	0.30	0.91
expect	0.30	2.21
deep	0.30	1.22
protection	0.30	1.03
explain	0.31	2.43
money	0.31	0.98
locker	0.31	0.69
15th	0.31	3.23
greats	0.31	2.64
warning	0.31	1.28
mask	0.31	0.93
demand	0.31	0.92
el	0.31	0.82
predicting	0.31	2.02
standpoint	0.31	1.12
slam	0.31	1.84
squad	0.31	1.30
directly	0.31	1.28
evidence	0.31	2.21
broadcasts	0.31	0.78
badly	0.31	1.57
girls	0.31	0.99
bros	0.31	1.55
mound	0.31	1.35
denied	0.31	0.99
bothered	0.31	1.87
walk-off	0.31	1.61
signs	0.31	0.81
switching	0.31	0.94
h	0.31	1.06
signing	0.31	1.09
fashion	0.31	1.05
sing	0.31	0.85
see	0.31	2.47
cross	0.31	0.98
question	0.31	2.21
strickland	0.31	0.78
either	0.31	2.62
blog	0.31	1.26
pen	0.32	1.88
outfielders	0.32	2.33
projections	0.32	1.18
submitted	0.32	1.47
require	0.32	0.94
plenty	0.32	1.29
class	0.32	0.92
ultimate	0.32	1.06
average	0.32	1.90
really	0.32	2.59
danny	0.32	0.90
power	0.32	1.69
equal	0.32	1.19
opportunities	0.32	1.20
controversy	0.32	0.78
include	0.32	0.98
prepared	0.32	1.20
comes	0.32	1.02
suspension	0.32	1.08
hardly	0.32	1.52
yankee	0.32	1.70
places	0.32	1.08
developing	0.32	0.99
infante	0.32	1.01
escobar	0.32	1.00
sign	0.32	1.00
team	0.32	3.19
setup	0.32	1.57
belongs	0.32	0.95
talent	0.32	1.50
channel	0.32	0.85
profit	0.32	0.84
salaries	0.32	1.00
careers	0.32	1.63
adds	0.32	0.77
named	0.32	0.86
locked	0.32	0.87
grow	0.32	0.78
qualified	0.32	4.40
foot	0.32	1.43
compare	0.32	1.21
skill	0.32	1.32
shake	0.33	0.82
human	0.33	1.55
odds	0.33	1.03
much	0.33	1.63
damned	0.33	1.27
salary	0.33	0.96
basis	0.33	1.18
yesterday	0.33	1.20
core	0.33	1.18
think	0.33	2.69
clown	0.33	1.03
orange	0.33	0.85
listen	0.33	0.83
triple	0.33	1.62
moving	0.33	0.88
grand	0.33	1.84
development	0.33	1.19
joke	0.33	1.90
broadcast	0.33	0.77
options	0.33	1.19
closers	0.33	1.57
set	0.33	0.98
before	0.33	1.47
takes	0.33	0.96
text	0.33	1.21
bomb	0.33	1.48
get	0.34	2.22
technology	0.34	1.10
pants	0.34	0.78
rating	0.34	1.66
preferred	0.34	1.05
give	0.34	1.76
headline	0.34	1.34
goal	0.34	1.21
capable	0.34	1.36
batter	0.34	2.00
arbitration	0.34	0.99
names	0.34	1.11
open	0.34	0.91
whose	0.34	1.14
extension	0.34	0.94
adjusted	0.34	1.23
works	0.34	0.90
calling	0.34	1.76
make	0.34	1.75
qualifying	0.34	1.21
selected	0.34	1.31
girl	0.34	0.88
conclusion	0.34	1.91
after	0.34	1.31
indicate	0.35	1.01
steps	0.35	1.17
missing	0.35	3.92
fully	0.35	1.67
company	0.35	0.80
gift	0.35	0.74
crack	0.35	0.83
take	0.35	1.83
occasional	0.35	0.97
happening	0.35	2.19
reading	0.35	1.54
them	0.35	2.10
out	0.35	1.37
announcers	0.35	0.81
regards	0.35	0.94
broadcaster	0.35	0.88
into	0.35	1.17
incentive	0.35	0.94
period	0.35	1.76
negotiations	0.35	0.98
ignored	0.35	1.31
allowed	0.35	1.63
brother	0.35	1.03
bench	0.36	1.74
settle	0.36	1.05
lots	0.36	1.09
wrote	0.36	1.21
desperately	0.36	1.54
betting	0.36	0.95
saw	0.36	1.52
intense	0.36	1.11
adding	0.36	1.12
jam	0.36	1.29
standard	0.36	1.04
infielders	0.36	2.36
announcer	0.36	0.89
offer	0.36	1.00
attached	0.36	0.95
gave	0.36	1.28
helping	0.36	1.16
owns	0.36	0.70
depth	0.36	1.83
homer	0.36	1.68
ask	0.36	1.94
rosters	0.36	1.31
finish	0.36	2.20
annoyed	0.36	3.56
matters	0.37	1.00
bunting	0.37	1.42
because	0.37	2.64
managed	0.37	0.92
just	0.37	2.55
extend	0.37	0.98
formula	0.37	1.18
upside	0.37	1.48
cutting	0.37	0.82
links	0.37	1.34
parts	0.37	1.64
present	0.37	0.86
highest	0.37	4.23
ballots	0.37	0.94
ads	0.37	0.91
normally	0.37	1.02
young	0.37	1.12
specifically	0.37	1.86
proven	0.37	1.12
fly	0.37	1.39
equally	0.37	1.30
blackout	0.37	0.83
provides	0.37	1.29
reasoning	0.37	2.31
dad	0.37	1.02
pointless	0.37	1.77
positions	0.37	2.24
8th	0.38	3.12
postseason	0.38	1.82
topic	0.38	1.40
ground	0.38	1.35
lunch	0.38	0.75
results	0.38	1.08
scale	0.38	1.31
march	0.38	1.52
primary	0.38	2.67
unfortunately	0.38	1.37
brings	0.38	0.62
doc	0.38	0.76
blackouts	0.38	0.78
october	0.38	1.49
work	0.38	1.99
dog	0.38	0.76
apologize	0.38	1.80
linked	0.38	1.29
seem	0.38	2.30
blast	0.38	1.12
performances	0.38	2.31
normal	0.38	1.08
springer	0.38	1.08
commercial	0.38	0.99
internet	0.38	0.84
brown	0.38	0.61
derek	0.38	0.85
giving	0.38	1.18
adjustments	0.38	1.59
lazy	0.38	1.54
dwar	0.38	1.98
account	0.38	1.03
allow	0.38	1.26
victor	0.38	0.96
material	0.38	1.05
letting	0.39	1.14
casey	0.39	0.99
shown	0.39	1.09
serious	0.39	1.05
mode	0.39	0.90
presence	0.39	0.82
millions	0.39	0.93
honestly	0.39	2.63
his	0.39	1.25
does	0.39	2.21
stretch	0.39	1.49
compensation	0.39	1.37
together	0.39	1.18
pay	0.39	0.90
map	0.40	0.94
caps	0.40	0.83
l	0.40	0.93
dh	0.40	1.89
investment	0.40	0.88
hotel	0.40	0.76
needed	0.40	1.34
birds	0.40	1.05
zero	0.40	0.92
forget	0.40	2.36
accomplishments	0.40	1.61
probably	0.40	2.14
stopping	0.40	1.43
would	0.40	2.29
read	0.40	1.37
complex	0.40	0.87
has	0.40	1.64
rob	0.40	1.02
provide	0.40	0.96
lowe	0.40	1.20
we	0.40	2.30
borderline	0.40	1.12
method	0.40	1.09
values	0.41	1.46
spot	0.41	2.15
vpn	0.41	0.77
latter	0.41	1.55
again	0.41	2.12
various	0.41	1.50
states	0.41	0.90
bar	0.41	0.76
intended	0.41	2.02
understandable	0.41	1.17
mascot	0.41	0.78
via	0.41	0.85
august	0.41	1.76
rounds	0.41	2.62
phrase	0.41	1.27
bunts	0.41	1.24
extra	0.41	1.03
ootp	0.41	0.88
these	0.41	1.15
interviews	0.41	0.84
did	0.41	2.39
saving	0.41	1.02
clear	0.41	3.70
submitting	0.41	1.44
younger	0.41	1.01
lie	0.41	1.68
moustakas	0.41	0.99
cousin	0.41	1.09
included	0.41	0.97
proper	0.41	1.16
nearly	0.41	1.18
solo	0.41	1.70
kinds	0.41	1.08
becomes	0.41	1.05
pocket	0.41	0.88
powerful	0.41	1.45
tv	0.41	0.77
song	0.42	0.79
street	0.42	0.78
shirts	0.42	0.83
mainly	0.42	0.72
otherwise	0.42	2.37
projection	0.42	1.14
step	0.42	1.19
back	0.42	1.53
regarding	0.42	1.28
pick	0.42	2.05
hearing	0.42	1.08
offensive	0.42	2.21
talks	0.42	2.47
keith	0.42	0.64
recently	0.42	1.21
filling	0.42	1.84
some	0.42	1.15
failing	0.42	1.05
draft	0.42	1.65
meant	0.43	4.06
pizza	0.43	0.58
sincerely	0.43	1.32
bird	0.43	0.89
reality	0.43	1.14
includes	0.43	1.10
glory	0.43	1.49
counter	0.43	1.98
so	0.43	2.63
lasted	0.43	1.30
finishing	0.43	2.96
sacrifice	0.43	1.34
salvador	0.43	1.02
completely	0.43	1.77
define	0.43	1.42
previous	0.43	1.13
duffy	0.43	0.91
projected	0.43	1.13
currently	0.43	4.12
gives	0.43	0.80
strong	0.43	1.55
regard	0.43	0.93
star	0.43	1.63
letter	0.43	1.06
forgetting	0.44	2.01
cover	0.44	0.93
state	0.44	0.84
victory	0.44	1.05
suggests	0.44	0.80
friend	0.44	1.01
toward	0.44	1.25
explained	0.44	2.11
awhile	0.44	1.50
now	0.44	2.75
north	0.44	0.91
established	0.44	1.36
taxes	0.44	0.86
fangraphs	0.45	1.14
prove	0.45	1.77
planning	0.45	1.22
joy	0.45	0.90
flairs	0.45	1.19
6th	0.45	3.39
written	0.45	1.13
debate	0.45	1.44
examples	0.45	1.25
eras	0.45	1.35
page	0.45	1.20
gameday	0.45	0.94
superstar	0.45	1.62
focused	0.45	0.94
guarantee	0.45	2.36
private	0.45	0.94
actually	0.45	2.52
then	0.45	1.90
identical	0.45	1.05
massive	0.45	1.59
served	0.46	0.65
fucker	0.46	1.44
worry	0.46	2.16
coach	0.46	0.99
rotation	0.46	2.00
role	0.46	1.69
july	0.46	1.94
returns	0.46	1.04
thrilled	0.46	3.90
value	0.46	1.54
fresh	0.46	0.95
ways	0.46	1.28
voting	0.46	1.32
deleted	0.46	1.82
broadcasters	0.46	0.81
site	0.46	1.16
us	0.46	2.03
wants	0.46	2.85
systems	0.46	1.41
trouble	0.46	2.33
pure	0.47	1.44
jerseys	0.47	0.83
skip	0.47	0.79
halfway	0.47	1.40
laid	0.47	0.60
half	0.47	2.28
finished	0.47	3.24
exceptions	0.47	1.10
dollar	0.47	0.94
elsewhere	0.47	1.14
dinger	0.47	1.32
wont	0.47	1.76
selection	0.47	1.02
gordon	0.47	0.99
language	0.47	1.16
calculated	0.47	1.20
surrounding	0.47	0.74
starters	0.47	2.09
tools	0.47	1.61
relievers	0.47	1.68
r	0.47	0.97
upset	0.47	3.81
stolen	0.48	1.68
decent	0.48	2.62
veteran	0.48	1.33
assume	0.48	2.63
should	0.48	2.28
stats	0.48	1.28
middle	0.48	2.06
seventh	0.48	2.24
sac	0.48	1.43
bonus	0.48	1.17
tool	0.48	1.38
made	0.48	2.19
bunt	0.48	1.40
sometimes	0.48	1.31
comparison	0.48	1.50
leadoff	0.48	1.89
computer	0.48	0.82
suggested	0.48	1.08
commentary	0.48	0.96
angel	0.48	1.15
raised	0.48	1.02
unpopular	0.48	1.35
arguments	0.49	1.81
catchers	0.49	2.04
crime	0.49	1.02
rant	0.49	1.53
greatness	0.49	1.68
separate	0.49	1.08
dive	0.49	1.31
answers	0.49	1.76
rarely	0.49	0.92
doubt	0.49	2.36
strongly	0.49	1.56
small	0.49	1.50
phone	0.49	0.80
etc	0.49	0.94
meh	0.49	1.24
listed	0.49	1.31
ate	0.49	0.70
huge	0.49	1.60
security	0.49	0.81
granted	0.49	1.03
frustrated	0.49	3.37
brand	0.49	1.02
vacation	0.49	0.77
frequently	0.49	1.23
bargain	0.49	1.11
factors	0.49	1.11
colors	0.49	0.83
perhaps	0.50	1.75
services	0.50	0.80
spent	0.50	1.31
purely	0.50	1.10
downtown	0.50	0.83
might	0.50	2.34
flawed	0.50	1.31
allows	0.50	0.92
opportunity	0.50	1.29
south	0.50	0.95
generally	0.50	1.28
address	0.50	1.09
everytime	0.50	0.92
ride	0.50	0.70
already	0.50	1.51
no	0.50	2.06
billy	0.50	1.05
infield	0.50	1.71
hats	0.50	0.84
famous	0.50	1.38
ladies	0.50	0.87
relative	0.50	1.58
along	0.50	0.95
intent	0.50	2.01
standards	0.51	1.14
connection	0.51	1.13
access	0.51	0.81
ultimately	0.51	0.89
ball	0.51	1.48
suit	0.51	0.78
sick	0.51	3.02
more	0.51	1.52
bleacher	0.51	1.08
baseball-reference	0.51	1.11
legal	0.51	1.15
anywhere	0.51	1.84
shop	0.51	0.87
g	0.51	0.92
continues	0.51	1.12
woo	0.51	1.13
data	0.51	1.21
could	0.51	2.18
main	0.51	1.58
negative	0.51	1.28
email	0.51	1.12
gladly	0.51	1.39
fields	0.51	1.06
depending	0.52	0.79
sentence	0.52	2.09
adjustment	0.52	1.69
link	0.52	1.60
judge	0.52	1.76
managers	0.52	2.09
finds	0.52	2.56
button	0.52	1.20
ill	0.52	1.29
theres	0.52	1.35
deeper	0.52	0.95
math	0.52	1.41
association	0.52	1.18
drs	0.52	2.00
interview	0.52	0.84
fielders	0.52	2.44
variety	0.52	0.99
default	0.52	1.07
vargas	0.52	0.95
scoring	0.52	1.70
concept	0.52	1.48
drawing	0.53	1.05
facebook	0.53	1.13
figures	0.53	0.93
drinking	0.53	0.73
sooner	0.53	1.48
attended	0.53	1.75
potential	0.53	1.39
books	0.53	0.87
offered	0.53	0.85
moon	0.53	0.85
sites	0.53	0.96
rogers	0.53	0.87
slot	0.53	1.72
unreasonable	0.53	1.74
related	0.53	1.10
especially	0.53	1.43
tbs	0.53	0.80
touch	0.53	1.92
described	0.53	1.12
fielding	0.53	2.12
positional	0.53	1.77
study	0.54	0.99
general	0.54	1.12
cant	0.54	1.96
tl	0.54	0.82
check	0.54	1.21
far	0.54	1.28
immediate	0.54	1.27
conversation	0.54	1.69
bizarre	0.54	1.93
pc	0.54	0.82
properly	0.54	1.66
want	0.54	2.17
terrifying	0.54	1.95
find	0.54	1.85
streams	0.54	0.82
boys	0.54	1.10
available	0.55	0.84
5th	0.55	3.33
maybe	0.55	2.32
originally	0.55	2.34
life	0.55	2.83
blacked	0.55	0.80
dreams	0.55	1.39
policy	0.55	1.14
lesson	0.55	0.93
experiences	0.55	2.44
competent	0.55	1.76
wondering	0.55	3.66
eating	0.55	0.71
bars	0.55	0.80
juice	0.55	0.63
memory	0.56	2.24
surprised	0.56	3.85
4th	0.56	3.35
example	0.56	1.63
cream	0.56	0.70
glasses	0.56	0.81
able	0.56	1.85
further	0.56	1.17
grade	0.56	2.06
corrected	0.56	3.78
updated	0.56	0.94
walkoff	0.56	1.62
batted	0.56	1.70
code	0.56	0.93
speaks	0.57	0.79
d	0.57	2.27
revenue	0.57	0.96
bloop	0.57	1.38
wo	0.57	2.16
themselves	0.57	1.52
convinced	0.57	3.84
squeeze	0.57	0.94
heck	0.57	1.07
mlbpa	0.57	0.79
decided	0.57	1.71
doesnt	0.57	1.70
receiving	0.57	1.21
sandwich	0.57	0.78
trip	0.57	0.79
relief	0.57	1.81
imo	0.57	1.71
steals	0.57	1.61
solution	0.57	1.33
scores	0.58	2.08
individual	0.58	1.13
butt	0.58	1.00
case	0.58	2.02
tearing	0.58	0.93
backup	0.58	1.87
clubhouse	0.58	1.05
background	0.58	0.75
wikipedia	0.58	1.03
wars	0.58	0.81
chicken	0.58	0.69
gifs	0.58	1.34
eyes	0.58	0.85
ll	0.59	2.16
refused	0.59	1.36
barney	0.59	1.25
capacity	0.59	1.51
weak	0.59	1.69
considered	0.59	1.49
instantly	0.59	1.10
balanced	0.59	1.21
dark	0.59	0.85
eat	0.59	0.70
understanding	0.59	1.04
arbitrary	0.59	1.63
character	0.59	0.94
blown	0.59	2.10
reaching	0.59	1.50
bbq	0.59	0.69
noted	0.59	1.98
yours	0.60	1.55
expert	0.60	1.11
chosen	0.60	0.99
nix	0.60	0.96
look	0.60	2.23
legends	0.60	1.39
imagine	0.60	2.48
bob	0.60	0.69
ca	0.60	1.99
folks	0.60	1.19
weather	0.60	0.81
jobs	0.60	1.05
rick	0.60	0.91
props	0.60	0.82
my	0.60	1.42
worried	0.60	3.91
lived	0.61	1.07
ibanez	0.61	0.79
admit	0.61	2.43
unnecessary	0.61	1.57
ice	0.61	0.98
article	0.61	1.21
round	0.61	2.77
asked	0.61	1.10
southern	0.61	1.02
become	0.61	1.82
cost	0.61	0.98
fourth	0.61	3.13
virginia	0.61	0.98
meat	0.61	0.72
discussing	0.62	1.07
raw	0.62	1.35
longevity	0.62	1.47
double	0.62	1.51
additional	0.62	0.99
uzr	0.62	1.56
metrics	0.62	1.46
scenario	0.62	1.40
television	0.62	0.86
relax	0.62	0.92
stream	0.62	0.77
randomly	0.62	0.85
questions	0.62	1.18
minute	0.62	1.02
stole	0.62	1.70
wait	0.62	1.94
brief	0.62	1.25
importantly	0.62	0.91
culture	0.63	0.92
given	0.63	1.11
appears	0.63	0.91
still	0.63	2.42
types	0.63	1.11
delicious	0.63	0.71
bound	0.63	1.24
ps4	0.63	0.82
sorts	0.63	0.98
wondered	0.63	1.68
cough	0.63	0.78
breakfast	0.63	0.75
others	0.63	1.22
noting	0.63	1.11
theme	0.64	0.82
leadership	0.64	1.13
attractive	0.64	1.07
information	0.64	0.97
streaming	0.64	0.79
reliever	0.64	1.86
opposed	0.64	1.24
plus	0.64	1.75
xbox	0.64	0.79
independent	0.64	0.96
party	0.64	0.84
mlb.tv	0.64	0.79
subject	0.64	1.21
soon	0.64	1.98
strictly	0.65	1.59
app	0.65	0.83
select	0.65	0.85
create	0.65	0.86
original	0.65	2.09
gt	0.65	1.82
november	0.65	1.08
store	0.65	0.95
host	0.65	1.25
j	0.65	0.91
chase	0.65	0.99
anyway	0.65	2.51
didnt	0.65	1.95
northern	0.65	0.98
bet	0.65	2.03
towards	0.65	1.14
ours	0.65	1.42
diaz	0.65	1.17
albeit	0.65	1.30
description	0.66	1.19
effective	0.66	1.36
realized	0.66	2.06
ejected	0.66	1.76
staring	0.66	0.78
serviceable	0.66	1.95
visiting	0.66	1.15
instance	0.66	1.00
helped	0.66	0.96
like	0.66	1.67
diving	0.66	1.39
key	0.66	1.57
entirely	0.66	1.76
catcher	0.66	1.89
from	0.66	1.18
wide	0.66	1.17
perspective	0.66	1.03
agreement	0.67	0.83
tend	0.67	0.96
dont	0.67	2.15
attempted	0.67	1.18
short	0.67	1.49
finding	0.67	1.08
update	0.67	0.94
unrelated	0.67	1.28
trying	0.67	1.82
athletic	0.67	1.26
cheese	0.67	0.69
bless	0.67	0.87
loose	0.67	0.90
ps3	0.67	0.84
reply	0.67	2.17
secret	0.68	1.02
dare	0.68	1.14
proof	0.68	1.48
dong	0.68	1.09
nickname	0.68	0.80
play	0.68	1.56
fails	0.68	0.96
sorta	0.68	1.52
useless	0.68	1.45
subscription	0.68	0.80
book	0.68	0.98
sigh	0.68	1.39
burns	0.68	1.26
someday	0.68	1.82
required	0.68	1.19
statistic	0.68	1.11
afraid	0.68	3.86
scared	0.68	3.63
asking	0.68	2.28
dongs	0.68	1.03
will	0.69	2.09
clock	0.69	1.54
aint	0.69	1.19
exception	0.69	0.67
free	0.69	1.05
actual	0.69	1.15
sabermetrics	0.69	1.04
board	0.69	0.92
p	0.69	0.84
legitimately	0.69	1.27
risp	0.69	1.68
approve	0.69	0.88
living	0.69	1.00
gon	0.69	2.39
outstanding	0.69	2.53
doing	0.69	2.22
may	0.69	1.85
dream	0.69	1.16
forcing	0.69	1.11
id	0.69	1.30
highly	0.70	1.20
hopefully	0.70	1.65
refuse	0.70	1.55
destiny	0.70	1.07
butler	0.70	1.09
found	0.70	1.24
concerned	0.70	3.80
involving	0.70	0.91
valid	0.70	1.77
audio	0.70	0.79
overly	0.70	1.79
necessary	0.70	1.29
productive	0.70	1.43
basic	0.70	1.02
baseline	0.70	1.89
allowing	0.70	1.34
ron	0.70	0.61
mine	0.70	0.95
bags	0.70	1.20
putting	0.71	1.12
measure	0.71	1.29
insert	0.71	2.07
logo	0.71	0.85
somehow	0.71	1.32
salty	0.71	2.10
analysis	0.71	1.00
hypothetical	0.71	1.33
drink	0.71	0.79
stepped	0.71	1.51
somebody	0.71	1.60
graph	0.71	1.03
parking	0.71	0.92
build	0.71	0.90
upvote	0.71	1.64
stays	0.71	0.88
forward	0.71	1.75
creating	0.71	0.83
aiken	0.71	0.97
can	0.72	1.87
nate	0.72	0.85
home	0.72	1.90
obviously	0.72	2.44
reaction	0.72	0.98
checked	0.72	1.22
historic	0.72	2.51
manner	0.72	0.95
answered	0.73	1.91
grounder	0.73	1.62
trigger	0.73	1.10
sixth	0.73	2.67
alive	0.73	1.30
mac	0.73	0.79
flair	0.73	1.53
willing	0.73	1.78
sidebar	0.73	1.42
need	0.73	1.81
offering	0.73	0.85
luxury	0.73	0.92
statistics	0.73	1.08
promising	0.74	1.13
ace	0.74	1.70
covering	0.74	1.49
grab	0.74	0.93
angry	0.74	3.45
universe	0.74	1.10
statistical	0.74	1.15
partial	0.74	1.34
clause	0.74	0.75
surprisingly	0.74	1.14
terms	0.74	1.44
feed	0.74	0.81
moment	0.75	2.33
ballplayer	0.75	2.09
definition	0.75	1.80
turf	0.75	0.86
tax	0.75	0.91
everyday	0.75	1.86
y'all	0.75	1.80
starter	0.75	2.08
historical	0.75	1.32
jeets	0.75	1.15
union	0.75	0.94
loving	0.75	1.24
advanced	0.76	1.16
considering	0.76	1.27
pumped	0.76	2.87
angle	0.76	1.64
bull	0.76	1.15
factor	0.76	1.07
sales	0.76	0.94
rest	0.76	3.01
successful	0.76	1.41
when	0.76	1.87
spectacular	0.76	2.50
heavily	0.76	1.07
remains	0.76	0.90
charity	0.76	0.80
charged	0.76	1.35
based	0.76	1.11
staying	0.76	1.32
forth	0.76	0.66
term	0.76	1.00
form	0.77	0.99
situations	0.77	1.21
greatest	0.77	3.34
bring	0.77	1.33
plays	0.77	1.78
hawk	0.77	1.04
outfielder	0.77	2.31
looking	0.77	2.52
bit	0.77	1.32
moose	0.77	1.08
certainly	0.77	2.18
wanting	0.77	1.54
kate	0.77	0.84
healthy	0.77	1.21
eventually	0.77	1.63
metal	0.77	0.84
basemen	0.77	3.80
penalty	0.78	1.36
funny	0.78	2.43
comparing	0.78	1.16
plain	0.78	1.05
stat	0.78	1.23
infielder	0.78	1.93
unable	0.78	1.12
fit	0.78	0.98
little	0.78	1.21
also	0.78	1.73
running	0.78	1.50
got	0.78	1.60
bottle	0.78	0.77
fries	0.78	0.70
boom	0.78	1.27
finally	0.78	1.78
1st	0.79	3.08
film	0.79	0.97
na	0.79	2.24
hero	0.79	1.40
explains	0.79	1.14
environment	0.79	0.87
somewhat	0.79	1.36
appear	0.79	1.12
pinstripes	0.79	0.85
live	0.80	1.03
mobile	0.80	1.00
favourite	0.80	3.71
dyson	0.80	1.08
criteria	0.80	1.57
legitimate	0.80	1.11
ballgame	0.80	1.17
let	0.80	1.86
enjoyable	0.80	1.68
needs	0.80	1.51
though	0.80	2.42
pie	0.80	0.84
immediately	0.80	1.33
blood	0.80	0.80
beef	0.80	0.67
compliment	0.81	2.61
routine	0.81	1.41
different	0.81	1.02
incredibly	0.81	1.34
purposes	0.81	1.13
although	0.81	2.37
unless	0.81	1.92
partially	0.81	1.21
diamond	0.81	0.86
seats	0.82	1.27
moments	0.82	2.49
personality	0.82	1.01
bang	0.82	1.01
online	0.82	0.80
pitcher	0.82	3.07
try	0.82	1.69
shortstop	0.82	3.06
touching	0.82	1.75
bold	0.82	1.22
duh	0.82	1.27
screen	0.82	0.81
comparable	0.82	1.15
liked	0.82	2.58
as	0.83	1.56
shots	0.83	0.98
dogs	0.83	0.73
metric	0.83	1.23
extremely	0.83	1.33
laughed	0.83	1.12
plate	0.83	2.08
hair	0.83	0.76
congrats	0.83	1.69
cases	0.83	1.19
bases	0.83	2.09
enough	0.83	1.73
admittedly	0.83	1.10
first	0.83	2.57
documentary	0.83	1.22
popular	0.83	1.24
fade	0.84	1.29
defined	0.84	1.67
stayed	0.84	0.88
music	0.84	0.82
3rd	0.84	3.13
hail	0.84	1.09
pinch	0.84	1.75
wherever	0.85	0.92
easily	0.85	1.81
kid	0.85	0.95
him	0.85	1.84
legit	0.85	1.49
add	0.85	1.07
clicked	0.85	1.47
tips	0.85	0.92
stating	0.85	3.35
b	0.85	1.04
chart	0.86	1.01
yay	0.86	1.20
remain	0.86	1.17
initial	0.86	1.72
reasonably	0.86	1.19
isnt	0.86	1.14
beach	0.86	0.69
copy	0.86	0.87
situation	0.87	1.27
definitely	0.87	2.18
alternative	0.87	0.91
hope	0.87	2.11
tip	0.87	1.13
closely	0.87	1.27
involved	0.87	1.21
missed	0.88	1.63
getting	0.88	1.77
foul	0.88	1.21
added	0.88	1.02
forced	0.88	1.25
avoid	0.88	1.52
realistic	0.88	1.46
benefits	0.88	0.90
relatively	0.89	1.17
bill	0.89	0.70
warm	0.89	1.12
surprising	0.89	2.24
designed	0.89	1.11
hi	0.90	0.93
confident	0.90	3.55
faded	0.90	1.09
seat	0.90	1.23
taking	0.90	1.11
pics	0.90	1.01
youre	0.90	1.65
legally	0.90	1.42
blocked	0.90	2.09
anyways	0.91	1.55
terribly	0.91	1.37
favorite	0.91	3.58
meaningless	0.91	1.14
process	0.92	1.54
alone	0.92	1.02
hot	0.92	0.80
f	0.92	1.09
appreciated	0.92	0.89
selling	0.92	0.88
rather	0.92	1.79
glad	0.92	3.60
beers	0.93	0.85
shot	0.93	1.01
new	0.93	0.92
deciding	0.93	1.48
easier	0.93	1.18
contest	0.93	1.12
uncomfortable	0.94	3.04
likely	0.94	1.74
reliable	0.94	1.46
e	0.94	0.88
style	0.94	0.75
player	0.94	3.29
very	0.94	1.39
phenomenal	0.94	2.51
scoreboard	0.95	0.93
previously	0.95	0.95
listening	0.95	0.83
research	0.95	1.06
particularly	0.95	1.26
stealing	0.95	1.79
shows	0.95	0.74
challenges	0.96	3.64
whats	0.96	1.51
cba	0.96	1.15
blocking	0.96	2.21
advice	0.96	0.92
quickly	0.96	1.29
sold	0.96	0.95
premium	0.96	1.34
op	0.96	2.14
charge	0.97	1.24
feel	0.97	2.26
color	0.97	0.77
possible	0.97	1.73
miracle	0.97	0.88
glorious	0.98	1.14
reaches	0.98	1.85
brendan	0.98	3.08
context	0.98	1.34
moneyball	0.98	1.01
itself	0.98	1.16
tries	0.98	1.11
google	0.98	0.94
clearing	0.98	1.20
version	0.99	0.74
personal	0.99	1.18
guess	0.99	2.41
course	0.99	2.19
baseman	0.99	2.45
fancy	0.99	0.95
quite	1.00	1.58
fielded	1.00	1.67
passionate	1.00	2.58
wanted	1.00	1.76
wan	1.00	1.65
combine	1.00	1.01
arlington	1.00	1.03
pena	1.00	1.06
ftfy	1.01	1.17
cheaper	1.01	1.10
attempts	1.01	1.53
lets	1.01	1.45
goofy	1.01	1.67
hitter	1.01	3.00
law	1.01	1.50
response	1.01	1.82
insanely	1.01	1.23
frankly	1.02	1.80
yourself	1.02	1.38
bout	1.02	1.30
interested	1.02	3.53
grounds	1.02	1.21
gods	1.02	1.12
tired	1.02	3.30
random	1.02	1.32
court	1.02	1.56
path	1.03	1.81
defensive	1.03	2.83
order	1.03	1.37
stone	1.03	0.76
silly	1.03	1.83
ridiculously	1.03	1.27
spirit	1.03	0.79
position	1.03	3.13
controversial	1.03	1.52
coincidence	1.03	1.36
perez	1.03	1.10
exists	1.04	1.39
reached	1.04	1.94
there	1.04	1.54
bot	1.04	1.41
cameras	1.04	1.04
biased	1.04	2.74
well	1.04	1.78
alternate	1.04	0.76
comfortable	1.04	3.37
mad	1.04	3.27
kawasaki	1.05	1.63
cause	1.05	1.31
note	1.05	1.08
enjoyed	1.05	2.00
block	1.05	1.83
youtube	1.06	0.96
fielder	1.07	1.73
delay	1.07	1.11
fairly	1.07	1.27
bag	1.07	1.90
em	1.07	1.53
underrated	1.07	1.55
aoki	1.07	1.16
reasonable	1.07	1.51
wizard	1.07	0.98
neutral	1.07	1.92
edited	1.07	2.14
beyond	1.08	1.21
uniforms	1.08	0.93
costs	1.08	1.00
meaningful	1.08	1.13
steal	1.08	1.95
cell	1.09	0.72
its	1.09	1.63
touched	1.09	2.24
outta	1.09	1.22
checking	1.09	0.87
wishes	1.09	0.80
place	1.09	3.66
regardless	1.10	1.20
childhood	1.10	2.13
determine	1.10	1.71
initially	1.10	1.95
shea	1.10	0.93
gif	1.10	1.16
reverse	1.10	2.89
click	1.10	1.00
kind	1.10	1.39
beard	1.10	0.96
clever	1.10	1.38
figured	1.10	1.84
details	1.11	1.00
hosmer	1.11	1.21
reference	1.11	0.91
talented	1.11	1.30
recommend	1.11	0.68
dunno	1.11	1.90
modern	1.11	1.54
boner	1.11	0.96
please	1.12	1.56
quote	1.12	1.11
solid	1.12	2.08
therefore	1.12	2.00
traditional	1.12	0.99
complicated	1.12	1.67
afford	1.12	1.11
territory	1.12	1.15
smile	1.12	0.75
ump	1.13	3.08
an	1.13	1.67
makes	1.13	1.46
typo	1.13	2.28
enjoying	1.13	1.07
yosted	1.13	1.42
um	1.13	1.33
image	1.13	1.16
subjective	1.13	2.49
dig	1.14	1.00
seems	1.14	1.44
possession	1.14	1.86
notable	1.14	1.15
starting	1.14	2.75
elite	1.14	2.26
smell	1.14	0.80
scheme	1.14	0.92
ai	1.15	1.30
cuz	1.15	1.55
calm	1.15	1.46
having	1.15	0.99
graphic	1.15	0.86
sides	1.15	1.11
collision	1.15	1.83
risky	1.15	1.67
generation	1.15	2.77
ejection	1.15	2.09
purchase	1.15	0.88
camera	1.16	1.06
prices	1.16	1.11
field	1.16	1.17
shits	1.16	2.05
explaining	1.16	1.22
hes	1.17	1.32
tried	1.17	1.17
often	1.17	1.13
ta	1.17	1.58
dramatic	1.18	1.37
show	1.18	0.89
motherfucker	1.18	1.55
slide	1.18	1.91
2nd	1.18	3.70
baby	1.18	1.35
guy	1.18	1.21
experience	1.18	1.06
boring	1.19	1.55
da	1.19	1.29
pool	1.19	0.91
thought	1.19	1.81
great	1.19	2.10
sure	1.19	3.33
collection	1.19	1.56
third	1.19	2.50
dudes	1.19	1.07
baserunner	1.19	2.17
display	1.20	1.18
super	1.20	1.31
ticket	1.20	1.16
fifth	1.20	3.46
highlight	1.20	1.01
showing	1.20	0.87
reminder	1.20	1.07
showed	1.20	1.42
looked	1.20	1.51
runners	1.20	2.18
til	1.20	0.96
videos	1.21	1.18
particular	1.21	1.00
tag	1.22	2.22
misleading	1.22	1.40
such	1.22	1.23
explanation	1.22	1.61
magic	1.23	1.07
stories	1.23	1.09
tickets	1.24	1.18
base	1.24	2.21
sell	1.24	1.10
beer	1.24	0.93
merely	1.24	2.39
food	1.24	0.93
welcome	1.25	1.33
lord	1.26	1.30
lot	1.26	0.99
dimensions	1.26	0.91
dominating	1.26	2.04
rules	1.26	1.95
determined	1.26	2.14
certain	1.27	1.04
sliding	1.27	1.87
attempt	1.27	1.63
advance	1.27	1.96
bye	1.27	1.57
dp	1.27	1.26
similar	1.28	1.51
yo	1.28	1.27
omg	1.28	1.62
automatically	1.28	1.83
search	1.28	0.97
bought	1.28	1.04
plz	1.28	1.20
electric	1.28	2.05
judgment	1.29	3.00
kinda	1.29	1.58
beauty	1.29	1.67
rule	1.29	2.55
sauce	1.29	0.77
met	1.30	2.32
decide	1.30	1.90
chief	1.31	2.01
unlikely	1.31	1.55
im	1.32	2.13
error	1.32	1.91
safely	1.32	2.13
genuinely	1.32	1.56
too	1.32	2.08
lane	1.32	2.01
stud	1.32	1.50
incredible	1.33	2.27
pretty	1.33	1.41
attempting	1.34	1.56
happier	1.34	3.17
automatic	1.34	2.34
buying	1.34	0.95
apply	1.35	1.82
lmao	1.35	1.61
angles	1.35	1.36
events	1.36	1.19
signature	1.36	0.95
called	1.36	2.94
shit	1.36	1.69
hello	1.36	0.78
picture	1.36	1.09
turner	1.36	0.78
fucking	1.37	1.65
feels	1.37	1.52
memorable	1.37	2.25
whether	1.37	3.00
another	1.37	2.31
calls	1.38	3.15
suppose	1.38	2.17
tough	1.38	1.63
buy	1.39	1.06
pictures	1.39	1.01
username	1.39	1.58
argued	1.39	2.48
absolutely	1.39	1.38
scene	1.39	1.01
fits	1.39	0.93
umps	1.39	3.17
seemed	1.39	1.01
guessing	1.40	2.99
umpires	1.40	3.20
sense	1.40	1.81
highlights	1.41	0.98
personally	1.41	2.08
clip	1.42	0.89
difficult	1.42	1.59
cooperstown	1.42	0.87
awarded	1.43	1.92
perfectly	1.43	1.31
provided	1.43	1.02
centre	1.44	0.86
ideal	1.44	1.08
designated	1.44	2.76
tagged	1.44	2.04
clarify	1.45	3.32
impossible	1.45	1.29
insight	1.45	1.14
salvy	1.46	1.35
sake	1.46	1.18
kidding	1.46	1.78
dominant	1.47	1.97
transfer	1.47	2.45
valuable	1.47	1.43
relevant	1.48	1.41
whoa	1.48	1.50
talked	1.48	1.75
applies	1.49	1.86
fine	1.49	1.84
arguing	1.49	3.20
dear	1.49	1.39
challenge	1.50	3.20
dome	1.50	0.82
second	1.50	3.29
blocks	1.50	1.03
hmmm	1.50	1.50
useful	1.50	1.28
whole	1.51	1.87
am	1.51	3.04
umpire	1.51	3.14
balk	1.51	2.87
judgement	1.51	3.71
felt	1.52	1.19
instant	1.52	2.97
runner	1.52	2.10
damnit	1.52	1.56
accurate	1.53	1.30
taste	1.53	0.74
your	1.53	2.34
sounds	1.53	1.33
addition	1.53	1.64
manages	1.53	1.98
wut	1.53	1.38
hahahaha	1.54	1.71
interpretation	1.54	3.19
hoping	1.54	3.20
fuckin	1.54	1.74
lives	1.54	2.10
ouch	1.54	1.42
photos	1.54	0.83
force	1.54	1.95
video	1.55	0.98
features	1.55	0.84
job	1.56	1.70
hard	1.56	1.10
good	1.56	2.15
overturned	1.57	3.74
sort	1.57	1.20
familiar	1.57	2.74
dammit	1.57	1.67
apologies	1.57	1.94
appeal	1.58	3.06
hell	1.58	1.88
at	1.58	1.27
shall	1.58	2.45
logical	1.59	2.05
request	1.59	2.23
pls	1.59	1.61
footage	1.59	1.16
appreciate	1.59	0.88
rare	1.59	1.55
review	1.60	3.23
u	1.60	1.25
idk	1.60	1.45
chill	1.60	1.43
dat	1.60	1.21
crew	1.60	2.36
common	1.61	1.24
call	1.61	3.64
ya	1.62	1.60
hilarious	1.62	1.88
worries	1.63	1.58
honest	1.63	2.99
building	1.64	0.86
confusing	1.64	1.72
wtf	1.64	1.64
replay	1.64	3.11
protest	1.64	3.06
specific	1.65	1.10
indeed	1.65	1.31
cute	1.65	1.19
obstruction	1.65	2.64
watch	1.66	0.97
weird	1.66	1.88
type	1.67	1.00
heh	1.67	1.65
welp	1.67	1.35
interference	1.67	2.65
c'mon	1.67	1.61
waiting	1.68	2.62
edit	1.68	2.06
watched	1.68	2.40
neighborhood	1.68	2.18
ruled	1.69	3.13
seriously	1.69	1.93
me	1.69	2.79
boy	1.69	1.39
meaning	1.70	2.62
woah	1.70	1.57
episode	1.70	1.15
favor	1.72	2.54
exact	1.72	2.35
beast	1.72	1.67
acceptable	1.73	2.07
simple	1.73	1.71
totally	1.73	1.76
challenged	1.73	3.62
sexy	1.73	1.34
overturn	1.74	3.54
nonetheless	1.74	1.15
safe	1.74	3.62
ruling	1.74	3.61
perfect	1.75	2.02
scorer	1.76	2.32
oops	1.76	1.95
movies	1.76	2.16
strange	1.77	1.83
truly	1.77	1.63
m	1.77	2.84
logos	1.78	0.90
tremendous	1.78	1.93
birthday	1.79	2.35
knowing	1.79	2.66
darn	1.80	1.06
hey	1.80	1.74
odd	1.80	1.78
laugh	1.80	1.87
stadium	1.81	0.87
remember	1.81	2.12
goddamn	1.81	1.88
christ	1.82	1.56
info	1.83	1.16
coliseum	1.83	0.88
god	1.84	1.61
saved	1.84	1.93
trop	1.84	0.84
jesus	1.84	1.56
lol	1.85	1.74
sight	1.85	0.99
parties	1.85	1.08
depends	1.86	2.27
upon	1.86	1.75
gary	1.86	1.98
assuming	1.86	2.75
photo	1.87	1.00
sorry	1.89	1.89
goodness	1.89	1.37
amp	1.89	0.82
holy	1.89	1.66
whoops	1.89	1.89
applied	1.90	2.97
land	1.90	0.78
answer	1.91	2.69
ol	1.91	1.22
clutch	1.91	1.88
wat	1.91	1.45
feeling	1.92	2.51
visit	1.92	0.79
official	1.92	3.19
parks	1.93	0.90
important	1.94	1.66
view	1.94	0.89
yards	1.94	0.84
yes	1.95	1.76
growing	1.95	2.10
views	1.95	0.82
jeez	1.96	1.47
opened	1.96	0.84
wrigley	1.97	0.88
safeco	1.97	0.88
however	1.97	2.84
roof	1.97	0.80
replays	1.97	2.19
hah	1.98	1.70
legendary	1.98	1.78
stadiums	1.99	0.87
movie	1.99	1.90
bank	1.99	0.84
myself	2.00	2.48
comerica	2.00	0.86
bro	2.00	1.67
memories	2.00	1.75
technically	2.01	2.81
coors	2.01	0.85
lt	2.01	1.64
t	2.01	0.83
entertaining	2.02	1.77
cannon	2.02	1.81
citi	2.03	0.86
fenway	2.03	0.86
atmosphere	2.04	0.93
o.co	2.04	0.86
exciting	2.04	1.69
close	2.06	1.69
camden	2.06	0.86
hmm	2.06	1.54
eh	2.07	1.62
target	2.07	0.82
aw	2.08	1.51
crazy	2.08	1.91
classy	2.08	1.57
jealous	2.08	2.73
unreal	2.12	1.69
clean	2.13	1.80
nope	2.13	1.71
humble	2.14	1.39
fixed	2.15	2.26
ha	2.16	1.58
busch	2.16	0.84
uh	2.16	1.64
quiet	2.18	1.70
story	2.18	1.51
yep	2.19	1.59
nevermind	2.19	1.60
buddy	2.20	1.48
ah	2.20	1.71
aww	2.22	1.48
forgot	2.22	1.68
oh	2.23	1.68
nah	2.23	1.51
huh	2.24	1.67
prefer	2.25	1.63
ahh	2.30	1.44
watching	2.32	1.64
yea	2.33	1.56
agreed	2.33	1.64
gotcha	2.34	1.52
thats	2.35	1.58
visited	2.36	0.97
built	2.38	0.83
lucky	2.38	1.92
interesting	2.38	2.00
real	2.39	1.56
impressive	2.40	1.75
helpful	2.44	1.61
always	2.45	1.44
ok	2.46	1.55
easy	2.47	1.65
reminds	2.47	1.55
okay	2.49	1.53
fitting	2.53	1.45
freaking	2.54	1.65
quick	2.57	1.52
alright	2.57	1.47
ballparks	2.57	0.83
kauffman	2.62	0.82
long	2.62	1.46
park	2.67	0.81
pnc	2.68	0.81
forever	2.69	1.49
reminded	2.69	1.34
petco	2.70	0.81
magical	2.72	1.50
unique	2.73	1.40
friendly	2.77	1.50
ballpark	2.78	0.82
pickup	2.79	1.48
dang	2.81	1.47
expensive	2.82	1.67
ugly	2.82	1.44
sir	2.83	1.84
wish	2.84	1.79
damn	2.85	1.80
hahaha	2.86	1.85
sharing	2.86	1.57
dude	2.87	1.73
classic	2.88	1.01
tho	2.89	1.61
enjoy	2.91	0.98
looks	2.92	1.57
must	2.97	1.32
haha	3.00	1.77
thank	3.00	1.69
yeah	3.01	1.75
yup	3.02	1.63
man	3.04	1.68
cheap	3.07	1.65
fair	3.08	1.51
badass	3.09	1.30
wonderful	3.14	1.16
neat	3.14	1.57
wow	3.18	1.70
thanks	3.19	1.60
fun	3.25	1.37
pic	3.27	1.35
design	3.29	1.35
special	3.35	1.20
btw	3.35	1.30
feature	3.38	1.14
gorgeous	3.50	1.27
cool	3.58	1.30
seeing	3.61	1.36
appropriate	3.93	1.08
sweet	4.03	0.81
beautiful	4.23	0.83
