fucked	-5.08	1.25
worse	-4.94	1.94
wonky	-4.80	2.15
annoy	-4.77	1.79
suffers	-4.74	2.45
unacceptable	-4.73	1.97
detection	-4.63	2.56
lacking	-4.63	2.14
garbage	-4.60	1.92
suffering	-4.58	2.64
suffer	-4.53	2.66
poor	-4.53	2.29
reg	-4.51	2.63
rubber	-4.49	2.68
crappy	-4.48	2.30
nightmare	-4.44	2.00
hating	-4.42	2.16
severe	-4.42	2.68
due	-4.35	2.58
shitty	-4.23	2.07
stupid	-4.11	1.73
ruin	-3.89	1.46
unplayable	-3.87	2.31
hitreg	-3.86	1.93
dislike	-3.85	1.66
registration	-3.78	2.10
ruined	-3.77	1.71
badly	-3.67	2.27
retarded	-3.66	2.02
messed	-3.65	1.89
complains	-3.59	2.39
design	-3.59	2.41
rubber-banding	-3.57	2.23
pisses	-3.56	1.85
screwed	-3.55	1.52
lag	-3.53	2.19
lagging	-3.53	2.18
banding	-3.48	2.20
complained	-3.47	2.23
netcode	-3.46	1.87
broken	-3.40	1.43
pathetic	-3.39	2.12
rubberbanding	-3.36	2.16
picks	-3.26	2.87
net	-3.25	2.05
toxic	-3.24	2.25
gigantic	-3.24	2.18
dirty	-3.21	2.86
contributing	-3.17	2.37
bashing	-3.16	2.35
heart	-3.16	2.56
sucked	-3.15	2.32
sub	-3.13	2.47
loser	-3.13	2.27
complain	-3.13	2.28
circlejerk	-3.12	2.52
trades	-3.09	2.02
laggy	-3.08	1.73
whereas	-3.08	2.26
pass	-3.06	3.22
jerk	-3.05	2.41
suck	-3.04	1.83
mess	-3.04	1.40
loss	-3.03	2.11
ruining	-3.01	1.10
improved	-3.01	2.23
proper	-3.01	2.37
experiencing	-2.99	2.12
cancer	-2.99	1.98
incompetent	-2.98	2.09
life	-2.97	2.36
everywhere	-2.96	1.95
basics	-2.94	2.60
absolute	-2.93	1.99
uses	-2.93	2.62
bad	-2.92	2.10
latency	-2.90	1.96
decisions	-2.90	2.18
sucks	-2.88	1.76
causing	-2.86	2.05
belong	-2.86	2.25
buggy	-2.86	1.37
caused	-2.84	2.01
deadly	-2.81	2.62
hitbox	-2.81	1.81
map	-2.80	3.19
annoys	-2.80	1.93
hitboxes	-2.80	1.89
rubberband	-2.79	1.90
sole	-2.79	2.46
glitchy	-2.77	1.47
linear	-2.74	2.12
flawed	-2.74	1.37
unfinished	-2.72	1.32
occurs	-2.71	1.98
registering	-2.71	1.81
piss	-2.71	1.10
truth	-2.70	2.62
whose	-2.69	2.21
causes	-2.68	1.93
gt	-2.67	2.50
fault	-2.66	1.93
bugged	-2.65	1.39
alone	-2.65	2.85
general	-2.65	1.52
unbalanced	-2.63	1.43
hitmarkers	-2.62	1.60
rid	-2.62	2.32
lack	-2.61	1.71
unreliable	-2.61	1.48
remembered	-2.60	2.46
absurd	-2.59	1.98
proves	-2.53	1.92
constant	-2.53	1.73
cause	-2.53	1.91
issues	-2.52	1.82
awkward	-2.51	2.27
stuttering	-2.49	1.92
technical	-2.49	1.67
part	-2.48	2.30
broke	-2.48	1.40
packet	-2.48	1.88
problems	-2.47	1.79
spikes	-2.46	1.91
hurt	-2.46	2.67
blame	-2.45	1.33
sp	-2.44	2.70
singleplayer	-2.43	2.56
insane	-2.43	2.46
nuts	-2.43	1.65
trading	-2.43	1.73
infuriating	-2.43	2.15
cared	-2.43	2.53
deserves	-2.43	2.24
noticing	-2.43	1.85
coward	-2.42	1.40
haters	-2.42	2.60
complaining	-2.41	1.42
bitching	-2.40	1.35
gamebreaking	-2.39	1.67
gay	-2.38	2.10
cares	-2.38	1.73
lazy	-2.38	1.50
idiotic	-2.38	1.22
dumb	-2.37	1.45
stutter	-2.37	1.87
coding	-2.36	1.62
reality	-2.34	2.28
compensation	-2.34	1.83
moron	-2.33	1.34
handling	-2.32	1.55
band	-2.31	2.04
hit	-2.30	1.67
drops	-2.28	1.83
whine	-2.26	1.23
scrub	-2.24	1.37
re	-2.24	2.78
bullshit	-2.24	1.52
prevalent	-2.24	1.40
hot	-2.23	2.90
pile	-2.22	1.31
affects	-2.22	1.28
idiot	-2.22	1.33
true	-2.21	3.00
whining	-2.21	1.34
ignorant	-2.19	1.29
tickrate	-2.19	1.65
deaths	-2.17	1.75
screw	-2.17	0.96
utter	-2.16	1.29
dicks	-2.16	1.22
upset	-2.15	2.25
thinks	-2.15	3.24
stuck	-2.15	1.16
crying	-2.15	1.39
crashes	-2.14	1.74
scrubs	-2.14	1.08
management	-2.14	1.56
fucks	-2.13	1.25
sync	-2.13	1.70
freezing	-2.13	1.75
terms	-2.13	1.66
inconsistent	-2.13	1.53
bs	-2.12	1.33
frequent	-2.11	1.63
blaming	-2.11	1.13
frustrating	-2.09	2.36
trash	-2.09	1.37
understood	-2.09	2.33
lacks	-2.09	1.33
frame	-2.08	1.82
ruins	-2.08	1.12
bastard	-2.08	2.53
sucking	-2.07	1.11
occasionally	-2.06	1.48
internet	-2.06	1.45
mediocre	-2.06	2.23
childish	-2.05	1.26
likes	-2.05	3.02
failure	-2.04	1.32
massive	-2.04	1.60
minimal	-2.03	1.60
mechanics	-2.02	1.58
knows	-2.02	3.17
experienced	-2.02	1.72
bothers	-2.02	0.90
idiots	-2.02	1.11
worthless	-2.02	1.30
client	-2.01	1.63
lying	-2.00	1.59
bitch	-1.99	1.44
child	-1.99	1.40
wants	-1.98	3.20
crashing	-1.97	1.69
talks	-1.95	3.15
gunplay	-1.95	1.57
dumbed	-1.94	1.19
meh	-1.93	2.14
nonsense	-1.93	1.21
opposite	-1.93	3.67
fest	-1.92	1.06
fundamental	-1.92	1.32
ohk	-1.91	1.55
corners	-1.91	1.60
sudden	-1.89	1.61
occasional	-1.89	1.58
major	-1.89	1.35
immature	-1.88	1.27
guilty	-1.88	2.40
wonders	-1.88	2.32
farm	-1.88	1.22
pain	-1.85	1.22
pointless	-1.85	1.51
kid	-1.83	1.50
retard	-1.83	1.49
useless	-1.83	1.49
limits	-1.83	1.42
crap	-1.82	1.51
networking	-1.81	1.51
basic	-1.80	1.46
alt	-1.80	1.39
pretend	-1.78	1.42
clusterfuck	-1.78	1.24
wrecked	-1.76	1.17
irritating	-1.76	2.40
glitches	-1.76	1.50
issue	-1.75	1.55
whiny	-1.75	1.39
decision	-1.75	1.34
balancing	-1.73	1.43
painful	-1.73	2.46
amounts	-1.73	1.45
rushed	-1.73	1.17
unstoppable	-1.72	1.56
circle	-1.71	1.45
framerate	-1.71	1.74
connections	-1.71	1.59
core	-1.71	1.37
greedy	-1.70	1.18
leak	-1.70	1.56
crutch	-1.70	1.33
improve	-1.70	1.27
cry	-1.69	1.35
finds	-1.69	2.02
whiners	-1.69	1.17
selfish	-1.68	1.27
breaking	-1.68	1.33
resulting	-1.66	1.55
unfair	-1.66	1.62
noticeable	-1.65	1.28
prevent	-1.65	1.28
le	-1.64	2.61
largest	-1.64	3.15
huge	-1.64	1.34
annoying	-1.63	2.25
fuck	-1.63	1.94
bigger	-1.63	1.36
ridiculous	-1.63	2.33
piece	-1.62	1.23
insulting	-1.62	1.21
ass	-1.62	1.42
biggest	-1.62	3.07
stability	-1.61	1.36
affect	-1.60	1.11
network	-1.60	1.43
douche	-1.59	1.19
balance	-1.58	1.39
physics	-1.58	1.45
baby	-1.58	1.58
subreddit	-1.58	1.79
eliminate	-1.58	1.23
ignored	-1.58	0.97
assholes	-1.58	1.08
trade	-1.57	1.57
present	-1.57	1.30
utterly	-1.56	1.63
unfortunate	-1.55	2.51
micro	-1.55	1.57
sees	-1.55	2.22
superior	-1.52	1.21
significant	-1.52	1.23
tired	-1.52	2.33
whores	-1.51	0.95
limited	-1.50	1.52
greater	-1.50	1.30
about	-1.49	1.59
fat	-1.49	1.21
everyday	-1.49	1.11
downvoting	-1.49	1.53
entitled	-1.49	1.27
bugs	-1.49	1.42
lock-on	-1.48	1.23
tighter	-1.48	1.25
minus	-1.48	0.77
nobody	-1.47	1.67
valid	-1.47	2.93
choices	-1.47	1.46
collision	-1.47	1.45
bitches	-1.47	1.24
dominated	-1.45	1.02
ping	-1.45	1.31
rest	-1.45	1.15
removes	-1.44	1.16
oblivion	-1.44	1.45
clearly	-1.43	3.56
functional	-1.43	1.30
smoother	-1.43	1.30
drives	-1.42	1.57
yours	-1.42	1.05
logic	-1.42	1.49
reducing	-1.42	1.26
tick	-1.41	1.38
golmund	-1.41	2.28
poorly	-1.41	1.37
ns	-1.40	1.51
state	-1.40	1.20
complaint	-1.40	1.47
pussy	-1.39	1.48
dick	-1.39	1.40
except	-1.39	2.97
apparent	-1.38	1.27
side	-1.38	1.48
clueless	-1.37	0.97
invincible	-1.37	1.24
connection	-1.37	1.36
standards	-1.37	1.15
lives	-1.37	0.88
who	-1.36	1.94
rating	-1.35	1.21
flow	-1.35	1.22
voting	-1.35	1.68
critical	-1.34	1.20
complaints	-1.34	1.32
downvotes	-1.33	1.80
inaccurate	-1.33	1.39
improvements	-1.33	1.26
lies	-1.33	1.05
pings	-1.32	1.26
beside	-1.32	0.87
packets	-1.32	1.34
asshole	-1.31	1.24
occur	-1.31	1.66
aside	-1.31	1.12
raging	-1.31	1.50
ignoring	-1.31	1.06
trolls	-1.30	1.12
insults	-1.30	1.30
increases	-1.30	1.31
r/battlefield_4	-1.30	1.72
situational	-1.29	1.33
limitations	-1.29	1.32
world	-1.29	3.31
practically	-1.29	1.16
asses	-1.29	1.19
plays	-1.29	1.75
arguing	-1.28	3.03
imho	-1.28	2.23
sarcastic	-1.28	3.09
raping	-1.27	0.98
waste	-1.27	1.13
filled	-1.27	1.19
minor	-1.27	1.18
wire	-1.27	1.39
weaker	-1.27	1.29
cunt	-1.27	1.34
usual	-1.26	1.08
unrelated	-1.26	1.46
layout	-1.26	1.21
retards	-1.26	1.12
cone	-1.25	1.16
mw2	-1.25	3.38
troll	-1.25	1.32
shits	-1.25	1.29
polish	-1.25	1.16
butthurt	-1.24	1.32
poll	-1.24	1.04
playable	-1.23	1.18
bastards	-1.23	1.19
considerably	-1.23	1.23
zero	-1.23	1.19
affecting	-1.22	1.09
worthy	-1.22	2.34
stronger	-1.21	1.20
bunch	-1.21	1.04
irrelevant	-1.21	1.34
bug	-1.21	1.34
precious	-1.21	1.42
disagree	-1.21	3.36
brain	-1.20	1.18
objectively	-1.20	1.23
performance	-1.20	1.32
releasing	-1.20	1.09
guilin	-1.20	2.39
reporting	-1.20	1.23
ineffective	-1.20	1.36
determined	-1.20	1.03
increased	-1.20	1.28
removal	-1.19	0.86
altai	-1.19	2.47
slight	-1.19	1.11
extreme	-1.19	1.69
reduced	-1.18	1.22
complete	-1.18	1.00
affected	-1.18	1.10
significantly	-1.18	1.21
self	-1.18	1.11
fixing	-1.18	1.27
aaa	-1.18	1.23
powered	-1.17	1.22
product	-1.17	1.09
elitist	-1.17	1.27
hostile	-1.17	1.31
infinite	-1.17	1.19
occasion	-1.16	1.30
follows	-1.16	1.59
loses	-1.16	0.96
freeze	-1.16	1.34
phone	-1.16	1.25
kiddo	-1.15	1.75
easiest	-1.15	2.95
fear	-1.15	0.94
noone	-1.15	1.20
posts	-1.14	1.59
wise	-1.14	1.33
stacked	-1.14	1.22
responsibility	-1.14	1.08
sold	-1.14	1.05
smoothing	-1.14	1.24
increase	-1.14	1.26
maximum	-1.14	1.07
morons	-1.13	1.03
aftermath	-1.13	3.70
meaningless	-1.13	1.29
decreased	-1.13	1.19
improving	-1.13	1.29
calls	-1.13	1.38
calling	-1.12	1.20
virtually	-1.12	1.16
dam	-1.12	2.05
influence	-1.12	1.04
10hz	-1.12	1.30
ghosts	-1.12	1.93
commenting	-1.12	1.77
children	-1.11	1.08
cluster	-1.11	1.04
kids	-1.11	1.09
polished	-1.11	1.13
dying	-1.11	1.21
road	-1.11	2.56
these	-1.10	1.19
balls	-1.10	1.06
severely	-1.10	1.32
lesser	-1.09	1.11
related	-1.09	1.39
acceptable	-1.09	1.30
compensate	-1.09	1.28
upvotes	-1.08	1.65
attempt	-1.08	1.07
killing	-1.08	0.99
gimmick	-1.08	1.29
serious	-1.08	1.23
perspective	-1.08	1.13
horribly	-1.07	1.33
reduce	-1.07	1.16
launch	-1.07	1.08
flaws	-1.07	1.28
silk	-1.07	2.32
threads	-1.06	1.53
fav	-1.06	2.25
removing	-1.06	1.08
excuses	-1.05	1.37
dirt	-1.05	0.90
bots	-1.05	1.53
community	-1.05	1.08
ugh	-1.05	2.58
than	-1.05	1.23
dumbass	-1.04	0.97
yourself	-1.04	1.53
frequency	-1.04	1.27
peaks	-1.03	2.22
glitched	-1.03	1.26
larger	-1.03	1.19
butt	-1.03	0.84
silly	-1.03	2.22
karma	-1.03	1.68
fanboy	-1.02	1.07
rape	-1.02	0.98
freezes	-1.02	1.28
saying	-1.02	3.64
addressing	-1.02	1.25
responsive	-1.02	1.18
total	-1.02	0.99
disappointment	-1.01	1.04
products	-1.01	1.07
ui	-1.01	1.29
develop	-1.01	1.23
improvement	-1.01	1.22
fixes	-1.01	1.22
says	-1.01	1.73
30hz	-1.01	1.24
contribute	-1.01	1.25
such	-1.00	1.29
crazy	-1.00	2.31
reduces	-1.00	1.08
rates	-1.00	1.24
downvoted	-1.00	1.58
dragon	-1.00	2.08
basically	-0.99	1.47
0	-0.99	1.11
downvote	-0.99	1.71
rate	-0.99	1.22
whatsoever	-0.99	1.21
clients	-0.98	1.24
large	-0.98	1.13
bf4	-0.98	1.02
serves	-0.98	1.00
graphical	-0.98	1.20
trolling	-0.98	1.38
department	-0.98	1.25
sending	-0.98	0.92
development	-0.98	1.30
discussions	-0.97	1.47
internal	-0.97	1.19
mental	-0.97	1.18
immersion	-0.97	1.04
attitude	-0.97	1.04
harder	-0.97	1.18
invisible	-0.97	1.13
connecting	-0.97	1.21
throws	-0.97	1.44
register	-0.96	1.29
unnecessary	-0.96	1.36
functionality	-0.96	1.26
frequently	-0.95	1.34
reddit	-0.95	1.58
placement	-0.95	1.16
social	-0.95	0.94
increasing	-0.95	1.21
naturally	-0.95	1.23
breaks	-0.95	0.87
encourage	-0.94	0.67
discuss	-0.94	1.43
simulation	-0.94	1.17
faggot	-0.94	1.29
happens	-0.93	1.38
weak	-0.93	1.29
vulnerable	-0.93	1.45
bazaar	-0.93	3.80
tracking	-0.93	1.25
fix	-0.93	1.33
encountered	-0.93	1.34
obvious	-0.92	1.21
biased	-0.92	1.46
bouncing	-0.92	0.95
avoid	-0.92	1.15
expensive	-0.92	1.50
developers	-0.92	1.12
supposedly	-0.92	1.04
overpowered	-0.92	1.09
chaos	-0.92	1.17
reduction	-0.92	1.08
tiny	-0.91	1.02
aspects	-0.91	1.13
resolved	-0.91	1.29
selling	-0.91	1.04
paths	-0.91	0.98
eyes	-0.90	1.13
hz	-0.90	1.22
memory	-0.90	1.21
glitch	-0.90	1.33
elsewhere	-0.90	1.18
sheer	-0.90	1.31
easier	-0.90	1.19
horse	-0.90	1.19
decrease	-0.89	1.12
drastically	-0.89	1.23
delivered	-0.89	0.81
ms	-0.89	1.24
offline	-0.88	1.38
acting	-0.88	1.16
impossible	-0.88	1.33
usage	-0.88	0.84
directions	-0.87	1.09
remove	-0.87	1.09
intentionally	-0.87	1.32
vice	-0.87	0.96
tied	-0.87	1.07
unrealistic	-0.87	1.35
finished	-0.87	1.01
annoyance	-0.87	1.17
messing	-0.86	1.50
blocks	-0.86	0.94
precision	-0.86	1.21
programming	-0.86	1.25
small	-0.86	1.06
caring	-0.86	1.01
stable	-0.86	1.10
guaranteed	-0.85	1.13
needs	-0.85	0.92
break	-0.85	0.99
mechanic	-0.85	1.11
anger	-0.85	1.04
exploit	-0.85	1.17
crash	-0.85	1.29
intentional	-0.84	1.47
rude	-0.84	1.44
meat	-0.84	1.33
differences	-0.84	1.07
china	-0.84	1.64
throughout	-0.84	1.04
trip	-0.84	1.28
tends	-0.84	0.83
touched	-0.84	1.16
frames	-0.84	1.28
itself	-0.83	1.18
smaller	-0.83	1.03
bandwidth	-0.83	1.21
advertised	-0.83	1.02
isp	-0.83	1.12
essential	-0.83	0.99
portion	-0.83	0.86
particular	-0.83	2.88
dealing	-0.83	1.27
sweden	-0.82	1.00
sends	-0.82	0.98
permanent	-0.82	1.26
tweaked	-0.82	1.15
generic	-0.82	1.08
assumed	-0.82	3.15
around	-0.82	1.06
non	-0.82	1.06
delay	-0.81	1.27
less	-0.81	1.23
nerfs	-0.81	1.06
hardest	-0.81	2.99
fixed	-0.81	1.27
dice	-0.81	1.12
failed	-0.80	1.00
publisher	-0.80	1.00
address	-0.80	1.13
whatnot	-0.80	1.17
existing	-0.80	1.04
implementing	-0.79	1.26
false	-0.79	3.66
rogue	-0.79	1.87
rising	-0.79	1.60
bf3	-0.79	3.48
type	-0.79	2.90
height	-0.79	1.09
matters	-0.79	1.46
gameplay	-0.79	1.38
shoots	-0.79	0.90
brand	-0.79	1.20
spamming	-0.78	0.98
nerfing	-0.78	0.96
skills	-0.78	1.49
deep	-0.78	1.03
single	-0.78	1.23
patching	-0.78	1.10
flawless	-0.78	2.10
votes	-0.77	1.35
understandable	-0.77	1.20
transmission	-0.77	1.84
hits	-0.77	1.06
311	-0.77	1.82
misleading	-0.77	3.38
voted	-0.77	1.13
snap	-0.77	1.27
fraction	-0.77	0.82
mentality	-0.76	0.91
living	-0.76	1.33
wifi	-0.76	1.18
stealing	-0.76	0.82
preferred	-0.76	2.54
railway	-0.76	2.02
kill	-0.76	1.13
lie	-0.76	1.61
maps	-0.76	1.41
beyond	-0.76	1.37
rarely	-0.75	1.39
golmud	-0.75	2.03
main	-0.75	1.23
passes	-0.75	0.87
equal	-0.75	1.16
random	-0.75	1.64
solely	-0.75	0.85
lancang	-0.74	1.80
exists	-0.74	0.98
understanding	-0.74	1.29
designed	-0.74	1.31
negative	-0.74	1.51
tweaks	-0.74	1.09
tries	-0.74	1.71
here	-0.74	1.87
lethal	-0.74	1.08
markers	-0.74	1.12
across	-0.74	1.01
tricky	-0.74	1.39
dies	-0.73	1.53
zavod	-0.73	1.76
mp	-0.73	1.64
fps	-0.73	1.24
randomly	-0.73	1.17
argue	-0.73	1.77
names	-0.73	1.05
smart	-0.73	1.43
little	-0.73	1.42
wreck	-0.73	0.92
creates	-0.73	1.09
cold	-0.73	1.35
mods	-0.72	1.17
despite	-0.72	1.39
opponents	-0.72	0.97
limiting	-0.72	1.01
asks	-0.72	1.85
factors	-0.72	1.17
minority	-0.71	0.81
failing	-0.71	1.01
what	-0.71	3.77
blur	-0.71	1.01
chasing	-0.71	1.20
routes	-0.71	1.02
mouth	-0.71	1.21
abusing	-0.71	1.06
through	-0.71	0.96
schedule	-0.71	1.07
cable	-0.71	1.14
losing	-0.71	1.13
propaganda	-0.70	1.61
obnoxious	-0.70	1.63
thread	-0.70	1.59
board	-0.70	1.03
occurred	-0.70	1.29
peoples	-0.70	1.06
placebo	-0.69	1.37
act	-0.69	1.11
hallway	-0.69	1.02
big	-0.69	1.22
ie	-0.69	1.09
stops	-0.69	0.90
adds	-0.69	1.01
enable	-0.69	1.12
dawnbreaker	-0.69	1.58
confusing	-0.69	1.40
blatant	-0.69	1.19
else	-0.69	1.87
engine	-0.69	1.16
glitching	-0.68	1.29
comments	-0.68	1.61
dudes	-0.68	1.06
rotation	-0.68	1.20
vanilla	-0.68	1.32
reputation	-0.68	0.92
alternate	-0.68	1.09
choke	-0.68	1.08
strong	-0.68	1.40
traffic	-0.68	1.05
m249	-0.68	1.07
anti-air	-0.68	1.03
hainan	-0.68	1.70
wired	-0.67	1.19
resort	-0.67	1.70
dominating	-0.67	0.96
developer	-0.67	1.09
halfway	-0.67	1.19
pushed	-0.67	0.93
ea	-0.67	0.99
pure	-0.67	1.19
oblivious	-0.67	1.10
communities	-0.67	1.04
designer	-0.67	1.12
combination	-0.67	1.46
click	-0.67	1.46
dx11	-0.66	1.28
underpowered	-0.66	1.24
raped	-0.66	1.12
tanker	-0.66	1.12
young	-0.66	1.04
everyone	-0.66	1.83
versa	-0.66	0.94
ttk	-0.66	1.05
saves	-0.66	0.89
familiar	-0.66	2.45
endless	-0.66	1.07
discussing	-0.65	1.60
under	-0.65	1.08
punish	-0.65	0.97
introduced	-0.65	1.05
noob	-0.65	1.21
typical	-0.65	1.15
produce	-0.65	1.00
employees	-0.65	1.03
parents	-0.65	1.04
forum	-0.65	1.48
dawn	-0.65	1.69
loading	-0.65	1.14
cheap	-0.64	1.48
siege	-0.64	1.66
pr	-0.64	1.06
flipping	-0.64	1.02
camper	-0.64	0.91
forums	-0.64	1.41
prime	-0.64	0.92
flood	-0.64	1.65
factor	-0.64	1.08
faith	-0.64	1.04
existence	-0.63	1.18
visual	-0.63	1.05
complex	-0.63	1.08
virtual	-0.63	0.90
picking	-0.63	0.87
zone	-0.63	1.62
outright	-0.63	0.97
rushing	-0.63	0.98
meme	-0.63	1.30
simple	-0.63	2.50
dice/ea	-0.62	1.02
lowered	-0.62	1.13
stands	-0.62	1.33
rocket	-0.62	1.04
complicated	-0.62	1.43
launched	-0.62	1.01
overall	-0.62	1.19
bombs	-0.62	0.96
1	-0.61	1.24
consumers	-0.61	0.95
being	-0.61	1.54
realism	-0.61	1.04
incorrect	-0.61	3.81
vote	-0.61	1.39
besides	-0.61	1.10
gets	-0.61	1.43
extent	-0.61	1.58
dangerous	-0.61	1.52
limit	-0.61	1.08
testers	-0.61	1.13
shanghai	-0.61	1.56
claim	-0.61	1.94
application	-0.60	1.16
sneaky	-0.60	1.34
concerns	-0.60	1.26
sticky	-0.60	1.35
testing	-0.60	1.16
lower	-0.60	1.15
4	-0.60	1.13
lowering	-0.60	1.07
odd	-0.60	1.75
p90	-0.60	1.24
comparison	-0.60	1.06
instead	-0.60	1.37
neck	-0.60	0.95
himself	-0.60	0.98
stress	-0.60	0.95
unaware	-0.60	1.60
irony	-0.60	1.66
lumphini	-0.59	1.42
options	-0.59	1.15
learning	-0.59	1.22
send	-0.59	1.10
behavior	-0.59	1.24
campers	-0.59	1.00
without	-0.59	1.25
daily	-0.59	1.05
awareness	-0.59	1.19
arguably	-0.58	2.84
and/or	-0.58	1.02
shake	-0.58	1.40
greatest	-0.58	2.66
blocking	-0.58	0.96
reasons	-0.58	1.24
mantle	-0.58	1.16
eat	-0.58	1.07
excuse	-0.58	1.42
prevents	-0.58	1.18
your	-0.58	1.15
missions	-0.58	1.68
barely	-0.58	1.38
he	-0.58	1.80
destroys	-0.58	0.96
right	-0.57	3.66
popular	-0.57	2.68
girl	-0.57	1.20
model	-0.57	1.13
people	-0.57	1.57
leaves	-0.57	1.11
ons	-0.57	0.97
campaign	-0.57	1.77
start	-0.57	1.34
statements	-0.57	2.29
multiplayer	-0.57	1.60
dev	-0.57	0.93
concern	-0.56	1.19
mobility	-0.56	1.01
breaker	-0.56	1.79
noobs	-0.56	1.13
spinning	-0.56	1.31
buffed	-0.56	1.01
harm	-0.55	1.32
badmins	-0.55	1.01
met	-0.55	0.83
patches	-0.55	1.07
elements	-0.55	1.15
boy	-0.55	1.58
se	-0.55	0.94
object	-0.55	1.03
confused	-0.55	2.69
wider	-0.55	0.89
pesky	-0.55	1.02
die	-0.55	1.27
jumps	-0.55	1.13
encourages	-0.55	0.97
nerfed	-0.55	1.02
operating	-0.54	0.72
bf3/4	-0.54	2.10
computers	-0.54	1.01
router	-0.54	1.10
intention	-0.54	1.04
momentum	-0.54	0.88
horizontal	-0.54	1.14
teams	-0.54	1.20
ultimate	-0.54	0.68
touch	-0.54	1.38
aspect	-0.54	1.00
consumer	-0.54	0.95
updates	-0.54	1.07
par	-0.53	1.52
parts	-0.53	0.93
tweaking	-0.53	1.05
example	-0.53	1.45
angle	-0.53	1.27
indicator	-0.53	1.09
ignore	-0.53	1.24
stockholm	-0.52	1.04
vocal	-0.52	0.84
hud	-0.52	1.03
boxes	-0.52	0.97
respawns	-0.52	0.90
froze	-0.52	1.16
screaming	-0.52	1.16
stop	-0.52	1.36
whole	-0.52	1.11
tons	-0.52	1.05
88	-0.52	1.29
while	-0.52	1.35
accused	-0.52	1.35
manageable	-0.52	0.91
thinking	-0.52	3.44
degree	-0.52	1.28
shit	-0.52	1.53
statistics	-0.51	1.22
test	-0.51	1.14
ignorance	-0.51	1.24
beat	-0.51	1.12
goal	-0.51	0.95
buff	-0.51	1.00
disadvantage	-0.51	1.07
floodzone	-0.51	1.50
changes	-0.51	1.09
cpu	-0.50	1.10
gamemode	-0.50	1.09
fed	-0.50	1.03
competent	-0.50	1.30
enjoyment	-0.50	1.02
walls	-0.50	0.95
save	-0.50	0.96
effect	-0.50	1.11
devs	-0.50	0.89
qa	-0.50	1.39
hackers	-0.50	1.07
knifing	-0.50	1.02
corner	-0.50	1.37
logical	-0.49	1.30
nerf	-0.49	1.00
degrees	-0.49	1.29
extend	-0.49	1.02
stating	-0.49	2.23
loads	-0.49	1.01
instant	-0.49	1.04
spam	-0.49	0.88
threat	-0.49	1.04
unlimited	-0.49	0.94
includes	-0.49	0.95
lands	-0.49	0.82
11	-0.49	1.13
paracel	-0.49	1.55
flip	-0.49	0.97
chose	-0.48	0.99
properly	-0.48	1.54
impacts	-0.48	0.89
project	-0.48	1.01
purpose	-0.48	1.27
kick	-0.48	1.01
identical	-0.48	1.11
destroyed	-0.48	0.94
blast	-0.48	0.87
wanting	-0.48	1.28
claims	-0.48	1.96
sorts	-0.48	1.34
agree	-0.48	3.34
arms	-0.48	0.97
focused	-0.47	1.05
remains	-0.47	0.99
etc	-0.47	1.03
fill	-0.47	1.10
grind	-0.47	0.89
regards	-0.47	1.01
removed	-0.47	1.06
discussion	-0.47	1.43
shot	-0.47	1.15
harsh	-0.47	1.32
crowd	-0.47	0.79
blatantly	-0.46	1.93
everybody	-0.46	2.52
element	-0.46	1.05
facing	-0.46	1.73
hacker	-0.46	1.10
various	-0.46	1.07
subjective	-0.46	1.77
potential	-0.46	1.03
whoever	-0.46	1.07
sides	-0.46	1.34
holds	-0.46	1.23
restrictions	-0.46	0.98
encounter	-0.46	1.18
sway	-0.46	0.97
dominate	-0.46	0.94
directx	-0.46	1.13
house	-0.46	0.96
knock	-0.46	1.02
office	-0.46	0.95
structure	-0.46	1.29
rack	-0.46	0.97
vsync	-0.45	1.25
correctly	-0.45	3.29
suppression	-0.45	0.93
disconnected	-0.45	1.03
begins	-0.45	0.94
wondering	-0.45	3.44
clutter	-0.45	1.03
essentially	-0.45	1.29
using	-0.45	1.12
farming	-0.45	0.95
throwing	-0.45	0.89
radius	-0.45	0.89
playerbase	-0.44	0.86
supply	-0.44	0.96
predictable	-0.44	1.04
returned	-0.44	1.13
recover	-0.44	1.01
lock-ons	-0.44	1.05
companies	-0.44	1.02
deviation	-0.44	0.99
kept	-0.44	1.26
threats	-0.44	0.98
magically	-0.44	1.09
bed	-0.44	1.13
integrated	-0.44	1.07
registered	-0.43	1.16
dealt	-0.43	1.12
180	-0.43	1.32
knowledge	-0.43	1.18
olds	-0.43	0.98
changed	-0.43	1.06
expand	-0.43	1.06
purchasing	-0.43	1.07
downside	-0.43	0.92
corrupted	-0.43	0.92
head	-0.42	1.01
business	-0.42	1.36
someone	-0.42	1.62
implementation	-0.42	1.24
fired	-0.42	0.87
objects	-0.42	0.99
advantage	-0.42	1.20
parcel	-0.42	1.51
hide	-0.42	0.96
errors	-0.42	1.71
often	-0.42	1.47
saved	-0.42	1.03
rant	-0.42	1.67
direct	-0.42	0.93
content	-0.42	1.02
population	-0.42	0.78
connected	-0.42	1.04
size	-0.42	1.03
punch	-0.42	0.98
posting	-0.42	1.50
lucky	-0.42	2.69
initiative	-0.42	1.05
grow	-0.42	1.32
accurate	-0.42	1.06
quitting	-0.42	1.06
warfighter	-0.42	1.55
computer	-0.41	1.01
seemingly	-0.41	1.10
abuse	-0.41	1.01
cr	-0.41	1.34
wide	-0.41	0.94
tk	-0.41	1.08
claimed	-0.41	1.12
leading	-0.41	1.14
much	-0.41	1.28
almost	-0.41	1.31
mindset	-0.41	0.95
specifically	-0.41	1.51
headshots	-0.41	0.99
hurts	-0.41	1.34
wondered	-0.41	1.73
iglas	-0.41	0.95
usa	-0.41	1.22
boot	-0.41	0.97
update	-0.41	1.05
compete	-0.41	1.10
actual	-0.41	1.16
icon	-0.41	1.05
wipe	-0.41	1.05
positioning	-0.41	1.12
lan	-0.40	0.98
season	-0.40	0.97
stiglas	-0.40	0.96
bottom	-0.40	1.45
opposing	-0.40	1.18
giant	-0.40	1.00
getting	-0.40	1.77
fails	-0.40	1.16
applies	-0.40	0.99
immediate	-0.40	1.11
1.0	-0.40	1.20
fail	-0.40	1.43
stigla	-0.40	1.05
manager	-0.40	0.92
whore	-0.40	1.14
topic	-0.39	1.47
honor	-0.39	1.52
pick	-0.39	0.98
effectively	-0.39	1.12
piloting	-0.39	1.06
wallet	-0.39	1.10
apply	-0.39	0.99
replies	-0.39	1.63
heavily	-0.39	1.04
leads	-0.39	1.10
taxi	-0.39	0.93
killcam	-0.39	1.34
real	-0.39	1.30
cruise	-0.39	0.95
quit	-0.39	1.18
chest	-0.39	0.97
mission	-0.38	1.49
assumption	-0.38	3.49
facts	-0.38	1.84
trust	-0.38	1.19
laptop	-0.38	1.02
hitting	-0.38	1.02
school	-0.38	0.98
asset	-0.38	1.47
angles	-0.38	1.01
narrow	-0.38	1.04
shouldnt	-0.38	1.33
lockon	-0.38	1.03
employee	-0.38	0.85
stingers	-0.38	0.95
keep	-0.38	1.50
sizes	-0.38	0.94
block	-0.38	0.88
crashed	-0.38	1.15
power	-0.37	1.03
called	-0.37	1.13
load	-0.37	1.05
higher	-0.37	1.35
truck	-0.37	0.88
stopped	-0.37	1.23
storm	-0.37	1.68
machines	-0.37	0.87
rare	-0.37	1.58
reasonable	-0.37	1.34
vastly	-0.37	1.13
anybody	-0.37	1.79
meet	-0.37	1.00
strictly	-0.37	0.83
stat	-0.37	1.09
suicide	-0.37	0.89
needing	-0.37	1.04
guided	-0.37	0.92
energy	-0.37	0.96
stupidity	-0.37	0.91
country	-0.36	1.15
carefully	-0.36	1.33
strikes	-0.36	0.92
behind	-0.36	0.96
counters	-0.36	0.97
ports	-0.36	1.08
wiped	-0.36	1.00
minimum	-0.36	0.97
sometimes	-0.36	1.51
jeep	-0.36	0.84
pops	-0.36	1.08
boosting	-0.36	1.07
cheating	-0.36	1.09
pearl	-0.36	1.52
merely	-0.36	3.53
treat	-0.36	1.14
radar	-0.36	0.92
learn	-0.36	1.28
depend	-0.36	0.94
ripped	-0.36	1.16
counted	-0.36	0.99
bomb	-0.36	0.94
damaged	-0.36	1.14
writing	-0.36	1.23
stab	-0.36	0.94
face	-0.36	1.04
vast	-0.36	0.83
tl	-0.35	1.04
successful	-0.35	0.98
cleared	-0.35	1.03
commented	-0.35	1.45
frustration	-0.35	1.21
heat	-0.35	0.86
wasting	-0.35	1.06
releases	-0.35	1.12
risk	-0.35	1.06
body	-0.35	1.00
ops	-0.35	1.35
promised	-0.35	0.99
industry	-0.35	1.10
locker	-0.34	1.39
driving	-0.34	0.79
deserved	-0.34	0.87
sim	-0.34	1.06
headshot	-0.34	0.97
gamers	-0.34	0.84
whenever	-0.34	1.15
picked	-0.34	0.94
care	-0.34	1.94
keeps	-0.34	1.16
kicking	-0.34	0.92
common	-0.34	1.20
powerful	-0.34	1.35
bikes	-0.34	0.90
cover	-0.34	0.98
creating	-0.34	0.99
receiving	-0.34	1.09
lavs	-0.34	0.90
canada	-0.34	1.18
completely	-0.34	1.44
difficult	-0.33	1.49
exactly	-0.33	3.57
accuracy	-0.33	0.94
instance	-0.33	0.98
holes	-0.33	0.90
bike	-0.33	0.85
raise	-0.33	1.04
advantages	-0.33	1.11
saving	-0.33	0.90
audience	-0.33	0.82
fewer	-0.33	1.07
hip	-0.33	0.95
smooth	-0.33	1.19
resources	-0.32	1.05
features	-0.32	1.13
countries	-0.32	1.20
process	-0.32	1.02
train	-0.32	1.03
reasoning	-0.32	1.82
far	-0.32	1.25
sprinting	-0.32	1.03
argument	-0.32	2.11
ramming	-0.32	0.80
reliably	-0.32	1.14
told	-0.32	1.64
freedom	-0.32	1.08
starts	-0.32	0.98
dependent	-0.32	0.91
regularly	-0.32	1.12
rain	-0.32	1.05
position	-0.32	1.06
falling	-0.32	0.90
result	-0.32	1.14
slightly	-0.32	1.13
hardly	-0.32	1.37
data	-0.32	1.11
anyone	-0.32	1.93
spread	-0.32	0.92
recoil	-0.32	0.93
hp	-0.31	1.01
bullets	-0.31	0.99
offered	-0.31	0.70
ea/dice	-0.31	0.99
ultimately	-0.31	0.98
designers	-0.31	1.40
storage	-0.31	0.96
accurately	-0.31	1.06
decides	-0.31	2.80
post	-0.31	1.68
simultaneously	-0.31	0.98
handed	-0.31	1.03
60	-0.31	1.06
fence	-0.31	0.87
dropping	-0.31	0.95
forced	-0.31	1.41
maneuvers	-0.31	1.39
law	-0.31	0.95
blocked	-0.31	0.92
difference	-0.31	1.48
raised	-0.31	0.97
legitimate	-0.31	1.43
assist	-0.31	0.95
death	-0.31	1.00
notes	-0.31	1.04
customer	-0.31	0.92
racist	-0.31	1.32
task	-0.31	1.00
precise	-0.31	1.07
icons	-0.30	1.02
uav	-0.30	0.98
crate	-0.30	0.90
unlikely	-0.30	1.28
adjusting	-0.30	1.02
teamplay	-0.30	1.00
prove	-0.30	1.73
pushing	-0.30	0.99
budget	-0.30	0.98
staff	-0.30	0.91
statement	-0.30	3.58
tweak	-0.30	1.06
continued	-0.30	0.91
appears	-0.30	1.01
laws	-0.30	0.88
dt	-0.30	1.17
igla	-0.30	0.94
missiles	-0.30	0.92
strafing	-0.30	0.94
sunken	-0.30	1.37
fuckers	-0.30	1.34
leaderboards	-0.30	1.36
scale	-0.30	0.94
requires	-0.30	1.13
fires	-0.30	0.73
disk	-0.30	1.01
top	-0.30	1.25
easy	-0.29	1.29
legs	-0.29	1.02
adjusted	-0.29	0.98
aa	-0.29	0.91
tests	-0.29	1.05
indicators	-0.29	1.03
retail	-0.29	0.95
plain	-0.29	1.22
old	-0.29	0.95
agile	-0.29	1.09
irl	-0.29	1.13
jihad	-0.29	0.81
laying	-0.28	1.00
kills	-0.28	0.98
upon	-0.28	1.10
customers	-0.28	0.88
missile	-0.28	0.97
whichever	-0.28	0.84
somebody	-0.28	1.38
tears	-0.28	0.98
avoiding	-0.28	1.01
left	-0.28	1.55
crucial	-0.28	1.09
tactically	-0.28	1.03
missles	-0.28	0.90
rpgs	-0.28	0.93
shooting	-0.28	1.31
ended	-0.28	1.12
sort	-0.28	1.43
penalty	-0.28	0.94
jdam	-0.28	0.87
dropped	-0.28	0.97
caught	-0.28	1.13
responsible	-0.28	0.98
stopping	-0.28	0.95
desktop	-0.28	1.11
percent	-0.28	0.94
strategic	-0.28	1.03
3d	-0.28	1.02
stretch	-0.28	1.02
whilst	-0.28	1.14
production	-0.28	0.96
drive	-0.28	0.95
upvoted	-0.28	1.44
cheater	-0.28	1.10
flanking	-0.28	0.93
lock	-0.28	0.97
manual	-0.28	1.07
rawr	-0.28	0.83
steal	-0.28	0.92
finish	-0.28	0.85
rambo	-0.27	0.92
perform	-0.27	1.13
gain	-0.27	1.01
remote	-0.27	0.85
manage	-0.27	1.23
lockers	-0.27	1.27
cat	-0.27	1.08
cheaters	-0.27	1.08
arcade	-0.27	0.99
strafe	-0.27	0.89
atv	-0.27	0.82
thus	-0.27	1.09
blowing	-0.27	0.91
static	-0.27	1.00
vertical	-0.27	0.90
kia	-0.27	1.04
session	-0.27	1.10
bars	-0.27	1.06
stinger	-0.27	0.93
targeting	-0.27	0.81
killed	-0.27	1.20
consistent	-0.26	1.14
locking	-0.26	0.93
amount	-0.26	0.98
optimized	-0.26	1.04
focus	-0.26	1.00
walking	-0.26	1.02
flight	-0.26	0.92
disappears	-0.26	0.91
destroy	-0.26	0.92
microsoft	-0.26	1.00
blind	-0.26	1.05
maas	-0.26	0.84
simulator	-0.26	1.01
operate	-0.26	1.13
banning	-0.26	1.02
system	-0.26	1.07
seekers	-0.26	0.87
countermeasure	-0.26	0.93
jumping	-0.26	0.88
ceiling	-0.26	0.98
variables	-0.25	1.01
wind	-0.25	0.91
former	-0.25	1.00
experiences	-0.25	1.02
ip	-0.25	0.95
debate	-0.25	1.42
progress	-0.25	0.95
sent	-0.25	1.09
passive	-0.25	0.90
bounce	-0.25	0.82
blows	-0.25	0.88
spots	-0.25	0.93
practical	-0.24	1.06
high	-0.24	1.31
backwards	-0.24	1.19
shell	-0.24	0.89
victory	-0.24	1.03
led	-0.24	1.07
dr	-0.24	0.97
added	-0.24	1.04
reach	-0.24	1.00
actions	-0.24	1.02
sand	-0.24	1.34
hacking	-0.24	1.14
camping	-0.24	0.84
route	-0.24	0.94
entrance	-0.24	1.24
millions	-0.24	0.93
view	-0.24	0.97
banned	-0.24	1.07
standing	-0.23	1.06
error	-0.23	1.46
potentially	-0.23	1.16
contrary	-0.23	1.39
fucker	-0.23	1.32
genre	-0.23	1.32
natural	-0.23	1.19
dragons	-0.23	1.22
hack	-0.23	1.09
missing	-0.23	1.95
evil	-0.23	1.03
ban	-0.23	1.04
deny	-0.23	1.23
jdams	-0.23	0.86
mobile	-0.23	0.93
known	-0.23	1.08
themselves	-0.23	1.14
everytime	-0.23	1.24
la	-0.23	0.96
rig	-0.23	0.97
explosive	-0.23	0.82
call	-0.23	0.99
germany	-0.22	0.88
ride	-0.22	0.79
jeeps	-0.22	0.83
heatseekers	-0.22	0.87
aimbot	-0.22	1.15
active	-0.22	0.89
locks	-0.22	0.93
rockets	-0.22	0.90
explodes	-0.22	0.86
drop	-0.22	0.88
definition	-0.22	1.22
history	-0.22	0.97
splash	-0.22	0.87
altitude	-0.22	0.91
rights	-0.22	0.84
hacks	-0.22	1.11
live	-0.22	1.10
accounts	-0.22	0.98
cheats	-0.22	1.10
impact	-0.22	0.85
teeth	-0.22	1.20
marker	-0.22	0.99
ton	-0.22	1.06
differently	-0.22	1.35
20mm	-0.22	0.86
afterwards	-0.22	1.24
speculation	-0.22	2.04
kicked	-0.22	1.06
reset	-0.21	0.89
tells	-0.21	2.50
farther	-0.21	1.05
recons	-0.21	0.82
disappear	-0.21	0.97
reported	-0.21	1.13
explode	-0.21	0.91
disable	-0.21	1.00
participate	-0.21	1.06
individual	-0.21	0.96
accomplish	-0.21	1.84
arma	-0.21	1.08
thankfully	-0.21	1.39
500m	-0.21	0.94
thrown	-0.21	0.81
effectiveness	-0.21	1.00
k/d	-0.21	1.02
bomber	-0.21	0.94
forcing	-0.21	1.17
lastly	-0.21	1.10
patched	-0.21	1.14
justify	-0.21	1.17
zuni	-0.21	0.85
rear	-0.21	0.99
dlc	-0.21	1.12
punished	-0.21	1.33
costs	-0.21	1.00
prone	-0.21	1.02
eu	-0.21	0.85
circumstances	-0.21	1.11
christ	-0.21	2.37
connect	-0.21	1.04
fire	-0.21	0.83
30mm	-0.21	0.84
forever	-0.21	1.33
maa	-0.21	0.89
mortar	-0.21	1.17
optic	-0.21	0.88
section	-0.20	1.27
percentage	-0.20	0.84
pad	-0.20	1.09
effective	-0.20	1.30
quicker	-0.20	1.16
scroll	-0.20	1.49
crosshairs	-0.20	0.97
tactics	-0.20	1.07
nearly	-0.20	1.42
dodge	-0.20	1.01
100m	-0.20	0.95
suspect	-0.20	1.09
low	-0.20	1.31
gunship	-0.20	0.92
tos	-0.20	1.01
release	-0.20	0.97
flashbang	-0.20	0.78
dmg	-0.20	0.97
circles	-0.20	0.98
duck	-0.20	0.96
boring	-0.20	1.50
operation	-0.20	2.74
characters	-0.20	1.07
miles	-0.20	0.96
experience	-0.20	1.08
targets	-0.20	0.96
admins	-0.20	1.00
respawn	-0.20	0.92
scouts	-0.20	0.89
bot	-0.19	0.89
indication	-0.19	1.12
casual	-0.19	0.81
benefits	-0.19	1.06
moving	-0.19	0.96
spraying	-0.19	0.83
shield	-0.19	0.89
pods	-0.19	0.86
flare	-0.19	0.91
every	-0.19	1.15
insult	-0.19	1.22
build	-0.19	0.94
russians	-0.19	0.85
restricted	-0.19	0.97
200m	-0.19	0.96
destroying	-0.19	0.90
pieces	-0.19	0.99
area	-0.19	0.90
maintaining	-0.19	1.05
sa	-0.19	1.11
280x	-0.19	1.03
foot	-0.19	0.94
cash	-0.19	1.02
movement	-0.19	0.99
calculated	-0.19	0.99
stays	-0.19	0.87
pressure	-0.19	0.94
suggesting	-0.19	2.04
environment	-0.19	0.91
3	-0.19	1.07
current	-0.19	0.96
cm	-0.19	0.92
ram	-0.19	1.00
deleted	-0.19	1.33
attacked	-0.19	1.01
copies	-0.19	0.89
bleed	-0.19	0.96
bans	-0.19	1.05
remaining	-0.19	0.94
basis	-0.19	1.15
between	-0.19	1.03
arm	-0.19	0.93
developed	-0.19	0.95
zunis	-0.19	0.84
parties	-0.18	1.30
leave	-0.18	1.54
promise	-0.18	1.06
countermeasures	-0.18	0.94
missle	-0.18	0.93
shoot	-0.18	1.15
per	-0.18	1.03
quad	-0.18	0.83
sraws	-0.18	0.91
flies	-0.18	0.80
cloud	-0.18	0.93
satisfaction	-0.18	0.94
emphasis	-0.18	1.03
studio	-0.18	1.08
nuke	-0.18	1.07
cannon	-0.18	0.84
tow	-0.18	0.87
conversation	-0.18	1.35
projectiles	-0.18	1.00
approach	-0.18	0.99
dps	-0.18	0.85
war	-0.18	1.11
separate	-0.18	0.98
resets	-0.18	1.03
spawning	-0.18	0.94
beneficial	-0.18	1.40
compass	-0.18	1.10
direction	-0.18	1.53
legitimately	-0.18	1.50
trees	-0.18	0.85
ads	-0.18	0.95
local	-0.18	0.87
region	-0.18	0.83
visibility	-0.18	0.86
receive	-0.18	0.96
ac130	-0.17	0.89
concept	-0.17	1.33
protect	-0.17	0.91
setting	-0.17	0.96
notification	-0.17	1.06
payed	-0.17	1.01
pellets	-0.17	0.87
systems	-0.17	0.93
javelins	-0.17	0.90
twitter	-0.17	1.00
mortars	-0.17	0.82
leaving	-0.17	1.08
eod	-0.17	0.82
studios	-0.17	0.96
pause	-0.17	1.48
permanently	-0.17	1.04
firing	-0.17	0.94
drove	-0.17	0.94
tickets	-0.17	0.94
explosion	-0.17	1.01
mesh	-0.17	0.94
wins	-0.17	0.82
towards	-0.17	1.32
ipad	-0.17	1.00
bird	-0.17	0.95
rocks	-0.17	0.82
leg	-0.17	0.90
blown	-0.17	1.11
ac-130	-0.17	0.89
sits	-0.17	0.83
tablet	-0.17	0.98
ff	-0.17	1.04
both	-0.17	1.24
damage	-0.17	0.95
kdr	-0.17	1.00
chainlink	-0.17	1.18
allowed	-0.17	1.43
by	-0.17	1.15
shells	-0.16	0.85
sandstorm	-0.16	1.67
meter	-0.16	0.95
team	-0.16	1.01
valley	-0.16	3.13
nades	-0.16	0.81
asked	-0.16	1.51
average	-0.16	1.19
cte	-0.16	0.98
australia	-0.16	0.89
coast	-0.16	0.85
regardless	-0.16	1.29
advertising	-0.16	1.32
cockpit	-0.16	0.92
attempting	-0.16	0.96
communication	-0.16	1.09
hiding	-0.16	0.92
nade	-0.16	0.85
kpm	-0.16	0.97
indicate	-0.16	1.13
patch	-0.16	1.01
hotel	-0.16	1.18
wave	-0.16	1.55
progression	-0.16	0.86
serve	-0.16	1.09
scoring	-0.16	0.94
score	-0.16	0.98
duty	-0.16	1.39
places	-0.15	1.04
clicking	-0.15	1.46
grenades	-0.15	0.82
ever	-0.15	1.74
kicks	-0.15	0.85
countered	-0.15	0.98
flares	-0.15	0.91
tv	-0.15	0.90
minimap	-0.15	0.98
counts	-0.15	0.91
gunning	-0.15	0.83
artillery	-0.15	0.83
survive	-0.15	1.02
youre	-0.15	1.56
gulf	-0.15	2.59
tab	-0.15	1.13
cooldown	-0.15	0.92
has	-0.15	1.40
stealth	-0.15	0.84
cheat	-0.15	1.09
hardware	-0.15	1.00
paid	-0.15	0.96
reading	-0.15	1.74
rapid	-0.15	0.93
300m	-0.15	0.94
counter	-0.15	1.00
million	-0.15	0.93
multiplier	-0.15	0.91
marketing	-0.15	1.03
1000m	-0.15	0.90
bait	-0.14	1.24
allowing	-0.14	1.15
ecm	-0.14	0.94
mini	-0.14	0.86
slower	-0.14	1.16
thousands	-0.14	0.96
trajectory	-0.14	0.89
speeds	-0.14	1.02
slam	-0.14	0.90
america	-0.14	0.87
quickly	-0.14	1.16
visible	-0.14	0.96
air	-0.14	0.87
ssd	-0.14	0.98
ensure	-0.14	0.89
security	-0.14	0.93
implying	-0.14	3.42
transports	-0.14	0.85
orchestra	-0.14	1.11
airburst	-0.14	0.79
aps	-0.14	0.89
aim	-0.14	0.99
skyscraper	-0.14	1.11
front	-0.14	1.03
over	-0.14	1.02
software	-0.14	1.09
naval	-0.14	1.23
emp	-0.14	0.90
marksman	-0.14	0.88
fairfight	-0.14	1.10
surprise	-0.14	1.27
displayed	-0.14	1.09
depends	-0.14	1.10
op	-0.14	1.36
beacons	-0.14	0.84
minis	-0.14	0.82
climb	-0.13	0.88
north	-0.13	0.87
person	-0.13	1.05
guard	-0.13	1.03
reticle	-0.13	0.97
sniped	-0.13	1.15
toss	-0.13	0.80
ordered	-0.13	0.81
hard	-0.13	1.50
reaching	-0.13	0.96
west	-0.13	0.86
east	-0.13	0.84
acknowledge	-0.13	1.45
mav	-0.13	0.82
disc	-0.13	0.98
depending	-0.13	1.08
instances	-0.13	1.31
set	-0.13	0.96
include	-0.13	1.02
faster	-0.13	1.19
25mm	-0.13	0.83
kd	-0.13	1.02
flank	-0.13	1.04
functions	-0.13	0.99
states	-0.13	1.06
c4	-0.13	0.83
wall	-0.13	0.86
preset	-0.13	0.88
lead	-0.13	1.20
measures	-0.13	0.94
engaged	-0.13	0.96
located	-0.13	0.83
spending	-0.13	1.03
riding	-0.13	0.80
admin	-0.13	1.03
reliable	-0.13	1.02
ammunition	-0.12	0.87
above	-0.12	0.94
dollar	-0.12	0.98
dlcs	-0.12	1.01
requiring	-0.12	0.95
cheaper	-0.12	0.93
launching	-0.12	0.92
hair	-0.12	0.95
bailing	-0.12	0.95
superiority	-0.12	0.91
kinds	-0.12	1.07
camp	-0.12	0.87
helicopters	-0.12	0.86
9	-0.12	0.91
certain	-0.12	1.05
vary	-0.12	0.98
situation	-0.12	1.55
caspian	-0.12	3.08
lots	-0.12	1.04
europe	-0.12	0.86
latter	-0.12	0.96
leaderboard	-0.12	1.01
careful	-0.12	1.27
tanks	-0.12	0.84
controlled	-0.12	0.91
m67	-0.12	0.82
6	-0.12	0.96
est	-0.12	1.11
roadkills	-0.12	0.80
constantly	-0.12	1.25
movements	-0.12	1.04
mm	-0.12	0.85
attempts	-0.12	0.96
claymore	-0.12	0.84
nansha	-0.12	1.94
shorter	-0.12	1.02
land	-0.12	0.98
detect	-0.12	1.12
wild	-0.11	1.35
vision	-0.11	0.85
locked	-0.11	0.97
covering	-0.11	0.88
asking	-0.11	1.88
speed	-0.11	0.97
grenade	-0.11	0.83
killfeed	-0.11	1.07
pray	-0.11	0.90
tier	-0.11	1.16
enemies	-0.11	1.07
mp7	-0.11	1.19
unit	-0.11	0.89
5	-0.11	0.95
multi	-0.11	0.96
realistic	-0.11	1.06
hovering	-0.11	0.94
uncap	-0.11	0.91
gamemodes	-0.11	0.87
public	-0.11	0.91
package	-0.11	0.89
managed	-0.11	1.19
classic	-0.11	0.85
rgo	-0.11	0.85
modes	-0.11	0.91
cannons	-0.11	0.85
occasions	-0.11	1.25
supporting	-0.11	0.95
screen	-0.11	1.00
helis	-0.11	0.86
nature	-0.11	1.16
listed	-0.11	0.94
continue	-0.11	1.07
roofs	-0.11	0.92
media	-0.11	0.87
justified	-0.11	1.23
gaming	-0.11	0.96
tall	-0.11	0.92
multiple	-0.11	1.01
disappointing	-0.11	1.36
danger	-0.11	0.94
money	-0.11	1.07
cq	-0.11	1.03
code	-0.10	1.06
jobs	-0.10	1.22
javelin	-0.10	0.90
away	-0.10	0.94
afford	-0.10	1.01
version	-0.10	0.94
soflam	-0.10	0.86
choppers	-0.10	0.86
flashbangs	-0.10	0.84
rooftops	-0.10	0.90
rep	-0.10	0.89
wife	-0.10	0.99
toward	-0.10	0.98
dunno	-0.10	3.20
sell	-0.10	0.93
against	-0.10	0.94
abilities	-0.10	0.96
demanding	-0.10	0.86
processor	-0.10	0.99
yards	-0.10	0.96
running	-0.10	1.54
sleep	-0.10	1.28
rhib	-0.10	0.88
exist	-0.10	1.60
russia	-0.10	0.82
blog	-0.10	1.34
easily	-0.10	1.34
protection	-0.10	0.86
rooftop	-0.10	0.95
spm	-0.10	0.98
thumb	-0.10	1.42
scaling	-0.10	0.98
hills	-0.10	0.84
pilots	-0.10	0.94
bail	-0.10	0.90
vehicles	-0.10	0.84
miniguns	-0.10	0.84
levelution	-0.10	0.93
aircraft	-0.10	0.86
turn	-0.10	0.99
usable	-0.10	1.05
taking	-0.10	1.28
lose	-0.10	0.97
dozen	-0.10	0.98
fighter	-0.10	0.94
plugins	-0.10	0.94
priority	-0.10	1.28
canister	-0.10	0.84
smoke	-0.10	0.85
hipfire	-0.10	0.89
swimming	-0.10	0.98
regen	-0.10	0.92
lvg	-0.09	0.83
buffs	-0.09	1.15
suav	-0.09	0.87
scream	-0.09	1.23
delete	-0.09	0.94
detonate	-0.09	0.85
assists	-0.09	0.89
levels	-0.09	0.88
adjust	-0.09	1.02
spare	-0.09	1.00
parachuting	-0.09	0.86
guy	-0.09	1.30
jump	-0.09	0.95
any	-0.09	1.68
popping	-0.09	0.95
ammo	-0.09	0.85
transport	-0.09	0.87
intel	-0.09	1.00
meters	-0.09	0.96
24/7	-0.09	1.27
crates	-0.09	0.87
deliver	-0.09	1.01
doorway	-0.09	0.95
off	-0.09	0.99
their	-0.09	0.98
surrounding	-0.09	0.94
doritos	-0.09	0.97
european	-0.09	0.85
dollars	-0.09	1.00
physical	-0.09	1.01
helos	-0.09	0.86
mixed	-0.09	0.88
files	-0.09	0.92
goes	-0.09	0.93
disabled	-0.09	0.98
birds	-0.09	0.85
force	-0.09	1.02
jets	-0.09	0.86
delayed	-0.09	0.98
threw	-0.09	0.89
entire	-0.09	1.04
spammed	-0.09	1.00
claymores	-0.08	0.87
cql	-0.08	0.96
throw	-0.08	0.85
sneak	-0.08	0.94
knowing	-0.08	1.83
animation	-0.08	0.97
rolls	-0.08	0.73
script	-0.08	0.99
cater	-0.08	0.78
stationary	-0.08	0.87
target	-0.08	0.94
floating	-0.08	0.91
identify	-0.08	1.14
somewhere	-0.08	1.05
x1	-0.08	1.08
deleting	-0.08	0.93
adapt	-0.08	1.01
launchers	-0.08	0.91
pop	-0.08	1.01
faces	-0.08	1.05
place	-0.08	1.27
resupply	-0.08	0.88
ranking	-0.08	0.91
pb	-0.08	1.05
jet	-0.08	0.84
player	-0.08	0.82
armored	-0.08	2.01
7	-0.08	0.96
no	-0.08	2.12
black	-0.08	1.24
stuff	-0.08	1.48
8gb	-0.08	0.98
8	-0.08	0.93
majority	-0.08	0.77
90	-0.08	0.94
owns	-0.08	2.44
decided	-0.07	1.33
deal	-0.07	1.66
annoyed	-0.07	1.71
released	-0.07	1.00
addressed	-0.07	1.12
fov	-0.07	0.95
necessarily	-0.07	1.66
populated	-0.07	0.82
bought	-0.07	0.93
appropriate	-0.07	1.02
lost	-0.07	0.93
dates	-0.07	0.92
hdd	-0.07	0.99
mostly	-0.07	0.80
travel	-0.07	0.90
e.g	-0.07	0.93
opinions	-0.07	1.48
buffing	-0.07	1.09
ribbons	-0.07	0.87
blow	-0.07	0.95
distance	-0.07	0.94
bridges	-0.07	0.89
fly	-0.07	0.93
normal	-0.07	0.85
odds	-0.07	1.03
custom	-0.07	0.88
challenges	-0.07	0.91
snipe	-0.07	0.83
food	-0.07	1.04
i7	-0.07	0.99
maneuver	-0.07	1.05
bursts	-0.07	0.90
company	-0.07	2.24
ir	-0.07	0.86
official	-0.07	0.90
altogether	-0.07	1.15
flying	-0.07	0.93
glass	-0.07	0.85
planned	-0.07	0.95
bush	-0.07	0.83
opportunity	-0.07	1.22
95	-0.07	0.96
regular	-0.06	0.83
subs	-0.06	1.10
perk	-0.06	0.81
won	-0.06	0.92
oops	-0.06	3.38
bach	-0.06	1.04
misses	-0.06	1.00
deployment	-0.06	0.94
swearing	-0.06	1.08
read	-0.06	1.71
hand	-0.06	1.38
sprint	-0.06	0.95
attack	-0.06	0.87
ctf	-0.06	1.02
requirement	-0.06	0.92
<URL>	-0.06	0.84
<SPECIAL>	-0.06	0.84
risky	-0.06	1.46
spin	-0.06	1.00
4-5	-0.06	0.95
strength	-0.06	1.14
restart	-0.06	1.03
instantly	-0.06	1.14
health	-0.06	0.94
deals	-0.06	0.93
stack	-0.06	0.94
quick	-0.06	0.97
settings	-0.06	0.96
mp-aps	-0.06	0.82
korea	-0.06	1.23
areas	-0.06	0.90
included	-0.06	0.89
retreat	-0.06	1.02
placed	-0.06	0.97
capable	-0.06	0.86
analogy	-0.06	1.27
presets	-0.06	0.93
android	-0.06	0.99
conquest	-0.06	1.01
vacation	-0.06	0.96
report	-0.06	1.05
rules	-0.06	1.06
buildings	-0.06	0.96
hassle	-0.06	1.12
wolf	-0.05	0.89
interact	-0.05	1.14
scoreboard	-0.05	1.09
list	-0.05	0.90
blank	-0.05	0.99
dedicated	-0.05	1.03
page	-0.05	1.17
covered	-0.05	0.92
motion	-0.05	0.79
requirements	-0.05	0.87
react	-0.05	1.25
ifvs	-0.05	0.84
gpu	-0.05	0.99
honesty	-0.05	1.03
processing	-0.05	1.01
ones	-0.05	1.03
staring	-0.05	1.35
incoming	-0.05	0.98
age	-0.05	0.80
camped	-0.05	0.89
conclusion	-0.05	1.56
tunnels	-0.05	0.95
knifed	-0.05	1.04
3-5	-0.05	0.93
supports	-0.05	0.85
automatic	-0.05	0.88
tend	-0.05	1.15
rotations	-0.05	0.84
pages	-0.05	1.16
pcs	-0.05	0.95
passing	-0.05	0.88
cost	-0.05	0.99
planet	-0.05	0.86
unknown	-0.05	1.05
safe	-0.05	0.98
updated	-0.05	1.00
steady	-0.05	0.96
beacon	-0.05	0.81
desire	-0.05	1.27
ap	-0.05	0.86
pros	-0.04	0.77
hole	-0.04	1.02
zeroing	-0.04	0.88
ground	-0.04	0.88
rush	-0.04	0.98
select	-0.04	1.08
sentence	-0.04	3.74
an	-0.04	1.20
upgrade	-0.04	0.80
roughly	-0.04	0.94
i5	-0.04	0.99
owners	-0.04	0.92
10	-0.04	0.93
towers	-0.04	1.22
v40	-0.04	0.83
pilot	-0.04	0.93
strike	-0.04	1.92
pickup	-0.04	0.76
subtle	-0.04	0.88
four	-0.04	0.94
additional	-0.04	1.01
ribbon	-0.04	0.86
spotting	-0.04	1.00
exception	-0.04	0.92
domination	-0.04	0.92
six	-0.04	0.97
heli	-0.04	0.87
predict	-0.04	1.08
bound	-0.04	1.14
mines	-0.04	0.89
gives	-0.04	1.03
cod	-0.04	1.58
combined	-0.04	0.92
10-15	-0.04	0.95
max	-0.04	0.96
oriented	-0.04	1.05
butter	-0.04	1.05
base	-0.04	0.90
weight	-0.04	0.92
ease	-0.04	0.83
bounds	-0.04	0.92
defense	-0.04	0.86
assets	-0.04	1.01
training	-0.04	0.95
auto	-0.04	0.88
largely	-0.03	0.98
garden	-0.03	1.06
spawns	-0.03	0.83
notice	-0.03	1.97
proven	-0.03	1.60
switching	-0.03	0.83
effort	-0.03	1.05
external	-0.03	0.94
prior	-0.03	1.01
locations	-0.03	0.96
bits	-0.03	0.79
city	-0.03	2.20
5-6	-0.03	0.96
checking	-0.03	1.07
chopper	-0.03	0.87
80	-0.03	0.90
bear	-0.03	1.03
tugs	-0.03	0.82
battlefield	-0.03	2.25
spawn	-0.03	0.95
punkbuster	-0.03	1.00
ifv	-0.03	0.83
passenger	-0.03	0.87
defensive	-0.03	0.80
suddenly	-0.03	1.09
oc	-0.03	0.99
hardcore	-0.03	0.96
rpm	-0.03	0.80
specific	-0.03	1.09
strategy	-0.03	1.19
dorito	-0.03	0.97
ucav	-0.03	0.80
switches	-0.03	0.79
panel	-0.03	0.97
xb1	-0.03	1.07
digital	-0.03	0.94
reboot	-0.03	1.02
12	-0.03	0.88
refer	-0.03	1.04
cache	-0.03	0.99
implemented	-0.03	1.11
busy	-0.03	1.23
cod4	-0.03	1.95
web	-0.03	0.99
hang	-0.03	1.30
rendering	-0.02	1.09
helo	-0.02	0.87
named	-0.02	0.91
collapse	-0.02	0.99
user.cfg	-0.02	0.93
tactical	-0.02	0.97
within	-0.02	1.07
ranked	-0.02	0.90
turns	-0.02	0.86
incendiary	-0.02	0.81
20-30	-0.02	0.93
hc	-0.02	0.85
sake	-0.02	1.33
obliteration	-0.02	0.91
nothing	-0.02	2.15
sensitivity	-0.02	0.99
lone	-0.02	0.87
helicopter	-0.02	0.87
chain	-0.02	0.84
scout	-0.02	0.86
intended	-0.02	1.91
screens	-0.02	1.10
roof	-0.02	0.95
opposed	-0.02	1.02
deathmatch	-0.02	0.88
1-2	-0.02	0.95
carry	-0.02	0.85
ten	-0.02	0.95
five	-0.02	0.94
winning	-0.02	0.94
u.s	-0.02	0.81
mistake	-0.02	3.54
am	-0.02	1.92
crouch	-0.02	1.07
willing	-0.02	1.60
sensors	-0.02	0.80
blew	-0.02	0.98
owned	-0.02	0.80
crosshair	-0.02	1.03
battlescreen	-0.02	1.02
south	-0.02	0.84
3-4	-0.02	0.96
covers	-0.02	1.37
acceleration	-0.02	0.99
2-3	-0.02	0.95
judging	-0.02	1.19
vehicle	-0.02	0.80
utilize	-0.02	1.02
tree	-0.02	0.76
beta	-0.02	0.94
refresh	-0.02	1.13
15	-0.02	0.91
grips	-0.02	0.85
purchased	-0.02	0.94
match	-0.02	0.98
folder	-0.02	0.91
deserve	-0.02	0.94
mentioning	-0.01	1.83
display	-0.01	1.36
thousand	-0.01	0.92
level	-0.01	0.95
mature	-0.01	1.00
scan	-0.01	0.88
killer	-0.01	1.61
infantry	-0.01	0.85
bottleneck	-0.01	0.96
hill	-0.01	0.83
30	-0.01	0.92
deployed	-0.01	0.98
mom	-0.01	1.25
upgrading	-0.01	1.00
knife	-0.01	0.95
count	-0.01	0.86
server	-0.01	0.89
hop	-0.01	0.81
slowly	-0.01	1.01
window	-0.01	0.95
planning	-0.01	1.32
came	-0.01	1.07
bar	-0.01	1.00
lay	-0.01	0.95
spec	-0.01	0.77
designated	-0.01	0.89
recharge	-0.01	0.93
initially	-0.01	1.22
border	-0.01	2.88
granted	-0.01	1.14
servers	-0.01	0.84
puts	-0.01	0.98
price	-0.01	0.97
onto	-0.01	0.88
upper	-0.01	1.32
placing	-0.01	0.91
islands	-0.01	1.79
street	-0.01	1.08
seeing	-0.01	1.99
couple	-0.01	0.95
sitting	-0.01	0.93
revived	-0.01	0.97
habit	-0.01	1.18
customize	-0.01	1.13
bam	-0.00	0.89
loaded	-0.00	0.96
created	-0.00	0.95
buckshot	-0.00	0.87
putting	-0.00	1.18
13	-0.00	0.90
5-10	-0.00	0.95
underneath	-0.00	0.90
metro	-0.00	2.44
deploy	-0.00	1.01
ideally	-0.00	1.02
loop	-0.00	1.36
filter	-0.00	0.91
commander	-0.00	1.02
dare	-0.00	1.30
allows	-0.00	1.07
14	-0.00	0.87
menu	-0.00	1.16
tops	-0.00	0.88
conditions	-0.00	0.93
unable	-0.00	1.36
burst	-0.00	0.84
disappeared	-0.00	1.03
origin	-0.00	0.94
engage	-0.00	0.96
arguments	-0.00	1.67
building	-0.00	1.00
evidence	-0.00	1.56
interview	-0.00	1.07
change	-0.00	1.42
problem	0.00	1.81
seats	0.00	0.81
outcome	0.00	1.06
destruction	0.00	1.00
unranked	0.00	0.90
lsat	0.00	1.20
eastern	0.00	0.85
turret	0.00	0.94
important	0.00	1.34
pld	0.00	0.88
grass	0.00	0.97
dpi	0.00	0.93
three	0.00	0.95
chase	0.00	0.85
cheated	0.00	1.64
app	0.00	1.00
men	0.00	1.12
during	0.00	0.90
ways	0.00	1.25
pitch	0.00	1.05
lowest	0.00	1.21
glint	0.00	0.82
redeploy	0.01	1.27
grinding	0.01	0.83
4gb	0.01	0.97
feet	0.01	1.00
friendly	0.01	0.98
slow	0.01	1.08
repairs	0.01	0.88
ability	0.01	1.28
ice	0.01	0.90
patrick	0.01	1.01
bags	0.01	0.85
thermal	0.01	0.83
ect	0.01	0.84
liked	0.01	3.07
staying	0.01	1.07
practice	0.01	1.27
long	0.01	0.93
into	0.01	1.02
offers	0.01	0.87
fs	0.01	0.91
commanders	0.01	1.01
few	0.01	0.95
better	0.01	1.85
switch	0.01	0.84
nowhere	0.01	1.18
esports	0.01	0.88
shoulder	0.01	0.97
1943	0.01	2.40
box	0.01	0.87
sit	0.01	1.00
field	0.01	0.79
rof	0.01	0.83
file	0.01	0.90
triggers	0.01	0.98
graphics	0.01	0.98
sensor	0.01	0.78
silence	0.01	1.09
backup	0.01	0.92
seat	0.01	0.85
nearest	0.01	1.01
mini-map	0.01	1.02
tested	0.01	1.08
weather	0.01	0.90
technically	0.01	1.71
carrying	0.01	0.89
70	0.01	0.94
immediately	0.01	1.19
similarly	0.01	1.16
capabilities	0.02	0.92
split	0.02	0.94
ultra	0.02	0.99
luckily	0.02	1.38
standard	0.02	0.85
hours	0.02	0.98
accident	0.02	1.17
perks	0.02	0.80
hundred	0.02	0.92
slots	0.02	0.89
gone	0.02	1.21
mbt	0.02	0.85
positions	0.02	1.00
market	0.02	2.52
2	0.02	0.98
tap	0.02	0.90
survival	0.02	0.95
use	0.02	0.91
able	0.02	1.60
rented	0.02	0.86
maintain	0.02	0.92
heck	0.02	1.01
downloading	0.02	0.93
army	0.02	0.82
engaging	0.02	0.94
stand	0.02	1.02
spotted	0.02	0.99
actively	0.02	1.12
downloaded	0.02	0.95
tdm	0.02	0.99
feed	0.02	1.06
enemy	0.02	1.04
choosing	0.02	0.98
purely	0.02	1.11
struggling	0.02	1.32
repeatedly	0.02	1.10
balanced	0.02	1.22
browser	0.02	1.01
cam	0.02	0.95
via	0.02	1.01
filters	0.02	0.94
opponent	0.02	1.05
central	0.02	0.85
firestorm	0.03	3.16
ratio	0.03	1.00
poster	0.03	1.33
passengers	0.03	0.90
guarantee	0.03	1.16
separately	0.03	0.87
fool	0.03	1.25
bind	0.03	1.15
ends	0.03	0.98
tank	0.03	0.84
talking	0.03	2.53
math	0.03	1.40
aimed	0.03	1.01
upgrades	0.03	0.78
wasted	0.03	1.01
edges	0.03	0.91
defuse	0.03	0.86
host	0.03	0.90
passed	0.03	0.95
space	0.03	1.02
repaired	0.03	0.94
online	0.03	0.95
two	0.03	0.98
hvt	0.03	0.97
based	0.03	0.99
walked	0.03	1.05
activated	0.03	0.93
play	0.03	1.04
carried	0.03	0.98
involved	0.03	1.00
booted	0.03	1.19
clever	0.03	2.47
stats	0.03	1.01
developing	0.03	1.08
article	0.03	1.86
muzzle	0.03	0.83
control	0.03	0.95
snipers	0.03	0.81
plugin	0.04	0.96
officially	0.04	0.85
upside	0.04	0.87
user	0.04	0.97
giving	0.04	1.23
dust	0.04	0.91
eg	0.04	0.84
40	0.04	0.91
default	0.04	0.94
platforms	0.04	0.95
having	0.04	2.06
runs	0.04	1.04
scores	0.04	0.96
mile	0.04	0.90
consistently	0.04	0.98
among	0.04	0.89
proxy	0.04	0.92
numerous	0.04	1.12
abandoned	0.04	0.89
shots	0.04	1.04
comparable	0.04	0.84
crew	0.04	0.93
sniping	0.04	0.80
pace	0.04	1.01
automatically	0.04	1.07
bonuses	0.04	0.92
completing	0.04	0.83
shortly	0.04	1.09
repairing	0.04	0.88
indirect	0.04	0.78
expectations	0.04	0.87
coincidence	0.04	1.72
gb	0.04	0.96
terribly	0.04	1.30
terrain	0.05	0.92
longer	0.05	0.96
moves	0.05	0.96
clean	0.05	1.00
config	0.05	0.90
75	0.05	0.90
rpg	0.05	0.89
optics	0.05	0.82
armor	0.05	0.84
med	0.05	0.85
several	0.05	1.01
outside	0.05	0.96
xm25	0.05	0.78
cycle	0.05	0.79
texture	0.05	0.94
replace	0.05	1.01
mounted	0.05	0.83
8.1	0.05	1.00
controlling	0.05	0.94
20	0.05	0.90
she	0.05	0.98
installed	0.05	0.97
platoons	0.05	1.05
changing	0.05	1.01
770	0.05	0.96
accessible	0.05	0.85
joystick	0.05	1.05
offense	0.05	1.04
walk	0.05	1.02
offensive	0.05	0.79
victim	0.05	0.98
trend	0.05	1.21
defenders	0.05	0.92
rolling	0.05	0.95
shift	0.05	1.10
eye	0.05	0.95
suppress	0.05	1.04
car	0.05	0.89
sabot	0.05	0.83
hundreds	0.05	1.04
difficulty	0.06	0.90
lav	0.06	0.85
realizing	0.06	1.58
ranks	0.06	0.90
rewards	0.06	0.94
maneuverability	0.06	1.08
sticks	0.06	1.02
clock	0.06	0.94
sooner	0.06	1.22
ticket	0.06	0.87
dom	0.06	0.90
mountains	0.06	0.97
exploded	0.06	0.98
slugs	0.06	0.88
types	0.06	0.95
thing	0.06	2.08
eject	0.06	0.95
ergo	0.06	0.82
knifes	0.06	0.97
opens	0.06	0.93
enabled	0.06	0.99
flew	0.06	0.98
rent	0.06	0.91
gtx	0.06	0.96
us	0.06	0.90
pool	0.06	0.97
keys	0.06	1.10
healing	0.06	0.91
boats	0.06	0.89
proof	0.06	1.25
64p	0.06	1.01
specs	0.06	0.94
lasers	0.06	0.89
points	0.06	0.93
titanfall	0.07	1.08
bl	0.07	1.08
outs	0.07	0.93
1.5	0.07	0.99
month	0.07	1.01
updating	0.07	1.02
dish	0.07	0.94
primarily	0.07	0.83
required	0.07	0.97
grip	0.07	0.82
latest	0.07	0.96
m2	0.07	0.92
resetting	0.07	1.02
center	0.07	1.07
stubby	0.07	0.82
laser	0.07	0.82
held	0.07	1.04
50	0.07	0.89
sky	0.07	0.89
coordination	0.07	1.19
dozens	0.07	1.05
after	0.07	1.12
irnv	0.07	0.83
aiming	0.07	0.99
beam	0.07	0.82
popped	0.07	1.03
bonus	0.07	0.91
bag	0.07	0.83
applied	0.07	0.94
queue	0.07	1.03
dive	0.07	0.94
exp	0.07	0.91
joining	0.07	1.08
hrs	0.07	0.92
bucks	0.07	1.00
bailed	0.07	0.99
solo	0.07	0.95
oman	0.07	2.70
blood	0.07	0.93
jumped	0.08	0.95
restarting	0.08	1.05
xp	0.08	0.90
whatever	0.08	2.12
styles	0.08	0.95
os	0.08	0.99
angled	0.08	0.81
built	0.08	0.99
driver	0.08	0.94
loadout	0.08	0.90
stated	0.08	1.57
benefit	0.08	1.13
distances	0.08	0.91
surroundings	0.08	1.12
selected	0.08	0.92
64	0.08	0.96
middle	0.08	0.93
countless	0.08	1.10
nowadays	0.08	0.86
none	0.08	1.19
kits	0.08	0.81
medals	0.08	0.85
900	0.08	0.84
stairs	0.08	0.96
stolen	0.08	0.95
said	0.08	1.74
smoothly	0.08	1.11
fallen	0.08	0.86
logging	0.08	1.00
flir	0.08	0.80
weekends	0.08	0.93
matter	0.08	2.35
logged	0.08	0.94
expansion	0.08	1.61
closer	0.09	1.03
armour	0.09	0.85
ingame	0.09	1.04
compensator	0.09	0.81
uk	0.09	0.82
ps3	0.09	1.02
handled	0.09	1.13
streak	0.09	0.92
underwater	0.09	0.89
final	0.09	0.97
armed	0.09	0.86
elevators	0.09	0.87
55	0.09	0.91
loose	0.09	0.95
riot	0.09	0.99
forth	0.09	0.92
row	0.09	1.09
attacking	0.09	0.91
120	0.09	0.98
parachute	0.09	0.88
100	0.09	0.92
spent	0.09	1.03
ppl	0.09	1.48
weapons	0.09	0.85
warning	0.09	1.09
tower	0.09	2.44
360	0.09	1.02
boost	0.09	0.90
cancel	0.09	1.01
760	0.09	0.94
install	0.09	0.99
months	0.09	1.19
drunk	0.09	1.12
99	0.09	1.02
smaw	0.09	0.88
500	0.09	0.88
range	0.09	0.91
150	0.09	0.90
messages	0.09	1.09
completed	0.09	0.86
3/4	0.09	0.93
earn	0.10	0.86
successfully	0.10	1.02
teach	0.10	1.17
comfortable	0.10	1.31
reactive	0.10	0.83
events	0.10	0.95
33	0.10	0.90
focusing	0.10	1.10
brake	0.10	0.82
halo	0.10	1.43
turning	0.10	0.96
literally	0.10	1.54
vietnam	0.10	2.35
posted	0.10	1.36
playtime	0.10	0.93
provided	0.10	0.96
destructible	0.10	0.98
anything	0.10	2.30
appear	0.10	1.15
triggered	0.10	0.86
2gb	0.10	0.96
in-game	0.10	1.06
suppressor	0.10	0.81
imply	0.10	2.32
competition	0.10	0.84
torch	0.10	0.87
heavy	0.10	0.80
players	0.10	0.92
boat	0.10	0.86
battlelog	0.10	1.04
swap	0.10	0.79
loadouts	0.10	0.89
windows	0.10	1.00
levolution	0.10	0.96
incentive	0.10	1.13
maintenance	0.10	1.00
caliber	0.10	0.77
noticed	0.10	1.41
tight	0.10	1.14
pump	0.11	0.87
non-premium	0.11	0.88
projects	0.11	1.04
chosen	0.11	0.85
moved	0.11	0.93
lmg	0.11	1.06
weeks	0.11	1.13
purposes	0.11	1.17
installing	0.11	1.01
projectile	0.11	0.88
hmg	0.11	0.83
rock	0.11	0.77
tactic	0.11	1.24
manually	0.11	1.01
shape	0.11	1.03
250	0.11	0.89
news	0.11	1.05
year	0.11	0.93
mix	0.11	0.84
draw	0.11	0.98
restarted	0.11	1.13
alpha	0.11	0.98
directly	0.11	1.18
designate	0.11	0.94
swim	0.11	1.02
handle	0.11	1.14
human	0.11	1.16
extra	0.11	1.00
things	0.11	1.58
support	0.11	0.78
flash	0.11	0.81
repost	0.11	1.45
form	0.11	1.04
consoles	0.11	0.97
7.62	0.11	0.73
launches	0.11	1.01
arica	0.11	2.94
assignments	0.12	0.84
skill	0.12	1.14
rounds	0.12	0.95
equip	0.12	0.86
ru	0.12	0.86
positive	0.12	1.25
linked	0.12	1.22
territory	0.12	0.83
cores	0.12	0.96
leveling	0.12	0.86
scenario	0.12	1.16
graphic	0.12	0.91
making	0.12	1.26
hour	0.12	1.11
require	0.12	1.04
equipment	0.12	0.80
landed	0.12	1.33
supported	0.12	1.01
remind	0.12	1.78
i.e	0.12	1.18
location	0.12	1.12
description	0.12	1.92
melee	0.12	0.99
given	0.12	1.15
400	0.12	0.87
turned	0.12	1.00
safely	0.12	0.88
different	0.12	1.04
those	0.12	0.98
plan	0.12	1.29
lift	0.12	0.92
300	0.12	0.89
move	0.12	1.06
perfect	0.12	1.59
sorted	0.12	1.25
m320	0.12	0.81
110	0.13	0.96
slot	0.13	0.94
keyboard	0.13	1.08
edition	0.13	0.92
mode	0.13	0.88
tweet	0.13	1.20
dot	0.13	0.82
line	0.13	0.98
introduce	0.13	1.00
favor	0.13	0.96
200	0.13	0.89
third	0.13	1.17
drivers	0.13	0.99
reflex	0.13	0.80
decent	0.13	2.22
environments	0.13	0.92
solve	0.13	1.37
medpack	0.13	0.84
decide	0.13	1.53
timer	0.13	0.99
prices	0.13	0.91
chances	0.13	1.25
push	0.13	1.01
cars	0.13	0.86
furthermore	0.13	1.12
roll	0.13	1.03
mass	0.13	0.87
dual	0.13	0.93
asus	0.13	0.96
when	0.13	1.66
began	0.13	1.00
home	0.13	0.97
paper	0.13	0.97
medkit	0.13	0.84
refuse	0.13	1.52
status	0.13	0.89
pub	0.13	1.01
engines	0.13	0.96
devices	0.13	0.98
buy	0.13	1.07
thin	0.13	0.95
paying	0.13	1.06
transfer	0.13	0.97
heal	0.14	0.89
path	0.14	0.92
comment	0.14	1.97
800	0.14	0.87
upgraded	0.14	0.94
lmgs	0.14	0.83
gen	0.14	0.97
customization	0.14	0.92
twice	0.14	1.21
holding	0.14	1.09
sign	0.14	0.96
choose	0.14	1.00
underground	0.14	0.94
pattern	0.14	0.94
playing	0.14	1.66
regret	0.14	1.18
rank	0.14	0.92
friendlies	0.14	1.05
doors	0.14	0.91
7970	0.14	1.00
stood	0.14	1.62
slide	0.14	0.95
gunners	0.14	0.85
medics	0.14	0.86
35	0.14	0.88
bases	0.14	0.96
wrote	0.14	2.20
times	0.14	1.24
uninstall	0.14	1.01
round	0.14	0.99
karkand	0.14	3.20
launcher	0.14	0.87
mcoms	0.14	0.88
sneaking	0.14	0.97
16	0.14	0.88
bother	0.14	1.93
unlock	0.14	0.83
achievement	0.14	0.83
accepting	0.15	1.16
sraw	0.15	0.92
doing	0.15	2.30
1000	0.15	0.87
1500	0.15	0.86
hopped	0.15	0.97
fashion	0.15	1.00
another	0.15	1.41
slams	0.15	0.91
25	0.15	0.88
lesson	0.15	1.10
starting	0.15	1.47
silencer	0.15	0.79
600	0.15	0.88
consider	0.15	1.83
me	0.15	2.28
charged	0.15	0.93
challenge	0.15	0.97
landing	0.15	0.93
peasant	0.15	1.14
had	0.15	1.36
explosives	0.15	0.88
context	0.15	1.78
combo	0.15	0.80
character	0.15	0.93
enjoyable	0.15	1.34
double	0.15	0.93
780	0.15	0.93
tube	0.15	1.07
patience	0.15	1.07
write	0.15	1.63
attention	0.15	1.20
private	0.15	0.94
requests	0.15	1.24
plant	0.15	1.42
xbox360	0.15	1.01
stay	0.15	1.17
gained	0.15	0.94
bump	0.15	1.00
past	0.15	1.08
falls	0.15	0.76
following	0.15	0.91
closed	0.15	0.93
services	0.15	0.96
talk	0.15	1.40
ranges	0.15	0.89
received	0.15	0.93
weekend	0.15	0.97
recommended	0.15	0.84
attacks	0.15	0.95
contain	0.16	0.90
island	0.16	3.11
utc	0.16	0.92
deck	0.16	0.89
sight	0.16	0.80
accept	0.16	1.09
gotten	0.16	1.22
discussed	0.16	1.17
trying	0.16	1.84
buying	0.16	1.03
anti-tank	0.16	0.84
years	0.16	1.05
130	0.16	0.93
medal	0.16	1.09
going	0.16	2.65
values	0.16	1.42
meanwhile	0.16	0.97
hanging	0.16	1.12
including	0.16	0.79
users	0.16	0.98
escape	0.16	1.05
premium	0.16	0.92
foregrip	0.16	0.79
performing	0.16	1.08
ago	0.16	1.15
exploding	0.16	0.85
exposed	0.16	1.02
knives	0.16	0.91
usb	0.16	1.05
accordingly	0.16	1.20
versions	0.16	0.96
2x	0.16	0.83
closing	0.16	0.99
button	0.16	1.13
mcom	0.16	0.91
roles	0.16	0.97
newest	0.16	0.96
repair	0.16	0.86
discovered	0.16	1.10
takes	0.16	1.22
capping	0.16	1.08
log	0.16	1.00
1080p	0.16	1.01
earned	0.17	0.87
replied	0.17	2.10
written	0.17	1.97
maxed	0.17	1.02
reached	0.17	0.97
full	0.17	0.92
safety	0.17	0.93
runway	0.17	1.74
hider	0.17	0.80
rule	0.17	1.35
defend	0.17	1.01
visceral	0.17	1.20
unless	0.17	2.38
date	0.17	0.94
monitor	0.17	0.98
solutions	0.17	1.15
defibs	0.17	0.84
died	0.17	1.41
mountain	0.17	1.09
medic	0.17	0.82
prompt	0.17	1.05
week	0.17	1.08
throttle	0.17	1.04
magnifier	0.17	0.78
highest	0.17	1.27
fact	0.17	2.39
achieve	0.17	1.17
appeal	0.17	0.95
plane	0.17	0.89
preferably	0.17	0.85
tunnel	0.17	0.96
below	0.17	0.98
chrome	0.17	0.99
everything	0.17	1.49
pissed	0.17	2.10
matchmaking	0.17	0.90
minute	0.17	1.08
frustrated	0.17	1.63
purchase	0.17	0.98
drag	0.17	0.99
reinstall	0.17	1.03
days	0.18	1.16
rubble	0.18	1.26
ptfo	0.18	1.03
bullpup	0.18	0.82
1x	0.18	0.79
gunner	0.18	0.85
supposed	0.18	2.74
awarded	0.18	0.91
from	0.18	0.96
accidentally	0.18	1.17
alert	0.18	1.29
firefox	0.18	1.00
flashing	0.18	0.92
suppressors	0.18	0.82
method	0.18	1.09
fell	0.18	1.00
kit	0.18	0.80
name	0.18	0.95
chance	0.18	1.33
minigun	0.18	0.83
mins	0.18	1.08
monster	0.18	0.88
lasts	0.18	1.03
ti	0.18	0.94
each	0.18	1.00
heading	0.18	1.26
entertainment	0.18	0.91
sights	0.18	0.79
competitively	0.18	0.86
rifles	0.19	1.08
copy	0.19	0.93
theirs	0.19	1.03
trouble	0.19	1.31
day	0.19	1.32
insurgency	0.19	0.93
controller	0.19	1.02
19	0.19	0.86
near	0.19	1.14
gas	0.19	0.84
unlocks	0.19	0.82
triangle	0.19	1.02
tear	0.19	0.93
capped	0.19	1.08
water	0.19	1.10
looking	0.19	1.58
event	0.19	0.92
early	0.19	0.92
later	0.19	1.11
represent	0.19	1.31
last	0.19	1.15
textures	0.19	0.99
rds	0.19	0.80
buttons	0.19	1.11
time	0.19	1.34
finding	0.19	1.28
marked	0.19	0.98
yell	0.19	1.18
kobra	0.19	0.79
worry	0.19	1.97
upwards	0.19	0.99
streaks	0.19	1.43
request	0.19	1.09
capability	0.19	0.97
stole	0.19	0.91
promote	0.19	1.02
been	0.20	1.31
usually	0.20	1.62
earlier	0.20	1.30
order	0.20	1.06
sea	0.20	1.19
slap	0.20	0.93
same	0.20	1.94
responding	0.20	1.44
700	0.20	0.86
took	0.20	1.25
waited	0.20	1.09
preorder	0.20	1.10
bipod	0.20	0.83
spray	0.20	0.84
asian	0.20	0.84
rolled	0.20	1.04
assignment	0.20	0.84
morning	0.20	1.08
shooter	0.20	1.22
anywhere	0.20	1.72
signed	0.20	0.96
division	0.20	0.89
run	0.20	1.09
nvidia	0.20	0.98
units	0.20	0.80
anti	0.20	0.85
140	0.20	0.97
silent	0.21	0.92
reloads	0.21	0.94
scenarios	0.21	1.13
eagle	0.21	1.27
plug	0.21	0.98
open	0.21	0.92
scopes	0.21	0.78
next-gen	0.21	0.95
started	0.21	1.11
variant	0.21	1.10
laid	0.21	1.08
lines	0.21	1.07
floor	0.21	1.23
understand	0.21	2.53
finishing	0.21	1.01
joined	0.21	1.04
follow	0.21	1.01
recent	0.21	0.92
short	0.21	0.91
case	0.21	2.39
certification	0.21	0.99
theres	0.21	1.28
shooters	0.21	1.24
barrel	0.21	0.82
effects	0.21	0.90
revives	0.21	0.93
seconds	0.21	1.12
plenty	0.21	1.12
function	0.21	1.15
carrier	0.21	0.95
perfectly	0.21	1.20
nights	0.21	1.09
played	0.21	1.46
associated	0.21	1.01
rose	0.21	1.05
half	0.21	1.00
packs	0.21	0.89
curve	0.21	0.87
monitors	0.21	0.96
mouse	0.22	1.07
clans	0.22	1.00
happen	0.22	2.02
checks	0.22	0.97
trail	0.22	0.77
ddos	0.22	0.96
weird	0.22	1.75
device	0.22	1.00
assaults	0.22	0.81
controls	0.22	0.95
temporary	0.22	1.05
rip	0.22	0.91
boosts	0.22	0.90
simpler	0.22	1.10
reload	0.22	0.96
27	0.22	0.87
why	0.22	2.59
owner	0.22	0.99
shortcut	0.22	0.82
global	0.22	1.17
defending	0.22	0.98
interaction	0.22	0.86
magnification	0.22	0.78
minutes	0.22	1.21
capacity	0.22	0.92
charge	0.22	0.93
symbol	0.22	1.10
pst	0.22	1.10
text	0.22	1.27
revive	0.22	0.96
survivability	0.22	1.09
create	0.22	1.05
r9	0.22	1.05
compare	0.22	1.08
download	0.22	0.98
australian	0.22	0.90
shows	0.22	1.05
beginning	0.23	0.93
setup	0.23	0.93
success	0.23	1.02
rely	0.23	1.00
tf2	0.23	1.00
havent	0.23	1.27
sec	0.23	1.01
elevator	0.23	0.91
recon	0.23	0.78
750	0.23	0.85
coyote	0.23	0.79
machine	0.23	0.87
members	0.23	0.99
sites	0.23	0.92
does	0.23	2.33
along	0.23	1.28
orders	0.23	1.05
profit	0.23	0.82
him	0.23	1.27
belt	0.23	0.83
lobby	0.23	1.06
22	0.23	0.84
login	0.23	0.90
provides	0.23	1.03
respond	0.24	1.36
means	0.24	2.45
holo	0.24	0.78
shred	0.24	0.91
access	0.24	0.83
since	0.24	1.79
press	0.24	1.13
equipped	0.24	0.85
command	0.24	1.06
dogfight	0.24	0.98
disabling	0.24	1.01
measure	0.24	1.08
gadgets	0.24	0.81
key	0.24	1.14
attackers	0.24	0.88
determine	0.24	1.13
snow	0.24	1.04
controllers	0.24	1.02
square	0.24	0.95
fast	0.24	1.04
reviving	0.24	0.93
reward	0.24	0.90
explain	0.24	2.10
coordinate	0.25	1.12
stars	0.25	0.84
irish	0.25	0.92
unlocking	0.25	0.82
zoom	0.25	0.81
frag	0.25	0.82
defib	0.25	0.89
wheel	0.25	1.36
contains	0.25	0.82
finger	0.25	1.04
spend	0.25	1.18
crysis	0.25	1.18
reason	0.25	2.23
surround	0.25	1.18
comp	0.25	0.76
joy	0.25	0.93
spot	0.25	1.04
comparing	0.25	1.22
night	0.25	1.09
typed	0.25	2.08
wake	0.25	3.13
store	0.25	0.95
bothered	0.25	1.85
objective	0.26	1.10
iron	0.26	0.78
frankly	0.26	1.41
platform	0.26	1.00
empty	0.26	0.93
bc	0.26	2.72
charging	0.26	0.96
pack	0.26	0.93
out	0.26	1.28
group	0.26	1.02
havoc	0.26	0.97
accepted	0.26	1.00
60fps	0.26	1.17
captured	0.26	1.09
dayz	0.26	1.00
magazine	0.26	0.94
pre-order	0.26	1.14
grab	0.26	0.81
m240b	0.26	1.10
party	0.26	0.98
troops	0.26	0.86
wich	0.26	1.18
mistaken	0.26	3.14
alive	0.26	1.14
new	0.26	0.96
own	0.26	0.97
flashlight	0.26	0.83
pkp	0.26	1.11
skyrim	0.26	1.06
bc1	0.26	2.72
ii	0.26	0.91
steps	0.26	1.01
responded	0.26	1.47
beating	0.26	1.19
ve	0.26	1.30
technology	0.26	1.33
light	0.27	0.86
port	0.27	2.37
bullet	0.27	0.97
commo	0.27	1.07
give	0.27	1.20
friday	0.27	1.02
sounded	0.27	1.51
search	0.27	1.04
cases	0.27	1.28
selection	0.27	0.88
planetside	0.27	1.05
saturday	0.27	1.05
sure	0.27	3.29
ive	0.27	1.21
24	0.27	0.83
military	0.27	0.91
xbone	0.27	1.02
suggested	0.27	1.14
lights	0.27	0.87
before	0.27	1.19
attacker	0.27	0.91
cal	0.27	0.78
recently	0.27	1.24
bodies	0.27	1.07
american	0.27	0.88
once	0.27	1.36
karelia	0.27	1.00
already	0.27	1.74
today	0.27	1.25
inside	0.27	0.90
revenge	0.27	1.15
opinion	0.27	1.72
matches	0.27	0.87
output	0.28	1.03
further	0.28	1.01
meaning	0.28	1.39
never	0.28	1.67
radio	0.28	0.87
stayed	0.28	1.15
orange	0.28	0.90
pushes	0.28	0.96
fucking	0.28	1.61
amd	0.28	1.10
term	0.28	1.35
ps4	0.28	1.02
appreciation	0.28	0.91
insert	0.28	1.17
boom	0.28	1.04
organized	0.28	0.95
reloading	0.28	0.96
flags	0.28	1.09
mid	0.28	0.89
catch	0.28	1.24
secondary	0.28	0.81
engi	0.28	0.83
evening	0.28	1.11
28	0.28	0.85
games	0.28	1.44
scripted	0.28	1.19
portraits	0.28	0.91
capture	0.28	1.06
attachment	0.28	0.81
debris	0.29	0.77
hacked	0.29	1.00
take	0.29	1.51
r/pcmasterrace	0.29	1.55
questions	0.29	1.40
contact	0.29	0.97
account	0.29	0.99
mics	0.29	1.08
strongly	0.29	1.50
expansions	0.29	1.53
anymore	0.29	2.22
whiteout	0.29	1.01
paddles	0.29	0.93
initial	0.29	1.18
potato	0.29	0.85
surprising	0.29	2.10
one	0.29	1.97
generation	0.29	1.16
alternative	0.29	1.09
claiming	0.29	1.40
comes	0.29	1.00
m26	0.29	0.80
remake	0.29	2.94
bringing	0.29	1.10
demand	0.29	1.05
aggressively	0.29	0.95
console	0.30	0.97
platoon	0.30	1.06
february	0.30	0.91
giants	0.30	1.01
eventually	0.30	1.32
announced	0.30	0.95
tag	0.30	0.99
therefore	0.30	1.26
join	0.30	1.10
yet	0.30	1.72
dots	0.30	0.87
cap	0.30	1.09
planes	0.30	1.21
bow	0.30	0.99
hangar	0.30	0.96
available	0.30	0.86
34	0.30	0.86
defeat	0.30	1.01
ladder	0.30	0.89
enjoy	0.30	2.21
battlepacks	0.30	0.85
period	0.30	0.90
hammerhead	0.30	1.01
tournament	0.30	0.88
nor	0.30	1.65
responses	0.30	1.30
w/l	0.30	1.19
results	0.30	1.09
ideal	0.30	1.80
semi	0.30	0.78
inferior	0.31	1.01
tuesday	0.31	1.05
uninstalled	0.31	1.06
commands	0.31	1.08
rough	0.31	1.00
fake	0.31	1.08
efficient	0.31	1.20
chat	0.31	1.09
attachments	0.31	0.83
r1	0.31	1.04
convince	0.31	1.67
pre-ordering	0.31	1.11
tags	0.31	1.04
happening	0.31	2.02
role	0.31	1.27
dogtag	0.31	0.95
prepare	0.31	1.10
win	0.31	1.03
18	0.31	0.89
fit	0.31	1.13
exit	0.31	1.02
yesterday	0.31	1.25
style	0.31	1.02
keeping	0.31	1.05
ai	0.31	1.22
realise	0.32	1.73
mentioned	0.32	1.33
submitted	0.32	1.15
sli	0.32	0.93
modified	0.32	0.80
pointed	0.32	1.26
them	0.32	1.92
kharg	0.32	3.50
teamwork	0.32	1.09
sl	0.32	1.07
scope	0.32	0.78
sacrifice	0.32	1.12
gunfights	0.32	0.96
other	0.32	1.19
january	0.32	0.93
red	0.32	0.89
found	0.32	1.10
assault	0.32	0.87
3.4x	0.32	0.77
september	0.32	0.95
mean	0.32	2.55
door	0.32	0.97
opened	0.32	0.90
competitive	0.32	0.86
december	0.32	0.94
2014	0.32	1.34
adding	0.32	1.22
waves	0.32	0.94
leader	0.32	1.07
know	0.32	2.55
dogtags	0.32	0.93
sales	0.32	0.86
obviously	0.32	2.38
went	0.33	1.10
craft	0.33	1.19
quote	0.33	1.56
checked	0.33	1.04
tail	0.33	0.98
edge	0.33	1.05
talked	0.33	2.05
capturing	0.33	1.11
regard	0.33	0.86
rail	0.33	0.80
defender	0.33	0.91
objectives	0.33	1.04
searching	0.33	1.10
possibilities	0.33	1.08
working	0.33	1.27
ca	0.33	1.99
nearby	0.33	1.07
closest	0.33	1.20
march	0.33	0.90
handful	0.33	1.07
room	0.33	0.91
email	0.33	1.03
programs	0.33	1.07
nail	0.33	1.01
longest	0.33	0.97
partially	0.33	1.07
leaders	0.33	1.07
see	0.33	2.01
step	0.34	1.04
pc	0.34	1.00
collect	0.34	1.13
somehow	0.34	1.38
quality	0.34	1.01
velocity	0.34	0.98
hanger	0.34	0.99
playstation	0.34	1.01
forward	0.34	0.99
17	0.34	0.89
ship	0.34	1.13
dump	0.34	0.95
plans	0.34	1.17
mod	0.34	1.51
overlay	0.34	1.01
november	0.34	0.93
then	0.34	1.61
july	0.34	0.87
wait	0.34	1.30
5v5	0.34	0.86
americans	0.34	0.86
flair	0.34	1.09
need	0.34	1.97
ears	0.34	1.29
trap	0.34	1.01
did	0.34	2.32
pulling	0.35	1.03
valve	0.35	0.83
french	0.35	1.33
however	0.35	2.37
reinstalling	0.35	1.08
dog	0.35	0.95
respect	0.35	0.86
where	0.35	2.36
october	0.35	0.96
pants	0.35	1.11
june	0.35	0.91
flag	0.35	1.12
many	0.35	1.10
skull	0.35	1.28
letting	0.35	1.55
reports	0.35	1.05
bronze	0.35	0.91
doesnt	0.35	1.69
battlefields	0.35	2.41
2013	0.35	0.93
esl	0.35	0.87
service	0.35	0.84
refund	0.35	0.92
soldiers	0.35	0.95
proximity	0.35	0.94
hunting	0.35	0.97
40x	0.35	0.79
apologize	0.35	1.95
show	0.35	1.23
mag	0.35	0.94
fighting	0.36	0.84
surface	0.36	0.69
warfare	0.36	1.06
silver	0.36	0.91
gave	0.36	0.98
ball	0.36	0.71
pm	0.36	1.07
vs	0.36	0.86
late	0.36	0.95
4x	0.36	0.79
factions	0.36	0.87
mvp	0.36	0.95
wanted	0.36	1.61
explained	0.36	1.78
summer	0.36	0.95
green	0.36	0.84
simply	0.36	1.99
incredible	0.36	1.86
1942	0.36	2.79
apology	0.36	1.32
squads	0.36	1.09
concrete	0.37	0.79
awhile	0.37	1.21
shortcuts	0.37	0.84
mg4	0.37	1.13
figure	0.37	2.08
tomorrow	0.37	1.14
encounters	0.37	0.96
which	0.37	2.24
ran	0.37	1.12
technique	0.37	1.19
csgo	0.37	0.91
destiny	0.37	0.99
canted	0.37	0.77
amazon	0.37	0.93
fish	0.37	0.93
considered	0.37	1.31
31	0.37	0.87
invite	0.37	1.09
until	0.37	1.30
shown	0.37	1.09
how	0.37	2.45
straight	0.37	0.85
rewarding	0.37	1.52
seine	0.37	3.32
ready	0.38	1.43
slightest	0.38	1.39
tell	0.38	2.06
12g	0.38	0.83
hat	0.38	1.00
worth	0.38	1.19
mark	0.38	1.04
26	0.38	0.83
ages	0.38	1.44
feature	0.38	1.40
preordering	0.38	1.15
seen	0.38	1.31
typing	0.38	1.56
3x	0.38	0.83
resolution	0.38	0.97
battlepack	0.38	0.89
intend	0.38	1.34
ninja	0.38	1.49
message	0.38	1.20
jam	0.38	0.99
9/10	0.38	1.00
moon	0.38	0.87
clan	0.38	1.08
irons	0.38	0.77
4th	0.38	1.31
engineers	0.38	0.94
crack	0.38	0.83
cross	0.39	0.86
down	0.39	1.02
3rd	0.39	1.23
hammer	0.39	0.96
newer	0.39	1.15
gold	0.39	0.90
typically	0.39	0.92
symthic	0.39	1.20
items	0.39	0.83
used	0.39	1.38
up	0.39	1.15
cant	0.39	1.90
comms	0.39	1.10
make	0.39	1.74
headset	0.39	1.06
searched	0.39	1.11
psn	0.39	1.04
moreover	0.39	1.04
gadget	0.39	0.85
21	0.40	0.92
breath	0.40	1.07
dogs	0.40	0.91
ad	0.40	0.92
2.0	0.40	1.04
judge	0.40	1.32
shut	0.40	1.37
challenging	0.40	1.46
first	0.40	1.08
exclusively	0.40	0.87
highway	0.40	3.43
scared	0.40	1.86
something	0.40	2.33
lighting	0.40	0.92
ring	0.40	0.81
trigger	0.40	0.97
t1gge	0.40	1.07
shark	0.41	0.81
blue	0.41	0.89
titles	0.41	1.63
second	0.41	0.89
possibly	0.41	1.62
confusion	0.41	1.78
beach	0.41	1.60
go	0.41	1.61
number	0.41	1.06
mainly	0.41	0.82
45	0.41	0.83
skilled	0.41	1.18
because	0.41	2.54
93r	0.41	0.81
got	0.41	1.35
forgetting	0.41	1.98
were	0.41	1.61
sorta	0.41	1.26
say	0.41	2.46
suits	0.41	1.05
fully	0.41	1.35
soldier	0.41	0.87
setups	0.41	0.89
want	0.41	2.21
pay	0.41	1.15
wo	0.42	1.87
recognize	0.42	1.26
gun	0.42	1.20
squad	0.42	1.10
forget	0.42	1.59
m	0.42	2.00
professional	0.42	0.99
grand	0.42	3.42
help	0.42	1.68
paints	0.42	0.90
acog	0.42	0.77
end	0.42	0.97
depth	0.42	0.99
regarding	0.42	1.18
gamertag	0.42	1.07
presence	0.42	1.11
needed	0.42	1.36
firepower	0.42	1.07
factory	0.43	0.92
still	0.43	2.12
modern	0.43	1.68
ask	0.43	1.63
ghost	0.43	0.79
magic	0.43	1.29
station	0.43	1.01
views	0.43	0.89
bfh	0.43	1.30
cs	0.43	0.90
fyi	0.43	1.07
provide	0.43	1.09
crossing	0.43	3.41
reflect	0.43	1.21
playstyle	0.43	1.19
contrast	0.43	0.96
communicating	0.44	1.11
expert	0.44	1.46
discount	0.44	0.93
faction	0.44	0.83
item	0.44	0.87
there	0.44	2.10
damavand	0.44	3.42
only	0.44	2.13
ditch	0.44	0.71
hopes	0.44	1.11
master	0.44	1.18
voip	0.44	1.10
battle	0.44	0.86
classes	0.44	0.99
free	0.44	0.88
happened	0.44	1.50
toggle	0.44	1.06
april	0.44	0.94
visit	0.44	1.19
variation	0.44	1.02
directed	0.44	1.07
forces	0.45	0.99
tech	0.45	1.26
delta	0.45	0.83
motherfucker	0.45	1.17
battlefront	0.45	1.10
bc2	0.45	2.67
canals	0.45	3.41
tad	0.45	1.17
relevant	0.45	1.28
gravity	0.45	0.85
hidden	0.45	0.90
bright	0.45	0.87
2015	0.45	1.03
compared	0.45	0.96
paced	0.45	1.01
morse	0.45	0.95
scheme	0.45	0.92
wouldnt	0.45	1.65
chinese	0.45	0.94
peak	0.45	3.42
again	0.45	1.85
together	0.45	1.19
realize	0.45	2.21
wearing	0.45	0.84
suit	0.45	1.09
gta	0.45	1.12
information	0.46	1.32
hyped	0.46	1.41
caps	0.46	1.35
native	0.46	1.41
steam	0.46	0.87
announce	0.46	0.99
dont	0.46	2.21
described	0.46	1.82
guns	0.46	0.98
44	0.46	0.83
teamspeak	0.46	1.10
more	0.46	1.22
firefight	0.46	0.95
urban	0.46	0.91
megalodon	0.46	0.79
unreal	0.46	0.92
suggest	0.46	1.60
engagement	0.46	0.94
shotguns	0.46	0.81
lot	0.46	1.43
silenced	0.47	0.89
option	0.47	1.12
taken	0.47	1.22
mpx	0.47	0.89
magical	0.47	1.12
manner	0.47	1.10
mention	0.47	1.99
msi	0.47	1.06
combine	0.47	0.89
sun	0.47	0.89
activate	0.47	0.89
handles	0.47	1.17
pistols	0.47	0.80
even	0.47	2.29
showing	0.47	1.11
similar	0.47	1.03
begin	0.47	1.07
variable	0.47	0.79
ts	0.47	1.18
fight	0.47	1.01
sequel	0.47	1.98
pre	0.47	0.97
era	0.47	1.75
mine	0.47	1.25
dig	0.48	0.98
website	0.48	1.07
details	0.48	1.13
edit	0.48	3.43
2000	0.48	1.06
wear	0.48	0.83
meant	0.48	3.41
subject	0.48	1.21
medium	0.48	0.90
communicate	0.48	1.11
revolvers	0.48	0.86
curious	0.48	3.08
quake	0.48	0.88
white	0.48	1.04
animations	0.48	0.96
rendered	0.48	1.18
realistically	0.48	1.46
legal	0.48	1.00
frostbite	0.48	1.90
marks	0.48	1.29
fans	0.48	1.36
g18	0.49	0.80
realized	0.49	1.92
engagements	0.49	0.91
allow	0.49	1.14
rage	0.49	1.31
fingers	0.49	1.08
shields	0.49	1.09
bridge	0.49	1.10
sat	0.49	1.13
sw40	0.49	0.83
lt	0.49	1.77
angry	0.49	2.13
pdws	0.49	0.82
zoomed	0.49	0.95
ships	0.49	0.97
done	0.49	1.82
gamer	0.49	0.86
otherwise	0.49	1.92
useful	0.49	1.34
m1911	0.49	0.81
highlight	0.50	0.89
rex	0.50	0.85
carriers	0.50	1.19
1st	0.50	1.19
cn	0.50	0.94
unlocked	0.50	0.86
boys	0.50	0.82
implement	0.50	1.21
engie	0.50	0.93
point	0.50	1.98
p226	0.50	0.81
res	0.50	0.99
moh	0.50	2.46
note	0.51	2.01
soon	0.51	1.35
normally	0.51	1.98
recall	0.51	1.58
switched	0.51	0.85
em	0.51	1.42
forgive	0.51	1.36
sets	0.51	0.90
let	0.51	1.89
showed	0.51	1.03
afaik	0.51	0.99
way	0.51	1.90
ww2	0.51	1.75
finder	0.51	0.78
colonel	0.51	1.08
reaction	0.51	1.06
language	0.51	1.74
fall	0.51	1.13
emblems	0.52	0.93
egg	0.52	0.80
lately	0.52	1.18
shotgun	0.52	0.83
actually	0.52	2.36
ex	0.52	0.79
likely	0.52	1.84
could	0.52	2.20
derp	0.52	1.29
upcoming	0.52	1.11
think	0.52	2.45
graph	0.52	1.11
sidearm	0.52	0.79
back	0.53	1.55
coming	0.53	1.16
revolver	0.53	0.89
announcement	0.53	0.94
favorites	0.53	1.73
ballistic	0.53	0.91
valuable	0.53	1.29
her	0.53	1.12
zombies	0.53	0.65
personal	0.53	1.04
hardline	0.53	1.21
followed	0.53	0.89
will	0.53	1.87
aku-12	0.53	0.91
tone	0.53	1.20
bored	0.53	1.60
should	0.53	2.25
profile	0.53	1.03
class	0.54	0.97
pressing	0.54	1.15
damned	0.54	1.33
entirely	0.54	1.70
others	0.54	1.72
believe	0.54	2.42
elaborate	0.54	1.64
cute	0.54	1.52
older	0.54	1.53
pdw	0.54	0.84
forgotten	0.54	1.00
semi-auto	0.54	0.80
8x	0.54	0.81
clear	0.54	1.21
expect	0.54	2.03
weaponry	0.54	1.01
we	0.54	2.28
ars	0.54	0.79
jjju	0.54	1.07
bank	0.55	1.06
42	0.55	1.02
award	0.55	0.91
handgun	0.55	0.81
preference	0.55	1.03
6x	0.55	0.78
learned	0.55	1.28
logo	0.56	0.84
shorty	0.56	0.80
tanking	0.56	1.03
combat	0.56	0.87
burn	0.56	0.98
camos	0.56	0.85
words	0.56	1.80
either	0.56	2.36
bf5	0.56	1.13
gear	0.56	0.77
admit	0.56	1.73
course	0.56	2.31
title	0.56	1.16
site	0.57	1.09
5th	0.57	0.94
thoroughly	0.57	1.07
seem	0.57	2.21
meaningful	0.57	1.16
research	0.57	1.19
fourth	0.57	1.01
considering	0.57	1.34
phantom	0.57	0.89
dark	0.57	0.95
randoms	0.57	1.16
greatly	0.57	1.14
deagle	0.57	0.79
secondly	0.57	0.92
cards	0.57	1.02
anytime	0.57	1.38
family	0.57	0.98
spawned	0.57	1.13
fancy	0.57	1.29
1911	0.58	0.82
massively	0.58	1.10
next	0.58	1.16
magnum	0.58	0.81
myself	0.58	1.58
hopefully	0.59	1.26
shiny	0.59	1.09
wont	0.59	1.75
compact	0.59	0.81
secret	0.59	0.93
pull	0.59	0.86
suppressed	0.59	0.97
star	0.59	0.99
heads	0.59	1.10
hunt	0.59	0.89
excellent	0.59	1.74
joke	0.59	1.54
previous	0.59	1.07
interest	0.60	0.87
quarters	0.60	0.97
phrase	0.60	1.47
clicked	0.60	1.12
srr	0.60	0.82
enjoyed	0.60	2.19
league	0.60	0.96
pressed	0.60	1.16
exclusive	0.60	0.85
eggs	0.60	0.79
our	0.60	1.02
pistol	0.60	0.80
yelling	0.60	1.20
chip	0.60	0.90
police	0.60	0.93
suggestions	0.61	1.15
dynamic	0.61	1.12
jokes	0.61	1.26
hype	0.61	0.95
veteran	0.61	2.09
yellow	0.61	0.92
reverse	0.61	1.16
hover	0.61	1.46
situations	0.61	1.06
dmrs	0.61	0.80
adaptive	0.61	0.88
afterburner	0.61	1.05
wonder	0.61	2.17
rather	0.61	1.25
2143	0.61	1.73
waiting	0.61	1.43
missed	0.61	2.84
replying	0.61	1.80
srr-61	0.62	0.83
probably	0.62	2.31
sale	0.62	1.01
race	0.62	1.32
bc3	0.62	1.74
check	0.62	1.13
tonight	0.62	1.29
panic	0.62	0.99
question	0.62	1.87
arrow	0.62	0.92
weapon	0.62	1.05
bolt	0.62	0.82
engineer	0.63	0.91
desert	0.63	2.13
bf	0.63	2.27
currently	0.63	1.56
pair	0.63	0.84
aws	0.63	0.92
length	0.63	0.93
precisely	0.63	1.50
bulldog	0.63	0.84
links	0.63	1.18
albeit	0.63	1.17
folks	0.63	1.22
answered	0.63	1.58
suspicious	0.63	1.26
primary	0.63	1.25
maybe	0.63	2.25
paste	0.63	0.95
also	0.63	2.32
generally	0.63	1.23
gladly	0.63	0.89
id	0.63	1.14
killstreak	0.64	0.84
mind	0.64	2.13
groups	0.64	1.11
might	0.64	2.28
scratch	0.64	0.87
forgot	0.64	2.72
thingy	0.64	1.05
counting	0.64	0.96
put	0.64	1.24
elite	0.64	0.84
friends	0.64	1.21
mad	0.64	1.59
explaining	0.64	1.67
theyre	0.64	1.62
made	0.64	1.42
railgun	0.64	1.39
least	0.64	1.86
franchise	0.65	1.44
entering	0.65	1.01
friend	0.65	1.27
m98b	0.65	0.84
saw	0.65	1.36
sr-2	0.65	0.91
swedish	0.65	1.21
confirmation	0.65	1.19
firefights	0.65	1.05
hold	0.65	0.99
always	0.65	2.22
became	0.66	1.12
confirmed	0.66	0.95
neither	0.66	1.34
russian	0.66	1.10
previously	0.66	1.34
tough	0.66	1.80
atm	0.66	1.13
shadow	0.66	0.77
town	0.66	1.43
r/purebattlefield	0.66	1.08
camo	0.66	0.86
30fps	0.67	1.22
arent	0.67	1.52
brings	0.67	0.92
work	0.67	2.01
promoted	0.67	1.13
nose	0.68	1.11
ftfy	0.68	0.99
mic	0.68	1.12
closely	0.68	0.77
roadkill	0.68	1.18
val	0.68	0.97
futuristic	0.68	1.43
letters	0.68	1.53
theory	0.69	1.37
easter	0.69	0.84
asap	0.69	1.46
repeat	0.69	1.16
earth	0.69	1.03
legit	0.69	1.42
sniper	0.70	0.80
facebook	0.70	1.12
wars	0.70	1.02
english	0.70	2.07
bf1942	0.70	2.85
stick	0.70	0.92
inch	0.70	0.96
card	0.70	0.96
magazines	0.70	1.03
may	0.71	2.14
aggressive	0.71	1.01
870	0.71	0.91
existed	0.71	1.61
performs	0.71	0.92
special	0.71	0.97
sometime	0.71	1.22
mirror	0.72	0.96
value	0.72	1.05
couldnt	0.72	1.44
shall	0.72	1.20
cops	0.72	0.95
versus	0.72	0.97
taste	0.73	1.08
cooler	0.73	1.04
bf2142	0.73	2.79
doubt	0.73	1.88
dead	0.73	1.09
na	0.73	2.06
sr338	0.73	0.81
bit	0.73	1.29
trick	0.74	1.14
condition	0.74	1.03
translate	0.74	1.62
aka	0.75	0.93
relate	0.75	1.24
goddamn	0.75	1.44
golden	0.75	1.09
swear	0.75	1.14
solved	0.75	1.16
prospect	0.75	0.87
importantly	0.75	1.12
f2000	0.75	0.84
ll	0.75	1.86
possibility	0.75	1.24
q	0.76	1.13
mtar	0.76	0.90
hes	0.76	1.34
initiate	0.76	0.93
fair	0.76	1.45
inf	0.76	1.05
variety	0.76	1.02
clue	0.76	1.33
creative	0.76	1.21
originally	0.76	1.52
sources	0.77	1.14
bf2	0.77	2.81
works	0.77	1.75
lame	0.77	1.81
dad	0.77	1.10
cqb	0.77	0.81
google	0.77	1.15
chi	0.77	1.14
fools	0.77	1.07
realised	0.77	1.73
credit	0.77	0.96
track	0.78	1.14
niche	0.78	1.23
mastery	0.78	0.83
member	0.78	1.03
plus	0.78	1.11
program	0.78	0.88
constructive	0.78	1.21
honestly	0.78	2.24
thoughts	0.78	1.32
appeared	0.78	1.14
ace23	0.78	0.97
come	0.78	1.56
beep	0.78	1.17
promotion	0.79	1.10
close	0.79	0.87
im	0.79	1.94
titans	0.79	1.33
m4	0.79	0.85
heard	0.79	1.29
equation	0.79	1.14
symbols	0.79	0.96
becomes	0.79	1.15
felt	0.80	1.06
hint	0.80	1.15
hd	0.80	1.00
ak-12	0.80	0.89
especially	0.80	0.89
german	0.80	1.56
timing	0.80	1.18
gap	0.80	0.85
lvl	0.80	1.07
impression	0.80	1.56
find	0.80	1.78
helping	0.80	1.17
trainee	0.81	0.90
statistically	0.81	2.09
acts	0.81	1.78
attached	0.81	0.77
exact	0.81	1.84
tricks	0.81	1.33
streaming	0.81	1.15
brutal	0.81	1.67
future	0.82	1.22
cs5	0.82	1.06
equivalent	0.82	0.78
kevin	0.82	1.01
stock	0.82	0.95
alot	0.82	1.22
letter	0.83	1.77
carbines	0.83	0.88
till	0.83	1.18
codes	0.83	0.85
fy-js	0.83	1.00
speak	0.83	1.37
demo	0.83	1.61
sticking	0.83	0.96
acw-r	0.83	0.87
table	0.83	0.92
l85	0.83	0.88
338	0.83	1.00
fine	0.84	1.32
rewarded	0.84	0.95
bravo	0.84	1.14
pulled	0.84	1.20
gol	0.84	0.97
try	0.84	1.57
ak-5c	0.84	0.87
23	0.85	0.88
tried	0.85	1.20
greek	0.85	1.29
stage	0.85	0.94
gon	0.85	2.13
eating	0.85	0.78
ps2	0.85	1.66
hopping	0.85	1.00
amp	0.85	1.32
relatively	0.85	1.18
link	0.86	1.37
1200	0.86	0.95
feelings	0.86	1.57
glory	0.86	0.96
makes	0.86	1.34
becoming	0.86	1.13
sum	0.86	1.18
disappointed	0.86	2.21
m40a5	0.86	1.01
book	0.87	1.19
m40	0.87	1.00
ak5c	0.87	0.90
remain	0.87	0.99
bfbc2	0.87	2.71
hands	0.87	1.86
hilarious	0.87	2.04
aek	0.87	0.93
seems	0.87	1.59
l85a2	0.88	0.91
1v1	0.88	1.06
become	0.88	1.23
perhaps	0.88	1.55
g36c	0.88	0.89
2142	0.88	2.67
advanced	0.88	1.12
titan	0.88	1.28
telling	0.88	2.05
freaking	0.88	2.16
noted	0.89	1.40
teammates	0.89	1.21
twist	0.89	1.12
timed	0.89	1.01
imagine	0.89	1.75
isnt	0.89	1.48
genuinely	0.89	1.76
headphones	0.89	1.08
finally	0.89	1.41
enough	0.90	1.75
dip	0.90	1.14
now	0.90	2.26
according	0.90	1.02
choice	0.90	1.83
color	0.90	0.94
ace	0.90	0.89
wwii	0.90	1.88
sar-21	0.90	0.91
usefull	0.90	1.27
recommend	0.90	1.17
concerned	0.91	2.24
camera	0.91	1.01
fibonacci	0.91	1.18
feel	0.91	1.67
criticism	0.91	1.23
52	0.91	0.87
username	0.92	1.36
quarter	0.92	1.03
fights	0.92	1.01
m16a4	0.92	0.94
answers	0.92	1.27
ftw	0.92	0.80
solution	0.92	1.44
ak	0.92	1.15
e3	0.93	0.96
assume	0.93	2.31
iteration	0.93	1.27
idea	0.93	2.04
mags	0.93	0.99
scar-h	0.93	0.88
m416	0.94	0.95
metal	0.94	0.84
optimal	0.94	1.77
material	0.94	1.06
aswell	0.94	1.36
aug	0.94	0.90
skip	0.94	1.06
amazed	0.94	1.89
reveal	0.94	0.82
series	0.94	2.56
format	0.95	0.99
ar160	0.95	0.95
c	0.95	1.19
voice	0.95	1.18
veterans	0.96	1.78
m16	0.96	0.93
mk11	0.96	0.82
sv	0.96	0.82
atleast	0.96	1.06
additionally	0.96	1.05
favorite	0.96	2.47
colour	0.96	0.95
add	0.96	1.19
examples	0.96	1.11
teammate	0.97	1.23
carbine	0.97	0.97
knew	0.97	1.76
scar	0.97	0.83
buddies	0.97	1.21
mistakes	0.97	2.66
transition	0.97	1.18
although	0.97	2.06
park	0.97	0.94
physically	0.97	1.06
4k	0.98	1.06
crossed	0.98	1.09
laughing	0.98	1.59
certainly	0.99	1.81
cqc	0.99	0.84
highly	0.99	1.21
m39	1.00	1.09
unlike	1.00	1.38
expected	1.00	1.26
voices	1.00	1.13
upvote	1.00	1.49
x	1.00	1.14
manslave	1.01	1.97
fresh	1.01	1.06
hearing	1.01	1.20
lets	1.02	1.67
referring	1.02	2.55
story	1.02	1.30
viable	1.03	1.89
category	1.03	2.50
feels	1.03	1.16
surely	1.04	1.21
editor	1.04	1.00
xbox	1.04	1.14
ps	1.04	1.15
noise	1.05	1.34
would	1.05	2.06
possible	1.06	1.61
dart	1.06	1.18
action	1.06	0.90
cut	1.06	1.15
remember	1.06	2.12
confirm	1.06	1.22
clues	1.06	1.06
famous	1.06	0.90
shout	1.06	1.05
sense	1.06	1.90
aware	1.07	2.36
hints	1.07	1.04
emblem	1.07	0.83
mother	1.07	1.22
pic	1.08	1.10
continues	1.08	1.89
remotely	1.08	1.19
somewhat	1.08	1.27
m9	1.08	0.96
min	1.09	1.10
suited	1.09	2.15
equally	1.09	1.20
seemed	1.09	1.25
versatile	1.09	2.10
sorry	1.10	2.90
offer	1.10	0.98
interested	1.10	2.33
guide	1.10	1.15
pointing	1.10	2.52
his	1.11	1.08
burning	1.11	1.97
squadmate	1.11	1.21
providing	1.11	1.05
shared	1.11	1.00
ffs	1.11	1.03
necessary	1.11	1.80
idk	1.12	1.94
go-to	1.12	2.04
didnt	1.12	1.83
favourite	1.12	2.52
quiet	1.13	1.32
models	1.13	0.94
famas	1.13	0.97
m60	1.13	0.88
excited	1.14	2.02
dream	1.14	1.10
squadmates	1.14	1.20
apparently	1.14	1.86
extended	1.14	0.99
pics	1.14	1.06
spaces	1.14	0.96
mates	1.15	1.20
swing	1.15	0.87
reminded	1.16	1.15
fun	1.16	1.53
struggle	1.16	1.65
replaced	1.16	1.03
loud	1.16	1.36
yay	1.16	0.92
though	1.16	2.14
efforts	1.16	1.06
32	1.16	0.98
beauty	1.17	1.58
imgur	1.17	1.10
look	1.18	1.50
describe	1.18	1.88
opening	1.18	1.06
48	1.18	0.99
reply	1.18	1.80
exciting	1.19	1.43
really	1.19	2.00
overly	1.19	1.19
sequence	1.20	1.08
b	1.21	1.19
stupidly	1.21	1.15
cuz	1.21	1.39
assuming	1.21	2.50
sony	1.21	1.12
submit	1.21	0.97
tools	1.21	0.92
satisfied	1.22	2.13
pulls	1.22	1.07
battles	1.22	1.10
response	1.22	1.39
patient	1.23	1.23
corrected	1.23	2.59
enter	1.23	0.95
denial	1.23	2.32
hence	1.23	2.22
listen	1.23	1.28
detail	1.23	0.88
word	1.24	2.55
sg553	1.24	1.03
screenshot	1.24	1.13
bucket	1.25	1.16
bloody	1.25	1.25
p.s	1.25	1.29
cutting	1.26	0.91
fastest	1.26	2.37
triple	1.26	1.05
volume	1.26	1.23
flat	1.27	0.91
rifle	1.27	1.14
extremely	1.28	1.21
honest	1.28	1.89
reviews	1.28	1.05
cough	1.29	0.92
images	1.29	1.04
youtubers	1.29	1.02
hell	1.30	1.61
rekt	1.30	1.27
m16a3	1.30	1.60
handy	1.30	1.28
guess	1.31	2.16
tbh	1.31	1.38
confident	1.31	2.05
pro	1.31	1.03
frags	1.31	0.95
quite	1.31	1.42
tracks	1.31	1.20
particularly	1.32	1.19
ar	1.32	1.30
sadly	1.32	1.75
grammar	1.33	2.60
peasants	1.33	1.15
hope	1.33	1.64
addition	1.33	0.94
twitch	1.34	1.03
shocked	1.34	2.07
hear	1.34	1.24
relative	1.34	2.08
worried	1.35	2.17
advance	1.35	1.15
spectator	1.35	1.13
clearing	1.35	1.12
entered	1.35	0.93
paint	1.35	0.93
phase	1.36	0.92
king	1.36	0.83
surprised	1.36	2.13
explains	1.36	1.64
nailed	1.37	1.21
whether	1.37	2.40
tutorial	1.37	1.22
speaking	1.37	2.02
fits	1.38	1.52
colors	1.38	1.00
tool	1.38	1.02
fraps	1.38	1.18
definitely	1.39	1.91
sound	1.39	1.25
bang	1.39	1.20
some	1.39	1.20
skin	1.40	1.00
wasnt	1.40	1.63
totally	1.40	1.54
abrams	1.40	1.16
insanely	1.40	1.11
ideas	1.40	1.11
lord	1.40	1.37
joking	1.41	1.93
tutorials	1.41	1.29
well	1.41	1.76
beats	1.42	1.58
wet	1.42	1.04
soooo	1.42	1.23
figured	1.42	2.01
gifs	1.43	1.26
footsteps	1.43	1.24
genius	1.43	1.35
ur	1.43	1.40
rated	1.43	1.71
v	1.44	1.13
whats	1.44	1.71
chill	1.44	1.41
review	1.44	1.10
mastered	1.45	1.56
cents	1.45	1.28
shadowplay	1.45	1.20
afraid	1.45	2.15
apologies	1.45	1.97
z	1.45	1.20
settle	1.46	1.54
anyway	1.46	2.00
feeling	1.46	1.23
explanation	1.46	1.32
unique	1.47	1.01
enjoying	1.47	1.70
sigh	1.47	1.14
spelling	1.47	2.38
most	1.47	1.88
f	1.48	1.23
raw	1.48	1.14
funny	1.49	2.05
render	1.49	1.20
too	1.49	1.46
jack	1.49	0.98
imo	1.49	1.77
very	1.49	1.20
audio	1.50	1.21
sks	1.50	0.96
solid	1.50	1.25
hahahaha	1.51	1.37
y	1.51	1.18
please	1.51	1.30
suppose	1.52	1.71
peace	1.52	0.81
memories	1.52	2.08
wan	1.52	1.58
dmr	1.53	1.16
youtuber	1.53	1.05
clarify	1.53	2.12
n	1.53	1.22
unica	1.53	0.94
trailer	1.54	0.98
t	1.54	1.24
return	1.54	2.31
brother	1.54	1.09
e	1.54	1.23
hello	1.55	0.98
reference	1.55	1.17
typo	1.55	2.40
w	1.55	1.19
strange	1.55	1.56
good	1.56	1.80
bay	1.56	1.08
fairly	1.56	1.12
incredibly	1.56	1.12
relax	1.56	1.24
hero	1.56	1.02
g	1.56	1.23
iirc	1.56	1.52
watching	1.56	1.33
pictures	1.57	1.08
loving	1.57	1.36
image	1.57	1.04
g36	1.57	0.88
soo	1.57	1.28
looked	1.57	1.27
kind	1.58	1.68
picture	1.58	1.08
l	1.58	1.22
channels	1.58	1.11
gtfo	1.59	1.29
brought	1.59	1.86
password	1.59	0.94
moment	1.59	1.53
convinced	1.59	1.92
suggestion	1.59	1.20
absolutely	1.60	1.50
apart	1.60	1.65
h	1.60	1.18
listening	1.60	1.22
feedback	1.60	1.11
liking	1.61	1.49
unlucky	1.61	1.85
mg	1.61	0.97
dammit	1.61	1.20
photoshop	1.61	1.07
bring	1.61	2.12
expecting	1.61	2.08
jealous	1.62	1.68
wut	1.62	1.10
glorious	1.63	0.99
seriously	1.63	1.55
um	1.63	1.42
numbers	1.63	2.15
ridiculously	1.63	1.15
tracer	1.64	1.97
explosions	1.64	1.25
stream	1.65	1.18
proud	1.65	1.84
sooo	1.65	1.30
ugly	1.66	1.37
r	1.66	1.24
background	1.66	1.07
gfycat	1.67	1.16
episode	1.67	1.27
input	1.68	1.14
ol	1.68	1.19
entertaining	1.69	1.73
aw	1.69	1.31
o	1.70	1.25
unfortunately	1.70	1.65
impressed	1.71	1.73
source	1.72	1.90
helps	1.74	0.98
g3a3	1.74	2.37
dear	1.74	1.29
satisfying	1.75	1.62
lvlcap	1.75	1.08
hmmm	1.75	1.30
jackfrags	1.75	1.06
dem	1.75	1.23
gods	1.75	1.08
scene	1.76	1.02
nevermind	1.76	1.56
cake	1.76	1.61
reminds	1.77	1.62
super	1.77	1.16
def	1.77	1.08
mr	1.77	1.16
edited	1.77	1.44
theme	1.77	1.21
thought	1.78	1.81
badass	1.78	1.46
worked	1.78	1.40
ending	1.78	1.20
its	1.78	1.60
original	1.79	1.79
ups	1.79	1.24
record	1.80	1.19
xfactor	1.80	1.10
praise	1.80	1.19
uploaded	1.80	1.18
levelcap	1.81	1.17
ahead	1.81	2.02
plz	1.81	0.98
aww	1.82	1.47
helped	1.83	0.99
yt	1.83	1.17
recording	1.83	1.21
omg	1.84	1.37
yo	1.84	1.33
k	1.85	1.00
heh	1.85	1.26
fuckin	1.85	1.41
photo	1.85	0.85
son	1.86	1.21
danny	1.86	1.28
sarcasm	1.86	1.72
watch	1.87	1.16
fan	1.87	1.55
whoa	1.88	1.29
rofl	1.88	1.24
d	1.88	1.62
eh	1.88	1.38
umm	1.90	1.24
u	1.90	1.34
consideration	1.90	1.05
miss	1.90	2.36
recorded	1.90	1.22
channel	1.91	1.16
must	1.92	1.51
gif	1.92	1.19
youtube	1.93	1.16
hoping	1.94	1.85
hah	1.96	1.43
nostalgia	1.96	1.88
moments	1.97	1.49
surprisingly	1.97	1.06
kinda	1.98	1.34
2nd	1.98	1.65
laughed	1.98	1.38
guessing	1.98	2.00
vegas	1.98	1.15
screenshots	1.99	1.13
watched	1.99	1.30
worlds	2.01	1.49
calm	2.01	1.22
sick	2.01	1.56
vids	2.02	1.20
anyways	2.03	1.69
intense	2.03	1.59
jesus	2.04	1.36
videos	2.05	1.20
ta	2.05	1.43
upload	2.05	1.18
yah	2.06	1.28
answer	2.06	1.70
fellow	2.07	1.12
lmao	2.08	1.45
wtf	2.08	1.45
correction	2.08	1.41
pretty	2.09	1.32
refreshing	2.11	1.08
clip	2.11	1.18
g3	2.11	2.06
damnit	2.11	1.32
laugh	2.12	1.41
gg	2.12	1.26
ill	2.13	1.39
trailers	2.14	1.16
recker	2.14	1.22
personally	2.14	1.64
beast	2.15	1.47
gift	2.15	1.76
da	2.15	1.25
prefer	2.16	1.57
detailed	2.17	1.05
advice	2.17	1.14
boss	2.18	0.91
truly	2.19	1.31
info	2.19	1.20
guys	2.19	1.36
m8	2.19	1.32
nicely	2.22	1.34
video	2.24	1.19
commentary	2.25	1.08
amen	2.26	1.20
clarification	2.27	1.49
appreciated	2.27	1.02
informative	2.28	1.05
scary	2.28	1.45
hook	2.31	1.00
yea	2.32	1.43
yes	2.32	1.72
sounds	2.32	1.25
tips	2.32	0.97
bet	2.34	1.67
wat	2.35	1.26
art	2.36	1.01
movie	2.38	1.13
congrats	2.38	1.20
pls	2.39	1.02
movies	2.41	1.09
nah	2.43	1.37
ahhh	2.44	1.27
footage	2.44	1.17
visually	2.44	1.19
garand	2.46	2.10
nope	2.46	1.42
luck	2.46	1.31
dat	2.47	1.21
thats	2.48	1.46
huh	2.48	1.36
hmm	2.50	1.31
hahaha	2.50	1.38
gotcha	2.51	1.43
kidding	2.51	1.33
neat	2.51	1.30
great	2.52	1.19
woah	2.52	1.21
uh	2.53	1.22
wish	2.56	1.52
hehe	2.57	1.26
interesting	2.57	1.26
an-94	2.58	1.93
til	2.58	1.50
bud	2.59	1.23
lol	2.59	1.36
indeed	2.59	1.34
share	2.61	1.32
wonderful	2.62	0.80
p	2.63	1.33
m1	2.63	1.94
hi	2.64	1.17
buddy	2.65	1.27
ya	2.68	1.34
worries	2.68	1.30
ah	2.68	1.36
impressive	2.69	1.22
ahh	2.69	1.33
christmas	2.72	1.30
oh	2.72	1.33
epic	2.73	1.16
tip	2.73	1.12
ok	2.74	1.32
yep	2.76	1.34
helpful	2.76	1.10
holy	2.77	1.24
okay	2.80	1.30
xd	2.81	1.30
10/10	2.83	1.28
nonetheless	2.83	1.15
vid	2.84	1.25
god	2.85	1.13
yup	2.86	1.25
bro	2.86	1.27
welcome	2.87	1.05
sir	2.88	1.25
shame	2.90	1.07
montages	2.90	1.21
brilliant	2.97	0.88
amazingly	2.97	0.72
clips	2.97	1.24
job	2.98	1.18
alright	2.99	1.16
sexy	3.01	1.05
thanks	3.07	1.17
glad	3.09	1.25
appreciate	3.10	0.72
hey	3.11	1.20
thank	3.13	1.17
wow	3.14	1.25
yeah	3.15	1.29
cheers	3.17	1.13
mate	3.17	1.16
montage	3.19	1.02
thx	3.20	1.12
haha	3.21	1.26
props	3.24	0.68
cool	3.24	0.99
sharing	3.26	1.01
editing	3.26	1.00
song	3.27	1.05
cinematic	3.29	1.10
looks	3.30	1.05
beautiful	3.31	0.73
lovely	3.31	0.61
tho	3.32	1.18
btw	3.32	1.20
ha	3.32	1.15
music	3.33	1.11
damn	3.34	1.10
sweet	3.34	1.10
dude	3.37	1.14
intro	3.40	1.03
agreed	3.40	0.99
man	3.42	1.12
