root	-5.60	2.12
rooted	-5.32	2.21
hating	-5.06	2.07
rooting	-4.94	2.19
officiating	-4.71	3.22
rival	-4.69	2.60
calling	-4.60	3.14
except	-4.56	2.44
playcalling	-4.56	3.26
unlike	-4.37	2.15
questionable	-4.20	3.22
sloppy	-4.19	3.09
cheer	-4.18	2.53
enemy	-4.13	2.30
rivals	-4.05	2.61
carr	-4.02	3.01
obama	-3.97	2.14
garbage	-3.90	3.01
incompetent	-3.88	3.08
suffer	-3.84	2.99
poor	-3.74	3.19
bad	-3.73	2.62
decisions	-3.71	3.00
painful	-3.71	2.69
bert	-3.64	2.69
crappy	-3.61	2.98
nightmare	-3.61	2.61
kirk	-3.55	3.11
dumbass	-3.55	2.93
mutual	-3.53	2.53
beavers	-3.50	1.63
rivalry	-3.49	2.48
calls	-3.47	2.68
inconsistent	-3.44	3.04
idiotic	-3.43	2.99
bruins	-3.43	1.61
stupid	-3.42	2.97
lit	-3.41	2.17
besides	-3.41	2.36
fault	-3.38	2.75
disrespect	-3.36	2.22
retarded	-3.34	3.04
sides	-3.29	2.10
desmond	-3.28	3.18
picked	-3.20	3.08
judgement	-3.18	2.49
management	-3.17	2.42
go	-3.13	1.69
itt	-3.11	2.74
penalties	-3.10	2.60
respected	-3.10	2.43
execution	-3.09	2.55
tl	-3.08	2.71
hatred	-3.05	2.69
refs	-3.02	2.49
dawg	-3.01	2.96
optimism	-3.01	2.78
hitler	-3.00	2.80
abysmal	-2.98	3.01
interference	-2.98	2.52
bs	-2.97	2.50
pi	-2.97	2.52
dirty	-2.96	2.22
sucks	-2.96	2.86
haters	-2.91	2.98
anger	-2.90	2.70
cheering	-2.89	1.64
conditions	-2.87	2.75
holding	-2.86	2.45
atrocious	-2.82	3.20
frustration	-2.81	2.68
unfortunate	-2.81	2.76
dumb	-2.80	2.77
known	-2.80	2.50
officials	-2.79	2.18
personal	-2.78	1.99
opposite	-2.78	3.05
laughable	-2.75	2.87
passion	-2.73	2.59
suspect	-2.73	3.01
huskies	-2.73	1.42
moron	-2.69	2.09
called	-2.68	2.37
call	-2.67	2.36
flag	-2.66	2.37
roughing	-2.66	2.36
foul	-2.65	2.30
sees	-2.64	3.53
offsides	-2.64	2.31
pathetic	-2.64	3.16
blatant	-2.64	2.34
penalty	-2.64	2.36
blind	-2.63	1.56
administration	-2.62	1.67
referred	-2.62	2.70
unsportsmanlike	-2.58	2.33
flagged	-2.57	2.28
pisses	-2.56	3.01
review	-2.56	2.18
ignorant	-2.56	2.32
bobo	-2.55	2.12
crew	-2.54	1.63
reviewed	-2.53	2.17
announcers	-2.53	2.65
duh	-2.53	2.71
yearly	-2.52	1.77
shady	-2.51	1.84
shaky	-2.50	3.18
overturned	-2.50	2.20
improved	-2.49	3.22
heupel	-2.48	2.05
ref	-2.47	2.17
adjustments	-2.46	2.23
facemask	-2.45	2.24
obvious	-2.45	2.23
unnecessary	-2.45	2.25
hurts	-2.44	2.71
cross	-2.44	1.58
annual	-2.44	1.77
territory	-2.44	1.23
targeting	-2.42	2.25
intentional	-2.41	2.18
crush	-2.41	1.17
in-state	-2.40	1.81
permanent	-2.39	2.17
miserable	-2.38	3.11
destroy	-2.37	1.27
looked	-2.37	2.61
talked	-2.37	2.55
penalized	-2.37	2.14
flags	-2.36	2.26
sucked	-2.36	2.46
worthless	-2.34	2.44
rivalries	-2.34	1.69
conservative	-2.32	2.41
tackling	-2.31	2.41
ejected	-2.27	2.13
dave	-2.25	1.64
shame	-2.24	3.21
brandon	-2.22	1.44
dislike	-2.19	2.84
mediocre	-2.19	3.01
embarrassing	-2.17	2.92
regional	-2.16	1.46
smile	-2.14	3.63
screw	-2.14	2.66
development	-2.14	2.09
me	-2.14	4.02
basis	-2.13	1.30
delay	-2.13	2.13
pain	-2.11	1.61
frustrating	-2.11	2.83
choices	-2.11	2.12
idiots	-2.10	2.00
fandom	-2.10	1.39
overturn	-2.09	1.90
border	-2.09	1.49
established	-2.08	1.11
canes	-2.07	1.42
supporting	-2.07	1.80
fan	-2.06	1.35
oc	-2.04	2.25
rep	-2.04	1.27
pains	-2.04	1.54
announcing	-2.03	1.60
offensively	-2.02	2.09
noles	-2.01	1.43
herbstreit	-1.99	3.87
classless	-1.99	2.30
idiot	-1.99	2.07
bullshit	-1.98	2.46
whistle	-1.98	1.93
makes	-1.98	3.81
struggles	-1.97	2.62
disappointing	-1.97	2.83
replay	-1.96	1.84
easiest	-1.96	3.94
discipline	-1.96	1.72
critical	-1.95	2.10
struggled	-1.95	2.33
display	-1.93	2.01
disgusting	-1.92	3.06
plays	-1.91	1.87
sincerely	-1.91	3.01
sucking	-1.91	1.40
mistakes	-1.91	2.62
conduct	-1.91	1.89
story	-1.90	3.52
bandwagon	-1.89	1.22
decision	-1.89	2.27
personnel	-1.88	2.01
world	-1.87	4.30
mask	-1.86	1.94
palmer	-1.85	2.10
asshole	-1.83	2.03
feelings	-1.83	1.69
racist	-1.82	2.02
illegal	-1.81	1.85
otherwise	-1.80	4.03
utes	-1.80	1.22
competent	-1.80	3.25
whole	-1.78	3.47
offensive	-1.78	2.35
embrace	-1.77	2.79
historic	-1.76	1.82
historical	-1.76	1.46
mater	-1.75	1.70
booth	-1.75	1.34
sadly	-1.75	4.03
useless	-1.75	2.07
incomplete	-1.74	1.91
musburger	-1.73	2.10
joy	-1.72	1.98
embarrassment	-1.72	1.57
planet	-1.72	3.75
earth	-1.70	3.72
kinda	-1.70	3.87
burning	-1.69	1.06
bull	-1.69	1.96
douche	-1.69	1.92
division	-1.69	2.49
seen	-1.68	3.66
schemes	-1.67	1.96
richrod	-1.67	0.99
wildcats	-1.67	1.24
ferentz	-1.67	1.05
differently	-1.67	3.67
alma	-1.66	1.66
pointless	-1.65	2.29
gators	-1.65	1.28
chop	-1.65	1.07
feels	-1.65	3.89
laugh	-1.65	3.81
dumbest	-1.64	3.95
devils	-1.64	1.16
ive	-1.64	3.53
ruled	-1.63	1.80
announcer	-1.63	1.76
coaching	-1.62	2.07
slow	-1.62	1.98
wolverines	-1.62	1.20
fool	-1.62	1.83
rage	-1.62	1.93
attend	-1.62	0.97
rod	-1.61	0.99
ducks	-1.61	1.21
commentator	-1.60	1.84
mess	-1.60	1.64
matchups	-1.60	2.40
towards	-1.60	1.51
hack	-1.60	1.56
life	-1.60	3.95
cringe	-1.59	3.55
emotions	-1.57	1.89
true	-1.57	3.86
laughed	-1.57	3.60
trojans	-1.57	1.08
holtz	-1.57	2.23
thinks	-1.57	4.02
touching	-1.55	1.71
hits	-1.55	1.19
grantham	-1.54	1.14
awkward	-1.54	3.17
performance	-1.54	1.97
shooty	-1.54	1.42
cry	-1.54	4.12
stress	-1.53	1.52
performances	-1.53	2.07
crushing	-1.53	1.28
everybody	-1.52	3.91
lou	-1.52	2.17
lack	-1.52	1.70
assholes	-1.51	1.75
playbook	-1.51	1.87
america	-1.50	4.02
stepped	-1.50	1.45
blaming	-1.50	2.34
gg	-1.50	1.34
represent	-1.50	1.94
matchup	-1.49	1.99
between	-1.49	1.25
celebration	-1.49	1.79
exception	-1.48	1.32
ties	-1.48	1.29
crossed	-1.47	0.95
condition	-1.47	1.68
uncomfortable	-1.46	3.49
brent	-1.46	1.77
ironic	-1.46	3.16
nonsense	-1.45	1.60
arbitrary	-1.44	1.83
hoke	-1.44	1.09
timing	-1.44	2.14
opponent	-1.44	2.89
fowler	-1.44	2.05
rare	-1.43	2.96
dumpster	-1.43	1.21
tressel	-1.43	0.91
laughing	-1.43	4.00
situations	-1.42	1.62
divisions	-1.42	1.62
shitty	-1.42	2.83
dump	-1.42	1.72
played	-1.41	2.25
mental	-1.41	1.65
talks	-1.40	3.99
ups	-1.40	1.40
ruling	-1.39	1.59
defense	-1.39	2.18
pile	-1.39	1.65
says	-1.39	4.02
excitement	-1.38	1.91
voice	-1.37	1.51
toward	-1.37	1.54
dominate	-1.37	1.17
leadership	-1.37	1.32
rude	-1.36	1.93
relationship	-1.36	1.47
loyalty	-1.36	1.73
cocks	-1.36	1.13
silly	-1.36	2.84
cares	-1.36	4.08
fear	-1.36	2.08
huskers	-1.35	1.00
commentators	-1.35	1.37
entitled	-1.34	1.78
gophers	-1.34	1.06
virtually	-1.34	1.18
burned	-1.34	1.17
spartans	-1.34	1.13
uw	-1.34	0.94
concussions	-1.33	1.65
rich	-1.33	1.04
pure	-1.33	1.39
conspiracy	-1.33	1.57
acting	-1.33	1.85
struggle	-1.33	1.87
wsu	-1.33	0.95
bag	-1.33	1.67
emotion	-1.33	1.92
memories	-1.32	1.36
collar	-1.32	1.73
wazzu	-1.32	0.95
each	-1.32	2.05
bielema	-1.32	0.98
dawgs	-1.32	1.27
damage	-1.32	1.67
performed	-1.32	1.89
bears	-1.31	1.10
knights	-1.31	1.20
knows	-1.30	4.11
fighting	-1.30	1.08
everytime	-1.30	2.15
burn	-1.30	1.08
practically	-1.30	1.28
absolutely	-1.30	1.80
cougs	-1.30	1.17
forces	-1.29	1.38
frankly	-1.29	2.05
asu	-1.29	0.97
meaningless	-1.28	1.93
clutch	-1.28	3.17
suffered	-1.28	1.65
defeat	-1.28	1.18
combination	-1.28	1.96
panthers	-1.27	1.06
obnoxious	-1.27	1.77
lee	-1.27	1.66
blown	-1.27	1.97
bret	-1.27	0.99
odd	-1.26	3.10
petrino	-1.26	0.96
badgers	-1.26	1.00
brady	-1.26	0.93
strange	-1.25	3.19
act	-1.25	1.78
heat	-1.24	1.94
neutral	-1.24	1.71
believes	-1.24	3.94
improving	-1.24	2.08
howard	-1.24	1.87
dick	-1.24	1.58
implying	-1.24	3.87
admittedly	-1.24	1.85
woody	-1.24	0.93
injuries	-1.24	1.69
choose	-1.24	1.59
ucla	-1.23	0.98
clearly	-1.23	1.68
gamecocks	-1.23	1.04
shootout	-1.23	1.44
bulldogs	-1.22	1.10
shitting	-1.22	2.60
severe	-1.22	1.63
piss	-1.22	1.86
barely	-1.21	1.94
dicks	-1.21	1.57
actively	-1.21	1.72
cock	-1.21	1.34
chants	-1.20	1.15
gross	-1.20	2.17
plus	-1.20	1.20
likes	-1.20	3.92
degrees	-1.19	1.97
fought	-1.19	1.04
bridgewater	-1.19	1.10
concussion	-1.19	1.60
bunch	-1.19	1.68
causes	-1.19	1.69
weird	-1.19	3.22
verne	-1.19	1.68
liking	-1.18	3.13
dead	-1.18	1.67
acts	-1.18	1.76
partially	-1.18	1.71
existed	-1.18	1.55
express	-1.18	1.91
sarcastic	-1.17	3.90
delusional	-1.17	1.90
load	-1.17	1.64
boring	-1.17	2.27
developed	-1.16	0.97
wet	-1.16	1.95
brutal	-1.16	2.24
special	-1.16	3.13
interim	-1.16	1.94
improve	-1.16	1.86
sound	-1.16	1.65
insulting	-1.16	2.18
just	-1.15	4.16
surprising	-1.15	3.46
dangerous	-1.15	1.93
random	-1.15	1.98
contact	-1.15	1.78
unrelated	-1.15	1.76
emotional	-1.15	1.50
disappointment	-1.15	1.75
buckeyes	-1.14	0.96
behavior	-1.14	1.74
unranked	-1.14	2.18
boyd	-1.14	0.94
improvement	-1.14	1.68
commentary	-1.14	1.61
basically	-1.13	1.87
accuracy	-1.13	1.63
seminoles	-1.13	1.07
confirmed	-1.13	3.75
throws	-1.12	1.76
fortunately	-1.12	1.64
literally	-1.12	2.12
arrogant	-1.12	2.04
thrown	-1.12	1.36
horribly	-1.12	1.85
spoiled	-1.11	2.04
seahawks	-1.11	1.03
effects	-1.11	1.70
uo	-1.10	0.91
hogs	-1.10	1.43
tom	-1.10	0.96
tigers	-1.10	1.17
struggling	-1.10	2.44
pride	-1.10	1.85
desire	-1.10	1.65
bo	-1.09	0.88
teddy	-1.09	1.01
shove	-1.09	1.56
freedom	-1.09	1.11
corso	-1.09	2.18
skills	-1.08	1.79
chant	-1.08	1.23
president	-1.08	1.14
attitude	-1.08	1.41
brian	-1.08	1.03
listen	-1.08	1.30
finebaum	-1.08	1.36
excuses	-1.08	2.03
every	-1.08	2.86
winter	-1.07	1.95
tpd	-1.07	1.59
sooners	-1.07	1.03
buckeye	-1.07	1.45
booing	-1.07	1.51
injury	-1.07	1.63
almost	-1.06	1.92
political	-1.06	1.26
bedlam	-1.06	1.10
coordinators	-1.06	2.04
bizarre	-1.06	2.60
face	-1.06	1.78
wind	-1.06	1.96
filled	-1.06	1.48
keith	-1.06	1.01
cats	-1.06	1.12
circumstances	-1.05	1.74
decline	-1.05	1.57
cold	-1.05	1.99
cow	-1.05	1.54
lions	-1.05	1.00
packers	-1.05	1.03
brings	-1.05	1.53
clanga	-1.05	1.22
aside	-1.05	1.10
rain	-1.04	2.00
falcons	-1.04	1.03
zona	-1.04	0.94
washington	-1.04	0.94
making	-1.04	2.14
importance	-1.03	1.23
jackets	-1.03	1.18
vikings	-1.03	1.06
snow	-1.03	2.00
toilet	-1.03	1.39
braves	-1.03	1.04
fire	-1.03	1.31
liberal	-1.03	1.46
motivation	-1.03	1.16
singing	-1.03	1.19
radio	-1.03	1.22
touched	-1.02	1.47
coordinator	-1.02	2.08
cowboys	-1.02	1.02
marquee	-1.02	2.99
destroyed	-1.02	1.61
gator	-1.02	1.63
agreeing	-1.02	1.97
geaux	-1.02	1.18
false	-1.02	1.79
spite	-1.02	1.30
scrimmage	-1.02	1.32
actions	-1.02	1.68
caused	-1.01	1.67
bortles	-1.01	0.96
existence	-1.01	1.31
progress	-1.01	1.58
paul	-1.01	0.86
government	-1.01	1.15
imply	-1.01	4.42
piece	-1.01	1.71
competition	-1.01	2.29
frogs	-1.00	1.03
consistency	-1.00	1.44
hokies	-1.00	1.10
yell	-1.00	1.16
cocky	-0.99	2.09
replacement	-0.99	1.79
follows	-0.99	3.59
sark	-0.99	1.02
fight	-0.99	1.11
coincidence	-0.99	2.41
gives	-0.98	1.96
proving	-0.98	1.63
consequences	-0.97	1.65
screwed	-0.97	2.51
blocking	-0.97	1.67
attorney	-0.97	1.52
derek	-0.97	0.96
replaced	-0.96	1.31
eagles	-0.96	0.95
ad	-0.96	1.33
bot	-0.96	1.33
particular	-0.96	1.08
jumped	-0.96	1.47
usa	-0.96	2.40
broncos	-0.95	1.04
canada	-0.95	2.61
interest	-0.95	1.44
rams	-0.95	1.04
giants	-0.95	1.01
titans	-0.95	1.04
saints	-0.95	1.02
raiders	-0.95	1.08
browns	-0.95	1.10
49ers	-0.94	1.00
inexperienced	-0.94	2.51
lights	-0.94	1.15
team	-0.94	4.55
hit	-0.94	1.69
couch	-0.94	1.52
inferior	-0.94	1.85
retired	-0.94	0.83
institution	-0.93	1.10
sentiment	-0.93	1.31
against	-0.93	2.44
texans	-0.93	1.09
signal	-0.93	1.41
kill	-0.93	1.50
touch	-0.93	1.46
sporting	-0.93	1.35
weis	-0.92	1.12
replace	-0.92	1.17
slate	-0.92	3.34
proved	-0.92	1.39
crown	-0.92	1.53
beat	-0.92	1.55
single	-0.92	4.35
blame	-0.92	2.15
protection	-0.91	1.61
affected	-0.91	1.54
retire	-0.91	1.26
scheduling	-0.91	3.09
opponents	-0.91	3.12
goat	-0.91	1.38
cupcakes	-0.91	3.12
memory	-0.91	1.46
anthony	-0.91	1.07
speculation	-0.91	1.27
sing	-0.91	1.13
fans	-0.91	1.34
twist	-0.90	1.73
road	-0.90	3.15
institutions	-0.90	1.15
consistent	-0.90	2.21
lost	-0.90	1.57
causing	-0.90	1.63
drafted	-0.90	1.64
passer	-0.90	1.62
london	-0.90	1.28
ooc	-0.90	3.20
ass	-0.90	1.55
genius	-0.90	2.14
throat	-0.90	1.53
fallen	-0.89	1.50
faced	-0.89	2.87
side	-0.89	1.30
longhorns	-0.89	1.02
non-conference	-0.89	3.21
oregon	-0.89	1.01
sits	-0.89	1.63
vastly	-0.89	1.63
firing	-0.88	1.51
exposed	-0.88	1.60
toughest	-0.88	4.90
jets	-0.88	1.04
pruitt	-0.88	1.36
squad	-0.88	2.15
international	-0.88	2.60
angle	-0.88	1.33
responsibility	-0.88	1.42
confidence	-0.88	1.32
strike	-0.88	0.84
cupcake	-0.87	3.20
warm	-0.87	1.99
segment	-0.87	1.35
youth	-0.87	1.63
greatly	-0.87	1.50
department	-0.87	1.34
control	-0.87	1.40
schedule	-0.87	3.48
aggressive	-0.87	2.46
destroying	-0.87	1.41
horse	-0.87	1.57
lines	-0.87	1.33
rule	-0.87	1.53
fumble	-0.87	1.60
gay	-0.86	1.30
instant	-0.86	1.38
support	-0.86	1.23
hurt	-0.86	2.14
schedules	-0.86	3.46
shocking	-0.85	2.76
gut	-0.85	1.52
martin	-0.85	0.89
agree	-0.85	4.09
rest	-0.85	4.94
hardest	-0.85	4.84
camera	-0.85	1.25
despite	-0.84	1.47
weak	-0.84	2.52
shits	-0.84	1.21
beating	-0.83	1.57
depend	-0.83	1.59
mentality	-0.83	1.20
england	-0.83	2.38
showed	-0.83	1.32
narduzzi	-0.83	1.44
crushed	-0.82	1.56
vol	-0.82	2.37
cal	-0.82	0.96
minor	-0.82	2.04
geography	-0.82	1.40
block	-0.82	1.64
curse	-0.82	0.85
overrated	-0.81	2.33
stanford	-0.81	0.98
staff	-0.81	1.66
equivalent	-0.81	1.31
gamecock	-0.81	1.31
history	-0.81	4.58
morris	-0.81	1.35
scheduled	-0.81	3.12
according	-0.81	1.30
fired	-0.81	1.45
swoopes	-0.81	1.42
games	-0.80	2.74
shown	-0.80	1.33
usc	-0.80	0.94
official	-0.80	1.49
heartbreaking	-0.80	2.30
recovery	-0.80	1.56
confusing	-0.79	3.88
dominated	-0.79	1.49
soft	-0.79	2.44
universe	-0.79	1.50
screaming	-0.79	1.63
controversial	-0.79	1.98
offense	-0.79	1.70
pushed	-0.79	1.33
non	-0.79	2.90
ruin	-0.79	1.85
trophies	-0.78	1.16
tougher	-0.78	3.26
lawyer	-0.78	1.50
entire	-0.78	4.67
ultimately	-0.78	1.73
equally	-0.78	1.81
meanwhile	-0.78	1.81
jerk	-0.78	1.83
resulted	-0.78	1.56
intense	-0.78	1.93
mack	-0.78	0.91
beaten	-0.77	1.65
home	-0.77	2.86
issues	-0.77	1.46
bitching	-0.77	3.12
strongly	-0.77	1.72
frost	-0.77	1.50
jerry	-0.77	1.23
success	-0.77	1.56
stomped	-0.77	1.78
bush	-0.77	0.98
tenure	-0.76	1.40
brain	-0.76	1.72
scheme	-0.76	1.63
complete	-0.76	1.55
congrats	-0.76	1.36
mouth	-0.76	1.19
corner	-0.76	1.34
successful	-0.76	1.72
health	-0.76	1.43
killed	-0.76	1.39
leaders	-0.76	1.61
turnovers	-0.76	1.66
disaster	-0.76	1.87
wave	-0.75	1.15
p5	-0.75	3.08
assistants	-0.75	1.56
gary	-0.75	1.28
clap	-0.75	1.14
az	-0.75	0.85
right	-0.75	4.03
pissing	-0.75	1.84
muschamp	-0.75	1.39
unfair	-0.75	2.12
picks	-0.75	1.66
accident	-0.75	1.57
lynch	-0.75	0.90
waste	-0.75	1.40
ignorance	-0.75	1.58
result	-0.75	1.65
irish	-0.75	1.00
director	-0.74	1.20
punch	-0.74	1.45
fcs	-0.74	2.66
stock	-0.74	1.40
lazy	-0.74	2.21
robin	-0.74	2.40
typical	-0.74	1.53
realignment	-0.74	1.37
bills	-0.74	1.05
playing	-0.73	1.72
alot	-0.73	2.11
under	-0.73	1.45
problems	-0.73	1.62
sideline	-0.73	1.15
reads	-0.73	1.73
tough	-0.73	3.07
surgery	-0.73	1.44
recognized	-0.73	1.17
offenses	-0.73	1.67
foley	-0.73	1.06
natural	-0.73	1.15
hires	-0.72	1.65
chanting	-0.72	1.25
annoying	-0.72	2.33
sort	-0.72	2.09
consistently	-0.72	1.66
richt	-0.72	1.05
trade	-0.72	1.47
events	-0.72	1.42
exceptions	-0.72	1.51
chad	-0.72	1.20
wasnt	-0.72	2.13
hitting	-0.72	1.49
united	-0.72	2.96
regret	-0.71	3.45
country	-0.71	4.99
dobbs	-0.71	1.21
hired	-0.71	1.63
eyes	-0.71	1.57
ruined	-0.71	1.72
applies	-0.71	1.45
chair	-0.71	1.43
whereas	-0.71	1.64
formation	-0.70	1.52
utah	-0.70	0.97
legacy	-0.70	0.98
spartan	-0.70	1.31
coach	-0.70	1.69
voted	-0.70	1.65
holds	-0.70	1.61
fucks	-0.70	1.70
247	-0.70	0.98
seemed	-0.70	2.35
rip	-0.70	1.52
vols	-0.70	1.20
personality	-0.69	0.98
killing	-0.69	1.33
mcelwain	-0.69	1.21
whining	-0.69	2.43
arizona	-0.69	1.00
bold	-0.69	2.11
weakness	-0.69	2.09
chest	-0.69	1.40
weakest	-0.69	4.58
joking	-0.69	3.85
bowden	-0.69	0.84
heated	-0.68	1.48
faces	-0.68	1.88
jim	-0.68	1.03
petersen	-0.68	0.83
safety	-0.68	1.51
assistant	-0.68	1.63
weaker	-0.68	3.24
defenders	-0.68	1.56
kind	-0.68	2.50
powers	-0.68	0.97
tear	-0.68	1.41
organization	-0.68	1.24
series	-0.68	2.30
tackled	-0.68	1.43
parity	-0.67	1.87
growth	-0.67	1.40
hiring	-0.67	1.66
head	-0.67	1.55
ball	-0.67	1.50
moves	-0.67	1.53
cheating	-0.66	1.14
heart	-0.66	1.48
penis	-0.66	1.15
become	-0.66	1.58
scout	-0.66	1.01
integrity	-0.66	1.12
fanbase	-0.66	1.46
dealing	-0.66	1.59
pass	-0.66	1.51
outplayed	-0.65	1.78
hc	-0.65	1.64
colorado	-0.65	0.98
religious	-0.65	1.08
committing	-0.65	1.38
cases	-0.65	1.65
ankle	-0.65	1.45
nova	-0.65	1.16
snap	-0.65	1.50
mcneese	-0.65	1.98
zone	-0.64	1.30
site	-0.64	1.11
fashion	-0.64	1.91
violations	-0.64	1.41
cb	-0.64	1.50
underdog	-0.64	1.84
espn	-0.64	1.16
lesser	-0.64	1.95
coached	-0.64	1.29
direction	-0.64	1.48
mark	-0.63	0.94
jeff	-0.63	1.05
recruitment	-0.63	1.30
part	-0.63	4.38
o'brien	-0.63	0.87
fbs	-0.63	2.72
uab	-0.63	1.07
heard	-0.63	1.98
drama	-0.63	1.41
knee	-0.63	1.45
agreement	-0.63	1.15
funny	-0.63	3.45
oakland	-0.62	1.00
blake	-0.62	1.18
cbs	-0.62	1.20
moment	-0.62	2.29
conferences	-0.62	2.17
acl	-0.62	1.46
oline	-0.62	2.18
bounds	-0.62	1.47
blow	-0.62	1.47
hindsight	-0.61	1.88
riley	-0.61	1.27
bsu	-0.61	0.95
sites	-0.61	1.13
sorts	-0.61	2.00
blew	-0.61	1.56
lately	-0.61	1.89
dominating	-0.61	2.02
historically	-0.61	1.71
knocked	-0.61	1.76
backup	-0.61	1.60
rebuilding	-0.60	1.20
due	-0.60	1.34
ever	-0.60	4.38
sober	-0.60	2.09
standing	-0.60	1.29
reports	-0.60	1.56
die	-0.60	1.76
drops	-0.60	1.48
listening	-0.60	1.52
puts	-0.60	1.71
kelly	-0.60	1.04
advance	-0.60	2.17
snapped	-0.60	1.44
fat	-0.60	1.47
lacks	-0.60	1.39
superior	-0.60	1.86
uf	-0.60	1.02
fields	-0.60	1.16
pelini	-0.59	1.11
flawed	-0.59	1.81
breath	-0.59	2.73
fumbles	-0.59	1.58
tackles	-0.59	1.67
degree	-0.59	1.26
balance	-0.59	1.15
yelling	-0.59	1.32
direct	-0.59	1.23
stood	-0.59	1.55
innocent	-0.59	1.52
college	-0.59	4.84
athletic	-0.59	1.22
sounds	-0.59	2.26
fumbled	-0.59	1.49
punter	-0.59	1.91
freshmen	-0.59	1.67
huddle	-0.59	1.56
torn	-0.59	1.46
business	-0.59	1.34
outcome	-0.58	1.63
raid	-0.58	1.55
fastest	-0.58	4.73
christian	-0.58	1.09
one	-0.58	4.30
blitz	-0.58	1.59
hearts	-0.58	1.08
chizik	-0.58	1.22
california	-0.58	1.00
redshirt	-0.58	1.58
interceptions	-0.58	1.55
connection	-0.57	1.22
pressure	-0.57	1.44
portland	-0.57	0.87
mentions	-0.57	2.23
chris	-0.57	0.93
faith	-0.57	1.09
coin	-0.57	1.56
ran	-0.57	1.44
christ	-0.57	2.94
dreams	-0.57	1.30
situation	-0.57	2.06
awhile	-0.57	1.92
fucked	-0.57	2.45
harbaugh	-0.57	1.18
proves	-0.57	1.51
extreme	-0.57	1.43
charles	-0.57	0.98
run	-0.57	1.51
broadcast	-0.57	1.16
coaches	-0.56	1.42
religion	-0.56	1.06
gig	-0.56	1.20
remaining	-0.56	2.93
shock	-0.56	2.22
nor	-0.56	2.00
option	-0.56	1.53
implications	-0.56	1.22
collapse	-0.56	1.59
midwest	-0.56	1.46
paterno	-0.56	1.02
citadel	-0.56	1.88
triple	-0.56	1.53
tore	-0.56	1.43
rocky	-0.56	1.23
truck	-0.56	1.59
throughout	-0.56	2.26
upcoming	-0.56	2.69
drawing	-0.56	1.60
hurry	-0.56	1.55
dirt	-0.56	1.53
wildcat	-0.56	1.47
jumping	-0.55	1.43
losers	-0.55	1.41
responsible	-0.55	2.14
swc	-0.55	1.33
thin	-0.55	2.38
biggest	-0.55	4.41
ray	-0.55	1.02
promising	-0.55	1.99
bastards	-0.55	1.29
base	-0.55	1.64
teams	-0.55	2.86
prestigious	-0.55	1.28
majors	-0.55	1.45
justified	-0.55	1.50
forth	-0.55	1.19
cowbell	-0.55	1.18
amount	-0.54	1.15
matches	-0.54	2.28
crack	-0.54	1.69
sometimes	-0.54	2.49
production	-0.54	1.64
ears	-0.54	1.31
timeout	-0.54	1.99
lies	-0.54	1.07
husker	-0.54	1.13
lamar	-0.54	2.24
passed	-0.54	1.22
loss	-0.54	2.26
loud	-0.54	1.44
cowbells	-0.54	1.29
cancer	-0.54	1.34
dying	-0.54	1.61
helm	-0.54	1.34
lawrence	-0.54	0.81
crap	-0.53	1.99
news	-0.53	1.47
shotgun	-0.53	1.47
stand	-0.53	2.24
corners	-0.53	1.72
nail	-0.53	1.67
cu	-0.53	0.92
meyer	-0.53	0.97
lacking	-0.53	2.20
boost	-0.53	1.44
school	-0.53	1.87
key	-0.53	1.76
ugly	-0.53	2.91
59-0	-0.52	1.63
changed	-0.52	1.75
motion	-0.52	1.41
halliday	-0.52	1.06
d3	-0.52	2.28
o-line	-0.52	2.21
nose	-0.52	1.31
investigation	-0.52	1.37
university	-0.52	1.21
cared	-0.52	2.19
walk-on	-0.52	1.57
coverage	-0.52	1.49
mullen	-0.52	0.96
murder	-0.52	1.20
driskel	-0.52	1.23
maintain	-0.52	1.25
handled	-0.52	1.51
hear	-0.52	1.51
hand	-0.52	1.40
strikes	-0.52	1.02
stands	-0.52	1.33
flat	-0.52	1.60
rough	-0.52	2.30
recent	-0.52	2.05
senior	-0.52	1.55
seniors	-0.52	1.61
increase	-0.51	1.75
dooley	-0.51	1.09
recovered	-0.51	1.51
arguably	-0.51	4.81
nd	-0.51	1.06
reported	-0.51	1.49
eye	-0.51	1.19
scandal	-0.51	1.37
peace	-0.51	1.44
being	-0.51	1.84
strongest	-0.51	4.58
schools	-0.51	1.80
shoulder	-0.51	1.36
movement	-0.51	1.37
treatment	-0.51	1.44
downfield	-0.51	1.49
defender	-0.51	1.61
defenses	-0.51	1.82
vision	-0.51	1.47
became	-0.50	1.46
bone	-0.50	1.43
approach	-0.50	1.42
b/c	-0.50	1.63
dame	-0.50	1.04
ourselves	-0.50	1.88
depressing	-0.50	2.97
yelled	-0.50	1.43
notre	-0.50	1.05
jokes	-0.50	1.96
unlikely	-0.50	2.33
beats	-0.50	1.46
knees	-0.50	1.40
main	-0.50	1.43
hospital	-0.50	1.30
everyone	-0.50	2.55
blocks	-0.50	1.50
creative	-0.50	2.20
little	-0.50	2.48
upgrade	-0.50	1.74
draw	-0.50	1.49
vote	-0.50	1.29
david	-0.50	0.91
resume	-0.50	2.34
yale	-0.50	1.10
feed	-0.50	1.22
circle	-0.50	1.55
hoops	-0.50	1.87
catholic	-0.50	1.08
retires	-0.50	1.04
bomb	-0.50	1.49
cheers	-0.49	1.12
play	-0.49	1.87
nebraska	-0.49	1.03
greg	-0.49	1.27
rumors	-0.49	1.30
reminder	-0.49	1.03
landed	-0.49	1.26
state	-0.49	1.06
95	-0.49	1.17
soccer	-0.49	2.57
hunh	-0.49	1.54
increased	-0.49	1.72
minnesota	-0.49	1.02
path	-0.49	1.35
routes	-0.49	1.50
mighty	-0.49	0.83
reputation	-0.49	1.10
ohio	-0.49	1.05
turf	-0.49	1.26
policy	-0.49	1.34
stronger	-0.49	3.07
robbed	-0.49	2.31
violation	-0.49	1.38
seemingly	-0.49	1.58
resumes	-0.49	2.18
interception	-0.49	1.47
reverse	-0.48	1.29
jet	-0.48	1.41
lebron	-0.48	1.13
pinkel	-0.48	0.90
prestige	-0.48	1.20
tune	-0.48	1.08
pace	-0.48	1.46
freeze	-0.48	0.95
dabo	-0.48	0.98
3-4	-0.48	1.54
neck	-0.48	1.34
runs	-0.48	1.47
wisconsin	-0.48	1.02
moral	-0.48	1.22
conference	-0.48	2.38
urban	-0.48	0.95
sounded	-0.48	1.89
worley	-0.48	1.30
ground	-0.48	1.44
instance	-0.48	1.56
endzone	-0.48	1.31
shows	-0.48	1.16
craig	-0.48	1.04
journalism	-0.47	1.27
broken	-0.47	1.43
threw	-0.47	1.43
florida	-0.47	1.03
mauk	-0.47	1.24
bite	-0.47	1.58
completed	-0.47	1.40
losing	-0.47	1.77
shift	-0.47	1.30
athletics	-0.47	1.32
bob	-0.47	0.95
hands	-0.47	1.35
meth	-0.47	1.11
victories	-0.47	1.55
coastal	-0.47	1.44
secondary	-0.47	2.22
adjust	-0.47	1.53
lacrosse	-0.47	2.16
nevada	-0.47	1.06
academics	-0.47	1.14
hurting	-0.47	1.89
murray	-0.47	0.96
none	-0.47	1.53
slap	-0.47	1.43
suck	-0.47	1.67
stoudt	-0.46	1.20
human	-0.46	1.66
major	-0.46	1.89
oddly	-0.46	2.44
adams	-0.46	0.87
volleyball	-0.46	2.22
balls	-0.46	1.40
nearly	-0.46	1.50
program	-0.46	1.77
punting	-0.46	1.72
air	-0.46	1.27
gt	-0.46	1.36
amongst	-0.46	1.16
public	-0.46	1.17
finger	-0.46	1.33
football	-0.46	3.45
dan	-0.46	0.93
court	-0.46	1.36
leg	-0.46	1.39
scott	-0.46	1.18
spread	-0.46	1.54
feel	-0.46	3.13
effective	-0.45	1.93
ivy	-0.45	1.60
who	-0.45	2.41
passes	-0.45	1.44
swap	-0.45	1.34
report	-0.45	1.58
occasional	-0.45	1.37
association	-0.45	1.80
sophomore	-0.45	1.49
dantonio	-0.45	0.98
affect	-0.45	1.46
screens	-0.45	1.46
cameras	-0.45	1.15
neither	-0.45	2.30
perceived	-0.45	1.75
justin	-0.45	0.96
opener	-0.45	2.39
bit	-0.45	2.49
reporting	-0.45	1.42
unit	-0.45	2.33
programs	-0.45	2.03
bobby	-0.44	0.83
mora	-0.44	0.90
defensive	-0.44	2.15
warning	-0.44	1.38
southeast	-0.44	2.57
anderson	-0.44	1.03
foot	-0.44	1.37
spirit	-0.44	1.57
universities	-0.44	1.37
int	-0.44	1.47
atlantic	-0.44	1.64
treon	-0.44	1.24
sims	-0.44	1.41
miami	-0.44	1.06
risk	-0.44	1.51
kickers	-0.43	1.62
carroll	-0.43	0.91
raw	-0.43	1.28
wv	-0.43	1.04
regularly	-0.43	1.44
inside	-0.43	1.39
linemen	-0.43	1.91
dropped	-0.43	1.42
uc	-0.43	1.01
jennings	-0.43	1.24
scramble	-0.43	1.62
steve	-0.43	1.04
thankfully	-0.42	1.45
its	-0.42	2.39
pitch	-0.42	1.40
franklin	-0.42	1.03
cleveland	-0.42	1.14
drill	-0.42	1.56
dakota	-0.42	1.55
hundley	-0.42	1.08
jff	-0.42	0.90
benched	-0.42	1.42
albeit	-0.42	1.85
wins	-0.42	2.01
cup	-0.42	1.79
todd	-0.42	1.04
performing	-0.42	1.66
similarly	-0.42	1.74
arrived	-0.42	1.07
nw	-0.42	1.06
tool	-0.42	1.54
shared	-0.42	1.28
pulling	-0.42	2.71
decades	-0.42	1.50
rumor	-0.42	1.27
strength	-0.42	1.73
throw	-0.42	1.47
attack	-0.42	1.53
trash	-0.42	1.59
east	-0.42	1.80
michigan	-0.42	1.08
jimbo	-0.42	0.96
style	-0.42	1.36
criminal	-0.42	1.39
sparty	-0.42	1.08
safeties	-0.42	1.69
states	-0.42	2.76
hawaii	-0.42	1.07
cole	-0.41	1.20
drake	-0.41	1.13
body	-0.41	2.13
wrestling	-0.41	2.23
osborne	-0.41	0.81
allegations	-0.41	1.34
presence	-0.41	1.27
effect	-0.41	1.52
tradition	-0.41	1.52
cj	-0.41	1.02
sweep	-0.41	1.42
dl	-0.41	1.99
riot	-0.41	1.17
stoops	-0.41	0.98
nobody	-0.41	2.71
private	-0.41	1.28
throwing	-0.41	1.49
tackle	-0.41	1.55
watson	-0.41	1.28
nu	-0.41	1.06
montana	-0.41	1.23
both	-0.41	1.45
source	-0.41	1.57
helps	-0.41	1.73
fade	-0.40	1.41
butch	-0.40	0.99
fulmer	-0.40	1.13
force	-0.40	1.39
character	-0.40	1.19
shaw	-0.40	0.94
replays	-0.40	1.15
ability	-0.40	1.19
self	-0.40	1.71
mlb	-0.40	2.62
fsu	-0.40	1.35
wasted	-0.40	1.67
rolled	-0.40	1.54
rid	-0.40	1.74
contest	-0.40	1.02
thus	-0.39	1.62
linebacker	-0.39	1.70
leagues	-0.39	2.65
treadwell	-0.39	1.37
severely	-0.39	1.61
someone	-0.39	2.34
engineering	-0.39	1.32
boo	-0.39	1.31
serious	-0.39	1.63
wash	-0.39	1.20
fran	-0.39	0.96
perennial	-0.39	1.73
baseball	-0.39	2.68
west	-0.39	1.77
ix	-0.39	1.37
felt	-0.39	2.75
funding	-0.39	1.15
media	-0.39	1.57
ward	-0.39	1.08
dive	-0.39	1.41
horns	-0.39	1.12
regard	-0.39	1.50
boards	-0.39	1.21
listed	-0.39	1.10
deshaun	-0.39	1.17
abuse	-0.39	1.28
csu	-0.39	1.03
gardner	-0.39	1.20
extent	-0.39	1.37
hopes	-0.39	1.39
irrelevant	-0.39	2.03
pr	-0.39	1.38
match	-0.39	1.30
basketball	-0.39	2.61
fresno	-0.39	1.07
predictions	-0.39	2.24
era	-0.39	1.20
sooner	-0.39	1.18
rally	-0.38	1.04
medical	-0.38	1.25
freshman	-0.38	1.53
rush	-0.38	1.60
angles	-0.38	1.17
jeremy	-0.38	1.04
laying	-0.38	1.49
malzahn	-0.38	0.96
fisher	-0.38	0.92
colleges	-0.38	1.97
boosters	-0.38	1.08
fund	-0.38	1.12
princeton	-0.38	1.19
skip	-0.38	1.26
has	-0.38	1.97
song	-0.38	1.11
narrative	-0.38	1.62
tennessee	-0.38	0.99
dry	-0.38	1.46
flow	-0.38	1.55
headset	-0.38	1.13
circlejerk	-0.38	1.91
line	-0.38	1.99
mich	-0.38	1.14
webb	-0.38	1.00
oklahoma	-0.38	1.04
groups	-0.38	1.36
track	-0.38	2.03
malik	-0.37	0.95
handed	-0.37	1.59
skill	-0.37	1.56
relative	-0.37	1.36
manziel	-0.37	0.89
celebrating	-0.37	1.69
financial	-0.37	1.15
matthews	-0.37	0.89
spurrier	-0.37	0.93
publicly	-0.37	1.50
msu	-0.37	1.16
incoming	-0.37	1.44
ineligible	-0.37	1.53
punish	-0.37	1.55
backwards	-0.37	1.43
spit	-0.37	1.41
professional	-0.37	2.57
mike	-0.37	1.27
everything	-0.37	2.56
whenever	-0.37	2.38
section	-0.37	1.14
church	-0.37	1.10
boise	-0.37	1.10
watkins	-0.37	1.06
belief	-0.37	1.58
golden	-0.37	0.81
social	-0.37	1.24
norm	-0.37	1.67
holes	-0.37	1.40
research	-0.36	1.16
sacked	-0.36	1.44
occurred	-0.36	1.50
sandusky	-0.36	1.32
ve	-0.36	2.38
lb	-0.36	1.69
ints	-0.36	1.47
note	-0.36	2.10
sdsu	-0.36	1.09
beamer	-0.36	0.95
carried	-0.36	1.25
joey	-0.36	1.12
league	-0.36	3.06
rugby	-0.36	2.29
aspect	-0.36	1.37
jumps	-0.36	1.44
stave	-0.36	1.26
hockey	-0.36	2.38
independent	-0.36	1.65
pick	-0.36	1.98
wood	-0.36	1.19
pete	-0.36	0.87
pro	-0.36	2.78
impact	-0.36	1.49
bubble	-0.36	1.41
sexual	-0.36	1.33
harvard	-0.36	1.25
departments	-0.36	1.32
mcevoy	-0.35	1.26
union	-0.35	1.23
powerful	-0.35	1.29
texsa	-0.35	0.95
wisky	-0.35	1.17
carolina	-0.35	1.11
backed	-0.35	1.34
mccarron	-0.35	0.96
knock	-0.35	1.84
punts	-0.35	1.55
game	-0.35	2.48
wyoming	-0.35	1.11
golson	-0.35	1.24
db	-0.35	1.58
junior	-0.35	1.45
holder	-0.35	1.49
sorta	-0.35	2.24
than	-0.35	1.87
longhorn	-0.35	1.22
deep	-0.34	1.41
quality	-0.34	2.11
mason	-0.34	1.16
essentially	-0.34	1.53
smoking	-0.34	1.56
philosophy	-0.34	1.49
dylan	-0.34	1.13
sudden	-0.34	1.59
d2	-0.34	1.99
varsity	-0.34	2.65
worked	-0.34	1.49
creepy	-0.34	2.11
legal	-0.34	1.38
d1	-0.34	2.49
role	-0.34	1.09
kills	-0.34	1.10
covered	-0.34	1.16
member	-0.34	1.32
arky	-0.34	1.06
occur	-0.34	1.72
brought	-0.34	1.34
o'leary	-0.34	0.98
ncaa	-0.34	1.33
husky	-0.34	1.08
granted	-0.34	2.09
snaps	-0.34	1.47
involve	-0.34	1.61
penn	-0.34	1.06
without	-0.34	1.72
sidelines	-0.34	1.55
strategy	-0.33	1.76
chances	-0.33	1.40
marching	-0.33	1.06
psu	-0.33	1.10
connor	-0.33	1.05
pays	-0.33	2.07
swing	-0.33	1.35
grown	-0.33	1.37
marks	-0.33	1.91
navy	-0.33	1.28
hogan	-0.33	1.24
scenarios	-0.33	1.60
else	-0.33	2.74
constant	-0.33	1.84
punt	-0.33	1.54
bothers	-0.33	2.52
perception	-0.32	1.27
ruining	-0.32	2.43
precedent	-0.32	1.48
slip	-0.32	1.48
cleared	-0.32	1.32
northern	-0.32	1.52
bands	-0.32	1.02
tosu	-0.32	1.38
powerhouse	-0.32	1.44
made	-0.32	3.03
somebody	-0.32	2.39
osu	-0.32	1.16
weapons	-0.32	1.61
spike	-0.32	1.81
studies	-0.32	1.40
thompson	-0.32	1.14
federal	-0.32	1.19
job	-0.32	1.40
clowney	-0.32	0.92
iu	-0.32	1.13
broke	-0.32	1.48
returner	-0.32	1.50
backups	-0.32	1.90
slight	-0.32	1.48
science	-0.32	1.36
sc	-0.32	0.99
army	-0.32	1.35
catching	-0.32	1.41
fell	-0.32	1.48
slightly	-0.32	1.96
tim	-0.32	1.03
prevent	-0.32	1.62
identity	-0.32	1.07
vt	-0.32	1.08
collegiate	-0.32	3.11
brewer	-0.32	1.14
idaho	-0.32	1.18
evidence	-0.32	1.75
examples	-0.32	1.54
proof	-0.32	1.72
lets	-0.32	1.26
chose	-0.32	1.29
proven	-0.32	1.84
academically	-0.32	1.07
negative	-0.31	1.49
st	-0.31	1.13
buck	-0.31	0.97
somewhat	-0.31	2.16
action	-0.31	1.41
mindset	-0.31	1.21
losses	-0.31	1.97
academic	-0.31	1.10
reached	-0.31	1.31
iowa	-0.31	1.11
changes	-0.31	1.44
sports	-0.31	2.66
driven	-0.31	1.03
wallace	-0.31	1.18
lifetime	-0.31	1.96
route	-0.31	1.39
over	-0.31	1.55
excuse	-0.31	1.96
100	-0.31	1.32
affiliation	-0.31	1.01
blocked	-0.31	1.54
booster	-0.31	1.12
punched	-0.31	1.24
front	-0.31	1.24
finds	-0.31	1.89
sources	-0.30	1.36
toss	-0.30	1.43
clay	-0.30	1.13
covering	-0.30	1.23
kicker	-0.30	1.62
dbs	-0.30	2.00
naturally	-0.30	1.58
guard	-0.30	1.36
lateral	-0.30	1.40
mediocrity	-0.30	1.25
touches	-0.30	1.33
john	-0.30	1.08
failure	-0.30	1.48
bench	-0.30	1.24
assault	-0.30	1.38
c-usa	-0.30	1.62
screen	-0.30	1.40
nba	-0.30	2.90
north	-0.30	1.57
trial	-0.30	1.38
traditions	-0.30	1.44
arms	-0.30	1.29
south	-0.30	1.36
eddie	-0.30	1.08
linebackers	-0.30	2.04
lied	-0.30	1.95
power	-0.30	1.56
controversy	-0.30	1.42
cody	-0.30	1.02
nelson	-0.30	0.95
pennsylvania	-0.30	1.18
underrated	-0.30	2.12
byu	-0.30	1.10
misses	-0.29	1.68
rape	-0.29	1.34
butthurt	-0.29	3.85
firm	-0.29	1.26
comparable	-0.29	1.89
returned	-0.29	1.55
apart	-0.29	1.59
reporter	-0.29	1.55
lewis	-0.29	1.09
continued	-0.29	1.36
northwestern	-0.29	1.10
missouri	-0.29	1.14
law	-0.29	1.28
wrs	-0.29	1.78
saved	-0.29	1.40
crying	-0.29	2.99
ol	-0.29	2.12
alleged	-0.29	1.38
conditioning	-0.29	1.49
marketing	-0.29	1.21
turnover	-0.29	1.61
showing	-0.29	1.30
southern	-0.29	1.40
positions	-0.29	1.86
vanderbilt	-0.29	1.11
punishment	-0.29	1.49
cusa	-0.29	1.64
sec	-0.29	1.85
interview	-0.28	1.14
western	-0.28	1.44
meltdown	-0.28	1.74
return	-0.28	1.54
starter	-0.28	1.47
passing	-0.28	1.57
tebow	-0.28	0.80
status	-0.28	1.23
sammy	-0.28	1.09
transfers	-0.28	1.44
pros	-0.28	2.12
guilty	-0.28	1.40
georgia	-0.28	1.13
walks	-0.28	1.52
deciding	-0.28	1.41
police	-0.28	1.36
trolling	-0.28	2.17
kicks	-0.28	1.56
receivers	-0.28	1.54
time	-0.28	2.55
jefferson	-0.28	0.92
decides	-0.28	2.49
jordan	-0.28	0.90
belt	-0.28	1.75
view	-0.28	1.33
treat	-0.28	1.49
graham	-0.28	0.94
illinois	-0.28	1.15
va	-0.28	1.01
winston	-0.28	1.21
kick	-0.28	1.54
smack	-0.28	1.28
itself	-0.28	1.67
civil	-0.27	1.15
mizzou	-0.27	1.17
gsu	-0.27	1.16
scar	-0.27	1.12
diego	-0.27	0.99
mass	-0.27	1.37
bill	-0.27	0.87
vandy	-0.27	1.06
reps	-0.27	1.37
child	-0.27	1.44
misleading	-0.27	2.18
running	-0.27	1.48
collective	-0.27	1.25
dominance	-0.27	1.53
understandable	-0.27	2.24
society	-0.27	1.07
punished	-0.27	1.59
terribly	-0.27	2.11
opportunities	-0.27	1.40
additionally	-0.27	1.22
mentally	-0.27	2.45
honor	-0.27	1.13
falls	-0.27	1.35
whatsoever	-0.27	1.31
bust	-0.27	1.28
qb	-0.27	1.58
alabama	-0.27	1.17
fantasy	-0.27	2.58
pretty	-0.27	2.03
ash	-0.27	1.24
sanctions	-0.27	1.49
location	-0.27	1.25
clemson	-0.26	1.14
zero	-0.26	1.38
proud	-0.26	4.96
bama	-0.26	1.18
board	-0.26	1.14
former	-0.26	1.71
ty	-0.26	0.99
regards	-0.26	1.16
badger	-0.26	1.16
frank	-0.26	0.93
loses	-0.26	1.59
incredibly	-0.26	2.11
region	-0.26	2.22
usce	-0.26	1.16
own	-0.26	1.49
hire	-0.26	1.70
year	-0.26	2.07
msst	-0.26	1.36
crash	-0.26	1.14
sheer	-0.26	1.42
lineman	-0.26	1.87
judge	-0.26	1.60
discussed	-0.26	1.46
returns	-0.26	1.57
tommy	-0.26	0.98
kicked	-0.26	1.48
significantly	-0.26	1.69
tyler	-0.26	0.93
denied	-0.26	1.52
pac12	-0.26	1.65
uk	-0.26	1.09
decade	-0.25	1.41
individual	-0.25	1.31
mississippi	-0.25	1.21
ashamed	-0.25	4.57
clip	-0.25	1.38
one-loss	-0.25	2.39
unlv	-0.25	1.12
rutgers	-0.25	1.13
ring	-0.25	1.14
trend	-0.25	1.48
hackenberg	-0.25	1.28
charges	-0.25	1.37
heavy	-0.25	1.43
had	-0.25	2.25
make	-0.25	2.38
slowly	-0.25	1.50
70	-0.25	1.34
suspension	-0.25	1.45
uga	-0.25	1.11
charlie	-0.25	1.36
crime	-0.25	1.32
compared	-0.25	1.70
involving	-0.25	1.46
sitting	-0.25	2.01
mentioned	-0.25	1.74
momentum	-0.25	1.40
easier	-0.25	1.75
pieces	-0.25	1.48
signs	-0.25	1.28
said	-0.25	1.94
values	-0.25	1.12
corps	-0.25	2.16
entertaining	-0.25	2.32
maryland	-0.25	1.14
johnny	-0.25	0.84
normally	-0.25	1.84
tenn	-0.25	1.08
million	-0.25	1.21
suspended	-0.24	1.45
funds	-0.24	1.13
shutting	-0.24	1.33
explosive	-0.24	1.73
75	-0.24	1.33
laws	-0.24	1.23
umass	-0.24	1.51
gurley	-0.24	1.13
group	-0.24	1.42
purdue	-0.24	1.11
sun	-0.24	1.30
mccoy	-0.24	1.00
physical	-0.24	1.22
aggies	-0.24	1.32
les	-0.24	0.91
patrick	-0.24	0.92
65	-0.24	1.33
case	-0.24	1.55
harder	-0.24	2.06
iron	-0.24	1.17
seems	-0.24	2.37
george	-0.24	0.89
views	-0.24	1.04
pac-12	-0.24	1.63
forest	-0.24	1.19
400	-0.24	1.37
kstate	-0.24	1.31
complaint	-0.24	1.41
incident	-0.24	1.34
biased	-0.23	2.93
mac	-0.23	1.79
cop	-0.23	1.58
jr	-0.23	0.90
education	-0.23	1.19
kicking	-0.23	1.60
respect	-0.23	3.19
teeth	-0.23	1.32
trick	-0.23	1.39
fau	-0.23	1.28
98	-0.23	1.26
onside	-0.23	1.53
nerd	-0.23	1.52
receiver	-0.23	1.42
him	-0.23	2.45
suit	-0.23	1.00
lean	-0.23	1.50
thomas	-0.23	0.93
ksu	-0.23	1.30
19	-0.23	1.32
leach	-0.23	0.94
injured	-0.23	1.42
unc	-0.23	1.14
duke	-0.23	1.17
indiana	-0.23	1.11
starters	-0.23	2.00
roster	-0.23	1.89
coker	-0.23	1.30
designed	-0.23	1.38
held	-0.22	1.43
show	-0.22	1.02
rotation	-0.22	2.05
virginia	-0.22	1.18
standpoint	-0.22	1.16
uva	-0.22	1.12
rise	-0.22	1.23
results	-0.22	1.47
ole	-0.22	1.17
floor	-0.22	1.50
replacing	-0.22	2.00
miss	-0.22	1.16
lined	-0.22	1.47
lay	-0.22	1.83
nfl	-0.22	2.71
hookers	-0.22	1.18
blows	-0.22	1.18
appalachian	-0.22	1.40
niu	-0.22	1.21
james	-0.22	1.00
fake	-0.22	1.48
dynasty	-0.22	1.55
upside	-0.22	1.35
career	-0.22	2.93
mexico	-0.22	1.15
fox	-0.22	1.08
conflicted	-0.22	4.74
focus	-0.22	1.39
commits	-0.22	1.22
traditional	-0.22	1.12
mitchell	-0.22	1.03
davis	-0.22	1.00
directly	-0.21	1.35
nbc	-0.21	1.10
fingers	-0.21	1.44
ulm	-0.21	1.27
justice	-0.21	1.34
starting	-0.21	1.89
rules	-0.21	1.34
auburn	-0.21	1.17
code	-0.21	1.22
slide	-0.21	1.39
matters	-0.21	2.07
nc	-0.21	1.14
stretch	-0.21	1.33
arkansas	-0.21	1.11
bodies	-0.21	1.43
suspend	-0.21	1.44
lsu	-0.21	1.14
value	-0.21	1.20
bc	-0.21	1.12
agent	-0.21	1.08
ecu	-0.21	1.11
baylor	-0.21	1.44
streak	-0.21	2.04
table	-0.21	1.30
sport	-0.21	3.08
commitment	-0.21	1.02
reliable	-0.21	1.89
qbs	-0.21	1.69
shower	-0.21	1.54
transfer	-0.21	1.32
talented	-0.21	2.03
dc	-0.21	1.73
don	-0.21	0.95
dgb	-0.20	1.19
often	-0.20	1.79
appeal	-0.20	1.50
catches	-0.20	1.40
interests	-0.20	1.18
develop	-0.20	1.43
atm	-0.20	1.15
considering	-0.20	2.10
wrap	-0.20	1.40
draft	-0.20	1.62
office	-0.20	1.19
marshall	-0.20	1.10
1	-0.20	1.37
mwc	-0.20	1.45
kentucky	-0.20	1.12
jump	-0.20	1.50
worthy	-0.20	1.47
steps	-0.20	1.38
sherman	-0.20	0.99
capable	-0.20	2.14
separate	-0.20	1.31
syracuse	-0.20	1.12
stephen	-0.20	0.95
wide	-0.20	1.40
income	-0.20	1.06
type	-0.20	1.68
win	-0.19	1.77
depending	-0.19	1.67
sets	-0.19	1.33
ed	-0.19	1.07
qualified	-0.19	1.62
accused	-0.19	1.40
experienced	-0.19	2.28
robert	-0.19	0.87
arm	-0.19	1.38
process	-0.19	1.41
faster	-0.19	1.90
notable	-0.19	1.32
noise	-0.19	1.29
johnson	-0.19	0.96
tamu	-0.19	1.14
gus	-0.19	0.99
uconn	-0.19	1.15
acc	-0.19	1.68
wku	-0.19	1.25
band	-0.19	0.99
tcu	-0.19	1.38
ads	-0.19	1.17
complicated	-0.19	2.38
resources	-0.19	1.16
louisville	-0.19	1.12
cfb	-0.19	4.51
weather	-0.19	2.02
apply	-0.19	1.39
position	-0.19	1.72
consecutive	-0.18	1.75
occasionally	-0.18	1.59
exclusive	-0.18	1.07
patterson	-0.18	0.97
wvu	-0.18	1.15
d-line	-0.18	2.22
counter	-0.18	1.43
aac	-0.18	1.64
event	-0.18	1.61
hold	-0.18	2.02
cancelled	-0.18	1.70
tn	-0.18	1.07
okie	-0.18	1.15
90	-0.18	1.35
been	-0.18	2.09
charged	-0.18	1.35
um	-0.18	1.01
tested	-0.18	1.33
influence	-0.18	1.26
stories	-0.18	1.74
12	-0.18	1.70
subjective	-0.18	1.58
inability	-0.18	1.56
energy	-0.18	1.29
setting	-0.18	1.41
stomach	-0.18	1.95
budget	-0.18	1.16
pitt	-0.18	1.12
suggested	-0.18	1.70
trickett	-0.18	1.03
joining	-0.17	1.48
sumlin	-0.17	0.95
fiu	-0.17	1.24
los	-0.17	0.89
effectively	-0.17	1.44
sean	-0.17	0.91
gotten	-0.17	1.88
pretending	-0.17	2.85
security	-0.17	1.18
touchdown	-0.17	1.51
less	-0.17	2.12
transferred	-0.17	1.16
storm	-0.17	1.76
jones	-0.17	1.02
stellar	-0.17	3.10
blowout	-0.17	2.09
brett	-0.17	1.09
rbs	-0.17	1.95
any	-0.17	2.10
careers	-0.17	2.09
cards	-0.17	0.98
jay	-0.17	0.92
quarterbacks	-0.17	1.72
grab	-0.17	1.44
terry	-0.17	1.02
tech	-0.17	1.11
victim	-0.17	1.26
favor	-0.17	1.66
carrying	-0.17	1.37
isu	-0.17	1.13
undefeated	-0.17	2.44
violence	-0.17	1.23
dt	-0.17	1.39
okst	-0.16	1.16
evans	-0.16	0.94
dominant	-0.16	2.16
b1g	-0.16	1.69
dropping	-0.16	1.46
trap	-0.16	1.21
500	-0.16	1.42
revenue	-0.16	1.22
fanbases	-0.16	1.42
regarding	-0.16	1.41
shooting	-0.16	1.35
grounds	-0.16	1.11
target	-0.16	1.42
ages	-0.16	1.33
claiming	-0.16	2.02
club	-0.16	2.16
insult	-0.16	1.91
truth	-0.16	2.10
talent	-0.16	1.55
apparent	-0.16	1.59
sections	-0.15	1.23
fellow	-0.15	1.90
busted	-0.15	1.32
hearing	-0.15	1.94
hardly	-0.15	2.00
difficult	-0.15	1.82
xii	-0.15	1.69
ua	-0.15	0.81
tax	-0.15	1.14
cover	-0.15	1.30
big	-0.15	1.67
completion	-0.15	1.51
becomes	-0.15	1.84
kent	-0.15	1.21
stopping	-0.15	1.57
competing	-0.15	1.61
falling	-0.15	1.49
tds	-0.15	1.47
drug	-0.15	1.34
adds	-0.15	1.27
gained	-0.15	1.39
braxton	-0.15	1.21
brown	-0.15	0.91
considered	-0.15	1.91
across	-0.15	1.72
doesnt	-0.15	2.71
fame	-0.15	2.61
criteria	-0.15	1.44
opens	-0.15	1.18
22	-0.15	1.37
16	-0.15	1.41
walked	-0.15	1.38
big12	-0.15	1.69
completely	-0.15	1.96
seattle	-0.15	0.77
fewer	-0.15	1.50
announce	-0.14	1.66
ten	-0.14	1.61
dixon	-0.14	1.03
buyout	-0.14	1.07
admitted	-0.14	1.59
anytime	-0.14	2.64
11	-0.14	1.42
18	-0.14	1.39
donations	-0.14	1.19
85	-0.14	1.30
300	-0.14	1.34
combined	-0.14	1.70
reality	-0.14	1.88
pac	-0.14	1.75
generate	-0.14	1.49
b12	-0.14	1.75
25	-0.14	1.39
usf	-0.14	1.14
longest	-0.14	2.88
ut	-0.14	1.08
yds	-0.14	1.44
depth	-0.14	2.17
kansas	-0.14	1.15
arena	-0.14	1.84
250	-0.14	1.29
anybody	-0.14	2.65
abc	-0.14	1.10
ways	-0.14	1.75
recruited	-0.13	1.38
hanging	-0.13	1.66
yards	-0.13	1.42
profit	-0.13	1.23
parts	-0.13	2.59
knocking	-0.13	1.62
tournament	-0.13	1.91
hung	-0.13	1.48
terms	-0.13	1.28
utsa	-0.13	1.24
flip	-0.13	1.23
works	-0.13	2.46
missed	-0.13	1.61
ul	-0.13	1.14
goals	-0.13	1.60
politics	-0.13	1.32
briles	-0.13	0.90
colt	-0.13	1.01
rematch	-0.13	1.34
these	-0.13	1.48
representative	-0.13	1.40
50	-0.13	1.35
overlooked	-0.13	2.12
members	-0.13	1.30
ignoring	-0.13	1.77
cincinnati	-0.13	1.14
drugs	-0.13	1.26
recruiting	-0.13	1.24
lhn	-0.13	1.07
cincy	-0.13	1.14
backs	-0.13	2.18
extension	-0.13	1.15
gundy	-0.13	0.92
compete	-0.13	1.37
including	-0.13	1.42
0	-0.12	1.41
committed	-0.12	1.19
ucf	-0.12	1.13
graduating	-0.12	1.17
jackson	-0.12	0.98
box	-0.12	1.18
returning	-0.12	2.15
eastern	-0.12	1.37
60	-0.12	1.35
ridiculous	-0.12	2.86
television	-0.12	1.11
handling	-0.12	1.57
nonetheless	-0.12	1.74
golf	-0.12	1.81
whoever	-0.12	2.20
spring	-0.12	1.27
open	-0.12	1.36
9	-0.12	1.44
23	-0.12	1.38
benefit	-0.12	1.37
academy	-0.12	1.29
along	-0.12	1.27
receiving	-0.12	1.54
radar	-0.12	1.83
salary	-0.12	1.06
messed	-0.12	2.58
produced	-0.12	1.84
identical	-0.12	1.40
pittsburgh	-0.12	1.09
13	-0.12	1.44
k-state	-0.12	1.18
weed	-0.12	1.38
homer	-0.12	2.58
trevor	-0.12	0.93
pa	-0.12	1.06
concerns	-0.11	1.47
tweeted	-0.11	1.79
factors	-0.11	1.42
becoming	-0.11	1.75
more	-0.11	2.18
charge	-0.11	1.32
td	-0.11	1.47
surprisingly	-0.11	1.78
temple	-0.11	1.16
share	-0.11	1.32
heavily	-0.11	1.50
practices	-0.11	1.25
facilities	-0.11	1.16
dj	-0.11	0.94
joe	-0.11	0.89
network	-0.11	1.09
arrest	-0.11	1.34
arrested	-0.11	1.35
onto	-0.11	1.45
hs	-0.11	1.89
comes	-0.11	1.77
pads	-0.11	1.23
14	-0.11	1.43
goal	-0.11	1.53
bruce	-0.11	0.85
yard	-0.11	1.45
particularly	-0.11	2.10
200	-0.11	1.33
kinds	-0.11	1.48
20	-0.11	1.41
evil	-0.11	0.79
beyond	-0.11	1.58
lbs	-0.11	1.47
tight	-0.11	1.42
sos	-0.11	2.29
wr	-0.11	1.42
ku	-0.11	1.09
competitive	-0.11	1.46
unpopular	-0.11	1.78
hard	-0.11	1.99
field	-0.11	1.60
incentive	-0.11	1.51
deliver	-0.11	1.30
settled	-0.10	1.36
summer	-0.10	1.33
campaign	-0.10	1.20
8	-0.10	1.48
nod	-0.10	1.48
7	-0.10	1.45
turns	-0.10	1.99
soul	-0.10	1.05
utep	-0.10	1.23
15	-0.10	1.44
never	-0.10	2.14
tulane	-0.10	1.19
80	-0.10	1.34
percent	-0.10	1.38
aggie	-0.10	1.99
ton	-0.10	1.37
fall	-0.10	1.41
peterson	-0.10	0.94
consensus	-0.10	1.17
latter	-0.10	2.05
graduates	-0.10	1.10
asses	-0.10	1.45
super	-0.10	2.27
blowing	-0.10	1.93
types	-0.10	1.42
bump	-0.10	1.41
versus	-0.10	2.26
better	-0.10	1.71
aaron	-0.10	0.86
appearances	-0.10	1.62
yeldon	-0.10	1.03
graduate	-0.10	1.09
1000	-0.10	1.33
portion	-0.10	2.16
eric	-0.10	0.97
product	-0.10	1.19
17	-0.10	1.42
other	-0.10	1.50
speaks	-0.09	2.22
selection	-0.09	1.40
cut	-0.09	1.36
chart	-0.09	1.73
10	-0.09	1.49
comparing	-0.09	1.44
giant	-0.09	1.31
cam	-0.09	0.89
charity	-0.09	1.17
immediate	-0.09	1.45
shutout	-0.09	1.64
kirby	-0.09	1.62
employees	-0.09	1.19
chunk	-0.09	1.74
kevin	-0.09	1.24
aid	-0.09	1.14
regardless	-0.09	1.60
miller	-0.09	1.14
55	-0.09	1.36
total	-0.09	1.49
worse	-0.09	1.71
ou	-0.09	1.13
theres	-0.09	1.59
hundreds	-0.09	1.41
lightning	-0.09	1.01
tv	-0.09	1.10
young	-0.09	2.06
memphis	-0.09	1.13
2	-0.09	1.49
tulsa	-0.09	1.14
150	-0.09	1.33
tony	-0.09	0.92
max	-0.09	1.29
vast	-0.09	1.46
21	-0.09	1.41
two	-0.09	1.49
gain	-0.09	1.46
feet	-0.08	1.28
mode	-0.08	1.42
candidates	-0.08	1.38
contract	-0.08	1.14
butt	-0.08	1.20
accomplished	-0.08	1.74
barry	-0.08	0.80
4	-0.08	1.49
6	-0.08	1.48
cardale	-0.08	1.22
touchdowns	-0.08	1.57
5	-0.08	1.49
bottom	-0.08	2.02
massive	-0.08	1.80
canadian	-0.08	2.49
reasons	-0.08	1.47
networks	-0.08	1.08
gets	-0.08	2.07
build	-0.08	1.14
center	-0.08	1.38
grant	-0.08	0.99
bryant	-0.08	0.84
taxes	-0.08	1.11
3	-0.08	1.49
chill	-0.08	1.71
attempts	-0.08	1.55
kid	-0.08	1.34
preseason	-0.08	1.52
24	-0.08	1.41
ridiculously	-0.08	1.99
channels	-0.08	1.10
steal	-0.08	1.38
relatively	-0.08	1.80
clear	-0.08	1.71
recognition	-0.07	1.14
average	-0.07	1.92
jobs	-0.07	1.22
aj	-0.07	0.87
sweat	-0.07	1.33
expanded	-0.07	1.25
carry	-0.07	1.29
stat	-0.07	1.50
host	-0.07	1.16
complaints	-0.07	1.99
those	-0.07	1.51
step	-0.07	1.60
middle	-0.07	1.48
largely	-0.07	1.65
undergrad	-0.07	1.03
qualify	-0.07	1.36
26	-0.07	1.41
nature	-0.07	1.72
save	-0.07	1.58
wire	-0.07	1.38
nine	-0.07	1.52
belong	-0.07	1.50
fg	-0.07	1.54
mattered	-0.07	1.90
bounce	-0.07	1.61
respectable	-0.07	1.98
exposure	-0.07	1.22
river	-0.07	0.93
au	-0.07	1.03
eligibility	-0.07	1.31
knight	-0.07	0.90
premier	-0.07	2.30
happened	-0.07	2.05
systems	-0.07	1.30
per	-0.07	1.44
challenge	-0.07	1.72
thousands	-0.07	1.36
rushing	-0.07	1.56
juco	-0.07	1.33
by	-0.07	1.99
period	-0.07	1.46
axe	-0.07	1.06
american	-0.07	1.94
jesse	-0.07	3.55
leaves	-0.07	1.32
threat	-0.07	1.42
certain	-0.07	1.31
won	-0.06	1.42
jameis	-0.06	1.24
enrolled	-0.06	1.10
daily	-0.06	1.33
joke	-0.06	2.05
jt	-0.06	1.21
transferring	-0.06	1.16
co	-0.06	1.10
forcing	-0.06	1.49
kiffin	-0.06	1.51
perry	-0.06	0.97
labor	-0.06	1.17
lesson	-0.06	1.61
typically	-0.06	1.46
48	-0.06	1.39
doctor	-0.06	1.27
hundred	-0.06	1.41
footage	-0.06	1.09
like	-0.06	2.04
dismissed	-0.06	1.44
boomer	-0.06	1.19
several	-0.06	1.44
greene	-0.06	1.15
suh	-0.06	1.03
pay	-0.06	1.13
akron	-0.06	1.16
transition	-0.06	1.35
40	-0.06	1.41
madness	-0.06	1.64
coast	-0.06	1.46
blood	-0.06	1.10
crystal	-0.06	1.18
99	-0.06	1.31
extended	-0.06	1.29
off	-0.06	1.71
rarely	-0.05	1.65
four	-0.05	1.55
eight	-0.05	1.54
frame	-0.05	1.24
three	-0.05	1.52
whether	-0.05	2.01
awareness	-0.05	1.50
solely	-0.05	1.50
similar	-0.05	2.08
nick	-0.05	0.97
plenty	-0.05	1.42
people	-0.05	2.01
troy	-0.05	1.10
sundays	-0.05	1.44
central	-0.05	1.36
snyder	-0.05	0.92
allen	-0.05	1.09
seven	-0.05	1.54
smoke	-0.05	1.15
title	-0.05	1.42
taken	-0.05	1.55
deals	-0.05	1.09
billion	-0.05	1.30
project	-0.05	1.17
size	-0.05	1.41
fuckers	-0.05	1.42
29	-0.05	1.42
stable	-0.05	2.03
27	-0.05	1.42
pot	-0.05	1.27
28	-0.05	1.42
times	-0.05	1.84
pre-season	-0.05	1.45
runner	-0.05	1.37
bitter	-0.05	4.95
military	-0.05	1.28
thousand	-0.05	1.43
titles	-0.05	1.43
purposes	-0.05	1.31
inches	-0.05	1.34
net	-0.05	1.46
forward	-0.05	2.37
apples	-0.05	1.34
boston	-0.04	1.06
averaging	-0.04	1.41
pat	-0.04	1.59
devin	-0.04	1.08
writers	-0.04	1.42
takes	-0.04	1.92
twenty	-0.04	1.51
lot	-0.04	1.67
straight	-0.04	1.66
seccg	-0.04	1.30
dollar	-0.04	1.18
legally	-0.04	1.55
voters	-0.04	1.51
therefore	-0.04	1.69
six	-0.04	1.55
rub	-0.04	1.24
move	-0.04	1.83
money	-0.04	1.26
rushed	-0.04	1.34
stack	-0.04	1.36
complex	-0.04	1.41
devil	-0.04	0.95
cutting	-0.04	1.39
based	-0.04	1.39
alums	-0.04	0.99
recover	-0.04	1.62
stars	-0.04	1.32
differences	-0.04	1.42
stated	-0.03	1.78
contracts	-0.03	1.14
te	-0.03	1.52
35	-0.03	1.42
head-to-head	-0.03	1.52
prove	-0.03	2.33
san	-0.03	0.94
2017	-0.03	1.62
students	-0.03	1.18
overcome	-0.03	1.62
moore	-0.03	0.98
dozen	-0.03	1.46
respective	-0.03	2.13
sample	-0.03	1.64
choosing	-0.03	1.51
homecoming	-0.03	1.65
ultimate	-0.03	1.20
texas	-0.03	1.04
quarterback	-0.03	1.60
five	-0.03	1.55
set	-0.03	1.20
farm	-0.03	1.11
many	-0.03	1.45
appear	-0.03	1.78
ga	-0.03	0.96
hide	-0.03	1.55
signing	-0.03	1.14
various	-0.03	1.42
limit	-0.03	1.25
sat	-0.03	1.29
winning	-0.03	1.63
earned	-0.03	1.14
prescott	-0.02	1.17
ross	-0.02	0.91
enjoyable	-0.02	1.98
97	-0.02	1.28
committee	-0.02	1.44
much	-0.02	2.24
jake	-0.02	1.03
championships	-0.02	1.44
equal	-0.02	1.23
represented	-0.02	1.40
service	-0.02	1.18
tunnel	-0.02	1.13
extra	-0.02	1.52
numerous	-0.02	1.42
push	-0.02	1.81
determined	-0.02	1.40
factor	-0.02	1.61
32	-0.02	1.43
33	-0.02	1.43
potential	-0.02	1.41
row	-0.02	1.66
36	-0.02	1.43
mock	-0.02	1.71
saban	-0.02	0.96
30	-0.02	1.46
thing	-0.02	2.31
slot	-0.02	1.33
fails	-0.02	1.52
limits	-0.02	1.25
switching	-0.02	1.61
families	-0.01	1.00
miles	-0.01	1.02
athletes	-0.01	1.78
dozens	-0.01	1.45
victory	-0.01	1.76
scholarships	-0.01	1.24
flipped	-0.01	1.22
fees	-0.01	1.08
<SPECIAL>	-0.01	1.08
<URL>	-0.01	1.08
barrett	-0.01	1.18
category	-0.01	1.67
myself	-0.01	3.31
31	-0.01	1.44
protect	-0.01	1.39
last	-0.01	1.91
happens	-0.01	2.35
couple	-0.01	1.54
larry	-0.01	0.86
few	-0.01	1.54
matt	-0.01	0.83
claim	-0.01	1.88
related	-0.01	1.60
v	-0.01	1.27
ship	-0.01	1.29
suddenly	-0.01	1.85
during	-0.00	1.34
autograph	-0.00	1.13
walker	-0.00	0.88
some	-0.00	1.56
tuition	-0.00	1.11
attempted	-0.00	1.45
legend	-0.00	0.88
given	-0.00	1.51
paid	-0.00	1.19
physically	-0.00	1.60
twice	-0.00	1.80
averaged	-0.00	1.44
contenders	-0.00	1.54
hype	-0.00	2.10
shorter	-0.00	1.60
huge	0.00	1.93
petty	0.00	1.12
core	0.00	2.06
bu	0.00	1.15
top	0.00	2.09
toledo	0.00	1.07
donate	0.00	1.26
sanders	0.00	0.89
2016	0.00	1.91
accurate	0.00	2.04
options	0.00	1.48
tons	0.01	1.38
sneak	0.01	1.69
student	0.01	1.18
escape	0.01	1.28
justify	0.01	2.10
prospect	0.01	1.40
outright	0.01	1.62
he	0.01	2.24
began	0.01	1.39
person	0.01	1.91
dynamic	0.01	1.47
opening	0.01	1.32
btn	0.01	1.13
gave	0.01	1.56
deck	0.01	1.18
depends	0.01	2.18
multiple	0.01	1.42
stuff	0.01	2.18
offered	0.01	1.11
himself	0.01	1.87
tends	0.01	1.50
greatest	0.01	4.37
taylor	0.01	0.99
tears	0.01	2.27
complaining	0.01	3.72
meaningful	0.02	1.62
switch	0.02	1.38
extremely	0.02	2.05
favorable	0.02	1.98
ny	0.02	1.01
market	0.02	1.14
failing	0.02	1.49
opened	0.02	1.17
perform	0.02	1.43
years	0.02	1.76
2-3	0.02	1.56
amounts	0.02	1.28
scoreboard	0.02	1.13
recruit	0.02	1.28
1-loss	0.02	1.92
heads	0.02	1.40
insurance	0.02	1.10
vocal	0.02	1.57
requirement	0.02	1.27
behind	0.02	1.43
rodgers	0.02	1.23
length	0.02	1.28
benefits	0.02	1.19
built	0.02	0.98
landing	0.02	1.16
avoid	0.02	1.78
commercials	0.02	1.57
rick	0.02	0.79
rings	0.02	1.13
sales	0.02	1.16
past	0.02	1.66
dollars	0.02	1.35
grass	0.02	1.10
shake	0.02	1.82
polls	0.02	1.46
hall	0.02	1.61
small	0.03	2.12
champ	0.03	1.79
additional	0.03	1.23
ahead	0.03	1.69
hd	0.03	1.09
dak	0.03	1.13
caught	0.03	1.53
mostly	0.03	1.65
deal	0.03	1.55
sam	0.03	0.94
bowling	0.03	1.06
closest	0.03	2.60
ripped	0.03	1.39
general	0.03	1.27
claimed	0.03	1.44
margin	0.03	1.60
cuts	0.03	1.15
laid	0.03	2.51
significant	0.03	1.95
markets	0.03	1.19
cook	0.03	1.13
bowls	0.03	1.43
recruits	0.03	1.31
vs	0.03	1.36
louisiana	0.03	1.29
plan	0.03	1.46
claims	0.03	1.91
fee	0.03	1.10
campuses	0.03	1.30
produce	0.04	1.35
lane	0.04	1.47
acknowledge	0.04	2.32
guns	0.04	1.21
cameron	0.04	1.09
released	0.04	1.37
number	0.04	1.49
odds	0.04	1.61
pack	0.04	0.91
roughly	0.04	1.33
garrett	0.04	1.22
parker	0.04	0.84
span	0.04	1.64
unknown	0.04	1.64
asleep	0.04	2.01
or	0.04	2.21
standings	0.04	1.50
chosen	0.04	1.56
rg3	0.04	0.86
fill	0.05	1.11
surely	0.05	2.67
danny	0.05	0.95
grad	0.05	0.96
attempt	0.05	1.48
greater	0.05	1.90
derrick	0.05	0.96
tre	0.05	1.00
week	0.05	1.78
boykin	0.05	1.21
smoked	0.05	1.35
large	0.05	2.17
stops	0.05	1.70
dance	0.05	1.34
2001	0.05	1.34
counted	0.05	1.57
scholarship	0.05	1.21
seasons	0.05	1.81
contribute	0.05	1.50
37	0.05	1.49
secret	0.05	1.68
contention	0.05	1.51
weeks	0.05	1.79
wheel	0.05	1.26
mariota	0.05	1.13
45	0.05	1.49
lose	0.05	2.10
remotely	0.05	2.01
declare	0.05	1.28
stats	0.05	1.73
49	0.06	1.49
feeling	0.06	3.36
potentially	0.06	1.71
isnt	0.06	1.94
exchange	0.06	1.12
riding	0.06	1.06
bigger	0.06	2.21
package	0.06	1.17
men	0.06	1.72
channel	0.06	1.08
newton	0.06	0.88
pig	0.06	1.09
honesty	0.06	1.38
announcement	0.06	1.29
vacated	0.06	1.41
pounds	0.06	1.23
downvoting	0.06	2.37
bothered	0.06	3.13
transitive	0.06	1.48
purely	0.07	1.34
plane	0.07	0.97
postseason	0.07	1.37
tries	0.07	2.25
sky	0.07	1.08
poll	0.07	1.44
stolen	0.07	1.16
chance	0.07	2.03
34	0.07	1.50
41	0.07	1.50
popular	0.07	1.53
championship	0.07	1.52
38	0.07	1.50
bitch	0.07	1.75
peyton	0.07	0.87
def	0.07	1.79
larger	0.07	2.21
inevitable	0.07	1.63
al	0.07	0.91
decent	0.07	3.02
42	0.07	1.51
very	0.07	2.11
pound	0.07	1.22
treated	0.07	1.16
prospects	0.07	1.40
community	0.07	1.16
practice	0.07	1.25
fairly	0.07	2.02
keeps	0.07	2.14
press	0.07	1.25
insanely	0.07	2.04
embarrassed	0.07	3.99
instantly	0.07	1.56
cash	0.07	1.16
cheap	0.08	1.00
truly	0.08	1.90
paying	0.08	1.20
joined	0.08	1.35
ndsu	0.08	1.37
experience	0.08	1.25
bb	0.08	1.18
adding	0.08	1.26
months	0.08	1.59
champs	0.08	1.85
cost	0.08	1.10
breaking	0.08	1.29
expectations	0.08	1.66
upon	0.08	1.23
carries	0.08	1.33
receive	0.08	1.20
tape	0.08	1.16
short	0.08	1.50
josh	0.08	1.02
merit	0.08	1.24
criticism	0.08	1.39
pocket	0.08	1.79
attending	0.08	1.00
stealing	0.08	1.25
whatever	0.08	2.57
buried	0.08	1.41
easily	0.08	2.25
combine	0.08	1.55
accepted	0.08	1.15
robinson	0.09	1.09
52	0.09	1.49
autographs	0.09	1.14
ccg	0.09	1.75
space	0.09	1.21
bucks	0.09	1.38
month	0.09	1.50
raise	0.09	1.25
stole	0.09	1.18
stout	0.09	2.31
complain	0.09	3.25
shot	0.09	1.85
reflect	0.09	1.52
hang	0.09	2.26
bye	0.09	2.03
highly	0.09	1.75
exists	0.09	1.52
specific	0.09	1.44
ii	0.09	1.23
rankings	0.09	1.47
streams	0.09	1.12
disappointed	0.09	5.04
repeatedly	0.09	1.47
gun	0.09	1.11
tiny	0.09	1.82
weight	0.09	1.24
russell	0.09	0.86
opinion	0.10	1.96
ends	0.10	1.63
flipping	0.10	1.41
arent	0.10	2.31
remains	0.10	1.52
offer	0.10	1.24
hint	0.10	1.49
sleep	0.10	2.17
manner	0.10	1.70
around	0.10	1.61
online	0.10	1.12
deeper	0.10	1.23
louis	0.10	0.85
participate	0.10	1.40
continuing	0.10	1.69
jacksonville	0.10	0.83
pepper	0.10	1.11
days	0.10	1.59
selling	0.10	1.18
regular	0.10	2.19
forever	0.10	1.77
caliber	0.10	1.60
extend	0.10	1.41
ben	0.10	0.98
sacks	0.10	1.37
once	0.10	2.02
attendance	0.10	1.24
fl	0.10	0.87
2000s	0.10	1.35
intentionally	0.11	1.55
cable	0.11	1.15
facility	0.11	1.10
highlights	0.11	1.10
cardinal	0.11	1.06
plain	0.11	1.42
graduation	0.11	1.24
putting	0.11	1.84
frequently	0.11	1.48
ranking	0.11	1.47
players	0.11	1.67
champion	0.11	1.70
phil	0.11	0.95
height	0.11	1.24
expand	0.11	1.34
statistics	0.11	1.51
clever	0.11	1.96
local	0.11	0.93
commit	0.11	1.12
1-2	0.11	1.96
highschool	0.11	1.63
buzz	0.11	1.16
ingram	0.11	0.95
cause	0.11	2.24
millions	0.12	1.62
gym	0.12	1.12
upper	0.12	1.26
t-shirt	0.12	1.10
ratings	0.12	1.40
rb	0.12	1.54
ill	0.12	2.20
seem	0.12	2.55
consideration	0.12	1.36
ignored	0.12	2.04
henry	0.12	1.06
national	0.12	1.35
breaks	0.12	1.33
glasses	0.12	1.18
recently	0.12	1.71
system	0.12	1.27
barring	0.12	1.92
carter	0.12	1.32
expansion	0.13	1.14
reward	0.13	1.43
flying	0.13	1.08
anyone	0.13	2.55
minority	0.13	1.71
06	0.13	1.25
teaching	0.13	1.48
costs	0.13	1.15
capital	0.13	1.16
wall	0.13	1.20
bias	0.13	1.60
ncg	0.13	1.42
manning	0.13	0.87
practicing	0.13	1.58
seats	0.13	1.14
died	0.13	1.24
into	0.13	1.67
smaller	0.13	1.94
same	0.13	2.26
metric	0.13	1.46
quite	0.13	2.34
cast	0.13	1.00
succeed	0.13	1.84
statements	0.13	2.10
closed	0.13	1.15
decide	0.13	1.82
manager	0.14	1.17
age	0.14	1.25
opinions	0.14	1.66
growing	0.14	1.16
valuable	0.14	1.59
minds	0.14	1.60
records	0.14	2.26
things	0.14	2.11
marcus	0.14	1.02
survive	0.14	1.77
art	0.14	0.88
locker	0.14	1.06
website	0.14	1.39
moments	0.14	2.15
someday	0.14	2.48
method	0.14	1.43
break	0.14	1.45
jason	0.14	0.89
americans	0.14	1.61
longer	0.14	1.62
repeat	0.14	1.42
highlight	0.14	1.62
compensation	0.14	1.17
alumni	0.14	1.57
current	0.14	1.67
ago	0.14	1.70
humor	0.14	2.37
harris	0.14	1.65
requirements	0.15	1.26
possibly	0.15	2.13
valid	0.15	1.69
pushing	0.15	2.07
pregame	0.15	0.96
salt	0.15	1.88
demand	0.15	1.16
objectively	0.15	1.65
scenario	0.15	1.96
moon	0.15	1.24
determine	0.15	1.49
impossible	0.15	1.61
bowl	0.15	1.19
watch	0.15	1.15
covers	0.15	1.22
yardage	0.15	1.93
stage	0.15	1.77
war	0.15	0.80
water	0.16	1.29
shaq	0.16	0.96
allow	0.16	1.72
harsh	0.16	2.49
automatic	0.16	1.85
train	0.16	1.15
cough	0.16	1.01
nowhere	0.16	1.89
sleeping	0.16	1.72
pussy	0.16	1.48
collins	0.16	1.02
scare	0.16	1.70
computers	0.16	1.47
hypothetical	0.16	1.72
associated	0.16	1.54
prices	0.16	1.17
land	0.16	1.25
confusion	0.16	2.20
hill	0.16	0.97
addition	0.16	1.12
managed	0.16	1.87
split	0.16	1.15
prior	0.16	1.43
drew	0.16	0.80
tiebreaker	0.16	1.47
incorrect	0.16	4.14
rant	0.16	2.35
advantage	0.16	1.57
dual	0.17	1.31
require	0.17	1.36
randomly	0.17	1.68
services	0.17	1.11
too	0.17	2.61
promise	0.17	1.65
sit	0.17	1.74
material	0.17	1.35
settle	0.17	1.58
window	0.17	1.17
necessarily	0.17	2.46
children	0.17	1.13
facing	0.17	1.64
points	0.17	1.60
signed	0.17	1.17
placed	0.17	1.43
gate	0.17	1.09
fb	0.17	1.22
belongs	0.17	1.37
afford	0.17	1.26
sell	0.17	1.22
g5	0.17	2.44
join	0.17	1.28
believed	0.17	1.74
how	0.17	2.86
hole	0.17	1.17
ratio	0.17	1.56
candidate	0.17	1.31
appearance	0.17	1.41
youre	0.18	2.10
spent	0.18	1.71
reaction	0.18	1.45
ban	0.18	1.46
spend	0.18	1.74
insert	0.18	1.87
about	0.18	3.41
pretend	0.18	2.95
compare	0.18	1.64
earn	0.18	1.56
stick	0.18	1.98
fluke	0.18	1.93
format	0.18	1.60
provide	0.18	1.29
unable	0.18	1.70
attention	0.18	1.75
add	0.18	1.41
pullman	0.18	0.70
primarily	0.18	1.43
mainly	0.18	1.55
further	0.18	1.60
votes	0.18	1.41
eliminate	0.18	1.42
range	0.19	1.61
walmart	0.19	1.00
door	0.19	1.14
deserving	0.19	1.73
quick	0.19	1.49
figures	0.19	1.45
ice	0.19	1.52
put	0.19	2.14
knew	0.19	2.51
underdogs	0.19	1.96
athleticism	0.19	1.64
offers	0.19	1.08
flashbacks	0.19	1.92
themselves	0.19	2.02
turn	0.19	2.18
since	0.19	1.48
through	0.19	1.51
perhaps	0.19	2.21
pulls	0.19	1.48
only	0.19	2.25
cotton	0.19	1.15
weekly	0.19	1.22
battle	0.19	0.90
bonus	0.19	1.15
allegedly	0.19	1.08
building	0.19	1.07
clock	0.19	1.95
semester	0.19	1.24
quickly	0.19	1.84
came	0.19	1.72
rights	0.20	1.07
bulldog	0.20	1.10
drop	0.20	1.55
clue	0.20	2.67
surprised	0.20	5.13
selected	0.20	1.48
sign	0.20	1.25
spotlight	0.20	2.23
room	0.20	1.16
allows	0.20	1.52
trophy	0.20	0.97
spending	0.20	1.63
seating	0.20	1.14
07	0.20	1.28
legitimately	0.20	2.86
checking	0.20	1.23
picking	0.20	2.41
mountain	0.20	1.09
kickoff	0.20	1.47
does	0.20	2.59
vegas	0.20	1.53
talk	0.20	2.12
lining	0.21	1.27
bell	0.21	1.10
developing	0.21	1.58
08	0.21	1.30
cousins	0.21	1.02
prime	0.21	1.21
alive	0.21	1.69
within	0.21	1.57
tickets	0.21	1.11
construction	0.21	1.09
order	0.21	1.60
issue	0.21	1.67
deserves	0.21	1.26
grow	0.21	1.28
bcs	0.21	1.48
mad	0.21	5.07
employee	0.21	1.23
chubb	0.21	1.25
thoughts	0.21	1.68
access	0.21	1.17
seminole	0.21	1.26
forced	0.21	1.69
owner	0.22	0.94
defend	0.22	2.10
led	0.22	1.59
brand	0.22	0.97
received	0.22	1.30
cars	0.22	1.12
rolling	0.22	1.29
1990	0.22	1.32
knowledge	0.22	1.44
opposed	0.22	1.35
another	0.22	1.98
counts	0.22	2.03
worth	0.22	1.59
bay	0.22	0.81
look	0.22	2.10
finals	0.22	1.34
watched	0.22	1.55
clean	0.22	3.03
internet	0.22	1.33
exist	0.22	2.18
effort	0.22	1.10
legs	0.22	1.23
nerds	0.22	1.29
handful	0.22	1.77
writer	0.23	1.62
brick	0.23	1.07
streaming	0.23	1.09
bear	0.23	0.89
credit	0.23	1.29
ap	0.23	1.53
continues	0.23	1.76
deny	0.23	2.41
study	0.23	1.27
seat	0.23	1.09
constantly	0.23	2.84
dancing	0.23	1.04
ticket	0.23	1.12
andrew	0.23	0.88
distance	0.23	1.21
majority	0.23	1.78
opportunity	0.23	1.74
all-american	0.23	1.33
solution	0.23	1.48
officially	0.23	1.70
spots	0.23	2.02
90s	0.23	1.24
amirite	0.23	1.52
09	0.24	1.33
stating	0.24	2.33
cfp	0.24	1.54
stance	0.24	1.64
rice	0.24	1.19
march	0.24	1.29
bridge	0.24	0.89
involved	0.24	2.47
hunt	0.24	1.22
badly	0.24	2.16
locked	0.24	1.30
stacked	0.24	1.89
tank	0.24	1.18
upsets	0.24	1.74
reason	0.24	2.33
instead	0.24	2.08
madden	0.24	1.04
balanced	0.24	2.00
follow	0.24	1.42
jeez	0.24	1.71
wonder	0.24	3.14
provided	0.24	1.21
helped	0.24	2.00
winners	0.24	1.37
theirs	0.24	1.56
model	0.24	1.32
crab	0.24	1.23
winner	0.24	1.31
smell	0.24	1.24
create	0.25	1.24
purpose	0.25	1.62
attempting	0.25	1.80
cooper	0.25	1.13
contender	0.25	1.30
outs	0.25	1.89
king	0.25	1.03
named	0.25	0.86
created	0.25	1.19
measure	0.25	1.41
double	0.25	1.41
bow	0.25	0.86
cycle	0.25	1.91
smarter	0.25	1.42
nailed	0.25	1.60
80s	0.25	1.24
stays	0.25	2.15
satan	0.25	0.96
actual	0.25	1.44
give	0.26	2.20
loser	0.26	1.54
halftime	0.26	1.64
buffalo	0.26	0.92
bases	0.26	1.80
charlotte	0.26	0.92
approve	0.26	1.83
formula	0.26	1.41
pan	0.26	1.22
wake	0.26	1.35
bets	0.26	1.98
away	0.26	1.65
cops	0.26	1.11
empty	0.26	1.09
defending	0.26	1.85
video	0.26	1.11
hours	0.26	1.69
price	0.26	1.14
allowing	0.26	1.67
seconds	0.26	1.75
frat	0.27	1.34
louder	0.27	1.17
lying	0.27	2.35
failed	0.27	1.50
all	0.27	2.42
perspective	0.27	1.47
swag	0.27	1.88
deserved	0.27	1.53
sugar	0.27	1.29
tiger	0.27	1.03
company	0.27	1.05
closely	0.27	1.77
opposing	0.27	1.19
usually	0.27	1.80
spoke	0.27	1.89
amari	0.27	1.11
watchespn	0.27	1.20
filling	0.27	1.21
sack	0.27	1.32
rose	0.28	1.25
kids	0.28	1.20
machine	0.28	1.24
roof	0.28	1.21
gap	0.28	1.49
angry	0.28	5.21
drives	0.28	1.98
applied	0.28	1.39
tier	0.28	1.92
continue	0.28	1.96
included	0.28	1.46
shocked	0.28	5.21
casual	0.28	1.25
randy	0.28	1.26
chief	0.28	0.78
buy	0.28	1.13
salty	0.28	4.86
banner	0.28	1.10
speech	0.28	1.32
intended	0.28	2.53
nowadays	0.28	1.37
scares	0.28	2.01
bother	0.28	2.63
possibility	0.28	2.32
let	0.28	2.18
perine	0.28	1.14
denver	0.28	0.85
admission	0.28	1.23
stream	0.29	1.11
1997	0.29	1.34
totally	0.29	2.38
woo	0.29	1.68
4-5	0.29	1.70
car	0.29	1.10
pool	0.29	1.27
next	0.29	1.92
strictly	0.29	1.50
downvotes	0.29	2.57
rank	0.29	1.63
jimmies	0.29	2.67
sold	0.29	1.04
see	0.29	2.93
fact	0.29	2.44
bed	0.29	2.03
york	0.29	0.91
always	0.29	2.46
data	0.29	1.49
others	0.29	1.89
off-season	0.29	1.46
travis	0.29	1.15
athlete	0.29	1.78
mary	0.29	1.31
troll	0.29	1.71
mission	0.30	1.43
take	0.30	2.27
soooo	0.30	2.03
driving	0.30	1.12
test	0.30	1.35
already	0.30	1.91
de	0.30	1.45
least	0.30	2.23
announced	0.30	1.27
yourselves	0.30	1.95
spectacular	0.30	2.82
usual	0.30	1.22
music	0.30	0.97
bucket	0.30	1.37
keep	0.30	2.30
fish	0.30	1.11
include	0.30	1.43
swear	0.30	1.81
dorm	0.30	1.13
2004	0.30	1.44
emphasis	0.31	1.43
sticks	0.31	1.73
ensure	0.31	1.43
concern	0.31	1.76
starts	0.31	1.56
dogs	0.31	0.95
minutes	0.31	1.76
smu	0.31	1.14
such	0.31	1.42
speedy	0.31	1.24
signature	0.31	1.27
no	0.31	2.20
rolls	0.31	1.30
kenny	0.31	0.98
matter	0.31	2.63
bring	0.31	2.24
saving	0.31	2.08
solid	0.31	2.99
camp	0.31	1.10
wild	0.31	0.87
took	0.31	1.50
prepare	0.32	2.16
drunk	0.32	2.82
free	0.32	1.17
change	0.32	1.79
dress	0.32	1.08
outta	0.32	1.80
loaded	0.32	1.88
something	0.32	2.84
turned	0.32	1.78
bus	0.32	1.06
information	0.32	1.59
voting	0.32	1.55
article	0.32	1.88
deserve	0.32	2.00
favored	0.32	2.02
em	0.32	1.64
standards	0.32	1.22
holiday	0.32	1.10
nothing	0.32	2.52
wants	0.32	3.92
peach	0.32	1.06
converted	0.32	1.93
ride	0.33	1.04
bros	0.33	1.99
did	0.33	2.79
oil	0.33	1.12
dunno	0.33	2.95
interviews	0.33	1.11
previously	0.33	1.75
buying	0.33	1.16
required	0.33	1.34
statue	0.33	0.87
refuse	0.33	2.01
back	0.33	2.19
technically	0.33	4.60
stay	0.33	2.27
tests	0.33	1.37
leave	0.33	2.33
sale	0.33	1.00
2000	0.33	1.43
classes	0.33	1.40
details	0.33	2.04
care	0.33	2.70
help	0.33	2.37
1/2	0.33	1.27
background	0.33	1.07
confused	0.34	5.20
asked	0.34	2.26
later	0.34	1.64
remain	0.34	2.33
episode	0.34	1.25
long	0.34	1.36
them	0.34	2.68
enough	0.34	2.45
goes	0.34	1.69
trouble	0.34	2.88
stop	0.34	2.48
really	0.34	2.89
are	0.34	1.79
trail	0.34	0.99
grads	0.34	0.95
come	0.34	2.31
cities	0.34	2.14
lists	0.34	1.26
fights	0.34	1.17
population	0.34	1.86
when	0.35	2.62
liberty	0.35	0.95
important	0.35	1.95
reach	0.35	1.38
able	0.35	2.11
anything	0.35	2.69
2005	0.35	1.46
columbia	0.35	0.78
yourself	0.35	2.15
worry	0.35	3.19
gpa	0.35	1.23
culture	0.35	1.25
info	0.35	1.39
hometown	0.35	0.99
together	0.35	2.05
before	0.36	1.84
eligible	0.36	1.74
reasonably	0.36	1.92
absolute	0.36	1.55
ms	0.36	0.96
count	0.36	2.45
shut	0.36	1.43
entirely	0.36	1.95
limited	0.36	1.31
shop	0.36	1.02
problem	0.36	1.74
possession	0.36	1.75
objective	0.36	1.58
jimmy	0.36	1.81
fair	0.36	1.84
pull	0.36	2.47
get	0.36	2.44
downvote	0.36	2.11
boat	0.36	1.06
fiesta	0.36	1.25
surprise	0.36	3.35
find	0.36	2.53
yikes	0.37	1.81
planned	0.37	1.24
fwiw	0.37	1.28
1998	0.37	1.48
clothes	0.37	1.14
absurd	0.37	2.58
up	0.37	2.26
simply	0.37	2.20
kingsbury	0.37	0.98
rookie	0.37	1.46
accept	0.37	1.69
gas	0.37	1.06
invite	0.37	1.25
learning	0.37	1.94
edge	0.37	2.36
what	0.37	3.06
outside	0.37	1.02
even	0.37	2.85
ignore	0.37	2.31
immediately	0.37	1.93
try	0.37	2.18
giving	0.37	2.00
mentioning	0.37	2.51
nyc	0.38	0.98
burnt	0.38	1.40
us	0.38	2.53
after	0.38	1.82
helmet	0.38	1.30
anymore	0.38	2.77
plans	0.38	1.15
forum	0.38	1.44
refused	0.38	2.10
property	0.38	1.21
work	0.38	2.12
acceptable	0.38	1.87
alcohol	0.38	1.20
rated	0.38	1.56
obligatory	0.39	1.44
irony	0.39	2.30
tree	0.39	1.35
owned	0.39	1.04
then	0.39	2.66
ca	0.39	2.39
publix	0.39	1.09
fairness	0.39	1.78
available	0.39	1.23
sticking	0.39	1.58
believe	0.39	3.16
na	0.39	3.07
tells	0.39	3.80
worried	0.39	5.28
cherry	0.39	1.30
imo	0.39	2.13
star	0.39	1.33
iirc	0.39	2.04
disagree	0.40	4.48
keeping	0.40	1.97
were	0.40	2.26
fucker	0.40	1.48
paper	0.40	1.48
morgantown	0.40	0.82
1999	0.40	1.51
started	0.40	1.89
kept	0.40	2.51
presented	0.40	1.10
release	0.40	1.46
yours	0.40	1.81
theme	0.40	0.91
computer	0.40	1.47
suggesting	0.40	2.52
supposedly	0.40	1.12
dont	0.40	2.62
2-0	0.40	2.57
profile	0.41	1.13
happen	0.41	2.74
however	0.41	2.90
store	0.41	1.02
equipment	0.41	1.26
ricky	0.41	1.21
industry	0.41	1.01
whom	0.41	1.10
because	0.41	3.00
fail	0.41	1.58
way	0.41	2.91
tried	0.41	2.19
hug	0.41	1.64
pulled	0.41	1.93
2002	0.42	1.54
card	0.42	1.06
idk	0.42	3.23
didnt	0.42	2.37
requires	0.42	1.47
bringing	0.42	2.12
2007	0.42	1.48
helping	0.42	1.82
judging	0.42	1.52
experiences	0.42	1.58
again	0.42	2.53
anyway	0.42	2.90
featured	0.42	1.26
cant	0.42	2.43
ttu	0.42	0.92
mix	0.42	1.20
anywhere	0.42	2.53
why	0.42	3.02
map	0.42	1.21
companies	0.43	1.01
turning	0.43	1.96
offseason	0.43	1.40
handle	0.43	2.02
dedicated	0.43	1.75
re	0.43	3.18
playoffs	0.43	1.73
natty	0.43	1.19
idea	0.43	2.64
gladly	0.43	2.15
whichever	0.43	1.45
positive	0.43	3.01
overly	0.43	2.93
consider	0.43	2.49
healthy	0.43	1.44
got	0.43	2.28
mind	0.43	2.82
aka	0.43	0.94
offended	0.43	4.39
antonio	0.44	0.91
his	0.44	1.59
nationally	0.44	2.21
spin	0.44	1.26
out	0.44	2.42
recognize	0.44	2.41
sense	0.44	2.31
tx	0.44	0.98
2006	0.44	1.52
changing	0.44	1.21
destiny	0.44	1.35
tampa	0.44	0.82
houston	0.44	1.05
following	0.44	1.10
rekt	0.44	1.53
alex	0.44	0.98
younger	0.44	1.09
wont	0.44	2.46
having	0.44	1.76
grades	0.44	1.34
2015	0.44	1.61
guys	0.45	2.74
decided	0.45	2.16
detroit	0.45	0.93
argue	0.45	2.74
yet	0.45	2.36
noticed	0.45	2.26
pissed	0.45	5.18
film	0.45	1.12
expensive	0.45	1.66
saw	0.45	1.58
begin	0.45	1.78
tuned	0.45	1.42
2008	0.46	1.52
somehow	0.46	2.40
alone	0.46	1.72
could	0.46	2.54
told	0.46	2.31
stepping	0.46	1.87
chicago	0.46	0.98
active	0.46	2.01
vince	0.46	0.90
assume	0.47	2.99
theory	0.47	1.92
figure	0.47	2.69
accounts	0.47	1.54
thoroughly	0.47	2.41
movies	0.47	1.15
alum	0.47	0.90
knowing	0.47	2.62
pt	0.47	1.53
season	0.47	1.97
training	0.47	1.35
exactly	0.47	2.89
damned	0.47	1.37
50/50	0.47	2.33
pointed	0.47	2.02
tip	0.47	1.30
chick-fil-a	0.47	0.97
numbers	0.47	1.14
correctly	0.47	4.65
which	0.47	2.63
blog	0.47	1.70
ideas	0.47	1.41
obviously	0.47	2.63
breakdown	0.47	1.53
rather	0.47	2.57
wondered	0.48	1.74
pre	0.48	1.55
pump	0.48	1.68
know	0.48	2.99
leads	0.48	1.88
bank	0.48	1.04
our	0.48	2.99
articles	0.48	1.78
wouldnt	0.48	2.75
gone	0.48	2.09
debate	0.48	1.78
bastard	0.48	1.60
amp	0.48	1.43
serve	0.48	1.10
trust	0.48	2.98
minimum	0.48	1.31
different	0.48	1.33
sea	0.48	1.20
confirm	0.48	1.33
unless	0.48	2.50
say	0.49	2.96
honestly	0.49	3.15
projected	0.49	2.45
island	0.49	1.05
2010	0.49	1.55
allowed	0.49	2.11
wo	0.49	2.57
forgetting	0.49	3.17
setup	0.49	1.02
choke	0.49	1.64
2003	0.49	1.59
manage	0.49	2.21
although	0.49	2.71
11-1	0.49	1.94
ended	0.49	1.68
michael	0.49	0.92
dream	0.49	1.42
minus	0.49	0.70
explained	0.50	1.75
want	0.50	2.64
unbiased	0.50	1.65
where	0.50	2.97
start	0.50	2.18
shade	0.50	1.50
class	0.50	1.39
chip	0.50	1.25
if	0.50	2.92
bought	0.50	1.03
crowd	0.50	1.13
sacrifice	0.50	1.03
either	0.50	2.89
ouch	0.50	1.75
professor	0.50	1.58
tallahassee	0.50	0.88
taking	0.50	2.02
brah	0.50	1.68
scale	0.50	1.38
especially	0.50	1.26
towns	0.50	1.90
matched	0.50	1.78
capacity	0.50	1.02
chain	0.50	1.02
timeouts	0.51	2.26
impression	0.51	1.25
stopped	0.51	1.84
meal	0.51	1.14
ameer	0.51	1.15
songs	0.51	0.85
legitimate	0.51	1.37
counting	0.51	2.86
content	0.51	1.50
rely	0.51	1.38
adam	0.51	1.02
left	0.51	2.21
jail	0.51	1.64
smith	0.51	0.95
skin	0.51	1.85
and/or	0.51	1.23
tie	0.51	1.28
planning	0.51	2.00
exact	0.52	1.83
ceiling	0.52	1.78
fine	0.52	3.64
gordon	0.52	1.17
everywhere	0.52	1.09
nervous	0.52	5.09
busy	0.52	3.71
finding	0.52	1.94
certainly	0.52	2.62
2012	0.52	1.61
final	0.52	1.82
min	0.52	1.82
graduated	0.52	0.96
duck	0.52	1.07
abdullah	0.52	1.17
yall	0.52	2.75
melvin	0.53	1.15
begins	0.53	1.24
hour	0.53	1.35
understand	0.53	3.02
still	0.53	3.08
campbell	0.53	0.93
youtube	0.53	1.15
maybe	0.53	2.90
eventually	0.53	2.38
imagine	0.53	2.97
traffic	0.53	1.02
talking	0.53	3.19
books	0.54	1.13
downs	0.54	2.20
norman	0.54	0.92
from	0.54	1.63
should	0.54	2.60
need	0.54	2.41
day	0.54	1.36
pasadena	0.54	0.93
mean	0.54	2.94
guaranteed	0.54	1.69
facts	0.54	2.01
conclusion	0.54	1.81
2009	0.54	1.60
so	0.54	3.01
possible	0.54	2.04
predicted	0.55	2.39
gif	0.55	1.68
2011	0.55	1.62
square	0.55	1.04
cannon	0.55	0.96
gear	0.55	1.03
can	0.55	2.32
posters	0.55	1.46
wikipedia	0.55	1.86
beginning	0.55	1.70
excited	0.55	5.22
may	0.55	2.66
shit	0.55	1.84
read	0.55	1.91
meeting	0.55	0.96
includes	0.55	1.07
headline	0.55	2.21
point	0.55	2.36
generally	0.55	1.72
hyde	0.55	1.37
elite	0.55	2.25
boss	0.55	1.04
freeman	0.56	1.28
happening	0.56	2.76
brothers	0.56	0.93
probably	0.56	2.53
rounds	0.56	2.21
lots	0.56	1.21
course	0.56	2.87
videos	0.56	1.24
mile	0.56	1.15
might	0.56	2.82
reggie	0.56	0.90
conversion	0.56	1.80
logic	0.56	2.13
level	0.56	1.73
poorly	0.56	2.19
manhattan	0.56	0.82
clark	0.56	1.71
discussing	0.56	2.03
boner	0.56	2.72
walk	0.57	1.05
id	0.57	2.28
strip	0.57	1.06
stone	0.57	1.14
d	0.57	2.88
dr	0.57	0.97
scoring	0.58	2.39
wan	0.58	2.34
saying	0.58	3.13
bright	0.58	1.43
studying	0.58	1.54
i.e	0.58	1.48
tide	0.58	1.09
genuinely	0.58	3.28
properly	0.58	2.24
scored	0.58	2.00
found	0.58	1.71
whose	0.58	1.92
actually	0.58	2.84
willing	0.58	2.27
h	0.58	1.67
trying	0.59	2.33
seriously	0.59	2.89
notice	0.59	2.43
county	0.59	0.99
taught	0.59	1.75
hope	0.59	2.74
pray	0.59	1.17
coming	0.59	2.18
bet	0.59	2.55
wanted	0.59	2.33
gon	0.59	3.18
banned	0.59	1.53
lil	0.59	1.58
teammates	0.59	1.13
o	0.59	1.63
women	0.59	1.56
shoot	0.60	1.70
fast	0.60	1.31
comparison	0.60	1.80
admit	0.60	2.86
vick	0.60	0.86
travel	0.60	0.98
wreck	0.60	1.01
da	0.60	2.08
lincoln	0.60	0.77
passionate	0.60	2.06
shoulders	0.60	1.09
connections	0.60	2.96
rating	0.60	1.90
contain	0.60	1.33
champions	0.60	1.87
switched	0.60	1.00
shane	0.60	1.14
walking	0.60	1.03
recall	0.61	2.42
stayed	0.61	1.35
hes	0.61	1.50
realize	0.61	2.91
soon	0.61	2.48
5-6	0.61	1.85
nissan	0.61	1.58
topic	0.61	1.83
would	0.61	2.61
checks	0.61	1.52
myles	0.61	1.33
convert	0.62	1.81
subject	0.62	1.79
removed	0.62	1.66
wondering	0.62	4.11
list	0.62	1.60
generation	0.62	1.18
combo	0.62	1.46
backfield	0.62	1.44
dem	0.62	1.92
finishes	0.62	1.99
w	0.62	1.55
initially	0.62	2.35
minute	0.62	2.08
example	0.62	1.68
dog	0.62	1.15
real	0.62	1.47
dallas	0.62	0.90
difference	0.62	1.79
tired	0.62	4.21
ryan	0.62	0.88
midnight	0.63	1.56
described	0.63	1.86
lie	0.63	2.84
c'mon	0.63	1.46
12-1	0.63	1.94
12-0	0.63	1.90
bout	0.63	2.15
loose	0.63	1.73
roll	0.63	1.08
hat	0.63	1.09
boot	0.63	1.70
afterwards	0.63	1.23
future	0.63	1.89
dark	0.63	0.90
expected	0.63	2.56
tbh	0.63	2.68
far	0.64	1.93
coffee	0.64	1.14
wish	0.64	2.63
mvp	0.64	1.15
pleased	0.64	4.93
waited	0.64	1.75
end	0.64	1.99
areas	0.64	1.34
needed	0.64	2.09
luckily	0.64	2.01
technology	0.64	1.31
remember	0.64	2.78
flight	0.64	0.98
author	0.64	2.17
twitter	0.64	1.55
legendary	0.64	1.62
wise	0.64	1.65
bitches	0.65	1.47
sub	0.65	1.63
guarantee	0.65	2.77
ours	0.65	1.83
among	0.65	2.14
wanting	0.65	2.26
adult	0.65	1.40
apartment	0.65	1.00
believing	0.65	2.82
yo	0.65	2.11
shape	0.65	1.75
previous	0.65	1.87
remove	0.65	1.69
relevant	0.65	1.88
request	0.66	2.09
message	0.66	1.60
commenting	0.66	2.18
ll	0.66	2.62
bacon	0.66	0.99
orleans	0.66	0.79
analysis	0.66	1.51
ideal	0.66	1.65
variety	0.66	1.34
quit	0.67	2.09
coke	0.67	1.06
expect	0.67	2.90
ending	0.67	1.46
somewhere	0.67	2.11
native	0.67	1.79
stuck	0.67	2.18
will	0.67	2.64
dome	0.67	0.96
invited	0.67	1.00
whats	0.67	1.56
r/nfl	0.67	1.69
spot	0.67	2.14
doubt	0.67	2.71
first	0.68	2.50
think	0.68	2.88
betting	0.68	2.90
nashville	0.68	0.82
older	0.68	1.16
definitely	0.68	2.78
easy	0.68	1.56
speed	0.68	1.56
write	0.68	2.12
wizard	0.68	1.14
arbor	0.68	0.76
useful	0.69	1.80
noon	0.69	1.51
birmingham	0.69	0.86
booze	0.69	1.05
wherever	0.69	2.26
hopefully	0.69	2.53
fyi	0.69	1.98
done	0.69	1.52
jk	0.69	1.36
street	0.69	1.04
learned	0.69	1.95
fitting	0.69	2.05
scores	0.69	1.89
drinks	0.69	1.14
monday	0.69	1.40
trey	0.69	1.32
lower	0.70	1.78
unfortunately	0.70	2.53
means	0.70	2.43
working	0.70	2.09
nights	0.70	1.45
ann	0.70	0.80
amen	0.70	1.22
likely	0.70	2.22
tweets	0.70	1.72
fournette	0.70	1.36
higher	0.70	1.97
missing	0.70	2.91
arguments	0.70	1.96
mixed	0.71	1.14
drink	0.71	1.19
paint	0.71	1.12
intent	0.71	1.98
quotes	0.71	1.89
spelled	0.71	5.00
f	0.71	1.57
convincing	0.71	1.91
praise	0.71	1.00
williams	0.71	1.23
famous	0.71	1.18
apple	0.71	1.14
percentage	0.71	2.14
subs	0.71	1.58
ta	0.71	2.26
tend	0.71	1.20
drank	0.71	1.20
pop	0.71	0.95
foster	0.71	1.21
guess	0.71	2.93
r/cfb	0.71	1.67
b	0.72	1.74
impressive	0.72	2.37
mercy	0.72	1.28
3-9	0.72	1.91
4-0	0.72	2.96
subreddit	0.72	1.63
moving	0.72	1.98
leaving	0.72	1.51
sake	0.72	1.39
l	0.72	1.61
playoff	0.72	1.80
fit	0.72	1.50
exciting	0.73	2.40
merely	0.73	2.33
mention	0.73	2.47
elsewhere	0.73	1.86
annoyed	0.73	4.93
mid	0.73	1.72
8-5	0.73	1.92
early	0.73	1.54
7-6	0.73	1.92
crimson	0.73	1.24
necessary	0.73	1.67
hyped	0.73	4.35
score	0.74	1.99
loyal	0.74	2.48
letting	0.74	2.28
etc	0.74	1.11
discussion	0.74	1.61
3-0	0.74	2.81
im	0.74	4.38
5-7	0.74	1.96
4-8	0.74	1.94
teacher	0.74	1.44
offering	0.74	1.49
station	0.74	0.83
now	0.74	3.05
raised	0.74	1.01
finally	0.74	2.59
9-4	0.75	1.92
shots	0.75	1.20
waco	0.75	0.87
bottle	0.75	1.22
master	0.75	0.79
captain	0.75	1.50
strong	0.75	1.97
predict	0.75	2.71
discuss	0.75	2.06
cheaper	0.75	1.21
chaos	0.75	1.04
everyday	0.75	1.18
motherfucker	0.75	1.41
high	0.76	1.67
lame	0.76	2.32
metro	0.76	1.04
thanksgiving	0.76	1.25
11-2	0.76	1.92
column	0.76	1.71
c	0.77	1.69
via	0.77	1.52
specifically	0.77	1.92
mistaken	0.77	4.21
photo	0.77	1.40
ahem	0.77	1.74
string	0.77	2.43
el	0.77	0.91
rate	0.77	1.71
invested	0.77	4.00
hats	0.77	1.09
finish	0.77	1.96
quarters	0.77	2.45
6-6	0.77	1.97
wilson	0.78	0.90
suggest	0.78	2.12
sunday	0.78	1.49
reminded	0.78	3.47
bound	0.78	2.34
prediction	0.78	2.77
page	0.78	1.64
links	0.78	1.64
tuesday	0.78	1.46
arguing	0.78	3.06
u	0.78	2.45
10-2	0.78	2.01
dressed	0.78	0.97
default	0.79	1.39
select	0.79	1.55
dare	0.79	1.57
account	0.79	1.65
boom	0.79	1.31
jack	0.79	1.19
pair	0.79	1.07
parking	0.79	0.97
skrong	0.79	1.86
lubbock	0.79	0.86
t	0.79	1.74
morning	0.79	1.51
supposed	0.79	3.15
forget	0.79	2.63
old	0.79	1.06
thursday	0.79	1.35
k	0.80	1.71
shirt	0.80	1.09
cobb	0.80	1.16
focused	0.80	3.15
wednesday	0.80	1.41
app	0.80	1.22
fully	0.81	2.73
voodoo	0.81	1.04
reasoning	0.81	2.20
meat	0.81	1.14
columbus	0.81	0.81
boys	0.81	1.64
lock	0.81	1.17
needs	0.81	2.37
realistically	0.81	2.54
shall	0.81	0.97
gods	0.81	1.09
2.0	0.81	0.82
down	0.81	2.08
burger	0.81	1.06
award	0.81	1.22
rates	0.82	1.57
9-3	0.82	2.03
pictures	0.82	1.42
woke	0.82	2.19
cap	0.82	1.05
threads	0.82	1.69
drive	0.82	2.11
karma	0.82	1.90
downvoted	0.82	2.55
getting	0.82	2.50
record	0.83	2.70
shorts	0.83	1.55
tomorrow	0.83	1.56
an	0.83	1.35
yesterday	0.83	1.59
modern	0.83	1.93
fort	0.83	0.86
analogy	0.83	1.89
meet	0.83	1.03
hotel	0.83	1.01
anyways	0.83	2.64
gainesville	0.83	0.85
pics	0.83	1.29
initial	0.83	2.13
hmm	0.84	2.59
half	0.84	2.46
brilliant	0.84	2.65
ron	0.84	0.99
wait	0.84	2.39
atlanta	0.84	0.93
overtime	0.84	1.84
comments	0.84	2.03
la	0.84	1.22
afternoon	0.84	1.43
buddies	0.84	1.07
forgotten	0.85	2.01
jealous	0.85	4.90
teach	0.85	2.03
careful	0.85	2.72
automatically	0.85	1.75
eugene	0.85	0.69
math	0.85	1.60
pink	0.85	1.55
motherfuckers	0.85	1.45
refer	0.85	2.32
until	0.85	1.78
8-4	0.85	2.04
knoxville	0.85	0.81
animal	0.85	1.25
coleman	0.86	1.28
hostile	0.86	1.61
reddit	0.86	1.65
their	0.86	3.97
saturdays	0.86	1.35
providing	0.86	1.29
jorts	0.86	1.63
posting	0.86	1.87
orange	0.86	1.25
clicking	0.86	1.71
7-5	0.86	2.02
airport	0.86	0.97
ranked	0.86	3.15
search	0.86	1.54
evening	0.86	1.45
nuts	0.86	1.80
eating	0.86	1.42
pls	0.86	1.39
bid	0.86	1.80
her	0.86	0.88
facebook	0.87	1.66
frustrated	0.87	5.02
eagle	0.87	1.09
creating	0.87	1.24
goddamnit	0.87	1.60
remembered	0.87	2.14
wearing	0.87	1.19
aint	0.87	2.59
fucking	0.87	1.86
environment	0.87	1.21
heisman	0.87	1.32
linked	0.87	1.90
went	0.87	1.62
kyle	0.87	0.97
here	0.88	2.76
ready	0.88	3.28
parents	0.88	0.86
users	0.88	1.60
century	0.88	2.92
friday	0.89	1.43
mods	0.89	1.58
indeed	0.89	2.37
night	0.89	1.48
also	0.89	2.09
vacation	0.89	1.21
wiki	0.89	1.94
headed	0.89	0.93
levels	0.89	1.44
lead	0.89	2.22
posts	0.89	1.89
gift	0.90	1.31
upvotes	0.90	2.08
waffle	0.90	1.03
cuz	0.90	2.94
bend	0.90	0.86
shoes	0.90	1.54
understood	0.90	2.28
catch	0.90	1.42
perfectly	0.90	1.76
guy	0.90	1.39
dudes	0.91	1.25
sex	0.91	0.95
advice	0.91	1.52
plz	0.91	1.29
rouge	0.91	0.74
thread	0.91	2.00
born	0.91	1.03
argument	0.91	2.13
suppose	0.91	2.56
glass	0.91	1.45
wears	0.91	1.14
ranks	0.91	2.35
assuming	0.91	2.99
predicting	0.91	4.31
maroon	0.92	1.39
mother	0.92	1.06
lunch	0.92	1.22
link	0.92	1.61
new	0.92	0.89
alternative	0.92	1.18
upvoted	0.92	2.03
thought	0.92	2.49
sending	0.92	1.89
near	0.92	1.07
tell	0.92	2.65
saturday	0.92	1.43
second	0.93	3.23
attended	0.93	0.91
copy	0.93	1.77
color	0.93	1.62
wedding	0.93	0.91
closer	0.93	1.30
2013	0.93	1.88
shirts	0.93	1.20
r	0.93	1.84
explain	0.94	2.47
tuscaloosa	0.94	0.78
n	0.94	1.91
pm	0.94	2.01
there	0.94	1.88
most	0.94	3.85
breakfast	0.94	1.19
u/honestly	0.94	1.62
fits	0.95	1.44
ai	0.95	2.75
freak	0.95	1.85
lansing	0.95	0.77
hey	0.95	2.18
egg	0.95	1.11
folks	0.95	1.31
halloween	0.95	1.03
responses	0.95	2.03
ya	0.95	2.54
legit	0.95	1.49
eh	0.95	2.45
recruiter	0.96	2.03
fuck	0.96	1.80
commercial	0.96	1.57
round	0.96	2.69
orlando	0.96	0.90
bruh	0.96	2.19
gold	0.96	1.62
y	0.96	2.16
hoped	0.96	2.11
till	0.96	1.87
above	0.96	1.69
tonight	0.96	1.96
leading	0.97	2.37
engineer	0.97	1.25
park	0.97	0.90
earlier	0.97	1.98
logical	0.97	1.76
email	0.97	1.82
grey	0.98	1.62
city	0.98	1.07
cat	0.98	0.86
halfway	0.98	1.99
expert	0.98	2.32
amazed	0.98	4.95
comeback	0.99	1.63
full	0.99	1.55
send	0.99	1.75
uncle	0.99	0.86
pattern	0.99	1.15
christmas	0.99	1.06
death	1.00	1.67
x	1.00	2.03
alert	1.00	1.59
tone	1.00	2.65
concerned	1.00	5.22
compliment	1.00	2.06
ot	1.00	2.04
pizza	1.00	1.44
austin	1.00	0.85
pic	1.00	1.52
insight	1.01	1.61
scene	1.01	1.19
noted	1.01	1.84
convince	1.01	2.21
son	1.01	1.23
wear	1.01	1.26
phenomenal	1.01	2.89
quarter	1.01	2.46
wrote	1.01	2.32
bird	1.01	1.28
yellow	1.02	1.40
apparently	1.02	2.41
concept	1.02	1.81
hair	1.02	1.50
female	1.02	0.95
hmmm	1.02	2.27
address	1.02	2.00
brother	1.02	0.86
y'all	1.02	2.13
ones	1.02	1.37
responding	1.02	2.62
afraid	1.02	5.15
image	1.02	1.24
male	1.02	0.99
though	1.03	2.36
race	1.03	1.07
sometime	1.04	1.60
hello	1.04	1.10
basic	1.04	2.16
wine	1.04	1.15
dinner	1.04	1.14
meh	1.04	2.68
realistic	1.04	3.23
dad	1.04	0.87
posted	1.04	2.04
mom	1.04	0.83
sidebar	1.04	1.45
taco	1.04	1.41
she	1.04	0.87
click	1.05	1.62
g	1.05	1.66
nicely	1.05	1.81
katy	1.05	3.14
standard	1.05	1.40
written	1.05	2.34
ftfy	1.05	1.13
whiskey	1.05	1.20
late	1.05	2.07
stadiums	1.05	1.04
blue	1.06	1.44
seed	1.06	2.09
invented	1.06	1.52
grew	1.06	1.02
scared	1.06	5.18
served	1.06	1.22
p	1.06	1.92
welp	1.06	1.64
cousin	1.06	0.86
red	1.07	1.43
referencing	1.07	2.66
heck	1.07	1.94
am	1.07	4.96
house	1.07	0.92
e	1.07	2.31
january	1.07	2.08
hilarious	1.08	2.94
woman	1.08	0.89
statement	1.08	2.93
starkville	1.08	0.80
sister	1.08	0.80
lowest	1.08	2.30
area	1.08	0.96
flair	1.08	1.36
butter	1.08	1.27
please	1.08	1.52
friend	1.08	0.90
priority	1.09	1.33
wore	1.09	1.30
respectively	1.09	2.76
tweet	1.09	1.97
poster	1.09	2.02
user	1.09	1.70
grand	1.09	1.03
light	1.09	1.12
hook	1.09	1.02
player	1.09	3.94
primary	1.09	3.11
purple	1.10	1.41
aww	1.10	1.56
learn	1.10	2.19
sandwich	1.10	1.09
wat	1.10	1.71
reasonable	1.11	1.91
woah	1.11	1.69
yay	1.11	1.53
button	1.11	1.26
eat	1.11	1.57
fly	1.11	0.98
explanation	1.11	1.91
seeing	1.11	3.34
umm	1.11	1.78
stadium	1.11	1.08
stud	1.12	1.74
clemsoning	1.12	2.23
curious	1.12	4.96
ugh	1.13	1.90
omg	1.13	1.73
2014	1.13	2.01
liquor	1.13	1.15
pants	1.13	1.36
mine	1.13	1.21
wife	1.13	0.79
define	1.13	2.04
drinking	1.13	1.51
leader	1.13	1.53
finishing	1.13	2.28
as	1.14	2.03
mod	1.14	1.55
comfortable	1.14	4.82
writing	1.14	2.23
colors	1.14	1.60
magic	1.14	1.24
explaining	1.14	2.09
google	1.14	1.63
ford	1.14	0.89
guessing	1.14	5.05
ex	1.14	0.81
nah	1.15	2.49
confident	1.15	5.11
impressed	1.15	4.75
structure	1.15	1.96
mormon	1.15	1.12
nicest	1.15	3.91
favorites	1.15	1.26
cheese	1.15	1.07
weekends	1.15	1.01
yup	1.16	2.40
normal	1.16	1.28
100k	1.16	0.89
bless	1.16	0.82
father	1.16	0.90
green	1.17	1.45
optimistic	1.17	5.04
m	1.17	4.82
hence	1.17	2.46
present	1.17	1.41
chicken	1.18	1.04
sent	1.18	1.89
post	1.18	2.14
campus	1.18	0.90
largest	1.18	4.12
revenge	1.18	1.48
statistically	1.18	3.38
interesting	1.19	3.37
located	1.19	1.60
family	1.19	0.92
fix	1.19	2.38
hell	1.19	2.24
terrified	1.20	5.11
low	1.20	1.47
convinced	1.20	4.97
definition	1.20	2.31
rational	1.20	1.55
conversation	1.20	1.92
white	1.20	1.46
gf	1.20	0.81
girlfriend	1.20	0.81
well	1.21	2.20
thats	1.21	2.16
bourbon	1.21	1.16
sauce	1.21	1.04
ask	1.21	2.28
drove	1.21	0.94
daughter	1.21	0.79
doing	1.22	2.37
miracle	1.22	1.52
must	1.22	2.47
below	1.22	1.71
picture	1.22	1.54
beef	1.22	1.03
cream	1.22	1.28
food	1.22	1.11
gray	1.22	1.50
bbq	1.22	1.01
memorial	1.22	1.15
jersey	1.22	1.44
1st	1.22	2.94
staying	1.23	2.86
quote	1.23	2.36
4th	1.23	2.86
bored	1.23	4.53
friends	1.23	0.85
turkey	1.23	1.10
while	1.24	2.03
respond	1.24	2.27
added	1.24	2.02
june	1.24	2.05
terrifying	1.24	2.58
glad	1.25	4.58
happier	1.25	4.38
finished	1.25	2.45
til	1.25	2.13
black	1.25	1.47
interested	1.25	4.98
beaver	1.25	1.14
username	1.25	2.01
wtf	1.26	1.80
personally	1.26	2.79
agreed	1.26	2.02
explains	1.26	2.01
upset	1.27	4.65
roommate	1.27	0.81
mr	1.27	1.39
originally	1.27	2.85
baton	1.27	0.75
asking	1.27	2.77
madison	1.27	0.97
questions	1.28	2.09
my	1.28	1.08
close	1.28	2.90
lord	1.28	1.24
epic	1.28	2.43
boy	1.28	2.10
answers	1.29	2.17
hi	1.29	1.52
fourth	1.30	2.81
book	1.30	1.03
heh	1.30	2.09
beers	1.31	1.03
wut	1.31	1.94
hah	1.31	2.14
motherfucking	1.31	1.52
hero	1.31	1.08
delete	1.31	2.34
hopeful	1.31	5.04
unbelievable	1.31	2.66
pumped	1.32	4.80
res	1.32	1.42
nation	1.32	4.44
tied	1.32	3.18
heading	1.33	1.00
oxford	1.33	0.75
party	1.33	1.10
original	1.34	3.02
today	1.34	1.49
tag	1.34	1.54
question	1.34	2.31
excellent	1.34	2.78
tour	1.34	1.26
intelligent	1.34	1.50
update	1.34	1.73
ama	1.35	1.79
prepared	1.35	4.14
description	1.35	1.85
pie	1.35	1.24
relax	1.35	1.26
sick	1.36	3.04
swamp	1.36	1.16
autzen	1.36	1.18
live	1.36	1.05
jj	1.37	1.27
choice	1.37	2.93
form	1.37	2.48
lt	1.38	1.95
3rd	1.38	2.99
lady	1.38	0.87
hail	1.39	1.06
hahaha	1.39	1.91
hot	1.39	1.42
chrome	1.39	1.29
upvote	1.40	1.82
valley	1.40	1.17
chick	1.40	1.06
fried	1.41	1.17
entertainment	1.41	1.02
ate	1.41	1.55
deleted	1.41	2.44
married	1.41	0.82
figured	1.41	2.77
august	1.42	2.08
third	1.42	3.09
visited	1.42	1.42
god	1.42	1.62
houses	1.42	0.95
bread	1.42	1.21
lmao	1.43	1.69
fresh	1.43	1.10
responded	1.43	2.50
shoe	1.43	1.18
bosa	1.43	1.53
familiar	1.44	4.07
2nd	1.44	3.32
celebrate	1.44	0.96
pointing	1.44	2.76
neyland	1.45	1.18
september	1.46	2.35
sure	1.46	4.16
fuckin	1.47	1.73
beer	1.47	0.94
places	1.47	1.20
rustled	1.47	4.02
tea	1.47	1.11
uhh	1.48	2.14
aware	1.48	4.53
seriousness	1.48	1.20
doak	1.48	1.12
comment	1.48	2.92
holy	1.49	1.77
text	1.49	2.13
response	1.49	2.77
par	1.49	2.35
weekend	1.49	1.13
watching	1.50	1.44
packed	1.50	1.17
letter	1.50	2.36
november	1.50	2.32
thinking	1.50	4.21
mistake	1.51	3.88
alright	1.51	2.24
yea	1.51	2.21
dear	1.52	1.40
sigh	1.52	1.89
bars	1.52	0.92
surrounded	1.52	0.99
check	1.52	1.30
darn	1.52	2.06
unis	1.53	1.72
answered	1.53	2.45
context	1.53	2.88
hoping	1.53	4.49
referring	1.53	2.72
all-time	1.53	3.98
town	1.54	1.19
perfect	1.54	2.32
traveling	1.54	0.97
describe	1.54	2.58
huh	1.54	2.32
liked	1.54	3.25
december	1.55	2.34
checked	1.55	2.21
hahahaha	1.55	1.87
expecting	1.55	4.65
feature	1.56	1.29
bud	1.56	1.62
luck	1.56	1.42
importantly	1.56	0.85
buddy	1.56	1.82
worries	1.56	2.46
bro	1.57	2.00
kidding	1.57	1.96
gameday	1.57	0.79
uniforms	1.57	1.67
reading	1.58	2.13
goodness	1.58	1.47
uniform	1.58	1.52
using	1.59	1.97
telling	1.60	3.97
at	1.60	1.38
adidas	1.60	1.49
thank	1.60	1.64
silver	1.60	1.53
7th	1.60	3.43
bar	1.61	0.98
glory	1.61	1.01
ahhh	1.61	2.26
currently	1.61	4.25
proper	1.61	3.58
blackout	1.62	1.33
jesus	1.62	1.72
worn	1.62	1.42
nope	1.62	2.17
trips	1.63	0.91
letters	1.63	2.23
girl	1.63	0.97
killer	1.64	1.98
quiet	1.64	2.12
wow	1.64	1.80
your	1.64	3.11
speak	1.64	2.45
corn	1.65	1.09
yeah	1.65	2.21
october	1.65	2.60
rocking	1.65	1.11
dating	1.65	0.80
living	1.65	1.02
taste	1.66	1.84
tagged	1.66	2.75
haha	1.66	2.28
damnit	1.66	1.77
birthday	1.66	1.83
moved	1.66	1.01
unstoppable	1.67	2.18
ha	1.67	2.28
updated	1.67	1.91
tho	1.68	1.93
grade	1.68	2.55
phone	1.68	2.24
9th	1.68	3.39
going	1.69	4.03
flairs	1.69	0.93
trip	1.69	0.92
name	1.69	2.25
mobile	1.69	2.33
place	1.70	4.04
6th	1.70	3.41
baby	1.70	1.40
reference	1.71	1.25
8th	1.72	3.34
spell	1.72	3.18
man	1.72	2.06
spoken	1.72	1.42
replied	1.73	2.71
calm	1.73	1.48
dammit	1.74	1.78
lol	1.74	1.82
tall	1.74	1.20
uh	1.75	2.16
enjoying	1.75	3.16
nickname	1.75	1.12
athens	1.75	0.85
nike	1.75	1.24
jerseys	1.76	1.54
welcome	1.76	1.10
goddamn	1.77	1.60
rock	1.77	0.85
owns	1.77	3.04
yep	1.77	2.31
helmets	1.77	1.70
congratulations	1.78	1.16
sarcasm	1.78	3.20
whoa	1.78	1.90
reply	1.79	3.07
okay	1.79	2.25
uses	1.79	2.66
stoked	1.79	4.35
yes	1.80	1.93
scary	1.80	1.87
cooler	1.80	1.23
lived	1.80	1.02
insane	1.80	2.39
assumption	1.80	3.39
french	1.81	2.41
clarify	1.82	3.24
beast	1.82	1.77
use	1.82	2.55
potato	1.82	0.98
accidentally	1.83	3.15
wings	1.83	1.08
restaurant	1.83	1.00
enter	1.84	0.78
mascots	1.86	1.20
overall	1.87	4.09
dang	1.88	1.65
version	1.89	0.85
date	1.89	1.06
ok	1.90	2.23
trees	1.90	1.02
op	1.91	2.83
appears	1.91	3.38
english	1.91	2.86
common	1.92	2.75
aw	1.92	1.69
waiting	1.95	4.00
cheerleaders	1.95	0.95
hungry	1.98	3.57
5th	1.98	4.27
design	1.98	1.01
delicious	1.99	1.14
parties	1.99	1.13
honest	2.00	3.54
highest	2.01	3.89
preferred	2.01	1.15
goddammit	2.01	1.92
apologize	2.01	3.40
names	2.02	1.98
downtown	2.02	0.86
oh	2.02	1.85
mascot	2.02	1.13
outstanding	2.02	2.41
gotcha	2.03	2.51
language	2.05	3.01
realized	2.05	2.88
appreciate	2.06	1.37
error	2.08	3.84
mountains	2.08	1.36
logos	2.08	1.03
fifth	2.09	4.03
phrase	2.09	2.70
sight	2.14	1.48
looking	2.14	3.10
met	2.15	2.29
neat	2.16	3.24
surrounding	2.19	1.02
alternate	2.19	1.50
great	2.20	2.33
used	2.20	3.28
apologies	2.20	3.31
lives	2.21	2.75
understanding	2.23	3.16
girls	2.24	1.06
enjoyed	2.25	2.33
uni	2.27	1.53
generous	2.28	3.18
spelling	2.28	4.21
monster	2.30	2.12
ah	2.32	2.47
appropriate	2.33	2.54
beach	2.34	0.93
lucky	2.34	3.26
looks	2.35	2.29
ahh	2.35	2.58
kliff	2.36	1.01
incredible	2.36	2.35
lake	2.37	1.07
dat	2.37	1.35
grammar	2.39	4.01
whoops	2.39	3.42
meaning	2.40	3.68
followed	2.41	1.92
thanks	2.42	2.27
term	2.43	3.24
props	2.43	1.83
magical	2.44	2.00
nevermind	2.44	2.58
helluva	2.45	2.09
12th	2.46	3.64
reminds	2.46	1.98
sharp	2.47	1.28
word	2.48	3.82
simple	2.49	2.17
meant	2.50	3.80
words	2.52	3.83
notch	2.52	2.36
speaking	2.54	3.36
smart	2.54	2.16
tailgate	2.54	1.22
tailgating	2.54	1.18
desperate	2.55	2.49
safe	2.56	2.64
corrected	2.56	3.96
electric	2.57	2.18
sentence	2.58	3.92
answer	2.59	3.19
beauty	2.59	1.87
fixed	2.60	3.87
doe	2.61	1.16
movie	2.66	1.59
unique	2.67	2.10
auto	2.67	3.73
helpful	2.67	2.59
logo	2.68	1.04
visit	2.69	0.82
crazy	2.71	2.05
attractive	2.71	1.14
edited	2.72	3.83
forgive	2.73	3.40
good	2.74	1.99
oops	2.75	3.77
edit	2.76	3.86
freaking	2.77	2.02
typing	2.79	3.81
assumed	2.79	3.42
ladies	2.84	1.04
cute	2.87	2.25
classy	2.89	2.09
unreal	2.93	2.00
forgot	2.99	3.21
favorite	3.01	2.31
sir	3.02	2.82
dig	3.02	2.03
sorry	3.07	3.36
humble	3.09	2.03
dude	3.12	2.04
fun	3.13	1.84
remind	3.18	2.43
cake	3.21	2.39
friendly	3.24	1.92
grove	3.24	1.09
loving	3.37	2.08
atmosphere	3.37	1.97
cool	3.37	2.04
sharing	3.41	1.74
beautiful	3.47	1.67
glorious	3.58	1.57
nicer	3.60	1.88
recommend	3.60	1.53
btw	3.64	2.04
wonderful	3.66	1.61
damn	3.74	2.06
enjoy	3.80	1.69
throwback	3.82	1.81
visiting	3.84	1.87
fancy	3.91	1.90
prefer	4.12	1.74
sweet	4.30	1.46
classic	4.41	1.40
blast	4.50	1.60
badass	4.56	1.07
gorgeous	4.67	1.26
sexy	5.01	0.92
