evil	-4.23	0.67
disgusting	-4.19	0.58
cruel	-4.02	0.84
genocide	-3.97	0.86
hitler	-3.95	0.59
hating	-3.95	1.02
holocaust	-3.92	1.00
brutal	-3.90	1.06
unusual	-3.86	0.85
bad	-3.83	1.03
atrocities	-3.80	1.10
torture	-3.70	1.02
unpleasant	-3.67	0.67
painful	-3.60	1.04
conditions	-3.55	1.23
dislike	-3.53	0.89
unfortunate	-3.49	1.02
acts	-3.46	1.10
nazis	-3.40	0.71
compare	-3.38	1.18
tragedy	-3.37	1.32
smell	-3.29	1.19
committed	-3.27	1.33
fate	-3.27	1.20
worse	-3.25	1.14
nazi	-3.25	0.74
comparing	-3.16	1.10
excuse	-3.15	1.17
bacteria	-3.12	1.47
suffered	-3.05	1.38
wash	-3.04	1.41
spread	-3.03	1.46
toxic	-3.02	1.35
disaster	-3.01	1.21
horribly	-3.01	1.40
imo	-3.01	1.47
camps	-2.99	0.79
piss	-2.98	1.44
hateful	-2.96	1.24
criticize	-2.95	1.22
hatred	-2.95	1.36
gross	-2.94	1.42
immoral	-2.92	1.74
regime	-2.91	0.68
dirty	-2.90	1.50
unjust	-2.89	1.71
rejected	-2.89	1.58
possibly	-2.87	1.56
jews	-2.85	0.72
furthermore	-2.83	1.55
concentration	-2.81	0.69
spreading	-2.80	1.52
clean	-2.79	1.60
world	-2.79	1.59
wwii	-2.79	0.78
supported	-2.78	1.71
bigotry	-2.78	1.54
germany	-2.73	0.69
surely	-2.70	1.76
against	-2.69	1.62
comparison	-2.69	1.43
scenario	-2.68	1.69
arguably	-2.66	1.43
secondly	-2.64	1.55
ruined	-2.62	1.56
bullied	-2.61	1.78
mentality	-2.60	1.55
mess	-2.58	1.38
execution	-2.58	0.91
germans	-2.58	0.77
toilet	-2.57	1.11
misogyny	-2.55	1.66
aka	-2.52	1.63
bathroom	-2.51	1.05
murder	-2.51	1.12
forget	-2.50	1.47
justify	-2.48	2.07
directed	-2.47	1.69
intrinsically	-2.47	2.04
mass	-2.46	0.94
equate	-2.46	0.80
unacceptable	-2.43	1.20
believed	-2.42	1.81
unethical	-2.41	2.06
signs	-2.41	1.69
crap	-2.41	1.69
mouth	-2.39	1.74
absolutely	-2.39	1.95
misogynistic	-2.39	0.81
complain	-2.38	1.32
racists	-2.37	1.81
committing	-2.37	1.04
wipe	-2.36	1.00
biggest	-2.35	1.82
shitty	-2.34	1.72
fear	-2.34	1.55
commit	-2.33	1.04
backwards	-2.32	1.50
prisoners	-2.29	0.87
pissed	-2.27	1.50
condemn	-2.25	1.06
bigoted	-2.23	1.75
anger	-2.21	1.62
tolerate	-2.21	1.10
inherently	-2.20	1.52
oppression	-2.20	0.90
approve	-2.20	0.89
sometimes	-2.19	1.85
violent	-2.18	0.98
injustice	-2.18	0.93
oppressive	-2.18	0.81
equivalent	-2.18	1.47
annoying	-2.13	1.66
circumstance	-2.11	1.16
systematic	-2.10	0.87
frustrating	-2.08	1.68
criticizing	-2.04	0.91
event	-2.02	0.83
weird	-2.02	1.59
punished	-2.00	0.84
circumstances	-2.00	1.35
knew	-1.99	1.72
racism	-1.99	1.20
crimes	-1.98	1.03
scary	-1.98	1.69
morally	-1.97	2.54
breath	-1.97	0.98
discrimination	-1.97	1.26
analogous	-1.96	1.01
comparable	-1.96	1.00
accuse	-1.96	1.08
everywhere	-1.95	0.96
attacking	-1.95	0.91
dry	-1.94	1.97
punishment	-1.94	1.05
crime	-1.94	1.02
jewish	-1.93	0.84
sounds	-1.93	1.77
executed	-1.92	0.89
ashamed	-1.91	1.82
justified	-1.91	2.56
situation	-1.90	1.66
greed	-1.90	0.74
harsh	-1.90	1.02
surprised	-1.90	2.12
akin	-1.89	1.06
complaining	-1.88	0.90
understandable	-1.87	1.85
justifiable	-1.87	2.57
criminal	-1.86	1.01
german	-1.84	1.08
acceptable	-1.84	2.43
worried	-1.84	1.90
killing	-1.83	1.63
selfish	-1.83	0.91
floor	-1.83	1.21
superior	-1.82	2.25
prejudice	-1.82	1.20
discriminatory	-1.81	1.28
destructive	-1.81	0.82
hands	-1.80	1.38
blaming	-1.79	0.84
blatant	-1.79	1.13
apples	-1.78	0.73
analogy	-1.78	1.42
unlike	-1.77	1.03
justifies	-1.76	1.78
thing	-1.76	2.30
practices	-1.76	1.07
innocent	-1.75	0.91
guilty	-1.75	1.09
sexism	-1.74	1.23
charged	-1.74	1.00
action	-1.74	1.64
act	-1.74	1.22
compared	-1.73	1.08
superiority	-1.73	1.20
cleaning	-1.73	1.35
offense	-1.73	0.96
rightly	-1.72	0.99
factory	-1.72	0.86
indeed	-1.72	2.08
racist	-1.72	1.26
outrage	-1.72	1.22
destruction	-1.72	0.65
scared	-1.71	2.09
viewed	-1.71	1.26
deemed	-1.71	1.67
strange	-1.70	1.31
ethically	-1.70	2.68
murders	-1.70	0.96
slavery	-1.70	0.84
unfortunately	-1.70	1.63
such	-1.69	1.81
rare	-1.69	1.30
discriminating	-1.68	1.04
shaming	-1.67	0.70
leader	-1.67	0.71
entitlement	-1.67	1.06
deem	-1.66	1.72
tortured	-1.66	0.75
somehow	-1.65	2.06
stems	-1.65	0.91
institutional	-1.65	1.09
segregation	-1.65	1.09
potentially	-1.64	0.86
stuck	-1.64	1.64
widespread	-1.64	0.85
case	-1.63	2.07
monster	-1.63	0.86
gays	-1.62	2.10
rejection	-1.62	1.10
considered	-1.62	1.82
constitute	-1.62	1.30
makes	-1.62	1.62
homicide	-1.62	1.07
lied	-1.61	1.94
angry	-1.60	2.14
occurs	-1.60	1.20
nature	-1.59	0.86
rampant	-1.59	1.03
considers	-1.59	2.30
happened	-1.58	1.21
uncommon	-1.57	1.00
suicidal	-1.57	2.22
convicted	-1.57	0.96
motive	-1.56	0.87
attempted	-1.56	1.03
ineffective	-1.56	1.28
penalty	-1.56	1.01
punish	-1.56	1.00
situations	-1.56	1.45
nothing	-1.55	2.96
example	-1.55	1.75
justifying	-1.54	1.97
may	-1.54	2.36
wars	-1.54	0.83
afraid	-1.54	1.51
sentiment	-1.54	1.33
noise	-1.54	0.96
discomfort	-1.54	1.04
loud	-1.53	1.24
annoyed	-1.53	2.23
terrorism	-1.52	0.76
jail	-1.52	1.01
lot	-1.52	2.10
denial	-1.52	1.16
worry	-1.52	2.05
punishing	-1.51	1.18
obviously	-1.51	3.01
murdering	-1.51	1.41
lesser	-1.51	1.06
suffer	-1.51	0.96
hardly	-1.51	1.87
denying	-1.50	0.98
otherwise	-1.50	2.99
nonsense	-1.49	1.20
nor	-1.49	2.34
undesirable	-1.49	1.24
instance	-1.49	1.76
feels	-1.49	2.08
arrested	-1.49	0.88
conviction	-1.48	1.06
condition	-1.48	0.88
ethnic	-1.48	0.75
death	-1.47	1.01
illnesses	-1.47	0.85
contrast	-1.47	1.08
except	-1.47	2.35
occurred	-1.47	1.15
versus	-1.47	0.93
extreme	-1.47	0.91
diseases	-1.46	0.91
vs	-1.46	1.12
threatened	-1.46	1.38
moment	-1.46	2.19
excluded	-1.46	0.92
harassed	-1.46	1.23
prison	-1.46	0.98
good	-1.45	2.57
instances	-1.44	1.20
frustration	-1.44	1.47
upset	-1.44	2.22
criminals	-1.44	0.94
incident	-1.44	0.88
touching	-1.43	1.27
imagine	-1.42	2.09
regret	-1.42	2.11
disagrees	-1.41	2.36
cry	-1.41	2.15
fighting	-1.41	0.81
frankly	-1.41	1.37
discriminated	-1.41	1.08
punishments	-1.41	1.25
itself	-1.41	2.04
blacks	-1.40	1.16
racial	-1.40	1.00
reason	-1.39	2.63
mean	-1.38	3.13
little	-1.38	2.07
violence	-1.38	0.86
attacked	-1.38	1.23
magical	-1.38	0.76
frustrated	-1.38	2.32
scare	-1.38	1.00
anxiety	-1.38	1.32
slow	-1.38	0.91
environment	-1.37	0.76
touched	-1.37	1.27
severe	-1.37	0.89
defending	-1.37	1.42
carried	-1.37	0.92
worrying	-1.37	1.33
creatures	-1.37	0.67
throughout	-1.37	0.93
defend	-1.36	1.29
reverse	-1.36	1.38
stands	-1.36	1.76
feeling	-1.36	2.17
happening	-1.36	2.25
cases	-1.36	1.41
inferior	-1.36	1.43
terror	-1.35	0.83
certainly	-1.35	2.72
accused	-1.34	1.11
doing	-1.34	3.02
complaint	-1.34	1.25
where	-1.34	2.05
necessarily	-1.34	3.19
permanent	-1.33	0.95
opposed	-1.33	1.43
touch	-1.33	1.24
ongoing	-1.33	0.92
disease	-1.33	0.79
offenders	-1.33	1.01
besides	-1.32	2.15
struggle	-1.32	2.14
countries	-1.32	0.72
sexist	-1.32	1.15
systemic	-1.32	1.05
afterwards	-1.32	1.08
invaded	-1.31	0.66
terribly	-1.31	1.49
attitude	-1.31	1.07
deterrent	-1.31	1.02
guilt	-1.31	1.26
combination	-1.31	0.76
camp	-1.31	0.83
today	-1.31	1.77
latter	-1.30	2.02
history	-1.30	1.10
group	-1.30	0.71
20th	-1.30	0.90
reaction	-1.30	1.19
actions	-1.30	1.26
tired	-1.30	2.27
self-defense	-1.30	1.44
prisons	-1.30	0.95
hugely	-1.30	1.21
cigarettes	-1.29	0.93
justification	-1.29	2.05
matter	-1.29	2.66
associate	-1.28	0.84
beaten	-1.28	0.96
however	-1.28	3.19
garbage	-1.28	1.19
teeth	-1.28	1.34
dangerous	-1.28	0.86
shame	-1.28	1.31
deliberate	-1.27	1.01
excessive	-1.27	0.86
charges	-1.27	1.05
bothers	-1.27	1.27
affirmative	-1.27	1.05
exception	-1.27	1.89
hypocrisy	-1.27	1.43
murderers	-1.26	0.93
essentially	-1.26	1.83
actually	-1.26	2.70
bigger	-1.26	1.23
exceptions	-1.26	2.06
tobacco	-1.26	0.93
saying	-1.25	3.16
prevalent	-1.25	0.89
rapes	-1.25	0.93
quite	-1.25	2.09
ridiculous	-1.25	1.69
knowing	-1.25	1.90
idea	-1.25	2.33
extent	-1.25	2.44
simply	-1.25	3.30
harmful	-1.25	0.87
therefore	-1.24	2.40
smokers	-1.24	0.88
trial	-1.24	1.17
magic	-1.24	0.83
caused	-1.24	0.94
uncomfortable	-1.24	2.22
slightest	-1.24	1.68
utterly	-1.24	1.68
vocal	-1.23	0.94
cigarette	-1.23	0.95
occur	-1.23	1.33
either	-1.23	3.29
immune	-1.23	0.82
homophobic	-1.22	1.39
fundamentally	-1.22	1.73
kind	-1.22	2.09
hear	-1.22	1.26
happen	-1.22	2.54
costly	-1.22	1.02
worldwide	-1.22	0.75
usually	-1.22	1.15
desperate	-1.22	2.32
prosecution	-1.22	1.21
minorities	-1.22	0.98
ignorance	-1.22	1.20
prevented	-1.22	1.55
equally	-1.22	1.74
country	-1.22	0.72
theirs	-1.21	2.73
abuses	-1.21	1.09
almost	-1.21	2.12
smoke	-1.21	0.94
shootings	-1.21	0.91
e.g	-1.21	1.21
somewhat	-1.21	1.65
problematic	-1.21	1.45
smoking	-1.20	0.90
ii	-1.20	0.95
stuff	-1.20	1.88
treatment	-1.20	0.88
korea	-1.20	0.70
regard	-1.20	1.49
syndrome	-1.20	0.86
unlikely	-1.20	1.57
penalties	-1.20	1.03
facing	-1.19	1.01
big	-1.19	1.71
anything	-1.19	2.77
concern	-1.19	1.40
assault	-1.19	1.03
raping	-1.19	1.04
knowingly	-1.19	1.31
allies	-1.18	0.64
additionally	-1.18	1.45
symptoms	-1.18	1.02
feminists	-1.18	1.04
everything	-1.17	2.47
japan	-1.17	0.70
iraq	-1.17	0.72
doubt	-1.17	2.19
towards	-1.17	1.08
boring	-1.16	1.50
animal	-1.16	0.93
yes	-1.16	3.21
basically	-1.16	2.57
massively	-1.16	1.25
done	-1.16	2.59
trauma	-1.16	0.98
circumcision	-1.16	0.89
mankind	-1.16	0.83
odd	-1.16	1.62
discriminate	-1.16	1.27
consider	-1.15	2.67
intense	-1.15	1.01
exactly	-1.15	2.78
illness	-1.15	1.01
although	-1.15	2.69
justice	-1.15	1.06
far	-1.14	1.74
nations	-1.14	0.74
unless	-1.14	2.83
intentions	-1.14	0.93
probably	-1.14	2.76
unequal	-1.14	1.34
accusations	-1.13	1.28
excuses	-1.13	1.22
assaulted	-1.13	0.98
occurring	-1.13	1.36
remotely	-1.13	1.54
assuming	-1.13	2.58
personally	-1.12	2.23
ludicrous	-1.12	1.72
rapists	-1.12	0.91
currently	-1.12	1.57
usa	-1.12	0.66
entirety	-1.12	1.02
worthless	-1.12	1.23
judging	-1.12	1.09
awkward	-1.12	2.15
attitudes	-1.12	1.03
blamed	-1.12	0.88
seem	-1.12	2.42
nation	-1.11	0.68
mad	-1.11	2.11
implying	-1.11	2.28
stop	-1.11	1.67
patriarchy	-1.11	1.05
defense	-1.11	1.34
scenarios	-1.11	1.78
though	-1.11	2.83
palestinians	-1.10	0.74
virtually	-1.10	1.81
now	-1.10	2.85
soviet	-1.10	0.74
suicide	-1.10	1.14
us	-1.10	0.74
mindset	-1.10	1.41
might	-1.10	2.60
yet	-1.10	2.57
pain	-1.10	1.17
ordinary	-1.09	0.91
extinction	-1.09	0.73
course	-1.09	2.87
fairly	-1.09	1.67
western	-1.09	0.74
extremist	-1.09	0.92
france	-1.09	0.75
legitimately	-1.09	1.58
hook	-1.08	0.84
whites	-1.08	0.97
happens	-1.08	1.92
symptom	-1.08	1.04
always	-1.08	2.77
inequality	-1.08	1.08
plain	-1.07	1.19
chemicals	-1.07	0.98
ethical	-1.07	2.17
illustrate	-1.07	1.52
refuses	-1.07	2.30
lethal	-1.07	1.20
rarely	-1.07	1.48
harassment	-1.07	0.98
objectively	-1.07	3.22
sure	-1.07	2.76
opposing	-1.06	1.39
views	-1.06	1.38
presume	-1.06	2.18
faced	-1.06	1.06
events	-1.06	1.15
australia	-1.06	0.72
type	-1.06	1.67
completely	-1.06	2.06
argue	-1.06	2.88
considering	-1.06	1.93
injury	-1.06	0.88
lying	-1.05	2.39
real	-1.05	1.44
targeted	-1.05	0.93
suggesting	-1.05	2.55
declare	-1.05	1.15
oppressed	-1.05	0.83
else	-1.05	2.29
accepted	-1.05	1.34
constantly	-1.05	1.36
assume	-1.05	2.89
ton	-1.05	1.22
toward	-1.05	1.07
openly	-1.05	1.44
admittedly	-1.05	1.65
europe	-1.05	0.69
jury	-1.05	1.29
crying	-1.04	2.34
fine	-1.04	3.21
definitely	-1.04	2.74
wholly	-1.04	1.95
malicious	-1.04	1.19
russia	-1.04	0.68
minor	-1.03	1.45
performed	-1.03	1.07
fact	-1.03	2.95
absurd	-1.03	1.73
caught	-1.03	1.16
place	-1.03	2.07
threat	-1.03	0.91
lead	-1.03	1.10
sweden	-1.03	0.72
inevitable	-1.02	1.02
depression	-1.02	1.30
honestly	-1.02	2.41
fewer	-1.02	1.27
serious	-1.02	0.90
china	-1.02	0.71
imply	-1.02	2.36
miserable	-1.02	2.26
perhaps	-1.02	2.39
liking	-1.02	1.60
never	-1.02	1.94
known	-1.02	1.46
deadly	-1.02	0.92
disorders	-1.01	1.02
repeat	-1.01	1.32
offended	-1.01	1.56
hypothetical	-1.01	1.71
extremists	-1.01	0.81
ie	-1.00	1.12
seems	-1.00	1.85
questionable	-1.00	2.32
aware	-1.00	2.47
agree	-1.00	3.38
sense	-1.00	2.32
arrest	-1.00	1.02
resulted	-1.00	1.23
major	-0.99	1.17
suffering	-0.99	1.10
sorts	-0.99	1.39
threats	-0.99	0.94
grounds	-0.99	1.70
complaints	-0.99	1.23
subtle	-0.99	1.39
se	-0.99	1.97
aggression	-0.99	0.88
often	-0.99	1.52
black	-0.98	1.00
likely	-0.98	1.38
murderer	-0.98	1.06
viewpoints	-0.98	1.36
hypocritical	-0.98	1.40
supporting	-0.98	1.22
causing	-0.98	0.90
substances	-0.98	0.91
bullying	-0.98	0.80
lives	-0.98	0.89
blame	-0.98	1.00
arab	-0.98	0.76
attack	-0.98	0.93
canada	-0.98	0.72
well	-0.98	2.73
automatically	-0.98	1.93
offensive	-0.98	1.19
inefficient	-0.98	1.29
load	-0.97	1.15
sin	-0.97	0.89
albeit	-0.97	1.49
hurting	-0.97	1.48
flag	-0.97	0.74
grand	-0.97	1.29
ever	-0.97	2.31
critique	-0.97	1.26
anyone	-0.97	2.34
stopping	-0.96	1.85
disorder	-0.96	1.02
irrational	-0.96	1.27
acted	-0.96	1.01
claiming	-0.96	2.51
understand	-0.96	2.65
cause	-0.96	0.91
britain	-0.95	0.72
9/11	-0.95	0.85
advocating	-0.95	1.76
talking	-0.95	2.59
performing	-0.95	1.16
quit	-0.95	0.85
crappy	-0.95	2.14
attacks	-0.95	0.80
violations	-0.95	1.14
again	-0.94	2.78
hypothetically	-0.94	2.18
d	-0.94	2.75
asians	-0.94	0.94
uk	-0.94	0.73
none	-0.94	2.01
appeals	-0.94	1.03
resulting	-0.93	0.99
accusing	-0.93	1.42
unfairly	-0.93	0.94
fucked	-0.93	2.18
parallel	-0.93	1.27
convinced	-0.93	2.69
suffers	-0.93	0.92
anymore	-0.93	2.63
admit	-0.93	2.73
differentiate	-0.93	1.45
highly	-0.93	1.44
preferable	-0.93	1.58
muslims	-0.93	0.84
believe	-0.93	2.23
hence	-0.93	1.47
causes	-0.93	0.87
claimed	-0.92	1.45
reject	-0.92	1.54
sort	-0.92	1.91
periods	-0.92	0.83
america	-0.92	0.73
india	-0.92	0.74
bombing	-0.92	0.74
wildly	-0.91	1.88
occasionally	-0.91	1.15
addiction	-0.91	0.84
rough	-0.91	2.50
targeting	-0.91	0.96
conspiracy	-0.91	1.16
mental	-0.91	0.94
clue	-0.91	2.28
trials	-0.91	1.15
said	-0.91	2.20
incidents	-0.91	0.98
tell	-0.91	2.50
mra	-0.90	1.04
pose	-0.90	1.11
behavior	-0.90	0.94
fired	-0.89	0.84
diagnosed	-0.89	1.31
literally	-0.89	2.36
terrorists	-0.89	0.81
nuclear	-0.89	0.72
surgery	-0.89	0.81
bothered	-0.89	1.68
surprise	-0.89	1.26
convince	-0.89	2.52
realize	-0.89	2.69
regularly	-0.89	1.07
classified	-0.89	1.03
perpetuate	-0.88	0.99
means	-0.88	2.80
ruin	-0.88	1.05
isis	-0.88	0.77
deal	-0.88	2.19
massive	-0.88	0.99
feminism	-0.88	1.05
exposed	-0.88	1.03
propaganda	-0.88	0.99
ultimate	-0.88	0.98
perform	-0.88	1.14
kitchen	-0.88	1.15
resistance	-0.88	0.82
invade	-0.88	0.82
procedure	-0.88	0.84
accusation	-0.88	1.80
era	-0.88	0.98
addicts	-0.87	0.91
fought	-0.87	0.80
concerned	-0.87	1.49
universally	-0.87	1.89
maybe	-0.87	2.78
entire	-0.87	1.31
positive	-0.87	1.21
middle	-0.87	0.82
fair	-0.87	2.68
shooting	-0.87	1.03
nearly	-0.87	1.91
europeans	-0.87	0.80
feminist	-0.87	1.02
getting	-0.87	1.35
disadvantage	-0.86	1.01
silly	-0.86	1.58
constant	-0.86	0.90
believing	-0.86	1.58
temporary	-0.86	0.95
feelings	-0.86	1.39
implies	-0.86	2.00
privilege	-0.86	0.98
prevent	-0.86	1.46
truly	-0.86	1.96
vietnam	-0.85	0.76
petty	-0.85	1.15
neither	-0.85	2.55
race	-0.85	0.94
exploitation	-0.85	0.85
outright	-0.85	1.45
mood	-0.85	1.41
since	-0.85	1.78
distinguish	-0.85	1.46
arguing	-0.84	2.60
unfair	-0.84	1.92
surveillance	-0.84	0.90
less	-0.84	1.23
war	-0.84	0.77
largest	-0.84	1.48
publicly	-0.84	1.01
israel	-0.84	0.77
entirely	-0.84	1.93
overcome	-0.84	1.11
likewise	-0.84	1.54
constitutes	-0.84	1.42
suppose	-0.84	2.80
incredibly	-0.84	1.48
involves	-0.84	1.44
arise	-0.83	1.60
noble	-0.83	0.79
slower	-0.83	1.15
humor	-0.83	2.36
crisis	-0.83	0.97
economies	-0.83	0.85
faster	-0.83	1.22
merely	-0.83	2.12
cure	-0.83	0.89
leaders	-0.83	0.72
behaviour	-0.83	0.98
victim	-0.83	0.94
resist	-0.83	0.95
similarly	-0.83	1.66
its	-0.82	2.37
mainly	-0.82	1.22
avoided	-0.82	1.48
pointless	-0.82	1.58
going	-0.82	2.64
bs	-0.82	1.39
everyone	-0.82	2.15
screaming	-0.82	1.28
theft	-0.82	1.56
answer	-0.82	2.62
trivial	-0.82	1.53
autism	-0.82	0.90
emotions	-0.82	1.32
kinds	-0.82	1.53
eu	-0.82	0.68
chemical	-0.82	0.87
addictive	-0.81	0.86
revenge	-0.81	1.22
distress	-0.81	0.94
united	-0.81	0.76
kill	-0.81	1.36
trash	-0.81	1.14
bother	-0.81	2.45
passion	-0.81	2.48
trouble	-0.81	1.94
danger	-0.81	1.15
north	-0.81	0.75
tons	-0.81	1.29
victims	-0.81	0.90
disadvantaged	-0.81	0.98
ignorant	-0.81	1.16
invasion	-0.80	0.81
afghanistan	-0.80	0.77
harm	-0.80	0.96
east	-0.80	0.78
dishonest	-0.80	1.36
proposing	-0.80	1.74
iran	-0.80	0.77
pollution	-0.80	0.86
generally	-0.80	1.55
stress	-0.80	0.95
dismissed	-0.80	1.46
avoiding	-0.80	1.27
i.e	-0.80	1.42
bit	-0.80	2.10
least	-0.80	2.82
israeli	-0.79	0.77
sudden	-0.79	1.20
minority	-0.79	0.87
planet	-0.79	0.83
harming	-0.79	1.32
relate	-0.79	1.55
suspect	-0.79	1.48
water	-0.79	1.35
ought	-0.79	2.11
fears	-0.79	1.14
escape	-0.79	1.07
al	-0.79	0.94
expressed	-0.79	1.24
express	-0.78	1.29
civilians	-0.78	0.88
root	-0.78	1.24
palestine	-0.78	0.81
excluding	-0.78	1.00
avoid	-0.78	1.49
tolerance	-0.78	0.99
starvation	-0.78	0.79
hard	-0.78	1.93
cycle	-0.78	0.91
africa	-0.78	0.76
asia	-0.78	0.90
witness	-0.78	1.29
prevents	-0.78	1.32
works	-0.78	1.76
anyway	-0.78	2.83
come	-0.78	2.30
experienced	-0.78	1.11
untrue	-0.78	3.41
dismiss	-0.77	1.69
too	-0.77	2.09
rest	-0.77	1.20
races	-0.77	0.98
hurt	-0.77	1.60
rejecting	-0.77	1.70
syria	-0.77	0.80
leading	-0.76	0.96
existed	-0.76	1.10
useless	-0.76	1.68
palestinian	-0.76	0.82
outdated	-0.76	1.48
habit	-0.76	0.86
terrorist	-0.76	0.81
admitting	-0.76	1.63
nowadays	-0.76	1.41
nsa	-0.76	0.97
clearly	-0.75	2.73
argued	-0.75	1.97
abused	-0.75	0.96
frequently	-0.75	1.27
supports	-0.75	1.54
anybody	-0.75	2.11
historically	-0.75	1.08
mexico	-0.75	0.76
target	-0.75	0.95
repeating	-0.75	1.75
obvious	-0.75	2.13
worthy	-0.75	1.11
across	-0.75	1.12
islam	-0.75	0.95
corrupt	-0.75	1.12
disrespectful	-0.74	1.01
am	-0.74	2.21
favor	-0.74	1.37
promotes	-0.74	1.10
significantly	-0.74	1.20
global	-0.74	0.83
contain	-0.74	1.03
motivated	-0.73	0.88
evolve	-0.73	0.97
weed	-0.73	0.88
challenged	-0.73	1.18
react	-0.73	1.32
inconvenience	-0.73	0.95
labeled	-0.73	0.97
surprising	-0.73	1.34
blatantly	-0.73	2.11
region	-0.73	0.82
whatsoever	-0.73	1.93
slightly	-0.73	1.35
leads	-0.72	1.07
previously	-0.72	1.73
lots	-0.72	1.41
discourage	-0.72	1.20
addition	-0.72	1.41
creepy	-0.72	1.26
devil	-0.72	1.18
pretending	-0.72	1.98
ears	-0.72	1.08
rape	-0.72	1.03
piracy	-0.72	1.89
voices	-0.72	1.04
socially	-0.72	1.87
extremely	-0.72	1.49
especially	-0.72	1.59
muslim	-0.72	0.83
change	-0.71	2.15
strikes	-0.71	0.86
expect	-0.71	2.28
land	-0.71	1.01
corruption	-0.71	1.00
west	-0.71	0.77
possession	-0.71	0.98
reactions	-0.71	1.09
through	-0.71	1.01
cease	-0.71	1.29
armed	-0.71	0.91
warning	-0.71	0.97
targets	-0.71	0.84
resort	-0.71	1.09
easier	-0.71	1.55
white	-0.70	0.89
already	-0.70	2.23
stretch	-0.70	2.00
documented	-0.70	1.52
familiar	-0.70	1.41
forever	-0.70	1.15
thrown	-0.70	0.89
stops	-0.70	1.30
vacuum	-0.70	1.48
radical	-0.70	0.96
par	-0.69	1.26
define	-0.69	2.19
occupation	-0.69	0.76
described	-0.69	1.60
pretend	-0.69	2.25
destroyed	-0.69	0.76
nose	-0.69	1.22
medication	-0.69	1.31
difference	-0.69	2.38
silence	-0.69	1.07
fingers	-0.69	1.19
stopped	-0.69	1.33
depending	-0.69	1.62
communist	-0.68	0.94
liberals	-0.68	1.09
culturally	-0.68	1.86
worlds	-0.68	1.50
talk	-0.68	1.73
lifetime	-0.68	0.95
vastly	-0.68	1.67
repeatedly	-0.68	1.25
investigation	-0.68	1.21
shoot	-0.68	1.08
bomb	-0.68	0.79
pure	-0.68	1.16
countless	-0.68	1.23
england	-0.68	0.76
suddenly	-0.68	1.40
suggest	-0.68	2.22
conventional	-0.67	0.79
hand	-0.67	1.22
ridiculously	-0.67	1.44
overly	-0.67	1.32
largely	-0.67	1.69
possibility	-0.67	1.65
gun	-0.67	1.01
intentionally	-0.67	1.37
substance	-0.67	0.91
waste	-0.67	1.01
believes	-0.67	1.86
accept	-0.67	2.46
libertarians	-0.67	1.12
pot	-0.67	0.88
complicated	-0.67	1.46
many	-0.67	1.53
weaker	-0.67	1.11
creates	-0.67	1.04
harmed	-0.67	0.99
addicted	-0.66	0.92
disability	-0.66	0.92
unsafe	-0.66	0.85
insulting	-0.66	1.19
blood	-0.66	0.92
developed	-0.66	1.03
tendencies	-0.66	0.89
relatively	-0.66	1.50
easily	-0.66	1.68
childish	-0.66	1.23
carbon	-0.66	0.87
mention	-0.66	1.68
sent	-0.65	0.93
destroy	-0.65	0.92
protests	-0.65	0.74
consequence	-0.65	1.14
finally	-0.65	1.52
notice	-0.65	2.11
past	-0.65	1.60
bombs	-0.65	0.78
stereotypes	-0.65	1.11
okay	-0.65	3.23
legitimate	-0.65	1.76
kicked	-0.65	1.06
traffic	-0.65	0.79
force	-0.65	1.03
nobody	-0.65	2.07
cops	-0.65	1.01
understood	-0.65	1.62
deeply	-0.65	1.25
assumed	-0.65	1.75
moral	-0.65	2.27
don't	-0.65	1.53
ignore	-0.65	1.62
notion	-0.64	1.86
sound	-0.64	1.25
warrant	-0.64	1.34
warfare	-0.64	0.84
islamic	-0.64	0.86
viewpoint	-0.64	1.65
instantly	-0.64	1.47
proposed	-0.64	1.34
organisms	-0.64	0.89
conservatives	-0.64	1.09
dealt	-0.64	1.51
civilian	-0.64	0.81
result	-0.64	1.21
before	-0.64	1.49
territory	-0.64	0.79
crack	-0.64	0.89
accident	-0.64	0.94
conflict	-0.64	1.18
dilemma	-0.64	1.67
noticed	-0.64	1.71
reasons	-0.64	2.01
climate	-0.64	0.97
opinion	-0.63	2.06
acknowledging	-0.63	1.54
places	-0.63	1.14
mind	-0.63	2.13
gaza	-0.63	0.80
egypt	-0.63	0.80
asian	-0.63	0.89
ca	-0.63	2.44
admitted	-0.63	1.41
encourages	-0.63	1.03
invalidate	-0.63	2.18
due	-0.63	1.04
during	-0.63	0.98
problem	-0.63	1.91
southern	-0.63	0.84
marijuana	-0.63	0.88
irrelevant	-0.62	2.14
taboo	-0.62	1.39
judge	-0.62	1.54
slaves	-0.62	0.77
vaccines	-0.62	0.81
finger	-0.62	1.17
south	-0.62	0.76
disabilities	-0.62	0.93
european	-0.62	0.81
psychological	-0.62	0.94
unreasonable	-0.62	1.50
exist	-0.62	1.93
applicable	-0.62	1.56
expressing	-0.62	1.29
ukraine	-0.62	0.76
hint	-0.62	1.63
engaged	-0.62	1.09
assumes	-0.62	2.07
asking	-0.62	2.46
court	-0.62	1.28
step	-0.61	1.37
exact	-0.61	2.11
repeated	-0.61	1.31
protest	-0.61	0.70
acknowledge	-0.61	2.33
damaging	-0.61	1.01
presence	-0.61	1.49
laugh	-0.61	2.35
exists	-0.61	1.86
foolish	-0.61	1.34
plenty	-0.61	1.44
americans	-0.61	0.90
find	-0.61	1.68
heroin	-0.61	0.89
weapon	-0.60	1.06
damaged	-0.60	0.92
firearm	-0.60	1.02
lane	-0.60	0.80
regardless	-0.60	1.62
applies	-0.60	1.82
belief	-0.60	1.69
present	-0.60	2.19
burning	-0.60	0.97
instead	-0.60	1.86
practiced	-0.60	1.10
soon	-0.60	1.52
threatening	-0.60	0.93
policies	-0.60	1.18
face	-0.60	0.91
seemingly	-0.60	1.78
favour	-0.60	1.27
acting	-0.60	1.17
ignored	-0.59	1.40
opposition	-0.59	1.26
hide	-0.59	1.30
been	-0.59	2.01
ideologies	-0.59	1.14
credibility	-0.59	1.38
difficulty	-0.59	1.35
pointing	-0.59	2.28
indication	-0.59	1.79
eastern	-0.59	0.87
guns	-0.59	1.04
encouraging	-0.59	0.90
meaningless	-0.59	1.56
morality	-0.59	1.97
experiencing	-0.59	1.23
ask	-0.59	2.49
become	-0.59	1.52
challenges	-0.59	1.27
conclude	-0.59	2.30
insignificant	-0.59	1.43
substantially	-0.59	1.27
ruled	-0.59	1.23
damage	-0.58	0.89
denied	-0.58	1.03
unnecessary	-0.58	1.20
gods	-0.58	1.70
knife	-0.58	0.98
mostly	-0.58	1.61
proving	-0.58	2.14
telling	-0.58	2.03
conduct	-0.58	1.04
christians	-0.58	1.00
types	-0.58	1.48
until	-0.58	1.39
bunch	-0.58	1.22
anywhere	-0.58	2.09
states	-0.58	0.79
matters	-0.58	1.82
perceived	-0.58	1.20
current	-0.58	1.81
another	-0.58	1.80
tends	-0.58	1.26
gotten	-0.58	1.70
sympathy	-0.58	1.12
weapons	-0.57	0.96
irish	-0.57	0.93
forward	-0.57	1.24
atheists	-0.57	1.51
significant	-0.57	1.30
numerous	-0.57	1.49
immediately	-0.57	1.35
atheism	-0.57	1.62
examples	-0.57	1.82
naive	-0.57	1.33
disparity	-0.57	1.23
proud	-0.57	1.29
focused	-0.57	1.35
thus	-0.57	1.66
movement	-0.57	0.91
killer	-0.56	1.00
certain	-0.56	1.56
declared	-0.56	0.92
catch	-0.56	0.96
sucks	-0.56	2.42
moderate	-0.56	0.94
fight	-0.56	0.96
smaller	-0.56	1.17
initially	-0.56	1.42
troops	-0.56	0.76
chaos	-0.56	0.97
trigger	-0.56	0.97
focusing	-0.56	1.71
issue	-0.56	2.15
sticking	-0.56	1.13
rid	-0.56	1.69
agnostic	-0.56	1.68
embrace	-0.56	1.25
these	-0.56	1.52
nowhere	-0.56	1.80
whole	-0.56	1.71
anti	-0.56	1.11
stand	-0.55	1.40
accidental	-0.55	0.98
bullshit	-0.55	1.75
illegal	-0.55	1.26
sick	-0.55	1.22
century	-0.55	1.04
understands	-0.55	2.70
centuries	-0.55	1.06
arrogant	-0.55	1.16
magically	-0.55	1.64
pride	-0.55	1.33
concept	-0.55	1.78
plants	-0.55	0.90
threaten	-0.55	0.97
proved	-0.55	2.48
u.s	-0.55	0.85
distinction	-0.55	1.75
consequences	-0.55	1.29
prove	-0.55	2.64
complete	-0.55	1.31
hamas	-0.55	0.81
accidents	-0.55	0.86
standards	-0.55	0.94
eliminate	-0.54	1.41
enough	-0.54	2.22
destroying	-0.54	0.95
deliberately	-0.54	1.38
existence	-0.54	1.97
privileged	-0.54	0.89
ignoring	-0.54	1.84
fraud	-0.54	1.36
soldiers	-0.54	0.79
eternal	-0.54	1.11
african	-0.54	0.87
tiny	-0.54	1.29
preventing	-0.54	1.44
lies	-0.54	1.44
emotion	-0.54	1.42
indicate	-0.54	1.55
anytime	-0.54	1.71
yield	-0.54	0.78
involve	-0.53	1.32
unknown	-0.53	1.34
disproportionate	-0.53	1.03
strawman	-0.53	1.91
others	-0.53	1.73
bush	-0.53	0.92
shot	-0.53	0.97
atheist	-0.53	1.75
disproportionately	-0.53	0.90
describing	-0.53	1.56
unrelated	-0.53	1.70
arm	-0.53	1.13
rather	-0.53	1.95
idiots	-0.53	1.39
borders	-0.53	0.84
myth	-0.53	1.02
isolated	-0.53	1.20
treatments	-0.53	0.97
3rd	-0.53	0.98
seriously	-0.52	2.68
permanently	-0.52	0.87
ve	-0.52	1.92
coming	-0.52	1.72
unrealistic	-0.52	1.37
ideas	-0.52	1.44
oppose	-0.52	1.21
cares	-0.52	2.71
led	-0.52	1.08
started	-0.52	1.32
back	-0.52	1.78
agrees	-0.52	2.24
altogether	-0.52	1.79
self	-0.52	1.16
drug	-0.52	0.89
thoughts	-0.52	1.14
criticisms	-0.52	1.60
settled	-0.52	1.08
came	-0.52	1.22
founding	-0.52	0.97
forces	-0.52	0.85
delusional	-0.52	1.24
bully	-0.52	0.91
sets	-0.52	1.14
deserved	-0.52	0.91
misguided	-0.52	1.80
bias	-0.51	1.39
various	-0.51	1.44
ingrained	-0.51	1.06
operations	-0.51	0.95
position	-0.51	2.28
dangers	-0.51	1.23
depends	-0.51	2.01
taken	-0.51	1.85
deny	-0.51	1.56
began	-0.51	1.23
offend	-0.51	1.78
excess	-0.51	0.92
ill	-0.51	1.30
murdered	-0.51	1.16
plausible	-0.50	1.73
northern	-0.50	0.72
including	-0.50	1.36
judged	-0.50	1.64
wing	-0.50	1.01
remains	-0.50	1.27
capitalism	-0.50	1.22
alien	-0.50	1.12
whereas	-0.50	1.26
missing	-0.50	2.16
invisible	-0.50	1.20
experiment	-0.50	1.70
location	-0.50	1.23
deity	-0.50	1.71
conflicts	-0.50	1.15
small	-0.50	1.21
encountered	-0.50	1.41
everybody	-0.50	1.98
increasingly	-0.50	1.35
disingenuous	-0.50	1.74
treated	-0.49	1.18
proof	-0.49	2.25
procedures	-0.49	0.95
negatively	-0.49	1.20
secret	-0.49	1.03
harms	-0.49	1.03
regards	-0.49	1.68
notions	-0.49	1.41
prior	-0.49	1.26
volume	-0.49	1.10
hearing	-0.49	1.27
firearms	-0.49	1.06
expression	-0.49	1.04
hunger	-0.49	0.91
coal	-0.49	0.94
ruling	-0.49	1.20
lights	-0.49	0.87
decade	-0.49	1.41
immigration	-0.49	0.88
symbol	-0.49	0.85
immigrants	-0.49	0.92
rapist	-0.49	0.97
socialism	-0.48	1.30
ideology	-0.48	1.15
knows	-0.48	2.68
creature	-0.48	0.86
acceptance	-0.48	0.99
felt	-0.48	2.39
seen	-0.48	1.77
expose	-0.48	1.31
solve	-0.48	1.78
sight	-0.48	0.89
ignores	-0.48	1.82
speeding	-0.48	0.93
became	-0.48	1.18
apply	-0.48	1.93
obama	-0.48	0.93
explain	-0.48	2.23
examine	-0.48	1.59
norm	-0.48	1.46
neutral	-0.48	1.79
thinking	-0.48	2.31
assert	-0.48	2.46
operation	-0.48	0.96
basis	-0.47	1.93
thinks	-0.47	2.64
direction	-0.47	1.33
ideological	-0.47	1.32
issues	-0.47	1.57
charge	-0.47	0.98
concerns	-0.47	1.73
sentences	-0.47	1.34
stronger	-0.47	1.25
difficult	-0.47	1.48
eliminated	-0.47	1.32
stating	-0.47	2.64
begin	-0.47	1.57
seat	-0.47	1.14
trick	-0.47	1.36
practically	-0.47	1.99
frame	-0.47	1.48
totally	-0.47	2.27
once	-0.47	1.67
likelihood	-0.47	1.26
environments	-0.47	0.91
removal	-0.47	0.94
indicative	-0.46	1.29
police	-0.46	1.02
advocate	-0.46	1.16
involved	-0.46	1.46
advocates	-0.46	1.12
seemed	-0.46	1.75
encouraged	-0.46	1.30
mere	-0.46	1.25
millions	-0.46	1.05
struggling	-0.46	1.36
irresponsible	-0.46	1.16
socioeconomic	-0.46	0.95
right	-0.46	1.89
gang	-0.46	0.83
took	-0.46	1.34
ethnicity	-0.46	0.82
insults	-0.46	1.19
comes	-0.46	1.46
indirectly	-0.45	1.24
bring	-0.45	1.77
main	-0.45	1.65
realizing	-0.45	1.75
assign	-0.45	1.35
thousands	-0.45	1.15
occupy	-0.45	0.73
abuse	-0.45	0.93
aimed	-0.45	1.06
military	-0.45	0.87
certainty	-0.45	2.02
gap	-0.45	1.23
fly	-0.45	0.83
motives	-0.45	1.02
treating	-0.45	1.10
republic	-0.45	0.90
risk	-0.45	1.11
associated	-0.45	1.22
beliefs	-0.45	1.47
treat	-0.45	1.10
whatever	-0.45	2.29
determine	-0.45	1.88
variety	-0.45	1.42
becoming	-0.44	1.34
injuries	-0.44	0.87
host	-0.44	1.04
probable	-0.44	1.59
ok	-0.44	3.22
part	-0.44	1.96
opinions	-0.44	1.43
drugs	-0.44	0.90
varying	-0.44	1.45
practice	-0.44	1.79
cuts	-0.44	0.92
need	-0.44	2.36
god	-0.44	1.44
scale	-0.44	1.28
moving	-0.44	1.20
criticism	-0.44	1.43
hitting	-0.44	1.08
contains	-0.44	1.02
unsure	-0.44	2.08
specify	-0.44	2.24
disprove	-0.44	2.18
drastically	-0.44	1.36
russian	-0.43	0.90
afterlife	-0.43	1.50
pushing	-0.43	1.22
replace	-0.43	1.20
hurts	-0.43	1.03
holding	-0.43	1.20
larger	-0.43	1.22
intervention	-0.43	1.01
particularly	-0.43	1.78
focus	-0.43	1.49
contributes	-0.43	1.04
defeat	-0.43	1.02
civilization	-0.43	0.93
instant	-0.43	1.23
statistically	-0.43	1.20
supernatural	-0.43	1.52
substantial	-0.43	1.33
border	-0.43	0.81
yourself	-0.43	2.10
beyond	-0.43	1.76
contained	-0.42	1.15
gone	-0.42	1.74
large	-0.42	1.22
powerful	-0.42	0.87
curious	-0.42	2.27
loss	-0.42	0.84
severely	-0.42	1.16
live	-0.42	1.03
tumblr	-0.42	1.02
greatly	-0.42	1.24
politically	-0.42	1.74
citizens	-0.42	1.01
parts	-0.42	1.32
disregard	-0.42	1.30
miss	-0.42	1.55
becomes	-0.42	1.38
without	-0.42	2.08
placed	-0.42	1.02
start	-0.42	1.60
rifles	-0.41	1.03
improved	-0.41	1.23
stigma	-0.41	1.01
regions	-0.41	0.85
longer	-0.41	1.25
carries	-0.41	1.24
evaluate	-0.41	2.00
determined	-0.41	1.75
related	-0.41	1.48
faith	-0.41	1.37
realized	-0.41	1.45
dichotomy	-0.41	1.44
confused	-0.41	2.12
societal	-0.41	1.11
effect	-0.41	1.24
officer	-0.41	1.05
signal	-0.41	0.91
funded	-0.40	0.93
mortality	-0.40	0.84
subjective	-0.40	1.92
arms	-0.40	1.03
listen	-0.40	1.21
movements	-0.40	0.93
essence	-0.40	1.54
robbed	-0.40	0.92
shown	-0.40	1.98
activists	-0.40	0.96
condescending	-0.40	1.22
depend	-0.40	1.75
fraction	-0.40	1.15
outcome	-0.40	1.50
rates	-0.40	1.04
starving	-0.40	1.14
harder	-0.40	1.37
defined	-0.40	1.70
deserve	-0.40	1.21
work	-0.40	1.71
purely	-0.40	1.63
weigh	-0.40	1.50
abusing	-0.40	1.05
process	-0.40	1.25
revolution	-0.40	0.96
obesity	-0.40	0.83
task	-0.40	1.65
rate	-0.40	1.00
jerk	-0.40	1.43
magnitude	-0.40	1.23
proven	-0.40	2.69
removes	-0.40	1.24
guard	-0.40	0.84
hiding	-0.40	1.19
heavy	-0.40	0.93
push	-0.39	1.34
poverty	-0.39	0.92
and/or	-0.39	1.15
living	-0.39	1.08
problems	-0.39	1.62
lawyer	-0.39	1.17
absolute	-0.39	2.14
flying	-0.39	0.88
cut	-0.39	1.11
making	-0.39	2.43
feel	-0.39	2.55
dramatically	-0.39	1.25
prepare	-0.39	1.00
un	-0.39	0.89
whether	-0.39	1.99
empty	-0.39	0.98
courts	-0.39	1.25
emergency	-0.39	0.86
slowly	-0.39	1.21
enemy	-0.39	0.89
metaphor	-0.39	1.42
socialist	-0.38	1.08
handled	-0.38	1.64
impact	-0.38	1.20
risks	-0.38	1.21
ideals	-0.38	1.39
japanese	-0.38	1.25
aside	-0.38	1.80
varies	-0.38	1.50
determining	-0.38	1.82
affected	-0.38	1.20
judges	-0.38	1.32
hundreds	-0.38	1.23
environmental	-0.38	0.97
draw	-0.38	1.67
rush	-0.38	1.03
resolve	-0.38	1.72
subset	-0.38	1.14
screwed	-0.38	2.14
debatable	-0.38	2.99
refrain	-0.38	1.37
wo	-0.38	2.49
steal	-0.38	1.46
stereotype	-0.38	1.16
stance	-0.38	1.74
meat	-0.38	1.07
includes	-0.38	1.29
appears	-0.37	1.83
brought	-0.37	1.84
flavor	-0.37	1.01
preference	-0.37	0.90
period	-0.37	1.15
after	-0.37	1.25
recall	-0.37	1.14
wake	-0.37	1.39
repercussions	-0.37	1.04
paper	-0.37	1.18
affects	-0.37	1.17
both	-0.37	1.93
affect	-0.37	1.28
cancer	-0.37	0.86
asserting	-0.37	2.38
impacts	-0.37	1.13
standpoint	-0.37	1.80
habits	-0.37	0.89
richer	-0.37	1.15
solely	-0.37	1.57
fix	-0.37	1.52
sentient	-0.36	0.94
draft	-0.36	0.90
acknowledged	-0.36	1.90
firing	-0.36	0.95
intent	-0.36	1.54
vast	-0.36	1.28
culture	-0.36	1.02
framework	-0.36	1.95
straw	-0.36	1.90
skeptical	-0.36	1.57
hungry	-0.36	1.58
speed	-0.36	0.93
pushed	-0.36	1.16
implications	-0.36	1.55
exploit	-0.36	1.14
quickly	-0.36	1.37
grasp	-0.36	1.74
intentional	-0.36	1.44
here	-0.36	2.56
deserves	-0.36	1.18
reality	-0.36	1.78
late	-0.36	1.21
worldview	-0.36	1.61
standing	-0.35	0.91
lucky	-0.35	1.50
include	-0.35	1.42
accidentally	-0.35	1.16
eliminating	-0.35	1.41
holds	-0.35	1.78
organism	-0.35	0.89
fixing	-0.35	1.47
decide	-0.35	1.87
dozens	-0.35	1.28
srs	-0.35	1.46
deserving	-0.35	1.18
ours	-0.35	1.36
badly	-0.35	1.68
disagreeing	-0.35	2.42
absence	-0.35	1.85
whilst	-0.35	1.06
humanity	-0.35	1.01
demonstrated	-0.35	2.31
single	-0.35	1.57
bullet	-0.35	0.96
backed	-0.35	1.44
medical	-0.35	0.91
hold	-0.35	2.05
addressing	-0.34	2.05
heavily	-0.34	1.47
fights	-0.34	1.15
wave	-0.34	0.99
praise	-0.34	1.06
solved	-0.34	1.72
objections	-0.34	1.94
life	-0.34	1.04
intrinsic	-0.34	1.64
future	-0.34	1.49
context	-0.34	1.89
army	-0.34	0.83
fresh	-0.34	1.30
libertarian	-0.34	1.14
shots	-0.34	1.02
listed	-0.34	1.73
proves	-0.34	2.24
rifle	-0.33	1.05
starve	-0.33	0.98
vary	-0.33	1.50
boils	-0.33	2.19
negligible	-0.33	1.20
morals	-0.33	1.60
relation	-0.33	1.71
hostile	-0.33	1.30
ancient	-0.33	0.95
early	-0.33	1.25
handle	-0.33	1.64
killed	-0.33	1.23
agenda	-0.33	1.16
aliens	-0.33	1.00
approaching	-0.33	1.73
differing	-0.33	1.53
factors	-0.33	1.32
bearing	-0.32	1.81
recent	-0.32	1.33
sufficiently	-0.32	1.61
mentioning	-0.32	2.10
societies	-0.32	0.96
former	-0.32	1.63
detrimental	-0.32	1.11
minimize	-0.32	1.12
genuinely	-0.32	1.70
lazy	-0.32	1.21
busy	-0.32	1.11
view	-0.32	2.17
putting	-0.32	1.16
legality	-0.32	1.84
affecting	-0.32	1.21
included	-0.32	1.50
partially	-0.32	1.40
decisions	-0.31	1.55
soul	-0.31	1.32
strike	-0.31	0.86
judgment	-0.31	1.85
different	-0.31	1.45
reduction	-0.31	1.01
unhealthy	-0.31	0.86
motivation	-0.31	1.02
industrial	-0.31	0.89
implemented	-0.31	1.55
farming	-0.31	0.88
driven	-0.31	0.99
tend	-0.31	1.12
bored	-0.31	2.54
starting	-0.31	1.40
partly	-0.31	1.29
demonstrate	-0.31	2.05
risky	-0.31	1.24
british	-0.31	1.18
worship	-0.31	1.31
starts	-0.30	1.47
thereby	-0.30	1.44
ethics	-0.30	1.82
unemployed	-0.30	1.06
economically	-0.30	1.78
every	-0.30	1.54
claim	-0.30	2.60
patient	-0.30	0.90
populations	-0.30	0.85
blanket	-0.30	2.03
attributed	-0.30	1.22
lifestyle	-0.30	1.23
changes	-0.30	1.27
indicates	-0.30	1.71
working	-0.30	1.54
unconstitutional	-0.29	1.21
criteria	-0.29	1.51
myself	-0.29	1.99
combined	-0.29	0.91
reduces	-0.29	1.16
released	-0.29	0.96
supporters	-0.29	1.01
put	-0.29	1.29
sides	-0.29	1.73
inaccurate	-0.29	2.52
seeing	-0.29	1.45
shorter	-0.29	1.17
offered	-0.29	1.11
cultures	-0.29	1.11
heart	-0.29	0.89
taxation	-0.29	1.32
apparent	-0.29	1.78
planned	-0.29	0.98
road	-0.29	0.85
unpopular	-0.29	1.75
facilities	-0.29	0.82
similar	-0.29	1.40
tested	-0.29	1.88
side	-0.29	1.66
handful	-0.29	1.26
exposure	-0.29	0.94
explained	-0.28	2.03
figure	-0.28	2.24
humans	-0.28	0.90
rationality	-0.28	1.53
enforcement	-0.28	1.10
widely	-0.28	1.44
alcohol	-0.28	0.88
forth	-0.28	1.43
assumption	-0.28	2.63
tens	-0.28	1.15
hiring	-0.28	0.95
religion	-0.28	1.26
manipulation	-0.28	1.27
collapse	-0.28	0.86
2nd	-0.27	1.08
aggressive	-0.27	1.15
semantic	-0.27	1.91
violated	-0.27	1.28
safer	-0.27	1.21
importantly	-0.27	1.61
chances	-0.27	1.26
equal	-0.27	1.31
fast	-0.27	1.09
utilitarian	-0.27	1.72
remove	-0.27	1.31
wondering	-0.27	2.08
tyranny	-0.27	1.11
given	-0.27	1.39
relates	-0.27	1.77
referring	-0.27	1.89
inherent	-0.27	1.46
illogical	-0.27	2.54
identical	-0.27	1.44
debating	-0.27	2.08
discussing	-0.26	2.02
question	-0.26	2.37
suggests	-0.26	1.86
accountable	-0.26	1.05
strongly	-0.26	1.79
tomorrow	-0.26	1.55
underlying	-0.26	1.36
citizen	-0.26	0.95
intention	-0.26	1.44
listening	-0.26	1.02
banning	-0.26	1.11
behaviors	-0.26	1.02
pressure	-0.26	1.02
opponents	-0.26	1.37
universe	-0.26	1.52
scheme	-0.26	1.50
empathy	-0.26	1.16
advantage	-0.26	1.37
society	-0.26	1.07
recognize	-0.26	2.02
genre	-0.26	0.68
influence	-0.26	1.26
several	-0.25	1.36
relevance	-0.25	1.94
tone	-0.25	1.24
encourage	-0.25	1.05
forms	-0.25	1.25
ultimately	-0.25	1.36
practicing	-0.25	1.51
attention	-0.25	1.25
fallacy	-0.25	2.25
prescription	-0.25	0.92
round	-0.25	1.02
oneself	-0.25	1.18
counts	-0.25	1.37
opposite	-0.25	2.28
depressed	-0.25	2.77
values	-0.25	1.30
native	-0.25	1.57
reduce	-0.25	1.24
semantics	-0.25	1.99
patients	-0.25	0.91
practical	-0.25	1.68
actively	-0.24	1.48
national	-0.24	0.91
minimal	-0.24	1.31
progress	-0.24	1.12
settle	-0.24	1.48
typically	-0.24	1.31
mix	-0.24	0.92
simple	-0.24	1.60
phenomenon	-0.24	1.57
pragmatic	-0.24	1.79
effectiveness	-0.24	1.20
flow	-0.24	0.96
rhetoric	-0.24	1.32
precedent	-0.24	1.44
existing	-0.24	1.43
claims	-0.24	2.50
reported	-0.24	1.15
sooner	-0.24	1.62
key	-0.23	1.45
prohibition	-0.23	0.95
decision	-0.23	1.57
gmos	-0.23	0.88
supreme	-0.23	1.29
religions	-0.23	1.36
outside	-0.23	1.18
take	-0.23	2.04
agent	-0.23	1.26
placing	-0.23	1.18
2010	-0.23	1.19
removing	-0.23	1.21
dark	-0.23	1.16
reduced	-0.23	1.15
suggestion	-0.23	1.89
pretty	-0.23	2.16
sadly	-0.23	1.84
capitalist	-0.23	1.07
bare	-0.23	1.11
taste	-0.23	1.06
weakness	-0.23	0.97
pointed	-0.23	1.97
relying	-0.23	1.52
cultural	-0.23	1.09
reputation	-0.23	1.08
ban	-0.23	1.19
wasting	-0.22	1.61
100,000	-0.22	1.05
measured	-0.22	1.89
proposition	-0.22	2.65
primarily	-0.22	1.34
over	-0.22	1.61
defensive	-0.22	1.59
off	-0.22	1.20
identifying	-0.22	1.13
relative	-0.22	1.48
guess	-0.22	2.84
zero	-0.22	1.41
protected	-0.22	1.21
constitutional	-0.22	1.22
conflating	-0.22	1.82
carrying	-0.22	1.06
liable	-0.22	0.94
adapt	-0.22	1.18
defining	-0.22	1.57
protects	-0.22	1.16
assholes	-0.22	1.47
move	-0.22	1.33
expansion	-0.22	1.07
virtue	-0.22	1.56
portion	-0.21	1.21
merits	-0.21	1.84
hunting	-0.21	0.96
contexts	-0.21	1.55
hunt	-0.21	0.90
pattern	-0.21	1.20
impose	-0.21	1.21
necessity	-0.21	1.47
assure	-0.21	1.53
principles	-0.21	1.79
causation	-0.21	1.91
voice	-0.21	1.04
heard	-0.21	1.55
mainstream	-0.21	1.02
leg	-0.21	0.93
historical	-0.21	1.35
based	-0.21	1.82
first	-0.21	1.83
demonstrates	-0.21	1.53
note	-0.21	2.15
principle	-0.21	1.83
advanced	-0.21	1.34
prevention	-0.21	1.10
represents	-0.21	1.11
rapidly	-0.21	1.17
defines	-0.21	1.60
driving	-0.21	0.90
imposed	-0.21	1.21
state	-0.21	1.04
scientifically	-0.21	2.52
beings	-0.21	1.13
levels	-0.20	0.98
outcomes	-0.20	1.47
determines	-0.20	1.54
technological	-0.20	1.05
therapy	-0.20	1.12
equality	-0.20	1.06
population	-0.20	1.07
gdp	-0.20	0.94
protect	-0.20	1.25
reasonably	-0.20	1.77
tricky	-0.20	1.62
passing	-0.20	1.10
intervene	-0.20	1.04
judgement	-0.20	1.77
cop	-0.20	1.04
brown	-0.20	0.90
earth	-0.20	0.88
uneducated	-0.20	1.07
disagreement	-0.20	2.16
crash	-0.20	0.80
ancestors	-0.20	0.87
fire	-0.20	0.98
motivations	-0.19	1.03
count	-0.19	1.86
psychologically	-0.19	1.12
dealing	-0.19	1.70
size	-0.19	1.16
controversy	-0.19	1.29
help	-0.19	1.92
warming	-0.19	1.05
solving	-0.19	1.69
blind	-0.19	1.02
battle	-0.19	1.03
better	-0.19	2.57
exclude	-0.19	1.15
system	-0.19	1.50
overall	-0.19	1.13
property	-0.19	1.52
ran	-0.19	1.05
citizenship	-0.19	1.02
component	-0.19	1.54
objection	-0.19	2.07
category	-0.19	1.39
immediate	-0.19	1.10
independence	-0.19	0.87
room	-0.18	1.14
estimate	-0.18	1.44
negative	-0.18	1.19
structures	-0.18	1.08
confirmation	-0.18	1.63
automatic	-0.18	1.10
equation	-0.18	1.61
convert	-0.18	1.42
medicine	-0.18	0.99
vehicle	-0.18	0.87
cutting	-0.18	1.00
reform	-0.18	1.29
despite	-0.18	1.46
reducing	-0.18	1.17
relies	-0.18	1.96
de	-0.18	0.92
core	-0.18	1.39
continues	-0.18	1.16
combat	-0.18	0.92
deaths	-0.18	1.02
truck	-0.18	0.87
consciously	-0.18	1.42
cross	-0.18	0.88
slave	-0.18	0.85
greater	-0.18	1.17
check	-0.18	1.23
christian	-0.18	1.10
consideration	-0.18	1.54
reflects	-0.18	1.36
differ	-0.17	1.86
multiple	-0.17	1.39
showing	-0.17	1.31
political	-0.17	1.19
percentage	-0.17	1.14
somewhere	-0.17	1.60
wanted	-0.17	1.52
dropping	-0.17	0.92
assertion	-0.17	2.47
organic	-0.17	0.89
decline	-0.17	1.10
specifics	-0.17	2.05
dispute	-0.17	2.47
demonstrably	-0.17	3.62
island	-0.17	0.83
care	-0.17	1.67
pulled	-0.17	1.03
rewarded	-0.17	1.11
appear	-0.17	1.55
relating	-0.17	1.60
proposal	-0.17	1.61
canadian	-0.17	1.03
forgetting	-0.17	1.15
enforced	-0.17	1.49
billions	-0.17	1.20
promoting	-0.17	1.01
terms	-0.17	1.82
objective	-0.17	2.33
rice	-0.16	0.95
bang	-0.16	1.47
worth	-0.16	1.57
consumption	-0.16	0.89
accomplish	-0.16	1.81
label	-0.16	1.28
jokes	-0.16	1.55
rude	-0.16	1.19
upon	-0.16	1.71
importance	-0.16	1.57
reasonable	-0.16	2.09
shift	-0.16	1.26
along	-0.16	1.51
misleading	-0.16	2.41
increases	-0.16	1.13
command	-0.16	1.07
unaware	-0.16	1.68
wonder	-0.16	2.25
decades	-0.16	1.34
heaven	-0.16	1.26
left	-0.16	1.03
raped	-0.16	0.93
construct	-0.16	1.57
redditors	-0.16	1.55
modified	-0.16	0.87
drivers	-0.16	0.86
beating	-0.16	1.09
fault	-0.16	1.11
precisely	-0.16	2.21
red	-0.16	0.77
jumping	-0.16	1.11
ways	-0.16	1.86
feet	-0.15	1.00
divine	-0.15	1.26
refers	-0.15	1.68
manipulate	-0.15	1.35
eg	-0.15	1.05
conservative	-0.15	1.16
taking	-0.15	1.63
approach	-0.15	1.77
away	-0.15	1.64
liberal	-0.15	1.19
scrutiny	-0.15	1.41
faces	-0.15	1.13
lay	-0.15	1.19
percent	-0.15	1.15
metric	-0.15	1.71
worked	-0.15	1.34
involving	-0.15	1.30
libertarianism	-0.15	1.34
variation	-0.15	1.31
increased	-0.15	1.12
hypothesis	-0.15	2.14
evolved	-0.15	0.90
turn	-0.15	1.18
doctrine	-0.14	1.18
incentives	-0.14	1.04
realistically	-0.14	1.98
gmo	-0.14	0.89
table	-0.14	0.99
keeps	-0.14	1.04
riding	-0.14	0.86
imposing	-0.14	1.20
turning	-0.14	1.07
cameras	-0.14	0.85
potential	-0.14	1.02
generic	-0.14	1.08
farmers	-0.14	0.83
overwhelmingly	-0.14	1.07
measure	-0.14	1.90
confusing	-0.14	1.84
emphasis	-0.14	1.37
species	-0.14	0.85
received	-0.13	1.16
drawing	-0.13	1.44
consistently	-0.13	1.81
discussed	-0.13	1.88
talked	-0.13	1.38
patterns	-0.13	1.03
regarding	-0.13	1.75
applied	-0.13	1.76
discount	-0.13	1.53
nuts	-0.13	1.33
wasted	-0.13	1.20
generalization	-0.13	2.67
introduce	-0.13	1.43
broke	-0.13	1.16
contention	-0.13	2.16
person	-0.13	1.69
addresses	-0.13	1.99
norms	-0.13	1.13
predictable	-0.13	1.31
influences	-0.13	1.23
dozen	-0.13	1.25
behave	-0.13	1.33
address	-0.13	2.09
barrier	-0.13	1.19
wait	-0.13	1.61
governmental	-0.13	1.04
eventually	-0.13	1.42
educate	-0.13	1.70
wants	-0.13	2.71
driver	-0.13	0.86
public	-0.13	0.89
simultaneously	-0.13	1.90
merit	-0.13	1.68
proportion	-0.12	1.12
animals	-0.12	0.91
times	-0.12	1.60
expected	-0.12	1.61
vehicles	-0.12	0.86
definition	-0.12	1.95
observed	-0.12	1.76
universal	-0.12	2.13
tastes	-0.12	1.03
privileges	-0.12	1.18
rewards	-0.12	1.04
fully	-0.12	1.81
evidence	-0.12	2.30
ownership	-0.12	1.10
needing	-0.12	1.01
contributing	-0.12	1.07
agreeing	-0.12	2.13
false	-0.12	3.07
inclined	-0.12	1.65
decrease	-0.12	1.11
represent	-0.12	1.03
stole	-0.12	1.00
effects	-0.12	1.09
dismissing	-0.12	2.31
governments	-0.12	0.97
third	-0.12	1.28
correlation	-0.11	1.57
mentioned	-0.11	1.90
goes	-0.11	1.87
demographics	-0.11	1.00
perceive	-0.11	1.36
disappear	-0.11	1.41
responsible	-0.11	1.08
areas	-0.11	1.02
actual	-0.11	1.66
word	-0.11	1.73
improvement	-0.11	1.26
moot	-0.11	2.36
he/she	-0.11	1.92
homeless	-0.11	1.10
realm	-0.11	1.51
casualties	-0.11	0.87
promote	-0.11	1.05
restricting	-0.11	1.20
fluid	-0.11	1.07
mentally	-0.11	1.20
form	-0.11	1.23
backing	-0.11	1.89
premise	-0.11	2.61
simpler	-0.11	1.53
head	-0.11	1.06
arbitrary	-0.11	1.52
occasional	-0.10	1.00
physically	-0.10	1.09
continued	-0.10	1.14
pack	-0.10	0.86
demographic	-0.10	0.94
let	-0.10	2.32
rational	-0.10	1.69
philosophical	-0.10	1.89
pressures	-0.10	1.04
central	-0.10	1.16
dont	-0.10	2.61
injured	-0.10	1.09
v	-0.10	1.36
comprehend	-0.10	1.57
breast	-0.10	0.99
fairness	-0.10	1.57
turned	-0.10	1.24
labeling	-0.10	1.13
reward	-0.10	1.03
number	-0.10	1.20
policy	-0.10	1.34
fuel	-0.10	0.90
legitimacy	-0.10	1.55
groups	-0.10	0.89
guessing	-0.10	2.36
generalizations	-0.10	2.69
constitution	-0.10	1.24
administration	-0.09	1.03
produces	-0.09	0.91
connotation	-0.09	1.54
conscious	-0.09	1.37
fundamental	-0.09	1.54
protection	-0.09	1.27
chance	-0.09	1.46
advance	-0.09	1.16
oil	-0.09	1.01
inappropriate	-0.09	1.27
inevitably	-0.09	1.39
attribute	-0.09	1.30
definitions	-0.09	1.74
begins	-0.09	1.15
controlled	-0.09	1.15
truth	-0.09	2.65
suggested	-0.09	1.85
legislation	-0.09	1.21
peace	-0.09	1.11
coercion	-0.09	1.11
dependent	-0.09	1.57
looked	-0.09	1.27
hell	-0.09	1.92
car	-0.09	0.86
interested	-0.09	1.87
gas	-0.09	0.87
important	-0.09	2.13
evolution	-0.09	0.98
prime	-0.08	1.13
texas	-0.08	0.87
higher	-0.08	1.12
orders	-0.08	1.06
noted	-0.08	1.80
asshole	-0.08	1.46
limit	-0.08	1.15
center	-0.08	0.95
aspect	-0.08	1.80
directly	-0.08	1.54
our	-0.08	1.04
homosexuals	-0.08	1.53
alone	-0.08	1.19
influenced	-0.08	1.15
perspective	-0.08	1.92
probability	-0.08	1.43
later	-0.08	1.37
qualify	-0.08	1.45
stated	-0.08	2.04
crop	-0.08	0.86
ratio	-0.08	1.18
tasks	-0.08	1.44
stupid	-0.08	1.40
officers	-0.08	0.97
interpretations	-0.07	1.68
describe	-0.07	1.69
implementation	-0.07	1.50
lie	-0.07	1.58
correlated	-0.07	1.40
speculation	-0.07	2.16
implement	-0.07	1.49
trend	-0.07	1.13
steps	-0.07	1.33
improve	-0.07	1.39
bike	-0.07	0.86
bridge	-0.07	1.02
communism	-0.07	1.31
drive	-0.07	0.89
production	-0.07	0.97
vegetarian	-0.07	1.16
outweigh	-0.07	1.15
poor	-0.07	0.84
limiting	-0.07	1.23
till	-0.07	1.25
mechanism	-0.07	1.41
etc	-0.07	1.10
biology	-0.07	1.52
amendment	-0.07	1.28
religious	-0.07	1.12
discuss	-0.07	2.05
restrictions	-0.07	1.17
restriction	-0.07	1.26
purposes	-0.07	1.41
infinitely	-0.07	1.43
theoretical	-0.07	1.66
status	-0.07	1.18
looking	-0.06	2.10
consciousness	-0.06	1.30
refused	-0.06	1.46
press	-0.06	1.13
propose	-0.06	1.78
restricted	-0.06	1.26
protecting	-0.06	1.24
speech	-0.06	1.20
specifically	-0.06	1.94
christianity	-0.06	1.07
contribution	-0.06	1.14
farm	-0.06	0.84
survive	-0.06	1.01
creation	-0.06	1.13
bulk	-0.06	0.99
recorded	-0.06	1.15
chunk	-0.06	1.32
class	-0.06	1.49
easy	-0.06	1.64
factor	-0.06	1.57
insult	-0.05	1.34
differences	-0.05	1.32
assertions	-0.05	2.56
twice	-0.05	1.33
add	-0.05	1.39
pro-life	-0.05	1.10
campus	-0.05	0.90
display	-0.05	0.88
themselves	-0.05	1.71
stick	-0.05	1.42
genetics	-0.05	1.00
grant	-0.05	1.25
cars	-0.05	0.85
impossible	-0.05	2.18
growth	-0.05	0.98
simplistic	-0.05	1.63
workers	-0.05	1.03
measurable	-0.05	1.70
stealing	-0.05	1.75
confirm	-0.05	2.08
federal	-0.05	1.07
progressive	-0.05	1.04
granted	-0.05	1.28
true	-0.05	3.78
had	-0.05	1.42
space	-0.05	0.90
precautions	-0.04	1.13
chemistry	-0.04	1.57
robots	-0.04	1.10
deciding	-0.04	1.56
anyways	-0.04	2.67
pirating	-0.04	1.57
subscribe	-0.04	1.49
verify	-0.04	2.04
foundation	-0.04	2.05
automation	-0.04	1.00
prostitutes	-0.04	0.95
entity	-0.04	1.31
recently	-0.04	1.45
drop	-0.04	1.05
<URL>	-0.04	0.96
<SPECIAL>	-0.04	0.96
enemies	-0.04	0.91
bears	-0.04	0.93
classes	-0.04	1.63
corner	-0.04	1.01
behind	-0.04	1.05
connotations	-0.04	1.43
advantages	-0.04	1.17
discovered	-0.04	1.28
succeed	-0.04	1.29
shit	-0.04	2.16
crops	-0.04	0.87
fails	-0.04	1.40
atmosphere	-0.04	1.03
isnt	-0.04	2.44
loaded	-0.04	1.74
active	-0.03	1.11
violate	-0.03	1.33
release	-0.03	0.86
dictionary	-0.03	1.87
agriculture	-0.03	0.91
rights	-0.03	1.24
thereof	-0.03	1.41
positively	-0.03	1.35
perception	-0.03	1.34
law	-0.03	1.27
measures	-0.03	1.33
throwing	-0.03	1.06
basing	-0.03	1.99
ordered	-0.03	0.85
increasing	-0.03	1.14
unemployment	-0.03	1.00
carry	-0.03	1.06
version	-0.03	1.34
genetically	-0.03	0.97
illegally	-0.03	1.16
retarded	-0.03	1.25
gravity	-0.03	1.38
modern	-0.03	1.12
realise	-0.03	2.20
stolen	-0.03	1.40
legally	-0.03	1.70
units	-0.03	1.35
edge	-0.03	1.20
surrounding	-0.03	1.30
bucks	-0.03	1.52
tendency	-0.03	1.01
successfully	-0.03	1.70
application	-0.02	1.57
plane	-0.02	0.87
frequent	-0.02	1.15
replacing	-0.02	1.26
violation	-0.02	1.26
concepts	-0.02	1.74
predict	-0.02	1.67
sake	-0.02	1.34
low	-0.02	1.16
cow	-0.02	0.91
studied	-0.02	1.58
record	-0.02	1.16
incapable	-0.02	1.34
american	-0.02	1.23
crazy	-0.02	1.74
ingredients	-0.02	0.93
circles	-0.02	1.24
remind	-0.02	1.39
analyze	-0.02	1.78
safely	-0.02	1.12
coin	-0.02	1.27
specific	-0.02	1.73
expanding	-0.02	1.26
economic	-0.02	1.01
safety	-0.02	1.12
authorities	-0.02	1.12
government	-0.01	1.07
lets	-0.01	1.97
external	-0.01	1.41
compelled	-0.01	1.40
communities	-0.01	0.83
total	-0.01	1.03
onto	-0.01	1.21
scope	-0.01	1.57
improving	-0.01	1.39
democracy	-0.01	1.17
angle	-0.01	1.33
double	-0.01	1.50
phrase	-0.01	1.68
confusion	-0.01	1.57
roles	-0.01	1.03
possibilities	-0.01	1.62
jump	-0.01	1.27
moon	-0.01	0.88
referred	-0.01	1.34
himself	-0.01	1.32
domestic	-0.01	0.94
extension	-0.01	1.30
sample	-0.01	1.41
solutions	-0.01	1.83
fish	-0.01	0.87
element	-0.01	1.47
argument	-0.01	2.45
results	-0.01	1.57
protections	-0.00	1.26
report	-0.00	1.49
extensive	-0.00	1.17
eye	-0.00	1.13
calling	-0.00	1.36
changed	-0.00	2.49
choices	-0.00	1.35
disagree	-0.00	3.69
barriers	-0.00	1.16
2000	-0.00	1.18
california	-0.00	0.92
labour	-0.00	0.96
serves	-0.00	1.26
expectations	-0.00	1.16
limitations	-0.00	1.30
upvotes	-0.00	1.59
manufacturing	-0.00	0.94
experiments	-0.00	1.78
puts	0.00	1.44
hit	0.00	0.96
spite	0.00	1.27
origin	0.00	1.06
advances	0.00	1.19
internal	0.00	1.09
meaning	0.00	1.79
flawed	0.00	2.75
uses	0.00	1.86
censorship	0.00	1.29
fossil	0.00	0.96
mechanisms	0.00	1.24
testing	0.00	1.31
pro-choice	0.00	1.28
laws	0.00	1.22
usual	0.00	1.27
dropped	0.00	1.04
premises	0.00	2.71
statement	0.00	3.01
economy	0.01	0.96
screw	0.01	2.04
advancement	0.01	1.06
courses	0.01	1.63
michael	0.01	0.99
anarchy	0.01	1.34
surface	0.01	1.21
republicans	0.01	1.06
rob	0.01	1.04
agencies	0.01	1.04
employ	0.01	0.97
around	0.01	1.23
hole	0.01	1.08
indian	0.01	1.32
refer	0.01	1.56
restrict	0.01	1.28
crux	0.01	2.28
violates	0.01	1.29
used	0.01	1.51
clause	0.01	1.26
welfare	0.01	0.96
catholic	0.01	1.00
produce	0.01	0.90
freedoms	0.01	1.27
dictate	0.01	1.51
labor	0.02	1.03
regulated	0.02	1.05
slippery	0.02	2.15
slope	0.02	2.07
obese	0.02	1.01
limited	0.02	1.28
energy	0.02	0.93
assumptions	0.02	2.71
violating	0.02	1.31
doesnt	0.02	2.47
bed	0.02	1.05
area	0.02	1.01
populace	0.02	1.03
resource	0.02	1.00
shifting	0.02	1.21
extra	0.02	1.35
general	0.02	1.54
increase	0.02	1.10
failures	0.02	1.61
freedom	0.02	1.29
explanations	0.02	1.75
labels	0.02	1.11
benefits	0.02	1.12
statistic	0.02	1.39
availability	0.02	1.16
figuring	0.02	1.88
namely	0.02	1.50
urban	0.02	0.86
give	0.02	1.74
faulty	0.02	2.84
dying	0.02	1.26
refuse	0.03	1.59
addressed	0.03	2.08
decides	0.03	2.13
truths	0.03	2.66
dna	0.03	0.93
base	0.03	1.68
strictly	0.03	1.90
2008	0.03	1.07
holy	0.03	1.24
elsewhere	0.03	2.05
wide	0.03	1.26
tactic	0.03	1.30
supposed	0.03	2.21
green	0.03	0.82
additional	0.03	1.21
spectrum	0.03	1.27
down	0.03	1.07
rural	0.03	0.86
distance	0.03	1.07
eat	0.03	0.90
owns	0.03	1.62
realistic	0.03	1.67
church	0.03	1.00
sky	0.03	0.82
numbers	0.03	1.38
independent	0.03	1.32
damages	0.03	0.88
barely	0.03	1.25
streets	0.03	0.86
describes	0.03	1.63
observation	0.03	2.24
founded	0.03	1.50
losses	0.04	0.93
machines	0.04	1.08
meanings	0.04	1.79
majority	0.04	1.09
defect	0.04	0.89
pulling	0.04	1.09
logic	0.04	2.56
quo	0.04	1.40
air	0.04	1.33
soldier	0.04	0.90
spoke	0.04	1.48
regulations	0.04	1.16
passed	0.04	1.16
reports	0.04	1.59
term	0.04	1.63
tried	0.04	1.42
washington	0.04	0.96
manage	0.04	1.59
entities	0.04	1.37
conclusions	0.04	2.57
wider	0.04	1.24
run	0.04	1.28
adds	0.04	1.15
intended	0.04	1.48
eating	0.04	0.90
changing	0.05	1.63
net	0.05	1.07
receive	0.05	1.21
determinism	0.05	1.82
implication	0.05	1.90
imperative	0.05	1.52
rise	0.05	1.02
reasoning	0.05	2.60
questioning	0.05	2.25
interpretation	0.05	1.70
theories	0.05	1.87
filled	0.05	1.01
sexes	0.05	1.26
jobs	0.05	1.12
morning	0.05	1.23
beginning	0.05	1.26
moves	0.05	1.15
chain	0.05	1.09
capable	0.05	1.40
democrats	0.05	1.06
went	0.05	1.23
overlap	0.05	1.43
burden	0.05	1.20
explicitly	0.05	1.89
10,000	0.05	1.17
moderation	0.05	1.23
arbitrarily	0.05	1.24
front	0.05	0.93
huge	0.05	1.28
prominent	0.05	0.95
elementary	0.05	1.13
curriculum	0.06	1.60
answered	0.06	2.15
politics	0.06	1.48
seats	0.06	1.06
eaten	0.06	0.89
particular	0.06	1.37
drawn	0.06	1.61
lower	0.06	1.08
foods	0.06	0.92
free	0.06	1.49
effectively	0.06	1.87
skewed	0.06	1.81
light	0.06	0.87
try	0.06	1.90
insane	0.06	1.50
lgbt	0.06	1.15
owning	0.06	1.12
officials	0.06	1.03
shaped	0.06	1.23
last	0.06	1.34
functions	0.06	1.14
observe	0.06	1.58
worker	0.06	1.04
produced	0.06	0.92
discover	0.06	1.47
power	0.06	1.06
plant	0.07	0.81
99	0.07	1.36
appeal	0.07	1.63
stats	0.07	1.48
philosophy	0.07	1.69
volunteer	0.07	1.04
counting	0.07	1.28
representing	0.07	1.06
department	0.07	1.11
positions	0.07	1.23
phenomena	0.07	1.65
instinct	0.07	1.12
operating	0.07	1.31
prone	0.07	1.51
lab	0.07	1.28
arrive	0.07	2.08
agents	0.07	1.13
tries	0.07	1.56
materials	0.07	0.93
congress	0.08	1.09
firstly	0.08	2.30
asked	0.08	1.55
roads	0.08	0.89
daily	0.08	1.15
saw	0.08	1.26
figured	0.08	1.85
fourth	0.08	1.12
illusion	0.08	1.42
object	0.08	1.29
conclusion	0.08	2.72
reference	0.08	1.71
refute	0.08	2.41
professor	0.08	1.58
employed	0.08	1.09
questions	0.08	2.03
interpret	0.08	1.63
permit	0.08	1.20
systems	0.08	1.19
showed	0.08	1.40
controlling	0.08	1.16
ll	0.08	2.49
regulate	0.08	1.14
interpreted	0.08	1.70
normal	0.08	1.32
budget	0.08	1.02
processes	0.08	1.16
statements	0.08	3.04
implicit	0.09	1.38
president	0.09	0.98
unit	0.09	1.28
surrounded	0.09	1.08
ride	0.09	0.88
gendered	0.09	1.09
empirical	0.09	2.21
pocket	0.09	1.01
special	0.09	1.39
path	0.09	1.09
individual	0.09	1.39
billion	0.09	1.13
identity	0.09	1.03
heads	0.09	1.22
empire	0.09	0.96
properties	0.09	1.24
efficiency	0.09	1.05
indicator	0.10	1.55
ourselves	0.10	1.64
narrow	0.10	1.37
accommodate	0.10	1.41
presenting	0.10	1.99
under	0.10	1.53
minded	0.10	1.11
serve	0.10	1.17
critically	0.10	1.86
elected	0.10	1.02
convincing	0.10	2.33
made	0.10	2.28
benefit	0.10	1.06
diversity	0.10	0.94
regulation	0.10	1.09
greatest	0.10	2.54
handling	0.10	1.56
permitted	0.10	1.47
literal	0.10	1.62
unconscious	0.10	1.25
distribution	0.10	1.37
proportional	0.10	1.07
lacks	0.10	1.44
rooted	0.10	1.22
waiting	0.10	1.05
producing	0.10	0.96
basic	0.11	1.49
sum	0.11	1.20
ship	0.11	0.96
contrary	0.11	2.63
arguments	0.11	2.41
handicapped	0.11	1.03
shut	0.11	1.09
theater	0.11	1.13
controls	0.11	1.18
employers	0.11	1.03
assessment	0.11	1.83
machine	0.11	1.15
spent	0.11	1.23
helps	0.11	1.47
infinite	0.11	1.44
perfectly	0.11	1.90
crowd	0.11	1.00
solar	0.11	0.96
style	0.11	0.74
length	0.11	1.20
implied	0.11	2.02
workplace	0.11	0.92
private	0.11	1.01
creator	0.11	1.44
job	0.11	1.10
stars	0.12	0.93
noting	0.12	1.82
thousand	0.12	1.20
salt	0.12	1.37
variable	0.12	1.51
return	0.12	1.18
beef	0.12	0.85
fail	0.12	1.59
extend	0.12	1.32
valued	0.12	1.26
bear	0.12	1.26
anecdotes	0.12	2.19
liberty	0.12	1.31
represented	0.12	1.04
miles	0.12	1.15
identified	0.12	1.28
measuring	0.12	1.58
approved	0.12	1.42
slight	0.12	1.78
terminology	0.12	1.71
ends	0.12	1.18
minimum	0.12	1.09
lack	0.12	1.33
community	0.12	0.95
wind	0.12	0.89
threshold	0.12	1.19
set	0.12	1.32
democrat	0.12	1.08
experience	0.13	1.31
mile	0.13	1.13
perspectives	0.13	1.56
dollars	0.13	1.19
sufficient	0.13	1.89
cognitive	0.13	1.10
door	0.13	0.90
95	0.13	1.29
rationally	0.13	1.85
factually	0.13	3.74
steak	0.13	0.85
whenever	0.13	1.46
managed	0.13	1.55
preserve	0.13	1.16
capacity	0.13	1.35
sensible	0.13	1.71
solution	0.13	1.99
immature	0.13	1.03
ai	0.13	1.16
million	0.13	1.14
feature	0.13	0.98
gamers	0.13	0.98
spends	0.13	1.23
next	0.13	1.20
trends	0.13	1.39
individuals	0.13	1.06
anecdote	0.13	2.12
leadership	0.13	0.95
overweight	0.13	1.02
background	0.13	1.14
valuable	0.13	1.45
cells	0.13	0.89
reflection	0.13	1.38
ahead	0.13	2.02
invalid	0.14	2.79
explicit	0.14	1.42
chicken	0.14	0.84
purpose	0.14	1.23
diet	0.14	0.94
followed	0.14	1.39
gene	0.14	0.92
into	0.14	1.35
research	0.14	1.50
naturally	0.14	1.04
leaving	0.14	0.97
limits	0.14	1.22
bringing	0.14	1.48
tactics	0.14	1.24
bank	0.14	1.00
experiences	0.14	1.23
incentive	0.14	1.07
theory	0.14	1.74
hundred	0.14	1.23
consume	0.14	0.91
non	0.14	1.31
insist	0.14	1.31
privacy	0.14	1.20
eggs	0.14	0.84
tipping	0.15	1.21
complexity	0.15	1.25
thoroughly	0.15	2.09
parking	0.15	0.90
king	0.15	0.86
wage	0.15	1.12
abstract	0.15	1.66
breaking	0.15	1.13
circular	0.15	2.79
essential	0.15	1.53
representative	0.15	1.10
institution	0.15	1.13
handed	0.15	1.15
natural	0.15	1.01
traditional	0.15	1.02
held	0.15	1.39
maintenance	0.15	0.90
mandate	0.15	1.05
institutions	0.15	1.04
odds	0.15	1.57
grey	0.15	1.14
health	0.15	1.05
failure	0.15	1.64
employee	0.15	1.04
quality	0.15	1.25
server	0.15	1.04
contradicts	0.15	2.62
union	0.15	0.92
owned	0.15	1.06
republican	0.16	1.08
75	0.16	1.33
output	0.16	1.03
heck	0.16	2.34
commercial	0.16	0.94
introduced	0.16	1.27
wild	0.16	0.85
convey	0.16	1.54
skip	0.16	1.24
biases	0.16	1.53
employment	0.16	1.02
further	0.16	1.73
development	0.16	1.07
go	0.16	1.95
products	0.16	0.98
physics	0.16	1.52
full	0.16	1.10
wont	0.16	2.25
teach	0.16	1.62
wages	0.16	1.06
earned	0.16	1.09
differently	0.16	1.86
disabled	0.16	1.03
capabilities	0.16	1.15
santa	0.16	1.10
second	0.17	1.48
supplies	0.17	1.17
mathematical	0.17	1.79
highest	0.17	1.32
dare	0.17	2.10
ago	0.17	1.30
farms	0.17	0.90
brain	0.17	1.16
assistance	0.17	1.10
capture	0.17	1.10
song	0.17	1.00
finite	0.17	1.26
test	0.17	1.40
peoples	0.17	1.31
categories	0.17	1.24
aid	0.17	1.11
challenge	0.17	2.27
weather	0.17	1.13
die	0.17	1.26
hospitals	0.17	0.91
contradiction	0.17	2.74
studying	0.17	1.48
breaks	0.17	0.93
demand	0.17	1.05
found	0.17	1.60
raw	0.18	0.94
studies	0.18	1.63
kills	0.18	1.78
strict	0.18	1.29
healthcare	0.18	1.12
effective	0.18	1.22
approval	0.18	1.10
tip	0.18	1.19
commonly	0.18	1.73
adding	0.18	1.14
idiot	0.18	1.48
facts	0.18	2.66
expanded	0.18	1.50
ideal	0.18	1.53
genders	0.18	1.18
psychology	0.18	1.39
explaining	0.18	2.06
few	0.18	1.23
belongs	0.18	1.49
reporting	0.18	1.90
profession	0.18	1.02
international	0.18	1.06
1st	0.18	1.03
applying	0.18	1.77
feed	0.18	0.89
colleges	0.18	1.09
ended	0.18	1.09
workforce	0.18	1.00
yours	0.18	2.29
physical	0.18	1.12
minute	0.18	1.21
controversial	0.19	2.22
math	0.19	1.48
scientific	0.19	1.82
90	0.19	1.32
traditionally	0.19	1.08
approximately	0.19	1.11
mathematics	0.19	1.65
economics	0.19	1.45
standard	0.19	1.24
spaces	0.19	0.96
programs	0.19	1.07
bag	0.19	1.02
lawyers	0.19	1.17
technologies	0.19	1.09
losing	0.19	1.00
sensitive	0.19	1.18
logically	0.19	3.06
foot	0.19	1.06
industry	0.19	0.96
logical	0.19	2.64
pool	0.19	1.03
dignity	0.19	1.23
reached	0.19	1.44
flat	0.19	1.37
seconds	0.19	1.25
pills	0.19	1.02
passive	0.19	1.07
implicitly	0.19	1.61
cats	0.19	1.01
bible	0.19	1.43
contributions	0.19	1.10
quantity	0.20	1.09
recording	0.20	0.96
money	0.20	1.26
enforce	0.20	1.30
sit	0.20	1.16
developing	0.20	1.01
human	0.20	0.95
affirmations	0.20	1.46
horse	0.20	1.21
campaign	0.20	1.03
awareness	0.20	1.14
employees	0.20	1.07
funding	0.20	1.06
supply	0.20	1.04
unable	0.20	1.53
spending	0.20	1.09
diverse	0.20	1.24
organizations	0.20	0.97
searching	0.20	1.55
impression	0.20	2.01
democratic	0.20	1.12
marginal	0.20	1.05
survey	0.20	1.47
within	0.21	1.23
complex	0.21	1.26
songs	0.21	0.99
staff	0.21	0.98
quantum	0.21	1.51
tangible	0.21	1.29
debate	0.21	1.90
bite	0.21	1.21
restaurants	0.21	0.94
line	0.21	1.57
variables	0.21	1.63
taxing	0.21	0.97
fictional	0.21	1.19
electric	0.21	1.01
2012	0.21	1.13
plus	0.21	1.10
300	0.21	1.17
establishment	0.21	0.99
giant	0.21	1.12
penis	0.21	0.94
artificially	0.21	1.16
invent	0.21	1.44
flight	0.21	0.85
generations	0.21	1.16
stamps	0.22	1.02
users	0.22	1.32
meal	0.22	0.89
compensate	0.22	1.14
taught	0.22	1.62
university	0.22	1.15
credible	0.22	1.63
broader	0.22	1.41
primary	0.22	1.09
per	0.22	1.09
transportation	0.22	0.96
businesses	0.22	0.95
travel	0.22	1.00
pill	0.22	0.88
productivity	0.22	1.02
belong	0.22	0.95
cook	0.22	1.14
stake	0.22	1.05
methods	0.22	1.42
critical	0.22	1.60
turns	0.22	1.49
divide	0.22	1.38
contradictory	0.22	2.86
contemporary	0.22	1.08
saving	0.22	1.27
license	0.23	1.11
tests	0.23	1.37
minutes	0.23	1.26
industries	0.23	0.98
square	0.23	1.08
opportunities	0.23	1.10
verbal	0.23	1.15
bread	0.23	1.06
operate	0.23	1.10
sector	0.23	0.97
covered	0.23	1.04
techniques	0.23	1.30
willing	0.23	1.81
efficient	0.23	1.37
charities	0.23	1.09
expand	0.23	1.44
consensus	0.23	1.33
lost	0.23	1.08
call	0.23	1.72
wealth	0.23	1.05
cents	0.23	1.18
serving	0.23	0.99
campaigns	0.23	1.05
value	0.23	1.23
built	0.23	1.14
schedule	0.23	1.10
prices	0.23	1.05
visible	0.23	0.96
representatives	0.23	1.09
decided	0.23	1.41
bottom	0.23	1.12
radio	0.23	0.96
dead	0.23	2.66
compensation	0.23	1.09
york	0.23	1.00
alter	0.23	1.42
reflect	0.23	1.61
reproduce	0.23	0.96
servers	0.23	1.09
inconsistent	0.23	3.66
agency	0.23	1.15
rising	0.23	0.98
office	0.23	1.04
earlier	0.23	2.05
helping	0.23	1.51
bus	0.23	0.90
politicians	0.24	1.04
save	0.24	1.22
lastly	0.24	1.50
homework	0.24	1.32
gain	0.24	1.02
presented	0.24	2.21
enforcing	0.24	1.25
equipment	0.24	0.98
well-being	0.24	1.10
failed	0.24	1.30
tea	0.24	0.84
box	0.24	1.00
reach	0.24	1.59
years	0.24	1.28
1000	0.24	1.17
grade	0.24	1.29
business	0.24	0.95
lowering	0.24	1.07
unhappy	0.24	2.45
creativity	0.24	1.05
priorities	0.24	1.40
science	0.24	1.65
trp	0.24	1.14
crucial	0.24	1.78
legs	0.24	1.09
markets	0.24	1.02
contradict	0.24	2.55
organization	0.24	0.91
create	0.24	1.44
banned	0.24	1.45
ready	0.24	1.21
trap	0.24	1.11
cooking	0.24	1.10
golden	0.24	1.29
grown	0.24	0.87
subjects	0.24	1.58
schools	0.25	1.10
typical	0.25	1.08
study	0.25	1.58
hours	0.25	1.27
pass	0.25	1.11
unlimited	0.25	1.20
possess	0.25	1.12
ate	0.25	0.89
food	0.25	0.93
entitled	0.25	1.19
corporate	0.25	1.04
model	0.25	1.73
employer	0.25	1.07
subject	0.25	1.64
mcdonalds	0.25	0.93
allows	0.25	1.37
bill	0.25	1.11
evolutionary	0.25	1.04
while	0.25	1.75
nyc	0.25	0.94
finished	0.25	1.20
survival	0.25	0.98
firm	0.25	1.01
boat	0.25	1.16
quick	0.25	1.44
gets	0.25	1.75
twenty	0.26	1.23
half	0.26	1.28
objects	0.26	1.30
picked	0.26	1.17
500	0.26	1.14
accordingly	0.26	1.77
elect	0.26	1.09
transport	0.26	1.03
expert	0.26	1.11
provided	0.26	1.58
dollar	0.26	1.27
strive	0.26	1.19
costs	0.26	1.04
blow	0.26	1.14
apparently	0.26	1.76
ease	0.26	1.12
peer	0.26	1.43
lunch	0.26	0.97
selective	0.26	0.96
search	0.26	1.38
charity	0.26	1.09
vegan	0.26	0.93
dedicated	0.26	1.32
according	0.26	1.60
tax	0.26	1.01
normally	0.26	1.36
able	0.26	1.78
joke	0.26	1.74
concerning	0.26	1.84
independently	0.26	1.59
inability	0.26	1.47
codes	0.26	1.37
music	0.26	0.89
picking	0.27	1.33
genes	0.27	0.93
inflation	0.27	1.04
retail	0.27	1.04
checks	0.27	1.13
vital	0.27	1.41
sciences	0.27	1.39
figures	0.27	1.49
lacking	0.27	1.35
aspects	0.27	1.39
paid	0.27	1.10
200	0.27	1.15
counter	0.27	2.27
french	0.27	1.73
relevant	0.27	2.16
electricity	0.27	0.91
above	0.27	2.04
moved	0.27	1.12
chooses	0.27	1.76
monopolies	0.27	1.06
covers	0.27	1.17
lived	0.27	1.14
validity	0.27	2.43
platform	0.27	1.07
pays	0.27	1.44
needs	0.27	1.73
incorrect	0.28	3.79
efforts	0.28	1.32
vision	0.28	1.06
calories	0.28	0.90
roughly	0.28	1.14
shifts	0.28	1.26
customers	0.28	1.01
local	0.28	0.96
gaining	0.28	1.06
heritage	0.28	0.95
mandatory	0.28	1.19
owner	0.28	1.05
poorer	0.28	0.95
alternative	0.28	1.83
keep	0.28	1.35
review	0.28	1.46
sending	0.28	1.11
punch	0.28	1.01
pull	0.28	1.09
tips	0.28	1.11
taxpayers	0.28	1.03
designed	0.28	1.48
running	0.28	1.11
hire	0.28	0.97
selection	0.28	0.93
students	0.28	1.27
thought	0.28	2.15
somebody	0.28	1.56
alternatives	0.28	1.55
hormones	0.29	0.93
document	0.29	1.45
likes	0.29	2.43
paycheck	0.29	1.10
insurance	0.29	1.04
default	0.29	1.56
coffee	0.29	0.90
70	0.29	1.15
jesus	0.29	1.08
meant	0.29	2.13
egg	0.29	1.05
construction	0.29	0.93
resources	0.29	1.15
cost	0.29	1.02
records	0.29	1.11
sun	0.29	0.90
expensive	0.29	1.23
structure	0.29	1.20
op	0.29	2.17
constructed	0.29	1.37
required	0.29	1.47
ops	0.29	2.27
attempts	0.29	1.35
cover	0.30	1.06
cold	0.30	1.29
board	0.30	1.07
must	0.30	2.26
chinese	0.30	1.68
genetic	0.30	0.90
y	0.30	1.84
prostitution	0.30	1.01
gained	0.30	1.08
choice	0.30	1.74
fund	0.30	1.07
pedophilia	0.30	1.23
replaced	0.30	1.04
voted	0.30	1.10
traits	0.30	1.03
program	0.30	1.12
classroom	0.30	1.33
broad	0.30	1.76
organized	0.30	0.94
album	0.30	1.04
donations	0.30	0.97
b	0.30	1.88
cited	0.30	1.64
respond	0.30	2.14
stage	0.31	1.09
weak	0.31	1.21
plastic	0.31	0.93
testament	0.31	1.38
possible	0.31	3.07
city	0.31	0.94
150	0.31	1.15
salary	0.31	1.04
communicate	0.31	1.66
readily	0.31	1.38
sitting	0.31	1.16
level	0.31	1.32
messages	0.31	1.04
personal	0.31	1.37
professors	0.31	1.30
biased	0.31	2.23
contribute	0.31	1.15
called	0.31	1.36
interest	0.31	1.19
100	0.31	1.21
currency	0.31	1.16
demands	0.31	1.47
milk	0.31	0.85
cheaper	0.31	1.30
wherever	0.31	1.34
dream	0.31	1.09
informed	0.31	1.50
brains	0.31	1.19
map	0.31	1.25
reproduction	0.32	0.98
restaurant	0.32	0.91
months	0.32	1.26
linked	0.32	1.62
innovation	0.32	1.04
secondary	0.32	1.13
glass	0.32	0.91
forcing	0.32	1.47
expense	0.32	1.02
party	0.32	1.12
measurement	0.32	1.68
revenue	0.32	1.07
details	0.32	1.64
donate	0.32	1.02
gives	0.32	1.26
loses	0.32	1.71
profit	0.32	1.01
vagina	0.32	0.94
mission	0.32	1.13
vague	0.32	2.06
adjust	0.32	1.41
growing	0.32	0.92
accounting	0.32	1.11
sane	0.32	1.11
smarter	0.32	1.14
willingness	0.32	1.41
analysis	0.32	1.76
alternate	0.32	1.76
engage	0.33	1.18
calls	0.33	1.88
collection	0.33	1.08
ticket	0.33	1.02
tool	0.33	1.25
reserve	0.33	1.08
hour	0.33	1.25
obtain	0.33	1.25
anecdotal	0.33	2.39
finish	0.33	1.16
80	0.33	1.16
function	0.33	1.24
requiring	0.33	1.21
generate	0.33	1.04
education	0.33	1.17
transition	0.33	1.03
imagination	0.33	1.15
cows	0.33	0.85
points	0.33	2.12
brings	0.33	1.14
allowed	0.33	1.65
trait	0.33	1.03
roman	0.33	0.99
memory	0.33	1.19
college	0.33	1.15
observations	0.33	2.09
infants	0.34	1.00
subreddits	0.34	1.57
walks	0.34	1.66
ground	0.34	1.09
genitals	0.34	0.90
sat	0.34	1.15
speaks	0.34	1.80
ad	0.34	1.55
gains	0.34	1.04
civil	0.34	1.00
hired	0.34	1.03
ambiguous	0.34	2.19
manager	0.34	1.04
corporation	0.34	0.99
guarantee	0.34	1.71
owners	0.34	0.95
donating	0.34	1.03
walmart	0.34	0.97
politician	0.34	1.04
copyright	0.34	1.27
treats	0.34	2.44
z	0.34	1.89
binary	0.34	1.11
debates	0.34	1.66
profits	0.35	1.01
reddit	0.35	1.52
entry	0.35	1.08
usage	0.35	1.82
paul	0.35	1.07
metal	0.35	0.99
accepting	0.35	1.36
2014	0.35	1.19
emotionally	0.35	1.28
school	0.35	1.21
audience	0.35	1.30
cant	0.35	2.43
downvote	0.35	1.63
conception	0.35	1.11
mechanics	0.35	1.49
degree	0.35	1.24
average	0.35	1.24
legalization	0.35	1.03
continue	0.35	1.55
doctor	0.35	0.88
mixed	0.35	0.91
sincerely	0.35	1.92
plan	0.35	1.13
plans	0.35	1.14
technology	0.36	1.12
rap	0.36	0.88
weight	0.36	0.92
checking	0.36	1.09
curve	0.36	1.17
bet	0.36	2.22
cherry	0.36	1.20
sales	0.36	1.12
scores	0.36	1.24
district	0.36	1.09
educational	0.36	1.18
x	0.36	1.89
window	0.36	0.93
student	0.36	1.24
voter	0.36	1.13
corporations	0.36	1.00
citing	0.36	1.71
authority	0.36	1.38
trying	0.36	1.81
creating	0.36	1.24
method	0.37	1.72
graduate	0.37	1.16
regular	0.37	1.10
train	0.37	1.01
acquire	0.37	1.17
salaries	0.37	1.05
giving	0.37	1.60
popularity	0.37	1.16
market	0.37	1.03
meals	0.37	0.89
input	0.37	1.37
subs	0.37	1.59
predictions	0.37	1.96
abide	0.37	1.34
offer	0.37	1.36
references	0.37	1.58
exercise	0.37	0.95
engineering	0.37	1.25
breeding	0.37	0.87
digital	0.37	1.12
funds	0.37	1.06
follows	0.37	2.13
poorly	0.37	2.08
academic	0.38	1.39
charging	0.38	1.00
downvotes	0.38	1.74
broken	0.38	1.10
applications	0.38	1.24
cities	0.38	0.95
fees	0.38	1.01
gold	0.38	1.25
sale	0.38	1.11
material	0.38	1.32
investing	0.38	1.13
interests	0.38	1.20
month	0.38	1.20
consumer	0.38	1.04
regional	0.38	1.15
economists	0.38	1.24
failing	0.38	1.37
code	0.38	1.29
develop	0.38	1.13
notes	0.38	1.24
slut	0.38	1.08
field	0.38	1.26
originally	0.39	1.99
color	0.39	0.91
requirements	0.39	1.16
ceo	0.39	0.98
provides	0.39	1.19
five	0.39	1.21
send	0.39	1.23
collective	0.39	1.01
invested	0.39	1.11
walk	0.39	0.99
voters	0.39	1.14
locked	0.39	0.93
60	0.39	1.15
three	0.39	1.23
monetary	0.39	1.11
demanding	0.39	1.30
purchased	0.39	1.21
created	0.39	1.48
texts	0.39	1.25
wealthy	0.39	0.94
hopes	0.39	1.29
keeping	0.39	1.38
identify	0.39	1.11
greek	0.39	1.33
rule	0.39	1.62
exclusively	0.40	1.29
income	0.40	1.03
teaching	0.40	1.39
intellectually	0.40	1.21
downvoted	0.40	1.77
companies	0.40	0.99
hits	0.40	1.24
masses	0.40	1.03
memories	0.40	1.05
clarify	0.40	2.30
tied	0.40	1.23
branch	0.40	1.20
e	0.40	1.87
four	0.40	1.22
setting	0.40	1.14
rigorous	0.40	1.67
grab	0.40	1.24
direct	0.40	1.70
conform	0.40	1.31
learning	0.40	1.58
aim	0.40	1.14
common	0.40	1.27
spend	0.40	1.21
recognizing	0.40	1.52
topics	0.40	1.73
learn	0.40	1.73
subreddit	0.41	1.69
submit	0.41	1.20
control	0.41	1.26
expenses	0.41	0.98
documents	0.41	1.18
answering	0.41	2.20
0	0.41	1.45
discussion	0.41	1.70
opens	0.41	1.00
vulnerable	0.41	1.09
intend	0.41	1.48
taxed	0.41	1.05
explains	0.41	1.70
station	0.41	0.96
added	0.41	1.59
weeks	0.41	1.22
50	0.41	1.16
fruit	0.41	1.02
meets	0.41	1.61
mode	0.41	1.09
comfort	0.41	1.43
performance	0.41	1.23
capability	0.41	1.18
tech	0.41	1.03
use	0.41	1.61
gender	0.41	1.07
sub	0.41	1.69
consumers	0.41	1.03
via	0.41	1.33
tuition	0.41	1.07
doctors	0.41	0.97
derive	0.41	1.54
distinct	0.41	1.23
derived	0.41	1.41
legalized	0.41	1.08
citation	0.41	1.69
sources	0.42	1.66
price	0.42	1.03
unwilling	0.42	1.42
hidden	0.42	1.21
elements	0.42	1.15
tools	0.42	1.38
invest	0.42	1.10
hope	0.42	2.45
advertising	0.42	1.12
seven	0.42	1.21
ten	0.42	1.20
healthier	0.42	1.05
utility	0.42	1.10
affordable	0.42	1.06
obligated	0.42	1.50
sober	0.42	1.02
voting	0.42	1.13
lobby	0.42	1.10
c	0.42	1.87
lowest	0.42	1.22
source	0.42	1.57
support	0.42	1.05
replacement	0.42	1.00
fetuses	0.42	1.08
elderly	0.43	0.99
pay	0.43	1.00
falling	0.43	1.14
management	0.43	1.12
rock	0.43	0.88
appropriate	0.43	1.60
zone	0.43	0.90
customer	0.43	1.03
ocean	0.43	0.97
convenience	0.43	1.03
fields	0.43	1.17
f	0.43	1.58
apple	0.43	0.83
r	0.43	1.78
babies	0.43	1.33
ability	0.43	1.51
fed	0.43	0.96
shall	0.43	1.30
iq	0.43	1.22
paying	0.43	1.00
men	0.44	0.91
transfer	0.44	1.04
high	0.44	1.06
fee	0.44	1.02
maintained	0.44	1.15
prepared	0.44	1.27
bottle	0.44	0.87
creators	0.44	1.32
refusing	0.44	1.33
marketing	0.44	1.18
coverage	0.44	1.09
range	0.44	1.28
capital	0.44	1.04
user	0.44	1.30
lift	0.44	0.98
store	0.44	1.00
six	0.44	1.20
interfere	0.44	1.14
articles	0.44	1.46
incompatible	0.45	1.97
company	0.45	0.98
product	0.45	1.05
initial	0.45	2.33
published	0.45	1.42
spare	0.45	1.30
peaceful	0.45	0.83
association	0.45	1.06
sentence	0.45	1.86
papers	0.45	1.40
finance	0.45	1.19
minds	0.45	1.16
options	0.45	1.68
candidates	0.45	1.13
runs	0.45	1.42
requirement	0.45	1.18
lock	0.46	0.98
carefully	0.46	1.97
alive	0.46	1.09
description	0.46	1.74
qualified	0.46	1.03
artificial	0.46	1.10
collectively	0.46	1.13
throw	0.46	1.25
joe	0.46	1.45
george	0.46	1.01
threads	0.46	1.73
grades	0.46	1.23
projects	0.46	1.11
town	0.46	0.96
statistics	0.46	1.81
troll	0.47	1.73
copies	0.47	1.25
masculine	0.47	1.01
provide	0.47	1.37
security	0.47	1.06
distribute	0.47	1.17
wikipedia	0.47	1.51
goods	0.47	1.01
n	0.47	1.86
messed	0.47	2.18
route	0.47	1.57
service	0.47	1.09
walked	0.47	0.95
earning	0.47	1.06
raises	0.47	1.04
needed	0.47	1.57
strip	0.47	0.91
wording	0.47	2.17
randomly	0.47	1.03
negotiate	0.47	1.19
register	0.47	1.10
requires	0.47	1.41
attend	0.47	0.98
programming	0.47	1.22
feeding	0.47	0.98
feasible	0.48	1.93
churches	0.48	1.12
responded	0.48	2.08
id	0.48	1.18
mark	0.48	1.15
request	0.48	1.33
allow	0.48	1.42
article	0.48	1.61
selected	0.48	1.01
contributed	0.48	1.15
discovery	0.48	1.24
letter	0.48	1.37
sell	0.48	1.07
previous	0.48	2.03
stem	0.48	1.15
establish	0.48	1.80
mr	0.48	1.36
accuracy	0.48	2.03
inform	0.48	1.72
happiness	0.48	1.20
forum	0.48	1.44
earn	0.48	1.05
researchers	0.49	1.31
banks	0.49	1.07
grocery	0.49	0.95
falls	0.49	1.31
singular	0.49	1.81
foreign	0.49	1.45
karma	0.49	1.68
nonetheless	0.49	1.98
follow	0.49	1.79
investment	0.49	1.08
teachers	0.49	1.19
forced	0.49	1.35
balance	0.49	1.28
returns	0.49	1.00
fill	0.49	1.07
scientists	0.49	1.22
hospital	0.49	1.01
talks	0.49	1.51
achieved	0.49	1.43
theoretically	0.49	1.99
posts	0.50	1.78
sperm	0.50	0.94
guaranteed	0.50	1.24
attached	0.50	1.25
dominated	0.50	1.08
homosexuality	0.50	1.31
learned	0.50	1.46
sells	0.50	0.99
investments	0.50	1.10
theres	0.50	2.37
fat	0.50	0.91
bills	0.50	1.00
consuming	0.50	0.95
shop	0.50	0.93
bought	0.50	1.10
comments	0.50	1.78
la	0.50	1.12
cat	0.50	0.97
show	0.50	1.17
list	0.50	1.54
bound	0.50	1.36
discussions	0.50	1.69
told	0.50	1.55
receiving	0.50	1.21
executive	0.50	1.19
got	0.50	1.19
words	0.50	1.95
lose	0.50	1.11
each	0.50	1.38
order	0.51	1.56
universities	0.51	1.16
responding	0.51	2.17
necessary	0.51	1.60
prefer	0.51	1.19
cite	0.51	1.67
lessons	0.51	1.33
grow	0.51	0.90
solid	0.51	1.81
opportunity	0.51	1.30
media	0.51	1.09
message	0.51	1.56
replied	0.51	2.08
moderators	0.51	1.77
spanish	0.52	1.83
removed	0.52	1.83
sold	0.52	1.01
elections	0.52	1.20
fool	0.52	1.39
3	0.52	1.20
gave	0.52	1.15
following	0.52	1.72
own	0.52	1.52
flaw	0.52	2.15
enjoyed	0.52	2.30
thread	0.52	2.02
posters	0.52	1.86
offering	0.52	1.21
links	0.53	1.55
title	0.53	2.02
offspring	0.53	0.94
quotes	0.53	1.65
seek	0.53	1.31
wiki	0.53	1.69
pirate	0.53	1.25
clarifying	0.53	2.23
lesson	0.53	1.55
retain	0.53	1.15
flaws	0.53	2.11
degrees	0.54	1.05
whats	0.54	2.43
drinking	0.54	0.87
project	0.54	1.09
45	0.54	1.18
dig	0.54	1.36
classical	0.54	0.96
elaborate	0.54	2.32
literature	0.54	1.30
gon	0.54	2.39
mods	0.54	1.79
sugar	0.54	1.12
maximum	0.54	1.34
accessible	0.54	1.24
infrastructure	0.54	1.00
week	0.54	1.22
copy	0.54	1.29
days	0.54	1.21
teacher	0.54	1.32
affairs	0.54	1.14
walking	0.54	0.92
profitable	0.54	1.05
causal	0.55	1.63
official	0.55	1.12
signed	0.55	1.35
concrete	0.55	1.75
gates	0.55	1.03
philosophers	0.55	1.32
teaches	0.55	1.45
new	0.55	1.18
cap	0.55	1.17
respected	0.55	1.21
donation	0.55	1.08
1	0.55	1.47
characteristics	0.55	1.02
autonomy	0.55	1.34
selling	0.55	1.03
member	0.55	0.90
item	0.55	1.15
10	0.56	1.17
christ	0.56	1.12
monopoly	0.56	1.11
thats	0.56	2.52
permission	0.56	1.39
specialized	0.56	1.20
muscle	0.56	0.90
formed	0.56	1.18
maximize	0.56	1.18
grows	0.56	1.07
rely	0.56	1.80
transgender	0.56	1.08
purchasing	0.56	1.05
payments	0.56	1.04
choose	0.56	1.69
stone	0.56	1.09
condoms	0.56	1.06
letting	0.57	1.57
2	0.57	1.25
deals	0.57	1.50
require	0.57	1.28
services	0.57	1.11
bits	0.57	0.99
adequate	0.57	1.48
rules	0.57	1.45
nutrition	0.57	1.13
cmv	0.57	2.01
manner	0.57	1.31
bodily	0.57	1.29
data	0.57	1.97
providing	0.57	1.19
submission	0.57	1.83
sexuality	0.57	1.25
pieces	0.57	1.03
achieve	0.57	1.13
established	0.57	1.40
using	0.57	1.60
savings	0.58	1.09
precise	0.58	2.06
cheap	0.58	1.17
recognized	0.58	1.40
buildings	0.58	0.91
stayed	0.58	1.19
40	0.58	1.20
adequately	0.58	1.79
long	0.58	1.19
healthy	0.58	1.04
button	0.58	1.10
respect	0.58	1.30
separation	0.58	1.21
pedophiles	0.58	1.27
drives	0.58	1.04
available	0.58	1.37
efficiently	0.58	1.52
quoted	0.58	1.87
library	0.58	1.18
preferences	0.58	1.14
body	0.58	0.95
equals	0.59	1.54
saved	0.59	1.17
brief	0.59	1.24
holes	0.59	1.13
portrayed	0.59	1.12
trained	0.59	1.05
sheer	0.59	1.15
shallow	0.59	1.01
skills	0.59	1.39
building	0.59	0.93
versions	0.59	1.09
forgive	0.60	2.02
freely	0.60	1.33
sole	0.60	1.21
poster	0.60	2.01
purchase	0.60	1.08
attributes	0.60	1.09
gaming	0.60	0.99
switch	0.60	1.25
inner	0.60	1.05
page	0.60	1.52
retirement	0.60	1.03
link	0.60	1.59
translate	0.60	1.94
spirit	0.60	1.23
statistical	0.61	2.00
properly	0.61	2.03
cheese	0.61	1.16
posted	0.61	1.86
sustainable	0.61	1.00
unclear	0.61	2.18
sign	0.61	1.30
schooling	0.61	1.22
pursue	0.61	1.16
worded	0.61	2.25
skin	0.61	1.04
year	0.61	1.18
drinks	0.61	0.91
discipline	0.61	1.36
upbringing	0.61	0.98
viable	0.61	1.21
answers	0.61	2.05
upper	0.61	1.07
representation	0.61	1.23
technique	0.62	1.26
device	0.62	1.02
harmless	0.62	1.08
folks	0.62	0.95
street	0.62	0.91
compassion	0.62	1.16
trans	0.62	1.07
agreed	0.62	1.70
two	0.62	1.33
doors	0.62	0.94
goal	0.62	1.22
content	0.62	1.26
5	0.62	1.17
females	0.62	0.93
intellectual	0.62	1.26
fetus	0.62	1.05
stores	0.63	0.98
assigned	0.63	1.11
click	0.63	1.22
news	0.63	1.12
communicating	0.63	1.60
accurately	0.63	2.07
takes	0.63	1.40
print	0.63	1.15
everyday	0.63	1.23
significance	0.63	1.55
competitors	0.63	1.04
curiosity	0.63	1.31
careful	0.63	1.60
infant	0.63	0.99
response	0.64	2.02
didnt	0.64	2.36
duty	0.64	1.15
laid	0.64	1.05
card	0.64	1.08
im	0.64	2.55
original	0.64	2.11
cast	0.64	1.04
4	0.64	1.18
explanation	0.64	2.00
posting	0.65	1.64
between	0.65	1.55
text	0.65	1.48
hardware	0.65	1.01
checked	0.65	1.60
entered	0.65	1.25
sustain	0.65	1.08
fall	0.65	1.18
versa	0.65	1.07
leave	0.65	1.06
leaves	0.65	1.28
musical	0.66	1.06
paragraph	0.66	2.03
candy	0.66	1.10
participate	0.66	1.15
role	0.66	1.14
ideally	0.66	1.81
balanced	0.66	1.29
won	0.66	1.35
desirable	0.66	1.53
vice	0.66	1.07
lottery	0.67	1.49
stock	0.67	1.03
passes	0.67	1.40
6	0.67	1.18
fantasy	0.67	0.93
section	0.67	1.63
organ	0.67	1.07
computer	0.67	1.07
success	0.67	1.19
served	0.67	0.98
distributed	0.67	1.10
narrative	0.67	1.30
drunk	0.67	0.96
bitch	0.68	1.75
fitness	0.68	1.05
liability	0.68	0.94
apartment	0.68	0.92
account	0.68	1.26
night	0.68	1.03
cash	0.68	1.12
misunderstanding	0.68	2.22
windows	0.68	1.03
effort	0.68	1.48
ads	0.68	1.09
seeking	0.68	1.23
pizza	0.68	0.99
males	0.68	0.93
names	0.68	1.31
below	0.68	1.48
womb	0.69	1.02
drink	0.69	0.91
screen	0.69	0.88
na	0.69	2.43
organs	0.69	1.06
functioning	0.69	1.19
heat	0.69	1.37
software	0.69	1.07
willingly	0.69	1.35
he	0.69	1.59
technically	0.70	3.26
useful	0.70	1.54
random	0.70	1.18
camera	0.70	0.96
compelling	0.70	2.09
fox	0.70	1.22
vote	0.70	1.28
wise	0.70	1.46
abortions	0.70	1.06
collect	0.70	1.18
margin	0.71	1.32
8	0.71	1.17
hoping	0.71	1.93
attempt	0.71	1.40
fits	0.71	1.60
reproductive	0.71	1.01
dance	0.71	0.91
join	0.71	0.82
candidate	0.71	1.31
generation	0.71	1.18
cards	0.71	1.17
lines	0.71	1.45
continuing	0.71	1.33
leap	0.71	2.18
quote	0.72	1.58
understanding	0.72	1.51
kept	0.72	1.03
download	0.72	1.18
election	0.72	1.32
flip	0.72	1.34
innate	0.72	1.15
pages	0.72	1.32
john	0.72	1.11
speak	0.72	2.03
uh	0.72	2.49
engaging	0.72	1.13
personality	0.73	0.98
roll	0.73	1.06
bubble	0.73	0.98
pleasure	0.73	1.43
knowledge	0.73	1.59
wan	0.73	2.33
professionals	0.73	1.01
trolling	0.73	1.99
star	0.73	0.79
individually	0.74	1.54
abandoned	0.74	1.05
taxes	0.74	1.13
biological	0.74	1.22
encounter	0.74	1.38
concede	0.74	3.32
classic	0.74	0.83
consent	0.74	1.25
select	0.74	1.16
credit	0.75	1.08
google	0.75	1.38
dick	0.75	1.77
participation	0.75	1.03
7	0.75	1.16
beneficial	0.75	1.15
sees	0.75	2.44
website	0.75	1.29
intelligence	0.75	1.19
popular	0.75	0.94
expecting	0.75	1.51
whoever	0.76	1.52
votes	0.76	1.33
says	0.76	2.59
social	0.76	1.24
20	0.76	1.14
fuck	0.76	2.25
tickets	0.76	1.09
chosen	0.76	1.40
cake	0.76	0.88
developers	0.76	0.92
dogs	0.76	0.95
models	0.76	1.47
30	0.77	1.14
loose	0.77	1.08
pursuit	0.77	1.10
look	0.77	1.85
neighborhood	0.77	0.88
wrote	0.77	1.64
biologically	0.77	1.19
career	0.77	1.10
attempting	0.77	1.43
burn	0.77	1.03
cell	0.77	0.90
influential	0.77	1.03
financially	0.77	1.37
eyes	0.78	1.15
divided	0.78	1.21
skilled	0.78	1.00
compromise	0.78	1.62
topic	0.78	1.97
feedback	0.78	1.45
contracts	0.78	1.38
dominant	0.78	1.00
wall	0.78	0.98
housing	0.78	0.98
characteristic	0.78	1.13
separate	0.78	1.30
responsibility	0.78	1.12
integrity	0.78	1.34
speakers	0.78	2.06
build	0.79	1.03
twitter	0.79	1.09
voluntarily	0.79	1.33
deleted	0.79	1.97
brand	0.79	0.96
extended	0.79	1.05
short	0.79	1.04
pop	0.79	0.83
dumb	0.79	1.79
spot	0.79	1.00
covering	0.79	1.08
12	0.79	1.14
legal	0.80	1.17
fit	0.80	1.40
beat	0.80	1.03
choosing	0.80	1.60
open	0.80	1.16
entering	0.80	1.24
contraception	0.80	1.03
interact	0.80	1.37
overwhelming	0.81	1.59
abortion	0.81	1.09
honest	0.81	1.88
involvement	0.81	1.14
responses	0.81	2.05
training	0.81	1.29
chose	0.82	1.43
written	0.82	1.33
park	0.82	0.95
design	0.82	1.04
soft	0.82	1.21
remember	0.82	2.11
gay	0.82	1.38
quiet	0.82	1.58
amp	0.82	2.10
competition	0.82	1.12
bodies	0.83	1.01
qualities	0.83	1.09
apologize	0.83	2.12
youth	0.83	0.94
spiritual	0.83	1.39
dreams	0.83	1.06
reaching	0.83	1.30
english	0.83	2.07
expertise	0.83	1.18
apart	0.83	1.20
arts	0.83	1.14
helped	0.83	1.40
11	0.83	1.14
sacrifice	0.84	1.20
feminine	0.84	0.99
rich	0.84	0.91
computers	0.84	1.04
sleep	0.84	1.18
accountability	0.84	1.22
letters	0.84	1.47
traditions	0.84	1.23
compete	0.84	1.33
shows	0.84	1.09
women	0.84	0.92
access	0.84	1.16
yeah	0.84	2.47
organize	0.85	0.99
9	0.85	1.16
breed	0.85	0.93
cis	0.85	1.07
behalf	0.85	1.13
comment	0.85	2.07
enormous	0.85	1.34
advice	0.85	1.47
closer	0.85	1.45
replies	0.85	2.05
male	0.85	0.96
near	0.86	1.54
dr	0.86	1.67
kinda	0.86	2.32
actor	0.86	1.06
inside	0.86	0.95
remain	0.86	1.19
childhood	0.86	0.98
goals	0.86	1.16
moreover	0.86	1.38
female	0.87	0.92
languages	0.87	2.05
22	0.87	1.10
named	0.87	1.25
consented	0.87	1.24
sea	0.87	1.02
among	0.87	1.18
blue	0.87	1.04
read	0.88	1.44
breasts	0.88	0.98
victory	0.88	1.34
technical	0.88	1.24
safe	0.88	1.13
shopping	0.88	1.00
shelter	0.88	1.01
web	0.88	1.18
careers	0.88	1.05
24	0.88	1.14
strongest	0.88	2.48
asks	0.88	2.42
participating	0.88	1.17
block	0.88	1.00
information	0.88	1.50
superficial	0.88	1.12
author	0.89	1.29
beer	0.89	1.07
planning	0.89	1.49
speaker	0.89	2.15
reader	0.89	1.22
phone	0.89	0.92
15	0.90	1.12
post	0.90	2.08
maintain	0.90	1.23
accent	0.90	1.80
height	0.90	0.94
tradition	0.90	1.24
financial	0.90	1.05
trip	0.90	1.06
facebook	0.90	1.11
absent	0.90	1.38
spoken	0.90	1.99
pregnancies	0.90	1.06
p	0.91	2.21
nope	0.91	2.47
opening	0.91	1.05
joining	0.91	0.90
explore	0.91	1.39
luck	0.91	1.94
rebuttal	0.92	1.99
devices	0.92	0.97
afford	0.92	0.94
t	0.92	1.62
please	0.92	2.19
sue	0.92	1.00
latin	0.92	2.00
yep	0.92	2.45
ones	0.92	2.10
buy	0.93	1.12
peers	0.93	1.13
ta	0.93	2.54
circle	0.93	0.96
honor	0.94	1.06
orientation	0.94	1.27
reading	0.94	1.29
respecting	0.94	1.30
artists	0.95	1.01
opened	0.95	1.03
missed	0.95	2.26
baby	0.95	1.42
write	0.95	1.27
educated	0.95	1.08
visual	0.95	1.08
liked	0.96	2.08
persons	0.96	1.31
format	0.96	1.09
funny	0.96	2.49
fence	0.96	0.92
appealing	0.96	1.27
debt	0.96	1.20
piece	0.96	1.32
stays	0.96	1.04
rent	0.97	0.93
pc	0.97	1.01
contest	0.97	1.41
secular	0.97	1.24
presents	0.97	1.21
eh	0.97	2.45
discourse	0.97	1.27
pronouns	0.97	1.38
finds	0.97	2.26
unions	0.98	1.12
musicians	0.98	0.95
profile	0.98	1.15
clear	0.98	3.15
loans	0.98	1.17
cream	0.98	0.94
winter	0.98	1.45
name	0.98	1.26
competing	0.98	1.30
amounts	0.98	1.15
tl	0.98	2.20
25	0.98	1.12
pet	0.98	0.94
temperature	0.99	1.16
house	0.99	0.93
abilities	0.99	1.17
fan	0.99	0.96
gym	0.99	0.93
pursuing	0.99	1.28
pregnancy	0.99	1.07
language	1.00	2.10
13	1.00	1.12
ya	1.00	2.40
final	1.00	1.22
birth	1.00	1.04
band	1.00	0.86
mobile	1.00	1.43
satisfaction	1.00	1.45
opponent	1.00	1.71
suck	1.00	2.42
ensure	1.01	1.33
urge	1.01	1.33
skill	1.01	1.28
conversation	1.01	1.50
expectation	1.01	1.45
wine	1.01	1.14
valid	1.02	3.36
deltas	1.02	2.12
site	1.02	1.18
loan	1.02	1.15
closed	1.03	1.07
allowing	1.03	1.30
ensuring	1.03	1.22
contact	1.03	1.27
closely	1.03	1.39
authors	1.03	1.20
ass	1.04	1.59
youtube	1.04	1.01
35	1.04	1.14
win	1.04	1.50
tree	1.04	1.06
replying	1.04	2.17
separated	1.04	1.18
phones	1.05	0.89
actors	1.05	0.96
functional	1.05	1.05
maintaining	1.05	1.17
clarification	1.05	2.26
ages	1.05	1.02
determination	1.06	1.49
alright	1.06	2.54
kick	1.06	1.33
14	1.06	1.10
viewing	1.06	1.11
file	1.06	1.15
parties	1.07	1.30
bars	1.07	0.98
deliver	1.07	1.19
obligation	1.07	1.36
straight	1.07	1.29
finding	1.07	1.46
tells	1.07	2.39
wisdom	1.08	1.23
perfect	1.09	2.72
reply	1.09	2.17
items	1.09	1.15
websites	1.09	1.11
hey	1.10	2.41
misunderstood	1.10	2.34
achieving	1.10	1.15
dog	1.10	0.91
ice	1.11	1.27
desires	1.11	1.17
amongst	1.11	1.10
mature	1.11	1.08
connected	1.11	1.32
info	1.11	1.54
trees	1.11	1.00
sites	1.12	1.10
accounts	1.12	1.12
convenient	1.12	1.32
boss	1.12	1.13
watched	1.12	1.02
cared	1.12	1.97
hmm	1.12	2.54
amount	1.13	1.21
lt	1.13	2.11
payment	1.13	1.20
mine	1.13	1.70
anonymous	1.13	1.07
his/her	1.14	1.30
interacting	1.14	1.17
remaining	1.14	1.04
easiest	1.14	2.61
books	1.14	1.05
21	1.15	1.07
16	1.15	1.11
formula	1.15	1.15
plot	1.15	0.95
17	1.15	1.10
naked	1.15	1.22
summary	1.15	1.47
activity	1.15	1.08
19	1.15	1.10
reliable	1.15	1.51
nuanced	1.16	1.59
enjoyment	1.16	1.31
cup	1.17	1.20
shape	1.17	1.05
forgot	1.17	2.23
suited	1.18	2.30
buying	1.18	1.23
sexually	1.18	1.26
theme	1.19	0.93
ah	1.19	2.50
hopefully	1.19	2.06
videos	1.19	0.98
contract	1.19	1.43
factual	1.20	3.38
experts	1.21	1.21
tv	1.21	0.89
end	1.21	2.15
creative	1.21	1.13
abort	1.22	1.13
dinner	1.22	0.92
roots	1.22	1.18
olds	1.22	1.05
vacation	1.23	1.08
born	1.23	1.04
trading	1.23	1.23
artist	1.23	1.16
lol	1.23	2.48
opt	1.23	1.11
images	1.24	1.05
maturity	1.24	1.06
accomplished	1.24	1.47
fake	1.24	1.29
participants	1.24	1.15
stories	1.24	1.10
worthwhile	1.24	1.34
mistaken	1.25	2.99
television	1.25	0.89
desire	1.26	1.37
hobby	1.26	1.08
agreement	1.26	1.44
teenagers	1.28	0.98
18	1.28	1.07
gather	1.28	1.27
trade	1.28	1.30
condom	1.28	1.18
having	1.28	1.66
unwanted	1.28	1.05
coherent	1.28	1.79
intelligent	1.29	1.04
detail	1.29	1.80
tattoos	1.29	1.37
fixed	1.30	2.13
sorry	1.30	2.33
winning	1.30	1.66
emotional	1.31	1.74
pick	1.31	2.39
stability	1.31	1.16
luxury	1.31	1.14
consistent	1.31	3.21
fiction	1.32	0.97
couple	1.32	1.23
tough	1.32	2.35
teen	1.32	0.98
apologies	1.32	2.22
break	1.32	1.40
obligations	1.32	1.26
dies	1.32	2.17
movies	1.32	0.82
productive	1.32	1.15
book	1.33	1.18
video	1.33	0.86
dialogue	1.33	1.29
award	1.33	2.02
movie	1.34	0.84
day	1.34	1.32
iron	1.34	1.24
sweet	1.34	2.39
scene	1.35	0.90
responsibilities	1.36	1.11
mistakes	1.36	2.94
option	1.36	2.49
challenging	1.37	1.54
track	1.37	1.13
recognition	1.37	1.45
score	1.37	1.37
forgotten	1.38	2.01
ball	1.38	1.29
presumably	1.38	2.12
adults	1.39	1.03
delta	1.39	2.35
meet	1.39	1.03
enter	1.39	1.31
fulfill	1.39	1.24
homosexual	1.39	1.51
elite	1.39	1.22
correctly	1.39	3.03
optimal	1.39	2.69
foster	1.40	1.07
cable	1.40	1.13
films	1.40	0.84
pictures	1.40	1.16
voluntary	1.41	1.40
8710	1.41	2.36
writing	1.41	1.34
clarity	1.41	2.21
assets	1.42	1.17
edited	1.42	2.22
medium	1.42	0.92
desired	1.42	1.21
image	1.42	1.13
adult	1.42	1.04
appearance	1.42	1.12
novel	1.42	1.06
misunderstand	1.43	3.06
teens	1.44	0.98
appreciate	1.44	2.00
thanks	1.44	2.35
hair	1.44	1.31
attractiveness	1.44	1.08
meanwhile	1.44	2.18
age	1.44	1.06
interview	1.44	1.00
exchange	1.45	1.31
edit	1.45	2.21
supposedly	1.45	1.21
grew	1.45	1.15
welcome	1.45	1.91
episode	1.46	0.88
film	1.47	0.86
satisfy	1.47	1.23
speaking	1.47	2.93
establishing	1.47	1.23
boundaries	1.47	1.51
paint	1.48	1.13
netflix	1.48	1.07
art	1.48	1.24
david	1.48	0.95
joy	1.48	2.25
shares	1.49	1.26
met	1.50	1.20
internet	1.51	1.20
porn	1.51	0.94
master	1.51	1.11
network	1.52	1.22
btw	1.52	2.39
thin	1.52	1.07
decent	1.52	1.81
picture	1.52	1.19
scientist	1.52	1.34
strong	1.53	1.10
painting	1.53	1.30
stranger	1.54	1.02
hanging	1.54	0.92
consenting	1.55	1.37
abandon	1.55	1.10
split	1.55	1.17
photos	1.55	1.04
confidence	1.55	1.08
raise	1.56	1.03
pro	1.56	1.34
priority	1.56	2.34
died	1.56	2.29
stay	1.56	1.05
teenager	1.56	1.04
wishes	1.56	2.13
pregnant	1.58	1.19
intercourse	1.58	1.26
famous	1.58	1.06
achievement	1.59	1.13
networks	1.59	1.18
batman	1.59	1.06
members	1.60	0.99
homes	1.60	0.95
same-sex	1.60	1.41
adopt	1.61	1.05
top	1.61	2.65
online	1.62	0.97
meeting	1.62	0.92
engineer	1.63	1.07
engineers	1.64	1.06
recommend	1.64	0.99
transaction	1.64	1.36
beauty	1.65	1.28
young	1.65	0.99
connect	1.66	1.41
yea	1.66	2.57
matches	1.66	1.40
wins	1.66	2.39
bar	1.66	0.95
talent	1.66	1.21
strategy	1.67	2.52
depth	1.67	1.49
kids	1.67	1.12
division	1.67	1.12
tall	1.68	0.93
child	1.68	1.13
thank	1.68	2.12
story	1.68	0.96
activities	1.68	1.16
parental	1.68	1.02
accurate	1.68	2.97
series	1.69	0.73
fashion	1.69	1.31
clubs	1.69	0.98
character	1.70	0.93
heterosexual	1.70	1.45
characters	1.70	0.95
fucking	1.70	2.38
offers	1.70	0.94
sexual	1.71	1.62
mistake	1.71	2.89
hero	1.72	1.56
watch	1.72	0.77
features	1.73	1.02
helpful	1.73	1.41
happier	1.74	1.97
old	1.74	1.22
incorrectly	1.75	2.94
marry	1.75	1.27
raised	1.75	1.16
mate	1.76	1.11
gift	1.76	1.23
neighbors	1.76	0.93
deeper	1.76	1.30
errors	1.76	2.97
adoption	1.76	1.02
pets	1.77	0.88
mothers	1.77	1.14
conversations	1.77	1.26
damn	1.77	2.46
communication	1.78	1.40
detailed	1.78	1.63
error	1.78	3.00
match	1.78	2.42
photo	1.79	1.15
summer	1.79	1.18
home	1.79	1.12
attracted	1.79	1.03
competent	1.80	0.90
passionate	1.80	1.02
guide	1.81	2.30
preferred	1.81	1.96
entertaining	1.81	0.99
plays	1.81	1.25
man	1.83	1.01
polygamy	1.83	1.43
staying	1.83	1.13
dunno	1.84	2.50
shirt	1.84	1.56
artistic	1.84	1.09
cheated	1.85	1.41
entertainment	1.85	0.99
attract	1.86	1.04
sleeping	1.87	1.23
watching	1.87	0.79
oh	1.88	2.48
fellow	1.89	1.01
him	1.90	1.36
compatible	1.90	1.53
consensual	1.90	1.43
teenage	1.90	1.04
fathers	1.90	1.16
woman	1.91	1.08
herself	1.92	1.37
long-term	1.92	1.53
saves	1.93	2.10
parenting	1.94	1.08
wedding	1.94	1.05
competitive	1.95	1.21
spelling	1.95	2.89
writers	1.95	1.13
clothes	1.95	2.43
strength	1.96	1.13
games	1.96	0.96
huh	1.96	2.44
interactions	1.96	1.44
boys	1.96	0.91
proper	1.97	2.69
grammar	1.97	2.88
moments	1.97	1.91
ugly	1.97	1.15
ring	1.98	1.13
writer	1.99	1.23
custody	1.99	1.11
club	1.99	0.88
successful	1.99	0.90
honesty	1.99	1.60
shoes	2.00	1.61
guy	2.01	0.96
kid	2.01	1.49
unattractive	2.01	1.03
marriage	2.02	1.44
caring	2.02	1.00
enjoying	2.03	1.84
dates	2.03	0.97
cheat	2.03	1.40
children	2.04	1.13
families	2.04	1.02
enjoy	2.04	1.65
formal	2.05	1.26
lasting	2.06	1.59
talented	2.08	0.94
she	2.08	1.39
fans	2.09	1.04
chess	2.09	1.37
great	2.11	1.74
game	2.11	1.23
couples	2.11	1.42
dude	2.11	2.14
haha	2.11	2.47
professional	2.11	1.19
trusted	2.12	1.36
parent	2.12	1.13
athletes	2.13	1.26
athlete	2.13	1.26
older	2.14	1.27
date	2.14	1.04
lord	2.15	1.86
weekend	2.15	0.96
baseball	2.17	1.29
younger	2.17	1.22
sport	2.17	1.26
basketball	2.17	1.30
playing	2.17	1.29
wish	2.18	1.88
mutually	2.18	1.45
marriages	2.18	1.41
dress	2.18	1.50
player	2.19	1.39
parents	2.20	1.20
girls	2.20	1.03
neighbor	2.20	1.27
mother	2.21	1.33
clothing	2.21	1.51
ending	2.21	1.85
sports	2.21	1.23
league	2.22	1.32
sharing	2.23	1.13
sex	2.23	1.44
players	2.23	1.32
played	2.24	1.24
abusive	2.24	1.24
arrangement	2.24	1.48
respectful	2.24	1.11
household	2.25	0.99
strangers	2.25	0.98
play	2.25	1.22
raising	2.27	0.99
glad	2.29	2.29
dressed	2.29	1.42
forming	2.29	1.42
uniform	2.30	1.33
wear	2.30	1.51
adopted	2.30	0.99
visit	2.31	1.94
wow	2.32	2.36
athletic	2.33	0.99
ex	2.36	1.30
pants	2.36	1.43
cheating	2.37	1.53
wearing	2.37	1.51
enjoyable	2.38	1.47
tie	2.38	1.32
soccer	2.39	1.17
season	2.40	1.02
football	2.40	1.15
meaningful	2.41	1.46
nfl	2.41	1.12
invented	2.43	1.98
celebrate	2.43	2.05
happily	2.44	1.75
team	2.44	1.94
closest	2.46	1.51
teams	2.47	1.92
girl	2.49	0.88
boy	2.50	1.16
looks	2.51	1.50
interaction	2.51	1.47
relations	2.52	1.49
excellent	2.53	1.73
powers	2.53	1.74
divorce	2.53	1.24
makeup	2.54	1.32
attractive	2.56	0.96
exclusive	2.56	1.67
holiday	2.57	2.05
married	2.59	1.33
dad	2.60	1.54
unique	2.61	1.79
genuine	2.61	1.79
monogamous	2.61	1.49
connections	2.61	1.39
dressing	2.62	1.89
mom	2.62	1.49
divorced	2.63	1.24
father	2.63	1.47
secure	2.64	1.87
brothers	2.66	1.43
comfortable	2.66	2.01
wanting	2.66	1.83
shared	2.67	1.12
fun	2.70	1.43
dynamic	2.70	1.46
hot	2.71	1.78
insight	2.71	1.87
comic	2.73	1.44
spouse	2.75	1.23
christmas	2.78	1.85
deep	2.78	1.88
fancy	2.78	1.99
fell	2.78	1.82
whose	2.80	1.77
friend	2.83	1.73
his	2.83	1.79
fulfilling	2.83	1.83
girlfriend	2.83	1.21
cute	2.84	1.51
son	2.85	1.84
polite	2.89	1.56
houses	2.89	1.78
sister	2.89	1.89
husband	2.90	1.34
genius	2.90	1.47
favorite	2.92	1.15
trust	2.92	1.96
wife	2.93	1.40
suit	2.94	1.86
close	2.94	1.57
lady	2.95	0.81
ties	2.95	1.17
suits	2.96	1.87
attraction	2.96	1.84
owe	2.96	1.90
boyfriend	2.98	1.28
together	2.98	1.57
sexy	2.99	1.70
her	3.01	1.62
smart	3.02	1.39
hang	3.03	1.47
satisfied	3.05	1.91
monogamy	3.05	1.50
guys	3.06	1.38
warm	3.06	2.00
dating	3.07	1.12
daughter	3.08	1.72
partners	3.11	1.48
cool	3.12	1.86
brother	3.14	2.01
casual	3.18	1.10
confident	3.20	1.72
family	3.20	1.62
share	3.21	1.58
super	3.22	1.56
friendly	3.24	1.37
stable	3.24	1.53
calm	3.25	1.68
promise	3.29	1.77
interesting	3.35	1.52
connection	3.36	1.77
friends	3.41	1.25
exciting	3.54	1.20
partner	3.61	1.56
mutual	3.61	1.62
intimate	3.62	1.57
whom	3.66	1.49
impressive	3.69	1.38
commitment	3.69	1.60
friendship	3.70	1.58
pair	3.71	1.34
wonderful	3.72	0.99
relationships	3.74	1.50
romantic	3.74	1.53
relationship	3.76	1.50
bond	3.77	1.47
brilliant	3.92	1.13
incredible	4.01	1.33
beautiful	4.16	1.04
loving	4.36	0.90
