disappointment	-7.25	1.36
shitty	-6.92	1.40
tasted	-6.88	1.84
dirt	-6.66	2.06
unpleasant	-6.53	2.05
dislike	-5.97	2.52
burnt	-5.87	1.96
ugh	-5.75	1.79
unfortunate	-5.71	1.87
garbage	-5.56	2.24
poor	-5.44	2.56
math	-5.41	2.33
sour	-5.39	2.07
ammonia	-5.36	2.19
bland	-5.25	2.38
liquid	-5.18	3.05
worse	-5.15	2.50
plain	-5.10	2.27
gross	-5.10	1.86
chips	-5.06	2.52
tar	-5.06	2.14
boring	-4.96	2.09
hair	-4.92	2.84
ab	-4.92	2.81
failed	-4.85	2.37
tasting	-4.82	2.17
weed	-4.80	2.83
base	-4.74	2.62
non	-4.73	2.46
causing	-4.71	2.56
rockets	-4.64	2.43
piss	-4.52	2.58
meh	-4.50	1.95
sleeping	-4.49	2.80
smelled	-4.43	2.51
jokes	-4.38	2.66
weak	-4.31	2.13
legs	-4.28	2.89
fakes	-4.26	2.37
sorta	-4.20	1.98
ol	-4.19	2.70
contacted	-4.18	3.08
recent	-4.15	2.96
bitter	-4.13	1.48
cough	-4.12	3.17
literally	-4.10	2.57
practically	-4.10	2.73
habit	-4.07	3.32
skills	-4.04	2.41
branch	-4.02	3.45
blows	-4.01	2.33
rocket	-3.99	2.57
suddenly	-3.97	2.76
horror	-3.97	2.60
awkward	-3.96	2.57
cardboard	-3.94	1.16
timing	-3.94	2.31
kiss	-3.85	2.89
refer	-3.84	2.84
region	-3.84	3.13
tells	-3.82	3.11
hurt	-3.80	2.99
femur	-3.79	2.56
wants	-3.79	3.16
cause	-3.75	2.84
perspective	-3.74	2.59
smile	-3.72	2.83
apart	-3.70	3.31
bullshit	-3.70	2.13
feed	-3.66	3.26
shady	-3.66	2.12
dealing	-3.66	2.46
aside	-3.64	2.36
case	-3.63	2.91
care	-3.61	3.06
eight	-3.59	3.39
dud	-3.57	2.35
issues	-3.55	2.46
claim	-3.55	2.86
cats	-3.55	3.20
overpriced	-3.52	1.96
standards	-3.51	2.52
scenario	-3.50	3.16
frustrating	-3.49	2.57
angry	-3.48	2.94
plays	-3.48	3.18
poorly	-3.47	2.40
weird	-3.47	2.31
complain	-3.46	3.00
disgusting	-3.44	1.89
known	-3.42	2.30
downvote	-3.40	3.06
balls	-3.38	2.51
biggest	-3.36	2.88
haters	-3.32	3.07
disappointing	-3.32	2.12
picks	-3.29	2.88
badly	-3.26	2.77
taste	-3.25	1.43
annoying	-3.25	2.26
screwed	-3.24	2.76
circle	-3.24	2.70
says	-3.24	3.16
likes	-3.22	3.26
popcorn	-3.22	1.12
thinks	-3.22	3.19
rip	-3.22	2.24
mostly	-3.17	3.20
happens	-3.16	2.88
finest	-3.15	2.95
douche	-3.15	2.89
tastes	-3.12	1.45
ruined	-3.12	2.70
cute	-3.11	2.84
fool	-3.10	3.03
doesnt	-3.09	2.70
scare	-3.08	3.11
brutal	-3.08	2.33
faces	-3.07	2.40
lips	-3.07	1.19
suck	-3.03	2.78
stand	-3.02	3.75
latter	-3.00	2.89
deserves	-2.99	2.77
intention	-2.97	3.33
c	-2.96	3.99
wet	-2.95	1.01
means	-2.92	3.44
messed	-2.91	3.02
burning	-2.90	1.22
bitterness	-2.90	1.26
mistaken	-2.87	3.47
prove	-2.82	3.48
opposite	-2.81	3.33
argue	-2.81	3.14
serious	-2.81	2.43
absolute	-2.79	2.29
legit	-2.79	3.58
owns	-2.78	2.89
dead	-2.78	3.61
saying	-2.75	3.54
dots	-2.74	3.74
harsh	-2.74	1.39
station	-2.72	0.94
understand	-2.69	3.64
destroyed	-2.68	2.40
enjoys	-2.68	3.03
swear	-2.65	2.38
husband	-2.59	2.92
recall	-2.55	3.23
hard	-2.50	2.74
miss	-2.50	3.24
exact	-2.49	2.43
spell	-2.48	3.08
heart	-2.47	3.06
paint	-2.45	1.43
ive	-2.43	3.05
equivalent	-2.42	0.75
believe	-2.39	3.60
idiot	-2.38	3.10
appear	-2.37	3.28
ashamed	-2.36	2.92
leg	-2.35	1.04
idk	-2.35	2.89
dried	-2.34	1.21
fresh	-2.34	1.28
pierced	-2.34	3.73
cohibas	-2.30	2.53
already	-2.28	3.14
throat	-2.28	0.99
bad	-2.26	2.37
hay	-2.24	1.44
fake	-2.24	3.59
happening	-2.22	3.07
kinda	-2.20	2.87
montes	-2.20	2.49
scary	-2.20	2.49
supposed	-2.19	3.39
apparently	-2.18	3.23
clearly	-2.17	3.38
longest	-2.17	3.25
sees	-2.17	1.89
mean	-2.16	3.26
letters	-2.15	3.75
confusing	-2.15	1.06
offensive	-2.15	1.11
poop	-2.13	0.84
mexico	-2.13	0.95
oldest	-2.12	3.25
nail	-2.12	1.31
overwhelming	-2.12	1.29
blame	-2.09	1.18
court	-2.09	0.87
makes	-2.08	3.03
tongue	-2.07	1.11
font	-2.05	3.74
typo	-2.05	3.12
missing	-2.05	3.63
grass	-2.03	1.05
crappy	-2.02	0.93
cheapest	-1.99	3.27
above	-1.98	3.62
upside	-1.98	0.77
hardest	-1.98	2.99
giveaway	-1.97	3.52
fancy	-1.96	0.94
buzz	-1.96	1.00
oil	-1.94	0.96
covered	-1.92	0.86
honest	-1.89	2.37
sucking	-1.89	0.87
cohiba	-1.88	2.62
corrected	-1.88	3.29
worried	-1.88	2.97
strange	-1.87	1.14
possibly	-1.87	1.12
dog	-1.85	0.87
described	-1.84	0.90
rocks	-1.84	1.33
authentic	-1.83	2.29
greatest	-1.83	3.03
ever	-1.82	3.18
buys	-1.81	2.35
smell	-1.81	1.34
mexicos	-1.80	1.09
contain	-1.80	0.94
needs	-1.79	1.66
understanding	-1.79	0.88
mouth	-1.78	0.99
non-cuban	-1.76	1.87
world	-1.76	2.94
taught	-1.74	0.84
impossible	-1.74	0.95
tail	-1.73	1.76
neck	-1.73	0.97
asleep	-1.73	1.14
stuck	-1.72	1.02
coolest	-1.71	3.08
asks	-1.70	1.79
cuba	-1.70	2.52
oils	-1.70	1.07
swishers	-1.70	0.67
surprising	-1.70	2.45
somehow	-1.69	1.11
lingering	-1.69	1.15
excess	-1.68	0.96
mention	-1.68	3.18
arm	-1.67	1.22
answer	-1.67	3.31
bin	-1.64	1.12
claims	-1.64	1.25
unlike	-1.63	0.83
dimensional	-1.62	1.22
suspect	-1.61	1.51
simply	-1.61	3.30
happier	-1.61	2.91
dust	-1.59	0.93
mess	-1.59	1.30
funny	-1.58	2.67
googled	-1.58	1.07
talks	-1.58	1.42
knows	-1.55	2.30
gas	-1.54	0.81
disagree	-1.54	1.37
mainly	-1.53	0.79
mi	-1.52	0.95
cares	-1.52	1.73
face	-1.52	0.96
overpowering	-1.51	1.28
destroy	-1.51	0.85
caused	-1.50	1.09
tries	-1.50	1.49
bone	-1.50	0.86
trash	-1.50	1.13
words	-1.49	2.65
importantly	-1.48	2.34
cuban	-1.47	2.08
rape	-1.47	1.08
told	-1.46	1.56
teach	-1.45	1.10
cubans	-1.45	1.84
owe	-1.44	1.36
hooligan	-1.44	0.87
real	-1.44	1.87
gentle	-1.43	1.09
expert	-1.43	1.00
bother	-1.42	1.53
causes	-1.41	0.98
ron	-1.41	1.42
ronnie	-1.41	1.06
floor	-1.41	1.16
gives	-1.40	1.13
avocado	-1.39	0.99
punk	-1.39	0.77
lead	-1.38	0.99
edit	-1.38	3.13
absorb	-1.38	0.95
due	-1.38	0.96
except	-1.38	0.92
forced	-1.38	1.23
buds	-1.38	0.83
ie	-1.37	0.91
resist	-1.37	1.08
assume	-1.36	1.65
salty	-1.36	1.10
worry	-1.35	1.37
grade	-1.35	0.90
etiquette	-1.34	0.95
sounded	-1.34	2.08
vendors	-1.34	2.39
ruin	-1.34	1.08
habana	-1.33	2.34
basically	-1.33	0.90
mental	-1.32	0.78
lesson	-1.32	0.98
bits	-1.32	1.03
trust	-1.32	1.06
familiar	-1.32	1.06
brush	-1.31	1.09
finds	-1.31	1.31
beetle	-1.31	0.89
remaining	-1.30	0.84
ugly	-1.30	2.15
anyhow	-1.30	0.94
offended	-1.30	1.36
dare	-1.29	1.00
fortunately	-1.29	0.76
surgery	-1.29	0.89
profit	-1.28	0.85
decade	-1.28	0.85
omg	-1.28	2.43
lack	-1.27	0.93
breath	-1.27	1.06
leaves	-1.27	0.88
rotation	-1.27	0.71
prevent	-1.27	0.89
ends	-1.26	1.27
right	-1.26	3.10
lazy	-1.26	0.96
killed	-1.25	0.82
refuse	-1.24	1.20
muted	-1.23	1.04
risk	-1.23	0.97
disappoint	-1.23	1.46
logic	-1.23	1.34
screw	-1.23	1.43
strongly	-1.23	0.99
complete	-1.22	0.99
control	-1.22	0.95
carbon	-1.21	1.01
harm	-1.21	1.15
aftertaste	-1.21	1.01
plugged	-1.20	1.09
citrus	-1.20	0.95
walks	-1.20	1.31
prelight	-1.19	1.20
silly	-1.18	1.01
reasoning	-1.18	1.51
term	-1.18	0.92
push	-1.17	0.94
damp	-1.17	0.89
market	-1.16	0.83
judge	-1.16	1.35
penis	-1.15	0.88
potentially	-1.15	0.84
dick	-1.15	1.33
leak	-1.15	1.01
called	-1.15	0.85
ass	-1.14	1.31
chest	-1.13	1.06
shower	-1.13	1.06
butt	-1.13	1.04
flow	-1.13	0.85
teeth	-1.13	1.08
burned	-1.13	0.90
aroma	-1.11	1.12
counting	-1.11	1.24
justice	-1.11	0.79
battery	-1.11	1.24
behike	-1.11	1.69
thankfully	-1.11	0.73
harder	-1.10	0.96
dumb	-1.10	1.72
corn	-1.10	0.85
affect	-1.09	0.82
cry	-1.08	1.16
owned	-1.08	0.71
shine	-1.08	0.83
asked	-1.08	1.23
telling	-1.08	1.18
campfire	-1.07	0.90
appears	-1.07	2.12
understood	-1.07	0.93
everywhere	-1.07	0.70
pot	-1.07	0.82
songs	-1.06	1.13
curiosity	-1.06	0.76
gave	-1.06	1.33
skin	-1.06	0.84
calls	-1.05	1.80
setting	-1.05	0.95
speak	-1.05	1.47
struggle	-1.05	0.89
music	-1.05	1.21
pallet	-1.05	0.75
english	-1.04	1.14
sucks	-1.04	2.60
river	-1.04	0.84
evidence	-1.03	0.86
explain	-1.03	1.46
follows	-1.03	0.98
main	-1.03	1.06
diamond	-1.03	0.85
kill	-1.03	1.05
laugh	-1.02	1.37
replaced	-1.02	0.77
monte	-1.02	1.57
fluid	-1.02	0.98
language	-1.02	1.22
fuel	-1.01	0.96
rolls	-1.01	0.69
learned	-1.01	0.90
clue	-1.01	0.97
genuine	-1.01	1.14
dot	-1.01	1.71
freeze	-1.01	0.87
example	-1.00	0.80
pile	-1.00	0.85
swisher	-1.00	0.77
minor	-1.00	0.97
iv	-0.99	1.05
problems	-0.99	1.04
garden	-0.99	0.95
egg	-0.99	0.80
cigarettes	-0.99	0.74
palette	-0.98	0.81
force	-0.98	0.78
brain	-0.98	1.14
stalking	-0.98	0.97
lying	-0.98	0.86
smart	-0.98	1.05
honey	-0.98	0.94
beans	-0.97	0.92
needing	-0.97	0.79
definite	-0.97	0.89
nc	-0.97	1.24
does	-0.97	1.20
ronnies	-0.97	0.79
soul	-0.97	0.94
compared	-0.96	0.98
self	-0.96	0.99
minority	-0.96	1.08
shape	-0.96	0.92
attention	-0.95	1.02
cherry	-0.95	0.82
sucker	-0.95	0.90
form	-0.95	0.88
culebras	-0.95	1.07
has	-0.94	1.06
vary	-0.94	0.84
tie	-0.93	0.82
knowing	-0.93	0.94
falls	-0.93	0.91
runs	-0.93	1.06
easier	-0.93	0.97
brings	-0.93	0.92
moisture	-0.93	0.98
relight	-0.93	0.99
crap	-0.93	1.92
moves	-0.93	0.75
ccs	-0.92	1.35
management	-0.92	0.92
odd	-0.92	1.04
describe	-0.92	1.14
teacher	-0.92	0.99
complaining	-0.92	1.42
wonder	-0.92	1.09
despite	-0.92	1.07
butane	-0.91	0.96
waste	-0.91	1.14
major	-0.91	1.01
pricey	-0.91	0.98
sandwich	-0.91	0.87
fingers	-0.91	0.83
collect	-0.91	0.88
cc	-0.90	1.47
dull	-0.90	0.88
merely	-0.90	1.54
significantly	-0.90	0.89
nobody	-0.90	1.06
sea	-0.90	0.93
barnyard	-0.90	1.19
sort	-0.90	1.12
downvoting	-0.90	1.19
anybody	-0.89	0.97
asshole	-0.89	1.30
explained	-0.89	0.93
refill	-0.89	0.92
scent	-0.89	1.11
square	-0.89	0.99
lie	-0.89	1.10
toast	-0.89	0.82
hardly	-0.89	0.65
lawn	-0.88	0.89
trolling	-0.88	1.03
seemed	-0.88	1.20
complaint	-0.88	1.12
raised	-0.88	1.76
proof	-0.88	0.92
communication	-0.88	1.04
cat	-0.88	1.02
rant	-0.87	0.82
raw	-0.87	0.84
led	-0.87	0.73
freezer	-0.87	1.02
italian	-0.87	0.74
pre	-0.86	0.94
walk-in	-0.86	0.87
falling	-0.86	1.00
error	-0.86	0.84
lungs	-0.86	0.79
epicure	-0.86	1.46
sex	-0.86	0.82
adult	-0.85	0.83
eggs	-0.85	0.65
issue	-0.85	1.01
clip	-0.85	0.91
angle	-0.85	0.78
replied	-0.85	0.98
dont	-0.85	1.48
golf	-0.85	1.00
initially	-0.84	1.26
race	-0.84	0.84
uses	-0.84	0.83
word	-0.84	1.50
sucked	-0.84	0.77
nor	-0.84	0.90
siglo	-0.84	1.47
philosophy	-0.84	0.90
culebra	-0.84	1.06
blew	-0.84	0.85
cave	-0.84	0.87
memory	-0.83	0.76
nicest	-0.83	2.62
moments	-0.83	0.85
important	-0.83	1.00
spam	-0.83	0.94
holes	-0.83	0.78
excitement	-0.83	0.82
labeled	-0.83	1.04
listen	-0.83	0.78
markets	-0.83	0.71
else	-0.83	1.16
popped	-0.83	0.79
reminds	-0.82	0.73
affected	-0.82	0.73
trap	-0.82	0.85
voting	-0.82	0.89
whilst	-0.82	0.99
tear	-0.82	0.90
treatment	-0.82	0.92
lcdh	-0.81	1.48
primary	-0.81	0.81
dogs	-0.81	0.88
concerned	-0.81	1.35
row	-0.81	1.91
barber	-0.81	0.74
clothes	-0.81	0.90
nose	-0.81	0.75
sensitive	-0.81	0.85
admittedly	-0.81	0.83
troll	-0.80	1.10
lies	-0.80	1.06
ryj	-0.80	1.33
note	-0.80	0.91
montecristo	-0.80	1.45
letting	-0.80	0.86
voted	-0.80	0.97
drama	-0.80	1.09
arnold	-0.79	0.78
laughing	-0.79	1.01
showed	-0.79	1.00
triple	-0.79	1.12
class	-0.79	0.98
mission	-0.79	0.90
basic	-0.78	1.12
prensado	-0.78	0.88
exist	-0.78	1.11
psyko	-0.78	0.83
sudden	-0.78	0.70
marks	-0.78	0.80
imho	-0.78	0.90
partagas	-0.78	1.43
relationship	-0.77	0.75
bat	-0.77	0.88
upset	-0.77	1.04
must	-0.77	2.73
hiding	-0.76	0.87
direction	-0.76	1.05
faint	-0.76	0.96
glue	-0.76	0.89
quicker	-0.76	0.81
blues	-0.76	0.97
women	-0.76	0.84
almost	-0.76	0.83
cognac	-0.76	1.18
hdm	-0.75	1.36
straw	-0.75	0.77
matters	-0.75	0.95
behavior	-0.75	1.01
refreshing	-0.75	0.90
damage	-0.75	0.84
bothered	-0.75	0.99
female	-0.74	0.79
signs	-0.74	0.82
farm	-0.74	0.90
happened	-0.74	1.17
ease	-0.74	0.78
ages	-0.73	0.75
seven	-0.73	0.83
bummed	-0.72	1.00
caps	-0.72	0.89
carrying	-0.72	1.01
reached	-0.72	0.75
burns	-0.72	0.78
habanos	-0.72	1.57
cigarette	-0.72	0.74
venture	-0.72	0.83
express	-0.72	1.36
cracking	-0.72	0.89
exhale	-0.72	0.71
union	-0.72	0.90
halfway	-0.72	0.79
cww	-0.72	0.89
woman	-0.72	0.91
science	-0.72	1.00
jazz	-0.72	1.01
giant	-0.72	0.76
helped	-0.72	0.76
chose	-0.71	0.84
trouble	-0.71	1.02
talked	-0.71	0.99
moist	-0.71	0.72
who	-0.71	1.27
slowly	-0.71	0.82
correctly	-0.71	0.89
american	-0.71	0.75
smells	-0.71	1.18
k	-0.71	1.36
tears	-0.71	0.95
shoulder	-0.70	0.72
wash	-0.70	0.72
concur	-0.70	1.08
stupid	-0.70	1.40
fantasy	-0.70	1.00
cancer	-0.70	0.81
stands	-0.70	0.92
pen	-0.70	0.82
tied	-0.70	0.89
solely	-0.70	1.01
pudgy	-0.70	0.77
avoid	-0.70	0.96
constantly	-0.70	0.82
coast	-0.70	0.87
neither	-0.69	0.76
country	-0.69	0.96
hoyo	-0.69	1.31
cocktail	-0.69	0.92
effect	-0.69	0.75
ditch	-0.69	0.78
lean	-0.69	0.86
stood	-0.69	0.87
overseas	-0.68	0.79
bass	-0.68	1.19
convince	-0.68	1.01
reputable	-0.68	1.06
psd4	-0.68	1.27
cider	-0.68	0.80
narrow	-0.68	0.97
pays	-0.68	1.01
ideal	-0.68	0.90
bs	-0.68	0.85
film	-0.68	0.88
cello	-0.68	0.84
legitimate	-0.67	1.26
joking	-0.67	1.01
ai	-0.67	1.14
dates	-0.67	0.65
thus	-0.67	1.03
besides	-0.66	0.88
learning	-0.66	0.92
loud	-0.66	1.13
humble	-0.66	0.85
adjust	-0.66	0.89
dry	-0.66	0.74
tends	-0.66	0.72
offered	-0.66	0.70
ships	-0.66	0.74
pain	-0.66	1.12
reminded	-0.66	1.53
burner	-0.65	0.76
expectations	-0.65	0.90
busted	-0.65	1.23
changing	-0.65	0.85
unlimited	-0.65	0.94
2s	-0.65	1.31
allergies	-0.65	0.84
talk	-0.65	0.95
gurkhas	-0.65	0.76
type	-0.65	1.19
sadly	-0.65	1.22
drying	-0.65	0.73
monitor	-0.65	0.92
happiness	-0.64	0.73
recipe	-0.64	0.88
stomach	-0.64	0.78
identify	-0.64	0.84
sickness	-0.64	0.79
cloud	-0.64	0.92
addicted	-0.64	0.93
culture	-0.64	0.77
reads	-0.63	0.78
developed	-0.63	0.70
downvotes	-0.63	1.10
ladies	-0.63	1.37
fast	-0.63	0.78
unholy	-0.63	0.92
overnight	-0.63	0.72
quote	-0.63	0.86
guard	-0.63	0.83
preferences	-0.63	0.74
america	-0.63	1.02
jerk	-0.63	1.01
monterrey	-0.62	1.24
humidified	-0.62	0.81
knock	-0.62	1.00
speaks	-0.62	0.98
forget	-0.62	1.37
louis	-0.62	0.88
publicly	-0.62	0.80
staring	-0.62	1.09
rid	-0.62	0.80
supposedly	-0.62	0.73
rp	-0.61	0.75
tap	-0.61	0.86
practice	-0.61	0.83
truth	-0.61	0.82
suggesting	-0.61	1.01
y	-0.61	1.20
model	-0.61	0.90
primarily	-0.61	0.77
bite	-0.61	0.78
fly	-0.61	0.77
backwards	-0.61	0.77
spiciness	-0.61	0.87
twist	-0.61	0.78
medical	-0.61	0.77
americans	-0.61	0.72
u.s	-0.60	0.83
u	-0.60	1.20
stated	-0.60	0.78
grain	-0.60	0.78
across	-0.60	0.81
standard	-0.60	0.92
loose	-0.60	1.07
bank	-0.60	0.92
va	-0.60	0.75
fruit	-0.60	0.85
result	-0.60	0.86
title	-0.60	1.40
explains	-0.60	0.82
halloween	-0.60	0.82
health	-0.59	0.77
bm	-0.59	0.77
cracks	-0.59	0.87
bolivar	-0.59	1.25
flash	-0.59	0.74
connection	-0.59	0.79
par	-0.59	0.90
edges	-0.59	0.77
likely	-0.59	1.33
filter	-0.59	1.01
black	-0.59	0.83
formatting	-0.59	0.99
retrohale	-0.59	0.79
effects	-0.59	0.71
uneven	-0.59	0.90
beetles	-0.59	0.80
comes	-0.58	0.73
hole	-0.58	0.75
fix	-0.58	0.91
drops	-0.58	0.87
zero	-0.58	0.66
candy	-0.58	0.68
closest	-0.57	2.16
relaxation	-0.57	0.67
trinidad	-0.57	1.27
fucks	-0.57	1.31
hop	-0.57	0.75
mentioning	-0.57	1.12
england	-0.57	0.78
ii	-0.57	0.91
song	-0.57	0.88
essentially	-0.57	0.79
draws	-0.57	0.76
bored	-0.57	0.81
differently	-0.56	0.74
romeo	-0.56	1.18
needed	-0.56	0.75
boat	-0.56	0.86
largest	-0.56	2.17
play	-0.56	1.06
afterwards	-0.56	0.69
grandpa	-0.56	0.59
diesel	-0.56	0.96
candles	-0.56	0.74
fault	-0.56	0.92
infusion	-0.56	0.72
given	-0.56	0.83
sometimes	-0.56	1.05
guarantee	-0.55	0.67
advise	-0.55	0.99
shame	-0.55	2.15
refined	-0.55	0.71
she	-0.55	1.12
stops	-0.55	0.69
ball	-0.55	0.98
ole	-0.55	0.79
palate	-0.55	0.71
press	-0.55	0.77
reviewer	-0.55	0.99
bottles	-0.55	0.89
fuzzy	-0.55	0.79
finger	-0.54	0.79
attached	-0.54	0.69
offense	-0.54	1.14
unsure	-0.54	1.26
shy	-0.54	0.88
speaking	-0.54	0.91
york	-0.54	0.77
aware	-0.54	1.41
matter	-0.54	1.43
hehe	-0.54	0.81
quit	-0.54	0.74
properly	-0.53	0.81
syrup	-0.53	0.78
society	-0.53	1.11
walking	-0.53	0.88
messaged	-0.53	0.78
groups	-0.53	0.82
inhale	-0.53	0.65
l	-0.53	1.25
recognize	-0.53	1.02
hide	-0.53	0.89
crack	-0.53	0.82
van	-0.53	0.75
downvoted	-0.53	1.09
nothing	-0.52	0.93
plume	-0.52	1.27
j	-0.52	1.17
pace	-0.52	0.54
excuse	-0.52	1.01
emergency	-0.52	0.76
retro	-0.52	0.74
hassle	-0.52	0.81
aspect	-0.52	0.87
itself	-0.52	1.84
mixed	-0.52	0.59
thrown	-0.52	0.71
shit	-0.52	2.32
beat	-0.52	1.20
pressure	-0.52	0.75
steal	-0.52	0.85
originally	-0.52	1.01
require	-0.51	0.79
nubbed	-0.51	0.74
imagine	-0.51	1.44
purpose	-0.51	0.81
handmade	-0.51	0.74
marketing	-0.51	0.80
responded	-0.51	0.81
nine	-0.51	1.04
australia	-0.51	0.80
cleaning	-0.51	0.69
feelings	-0.51	0.82
complicated	-0.51	0.84
clarify	-0.51	0.83
obviously	-0.51	1.23
touch	-0.51	0.91
addiction	-0.51	0.76
ignore	-0.51	1.02
legal	-0.51	0.71
handle	-0.50	1.15
cru	-0.50	0.80
remove	-0.50	0.74
karma	-0.50	0.98
typical	-0.50	0.81
maintenance	-0.50	0.71
tubos	-0.50	1.13
playing	-0.50	1.03
contact	-0.50	0.80
experienced	-0.50	1.30
against	-0.50	0.96
onto	-0.50	0.74
snow	-0.50	0.82
emailed	-0.50	0.73
illegal	-0.50	1.09
faster	-0.50	0.67
handed	-0.50	0.75
breeze	-0.50	0.75
steel	-0.50	0.75
train	-0.50	0.83
hookah	-0.49	0.72
r	-0.49	1.25
entered	-0.49	0.94
convinced	-0.49	0.96
bum	-0.49	0.70
soak	-0.49	0.70
breaks	-0.49	0.73
associated	-0.49	0.75
expect	-0.49	1.22
begins	-0.48	0.78
heat	-0.48	0.69
assholes	-0.48	1.01
slip	-0.48	0.95
bradley	-0.48	0.87
drag	-0.48	0.66
off	-0.48	0.83
kuba	-0.48	0.70
according	-0.48	0.76
asking	-0.48	1.30
humor	-0.48	0.93
somebody	-0.48	0.98
confusion	-0.48	1.03
f	-0.48	0.98
spray	-0.48	0.67
ear	-0.48	0.76
brews	-0.48	0.78
pissed	-0.48	0.99
julieta	-0.48	1.13
pride	-0.47	0.86
bridge	-0.47	0.85
answered	-0.47	1.05
tell	-0.47	1.01
stolen	-0.47	0.69
figuring	-0.47	0.88
paycheck	-0.47	0.75
viva	-0.47	1.20
forgive	-0.47	0.94
opening	-0.47	0.78
captain	-0.47	0.78
goods	-0.47	1.07
joke	-0.47	1.04
inhaling	-0.47	0.67
zone	-0.47	0.74
air	-0.47	0.66
explaining	-0.47	1.36
concerns	-0.47	0.87
cover	-0.46	0.70
bucket	-0.46	0.74
kid	-0.46	0.75
bit	-0.46	1.17
puts	-0.46	0.83
embargo	-0.46	0.99
el	-0.46	1.24
wonky	-0.46	0.88
cross	-0.46	0.79
button	-0.46	0.92
upvotes	-0.46	1.05
lil	-0.46	0.83
developing	-0.46	0.80
identical	-0.45	0.78
fourth	-0.45	0.70
became	-0.45	0.83
difficult	-0.45	0.93
kicked	-0.45	0.93
bay	-0.45	0.85
forgotten	-0.45	1.10
fwiw	-0.45	0.64
chasing	-0.45	0.90
urge	-0.45	0.83
freezing	-0.45	0.93
wrap	-0.45	0.66
espresso	-0.45	0.72
floating	-0.44	0.80
couch	-0.44	1.09
younger	-0.44	1.06
resort	-0.44	1.06
hats	-0.44	0.84
floral	-0.44	0.84
sun	-0.44	0.79
behind	-0.44	1.20
nicotine	-0.44	0.79
fall	-0.44	0.87
victor	-0.44	0.68
focus	-0.44	0.68
elements	-0.44	0.83
bull	-0.44	0.83
closely	-0.44	0.92
checks	-0.43	1.67
sticky	-0.43	0.97
wipe	-0.43	0.68
sarcasm	-0.43	0.91
totally	-0.43	2.45
ac	-0.43	0.91
russian	-0.43	0.86
calling	-0.43	0.87
dip	-0.43	0.87
wake	-0.43	0.81
bike	-0.43	0.81
anal	-0.43	0.85
pops	-0.43	0.75
deleted	-0.43	0.95
arms	-0.43	0.75
partially	-0.43	0.73
property	-0.43	0.68
previous	-0.43	0.69
votes	-0.43	1.02
surface	-0.43	0.70
riding	-0.42	0.89
bed	-0.42	0.85
skip	-0.42	0.75
dammit	-0.42	0.96
plastic	-0.42	0.68
rush	-0.42	0.74
stage	-0.42	0.74
removing	-0.42	0.92
named	-0.42	0.75
strikes	-0.42	0.70
shaped	-0.42	0.67
theirs	-0.42	0.77
roller	-0.42	0.71
fell	-0.41	0.82
mark	-0.41	0.58
turns	-0.41	0.70
increase	-0.41	0.73
crowd	-0.41	0.79
topic	-0.41	0.86
easiest	-0.41	1.72
twitter	-0.41	0.79
fuck	-0.41	2.40
kids	-0.41	0.75
rules	-0.41	0.77
alec	-0.41	0.86
commented	-0.41	0.78
dicks	-0.40	1.30
tricky	-0.40	0.84
browsing	-0.40	0.76
reviewers	-0.40	0.73
splitting	-0.40	0.79
upmann	-0.40	0.99
tank	-0.40	0.67
deeper	-0.40	0.75
met	-0.40	1.02
negative	-0.40	0.79
leading	-0.40	0.80
radio	-0.39	0.72
obvious	-0.39	1.61
deliver	-0.39	0.95
cant	-0.39	0.91
split	-0.39	0.81
movies	-0.39	0.83
rott	-0.39	0.80
shorts	-0.39	0.99
jeep	-0.39	0.87
talking	-0.39	1.11
feet	-0.39	0.90
chances	-0.39	0.88
license	-0.39	0.87
fighting	-0.39	0.56
situation	-0.39	0.99
mazo	-0.39	0.61
bean	-0.39	0.70
naked	-0.39	0.77
loaded	-0.39	0.76
doubt	-0.38	1.09
units	-0.38	0.71
dave	-0.38	0.79
previously	-0.38	1.07
bout	-0.38	1.04
complaints	-0.38	0.72
slower	-0.38	0.63
filthy	-0.38	0.78
match	-0.37	0.73
shows	-0.37	0.83
unfortunately	-0.37	1.45
background	-0.37	0.86
false	-0.37	0.67
research	-0.37	0.82
his	-0.37	0.82
spit	-0.37	0.70
entirely	-0.37	1.00
gets	-0.37	0.73
consider	-0.37	0.78
movie	-0.37	0.80
hurts	-0.37	0.97
produce	-0.37	0.82
ma	-0.37	0.78
updates	-0.36	0.79
toasting	-0.36	0.66
corner	-0.36	0.78
shooting	-0.36	0.81
supply	-0.36	0.70
sits	-0.36	0.63
element	-0.36	0.69
remember	-0.36	1.55
depends	-0.36	0.78
proper	-0.36	0.68
whom	-0.36	0.70
arent	-0.36	0.77
method	-0.36	0.79
h	-0.36	0.93
dreams	-0.36	0.76
crying	-0.35	0.77
occasional	-0.35	0.75
weekly	-0.35	0.76
nuts	-0.35	0.79
wallet	-0.35	0.93
kicking	-0.35	0.90
hopes	-0.35	0.97
ground	-0.35	0.78
sober	-0.35	0.70
united	-0.35	0.64
co	-0.35	0.57
intend	-0.35	0.84
underneath	-0.35	1.30
into	-0.35	0.81
watched	-0.35	0.77
distinct	-0.35	0.69
gars	-0.35	0.74
backyard	-0.35	0.78
vendor	-0.35	0.91
bhk	-0.35	1.03
bag	-0.35	0.66
faith	-0.34	0.81
lap	-0.34	0.87
turn	-0.34	0.90
jv13	-0.34	0.64
texas	-0.34	0.89
fucked	-0.34	1.08
md	-0.34	0.73
countries	-0.34	0.90
cases	-0.34	0.77
children	-0.34	0.78
tobacco	-0.34	0.65
instant	-0.34	0.81
wind	-0.34	0.86
pennsylvania	-0.34	0.72
eaten	-0.34	0.92
long	-0.34	0.80
belt	-0.34	0.65
wanted	-0.34	0.94
hg	-0.34	0.90
plug	-0.34	0.70
tall	-0.34	0.87
travel	-0.34	0.83
distribution	-0.34	0.84
direct	-0.34	0.87
request	-0.33	0.78
benefits	-0.33	0.77
flame	-0.33	0.69
paper	-0.33	0.69
junk	-0.33	0.58
zippo	-0.33	0.65
offers	-0.33	0.71
flavored	-0.33	0.58
socks	-0.33	0.88
related	-0.33	0.76
states	-0.33	0.77
digger	-0.33	0.72
fail	-0.33	1.11
been	-0.33	1.37
ventura	-0.33	0.75
begging	-0.33	0.96
lightly	-0.33	0.65
en	-0.33	0.87
determine	-0.33	0.90
mode	-0.33	0.81
guitar	-0.33	1.02
facebook	-0.33	0.93
history	-0.33	0.97
end	-0.33	0.97
having	-0.33	0.95
torn	-0.32	0.94
quarantine	-0.32	0.67
her	-0.32	0.94
display	-0.32	0.79
empty	-0.32	0.78
shake	-0.32	0.87
appropriate	-0.32	0.75
manly	-0.32	0.85
wont	-0.32	0.86
pitch	-0.32	0.82
yard	-0.32	0.75
apology	-0.32	1.06
route	-0.32	0.86
big	-0.32	0.84
logo	-0.32	1.52
department	-0.32	0.70
applied	-0.32	0.96
raisin	-0.32	0.77
kit	-0.32	0.86
therefore	-0.32	0.65
german	-0.32	0.71
blood	-0.31	1.04
effort	-0.31	0.82
stretch	-0.31	0.81
develop	-0.31	0.69
aquarium	-0.31	0.66
pig	-0.31	0.81
cash	-0.31	0.75
roommate	-0.31	0.85
booze	-0.31	0.79
eastern	-0.31	0.74
lighter	-0.31	0.67
bets	-0.31	0.95
brewing	-0.31	0.72
directly	-0.31	0.93
catch	-0.31	1.02
spoke	-0.31	0.70
allowed	-0.31	1.00
greater	-0.31	0.67
mx2	-0.31	0.67
<SPECIAL>	-0.31	0.60
<URL>	-0.31	0.60
pre-light	-0.31	1.02
follow	-0.31	0.93
generic	-0.31	0.69
lives	-0.31	0.72
jet	-0.30	0.64
valid	-0.30	1.10
solution	-0.30	0.89
lemon	-0.30	0.66
girls	-0.30	0.79
couldnt	-0.30	0.79
fallen	-0.30	0.82
mold	-0.30	0.73
suppose	-0.30	1.18
center	-0.30	0.75
roses	-0.30	0.79
hes	-0.30	0.78
johnny	-0.30	0.59
baking	-0.30	0.69
gloria	-0.30	0.98
role	-0.30	0.78
slide	-0.30	0.97
settle	-0.30	0.80
bears	-0.30	0.92
spoiled	-0.30	0.96
french	-0.30	0.70
amor	-0.30	0.79
bathroom	-0.30	0.69
minus	-0.30	0.71
blowing	-0.29	0.66
know	-0.29	1.22
hobby	-0.29	0.79
girl	-0.29	0.89
protection	-0.29	0.82
circumstances	-0.29	0.87
anymore	-0.29	1.23
said	-0.29	0.83
frozen	-0.29	0.67
n	-0.29	0.76
percent	-0.29	1.00
little	-0.29	1.13
factor	-0.29	0.75
de	-0.29	0.84
mellowed	-0.29	0.75
glory	-0.29	0.73
flip	-0.29	0.71
turning	-0.29	0.67
ban	-0.29	0.79
hits	-0.28	0.80
killing	-0.28	0.68
puffing	-0.28	0.64
focused	-0.28	0.60
username	-0.28	1.02
flying	-0.28	0.83
admit	-0.28	0.90
sancho	-0.28	0.74
usual	-0.28	0.68
torch	-0.28	0.68
automatically	-0.28	0.86
choosing	-0.28	0.65
acids	-0.28	0.56
humidify	-0.28	0.69
somewhere	-0.28	0.94
collecting	-0.28	0.80
backwoods	-0.28	0.53
caught	-0.28	0.69
confirmed	-0.28	1.04
humid	-0.28	0.66
horse	-0.28	0.88
legally	-0.28	0.85
chew	-0.28	0.64
statement	-0.28	1.19
dual	-0.28	0.66
chuck	-0.28	0.72
temps	-0.27	1.00
closing	-0.27	0.94
didnt	-0.27	1.10
suit	-0.27	0.61
never	-0.27	1.33
jason	-0.27	0.62
popping	-0.27	0.93
slow	-0.27	0.60
bulleit	-0.27	0.80
eyes	-0.27	0.65
pet	-0.27	0.70
bug	-0.27	0.86
sharks	-0.27	0.56
confident	-0.27	1.04
die	-0.27	0.86
desired	-0.27	0.65
print	-0.27	0.73
lighting	-0.26	0.65
stopping	-0.26	0.92
allones	-0.26	0.98
regulate	-0.26	0.69
gently	-0.26	0.64
tossed	-0.26	0.62
potato	-0.26	0.67
king	-0.26	0.93
fixed	-0.26	1.53
tad	-0.26	0.93
crush	-0.26	0.76
crystal	-0.26	0.58
subjective	-0.26	0.77
vouch	-0.26	0.75
rico	-0.26	0.74
broke	-0.26	0.88
locals	-0.26	0.73
beach	-0.26	0.67
jump	-0.26	0.81
torches	-0.26	0.67
tool	-0.26	0.78
environment	-0.26	0.68
unbanded	-0.26	0.74
clean	-0.26	0.64
duck	-0.25	0.74
conditions	-0.25	0.67
instructions	-0.25	0.86
hence	-0.25	0.74
since	-0.25	1.26
rolling	-0.25	0.60
drain	-0.25	0.64
modern	-0.25	0.64
disappointed	-0.25	0.85
bread	-0.25	0.68
scale	-0.25	0.62
res	-0.25	0.81
noob	-0.25	0.93
removed	-0.25	0.85
nowhere	-0.25	0.64
thru	-0.25	0.72
sends	-0.25	1.06
beauty	-0.25	0.68
herfador	-0.25	0.79
wearing	-0.25	0.69
he	-0.25	0.98
jumping	-0.25	0.84
pens	-0.25	0.69
ops	-0.24	0.68
tempus	-0.24	0.81
roma	-0.24	0.69
tough	-0.24	1.15
caldwell	-0.24	0.87
player	-0.24	0.97
ripped	-0.24	0.87
zip	-0.24	0.65
kind	-0.24	1.36
enjoyment	-0.24	0.57
yet	-0.24	1.28
technique	-0.24	0.69
t	-0.24	1.13
rule	-0.24	0.91
tops	-0.24	0.69
traveling	-0.24	0.82
philly	-0.24	0.80
purge	-0.24	0.62
cooling	-0.24	0.68
ate	-0.24	0.50
deluxe	-0.24	0.82
hot	-0.24	0.76
tubo	-0.24	0.86
pc	-0.24	0.89
accounts	-0.24	0.76
tickets	-0.24	0.85
jersey	-0.24	0.71
sponge	-0.24	0.63
possibility	-0.24	0.74
ask	-0.24	1.02
shock	-0.24	0.82
condition	-0.23	0.74
mood	-0.23	0.68
advertising	-0.23	0.79
flair	-0.23	1.03
category	-0.23	0.67
survive	-0.23	1.07
study	-0.23	0.73
nutmeg	-0.23	0.75
replacement	-0.23	0.54
tupperware	-0.23	0.64
below	-0.23	1.14
sticking	-0.23	0.69
jacket	-0.23	0.67
growing	-0.23	0.70
owner	-0.23	0.77
curivari	-0.23	0.72
f55	-0.23	0.74
toasted	-0.23	0.76
1875	-0.23	0.90
envelope	-0.23	0.63
bundle	-0.23	0.57
crystals	-0.23	0.63
roll	-0.23	0.64
tubes	-0.22	0.70
awhile	-0.22	1.14
drawn	-0.22	0.86
typing	-0.22	1.90
possible	-0.22	1.63
pole	-0.22	0.76
initial	-0.22	0.64
pants	-0.22	0.71
naturally	-0.22	0.59
selling	-0.22	0.99
salt	-0.22	0.64
designed	-0.22	0.61
peoples	-0.22	0.76
content	-0.22	0.98
changed	-0.21	0.63
promise	-0.21	0.99
fiance	-0.21	1.10
required	-0.21	0.75
hints	-0.21	0.77
depth	-0.21	0.59
investment	-0.21	0.75
seals	-0.21	0.64
beard	-0.21	0.84
nut	-0.21	0.73
unless	-0.21	0.91
cracked	-0.21	0.67
earth	-0.21	0.77
woods	-0.21	0.59
gallon	-0.21	0.64
white	-0.21	1.09
thompson	-0.21	0.67
delete	-0.21	1.06
distilled	-0.21	0.63
panza	-0.21	0.73
someone	-0.21	0.89
stored	-0.21	0.64
smokers	-0.21	0.60
scum	-0.21	0.68
requests	-0.21	0.71
hint	-0.21	0.80
account	-0.21	0.94
opted	-0.20	0.65
puff	-0.20	0.62
triunfador	-0.20	1.09
informed	-0.20	0.65
shots	-0.20	0.84
significant	-0.20	0.66
ve	-0.20	1.37
paul	-0.20	0.81
capitalist	-0.20	0.64
sake	-0.20	0.72
curly	-0.20	0.78
camping	-0.20	0.69
cell	-0.20	0.68
la	-0.20	0.81
dress	-0.20	0.65
key	-0.20	0.85
none	-0.20	1.13
casual	-0.20	0.63
attempt	-0.20	0.78
soft	-0.20	0.67
careful	-0.20	0.89
passes	-0.20	0.67
tired	-0.20	0.96
locked	-0.20	0.67
figurado	-0.20	0.84
whoever	-0.20	0.66
posts	-0.19	0.97
tetris	-0.19	0.66
format	-0.19	0.73
followed	-0.19	0.66
puck	-0.19	0.64
gotten	-0.19	1.29
died	-0.19	0.58
felt	-0.19	1.19
sleep	-0.19	0.95
rotate	-0.19	0.60
rollers	-0.19	0.74
kills	-0.19	0.64
approach	-0.19	0.97
replace	-0.19	0.64
mods	-0.19	0.97
massive	-0.19	0.73
lady	-0.19	0.90
factory	-0.19	0.87
amp	-0.19	1.04
wicked	-0.19	0.80
plant	-0.19	0.61
slight	-0.19	0.77
thumb	-0.19	0.64
appeal	-0.19	1.01
definition	-0.19	0.63
mix	-0.19	0.61
red	-0.19	1.19
vegas	-0.19	0.94
intended	-0.19	0.95
ziploc	-0.19	0.64
ziplock	-0.19	0.65
festival	-0.18	0.86
keeps	-0.18	1.34
considered	-0.18	0.81
rain	-0.18	0.63
flag	-0.18	0.75
pardon	-0.18	0.97
humidification	-0.18	0.64
cigarillos	-0.18	0.49
rude	-0.18	0.83
temperature	-0.18	0.71
listening	-0.18	0.69
fans	-0.18	0.70
federal	-0.18	0.70
intense	-0.18	1.01
cedros	-0.18	0.86
defense	-0.18	0.60
stepped	-0.18	0.85
damnit	-0.18	0.92
notice	-0.18	0.84
casa	-0.18	0.88
classic	-0.18	0.63
individual	-0.18	0.82
discussed	-0.18	0.69
bic	-0.18	0.66
wall	-0.18	0.71
constant	-0.18	0.61
sentence	-0.18	1.09
bags	-0.18	0.65
vs	-0.18	0.69
125	-0.18	0.68
returned	-0.18	0.81
grocery	-0.17	0.64
track	-0.17	0.77
preferably	-0.17	0.66
realize	-0.17	1.40
third	-0.17	0.64
sizes	-0.17	1.00
pipes	-0.17	0.59
jon	-0.17	0.62
question	-0.17	1.14
browse	-0.17	0.82
compressor	-0.17	0.63
names	-0.17	0.78
partners	-0.17	0.67
employee	-0.17	0.89
watch	-0.17	0.70
hospital	-0.17	0.55
stars	-0.17	0.70
factors	-0.17	0.67
germany	-0.17	0.69
neighborhood	-0.17	0.81
storing	-0.17	0.60
lay	-0.17	0.71
calibrated	-0.17	0.63
canadians	-0.16	0.76
cigs	-0.16	0.57
europe	-0.16	0.78
70	-0.16	1.03
pie	-0.16	0.62
had	-0.16	1.23
beads	-0.16	0.63
shits	-0.16	0.78
letter	-0.16	1.00
making	-0.16	1.03
foam	-0.16	0.63
royal	-0.16	0.74
cellophane	-0.16	0.78
doctor	-0.16	0.60
sports	-0.16	0.76
frank	-0.16	0.61
becoming	-0.16	0.76
argument	-0.16	0.89
container	-0.16	0.61
tape	-0.16	0.64
animal	-0.16	0.83
humidifier	-0.16	0.62
ambient	-0.16	0.71
theres	-0.15	0.80
oak	-0.15	0.66
recognized	-0.15	0.76
street	-0.15	0.64
old	-0.15	0.85
mummy	-0.15	0.61
fashion	-0.15	0.80
usa	-0.15	0.67
target	-0.15	0.77
lock	-0.15	0.66
frankly	-0.15	0.91
grassy	-0.15	0.88
guessing	-0.15	0.72
lid	-0.15	0.65
patience	-0.15	0.78
tone	-0.15	0.81
luxury	-0.15	0.86
peanut	-0.15	0.75
storage	-0.15	0.65
charity	-0.15	0.88
gloves	-0.15	0.66
quickly	-0.15	0.57
respond	-0.15	0.79
protect	-0.15	0.65
payment	-0.15	0.72
walmart	-0.15	0.61
sweets	-0.15	0.59
reps	-0.15	0.61
humidity	-0.15	0.72
matches	-0.15	0.65
wondered	-0.15	0.87
spices	-0.14	0.72
log	-0.14	0.76
laying	-0.14	0.70
before	-0.14	1.07
threads	-0.14	0.93
head	-0.14	0.88
evenly	-0.14	0.65
seasoned	-0.14	0.61
messing	-0.14	1.16
reasons	-0.14	0.74
heartfelt	-0.14	0.64
flathead	-0.14	0.71
stress	-0.14	0.82
fda	-0.14	0.61
dossier	-0.14	0.69
learn	-0.14	0.70
referring	-0.14	1.68
drug	-0.14	0.58
tend	-0.14	0.79
heady	-0.14	0.63
baseball	-0.14	0.73
nicer	-0.14	0.65
deciding	-0.14	1.04
apply	-0.14	0.70
kitchen	-0.14	0.74
edicion	-0.14	0.65
warning	-0.13	0.82
heavily	-0.13	0.87
monsters	-0.13	0.60
exclusively	-0.13	0.66
ensure	-0.13	0.83
canada	-0.13	0.73
tv	-0.13	0.69
water	-0.13	0.60
depending	-0.13	0.70
cinnamon	-0.13	0.70
seal	-0.13	0.64
italy	-0.13	0.69
pulls	-0.13	0.54
front	-0.13	0.96
aging	-0.13	0.63
gel	-0.13	0.62
level	-0.13	0.89
cotd	-0.13	0.68
better	-0.13	0.79
moldy	-0.13	0.57
device	-0.13	0.66
churchill	-0.13	0.71
levels	-0.13	0.65
basement	-0.13	0.86
announced	-0.13	0.70
machine	-0.12	0.58
airtight	-0.12	0.62
windy	-0.12	0.63
newbie	-0.12	0.80
seasoning	-0.12	0.64
uf-4	-0.12	0.76
entire	-0.12	0.71
dish	-0.12	0.55
games	-0.12	0.75
wan	-0.12	0.91
belicosos	-0.12	0.80
through	-0.12	0.63
theory	-0.12	0.69
border	-0.12	0.63
ftw	-0.12	0.85
liberty	-0.12	0.59
jam	-0.12	0.98
degrees	-0.12	0.99
hesitant	-0.12	0.68
coolers	-0.12	0.62
tagged	-0.12	0.90
wrote	-0.12	0.72
larranaga	-0.12	0.89
tables	-0.12	0.72
considering	-0.12	0.90
host	-0.11	0.76
digital	-0.11	0.64
avion	-0.11	0.60
showing	-0.11	0.97
wise	-0.11	0.70
blow	-0.11	0.64
profiles	-0.11	0.64
wood	-0.11	0.64
questions	-0.11	1.04
throwing	-0.11	0.74
source	-0.11	0.62
gone	-0.11	1.10
balcony	-0.11	0.67
earthiness	-0.11	0.75
caramel	-0.11	0.72
pronounced	-0.11	0.71
rock	-0.11	1.01
heard	-0.11	1.21
toss	-0.11	0.64
temp	-0.11	0.72
adding	-0.11	1.03
restaurant	-0.11	0.57
watching	-0.11	0.72
aka	-0.11	0.71
aficionado	-0.11	0.61
containers	-0.10	0.61
closet	-0.10	0.64
banana	-0.10	0.61
bust	-0.10	0.75
hygrometer	-0.10	0.63
traditional	-0.10	0.56
video	-0.10	0.71
novelty	-0.10	0.68
unit	-0.10	0.64
happen	-0.10	1.14
calibrate	-0.10	0.66
did	-0.10	1.21
laws	-0.10	0.68
generally	-0.10	0.84
coat	-0.10	0.65
grow	-0.10	0.83
relative	-0.10	0.72
propaganda	-0.10	0.70
potential	-0.10	0.73
social	-0.10	0.63
willing	-0.10	0.91
cigwar	-0.10	0.54
52	-0.10	0.84
extreme	-0.10	0.61
exception	-0.10	0.64
56	-0.10	0.85
cellar	-0.10	0.67
warned	-0.10	0.66
law	-0.10	0.60
maker	-0.10	0.56
murica	-0.10	0.75
colors	-0.10	1.32
allows	-0.09	0.61
lighters	-0.09	0.64
salomon	-0.09	0.85
lmk	-0.09	0.96
manage	-0.09	0.71
cigarillo	-0.09	0.51
broken	-0.09	0.62
chair	-0.09	0.68
necessarily	-0.09	0.81
concept	-0.09	0.88
2nd	-0.09	0.68
safari	-0.09	0.79
moderation	-0.09	0.64
prefer	-0.09	0.75
wear	-0.09	0.67
remotely	-0.09	0.98
elsewhere	-0.09	0.71
analog	-0.09	0.62
football	-0.09	0.75
wins	-0.09	0.74
men	-0.09	0.62
hidden	-0.09	0.63
introduce	-0.09	0.75
communist	-0.09	0.67
tube	-0.09	0.75
spoken	-0.09	0.78
ramon	-0.09	0.78
army	-0.09	0.73
sand	-0.09	0.60
jose	-0.08	0.69
titan	-0.08	0.65
blending	-0.08	0.76
macanudo	-0.08	0.70
grape	-0.08	0.55
served	-0.08	0.61
hygrometers	-0.08	0.64
packers	-0.08	0.74
shoot	-0.08	0.72
continued	-0.08	0.65
expected	-0.08	0.70
rubber	-0.08	0.62
five	-0.08	0.90
victim	-0.08	0.73
switch	-0.08	0.65
por	-0.08	0.92
pepper	-0.08	0.72
fridge	-0.08	0.64
havana	-0.08	0.70
devices	-0.08	0.69
delay	-0.08	0.80
tx	-0.08	0.67
ebay	-0.08	0.64
brief	-0.08	0.75
e	-0.08	1.05
leather	-0.08	0.76
ammo	-0.08	0.62
shoes	-0.08	0.67
blend	-0.08	0.64
oasis	-0.08	0.68
steps	-0.08	0.63
gym	-0.08	0.81
difference	-0.08	0.89
side	-0.08	0.89
listened	-0.08	0.64
samples	-0.07	0.64
brazil	-0.07	0.59
st	-0.07	0.60
alcohol	-0.07	0.59
toward	-0.07	0.66
jar	-0.07	0.61
by	-0.07	0.93
rep	-0.07	0.62
hygro	-0.07	0.63
former	-0.07	0.73
hockey	-0.07	0.75
pushing	-0.07	0.67
single	-0.07	0.63
reserva	-0.07	0.71
rarely	-0.07	0.61
wire	-0.07	0.67
being	-0.07	1.04
oddly	-0.07	0.67
commit	-0.07	0.90
woodsy	-0.07	0.94
trips	-0.07	0.69
government	-0.07	0.69
reality	-0.07	0.78
window	-0.07	0.67
platinum	-0.07	0.67
lift	-0.07	0.79
bashert	-0.07	0.71
starts	-0.07	0.61
purposes	-0.07	0.70
theyre	-0.07	0.65
corona	-0.07	0.79
military	-0.07	0.65
california	-0.07	0.62
discounts	-0.06	0.70
recharge	-0.06	0.61
pork	-0.06	0.51
existed	-0.06	0.96
warriors	-0.06	0.86
accessories	-0.06	0.61
opens	-0.06	0.64
touching	-0.06	0.88
eat	-0.06	0.49
rather	-0.06	0.94
burn	-0.06	0.83
central	-0.06	0.66
traded	-0.06	0.84
created	-0.05	0.74
either	-0.05	1.00
fernandez	-0.05	0.72
scored	-0.05	0.75
realized	-0.05	1.13
promised	-0.05	0.77
attack	-0.05	0.76
foundry	-0.05	0.75
further	-0.05	0.66
shirt	-0.05	0.68
premium	-0.05	0.70
republic	-0.05	0.83
ex	-0.05	0.80
cocoa	-0.05	0.77
buried	-0.05	0.70
luckily	-0.05	0.66
based	-0.05	0.82
dive	-0.05	0.77
impact	-0.05	0.58
walnut	-0.05	0.63
boveda	-0.05	0.62
wiped	-0.05	0.69
pocket	-0.05	0.61
bubble	-0.05	0.62
odds	-0.05	0.87
wide	-0.05	0.73
mobile	-0.05	1.03
changes	-0.05	0.65
russia	-0.05	0.66
vanilla	-0.05	0.57
smoker	-0.05	0.55
tiny	-0.04	0.64
magical	-0.04	1.83
bovedas	-0.04	0.62
2003	-0.04	0.57
tour	-0.04	0.86
nominate	-0.04	0.82
block	-0.04	0.82
mall	-0.04	0.72
searched	-0.04	0.64
fishing	-0.04	0.64
poster	-0.04	0.90
factories	-0.04	0.85
ten	-0.04	0.91
auto	-0.04	1.73
freedom	-0.04	0.64
nuances	-0.04	0.63
yellow	-0.04	1.05
aj	-0.04	0.72
pressed	-0.04	0.59
specifically	-0.04	0.71
diego	-0.04	0.65
compete	-0.04	0.97
wyoming	-0.04	0.65
especial	-0.04	0.63
meaning	-0.04	0.88
sealed	-0.04	0.62
parking	-0.04	0.65
image	-0.04	1.09
seattle	-0.04	0.67
vote	-0.04	1.01
second	-0.03	0.57
themed	-0.03	0.72
wondering	-0.03	1.05
cycle	-0.03	0.77
insurance	-0.03	0.53
league	-0.03	0.72
jr	-0.03	0.57
acquired	-0.03	0.78
churchills	-0.03	0.88
cedar	-0.03	0.63
fucking	-0.03	2.20
themselves	-0.03	0.61
young	-0.03	0.74
desert	-0.03	0.58
rated	-0.03	0.66
feral	-0.03	0.67
bear	-0.03	0.69
pipe	-0.03	0.55
obtain	-0.03	0.77
lame	-0.03	1.25
anyone	-0.03	0.82
cheese	-0.03	0.65
sweet	-0.03	0.84
cab	-0.03	0.65
replies	-0.03	0.87
acquire	-0.03	0.73
instantly	-0.03	0.74
team	-0.02	0.72
6x60	-0.02	0.64
warm	-0.02	0.64
door	-0.02	0.68
comment	-0.02	1.04
introduced	-0.02	0.56
grill	-0.02	0.48
uf-13	-0.02	0.67
litter	-0.02	0.63
ccotm	-0.02	0.85
tolerance	-0.02	0.59
demand	-0.02	0.64
represent	-0.02	0.82
terms	-0.02	0.74
rat	-0.02	0.67
cristobal	-0.02	0.70
calibration	-0.02	0.61
subject	-0.02	0.77
regularly	-0.02	0.78
step	-0.02	0.55
broncos	-0.02	0.71
shut	-0.02	0.89
cojonu	-0.02	0.59
same	-0.02	1.11
quiet	-0.02	0.85
praise	-0.02	0.67
conversations	-0.02	0.64
products	-0.02	0.63
inside	-0.02	0.63
brands	-0.02	0.74
junior	-0.02	0.74
ffp	-0.01	0.67
spelling	-0.01	1.56
heater	-0.01	0.64
rh	-0.01	0.71
doors	-0.01	0.70
county	-0.01	0.62
respect	-0.01	0.81
ultra	-0.01	0.77
game	-0.01	0.74
no	-0.01	0.97
ohio	-0.01	0.63
pms	-0.01	0.72
tabak	-0.01	0.45
youtube	-0.01	0.67
sugar	-0.01	0.60
cracker	-0.01	0.66
velvet	-0.01	0.70
puffs	-0.01	0.57
numbers	-0.01	0.92
action	-0.01	0.68
material	-0.01	0.64
uc	-0.01	0.66
weigh	-0.01	0.77
kitty	-0.01	0.62
cards	-0.01	0.66
petit	-0.01	0.82
coronas	-0.01	0.87
maintain	-0.01	0.64
latte	-0.01	0.45
dirty	-0.01	0.67
l40	-0.01	0.67
aint	-0.01	1.02
context	-0.01	1.09
attitude	-0.01	0.80
magnum	-0.01	0.73
2	-0.01	0.93
walked	-0.00	0.56
donate	-0.00	0.92
ghost	-0.00	0.64
75	-0.00	0.62
brand	-0.00	0.75
gordo	-0.00	0.64
locally	-0.00	0.86
2nds	-0.00	0.54
glass	-0.00	0.63
sooooo	-0.00	0.65
intent	-0.00	0.80
interior	-0.00	0.63
flavours	-0.00	0.55
isnt	-0.00	0.71
supplies	-0.00	0.58
raffle	-0.00	0.99
cars	-0.00	0.71
glorious	0.00	0.60
commenting	0.00	0.81
energy	0.00	0.59
t52	0.00	0.66
road	0.00	0.62
netflix	0.00	0.67
regards	0.00	1.24
cubana	0.00	0.75
compare	0.00	1.01
separate	0.00	0.59
0	0.00	0.78
option	0.00	0.95
spanish	0.00	0.62
wheel	0.00	0.75
dent	0.00	0.61
gurkha	0.00	0.65
giving	0.00	0.93
bonus	0.00	0.97
liga	0.01	0.62
pigs	0.01	0.67
mailman	0.01	0.66
stack	0.01	0.63
lake	0.01	0.59
open	0.01	0.65
tim	0.01	0.63
whose	0.01	0.56
seen	0.01	1.80
combined	0.01	0.67
message	0.01	0.75
28	0.01	0.60
engineering	0.01	0.90
magic	0.01	0.74
roasted	0.01	0.66
assuming	0.01	1.79
notes	0.01	0.77
overwhelmed	0.01	0.79
himself	0.01	0.57
makers	0.01	0.60
no.9	0.01	0.62
sitting	0.01	0.90
than	0.01	0.65
ride	0.01	0.62
xikar	0.01	0.57
orange	0.01	0.74
pussy	0.01	0.94
3rd	0.01	0.57
lower	0.01	0.90
remind	0.01	0.63
space	0.01	0.64
ratzilla	0.01	0.67
privada	0.01	0.62
ups	0.01	0.63
desk	0.01	0.69
counter	0.01	0.70
strike	0.01	0.77
hurry	0.01	0.73
jk	0.01	0.93
systems	0.01	0.66
blondie	0.01	0.45
driving	0.02	0.60
detected	0.02	0.77
retailers	0.02	0.81
james	0.02	0.64
forth	0.02	0.66
kl	0.02	0.62
hops	0.02	0.57
policy	0.02	0.58
wager	0.02	0.73
bowl	0.02	0.63
unico	0.02	0.63
ny	0.02	0.63
wouldnt	0.02	0.94
part	0.02	1.60
nj	0.02	0.64
crafters	0.02	0.69
six	0.02	0.87
t-52	0.02	0.64
twice	0.02	0.88
dominican	0.02	0.84
lp	0.02	0.65
highest	0.02	0.93
justify	0.02	0.83
beginning	0.02	0.58
colibri	0.02	0.56
knife	0.02	0.57
majority	0.02	0.78
album	0.02	0.88
oops	0.02	1.10
2/3	0.02	0.63
leaving	0.02	0.63
public	0.02	0.63
insert	0.02	0.69
i.e	0.02	0.61
2007	0.02	0.70
development	0.02	0.65
joe	0.02	0.58
text	0.02	1.18
eagle	0.02	0.62
patel	0.02	0.55
thirds	0.02	0.61
blocks	0.02	0.66
thicker	0.02	0.61
behikes	0.02	1.00
commute	0.02	0.61
link	0.02	1.18
load	0.02	0.68
carried	0.02	0.68
fill	0.02	0.64
rolled	0.02	0.63
hammer	0.03	0.68
discussion	0.03	0.76
aged	0.03	0.57
bringing	0.03	0.69
sky	0.03	0.57
rocky	0.03	0.55
accidentally	0.03	0.79
prior	0.03	0.59
slightly	0.03	0.72
rats	0.03	0.66
fat	0.03	0.67
mass	0.03	0.62
chain	0.03	0.61
alas	0.03	0.85
truck	0.03	0.66
packs	0.03	0.62
mentioned	0.03	0.76
sport	0.03	0.68
players	0.03	0.72
fausto	0.03	0.60
police	0.03	0.83
opinions	0.03	0.73
nashville	0.03	0.70
nuttiness	0.03	0.70
willy	0.03	0.49
discuss	0.03	0.70
battle	0.03	0.63
feels	0.03	1.09
sirena	0.03	0.62
grey	0.03	0.59
size	0.03	0.68
72	0.03	0.65
detroit	0.03	0.71
gear	0.03	0.68
cooler	0.03	0.61
pointed	0.03	0.60
95	0.03	0.83
deck	0.03	0.69
layer	0.03	0.60
mistake	0.03	0.97
mason	0.04	0.57
power	0.04	0.67
thrilled	0.04	0.93
twin	0.04	0.74
tag	0.04	0.71
1/3	0.04	0.56
cuz	0.04	1.11
cream	0.04	0.62
ours	0.04	0.64
experiences	0.04	0.73
uk	0.04	0.62
glasses	0.04	0.59
emails	0.04	0.73
clicked	0.04	1.13
tat	0.04	0.61
character	0.04	0.60
garage	0.04	0.64
rounded	0.04	0.59
pa	0.04	0.64
estate	0.04	0.47
unable	0.04	0.80
screen	0.04	0.71
garcia	0.04	0.63
position	0.04	0.74
nearly	0.04	0.77
attend	0.05	0.85
crown	0.05	0.58
mn	0.05	0.83
east	0.05	0.63
punched	0.05	0.66
moment	0.05	0.93
sweetness	0.05	0.72
joy	0.05	0.66
boxing	0.05	0.62
confirm	0.05	1.45
acid	0.05	0.46
item	0.05	0.58
security	0.05	0.63
xmas	0.05	0.98
comfort	0.05	0.69
drew	0.05	0.46
lined	0.05	0.60
liquor	0.05	0.60
adds	0.05	0.69
alternative	0.05	0.59
stronger	0.05	0.63
secondary	0.05	0.66
beforehand	0.05	0.52
florida	0.05	0.60
etc	0.05	0.61
grew	0.05	0.61
activity	0.05	0.72
bands	0.05	1.37
asylum	0.05	0.69
northern	0.05	0.58
expand	0.05	0.62
jaime	0.05	0.61
matched	0.05	0.82
vein	0.05	0.80
why	0.05	1.46
tighter	0.05	0.63
teams	0.05	0.70
cold	0.05	0.62
system	0.05	0.64
gods	0.05	0.73
land	0.05	0.66
federation	0.05	0.69
foot	0.05	0.67
retailer	0.05	0.69
hitting	0.06	0.69
ability	0.06	0.67
vintage	0.06	0.56
blended	0.06	0.59
creaminess	0.06	0.70
54	0.06	0.72
necessary	0.06	0.89
sheets	0.06	0.61
cooking	0.06	0.53
built	0.06	0.60
sugary	0.06	0.57
hundreds	0.06	0.79
banned	0.06	0.73
relax	0.06	0.61
bullet	0.06	0.56
imo	0.06	0.89
envy	0.06	0.59
minds	0.06	0.70
dash	0.06	0.65
camp	0.06	0.59
preference	0.06	0.64
instagram	0.06	0.75
opinion	0.06	0.78
pulling	0.06	0.69
geeks	0.06	0.62
exists	0.06	0.62
nsfw	0.06	0.87
pop	0.06	0.64
submit	0.06	0.90
death	0.06	0.65
pete	0.06	0.59
post	0.06	1.05
upload	0.06	1.14
cheaper	0.06	0.73
rub	0.06	0.57
edge	0.06	0.54
virginia	0.06	0.59
del	0.06	0.65
donation	0.06	0.84
marked	0.06	0.92
craigslist	0.06	0.59
sol	0.06	0.45
cleaned	0.06	0.59
name	0.07	0.72
filling	0.07	0.60
apartment	0.07	0.62
spice	0.07	0.72
deep	0.07	0.60
guilty	0.07	0.87
creek	0.07	0.58
vitola	0.07	0.64
1990	0.07	0.58
vi	0.07	0.71
valley	0.07	0.62
op	0.07	1.70
ended	0.07	0.92
light	0.07	0.70
began	0.07	0.61
betting	0.07	0.75
car	0.07	0.63
accordingly	0.07	0.64
ligas	0.07	0.74
steer	0.07	0.74
eating	0.07	0.49
hunting	0.07	0.62
concert	0.07	0.80
bottle	0.07	0.57
estates	0.07	0.47
upgrade	0.07	0.66
pretend	0.07	0.92
pointing	0.07	1.57
paypal	0.07	0.65
doc	0.07	0.71
9	0.07	0.64
leccia	0.07	0.58
bottom	0.07	0.66
data	0.08	0.62
3/4	0.08	0.59
lining	0.08	0.64
bigger	0.08	0.61
camera	0.08	0.75
21	0.08	0.56
western	0.08	0.59
wtf	0.08	1.11
spots	0.08	0.76
cigargeeks	0.08	0.63
mountain	0.08	0.58
occasionally	0.08	0.66
school	0.08	0.70
tupperdor	0.08	0.61
craving	0.08	0.53
begin	0.08	0.70
hobbies	0.08	0.61
original	0.08	0.80
undercrown	0.08	0.61
settled	0.08	0.57
newair	0.08	0.61
monster	0.08	0.60
requested	0.08	0.58
access	0.08	0.63
601	0.08	0.65
discover	0.08	0.69
centurion	0.08	0.65
whatnot	0.08	0.64
whole	0.08	1.48
porch	0.08	0.64
cans	0.08	0.60
ama	0.08	0.85
opened	0.08	0.59
intrigued	0.08	0.86
somewhat	0.08	0.93
common	0.08	0.77
limitada	0.08	0.62
hotel	0.08	0.61
rise	0.08	0.67
italia	0.08	0.55
sickle	0.09	0.67
put	0.09	0.69
java	0.09	0.45
exclusive	0.09	0.59
gentleman	0.09	0.98
climate	0.09	0.67
dominicana	0.09	0.62
warmer	0.09	0.61
transition	0.09	0.61
encourage	0.09	0.75
click	0.09	0.92
stranger	0.09	0.66
rustica	0.09	0.59
chocolate	0.09	0.68
bender	0.09	0.60
seat	0.09	0.63
michigan	0.09	0.64
shopping	0.09	0.64
sweetened	0.09	0.50
maple	0.09	0.55
physical	0.09	0.63
ca	0.09	0.98
conclusion	0.09	0.72
west	0.09	0.64
evil	0.09	0.87
pittsburgh	0.09	0.59
crew	0.09	0.77
prepared	0.09	0.67
larger	0.09	0.67
areas	0.09	0.60
ann	0.09	0.76
hand	0.09	0.76
whether	0.09	0.85
houston	0.09	0.69
tupperdore	0.09	0.60
room	0.09	0.60
describing	0.09	0.94
wisconsin	0.09	0.65
punch	0.09	0.56
north	0.09	0.62
shown	0.09	0.84
database	0.09	0.63
down	0.09	1.03
msrp	0.09	0.69
davidoff	0.09	0.68
nica	0.09	0.60
tupperdors	0.10	0.61
south	0.10	0.61
state	0.10	0.61
donated	0.10	0.96
pour	0.10	0.60
hanging	0.10	0.74
skill	0.10	0.74
honestly	0.10	1.13
perfecto	0.10	0.60
ffps	0.10	0.64
general	0.10	0.60
hcm	0.10	0.59
interview	0.10	0.77
mint	0.10	0.46
coolidor	0.10	0.62
illinois	0.10	0.62
engineer	0.10	0.63
debating	0.10	0.99
bulk	0.10	0.72
punches	0.10	0.56
shelf	0.10	0.66
mile	0.10	0.61
laughed	0.10	1.07
process	0.10	0.67
feature	0.10	0.62
methods	0.10	0.61
wo	0.10	0.95
wineador	0.10	0.62
spare	0.10	0.64
sample	0.10	0.56
responses	0.10	0.98
any	0.10	0.99
differences	0.10	0.64
education	0.10	0.68
father	0.10	0.66
going	0.10	1.37
completed	0.10	0.64
towards	0.10	0.61
wasnt	0.10	0.80
luchador	0.11	0.54
john	0.11	0.61
filled	0.11	0.55
warranty	0.11	0.52
middle	0.11	0.58
green	0.11	0.72
torpedos	0.11	0.56
puros	0.11	0.75
invest	0.11	0.64
style	0.11	0.64
vitolas	0.11	0.61
suggested	0.11	1.16
basin	0.11	0.54
sheet	0.11	0.61
targets	0.11	0.63
69	0.11	0.62
accept	0.11	0.65
fuckers	0.11	0.70
casino	0.11	0.60
um	0.11	0.79
jars	0.11	0.60
cook	0.11	0.49
immediately	0.11	0.56
cabinet	0.11	0.60
walk	0.11	0.60
spy	0.11	0.64
breaking	0.11	0.73
bright	0.11	0.69
putting	0.11	0.82
amounts	0.11	0.59
laptop	0.11	0.66
email	0.11	0.65
computer	0.11	0.69
star	0.12	0.65
allow	0.12	0.66
ring	0.12	0.64
photo	0.12	1.10
hold	0.12	1.03
sherman	0.12	0.56
humidor	0.12	0.60
advantage	0.12	0.73
wi	0.12	0.61
add	0.12	1.07
silver	0.12	0.66
bundles	0.12	0.57
and/or	0.12	0.65
il	0.12	0.64
use	0.12	0.60
tony	0.12	0.55
normally	0.12	0.79
brewery	0.12	0.53
confused	0.12	1.02
change	0.12	0.74
media	0.12	0.86
dance	0.12	0.72
using	0.12	0.63
tatuaje	0.12	0.61
without	0.12	0.77
inn	0.12	0.49
call	0.12	0.79
antillas	0.12	0.63
bars	0.12	0.66
cuts	0.12	0.53
everytime	0.12	0.70
copy	0.12	0.80
feel	0.12	0.96
scene	0.12	0.63
cured	0.12	0.55
wineadors	0.12	0.60
1999	0.12	0.60
version	0.12	0.63
recommended	0.12	0.67
impression	0.12	0.63
dropping	0.12	0.71
videos	0.12	0.67
metro	0.12	0.60
emilio	0.12	0.61
favor	0.12	0.69
anywhere	0.12	0.77
longer	0.12	0.60
success	0.12	0.69
1992	0.13	0.54
customs	0.13	0.67
cart	0.13	0.65
libre	0.13	0.61
results	0.13	0.61
troops	0.13	0.74
carries	0.13	0.69
weather	0.13	0.64
shed	0.13	0.59
rings	0.13	0.70
pinch	0.13	0.64
esteli	0.13	0.57
steak	0.13	0.46
forrest	0.13	0.61
shelves	0.13	0.62
strip	0.13	0.61
mod	0.13	0.77
le	0.13	0.67
tin	0.13	0.60
b/c	0.13	0.69
67	0.13	0.63
drop	0.13	0.69
7	0.13	0.62
pickup	0.13	0.65
married	0.13	0.75
rg	0.13	0.64
ontario	0.13	0.64
subtle	0.13	0.76
norteno	0.13	0.52
unicos	0.13	0.64
jumped	0.13	0.58
gauge	0.13	0.65
double	0.13	0.58
instance	0.13	0.62
coolerdor	0.13	0.61
flat	0.13	0.57
distance	0.13	0.64
drawer	0.13	0.65
65	0.13	0.63
19	0.13	0.53
dpg	0.13	0.67
images	0.13	0.96
leathery	0.13	0.84
consideration	0.13	0.74
toro	0.13	0.63
fact	0.13	1.21
petite	0.14	0.70
sized	0.14	0.58
test	0.14	0.63
nyc	0.14	0.63
kentucky	0.14	0.59
polish	0.14	0.67
report	0.14	0.68
pro	0.14	0.69
because	0.14	1.26
resistance	0.14	0.73
commie	0.14	0.67
him	0.14	0.74
stopped	0.14	0.59
draft	0.14	0.65
advance	0.14	0.81
assumed	0.14	1.04
hat	0.14	0.67
stogies	0.14	0.54
funds	0.14	0.65
poker	0.14	0.68
plate	0.14	0.64
ads	0.14	0.66
tampa	0.14	0.59
gain	0.14	0.69
accident	0.14	0.71
loads	0.14	0.71
relevant	0.15	0.68
cap	0.15	0.63
sets	0.15	0.62
80	0.15	0.59
tats	0.15	0.75
hesitate	0.15	0.88
listed	0.15	0.80
27	0.15	0.54
9s	0.15	0.62
barrel	0.15	0.54
taken	0.15	0.88
pm	0.15	0.70
between	0.15	0.65
60	0.15	0.64
drawers	0.15	0.64
live	0.15	0.61
voice	0.15	0.62
refund	0.15	0.63
beats	0.15	0.60
purchased	0.15	0.61
gold	0.15	0.74
golden	0.15	0.57
lasted	0.15	0.58
bills	0.15	0.60
card	0.15	0.62
flavour	0.15	0.67
5.5	0.15	0.63
university	0.15	0.65
pepin	0.15	0.61
roast	0.16	0.52
torpedo	0.16	0.58
ultimately	0.16	0.64
duena	0.16	0.67
length	0.16	0.65
infused	0.16	0.45
select	0.16	0.68
local	0.16	0.63
lose	0.16	0.88
bitch	0.16	1.17
blade	0.16	0.54
stores	0.16	0.68
wisdom	0.16	0.97
owners	0.16	0.61
pit	0.16	0.64
experiment	0.16	0.67
unicorn	0.16	0.81
pieces	0.16	0.59
perla	0.16	0.77
forbidden	0.16	0.63
catching	0.16	0.86
equipment	0.16	0.63
unknown	0.16	0.59
48	0.16	0.65
angel	0.16	0.62
arizona	0.16	0.58
belle	0.16	0.56
meal	0.16	0.48
peace	0.16	1.17
atlanta	0.16	0.61
bijou	0.16	0.64
selected	0.16	0.71
points	0.16	0.72
x2	0.16	0.55
bomba	0.16	0.61
tbh	0.16	0.76
smelling	0.16	1.28
thread	0.16	0.80
osok	0.16	0.59
financial	0.16	0.59
phone	0.16	0.70
golfing	0.16	0.60
table	0.16	0.63
boss	0.16	0.67
fl	0.16	0.69
airport	0.16	0.60
ran	0.16	0.54
13	0.16	0.69
chicken	0.16	0.51
belicoso	0.16	0.64
messages	0.16	0.81
fruity	0.17	0.76
grand	0.17	0.61
furniture	0.17	0.61
anarchy	0.17	0.55
comments	0.17	0.81
person	0.17	0.83
register	0.17	0.70
18	0.17	0.54
chat	0.17	0.59
kfc	0.17	0.53
drunk	0.17	0.63
bueso	0.17	0.61
shaggy	0.17	0.61
origin	0.17	0.70
robusto	0.17	0.63
answering	0.17	0.99
snagged	0.17	0.89
memories	0.17	0.64
patio	0.17	0.63
colorado	0.17	0.66
smaller	0.17	0.60
purely	0.17	0.70
companies	0.17	0.61
repeat	0.17	0.57
lone	0.17	0.55
seconds	0.17	0.54
cop	0.17	0.63
regional	0.17	0.63
discontinued	0.17	0.56
tobacconist	0.17	0.61
90	0.17	0.55
scratch	0.17	0.58
favourite	0.17	1.52
income	0.17	0.63
x	0.17	0.67
neighbors	0.17	0.55
whereas	0.17	0.77
xi2	0.17	0.53
linked	0.17	0.84
first	0.17	0.87
say	0.18	1.13
immortal	0.18	0.69
opposed	0.18	0.74
turned	0.18	0.52
among	0.18	1.18
anything	0.18	0.85
dragon	0.18	0.82
lived	0.18	0.56
knocked	0.18	0.82
1000	0.18	0.58
apps	0.18	0.67
parents	0.18	0.88
reach	0.18	0.74
packaging	0.18	0.65
disappeared	0.18	0.54
cancel	0.18	0.65
84	0.18	0.58
herrera	0.18	0.57
wrapped	0.18	0.57
aurora	0.18	0.61
dozen	0.18	1.01
wine	0.18	0.55
food	0.18	0.48
rum	0.18	0.52
barely	0.18	0.67
label	0.18	0.79
t52s	0.18	0.60
professional	0.18	0.65
mortar	0.18	0.65
denver	0.18	0.62
tier	0.18	0.57
layers	0.18	0.60
safety	0.18	0.57
pack	0.18	0.58
papas	0.18	0.58
boston	0.18	0.62
ashton	0.18	0.60
park	0.19	0.61
loop	0.19	0.89
bbq	0.19	0.49
obsidian	0.19	0.66
outside	0.19	0.62
fuerte	0.19	0.67
product	0.19	0.57
62	0.19	0.64
core	0.19	0.63
thinking	0.19	1.25
blue	0.19	0.70
afford	0.19	0.82
beverage	0.19	0.53
tatuajes	0.19	0.57
fully	0.19	0.90
remain	0.19	0.61
iphone	0.19	0.70
location	0.19	0.63
instead	0.19	0.87
55	0.19	0.61
threw	0.19	0.55
magna	0.19	0.59
sweat	0.19	1.04
pages	0.19	0.61
101	0.19	0.56
austin	0.19	0.63
higher	0.19	0.60
angels	0.19	0.59
120	0.19	0.60
mistakes	0.19	0.68
fermented	0.19	0.70
laughs	0.19	0.71
papa	0.19	0.60
breakfast	0.19	0.48
visited	0.19	0.64
episode	0.19	0.68
tins	0.19	0.56
trend	0.19	0.64
unicorns	0.19	0.68
daily	0.19	0.60
quarter	0.19	0.53
links	0.19	0.84
apologize	0.19	1.11
cities	0.19	0.59
fritas	0.20	0.58
intemperance	0.20	0.58
hyde	0.20	0.60
decisions	0.20	0.71
pool	0.20	0.64
examples	0.20	0.67
chrome	0.20	0.66
goldie	0.20	0.72
locker	0.20	0.57
possession	0.20	0.82
trick	0.20	0.85
49	0.20	0.63
carry	0.20	0.62
treated	0.20	0.61
motherfucker	0.20	0.71
shenanigans	0.20	0.74
100	0.20	0.61
cle	0.20	0.55
nick	0.20	0.73
submitted	0.20	0.72
shares	0.20	0.58
function	0.20	0.67
curious	0.20	1.24
websites	0.20	0.71
store	0.20	0.67
virtual	0.20	0.62
ba	0.20	0.57
50	0.20	0.62
cutters	0.20	0.54
capa	0.20	0.58
cup	0.20	0.52
seeking	0.20	0.90
capacity	0.20	0.60
imgur	0.20	0.89
lfd	0.20	0.61
web	0.20	0.67
presence	0.20	0.66
flower	0.20	0.93
meant	0.20	1.45
mf	0.20	0.64
apple	0.20	0.52
dropped	0.20	0.63
clubs	0.21	0.75
winter	0.21	0.61
1922	0.21	0.62
44	0.21	0.62
chill	0.21	0.56
pumpkin	0.21	0.54
2006	0.21	0.64
iron	0.21	0.58
managed	0.21	0.75
touched	0.21	0.83
record	0.21	0.70
meat	0.21	0.48
tl	0.21	0.70
final	0.21	0.56
bbmf	0.21	0.71
versions	0.21	0.57
vodka	0.21	0.54
ninja	0.21	0.82
invite	0.21	0.82
books	0.21	0.61
rob	0.21	0.62
400	0.21	0.60
box	0.21	0.58
frequent	0.21	0.63
milwaukee	0.21	0.65
kept	0.21	0.59
trigger	0.21	0.68
semi	0.21	0.61
leaning	0.21	0.68
extra	0.21	0.68
exodus	0.21	0.60
regret	0.21	0.82
150	0.21	0.60
300	0.21	0.61
hung	0.22	0.53
website	0.22	0.62
guillotine	0.22	0.53
200	0.22	0.60
partner	0.22	0.61
app	0.22	0.67
updated	0.22	0.73
flor	0.22	0.62
shortly	0.22	0.60
stinky	0.22	0.68
fan	0.22	0.68
lonsdale	0.22	0.63
brewed	0.22	0.54
chime	0.22	0.74
alien	0.22	0.64
gun	0.22	0.63
partake	0.22	0.62
influence	0.22	0.58
purchasing	0.22	0.69
pure	0.22	0.57
pulled	0.22	0.56
technically	0.22	1.42
prizes	0.22	0.73
payback	0.22	0.56
running	0.22	0.73
near	0.22	0.70
shops	0.22	0.67
humi	0.22	0.65
yessir	0.22	0.56
gauges	0.22	0.60
items	0.22	0.58
manufacturers	0.22	0.60
imperial	0.22	0.55
v-cut	0.22	0.54
rye	0.22	0.57
money	0.22	0.67
additional	0.22	0.70
torano	0.22	0.60
take	0.22	0.90
25	0.23	0.60
services	0.23	0.61
gladly	0.23	0.77
38	0.23	0.64
1/4	0.23	0.59
organize	0.23	0.65
zombie	0.23	0.56
lifetime	0.23	0.51
won	0.23	0.71
40	0.23	0.60
1/2	0.23	0.61
portion	0.23	0.62
cents	0.23	0.58
brazilia	0.23	0.48
johnson	0.23	0.58
chapter	0.23	0.65
def	0.23	0.78
board	0.23	0.59
anus	0.23	0.69
trays	0.23	0.60
undercrowns	0.23	0.60
desktop	0.23	0.62
barrels	0.23	0.54
helps	0.23	0.60
jesus	0.23	0.88
at	0.23	0.99
forgetting	0.23	0.64
cutting	0.23	0.57
equal	0.23	0.58
youre	0.23	0.70
2002	0.23	0.64
industry	0.23	0.57
sob	0.23	0.77
homework	0.23	0.68
mgcrunch	0.23	0.68
aromatic	0.23	0.45
taa	0.23	0.54
juice	0.23	0.57
company	0.23	0.56
shirts	0.23	0.88
following	0.23	0.53
23	0.23	0.52
desire	0.23	0.74
humidors	0.23	0.58
show	0.23	0.70
lights	0.23	0.56
cazadores	0.23	0.64
brought	0.23	0.60
classes	0.23	0.69
fence	0.23	0.73
chisel	0.24	0.59
under	0.24	0.67
ticket	0.24	0.66
cousin	0.24	0.91
hills	0.24	0.48
balance	0.24	0.63
living	0.24	0.59
nicaragua	0.24	0.72
building	0.24	0.65
number	0.24	0.89
skull	0.24	0.61
internet	0.24	0.64
5	0.24	0.65
tree	0.24	0.78
don	0.24	0.60
plane	0.24	0.59
victory	0.24	0.73
mexican	0.24	0.56
beast	0.24	0.67
basis	0.24	0.61
blends	0.24	0.59
students	0.24	0.63
spirit	0.24	0.85
san	0.24	0.57
benefit	0.24	0.68
xicar	0.24	0.53
600	0.24	0.59
yourself	0.24	0.81
sungrown	0.24	0.57
closed	0.24	0.61
biased	0.24	0.98
padilla	0.24	0.59
stamp	0.24	0.76
muwat	0.25	0.55
al	0.25	0.63
tattoo	0.25	0.59
46	0.25	0.61
destino	0.25	0.63
sam	0.25	0.61
raining	0.25	0.63
update	0.25	0.68
holding	0.25	0.68
miami	0.25	0.57
count	0.25	0.62
participants	0.25	0.60
rate	0.25	0.58
edited	0.25	1.10
particular	0.25	0.80
frame	0.25	0.65
minute	0.25	0.55
20	0.25	0.59
signing	0.25	0.67
sight	0.25	0.75
arbor	0.25	0.73
discussions	0.25	0.69
locations	0.25	0.64
windows	0.25	0.69
14	0.25	0.55
24	0.25	0.61
seed	0.25	0.65
ffox	0.25	0.63
period	0.25	0.60
private	0.25	0.60
opus	0.25	0.63
course	0.25	0.93
start	0.25	0.87
litto	0.25	0.54
soda	0.25	0.53
moving	0.25	0.64
regarding	0.25	0.69
moved	0.26	0.53
remained	0.26	0.59
fdla	0.26	0.59
68	0.26	0.60
shorter	0.26	0.57
church	0.26	0.53
nat	0.26	0.54
feeling	0.26	0.93
max	0.26	0.63
while	0.26	0.72
located	0.26	0.69
gt	0.26	1.08
liking	0.26	0.61
less	0.26	0.61
revelation	0.26	0.57
lately	0.26	0.87
toasty	0.26	0.70
master	0.26	0.57
donations	0.26	0.70
agree	0.26	1.37
online	0.26	0.66
gran	0.26	0.59
used	0.26	0.47
rosado	0.26	0.63
move	0.26	0.66
alot	0.26	0.59
free	0.26	0.68
casita	0.26	0.62
genuinely	0.26	0.73
sorts	0.26	0.51
city	0.26	0.64
yr	0.26	0.54
stone	0.26	0.54
huge	0.26	0.73
drive	0.26	0.57
w	0.26	0.67
verify	0.26	0.64
17	0.26	0.57
bell	0.27	0.49
noticeable	0.27	0.55
indoors	0.27	0.60
l40s	0.27	0.63
frequently	0.27	0.59
drawing	0.27	0.64
added	0.27	1.03
bill	0.27	0.65
address	0.27	0.65
quantity	0.27	0.56
please	0.27	0.86
10	0.27	0.62
office	0.27	0.62
international	0.27	0.60
oktoberfest	0.27	0.56
accurate	0.27	0.59
line	0.27	0.46
spark	0.27	0.64
doble	0.27	0.62
penny	0.27	0.66
trace	0.27	0.56
import	0.27	0.65
sneak	0.27	0.71
lesser	0.27	0.56
lit	0.27	0.62
takes	0.27	0.58
woke	0.27	0.59
entries	0.27	0.74
keeping	0.27	0.63
2009	0.27	0.66
responsible	0.27	0.61
mom	0.27	0.89
fear	0.27	0.62
survey	0.27	0.63
1.5	0.27	0.60
rarity	0.27	0.61
15	0.27	0.58
warped	0.27	0.60
pound	0.27	0.60
mailing	0.27	0.60
pushed	0.27	0.66
spirits	0.27	0.53
tones	0.28	0.71
alone	0.28	1.03
boutique	0.28	0.60
sweeter	0.28	0.60
worth	0.28	0.66
area	0.28	0.61
sons	0.28	0.55
via	0.28	0.64
u/felord	0.28	0.77
doing	0.28	1.21
bones	0.28	0.53
trees	0.28	0.56
google	0.28	0.64
top	0.28	1.04
riqueza	0.28	0.60
stouts	0.28	0.52
posting	0.28	0.78
outdoor	0.28	0.61
stressful	0.28	0.91
drives	0.28	0.63
joya	0.28	0.61
craft	0.28	0.54
specific	0.28	0.73
picking	0.28	0.81
ms	0.28	0.67
customer	0.28	0.54
shark	0.28	0.58
spending	0.28	0.66
orlando	0.28	0.59
beep	0.28	0.83
mad44	0.28	0.57
lancero	0.28	0.65
senior	0.28	0.68
lounges	0.28	0.80
fit	0.28	0.64
status	0.28	0.62
normal	0.28	0.55
tequila	0.28	0.52
vsg	0.28	0.58
rothchildes	0.28	0.60
shop	0.28	0.65
million	0.29	0.62
11	0.29	0.58
limit	0.29	0.63
wife	0.29	0.91
employees	0.29	0.61
32	0.29	0.61
1	0.29	0.61
smoky	0.29	0.64
ipas	0.29	0.52
testing	0.29	0.60
mother	0.29	0.69
howard	0.29	0.66
studying	0.29	0.69
packing	0.29	0.54
66	0.29	0.61
becomes	0.29	0.69
opusx	0.29	0.65
nature	0.29	0.61
taking	0.29	0.75
where	0.29	1.12
ratio	0.29	0.60
ligero	0.29	0.60
drove	0.29	0.58
nearby	0.29	0.63
500	0.29	0.59
incoming	0.29	0.61
brick	0.29	0.61
iirc	0.29	0.57
holts	0.29	0.64
effective	0.29	0.59
parts	0.29	1.43
guide	0.29	0.66
searching	0.29	0.63
ish	0.29	0.59
30	0.29	0.59
away	0.29	0.65
dad	0.29	0.91
boxes	0.29	0.57
l'atelier	0.29	0.58
atm	0.30	0.65
ginger	0.30	0.51
ad	0.30	0.61
band	0.30	1.48
bob	0.30	0.69
cabaiguan	0.30	0.63
transit	0.30	0.59
anonymous	0.30	0.60
chicago	0.30	0.63
upper	0.30	0.61
77	0.30	0.57
figure	0.30	0.92
supporting	0.30	0.59
section	0.30	0.69
spend	0.30	0.65
laid	0.30	0.60
re	0.30	1.09
college	0.30	0.68
build	0.30	0.61
pink	0.30	0.67
lotano	0.30	0.54
inclined	0.30	0.79
nope	0.30	1.06
carillo	0.30	0.60
weighs	0.30	0.56
joint	0.30	0.60
sells	0.30	0.61
hmm	0.30	0.84
mrs	0.30	0.56
photos	0.30	0.92
herfed	0.30	0.59
cg	0.30	0.57
came	0.30	0.60
treats	0.30	0.66
user	0.30	0.67
fest	0.30	0.63
established	0.30	0.61
camacho	0.30	0.54
60s	0.30	0.64
buying	0.30	0.78
cao	0.30	0.46
downtown	0.30	0.61
buffalo	0.30	0.56
subscribed	0.30	0.64
costs	0.30	0.60
fitting	0.30	0.66
cameroon	0.30	0.56
asap	0.31	0.73
prob	0.31	0.79
hangouts	0.31	0.66
grandfather	0.31	0.66
half	0.31	0.60
prize	0.31	0.91
staying	0.31	0.50
typically	0.31	0.57
stout	0.31	0.53
min	0.31	0.59
mailbox	0.31	0.65
wonders	0.31	0.58
passed	0.31	0.56
send	0.31	0.67
however	0.31	1.05
chatting	0.31	0.60
22	0.31	0.51
coffee	0.31	0.52
uzi	0.31	0.55
completely	0.31	1.24
6	0.31	0.63
features	0.31	0.54
tablet	0.31	0.64
dr	0.31	0.66
complexity	0.31	0.61
returning	0.31	0.63
ave	0.31	0.58
seem	0.31	0.82
ordering	0.31	0.65
dallas	0.32	0.61
kick	0.32	0.52
woody	0.32	0.75
swap	0.32	0.68
scissors	0.32	0.59
winning	0.32	0.70
sales	0.32	0.58
apologies	0.32	0.94
grad	0.32	0.70
passing	0.32	0.61
cutter	0.32	0.54
sides	0.32	0.60
older	0.32	0.61
made	0.32	0.71
grown	0.32	0.54
detail	0.32	0.60
started	0.32	0.53
fired	0.32	0.49
ale	0.32	0.52
2011	0.32	0.61
16	0.32	0.56
tennessee	0.32	0.59
pull	0.32	0.75
resting	0.32	0.72
ipcpr	0.32	0.54
about	0.32	0.84
halfwheel	0.32	0.62
porter	0.32	0.52
moon	0.32	0.59
toros	0.32	0.60
wild	0.32	0.50
when	0.32	0.93
dunno	0.32	0.95
b	0.32	0.66
official	0.32	0.68
how	0.32	0.97
cafe	0.32	0.55
storm	0.32	0.66
rent	0.32	0.57
tools	0.32	0.59
hilarious	0.32	1.16
tower	0.32	0.55
percentage	0.33	0.60
sites	0.33	0.61
introduction	0.33	0.62
seek	0.33	0.70
bourbon	0.33	0.51
leave	0.33	0.69
90s	0.33	0.64
42	0.33	0.62
release	0.33	0.56
browser	0.33	0.65
combination	0.33	0.63
search	0.33	0.65
switched	0.33	0.52
combo	0.33	0.69
gf	0.33	1.16
exclusivo	0.33	0.57
what	0.33	1.13
q	0.33	0.64
holt	0.33	0.60
cigarplace.biz	0.33	0.59
pizza	0.33	0.47
u/ogshua	0.33	0.90
beers	0.33	0.52
rounds	0.33	0.58
receipt	0.33	0.58
releases	0.33	0.55
1x	0.33	0.57
az	0.33	0.54
posted	0.33	0.64
36	0.33	0.56
season	0.33	0.67
president	0.33	0.57
requires	0.33	0.57
from	0.33	0.62
laphroaig	0.34	0.52
forever	0.34	0.69
released	0.34	0.56
tea	0.34	0.51
availability	0.34	0.57
saw	0.34	0.64
decide	0.34	0.83
cad	0.34	0.64
book	0.34	0.58
collector	0.34	0.58
ahead	0.34	0.73
ipa	0.34	0.51
stable	0.34	0.57
hail	0.34	0.59
although	0.34	0.87
wherever	0.34	0.72
bus	0.34	0.60
5er	0.34	0.57
brew	0.34	0.51
2x	0.34	0.57
sold	0.34	0.61
subs	0.34	0.68
checked	0.34	0.57
busy	0.34	0.85
graycliff	0.34	0.51
hunt	0.34	0.85
inches	0.34	0.61
discussing	0.34	0.69
amazon	0.34	0.49
want	0.34	0.89
more	0.34	0.67
drinks	0.34	0.51
whisky	0.34	0.51
chance	0.34	0.78
12	0.34	0.58
roof	0.35	0.59
regular	0.35	0.58
carefully	0.35	0.57
htf	0.35	0.60
rare	0.35	0.57
volume	0.35	0.56
fire	0.35	0.58
gomez	0.35	0.51
guessed	0.35	0.81
retail	0.35	0.60
antidote	0.35	0.56
10-15	0.35	0.61
drank	0.35	0.45
credit	0.35	0.63
edition	0.35	0.58
tech	0.35	0.56
rothschild	0.35	0.58
codes	0.35	0.64
missed	0.35	1.09
hooked	0.35	0.66
sell	0.35	0.68
standing	0.35	0.76
age	0.35	0.68
visit	0.35	0.60
discovered	0.35	0.75
passion	0.35	0.54
tobaccos	0.35	0.56
stumbled	0.35	0.54
clear	0.35	1.42
atlantic	0.35	0.55
could	0.35	0.89
sit	0.35	0.65
inventory	0.36	0.63
indoor	0.36	0.62
code	0.36	0.65
stays	0.36	0.53
sent	0.36	0.57
lmao	0.36	0.87
ct	0.36	0.56
prominent	0.36	0.64
girlfriend	0.36	1.12
creating	0.36	0.61
enter	0.36	0.69
even	0.36	0.94
dedicated	0.36	0.55
page	0.36	0.72
born	0.36	0.62
took	0.36	0.57
recently	0.36	1.22
smokin	0.36	0.66
set	0.36	0.70
grabbing	0.36	0.77
trip	0.36	0.56
sat	0.36	0.55
run	0.36	0.61
whiskey	0.36	0.51
contests	0.36	0.71
interest	0.36	0.61
45	0.36	0.56
ipad	0.37	0.62
improve	0.37	0.71
cost	0.37	0.60
85	0.37	0.52
lines	0.37	0.58
anejo	0.37	0.56
palina	0.37	0.57
batch	0.37	0.54
save	0.37	0.69
destruction	0.37	0.64
relaxing	0.37	0.56
roughly	0.37	0.58
sip	0.37	0.51
maintaining	0.37	0.54
starting	0.37	0.70
50/50	0.37	0.55
pictured	0.37	0.54
forgot	0.37	1.26
sticker	0.37	0.73
matt	0.37	0.57
getting	0.37	0.81
hoped	0.37	0.61
miles	0.37	0.57
honored	0.37	0.67
2010	0.37	0.63
pinar	0.37	0.53
312	0.37	0.62
anejos	0.37	0.56
island	0.37	0.52
chateau	0.37	0.55
throw	0.37	0.67
ranger	0.38	0.60
dashboard	0.38	0.63
bar	0.38	0.60
membership	0.38	0.58
coke	0.38	0.51
exactly	0.38	1.08
rcigars	0.38	0.64
sending	0.38	0.64
8	0.38	0.60
ship	0.38	0.57
attending	0.38	0.89
bombed	0.38	0.60
discount	0.38	0.63
losing	0.38	0.72
bnb	0.38	0.59
porn	0.38	0.63
description	0.38	1.41
bet	0.38	0.72
valuable	0.38	0.87
create	0.38	0.59
2012	0.38	0.56
often	0.38	0.68
allowing	0.38	0.59
only	0.38	1.33
lances	0.38	0.71
scared	0.38	0.98
toronto	0.38	0.60
1970	0.38	0.64
twenty	0.38	0.61
tesa	0.38	0.60
entering	0.38	0.63
dear	0.39	0.83
can	0.39	0.89
bam	0.39	0.61
positive	0.39	0.69
er	0.39	0.54
2008	0.39	0.62
current	0.39	0.65
manner	0.39	0.58
interested	0.39	1.09
hook	0.39	0.71
u/ngmcs8203	0.39	0.70
earn	0.39	0.60
fucker	0.39	0.81
clever	0.39	0.90
path	0.39	0.64
baitfish	0.39	0.55
left	0.39	0.80
much	0.39	0.71
puro	0.39	0.74
sigh	0.39	0.65
texture	0.39	0.66
reddit	0.39	0.65
played	0.39	0.79
provided	0.39	0.56
v	0.39	0.54
las	0.39	0.53
ecuador	0.39	0.57
understandable	0.39	0.97
candela	0.39	0.59
fina	0.40	0.56
neighbor	0.40	0.58
canadian	0.40	0.57
answers	0.40	0.95
5-pack	0.40	0.56
consistency	0.40	0.63
visiting	0.40	0.55
advertised	0.40	0.46
honduran	0.40	0.59
personal	0.40	0.63
corojo	0.40	0.58
antano	0.40	0.56
gorda	0.40	0.51
value	0.40	0.59
coupon	0.40	0.63
graduated	0.40	0.59
1-2	0.40	0.58
250	0.40	0.58
perhaps	0.40	0.76
damaged	0.40	0.61
paid	0.40	0.58
far	0.40	1.27
sister	0.40	0.84
warehouse	0.40	0.55
handful	0.40	0.77
mad	0.40	0.61
average	0.40	0.55
dinner	0.40	0.42
mind	0.40	0.88
inch	0.41	0.58
leads	0.41	0.59
production	0.41	0.55
permanent	0.41	1.17
upon	0.41	0.50
concern	0.41	0.72
lasts	0.41	0.59
includes	0.41	0.63
eventually	0.41	0.68
personally	0.41	0.73
reply	0.41	1.14
mar	0.41	0.68
events	0.41	0.59
read	0.41	0.64
ourselves	0.41	0.55
noobs	0.41	0.67
opportunity	0.41	0.75
details	0.41	0.80
pictures	0.41	0.83
found	0.41	0.77
lookout	0.41	0.97
sumatra	0.41	0.55
whenever	0.41	0.79
lets	0.41	0.79
trade	0.41	0.63
conversation	0.41	0.56
ways	0.41	0.65
lacking	0.42	0.63
fuente	0.42	0.55
stop	0.42	0.76
nicaraguan	0.42	0.58
4	0.42	0.62
disposable	0.42	0.63
id	0.42	0.82
arturo	0.42	0.55
hundred	0.42	0.60
serve	0.42	0.55
rough	0.42	0.81
extended	0.42	0.54
expecting	0.42	0.65
upvote	0.42	0.98
whats	0.42	0.74
chinese	0.42	0.52
dollars	0.42	0.57
drink	0.42	0.50
scotch	0.42	0.50
fee	0.42	0.60
happily	0.42	0.66
dc	0.42	0.61
pay	0.42	0.60
unlikely	0.42	0.55
let	0.42	0.85
criollo	0.42	0.57
calaveras	0.42	0.53
chairs	0.42	0.57
ci	0.42	0.57
2.5	0.42	0.61
hill	0.43	0.50
5-6	0.43	0.63
mb3	0.43	0.52
way	0.43	1.00
sunny	0.43	0.60
orders	0.43	0.56
lt	0.43	0.93
mystery	0.43	0.67
slice	0.43	0.53
mins	0.43	0.57
rio	0.43	0.55
purchases	0.43	0.56
jericho	0.43	0.52
po	0.43	0.56
progress	0.43	0.66
lowest	0.43	1.28
pics	0.43	1.02
within	0.43	0.58
large	0.43	0.57
shared	0.43	0.63
ending	0.43	0.61
shipping	0.43	0.57
thousands	0.43	0.60
otherwise	0.43	0.81
fuller	0.43	0.54
george	0.43	0.59
bound	0.43	0.63
unnamed	0.43	0.56
filler	0.43	0.58
mediocre	0.44	0.94
help	0.44	0.77
af	0.44	0.54
fillers	0.44	0.58
raise	0.44	0.60
binder	0.44	0.58
freefall	0.44	0.59
inspection	0.44	0.62
visible	0.44	0.58
priority	0.44	0.55
8-5-8	0.44	0.53
jdn	0.44	0.58
yesterday	0.44	0.72
10th	0.44	0.53
decision	0.44	0.62
pic	0.44	1.02
waited	0.44	0.58
able	0.44	0.88
drool	0.44	0.81
see	0.44	0.91
knew	0.44	0.69
tax	0.44	0.57
sampler	0.45	0.55
4-5	0.45	0.63
ep	0.45	0.49
iced	0.45	0.49
habano	0.45	0.54
charged	0.45	0.56
beer	0.45	0.49
nub	0.45	0.55
picked	0.45	0.56
perdomo	0.45	0.48
continue	0.45	0.66
carrillo	0.45	0.56
dying	0.45	0.78
forum	0.45	0.61
fish	0.45	0.54
manufacturer	0.45	0.60
goal	0.45	0.65
singles	0.45	0.60
hit	0.45	0.68
hangout	0.45	0.62
randomly	0.45	0.55
patient	0.45	0.64
smoking	0.45	0.60
verification	0.45	0.60
reputation	0.45	0.56
challenge	0.45	0.66
kicks	0.45	0.58
something	0.45	0.86
goes	0.46	0.84
duty	0.46	0.55
drinking	0.46	0.51
grab	0.46	0.70
858	0.46	0.54
havent	0.46	1.35
christ	0.46	0.81
3-5	0.46	0.61
duh	0.46	1.00
summer	0.46	0.59
terribly	0.46	0.67
spread	0.46	0.58
hour	0.46	0.56
comparison	0.46	0.79
spent	0.46	0.57
confirmation	0.46	0.60
goodies	0.46	0.63
arrange	0.46	0.74
labels	0.46	0.78
closer	0.46	0.55
oliva	0.46	0.57
fivers	0.46	0.56
available	0.46	0.63
sure	0.46	1.08
midwest	0.46	0.62
writing	0.46	0.65
ice	0.46	0.50
folk	0.46	0.57
make	0.46	0.86
leader	0.47	0.58
tight	0.47	0.59
winner	0.47	0.66
customers	0.47	0.53
famous	0.47	0.58
typed	0.47	0.96
serie	0.47	0.62
contains	0.47	0.60
mike	0.47	0.58
were	0.47	1.11
site	0.47	0.62
surprise	0.47	0.86
5-10	0.47	0.59
genesis	0.47	0.60
29	0.47	0.59
bought	0.47	0.63
gof	0.47	0.63
seller	0.47	0.55
tempted	0.47	0.76
lists	0.47	0.60
purchase	0.47	0.58
malt	0.47	0.52
buy	0.47	0.75
wait	0.47	0.80
stayed	0.47	0.53
years	0.47	0.60
ch	0.47	0.55
hero	0.47	0.53
butter	0.47	0.59
project	0.47	0.61
point	0.47	1.01
bring	0.47	0.67
fees	0.47	0.57
experience	0.47	0.54
hours	0.48	0.58
reserve	0.48	0.48
enough	0.48	0.81
lost	0.48	0.61
epernay	0.48	0.51
cut	0.48	0.50
times	0.48	0.66
lat	0.48	0.66
produced	0.48	0.56
program	0.48	0.68
decided	0.48	0.75
cask	0.48	0.51
four	0.48	0.55
masters	0.48	0.64
bare	0.48	0.65
speed	0.48	0.62
would	0.48	0.89
cigarmonster	0.48	0.58
dollar	0.48	0.57
3	0.48	0.62
humis	0.48	0.55
types	0.48	0.60
reviewed	0.48	0.81
forums	0.49	0.58
brave	0.49	0.65
paying	0.49	0.58
jim	0.49	0.56
fiver	0.49	0.52
amongst	0.49	0.63
bid	0.49	0.57
round	0.49	0.61
need	0.49	0.87
oscuro	0.49	0.55
theme	0.49	0.64
per	0.49	0.57
bucks	0.49	0.58
chris	0.49	0.69
involved	0.49	0.79
3-4	0.49	0.61
newb	0.50	0.68
signed	0.50	0.60
champagne	0.50	0.47
root	0.50	0.48
reaction	0.50	0.63
sources	0.50	0.65
stickers	0.50	0.91
2013	0.50	0.54
vast	0.50	0.74
us	0.50	0.73
trading	0.50	0.67
lurking	0.50	0.60
shot	0.50	0.67
prepare	0.50	0.63
purple	0.50	0.53
include	0.50	0.70
d	0.50	0.86
blades	0.50	0.48
parties	0.50	0.55
u/lastnightswoes	0.50	0.64
swag	0.50	0.68
cow	0.50	0.85
past	0.51	0.65
manager	0.51	0.58
win	0.51	0.70
prime	0.51	0.53
judging	0.51	0.69
smallbatch	0.51	0.56
peppery	0.51	0.73
still	0.51	0.96
places	0.51	0.63
2-3	0.51	0.60
tracking	0.51	0.59
u/mrsmallbatch	0.51	0.53
carlito	0.51	0.61
competition	0.51	0.59
sign	0.51	0.61
adventure	0.51	0.78
kristoff	0.51	0.56
actually	0.51	0.80
surprises	0.51	0.76
midnight	0.51	0.61
herfing	0.51	0.59
winnings	0.51	0.64
carlos	0.51	0.59
written	0.51	0.65
cg4	0.51	0.51
redditor	0.51	0.61
warms	0.51	0.64
wasted	0.51	0.51
might	0.51	0.86
dessert	0.52	0.48
suggest	0.52	0.67
jd	0.52	0.55
mocha	0.52	0.46
southern	0.52	0.64
groupon	0.52	0.56
life	0.52	1.26
service	0.52	0.57
reason	0.52	0.83
pass	0.52	0.63
smoother	0.52	0.58
35	0.52	0.50
comparing	0.52	0.58
babies	0.52	0.68
reference	0.52	0.89
oval	0.52	0.49
metal	0.52	0.60
snag	0.52	0.69
smoked	0.53	1.32
crowned	0.53	0.55
get	0.53	0.83
find	0.53	0.79
newbies	0.53	0.62
looked	0.53	0.63
firm	0.53	0.60
hype	0.53	0.70
up	0.53	0.73
think	0.53	0.90
heads	0.53	0.55
order	0.53	0.55
tried	0.53	1.28
profile	0.53	0.62
robustos	0.53	0.64
holds	0.53	0.57
mule	0.53	0.51
placed	0.53	0.52
traffic	0.53	0.54
high	0.53	0.55
cruise	0.53	0.57
nic	0.54	0.55
contribute	0.54	0.61
checking	0.54	0.60
write	0.54	0.72
held	0.54	0.67
explore	0.54	0.65
coming	0.54	0.93
lunch	0.54	0.51
individuals	0.54	0.58
na	0.54	0.87
beyond	0.54	0.66
went	0.54	0.55
1st	0.54	0.57
seems	0.54	1.02
small	0.54	0.48
approve	0.54	0.54
year	0.54	0.53
regardless	0.54	0.69
stock	0.54	0.64
go	0.54	0.83
subreddit	0.54	0.64
diet	0.54	0.51
meetup	0.54	0.63
hmmm	0.54	0.72
pending	0.55	0.60
surely	0.55	0.68
saved	0.55	0.61
naturals	0.55	0.43
superior	0.55	0.51
guns	0.55	0.58
pounds	0.55	0.57
connecticut	0.55	0.50
ago	0.55	0.61
ill	0.55	0.79
offering	0.55	0.52
afraid	0.55	0.93
figured	0.55	0.82
accepted	0.55	0.66
queen	0.55	0.53
rating	0.55	0.50
article	0.55	0.86
charge	0.56	0.56
maryland	0.56	0.62
easily	0.56	0.60
myself	0.56	0.76
probably	0.56	0.86
partial	0.56	0.54
around	0.56	0.78
should	0.56	0.89
shaman	0.56	0.57
mail	0.56	0.56
spring	0.56	0.59
drumstick	0.56	0.56
earthy	0.56	0.69
planning	0.56	0.81
herfs	0.57	0.61
cyb	0.57	0.56
flavor	0.57	0.66
will	0.57	0.86
regulars	0.57	0.54
turkey	0.57	0.52
may	0.57	0.88
meet	0.57	0.64
newer	0.57	0.51
couple	0.57	0.63
swing	0.57	0.65
map	0.57	0.65
r/cubancigars	0.57	0.71
kindly	0.57	0.77
users	0.57	0.62
back	0.57	0.71
specs	0.57	0.49
signature	0.57	0.48
house	0.58	0.54
months	0.58	0.62
thousand	0.58	0.56
setup	0.58	0.63
noir	0.58	0.48
choose	0.58	0.60
blog	0.58	0.66
reminding	0.58	0.69
2014	0.58	0.53
sale	0.58	0.55
remains	0.58	0.49
cigarbid	0.58	0.56
cbid	0.58	0.54
contents	0.58	0.54
samplers	0.58	0.56
coffin	0.58	0.54
contrast	0.58	0.58
bait	0.58	0.51
r/cigar	0.58	0.58
grabbed	0.58	0.56
date	0.58	0.77
range	0.58	0.54
officially	0.58	0.63
milder	0.58	0.53
fuentes	0.58	0.54
random	0.59	0.57
bombs	0.59	0.56
noticed	0.59	0.99
campus	0.59	0.59
flight	0.59	0.56
hmmmm	0.59	0.64
fight	0.59	0.64
handy	0.59	0.57
trades	0.59	0.58
participate	0.59	0.61
national	0.59	0.59
android	0.59	0.65
crotch	0.59	0.58
avo	0.59	0.57
baby	0.59	0.84
picky	0.59	1.11
problem	0.59	0.75
low	0.59	0.54
weeks	0.59	0.61
bacon	0.59	0.45
total	0.59	0.53
nutty	0.60	0.69
receive	0.60	0.59
offerings	0.60	0.53
once	0.60	0.70
over	0.60	0.64
actively	0.60	0.64
straight	0.60	0.52
thing	0.60	0.80
contest	0.60	0.88
business	0.60	0.56
they	0.60	0.89
finish	0.60	0.64
war	0.60	0.67
sharp	0.60	0.53
ordered	0.60	0.53
remembered	0.60	0.54
later	0.60	0.61
field	0.60	0.66
gifted	0.60	0.51
trying	0.60	0.84
boxed	0.60	0.58
inspired	0.61	0.60
nervous	0.61	0.78
sisters	0.61	0.63
thought	0.61	0.86
draw	0.61	0.60
lots	0.61	0.66
packages	0.61	0.55
reserves	0.61	0.67
few	0.61	0.62
recommend	0.61	0.62
buttery	0.61	0.67
hang	0.61	0.61
minutes	0.61	0.51
7th	0.61	0.59
extras	0.61	0.58
them	0.61	0.77
shift	0.61	0.59
sooner	0.62	0.59
least	0.62	0.65
3000	0.62	0.53
try	0.62	0.82
recipient	0.62	0.58
boys	0.62	0.67
rest	0.62	0.66
maria	0.62	0.61
milk	0.62	0.48
wave	0.62	0.56
bummer	0.62	0.91
boy	0.62	0.84
ecuadorian	0.62	0.54
2015	0.62	0.58
minimum	0.62	0.54
last	0.62	0.60
deals	0.62	0.55
buck	0.62	0.60
after	0.62	0.54
town	0.63	0.62
brazilian	0.63	0.54
alive	0.63	0.71
view	0.63	0.59
reading	0.63	0.64
delivery	0.63	0.55
someday	0.63	0.77
continues	0.63	0.54
fathers	0.63	0.55
overly	0.63	0.65
budget	0.63	0.55
comrade	0.63	0.61
da	0.63	0.79
viaje	0.63	0.57
finished	0.63	0.45
including	0.63	0.51
creative	0.63	0.76
pick	0.63	0.74
leaf	0.64	0.48
share	0.64	0.56
mow	0.64	0.63
increased	0.64	0.54
heading	0.64	0.60
various	0.64	0.57
approved	0.64	0.73
santa	0.64	0.73
u/lakart	0.64	0.52
fits	0.64	0.53
herf	0.64	0.62
ones	0.64	0.65
actual	0.64	0.55
people	0.64	0.63
measure	0.64	1.22
ll	0.64	0.83
artist	0.64	0.51
maybe	0.64	0.80
lineup	0.64	0.57
participating	0.64	0.61
lovely	0.64	1.47
revisit	0.64	0.75
2000	0.64	0.53
fuego	0.65	0.53
ideas	0.65	0.68
training	0.65	0.61
g	0.65	0.58
each	0.65	0.58
steve	0.65	0.48
serves	0.65	0.52
hosting	0.65	0.63
price	0.65	0.55
finding	0.66	0.70
props	0.66	0.65
granted	0.66	0.58
degree	0.66	0.63
then	0.66	0.80
u/d_r0ck	0.66	0.57
pinolero	0.66	0.56
or	0.66	0.68
return	0.66	0.60
mid	0.66	0.58
padrons	0.66	0.55
list	0.66	0.84
melanio	0.66	0.51
quiche	0.66	1.02
planned	0.66	0.63
pricing	0.66	0.59
crossed	0.66	0.62
short	0.66	0.51
cain	0.67	0.56
give	0.67	0.76
sense	0.67	1.07
knowledgeable	0.67	0.60
schedule	0.67	0.60
lurker	0.67	0.60
its	0.67	0.93
ps	0.67	0.85
26	0.67	0.52
illusione	0.67	0.60
hands	0.67	0.61
break	0.67	0.64
hearing	0.67	0.65
we	0.67	0.78
delivered	0.67	0.55
u/sequenc3	0.67	0.58
sidebar	0.67	0.67
waiting	0.67	0.62
natural	0.67	0.48
ready	0.67	0.79
dudes	0.67	0.49
andres	0.67	0.51
stogie	0.67	0.47
knowledge	0.67	0.62
out	0.67	0.73
pappy	0.67	0.59
child	0.67	0.68
now	0.68	1.02
5th	0.68	0.60
stuffed	0.68	0.52
pairings	0.68	0.51
come	0.68	0.74
lem	0.68	0.71
options	0.68	0.62
provide	0.68	0.68
joining	0.68	0.71
guy	0.69	0.69
everyone	0.69	0.69
shipped	0.69	0.53
student	0.69	0.65
verified	0.69	0.59
days	0.69	0.54
hoping	0.69	0.81
jobs	0.69	0.62
agreement	0.69	0.61
comfortable	0.69	0.61
calm	0.69	0.57
ta	0.69	0.76
plus	0.69	0.57
another	0.70	0.78
custom	0.70	0.62
beef	0.70	0.41
every	0.70	0.55
eye	0.70	0.61
steep	0.70	0.74
lastly	0.70	0.57
certainly	0.70	0.74
ooh	0.70	0.51
u/squidot	0.70	0.52
6th	0.71	0.60
own	0.71	0.53
strangers	0.71	0.57
64	0.71	0.51
zack	0.71	0.65
virtue	0.71	0.66
quite	0.71	0.66
sneaky	0.71	0.66
different	0.71	0.58
throughout	0.71	0.55
nevermind	0.71	0.91
im	0.71	0.90
whore	0.71	0.65
heavy	0.71	0.51
info	0.71	0.85
radar	0.71	0.62
bombing	0.71	0.58
reviews	0.71	0.61
wiki	0.71	0.67
sick	0.71	0.71
whatever	0.71	0.68
until	0.71	0.60
quality	0.72	0.49
several	0.72	0.59
razor	0.72	0.50
lfds	0.72	0.70
which	0.72	0.92
entry	0.72	0.70
satisfied	0.72	0.63
present	0.72	0.59
lance	0.72	0.58
sayin	0.72	0.83
during	0.72	0.54
spectrum	0.72	0.48
irish	0.72	0.47
organized	0.72	0.62
monthly	0.72	0.59
event	0.72	0.55
sometime	0.72	0.72
hemingway	0.72	0.53
fond	0.72	0.51
1926	0.72	0.52
picture	0.72	0.92
feb	0.72	0.59
handled	0.72	0.71
appealing	0.73	0.89
most	0.73	1.23
goddamn	0.73	0.87
chunk	0.73	0.55
u/immortalmortician	0.73	0.55
tray	0.73	0.57
u/thetortureneverstops	0.73	0.54
needless	0.73	0.56
shipment	0.73	0.54
u/speedgeek	0.73	0.60
projects	0.73	0.60
easy	0.73	0.59
aww	0.73	0.79
package	0.73	0.54
dan	0.73	0.53
human	0.73	0.55
group	0.73	0.54
delayed	0.73	0.58
uncle	0.73	0.79
courtesy	0.74	0.59
fairly	0.74	0.60
stocking	0.74	0.59
april	0.74	0.58
exchange	0.74	0.48
graduate	0.74	0.63
semester	0.74	0.64
reminder	0.74	0.68
certain	0.74	0.58
others	0.74	0.67
close	0.74	0.65
6000	0.74	0.50
skinny	0.74	0.67
received	0.74	0.53
super	0.74	0.76
anytime	0.75	0.67
broadleaf	0.75	0.52
check	0.75	0.67
thin	0.75	0.50
february	0.75	0.54
plan	0.75	0.73
redditors	0.75	0.58
ruination	0.75	0.66
fortunate	0.75	0.69
recommendations	0.75	0.65
expensive	0.75	0.53
response	0.75	0.85
bastards	0.75	0.73
acceptable	0.75	0.59
devil	0.75	0.63
1964	0.75	0.50
jack	0.75	0.55
soon	0.75	0.76
home	0.76	0.53
explanation	0.76	0.68
active	0.76	0.57
usually	0.76	0.54
atmosphere	0.76	0.52
earlier	0.76	0.90
successful	0.76	0.93
numerous	0.76	0.54
wonderfully	0.76	0.61
september	0.76	0.54
lounge	0.76	0.50
ton	0.76	0.53
flavors	0.76	0.54
padron	0.76	0.50
honeymoon	0.76	0.49
reflect	0.76	0.55
delicate	0.76	0.53
shocked	0.77	0.60
daughter	0.77	0.74
bang	0.77	0.57
reaching	0.77	0.57
ss	0.77	0.57
stocked	0.77	0.48
lord	0.77	0.63
99	0.77	0.48
88	0.77	0.54
limited	0.77	0.46
brothers	0.77	0.55
33	0.77	0.58
suggestions	0.77	0.81
become	0.77	0.57
nights	0.77	0.53
geez	0.77	0.79
fav	0.77	0.53
u/tobaccowhacko	0.78	0.55
cotm	0.78	0.47
u/nevadowatitdo	0.78	0.55
beautifully	0.78	0.58
shall	0.78	0.63
sacrifice	0.78	0.67
auction	0.78	0.49
bunch	0.78	0.64
o	0.78	0.64
latest	0.78	0.61
stash	0.78	0.56
guess	0.79	0.96
selections	0.79	0.47
noted	0.79	0.73
killer	0.79	1.49
gon	0.79	0.80
receiving	0.79	0.55
seconded	0.79	0.70
blown	0.79	0.63
whoops	0.79	1.08
darker	0.79	0.52
phase	0.79	0.60
keep	0.80	0.59
grove	0.80	0.46
multiple	0.80	0.55
u/polishprince81	0.80	0.56
story	0.80	0.52
friendly	0.80	0.60
u/rawkstarinjapan	0.80	0.53
goatcan	0.80	0.63
paging	0.80	0.57
things	0.80	0.62
bold	0.80	0.61
wars	0.80	0.57
week	0.80	0.54
arrive	0.80	0.56
tradition	0.80	0.52
surprised	0.80	0.54
minnesota	0.80	0.52
our	0.81	0.49
usps	0.81	0.54
chosen	0.81	0.51
creamy	0.81	0.63
upvoted	0.81	0.72
eyeing	0.81	1.00
month	0.81	0.52
definitely	0.81	0.80
maduro	0.81	0.50
fair	0.81	0.67
92	0.81	0.42
intro	0.81	0.48
series	0.81	0.53
occasions	0.82	0.54
recommendation	0.82	0.72
brickhouse	0.82	0.47
ditto	0.82	0.67
march	0.82	0.55
u/goatcan	0.82	0.55
til	0.82	0.60
till	0.82	0.60
detailed	0.82	0.70
friend	0.82	0.81
u/mrpeterandthepuffers	0.82	0.55
digging	0.83	0.55
bomber	0.83	0.58
as	0.83	0.79
u/johndalton44	0.83	0.53
session	0.83	0.51
comparable	0.83	0.49
u/mynamesnotdan	0.83	0.55
appreciation	0.83	0.58
future	0.83	0.78
kidding	0.83	0.93
darn	0.83	0.72
staff	0.84	0.47
botls	0.84	0.50
u/rssa	0.84	0.55
beginner	0.84	0.51
particularly	0.84	0.58
u/bignikistyle	0.85	0.55
wrappers	0.85	0.46
albeit	0.85	0.53
november	0.85	0.53
woo	0.85	0.71
am	0.85	0.69
reviewing	0.85	0.65
bomb	0.85	0.55
monday	0.85	0.56
finishing	0.85	0.47
yo	0.86	1.00
next	0.86	0.65
continuing	0.86	0.49
tgw	0.86	0.66
preferred	0.86	0.82
amount	0.86	0.54
snap	0.86	0.84
tuesday	0.86	0.56
olivia	0.86	0.48
medium-full	0.86	0.47
ash	0.86	0.49
vacation	0.86	0.59
noise	0.87	0.60
joined	0.87	0.57
wanting	0.87	0.59
secret	0.87	0.61
finally	0.87	0.56
princess	0.87	0.49
design	0.87	0.66
shipments	0.87	0.55
folks	0.87	0.55
morning	0.88	0.56
popular	0.88	0.45
dam	0.88	0.81
hauls	0.88	0.77
mini	0.88	0.56
fyi	0.89	0.58
mine	0.89	0.68
place	0.89	0.66
currently	0.89	0.64
tooth	0.89	0.55
wednesday	0.89	0.56
similar	0.89	0.83
kinds	0.89	0.51
output	0.89	0.57
b/sotl	0.89	0.57
holiday	0.89	0.67
got	0.89	0.57
too	0.90	0.72
afternoon	0.90	0.57
everybody	0.90	0.68
piece	0.90	0.53
eh	0.90	1.01
powerful	0.90	0.54
blind	0.90	0.52
october	0.91	0.57
friends	0.91	0.56
hemingways	0.91	0.49
blacks	0.91	0.53
port	0.91	0.44
x000	0.91	0.52
pair	0.91	0.41
fuckin	0.91	1.02
time	0.91	0.64
neat	0.91	0.75
mmmmmm	0.91	0.44
holder	0.91	0.55
reliable	0.91	0.53
son	0.92	0.90
reward	0.92	0.55
mellow	0.92	0.60
u/mgcrunch	0.92	0.53
advice	0.92	0.79
headed	0.92	0.55
working	0.92	0.67
hahah	0.92	0.66
lanceros	0.92	0.56
consensus	0.92	0.57
evening	0.92	0.57
lot	0.93	0.55
there	0.93	0.78
fox	0.93	0.50
also	0.94	0.85
pumped	0.94	0.61
today	0.94	0.52
along	0.94	0.43
tomorrow	0.94	0.60
priced	0.94	0.51
whacko	0.94	0.65
cigars	0.94	0.65
input	0.94	0.71
greatly	0.94	0.64
steady	0.94	0.44
taxes	0.94	0.52
night	0.94	0.56
quesada	0.95	0.52
jade	0.95	0.50
favorites	0.95	0.93
sauce	0.95	0.38
january	0.95	0.57
madness	0.95	0.70
goodness	0.95	0.53
mr	0.95	0.61
support	0.95	0.56
plenty	0.96	0.58
headley	0.96	0.99
noon	0.96	0.60
packed	0.96	0.47
thursday	0.96	0.58
grange	0.96	1.00
wrapper	0.96	0.50
honesty	0.96	0.67
stories	0.96	0.87
plans	0.97	0.70
nubs	0.97	0.49
join	0.97	0.58
80th	0.97	0.51
relatively	0.97	0.56
readily	0.97	0.45
convenient	0.97	0.69
art	0.97	0.52
career	0.97	0.54
hi	0.97	0.70
family	0.98	0.62
variety	0.98	0.46
quick	0.98	0.56
offer	0.98	0.61
information	0.98	0.59
weekends	0.98	0.54
veins	0.99	0.51
whoa	0.99	0.74
full	0.99	0.47
andrew	0.99	0.56
drooling	0.99	0.58
tip	0.99	0.60
ahh	0.99	0.93
tho	0.99	0.49
goldies	1.00	0.48
extremely	1.00	0.58
tips	1.00	0.62
though	1.00	0.69
incredibly	1.00	0.66
sunday	1.00	0.59
hopefully	1.00	0.71
suggestion	1.00	0.78
contributing	1.00	0.57
p.s	1.01	0.91
20th	1.01	0.54
bodied	1.01	0.45
balanced	1.02	0.53
friday	1.02	0.57
thoroughly	1.02	0.41
buddies	1.02	0.60
three	1.02	0.53
dangerous	1.02	0.92
providing	1.03	0.52
tonight	1.03	0.65
rich	1.03	0.53
july	1.03	0.63
december	1.03	0.58
june	1.04	0.60
enjoyable	1.04	0.51
worked	1.04	0.47
colored	1.04	0.55
community	1.05	0.51
outta	1.05	0.94
special	1.05	0.52
seeing	1.06	0.63
useful	1.06	0.56
august	1.06	0.60
anniversary	1.06	0.51
really	1.06	0.66
works	1.07	0.59
counts	1.07	0.56
sub	1.07	0.53
deal	1.07	0.60
yep	1.07	0.96
tw	1.07	0.64
welcoming	1.08	0.52
u/shadowbates	1.08	0.51
terrific	1.08	1.29
hahaha	1.08	0.94
40th	1.09	0.55
compliment	1.09	0.49
full-bodied	1.09	0.45
aw	1.09	0.85
meeting	1.09	0.54
nah	1.09	0.76
sound	1.10	0.79
yum	1.10	0.51
upcoming	1.10	0.71
insanely	1.10	0.58
chief	1.10	0.54
perfectly	1.10	0.45
member	1.10	0.54
hello	1.10	0.58
members	1.10	0.53
boom	1.10	0.57
strength	1.11	0.44
helping	1.11	0.54
19th	1.11	0.64
smokey	1.11	0.36
stuff	1.11	0.57
two	1.11	0.51
clarification	1.12	0.74
u/provocajade	1.12	0.38
score	1.13	0.51
tits	1.13	0.75
u/iturn	1.13	0.64
these	1.13	0.57
informative	1.14	0.59
god	1.14	0.91
honor	1.14	0.60
anyway	1.14	0.85
worthy	1.15	0.56
many	1.15	0.52
aotm	1.15	0.49
resource	1.15	0.49
other	1.15	0.51
here	1.16	0.61
prince	1.16	0.51
r/cigars	1.16	0.51
assortment	1.16	0.43
alley	1.16	0.90
late	1.17	0.62
mild	1.17	0.49
lbs	1.17	0.51
mighty	1.17	0.56
cigar	1.17	0.52
together	1.17	0.56
gotcha	1.17	0.79
earned	1.17	0.62
liked	1.17	0.67
hungry	1.18	0.89
gentlemen	1.18	0.51
uh	1.18	0.76
work	1.18	0.61
very	1.19	0.51
saturday	1.19	0.59
wooden	1.19	0.42
spicy	1.19	0.49
looking	1.19	0.75
body	1.19	0.45
feedback	1.19	0.60
exciting	1.19	0.77
chocolatey	1.19	0.50
hahahaha	1.20	0.82
saving	1.20	0.57
winners	1.20	0.62
performance	1.20	0.40
robust	1.20	0.44
paired	1.20	0.35
u/alligator_gar	1.20	0.45
sticks	1.20	0.50
shout	1.20	0.53
enjoying	1.21	0.49
spreading	1.21	0.55
boot	1.21	0.39
genius	1.21	0.80
club	1.21	0.54
eager	1.21	0.61
insight	1.21	0.62
weight	1.22	0.58
consistently	1.22	0.40
weekend	1.22	0.61
packaged	1.22	0.56
simple	1.22	0.58
u/wedgewoodrings	1.23	0.47
early	1.23	0.61
dark	1.23	0.43
thoughts	1.23	0.47
strong	1.23	0.46
everyday	1.23	0.41
thick	1.24	0.43
damned	1.24	0.67
nicely	1.24	0.47
crunch	1.25	0.53
jelly	1.25	0.75
consistent	1.25	0.41
prices	1.26	0.43
dream	1.26	0.48
loving	1.26	0.61
all	1.26	0.69
starter	1.26	0.37
pleasantly	1.27	0.56
helpful	1.27	0.52
bastard	1.27	0.60
overall	1.28	0.35
anyways	1.28	0.72
efforts	1.28	0.39
constructed	1.29	0.43
pigtail	1.29	0.46
deserving	1.30	0.53
beginners	1.30	0.41
awesomeness	1.30	0.51
equally	1.30	0.48
ah	1.31	0.84
construction	1.31	0.48
review	1.31	0.46
amazed	1.31	0.45
goat	1.31	0.57
pairing	1.31	0.34
ouch	1.31	0.69
em	1.32	0.63
selection	1.32	0.44
mild-medium	1.32	0.39
reasonable	1.33	0.38
gar	1.33	0.46
idea	1.33	0.61
go-to	1.33	0.70
fellow	1.34	0.49
p	1.34	0.81
oz	1.34	0.51
impressed	1.35	0.48
holidays	1.35	0.86
pretty	1.35	0.64
blast	1.35	0.71
marriage	1.35	0.58
collection	1.36	0.50
bachelor	1.36	0.60
shad	1.36	0.63
your	1.37	0.59
gift	1.37	0.45
yea	1.37	0.79
inexpensive	1.37	0.36
medium	1.38	0.38
appreciate	1.38	0.64
ashtrays	1.38	0.43
nailed	1.38	0.71
stick	1.38	0.46
flavorful	1.38	0.41
addition	1.38	0.43
everything	1.38	0.62
huh	1.39	0.64
4th	1.39	0.82
color	1.40	0.51
thorough	1.40	0.49
birth	1.40	0.72
okay	1.40	0.71
bravo	1.40	0.53
act	1.40	0.45
sentiment	1.40	0.76
unexpected	1.40	0.66
brown	1.41	0.43
amazingly	1.41	0.38
seriousness	1.41	0.78
soooo	1.41	0.49
wish	1.41	0.55
noice	1.42	0.60
affordable	1.42	0.34
minimal	1.42	0.56
their	1.42	0.35
sooo	1.42	0.53
oily	1.42	0.42
ridiculously	1.43	0.46
champ	1.43	0.50
shade	1.44	0.38
18th	1.44	0.61
heh	1.44	0.61
amen	1.45	0.59
true	1.46	0.61
mega	1.47	0.67
unique	1.47	0.33
cheap	1.47	0.34
y'all	1.48	0.54
tons	1.48	0.38
stay	1.48	0.47
especially	1.48	0.38
dang	1.49	0.58
kindness	1.50	0.48
oh	1.50	0.81
organizing	1.50	0.71
appearance	1.51	0.37
wealth	1.51	0.58
heck	1.52	0.65
yup	1.52	0.63
christmas	1.53	0.81
spot	1.54	0.64
well	1.54	0.49
fold	1.54	0.52
toothy	1.54	0.38
memorable	1.54	0.44
proud	1.54	0.63
sorry	1.55	0.71
pairs	1.55	0.30
surprisingly	1.55	0.35
excited	1.56	0.69
smoke	1.56	0.41
included	1.56	0.55
thanksgiving	1.57	0.80
thats	1.57	0.79
presentation	1.57	0.34
ridiculous	1.57	0.54
botl	1.58	0.44
pleased	1.59	0.57
labor	1.59	0.54
complex	1.59	0.33
treat	1.59	0.63
ahhh	1.60	0.55
always	1.60	0.48
lonsdales	1.60	0.67
dig	1.61	0.56
lol	1.61	0.78
again	1.61	0.54
favorite	1.62	0.57
highly	1.62	0.44
holy	1.63	0.75
salami	1.63	0.47
guys	1.63	0.48
tempting	1.63	0.44
graduation	1.64	0.52
woah	1.64	0.60
journey	1.64	0.42
flawless	1.65	0.33
new	1.65	0.34
sexy	1.65	0.55
smokes	1.65	0.32
grateful	1.66	0.55
healthy	1.66	0.63
pleasant	1.66	0.60
occasion	1.66	0.43
worries	1.66	0.65
drumsticks	1.67	0.58
arrived	1.67	0.47
gifts	1.68	0.55
hah	1.69	0.60
ok	1.69	0.54
haha	1.69	0.60
damn	1.70	0.79
dat	1.70	0.47
wedding	1.70	0.54
choices	1.70	0.37
yay	1.71	0.46
alright	1.71	0.57
21st	1.71	0.71
day	1.71	0.68
nonetheless	1.71	0.47
generosity	1.72	0.38
party	1.72	0.72
done	1.72	0.51
deserve	1.73	0.46
thoughtful	1.74	0.45
satisfying	1.75	0.42
some	1.75	0.52
10/10	1.75	0.28
an	1.76	0.53
lucky	1.77	0.53
mmmmm	1.77	0.43
ha	1.77	0.57
lookin	1.77	0.44
cake	1.78	0.62
look	1.78	0.52
ya	1.79	0.61
yes	1.79	0.63
rustic	1.79	0.45
dude	1.80	0.72
crazy	1.80	0.50
ashtray	1.80	0.39
both	1.81	0.31
hell	1.81	0.70
smooth	1.82	0.48
interesting	1.83	0.48
mmm	1.84	0.40
bday	1.84	0.67
seriously	1.84	0.67
maduros	1.84	0.48
appreciated	1.85	0.49
sounds	1.86	0.52
loss	1.87	0.56
brilliant	1.87	0.39
enjoyed	1.88	0.30
yours	1.88	0.46
reasonably	1.88	0.29
thankful	1.88	0.32
dem	1.89	0.41
recovery	1.89	0.40
deserved	1.90	0.48
celebrating	1.90	0.61
yeah	1.90	0.55
generous	1.91	0.43
pal	1.91	0.53
aboard	1.93	0.40
forward	1.93	0.49
fun	1.93	0.40
heaven	1.93	0.31
merry	1.93	0.57
badass	1.96	0.43
yummy	1.97	0.32
news	1.97	0.58
such	1.98	0.34
freakin	1.99	0.49
wishing	1.99	0.48
freaking	1.99	0.53
classy	2.00	0.54
mmmm	2.01	0.27
agreed	2.02	0.31
promotion	2.02	0.52
notch	2.04	0.28
mate	2.04	0.44
birthday	2.04	0.54
delightful	2.04	0.23
toanz	2.05	0.37
buddy	2.07	0.47
epic	2.07	0.32
gesture	2.08	0.39
truly	2.08	0.30
celebrate	2.08	0.48
kudos	2.08	0.40
looks	2.08	0.43
unbelievable	2.09	0.38
celebration	2.11	0.43
thanks	2.11	0.42
perfect	2.11	0.24
condolences	2.12	0.42
man	2.13	0.42
wishes	2.13	0.43
sir	2.13	0.39
absolutely	2.13	0.29
cool	2.13	0.41
nik	2.14	0.35
bro	2.14	0.44
glad	2.15	0.42
safely	2.15	0.39
choice	2.16	0.18
jealous	2.17	0.39
haul	2.17	0.44
sharing	2.17	0.27
spectacular	2.17	0.24
wow	2.17	0.44
stoked	2.18	0.40
thank	2.18	0.34
decent	2.18	0.20
celebratory	2.19	0.35
luck	2.19	0.38
brotha	2.20	0.41
grats	2.21	0.34
fine	2.21	0.28
stellar	2.22	0.23
bud	2.23	0.39
job	2.24	0.32
pleasure	2.25	0.34
impressive	2.25	0.34
insane	2.26	0.22
hear	2.26	0.34
hey	2.26	0.37
cheers	2.28	0.37
hope	2.28	0.33
safe	2.28	0.31
outstanding	2.28	0.16
brother	2.28	0.36
gorgeous	2.29	0.17
phenomenal	2.29	0.15
welcome	2.29	0.34
those	2.31	0.20
congratulations	2.32	0.32
btw	2.33	0.25
indeed	2.33	0.21
good	2.33	0.16
congrats	2.37	0.27
incredible	2.38	0.14
tasty	2.39	0.13
beautiful	2.39	0.15
delicious	2.40	0.12
solid	2.40	0.12
great	2.42	0.12
excellent	2.44	0.10
enjoy	2.45	0.19
wonderful	2.45	0.11
