equally	-4.61	1.44
trans	-4.07	2.31
threatened	-4.07	2.07
permapearled	-4.04	2.41
constant	-3.96	2.10
wants	-3.93	2.76
lying	-3.84	3.24
thinks	-3.80	2.37
sucks	-3.78	1.25
sees	-3.74	2.62
wonder	-3.73	2.45
tells	-3.72	2.40
harassed	-3.70	2.17
utterly	-3.68	1.86
offensive	-3.68	1.66
microsoft	-3.62	2.09
excessive	-3.54	1.98
deserves	-3.53	2.18
arms	-3.52	2.19
accused	-3.46	2.37
spanish	-3.42	2.03
preventing	-3.32	2.07
lsif	-3.29	2.47
possibility	-3.27	2.28
whom	-3.26	2.61
boring	-3.26	2.41
criticism	-3.23	2.33
piss	-3.20	2.46
violent	-3.17	2.47
admit	-3.13	2.19
popular	-3.08	2.21
irony	-3.08	2.51
remains	-3.02	2.62
treat	-2.97	2.12
supposedly	-2.96	2.57
worse	-2.91	2.86
ridiculous	-2.91	1.89
wave	-2.89	2.45
describe	-2.89	2.57
green	-2.88	2.39
targeted	-2.88	2.57
gay	-2.83	2.42
listen	-2.78	2.56
racism	-2.77	2.51
berge	-2.76	2.29
lie	-2.76	3.28
black	-2.75	2.48
among	-2.72	2.76
against	-2.72	2.89
male	-2.68	2.56
implementation	-2.67	2.28
calling	-2.65	2.36
truth	-2.65	2.73
excuse	-2.63	2.13
potato	-2.62	2.28
destruction	-2.62	2.67
shits	-2.60	2.03
secretly	-2.59	2.57
allio	-2.58	2.33
90	-2.56	2.72
alternative	-2.54	2.57
insult	-2.47	2.47
language	-2.46	1.82
deserved	-2.45	2.35
theres	-2.43	2.69
pathetic	-2.42	2.35
slurs	-2.40	1.75
most	-2.39	3.12
anger	-2.38	2.87
roll	-2.38	2.42
charge	-2.35	2.77
accusing	-2.34	3.49
nazis	-2.34	2.29
bloody	-2.30	2.26
casual	-2.29	2.61
matta	-2.29	2.63
terribly	-2.28	2.88
annoying	-2.27	2.48
towards	-2.26	2.94
directed	-2.25	2.83
racist	-2.25	2.18
attitude	-2.24	2.58
scene	-2.24	2.48
upset	-2.20	3.07
speech	-2.19	2.87
telling	-2.19	3.14
admitted	-2.17	2.03
poorly	-2.17	2.57
jokes	-2.17	2.20
ruse	-2.16	2.23
outcome	-2.14	2.62
denying	-2.12	3.30
guilty	-2.12	3.24
hatred	-2.12	2.91
racial	-2.12	2.05
stories	-2.11	2.75
shitty	-2.10	2.35
nazi	-2.10	2.35
paint	-2.09	2.20
evil	-2.08	2.83
badly	-2.07	2.12
harassing	-2.06	2.02
service	-2.04	2.55
common	-2.04	2.40
mention	-2.03	3.60
harass	-2.03	1.80
imagine	-2.03	2.75
disgusting	-2.01	1.87
cheap	-1.99	2.40
ugh	-1.98	2.42
alternate	-1.97	2.65
compared	-1.96	2.75
wage	-1.95	2.63
whether	-1.95	3.75
insulting	-1.90	1.93
proven	-1.90	1.99
identify	-1.88	1.97
burning	-1.87	2.97
knowing	-1.87	3.81
difference	-1.86	3.75
worthy	-1.84	2.49
threaten	-1.82	2.32
calls	-1.81	1.79
inherently	-1.81	1.87
strange	-1.78	1.97
lied	-1.78	2.25
morally	-1.78	3.69
admitting	-1.78	2.37
threats	-1.75	1.79
anybody	-1.74	2.99
messed	-1.74	2.93
pays	-1.74	2.13
harassment	-1.73	1.75
considering	-1.73	2.38
gets	-1.70	2.65
told	-1.69	3.11
gender	-1.69	1.78
keeps	-1.68	1.78
constantly	-1.68	1.85
childish	-1.68	1.52
mobile	-1.68	2.44
criminal	-1.67	1.94
nobody	-1.65	3.40
both	-1.65	2.49
women	-1.64	1.58
freedom	-1.63	2.92
unpearled	-1.63	2.18
released	-1.63	2.43
sex	-1.61	1.97
committed	-1.61	2.05
messaged	-1.60	2.25
permapearling	-1.60	1.90
pearled	-1.58	2.42
denied	-1.57	2.07
deserve	-1.57	2.29
somebody	-1.57	3.06
betrayed	-1.57	1.71
freed	-1.56	2.29
hypocritical	-1.55	1.90
else	-1.55	3.80
obviously	-1.53	4.14
cares	-1.52	2.82
asked	-1.52	3.03
likes	-1.51	2.62
referring	-1.49	3.96
vaulted	-1.49	2.27
crime	-1.48	2.07
aggression	-1.48	1.99
tries	-1.48	2.17
treatment	-1.48	1.65
repeatedly	-1.48	2.19
holds	-1.46	1.93
handle	-1.46	2.07
hypocrite	-1.45	3.50
justified	-1.45	3.65
kill	-1.45	2.89
ends	-1.44	1.68
hire	-1.44	1.92
speak	-1.44	2.31
clearly	-1.43	4.01
wanted	-1.42	3.58
behavior	-1.42	1.55
knows	-1.41	2.62
pointing	-1.41	2.92
guilt	-1.41	2.20
none	-1.40	2.94
associate	-1.40	1.84
justification	-1.39	1.94
hunt	-1.39	2.12
upvote	-1.38	2.44
poor	-1.38	2.27
toxic	-1.38	1.50
same	-1.37	4.56
offers	-1.36	1.77
described	-1.36	2.51
commit	-1.36	2.07
spoke	-1.36	2.13
misunderstanding	-1.35	2.33
shady	-1.35	3.28
openly	-1.34	1.86
requested	-1.33	2.25
alt-banned	-1.33	2.21
assault	-1.32	1.86
theft	-1.32	2.00
immature	-1.31	1.80
knew	-1.31	4.70
says	-1.31	2.77
publicly	-1.31	1.90
implying	-1.31	2.67
justify	-1.30	2.68
by	-1.30	2.78
female	-1.29	1.93
goddamn	-1.29	2.67
speaking	-1.29	1.95
murder	-1.29	1.88
slur	-1.28	1.90
instantly	-1.28	1.93
crimes	-1.28	2.18
guard	-1.28	1.68
ignorant	-1.27	1.65
prove	-1.26	2.45
continuing	-1.25	1.74
stealing	-1.25	2.36
trolling	-1.25	2.23
heavily	-1.25	1.55
explicitly	-1.25	2.12
rude	-1.25	1.83
exciting	-1.24	2.86
complaining	-1.24	3.21
hunted	-1.24	2.40
blame	-1.24	2.09
attacks	-1.23	2.13
perma	-1.23	2.34
communicate	-1.23	2.04
puts	-1.23	2.00
convenient	-1.22	2.86
roughly	-1.22	1.61
occasions	-1.21	2.32
chosen	-1.21	1.81
plays	-1.20	2.32
whoa	-1.19	2.47
needs	-1.19	2.45
liar	-1.19	2.43
subjective	-1.18	2.09
raided	-1.18	1.99
charges	-1.18	2.21
concerned	-1.18	3.82
bored	-1.17	2.34
article	-1.17	2.01
captured	-1.17	2.04
previously	-1.17	2.54
violence	-1.17	2.06
nothing	-1.17	4.91
has	-1.16	3.66
involved	-1.16	4.12
re	-1.16	4.86
red	-1.16	1.49
support	-1.15	3.02
rush	-1.15	2.03
comes	-1.15	2.45
mistake	-1.15	3.85
punishment	-1.15	2.18
destroy	-1.15	2.03
imprisoned	-1.15	2.23
accusations	-1.14	2.09
treated	-1.14	1.67
bullshit	-1.14	1.82
who	-1.14	3.70
internet	-1.13	1.65
decent	-1.13	2.54
rule	-1.13	2.09
successfully	-1.13	2.38
contributing	-1.12	1.95
illegal	-1.12	2.04
interact	-1.12	2.67
certainly	-1.12	2.99
frankly	-1.12	1.78
supplied	-1.11	2.12
scenario	-1.11	3.39
gave	-1.11	2.58
cared	-1.11	3.58
petty	-1.11	1.84
servererror	-1.10	1.76
griefing	-1.10	2.05
waste	-1.10	2.08
stupid	-1.10	1.94
punish	-1.09	2.31
griefed	-1.09	1.84
informed	-1.09	4.19
attempts	-1.09	2.22
uses	-1.08	2.20
held	-1.08	2.38
harm	-1.08	2.26
violation	-1.08	1.71
wondering	-1.08	4.21
better	-1.08	3.58
yellow	-1.08	1.54
regret	-1.07	3.60
warned	-1.07	2.56
insults	-1.06	1.90
trials	-1.06	2.27
act	-1.06	1.97
asking	-1.05	4.11
pearl	-1.05	3.08
owns	-1.05	2.11
oppression	-1.05	2.22
permanently	-1.05	2.30
responsible	-1.05	2.75
light	-1.04	1.60
everything	-1.04	4.89
excuses	-1.04	1.66
unnecessary	-1.04	1.50
split	-1.04	1.59
court	-1.04	2.10
those	-1.03	3.05
nexus	-1.03	2.13
website	-1.03	1.77
assholes	-1.03	2.36
slow	-1.03	1.73
false	-1.03	1.84
acknowledge	-1.02	2.62
innocent	-1.02	2.73
members	-1.02	2.40
blind	-1.02	2.14
trust	-1.02	4.09
bully	-1.02	1.82
suddenly	-1.01	1.96
situations	-1.01	1.94
akn	-1.01	2.14
morality	-1.01	2.69
decided	-1.01	3.23
fact	-1.01	5.00
ignore	-1.01	2.12
abuse	-1.00	1.67
finds	-1.00	2.26
doubt	-1.00	2.84
promised	-1.00	2.27
color	-1.00	1.47
remain	-0.99	2.04
owes	-0.99	2.20
evidence	-0.99	2.36
often	-0.99	2.50
happening	-0.99	4.79
choices	-0.98	2.36
wins	-0.98	2.02
collaboration	-0.98	1.86
grey	-0.98	1.56
punished	-0.98	2.08
popped	-0.98	1.66
cheaper	-0.98	2.13
continued	-0.98	2.02
trial	-0.98	2.28
quitting	-0.98	3.13
right	-0.97	5.16
doing	-0.97	5.20
everybody	-0.97	2.59
result	-0.97	2.05
showed	-0.97	2.45
wp	-0.97	2.13
call	-0.96	2.63
violated	-0.96	1.85
filthy	-0.96	2.70
prevent	-0.96	2.21
profit	-0.96	1.91
statements	-0.96	1.94
crew	-0.96	2.07
other	-0.96	2.71
where	-0.96	5.03
here	-0.95	5.17
far	-0.95	3.71
shown	-0.95	2.55
cycle	-0.94	2.24
suggesting	-0.94	4.24
window	-0.94	2.01
used	-0.94	2.83
majority	-0.94	2.01
flag	-0.94	1.74
threatening	-0.94	2.34
absurd	-0.94	1.44
permanent	-0.94	1.98
longer	-0.93	3.18
zerorussia	-0.93	2.05
methods	-0.93	1.67
understand	-0.93	5.09
follow	-0.93	2.82
what	-0.93	5.16
legal	-0.93	2.14
many	-0.93	2.64
luckily	-0.93	2.15
consequences	-0.93	2.05
balls	-0.93	1.65
claiming	-0.93	2.99
fought	-0.92	2.42
rugdoc	-0.92	2.37
communities	-0.92	1.77
line	-0.92	1.83
paying	-0.92	3.15
safety	-0.92	2.02
talking	-0.92	5.14
serious	-0.92	4.01
dying	-0.91	2.01
bullying	-0.91	1.75
individuals	-0.91	2.25
spoken	-0.91	3.09
rape	-0.91	2.03
personality	-0.91	1.75
indefinitely	-0.90	2.56
carry	-0.90	2.49
eat	-0.90	1.52
muh	-0.90	2.71
josh	-0.90	1.79
contacted	-0.89	2.75
charged	-0.89	2.16
rights	-0.89	2.02
greatest	-0.89	2.50
exactly	-0.89	5.09
called	-0.89	2.25
collaborating	-0.89	1.86
belongs	-0.89	2.29
effect	-0.89	2.42
talked	-0.89	3.33
newfriends	-0.88	2.05
steal	-0.88	2.92
dozens	-0.88	2.33
trouble	-0.88	2.63
doxxing	-0.88	2.26
mojang	-0.88	1.85
physically	-0.88	2.02
behind	-0.87	2.66
forces	-0.87	2.35
imply	-0.87	3.27
decides	-0.86	2.19
occur	-0.86	2.11
replying	-0.86	3.52
opportunity	-0.86	1.83
sure	-0.86	5.17
pearling	-0.86	2.59
niko	-0.86	2.37
goes	-0.86	3.13
white	-0.86	1.61
idiot	-0.86	2.28
saying	-0.86	5.22
bother	-0.85	3.52
unsure	-0.85	4.66
ownership	-0.85	2.14
entirely	-0.85	2.35
tired	-0.85	2.00
helped	-0.85	2.41
followed	-0.85	1.98
learn	-0.85	2.02
spend	-0.84	2.07
attacked	-0.84	2.48
sick	-0.84	2.19
responded	-0.84	2.55
capture	-0.84	2.18
keep	-0.84	3.26
sticking	-0.84	3.00
paid	-0.84	2.58
deny	-0.84	2.52
thinking	-0.84	5.02
about	-0.84	5.02
attackers	-0.84	1.90
trash	-0.84	2.29
generally	-0.84	2.06
animals	-0.84	1.91
nap	-0.83	2.06
kills	-0.83	2.34
intent	-0.83	2.30
accountable	-0.83	2.33
possibly	-0.83	1.93
criminals	-0.82	2.39
commenting	-0.82	3.27
said	-0.82	4.24
happens	-0.82	3.74
weapons	-0.82	1.66
defend	-0.82	2.43
trolls	-0.82	1.88
asshole	-0.82	2.26
voted	-0.82	1.94
grammar	-0.82	2.41
phacade	-0.81	2.45
unless	-0.81	4.15
these	-0.81	2.68
kept	-0.81	2.80
direction	-0.81	2.57
going	-0.81	5.05
developer	-0.81	1.58
release	-0.81	2.78
applies	-0.81	2.07
blue	-0.81	1.67
anyone	-0.81	4.28
conversations	-0.80	2.51
bad	-0.80	2.56
butthurt	-0.80	2.14
alone	-0.80	2.84
implies	-0.80	1.96
oppressed	-0.80	1.68
labor	-0.80	1.62
holding	-0.80	2.62
protect	-0.80	2.31
snorri	-0.80	2.25
carson	-0.79	1.76
coming	-0.79	4.00
dealing	-0.79	2.49
assume	-0.79	4.43
than	-0.79	3.03
supposed	-0.78	4.44
payed	-0.78	2.94
mentioning	-0.78	2.08
human	-0.78	1.75
force	-0.78	1.99
committing	-0.78	2.22
backed	-0.78	2.15
brigade	-0.77	1.89
acts	-0.77	2.18
unreinforced	-0.77	2.07
nj	-0.77	1.65
left	-0.77	3.72
laws	-0.77	2.12
enforcement	-0.77	2.05
pretend	-0.77	3.14
dumb	-0.77	2.68
dispute	-0.77	2.26
hence	-0.77	1.94
intellectual	-0.77	2.13
stands	-0.76	1.87
sentences	-0.76	2.03
offline	-0.76	2.29
destroying	-0.76	2.29
damage	-0.76	2.18
convince	-0.76	2.62
less	-0.76	2.83
collaborators	-0.76	2.06
causing	-0.76	2.02
brought	-0.76	2.56
compete	-0.76	2.20
woman	-0.76	1.85
proper	-0.76	1.79
tried	-0.76	3.34
awhile	-0.76	3.17
whatever	-0.76	4.32
repeat	-0.76	2.07
caused	-0.75	2.29
outright	-0.75	1.91
sufficient	-0.75	2.22
row	-0.75	2.36
lies	-0.75	2.17
german	-0.75	1.47
allowed	-0.75	3.86
choose	-0.74	2.78
managed	-0.74	2.56
regard	-0.74	2.20
carried	-0.74	2.13
normally	-0.74	2.45
defended	-0.74	2.09
considered	-0.74	2.35
doesnt	-0.74	2.56
scared	-0.74	2.57
chased	-0.74	2.49
situation	-0.74	2.98
putting	-0.73	2.64
supplying	-0.73	2.15
retarded	-0.73	2.14
forgetting	-0.73	4.42
leading	-0.73	1.90
kids	-0.73	2.14
vaulting	-0.73	2.40
primarily	-0.73	2.17
legitimately	-0.73	2.58
innocents	-0.73	2.54
acting	-0.73	2.39
experienced	-0.73	2.19
means	-0.73	3.95
defending	-0.73	2.32
seek	-0.72	2.07
obligation	-0.72	2.89
forever	-0.71	2.84
worthless	-0.71	2.08
buffs	-0.71	1.83
between	-0.71	2.40
wherever	-0.71	2.86
suggested	-0.71	2.82
facts	-0.71	2.67
nature	-0.71	2.13
unknown	-0.71	1.96
cry	-0.71	1.89
behaviour	-0.70	1.78
manner	-0.70	2.03
relative	-0.70	2.20
ensure	-0.70	2.09
victim	-0.70	2.32
english	-0.70	1.59
offended	-0.70	2.10
players	-0.70	2.42
now	-0.70	5.09
throwing	-0.70	2.32
numerous	-0.70	2.60
logic	-0.70	2.75
owned	-0.70	1.99
angry	-0.70	2.03
stop	-0.70	3.17
immediate	-0.70	2.06
supporting	-0.69	2.05
reaction	-0.69	1.76
train	-0.69	1.83
minimum	-0.69	2.23
were	-0.69	4.32
taking	-0.69	3.58
defenders	-0.69	1.93
messaging	-0.69	2.94
deciding	-0.69	2.44
gurubashi	-0.69	2.13
youre	-0.69	2.28
remove	-0.69	2.63
interests	-0.69	2.22
faggot	-0.69	1.90
caring	-0.68	2.88
supports	-0.68	1.68
releasing	-0.68	2.50
damages	-0.68	2.34
mentioned	-0.68	3.27
stated	-0.68	2.86
complaints	-0.68	2.56
judge	-0.68	2.31
lives	-0.68	2.42
react	-0.68	2.34
ours	-0.68	2.20
hold	-0.68	2.89
industry	-0.68	1.59
arguing	-0.68	3.65
vote	-0.68	2.00
currency	-0.68	1.91
nocheat	-0.68	1.61
potentially	-0.68	1.86
raid	-0.68	2.38
apart	-0.68	2.15
sexual	-0.68	2.10
trespassing	-0.67	2.32
obvious	-0.67	2.14
surprise	-0.67	2.45
banned	-0.67	2.40
implemented	-0.67	2.41
equal	-0.67	1.88
attack	-0.67	2.51
needed	-0.67	3.15
vpn	-0.67	2.17
getting	-0.67	3.92
literally	-0.67	4.42
loop	-0.67	1.91
griefers	-0.67	2.62
bottom	-0.67	2.51
seen	-0.67	3.72
beacons	-0.67	1.93
quit	-0.67	3.28
earn	-0.66	2.29
minor	-0.66	2.47
intentionally	-0.66	1.95
simply	-0.66	3.31
section	-0.66	1.97
snitched	-0.66	2.05
fail	-0.66	2.80
made	-0.66	3.13
bear	-0.66	1.90
arbitrary	-0.66	1.66
conclusion	-0.66	2.36
gone	-0.66	3.70
dies	-0.66	2.33
legitimate	-0.66	2.54
mark	-0.65	1.84
50	-0.65	2.27
turns	-0.65	2.26
everyone	-0.65	4.03
recharge	-0.65	2.55
multiple	-0.65	2.67
figure	-0.65	4.40
learning	-0.65	1.76
advertise	-0.65	2.32
status	-0.65	1.98
reps	-0.65	2.64
dogs	-0.65	2.01
happened	-0.65	4.12
feelings	-0.65	2.37
reasoning	-0.65	3.09
buying	-0.65	1.89
body	-0.65	1.85
ever	-0.65	4.16
announced	-0.65	3.08
others	-0.65	3.45
cities	-0.64	2.47
hypocrisy	-0.64	2.27
corrupt	-0.64	2.09
logical	-0.64	2.19
list	-0.64	3.14
evading	-0.64	2.50
killed	-0.64	2.47
association	-0.64	2.09
justice	-0.63	2.15
discussed	-0.63	2.90
ones	-0.63	2.73
any	-0.63	3.60
nonsense	-0.63	2.02
mk	-0.63	2.27
replant	-0.63	2.14
am	-0.63	4.70
leave	-0.63	3.90
definition	-0.63	2.02
interest	-0.63	2.35
believed	-0.63	3.40
balanced	-0.63	1.82
ignorance	-0.62	1.80
taxes	-0.62	2.36
threat	-0.62	2.49
anything	-0.62	4.61
nicest	-0.62	3.29
continue	-0.62	3.02
notice	-0.62	2.57
api	-0.62	1.63
confused	-0.62	3.04
law	-0.62	2.17
cap	-0.62	2.11
thrown	-0.62	2.32
does	-0.62	4.47
she	-0.62	2.86
dill	-0.62	2.35
80	-0.62	2.05
pissed	-0.62	2.11
more	-0.62	3.25
matter	-0.61	4.55
enforce	-0.61	2.38
chose	-0.61	2.59
40	-0.61	2.17
grinding	-0.61	2.06
general	-0.61	1.81
apparently	-0.61	2.37
regularly	-0.61	2.13
pay	-0.61	2.69
apply	-0.61	2.60
exist	-0.61	3.69
having	-0.61	3.49
resort	-0.61	2.17
irrelevant	-0.61	2.08
specifically	-0.61	2.20
25	-0.61	2.22
unlike	-0.61	1.95
cheating	-0.61	2.37
argument	-0.61	2.40
police	-0.61	2.12
consistently	-0.61	2.80
care	-0.61	4.62
never	-0.61	4.14
done	-0.60	4.39
connection	-0.60	2.02
dead	-0.60	3.71
prices	-0.60	1.97
rates	-0.60	2.02
reward	-0.60	1.99
professional	-0.60	2.91
owe	-0.60	2.57
prior	-0.60	2.34
someone	-0.60	4.03
overly	-0.60	2.11
lose	-0.59	3.06
jarl	-0.59	2.47
background	-0.59	1.38
anywhere	-0.59	3.49
suicide	-0.59	1.99
owner	-0.59	2.13
idiots	-0.59	2.53
russian	-0.59	1.73
matters	-0.59	3.15
negotiations	-0.59	2.18
certain	-0.59	2.62
danger	-0.59	1.78
bloodcrew	-0.59	2.37
aggressive	-0.59	1.99
handful	-0.59	2.43
something	-0.59	4.91
accident	-0.58	1.85
discuss	-0.58	2.65
explaining	-0.58	3.03
complain	-0.58	3.06
lads	-0.58	2.66
malice	-0.58	2.08
people	-0.58	4.20
absolute	-0.58	1.57
communists	-0.58	1.82
cheat	-0.58	2.06
gotten	-0.58	3.48
passive	-0.58	2.00
refer	-0.58	2.44
they	-0.58	4.72
blood	-0.57	2.40
killing	-0.57	2.33
case	-0.57	3.48
pc	-0.57	1.64
annoyed	-0.57	2.27
giving	-0.57	3.17
java	-0.57	1.61
existed	-0.57	2.91
fucked	-0.57	1.81
all	-0.57	4.28
funding	-0.57	2.01
pretending	-0.57	2.80
market	-0.57	2.07
properly	-0.57	2.53
given	-0.57	2.88
movement	-0.56	1.90
handled	-0.56	2.58
tied	-0.56	2.04
without	-0.56	2.95
pearls	-0.56	2.59
sell	-0.56	2.00
decide	-0.56	3.22
usually	-0.56	2.56
recently	-0.56	3.33
cracked	-0.56	2.09
jakebob	-0.56	1.64
mean	-0.56	4.76
tell	-0.56	4.56
when	-0.56	4.17
why	-0.55	4.80
bias	-0.55	2.21
leather	-0.55	1.95
impression	-0.55	2.60
setting	-0.55	2.36
argue	-0.55	4.02
fighting	-0.55	2.46
roast	-0.55	2.74
accounts	-0.55	2.27
bill	-0.55	1.55
factors	-0.55	2.72
passed	-0.55	2.32
increased	-0.55	1.98
bounties	-0.55	2.26
achieve	-0.55	3.04
issue	-0.55	3.33
hand	-0.55	3.08
replied	-0.54	2.83
fault	-0.54	2.62
discussions	-0.54	2.15
being	-0.54	2.91
rarely	-0.54	2.06
grief	-0.54	2.39
includes	-0.54	2.07
survey	-0.54	2.54
numbers	-0.54	1.94
physical	-0.54	2.20
attempted	-0.54	2.45
lines	-0.54	2.04
arrow	-0.54	2.01
ask	-0.54	4.04
privately	-0.54	2.91
want	-0.54	4.57
covered	-0.53	1.99
expect	-0.53	4.34
recognize	-0.53	2.55
initially	-0.53	2.43
turning	-0.53	2.46
person	-0.53	3.41
from	-0.53	3.79
features	-0.53	1.98
reparations	-0.53	2.53
remember	-0.53	4.48
citizenship	-0.53	2.06
duck	-0.53	2.48
he	-0.53	3.68
know	-0.53	4.73
third	-0.53	2.28
pos	-0.53	2.38
saving	-0.53	2.13
and/or	-0.53	2.22
twice	-0.52	2.44
limited	-0.52	2.24
refused	-0.52	2.27
yet	-0.52	4.28
jerk	-0.52	1.89
chase	-0.52	2.16
had	-0.52	4.07
taken	-0.52	3.27
responding	-0.52	2.89
nine	-0.52	2.36
dammit	-0.52	2.75
slowly	-0.52	2.33
actions	-0.52	2.35
net	-0.52	1.96
because	-0.52	4.74
ages	-0.52	3.15
responses	-0.52	2.32
believe	-0.52	4.71
due	-0.52	2.20
high	-0.52	1.96
problems	-0.51	2.79
raiders	-0.51	2.36
issues	-0.51	2.80
say	-0.51	4.71
product	-0.51	1.99
mental	-0.51	2.36
property	-0.51	2.16
respect	-0.51	2.13
phacad	-0.51	2.48
biased	-0.51	2.12
uuid	-0.51	1.95
partially	-0.51	2.02
wheat	-0.51	1.86
sooner	-0.51	3.72
mkcoates	-0.51	1.90
solely	-0.51	2.31
typical	-0.51	1.93
libertarian	-0.51	2.00
natural	-0.50	1.77
things	-0.50	4.25
approved	-0.50	2.18
afraid	-0.50	3.86
aspects	-0.50	2.09
fee	-0.50	2.34
slaves	-0.50	1.83
bothered	-0.50	3.75
response	-0.50	2.35
ball	-0.50	1.89
plenty	-0.50	2.65
resolution	-0.50	2.17
tool	-0.50	1.56
bounty	-0.50	2.57
words	-0.50	2.21
risk	-0.49	2.19
ancap	-0.49	1.90
circlejerk	-0.49	1.92
addressed	-0.49	3.08
pop	-0.49	2.36
explain	-0.49	3.86
charter	-0.49	2.43
pain	-0.49	2.53
received	-0.49	2.36
variety	-0.49	2.28
scum	-0.49	1.95
convinced	-0.49	2.98
happen	-0.49	4.60
anymore	-0.49	4.34
cases	-0.49	2.48
advantage	-0.49	2.34
hcf	-0.49	2.53
various	-0.49	2.59
loot	-0.49	2.33
defense	-0.49	1.93
superior	-0.49	2.17
knock	-0.49	1.59
socialism	-0.49	2.06
guarantee	-0.49	3.25
repair	-0.49	2.02
claims	-0.48	2.65
since	-0.48	3.62
started	-0.48	3.13
exists	-0.48	2.07
differences	-0.48	2.11
hit	-0.48	2.74
french	-0.48	1.66
mission	-0.48	2.27
legitimacy	-0.48	2.53
phacad3	-0.48	2.30
practically	-0.48	2.72
curious	-0.48	3.78
so	-0.48	4.73
minority	-0.48	2.26
put	-0.48	3.37
critical	-0.48	2.33
elsewhere	-0.48	2.10
spamming	-0.48	2.13
demanding	-0.48	1.95
pr	-0.48	1.84
european	-0.48	1.82
soldiers	-0.48	1.83
gimmick	-0.48	1.86
basically	-0.47	3.47
died	-0.47	2.91
invested	-0.47	2.55
already	-0.47	4.09
harvest	-0.47	1.91
tech	-0.47	1.95
either	-0.47	4.69
consent	-0.47	2.46
permission	-0.47	2.58
us	-0.47	4.27
explore	-0.47	2.29
botters	-0.47	2.17
collaborator	-0.47	2.01
them	-0.47	4.22
fake	-0.47	2.18
only	-0.47	4.56
affects	-0.47	1.96
clue	-0.46	3.08
bugs	-0.46	2.20
subreddits	-0.46	2.21
one	-0.46	4.41
explained	-0.46	3.14
still	-0.46	4.77
themselves	-0.46	3.06
everywhere	-0.46	2.45
universal	-0.46	1.91
starts	-0.46	2.29
came	-0.46	3.27
shops	-0.46	2.02
we	-0.46	4.64
provide	-0.46	2.82
along	-0.46	2.47
give	-0.46	3.66
mfw	-0.46	2.22
ideology	-0.46	1.99
how	-0.46	4.66
posting	-0.46	3.03
additionally	-0.45	1.99
jurisdiction	-0.45	2.41
point	-0.45	4.33
free	-0.45	3.64
significantly	-0.45	2.35
sarcastic	-0.45	3.09
see	-0.45	4.61
appropriate	-0.45	2.02
allow	-0.45	2.53
require	-0.45	2.24
opened	-0.45	2.08
parents	-0.45	1.77
fit	-0.45	3.00
places	-0.45	2.91
whereas	-0.45	1.80
raids	-0.45	2.58
even	-0.45	4.60
capitalism	-0.45	1.97
recall	-0.44	3.09
fight	-0.44	2.57
civ	-0.44	2.08
threw	-0.44	2.48
think	-0.44	4.68
whenever	-0.44	3.03
incident	-0.44	2.49
chances	-0.44	2.75
around	-0.44	3.06
rules	-0.44	2.25
zach	-0.44	1.86
death	-0.44	2.40
fixes	-0.44	2.15
condition	-0.44	1.84
100d	-0.44	2.42
affairs	-0.44	2.20
afford	-0.44	2.23
cic	-0.44	1.90
standard	-0.44	1.87
involvement	-0.44	2.31
group	-0.44	2.76
poison	-0.44	1.92
gives	-0.43	2.92
m	-0.43	3.53
break	-0.43	2.59
slightly	-0.43	2.63
route	-0.43	2.15
benefit	-0.43	2.30
victims	-0.43	2.08
mistakes	-0.43	2.12
groups	-0.43	2.55
assumption	-0.43	2.65
up	-0.43	3.66
immediately	-0.43	3.35
gain	-0.43	2.52
protected	-0.43	1.89
forget	-0.43	4.14
served	-0.43	2.26
sorted	-0.43	3.17
randomly	-0.43	2.58
anarchist	-0.43	2.38
bulk	-0.42	2.30
did	-0.42	4.60
compare	-0.42	2.96
dangerous	-0.42	2.17
kicked	-0.42	2.49
expensive	-0.42	1.88
him	-0.42	3.70
aixyz	-0.42	2.34
get	-0.42	4.22
notes	-0.42	2.09
freeing	-0.42	2.35
loss	-0.42	2.41
been	-0.42	3.79
stating	-0.42	3.17
no	-0.42	4.41
claimed	-0.42	2.82
went	-0.42	3.29
skilled	-0.42	1.90
realized	-0.41	3.30
vault	-0.41	2.45
significant	-0.41	2.30
which	-0.41	4.59
ignoring	-0.41	3.00
keeping	-0.41	2.46
avoid	-0.41	2.38
wasting	-0.41	2.99
bigger	-0.41	2.37
raider	-0.41	2.33
understood	-0.41	2.98
make	-0.41	4.21
afterwards	-0.41	2.92
upon	-0.41	2.50
moral	-0.41	2.26
enforced	-0.41	2.36
number	-0.41	2.43
determine	-0.41	2.87
prison	-0.41	2.25
invasion	-0.40	2.49
carrots	-0.40	1.80
purely	-0.40	2.19
accept	-0.40	2.30
accomplish	-0.40	2.85
exact	-0.40	3.17
losing	-0.40	2.64
alt	-0.40	2.38
band	-0.40	1.68
farm	-0.40	1.85
wool	-0.40	1.65
newfriend	-0.40	1.94
acted	-0.40	2.20
earth	-0.40	1.95
several	-0.40	2.69
starting	-0.40	3.42
channel	-0.40	2.39
societies	-0.40	1.98
supported	-0.40	2.11
otherwise	-0.40	3.81
chain	-0.40	2.01
before	-0.40	3.69
guessing	-0.40	2.74
honestly	-0.40	4.52
tone	-0.40	2.20
hurt	-0.40	2.54
vaults	-0.40	2.51
touched	-0.40	3.22
catpeter	-0.40	2.38
began	-0.39	2.68
use	-0.39	3.04
snitching	-0.39	2.32
toward	-0.39	2.12
looting	-0.39	1.90
into	-0.39	3.16
blaming	-0.39	2.73
let	-0.39	4.33
skype	-0.39	2.44
wanting	-0.39	2.96
stance	-0.39	2.47
posted	-0.39	2.87
votes	-0.39	1.87
weak	-0.39	1.93
ve	-0.39	3.70
quality	-0.39	1.66
extent	-0.39	2.09
field	-0.39	2.07
drama	-0.39	2.46
improved	-0.39	1.95
offered	-0.38	2.27
making	-0.38	3.59
down	-0.38	3.21
demand	-0.38	2.06
much	-0.38	4.04
air	-0.38	1.99
mumble	-0.38	3.05
problem	-0.38	4.09
metropolis	-0.38	2.14
4chan	-0.38	1.98
bs	-0.38	2.32
move	-0.38	3.30
stopped	-0.38	2.97
associated	-0.38	2.39
heard	-0.38	3.91
breaking	-0.38	2.46
vale	-0.38	2.15
points	-0.37	2.83
jail	-0.37	2.76
200	-0.37	2.12
once	-0.37	3.72
impact	-0.37	2.22
inactive	-0.37	2.47
negative	-0.37	2.30
necessarily	-0.37	2.49
some	-0.37	3.32
quote	-0.37	2.59
disappointed	-0.37	2.90
20d	-0.37	2.16
liberal	-0.37	1.91
change	-0.37	4.05
sub	-0.37	2.70
instead	-0.37	2.94
moving	-0.37	3.04
runs	-0.37	2.38
consistent	-0.37	1.81
moon	-0.37	1.75
principle	-0.37	2.20
downvoting	-0.37	2.35
wither	-0.36	2.21
alts	-0.36	2.37
moved	-0.36	2.85
conflict	-0.36	2.55
document	-0.36	2.10
ban	-0.36	2.30
maximum	-0.36	2.48
avoiding	-0.36	2.36
wo	-0.36	4.35
stolen	-0.36	2.57
go	-0.36	4.06
stir	-0.36	2.43
unrelated	-0.36	2.55
huge	-0.36	2.36
craft	-0.36	2.00
agree	-0.36	4.62
currently	-0.36	4.12
sea	-0.36	2.25
subject	-0.36	2.35
grudges	-0.36	2.44
shortly	-0.36	3.18
accidentally	-0.36	2.84
show	-0.35	3.15
standing	-0.35	1.85
jumped	-0.35	2.44
at	-0.35	3.84
cops	-0.35	2.30
quickly	-0.35	2.92
sadly	-0.35	1.97
include	-0.35	2.66
logged	-0.35	3.10
damaged	-0.35	2.18
staying	-0.35	2.29
start	-0.35	3.56
specific	-0.35	2.60
should	-0.35	4.55
position	-0.35	2.61
two	-0.35	2.83
secure	-0.35	2.08
race	-0.35	1.78
raiding	-0.35	2.30
er	-0.34	2.27
competition	-0.34	2.25
columbia	-0.34	2.02
back	-0.34	3.89
implement	-0.34	2.34
price	-0.34	2.24
collective	-0.34	2.26
familiar	-0.34	2.51
noaz	-0.34	2.38
throughout	-0.34	2.20
off	-0.34	3.15
supply	-0.34	2.33
effectively	-0.34	2.23
try	-0.34	4.25
also	-0.34	4.62
objective	-0.34	2.74
redacted	-0.34	2.07
then	-0.34	4.44
long	-0.34	3.92
thread	-0.34	2.86
sovereignty	-0.34	2.16
again	-0.34	4.32
completed	-0.34	2.12
take	-0.34	4.00
ourselves	-0.34	2.86
click	-0.34	2.80
farming	-0.34	1.96
claim	-0.34	2.47
need	-0.34	4.48
recognized	-0.34	2.20
invasions	-0.34	2.50
nor	-0.34	3.29
lego	-0.34	2.58
fat	-0.34	2.15
mouse	-0.33	2.75
failed	-0.33	2.09
lead	-0.33	2.65
embassy	-0.33	1.96
except	-0.33	3.47
existence	-0.33	2.62
r/minecraft	-0.33	2.48
marked	-0.33	2.01
etc	-0.33	2.53
approach	-0.33	2.40
companies	-0.33	1.98
until	-0.33	3.77
match	-0.33	1.95
resolve	-0.33	2.77
attacking	-0.33	2.34
provided	-0.33	2.59
changed	-0.33	3.45
lack	-0.33	2.19
desire	-0.33	2.51
early	-0.33	2.35
ive	-0.33	3.13
three	-0.32	2.72
counter	-0.32	1.86
factor	-0.32	2.40
subreddit	-0.32	2.73
bunch	-0.32	2.18
context	-0.32	2.95
random	-0.32	2.52
ad	-0.32	2.22
essentially	-0.32	1.82
throw	-0.32	2.96
42	-0.32	2.18
arbitration	-0.32	2.43
look	-0.32	4.04
ultimately	-0.32	2.33
hostile	-0.32	1.72
dispensers	-0.32	2.01
olympia	-0.32	1.76
pulling	-0.32	2.30
spam	-0.32	2.36
updating	-0.31	2.28
hitting	-0.31	2.71
canada	-0.31	2.29
cleaned	-0.31	2.55
lucky	-0.31	2.12
constitution	-0.31	2.08
assure	-0.31	2.94
planned	-0.31	2.20
offering	-0.31	2.38
serve	-0.31	2.36
favourite	-0.31	3.01
able	-0.31	3.83
300	-0.31	2.69
arguments	-0.31	2.74
agreed	-0.31	2.70
extensive	-0.31	2.47
bergecraft	-0.31	2.06
reduced	-0.31	2.48
length	-0.31	2.40
as	-0.31	4.42
joined	-0.31	2.81
cause	-0.31	2.61
prime	-0.30	1.98
iebagi	-0.30	1.35
dealt	-0.30	2.66
opposed	-0.30	2.42
hits	-0.30	2.47
spawned	-0.30	2.30
object	-0.30	1.92
lazy	-0.30	2.10
shot	-0.30	2.22
harder	-0.30	2.43
orders	-0.30	2.23
valid	-0.30	2.32
crash	-0.30	2.14
question	-0.30	3.88
buy	-0.30	2.42
orange	-0.30	1.78
find	-0.30	3.67
met	-0.30	2.83
100	-0.30	2.34
somewhere	-0.30	3.03
button	-0.30	2.76
becoming	-0.30	2.35
precedent	-0.30	2.31
suffer	-0.30	1.64
double	-0.29	2.23
appeal	-0.29	1.90
stick	-0.29	2.97
deal	-0.29	3.44
cross	-0.29	1.86
screenshot	-0.29	2.25
kinds	-0.29	2.73
knowledge	-0.29	2.07
mess	-0.29	2.46
end	-0.29	3.05
million	-0.29	2.39
coding	-0.29	1.94
justin	-0.29	1.82
log	-0.29	3.16
users	-0.29	2.08
pushed	-0.29	2.52
trapped	-0.29	2.41
heavy	-0.29	2.01
sleep	-0.29	2.27
alive	-0.29	2.57
stood	-0.29	2.40
liking	-0.29	2.53
target	-0.29	1.81
compromise	-0.29	2.15
palms	-0.28	1.81
could	-0.28	4.43
talks	-0.28	2.32
die	-0.28	2.79
yesterday	-0.28	3.16
principality	-0.28	1.98
tagged	-0.28	2.84
bees	-0.28	2.66
concern	-0.28	2.94
capitalist	-0.28	2.02
combination	-0.28	2.62
aside	-0.28	2.19
record	-0.28	2.65
privilege	-0.28	1.85
reason	-0.28	4.50
city	-0.28	2.79
burned	-0.28	2.22
surprised	-0.28	3.34
title	-0.28	1.90
depending	-0.28	3.00
culture	-0.28	1.90
picked	-0.27	2.18
relationship	-0.27	2.07
shift	-0.27	2.76
functional	-0.27	2.28
vast	-0.27	2.21
countless	-0.27	2.34
equivalent	-0.27	2.01
potential	-0.27	2.50
while	-0.27	3.37
tiny	-0.27	1.99
shadow	-0.27	2.08
dozen	-0.27	2.70
her	-0.27	2.29
after	-0.27	3.37
invest	-0.27	2.38
towns	-0.27	2.64
returned	-0.27	2.69
i.e	-0.27	2.43
personal	-0.27	2.46
me	-0.27	4.05
jaaerk	-0.27	2.28
civcrafters	-0.27	2.31
hills	-0.27	1.99
exchange	-0.26	2.10
removing	-0.26	2.18
caught	-0.26	2.45
prick	-0.26	2.22
clean	-0.26	2.44
goals	-0.26	2.20
robbed	-0.26	2.33
refusing	-0.26	2.43
sold	-0.26	2.24
50d	-0.26	2.40
middle	-0.26	2.12
further	-0.26	2.58
disputes	-0.26	2.52
greater	-0.26	2.28
spread	-0.26	1.96
founded	-0.26	2.21
relations	-0.26	2.06
sro	-0.26	2.34
grounds	-0.26	2.08
under	-0.26	2.30
placing	-0.26	2.53
whining	-0.25	2.64
polite	-0.25	2.63
reset	-0.25	2.93
mobs	-0.25	2.12
expecting	-0.25	3.36
security	-0.25	2.09
capacity	-0.25	1.97
sometimes	-0.25	2.54
rivers	-0.25	2.39
reasons	-0.25	3.15
falls	-0.25	2.35
placed	-0.25	2.58
pointed	-0.25	2.51
during	-0.25	2.68
examples	-0.25	2.59
characters	-0.25	2.09
appears	-0.25	2.30
address	-0.25	2.58
remaining	-0.25	2.25
opinion	-0.25	2.74
fear	-0.25	1.93
ca	-0.25	4.33
solved	-0.25	2.48
organized	-0.25	2.05
decision	-0.25	2.86
run	-0.25	3.15
60	-0.25	2.29
pulled	-0.25	2.26
scarcity	-0.24	2.07
op	-0.24	2.16
policy	-0.24	2.34
enchant	-0.24	2.24
his	-0.24	2.50
bringing	-0.24	2.67
winning	-0.24	2.51
google	-0.24	1.85
times	-0.24	2.89
took	-0.24	3.11
dedicated	-0.24	2.07
camp	-0.24	1.72
nerfed	-0.24	2.26
granted	-0.24	2.21
out	-0.24	3.91
collect	-0.24	2.46
sides	-0.24	1.97
chasing	-0.24	2.10
turn	-0.24	3.08
ride	-0.24	2.29
drop	-0.24	2.79
voting	-0.24	2.21
3.0	-0.24	1.99
xvs	-0.23	2.25
identity	-0.23	1.96
feel	-0.23	4.30
belief	-0.23	2.13
event	-0.23	2.33
proposed	-0.23	2.15
instance	-0.23	2.16
brings	-0.23	2.51
learned	-0.23	2.97
feeling	-0.23	2.61
lost	-0.23	2.65
earlier	-0.23	2.89
played	-0.23	2.93
picking	-0.23	2.57
sign	-0.23	2.64
trying	-0.23	3.89
replaced	-0.23	2.27
popping	-0.23	2.89
few	-0.23	2.78
side	-0.23	2.98
access	-0.23	2.43
levels	-0.23	2.00
heading	-0.23	2.77
despite	-0.23	2.21
arena	-0.23	1.93
dick	-0.23	2.45
formed	-0.23	2.35
can	-0.23	4.25
removed	-0.23	2.57
30	-0.23	2.47
leaves	-0.23	2.20
decisions	-0.22	2.44
priority	-0.22	2.27
suspicious	-0.22	2.69
door	-0.22	2.46
hot	-0.22	2.10
sending	-0.22	2.67
strongly	-0.22	2.02
demands	-0.22	2.12
cows	-0.22	2.19
information	-0.22	2.43
example	-0.22	2.80
foot	-0.22	2.16
effective	-0.22	1.83
applied	-0.22	2.13
gondolin	-0.22	1.97
durability	-0.22	2.23
griefer	-0.22	2.37
fields	-0.22	2.29
bk	-0.22	2.59
cost	-0.22	2.30
posts	-0.21	2.48
mustercull	-0.21	2.20
hanging	-0.21	2.29
stonato	-0.21	2.01
providing	-0.21	2.34
warning	-0.21	2.39
intention	-0.21	2.82
breaks	-0.21	2.46
clicking	-0.21	2.51
memory	-0.21	1.84
laugh	-0.21	2.81
enchantments	-0.21	2.36
wandering	-0.21	2.71
cliff	-0.21	1.94
peter	-0.21	2.24
declare	-0.21	2.15
hunter	-0.21	2.22
forms	-0.21	2.05
enemy	-0.21	2.09
involve	-0.21	2.64
hundreds	-0.21	2.44
away	-0.21	3.39
furthermore	-0.21	2.15
listed	-0.21	2.15
child	-0.21	2.02
individual	-0.21	2.73
accepted	-0.21	2.09
action	-0.20	2.51
gained	-0.20	2.45
infinite	-0.20	1.99
way	-0.20	4.35
arrived	-0.20	2.64
suit	-0.20	2.07
value	-0.20	2.59
genuinely	-0.20	2.79
machine	-0.20	2.14
commented	-0.20	2.85
lately	-0.20	2.73
land	-0.20	2.33
strictly	-0.20	2.44
types	-0.20	2.36
spending	-0.20	2.21
max	-0.20	2.17
500	-0.20	2.56
tend	-0.20	2.30
eventually	-0.20	3.36
flow	-0.20	2.27
slave	-0.20	1.89
nowadays	-0.20	1.82
advertising	-0.20	2.19
originally	-0.20	3.08
amount	-0.20	2.40
theo	-0.20	1.68
yourself	-0.20	3.77
alert	-0.20	2.33
chests	-0.20	2.44
hole	-0.20	2.62
spawning	-0.19	2.23
shadowjay	-0.19	2.14
costs	-0.19	2.26
press	-0.19	2.25
dro	-0.19	2.40
effort	-0.19	2.77
socialist	-0.19	1.88
fence	-0.19	2.42
fagt	-0.19	2.24
account	-0.19	2.50
meat	-0.19	2.09
feet	-0.19	2.18
largest	-0.19	2.20
spare	-0.19	2.35
xp	-0.19	2.17
5d	-0.19	2.28
ran	-0.19	2.53
probably	-0.19	4.50
pride	-0.19	1.95
thing	-0.19	4.42
gezo	-0.19	2.72
nations	-0.19	2.18
ways	-0.19	2.93
login	-0.19	2.37
beliefs	-0.19	2.42
produce	-0.19	2.33
logging	-0.19	2.58
moderator	-0.19	2.38
counts	-0.19	2.23
gather	-0.19	2.59
tfw	-0.19	2.23
cleaning	-0.19	2.41
easily	-0.18	2.69
fyi	-0.18	1.90
potatoes	-0.18	1.80
bastion	-0.18	2.36
results	-0.18	2.46
fell	-0.18	2.60
amounts	-0.18	2.28
entertaining	-0.18	2.89
viable	-0.18	2.12
walking	-0.18	2.71
entering	-0.18	2.35
confusion	-0.18	2.30
fall	-0.18	2.38
takes	-0.18	2.59
automated	-0.18	2.22
large	-0.18	2.04
hacks	-0.18	2.31
slavery	-0.18	1.88
draw	-0.18	1.90
rate	-0.18	2.20
non	-0.18	2.01
past	-0.18	3.13
became	-0.17	2.66
beacon	-0.17	2.13
grass	-0.17	2.26
led	-0.17	2.01
gaming	-0.17	1.74
respond	-0.17	3.00
implied	-0.17	3.05
reinforce	-0.17	2.41
together	-0.17	2.93
spirit	-0.17	2.21
solve	-0.17	2.68
200d	-0.17	2.35
stole	-0.17	2.56
different	-0.17	2.64
concerns	-0.17	2.66
settlements	-0.17	2.38
gang	-0.17	2.24
discovered	-0.17	2.86
hearing	-0.17	3.20
reform	-0.17	2.15
iro	-0.17	2.39
downvote	-0.17	2.10
spent	-0.17	2.62
gun	-0.17	2.33
post	-0.17	2.89
hub	-0.16	2.17
reinforcing	-0.16	2.31
system	-0.16	2.27
define	-0.16	2.14
reinforcement	-0.16	2.44
owners	-0.16	2.23
steam	-0.16	2.32
environment	-0.16	2.18
least	-0.16	3.85
chance	-0.16	3.32
whose	-0.16	2.22
checked	-0.16	2.85
ttam	-0.16	2.24
representative	-0.16	2.26
cliffnerd	-0.16	1.85
circumstances	-0.16	2.36
rely	-0.16	2.09
jump	-0.16	2.69
ground	-0.16	2.37
method	-0.16	2.21
lived	-0.16	2.68
entered	-0.16	2.46
designed	-0.16	2.00
according	-0.16	2.25
bastions	-0.16	2.24
chicken	-0.16	1.78
threads	-0.16	2.44
statement	-0.16	2.96
sentence	-0.16	2.35
resolved	-0.15	2.79
strategic	-0.15	2.09
coded	-0.15	2.11
total	-0.15	2.44
melons	-0.15	2.03
reinforced	-0.15	2.40
trade	-0.15	2.17
moderators	-0.15	2.37
conversation	-0.15	2.58
doors	-0.15	2.25
participate	-0.15	2.59
horses	-0.15	2.16
capitalists	-0.15	2.02
traveling	-0.15	2.38
competent	-0.15	1.90
complete	-0.15	2.12
switch	-0.15	2.56
four	-0.15	2.71
attention	-0.15	2.33
conspiracy	-0.15	2.13
paper	-0.15	2.19
elaborate	-0.15	2.23
wasnt	-0.15	2.67
read	-0.15	2.68
count	-0.15	2.56
crops	-0.15	2.11
doge	-0.14	1.68
reading	-0.14	3.09
deleted	-0.14	2.54
1.0	-0.14	2.53
internal	-0.14	2.45
curiosity	-0.14	3.51
lock	-0.14	2.40
acid	-0.14	2.43
larger	-0.14	2.32
layer	-0.14	2.49
laughing	-0.14	3.04
bring	-0.14	3.45
army	-0.14	2.05
tealnerd	-0.14	2.17
anarchy	-0.14	2.05
content	-0.14	2.29
thousands	-0.14	2.50
r/civcraft	-0.13	2.47
hundred	-0.13	2.69
stand	-0.13	2.59
spell	-0.13	3.34
mob	-0.13	2.11
closed	-0.13	1.87
public	-0.13	2.33
arrows	-0.13	2.23
supplies	-0.13	2.39
ip	-0.13	2.30
tactics	-0.13	1.91
there	-0.13	4.38
badash	-0.13	2.36
influence	-0.13	2.14
lava	-0.13	2.32
effects	-0.13	2.07
occurred	-0.13	2.82
produced	-0.13	2.28
speed	-0.13	2.10
recipe	-0.13	2.27
fortress	-0.13	2.11
potion	-0.13	2.20
tick	-0.13	2.15
hunting	-0.13	2.68
whosnick	-0.13	1.99
survive	-0.12	2.61
materials	-0.12	2.35
belong	-0.12	2.43
minecraft	-0.12	2.13
cunt	-0.12	2.21
democracy	-0.12	2.03
tl	-0.12	1.92
plant	-0.12	2.52
international	-0.12	2.10
states	-0.12	2.16
edgy	-0.12	1.84
regardless	-0.12	4.08
blast	-0.12	2.68
fishing	-0.12	2.00
carrying	-0.12	2.52
discussing	-0.12	2.93
selling	-0.12	2.31
canadian	-0.12	2.27
cai	-0.12	2.55
valuables	-0.12	2.58
might	-0.12	4.32
actively	-0.12	2.19
adds	-0.12	2.02
positive	-0.12	1.91
pages	-0.12	2.24
protecting	-0.12	2.13
mind	-0.11	4.25
harsh	-0.11	1.86
wealth	-0.11	2.46
higher	-0.11	2.20
private	-0.11	2.47
bread	-0.11	1.93
hunters	-0.11	2.42
available	-0.11	2.20
bypass	-0.11	2.42
broke	-0.11	2.50
stops	-0.11	2.40
changing	-0.11	2.69
actually	-0.11	4.51
fixing	-0.11	2.51
tears	-0.11	2.19
ability	-0.11	2.97
limits	-0.11	2.18
emeralds	-0.11	2.17
sprint	-0.11	2.42
locked	-0.11	2.38
will	-0.11	4.24
obsidian	-0.11	2.39
basic	-0.11	1.68
however	-0.11	4.46
reinforcements	-0.11	2.40
following	-0.10	2.64
pumpkin	-0.10	1.99
required	-0.10	2.53
2-3	-0.10	2.75
bannable	-0.10	2.41
messing	-0.10	3.15
investment	-0.10	2.34
block	-0.10	2.51
chest	-0.10	2.53
elected	-0.10	2.11
or	-0.10	4.36
snitches	-0.10	2.58
inventory	-0.10	2.41
20	-0.10	2.44
diplomacy	-0.10	2.55
armed	-0.10	2.46
smart	-0.10	2.54
allowing	-0.10	2.53
stock	-0.10	2.09
stations	-0.10	2.14
easier	-0.10	2.74
store	-0.10	2.36
treaty	-0.10	2.24
drops	-0.10	2.17
controlled	-0.10	2.06
lay	-0.10	1.89
systems	-0.10	2.23
falling	-0.10	2.35
research	-0.10	2.18
genuine	-0.10	2.53
couple	-0.09	2.78
select	-0.09	2.38
yourselves	-0.09	2.63
box	-0.09	2.40
heated	-0.09	2.30
becomes	-0.09	2.40
proof	-0.09	2.76
broken	-0.09	2.59
movie	-0.09	2.33
affect	-0.09	2.55
dislike	-0.09	2.96
simulator	-0.09	2.13
wake	-0.09	2.24
obsession	-0.09	1.81
channels	-0.09	2.51
special	-0.09	2.31
help	-0.09	4.05
hardly	-0.09	2.51
aid	-0.09	2.24
bots	-0.09	2.09
largely	-0.08	2.61
guns	-0.08	2.34
prisoners	-0.08	2.31
defence	-0.08	2.11
realize	-0.08	4.45
power	-0.08	2.28
production	-0.08	2.20
signs	-0.08	2.49
ready	-0.08	2.86
flowers	-0.08	2.07
2.0	-0.08	2.63
shop	-0.08	2.22
regarding	-0.08	2.69
isnt	-0.08	2.45
tnt	-0.08	2.29
nearly	-0.08	2.99
payment	-0.08	2.29
11	-0.08	2.25
attempting	-0.08	2.97
room	-0.08	2.46
exp	-0.08	2.15
crafting	-0.08	2.07
comments	-0.08	2.43
hide	-0.08	2.77
rough	-0.08	1.89
town	-0.08	2.93
<SPECIAL>	-0.08	1.91
<URL>	-0.08	1.91
through	-0.07	2.44
nowhere	-0.07	2.69
void	-0.07	2.43
10d	-0.07	2.41
district	-0.07	2.09
screw	-0.07	1.82
geared	-0.07	2.24
atleast	-0.07	2.76
catch	-0.07	3.12
brand	-0.07	1.81
walk	-0.07	2.62
transfer	-0.07	2.51
looking	-0.07	4.27
chanada	-0.07	2.09
resident	-0.07	2.69
melon	-0.07	1.84
strength	-0.07	2.14
work	-0.07	4.36
enchantment	-0.07	2.26
site	-0.07	2.26
fresh	-0.07	2.31
10	-0.07	2.42
perhaps	-0.07	3.54
signed	-0.07	1.99
noticed	-0.07	3.56
ping	-0.07	2.04
economy	-0.07	2.29
average	-0.07	1.97
seven	-0.07	2.66
morals	-0.07	2.42
analogy	-0.07	2.54
bunker	-0.07	2.34
got	-0.07	3.45
pool	-0.07	2.51
lag	-0.07	2.35
thousand	-0.07	2.64
communication	-0.07	2.31
worlds	-0.07	2.09
uk	-0.07	2.19
become	-0.07	2.50
tools	-0.07	2.08
noted	-0.07	2.28
would	-0.07	4.35
enforcing	-0.07	1.98
1.8	-0.06	2.25
front	-0.06	2.36
shitposts	-0.06	2.25
therefore	-0.06	2.30
europe	-0.06	1.80
bow	-0.06	2.16
jumping	-0.06	2.84
enchants	-0.06	2.19
2014	-0.06	2.34
uia	-0.06	2.27
deep	-0.06	2.25
member	-0.06	2.30
maintained	-0.06	2.40
beginning	-0.06	2.62
snitch	-0.06	2.48
countries	-0.06	2.14
1d	-0.06	2.27
lower	-0.06	2.17
judgement	-0.06	2.50
found	-0.06	2.96
propose	-0.06	2.42
realisticbiomes	-0.06	2.39
feed	-0.06	2.16
sources	-0.06	2.23
activity	-0.06	2.25
river	-0.06	2.37
operate	-0.06	2.35
aim	-0.06	2.24
seconds	-0.06	2.77
place	-0.06	4.08
pure	-0.06	2.11
ten	-0.06	2.62
across	-0.06	2.39
factories	-0.06	2.26
anonymous	-0.06	1.88
placement	-0.06	2.28
incentive	-0.05	2.59
remind	-0.05	2.55
latter	-0.05	2.34
sovereign	-0.05	2.26
pieces	-0.05	2.39
chat	-0.05	2.44
cauldrons	-0.05	2.20
presented	-0.05	3.04
stuck	-0.05	2.46
process	-0.05	2.47
aka	-0.05	1.71
sarcasm	-0.05	2.22
affected	-0.05	2.53
rail	-0.05	2.10
rid	-0.05	2.16
co	-0.05	2.13
iteration	-0.05	2.40
manually	-0.05	2.24
diamonds	-0.05	2.50
dropping	-0.05	1.92
virtual	-0.05	2.28
swords	-0.05	2.13
recent	-0.05	2.51
degree	-0.05	2.39
principles	-0.05	2.40
control	-0.05	2.38
dropped	-0.05	2.27
somehow	-0.05	2.59
below	-0.05	2.31
confirm	-0.05	2.44
storage	-0.05	2.37
rise	-0.05	2.54
wander	-0.05	2.27
destroyed	-0.05	2.32
enchanted	-0.05	2.22
answered	-0.05	3.35
form	-0.05	2.12
njpalms	-0.04	1.74
troll	-0.04	1.88
full	-0.04	2.39
umm	-0.04	1.91
tag	-0.04	2.44
invaders	-0.04	2.39
moderation	-0.04	2.18
trap	-0.04	2.33
returning	-0.04	2.44
defenses	-0.04	2.28
gold	-0.04	2.21
celoxia	-0.04	2.69
return	-0.04	2.84
struggle	-0.04	2.16
relationships	-0.04	2.23
safe	-0.04	2.49
stack	-0.04	2.26
period	-0.04	2.65
weekly	-0.04	2.36
armor	-0.04	2.19
meaning	-0.04	2.13
plate	-0.04	2.38
history	-0.04	2.34
shopside	-0.04	2.19
format	-0.04	2.14
initial	-0.04	2.36
location	-0.04	2.56
online	-0.04	2.63
bukkit	-0.04	2.17
checks	-0.04	1.97
governments	-0.03	2.05
fix	-0.03	2.74
regen	-0.03	2.12
items	-0.03	2.54
corner	-0.03	2.47
engage	-0.03	2.25
entry	-0.03	2.12
ll	-0.03	3.93
citadel	-0.03	2.41
recipes	-0.03	2.24
fuel	-0.03	2.12
obby	-0.03	2.32
working	-0.03	3.86
tax	-0.03	2.15
acquire	-0.03	2.51
malen	-0.03	2.12
sent	-0.03	2.60
opinions	-0.03	2.42
standards	-0.03	2.23
favor	-0.03	2.36
spawn	-0.03	2.15
reached	-0.03	2.43
sole	-0.03	2.26
sets	-0.03	2.37
factions	-0.03	2.40
ender	-0.03	2.20
usage	-0.03	2.13
armour	-0.03	2.19
growing	-0.03	2.20
saplings	-0.03	2.17
represent	-0.02	2.25
named	-0.02	2.25
ingredients	-0.02	2.37
topic	-0.02	2.30
continues	-0.02	2.67
eyes	-0.02	1.77
sorts	-0.02	2.07
3rd	-0.02	2.41
grown	-0.02	2.34
connections	-0.02	2.15
part	-0.02	3.50
oak	-0.02	2.24
glowstone	-0.02	2.24
communist	-0.02	2.01
daily	-0.02	1.89
linked	-0.02	2.65
particular	-0.02	2.11
area	-0.02	2.51
pvpers	-0.02	2.14
wear	-0.02	1.95
covenant	-0.02	2.11
worry	-0.02	4.26
formal	-0.02	2.36
clone	-0.02	2.53
iron	-0.02	2.33
storm	-0.02	1.90
32	-0.02	2.27
level	-0.02	2.44
cauldron	-0.02	2.19
2012	-0.02	2.60
set	-0.02	2.24
intend	-0.02	2.82
central	-0.02	2.12
goods	-0.01	2.32
floor	-0.01	2.38
upgrade	-0.01	2.26
confirmed	-0.01	2.09
previous	-0.01	2.30
options	-0.01	2.45
chickens	-0.01	2.11
mass	-0.01	2.23
option	-0.01	2.81
cactus	-0.01	1.93
database	-0.01	2.29
page	-0.01	2.44
foreign	-0.01	2.09
unreasonable	-0.01	2.07
famous	-0.01	2.04
layers	-0.01	2.48
independence	-0.01	2.07
rogue	-0.01	1.69
blocks	-0.00	2.39
ton	-0.00	2.29
enchanting	-0.00	2.33
war	-0.00	2.17
disable	-0.00	2.54
string	-0.00	2.25
sticks	-0.00	2.33
path	-0.00	2.28
portal	-0.00	2.27
sidebar	-0.00	2.21
banning	-0.00	2.36
territory	0.00	2.31
extremely	0.00	2.48
bases	0.00	2.39
factory	0.00	2.26
successful	0.00	1.90
height	0.00	2.35
biggest	0.00	2.33
lot	0.00	3.53
technology	0.00	2.00
reports	0.00	2.25
rage	0.00	2.09
picks	0.00	2.26
logs	0.00	2.54
regular	0.00	2.30
cat	0.01	2.35
present	0.01	2.44
intended	0.01	2.80
consideration	0.01	2.54
name	0.01	2.73
increasing	0.01	2.16
saw	0.01	3.07
burn	0.01	2.27
alliance	0.01	2.11
rykleos	0.01	1.79
technically	0.01	3.08
downvoted	0.01	2.24
mushroom	0.01	2.03
six	0.01	2.83
rebuild	0.01	2.07
tunnel	0.01	2.22
mined	0.01	2.45
mining	0.01	2.44
folks	0.01	2.01
pick	0.01	2.31
mad	0.01	2.02
first	0.01	3.37
health	0.01	2.11
scale	0.01	2.03
via	0.01	2.40
prot4	0.01	2.21
titan	0.01	2.41
strike	0.02	2.28
civilizations	0.02	2.31
raw	0.02	2.14
6	0.02	2.64
maybe	0.02	4.26
kovio	0.02	1.94
disabled	0.02	2.37
please	0.02	3.59
plugin	0.02	2.27
function	0.02	2.29
resources	0.02	2.36
promise	0.02	3.23
emerald	0.02	2.29
military	0.02	2.19
grow	0.02	2.08
bottles	0.02	2.21
their	0.02	2.85
rails	0.02	2.16
democratic	0.02	2.00
expected	0.02	3.05
bought	0.02	2.32
throwaway	0.02	2.45
documentation	0.02	2.24
foofed	0.02	1.63
authority	0.02	2.13
ago	0.02	2.99
space	0.02	2.32
safely	0.02	2.82
restart	0.02	2.89
ghast	0.02	2.23
wood	0.02	2.22
sword	0.03	2.22
territories	0.03	2.19
running	0.03	2.74
grundeswald	0.03	2.26
era	0.03	2.39
officially	0.03	2.33
raised	0.03	2.63
inb4	0.03	2.22
winter	0.03	2.42
moment	0.03	3.11
powered	0.03	2.26
five	0.03	2.79
offer	0.03	2.68
meant	0.03	3.67
boots	0.03	2.24
explanation	0.03	2.33
civbounty	0.03	2.38
delivery	0.03	1.96
grab	0.03	2.50
enter	0.03	2.46
bed	0.03	2.54
president	0.03	1.91
2	0.03	2.51
newer	0.03	1.80
stuff	0.03	3.60
minecart	0.03	2.26
trees	0.03	2.15
smelter	0.03	2.41
prot	0.03	2.21
dirt	0.03	2.27
provides	0.03	2.44
single	0.03	3.10
hop	0.03	2.72
fighters	0.03	2.28
1k	0.03	2.53
hat	0.03	1.88
fan	0.03	2.78
within	0.04	2.45
requests	0.04	2.15
british	0.04	1.53
small	0.04	2.12
bar	0.04	2.06
gerbic	0.04	1.74
above	0.04	2.38
efficient	0.04	2.18
names	0.04	2.27
head	0.04	2.66
tons	0.04	2.71
trick	0.04	2.75
slander	0.04	2.20
faction	0.04	2.39
plain	0.04	2.23
helmet	0.04	2.20
link	0.04	2.77
eating	0.04	2.19
really	0.04	4.33
changelog	0.04	2.47
riding	0.04	2.24
cw	0.04	2.24
economic	0.04	2.05
comment	0.04	2.57
defined	0.04	2.28
bans	0.04	2.26
insert	0.04	2.12
output	0.04	2.28
tested	0.04	2.53
8	0.04	2.30
sheep	0.04	2.08
5	0.04	2.51
historical	0.04	2.01
particularly	0.04	2.46
whatsoever	0.04	2.19
gt	0.04	4.20
face	0.04	2.02
prussian	0.05	2.16
pickaxe	0.05	2.22
penis	0.05	2.06
limit	0.05	2.36
enemies	0.05	2.06
term	0.05	2.41
energy	0.05	2.29
potions	0.05	2.14
rekvia	0.05	2.18
loadout	0.05	2.05
ending	0.05	2.09
carts	0.05	2.19
diamond	0.05	2.28
timer	0.05	2.30
citizens	0.05	2.33
advanced	0.05	2.09
farms	0.05	2.01
society	0.05	2.04
nea	0.05	2.22
water	0.05	2.25
usual	0.05	2.26
hopper	0.05	2.15
producing	0.05	2.31
reporting	0.05	1.77
wars	0.05	2.43
dc	0.05	2.21
realise	0.05	2.72
diplomatic	0.05	2.36
silk	0.05	2.22
fps	0.05	2.14
track	0.05	2.23
hoppers	0.05	2.24
areas	0.05	2.37
blackcrown	0.05	2.02
completely	0.05	2.55
clients	0.05	2.46
filled	0.06	2.35
teleport	0.06	2.41
lists	0.06	2.45
focused	0.06	2.14
raise	0.06	1.94
minutes	0.06	2.87
bedrock	0.06	2.39
test	0.06	2.54
reddit	0.06	2.59
events	0.06	2.42
material	0.06	2.30
united	0.06	2.20
code	0.06	2.14
sand	0.06	2.18
books	0.06	2.22
sharp	0.06	2.13
aytos	0.06	2.19
24	0.06	2.38
percentage	0.06	2.23
mechanic	0.06	2.44
branch	0.06	2.20
bows	0.06	2.04
eldoorn	0.06	2.01
ore	0.06	2.31
stacks	0.06	2.34
automatically	0.06	2.30
unbanned	0.06	2.80
cobble	0.06	2.31
factorymod	0.06	2.29
self	0.06	2.18
requires	0.06	2.34
4	0.07	2.41
sit	0.07	2.84
delete	0.07	2.58
text	0.07	2.15
7	0.07	2.48
create	0.07	2.47
tall	0.07	2.11
kappi	0.07	2.11
connect	0.07	2.25
trading	0.07	2.04
easiest	0.07	2.48
minecarts	0.07	2.20
responsibility	0.07	2.05
hoping	0.07	3.20
possible	0.07	2.93
cobblestone	0.07	2.17
lasted	0.07	2.78
adding	0.07	2.52
settled	0.07	2.71
note	0.07	3.13
practice	0.07	1.77
1000	0.07	2.40
bank	0.07	2.23
mistaken	0.07	4.32
east	0.07	2.44
wearing	0.07	2.24
discussion	0.07	2.38
refuse	0.07	2.96
stayed	0.07	2.57
image	0.07	1.82
entitled	0.07	2.21
terms	0.07	2.25
minister	0.07	2.13
prisonpearl	0.07	2.27
cart	0.07	2.26
empty	0.07	2.28
government	0.08	2.08
afk	0.08	2.18
travel	0.08	2.37
pot	0.08	2.07
fire	0.08	2.19
american	0.08	2.05
zone	0.08	2.27
admins	0.08	2.28
summer	0.08	2.57
viridian	0.08	2.18
afaik	0.08	2.53
stopping	0.08	2.52
unfair	0.08	2.23
locations	0.08	2.48
stable	0.08	1.91
cave	0.08	2.45
send	0.08	2.89
magic	0.08	1.96
solid	0.08	2.45
scaling	0.08	2.28
border	0.09	2.39
danzilonan	0.09	2.27
steps	0.09	2.48
visited	0.09	2.82
legit	0.09	2.76
ancaps	0.09	1.91
push	0.09	2.31
script	0.09	2.06
ended	0.09	2.60
each	0.09	2.94
touch	0.09	2.29
equipment	0.09	2.34
allows	0.09	2.30
buckets	0.09	2.30
gear	0.09	2.31
role	0.09	2.20
enough	0.09	3.58
realistic	0.09	2.43
later	0.09	3.34
express	0.09	2.68
years	0.09	2.77
18	0.09	2.31
values	0.09	2.36
dark	0.09	1.94
station	0.10	2.09
laughed	0.10	2.28
testing	0.10	2.44
pumpkins	0.10	2.11
worth	0.10	2.84
edge	0.10	2.48
range	0.10	2.37
64d	0.10	2.28
west	0.10	2.33
railway	0.10	2.14
himself	0.10	2.70
laptop	0.10	2.19
iii	0.10	2.26
modify	0.10	2.53
modmail	0.10	2.60
crop	0.10	2.15
vacation	0.10	2.10
minimal	0.11	2.22
positions	0.11	2.19
children	0.11	1.87
book	0.11	2.25
occasionally	0.11	2.26
screwed	0.11	2.56
64	0.11	2.24
16	0.11	2.31
tunnels	0.11	2.21
mc	0.11	2.22
creation	0.11	2.25
unbreaking	0.11	2.24
connected	0.11	2.18
hearts	0.11	2.30
12	0.11	2.30
verify	0.11	2.01
minus	0.11	2.36
iv	0.11	2.21
over	0.11	3.02
shoot	0.11	2.84
ocean	0.11	2.28
reduce	0.11	2.20
ii	0.11	2.16
assumed	0.11	3.06
insane	0.11	2.32
reflect	0.11	3.01
goal	0.11	2.71
quite	0.11	2.86
attempt	0.12	2.64
cultural	0.12	1.95
shared	0.12	2.10
boat	0.12	2.25
conflicts	0.12	2.74
assembly	0.12	2.35
time	0.12	3.16
entities	0.12	2.26
surely	0.12	2.37
too	0.12	3.64
second	0.12	2.99
fly	0.12	2.34
tier	0.12	2.13
whilst	0.12	1.88
included	0.12	2.12
crap	0.12	2.33
weight	0.12	2.40
study	0.12	1.72
eggs	0.12	2.19
piece	0.12	2.28
borders	0.12	2.28
windows	0.12	1.72
connecting	0.12	2.33
major	0.12	2.47
manage	0.12	2.62
thus	0.12	2.20
copies	0.12	2.30
arran	0.12	2.24
distribution	0.12	2.09
round	0.13	2.33
neutral	0.13	2.55
road	0.13	2.12
proposal	0.13	2.41
fights	0.13	2.20
finished	0.13	2.68
performance	0.13	2.26
focusing	0.13	2.62
lio	0.13	2.28
charcoal	0.13	2.27
merge	0.13	2.20
pressure	0.13	2.24
gathering	0.13	2.30
quartz	0.13	2.17
add	0.13	3.06
letting	0.13	3.12
defensive	0.13	1.60
debate	0.13	2.25
surrounded	0.13	2.25
organize	0.13	2.17
huh	0.13	1.92
arent	0.13	2.11
maintenance	0.13	2.37
crying	0.13	2.22
radius	0.13	2.36
praxis	0.13	2.00
trigger	0.13	2.04
smaller	0.13	2.33
updated	0.13	2.49
walked	0.13	2.63
operation	0.13	2.13
servers	0.13	2.46
village	0.14	2.04
reality	0.14	2.60
reach	0.14	2.51
dev	0.14	2.16
low	0.14	2.12
stored	0.14	2.49
peaceful	0.14	2.14
message	0.14	2.86
updates	0.14	2.26
9	0.14	2.31
highly	0.14	2.33
fund	0.14	2.30
structures	0.14	2.32
wiki	0.14	2.45
hidden	0.14	2.48
forced	0.14	2.21
fucks	0.14	2.12
seem	0.14	3.84
cut	0.14	2.52
whoever	0.14	2.78
island	0.14	2.30
rather	0.14	2.28
typically	0.14	2.35
server	0.14	2.71
powerful	0.14	2.00
reply	0.14	2.80
reasonably	0.14	2.31
separate	0.14	2.43
fairly	0.14	2.47
sky	0.14	2.32
returns	0.15	1.94
consensus	0.15	2.35
ideas	0.15	2.13
normal	0.15	2.18
team	0.15	2.32
axe	0.15	2.21
north	0.15	2.42
colony	0.15	2.29
journey	0.15	2.41
powers	0.15	2.15
stone	0.15	2.30
humbug	0.15	2.24
vein	0.15	2.42
ores	0.15	2.42
honest	0.15	2.64
soul	0.15	2.06
upvotes	0.15	1.88
growth	0.15	2.30
mountain	0.15	2.24
existing	0.15	2.36
main	0.15	2.76
pushing	0.15	2.32
shit	0.15	3.30
patch	0.16	2.07
portals	0.16	2.37
biomes	0.16	2.20
rb	0.16	2.30
anyway	0.16	4.30
civtest	0.16	2.42
u3p	0.16	2.25
views	0.16	2.44
homes	0.16	2.25
may	0.16	4.33
entity	0.16	2.43
development	0.16	1.89
quadrant	0.16	2.44
roof	0.16	2.33
south	0.16	2.30
shock	0.16	1.61
machines	0.16	2.12
region	0.17	2.27
showing	0.17	2.63
programming	0.17	1.62
pots	0.17	2.15
dig	0.17	2.68
veins	0.17	2.38
perspective	0.17	2.30
incredibly	0.17	2.50
ancora	0.17	2.17
config	0.17	2.28
papa	0.17	2.30
monaco	0.17	2.37
capital	0.17	2.53
season	0.17	2.02
15	0.17	2.44
leadership	0.17	2.16
3d	0.17	2.29
platform	0.17	2.09
bird	0.17	1.79
peoples	0.17	2.25
talk	0.17	3.62
acceptable	0.18	2.61
defeat	0.18	2.28
appear	0.18	2.07
final	0.18	2.13
council	0.18	2.17
replace	0.18	2.51
agreement	0.18	2.31
personally	0.18	4.24
revenge	0.18	2.29
added	0.18	2.63
logout	0.18	2.43
size	0.18	2.22
fully	0.18	2.77
havent	0.18	3.02
roleplaying	0.18	1.96
federation	0.18	2.13
imgur	0.18	2.10
instant	0.18	2.46
populated	0.18	1.99
balancing	0.19	2.25
endstone	0.19	2.29
mountains	0.19	2.28
bitch	0.19	2.35
reasonable	0.19	2.00
directly	0.19	2.33
generation	0.19	2.22
usa	0.19	2.10
slime	0.19	2.02
community	0.19	2.16
till	0.19	2.89
admin	0.19	2.21
leads	0.19	2.20
macro	0.19	2.33
date	0.19	2.56
report	0.19	2.33
1.7.10	0.19	2.36
america	0.19	1.95
vs	0.19	2.19
client	0.19	2.46
enabled	0.19	2.28
bot	0.19	2.11
holiday	0.19	2.05
player	0.19	2.77
vanilla	0.19	2.29
kick	0.19	2.50
upper	0.19	2.25
shotbow	0.19	2.10
zombie	0.19	2.01
official	0.20	2.26
biome	0.20	2.17
minute	0.20	2.76
senntisten	0.20	2.25
versions	0.20	2.33
resource	0.20	2.08
polska	0.20	2.20
extend	0.20	2.25
likely	0.20	3.33
stronger	0.20	2.26
keyboard	0.20	2.67
lands	0.20	2.20
maintain	0.20	2.31
finish	0.20	2.82
organization	0.20	2.23
complex	0.20	2.06
plus	0.20	2.30
per	0.20	2.32
unfortunately	0.20	2.54
begin	0.20	2.51
teams	0.20	2.23
faster	0.20	2.19
boys	0.21	1.93
ideally	0.21	2.96
food	0.21	2.00
wrote	0.21	2.46
1	0.21	2.30
github	0.21	2.32
wonders	0.21	2.12
settle	0.21	2.81
skills	0.21	1.64
picture	0.21	2.13
14	0.21	2.46
shows	0.21	2.57
computer	0.21	1.94
auto	0.21	1.94
dug	0.21	2.41
messages	0.21	2.38
somewhat	0.21	2.49
islands	0.22	2.27
questions	0.22	3.26
legally	0.22	2.48
plot	0.22	2.40
playing	0.22	3.05
17	0.22	2.28
forge	0.22	2.43
based	0.22	2.53
phone	0.22	2.45
search	0.22	2.32
developing	0.22	2.37
written	0.22	2.30
submit	0.22	2.24
escape	0.22	2.48
commie	0.22	2.04
bug	0.22	2.31
construct	0.22	2.18
base	0.22	2.42
remembered	0.22	2.85
horse	0.22	2.10
developers	0.22	2.60
pics	0.23	2.48
near	0.23	2.58
generate	0.23	2.59
sanwi	0.23	2.41
sitting	0.23	2.73
every	0.23	3.07
passing	0.23	2.38
msg	0.23	2.70
declared	0.23	2.07
detail	0.23	2.79
entire	0.23	2.52
desert	0.23	2.21
ideologies	0.23	2.00
links	0.23	2.59
strong	0.23	2.04
seriously	0.23	3.32
lore	0.23	2.46
latvia	0.23	1.91
voice	0.23	2.28
setup	0.23	2.02
est	0.23	2.41
dudes	0.23	2.70
commies	0.24	1.63
hiding	0.24	2.39
hacking	0.24	2.28
quick	0.24	2.31
folder	0.24	2.13
anytime	0.24	2.51
zero	0.24	2.43
april	0.24	2.66
dirty	0.24	1.93
suspect	0.24	2.91
invade	0.24	2.45
especially	0.24	3.01
request	0.24	2.23
detroit	0.24	2.18
resistance	0.24	2.15
tonight	0.24	3.27
conditions	0.24	2.14
taste	0.24	1.85
flat	0.24	2.48
plains	0.25	2.17
coal	0.25	2.25
mine	0.25	2.52
dream	0.25	2.07
ryden	0.25	2.23
pm	0.25	3.16
generated	0.25	2.22
former	0.25	2.25
solution	0.25	2.73
combat	0.25	2.32
wealthy	0.25	2.02
cuz	0.25	2.09
tbh	0.25	2.20
aegina	0.25	2.16
weeks	0.25	3.06
seeing	0.25	3.84
sale	0.25	2.33
settlement	0.25	2.22
duty	0.25	2.23
commonwealth	0.26	2.24
naked	0.26	2.31
maintaining	0.26	2.34
interactions	0.26	2.23
clay	0.26	1.97
including	0.26	2.38
inside	0.26	2.42
hacked	0.26	2.30
smooth	0.26	2.38
civpvp	0.26	2.27
mod	0.26	2.38
young	0.26	1.86
behalf	0.26	2.01
half	0.27	2.82
nerf	0.27	2.24
hang	0.27	3.18
last	0.27	3.03
fucker	0.27	2.24
collecting	0.27	2.42
guys	0.27	4.18
buff	0.27	2.01
days	0.27	3.01
bridge	0.27	2.00
communism	0.27	1.96
hug	0.27	2.01
mouth	0.28	2.31
opening	0.28	1.92
accessible	0.28	1.98
type	0.28	2.74
established	0.28	2.39
using	0.28	2.52
nether	0.28	2.23
feature	0.28	2.48
write	0.28	2.30
management	0.28	2.17
western	0.28	1.99
hours	0.28	2.72
underground	0.28	2.36
hamster	0.28	2.39
hour	0.28	2.67
overworld	0.28	2.29
screen	0.28	2.32
current	0.28	2.58
shots	0.29	2.20
extended	0.29	2.13
hunger	0.29	1.82
contract	0.29	2.27
busy	0.29	2.29
carbon	0.29	2.16
media	0.29	1.84
latest	0.29	2.37
cords	0.29	2.81
grinder	0.29	1.96
default	0.29	2.52
credit	0.29	2.54
isle	0.29	2.33
party	0.29	2.15
enjoy	0.29	2.75
theory	0.29	2.05
modified	0.29	2.15
writing	0.29	2.28
similar	0.29	2.21
won	0.29	2.33
2013	0.29	2.55
orion	0.29	2.21
negotiate	0.29	2.64
atm	0.29	2.74
mode	0.29	2.16
focus	0.29	2.19
home	0.29	2.66
mods	0.30	2.42
months	0.30	2.92
input	0.30	2.30
little	0.30	3.08
x-ray	0.30	2.43
beyond	0.30	2.46
sight	0.30	2.55
holes	0.30	2.29
eye	0.30	2.02
fish	0.30	1.91
clearing	0.30	2.37
pointless	0.30	2.16
suck	0.30	1.73
wild	0.30	2.35
plugins	0.30	2.17
battles	0.30	2.21
meh	0.30	2.02
month	0.30	3.01
original	0.31	2.19
wilderness	0.31	2.41
houses	0.31	2.32
myself	0.31	3.49
mail	0.31	2.34
late	0.31	2.69
top	0.31	2.41
buddies	0.31	2.12
residents	0.31	2.27
depends	0.31	2.75
traps	0.32	2.20
blocked	0.32	2.10
house	0.32	2.53
parties	0.32	2.47
naturally	0.32	2.31
today	0.32	3.06
riptide	0.32	2.08
transportation	0.32	2.29
ppl	0.32	2.53
wide	0.32	2.30
update	0.32	2.51
controversial	0.32	1.82
source	0.32	1.99
mainly	0.32	2.23
jobs	0.32	2.00
0,0	0.32	2.32
expand	0.32	2.28
version	0.32	2.43
botting	0.33	2.12
citizen	0.33	2.33
forcing	0.33	2.39
glitch	0.33	2.26
printing	0.33	2.07
office	0.33	1.95
civil	0.33	1.89
hell	0.33	4.25
establish	0.33	2.20
forest	0.33	2.15
donate	0.33	2.87
union	0.33	2.19
massive	0.33	2.23
blow	0.34	2.22
classes	0.34	1.76
laid	0.34	2.25
augusta	0.34	2.20
parts	0.34	2.22
email	0.34	2.45
step	0.34	2.35
opposite	0.34	2.57
waiting	0.34	3.29
loading	0.34	2.33
walls	0.34	2.24
basement	0.34	2.39
week	0.34	3.08
nation	0.34	2.33
highest	0.34	2.23
friends	0.34	2.41
username	0.34	2.31
christmas	0.34	2.29
difficulty	0.35	2.18
class	0.35	1.85
men	0.35	1.95
extreme	0.35	2.17
important	0.35	2.01
cold	0.35	2.12
teajizzle	0.35	1.89
1.7.2	0.35	2.43
fascist	0.35	1.70
tomorrow	0.35	2.91
republic	0.35	2.11
purpose	0.36	2.55
coords	0.36	3.09
in-game	0.36	2.55
punch	0.36	1.88
coordinates	0.36	2.50
jar	0.36	2.29
skill	0.36	2.07
boats	0.36	1.77
federal	0.36	2.30
policies	0.36	2.13
valuable	0.36	2.21
forum	0.37	2.12
ignored	0.37	2.55
networks	0.37	2.24
minas	0.37	1.86
protection	0.37	1.92
straight	0.37	2.16
install	0.37	2.38
description	0.37	2.39
haven	0.37	2.20
tree	0.37	2.16
old	0.37	2.27
cash	0.37	2.22
mother	0.37	1.88
morning	0.37	2.70
population	0.37	2.16
redstone	0.37	2.23
key	0.37	2.24
hack	0.37	2.02
receive	0.37	2.32
intis	0.38	2.44
unable	0.38	2.58
jungle	0.38	2.18
own	0.38	2.56
sun	0.38	2.12
measure	0.38	2.47
world	0.38	2.56
night	0.39	2.79
plots	0.39	2.30
equinox	0.39	2.18
founder	0.39	2.35
onto	0.39	2.58
win	0.39	2.37
almost	0.39	3.54
brain	0.39	2.38
loose	0.39	2.25
macromod	0.39	2.12
monster	0.39	2.05
hummel	0.39	2.30
assuming	0.39	4.36
handed	0.40	2.20
rare	0.40	2.00
soon	0.40	3.53
bob	0.40	2.16
activities	0.40	2.24
dzf	0.40	2.22
mature	0.40	2.01
youtube	0.40	1.51
didnt	0.40	3.26
efforts	0.40	2.32
prefer	0.40	2.66
ice	0.40	2.17
radar	0.40	2.52
wont	0.40	3.15
mount	0.41	2.20
map	0.41	2.44
flags	0.41	1.98
voluntary	0.41	2.40
ass	0.41	2.20
silly	0.41	1.85
yours	0.41	2.50
increase	0.41	2.13
frequently	0.41	2.12
balance	0.41	2.27
abandoned	0.41	2.42
battle	0.41	2.28
known	0.41	2.65
karma	0.41	2.05
relevant	0.42	2.30
practical	0.42	2.13
crack	0.42	2.09
works	0.42	3.37
aurora	0.42	2.19
planning	0.42	3.01
cant	0.42	3.17
order	0.42	2.54
progress	0.42	2.13
ego	0.43	2.03
relatively	0.43	2.55
play	0.43	3.20
prepare	0.43	1.96
aware	0.43	4.47
joking	0.43	3.34
direct	0.43	2.20
gib	0.43	2.14
prussia	0.44	2.13
reputation	0.44	2.22
rich	0.44	2.29
leaders	0.44	2.29
rallag	0.44	1.87
pull	0.44	2.19
leaving	0.44	2.51
saraliana	0.44	1.91
open	0.44	1.94
infrastructure	0.45	2.17
xiphias	0.45	2.07
developed	0.45	2.19
gladly	0.45	2.91
age	0.45	2.22
mall	0.45	2.04
closest	0.45	2.34
empire	0.45	2.28
structure	0.45	2.15
furnace	0.46	2.27
coincidence	0.46	2.37
drinking	0.46	2.36
mt	0.46	2.23
wall	0.46	2.25
drive	0.46	2.29
gordon	0.46	2.11
next	0.46	3.13
brick	0.46	2.09
outside	0.47	2.36
opposition	0.47	2.22
determined	0.47	2.50
another	0.47	3.52
year	0.47	2.72
forth	0.47	2.30
mechanics	0.47	2.13
register	0.47	2.30
thought	0.47	3.99
commands	0.47	2.37
saturday	0.47	2.70
distance	0.48	2.35
purposes	0.48	2.37
file	0.48	2.16
dicks	0.48	2.21
changes	0.48	2.20
answers	0.48	2.78
efficiency	0.48	2.29
active	0.48	2.12
nearby	0.48	2.28
mostly	0.48	2.91
addition	0.48	2.27
item	0.49	2.31
creates	0.49	2.06
capable	0.49	2.73
view	0.50	2.27
nl	0.50	2.29
feasible	0.50	2.35
shut	0.50	2.15
settings	0.50	2.36
fallen	0.50	2.09
poll	0.50	2.09
country	0.50	1.85
chunk	0.50	2.41
games	0.50	1.97
eh	0.50	2.12
besides	0.51	3.20
success	0.51	1.95
stay	0.51	2.88
understandable	0.51	2.09
jenkins	0.51	2.17
politics	0.51	2.40
shall	0.51	2.53
peak	0.51	2.25
older	0.51	2.11
causes	0.51	1.91
custom	0.52	2.24
local	0.52	1.92
cuba	0.52	2.08
obtain	0.52	2.43
shame	0.52	2.07
heads	0.52	1.90
metro	0.52	2.19
devs	0.52	2.21
bound	0.52	2.06
save	0.52	2.58
network	0.53	2.19
creating	0.53	2.14
grew	0.53	2.33
global	0.53	1.98
rourke	0.53	2.23
wasted	0.53	2.16
giant	0.53	2.08
theirs	0.53	2.28
primary	0.53	2.32
ruined	0.53	1.49
pistons	0.53	2.12
calm	0.53	1.92
surface	0.53	2.26
ndz	0.53	2.13
somthing	0.53	2.45
13	0.54	2.37
wouldnt	0.54	2.84
fort	0.54	2.14
towers	0.54	2.32
glass	0.54	2.10
y'all	0.54	2.03
phil	0.54	1.90
improvement	0.54	2.59
hurts	0.55	2.11
shape	0.55	1.76
bit	0.55	3.03
exception	0.55	2.17
loaded	0.55	2.36
error	0.55	2.41
failure	0.55	2.09
surrounding	0.55	2.13
fashion	0.55	2.08
dog	0.55	2.14
economics	0.56	2.15
suggest	0.56	2.84
designs	0.56	1.91
churchill	0.56	2.21
girl	0.56	1.78
portion	0.56	2.29
xray	0.56	2.36
an	0.56	2.77
bryn	0.56	2.10
load	0.56	2.35
hmmm	0.56	2.38
lots	0.56	2.58
terminus	0.56	2.14
chunks	0.57	2.24
transport	0.57	2.21
finally	0.57	2.80
center	0.57	2.35
merely	0.57	2.15
ugly	0.57	1.64
egg	0.57	1.92
administration	0.57	1.88
dunno	0.57	2.63
kohi	0.57	2.23
digging	0.58	2.36
classic	0.58	1.74
rock	0.58	1.56
judging	0.58	2.26
cover	0.58	2.28
overall	0.58	2.05
host	0.58	2.28
develop	0.58	1.73
epicus	0.58	2.53
bastard	0.58	2.20
travelling	0.58	2.29
details	0.58	2.91
dont	0.59	3.58
street	0.59	2.05
clarify	0.59	2.61
un	0.59	1.87
reported	0.59	2.16
word	0.59	2.54
living	0.59	2.47
monarchy	0.60	2.08
iirc	0.60	2.17
combined	0.60	1.76
ruin	0.60	1.95
interested	0.60	3.59
trip	0.60	2.24
loveshack	0.60	2.03
screens	0.60	2.37
user	0.60	2.09
backwards	0.61	2.23
installed	0.61	2.40
sorta	0.61	2.69
wooden	0.61	2.14
eastern	0.61	2.06
live	0.61	3.32
disease	0.61	2.03
tower	0.61	2.15
apologize	0.61	2.13
must	0.62	3.09
ingame	0.62	2.61
experiences	0.62	2.32
spider	0.62	1.95
stage	0.62	2.18
though	0.62	4.05
social	0.62	2.08
revolution	0.63	1.98
fellowship	0.63	2.13
spigot	0.63	2.28
cleared	0.63	2.51
sort	0.63	2.25
etherium	0.63	2.22
science	0.63	1.75
fill	0.63	2.41
expansion	0.63	2.22
incorrect	0.63	3.57
impossible	0.64	2.66
character	0.64	2.42
approve	0.64	2.41
whats	0.64	2.89
political	0.64	2.26
pro	0.64	2.17
benefits	0.64	2.00
simulation	0.64	2.23
allies	0.64	2.07
check	0.64	3.21
suppose	0.65	3.12
sketchy	0.65	1.92
collection	0.65	2.23
productive	0.65	1.70
invited	0.65	2.45
intentions	0.65	2.73
offense	0.65	2.00
suggestion	0.66	2.09
noob	0.66	2.00
checking	0.66	2.52
3	0.66	2.61
business	0.66	2.13
alot	0.66	2.35
copy	0.66	2.30
peacefully	0.67	2.39
circle	0.67	2.05
construction	0.67	2.26
workers	0.67	2.04
faith	0.67	1.97
ftfy	0.67	2.18
careful	0.67	2.23
minimap	0.67	2.36
roleplay	0.68	1.99
barely	0.68	2.45
password	0.68	2.41
danzilona	0.68	2.15
bloc	0.68	2.17
hitler	0.68	2.59
forgive	0.68	2.42
missing	0.68	3.98
memes	0.69	1.70
animal	0.69	2.03
contribute	0.69	2.26
rep	0.69	2.27
creepy	0.69	1.92
v	0.69	2.12
tea	0.69	1.75
wise	0.69	2.31
swear	0.69	1.99
board	0.69	1.88
square	0.70	2.15
dare	0.70	2.20
meeting	0.70	2.56
basis	0.70	2.10
netherfactories	0.70	2.43
grand	0.70	2.12
extra	0.71	2.42
victory	0.71	1.95
aeon	0.71	2.32
cancer	0.71	2.01
lets	0.71	2.73
aspect	0.71	2.08
skin	0.71	1.84
journeymap	0.72	2.30
istanbul	0.72	2.27
weekend	0.72	2.94
ironic	0.72	1.87
difficult	0.72	2.11
bucket	0.72	2.24
closer	0.72	2.23
enjoying	0.72	1.99
build	0.72	2.42
core	0.73	1.79
mom	0.73	2.00
review	0.74	2.30
optifine	0.74	2.18
upload	0.74	2.23
strategy	0.74	2.04
warfare	0.74	2.25
sometime	0.74	3.19
1.7	0.74	2.37
1.7.4	0.74	2.35
rainmark	0.74	2.08
hardcore	0.74	2.28
pella	0.75	2.23
ratio	0.75	2.08
necessary	0.75	2.32
perfectly	0.76	2.60
recorded	0.76	2.08
quiet	0.76	2.08
pants	0.76	2.10
pass	0.76	2.23
related	0.76	2.21
opportunities	0.76	2.39
erocs	0.77	2.07
dovah	0.77	1.80
spot	0.77	2.11
hermit	0.77	2.03
worried	0.77	2.82
russia	0.78	1.86
screenshots	0.78	2.29
interaction	0.78	2.20
wait	0.78	3.60
sunday	0.78	2.53
software	0.78	1.89
come	0.78	3.59
services	0.78	1.62
participating	0.78	2.59
company	0.79	1.94
independent	0.79	2.12
tear	0.79	2.16
philosophy	0.79	1.96
lightning	0.79	1.97
experience	0.79	2.24
propaganda	0.79	1.67
league	0.80	2.40
meet	0.80	2.67
money	0.80	2.54
hands	0.80	2.23
actual	0.80	2.55
kingdom	0.80	2.29
turned	0.80	2.56
university	0.80	1.95
jacky	0.81	1.47
whole	0.81	2.75
ill	0.81	3.13
complicated	0.81	1.97
kid	0.81	2.14
model	0.81	1.97
lesson	0.81	2.44
tip	0.82	2.02
built	0.82	2.20
remnant	0.82	2.15
your	0.82	3.30
watched	0.82	1.96
fits	0.82	3.13
ideal	0.82	2.24
understanding	0.82	2.53
share	0.82	2.95
download	0.82	2.29
state	0.83	2.11
flying	0.83	2.08
reliable	0.83	2.12
iria	0.83	2.19
images	0.83	2.22
recording	0.84	2.10
civilization	0.85	2.18
civcraft	0.85	2.61
fixed	0.85	2.56
grind	0.85	2.03
task	0.85	2.35
useless	0.86	2.15
shitpost	0.86	1.77
visitors	0.86	2.28
ma	0.86	2.08
peace	0.86	2.05
command	0.86	2.35
library	0.86	2.08
de	0.87	1.91
hes	0.87	2.40
medieval	0.87	2.29
located	0.87	2.66
concept	0.87	2.09
hopefully	0.87	3.28
la	0.87	1.91
le	0.87	1.79
series	0.88	1.90
visiting	0.88	2.77
gift	0.89	2.21
files	0.89	2.21
park	0.89	1.98
deliver	0.89	2.16
lowtuff	0.89	2.10
ye	0.90	1.70
math	0.90	1.79
design	0.90	1.92
although	0.91	3.26
challenge	0.91	1.91
drink	0.91	2.03
uhh	0.91	2.16
e-lego	0.91	2.61
fancy	0.92	2.33
secret	0.92	2.40
hexagon	0.92	1.94
neighbors	0.92	1.84
gods	0.92	1.67
such	0.93	2.17
swag	0.93	1.93
engineering	0.93	1.91
national	0.93	1.92
card	0.93	2.13
idk	0.94	3.14
radarbro	0.94	2.29
big	0.94	2.13
ie	0.95	1.65
worked	0.95	3.06
dr	0.96	2.12
sake	0.96	1.97
accepting	0.97	2.46
fair	0.97	2.44
snow	0.97	2.02
wizard	0.97	1.97
frame	0.98	2.18
coast	0.98	2.18
visible	0.98	2.17
castle	0.98	2.11
forgotten	0.98	2.68
entirety	0.99	2.33
brother	0.99	2.19
table	0.99	2.14
mixed	1.00	2.06
reminds	1.00	1.66
everyday	1.01	2.03
expanding	1.01	2.21
short	1.01	2.05
introduce	1.02	2.29
created	1.02	2.23
upvoted	1.02	2.01
sorry	1.02	3.55
super	1.02	2.47
statue	1.02	1.82
floating	1.03	1.95
imo	1.04	2.17
ez	1.05	2.04
additional	1.05	2.29
lad	1.05	2.30
funny	1.06	2.57
chris	1.06	1.90
contact	1.06	3.00
loads	1.06	2.13
butt	1.06	2.17
centauri	1.06	2.07
respected	1.07	2.09
asap	1.07	2.92
1v1	1.07	2.11
ogel	1.08	2.89
king	1.08	2.06
born	1.08	2.20
explains	1.08	2.47
true	1.08	3.86
h	1.09	2.04
nope	1.09	3.73
fast	1.09	2.24
heart	1.09	1.87
videos	1.10	1.73
golden	1.10	2.10
proud	1.10	2.69
apology	1.10	2.14
weed	1.11	1.89
pussy	1.11	2.12
comparison	1.11	1.88
spqr	1.11	2.15
glory	1.11	2.01
itaqi	1.12	2.08
guide	1.12	2.13
honor	1.12	2.10
dad	1.12	1.96
building	1.13	2.39
brb	1.13	1.94
data	1.13	2.23
sense	1.13	2.90
joining	1.14	2.69
na	1.14	3.30
felt	1.14	2.99
meaningful	1.15	2.20
college	1.15	1.89
very	1.15	2.53
pictures	1.16	2.18
school	1.16	1.97
aswell	1.16	2.46
pvp	1.16	2.17
res	1.16	2.05
excited	1.16	2.63
guess	1.17	3.64
teal	1.17	2.19
program	1.18	1.98
meme	1.18	1.85
mix	1.18	1.93
dynamic	1.19	2.18
ol	1.19	2.06
d	1.19	2.81
comrades	1.19	1.99
watching	1.19	1.80
friend	1.20	2.30
useful	1.20	1.82
sigh	1.20	1.66
bay	1.20	2.05
duke	1.21	2.25
id	1.22	2.18
finding	1.22	2.51
venk	1.22	1.91
tour	1.23	2.26
gg	1.23	2.11
depth	1.23	2.16
builders	1.24	2.16
plans	1.25	2.25
religion	1.25	1.73
convert	1.25	2.24
hero	1.26	1.66
experiment	1.26	2.10
irl	1.26	2.36
downvotes	1.26	2.03
our	1.27	2.55
congrats	1.29	2.30
heh	1.29	2.37
looked	1.29	2.77
dat	1.30	1.91
filetophil	1.31	2.07
edited	1.31	1.86
real	1.31	3.06
rest	1.32	2.86
wishes	1.32	1.97
future	1.32	2.58
bolledeboll	1.33	2.18
recommend	1.33	2.34
shitposting	1.34	2.00
club	1.34	1.73
presence	1.34	1.91
master	1.35	2.24
scary	1.35	2.66
album	1.36	2.13
wan	1.36	2.92
boy	1.37	2.01
arstotzka	1.38	1.89
creative	1.38	2.18
correctly	1.39	2.84
roma	1.40	2.22
tho	1.40	1.95
feedback	1.41	2.10
definitely	1.41	3.19
teach	1.42	2.26
modern	1.42	1.86
projects	1.42	2.23
son	1.42	2.29
contest	1.42	1.74
saved	1.43	2.69
odd	1.43	1.92
my	1.43	2.77
baby	1.44	1.81
n	1.44	2.12
amp	1.45	2.14
tips	1.45	1.77
flair	1.46	1.94
plz	1.46	2.07
themed	1.46	2.24
memorial	1.46	1.83
constructed	1.46	2.08
leningrad	1.46	2.05
dragon	1.46	1.98
choice	1.47	2.27
em	1.47	2.67
well	1.47	3.42
favorite	1.48	1.98
game	1.49	2.32
hail	1.49	2.03
gameplay	1.49	1.89
new	1.49	2.32
wtf	1.50	2.42
grid	1.50	1.93
beat	1.50	2.07
roads	1.50	1.94
leader	1.51	2.02
truly	1.51	1.83
f	1.51	2.09
jk	1.51	1.98
ai	1.52	2.19
greatly	1.52	2.06
r3kon	1.52	1.90
makes	1.53	2.70
bet	1.53	2.69
politically	1.53	2.77
typing	1.53	3.02
ha	1.53	1.66
z	1.55	2.23
0	1.55	2.17
w	1.56	2.13
regards	1.56	2.21
sound	1.56	2.67
differently	1.56	2.08
lehmdorf	1.57	2.25
x	1.57	2.21
hmm	1.57	2.55
t	1.58	2.18
fellow	1.58	2.02
apartment	1.59	2.12
rekt	1.59	2.11
claytican	1.59	1.88
its	1.60	3.10
fuck	1.60	2.54
greetings	1.61	2.36
smoke	1.61	1.97
lenin	1.62	1.54
b	1.62	2.02
plan	1.62	2.66
seems	1.63	2.67
itself	1.63	2.62
appreciate	1.63	2.38
im	1.65	2.56
thoughts	1.65	2.17
mrgerbic	1.65	2.29
listening	1.66	1.81
lmao	1.66	1.80
answer	1.67	3.04
seemed	1.67	2.51
soap	1.67	2.42
vague	1.69	1.97
siksta	1.69	1.91
um	1.70	2.12
endergun	1.70	2.10
l	1.70	2.09
disagree	1.71	2.87
reference	1.71	2.13
builder	1.71	2.53
submitted	1.72	1.95
breslau	1.72	1.95
prepared	1.74	2.29
lord	1.74	1.87
m8	1.75	1.70
always	1.77	3.18
wot	1.78	2.06
e	1.78	2.13
y	1.78	2.16
family	1.78	1.62
apologies	1.78	2.30
wut	1.79	1.97
hah	1.79	1.86
trivial	1.80	1.96
episode	1.80	1.71
idea	1.80	3.18
life	1.80	2.51
nevermind	1.81	2.24
joke	1.81	2.24
crazy	1.81	1.94
yo	1.82	2.12
edit	1.82	2.36
hook	1.82	2.21
buildings	1.83	1.95
fucking	1.83	2.19
brimstone	1.83	1.82
ign	1.83	2.39
lel	1.84	1.96
frustrating	1.84	2.00
figured	1.84	2.78
ttk	1.84	1.89
ta	1.85	2.62
improve	1.85	1.79
ttk2	1.85	1.94
temporary	1.86	2.10
da	1.86	2.04
drunk	1.87	2.27
advice	1.89	2.14
r	1.89	2.11
tough	1.89	2.28
info	1.89	2.25
forward	1.90	2.16
hahaha	1.91	1.94
happily	1.91	1.89
totally	1.92	2.32
pvper	1.94	2.39
clear	1.95	2.68
dis	1.95	2.13
kinda	1.95	2.36
gon	1.95	2.75
nerd	1.96	1.98
encourage	1.96	2.23
yes	1.97	3.04
simple	1.97	2.30
trusted	1.97	2.29
weird	1.98	2.21
xd	1.98	1.76
neither	1.98	2.14
c	2.00	2.10
terrain	2.00	1.68
yay	2.01	1.87
christ	2.02	1.87
ur	2.02	2.02
nicely	2.03	2.08
omg	2.03	1.93
music	2.03	1.59
consider	2.04	2.77
chaos	2.04	1.82
kind	2.05	2.17
maps	2.05	2.18
endless	2.05	2.19
spelling	2.07	1.98
10/10	2.07	1.64
til	2.09	2.16
willing	2.09	2.84
friendly	2.10	1.88
dear	2.10	1.84
jawa	2.10	1.54
liked	2.11	1.77
hahahaha	2.12	2.17
helping	2.12	2.31
story	2.13	2.55
style	2.13	1.79
yep	2.15	1.48
hello	2.16	1.84
church	2.18	1.79
impressed	2.18	2.15
easy	2.19	2.10
holy	2.19	2.03
cough	2.20	1.60
rip	2.23	1.86
perfect	2.24	1.73
420	2.25	1.74
woah	2.26	1.76
wat	2.26	2.02
glorious	2.26	1.85
hear	2.26	2.74
course	2.27	2.96
cooperation	2.28	2.27
guy	2.28	2.71
day	2.29	2.59
jesus	2.29	1.79
hope	2.30	2.75
feels	2.30	2.08
ahh	2.31	2.23
hard	2.31	2.37
u	2.33	1.99
p	2.33	2.14
watch	2.33	2.05
o	2.34	2.00
yup	2.35	1.93
kidding	2.36	2.36
close	2.36	2.04
catching	2.38	1.94
beneficial	2.39	1.73
kek	2.44	2.12
fuckin	2.45	2.04
aww	2.46	1.77
k	2.46	1.99
uh	2.47	2.23
epic	2.47	1.81
mate	2.48	1.62
nah	2.48	2.13
theme	2.49	1.74
ruins	2.50	1.83
news	2.50	1.74
appreciated	2.50	1.87
lol	2.51	2.02
anyways	2.52	2.57
ya	2.52	2.12
cheers	2.53	1.53
join	2.54	2.65
project	2.54	2.05
car	2.54	1.54
cake	2.55	1.99
mr	2.55	1.86
art	2.56	1.67
confusing	2.56	1.78
ahead	2.59	2.21
chill	2.59	1.87
accurate	2.60	1.90
vouch	2.61	1.86
visit	2.61	2.55
suggestions	2.62	1.38
bro	2.63	1.89
praise	2.63	1.77
pretty	2.63	2.28
render	2.64	1.78
helpful	2.67	1.69
like	2.68	2.51
hilarious	2.69	1.64
comfortable	2.69	1.35
thx	2.69	1.73
hi	2.71	1.69
clever	2.71	1.75
training	2.72	1.85
congratulations	2.73	1.28
pls	2.76	1.85
yeah	2.77	2.31
helps	2.78	1.99
bby	2.78	1.87
blaze	2.78	1.66
forgot	2.78	1.93
comrade	2.84	1.70
hey	2.86	2.18
song	2.88	1.51
damnit	2.91	1.69
unique	2.96	1.61
aw	2.97	1.88
video	2.97	1.43
bye	2.98	1.76
thats	2.98	1.98
absolutely	2.99	1.69
juz	3.00	1.69
bud	3.00	1.92
farley	3.02	1.32
btw	3.03	1.77
texture	3.03	1.64
invite	3.04	2.17
indeed	3.04	1.58
excellent	3.05	1.54
dude	3.07	1.88
fine	3.08	2.29
pack	3.10	1.69
fun	3.14	2.09
neat	3.15	1.42
unlikely	3.16	1.45
builds	3.17	1.61
ty	3.18	1.66
buddy	3.18	1.85
oh	3.19	1.90
ah	3.20	1.91
architecture	3.25	1.47
worries	3.27	1.73
renders	3.29	1.58
brilliant	3.31	1.24
okay	3.32	1.95
birthday	3.36	1.65
cute	3.36	1.33
miss	3.37	1.71
missed	3.37	1.84
wish	3.37	2.08
sweet	3.37	1.55
wow	3.38	1.63
good	3.49	1.84
sir	3.49	1.32
glad	3.49	1.91
sharing	3.49	1.27
alright	3.53	1.77
enjoyed	3.55	1.12
lt	3.56	1.60
cool	3.58	1.59
bb	3.60	1.56
haha	3.60	1.56
yea	3.60	1.65
interesting	3.63	1.48
welcome	3.68	1.72
man	3.69	1.61
damn	3.71	1.58
ok	3.74	1.64
luck	3.82	1.50
sounds	3.83	1.50
thanks	3.84	1.52
lovely	4.03	1.09
job	4.04	1.30
god	4.05	1.10
incredible	4.08	0.77
impressive	4.10	0.97
looks	4.17	1.02
wonderful	4.19	0.85
great	4.32	0.86
thank	4.33	0.87
beautiful	4.50	0.68
