ruined	-4.12	1.69
customer	-4.07	1.78
complains	-3.99	1.25
crappy	-3.88	1.83
flaw	-3.88	1.72
service	-3.80	1.91
blindly	-3.74	1.70
bash	-3.72	1.85
poor	-3.69	1.80
criticize	-3.44	1.60
bad	-3.41	1.44
customers	-3.35	1.39
questionable	-3.32	1.68
broken	-3.21	1.97
besides	-3.19	1.42
garbage	-3.17	1.73
sucks	-3.15	1.80
blame	-3.09	1.69
retarded	-3.08	1.71
complain	-3.06	1.55
random	-3.06	1.88
fucked	-3.05	1.80
says	-3.04	1.91
10yo	-3.01	1.55
hating	-2.99	1.96
destroying	-2.99	1.47
knows	-2.98	2.00
complained	-2.96	1.49
comcast	-2.94	1.77
bullshit	-2.92	1.38
bashing	-2.92	1.85
talks	-2.92	1.70
except	-2.92	1.65
burned	-2.90	1.43
everybody	-2.88	1.99
everyone	-2.88	1.98
dumb	-2.86	1.83
bothers	-2.86	1.48
aside	-2.83	1.50
disliked	-2.82	1.70
eachother	-2.79	1.79
flukey	-2.77	1.96
pathetic	-2.77	1.82
ridiculous	-2.74	1.79
roasts	-2.74	1.56
disgusting	-2.72	1.18
fluky	-2.71	1.93
shitty	-2.70	2.21
roasting	-2.70	1.70
cares	-2.67	1.98
hatred	-2.66	1.84
sucked	-2.66	1.87
annoys	-2.66	1.61
sees	-2.65	2.03
messed	-2.59	1.60
embarrassing	-2.57	1.81
kobe	-2.56	1.39
clueless	-2.55	1.30
hypocrite	-2.54	1.82
agrees	-2.53	2.08
atrocious	-2.53	2.11
internet	-2.52	1.23
bandwagon	-2.52	2.30
worse	-2.52	1.90
piss	-2.51	0.79
acts	-2.51	1.71
abuse	-2.50	1.97
riding	-2.48	1.85
painful	-2.48	1.59
liking	-2.47	1.86
threats	-2.47	2.49
follows	-2.47	2.21
fanboys	-2.45	2.15
constant	-2.45	1.88
aka	-2.43	1.79
unacceptable	-2.42	1.47
understood	-2.42	1.95
introduced	-2.41	2.01
death	-2.41	2.46
jerk	-2.40	2.33
emails	-2.39	2.38
attacking	-2.39	1.34
supporters	-2.39	2.29
inb4	-2.38	1.82
blind	-2.38	1.96
downvotes	-2.38	2.32
uses	-2.37	1.91
roast	-2.37	1.69
backlash	-2.36	2.25
unplayable	-2.35	1.73
likes	-2.35	2.31
sending	-2.35	2.40
bitching	-2.34	1.26
cancerous	-2.33	1.30
chain	-2.33	2.24
receiving	-2.32	2.39
complaining	-2.31	1.33
circle	-2.31	2.39
pisses	-2.30	1.35
suck	-2.30	1.63
recognition	-2.30	2.33
haters	-2.30	2.19
publicity	-2.29	2.35
closest	-2.28	2.22
unbearable	-2.27	1.39
fans	-2.27	2.22
messages	-2.27	2.51
negativity	-2.25	2.23
reality	-2.24	2.06
attention	-2.23	2.39
managed	-2.23	2.19
disagreeing	-2.20	2.66
product	-2.19	1.12
ugh	-2.17	1.46
unfortunate	-2.16	1.86
scuff	-2.16	1.09
respect	-2.15	2.08
anti	-2.15	2.30
itt	-2.14	2.15
else	-2.12	1.93
supported	-2.12	2.18
disregard	-2.09	2.48
killer	-2.09	2.18
stupid	-2.06	1.99
contributed	-2.06	2.06
ignoring	-2.06	2.57
followed	-2.05	2.02
sharq	-2.04	1.15
basically	-2.04	1.62
lame	-2.04	1.74
excuses	-2.04	1.16
wants	-2.03	1.72
nobody	-2.03	1.68
shock	-2.03	2.22
bs	-2.02	0.96
dislike	-2.02	2.30
true	-2.02	2.70
fault	-2.02	1.26
desperate	-2.01	2.19
treat	-2.01	0.86
downvoting	-2.00	1.76
jealous	-2.00	2.06
scuf	-1.99	1.15
delusional	-1.99	1.11
idiotic	-1.99	1.37
isp	-1.98	1.25
tells	-1.97	1.34
controllers	-1.97	1.15
cinch	-1.95	1.12
fucks	-1.94	0.78
silly	-1.94	2.22
shipping	-1.93	1.04
inconsistent	-1.92	1.81
voting	-1.92	1.62
optics	-1.92	2.22
truly	-1.91	1.91
about	-1.91	1.83
praise	-1.90	2.55
disagree	-1.89	2.80
agreeing	-1.89	2.81
defending	-1.89	1.81
decent	-1.89	2.11
false	-1.88	2.69
whining	-1.88	1.19
constantly	-1.87	1.00
dick	-1.87	0.86
failure	-1.86	0.92
irrelevant	-1.86	1.37
perfect	-1.85	2.12
talk	-1.85	1.36
petty	-1.84	1.15
annoying	-1.84	2.14
hater	-1.84	1.19
ride	-1.83	2.28
proving	-1.83	2.64
absurd	-1.82	2.12
completely	-1.82	2.58
mess	-1.81	1.15
simply	-1.81	3.03
thinks	-1.81	2.67
single	-1.81	2.86
elsewhere	-1.81	1.05
means	-1.80	2.97
nonsense	-1.79	1.01
childish	-1.79	1.10
anybody	-1.79	1.67
ironic	-1.78	2.24
pointless	-1.78	1.40
treated	-1.77	0.99
screw	-1.77	0.99
obvious	-1.77	2.20
boring	-1.76	2.12
cry	-1.76	2.02
whole	-1.75	2.67
happens	-1.74	1.58
typical	-1.74	0.92
arguing	-1.74	1.77
speeds	-1.73	1.33
ruin	-1.73	1.00
calls	-1.72	1.21
blaming	-1.72	1.06
idiots	-1.72	1.10
insulting	-1.71	1.28
telling	-1.71	1.90
largest	-1.71	2.51
entire	-1.71	2.79
denying	-1.71	1.76
connections	-1.71	1.20
proves	-1.71	2.75
absolutely	-1.70	1.78
supports	-1.70	0.94
fiber	-1.70	1.17
logic	-1.70	1.81
dae	-1.70	2.23
ignorant	-1.69	1.10
regardless	-1.69	1.27
hypocritical	-1.69	1.20
immature	-1.69	1.02
works	-1.69	1.34
realizes	-1.68	1.72
despite	-1.68	0.89
ace	-1.68	2.62
everything	-1.68	1.91
douchebag	-1.67	0.90
absolute	-1.67	2.03
prices	-1.67	1.06
fanboy	-1.66	1.10
bitches	-1.66	0.92
unprofessional	-1.66	1.28
impact	-1.65	3.23
disrespectful	-1.64	1.12
unnecessary	-1.64	1.13
disrespect	-1.64	0.96
company	-1.63	1.04
clue	-1.63	2.00
noone	-1.63	1.42
flawed	-1.63	1.27
stating	-1.63	2.12
disappointing	-1.63	2.01
mentioning	-1.62	1.74
ruins	-1.62	0.94
received	-1.61	1.22
anyone	-1.61	2.03
trolls	-1.61	1.34
unfair	-1.61	1.54
blamed	-1.61	0.82
calling	-1.60	1.14
asshole	-1.60	0.94
talking	-1.60	3.00
insults	-1.60	1.00
mediocre	-1.60	2.35
lying	-1.59	3.06
repeating	-1.59	2.84
clearly	-1.58	2.26
beyond	-1.58	1.33
bitch	-1.58	1.08
crap	-1.58	1.29
affects	-1.58	1.14
sums	-1.57	1.12
someone	-1.57	1.82
douche	-1.57	0.95
almost	-1.57	1.44
far	-1.56	2.49
generic	-1.56	1.07
vote	-1.56	1.47
tries	-1.55	1.21
idiot	-1.55	1.24
naive	-1.54	1.20
retard	-1.53	1.11
scufs	-1.52	1.09
frankly	-1.52	1.38
stubborn	-1.52	1.09
frustrating	-1.52	2.23
fios	-1.52	1.12
due	-1.51	1.02
fed	-1.51	1.82
believes	-1.51	2.70
outright	-1.51	1.52
fariko	-1.50	3.29
complete	-1.50	0.97
follow	-1.49	1.20
ping	-1.49	1.06
discredit	-1.49	1.98
screwing	-1.49	1.27
scumbag	-1.49	0.93
cared	-1.48	1.22
belief	-1.48	1.42
invalid	-1.48	1.91
affected	-1.47	1.05
truth	-1.47	2.27
understands	-1.47	1.58
obnoxious	-1.47	0.98
utter	-1.47	1.14
connection	-1.46	0.87
happening	-1.46	3.29
scream	-1.45	1.01
prick	-1.45	0.98
shitting	-1.45	1.22
arrogant	-1.45	1.02
somebody	-1.45	1.52
something	-1.45	3.22
dumbass	-1.45	1.22
odd	-1.44	2.44
cheaper	-1.44	1.17
whenever	-1.44	1.55
date	-1.44	2.64
believed	-1.44	2.53
understand	-1.44	3.38
buys	-1.44	1.05
caring	-1.43	1.10
acting	-1.43	1.02
pr	-1.43	0.90
circlejerk	-1.43	1.63
what	-1.43	3.31
ignore	-1.43	1.45
aids	-1.43	1.04
publicly	-1.43	0.86
idk	-1.42	3.16
point	-1.42	3.15
insult	-1.41	0.98
dull	-1.40	2.26
glitches	-1.40	1.05
handles	-1.40	1.09
underestimate	-1.40	1.34
replying	-1.40	1.55
products	-1.39	1.01
services	-1.39	1.19
drama	-1.39	0.94
seemingly	-1.39	0.91
butthurt	-1.39	1.53
regards	-1.39	2.27
lie	-1.38	3.05
supporting	-1.38	1.38
fact	-1.37	3.25
whoever	-1.37	1.38
hurt	-1.37	1.04
justified	-1.37	1.51
observation	-1.36	2.95
believing	-1.36	2.10
conclusions	-1.36	1.29
their	-1.36	1.10
implied	-1.36	3.02
speculation	-1.36	1.68
heat	-1.35	1.08
blatantly	-1.35	1.76
downvoted	-1.35	2.03
trash	-1.35	0.99
forgetting	-1.34	3.02
hungry	-1.34	1.29
entitled	-1.34	0.96
sudden	-1.34	1.29
oblivion	-1.34	1.90
rarely	-1.33	1.42
commenting	-1.33	1.60
lies	-1.33	1.44
unrelated	-1.32	1.38
implying	-1.32	3.14
issues	-1.32	1.11
ignored	-1.32	1.51
hundreds	-1.32	1.50
rumors	-1.32	1.75
hypothetical	-1.32	1.55
facts	-1.32	2.10
knifing	-1.31	1.14
merely	-1.31	1.96
saying	-1.31	3.34
owns	-1.30	1.18
screwed	-1.30	1.10
stories	-1.30	1.03
warriors	-1.30	0.93
care	-1.30	2.32
does	-1.30	2.20
hurting	-1.29	0.99
sketchy	-1.29	1.10
wanting	-1.28	1.80
knew	-1.28	1.71
email	-1.28	1.57
troll	-1.28	1.39
voted	-1.28	1.74
meaningless	-1.28	1.32
brain	-1.28	1.22
raging	-1.28	1.10
argument	-1.27	2.08
practically	-1.27	1.29
tired	-1.27	2.02
sent	-1.27	1.71
minority	-1.27	1.08
employees	-1.27	0.95
doug	-1.26	1.45
communicate	-1.26	1.09
monopoly	-1.26	1.01
call	-1.26	2.73
whatever	-1.25	2.17
unbalanced	-1.25	0.98
opinion	-1.25	2.21
blacklist	-1.25	1.05
making	-1.25	1.72
stfu	-1.25	1.05
credit	-1.25	1.46
repetitive	-1.25	1.17
ship	-1.25	0.89
talked	-1.25	1.30
assholes	-1.24	1.04
nothing	-1.24	2.40
issue	-1.24	1.49
pointing	-1.24	1.76
fat	-1.24	1.13
stuff	-1.23	1.50
matters	-1.23	1.79
combined	-1.23	1.00
blown	-1.23	1.02
imply	-1.22	2.43
goes	-1.22	1.29
dealing	-1.22	1.16
upvotes	-1.22	1.62
caused	-1.22	1.07
hard	-1.21	2.26
chats	-1.21	0.99
statement	-1.21	1.97
dependent	-1.21	1.14
alternative	-1.21	1.10
wonder	-1.21	2.06
opinions	-1.21	1.76
root	-1.20	1.24
hardly	-1.20	1.26
exact	-1.20	1.69
believe	-1.20	3.40
literally	-1.20	2.05
reputation	-1.20	0.96
notice	-1.20	1.98
forget	-1.19	2.27
upvote	-1.19	1.69
going	-1.18	3.37
speculating	-1.18	2.32
virtually	-1.18	1.27
destroyed	-1.18	0.92
argued	-1.17	2.69
speak	-1.17	1.47
dicks	-1.17	1.14
same	-1.17	2.20
mechanics	-1.17	1.11
gets	-1.16	1.39
him	-1.16	1.91
cocky	-1.16	1.10
sucking	-1.16	1.28
said	-1.16	1.98
clutches	-1.15	2.61
referring	-1.15	2.95
valid	-1.15	2.00
frustration	-1.15	1.05
act	-1.14	0.99
warriored	-1.14	1.07
mention	-1.14	2.05
matter	-1.14	2.59
statements	-1.13	1.73
convinced	-1.13	2.90
yelling	-1.13	1.27
trying	-1.13	2.11
deny	-1.13	2.51
suspect	-1.13	1.45
blows	-1.13	1.02
stupidity	-1.12	1.40
belong	-1.12	1.48
exactly	-1.12	3.42
watches	-1.12	1.18
abused	-1.12	1.15
paddle	-1.12	1.03
rival	-1.11	1.30
rude	-1.11	1.15
par	-1.11	2.03
criticism	-1.11	2.55
ward	-1.11	0.97
factors	-1.11	1.32
pretend	-1.11	2.09
embarrassed	-1.10	2.81
anything	-1.10	2.45
warrior	-1.10	1.05
ass	-1.10	1.26
trick	-1.10	1.11
speculate	-1.10	2.34
randomly	-1.10	1.18
experiences	-1.10	1.17
argue	-1.10	2.59
lines	-1.09	1.54
server	-1.09	1.00
refuse	-1.09	1.76
hostile	-1.09	1.11
debate	-1.09	1.67
router	-1.09	1.00
replies	-1.08	1.79
shaky	-1.08	1.97
weird	-1.08	2.22
peoples	-1.08	1.25
how	-1.08	2.54
newest	-1.08	0.98
bunch	-1.08	1.15
wrecked	-1.08	1.01
discussing	-1.07	1.66
trolling	-1.07	1.79
downvote	-1.07	1.77
everyones	-1.07	1.06
keem	-1.07	1.13
force	-1.07	1.63
letting	-1.06	1.77
wanted	-1.06	1.96
outplaced	-1.05	0.98
condescending	-1.05	1.10
rumours	-1.05	1.40
bragging	-1.05	1.26
impossible	-1.05	1.22
quarter	-1.05	0.92
exposure	-1.05	1.33
tweeting	-1.04	1.93
brutal	-1.04	1.95
demand	-1.04	0.98
moron	-1.03	1.22
fluff	-1.03	1.18
respective	-1.03	1.19
by	-1.03	1.70
votes	-1.03	1.53
panic	-1.02	0.85
mean	-1.02	2.77
realise	-1.02	2.15
broke	-1.02	1.09
decides	-1.02	1.43
trust	-1.02	2.27
agree	-1.02	3.41
lag	-1.02	1.02
unpopular	-1.01	1.94
mind	-1.01	2.48
handle	-1.01	1.64
flinch	-1.01	1.19
spam	-1.01	1.18
sake	-1.01	1.10
who	-1.01	1.89
can	-1.01	2.23
bed	-1.01	1.04
able	-1.01	2.08
latency	-1.01	1.01
lack	-1.01	1.04
spoke	-1.00	1.35
pride	-1.00	1.21
figure	-1.00	1.86
complaints	-1.00	1.22
prove	-1.00	2.35
dont	-1.00	2.52
tell	-1.00	2.59
decide	-1.00	1.92
know	-0.99	2.75
offended	-0.99	2.66
reasoning	-0.99	2.15
immaturity	-0.99	0.98
why	-0.99	2.75
whatsoever	-0.99	1.75
arguments	-0.99	1.25
excuse	-0.98	1.52
credibility	-0.98	1.13
usual	-0.98	1.31
hurts	-0.98	1.02
tweets	-0.98	1.56
special	-0.98	1.43
decided	-0.98	1.88
olds	-0.98	1.14
disappointment	-0.98	1.04
willing	-0.98	2.08
suggesting	-0.98	2.25
gay	-0.98	1.23
cheer	-0.98	1.43
paypal	-0.97	1.39
happen	-0.97	2.69
discuss	-0.97	1.49
unable	-0.97	1.82
advantage	-0.97	1.18
prime	-0.97	0.84
chaos	-0.97	1.16
upvoted	-0.97	1.75
fame	-0.97	1.19
paddles	-0.97	1.01
claims	-0.97	1.64
vast	-0.96	1.28
punishment	-0.96	1.02
want	-0.96	2.27
infinity	-0.96	0.94
anymore	-0.96	2.43
rage	-0.96	1.03
which	-0.96	2.62
acted	-0.96	1.02
variables	-0.96	1.43
or	-0.95	2.41
buying	-0.95	1.31
department	-0.95	1.39
lazy	-0.95	1.13
blow	-0.95	1.07
offer	-0.95	1.21
explain	-0.95	2.54
stop	-0.95	1.27
send	-0.95	1.73
racist	-0.94	1.24
obv	-0.94	1.31
remember	-0.94	2.53
connect	-0.94	0.99
competitors	-0.94	1.13
bag	-0.94	1.05
fan	-0.94	1.45
consequences	-0.94	1.13
host	-0.94	0.92
ruining	-0.93	1.08
called	-0.93	1.35
models	-0.93	0.89
responsible	-0.93	0.88
doing	-0.93	2.88
allowing	-0.93	1.49
happened	-0.93	2.29
assumption	-0.93	2.03
controller	-0.93	1.00
interact	-0.93	0.96
grinds	-0.93	1.33
re	-0.93	2.34
shady	-0.92	1.15
irony	-0.92	1.41
coverage	-0.92	1.13
show	-0.92	1.84
punished	-0.92	0.96
ca	-0.92	2.37
wings	-0.92	0.91
tried	-0.92	1.75
martin	-0.92	1.47
le	-0.92	1.42
connecting	-0.91	1.01
right	-0.91	3.18
legitimately	-0.91	1.56
evidence	-0.91	1.80
forces	-0.91	1.61
did	-0.91	2.52
rare	-0.91	1.34
related	-0.90	1.28
finds	-0.90	1.18
bo3	-0.90	1.32
gunna	-0.90	2.19
undefeated	-0.90	1.13
receive	-0.90	1.42
told	-0.89	1.73
tom	-0.89	0.68
made	-0.89	1.67
fashion	-0.89	1.23
quality	-0.89	1.15
flying	-0.89	1.28
example	-0.89	1.69
conclusion	-0.89	1.17
relate	-0.88	1.59
comprehend	-0.88	2.13
convince	-0.88	1.43
see	-0.88	2.65
didnt	-0.88	2.29
depends	-0.88	1.73
deal	-0.88	1.84
result	-0.88	1.02
kinda	-0.88	2.47
line	-0.88	1.39
incident	-0.88	1.05
when	-0.88	2.30
cant	-0.88	2.31
apart	-0.87	1.07
children	-0.87	1.00
suffer	-0.87	1.04
excluding	-0.87	0.98
me	-0.87	2.04
tool	-0.87	1.04
well	-0.87	1.61
situation	-0.87	1.83
try	-0.87	1.94
backs	-0.87	1.00
having	-0.87	1.61
every	-0.87	2.30
balls	-0.86	1.05
neither	-0.86	1.75
flaws	-0.86	1.27
even	-0.86	2.55
anywhere	-0.86	2.10
front	-0.86	1.26
thousands	-0.86	1.34
getting	-0.85	2.23
wont	-0.85	2.37
we	-0.85	2.63
large	-0.85	1.51
deserve	-0.85	1.52
wo	-0.85	2.39
now	-0.85	3.15
recent	-0.85	1.28
stops	-0.85	0.98
attempting	-0.85	1.70
messing	-0.85	1.25
whos	-0.85	1.44
behavior	-0.85	1.03
display	-0.85	1.01
essentially	-0.85	1.21
context	-0.85	2.12
communicating	-0.85	1.08
hop	-0.84	1.34
strange	-0.84	2.49
counts	-0.84	1.04
get	-0.84	2.17
out	-0.84	1.65
case	-0.84	2.55
magically	-0.84	1.86
picked	-0.84	1.10
forgotten	-0.84	1.36
type	-0.84	1.60
rumor	-0.84	2.03
course	-0.84	2.56
amounts	-0.84	1.30
avoid	-0.84	1.12
confirm	-0.84	1.89
scenario	-0.83	1.63
over	-0.83	1.18
including	-0.83	1.26
largely	-0.83	1.24
refused	-0.83	1.77
uncomfortable	-0.83	1.54
meaning	-0.83	1.61
punish	-0.83	1.42
them	-0.83	2.26
donate	-0.83	1.44
responding	-0.83	1.75
inferior	-0.83	1.23
nor	-0.83	1.86
responsibility	-0.83	1.11
sportsmanship	-0.83	1.00
r/codghosts	-0.83	1.24
twitter	-0.83	1.25
forced	-0.83	1.73
give	-0.83	1.64
hosts	-0.83	0.95
nicely	-0.83	1.08
glitch	-0.82	1.11
fits	-0.82	1.06
closer	-0.82	1.23
gon	-0.82	2.67
any	-0.82	1.96
fix	-0.82	1.20
doesnt	-0.82	2.29
sooner	-0.82	1.86
nearly	-0.82	1.53
part	-0.82	3.32
people	-0.82	2.08
subject	-0.82	1.58
facebook	-0.82	1.20
jokes	-0.82	1.18
thinking	-0.82	3.31
logical	-0.81	1.57
flat	-0.81	1.16
inevitable	-0.81	1.38
booters	-0.81	0.85
benefit	-0.81	1.36
opponent	-0.81	1.06
concern	-0.81	1.27
need	-0.81	2.34
google	-0.81	1.08
fluke	-0.81	1.39
pressure	-0.81	1.20
dumbest	-0.81	3.27
similar	-0.80	1.23
personal	-0.80	1.15
cause	-0.80	2.19
rid	-0.80	0.87
non	-0.80	1.06
pulls	-0.80	1.06
mentioned	-0.80	1.56
unpredictable	-0.79	1.35
offering	-0.79	1.48
copied	-0.79	1.23
one	-0.79	3.30
feelings	-0.79	1.22
helped	-0.79	1.00
giveaway	-0.79	1.16
say	-0.79	2.78
speaks	-0.79	1.16
thing	-0.79	2.47
clash	-0.79	0.95
claw	-0.79	1.01
download	-0.79	1.04
reddiquette	-0.79	1.71
stretch	-0.79	1.36
spotlight	-0.79	1.33
behaviour	-0.79	0.99
mechanic	-0.79	1.09
dm	-0.79	1.37
ll	-0.79	2.42
will	-0.79	2.40
either	-0.78	2.67
opposing	-0.78	1.06
directed	-0.78	1.41
could	-0.78	2.42
leaked	-0.78	1.44
charge	-0.78	0.92
e.g	-0.78	0.81
forcing	-0.78	1.53
necessarily	-0.78	2.55
should	-0.78	2.49
discussion	-0.78	1.46
wherever	-0.78	1.57
way	-0.78	2.37
advocate	-0.77	1.70
cancer	-0.77	1.00
differently	-0.77	1.42
repeat	-0.77	1.43
self	-0.77	1.27
much	-0.77	1.86
additional	-0.77	1.03
shout	-0.77	1.02
shows	-0.77	1.25
providing	-0.77	1.20
raped	-0.77	1.00
bar	-0.77	0.89
everytime	-0.77	1.29
problem	-0.77	2.37
again	-0.76	2.43
here	-0.76	1.86
approach	-0.76	1.11
throw	-0.76	1.14
net	-0.76	1.12
falls	-0.76	1.09
continues	-0.76	1.20
bandwidth	-0.76	0.99
factor	-0.76	1.47
backing	-0.76	1.51
lagging	-0.76	0.93
zero	-0.76	1.28
bias	-0.75	1.34
ton	-0.75	1.42
sketches	-0.75	1.02
suddenly	-0.75	1.22
assumptions	-0.75	2.01
honest	-0.75	3.34
skills	-0.75	1.10
adults	-0.75	1.03
grasp	-0.75	1.88
choose	-0.75	1.71
saw	-0.75	1.53
fanbase	-0.75	1.21
flow	-0.74	0.99
shouldnt	-0.74	1.64
faces	-0.74	1.16
conversation	-0.74	1.46
shown	-0.74	1.44
deciding	-0.74	1.51
equal	-0.74	1.11
then	-0.74	2.51
na	-0.74	2.66
toxic	-0.74	0.82
always	-0.74	2.27
actions	-0.74	1.02
let	-0.74	2.32
flip	-0.74	1.01
focusing	-0.73	1.31
might	-0.73	2.54
understanding	-0.73	1.38
recall	-0.73	1.50
anger	-0.73	1.22
sales	-0.73	0.98
miles	-0.73	1.21
minimal	-0.73	1.10
forfeited	-0.73	1.04
crying	-0.73	1.44
data	-0.73	1.10
whore	-0.73	0.96
linked	-0.73	1.35
r/opticgaming	-0.72	1.31
i.e	-0.72	1.00
blew	-0.72	0.93
aint	-0.72	1.25
make	-0.72	2.14
find	-0.72	2.27
couldnt	-0.72	2.16
react	-0.72	1.55
forth	-0.72	1.14
breaking	-0.72	1.03
exist	-0.72	1.71
blowing	-0.72	1.22
carries	-0.72	0.99
faced	-0.72	1.18
topic	-0.72	1.41
ignorance	-0.71	1.29
kept	-0.71	1.23
comments	-0.71	1.66
toward	-0.71	1.09
toss	-0.71	1.17
respond	-0.71	1.66
bait	-0.71	0.93
dare	-0.71	1.77
obviously	-0.71	2.70
backed	-0.71	1.40
subjective	-0.70	1.84
behind	-0.70	1.18
forum	-0.70	1.26
whether	-0.70	2.34
package	-0.70	0.95
opportunity	-0.70	1.50
surrounding	-0.70	1.27
performances	-0.70	1.29
legitimate	-0.70	1.29
comparable	-0.70	1.16
causes	-0.70	0.92
routers	-0.70	1.00
think	-0.70	2.83
adult	-0.69	1.02
apply	-0.69	1.28
where	-0.69	2.57
belongs	-0.69	1.07
ideal	-0.69	1.54
showing	-0.69	1.32
checked	-0.69	1.12
significant	-0.69	1.53
being	-0.69	1.34
yes	-0.69	3.25
fixing	-0.69	1.24
piece	-0.68	2.43
analog	-0.68	1.27
go	-0.68	2.36
up	-0.68	1.89
standing	-0.68	1.22
sarcastic	-0.68	1.67
police	-0.68	1.42
platform	-0.68	1.05
others	-0.68	1.70
traffic	-0.68	1.03
success	-0.68	1.32
results	-0.68	1.11
tank	-0.68	1.10
interests	-0.68	1.53
kontrol	-0.68	1.15
manage	-0.68	1.31
idc	-0.67	1.94
change	-0.67	1.94
buttons	-0.67	1.04
touch	-0.67	1.63
someones	-0.67	1.45
youre	-0.67	1.53
butt	-0.67	1.17
ego	-0.67	0.95
yell	-0.67	1.15
accidentally	-0.67	1.23
mixed	-0.67	1.00
dirty	-0.67	2.51
promised	-0.67	1.32
really	-0.67	2.54
no	-0.67	2.42
water	-0.67	0.89
smack	-0.66	1.13
instance	-0.66	1.28
depending	-0.66	1.50
scum	-0.66	1.60
improvement	-0.66	1.26
involving	-0.66	1.30
take	-0.66	1.74
portion	-0.66	1.44
outslayed	-0.66	1.00
eventually	-0.66	1.62
useless	-0.65	1.21
developer	-0.65	0.94
gaining	-0.65	1.37
doubt	-0.65	2.45
advantages	-0.65	1.13
heads	-0.65	1.10
lebron	-0.65	1.20
speed	-0.65	1.16
hidden	-0.65	1.39
shop	-0.65	1.06
holds	-0.65	0.96
threads	-0.65	1.34
towards	-0.65	1.06
specifically	-0.65	1.45
grown	-0.65	1.00
def	-0.65	1.21
invested	-0.64	1.20
implemented	-0.64	1.08
total	-0.64	1.02
gain	-0.64	1.28
taught	-0.64	1.15
runs	-0.64	1.16
reason	-0.64	2.49
honestly	-0.64	2.72
replacement	-0.64	1.42
changing	-0.64	1.45
carry	-0.64	1.29
sticks	-0.64	1.02
spawn	-0.64	1.11
purely	-0.64	1.47
union	-0.64	1.18
die	-0.64	1.11
relevance	-0.64	1.75
base	-0.63	1.16
price	-0.63	1.01
affect	-0.63	1.47
villain	-0.63	1.36
introduce	-0.63	1.16
comparison	-0.63	1.39
because	-0.63	2.79
freeks	-0.63	1.15
connected	-0.63	0.96
own	-0.63	1.19
first	-0.63	2.16
appears	-0.63	1.04
ahead	-0.63	1.65
callout	-0.63	1.33
define	-0.62	1.45
thumb	-0.62	1.33
stick	-0.62	1.30
starting	-0.62	1.67
fake	-0.62	1.16
predict	-0.62	2.02
bother	-0.62	1.92
predictable	-0.62	1.46
remove	-0.62	1.09
attitude	-0.62	0.96
small	-0.62	1.43
half	-0.62	2.02
sticky	-0.62	1.63
occur	-0.62	1.45
quad	-0.62	1.01
standards	-0.62	1.14
closely	-0.62	0.87
system	-0.62	1.12
knowing	-0.62	1.76
anyway	-0.62	2.67
shape	-0.62	1.07
frequent	-0.62	1.15
sketching	-0.62	1.40
bound	-0.62	1.46
yours	-0.61	1.40
low	-0.61	1.43
melted	-0.61	0.88
different	-0.61	1.52
considering	-0.61	1.57
effect	-0.61	1.55
falling	-0.61	1.52
otherwise	-0.61	2.06
stands	-0.61	1.35
guess	-0.61	3.35
fixed	-0.61	1.29
cable	-0.61	0.96
surprise	-0.61	1.98
idea	-0.61	2.43
owned	-0.61	0.99
soul	-0.61	1.06
kids	-0.61	1.27
asking	-0.61	2.29
nerd	-0.61	1.03
frame	-0.61	1.02
involve	-0.60	1.59
folks	-0.60	1.43
race	-0.60	1.19
3-0d	-0.60	0.89
grand	-0.60	1.38
wireless	-0.60	0.96
scale	-0.60	1.35
money	-0.60	1.32
trigger	-0.60	1.03
shipped	-0.60	1.04
pushed	-0.60	1.06
cents	-0.60	1.66
thread	-0.60	1.48
accept	-0.60	1.56
however	-0.60	2.63
benefits	-0.60	1.37
off	-0.60	1.37
slightest	-0.60	1.89
regard	-0.60	1.02
enemies	-0.59	1.09
amount	-0.59	1.34
whoring	-0.59	1.32
teach	-0.59	1.59
never	-0.59	2.16
properly	-0.59	1.37
taste	-0.59	1.03
joking	-0.59	3.01
stickied	-0.59	1.62
victim	-0.59	1.05
site	-0.59	1.04
contact	-0.59	1.29
finals	-0.59	1.38
shake	-0.58	1.08
claim	-0.58	2.22
magic	-0.58	1.13
clicking	-0.58	1.48
stairs	-0.58	0.99
strip	-0.58	1.22
laughing	-0.58	1.62
rostermania	-0.58	1.52
failing	-0.58	1.61
developing	-0.58	1.25
resort	-0.58	1.25
statistics	-0.58	1.59
tend	-0.58	1.19
kid	-0.58	1.12
copies	-0.58	1.04
lied	-0.58	1.54
desire	-0.58	1.18
teammates	-0.58	1.24
yet	-0.58	2.09
facing	-0.57	1.53
done	-0.57	2.16
recognize	-0.57	1.58
forums	-0.57	1.03
earn	-0.57	1.41
dev	-0.57	0.98
explained	-0.57	1.85
worked	-0.57	1.58
massive	-0.57	1.33
chance	-0.57	1.92
sponsoring	-0.57	1.62
frustrated	-0.57	1.46
compare	-0.57	1.63
wondered	-0.57	1.76
discussions	-0.57	1.37
spread	-0.57	1.41
created	-0.57	1.07
sometimes	-0.56	1.70
debatable	-0.56	1.33
pulled	-0.56	1.14
razer	-0.56	0.98
screaming	-0.56	1.28
younger	-0.56	1.07
picks	-0.56	1.02
discussed	-0.56	1.63
near	-0.56	1.28
gave	-0.56	1.43
tweet	-0.56	1.54
claiming	-0.56	1.76
unless	-0.56	2.30
cuts	-0.56	1.05
bothered	-0.56	2.10
afterwards	-0.56	1.40
average	-0.56	1.73
filled	-0.56	1.18
sample	-0.56	1.20
afraid	-0.56	2.29
approached	-0.56	1.31
pawn	-0.56	1.22
confirmation	-0.56	1.56
were	-0.56	2.37
posts	-0.56	1.42
regarding	-0.55	1.25
motel	-0.55	1.21
posting	-0.55	1.49
missing	-0.55	2.97
dies	-0.55	1.06
studios	-0.55	0.99
insert	-0.55	1.11
professionals	-0.55	1.22
pull	-0.55	1.56
ffs	-0.55	1.13
ever	-0.55	3.38
immediately	-0.55	1.53
worded	-0.55	3.15
depend	-0.55	1.41
fingers	-0.55	1.10
conversations	-0.54	1.12
probably	-0.54	2.52
loyalty	-0.54	1.02
larger	-0.54	1.57
godlike	-0.54	2.34
apparent	-0.54	1.09
attract	-0.54	1.18
pushing	-0.54	1.06
exists	-0.54	0.98
removing	-0.54	1.03
ddosing	-0.54	1.41
implement	-0.54	1.13
coming	-0.54	2.20
whereas	-0.54	1.01
professionalism	-0.54	0.99
denied	-0.54	1.28
gas	-0.54	1.23
may	-0.54	2.51
knife	-0.54	0.99
kicked	-0.53	1.09
scenes	-0.53	1.41
topics	-0.53	1.40
justify	-0.53	1.29
shit	-0.53	1.58
levels	-0.53	1.16
bottom	-0.53	1.47
nowadays	-0.53	1.04
each	-0.53	1.73
popularity	-0.53	1.13
b/c	-0.53	1.32
through	-0.53	1.25
refer	-0.53	1.47
full	-0.53	1.04
history	-0.53	3.45
compensation	-0.52	1.00
followers	-0.52	1.15
joins	-0.52	1.13
ask	-0.52	2.23
partnerships	-0.52	1.09
block	-0.52	1.14
jnasty	-0.52	0.78
advertising	-0.52	1.00
allows	-0.52	1.35
disbanded	-0.52	1.09
standpoint	-0.52	1.03
gives	-0.52	1.32
servers	-0.52	0.99
explosive	-0.52	1.06
secondly	-0.51	1.30
win	-0.51	1.70
ip	-0.51	0.98
snipe	-0.51	1.30
tested	-0.51	1.40
guessing	-0.51	3.17
prevent	-0.51	1.20
attacks	-0.51	1.01
leave	-0.51	2.13
biggest	-0.51	3.42
following	-0.51	1.09
harder	-0.51	1.35
seen	-0.51	2.20
cutting	-0.51	1.60
away	-0.51	1.37
activision	-0.51	0.95
include	-0.51	1.42
r/codcompetitive	-0.51	1.38
treyarch	-0.51	1.05
specific	-0.51	1.45
harsh	-0.51	1.68
mentality	-0.50	1.22
acknowledge	-0.50	1.87
named	-0.50	1.05
offered	-0.50	1.43
judge	-0.50	2.07
rates	-0.50	1.16
pick	-0.50	1.54
devs	-0.50	1.00
across	-0.50	1.02
intentions	-0.50	1.58
tweeted	-0.50	1.58
certain	-0.50	1.51
reasons	-0.50	1.93
easier	-0.50	1.38
blood	-0.50	1.17
triggers	-0.50	0.91
col	-0.50	1.59
explaining	-0.50	2.10
majority	-0.50	1.49
profit	-0.50	1.07
breaks	-0.50	1.04
relative	-0.50	1.26
hardest	-0.50	3.25
ref	-0.50	1.12
young	-0.50	1.03
theirs	-0.50	1.20
addy	-0.50	1.28
injury	-0.50	1.01
whichever	-0.50	1.35
randoms	-0.50	1.01
ddos	-0.50	1.13
browse	-0.49	1.34
directly	-0.49	1.26
nadeshots	-0.49	0.90
poster	-0.49	1.58
performance	-0.49	1.34
higher	-0.49	1.53
bringing	-0.49	1.82
realized	-0.49	1.60
finding	-0.49	1.59
though	-0.49	2.51
implies	-0.49	1.78
local	-0.49	1.10
current	-0.49	1.28
randomness	-0.49	1.23
likely	-0.49	2.12
entirely	-0.49	1.87
situations	-0.49	1.36
cheating	-0.49	1.34
needs	-0.49	1.89
noticed	-0.49	1.56
punch	-0.49	1.12
identical	-0.49	1.30
moment	-0.49	3.44
accordingly	-0.49	1.46
assumed	-0.49	1.70
defence	-0.49	1.05
acceptable	-0.49	1.34
circumstances	-0.49	1.47
mistaken	-0.49	3.17
seriously	-0.49	2.03
cos	-0.48	1.29
horribly	-0.48	1.50
cheap	-0.48	1.49
grows	-0.48	1.50
carrier	-0.48	1.08
rule	-0.48	1.49
versa	-0.48	1.07
giant	-0.48	1.15
offers	-0.48	1.21
fall	-0.48	1.10
general	-0.48	1.26
admitted	-0.48	1.57
asap	-0.48	1.50
conduct	-0.48	1.20
finger	-0.48	1.30
offensive	-0.48	1.03
sponsored	-0.48	1.03
threat	-0.48	1.07
therefore	-0.48	1.48
buy	-0.48	0.99
suggested	-0.48	1.49
subreddit	-0.48	1.34
contribute	-0.48	1.26
help	-0.48	2.09
itself	-0.48	1.45
upgrade	-0.48	1.03
another	-0.48	3.08
audience	-0.48	1.10
hand	-0.48	1.24
some	-0.48	1.58
barely	-0.48	1.86
needing	-0.48	1.48
truck	-0.47	1.00
salt	-0.47	1.26
put	-0.47	1.82
pictures	-0.47	1.03
maybe	-0.47	2.65
gotten	-0.47	1.94
turned	-0.47	1.16
online	-0.47	1.10
safe	-0.47	2.01
already	-0.47	2.21
paying	-0.47	1.47
heard	-0.47	2.14
along	-0.47	1.50
outplayed	-0.47	1.07
vice	-0.47	1.04
elements	-0.47	1.27
describe	-0.47	2.04
flame	-0.47	1.17
impression	-0.47	1.77
grew	-0.47	1.10
turns	-0.47	1.19
egos	-0.47	1.15
stress	-0.47	1.31
lowest	-0.47	3.01
driving	-0.47	1.25
gone	-0.47	2.00
reckon	-0.46	1.55
gif	-0.46	1.06
jack	-0.46	1.14
jordan	-0.46	1.09
continuation	-0.46	1.29
countless	-0.46	1.82
got	-0.46	1.75
actual	-0.46	1.61
tension	-0.46	1.10
evil	-0.46	1.26
handed	-0.46	1.29
working	-0.46	2.08
hacked	-0.46	1.09
loose	-0.46	1.14
opponents	-0.46	1.27
regularly	-0.46	1.31
poll	-0.46	1.40
harm	-0.46	1.35
gods	-0.46	1.15
cost	-0.46	1.11
bases	-0.46	1.13
protect	-0.46	1.37
stated	-0.45	1.71
advertise	-0.45	1.03
throwing	-0.45	0.98
skype	-0.45	1.27
complaint	-0.45	1.90
delete	-0.45	1.46
carried	-0.45	1.15
influence	-0.45	0.98
move	-0.45	1.86
your	-0.45	1.51
ve	-0.45	2.13
thumbs	-0.45	1.07
employee	-0.45	0.91
responded	-0.45	1.65
paid	-0.45	1.17
lay	-0.45	1.06
phone	-0.45	1.30
come	-0.45	2.05
poorly	-0.45	1.60
all	-0.45	2.43
highest	-0.45	3.05
theoretically	-0.45	1.21
train	-0.45	1.16
sell	-0.45	1.02
tons	-0.45	1.41
eyes	-0.45	1.24
difficult	-0.45	1.62
determine	-0.45	1.50
d	-0.45	2.47
cater	-0.44	1.11
reward	-0.44	1.20
via	-0.44	1.14
once	-0.44	1.94
died	-0.44	1.14
ways	-0.44	1.68
sort	-0.44	1.55
asks	-0.44	1.55
went	-0.44	1.58
shg	-0.44	1.21
dethrone	-0.44	1.29
succeed	-0.44	1.56
feel	-0.44	2.62
mass	-0.44	1.13
often	-0.44	1.50
beneficial	-0.44	1.16
taken	-0.44	1.57
those	-0.44	1.57
presented	-0.44	1.58
dealt	-0.44	1.96
ice	-0.44	1.05
while	-0.44	1.54
putting	-0.43	1.76
outs	-0.43	0.99
attempt	-0.43	1.47
handled	-0.43	1.20
realize	-0.43	2.13
planned	-0.43	1.55
upon	-0.43	1.30
admit	-0.43	2.46
outcome	-0.43	1.61
developed	-0.43	1.00
mood	-0.43	1.81
set	-0.43	1.35
podcast	-0.43	1.22
prepare	-0.43	1.01
sniper	-0.43	2.89
heavily	-0.43	1.44
exception	-0.43	1.01
bigger	-0.43	1.67
consensus	-0.42	1.68
bodies	-0.42	1.06
hack	-0.42	1.01
badly	-0.42	1.43
speaking	-0.42	1.58
instantly	-0.42	1.31
proportion	-0.42	1.20
management	-0.42	1.01
wired	-0.42	0.97
purpose	-0.42	1.33
latest	-0.42	1.18
consideration	-0.42	1.29
forfeit	-0.42	1.28
assume	-0.42	2.79
shouting	-0.42	1.14
level	-0.42	1.19
bridge	-0.41	0.81
incentive	-0.41	1.37
millions	-0.41	1.24
description	-0.41	1.23
mouth	-0.41	1.35
unfortunately	-0.41	1.84
several	-0.41	1.50
prolly	-0.41	1.56
among	-0.41	1.39
feasible	-0.41	1.77
solve	-0.41	1.43
multiple	-0.41	1.52
systems	-0.41	0.98
bank	-0.41	1.32
expanding	-0.41	1.36
clever	-0.41	2.23
problems	-0.41	1.34
comes	-0.41	1.37
market	-0.41	1.03
imagine	-0.41	2.60
quit	-0.41	1.22
difference	-0.41	1.54
losses	-0.41	1.06
1v2	-0.41	1.37
judgement	-0.41	2.03
opportunities	-0.41	1.28
according	-0.40	1.39
optic	-0.40	1.18
keep	-0.40	1.58
disadvantage	-0.40	1.18
feed	-0.40	0.99
possible	-0.40	1.81
strict	-0.40	1.14
hosting	-0.40	1.02
timing	-0.40	1.20
hacking	-0.40	1.35
somehow	-0.40	1.48
posted	-0.40	1.62
other	-0.40	1.83
felon	-0.40	1.24
veto	-0.40	1.43
available	-0.39	1.20
easiest	-0.39	3.25
dunno	-0.39	1.60
pussy	-0.39	1.18
battle	-0.39	0.83
maturity	-0.39	0.99
conspiracy	-0.39	1.14
5-5	-0.39	1.29
latter	-0.39	1.20
dying	-0.39	1.54
twist	-0.39	1.27
my	-0.39	1.37
detrimental	-0.39	1.17
mattered	-0.39	1.23
account	-0.39	1.21
usually	-0.39	1.60
increasing	-0.39	1.32
brand	-0.39	1.16
wasnt	-0.39	1.96
pointed	-0.39	1.55
throws	-0.39	1.10
differences	-0.39	1.29
themselves	-0.39	1.66
contributing	-0.39	1.56
actually	-0.39	2.42
core	-0.38	1.03
bring	-0.38	1.57
bo5	-0.38	1.30
comparing	-0.38	1.73
competition	-0.38	1.45
controversial	-0.38	1.30
these	-0.38	1.49
theyre	-0.38	1.64
hire	-0.38	1.16
alike	-0.38	1.33
bought	-0.38	1.00
tv	-0.38	1.17
struggle	-0.38	1.31
sole	-0.38	1.75
french	-0.38	1.19
research	-0.38	1.39
shut	-0.38	1.35
covered	-0.38	1.32
subscribers	-0.38	1.12
reasonable	-0.38	1.30
stand	-0.38	2.26
build	-0.38	1.19
team	-0.38	2.36
grow	-0.38	1.25
sneaking	-0.38	1.08
soon	-0.38	1.77
pocket	-0.38	1.28
12	-0.38	1.12
section	-0.38	1.24
dr	-0.38	1.12
updated	-0.37	1.23
detection	-0.37	1.22
changed	-0.37	1.45
confirmed	-0.37	1.59
many	-0.37	1.60
official	-0.37	1.36
minimum	-0.37	1.34
enough	-0.37	2.29
weight	-0.37	1.07
face	-0.37	1.08
nba	-0.37	1.21
costs	-0.37	1.12
visible	-0.37	0.80
quitting	-0.37	1.38
perfectly	-0.37	1.38
frequently	-0.37	1.29
shoes	-0.37	0.94
existing	-0.37	1.20
subscribe	-0.37	1.26
quicker	-0.36	1.33
banter	-0.36	1.14
smaller	-0.36	1.54
k1lla	-0.36	1.08
codcompetitive	-0.36	1.21
crucial	-0.36	1.06
proven	-0.36	1.69
plenty	-0.36	1.60
free	-0.36	1.25
occasions	-0.36	1.55
threw	-0.36	1.07
worthless	-0.36	1.30
check	-0.36	1.40
percentage	-0.36	1.20
promoting	-0.36	1.23
casually	-0.36	1.45
creates	-0.36	1.14
encourage	-0.36	1.21
charity	-0.36	1.13
monster	-0.36	1.06
backwards	-0.36	1.14
funding	-0.36	1.07
amazon	-0.36	0.98
fast	-0.36	1.33
value	-0.36	1.04
continued	-0.36	1.09
havent	-0.36	1.92
meanwhile	-0.36	1.13
makes	-0.35	1.67
hands	-0.35	1.14
expectations	-0.35	1.30
fun	-0.35	1.32
elimination	-0.35	1.47
invest	-0.35	1.15
sale	-0.35	0.98
raise	-0.35	1.01
habit	-0.35	1.22
generate	-0.35	1.32
enemy	-0.35	1.16
penalty	-0.35	1.16
web	-0.35	1.26
organization	-0.35	1.47
slap	-0.35	0.84
setup	-0.35	1.08
sorta	-0.35	1.46
continue	-0.35	1.53
both	-0.35	1.44
officially	-0.35	1.47
car	-0.35	0.99
trend	-0.35	1.30
pics	-0.35	1.16
leading	-0.35	1.14
wb	-0.35	1.14
floor	-0.34	1.34
increases	-0.34	1.16
perception	-0.34	1.27
spoken	-0.34	1.45
population	-0.34	1.19
altogether	-0.34	1.33
tiny	-0.34	1.34
god	-0.34	2.09
helping	-0.34	1.32
admins	-0.34	1.26
purchase	-0.34	0.99
tone	-0.34	1.30
misunderstood	-0.34	3.32
kind	-0.34	1.85
slow	-0.34	1.23
lucky	-0.34	1.39
determined	-0.34	1.58
ceiling	-0.34	1.15
massively	-0.34	1.31
associated	-0.34	1.56
subreddits	-0.34	1.33
wouldve	-0.34	1.67
worth	-0.34	1.91
path	-0.34	1.03
covering	-0.34	1.35
promote	-0.34	1.14
post	-0.34	1.55
numerous	-0.33	1.68
default	-0.33	1.06
marketing	-0.33	0.95
burn	-0.33	0.90
promotion	-0.33	1.24
work	-0.33	2.25
lots	-0.33	1.46
wouldnt	-0.33	2.25
also	-0.33	2.33
booting	-0.33	1.07
strafe	-0.33	0.99
kinds	-0.33	1.32
awkward	-0.33	2.47
greater	-0.33	1.19
coincidence	-0.33	1.77
flights	-0.33	1.03
til	-0.33	1.37
rushed	-0.33	0.95
exciting	-0.33	1.45
brought	-0.33	1.34
viewership	-0.33	1.12
cross	-0.32	0.95
amongst	-0.32	1.49
variation	-0.32	1.03
favour	-0.32	1.14
hmmm	-0.32	1.43
10x	-0.32	1.45
heading	-0.32	1.83
intel	-0.32	1.30
animation	-0.32	1.02
maximum	-0.32	1.38
currently	-0.32	1.86
stealing	-0.32	1.28
gunfight	-0.32	1.03
changes	-0.32	1.48
greatest	-0.32	3.64
defuse	-0.32	1.07
things	-0.32	2.14
investment	-0.32	1.24
high	-0.32	1.38
astros	-0.32	1.00
premier	-0.32	1.16
thrown	-0.32	0.99
size	-0.32	1.18
compete	-0.32	1.78
mindset	-0.32	1.32
ultimately	-0.32	1.36
scenarios	-0.31	1.71
manager	-0.31	0.94
million	-0.31	1.14
allowed	-0.31	1.76
drunk	-0.31	1.37
commented	-0.31	1.74
exposed	-0.31	1.07
col/eg	-0.31	1.15
experience	-0.31	1.31
woody	-0.31	0.95
challenges	-0.31	1.00
financial	-0.31	1.15
critical	-0.31	1.01
degree	-0.31	1.01
iirc	-0.31	1.22
cases	-0.31	1.49
minor	-0.31	1.04
warning	-0.31	1.19
reckless	-0.31	1.19
parties	-0.31	1.40
developers	-0.31	1.00
separate	-0.31	1.51
codpedia	-0.31	1.17
middle	-0.31	1.10
before	-0.31	1.73
censors	-0.31	0.77
eh	-0.30	2.04
previously	-0.30	1.68
comment	-0.30	1.91
slower	-0.30	1.35
edge	-0.30	1.21
offence	-0.30	1.33
lagbuster	-0.30	1.22
sponsorships	-0.30	1.12
jumped	-0.30	1.14
than	-0.30	1.65
knocked	-0.30	1.13
gamers	-0.30	1.25
selfish	-0.30	1.32
plus	-0.30	1.95
ms	-0.30	1.08
fixes	-0.30	1.12
sensitive	-0.30	1.11
regret	-0.30	1.28
thus	-0.30	1.39
gained	-0.30	1.36
yesterday	-0.30	1.45
thoughts	-0.30	1.68
cover	-0.30	1.09
preferred	-0.30	1.01
sh	-0.30	1.12
sub	-0.30	1.32
page	-0.30	1.34
motivation	-0.30	1.17
alert	-0.30	1.26
drops	-0.30	1.16
between	-0.30	1.23
sadly	-0.30	1.29
giving	-0.29	1.65
elaborate	-0.29	1.97
hacks	-0.29	1.03
supposed	-0.29	2.51
redditor	-0.29	1.16
improving	-0.29	1.41
settle	-0.29	1.41
bugs	-0.29	1.04
predicting	-0.29	1.42
mods	-0.29	1.32
provides	-0.29	1.30
pay	-0.29	1.21
sponsor	-0.29	1.09
has	-0.29	2.05
companies	-0.29	1.10
bo11	-0.29	1.11
professionally	-0.29	1.21
organisation	-0.29	1.48
adjust	-0.29	1.28
loses	-0.29	1.11
knock	-0.29	1.31
hook	-0.29	1.05
caught	-0.29	1.23
expand	-0.29	1.20
cute	-0.29	1.47
la	-0.29	0.91
sledgehammer	-0.29	1.04
originally	-0.29	1.70
casuals	-0.29	1.16
eliminate	-0.29	1.50
common	-0.29	1.36
restart	-0.29	1.01
provided	-0.29	1.61
notes	-0.29	1.23
am	-0.29	2.20
clutch	-0.28	1.33
chat	-0.28	1.05
teammate	-0.28	1.24
risky	-0.28	1.49
rest	-0.28	1.99
pub	-0.28	0.95
clicked	-0.28	1.63
outta	-0.28	1.18
unsure	-0.28	2.68
elim	-0.28	1.54
shits	-0.28	1.20
area	-0.28	1.05
character	-0.28	0.91
refreshing	-0.28	1.24
fastest	-0.28	3.24
indeed	-0.28	1.63
beaten	-0.28	1.42
drink	-0.28	1.00
3/4	-0.28	1.11
structure	-0.28	1.39
without	-0.28	1.32
robot	-0.28	0.86
draw	-0.27	1.19
although	-0.27	2.41
blocked	-0.27	0.98
alot	-0.27	1.81
headshots	-0.27	1.07
dollars	-0.27	1.30
still	-0.27	2.40
expect	-0.27	2.37
loss	-0.27	1.11
meant	-0.27	3.36
provide	-0.27	1.60
sponsorship	-0.27	1.13
astro	-0.27	0.99
im	-0.27	1.93
access	-0.27	1.15
ourselves	-0.27	1.48
addressed	-0.27	1.37
explode	-0.27	1.18
feeling	-0.27	2.03
decisions	-0.27	1.31
sponsors	-0.27	1.14
various	-0.27	1.38
basketball	-0.27	1.16
growing	-0.27	1.28
plane	-0.27	1.04
noticeable	-0.27	1.27
there	-0.26	2.25
selling	-0.26	1.09
paced	-0.26	1.18
learned	-0.26	1.41
light	-0.26	1.28
himself	-0.26	1.40
confusion	-0.26	1.43
lagged	-0.26	1.08
fund	-0.26	1.11
learn	-0.26	1.35
challenging	-0.26	0.98
cut	-0.26	1.24
mentions	-0.26	1.19
smoking	-0.26	1.51
been	-0.26	1.99
loop	-0.26	1.57
mainstream	-0.26	1.21
atlanta	-0.26	1.42
jeez	-0.26	1.34
perform	-0.26	1.79
down	-0.26	1.55
laggy	-0.26	1.41
switches	-0.26	0.95
sooo	-0.26	1.24
aspects	-0.26	1.19
nature	-0.26	1.26
intended	-0.26	1.72
afford	-0.26	1.04
opened	-0.25	1.19
50/50	-0.25	1.02
scroll	-0.25	1.46
earlier	-0.25	1.41
development	-0.25	1.06
number	-0.25	1.38
address	-0.25	1.07
laws	-0.25	1.33
require	-0.25	1.07
goals	-0.25	1.16
hopping	-0.25	1.11
community	-0.25	1.46
releasing	-0.25	1.08
misleading	-0.25	1.33
representation	-0.25	1.50
alone	-0.25	1.34
field	-0.25	1.19
m	-0.25	2.19
gotaga	-0.25	1.12
upload	-0.25	1.00
growth	-0.25	1.19
none	-0.25	1.46
rewarding	-0.24	1.10
brands	-0.24	1.15
split	-0.24	1.24
project	-0.24	1.41
stays	-0.24	1.25
visa	-0.24	1.22
customization	-0.24	0.99
3arc	-0.24	1.04
restrictions	-0.24	1.26
cat	-0.24	1.15
fails	-0.24	1.45
expensive	-0.24	1.30
particularly	-0.24	1.35
laying	-0.24	1.13
clutched	-0.24	1.28
previous	-0.24	1.54
story	-0.24	1.63
improvements	-0.24	1.20
copy	-0.24	1.09
gap	-0.24	1.17
hasnt	-0.24	1.71
realised	-0.24	1.89
competing	-0.24	1.51
app	-0.24	1.19
opposition	-0.24	1.05
meh	-0.24	1.03
hear	-0.24	1.49
existed	-0.24	1.26
solution	-0.24	1.47
retires	-0.24	1.16
convenient	-0.24	1.49
ties	-0.24	1.06
air	-0.24	1.08
attitudes	-0.24	1.20
day	-0.24	1.33
moving	-0.23	1.86
thought	-0.23	2.58
question	-0.23	2.25
guide	-0.23	1.13
status	-0.23	0.89
sites	-0.23	1.14
tldr	-0.23	1.08
houses	-0.23	0.99
albeit	-0.23	1.58
reddit	-0.23	1.38
planted	-0.23	0.95
faster	-0.23	1.25
solely	-0.23	1.20
spectators	-0.23	1.06
awhile	-0.23	1.68
onto	-0.23	1.13
locations	-0.23	1.20
analogy	-0.23	1.56
fucking	-0.23	1.57
allow	-0.22	1.66
announcements	-0.22	1.40
parasites	-0.22	1.11
solved	-0.22	1.16
fail	-0.22	1.67
benq	-0.22	1.08
hackers	-0.22	1.08
achieve	-0.22	1.42
1v1	-0.22	1.14
boot	-0.22	1.03
dominated	-0.22	1.08
british	-0.22	1.46
reg	-0.22	1.12
demographic	-0.22	1.09
accident	-0.22	1.46
sidebar	-0.22	1.35
image	-0.22	1.20
redbull	-0.22	1.05
fit	-0.22	1.39
gamemode	-0.22	1.24
browser	-0.22	1.38
reflect	-0.22	1.45
rounds	-0.22	1.16
start	-0.22	1.42
detail	-0.22	1.57
eg/col	-0.21	0.99
reached	-0.21	1.22
sony	-0.21	1.01
fully	-0.21	1.34
website	-0.21	1.21
horse	-0.21	1.07
a40s	-0.21	1.03
loading	-0.21	1.02
seperate	-0.21	1.23
stale	-0.21	1.44
nope	-0.21	1.76
lower	-0.21	1.57
class	-0.21	0.83
failed	-0.21	1.69
ive	-0.21	1.90
semis	-0.21	1.07
scrimming	-0.21	1.54
ppl	-0.21	1.41
whose	-0.21	1.40
flight	-0.21	1.10
curious	-0.21	3.11
usb	-0.21	0.98
definitely	-0.21	2.55
ranking	-0.21	1.15
revenue	-0.21	1.14
e-sport	-0.21	1.57
option	-0.21	1.73
times	-0.21	1.62
reliable	-0.21	1.24
swear	-0.21	1.41
action	-0.20	1.11
chokes	-0.20	1.11
significantly	-0.20	1.43
tad	-0.20	1.66
rewarded	-0.20	1.18
sex	-0.20	1.49
thousand	-0.20	1.32
dollar	-0.20	1.11
above	-0.20	1.50
spamming	-0.20	1.59
minus	-0.20	0.90
intention	-0.20	1.71
spawned	-0.20	1.06
defensive	-0.20	1.11
dedicated	-0.20	1.07
cuz	-0.20	1.79
fnatic	-0.20	1.05
instead	-0.20	1.38
tennis	-0.20	1.27
male	-0.20	1.04
suspended	-0.20	1.16
pays	-0.20	1.22
anytime	-0.20	1.61
sub-reddit	-0.20	1.35
credits	-0.20	1.15
hopes	-0.20	1.46
eye	-0.20	1.11
court	-0.20	1.28
clutching	-0.19	1.16
original	-0.19	1.90
figures	-0.19	1.21
chris	-0.19	0.94
chances	-0.19	1.34
title	-0.19	1.71
handful	-0.19	1.70
valve	-0.19	1.11
trapped	-0.19	1.13
geniuses	-0.19	1.10
stable	-0.19	1.26
found	-0.19	1.45
automatically	-0.19	1.46
empty	-0.19	1.17
announced	-0.19	1.49
theyve	-0.19	1.63
media	-0.19	1.09
hence	-0.19	1.22
possibility	-0.19	1.76
keemstar	-0.19	1.10
portal	-0.19	1.17
given	-0.19	1.73
recently	-0.19	1.73
planet	-0.19	1.75
join	-0.19	1.58
pun	-0.19	1.20
parts	-0.19	1.29
seat	-0.19	1.23
major	-0.19	1.69
fee	-0.19	1.19
formals	-0.18	1.04
big	-0.18	1.64
fighting	-0.18	1.25
niche	-0.18	1.09
payed	-0.18	1.30
below	-0.18	1.51
causing	-0.18	1.27
recommend	-0.18	1.22
1v1s	-0.18	1.06
goal	-0.18	1.41
flank	-0.18	0.93
prone	-0.18	1.03
gyazo	-0.18	1.32
thin	-0.18	1.26
physically	-0.18	1.41
trending	-0.18	1.22
formula	-0.18	1.22
declined	-0.18	1.31
function	-0.18	1.14
content	-0.18	1.10
under	-0.18	1.18
time	-0.18	1.81
asses	-0.18	1.30
partnered	-0.18	1.13
hopefully	-0.18	1.92
14	-0.18	1.02
learning	-0.17	1.23
two	-0.17	1.49
skip	-0.17	1.26
switching	-0.17	1.09
claimed	-0.17	1.40
phrase	-0.17	1.34
crack	-0.17	1.35
reaching	-0.17	1.22
wins	-0.17	1.05
handling	-0.17	1.10
dominance	-0.17	1.05
please	-0.17	1.91
ieds	-0.17	1.08
performs	-0.17	1.42
bomb	-0.17	0.93
irc	-0.17	1.37
mine	-0.17	1.20
dominating	-0.17	1.20
1ms	-0.17	1.19
performing	-0.17	1.48
xbone	-0.17	1.00
improve	-0.17	1.32
setting	-0.17	1.13
left	-0.17	1.61
heart	-0.17	1.30
involved	-0.17	1.36
ages	-0.17	1.28
added	-0.16	0.99
suprised	-0.16	2.03
breath	-0.16	1.22
matchmaking	-0.16	1.08
fell	-0.16	1.08
winning	-0.16	1.36
rock	-0.16	1.04
passing	-0.16	1.02
sold	-0.16	1.00
test	-0.16	1.02
building	-0.16	1.05
trading	-0.16	1.17
primarily	-0.16	1.38
screenshot	-0.16	1.27
clarify	-0.16	1.97
salaries	-0.16	1.19
increased	-0.16	1.10
link	-0.16	1.37
adds	-0.16	1.10
plug	-0.16	1.00
members	-0.16	1.41
viewers	-0.16	1.16
financially	-0.16	1.32
unlikely	-0.16	1.70
importance	-0.16	1.10
decrease	-0.16	1.27
myself	-0.16	1.90
step	-0.16	1.57
yourself	-0.16	1.84
numbers	-0.15	1.27
examples	-0.15	1.78
new	-0.15	1.33
convincing	-0.15	2.13
xp	-0.15	1.06
android	-0.15	1.46
organisations	-0.15	1.24
mostly	-0.15	1.19
pair	-0.15	1.00
weekly	-0.15	1.27
profile	-0.15	1.18
store	-0.15	1.02
traded	-0.15	1.39
pros	-0.15	1.78
viewer	-0.15	1.14
pieces	-0.15	1.15
org	-0.15	1.24
accounts	-0.15	1.18
later	-0.15	1.46
margin	-0.15	1.28
replied	-0.15	2.19
lose	-0.15	1.28
applied	-0.15	1.11
remotely	-0.15	1.76
jumps	-0.15	0.89
confidence	-0.15	0.94
bounce	-0.15	1.25
as	-0.15	2.11
port	-0.14	1.00
eat	-0.14	1.20
struggled	-0.14	1.39
deserves	-0.14	1.16
wide	-0.14	1.28
hide	-0.14	1.08
updating	-0.14	1.40
permission	-0.14	1.46
interest	-0.14	1.21
shortly	-0.14	1.32
led	-0.14	1.05
break	-0.14	1.22
carrying	-0.14	1.28
deleting	-0.14	1.43
boss	-0.14	0.90
sigh	-0.14	1.09
forming	-0.14	1.15
quickly	-0.14	1.49
characters	-0.14	1.02
today	-0.14	1.42
hitler	-0.14	1.22
formed	-0.13	1.09
imgur	-0.13	1.30
motivated	-0.13	1.44
scene	-0.13	1.30
produce	-0.13	1.14
refs	-0.13	1.13
patches	-0.13	1.15
playing	-0.13	1.82
casual	-0.13	1.10
links	-0.13	1.34
winnings	-0.13	1.14
ultimate	-0.13	1.30
exceptions	-0.13	1.55
session	-0.13	1.10
practiced	-0.13	1.54
expected	-0.13	1.89
plain	-0.13	1.48
sensitivity	-0.13	1.11
controlling	-0.13	1.11
updates	-0.13	1.20
tuesday	-0.13	1.32
plant	-0.13	0.92
monitors	-0.13	1.15
abilities	-0.13	0.99
supposedly	-0.13	1.16
bug	-0.13	1.06
wait	-0.13	1.76
proved	-0.13	1.63
seeing	-0.13	2.14
understandable	-0.13	2.05
moments	-0.13	1.60
till	-0.13	1.39
agency	-0.13	1.22
judging	-0.13	1.33
asked	-0.13	1.81
turn	-0.13	1.40
deep	-0.13	1.28
based	-0.13	1.35
deleted	-0.13	1.81
week	-0.13	1.41
extra	-0.13	1.20
decline	-0.13	1.09
using	-0.13	0.99
organizers	-0.13	1.19
tourney	-0.13	1.31
format	-0.12	1.30
particular	-0.12	1.52
pulling	-0.12	1.19
roll	-0.12	1.27
past	-0.12	1.39
load	-0.12	1.22
effectively	-0.12	1.20
sorted	-0.12	1.38
tag	-0.12	1.22
hardcore	-0.12	1.06
described	-0.12	1.30
further	-0.12	1.41
dig	-0.12	1.53
users	-0.12	1.33
ran	-0.12	1.10
pass	-0.12	1.07
age	-0.12	1.09
potentially	-0.12	1.79
tab	-0.12	1.23
whom	-0.12	1.14
asia	-0.12	1.40
creating	-0.12	1.31
ground	-0.12	1.10
americans	-0.12	1.21
tomorrow	-0.12	1.42
mlb	-0.12	1.29
reduced	-0.12	1.17
clause	-0.12	1.28
heck	-0.12	1.23
legally	-0.12	1.25
etc	-0.12	1.19
kick	-0.11	1.05
huge	-0.11	1.46
switch	-0.11	1.18
lot	-0.11	1.89
testing	-0.11	1.01
direct	-0.11	1.39
sundance	-0.11	1.16
xb1	-0.11	1.01
announcement	-0.11	1.34
ball	-0.11	1.08
bucks	-0.11	1.52
walked	-0.11	1.21
longest	-0.11	1.68
tl	-0.11	1.12
killed	-0.11	1.04
sit	-0.11	1.14
such	-0.11	1.59
jump	-0.11	1.01
sources	-0.11	1.47
spawning	-0.11	1.14
comfort	-0.11	1.18
year	-0.11	1.17
took	-0.11	1.38
bored	-0.11	1.28
days	-0.11	1.41
benched	-0.11	1.24
microsoft	-0.11	1.06
nihill	-0.11	0.86
takes	-0.11	1.29
increase	-0.11	1.20
variety	-0.11	1.00
weaker	-0.11	1.57
appealing	-0.11	1.18
house	-0.11	0.90
built	-0.11	0.99
closed	-0.11	1.39
expenses	-0.11	1.09
network	-0.11	1.00
killcam	-0.11	1.19
complicated	-0.10	1.42
porn	-0.10	1.39
swap	-0.10	1.23
choices	-0.10	1.23
earnings	-0.10	1.20
scrimmed	-0.10	1.34
route	-0.10	1.19
men	-0.10	1.35
world	-0.10	2.01
lb	-0.10	1.07
stood	-0.10	1.34
term	-0.10	1.30
plans	-0.10	1.24
contracted	-0.10	1.33
fitting	-0.10	1.13
cold	-0.10	0.90
stuck	-0.10	1.16
three	-0.10	1.43
listed	-0.10	1.42
juice	-0.10	1.25
australian	-0.10	1.49
walk	-0.10	1.37
door	-0.10	1.08
support	-0.10	1.40
tactical	-0.10	0.93
remains	-0.10	1.25
picking	-0.09	1.41
thats	-0.09	2.56
running	-0.09	1.05
catch	-0.09	1.39
divisions	-0.09	1.10
greatly	-0.09	1.23
rights	-0.09	1.20
offline	-0.09	1.11
wasted	-0.09	1.36
old	-0.09	1.08
into	-0.09	1.24
stay	-0.09	1.71
picture	-0.09	1.28
doloshi	-0.09	0.78
hardware	-0.09	1.11
begin	-0.09	1.62
female	-0.09	1.19
older	-0.09	1.13
grinding	-0.09	1.26
last	-0.09	1.46
film	-0.09	1.12
drinking	-0.09	1.05
uh	-0.09	1.18
engine	-0.08	1.26
book	-0.08	1.53
enter	-0.08	1.18
newer	-0.08	1.16
adapt	-0.08	1.34
losing	-0.08	0.96
salary	-0.08	1.19
controlled	-0.08	1.03
ehh	-0.08	1.40
monday	-0.08	1.27
5ms	-0.08	1.13
isnt	-0.08	2.15
sign	-0.08	1.36
repeatedly	-0.08	1.30
multiplier	-0.08	1.13
lead	-0.08	1.02
strikes	-0.08	1.06
hearing	-0.08	1.34
cash	-0.08	1.18
xbl	-0.08	1.14
secure	-0.08	1.28
70k	-0.08	1.23
thrive	-0.08	1.29
shine	-0.08	1.13
beforehand	-0.08	1.33
technically	-0.08	1.27
peak	-0.08	1.03
turning	-0.08	1.15
food	-0.08	1.04
weakest	-0.08	3.40
healthy	-0.08	1.01
master	-0.08	0.85
month	-0.08	1.29
miami	-0.08	1.03
sticking	-0.07	1.47
region	-0.07	1.72
survive	-0.07	1.41
france	-0.07	1.27
less	-0.07	1.56
uav	-0.07	1.05
keeps	-0.07	1.22
view	-0.07	1.16
wall	-0.07	0.99
maintain	-0.07	1.14
relevant	-0.07	1.42
delay	-0.07	1.10
adapter	-0.07	1.00
hole	-0.07	1.05
sets	-0.07	1.08
morning	-0.07	1.22
participate	-0.07	1.39
designed	-0.07	1.01
hundred	-0.07	1.65
defusing	-0.07	1.00
tac	-0.07	0.95
reduce	-0.07	0.99
ago	-0.07	1.36
schedule	-0.07	1.33
lil	-0.06	1.24
bars	-0.06	0.78
dedication	-0.06	1.02
platforms	-0.06	1.15
ghoster	-0.06	1.26
nip	-0.06	1.03
vs	-0.06	1.84
whatnot	-0.06	1.07
until	-0.06	1.39
information	-0.06	1.57
cod	-0.06	1.96
chrome	-0.06	1.36
applies	-0.06	0.82
box	-0.06	1.39
booted	-0.06	0.99
puts	-0.06	0.99
sneak	-0.06	1.32
crossed	-0.06	1.07
limit	-0.06	1.11
a40	-0.06	1.00
iphone	-0.06	1.30
converted	-0.06	1.19
environment	-0.06	1.15
active	-0.06	1.17
tough	-0.06	2.41
movements	-0.06	1.01
represent	-0.06	1.35
few	-0.05	1.37
shocking	-0.05	1.51
unlike	-0.05	1.02
hover	-0.05	1.09
earned	-0.05	1.35
percent	-0.05	1.98
sleep	-0.05	1.13
photo	-0.05	1.23
accessible	-0.05	1.25
london	-0.05	1.10
rant	-0.05	1.17
eliminated	-0.05	1.14
minds	-0.05	1.38
potato	-0.05	0.99
jumping	-0.05	1.05
mates	-0.05	1.07
worldwide	-0.05	1.39
royal	-0.05	1.13
espn	-0.05	1.23
hooked	-0.05	1.07
crimbot	-0.05	1.42
glass	-0.05	1.10
cpm	-0.05	1.13
staying	-0.05	1.40
button	-0.05	1.38
lasts	-0.05	1.28
span	-0.05	1.33
head	-0.05	1.11
supply	-0.05	1.11
e-sports	-0.05	1.46
wan	-0.05	2.15
scrim	-0.05	1.37
windows	-0.04	1.17
mouse	-0.04	1.03
negative	-0.04	1.19
uhh	-0.04	1.53
hobby	-0.04	1.17
risk	-0.04	1.38
opens	-0.04	1.28
presence	-0.04	1.17
click	-0.04	1.27
recorded	-0.04	1.36
classes	-0.04	0.87
rent	-0.04	0.98
shift	-0.04	1.10
unbeatable	-0.04	1.23
reference	-0.04	1.52
create	-0.03	1.30
woke	-0.03	1.31
contract	-0.03	1.30
methods	-0.03	1.23
yoshi	-0.03	0.94
tends	-0.03	1.53
passes	-0.03	1.01
mix	-0.03	0.97
rep	-0.03	1.13
mixamp	-0.03	1.00
lately	-0.03	1.30
gunfights	-0.03	1.04
tune	-0.03	1.28
hotel	-0.03	1.06
underdog	-0.03	1.48
whats	-0.03	2.19
nowhere	-0.03	1.73
aiming	-0.03	1.10
banning	-0.03	1.06
routes	-0.03	1.07
hot	-0.03	0.96
vetoes	-0.03	1.68
30k	-0.03	1.15
security	-0.03	1.44
remembered	-0.03	1.28
months	-0.03	1.30
<URL>	-0.02	1.01
<SPECIAL>	-0.02	1.01
lasted	-0.02	1.25
lobby	-0.02	1.05
window	-0.02	1.23
weeks	-0.02	1.32
glasses	-0.02	1.16
halfway	-0.02	1.74
hosted	-0.02	1.09
disable	-0.02	1.15
second	-0.02	1.97
chosen	-0.02	1.44
lesson	-0.02	1.61
wake	-0.02	1.31
joining	-0.02	1.23
offense	-0.02	0.92
suppose	-0.02	2.40
views	-0.02	1.12
imho	-0.02	1.39
partners	-0.02	1.16
series	-0.02	0.96
headsets	-0.02	1.02
prize	-0.02	1.16
adding	-0.02	1.23
terribly	-0.02	1.53
effects	-0.02	1.18
travel	-0.02	1.08
taxes	-0.02	1.19
wasting	-0.02	1.41
150	-0.02	1.57
c9	-0.02	1.17
attack	-0.02	1.12
boost	-0.02	1.01
mesh	-0.02	1.13
50k	-0.02	1.16
regions	-0.02	1.38
unlock	-0.01	1.04
payout	-0.01	1.21
options	-0.01	1.23
upcoming	-0.01	1.31
women	-0.01	1.37
midnight	-0.01	1.30
broadcasting	-0.01	1.12
ended	-0.01	1.15
trade	-0.01	1.32
communities	-0.01	1.32
c4	-0.01	0.97
global	-0.01	1.27
continuing	-0.01	1.21
night	-0.01	1.28
shaking	-0.01	1.19
lesser	-0.01	1.16
entered	-0.01	1.33
streak	-0.01	1.01
limited	-0.01	1.13
western	-0.01	1.41
planting	-0.01	0.98
screen	-0.01	1.13
somewhere	-0.01	1.41
lethal	-0.01	0.94
lean	-0.01	1.20
assault	-0.01	0.83
direction	-0.01	1.36
industry	-0.01	1.21
bus	-0.01	1.03
waste	-0.01	1.45
tickets	-0.01	1.07
cloud	-0.01	1.13
exclusive	-0.01	1.15
tbh	-0.01	2.34
track	-0.01	1.32
rely	-0.01	1.17
real	-0.01	2.10
eligible	-0.01	1.53
news	-0.01	1.28
profitable	-0.01	1.18
setups	-0.00	1.14
passport	-0.00	1.21
pizza	-0.00	1.36
patched	-0.00	1.16
versatility	-0.00	1.09
choice	-0.00	1.84
11	-0.00	0.96
adapted	-0.00	1.40
chose	-0.00	1.35
per	0.00	1.24
movement	0.00	1.02
stole	0.00	1.15
viewing	0.00	1.08
soccer	0.00	1.32
2013	0.00	1.45
pace	0.00	1.03
watch	0.00	1.22
icons	0.00	1.37
ams	0.00	1.63
round	0.00	1.03
center	0.00	1.14
scoring	0.00	1.18
surely	0.00	1.84
practice	0.00	1.27
within	0.00	1.31
compensate	0.00	1.17
hes	0.00	1.61
vision	0.00	1.05
progress	0.00	1.14
riot	0.00	1.10
rating	0.00	1.57
pools	0.00	1.25
nifty	0.00	1.03
eg	0.00	1.27
arent	0.00	1.68
20k	0.00	1.12
energy	0.01	1.08
struggling	0.01	1.50
prizes	0.01	1.21
xbox	0.01	1.28
signing	0.01	1.30
wise	0.01	1.32
challenged	0.01	1.32
steps	0.01	1.33
football	0.01	1.35
amateurs	0.01	1.55
versions	0.01	1.09
iw	0.01	1.04
2-2	0.01	0.95
scoreboard	0.01	1.03
instinct	0.01	1.09
strongest	0.01	3.43
hours	0.01	1.29
tight	0.01	1.27
1/2	0.01	1.08
atleast	0.01	1.39
headset	0.01	1.04
secret	0.01	1.30
grenade	0.01	0.93
dynamic	0.01	1.24
sprint	0.01	1.00
melee	0.01	1.08
tsm	0.01	1.15
godly	0.01	2.44
hdmi	0.01	1.09
disabled	0.02	1.12
rivalry	0.02	0.99
couple	0.02	1.35
drafted	0.02	1.21
dash	0.02	1.01
excel	0.02	1.16
minutes	0.02	1.25
challenge	0.02	1.09
name	0.02	1.47
after	0.02	1.52
settings	0.02	1.09
sniping	0.02	1.04
grinded	0.02	1.22
ten	0.02	1.32
dry	0.02	1.05
alive	0.02	1.05
message	0.02	1.42
losers	0.02	1.25
nfl	0.02	1.31
moves	0.02	1.21
est	0.02	1.35
jobs	0.02	1.05
reach	0.02	1.02
transfer	0.02	1.21
monthly	0.02	1.45
excitement	0.02	1.11
period	0.02	1.21
aspect	0.02	0.87
predictions	0.02	1.64
sketch	0.03	1.26
device	0.03	1.22
standings	0.03	1.30
seem	0.03	2.12
memory	0.03	1.24
yearly	0.03	1.13
brings	0.03	1.17
13	0.03	1.03
roster	0.03	1.31
monitor	0.03	1.12
scared	0.03	2.15
strongly	0.03	1.38
interaction	0.03	1.02
five	0.03	1.32
cheering	0.03	1.36
scorestreaks	0.03	1.03
activity	0.03	1.28
spell	0.03	2.15
guard	0.03	1.08
ads	0.03	1.09
speech	0.03	1.12
hah	0.03	1.58
neck	0.03	1.05
adderall	0.03	1.18
boat	0.03	3.03
use	0.03	1.01
wut	0.03	1.37
rules	0.03	1.14
leaning	0.03	1.79
rocket	0.03	0.87
its	0.03	2.22
fantasy	0.03	1.32
surprising	0.04	1.76
loser	0.04	1.17
turtle	0.04	1.02
similarly	0.04	1.26
explanation	0.04	1.68
400	0.04	1.44
definition	0.04	1.57
prior	0.04	1.26
ridiculously	0.04	1.75
terms	0.04	1.27
grind	0.04	1.12
enforce	0.04	1.32
loan	0.04	1.29
ninja	0.04	1.30
choking	0.04	0.99
relying	0.04	1.13
his	0.04	1.07
consoles	0.04	1.06
fair	0.04	2.17
ensure	0.04	1.14
order	0.04	1.60
seconds	0.04	1.21
released	0.04	1.21
sec	0.04	1.16
slowly	0.04	1.23
friday	0.04	1.25
generation	0.04	1.07
essential	0.04	1.27
ali-a	0.04	1.01
eating	0.04	1.14
dominate	0.04	1.13
articles	0.04	1.61
city	0.04	1.00
ad	0.05	1.16
trades	0.05	1.29
organized	0.05	1.27
guarantee	0.05	2.49
asus	0.05	1.13
forever	0.05	1.38
aimed	0.05	1.23
contest	0.05	1.07
standard	0.05	1.28
99	0.05	1.52
relies	0.05	1.14
regular	0.05	1.02
rush	0.05	0.96
terrace	0.05	1.42
country	0.05	1.26
scheme	0.05	0.78
aggression	0.05	1.17
suit	0.05	1.14
four	0.05	1.69
longer	0.05	1.37
entering	0.05	1.34
mins	0.05	1.26
leaves	0.05	1.23
sunday	0.05	1.27
hiding	0.05	1.11
95	0.05	1.19
o.o	0.05	1.63
esn	0.05	1.29
row	0.05	1.32
held	0.05	1.14
styles	0.05	1.17
catching	0.05	1.11
mic	0.05	1.06
human	0.05	1.12
our	0.05	1.31
timer	0.05	1.05
six	0.06	1.22
throughout	0.06	1.76
ordered	0.06	1.09
quite	0.06	1.97
emotional	0.06	1.27
theres	0.06	1.80
replay	0.06	1.07
areas	0.06	1.13
tonight	0.06	1.42
practicing	0.06	1.26
entry	0.06	1.17
scrims	0.06	1.25
income	0.06	1.16
combination	0.06	1.09
vod	0.06	1.29
ends	0.06	1.17
certainly	0.06	2.12
prestige	0.06	1.13
0-2	0.06	1.02
ceo	0.06	1.31
2k	0.06	1.20
minute	0.07	1.21
cards	0.07	1.01
unite	0.07	1.69
doms	0.07	0.98
saint	0.07	0.89
cali	0.07	0.91
ot	0.07	0.96
studying	0.07	1.35
shorter	0.07	1.06
curve	0.07	1.37
slide	0.07	1.05
resources	0.07	1.30
person	0.07	1.98
bracket	0.07	1.35
superior	0.07	1.29
struggles	0.07	1.25
adblock	0.07	1.20
1080p	0.07	1.30
emp	0.07	0.95
esport	0.07	1.45
1k	0.07	1.24
headglitch	0.07	1.10
minimap	0.07	1.02
winners	0.07	1.25
waited	0.07	1.14
hitting	0.07	1.57
adhere	0.07	1.74
guy	0.07	1.80
matched	0.07	1.24
add	0.07	1.27
more	0.07	1.75
enjoyable	0.07	1.26
drastically	0.07	1.34
grenades	0.08	0.93
purposes	0.08	1.17
keyboard	0.08	1.08
username	0.08	1.49
sided	0.08	1.07
suggest	0.08	1.43
quantic	0.08	1.68
2k/5k	0.08	1.16
moderators	0.08	1.29
defense	0.08	0.94
look	0.08	1.99
advance	0.08	1.32
cam	0.08	1.10
donut	0.08	1.25
starter	0.08	1.31
against	0.08	0.95
ease	0.08	1.00
esports	0.08	1.37
public	0.08	1.03
social	0.08	1.07
angry	0.08	1.67
generally	0.08	1.37
preference	0.08	1.58
seeding	0.08	1.48
defeat	0.08	1.13
hour	0.08	1.26
disc	0.08	1.08
hijacked	0.08	3.73
relatively	0.08	1.52
prepared	0.08	1.48
count	0.08	1.04
notable	0.08	1.69
1000	0.08	1.66
minded	0.08	1.68
physical	0.08	1.54
organizations	0.09	1.42
websites	0.09	1.30
warm	0.09	1.07
shoot	0.09	1.08
mod	0.09	1.39
cancel	0.09	1.02
clear	0.09	1.52
ps4	0.09	1.03
partnership	0.09	1.21
groups	0.09	1.60
cereal	0.09	1.73
motion	0.09	0.87
sprinting	0.09	1.03
agreement	0.09	1.61
body	0.09	1.13
competed	0.09	1.29
update	0.09	1.18
sitting	0.09	1.35
markyb	0.09	1.21
viewed	0.09	1.53
ttk	0.09	1.04
won	0.09	1.18
starts	0.09	1.30
loads	0.09	1.40
2/3	0.09	1.24
positioning	0.09	1.09
fa	0.09	1.17
method	0.09	1.17
360	0.10	1.26
born	0.10	1.26
balancing	0.10	1.09
software	0.10	1.04
joined	0.10	1.25
feet	0.10	1.14
details	0.10	1.25
brackets	0.10	1.47
1-2	0.10	1.28
tied	0.10	0.96
boosting	0.10	1.19
5-10	0.10	1.27
leads	0.10	1.16
life	0.10	1.45
competitor	0.10	1.61
answered	0.10	1.83
submitted	0.10	1.44
popular	0.10	1.63
appear	0.10	1.27
america	0.10	1.34
signs	0.10	1.20
5k	0.10	1.18
aswell	0.10	1.69
bench	0.10	1.30
10k	0.11	1.16
bite	0.11	1.48
versus	0.11	1.00
werent	0.11	1.58
studio	0.11	1.03
consider	0.11	2.27
sat	0.11	1.13
sits	0.11	0.97
register	0.11	1.08
walls	0.11	0.98
locks	0.11	1.32
unique	0.11	1.23
lobbies	0.11	1.05
controls	0.11	1.16
1.5	0.11	1.39
detroit	0.11	1.43
saturday	0.11	1.27
leagues	0.11	1.27
twice	0.11	1.60
nights	0.11	1.26
rolling	0.11	1.11
requires	0.11	1.13
spanish	0.11	1.46
orgs	0.11	1.41
camp	0.11	0.98
extent	0.11	1.46
transition	0.11	1.10
incoming	0.11	1.34
pm	0.11	1.38
pushes	0.11	0.95
2.0	0.11	0.96
2ks	0.11	1.18
daily	0.11	1.13
accepted	0.11	1.67
entertainment	0.11	1.15
ranks	0.11	1.11
inch	0.11	1.13
hockey	0.11	1.34
sides	0.11	1.18
american	0.11	1.34
initially	0.11	1.19
mlg.tv	0.11	1.17
solar	0.12	1.46
form	0.12	1.29
serious	0.12	2.12
flairs	0.12	1.22
especially	0.12	1.32
program	0.12	1.13
west	0.12	1.03
selection	0.12	1.13
lock	0.12	1.31
corners	0.12	1.02
drift0r	0.12	1.02
capable	0.12	1.58
slight	0.12	1.11
little	0.12	1.74
equally	0.12	1.56
paste	0.12	1.48
pain	0.12	1.23
everyday	0.12	1.21
rotation	0.12	1.61
youtubers	0.12	1.05
ascend	0.12	1.47
1-1	0.12	1.00
knowledge	0.12	1.10
stayed	0.12	1.42
next	0.12	1.46
fallen	0.12	1.31
stun	0.12	0.88
twitch	0.12	1.12
battles	0.12	1.00
min	0.13	1.18
request	0.13	1.17
england	0.13	1.24
clg	0.13	1.11
final	0.13	1.07
visit	0.13	1.19
id	0.13	2.16
save	0.13	1.30
buyout	0.13	1.18
bc	0.13	1.29
bull	0.13	1.04
reading	0.13	2.13
strat	0.13	1.20
run	0.13	1.10
bans	0.13	1.07
triple	0.13	0.92
ranked	0.13	1.08
75	0.13	1.56
beat	0.13	0.98
18	0.13	1.09
length	0.13	1.08
clock	0.13	1.09
decision	0.13	1.24
important	0.13	1.30
key	0.13	1.18
unknown	0.13	1.21
lost	0.13	1.03
private	0.13	1.06
begins	0.13	1.22
100k	0.13	1.16
driftor	0.13	1.10
items	0.13	1.13
push	0.14	1.03
bowl	0.14	1.25
illegal	0.14	1.17
opposed	0.14	1.14
mlgs	0.14	1.11
years	0.14	1.44
assist	0.14	1.08
pat	0.14	1.23
sorts	0.14	1.10
300	0.14	1.74
distance	0.14	1.08
trouble	0.14	1.51
career	0.14	1.54
comfortable	0.14	1.39
features	0.14	1.05
replacing	0.14	1.68
limits	0.14	1.10
storm	0.14	1.12
invite	0.14	1.18
200k	0.14	1.15
mlg	0.14	1.05
develop	0.14	1.21
erupt	0.14	0.96
channels	0.14	1.12
dangerous	0.14	1.27
fool	0.14	1.34
luckily	0.14	1.23
locked	0.14	1.30
elite	0.14	1.17
skill	0.14	1.10
stopped	0.15	1.29
egirls	0.15	1.25
stability	0.15	1.05
patience	0.15	1.14
beside	0.15	1.27
started	0.15	1.30
version	0.15	1.12
vvv	0.15	1.39
strats	0.15	1.08
draft	0.15	1.24
accent	0.15	1.56
communication	0.15	1.09
qualification	0.15	1.59
2-3	0.15	1.26
strategies	0.15	1.12
weak	0.15	1.52
share	0.15	1.38
everywhere	0.15	0.99
disputes	0.15	1.30
position	0.15	1.43
european	0.15	1.35
began	0.15	1.28
laptop	0.15	1.03
franchise	0.16	1.55
scheduled	0.16	1.20
performed	0.16	1.53
recovery	0.16	1.28
400k	0.16	1.16
pool	0.16	1.40
taking	0.16	1.90
b	0.16	1.02
eastern	0.16	1.27
6-0	0.16	0.92
hold	0.16	1.19
1v3	0.16	1.43
ect	0.16	1.07
retreat	0.16	1.48
playlist	0.16	1.06
rate	0.16	1.05
esl	0.16	1.30
deliver	0.16	1.12
1v4	0.16	1.43
tournament	0.16	1.31
gamertag	0.16	1.08
experienced	0.16	1.77
skin	0.16	1.15
atm	0.16	1.76
saved	0.16	1.19
packs	0.16	1.07
keeping	0.16	1.34
computer	0.16	1.05
reaction	0.16	1.11
rotate	0.16	1.09
space	0.17	1.09
wagers	0.17	1.20
tournaments	0.17	1.20
smartest	0.17	3.36
strategic	0.17	1.20
china	0.17	1.35
flamesword	0.17	0.99
rank	0.17	1.20
combat	0.17	1.03
angle	0.17	1.23
leaving	0.17	1.27
unlucky	0.17	1.61
bio	0.17	1.37
ready	0.17	0.99
toughness	0.17	1.01
agents	0.17	1.36
normally	0.17	1.41
passive	0.17	1.49
precise	0.17	1.13
text	0.17	1.68
tourneys	0.17	1.17
positions	0.17	1.20
sliding	0.18	0.98
lans	0.18	1.22
rushing	0.18	0.97
clan	0.18	1.02
console	0.18	1.36
x1	0.18	1.04
countries	0.18	1.33
crims	0.18	0.96
spawns	0.18	1.08
touched	0.18	1.63
bonus	0.18	0.99
60	0.18	1.57
lab	0.18	1.46
traditional	0.18	1.13
quick	0.18	1.37
south	0.18	1.24
dead	0.18	1.01
volume	0.18	1.10
town	0.18	1.08
filter	0.18	1.15
starters	0.18	1.32
state	0.18	1.19
smh	0.18	1.61
pages	0.18	1.27
favor	0.18	1.02
wolf	0.18	0.94
least	0.18	2.79
style	0.18	1.21
mute	0.18	1.09
yemen	0.18	3.81
uk	0.19	1.22
double	0.19	1.10
brazil	0.19	1.25
premium	0.19	1.23
international	0.19	1.22
trophy	0.19	0.93
censor	0.19	1.20
press	0.19	1.23
ladders	0.19	1.10
detect	0.19	1.30
spots	0.19	1.29
gamebattles	0.19	1.13
earning	0.19	1.30
germany	0.19	1.23
tournies	0.19	1.16
shooting	0.19	1.09
spare	0.19	1.29
strength	0.19	1.11
olympics	0.19	1.30
wars	0.19	1.07
strafing	0.19	1.05
basics	0.19	1.24
3-4	0.19	1.25
individuals	0.19	1.41
beach	0.19	1.02
200	0.19	1.78
showed	0.19	1.04
laid	0.19	1.17
concept	0.20	1.66
christ	0.20	1.50
silence	0.20	1.02
agent	0.20	1.12
perhaps	0.20	1.55
chemistry	0.20	1.12
ending	0.20	1.23
launch	0.20	1.05
announce	0.20	1.33
fights	0.20	1.04
roughly	0.20	1.15
sacrifice	0.20	1.02
board	0.20	1.25
250	0.20	1.33
doors	0.20	1.34
omg	0.20	1.43
capped	0.20	1.06
escalate	0.20	1.26
headphones	0.20	1.05
15	0.20	1.19
spend	0.20	1.28
yellow	0.20	0.92
strengths	0.20	1.54
worlds	0.20	1.15
mini	0.20	1.07
europe	0.21	1.31
5ks	0.21	1.19
trap	0.21	1.07
accurate	0.21	1.39
patch	0.21	1.08
danger	0.21	1.01
ps3	0.21	1.05
strategy	0.21	1.04
blast	0.21	0.99
releases	0.21	1.12
focus	0.21	1.02
hat	0.21	1.12
former	0.21	1.29
discount	0.21	1.23
pre-aiming	0.21	1.03
korea	0.21	1.35
teamwork	0.21	1.11
biolab	0.21	1.35
slightly	0.21	1.42
stopping	0.21	1.46
crslv	0.21	1.08
tools	0.21	1.20
agility	0.21	0.95
vectors	0.21	1.13
science	0.21	1.39
op	0.21	1.09
mental	0.21	1.12
priority	0.21	1.17
aus	0.21	1.43
timezones	0.21	1.23
pp	0.21	1.37
tracker	0.22	1.04
ladder	0.22	1.09
unban	0.22	1.12
30	0.22	1.27
specialist	0.22	1.08
boom	0.22	1.22
lcs	0.22	1.25
manner	0.22	1.41
streaming	0.22	1.14
club	0.22	1.25
yeh	0.22	1.55
us	0.22	1.59
sports	0.22	1.66
tie	0.22	0.89
6-5	0.22	0.93
max	0.22	1.04
drop	0.22	1.37
control	0.22	1.11
elgato	0.22	1.00
legal	0.22	1.15
gambling	0.22	1.45
reset	0.22	1.30
fuck	0.22	1.66
stage	0.22	1.42
17	0.22	1.08
composure	0.22	1.02
pov	0.22	1.09
paint	0.23	1.14
korean	0.23	1.38
gen	0.23	1.07
stim	0.23	0.95
baseball	0.23	1.30
states	0.23	1.21
laughed	0.23	1.26
curselv	0.23	1.02
gb	0.23	1.15
gunskill	0.23	1.10
8s	0.23	1.16
refresh	0.23	1.15
normal	0.23	1.14
balanced	0.23	1.19
winter	0.23	1.15
consistency	0.23	1.09
contracts	0.23	1.43
capping	0.23	1.08
fresh	0.24	1.23
walking	0.24	1.02
prevalent	0.24	1.37
holding	0.24	1.11
favorite	0.24	3.29
straight	0.24	1.35
1-0	0.24	0.97
5-0	0.24	0.94
squads	0.24	1.32
funniest	0.24	3.14
university	0.24	1.15
karmas	0.24	0.90
unlocked	0.24	1.00
cancelled	0.24	1.12
spot	0.24	1.26
sentry	0.24	1.34
secondary	0.24	0.98
fight	0.24	1.10
commercials	0.24	1.15
rotations	0.24	1.00
professional	0.24	1.49
together	0.24	1.26
grab	0.24	1.26
lists	0.24	1.61
codesports	0.24	1.19
semtex	0.25	0.96
had	0.25	2.89
3-5	0.25	1.18
east	0.25	1.12
mid	0.25	1.09
rewards	0.25	1.14
sight	0.25	1.00
concerns	0.25	1.59
f/a	0.25	1.08
north	0.25	1.26
subscribed	0.25	1.17
10,000	0.25	1.74
owner	0.25	1.23
shield	0.25	0.96
radar	0.25	0.95
3v3	0.25	1.06
sport	0.26	1.72
dlc	0.26	0.98
9	0.26	1.02
cap	0.26	1.09
duty	0.26	1.63
2-0	0.26	0.95
invited	0.26	1.51
rosters	0.26	1.55
youtuber	0.26	1.07
chicken	0.26	1.13
australia	0.26	1.30
points	0.26	1.55
detriment	0.26	1.34
semi	0.26	0.99
hair	0.26	1.07
19	0.26	1.12
situational	0.26	1.07
canada	0.26	1.18
overtime	0.26	1.08
snipedown	0.26	0.99
4-5	0.26	1.24
spent	0.26	1.26
streamers	0.26	1.25
playoff	0.26	1.35
linking	0.26	1.47
intense	0.26	1.51
appeal	0.26	1.05
instant	0.26	1.23
dammit	0.26	1.68
marathon	0.26	0.99
bot	0.26	1.36
entirety	0.26	3.40
response	0.26	1.38
extreme	0.26	1.21
incorrect	0.26	3.70
camping	0.26	0.98
caliber	0.26	1.50
hell	0.26	2.05
replace	0.27	1.36
stronger	0.27	1.56
cycle	0.27	1.32
inside	0.27	1.18
drive	0.27	1.04
foot	0.27	1.13
smarts	0.27	1.13
removed	0.27	1.74
res	0.27	1.55
usa	0.27	1.13
perspective	0.27	1.08
possibly	0.27	1.98
chipotle	0.27	1.16
highly	0.27	2.06
achieved	0.27	1.62
spending	0.27	1.57
weekends	0.27	1.19
humor	0.27	1.67
match	0.27	1.18
uploaded	0.27	1.15
recognized	0.27	1.96
sketched	0.27	1.15
5-6	0.27	1.23
ruleset	0.27	1.05
depth	0.27	1.23
incredibly	0.28	1.81
enabled	0.28	1.12
ratio	0.28	1.27
16	0.28	1.28
fairly	0.28	1.76
united	0.28	1.13
lanes	0.28	1.08
20	0.28	1.24
stat	0.28	1.33
callouts	0.28	1.18
10	0.28	1.17
lived	0.28	1.22
flash	0.28	1.06
van	0.28	0.93
eu	0.28	1.37
em	0.28	1.86
chess	0.28	1.63
ugly	0.28	1.63
ban	0.28	1.17
audio	0.29	1.11
station	0.29	1.05
central	0.29	1.10
michigan	0.29	1.13
lacking	0.29	1.37
coast	0.29	1.04
5	0.29	1.16
planning	0.29	1.69
fine	0.29	3.03
trophies	0.29	0.97
park	0.29	1.13
champion	0.29	1.54
scope	0.29	1.16
primary	0.29	1.27
proper	0.29	1.15
compared	0.29	1.18
disputed	0.29	1.40
neutral	0.29	1.00
list	0.29	1.97
smoke	0.29	0.97
canadork	0.29	1.55
becomes	0.29	1.64
5-1	0.29	0.97
qualify	0.29	1.41
cloak	0.29	1.03
release	0.29	1.16
playlists	0.29	1.05
90	0.29	1.52
home	0.30	1.15
solo	0.30	1.08
lolol	0.30	1.27
location	0.30	1.09
played	0.30	1.70
play	0.30	1.56
highlights	0.30	1.14
twitlonger	0.30	1.42
para	0.30	1.22
opening	0.30	1.27
yt	0.30	1.08
select	0.30	1.13
snake	0.30	0.99
phase	0.30	1.07
unhappy	0.30	1.50
ability	0.30	1.08
around	0.30	1.07
mad	0.30	2.17
actively	0.30	1.23
prediction	0.30	1.46
matches	0.30	1.20
s2	0.30	1.33
typically	0.30	1.45
defend	0.31	1.16
element	0.31	1.17
prestigious	0.31	1.14
au	0.31	1.25
league	0.31	1.34
3-0	0.31	0.96
bit	0.31	1.91
flak	0.31	0.98
teanah	0.31	1.18
channel	0.31	1.12
rotating	0.31	1.04
youtube	0.31	1.10
leadership	0.31	1.16
apparently	0.31	1.79
types	0.31	1.23
dropped	0.31	1.27
haggy	0.31	1.36
uploading	0.31	1.15
awareness	0.31	1.07
choosing	0.31	1.34
jacket	0.32	0.99
somewhat	0.32	1.81
too	0.32	2.00
training	0.32	1.13
moose	0.32	1.13
individual	0.32	1.20
gamemodes	0.32	1.26
equipment	0.32	0.93
tier	0.32	1.68
25k	0.32	1.20
custom	0.32	1.08
invitational	0.32	1.08
november	0.32	1.32
fyi	0.32	1.34
ireland	0.32	1.19
asian	0.32	1.45
york	0.32	1.03
long	0.32	1.26
perks	0.32	1.00
upset	0.32	2.04
killfeed	0.32	1.00
live	0.32	1.05
masters	0.32	0.98
records	0.33	1.19
back	0.33	1.60
flag	0.33	1.04
predicted	0.33	1.34
tuned	0.33	1.04
rich	0.33	1.29
qualifiers	0.33	1.31
crew	0.33	0.88
gameplay	0.33	1.05
soundproof	0.33	1.06
70	0.33	1.65
balance	0.33	0.94
singles	0.33	1.10
lan	0.33	1.43
nades	0.33	0.95
canadian	0.33	1.34
incog	0.34	0.96
killing	0.34	1.20
spectator	0.34	1.05
fools	0.34	1.35
improved	0.34	2.37
athletes	0.34	1.67
mobility	0.34	1.01
machine	0.34	0.98
realistically	0.34	1.80
odds	0.34	1.36
salty	0.34	1.72
plot	0.34	1.19
effort	0.34	1.40
3	0.34	1.19
plants	0.34	1.03
stalker	0.34	1.10
2v2	0.34	1.03
camera	0.34	1.15
aim	0.34	1.03
medal	0.34	1.30
ftfy	0.34	1.17
room	0.34	0.96
counter	0.34	1.10
s1	0.34	1.32
careers	0.34	1.54
corner	0.34	1.03
sc2	0.35	1.31
unstoppable	0.35	1.02
language	0.35	1.75
2-1	0.35	0.96
party	0.35	1.03
cringe	0.35	1.45
hint	0.35	1.52
street	0.35	0.93
searching	0.35	1.21
raw	0.35	1.18
broadcaster	0.35	1.11
student	0.35	1.39
annoyed	0.35	1.96
smile	0.35	1.40
known	0.35	2.43
subs	0.35	1.18
owners	0.35	1.32
late	0.35	1.32
short	0.35	1.11
word	0.35	2.23
rankings	0.36	1.29
playable	0.36	1.18
vods	0.36	1.11
ps	0.36	1.19
flawless	0.36	1.12
quotes	0.36	1.58
disappointed	0.36	2.75
24	0.36	1.08
uplink	0.36	1.29
dom	0.36	1.46
suppressor	0.36	1.01
office	0.36	1.22
80	0.36	1.69
4v4	0.36	1.09
natural	0.36	1.29
medals	0.36	1.21
legit	0.36	1.48
shame	0.36	2.21
anyways	0.36	1.98
health	0.36	1.01
read	0.37	2.44
march	0.37	1.33
granted	0.37	1.35
500	0.37	1.66
member	0.37	1.46
ds	0.37	1.25
ffa	0.37	1.01
exo	0.37	1.04
rape	0.37	1.14
addition	0.37	1.04
pack	0.37	1.07
championships	0.37	1.21
third	0.38	2.07
halo	0.38	1.09
signed	0.38	1.36
pants	0.38	1.15
plays	0.38	1.58
starcraft	0.38	1.26
feels	0.38	1.73
listened	0.38	1.19
noob	0.38	1.14
rated	0.38	1.42
proof	0.38	1.49
sense	0.38	2.53
camo	0.38	1.08
open	0.38	1.60
regional	0.38	1.32
hearthstone	0.38	1.26
faith	0.38	1.12
streaks	0.39	1.04
dynasty	0.39	0.96
laughable	0.39	2.28
counting	0.39	1.14
cmrs	0.39	1.29
bang	0.39	0.99
ammo	0.39	1.02
includes	0.39	1.16
champions	0.39	1.09
beating	0.39	1.24
steal	0.39	1.42
stepped	0.39	1.22
6-4	0.39	0.95
cvc	0.39	1.12
lightweight	0.39	1.03
complex	0.39	1.20
footsteps	0.39	1.09
snds	0.39	1.01
fourth	0.39	1.43
video	0.39	1.12
delayed	0.39	1.06
stuns	0.39	0.96
competitive	0.39	1.19
land	0.40	1.30
totally	0.40	2.53
menu	0.40	1.12
typed	0.40	2.48
qualified	0.40	1.37
patient	0.40	1.27
california	0.40	1.02
seasons	0.40	1.18
respected	0.40	2.10
exclusively	0.40	1.33
gaps	0.40	1.38
poker	0.40	1.76
blevdog	0.40	1.18
bst	0.40	1.29
naturally	0.40	1.52
rn	0.40	1.51
stream	0.40	1.18
banned	0.40	1.19
table	0.40	1.18
silent	0.40	1.08
reported	0.40	1.42
commercial	0.40	1.04
envy	0.40	1.04
genuinely	0.40	1.90
apology	0.40	1.32
sneaky	0.41	1.17
prob	0.41	1.48
bezo	0.41	1.09
december	0.41	1.23
required	0.41	1.33
tk	0.41	1.01
responses	0.41	1.66
fly	0.41	1.27
amateur	0.41	1.75
gbs	0.41	1.16
wild	0.41	1.13
4	0.41	1.13
florida	0.41	1.04
silencer	0.41	0.98
tuquick	0.41	1.33
steady	0.41	1.03
arms	0.41	1.28
washed	0.41	1.28
hybrid	0.41	1.13
athlete	0.41	1.87
model	0.41	0.91
nv	0.42	0.99
streamer	0.42	1.38
aw	0.42	1.33
gaming	0.42	1.06
sb	0.42	1.03
mp	0.42	1.02
mentally	0.42	1.10
wording	0.42	2.50
tags	0.42	1.14
ripped	0.42	0.89
timezone	0.42	1.29
dear	0.42	1.13
josh	0.42	1.11
qualifying	0.42	1.39
legend	0.42	1.54
gt	0.43	1.08
phizz	0.43	0.93
texas	0.43	1.05
mark	0.43	1.23
acquire	0.43	1.23
seth	0.43	1.27
greenwall	0.43	1.53
24/7	0.43	0.96
hitmarkers	0.43	1.09
bright	0.43	1.07
insight	0.43	1.47
doubles	0.43	1.12
profiles	0.43	1.17
woo	0.43	1.10
attend	0.43	1.24
retire	0.43	1.60
slot	0.43	1.25
dota2	0.43	1.31
huh	0.43	1.64
titles	0.43	1.30
subbed	0.43	1.21
adv	0.43	0.99
pic	0.43	1.33
qualifier	0.43	1.33
chem	0.43	1.23
footage	0.43	1.07
switched	0.43	1.09
meltdown	0.44	2.59
complexity	0.44	1.06
gamer	0.44	1.88
shocked	0.44	2.21
lv	0.44	1.05
sure	0.44	3.19
quickdraw	0.44	1.01
ones	0.44	1.56
medium	0.44	1.07
gunshy	0.44	1.11
playstyle	0.44	1.40
edited	0.44	2.49
hope	0.44	2.33
tactics	0.44	1.06
deals	0.44	1.25
u.s	0.44	1.23
potential	0.45	1.31
3-2	0.45	0.93
sov	0.45	1.34
100	0.45	3.75
rounded	0.45	1.22
tear	0.45	1.58
lineup	0.45	1.08
bullet	0.45	1.04
unbanned	0.45	1.24
measure	0.45	1.54
partner	0.45	1.09
montages	0.45	1.21
vq	0.45	1.16
codcaster	0.45	1.00
gear	0.45	1.05
insane	0.45	1.72
23	0.45	1.10
stars	0.45	1.35
brilliant	0.45	2.21
gym	0.45	1.14
plan	0.45	1.45
loud	0.45	1.26
necessary	0.45	1.22
sights	0.46	1.05
envyus	0.46	1.07
teams	0.46	2.00
arm	0.46	1.00
g1	0.46	1.49
watched	0.46	1.36
raised	0.46	1.09
events	0.46	1.23
stacked	0.46	1.40
seems	0.46	1.92
remain	0.46	1.42
stock	0.46	1.03
minecraft	0.47	1.18
22	0.47	1.07
vegas	0.47	0.95
momentum	0.47	1.37
legends	0.47	1.24
fps	0.47	1.32
s3	0.47	1.36
become	0.47	2.09
blitz	0.47	1.43
48	0.47	1.50
battlefield	0.47	1.27
names	0.47	1.15
smokes	0.47	0.99
leverage	0.47	1.89
user	0.47	1.24
overly	0.47	1.51
um	0.47	1.61
killstreaks	0.47	1.06
mobile	0.47	2.02
stats	0.47	1.29
thermal	0.47	1.16
scumps	0.47	1.11
mcc	0.47	1.14
broadcast	0.48	1.27
game	0.48	1.29
side	0.48	1.23
playstation	0.48	0.91
variant	0.48	1.06
ny	0.48	1.05
verified	0.48	1.35
announcing	0.48	1.35
basic	0.48	1.17
o_o	0.48	1.12
spectating	0.48	1.09
shane	0.48	1.09
dispute	0.48	1.34
killwhore	0.48	1.74
25	0.48	1.57
wondering	0.48	2.52
entertaining	0.49	1.50
atmosphere	0.49	1.04
placings	0.49	1.56
cup	0.49	1.13
remaining	0.49	1.69
csgo	0.49	1.22
pickup	0.49	1.36
ideas	0.49	1.48
35	0.49	1.16
anaheim	0.49	1.32
highlight	0.49	1.15
meta	0.49	1.25
moved	0.49	1.23
soooo	0.49	1.61
g2	0.49	1.46
probs	0.50	1.47
whilst	0.50	1.20
ogre	0.50	1.03
nerfed	0.50	1.11
fifa	0.50	1.20
6	0.50	1.02
lastly	0.50	1.41
smash	0.50	1.22
careful	0.50	1.35
suits	0.50	1.09
needed	0.50	1.88
present	0.50	1.29
crazy	0.50	2.20
upper	0.50	1.23
tyt	0.50	1.13
child	0.50	1.10
psn	0.51	1.12
cs	0.51	1.28
insanely	0.51	1.75
depressed	0.51	1.28
crowd	0.51	1.21
record	0.51	1.10
captures	0.51	1.18
clips	0.51	1.09
clays	0.51	1.10
anchoring	0.51	1.31
hmu	0.51	1.18
respawns	0.51	1.43
from	0.51	1.46
v	0.51	1.00
bills	0.51	1.14
pro	0.51	2.54
chair	0.52	1.07
dubs	0.52	1.07
powerful	0.52	1.24
law	0.52	1.26
very	0.52	1.91
successful	0.52	2.03
2000	0.52	1.79
perk	0.52	1.11
attachments	0.52	1.00
enjoys	0.52	2.40
venue	0.52	1.08
ai	0.52	1.41
vacation	0.52	1.16
mainstage	0.52	1.08
feature	0.52	1.22
girls	0.52	1.27
rip	0.53	1.11
wear	0.53	1.08
flags	0.53	1.29
funny	0.53	2.44
honesty	0.53	1.55
article	0.53	1.71
personality	0.53	1.12
gucci	0.53	0.98
individually	0.53	1.84
placement	0.53	1.55
glory	0.53	0.96
mature	0.53	1.37
y'all	0.54	1.15
recoil	0.54	1.05
epsilon	0.54	1.05
she	0.54	1.13
snap	0.54	1.18
consistently	0.54	2.09
beautiful	0.54	2.42
50	0.54	1.63
steam	0.54	1.15
hills	0.54	1.68
c	0.54	1.13
attending	0.54	1.19
rapid	0.54	1.11
playoffs	0.54	1.32
dota	0.54	1.25
counterstrike	0.54	1.25
importantly	0.54	1.32
overpowered	0.55	1.06
squad	0.55	1.23
weed	0.55	1.10
player**|scores|kills|death|captures	0.55	1.08
division	0.55	1.24
extremely	0.55	1.82
personalities	0.55	1.28
chicago	0.55	1.06
recording	0.55	1.08
curse	0.55	1.04
blue	0.55	0.95
kidding	0.55	2.90
sail	0.55	1.40
adam	0.55	1.56
rof	0.55	1.07
advanced	0.55	1.24
business	0.55	0.97
egs	0.55	1.02
power	0.55	1.27
40	0.55	1.53
edition	0.55	1.02
tcm	0.56	1.04
egl	0.56	1.09
octane	0.56	1.21
drug	0.56	1.20
lacks	0.56	1.18
ibad	0.56	1.00
excellent	0.56	2.00
extended	0.56	1.05
close	0.56	1.10
process	0.56	1.22
trip	0.56	1.09
saintt	0.57	0.95
group	0.57	1.24
laugh	0.57	1.61
objectives	0.57	1.26
established	0.57	1.42
headshot	0.57	1.09
leaders	0.57	1.39
gears	0.57	1.15
focused	0.57	1.31
tommey	0.57	1.26
multiplayer	0.57	1.22
accuracy	0.57	0.89
rekt	0.57	1.26
mw	0.57	0.95
lives	0.57	0.98
soo	0.58	1.50
nostalgia	0.58	1.21
joe	0.58	1.22
lightning	0.58	1.14
respectable	0.58	1.76
hyped	0.58	1.48
kaliber	0.58	1.04
dog	0.58	0.87
co	0.58	1.29
winner	0.58	1.09
gamertags	0.58	1.07
october	0.58	1.19
branding	0.58	1.33
essay	0.58	1.82
camos	0.59	1.11
movie	0.59	1.55
january	0.59	1.25
nbsp	0.59	1.09
bombs	0.59	1.03
grip	0.59	1.07
dogs	0.59	1.00
pray	0.59	1.22
words	0.59	2.16
sin	0.59	1.08
26	0.59	1.06
biased	0.59	1.64
28	0.59	1.03
school	0.59	1.09
championship	0.59	1.24
soar	0.59	1.23
curse-yo	0.59	1.05
national	0.60	1.19
curse-ny	0.60	1.05
placements	0.60	1.59
og	0.60	1.00
pop	0.60	1.14
fb	0.60	0.99
nervous	0.60	1.52
infused	0.60	1.02
hella	0.60	1.70
admin	0.60	1.50
goddamn	0.60	1.08
only	0.60	2.82
eswc	0.60	1.18
player**|score|kill|death|captures	0.60	1.08
trio	0.60	1.12
mainly	0.60	1.68
weapon	0.60	0.97
accomplished	0.60	2.90
youth	0.60	1.05
vexx	0.61	0.93
michael	0.61	1.12
solid	0.61	2.32
revenge	0.61	1.00
damage	0.61	1.06
esr	0.61	1.16
surprisingly	0.61	1.32
card	0.61	0.99
scores	0.61	1.08
wet	0.61	1.16
immunity	0.61	1.09
retiring	0.61	1.26
august	0.61	1.13
fuse	0.61	0.95
curse-lv	0.62	1.05
seeded	0.62	1.93
reporting	0.62	1.45
dotters	0.62	1.80
upsets	0.62	1.44
june	0.62	1.22
permanent	0.62	1.22
sometime	0.62	1.24
damon	0.62	0.99
heres	0.62	1.45
mother	0.62	1.12
seeds	0.63	1.81
pretty	0.63	2.07
returned	0.63	1.33
ap	0.63	1.05
tmartn	0.63	1.00
becoming	0.63	1.87
sound	0.63	1.22
player**|score|kills|deaths|captures	0.63	1.11
college	0.63	1.14
equivalent	0.64	1.08
worthy	0.64	1.14
melt	0.64	1.05
replaced	0.64	1.62
snd	0.64	1.48
hmm	0.64	2.02
sk	0.64	1.14
figured	0.64	2.24
denial	0.64	0.98
seriousness	0.64	1.70
hero	0.64	1.22
target	0.65	1.11
editing	0.65	1.01
silver	0.65	1.10
n	0.65	1.33
oracle	0.65	1.06
pubs	0.65	1.09
buff	0.66	1.08
roasted	0.66	1.23
choke	0.66	1.23
noise	0.66	1.14
paragraph	0.66	2.22
pure	0.66	1.39
xgn	0.66	0.98
attachment	0.66	1.09
af	0.66	1.64
hd	0.67	1.09
hitmarker	0.67	1.12
intensity	0.67	1.00
ohio	0.67	1.08
1-3	0.67	1.00
overkill	0.67	1.27
colors	0.67	1.04
submit	0.67	1.43
became	0.67	1.66
reactions	0.67	1.03
famous	0.67	1.21
umm	0.67	1.43
pax	0.67	1.17
3v4	0.67	2.17
ring	0.67	1.06
hang	0.67	1.45
september	0.68	1.20
stain	0.68	1.07
shot	0.68	1.15
joke	0.68	1.93
games	0.68	1.34
2015	0.68	1.08
champ	0.68	1.83
fire	0.68	1.07
effective	0.68	1.22
peatie	0.68	1.15
vlog	0.68	1.18
wrote	0.68	2.56
listen	0.68	1.59
pluto	0.68	0.93
tip	0.68	1.34
sigma	0.69	1.00
0	0.69	1.02
star	0.69	1.72
videos	0.69	1.13
stages	0.69	1.24
meet	0.69	1.18
buffed	0.69	1.11
expecting	0.69	2.02
mtars	0.69	1.10
xfinity	0.69	0.98
holy	0.69	1.62
streamed	0.69	1.25
english	0.69	2.12
radius	0.70	1.01
opposite	0.70	2.59
lowkey	0.70	1.36
enable	0.70	1.03
retirement	0.70	1.37
caps	0.70	1.12
emphasis	0.70	1.21
vids	0.70	1.11
talent	0.70	1.17
looked	0.70	1.66
huhdle	0.70	0.93
tech	0.70	1.31
mir	0.70	1.22
dot	0.71	1.05
underrated	0.71	1.64
dreams	0.71	1.50
bronze	0.71	1.08
umg	0.71	1.18
strictly	0.71	1.10
april	0.71	1.14
intelligence	0.71	1.19
shirt	0.71	1.12
hp	0.71	2.41
future	0.71	1.24
kills	0.71	1.00
song	0.71	1.21
elevate	0.72	1.00
shotguns	0.72	1.30
viable	0.72	1.05
brothers	0.72	0.96
ie	0.72	0.99
rds	0.72	1.05
player**|scores|kills|deaths|captures	0.72	1.06
passionate	0.72	1.24
score	0.72	1.11
hill	0.72	1.75
k/d	0.73	1.83
sovereign	0.73	1.33
orlando	0.73	1.16
lmgs	0.73	1.18
shoots	0.73	1.11
beta	0.73	1.08
tec	0.73	1.04
looking	0.73	1.09
freight	0.73	1.34
heavy	0.73	1.57
tits	0.73	1.17
staff	0.73	1.32
deadly	0.73	2.02
girl	0.74	1.08
jus	0.74	0.97
tho	0.74	1.67
passed	0.74	1.08
occasional	0.74	1.00
zone	0.74	0.98
hit	0.74	1.36
2014	0.74	1.15
madcat	0.74	1.16
constructive	0.74	1.57
outside	0.75	2.34
flair	0.75	1.35
her	0.75	1.26
lol	0.75	2.29
g	0.75	1.28
amp	0.75	1.11
express	0.75	2.80
crs	0.75	1.09
domination	0.75	1.25
crowster	0.75	1.12
retired	0.76	1.22
nerf	0.76	1.21
streams	0.76	1.17
tears	0.76	1.31
liked	0.76	2.86
hardpoint	0.76	2.33
supporter	0.76	1.28
bros	0.76	1.19
attended	0.77	1.22
nuts	0.77	1.27
sentence	0.77	2.43
ticket	0.77	1.37
guns	0.77	1.11
desk	0.77	1.06
summer	0.77	1.13
gametypes	0.77	1.38
parent	0.78	1.31
sorry	0.78	3.36
heated	0.78	1.41
quote	0.78	1.53
elv	0.78	0.94
2x	0.78	1.01
green	0.78	0.92
main	0.78	3.20
math	0.78	3.65
weapons	0.78	1.05
hanging	0.78	1.37
sooooo	0.79	1.41
cough	0.79	1.24
write	0.79	1.91
bots	0.79	1.02
missed	0.79	2.13
vid	0.79	1.18
aggressive	0.79	1.49
finally	0.79	1.78
explains	0.79	1.64
july	0.79	1.18
lmfao	0.79	1.68
oriented	0.79	1.52
muzzle	0.79	1.09
vitality	0.80	1.04
reveal	0.80	1.13
exertus	0.80	1.09
checking	0.80	1.29
suggestions	0.80	1.68
chest	0.80	1.36
sounded	0.80	1.74
map	0.81	1.30
reply	0.81	2.02
colour	0.81	1.05
dropping	0.81	1.46
3-1	0.81	0.98
color	0.81	0.98
32	0.81	1.45
studdy	0.82	1.11
category	0.82	1.60
typo	0.82	2.53
gamescom	0.82	1.19
filling	0.82	1.38
5v5	0.82	1.20
overrated	0.82	1.66
mike	0.82	1.07
8	0.82	1.56
yeah	0.82	2.64
dark	0.83	0.99
usr	0.83	1.10
e	0.83	1.22
faze	0.83	1.16
answer	0.83	2.02
hip	0.83	1.20
methodz	0.83	1.10
watching	0.83	1.50
booths	0.83	1.16
mode	0.83	1.09
kf5	0.84	1.09
square	0.84	1.42
fill	0.84	1.59
melts	0.84	1.12
earth	0.84	2.08
rifle	0.84	0.97
45	0.84	1.25
kd	0.84	1.95
swanny	0.84	1.19
shooter	0.84	1.14
questions	0.84	1.87
holly	0.84	1.20
ik	0.85	1.86
respawn	0.85	1.28
victory	0.85	1.29
places	0.85	2.12
logos	0.86	1.10
season	0.86	1.49
pc	0.86	1.24
spacely	0.86	0.96
circuit	0.86	1.57
dallas	0.86	1.25
competitions	0.86	1.24
killa	0.86	1.10
wat	0.86	1.47
wife	0.86	1.06
favourite	0.87	3.06
road	0.87	1.32
matchup	0.87	1.10
reload	0.87	0.86
wonderful	0.87	1.72
stepping	0.87	1.38
veteran	0.87	1.44
comeback	0.87	1.09
misread	0.87	2.67
iron	0.87	1.11
hits	0.87	1.23
teaming	0.87	1.25
nexx	0.87	1.06
r	0.87	1.37
burns	0.87	1.09
st	0.88	1.07
1st	0.88	1.95
comp	0.88	1.45
laser	0.88	1.09
suited	0.88	1.22
ex	0.88	0.93
coaches	0.89	1.39
orange	0.89	0.91
lmg	0.89	1.55
niagara	0.89	1.35
msbs	0.89	1.27
typing	0.89	2.42
sarcasm	0.89	2.07
l	0.89	1.29
1	0.89	1.19
ranges	0.90	1.15
lane	0.90	1.13
gametype	0.90	1.70
slacked	0.90	0.97
consistent	0.90	1.69
dream	0.90	1.21
7	0.90	1.00
gfinity	0.91	1.13
fears	0.91	1.00
tourny	0.91	1.25
helps	0.91	1.31
21	0.91	1.03
frag	0.92	1.15
o	0.92	1.47
machinima	0.92	1.14
bulldog	0.92	1.47
pandas	0.92	1.19
shots	0.93	1.41
education	0.93	1.41
montage	0.93	1.17
meeting	0.93	1.25
warhawk	0.93	1.56
oops	0.93	2.53
grade	0.93	1.80
welp	0.94	1.61
wtf	0.94	1.89
cmon	0.94	1.76
study	0.94	1.15
competitively	0.94	1.35
booth	0.95	1.36
niagra	0.95	1.26
twizz	0.95	0.97
asm1	0.95	1.16
must	0.96	2.09
hipfire	0.96	1.15
10th	0.96	1.67
seed	0.96	1.83
corrected	0.96	3.82
grey	0.96	1.02
fired	0.97	1.13
2012	0.97	1.35
ricky	0.97	1.20
skilled	0.97	1.57
assuming	0.97	3.10
role	0.97	1.75
boze	0.97	1.30
white	0.97	1.02
intelligent	0.97	1.43
dat	0.97	1.29
useful	0.98	1.37
orbit	0.98	0.96
letter	0.98	2.10
bout	0.98	1.46
bizon	0.98	1.27
tdm	0.98	1.44
choked	0.98	1.15
ill	0.98	2.12
chino	0.98	1.01
champs	0.98	1.43
mirx	0.99	1.18
sender	0.99	0.96
bullets	0.99	1.20
xd	0.99	1.69
occasionally	0.99	1.08
parents	0.99	1.01
parasite	0.99	1.20
loony	0.99	0.98
material	1.00	2.30
smgs	1.00	1.11
zoomaa	1.00	1.07
lord	1.00	1.49
titanfall	1.00	1.06
finishes	1.00	2.32
memories	1.00	1.55
lp	1.00	1.13
snipers	1.00	1.51
whea7s	1.00	0.99
code	1.01	1.25
ael	1.01	1.15
markers	1.01	1.16
living	1.01	1.02
john	1.01	0.96
downtime	1.01	1.29
roles	1.01	1.70
clip	1.01	1.30
strikezone	1.01	1.46
x-games	1.01	1.22
forgot	1.01	2.26
ins	1.01	1.11
quiet	1.02	1.29
brake	1.02	1.11
boys	1.02	1.42
layout	1.02	1.08
attach	1.02	1.03
xgames	1.02	1.22
early	1.02	1.45
guaranteed	1.02	2.17
cbus	1.03	1.59
sc	1.03	1.25
bal	1.03	1.14
w	1.03	1.09
phiz	1.03	1.11
f	1.03	1.19
regarded	1.03	3.31
award	1.03	1.46
review	1.03	1.50
super	1.03	1.82
8th	1.04	1.90
forward	1.04	1.34
graphics	1.04	1.16
tipsy	1.04	1.04
miyagi	1.04	0.92
and/or	1.04	2.07
event	1.04	1.20
wheats	1.04	0.96
yep	1.04	2.10
rifles	1.04	1.06
neslo	1.05	1.09
automatic	1.05	0.90
yup	1.05	2.20
pistol	1.05	1.42
teamed	1.05	1.25
soldier	1.05	1.40
alongside	1.05	1.32
6th	1.05	1.88
note	1.05	1.54
mistake	1.06	2.48
deserved	1.06	1.39
3rd	1.06	1.98
beats	1.06	1.07
slaying	1.06	1.70
returning	1.06	1.05
contender	1.06	2.61
production	1.06	1.06
h3cz	1.06	1.29
u	1.07	1.62
9th	1.07	1.83
search	1.07	1.92
pre	1.07	1.35
end	1.07	1.60
kill	1.07	1.20
4th	1.07	2.05
fuckin	1.08	1.62
felt	1.08	1.62
doe	1.08	1.44
failfish	1.08	1.37
nail	1.08	1.43
goon	1.08	1.23
quake	1.09	1.20
modes	1.09	1.61
theory	1.09	1.13
shooters	1.09	1.15
nation	1.09	1.04
classic	1.09	1.08
son	1.09	1.17
graphic	1.09	1.34
cod1	1.10	1.40
mirror	1.10	1.30
red	1.10	0.99
phizzurp	1.10	0.98
wager	1.10	1.28
7th	1.10	1.77
undoubtedly	1.10	3.18
condrey	1.10	1.30
12th	1.10	2.00
ghost	1.11	2.01
confusing	1.11	2.21
finishing	1.11	2.04
headed	1.11	1.42
confused	1.11	2.76
hecz	1.11	1.29
wearing	1.12	1.12
vocal	1.12	1.34
jurd	1.12	1.45
mochilla	1.12	1.01
columbus	1.12	1.67
prayers	1.12	1.47
music	1.12	1.30
da	1.12	1.49
theater	1.12	1.19
2nd	1.13	2.12
kappa	1.13	1.72
easy	1.13	2.12
era	1.13	1.75
regionals	1.13	1.28
scary	1.13	1.45
clay	1.13	1.30
counted	1.14	1.24
promod	1.14	1.49
edit	1.14	3.71
rooting	1.14	1.79
g3	1.14	1.19
rizma	1.15	1.08
most	1.15	3.02
2	1.15	1.38
studyy	1.15	1.13
lets	1.15	1.85
gun	1.15	1.23
versatile	1.15	1.42
finished	1.15	2.11
mom	1.15	1.29
jersey	1.15	1.17
committed	1.16	1.34
justus	1.16	1.05
dedo	1.16	1.20
alpha	1.16	1.32
aye	1.17	1.32
noble	1.17	1.08
since	1.17	1.79
basing	1.17	2.80
mboze	1.17	1.20
27	1.17	1.02
came	1.17	1.76
kap	1.17	1.27
goonjar	1.17	1.17
leader	1.17	2.24
deaths	1.18	1.00
pissed	1.18	2.40
rise	1.18	1.02
promising	1.18	1.48
aches	1.19	1.20
input	1.19	1.52
proph	1.19	1.07
respectful	1.19	1.60
imr	1.19	1.16
widely	1.19	2.97
anchor	1.20	1.66
paper	1.20	1.46
replays	1.20	1.10
moch	1.20	1.11
2010	1.20	1.52
hector	1.20	1.28
philly	1.20	1.70
gold	1.21	1.17
nameless	1.21	1.22
destiny	1.21	1.18
nicest	1.21	3.06
pls	1.21	1.56
apathy	1.22	1.24
t	1.22	1.15
plz	1.22	1.33
ctf	1.22	2.20
nashville	1.22	1.17
smarter	1.22	2.66
5th	1.22	2.11
objective	1.22	1.97
ob	1.22	1.52
karma	1.23	1.29
place	1.23	2.23
loyal	1.23	1.47
pacman	1.24	0.98
yea	1.24	2.27
great	1.24	1.81
girlfriend	1.24	1.05
correctly	1.24	2.69
returns	1.24	1.02
simple	1.24	2.06
appropriate	1.25	2.53
warfare	1.26	1.39
kingdom	1.26	1.83
used	1.26	1.92
saints	1.26	1.18
talented	1.27	1.51
smooth	1.27	1.22
gamestop	1.27	1.38
goat	1.27	1.31
formal	1.27	1.26
clayster	1.27	1.28
unbiased	1.27	1.52
imo	1.28	2.93
jesus	1.28	1.69
nade	1.28	1.23
prophecy	1.28	1.07
better	1.28	2.00
players	1.29	2.89
muddawg	1.29	1.07
return	1.29	1.23
colours	1.29	1.15
t1	1.30	1.57
dual	1.30	1.55
nadeshot	1.30	1.20
vector	1.30	1.38
placing	1.30	2.37
p.s	1.31	1.55
shall	1.31	2.07
15k	1.31	1.14
2011	1.31	1.62
proofy	1.32	1.25
interesting	1.32	2.35
lvg	1.32	2.44
easily	1.33	3.25
nexxx	1.33	1.16
fear	1.33	1.65
finish	1.34	2.44
slay	1.34	1.92
y	1.34	1.30
scump	1.34	1.26
player	1.35	3.30
scumpi	1.35	1.21
impressive	1.35	2.20
nvm	1.36	2.36
relax	1.36	1.79
worried	1.37	2.57
scumpii	1.37	1.22
jkap	1.37	1.18
crimsix	1.37	1.26
t16	1.37	2.45
notch	1.38	2.16
moho	1.38	1.16
t12	1.38	2.44
merk	1.39	1.23
yo	1.39	1.49
ha	1.39	1.82
during	1.39	1.84
epic	1.39	2.19
realistic	1.40	2.05
ars	1.40	1.44
placed	1.40	2.39
bye	1.40	1.23
capture	1.40	1.70
range	1.41	1.45
detailed	1.41	1.56
bruh	1.41	1.64
t6	1.41	2.53
basis	1.41	2.18
statue	1.42	1.72
t4	1.43	2.62
destroy	1.43	1.95
sharp	1.43	1.13
egirl	1.43	1.46
considered	1.43	3.26
teepee	1.43	1.23
t8	1.44	2.60
apologize	1.44	2.32
good	1.44	1.86
reminded	1.44	2.04
favorites	1.44	2.43
nevermind	1.44	2.12
trailer	1.44	0.98
underground	1.44	2.02
reminds	1.44	1.97
interview	1.44	1.33
t3	1.45	2.74
stainville	1.46	1.26
blfire	1.46	1.09
mtar	1.46	1.45
fearthebeard	1.46	2.11
2009	1.47	1.69
peace	1.48	0.92
sharing	1.48	1.76
gg	1.48	1.42
stunner	1.49	1.12
confident	1.49	2.32
concerned	1.49	2.43
war	1.51	1.84
dad	1.51	1.03
burnsoff	1.52	1.09
surprised	1.52	2.53
silenced	1.52	1.62
stnnr	1.52	1.14
assass1n	1.53	1.21
ur	1.54	1.61
maps	1.54	2.22
info	1.54	1.59
tips	1.55	1.29
top	1.55	3.34
animal	1.55	2.44
dang	1.56	1.70
yay	1.56	1.49
2008	1.56	1.75
smart	1.56	1.81
representing	1.57	1.81
dominant	1.57	2.04
agreed	1.58	2.34
carnage	1.58	1.24
hahahaha	1.59	1.88
hype	1.59	1.48
bigt	1.59	1.25
personally	1.59	2.64
arguably	1.59	3.48
k	1.59	1.64
strike	1.60	1.81
unbelievable	1.60	1.74
coaching	1.60	1.44
mistakes	1.61	2.93
source	1.61	2.76
enjoying	1.61	1.35
ray	1.61	1.27
f0rmal	1.62	1.28
strong	1.62	1.71
crim	1.62	1.72
bigtymer	1.62	1.25
answering	1.62	2.01
an	1.63	1.94
remington	1.63	1.96
advice	1.64	1.75
mochila	1.64	1.17
jerseys	1.66	1.35
analysis	1.66	1.70
lmao	1.66	1.84
rough	1.67	2.08
hahaha	1.67	1.82
woah	1.67	1.54
bet	1.68	2.40
campaign	1.69	1.68
homie	1.69	1.71
crash	1.70	2.60
burst	1.71	1.12
wish	1.71	2.34
statistically	1.71	2.92
t10	1.72	3.43
slums	1.72	3.36
logo	1.72	1.31
apologies	1.73	2.55
irl	1.74	1.86
skeptical	1.75	2.34
ups	1.76	1.67
sabotage	1.76	2.07
teep	1.76	1.99
bobby	1.77	1.71
fav	1.77	1.90
apex	1.77	1.25
ar	1.78	1.64
king	1.78	1.53
shotgun	1.78	2.16
assassin	1.78	1.51
t2	1.78	3.28
pumped	1.78	2.07
excited	1.78	2.36
ixi	1.79	1.81
error	1.79	3.16
boii	1.80	2.26
initial	1.81	2.53
written	1.81	2.19
family	1.82	1.06
baby	1.83	1.90
included	1.83	1.97
slasher	1.83	1.00
raid	1.83	3.43
ahhh	1.83	2.16
t5	1.84	3.34
killas	1.84	1.88
hahah	1.84	2.01
relationship	1.85	2.00
captain	1.85	3.18
answers	1.85	1.87
cod2	1.85	1.97
valuable	1.85	2.04
ghosts	1.86	2.14
sick	1.87	1.96
spelling	1.87	3.17
ii	1.88	2.03
zooma	1.89	0.84
incredible	1.90	1.74
rambo	1.90	1.17
interested	1.91	2.26
bold	1.91	2.63
feedback	1.91	1.75
standoff	1.92	3.43
listening	1.92	1.75
c'mon	1.93	1.45
ah	1.93	2.38
r5	1.94	1.82
slayer	1.94	3.23
beginning	1.95	2.25
ahh	1.95	2.23
in-game	1.95	1.75
interviews	1.95	1.28
haha	1.96	2.26
nah	1.96	2.06
tar	1.98	1.92
voice	1.98	1.66
oh	1.99	2.20
nonetheless	1.99	1.69
obj	2.00	3.13
formatting	2.00	2.86
thx	2.02	1.82
jk	2.02	1.52
promise	2.02	1.69
nationals	2.02	2.03
slayers	2.02	3.18
cods	2.02	2.05
writing	2.03	2.89
technical	2.04	2.43
grammar	2.04	3.01
modern	2.04	2.30
genius	2.04	1.59
prefer	2.05	2.35
nats	2.05	2.21
p	2.05	2.28
ama	2.05	1.84
ak	2.06	1.87
hoping	2.07	2.20
gf	2.07	1.96
overall	2.07	1.93
remind	2.07	2.25
gotcha	2.08	2.28
ohh	2.09	2.07
savage	2.12	1.22
dsr	2.12	2.49
ty	2.12	1.87
ok	2.13	2.28
met	2.13	1.92
ta	2.13	2.51
coach	2.15	1.39
forgive	2.15	2.70
objs	2.15	3.14
killstreak	2.16	2.41
mvp	2.17	2.93
hastr0	2.17	1.42
smg	2.18	1.56
humble	2.19	2.05
seemed	2.19	2.05
busy	2.20	2.01
pdw	2.20	2.24
ugc	2.20	1.39
friend	2.22	1.37
alex	2.22	1.37
loving	2.23	1.69
combo	2.23	1.77
sidroc	2.23	1.55
positive	2.26	1.90
spectate	2.26	1.80
rather	2.26	2.38
enjoyed	2.27	2.40
calm	2.27	1.61
report	2.28	2.65
sounds	2.29	2.14
fal	2.29	2.30
dodgers	2.29	1.84
auto	2.30	2.38
familiar	2.31	2.08
passion	2.32	1.77
fellow	2.32	1.64
hello	2.32	1.56
10/10	2.33	1.79
likeable	2.33	2.08
gl	2.34	1.95
stro	2.34	2.04
clarification	2.34	1.99
worry	2.37	2.07
okay	2.38	2.22
mp7	2.39	2.63
father	2.40	1.64
damn	2.40	2.12
saving	2.41	2.07
bops2	2.41	2.58
genuine	2.41	2.04
congratulations	2.41	1.36
appreciated	2.42	1.70
m8a1	2.43	2.65
comedy	2.43	1.67
creative	2.44	1.87
commentary	2.44	1.72
clearing	2.44	2.19
welcome	2.45	1.77
worries	2.45	2.25
boy	2.45	1.83
skorpion	2.47	2.55
ya	2.47	2.18
weekend	2.48	2.08
demo	2.50	2.56
friendly	2.51	2.02
halifax	2.51	2.10
black	2.52	2.40
btw	2.53	2.12
impressed	2.54	1.31
cake	2.54	1.99
bravo	2.54	1.98
dome	2.54	3.23
clean	2.55	1.87
stone	2.55	2.17
waiting	2.55	2.11
firing	2.56	3.17
friends	2.56	1.72
suggestion	2.57	2.10
demolition	2.61	2.88
sir	2.62	1.82
msmc	2.63	2.53
commentators	2.64	1.92
alright	2.65	2.13
remake	2.65	2.85
m8	2.67	2.04
dudes	2.68	1.86
informative	2.69	1.57
mr.x	2.69	2.29
ggs	2.70	1.75
beast	2.73	2.07
zombies	2.75	2.57
enjoy	2.76	2.00
hastro	2.77	2.02
bro	2.78	1.92
acr	2.79	2.78
design	2.79	1.81
highrise	2.81	3.06
summit	2.81	3.11
chill	2.82	1.86
mate	2.82	1.91
m16	2.83	2.69
bo2	2.83	2.93
intro	2.83	1.91
dude	2.83	2.02
famas	2.83	2.70
job	2.84	1.35
blops2	2.86	2.88
freaking	2.86	1.84
ops	2.87	2.86
unreal	2.89	1.55
hi	2.89	1.66
analyst	2.96	1.26
blops	2.96	2.97
bo	2.96	2.94
neat	2.97	2.00
guys	2.97	2.00
wow	2.98	1.93
mw3	2.98	2.97
waw	2.98	3.00
mw2	2.99	3.00
commentator	2.99	2.02
cod4	2.99	2.92
background	3.00	1.81
bo1	3.02	2.97
bud	3.03	2.00
cool	3.05	1.87
matt	3.05	1.62
golden	3.06	2.31
duo	3.07	2.19
buddy	3.08	1.93
pal	3.08	1.96
knowledgeable	3.08	1.85
huke	3.11	1.90
blops1	3.20	2.75
x	3.21	2.22
proud	3.24	1.97
arena	3.27	1.68
helpful	3.31	1.72
casted	3.32	2.27
casters	3.33	2.13
mrx	3.35	2.11
aware	3.36	2.16
revan	3.38	2.18
thanks	3.38	2.09
caster	3.38	2.10
mr	3.38	2.21
duffman	3.40	2.26
birthday	3.46	1.63
puckett	3.48	2.17
cast	3.49	2.20
man	3.53	1.97
thank	3.54	2.01
hilarious	3.54	1.63
luck	3.56	1.91
cheers	3.58	2.00
looks	3.58	1.71
bricey	3.60	2.47
commentating	3.60	2.51
appreciate	3.60	1.90
goldenboy	3.61	2.50
brother	3.61	1.48
benson	3.65	2.49
ghandi	3.67	2.50
maven	3.67	2.49
fwiz	3.68	2.49
casting	3.70	2.40
congrats	3.73	1.75
miss	3.74	2.04
sweet	3.76	1.72
glad	3.77	2.07
gandhi	3.80	2.27
dope	3.96	1.34
lt	4.09	1.86
hey	4.17	1.77
christmas	4.21	1.67
merry	4.22	1.72
props	4.22	1.56
