dislike	-3.27	0.82
annoys	-3.05	1.48
hatred	-2.99	1.27
exist	-2.88	1.79
terrified	-2.86	1.65
hating	-2.76	1.64
disgusting	-2.70	1.14
complaining	-2.64	1.70
smells	-2.62	1.48
painful	-2.58	1.48
initially	-2.58	1.66
annoying	-2.53	1.87
dumped	-2.52	1.64
are	-2.52	1.65
mentality	-2.50	1.50
bitching	-2.49	1.57
there	-2.45	2.67
especially	-2.44	1.69
juggalos	-2.40	1.50
sometimes	-2.40	2.02
pigs	-2.39	1.07
feel	-2.38	3.06
either	-2.36	2.97
bad	-2.34	1.48
point	-2.34	2.94
possibly	-2.32	2.12
bothers	-2.32	1.74
nearly	-2.30	1.84
just	-2.29	3.33
infection	-2.29	1.59
pig	-2.29	1.20
actually	-2.29	3.18
true	-2.28	3.22
believe	-2.28	2.36
made	-2.28	2.41
sure	-2.28	3.35
facepalm	-2.28	2.06
what	-2.28	3.32
re	-2.27	3.26
reason	-2.27	2.72
case	-2.27	2.73
mean	-2.27	3.32
uncomfortable	-2.24	2.09
doing	-2.24	3.32
saying	-2.23	3.34
fear	-2.23	1.45
also	-2.22	3.05
right	-2.21	3.31
blame	-2.21	1.93
unwanted	-2.21	1.87
amazed	-2.21	2.42
because	-2.21	3.21
screwed	-2.20	1.47
lying	-2.19	2.92
felt	-2.19	2.72
still	-2.18	3.13
hard	-2.18	2.98
honestly	-2.17	3.16
well	-2.17	3.34
surprised	-2.16	2.92
idea	-2.15	2.76
against	-2.15	1.58
dirty	-2.15	1.78
kind	-2.15	2.76
more	-2.15	2.45
thing	-2.15	2.51
type	-2.14	2.06
matter	-2.14	2.46
confusing	-2.14	2.40
same	-2.14	2.51
scared	-2.14	2.41
smell	-2.14	1.84
so	-2.14	3.22
probably	-2.14	3.17
sorts	-2.13	1.40
but	-2.13	3.22
though	-2.12	3.16
think	-2.12	3.21
assume	-2.12	3.17
most	-2.12	2.21
complain	-2.11	1.84
interested	-2.11	3.13
excuse	-2.11	1.47
thinking	-2.11	3.09
really	-2.10	3.11
if	-2.10	3.18
way	-2.10	2.61
they	-2.10	3.06
agree	-2.10	3.30
here	-2.09	2.84
exactly	-2.09	3.20
were	-2.09	2.55
reacting	-2.09	2.48
makes	-2.08	2.97
shocked	-2.08	2.57
supposed	-2.08	3.13
doubt	-2.08	3.02
always	-2.07	2.84
why	-2.07	3.18
regardless	-2.07	1.56
fine	-2.07	3.12
which	-2.07	2.99
requirement	-2.06	2.24
disappointed	-2.06	2.58
real	-2.06	3.01
inducing	-2.05	2.20
how	-2.05	3.11
disease	-2.04	1.46
quite	-2.04	2.59
know	-2.04	3.13
confused	-2.04	2.95
anyway	-2.04	3.16
maybe	-2.03	3.21
too	-2.03	3.11
welcome	-2.03	1.88
unless	-2.03	3.26
unfortunate	-2.02	1.70
might	-2.02	3.13
may	-2.01	2.96
thus	-2.01	2.15
even	-2.00	3.13
where	-2.00	2.56
seem	-2.00	2.92
talking	-2.00	3.18
bit	-2.00	2.96
realize	-1.99	3.07
say	-1.99	3.14
variety	-1.99	1.69
appreciated	-1.98	1.48
all	-1.98	2.55
cringing	-1.98	2.82
gays	-1.98	1.79
cheesy	-1.98	1.63
going	-1.98	3.19
atheists	-1.97	1.77
deal	-1.97	2.69
mention	-1.97	2.40
remind	-1.96	1.90
look	-1.96	2.90
we	-1.96	2.93
obama	-1.96	1.91
be	-1.96	3.00
disgusted	-1.96	2.82
wondering	-1.95	3.03
was	-1.95	2.98
did	-1.95	3.13
something	-1.95	3.21
anymore	-1.95	3.13
although	-1.94	2.87
sorta	-1.94	2.60
or	-1.94	2.53
nothing	-1.94	3.12
guess	-1.94	3.25
care	-1.94	3.07
upset	-1.93	2.81
course	-1.93	3.01
however	-1.92	2.73
frustrating	-1.92	2.22
curious	-1.92	2.98
fact	-1.92	2.98
seems	-1.92	3.04
terribly	-1.92	2.34
personally	-1.91	2.94
whatever	-1.90	3.20
would	-1.90	3.01
pathetic	-1.90	2.25
cause	-1.90	1.98
happen	-1.90	2.87
blah	-1.89	1.81
coincidence	-1.89	2.66
situation	-1.89	2.27
place	-1.89	2.32
ohh	-1.89	1.91
toxic	-1.89	1.51
cringe	-1.89	3.07
see	-1.88	3.05
now	-1.88	3.22
meh	-1.88	1.36
things	-1.88	2.25
embarrassed	-1.88	2.81
lie	-1.87	2.99
m	-1.87	3.02
d	-1.86	3.14
tell	-1.86	3.04
afraid	-1.86	2.71
angry	-1.86	2.34
find	-1.85	2.88
meant	-1.85	3.08
better	-1.85	2.67
addition	-1.84	2.32
missing	-1.84	3.34
must	-1.83	2.55
should	-1.83	3.09
realise	-1.83	2.56
at	-1.83	2.81
problem	-1.83	2.74
happens	-1.83	2.56
said	-1.82	2.81
expect	-1.82	2.93
aware	-1.82	3.02
panties	-1.81	2.00
much	-1.81	2.79
hurt	-1.81	2.57
definitely	-1.81	3.09
fair	-1.81	2.85
anything	-1.80	3.04
change	-1.80	2.17
happening	-1.79	2.87
teeth	-1.79	2.02
depressed	-1.79	2.60
when	-1.79	2.93
lonely	-1.78	2.58
obnoxious	-1.78	2.00
difficult	-1.78	2.31
tired	-1.78	1.63
only	-1.77	2.82
could	-1.77	2.90
except	-1.77	2.12
whether	-1.77	2.16
finally	-1.76	2.42
worry	-1.76	2.97
kinds	-1.76	1.44
imagine	-1.76	3.00
ugh	-1.75	1.74
forget	-1.75	2.92
obviously	-1.75	3.08
ones	-1.75	1.94
worthy	-1.75	2.91
least	-1.74	2.85
them	-1.74	2.99
looking	-1.74	3.01
drake	-1.73	1.60
likely	-1.72	2.71
less	-1.72	2.56
work	-1.72	2.86
bothered	-1.72	2.41
involving	-1.71	2.40
about	-1.71	3.02
otherwise	-1.71	2.88
seeing	-1.71	2.61
noise	-1.71	2.30
laugh	-1.70	2.70
bother	-1.70	2.88
worse	-1.70	2.71
directly	-1.70	2.40
hoping	-1.69	2.98
far	-1.69	2.58
swift	-1.69	1.59
discovered	-1.69	1.99
very	-1.68	2.44
no	-1.68	2.80
serious	-1.68	2.69
harder	-1.68	2.42
nowadays	-1.68	1.83
can	-1.67	3.08
sense	-1.67	2.69
worried	-1.67	2.32
freaking	-1.67	1.87
parent	-1.67	1.78
creeped	-1.67	2.21
easier	-1.67	2.54
indirectly	-1.66	2.33
almost	-1.66	1.56
thought	-1.66	3.03
lot	-1.66	1.97
than	-1.65	2.51
cringe-worthy	-1.65	2.65
other	-1.65	1.77
removed	-1.64	2.37
judge	-1.64	2.12
hear	-1.63	2.28
dont	-1.63	3.09
unlikely	-1.63	2.41
usually	-1.63	1.95
feeling	-1.63	2.40
some	-1.63	2.45
ca	-1.62	2.99
notice	-1.62	2.96
cringepic	-1.62	2.58
paranoid	-1.62	2.52
bieber	-1.62	1.80
stuff	-1.62	2.60
make	-1.62	2.81
seriously	-1.62	3.22
belong	-1.62	2.50
slightly	-1.62	2.72
people	-1.62	2.47
sounds	-1.62	3.01
content	-1.61	2.51
everything	-1.61	3.12
joking	-1.61	3.20
person	-1.61	2.53
crappy	-1.61	1.76
am	-1.60	2.82
idiotic	-1.60	1.94
justin	-1.59	1.82
hell	-1.59	3.05
mistaken	-1.59	3.05
impressed	-1.59	2.80
explain	-1.59	2.86
constantly	-1.58	1.62
generally	-1.58	1.79
little	-1.58	2.96
enough	-1.58	3.00
necessarily	-1.58	2.15
creepy	-1.58	2.51
glad	-1.58	2.91
want	-1.57	3.04
guessing	-1.57	3.02
certainly	-1.57	2.19
clear	-1.57	2.42
material	-1.57	2.53
chance	-1.56	2.43
world	-1.56	2.41
understand	-1.56	3.01
yes	-1.55	3.18
totally	-1.55	3.03
joke	-1.55	2.94
genuinely	-1.55	2.79
wo	-1.55	3.07
remotely	-1.54	2.69
inclined	-1.54	2.67
awkward	-1.54	2.81
argue	-1.53	2.76
admit	-1.53	2.81
embarrassing	-1.52	2.52
cow	-1.52	1.81
simply	-1.52	3.05
entirely	-1.52	2.09
extremely	-1.51	2.57
one	-1.51	2.80
cringepics	-1.51	2.48
jealous	-1.51	2.70
both	-1.50	1.75
fit	-1.50	2.32
r/funny	-1.50	2.55
sound	-1.50	2.38
happened	-1.49	2.90
suspicious	-1.49	2.78
assuming	-1.49	3.19
pretend	-1.49	3.02
decide	-1.48	2.78
get	-1.48	2.89
whining	-1.48	1.51
attitude	-1.48	1.24
myself	-1.48	2.79
highest	-1.48	1.89
often	-1.47	1.92
didnt	-1.47	3.00
r/cringe	-1.47	2.53
r/wtf	-1.46	2.49
rather	-1.46	2.51
funny	-1.46	2.89
somehow	-1.46	2.25
pretty	-1.46	3.00
many	-1.46	1.68
incredibly	-1.45	2.52
r/rage	-1.45	2.56
cringier	-1.45	2.32
communities	-1.45	1.91
objectively	-1.44	1.76
sub	-1.44	2.43
its	-1.44	3.01
me	-1.44	2.91
help	-1.44	2.94
stronger	-1.44	2.05
those	-1.44	1.70
chuckle	-1.44	2.51
have	-1.44	2.98
coming	-1.43	2.75
annoyed	-1.43	2.23
ll	-1.42	3.02
insanely	-1.42	2.16
commenting	-1.42	1.98
belongs	-1.42	2.50
leaking	-1.42	1.98
illness	-1.41	1.55
does	-1.41	3.34
r/facepalm	-1.41	2.48
justify	-1.41	1.45
suppose	-1.41	3.06
naive	-1.40	2.44
r/cringepics	-1.40	2.39
anyone	-1.40	2.98
attempt	-1.40	1.98
r/atheism	-1.39	1.86
imo	-1.39	2.80
kinda	-1.39	3.20
knowing	-1.39	2.59
impossible	-1.39	2.17
somewhat	-1.39	2.60
cringeworthy	-1.39	2.91
gon	-1.39	3.00
particularly	-1.39	2.36
need	-1.39	3.08
trying	-1.39	2.84
sort	-1.38	2.23
involve	-1.38	2.29
try	-1.38	2.99
unfair	-1.38	2.09
r/cringepics/about/sidebar	-1.38	2.07
she	-1.38	3.07
yet	-1.38	2.88
someone	-1.37	3.14
insecure	-1.37	2.25
will	-1.37	3.02
r/creepypms	-1.36	2.43
as	-1.36	2.95
r/trashy	-1.36	2.48
any	-1.36	2.58
fault	-1.35	2.28
cant	-1.34	2.73
realistic	-1.34	1.97
judgmental	-1.34	1.99
horny	-1.34	2.71
happier	-1.34	2.55
lots	-1.34	1.65
with	-1.33	2.78
guy	-1.33	3.09
bashing	-1.33	1.40
deeply	-1.33	2.13
filthy	-1.33	1.09
funnier	-1.33	2.69
nervous	-1.33	2.90
absolute	-1.33	2.04
anywhere	-1.33	2.67
social	-1.32	2.16
various	-1.32	1.39
tend	-1.32	1.71
us	-1.32	2.31
theme	-1.32	2.06
bragging	-1.32	1.82
acknowledge	-1.32	2.48
ashamed	-1.32	2.42
go	-1.32	2.88
subreddit	-1.32	2.32
wouldnt	-1.32	2.63
feels	-1.32	3.18
quickly	-1.32	2.00
others	-1.32	2.40
creepypms	-1.31	2.31
hateful	-1.31	1.77
foreign	-1.30	2.09
certain	-1.30	1.67
hurting	-1.30	2.57
him	-1.30	3.02
bored	-1.30	2.42
themselves	-1.29	2.80
entertaining	-1.29	2.73
exact	-1.29	1.85
subs	-1.29	2.25
then	-1.29	2.95
handful	-1.28	1.62
syndrome	-1.28	1.16
pretentious	-1.28	1.96
submission	-1.28	2.42
depression	-1.28	1.53
basically	-1.28	2.33
cringe-y	-1.28	2.90
r/circlejerk	-1.28	2.33
shit	-1.27	2.66
okay	-1.27	3.38
talk	-1.27	2.92
getting	-1.27	2.68
nightmare	-1.27	1.84
overly	-1.27	2.38
discrimination	-1.27	1.28
types	-1.27	1.50
submissions	-1.27	2.34
general	-1.27	1.73
believes	-1.27	2.58
fairly	-1.27	2.29
tons	-1.26	1.64
ridiculously	-1.26	2.39
accurate	-1.26	2.70
able	-1.26	2.80
yourself	-1.26	2.83
requirements	-1.26	2.62
longer	-1.26	2.23
laughed	-1.26	2.76
cringed	-1.25	2.06
miserable	-1.25	2.28
brutal	-1.25	1.85
towards	-1.25	1.21
disorder	-1.25	1.82
messed	-1.25	1.81
mindset	-1.25	1.23
loud	-1.24	1.96
cringey	-1.24	2.78
majority	-1.24	1.42
frustrated	-1.24	2.14
looked	-1.24	2.54
unbelievable	-1.24	2.64
slightest	-1.24	2.48
buys	-1.24	2.53
borderline	-1.24	2.03
sounded	-1.24	2.65
cry	-1.23	2.36
r/adviceanimals	-1.23	2.28
mind	-1.23	2.60
hypocritical	-1.23	2.04
issue	-1.23	2.32
seemed	-1.23	2.72
wont	-1.23	2.96
disturbing	-1.23	2.54
racism	-1.23	1.25
act	-1.23	2.14
these	-1.23	1.66
r/quityourbullshit	-1.22	2.40
trolling	-1.22	2.91
clearly	-1.22	3.36
being	-1.22	2.16
please	-1.22	2.63
subscribed	-1.22	2.25
post	-1.22	2.39
dae	-1.22	2.01
dense	-1.22	2.92
following	-1.22	2.13
bitter	-1.21	2.14
x-post	-1.21	2.47
sick	-1.20	2.17
anger	-1.20	1.26
plenty	-1.20	1.93
desperate	-1.19	2.80
albeit	-1.19	2.61
submit	-1.19	2.39
by	-1.19	2.35
occur	-1.19	1.80
subscribe	-1.19	2.03
r/thathappened	-1.19	2.49
purpose	-1.19	2.40
offend	-1.19	2.81
struggle	-1.19	1.86
narcissistic	-1.18	2.23
anybody	-1.18	2.86
diagnosed	-1.18	1.76
keep	-1.18	2.51
idiot	-1.18	2.77
ignoring	-1.18	2.41
dunno	-1.18	3.21
tragic	-1.18	2.16
whole	-1.18	2.47
bannable	-1.17	2.28
suffer	-1.17	1.74
writing	-1.17	2.06
focusing	-1.17	1.21
problems	-1.17	2.08
sexism	-1.17	1.42
unaware	-1.17	2.49
prevent	-1.17	1.39
downvoting	-1.17	1.86
anxiety	-1.17	1.75
bullied	-1.16	1.73
identifiable	-1.16	2.34
garbage	-1.16	1.31
mental	-1.16	1.84
subreddits	-1.15	2.24
disability	-1.15	1.47
situations	-1.15	2.06
wash	-1.15	1.44
experienced	-1.15	2.75
among	-1.15	1.12
submitted	-1.15	2.27
embarrassment	-1.15	1.98
consider	-1.15	2.14
lucky	-1.15	2.68
wonder	-1.15	3.28
accept	-1.15	2.15
mods	-1.14	2.25
ahead	-1.14	2.17
refuse	-1.14	2.65
pisses	-1.14	2.37
supporting	-1.14	1.83
allowed	-1.14	2.58
behavior	-1.14	1.95
browse	-1.13	2.17
diseases	-1.13	1.08
wait	-1.13	3.29
boring	-1.13	2.23
reasons	-1.12	2.27
apparently	-1.12	2.97
take	-1.12	2.65
anti	-1.12	1.36
hint	-1.12	2.51
faster	-1.12	2.27
mocking	-1.12	1.87
freaked	-1.12	2.52
stop	-1.12	2.50
r/tumblrinaction	-1.12	2.30
prove	-1.12	2.52
rules	-1.11	2.24
unfortunately	-1.11	2.02
jerks	-1.11	1.63
chatting	-1.11	2.41
bullying	-1.11	2.21
issues	-1.11	1.91
strongly	-1.11	1.15
disagree	-1.11	2.53
expected	-1.11	2.57
depends	-1.10	1.49
inherently	-1.10	1.79
realized	-1.10	2.44
fuck	-1.10	2.97
behaviour	-1.10	1.57
suffering	-1.10	1.72
leave	-1.10	2.81
sidebar	-1.10	2.24
avoid	-1.09	1.98
meta	-1.09	2.45
judged	-1.09	1.77
super	-1.09	2.75
ignore	-1.09	2.54
satire	-1.09	2.90
none	-1.09	1.82
arrogant	-1.09	1.98
attacked	-1.09	1.64
agreed	-1.09	2.39
sadly	-1.09	2.00
experience	-1.08	1.94
clingy	-1.08	2.15
irrational	-1.08	1.43
relatively	-1.08	1.94
believable	-1.08	2.92
excuses	-1.08	1.79
equally	-1.08	2.19
assumed	-1.08	2.54
unable	-1.08	2.60
immature	-1.07	2.27
ways	-1.07	2.34
acting	-1.07	2.10
done	-1.07	2.95
pretending	-1.07	2.38
significantly	-1.07	2.31
nor	-1.07	2.27
choose	-1.07	2.30
amusing	-1.07	3.02
regret	-1.06	2.17
mod	-1.06	2.21
swear	-1.06	2.35
understood	-1.06	2.65
out	-1.05	2.48
ragrets	-1.05	1.88
shallow	-1.05	2.00
figure	-1.05	3.13
autism	-1.05	1.35
agreeing	-1.05	2.73
upvoting	-1.05	2.09
herpes	-1.05	1.17
murica	-1.05	0.94
unacceptable	-1.04	1.61
easy	-1.04	2.49
defensive	-1.04	2.34
opportunity	-1.04	2.51
easily	-1.04	2.40
muslims	-1.04	1.28
symptoms	-1.04	1.47
acted	-1.04	1.87
considered	-1.04	2.28
pedantic	-1.04	2.02
dramatic	-1.03	2.10
r/blunderyears	-1.03	2.44
yeah	-1.03	3.29
meet	-1.03	2.82
conditions	-1.03	1.35
itself	-1.03	2.38
exceptions	-1.03	1.94
immune	-1.03	1.16
realised	-1.03	2.44
violence	-1.03	1.24
justified	-1.03	2.71
honest	-1.03	2.94
adviceanimals	-1.03	2.19
banned	-1.02	2.25
come	-1.02	2.88
instead	-1.02	2.37
esteem	-1.02	1.55
piece	-1.02	1.35
perhaps	-1.02	2.72
struggling	-1.02	2.32
ew	-1.02	1.68
multiple	-1.02	1.74
rude	-1.02	2.07
remember	-1.01	2.56
causes	-1.01	1.40
date	-1.01	2.76
risk	-1.01	1.18
piss	-1.01	1.55
everywhere	-1.01	1.77
severe	-1.01	1.68
trouble	-1.01	2.24
freak	-1.01	1.33
insulted	-1.01	2.41
christians	-1.01	1.57
affect	-1.01	1.66
responding	-1.01	2.60
desperation	-1.00	1.40
religious	-1.00	1.54
hearing	-1.00	1.52
rule	-1.00	2.23
repost	-1.00	2.37
fake	-1.00	2.84
posts	-1.00	2.27
surrounded	-1.00	1.53
parenting	-1.00	1.92
arguing	-1.00	2.63
choice	-1.00	1.55
satirical	-0.99	2.56
let	-0.99	3.18
already	-0.99	2.91
subscribers	-0.99	2.18
frankly	-0.99	2.28
judging	-0.98	2.21
willing	-0.98	3.18
cheaper	-0.98	2.12
laughing	-0.98	2.56
r/gonewild	-0.98	2.24
suggesting	-0.98	2.32
continue	-0.98	2.37
petty	-0.98	2.22
reading	-0.98	1.86
ourselves	-0.98	2.71
threads	-0.97	2.23
virgins	-0.97	2.06
intended	-0.97	2.36
connected	-0.97	1.62
srs	-0.97	1.98
childish	-0.97	2.24
sooner	-0.97	2.28
o.o	-0.97	1.99
projecting	-0.97	1.84
unfriend	-0.96	2.42
oblivious	-0.96	2.35
mostly	-0.96	1.81
r/iamverysmart	-0.96	2.29
dare	-0.96	1.72
dangerous	-0.95	1.85
largest	-0.95	2.54
frequent	-0.95	1.66
horrifying	-0.95	2.04
sudden	-0.95	1.71
fast	-0.95	1.72
hang	-0.95	2.73
figured	-0.95	2.55
moment	-0.95	2.12
humorous	-0.95	2.55
guarantee	-0.95	2.08
assholes	-0.94	1.89
battery	-0.94	1.25
yelling	-0.94	1.97
cult	-0.94	1.48
suck	-0.94	1.74
religion	-0.94	1.54
deny	-0.94	2.31
psychological	-0.94	1.72
came	-0.94	2.45
thumbnail	-0.94	2.39
browsing	-0.94	2.18
sorry	-0.93	3.09
unhealthy	-0.93	1.24
religions	-0.93	1.55
becoming	-0.93	1.62
advocate	-0.93	1.39
prick	-0.93	1.99
inappropriate	-0.93	2.18
scum	-0.93	1.33
douche	-0.93	1.85
douchebags	-0.93	1.58
fucking	-0.93	2.33
personality	-0.92	1.72
solely	-0.92	1.65
blaming	-0.92	1.98
shame	-0.92	2.31
replying	-0.92	2.52
laid	-0.92	2.31
legitimately	-0.92	2.38
imagining	-0.92	1.78
99	-0.91	1.68
crap	-0.91	2.15
atheism	-0.91	1.50
circlejerk	-0.91	2.09
unreasonable	-0.91	1.87
controlling	-0.91	2.08
butthurt	-0.91	2.19
cringes	-0.91	1.88
subjective	-0.90	1.69
dumber	-0.90	2.50
reaction	-0.90	1.84
aside	-0.90	1.91
hairy	-0.90	2.40
faith	-0.90	1.58
gross	-0.90	2.63
persistent	-0.89	1.86
losers	-0.89	1.73
nerds	-0.89	1.97
silly	-0.89	2.81
goldmine	-0.89	2.24
trust	-0.89	2.67
dozens	-0.89	1.69
everyone	-0.89	3.32
christian	-0.89	1.50
actual	-0.89	2.18
obvious	-0.89	2.81
humour	-0.88	2.28
intent	-0.88	2.31
wanted	-0.88	3.21
involved	-0.88	2.00
without	-0.88	2.28
stupidity	-0.88	1.64
places	-0.88	2.06
completely	-0.88	2.62
surprising	-0.88	2.77
bunch	-0.88	1.81
questioning	-0.88	2.61
defend	-0.88	2.08
belief	-0.88	1.62
mildly	-0.87	2.65
convince	-0.87	2.46
posting	-0.87	2.15
asshole	-0.87	1.85
vaguely	-0.87	2.49
sarcastic	-0.87	2.66
top	-0.87	2.01
humor	-0.87	2.41
ask	-0.87	2.96
poor	-0.87	2.23
himself	-0.87	2.64
disrespectful	-0.87	2.28
pissing	-0.87	1.74
creep	-0.87	1.98
pissed	-0.87	2.68
uncommon	-0.87	2.38
somebody	-0.86	3.11
self-meme	-0.86	2.23
depending	-0.86	1.53
visit	-0.86	2.09
nerve	-0.86	1.68
possibility	-0.86	1.92
commenters	-0.86	2.14
focused	-0.86	1.29
several	-0.86	1.80
mentally	-0.86	2.03
douchebag	-0.86	1.90
rejected	-0.86	1.77
restraining	-0.86	1.59
convincing	-0.86	2.21
slow	-0.86	1.55
physically	-0.86	2.11
busy	-0.86	2.94
minority	-0.85	1.29
breathe	-0.85	1.92
loser	-0.85	1.84
move	-0.85	2.52
harassment	-0.85	1.64
flu	-0.85	1.19
forcing	-0.85	2.15
deleting	-0.85	2.16
dedicated	-0.85	1.81
immediately	-0.85	2.43
answer	-0.85	2.89
sweat	-0.84	1.39
includes	-0.84	2.15
outside	-0.84	1.75
manage	-0.84	2.64
rarely	-0.84	2.23
rejection	-0.84	1.78
jerk	-0.84	1.90
socially	-0.83	2.02
vibe	-0.83	2.13
sexist	-0.83	1.93
question	-0.83	2.70
insensitive	-0.83	2.33
attempting	-0.83	2.68
photoshopped	-0.83	2.03
groups	-0.83	1.28
taking	-0.83	2.38
emotionally	-0.83	2.07
shaming	-0.83	1.75
victim	-0.82	1.55
shocking	-0.82	2.40
vaccine	-0.82	1.18
clean	-0.82	1.49
clueless	-0.82	2.45
vote	-0.82	1.82
threatening	-0.82	1.96
messing	-0.82	2.81
oc	-0.82	1.54
creeps	-0.81	1.78
plausible	-0.81	2.16
stand	-0.81	2.61
repeatedly	-0.81	1.67
aspects	-0.81	1.39
hope	-0.81	3.33
managed	-0.81	2.26
troll	-0.81	2.71
redpill	-0.81	1.49
having	-0.81	2.34
creeper	-0.80	2.03
personal	-0.80	1.61
caused	-0.80	1.54
order	-0.80	2.56
eventually	-0.80	2.41
faked	-0.80	1.77
identical	-0.80	1.34
default	-0.80	1.90
matters	-0.80	1.98
sheer	-0.80	1.52
hundreds	-0.80	1.77
eh	-0.80	2.96
cops	-0.80	1.73
mad	-0.80	2.22
assure	-0.80	2.00
pity	-0.80	2.06
myth	-0.79	1.60
defending	-0.79	2.33
posters	-0.79	2.08
different	-0.79	1.64
never	-0.79	3.14
magically	-0.79	2.41
reactions	-0.79	1.65
evolution	-0.79	1.68
two	-0.79	1.82
nonetheless	-0.79	2.64
christianity	-0.79	1.53
difference	-0.79	2.48
r/theredpill	-0.79	1.92
pick	-0.79	1.67
trolls	-0.78	2.32
ability	-0.78	2.26
allow	-0.78	2.37
cum	-0.78	1.43
minors	-0.78	2.17
traits	-0.78	1.48
rapey	-0.78	2.62
imagined	-0.78	1.49
entitled	-0.78	1.99
air	-0.78	1.32
isnt	-0.78	2.62
treat	-0.77	1.88
selfish	-0.77	2.33
condescending	-0.77	2.09
kept	-0.77	2.30
itt	-0.77	1.71
an	-0.77	1.93
ignorant	-0.77	2.23
somewhere	-0.77	2.18
wipe	-0.77	1.46
complete	-0.77	1.68
obligated	-0.77	3.12
harsh	-0.77	2.35
creeping	-0.76	2.20
norm	-0.76	1.82
beliefs	-0.76	1.60
yell	-0.76	2.21
jokes	-0.76	2.26
condition	-0.76	1.63
etc	-0.76	1.72
cruel	-0.76	2.36
thread	-0.75	2.28
gonewild	-0.75	2.00
font	-0.75	2.09
voting	-0.75	1.74
suspect	-0.75	1.84
toward	-0.75	1.53
urge	-0.75	2.73
noticed	-0.75	2.69
emotional	-0.75	1.66
smug	-0.74	2.02
morons	-0.74	1.82
harm	-0.74	2.14
spring	-0.74	1.26
tends	-0.74	1.35
youre	-0.74	2.55
challenged	-0.74	1.98
harassed	-0.74	2.00
occurred	-0.74	2.17
entitlement	-0.74	1.62
gods	-0.73	1.54
thats	-0.73	2.92
vomit	-0.73	1.29
theyre	-0.73	2.03
inferior	-0.73	1.80
outta	-0.73	1.56
pms	-0.73	2.22
outright	-0.73	2.18
vaccines	-0.73	1.26
choices	-0.73	1.49
ebola	-0.73	1.03
review	-0.72	2.42
offense	-0.72	2.27
passive	-0.72	1.90
truth	-0.72	2.63
threatened	-0.72	2.02
sign	-0.72	2.05
actions	-0.72	1.79
voted	-0.72	1.89
insecurity	-0.72	1.66
embarrass	-0.72	2.12
dust	-0.72	1.15
determine	-0.71	1.92
strict	-0.71	2.06
bullshit	-0.71	2.16
powerful	-0.71	1.59
delusional	-0.71	2.13
worship	-0.71	1.57
telling	-0.71	3.05
become	-0.71	1.95
blatant	-0.71	2.26
spreading	-0.70	1.30
sentiment	-0.70	1.77
got	-0.70	2.41
hunt	-0.70	2.10
raging	-0.70	1.85
update	-0.70	2.11
similar	-0.70	2.06
utter	-0.70	1.55
narcissism	-0.70	1.69
wanting	-0.70	2.89
ironic	-0.70	2.57
utterly	-0.69	2.27
portion	-0.69	1.73
shaking	-0.69	1.95
desperately	-0.69	2.53
posted	-0.69	2.19
nickname	-0.69	2.12
based	-0.69	1.62
oppressed	-0.69	1.40
removing	-0.69	1.94
unlike	-0.69	1.50
regard	-0.69	1.82
nonsense	-0.69	1.63
horribly	-0.69	2.23
publicly	-0.69	2.02
victims	-0.69	1.43
territory	-0.69	2.18
allowing	-0.69	2.20
stalking	-0.69	1.96
ban	-0.69	2.03
couldnt	-0.69	2.31
since	-0.69	2.92
typical	-0.69	1.38
keeps	-0.69	2.12
whatsoever	-0.68	1.76
sjw	-0.68	1.41
answering	-0.68	2.42
parody	-0.68	2.43
amount	-0.68	1.64
flipping	-0.68	1.56
poop	-0.68	1.59
unfunny	-0.68	2.14
continuing	-0.68	2.04
oil	-0.68	1.24
respond	-0.68	2.57
taken	-0.68	2.16
asking	-0.68	3.01
painfully	-0.68	2.42
dickhead	-0.68	1.87
primarily	-0.68	1.54
blocking	-0.67	2.18
discussing	-0.67	2.13
hurts	-0.67	2.12
their	-0.67	1.38
follow	-0.67	2.17
bet	-0.67	3.53
safe	-0.67	1.96
abused	-0.67	1.83
section	-0.67	2.12
sociopath	-0.67	1.66
mock	-0.67	1.97
shot	-0.67	1.63
hypocrisy	-0.67	1.61
fetish	-0.67	1.77
pun	-0.67	1.91
closely	-0.67	1.76
appealing	-0.67	2.36
comments	-0.67	2.18
cure	-0.66	1.31
lick	-0.66	1.33
circle	-0.66	1.69
retarded	-0.66	1.98
feelings	-0.66	1.87
generic	-0.66	1.04
frequently	-0.66	1.80
exists	-0.66	2.02
sounding	-0.66	2.43
bastard	-0.66	1.92
laundry	-0.66	1.43
working	-0.66	2.20
result	-0.65	1.50
downvoted	-0.65	2.46
status	-0.65	2.10
kanye	-0.65	1.11
rapists	-0.65	1.57
cunt	-0.65	2.07
spray	-0.65	1.31
unrelated	-0.65	1.55
raising	-0.65	1.43
debate	-0.65	2.27
ton	-0.65	1.98
bucket	-0.65	1.24
douchey	-0.65	2.57
anyways	-0.65	2.49
muslim	-0.65	1.30
intense	-0.64	1.68
down	-0.64	2.25
whoever	-0.64	2.58
pat	-0.64	1.91
homophobic	-0.64	1.73
been	-0.64	3.12
sarcasm	-0.64	2.75
aggressive	-0.64	2.11
extent	-0.64	2.11
forum	-0.64	1.68
treating	-0.64	2.08
knew	-0.64	2.85
changes	-0.64	1.57
else	-0.64	3.61
fired	-0.63	1.82
compared	-0.63	2.02
idiots	-0.63	2.11
virus	-0.63	1.17
tbh	-0.63	2.69
differences	-0.63	1.81
surely	-0.63	2.07
harmful	-0.63	1.63
due	-0.63	1.60
stress	-0.63	1.66
science	-0.63	1.95
oppression	-0.63	1.38
emotion	-0.63	1.38
moron	-0.63	1.81
full	-0.63	1.82
responsible	-0.63	1.68
amounts	-0.63	1.72
blind	-0.63	1.56
atheist	-0.63	1.55
confusion	-0.63	1.98
making	-0.62	2.76
ignorance	-0.62	1.56
alot	-0.62	1.93
shudder	-0.62	1.42
including	-0.62	1.68
validation	-0.62	2.07
incident	-0.62	1.92
spit	-0.62	1.18
started	-0.62	2.34
phenomenon	-0.62	1.52
hipsters	-0.62	1.00
lesbians	-0.62	1.65
scary	-0.61	2.95
expecting	-0.61	2.54
forced	-0.61	2.28
exception	-0.61	1.87
nsa	-0.61	1.74
believed	-0.61	1.84
weak	-0.61	1.88
radical	-0.61	1.65
individual	-0.61	1.63
absurd	-0.61	2.32
kid	-0.61	2.27
awareness	-0.61	1.26
causing	-0.61	1.61
directed	-0.61	1.56
redditors	-0.61	1.79
information	-0.61	2.21
possible	-0.61	3.20
away	-0.61	2.15
occasionally	-0.61	1.86
suggest	-0.61	1.97
biased	-0.61	1.84
off	-0.61	2.13
aww	-0.60	2.45
bush	-0.60	1.11
direction	-0.60	1.31
avoided	-0.60	1.93
pain	-0.60	1.82
higher	-0.60	1.60
purely	-0.60	1.63
created	-0.60	1.47
sexual	-0.60	1.57
and/or	-0.60	1.97
believing	-0.60	1.54
worthless	-0.60	1.42
pee	-0.60	1.38
self-esteem	-0.60	1.64
desire	-0.60	1.91
doesnt	-0.60	3.23
found	-0.60	2.39
encourage	-0.60	1.96
partially	-0.60	1.82
gender	-0.60	1.48
physical	-0.60	1.74
intentionally	-0.59	2.38
signs	-0.59	1.64
originally	-0.59	2.25
turning	-0.59	2.12
damage	-0.59	1.65
changing	-0.59	1.83
highly	-0.59	2.27
analogy	-0.59	2.48
answered	-0.59	2.36
man	-0.59	2.85
clue	-0.59	2.76
population	-0.59	1.59
total	-0.59	1.58
reproduce	-0.59	1.95
countless	-0.58	2.03
mild	-0.58	1.56
lesser	-0.58	1.63
regarding	-0.58	1.44
responses	-0.58	2.17
block	-0.58	2.35
give	-0.58	2.66
police	-0.58	1.32
profile	-0.58	2.24
self	-0.58	1.66
badly	-0.58	2.34
dude	-0.58	3.02
abusive	-0.58	1.86
criticize	-0.58	1.98
pointless	-0.58	2.26
bigger	-0.57	1.94
preference	-0.57	1.67
tacky	-0.57	2.74
c'mon	-0.57	1.97
drama	-0.57	1.57
ridiculous	-0.57	2.73
subject	-0.57	1.77
latter	-0.57	2.14
cross	-0.57	2.03
effort	-0.57	1.97
trp	-0.57	1.77
sheep	-0.57	1.15
messaging	-0.56	2.27
considering	-0.56	2.33
catholic	-0.56	1.54
poster	-0.56	2.35
continued	-0.56	2.00
monkeys	-0.56	1.41
wayne	-0.56	1.10
picture	-0.56	2.18
damned	-0.56	1.51
feminists	-0.56	1.68
mainly	-0.56	1.58
species	-0.56	1.31
lately	-0.56	2.58
interesting	-0.56	2.77
races	-0.55	1.47
vast	-0.55	1.52
fetishes	-0.55	1.98
sending	-0.55	2.26
favor	-0.55	1.67
interactions	-0.55	1.85
reminded	-0.55	1.54
appear	-0.55	2.21
scam	-0.55	1.37
failed	-0.55	2.06
updates	-0.55	2.08
typically	-0.55	1.75
page	-0.55	2.10
crying	-0.55	2.13
catch	-0.55	2.06
peoples	-0.55	1.43
op	-0.55	2.78
axe	-0.55	1.41
wet	-0.54	1.43
thousands	-0.54	1.74
impress	-0.54	2.37
teenager	-0.54	1.92
ignored	-0.54	1.97
own	-0.54	1.43
larger	-0.54	1.75
liar	-0.54	1.70
guilt	-0.54	1.79
decided	-0.54	3.06
bitch	-0.54	1.66
facing	-0.54	2.02
existed	-0.54	1.63
als	-0.54	1.22
stalker	-0.54	1.98
cases	-0.53	1.81
loop	-0.53	1.61
therapy	-0.53	1.69
numerous	-0.53	2.15
mood	-0.53	1.95
presented	-0.53	2.21
witness	-0.53	1.36
damnit	-0.53	1.33
upvoted	-0.53	2.29
liberal	-0.53	1.42
till	-0.53	2.16
statuses	-0.53	2.05
percent	-0.53	1.84
workers	-0.53	1.58
instantly	-0.52	2.10
violent	-0.52	1.68
delete	-0.52	2.41
bully	-0.52	1.99
tastes	-0.52	1.34
implied	-0.52	2.27
emotions	-0.52	1.81
force	-0.52	1.50
encounter	-0.52	1.77
bald	-0.52	1.55
ops	-0.52	2.13
relate	-0.51	2.82
opinion	-0.51	2.30
scream	-0.51	1.96
giving	-0.51	2.52
phase	-0.51	1.34
defense	-0.51	1.44
deviant	-0.51	1.77
oddly	-0.51	2.46
acceptance	-0.51	1.90
yep	-0.51	2.38
masturbating	-0.51	2.12
prayer	-0.51	1.50
cycle	-0.51	1.51
examples	-0.51	2.19
feminism	-0.51	1.74
chad	-0.51	1.74
liberals	-0.51	1.35
approval	-0.51	2.04
systems	-0.51	1.37
genetic	-0.50	1.63
failure	-0.50	1.60
jobs	-0.50	1.84
useless	-0.50	2.01
percentage	-0.50	1.65
who	-0.50	3.17
trend	-0.50	1.20
sink	-0.50	1.38
fool	-0.50	2.13
raped	-0.50	1.74
gotten	-0.50	2.82
effective	-0.50	2.20
arent	-0.49	1.63
careful	-0.49	2.21
patriarchy	-0.49	1.59
promote	-0.49	1.55
blowing	-0.49	1.63
psycho	-0.49	2.18
rate	-0.49	1.46
until	-0.49	2.36
tried	-0.49	2.50
poverty	-0.49	1.30
lack	-0.49	1.60
blocked	-0.49	2.16
newsfeed	-0.49	2.01
facebook	-0.49	2.13
chances	-0.49	1.65
has	-0.49	2.94
advice	-0.49	1.86
begin	-0.49	2.27
details	-0.48	1.72
cheating	-0.48	2.01
affected	-0.48	1.52
jackass	-0.48	1.81
opinions	-0.48	1.82
poke	-0.48	2.02
appearance	-0.48	1.64
yikes	-0.48	1.58
comes	-0.48	2.50
spectrum	-0.48	1.68
attacking	-0.48	2.05
lame	-0.48	2.84
particular	-0.48	1.62
environment	-0.47	1.52
individuals	-0.47	2.04
features	-0.47	2.03
gee	-0.47	1.85
economic	-0.47	1.47
clever	-0.47	2.95
filled	-0.47	1.56
shitting	-0.47	1.79
na	-0.47	2.85
employee	-0.47	1.92
related	-0.47	1.92
shove	-0.47	1.35
shock	-0.47	1.57
interest	-0.47	2.07
rape	-0.47	1.65
mirrors	-0.47	1.52
harmless	-0.47	2.38
brush	-0.46	1.34
messages	-0.46	2.19
tool	-0.46	1.62
seemingly	-0.46	2.11
common	-0.46	2.12
connection	-0.46	1.84
dealt	-0.46	2.48
rates	-0.46	1.34
existence	-0.46	1.95
dodged	-0.46	2.36
besides	-0.46	1.98
bait	-0.46	2.12
contribute	-0.46	1.90
rapist	-0.46	1.76
criminals	-0.46	1.73
contract	-0.46	1.50
reposted	-0.46	2.26
offensive	-0.46	2.30
bothering	-0.45	2.62
clicked	-0.45	2.06
hanging	-0.45	2.05
sexually	-0.45	1.93
cleaning	-0.45	1.39
impact	-0.45	1.63
pic	-0.45	2.13
failing	-0.45	1.60
ok	-0.45	3.16
from	-0.45	2.27
oral	-0.45	1.40
acne	-0.45	1.24
areas	-0.45	1.61
ve	-0.45	3.33
differing	-0.45	1.98
repeating	-0.44	2.26
went	-0.44	2.26
good	-0.44	2.53
reddit	-0.44	2.01
touch	-0.44	1.85
bullies	-0.44	1.81
sadness	-0.44	1.83
fans	-0.44	1.09
forgive	-0.44	2.23
toilet	-0.44	1.41
suddenly	-0.44	2.25
creating	-0.44	1.55
sack	-0.44	1.32
users	-0.44	2.07
taste	-0.44	1.52
significant	-0.44	1.63
noone	-0.44	2.65
genuine	-0.44	2.14
pray	-0.44	1.57
handled	-0.44	2.30
evidence	-0.43	2.27
notion	-0.43	1.97
onto	-0.43	1.55
looks	-0.43	2.94
protect	-0.43	1.59
gone	-0.43	2.53
involves	-0.43	1.69
forgotten	-0.43	2.01
posing	-0.43	2.14
fb	-0.43	2.09
specifically	-0.43	1.78
process	-0.43	1.74
commit	-0.43	1.70
comprehend	-0.43	3.06
relevant	-0.43	2.56
together	-0.43	2.22
responsibility	-0.43	1.97
literally	-0.43	2.52
crime	-0.43	1.65
poe	-0.43	1.99
attention	-0.42	2.35
engage	-0.42	1.84
homosexuality	-0.42	1.70
hungry	-0.42	1.58
first	-0.42	2.32
demographic	-0.42	1.77
awhile	-0.42	2.81
laws	-0.42	1.66
wasting	-0.42	1.60
abuse	-0.42	1.64
obsessed	-0.42	1.18
strategy	-0.42	1.81
u.s	-0.42	1.54
implying	-0.42	2.65
stem	-0.42	1.52
private	-0.42	1.86
drunk	-0.42	2.05
closet	-0.42	1.48
pics	-0.41	2.13
changed	-0.41	1.92
mmm	-0.41	1.70
bronies	-0.41	1.28
power	-0.41	1.39
anytime	-0.41	1.91
amen	-0.41	1.71
view	-0.41	2.10
donate	-0.41	1.55
dealing	-0.41	1.90
checking	-0.41	1.91
blurred	-0.41	1.92
pictures	-0.41	2.08
safely	-0.41	2.13
theory	-0.41	2.07
implication	-0.41	2.54
counts	-0.41	1.93
chemicals	-0.41	1.45
participate	-0.41	2.00
spread	-0.41	1.21
genders	-0.41	1.75
republican	-0.40	1.36
sweaty	-0.40	1.67
helped	-0.40	2.36
familiar	-0.40	2.43
usernames	-0.40	2.08
generation	-0.40	1.44
twitter	-0.40	2.10
financially	-0.40	1.91
homosexual	-0.40	1.54
nowhere	-0.40	1.87
once	-0.40	2.67
replied	-0.40	2.38
original	-0.40	2.11
downvote	-0.40	2.34
weirdo	-0.40	2.03
elaborate	-0.40	1.65
equal	-0.40	1.63
selfies	-0.40	2.05
craigslist	-0.39	1.62
opposite	-0.39	2.04
god	-0.39	2.06
political	-0.39	1.72
furries	-0.39	1.23
online	-0.39	1.91
share	-0.39	2.03
community	-0.39	1.70
remembered	-0.39	2.11
react	-0.39	2.36
account	-0.39	2.16
low	-0.39	1.35
teenagers	-0.39	2.21
tumblr	-0.39	1.80
country	-0.39	1.64
fishing	-0.39	2.10
bleeding	-0.39	1.24
subtle	-0.39	2.31
curiosity	-0.39	1.48
attraction	-0.39	1.73
feminist	-0.39	1.67
burning	-0.39	1.13
incest	-0.39	1.33
satan	-0.39	1.47
puberty	-0.39	1.89
deliver	-0.38	2.29
message	-0.38	2.15
sent	-0.38	2.16
nails	-0.38	1.23
trash	-0.38	1.52
hover	-0.38	1.90
breath	-0.38	1.65
slowly	-0.38	1.95
government	-0.38	1.59
hmm	-0.38	2.29
thirsty	-0.38	2.25
streets	-0.38	1.90
goofy	-0.38	2.17
circumstances	-0.38	1.95
roles	-0.38	1.73
above	-0.38	1.71
needing	-0.38	2.35
lower	-0.38	1.50
conversations	-0.37	1.92
lead	-0.37	1.67
growth	-0.37	1.62
hopefully	-0.37	2.78
ridicule	-0.37	1.64
huge	-0.37	1.49
instagram	-0.37	2.11
comment	-0.37	2.35
hey	-0.37	2.61
remove	-0.37	2.14
reject	-0.37	2.13
criminal	-0.37	1.73
image	-0.37	2.00
seek	-0.37	2.14
acid	-0.37	1.38
cyrus	-0.37	1.27
equality	-0.37	1.64
bizarre	-0.37	2.26
front	-0.37	1.94
hes	-0.37	2.52
helping	-0.37	1.96
future	-0.37	1.66
rid	-0.36	2.06
turned	-0.36	2.21
each	-0.36	2.04
angle	-0.36	2.08
screams	-0.36	1.97
rage	-0.36	1.73
stories	-0.36	1.67
indeed	-0.36	1.85
group	-0.36	1.64
rights	-0.36	1.49
automatically	-0.36	2.42
through	-0.36	1.99
tested	-0.36	1.55
r/justneckbeardthings	-0.36	2.57
before	-0.36	2.76
sums	-0.36	1.22
became	-0.36	1.75
identity	-0.36	1.64
level	-0.36	1.55
india	-0.36	1.80
hide	-0.36	2.15
removals	-0.36	2.28
intention	-0.36	2.26
adorable	-0.36	3.18
plant	-0.35	1.23
racial	-0.35	1.51
while	-0.35	2.20
escalated	-0.35	1.95
accounts	-0.35	2.05
billy	-0.35	1.23
effects	-0.35	1.67
basis	-0.35	1.79
irrelevant	-0.35	1.99
disregard	-0.35	1.76
system	-0.35	1.73
secret	-0.35	1.48
denny	-0.35	2.16
explanation	-0.35	2.32
educate	-0.35	2.15
apply	-0.35	2.12
screaming	-0.35	1.85
rub	-0.35	1.46
punched	-0.35	1.92
campaign	-0.35	1.28
upload	-0.35	2.04
comparing	-0.35	1.76
popularity	-0.35	1.27
suggested	-0.35	2.31
ultimately	-0.35	1.79
greatly	-0.34	1.63
profiles	-0.34	2.03
keeping	-0.34	1.79
shopped	-0.34	1.93
lifetime	-0.34	1.54
strangers	-0.34	1.59
zero	-0.34	1.83
job	-0.34	1.80
require	-0.34	1.82
aspect	-0.34	1.75
popular	-0.34	1.47
reliable	-0.34	1.98
across	-0.34	1.88
raise	-0.34	1.27
searching	-0.34	2.01
terrorist	-0.33	1.30
apparent	-0.33	1.93
waiting	-0.33	2.31
2011	-0.33	1.20
scientific	-0.33	2.05
largely	-0.33	1.75
reached	-0.33	1.83
males	-0.33	1.71
9/11	-0.33	1.32
breaking	-0.33	2.11
business	-0.33	1.76
run	-0.33	2.08
island	-0.33	1.72
smiling	-0.33	1.86
burned	-0.33	1.61
president	-0.33	1.36
boy	-0.33	1.73
crimes	-0.33	1.66
feed	-0.33	1.94
entire	-0.33	1.80
advantage	-0.32	2.01
shots	-0.32	1.72
expressing	-0.32	2.04
ended	-0.32	2.22
women	-0.32	1.75
jumped	-0.32	1.98
international	-0.32	1.41
attached	-0.32	2.09
informed	-0.32	1.91
forgetting	-0.32	1.97
selfie	-0.32	2.03
scientists	-0.32	1.50
tags	-0.32	2.18
conspiracy	-0.32	1.51
everybody	-0.32	3.79
parts	-0.32	1.86
switch	-0.32	1.86
pm	-0.32	2.26
confession	-0.32	1.74
support	-0.32	1.77
incapable	-0.32	1.82
range	-0.31	1.52
privacy	-0.31	1.79
values	-0.31	1.58
smile	-0.31	2.13
part	-0.31	3.43
passion	-0.31	1.28
scare	-0.31	1.92
photo	-0.31	1.93
earth	-0.31	1.63
guaranteed	-0.31	2.07
ta	-0.31	2.52
bound	-0.31	1.93
achieve	-0.31	2.18
dancing	-0.31	1.22
society	-0.31	1.64
influence	-0.31	1.73
purposes	-0.31	1.80
discussion	-0.31	2.34
claim	-0.31	2.42
expectations	-0.31	1.79
turn	-0.31	2.52
picking	-0.31	1.72
wing	-0.31	1.48
disabled	-0.31	1.97
blown	-0.31	1.65
danger	-0.30	1.70
topic	-0.30	2.19
agenda	-0.30	1.66
intentions	-0.30	2.18
photos	-0.30	2.05
denying	-0.30	2.07
objective	-0.30	2.32
tests	-0.30	1.91
motivation	-0.30	1.65
fully	-0.30	1.99
interaction	-0.30	1.82
daily	-0.30	1.49
perception	-0.30	1.68
pure	-0.30	1.57
silence	-0.30	1.72
movement	-0.30	1.60
send	-0.30	2.20
strong	-0.30	1.61
snapchat	-0.30	2.08
cultural	-0.30	1.69
impression	-0.30	2.15
traffic	-0.30	1.50
claiming	-0.29	1.88
justice	-0.29	1.75
bs	-0.29	1.74
lacking	-0.29	1.66
nobody	-0.29	3.53
uploaded	-0.29	1.95
hiding	-0.29	1.81
experiment	-0.29	2.00
perceived	-0.29	1.78
human	-0.29	1.15
mentioning	-0.29	2.33
attempts	-0.29	1.97
whites	-0.29	1.51
virgin	-0.29	1.99
worth	-0.29	2.13
factors	-0.29	1.62
employees	-0.29	1.92
moving	-0.29	2.00
washington	-0.29	1.25
critical	-0.29	1.88
confirm	-0.29	1.96
walked	-0.29	2.03
therefore	-0.29	2.60
policy	-0.29	1.64
address	-0.28	2.19
knocked	-0.28	1.64
blows	-0.28	1.77
forces	-0.28	1.44
cancer	-0.28	1.23
females	-0.28	1.75
sing	-0.28	1.04
screenshots	-0.28	2.05
pass	-0.28	2.32
gay	-0.28	1.50
sea	-0.28	1.45
public	-0.28	1.84
humans	-0.28	1.31
barely	-0.28	2.46
fairness	-0.28	2.04
abortion	-0.28	1.54
followed	-0.28	1.64
stuck	-0.28	1.45
committed	-0.28	1.64
africa	-0.28	1.62
cis	-0.28	1.69
needed	-0.28	2.70
fart	-0.28	1.41
seeking	-0.27	2.21
haircut	-0.27	1.47
factor	-0.27	1.61
obsession	-0.27	1.35
back	-0.27	2.35
attract	-0.27	1.99
previously	-0.27	2.34
heat	-0.27	1.19
interpret	-0.27	2.85
earlier	-0.27	2.15
treated	-0.27	1.79
potential	-0.27	1.70
attack	-0.27	1.48
beings	-0.27	1.56
dirt	-0.27	1.55
bathroom	-0.27	1.53
method	-0.27	1.96
blew	-0.27	1.79
designed	-0.27	1.82
whoring	-0.27	2.15
redneck	-0.27	1.28
deserved	-0.27	1.86
amongst	-0.27	1.66
100	-0.27	1.98
goddamn	-0.27	2.37
department	-0.27	1.42
challenge	-0.27	1.42
politely	-0.27	2.38
left	-0.27	2.06
recognize	-0.26	2.89
few	-0.26	1.73
interact	-0.26	2.37
nude	-0.26	2.07
nudes	-0.26	2.16
plain	-0.26	2.32
sharing	-0.26	2.05
produced	-0.26	1.61
reported	-0.26	1.61
bullet	-0.26	1.85
separate	-0.26	1.63
linked	-0.26	1.97
stay	-0.26	2.13
female	-0.26	1.81
vegan	-0.26	1.09
imagination	-0.26	1.93
youth	-0.26	1.35
blow	-0.26	1.84
up	-0.25	2.34
smaller	-0.25	1.79
fill	-0.25	1.65
base	-0.25	1.43
consequences	-0.25	1.75
actively	-0.25	2.08
racist	-0.25	1.80
pill	-0.25	1.60
miley	-0.25	1.26
bash	-0.25	1.56
text	-0.25	2.14
politics	-0.24	1.74
smarter	-0.24	2.60
practically	-0.24	1.66
countries	-0.24	1.67
boost	-0.24	1.54
had	-0.24	2.91
evolved	-0.24	1.31
thoughts	-0.24	1.94
required	-0.24	1.94
convenient	-0.24	2.40
accepted	-0.24	1.73
practice	-0.24	1.58
produce	-0.24	1.67
negative	-0.24	1.73
break	-0.24	2.14
ego	-0.24	1.75
laughter	-0.24	2.03
taylor	-0.24	1.16
bottom	-0.24	1.98
potentially	-0.24	1.72
hire	-0.24	1.82
dang	-0.24	2.17
waste	-0.24	1.63
popped	-0.24	1.77
ill	-0.24	1.82
exposed	-0.24	1.51
jump	-0.24	1.99
steal	-0.24	1.97
push	-0.24	1.90
updated	-0.24	2.07
capacity	-0.23	1.56
thoroughly	-0.23	2.19
airsoft	-0.23	1.70
teenage	-0.23	1.83
average	-0.23	1.75
id	-0.23	2.14
lil	-0.23	1.14
live	-0.23	1.71
face	-0.23	1.53
misunderstood	-0.23	2.63
charged	-0.23	1.67
discuss	-0.23	2.50
research	-0.23	1.61
negging	-0.23	1.82
principle	-0.23	1.98
threat	-0.23	1.88
bag	-0.23	1.52
shopping	-0.23	1.73
rolls	-0.23	1.29
insulting	-0.23	2.07
check	-0.23	2.14
lied	-0.23	2.14
armed	-0.23	1.65
request	-0.23	2.09
wasnt	-0.23	2.16
terrifying	-0.23	2.99
witty	-0.23	2.28
switched	-0.23	1.86
technical	-0.23	1.77
life	-0.23	1.61
wind	-0.22	1.50
beyond	-0.22	2.06
pushing	-0.22	2.03
counting	-0.22	2.20
childhood	-0.22	1.43
receiving	-0.22	1.81
relax	-0.22	2.38
behind	-0.22	1.97
leading	-0.22	1.98
uneducated	-0.22	2.12
wide	-0.22	1.44
imply	-0.22	2.99
images	-0.22	1.92
function	-0.22	2.22
confuse	-0.22	1.70
proves	-0.22	2.00
half	-0.22	1.69
means	-0.22	3.82
forms	-0.22	1.55
host	-0.22	1.31
knowledge	-0.22	1.85
psych	-0.22	1.88
reply	-0.22	2.35
reputation	-0.22	1.72
link	-0.22	2.03
teachers	-0.22	1.58
explained	-0.22	2.42
theirs	-0.22	1.83
blacks	-0.21	1.61
tongue	-0.21	1.45
number	-0.21	1.94
handle	-0.21	2.77
doctors	-0.21	1.51
lifestyle	-0.21	1.55
customers	-0.21	1.86
law	-0.21	1.78
cried	-0.21	2.00
duh	-0.21	1.90
philosophy	-0.21	1.68
clap	-0.21	1.74
activity	-0.21	1.73
stereotype	-0.21	1.55
lets	-0.21	2.71
train	-0.21	1.51
names	-0.21	2.01
moments	-0.21	1.84
goal	-0.21	2.07
read	-0.21	2.02
judgement	-0.21	1.88
pushed	-0.21	1.91
carried	-0.21	1.83
sex	-0.20	1.80
position	-0.20	2.17
dated	-0.20	1.99
effectively	-0.20	1.94
doll	-0.20	1.58
101	-0.20	1.85
josh	-0.20	1.67
initial	-0.20	2.04
walk	-0.20	2.11
citizens	-0.20	1.67
cloud	-0.20	1.70
cotton	-0.20	1.55
orgasm	-0.20	1.60
whatnot	-0.20	1.68
biological	-0.20	1.55
millions	-0.20	1.61
called	-0.20	2.26
applies	-0.20	1.79
juggalo	-0.20	1.33
y'all	-0.20	2.10
mirror	-0.20	1.96
firearms	-0.20	1.87
levels	-0.20	1.58
leaving	-0.20	2.01
library	-0.20	1.87
photoshop	-0.20	1.54
chat	-0.20	2.07
effect	-0.20	2.09
pickup	-0.20	1.37
r/lewronggeneration	-0.20	2.21
beaten	-0.20	1.59
plants	-0.20	1.40
strictly	-0.19	2.03
center	-0.19	1.80
stated	-0.19	2.12
lyrics	-0.19	1.24
comparison	-0.19	2.55
shaving	-0.19	1.50
champ	-0.19	2.21
chosen	-0.19	1.72
kick	-0.19	1.69
steps	-0.19	1.94
luck	-0.19	2.11
protection	-0.19	1.68
medicine	-0.19	1.58
west	-0.19	1.39
reaching	-0.19	1.88
western	-0.19	1.59
tolerance	-0.19	1.75
superior	-0.19	1.49
replies	-0.19	2.31
long	-0.19	2.16
odds	-0.19	1.86
charity	-0.19	1.45
scroll	-0.19	1.93
guilty	-0.19	1.88
constant	-0.19	1.64
increase	-0.19	1.45
scumbag	-0.18	1.66
interview	-0.18	1.48
associate	-0.18	2.21
mix	-0.18	1.64
extreme	-0.18	1.71
stereotypes	-0.18	1.72
info	-0.18	2.09
specific	-0.18	1.88
church	-0.18	1.39
hand	-0.18	1.80
increased	-0.18	1.39
proven	-0.18	2.23
universe	-0.18	1.53
maturity	-0.18	1.69
begging	-0.18	2.58
purposely	-0.18	2.30
novelty	-0.18	2.03
exclusive	-0.18	1.36
1000	-0.18	1.74
options	-0.18	1.85
shower	-0.18	1.41
questions	-0.18	2.37
standards	-0.17	1.51
mouth	-0.17	1.33
wan	-0.17	2.44
singing	-0.17	1.33
secretly	-0.17	3.40
moved	-0.17	1.79
large	-0.17	1.60
censored	-0.17	2.10
trashy	-0.17	2.07
awkwardness	-0.17	1.77
commented	-0.17	2.29
fools	-0.17	1.41
denko	-0.17	1.87
paste	-0.17	1.70
strings	-0.17	2.07
around	-0.17	1.99
controversial	-0.17	2.36
blur	-0.17	1.82
ups	-0.17	1.80
messenger	-0.16	1.76
links	-0.16	2.00
included	-0.16	1.71
bird	-0.16	1.80
sells	-0.16	1.54
whenever	-0.16	2.68
conservative	-0.16	1.45
bisexual	-0.16	1.74
near	-0.16	1.87
affection	-0.16	1.66
america	-0.16	1.64
instance	-0.16	1.73
media	-0.16	1.62
solve	-0.16	2.30
slim	-0.16	1.56
nope	-0.16	2.40
observation	-0.16	2.45
walking	-0.16	2.12
welfare	-0.16	1.65
normally	-0.16	2.22
wtf	-0.16	2.97
relationships	-0.16	1.83
screenshot	-0.16	2.05
flirting	-0.16	2.01
value	-0.16	1.74
proving	-0.16	2.41
forth	-0.15	1.46
worked	-0.15	2.08
cracked	-0.15	1.63
buddy	-0.15	2.53
misunderstanding	-0.15	2.89
thousand	-0.15	1.71
opened	-0.15	1.79
equivalent	-0.15	1.75
cared	-0.15	3.04
trans	-0.15	1.71
requires	-0.15	1.77
career	-0.15	1.55
cough	-0.15	1.42
advanced	-0.15	1.85
listed	-0.15	1.67
straight	-0.15	1.92
net	-0.15	1.67
crop	-0.15	1.46
bible	-0.15	1.69
setting	-0.15	1.68
resist	-0.15	2.38
further	-0.14	2.06
wolf	-0.14	1.58
works	-0.14	2.58
format	-0.14	1.78
talked	-0.14	2.82
authority	-0.14	1.87
theories	-0.14	1.99
um	-0.14	2.40
park	-0.14	1.40
punch	-0.14	1.80
wave	-0.14	1.59
middle	-0.14	1.81
suicide	-0.14	1.50
grow	-0.14	1.83
response	-0.14	2.36
event	-0.14	1.79
trick	-0.14	1.83
risky	-0.14	1.65
mall	-0.14	1.83
strip	-0.14	1.89
hill	-0.14	1.53
mcdonalds	-0.14	1.86
aids	-0.14	1.44
benefit	-0.14	2.15
officers	-0.13	1.63
deserve	-0.13	1.83
clothes	-0.13	1.58
greater	-0.13	1.85
hung	-0.13	2.01
dropping	-0.13	1.59
censor	-0.13	1.96
organization	-0.13	1.42
jelly	-0.13	2.07
acceptable	-0.13	1.88
em	-0.13	2.47
whilst	-0.13	1.90
personalities	-0.13	1.56
fly	-0.13	1.68
nuts	-0.13	1.72
conscious	-0.13	2.06
birds	-0.13	1.60
retail	-0.13	1.81
over	-0.13	1.94
goodness	-0.13	2.15
gravity	-0.13	1.89
legally	-0.13	1.79
russia	-0.13	1.63
interests	-0.13	1.82
biology	-0.13	1.93
upside	-0.13	2.07
objects	-0.13	1.68
stopped	-0.12	2.21
uhhh	-0.12	1.92
user	-0.12	2.09
facts	-0.12	2.39
throat	-0.12	1.54
fuel	-0.12	1.49
develop	-0.12	1.76
allows	-0.12	2.07
measure	-0.12	1.77
treatment	-0.12	1.61
arrested	-0.12	1.68
jesus	-0.12	2.43
accused	-0.12	1.98
illuminati	-0.12	1.53
supply	-0.12	1.43
nature	-0.12	1.68
moves	-0.12	1.81
imgur	-0.12	2.06
beta	-0.11	1.85
fails	-0.11	1.79
high	-0.11	1.74
regards	-0.11	1.78
financial	-0.11	1.75
animals	-0.11	1.32
prank	-0.11	1.96
brains	-0.11	1.47
labor	-0.11	1.70
editing	-0.11	1.57
burn	-0.11	1.48
market	-0.11	1.59
area	-0.11	1.70
song	-0.11	1.16
civil	-0.11	1.50
grocery	-0.11	1.74
album	-0.11	1.14
recent	-0.11	1.81
reverse	-0.11	1.74
grades	-0.11	1.55
reasoning	-0.11	2.40
skill	-0.11	1.66
memories	-0.11	1.67
unpopular	-0.11	1.96
nose	-0.11	1.43
ama	-0.11	2.03
wall	-0.11	1.79
staring	-0.11	2.00
legal	-0.11	1.80
class	-0.10	1.88
survive	-0.10	1.64
ever	-0.10	3.98
relationship	-0.10	1.82
score	-0.10	1.63
joined	-0.10	1.65
state	-0.10	1.64
education	-0.10	1.72
broke	-0.10	1.74
dogs	-0.10	1.30
court	-0.10	1.49
trained	-0.10	1.85
couple	-0.10	1.77
stoned	-0.10	2.19
local	-0.10	1.73
resources	-0.10	1.65
faces	-0.10	1.59
service	-0.10	1.86
nuclear	-0.10	1.37
scenario	-0.10	3.44
create	-0.10	1.76
male	-0.10	1.73
sin	-0.10	1.54
quarter	-0.10	1.73
burst	-0.10	2.01
professor	-0.09	1.79
neither	-0.09	2.02
north	-0.09	1.65
peers	-0.09	1.69
saw	-0.09	2.33
20s	-0.09	1.75
delivered	-0.09	2.05
weirdos	-0.09	1.87
control	-0.09	2.05
grey	-0.09	1.19
articles	-0.09	1.83
90	-0.09	1.66
elsewhere	-0.09	1.94
recognized	-0.09	1.76
stopping	-0.09	1.42
demand	-0.09	1.90
corner	-0.09	1.94
jumping	-0.09	2.04
intelligence	-0.09	1.71
held	-0.09	1.75
manager	-0.09	1.91
bias	-0.09	1.83
chav	-0.09	1.42
travel	-0.09	2.04
goes	-0.09	2.62
spirit	-0.09	1.80
herself	-0.09	2.46
positive	-0.08	1.83
perform	-0.08	1.84
fucks	-0.08	1.89
count	-0.08	2.16
stupid	-0.08	3.28
helps	-0.08	1.97
teens	-0.08	1.74
appeal	-0.08	1.79
non	-0.08	1.90
prices	-0.08	1.48
weapons	-0.08	1.74
ah	-0.08	2.47
ad	-0.08	1.75
states	-0.08	1.64
mouse	-0.08	1.49
foot	-0.08	1.65
adult	-0.08	1.46
surgery	-0.08	1.72
cop	-0.08	1.65
bloody	-0.08	1.43
receive	-0.08	2.02
single	-0.08	2.11
dolls	-0.08	1.63
perspective	-0.08	1.73
slaves	-0.08	1.63
lighter	-0.08	1.66
quality	-0.08	2.35
federal	-0.08	1.73
caption	-0.08	2.27
study	-0.08	1.78
owned	-0.08	1.47
fucker	-0.08	1.91
growing	-0.08	1.51
aim	-0.07	1.70
cities	-0.07	1.59
9gag	-0.07	2.01
store	-0.07	1.75
audience	-0.07	1.82
upvote	-0.07	2.25
highschool	-0.07	1.82
source	-0.07	2.11
manner	-0.07	2.34
ahh	-0.07	2.07
contain	-0.07	1.73
dump	-0.07	1.35
email	-0.07	2.02
stops	-0.07	2.30
unusual	-0.07	2.50
teach	-0.07	2.20
raff	-0.07	1.54
minus	-0.07	1.43
sources	-0.07	2.04
deleted	-0.07	2.19
protecting	-0.07	1.35
canada	-0.07	1.69
project	-0.07	1.61
enemy	-0.06	1.37
into	-0.06	2.04
wut	-0.06	1.61
running	-0.06	2.38
nurse	-0.06	1.49
intentional	-0.06	2.84
men	-0.06	1.79
folks	-0.06	1.88
approach	-0.06	1.80
tone	-0.06	2.16
conclusions	-0.06	2.01
piercing	-0.06	1.40
superiority	-0.06	1.66
coast	-0.06	1.55
identify	-0.06	1.94
quoting	-0.06	1.56
capable	-0.06	1.81
calling	-0.06	2.40
charges	-0.06	1.65
target	-0.06	1.79
sit	-0.06	2.06
collect	-0.06	1.90
someones	-0.06	1.66
central	-0.06	1.62
texas	-0.06	1.65
argument	-0.06	2.68
deeper	-0.06	1.87
industry	-0.06	1.64
jail	-0.06	1.64
screw	-0.06	1.47
95	-0.06	2.06
testing	-0.06	2.18
kids	-0.06	2.17
explaining	-0.06	2.69
happiness	-0.05	1.81
hardly	-0.05	2.28
guns	-0.05	1.81
letting	-0.05	2.49
carry	-0.05	1.83
seven	-0.05	1.69
majors	-0.05	1.69
musical	-0.05	1.50
habits	-0.05	1.57
drag	-0.05	1.59
sight	-0.05	1.94
texts	-0.05	2.31
companies	-0.05	1.60
exclusively	-0.05	1.91
modern	-0.05	1.55
site	-0.05	1.85
young	-0.05	2.00
freedom	-0.05	1.75
monkey	-0.05	1.65
remain	-0.05	2.07
soon	-0.05	2.36
thug	-0.05	1.41
florida	-0.05	1.64
studies	-0.05	1.87
door	-0.05	1.81
empathy	-0.05	1.80
pile	-0.05	1.25
homework	-0.04	1.80
similarly	-0.04	1.83
knee	-0.04	1.61
canadian	-0.04	1.96
south	-0.04	1.63
80s	-0.04	1.21
insults	-0.04	2.02
military	-0.04	1.57
spam	-0.04	1.90
teen	-0.04	1.57
finding	-0.04	2.22
blatantly	-0.04	2.65
texted	-0.04	1.89
medical	-0.04	1.72
welp	-0.04	2.37
lived	-0.04	1.70
myspace	-0.04	1.88
uni	-0.04	1.86
sitting	-0.04	1.96
lip	-0.04	1.39
gifs	-0.04	1.80
minds	-0.04	1.78
lmfao	-0.04	1.88
city	-0.04	1.70
rednecks	-0.04	1.54
bat	-0.03	1.99
ran	-0.03	1.97
package	-0.03	1.60
passing	-0.03	1.75
dozen	-0.03	1.80
75	-0.03	1.66
destroy	-0.03	1.67
between	-0.03	1.73
success	-0.03	1.66
decision	-0.03	2.05
acts	-0.03	2.43
profit	-0.03	1.60
established	-0.03	1.84
context	-0.03	3.00
union	-0.03	1.58
small	-0.03	1.56
psychology	-0.03	1.75
developed	-0.03	1.71
dedication	-0.03	1.70
start	-0.03	2.45
nail	-0.03	1.54
economy	-0.03	1.82
ayy	-0.03	2.32
brb	-0.03	1.90
price	-0.03	1.52
awkwardly	-0.03	2.11
hopes	-0.03	2.03
consistent	-0.03	1.99
mcdonald	-0.02	1.82
hahahahaha	-0.02	2.22
statistics	-0.02	1.85
head	-0.02	1.70
cents	-0.02	1.37
limit	-0.02	1.70
universal	-0.02	1.95
schools	-0.02	1.78
hundred	-0.02	1.73
university	-0.02	1.75
cringiest	-0.02	3.80
brony	-0.02	1.43
pulling	-0.02	1.78
protest	-0.02	1.52
sexuality	-0.02	1.77
fed	-0.02	1.50
starts	-0.02	2.30
camera	-0.02	1.96
shave	-0.02	1.62
songs	-0.02	1.07
formed	-0.02	1.77
pose	-0.02	2.22
yah	-0.02	1.80
humanity	-0.02	1.79
shut	-0.02	1.57
understands	-0.02	3.80
halfway	-0.02	1.92
lawn	-0.02	1.45
breast	-0.02	1.36
school	-0.02	1.82
celebrities	-0.02	1.68
boat	-0.02	1.68
tweet	-0.02	2.00
fitness	-0.02	1.47
breathing	-0.01	1.53
contains	-0.01	1.64
oh	-0.01	2.96
escape	-0.01	2.02
field	-0.01	1.65
implies	-0.01	2.13
graduated	-0.01	1.89
shake	-0.01	1.74
trolled	-0.01	2.07
uk	-0.01	1.88
shoe	-0.01	1.52
nyc	-0.01	1.73
weird	-0.01	3.36
covering	-0.01	1.50
met	-0.01	2.75
dry	-0.01	1.63
united	-0.01	1.59
pleb	-0.01	1.59
lips	-0.01	1.47
officer	-0.01	1.54
detective	-0.01	1.75
quick	-0.01	2.27
load	-0.01	1.76
degree	-0.01	1.70
metallica	-0.01	1.09
pal	-0.01	2.23
click	-0.01	1.99
thankfully	-0.01	2.25
ground	-0.01	1.71
yesterday	-0.01	2.00
respect	-0.01	1.88
cells	-0.01	1.54
campus	-0.01	1.67
slavery	-0.01	1.54
everyday	-0.01	1.33
presence	-0.01	1.72
citizen	-0.01	1.71
physics	-0.01	1.81
walmart	-0.01	1.75
focus	-0.01	1.63
sites	-0.01	1.90
compliment	-0.01	1.93
flight	-0.01	1.66
stores	-0.01	1.67
hail	-0.01	1.75
handed	-0.00	1.98
proof	-0.00	2.25
engineering	-0.00	1.76
rural	-0.00	1.59
accidentally	-0.00	2.02
bags	-0.00	1.54
openly	-0.00	2.03
appears	-0.00	1.87
gosh	-0.00	2.57
mainstream	-0.00	1.31
references	-0.00	1.47
currently	-0.00	2.01
graduate	-0.00	1.75
inbox	-0.00	1.99
attracted	-0.00	1.93
cooler	-0.00	2.60
mandatory	-0.00	1.63
useful	-0.00	2.30
massive	0.00	1.62
toys	0.00	1.84
grew	0.00	1.65
security	0.00	1.75
alabama	0.00	1.59
standing	0.00	1.90
4chan	0.00	2.05
bro	0.00	2.42
skills	0.00	1.91
shop	0.00	1.71
alright	0.00	2.91
century	0.00	1.58
threats	0.00	1.65
cringy	0.00	3.52
county	0.00	1.55
college	0.00	1.79
list	0.00	1.69
condoms	0.01	1.53
tech	0.01	1.64
hidden	0.01	1.64
cheated	0.01	1.89
eastern	0.01	1.59
analysis	0.01	1.85
settle	0.01	1.79
time	0.01	2.23
serve	0.01	1.67
rare	0.01	1.92
woah	0.01	2.02
crush	0.01	1.96
saving	0.01	1.74
digging	0.01	2.22
warning	0.01	1.75
answers	0.01	2.31
guitar	0.01	1.94
riff	0.01	1.50
crossed	0.01	1.65
throws	0.01	1.53
ocean	0.01	1.55
experiences	0.01	1.85
jaw	0.01	1.49
korea	0.01	1.65
sharp	0.01	1.80
selection	0.01	1.58
paint	0.01	1.40
nsfw	0.01	2.26
shits	0.01	1.64
brought	0.01	1.84
serial	0.01	1.88
confidence	0.01	1.68
code	0.02	1.67
carrying	0.02	1.81
phd	0.02	1.70
stood	0.02	1.86
duck	0.02	1.63
reference	0.02	1.59
listened	0.02	1.74
ps	0.02	2.01
nut	0.02	1.54
depressing	0.02	2.85
safety	0.02	1.69
pills	0.02	1.85
bomb	0.02	1.51
2000	0.02	1.73
meanwhile	0.02	1.70
hug	0.02	1.83
street	0.02	1.78
roll	0.02	1.64
broad	0.02	1.79
mass	0.02	1.62
spot	0.02	2.21
restaurants	0.02	1.69
fuckin	0.02	2.59
scientist	0.02	1.68
shops	0.02	1.69
maintain	0.02	1.75
becomes	0.02	2.37
officially	0.02	1.45
math	0.02	1.95
speed	0.02	1.70
90s	0.02	1.72
programs	0.02	1.81
opening	0.02	1.48
jack	0.02	1.67
chief	0.03	1.40
legitimate	0.03	1.99
sweater	0.03	1.83
town	0.03	1.63
previous	0.03	1.61
persons	0.03	1.74
stage	0.03	1.65
mess	0.03	1.76
plastic	0.03	1.70
stick	0.03	1.56
tinder	0.03	1.90
production	0.03	1.42
via	0.03	2.02
ends	0.03	2.16
early	0.03	1.87
heads	0.03	1.67
nerd	0.03	1.84
holes	0.03	1.52
ya	0.03	2.32
lives	0.03	1.48
child	0.03	1.46
afford	0.03	1.71
grad	0.03	1.76
sticking	0.03	1.78
grown	0.03	1.72
student	0.03	1.77
assumes	0.03	3.85
equation	0.03	1.82
gun	0.04	1.69
holding	0.04	1.90
reporting	0.04	1.79
east	0.04	1.66
clarification	0.04	2.65
represent	0.04	1.58
gotcha	0.04	2.61
homeless	0.04	1.81
northern	0.04	1.59
property	0.04	1.62
listen	0.04	1.24
austin	0.04	1.79
california	0.04	1.61
website	0.04	1.85
matches	0.04	1.75
murder	0.04	1.56
seriousness	0.04	1.96
suggestion	0.04	2.33
reach	0.04	1.85
partners	0.04	1.72
wreck	0.04	1.65
murdered	0.04	1.69
googled	0.04	1.89
hs	0.04	1.81
aged	0.04	1.82
covers	0.04	1.21
purchase	0.04	1.55
charge	0.04	1.68
skull	0.04	1.54
europe	0.04	1.69
tiny	0.05	1.30
join	0.05	1.71
worded	0.05	2.70
surprisingly	0.05	2.23
shared	0.05	1.97
partner	0.05	1.73
pieces	0.05	1.41
twice	0.05	2.59
cultures	0.05	1.67
rifle	0.05	1.74
correlation	0.05	1.90
inner	0.05	1.61
magical	0.05	1.12
heard	0.05	3.93
creates	0.05	1.67
figures	0.05	1.64
hall	0.05	1.75
pyramid	0.05	1.51
odd	0.05	3.17
major	0.05	1.75
energy	0.05	1.50
threw	0.05	1.81
nicer	0.05	2.29
finest	0.05	1.79
cutting	0.05	1.85
vice	0.05	1.44
company	0.05	1.76
advertising	0.05	1.67
thumb	0.06	1.59
denial	0.06	1.94
everytime	0.06	1.94
big	0.06	1.70
took	0.06	2.00
lazy	0.06	2.06
money	0.06	1.75
ai	0.06	2.09
smh	0.06	1.84
access	0.06	1.86
fresh	0.06	1.59
served	0.06	1.78
finger	0.06	1.44
asked	0.06	2.65
such	0.06	2.66
slight	0.06	2.09
poorly	0.06	2.52
innocent	0.06	1.67
stare	0.06	1.72
closer	0.06	1.96
racists	0.06	1.75
provided	0.06	2.13
express	0.06	2.09
sensitive	0.07	2.50
suggests	0.07	2.26
steam	0.07	1.51
colors	0.07	1.35
late	0.07	1.82
ol	0.07	1.77
bridge	0.07	1.66
instant	0.07	1.77
fingers	0.07	1.50
board	0.07	2.01
sends	0.07	2.25
jerking	0.07	1.84
rifles	0.07	1.77
privilege	0.07	1.58
kicked	0.07	1.69
expression	0.07	1.89
expert	0.07	2.09
object	0.07	1.57
touched	0.07	2.36
paper	0.07	1.35
gamers	0.07	1.61
traditional	0.07	1.79
button	0.07	1.93
hygiene	0.07	1.73
prepare	0.07	1.74
health	0.07	1.76
destroyed	0.07	1.53
office	0.07	1.76
views	0.07	2.00
lines	0.07	1.45
freshman	0.07	1.79
texting	0.07	2.44
map	0.07	1.82
bumper	0.07	1.49
admire	0.08	1.48
counter	0.08	1.74
buttons	0.08	2.03
hit	0.08	1.83
boys	0.08	1.82
beg	0.08	1.91
marketing	0.08	1.63
dumbest	0.08	3.95
mate	0.08	1.81
cover	0.08	1.50
loaded	0.08	1.79
jaden	0.08	1.63
throughout	0.08	1.66
arts	0.08	1.62
cost	0.08	1.59
hmmm	0.08	1.77
given	0.08	2.17
students	0.08	1.77
fire	0.08	1.73
rap	0.08	1.21
classes	0.08	1.80
praise	0.08	1.73
emo	0.08	1.45
meaningless	0.08	2.05
cut	0.08	1.78
prison	0.08	1.74
basement	0.08	1.25
empty	0.08	1.78
ahhh	0.08	1.42
fuckers	0.08	2.06
location	0.08	1.87
kills	0.08	1.52
dj	0.08	1.46
file	0.08	1.60
soldier	0.08	1.57
doctor	0.08	1.58
boner	0.09	1.67
tour	0.09	1.19
usual	0.09	1.86
tries	0.09	3.00
shooting	0.09	1.69
stating	0.09	2.82
today	0.09	2.59
exchange	0.09	1.74
hair	0.09	1.49
nah	0.09	2.85
hammer	0.09	1.72
training	0.09	1.65
gang	0.09	1.63
mail	0.09	1.98
developing	0.09	1.63
bull	0.09	1.58
creator	0.09	1.99
marine	0.09	1.52
dumb	0.09	3.33
junior	0.09	1.73
seal	0.09	1.67
race	0.09	1.57
nation	0.09	1.67
saved	0.09	1.84
hormones	0.09	1.64
bud	0.09	1.90
zone	0.09	1.67
sets	0.09	1.71
compare	0.09	2.12
expensive	0.09	1.86
stance	0.09	2.10
white	0.09	1.54
contrary	0.09	2.22
franco	0.10	1.76
weapon	0.10	1.73
walls	0.10	1.46
cheap	0.10	1.43
line	0.10	1.71
provide	0.10	2.13
addiction	0.10	1.76
ms	0.10	1.26
scale	0.10	1.61
touching	0.10	1.68
four	0.10	1.78
locked	0.10	1.71
monitor	0.10	1.70
ratio	0.10	1.65
length	0.10	1.61
ten	0.10	1.74
contact	0.10	2.10
responded	0.10	2.45
bout	0.10	2.13
subway	0.10	1.67
hipster	0.10	1.41
whoosh	0.10	1.64
jews	0.10	1.48
misread	0.10	2.71
mile	0.10	1.77
ruin	0.10	1.68
standard	0.10	1.81
eyebrows	0.10	1.45
discipline	0.11	1.49
covered	0.11	1.43
bikini	0.11	1.97
product	0.11	1.61
ready	0.11	2.41
gif	0.11	1.97
three	0.11	1.76
arbitrary	0.11	1.93
ads	0.11	1.80
bare	0.11	1.41
compliments	0.11	2.00
land	0.11	1.64
pattern	0.11	1.73
draw	0.11	1.96
wondered	0.11	2.48
iron	0.11	1.44
article	0.11	1.82
chair	0.11	1.82
gas	0.11	1.56
conversation	0.11	2.18
chive	0.11	1.71
living	0.11	1.61
plug	0.11	1.57
delivery	0.11	1.70
gets	0.11	3.17
sell	0.11	1.63
five	0.11	1.75
brain	0.11	1.75
name	0.11	1.71
m8	0.11	1.70
twenties	0.11	1.75
clubs	0.11	1.70
nicely	0.11	2.29
dance	0.11	1.31
option	0.11	2.19
lookin	0.11	1.83
side	0.12	2.05
stupidest	0.12	3.90
wise	0.12	2.00
throwing	0.12	1.86
complicated	0.12	2.39
seat	0.12	1.65
wot	0.12	1.70
toe	0.12	1.59
search	0.12	1.96
starbucks	0.12	1.69
takes	0.12	1.81
miss	0.12	1.95
makeup	0.12	1.61
bears	0.12	1.38
forward	0.12	1.95
punk	0.12	1.10
edge	0.12	1.64
hardest	0.12	3.93
sucking	0.12	1.56
born	0.12	1.70
visible	0.12	1.61
open	0.12	1.63
stays	0.12	1.57
slave	0.12	1.71
friendzoned	0.12	1.51
blog	0.12	1.75
rocks	0.12	1.50
papers	0.12	1.50
queen	0.12	1.26
typed	0.12	2.23
barrel	0.12	1.74
he/she	0.12	3.08
80	0.13	1.68
pedophile	0.13	1.74
wiki	0.13	1.96
giant	0.13	1.55
log	0.13	1.81
refused	0.13	2.89
happily	0.13	1.75
tattooed	0.13	1.33
kitchen	0.13	1.60
hold	0.13	2.03
vaginas	0.13	1.64
<SPECIAL>	0.13	1.55
<URL>	0.13	1.55
ffs	0.13	1.85
afterwards	0.13	2.53
bb	0.13	2.21
creative	0.13	1.98
desk	0.13	1.75
services	0.13	1.82
ive	0.13	4.02
recently	0.13	2.24
limited	0.13	1.77
skip	0.13	1.72
test	0.13	1.78
associated	0.13	1.74
tl	0.14	1.63
insane	0.14	2.50
wisdom	0.14	1.66
facial	0.14	1.56
downvotes	0.14	2.42
special	0.14	1.83
painting	0.14	1.39
million	0.14	1.70
wikipedia	0.14	2.01
history	0.14	1.65
putting	0.14	2.50
checked	0.14	2.04
road	0.14	1.79
falling	0.14	2.11
habit	0.14	1.90
boxes	0.14	1.60
cheat	0.14	1.84
yo	0.14	2.09
rush	0.14	1.67
homo	0.14	1.42
size	0.14	1.48
description	0.14	2.01
released	0.14	1.71
earn	0.14	2.05
panel	0.14	1.73
swimming	0.14	1.73
lift	0.14	1.87
southern	0.14	1.62
greasy	0.15	1.85
goddammit	0.15	1.68
loads	0.15	1.87
snap	0.15	2.07
curve	0.15	1.65
report	0.15	1.68
caught	0.15	2.19
someday	0.15	2.68
ear	0.15	1.48
fandom	0.15	1.39
essentially	0.15	1.94
300	0.15	1.72
bell	0.15	1.53
doors	0.15	1.70
roman	0.15	1.43
moon	0.15	1.63
wasted	0.15	1.58
chill	0.15	2.54
anal	0.15	1.43
colour	0.15	1.51
semester	0.15	1.81
pistol	0.15	1.76
sake	0.15	2.00
glance	0.15	1.60
machine	0.15	1.64
fish	0.15	1.64
messaged	0.15	2.18
attacks	0.15	1.53
senior	0.15	1.89
twisted	0.15	1.32
internet	0.16	1.66
knees	0.16	1.63
decades	0.16	1.75
steel	0.16	1.69
sand	0.16	1.63
products	0.16	1.47
fucked	0.16	3.38
educated	0.16	1.96
decisions	0.16	2.12
sale	0.16	1.61
evil	0.16	1.14
elliot	0.16	1.86
planet	0.16	1.37
elementary	0.16	1.82
taco	0.16	1.48
assault	0.16	1.97
mentioned	0.16	2.37
pet	0.16	2.03
comfort	0.16	1.83
stayed	0.16	1.82
masturbation	0.16	1.67
slide	0.16	1.99
release	0.17	1.57
sales	0.17	1.66
generalization	0.17	2.14
wealth	0.17	1.62
combined	0.17	1.88
knife	0.17	1.65
selling	0.17	1.58
sigh	0.17	2.03
ohhh	0.17	2.45
showing	0.17	2.16
gesture	0.17	2.05
400	0.17	1.73
stomach	0.17	1.82
studying	0.17	1.72
marry	0.17	2.13
bear	0.17	1.73
breaks	0.17	1.97
500	0.17	1.72
stealing	0.17	1.50
teaching	0.17	1.85
aka	0.18	1.58
seen	0.18	3.90
hired	0.18	1.67
guard	0.18	1.69
program	0.18	1.80
totes	0.18	1.82
tats	0.18	1.52
jackson	0.18	1.40
clicking	0.18	2.07
healthcare	0.18	2.06
girl	0.18	2.65
concern	0.18	2.00
fuk	0.18	2.26
ham	0.18	1.81
press	0.18	1.86
soldiers	0.18	1.54
kissed	0.18	2.40
understanding	0.18	2.37
screen	0.18	1.92
accepting	0.18	1.74
floor	0.18	1.66
bitches	0.18	1.88
goth	0.18	1.37
minimum	0.18	2.08
brand	0.19	1.48
creepiness	0.19	1.81
sperm	0.19	1.55
chain	0.19	1.83
pictured	0.19	2.14
independent	0.19	1.64
robot	0.19	1.54
twenty	0.19	1.76
upper	0.19	1.52
eight	0.19	1.74
hilarious	0.19	3.65
despite	0.19	2.00
room	0.19	1.67
haters	0.19	3.35
engine	0.19	1.75
fight	0.19	1.59
moral	0.19	1.90
conclusion	0.19	2.16
okcupid	0.19	1.96
dates	0.19	1.81
permission	0.19	1.97
merely	0.20	1.95
billion	0.20	1.72
websites	0.20	1.74
differently	0.20	2.90
crowd	0.20	1.68
gurl	0.20	2.22
grab	0.20	1.82
strike	0.20	1.80
neighborhood	0.20	1.56
window	0.20	1.76
marines	0.20	1.58
albert	0.20	1.60
bite	0.20	1.54
clock	0.20	1.74
communication	0.20	2.11
spending	0.20	1.85
square	0.20	1.82
army	0.20	1.55
britain	0.20	1.68
balls	0.20	1.55
debt	0.20	1.76
sole	0.21	1.95
usa	0.21	1.63
reward	0.21	1.75
behave	0.21	2.30
throw	0.21	2.12
giggle	0.21	1.81
building	0.21	1.65
beef	0.21	1.63
bus	0.21	1.67
leader	0.21	1.54
limits	0.21	1.61
boot	0.21	1.62
meaningful	0.21	1.76
albums	0.21	1.20
promise	0.21	2.37
mr	0.21	1.55
dawg	0.21	1.99
widely	0.21	2.02
onion	0.21	1.77
houses	0.21	1.55
magazine	0.21	1.66
sides	0.21	2.02
save	0.21	2.09
shoulder	0.21	1.61
cheeks	0.21	1.50
ring	0.21	1.54
indians	0.21	1.70
einstein	0.21	1.56
times	0.21	2.19
along	0.21	2.15
butthole	0.22	1.62
scheme	0.22	1.88
theres	0.22	2.14
thanks	0.22	2.64
sum	0.22	2.21
bravo	0.22	1.74
kicking	0.22	1.54
umm	0.22	1.87
surface	0.22	1.41
2014	0.22	1.44
flat	0.22	1.85
prostitute	0.22	1.73
heck	0.22	2.09
title	0.22	2.40
breed	0.22	1.46
mighty	0.22	1.46
emails	0.22	2.12
enter	0.22	2.03
pregnancy	0.22	1.65
buy	0.22	1.52
define	0.22	1.83
offering	0.22	2.14
tied	0.22	1.64
ride	0.22	1.68
blackface	0.23	1.65
cameras	0.23	1.75
ears	0.23	1.56
literature	0.23	1.65
set	0.23	1.54
logo	0.23	1.55
buying	0.23	1.55
thou	0.23	1.70
cheek	0.23	1.51
stock	0.23	1.56
obligatory	0.23	1.92
pool	0.23	1.61
culture	0.23	1.70
bars	0.23	1.61
honesty	0.23	1.63
monster	0.23	1.42
guide	0.23	1.54
mutually	0.23	1.59
hunting	0.23	1.68
criticism	0.23	2.26
tail	0.23	1.66
jew	0.23	1.31
solved	0.23	2.01
maximum	0.23	1.73
nine	0.23	1.76
row	0.23	1.70
circles	0.23	1.83
forever	0.23	2.06
admitted	0.23	2.23
dollars	0.23	1.72
er	0.24	1.80
hacked	0.24	2.13
console	0.24	1.54
accident	0.24	1.78
liquor	0.24	1.66
iq	0.24	1.73
34	0.24	1.64
photographer	0.24	1.85
50	0.24	1.72
background	0.24	1.96
dave	0.24	1.75
ma	0.24	1.83
painted	0.24	1.35
friends	0.24	2.18
notes	0.24	1.84
dip	0.24	1.33
whoa	0.24	2.17
ye	0.24	1.61
plz	0.24	2.24
shall	0.24	1.65
150	0.24	1.69
practical	0.24	2.19
stands	0.24	2.07
whats	0.24	2.43
anus	0.24	1.44
sharpie	0.24	1.58
upon	0.24	1.79
snigle	0.24	2.22
technology	0.24	1.90
unemployed	0.24	1.58
free	0.25	2.09
writes	0.25	1.68
offered	0.25	2.16
global	0.25	1.80
wheel	0.25	1.68
driver	0.25	1.73
wrist	0.25	1.52
uh	0.25	2.98
adults	0.25	1.64
smith	0.25	1.59
next	0.25	2.06
hitting	0.25	2.07
trigger	0.25	1.75
amendment	0.25	1.71
illegal	0.25	2.07
owners	0.25	1.83
b8	0.25	1.57
feature	0.25	2.15
path	0.26	1.74
shoot	0.26	1.93
build	0.26	1.71
blast	0.26	1.68
swing	0.26	1.83
shift	0.26	1.90
wrap	0.26	1.56
items	0.26	1.55
mid	0.26	1.74
pop	0.26	1.19
attend	0.26	1.77
golden	0.26	1.86
concept	0.26	2.43
web	0.26	1.81
ironically	0.26	2.09
apple	0.26	1.74
requests	0.26	1.98
boom	0.26	1.88
thank	0.26	2.54
smash	0.26	1.77
alpha	0.26	1.89
rest	0.26	1.45
listening	0.26	1.28
historical	0.26	2.13
false	0.26	2.26
fame	0.27	1.69
bill	0.27	1.57
frame	0.27	1.76
wild	0.27	1.61
chemical	0.27	1.47
spaghetti	0.27	1.63
france	0.27	1.70
heavily	0.27	1.78
data	0.27	2.35
casually	0.27	2.17
insight	0.27	2.04
aaron	0.27	1.94
cold	0.27	1.36
bi	0.27	2.09
stranger	0.27	1.88
books	0.27	1.42
bar	0.27	1.72
eachother	0.27	2.04
parking	0.27	1.81
brag	0.27	2.21
ed	0.27	1.76
regular	0.28	1.27
progress	0.28	1.98
kissing	0.28	1.54
70	0.28	1.72
folk	0.28	1.42
consent	0.28	1.75
under	0.28	1.69
tape	0.28	1.70
connect	0.28	2.62
six	0.28	1.78
within	0.28	1.81
arm	0.28	1.52
dumbass	0.28	2.26
published	0.28	1.62
stereotypical	0.28	1.67
shown	0.28	1.94
aint	0.28	2.12
ship	0.28	1.69
animal	0.28	1.39
license	0.28	1.75
unit	0.28	1.61
lesbian	0.28	1.84
active	0.28	1.65
broken	0.28	1.96
lord	0.29	2.01
titles	0.29	2.00
naw	0.29	2.36
sooooo	0.29	1.66
couples	0.29	1.64
tattoos	0.29	1.50
jimmy	0.29	1.74
geez	0.29	2.21
crash	0.29	1.66
natural	0.29	1.39
dollar	0.29	1.69
sucked	0.29	1.55
lies	0.29	2.12
shadow	0.29	1.54
iirc	0.29	1.68
boundaries	0.29	1.90
condom	0.29	1.51
holy	0.29	3.20
fights	0.29	1.70
engaged	0.30	1.75
began	0.30	1.93
punishment	0.30	1.80
hers	0.30	1.52
your	0.30	1.58
corporate	0.30	1.64
arrest	0.30	1.65
vampire	0.30	1.32
claimed	0.30	2.40
gag	0.30	1.58
arrow	0.30	1.90
valuable	0.30	2.09
learning	0.30	2.18
vagina	0.30	1.56
shaved	0.30	1.68
deserves	0.30	2.41
australia	0.30	1.75
pua	0.30	3.11
plane	0.30	1.68
amazon	0.30	1.69
hole	0.30	1.51
laughs	0.30	2.32
cat	0.30	2.15
christ	0.30	3.18
costs	0.30	2.05
boston	0.30	1.67
peace	0.30	1.86
8th	0.30	1.76
vehicle	0.30	1.70
bank	0.30	1.79
pride	0.30	1.67
unknown	0.31	1.82
affects	0.31	1.68
controller	0.31	1.63
thumbs	0.31	1.79
server	0.31	1.77
action	0.31	1.59
immediate	0.31	1.74
overweight	0.31	1.96
prepared	0.31	2.00
version	0.31	2.04
logic	0.31	2.41
car	0.31	1.70
dudes	0.31	2.20
google	0.31	2.05
2012	0.31	1.55
pulled	0.31	1.89
sleep	0.31	1.97
genre	0.31	1.22
magic	0.31	1.37
loose	0.31	1.71
200	0.31	1.71
sam	0.31	1.71
confirmed	0.31	1.72
alone	0.31	2.01
forbid	0.31	2.36
convo	0.31	2.01
pressure	0.31	1.50
quoted	0.31	1.61
milk	0.31	1.39
wage	0.31	1.98
raised	0.31	1.42
miles	0.31	1.79
lee	0.31	1.86
masturbate	0.31	1.58
flip	0.31	1.92
tagged	0.31	2.07
pull	0.31	2.06
marriage	0.32	1.50
below	0.32	1.57
jersey	0.32	1.53
lifting	0.32	1.78
finished	0.32	1.90
strange	0.32	3.15
2013	0.32	1.54
bands	0.32	1.19
england	0.32	1.81
collection	0.32	1.32
built	0.32	1.74
arguments	0.32	2.57
driven	0.32	1.81
second	0.32	2.05
stickers	0.32	1.69
hands	0.32	1.57
ancient	0.32	1.84
important	0.32	2.55
asians	0.32	1.72
bone	0.32	1.81
hacking	0.32	1.96
known	0.32	2.42
prince	0.32	1.42
height	0.32	1.59
vague	0.32	2.18
sat	0.32	1.73
minute	0.32	2.02
claims	0.32	2.39
fan	0.32	1.12
current	0.33	1.75
chose	0.33	2.07
fyi	0.33	1.83
needs	0.33	3.20
ages	0.33	1.67
yours	0.33	2.07
decade	0.33	1.72
round	0.33	1.77
underneath	0.33	1.51
votes	0.33	2.19
souls	0.33	1.67
slip	0.33	1.78
camp	0.33	1.56
wit	0.33	2.05
inspired	0.33	1.76
applied	0.33	1.93
mountain	0.33	1.55
music	0.33	1.23
fail	0.33	2.15
rapper	0.33	1.35
leg	0.33	1.62
attractiveness	0.33	1.73
decides	0.34	2.78
max	0.34	1.78
owe	0.34	2.22
beards	0.34	1.82
memes	0.34	1.54
tickets	0.34	1.60
hello	0.34	1.85
war	0.34	1.65
commenter	0.34	2.36
jones	0.34	1.69
contest	0.34	1.60
duty	0.34	1.56
snow	0.34	1.44
income	0.34	1.85
track	0.34	1.89
reports	0.34	1.99
drop	0.34	1.47
riding	0.34	1.68
finish	0.34	2.38
rings	0.35	1.42
commercial	0.35	1.53
software	0.35	1.83
chin	0.35	1.51
alternative	0.35	1.47
cuz	0.35	2.05
unattractive	0.35	2.43
her	0.35	2.18
defined	0.35	1.88
bot	0.35	2.05
enjoying	0.35	1.86
gym	0.35	1.68
fourth	0.35	1.68
tears	0.35	1.81
complex	0.35	2.04
underage	0.35	1.75
talent	0.35	1.66
birth	0.35	1.51
york	0.35	1.65
flag	0.35	1.64
rock	0.36	1.26
models	0.36	1.59
emergency	0.36	1.93
foods	0.36	1.45
60	0.36	1.72
mixed	0.36	1.61
clothing	0.36	1.58
lock	0.36	1.84
upvotes	0.36	2.24
pen	0.36	1.55
ago	0.36	1.98
teacher	0.36	1.88
gamer	0.36	1.68
neck	0.36	1.50
til	0.36	2.42
dildo	0.36	1.66
followers	0.36	2.03
corn	0.36	1.35
dan	0.37	1.39
sympathy	0.37	2.01
david	0.37	1.50
studied	0.37	1.77
our	0.37	1.69
neat	0.37	3.41
technique	0.37	1.49
twelve	0.37	1.73
national	0.37	1.64
bang	0.37	1.79
calm	0.37	1.92
example	0.37	2.03
communicate	0.37	2.85
pound	0.37	1.73
scene	0.37	1.31
forehead	0.37	1.42
congrats	0.37	1.71
shout	0.37	1.87
radio	0.37	1.25
competition	0.37	1.76
goodbye	0.37	1.94
bought	0.37	1.70
res	0.37	2.17
tipping	0.37	1.49
5	0.38	1.76
filter	0.38	1.93
youtube	0.38	1.83
art	0.38	1.66
feminine	0.38	1.80
fap	0.38	1.78
u	0.38	2.16
dose	0.38	2.12
leads	0.38	1.68
pc	0.38	1.66
stable	0.38	1.87
direct	0.38	2.04
table	0.38	1.77
juice	0.38	1.54
generations	0.38	1.70
guise	0.38	1.64
rolling	0.38	1.69
flags	0.38	1.68
strength	0.39	1.72
dew	0.39	1.57
dating	0.39	2.25
dammit	0.39	2.16
excellent	0.39	2.11
fruit	0.39	1.51
smiley	0.39	2.01
tom	0.39	1.62
activities	0.39	1.74
trip	0.39	1.72
fist	0.39	1.63
black	0.39	1.44
bones	0.39	1.22
dear	0.39	2.16
occasional	0.39	1.85
dis	0.39	2.07
10	0.39	1.75
captain	0.40	1.45
artistic	0.40	1.77
owner	0.40	1.84
lad	0.40	1.56
match	0.40	1.50
fighting	0.40	1.62
hacker	0.40	1.71
water	0.40	1.37
club	0.40	1.54
received	0.40	2.02
hack	0.40	1.82
visited	0.40	1.92
masks	0.40	1.74
past	0.40	1.93
currency	0.40	1.68
apartment	0.40	1.65
begins	0.41	1.98
runs	0.41	2.04
house	0.41	1.63
results	0.41	1.85
blank	0.41	2.23
baby	0.41	1.78
woosh	0.41	1.96
meat	0.41	1.35
apology	0.41	1.76
assumption	0.41	2.78
glass	0.41	1.47
mates	0.41	1.54
cleavage	0.41	2.13
knock	0.41	1.80
laptop	0.41	1.77
presumably	0.41	2.07
dealer	0.41	1.73
described	0.41	3.43
color	0.41	1.40
agrees	0.41	3.54
metal	0.42	1.10
regularly	0.42	1.92
feeding	0.42	1.76
fashion	0.42	1.21
soul	0.42	1.48
americans	0.42	1.89
ryan	0.42	1.78
4	0.42	1.76
players	0.42	1.55
later	0.42	1.93
model	0.42	1.61
bringing	0.42	1.77
former	0.42	1.66
computers	0.42	2.06
jewish	0.42	1.47
gaming	0.42	1.62
redditor	0.42	1.91
grade	0.42	1.79
40	0.42	1.72
furry	0.42	1.38
horse	0.42	1.44
nailed	0.43	1.83
ur	0.43	2.07
medium	0.43	1.48
ball	0.43	1.55
heavy	0.43	1.54
per	0.43	1.74
lel	0.43	1.82
author	0.43	1.53
alike	0.43	1.53
hobby	0.43	1.69
advertise	0.43	1.94
kitty	0.43	1.99
poetry	0.43	1.43
play	0.43	1.68
obscure	0.43	1.62
piercings	0.43	1.52
10/10	0.43	1.74
7	0.43	1.75
sky	0.44	1.43
confederate	0.44	1.64
biggest	0.44	3.76
insert	0.44	1.87
heh	0.44	2.21
kevin	0.44	1.83
chipotle	0.44	1.68
y'know	0.44	1.87
sized	0.44	1.36
21st	0.44	1.54
navy	0.44	1.61
tag	0.44	2.28
dropped	0.44	1.58
providing	0.44	2.16
spelled	0.44	3.69
6	0.44	1.77
reads	0.44	1.92
normal	0.44	1.71
years	0.44	1.90
necessary	0.44	2.15
tools	0.44	2.10
cherry	0.45	1.48
invented	0.45	1.69
drink	0.45	1.45
tattoo	0.45	1.51
dig	0.45	1.81
pages	0.45	1.99
bucks	0.45	1.73
serving	0.45	1.49
waited	0.45	1.89
dragon	0.45	1.56
hip	0.45	1.39
dick	0.45	1.69
sun	0.45	1.42
computer	0.45	1.87
european	0.46	1.69
bottle	0.46	1.45
trade	0.46	1.86
combination	0.46	1.35
junk	0.46	1.56
ginger	0.46	1.74
led	0.46	1.58
coworker	0.46	2.02
plays	0.46	1.67
babe	0.46	2.06
novel	0.46	1.40
taxes	0.46	2.06
woman	0.46	2.11
fiction	0.46	1.36
balance	0.46	1.77
team	0.46	1.50
insurance	0.46	1.95
gangster	0.46	1.70
bright	0.46	1.42
pony	0.46	1.52
restaurant	0.46	1.70
crack	0.46	1.79
35	0.46	1.74
recommend	0.46	1.34
follows	0.46	2.07
pack	0.46	1.74
blowjob	0.47	1.85
excited	0.47	3.39
substance	0.47	2.04
after	0.47	2.01
workout	0.47	1.62
johnny	0.47	1.33
pls	0.47	2.41
hahahaha	0.47	2.40
underwear	0.47	1.58
played	0.47	1.68
picked	0.47	1.85
hook	0.47	1.67
classic	0.47	1.95
mike	0.47	1.71
brah	0.47	1.96
2nd	0.47	1.72
african	0.47	1.76
available	0.47	2.11
statements	0.47	2.56
kill	0.47	2.19
addicted	0.48	1.80
mine	0.48	2.01
wrapped	0.48	1.60
brief	0.48	1.95
wallet	0.48	1.59
ticket	0.48	1.91
clown	0.48	1.12
beard	0.48	1.72
whereas	0.48	1.81
flying	0.48	1.63
fetus	0.48	1.63
naturally	0.48	1.44
steve	0.48	1.56
congratulations	0.48	1.61
blue	0.48	1.43
dem	0.48	1.90
irony	0.48	2.79
luckily	0.49	2.05
shades	0.49	1.27
degrees	0.49	1.87
salt	0.49	1.49
trees	0.49	1.36
con	0.49	1.55
1st	0.49	1.69
plate	0.49	1.62
occasion	0.49	1.79
spent	0.49	1.87
wat	0.49	2.37
mustache	0.49	1.64
wrote	0.49	1.57
label	0.49	1.66
insult	0.49	2.35
sold	0.49	1.75
teams	0.49	1.50
girls	0.49	2.13
farm	0.49	1.51
ooh	0.49	1.97
children	0.50	1.50
turns	0.50	2.45
hop	0.50	1.37
app	0.50	2.17
sober	0.50	1.84
sport	0.50	1.60
cod	0.50	1.59
xbox	0.50	1.65
red	0.50	1.40
shoulders	0.50	1.72
hockey	0.50	1.53
goals	0.50	1.72
haha	0.50	2.86
belly	0.50	1.72
player	0.50	1.64
behalf	0.50	2.37
cocaine	0.50	1.77
comedy	0.50	1.45
backwards	0.50	1.84
hahaha	0.51	2.80
wizard	0.51	1.62
funniest	0.51	3.80
reminds	0.51	1.57
michael	0.51	1.54
anonymous	0.51	1.74
heroin	0.51	1.80
keys	0.51	1.91
socks	0.51	1.73
rise	0.51	1.60
mac	0.51	1.55
30	0.51	1.73
hella	0.51	2.11
dong	0.51	1.60
prime	0.51	1.83
indian	0.51	1.75
motherfucker	0.52	2.13
drove	0.52	1.91
cookie	0.52	1.43
drawn	0.52	1.67
record	0.52	1.53
display	0.52	1.90
wine	0.52	1.54
trucks	0.52	1.71
home	0.52	1.77
convention	0.52	1.50
improve	0.52	1.91
print	0.52	1.72
chris	0.52	1.53
replaced	0.52	1.77
drive	0.52	1.86
soccer	0.52	1.50
driving	0.52	1.85
replace	0.52	1.77
killer	0.52	1.81
bob	0.52	1.68
sleeping	0.52	1.77
owning	0.52	1.89
45	0.52	1.74
addict	0.52	1.76
butter	0.52	1.50
rich	0.52	1.75
tim	0.52	1.77
ultimate	0.52	1.90
candy	0.52	1.52
preferences	0.53	1.64
sayin	0.53	2.15
drivers	0.53	1.81
kiss	0.53	1.72
master	0.53	1.58
coke	0.53	1.58
light	0.53	1.54
brown	0.53	1.49
e.g	0.53	1.32
joint	0.53	1.68
perfectly	0.53	2.00
nevermind	0.53	2.85
windows	0.53	1.92
role	0.53	1.54
football	0.53	1.47
eyes	0.53	1.56
sooo	0.53	2.12
bowl	0.53	1.44
keyboard	0.53	1.94
ass	0.54	1.69
pink	0.54	1.45
seconds	0.54	1.86
permanently	0.54	1.63
mah	0.54	1.86
beers	0.54	1.57
sticker	0.54	1.64
inside	0.54	1.55
japan	0.54	1.57
burger	0.54	1.61
offer	0.54	2.08
vegetarian	0.54	1.85
logical	0.54	2.27
supposedly	0.54	1.75
diet	0.54	1.47
lawyer	0.54	1.68
18	0.55	1.78
permanent	0.55	1.65
grip	0.55	2.04
sports	0.55	1.59
remains	0.55	1.59
return	0.55	1.88
paying	0.55	2.00
core	0.55	1.70
bby	0.55	2.25
king	0.55	1.55
knight	0.55	1.64
bread	0.55	1.49
iphone	0.55	2.15
sir	0.55	1.90
tax	0.55	2.01
root	0.56	2.09
bae	0.56	2.14
legends	0.56	1.56
rob	0.56	1.64
cast	0.56	1.58
soda	0.56	1.41
protein	0.56	1.52
heaven	0.56	1.58
credit	0.56	1.83
lesson	0.56	2.42
checks	0.56	1.85
charlie	0.56	1.16
phone	0.56	2.07
loss	0.56	1.68
distance	0.56	1.96
months	0.56	1.88
station	0.57	1.57
nipple	0.57	1.54
cars	0.57	1.80
sane	0.57	1.91
burgers	0.57	1.59
joe	0.57	1.32
says	0.57	3.56
shes	0.57	2.27
patch	0.57	1.69
official	0.57	1.84
pleasure	0.57	1.61
juliet	0.57	1.82
ripped	0.57	1.62
third	0.57	1.79
gangsta	0.57	1.58
ahmed	0.57	1.77
events	0.57	1.70
green	0.57	1.42
yellow	0.57	1.49
orange	0.57	1.51
hence	0.57	2.09
married	0.58	1.78
automatic	0.58	1.99
reasonable	0.58	1.85
granted	0.58	1.87
supreme	0.58	1.44
busted	0.58	1.79
skin	0.58	1.44
harry	0.58	1.26
nick	0.58	1.63
reflection	0.58	1.84
neckbeard	0.58	1.59
rainbow	0.58	1.72
combat	0.58	1.64
explicitly	0.58	1.86
cats	0.58	1.49
drank	0.58	1.49
slap	0.58	1.96
fictional	0.58	1.31
grows	0.58	1.98
lbs	0.58	1.63
genitals	0.58	1.60
gained	0.58	1.47
drinks	0.58	1.49
stretch	0.58	1.76
angel	0.58	1.55
legend	0.58	1.77
fell	0.58	1.82
bills	0.59	1.87
stolen	0.59	1.84
brave	0.59	1.64
btw	0.59	2.44
bros	0.59	1.87
bed	0.59	1.69
friend	0.59	2.05
silver	0.59	1.60
bubble	0.59	1.85
20	0.59	1.75
recall	0.59	2.44
cock	0.59	1.44
kek	0.60	1.83
last	0.60	1.95
purple	0.60	1.43
string	0.60	2.47
alert	0.60	1.74
bass	0.60	1.67
pussy	0.60	1.97
ex	0.60	1.89
bedroom	0.60	1.68
food	0.60	1.52
asses	0.60	1.85
summer	0.60	1.54
age	0.61	1.72
thrown	0.61	1.91
budget	0.61	1.87
absolutely	0.61	2.87
fix	0.61	2.83
deep	0.61	1.77
wings	0.61	1.59
exercise	0.61	1.57
randomly	0.61	2.24
8	0.61	1.73
inches	0.61	1.58
paid	0.61	2.01
learned	0.61	2.29
egg	0.61	1.39
da	0.61	1.90
toast	0.61	1.67
hashtag	0.62	2.14
truck	0.62	1.74
earned	0.62	1.84
miscarriage	0.62	1.78
bruh	0.62	2.06
storm	0.62	1.33
according	0.62	2.28
his	0.62	1.71
roughly	0.62	2.01
dignity	0.62	1.72
book	0.62	1.44
boob	0.62	1.65
cash	0.62	1.59
minutes	0.62	1.85
stephen	0.62	1.46
sizes	0.62	1.53
forgot	0.62	2.90
mum	0.63	1.55
sheeple	0.63	1.53
april	0.63	1.69
boyfriend	0.63	2.01
paul	0.63	1.49
australian	0.63	2.09
design	0.63	1.61
pockets	0.63	1.68
hitler	0.63	1.56
benefits	0.63	1.90
25	0.63	1.75
shaped	0.63	1.71
box	0.63	1.51
contacts	0.63	1.94
every	0.63	1.91
van	0.63	1.55
gt	0.63	2.59
stone	0.64	1.54
rolled	0.64	1.80
15	0.64	1.75
cell	0.64	2.08
graphic	0.64	1.40
la	0.64	1.76
fantasy	0.64	1.33
winning	0.64	1.78
gold	0.64	1.99
pounds	0.64	1.66
hood	0.64	1.61
symbol	0.64	1.92
playing	0.64	1.64
naked	0.64	2.03
continues	0.64	2.03
bodies	0.64	1.40
pay	0.64	2.01
voice	0.64	1.63
dressing	0.64	1.85
sunny	0.64	1.48
vs	0.64	1.86
include	0.64	2.13
quantum	0.65	2.24
boyfriends	0.65	1.76
prior	0.65	1.85
repeat	0.65	1.91
sincerely	0.65	1.94
poem	0.65	1.48
artists	0.65	1.48
tree	0.65	1.74
couch	0.65	1.77
9	0.65	1.74
drinking	0.65	1.56
dreams	0.65	1.73
games	0.65	1.56
apart	0.65	1.83
chest	0.66	1.64
spend	0.66	1.83
ice	0.66	1.36
olds	0.66	1.75
scott	0.66	1.53
cuts	0.66	1.79
alcohol	0.66	1.72
flow	0.66	2.02
fellow	0.66	1.91
alex	0.66	1.66
development	0.66	1.72
whom	0.66	1.66
gives	0.66	2.51
pops	0.66	2.15
game	0.66	1.56
sometime	0.66	2.12
potter	0.66	1.23
atleast	0.66	1.87
plan	0.66	1.61
babies	0.67	1.53
bra	0.67	1.64
crazy	0.67	3.35
productive	0.67	2.16
jr	0.67	1.65
eye	0.67	1.44
12	0.67	1.75
worries	0.67	2.23
lmao	0.67	2.64
28	0.67	1.75
basketball	0.67	1.60
visiting	0.67	1.86
raping	0.67	1.65
shitty	0.67	2.15
calories	0.67	1.57
booty	0.68	1.84
29	0.68	1.73
24	0.68	1.75
news	0.68	1.68
arms	0.68	1.71
penises	0.68	1.66
detail	0.68	1.88
referencing	0.68	1.99
tan	0.68	1.44
uhh	0.68	2.86
irl	0.68	1.89
numbers	0.68	2.26
don	0.69	1.90
written	0.69	2.05
uniform	0.69	1.56
successful	0.69	1.67
hahah	0.69	2.36
invite	0.69	2.10
ray	0.69	1.50
girlfriend	0.69	2.03
dog	0.69	1.69
boss	0.69	1.86
comics	0.69	1.55
humble	0.69	1.88
warrior	0.69	1.92
bf	0.69	1.98
22	0.69	1.76
obese	0.69	1.78
mature	0.69	1.85
typing	0.69	2.81
extra	0.69	1.90
penis	0.69	1.61
parents	0.70	1.66
cooking	0.70	1.41
key	0.70	1.88
hardcore	0.70	1.45
cup	0.70	1.31
27	0.70	1.76
musician	0.70	1.82
germany	0.70	1.83
muscle	0.70	1.61
members	0.70	1.55
16	0.70	1.75
quirky	0.70	2.15
fawkes	0.70	1.76
pie	0.70	1.48
healthy	0.70	1.69
aimed	0.71	1.69
3rd	0.71	1.62
san	0.71	1.65
butt	0.71	1.73
basic	0.71	2.42
winner	0.71	1.55
32	0.71	1.65
13	0.71	1.75
cap	0.71	1.71
14	0.71	1.75
intensifies	0.71	1.79
26	0.71	1.75
ideas	0.71	2.47
year	0.71	1.78
21	0.71	1.75
aw	0.72	2.45
staff	0.72	1.76
wherever	0.72	2.20
username	0.72	2.31
11	0.72	1.75
tonight	0.72	2.14
swag	0.73	1.61
performance	0.73	1.41
describes	0.73	1.88
gta	0.73	1.66
closed	0.73	1.64
lol	0.73	2.64
toy	0.73	1.70
stoner	0.73	1.92
customer	0.73	1.62
reality	0.73	1.70
friendship	0.73	1.80
0	0.73	1.78
semen	0.73	1.41
frank	0.73	1.43
approve	0.73	1.93
colored	0.74	1.45
amateur	0.74	1.68
attractive	0.74	2.55
brings	0.74	2.08
slept	0.74	1.97
23	0.74	1.74
jeez	0.74	2.07
17	0.74	1.74
james	0.74	1.59
fought	0.74	1.75
marijuana	0.74	1.93
comedian	0.74	1.58
nights	0.74	1.78
feet	0.74	1.65
amirite	0.75	1.68
apologize	0.75	2.54
split	0.75	1.58
signed	0.75	1.56
rent	0.75	1.89
baseball	0.75	1.65
put	0.75	2.49
chicago	0.75	1.65
warm	0.75	1.39
killed	0.75	1.80
i.e	0.75	1.57
19	0.76	1.74
sandwich	0.76	1.53
hips	0.76	1.88
chocolate	0.76	1.56
double	0.76	1.87
week	0.76	1.98
repeated	0.76	2.38
professional	0.76	1.65
horror	0.76	1.47
convinced	0.76	3.12
gentleman	0.76	1.67
mask	0.76	1.78
admitting	0.76	2.81
mystery	0.76	1.53
cosplay	0.76	1.54
devil	0.77	1.65
eric	0.77	1.57
older	0.77	1.69
realizes	0.77	3.14
2010	0.77	1.62
ie	0.77	1.69
mentions	0.77	2.74
ghetto	0.77	1.76
quit	0.77	2.04
minded	0.77	1.68
lean	0.77	1.63
tat	0.77	1.95
sonic	0.78	1.32
speech	0.78	1.98
sticks	0.78	1.50
senpai	0.78	1.86
ron	0.78	1.59
dat	0.78	2.10
videos	0.78	1.68
holocaust	0.78	1.55
eating	0.78	1.45
pair	0.78	1.68
glorious	0.78	1.54
china	0.78	1.99
eaten	0.78	1.73
rational	0.78	2.04
era	0.78	1.60
zombie	0.79	1.43
chicken	0.79	1.52
beast	0.79	1.77
urban	0.79	2.09
crotch	0.79	1.55
dr	0.79	1.73
dicks	0.79	1.62
eat	0.79	1.47
trailer	0.79	1.27
category	0.80	2.05
concert	0.80	1.40
london	0.80	1.53
celebrity	0.80	1.69
tank	0.80	1.84
bold	0.80	1.81
dope	0.80	1.86
flesh	0.80	1.68
write	0.80	2.39
pimp	0.81	1.73
jacked	0.81	2.03
realizing	0.81	2.77
drugs	0.81	1.97
nerdy	0.81	1.91
silent	0.81	1.90
killing	0.81	1.73
favourite	0.81	3.23
hospital	0.81	1.59
snowflake	0.81	1.68
ate	0.81	1.52
opposed	0.81	1.71
booze	0.81	1.75
johnson	0.81	1.58
android	0.82	2.36
drew	0.82	1.61
2	0.82	1.92
hits	0.82	1.79
cute	0.83	3.56
7th	0.83	1.71
walks	0.83	2.54
laying	0.83	1.91
belt	0.83	1.80
chips	0.83	1.51
apps	0.83	2.36
pro	0.83	1.73
fries	0.84	1.54
pulls	0.84	2.37
ruined	0.84	1.33
cook	0.84	1.62
cheese	0.84	1.55
john	0.85	1.49
his/her	0.85	2.00
5th	0.85	1.80
raw	0.85	1.83
buried	0.85	1.67
24/7	0.85	2.04
boo	0.85	1.87
families	0.85	1.55
cowboy	0.85	1.77
whoops	0.85	2.83
caring	0.86	1.81
gf	0.86	2.08
greatest	0.86	3.29
scratch	0.86	1.88
cookies	0.86	1.52
ford	0.86	1.91
kisses	0.86	1.59
heritage	0.86	1.86
bonus	0.86	1.82
jim	0.86	1.52
abs	0.86	1.90
download	0.86	2.31
note	0.87	2.13
bits	0.87	1.51
gem	0.87	1.76
omg	0.87	2.15
cigarette	0.87	1.91
enlightened	0.87	1.86
meth	0.87	1.95
resume	0.87	1.84
hearts	0.87	1.86
drops	0.87	1.43
beach	0.87	1.72
wars	0.87	1.37
burns	0.88	1.56
mode	0.88	2.13
pocket	0.88	1.72
stole	0.88	1.74
asleep	0.88	1.82
breakfast	0.88	1.51
lay	0.88	1.87
blushes	0.88	1.56
slutty	0.88	2.10
hours	0.88	1.93
bike	0.88	1.76
titties	0.88	1.99
eggs	0.88	1.51
smooth	0.88	1.91
quiet	0.89	2.01
peter	0.89	1.59
copy	0.89	1.71
explains	0.89	2.01
falls	0.89	2.00
damn	0.89	3.58
days	0.89	1.95
moms	0.89	1.39
romantic	0.89	1.65
hobbies	0.90	1.73
body	0.90	1.65
tear	0.90	1.74
st	0.90	1.45
entertainment	0.90	1.68
legs	0.90	1.89
horses	0.90	1.54
league	0.90	1.64
honey	0.90	1.80
thick	0.90	1.69
tobacco	0.90	1.96
pokemon	0.91	1.42
famous	0.91	1.57
im	0.91	2.31
emoji	0.91	2.08
adam	0.91	1.45
bc	0.91	1.98
wicked	0.91	1.82
band	0.91	1.18
settings	0.91	2.21
dream	0.91	1.70
writer	0.91	1.58
yolo	0.91	2.12
primary	0.91	1.75
rant	0.91	2.09
insanity	0.92	2.24
mutual	0.92	1.75
cares	0.92	4.16
salad	0.92	1.54
stripper	0.92	1.71
planned	0.92	1.84
gave	0.92	2.43
nipples	0.92	1.78
missed	0.92	3.27
jk	0.93	2.33
member	0.93	1.58
distinction	0.93	2.81
weeks	0.93	1.91
wood	0.93	1.74
inch	0.93	1.67
trap	0.93	1.68
younger	0.93	1.72
added	0.93	2.40
adds	0.93	2.08
blunt	0.94	1.86
soo	0.94	2.08
pipe	0.94	1.89
necklace	0.94	1.71
star	0.94	1.30
cigarettes	0.94	2.03
robert	0.94	1.51
m'lady	0.94	1.73
smoke	0.94	1.99
smoking	0.95	2.05
chrome	0.95	2.37
interpretation	0.95	2.53
edgy	0.95	2.22
cheers	0.96	2.16
surprise	0.96	1.43
roommate	0.96	1.82
asks	0.96	3.23
ink	0.96	1.51
steak	0.96	1.50
ghost	0.96	1.54
bye	0.96	2.37
sauce	0.97	1.68
gear	0.97	1.49
beating	0.97	1.62
style	0.97	2.73
le	0.97	1.67
lights	0.97	1.50
cream	0.98	1.45
glasses	0.98	1.79
origin	0.98	2.40
smoked	0.98	2.00
knows	0.98	4.22
spare	0.99	1.77
mobile	0.99	2.54
end	0.99	2.77
grasp	0.99	2.88
emphasis	0.99	2.53
planning	0.99	1.92
shares	0.99	2.55
assumptions	0.99	2.79
intellectual	0.99	1.77
pot	0.99	1.95
comprehension	0.99	2.80
mlp	0.99	1.30
stroke	1.00	1.93
ppl	1.00	2.19
imaginary	1.00	1.53
gain	1.00	1.56
battle	1.00	1.74
singer	1.00	1.52
wake	1.00	1.50
pirate	1.01	1.51
euphoria	1.01	1.54
mexican	1.01	2.08
princess	1.01	1.81
george	1.01	1.51
fat	1.01	2.08
1	1.02	1.84
bow	1.02	1.68
weight	1.02	1.58
intellect	1.02	1.67
katy	1.02	1.73
son	1.02	1.69
pizza	1.02	1.52
shoes	1.02	1.81
dark	1.02	1.50
flowers	1.02	1.33
award	1.03	1.77
mommy	1.03	1.53
frozen	1.03	1.50
chick	1.03	2.37
yup	1.03	2.26
delicious	1.03	1.66
meeting	1.03	1.83
dutch	1.03	2.56
coffee	1.04	1.51
network	1.04	1.57
hour	1.04	1.87
muscles	1.04	1.80
wording	1.04	3.42
learn	1.04	3.18
pregnant	1.04	2.08
weed	1.04	2.01
beer	1.05	1.42
alcoholic	1.05	1.59
alien	1.05	1.94
tho	1.05	2.25
spends	1.06	2.15
romance	1.06	1.37
powers	1.06	1.46
weather	1.06	1.47
karma	1.07	2.18
irish	1.07	2.25
gap	1.07	1.69
new	1.07	1.61
doe	1.08	1.70
offended	1.08	3.29
showed	1.08	2.33
tap	1.08	1.93
speaking	1.08	2.64
sunglasses	1.08	1.75
tampon	1.08	1.93
memorial	1.09	1.73
banging	1.09	1.91
oops	1.09	2.84
kidding	1.09	3.67
actors	1.09	1.47
prefer	1.09	1.91
represents	1.09	2.11
adding	1.10	2.49
wow	1.10	3.66
american	1.10	2.17
hah	1.10	2.23
quote	1.10	1.84
pronounce	1.10	2.93
phones	1.10	2.09
nazi	1.10	2.06
mothers	1.11	1.54
fox	1.11	1.64
pants	1.11	1.79
placed	1.11	2.29
step	1.11	1.62
tip	1.11	1.68
blood	1.11	1.52
ha	1.12	2.64
grand	1.12	1.58
3	1.12	1.84
drug	1.12	2.07
rekt	1.12	1.74
al	1.13	1.72
convey	1.13	3.38
divorced	1.13	1.82
gentlemen	1.13	1.48
breasts	1.14	1.96
legit	1.14	3.29
soft	1.14	1.89
liking	1.14	2.14
printed	1.14	1.51
device	1.14	2.25
mario	1.14	1.57
thinks	1.15	4.16
asian	1.15	1.81
fitting	1.15	1.60
sugar	1.15	1.63
edited	1.15	2.89
loses	1.15	2.27
choosing	1.15	2.62
stream	1.15	1.53
neighbor	1.16	1.80
whose	1.16	1.57
dying	1.16	2.05
wins	1.16	2.51
ties	1.16	1.87
british	1.16	2.29
korean	1.17	2.13
flavor	1.17	1.48
winter	1.17	1.32
mexico	1.18	1.70
prom	1.18	1.77
russian	1.19	2.20
husband	1.19	1.96
taught	1.19	2.08
ninja	1.20	1.58
during	1.20	1.58
death	1.20	2.94
combo	1.21	1.78
leaves	1.21	1.98
chinese	1.21	2.15
gifts	1.21	1.94
v	1.22	1.86
daddy	1.23	1.75
paragraph	1.23	2.61
relative	1.23	1.78
describing	1.24	2.50
spoke	1.24	2.38
4th	1.24	1.80
wife	1.24	1.93
lose	1.24	1.76
pointed	1.24	2.93
clip	1.24	1.53
old	1.24	2.16
banana	1.24	1.81
application	1.24	2.39
bacon	1.24	1.53
ben	1.25	1.56
fun	1.25	3.27
strikes	1.25	1.95
divorce	1.25	1.58
patient	1.25	1.59
hollywood	1.25	1.39
mary	1.25	1.48
final	1.26	1.76
solution	1.26	3.42
ponies	1.26	1.38
girlfriends	1.26	1.83
sunday	1.26	1.69
meal	1.26	1.55
passed	1.26	1.81
points	1.26	2.33
accent	1.26	2.43
decent	1.26	2.08
confident	1.26	2.40
6th	1.26	1.79
actor	1.26	1.53
guys	1.26	3.32
shape	1.26	1.81
month	1.27	1.83
chubby	1.27	2.06
gentlesir	1.27	1.66
patrick	1.27	1.58
woke	1.27	1.83
my	1.28	1.96
boots	1.28	1.88
native	1.28	2.35
skinny	1.29	2.21
shirts	1.29	1.78
caps	1.29	2.35
characters	1.29	1.36
twilight	1.29	1.28
hero	1.30	1.75
thin	1.30	1.69
beauty	1.30	1.56
wants	1.31	4.24
card	1.31	1.70
comic	1.31	1.37
copypasta	1.32	2.08
casual	1.32	1.56
plot	1.32	1.98
stars	1.32	1.37
euphoric	1.32	1.79
wrestling	1.32	1.60
flash	1.33	1.47
brilliant	1.33	2.52
outfit	1.33	1.80
german	1.33	2.39
invited	1.33	1.96
potato	1.33	1.55
honor	1.33	1.59
tall	1.33	2.01
soooo	1.33	1.77
concerned	1.33	3.23
staying	1.33	1.73
properly	1.33	3.61
saturday	1.34	1.70
manga	1.34	1.37
smart	1.35	3.08
chicks	1.35	2.27
420	1.35	1.69
ladies	1.35	1.91
batman	1.35	1.83
proud	1.35	3.26
jeans	1.35	1.77
fedoras	1.36	1.70
fits	1.37	1.61
hats	1.37	1.82
cartoons	1.38	1.40
rice	1.38	1.67
rip	1.39	1.59
pointing	1.39	3.73
cards	1.39	1.64
gloves	1.39	1.84
add	1.40	2.85
coat	1.40	1.86
sword	1.40	1.59
refers	1.41	2.51
leather	1.41	1.91
t-shirt	1.41	1.87
shirt	1.41	1.87
daughter	1.41	1.97
jacket	1.42	1.87
hat	1.42	1.82
shorts	1.42	1.83
r	1.42	2.15
technically	1.42	4.19
italian	1.42	2.45
parties	1.43	1.98
trilby	1.44	1.63
misspelled	1.44	3.02
another	1.44	3.74
truly	1.44	2.76
loving	1.45	1.47
cool	1.45	3.39
named	1.45	1.92
tie	1.46	1.86
tips	1.46	1.75
ftfy	1.47	2.11
sister	1.47	2.04
dressed	1.47	1.72
unnecessary	1.47	3.26
minor	1.48	3.06
tea	1.48	1.57
coworkers	1.48	1.90
mother	1.49	2.08
translate	1.50	2.96
japanese	1.50	2.12
referred	1.50	2.54
supportive	1.50	2.19
formal	1.50	2.02
speak	1.50	2.78
rain	1.50	1.47
suit	1.51	1.89
form	1.51	2.61
hi	1.52	2.14
yea	1.52	3.71
fedora	1.52	1.73
xd	1.53	1.96
pasta	1.53	1.69
suits	1.53	1.92
spoken	1.53	2.64
commonly	1.54	2.88
video	1.54	1.55
porn	1.54	1.50
wear	1.55	1.93
idk	1.55	3.03
speaks	1.57	2.59
tight	1.57	1.62
languages	1.57	2.91
wearing	1.58	1.91
dads	1.58	1.93
daughters	1.58	1.73
wish	1.58	3.25
french	1.58	2.67
talks	1.59	3.93
tradition	1.59	1.54
huh	1.60	3.65
spanish	1.60	2.70
lady	1.60	1.74
puts	1.60	2.35
hotel	1.61	1.74
film	1.61	1.45
wore	1.61	1.87
losing	1.62	1.56
precious	1.62	1.56
season	1.62	1.50
rough	1.62	3.18
mom	1.63	2.07
costume	1.64	1.63
edit	1.64	3.41
morning	1.65	1.75
apologies	1.65	2.85
cartoon	1.66	1.49
sherlock	1.66	1.36
clarify	1.67	4.04
k	1.67	2.28
short	1.67	1.70
handsome	1.68	2.18
channel	1.68	1.58
close	1.68	3.12
x	1.69	1.88
night	1.69	1.82
sisters	1.69	2.05
speaker	1.69	2.80
p	1.70	2.30
refer	1.70	2.64
relatives	1.70	1.94
beginning	1.70	2.32
aha	1.70	2.22
anime	1.71	1.45
j	1.71	2.01
z	1.72	2.25
disney	1.72	1.54
sucks	1.72	2.45
quotes	1.72	2.23
describe	1.73	2.91
episode	1.74	1.39
blonde	1.74	1.66
vacation	1.75	1.89
mysterious	1.75	1.87
amp	1.77	2.12
character	1.77	1.44
worn	1.78	1.95
buddies	1.78	1.74
sees	1.79	3.98
bless	1.79	1.46
starting	1.79	2.67
referring	1.80	3.81
weekend	1.81	1.86
grave	1.82	1.71
drives	1.82	2.88
movies	1.83	1.39
h	1.83	2.15
n	1.83	2.11
g	1.83	2.30
dictionary	1.83	3.21
y	1.84	2.14
pillow	1.84	1.56
pronounced	1.85	2.60
lunch	1.85	1.68
valid	1.86	3.49
holds	1.86	2.09
illiterate	1.86	3.12
w	1.88	2.06
b	1.88	2.14
understandable	1.88	3.72
documentary	1.89	1.49
t	1.89	2.10
dress	1.89	1.77
blanket	1.89	1.92
ideal	1.89	2.78
cousin	1.89	2.24
formatting	1.89	3.39
simple	1.90	3.49
show	1.90	1.46
eats	1.91	1.76
halloween	1.92	1.58
shy	1.92	3.32
incorrectly	1.92	4.50
brother	1.93	2.25
father	1.93	2.19
finds	1.93	3.77
comeback	1.94	2.48
fixed	1.94	3.35
e	1.96	2.19
movie	1.96	1.42
friday	1.96	1.92
great	1.96	1.83
definitions	1.96	3.28
siblings	1.96	1.90
sincere	1.97	3.13
statement	1.97	3.92
intelligent	1.97	3.16
impressive	1.97	3.06
incredible	1.99	2.62
language	1.99	3.25
episodes	1.99	1.46
space	2.00	2.99
funeral	2.00	1.96
terms	2.00	2.92
tells	2.01	3.80
bug	2.01	3.29
perfect	2.02	1.81
hashtags	2.02	3.21
appropriate	2.04	2.95
english	2.04	3.10
television	2.04	1.44
dad	2.04	2.34
f	2.04	2.14
evening	2.04	1.58
marks	2.04	3.39
l	2.06	2.08
latin	2.06	3.31
family	2.06	2.10
sons	2.07	1.90
c	2.08	2.16
o	2.08	2.16
story	2.11	2.68
party	2.12	1.97
likes	2.13	3.86
series	2.13	1.39
cousins	2.13	2.28
supports	2.14	3.22
meme	2.14	2.65
appreciate	2.15	2.45
artist	2.15	2.53
beats	2.16	2.87
term	2.16	3.07
se	2.17	1.92
mark	2.17	3.10
adventure	2.17	1.34
plus	2.18	3.16
wedding	2.19	1.69
talented	2.20	2.48
main	2.20	2.87
helpful	2.20	3.10
de	2.22	1.67
aunt	2.24	2.37
netflix	2.24	1.48
tv	2.25	1.49
won	2.26	3.05
overall	2.26	2.34
drawing	2.26	2.43
die	2.26	3.14
phrases	2.28	3.43
grandmother	2.29	2.45
grandparents	2.29	2.07
manly	2.31	3.21
unique	2.32	2.50
period	2.33	3.05
structure	2.33	3.41
slang	2.34	3.32
hot	2.35	3.12
smokes	2.35	3.58
pays	2.36	3.60
uncle	2.36	2.44
genius	2.39	2.36
mistake	2.39	4.21
grandpa	2.40	2.22
ouch	2.40	2.47
indicate	2.40	3.79
owns	2.41	3.44
ugly	2.41	2.87
definition	2.41	3.94
doge	2.41	2.44
spell	2.44	4.31
memory	2.46	2.57
dinner	2.46	2.04
vocabulary	2.47	3.47
nazis	2.47	3.82
told	2.48	3.02
ho	2.48	2.96
again	2.48	3.52
periods	2.50	3.45
friendzone	2.50	2.67
letter	2.51	2.78
capital	2.51	2.76
dresses	2.52	3.19
mistakes	2.54	4.18
enjoyed	2.57	2.28
polite	2.57	3.01
shows	2.57	1.42
closest	2.57	2.90
watch	2.58	1.42
enjoys	2.59	3.30
win	2.60	3.05
using	2.61	3.97
bring	2.62	3.30
errors	2.65	4.36
watching	2.67	1.41
corrected	2.67	4.24
typo	2.68	4.24
calls	2.69	3.41
letters	2.70	3.24
literal	2.72	3.79
grammar	2.72	4.24
neutral	2.73	3.24
alive	2.73	2.91
correcting	2.73	4.30
error	2.74	4.37
spelling	2.75	4.40
call	2.76	3.22
grateful	2.76	2.34
tough	2.78	2.82
commas	2.79	4.19
incorrect	2.81	4.41
autocorrect	2.81	4.04
phrase	2.81	3.89
dead	2.82	3.04
wonderful	2.83	1.99
translation	2.85	3.85
used	2.86	3.85
joy	2.86	2.69
meaning	2.87	4.00
respectful	2.88	3.01
waifu	2.88	2.67
wears	2.90	3.16
twist	2.90	3.23
correctly	2.90	4.15
liked	2.92	3.04
merry	2.92	3.32
favorite	2.93	2.37
sentences	2.94	3.98
present	2.95	2.70
boobs	2.95	3.20
sentence	2.95	4.11
epic	2.95	2.67
auto	2.96	3.91
beat	2.96	2.62
tits	2.97	3.20
thesaurus	2.97	3.93
maker	2.98	2.75
ruining	2.98	2.60
comma	3.00	4.19
beautiful	3.02	2.06
punctuation	3.02	4.35
charming	3.03	2.81
watches	3.03	3.00
sweet	3.05	3.23
holidays	3.06	3.23
christmas	3.06	3.24
dies	3.08	2.99
word	3.08	4.16
usage	3.09	4.24
sexy	3.09	2.91
words	3.14	4.19
solid	3.17	2.24
fancy	3.20	2.23
badass	3.22	3.22
use	3.22	4.09
lost	3.22	2.54
grandma	3.25	3.16
robin	3.27	2.72
proper	3.28	3.88
uses	3.29	3.40
sans	3.29	2.31
classy	3.29	2.71
died	3.32	3.21
heart	3.34	2.56
random	3.39	3.04
fall	3.46	2.93
santa	3.48	3.00
gift	3.49	2.98
virginity	3.50	2.50
yay	3.50	2.57
comfortable	3.51	2.86
grandfather	3.52	3.17
ending	3.52	2.41
day	3.53	2.94
spork	3.54	3.00
brothers	3.55	3.16
penguin	3.56	3.01
plans	3.65	2.72
fathers	3.68	2.82
holiday	3.69	3.16
hehe	3.69	2.64
watched	3.70	2.39
wishes	3.71	2.40
pleasant	3.73	2.67
gorgeous	3.74	2.16
waffles	3.75	3.05
cake	3.78	2.84
lt	3.89	2.94
birthday	3.89	3.14
celebrate	3.89	3.11
lovely	4.01	1.82
friendly	4.14	2.77
props	4.28	2.01
tomorrow	4.68	2.72
enjoy	4.74	1.52
