pisses	-5.16	1.48
complained	-4.80	1.95
fucks	-4.66	1.34
wonky	-4.61	2.37
crappy	-4.60	2.39
dirty	-4.60	1.87
shitty	-4.59	2.32
scum	-4.59	1.59
pathetic	-4.58	1.36
suck	-4.49	1.67
outskirts	-4.40	2.34
bad	-4.38	1.76
fucked	-4.36	1.64
messed	-4.31	2.08
tryhards	-4.29	2.21
tomb	-4.22	2.99
nightmare	-4.11	1.73
wears	-4.10	2.98
screw	-4.09	1.39
mail	-4.07	2.64
lag	-4.02	2.48
netcode	-4.02	2.49
laggy	-4.01	2.40
unplayable	-4.00	2.54
likes	-3.99	2.91
angry	-3.97	2.45
hitboxes	-3.95	2.46
piss	-3.94	1.46
assholes	-3.92	2.00
sending	-3.90	2.42
exception	-3.86	2.21
hatemail	-3.85	2.43
2.0	-3.81	2.57
latency	-3.79	2.18
vice	-3.79	3.33
damned	-3.77	1.85
bullshit	-3.76	1.85
complain	-3.73	2.10
butthurt	-3.73	2.13
ugh	-3.71	1.78
everybody	-3.70	2.78
send	-3.70	2.68
belong	-3.70	2.49
lagstabs	-3.69	2.09
issues	-3.69	2.52
sorts	-3.68	2.37
garbage	-3.64	2.29
mess	-3.60	1.93
p2p	-3.59	2.12
called	-3.56	2.07
hitbox	-3.50	2.05
connection	-3.44	2.08
poor	-3.44	2.42
pissed	-3.44	2.43
dicks	-3.44	1.28
detection	-3.41	2.12
train	-3.38	2.19
inconsistent	-3.37	2.18
rage	-3.37	2.32
known	-3.36	2.22
dumb	-3.34	1.75
connections	-3.34	2.08
lagging	-3.34	1.94
possibly	-3.33	2.37
decides	-3.32	2.96
boxes	-3.32	1.99
worse	-3.31	2.32
bothers	-3.29	2.06
calling	-3.29	1.01
mouth	-3.27	3.14
encounter	-3.26	2.56
lazy	-3.23	2.09
scenario	-3.19	2.58
shits	-3.19	2.28
annoys	-3.17	1.72
ugly	-3.16	2.36
beats	-3.14	2.39
salty	-3.13	2.27
aka	-3.11	2.19
bland	-3.09	2.23
ping	-3.09	2.05
cares	-3.08	3.11
internet	-3.06	1.93
understood	-3.05	2.39
surprise	-2.98	2.96
whatnot	-2.97	1.54
unlucky	-2.97	2.00
screwed	-2.97	1.94
those	-2.93	2.79
awkward	-2.92	2.17
trash	-2.90	2.33
occasional	-2.88	1.84
connecting	-2.87	1.90
thinks	-2.86	3.35
stabs	-2.80	1.90
hurts	-2.79	0.88
stupid	-2.78	2.15
ignorant	-2.78	1.13
meh	-2.78	2.15
upset	-2.78	2.70
gaming	-2.78	2.54
salt	-2.76	2.68
flawed	-2.71	2.83
among	-2.71	2.11
knows	-2.69	3.35
douche	-2.69	1.00
sends	-2.69	1.72
wrecked	-2.67	0.99
wants	-2.65	3.34
scumbag	-2.65	0.73
servers	-2.64	1.86
absurd	-2.63	2.46
dream	-2.63	2.18
idiots	-2.62	1.29
pussy	-2.59	1.30
deadly	-2.58	2.58
annoyed	-2.57	2.45
rushed	-2.55	1.61
entitled	-2.55	0.98
server	-2.55	1.77
arguing	-2.53	3.06
plays	-2.53	2.73
asshole	-2.52	1.02
monster	-2.51	2.45
dick	-2.48	1.07
ignore	-2.48	1.10
disagree	-2.46	2.78
rid	-2.45	1.09
sent	-2.44	1.98
jerk	-2.43	0.73
wreck	-2.42	1.17
general	-2.42	2.74
suggesting	-2.39	3.33
message	-2.37	1.90
horses	-2.36	1.19
network	-2.36	1.77
resort	-2.35	0.92
bs	-2.34	1.46
lying	-2.33	3.69
ignored	-2.33	1.49
broken	-2.32	1.59
fuckers	-2.32	1.77
cheesy	-2.31	1.14
tryhard	-2.31	1.02
retarded	-2.30	2.07
nobody	-2.27	2.30
gankers	-2.26	1.34
cheap	-2.25	1.26
proper	-2.24	2.45
who	-2.23	2.26
receiving	-2.23	1.44
destroyed	-2.22	1.12
messages	-2.21	1.73
scummy	-2.21	0.97
saying	-2.20	3.52
mediocre	-2.17	2.57
net	-2.17	1.71
weird	-2.16	2.37
matchmaking	-2.16	1.72
afterwards	-2.14	2.02
idiot	-2.14	1.98
teleport	-2.13	1.58
worthless	-2.13	1.51
handled	-2.13	0.96
calls	-2.13	1.64
goddamn	-2.13	2.11
complaining	-2.12	1.25
whine	-2.11	1.36
confused	-2.11	2.84
trolls	-2.10	1.15
pain	-2.09	0.91
port	-2.07	1.73
connect	-2.07	1.58
bag	-2.06	1.08
everyone	-2.06	1.99
boring	-2.06	1.62
pulled	-2.05	0.91
dislike	-2.04	2.05
nonsense	-2.04	1.29
mad	-2.03	1.46
blown	-2.02	1.22
uses	-2.02	2.02
fuck	-2.00	2.34
re	-1.99	3.57
prepared	-1.99	2.62
telling	-1.98	1.51
ice	-1.98	1.16
pointless	-1.98	1.45
paired	-1.98	1.58
simply	-1.97	3.75
ports	-1.97	1.58
murdered	-1.97	1.04
problems	-1.97	1.67
bugged	-1.96	1.62
crutch	-1.96	1.13
call	-1.95	1.01
receive	-1.94	1.91
destroys	-1.93	1.05
suffering	-1.92	1.09
connected	-1.91	1.50
router	-1.90	1.51
fixing	-1.89	1.72
stabbing	-1.89	1.51
disconnected	-1.88	1.12
complaints	-1.88	0.77
trolling	-1.88	1.23
lacking	-1.88	2.35
scrubs	-1.88	1.29
justify	-1.88	0.87
messaged	-1.87	1.74
breaker	-1.86	1.70
blame	-1.86	0.73
deserved	-1.85	0.99
bugs	-1.85	1.77
havelyns	-1.82	1.33
causing	-1.82	1.54
due	-1.81	1.67
dull	-1.79	1.49
gfwl	-1.79	1.67
pile	-1.78	1.35
fool	-1.77	1.05
australia	-1.76	1.55
havelmages	-1.76	1.27
butt	-1.76	0.89
bitching	-1.75	1.19
email	-1.75	1.88
complete	-1.75	1.35
havelmonsters	-1.74	1.24
invincible	-1.74	1.55
frozen	-1.74	1.12
innocent	-1.74	1.27
sucked	-1.73	2.58
extreme	-1.72	1.62
immune	-1.72	1.53
tired	-1.72	1.93
kicked	-1.72	1.02
shenanigans	-1.72	1.58
frustrated	-1.72	2.15
silk	-1.71	1.74
service	-1.71	1.31
pierce	-1.71	1.62
lame	-1.71	1.63
backstabbing	-1.70	1.36
dishonorable	-1.69	0.89
loses	-1.68	2.17
issue	-1.67	1.55
private	-1.67	1.54
passage	-1.67	0.94
sees	-1.67	3.21
remind	-1.67	0.97
face	-1.66	0.92
disconnect	-1.65	1.33
missing	-1.65	3.16
expects	-1.65	3.22
whining	-1.64	1.20
backstabs	-1.62	1.37
cheese	-1.62	1.19
backstab	-1.62	1.36
disappointing	-1.62	2.32
fishing	-1.61	1.33
shotel	-1.61	1.74
loyce	-1.61	1.22
dogs	-1.60	1.64
insane	-1.60	2.25
squads	-1.60	1.14
ass	-1.60	1.08
eleum	-1.60	1.13
useless	-1.60	1.56
received	-1.59	1.74
mummies	-1.59	1.68
downvoting	-1.59	1.38
hostile	-1.59	0.94
these	-1.58	1.20
unnecessary	-1.58	1.45
matching	-1.58	1.43
tied	-1.58	1.28
ourselves	-1.58	0.81
finds	-1.57	3.19
guessing	-1.55	2.95
exploding	-1.54	1.60
absolute	-1.53	2.35
overleveled	-1.53	1.07
balancing	-1.53	1.50
dudes	-1.53	1.68
chuggers	-1.52	1.21
act	-1.52	0.97
range	-1.52	1.68
request	-1.52	1.96
caused	-1.52	1.46
ranges	-1.52	1.50
kids	-1.51	1.08
sits	-1.51	1.66
moments	-1.51	2.26
badly	-1.51	1.16
backstabbed	-1.50	1.06
irrelevant	-1.50	1.30
silly	-1.50	2.17
disappointed	-1.50	3.07
fishers	-1.49	1.25
bastards	-1.49	1.72
acts	-1.49	0.82
unfair	-1.49	1.37
someone	-1.46	1.33
somebody	-1.46	1.32
causes	-1.46	1.46
spams	-1.46	1.72
charred	-1.45	1.16
strange	-1.45	2.20
victim	-1.45	1.04
devastating	-1.44	1.26
caught	-1.43	1.05
ignoring	-1.43	1.57
snow	-1.43	0.99
shocked	-1.43	3.15
framerate	-1.43	1.50
he	-1.43	1.23
crying	-1.42	1.43
shame	-1.42	2.73
unbalanced	-1.42	1.17
whoever	-1.42	1.35
management	-1.42	1.37
drunk	-1.42	1.08
desperate	-1.41	2.03
bored	-1.41	1.97
sometimes	-1.41	1.62
tactics	-1.41	0.87
squad	-1.41	1.08
intentional	-1.41	1.31
sen	-1.41	1.68
confusing	-1.41	2.19
ruined	-1.40	1.00
piercing	-1.40	1.58
suggested	-1.40	0.96
minimal	-1.40	1.78
fault	-1.39	1.19
box	-1.39	1.40
tricky	-1.39	1.42
thinking	-1.39	3.08
huge	-1.38	1.69
kinds	-1.38	1.08
bug	-1.37	1.56
cheater	-1.37	0.76
solve	-1.37	1.39
tracking	-1.37	1.74
clothes	-1.36	0.82
messing	-1.36	1.16
kicks	-1.36	0.98
cheesed	-1.35	0.92
balls	-1.35	1.47
generic	-1.35	1.75
experienced	-1.34	0.80
ganks	-1.34	1.10
2v1	-1.34	1.03
address	-1.34	1.23
truck	-1.34	1.52
disconnecting	-1.34	1.15
else	-1.33	1.92
cry	-1.33	1.55
bitch	-1.33	1.43
street	-1.33	0.89
wrecks	-1.33	1.14
safety	-1.33	1.32
stop	-1.32	1.15
kicking	-1.32	0.73
implemented	-1.32	0.94
biggest	-1.30	2.63
rude	-1.30	1.19
deserve	-1.29	0.74
excited	-1.29	3.22
downvotes	-1.29	1.23
ridiculous	-1.28	2.18
fix	-1.26	1.57
people	-1.26	0.91
anybody	-1.26	1.51
decent	-1.26	2.47
agree	-1.25	3.48
delay	-1.25	1.46
two	-1.24	1.46
children	-1.24	0.94
trivial	-1.24	1.37
wet	-1.24	0.84
told	-1.24	1.36
exceptions	-1.23	1.17
reported	-1.23	0.83
stands	-1.23	1.80
three	-1.23	1.42
3v1	-1.22	1.00
spikes	-1.22	1.24
complicated	-1.22	1.32
teeth	-1.22	0.86
being	-1.22	1.05
playable	-1.21	1.38
scrub	-1.21	1.18
controls	-1.21	1.60
instances	-1.20	1.13
skin	-1.20	1.14
log	-1.19	1.09
saints	-1.19	0.95
matches	-1.19	1.41
changed	-1.18	1.20
shut	-1.18	1.04
faces	-1.18	1.10
overpowered	-1.17	1.26
dies	-1.17	1.67
code	-1.17	1.32
crits	-1.17	1.18
girlfriend	-1.17	0.86
crush	-1.16	0.81
cookie	-1.16	0.91
handful	-1.16	1.31
occasionally	-1.16	1.29
trust	-1.15	0.73
tons	-1.15	0.98
fucker	-1.15	1.38
excuse	-1.15	1.76
painful	-1.15	2.07
spike	-1.15	1.35
me	-1.15	1.47
one-shot	-1.14	0.79
extended	-1.14	1.51
keyboard	-1.13	1.34
negate	-1.13	0.95
invades	-1.13	1.10
wearing	-1.13	0.95
dedicated	-1.13	1.13
solved	-1.13	1.22
empty	-1.12	1.07
eyes	-1.12	0.83
ganked	-1.12	0.72
constant	-1.12	0.88
sarcastic	-1.11	1.28
havelyn	-1.11	0.90
sucks	-1.11	2.27
bunch	-1.11	1.25
occur	-1.11	1.28
convoluted	-1.10	0.86
underwhelming	-1.10	1.46
some	-1.09	1.06
experiencing	-1.09	1.36
peasant	-1.09	0.72
ash	-1.09	1.15
cheesing	-1.09	0.85
walks	-1.09	1.18
fish	-1.09	1.15
honor	-1.09	1.35
crack	-1.08	1.25
stab	-1.08	1.08
referred	-1.07	0.83
ripostes	-1.07	1.17
defending	-1.07	0.90
crap	-1.07	1.52
massive	-1.06	1.79
desire	-1.06	0.83
justice	-1.06	0.84
aside	-1.06	1.19
stretch	-1.06	1.29
criticals	-1.05	1.12
cheaters	-1.05	0.78
self	-1.05	1.18
troll	-1.05	1.20
filled	-1.05	1.04
hair	-1.04	1.10
wrecking	-1.04	0.74
avoided	-1.04	1.08
report	-1.04	1.17
afraid	-1.04	2.30
sake	-1.04	0.70
wandering	-1.04	0.88
associated	-1.03	0.74
population	-1.03	0.78
noob	-1.03	0.99
fixes	-1.02	1.45
arbitrary	-1.02	1.33
giants	-1.02	0.89
respond	-1.02	1.47
fortress	-1.02	1.46
finger	-1.02	1.03
hyped	-1.02	2.26
ambush	-1.02	0.82
ruins	-1.01	1.16
everywhere	-1.01	0.95
quit	-1.01	0.96
foe	-1.01	0.79
damaged	-1.01	0.84
meeting	-1.01	0.81
abusing	-1.00	0.98
lake	-1.00	1.32
connects	-1.00	0.71
fixed	-1.00	1.42
whom	-0.99	0.71
lots	-0.99	0.95
insult	-0.99	1.11
random	-0.99	1.31
hollows	-0.99	1.29
dps	-0.99	1.56
gg	-0.99	1.92
bigger	-0.99	1.48
head	-0.99	0.94
smart	-0.99	1.21
discuss	-0.98	1.09
wore	-0.98	0.97
minor	-0.98	1.27
gimmick	-0.98	1.19
unrelated	-0.98	1.37
taunt	-0.98	1.26
anger	-0.98	1.20
negligible	-0.97	1.27
following	-0.97	1.31
triple	-0.97	0.86
big	-0.97	1.20
hurt	-0.97	0.91
group	-0.97	0.65
arms	-0.97	1.04
lure	-0.97	1.15
repeatedly	-0.97	0.72
annoying	-0.96	1.50
concern	-0.96	1.11
tricks	-0.96	0.87
crushed	-0.96	0.67
mixed	-0.96	1.01
fighter	-0.96	0.75
frustration	-0.95	1.01
clean	-0.95	1.23
ogres	-0.95	1.17
blocked	-0.94	1.14
havelmonster	-0.94	0.70
dog	-0.94	0.89
continues	-0.94	1.06
flaming	-0.94	1.00
ohko	-0.94	0.99
ip	-0.94	1.19
follow	-0.94	1.24
advantages	-0.94	1.27
earth	-0.93	0.86
named	-0.93	0.76
former	-0.93	1.03
ensure	-0.93	1.02
amusing	-0.93	2.26
experimenting	-0.93	0.86
person	-0.92	0.97
hosts	-0.92	0.64
dagger	-0.92	1.02
kick	-0.92	0.69
related	-0.92	0.83
multiplayer	-0.92	1.25
sort	-0.92	1.42
stabbed	-0.91	0.71
artificial	-0.91	1.04
ivory	-0.91	1.21
tattoo	-0.91	1.06
downvote	-0.91	1.24
e.g	-0.91	0.87
shotting	-0.91	0.73
by	-0.91	0.96
zombies	-0.91	1.54
while	-0.90	1.15
shotted	-0.90	0.67
town	-0.90	1.24
users	-0.90	0.74
region	-0.90	1.19
proud	-0.90	3.35
animations	-0.90	1.40
touching	-0.89	0.79
fake	-0.89	1.22
sick	-0.89	2.10
impossible	-0.89	1.55
riposte	-0.89	1.09
extent	-0.89	1.27
offline	-0.89	0.79
rules	-0.89	1.24
part	-0.89	2.79
smashed	-0.88	0.85
matched	-0.88	0.99
high	-0.88	1.85
slight	-0.88	1.26
flow	-0.88	1.14
whilst	-0.88	1.18
memory	-0.88	1.07
brackets	-0.88	1.11
anyone	-0.87	1.23
worrying	-0.87	1.41
oneshot	-0.87	0.89
smough	-0.87	1.13
ganking	-0.87	0.73
about	-0.87	1.06
ideal	-0.87	2.77
tears	-0.87	1.75
spammers	-0.87	0.84
window	-0.87	1.18
plug	-0.87	1.06
tiers	-0.87	1.11
wide	-0.86	1.24
against	-0.86	0.68
zombie	-0.86	1.26
pulling	-0.86	0.71
reporting	-0.86	0.92
mobs	-0.85	0.98
amounts	-0.85	1.34
powered	-0.85	1.06
players	-0.85	0.47
reduced	-0.85	1.30
noobs	-0.85	0.48
complaint	-0.85	0.89
londo	-0.85	1.40
dependent	-0.85	1.25
playerbase	-0.85	0.94
izalith	-0.85	1.15
return	-0.85	1.30
explosion	-0.84	0.96
constantly	-0.84	0.91
depths	-0.84	1.43
weak	-0.84	1.30
reverse	-0.84	0.77
anor	-0.84	1.38
punching	-0.83	0.78
etiquette	-0.83	1.10
gank	-0.83	0.77
mob	-0.83	0.93
dealing	-0.83	1.02
joy	-0.82	1.06
instead	-0.82	1.37
interactions	-0.82	1.16
mundane	-0.82	1.01
destroy	-0.82	0.88
painted	-0.82	1.34
pm	-0.81	1.64
adjust	-0.81	1.10
guardians	-0.81	0.80
blew	-0.81	0.99
versa	-0.81	0.96
sm	-0.81	1.04
obnoxious	-0.80	1.22
result	-0.80	0.87
capra	-0.80	1.17
men	-0.80	0.82
catch	-0.80	1.04
other	-0.80	1.17
system	-0.80	1.16
player	-0.80	0.59
quelaag	-0.80	1.20
friend	-0.80	1.27
deliver	-0.79	0.78
degree	-0.79	1.16
situations	-0.79	1.20
significant	-0.79	1.36
destroying	-0.79	0.79
wider	-0.79	1.36
deserves	-0.79	0.86
removing	-0.78	0.93
flaws	-0.78	1.17
laugh	-0.78	2.38
spoiled	-0.78	2.03
stole	-0.78	0.87
regarding	-0.78	0.83
prevent	-0.78	0.80
laptop	-0.77	1.02
barrel	-0.77	0.90
both	-0.77	1.19
small	-0.77	1.24
pinwheel	-0.77	1.18
stress	-0.77	0.99
extend	-0.77	1.15
has	-0.77	0.98
loads	-0.77	0.86
easiest	-0.76	2.89
carries	-0.76	0.63
bypass	-0.76	0.84
lives	-0.76	0.48
technical	-0.76	1.48
banana	-0.76	0.90
problem	-0.76	1.24
control	-0.76	1.15
differences	-0.76	1.17
large	-0.75	1.22
incoming	-0.75	1.19
keep	-0.75	1.10
without	-0.75	1.10
tier	-0.75	1.03
vast	-0.75	0.91
versus	-0.75	0.80
guardbreak	-0.74	0.96
major	-0.74	1.25
via	-0.74	0.81
shift	-0.74	1.28
apparent	-0.74	1.08
estoc	-0.74	1.06
respect	-0.74	0.55
talks	-0.74	2.73
surrounded	-0.73	0.70
checks	-0.73	1.07
keeps	-0.73	1.15
reality	-0.73	0.77
understandable	-0.73	0.94
killed	-0.73	0.67
kept	-0.73	1.02
rapier	-0.73	0.93
rats	-0.73	0.96
incorrect	-0.73	3.93
drink	-0.72	1.00
rule	-0.72	1.12
explode	-0.72	0.94
host	-0.72	0.52
needs	-0.72	1.10
creator	-0.72	1.02
breaks	-0.72	1.01
tactic	-0.72	0.92
forgetting	-0.72	1.46
primordial	-0.71	0.94
illusory	-0.71	0.86
noticeable	-0.71	1.14
stunlocking	-0.71	0.91
hardest	-0.71	2.67
flavor	-0.71	1.27
late	-0.71	1.63
n	-0.71	1.70
consistent	-0.71	1.55
understand	-0.70	1.31
computer	-0.70	1.14
memories	-0.70	0.92
worlds	-0.70	0.94
laying	-0.70	1.04
coupled	-0.70	1.51
crit	-0.70	1.33
suffer	-0.70	0.87
mentioning	-0.70	1.41
respectively	-0.69	1.13
prevents	-0.69	0.76
darkdrift	-0.69	1.06
bans	-0.69	0.81
himself	-0.69	0.78
few	-0.69	0.94
landing	-0.69	0.91
vac	-0.69	0.82
gamers	-0.69	0.81
outclassed	-0.68	1.45
mode	-0.68	0.81
consoles	-0.68	1.02
thrown	-0.68	1.08
barrels	-0.68	0.89
textures	-0.68	1.15
favor	-0.68	0.73
valve	-0.68	0.88
preventing	-0.68	0.75
breaking	-0.68	0.98
exists	-0.67	0.92
false	-0.67	3.69
sleep	-0.67	1.40
838	-0.67	0.75
bellkeeper	-0.67	0.69
twinking	-0.67	0.86
mandatory	-0.67	1.04
implement	-0.67	1.13
pride	-0.67	0.99
linear	-0.67	1.22
turtling	-0.67	0.85
multiple	-0.67	0.96
reds	-0.67	0.73
combination	-0.67	1.76
harsh	-0.66	1.32
steam	-0.66	1.05
knocked	-0.66	0.60
bracket	-0.66	0.98
honour	-0.66	0.87
reduce	-0.66	1.52
movements	-0.66	1.15
turtles	-0.66	1.03
dukes	-0.66	1.01
restrictions	-0.66	1.07
pvpers	-0.65	0.74
nerfing	-0.65	0.97
contact	-0.65	1.07
working	-0.65	1.20
aava	-0.65	0.97
devs	-0.65	0.99
frame	-0.65	1.06
counters	-0.65	0.95
blow	-0.65	0.78
changing	-0.65	1.05
compete	-0.65	0.90
tiny	-0.65	1.22
necessary	-0.65	1.09
spacing	-0.65	1.14
strongly	-0.65	0.72
several	-0.65	0.94
meanwhile	-0.64	0.89
mini	-0.64	0.71
ratbro	-0.64	0.80
subjective	-0.64	1.56
minority	-0.64	0.57
critical	-0.64	1.34
gang	-0.64	0.67
contribute	-0.64	0.90
invaders	-0.64	0.64
endless	-0.64	0.71
countered	-0.64	0.91
smashing	-0.64	0.81
abuse	-0.64	0.86
interaction	-0.63	0.96
frustrating	-0.63	1.46
community	-0.63	0.83
size	-0.63	1.10
removed	-0.63	0.91
improvements	-0.63	1.25
faced	-0.63	0.93
mistaken	-0.63	3.45
many	-0.62	0.93
holds	-0.62	0.71
santiers	-0.62	0.83
4	-0.62	0.90
console	-0.62	1.00
pokes	-0.62	0.92
blows	-0.62	0.76
discussing	-0.62	1.09
beyond	-0.62	0.94
dress	-0.62	0.87
war	-0.61	1.03
fairness	-0.61	1.13
remove	-0.61	0.94
defend	-0.61	0.65
follows	-0.61	0.57
havels	-0.61	0.79
happens	-0.61	1.07
start	-0.61	1.11
kaathe	-0.61	0.99
arguably	-0.61	2.76
amp	-0.61	1.32
4-5	-0.61	0.91
bellbro	-0.61	0.61
comparable	-0.61	1.56
sol	-0.61	0.67
consumed	-0.61	0.79
trigger	-0.60	0.92
mentality	-0.60	0.73
eats	-0.60	0.74
developers	-0.60	0.98
flaw	-0.60	0.98
movement	-0.60	1.22
randomly	-0.60	0.69
voted	-0.60	1.12
santier	-0.60	0.83
invaded	-0.60	0.55
15m	-0.60	0.93
living	-0.60	0.87
between	-0.60	1.06
sl200	-0.60	0.83
strikes	-0.60	0.91
him	-0.60	0.74
creature	-0.60	1.32
loss	-0.59	0.83
rant	-0.59	1.42
refers	-0.59	0.74
various	-0.59	0.89
couple	-0.59	0.91
online	-0.59	1.24
six	-0.59	0.89
ropera	-0.59	1.00
guard	-0.59	0.88
slap	-0.58	0.83
espada	-0.58	0.99
leveled	-0.58	1.00
dozens	-0.58	0.85
larger	-0.58	1.27
twinks	-0.58	0.75
change	-0.58	1.02
poorly	-0.58	1.24
relying	-0.58	0.85
nearby	-0.58	0.82
dying	-0.58	0.79
havel	-0.58	0.78
dragonbros	-0.57	0.80
altogether	-0.57	0.87
nerfs	-0.57	0.91
etc	-0.57	1.04
and/or	-0.57	1.32
obscure	-0.57	1.15
durability	-0.57	1.00
lack	-0.57	1.36
killer	-0.57	0.68
3-4	-0.57	0.88
cases	-0.57	0.91
honorable	-0.56	0.83
five	-0.56	0.87
fighting	-0.56	0.81
2-3	-0.56	0.87
ratbros	-0.56	0.84
disadvantage	-0.56	0.82
dozen	-0.56	0.89
convince	-0.56	0.84
ban	-0.56	0.81
slashing	-0.56	0.87
bother	-0.55	1.16
frampt	-0.55	1.00
pulls	-0.55	1.19
medium	-0.55	1.48
fps	-0.55	0.97
ogre	-0.55	0.77
spirits	-0.55	0.56
attacked	-0.55	0.67
bellbros	-0.55	0.71
pushing	-0.55	0.64
pushed	-0.54	0.58
knock	-0.54	0.60
helix	-0.54	0.85
bash	-0.54	0.80
oblivion	-0.54	0.78
levels	-0.54	0.94
explaining	-0.54	1.39
followed	-0.53	0.88
legitimately	-0.53	1.06
3	-0.53	0.86
karma	-0.53	1.09
easy	-0.53	1.18
arent	-0.53	1.20
restriction	-0.53	0.99
scimitar	-0.53	0.83
smaller	-0.53	1.30
bat	-0.53	0.84
bloodstains	-0.53	0.79
healed	-0.53	0.63
hardware	-0.53	1.00
winner	-0.53	0.96
protecting	-0.53	0.65
stunlocked	-0.53	0.66
asked	-0.53	1.07
bowed	-0.52	0.84
belltower	-0.52	0.68
profile	-0.52	1.31
demand	-0.52	0.83
sheer	-0.52	1.07
unbuffed	-0.52	1.01
low	-0.52	1.66
60fps	-0.52	0.98
heavy	-0.52	1.35
poking	-0.52	0.76
5	-0.52	0.83
parries	-0.52	0.90
serpents	-0.52	0.98
scared	-0.51	2.57
getting	-0.51	0.95
avelyns	-0.51	0.83
rushing	-0.51	0.73
stops	-0.51	0.77
serious	-0.51	0.95
fear	-0.51	0.97
beast	-0.51	0.99
hacker	-0.51	0.54
dks	-0.51	2.91
banning	-0.51	0.78
country	-0.51	0.96
pre-patch	-0.51	1.08
loose	-0.51	0.77
equivalent	-0.51	1.57
towers	-0.51	0.66
exist	-0.51	1.11
spider	-0.51	0.82
filthy	-0.51	0.85
met	-0.51	0.72
realizing	-0.51	0.74
compensate	-0.50	1.11
numerous	-0.50	0.80
plenty	-0.50	0.86
crazy	-0.50	2.18
limit	-0.50	0.87
groups	-0.50	0.81
7	-0.50	0.79
yourself	-0.50	0.89
failing	-0.50	0.79
cautious	-0.50	1.79
suicide	-0.50	0.75
stronger	-0.50	1.44
aldia	-0.50	0.81
invader	-0.50	0.48
mix	-0.50	0.97
6	-0.50	0.78
pc	-0.50	0.96
level	-0.50	0.89
created	-0.49	0.83
stopping	-0.49	0.73
optional	-0.49	1.46
splitting	-0.49	0.77
existed	-0.49	0.79
pool	-0.49	0.84
monscim	-0.49	0.82
scim	-0.49	0.79
staggered	-0.49	0.72
8	-0.49	0.78
invisible	-0.49	0.66
precise	-0.49	1.27
bloodstain	-0.48	0.72
considered	-0.48	0.96
trouble	-0.48	1.06
firelink	-0.48	1.53
create	-0.48	0.81
rush	-0.48	0.75
plain	-0.48	1.20
length	-0.48	1.32
wife	-0.48	0.63
spiders	-0.48	0.76
frames	-0.48	1.02
bowing	-0.48	0.79
avelyn	-0.48	0.80
ended	-0.48	0.88
dev	-0.48	1.00
busy	-0.48	1.71
broke	-0.48	0.83
capped	-0.47	0.97
keepers	-0.47	0.79
tedious	-0.47	1.30
punished	-0.47	0.88
real	-0.47	1.01
accident	-0.47	0.97
average	-0.47	0.98
wretch	-0.47	0.72
softban	-0.47	0.82
invincibility	-0.47	1.03
instant	-0.47	0.86
changes	-0.46	0.90
lower	-0.46	1.64
smack	-0.46	0.78
coffin	-0.46	0.80
restricted	-0.46	0.97
chip	-0.46	0.74
rat	-0.46	0.90
none	-0.46	1.05
fist	-0.46	0.67
ms	-0.46	0.84
worried	-0.46	2.80
supposedly	-0.46	0.85
punch	-0.45	0.67
four	-0.45	0.76
mentions	-0.45	0.84
promptly	-0.45	0.62
limitations	-0.45	0.93
gowers	-0.45	0.74
required	-0.45	1.20
washing	-0.45	0.82
returned	-0.45	0.75
w	-0.45	1.60
texture	-0.45	1.11
involved	-0.45	1.02
mother	-0.45	1.09
invading	-0.44	0.59
nail	-0.44	0.87
nuts	-0.44	1.46
virtually	-0.44	1.03
body	-0.44	0.57
assuming	-0.44	3.60
mmo	-0.44	1.12
lockstones	-0.44	0.77
gap	-0.44	0.84
immediate	-0.44	1.00
shields	-0.44	0.85
granted	-0.44	0.92
sl	-0.44	0.88
circumstances	-0.44	0.90
warriors	-0.44	1.02
dragonbro	-0.44	0.77
correctly	-0.44	3.27
9	-0.44	0.74
hunt	-0.44	0.64
arbiter	-0.44	0.54
ricard	-0.44	0.91
attempted	-0.44	0.77
ricards	-0.44	0.91
1-2	-0.44	0.81
eu	-0.44	0.98
opponents	-0.44	0.61
sweep	-0.43	0.87
60	-0.43	0.92
animation	-0.43	0.91
hub	-0.43	0.86
mouse	-0.43	1.03
worn	-0.43	0.80
relative	-0.43	1.07
panic	-0.43	0.96
all	-0.43	1.13
ledges	-0.43	0.67
dodged	-0.43	0.78
bell	-0.43	0.70
forum	-0.43	0.98
charges	-0.43	0.53
warped	-0.43	0.91
accepted	-0.43	0.93
sweeping	-0.43	0.92
arm	-0.42	0.54
fly	-0.42	0.74
rarely	-0.42	0.80
monsters	-0.42	1.06
asking	-0.42	1.41
mages	-0.42	0.79
partizan	-0.42	0.93
15	-0.42	0.73
referring	-0.42	1.82
invade	-0.42	0.58
falls	-0.42	0.41
threads	-0.42	0.98
accurate	-0.42	2.98
hackers	-0.42	0.63
accept	-0.42	0.97
business	-0.42	0.92
predictable	-0.41	1.16
europe	-0.41	0.87
golems	-0.41	0.59
letter	-0.41	1.16
sales	-0.41	0.88
established	-0.41	0.92
12	-0.41	0.73
frequent	-0.41	0.92
permanent	-0.41	0.78
greedy	-0.41	0.89
meet	-0.41	0.73
rng	-0.41	1.01
slashes	-0.41	0.86
irl	-0.41	1.24
lurker	-0.41	1.74
talking	-0.41	1.80
forgotten	-0.41	0.88
started	-0.41	0.94
i-frames	-0.41	0.99
manikin	-0.41	0.82
acting	-0.41	1.00
ten	-0.41	0.79
patch	-0.40	0.94
lowers	-0.40	1.31
parrying	-0.40	0.88
everything	-0.40	0.82
gained	-0.40	0.75
authority	-0.40	1.87
claiming	-0.40	1.75
restart	-0.40	0.80
guarding	-0.40	0.68
leap	-0.40	0.63
existence	-0.40	0.69
involve	-0.40	0.72
tend	-0.40	0.71
jumped	-0.40	0.58
spawns	-0.40	0.64
pigs	-0.40	0.89
eye	-0.40	0.67
telegraphed	-0.40	0.99
poke	-0.40	0.80
invasions	-0.40	0.69
ends	-0.40	0.52
signs	-0.40	0.71
perform	-0.40	0.78
home	-0.40	1.30
gower	-0.40	0.74
ton	-0.40	0.93
sinners	-0.39	0.69
vertical	-0.39	0.85
circles	-0.39	0.64
e	-0.39	1.51
led	-0.39	0.76
parry	-0.39	0.84
avoiding	-0.39	0.79
kill	-0.39	0.67
user	-0.39	0.52
frequently	-0.39	0.87
weaker	-0.39	1.43
slam	-0.39	0.76
allant	-0.39	0.96
protect	-0.39	0.65
consequences	-0.39	0.81
clarify	-0.39	3.52
lesser	-0.39	0.97
walls	-0.39	0.71
buckler	-0.39	0.87
practice	-0.39	0.91
immortal	-0.39	0.65
mercy	-0.39	0.86
lest	-0.39	0.97
bossfight	-0.39	1.33
comfortable	-0.39	1.30
keys	-0.38	0.95
essentially	-0.38	0.99
advantage	-0.38	0.95
500	-0.38	0.84
decided	-0.38	1.25
habit	-0.38	0.86
majority	-0.38	0.83
relation	-0.38	0.82
bashing	-0.38	0.76
spreading	-0.38	1.06
chain	-0.38	0.85
op	-0.38	0.90
tseldora	-0.38	0.66
slash	-0.38	0.84
iframes	-0.38	0.98
thrust	-0.38	0.85
nerfed	-0.38	0.89
nerf	-0.38	0.86
rss	-0.38	0.73
increasing	-0.38	1.29
odd	-0.38	2.17
blocking	-0.38	0.78
energy	-0.38	0.76
potentially	-0.38	1.11
session	-0.38	0.79
24	-0.38	0.71
decide	-0.38	1.22
serve	-0.37	0.85
raised	-0.37	1.29
corridor	-0.37	0.63
bastard	-0.37	0.94
increased	-0.37	1.28
fought	-0.37	1.06
ik	-0.37	0.72
gestures	-0.37	0.88
alongside	-0.37	0.87
cod	-0.37	0.82
wild	-0.37	1.16
timings	-0.37	0.97
returning	-0.37	0.71
off	-0.37	0.65
falchion	-0.37	0.87
16	-0.37	0.71
prediction	-0.37	0.91
maldron	-0.37	0.75
14	-0.37	0.71
tool	-0.36	0.79
hero	-0.36	0.71
landed	-0.36	0.65
cloth	-0.36	0.81
themselves	-0.36	0.62
liar	-0.36	0.89
methods	-0.36	0.86
immediately	-0.36	0.64
17	-0.36	0.71
handle	-0.36	0.80
feed	-0.36	1.43
apart	-0.36	0.73
proves	-0.36	0.91
buttons	-0.36	0.99
belfry	-0.36	0.70
pole	-0.36	0.79
disappointment	-0.36	0.79
golem	-0.36	0.89
refer	-0.36	0.73
interact	-0.36	0.85
spamming	-0.36	0.66
trees	-0.36	0.63
avoid	-0.36	0.77
presumably	-0.36	0.76
setups	-0.36	0.91
immunity	-0.36	0.81
increases	-0.36	1.32
reaches	-0.36	0.44
raise	-0.36	1.33
stopped	-0.35	0.92
horizontal	-0.35	0.88
break	-0.35	0.85
sl150	-0.35	0.85
ground	-0.35	0.58
22	-0.35	0.71
possibility	-0.35	0.90
spin	-0.35	0.76
bells	-0.35	0.65
invasion	-0.35	0.61
counter	-0.35	1.27
offhand	-0.35	0.87
cove	-0.35	0.69
off-hand	-0.35	0.85
commonly	-0.35	0.70
obtained	-0.35	0.78
usual	-0.35	1.27
arguments	-0.35	1.47
lose	-0.35	0.53
satisfaction	-0.35	0.90
easier	-0.35	1.40
guards	-0.35	0.68
duel	-0.35	0.83
losing	-0.35	0.53
18	-0.35	0.71
guilty	-0.34	0.69
creo	-0.34	0.63
20	-0.34	0.71
13	-0.34	0.71
hitting	-0.34	0.74
2k	-0.34	0.81
harder	-0.34	1.39
patches	-0.34	0.86
disappear	-0.34	0.57
fell	-0.34	0.58
underground	-0.34	0.69
beat	-0.34	1.48
balance	-0.34	1.05
risk	-0.34	0.71
usable	-0.34	1.26
dodges	-0.34	0.91
parried	-0.34	0.76
decrease	-0.34	1.22
rolled	-0.34	0.62
parts	-0.34	1.49
reach	-0.34	1.17
lvl	-0.34	0.81
36	-0.34	0.71
red	-0.34	0.63
influence	-0.34	0.80
handicap	-0.34	0.74
endgame	-0.34	0.73
actions	-0.34	0.99
stacked	-0.34	0.88
jumps	-0.34	0.46
exploit	-0.33	0.94
overhead	-0.33	0.81
accidentally	-0.33	0.62
decapitate	-0.33	0.85
dueling	-0.33	0.87
hassle	-0.33	0.93
luna	-0.33	0.69
fingers	-0.33	0.70
match	-0.33	1.15
30	-0.33	0.72
1h	-0.33	0.82
ember	-0.33	0.67
lizards	-0.33	0.75
250	-0.33	0.84
backstep	-0.33	0.78
jump	-0.33	0.57
delayed	-0.33	0.73
brain	-0.33	1.05
shadow	-0.33	0.86
150	-0.33	0.83
patched	-0.33	1.01
attacking	-0.33	0.66
meta	-0.33	0.87
500k	-0.33	0.74
r2	-0.33	0.82
45	-0.33	0.71
32	-0.33	0.71
swipe	-0.33	0.75
armored	-0.33	0.73
than	-0.33	1.40
above	-0.32	0.79
r1s	-0.32	0.81
bodies	-0.32	0.77
blues	-0.32	0.67
increase	-0.32	1.27
factor	-0.32	0.87
attacks	-0.32	0.83
ie	-0.32	0.66
cross	-0.32	0.79
soft	-0.32	0.81
shortly	-0.32	0.76
infuriating	-0.32	1.30
motion	-0.32	1.08
proceeded	-0.32	0.77
public	-0.32	0.78
debate	-0.32	1.30
decisions	-0.32	1.13
rely	-0.32	0.81
r2s	-0.32	0.81
26	-0.32	0.71
bound	-0.32	0.92
attack	-0.32	0.77
hunter	-0.32	1.12
seeking	-0.32	0.50
stunlocks	-0.31	0.77
except	-0.31	0.72
spirit	-0.31	0.51
lizard	-0.31	0.92
hands	-0.31	0.64
ng	-0.31	0.75
playing	-0.31	1.00
2hr1	-0.31	0.81
breeze	-0.31	1.08
25	-0.31	0.72
separate	-0.31	0.83
deciding	-0.31	0.71
raises	-0.31	1.32
temporary	-0.31	0.95
35	-0.31	0.71
knights	-0.31	0.87
banned	-0.31	0.71
brightstone	-0.31	0.71
strike	-0.31	0.84
ultimate	-0.31	0.94
care	-0.31	1.00
spread	-0.31	0.60
treasure	-0.31	0.88
graphical	-0.31	1.06
pumping	-0.31	0.98
spam	-0.31	0.62
maintain	-0.31	1.23
bam	-0.31	0.77
skilled	-0.31	0.63
chug	-0.31	0.76
timing	-0.30	0.90
boss	-0.30	1.80
r1	-0.30	0.76
naked	-0.30	0.63
stagger	-0.30	0.75
worry	-0.30	1.23
goes	-0.30	0.64
latter	-0.30	0.86
33	-0.30	0.72
28	-0.30	0.71
potential	-0.30	1.02
psn	-0.30	1.16
foes	-0.30	0.69
ups	-0.30	0.95
pharros	-0.30	0.66
forth	-0.30	0.64
planning	-0.30	1.41
activity	-0.30	0.83
removes	-0.30	0.85
humanoid	-0.30	1.06
traps	-0.30	0.65
one-handed	-0.30	0.82
opponent	-0.30	0.53
penalty	-0.30	0.83
princess	-0.30	0.65
chugging	-0.30	0.76
almost	-0.30	1.11
familiar	-0.30	1.43
suggest	-0.29	0.89
smash	-0.29	0.79
healing	-0.29	0.75
binding	-0.29	0.79
mock	-0.29	0.92
chasing	-0.29	1.02
death	-0.29	0.66
wins	-0.29	0.84
140	-0.29	0.90
myself	-0.29	1.13
lowered	-0.29	1.36
acquired	-0.29	0.71
portion	-0.29	1.14
threat	-0.29	0.87
upon	-0.29	0.71
places	-0.29	0.98
i.e	-0.29	0.88
sight	-0.29	0.68
event	-0.29	0.82
rhoy	-0.29	0.58
gains	-0.29	0.60
benefits	-0.29	0.98
consensus	-0.29	0.89
higher	-0.29	1.61
grey	-0.29	0.57
concerned	-0.29	2.82
gray	-0.29	0.54
2hr2	-0.29	0.81
parties	-0.29	0.85
structure	-0.29	1.12
suddenly	-0.29	0.55
obvious	-0.29	1.05
quick	-0.29	0.83
hundred	-0.29	0.70
defeating	-0.29	0.85
surprising	-0.29	1.39
built	-0.29	0.62
regularly	-0.29	0.82
crash	-0.29	1.02
stunned	-0.29	0.70
posts	-0.29	1.03
orange	-0.29	0.74
aurous	-0.28	0.73
downvoted	-0.28	1.05
farmed	-0.28	0.70
blocks	-0.28	0.83
space	-0.28	0.83
calibration	-0.28	0.85
encountered	-0.28	0.78
investment	-0.28	0.96
gwyndolin	-0.28	0.80
splits	-0.28	0.60
180	-0.28	0.90
star	-0.28	0.65
stating	-0.28	1.62
hunting	-0.28	0.63
grabbed	-0.28	0.60
arenas	-0.28	0.89
starts	-0.28	0.73
200	-0.28	0.83
prince	-0.28	0.59
hype	-0.28	1.09
tear	-0.28	1.17
valid	-0.28	1.31
42	-0.28	0.72
crossed	-0.28	0.66
v	-0.28	1.35
pharos	-0.28	0.66
sticks	-0.28	0.96
kid	-0.28	0.83
darklurker	-0.28	1.52
downside	-0.28	0.91
circling	-0.28	0.72
flask	-0.28	0.75
doors	-0.28	0.63
cure	-0.28	0.66
tree	-0.28	0.62
mere	-0.28	0.70
threshold	-0.28	0.83
fragrant	-0.27	0.66
rolling	-0.27	0.76
strong	-0.27	1.04
falling	-0.27	0.58
jumping	-0.27	0.62
lowering	-0.27	1.41
techniques	-0.27	0.78
beneath	-0.27	0.63
estus	-0.27	0.76
aiming	-0.27	0.98
ghosts	-0.27	0.74
2-handed	-0.27	0.81
deals	-0.27	0.82
max	-0.27	1.07
sin	-0.27	0.71
timed	-0.27	1.00
sudden	-0.27	0.76
scimitars	-0.27	0.82
jesters	-0.27	0.72
planned	-0.27	0.76
chunk	-0.27	0.77
gather	-0.27	0.76
push	-0.27	0.64
orb	-0.27	0.60
dealt	-0.27	0.86
combo	-0.27	0.77
competition	-0.27	0.84
bite	-0.27	0.87
activate	-0.27	0.65
manslayer	-0.27	0.82
hundreds	-0.27	0.72
300	-0.26	0.81
flies	-0.26	0.51
pumped	-0.26	0.91
standard	-0.26	1.01
targets	-0.26	0.65
react	-0.26	0.73
swung	-0.26	0.62
plan	-0.26	0.88
raising	-0.26	1.07
walking	-0.26	0.52
affected	-0.26	1.11
dash	-0.26	0.73
handed	-0.26	0.80
cracked	-0.26	0.68
branches	-0.26	0.68
placement	-0.26	1.10
orbs	-0.26	0.69
monastery	-0.26	0.77
limiting	-0.26	0.77
m	-0.26	1.90
gud	-0.26	1.40
agreed	-0.26	1.33
powerful	-0.26	1.11
slowly	-0.26	0.64
treat	-0.26	0.60
closed	-0.26	0.56
mil	-0.26	0.76
toggle	-0.26	0.82
warlock	-0.26	0.70
spite	-0.26	0.70
duty	-0.26	0.65
spawning	-0.26	0.67
tutorial	-0.26	0.88
active	-0.26	0.96
agl	-0.26	0.87
twink	-0.25	0.64
million	-0.25	0.74
air	-0.25	0.59
gigantic	-0.25	1.19
creating	-0.25	0.69
resistance	-0.25	0.86
prowling	-0.25	1.61
around	-0.25	0.67
700	-0.25	0.78
reduces	-0.25	1.13
natural	-0.25	1.19
narrow	-0.25	0.76
legitimate	-0.25	0.89
greater	-0.25	1.43
gen	-0.25	0.80
unlikely	-0.25	1.27
nito	-0.25	0.82
running	-0.25	0.68
upper	-0.25	0.73
800	-0.25	0.77
1m	-0.25	0.73
vote	-0.25	0.89
11	-0.25	0.66
taking	-0.25	1.25
yore	-0.25	0.65
expensive	-0.25	1.08
dodge	-0.25	0.84
38	-0.25	0.74
mcduff	-0.25	0.70
rolls	-0.25	0.91
cathedral	-0.25	0.69
l1	-0.25	0.73
vulnerable	-0.25	0.97
hit	-0.25	0.69
split	-0.25	0.72
missed	-0.25	3.28
agi	-0.25	0.88
army	-0.24	0.70
opinions	-0.24	1.05
delicious	-0.24	1.70
lucky	-0.24	2.30
soapstones	-0.24	0.69
swapping	-0.24	0.71
maximum	-0.24	1.03
gates	-0.24	0.57
congregation	-0.24	1.65
unknown	-0.24	0.81
20-30	-0.24	0.70
brought	-0.24	0.59
limited	-0.24	0.85
cosplays	-0.24	0.55
edge	-0.24	0.60
kings	-0.24	0.77
she	-0.24	0.45
flying	-0.24	0.62
punishes	-0.24	0.78
caps	-0.24	0.86
40	-0.24	0.76
accessible	-0.24	1.11
ease	-0.24	0.77
125	-0.24	0.79
swings	-0.24	0.84
defeated	-0.24	0.89
hollow	-0.24	0.68
companies	-0.24	0.77
platforms	-0.23	0.71
ironclad	-0.23	0.75
minions	-0.23	1.01
stun	-0.23	0.72
aggressive	-0.23	0.86
unparryable	-0.23	0.76
1500	-0.23	0.77
yours	-0.23	1.08
spawned	-0.23	0.54
enemies	-0.23	0.77
ball	-0.23	0.85
moment	-0.23	1.03
forcing	-0.23	0.86
sacrificing	-0.23	1.27
oolacile	-0.23	0.81
truth	-0.23	1.54
model	-0.23	0.98
freja	-0.23	1.00
stunlock	-0.23	0.72
baiting	-0.23	0.84
mill	-0.23	0.77
permanently	-0.23	0.73
corpses	-0.23	0.75
matters	-0.23	0.77
<SPECIAL>	-0.23	0.61
<URL>	-0.23	0.61
angle	-0.23	0.91
seathe	-0.23	0.62
phantoms	-0.23	0.61
55	-0.23	0.77
arena	-0.23	0.81
kills	-0.23	0.66
400	-0.23	0.78
development	-0.23	0.87
gravity	-0.23	0.58
pyromancers	-0.23	0.74
activated	-0.22	0.63
seath	-0.22	0.64
y	-0.22	1.53
soldiers	-0.22	0.70
120	-0.22	0.86
passive	-0.22	0.80
behavior	-0.22	0.93
solo	-0.22	1.35
us	-0.22	0.70
blue	-0.22	0.67
triggers	-0.22	0.79
arrived	-0.22	0.78
woods	-0.22	0.63
mash	-0.22	0.75
600	-0.22	0.77
beating	-0.22	1.32
bait	-0.22	0.77
hyper	-0.22	0.78
homeward	-0.22	0.71
reasons	-0.22	1.01
became	-0.22	0.85
end	-0.22	0.75
impact	-0.22	0.79
dodging	-0.22	0.81
block	-0.22	0.81
road	-0.22	0.61
button	-0.22	0.81
2h	-0.22	0.78
away	-0.22	0.54
during	-0.22	0.78
100k	-0.22	0.69
role	-0.22	0.51
achieve	-0.21	0.91
bloodborne	-0.21	0.96
plans	-0.21	0.66
gate	-0.21	0.55
mark	-0.21	0.71
swing	-0.21	0.81
blast	-0.21	0.74
odds	-0.21	0.72
hand	-0.21	0.80
90	-0.21	0.84
an	-0.21	0.96
soapstone	-0.21	0.69
cheated	-0.21	0.63
reducing	-0.21	1.15
turtle	-0.21	0.87
below	-0.21	0.77
king	-0.21	0.72
hop	-0.21	0.54
room	-0.21	0.56
poise	-0.21	0.80
appears	-0.21	0.43
rust	-0.21	0.85
respawning	-0.21	0.66
350	-0.21	0.83
gaping	-0.21	0.88
wall	-0.21	0.63
shaded	-0.21	0.63
limits	-0.21	0.91
adaptability	-0.21	0.87
white	-0.21	0.69
50	-0.21	0.78
door	-0.21	0.57
fall	-0.21	0.56
mid	-0.20	0.67
spawn	-0.20	0.61
millions	-0.20	0.58
implying	-0.20	2.02
pressing	-0.20	0.77
inevitable	-0.20	0.60
rooms	-0.20	0.70
eachother	-0.20	0.68
creates	-0.20	0.92
10	-0.20	0.72
emote	-0.20	0.93
gets	-0.20	0.80
shot	-0.20	0.69
vanquisher	-0.20	0.68
benefit	-0.20	0.89
involves	-0.20	0.74
shell	-0.20	0.69
bridge	-0.20	0.66
holes	-0.20	0.71
hollowed	-0.20	0.65
his	-0.20	0.52
leveling	-0.20	0.79
caestus	-0.20	0.73
actual	-0.20	1.06
affect	-0.20	0.94
primal	-0.20	0.68
bloodbro	-0.20	0.72
key	-0.20	0.68
soap	-0.20	0.69
adp	-0.20	0.83
sentinel	-0.20	0.67
hiding	-0.20	0.69
breathing	-0.20	0.78
onto	-0.20	0.61
infinite	-0.20	0.70
uchigatana	-0.20	0.77
write	-0.20	1.17
sign	-0.19	0.65
terrifying	-0.19	1.70
irritating	-0.19	1.35
ish	-0.19	0.79
scorpion	-0.19	0.71
rocks	-0.19	0.73
agility	-0.19	0.90
gargoyles	-0.19	1.16
forward	-0.19	0.65
pvping	-0.19	0.67
bare	-0.19	0.69
900	-0.19	0.79
seeing	-0.19	1.46
difference	-0.19	0.93
obtain	-0.19	0.69
spinning	-0.19	0.70
vinheim	-0.19	0.69
dear	-0.19	0.95
resistant	-0.19	0.99
sif	-0.19	0.85
sea	-0.19	0.63
newer	-0.19	0.72
ng+7	-0.19	1.24
quitting	-0.19	0.88
covered	-0.19	0.55
intentionally	-0.19	0.87
mashing	-0.19	0.72
earned	-0.19	0.56
forms	-0.19	0.71
software	-0.19	0.80
form	-0.19	0.71
tunnel	-0.19	0.57
consistently	-0.19	0.92
lands	-0.19	0.61
degrees	-0.19	0.87
1.5	-0.19	0.74
bc	-0.19	0.89
hall	-0.19	0.57
fat	-0.19	0.90
wanting	-0.19	1.13
directly	-0.19	0.66
possessed	-0.19	0.69
careful	-0.19	0.95
durgo	-0.18	0.71
summoned	-0.18	0.57
1.5x	-0.18	0.72
collect	-0.18	0.70
dmg	-0.18	0.84
catches	-0.18	0.64
instantly	-0.18	0.53
lived	-0.18	0.48
situation	-0.18	0.99
sprinting	-0.18	0.64
bent	-0.18	0.79
stance	-0.18	0.77
cold	-0.18	0.93
cave	-0.18	0.60
affects	-0.18	1.05
two-hand	-0.18	0.78
static	-0.18	0.98
hold	-0.18	0.71
fists	-0.18	0.72
giant	-0.18	0.65
weaknesses	-0.18	0.85
requirements	-0.18	0.80
wear	-0.18	0.60
shortsword	-0.18	0.77
strategies	-0.18	0.76
seal	-0.18	0.68
lord	-0.18	0.66
grave	-0.18	0.63
holding	-0.18	0.71
everytime	-0.18	0.69
1k	-0.18	0.73
warp	-0.17	0.69
organized	-0.17	0.98
1000	-0.17	0.70
camera	-0.17	0.90
escape	-0.17	0.74
sony	-0.17	0.78
whatsoever	-0.17	0.88
evade	-0.17	0.76
80	-0.17	0.84
cap	-0.17	0.76
mom	-0.17	0.68
fucking	-0.17	1.95
land	-0.17	0.61
equal	-0.17	1.44
period	-0.17	0.95
halfway	-0.17	0.60
measure	-0.17	0.98
ways	-0.17	0.74
bob	-0.17	0.75
lie	-0.17	1.44
improved	-0.17	1.27
serves	-0.17	0.78
vit	-0.17	0.78
damage	-0.17	0.91
default	-0.17	0.90
held	-0.17	0.60
swinging	-0.17	0.61
hollowing	-0.17	0.64
daggers	-0.17	0.92
vgr	-0.17	0.77
designed	-0.16	0.93
backwards	-0.16	0.62
evening	-0.16	0.92
chunks	-0.16	0.71
tl	-0.16	1.13
vigor	-0.16	0.80
exit	-0.16	0.60
double	-0.16	0.75
85	-0.16	0.82
taste	-0.16	1.51
summons	-0.16	0.63
nowadays	-0.16	0.82
kinship	-0.16	0.61
strategy	-0.16	0.79
fill	-0.16	0.70
castle	-0.16	0.59
humans	-0.16	0.67
75	-0.16	0.81
cliff	-0.16	0.61
stability	-0.16	0.86
vendrick	-0.16	0.65
rare	-0.16	1.00
shrug	-0.16	0.86
north	-0.16	0.72
endurance	-0.16	0.81
shoulder	-0.16	0.59
pale	-0.16	0.44
restored	-0.16	0.66
genuinely	-0.16	1.28
placing	-0.16	0.66
enemy	-0.15	0.59
grow	-0.15	0.73
burst	-0.15	0.82
ranked	-0.15	0.78
regards	-0.15	0.84
handing	-0.15	0.76
alter	-0.15	0.86
dead	-0.15	0.97
dried	-0.15	0.68
pit	-0.15	0.60
wherever	-0.15	0.82
defeat	-0.15	1.08
pattern	-0.15	0.82
determined	-0.15	1.05
stairs	-0.15	0.60
105	-0.15	0.87
floor	-0.15	0.65
reset	-0.15	0.71
wave	-0.15	0.90
vessel	-0.15	0.61
shit	-0.15	1.40
beard	-0.15	0.75
unpredictable	-0.15	0.96
softcap	-0.15	0.83
tight	-0.15	1.07
am	-0.15	2.03
lockstone	-0.15	0.65
shield	-0.15	0.83
move	-0.15	0.70
into	-0.15	0.59
l2	-0.15	0.75
lever	-0.15	0.57
drops	-0.15	0.72
predict	-0.15	0.81
began	-0.15	0.57
advise	-0.15	1.08
access	-0.15	0.71
bluemoon	-0.15	0.79
knife	-0.15	0.89
vanguard	-0.15	1.25
lead	-0.15	0.72
placed	-0.15	0.71
two-handed	-0.15	0.79
needless	-0.15	0.69
fog	-0.15	0.54
combos	-0.15	0.79
blacksteel	-0.15	0.77
dex	-0.15	0.77
simple	-0.15	1.38
strafe	-0.15	0.65
roll	-0.14	0.75
65	-0.14	0.82
killing	-0.14	0.68
countless	-0.14	0.70
across	-0.14	0.61
zone	-0.14	0.92
r/darksouls2	-0.14	1.02
drain	-0.14	0.70
leaving	-0.14	0.65
archers	-0.14	0.70
status	-0.14	0.75
100	-0.14	0.81
claw	-0.14	0.70
1/3	-0.14	0.63
two-handing	-0.14	0.78
rate	-0.14	0.85
loading	-0.14	0.68
str	-0.14	0.77
duels	-0.14	0.88
charge	-0.14	0.65
utilize	-0.14	0.81
pops	-0.14	0.55
amount	-0.14	0.87
vig	-0.14	0.78
deaths	-0.14	0.66
reload	-0.14	0.72
remaining	-0.14	0.72
puts	-0.14	0.59
remains	-0.14	0.81
aggro	-0.14	0.66
sliver	-0.14	0.55
term	-0.14	1.05
uchi	-0.14	0.75
open	-0.14	0.55
second	-0.14	1.09
lay	-0.14	0.66
chase	-0.14	0.63
consuming	-0.14	0.95
personal	-0.14	0.96
feather	-0.14	0.65
vitality	-0.14	0.82
boosts	-0.14	1.09
tail	-0.14	0.58
human	-0.14	0.65
walk	-0.14	0.48
stomp	-0.13	0.62
reduction	-0.13	0.81
turns	-0.13	0.50
letting	-0.13	0.71
developer	-0.13	0.83
points	-0.13	0.81
weighs	-0.13	0.86
parish	-0.13	1.69
95	-0.13	0.82
betwixt	-0.13	0.62
essential	-0.13	0.92
shades	-0.13	0.62
aged	-0.13	0.65
ran	-0.13	0.57
1/2	-0.13	0.61
police	-0.13	0.94
feelings	-0.13	0.91
tough	-0.13	1.21
casters	-0.13	0.69
views	-0.13	0.70
zones	-0.13	0.84
rotten	-0.13	1.18
prepare	-0.13	0.66
ledge	-0.13	0.62
scaled	-0.13	1.40
infinitely	-0.13	0.67
fewer	-0.13	0.95
patterns	-0.13	0.85
majula	-0.13	0.55
begins	-0.13	0.55
fails	-0.13	0.69
earn	-0.13	0.68
seed	-0.13	0.64
strength	-0.13	0.81
f	-0.13	1.50
shards	-0.13	0.69
kingdom	-0.13	0.63
blighttown	-0.13	1.82
110	-0.13	0.87
capable	-0.13	0.89
guaranteed	-0.13	0.81
iron	-0.13	0.68
regular	-0.12	0.89
glitches	-0.12	1.01
requirement	-0.12	0.81
tokens	-0.12	0.71
gauntlet	-0.12	0.68
interrupt	-0.12	0.74
att	-0.12	0.77
kiln	-0.12	0.74
developed	-0.12	0.75
health	-0.12	0.75
gargoyle	-0.12	0.83
cromwell	-0.12	0.91
born	-0.12	0.58
within	-0.12	0.70
curved	-0.12	0.78
factors	-0.12	0.81
victory	-0.12	1.10
supply	-0.12	0.72
hp	-0.12	0.78
percent	-0.12	0.81
revenge	-0.12	1.40
70	-0.12	0.84
output	-0.12	0.90
chamber	-0.12	0.61
counts	-0.12	0.56
keeper	-0.12	0.61
token	-0.12	0.70
patience	-0.12	0.80
stacking	-0.12	0.80
najka	-0.11	1.10
demon	-0.11	1.29
performance	-0.11	1.01
thrusting	-0.11	1.14
string	-0.11	0.64
kind	-0.11	1.36
dx11	-0.11	0.85
gain	-0.11	0.85
leg	-0.11	0.57
sinner	-0.11	0.96
spammed	-0.11	0.64
phys	-0.11	0.81
shard	-0.11	0.64
technique	-0.11	0.68
royal	-0.11	1.03
climb	-0.11	0.59
literal	-0.11	1.12
decision	-0.11	1.03
lift	-0.11	0.50
humanity	-0.11	0.63
attempt	-0.11	0.49
company	-0.11	0.80
square	-0.11	0.80
collected	-0.11	0.63
statues	-0.11	0.75
returns	-0.11	0.78
switches	-0.11	0.65
wings	-0.11	0.62
forest	-0.11	0.66
sister	-0.11	0.56
atn	-0.11	0.72
hopes	-0.11	1.29
reminds	-0.11	2.14
lordvessel	-0.11	0.62
gamer	-0.10	0.75
doorway	-0.10	0.57
travel	-0.10	0.74
softbanned	-0.10	0.70
shirt	-0.10	0.56
outright	-0.10	1.16
tells	-0.10	0.79
ar	-0.10	0.83
everlasting	-0.10	0.61
knuckle	-0.10	0.71
fth	-0.10	0.78
versatile	-0.10	0.97
staircase	-0.10	0.59
bonfires	-0.10	0.75
phantom	-0.10	0.55
moonlight	-0.10	0.75
bracing	-0.10	0.71
beings	-0.10	0.67
breath	-0.10	0.62
heat	-0.10	0.73
circle	-0.10	0.65
sprint	-0.10	0.60
green	-0.10	0.72
roof	-0.10	0.61
wield	-0.10	0.79
discovered	-0.10	0.72
taurus	-0.10	0.95
opened	-0.10	0.61
including	-0.10	0.73
resists	-0.10	0.80
graphics	-0.10	0.89
corner	-0.10	0.60
levelling	-0.10	0.73
pillars	-0.10	0.63
building	-0.10	0.59
thousands	-0.10	0.62
area	-0.10	0.69
defence	-0.10	0.81
successful	-0.09	0.64
resist	-0.09	0.79
fai	-0.09	0.78
experiments	-0.09	0.61
adapt	-0.09	0.68
tends	-0.09	0.59
squishy	-0.09	0.77
assassin	-0.09	0.61
drangleic	-0.09	0.60
zero	-0.09	1.12
mlgs	-0.09	0.76
defense	-0.09	0.82
trap	-0.09	0.65
facing	-0.09	0.56
ornstein	-0.09	0.69
after	-0.09	0.63
path	-0.09	0.61
exclusive	-0.09	0.75
practicing	-0.09	0.74
casual	-0.09	0.82
ladle	-0.09	0.87
drag	-0.09	0.78
golf	-0.09	0.67
physical	-0.09	0.80
titanite	-0.09	0.72
investing	-0.09	0.80
giantdad	-0.09	0.89
chars	-0.09	0.73
restore	-0.09	0.65
entrance	-0.09	0.56
toward	-0.09	0.60
int	-0.09	0.79
triangle	-0.09	0.80
gwynevere	-0.09	0.69
number	-0.09	0.77
ballista	-0.09	0.65
diminishing	-0.09	0.77
fragments	-0.09	0.62
creatures	-0.09	1.10
completing	-0.09	0.72
name-engraved	-0.08	0.78
gulch	-0.08	0.64
subreddit	-0.08	0.97
bed	-0.08	0.95
loot	-0.08	0.68
coc	-0.08	0.72
namco	-0.08	0.69
powerstance	-0.08	0.76
nostalgia	-0.08	0.77
talked	-0.08	0.78
pair	-0.08	0.77
lava	-0.08	0.62
theirs	-0.08	0.54
recreate	-0.08	0.55
weekend	-0.08	0.82
towards	-0.08	0.59
eventually	-0.08	0.78
tanky	-0.08	0.91
quarters	-0.08	0.62
beam	-0.08	0.68
kingdoms	-0.08	0.60
corpse	-0.08	0.68
kite	-0.08	0.79
accounts	-0.08	0.73
3000	-0.08	0.70
def	-0.08	0.80
besides	-0.08	0.77
mentioned	-0.08	0.79
hallway	-0.08	0.58
encounters	-0.08	1.17
pump	-0.07	0.79
ladder	-0.07	0.59
areas	-0.07	0.83
load	-0.07	0.85
sex	-0.07	0.67
glitch	-0.07	1.03
aid	-0.07	0.66
spices	-0.07	0.85
opinion	-0.07	1.32
rest	-0.07	0.59
accordingly	-0.07	0.75
drains	-0.07	0.75
reward	-0.07	0.77
down	-0.07	0.61
retreat	-0.07	0.61
modifier	-0.07	1.23
indication	-0.07	0.79
fragment	-0.07	0.60
dust	-0.07	0.61
grand	-0.07	0.71
invested	-0.07	0.80
delicate	-0.07	0.66
consume	-0.07	0.68
builds	-0.07	0.80
defenses	-0.07	0.80
hide	-0.07	0.68
flasks	-0.07	0.72
intensity	-0.07	0.71
recovery	-0.07	1.03
laser	-0.07	0.65
chaos	-0.07	0.70
stayed	-0.07	0.56
champions	-0.07	0.68
mobility	-0.07	0.92
leading	-0.07	0.58
underneath	-0.07	0.57
full	-0.06	0.67
aldias	-0.06	0.63
burden	-0.06	0.86
catarina	-0.06	0.72
opens	-0.06	0.59
weight	-0.06	0.93
ladders	-0.06	0.59
grind	-0.06	0.71
upgrades	-0.06	0.78
indicate	-0.06	0.96
afaik	-0.06	0.97
east	-0.06	0.79
power	-0.06	0.74
risky	-0.06	1.34
3/4	-0.06	0.67
press	-0.06	0.79
drinking	-0.06	0.86
foot	-0.06	0.56
rates	-0.06	0.79
expectations	-0.06	0.64
crown	-0.06	0.71
steal	-0.06	0.62
leader	-0.06	0.68
id	-0.06	1.18
creation	-0.06	0.62
3k	-0.06	0.73
single	-0.06	0.92
dexterity	-0.06	0.85
powers	-0.06	0.62
hits	-0.06	0.68
ruin	-0.06	1.19
outta	-0.06	1.18
int/faith	-0.06	0.80
back	-0.06	0.63
mainly	-0.06	0.94
brotherhood	-0.06	0.71
repeated	-0.06	0.70
presence	-0.05	0.68
settings	-0.05	0.83
sentinels	-0.05	0.78
camp	-0.05	0.65
join	-0.05	0.71
life	-0.05	0.68
2000	-0.05	0.70
resistances	-0.05	0.80
cov	-0.05	0.72
fidelity	-0.05	0.70
sub	-0.05	1.01
equip	-0.05	0.80
winter	-0.05	0.57
rank	-0.05	0.71
vessels	-0.05	0.66
direction	-0.05	0.73
grab	-0.05	0.56
champion	-0.05	0.69
ate	-0.05	0.58
flynns	-0.05	0.71
throughout	-0.05	0.59
systems	-0.05	0.86
seemingly	-0.05	0.67
stats	-0.05	0.86
rob+2	-0.05	0.72
left	-0.05	0.60
machine	-0.05	0.70
leo	-0.05	0.72
slab	-0.05	0.71
effigy	-0.05	0.65
flamberge	-0.05	0.78
whose	-0.05	0.58
switch	-0.05	0.69
pygmy	-0.05	0.58
side	-0.05	0.55
locks	-0.05	0.62
respective	-0.05	0.84
titanfall	-0.05	0.86
disabled	-0.05	0.74
pots	-0.05	0.96
slow	-0.05	0.97
joined	-0.04	0.71
10k	-0.04	0.67
gutter	-0.04	0.72
base	-0.04	0.81
lords	-0.04	1.11
asylum	-0.04	0.95
hint	-0.04	0.81
controllers	-0.04	0.86
unlimited	-0.04	0.70
ng+3	-0.04	0.82
votes	-0.04	1.00
warping	-0.04	0.78
project	-0.04	0.76
challenges	-0.04	1.01
switching	-0.04	0.65
surprised	-0.04	2.74
joining	-0.04	0.70
win	-0.04	0.88
total	-0.04	0.73
dropped	-0.04	0.71
assist	-0.04	0.62
grinding	-0.04	0.67
account	-0.04	0.79
party	-0.04	0.63
illusion	-0.04	0.64
damages	-0.04	0.94
upwards	-0.04	0.70
executioner	-0.04	1.14
friends	-0.04	0.81
convinced	-0.04	2.05
longsword	-0.04	0.76
greatshield	-0.03	0.78
losses	-0.03	0.81
monk	-0.03	0.88
competitive	-0.03	0.75
figuring	-0.03	0.66
quartz	-0.03	0.72
bandai	-0.03	0.69
farming	-0.03	0.67
begin	-0.03	0.60
covenant	-0.03	0.71
fallen	-0.03	0.60
clubs	-0.03	0.79
nature	-0.03	0.77
gaining	-0.03	0.64
feet	-0.03	0.55
toes	-0.03	0.65
2	-0.03	0.69
straid	-0.03	0.61
heck	-0.03	0.89
leather	-0.03	0.74
explained	-0.03	0.87
gesture	-0.03	0.92
popping	-0.03	0.64
stat	-0.03	0.87
undead	-0.03	0.71
priscilla	-0.03	0.70
robflynn	-0.03	0.75
effectively	-0.03	0.76
board	-0.03	0.68
things	-0.03	0.67
regain	-0.03	0.63
bar	-0.03	0.65
quarter	-0.03	0.65
reasonable	-0.03	1.52
consider	-0.03	1.07
bars	-0.03	0.66
roughly	-0.03	0.70
despawn	-0.03	0.66
kalameet	-0.03	0.77
members	-0.03	0.71
says	-0.03	0.90
ratio	-0.03	0.80
butterfly	-0.03	0.63
gems	-0.03	0.71
shade	-0.03	0.63
deep	-0.03	0.68
guy	-0.03	0.81
secret	-0.03	0.61
tall	-0.02	0.82
along	-0.02	0.66
stanced	-0.02	0.78
male	-0.02	0.67
whenever	-0.02	0.73
intelligence	-0.02	0.86
duke	-0.02	0.63
remnants	-0.02	0.72
distinct	-0.02	0.95
unlock	-0.02	0.61
pancake	-0.02	0.82
older	-0.02	0.79
difficult	-0.02	1.18
resets	-0.02	0.64
slabs	-0.02	0.68
focusing	-0.02	0.74
rubbish	-0.02	0.75
manus	-0.02	0.65
smooth	-0.02	0.79
improvement	-0.02	0.91
dual	-0.02	0.78
divine	-0.02	0.69
openings	-0.02	0.77
windows	-0.02	0.76
stage	-0.02	0.77
bros	-0.02	0.87
step	-0.02	0.61
noticing	-0.02	1.44
miles	-0.02	0.61
floating	-0.02	0.66
stays	-0.02	0.51
whip	-0.02	0.79
chariot	-0.02	1.07
fight	-0.02	1.35
whiff	-0.02	0.93
when	-0.01	0.59
per	-0.01	0.67
argument	-0.01	1.66
ranking	-0.01	0.71
bones	-0.01	0.67
unupgraded	-0.01	0.84
effort	-0.01	0.80
paying	-0.01	0.71
broadsword	-0.01	0.73
heal	-0.01	0.72
farm	-0.01	0.66
rinse	-0.01	0.61
year	-0.01	0.62
upvotes	-0.01	0.96
ranks	-0.01	0.71
dump	-0.01	0.76
turned	-0.01	0.66
reached	-0.01	0.62
mytha	-0.01	1.01
summoning	-0.01	0.66
enter	-0.01	0.58
char	-0.01	0.67
witch	-0.01	0.60
dragons	-0.01	0.65
ocean	-0.01	0.66
row	-0.01	0.66
fast	-0.01	0.98
lordran	-0.01	0.59
strafing	-0.01	0.73
school	-0.01	0.67
timer	-0.01	0.62
pools	-0.01	0.76
maiden	-0.01	0.90
sweat	-0.01	0.71
merely	-0.01	1.18
ascetics	-0.01	0.64
intend	-0.00	0.79
greatshields	-0.00	0.80
covenants	-0.00	0.71
curse	-0.00	0.60
leaves	-0.00	0.47
bone	-0.00	0.62
hidden	-0.00	0.63
twinkling	-0.00	0.67
alluring	-0.00	0.86
commit	-0.00	0.87
acceptable	-0.00	1.04
bns	-0.00	0.87
elemental	-0.00	0.79
chasm	-0.00	0.73
cleared	-0.00	0.95
titchy	-0.00	0.62
require	-0.00	0.80
gren	-0.00	0.61
cancel	-0.00	0.76
survived	0.00	0.60
heavier	0.00	1.07
moon	0.00	0.71
past	0.00	0.59
notched	0.00	0.80
under	0.00	0.75
age	0.00	0.57
r	0.00	1.49
punish	0.00	0.85
stock	0.00	0.73
bearer	0.00	0.67
moving	0.00	0.67
moveset	0.00	0.78
learn	0.00	0.78
popped	0.00	0.57
rings	0.00	0.65
dual-wielding	0.00	0.78
interest	0.00	0.70
objects	0.01	0.91
beaten	0.01	1.02
effigies	0.01	0.67
hug	0.01	0.59
essence	0.01	0.64
numbness	0.01	0.73
seeds	0.01	0.65
lets	0.01	1.02
flynn	0.01	0.69
rider	0.01	1.15
owned	0.01	0.72
str/dex	0.01	0.77
unlocked	0.01	0.76
protection	0.01	0.65
rob	0.01	0.69
claws	0.01	0.78
logged	0.01	0.65
buddies	0.01	0.77
vs	0.01	0.68
flash	0.01	0.71
successfully	0.01	0.60
fofg	0.01	0.64
requires	0.01	0.74
gough	0.01	0.74
reliably	0.01	0.79
easily	0.01	0.79
drakes	0.01	0.82
hexers	0.01	0.70
releasing	0.01	0.65
pursuer	0.01	0.98
rape	0.01	0.83
scaling	0.02	0.78
ps4	0.02	0.73
skulls	0.02	0.88
legs	0.02	0.63
midnight	0.02	0.78
purgatory	0.02	0.69
trip	0.02	0.59
elevator	0.02	0.59
introduced	0.02	0.87
leads	0.02	0.59
dropping	0.02	0.71
clear	0.02	0.69
tanking	0.02	0.74
specific	0.02	1.20
ancient	0.02	0.69
updates	0.02	0.74
minimum	0.02	0.76
scale	0.02	0.93
inside	0.02	0.56
torso	0.02	0.66
blade	0.02	0.72
ring	0.02	0.65
attitude	0.02	0.83
resting	0.02	0.62
steps	0.02	0.59
here	0.02	1.04
warrior	0.02	0.74
pop	0.02	0.65
shots	0.02	0.66
product	0.02	0.70
gwyn	0.02	0.67
characters	0.02	0.62
drop	0.02	0.68
replaced	0.02	0.73
peak	0.02	0.62
abyss	0.02	0.66
katanas	0.02	0.74
member	0.02	0.70
crestfallen	0.02	0.56
acquire	0.02	0.64
ornifex	0.02	0.55
armors	0.02	0.84
typically	0.02	0.89
equipment	0.03	0.79
guys	0.03	1.82
despite	0.03	0.81
dragonriders	0.03	1.16
rebel	0.03	0.76
claimed	0.03	0.74
dragonrider	0.03	1.13
state	0.03	0.68
99	0.03	0.71
thief	0.03	0.70
stamina	0.03	0.88
beforehand	0.03	0.66
lies	0.03	1.17
consumption	0.03	0.97
input	0.03	1.47
winning	0.03	0.83
50/50	0.03	0.77
pillar	0.03	0.57
morning	0.03	0.73
shorter	0.03	1.27
mods	0.03	0.73
valley	0.03	0.69
amber	0.03	0.71
stack	0.03	0.75
properly	0.03	1.13
chloranthy	0.03	0.65
oil	0.03	0.88
crowd	0.03	0.67
burg	0.03	1.76
cloranthy	0.03	0.65
fotfg	0.03	0.61
reddit	0.03	1.03
rekt	0.03	1.28
heading	0.03	0.61
center	0.03	0.69
units	0.03	0.88
additionally	0.03	0.79
portal	0.03	0.61
tools	0.03	0.71
recognize	0.03	0.81
herself	0.04	0.52
old	0.04	0.69
reminded	0.04	2.18
curiosity	0.04	0.86
times	0.04	0.64
secrets	0.04	0.68
atleast	0.04	0.89
bits	0.04	1.00
ranged	0.04	0.84
third	0.04	0.64
bonus	0.04	0.84
materials	0.04	0.71
task	0.04	0.73
states	0.04	0.83
dispelling	0.04	0.69
percentage	0.04	0.79
severely	0.04	0.94
asap	0.04	0.60
city	0.04	0.88
resources	0.04	0.70
versions	0.04	0.81
30/30	0.04	0.83
2nd	0.04	0.63
dragonslayer	0.04	0.88
precious	0.04	0.73
training	0.04	0.87
resolution	0.04	0.81
chancellor	0.04	0.57
xanthous	0.04	0.56
top	0.04	0.62
bottom	0.04	0.59
upgrade	0.04	0.68
recover	0.05	0.74
watchers	0.05	0.75
blacksmith	0.05	0.60
night	0.05	0.80
heart	0.05	0.62
cost	0.05	0.71
liking	0.05	0.97
fail	0.05	0.71
counted	0.05	0.76
daughter	0.05	0.59
opposite	0.05	0.60
longswords	0.05	0.79
160	0.05	1.19
peoples	0.05	0.60
spotted	0.05	0.76
chloanne	0.05	0.57
disable	0.05	0.75
turn	0.05	0.72
over	0.05	0.62
stone	0.05	0.67
ruler	0.05	0.74
pieces	0.05	0.68
team	0.05	1.05
menu	0.05	0.70
bear	0.05	0.63
130	0.05	1.14
discussion	0.05	1.07
soul	0.05	0.69
armour	0.05	0.74
lifegems	0.05	0.73
duration	0.05	0.84
harvest	0.05	0.73
mastadon	0.05	0.76
vendor	0.05	0.61
collecting	0.06	0.62
teach	0.06	0.62
blessing	0.06	0.63
tougher	0.06	1.17
stancing	0.06	0.80
purple	0.06	0.75
died	0.06	0.61
true	0.06	3.39
repeat	0.06	0.60
co-op	0.06	0.72
1v1	0.06	0.85
furthermore	0.06	0.73
attempts	0.06	0.59
gun	0.06	0.72
carefully	0.06	0.84
shulva	0.06	0.74
uninfused	0.06	0.75
needing	0.06	0.65
putting	0.06	0.76
pretend	0.06	1.31
curious	0.06	2.81
faith	0.06	0.79
practically	0.06	0.97
prisoner	0.06	0.54
contraption	0.06	0.64
cutting	0.06	0.63
captain	0.06	0.75
tearstone	0.06	0.65
stand	0.06	0.48
hack	0.06	0.69
nashandra	0.06	0.70
navlaan	0.06	0.50
rise	0.06	0.79
shop	0.06	0.56
blind	0.06	0.80
locked	0.06	0.65
black	0.06	0.59
toon	0.06	0.64
40/40	0.06	0.75
afford	0.06	0.65
powerstancing	0.06	0.80
selection	0.06	1.01
surrounding	0.07	0.62
raw	0.07	0.77
wellager	0.07	0.58
claymore	0.07	0.73
skeletons	0.07	0.87
finally	0.07	0.59
explicitly	0.07	0.85
shoots	0.07	0.70
itself	0.07	0.87
moves	0.07	0.84
murakumo	0.07	0.74
armor	0.07	0.75
allowed	0.07	0.69
heals	0.07	0.59
central	0.07	0.78
invest	0.07	0.73
powerstanced	0.07	0.80
straight	0.07	0.66
throne	0.07	0.88
intent	0.07	0.84
motherfucker	0.07	1.48
blades	0.07	0.64
finished	0.07	0.61
dig	0.07	0.76
petrified	0.07	0.66
ones	0.07	0.77
similarities	0.07	0.87
serpent	0.07	0.56
respawns	0.07	0.64
up	0.07	0.63
greatest	0.07	2.14
min	0.07	0.67
repair	0.07	0.81
berserker	0.07	0.75
smelter	0.07	1.02
b	0.07	1.08
behind	0.07	0.64
skipped	0.07	1.02
shortcuts	0.07	0.77
count	0.07	0.75
int/fth	0.07	0.80
sides	0.07	0.72
hardly	0.08	0.57
world	0.08	0.84
murder	0.08	0.75
sl1	0.08	0.74
fromsoft	0.08	1.07
quickly	0.08	0.69
git	0.08	1.31
thus	0.08	0.59
process	0.08	0.72
herbs	0.08	0.69
punishing	0.08	0.84
mushroom	0.08	0.67
saint	0.08	0.56
playstation	0.08	0.73
soldier	0.08	0.63
located	0.08	0.50
carried	0.08	0.73
0	0.08	0.92
determine	0.08	0.84
yearn	0.08	0.87
setup	0.08	0.92
bosses	0.08	1.21
perhaps	0.08	0.85
magical	0.08	0.72
trying	0.08	1.50
gender	0.08	0.65
wielding	0.08	0.79
attached	0.08	0.72
respawn	0.08	0.64
paths	0.08	0.73
scales	0.08	0.88
twin	0.08	1.04
poisoned	0.08	0.69
mushrooms	0.08	0.66
gear	0.08	0.70
hat	0.08	0.56
3rd	0.08	0.61
finish	0.08	0.64
mysterious	0.09	0.91
enabled	0.09	0.72
specifically	0.09	1.25
sword	0.09	0.76
pointed	0.09	0.78
inherently	0.09	0.94
boom	0.09	0.87
wielded	0.09	0.79
hence	0.09	0.70
color	0.09	0.70
mighty	0.09	0.76
rapiers	0.09	0.81
bringing	0.09	0.70
modded	0.09	0.67
mindset	0.09	0.75
buffing	0.09	0.72
distance	0.09	0.93
solely	0.09	0.72
infusions	0.09	0.77
overcome	0.09	0.72
regen	0.09	0.88
curve	0.09	0.89
arrive	0.09	0.74
improve	0.09	0.89
stacks	0.09	0.71
combined	0.09	1.27
thorns	0.09	0.68
types	0.09	0.75
japan	0.09	0.92
dad	0.10	0.81
gedosato	0.10	0.75
sickle	0.10	0.88
merchants	0.10	0.60
costs	0.10	0.68
making	0.10	1.03
chicken	0.10	1.24
magus	0.10	1.50
1st	0.10	0.60
bloody	0.10	1.18
witches	0.10	0.57
beside	0.10	0.51
went	0.10	0.57
cardinal	0.10	0.60
revive	0.10	0.59
basic	0.10	1.14
run	0.10	0.55
effects	0.10	0.87
rating	0.10	1.13
judging	0.10	0.76
shared	0.10	0.69
normal	0.10	1.10
skill	0.10	0.82
blood	0.10	0.67
nadalia	0.10	0.66
coop	0.10	0.72
pack	0.10	0.72
uk	0.10	0.74
fade	0.11	0.51
southern	0.11	0.67
becoming	0.11	0.67
windmill	0.11	0.67
difficulty	0.11	1.03
sorceress	0.11	0.59
channeler	0.11	0.67
won	0.11	0.83
torch	0.11	0.69
pendant	0.11	1.09
heavily	0.11	0.61
support	0.11	0.78
lines	0.11	0.71
defensive	0.11	0.74
gmb	0.11	0.74
enchanted	0.11	0.75
tie	0.11	0.68
precisely	0.11	0.93
instance	0.11	0.73
eggs	0.11	0.96
magic	0.11	0.77
stick	0.11	0.81
forums	0.11	0.95
queen	0.11	0.64
put	0.11	0.68
entered	0.11	0.59
elsewhere	0.11	0.69
fired	0.11	0.70
duo	0.11	1.11
mirrah	0.11	0.61
house	0.11	0.48
rewarded	0.11	0.70
summon	0.11	0.66
equipping	0.11	0.58
contains	0.11	0.60
whips	0.11	0.79
robes	0.11	0.58
twinblade	0.11	0.77
firing	0.11	0.70
earthen	0.12	0.63
mountain	0.12	0.63
repeating	0.12	0.54
trapped	0.12	0.62
playthrough	0.12	0.72
spend	0.12	0.62
having	0.12	0.89
hosting	0.12	0.72
skull	0.12	0.83
replace	0.12	0.69
twice	0.12	0.61
desert	0.12	0.59
gem	0.12	0.69
elana	0.12	1.09
yellow	0.12	0.71
cheating	0.12	0.70
crowns	0.12	0.62
crow	0.12	0.61
personality	0.12	0.81
trades	0.12	0.62
maces	0.12	0.80
covetous	0.12	0.79
elaborate	0.12	1.13
lion	0.12	0.64
currently	0.12	1.34
enable	0.12	0.69
standing	0.12	0.69
darkness	0.12	0.59
last	0.12	0.60
majestic	0.12	0.73
select	0.12	0.71
swap	0.12	0.65
position	0.12	0.71
represent	0.12	0.62
update	0.12	0.74
cause	0.12	1.13
mask	0.12	0.64
swapped	0.12	0.62
hours	0.13	0.63
script	0.13	0.89
spending	0.13	0.61
reaching	0.13	0.62
appeared	0.13	0.56
infusion	0.13	0.77
before	0.13	0.57
franchise	0.13	1.23
chestpiece	0.13	0.66
talk	0.13	0.72
own	0.13	0.74
allowing	0.13	0.59
half	0.13	0.61
method	0.13	1.10
rough	0.13	1.72
longer	0.13	1.18
bluestone	0.13	0.66
dragoncrest	0.13	0.59
others	0.13	0.67
partially	0.13	0.79
near	0.13	0.54
said	0.13	1.49
shooting	0.13	0.67
mechanic	0.13	0.88
staying	0.13	0.73
casts	0.13	0.52
women	0.13	0.66
ai	0.13	1.20
fires	0.13	0.68
argue	0.13	1.55
firekeepers	0.13	0.58
melentia	0.13	0.50
local	0.13	0.71
sells	0.13	0.56
youre	0.14	1.36
proc	0.14	0.73
optimized	0.14	0.99
folks	0.14	0.63
reaction	0.14	0.80
ritual	0.14	0.65
thousand	0.14	0.63
experiment	0.14	0.65
harm	0.14	0.99
seek	0.14	0.64
infusing	0.14	0.76
corrupt	0.14	0.68
lasts	0.14	0.75
trident	0.14	0.68
directions	0.14	0.71
announced	0.14	0.69
moss	0.14	0.72
lance	0.14	0.78
monitor	0.14	0.77
item	0.14	0.63
regret	0.14	0.73
hanging	0.14	0.73
right	0.14	0.66
develop	0.14	0.73
years	0.14	0.60
gs	0.14	0.76
understanding	0.14	0.76
bird	0.14	0.63
updated	0.14	1.52
carrying	0.14	0.59
sold	0.14	0.56
danger	0.14	0.86
swords	0.14	0.81
maughlin	0.15	0.54
click	0.15	0.77
implications	0.15	0.70
comes	0.15	0.55
worth	0.15	0.81
damaging	0.15	1.02
guardian	0.15	0.78
through	0.15	0.67
est	0.15	0.82
shoot	0.15	0.69
alt	0.15	0.72
punishment	0.15	0.92
twinblades	0.15	0.80
attunement	0.15	0.72
stones	0.15	0.72
passed	0.15	0.58
warden	0.15	0.59
robe	0.15	0.59
mod	0.15	0.72
halberd	0.15	0.79
yesterday	0.15	0.64
succeed	0.15	0.61
ago	0.15	0.62
smoke	0.15	0.73
modding	0.15	0.73
fully	0.15	0.68
main	0.15	1.22
covers	0.16	0.96
cycle	0.16	0.51
experiences	0.16	0.86
niche	0.16	0.74
field	0.16	0.94
lock-on	0.16	0.96
light	0.16	0.75
piece	0.16	0.65
sins	0.16	0.86
reading	0.16	1.20
rewards	0.16	0.67
thorned	0.16	0.75
powder	0.16	0.79
each	0.16	0.70
patient	0.16	0.87
dangerous	0.16	1.03
buffed	0.16	0.73
sec	0.16	0.71
transition	0.16	0.75
chick	0.16	0.48
locations	0.16	0.73
brings	0.16	0.76
spent	0.16	0.58
lances	0.16	0.81
cosplaying	0.16	0.89
innate	0.16	0.74
quicker	0.16	1.24
thin	0.16	0.70
waited	0.16	0.58
offers	0.16	1.19
clutch	0.16	0.68
idol	0.16	0.83
friday	0.16	0.89
pilgrims	0.16	0.69
threw	0.16	0.82
family	0.16	0.64
co	0.17	0.70
got	0.17	0.65
defenders	0.17	0.74
once	0.17	0.58
scythe	0.17	0.80
somehow	0.17	0.82
disappeared	0.17	0.65
today	0.17	0.69
day	0.17	0.73
infused	0.17	0.74
eat	0.17	0.82
archer	0.17	0.67
dr	0.17	1.15
farther	0.17	0.97
function	0.17	0.77
aerie	0.17	0.61
relevant	0.17	1.03
effectiveness	0.17	0.80
set	0.17	0.67
doing	0.17	1.69
slayer	0.17	0.77
skeleton	0.17	0.96
first	0.17	0.63
sell	0.17	0.58
contain	0.17	0.67
searching	0.17	0.77
beginning	0.17	0.57
merchant	0.17	0.50
christ	0.17	1.40
items	0.17	0.76
character	0.17	0.63
crossbow	0.17	0.69
ps	0.17	0.69
wasting	0.17	0.70
destiny	0.17	0.61
manner	0.17	0.77
outside	0.17	0.54
jokes	0.17	1.05
therefore	0.17	0.86
ringing	0.17	0.67
x	0.17	0.95
notes	0.17	1.52
element	0.17	0.76
hunters	0.17	0.67
glass	0.18	1.04
middle	0.18	0.71
stated	0.18	0.89
burning	0.18	0.63
pot	0.18	0.77
hacks	0.18	0.70
mimic	0.18	0.61
tower	0.18	0.67
entering	0.18	0.57
afk	0.18	0.63
chances	0.18	0.71
slower	0.18	1.22
mega	0.18	0.69
implied	0.18	0.91
platform	0.18	0.71
mlg	0.18	0.95
flexile	0.18	1.07
from	0.18	0.56
entirely	0.18	0.98
thread	0.18	1.08
faster	0.18	1.22
burnt	0.19	0.85
tombstone	0.19	0.54
2014	0.19	0.62
bonfire	0.19	0.63
malformed	0.19	0.81
released	0.19	0.61
tark	0.19	0.63
their	0.19	0.69
syan	0.19	0.73
infuse	0.19	0.76
playstyles	0.19	0.79
cuts	0.19	0.65
rated	0.19	0.85
backed	0.19	0.60
situational	0.19	0.84
march	0.19	0.70
dragon	0.19	0.66
failed	0.19	0.70
stay	0.19	0.72
managed	0.19	0.59
nest	0.19	0.65
4th	0.19	0.56
halberds	0.19	0.81
eating	0.19	0.86
reapers	0.19	0.83
turning	0.19	0.77
cannon	0.19	0.62
aura	0.20	0.74
considerably	0.20	1.10
buildup	0.20	0.74
fate	0.20	0.60
crest	0.20	0.68
chance	0.20	0.81
wake	0.20	0.74
her	0.20	0.49
greatswords	0.20	0.80
releases	0.20	0.63
visit	0.20	0.56
unable	0.20	0.85
popular	0.20	1.01
trusty	0.20	0.51
pro	0.20	0.79
blossom	0.20	0.69
hood	0.20	0.61
hang	0.20	0.74
fact	0.20	1.64
hour	0.20	0.62
helm	0.20	0.70
band	0.20	0.65
cage	0.20	0.56
usually	0.20	0.76
quest	0.20	0.65
playthroughs	0.20	0.64
sticky	0.20	0.99
appear	0.20	0.60
hd	0.20	0.75
scythes	0.20	0.84
sacrifice	0.20	0.70
pursuers	0.20	0.82
going	0.21	1.84
suggests	0.21	0.71
days	0.21	0.62
short	0.21	1.01
cut	0.21	0.79
nahr	0.21	0.97
importantly	0.21	0.76
describe	0.21	0.99
misses	0.21	0.76
female	0.21	0.67
prior	0.21	0.58
mastodon	0.21	0.78
flesh	0.21	0.72
buy	0.21	0.62
gilligan	0.21	0.50
alma	0.21	0.97
forces	0.21	0.62
sunbroing	0.21	0.64
card	0.21	0.74
implies	0.21	0.94
completed	0.21	0.63
identical	0.21	0.90
chest	0.21	0.66
resonant	0.21	0.75
week	0.21	0.69
lost	0.21	0.73
crossbows	0.21	0.74
ages	0.21	0.57
buying	0.21	0.66
burn	0.21	0.65
bleed	0.22	0.74
device	0.22	0.72
sentry	0.22	1.03
rosabeth	0.22	0.44
sized	0.22	0.95
child	0.22	0.64
katana	0.22	0.83
chosen	0.22	0.51
months	0.22	0.62
snipe	0.22	0.65
monarch	0.22	0.55
your	0.22	0.76
expect	0.22	0.86
consumables	0.22	0.81
sotfs	0.22	0.69
crystal	0.22	0.66
enchant	0.22	0.73
anywhere	0.22	0.62
legend	0.22	0.73
cheats	0.22	0.69
npc	0.22	0.59
imbue	0.22	0.76
walked	0.22	0.56
name	0.22	0.99
logic	0.22	1.67
intended	0.22	1.07
encourages	0.22	0.65
screen	0.22	0.64
carry	0.22	0.74
npcs	0.23	0.58
basement	0.23	0.66
rogue	0.23	0.64
unsure	0.23	2.62
penal	0.23	0.64
targray	0.23	0.64
greatsword	0.23	0.77
additional	0.23	0.82
cmw	0.23	0.71
negative	0.23	0.81
bastille	0.23	0.74
round	0.23	0.69
proceed	0.23	0.69
learning	0.23	0.70
live	0.23	0.73
trading	0.23	0.67
mission	0.23	0.69
facts	0.23	1.77
versatility	0.23	0.84
build	0.23	0.73
spice	0.23	0.75
score	0.23	0.79
play	0.23	0.60
closer	0.23	0.76
swordsman	0.23	0.61
metacap	0.24	0.70
stuck	0.24	2.63
survive	0.24	0.63
leydia	0.24	0.61
pace	0.24	0.87
res	0.24	0.73
tonight	0.24	0.92
continued	0.24	0.56
pull	0.24	0.65
weeks	0.24	0.61
visible	0.24	0.69
objective	0.24	1.27
licia	0.24	0.49
bonuses	0.24	0.82
incredible	0.24	1.80
daily	0.24	0.76
projectiles	0.24	0.72
ability	0.24	0.63
attention	0.24	0.67
superior	0.24	1.49
lowest	0.24	1.49
minute	0.24	0.63
certain	0.24	0.94
crescent	0.24	0.79
copse	0.24	0.69
llewellyn	0.24	0.76
cash	0.25	0.62
drangelic	0.25	0.70
tries	0.25	0.63
whole	0.25	1.04
wasted	0.25	0.69
sanctum	0.25	0.70
selling	0.25	0.64
options	0.25	0.71
variation	0.25	0.83
april	0.25	0.61
huntsman	0.25	0.70
parma	0.25	0.78
hes	0.25	0.92
counting	0.25	0.66
zweihander	0.25	0.74
crows	0.25	0.66
based	0.25	0.89
challenge	0.25	1.01
heides	0.25	0.67
combine	0.25	0.98
wondering	0.25	1.74
appearance	0.25	0.77
bump	0.25	1.17
slots	0.25	0.55
imbued	0.25	0.74
them	0.25	0.75
ol	0.25	0.84
stood	0.25	0.49
dogma	0.25	0.99
acid	0.26	0.85
values	0.26	0.94
hacking	0.26	0.68
knowledge	0.26	0.78
inferior	0.26	1.28
food	0.26	0.68
mage	0.26	0.65
perfect	0.26	1.72
drastically	0.26	0.95
silky	0.26	0.69
oath	0.26	0.72
locking	0.26	0.96
butcher	0.26	0.81
waste	0.26	0.70
early	0.26	0.84
zwei	0.26	0.76
events	0.26	0.67
maps	0.26	0.79
date	0.26	0.64
statue	0.26	0.64
wanted	0.26	1.05
takes	0.26	0.68
actively	0.26	0.82
poison	0.26	0.74
purposes	0.26	0.69
special	0.26	0.83
seconds	0.27	0.65
glowing	0.27	0.65
core	0.27	1.05
lit	0.27	0.66
bolts	0.27	0.73
previously	0.27	0.96
mass	0.27	0.66
weapons	0.27	0.79
pass	0.27	0.65
symbol	0.27	0.58
value	0.27	0.73
gravestone	0.27	0.52
corrupted	0.27	0.62
thankfully	0.27	0.77
ad	0.27	0.77
examples	0.27	0.71
often	0.27	0.95
allow	0.27	0.58
took	0.27	0.68
shortcut	0.27	0.65
grs	0.27	0.73
equipped	0.27	0.68
hard	0.27	1.18
fights	0.28	1.06
clearly	0.28	1.43
axes	0.28	0.84
mins	0.28	0.65
projectile	0.28	0.75
maxed	0.28	0.77
skipping	0.28	0.68
heirs	0.28	0.71
rather	0.28	0.94
impression	0.28	1.00
minutes	0.28	0.65
upgraded	0.28	0.77
creighton	0.28	0.57
proven	0.28	1.95
pants	0.28	0.60
awhile	0.28	0.69
tab	0.28	0.71
gloves	0.28	0.67
drakekeepers	0.28	0.80
feeble	0.28	0.95
arrow	0.28	0.69
delete	0.28	0.67
slb	0.29	0.73
sounded	0.29	1.01
young	0.29	0.63
skirt	0.29	0.62
leggings	0.29	0.69
trade	0.29	0.63
in-game	0.29	0.72
discover	0.29	0.59
roaring	0.29	0.75
downloaded	0.29	0.69
traded	0.29	0.65
drake	0.29	0.66
any	0.29	0.66
wooden	0.29	0.66
dynamic	0.29	0.80
charging	0.29	0.63
largely	0.29	0.90
moved	0.29	0.64
ascetic	0.30	0.66
fine	0.30	1.27
imply	0.30	1.02
warning	0.30	0.78
made	0.30	0.90
exhaust	0.30	0.47
buff	0.30	0.72
souls	0.30	1.50
judgement	0.30	0.64
1	0.30	1.69
safely	0.30	0.72
guarantee	0.30	0.72
focus	0.30	0.73
effect	0.30	0.79
viable	0.30	1.01
long	0.30	0.90
touch	0.30	0.77
came	0.30	0.57
engine	0.30	0.75
sky	0.30	0.64
promise	0.30	0.97
quality	0.30	0.83
lately	0.30	0.92
chests	0.30	0.62
saves	0.31	0.66
money	0.31	0.63
shape	0.31	0.78
display	0.31	0.67
cell	0.31	0.76
reasoning	0.31	1.25
deprived	0.31	0.64
phase	0.31	0.63
talisman	0.31	0.78
gauntlets	0.31	0.70
explore	0.31	0.60
shanalotte	0.31	0.52
gold	0.31	0.54
entire	0.31	1.11
transfer	0.31	0.69
remain	0.31	0.64
chameleon	0.31	0.73
silverblack	0.31	0.82
knight	0.31	0.73
pate	0.31	0.56
buffs	0.31	0.74
sit	0.31	0.68
watcher	0.31	0.77
bow	0.31	0.70
depend	0.31	0.89
huntsmans	0.31	0.69
downloading	0.31	0.73
skills	0.31	0.76
individual	0.32	0.81
existing	0.32	0.70
fourth	0.32	0.56
defender	0.32	0.77
homing	0.32	0.70
hag	0.32	0.47
posted	0.32	0.93
shadows	0.32	0.73
impressed	0.32	2.18
speed	0.32	1.11
simultaneously	0.32	0.75
action	0.32	0.82
results	0.32	1.14
cale	0.32	0.53
engage	0.32	0.57
linking	0.32	0.60
games	0.32	1.15
slightly	0.32	1.07
icon	0.32	0.64
pay	0.32	0.68
allows	0.32	0.59
topic	0.32	1.08
paper	0.32	0.82
saving	0.32	0.71
location	0.32	0.66
fire	0.32	0.73
lock	0.33	0.95
hybrid	0.33	0.71
common	0.33	1.22
recent	0.33	0.65
church	0.33	0.66
reference	0.33	0.86
blackbow	0.33	0.70
traveling	0.33	0.60
order	0.33	0.62
mules	0.33	0.67
jester	0.33	0.65
preferably	0.33	0.75
manage	0.33	0.73
stories	0.33	0.82
gods	0.33	0.76
program	0.33	0.73
upgrading	0.33	0.71
different	0.33	0.87
spear	0.33	0.79
forced	0.33	1.04
mace	0.33	0.70
month	0.33	0.62
flames	0.33	0.62
incentive	0.33	0.72
closest	0.33	0.96
spoil	0.33	0.94
psa	0.33	0.99
gavlan	0.33	0.75
wanderer	0.34	0.67
wind	0.34	0.72
greatbow	0.34	0.70
torches	0.34	0.67
drive	0.34	0.70
gravelord	0.34	1.41
elite	0.34	0.71
wheels	0.34	0.73
direct	0.34	0.80
onion	0.34	0.73
inventory	0.34	0.70
useful	0.34	1.32
phrase	0.34	1.62
cheaper	0.34	0.86
corrected	0.34	3.58
barely	0.34	0.62
ppl	0.34	0.87
replied	0.34	1.75
comparing	0.34	0.71
tanks	0.34	0.78
version	0.34	0.73
brume	0.34	0.84
doable	0.34	0.97
toss	0.34	0.85
creativity	0.34	1.08
greathammer	0.34	0.84
mimics	0.34	0.63
sitting	0.34	0.71
bring	0.34	0.68
cleric	0.34	0.64
die	0.34	0.64
cheat	0.35	0.68
paladin	0.35	0.58
wood	0.35	0.73
bows	0.35	0.74
tails	0.35	0.58
another	0.35	0.67
price	0.35	0.67
mansion	0.35	0.60
present	0.35	0.87
dlcs	0.35	0.70
reliable	0.35	1.06
bandit	0.35	0.69
comments	0.35	1.08
sat	0.35	0.52
puzzling	0.35	0.77
recently	0.35	0.65
upvoted	0.35	1.01
ashen	0.35	0.69
sale	0.35	0.63
purchase	0.35	0.64
emerald	0.35	0.50
clerics	0.35	0.60
explorer	0.35	0.62
ugs	0.35	0.80
herald	0.35	0.50
tomorrow	0.35	0.91
dammit	0.35	1.21
description	0.35	0.94
joking	0.36	1.27
lighting	0.36	0.71
line	0.36	0.68
target	0.36	0.92
resin	0.36	0.72
cuffs	0.36	0.62
appeal	0.36	0.75
alive	0.36	0.59
expecting	0.36	2.61
affinity	0.36	0.72
somewhere	0.36	0.58
spoilers	0.36	0.95
l	0.36	1.47
release	0.36	0.59
later	0.36	0.77
ng+4	0.36	0.72
references	0.36	0.76
tested	0.36	1.24
caster	0.37	0.70
typical	0.37	0.86
backups	0.37	0.68
type	0.37	0.81
screens	0.37	0.60
lady	0.37	0.48
america	0.37	0.84
helping	0.37	0.67
interview	0.37	0.87
joke	0.37	1.09
use	0.37	0.59
chat	0.37	0.70
suspect	0.37	0.95
installed	0.37	0.70
firekeeper	0.37	0.56
prism	0.37	0.69
generally	0.37	0.98
mist	0.37	0.70
data	0.37	0.89
kremmel	0.38	0.71
brand	0.38	0.67
respec	0.38	0.64
whether	0.38	1.35
slot	0.38	0.66
folder	0.38	0.67
dlc	0.38	0.63
melee	0.38	0.69
usage	0.38	0.86
history	0.38	1.02
gamestop	0.38	0.63
passing	0.38	0.77
exact	0.38	1.03
unexpected	0.38	1.08
attempting	0.38	0.85
boost	0.38	1.09
lighter	0.38	1.15
posting	0.38	1.02
unused	0.38	0.80
claims	0.38	1.24
playstyle	0.38	0.74
game	0.39	1.14
speeds	0.39	1.05
out	0.39	0.77
lastly	0.39	0.74
pure	0.39	0.71
such	0.39	1.05
numbers	0.39	1.46
regardless	0.39	1.00
saved	0.39	0.60
mechanics	0.39	0.99
heide	0.39	0.73
fans	0.39	0.87
ingame	0.39	0.72
tank	0.40	0.77
lights	0.40	0.68
cloud	0.40	0.68
carving	0.40	0.85
architecture	0.40	0.76
picking	0.40	0.59
spoiler	0.40	0.77
compare	0.40	1.12
deal	0.40	0.79
tooth	0.40	0.83
store	0.40	0.67
embrace	0.40	0.53
mule	0.40	0.65
secondary	0.40	0.97
finishing	0.40	0.71
important	0.40	0.98
criticism	0.40	0.95
drakewing	0.40	1.27
taken	0.40	0.78
opportunities	0.40	0.64
amazon	0.40	0.65
drakekeeper	0.40	0.78
one	0.40	0.86
megamule	0.40	0.66
significantly	0.40	1.10
abilities	0.40	0.73
definition	0.40	1.06
loop	0.40	0.71
burned	0.40	0.61
storyline	0.40	0.64
science	0.40	1.17
spell	0.41	0.62
flat	0.41	0.80
confident	0.41	2.52
sorcerer	0.41	0.69
arrows	0.41	0.80
co-oping	0.41	0.69
consumable	0.41	0.82
evil	0.41	0.83
initially	0.41	0.75
oik	0.41	0.87
listed	0.41	0.74
engraved	0.41	0.74
coincidence	0.41	1.10
dialogue	0.41	0.57
gladly	0.41	1.03
alternatively	0.41	0.66
boots	0.41	0.71
sacred	0.41	0.73
safer	0.41	1.13
originally	0.41	1.45
bright	0.41	0.72
journey	0.41	0.53
resins	0.42	0.74
goal	0.42	0.75
overly	0.42	0.87
highest	0.42	2.06
sometime	0.42	0.82
features	0.42	0.87
alva	0.42	0.71
climax	0.42	0.72
pyromancer	0.42	0.60
becomes	0.42	0.87
front	0.42	0.60
race	0.42	0.78
initial	0.42	0.97
warpick	0.42	0.77
leave	0.42	0.62
physically	0.42	0.69
automatically	0.42	0.68
opportunity	0.43	0.66
purchased	0.43	0.62
grant	0.43	0.78
barrier	0.43	0.76
effective	0.43	1.12
helmet	0.43	0.74
spears	0.43	0.82
toxic	0.43	0.76
lightning	0.43	0.78
apply	0.43	0.89
tendency	0.43	0.84
approach	0.43	0.61
complex	0.43	0.89
css	0.43	0.70
classes	0.43	0.66
till	0.43	0.81
universe	0.43	0.94
relatively	0.43	1.16
vary	0.43	0.92
basically	0.43	0.87
produce	0.43	0.72
little	0.43	0.91
file	0.43	0.67
convenient	0.44	1.11
havent	0.44	0.59
bass	0.44	0.57
success	0.44	0.68
then	0.44	0.68
fextralife	0.44	1.60
table	0.44	0.77
terms	0.44	1.29
design	0.44	1.30
download	0.44	0.65
pressure	0.44	0.81
styles	0.44	0.75
similar	0.44	1.24
share	0.44	0.74
dungeon	0.44	0.88
vague	0.44	0.88
every	0.44	0.78
basis	0.44	1.20
arc	0.45	0.84
tests	0.45	1.06
sorc	0.45	0.71
season	0.45	0.65
waiting	0.45	0.85
next	0.45	0.67
cat	0.45	0.50
controller	0.45	0.85
spooky	0.45	1.11
latest	0.45	0.75
opening	0.45	0.56
girl	0.45	0.57
touched	0.45	0.57
wasnt	0.45	0.87
ive	0.46	0.57
medal	0.46	0.71
soulmass	0.46	0.72
scratch	0.46	0.80
horror	0.46	0.82
pine	0.46	0.72
install	0.47	0.66
trick	0.47	0.96
conversation	0.47	1.13
failure	0.47	1.02
ordered	0.47	0.52
gotten	0.47	0.60
meant	0.47	3.43
aswell	0.47	0.90
solution	0.47	0.91
advanced	0.47	0.71
geyser	0.47	0.71
shalquoir	0.48	0.54
deny	0.48	0.82
warm	0.48	0.73
g=m	0.48	0.59
depending	0.48	0.95
hook	0.48	0.77
picked	0.48	0.52
ghost	0.48	0.88
paid	0.48	0.63
focused	0.48	0.70
priority	0.48	0.92
elements	0.48	0.82
wikidot	0.48	1.58
given	0.48	0.81
tried	0.48	0.58
exclusively	0.48	0.70
backup	0.48	0.72
combinations	0.49	0.88
admit	0.49	1.43
movesets	0.49	0.83
crypt	0.49	0.65
sure	0.49	1.59
closely	0.49	0.63
hell	0.49	1.16
spare	0.49	0.66
skyrim	0.49	0.96
taught	0.49	0.44
sorcerers	0.49	0.70
launch	0.50	0.56
until	0.50	0.75
pick	0.50	0.57
blunt	0.50	0.82
puzzle	0.50	0.80
unleash	0.50	0.72
material	0.50	0.70
em	0.50	0.97
mirror	0.50	0.87
less	0.50	1.07
earlier	0.50	0.77
staring	0.50	0.66
offense	0.50	0.79
ask	0.50	0.88
zelda	0.50	1.00
aim	0.50	0.91
grain	0.50	1.35
offensive	0.50	0.77
utterly	0.51	1.04
hexer	0.51	0.72
non	0.51	0.63
available	0.51	0.71
horribly	0.51	0.89
varangian	0.51	0.74
claim	0.51	1.30
progression	0.51	0.67
ve	0.51	0.63
finding	0.51	0.74
favorite	0.51	1.58
sequel	0.51	1.69
option	0.51	0.73
recommend	0.51	0.76
deeper	0.51	0.60
linked	0.51	0.75
thoroughly	0.51	1.10
wonders	0.51	0.92
fume	0.52	0.93
velka	0.52	0.70
pre	0.52	0.62
sacrifices	0.52	0.91
environment	0.52	0.88
blank	0.52	0.64
profound	0.52	0.72
exchange	0.52	0.73
scary	0.52	1.24
seen	0.52	0.62
learned	0.52	0.63
artorias	0.52	1.16
silver	0.52	0.61
balanced	0.52	0.95
wondered	0.52	0.99
strat	0.52	0.77
already	0.52	0.66
vanilla	0.52	1.53
testing	0.52	1.48
struggle	0.53	0.59
purpose	0.53	0.69
deleted	0.53	1.07
completely	0.53	0.88
o	0.53	1.08
talismans	0.53	0.82
new	0.53	0.65
wise	0.53	1.25
using	0.53	0.60
casul	0.53	1.14
worthy	0.53	0.70
favorites	0.53	2.15
father	0.53	0.76
stuff	0.54	1.19
depends	0.54	0.92
medals	0.54	0.69
agdayne	0.54	0.46
pvp	0.54	0.79
sets	0.54	0.76
wikis	0.54	1.47
according	0.54	0.98
cycles	0.54	0.52
achieved	0.54	0.72
sunken	0.54	0.86
unfortunate	0.54	1.38
neither	0.54	0.68
frankly	0.54	0.79
water	0.54	0.93
lifedrain	0.54	0.69
fair	0.54	1.11
flame	0.55	0.64
files	0.55	0.65
aspect	0.55	1.04
profit	0.55	0.80
velstadt	0.55	0.90
heads	0.55	1.05
titles	0.55	0.67
current	0.55	0.82
lgk	0.55	0.89
adding	0.55	0.84
supposed	0.55	1.81
alternate	0.55	0.89
jesus	0.55	1.38
ftfy	0.55	1.04
utility	0.56	0.81
time	0.56	0.84
theyre	0.56	1.17
2x	0.56	1.05
hints	0.56	0.70
yet	0.56	0.68
models	0.56	1.13
go	0.56	0.73
bleeding	0.56	0.75
mind	0.56	1.25
imho	0.56	1.08
forever	0.56	0.63
save	0.57	0.66
branch	0.57	0.93
tatters	0.57	0.64
research	0.57	0.91
close	0.57	1.08
refuse	0.57	1.14
prayer	0.57	0.73
wiki	0.57	1.49
normally	0.57	1.13
nearly	0.57	0.79
dialog	0.58	0.52
tv	0.58	0.63
shouldnt	0.58	0.87
descriptions	0.58	0.73
legit	0.58	0.73
progress	0.58	0.58
nor	0.58	0.72
knowing	0.58	0.83
sinh	0.58	0.89
fellow	0.58	0.74
immolation	0.58	0.70
struggling	0.58	2.50
coins	0.58	0.81
been	0.59	0.64
blacksword	0.59	0.75
master	0.59	0.72
much	0.59	0.92
lucatiel	0.59	0.63
ss	0.59	0.83
expected	0.59	1.15
pray	0.59	0.75
hardcore	0.59	0.91
diversity	0.59	0.81
ultimately	0.59	0.84
fireballs	0.59	0.75
throws	0.59	0.87
swear	0.60	1.10
discovery	0.60	0.71
subtle	0.60	0.86
shows	0.60	0.66
denial	0.60	0.78
skip	0.60	0.82
rusted	0.60	0.80
gone	0.60	0.72
progressing	0.60	0.72
grass	0.60	0.80
felkin	0.60	0.63
cutscene	0.61	0.55
coin	0.61	0.80
purely	0.61	0.74
xbox	0.61	0.84
quote	0.61	1.14
described	0.61	0.99
search	0.61	1.01
backing	0.61	0.68
nexus	0.61	0.97
recall	0.61	1.11
content	0.61	0.63
360	0.61	0.85
noticed	0.61	0.70
confirmed	0.61	0.80
starting	0.61	0.76
list	0.62	0.87
reveal	0.62	0.61
judge	0.62	0.67
point	0.62	1.17
glow	0.62	0.70
recommended	0.62	0.59
similarly	0.62	0.94
mental	0.62	0.74
aoe	0.62	0.82
notice	0.62	0.99
differently	0.62	0.97
darker	0.63	0.88
surely	0.63	0.73
gt	0.63	0.63
couldnt	0.63	0.84
comparison	0.63	1.23
choices	0.63	0.89
rip	0.63	0.81
never	0.63	0.70
meat	0.63	0.79
tarkus	0.64	0.97
interested	0.64	2.43
club	0.64	1.03
chose	0.64	0.65
needed	0.64	0.82
sarcasm	0.64	1.65
jack	0.64	0.77
include	0.64	0.76
sources	0.64	0.99
rpg	0.64	0.97
surge	0.64	0.76
feeling	0.65	0.77
explain	0.65	0.99
statement	0.65	1.58
darkmoon	0.65	1.46
free	0.65	0.70
unless	0.65	1.33
read	0.65	1.01
vortex	0.65	0.76
plot	0.65	0.64
website	0.65	1.00
woman	0.65	0.64
gls	0.65	0.79
preference	0.66	0.91
works	0.66	0.75
spots	0.66	0.95
lot	0.66	0.87
lingering	0.66	0.72
shrine	0.66	0.60
continue	0.66	0.54
possibilities	0.66	0.75
copy	0.66	0.63
shower	0.66	0.77
gift	0.66	0.55
page	0.66	1.05
raime	0.66	0.90
ruining	0.66	0.67
appropriate	0.67	1.16
altar	0.67	0.73
slightest	0.67	0.61
test	0.67	0.93
ride	0.67	0.75
diablo	0.67	0.88
drakeblood	0.67	0.95
priest	0.67	0.73
flipping	0.67	1.24
bought	0.68	0.62
manually	0.68	0.86
hole	0.68	0.73
feature	0.68	0.91
warmth	0.68	0.72
rpgs	0.68	0.97
fireball	0.68	0.80
found	0.68	0.67
error	0.68	2.55
miracle	0.68	0.77
section	0.68	0.68
coming	0.68	0.99
favourite	0.68	1.50
massively	0.69	0.77
gyrm	0.69	1.00
letters	0.69	1.10
used	0.69	0.57
lacks	0.69	1.26
storm	0.69	0.77
speculation	0.69	1.17
nippon	0.69	2.25
hex	0.69	0.86
ending	0.69	0.60
tell	0.69	0.95
aware	0.69	2.26
depth	0.70	1.00
clue	0.70	1.16
exploring	0.70	0.59
thoughts	0.70	0.73
compared	0.70	1.36
wait	0.70	0.73
alonne	0.70	0.90
lautrec	0.70	1.00
sunbros	0.70	0.73
further	0.70	0.67
c	0.71	1.14
had	0.71	0.63
route	0.71	1.01
terribly	0.71	0.86
formula	0.71	0.72
darksouls	0.71	1.66
article	0.71	0.99
iirc	0.71	0.92
official	0.71	1.05
figure	0.71	0.92
fan	0.71	0.67
efficient	0.71	1.13
medieval	0.71	0.81
gamertag	0.71	0.91
information	0.71	1.56
subject	0.71	0.88
let	0.71	0.88
american	0.71	1.01
happening	0.72	1.05
priestess	0.72	0.59
intention	0.72	0.75
again	0.72	0.81
choosing	0.72	0.95
clever	0.72	1.07
achievement	0.72	0.69
switched	0.72	0.78
conclusion	0.72	1.27
minus	0.72	1.03
ce	0.72	0.64
giving	0.72	0.77
opposed	0.72	0.81
ever	0.72	0.67
necessarily	0.73	0.88
class	0.73	0.79
anything	0.73	0.86
flair	0.73	1.10
included	0.73	0.73
text	0.74	1.31
anytime	0.74	0.84
dark	0.74	1.61
binoculars	0.74	0.97
canon	0.74	0.73
place	0.74	0.64
naturally	0.74	0.69
hacked	0.74	0.79
trophy	0.74	0.66
yorgh	0.74	0.90
because	0.74	1.34
seriously	0.74	1.47
decently	0.74	1.07
luckily	0.74	0.76
soon	0.74	0.98
fuckin	0.74	1.42
username	0.74	0.86
allone	0.74	0.86
need	0.75	0.81
meaning	0.75	1.72
context	0.75	1.52
played	0.75	1.17
category	0.75	1.06
bolt	0.75	0.85
gave	0.75	0.65
beta	0.75	0.68
ps3	0.76	0.82
yo	0.76	1.20
achievements	0.76	0.67
bothered	0.76	0.91
confusion	0.76	2.34
least	0.76	0.80
likely	0.76	0.85
note	0.76	0.88
combat	0.76	1.09
applied	0.76	0.88
were	0.77	0.76
weapon	0.77	0.91
answered	0.77	1.22
gives	0.77	0.96
pyros	0.77	0.75
wotg	0.77	0.83
wtf	0.77	1.24
aspects	0.78	0.98
theres	0.78	0.88
ds2	0.78	1.68
prove	0.78	1.17
satisfying	0.78	1.17
future	0.78	0.76
take	0.79	0.82
confirmation	0.79	0.88
proof	0.79	0.97
google	0.79	1.47
post	0.79	1.19
runs	0.79	0.72
hopefully	0.79	1.12
remotely	0.79	0.76
cursed	0.79	0.74
swathe	0.80	0.75
choose	0.80	0.79
hammer	0.80	1.02
brave	0.80	0.87
copies	0.80	0.60
able	0.80	0.90
vision	0.80	0.82
archdrake	0.80	0.75
scene	0.80	0.60
pros	0.80	0.90
challenging	0.81	0.99
more	0.81	0.87
mine	0.81	0.73
wog	0.81	0.84
spells	0.81	0.82
vastly	0.81	1.19
casting	0.81	0.90
guide	0.81	0.98
lloyd	0.81	1.02
bit	0.82	0.81
knew	0.82	1.07
forgive	0.82	2.41
includes	0.82	0.75
axe	0.82	1.01
fantasy	0.82	0.82
experience	0.82	0.83
forbidden	0.82	0.70
our	0.82	0.64
ultra	0.83	1.00
safe	0.83	1.01
corrosive	0.83	1.03
screaming	0.83	0.73
encourage	0.83	0.60
firestorm	0.83	0.79
highly	0.83	0.77
interpretation	0.83	0.90
provides	0.83	1.08
dksii	0.83	1.65
together	0.83	0.94
classic	0.83	0.85
colors	0.84	0.78
realized	0.84	1.51
brother	0.84	0.74
enjoyment	0.84	0.71
insolent	0.84	0.73
dks2	0.84	1.67
translation	0.84	2.09
throw	0.84	0.99
glory	0.84	0.66
pet	0.84	1.86
twist	0.84	0.86
mention	0.84	1.24
hammers	0.84	1.08
dare	0.84	0.68
dance	0.85	0.69
cast	0.85	0.84
literally	0.85	0.65
miracles	0.85	0.84
exploration	0.85	0.75
participate	0.85	0.76
poisoning	0.85	0.82
wrath	0.85	0.93
positive	0.85	0.80
tempted	0.85	2.47
adds	0.85	1.01
designs	0.85	1.17
immersion	0.85	0.80
y'know	0.85	0.89
sticking	0.85	0.61
perfectly	0.85	1.04
balnace	0.85	0.94
particular	0.85	1.59
expand	0.86	0.73
hoping	0.86	2.51
heard	0.86	0.59
written	0.86	1.32
greataxe	0.86	1.03
tag	0.86	1.17
strictly	0.86	0.96
ca	0.86	0.92
demons	0.86	1.56
oddly	0.86	1.06
cake	0.87	1.42
glove	0.87	0.85
showed	0.87	0.59
baby	0.87	0.95
upvote	0.87	0.80
wouldnt	0.87	0.91
cinematic	0.87	0.56
embedded	0.87	0.62
extra	0.87	0.90
ii	0.87	1.64
adventure	0.88	0.76
setting	0.88	0.76
consideration	0.88	0.84
brothers	0.88	0.71
jolly	0.88	0.69
peace	0.88	0.58
miyazaki	0.88	0.82
anymore	0.88	0.93
site	0.88	1.02
da	0.88	1.05
cute	0.88	1.05
tad	0.89	0.80
420	0.89	0.93
confirm	0.89	0.96
wrote	0.90	1.37
pyromancies	0.90	0.82
screenshot	0.90	0.94
nowhere	0.90	0.88
wonder	0.90	1.20
example	0.90	0.68
remember	0.90	1.03
editor	0.90	0.81
try	0.90	0.69
happened	0.90	0.79
questions	0.91	0.90
boat	0.91	0.88
unlike	0.91	1.45
nothing	0.91	0.89
chair	0.91	0.76
mostly	0.91	0.69
albeit	0.91	0.82
cosplay	0.91	0.87
firebombs	0.91	1.06
variety	0.91	0.87
bombs	0.91	1.06
throwing	0.92	1.05
pve	0.92	0.75
inclined	0.92	2.39
shown	0.92	0.67
damnit	0.92	1.26
stupidly	0.92	0.88
check	0.93	0.85
look	0.93	1.06
does	0.93	0.89
add	0.93	0.86
im	0.93	1.41
sunbro	0.93	0.70
hearing	0.93	0.76
enjoyed	0.93	1.66
see	0.94	0.97
original	0.94	0.93
links	0.94	0.87
friendly	0.94	0.87
gameplay	0.94	0.94
objectively	0.94	1.74
speak	0.94	1.21
mistakes	0.94	1.48
atm	0.95	1.03
enjoyable	0.95	0.91
perspective	0.95	0.74
imo	0.95	0.91
pyromancy	0.95	0.86
cooperation	0.95	0.68
where	0.95	0.92
chill	0.95	1.33
how	0.95	0.97
previous	0.95	1.51
checking	0.95	0.93
obviously	0.95	1.34
there	0.95	0.95
realistic	0.95	0.97
remembered	0.95	0.87
9/10	0.95	0.68
matter	0.96	0.89
solaire	0.96	0.67
loaded	0.96	0.71
physics	0.96	0.96
however	0.96	1.37
valuable	0.96	0.95
modern	0.96	0.74
layout	0.96	0.88
outfit	0.97	0.89
amana	0.97	0.63
theories	0.97	0.85
gon	0.97	1.44
steel	0.97	0.57
give	0.97	0.79
samurai	0.97	0.51
ninja	0.97	0.98
urns	0.97	1.04
sentence	0.98	1.63
longest	0.98	2.39
pyro	0.98	0.89
meaningful	0.98	0.81
t	0.98	0.99
admittedly	0.98	0.82
make	0.98	0.86
suns	0.99	0.67
want	0.99	0.91
evidence	0.99	1.00
course	0.99	1.68
diverse	0.99	0.90
realised	1.00	1.18
hail	1.00	0.65
comment	1.00	1.48
checked	1.00	1.10
battles	1.00	1.00
details	1.00	0.67
otherwise	1.00	1.30
incredibly	1.00	0.83
god	1.00	1.13
assume	1.01	1.39
helps	1.01	1.08
contrast	1.01	0.73
imagine	1.01	1.02
trailers	1.01	0.62
saw	1.01	0.65
knives	1.01	1.04
technically	1.01	1.37
show	1.01	0.64
names	1.01	1.17
glitched	1.01	0.90
sound	1.02	0.75
capture	1.02	0.70
tbh	1.02	1.01
whatever	1.02	0.88
u	1.02	1.14
snake	1.02	0.83
speedruns	1.02	0.69
enough	1.03	0.82
question	1.03	1.39
force	1.03	0.99
source	1.03	0.91
japanese	1.03	1.34
bout	1.03	1.08
primarily	1.03	0.70
makes	1.03	0.76
alone	1.03	0.85
ur	1.03	1.08
shall	1.04	0.65
why	1.04	1.04
handy	1.04	1.21
worthwhile	1.04	1.04
overall	1.04	1.16
pointing	1.04	2.37
sorcery	1.04	1.13
pickaxe	1.04	0.63
title	1.04	1.04
dont	1.04	0.98
hill	1.05	0.64
feel	1.05	0.68
fairly	1.05	0.84
seem	1.05	0.80
entirety	1.05	1.95
considering	1.05	0.88
story	1.05	0.68
assumption	1.05	2.55
forget	1.05	0.83
find	1.05	0.88
guides	1.06	0.91
thomas	1.06	0.85
reason	1.06	0.93
become	1.06	0.78
fyi	1.06	0.79
credit	1.06	0.66
intense	1.06	1.08
par	1.07	1.47
seemed	1.07	0.78
emit	1.07	0.99
somewhat	1.07	0.83
speedrun	1.07	0.76
bet	1.07	0.99
surprisingly	1.08	0.83
ahead	1.08	0.84
funny	1.08	1.81
sunlight	1.08	0.98
alternative	1.08	0.76
ridiculously	1.08	0.84
happen	1.08	0.95
know	1.08	1.01
come	1.09	0.85
insanely	1.09	0.84
faraam	1.09	0.92
visual	1.09	0.93
extremely	1.09	0.84
cant	1.09	0.91
object	1.09	0.75
apparently	1.09	1.16
image	1.09	0.82
k	1.10	1.34
thing	1.10	0.86
seems	1.10	0.80
sorceries	1.10	1.16
suit	1.10	0.65
wheel	1.10	0.80
realize	1.10	1.31
wisdom	1.10	1.20
hexes	1.10	1.20
doesnt	1.10	0.95
blinding	1.10	1.02
attune	1.10	0.88
regard	1.10	1.35
staff	1.10	1.12
streamers	1.10	0.71
writing	1.10	0.86
no	1.11	0.83
particularly	1.11	0.80
far	1.11	0.69
sadly	1.11	1.06
standpoint	1.11	0.82
catalysts	1.11	1.18
sunset	1.12	1.13
final	1.12	0.76
even	1.12	1.00
view	1.12	0.70
since	1.12	0.87
we	1.12	1.04
despair	1.12	0.76
tongue	1.13	0.78
cuz	1.13	1.03
immensely	1.13	0.69
done	1.13	0.77
caitha	1.14	1.14
doubt	1.14	1.04
equally	1.14	0.81
catalyst	1.14	1.19
primary	1.14	1.93
attuned	1.14	0.89
either	1.14	1.09
hellkite	1.14	0.65
did	1.14	0.96
math	1.14	2.04
thunder	1.14	1.02
help	1.14	0.79
isnt	1.15	0.94
images	1.15	0.70
optimal	1.15	2.03
better	1.15	1.75
english	1.15	2.38
ll	1.15	0.95
apologize	1.15	2.02
ship	1.15	0.86
shine	1.15	0.69
helped	1.16	0.74
aesthetic	1.16	0.89
heavenly	1.16	1.02
pic	1.16	0.85
please	1.16	1.03
intimidating	1.16	1.12
combustion	1.16	0.93
will	1.16	0.87
picture	1.16	0.75
pirate	1.16	0.78
explanation	1.17	0.89
feels	1.17	1.06
streaming	1.17	0.67
freaking	1.17	1.44
varied	1.17	0.88
wary	1.17	0.79
means	1.18	0.93
dunno	1.18	1.30
wont	1.18	0.96
believe	1.19	1.06
what	1.19	1.02
memorable	1.19	1.07
welcome	1.19	0.96
mechanically	1.19	1.19
mystery	1.19	0.54
twitch	1.19	0.70
theory	1.19	0.95
keeping	1.19	0.76
words	1.19	2.35
sooner	1.20	0.94
son	1.20	0.97
episode	1.20	0.62
scraps	1.20	0.98
reasonably	1.20	0.81
creepy	1.20	1.00
fun	1.20	1.06
wo	1.20	0.93
could	1.20	0.94
review	1.20	0.80
boyd	1.20	0.88
sense	1.21	0.94
das1	1.21	2.03
enb	1.21	0.64
ready	1.21	2.10
sketchy	1.21	1.06
flip	1.21	1.09
o.o	1.21	0.81
no-man	1.21	0.88
showing	1.22	0.69
egg	1.22	0.79
pictures	1.22	0.84
say	1.22	1.04
streamer	1.23	0.71
creative	1.23	0.87
omg	1.23	1.15
benhart	1.23	0.85
streams	1.23	0.72
very	1.24	0.83
link	1.24	1.12
fatty	1.24	0.79
kidding	1.24	1.21
sunny	1.24	0.89
ign	1.24	0.74
mean	1.24	1.03
felt	1.25	0.97
wharf	1.25	0.89
really	1.25	0.88
mans	1.25	0.89
willing	1.25	2.17
vibe	1.25	0.81
screenshots	1.25	0.64
way	1.25	0.84
boy	1.26	0.69
word	1.26	2.35
lesson	1.26	0.80
only	1.26	0.94
weakness	1.26	0.79
provided	1.26	0.73
fresh	1.27	0.69
super	1.27	0.90
wording	1.27	2.39
something	1.27	1.00
now	1.27	1.27
fastest	1.27	2.17
realise	1.27	1.33
sorta	1.27	0.95
honestly	1.27	1.06
hello	1.28	0.82
stream	1.28	0.71
praising	1.28	0.67
alot	1.28	0.76
should	1.28	0.99
enjoying	1.28	1.57
soooo	1.28	0.93
boot	1.28	0.84
looking	1.29	1.03
certainly	1.29	0.88
language	1.29	1.57
chimes	1.29	1.26
m8	1.30	1.13
quite	1.30	0.80
auto	1.31	2.54
dks1	1.31	1.89
chime	1.31	1.11
think	1.31	1.07
actually	1.31	1.03
das2	1.31	1.87
ds1	1.31	1.87
wut	1.31	1.11
laughing	1.31	0.92
most	1.32	1.90
greatly	1.32	0.77
guts	1.32	0.74
always	1.32	0.94
rewarding	1.32	0.92
inspired	1.32	0.73
hear	1.32	0.67
work	1.32	0.95
entertaining	1.33	1.04
maybe	1.33	1.02
lore	1.34	0.61
logical	1.34	1.66
horse	1.34	0.73
silent	1.34	0.71
trailer	1.35	0.64
its	1.35	0.86
mobile	1.35	1.55
too	1.36	0.88
prime	1.36	0.69
case	1.36	1.09
grossly	1.36	0.67
looked	1.36	0.78
intro	1.36	0.69
listening	1.37	0.68
sun	1.37	0.68
ds	1.37	1.91
worked	1.37	0.90
wat	1.38	1.06
would	1.38	0.95
kinda	1.38	0.87
offered	1.38	0.95
battle	1.39	0.91
rocking	1.39	0.57
pilgrim	1.39	0.84
preorder	1.39	0.67
spelling	1.40	2.71
pretty	1.40	0.94
assumed	1.40	1.63
vengarl	1.41	0.92
cover	1.41	0.76
tone	1.41	0.71
engaging	1.42	0.81
peeve	1.42	0.67
recording	1.42	0.68
plz	1.42	0.80
series	1.42	1.60
provide	1.43	0.77
map	1.43	0.75
dsii	1.43	1.93
grammar	1.44	2.59
practical	1.44	0.94
rock	1.44	0.69
might	1.44	1.03
although	1.45	1.15
na	1.45	1.04
figured	1.45	1.04
calm	1.46	1.16
vaati	1.46	0.78
watched	1.46	0.74
digital	1.46	0.70
loud	1.46	0.71
may	1.47	1.00
miss	1.47	1.66
record	1.47	0.55
personally	1.48	0.77
detail	1.48	0.75
still	1.48	0.98
upload	1.48	0.66
whereas	1.48	1.83
added	1.48	0.83
which	1.48	0.98
edition	1.48	0.69
mr	1.48	1.00
definitely	1.49	0.85
d	1.49	1.00
sigh	1.49	1.15
german	1.49	1.22
voice	1.49	0.65
also	1.49	1.00
pre-order	1.50	0.68
liked	1.50	1.52
especially	1.50	0.77
credits	1.50	0.63
wan	1.50	0.87
style	1.50	0.68
applies	1.51	2.39
painting	1.51	0.68
cooler	1.51	1.03
mic	1.51	0.67
tracks	1.51	0.91
berserk	1.52	0.74
sooo	1.52	0.85
das	1.52	1.87
probably	1.52	0.96
same	1.53	1.61
whats	1.53	1.01
aesthetics	1.53	0.85
phone	1.53	2.30
vids	1.54	0.75
channel	1.54	0.73
detailed	1.54	0.94
videos	1.54	0.85
footage	1.54	0.65
books	1.54	0.54
alas	1.55	0.68
watching	1.56	0.75
explains	1.56	1.03
responses	1.57	0.94
des	1.57	1.79
audio	1.58	0.68
strongest	1.58	1.98
unique	1.58	0.83
youtube	1.58	0.71
honesty	1.58	0.81
movie	1.58	0.64
gif	1.59	0.71
anime	1.59	0.62
good	1.59	1.77
providing	1.60	0.83
news	1.61	0.85
hot	1.61	0.82
exactly	1.62	1.03
watch	1.62	0.79
cape	1.62	1.00
answers	1.63	0.85
brutal	1.63	1.07
spot	1.63	0.75
waifu	1.64	0.71
noise	1.64	0.68
must	1.64	1.23
whichever	1.65	1.86
gunna	1.66	1.90
rain	1.67	0.68
formatting	1.67	2.39
apologies	1.68	2.34
visually	1.68	1.04
reaper	1.69	0.86
listen	1.70	0.69
congratulations	1.71	0.76
milfanito	1.71	0.63
response	1.71	0.95
video	1.72	0.78
ideas	1.72	0.77
draw	1.72	0.65
laughed	1.72	0.77
honest	1.73	1.76
preferred	1.73	1.33
shiny	1.74	0.82
idk	1.75	1.16
disc	1.75	0.65
mistake	1.76	2.26
fits	1.77	0.83
pls	1.78	0.73
charm	1.79	1.55
swag	1.82	0.85
didnt	1.83	0.95
offering	1.84	0.84
speaking	1.85	1.51
feedback	1.85	0.74
pics	1.85	0.71
plus	1.86	1.49
unfortunately	1.87	1.12
catching	1.87	1.41
coolest	1.88	1.31
thought	1.89	1.27
book	1.89	0.62
choice	1.89	1.38
track	1.91	0.73
though	1.91	0.99
concept	1.92	0.73
mood	1.92	0.69
clips	1.93	0.64
prefer	1.94	1.37
drawn	1.95	0.66
noted	1.95	0.94
exciting	1.96	1.09
edited	1.96	2.18
clearing	1.98	0.83
fashion	1.98	0.85
offer	1.98	0.86
whoa	1.98	1.10
replies	1.98	0.94
ill	1.99	0.93
possible	2.00	1.34
golden	2.00	0.71
sounds	2.00	0.97
beauty	2.02	0.74
incandescent	2.03	0.66
neat	2.03	1.46
ftw	2.04	0.80
praise	2.06	0.65
suits	2.06	1.31
advance	2.07	1.03
answer	2.07	0.88
ta	2.07	0.87
holy	2.08	1.31
drawing	2.08	0.64
nevermind	2.08	1.42
bro	2.11	0.93
metal	2.12	0.65
fit	2.13	1.10
dem	2.13	0.72
suggestions	2.15	0.85
excellent	2.15	1.36
clip	2.16	0.67
damn	2.17	1.35
yay	2.17	0.91
glorious	2.17	0.67
clarification	2.17	1.50
wish	2.18	0.90
edit	2.19	2.01
oops	2.19	1.55
idea	2.21	0.77
tho	2.21	1.03
theme	2.21	0.73
info	2.22	0.90
hmmm	2.22	1.07
til	2.22	0.89
wonderful	2.24	1.01
editing	2.24	0.59
sharing	2.24	0.82
singing	2.26	0.66
hi	2.27	0.83
anyway	2.28	0.94
hope	2.28	1.58
background	2.31	0.58
reply	2.31	0.97
buddy	2.32	0.90
looks	2.33	1.18
thats	2.33	0.99
huh	2.34	1.00
dude	2.35	1.26
nah	2.35	0.93
song	2.36	0.67
enjoy	2.37	1.13
nicely	2.37	0.93
totally	2.38	0.87
um	2.38	0.88
fancy	2.40	1.15
genius	2.40	0.85
loving	2.41	0.63
great	2.42	1.62
eh	2.42	1.01
absolutely	2.44	0.91
truly	2.45	1.02
glad	2.45	1.56
hehe	2.46	0.92
whoops	2.46	1.70
badass	2.46	1.27
suppose	2.46	0.92
sorry	2.47	1.69
suggestion	2.47	0.81
forgot	2.48	1.19
lt	2.52	0.90
indeed	2.53	0.94
solid	2.53	0.99
atmosphere	2.55	0.94
advice	2.57	0.82
tips	2.57	0.82
impressive	2.57	1.02
welp	2.58	0.99
guess	2.60	0.90
ya	2.60	0.88
aw	2.61	0.87
luck	2.62	0.81
addition	2.62	1.10
interesting	2.63	1.07
xd	2.64	0.87
hmm	2.66	0.89
hilarious	2.66	0.79
p	2.69	0.92
aww	2.70	0.87
yes	2.70	0.86
anyways	2.70	0.85
yup	2.71	0.87
fitting	2.71	0.87
appreciate	2.72	0.79
epic	2.72	0.79
yea	2.73	0.86
nope	2.74	0.86
heh	2.74	0.85
lmao	2.77	0.80
yep	2.77	0.86
nonetheless	2.79	0.94
hm	2.80	0.84
uh	2.82	0.82
lol	2.83	0.83
dat	2.84	0.89
hey	2.85	0.80
ha	2.87	0.83
well	2.87	0.95
hahaha	2.88	0.79
dang	2.89	0.83
10/10	2.90	0.80
ahhh	2.90	0.82
oh	2.90	0.81
lovely	2.90	0.73
okay	2.91	0.81
alright	2.91	0.82
woah	2.92	0.99
bud	2.92	0.80
sir	2.93	1.01
helpful	2.93	0.99
ok	2.93	0.80
sexy	2.93	0.97
ah	2.93	0.80
vid	2.94	0.78
brilliant	2.94	0.75
wow	2.95	0.97
worries	2.95	0.77
ahh	2.96	0.79
gotcha	2.96	0.79
soundtrack	2.97	0.74
cheers	2.97	0.79
mate	2.97	0.74
ty	2.98	0.79
thanks	2.98	0.79
art	2.98	0.76
thx	2.99	0.79
job	3.00	0.77
music	3.04	0.72
props	3.04	0.87
appreciated	3.06	0.79
congrats	3.07	0.82
beautiful	3.08	0.73
p.s	3.09	0.74
sweet	3.10	0.85
gorgeous	3.10	0.72
btw	3.13	0.88
cool	3.14	0.88
yeah	3.16	0.84
man	3.18	0.86
thank	3.23	0.83
tip	3.27	0.78
hah	3.27	0.77
haha	3.43	0.76
