horrific	-6.02	1.17
brutal	-6.02	0.71
worse	-5.59	0.95
disgusting	-5.51	1.34
atrocities	-5.23	1.66
bad	-5.22	2.35
justifies	-5.18	1.74
gays	-5.15	1.79
shitty	-5.14	1.30
hatred	-5.08	1.92
abhorrent	-5.03	1.10
justifying	-4.92	2.29
cruel	-4.89	1.49
dislike	-4.88	1.75
disasters	-4.76	1.83
bigotry	-4.76	1.91
genocide	-4.73	1.79
murderers	-4.69	1.43
mentality	-4.66	1.60
homophobia	-4.65	1.81
oppression	-4.61	1.75
questionable	-4.61	1.63
hating	-4.57	2.10
racism	-4.54	2.02
violence	-4.50	1.82
prejudice	-4.45	2.03
discrimination	-4.38	2.15
bigoted	-4.36	2.05
promotes	-4.35	2.09
persecuted	-4.33	1.95
homosexuals	-4.30	2.01
evils	-4.30	2.11
victims	-4.25	1.45
committed	-4.22	2.08
nazis	-4.12	2.15
oppose	-4.08	2.32
sexism	-4.00	1.77
deaths	-3.95	2.14
diseases	-3.94	2.38
immoral	-3.92	2.59
promoting	-3.91	2.30
type	-3.90	2.60
persecution	-3.89	1.56
comparison	-3.86	2.67
hostility	-3.85	2.40
favorite	-3.83	1.35
sorts	-3.79	2.60
labeled	-3.76	2.89
killed	-3.75	2.31
hateful	-3.73	2.34
anti-theists	-3.73	2.66
terrorism	-3.71	1.32
promote	-3.71	2.53
rapists	-3.66	2.15
rid	-3.60	2.78
barbaric	-3.57	1.29
speech	-3.56	2.67
sought	-3.53	2.73
racist	-3.53	2.56
arguably	-3.52	2.23
torture	-3.50	1.84
signs	-3.39	2.80
stalin	-3.38	1.27
plus	-3.38	2.55
anti	-3.37	2.61
holocaust	-3.36	1.54
ending	-3.33	2.82
unfortunate	-3.31	2.14
murders	-3.21	1.22
anti-theism	-3.18	2.35
habit	-3.15	3.28
endorse	-3.15	1.73
ridiculous	-3.12	2.85
transition	-3.11	2.54
morally	-3.09	3.52
poor	-3.09	2.46
against	-3.08	2.69
wars	-3.05	1.66
job	-3.04	2.39
gay	-3.03	2.60
justified	-3.01	3.65
arrogance	-3.01	2.65
slavery	-3.00	1.90
suicide	-3.00	1.48
lies	-3.00	2.42
cherry	-2.99	3.73
blaming	-2.97	1.40
condemn	-2.95	1.40
kind	-2.95	2.85
punishes	-2.93	2.28
uncomfortable	-2.87	2.83
attitudes	-2.86	2.50
sexist	-2.83	1.61
acceptable	-2.82	2.49
bits	-2.79	3.82
stoning	-2.79	1.41
murdered	-2.73	1.33
picked	-2.71	3.72
hitler	-2.71	1.43
crusades	-2.71	1.71
upset	-2.70	3.18
murder	-2.66	1.75
committing	-2.65	2.06
advocate	-2.64	2.08
justify	-2.64	3.16
homosexuality	-2.62	1.73
prison	-2.61	1.17
nazi	-2.59	1.66
violent	-2.58	1.87
heretics	-2.58	1.44
anger	-2.58	2.59
filled	-2.57	2.56
carried	-2.54	1.77
commit	-2.53	1.79
openly	-2.52	2.42
mass	-2.52	1.62
acts	-2.50	2.14
prevent	-2.48	1.94
responsible	-2.48	2.52
permissible	-2.46	3.47
criticizing	-2.44	2.93
hypocrisy	-2.43	2.12
justifiable	-2.42	2.91
motivated	-2.42	2.19
crimes	-2.41	1.47
witches	-2.40	1.70
unacceptable	-2.39	2.71
theft	-2.39	1.79
rape	-2.38	1.49
criticize	-2.37	2.75
pride	-2.37	2.69
pathetic	-2.36	3.21
stopping	-2.35	2.03
spreading	-2.35	1.98
poverty	-2.34	1.47
criminals	-2.31	1.38
condemning	-2.30	1.96
murdering	-2.27	1.47
scared	-2.27	2.83
shame	-2.27	2.66
twisted	-2.26	1.80
murderer	-2.26	1.57
commits	-2.24	1.94
unjust	-2.21	1.56
certain	-2.17	3.32
superiority	-2.15	2.31
leviticus	-2.14	2.18
killing	-2.14	1.80
blame	-2.14	2.64
lust	-2.12	1.83
stealing	-2.12	2.30
justifications	-2.11	3.07
preventing	-2.10	2.27
ignorance	-2.10	2.39
opposition	-2.07	2.60
slow	-2.05	1.71
painful	-2.05	2.87
encourages	-2.04	2.04
crime	-2.03	1.54
innocent	-2.02	1.41
attacked	-2.01	2.27
camp	-2.01	1.69
communism	-2.00	2.23
disease	-1.99	1.96
weird	-1.97	2.70
aids	-1.95	1.87
opposed	-1.95	2.67
executed	-1.95	1.60
bunch	-1.95	3.33
jail	-1.94	1.49
burned	-1.93	1.54
adultery	-1.93	1.68
protected	-1.93	2.13
stoned	-1.92	1.46
execution	-1.90	1.53
ideology	-1.90	2.54
defending	-1.89	3.58
advocating	-1.86	3.31
witch	-1.86	1.80
caused	-1.85	2.29
evil	-1.85	3.05
capital	-1.85	2.07
punishments	-1.84	1.54
petty	-1.84	1.95
ironic	-1.84	2.78
statistics	-1.83	2.05
gender	-1.83	2.23
immorality	-1.83	2.06
blatant	-1.81	2.29
comparing	-1.81	2.95
abortion	-1.79	2.10
equality	-1.78	2.21
secularism	-1.77	2.68
afraid	-1.76	4.09
millions	-1.74	1.47
trials	-1.73	2.03
practicing	-1.73	2.23
harmful	-1.72	2.81
homosexual	-1.72	1.99
criminal	-1.71	1.62
abuse	-1.71	1.63
types	-1.71	2.96
moderates	-1.71	2.39
guilty	-1.70	1.66
watching	-1.70	3.00
lots	-1.69	3.02
corrupt	-1.69	1.89
accused	-1.69	2.45
stake	-1.68	1.72
excuses	-1.67	2.38
doing	-1.67	4.91
threats	-1.67	1.89
thousands	-1.66	2.47
sometimes	-1.65	3.52
apostasy	-1.65	1.63
etc	-1.63	2.61
causing	-1.63	1.93
dying	-1.63	3.06
toward	-1.62	2.85
extremist	-1.62	2.36
ethnic	-1.61	2.48
illegal	-1.61	2.12
justification	-1.61	3.80
were	-1.61	3.13
good	-1.61	5.06
harsh	-1.60	2.03
blasphemy	-1.60	1.72
sort	-1.60	3.85
unfair	-1.59	2.83
corruption	-1.57	2.31
propaganda	-1.57	2.21
anti-theist	-1.57	3.43
stone	-1.56	2.23
non-christians	-1.56	1.58
lot	-1.55	3.96
burn	-1.54	1.48
mindset	-1.54	2.75
hurting	-1.54	3.82
unbelievers	-1.53	1.93
moderate	-1.53	2.38
hypocritical	-1.53	2.32
germany	-1.53	2.08
non-believers	-1.53	2.16
prevented	-1.53	2.69
race	-1.52	2.47
various	-1.52	3.14
hundreds	-1.52	2.53
minority	-1.51	2.37
protecting	-1.51	2.04
indirectly	-1.51	2.68
disrespect	-1.51	2.28
behaviour	-1.50	2.72
portrayed	-1.50	2.16
prevalent	-1.49	2.90
angry	-1.49	2.29
punishment	-1.49	1.49
sexuality	-1.48	2.29
eliminate	-1.45	2.35
offensive	-1.45	2.39
plenty	-1.45	3.34
these	-1.45	3.45
dishonesty	-1.44	2.61
comparable	-1.42	2.90
lump	-1.42	2.85
numerous	-1.42	3.04
lying	-1.41	4.40
express	-1.41	2.92
widespread	-1.41	2.89
actively	-1.41	2.92
countless	-1.40	2.55
cared	-1.40	3.09
proud	-1.40	2.97
inferior	-1.39	2.58
objectively	-1.39	5.06
heresy	-1.38	2.00
penalty	-1.37	1.63
threatened	-1.37	2.42
instances	-1.37	3.06
christians	-1.37	2.51
equate	-1.37	3.76
often	-1.36	3.64
climate	-1.36	2.78
punished	-1.36	1.65
vocal	-1.35	2.71
those	-1.35	3.51
much	-1.35	4.46
extremists	-1.35	2.27
jealous	-1.33	2.10
variety	-1.33	3.18
terrorist	-1.33	2.24
opposing	-1.32	3.24
defend	-1.31	3.93
illustrate	-1.31	3.38
excuse	-1.31	2.57
priests	-1.31	1.74
including	-1.30	3.19
worldwide	-1.30	2.46
organized	-1.30	2.69
display	-1.29	2.64
offended	-1.29	3.05
worried	-1.29	3.53
slaughter	-1.29	1.97
consequences	-1.28	2.87
revolution	-1.28	2.65
extreme	-1.28	2.29
intrinsically	-1.27	3.51
hurt	-1.27	2.57
ideologies	-1.26	3.05
norm	-1.26	2.79
discipline	-1.26	2.30
many	-1.26	3.39
communist	-1.26	2.26
cop	-1.26	1.83
global	-1.25	2.71
challenging	-1.25	3.38
threat	-1.25	1.92
kinds	-1.24	3.19
rights	-1.24	2.40
ironically	-1.24	2.20
caught	-1.24	1.90
dubious	-1.22	3.05
scary	-1.22	2.50
compare	-1.22	4.04
problematic	-1.21	3.38
trial	-1.20	2.04
cars	-1.20	1.95
fundamentalists	-1.20	2.53
stem	-1.20	2.70
cancer	-1.20	1.98
insulting	-1.19	2.43
odd	-1.19	3.79
atheists	-1.19	3.25
abused	-1.18	1.73
deal	-1.18	3.40
likes	-1.18	3.46
another	-1.18	4.30
raping	-1.18	1.76
usually	-1.17	3.40
critics	-1.16	2.77
denied	-1.16	3.14
fucked	-1.16	2.71
war	-1.16	1.97
stems	-1.16	2.87
considered	-1.15	4.32
idolatry	-1.15	2.15
rapist	-1.15	1.66
20th	-1.15	2.57
overlap	-1.15	3.42
marriage	-1.14	2.05
accuse	-1.14	3.00
severe	-1.14	1.96
weather	-1.14	2.67
alike	-1.14	2.89
active	-1.14	2.95
arrogant	-1.14	2.64
constitute	-1.14	2.87
target	-1.13	2.87
criticism	-1.13	3.05
lesser	-1.13	2.76
defense	-1.13	3.34
mock	-1.11	2.41
offense	-1.11	2.34
punishing	-1.11	1.68
general	-1.11	3.69
bacteria	-1.10	2.09
thereby	-1.10	2.91
refrain	-1.10	2.89
strange	-1.09	3.14
death	-1.09	1.75
ignorant	-1.09	3.06
tough	-1.09	2.88
particular	-1.08	4.01
bias	-1.08	2.82
confronted	-1.08	2.74
theists	-1.08	3.42
burning	-1.08	1.62
approve	-1.08	2.66
infants	-1.08	1.69
devoid	-1.07	2.36
americans	-1.06	2.70
judging	-1.06	3.57
dozens	-1.06	3.00
feel	-1.06	3.45
favor	-1.06	3.71
whilst	-1.06	2.36
insults	-1.06	2.62
threatening	-1.06	2.15
recall	-1.05	3.34
frequently	-1.05	3.36
accusing	-1.05	3.18
showing	-1.05	3.74
prevents	-1.04	3.00
protection	-1.04	1.91
grave	-1.04	2.19
outright	-1.04	3.14
unnatural	-1.04	2.73
unusual	-1.03	3.14
white	-1.03	2.50
e.g	-1.03	3.39
luther	-1.03	2.75
baseless	-1.02	3.76
criticized	-1.02	3.30
sexually	-1.02	1.79
hell	-1.01	1.68
america	-1.01	2.24
privilege	-1.01	2.73
isis	-1.01	2.40
religion	-1.01	4.59
miserable	-1.00	2.25
establishment	-1.00	2.65
accountable	-1.00	2.95
women	-1.00	1.98
referencing	-1.00	2.98
idiotic	-0.99	2.47
atheistic	-0.99	3.36
several	-0.99	3.30
fear	-0.99	2.63
annoying	-0.99	2.18
victim	-0.99	1.85
radical	-0.99	2.56
dozen	-0.99	2.97
religiously	-0.98	3.19
decent	-0.98	3.04
behavior	-0.98	2.97
bronze	-0.98	2.56
prohibition	-0.98	2.13
pot	-0.98	2.42
involve	-0.98	3.46
quotes	-0.98	3.44
surprised	-0.97	3.94
avoid	-0.97	3.30
thing	-0.97	5.29
skeptics	-0.97	3.13
idea	-0.96	5.17
assertions	-0.96	4.10
publicly	-0.96	3.06
allowing	-0.96	2.77
suggesting	-0.96	4.69
fundamentalism	-0.95	2.71
difference	-0.95	4.50
unreasonable	-0.95	3.70
agenda	-0.95	2.70
challenged	-0.95	3.75
sticks	-0.95	2.26
reasonable	-0.95	4.42
german	-0.94	2.66
led	-0.94	2.62
leading	-0.93	2.47
dogmatic	-0.93	3.16
accusations	-0.93	3.31
amendment	-0.92	2.56
rationalize	-0.92	4.08
reporting	-0.92	2.44
sharia	-0.92	2.32
stop	-0.92	3.74
religious	-0.91	3.06
thinking	-0.91	3.74
hung	-0.91	4.08
black	-0.91	2.69
implicitly	-0.91	3.52
obvious	-0.90	4.52
bizarre	-0.90	3.23
throwing	-0.90	2.83
magnitude	-0.90	3.15
inherently	-0.90	4.21
exclusively	-0.90	2.92
making	-0.90	4.38
patently	-0.90	3.79
tend	-0.90	3.16
gathering	-0.89	2.42
supporting	-0.89	3.96
claiming	-0.89	5.65
unnecessary	-0.89	3.09
so-called	-0.89	2.92
dealing	-0.88	3.82
selective	-0.88	2.76
unfounded	-0.88	3.91
distinction	-0.88	3.64
non-religious	-0.87	3.37
aggressive	-0.87	2.63
socially	-0.87	3.22
clergy	-0.87	2.05
form	-0.87	3.35
require	-0.87	3.90
tendencies	-0.87	2.28
natural	-0.87	3.20
contrast	-0.86	3.31
practiced	-0.86	2.86
subsequent	-0.86	2.79
hostile	-0.86	2.67
ordered	-0.85	2.98
intervene	-0.85	2.89
disagreeing	-0.85	5.01
absolutely	-0.85	5.75
albeit	-0.85	3.55
multiple	-0.85	3.45
disregard	-0.85	3.11
towards	-0.85	2.87
tons	-0.85	2.98
forms	-0.84	3.21
spread	-0.84	2.08
motivate	-0.84	3.78
judge	-0.84	3.33
metric	-0.84	3.64
groups	-0.83	2.60
humanism	-0.83	3.42
merits	-0.83	3.71
leap	-0.82	3.85
incapable	-0.82	3.53
typically	-0.82	3.06
eternal	-0.82	1.79
sinful	-0.82	2.44
distinctions	-0.82	3.58
guilt	-0.82	1.88
clearly	-0.82	5.64
barely	-0.81	3.63
compared	-0.81	3.10
fact	-0.81	5.79
kills	-0.81	2.28
attacking	-0.81	3.54
non-muslims	-0.81	2.38
democracy	-0.80	2.46
economic	-0.80	2.46
suffer	-0.80	1.75
additional	-0.80	3.12
raped	-0.80	1.72
cure	-0.80	2.01
ideas	-0.80	3.74
either	-0.80	5.70
movement	-0.80	2.87
dangerous	-0.80	3.13
concerned	-0.79	4.55
atheism	-0.79	3.93
unjustified	-0.79	4.10
talking	-0.79	5.65
legally	-0.79	2.75
disingenuous	-0.79	3.14
similar	-0.79	3.93
presupposing	-0.78	4.30
imo	-0.78	2.83
stuck	-0.78	2.29
always	-0.77	5.71
anything	-0.77	5.78
convinced	-0.77	5.67
basically	-0.77	5.06
otherwise	-0.77	5.74
attached	-0.77	2.73
intentional	-0.77	3.19
moral	-0.77	3.78
ethical	-0.77	3.61
dissonance	-0.77	2.42
pointing	-0.76	4.40
handful	-0.76	3.07
deemed	-0.76	3.59
conflict	-0.76	2.97
blanket	-0.76	3.43
saying	-0.76	5.81
dishonest	-0.76	3.43
nonsensical	-0.76	3.61
brand	-0.75	3.31
trouble	-0.75	4.00
politically	-0.75	3.11
instance	-0.75	4.59
died	-0.75	1.99
wicked	-0.75	1.80
demonstrate	-0.75	4.77
violation	-0.74	2.84
ignoring	-0.74	3.70
die	-0.74	1.87
baggage	-0.74	3.27
mean	-0.74	5.81
eternity	-0.74	1.79
arbitrary	-0.74	3.48
tribal	-0.74	2.64
utterly	-0.74	3.67
few	-0.73	3.26
specific	-0.73	3.97
deserved	-0.73	1.82
jews	-0.73	2.71
china	-0.73	2.56
binary	-0.73	4.12
explicitly	-0.73	3.81
still	-0.73	5.86
detrimental	-0.72	2.72
police	-0.72	2.38
validate	-0.72	4.39
case	-0.72	5.83
different	-0.72	3.89
legitimately	-0.72	2.91
unsupported	-0.72	4.10
without	-0.72	4.69
struggle	-0.72	2.85
destructive	-0.72	1.86
absurd	-0.72	3.61
discredit	-0.72	4.12
man-made	-0.72	2.86
convince	-0.71	4.94
apples	-0.71	2.67
fundamentalist	-0.71	2.66
void	-0.71	3.18
picking	-0.71	3.15
movements	-0.71	2.87
solve	-0.71	3.92
course	-0.71	5.84
charge	-0.71	2.88
office	-0.71	2.54
irrational	-0.71	3.59
superior	-0.71	3.43
declaring	-0.70	2.99
actually	-0.70	5.83
stops	-0.70	3.22
unless	-0.70	5.80
action	-0.70	3.45
classic	-0.70	3.55
also	-0.70	5.83
actions	-0.70	3.25
especially	-0.69	4.39
obviously	-0.69	5.83
tendency	-0.69	2.86
desirable	-0.69	2.78
most	-0.69	4.74
vacuum	-0.69	3.38
getting	-0.69	4.20
delusion	-0.69	2.61
fire	-0.68	1.75
eternally	-0.68	1.80
episode	-0.68	2.23
such	-0.68	5.29
politics	-0.68	2.62
felt	-0.68	2.70
legal	-0.68	2.59
hunger	-0.68	1.72
torment	-0.68	1.68
cases	-0.68	4.57
line	-0.68	3.53
differentiate	-0.68	4.37
mostly	-0.67	3.49
exercise	-0.67	2.83
shot	-0.67	2.28
persuade	-0.67	4.46
rewards	-0.67	1.86
babies	-0.67	1.74
multitude	-0.67	3.56
complain	-0.66	3.63
hold	-0.66	4.56
theism	-0.66	4.09
court	-0.66	3.20
courts	-0.66	2.44
childish	-0.66	2.60
plainly	-0.66	4.29
activity	-0.66	2.74
damnation	-0.66	1.73
scientism	-0.66	3.50
considering	-0.66	4.47
assert	-0.66	5.23
sense	-0.66	5.50
pointless	-0.66	3.43
reason	-0.66	5.53
arguing	-0.66	5.35
ludicrous	-0.65	3.29
carry	-0.65	3.44
frustrating	-0.65	2.67
rude	-0.65	2.76
involves	-0.65	3.46
majority	-0.65	3.48
lake	-0.65	1.81
same	-0.65	5.50
show	-0.65	4.89
relate	-0.65	4.23
dismissive	-0.65	2.88
gymnastics	-0.65	2.39
agnostics	-0.65	3.77
permanent	-0.65	1.75
described	-0.64	3.71
classify	-0.64	4.35
agnostic	-0.64	4.23
et	-0.64	2.77
escape	-0.64	3.26
differing	-0.64	3.72
sure	-0.64	5.84
generally	-0.64	4.20
reconcile	-0.64	4.49
draw	-0.64	3.76
declaration	-0.64	2.70
products	-0.64	2.44
islamic	-0.64	2.65
nothing	-0.63	5.51
rationally	-0.63	3.89
muslims	-0.63	2.73
deny	-0.63	4.60
else	-0.63	5.68
views	-0.63	3.86
liar	-0.63	3.72
tricky	-0.63	3.34
minded	-0.63	2.96
evidence	-0.63	4.73
rarely	-0.62	3.87
liberal	-0.62	2.68
ended	-0.62	3.18
supports	-0.62	3.84
establish	-0.62	4.48
disrespectful	-0.62	2.66
done	-0.62	5.39
position	-0.62	4.47
stating	-0.62	5.06
acting	-0.62	3.48
fallacy	-0.62	3.40
place	-0.62	4.28
admission	-0.61	3.03
negative	-0.61	4.01
explain	-0.61	4.89
doubt	-0.61	5.45
deists	-0.61	3.45
claim	-0.61	4.98
analogy	-0.61	4.46
pieces	-0.61	2.97
lastly	-0.61	3.11
having	-0.61	4.40
support	-0.61	4.50
yet	-0.61	5.51
drug	-0.60	2.67
classified	-0.60	3.28
fault	-0.60	2.31
distinguish	-0.60	4.45
infant	-0.60	1.82
culturally	-0.60	3.31
fallacies	-0.60	3.35
associated	-0.60	3.39
arise	-0.60	3.38
practice	-0.60	2.72
stretch	-0.60	3.22
essentially	-0.60	4.43
straight	-0.60	2.85
ca	-0.60	5.41
kill	-0.59	1.92
throughout	-0.59	3.47
cold	-0.59	2.10
stopped	-0.59	3.34
agree	-0.59	5.80
whatsoever	-0.59	4.69
afterlife	-0.59	2.09
intentionally	-0.59	3.43
nuclear	-0.59	2.79
complaining	-0.59	3.80
assertion	-0.59	4.60
heal	-0.59	2.29
since	-0.59	5.65
realizing	-0.59	3.27
buried	-0.59	2.49
fringe	-0.59	3.06
indistinguishable	-0.59	3.17
fed	-0.58	2.14
prove	-0.58	5.28
resort	-0.58	2.98
replace	-0.58	3.30
gnostic	-0.58	4.09
neutral	-0.58	4.08
preferable	-0.58	1.90
doomed	-0.58	1.73
stance	-0.58	4.14
labels	-0.58	3.86
scale	-0.58	3.32
none	-0.58	4.89
wishful	-0.58	3.34
national	-0.57	2.45
refute	-0.57	4.59
am	-0.57	5.51
illogical	-0.57	3.73
chinese	-0.57	2.86
act	-0.57	3.23
scotsman	-0.57	3.26
humanist	-0.57	3.96
falsehood	-0.57	3.76
exist	-0.57	5.39
recognized	-0.57	3.37
aware	-0.57	5.31
ton	-0.56	2.86
idiots	-0.56	2.83
again	-0.56	5.77
illness	-0.56	2.14
blatantly	-0.56	3.74
analogies	-0.56	3.60
implying	-0.56	4.65
soldiers	-0.56	2.01
substantiate	-0.56	4.58
uk	-0.56	2.69
proof	-0.56	4.84
end	-0.56	3.81
believers	-0.56	3.14
respective	-0.56	3.52
matter	-0.56	5.62
dismissing	-0.56	3.76
means	-0.56	5.52
galileo	-0.55	2.66
held	-0.55	3.95
happened	-0.55	4.97
involving	-0.55	3.40
grand	-0.55	3.04
together	-0.55	3.08
figuring	-0.55	4.30
mirror	-0.55	2.42
handle	-0.55	3.64
atheist	-0.55	4.15
insisting	-0.55	4.46
thrown	-0.55	2.24
nor	-0.55	5.22
hominem	-0.55	3.19
ever	-0.55	5.21
examine	-0.55	3.97
argue	-0.55	5.42
practices	-0.55	2.88
happening	-0.54	4.85
conclusive	-0.54	4.79
theistic	-0.54	4.00
two	-0.54	3.56
buddhists	-0.54	3.00
attitude	-0.54	3.11
empty	-0.54	2.97
hitchens	-0.54	2.62
explaining	-0.54	3.79
holding	-0.54	3.99
freedom	-0.54	2.75
discussing	-0.54	4.84
evaluate	-0.54	4.02
adherents	-0.54	2.88
destroyed	-0.54	2.40
separation	-0.54	1.85
somewhere	-0.54	4.29
abandoned	-0.54	2.42
conflicting	-0.53	3.67
recommend	-0.53	3.58
though	-0.53	5.77
ideals	-0.53	2.94
identify	-0.53	4.14
medicine	-0.53	2.46
consider	-0.53	5.33
questioned	-0.53	4.08
widely	-0.53	3.82
adequate	-0.53	3.71
commonly	-0.53	4.03
opposite	-0.53	5.04
primitive	-0.53	2.78
effectively	-0.53	3.54
subjectively	-0.53	3.82
depends	-0.52	4.13
deliberately	-0.52	3.73
expressed	-0.52	2.72
confirmation	-0.52	2.91
start	-0.52	4.88
almost	-0.52	5.11
pretend	-0.52	4.94
however	-0.52	5.70
offend	-0.52	3.67
explicit	-0.52	4.13
define	-0.52	4.90
assume	-0.52	5.59
over	-0.52	3.91
harming	-0.52	3.37
equating	-0.52	4.11
motive	-0.52	3.20
unfortunately	-0.52	4.44
connect	-0.52	4.26
convenient	-0.52	2.92
called	-0.52	3.55
backing	-0.52	4.36
evident	-0.52	3.93
someone	-0.52	5.00
watched	-0.52	2.71
hole	-0.52	2.88
unproven	-0.51	4.15
refuting	-0.51	4.47
condescending	-0.51	2.84
implicit	-0.51	4.07
taking	-0.51	4.67
ignore	-0.51	3.45
healed	-0.51	2.20
see	-0.51	5.66
ad	-0.51	3.27
count	-0.51	4.21
hardly	-0.51	4.31
hindus	-0.51	3.00
worldviews	-0.51	3.79
looking	-0.50	4.83
disprove	-0.50	4.79
anywhere	-0.50	5.35
reduce	-0.50	2.74
investigating	-0.50	4.15
rationale	-0.50	3.94
imply	-0.50	4.94
varying	-0.50	3.68
believed	-0.50	4.25
ideological	-0.50	2.89
bold	-0.50	4.06
examples	-0.50	4.47
entirely	-0.50	4.56
naturalist	-0.50	4.19
denying	-0.50	4.61
personally	-0.50	5.31
grant	-0.50	3.59
get	-0.50	4.54
claims	-0.50	4.37
lie	-0.50	3.97
creationists	-0.50	3.01
biggest	-0.49	3.70
finding	-0.49	4.26
example	-0.49	5.46
proving	-0.49	4.65
incoherent	-0.49	3.71
islam	-0.49	2.80
sufficient	-0.49	4.49
slightest	-0.49	4.48
evaluating	-0.49	4.26
established	-0.49	4.33
recognize	-0.49	4.81
judges	-0.49	2.88
denial	-0.49	4.10
asserting	-0.49	5.10
understand	-0.49	5.44
positive	-0.49	4.39
european	-0.49	2.69
engaging	-0.49	3.32
permitted	-0.49	2.72
satisfactory	-0.49	4.26
orders	-0.49	2.38
happens	-0.49	4.89
recognizing	-0.49	3.70
condemned	-0.48	2.02
agnosticism	-0.48	4.20
deeply	-0.48	3.37
steal	-0.48	2.35
treatment	-0.48	2.32
africa	-0.48	2.46
survey	-0.48	3.44
materialist	-0.48	4.17
rather	-0.48	4.73
incredibly	-0.48	3.63
except	-0.48	5.48
call	-0.48	4.57
combined	-0.48	3.28
sexual	-0.48	2.10
disbelieve	-0.48	4.73
grounds	-0.48	3.89
seem	-0.48	5.49
label	-0.47	4.11
quit	-0.47	3.12
attacks	-0.47	3.11
believing	-0.47	4.98
passive	-0.47	3.07
universally	-0.47	4.14
couple	-0.47	3.32
intellectually	-0.47	3.41
connected	-0.47	3.14
worldview	-0.47	4.01
assholes	-0.47	2.70
going	-0.47	5.63
punish	-0.47	1.91
definition	-0.47	4.78
intrinsic	-0.47	3.08
drawing	-0.47	3.41
causes	-0.47	3.59
non-belief	-0.47	4.31
clear	-0.47	5.36
dismiss	-0.46	4.46
fraction	-0.46	3.33
root	-0.46	3.52
never	-0.46	5.17
opinion	-0.46	5.20
sentiment	-0.46	2.85
philosophies	-0.46	3.48
makes	-0.46	5.04
smaller	-0.46	3.67
dodge	-0.46	3.53
slowly	-0.46	3.08
suffering	-0.46	1.73
whether	-0.46	5.37
compelling	-0.46	4.72
uncertain	-0.46	4.65
insult	-0.46	2.97
similarly	-0.46	4.20
work	-0.46	5.42
beliefs	-0.46	4.19
default	-0.46	4.37
delusional	-0.46	3.68
contrary	-0.45	4.45
selfish	-0.45	2.27
dominant	-0.45	3.45
somehow	-0.45	4.56
matters	-0.45	5.20
been	-0.45	4.99
nowhere	-0.45	4.67
popular	-0.45	3.78
native	-0.45	2.97
uncertainty	-0.45	3.34
include	-0.45	3.84
state	-0.45	3.00
talk	-0.45	5.22
tell	-0.45	5.51
relativism	-0.45	3.66
begin	-0.44	5.18
happen	-0.44	5.41
faced	-0.44	2.78
fighting	-0.44	2.36
governments	-0.44	2.71
wipe	-0.44	2.45
basis	-0.44	4.31
required	-0.44	3.81
places	-0.44	3.77
null	-0.44	4.42
merely	-0.44	4.82
periods	-0.44	3.10
accept	-0.44	5.25
non-existence	-0.44	4.64
deliberate	-0.44	3.54
presenting	-0.44	4.03
words	-0.44	4.70
exactly	-0.43	5.67
word	-0.43	4.71
deist	-0.43	3.98
seen	-0.43	4.80
parts	-0.43	3.22
theist	-0.43	4.29
nihilism	-0.43	3.64
youtube	-0.43	2.70
construction	-0.43	2.65
silence	-0.43	2.74
stand	-0.43	4.02
redefining	-0.43	4.51
where	-0.43	5.50
certainty	-0.43	4.41
keeps	-0.43	3.29
poll	-0.43	3.31
difficulty	-0.43	3.69
masses	-0.43	2.71
positions	-0.43	4.11
existed	-0.43	4.90
pantheist	-0.43	4.10
planned	-0.43	3.33
indicate	-0.43	4.20
avoiding	-0.43	3.49
granted	-0.43	3.45
mixed	-0.43	2.69
accepted	-0.43	4.39
cell	-0.43	2.52
furthermore	-0.43	4.76
exact	-0.43	4.85
part	-0.42	4.76
change	-0.42	4.69
demonstrating	-0.42	4.44
care	-0.42	5.43
disbelief	-0.42	4.31
europe	-0.42	2.90
questioning	-0.42	3.95
set	-0.42	3.72
really	-0.42	5.65
unfalsifiable	-0.42	4.34
clause	-0.42	2.87
occurred	-0.42	4.13
remove	-0.42	3.06
observing	-0.42	4.19
asserted	-0.42	4.70
lied	-0.42	3.81
undermine	-0.42	4.01
categories	-0.42	3.60
progressive	-0.42	2.76
adopt	-0.42	3.97
dogma	-0.41	3.17
skepticism	-0.41	3.82
single	-0.41	4.16
diverse	-0.41	3.65
harder	-0.41	3.85
now	-0.41	5.75
appeal	-0.41	3.33
insist	-0.41	3.93
aka	-0.41	3.15
facts	-0.41	4.67
certainly	-0.41	5.64
forever	-0.41	1.79
determination	-0.41	3.58
deluded	-0.41	3.77
completely	-0.41	4.59
demonstrated	-0.41	4.88
struggling	-0.41	3.72
meaningless	-0.41	4.00
violates	-0.41	3.21
disproven	-0.41	4.70
among	-0.41	3.55
identifying	-0.41	3.93
defended	-0.41	4.32
encountered	-0.41	3.95
whereas	-0.41	3.74
point	-0.40	5.56
convert	-0.40	3.45
both	-0.40	4.37
sam	-0.40	2.77
real	-0.40	4.68
ruled	-0.40	3.50
describing	-0.40	3.89
defined	-0.40	4.67
listed	-0.40	3.91
french	-0.40	3.42
magic	-0.40	3.89
acknowledge	-0.40	4.62
proved	-0.40	4.99
thought	-0.40	5.25
motivation	-0.40	2.94
select	-0.40	3.03
least	-0.39	5.39
here	-0.39	5.53
traditionally	-0.39	3.81
se	-0.39	3.46
lean	-0.39	3.77
bothered	-0.39	4.81
come	-0.39	5.05
zero	-0.39	3.96
political	-0.39	2.70
vs	-0.39	3.21
exposed	-0.39	3.93
made	-0.39	5.22
term	-0.39	4.43
stage	-0.39	3.05
said	-0.39	5.44
occur	-0.39	4.07
today	-0.39	4.17
british	-0.39	2.68
belief	-0.39	4.45
empirically	-0.39	4.61
concrete	-0.39	4.44
asking	-0.39	5.39
demonstrable	-0.39	4.54
pagans	-0.39	2.81
measure	-0.39	4.24
measured	-0.39	4.41
potentially	-0.38	3.55
rejection	-0.38	4.36
indication	-0.38	4.27
unconvinced	-0.38	4.68
unsubstantiated	-0.38	4.06
possibly	-0.38	5.40
significant	-0.38	3.74
examining	-0.38	4.06
east	-0.38	3.24
had	-0.38	4.56
divide	-0.38	3.49
saudi	-0.38	2.63
includes	-0.38	3.85
maybe	-0.38	5.70
wild	-0.38	3.30
energy	-0.38	3.72
disagreed	-0.38	4.20
gnosticism	-0.38	3.79
probably	-0.38	5.47
videos	-0.38	2.83
lead	-0.38	3.38
backed	-0.38	4.32
hanging	-0.38	2.60
consensus	-0.38	4.27
discern	-0.38	4.42
superstition	-0.38	3.35
subset	-0.38	3.55
proven	-0.38	5.03
notion	-0.38	4.25
meaning	-0.38	4.71
banning	-0.38	3.00
better	-0.38	4.09
strawman	-0.38	3.49
randomly	-0.38	3.06
aimed	-0.38	3.23
concept	-0.38	4.46
passages	-0.37	3.61
strong	-0.37	4.18
percentage	-0.37	3.30
imagining	-0.37	4.76
non	-0.37	3.15
conclude	-0.37	4.93
ages	-0.37	3.01
small	-0.37	3.34
laughable	-0.37	3.21
conservative	-0.37	2.70
development	-0.37	3.01
statements	-0.37	4.86
impression	-0.37	4.01
effects	-0.37	3.44
subscribe	-0.37	3.99
accusation	-0.37	3.87
apart	-0.37	3.18
epistemological	-0.37	3.92
large	-0.37	3.44
rooted	-0.37	3.05
performing	-0.37	3.21
occurs	-0.37	3.81
pragmatic	-0.37	3.68
yec	-0.37	3.17
represents	-0.37	2.86
used	-0.36	4.49
secular	-0.36	3.06
look	-0.36	5.07
warrant	-0.36	4.13
might	-0.36	5.51
institution	-0.36	2.75
find	-0.36	5.02
wherever	-0.36	2.76
definitions	-0.36	4.45
removes	-0.36	3.11
statement	-0.36	5.08
indian	-0.36	2.71
relating	-0.36	3.49
weapons	-0.36	2.58
harris	-0.36	2.81
itself	-0.36	4.79
suffered	-0.36	1.87
absence	-0.36	4.36
violate	-0.36	3.02
backwards	-0.36	3.29
irrelevant	-0.36	4.46
ego	-0.36	2.25
precedent	-0.36	3.78
attack	-0.36	3.37
superstitious	-0.36	2.88
rational	-0.36	4.07
semantics	-0.35	4.04
largest	-0.35	3.22
convincing	-0.35	5.02
spectrum	-0.35	3.77
involved	-0.35	3.64
verifiable	-0.35	4.51
suggest	-0.35	5.07
gradually	-0.35	3.46
ask	-0.35	5.40
round	-0.35	3.23
explained	-0.35	4.50
hard	-0.35	4.60
equivocation	-0.35	3.85
textbook	-0.35	3.53
already	-0.35	5.04
viewpoints	-0.35	3.91
resulted	-0.35	3.43
burden	-0.35	4.43
view	-0.35	4.45
correlation	-0.35	3.52
conjecture	-0.35	4.20
using	-0.35	4.51
too	-0.35	5.17
shows	-0.35	4.17
agreed	-0.35	4.93
contradict	-0.35	4.04
progression	-0.35	3.11
intellectual	-0.34	2.81
suspect	-0.34	5.34
strongly	-0.34	4.25
begging	-0.34	3.98
hiding	-0.34	3.07
investigate	-0.34	4.25
tenets	-0.34	3.50
vastly	-0.34	3.82
notions	-0.34	3.60
etymology	-0.34	4.07
observe	-0.34	4.20
determine	-0.34	4.35
silly	-0.34	2.90
acknowledging	-0.34	4.28
argued	-0.34	4.61
acted	-0.34	4.17
rates	-0.34	2.74
skeptic	-0.34	4.19
wide	-0.34	3.51
preach	-0.34	2.58
laid	-0.34	3.06
everything	-0.34	5.28
huge	-0.34	3.37
cause	-0.34	4.12
verses	-0.34	3.50
observed	-0.33	4.51
redefine	-0.33	4.49
side	-0.33	4.35
directed	-0.33	3.82
population	-0.33	3.14
previously	-0.33	3.88
sex	-0.33	2.19
shown	-0.33	4.96
usage	-0.33	4.41
very	-0.33	4.90
related	-0.33	4.00
dispute	-0.33	4.78
rough	-0.33	3.42
tiny	-0.33	3.54
rightly	-0.33	3.79
positively	-0.33	4.02
searching	-0.33	4.37
scientifically	-0.33	4.48
substantial	-0.33	3.72
noun	-0.33	4.28
pretending	-0.33	4.01
thousand	-0.33	3.33
terms	-0.33	4.44
sample	-0.33	3.66
spite	-0.33	3.54
veracity	-0.33	4.26
bigger	-0.33	3.94
american	-0.33	2.72
ve	-0.33	4.82
use	-0.33	4.36
restrict	-0.33	3.36
independently	-0.33	4.31
truth	-0.32	4.72
far	-0.32	5.06
synonymous	-0.32	4.42
measuring	-0.32	3.94
describe	-0.32	4.38
supposed	-0.32	5.22
pose	-0.32	4.08
provide	-0.32	4.30
viewpoint	-0.32	4.21
appealing	-0.32	3.49
homeless	-0.32	2.23
increasingly	-0.32	3.42
larger	-0.32	3.52
hundred	-0.32	3.30
india	-0.32	2.88
dead	-0.32	2.27
dictionaries	-0.32	4.34
regarded	-0.32	3.89
growth	-0.32	2.94
viewed	-0.32	3.64
indoctrination	-0.32	2.60
scholars	-0.32	3.93
despite	-0.32	4.22
exists	-0.32	5.25
straw	-0.32	3.29
measurable	-0.32	4.26
during	-0.32	3.29
images	-0.31	2.27
vast	-0.31	3.23
speculation	-0.31	4.03
middle	-0.31	3.02
constitution	-0.31	2.65
largely	-0.31	4.00
leads	-0.31	3.50
weak	-0.31	4.18
circumcision	-0.31	2.42
known	-0.31	5.06
objective	-0.31	4.24
performed	-0.31	3.00
repeatedly	-0.31	4.37
scriptural	-0.31	3.55
represent	-0.31	3.69
touched	-0.31	3.75
controversial	-0.31	4.41
composition	-0.31	3.54
remotely	-0.31	4.33
rejected	-0.31	4.43
refer	-0.31	4.33
incorrectly	-0.31	4.12
represented	-0.31	3.09
analyze	-0.31	4.37
demonstration	-0.31	4.29
proves	-0.31	4.94
communicate	-0.31	4.32
israelites	-0.31	2.38
worthless	-0.31	3.80
willfully	-0.31	3.62
actual	-0.31	4.78
little	-0.31	4.77
exclusive	-0.31	4.14
popularity	-0.31	3.71
buddhist	-0.30	3.39
martin	-0.30	2.74
arabia	-0.30	2.72
partially	-0.30	3.41
atoms	-0.30	3.76
verify	-0.30	4.52
solid	-0.30	4.44
mention	-0.30	4.47
consequence	-0.30	2.86
myself	-0.30	4.56
literally	-0.30	4.85
shift	-0.30	3.86
genuinely	-0.30	4.26
falsify	-0.30	4.48
broad	-0.30	3.86
useless	-0.30	3.91
surprising	-0.30	3.39
representative	-0.30	3.08
deserving	-0.30	2.04
applying	-0.30	3.77
enough	-0.30	5.24
demonstrates	-0.30	3.97
past	-0.30	4.26
constitutes	-0.30	4.13
apply	-0.30	3.98
understood	-0.30	4.73
impose	-0.30	3.73
assumptions	-0.30	4.15
religions	-0.30	3.39
philosophically	-0.30	3.88
negation	-0.30	4.81
result	-0.30	3.35
confusing	-0.30	3.83
refuted	-0.30	4.59
proponents	-0.30	3.43
overwhelming	-0.30	3.72
uncaused	-0.30	4.21
simply	-0.29	5.62
critically	-0.29	4.07
explanation	-0.29	4.30
condemnation	-0.29	2.20
indeed	-0.29	5.42
reference	-0.29	4.14
hoc	-0.29	3.50
requires	-0.29	3.79
dictionary	-0.29	4.30
beginning	-0.29	4.44
interested	-0.29	4.94
must	-0.29	4.77
subjects	-0.29	3.90
circles	-0.29	3.62
truths	-0.29	4.51
referred	-0.29	4.08
giving	-0.29	3.71
identified	-0.29	4.07
times	-0.29	3.96
mentioning	-0.29	4.11
although	-0.29	5.47
imagine	-0.29	5.16
referring	-0.29	4.90
its	-0.29	4.66
examined	-0.29	4.55
seems	-0.29	4.60
before	-0.29	4.57
sick	-0.29	2.01
gotten	-0.29	3.94
help	-0.28	3.86
counter	-0.28	4.54
unsure	-0.28	4.74
assumption	-0.28	4.46
exception	-0.28	3.61
i.e	-0.28	4.15
relevant	-0.28	4.93
direction	-0.28	3.70
concluded	-0.28	4.62
intuitively	-0.28	4.50
sets	-0.28	3.61
labor	-0.28	2.38
mocking	-0.28	2.61
lines	-0.28	3.68
beating	-0.28	2.38
comes	-0.28	4.31
present	-0.28	4.46
discuss	-0.28	4.86
capable	-0.28	3.57
dealt	-0.28	3.95
remember	-0.28	4.89
south	-0.28	2.80
perhaps	-0.28	5.36
reasons	-0.28	4.18
number	-0.28	3.42
affirm	-0.28	4.36
sinners	-0.28	1.98
expect	-0.28	5.20
debated	-0.28	4.32
force	-0.28	3.52
proposition	-0.28	4.92
molecules	-0.28	3.69
give	-0.28	4.54
contain	-0.27	3.00
iron	-0.27	2.70
mark	-0.27	2.94
concepts	-0.27	4.26
presuppositionalism	-0.27	3.89
context	-0.27	4.57
fine	-0.27	5.57
critique	-0.27	3.58
ii	-0.27	3.22
resolve	-0.27	4.05
thus	-0.27	4.43
acknowledged	-0.27	4.29
misrepresenting	-0.27	3.86
precisely	-0.27	5.08
major	-0.27	3.95
spontaneously	-0.27	3.85
contradicted	-0.27	4.21
correctly	-0.27	4.43
constantly	-0.27	3.35
proposing	-0.27	4.62
contexts	-0.27	3.94
african	-0.27	2.68
hospital	-0.27	2.27
tested	-0.27	4.59
specifically	-0.27	4.48
carrying	-0.27	2.92
naturalism	-0.27	4.02
repeated	-0.27	4.15
apologists	-0.27	3.54
credence	-0.27	4.05
heavy	-0.27	3.62
nothingness	-0.27	3.97
issue	-0.27	4.86
unified	-0.27	2.97
weakness	-0.27	3.06
each	-0.27	4.01
moot	-0.27	3.82
lend	-0.27	3.87
verified	-0.27	4.52
documented	-0.27	4.18
forbidden	-0.27	2.86
neither	-0.26	5.09
presented	-0.26	4.51
addition	-0.26	3.53
doctors	-0.26	2.20
changed	-0.26	4.53
official	-0.26	2.98
specify	-0.26	4.51
enforce	-0.26	3.43
briefly	-0.26	3.35
ways	-0.26	4.02
inclination	-0.26	3.00
debating	-0.26	4.52
challenges	-0.26	3.31
terribly	-0.26	4.67
presuppose	-0.26	4.51
due	-0.26	3.41
metaphysics	-0.26	3.88
taoism	-0.26	3.40
telling	-0.26	5.08
disagreements	-0.26	4.15
practically	-0.26	4.11
decades	-0.26	3.48
80	-0.26	3.61
missing	-0.26	4.74
arbitrarily	-0.26	3.26
adequately	-0.26	4.68
whole	-0.26	4.21
buddhism	-0.26	3.36
list	-0.26	4.01
boring	-0.25	2.37
event	-0.25	4.26
boils	-0.25	3.87
rationalism	-0.25	3.81
implications	-0.25	3.80
grounded	-0.25	4.00
desert	-0.25	2.71
philosophers	-0.25	3.77
practical	-0.25	3.70
knowingly	-0.25	3.65
finite	-0.25	3.17
technical	-0.25	4.33
right	-0.25	5.67
herring	-0.25	3.95
ghosts	-0.25	3.63
speculate	-0.25	4.63
adding	-0.25	3.49
pattern	-0.25	3.63
style	-0.25	3.11
<URL>	-0.25	2.80
<SPECIAL>	-0.25	2.80
covers	-0.25	3.61
materialism	-0.25	3.90
favour	-0.25	3.40
connection	-0.25	3.37
differences	-0.25	3.74
controversy	-0.24	3.28
loaded	-0.24	3.84
solipsism	-0.24	3.83
drugs	-0.24	2.63
food	-0.24	2.37
learning	-0.24	4.00
dictate	-0.24	3.96
organs	-0.24	2.47
pleading	-0.24	3.67
appear	-0.24	4.49
unknown	-0.24	3.19
host	-0.24	2.85
trivial	-0.24	3.71
reducing	-0.24	2.70
becomes	-0.24	4.20
tangible	-0.24	4.09
naturalistic	-0.24	4.01
detect	-0.24	4.26
extremely	-0.24	4.47
opinions	-0.24	4.21
cult	-0.24	2.92
experienced	-0.24	3.68
ought	-0.24	3.87
easily	-0.24	4.58
claimed	-0.24	4.74
dismissed	-0.24	4.19
degrees	-0.24	3.75
ontology	-0.24	3.95
checked	-0.24	3.96
west	-0.24	2.91
attributed	-0.24	3.58
impact	-0.23	3.47
presupposition	-0.23	4.13
vary	-0.23	4.15
face	-0.23	2.66
suppose	-0.23	5.54
actuality	-0.23	4.01
amongst	-0.23	3.68
resulting	-0.23	3.04
starting	-0.23	4.54
confirmed	-0.23	4.46
problem	-0.23	4.79
hide	-0.23	3.27
whatever	-0.23	5.30
untrue	-0.23	4.67
phrase	-0.23	4.34
accident	-0.23	2.87
train	-0.23	3.03
easy	-0.23	4.11
purely	-0.23	3.97
generic	-0.23	3.92
invoke	-0.23	3.83
insignificant	-0.23	3.23
after	-0.23	3.59
iraq	-0.23	2.58
trivially	-0.23	4.76
witnessed	-0.23	3.88
realism	-0.23	3.82
measurement	-0.23	4.04
personhood	-0.23	3.07
broader	-0.23	3.94
methodological	-0.22	4.04
phenomenon	-0.22	4.07
persuasive	-0.22	4.08
extra	-0.22	3.39
figure	-0.22	5.13
hinduism	-0.22	3.33
torturing	-0.22	1.53
ultimately	-0.22	4.09
defining	-0.22	4.64
pushing	-0.22	3.64
quite	-0.22	4.89
motivations	-0.22	3.28
sect	-0.22	3.02
concerning	-0.22	3.96
inconsistency	-0.22	3.53
take	-0.22	5.19
meanings	-0.22	4.32
research	-0.22	3.93
cease	-0.22	2.80
disproved	-0.22	4.64
violated	-0.22	2.97
perspective	-0.22	4.29
provided	-0.22	4.11
redundant	-0.22	3.29
sheer	-0.22	2.95
portion	-0.22	3.45
deduce	-0.22	4.42
press	-0.22	3.13
naive	-0.22	3.42
prominent	-0.22	3.71
doubts	-0.21	4.14
terminology	-0.21	4.28
harm	-0.21	2.80
realize	-0.21	5.34
empiricism	-0.21	3.93
common	-0.21	3.97
magically	-0.21	3.41
14	-0.21	3.64
debunked	-0.21	4.22
jumping	-0.21	3.68
aspects	-0.21	3.70
anyone	-0.21	5.20
occasionally	-0.21	3.20
primarily	-0.21	3.51
regards	-0.21	4.17
group	-0.21	3.08
chemicals	-0.21	3.44
epistemic	-0.21	3.95
realistic	-0.21	3.31
existence	-0.21	4.77
roman	-0.21	2.78
particle	-0.21	3.49
40	-0.21	3.03
along	-0.21	3.98
challenge	-0.21	4.47
onto	-0.21	3.50
medical	-0.21	2.56
government	-0.21	2.80
reform	-0.21	2.93
assumed	-0.21	4.87
attempted	-0.21	3.55
credible	-0.21	4.24
size	-0.21	3.54
disagree	-0.21	5.61
nowadays	-0.21	3.89
observable	-0.21	4.17
location	-0.20	3.99
christianity	-0.20	3.31
child	-0.20	1.99
three	-0.20	3.51
speaker	-0.20	3.73
proofs	-0.20	4.35
admits	-0.20	3.45
speed	-0.20	3.47
vaguely	-0.20	3.80
convey	-0.20	4.07
shifting	-0.20	4.05
applicable	-0.20	4.25
move	-0.20	3.69
placed	-0.20	3.36
realist	-0.20	3.85
begins	-0.20	4.18
importantly	-0.20	3.42
alone	-0.20	4.39
issues	-0.20	4.22
factual	-0.20	4.52
renders	-0.20	3.90
everywhere	-0.20	4.00
resolved	-0.20	4.10
contingent	-0.20	4.56
study	-0.20	3.87
disorder	-0.20	2.55
judged	-0.20	2.78
chemical	-0.20	3.35
refutation	-0.20	4.41
significance	-0.20	3.99
chemistry	-0.20	3.41
sold	-0.20	2.23
falsifiable	-0.20	4.40
relevance	-0.20	4.38
potential	-0.20	3.87
personality	-0.20	2.76
history	-0.20	3.96
gathered	-0.20	2.89
invalidate	-0.20	4.07
video	-0.20	2.70
isolated	-0.19	3.42
tends	-0.19	3.39
defines	-0.19	4.42
feelings	-0.19	2.47
thin	-0.19	2.48
percent	-0.19	3.30
strikes	-0.19	3.67
weaker	-0.19	3.89
division	-0.19	3.49
therefore	-0.19	5.02
carries	-0.19	3.60
craig	-0.19	3.39
proceed	-0.19	3.77
judgment	-0.19	2.95
tied	-0.19	3.58
factually	-0.19	4.71
adopted	-0.19	2.04
religiosity	-0.19	3.02
90	-0.19	3.71
intuitive	-0.19	3.92
scheme	-0.19	3.35
trend	-0.19	3.45
gaps	-0.19	3.40
series	-0.19	3.35
implies	-0.19	4.48
million	-0.19	3.08
grasp	-0.19	4.33
realized	-0.19	3.75
falsified	-0.19	4.47
admit	-0.19	5.14
weight	-0.18	3.82
studied	-0.18	4.15
names	-0.18	3.89
elements	-0.18	3.53
buying	-0.18	2.56
countries	-0.18	2.81
well	-0.18	5.55
bit	-0.18	4.41
admitted	-0.18	4.55
perspectives	-0.18	3.93
contradictory	-0.18	3.93
impressive	-0.18	3.16
passage	-0.18	4.12
epistemology	-0.18	3.88
warning	-0.18	2.25
virtual	-0.18	3.77
confirm	-0.18	4.36
obscure	-0.18	3.85
notes	-0.18	3.73
testable	-0.18	4.38
starving	-0.18	1.96
absurdity	-0.18	3.29
mainstream	-0.18	3.19
forums	-0.18	3.88
choosing	-0.18	3.50
and/or	-0.18	3.60
establishing	-0.18	3.62
absolutes	-0.18	4.43
references	-0.18	3.79
debates	-0.18	3.66
dies	-0.18	2.41
star	-0.18	2.72
step	-0.17	3.87
unicorns	-0.17	4.36
narrow	-0.17	3.69
less	-0.17	4.56
across	-0.17	3.32
inappropriate	-0.17	3.41
presumably	-0.17	4.66
effect	-0.17	3.79
particles	-0.17	3.91
interpreting	-0.17	3.73
problems	-0.17	4.11
regarding	-0.17	4.25
exploring	-0.17	3.87
time	-0.17	4.15
phrases	-0.17	4.12
complicated	-0.17	4.26
apparent	-0.17	4.04
specifics	-0.17	4.76
commitment	-0.17	4.03
events	-0.17	4.07
motives	-0.17	3.26
deities	-0.17	4.04
simple	-0.17	4.41
functionally	-0.17	4.21
conflicts	-0.17	3.08
differ	-0.17	4.16
policy	-0.17	3.07
began	-0.17	4.18
determining	-0.17	4.16
mixing	-0.17	3.16
refers	-0.17	4.18
defeat	-0.17	2.13
wealth	-0.17	2.35
found	-0.17	4.64
putting	-0.17	4.01
main	-0.16	4.61
perceived	-0.16	3.47
regardless	-0.16	4.63
associate	-0.16	3.47
areas	-0.16	3.49
seemingly	-0.16	3.98
weigh	-0.16	3.81
orthodoxy	-0.16	2.95
foundations	-0.16	3.93
area	-0.16	4.01
intention	-0.16	3.53
cultural	-0.16	3.13
comprehend	-0.16	4.43
changing	-0.16	4.20
lane	-0.16	3.23
presupposes	-0.16	4.42
sects	-0.16	3.18
theologians	-0.16	3.78
sole	-0.16	3.73
benefits	-0.16	3.10
versus	-0.16	3.30
encouraged	-0.16	3.21
revelations	-0.16	3.06
individual	-0.16	3.82
once	-0.16	4.63
citing	-0.16	3.71
admitting	-0.16	4.45
process	-0.16	3.29
formulated	-0.16	4.22
composed	-0.16	3.81
rise	-0.16	3.40
arab	-0.16	2.81
thinkers	-0.15	3.57
necessary	-0.15	4.82
heavily	-0.15	3.67
applies	-0.15	3.96
declared	-0.15	3.53
prior	-0.15	4.11
language	-0.15	4.30
solved	-0.15	4.33
values	-0.15	3.62
critical	-0.15	3.71
poorly	-0.15	3.98
stated	-0.15	4.85
infer	-0.15	4.64
region	-0.15	2.96
destruction	-0.15	2.39
reject	-0.15	4.77
activities	-0.15	2.92
relative	-0.15	4.03
identical	-0.15	4.31
safely	-0.15	3.25
sciences	-0.15	3.56
phenomena	-0.15	4.06
included	-0.15	3.81
psychological	-0.15	2.85
latter	-0.15	4.54
historians	-0.15	3.61
historically	-0.15	4.04
self-evident	-0.15	4.48
true	-0.15	5.55
massive	-0.15	3.28
exceptions	-0.15	3.77
details	-0.15	4.16
calling	-0.15	3.19
learn	-0.15	4.39
violating	-0.15	3.10
abusive	-0.15	2.33
uneducated	-0.15	2.84
equation	-0.15	4.04
fallacious	-0.15	3.83
amount	-0.15	3.33
directly	-0.15	4.34
hypothetically	-0.15	4.25
answer	-0.15	5.22
overly	-0.15	3.66
normative	-0.15	3.90
monsters	-0.15	4.15
subject	-0.15	4.49
accidentally	-0.15	3.54
deism	-0.15	3.77
interfere	-0.15	3.44
need	-0.15	5.09
movie	-0.15	2.12
reverse	-0.14	3.58
centuries	-0.14	3.67
block	-0.14	3.47
men	-0.14	2.18
council	-0.14	3.00
coming	-0.14	4.02
uses	-0.14	4.22
standpoint	-0.14	3.84
accordingly	-0.14	3.52
starts	-0.14	3.86
objectivity	-0.14	4.05
aspect	-0.14	4.12
miracles	-0.14	3.79
clue	-0.14	5.38
damage	-0.14	2.23
field	-0.14	3.70
central	-0.14	3.76
ethics	-0.14	3.69
physicalism	-0.14	3.82
beside	-0.14	4.33
biased	-0.14	3.79
metaphysical	-0.14	3.92
exclude	-0.14	3.84
slightly	-0.14	4.59
faster	-0.14	3.69
articulate	-0.14	4.40
causality	-0.14	3.99
core	-0.14	3.88
latin	-0.14	3.91
arises	-0.14	3.79
discussed	-0.14	4.53
appeals	-0.14	3.44
necessarily	-0.14	5.11
leaving	-0.14	3.17
yes	-0.14	5.67
regress	-0.14	3.98
first	-0.14	4.25
bird	-0.14	3.53
factor	-0.14	3.73
bearing	-0.14	4.45
opponents	-0.14	3.57
hungry	-0.14	2.47
rare	-0.13	3.87
sequence	-0.13	3.67
hence	-0.13	4.60
century	-0.13	3.38
mathematically	-0.13	4.14
public	-0.13	3.13
fool	-0.13	3.49
minute	-0.13	3.13
chain	-0.13	3.65
goalposts	-0.13	3.93
philosophical	-0.13	3.79
while	-0.13	4.04
suit	-0.13	3.61
confused	-0.13	4.96
seeking	-0.13	3.31
deals	-0.13	3.92
purposefully	-0.13	3.59
causation	-0.13	4.09
fantasy	-0.13	3.60
preclude	-0.13	3.97
encourage	-0.13	3.74
nearly	-0.13	3.64
materialistic	-0.13	3.90
becoming	-0.13	3.55
succeed	-0.13	4.04
contains	-0.13	2.92
standards	-0.13	3.59
fight	-0.13	2.26
bother	-0.13	4.86
crux	-0.12	4.72
fashion	-0.12	3.70
conceptions	-0.12	3.71
u	-0.12	4.33
realization	-0.12	2.91
avoided	-0.12	3.97
pleasant	-0.12	2.43
crucifixion	-0.12	2.40
krauss	-0.12	3.24
crucial	-0.12	3.86
mix	-0.12	3.39
qualify	-0.12	3.55
99	-0.12	3.72
wondering	-0.12	5.08
entertain	-0.12	3.96
arrive	-0.12	4.18
leprechauns	-0.12	4.22
simplistic	-0.12	3.77
g	-0.12	4.26
flood	-0.12	3.57
t	-0.12	4.34
conflating	-0.12	3.85
gather	-0.12	2.85
selling	-0.12	2.46
tautology	-0.12	4.27
lack	-0.12	3.95
norms	-0.12	3.18
influential	-0.12	3.59
affairs	-0.12	4.09
rigorous	-0.12	3.83
assumes	-0.12	4.52
collapse	-0.12	3.57
worry	-0.12	4.12
pure	-0.12	3.36
doctrines	-0.12	3.51
academia	-0.12	3.78
five	-0.12	3.41
reliably	-0.11	4.33
space	-0.11	4.01
big	-0.11	4.12
ie	-0.11	3.58
back	-0.11	4.62
v	-0.11	4.23
highly	-0.11	4.46
spacetime	-0.11	4.04
importance	-0.11	3.96
discover	-0.11	4.48
fairly	-0.11	4.69
test	-0.11	4.30
drawn	-0.11	3.55
moreover	-0.11	3.59
depend	-0.11	4.25
raises	-0.11	4.21
late	-0.11	3.35
experts	-0.11	3.76
disappear	-0.11	3.56
meaningfully	-0.11	4.42
foolish	-0.11	3.40
mentioned	-0.11	4.50
structure	-0.11	3.33
empirical	-0.11	4.26
equally	-0.11	4.45
struck	-0.11	2.97
motion	-0.11	3.91
dragons	-0.11	4.15
touch	-0.11	3.23
immune	-0.11	3.41
successfully	-0.11	4.24
levels	-0.10	3.34
indicated	-0.10	4.27
billions	-0.10	2.65
ambiguous	-0.10	4.31
cognitive	-0.10	3.32
axiomatic	-0.10	4.13
repeatable	-0.10	4.26
d	-0.10	5.26
rejecting	-0.10	4.40
principle	-0.10	3.83
axiom	-0.10	4.29
subjectivity	-0.10	3.90
judgments	-0.10	3.90
evangelical	-0.10	2.78
contention	-0.10	4.78
addressing	-0.10	4.69
biases	-0.10	3.17
basics	-0.10	4.16
properly	-0.10	4.24
entails	-0.10	4.41
b	-0.10	4.78
nietzsche	-0.10	3.44
numbers	-0.10	3.82
gun	-0.10	2.71
absent	-0.10	3.89
futile	-0.10	3.56
pointed	-0.10	4.64
meditation	-0.10	2.98
paradigm	-0.10	3.95
frame	-0.10	3.92
suddenly	-0.10	3.82
conceptual	-0.10	3.89
spiritually	-0.10	2.95
vague	-0.10	4.19
category	-0.10	3.44
u.s	-0.10	2.96
definitive	-0.10	5.24
eastern	-0.10	3.05
300	-0.10	3.28
states	-0.10	2.77
infinite	-0.10	3.65
devil	-0.10	2.94
passing	-0.09	3.08
semantic	-0.09	3.62
particularly	-0.09	4.64
x	-0.09	4.75
needs	-0.09	4.46
jobs	-0.09	2.34
besides	-0.09	4.73
expanded	-0.09	3.92
behave	-0.09	3.66
expected	-0.09	3.68
dawkins	-0.09	2.76
positing	-0.09	4.46
y	-0.09	4.77
manipulate	-0.09	3.73
developed	-0.09	3.59
implication	-0.09	4.43
protestants	-0.09	2.87
according	-0.09	3.47
miracle	-0.09	3.87
rabbis	-0.09	3.00
judaism	-0.09	3.14
0	-0.09	4.23
independent	-0.09	4.04
significantly	-0.09	3.88
contend	-0.09	4.50
should	-0.09	5.25
competing	-0.09	3.80
intent	-0.09	3.78
restricted	-0.09	3.56
expectation	-0.09	3.25
differently	-0.09	4.45
tests	-0.09	4.18
reasonably	-0.09	4.59
overcome	-0.09	3.26
expansion	-0.09	3.94
important	-0.09	4.60
applied	-0.09	4.08
put	-0.09	4.08
naturally	-0.09	3.81
somewhat	-0.08	4.50
extent	-0.08	4.23
rituals	-0.08	2.96
formed	-0.08	3.41
mere	-0.08	4.04
dr	-0.08	3.04
basic	-0.08	3.90
frankly	-0.08	4.10
decade	-0.08	3.43
conveniently	-0.08	3.68
faiths	-0.08	3.30
proper	-0.08	4.02
altered	-0.08	3.49
moved	-0.08	3.80
situations	-0.08	4.12
branch	-0.08	3.26
six	-0.08	3.38
helped	-0.08	2.47
denominations	-0.08	3.17
id	-0.08	3.89
supported	-0.08	4.42
propositions	-0.08	4.68
scientology	-0.08	3.28
reincarnation	-0.08	3.07
monster	-0.08	4.18
founded	-0.08	3.60
c	-0.08	4.46
quoting	-0.08	3.98
rome	-0.08	2.86
personal	-0.08	3.68
takes	-0.08	4.19
distance	-0.08	3.67
patterns	-0.08	3.55
egyptian	-0.08	2.83
sunni	-0.08	3.00
reduces	-0.08	2.77
z	-0.08	4.44
sum	-0.08	3.42
homo	-0.08	2.98
referenced	-0.08	4.01
accepting	-0.08	4.65
settled	-0.08	3.87
constructed	-0.08	3.43
marriages	-0.07	2.25
range	-0.07	3.53
four	-0.07	3.44
length	-0.07	3.75
60	-0.07	3.35
observer	-0.07	3.93
2000	-0.07	3.43
atom	-0.07	3.61
usual	-0.07	3.02
detail	-0.07	4.20
100	-0.07	3.66
links	-0.07	3.84
encounter	-0.07	3.17
depression	-0.07	2.17
territory	-0.07	3.43
framework	-0.07	3.88
english	-0.07	4.29
experiments	-0.07	4.17
processes	-0.07	3.47
mover	-0.07	4.16
behaviors	-0.07	3.04
statistical	-0.07	3.63
commands	-0.07	2.51
taken	-0.07	4.52
testing	-0.07	4.21
static	-0.07	3.71
respected	-0.07	3.82
p	-0.07	4.70
fairy	-0.07	3.96
instantly	-0.07	2.92
fail	-0.07	4.57
altogether	-0.07	3.59
spaghetti	-0.07	4.19
worth	-0.07	3.89
intentions	-0.07	3.47
fields	-0.07	3.73
temporal	-0.07	3.95
inevitable	-0.07	2.72
studying	-0.07	3.89
richard	-0.07	2.78
q	-0.07	4.52
endless	-0.07	2.61
mathematics	-0.07	3.99
resist	-0.07	3.01
existential	-0.07	3.00
cultures	-0.07	3.32
radically	-0.07	3.98
sides	-0.07	3.65
components	-0.07	3.52
pressure	-0.07	2.93
educate	-0.07	4.25
broadly	-0.07	3.94
stronger	-0.07	3.88
hypothesis	-0.07	4.29
become	-0.07	4.17
entail	-0.07	4.55
theorem	-0.06	4.10
non-existent	-0.06	4.06
singularity	-0.06	3.97
per	-0.06	3.46
debatable	-0.06	4.22
honestly	-0.06	5.16
alleged	-0.06	3.76
psychology	-0.06	3.62
fairies	-0.06	4.10
plane	-0.06	3.55
rhetoric	-0.06	2.89
approaches	-0.06	3.83
translate	-0.06	4.17
apologetic	-0.06	3.38
reactions	-0.06	3.15
catholicism	-0.06	3.07
behind	-0.06	3.70
sep	-0.06	4.07
solely	-0.06	3.90
heat	-0.06	2.79
difficult	-0.06	4.32
recorded	-0.06	3.90
speak	-0.06	4.57
topic	-0.06	4.66
greater	-0.06	2.77
snakes	-0.06	3.45
origin	-0.06	3.91
supernatural	-0.06	3.82
angle	-0.06	3.92
universe	-0.06	4.31
axioms	-0.06	4.16
70	-0.06	3.32
granting	-0.05	3.33
demons	-0.05	2.93
structures	-0.05	3.38
lazy	-0.05	3.13
lt	-0.05	4.39
math	-0.05	3.98
infinity	-0.05	3.68
explains	-0.05	4.01
scrutiny	-0.05	3.66
track	-0.05	2.70
invoking	-0.05	3.95
folk	-0.05	3.06
necessity	-0.05	4.31
inform	-0.05	3.78
wave	-0.05	3.72
conform	-0.05	3.47
risk	-0.05	2.67
layers	-0.05	3.39
originated	-0.05	3.48
resurrected	-0.05	2.51
providing	-0.05	4.04
theological	-0.05	3.55
suggestion	-0.05	4.01
message	-0.05	3.29
dennett	-0.05	2.93
rocks	-0.05	2.93
carrier	-0.05	3.27
ark	-0.05	3.58
restrictions	-0.05	3.29
note	-0.05	5.07
unaware	-0.05	4.46
bounds	-0.05	3.83
away	-0.05	3.69
remains	-0.05	3.93
roughly	-0.05	3.38
application	-0.05	3.81
generalization	-0.05	4.24
ice	-0.04	2.10
wasting	-0.04	4.01
founding	-0.04	2.90
peoples	-0.04	3.21
dark	-0.04	3.52
depending	-0.04	4.19
around	-0.04	3.56
lab	-0.04	4.04
removing	-0.04	3.37
inclined	-0.04	4.21
surrounding	-0.04	3.42
absolute	-0.04	4.27
neurons	-0.04	3.36
results	-0.04	4.05
occurring	-0.04	4.01
hindu	-0.04	3.10
object	-0.04	4.13
healing	-0.04	2.68
admittedly	-0.04	4.10
wlc	-0.04	3.29
principles	-0.04	3.85
expertise	-0.04	4.03
forces	-0.04	3.50
steps	-0.04	3.70
mathematical	-0.04	4.06
cosmological	-0.04	4.32
systems	-0.04	3.57
assigned	-0.04	3.39
talked	-0.04	4.32
go	-0.04	4.82
jew	-0.04	3.11
negate	-0.04	4.04
souls	-0.04	2.67
fundamental	-0.04	4.22
imagined	-0.04	3.74
appearing	-0.04	3.25
component	-0.04	3.72
empire	-0.04	3.13
suggests	-0.03	4.30
anyway	-0.03	5.44
entered	-0.03	2.67
platonic	-0.03	3.74
500	-0.03	3.28
studies	-0.03	3.81
every	-0.03	4.32
rewarded	-0.03	2.78
circumstance	-0.03	4.13
trace	-0.03	3.47
2	-0.03	4.19
roots	-0.03	3.25
space-time	-0.03	4.02
linking	-0.03	3.68
items	-0.03	3.47
direct	-0.03	3.88
demon	-0.03	2.81
moves	-0.03	3.71
derive	-0.03	3.96
institutions	-0.03	2.93
hebrew	-0.03	4.13
search	-0.03	4.10
foundational	-0.03	3.95
alter	-0.03	3.69
observation	-0.03	4.17
later	-0.03	3.63
dimension	-0.03	3.83
3	-0.03	4.24
early	-0.03	3.36
amounts	-0.03	2.87
greeks	-0.03	3.12
fetus	-0.03	2.45
reading	-0.03	4.16
cosmic	-0.03	3.84
protestant	-0.03	2.91
unmoved	-0.03	4.07
forum	-0.03	4.15
lists	-0.03	3.73
constructs	-0.03	3.59
advance	-0.03	2.85
contingency	-0.02	4.14
academic	-0.02	3.84
examination	-0.02	3.67
danger	-0.02	2.93
element	-0.02	3.88
symbols	-0.02	3.66
push	-0.02	3.55
professional	-0.02	3.62
generations	-0.02	3.30
keep	-0.02	3.99
presents	-0.02	3.07
focus	-0.02	4.26
abandon	-0.02	3.69
bang	-0.02	4.13
abrahamic	-0.02	3.45
ago	-0.02	3.42
producing	-0.02	3.61
equivalent	-0.02	4.57
imaginary	-0.02	3.88
4	-0.02	4.19
definite	-0.02	4.35
fate	-0.02	2.45
misleading	-0.02	4.15
indicates	-0.02	4.08
audience	-0.02	3.72
cited	-0.02	3.87
intuitions	-0.02	3.46
allowed	-0.02	3.56
kant	-0.02	3.73
pushed	-0.02	3.50
ex	-0.02	4.14
wiped	-0.02	3.20
commanded	-0.02	2.56
apologist	-0.02	3.53
1000	-0.02	3.17
formulation	-0.02	4.03
mistaken	-0.02	5.04
reflect	-0.02	3.91
era	-0.02	3.13
resurrection	-0.02	3.11
strictly	-0.02	3.81
dualism	-0.02	3.75
crucified	-0.02	2.23
extension	-0.01	3.63
methodology	-0.01	3.86
cast	-0.01	2.75
darkness	-0.01	2.55
plantinga	-0.01	3.83
floating	-0.01	3.50
setting	-0.01	3.52
de	-0.01	3.47
goes	-0.01	4.48
biology	-0.01	3.55
long	-0.01	4.01
unicorn	-0.01	4.12
holds	-0.01	4.44
validity	-0.01	4.24
abiogenesis	-0.01	4.09
mortal	-0.01	2.03
priori	-0.01	4.15
site	-0.01	3.75
expanding	-0.01	3.86
psr	-0.01	4.15
e	-0.01	4.50
1	-0.01	4.12
knew	-0.01	4.50
figures	-0.01	3.60
heaven	-0.01	2.40
fundamentally	-0.01	4.10
sinning	-0.01	2.67
regard	-0.01	4.16
amp	-0.01	4.50
external	-0.01	3.66
ship	-0.01	3.49
mainly	-0.01	3.81
flaws	-0.01	3.74
legend	-0.01	3.58
200	-0.01	3.37
between	-0.01	3.28
want	-0.01	5.15
lightning	-0.01	2.82
outside	-0.01	4.09
mormonism	-0.01	3.26
cycle	-0.01	2.99
timeline	-0.01	4.02
years	-0.01	3.43
scientific	-0.00	4.02
western	-0.00	2.97
discovering	-0.00	3.99
lacks	-0.00	3.86
divided	-0.00	3.57
minds	-0.00	4.00
n	-0.00	4.44
disappointed	-0.00	3.88
ontological	-0.00	4.17
eventually	-0.00	3.71
dropped	-0.00	3.13
focused	-0.00	3.67
aristotelian	-0.00	3.87
extraordinary	-0.00	4.04
busy	-0.00	3.51
falls	-0.00	3.61
fossils	-0.00	3.27
kalam	-0.00	4.11
reports	-0.00	3.34
verification	-0.00	4.10
abstract	-0.00	3.94
into	-0.00	3.70
legitimate	-0.00	3.97
presume	0.00	4.65
purgatory	0.00	2.15
topics	0.00	4.25
mysticism	0.00	3.23
dependent	0.00	4.03
jump	0.00	3.67
insane	0.00	3.25
extended	0.00	3.03
scholarly	0.00	3.77
notable	0.00	3.70
wearing	0.00	2.57
science	0.00	3.97
cite	0.00	3.90
ect	0.00	3.11
r	0.00	4.62
thoughts	0.00	3.29
foundation	0.00	3.94
belong	0.00	2.99
interactions	0.01	3.63
regret	0.01	2.25
argument	0.01	4.41
consists	0.01	3.75
holes	0.01	3.41
catholic	0.01	2.88
firmly	0.01	4.09
crowd	0.01	3.03
relates	0.01	4.06
paganism	0.01	3.20
cosmos	0.01	3.60
assure	0.01	4.25
perform	0.01	3.32
leaders	0.01	2.67
unrelated	0.01	4.05
data	0.01	3.77
legitimacy	0.01	3.84
sources	0.01	3.82
google	0.01	4.01
modal	0.01	4.27
substance	0.01	3.79
f	0.01	4.40
mess	0.01	3.70
under	0.01	3.56
contradicting	0.01	3.96
controlled	0.01	3.81
address	0.01	4.78
website	0.01	3.61
corinthians	0.01	3.16
theories	0.01	4.12
boat	0.01	3.21
snake	0.01	3.37
entering	0.01	2.63
collection	0.01	3.48
wherein	0.01	3.55
published	0.01	3.95
contemporary	0.01	3.54
ends	0.01	3.31
gone	0.01	4.41
immediate	0.01	3.12
failure	0.01	3.60
catholics	0.01	2.86
internally	0.01	3.96
orthodox	0.01	3.03
request	0.02	4.56
objects	0.02	3.91
generate	0.02	3.40
instead	0.02	4.53
galaxies	0.02	3.50
utilitarian	0.02	3.45
affected	0.02	3.72
sin	0.02	2.12
run	0.02	3.91
objection	0.02	4.48
counting	0.02	3.68
analysis	0.02	3.67
nuanced	0.02	4.02
philosophy	0.02	3.72
equal	0.02	3.02
branches	0.02	3.35
utilitarianism	0.02	3.44
inquiry	0.02	3.70
months	0.02	3.34
conduct	0.02	3.62
mechanisms	0.02	3.26
wholly	0.02	4.02
nihilo	0.02	4.24
miraculous	0.02	3.91
korea	0.02	2.38
center	0.02	3.28
expert	0.02	3.99
unique	0.02	3.71
elsewhere	0.02	4.52
rock	0.02	3.64
account	0.02	4.04
unknowable	0.02	3.95
fair	0.02	5.11
instant	0.02	3.58
billion	0.02	3.30
finally	0.02	3.45
ergo	0.02	3.71
posed	0.02	4.52
insufficient	0.02	4.22
beneficial	0.02	3.14
standard	0.02	3.72
introduce	0.02	3.68
imposed	0.03	3.49
teapot	0.03	3.81
cover	0.03	3.24
substitute	0.03	3.87
peer	0.03	3.86
passed	0.03	3.42
collectively	0.03	3.14
verse	0.03	3.54
company	0.03	3.30
praying	0.03	2.89
left	0.03	3.74
famous	0.03	2.76
spirits	0.03	3.21
tales	0.03	3.66
system	0.03	3.32
variation	0.03	3.30
heard	0.03	4.31
anybody	0.03	4.88
traditional	0.03	3.19
question	0.03	4.94
dialogue	0.03	3.44
tv	0.03	2.14
inherent	0.03	3.72
logic	0.03	4.06
assign	0.03	3.52
wildly	0.03	3.97
monotheism	0.03	2.80
severely	0.03	3.52
rests	0.03	4.11
continued	0.03	3.41
realise	0.03	3.86
r/atheism	0.03	3.93
diversity	0.03	3.42
mentions	0.03	3.91
definitely	0.03	5.39
quantum	0.03	3.66
interpret	0.03	4.23
easier	0.03	4.39
formulate	0.03	4.25
team	0.03	2.14
theologically	0.03	3.59
debate	0.04	4.13
hierarchy	0.04	3.24
affect	0.04	3.81
descriptions	0.04	3.86
construct	0.04	3.58
cults	0.04	3.22
square	0.04	3.87
influence	0.04	3.39
symbol	0.04	3.51
descartes	0.04	3.67
perceptions	0.04	3.57
discount	0.04	4.36
materials	0.04	3.33
50	0.04	3.44
interacting	0.04	3.88
limiting	0.04	3.30
influenced	0.04	3.39
circle	0.04	3.80
realm	0.04	3.64
reviewed	0.04	3.85
agreement	0.04	4.19
closed	0.04	3.19
gets	0.04	3.67
answers	0.04	4.67
repeating	0.04	4.30
fast	0.04	3.04
efficient	0.04	3.83
paradise	0.04	2.42
distant	0.04	3.56
mechanism	0.04	3.56
conclusions	0.04	4.31
neuroscience	0.04	3.69
individually	0.04	3.24
inconsistencies	0.04	3.20
dig	0.04	4.41
sophisticated	0.04	3.56
domain	0.04	3.76
shaped	0.04	3.42
prophets	0.04	2.92
plant	0.04	2.46
throw	0.05	3.08
traditions	0.05	3.18
rising	0.05	2.76
paths	0.05	3.60
theoretical	0.05	3.85
impossible	0.05	4.18
discussions	0.05	3.93
weeks	0.05	3.30
existing	0.05	4.49
perceive	0.05	3.89
roles	0.05	2.65
discard	0.05	4.01
myths	0.05	3.49
galaxy	0.05	3.29
william	0.05	3.26
subs	0.05	4.04
circular	0.05	4.05
historical	0.05	3.77
handed	0.05	3.21
hobby	0.05	3.16
virtually	0.05	3.90
material	0.05	4.22
textual	0.05	3.63
aquinas	0.05	3.92
hebrews	0.05	2.99
argues	0.05	4.03
alternate	0.05	4.05
creationism	0.05	3.42
presentation	0.05	4.04
ruling	0.05	2.88
imho	0.05	4.09
variations	0.05	3.67
evolving	0.05	3.40
physics	0.05	3.73
stress	0.05	2.11
decay	0.05	3.54
rate	0.05	3.21
tuning	0.05	4.29
exodus	0.05	3.04
analogous	0.05	3.72
allows	0.05	3.56
quickly	0.06	3.56
role	0.06	3.25
realities	0.06	3.93
solution	0.06	4.21
jewish	0.06	3.00
entropy	0.06	3.47
paint	0.06	2.47
propose	0.06	4.25
repeat	0.06	4.58
meanwhile	0.06	3.42
intended	0.06	4.07
peter	0.06	3.06
implied	0.06	4.53
abusing	0.06	2.76
citations	0.06	3.91
usa	0.06	2.69
educated	0.06	3.77
letters	0.06	3.25
last	0.06	3.56
store	0.06	2.65
historicity	0.06	3.61
split	0.06	3.35
civilizations	0.06	3.10
21	0.06	3.22
ancient	0.06	3.32
laws	0.06	3.23
experiment	0.06	4.13
skeptical	0.06	4.17
25	0.06	3.19
firm	0.06	4.05
nonsense	0.06	2.77
background	0.06	3.46
asserts	0.06	4.39
slight	0.06	3.70
cells	0.06	2.84
questions	0.06	4.68
law	0.06	2.87
appropriate	0.06	3.98
scientists	0.06	3.61
paradox	0.06	3.96
returned	0.06	3.41
sphere	0.06	3.43
failed	0.06	4.27
morals	0.06	3.70
aristotle	0.06	3.78
translations	0.07	4.07
switch	0.07	3.26
criticisms	0.07	4.10
potter	0.07	3.29
meaningful	0.07	4.24
bar	0.07	3.23
disagreement	0.07	4.31
induction	0.07	4.20
formal	0.07	4.02
satisfying	0.07	3.76
argumentation	0.07	3.82
temporary	0.07	1.90
write	0.07	4.07
wiki	0.07	3.97
mentally	0.07	3.28
defeated	0.07	2.23
wikipedia	0.07	3.90
produce	0.07	3.91
check	0.07	4.33
selection	0.07	3.13
moment	0.07	4.17
sub	0.07	4.04
answered	0.07	4.84
aliens	0.07	3.89
arguments	0.07	4.34
abstraction	0.07	3.46
qualifies	0.07	3.78
origins	0.07	3.63
alive	0.07	2.57
dinosaurs	0.07	3.22
bound	0.07	3.68
muslim	0.07	2.90
given	0.07	4.39
flat	0.07	3.37
control	0.07	3.19
evolution	0.07	3.38
articles	0.07	3.65
pope	0.08	3.05
dimensions	0.08	3.83
medieval	0.08	3.37
anymore	0.08	5.01
interpretations	0.08	3.96
dedicated	0.08	3.75
asked	0.08	4.97
destroying	0.08	3.01
substantive	0.08	4.36
logical	0.08	4.09
records	0.08	3.50
explanations	0.08	4.15
minimum	0.08	3.78
reward	0.08	2.07
may	0.08	5.48
dilemma	0.08	4.38
manifest	0.08	3.73
priority	0.08	3.42
constants	0.08	4.09
travel	0.08	3.49
trained	0.08	3.45
wager	0.08	4.11
helping	0.08	2.58
formation	0.08	3.55
rule	0.08	3.48
female	0.08	2.34
physicists	0.08	3.75
apologetics	0.08	3.51
languages	0.08	4.05
taoist	0.08	3.29
opponent	0.08	3.50
self	0.08	3.54
gold	0.08	2.89
underlying	0.08	3.78
theory	0.08	3.98
thesis	0.08	4.04
blood	0.08	3.07
string	0.08	3.88
theology	0.08	3.52
skills	0.08	3.78
descriptive	0.08	4.07
credibility	0.09	3.88
vatican	0.09	3.12
6000	0.09	3.28
tangent	0.09	4.37
emergent	0.09	3.56
2nd	0.09	3.35
universal	0.09	3.77
falling	0.09	3.42
poe	0.09	4.05
delusions	0.09	2.94
inference	0.09	4.30
correspond	0.09	4.02
solutions	0.09	4.29
planets	0.09	3.31
conclusion	0.09	4.34
30	0.09	3.31
imagination	0.09	3.74
invented	0.09	3.79
5	0.09	3.52
reddit	0.09	3.96
comprehension	0.09	3.83
cosmology	0.09	3.80
base	0.09	4.05
reasoning	0.09	4.19
project	0.09	3.38
harry	0.09	3.30
excluded	0.09	3.91
hume	0.09	3.66
populations	0.09	3.02
identity	0.09	2.96
john	0.09	3.09
moving	0.09	3.57
quoted	0.10	4.14
product	0.10	3.18
proposed	0.10	4.24
north	0.10	2.65
responsibility	0.10	3.12
leibniz	0.10	3.86
report	0.10	3.25
ritual	0.10	2.88
explore	0.10	3.72
stones	0.10	2.62
prone	0.10	3.46
translated	0.10	4.15
separated	0.10	3.33
dense	0.10	3.75
luke	0.10	3.13
unconscious	0.10	3.46
meets	0.10	3.80
introduction	0.10	3.72
judgement	0.10	2.88
scholarship	0.10	3.68
josephus	0.10	3.38
qualified	0.10	4.17
flying	0.10	3.78
begs	0.10	4.40
additionally	0.10	3.39
possession	0.10	2.80
viewing	0.10	3.97
road	0.10	3.42
silent	0.10	3.58
emotions	0.10	2.41
4th	0.10	3.49
denomination	0.10	3.05
incorrect	0.10	5.14
functions	0.11	3.24
working	0.11	4.29
trusted	0.11	2.96
misses	0.11	4.37
random	0.11	3.51
value	0.11	3.89
seemed	0.11	3.84
until	0.11	4.16
physical	0.11	3.77
ot	0.11	3.24
interact	0.11	4.09
condition	0.11	2.98
mental	0.11	2.71
communicated	0.11	4.23
paul	0.11	3.08
manage	0.11	3.61
started	0.11	3.97
counts	0.11	3.37
translation	0.11	4.24
tale	0.11	3.58
education	0.11	3.17
assuming	0.11	5.23
code	0.11	3.36
baby	0.11	2.03
decision	0.11	3.61
version	0.11	4.12
continuing	0.11	3.64
pertinent	0.11	4.21
business	0.11	3.25
lower	0.12	3.26
functional	0.12	3.23
anecdotal	0.12	3.83
new	0.12	3.85
converts	0.12	3.10
minor	0.12	3.67
sleep	0.12	2.55
witnesses	0.12	3.35
accounts	0.12	3.62
pink	0.12	3.82
fails	0.12	4.33
ground	0.12	3.49
money	0.12	2.76
grows	0.12	2.99
spent	0.12	3.55
rich	0.12	2.39
thor	0.12	3.71
forward	0.12	3.48
iirc	0.12	3.28
international	0.12	2.83
united	0.12	2.65
operate	0.12	3.94
nail	0.12	3.40
believer	0.12	4.06
points	0.12	4.49
essential	0.12	3.88
special	0.12	3.10
discarded	0.12	4.15
interpreted	0.12	4.08
meet	0.12	3.91
al	0.12	3.23
contained	0.12	3.08
giant	0.12	3.52
attributing	0.12	3.54
ignored	0.12	4.26
flow	0.12	3.49
leadership	0.12	2.59
symbolic	0.12	3.73
quick	0.12	3.69
bodily	0.12	2.63
earlier	0.12	4.30
stars	0.12	3.19
objections	0.12	4.37
converting	0.12	3.20
university	0.13	3.57
moon	0.13	3.33
illusion	0.13	3.61
missionaries	0.13	2.71
phd	0.13	3.62
ham	0.13	3.07
carefully	0.13	3.96
soul	0.13	3.05
complex	0.13	3.76
seeing	0.13	4.12
everybody	0.13	4.42
plays	0.13	2.71
affects	0.13	3.58
conceive	0.13	4.40
worldly	0.13	2.44
within	0.13	3.69
based	0.13	4.05
refusal	0.13	3.43
mythical	0.13	3.74
interacts	0.13	4.15
feed	0.13	2.06
plausible	0.13	4.44
program	0.13	3.10
subjective	0.13	3.68
requiring	0.13	3.68
checking	0.13	3.92
offer	0.13	3.95
noticed	0.13	4.13
factors	0.13	3.51
lay	0.13	3.19
papers	0.13	3.68
agency	0.14	3.47
higher	0.14	3.29
readers	0.14	3.68
hypotheses	0.14	4.21
reproduction	0.14	2.98
dragon	0.14	3.73
sabbath	0.14	2.40
mormons	0.14	3.02
watch	0.14	2.65
writes	0.14	3.37
artificial	0.14	2.93
moderation	0.14	3.40
light	0.14	3.39
complaint	0.14	4.22
gentiles	0.14	3.04
journal	0.14	3.66
existent	0.14	4.49
classical	0.14	3.51
wind	0.14	2.93
occurrence	0.14	4.05
plato	0.14	3.61
degree	0.14	3.57
align	0.14	3.65
copies	0.14	3.68
invent	0.14	3.63
greek	0.14	3.88
compatible	0.14	4.01
fictional	0.14	3.66
nt	0.14	3.42
fourth	0.14	3.84
noting	0.15	3.73
advanced	0.15	3.45
follows	0.15	4.35
hallucinations	0.15	3.00
period	0.15	3.40
design	0.15	4.04
letter	0.15	3.34
stands	0.15	4.24
rules	0.15	3.33
miles	0.15	3.30
prime	0.15	3.83
mars	0.15	3.58
plants	0.15	2.88
professor	0.15	3.54
increases	0.15	3.18
apostles	0.15	2.97
6	0.15	3.50
lift	0.15	3.82
earthly	0.15	2.61
likelihood	0.15	3.74
trade	0.15	2.73
meant	0.15	4.80
non-physical	0.15	3.73
contents	0.15	3.76
bones	0.15	3.03
scholar	0.15	3.49
secondly	0.15	3.94
animals	0.15	2.85
reflection	0.15	3.23
review	0.15	3.71
predicted	0.15	3.79
entities	0.15	3.85
gene	0.15	3.05
approach	0.15	3.99
prophecies	0.15	3.59
varies	0.15	3.86
historian	0.15	3.53
saw	0.15	3.72
freewill	0.15	3.53
messages	0.15	3.20
pantheism	0.15	3.55
story	0.16	3.76
ocean	0.16	3.15
visible	0.16	3.44
reaction	0.16	3.10
discussion	0.16	4.08
probabilities	0.16	3.67
designer	0.16	4.16
blog	0.16	3.66
chapter	0.16	3.65
bare	0.16	3.75
hypothetical	0.16	4.69
limit	0.16	3.67
consciously	0.16	3.67
11	0.16	3.54
bridge	0.16	3.24
premise	0.16	4.41
continues	0.16	3.35
plain	0.16	3.55
therefor	0.16	4.26
developing	0.16	3.61
1st	0.16	3.12
probability	0.16	3.66
front	0.16	3.16
singular	0.16	3.99
author	0.16	3.58
days	0.16	3.38
double	0.16	3.50
everyone	0.16	4.66
benefit	0.16	3.12
immaterial	0.16	4.13
ten	0.16	3.25
scope	0.17	3.87
predict	0.17	3.96
primary	0.17	3.67
writers	0.17	3.46
chances	0.17	3.49
level	0.17	3.58
forming	0.17	3.39
simultaneously	0.17	3.90
worshiped	0.17	2.96
rationality	0.17	3.46
corrupted	0.17	3.08
faculties	0.17	3.63
initially	0.17	4.13
mutation	0.17	3.12
metaphors	0.17	3.89
person	0.17	4.32
free	0.17	3.54
driving	0.17	2.95
derived	0.17	3.98
engineering	0.17	3.38
page	0.17	3.85
dichotomy	0.17	4.21
deductive	0.17	4.22
ongoing	0.17	3.01
standing	0.17	3.50
wear	0.17	2.72
progress	0.17	3.10
10	0.17	3.48
invalid	0.17	4.33
readily	0.17	3.83
low	0.17	3.52
attempts	0.17	4.25
quote	0.17	3.71
remained	0.17	3.25
representing	0.17	3.47
private	0.17	3.16
observations	0.17	4.22
military	0.17	2.36
conscious	0.17	3.60
recent	0.17	3.57
curious	0.17	4.82
requirement	0.17	3.59
alcohol	0.17	2.46
precise	0.17	4.28
online	0.17	3.58
decisions	0.18	3.55
immediately	0.18	3.85
read	0.18	4.01
desperate	0.18	2.81
pages	0.18	3.72
pulling	0.18	3.23
dating	0.18	3.29
criteria	0.18	3.68
deciding	0.18	3.71
inductive	0.18	4.20
versions	0.18	3.83
theologian	0.18	3.51
typical	0.18	3.18
controlling	0.18	3.51
inability	0.18	4.23
physically	0.18	3.73
gospels	0.18	3.35
talks	0.18	3.86
accurately	0.18	4.16
worded	0.18	4.29
badly	0.18	3.15
sea	0.18	2.83
sun	0.18	3.13
method	0.18	3.84
linguistic	0.18	3.84
sentences	0.18	4.06
class	0.18	3.34
noise	0.18	3.02
path	0.18	3.33
rain	0.19	3.00
arrived	0.19	4.03
changes	0.19	3.66
building	0.19	3.14
myth	0.19	3.69
fewer	0.19	3.63
tribe	0.19	2.67
mechanics	0.19	3.68
bush	0.19	2.74
requirements	0.19	3.62
local	0.19	2.91
add	0.19	3.88
visions	0.19	3.34
insert	0.19	3.22
relativity	0.19	3.73
biological	0.19	3.28
incompatible	0.19	3.82
heads	0.19	3.51
beyond	0.19	4.09
reformed	0.19	3.10
premises	0.19	4.27
magical	0.19	3.96
themselves	0.19	3.96
break	0.19	3.11
20	0.19	3.31
soon	0.19	4.22
contradiction	0.19	4.18
news	0.19	2.87
8	0.19	3.48
feels	0.19	3.17
became	0.19	3.64
green	0.19	3.04
water	0.19	2.71
purposes	0.19	3.65
writing	0.19	3.74
table	0.19	3.36
consistently	0.19	4.03
connections	0.19	3.39
react	0.20	3.95
article	0.20	3.84
raise	0.20	3.59
wine	0.20	3.01
consciousness	0.20	3.45
simpler	0.20	3.94
investigation	0.20	3.79
12	0.20	3.38
earliest	0.20	3.39
coffee	0.20	2.62
christian	0.20	2.94
automatically	0.20	3.69
unlikely	0.20	4.00
reduced	0.20	3.25
internal	0.20	3.42
reader	0.20	3.72
non-christian	0.20	2.67
logically	0.20	4.21
mythology	0.20	3.31
built	0.20	3.44
concerns	0.20	4.17
predictable	0.20	3.92
pedantic	0.20	3.95
modern	0.20	3.35
representation	0.20	3.39
appeared	0.20	3.26
gravity	0.20	3.31
prayers	0.20	3.18
worshipped	0.20	3.11
conversation	0.20	4.17
belongs	0.21	2.46
up	0.21	4.06
st	0.21	3.22
answering	0.21	4.67
runs	0.21	3.46
differs	0.21	4.02
operates	0.21	3.99
fly	0.21	3.15
embrace	0.21	3.39
accomplished	0.21	3.91
flaw	0.21	4.09
addressed	0.21	4.49
characters	0.21	2.93
assessment	0.21	3.96
drinking	0.21	2.47
fill	0.21	2.72
messiah	0.21	3.45
narrative	0.21	3.62
board	0.21	2.96
increasing	0.21	2.99
conception	0.21	2.97
disciples	0.21	2.90
noted	0.21	4.28
preserved	0.21	3.64
utility	0.21	3.20
final	0.21	2.99
strongest	0.21	3.66
organisms	0.21	2.99
following	0.21	3.17
says	0.21	4.45
constraints	0.21	3.69
share	0.21	3.98
constant	0.21	3.36
limitations	0.21	3.70
accessible	0.21	3.66
unlike	0.21	3.74
multiverse	0.22	4.07
oral	0.22	3.39
methods	0.22	3.87
hours	0.22	3.25
gospel	0.22	3.10
engaged	0.22	3.13
high	0.22	3.36
bread	0.22	2.86
biblical	0.22	3.64
mutually	0.22	4.07
agent	0.22	3.54
parable	0.22	3.78
content	0.22	3.72
unchanging	0.22	3.61
posters	0.22	3.83
focusing	0.22	3.67
compelled	0.22	3.74
tone	0.22	3.02
ancestors	0.22	3.18
selected	0.22	3.07
recognition	0.22	3.35
phrased	0.22	4.63
emotional	0.22	2.37
norse	0.22	3.20
genetics	0.22	3.21
trying	0.22	4.59
realms	0.22	3.10
temple	0.22	2.91
own	0.22	3.56
supply	0.23	3.39
whenever	0.23	3.79
rose	0.23	2.75
stuff	0.23	3.40
consequently	0.23	2.85
memories	0.23	3.21
influences	0.23	3.25
fingers	0.23	3.03
ridicule	0.23	2.56
rant	0.23	3.28
success	0.23	3.23
subtle	0.23	3.74
cutting	0.23	2.59
outdated	0.23	3.95
evidently	0.23	4.17
relies	0.23	4.11
asshole	0.23	2.71
augustine	0.23	3.46
cost	0.23	2.92
month	0.23	3.31
familiar	0.23	4.37
alert	0.23	3.49
variable	0.23	3.89
rejects	0.23	4.21
hand	0.23	3.73
addresses	0.23	4.29
instructions	0.23	3.14
advancement	0.23	2.97
teachings	0.23	3.31
appearance	0.23	3.57
earth	0.23	3.24
akin	0.23	3.59
contradicts	0.23	4.13
predictions	0.23	4.20
bears	0.23	3.36
theoretically	0.23	4.04
maintained	0.23	3.69
sand	0.23	2.99
ancestor	0.24	3.28
hint	0.24	3.40
preferences	0.24	3.21
passes	0.24	3.51
15	0.24	3.34
commentary	0.24	3.71
narratives	0.24	3.49
student	0.24	3.54
limits	0.24	3.70
circumstances	0.24	3.81
stories	0.24	3.60
prayer	0.24	3.00
interests	0.24	3.19
sell	0.24	2.60
faith	0.24	4.19
agrees	0.24	4.29
features	0.24	3.62
brain	0.24	3.22
intend	0.24	4.40
govern	0.24	3.65
histories	0.24	3.44
tried	0.24	4.35
invisible	0.24	3.95
task	0.24	3.76
via	0.24	3.63
misguided	0.24	3.90
approaching	0.24	3.76
conversion	0.24	3.12
short	0.25	3.68
concern	0.25	4.30
spend	0.25	3.52
manner	0.25	3.59
17	0.25	3.35
accuracy	0.25	4.10
further	0.25	4.43
brains	0.25	3.43
strict	0.25	3.23
invention	0.25	3.19
documents	0.25	3.67
sky	0.25	3.25
conditions	0.25	3.79
reality	0.25	4.04
confidence	0.25	4.01
removed	0.25	3.58
adhere	0.25	3.34
talmud	0.25	3.16
discovered	0.25	4.19
daniel	0.25	3.15
capability	0.25	3.95
understandable	0.25	4.08
relatively	0.25	3.74
surviving	0.25	3.17
ball	0.25	3.29
southern	0.25	2.73
explanatory	0.26	3.96
qualia	0.26	3.47
allow	0.26	3.88
creationist	0.26	3.27
reached	0.26	3.86
devoted	0.26	3.39
birds	0.26	2.92
tradition	0.26	3.22
produces	0.26	3.75
threads	0.26	3.98
deeper	0.26	3.82
fought	0.26	2.30
don't	0.26	4.38
jerusalem	0.26	2.94
combination	0.26	3.44
linked	0.26	3.86
breaks	0.26	3.17
mutations	0.26	3.16
allegory	0.26	3.85
19	0.26	3.35
doctrine	0.26	3.14
breaking	0.26	2.92
declare	0.26	3.37
perception	0.26	3.52
canaanite	0.26	3.21
contradictions	0.26	3.80
hour	0.27	3.33
ate	0.27	3.09
arabic	0.27	3.95
closer	0.27	4.01
variables	0.27	3.83
copy	0.27	3.81
civil	0.27	2.44
writings	0.27	3.52
acceptance	0.27	4.06
classes	0.27	3.48
walking	0.27	2.94
cheap	0.27	3.03
gap	0.27	3.63
constrained	0.27	3.67
foot	0.27	3.19
key	0.27	4.10
insofar	0.27	3.83
decide	0.27	4.11
divorce	0.27	2.18
his/her	0.27	3.32
nobody	0.27	4.61
took	0.27	3.91
creating	0.27	3.98
fiction	0.27	3.35
transcendent	0.27	4.20
pray	0.27	2.97
dream	0.28	3.33
net	0.28	2.77
users	0.28	3.66
characteristics	0.28	3.58
participation	0.28	3.43
attempt	0.28	4.22
sinai	0.28	2.94
7	0.28	3.46
op	0.28	4.60
needed	0.28	3.93
protect	0.28	2.55
creed	0.28	3.18
supreme	0.28	3.21
authors	0.28	3.56
engage	0.28	3.10
ignores	0.28	3.74
association	0.28	2.99
judeo-christian	0.28	3.27
eaten	0.28	2.42
bottom	0.28	3.52
written	0.28	3.60
reflects	0.28	3.64
strength	0.28	3.63
play	0.28	2.80
regularly	0.28	3.39
sound	0.28	4.04
generation	0.28	3.44
instruction	0.28	3.33
medium	0.28	3.47
brief	0.28	3.74
organizations	0.28	2.93
sending	0.28	2.46
findings	0.28	3.81
characteristic	0.28	3.53
intangible	0.29	3.93
aside	0.29	3.35
training	0.29	3.29
romans	0.29	2.99
tool	0.29	2.49
beforehand	0.29	3.85
prophecy	0.29	3.49
expand	0.29	4.01
opens	0.29	3.19
walk	0.29	3.40
techniques	0.29	3.32
near	0.29	3.89
turns	0.29	3.50
posit	0.29	4.17
impossibility	0.29	3.98
total	0.29	2.60
entitled	0.29	3.45
twice	0.29	3.92
land	0.29	2.84
parameters	0.29	3.87
kings	0.29	2.88
merit	0.29	3.59
record	0.29	3.66
mountain	0.29	3.02
reliability	0.29	3.92
sit	0.29	3.71
communicating	0.29	3.85
guaranteed	0.29	2.50
introduced	0.29	3.43
garbage	0.29	2.50
seconds	0.29	3.63
originally	0.29	4.37
exempt	0.29	3.17
feature	0.29	3.93
similarities	0.29	3.46
pressed	0.29	3.78
posted	0.29	3.95
r/debatereligion	0.29	3.83
remaining	0.29	3.69
treated	0.29	3.32
increase	0.29	3.00
please	0.30	4.32
options	0.30	4.10
testament	0.30	3.45
enlightened	0.30	3.63
learned	0.30	3.71
creation	0.30	3.99
torah	0.30	3.13
smell	0.30	3.22
angels	0.30	2.67
idols	0.30	2.70
probable	0.30	4.15
spending	0.30	3.13
tactics	0.30	3.41
agents	0.30	3.48
tao	0.30	3.70
designed	0.30	3.83
inevitably	0.30	3.32
gods	0.30	3.43
salt	0.30	2.52
authorities	0.30	3.08
shape	0.30	3.39
closely	0.30	3.60
bodies	0.30	3.13
participate	0.30	3.58
teeth	0.30	2.37
polytheism	0.30	3.14
tax	0.30	3.03
straightforward	0.30	3.83
razor	0.30	3.71
morality	0.31	3.70
guessing	0.31	4.77
subreddit	0.31	3.83
fall	0.31	3.14
allegorical	0.31	3.89
k	0.31	4.18
naked	0.31	2.73
morning	0.31	3.19
trip	0.31	3.25
tall	0.31	3.06
respond	0.31	4.67
health	0.31	2.91
societal	0.31	3.08
function	0.31	3.43
mind	0.31	3.69
suggested	0.31	4.20
came	0.31	3.94
collective	0.31	3.29
conviction	0.31	3.84
ability	0.31	4.02
isaiah	0.31	3.29
posting	0.31	4.07
teaches	0.32	3.68
expectations	0.32	3.62
follow	0.32	3.23
lens	0.32	3.78
pursue	0.32	2.94
deeds	0.32	2.81
informed	0.32	3.55
next	0.32	4.04
arms	0.32	3.09
dogs	0.32	2.76
bliss	0.32	2.03
denies	0.32	4.11
novel	0.32	2.90
stupid	0.32	2.76
expressing	0.32	3.07
dictates	0.32	3.48
deistic	0.32	3.80
year	0.32	3.17
lessons	0.32	3.62
mods	0.32	3.59
continue	0.32	3.95
showed	0.33	2.83
isnt	0.33	3.43
skin	0.33	2.59
conversations	0.33	3.69
helps	0.33	3.77
knowledge	0.33	3.77
possibility	0.33	4.16
secondary	0.33	3.67
downvoting	0.33	3.86
separate	0.33	3.55
nation	0.33	2.75
fix	0.33	3.53
18	0.33	3.29
emphasis	0.33	3.38
thread	0.33	4.22
tree	0.33	2.93
reproduce	0.33	3.15
noah	0.33	3.54
guidelines	0.33	3.24
pregnancy	0.33	2.36
source	0.33	3.79
species	0.33	2.99
genesis	0.33	3.78
teaching	0.33	3.29
9	0.33	3.33
phrasing	0.33	4.27
demand	0.33	3.93
offers	0.33	3.51
outcome	0.33	3.81
vision	0.33	3.19
smith	0.33	3.40
statistically	0.33	3.72
describes	0.34	4.04
citizens	0.34	2.70
reported	0.34	3.29
capabilities	0.34	3.62
genetic	0.34	3.17
individuals	0.34	3.13
meeting	0.34	3.43
waves	0.34	3.34
paper	0.34	3.57
ran	0.34	3.39
initial	0.34	4.34
truthful	0.34	4.09
righteous	0.34	2.20
promise	0.34	2.68
reign	0.34	2.54
teach	0.34	3.49
arose	0.34	3.56
down	0.34	3.47
conscience	0.35	3.06
link	0.35	3.79
wrote	0.35	4.01
choices	0.35	3.62
scenarios	0.35	4.15
genes	0.35	3.15
exile	0.35	2.78
listen	0.35	3.91
brought	0.35	3.90
scenario	0.35	4.45
computers	0.35	3.20
fulfilled	0.35	3.23
24	0.35	3.20
determinism	0.35	3.85
slaves	0.35	2.58
sight	0.35	3.16
odds	0.35	3.46
cup	0.35	2.86
parallel	0.35	3.69
authority	0.36	3.50
zeus	0.36	3.48
gave	0.36	3.44
needing	0.36	4.01
measurements	0.36	3.99
matthew	0.36	3.10
boundaries	0.36	3.55
forced	0.36	4.20
seven	0.36	3.11
surface	0.36	3.48
monotheistic	0.36	3.32
interest	0.36	3.79
lesson	0.36	3.66
possess	0.36	3.45
thoroughly	0.36	4.26
thomas	0.36	3.36
sinned	0.36	2.55
age	0.36	2.88
improbable	0.36	3.92
intervention	0.36	3.62
matt	0.36	3.07
minutes	0.36	3.42
loose	0.36	3.49
chair	0.36	3.33
future	0.36	3.95
average	0.36	3.35
comprehensive	0.36	3.91
fit	0.36	3.68
evolve	0.36	3.17
contributing	0.36	3.28
normally	0.36	3.46
driven	0.36	2.89
sidebar	0.36	3.73
chaos	0.36	3.27
status	0.36	2.99
firstly	0.36	3.13
grow	0.36	3.40
civilization	0.36	3.14
polytheistic	0.37	3.20
fuzzy	0.37	3.05
determines	0.37	4.03
poetic	0.37	3.33
interestingly	0.37	3.12
reach	0.37	3.87
cognition	0.37	3.53
claus	0.37	3.75
metaphor	0.37	3.85
testimony	0.37	3.54
awareness	0.37	3.57
box	0.37	3.11
preached	0.37	3.34
dollars	0.37	2.92
randomness	0.37	3.59
prediction	0.37	3.73
union	0.37	2.32
contribute	0.38	3.79
messianic	0.38	3.40
intellect	0.38	3.31
section	0.38	3.85
entire	0.38	3.74
spoken	0.38	4.23
occam	0.38	3.75
wall	0.38	3.04
authentic	0.38	3.45
yahweh	0.38	3.15
negatively	0.38	3.06
room	0.38	3.26
karma	0.38	3.34
oldest	0.38	3.53
parables	0.38	3.74
libertarian	0.38	3.69
map	0.38	3.60
breath	0.38	2.93
mod	0.38	3.63
disagrees	0.38	4.15
somebody	0.38	4.21
banned	0.39	3.61
believes	0.39	4.34
intelligence	0.39	3.49
limitation	0.39	3.77
distinct	0.39	3.50
planet	0.39	3.10
increased	0.39	2.96
matrix	0.39	3.18
worlds	0.39	4.18
leaves	0.39	3.48
ascribe	0.39	3.59
theirs	0.39	3.53
books	0.39	3.46
ken	0.39	2.99
improved	0.39	3.27
fish	0.39	2.81
emotion	0.39	2.27
santa	0.39	3.77
try	0.39	4.50
lacking	0.39	3.39
stick	0.39	3.10
body	0.39	2.87
turning	0.39	3.07
inconsistent	0.40	4.14
considers	0.40	3.96
provides	0.40	3.66
college	0.40	3.43
buy	0.40	2.51
tomorrow	0.40	3.57
deserve	0.40	2.10
utter	0.40	2.85
finished	0.40	3.69
metaphorical	0.40	3.88
settle	0.40	4.07
surprise	0.40	3.33
drives	0.40	2.73
complexity	0.40	3.49
overall	0.40	3.07
pop	0.40	2.97
consistency	0.40	3.78
experiences	0.40	3.16
model	0.40	3.97
liked	0.41	2.26
organization	0.41	2.72
lds	0.41	2.97
owning	0.41	2.58
bringing	0.41	3.77
social	0.41	2.88
finger	0.41	3.08
birth	0.41	2.55
return	0.41	3.22
clouds	0.41	3.07
tools	0.41	3.68
desires	0.41	3.05
yourself	0.41	4.49
text	0.41	3.92
route	0.41	3.61
covenant	0.41	2.97
faces	0.41	3.12
students	0.41	3.37
close	0.41	4.29
pascal	0.41	3.78
able	0.41	4.41
managed	0.41	3.55
eden	0.41	3.15
car	0.41	2.85
works	0.41	4.77
cloud	0.41	3.07
grade	0.41	3.33
finish	0.41	3.88
order	0.41	4.30
running	0.41	3.41
relations	0.42	2.59
abide	0.42	3.01
legs	0.42	3.03
render	0.42	3.67
feet	0.42	3.08
understanding	0.42	3.98
outcomes	0.42	3.74
partly	0.42	3.24
reaching	0.42	3.64
3rd	0.42	3.48
minimal	0.42	3.61
foreign	0.42	2.84
name	0.42	2.94
literal	0.42	3.93
creative	0.42	3.17
traits	0.42	3.21
twist	0.42	2.94
colors	0.42	2.74
our	0.42	3.59
puts	0.42	3.68
buddha	0.42	3.14
organism	0.42	2.85
apple	0.42	2.87
paying	0.42	2.90
movies	0.43	2.02
satisfy	0.43	3.41
virtue	0.43	3.24
eating	0.43	2.48
saint	0.43	3.19
egypt	0.43	2.80
male	0.43	2.16
alternatively	0.43	3.37
fallen	0.43	2.77
city	0.43	2.78
illiterate	0.43	3.09
enlightenment	0.43	3.18
resources	0.43	3.24
develop	0.43	3.35
simulation	0.43	3.55
trick	0.43	3.05
opening	0.43	3.67
old	0.43	3.02
ordinary	0.43	3.35
ambiguity	0.43	4.19
forget	0.43	4.28
mount	0.43	3.03
command	0.43	2.48
sensory	0.43	3.30
media	0.43	2.55
unable	0.44	4.31
worshipping	0.44	3.41
ban	0.44	3.43
stood	0.44	3.38
abilities	0.44	3.65
waiting	0.44	3.84
planning	0.44	2.78
wo	0.44	4.71
reads	0.44	3.71
serpent	0.44	3.02
teachers	0.44	3.03
blue	0.44	2.90
causal	0.44	3.46
eve	0.44	3.10
societies	0.44	2.85
picture	0.44	3.20
looked	0.44	4.02
limited	0.44	3.76
technology	0.44	3.22
tribes	0.44	2.30
curiosity	0.44	3.34
funny	0.44	3.33
viable	0.45	3.72
preaching	0.45	2.88
sufficiently	0.45	3.79
hadith	0.45	3.26
inner	0.45	3.23
fell	0.45	3.14
theme	0.45	3.32
build	0.45	3.11
lucky	0.45	3.43
programs	0.45	3.42
waters	0.45	3.20
device	0.45	3.30
moses	0.45	3.04
intelligent	0.45	3.73
sermon	0.45	3.19
well-being	0.45	2.88
converted	0.45	3.08
likely	0.45	4.89
essay	0.45	3.78
2,000	0.46	3.21
socrates	0.46	3.43
dna	0.46	3.01
egg	0.46	2.59
paste	0.46	3.80
indoctrinated	0.46	2.86
survival	0.46	3.09
eat	0.46	2.50
g-d	0.46	3.06
faulty	0.46	4.39
genuine	0.46	3.74
poison	0.46	2.83
spare	0.46	2.82
calls	0.46	3.85
operating	0.46	3.73
coherent	0.46	4.08
physicist	0.46	3.60
mysterious	0.46	3.96
notice	0.46	4.27
corner	0.46	3.13
dictated	0.46	3.50
decided	0.46	3.88
demonstrably	0.46	4.84
suffice	0.47	3.99
predictive	0.47	4.09
fruit	0.47	2.97
blind	0.47	3.08
sitting	0.47	3.27
responded	0.47	4.36
irony	0.47	2.91
integrity	0.47	3.20
half	0.47	3.37
permission	0.47	3.55
extensive	0.47	3.49
worked	0.47	3.52
adds	0.47	3.42
survived	0.47	2.88
original	0.48	3.98
hit	0.48	3.04
coin	0.48	3.55
damned	0.48	2.21
receiving	0.48	3.05
saints	0.48	2.78
chance	0.48	3.62
efforts	0.48	3.32
older	0.48	3.28
unreliable	0.48	3.80
ruler	0.48	3.33
voice	0.48	3.54
odin	0.48	3.49
red	0.48	2.92
impressed	0.48	3.69
beg	0.48	4.18
option	0.48	4.00
presence	0.48	2.62
clearer	0.48	4.42
16	0.48	3.33
mountains	0.48	2.65
paragraphs	0.49	3.87
flawed	0.49	4.22
score	0.49	3.38
produced	0.49	3.37
worthwhile	0.49	3.70
failing	0.49	3.96
misunderstand	0.49	4.24
mohammed	0.49	3.29
above	0.49	4.21
tuned	0.49	3.92
church	0.49	2.83
wins	0.49	3.10
folks	0.49	2.66
vice	0.49	3.45
letting	0.49	2.84
property	0.49	3.02
lifetime	0.49	3.16
through	0.49	3.26
non-sequitur	0.49	3.40
society	0.49	2.75
color	0.49	2.94
access	0.49	2.97
mode	0.49	3.02
extend	0.49	3.28
canon	0.50	3.42
serves	0.50	3.31
confuse	0.50	3.63
heck	0.50	2.71
leave	0.50	3.89
alternative	0.50	3.96
clarify	0.50	4.57
adam	0.50	3.07
23	0.50	2.86
models	0.50	4.03
specified	0.50	3.81
meta	0.50	3.71
commenting	0.50	3.79
cards	0.50	3.47
relation	0.50	3.66
determined	0.51	3.72
wake	0.51	3.11
predetermined	0.51	3.63
attempting	0.51	4.26
game	0.51	2.69
bible	0.51	3.73
waste	0.51	3.53
rely	0.51	3.86
user	0.51	3.69
tries	0.51	3.99
description	0.51	4.19
rebellion	0.51	2.45
misinterpreted	0.51	3.94
pantheon	0.51	3.16
created	0.51	4.01
debt	0.51	2.34
revelation	0.51	3.36
ours	0.51	3.88
concede	0.51	4.50
eyes	0.51	3.07
deterministic	0.51	3.66
shoot	0.52	2.68
window	0.52	3.03
quran	0.52	3.25
sagan	0.52	3.09
improve	0.52	3.32
understandings	0.52	3.90
immortal	0.52	2.46
rebuttal	0.52	3.96
daily	0.52	2.84
afterwards	0.52	3.32
controls	0.52	3.62
omnipotence	0.52	3.79
hits	0.52	3.10
golden	0.52	2.93
remind	0.52	3.86
country	0.52	2.61
advances	0.53	3.20
fully	0.53	3.48
forcing	0.53	3.68
lewis	0.53	3.23
demanding	0.53	3.70
choose	0.53	3.73
animal	0.53	2.75
seek	0.53	3.31
false	0.53	4.96
confident	0.53	4.73
told	0.53	4.08
fitting	0.53	3.53
schools	0.53	3.08
dreams	0.53	2.94
posts	0.53	3.85
interaction	0.54	3.46
satisfied	0.54	3.58
human	0.54	2.95
credit	0.54	3.00
figured	0.54	4.15
volcano	0.54	2.52
possibilities	0.54	3.97
keeping	0.54	3.33
born	0.54	2.19
unclear	0.54	4.38
discourse	0.54	3.37
parties	0.54	3.00
accordance	0.54	3.38
added	0.54	3.70
skip	0.54	3.86
bought	0.54	2.98
machines	0.54	3.33
authoritative	0.54	3.74
politicians	0.54	2.53
robot	0.54	3.33
hear	0.54	3.82
forgotten	0.54	3.62
whose	0.54	2.39
raising	0.55	2.43
tortured	0.55	2.54
bed	0.55	2.84
served	0.55	2.81
guess	0.55	4.99
choice	0.55	3.70
document	0.55	3.54
spoke	0.55	3.76
drop	0.55	3.31
hot	0.55	2.69
manifestation	0.55	3.31
night	0.55	2.72
unwilling	0.55	4.22
gives	0.55	3.66
useful	0.55	3.87
top	0.55	3.55
safety	0.55	2.84
meat	0.55	2.43
pulled	0.55	3.09
desired	0.56	3.37
contest	0.56	3.46
instinct	0.56	2.82
seeks	0.56	3.27
second	0.56	3.70
guided	0.56	3.41
balance	0.56	3.22
mystical	0.56	3.37
david	0.56	2.95
evolutionary	0.56	3.11
garden	0.56	2.98
thinks	0.56	3.77
serious	0.56	3.87
environment	0.56	3.30
maintaining	0.56	3.27
relying	0.56	3.73
james	0.57	3.03
title	0.57	4.07
downvotes	0.57	3.73
qur'an	0.57	3.29
versa	0.57	3.72
wording	0.57	4.10
received	0.57	3.22
koran	0.57	3.61
greatness	0.57	3.89
cities	0.57	2.70
blindly	0.57	3.14
cheating	0.57	2.49
blow	0.57	2.92
decides	0.57	3.59
accepts	0.57	4.09
sane	0.57	3.10
voting	0.57	3.32
book	0.57	3.60
pass	0.57	3.64
children	0.58	1.96
omniscience	0.58	3.81
retarded	0.58	2.81
nazareth	0.58	3.01
security	0.58	2.96
nonetheless	0.58	3.61
pay	0.58	3.17
intuition	0.58	3.34
information	0.58	3.46
churches	0.58	2.88
turned	0.58	3.51
eg	0.58	3.25
journey	0.58	3.17
conspiracy	0.58	3.06
texts	0.58	3.69
shoes	0.58	3.13
scripture	0.58	3.69
preference	0.58	3.19
everyday	0.58	3.23
wanted	0.58	4.46
solar	0.58	3.23
enormous	0.58	3.04
cut	0.59	3.03
justice	0.59	2.39
jerk	0.59	2.94
literary	0.59	3.27
consent	0.59	2.37
sucks	0.59	2.63
plans	0.59	3.27
downvoted	0.59	3.74
programmed	0.59	3.37
taxes	0.59	2.89
machine	0.59	3.24
peaceful	0.59	1.64
spell	0.59	3.47
culture	0.59	2.89
sensible	0.60	3.88
doctor	0.60	2.35
properties	0.60	3.57
technically	0.60	4.89
adults	0.60	3.01
smarter	0.60	3.51
namely	0.60	3.78
capacity	0.60	3.52
kept	0.60	3.37
clothes	0.60	2.65
complete	0.60	2.99
replaced	0.60	3.29
effort	0.60	3.66
current	0.61	3.89
hidden	0.61	3.45
universes	0.61	3.74
witness	0.61	3.04
experience	0.61	3.16
speaks	0.61	4.07
arent	0.61	3.65
teacher	0.61	3.22
idiot	0.61	3.03
taste	0.61	2.07
great	0.61	2.70
clean	0.61	2.63
guarantee	0.61	2.84
he/she	0.62	3.98
philosopher	0.62	3.34
communities	0.62	2.64
flip	0.62	3.33
russell	0.62	3.08
trolling	0.62	3.08
reasoned	0.62	3.79
growing	0.62	3.03
alien	0.62	3.35
baptized	0.62	2.57
week	0.62	3.17
successful	0.62	3.47
character	0.62	2.97
town	0.62	2.76
senses	0.62	3.51
deuteronomy	0.62	2.96
robots	0.63	3.26
drunk	0.63	2.80
roll	0.63	3.39
smoke	0.63	2.56
appears	0.63	3.94
third	0.63	3.54
obtain	0.63	3.33
patient	0.63	2.24
flesh	0.63	2.66
promised	0.63	2.80
maximum	0.63	3.10
memory	0.63	3.48
below	0.64	3.72
taught	0.64	3.23
contract	0.64	2.90
aim	0.64	3.44
reliable	0.64	3.89
spiritual	0.64	3.11
cant	0.64	4.16
ears	0.64	3.13
communication	0.64	3.66
regular	0.64	3.20
fake	0.65	3.44
fan	0.65	2.35
refused	0.65	4.16
won	0.66	2.59
israel	0.66	2.80
13	0.66	3.30
survive	0.66	3.14
card	0.66	2.89
timeless	0.66	3.96
mormon	0.66	2.61
let	0.66	4.62
match	0.66	3.63
playing	0.66	2.49
nature	0.66	3.45
unbiased	0.66	3.56
lottery	0.66	3.13
refuse	0.66	4.20
participating	0.67	3.35
heavens	0.67	3.05
refusing	0.67	3.63
sinner	0.67	2.30
careful	0.67	3.83
pick	0.67	3.56
disobey	0.67	2.86
edge	0.67	2.89
beings	0.67	3.37
wrath	0.67	2.17
gain	0.67	2.91
pretty	0.67	4.24
valuable	0.68	3.27
advantage	0.68	3.02
image	0.68	3.30
re-approve	0.68	3.68
divinity	0.68	3.11
walked	0.68	2.80
voices	0.68	3.04
fulfilling	0.68	3.01
army	0.68	2.22
prepared	0.68	3.24
conceived	0.68	3.20
obey	0.68	3.06
functioning	0.68	3.07
sins	0.68	2.18
met	0.68	3.94
dont	0.68	4.54
scientist	0.68	3.21
offered	0.69	3.30
knowing	0.69	4.07
sincerely	0.69	3.57
revealing	0.69	3.24
power	0.69	3.41
computer	0.69	3.25
ultimate	0.69	3.35
deserves	0.69	2.60
obligated	0.69	3.84
erroneous	0.69	4.56
pull	0.69	3.14
goals	0.69	3.19
hands	0.69	3.00
internet	0.69	3.35
evolved	0.70	3.00
dust	0.70	3.01
destroy	0.70	2.73
till	0.70	3.19
muhammad	0.70	3.32
win	0.70	2.86
poster	0.71	3.94
whichever	0.71	3.19
vote	0.71	2.86
dare	0.71	3.61
bring	0.71	3.88
tired	0.71	2.79
ll	0.71	4.62
creatures	0.71	2.83
matches	0.71	3.75
infallible	0.71	3.36
bet	0.71	3.66
scriptures	0.71	3.54
misunderstanding	0.72	4.24
grown	0.72	2.81
girls	0.72	1.96
preacher	0.72	2.77
spot	0.72	3.31
creates	0.72	3.93
desire	0.72	2.35
fulfill	0.72	3.22
trees	0.72	2.72
errors	0.72	3.60
satan	0.72	2.78
ourselves	0.72	3.87
adult	0.72	3.04
didnt	0.73	3.40
promises	0.73	2.87
preserve	0.73	3.30
quality	0.73	3.31
abraham	0.73	3.13
greatest	0.73	2.69
sacrifices	0.73	2.76
truly	0.73	4.18
king	0.73	2.86
sticking	0.74	3.30
responding	0.74	4.25
einstein	0.74	3.31
attribute	0.74	3.58
emotionally	0.74	2.86
secret	0.74	3.11
sentient	0.74	3.03
productive	0.74	3.01
battle	0.75	2.24
services	0.75	3.16
hair	0.75	2.74
deleted	0.75	3.75
freely	0.75	3.45
noble	0.75	2.83
covered	0.75	3.13
opened	0.76	3.11
bullshit	0.76	2.80
eye	0.76	3.55
inside	0.76	3.03
sudden	0.76	3.17
darwin	0.77	3.29
chose	0.77	3.43
shared	0.77	3.14
bill	0.77	2.74
divinely	0.77	3.51
expecting	0.77	4.12
followers	0.77	2.84
serving	0.77	2.68
pictures	0.77	2.74
school	0.78	3.11
enter	0.78	2.92
sacred	0.78	3.10
powers	0.78	3.38
door	0.78	3.16
guide	0.78	3.39
imperative	0.78	3.40
wont	0.78	4.21
comments	0.78	3.78
upon	0.78	3.63
demanded	0.79	3.21
entirety	0.79	3.30
trait	0.79	3.17
sign	0.79	2.73
bear	0.79	3.38
forgiven	0.79	2.24
lived	0.79	2.88
sentence	0.79	3.88
worshiping	0.79	3.04
misunderstood	0.80	4.28
yesterday	0.80	3.62
knowledgeable	0.80	3.83
commandments	0.80	2.79
persons	0.80	3.29
maintain	0.80	3.41
service	0.80	3.02
achieved	0.81	3.22
pissed	0.81	2.94
off	0.81	3.13
rephrase	0.81	4.41
invite	0.81	3.77
shalt	0.81	2.45
doesnt	0.81	4.09
entity	0.81	3.77
trustworthy	0.81	3.57
pursuit	0.81	2.82
joseph	0.81	3.09
yours	0.82	4.75
comment	0.82	3.94
ones	0.82	2.90
sinless	0.82	2.58
aid	0.82	2.86
rhetorical	0.82	3.26
wonder	0.82	3.68
president	0.82	2.42
muhammed	0.82	3.02
depth	0.82	3.64
listening	0.83	3.03
visit	0.83	3.17
strategy	0.83	2.89
downvote	0.83	3.56
obligation	0.83	3.56
writer	0.83	3.21
inspired	0.83	3.47
join	0.83	3.21
valid	0.84	4.69
hoping	0.84	4.18
mad	0.84	2.80
attention	0.84	3.28
communion	0.84	2.55
honest	0.84	3.76
exchange	0.84	3.21
nicely	0.84	3.34
fancy	0.85	3.26
recently	0.85	3.66
post	0.85	3.96
ill	0.85	2.98
shut	0.85	3.54
saving	0.85	2.13
descendants	0.85	2.87
drive	0.85	2.92
cross	0.85	2.47
trusting	0.86	3.57
tactic	0.86	3.16
trinitarian	0.86	3.17
reveals	0.86	3.31
sent	0.86	2.74
head	0.86	3.03
consideration	0.86	3.16
creature	0.86	3.07
arm	0.86	2.81
okay	0.87	4.69
22	0.87	3.18
hearing	0.87	3.33
situation	0.87	4.34
pharaoh	0.87	2.53
ibn	0.87	3.37
loses	0.87	2.94
buildings	0.87	2.31
advice	0.87	3.28
humans	0.87	3.08
winning	0.88	2.81
hearts	0.88	2.91
confusion	0.88	3.84
apostle	0.88	3.17
purpose	0.88	3.29
simplicity	0.88	3.41
humanity	0.88	2.95
bored	0.88	2.46
air	0.88	2.86
price	0.88	2.53
turn	0.89	3.59
remembered	0.89	3.46
full	0.89	3.25
finds	0.89	3.38
summary	0.89	3.59
follower	0.89	3.11
highest	0.89	2.71
previous	0.89	4.01
loud	0.89	2.70
young	0.89	2.29
basing	0.90	4.48
greatly	0.90	2.95
paragraph	0.90	3.77
omnibenevolence	0.90	3.59
horse	0.90	3.32
apologize	0.91	3.77
jesus	0.91	2.78
innate	0.91	2.97
street	0.91	2.68
spirituality	0.91	2.79
gladly	0.91	3.78
mission	0.91	3.06
wonderful	0.92	1.71
earn	0.92	2.49
paid	0.92	2.53
curse	0.92	2.76
essence	0.92	3.36
inspiration	0.92	3.36
strike	0.93	2.88
mature	0.93	3.01
imperfect	0.93	3.21
inaccurate	0.93	4.65
sheep	0.93	2.22
unlimited	0.93	3.57
longer	0.94	2.92
mystery	0.94	3.16
create	0.94	3.80
replied	0.94	4.06
contact	0.94	3.18
flair	0.95	3.57
speaking	0.95	4.52
reveal	0.95	3.17
childhood	0.95	2.46
divine	0.95	3.24
clarity	0.95	3.71
possible	0.96	4.34
trinity	0.96	3.10
agreeing	0.96	4.34
revealed	0.96	3.14
lets	0.97	4.19
wouldnt	0.97	3.51
upbringing	0.97	2.86
drink	0.97	2.44
willingness	0.97	3.46
fallible	0.97	3.67
prophet	0.97	3.28
gaining	0.97	3.00
elaborate	0.97	4.25
hope	0.98	4.14
mistakes	0.98	3.13
interesting	0.98	3.99
club	0.98	2.36
yhwh	0.98	3.15
mankind	0.99	2.85
masters	0.99	2.90
attend	0.99	2.83
sends	0.99	2.87
send	0.99	2.71
pbuh	0.99	3.34
sadly	0.99	3.32
obama	1.00	2.32
lest	1.00	3.15
opportunity	1.00	3.45
charitable	1.00	2.66
experiencing	1.00	2.73
crazy	1.01	2.79
detailed	1.01	3.61
hat	1.01	2.77
angel	1.01	3.14
sake	1.01	3.27
forth	1.02	3.21
rabbi	1.02	2.77
date	1.02	2.86
qualities	1.02	3.42
christ	1.02	2.64
ready	1.02	3.47
totally	1.02	3.99
moments	1.03	2.74
slave	1.03	2.47
victory	1.03	2.71
thereof	1.04	3.07
likewise	1.04	3.00
marry	1.04	2.15
comfort	1.04	2.63
offspring	1.04	3.04
respectful	1.05	3.11
offering	1.05	2.96
receive	1.05	2.68
smart	1.06	2.86
miss	1.07	3.89
played	1.07	2.69
cry	1.07	2.67
cares	1.07	3.59
named	1.07	2.97
pain	1.07	2.23
games	1.08	2.39
plan	1.08	3.58
broken	1.08	2.89
jehovah	1.08	3.10
submit	1.08	3.15
devout	1.09	2.48
apparently	1.09	4.18
constructive	1.09	3.27
sacrificed	1.09	2.21
response	1.09	4.00
nevertheless	1.09	2.96
painting	1.09	2.52
heavenly	1.09	2.67
deep	1.10	2.93
tl	1.10	3.29
surely	1.10	3.97
attributes	1.10	3.48
yourselves	1.10	3.45
ahead	1.10	4.13
pregnant	1.10	2.13
immortality	1.10	2.35
fixed	1.11	3.54
virgin	1.11	2.23
losing	1.11	2.48
gained	1.11	3.06
asks	1.11	3.90
married	1.12	2.13
approved	1.12	3.20
accomplish	1.12	4.00
kingdom	1.13	2.78
worthy	1.13	2.57
treating	1.14	2.80
incarnation	1.14	2.88
crap	1.14	2.85
salvation	1.15	2.45
clarified	1.15	3.94
fulfillment	1.15	2.78
continually	1.15	3.25
baptist	1.15	2.65
hopefully	1.15	3.49
messenger	1.16	3.27
mouth	1.16	2.90
sacrificing	1.16	2.55
ghost	1.16	3.02
pagan	1.17	2.63
wants	1.17	3.87
maximally	1.17	3.61
replies	1.17	3.87
serve	1.18	3.18
tells	1.18	3.81
literature	1.18	3.10
thou	1.18	2.62
o	1.18	3.55
saved	1.18	2.38
priest	1.19	2.57
cat	1.19	2.45
deity	1.19	3.54
sword	1.19	2.76
conceivable	1.20	3.71
ideal	1.20	2.77
open	1.20	3.32
master	1.21	2.67
leader	1.21	2.46
preferred	1.21	3.38
knows	1.21	3.97
understands	1.21	3.89
day	1.21	2.86
former	1.23	3.19
interpretation	1.23	4.36
seriously	1.23	4.14
willingly	1.25	2.84
baptism	1.25	2.48
newton	1.26	3.20
guidance	1.26	3.01
omnibenevolent	1.27	3.51
creator	1.27	3.61
raised	1.27	2.57
allegedly	1.27	3.39
relationships	1.28	2.21
insight	1.28	3.21
sunday	1.29	2.67
sarcastic	1.29	3.19
woman	1.30	2.10
honesty	1.30	3.05
button	1.30	3.05
bs	1.30	2.96
unity	1.31	3.01
infinitely	1.31	3.28
submission	1.31	3.19
whats	1.31	3.53
savior	1.32	2.79
pleasure	1.32	2.30
supposedly	1.32	3.43
nations	1.32	2.61
responses	1.32	3.72
atonement	1.33	2.48
incomplete	1.34	4.35
holy	1.35	3.16
loss	1.35	2.45
replying	1.35	3.81
commandment	1.36	2.40
dumb	1.36	2.84
typing	1.36	3.18
chooses	1.36	3.49
worship	1.36	2.76
us	1.37	3.86
house	1.37	2.75
allah	1.37	3.13
world	1.37	3.81
brings	1.38	2.84
mary	1.38	2.53
youre	1.38	3.59
fathers	1.39	2.72
omnipotent	1.39	3.49
redemption	1.39	2.55
members	1.39	2.55
isaac	1.40	2.89
currently	1.40	3.96
perfection	1.41	2.95
missed	1.41	3.79
spirit	1.41	2.89
omnipresent	1.41	3.56
simplest	1.43	3.79
dog	1.44	2.54
seed	1.44	2.87
repent	1.44	2.48
all-powerful	1.45	3.45
wives	1.45	2.45
omniscient	1.46	3.59
mistake	1.46	4.14
accurate	1.47	4.31
beat	1.47	2.49
broke	1.47	2.68
partner	1.47	2.20
tag	1.48	2.85
effective	1.48	3.31
alternatives	1.48	3.80
behalf	1.49	2.68
mr	1.49	2.68
catch	1.50	3.43
community	1.50	2.78
wills	1.50	3.66
im	1.50	3.85
dunno	1.51	3.46
inerrant	1.51	4.20
powerful	1.52	3.39
dick	1.52	2.96
sacrifice	1.52	2.51
error	1.52	3.95
behold	1.53	3.02
troll	1.53	3.11
servant	1.54	2.87
sincere	1.54	3.14
edited	1.54	3.59
consistent	1.55	4.21
all-knowing	1.55	3.39
available	1.56	3.67
grace	1.56	2.45
entertaining	1.56	3.02
calm	1.56	2.77
chosen	1.56	3.32
prayed	1.57	2.54
kinda	1.57	3.27
kick	1.57	3.08
lifestyle	1.57	2.53
went	1.58	3.12
ensure	1.58	3.23
wan	1.59	3.72
sees	1.60	3.50
happiness	1.60	2.25
corrected	1.60	3.73
goal	1.62	3.40
wishes	1.62	3.23
grammar	1.62	3.38
almighty	1.62	3.14
reply	1.62	3.68
mundane	1.63	3.30
whoever	1.63	3.64
poetry	1.64	2.48
ok	1.64	4.16
perfect	1.64	3.33
beautiful	1.64	2.73
cake	1.65	2.03
refuses	1.65	3.57
clarification	1.65	3.74
til	1.65	3.02
younger	1.67	2.30
shall	1.67	3.05
clarifying	1.67	3.65
contribution	1.67	3.20
strive	1.68	2.82
wait	1.68	3.84
gotcha	1.69	3.73
man	1.70	2.42
hopes	1.70	3.14
demands	1.70	2.96
coincidence	1.71	3.22
repentance	1.71	2.50
faithful	1.71	2.64
thats	1.71	3.65
theres	1.74	3.26
achieve	1.75	3.26
citation	1.75	3.29
hurts	1.75	2.52
gift	1.76	2.57
kids	1.76	2.24
phone	1.77	3.20
righteousness	1.77	2.58
sounds	1.78	3.03
helpful	1.78	3.13
info	1.78	3.05
pastor	1.78	2.50
piece	1.78	3.02
benevolent	1.78	3.15
lives	1.80	2.27
merciful	1.81	2.59
um	1.81	3.42
correction	1.81	3.39
incredible	1.81	2.41
na	1.82	3.60
blessed	1.83	2.66
boy	1.84	2.28
girl	1.84	1.99
creations	1.85	3.38
happier	1.86	2.45
cain	1.86	2.51
input	1.86	2.99
wisdom	1.86	2.45
ye	1.87	2.81
followed	1.87	2.41
mine	1.88	3.41
others	1.89	3.47
member	1.90	2.48
adapt	1.91	3.16
spelling	1.91	3.29
ass	1.91	2.96
gon	1.91	3.57
remain	1.92	3.13
satisfaction	1.92	2.41
guy	1.94	2.87
wish	1.94	3.62
willing	1.95	3.57
discovery	1.95	3.29
reminds	1.97	2.56
eh	1.98	3.23
comfortable	1.98	2.79
saves	1.98	2.88
kid	1.98	2.39
got	1.99	3.12
wise	1.99	2.69
ai	2.00	2.98
lose	2.01	2.58
hmm	2.01	3.57
fits	2.01	3.31
live	2.03	2.33
apologies	2.05	3.29
feeling	2.05	2.25
closest	2.05	3.05
son	2.06	2.68
discoveries	2.06	3.20
shit	2.06	3.01
profound	2.07	2.56
anyways	2.09	3.23
sorry	2.09	3.51
sarcasm	2.09	3.12
hilarious	2.09	2.99
parent	2.10	2.82
grew	2.10	2.40
home	2.10	2.44
wanting	2.10	3.43
edit	2.10	3.32
ta	2.11	3.22
em	2.11	3.33
upvote	2.12	3.14
song	2.15	2.30
huh	2.17	3.27
sons	2.18	2.53
lord	2.18	2.77
hang	2.19	2.88
humble	2.21	2.69
parents	2.21	2.16
normal	2.21	2.50
suffers	2.23	2.52
lost	2.23	2.53
charity	2.24	2.90
stay	2.24	2.58
fuck	2.25	3.17
looks	2.25	2.89
yea	2.28	3.26
treat	2.29	2.99
forgot	2.30	3.24
damn	2.33	3.27
nah	2.34	3.37
stable	2.34	2.42
himself	2.36	2.87
oneself	2.36	3.02
forgive	2.39	2.65
glory	2.39	2.33
worries	2.39	3.26
ya	2.40	3.30
yeah	2.41	3.46
whom	2.41	2.61
rest	2.43	2.94
expression	2.45	2.45
save	2.47	2.33
she	2.47	2.13
yep	2.49	3.10
safe	2.49	2.47
nope	2.49	3.42
trust	2.51	3.26
kidding	2.51	3.21
humility	2.53	2.65
luck	2.53	3.04
her	2.53	2.08
cute	2.58	2.90
suck	2.58	2.77
respect	2.62	2.86
life	2.65	2.45
healthy	2.66	2.43
living	2.69	2.44
herself	2.69	2.31
daughter	2.69	2.09
guys	2.69	2.93
party	2.71	2.20
peace	2.71	2.54
art	2.73	2.33
laugh	2.75	2.96
tolerance	2.75	2.81
mother	2.76	2.11
ah	2.78	3.24
his	2.79	2.58
perfectly	2.80	2.88
hey	2.80	3.16
dude	2.80	3.08
awe	2.80	2.27
oh	2.82	3.21
fucking	2.82	2.89
haha	2.82	3.08
husband	2.83	2.33
sharing	2.83	2.08
sister	2.83	2.07
empathy	2.84	2.68
lol	2.85	3.15
polite	2.86	2.58
forgiveness	2.86	2.66
beauty	2.86	2.14
fun	2.87	2.85
duty	2.87	2.74
alright	2.87	3.16
ha	2.90	3.01
super	2.90	2.82
obedience	2.90	2.70
uh	2.91	3.05
enjoyed	2.92	2.43
prefer	2.94	2.49
him	2.95	2.98
happily	2.97	2.47
patience	2.98	2.54
dear	2.98	1.58
yup	2.99	3.01
goodness	2.99	2.76
brothers	2.99	2.04
bro	3.01	2.97
mate	3.01	2.77
stranger	3.02	2.49
mutual	3.03	2.76
mercy	3.03	2.62
joke	3.05	2.88
father	3.06	2.46
enemies	3.06	2.37
welcome	3.07	2.92
families	3.11	1.85
celebrate	3.11	1.64
music	3.12	2.08
cool	3.13	2.99
heart	3.14	2.67
kindness	3.16	2.70
compassion	3.17	2.56
wow	3.18	2.72
caring	3.19	2.50
btw	3.22	2.79
sir	3.22	2.62
thanks	3.28	2.90
excellent	3.28	1.85
unto	3.28	2.57
thy	3.29	2.68
brilliant	3.33	2.47
appreciate	3.33	2.53
honor	3.36	2.19
neighbor	3.37	2.48
enjoy	3.39	1.89
fascinating	3.39	2.12
enjoying	3.41	2.11
enemy	3.46	2.02
relationship	3.47	2.51
thank	3.47	2.65
fellow	3.49	2.48
forgiving	3.51	2.60
clever	3.53	2.34
mom	3.55	2.11
dad	3.63	2.07
family	3.73	2.01
wife	3.77	2.11
brother	3.83	2.19
joy	3.83	1.59
loving	3.84	2.47
christmas	3.87	1.81
glad	3.88	2.27
friends	3.91	1.87
neighbors	4.06	1.87
praise	4.07	1.73
friend	4.20	1.95
