piss	-8.93	1.75
disgusting	-8.62	2.05
dirty	-8.26	3.31
rid	-8.19	3.18
death	-7.54	2.96
indoor	-7.31	3.73
beat	-7.12	2.13
ugly	-7.08	2.57
poison	-6.72	3.95
fumes	-6.67	4.09
chemicals	-6.64	4.12
trust	-6.57	2.69
toxic	-6.48	4.06
smell	-6.46	3.57
hideous	-6.31	2.86
includes	-6.22	3.33
tracks	-6.08	4.81
everywhere	-6.06	3.62
angry	-6.04	2.48
backs	-6.03	3.91
automatically	-6.00	3.17
weak	-5.94	3.29
gross	-5.92	2.73
rusty	-5.88	3.57
holders	-5.82	4.60
news	-5.81	2.69
boring	-5.79	2.52
resulting	-5.75	3.23
instantly	-5.74	2.96
absolute	-5.70	3.16
marketing	-5.56	2.52
fake	-5.47	3.56
swear	-5.46	2.45
twist	-5.44	4.53
ruined	-5.43	2.99
downvote	-5.35	2.88
attack	-5.30	2.97
crap	-5.11	2.32
retarded	-5.08	3.32
strange	-4.98	2.32
uncomfortable	-4.98	2.96
destroyed	-4.94	3.38
habit	-4.86	3.14
fear	-4.83	3.11
poor	-4.76	2.70
tired	-4.69	2.83
failure	-4.68	3.50
installs	-4.40	4.29
luckily	-4.40	3.59
footage	-4.36	4.41
accident	-4.36	3.47
highest	-4.33	4.07
sucks	-4.32	2.63
meh	-4.21	2.17
kills	-4.20	3.59
broke	-4.15	3.61
picking	-4.13	3.48
sorts	-4.11	3.62
carpets	-4.10	1.38
shitty	-4.06	2.49
negative	-4.05	3.35
begin	-4.03	3.28
killed	-3.99	2.62
ending	-3.97	3.32
third	-3.97	3.66
favor	-3.91	3.75
silly	-3.90	2.15
heart	-3.90	3.53
sub	-3.90	5.61
worker	-3.89	3.68
subreddit	-3.89	5.70
assholes	-3.89	3.20
r/diy	-3.88	5.68
removed	-3.85	5.65
r/somethingimade	-3.83	5.61
submission	-3.80	5.64
blame	-3.78	3.11
tacky	-3.75	2.23
gut	-3.73	3.71
default	-3.72	5.31
complaining	-3.72	3.00
ignorant	-3.64	3.66
resubmitting	-3.61	5.49
has	-3.61	5.00
longest	-3.59	3.79
weird	-3.59	2.10
finds	-3.57	3.27
smells	-3.55	3.23
kill	-3.48	1.81
ignore	-3.42	3.17
oddly	-3.41	3.20
spiders	-3.39	3.38
knows	-3.38	3.29
ugh	-3.37	2.46
wallpaper	-3.36	1.61
acceptable	-3.33	2.62
blast	-3.22	3.02
liking	-3.20	4.20
losing	-3.18	3.49
downvotes	-3.17	3.55
cringe	-3.14	2.80
asking	-3.13	4.88
sees	-3.12	3.42
genuinely	-3.11	2.65
forget	-3.10	3.34
suck	-3.08	3.07
thinks	-3.08	3.02
lazy	-3.04	3.13
appropriate	-3.01	5.03
incorrectly	-3.01	4.08
question	-2.97	4.86
bad	-2.95	2.24
dated	-2.93	1.53
hurts	-2.92	2.78
apparently	-2.91	3.97
scenario	-2.88	3.21
likes	-2.88	3.32
rude	-2.88	3.85
evidence	-2.87	4.11
pissed	-2.84	2.38
noob	-2.83	4.26
explain	-2.82	4.64
plot	-2.80	2.86
wants	-2.80	3.34
faux	-2.80	1.69
everybody	-2.79	3.06
ignorance	-2.75	3.70
scared	-2.74	2.63
odd	-2.70	2.44
messy	-2.70	2.55
specific	-2.64	4.71
improved	-2.64	2.66
saying	-2.64	4.10
paneling	-2.63	1.54
dumb	-2.62	3.27
suited	-2.61	4.64
because	-2.58	4.55
bacteria	-2.58	1.18
shame	-2.57	2.39
hilarious	-2.56	2.11
referring	-2.55	4.18
chemical	-2.54	2.15
assumption	-2.52	3.79
please	-2.52	4.31
case	-2.51	2.89
er	-2.50	2.74
hmmm	-2.49	2.81
bitch	-2.49	2.58
downvoted	-2.48	2.30
worse	-2.47	2.67
consuming	-2.46	2.64
submitting	-2.45	4.25
aware	-2.45	3.78
breathing	-2.45	1.30
guidelines	-2.43	4.00
apologize	-2.43	3.81
incorrect	-2.42	3.99
vote	-2.38	3.45
grease	-2.37	1.71
understand	-2.35	4.21
why	-2.32	4.19
mods	-2.30	3.57
rules	-2.30	3.75
zinc	-2.29	2.03
appeal	-2.28	3.31
asshole	-2.28	1.94
talking	-2.26	3.89
stupid	-2.25	2.37
biggest	-2.24	2.94
nervous	-2.23	2.74
research	-2.19	3.99
convinced	-2.18	2.55
popcorn	-2.17	1.36
general	-2.17	3.84
nature	-2.15	3.76
bugs	-2.14	1.62
greatest	-2.13	2.19
crappy	-2.12	1.28
oils	-2.10	1.87
breaks	-2.08	1.08
personally	-2.08	2.93
dedicated	-2.08	3.64
admit	-2.05	2.21
treated	-2.05	1.84
underneath	-2.05	1.18
submit	-2.04	3.83
familiar	-2.02	2.07
post	-2.00	3.81
story	-1.97	2.62
basically	-1.97	3.86
resubmit	-1.96	3.78
creepy	-1.95	1.68
clarify	-1.93	3.79
mean	-1.92	3.86
supposed	-1.91	3.79
70s	-1.90	1.41
garbage	-1.90	1.20
covered	-1.90	1.42
rule	-1.89	3.48
burn	-1.88	1.59
random	-1.87	1.19
burning	-1.86	1.61
poop	-1.85	0.86
flammable	-1.85	1.72
stands	-1.84	1.41
reddit	-1.81	3.18
rotten	-1.80	1.68
chlorine	-1.77	1.54
nothing	-1.76	3.53
posts	-1.74	2.99
assuming	-1.73	3.62
clogged	-1.72	1.30
junk	-1.71	1.21
ridiculous	-1.71	1.16
plain	-1.71	1.30
organic	-1.70	1.71
subs	-1.68	3.28
eyes	-1.67	1.11
questions	-1.67	3.56
harmful	-1.66	1.71
pallets	-1.65	1.68
telling	-1.64	1.95
baking	-1.63	1.62
mistaken	-1.62	3.53
sticky	-1.62	1.19
litter	-1.61	0.88
collapse	-1.60	1.03
troll	-1.58	1.66
destroy	-1.58	0.96
funny	-1.57	1.84
pile	-1.57	1.16
content	-1.56	2.87
trap	-1.55	0.89
topic	-1.54	2.74
indoors	-1.53	0.99
drunk	-1.53	1.22
candle	-1.52	1.35
barrels	-1.52	1.58
humans	-1.52	1.15
heh	-1.51	2.50
cancer	-1.51	1.04
schedule	-1.51	0.93
bug	-1.50	1.07
talk	-1.48	1.67
treatment	-1.47	1.53
burnt	-1.47	1.39
awkward	-1.47	1.10
meant	-1.46	3.42
rusted	-1.45	1.09
textured	-1.45	1.27
acting	-1.45	0.81
killing	-1.45	1.29
reminded	-1.45	2.12
pointless	-1.45	1.20
remove	-1.44	1.32
ie	-1.44	1.07
rains	-1.44	1.05
scraping	-1.44	1.13
dammit	-1.43	1.83
warped	-1.41	0.90
bored	-1.41	1.30
dangerous	-1.41	1.40
ruin	-1.40	1.20
hall	-1.40	1.02
mod	-1.39	3.14
units	-1.39	1.13
battle	-1.39	1.97
and/or	-1.39	1.38
pt	-1.39	1.48
lead	-1.38	1.19
mildew	-1.37	1.28
dishes	-1.37	1.14
ceilings	-1.36	1.28
exactly	-1.34	3.41
detailing	-1.34	3.10
residue	-1.33	1.38
message	-1.33	3.00
channels	-1.33	1.37
behr	-1.31	1.14
dehumidifier	-1.30	1.53
spirit	-1.30	2.72
sawdust	-1.30	1.46
fire	-1.30	1.24
discussion	-1.29	2.78
mini	-1.29	0.91
outline	-1.29	2.70
among	-1.29	1.43
patina	-1.28	0.94
reaction	-1.28	1.19
leaves	-1.27	1.23
pallet	-1.27	1.45
conditions	-1.27	0.97
creek	-1.26	1.00
pound	-1.25	1.10
ruining	-1.25	1.10
ears	-1.25	1.38
birds	-1.25	1.00
recognize	-1.24	1.01
commenting	-1.23	2.27
skin	-1.22	1.15
disappointed	-1.22	2.08
rust	-1.22	1.33
burns	-1.21	1.34
flood	-1.21	1.24
event	-1.21	0.82
focused	-1.21	2.72
dust	-1.20	1.29
posting	-1.20	3.15
stripping	-1.20	1.29
cap	-1.20	1.29
unnecessary	-1.20	1.17
listen	-1.19	1.45
galvanized	-1.19	1.36
basements	-1.18	1.11
abuse	-1.18	1.07
r/woodworking	-1.18	3.10
cat	-1.18	0.77
fight	-1.17	0.87
corrosion	-1.17	1.18
basis	-1.17	1.04
spraying	-1.16	1.26
tells	-1.16	1.88
smoke	-1.15	1.19
forum	-1.15	2.72
mask	-1.15	1.37
hospital	-1.14	0.93
comparison	-1.14	1.06
calls	-1.14	1.47
thermal	-1.14	0.96
mouth	-1.14	1.01
compression	-1.13	1.14
coil	-1.13	0.98
kilz	-1.13	1.28
sick	-1.12	1.45
blower	-1.12	0.94
motors	-1.12	1.07
rocket	-1.12	0.98
washed	-1.11	1.07
contacts	-1.11	1.18
xd	-1.11	2.87
blocked	-1.10	1.10
jerk	-1.10	1.68
meet	-1.10	1.41
tension	-1.10	1.07
calling	-1.10	1.58
exposure	-1.09	1.28
mentioning	-1.08	2.12
throughout	-1.08	1.04
been	-1.08	3.07
antique	-1.08	0.90
loose	-1.08	1.08
quote	-1.08	1.65
spark	-1.07	1.17
ideal	-1.07	2.11
curtain	-1.07	0.99
idiot	-1.06	1.50
asked	-1.06	1.89
puts	-1.06	1.42
bomb	-1.06	1.13
cooking	-1.06	1.15
attitude	-1.05	1.86
bullshit	-1.05	1.07
badly	-1.05	1.13
triangle	-1.04	1.01
grill	-1.04	0.92
reality	-1.03	0.90
harsh	-1.03	1.34
mold	-1.03	1.21
hands	-1.02	1.11
typing	-1.02	1.46
charcoal	-1.02	0.98
student	-1.01	0.97
karma	-1.01	2.13
fancy	-1.00	1.03
brushed	-1.00	1.17
text	-1.00	2.83
gutter	-0.99	1.20
treating	-0.98	1.34
health	-0.97	0.96
logic	-0.97	1.65
sucked	-0.97	1.00
society	-0.97	1.25
asbestos	-0.97	1.25
excited	-0.97	2.13
tore	-0.97	1.19
government	-0.97	1.01
outdoor	-0.96	1.03
brand	-0.96	1.10
leading	-0.96	1.01
conversation	-0.95	1.54
hiding	-0.94	1.05
tries	-0.94	1.77
active	-0.94	2.26
contract	-0.93	1.08
slow	-0.93	0.83
skip	-0.93	1.33
cleaning	-0.93	1.22
remember	-0.93	2.76
blows	-0.92	1.12
caught	-0.92	0.94
language	-0.92	1.70
upset	-0.92	1.44
extent	-0.92	1.65
popular	-0.92	1.48
scotch	-0.92	0.95
relief	-0.91	1.02
judge	-0.91	1.13
told	-0.91	1.59
acid	-0.91	1.34
draft	-0.90	1.20
stains	-0.89	1.29
generic	-0.89	1.93
excuse	-0.89	1.52
pans	-0.89	1.36
european	-0.89	1.04
suggested	-0.89	1.64
suggesting	-0.89	1.61
binding	-0.88	0.95
plaster	-0.88	1.06
regards	-0.88	0.91
label	-0.88	1.12
density	-0.87	1.43
algae	-0.87	1.12
typical	-0.87	1.04
minus	-0.87	1.05
absorb	-0.86	1.14
die	-0.86	0.84
deleted	-0.86	2.44
continuous	-0.85	0.99
upvotes	-0.85	2.06
answered	-0.85	2.48
crawl	-0.84	1.17
haters	-0.84	2.24
duck	-0.83	0.86
context	-0.83	2.35
dead	-0.83	1.07
sorry	-0.83	2.84
restoring	-0.83	0.83
uses	-0.82	1.57
bumps	-0.82	1.08
potentially	-0.82	0.99
impression	-0.82	1.54
sheetrock	-0.81	1.04
vac	-0.81	1.13
condition	-0.81	0.85
fires	-0.81	0.96
border	-0.80	1.02
spill	-0.80	0.99
shear	-0.80	1.05
bases	-0.80	1.34
holder	-0.79	1.03
excessive	-0.79	1.54
equivalent	-0.79	1.53
community	-0.79	2.12
respirator	-0.79	1.18
subject	-0.79	1.17
internal	-0.79	1.08
dull	-0.79	1.20
accompanying	-0.79	2.57
bat	-0.78	1.30
says	-0.78	1.66
following	-0.78	2.32
strain	-0.78	0.81
standards	-0.77	1.57
met	-0.77	1.45
broken	-0.77	1.07
clip	-0.77	0.96
etching	-0.77	1.23
unsafe	-0.77	0.96
damaged	-0.77	1.08
tag	-0.76	1.03
steep	-0.76	1.11
non	-0.76	1.21
frankly	-0.76	1.09
track	-0.76	1.30
changed	-0.76	1.81
claim	-0.75	1.41
release	-0.75	0.93
complain	-0.74	1.55
useless	-0.74	1.07
era	-0.74	1.13
forge	-0.74	0.88
act	-0.74	0.83
leads	-0.74	1.13
dick	-0.74	1.37
jars	-0.73	0.96
hack	-0.73	0.90
document	-0.73	2.48
toe	-0.73	1.16
humanity	-0.73	0.93
curing	-0.73	1.09
diy	-0.73	2.67
sliding	-0.73	1.08
lint	-0.73	1.02
meets	-0.73	1.16
melted	-0.73	1.60
ditra	-0.73	1.04
military	-0.72	0.87
criticism	-0.72	1.65
pointed	-0.72	1.50
ignition	-0.71	0.90
cup	-0.71	1.00
refer	-0.71	1.79
transport	-0.71	1.00
dunno	-0.71	1.50
tastes	-0.70	1.20
nearby	-0.70	1.02
phones	-0.70	0.98
burner	-0.70	0.97
hazard	-0.70	1.09
dripping	-0.70	0.99
bot	-0.70	2.32
human	-0.69	0.80
wouldnt	-0.69	1.14
lets	-0.69	1.09
rich	-0.69	0.97
shoot	-0.68	1.17
transparent	-0.68	0.98
traps	-0.68	1.01
resale	-0.68	0.95
describing	-0.68	1.57
mouse	-0.68	1.06
stuck	-0.67	1.40
occur	-0.67	1.00
signs	-0.67	0.96
factor	-0.67	0.93
neck	-0.67	0.94
effects	-0.66	1.09
ask	-0.66	2.25
hp	-0.66	1.01
dropped	-0.66	1.08
relevant	-0.66	2.34
4x4s	-0.66	1.27
kiln	-0.66	0.90
pain	-0.65	0.99
bump	-0.65	0.95
construction	-0.65	2.22
pizza	-0.65	1.15
blank	-0.65	1.15
replicate	-0.65	2.32
speakers	-0.65	1.53
slides	-0.65	1.07
treat	-0.65	1.19
cartridge	-0.64	0.90
specifically	-0.64	2.03
filter	-0.64	0.99
opposite	-0.64	1.20
clog	-0.64	1.08
respond	-0.64	2.42
fireplace	-0.63	0.98
upper	-0.63	1.09
smoker	-0.63	0.97
bamboo	-0.63	0.95
whatnot	-0.63	0.92
purpose	-0.63	2.27
dont	-0.63	2.01
arm	-0.63	1.08
ripped	-0.63	1.12
automotive	-0.63	0.93
ceiling	-0.63	1.03
blinds	-0.63	1.03
return	-0.63	1.04
particles	-0.62	1.09
tricky	-0.62	0.92
fell	-0.62	1.10
stucco	-0.62	1.02
filters	-0.62	1.01
hearing	-0.62	1.16
sat	-0.61	1.19
carbon	-0.61	1.13
right	-0.61	2.75
nuts	-0.61	1.03
scrolling	-0.61	1.67
lean	-0.61	1.05
portable	-0.61	0.93
bone	-0.61	0.97
matters	-0.61	1.20
designed	-0.61	2.16
gas	-0.61	0.99
flame	-0.61	1.02
recessed	-0.61	1.00
straw	-0.60	1.07
carried	-0.60	1.24
flashlight	-0.60	1.00
follow	-0.60	2.05
4x4	-0.60	1.31
boiling	-0.59	1.06
heaters	-0.59	1.10
butt	-0.59	1.27
pliers	-0.59	0.98
applications	-0.59	1.44
alive	-0.59	0.86
gentle	-0.59	1.91
headphones	-0.59	0.91
nec	-0.59	1.83
wonder	-0.58	2.10
chimney	-0.58	0.98
false	-0.58	1.71
guaranteed	-0.58	1.16
social	-0.57	0.99
bottle	-0.57	0.93
dies	-0.57	0.89
bends	-0.57	0.90
oxygen	-0.57	0.99
ass	-0.57	1.84
on/off	-0.57	0.90
2x4s	-0.56	1.27
updated	-0.56	2.33
thankfully	-0.56	1.05
crushed	-0.56	1.00
commonly	-0.56	1.06
forms	-0.56	1.56
cares	-0.56	1.41
carpet	-0.55	0.95
theater	-0.55	1.27
pleased	-0.55	1.88
twisted	-0.55	0.91
thread	-0.55	2.06
walls	-0.55	1.00
page	-0.54	2.02
rear	-0.54	1.14
become	-0.54	1.41
prevents	-0.54	1.39
locked	-0.54	1.12
similarly	-0.53	0.92
fashion	-0.53	0.92
bothered	-0.53	1.60
include	-0.53	2.21
doctor	-0.53	0.93
except	-0.53	1.40
benefits	-0.53	0.98
progress	-0.53	2.31
recommended	-0.53	1.21
stripper	-0.53	1.00
placing	-0.53	1.21
e.g	-0.53	0.88
official	-0.53	1.10
marry	-0.53	2.09
star	-0.53	0.81
talked	-0.52	1.40
lamp	-0.52	0.99
single	-0.52	1.04
etch	-0.52	0.99
shrink	-0.52	0.93
feral	-0.52	0.74
adjacent	-0.52	0.96
rot	-0.51	1.08
stainless	-0.51	1.01
fibers	-0.51	1.47
knowledgeable	-0.51	1.58
debris	-0.51	0.95
replaced	-0.51	1.72
versus	-0.51	1.33
nexus	-0.51	0.98
photos	-0.51	2.30
knees	-0.51	0.96
vent	-0.51	0.94
bread	-0.51	0.89
opener	-0.51	0.95
due	-0.51	0.95
train	-0.50	1.09
facebook	-0.50	1.39
knowing	-0.50	1.94
eliminate	-0.50	1.12
blow	-0.50	1.09
messing	-0.50	1.63
assume	-0.50	2.32
opens	-0.50	0.98
spreading	-0.50	1.62
statement	-0.50	1.90
risk	-0.50	1.09
reducing	-0.50	1.23
shocked	-0.49	1.31
pond	-0.49	0.93
rustic	-0.49	0.80
intended	-0.49	1.64
describe	-0.49	1.92
sight	-0.49	0.93
lowest	-0.49	0.84
parallel	-0.49	1.02
positive	-0.49	1.17
flimsy	-0.49	0.84
iphone	-0.49	1.00
termites	-0.48	1.20
floors	-0.48	0.92
propane	-0.48	0.93
breaking	-0.48	1.27
animal	-0.48	0.85
including	-0.48	1.24
danger	-0.48	1.10
liquor	-0.48	0.89
suitable	-0.48	1.27
drywall	-0.48	1.00
important	-0.48	1.93
dash	-0.48	0.94
rip	-0.47	1.15
shaped	-0.47	0.92
32	-0.47	1.06
tablet	-0.47	0.94
hurt	-0.47	1.25
randomly	-0.47	0.89
oven	-0.47	0.94
halfway	-0.47	0.84
soap	-0.47	1.04
eat	-0.47	0.82
leaks	-0.46	0.99
replied	-0.46	1.77
crank	-0.46	1.03
stream	-0.46	1.11
fuel	-0.46	0.93
lying	-0.46	1.16
brain	-0.46	1.11
arc	-0.46	0.90
cedar	-0.46	1.17
monster	-0.46	0.80
splice	-0.46	0.93
rebuilt	-0.46	1.05
vents	-0.46	0.95
details	-0.45	2.30
external	-0.45	0.96
regulations	-0.45	1.69
pools	-0.45	1.02
2x8	-0.45	1.23
resist	-0.45	1.09
damaging	-0.45	1.16
complicated	-0.45	0.92
bubble	-0.45	1.18
bottoms	-0.45	1.07
golden	-0.45	1.66
texture	-0.45	0.97
sounded	-0.45	1.17
exist	-0.44	2.04
writing	-0.44	1.30
dishwasher	-0.44	0.93
exhaust	-0.44	0.93
bin	-0.44	0.97
fish	-0.44	0.83
brittle	-0.44	0.87
breathe	-0.44	1.39
resistant	-0.44	0.98
became	-0.44	0.96
2x6	-0.43	1.14
pit	-0.43	0.94
eating	-0.43	0.87
rotted	-0.43	1.05
folding	-0.43	1.06
stress	-0.43	0.86
remind	-0.43	1.34
world	-0.43	0.94
linoleum	-0.43	0.97
etc	-0.43	1.86
lumber	-0.43	1.09
convert	-0.43	1.00
descriptions	-0.43	2.18
intake	-0.43	0.95
completed	-0.43	2.26
explode	-0.42	0.96
chunks	-0.42	0.92
path	-0.42	1.04
loading	-0.42	1.39
services	-0.42	0.99
decking	-0.42	1.09
stereo	-0.42	0.98
growth	-0.42	0.97
knives	-0.42	1.00
knocking	-0.42	1.49
drain	-0.42	0.97
coated	-0.42	1.00
velcro	-0.42	1.02
locate	-0.42	1.75
accidentally	-0.41	1.36
causes	-0.41	0.89
already	-0.41	2.37
reviews	-0.41	1.16
differences	-0.41	0.98
bending	-0.41	1.01
confusing	-0.41	1.04
pressure	-0.41	0.99
blog	-0.41	2.06
sill	-0.41	1.08
posted	-0.41	1.96
codes	-0.41	1.69
kinds	-0.41	1.23
contain	-0.41	1.00
prepare	-0.41	1.15
afraid	-0.41	1.52
laptop	-0.41	0.98
main	-0.41	0.99
nose	-0.41	0.95
possibly	-0.40	0.98
bleach	-0.40	1.15
steel	-0.40	0.99
grade	-0.40	0.92
using	-0.40	2.10
redditors	-0.40	2.11
35	-0.39	1.08
imgur	-0.39	2.15
instant	-0.39	1.10
tabs	-0.39	1.44
2nd	-0.39	0.98
gallery	-0.39	2.14
lie	-0.39	1.26
sump	-0.39	0.98
exception	-0.39	1.11
basic	-0.39	2.07
cart	-0.39	0.92
unit	-0.39	0.91
stove	-0.39	0.92
americans	-0.39	1.32
missing	-0.39	2.11
affected	-0.38	0.83
rollers	-0.38	0.90
disagree	-0.38	1.52
rugs	-0.38	0.88
physics	-0.38	1.34
camera	-0.38	0.95
beams	-0.38	1.29
tell	-0.38	2.10
beneath	-0.38	0.95
prove	-0.38	1.67
element	-0.37	0.89
suddenly	-0.37	1.21
furnace	-0.37	0.90
covering	-0.37	1.48
bubbles	-0.37	1.13
album	-0.37	2.05
venting	-0.37	0.96
refinish	-0.36	0.97
tone	-0.36	1.00
doesnt	-0.36	1.40
fruit	-0.36	0.97
mobile	-0.36	1.91
species	-0.36	0.90
thrown	-0.36	1.00
drove	-0.36	0.96
else	-0.36	1.50
needs	-0.36	1.31
mostly	-0.36	1.78
curtains	-0.36	0.86
meat	-0.36	0.82
extensive	-0.36	1.08
kinda	-0.36	0.89
unlike	-0.36	0.91
kick	-0.36	1.22
preventing	-0.36	1.18
header	-0.35	1.25
faces	-0.35	1.14
peel	-0.35	1.01
wild	-0.35	0.79
comparable	-0.35	0.91
ducts	-0.35	0.94
root	-0.35	0.92
hipster	-0.35	1.01
word	-0.35	2.02
beam	-0.35	1.24
sunlight	-0.35	0.87
brass	-0.35	0.94
pool	-0.35	0.91
aspects	-0.35	2.02
roots	-0.35	0.90
heated	-0.35	0.93
harm	-0.35	0.93
fail	-0.35	0.99
usable	-0.35	0.90
radius	-0.34	1.38
select	-0.34	0.94
hired	-0.34	1.26
2x	-0.34	1.40
barrel	-0.34	1.24
installation	-0.34	1.18
cylinder	-0.34	0.80
trash	-0.34	1.01
acetone	-0.34	1.06
wall	-0.34	1.01
rise	-0.34	1.04
users	-0.33	1.51
gym	-0.33	0.98
matter	-0.33	1.75
powder	-0.33	1.00
co2	-0.33	0.96
buildup	-0.33	0.99
readily	-0.33	1.04
logo	-0.33	0.88
salt	-0.33	0.97
outdoors	-0.33	1.37
bricks	-0.33	0.96
blocking	-0.33	1.00
letter	-0.33	1.07
colours	-0.33	1.06
secondary	-0.33	1.32
bicycle	-0.33	0.91
affect	-0.33	0.92
cracked	-0.33	1.05
legal	-0.32	1.54
accessible	-0.32	1.48
warp	-0.32	0.89
overhead	-0.32	1.31
proof	-0.32	1.03
throwing	-0.32	1.20
terms	-0.32	0.93
remodeling	-0.32	1.31
reading	-0.32	1.85
pics	-0.32	2.12
chipping	-0.32	1.17
teach	-0.32	1.40
terminal	-0.32	1.12
season	-0.32	0.88
contained	-0.32	1.06
sewer	-0.32	0.99
stump	-0.32	0.94
dryer	-0.32	0.90
exterior	-0.32	0.97
mentioned	-0.32	1.55
nest	-0.32	0.97
pointing	-0.32	1.48
materials	-0.32	1.85
pan	-0.32	0.93
ridge	-0.31	0.97
drains	-0.31	0.99
gutters	-0.31	1.00
none	-0.31	1.02
failing	-0.31	1.09
poster	-0.31	1.51
stored	-0.31	1.05
drying	-0.31	1.03
judging	-0.31	1.50
capacity	-0.31	1.00
pump	-0.31	0.96
believe	-0.31	2.25
backed	-0.31	0.97
view	-0.31	1.52
pure	-0.31	1.07
comfortable	-0.31	0.93
concrete	-0.30	1.18
duct	-0.30	0.91
system	-0.30	1.31
floor	-0.30	0.97
squeeze	-0.30	1.00
covers	-0.30	1.15
limit	-0.30	0.89
repaint	-0.30	0.98
tank	-0.30	0.95
mention	-0.30	1.76
whereas	-0.30	1.04
wake	-0.30	1.04
curved	-0.30	0.92
net	-0.30	1.12
dish	-0.30	0.96
package	-0.30	0.83
brick	-0.30	0.97
removing	-0.30	1.13
bumper	-0.30	0.95
underlayment	-0.30	0.97
heater	-0.30	0.91
painful	-0.29	0.79
second	-0.29	1.14
aged	-0.29	0.82
blocks	-0.29	1.13
giving	-0.29	1.55
spread	-0.29	1.06
link	-0.29	2.06
condensation	-0.29	0.99
liability	-0.29	0.95
moist	-0.29	1.07
motherboard	-0.29	0.95
levels	-0.29	1.29
elements	-0.29	1.02
reasoning	-0.29	1.77
fluid	-0.29	0.98
internet	-0.29	1.40
german	-0.29	1.44
viewing	-0.29	1.27
joists	-0.29	1.10
claims	-0.28	1.38
rotting	-0.28	1.11
washing	-0.28	0.98
types	-0.28	1.83
creates	-0.28	0.96
removal	-0.28	0.96
tanks	-0.28	0.94
unable	-0.28	1.73
peak	-0.28	0.91
discovered	-0.28	1.54
wash	-0.28	0.97
comments	-0.28	1.79
grooves	-0.28	1.29
water	-0.28	0.96
eggs	-0.28	0.90
high	-0.28	0.90
logs	-0.28	0.93
potential	-0.28	0.90
photo	-0.28	2.02
plasti-dip	-0.28	1.36
entire	-0.28	0.95
lately	-0.28	1.86
trowel	-0.28	0.95
images	-0.28	1.96
alcohol	-0.28	0.90
tire	-0.28	0.82
added	-0.27	1.90
dirt	-0.27	0.94
springs	-0.27	0.92
air	-0.27	0.93
diagonal	-0.27	1.04
mainly	-0.27	1.18
framing	-0.27	1.14
increased	-0.27	0.88
soda	-0.27	0.95
magnet	-0.27	0.91
vented	-0.27	0.97
edited	-0.27	2.07
loads	-0.27	1.02
dryers	-0.27	0.90
fir	-0.27	1.01
heavily	-0.26	1.23
supports	-0.26	1.24
big	-0.26	0.87
storm	-0.26	0.91
rates	-0.26	0.95
ventilation	-0.26	1.03
rafters	-0.26	1.07
weed	-0.26	0.88
code	-0.26	1.52
properties	-0.26	0.94
killer	-0.26	0.98
clean	-0.26	0.98
liner	-0.26	0.93
quit	-0.26	1.27
click	-0.26	1.72
disaster	-0.26	0.92
stripped	-0.26	0.96
develop	-0.26	1.15
2x4	-0.26	1.13
tarp	-0.26	0.89
repairing	-0.26	1.07
hence	-0.26	1.60
pictures	-0.26	2.04
happens	-0.26	1.17
joist	-0.26	1.11
stud	-0.26	1.06
pic	-0.25	1.96
masking	-0.25	1.10
co	-0.25	0.98
oil	-0.25	0.98
apologies	-0.25	1.91
timber	-0.25	0.94
description	-0.25	2.02
relay	-0.25	0.87
redo	-0.25	1.03
smoking	-0.25	0.79
studs	-0.25	1.06
requirements	-0.25	1.59
mineral	-0.25	0.98
soffit	-0.25	0.96
rain	-0.25	0.94
animals	-0.25	0.80
substrate	-0.25	0.99
changing	-0.25	1.15
leaking	-0.25	1.02
1x4	-0.24	1.08
valve	-0.24	0.93
linseed	-0.24	0.97
cleaned	-0.24	1.00
contact	-0.24	1.29
stack	-0.24	1.05
soaking	-0.24	1.15
fired	-0.24	0.96
draining	-0.24	1.11
bird	-0.24	0.85
disposal	-0.24	0.98
makita	-0.24	1.14
explaining	-0.24	1.99
systems	-0.24	0.92
pumps	-0.24	0.95
axe	-0.24	0.78
rocks	-0.24	0.89
flashing	-0.24	1.01
cinder	-0.24	0.99
liquid	-0.24	0.98
stop	-0.24	1.34
solvent	-0.24	0.98
called	-0.24	1.78
captions	-0.23	1.88
composite	-0.23	0.92
scrap	-0.23	0.98
shovel	-0.23	0.91
countertops	-0.23	0.96
crazy	-0.23	0.97
canada	-0.23	1.15
pinch	-0.23	0.96
average	-0.23	1.00
converted	-0.23	0.92
tung	-0.23	0.94
developed	-0.23	1.08
names	-0.23	1.21
renting	-0.23	1.47
psu	-0.23	0.94
bury	-0.23	0.96
mastic	-0.23	0.98
marble	-0.23	0.92
range	-0.23	1.60
english	-0.22	1.62
crawlspace	-0.22	1.00
subfloor	-0.22	0.95
brakes	-0.22	1.11
superior	-0.22	1.28
attic	-0.22	0.94
primarily	-0.22	1.57
facing	-0.22	1.33
form	-0.22	1.49
sorta	-0.22	1.05
stories	-0.22	0.94
ac	-0.22	0.89
empty	-0.22	0.94
drop	-0.22	1.32
coins	-0.22	0.98
metals	-0.22	0.90
roof	-0.22	0.98
honest	-0.22	1.80
bend	-0.22	0.87
remaining	-0.22	1.21
fault	-0.21	1.21
remover	-0.21	0.96
complete	-0.21	1.18
college	-0.21	0.97
clicked	-0.21	1.32
interior	-0.21	0.97
siding	-0.21	0.99
soaked	-0.21	0.97
shiny	-0.21	0.91
waiting	-0.21	1.01
partially	-0.21	1.00
mistake	-0.21	1.12
mortar	-0.21	0.97
taping	-0.21	0.93
cement	-0.21	0.98
stars	-0.21	1.29
bolted	-0.21	1.23
yards	-0.21	0.96
serves	-0.21	1.09
fasteners	-0.21	0.99
latex	-0.21	0.95
piping	-0.20	0.95
argument	-0.20	1.68
latter	-0.20	1.20
keyboard	-0.20	0.94
lake	-0.20	0.98
aluminum	-0.20	0.94
frozen	-0.20	0.97
shingles	-0.20	0.97
sole	-0.20	1.35
clearance	-0.20	1.37
compressed	-0.20	0.95
accommodate	-0.20	0.93
fan	-0.20	0.82
population	-0.20	0.81
features	-0.20	0.96
image	-0.20	1.79
fans	-0.20	0.86
update	-0.20	1.98
hose	-0.20	0.93
static	-0.20	0.91
serve	-0.20	1.07
proofing	-0.20	1.05
push	-0.20	0.97
batch	-0.20	1.23
pex	-0.20	0.95
airflow	-0.20	0.97
allows	-0.19	1.05
brace	-0.19	1.09
manner	-0.19	1.27
sheathing	-0.19	1.00
laminate	-0.19	0.94
meaning	-0.19	1.52
safety	-0.19	1.11
osb	-0.19	0.98
item	-0.19	1.05
estate	-0.19	1.20
footing	-0.19	1.20
burned	-0.19	0.92
under	-0.19	1.07
sigh	-0.19	1.58
conditioner	-0.19	0.98
factory	-0.19	0.97
existing	-0.19	1.05
review	-0.19	1.63
extreme	-0.19	0.89
moisture	-0.19	1.02
microwave	-0.19	0.89
computer	-0.19	0.95
busy	-0.19	1.24
cpu	-0.19	0.87
pine	-0.19	0.96
drainage	-0.19	0.99
semi	-0.19	0.93
skim	-0.19	0.96
directions	-0.19	1.39
wax	-0.19	0.91
catch	-0.18	0.94
metal	-0.18	0.91
instance	-0.18	1.03
slab	-0.18	1.06
outside	-0.18	0.93
assumed	-0.18	1.73
chicken	-0.18	0.77
renovations	-0.18	1.14
film	-0.18	0.95
raise	-0.18	0.97
humidity	-0.18	1.12
rub	-0.18	0.97
circuit	-0.18	1.28
club	-0.18	1.45
downside	-0.18	0.85
trapped	-0.18	0.97
4x8	-0.18	1.00
carriage	-0.18	1.14
flooring	-0.18	0.95
a/c	-0.18	0.98
backer	-0.18	0.96
links	-0.18	1.90
hardwood	-0.18	0.91
critical	-0.18	1.07
fridge	-0.18	0.88
primer	-0.18	0.96
threaded	-0.18	1.08
permanent	-0.17	1.03
purposes	-0.17	1.50
insulate	-0.17	0.94
fingers	-0.17	0.97
unfinished	-0.17	0.98
insulating	-0.17	0.95
pipes	-0.17	0.96
cause	-0.17	0.99
mild	-0.17	0.96
torn	-0.17	1.20
column	-0.17	0.91
reason	-0.17	1.96
gears	-0.17	0.84
sticker	-0.17	1.01
letting	-0.17	0.94
worn	-0.17	0.91
recent	-0.17	1.45
hitting	-0.17	1.16
minwax	-0.17	1.01
corn	-0.17	0.93
drip	-0.17	0.91
membrane	-0.17	1.03
process	-0.17	1.89
worried	-0.17	1.40
effectively	-0.17	1.35
weights	-0.17	0.91
identify	-0.17	1.76
patching	-0.17	0.97
elaborate	-0.17	1.38
shit	-0.17	1.72
sheeting	-0.17	1.02
scrape	-0.17	0.97
glass	-0.17	0.94
vinyl	-0.17	0.99
nut	-0.17	1.08
snake	-0.16	0.94
renovation	-0.16	1.21
gfci	-0.16	1.26
couldnt	-0.16	1.03
weather	-0.16	0.91
bother	-0.16	1.90
action	-0.16	0.96
fact	-0.16	1.87
80s	-0.16	0.98
disassemble	-0.16	1.55
copper	-0.16	0.93
let	-0.16	1.37
v	-0.16	0.92
brackets	-0.16	1.14
lower	-0.16	0.91
plate	-0.16	1.01
lastly	-0.16	1.14
cans	-0.16	0.92
slope	-0.16	1.01
fails	-0.16	0.87
mulch	-0.16	0.87
baseboards	-0.16	0.97
preserve	-0.16	1.56
speaker	-0.15	0.99
locking	-0.15	0.96
upvoted	-0.15	1.23
chrome	-0.15	0.92
gets	-0.15	0.98
shots	-0.15	1.87
comment	-0.15	1.74
appear	-0.15	0.98
gasket	-0.15	1.02
acrylic	-0.15	0.92
lay	-0.15	1.00
melting	-0.15	1.09
milwaukee	-0.15	1.09
penetrate	-0.15	1.03
touching	-0.15	1.03
sprayed	-0.15	0.99
bag	-0.15	0.96
placement	-0.15	1.24
forced	-0.15	1.02
toggle	-0.15	0.97
thinset	-0.15	0.96
said	-0.15	1.53
waterproof	-0.15	0.96
email	-0.15	1.58
knife	-0.15	0.92
braces	-0.15	1.15
means	-0.15	2.01
bent	-0.15	0.95
annoying	-0.15	0.75
waterproofing	-0.15	1.15
sales	-0.15	0.97
written	-0.15	1.34
tile	-0.15	0.94
detector	-0.15	0.88
shield	-0.15	0.92
poured	-0.15	1.06
hoses	-0.15	0.95
corded	-0.14	1.12
powered	-0.14	1.01
wood	-0.14	0.97
legs	-0.14	1.14
request	-0.14	1.45
supported	-0.14	1.18
roofing	-0.14	0.96
shower	-0.14	0.93
does	-0.14	1.98
flavor	-0.14	0.85
linked	-0.14	1.62
picture	-0.14	1.89
touches	-0.14	1.04
lifetime	-0.14	0.91
sufficient	-0.14	1.42
indicate	-0.14	1.21
latch	-0.14	0.97
cant	-0.14	1.34
compressor	-0.14	0.88
veneer	-0.14	0.93
flow	-0.14	0.99
gloss	-0.14	0.94
format	-0.14	1.19
wind	-0.14	1.05
reverse	-0.14	1.03
getting	-0.14	1.90
engineered	-0.14	1.07
spaces	-0.14	0.94
bc	-0.14	1.15
doorway	-0.14	1.30
paint	-0.14	0.94
satin	-0.14	0.94
lease	-0.14	1.02
member	-0.14	0.99
board	-0.14	0.97
perpendicular	-0.14	1.04
mass	-0.14	0.93
allowed	-0.13	1.71
rely	-0.13	0.84
amounts	-0.13	1.07
stone	-0.13	0.93
blowing	-0.13	1.05
bracing	-0.13	1.17
keys	-0.13	0.98
vapor	-0.13	0.97
pavers	-0.13	0.93
strip	-0.13	0.93
circulation	-0.13	0.94
produce	-0.13	0.89
applying	-0.13	1.10
essentially	-0.13	1.40
toilets	-0.13	0.96
automatic	-0.13	0.92
daily	-0.13	0.87
call	-0.13	1.36
homeowner	-0.13	1.45
gravity	-0.13	0.95
circle	-0.13	1.17
protect	-0.13	1.04
putty	-0.13	0.94
1st	-0.13	1.12
cook	-0.13	0.81
environment	-0.13	0.94
wave	-0.13	0.91
sag	-0.13	1.02
restored	-0.13	0.76
tab	-0.13	1.04
expanding	-0.13	1.01
shown	-0.13	1.71
pipe	-0.13	0.95
shellac	-0.13	0.95
planks	-0.13	1.02
low	-0.13	0.87
supporting	-0.13	1.19
window	-0.13	0.96
lit	-0.13	1.06
paver	-0.13	0.93
rebar	-0.13	1.01
cats	-0.13	0.77
realize	-0.13	1.97
ground	-0.13	1.12
component	-0.12	0.95
pour	-0.12	1.04
notch	-0.12	1.08
address	-0.12	1.55
pvc	-0.12	0.96
motor	-0.12	0.86
glasses	-0.12	0.99
sealing	-0.12	1.00
breath	-0.12	1.02
edging	-0.12	0.92
googled	-0.12	1.24
vacuum	-0.12	0.89
below	-0.12	1.17
key	-0.12	1.15
expert	-0.12	1.48
sided	-0.12	0.99
unlikely	-0.12	1.00
zone	-0.12	0.97
railing	-0.12	1.10
grow	-0.12	0.74
rated	-0.12	1.04
uneven	-0.12	0.88
entrance	-0.12	0.99
rim	-0.12	1.01
horizontal	-0.12	1.08
branch	-0.12	1.18
rinse	-0.12	0.95
rod	-0.12	0.90
bearing	-0.12	1.15
resistance	-0.12	0.91
pc	-0.12	0.89
double	-0.12	1.01
here	-0.12	1.81
<SPECIAL>	-0.12	0.86
<URL>	-0.12	0.86
settings	-0.12	1.36
upload	-0.12	1.85
soak	-0.11	0.98
reclaimed	-0.11	1.02
mdf	-0.11	0.96
adhesive	-0.11	0.94
mat	-0.11	0.87
spec	-0.11	1.39
windows	-0.11	0.93
foundation	-0.11	1.04
tubs	-0.11	0.91
rubbing	-0.11	0.94
pin	-0.11	0.98
xbox	-0.11	0.86
care	-0.11	1.91
loaded	-0.11	0.95
replying	-0.11	1.75
sideways	-0.11	0.85
trying	-0.11	1.87
block	-0.11	0.96
driven	-0.11	0.97
tiling	-0.11	0.94
safe	-0.11	1.20
flag	-0.11	1.03
aquarium	-0.11	0.93
backwards	-0.11	1.05
buried	-0.11	1.19
fireplaces	-0.11	0.96
porous	-0.11	0.92
scroll	-0.11	1.52
ama	-0.11	1.76
splitting	-0.11	1.18
spirits	-0.11	0.95
bottles	-0.11	0.86
reno	-0.11	1.10
forces	-0.11	0.94
3m	-0.11	0.92
mud	-0.11	0.96
frost	-0.11	1.13
casing	-0.11	0.96
stem	-0.11	1.01
withstand	-0.11	0.91
gravel	-0.11	0.93
footings	-0.11	1.21
didnt	-0.11	1.65
spray	-0.10	0.94
china	-0.10	0.99
tape	-0.10	0.92
painter	-0.10	1.00
laptops	-0.10	0.88
cycle	-0.10	0.97
pouring	-0.10	1.09
terminals	-0.10	1.02
span	-0.10	1.08
scary	-0.10	0.77
washer	-0.10	0.93
tub	-0.10	0.94
despite	-0.10	1.22
reuse	-0.10	1.07
separately	-0.10	1.09
showing	-0.10	1.75
lock	-0.10	1.01
labeled	-0.10	1.12
tongue	-0.10	0.99
utility	-0.10	0.95
mesh	-0.10	0.93
poly	-0.10	0.96
doors	-0.10	0.95
rectangular	-0.10	0.96
surround	-0.10	0.99
varnish	-0.10	0.95
protection	-0.10	0.94
plank	-0.10	0.95
corner	-0.10	1.05
lag	-0.10	1.02
described	-0.10	1.37
various	-0.10	1.32
retaining	-0.10	0.99
army	-0.10	0.87
overhang	-0.10	1.04
dig	-0.10	1.01
portion	-0.10	0.98
encourage	-0.10	1.39
pickup	-0.09	0.97
regularly	-0.09	0.99
underside	-0.09	1.01
pot	-0.09	0.87
directly	-0.09	1.03
phone	-0.09	1.00
cavity	-0.09	0.87
tiles	-0.09	0.92
behind	-0.09	1.04
landing	-0.09	0.91
american	-0.09	1.17
pm	-0.09	1.84
anchors	-0.09	0.99
leveling	-0.09	0.96
framed	-0.09	0.97
basement	-0.09	0.93
caps	-0.09	0.91
chunk	-0.09	0.95
neither	-0.09	0.96
normal	-0.09	0.86
replace	-0.09	1.12
chances	-0.09	1.19
food	-0.09	0.78
flying	-0.09	0.76
remodel	-0.09	1.05
urethane	-0.09	0.95
stickers	-0.09	1.12
dump	-0.09	0.91
insurance	-0.09	1.02
rebuild	-0.09	1.14
valuable	-0.09	0.87
perimeter	-0.09	1.00
polyurethane	-0.09	0.95
rods	-0.09	0.90
prevent	-0.09	1.15
minimize	-0.09	1.06
boiler	-0.09	0.90
plant	-0.09	0.81
tack	-0.09	0.96
button	-0.08	0.95
understanding	-0.08	1.70
mixture	-0.08	0.96
mid	-0.08	1.02
industrial	-0.08	1.03
jack	-0.08	0.95
starts	-0.08	1.06
sink	-0.08	0.93
necessarily	-0.08	1.45
transition	-0.08	0.98
masonry	-0.08	0.96
associated	-0.08	0.94
falling	-0.08	1.29
clay	-0.08	0.94
240	-0.08	0.96
wiping	-0.08	0.95
concerns	-0.08	1.22
carve	-0.08	1.01
agent	-0.08	0.86
horizontally	-0.08	1.05
write	-0.08	1.49
flange	-0.08	0.97
self	-0.08	0.94
screwing	-0.08	1.20
face	-0.08	0.93
salvage	-0.08	0.97
mode	-0.08	0.66
drinks	-0.08	0.85
mirror	-0.08	1.00
kitchens	-0.08	1.03
particular	-0.08	1.73
fittings	-0.08	0.92
faucet	-0.08	0.93
boards	-0.08	1.01
load	-0.08	0.99
tops	-0.08	0.97
mixing	-0.08	1.09
wanting	-0.08	1.49
razor	-0.08	0.94
slabs	-0.08	0.97
soil	-0.08	0.92
lever	-0.08	0.92
feeding	-0.08	0.76
being	-0.07	1.82
backup	-0.07	1.01
healthy	-0.07	0.82
related	-0.07	1.23
box	-0.07	0.97
counters	-0.07	0.94
partial	-0.07	1.14
washers	-0.07	0.96
changes	-0.07	1.07
loud	-0.07	0.85
trigger	-0.07	0.90
carrying	-0.07	1.19
physically	-0.07	1.01
monitors	-0.07	0.94
across	-0.07	1.05
cover	-0.07	1.00
stair	-0.07	1.03
screen	-0.07	0.94
excess	-0.07	1.01
tearing	-0.07	1.31
variety	-0.07	1.19
audio	-0.07	0.98
tube	-0.07	0.93
uv	-0.07	0.97
roller	-0.07	0.94
cross	-0.07	1.09
replacing	-0.07	1.15
guitars	-0.07	1.05
ingredients	-0.07	0.87
happening	-0.07	1.71
bracket	-0.07	0.99
restore	-0.07	0.90
digging	-0.07	1.01
settle	-0.07	1.05
schematic	-0.07	1.62
patio	-0.07	0.95
mechanism	-0.07	1.00
radiant	-0.07	0.92
am	-0.07	1.32
verify	-0.07	1.42
installing	-0.07	1.18
valves	-0.07	0.94
king	-0.07	1.24
base	-0.07	0.94
plants	-0.07	0.80
sharp	-0.07	0.93
spackle	-0.07	0.96
upstairs	-0.07	0.96
staining	-0.07	1.13
bead	-0.06	0.98
bottom	-0.06	1.06
french	-0.06	1.26
connections	-0.06	0.94
dried	-0.06	0.97
floating	-0.06	1.00
boxes	-0.06	0.95
threads	-0.06	1.07
died	-0.06	0.71
bolt	-0.06	0.99
toilet	-0.06	0.94
trench	-0.06	0.98
freezer	-0.06	0.87
ai	-0.06	1.06
sidewalk	-0.06	1.08
crown	-0.06	0.97
cab	-0.06	0.86
mix	-0.06	0.94
owns	-0.06	0.96
mixed	-0.06	0.94
flex	-0.06	0.90
egg	-0.06	0.80
adhere	-0.06	1.07
laying	-0.06	1.00
lacquer	-0.06	0.94
insulation	-0.06	0.90
embedded	-0.06	0.95
dug	-0.06	1.02
install	-0.06	1.09
frustrating	-0.06	0.83
sign	-0.06	1.13
sucker	-0.06	1.23
rock	-0.06	0.91
drivers	-0.06	1.11
brake	-0.06	0.94
reinforced	-0.06	0.83
finish	-0.06	0.96
shaft	-0.06	0.90
receiver	-0.06	0.97
shelter	-0.06	0.72
forming	-0.06	1.03
socket	-0.06	0.95
prone	-0.06	1.10
ripping	-0.06	1.24
popping	-0.06	1.12
tubing	-0.06	0.92
driving	-0.06	0.97
dent	-0.06	0.91
mountain	-0.06	0.93
vehicles	-0.06	1.11
decorative	-0.06	0.99
along	-0.06	1.01
lip	-0.06	1.05
plates	-0.06	1.00
separate	-0.05	1.29
caulking	-0.05	0.98
baseboard	-0.05	0.96
seams	-0.05	0.97
rpm	-0.05	0.86
seals	-0.05	1.01
finished	-0.05	1.87
war	-0.05	0.72
scratching	-0.05	1.12
juice	-0.05	0.89
becoming	-0.05	1.32
expand	-0.05	0.96
beforehand	-0.05	1.03
clear	-0.05	0.95
fed	-0.05	1.04
hooks	-0.05	0.91
trees	-0.05	0.82
pun	-0.05	1.06
frame	-0.05	0.99
decks	-0.05	1.23
body	-0.05	0.90
whether	-0.05	1.86
gallon	-0.05	0.97
leg	-0.05	1.01
counter	-0.05	0.92
container	-0.05	0.91
produces	-0.05	0.90
anymore	-0.05	1.90
painting	-0.05	1.11
hangers	-0.05	1.02
habitat	-0.05	0.84
junction	-0.05	1.05
leftover	-0.05	1.04
split	-0.05	0.95
prime	-0.05	0.98
cloth	-0.05	0.95
sent	-0.05	1.33
europe	-0.05	1.13
guest	-0.05	0.98
assembly	-0.05	1.31
uniform	-0.05	0.92
finishes	-0.05	0.94
devices	-0.05	0.93
visual	-0.05	0.82
dip	-0.05	0.99
front	-0.05	1.07
appears	-0.05	1.32
granite	-0.05	0.91
disc	-0.05	0.90
some	-0.05	1.93
ice	-0.05	0.91
snow	-0.04	0.92
responses	-0.04	1.67
bleeding	-0.04	1.26
sake	-0.04	0.97
hinge	-0.04	1.02
stairs	-0.04	1.08
middle	-0.04	1.11
cooling	-0.04	0.86
nailed	-0.04	1.03
jet	-0.04	1.06
letters	-0.04	0.89
boats	-0.04	0.86
support	-0.04	1.09
methods	-0.04	1.77
steps	-0.04	1.74
bathrooms	-0.04	0.94
desktop	-0.04	0.99
expansion	-0.04	0.99
hanger	-0.04	0.95
piece	-0.04	0.97
arms	-0.04	0.92
unscrew	-0.04	1.00
laundry	-0.04	0.92
contains	-0.04	1.18
template	-0.04	1.14
residential	-0.04	1.34
gate	-0.04	1.01
bags	-0.04	0.92
sun	-0.04	0.90
plugged	-0.04	0.92
log	-0.04	1.01
integrity	-0.04	0.80
outer	-0.04	0.97
freezing	-0.04	1.02
obvious	-0.04	1.06
lawyer	-0.04	0.95
court	-0.04	0.88
tiny	-0.04	0.98
cast	-0.04	0.93
leaf	-0.04	0.79
protective	-0.04	0.95
fuck	-0.04	1.81
rail	-0.04	0.94
modified	-0.03	1.00
melt	-0.03	0.92
gloves	-0.03	0.89
concerned	-0.03	1.33
float	-0.03	0.99
asphalt	-0.03	0.89
anchor	-0.03	1.00
pole	-0.03	0.94
padding	-0.03	0.92
suspension	-0.03	0.90
century	-0.03	0.93
fiber	-0.03	0.95
landscaping	-0.03	0.94
bank	-0.03	1.02
tree	-0.03	0.81
know	-0.03	2.00
anybody	-0.03	1.34
cleat	-0.03	1.09
coat	-0.03	0.96
surprise	-0.03	0.84
conduit	-0.03	1.07
weeds	-0.03	0.85
tiled	-0.03	0.96
based	-0.03	1.03
laid	-0.03	0.97
gear	-0.03	0.87
door	-0.03	0.96
furniture	-0.03	0.87
caulk	-0.03	0.98
grout	-0.03	0.92
magic	-0.03	0.78
dozens	-0.03	1.08
taps	-0.03	0.80
book	-0.03	1.03
bucket	-0.03	0.97
hinges	-0.03	0.99
barrier	-0.03	1.00
service	-0.03	1.09
moves	-0.03	0.91
painted	-0.03	0.86
strips	-0.03	0.94
shifting	-0.03	1.03
apartments	-0.03	0.92
wipe	-0.03	0.96
appliance	-0.03	1.01
tin	-0.03	0.91
edge	-0.03	1.00
fitting	-0.03	0.93
laws	-0.03	1.38
grips	-0.03	0.95
naturally	-0.03	0.93
increase	-0.03	0.83
faucets	-0.03	0.95
silicone	-0.03	0.95
pry	-0.03	1.00
molding	-0.03	0.97
function	-0.03	1.47
compound	-0.03	0.94
marine	-0.03	0.94
cracking	-0.03	1.06
counting	-0.03	1.03
transmission	-0.03	0.92
refinishing	-0.03	0.95
walnut	-0.03	0.89
tests	-0.02	1.16
bare	-0.02	0.95
trim	-0.02	0.96
appliances	-0.02	0.93
packing	-0.02	1.01
sections	-0.02	1.03
birch	-0.02	0.91
disconnect	-0.02	0.94
messed	-0.02	0.89
poplar	-0.02	0.93
rag	-0.02	0.94
showers	-0.02	0.90
taped	-0.02	1.02
drawer	-0.02	0.98
ply	-0.02	0.95
fresh	-0.02	0.85
staying	-0.02	1.36
flowing	-0.02	1.10
grounding	-0.02	1.01
screws	-0.02	0.97
downstairs	-0.02	0.95
climbing	-0.02	0.73
screwdriver	-0.02	0.94
teak	-0.02	0.91
panels	-0.02	0.97
hill	-0.02	0.99
blanket	-0.02	0.93
lcd	-0.02	0.88
bolts	-0.02	0.98
stops	-0.02	1.10
maker	-0.02	1.06
police	-0.02	1.20
butcher	-0.02	0.92
plywood	-0.02	0.95
possibility	-0.02	1.12
torch	-0.02	0.89
bowl	-0.01	0.89
narrow	-0.01	0.91
grounded	-0.01	1.04
enamel	-0.01	0.92
vertical	-0.01	1.05
bowls	-0.01	0.85
map	-0.01	1.16
wires	-0.01	0.95
polished	-0.01	0.90
humid	-0.01	0.96
paints	-0.01	0.92
bleed	-0.01	0.96
vanity	-0.01	0.93
pilot	-0.01	0.96
slats	-0.01	0.99
driveway	-0.01	0.89
palm	-0.01	0.91
sponge	-0.01	0.96
hunting	-0.01	0.84
plugs	-0.01	0.96
damp	-0.01	0.95
iron	-0.01	0.91
lining	-0.01	1.21
patch	-0.01	0.95
usage	-0.01	1.12
insert	-0.01	0.97
sealer	-0.01	0.95
pushing	-0.01	1.11
coating	-0.01	0.92
settling	-0.01	1.05
acoustic	-0.01	0.83
suspect	-0.01	1.38
grows	-0.01	0.90
fallen	-0.01	1.07
axle	-0.01	0.90
cured	-0.01	1.06
tl	-0.01	1.10
android	-0.01	1.08
equal	-0.01	1.89
ceramic	-0.01	0.90
survive	-0.01	1.05
orders	-0.01	0.98
wireless	-0.01	0.94
mechanical	-0.01	1.00
grass	-0.01	0.83
spots	-0.01	1.03
resting	-0.01	1.12
tar	-0.00	0.94
decades	-0.00	1.53
score	-0.00	1.05
boil	-0.00	0.85
countertop	-0.00	0.93
plumbing	-0.00	0.98
explained	-0.00	1.56
handling	-0.00	0.93
radio	-0.00	0.92
computers	-0.00	1.00
downward	-0.00	1.00
working	-0.00	1.86
cords	-0.00	1.01
deck	-0.00	1.12
grip	-0.00	1.03
copy	-0.00	1.38
housing	-0.00	0.97
mixer	-0.00	0.98
treehouse	-0.00	0.86
bathtub	-0.00	0.95
fuse	-0.00	1.01
bath	-0.00	0.97
spinning	-0.00	0.86
buckets	-0.00	0.84
brush	-0.00	0.92
hide	-0.00	0.99
hallway	-0.00	0.98
primary	-0.00	1.03
speak	0.00	1.20
winters	0.00	0.96
immediately	0.00	1.00
peeling	0.00	1.16
sheet	0.00	0.98
thermostat	0.00	0.86
keg	0.00	0.83
keeping	0.00	1.05
rooms	0.00	0.93
projector	0.00	1.05
mounting	0.00	1.00
app	0.00	1.06
experts	0.00	1.00
cabinets	0.00	0.91
wiring	0.00	1.08
backing	0.00	0.99
wrench	0.00	0.95
central	0.00	1.02
remains	0.00	0.81
proper	0.00	1.86
step	0.00	1.61
regret	0.00	1.05
constant	0.00	0.88
yard	0.00	0.89
center	0.00	1.08
headboard	0.00	0.89
open	0.01	1.00
sherwin	0.01	0.97
plastidip	0.01	1.00
seam	0.01	0.99
permission	0.01	1.17
bunch	0.01	1.22
moulding	0.01	0.96
dying	0.01	0.76
55	0.01	1.00
dado	0.01	0.99
seal	0.01	0.94
novice	0.01	1.24
patches	0.01	0.97
channel	0.01	0.97
followed	0.01	1.38
threshold	0.01	0.96
lifting	0.01	1.06
rattle	0.01	0.94
sealant	0.01	0.97
nobody	0.01	0.96
user	0.01	1.39
old	0.01	0.80
enclosed	0.01	0.94
dries	0.01	0.93
wine	0.01	0.81
sometimes	0.01	1.10
belt	0.01	0.87
packed	0.01	1.03
abs	0.01	0.98
sticking	0.01	1.20
adhesion	0.01	0.94
phase	0.01	0.97
nailer	0.01	0.96
ir	0.01	0.93
panel	0.01	1.03
listening	0.01	0.86
tapping	0.01	1.01
scraper	0.01	0.96
jacks	0.01	0.95
styrofoam	0.01	0.96
roll	0.01	1.00
centers	0.01	0.99
display	0.01	0.85
requirement	0.01	1.41
wrapped	0.01	0.93
lid	0.01	0.94
sheets	0.01	0.98
england	0.02	1.13
bedrooms	0.02	0.95
tray	0.02	0.85
emergency	0.02	0.97
located	0.02	1.02
earth	0.02	0.91
quotes	0.02	1.20
top	0.02	1.06
rectangle	0.02	0.98
fortune	0.02	1.03
5/8	0.02	0.98
rails	0.02	0.94
head	0.02	0.99
drilling	0.02	1.05
inner	0.02	0.98
shake	0.02	0.96
clutch	0.02	0.90
temporarily	0.02	0.92
example	0.02	1.14
according	0.02	1.27
occasionally	0.02	0.82
heck	0.02	1.39
crack	0.02	0.97
intact	0.02	0.89
constructive	0.02	1.37
standing	0.02	0.98
reader	0.02	1.02
expect	0.02	1.63
mead	0.02	0.84
movement	0.02	0.96
itself	0.02	1.38
satisfaction	0.02	1.26
yeast	0.02	0.83
awhile	0.02	1.72
cheese	0.02	0.85
avoid	0.02	1.21
stacked	0.02	0.94
resin	0.02	0.97
williams	0.02	0.93
warning	0.02	0.97
island	0.02	0.93
expands	0.02	0.91
epoxy	0.02	0.95
outlet	0.02	1.03
painters	0.02	0.96
locks	0.02	0.93
plastics	0.02	1.06
climate	0.02	0.99
laminated	0.02	0.94
kitchen	0.02	0.94
lawn	0.02	0.84
sheen	0.02	0.92
cold	0.02	0.91
electronics	0.02	0.86
transformer	0.02	0.96
dreams	0.02	0.87
physical	0.02	1.15
joint	0.02	0.97
free	0.02	1.61
towels	0.02	0.88
freeze	0.02	0.90
feed	0.02	0.76
pad	0.02	0.94
direction	0.02	1.05
timer	0.02	0.88
illegal	0.02	1.27
electric	0.03	0.87
plugging	0.03	0.95
states	0.03	1.17
currently	0.03	1.47
points	0.03	1.05
rug	0.03	0.87
mounts	0.03	0.95
exchange	0.03	1.29
fiberglass	0.03	0.93
structure	0.03	1.03
cabinet	0.03	0.93
electrical	0.03	1.26
chassis	0.03	0.95
profile	0.03	1.03
maple	0.03	0.88
wheel	0.03	0.89
warranty	0.03	0.99
toward	0.03	1.08
glossy	0.03	0.92
romex	0.03	1.08
privacy	0.03	0.90
tv	0.03	0.89
direct	0.03	0.95
splash	0.03	0.90
remote	0.03	0.92
lateral	0.03	0.97
list	0.03	1.71
pins	0.03	0.97
everyday	0.03	0.95
cups	0.03	0.87
driver	0.03	0.96
tap	0.03	1.03
sides	0.03	1.06
openings	0.03	1.01
side	0.03	1.38
wallet	0.03	0.95
needle	0.03	1.01
blades	0.03	0.91
port	0.03	0.93
breed	0.03	0.87
heating	0.03	0.85
trace	0.03	1.21
ca	0.03	1.85
ace	0.03	1.11
oak	0.03	0.90
spot	0.03	1.19
constantly	0.03	1.22
wondering	0.03	1.54
70	0.03	0.97
rfid	0.03	0.91
sander	0.03	0.91
damage	0.03	1.01
regular	0.03	1.08
pantry	0.03	0.90
press	0.03	0.99
hook	0.03	0.92
car	0.03	0.86
street	0.03	0.96
section	0.03	1.06
matching	0.03	0.91
engine	0.03	0.87
traffic	0.03	0.97
filler	0.03	0.96
included	0.04	1.45
southern	0.04	1.05
dual	0.04	0.78
product	0.04	1.61
passing	0.04	1.35
refrigerator	0.04	0.89
figuring	0.04	1.12
bluetooth	0.04	0.95
arrow	0.04	1.39
jamb	0.04	0.94
wifi	0.04	0.95
manager	0.04	1.04
3/4	0.04	0.97
beginning	0.04	1.10
apply	0.04	1.00
cuz	0.04	1.12
movie	0.04	0.76
apple	0.04	0.87
agree	0.04	1.49
bikes	0.04	0.90
term	0.04	1.53
charger	0.04	0.90
grab	0.04	0.98
locally	0.04	1.40
cardboard	0.04	0.96
connectors	0.04	0.90
switches	0.04	0.98
hooked	0.04	0.98
via	0.04	1.08
redid	0.04	1.05
bearings	0.04	0.83
hardly	0.04	1.07
holes	0.04	0.98
hammer	0.04	0.94
allowing	0.04	1.02
hacksaw	0.04	0.95
perhaps	0.04	1.05
force	0.04	0.90
mechanic	0.04	0.96
sugar	0.04	0.86
groove	0.04	0.97
north	0.04	1.09
bathroom	0.04	0.96
cracks	0.04	0.97
multiple	0.04	1.23
containers	0.04	0.90
feather	0.04	0.94
labels	0.04	0.94
sagging	0.04	1.07
screwdrivers	0.04	0.92
cycles	0.04	0.86
knob	0.04	1.00
exposed	0.04	0.96
chips	0.04	0.87
sitting	0.05	1.04
solar	0.05	0.93
screw	0.05	0.96
vice	0.05	0.92
ramp	0.05	0.87
completing	0.05	1.79
joints	0.05	0.99
rotate	0.05	0.98
matte	0.05	0.88
worry	0.05	1.42
interface	0.05	0.95
sauce	0.05	0.84
wheels	0.05	0.87
priming	0.05	0.99
cushions	0.05	0.85
server	0.05	1.02
lens	0.05	0.94
120v	0.05	0.98
chisel	0.05	0.92
line	0.05	1.00
hit	0.05	1.06
japanese	0.05	0.80
towel	0.05	0.94
honey	0.05	0.84
buildings	0.05	1.13
stain	0.05	0.88
hat	0.05	0.77
quiet	0.05	0.75
thru	0.05	0.84
hex	0.05	0.97
attachment	0.05	0.88
knock	0.05	1.03
conductor	0.05	1.00
slots	0.05	1.00
legally	0.05	1.45
entry	0.05	0.95
surface	0.05	0.95
nailing	0.05	1.09
above	0.05	1.20
fortunately	0.05	0.99
staples	0.05	0.95
orbital	0.05	0.91
branches	0.05	0.87
reinforcement	0.05	1.03
closed	0.05	0.97
yesterday	0.05	0.87
centered	0.05	0.93
foam	0.05	0.89
layer	0.05	1.00
balcony	0.05	0.91
previous	0.05	1.25
between	0.05	1.03
chain	0.05	0.88
cream	0.05	0.85
feeling	0.05	0.81
connected	0.05	0.97
ourselves	0.05	0.96
gap	0.06	1.01
beside	0.06	0.88
brushes	0.06	0.91
circuits	0.06	1.05
setting	0.06	0.99
about	0.06	1.80
race	0.06	0.87
knot	0.06	0.88
void	0.06	0.96
sawzall	0.06	0.93
dewalt	0.06	0.94
popped	0.06	0.91
marked	0.06	1.08
network	0.06	0.95
shine	0.06	0.90
northern	0.06	1.08
tied	0.06	0.92
gaps	0.06	1.00
rustoleum	0.06	0.92
connection	0.06	0.94
hidden	0.06	0.96
1/3	0.06	0.96
ethernet	0.06	0.97
polish	0.06	0.90
ink	0.06	1.07
usa	0.06	1.06
media	0.06	0.99
duty	0.06	1.06
manual	0.06	1.01
screens	0.06	0.91
breaker	0.06	1.03
connect	0.06	0.95
closets	0.06	0.93
local	0.06	1.25
sprayer	0.06	0.92
outlets	0.06	1.05
spring	0.06	0.95
definition	0.06	1.30
approved	0.06	1.07
left	0.06	1.36
alarm	0.06	0.84
benches	0.06	0.92
straps	0.06	0.88
wired	0.06	1.00
printed	0.06	1.09
adjust	0.06	1.82
higher	0.06	0.87
wire	0.07	0.92
receptacle	0.07	1.05
ratio	0.07	0.88
fence	0.07	1.06
resort	0.07	1.14
nail	0.07	0.97
california	0.07	1.05
blade	0.07	0.92
combined	0.07	0.81
chill	0.07	0.81
field	0.07	0.82
refinished	0.07	0.81
figure	0.07	1.91
library	0.07	1.16
country	0.07	1.12
premium	0.07	0.90
final	0.07	1.60
plastic	0.07	0.96
stopping	0.07	1.09
connector	0.07	0.89
flanges	0.07	0.91
round	0.07	0.96
escape	0.07	1.03
butter	0.07	0.83
heat	0.07	0.85
amperage	0.07	0.95
warping	0.07	1.02
solder	0.07	0.88
demand	0.07	0.93
fences	0.07	0.95
underground	0.07	1.00
cutter	0.07	0.96
blankets	0.07	0.87
cents	0.07	1.04
harden	0.07	0.87
marker	0.07	1.04
slight	0.07	0.91
count	0.07	0.94
trunk	0.07	0.89
falls	0.07	0.92
raw	0.07	0.75
upwards	0.07	1.00
gently	0.07	0.97
concern	0.07	1.07
plane	0.07	0.90
joined	0.07	1.10
ear	0.07	0.87
rolling	0.07	1.04
explains	0.07	1.14
amplifier	0.07	0.94
leather	0.07	0.77
dry	0.07	1.03
state	0.08	1.18
australia	0.08	1.12
late	0.08	1.26
stained	0.08	0.88
rolled	0.08	0.92
phillips	0.08	0.91
drawers	0.08	0.91
different	0.08	1.52
pads	0.08	0.89
molds	0.08	0.96
noise	0.08	0.93
enter	0.08	0.97
potato	0.08	0.89
drive	0.08	0.84
mower	0.08	0.81
3/8	0.08	1.04
functions	0.08	1.06
inside	0.08	0.92
switch	0.08	0.90
aluminium	0.08	0.83
cam	0.08	0.86
household	0.08	0.79
screwed	0.08	1.06
shut	0.08	0.98
ipad	0.08	1.03
wedge	0.08	0.91
filled	0.08	0.93
1/2	0.08	0.99
cord	0.08	0.93
knots	0.08	0.81
usb	0.08	0.87
extend	0.08	0.97
hot	0.08	0.87
builders	0.08	1.16
guard	0.08	0.96
expecting	0.08	1.13
ditch	0.08	1.05
grounds	0.08	0.96
charging	0.08	0.89
permanently	0.08	1.05
diesel	0.08	0.86
towards	0.08	1.05
thrift	0.08	0.95
overnight	0.08	1.09
speed	0.08	0.86
monitor	0.08	0.85
applied	0.08	0.96
nails	0.08	0.97
mind	0.08	1.88
new	0.08	1.04
flush	0.08	1.00
blood	0.08	0.76
quarter	0.08	0.97
lift	0.08	0.97
standard	0.08	1.40
clips	0.09	1.01
prep	0.09	0.91
kreg	0.09	0.95
oscillating	0.09	0.93
drum	0.09	0.84
wool	0.09	0.91
adapter	0.09	0.87
1/4	0.09	0.98
u.s	0.09	1.06
trusses	0.09	0.97
wrapping	0.09	0.91
fishing	0.09	0.88
dr	0.09	0.99
demo	0.09	0.92
tires	0.09	0.86
metric	0.09	1.20
send	0.09	1.60
sweep	0.09	0.95
impact	0.09	0.94
shared	0.09	1.06
major	0.09	0.92
pillow	0.09	0.82
exists	0.09	1.27
ryobi	0.09	0.95
coats	0.09	0.99
seemed	0.09	0.85
warm	0.09	0.93
components	0.09	0.93
backyard	0.09	0.86
lighting	0.09	0.90
hiring	0.09	1.16
shock	0.09	0.91
inverter	0.09	0.89
strongly	0.09	1.25
set	0.09	0.94
shooting	0.09	0.95
handles	0.09	0.93
hung	0.09	0.92
eh	0.09	0.85
connecting	0.09	0.99
diagram	0.09	1.34
fixture	0.09	0.90
edges	0.09	0.97
arduino	0.09	0.96
keeps	0.09	1.14
drill	0.09	0.94
fill	0.09	0.93
pair	0.09	0.83
syrup	0.09	0.90
psi	0.09	0.91
data	0.09	0.95
hdmi	0.10	0.90
inspectors	0.10	1.15
upon	0.10	1.01
actual	0.10	1.88
overlap	0.10	1.00
paper	0.10	1.08
boost	0.10	0.83
buyer	0.10	1.10
first	0.10	1.68
bonding	0.10	1.00
compact	0.10	0.83
mount	0.10	0.96
centre	0.10	0.91
barn	0.10	0.80
register	0.10	1.10
inspections	0.10	1.13
heights	0.10	0.99
re	0.10	1.82
lithium	0.10	0.94
firm	0.10	0.82
jokes	0.10	1.20
depending	0.10	1.68
stones	0.10	0.78
cell	0.10	0.89
temperature	0.10	0.95
national	0.10	1.15
stock	0.10	0.90
90s	0.10	0.95
early	0.10	1.05
produced	0.10	0.94
grocery	0.10	0.99
seat	0.10	0.85
voice	0.10	0.84
landscape	0.10	0.98
offering	0.10	1.17
finder	0.10	1.01
grinding	0.10	0.89
signal	0.10	0.95
homeowners	0.10	1.17
homes	0.10	0.97
referred	0.10	1.24
wondered	0.10	1.59
caused	0.10	1.00
bookcase	0.10	0.90
seating	0.10	0.87
city	0.10	1.15
battery	0.10	0.93
loop	0.10	0.88
loosen	0.11	0.91
consult	0.11	1.21
posters	0.11	0.98
temps	0.11	0.92
anything	0.11	1.83
michigan	0.11	1.03
shift	0.11	0.91
beach	0.11	1.03
shelf	0.11	1.00
teeth	0.11	0.87
drills	0.11	0.95
hub	0.11	0.83
cordless	0.11	0.94
sockets	0.11	0.95
sensors	0.11	0.87
cutting	0.11	1.05
neutral	0.11	0.94
confused	0.11	1.14
stapled	0.11	0.97
sentence	0.11	1.28
collect	0.11	0.99
mirrors	0.11	0.87
dowel	0.11	0.95
bedroom	0.11	0.95
layers	0.11	1.00
drilled	0.11	0.97
porch	0.11	0.99
ad	0.11	1.10
wrote	0.11	1.32
visit	0.11	1.17
turbo	0.11	0.85
end	0.11	1.30
county	0.11	1.15
taking	0.11	1.62
connects	0.11	0.95
separated	0.11	1.01
thus	0.11	0.90
florida	0.11	1.07
varies	0.11	1.10
jigsaw	0.11	0.97
instrument	0.11	0.90
manage	0.11	0.98
router	0.11	0.97
rolls	0.11	0.92
opening	0.11	0.97
hah	0.11	0.96
angled	0.11	0.94
through	0.11	1.09
tasks	0.11	1.03
room	0.11	0.94
operating	0.11	0.89
universal	0.12	1.08
regulator	0.12	0.90
adjusting	0.12	1.01
career	0.12	1.05
hire	0.12	1.16
who	0.12	1.04
against	0.12	1.03
controls	0.12	0.93
sinks	0.12	0.86
plexiglass	0.12	0.94
cotton	0.12	0.84
answers	0.12	1.69
released	0.12	1.03
carpentry	0.12	0.96
grain	0.12	0.91
science	0.12	1.08
file	0.12	1.32
rating	0.12	1.00
specs	0.12	1.25
master	0.12	0.92
restoration	0.12	0.83
public	0.12	0.98
slot	0.12	0.90
joining	0.12	0.99
volume	0.12	1.00
bosch	0.12	0.93
frequency	0.12	1.04
tvs	0.12	0.83
bike	0.12	0.89
nylon	0.12	0.87
pen	0.12	1.01
ports	0.12	0.91
reduce	0.12	0.95
noticeable	0.12	1.01
scrub	0.12	0.93
notes	0.12	0.85
part	0.12	0.99
vehicle	0.12	0.87
sits	0.12	1.03
tabletop	0.12	0.98
dowels	0.12	0.99
circular	0.12	0.94
dogs	0.12	0.70
varying	0.12	1.16
seats	0.12	0.89
cat6	0.12	0.97
cable	0.12	0.98
breakers	0.13	0.98
permits	0.13	1.22
toss	0.13	0.95
belongs	0.13	1.54
chair	0.13	0.86
redone	0.13	1.28
chip	0.13	0.93
dining	0.13	0.90
sources	0.13	1.23
flap	0.13	0.89
upholstery	0.13	0.87
bridge	0.13	0.97
shopping	0.13	1.26
mattress	0.13	0.82
owners	0.13	0.96
realized	0.13	1.63
coming	0.13	1.46
kept	0.13	1.30
caution	0.13	1.22
009	0.13	0.88
department	0.13	1.18
uk	0.13	1.17
picked	0.13	1.00
into	0.13	1.03
thumb	0.13	1.13
ny	0.13	0.95
whole	0.13	1.08
opened	0.13	1.15
scratched	0.13	0.93
visible	0.13	1.06
without	0.13	1.32
cherry	0.13	0.86
tail	0.13	0.75
stability	0.13	0.95
unless	0.13	1.84
desk	0.13	0.91
cars	0.13	0.88
accept	0.13	1.03
gorilla	0.13	0.94
plasma	0.13	0.90
conversion	0.13	0.98
jobs	0.13	1.31
america	0.13	1.01
voltage	0.13	0.91
town	0.13	1.04
corners	0.13	0.96
rural	0.13	1.05
stitch	0.13	1.06
soldered	0.13	0.85
motorcycle	0.13	0.84
win	0.13	0.81
surfaces	0.13	0.91
saws	0.14	0.94
buff	0.14	0.94
lb	0.14	0.98
wherever	0.14	1.14
read	0.14	1.42
generator	0.14	0.90
gain	0.14	0.97
plug	0.14	0.88
temperatures	0.14	0.90
natural	0.14	0.78
tester	0.14	1.09
permit	0.14	1.24
crate	0.14	0.74
forums	0.14	1.50
pop	0.14	0.99
value	0.14	0.92
sarcasm	0.14	1.58
mill	0.14	0.94
marks	0.14	0.95
chuck	0.14	0.90
shim	0.14	0.95
stretch	0.14	0.87
couch	0.14	0.85
power	0.14	0.91
huge	0.14	0.85
tie	0.14	0.91
hvac	0.14	1.05
miss	0.14	0.64
shallow	0.14	0.91
grinder	0.14	0.88
smash	0.14	0.87
south	0.14	1.05
strength	0.14	0.86
putting	0.14	1.39
dremel	0.14	0.90
consistent	0.14	0.88
closing	0.14	0.95
sensor	0.14	0.84
knobs	0.14	0.93
commercial	0.14	1.04
closet	0.14	0.90
runs	0.14	1.03
device	0.14	0.95
12v	0.14	0.89
smallest	0.15	0.86
combo	0.15	0.94
mains	0.15	0.93
whenever	0.15	1.00
hammock	0.15	0.87
carry	0.15	1.03
technology	0.15	0.85
cables	0.15	0.96
brought	0.15	1.03
graphics	0.15	0.91
repairs	0.15	1.04
zip	0.15	0.92
packs	0.15	1.01
fixtures	0.15	0.92
garden	0.15	0.78
multimeter	0.15	1.10
recommend	0.15	1.35
type	0.15	1.63
limited	0.15	1.32
mounted	0.15	1.00
difficulty	0.15	0.78
lathe	0.15	0.92
improvements	0.15	1.07
3rd	0.15	0.82
aggressive	0.15	0.99
understood	0.15	1.69
pencil	0.15	1.14
guessing	0.15	1.57
stated	0.15	1.34
inspection	0.15	1.14
adjustable	0.15	1.03
motion	0.15	0.83
removable	0.15	0.92
allow	0.15	1.15
efficiency	0.15	0.88
auto	0.15	1.00
calculations	0.15	1.17
chairs	0.15	0.86
tough	0.15	0.79
chamber	0.15	0.97
paste	0.15	0.92
bar	0.15	0.87
leak	0.15	1.03
seasons	0.15	0.78
practically	0.15	1.09
causing	0.15	1.04
office	0.15	0.94
ties	0.15	0.89
lines	0.15	1.09
say	0.15	1.89
midwest	0.16	1.12
strap	0.16	0.83
dope	0.16	1.72
18v	0.16	0.94
wrap	0.16	0.91
wooden	0.16	1.27
temp	0.16	0.93
producing	0.16	1.14
music	0.16	0.87
truth	0.16	0.80
canvas	0.16	0.92
pieces	0.16	1.02
station	0.16	0.87
considering	0.16	1.47
printer	0.16	1.06
charm	0.16	0.62
situations	0.16	1.32
hang	0.16	0.93
amateur	0.16	0.98
vertically	0.16	1.01
gluing	0.16	1.03
pulling	0.16	1.16
techniques	0.16	1.57
extension	0.16	0.89
neighborhood	0.16	0.88
sofa	0.16	0.87
strokes	0.16	0.95
mahogany	0.16	0.88
rate	0.16	0.88
ball	0.16	0.86
sanded	0.16	0.96
volt	0.16	0.94
thinking	0.16	1.65
strings	0.17	0.83
responsible	0.17	0.87
vs	0.17	0.95
particle	0.17	0.84
ohio	0.17	1.03
fabric	0.17	0.90
trip	0.17	1.01
instructions	0.17	1.38
planer	0.17	0.92
tool	0.17	0.93
chisels	0.17	0.93
typically	0.17	1.43
modify	0.17	1.34
ikea	0.17	0.94
cushion	0.17	0.81
west	0.17	0.95
walking	0.17	0.97
sometime	0.17	1.23
sanders	0.17	0.84
punch	0.17	1.03
saw	0.17	0.94
onto	0.17	1.03
repair	0.17	1.00
shoe	0.17	0.87
improve	0.17	0.85
improvement	0.17	1.04
rush	0.17	1.39
purchase	0.17	0.98
mm	0.17	0.97
control	0.17	0.91
cube	0.17	0.96
foil	0.17	0.88
aesthetics	0.17	1.03
controllers	0.17	0.87
walked	0.17	0.93
lbs	0.17	1.08
bass	0.17	0.84
mitre	0.17	0.93
miter	0.17	0.92
resistor	0.17	0.87
wear	0.17	0.79
stage	0.17	0.93
redoing	0.17	1.34
preference	0.18	1.13
road	0.18	0.93
threw	0.18	0.84
leaving	0.18	1.22
hand	0.18	0.90
hoping	0.18	1.26
sit	0.18	0.96
obviously	0.18	1.69
lots	0.18	1.19
bench	0.18	0.95
depot	0.18	1.05
rows	0.18	1.01
disposable	0.18	0.90
poles	0.18	0.89
access	0.18	0.96
manually	0.18	0.96
university	0.18	1.01
reasons	0.18	1.21
switched	0.18	0.90
shell	0.18	0.88
row	0.18	1.06
anchored	0.18	1.04
inspect	0.18	1.17
short	0.18	0.91
stolen	0.18	1.29
joking	0.18	1.63
during	0.18	1.02
leaning	0.18	1.16
manufacturers	0.18	0.98
fold	0.18	0.96
hood	0.18	0.77
filling	0.18	0.97
coast	0.18	1.02
truck	0.18	0.89
forth	0.18	0.97
chest	0.18	0.86
running	0.18	1.27
chop	0.18	0.91
milk	0.18	0.78
virtually	0.18	1.31
bandsaw	0.18	0.94
jig	0.18	0.98
receptacles	0.19	1.18
gon	0.19	1.28
frames	0.19	0.97
true	0.19	1.35
considered	0.19	1.39
bay	0.19	1.03
impossible	0.19	0.93
tighten	0.19	0.94
printers	0.19	1.00
gun	0.19	0.91
mason	0.19	0.88
chickens	0.19	0.72
depend	0.19	1.22
dimmer	0.19	0.84
ends	0.19	0.93
buttons	0.19	0.85
van	0.19	0.82
suit	0.19	0.88
enclosure	0.19	0.93
notice	0.19	1.47
individual	0.19	1.17
everyone	0.19	1.10
menards	0.19	1.07
hits	0.19	0.89
controller	0.19	0.83
speeds	0.19	0.90
twice	0.19	1.53
tons	0.19	1.14
specialized	0.19	0.85
amazed	0.19	1.22
meter	0.19	1.02
live	0.19	1.04
350	0.19	1.14
110	0.19	0.97
wars	0.19	0.91
fat	0.19	0.65
hardest	0.19	1.01
17	0.19	0.92
purely	0.19	1.02
testing	0.19	1.12
pets	0.19	0.81
watts	0.19	0.93
pack	0.19	0.96
forest	0.19	0.83
living	0.19	0.97
adjustment	0.19	1.09
building	0.19	1.31
lowes	0.19	1.07
stool	0.19	0.94
carefully	0.19	1.09
rounded	0.20	0.92
style	0.20	0.89
coop	0.20	0.76
at	0.20	1.30
nearest	0.20	1.05
checking	0.20	1.27
over	0.20	1.08
lightly	0.20	0.95
banana	0.20	0.79
mats	0.20	0.83
accomplish	0.20	1.56
record	0.20	0.98
plasti	0.20	0.89
shelves	0.20	0.92
license	0.20	1.02
36	0.20	0.99
speaking	0.20	1.34
pitch	0.20	0.89
reach	0.20	1.13
reduced	0.20	0.85
wattage	0.20	0.88
joinery	0.20	1.33
1/8	0.20	0.97
prints	0.20	0.95
sadly	0.20	1.01
apartment	0.20	0.99
cut	0.20	0.93
curves	0.20	0.75
tbh	0.20	0.83
guns	0.20	0.89
intend	0.20	1.61
thin	0.20	0.92
travel	0.20	0.94
listed	0.20	1.41
reset	0.20	0.94
east	0.20	1.00
attaching	0.20	1.12
determine	0.20	1.71
operation	0.20	1.10
happen	0.20	1.23
san	0.20	0.95
rest	0.20	1.16
garage	0.20	0.84
7	0.20	1.00
angle	0.20	0.93
swap	0.20	1.18
charge	0.20	0.96
rotating	0.20	0.91
rgb	0.20	0.92
40	0.20	0.98
collecting	0.20	0.97
throw	0.20	1.09
gallons	0.21	1.08
sealed	0.21	0.92
planted	0.21	0.78
tedious	0.21	0.83
crew	0.21	0.91
23	0.21	0.92
21	0.21	0.90
moving	0.21	1.39
lost	0.21	0.78
magazine	0.21	1.10
beats	0.21	0.75
lab	0.21	1.01
run	0.21	1.05
hollow	0.21	0.85
making	0.21	1.56
beds	0.21	0.78
loft	0.21	0.85
drives	0.21	0.75
staple	0.21	0.93
generation	0.21	0.88
rope	0.21	0.83
passes	0.21	0.95
lowe	0.21	1.07
11	0.21	0.95
colder	0.21	0.90
specialty	0.21	1.19
smooth	0.21	0.93
nightmare	0.21	0.72
rubber	0.21	0.84
bbq	0.21	0.74
electronic	0.21	0.92
valley	0.21	0.89
income	0.21	0.98
countries	0.21	1.12
doing	0.21	1.65
drag	0.21	1.02
22	0.21	0.89
websites	0.21	1.33
raising	0.21	0.87
friction	0.21	0.92
closest	0.21	0.97
winter	0.21	0.87
controlled	0.21	0.85
significant	0.21	0.93
apart	0.21	1.12
bookshelf	0.21	0.86
lifted	0.21	1.02
law	0.21	1.04
metallic	0.21	0.82
slap	0.21	1.21
craigslist	0.21	1.05
shall	0.21	1.13
13	0.21	0.96
spin	0.21	0.88
nyc	0.21	0.95
shims	0.21	0.88
flexible	0.21	0.85
pi	0.22	0.84
kit	0.22	1.00
certified	0.22	1.04
minimum	0.22	1.18
consideration	0.22	1.24
height	0.22	0.99
distribution	0.22	0.84
fasten	0.22	1.00
cells	0.22	0.97
having	0.22	1.47
flat	0.22	0.89
touch	0.22	1.12
ford	0.22	0.80
raspberry	0.22	0.83
torque	0.22	0.85
professional	0.22	1.06
anywhere	0.22	1.44
spacing	0.22	1.00
tax	0.22	0.97
bond	0.22	0.91
feature	0.22	1.00
pocket	0.22	0.95
near	0.22	1.08
chalk	0.22	1.02
insulated	0.22	0.84
installer	0.22	1.06
pdf	0.22	1.17
wore	0.22	0.77
electrician	0.22	1.08
45	0.22	0.94
opinions	0.22	1.22
sending	0.22	1.19
studio	0.22	0.90
woods	0.22	0.89
remodeled	0.22	1.01
16	0.22	0.97
per	0.22	1.13
slowly	0.22	1.03
racks	0.22	0.93
join	0.22	1.05
tables	0.22	0.91
60	0.22	0.98
parking	0.22	0.93
1k	0.22	1.10
table	0.22	0.94
texas	0.22	1.00
resolution	0.22	0.97
meters	0.22	1.01
oops	0.22	1.55
jumping	0.23	0.87
thick	0.23	0.96
tsp	0.23	0.88
chinese	0.23	0.95
coffee	0.23	0.80
vinegar	0.23	0.87
doubt	0.23	1.30
accessories	0.23	0.86
inch	0.23	1.01
scratches	0.23	0.92
dealing	0.23	0.88
gaming	0.23	0.92
hanging	0.23	0.93
19	0.23	0.90
manufacturing	0.23	1.06
advantage	0.23	0.88
printing	0.23	1.02
volts	0.23	0.87
products	0.23	1.08
store	0.23	1.04
houses	0.23	0.98
rent	0.23	0.99
broom	0.23	1.04
shipped	0.23	1.07
x	0.23	1.01
position	0.23	1.01
rented	0.23	0.92
dc	0.23	0.88
location	0.23	1.11
minor	0.23	1.02
going	0.23	1.65
desire	0.23	1.19
off	0.23	1.05
majority	0.23	1.10
promise	0.23	0.90
movies	0.23	0.67
gay	0.23	0.65
gauge	0.23	0.95
team	0.23	0.88
licensed	0.23	1.07
fitted	0.23	1.05
tower	0.23	0.67
full	0.23	0.97
structural	0.24	1.00
batteries	0.24	0.89
samples	0.24	1.04
entirely	0.24	1.44
entertainment	0.24	0.87
cities	0.24	1.03
balls	0.24	0.85
pressed	0.24	0.93
ready	0.24	1.38
recall	0.24	1.36
starter	0.24	0.94
jb	0.24	1.01
unsure	0.24	1.54
grid	0.24	1.00
stores	0.24	1.04
3d	0.24	1.06
born	0.24	0.74
bits	0.24	0.91
horse	0.24	0.76
boots	0.24	0.77
laser	0.24	0.94
elsewhere	0.24	1.36
calculate	0.24	1.06
security	0.24	0.99
decade	0.24	1.41
recommendations	0.24	1.49
50	0.24	1.00
beers	0.24	0.79
bulb	0.24	0.85
cork	0.24	0.84
willing	0.24	1.14
original	0.24	0.95
assemble	0.24	1.12
costco	0.24	1.06
prefer	0.24	1.09
id	0.24	1.02
members	0.24	0.89
locations	0.24	0.92
14	0.24	0.95
sets	0.24	0.97
18	0.24	0.96
replacement	0.24	1.19
porcelain	0.24	0.83
26	0.24	0.92
100	0.24	1.03
additional	0.24	1.19
cleaner	0.24	0.90
capacitor	0.24	0.82
bring	0.24	1.18
cabin	0.24	0.85
taxes	0.24	0.96
renovating	0.24	1.23
penny	0.24	0.89
giant	0.24	0.82
secured	0.25	0.96
magnets	0.25	0.80
output	0.25	0.94
tend	0.25	1.08
parts	0.25	1.07
3.5	0.25	1.00
shot	0.25	1.45
dorm	0.25	0.78
machine	0.25	0.93
necessary	0.25	1.33
degree	0.25	0.94
people	0.25	1.24
25	0.25	0.98
extended	0.25	0.91
slide	0.25	1.01
pick	0.25	1.20
themselves	0.25	1.09
hd	0.25	1.04
planter	0.25	0.88
prior	0.25	1.23
finishing	0.25	1.25
guitar	0.25	0.83
granted	0.25	0.86
sheds	0.25	1.03
structures	0.25	1.00
cm	0.25	0.98
200	0.25	1.04
string	0.25	0.91
glued	0.25	0.93
area	0.25	1.02
ship	0.25	1.07
cnc	0.25	1.02
items	0.25	1.03
carries	0.25	1.12
normally	0.25	1.04
attach	0.25	1.02
freely	0.25	0.97
bite	0.25	0.95
literally	0.26	1.11
provided	0.26	1.23
command	0.26	0.85
purchasing	0.26	1.30
difficult	0.26	0.78
deer	0.26	0.65
stick	0.26	0.92
class	0.26	0.99
storage	0.26	0.88
depth	0.26	0.99
planning	0.26	1.39
sound	0.26	0.87
offered	0.26	1.13
80	0.26	0.94
ft	0.26	1.13
those	0.26	1.31
flower	0.26	0.77
attached	0.26	0.98
importantly	0.26	1.02
earlier	0.26	1.33
market	0.26	0.94
2013	0.26	0.86
happened	0.26	1.34
hardware	0.26	1.07
lined	0.26	0.88
property	0.26	0.92
20	0.26	1.02
carving	0.26	0.90
blew	0.26	0.83
instead	0.26	1.36
walk	0.26	0.99
park	0.26	0.88
bulk	0.26	0.93
fixing	0.26	1.09
helmet	0.26	0.80
home	0.26	1.08
pockets	0.26	1.14
ladder	0.27	0.87
showed	0.27	0.92
us	0.27	1.09
felt	0.27	0.93
width	0.27	1.02
dimension	0.27	1.11
700	0.27	1.12
welded	0.27	0.83
wearing	0.27	0.75
24	0.27	0.98
150	0.27	1.01
by	0.27	1.31
tempered	0.27	0.90
suggest	0.27	1.30
max	0.27	1.02
application	0.27	1.07
engineers	0.27	1.06
neighbors	0.27	0.82
1.5	0.27	1.01
1000	0.27	1.05
recording	0.27	0.90
distance	0.27	0.92
scale	0.27	1.29
involves	0.27	0.97
imperfections	0.27	0.89
transfer	0.27	0.98
change	0.27	1.31
rental	0.27	0.98
28	0.27	0.86
summer	0.27	1.01
download	0.27	1.13
capacitors	0.27	0.87
shed	0.27	0.94
golf	0.27	0.90
therefore	0.27	0.90
250	0.27	1.04
120	0.27	0.92
engines	0.27	0.76
12	0.27	1.00
factors	0.27	1.04
ocd	0.27	0.77
48	0.28	0.99
difference	0.28	0.95
clue	0.28	1.60
land	0.28	0.94
pre	0.28	1.01
sample	0.28	0.96
website	0.28	1.28
alone	0.28	1.08
solve	0.28	1.26
weight	0.28	0.90
grind	0.28	0.82
manufacturer	0.28	1.04
condo	0.28	0.97
handle	0.28	0.94
ended	0.28	1.35
raised	0.28	0.83
wont	0.28	1.15
minimal	0.28	0.79
800	0.28	1.11
plumbers	0.28	0.95
designing	0.28	1.26
15	0.28	1.02
cuts	0.28	0.89
pounds	0.28	1.06
current	0.28	0.86
closely	0.28	1.08
placed	0.28	1.08
stiff	0.28	0.88
brew	0.28	0.79
1200	0.28	1.04
material	0.28	1.07
30	0.28	1.02
afterwards	0.28	0.90
9	0.28	1.01
finger	0.28	0.79
silver	0.28	0.73
history	0.28	0.81
barely	0.28	1.03
tubes	0.28	0.94
alternatively	0.28	0.74
approximately	0.29	1.03
2014	0.29	0.86
spacers	0.29	0.87
existed	0.29	1.29
engineer	0.29	1.02
teaching	0.29	1.06
yet	0.29	1.68
inspector	0.29	1.06
remotely	0.29	0.88
shipping	0.29	1.02
issues	0.29	0.99
deposit	0.29	1.03
companies	0.29	1.03
needing	0.29	1.23
10	0.29	1.03
sizes	0.29	1.07
bed	0.29	0.80
attempt	0.29	1.13
fucked	0.29	0.90
compatible	0.29	1.13
areas	0.29	1.02
sure	0.29	1.72
stopped	0.29	1.15
precise	0.29	1.15
failed	0.29	1.19
simply	0.29	1.21
500	0.29	1.06
machines	0.29	1.02
yay	0.29	0.68
knocked	0.29	0.93
abrasive	0.29	0.86
plumber	0.29	1.01
overly	0.29	0.83
hole	0.29	0.95
googling	0.29	1.24
multi	0.29	1.00
anyone	0.29	1.29
visiting	0.29	1.05
65	0.29	0.91
argue	0.29	1.51
l	0.29	0.84
stand	0.30	0.92
pennies	0.30	0.92
300	0.30	1.04
careful	0.30	1.01
solid	0.30	0.81
600	0.30	1.04
from	0.30	1.21
builds	0.30	1.05
somehow	0.30	1.01
tricks	0.30	1.10
afford	0.30	1.33
sq	0.30	1.13
seed	0.30	0.78
queen	0.30	0.83
wise	0.30	0.85
personal	0.30	1.00
several	0.30	1.14
10k	0.30	1.14
watt	0.30	0.85
degrees	0.30	0.95
pushed	0.30	1.05
freight	0.30	0.93
5	0.30	1.04
assembled	0.30	1.13
functionality	0.30	0.93
taste	0.30	0.77
fee	0.30	0.84
deep	0.30	1.01
coax	0.30	0.94
fall	0.30	1.02
brands	0.30	1.00
web	0.30	1.21
consider	0.30	1.36
converter	0.30	0.82
mile	0.30	0.95
procedure	0.30	1.30
generally	0.31	1.35
coin	0.31	0.80
reference	0.31	1.15
thickness	0.31	0.98
continue	0.31	1.13
buying	0.31	1.35
repeat	0.31	1.01
90	0.31	0.89
require	0.31	1.17
numbers	0.31	0.96
scraps	0.31	0.84
print	0.31	1.04
2.5	0.31	1.04
switching	0.31	0.85
spare	0.31	0.91
flipped	0.31	1.08
harbor	0.31	0.92
roughly	0.31	1.13
camp	0.31	0.72
400	0.31	1.01
diameter	0.31	0.97
appearance	0.31	0.74
flowers	0.31	0.75
generate	0.31	0.95
increases	0.31	0.80
surprised	0.31	1.06
spaced	0.31	0.98
digital	0.31	0.87
test	0.31	1.15
agreed	0.31	0.70
soft	0.31	0.77
shops	0.31	1.00
slate	0.31	0.76
reinforce	0.31	0.74
paid	0.31	1.04
snes	0.31	0.96
then	0.31	1.11
any	0.31	1.59
1500	0.31	1.03
bill	0.31	0.78
combination	0.31	0.83
frequently	0.31	0.96
75	0.31	0.94
square	0.31	1.02
lasted	0.31	1.26
recipe	0.31	0.86
differently	0.32	1.22
ideally	0.32	0.99
dimensions	0.32	1.24
consumer	0.32	0.83
designer	0.32	1.04
hf	0.32	0.87
rotary	0.32	0.85
students	0.32	0.96
draw	0.32	1.08
interested	0.32	1.17
bondo	0.32	0.85
rare	0.32	0.78
craftsman	0.32	0.85
wet	0.32	0.91
tends	0.32	0.93
steering	0.32	0.91
lived	0.32	0.96
drew	0.32	1.10
tech	0.32	0.98
6	0.32	1.05
iirc	0.32	0.89
started	0.32	1.34
cure	0.32	0.99
light	0.32	0.83
fluorescent	0.32	0.83
inches	0.32	1.04
down	0.32	1.13
handyman	0.32	0.98
sells	0.32	1.05
riding	0.32	0.84
mac	0.32	0.91
boss	0.32	0.59
destroying	0.32	1.15
couple	0.32	1.12
away	0.32	1.12
pots	0.32	0.81
3000	0.32	1.00
total	0.32	1.15
opinion	0.32	1.34
matches	0.32	0.86
clamp	0.33	0.91
convenient	0.33	0.73
massive	0.33	0.71
break	0.33	1.02
shows	0.33	1.13
custom	0.33	1.09
provides	0.33	1.01
chicago	0.33	0.93
overkill	0.33	0.86
eight	0.33	1.05
back	0.33	1.31
rather	0.33	1.49
checks	0.33	0.94
matched	0.33	0.91
picks	0.33	0.93
certain	0.33	1.65
seller	0.33	1.01
stencil	0.33	0.95
professionally	0.33	0.98
safely	0.33	1.06
tears	0.33	0.65
discount	0.33	1.11
toolbox	0.33	0.71
stripes	0.33	0.83
experienced	0.33	0.99
gave	0.33	0.96
surely	0.33	1.24
tonight	0.33	1.34
brewing	0.34	0.81
match	0.34	0.88
sketch	0.34	1.16
inclined	0.34	1.28
how-to	0.34	1.30
wanted	0.34	1.30
forgot	0.34	1.26
aka	0.34	0.80
eye	0.34	0.80
pull	0.34	1.00
newer	0.34	1.02
comfort	0.34	0.78
tint	0.34	0.81
username	0.34	1.22
check	0.34	1.32
seeing	0.34	1.43
bulbs	0.34	0.86
school	0.34	0.96
rigid	0.34	0.80
space	0.34	0.88
protected	0.34	0.99
expense	0.34	0.89
measure	0.34	1.16
delivered	0.34	1.03
exit	0.34	0.89
trade	0.34	0.90
drinking	0.34	0.71
medium	0.34	0.89
plenty	0.34	1.11
selling	0.34	1.21
required	0.34	1.17
search	0.34	1.24
becomes	0.34	0.82
engineering	0.34	0.89
few	0.34	1.10
sale	0.34	1.01
glow	0.34	0.89
starting	0.34	1.36
etsy	0.34	1.06
10-15	0.35	1.03
files	0.35	1.04
console	0.35	0.82
arcade	0.35	0.78
foot	0.35	1.14
half	0.35	1.10
course	0.35	1.50
scratch	0.35	0.97
operate	0.35	0.90
supply	0.35	0.90
confirm	0.35	0.83
em	0.35	0.93
lesson	0.35	1.11
incandescent	0.35	0.75
start	0.35	1.30
upgraded	0.35	1.28
available	0.35	1.08
tall	0.35	1.02
replies	0.35	1.49
4	0.35	1.06
decision	0.35	0.91
m	0.35	1.31
architect	0.35	0.99
la	0.35	0.83
bars	0.35	0.88
problems	0.35	0.97
chose	0.35	0.90
our	0.35	0.92
contractor	0.36	0.99
business	0.36	0.96
classes	0.36	0.97
customers	0.36	0.95
ages	0.36	0.87
before	0.36	1.47
acts	0.36	0.81
backsplash	0.36	0.79
lengths	0.36	0.97
programs	0.36	1.09
two	0.36	1.19
wide	0.36	0.99
ordering	0.36	1.16
length	0.36	0.97
2000	0.36	1.02
3	0.36	1.08
5v	0.36	0.82
mess	0.36	1.02
attempting	0.36	1.20
watch	0.36	0.74
player	0.36	0.79
forward	0.36	0.86
amazon	0.36	0.99
finally	0.36	1.13
leds	0.36	0.82
mark	0.36	1.03
advanced	0.36	1.13
article	0.36	1.31
models	0.36	0.95
imagine	0.36	1.51
three	0.37	1.14
advise	0.37	1.14
kits	0.37	1.05
real	0.37	0.92
ten	0.37	1.09
clothes	0.37	0.72
manufactured	0.37	0.94
upside	0.37	0.88
drops	0.37	0.85
software	0.37	1.06
nes	0.37	0.78
greater	0.37	0.91
five	0.37	1.08
trouble	0.37	1.21
weld	0.37	0.82
recently	0.37	1.33
diyer	0.37	1.03
beer	0.37	0.72
were	0.37	1.57
1-2	0.37	1.07
plumb	0.37	0.93
site	0.37	1.26
feet	0.37	1.14
around	0.38	1.10
four	0.38	1.11
handful	0.38	1.10
4-5	0.38	1.08
drawn	0.38	1.03
players	0.38	0.78
blend	0.38	0.84
socks	0.38	0.73
electricity	0.38	0.82
regarding	0.38	1.34
core	0.38	0.83
originally	0.38	1.30
leave	0.38	1.27
soldering	0.38	0.94
jacket	0.38	0.72
pay	0.38	1.05
eventually	0.38	1.03
retro	0.38	0.73
durability	0.38	0.86
carpenter	0.38	0.94
sites	0.38	1.27
source	0.38	0.97
drink	0.38	0.70
creating	0.38	1.05
owned	0.38	0.98
snug	0.38	0.89
depends	0.38	1.40
27	0.38	0.81
lamps	0.38	0.84
ebay	0.38	1.07
3-4	0.38	1.08
coverage	0.38	0.88
weighs	0.39	0.91
rv	0.39	0.90
older	0.39	0.94
styles	0.39	1.04
memory	0.39	0.71
title	0.39	1.14
layout	0.39	0.96
sweat	0.39	0.81
valid	0.39	1.41
projects	0.39	1.31
surrounding	0.39	0.87
workbench	0.39	0.98
six	0.39	1.08
till	0.39	1.09
confident	0.39	0.92
program	0.39	1.07
measurements	0.39	1.18
preferred	0.39	0.81
sketchup	0.39	1.12
ups	0.39	0.84
math	0.39	1.27
benefit	0.39	1.08
folks	0.39	1.13
customer	0.39	0.92
cad	0.39	1.09
collection	0.39	1.00
grand	0.39	1.04
diyers	0.39	1.29
sized	0.39	0.86
clothing	0.39	0.71
weigh	0.39	0.97
2-3	0.39	1.09
sleeping	0.39	0.82
solidworks	0.39	1.08
retail	0.39	1.01
supplies	0.39	1.00
8	0.39	1.00
traditional	0.40	1.13
lose	0.40	0.78
tune	0.40	0.83
lego	0.40	0.92
laughed	0.40	0.81
hockey	0.40	0.76
adds	0.40	0.85
hundred	0.40	1.03
while	0.40	1.26
detail	0.40	1.67
preferably	0.40	0.85
bounce	0.40	0.94
each	0.40	1.06
offense	0.40	1.17
polishing	0.40	0.89
wonders	0.40	0.89
beginner	0.40	1.18
guides	0.40	1.19
na	0.40	1.14
merely	0.40	1.04
pops	0.40	0.82
pass	0.40	1.10
sold	0.40	1.09
lights	0.40	0.75
trial	0.40	0.59
k	0.40	0.91
dense	0.40	0.75
ahead	0.41	1.12
fully	0.41	1.12
past	0.41	1.36
pairs	0.41	0.86
researching	0.41	1.31
micro	0.41	0.78
teacher	0.41	0.87
until	0.41	1.27
led	0.41	0.75
level	0.41	0.84
compare	0.41	1.09
successful	0.41	0.93
whatever	0.41	1.62
theme	0.41	0.70
figured	0.41	1.51
wo	0.41	1.30
casting	0.41	0.85
google	0.41	1.15
response	0.41	1.43
adequate	0.41	0.91
purchased	0.41	1.14
drawing	0.41	1.08
vary	0.42	1.10
sleeve	0.42	0.78
card	0.42	0.74
hundreds	0.42	1.02
curious	0.42	1.29
flux	0.42	0.81
model	0.42	1.05
balance	0.42	0.87
shoulder	0.42	0.60
dozen	0.42	1.06
missed	0.42	1.44
providing	0.42	1.01
charged	0.42	0.88
credit	0.42	0.94
evenly	0.42	0.87
consistency	0.42	0.80
sand	0.42	0.89
common	0.42	0.94
sanding	0.42	0.90
adding	0.42	1.21
detailed	0.42	1.44
mistakes	0.42	0.88
night	0.42	0.92
no	0.42	1.56
maximum	0.43	1.34
highly	0.43	0.97
nights	0.43	0.98
challenge	0.43	0.79
words	0.43	1.41
amps	0.43	0.83
lattice	0.43	0.78
fly	0.43	0.74
thousand	0.43	1.01
somewhere	0.43	1.19
company	0.43	0.91
further	0.43	1.15
completely	0.43	1.31
plan	0.43	1.32
today	0.43	1.18
exact	0.43	1.58
given	0.43	1.51
growing	0.43	0.58
feel	0.43	1.50
usual	0.43	0.70
1	0.43	1.02
drawings	0.44	1.18
male	0.44	0.70
fits	0.44	0.84
forgiving	0.44	0.76
2	0.44	1.05
after	0.44	1.20
house	0.44	1.01
goal	0.44	1.24
miles	0.44	0.99
date	0.44	0.82
many	0.44	1.14
woodworker	0.44	0.94
hotter	0.44	0.85
relative	0.44	0.90
shop	0.44	0.94
sell	0.44	1.16
ours	0.44	1.01
linear	0.44	0.83
curve	0.44	0.93
circles	0.44	0.95
football	0.44	0.68
shape	0.44	0.78
once	0.44	1.41
glue	0.44	0.88
helping	0.44	0.96
river	0.44	0.81
task	0.45	0.88
charges	0.45	0.80
afternoon	0.45	0.98
dresser	0.45	0.66
savings	0.45	0.83
walmart	0.45	1.03
move	0.45	1.21
decide	0.45	1.34
jump	0.45	0.99
joy	0.45	0.60
ease	0.45	0.92
shade	0.45	0.74
quick	0.45	0.83
online	0.45	1.16
lightweight	0.45	0.79
number	0.45	1.10
delicious	0.45	0.67
waste	0.45	0.87
both	0.45	1.22
price	0.45	0.87
keep	0.45	1.20
brings	0.46	0.76
temporary	0.46	0.98
clearly	0.46	1.18
colored	0.46	0.77
estimate	0.46	0.95
suppose	0.46	1.45
production	0.46	0.83
scene	0.46	0.66
former	0.46	0.94
deeper	0.46	0.93
noticed	0.46	1.25
holding	0.46	0.97
supplier	0.46	0.83
uh	0.46	0.89
maintenance	0.46	0.86
pro	0.46	0.96
bow	0.47	0.67
thinner	0.47	0.87
prob	0.47	1.11
million	0.47	1.05
evening	0.47	1.03
minute	0.47	1.03
clamping	0.47	0.91
where	0.47	1.46
these	0.47	1.22
usd	0.47	1.05
places	0.47	1.14
b	0.47	0.79
borrow	0.47	1.01
situation	0.47	1.29
guide	0.47	1.12
welder	0.47	0.74
name	0.47	1.27
shelving	0.47	0.81
costly	0.47	0.77
grown	0.47	0.69
220	0.47	0.91
books	0.47	1.03
plus	0.48	1.03
basics	0.48	1.02
upgrade	0.48	1.04
wasting	0.48	0.97
gold	0.48	0.86
cooler	0.48	0.84
which	0.48	1.50
black	0.48	0.75
finer	0.48	0.90
dollar	0.48	0.97
add	0.48	1.22
secure	0.48	0.89
i.e	0.48	0.92
performance	0.48	0.76
shortly	0.48	1.02
scuff	0.48	0.88
warmer	0.48	0.88
moment	0.48	0.95
chew	0.48	0.79
numerous	0.48	1.10
sticks	0.48	0.79
rough	0.48	0.92
searching	0.48	1.14
classroom	0.48	1.17
bucks	0.48	1.07
year	0.48	1.10
quickly	0.48	0.97
pros	0.49	1.02
built-in	0.49	0.77
measuring	0.49	0.99
shoes	0.49	0.68
ensure	0.49	1.05
anytime	0.49	1.04
brightness	0.49	0.80
stays	0.49	0.90
settled	0.49	0.99
prepared	0.49	1.03
shades	0.49	0.76
their	0.49	0.89
pong	0.49	0.70
hassle	0.49	0.92
order	0.49	1.11
amount	0.49	0.90
wan	0.49	1.14
redditor	0.49	1.18
kickstarter	0.49	1.04
sandpaper	0.49	0.87
boot	0.49	0.92
ago	0.49	1.15
selection	0.49	0.88
version	0.49	0.93
tested	0.49	1.01
adult	0.50	0.78
size	0.50	1.07
guarantee	0.50	1.12
requires	0.50	0.80
convince	0.50	0.83
shirt	0.50	0.73
approach	0.50	1.61
wait	0.50	1.06
priced	0.50	0.80
morning	0.50	0.98
last	0.50	1.13
honestly	0.50	1.58
coarse	0.50	0.87
together	0.50	0.98
trucks	0.50	0.80
res	0.50	1.16
activities	0.50	0.84
energy	0.50	0.82
vet	0.50	0.77
besides	0.50	0.82
put	0.50	1.19
odds	0.50	0.76
prices	0.50	0.89
choose	0.50	1.02
they	0.50	1.52
native	0.50	0.78
needed	0.50	1.31
woodworking	0.51	1.15
offset	0.51	0.77
profit	0.51	0.89
steady	0.51	0.77
cage	0.51	0.70
desert	0.51	0.67
grit	0.51	0.88
landlord	0.51	0.88
sleep	0.51	0.69
use	0.51	1.33
reply	0.51	1.41
programming	0.51	0.94
within	0.51	1.09
account	0.51	0.84
games	0.51	0.68
180	0.51	0.88
bullet	0.51	0.78
theirs	0.51	0.77
pulled	0.51	1.02
unusual	0.51	1.03
pants	0.51	0.66
additionally	0.51	0.81
elbow	0.51	0.73
month	0.51	1.08
snap	0.51	0.95
sew	0.52	0.81
parent	0.52	1.09
almost	0.52	1.30
contractors	0.52	0.93
dollars	0.52	1.00
series	0.52	0.65
jar	0.52	0.67
character	0.52	0.63
fraction	0.52	0.92
waited	0.52	1.10
nowhere	0.52	0.93
months	0.53	1.10
game	0.53	0.69
mins	0.53	1.01
n	0.53	0.76
bear	0.53	0.77
climb	0.53	0.72
costs	0.53	0.98
fast	0.53	0.73
lt	0.53	0.87
tackle	0.53	1.17
possibilities	0.53	0.90
boat	0.53	0.73
period	0.53	0.97
chance	0.53	0.90
learn	0.53	1.22
years	0.53	1.10
pcb	0.53	0.85
anyhow	0.53	0.56
diamond	0.53	0.68
decided	0.53	1.16
days	0.54	1.09
artwork	0.54	0.70
lives	0.54	0.95
plays	0.54	0.76
solved	0.54	0.85
sports	0.54	0.61
own	0.54	1.01
storing	0.54	0.82
dye	0.54	0.72
repaired	0.54	1.08
play	0.54	0.71
closer	0.54	1.00
maintain	0.54	0.85
provide	0.54	1.16
shapes	0.54	0.79
blind	0.54	0.84
choosing	0.54	0.79
sooner	0.54	0.99
angles	0.54	0.80
squares	0.54	0.80
weekends	0.54	1.05
day	0.54	1.02
ride	0.54	0.72
yourself	0.54	1.29
gives	0.54	0.82
equipment	0.55	0.98
ton	0.55	0.93
modern	0.55	0.73
ordered	0.55	0.98
secret	0.55	0.81
youtube	0.55	0.98
relationship	0.55	0.75
found	0.55	1.16
f	0.55	0.84
measured	0.55	1.43
private	0.55	0.78
essential	0.55	0.74
week	0.55	1.07
cost	0.55	1.00
bus	0.55	0.78
dropping	0.55	0.83
every	0.55	1.04
swimming	0.55	0.69
previously	0.55	0.92
we	0.55	1.37
orange	0.55	0.75
tea	0.56	0.66
target	0.56	0.92
patterns	0.56	0.83
pet	0.56	0.66
red	0.56	0.74
hours	0.56	1.07
weeks	0.56	1.07
jam	0.56	0.66
measurement	0.56	1.36
study	0.56	0.74
checked	0.56	1.04
limits	0.56	0.80
cases	0.56	0.66
try	0.56	1.46
farther	0.56	0.95
ill	0.56	1.09
knew	0.56	1.01
toys	0.56	0.65
edit	0.56	1.35
bought	0.57	1.05
song	0.57	0.74
nope	0.57	0.77
invest	0.57	0.91
labor	0.57	0.93
plans	0.57	1.08
pinterest	0.57	0.95
wasted	0.57	0.85
error	0.57	1.17
age	0.57	0.70
clamps	0.57	0.77
welding	0.57	0.81
me	0.57	1.02
partner	0.58	0.84
white	0.58	0.73
want	0.58	1.42
gel	0.58	0.69
focus	0.58	0.76
thousands	0.58	0.90
special	0.58	1.12
videos	0.58	0.95
y	0.58	0.78
mail	0.58	0.99
cake	0.58	0.83
purple	0.58	0.73
an	0.58	0.96
children	0.58	0.58
taught	0.58	0.85
nowadays	0.59	0.80
versions	0.59	0.77
professionals	0.59	0.91
hobby	0.59	0.95
knee	0.59	0.75
when	0.59	1.31
tutorials	0.59	1.05
aspect	0.59	0.96
reasonable	0.59	1.02
pictured	0.59	0.85
see	0.59	1.39
headache	0.59	0.82
r	0.59	0.75
times	0.59	1.09
loss	0.59	0.89
sort	0.59	1.20
dinner	0.59	0.64
myself	0.59	1.23
hour	0.59	1.04
soon	0.59	1.11
trips	0.59	0.84
forever	0.60	0.98
expected	0.60	0.97
up	0.60	1.18
boom	0.60	0.65
buy	0.60	1.10
efficient	0.60	0.79
stay	0.60	1.07
alot	0.60	0.92
stayed	0.60	0.94
managed	0.60	0.75
swing	0.60	0.74
cards	0.60	0.72
paying	0.61	0.95
builder	0.61	0.82
minutes	0.61	1.02
identical	0.61	0.96
extra	0.61	1.08
industry	0.61	0.82
tomorrow	0.61	1.15
cameras	0.61	0.70
min	0.61	0.94
weekend	0.61	1.04
platform	0.61	0.67
achieve	0.61	1.00
holds	0.61	0.80
um	0.61	1.15
twin	0.61	0.63
determined	0.61	0.99
powerful	0.61	0.72
horses	0.61	0.86
answer	0.62	1.40
moved	0.62	1.12
owner	0.62	0.81
c	0.62	0.88
e	0.62	0.70
asap	0.62	0.96
seconds	0.62	1.02
im	0.62	1.18
jewelry	0.62	0.62
hair	0.62	0.64
learning	0.62	1.02
rewarding	0.62	0.61
yellow	0.62	0.74
issue	0.62	0.95
report	0.62	0.93
how	0.62	1.44
trailer	0.62	0.69
spent	0.62	1.04
learned	0.62	0.88
blue	0.62	0.71
largest	0.63	0.69
guests	0.63	0.64
desks	0.63	0.81
craft	0.63	0.86
enjoying	0.63	1.13
wider	0.63	0.90
all	0.63	1.38
perform	0.63	0.83
never	0.63	1.34
cash	0.63	0.92
bright	0.63	0.71
offer	0.63	1.11
inspected	0.63	0.90
handled	0.63	0.96
noted	0.63	1.15
bringing	0.63	1.09
often	0.63	1.06
occasional	0.63	0.64
bigger	0.63	0.87
opposed	0.63	0.80
pricey	0.63	0.60
tempted	0.63	1.04
ops	0.64	0.75
find	0.64	1.33
amp	0.64	0.77
guess	0.64	1.44
practical	0.64	0.71
straight	0.64	0.82
g	0.64	0.79
vintage	0.64	0.60
softer	0.64	0.85
since	0.64	1.40
sensitive	0.65	0.70
saturday	0.65	0.76
chosen	0.65	1.04
beyond	0.65	0.74
took	0.65	1.06
give	0.65	1.21
offers	0.65	1.05
likely	0.65	1.12
build	0.65	1.19
theory	0.66	0.83
costume	0.66	0.50
passed	0.66	0.70
next	0.66	1.13
pattern	0.66	0.79
larger	0.66	0.84
arent	0.66	0.82
later	0.66	1.11
management	0.66	0.94
colors	0.66	0.78
complex	0.66	0.67
recommendation	0.66	0.91
fixes	0.67	0.77
lasts	0.67	0.99
germany	0.67	0.86
configuration	0.67	0.82
youre	0.67	0.83
smart	0.67	0.61
suggestions	0.67	1.18
initial	0.67	0.71
video	0.67	0.79
playing	0.67	0.72
somebody	0.67	0.81
named	0.67	0.52
p.s	0.67	0.74
greatly	0.67	0.97
another	0.67	1.16
episode	0.68	0.62
farm	0.68	0.57
desired	0.68	1.17
fixed	0.68	1.16
examples	0.68	1.03
jeep	0.68	0.62
parties	0.68	0.61
touched	0.68	0.96
poke	0.68	0.81
compared	0.68	0.67
tear	0.68	0.79
invisible	0.68	0.67
go	0.68	1.34
slower	0.68	0.85
saves	0.68	0.87
cheaply	0.68	0.94
tight	0.69	0.80
created	0.69	1.04
thoroughly	0.69	0.69
nor	0.69	0.96
justify	0.69	0.97
pink	0.69	0.68
usually	0.69	1.03
even	0.69	1.39
hard	0.69	0.65
information	0.69	1.20
d	0.70	1.20
quicker	0.70	0.88
theres	0.70	0.88
saved	0.70	0.93
costing	0.70	0.93
spending	0.70	0.93
able	0.70	1.28
interest	0.70	0.94
breakdown	0.70	0.84
harder	0.70	0.84
will	0.70	1.19
ex	0.70	0.81
them	0.70	1.26
need	0.70	1.33
kitty	0.71	0.72
budget	0.71	1.00
cry	0.71	0.89
spelling	0.71	1.08
experiment	0.71	0.96
come	0.71	1.24
remain	0.71	0.83
delivery	0.71	0.72
correctly	0.71	1.27
investment	0.71	0.85
close	0.71	0.89
rarely	0.71	0.87
decent	0.71	0.73
joke	0.72	1.00
heads	0.72	0.76
t	0.72	0.77
ran	0.72	0.89
fewer	0.72	0.87
get	0.72	1.30
made	0.72	1.13
porn	0.72	0.68
background	0.72	0.73
expensive	0.72	0.64
explanation	0.73	1.22
money	0.73	0.90
boys	0.73	0.61
pages	0.73	0.91
note	0.73	1.11
heavy	0.73	0.63
fit	0.73	0.79
something	0.73	1.30
ol	0.73	0.63
helped	0.73	0.63
structurally	0.74	0.80
least	0.74	1.11
isnt	0.74	0.87
bills	0.74	0.67
there	0.74	1.28
had	0.74	1.21
camping	0.74	0.68
party	0.75	0.50
lasting	0.75	0.66
similar	0.75	1.23
others	0.75	0.92
himself	0.75	0.58
gf	0.75	0.78
adults	0.75	0.59
hear	0.75	0.91
point	0.75	1.08
take	0.75	1.20
shirts	0.75	0.63
hello	0.75	0.70
could	0.76	1.27
classic	0.76	0.66
gotten	0.76	1.11
make	0.76	1.28
taller	0.76	0.89
thought	0.76	1.24
dealt	0.76	1.05
saving	0.76	0.91
green	0.76	0.66
save	0.76	0.92
friendly	0.76	0.92
help	0.77	1.23
installed	0.77	0.83
designs	0.77	0.87
crib	0.77	0.55
everything	0.77	1.18
ll	0.77	1.18
neighbor	0.77	0.65
expertise	0.77	1.01
worth	0.77	0.94
99	0.77	0.82
receive	0.77	0.85
roommate	0.77	0.68
whatsoever	0.78	0.99
child	0.78	0.58
show	0.78	0.72
fix	0.78	1.13
fyi	0.78	0.84
mine	0.78	1.19
went	0.78	1.01
fair	0.79	0.88
training	0.79	0.74
thoughts	0.79	1.11
combine	0.79	0.67
ultimately	0.79	0.95
things	0.79	1.14
options	0.79	1.02
deals	0.79	0.75
tips	0.79	1.07
ive	0.79	1.00
ve	0.79	1.20
someone	0.79	0.80
tutorial	0.79	1.05
technically	0.79	1.05
gone	0.79	1.11
feedback	0.80	1.06
shorter	0.80	0.88
did	0.80	1.29
taken	0.80	1.12
magnetic	0.80	0.59
routing	0.80	0.68
flipping	0.80	0.87
honda	0.80	0.68
doable	0.81	0.68
aesthetic	0.81	0.65
ever	0.81	1.17
feasible	0.81	1.23
ways	0.81	1.07
experiences	0.81	0.76
cheapest	0.81	0.96
radiator	0.81	0.56
tools	0.81	0.72
gray	0.81	0.64
involved	0.81	0.72
darker	0.81	0.66
other	0.81	0.99
him	0.81	0.71
imho	0.81	0.74
stuff	0.82	0.73
brighter	0.82	0.85
nah	0.82	0.73
regardless	0.82	0.92
approve	0.82	0.81
idk	0.82	0.72
person	0.83	0.76
zero	0.83	0.78
hell	0.83	0.73
initially	0.83	0.79
played	0.83	0.70
place	0.83	1.10
spend	0.83	0.91
upright	0.83	0.64
tried	0.83	1.09
his	0.83	0.75
sewing	0.83	0.74
won	0.83	0.39
dark	0.83	0.64
decor	0.83	0.55
childhood	0.84	0.46
watching	0.84	0.61
either	0.84	1.24
god	0.84	1.28
slip	0.84	0.62
heard	0.84	0.99
watched	0.85	0.61
brown	0.85	0.64
sex	0.85	0.55
blown	0.85	0.56
construct	0.85	0.79
advice	0.85	1.08
looking	0.85	1.15
canadian	0.85	0.86
built	0.85	0.91
smaller	0.85	0.83
significantly	0.85	0.79
ladies	0.85	0.64
grew	0.85	0.56
chart	0.86	0.70
steam	0.86	0.50
kids	0.86	0.56
seem	0.86	1.10
band	0.86	0.56
memories	0.86	0.46
useful	0.86	0.58
turns	0.86	0.64
aside	0.86	0.76
time	0.86	0.95
create	0.87	0.81
seen	0.87	1.08
opportunity	0.87	0.77
attractive	0.87	0.55
u	0.87	0.79
however	0.87	1.16
95	0.87	0.66
received	0.87	0.93
pricing	0.88	0.70
smoother	0.88	0.82
grandpa	0.88	0.50
whats	0.88	0.82
involve	0.88	0.79
goes	0.88	0.91
comfy	0.88	0.63
stable	0.88	0.57
effect	0.89	0.67
unfortunately	0.89	1.02
viable	0.89	0.79
kid	0.89	0.58
accurate	0.89	0.65
rack	0.89	0.61
comes	0.89	0.76
ps	0.89	0.76
color	0.89	0.62
patient	0.89	0.59
sense	0.90	1.11
grandfather	0.90	0.51
turning	0.90	0.74
colour	0.90	0.61
small	0.90	0.67
faster	0.90	0.83
heavier	0.90	0.84
lot	0.90	0.94
uncle	0.90	0.61
route	0.90	1.07
clock	0.90	0.57
flip	0.91	0.70
mother	0.91	0.59
considerably	0.91	0.81
deal	0.91	0.69
got	0.91	0.99
experience	0.91	0.84
should	0.91	1.15
technical	0.91	0.76
more	0.91	1.05
thing	0.92	1.12
satisfying	0.92	0.51
same	0.92	1.22
bob	0.92	0.59
finding	0.92	1.08
large	0.92	0.62
one	0.92	1.15
used	0.93	1.02
crochet	0.93	0.74
casters	0.93	0.65
peace	0.93	0.71
thicker	0.93	0.84
o	0.93	0.68
now	0.93	1.15
girls	0.93	0.54
lighter	0.94	0.79
ftfy	0.94	0.73
individually	0.94	0.66
objects	0.94	0.72
whoever	0.95	0.62
pulls	0.95	0.66
easily	0.95	0.82
she	0.95	0.71
bands	0.95	0.50
somewhat	0.95	0.75
cousin	0.95	0.60
cave	0.95	0.60
reminds	0.95	0.53
ahh	0.95	0.89
beast	0.96	0.57
slightly	0.96	0.82
he	0.96	0.63
quality	0.96	0.61
future	0.96	0.93
longer	0.96	0.86
guy	0.96	0.64
ones	0.96	0.85
father	0.96	0.55
dat	0.96	0.71
dad	0.96	0.55
success	0.96	0.68
grey	0.96	0.60
parents	0.96	0.58
accent	0.97	0.59
may	0.97	1.09
0	0.97	0.65
tom	0.97	0.52
buck	0.97	0.86
bit	0.97	0.86
input	0.97	0.84
rig	0.97	0.64
maybe	0.97	1.09
think	0.98	1.13
than	0.98	0.84
info	0.98	0.99
younger	0.98	0.52
durable	0.98	0.61
certainly	0.98	1.01
subtle	0.98	0.62
dog	0.98	0.46
appreciated	0.98	0.95
female	0.98	0.54
applies	0.99	0.74
chalkboard	0.99	0.57
solutions	0.99	0.92
held	0.99	0.70
advance	0.99	0.74
hi	0.99	0.75
dear	0.99	0.56
poorly	1.00	0.62
w	1.00	0.58
always	1.00	1.03
object	1.00	0.65
perspective	1.00	0.77
nearly	1.00	0.84
also	1.01	1.08
her	1.01	0.67
little	1.01	0.90
aww	1.01	0.66
properly	1.01	0.89
turn	1.01	0.66
cheap	1.01	0.65
gt	1.01	0.94
favorite	1.02	0.41
strong	1.02	0.56
satisfied	1.02	0.67
might	1.02	1.05
helpful	1.02	0.83
mom	1.02	0.56
balanced	1.02	0.60
surprisingly	1.02	0.51
insight	1.02	0.91
known	1.02	0.73
lady	1.02	0.65
still	1.02	1.06
workshop	1.03	0.51
effective	1.03	0.59
kind	1.03	1.03
stronger	1.03	0.75
less	1.03	0.82
hehe	1.03	0.70
worries	1.03	0.88
brother	1.04	0.55
women	1.04	0.51
wasnt	1.04	0.67
ring	1.04	0.54
functional	1.04	0.55
planned	1.04	0.77
reliable	1.04	0.69
wtf	1.05	0.63
perfectly	1.05	0.71
again	1.05	1.00
enjoyed	1.05	0.60
problem	1.05	1.01
husband	1.05	0.58
hold	1.06	0.67
boyfriend	1.06	0.65
buddy	1.06	0.60
resources	1.06	0.79
feels	1.06	0.59
girl	1.07	0.49
halloween	1.07	0.48
gotcha	1.07	0.85
yo	1.07	0.65
simpler	1.07	0.78
serious	1.07	0.57
sister	1.07	0.55
engagement	1.08	0.53
simplest	1.08	0.83
life	1.08	0.71
norm	1.08	0.50
particularly	1.09	0.60
most	1.09	0.81
hahaha	1.09	0.70
young	1.09	0.45
helps	1.10	0.73
yea	1.10	0.73
til	1.10	0.61
ideas	1.10	0.86
friend	1.10	0.55
worthy	1.10	0.71
men	1.10	0.44
bonus	1.10	0.54
much	1.11	0.86
compliment	1.11	0.82
imo	1.11	0.76
family	1.11	0.52
happier	1.11	0.71
resource	1.11	0.72
whoa	1.11	0.48
method	1.11	0.95
safer	1.12	0.86
appreciate	1.12	0.86
share	1.12	0.93
christ	1.12	0.66
hmm	1.13	0.79
brothers	1.13	0.42
worked	1.13	0.87
practice	1.13	0.75
ta	1.13	0.69
fiance	1.13	0.61
fun	1.13	0.49
capable	1.13	0.58
glad	1.13	0.71
seems	1.13	0.67
ha	1.13	0.71
skilled	1.13	0.52
flash	1.14	0.51
inexpensive	1.14	0.58
technique	1.14	0.85
homemade	1.14	0.49
only	1.14	1.03
yeah	1.14	0.91
wife	1.14	0.53
son	1.14	0.47
easier	1.15	0.85
confidence	1.15	0.51
easiest	1.15	0.91
straightforward	1.15	0.46
far	1.15	0.74
its	1.15	0.63
easy	1.15	0.52
someday	1.15	0.71
lack	1.16	0.44
long	1.16	0.80
cheaper	1.16	0.87
trick	1.16	0.74
enough	1.16	0.81
addition	1.16	0.54
boy	1.16	0.49
group	1.16	0.55
too	1.16	0.89
nicer	1.17	0.72
toy	1.17	0.42
hopefully	1.17	0.77
bang	1.18	0.73
christmas	1.18	0.45
curiosity	1.18	0.86
probably	1.18	0.99
choice	1.18	0.46
mr	1.19	0.60
friends	1.19	0.52
terribly	1.19	0.62
setup	1.19	0.56
ah	1.19	0.80
results	1.19	0.66
better	1.20	0.76
huh	1.20	0.68
da	1.20	0.60
rings	1.21	0.42
laugh	1.21	0.55
reasonably	1.22	0.57
ron	1.22	0.49
overall	1.22	0.43
alternative	1.24	0.84
knowledge	1.24	0.63
although	1.24	0.84
solution	1.24	0.85
birthday	1.25	0.41
ya	1.25	0.66
welcome	1.25	0.67
otherwise	1.26	0.76
damned	1.26	0.52
tho	1.26	0.65
jesus	1.26	0.56
baby	1.26	0.40
handmade	1.27	0.45
outcome	1.27	0.53
interesting	1.27	0.46
daughter	1.27	0.43
project	1.27	0.81
girlfriend	1.28	0.45
hero	1.28	0.64
tightly	1.28	0.49
makes	1.28	0.63
possible	1.29	0.86
definitely	1.29	0.79
tip	1.29	0.67
actually	1.29	0.82
extremely	1.29	0.54
relatively	1.29	0.53
looked	1.30	0.68
perfect	1.30	0.53
option	1.30	0.83
suggestion	1.31	0.72
anyway	1.31	0.78
way	1.31	0.85
bastard	1.31	0.42
thanks	1.32	0.75
woman	1.32	0.42
constructed	1.32	0.55
lord	1.33	0.45
yep	1.33	0.57
fairly	1.33	0.55
art	1.34	0.47
sooo	1.34	0.52
yes	1.34	0.79
ok	1.34	0.75
woodwork	1.34	0.47
anyways	1.34	0.59
swanson	1.36	0.45
beauty	1.36	0.31
artist	1.36	0.47
pleasing	1.36	0.48
takes	1.36	0.57
handy	1.36	0.40
result	1.37	0.68
alright	1.38	0.55
nursery	1.38	0.41
affordable	1.38	0.51
insane	1.39	0.43
ability	1.39	0.50
upvote	1.40	0.60
steal	1.41	0.52
bet	1.41	0.76
sturdy	1.41	0.40
fine	1.41	0.65
kidding	1.42	0.57
ghetto	1.42	0.36
okay	1.42	0.61
liked	1.42	0.45
deliver	1.43	0.46
design	1.43	0.47
quite	1.44	0.55
wedding	1.44	0.36
ridiculously	1.45	0.47
bud	1.45	0.42
yup	1.45	0.53
stealing	1.47	0.41
motivation	1.47	0.49
present	1.47	0.33
lol	1.48	0.55
p	1.49	0.51
must	1.49	0.61
totally	1.50	0.51
precision	1.50	0.47
equally	1.51	0.36
thank	1.51	0.63
married	1.51	0.32
jelly	1.52	0.32
haha	1.52	0.57
gifts	1.52	0.30
especially	1.52	0.47
legit	1.53	0.43
slick	1.53	0.30
vision	1.54	0.43
simple	1.54	0.37
fellow	1.54	0.45
mad	1.56	0.29
works	1.56	0.50
fuckin	1.56	0.48
skills	1.56	0.42
inspiration	1.57	0.49
effort	1.57	0.43
incredibly	1.59	0.42
oh	1.59	0.48
pride	1.60	0.42
attention	1.60	0.53
pretty	1.61	0.43
thorough	1.61	0.41
look	1.61	0.56
insanely	1.61	0.39
sounds	1.63	0.40
enjoy	1.63	0.36
marriage	1.63	0.24
scheme	1.64	0.34
bro	1.64	0.41
super	1.65	0.36
dress	1.65	0.25
came	1.66	0.45
documentation	1.66	0.41
welds	1.69	0.31
holy	1.69	0.34
coolest	1.69	0.40
hey	1.70	0.40
bloody	1.71	0.30
omg	1.72	0.27
loving	1.72	0.23
very	1.72	0.35
gift	1.73	0.23
choices	1.73	0.27
aesthetically	1.74	0.30
fucking	1.74	0.39
beard	1.74	0.26
guys	1.75	0.32
10/10	1.76	0.22
indeed	1.76	0.29
skill	1.76	0.32
sexy	1.80	0.30
thats	1.82	0.30
lucky	1.82	0.18
yours	1.83	0.33
goddamn	1.84	0.30
patience	1.84	0.26
though	1.84	0.35
idea	1.85	0.33
good	1.85	0.23
dream	1.87	0.17
neat	1.87	0.20
luck	1.87	0.30
contrast	1.87	0.23
respect	1.87	0.22
concept	1.89	0.24
sweet	1.89	0.21
impressed	1.89	0.18
deserve	1.90	0.23
epic	1.91	0.19
creativity	1.91	0.23
talent	1.92	0.24
cute	1.92	0.15
cheers	1.92	0.26
classy	1.93	0.23
dude	1.93	0.24
really	1.93	0.26
genius	1.95	0.19
damn	1.95	0.23
canoe	1.95	0.17
seriously	1.96	0.22
cool	1.97	0.16
hope	1.97	0.19
proud	1.98	0.16
dang	1.99	0.19
done	1.99	0.23
unique	1.99	0.14
op	1.99	0.17
man	2.01	0.19
badass	2.01	0.18
artistic	2.01	0.17
well	2.03	0.18
execution	2.03	0.12
dedication	2.03	0.16
amazingly	2.04	0.16
elegant	2.05	0.13
clever	2.06	0.13
admire	2.06	0.13
adorable	2.06	0.12
inspired	2.07	0.13
rad	2.07	0.14
jealous	2.08	0.11
freaking	2.08	0.13
work	2.09	0.14
mate	2.09	0.13
bravo	2.09	0.12
thoughtful	2.09	0.11
wish	2.10	0.12
talented	2.10	0.10
turned	2.10	0.12
looks	2.10	0.12
such	2.11	0.12
craftsmanship	2.11	0.11
sir	2.11	0.11
btw	2.11	0.11
outstanding	2.12	0.11
props	2.12	0.11
truly	2.12	0.10
executed	2.12	0.10
incredible	2.12	0.10
envy	2.12	0.10
job	2.13	0.11
absolutely	2.13	0.11
creative	2.13	0.09
sharing	2.13	0.11
great	2.13	0.10
nicely	2.13	0.10
wow	2.13	0.10
impressive	2.13	0.10
beautifully	2.13	0.10
congrats	2.14	0.10
brilliant	2.14	0.10
congratulations	2.14	0.10
kudos	2.14	0.09
inspiring	2.14	0.09
gorgeous	2.14	0.09
excellent	2.15	0.09
beautiful	2.15	0.09
lovely	2.15	0.09
wonderful	2.15	0.09
stunning	2.15	0.09
