worse	-5.92	2.13
excuse	-5.70	2.15
suck	-5.64	1.92
hating	-5.62	2.09
shitty	-5.55	2.43
nobility	-5.43	2.55
elfy	-5.16	2.43
guilty	-5.11	2.51
crime	-5.05	2.37
garbage	-5.02	2.56
poor	-5.00	2.47
screw	-4.94	2.15
logic	-4.94	2.34
annoys	-4.91	2.39
hatred	-4.87	2.50
pacing	-4.85	2.71
wonky	-4.82	2.54
bullshit	-4.57	1.98
crappy	-4.48	2.79
forbidden	-4.37	3.06
objectively	-4.32	2.21
bad	-4.32	2.15
proper	-4.28	2.70
sidequest	-4.25	2.42
fears	-4.21	2.30
follows	-4.11	3.15
liking	-4.05	2.60
mistakes	-4.04	2.70
glass	-4.01	3.59
mess	-4.01	2.53
apostate	-3.98	2.82
despair	-3.97	2.40
agrees	-3.93	2.77
stupid	-3.90	2.26
natural	-3.88	2.71
improved	-3.82	2.40
pandering	-3.80	2.22
claiming	-3.80	3.04
pointed	-3.77	3.04
plastic	-3.73	2.75
supported	-3.72	3.33
winning	-3.65	2.82
treat	-3.62	2.51
scenario	-3.62	2.57
disapproves	-3.54	2.74
likes	-3.53	3.29
pile	-3.53	3.35
thinks	-3.52	3.02
dig	-3.51	2.62
kept	-3.51	3.13
clunky	-3.47	2.94
who	-3.46	2.99
understands	-3.43	2.90
elvish	-3.43	2.82
controls	-3.43	3.37
figuring	-3.41	3.32
complain	-3.39	2.50
port	-3.39	3.35
typical	-3.38	3.23
trusted	-3.36	2.97
bothers	-3.35	2.34
weird	-3.35	2.75
call	-3.33	2.53
whiny	-3.30	2.38
deserved	-3.28	2.47
complaint	-3.28	2.40
racist	-3.27	2.27
ui	-3.26	3.38
respect	-3.24	2.64
among	-3.23	2.66
phrase	-3.22	2.42
believes	-3.22	2.96
itself	-3.21	2.39
sucked	-3.19	2.75
instance	-3.15	2.42
dumb	-3.08	2.20
flaw	-3.07	2.81
bothered	-3.06	2.51
retarded	-3.05	2.42
vote	-3.04	2.65
opposite	-3.04	2.94
angles	-2.99	2.62
facts	-2.99	3.36
alike	-2.97	2.72
improvement	-2.93	2.63
bitch	-2.92	2.41
dislike	-2.90	2.70
guilt	-2.90	3.27
lackluster	-2.90	2.55
metacritic	-2.88	2.45
biased	-2.84	2.62
thankfully	-2.83	3.01
beards	-2.81	2.72
care	-2.78	2.78
design	-2.75	2.80
knowing	-2.72	3.09
unreasonable	-2.70	2.60
immensely	-2.69	2.99
disagree	-2.68	2.95
damned	-2.68	3.22
questionable	-2.66	2.55
slavery	-2.64	1.03
sees	-2.63	3.32
disliked	-2.63	3.42
interface	-2.62	2.30
identical	-2.60	3.01
cares	-2.59	3.18
reputation	-2.59	2.44
cookies	-2.58	2.55
subjective	-2.57	3.28
offended	-2.57	2.65
fate	-2.54	1.25
strange	-2.54	2.77
knows	-2.54	3.31
glorious	-2.53	2.55
mistake	-2.52	2.75
stating	-2.52	3.58
weak	-2.49	3.43
ugh	-2.49	2.45
petty	-2.49	1.35
intense	-2.44	3.24
nuts	-2.44	2.50
ashley	-2.44	3.60
confused	-2.43	3.36
cheesy	-2.41	2.81
screwed	-2.38	2.42
crap	-2.38	2.44
despite	-2.33	3.23
complaining	-2.33	1.29
justify	-2.32	0.97
silly	-2.32	2.21
ignored	-2.32	3.34
annoying	-2.31	3.03
orlesians	-2.31	2.85
talks	-2.26	3.21
respects	-2.26	3.07
annoyed	-2.25	3.30
inherently	-2.23	1.45
se	-2.20	2.89
acceptable	-2.20	2.55
relate	-2.19	2.64
insult	-2.18	1.28
uncomfortable	-2.16	3.44
sick	-2.16	1.66
reminded	-2.15	2.94
fanboy	-2.13	2.32
movement	-2.13	1.81
attached	-2.13	3.52
shocked	-2.12	3.74
dramatic	-2.11	3.31
rely	-2.11	1.21
necessarily	-2.11	3.61
remembering	-2.10	3.12
statement	-2.10	3.44
entitled	-2.09	1.40
repeated	-2.08	1.37
simply	-2.07	3.86
lazy	-2.05	1.46
saying	-2.05	3.63
menus	-2.05	2.29
emotional	-2.04	3.40
odd	-2.04	2.51
understood	-2.03	2.79
angry	-2.03	3.70
tea	-2.03	2.93
lesser	-2.01	0.96
jarring	-2.01	3.45
da:2	-1.99	3.91
unnecessary	-1.99	1.38
shallow	-1.96	1.64
paranoid	-1.96	3.57
ignorant	-1.95	1.31
creepy	-1.94	3.15
rude	-1.94	1.50
siding	-1.92	1.19
drinks	-1.90	3.09
attitude	-1.89	1.31
failure	-1.89	1.20
confusing	-1.89	2.12
da2	-1.89	3.90
imply	-1.87	3.58
kb+m	-1.86	2.25
honest	-1.86	2.76
unfair	-1.86	2.00
foot	-1.86	1.08
complaints	-1.85	1.21
console	-1.85	2.36
pc	-1.84	2.37
caring	-1.84	1.43
fault	-1.83	1.34
kick	-1.83	1.51
pointless	-1.82	1.41
feeling	-1.81	3.42
nobles	-1.80	1.16
immature	-1.80	1.44
selfish	-1.80	1.37
dull	-1.80	1.64
mechanics	-1.79	1.83
cruel	-1.79	1.37
calls	-1.79	1.54
unfortunate	-1.78	2.41
unfinished	-1.78	1.25
stance	-1.78	1.12
jerk	-1.77	1.35
ugly	-1.77	2.52
keyboard	-1.77	2.27
fact	-1.77	3.97
doing	-1.77	3.58
otherwise	-1.75	3.96
downvoted	-1.75	3.48
being	-1.73	1.35
twisted	-1.73	0.96
replayed	-1.73	3.92
repetitive	-1.73	1.57
condescending	-1.73	1.53
decision	-1.71	1.45
whining	-1.71	1.30
vocal	-1.70	1.01
objective	-1.70	1.74
refreshing	-1.69	3.33
mouse	-1.68	1.89
controllers	-1.67	2.30
towards	-1.67	1.48
bs	-1.67	1.44
scared	-1.66	3.47
toward	-1.66	1.31
blame	-1.66	1.14
camera	-1.65	1.59
buggy	-1.65	2.01
o	-1.64	3.74
judgement	-1.64	1.05
commit	-1.64	1.15
complained	-1.64	1.27
argue	-1.64	2.04
views	-1.64	1.12
liked	-1.63	3.38
me3	-1.63	3.79
punishment	-1.62	1.31
moment	-1.61	3.37
arguing	-1.61	1.74
lack	-1.59	1.44
hungry	-1.58	1.38
tranquil	-1.57	0.93
morally	-1.57	3.32
sorts	-1.56	1.37
oppressed	-1.56	0.93
lacking	-1.56	1.53
reused	-1.55	1.35
violence	-1.54	1.00
lame	-1.53	2.03
matters	-1.53	1.32
laugh	-1.51	3.05
kicked	-1.51	1.29
tragic	-1.51	3.34
messed	-1.50	2.26
arrogant	-1.50	1.48
ignore	-1.50	1.22
treatment	-1.49	1.22
alienage	-1.49	1.22
bitter	-1.48	3.40
deny	-1.47	1.29
aware	-1.47	3.01
concerns	-1.46	1.22
tastes	-1.46	1.33
opinion	-1.46	2.11
gamepad	-1.46	2.23
truth	-1.45	1.56
boring	-1.45	1.84
opinions	-1.45	2.05
incorrect	-1.45	3.50
flaws	-1.45	1.40
tired	-1.44	2.54
bias	-1.44	1.17
committed	-1.44	1.15
bland	-1.44	1.79
finds	-1.43	1.70
morality	-1.43	1.19
elves	-1.43	1.20
fetch	-1.42	1.06
chore	-1.42	1.59
regret	-1.42	1.36
false	-1.41	3.38
controller	-1.40	2.22
refugees	-1.40	0.93
aveline	-1.39	2.86
asshole	-1.38	1.59
graves	-1.38	1.42
supposed	-1.38	3.72
oasis	-1.37	1.40
emerald	-1.37	1.43
obnoxious	-1.37	1.33
rushed	-1.37	1.72
vastly	-1.37	2.05
philosophy	-1.36	0.82
designed	-1.36	1.93
extreme	-1.36	1.18
pad	-1.36	2.15
fenris	-1.36	2.91
isabella	-1.35	2.91
assassination	-1.35	1.04
lean	-1.35	1.14
ubisoft	-1.35	1.19
exalted	-1.35	1.36
pressure	-1.34	1.45
merrill	-1.34	2.86
shame	-1.34	2.66
merril	-1.33	2.84
accessible	-1.33	1.04
tedious	-1.33	1.65
fallow	-1.33	1.41
course	-1.32	3.82
mire	-1.32	1.41
dungeons	-1.32	1.18
ultimately	-1.32	1.19
slightly	-1.31	0.95
mad	-1.31	2.29
flow	-1.30	1.37
consequences	-1.30	1.15
view	-1.30	1.45
statements	-1.29	1.60
sebastian	-1.29	2.87
crestwood	-1.29	1.40
believing	-1.28	1.05
consoles	-1.28	1.90
intentional	-1.28	1.54
shorter	-1.27	1.24
blind	-1.27	1.67
tranquility	-1.26	1.02
zoom	-1.26	1.50
strongly	-1.25	1.45
frustrated	-1.25	3.74
angle	-1.24	1.32
rivalry	-1.24	2.31
feelings	-1.24	0.99
carver	-1.23	2.68
kicking	-1.23	1.30
nicer	-1.23	1.34
whilst	-1.23	1.13
western	-1.22	1.37
progression	-1.22	1.23
glory	-1.22	0.82
rival	-1.22	2.70
longer	-1.22	1.22
pleasure	-1.22	1.14
nonsense	-1.22	0.99
agree	-1.21	3.63
anders	-1.21	2.70
definition	-1.21	1.12
pissed	-1.21	3.76
plains	-1.21	1.38
tactical	-1.21	1.49
coast	-1.21	1.30
rebel	-1.21	0.79
looting	-1.21	1.18
artifacts	-1.21	0.92
du	-1.20	1.33
emprise	-1.20	1.32
trade	-1.20	1.03
isabela	-1.19	2.74
shiny	-1.19	1.33
sidequests	-1.19	1.07
argument	-1.19	1.54
cam	-1.19	1.49
right	-1.19	3.69
honor	-1.19	0.88
tac	-1.18	1.49
storm	-1.18	1.32
proven	-1.18	3.69
supporting	-1.18	1.19
politics	-1.18	0.98
refers	-1.18	0.91
apostates	-1.18	0.80
radial	-1.17	1.57
unpopular	-1.17	1.98
opposed	-1.17	1.36
crimes	-1.17	0.99
awkward	-1.17	2.75
repeating	-1.17	0.98
sake	-1.17	1.28
upset	-1.17	3.80
terrorist	-1.17	1.14
hissing	-1.16	1.35
approve	-1.16	1.10
vibe	-1.15	1.56
generic	-1.15	1.22
than	-1.15	1.19
negative	-1.15	1.51
trash	-1.15	1.18
arguments	-1.15	1.37
unrealistic	-1.15	1.91
nobody	-1.15	1.75
piss	-1.15	1.38
optimized	-1.15	1.94
wording	-1.14	3.05
fear	-1.14	0.85
friendship	-1.14	2.17
squad	-1.14	1.21
lion	-1.13	1.30
walks	-1.13	1.10
agenda	-1.13	0.84
decisions	-1.13	1.18
locking	-1.13	0.97
claim	-1.13	1.38
brain	-1.12	1.20
tallis	-1.12	2.63
platform	-1.12	1.62
reports	-1.12	1.24
dare	-1.11	1.33
admit	-1.11	2.89
treated	-1.11	0.94
hostile	-1.11	1.86
standpoint	-1.11	1.04
bethany	-1.11	2.58
named	-1.11	1.12
moral	-1.11	1.06
quests	-1.10	1.05
superior	-1.10	1.16
deserve	-1.10	1.07
majority	-1.10	0.78
scheme	-1.10	1.97
oversight	-1.10	1.18
andrastian	-1.09	0.95
gains	-1.09	1.03
trope	-1.09	0.88
stronger	-1.09	1.15
wastes	-1.09	1.33
anger	-1.09	1.06
disapprove	-1.08	1.19
bastard	-1.08	1.07
xb1	-1.08	2.01
evil	-1.08	1.19
claims	-1.08	0.98
respected	-1.08	0.98
meh	-1.07	1.85
beliefs	-1.07	1.00
she	-1.07	1.39
lower	-1.06	1.08
prevent	-1.06	1.39
bored	-1.06	2.50
reduced	-1.06	1.19
sided	-1.06	1.60
shards	-1.06	0.90
adjust	-1.06	1.18
demon	-1.05	0.90
chaos	-1.05	0.92
animation	-1.05	1.35
says	-1.05	1.51
mattered	-1.05	1.23
teach	-1.05	0.89
won	-1.05	1.24
depressing	-1.05	3.39
minority	-1.04	0.99
leaves	-1.04	1.14
rise	-1.04	0.91
climb	-1.04	0.98
appeal	-1.04	1.25
pulling	-1.04	1.17
zevran	-1.03	2.48
heir	-1.03	1.03
mistaken	-1.03	3.10
bugged	-1.02	1.60
improvements	-1.02	1.36
desperate	-1.02	1.19
buttons	-1.02	1.32
intent	-1.02	1.27
significantly	-1.02	1.14
oppression	-1.02	1.03
navigate	-1.01	1.41
steal	-1.01	0.96
loses	-1.01	0.84
sibling	-1.01	2.33
noble	-1.01	1.06
platforms	-1.00	1.34
worrying	-1.00	1.58
bat	-1.00	1.11
overwhelmed	-1.00	2.64
immersion	-1.00	1.05
chosen	-1.00	1.11
disappointing	-0.99	3.47
resort	-0.99	1.09
matter	-0.99	1.48
control	-0.99	1.56
emotions	-0.99	0.83
path	-0.99	1.03
digging	-0.99	0.99
gen	-0.99	1.73
greatest	-0.98	3.10
rotate	-0.98	1.21
thumb	-0.98	1.29
harrowmont	-0.98	1.31
skeptical	-0.98	3.73
ai	-0.98	1.32
folk	-0.98	0.87
approach	-0.98	1.32
ps4	-0.97	1.77
bhelen	-0.97	1.33
obsessed	-0.97	2.42
keys	-0.97	1.22
glitches	-0.97	1.43
orsino	-0.97	1.38
fool	-0.97	1.12
redemption	-0.96	1.06
faith	-0.96	0.94
sten	-0.96	2.30
acknowledge	-0.95	1.27
ps3	-0.95	1.69
shard	-0.95	0.94
living	-0.94	0.94
religion	-0.94	0.95
altogether	-0.94	1.26
concern	-0.94	1.29
frustrating	-0.94	2.32
anvil	-0.94	1.44
velanna	-0.94	2.05
judge	-0.94	1.13
mirror	-0.93	1.87
instead	-0.93	1.38
terror	-0.93	1.08
sigrun	-0.93	2.13
slow	-0.93	1.44
pan	-0.93	1.27
nature	-0.93	1.21
slap	-0.93	1.39
hurts	-0.93	1.20
bind	-0.92	1.20
filler	-0.92	1.15
playstation	-0.92	1.62
religious	-0.92	1.11
rage	-0.92	0.86
outright	-0.92	1.03
mota	-0.92	2.67
desire	-0.92	0.83
keeping	-0.92	1.35
blah	-0.92	1.43
gamers	-0.92	1.08
360	-0.92	1.92
sneak	-0.91	1.01
personal	-0.91	1.34
knowledge	-0.91	1.00
demands	-0.91	0.90
disappointment	-0.91	1.32
contrary	-0.91	1.12
legitimate	-0.91	1.35
helping	-0.91	1.11
branka	-0.91	1.46
recruited	-0.91	1.78
growing	-0.91	1.16
compassion	-0.90	1.07
sends	-0.90	0.87
arishok	-0.90	2.24
disappointed	-0.90	3.86
teeth	-0.90	1.19
burned	-0.90	1.15
vengeance	-0.90	1.06
trial	-0.90	1.11
charged	-0.90	1.20
destroyed	-0.90	1.29
couch	-0.90	1.87
pride	-0.89	0.88
assholes	-0.89	1.62
grind	-0.89	1.14
remind	-0.89	1.20
halla	-0.89	1.15
act	-0.89	2.56
leaning	-0.89	1.46
danger	-0.89	0.97
attachment	-0.89	1.35
auto-attack	-0.89	1.23
frustration	-0.89	1.24
newer	-0.88	1.56
herald	-0.88	1.08
asks	-0.88	1.27
basic	-0.88	1.16
magic	-0.87	0.82
retcon	-0.87	1.26
threatened	-0.87	1.15
underwhelming	-0.87	2.14
rights	-0.87	0.90
disapproval	-0.87	0.90
gray	-0.86	0.94
political	-0.86	0.90
holding	-0.86	1.29
necessity	-0.86	0.95
demons	-0.86	0.92
purely	-0.86	1.41
successful	-0.86	1.49
meredith	-0.86	1.15
following	-0.86	1.02
systems	-0.85	1.37
gripe	-0.85	1.37
experiences	-0.85	0.94
raising	-0.85	0.86
preventing	-0.85	1.07
limitations	-0.85	1.31
puzzles	-0.85	1.21
inferior	-0.85	1.41
unhappy	-0.85	3.78
criticism	-0.85	1.46
menu	-0.85	1.34
implying	-0.85	1.46
choice	-0.85	1.39
harder	-0.85	1.14
exile	-0.85	1.02
harsh	-0.85	1.59
reduces	-0.85	1.05
effectively	-0.84	1.11
corner	-0.84	1.41
button	-0.84	1.29
facial	-0.84	1.33
wave	-0.84	0.94
affected	-0.84	1.01
move	-0.84	1.18
agreeing	-0.84	1.80
endless	-0.84	1.10
smoother	-0.84	1.21
horribly	-0.84	1.11
combat	-0.83	1.90
existence	-0.83	1.46
surprised	-0.83	3.75
fort	-0.83	1.00
actual	-0.83	1.13
valid	-0.83	1.63
learned	-0.82	0.94
zone	-0.82	0.92
downside	-0.82	1.25
across	-0.82	1.03
unplayable	-0.82	1.40
yours	-0.82	1.46
corpses	-0.82	0.96
worried	-0.82	3.75
hawkes	-0.81	1.88
lake	-0.81	0.85
left	-0.81	1.40
hawke	-0.81	1.93
belief	-0.81	1.18
statue	-0.81	1.02
chantry	-0.81	0.87
lied	-0.81	1.04
versions	-0.80	1.64
commander	-0.80	1.06
bummed	-0.80	3.76
betrayed	-0.80	1.07
responsibility	-0.80	0.94
requires	-0.80	1.06
wise	-0.80	1.13
vulnerable	-0.79	1.52
kirkwall	-0.79	1.64
murder	-0.79	1.03
downvote	-0.79	1.81
undead	-0.79	1.13
slave	-0.79	1.15
wants	-0.79	2.63
herself	-0.79	0.94
associated	-0.79	1.06
neck	-0.79	1.29
alive	-0.79	1.43
drag	-0.79	1.10
xbox	-0.79	1.83
fewer	-0.79	1.14
implemented	-0.79	1.32
bound	-0.79	0.88
scars	-0.78	1.26
parties	-0.78	0.92
cursor	-0.78	1.23
puzzle	-0.78	1.01
devoted	-0.78	1.14
questioning	-0.78	1.17
mentality	-0.78	1.03
forcing	-0.78	1.04
becoming	-0.77	0.86
upper	-0.77	1.17
seek	-0.77	0.94
headcanon	-0.77	1.11
supports	-0.77	0.95
grinding	-0.77	1.19
better	-0.77	2.26
oghren	-0.77	2.07
against	-0.77	0.86
justice	-0.77	1.31
rocks	-0.76	1.17
nor	-0.76	1.29
badly	-0.76	1.30
wynne	-0.76	1.95
inventory	-0.76	1.30
strikes	-0.76	1.34
located	-0.76	0.86
attacked	-0.75	1.77
nathaniel	-0.75	1.91
drunk	-0.75	1.50
ridiculous	-0.75	2.64
clicking	-0.75	1.33
goty	-0.75	1.06
bigger	-0.75	1.20
click	-0.75	1.30
orlesian	-0.75	1.19
giving	-0.75	1.24
approval	-0.75	0.84
result	-0.75	1.11
scroll	-0.75	1.23
shale	-0.75	2.01
legacy	-0.75	2.76
became	-0.74	1.18
iii	-0.74	2.09
threats	-0.74	1.06
trust	-0.73	1.59
broke	-0.73	1.11
hyped	-0.73	3.74
switched	-0.73	1.44
collection	-0.73	0.87
spawning	-0.73	1.09
weakened	-0.73	1.50
rebellion	-0.73	0.80
shock	-0.73	1.65
leg	-0.73	1.08
junk	-0.73	1.23
benefits	-0.73	1.06
recruit	-0.72	1.00
pantheon	-0.72	0.99
pause	-0.72	1.16
hiding	-0.72	1.15
fereldan	-0.72	1.01
tells	-0.72	1.35
stops	-0.72	0.89
telling	-0.72	1.50
revenge	-0.72	0.94
hof	-0.72	0.91
area	-0.72	0.89
gathering	-0.72	1.13
combined	-0.72	1.10
excited	-0.72	3.80
wreck	-0.72	1.40
curious	-0.72	3.67
useless	-0.72	1.40
actions	-0.72	1.00
assumption	-0.71	1.19
suffer	-0.71	1.60
practice	-0.71	0.86
dick	-0.71	1.37
proceed	-0.71	1.34
curse	-0.71	1.06
werewolves	-0.71	1.12
court	-0.71	0.82
loss	-0.71	1.21
merely	-0.71	1.34
develop	-0.71	1.21
carta	-0.71	1.10
duty	-0.71	1.10
dies	-0.71	0.96
pleased	-0.71	3.70
questing	-0.70	1.12
brief	-0.70	1.46
convenient	-0.70	1.98
rush	-0.70	1.13
holds	-0.70	1.04
lived	-0.70	0.84
envy	-0.70	0.84
react	-0.70	1.19
irritating	-0.70	2.33
talking	-0.70	1.98
responsible	-0.70	0.96
statues	-0.70	0.99
survival	-0.70	1.01
rid	-0.69	1.21
tweaks	-0.69	1.25
ambiguous	-0.69	1.31
praise	-0.69	1.30
collecting	-0.69	1.16
shoulder	-0.69	1.09
constantly	-0.69	1.26
dog	-0.69	1.78
follow	-0.68	0.96
influence	-0.68	0.81
mystery	-0.68	0.96
differences	-0.68	1.26
questline	-0.68	0.96
followed	-0.68	1.09
consequence	-0.68	1.07
settle	-0.68	1.19
ruthless	-0.68	1.22
hold	-0.68	1.12
by	-0.68	1.43
insulting	-0.68	1.39
slower	-0.67	1.12
commands	-0.67	1.15
severely	-0.67	1.26
suffering	-0.67	1.12
wipe	-0.67	1.07
divine	-0.67	1.07
due	-0.67	1.13
returned	-0.67	1.72
feared	-0.66	0.79
implies	-0.66	1.26
realizing	-0.66	1.22
imprisoned	-0.66	1.09
grows	-0.66	0.99
thrown	-0.66	1.28
reasons	-0.66	1.10
awakenings	-0.65	2.75
pcs	-0.65	1.37
boot	-0.65	1.02
lacks	-0.65	1.31
cadash	-0.65	1.09
task	-0.65	0.89
faster	-0.65	1.12
fans	-0.65	1.11
stood	-0.65	1.23
partly	-0.65	2.30
less	-0.65	1.15
finding	-0.65	1.42
exiled	-0.65	1.90
howe	-0.65	1.20
preference	-0.64	1.13
held	-0.64	1.14
forgetting	-0.64	1.82
indicate	-0.64	1.12
xbone	-0.64	1.65
irving	-0.64	0.95
awakening	-0.64	2.72
mages	-0.64	0.88
racial	-0.64	1.06
computer	-0.63	1.41
earned	-0.63	1.14
support	-0.63	1.08
unrelated	-0.63	1.36
height	-0.63	1.04
imagining	-0.63	1.26
tearing	-0.63	1.10
ancient	-0.63	0.94
private	-0.63	1.41
slaves	-0.63	0.91
coin	-0.63	1.07
legend	-0.63	0.91
habit	-0.62	1.17
possessed	-0.62	0.94
demonic	-0.62	1.06
mentioning	-0.62	1.68
restore	-0.62	0.66
pausing	-0.62	1.09
wary	-0.62	2.59
plain	-0.62	1.29
split	-0.62	1.02
daii	-0.62	3.29
golem	-0.62	1.03
slide	-0.61	1.02
version	-0.61	1.50
pace	-0.61	1.11
risk	-0.61	1.30
kill	-0.61	1.09
hence	-0.61	0.92
remain	-0.61	1.18
casteless	-0.61	1.10
weight	-0.61	1.16
abomination	-0.61	1.00
taught	-0.61	1.15
ended	-0.60	1.35
severe	-0.60	1.39
market	-0.60	0.78
alastair	-0.60	0.94
deliberately	-0.60	1.17
immune	-0.60	1.22
roads	-0.60	1.55
andraste	-0.60	1.03
display	-0.60	1.31
flasks	-0.60	0.99
hinterlands	-0.60	0.91
clipping	-0.60	1.46
affect	-0.60	1.03
harrowing	-0.60	0.92
panic	-0.60	1.10
spin	-0.59	0.96
referred	-0.59	0.97
templars	-0.59	0.90
magi	-0.59	0.89
animations	-0.59	1.15
spirits	-0.59	0.82
pots	-0.59	0.91
pro-mage	-0.59	1.08
rock	-0.59	1.08
sister	-0.59	1.43
serious	-0.59	1.89
overly	-0.59	1.33
regards	-0.59	0.93
format	-0.59	0.96
favor	-0.59	0.96
captain	-0.59	1.73
madness	-0.59	1.34
without	-0.58	1.35
classic	-0.58	1.14
evidence	-0.58	1.49
speculation	-0.58	1.71
stop	-0.58	1.37
deserves	-0.58	1.29
hardware	-0.58	1.28
caves	-0.58	0.91
trained	-0.58	0.86
developer	-0.58	1.15
inevitable	-0.58	0.90
neither	-0.58	1.00
destruction	-0.58	0.90
accident	-0.58	1.06
fought	-0.58	0.89
flesh	-0.58	1.06
legends	-0.58	0.98
define	-0.58	1.08
connor	-0.58	1.04
murdering	-0.58	0.96
consider	-0.58	1.50
cannon	-0.57	0.99
frozen	-0.57	1.41
elven	-0.57	1.00
maps	-0.57	0.97
doom	-0.57	1.07
locations	-0.57	0.94
making	-0.57	1.65
annulment	-0.57	0.92
dungeon	-0.57	1.02
ashes	-0.57	1.06
fond	-0.57	1.70
patience	-0.57	1.33
sucks	-0.57	2.65
camps	-0.56	0.99
brought	-0.56	1.65
stole	-0.56	1.15
micro	-0.56	1.00
fucks	-0.56	2.53
keeps	-0.56	1.34
themselves	-0.56	1.13
companies	-0.56	0.96
brother	-0.56	1.53
players	-0.56	1.01
surrounded	-0.55	1.38
romanced	-0.55	1.71
decides	-0.55	1.15
reviews	-0.55	1.16
importance	-0.55	1.07
mistress	-0.55	0.96
lelianna	-0.55	1.41
connected	-0.55	1.30
orzammar	-0.55	1.15
grow	-0.55	1.23
spawns	-0.55	0.90
quicker	-0.55	1.07
gained	-0.55	0.96
vary	-0.55	1.21
dread	-0.55	0.94
regard	-0.55	1.02
limiting	-0.55	1.49
toggle	-0.55	1.16
circle	-0.55	0.88
forest	-0.55	1.06
freedom	-0.55	0.74
waves	-0.55	1.02
increase	-0.54	0.96
moving	-0.54	1.13
mainly	-0.54	1.31
requisitions	-0.54	1.17
animal	-0.54	1.06
express	-0.54	1.29
anchor	-0.54	1.14
bottom	-0.54	1.33
bag	-0.54	1.13
puts	-0.54	0.93
pushing	-0.54	1.00
fuck	-0.54	2.65
fyi	-0.54	3.46
partner	-0.54	0.76
tactics	-0.54	1.08
downvotes	-0.54	1.74
prove	-0.54	1.43
completing	-0.54	1.19
quest	-0.54	0.92
possession	-0.54	0.86
backed	-0.54	1.14
mindset	-0.54	0.97
lose	-0.54	0.87
square	-0.53	1.15
counter	-0.53	1.00
stroud	-0.53	1.26
relation	-0.53	0.96
targeting	-0.53	1.04
alistar	-0.53	1.37
sides	-0.53	0.95
mesh	-0.53	1.03
hurt	-0.53	1.68
trend	-0.53	0.85
blood	-0.53	0.87
amaranthine	-0.53	1.51
killed	-0.53	1.02
micromanage	-0.52	1.00
similarities	-0.52	1.09
hunt	-0.52	2.52
babies	-0.52	1.15
tortured	-0.52	1.04
requisition	-0.52	1.21
surviving	-0.52	1.20
dust	-0.52	0.82
jealous	-0.52	3.60
granted	-0.52	1.01
healers	-0.52	1.03
losing	-0.52	1.06
acts	-0.52	0.94
internal	-0.51	0.87
spared	-0.51	1.32
shades	-0.51	0.94
attempting	-0.51	0.92
centuries	-0.51	0.99
freed	-0.51	0.93
duration	-0.51	1.32
con	-0.51	1.00
earn	-0.51	1.06
strategic	-0.51	1.09
weakness	-0.51	1.44
flip	-0.51	0.91
cake	-0.51	0.94
essential	-0.51	1.21
apologize	-0.51	3.23
tweak	-0.51	1.10
saved	-0.51	1.11
vision	-0.51	0.82
hotfix	-0.51	1.22
depend	-0.50	1.31
top	-0.50	1.30
facing	-0.50	1.12
assets	-0.50	1.12
orders	-0.50	0.99
aside	-0.50	1.07
warm	-0.50	1.48
internet	-0.50	1.38
changes	-0.50	1.00
difference	-0.50	1.25
imagination	-0.50	1.12
caught	-0.50	1.45
areas	-0.50	0.83
avernus	-0.50	1.13
preset	-0.49	1.05
interpretation	-0.49	1.66
resistant	-0.49	1.16
struggle	-0.49	1.03
mediocre	-0.49	1.33
leliana	-0.49	1.57
hover	-0.49	1.13
explode	-0.49	0.94
humans	-0.49	1.05
zones	-0.49	0.83
battles	-0.49	0.92
jowan	-0.49	0.94
tend	-0.49	1.03
marketing	-0.49	0.99
glitch	-0.48	1.43
audience	-0.48	0.93
activated	-0.48	0.87
worry	-0.48	1.61
he	-0.48	1.29
debate	-0.48	1.09
solve	-0.48	1.19
reality	-0.48	1.09
sticks	-0.48	1.06
intentions	-0.48	0.94
selling	-0.48	0.95
urn	-0.48	0.99
ruining	-0.48	1.16
length	-0.48	1.10
called	-0.48	0.98
train	-0.48	1.16
influenced	-0.47	0.96
dead	-0.47	1.04
cold	-0.47	1.28
applies	-0.47	1.00
icon	-0.47	1.26
thoughts	-0.47	1.15
naive	-0.47	1.21
summoning	-0.47	0.87
noticing	-0.47	1.64
getting	-0.47	1.88
pragmatic	-0.47	1.16
sacred	-0.47	0.93
clearly	-0.47	1.48
center	-0.46	1.09
joins	-0.46	0.85
society	-0.46	0.75
scope	-0.46	1.19
improve	-0.46	1.15
dwarves	-0.46	1.05
joined	-0.46	0.84
busy	-0.46	1.95
pulled	-0.46	1.27
pure	-0.46	0.84
disappears	-0.46	0.89
suggests	-0.46	1.18
extended	-0.46	1.25
generation	-0.46	1.13
sea	-0.46	0.84
explored	-0.45	0.97
gaspard	-0.45	0.94
proof	-0.45	1.54
leaders	-0.45	0.95
preferences	-0.45	1.02
collect	-0.45	0.96
filled	-0.45	1.15
user	-0.45	1.09
guards	-0.45	0.97
oddly	-0.45	1.11
produce	-0.45	0.96
justinia	-0.45	0.85
stayed	-0.45	1.30
cheap	-0.45	1.11
afford	-0.45	1.22
conclave	-0.45	0.80
amongst	-0.45	0.69
seekers	-0.45	0.82
whether	-0.45	1.46
dlcs	-0.45	2.46
secret	-0.45	0.86
survived	-0.45	1.20
standard	-0.45	0.97
collected	-0.44	0.79
dwarfs	-0.44	1.09
arl	-0.44	0.95
impact	-0.44	1.05
curiosity	-0.44	1.15
dying	-0.44	1.28
stopped	-0.44	1.35
east	-0.44	0.90
bug	-0.44	1.38
tall	-0.44	1.08
weaker	-0.44	1.08
meshes	-0.44	1.09
odds	-0.44	0.70
ogre	-0.44	1.17
win	-0.44	0.94
fluid	-0.43	1.39
loyalty	-0.43	1.28
85	-0.43	1.02
speed	-0.43	0.98
ruins	-0.43	0.79
positioning	-0.43	1.00
pressing	-0.43	1.15
eluvian	-0.43	1.23
ladder	-0.43	0.91
cameo	-0.43	1.46
hype	-0.43	1.35
hint	-0.43	1.06
composition	-0.43	1.06
possess	-0.43	0.87
impressions	-0.43	1.24
village	-0.43	0.83
proud	-0.43	3.42
stab	-0.43	1.26
exploring	-0.43	1.17
survives	-0.43	0.89
seemingly	-0.43	1.15
tevinter	-0.43	0.90
everyone	-0.43	1.38
intention	-0.43	0.98
methods	-0.43	0.96
attacking	-0.43	1.03
beings	-0.43	1.02
varric	-0.43	1.73
missing	-0.42	3.32
standing	-0.42	1.29
breath	-0.42	0.98
king	-0.42	1.07
mentioned	-0.42	1.22
pain	-0.42	1.55
numbers	-0.42	0.92
involve	-0.42	1.22
lists	-0.42	1.18
lover	-0.42	0.87
framerate	-0.42	1.36
gaming	-0.42	1.11
followers	-0.42	0.85
corpse	-0.42	0.86
approves	-0.42	0.95
current	-0.42	1.12
passing	-0.42	1.25
blows	-0.41	1.10
connections	-0.41	1.06
rebuild	-0.41	0.85
carrying	-0.41	1.00
key	-0.41	1.06
controlling	-0.41	0.97
ears	-0.41	1.19
leading	-0.41	1.05
easier	-0.41	1.19
failing	-0.41	1.04
police	-0.41	0.86
vivi	-0.41	0.97
average	-0.41	0.97
own	-0.41	1.03
manage	-0.41	0.95
worthless	-0.41	1.04
comparable	-0.40	1.01
friend	-0.40	1.29
abandoned	-0.40	1.05
deep	-0.40	1.20
tv	-0.40	1.46
choices	-0.40	1.03
stabbed	-0.40	1.25
understanding	-0.40	0.99
girl	-0.40	1.23
dwarven	-0.40	0.96
scary	-0.40	1.44
else	-0.40	1.39
position	-0.40	0.93
mode	-0.40	1.06
isolde	-0.40	0.94
drive	-0.39	1.13
technical	-0.39	1.16
humanity	-0.39	0.78
minus	-0.39	1.09
temple	-0.39	0.79
figures	-0.39	0.79
her	-0.39	0.97
possessing	-0.39	0.84
clan	-0.39	1.16
mercy	-0.39	0.91
surface	-0.39	0.90
fat	-0.39	1.11
starkhaven	-0.39	1.28
impression	-0.39	1.62
authority	-0.39	0.83
dedicated	-0.39	0.80
appears	-0.39	0.83
suggesting	-0.39	1.79
downvoting	-0.39	1.93
values	-0.39	0.70
reform	-0.39	0.80
wishes	-0.39	0.97
warden-commander	-0.38	1.42
royal	-0.38	0.89
while	-0.38	1.51
witch	-0.38	2.31
press	-0.38	1.14
die	-0.38	1.26
kinds	-0.38	1.04
fictional	-0.38	1.32
mentions	-0.38	0.93
circles	-0.38	0.79
non	-0.38	0.79
wins	-0.38	0.84
enjoyed	-0.38	2.90
qun	-0.38	1.00
complete	-0.38	1.18
moves	-0.38	0.96
countless	-0.38	0.89
tab	-0.38	1.06
conditions	-0.38	0.82
deciding	-0.38	1.11
primarily	-0.38	0.96
lost	-0.38	0.91
defending	-0.38	1.04
destroying	-0.38	0.96
rhys	-0.38	0.98
development	-0.38	1.05
alistair	-0.37	1.13
sacrificed	-0.37	0.99
follower	-0.37	0.92
ally	-0.37	0.88
disappear	-0.37	1.03
water	-0.37	0.70
hand	-0.37	1.16
architect	-0.37	1.37
duncan	-0.37	1.08
min	-0.37	1.05
eat	-0.37	1.04
former	-0.37	0.79
route	-0.37	1.17
auto	-0.37	1.04
inner	-0.37	0.94
stick	-0.37	1.20
pieces	-0.37	0.97
warden	-0.37	1.15
breaks	-0.36	1.18
exists	-0.36	1.38
faced	-0.36	0.87
gather	-0.36	0.89
offers	-0.36	0.96
command	-0.36	1.02
torn	-0.36	1.95
stuck	-0.36	1.63
prefer	-0.36	2.47
tries	-0.36	1.15
morrigan	-0.36	1.16
micromanaging	-0.36	1.01
kieran	-0.36	0.86
summon	-0.36	0.93
drink	-0.36	1.07
viscount	-0.36	1.34
ruling	-0.36	0.99
openly	-0.36	0.95
tactic	-0.36	0.96
review	-0.36	1.11
managing	-0.36	0.99
continuing	-0.36	1.23
racism	-0.36	1.14
regions	-0.36	0.81
protecting	-0.36	0.89
emporium	-0.36	2.02
affects	-0.36	1.21
nugs	-0.36	0.87
switching	-0.36	1.26
memories	-0.35	0.80
respond	-0.35	1.06
remains	-0.35	0.93
joining	-0.35	0.96
surrounding	-0.35	0.91
vollen	-0.35	1.02
term	-0.35	1.00
sleep	-0.35	1.48
supposedly	-0.35	0.92
usage	-0.35	0.97
offensive	-0.35	1.44
reported	-0.35	1.34
regularly	-0.35	1.03
management	-0.35	1.05
alien	-0.35	1.56
discuss	-0.34	1.19
mod	-0.34	1.06
irl	-0.34	0.97
claimed	-0.34	1.02
element	-0.34	1.11
achieve	-0.34	0.78
idiot	-0.34	1.61
operations	-0.34	0.91
slaughter	-0.34	0.88
population	-0.34	0.84
avoid	-0.34	1.10
burning	-0.34	1.30
function	-0.34	1.02
flat	-0.34	1.25
heading	-0.34	1.19
eamon	-0.34	0.98
betrayal	-0.34	0.86
stress	-0.34	1.34
shaped	-0.34	0.94
representation	-0.34	0.97
training	-0.34	0.85
rig	-0.34	1.15
mostly	-0.34	1.62
expectations	-0.34	1.01
vs	-0.33	0.92
sells	-0.33	0.80
marker	-0.33	0.98
gap	-0.33	1.05
sealed	-0.33	0.90
wandering	-0.33	0.92
speech	-0.33	1.09
execute	-0.33	1.00
his	-0.33	0.89
empty	-0.33	1.16
business	-0.33	1.09
bringing	-0.33	1.17
constant	-0.33	1.03
genuinely	-0.33	1.30
hug	-0.33	1.19
fancy	-0.33	1.29
emotion	-0.32	0.90
completed	-0.32	1.16
corrupted	-0.32	0.91
origins	-0.32	3.25
crying	-0.32	1.18
campaign	-0.32	1.86
switch	-0.32	1.01
inquistion	-0.32	1.07
married	-0.32	1.01
dump	-0.32	0.91
betray	-0.32	1.23
queen	-0.32	1.01
struggling	-0.32	2.02
ferelden	-0.32	0.97
alongside	-0.32	0.93
symbol	-0.32	1.13
lothering	-0.32	1.04
interact	-0.32	0.99
mortal	-0.32	0.88
appear	-0.32	1.21
standards	-0.32	0.92
roof	-0.32	0.96
issues	-0.32	1.12
reduce	-0.32	0.85
ideally	-0.32	1.02
piece	-0.31	1.09
progressive	-0.31	1.08
lighting	-0.31	1.08
map	-0.31	0.86
direction	-0.31	0.97
naturally	-0.31	1.05
dao	-0.31	3.00
returning	-0.31	1.28
assign	-0.31	0.90
frankly	-0.31	1.57
built	-0.31	1.00
riding	-0.31	1.10
family	-0.31	0.99
history	-0.31	0.84
threatening	-0.31	1.10
true	-0.31	3.36
sin	-0.31	1.10
skull	-0.31	1.17
par	-0.31	1.03
defeated	-0.31	0.88
killing	-0.31	0.89
side	-0.31	1.36
alexius	-0.31	0.84
score	-0.31	1.01
messing	-0.31	1.01
jaw	-0.31	1.04
cave	-0.31	0.80
apparent	-0.31	1.60
furthermore	-0.30	1.00
murdered	-0.30	0.87
tomb	-0.30	0.80
spreading	-0.30	0.87
laptop	-0.30	1.14
scores	-0.30	0.99
city	-0.30	0.92
hardened	-0.30	1.05
describe	-0.30	1.02
loghain	-0.30	0.99
unity	-0.30	1.19
reasonable	-0.30	1.42
justified	-0.30	1.28
suicide	-0.30	2.29
reset	-0.30	0.96
grey	-0.30	1.00
bugs	-0.30	1.15
lives	-0.30	0.86
crossroads	-0.30	0.82
landsmeet	-0.30	0.94
optional	-0.30	0.99
features	-0.30	1.05
pass	-0.30	0.98
abuse	-0.30	1.00
merchant	-0.30	0.79
aggressive	-0.30	1.53
host	-0.30	0.88
herbs	-0.30	0.95
elf	-0.30	1.01
reviewers	-0.30	0.97
traits	-0.30	1.05
transition	-0.30	1.02
camp	-0.29	0.82
uses	-0.29	0.84
cycle	-0.29	1.09
cure	-0.29	0.99
select	-0.29	1.07
broken	-0.29	1.09
missions	-0.29	0.92
sight	-0.29	0.89
whereas	-0.29	1.23
celene	-0.29	0.89
food	-0.29	0.91
viewed	-0.29	0.86
imperium	-0.29	0.86
visited	-0.29	0.86
fashion	-0.29	1.10
church	-0.29	0.83
microsoft	-0.29	1.01
effects	-0.29	1.20
march	-0.29	0.94
vendor	-0.29	0.79
both	-0.29	2.10
choosing	-0.29	1.07
asked	-0.29	1.35
faction	-0.29	0.85
elfroot	-0.29	0.89
under	-0.28	0.93
eluvians	-0.28	0.86
goals	-0.28	0.89
output	-0.28	0.81
limited	-0.28	0.97
controlled	-0.28	0.92
spirit	-0.28	0.85
talked	-0.28	0.98
thaig	-0.28	1.09
explore	-0.28	0.86
picking	-0.28	1.45
raised	-0.28	0.89
implied	-0.28	1.13
redcliffe	-0.28	0.86
slept	-0.28	1.40
hawk	-0.28	1.23
front	-0.28	1.17
having	-0.28	1.80
near	-0.28	1.00
son	-0.28	0.92
nowadays	-0.28	0.84
completionist	-0.27	1.27
died	-0.27	0.97
therefore	-0.27	1.19
factions	-0.27	0.85
biggest	-0.27	0.99
sacrifice	-0.27	0.93
appearing	-0.27	0.95
cousland	-0.27	0.95
siege	-0.27	0.89
briala	-0.27	0.91
reporting	-0.27	1.26
massively	-0.27	1.11
stairs	-0.27	0.95
families	-0.27	0.91
action	-0.27	1.25
inevitably	-0.27	1.04
cult	-0.27	0.87
motion	-0.27	1.20
practical	-0.27	1.04
underground	-0.27	0.90
peace	-0.27	0.76
knocked	-0.27	0.96
safety	-0.27	0.71
dumat	-0.27	0.96
executed	-0.27	1.01
fail	-0.27	1.29
peoples	-0.27	0.96
drama	-0.27	1.50
wardens	-0.27	0.99
commoner	-0.27	0.94
becomes	-0.27	0.85
mysterious	-0.26	1.30
expanded	-0.26	1.05
tower	-0.26	0.95
cameos	-0.26	1.40
anytime	-0.26	1.14
survive	-0.26	0.92
aaa	-0.26	0.86
taking	-0.26	1.62
loop	-0.26	1.16
motivations	-0.26	0.92
met	-0.26	1.25
pet	-0.26	1.03
learning	-0.26	1.45
legitimately	-0.26	1.55
steps	-0.26	1.00
sequel	-0.26	2.16
wrath	-0.26	0.85
bars	-0.26	1.28
troops	-0.26	0.87
cared	-0.26	1.91
exploration	-0.26	0.92
95	-0.26	1.11
golems	-0.26	1.85
civil	-0.26	0.87
blowing	-0.26	0.96
previous	-0.26	1.75
profile	-0.26	1.23
frame	-0.26	1.41
overwhelming	-0.26	1.48
elite	-0.26	0.85
himself	-0.26	0.87
combination	-0.25	1.03
father	-0.25	0.88
halfway	-0.25	2.03
seeker	-0.25	0.85
ii	-0.25	3.24
led	-0.25	1.09
orlais	-0.25	0.84
tricked	-0.25	0.91
basis	-0.25	0.88
drank	-0.25	0.91
whose	-0.25	0.99
creators	-0.25	0.92
defeat	-0.25	0.86
sacrificing	-0.25	0.89
ultimate	-0.25	2.01
driven	-0.25	1.20
beside	-0.25	0.96
cheaper	-0.25	1.05
rating	-0.25	0.85
sit	-0.25	1.02
silence	-0.25	1.09
resource	-0.25	1.03
atmosphere	-0.25	1.05
enjoyment	-0.24	1.41
shes	-0.24	1.33
edge	-0.24	0.92
replay	-0.24	2.30
powers	-0.24	0.84
minds	-0.24	0.72
meeting	-0.24	0.88
power	-0.24	0.84
screen	-0.24	1.07
ritual	-0.24	0.94
cutscene	-0.24	1.33
alliance	-0.24	0.97
marry	-0.24	0.96
beard	-0.24	1.35
feed	-0.24	0.95
children	-0.24	0.97
onto	-0.24	1.07
middle	-0.24	1.32
floating	-0.24	1.13
offering	-0.24	1.00
vivienne	-0.24	0.93
anora	-0.24	0.97
compared	-0.24	1.19
laughing	-0.24	1.17
venatori	-0.24	0.80
kills	-0.24	0.75
river	-0.23	0.88
based	-0.23	1.00
young	-0.23	0.98
dealing	-0.23	1.13
interpreted	-0.23	1.77
cultural	-0.23	1.10
ostagar	-0.23	1.80
saving	-0.23	0.90
wartable	-0.23	0.91
courtyard	-0.23	0.95
timer	-0.23	1.11
mission	-0.23	0.92
rumors	-0.23	1.16
subject	-0.23	1.19
forgotten	-0.23	0.92
existing	-0.23	0.92
recruiting	-0.23	1.12
dreams	-0.23	0.88
execution	-0.23	1.11
costs	-0.23	0.94
reverse	-0.23	0.92
soldier	-0.23	0.87
dai	-0.23	1.90
individuals	-0.23	0.99
terms	-0.22	1.09
including	-0.22	0.83
taste	-0.22	1.04
mods	-0.22	1.08
paragon	-0.22	1.31
someone	-0.22	1.18
house	-0.22	0.89
corruption	-0.22	0.87
keeper	-0.22	1.16
da1	-0.22	2.02
entrance	-0.22	0.94
aspects	-0.22	0.91
thrones	-0.22	0.90
ball	-0.22	0.86
mythal	-0.22	0.89
promise	-0.22	1.22
grew	-0.22	1.06
structure	-0.22	0.88
chaotic	-0.22	1.06
companion	-0.22	0.98
lag	-0.22	1.11
flemeth	-0.22	0.87
defend	-0.22	0.85
ie	-0.22	1.03
thousands	-0.22	0.89
match	-0.22	1.07
mixed	-0.22	1.17
dlc	-0.22	2.25
gets	-0.21	1.06
closely	-0.21	1.45
horror	-0.21	0.78
appropriate	-0.21	1.13
disc	-0.21	1.19
magical	-0.21	0.98
waste	-0.21	1.01
permanently	-0.21	0.89
sexuality	-0.21	0.97
purposes	-0.21	0.91
bother	-0.21	1.49
table	-0.21	0.92
archdemons	-0.21	0.90
narrow	-0.21	1.51
infinite	-0.21	0.89
citadel	-0.21	2.54
villain	-0.21	1.03
causing	-0.21	1.09
gain	-0.21	0.87
steel	-0.21	1.19
stopping	-0.21	0.98
buying	-0.21	1.00
species	-0.21	0.87
represented	-0.21	0.99
leveling	-0.21	0.90
restricted	-0.21	0.78
rewards	-0.21	0.97
mountain	-0.21	0.93
military	-0.20	0.84
flawed	-0.20	1.36
closure	-0.20	1.19
exclusive	-0.20	0.97
solely	-0.20	0.91
end	-0.20	1.50
imho	-0.20	1.13
stuttering	-0.20	1.12
prisoner	-0.20	1.94
succeed	-0.20	0.81
rooms	-0.20	0.84
conflict	-0.20	0.87
absorbed	-0.20	0.90
access	-0.20	0.97
told	-0.20	1.09
began	-0.20	1.03
operation	-0.20	0.91
garden	-0.20	0.92
hunting	-0.20	0.94
wind	-0.20	0.76
social	-0.20	0.84
expansion	-0.20	2.21
gates	-0.20	1.06
his/her	-0.20	1.00
ruler	-0.20	0.92
linear	-0.20	1.20
chunk	-0.20	0.87
bizarre	-0.20	2.20
paths	-0.20	0.95
highlight	-0.20	1.04
denerim	-0.20	0.97
organization	-0.20	0.84
icons	-0.19	1.02
castle	-0.19	0.85
town	-0.19	0.84
door	-0.19	0.89
hanging	-0.19	1.42
orb	-0.19	0.85
except	-0.19	0.75
joy	-0.19	1.73
slaying	-0.19	0.96
discover	-0.19	1.03
adult	-0.19	0.88
fence	-0.19	2.33
dales	-0.19	0.82
necromancy	-0.19	0.82
cailan	-0.19	0.93
skipping	-0.19	1.13
dance	-0.19	0.90
system	-0.19	1.33
failed	-0.19	0.86
battle	-0.19	0.90
stays	-0.19	0.68
prison	-0.19	0.89
ps	-0.19	1.19
stealing	-0.19	0.97
copies	-0.19	0.97
product	-0.19	1.05
discussions	-0.19	1.23
understand	-0.18	1.89
force	-0.18	0.88
contains	-0.18	0.78
join	-0.18	0.96
forward	-0.18	1.54
environments	-0.18	1.19
fen'harel	-0.18	0.94
willingly	-0.18	0.96
sarcastic	-0.18	1.76
results	-0.18	1.14
developed	-0.18	1.13
ripped	-0.18	1.50
ties	-0.18	0.83
older	-0.18	1.12
advisor	-0.18	0.85
brown	-0.18	1.00
causes	-0.18	1.04
war	-0.18	0.89
quarters	-0.18	0.92
physically	-0.18	1.03
sell	-0.18	0.92
bought	-0.18	1.21
devour	-0.18	0.88
arch	-0.18	0.88
valuables	-0.18	0.95
trapped	-0.18	0.89
hairstyles	-0.18	1.18
capacity	-0.18	0.95
fade	-0.18	0.87
absolute	-0.18	2.48
seeing	-0.18	2.01
ironically	-0.18	0.91
unexpected	-0.18	1.69
accepting	-0.18	1.09
become	-0.18	0.97
magister	-0.18	0.92
remaining	-0.18	0.88
completion	-0.18	0.97
west	-0.18	0.93
empress	-0.18	0.84
hack	-0.17	1.09
prices	-0.17	0.97
deaths	-0.17	0.92
name	-0.17	1.03
acquire	-0.17	0.80
dispel	-0.17	0.87
stretch	-0.17	1.39
shift	-0.17	1.11
armies	-0.17	0.88
hints	-0.17	1.37
magisters	-0.17	0.89
down	-0.17	1.20
escape	-0.17	0.97
cone	-0.17	0.99
ass	-0.17	1.57
whichever	-0.17	1.03
value	-0.17	0.85
lyrium	-0.17	0.90
concerned	-0.17	3.06
blacksmith	-0.17	0.85
judging	-0.17	0.96
chair	-0.17	1.02
grand	-0.17	0.84
thin	-0.17	0.96
finishing	-0.17	1.23
marches	-0.16	0.87
encounter	-0.16	0.84
violent	-0.16	1.34
network	-0.16	0.93
invasion	-0.16	0.93
thoroughly	-0.16	1.41
main	-0.16	1.11
threw	-0.16	1.24
upon	-0.16	0.89
arbor	-0.16	0.87
dependent	-0.16	0.97
agent	-0.16	0.89
safely	-0.16	1.15
factor	-0.16	0.93
problems	-0.16	1.14
finger	-0.16	1.25
rain	-0.16	1.06
box	-0.16	0.89
wound	-0.16	0.91
nose	-0.16	1.07
invisible	-0.16	1.26
fighting	-0.16	0.90
scaling	-0.16	0.95
wicked	-0.16	0.88
reasoning	-0.16	1.27
begins	-0.16	1.18
demand	-0.15	0.94
attracted	-0.15	1.24
<URL>	-0.15	0.87
<SPECIAL>	-0.15	0.87
defined	-0.15	0.99
off	-0.15	1.44
bar	-0.15	0.97
handle	-0.15	1.13
mage/templar	-0.15	0.89
order	-0.15	0.79
notice	-0.15	1.48
sort	-0.15	1.62
increases	-0.15	0.83
balance	-0.15	0.97
templar	-0.15	0.89
amgarrak	-0.15	1.99
heal	-0.15	0.84
jump	-0.15	0.94
developers	-0.15	0.94
sure	-0.15	3.11
shop	-0.15	0.85
winter	-0.15	0.85
body	-0.15	0.90
taint	-0.15	0.91
gods	-0.15	0.94
inside	-0.15	0.86
sending	-0.14	0.88
headed	-0.14	0.92
wing	-0.14	0.85
agents	-0.14	0.90
daughter	-0.14	0.79
shoulders	-0.14	1.12
replaced	-0.14	1.17
understandable	-0.14	1.64
corypheus	-0.14	0.88
exist	-0.14	1.68
undercroft	-0.14	0.88
company	-0.14	0.77
teleport	-0.14	0.91
purpose	-0.14	1.16
location	-0.14	0.82
asleep	-0.14	1.08
increasing	-0.14	0.85
branch	-0.14	0.84
fiona	-0.14	0.85
healing	-0.14	0.83
healer	-0.14	0.87
soldiers	-0.14	0.96
palace	-0.14	0.85
increased	-0.14	0.86
shut	-0.14	1.17
strict	-0.14	0.80
hardcore	-0.13	1.06
child	-0.13	0.92
potions	-0.13	0.79
destiny	-0.13	1.25
pointy	-0.13	1.22
hopes	-0.13	1.64
v	-0.13	0.98
kids	-0.13	0.89
darkspawn	-0.13	0.95
swing	-0.13	0.92
regarding	-0.13	0.94
mine	-0.13	0.88
lgbt	-0.13	0.99
spawn	-0.13	0.91
solas	-0.13	0.90
spamming	-0.13	0.90
amell	-0.13	1.03
objects	-0.13	0.97
sales	-0.13	0.93
purge	-0.13	0.93
spell	-0.13	0.90
wall	-0.13	0.87
theories	-0.13	1.25
copy	-0.13	1.08
object	-0.13	0.89
hers	-0.13	0.96
carry	-0.13	0.91
forms	-0.13	0.78
cooldowns	-0.13	0.86
fly	-0.13	1.04
maker	-0.13	1.06
lands	-0.13	0.86
hill	-0.13	0.93
amulets	-0.13	0.85
leads	-0.13	0.96
larger	-0.13	1.00
aesthetic	-0.13	0.96
journal	-0.13	0.92
percentage	-0.13	0.82
arse	-0.13	0.94
land	-0.13	0.82
slay	-0.13	0.90
buy	-0.13	0.88
meaning	-0.12	0.86
addiction	-0.12	1.01
reduction	-0.12	0.88
ac	-0.12	1.20
assigned	-0.12	1.02
swinging	-0.12	0.94
imshael	-0.12	0.89
balls	-0.12	1.03
entering	-0.12	0.90
freezing	-0.12	1.10
abandon	-0.12	0.97
ends	-0.12	1.08
ask	-0.12	1.41
regen	-0.12	0.79
inclined	-0.12	2.15
willpower	-0.12	0.82
parents	-0.12	0.90
19	-0.12	0.90
clip	-0.12	1.13
line	-0.12	1.06
harden	-0.12	1.00
terrain	-0.12	0.90
magically	-0.12	0.90
alas	-0.12	1.10
focused	-0.12	0.98
pirate	-0.12	1.74
college	-0.12	1.07
garrus	-0.12	2.30
nearby	-0.12	0.91
issue	-0.12	1.25
styles	-0.12	1.09
sold	-0.12	0.89
gold	-0.11	0.88
dalish	-0.11	1.23
heals	-0.11	0.82
clock	-0.11	0.90
thedas	-0.11	0.80
realm	-0.11	0.90
guardian	-0.11	0.85
research	-0.11	0.97
reapers	-0.11	2.05
explaining	-0.11	1.20
couldnt	-0.11	1.29
occasional	-0.11	0.99
felt	-0.11	1.40
soul	-0.11	0.91
walls	-0.11	0.91
type	-0.11	0.94
crushing	-0.11	0.90
walk	-0.11	0.97
strength	-0.11	0.82
baby	-0.11	0.94
pulls	-0.11	0.80
showing	-0.11	1.45
focusing	-0.11	1.08
describing	-0.11	1.72
greater	-0.11	0.85
target	-0.11	0.93
liara	-0.11	2.46
continent	-0.11	0.84
health	-0.11	0.84
comparison	-0.11	1.14
cliff	-0.10	0.98
regardless	-0.10	1.01
drain	-0.10	0.89
prince	-0.10	1.57
archdemon	-0.10	0.92
spoiled	-0.10	1.67
progress	-0.10	0.89
unlock	-0.10	0.90
cory	-0.10	0.82
allies	-0.10	0.92
walking	-0.10	0.86
sadly	-0.10	1.41
process	-0.10	1.00
potion	-0.10	0.76
success	-0.10	0.89
sacrifices	-0.10	1.08
crashing	-0.10	1.08
slider	-0.10	1.09
attack	-0.10	0.90
whoever	-0.10	0.86
putting	-0.10	1.11
depends	-0.10	0.97
ogb	-0.10	0.97
co-op	-0.10	1.50
situation	-0.10	1.24
desk	-0.10	1.05
attempted	-0.10	0.94
chose	-0.10	1.04
outside	-0.10	0.93
elements	-0.10	0.91
horde	-0.10	0.90
leadership	-0.10	0.86
talk	-0.10	0.99
ping	-0.10	0.97
wife	-0.10	0.92
explosion	-0.10	0.85
stand	-0.10	1.39
blight	-0.10	0.92
sites	-0.10	1.00
poorly	-0.10	1.17
flag	-0.10	0.97
multiplayer	-0.10	1.48
threat	-0.10	0.92
caused	-0.10	1.07
additionally	-0.09	0.86
live	-0.09	1.00
head	-0.09	1.20
calling	-0.09	1.12
goal	-0.09	0.94
exception	-0.09	0.96
race	-0.09	0.86
emphasis	-0.09	0.93
insanity	-0.09	0.89
meat	-0.09	0.82
clash	-0.09	0.86
closing	-0.09	1.14
emotionally	-0.09	1.38
casting	-0.09	0.87
trip	-0.09	0.96
unlimited	-0.09	0.85
respec	-0.09	0.84
entity	-0.09	0.95
wheel	-0.09	1.11
partially	-0.09	0.89
arm	-0.09	0.87
room	-0.09	0.88
experiencing	-0.09	1.53
news	-0.09	1.94
chooses	-0.09	0.92
bomb	-0.09	0.87
blights	-0.09	0.92
portion	-0.09	0.77
whispers	-0.09	0.90
bite	-0.09	1.17
royeux	-0.09	0.85
earth	-0.09	0.96
hp	-0.09	0.86
kaidan	-0.09	2.35
tell	-0.09	1.57
girlfriend	-0.08	1.07
using	-0.08	1.33
loot	-0.08	0.98
unknown	-0.08	0.93
wolves	-0.08	1.00
stables	-0.08	0.87
pack	-0.08	1.43
ea	-0.08	0.90
e	-0.08	1.08
essence	-0.08	0.89
connection	-0.08	0.96
redcliff	-0.08	0.86
positions	-0.08	0.88
naked	-0.08	1.21
blow	-0.08	0.91
return	-0.08	1.66
allowed	-0.08	1.69
selected	-0.08	1.02
culture	-0.08	0.82
squishy	-0.08	1.80
monster	-0.08	0.88
entirely	-0.08	1.93
ride	-0.08	1.10
learn	-0.08	1.16
whirlwind	-0.08	0.87
apart	-0.08	0.79
send	-0.08	0.87
gaining	-0.08	0.95
typically	-0.08	0.98
mage-templar	-0.08	0.88
dropping	-0.08	0.97
entirety	-0.08	1.77
falls	-0.08	1.11
grasp	-0.08	0.92
pops	-0.08	1.03
aid	-0.08	0.95
eye	-0.08	1.04
tainted	-0.08	0.93
normally	-0.07	1.11
vendors	-0.07	0.82
locked	-0.07	0.89
outcome	-0.07	1.08
includes	-0.07	0.93
roleplay	-0.07	0.93
fireballs	-0.07	0.93
wander	-0.07	1.00
reads	-0.07	0.70
mana	-0.07	0.84
diplomatic	-0.07	1.48
ghost	-0.07	1.21
crashes	-0.07	1.06
black	-0.07	0.95
sheer	-0.07	0.94
16	-0.07	0.87
bees	-0.07	1.01
weisshaupt	-0.07	1.01
gifts	-0.07	0.82
creature	-0.07	0.89
use	-0.07	1.03
refer	-0.07	0.85
besides	-0.07	0.94
frostback	-0.07	0.82
exclusively	-0.07	0.94
tied	-0.07	0.99
activate	-0.07	0.89
eyes	-0.07	1.00
thus	-0.07	1.03
drinking	-0.07	0.94
rule	-0.07	0.91
da	-0.07	2.99
cast	-0.07	0.86
possibilities	-0.07	0.99
born	-0.07	0.88
behind	-0.07	0.98
pretending	-0.07	1.12
intentionally	-0.07	1.19
old	-0.07	0.90
repair	-0.06	0.99
meets	-0.06	0.70
reward	-0.06	1.08
rescue	-0.06	0.79
period	-0.06	0.96
dozen	-0.06	1.31
cinematic	-0.06	1.26
motivation	-0.06	0.96
step	-0.06	0.90
dodge	-0.06	0.88
stated	-0.06	1.30
pool	-0.06	0.82
conflicts	-0.06	0.95
inferno	-0.06	0.82
enchanters	-0.06	0.76
horned	-0.06	0.94
cooler	-0.06	1.10
states	-0.06	0.87
13	-0.06	0.88
giants	-0.06	0.93
inq	-0.06	0.91
primary	-0.06	0.84
sitting	-0.06	1.06
happily	-0.06	0.99
depending	-0.06	0.96
heck	-0.06	0.99
rp	-0.06	0.76
nowhere	-0.06	0.97
merchants	-0.06	0.88
eating	-0.05	0.94
investigate	-0.05	1.04
blizzard	-0.05	0.86
hearts	-0.05	0.91
nexus	-0.05	1.01
theory	-0.05	1.74
amp	-0.05	1.24
joke	-0.05	1.22
am	-0.05	2.13
oriented	-0.05	1.13
haste	-0.05	0.89
bridge	-0.05	0.94
yellow	-0.05	0.97
stamina	-0.05	0.88
window	-0.05	0.96
counting	-0.05	1.18
mighty	-0.05	0.87
val	-0.05	0.84
lightning	-0.05	0.83
involving	-0.05	0.90
sale	-0.05	1.09
places	-0.05	0.84
spy	-0.05	0.88
southern	-0.05	0.81
shortcut	-0.05	1.00
ones	-0.05	0.94
releasing	-0.05	0.99
offered	-0.05	0.85
entered	-0.04	0.95
freeze	-0.04	1.03
fireball	-0.04	0.90
trying	-0.04	1.88
destroy	-0.04	0.87
luckily	-0.04	1.10
faces	-0.04	1.16
spells	-0.04	0.86
preferred	-0.04	0.89
flirt	-0.04	0.95
begin	-0.04	0.80
drm	-0.04	0.93
red	-0.04	0.97
default	-0.04	0.99
trainers	-0.04	0.91
mobs	-0.04	0.82
unlocked	-0.04	0.89
younger	-0.04	1.03
constitution	-0.04	0.81
touching	-0.04	1.46
skin	-0.04	1.02
beyond	-0.04	0.94
dex	-0.04	0.83
starting	-0.04	1.59
teammates	-0.04	0.90
monsters	-0.04	0.83
immolate	-0.04	0.87
backstab	-0.04	0.86
clean	-0.04	0.86
exp	-0.04	0.90
state	-0.04	1.01
greatly	-0.04	1.04
staring	-0.04	1.11
corrupt	-0.04	0.92
notion	-0.04	0.92
debating	-0.04	1.90
boom	-0.04	1.01
adamant	-0.03	0.84
forces	-0.03	0.89
spiders	-0.03	0.92
quit	-0.03	1.26
nevarra	-0.03	0.86
set	-0.03	0.86
via	-0.03	0.93
farm	-0.03	0.80
air	-0.03	0.94
amulet	-0.03	0.84
regeneration	-0.03	0.80
believe	-0.03	1.75
successfully	-0.03	0.91
attribute	-0.03	0.86
protection	-0.03	0.88
punch	-0.03	1.33
doors	-0.03	0.89
f	-0.03	1.01
protect	-0.03	0.80
barrier	-0.03	0.85
slowly	-0.03	0.98
resolve	-0.03	1.00
free	-0.03	1.16
enter	-0.03	0.94
exploit	-0.03	0.97
balcony	-0.03	1.00
cunning	-0.03	0.82
hair	-0.03	1.31
advisors	-0.03	0.86
breaking	-0.03	1.16
spider	-0.03	0.93
assassins	-0.03	1.18
versus	-0.02	0.90
mountains	-0.02	0.92
lies	-0.02	0.94
grown	-0.02	1.20
differently	-0.02	1.00
crisis	-0.02	0.99
paint	-0.02	1.14
physical	-0.02	0.94
decade	-0.02	0.83
encounters	-0.02	0.86
building	-0.02	0.98
psn	-0.02	1.00
north	-0.02	0.83
static	-0.02	0.86
monitor	-0.02	0.99
blocked	-0.02	1.14
presence	-0.02	0.96
abyss	-0.02	0.88
quickly	-0.02	1.15
maximum	-0.02	0.75
shooting	-0.02	0.93
seven	-0.02	0.87
attributes	-0.02	0.85
hop	-0.02	0.99
etc	-0.02	0.90
hats	-0.02	1.58
believed	-0.02	0.91
their	-0.02	0.96
supply	-0.02	0.87
connect	-0.02	0.98
lying	-0.02	0.99
ser	-0.02	0.94
agreed	-0.02	1.20
storage	-0.02	0.98
turns	-0.02	0.96
spam	-0.02	0.86
singleplayer	-0.02	1.39
eyebrows	-0.02	1.12
hinted	-0.01	0.95
strategy	-0.01	0.99
server	-0.01	0.99
lie	-0.01	1.30
cage	-0.01	0.86
perks	-0.01	0.91
sp	-0.01	1.41
fire	-0.01	0.81
described	-0.01	0.81
study	-0.01	0.87
golden	-0.01	0.93
throat	-0.01	0.98
haven	-0.01	0.92
scouts	-0.01	0.97
antagonist	-0.01	0.92
crowd	-0.01	0.84
mom	-0.01	0.98
log	-0.01	0.99
benefit	-0.01	1.24
cloak	-0.01	0.85
appearance	-0.01	1.01
barriers	-0.01	0.84
around	-0.01	1.18
throughs	-0.01	1.56
resources	-0.01	0.90
miranda	-0.01	2.37
overall	-0.01	1.36
taunts	-0.01	0.85
snarky	-0.01	1.56
saves	-0.01	0.98
steam	-0.01	1.23
raw	-0.01	0.90
program	-0.01	0.96
cooldown	-0.01	0.90
wrought	-0.01	0.89
detonator	-0.01	0.98
easily	-0.01	1.38
valley	-0.01	0.92
wolf	-0.01	0.91
heavily	-0.00	1.09
visit	-0.00	0.86
offline	-0.00	0.98
legs	-0.00	0.91
formal	-0.00	0.98
ice	-0.00	0.83
item	-0.00	0.89
wiped	-0.00	0.94
imports	-0.00	0.97
traditional	-0.00	0.83
30fps	-0.00	1.03
duel	-0.00	0.91
equal	-0.00	0.89
field	-0.00	0.88
noted	-0.00	1.08
hang	0.00	1.13
jenny	0.00	0.95
cases	0.00	0.89
investment	0.00	1.09
anderfels	0.00	0.85
passive	0.00	0.86
exit	0.00	1.03
me1	0.00	3.06
combo	0.00	0.96
appearances	0.00	0.97
travel	0.00	0.93
tends	0.00	1.04
creatures	0.00	0.89
paper	0.00	0.86
independent	0.00	0.87
selecting	0.00	1.00
arlathan	0.00	0.90
represent	0.00	0.80
size	0.00	0.93
green	0.00	0.95
and/or	0.00	0.88
keep	0.00	1.00
color	0.00	1.02
utility	0.00	0.79
burn	0.00	0.90
chasing	0.00	0.95
rate	0.00	0.92
freely	0.01	1.04
100	0.01	1.18
hes	0.01	1.38
jumping	0.01	1.03
flanking	0.01	0.87
implement	0.01	1.08
asking	0.01	1.83
recipe	0.01	0.67
sympathetic	0.01	1.59
were	0.01	1.27
delay	0.01	1.10
road	0.01	0.79
canon	0.01	1.00
royeaux	0.01	0.80
loving	0.01	1.83
de	0.01	0.80
shape	0.01	1.04
sections	0.01	0.85
dark	0.01	1.00
letting	0.01	1.21
sustained	0.01	0.89
disable	0.01	0.97
change	0.01	1.07
fortress	0.01	0.82
mental	0.01	1.02
floor	0.01	0.91
synergy	0.01	0.81
23	0.01	0.83
convincing	0.01	1.07
amounts	0.01	1.18
active	0.01	0.84
category	0.01	0.93
energy	0.01	0.84
dev	0.01	1.03
throne	0.01	0.98
traveling	0.01	0.99
cancel	0.01	0.95
servers	0.01	0.98
modded	0.01	1.68
reaching	0.02	0.90
barrage	0.02	0.85
importing	0.02	0.97
letter	0.02	0.84
affecting	0.02	1.06
distinct	0.02	1.08
sink	0.02	1.15
items	0.02	0.95
meet	0.02	0.77
existed	0.02	1.22
blast	0.02	0.92
scale	0.02	0.85
frequent	0.02	0.93
fight	0.02	0.84
generally	0.02	1.05
impressed	0.02	2.98
budget	0.02	0.87
combos	0.02	0.94
occur	0.02	1.08
randomly	0.02	1.04
manager	0.02	0.92
packs	0.02	1.43
started	0.02	1.35
druffalo	0.02	1.10
trap	0.02	0.92
absurd	0.02	1.34
cloud	0.02	0.96
exact	0.02	1.33
secrets	0.02	1.04
stat	0.02	0.83
tad	0.02	1.17
bandits	0.02	0.96
spread	0.02	0.96
skyhold	0.02	0.90
industry	0.02	0.85
rifts	0.02	0.92
neutral	0.02	1.18
dexterity	0.02	0.81
cry	0.03	0.93
device	0.03	1.04
jack	0.03	2.34
glowing	0.03	0.95
banner	0.03	0.97
playthroughs	0.03	1.74
cd	0.03	0.97
notes	0.03	0.92
disabled	0.03	0.93
initiate	0.03	1.26
allowing	0.03	1.09
mouth	0.03	1.07
actively	0.03	1.10
purchase	0.03	0.92
ranged	0.03	0.92
realistically	0.03	0.77
60	0.03	0.95
wasting	0.03	1.06
acted	0.03	0.68
prior	0.03	1.00
minded	0.03	1.33
staying	0.03	1.04
stats	0.03	0.81
requirements	0.03	0.79
imported	0.03	0.96
defense	0.03	0.81
origin	0.03	0.94
scenarios	0.03	1.00
modify	0.03	0.87
worldstate	0.03	0.95
colour	0.03	1.00
burst	0.03	0.85
identity	0.03	0.92
freezes	0.04	1.04
hero	0.04	0.95
hide	0.04	1.08
birth	0.04	0.91
client	0.04	0.96
tali	0.04	2.38
abilities	0.04	0.86
targets	0.04	0.86
chest	0.04	0.89
face	0.04	1.36
flame	0.04	0.90
enable	0.04	0.98
battlefield	0.04	0.98
percent	0.04	0.89
portal	0.04	1.13
dragonlings	0.04	0.89
fix	0.04	1.15
install	0.04	0.98
mabari	0.04	1.10
properties	0.04	0.93
convince	0.04	1.13
personally	0.04	1.69
wilds	0.04	0.90
office	0.04	0.94
choose	0.04	1.16
bolt	0.04	0.89
snow	0.04	0.98
hardly	0.04	1.06
fast	0.04	0.98
considered	0.04	0.92
advisers	0.04	0.92
human	0.04	0.92
context	0.04	1.00
banned	0.05	1.16
buff	0.05	0.87
wished	0.05	1.38
immersed	0.05	1.74
abominations	0.05	0.92
fortunately	0.05	1.00
crit	0.05	0.84
application	0.05	0.96
literal	0.05	1.39
cuts	0.05	0.89
saarebas	0.05	0.84
played	0.05	2.86
tapestry	0.05	0.95
suggest	0.05	1.24
transfer	0.05	1.00
hole	0.05	0.94
present	0.05	1.00
char	0.05	0.86
download	0.05	0.97
fixes	0.05	1.11
charging	0.05	0.86
revive	0.05	0.79
death	0.05	0.87
dream	0.05	0.92
everywhere	0.05	1.29
crazy	0.05	1.34
setting	0.05	0.80
90	0.05	0.91
developing	0.05	0.97
boss	0.06	0.84
workaround	0.06	1.06
sorrows	0.06	0.95
yourself	0.06	1.77
enemies	0.06	0.89
120	0.06	0.92
strong	0.06	1.30
outcomes	0.06	1.03
2014	0.06	0.93
technology	0.06	0.85
south	0.06	0.91
beating	0.06	0.87
alternative	0.06	0.96
slash	0.06	0.92
tone	0.06	1.37
moved	0.06	0.89
digital	0.06	1.02
21	0.06	0.86
knock	0.06	0.98
frost	0.06	0.88
rose	0.06	1.05
trick	0.06	0.93
simple	0.06	1.45
35	0.06	0.86
browser	0.06	0.99
underneath	0.06	1.12
america	0.06	1.08
contact	0.06	0.84
stable	0.06	0.93
worthy	0.06	0.97
break	0.06	1.04
respawn	0.06	0.98
rivain	0.06	0.83
veil	0.06	1.01
limit	0.06	0.74
prompt	0.07	1.16
behavior	0.07	1.03
trainer	0.07	0.95
australia	0.07	1.34
closed	0.07	1.15
necro	0.07	0.82
shrug	0.07	1.20
mordor	0.07	1.24
deathblow	0.07	0.87
largely	0.07	1.16
afterwards	0.07	0.91
noticeable	0.07	1.36
gta	0.07	1.23
aoe	0.07	0.90
presented	0.07	1.05
bonuses	0.07	0.87
robes	0.07	1.35
passives	0.07	0.87
replaying	0.07	2.79
critical	0.07	0.85
melee	0.07	0.90
resist	0.07	1.01
involved	0.07	1.27
restarted	0.07	1.48
sometimes	0.07	1.34
crash	0.07	1.12
enabled	0.07	0.94
downloaded	0.07	0.97
desktop	0.07	0.97
placed	0.07	0.88
fifth	0.07	0.93
shepard	0.08	2.32
brutal	0.08	1.08
levels	0.08	0.79
raise	0.08	0.78
throwing	0.08	0.89
upgrading	0.08	1.05
lips	0.08	1.10
accept	0.08	1.17
permanent	0.08	1.08
mob	0.08	0.85
finish	0.08	1.05
li	0.08	1.51
visible	0.08	1.12
focus	0.08	0.85
decide	0.08	1.34
continued	0.08	0.92
shatter	0.08	0.93
deals	0.08	0.86
17	0.08	0.91
discussion	0.08	1.46
block	0.08	0.85
appeared	0.08	0.96
groups	0.08	0.77
community	0.08	0.87
blue	0.08	0.97
cheating	0.08	0.95
500	0.08	0.87
stay	0.08	1.12
experienced	0.08	0.98
examples	0.08	0.94
offense	0.09	0.82
tempted	0.09	2.74
gamer	0.09	1.01
ff	0.09	0.89
shows	0.09	0.95
unlocking	0.09	0.93
session	0.09	0.98
cost	0.09	0.92
farming	0.09	0.86
hall	0.09	0.94
upgrade	0.09	0.88
60fps	0.09	1.00
pre-order	0.09	0.97
cross	0.09	0.84
away	0.09	1.08
reactions	0.09	1.09
initial	0.09	1.21
renegade	0.09	1.83
specialisation	0.09	0.82
accepted	0.09	1.05
stores	0.09	0.93
changing	0.09	0.85
avoided	0.09	1.05
unicorn	0.09	0.97
cash	0.09	1.09
import	0.09	0.97
opened	0.09	0.97
mother	0.09	0.93
shall	0.09	0.96
mp	0.09	1.40
reach	0.09	0.89
spots	0.09	0.93
band	0.09	1.02
attacks	0.09	0.86
battlemaster	0.09	0.83
schematics	0.09	0.76
max	0.10	0.79
player	0.10	1.11
frames	0.10	0.95
triggering	0.10	1.00
installed	0.10	0.98
unlocks	0.10	0.94
silver	0.10	0.88
geared	0.10	0.97
journey	0.10	0.97
50	0.10	0.88
ending	0.10	1.67
textures	0.10	0.89
file	0.10	0.93
devs	0.10	1.13
leap	0.10	0.94
ssd	0.10	0.95
heroic	0.10	1.15
kossith	0.10	0.87
guard	0.10	0.83
logged	0.10	0.98
bonus	0.10	0.87
hitting	0.10	1.10
damaging	0.10	1.25
points	0.10	0.94
planning	0.10	1.37
careful	0.10	1.96
upgrades	0.10	0.85
seconds	0.10	0.93
14	0.10	0.89
shadow	0.10	0.93
25	0.10	0.85
30	0.10	0.89
maric	0.10	0.91
required	0.10	0.95
needing	0.10	1.15
latter	0.10	0.80
sent	0.10	0.94
occasionally	0.10	1.02
pursue	0.10	0.94
22	0.11	0.85
bodies	0.11	0.92
into	0.11	1.05
dr	0.11	1.01
treasure	0.11	0.84
leaving	0.11	0.84
teagan	0.11	0.87
discussed	0.11	1.17
require	0.11	0.99
closer	0.11	0.96
large	0.11	1.00
available	0.11	0.90
2	0.11	2.52
toss	0.11	0.83
texture	0.11	0.90
playing	0.11	1.36
shadows	0.11	0.81
tattoos	0.11	1.15
crafting	0.11	0.86
11	0.11	0.95
assassin	0.11	0.99
reaction	0.11	1.61
egg	0.11	1.11
tanks	0.11	0.80
horns	0.11	1.19
preordered	0.11	0.98
save	0.11	0.96
alone	0.11	1.09
2-handed	0.11	0.83
responding	0.11	1.55
sentence	0.11	1.10
wake	0.11	1.07
mechanic	0.11	1.02
spoke	0.11	0.84
installment	0.11	1.24
pants	0.11	1.25
perk	0.11	0.92
people	0.11	1.39
sassy	0.11	1.38
prologue	0.11	0.93
butt	0.11	0.98
refused	0.11	1.05
brand	0.11	1.00
created	0.12	0.93
20	0.12	0.88
cosmetic	0.12	1.03
somebody	0.12	1.05
covered	0.12	1.12
sorta	0.12	1.56
over	0.12	1.03
possibility	0.12	1.24
smash	0.12	0.98
70	0.12	0.88
school	0.12	0.90
horn	0.12	0.88
situations	0.12	1.17
secondary	0.12	0.95
generate	0.12	0.84
mats	0.12	0.82
variations	0.12	0.98
loaded	0.12	0.97
respective	0.12	0.85
dmg	0.12	0.85
ability	0.12	0.87
folks	0.12	1.02
thingy	0.12	0.94
sexual	0.12	0.96
slots	0.12	0.79
12	0.12	0.89
talents	0.12	0.85
same	0.12	1.59
recover	0.12	0.93
screens	0.12	1.03
skills	0.12	0.86
tree	0.12	0.84
lip	0.12	1.08
mage	0.12	0.93
throughout	0.12	0.94
mandatory	0.12	1.05
cutscenes	0.12	1.06
chance	0.12	0.84
80	0.12	0.92
spinning	0.13	0.82
potentially	0.13	0.90
method	0.13	1.03
dragons	0.13	0.83
account	0.13	0.97
world	0.13	0.96
aim	0.13	0.89
alternate	0.13	1.03
separate	0.13	0.97
error	0.13	1.04
equally	0.13	0.91
attempts	0.13	0.92
manner	0.13	1.09
themes	0.13	0.90
skill	0.13	0.85
feels	0.13	1.35
15	0.13	0.88
accomplish	0.13	1.19
breach	0.13	0.94
tale	0.13	0.78
willing	0.13	1.22
40	0.13	0.89
repeatedly	0.13	0.96
45	0.13	0.88
during	0.13	1.01
gathered	0.13	0.74
revealed	0.13	0.96
normal	0.13	0.91
grab	0.13	0.97
400	0.13	0.87
t3	0.13	0.74
trivial	0.13	0.89
1st	0.14	0.93
roles	0.14	0.90
discussing	0.14	1.28
mount	0.14	0.93
shoes	0.14	1.24
throw	0.14	0.85
blade	0.14	0.82
directly	0.14	0.97
sticking	0.14	0.86
vast	0.14	0.84
heart	0.14	1.01
conclusion	0.14	0.79
individual	0.14	0.90
shield	0.14	0.83
sync	0.14	0.96
walked	0.14	0.99
fps	0.14	0.97
noticed	0.14	1.33
200	0.14	0.87
cracked	0.14	1.40
sole	0.14	1.00
24	0.14	0.89
starts	0.14	1.04
section	0.14	0.97
grant	0.14	0.94
challenge	0.14	0.90
stone	0.14	1.48
armored	0.15	1.03
cut	0.15	1.05
engage	0.15	0.91
specialize	0.15	0.84
boosts	0.15	0.88
arcane	0.15	0.82
customize	0.15	0.96
strike	0.15	0.89
shipped	0.15	0.89
after	0.15	1.02
leave	0.15	1.12
intended	0.15	1.62
cores	0.15	0.93
twist	0.15	1.44
person	0.15	1.19
recall	0.15	1.27
flying	0.15	0.96
aspect	0.15	1.03
specialization	0.15	0.83
charge	0.15	0.84
logging	0.15	0.98
dad	0.15	0.81
legion	0.15	1.66
equipment	0.15	0.86
export	0.15	0.98
addition	0.15	0.98
vashoth	0.15	0.84
encourage	0.15	1.10
overlay	0.15	0.93
accounts	0.15	0.96
somewhere	0.15	1.01
flank	0.15	0.90
bump	0.15	0.87
kiss	0.15	1.37
necromancer	0.15	0.82
remember	0.15	1.93
r	0.15	1.03
flirted	0.15	1.07
shields	0.15	0.80
scar	0.16	1.10
finished	0.16	1.12
mounts	0.16	0.92
deeper	0.16	0.79
difficult	0.16	1.41
boost	0.16	1.13
rarely	0.16	0.81
pick	0.16	1.12
difficulty	0.16	0.89
taunt	0.16	0.83
sign	0.16	1.00
content	0.16	1.05
an	0.16	1.13
holes	0.16	1.03
within	0.16	0.92
price	0.16	0.94
requirement	0.16	0.86
spare	0.16	1.20
fangs	0.16	0.88
arms	0.16	0.88
afraid	0.16	2.82
selection	0.16	1.07
members	0.16	0.72
upgraded	0.16	0.86
os	0.16	0.90
along	0.16	0.87
tech	0.16	0.98
beaten	0.16	1.41
instantly	0.16	0.99
sequence	0.16	0.90
hd	0.16	0.82
trees	0.16	0.84
sky	0.16	0.95
running	0.16	1.37
goes	0.16	1.15
advantage	0.16	0.85
flask	0.16	0.87
light	0.16	0.94
twin	0.16	0.88
ease	0.16	1.10
sat	0.16	0.91
measure	0.16	0.88
150	0.16	0.88
letters	0.17	0.86
darker	0.17	0.96
screaming	0.17	1.21
vanguard	0.17	0.83
perspective	0.17	0.96
processor	0.17	0.89
mines	0.17	0.87
expensive	0.17	0.94
performance	0.17	0.99
core	0.17	0.90
femshep	0.17	2.28
achievement	0.17	0.89
dx11	0.17	1.00
cpu	0.17	0.90
ghz	0.17	0.89
bash	0.17	0.90
elemental	0.17	0.82
crits	0.17	0.86
region	0.17	0.76
survivability	0.17	0.84
laying	0.17	0.79
installing	0.17	0.98
minute	0.17	0.90
archer	0.17	0.84
crossbow	0.17	0.92
year	0.17	0.94
chargers	0.17	0.80
tiny	0.17	1.03
hundred	0.17	0.91
tm	0.18	0.91
intel	0.18	0.90
300	0.18	0.86
quad	0.18	0.89
removing	0.18	0.96
clothes	0.18	1.43
hands	0.18	1.00
vpn	0.18	0.97
software	0.18	0.95
mmo	0.18	1.22
ship	0.18	1.12
gb	0.18	0.86
characterization	0.18	1.00
recommend	0.18	1.45
radeon	0.18	0.81
recommended	0.18	0.75
hundreds	0.18	0.86
life	0.18	1.04
races	0.18	0.87
endgame	0.18	0.91
excitement	0.18	1.70
level	0.18	0.81
online	0.18	0.96
nation	0.18	0.71
feet	0.18	0.94
wherever	0.18	0.99
scenes	0.18	1.22
passed	0.18	0.99
purchased	0.18	1.00
blew	0.18	1.04
windows	0.18	0.90
century	0.18	0.70
specializations	0.18	0.82
dwarf	0.18	0.89
mail	0.18	0.88
dps	0.18	0.80
contained	0.18	0.96
refuses	0.18	1.08
spoil	0.18	1.37
reached	0.18	0.87
space	0.18	1.14
new	0.18	0.91
direct	0.18	1.12
chests	0.18	0.88
serve	0.18	0.69
kingdom	0.19	0.78
forced	0.19	1.32
turn	0.19	0.87
crossed	0.19	0.94
round	0.19	0.99
deluxe	0.19	0.95
referring	0.19	2.00
cpus	0.19	0.89
whom	0.19	0.99
bed	0.19	1.09
qa	0.19	0.91
chain	0.19	0.87
collector	0.19	0.95
material	0.19	0.83
files	0.19	0.95
aa	0.19	0.84
tongue	0.19	0.91
usual	0.19	1.09
materials	0.19	0.84
accidentally	0.19	1.19
wasnt	0.19	1.25
mature	0.19	0.95
artificer	0.19	0.83
outfits	0.19	1.09
fall	0.19	0.92
resolution	0.19	0.83
volume	0.19	1.21
variation	0.19	1.06
put	0.19	1.03
credits	0.19	0.97
travelling	0.19	0.97
mmos	0.19	1.13
dirty	0.19	0.85
warrior	0.19	0.82
prepared	0.20	1.46
ram	0.20	0.86
playtime	0.20	1.14
invest	0.20	1.17
stack	0.20	0.87
i5	0.20	0.88
rouge	0.20	0.87
two-handed	0.20	0.81
search	0.20	1.07
leveled	0.20	0.84
store	0.20	0.93
chat	0.20	0.89
scene	0.20	1.41
beat	0.20	0.85
970	0.20	0.91
specs	0.20	0.78
obsidian	0.20	0.86
flags	0.20	0.86
money	0.20	0.89
i7	0.20	0.88
expansions	0.20	1.83
subsequent	0.20	0.96
torture	0.20	1.08
pull	0.20	0.84
rogue	0.20	0.86
nightmare	0.20	0.90
folder	0.20	0.94
previously	0.20	1.22
dual-wielding	0.20	0.82
poison	0.20	0.91
final	0.20	0.91
epilogue	0.20	0.95
gpu	0.20	0.86
status	0.20	1.14
tempest	0.20	0.81
nm	0.20	0.87
numerous	0.20	0.88
driving	0.20	1.08
spec	0.20	0.81
redeem	0.20	0.86
lead	0.20	0.85
sword	0.20	0.80
thousand	0.20	0.76
theirs	0.20	1.21
web	0.21	1.19
e.g	0.21	0.90
alter	0.21	0.84
18	0.21	0.88
minimum	0.21	0.75
gamestop	0.21	0.94
64-bit	0.21	0.85
needs	0.21	1.19
uploaded	0.21	0.94
age	0.21	2.13
double	0.21	0.85
visiting	0.21	0.87
fist	0.21	1.00
edition	0.21	0.96
panel	0.21	0.98
in-game	0.21	0.89
hit	0.21	0.86
amount	0.21	0.92
personality	0.21	1.11
library	0.21	0.84
drastically	0.21	0.90
searching	0.21	1.04
spending	0.21	1.06
covers	0.21	0.96
said	0.21	1.37
rpg	0.21	1.12
dialogues	0.21	0.95
dice	0.21	0.88
names	0.21	0.95
8.1	0.21	0.87
wielding	0.21	0.81
anymore	0.21	1.70
swap	0.21	0.84
group	0.22	0.68
him	0.22	1.22
silverite	0.22	0.82
metal	0.22	0.83
reaver	0.22	0.80
talent	0.22	0.86
stock	0.22	0.85
grappling	0.22	0.87
gtx	0.22	0.87
females	0.22	1.09
bit	0.22	1.36
proc	0.22	0.84
peaceful	0.22	1.05
amd	0.22	0.86
trophy	0.22	0.92
testing	0.22	1.27
orientation	0.22	0.92
graphics	0.22	0.78
nerf	0.22	0.88
i.e	0.22	0.89
tradition	0.22	0.92
korean	0.22	0.98
reloading	0.22	1.02
settings	0.22	0.81
akin	0.22	0.93
dropped	0.22	0.85
rogues	0.22	0.83
interested	0.22	2.91
warriors	0.22	0.81
disappeared	0.22	0.85
builds	0.22	0.81
flames	0.22	0.94
cloth	0.22	0.80
dw	0.22	0.80
convinced	0.22	2.76
bone	0.22	1.10
playthrough	0.22	1.04
specifically	0.22	1.29
various	0.23	0.83
deft	0.23	0.95
dual	0.23	0.81
lowest	0.23	0.86
he/she	0.23	0.92
dozens	0.23	0.84
number	0.23	0.85
stage	0.23	0.76
geforce	0.23	0.83
cat	0.23	0.93
ways	0.23	1.06
horses	0.23	0.98
white	0.23	0.95
preorder	0.23	0.93
wield	0.23	0.81
member	0.23	0.81
woke	0.23	1.07
involvement	0.23	0.92
considering	0.23	1.54
pajamas	0.23	1.28
completely	0.23	1.80
tutorial	0.23	0.93
restrictions	0.23	0.75
public	0.23	1.05
beta	0.23	1.03
resolved	0.23	1.02
8gb	0.23	0.85
drops	0.23	0.89
husband	0.23	0.91
compromise	0.23	0.89
bare	0.23	0.82
traps	0.23	0.87
shine	0.23	1.06
graphic	0.23	0.75
mantle	0.23	1.01
flavor	0.23	0.91
local	0.23	0.96
memory	0.23	0.83
currently	0.23	1.25
bucks	0.23	0.97
handed	0.23	0.80
introduce	0.23	1.10
circumstances	0.23	1.26
souls	0.23	1.44
masked	0.23	1.22
pay	0.23	1.26
nug	0.23	1.08
dragon	0.23	2.08
battlemage	0.24	0.87
trigger	0.24	1.08
play-through	0.24	1.06
sli	0.24	0.92
media	0.24	0.86
automatically	0.24	1.02
ex	0.24	0.83
animals	0.24	1.10
gear	0.24	0.86
intro	0.24	0.96
total	0.24	0.93
roughly	0.24	0.93
lord	0.24	0.95
tal-vashoth	0.24	0.76
msaa	0.24	0.86
enemy	0.24	0.82
regular	0.24	0.92
identify	0.24	0.96
fade-touched	0.24	0.81
8	0.24	1.13
crack	0.24	1.16
poisoned	0.24	0.87
champion	0.24	0.80
apply	0.24	0.93
tears	0.24	1.02
terrified	0.24	0.96
disabling	0.24	0.97
creation	0.24	0.98
cc	0.24	0.90
ultra	0.24	0.83
bring	0.24	0.90
applied	0.24	1.00
bianca	0.24	0.86
latest	0.24	0.97
casual	0.24	0.90
irrelevant	0.24	1.43
instructions	0.24	0.96
gameplay	0.24	0.90
bf4	0.24	0.92
app	0.24	0.95
bw	0.24	0.79
mins	0.24	0.96
enchanter	0.24	0.81
10	0.24	0.95
gender	0.24	0.92
general	0.24	0.78
recreate	0.24	0.97
drop	0.24	0.82
personalities	0.24	0.86
dating	0.24	1.22
diversity	0.24	1.02
him/her	0.24	0.95
per	0.25	0.88
leather	0.25	0.86
directx	0.25	0.96
build	0.25	0.80
base	0.25	0.75
inquisition	0.25	1.35
count	0.25	1.03
knight	0.25	0.81
manually	0.25	0.81
takes	0.25	1.02
likewise	0.25	0.68
pop	0.25	0.98
terribly	0.25	1.12
countries	0.25	0.79
knight-enchanter	0.25	0.79
rift	0.25	0.93
minimap	0.25	0.99
throws	0.25	1.96
trouble	0.25	1.52
delete	0.25	0.94
medium	0.25	0.85
knew	0.25	1.37
dollars	0.25	0.96
turning	0.25	0.88
plenty	0.26	0.82
small	0.26	1.04
npcs	0.26	0.89
ten	0.26	0.90
channel	0.26	0.98
grace	0.26	1.06
archery	0.26	0.83
mercenary	0.26	0.95
dealt	0.26	0.91
cassandra	0.26	0.90
editor	0.26	0.86
antiva	0.26	0.83
fixing	0.26	0.99
street	0.26	0.95
reinstall	0.26	0.99
me2	0.26	2.84
swords	0.26	0.79
prepare	0.26	1.02
damage	0.26	0.84
jumps	0.26	0.95
cap	0.26	0.97
create	0.26	0.96
aura	0.26	1.01
shoot	0.26	0.94
crew	0.26	1.30
7	0.26	0.93
handful	0.26	0.87
rolled	0.26	1.11
cultures	0.26	0.85
processing	0.26	0.84
buffs	0.27	1.02
explicitly	0.27	0.90
glitched	0.27	1.07
blocking	0.27	0.92
modern	0.27	0.93
conversation	0.27	1.09
explain	0.27	1.67
counts	0.27	1.10
discovered	0.27	0.88
plate	0.27	1.00
interacting	0.27	0.97
whenever	0.27	1.16
ke	0.27	0.81
opens	0.27	1.01
codes	0.27	1.13
x	0.27	1.04
timeline	0.27	0.91
briefly	0.27	0.93
stealth	0.27	0.87
carried	0.27	1.03
minutes	0.27	0.96
board	0.27	0.85
gated	0.27	0.84
bright	0.27	0.97
relationship	0.27	1.26
empire	0.27	1.41
event	0.27	0.98
implications	0.27	0.96
korea	0.27	0.98
opening	0.27	0.99
twenty	0.27	0.90
hours	0.27	0.98
hook	0.27	0.96
blank	0.28	1.07
repeat	0.28	1.04
creed	0.28	1.12
armors	0.28	0.99
entire	0.28	0.78
tons	0.28	0.87
included	0.28	1.04
tougher	0.28	0.89
class	0.28	0.82
touched	0.28	0.83
xp	0.28	0.92
nine	0.28	0.89
above	0.28	0.88
occurs	0.28	1.16
country	0.28	0.78
aiming	0.28	1.26
dress	0.28	1.27
invested	0.28	2.83
took	0.28	1.03
pre-ordered	0.28	0.94
ground	0.28	0.95
smooth	0.28	1.02
legit	0.28	0.99
attempt	0.28	1.00
bosses	0.28	0.86
iirc	0.28	0.82
triple	0.28	0.83
dangerous	0.28	1.00
types	0.28	0.85
stands	0.28	1.19
romancing	0.28	0.93
shy	0.28	1.46
trevelyan	0.28	0.90
does	0.29	1.77
friends	0.29	1.01
immediate	0.29	0.99
storyline	0.29	0.79
tank	0.29	0.77
harm	0.29	1.02
made	0.29	1.30
loud	0.29	1.15
expert	0.29	1.12
multiple	0.29	0.88
marked	0.29	0.95
2nd	0.29	1.00
guarantee	0.29	1.52
1000	0.29	0.84
established	0.29	0.75
unable	0.29	1.23
fails	0.29	0.90
dagger	0.29	0.78
cried	0.29	1.10
distance	0.29	0.96
lately	0.29	0.97
fiction	0.29	0.83
shortly	0.29	1.11
suit	0.29	1.03
nations	0.29	0.83
2gb	0.29	0.80
creator	0.29	0.98
users	0.29	1.05
defensive	0.29	1.10
pre	0.29	0.96
mark	0.29	1.23
inquisitor	0.30	0.98
tl	0.30	1.05
99	0.30	0.89
skilled	0.30	0.86
arrived	0.30	0.98
degree	0.30	1.04
slot	0.30	0.80
spend	0.30	1.05
these	0.30	0.87
portrait	0.30	0.93
include	0.30	1.08
occurred	0.30	1.17
plots	0.30	0.90
scratch	0.30	0.94
possibly	0.30	1.46
leader	0.30	0.97
arrow	0.30	0.95
restart	0.30	1.05
nights	0.30	1.93
managed	0.30	1.06
daggers	0.30	0.78
expecting	0.31	2.67
drives	0.31	1.30
feature	0.31	1.20
picks	0.31	1.98
adaar	0.31	0.88
restarting	0.31	1.19
pro	0.31	0.93
enjoy	0.31	2.04
allows	0.31	1.18
driver	0.31	1.00
patch	0.31	1.15
guy	0.31	1.30
short	0.31	0.99
gave	0.31	1.02
cass	0.31	0.90
wondering	0.31	2.46
next	0.31	1.37
five	0.31	0.93
through	0.31	1.49
dammit	0.31	1.44
fill	0.31	0.93
responded	0.31	1.16
pointing	0.31	1.87
start	0.31	1.33
perform	0.31	1.00
open	0.31	0.93
uk	0.31	0.93
blades	0.31	0.84
why	0.31	1.85
greatsword	0.31	0.75
hrs	0.31	1.14
eight	0.31	0.93
progressed	0.31	0.95
temporary	0.31	1.11
similarly	0.31	0.90
solved	0.32	1.09
masterwork	0.32	0.75
project	0.32	0.87
spent	0.32	1.02
tanky	0.32	0.81
past	0.32	1.06
manages	0.32	0.94
5	0.32	1.14
rushing	0.32	0.98
ruin	0.32	0.89
9	0.32	1.12
easy	0.32	1.11
updating	0.32	1.01
6	0.32	1.15
six	0.32	1.04
drivers	0.32	0.99
reveals	0.32	1.09
smaller	0.32	0.99
jumped	0.32	0.94
tier	0.32	0.69
roleplaying	0.32	1.00
r9	0.32	0.84
patches	0.32	1.11
meta	0.32	0.93
able	0.32	1.77
hugely	0.32	1.12
soloing	0.32	0.86
flirting	0.32	1.31
launched	0.32	1.07
laid	0.32	0.87
heavy	0.32	0.93
second	0.32	0.99
armor	0.32	0.95
tackle	0.32	0.96
email	0.32	0.94
hour	0.32	1.00
obviously	0.32	2.07
load	0.33	1.03
relative	0.33	1.22
achievements	0.33	0.99
creating	0.33	1.03
events	0.33	1.06
neverwinter	0.33	2.09
coat	0.33	0.99
description	0.33	1.13
preload	0.33	1.04
divinity	0.33	1.68
albeit	0.33	1.07
wear	0.33	1.18
years	0.33	0.99
4	0.33	1.18
da3	0.33	1.40
allow	0.33	1.36
army	0.33	0.97
blackwall	0.33	0.86
sex	0.33	1.15
sleeping	0.33	0.96
ago	0.33	1.00
relationships	0.33	1.03
hardest	0.33	0.90
mini	0.33	0.90
cleared	0.33	0.96
poster	0.33	1.05
adventure	0.33	0.83
lots	0.33	0.82
dialogue	0.34	1.06
stumbled	0.34	0.95
mustache	0.34	1.26
timed	0.34	1.02
horse	0.34	1.03
longest	0.34	0.97
three	0.34	1.12
two	0.34	1.09
lastly	0.34	1.15
downloading	0.34	1.03
tanking	0.34	0.79
attention	0.34	1.05
custom	0.34	0.84
fighter	0.34	0.89
effect	0.34	2.88
craft	0.34	0.81
convo	0.34	0.89
backwards	0.34	1.03
archers	0.34	0.90
significant	0.34	1.12
offer	0.34	0.99
somewhat	0.34	1.18
removes	0.34	0.91
solo	0.34	0.85
high	0.34	0.77
fullscreen	0.34	0.95
central	0.35	0.93
kind	0.35	1.49
axe	0.35	0.78
vague	0.35	1.32
engine	0.35	0.95
refund	0.35	0.90
bows	0.35	0.77
playstyle	0.35	0.91
beginning	0.35	1.11
2h	0.35	0.80
evade	0.35	0.89
mass	0.35	2.87
lvl	0.35	0.96
weapons	0.35	0.80
nvidia	0.35	0.85
mention	0.35	1.75
heroes	0.35	0.90
carefully	0.35	0.89
bald	0.36	1.27
trilogy	0.36	1.97
northern	0.36	0.77
qunari	0.36	1.00
nonetheless	0.36	1.01
jokes	0.36	1.76
immediately	0.36	1.15
audio	0.36	0.98
recently	0.36	1.52
descriptions	0.36	0.89
going	0.36	2.14
basically	0.36	1.39
opportunities	0.36	0.99
models	0.36	1.13
potential	0.36	0.87
usually	0.36	1.35
experience	0.36	1.09
known	0.36	1.21
reflect	0.36	1.19
windowed	0.36	0.95
bow	0.36	0.76
deeply	0.36	0.83
seem	0.36	1.73
loading	0.36	1.00
reveal	0.36	1.04
let	0.36	1.55
ignoring	0.36	1.22
each	0.37	0.79
stolen	0.37	1.24
diablo	0.37	1.88
dawn	0.37	0.88
four	0.37	0.90
self	0.37	0.94
comments	0.37	1.49
several	0.37	0.86
expand	0.37	0.70
survey	0.37	1.01
enjoying	0.37	2.23
initially	0.37	1.10
couple	0.37	0.91
sudden	0.37	1.25
options	0.37	0.97
feel	0.37	1.62
specced	0.37	0.78
id	0.37	0.89
medieval	0.37	0.78
range	0.37	0.93
entry	0.37	0.85
reroll	0.37	1.09
amazon	0.37	0.91
update	0.37	1.05
refuse	0.37	1.26
unkillable	0.37	0.86
purple	0.37	0.80
rings	0.37	0.87
weapon	0.37	0.75
3-4	0.37	1.06
cover	0.37	0.83
unless	0.37	2.11
fourth	0.38	0.95
witcher	0.38	2.19
triggered	0.38	1.04
hidden	0.38	0.86
push	0.38	0.96
law	0.38	0.74
minimal	0.38	1.01
reloaded	0.38	1.01
beforehand	0.38	0.82
cheat	0.38	0.92
often	0.38	1.05
little	0.38	1.38
adding	0.38	1.02
contain	0.38	0.98
interaction	0.38	0.84
myself	0.38	1.40
frostbite	0.38	0.93
wouldnt	0.38	1.22
did	0.39	1.79
went	0.39	1.11
factors	0.39	1.03
ordered	0.39	0.88
rip	0.39	1.04
meanwhile	0.39	0.94
bunch	0.39	0.87
continues	0.39	0.93
according	0.39	0.91
instances	0.39	0.82
christmas	0.39	1.18
rolling	0.39	0.94
grateful	0.39	2.91
pair	0.39	1.08
impossible	0.39	1.06
classes	0.39	0.80
immortal	0.39	0.95
signed	0.39	0.98
suddenly	0.39	1.07
those	0.39	0.88
plans	0.39	0.84
europe	0.39	0.90
speaks	0.39	0.90
equip	0.40	0.81
nda	0.40	1.08
explains	0.40	0.85
samson	0.40	0.84
ring	0.40	0.78
boots	0.40	1.03
related	0.40	0.97
tools	0.40	0.95
desperately	0.40	0.92
consideration	0.40	0.99
doubt	0.40	1.90
back	0.40	1.24
fits	0.40	0.91
creative	0.40	0.91
few	0.40	0.88
polished	0.40	1.15
scripted	0.40	0.95
rpgs	0.40	1.43
extent	0.40	1.01
months	0.41	1.02
viv	0.41	0.88
pretend	0.41	1.28
adore	0.41	2.14
rare	0.41	0.81
threads	0.41	1.21
studio	0.41	1.00
780	0.41	1.00
guaranteed	0.41	0.81
continue	0.41	1.04
thinking	0.41	2.13
triggers	0.41	1.13
every	0.41	0.88
when	0.41	1.45
posts	0.41	1.53
ip	0.42	1.05
roll	0.42	0.87
ups	0.42	0.94
data	0.42	1.00
wide	0.42	1.02
last	0.42	1.02
graphical	0.42	0.95
avoiding	0.42	1.08
launch	0.42	1.05
giselle	0.42	0.80
difficulties	0.42	0.89
fantasy	0.42	1.03
introduced	0.42	0.85
bioware	0.42	0.85
expected	0.42	1.85
demo	0.42	0.88
single	0.42	0.81
humorous	0.42	1.68
presumably	0.42	0.92
asunder	0.42	1.02
dogs	0.42	1.08
whatsoever	0.42	0.94
plays	0.42	0.91
alternatively	0.42	0.89
watching	0.42	1.00
incredibly	0.42	1.14
originally	0.43	1.08
overpowered	0.43	1.02
confirmed	0.43	0.91
shipping	0.43	0.89
0	0.43	0.93
elsewhere	0.43	1.11
explained	0.43	0.94
shared	0.43	0.92
november	0.43	1.03
rather	0.43	1.24
timing	0.43	0.86
companions	0.43	0.87
atleast	0.43	1.23
massive	0.43	1.18
mentally	0.43	0.80
knife	0.43	0.89
banters	0.43	0.86
realized	0.43	1.46
eu	0.43	1.02
weeks	0.43	1.07
1	0.43	1.70
modding	0.43	0.97
code	0.43	1.09
responses	0.44	1.52
invincible	0.44	0.85
boy	0.44	1.16
josephine	0.44	0.93
introduction	0.44	1.03
paid	0.44	0.93
days	0.44	1.06
frequently	0.44	0.86
asap	0.44	0.94
experiment	0.44	1.07
list	0.44	1.03
crashed	0.44	1.02
first	0.44	1.40
suggested	0.44	1.01
homosexual	0.44	0.93
upload	0.44	0.93
combinations	0.44	0.91
complicated	0.44	1.58
fights	0.44	0.87
trailer	0.45	0.90
errors	0.45	1.20
know	0.45	1.84
pax	0.45	0.91
victory	0.45	0.67
1080p	0.45	0.96
b	0.45	1.10
cole	0.45	0.80
dialog	0.45	0.98
visual	0.45	0.91
us	0.45	1.29
million	0.45	0.89
q	0.45	1.04
party	0.45	0.81
arrows	0.45	0.87
skyrim	0.45	1.50
anything	0.45	1.66
fully	0.45	0.94
5th	0.45	0.97
tricks	0.45	1.03
comes	0.45	1.18
tear	0.45	0.96
loads	0.45	0.96
request	0.46	1.01
higher	0.46	0.98
somehow	0.46	1.09
handy	0.46	1.56
play	0.46	1.24
plan	0.46	1.00
sarcasm	0.46	1.35
tight	0.46	0.93
anywhere	0.46	1.16
showed	0.46	0.99
perhaps	0.46	1.19
shown	0.46	0.97
prime	0.46	0.87
everything	0.46	1.13
show	0.46	1.41
where	0.46	2.01
advanced	0.46	1.01
month	0.47	1.07
hightown	0.47	0.88
extremely	0.47	1.14
clue	0.47	1.67
bros	0.47	0.99
chapter	0.47	1.12
coming	0.47	1.53
romanceable	0.47	0.91
night	0.47	1.17
officially	0.47	1.04
linked	0.47	1.03
sims	0.47	1.35
time	0.47	1.12
third	0.47	1.04
cause	0.47	1.47
makes	0.48	1.24
videos	0.48	0.94
references	0.48	0.92
received	0.48	0.93
comfortable	0.48	2.28
sub	0.48	1.38
kid	0.48	1.06
subreddit	0.48	1.46
everybody	0.48	1.86
remove	0.48	0.93
christ	0.48	1.45
streams	0.48	0.94
stream	0.48	0.93
watch	0.48	0.97
gate	0.48	1.92
report	0.48	1.00
make	0.48	1.61
fem	0.48	0.94
release	0.48	1.08
beauty	0.48	0.92
lay	0.48	1.02
unsure	0.48	2.77
scales	0.48	0.87
announced	0.48	0.95
ages	0.48	0.93
apparently	0.48	1.46
skip	0.48	1.09
mood	0.48	0.99
17th	0.48	1.07
profit	0.48	0.74
miss	0.48	1.42
times	0.49	1.12
movies	0.49	0.96
listed	0.49	0.96
barely	0.49	0.92
checking	0.49	0.99
involves	0.49	0.92
waited	0.49	1.04
go	0.49	1.39
however	0.49	1.97
ingame	0.49	0.95
tbh	0.49	1.37
ready	0.49	1.87
demos	0.49	0.92
invite	0.49	1.10
card	0.49	0.74
vanilla	0.49	0.94
serves	0.49	0.81
importantly	0.49	0.90
silent	0.49	0.95
games	0.49	1.76
twitch	0.50	0.93
atm	0.50	1.28
patched	0.50	1.12
playable	0.50	0.89
theoretically	0.50	1.01
comics	0.50	0.97
half	0.50	0.94
used	0.50	1.07
essentially	0.50	1.03
insane	0.50	1.08
struck	0.50	0.73
imagine	0.50	1.69
some	0.51	1.05
backgrounds	0.51	0.76
things	0.51	1.54
watched	0.51	0.96
late	0.51	1.67
has	0.51	1.01
e3	0.51	0.92
huge	0.51	1.22
polish	0.51	1.01
expect	0.51	1.84
releases	0.51	1.10
tool	0.51	0.93
clear	0.51	1.65
planned	0.51	1.01
surely	0.51	1.08
remotely	0.51	1.07
y	0.51	1.24
crafted	0.51	0.76
plausible	0.51	1.50
many	0.51	0.79
w	0.51	1.01
different	0.51	0.82
delayed	0.51	0.93
whatever	0.51	1.63
others	0.51	1.52
overcome	0.51	1.22
skipped	0.52	0.96
figure	0.52	1.59
colors	0.52	1.17
deliver	0.52	0.92
reading	0.52	0.85
certainly	0.52	1.68
character	0.52	0.75
slight	0.52	1.02
video	0.52	0.92
story	0.52	0.75
priority	0.52	0.72
elaborate	0.52	1.26
author	0.52	1.19
anyone	0.52	1.35
effective	0.52	2.01
cullen	0.52	1.08
wanting	0.52	1.33
manual	0.52	1.03
necessary	0.52	1.03
aggro	0.52	0.76
18th	0.53	1.08
fresh	0.53	0.93
romance	0.53	1.00
3	0.53	1.71
properly	0.53	0.92
out	0.53	1.38
plot	0.53	0.90
take	0.53	1.52
bits	0.53	0.89
npc	0.53	0.82
mike	0.53	0.89
suspect	0.53	1.06
released	0.53	1.08
star	0.53	1.59
whats	0.53	0.86
hard	0.53	0.97
powerful	0.54	1.26
indication	0.54	1.04
up	0.54	1.25
everytime	0.54	1.02
mid	0.54	0.91
2-3	0.54	1.00
helm	0.54	0.95
titles	0.54	0.95
stuff	0.54	1.52
lis	0.54	0.93
alpha	0.54	0.87
heaven	0.54	0.71
hairstyle	0.54	1.21
josie	0.54	1.39
oblivion	0.54	1.21
boobs	0.54	1.17
stupidly	0.54	1.01
males	0.54	0.97
taken	0.55	1.03
crush	0.55	1.49
trailers	0.55	0.99
decided	0.55	1.24
bsn	0.55	1.12
preview	0.55	0.95
wears	0.55	1.40
stars	0.55	0.91
ruined	0.55	0.92
help	0.55	1.54
maxed	0.55	0.90
service	0.55	0.96
given	0.55	1.11
setup	0.55	1.00
scout	0.55	0.96
topic	0.55	1.27
theme	0.55	0.73
innocent	0.55	0.96
home	0.56	1.15
reload	0.56	1.04
marriage	0.56	0.85
specific	0.56	0.78
baldur	0.56	1.82
week	0.56	1.15
fake	0.56	1.01
aka	0.56	0.77
resistance	0.56	0.73
lady	0.56	1.02
novels	0.56	1.07
laidlaw	0.56	0.87
minor	0.56	1.07
novel	0.56	0.96
insert	0.56	0.95
needed	0.56	1.39
sera	0.57	0.83
wtf	0.57	1.65
anime	0.57	0.85
goddamn	0.57	1.45
female	0.57	0.87
respectively	0.57	1.21
form	0.57	0.72
catch	0.57	1.20
details	0.57	1.07
wondered	0.58	1.38
before	0.58	1.15
morning	0.58	1.16
much	0.58	1.50
clothing	0.58	1.16
growth	0.58	0.90
none	0.58	0.85
variety	0.58	0.84
run	0.58	1.00
challenging	0.58	0.98
guides	0.58	0.90
woman	0.58	1.10
forums	0.58	1.15
troll	0.58	1.14
drawn	0.58	0.80
forever	0.58	1.02
ib	0.58	0.84
chances	0.58	0.90
inquisitors	0.59	0.95
almost	0.59	1.38
style	0.59	1.50
highly	0.59	1.05
wanted	0.59	1.58
rich	0.59	0.83
midnight	0.59	1.16
bears	0.59	1.40
flight	0.59	1.00
giant	0.59	1.20
date	0.59	0.97
bethesda	0.59	1.14
cities	0.59	0.99
schematic	0.59	0.71
rank	0.59	0.64
modders	0.59	0.95
vid	0.60	0.92
sets	0.60	0.83
laughed	0.60	1.59
republic	0.60	1.75
paying	0.60	1.05
insanely	0.60	1.02
favorite	0.60	2.16
amusing	0.60	2.02
master	0.60	1.00
reasonably	0.60	1.02
wars	0.60	1.59
tough	0.60	1.12
interests	0.61	0.97
rules	0.61	1.03
positive	0.61	2.15
inspiration	0.61	0.84
ca	0.61	1.67
scribbles	0.61	0.93
humor	0.61	1.38
automatic	0.61	1.00
shit	0.61	2.58
popped	0.61	1.06
updates	0.61	1.08
mean	0.61	1.83
day	0.61	1.21
entries	0.61	0.91
witty	0.61	1.27
happens	0.61	1.54
saw	0.61	1.12
tie	0.61	0.94
genre	0.61	1.10
means	0.62	1.68
sometime	0.62	1.22
trans	0.62	1.09
wild	0.62	0.98
rant	0.62	1.55
weekend	0.62	1.20
certain	0.62	0.77
provide	0.62	1.13
bi	0.62	0.99
chick	0.63	1.05
desert	0.63	0.91
bisexual	0.63	0.98
mask	0.63	1.12
doesnt	0.63	1.29
upvote	0.63	1.42
chill	0.63	1.21
give	0.63	1.26
october	0.63	1.02
instant	0.63	0.96
male	0.63	0.85
outfit	0.63	1.18
note	0.63	1.27
movie	0.64	0.84
loyal	0.64	1.12
friday	0.64	1.22
friendly	0.64	1.11
them	0.64	1.70
goat	0.64	1.08
determined	0.64	0.73
future	0.64	1.09
leaping	0.64	0.88
provides	0.64	0.96
turned	0.64	0.97
receive	0.64	1.02
intend	0.64	1.31
quality	0.64	0.74
gay	0.64	0.98
youtube	0.64	0.94
maintain	0.64	0.72
wo	0.64	1.75
point	0.64	1.97
capture	0.64	0.85
machine	0.64	1.02
75	0.65	0.93
come	0.65	1.45
ran	0.65	1.09
want	0.65	1.77
interview	0.65	0.88
major	0.65	1.07
then	0.65	1.61
tuesday	0.65	1.22
brings	0.65	0.94
twice	0.65	1.00
upcoming	0.65	1.18
test	0.65	1.15
encountered	0.65	0.93
below	0.65	0.84
referenced	0.65	0.82
pages	0.66	0.90
until	0.66	1.27
clicked	0.66	1.22
beats	0.66	0.84
helmets	0.66	1.12
enjoyable	0.66	1.27
monday	0.66	1.20
remake	0.66	0.97
till	0.66	1.24
other	0.66	0.80
fallout	0.66	1.69
special	0.66	1.02
hart	0.66	1.00
boyfriend	0.66	0.96
virtually	0.66	0.82
official	0.66	0.98
footage	0.66	0.94
should	0.66	1.92
today	0.67	1.14
happening	0.67	1.72
later	0.67	1.35
say	0.67	1.86
franchise	0.67	1.15
anybody	0.67	1.85
low	0.67	0.91
picked	0.67	1.07
tumblr	0.67	1.03
although	0.67	1.97
stun	0.67	0.97
looking	0.67	1.78
option	0.67	1.19
addressed	0.67	1.19
recent	0.67	1.01
need	0.67	1.72
wait	0.68	1.29
website	0.68	1.02
bear	0.68	1.07
draws	0.68	0.71
balanced	0.68	0.86
background	0.68	0.86
t	0.68	1.20
words	0.68	0.93
earlier	0.68	1.01
random	0.68	0.96
wasted	0.68	1.26
cheese	0.68	1.69
viable	0.68	0.83
ambient	0.68	0.84
healthy	0.68	0.65
questions	0.68	1.48
confirmation	0.69	1.25
beneath	0.69	1.04
swear	0.69	1.23
straight	0.69	0.99
codex	0.69	0.92
boat	0.69	1.63
removed	0.69	1.13
add	0.69	1.13
customer	0.69	0.87
romances	0.70	0.97
eventually	0.70	1.33
customization	0.70	1.02
read	0.70	0.82
lesbian	0.70	0.98
entertaining	0.70	1.74
meaningful	0.70	0.96
track	0.70	0.84
familiar	0.70	2.54
whatnot	0.70	1.09
happier	0.70	2.27
another	0.70	1.15
books	0.71	1.01
page	0.71	1.09
falling	0.71	0.76
hat	0.71	1.42
which	0.71	1.86
looked	0.71	1.38
buddies	0.71	0.74
lore	0.71	0.77
gives	0.71	1.04
misunderstood	0.71	2.75
intelligent	0.72	1.35
find	0.72	1.48
thick	0.72	1.00
spoilery	0.72	1.16
afaik	0.72	1.15
fingers	0.72	1.07
replace	0.72	0.71
equivalent	0.72	0.69
extensive	0.72	1.13
pushed	0.72	1.03
case	0.72	1.78
suited	0.72	0.93
satisfied	0.73	2.47
forth	0.73	1.24
place	0.73	1.44
suits	0.73	0.92
commentary	0.73	0.86
re	0.73	1.81
fandom	0.73	0.71
still	0.73	1.91
even	0.73	1.82
either	0.73	1.91
real	0.73	1.10
fixed	0.73	1.22
probably	0.74	1.93
havent	0.74	1.05
doable	0.74	1.09
ton	0.74	0.96
reddit	0.74	1.31
forum	0.74	1.22
spelling	0.74	1.98
could	0.74	1.77
example	0.74	1.30
territory	0.74	1.14
because	0.74	1.85
team	0.74	0.63
posted	0.74	1.19
mind	0.74	1.85
exceptions	0.75	0.75
universe	0.75	1.17
way	0.75	1.78
tavern	0.75	0.81
creates	0.75	1.09
trolling	0.75	1.08
scrolls	0.76	1.39
guessing	0.76	2.55
antivan	0.76	0.85
redo	0.76	1.03
consistently	0.76	0.97
worth	0.76	1.13
3rd	0.76	1.01
credit	0.76	0.80
bang	0.76	1.24
relatively	0.76	0.98
women	0.76	0.98
elder	0.76	1.07
twitter	0.76	0.95
hopefully	0.76	1.34
mix	0.76	0.84
loose	0.76	0.88
surprise	0.76	1.48
popping	0.77	0.84
straightforward	0.77	0.90
sandal	0.77	1.05
staves	0.77	0.70
came	0.77	1.23
also	0.77	1.92
res	0.77	0.83
provided	0.78	0.89
runes	0.78	0.73
word	0.78	1.23
likely	0.78	1.84
makeup	0.78	1.11
jade	0.78	1.70
seems	0.78	1.48
promised	0.78	1.05
vice	0.78	0.86
4th	0.78	0.97
characters	0.78	0.76
yesterday	0.78	1.12
goodbye	0.78	0.98
reason	0.78	1.67
see	0.78	1.75
realism	0.78	0.86
armour	0.78	1.07
tweet	0.78	0.90
any	0.78	1.32
recognize	0.79	1.17
spoiling	0.79	1.23
interactive	0.79	0.86
try	0.79	1.42
intriguing	0.79	1.18
arc	0.79	0.86
found	0.80	1.04
relevant	0.80	1.70
compare	0.80	1.86
wade	0.80	0.79
demanding	0.80	1.04
strictly	0.80	0.87
early	0.80	1.04
stories	0.80	0.66
explosive	0.80	1.02
knights	0.80	1.58
whole	0.81	0.93
noise	0.81	0.84
solution	0.81	1.12
unlike	0.81	2.26
commenting	0.81	1.02
opportunity	0.81	1.14
waiting	0.81	1.41
share	0.81	1.14
changed	0.82	0.70
patrick	0.82	0.89
rune	0.82	0.71
handled	0.82	1.68
our	0.82	0.96
rough	0.82	2.26
may	0.82	1.88
assume	0.82	1.92
tonight	0.82	1.31
might	0.82	1.88
appealing	0.83	1.26
hot	0.83	1.19
fairly	0.83	1.08
k	0.83	1.52
asian	0.83	0.82
helped	0.83	1.14
will	0.83	1.74
very	0.83	1.12
once	0.83	1.36
ahead	0.83	1.12
between	0.84	0.80
quiet	0.84	0.91
darkness	0.84	0.94
cutting	0.84	0.69
really	0.84	1.59
site	0.84	1.02
now	0.84	2.02
wont	0.84	1.51
similar	0.84	1.77
arrive	0.84	0.94
role	0.85	0.77
something	0.85	1.78
c	0.85	1.02
tomorrow	0.85	1.28
optimal	0.85	1.68
admittedly	0.86	0.78
efficient	0.86	1.24
equipped	0.86	0.69
kotor	0.86	2.48
specifics	0.86	1.51
dry	0.86	1.21
beneficial	0.86	1.23
advance	0.86	0.92
check	0.86	1.06
think	0.86	1.87
response	0.86	1.50
hits	0.86	0.98
funny	0.87	2.61
nothing	0.87	1.57
exciting	0.87	1.48
inspired	0.87	0.80
reliable	0.87	1.00
awhile	0.87	1.12
ladies	0.87	1.01
dorian	0.87	0.83
how	0.87	1.68
answered	0.88	1.18
confirm	0.88	1.16
romantic	0.88	1.24
fallen	0.88	0.82
helmet	0.89	1.11
girls	0.89	1.23
griffons	0.89	0.97
soon	0.89	1.47
pm	0.89	1.10
iron	0.89	0.81
wrote	0.89	0.92
got	0.89	1.18
seen	0.89	0.97
seemed	0.89	1.26
we	0.90	1.77
meant	0.90	2.74
captured	0.90	0.72
european	0.90	0.83
detail	0.90	0.75
staff	0.90	0.68
returns	0.90	0.91
professional	0.90	0.91
coincidence	0.90	1.48
capable	0.90	0.98
happen	0.91	1.71
sooner	0.91	1.26
tricky	0.91	0.98
updated	0.91	1.10
runs	0.92	1.04
book	0.92	0.85
exchange	0.92	0.86
glad	0.92	2.96
quote	0.92	1.32
fucking	0.92	2.26
adds	0.92	1.07
works	0.92	1.24
accurate	0.93	1.38
model	0.93	1.03
extra	0.93	1.05
ridiculously	0.93	1.07
fanbase	0.93	1.58
google	0.93	1.05
zero	0.93	0.81
bull	0.93	0.81
actually	0.93	1.84
realised	0.94	1.04
gaider	0.94	0.76
fucked	0.94	1.02
source	0.94	1.15
lot	0.94	1.13
hell	0.94	1.69
cant	0.94	1.48
quite	0.94	1.29
valuable	0.94	1.24
damnit	0.94	1.35
gift	0.95	0.77
assumed	0.95	1.63
joking	0.95	2.01
op	0.96	1.00
its	0.96	1.46
easter	0.96	0.89
feminine	0.96	0.96
maybe	0.96	1.80
expression	0.96	0.92
realistic	0.96	0.91
bard	0.96	0.80
since	0.96	1.19
sources	0.96	0.99
vaguely	0.96	1.02
yo	0.97	1.60
enough	0.97	1.43
adventures	0.97	0.91
genders	0.97	0.83
address	0.97	0.90
lets	0.98	1.26
grip	0.98	0.68
gotten	0.98	0.98
wiki	0.98	0.96
conversations	0.98	0.89
til	0.98	1.30
genuine	0.99	1.37
depth	0.99	0.86
protagonists	0.99	0.98
long	0.99	1.03
yet	0.99	1.29
jesus	0.99	1.55
wearing	0.99	1.21
storytelling	1.00	0.84
tried	1.00	1.07
series	1.01	2.13
david	1.01	0.74
part	1.01	1.25
phase	1.01	0.79
god	1.01	1.30
written	1.01	0.70
guild	1.01	1.13
clarify	1.02	1.84
write	1.02	0.72
banter	1.02	0.89
narrative	1.02	0.67
ll	1.02	1.71
additional	1.02	0.99
ve	1.03	1.05
clever	1.03	1.34
matches	1.03	0.73
smart	1.03	1.05
touch	1.04	0.77
script	1.04	0.98
message	1.04	1.11
ideal	1.04	1.38
had	1.04	1.14
already	1.04	1.37
ensure	1.04	1.75
been	1.04	1.15
sidebar	1.05	1.20
limits	1.05	1.69
always	1.05	1.55
edited	1.05	1.57
spoken	1.05	0.89
far	1.05	1.43
parts	1.05	0.72
dogma	1.05	0.90
only	1.05	1.59
here	1.05	1.31
hope	1.05	1.67
la	1.06	1.31
comment	1.06	1.70
versa	1.06	0.93
satisfying	1.06	1.54
fellow	1.06	1.12
da4	1.06	1.08
imagined	1.07	0.95
thread	1.07	1.29
worlds	1.07	0.67
important	1.07	1.42
possible	1.07	1.82
isnt	1.07	1.36
harding	1.07	1.28
again	1.08	1.60
lock	1.08	0.99
confident	1.09	2.05
least	1.09	1.76
problem	1.09	1.52
weekes	1.09	0.70
work	1.09	1.64
warning	1.09	1.19
logical	1.09	1.57
fleshed	1.09	0.77
checked	1.09	0.96
belt	1.09	0.68
d	1.09	1.69
definitely	1.09	1.78
speaking	1.09	1.69
full	1.09	0.91
rewarding	1.10	1.08
explanation	1.10	1.13
moments	1.10	1.17
um	1.10	1.28
complex	1.10	0.96
killer	1.11	0.85
honestly	1.11	1.69
obvious	1.11	1.89
music	1.11	0.82
particularly	1.12	0.94
engaging	1.12	0.90
ideas	1.12	0.98
article	1.12	0.99
hearing	1.12	1.08
deleted	1.12	1.10
forget	1.13	1.36
image	1.13	0.84
gone	1.13	1.25
dont	1.13	1.61
links	1.13	1.05
username	1.13	1.03
speak	1.14	0.79
swtor	1.14	1.35
nearly	1.14	0.88
guide	1.14	1.01
painful	1.14	2.10
exactly	1.14	1.74
blown	1.15	1.24
rng	1.15	1.13
never	1.15	1.28
look	1.15	1.35
smile	1.15	1.51
leaked	1.15	0.80
language	1.15	0.82
backstory	1.15	0.96
information	1.16	1.09
closest	1.16	1.84
common	1.16	1.39
row	1.16	1.02
relief	1.16	1.30
soft	1.17	1.08
didnt	1.17	1.47
dynamic	1.17	0.96
smoothly	1.17	0.91
safe	1.17	0.90
charming	1.17	1.49
writers	1.17	0.73
pls	1.17	1.53
aswell	1.18	1.36
effort	1.18	0.92
text	1.18	0.97
native	1.19	0.80
mr	1.20	0.93
in-depth	1.21	1.22
question	1.21	1.51
adorable	1.21	2.14
replied	1.21	1.54
locks	1.21	0.88
ive	1.21	0.96
surprising	1.21	1.34
popular	1.22	0.73
n	1.22	1.23
assuming	1.22	2.17
interactions	1.23	0.87
indeed	1.23	1.28
writer	1.23	0.73
hoped	1.24	2.31
soooo	1.24	1.23
spoilers	1.24	1.16
towers	1.24	2.10
arguably	1.24	1.45
blog	1.24	0.86
too	1.25	1.51
screenshot	1.25	0.92
attractive	1.25	1.01
protagonist	1.25	0.82
lines	1.26	0.95
mobile	1.26	1.12
perfect	1.26	1.77
done	1.26	1.19
fascinating	1.27	0.93
though	1.27	1.81
perfectly	1.27	1.10
literally	1.27	0.78
gt	1.27	1.00
happened	1.27	1.47
original	1.27	1.03
heard	1.28	0.91
spanish	1.28	0.78
no	1.28	1.47
men	1.28	1.12
listening	1.29	0.76
super	1.29	1.16
na	1.29	1.65
added	1.29	1.17
contribute	1.29	0.95
deal	1.30	1.04
draw	1.30	0.87
wonder	1.30	1.70
russian	1.30	0.85
bloody	1.30	1.04
u	1.30	1.65
woah	1.31	1.34
diverse	1.31	0.84
solid	1.31	2.12
dunno	1.31	1.67
cards	1.32	0.68
spoiler	1.32	1.09
surprisingly	1.32	1.21
endings	1.32	1.99
kinda	1.32	1.36
faq	1.33	1.10
sooo	1.33	1.26
jobs	1.34	0.74
thing	1.34	1.66
theres	1.34	1.20
subtitles	1.34	0.80
dudes	1.34	1.17
shot	1.34	0.88
cuz	1.35	1.51
insight	1.36	1.16
im	1.36	1.73
editing	1.36	0.75
link	1.36	1.17
sexy	1.36	1.24
varied	1.37	0.91
comic	1.37	0.84
o_o	1.37	1.39
precisely	1.38	0.77
determine	1.39	1.86
close	1.39	2.09
compelling	1.40	0.84
favourite	1.40	1.56
useful	1.40	2.21
finally	1.41	2.37
correctly	1.41	2.04
particular	1.42	1.38
hunter	1.42	0.68
big	1.42	1.67
title	1.42	1.20
wan	1.43	1.50
sense	1.44	1.35
realise	1.46	1.44
posting	1.46	1.25
unfortunately	1.46	1.65
calm	1.47	1.22
images	1.47	0.85
easiest	1.47	1.78
comparing	1.48	1.30
whoa	1.49	1.24
sucker	1.49	1.25
alot	1.50	1.21
listen	1.50	0.78
ftw	1.50	0.71
sounding	1.50	0.92
voiced	1.50	1.13
fit	1.50	1.19
reference	1.51	0.91
sounded	1.51	1.00
recognized	1.51	0.93
dat	1.51	1.11
unlikely	1.51	1.94
working	1.52	1.92
immersive	1.53	0.72
sir	1.53	1.41
highest	1.53	1.90
lavellan	1.54	2.04
clearing	1.54	1.25
sing	1.54	0.82
hear	1.54	0.87
helps	1.55	1.43
seriously	1.55	2.15
sigh	1.55	1.65
tags	1.55	1.26
song	1.56	0.84
rest	1.56	1.62
answers	1.57	1.23
together	1.57	0.63
feedback	1.57	1.29
input	1.58	1.39
krem	1.58	0.84
designs	1.59	0.90
unique	1.60	0.72
pretty	1.60	1.23
pictures	1.60	0.83
em	1.61	1.57
idk	1.61	1.83
imo	1.62	0.85
post	1.62	1.31
boys	1.62	1.18
reminds	1.63	1.59
spot	1.63	0.91
strongest	1.64	1.67
idea	1.64	1.56
phone	1.64	1.15
such	1.65	0.83
welcome	1.65	1.33
cool	1.66	2.43
recorded	1.67	0.78
tested	1.67	0.83
apologies	1.67	1.58
contrast	1.67	1.43
hello	1.67	1.49
singing	1.67	0.88
soundtrack	1.67	0.76
hooked	1.68	1.87
hoping	1.69	2.41
practically	1.69	0.79
german	1.70	0.84
enchantment	1.70	1.27
concept	1.71	0.94
aw	1.71	1.48
tarot	1.71	0.69
dear	1.72	0.92
technically	1.72	1.64
most	1.73	1.45
epic	1.73	1.23
forgive	1.73	1.66
cute	1.73	2.13
subtle	1.74	1.75
suggestion	1.75	1.25
decent	1.75	1.91
further	1.75	1.68
ill	1.75	1.45
sound	1.76	0.84
utterly	1.76	0.80
ever	1.77	1.74
confusion	1.77	1.51
tag	1.78	1.26
pic	1.78	1.05
hi	1.78	1.27
ta	1.78	1.44
dagna	1.79	0.96
regrets	1.79	1.44
tits	1.80	1.37
sliders	1.81	0.94
anyway	1.81	1.66
summary	1.81	0.90
suggestions	1.81	1.17
beast	1.82	0.67
thought	1.85	1.58
welp	1.86	1.35
favorites	1.87	1.57
fell	1.87	1.43
yea	1.87	1.57
english	1.88	0.81
record	1.88	0.77
songs	1.88	0.74
fine	1.90	1.39
fun	1.90	1.61
please	1.91	1.32
interest	1.91	1.56
remembered	1.91	0.77
believable	1.91	0.62
whoops	1.91	1.53
fan	1.91	1.63
10/10	1.92	0.93
realize	1.92	1.45
environment	1.94	0.67
fabulous	1.94	1.56
french	1.94	0.84
detailed	1.96	1.19
shots	2.00	0.79
picture	2.00	0.77
fitting	2.00	1.41
buddy	2.01	1.38
kidding	2.01	1.55
def	2.01	1.37
heads	2.03	1.35
quotes	2.03	1.47
handsome	2.03	1.61
accent	2.04	0.79
accents	2.04	0.82
nope	2.05	1.57
figured	2.05	1.51
wonderful	2.06	1.22
consistent	2.06	0.95
dude	2.07	1.52
jennifer	2.08	0.81
delivery	2.08	0.74
replies	2.09	1.30
hale	2.10	0.82
aww	2.11	1.29
delivered	2.11	1.18
bro	2.11	1.20
anyways	2.13	1.53
british	2.13	0.79
answering	2.14	1.28
screenshots	2.17	0.86
hehe	2.17	1.26
hmmm	2.17	1.35
combine	2.18	1.34
yay	2.20	1.28
lucky	2.20	1.78
gon	2.21	1.68
well-written	2.22	0.82
american	2.22	0.78
uh	2.23	1.35
voices	2.25	0.79
bet	2.25	1.52
neat	2.26	1.76
va	2.27	0.77
answer	2.27	1.34
quick	2.28	1.22
guess	2.30	1.52
oops	2.31	1.31
eh	2.32	1.24
nevermind	2.32	1.33
missed	2.33	1.51
nah	2.34	1.50
hm	2.34	1.33
totally	2.36	1.32
tips	2.36	1.19
yup	2.36	1.29
ya	2.39	1.52
o.o	2.39	1.32
forgot	2.41	1.40
must	2.41	1.43
hah	2.45	1.15
actors	2.45	0.98
info	2.46	1.22
ooh	2.48	1.32
fair	2.49	1.44
holy	2.49	1.32
well	2.50	1.61
listened	2.51	1.18
freaking	2.53	1.26
advice	2.53	1.22
clarification	2.53	1.31
excellent	2.53	1.47
badass	2.53	1.37
worthwhile	2.54	1.73
suppose	2.54	1.64
drawing	2.57	0.89
edit	2.58	1.42
heh	2.59	1.23
guys	2.62	1.32
voice	2.62	1.02
visuals	2.62	0.92
lt	2.62	1.06
appreciate	2.63	1.14
mate	2.63	1.32
truly	2.64	0.76
writing	2.64	0.93
charm	2.64	0.95
dang	2.65	1.35
huh	2.69	1.25
p	2.70	1.31
especially	2.70	0.90
lmao	2.70	1.26
tip	2.72	1.06
tho	2.73	1.30
goodness	2.74	1.16
thats	2.74	1.29
terrifying	2.74	1.05
sorry	2.76	1.33
ha	2.76	1.15
darn	2.77	0.95
hey	2.78	1.43
ah	2.79	1.28
reply	2.79	1.23
yes	2.81	1.41
art	2.82	0.70
actress	2.83	0.91
hmm	2.83	1.26
lol	2.84	1.39
bummer	2.84	1.47
luck	2.86	1.14
omg	2.87	1.15
wish	2.89	1.55
damn	2.89	1.21
hahaha	2.89	1.18
cheers	2.89	1.28
sounds	2.90	1.07
interesting	2.92	1.19
ahhh	2.92	1.28
amazingly	2.94	0.56
worked	2.94	1.30
oh	2.94	1.31
actor	2.94	0.75
ok	2.96	1.34
superb	2.97	0.96
ahh	3.00	1.20
man	3.00	1.39
worries	3.02	1.17
yep	3.02	1.29
nicely	3.03	0.58
appreciated	3.04	1.11
xd	3.05	1.20
hilarious	3.05	0.63
artist	3.07	0.72
memorable	3.07	0.54
btw	3.11	0.63
good	3.12	1.00
acting	3.13	0.75
thx	3.14	1.24
thank	3.14	1.23
plus	3.15	1.24
okay	3.16	1.32
yeah	3.20	1.32
absolutely	3.20	0.61
gotcha	3.21	1.17
haha	3.21	1.29
sharing	3.23	1.00
helpful	3.23	1.30
thanks	3.24	1.15
stunning	3.26	0.81
impressive	3.28	0.62
looks	3.28	0.86
alright	3.29	1.25
oooh	3.35	1.20
nailed	3.41	0.53
wow	3.42	0.73
sweet	3.45	0.60
great	3.45	0.57
incredible	3.47	0.59
lovely	3.50	0.66
brilliant	3.51	0.52
job	3.58	0.57
gorgeous	3.60	0.51
beautiful	3.63	0.51
