atrocities	-3.15	1.18
hating	-3.12	0.83
blamed	-3.07	0.68
worse	-3.06	0.72
genocide	-3.01	1.20
brutal	-2.98	1.22
committed	-2.94	1.26
responsible	-2.92	0.84
blaming	-2.90	0.87
massacre	-2.76	1.24
blame	-2.69	1.01
supported	-2.64	1.30
unfortunate	-2.61	1.35
victims	-2.59	1.32
camps	-2.57	1.22
implications	-2.55	1.31
fault	-2.55	1.38
potentially	-2.53	1.23
cleansing	-2.52	0.88
suffering	-2.51	1.33
faced	-2.49	1.10
bad	-2.49	1.73
humanity	-2.48	1.26
crimes	-2.47	0.96
holocaust	-2.46	0.69
scenario	-2.43	1.23
painful	-2.43	1.23
jews	-2.41	1.38
absolute	-2.39	1.23
conditions	-2.38	1.40
committing	-2.37	0.97
persecution	-2.37	0.67
mass	-2.36	0.86
accuse	-2.36	1.20
cared	-2.36	1.35
commit	-2.35	0.89
oppression	-2.33	0.69
condemn	-2.33	0.66
tragedy	-2.33	1.43
sympathy	-2.32	1.37
against	-2.31	1.38
acts	-2.30	0.85
murder	-2.29	0.88
terror	-2.26	0.69
racism	-2.26	1.39
discrimination	-2.25	1.49
homosexuals	-2.22	1.46
xenophobia	-2.17	1.41
croats	-2.17	0.79
shocking	-2.15	1.29
vocal	-2.15	1.52
serbs	-2.15	0.79
planet	-2.14	1.47
moment	-2.14	2.64
prejudice	-2.13	1.54
hatred	-2.13	1.50
real	-2.13	1.51
criticise	-2.12	0.94
bizarre	-2.12	1.62
gypsies	-2.10	1.61
treat	-2.07	1.37
shitty	-2.06	1.27
slavery	-2.06	0.72
violence	-2.06	0.75
denial	-2.05	0.74
gays	-2.05	1.60
criticize	-2.05	0.89
muslims	-2.04	1.59
supports	-2.03	1.76
towards	-2.01	1.46
romanians	-2.01	1.70
bosnia	-2.01	0.84
sake	-2.00	1.43
tolerate	-1.99	1.51
unlikely	-1.99	1.72
fucked	-1.98	1.64
biggest	-1.96	1.68
unfortunately	-1.95	2.83
crime	-1.94	0.76
exclude	-1.94	1.60
accused	-1.92	0.69
directed	-1.91	1.49
participated	-1.91	0.63
speech	-1.90	1.63
belongs	-1.90	1.93
nazism	-1.90	0.70
fear	-1.90	1.60
solely	-1.89	0.72
believed	-1.89	1.41
complain	-1.88	1.58
anger	-1.88	1.47
blacks	-1.86	1.07
unpopular	-1.86	1.30
punish	-1.85	0.77
owns	-1.84	1.90
stereotypes	-1.84	1.63
suffered	-1.84	0.76
screwed	-1.84	1.30
support	-1.83	0.70
makes	-1.83	2.33
colonialism	-1.81	0.82
bosnian	-1.81	0.75
destruction	-1.80	0.77
rarely	-1.80	1.42
punished	-1.80	0.78
guilty	-1.79	0.89
believes	-1.78	1.94
unfair	-1.78	1.82
imperialism	-1.78	0.74
convicted	-1.77	0.83
ignorance	-1.77	1.05
severe	-1.76	0.62
theft	-1.76	0.78
victim	-1.76	0.64
minorities	-1.76	1.18
deny	-1.76	1.37
strange	-1.74	1.75
anti-semitism	-1.74	1.03
charged	-1.74	0.83
criminal	-1.74	0.82
type	-1.74	1.53
hypocritical	-1.74	1.72
torture	-1.73	0.78
violent	-1.72	0.65
fears	-1.72	1.67
recognise	-1.71	0.91
much	-1.70	1.53
dictatorship	-1.68	0.72
caused	-1.67	0.72
occurred	-1.67	0.76
oppressive	-1.67	0.72
considering	-1.66	2.43
little	-1.66	2.44
poverty	-1.66	0.77
regime	-1.65	0.66
abuse	-1.65	0.71
supporting	-1.65	0.62
preventing	-1.65	0.89
extremism	-1.65	1.10
roma	-1.65	1.24
death	-1.65	0.88
situations	-1.64	0.86
regimes	-1.64	0.69
totalitarian	-1.63	0.72
assault	-1.62	0.77
ethnic	-1.62	0.79
blatant	-1.62	1.05
threats	-1.62	0.65
populism	-1.62	1.21
guilt	-1.62	0.82
stupidity	-1.60	0.92
fraud	-1.60	0.80
consequences	-1.59	0.71
justify	-1.59	1.21
causing	-1.59	0.72
authoritarian	-1.59	0.68
accusing	-1.59	1.04
bashing	-1.58	0.89
earth	-1.58	1.68
pure	-1.58	1.06
attacks	-1.57	0.71
belong	-1.57	1.42
events	-1.56	0.85
harsh	-1.55	1.37
albanians	-1.55	0.89
nationalism	-1.54	1.14
treating	-1.54	0.92
kind	-1.54	2.20
criminals	-1.54	0.73
casualties	-1.54	0.94
overthrow	-1.53	0.56
tatars	-1.53	0.97
suffer	-1.52	0.77
responsibility	-1.52	0.73
circumstances	-1.52	0.99
cases	-1.51	0.89
deaths	-1.51	0.89
oppose	-1.51	0.92
irrational	-1.50	1.24
dictators	-1.50	0.72
innocent	-1.50	0.87
bigger	-1.50	0.94
nuts	-1.50	1.39
lesser	-1.49	0.68
pathetic	-1.49	1.68
cause	-1.48	0.85
potential	-1.48	0.63
hurt	-1.48	0.80
fascism	-1.48	0.97
criticizing	-1.47	0.99
grave	-1.47	0.88
incompetence	-1.47	1.01
incidents	-1.46	0.81
ridiculous	-1.46	1.91
nazis	-1.46	0.82
consequence	-1.46	1.10
actions	-1.46	0.88
suicide	-1.45	0.85
pain	-1.44	0.85
punishment	-1.44	0.77
targeted	-1.44	0.64
involvement	-1.44	0.73
solved	-1.44	1.19
pro	-1.44	0.77
problematic	-1.44	0.98
bit	-1.43	2.44
criticism	-1.43	1.04
jew	-1.43	0.76
corruption	-1.42	0.82
coup	-1.42	0.64
unusual	-1.42	1.65
chance	-1.42	1.36
accusations	-1.41	1.24
ukrainians	-1.41	1.14
oppressed	-1.41	0.78
causes	-1.40	0.78
dislike	-1.40	1.42
toward	-1.40	1.01
mistakes	-1.40	1.73
threat	-1.40	0.86
installed	-1.40	0.60
concentration	-1.39	0.82
damage	-1.39	0.82
poles	-1.39	1.31
backed	-1.38	0.69
facing	-1.38	0.76
sense	-1.38	2.36
incident	-1.38	0.88
believing	-1.37	1.26
occur	-1.37	1.02
far	-1.37	1.67
hungarians	-1.37	1.18
ii	-1.37	1.77
risks	-1.37	0.75
bulgarians	-1.37	1.18
nazi	-1.37	0.79
russians	-1.36	1.20
inherent	-1.36	0.96
fate	-1.36	0.87
rule	-1.36	0.72
possible	-1.36	1.58
kosovo	-1.36	0.70
odd	-1.36	2.12
exists	-1.36	1.42
opposed	-1.36	0.97
dictator	-1.36	0.65
widespread	-1.35	0.95
trial	-1.35	0.98
prison	-1.35	0.91
racial	-1.34	1.24
hypocrisy	-1.34	1.08
harder	-1.34	1.15
wake	-1.34	1.62
situation	-1.34	1.37
integrating	-1.34	0.90
excuses	-1.34	1.12
civilians	-1.33	0.81
rape	-1.33	0.87
disgusting	-1.33	1.63
terrorism	-1.33	0.93
gotten	-1.32	1.25
lgbt	-1.31	1.18
extremists	-1.31	1.16
partly	-1.31	1.05
radical	-1.31	1.19
arabs	-1.31	1.23
revolution	-1.31	0.64
sentiment	-1.31	1.03
terrorist	-1.31	0.70
too	-1.30	2.39
directly	-1.29	1.13
harm	-1.29	0.81
germans	-1.29	1.25
loss	-1.29	0.80
escalation	-1.29	0.75
killing	-1.29	0.72
labor	-1.29	0.82
sort	-1.29	1.66
pro-russian	-1.28	0.72
minority	-1.28	0.77
phenomenon	-1.28	1.32
big	-1.28	1.13
led	-1.28	0.77
continued	-1.27	0.95
group	-1.27	0.85
losses	-1.27	0.79
richer	-1.27	0.80
camp	-1.27	0.82
fascist	-1.27	0.74
seem	-1.26	2.51
unacceptable	-1.26	2.04
chaos	-1.26	0.76
existence	-1.26	0.80
surprising	-1.26	2.06
aggression	-1.26	0.79
case	-1.26	2.33
whenever	-1.25	1.54
condition	-1.25	0.75
serbia	-1.25	0.73
handling	-1.25	0.90
laughable	-1.24	1.34
denying	-1.24	1.38
deported	-1.24	0.76
except	-1.24	2.01
christ	-1.24	1.43
prevented	-1.24	0.93
record	-1.24	1.55
depression	-1.23	0.80
annoying	-1.23	2.12
openly	-1.23	1.03
serious	-1.23	1.06
accountable	-1.23	0.81
bloody	-1.23	1.48
sanctions	-1.23	0.71
motivated	-1.22	0.96
fringe	-1.22	1.09
utter	-1.22	0.88
mh17	-1.22	0.94
crash	-1.22	0.94
forms	-1.22	1.05
petty	-1.22	1.03
uncommon	-1.22	1.16
felt	-1.22	2.18
treatment	-1.22	0.70
else	-1.22	2.18
resulted	-1.22	0.84
easier	-1.21	1.25
keeps	-1.21	1.25
massive	-1.21	0.75
jail	-1.21	0.91
lie	-1.21	1.50
israel	-1.21	0.94
nonsense	-1.20	1.04
gaza	-1.20	0.86
palestine	-1.20	1.00
no-one	-1.20	1.86
inevitable	-1.20	1.15
americans	-1.20	1.21
unnecessary	-1.20	1.10
jewish	-1.20	0.98
risk	-1.20	0.86
equal	-1.19	1.10
lying	-1.18	2.36
euromaidan	-1.18	0.71
gets	-1.18	1.64
tension	-1.18	1.00
perceived	-1.18	1.21
declaring	-1.18	0.85
convince	-1.17	1.48
terrorists	-1.17	0.70
statements	-1.17	1.56
ww1	-1.17	0.70
deport	-1.17	0.87
gov	-1.17	0.81
spite	-1.17	0.92
act	-1.17	0.89
peace	-1.17	0.85
killed	-1.16	0.81
confusing	-1.16	2.15
any	-1.16	1.94
naive	-1.16	2.06
uncomfortable	-1.16	2.27
negative	-1.16	0.92
excessive	-1.16	0.92
isis	-1.16	0.90
slightly	-1.15	1.84
main	-1.15	1.34
problem	-1.15	2.24
neo-nazis	-1.15	0.92
slaves	-1.15	0.84
accept	-1.14	1.81
prisoners	-1.14	0.91
serbian	-1.14	0.72
regard	-1.14	1.37
stealing	-1.14	0.90
grounds	-1.14	1.23
everything	-1.14	2.33
stalin	-1.13	0.67
noone	-1.13	1.85
human	-1.13	0.66
assumption	-1.13	2.62
murdered	-1.13	0.79
escalate	-1.13	1.07
extremist	-1.13	1.03
rare	-1.13	1.22
fascists	-1.13	0.95
poorer	-1.13	0.75
unreasonable	-1.13	1.37
danger	-1.12	0.89
costly	-1.12	0.89
israeli	-1.12	0.92
attitude	-1.12	0.87
belief	-1.12	1.33
worrying	-1.12	1.92
civil	-1.12	0.79
undemocratic	-1.12	1.07
accidents	-1.12	0.82
charges	-1.12	0.85
africans	-1.12	1.15
federalism	-1.12	0.88
event	-1.12	0.79
inefficient	-1.12	1.04
kinds	-1.12	1.68
behaviour	-1.12	0.92
cares	-1.11	2.36
leads	-1.11	0.93
favour	-1.11	1.02
desperate	-1.11	1.27
policies	-1.11	0.83
yugoslavia	-1.10	0.71
svoboda	-1.10	1.10
lead	-1.10	0.94
less	-1.10	1.20
faster	-1.10	0.95
absurd	-1.10	1.55
currently	-1.10	2.37
hitler	-1.10	0.85
scandal	-1.10	0.93
nationalists	-1.10	1.25
spreading	-1.10	1.16
calling	-1.10	0.99
aimed	-1.10	1.18
far-right	-1.10	1.25
tolerance	-1.10	0.90
blind	-1.10	1.15
strongly	-1.09	1.07
basically	-1.09	2.25
outright	-1.09	1.26
disregard	-1.09	0.99
romania	-1.09	1.18
were	-1.09	0.96
outrage	-1.09	0.93
equality	-1.09	1.13
further	-1.09	1.06
stronger	-1.09	0.94
considers	-1.08	2.40
croatian	-1.08	0.72
face	-1.08	0.82
anybody	-1.08	2.03
general	-1.08	0.95
pointless	-1.08	1.58
excuse	-1.08	1.25
communist	-1.07	0.70
gains	-1.07	0.77
sheer	-1.07	0.86
unrest	-1.07	0.83
bullying	-1.07	0.93
make	-1.07	2.21
murdering	-1.07	0.72
opponents	-1.07	0.93
armed	-1.06	0.69
effects	-1.06	0.94
knows	-1.06	2.45
shithole	-1.06	1.57
fled	-1.06	0.83
attacking	-1.06	0.88
patriotism	-1.06	0.99
ironic	-1.06	2.24
remotely	-1.05	1.82
surprise	-1.05	1.32
rebellion	-1.05	0.71
dismiss	-1.05	1.77
anyone	-1.05	2.14
huge	-1.05	0.94
supporters	-1.05	0.86
impact	-1.05	0.94
step	-1.05	1.26
future	-1.05	1.45
happens	-1.05	2.30
voted	-1.05	0.87
quite	-1.05	2.27
communism	-1.05	0.76
backwards	-1.05	0.83
prevalent	-1.05	1.00
zero	-1.05	1.10
europeans	-1.04	1.19
hamas	-1.04	0.78
fighting	-1.04	0.86
balkans	-1.04	0.73
physical	-1.04	0.77
feelings	-1.04	1.22
right-wing	-1.04	1.31
criticized	-1.04	1.04
wwii	-1.04	0.74
driven	-1.04	1.02
forward	-1.03	1.14
italians	-1.03	1.19
civilian	-1.03	0.85
prevent	-1.03	1.15
dramatic	-1.03	1.36
recognition	-1.03	0.83
isolation	-1.03	0.83
resulting	-1.03	0.80
progress	-1.03	0.83
serb	-1.03	0.72
sees	-1.03	2.39
puppet	-1.03	0.69
everyone	-1.03	1.99
ones	-1.03	1.93
essentially	-1.03	1.27
thus	-1.02	0.95
fought	-1.02	0.86
likes	-1.02	2.48
suspicious	-1.02	2.30
investigation	-1.02	1.03
everybody	-1.02	2.44
feel	-1.02	2.29
slow	-1.02	0.84
wing	-1.02	1.33
obvious	-1.02	1.92
possibility	-1.02	1.13
yanukovych	-1.01	0.71
thinks	-1.01	2.47
agrees	-1.01	2.48
extent	-1.01	1.59
lies	-1.01	1.35
gay	-1.01	1.15
corrupt	-1.01	0.96
racists	-1.01	1.10
childish	-1.01	1.54
unity	-1.01	0.84
deal	-1.01	1.41
hurting	-1.01	0.85
nobody	-1.01	2.02
sole	-1.01	0.91
indeed	-1.01	2.61
fight	-1.01	1.03
ww2	-1.00	0.76
left	-1.00	1.38
arrested	-1.00	0.83
effect	-1.00	1.09
finds	-1.00	1.71
claims	-1.00	1.58
plausible	-1.00	1.59
resistance	-1.00	0.82
obsessed	-1.00	1.73
complete	-1.00	0.89
judge	-1.00	1.26
executed	-1.00	0.78
whoever	-1.00	1.83
country	-0.99	1.30
richest	-0.99	1.03
thing	-0.99	2.74
czechs	-0.99	1.20
offense	-0.99	0.85
croatia	-0.99	0.72
complicated	-0.99	1.40
backing	-0.99	0.98
homosexual	-0.99	1.15
contract	-0.99	0.85
treated	-0.99	1.04
balkan	-0.99	0.76
feeling	-0.99	1.68
failure	-0.99	1.16
than	-0.98	1.10
sometimes	-0.98	2.21
slavs	-0.98	1.08
mental	-0.98	0.76
steps	-0.98	1.06
arrest	-0.98	0.91
bullshit	-0.98	1.19
direct	-0.98	0.99
others	-0.98	2.15
riots	-0.97	0.73
knew	-0.97	1.73
maidan	-0.97	0.76
stands	-0.97	1.81
rather	-0.97	2.09
increasingly	-0.97	1.07
very	-0.97	2.07
stop	-0.97	1.53
consider	-0.97	2.38
slowly	-0.97	1.21
attention	-0.97	0.92
dealing	-0.97	1.13
weakness	-0.97	1.25
itself	-0.97	1.84
involving	-0.97	0.91
leading	-0.97	0.81
marriage	-0.97	1.12
immediate	-0.97	1.01
enemy	-0.97	0.84
tolerant	-0.97	1.30
recognize	-0.96	1.16
argued	-0.96	1.33
place	-0.96	2.07
imposed	-0.96	0.82
suddenly	-0.96	1.79
justified	-0.96	1.48
feels	-0.96	2.17
almost	-0.96	1.85
express	-0.96	1.46
wants	-0.96	2.04
attack	-0.95	0.83
rightfully	-0.95	1.00
decisions	-0.95	1.10
spaniards	-0.95	1.17
attempts	-0.95	1.40
instability	-0.95	0.92
push	-0.95	1.25
single	-0.95	1.37
clue	-0.95	1.98
alleged	-0.95	0.87
despite	-0.95	1.05
spread	-0.94	1.01
dawn	-0.94	1.08
austerity	-0.94	0.85
claim	-0.94	2.02
hugely	-0.94	1.47
shift	-0.94	1.11
caring	-0.94	1.12
imperialist	-0.94	0.82
solve	-0.94	1.77
penalty	-0.94	1.02
yanukovich	-0.94	0.76
sends	-0.94	1.23
seems	-0.94	2.21
protests	-0.94	0.74
slave	-0.94	0.79
hardly	-0.94	1.83
communists	-0.94	0.96
incompetent	-0.94	1.30
idiotic	-0.94	1.67
whining	-0.93	1.11
nowadays	-0.93	1.61
integrate	-0.93	1.19
reality	-0.93	1.64
neo-nazi	-0.93	1.02
sanction	-0.93	0.79
palestinian	-0.93	0.86
nor	-0.93	2.45
stupid	-0.93	1.61
nation	-0.93	1.07
avoid	-0.93	1.09
ignoring	-0.93	1.45
stress	-0.93	0.85
deserves	-0.93	1.40
minor	-0.92	0.91
becomes	-0.92	1.44
significant	-0.92	1.04
defend	-0.92	1.39
trend	-0.92	1.02
court	-0.92	1.18
direction	-0.92	1.31
crap	-0.92	1.16
whatsoever	-0.92	1.32
enough	-0.91	2.45
due	-0.91	0.81
threatening	-0.91	0.89
terribly	-0.91	1.88
bodies	-0.91	0.92
conflict	-0.91	0.99
nationalist	-0.91	1.07
helped	-0.91	1.39
albania	-0.91	0.74
indians	-0.91	1.11
opposition	-0.91	0.94
one	-0.91	2.43
organized	-0.91	0.82
socialism	-0.91	0.86
integration	-0.91	1.02
precedent	-0.91	1.07
thankfully	-0.90	1.04
silly	-0.90	2.20
israelis	-0.90	1.07
respect	-0.90	0.88
ways	-0.90	1.38
judges	-0.90	1.14
xenophobic	-0.90	1.11
making	-0.90	1.78
ongoing	-0.90	0.98
bureaucracy	-0.90	0.93
bs	-0.90	1.13
charge	-0.90	1.11
9/11	-0.90	0.99
get	-0.90	2.32
outcome	-0.90	1.40
surely	-0.90	2.18
pushing	-0.90	1.27
accident	-0.90	1.18
promoting	-0.90	0.95
anti	-0.90	0.99
dealt	-0.90	1.43
unification	-0.90	0.82
scale	-0.90	0.84
notion	-0.89	1.37
present	-0.89	1.52
collective	-0.89	0.82
action	-0.89	0.99
world	-0.89	1.22
virtually	-0.89	1.48
relevance	-0.89	1.16
understands	-0.89	2.44
someone	-0.89	1.90
foreigners	-0.89	1.29
tends	-0.89	1.14
carried	-0.89	0.81
compensation	-0.89	0.87
hopefully	-0.89	1.70
find	-0.89	2.24
resist	-0.89	1.43
proven	-0.89	1.70
sick	-0.89	2.17
major	-0.88	1.19
acknowledge	-0.88	1.83
rights	-0.88	0.95
turks	-0.88	1.19
courts	-0.88	1.19
leaning	-0.88	1.12
stance	-0.88	1.07
racist	-0.88	1.15
latvians	-0.88	1.17
path	-0.88	1.02
most	-0.88	1.57
themselves	-0.88	1.69
perhaps	-0.88	2.83
blatantly	-0.88	1.78
palestinians	-0.88	0.99
being	-0.88	1.71
completely	-0.88	1.80
exist	-0.88	2.62
soviets	-0.87	0.84
bias	-0.87	1.25
comparison	-0.87	1.95
amusing	-0.87	2.02
involved	-0.87	1.05
disaster	-0.87	1.07
trust	-0.87	2.38
saying	-0.87	3.21
leadership	-0.87	1.08
useless	-0.87	1.47
basis	-0.87	1.38
intervention	-0.87	0.80
moves	-0.87	1.11
pretend	-0.87	2.87
larger	-0.87	0.92
natives	-0.87	1.03
decides	-0.87	1.80
crimeans	-0.87	0.85
anything	-0.86	2.73
lithuanians	-0.86	1.18
whole	-0.86	1.86
measures	-0.86	0.92
organised	-0.86	0.77
favor	-0.86	1.19
follows	-0.86	2.38
given	-0.86	1.55
firmly	-0.86	1.13
involves	-0.86	1.08
collapse	-0.86	0.88
result	-0.86	1.08
hardcore	-0.86	1.25
ebola	-0.86	0.88
threaten	-0.86	1.01
embargo	-0.86	0.76
us	-0.85	1.79
poor	-0.85	0.68
hypothetical	-0.85	1.34
simply	-0.85	3.32
harmful	-0.85	0.85
standards	-0.85	0.78
extremely	-0.85	1.88
protest	-0.85	0.79
does	-0.85	2.59
conflicts	-0.85	0.91
sexual	-0.85	0.91
comparable	-0.85	0.99
secede	-0.85	0.91
plain	-0.84	1.40
justice	-0.84	0.84
kurds	-0.84	1.00
deserved	-0.84	1.02
assad	-0.84	0.74
procedure	-0.84	0.90
ideology	-0.84	0.95
relative	-0.84	0.90
problems	-0.84	1.30
apparent	-0.84	1.29
awkward	-0.84	2.23
canadians	-0.84	1.21
kiev	-0.84	0.76
freedom	-0.84	0.98
argument	-0.84	2.08
considerably	-0.84	1.36
seemed	-0.83	2.06
significantly	-0.83	1.16
utterly	-0.83	1.31
total	-0.83	0.90
happened	-0.83	2.22
offensive	-0.83	1.66
necessity	-0.83	1.12
constantly	-0.83	1.24
anti-immigration	-0.83	1.05
possibly	-0.83	2.03
attitudes	-0.83	1.08
frankly	-0.82	1.68
ideologies	-0.82	0.95
compared	-0.82	1.30
dangerous	-0.82	1.07
inequality	-0.82	0.95
equals	-0.82	1.03
struggle	-0.82	0.87
right	-0.82	3.10
leftist	-0.82	1.11
debatable	-0.82	1.66
fantasy	-0.82	1.02
seemingly	-0.82	1.36
nothing	-0.82	2.82
rhetoric	-0.82	1.20
holds	-0.82	1.52
anymore	-0.82	2.79
acted	-0.82	1.24
beyond	-0.81	1.49
tiny	-0.81	1.05
imposing	-0.81	0.90
propaganda	-0.81	1.30
attempted	-0.81	1.51
ignore	-0.81	1.89
ridiculously	-0.81	1.83
leftists	-0.81	1.13
protesting	-0.81	0.96
caught	-0.81	1.09
affect	-0.81	1.39
crimean	-0.81	0.82
west	-0.81	1.11
false	-0.81	2.07
race	-0.81	1.19
lied	-0.81	1.36
theories	-0.80	1.20
assumptions	-0.80	1.68
although	-0.80	2.92
moderate	-0.80	1.15
extreme	-0.80	1.26
gives	-0.80	1.50
tensions	-0.80	0.99
regards	-0.80	1.19
populist	-0.80	1.09
heading	-0.80	1.24
fact	-0.80	2.93
lose	-0.80	1.62
logic	-0.80	2.03
prosperity	-0.80	0.84
none	-0.80	1.78
criteria	-0.80	0.94
expensive	-0.80	0.76
died	-0.80	0.87
anywhere	-0.80	1.88
difficult	-0.79	1.44
large	-0.79	0.95
homosexuality	-0.79	1.23
groups	-0.79	0.92
government	-0.79	0.84
necessarily	-0.79	2.75
losing	-0.79	1.07
re	-0.79	3.25
who	-0.79	1.83
strawman	-0.79	1.70
begging	-0.79	0.99
insist	-0.79	1.38
statement	-0.79	2.14
annoyed	-0.79	2.45
nationalistic	-0.79	1.01
conspiracy	-0.79	1.11
ruling	-0.79	0.91
rebels	-0.79	0.76
flee	-0.79	0.98
lately	-0.78	1.42
highly	-0.78	1.71
pressure	-0.78	0.96
somebody	-0.78	1.78
secession	-0.78	0.80
somehow	-0.78	1.99
intervene	-0.78	1.55
has	-0.78	2.18
pro-eu	-0.78	0.99
success	-0.78	0.99
personally	-0.78	2.69
left-wing	-0.78	1.14
freedoms	-0.78	1.02
trigger	-0.78	0.87
troubles	-0.78	1.02
leaves	-0.78	1.58
getting	-0.78	1.79
succeed	-0.78	1.47
gain	-0.77	1.21
speculation	-0.77	1.15
particularly	-0.77	1.66
democratically	-0.77	0.88
improving	-0.77	0.85
improved	-0.77	0.98
largest	-0.77	1.35
movement	-0.77	1.00
keep	-0.77	1.80
masses	-0.77	1.12
immigrants	-0.77	1.01
insulting	-0.77	1.53
reaction	-0.77	1.09
addressed	-0.77	1.50
absolutely	-0.77	1.72
crisis	-0.76	1.03
credibility	-0.76	1.02
brits	-0.76	1.21
wise	-0.76	1.65
even	-0.76	2.95
sure	-0.76	3.22
organisations	-0.76	0.91
abortion	-0.76	1.10
either	-0.76	3.41
strict	-0.76	0.88
mess	-0.76	1.32
swedes	-0.76	1.13
puts	-0.76	1.78
crises	-0.76	0.98
continues	-0.76	1.27
impose	-0.76	0.87
governments	-0.76	0.87
expansion	-0.76	0.92
meddling	-0.76	0.86
incredibly	-0.76	1.95
he	-0.76	1.84
shocked	-0.76	2.55
doubt	-0.76	2.90
give	-0.75	2.03
prove	-0.75	2.10
ever	-0.75	2.59
selfish	-0.75	1.41
invasions	-0.75	0.77
finns	-0.75	1.21
fool	-0.75	1.65
rest	-0.75	1.04
matter	-0.75	2.82
occupation	-0.75	0.81
protestors	-0.75	0.81
ultimately	-0.75	1.27
expressed	-0.75	1.34
quit	-0.75	1.36
resolve	-0.75	1.25
straight	-0.75	1.23
grasp	-0.75	1.56
socialists	-0.75	1.10
separatist	-0.75	0.78
today	-0.75	2.88
drone	-0.75	0.73
reasons	-0.75	1.42
effort	-0.75	1.58
movements	-0.75	0.94
demands	-0.75	1.31
insignificant	-0.75	1.34
pity	-0.74	1.55
help	-0.74	2.32
attempt	-0.74	1.60
stability	-0.74	0.94
care	-0.74	2.67
reason	-0.74	2.96
eurosceptic	-0.74	1.07
concerns	-0.74	1.07
issue	-0.74	1.91
judgement	-0.74	1.60
snp	-0.74	1.07
ukrainian	-0.74	0.79
approve	-0.74	0.97
talk	-0.74	2.25
wonder	-0.74	2.78
foreigner	-0.74	1.33
targets	-0.74	0.82
facts	-0.74	1.81
muslim	-0.74	1.11
definitely	-0.74	2.90
react	-0.73	1.51
applies	-0.73	1.52
strongest	-0.73	1.22
disease	-0.73	0.79
proved	-0.73	1.51
anti-eu	-0.73	1.02
declare	-0.73	1.04
exclusively	-0.73	1.09
funded	-0.73	0.78
often	-0.73	1.60
separatists	-0.73	0.76
repeating	-0.73	1.59
majority	-0.73	0.89
socialist	-0.73	0.99
associate	-0.73	1.23
acceptance	-0.73	1.02
controls	-0.73	0.91
parties	-0.73	1.14
honestly	-0.73	2.73
trouble	-0.72	1.30
determination	-0.72	1.22
cancer	-0.72	0.83
happening	-0.72	2.83
fourth	-0.72	1.21
unless	-0.72	2.72
complaining	-0.72	1.59
protesters	-0.72	0.78
heavy	-0.72	0.79
realistically	-0.72	1.78
populace	-0.72	0.93
concept	-0.72	1.42
complex	-0.72	1.57
somewhat	-0.72	2.00
desperately	-0.72	1.52
sides	-0.72	1.74
genuine	-0.72	1.17
tried	-0.72	1.81
point	-0.72	3.36
third	-0.72	1.25
stays	-0.72	1.42
deeply	-0.71	1.85
tries	-0.71	1.79
exactly	-0.71	3.42
bribe	-0.71	1.02
contact	-0.71	1.14
benefit	-0.71	0.96
publicly	-0.71	1.50
avoided	-0.71	1.34
leave	-0.70	1.96
defeat	-0.70	0.77
nationalities	-0.70	1.11
3rd	-0.70	1.21
jurisdiction	-0.70	1.19
whether	-0.70	2.16
activists	-0.70	0.81
how	-0.70	2.78
address	-0.70	1.64
dead	-0.70	0.94
imply	-0.70	2.53
kills	-0.70	0.91
exploit	-0.70	1.09
eurosceptics	-0.70	1.05
sudden	-0.70	1.14
invasion	-0.70	0.83
syriza	-0.70	1.12
sue	-0.70	1.15
siberia	-0.70	0.80
emotional	-0.70	1.18
dying	-0.70	0.88
opportunity	-0.70	1.84
especially	-0.70	1.46
followed	-0.70	1.09
managed	-0.69	1.77
massively	-0.69	1.54
loses	-0.69	1.52
outdated	-0.69	1.74
constant	-0.69	0.86
viewed	-0.69	1.17
claiming	-0.69	1.66
stake	-0.69	1.30
fairly	-0.69	1.91
republic	-0.69	0.76
size	-0.69	1.03
thugs	-0.69	0.84
overall	-0.69	1.02
arrogant	-0.69	1.43
steal	-0.69	0.94
1939	-0.69	0.84
order	-0.69	1.73
while	-0.69	2.05
self	-0.69	1.25
libertarian	-0.69	1.04
authority	-0.69	1.13
works	-0.69	2.44
irrelevant	-0.69	1.65
attempting	-0.69	1.73
already	-0.69	2.77
arguments	-0.69	1.71
gender	-0.69	1.21
repeated	-0.69	1.38
gaining	-0.69	1.21
work	-0.69	2.50
stopped	-0.69	1.43
under	-0.69	0.81
doesnt	-0.69	1.94
hearing	-0.69	1.32
special	-0.69	1.12
slovenia	-0.68	0.76
truth	-0.68	2.00
believe	-0.68	3.09
conventional	-0.68	1.00
humans	-0.68	0.70
solidarity	-0.68	1.08
supreme	-0.68	1.25
which	-0.68	3.01
unstable	-0.68	1.06
continue	-0.68	1.70
justification	-0.68	1.47
something	-0.68	3.07
aggressive	-0.68	0.96
mind	-0.68	3.04
trying	-0.68	1.92
limiting	-0.68	1.02
judicial	-0.68	1.02
forget	-0.68	2.40
slightest	-0.68	1.60
true	-0.68	3.47
party	-0.68	1.14
refugees	-0.68	0.93
refugee	-0.68	0.91
only	-0.68	3.10
impression	-0.68	2.73
war	-0.68	0.78
needs	-0.68	1.90
conquer	-0.67	1.02
otherwise	-0.67	2.80
things	-0.67	2.60
limits	-0.67	0.94
ignorant	-0.67	1.46
really	-0.67	2.99
recognised	-0.67	1.13
balance	-0.67	0.95
liberals	-0.67	1.11
why	-0.67	3.07
overwhelmingly	-0.67	0.95
see	-0.67	2.99
quickly	-0.67	1.77
sacrifice	-0.67	0.88
take	-0.67	2.13
meaningful	-0.67	1.24
rise	-0.67	1.02
mean	-0.67	3.12
regularly	-0.67	1.22
spectrum	-0.67	1.36
disappear	-0.67	1.92
worthless	-0.67	1.08
britons	-0.66	1.18
reforms	-0.66	1.08
sent	-0.66	1.03
gained	-0.66	1.08
embarrassing	-0.66	2.17
whatever	-0.66	2.60
achieved	-0.66	1.27
hand	-0.66	1.95
ordinary	-0.66	1.07
starts	-0.66	1.51
affected	-0.66	0.95
issues	-0.66	1.45
importance	-0.66	1.02
conservative	-0.66	1.13
fails	-0.66	1.70
governance	-0.66	0.93
imagine	-0.66	2.91
opposing	-0.66	1.19
happen	-0.66	2.87
tell	-0.66	2.94
bribes	-0.66	0.98
ukranian	-0.66	0.80
overly	-0.66	1.66
them	-0.65	2.25
germany	-0.65	0.86
magically	-0.65	1.86
golden	-0.65	1.05
engaged	-0.65	0.92
4th	-0.65	1.24
liberty	-0.65	0.93
itt	-0.65	1.02
alone	-0.65	2.27
form	-0.65	1.41
barely	-0.65	1.79
turning	-0.65	1.17
pretending	-0.65	1.64
ends	-0.65	1.55
restricted	-0.65	0.97
wars	-0.65	0.80
creating	-0.65	1.07
conservatives	-0.65	1.09
yet	-0.64	2.96
usual	-0.64	0.90
gradually	-0.64	1.45
participate	-0.64	1.14
riot	-0.64	0.79
without	-0.64	1.48
create	-0.64	1.19
never	-0.64	2.68
cooperate	-0.64	1.56
appeal	-0.64	1.23
when	-0.64	2.57
restrictions	-0.64	0.87
cheaper	-0.64	0.92
scum	-0.64	0.97
advantage	-0.64	1.17
unable	-0.64	1.76
task	-0.64	1.19
vote	-0.64	1.38
certainly	-0.64	3.14
failing	-0.64	1.66
assume	-0.64	2.95
generally	-0.64	1.63
recovery	-0.64	0.95
entirely	-0.64	1.79
know	-0.64	3.14
deterrent	-0.64	0.98
privacy	-0.64	0.96
liberal	-0.64	1.10
structural	-0.64	1.22
easily	-0.64	2.01
impossible	-0.63	1.61
come	-0.63	2.51
govern	-0.63	1.49
21st	-0.63	1.08
talking	-0.63	3.01
cia	-0.63	0.83
defeated	-0.63	0.81
board	-0.63	0.86
approach	-0.63	1.48
sharia	-0.63	1.13
process	-0.63	1.04
because	-0.63	3.17
liberalism	-0.63	0.96
focusing	-0.63	1.20
shady	-0.63	0.94
kinda	-0.63	2.40
cutting	-0.63	0.91
end	-0.63	2.36
belgians	-0.63	1.13
substantial	-0.63	0.98
keeping	-0.63	1.13
accepting	-0.63	1.33
advantages	-0.63	1.25
denied	-0.63	1.53
think	-0.63	3.16
maybe	-0.63	3.11
say	-0.63	3.14
sensitive	-0.63	1.59
austrians	-0.63	1.27
need	-0.62	2.51
echr	-0.62	1.32
been	-0.62	2.47
overnight	-0.62	1.94
become	-0.62	1.58
might	-0.62	2.90
spirit	-0.62	0.82
upon	-0.62	1.26
constitutional	-0.62	0.97
albanian	-0.62	0.73
consideration	-0.62	1.15
legitimacy	-0.62	1.03
repeatedly	-0.62	1.76
could	-0.62	2.57
try	-0.62	1.97
factors	-0.62	1.23
annexation	-0.62	0.86
probably	-0.62	3.14
ability	-0.62	1.75
however	-0.62	3.21
smaller	-0.62	1.04
allows	-0.62	1.74
romanian	-0.62	1.16
democracy	-0.62	0.88
also	-0.62	3.14
danes	-0.62	1.11
views	-0.62	1.11
millions	-0.61	0.85
unwilling	-0.61	1.83
decide	-0.61	1.99
montenegro	-0.61	0.74
goes	-0.61	1.89
implement	-0.61	1.04
instance	-0.61	1.70
refuses	-0.61	1.89
hint	-0.61	1.23
rapidly	-0.61	1.21
instantly	-0.61	1.65
determine	-0.61	1.45
ukraine	-0.61	0.83
hard	-0.61	1.82
fix	-0.61	1.87
beings	-0.61	0.80
reunification	-0.61	0.95
laws	-0.61	0.89
actively	-0.61	1.38
did	-0.61	2.75
agree	-0.61	3.50
suspect	-0.61	1.86
pulling	-0.61	1.79
person	-0.61	1.63
affects	-0.61	1.14
actually	-0.61	3.11
another	-0.61	1.46
allied	-0.61	0.82
claimed	-0.61	1.71
turn	-0.61	1.85
bulgaria	-0.60	0.79
still	-0.60	3.17
shooting	-0.60	0.81
ca	-0.60	2.39
police	-0.60	0.82
greater	-0.60	1.01
normally	-0.60	1.45
relatively	-0.60	1.58
perspective	-0.60	1.75
going	-0.60	2.87
now	-0.60	3.16
thousands	-0.60	0.82
ignores	-0.60	1.33
equally	-0.60	1.45
opinion	-0.60	1.79
doing	-0.60	3.03
moldova	-0.59	0.79
settlement	-0.59	1.01
handle	-0.59	1.54
islamic	-0.59	1.20
wanting	-0.59	1.90
powerful	-0.59	0.98
manage	-0.59	1.86
remember	-0.59	2.62
democrats	-0.59	1.11
westerners	-0.59	1.18
donetsk	-0.59	0.79
rockets	-0.59	0.81
able	-0.59	2.01
abolished	-0.59	1.07
wwi	-0.59	0.80
strikes	-0.59	0.82
asks	-0.59	1.87
heard	-0.59	2.00
external	-0.59	0.97
migration	-0.59	0.91
objectively	-0.59	1.30
controlling	-0.59	1.07
principle	-0.59	1.06
spying	-0.59	1.08
controversial	-0.58	1.04
individuals	-0.58	0.87
gypsy	-0.58	1.02
legitimate	-0.58	1.29
once	-0.58	2.39
achieve	-0.58	1.26
plane	-0.58	0.88
czechoslovakia	-0.58	0.86
coalition	-0.58	1.08
chances	-0.58	1.30
course	-0.58	3.23
firstly	-0.58	1.13
pattern	-0.58	1.18
trusted	-0.58	1.91
fraction	-0.58	0.91
questioning	-0.58	1.71
cry	-0.58	1.24
represents	-0.58	1.20
damaging	-0.58	0.87
internal	-0.58	1.09
elements	-0.58	1.11
brit	-0.58	1.51
becoming	-0.58	1.44
conclusions	-0.58	1.83
then	-0.58	2.93
tough	-0.58	2.00
weak	-0.58	1.31
forcing	-0.58	1.86
object	-0.58	1.24
neither	-0.58	2.76
strength	-0.58	0.99
bombing	-0.58	0.74
lazy	-0.58	1.25
surveillance	-0.58	0.81
capitalist	-0.58	0.90
fights	-0.57	0.78
reminded	-0.57	1.54
analogy	-0.57	2.22
obviously	-0.57	3.16
changes	-0.57	1.20
stand	-0.57	2.00
kill	-0.57	0.79
ask	-0.57	2.65
attacked	-0.57	0.86
theory	-0.57	1.41
nukes	-0.57	0.97
peacefully	-0.57	1.36
such	-0.57	1.42
again	-0.57	2.91
failed	-0.57	1.61
started	-0.57	1.62
law	-0.57	0.96
mentality	-0.57	1.05
stops	-0.57	1.34
fail	-0.57	1.98
bothered	-0.57	2.00
choice	-0.57	2.45
rude	-0.57	1.71
fn	-0.57	1.09
reasoning	-0.57	2.07
defensive	-0.57	1.03
sex	-0.57	1.06
community	-0.57	1.01
frequently	-0.57	1.25
had	-0.57	2.33
call	-0.57	2.03
rules	-0.57	0.97
democratic	-0.56	0.97
syrian	-0.56	0.90
ourselves	-0.56	2.07
oligarchs	-0.56	0.83
albeit	-0.56	1.75
superpower	-0.56	0.93
organization	-0.56	0.87
elected	-0.56	1.01
concern	-0.56	1.61
based	-0.56	1.40
dispute	-0.56	1.20
greens	-0.56	1.10
behave	-0.56	1.10
effectively	-0.55	1.33
explain	-0.55	2.76
combined	-0.55	0.91
deliberately	-0.55	1.71
note	-0.55	2.58
immigration	-0.55	1.05
always	-0.55	3.04
individual	-0.55	1.09
garbage	-0.55	0.95
expression	-0.55	1.32
pushed	-0.55	1.21
allowing	-0.55	1.72
indirectly	-0.55	1.09
bound	-0.55	1.22
namely	-0.55	1.03
iraqi	-0.55	0.87
countries	-0.55	1.13
proves	-0.55	1.27
democrat	-0.55	1.17
prior	-0.55	1.43
contribute	-0.55	1.28
taking	-0.55	1.73
brainwashed	-0.55	1.45
talks	-0.55	1.44
organizations	-0.55	0.90
soon	-0.55	2.09
view	-0.55	1.48
calls	-0.55	1.64
argue	-0.55	2.96
dumb	-0.55	1.58
monarchy	-0.55	0.67
fundamental	-0.55	0.95
him	-0.55	1.75
assembly	-0.54	1.07
disputes	-0.54	1.10
holding	-0.54	1.23
operation	-0.54	0.81
lenin	-0.54	0.81
rebel	-0.54	0.82
decline	-0.54	0.98
small	-0.54	1.07
moving	-0.54	1.43
struggling	-0.54	1.30
began	-0.54	1.45
declared	-0.54	1.08
ruled	-0.54	0.77
display	-0.54	0.91
progressive	-0.54	1.06
way	-0.54	2.90
stuff	-0.54	1.68
unite	-0.54	1.19
creates	-0.54	1.02
genuinely	-0.54	1.88
unilaterally	-0.54	1.09
reject	-0.54	1.48
intent	-0.54	1.47
continuing	-0.54	1.20
democracies	-0.53	0.84
minded	-0.53	1.37
following	-0.53	1.22
ussr	-0.53	0.84
got	-0.53	1.96
back	-0.53	2.15
seeking	-0.53	1.38
willing	-0.53	2.06
needed	-0.53	1.73
deflation	-0.53	0.96
crimea	-0.53	0.85
conduct	-0.53	0.97
position	-0.53	1.27
side	-0.53	2.18
important	-0.53	1.26
armenia	-0.53	0.83
supporter	-0.53	1.32
positive	-0.53	1.21
independence	-0.53	0.90
secular	-0.53	1.12
realized	-0.53	1.71
electorate	-0.53	1.07
defending	-0.53	1.49
join	-0.53	1.36
nevertheless	-0.53	1.68
politician	-0.53	1.51
simple	-0.53	1.65
reich	-0.53	0.81
done	-0.53	2.96
proof	-0.52	1.73
purely	-0.52	1.21
catholics	-0.52	1.21
lobby	-0.52	0.76
recognized	-0.52	1.18
recent	-0.52	1.22
incentive	-0.52	1.98
warfare	-0.52	0.84
unions	-0.52	0.88
hostile	-0.52	0.99
ve	-0.52	2.58
practical	-0.52	1.17
bring	-0.52	1.75
admitted	-0.52	1.67
uneducated	-0.52	1.28
macedonia	-0.52	0.75
immediately	-0.52	1.93
refused	-0.51	1.87
self-determination	-0.51	0.93
hence	-0.51	1.79
artificial	-0.51	1.25
labour	-0.51	1.04
shall	-0.51	1.35
state	-0.51	1.02
arms	-0.51	0.83
repeat	-0.51	1.71
turnout	-0.51	1.43
putin	-0.51	1.22
participation	-0.51	0.96
mindset	-0.51	1.10
obligation	-0.51	1.65
move	-0.51	1.74
assholes	-0.51	1.40
up	-0.51	2.09
escape	-0.51	0.98
evil	-0.51	0.86
delay	-0.51	1.25
volunteers	-0.50	0.93
engage	-0.50	1.11
acting	-0.50	1.27
establishment	-0.50	1.04
violation	-0.50	1.02
where	-0.50	2.74
refuse	-0.50	2.00
therefore	-0.50	1.88
confused	-0.50	2.62
belarus	-0.50	0.83
enforced	-0.50	0.99
practically	-0.50	1.62
least	-0.50	2.65
baltics	-0.50	0.89
nearly	-0.50	1.70
forced	-0.50	2.01
mad	-0.50	2.02
demonstrate	-0.50	1.40
remains	-0.50	1.31
required	-0.50	1.54
expect	-0.50	2.74
fiscal	-0.50	1.06
types	-0.50	1.03
depends	-0.49	1.74
legal	-0.49	1.08
continent	-0.49	1.03
fighters	-0.49	0.84
policy	-0.49	1.05
poland	-0.49	0.85
start	-0.49	1.82
pole	-0.49	1.21
bomb	-0.49	0.80
lack	-0.49	1.15
invaded	-0.49	0.98
communities	-0.49	1.00
longer	-0.49	2.09
independent	-0.49	1.03
honest	-0.49	2.86
depressing	-0.49	1.54
invade	-0.49	1.03
hold	-0.49	1.69
second	-0.49	1.40
governed	-0.49	1.04
lib	-0.49	1.07
erdogan	-0.49	0.95
realize	-0.49	2.97
ignored	-0.49	1.92
sovereignty	-0.49	0.94
exception	-0.48	1.64
requires	-0.48	1.50
before	-0.48	2.15
assimilate	-0.48	1.02
superiority	-0.48	1.08
shock	-0.48	1.09
existed	-0.48	1.33
severely	-0.48	1.25
contrary	-0.48	1.37
economic	-0.48	0.87
army	-0.48	0.86
myth	-0.48	1.09
franco	-0.48	0.77
symbolic	-0.48	0.93
worlds	-0.48	1.47
ukip	-0.48	1.10
granted	-0.48	1.26
global	-0.48	0.89
federation	-0.48	0.97
shill	-0.48	1.24
opportunities	-0.48	1.45
starting	-0.48	1.75
regular	-0.48	1.09
censorship	-0.48	0.92
inevitably	-0.47	1.56
representative	-0.47	1.01
having	-0.47	1.78
expressing	-0.47	1.33
20th	-0.47	0.94
vague	-0.47	1.75
representatives	-0.47	1.03
fallacy	-0.47	1.61
response	-0.47	1.37
elect	-0.47	1.20
chechnya	-0.47	0.83
leaving	-0.47	1.30
decision	-0.47	1.68
same	-0.47	2.78
admit	-0.47	2.64
compromise	-0.47	1.36
poorest	-0.47	0.94
matters	-0.47	1.55
part	-0.47	1.09
trash	-0.47	1.02
deciding	-0.47	1.55
made	-0.47	2.01
follow	-0.47	1.42
leaders	-0.47	1.02
mission	-0.47	0.87
regulations	-0.47	0.89
methods	-0.47	0.85
atheist	-0.47	1.17
yourself	-0.46	2.18
introduce	-0.46	1.14
out	-0.46	2.14
legislation	-0.46	1.07
quo	-0.46	1.07
comply	-0.46	1.19
letting	-0.46	1.96
weaker	-0.46	1.11
tests	-0.46	1.08
idiots	-0.46	1.27
free	-0.46	1.06
shot	-0.46	0.82
slovakia	-0.46	0.83
delusional	-0.46	1.28
loose	-0.46	1.28
creation	-0.46	0.95
implemented	-0.46	1.23
counter	-0.46	1.46
recover	-0.46	1.15
population	-0.46	0.97
entirety	-0.46	2.08
hopes	-0.46	1.49
created	-0.46	1.20
finally	-0.46	1.97
firm	-0.46	1.03
distribution	-0.46	0.99
growing	-0.46	0.97
flawed	-0.46	1.47
expanding	-0.46	1.03
2nd	-0.46	1.34
stole	-0.46	0.95
executive	-0.46	1.02
activities	-0.46	0.87
clearly	-0.46	3.38
helping	-0.46	1.48
reducing	-0.46	0.97
member	-0.46	1.13
wider	-0.46	1.04
picked	-0.45	1.68
sound	-0.45	2.02
coincidence	-0.45	1.81
officials	-0.45	0.95
eu	-0.45	1.16
voters	-0.45	1.13
ideas	-0.45	1.22
regardless	-0.45	1.30
influence	-0.45	1.09
said	-0.45	2.54
put	-0.45	1.68
says	-0.45	1.84
go	-0.45	2.46
1945	-0.45	0.99
distinction	-0.45	1.80
latvia	-0.45	0.84
advocating	-0.45	1.57
violated	-0.45	1.11
practices	-0.45	1.04
insults	-0.45	1.38
seek	-0.45	1.69
retarded	-0.45	1.39
behalf	-0.45	1.11
will	-0.45	2.28
hits	-0.45	1.39
require	-0.45	1.38
dont	-0.44	2.63
entities	-0.44	0.96
politicians	-0.44	1.06
joining	-0.44	1.14
strictly	-0.44	1.05
want	-0.44	2.37
stood	-0.44	1.31
application	-0.44	1.14
proportional	-0.44	1.25
measure	-0.44	1.15
approval	-0.44	1.05
withdraw	-0.44	1.30
finger	-0.44	1.03
seats	-0.44	1.12
preference	-0.44	1.13
time	-0.44	2.29
institution	-0.44	0.99
removing	-0.44	1.03
instead	-0.44	1.72
gone	-0.44	1.71
exposed	-0.44	1.26
figure	-0.44	2.16
promises	-0.44	1.24
hungary	-0.44	0.84
asylum	-0.44	1.08
regulate	-0.44	1.08
kurdish	-0.44	0.84
estonia	-0.44	0.86
duty	-0.44	1.44
organisation	-0.43	0.89
georgia	-0.43	0.85
onto	-0.43	1.11
leverage	-0.43	1.17
pass	-0.43	1.36
fucks	-0.43	1.16
armies	-0.43	0.95
here	-0.43	2.66
mep	-0.43	1.11
burden	-0.43	0.93
workforce	-0.43	1.16
efforts	-0.43	1.36
differently	-0.43	1.96
threatened	-0.43	1.53
m	-0.43	2.64
ultimate	-0.43	2.47
invested	-0.43	0.97
gang	-0.43	0.75
negotiate	-0.43	1.34
into	-0.43	1.50
referendum	-0.43	0.99
federalist	-0.43	1.01
hide	-0.43	1.38
offence	-0.43	1.08
and/or	-0.43	1.23
though	-0.43	3.15
management	-0.43	1.11
islam	-0.43	1.17
wo	-0.43	2.46
stolen	-0.42	0.89
me	-0.42	2.69
respond	-0.42	1.63
understand	-0.42	2.91
lost	-0.42	1.34
requirements	-0.42	1.10
autonomy	-0.42	0.89
away	-0.42	1.61
promised	-0.42	1.59
spin	-0.42	1.53
greeks	-0.42	1.07
seekers	-0.42	1.07
austria	-0.42	0.84
cant	-0.42	2.23
norm	-0.42	1.40
bunch	-0.42	1.21
legislative	-0.42	1.01
missions	-0.42	0.81
soldiers	-0.42	0.86
expand	-0.42	1.37
mps	-0.42	1.06
forgetting	-0.42	1.69
heavily	-0.42	1.55
screw	-0.41	1.05
representation	-0.41	1.12
recession	-0.41	0.98
appear	-0.41	1.93
d	-0.41	2.93
comes	-0.41	1.86
agenda	-0.41	1.16
christians	-0.41	1.18
dies	-0.41	1.38
elites	-0.41	0.93
rid	-0.41	1.43
multiculturalism	-0.41	0.91
financial	-0.41	0.85
actual	-0.41	1.42
barriers	-0.41	1.02
forming	-0.41	1.19
extend	-0.41	1.21
enforce	-0.41	1.06
expected	-0.41	1.86
eastern	-0.41	0.93
positions	-0.40	1.13
goal	-0.40	1.22
improvement	-0.40	1.30
skilled	-0.40	1.21
stopping	-0.40	1.32
focus	-0.40	1.41
fingers	-0.40	1.26
evolution	-0.40	0.83
intentions	-0.40	1.66
pick	-0.40	1.83
moral	-0.40	1.61
must	-0.40	2.21
wherever	-0.40	1.70
occupied	-0.40	0.89
occupying	-0.40	0.96
1989	-0.40	1.16
examples	-0.40	1.55
peaceful	-0.40	0.93
logical	-0.40	1.82
principles	-0.39	0.97
joint	-0.39	0.89
considered	-0.39	1.95
yes	-0.39	3.49
largely	-0.39	1.43
besides	-0.39	2.38
cops	-0.39	0.83
solution	-0.39	1.85
drawing	-0.39	1.43
productive	-0.39	1.13
epp	-0.39	1.08
snowden	-0.39	1.17
powers	-0.39	0.96
subtle	-0.39	1.01
illegal	-0.39	1.17
brought	-0.39	1.44
himself	-0.39	1.43
evidence	-0.39	1.69
predict	-0.39	2.11
iraq	-0.39	0.86
mere	-0.39	1.32
reasonably	-0.39	1.55
settle	-0.39	1.62
republican	-0.39	1.10
nuke	-0.39	0.92
company	-0.39	0.90
quality	-0.39	0.87
nato	-0.39	1.10
mention	-0.39	2.59
crazy	-0.39	1.41
norwegians	-0.39	1.06
violating	-0.38	0.98
integrated	-0.38	0.94
syria	-0.38	0.87
discourse	-0.38	1.34
reputation	-0.38	1.25
coming	-0.38	1.77
should	-0.38	2.62
separation	-0.38	1.02
presence	-0.38	1.00
anyway	-0.38	3.18
bringing	-0.38	1.78
morons	-0.38	1.37
mafia	-0.38	0.78
adapt	-0.38	1.36
bloc	-0.38	0.89
lithuania	-0.38	0.93
wishes	-0.38	1.70
forth	-0.38	1.20
valid	-0.38	1.73
bother	-0.38	2.45
involve	-0.38	1.25
mandate	-0.38	1.08
unrelated	-0.38	1.47
pull	-0.38	1.82
dare	-0.38	2.03
aim	-0.38	1.48
parliamentary	-0.38	1.07
associated	-0.38	1.08
asshole	-0.38	1.53
runs	-0.38	1.17
silence	-0.38	1.08
prepared	-0.38	1.82
latter	-0.38	1.70
transparency	-0.38	0.92
anti-russian	-0.38	1.22
commitment	-0.38	1.16
easy	-0.37	1.65
applying	-0.37	1.24
beginning	-0.37	1.49
thinking	-0.37	2.61
alot	-0.37	1.07
load	-0.37	1.03
economical	-0.37	0.90
theres	-0.37	1.34
after	-0.37	1.46
autonomous	-0.37	0.91
useful	-0.37	1.25
giving	-0.37	1.59
expecting	-0.37	1.73
represented	-0.37	1.20
necessary	-0.37	1.64
vital	-0.37	0.99
educate	-0.37	1.80
gave	-0.37	1.59
grant	-0.37	1.36
entitled	-0.37	1.46
falls	-0.37	1.18
wanted	-0.37	2.06
wealthy	-0.37	0.91
decided	-0.37	2.03
may	-0.37	2.79
appears	-0.37	1.28
drain	-0.37	0.91
parliaments	-0.37	1.02
rich	-0.37	0.83
establish	-0.37	1.23
eurozone	-0.37	0.98
particular	-0.36	1.49
elite	-0.36	0.86
beaten	-0.36	1.06
ideals	-0.36	0.97
meaningless	-0.36	1.76
tories	-0.36	1.10
churchill	-0.36	0.90
change	-0.36	1.86
banking	-0.36	0.91
ad	-0.36	1.37
boring	-0.36	1.81
employ	-0.36	1.26
presidents	-0.36	1.05
element	-0.36	1.55
bankers	-0.36	0.93
meps	-0.36	1.10
owned	-0.36	0.94
communicate	-0.36	1.45
exposure	-0.36	0.99
accession	-0.36	1.05
chosen	-0.36	1.48
subjective	-0.36	1.57
fast	-0.36	1.09
occupy	-0.36	1.03
institutions	-0.36	1.07
allies	-0.36	0.87
parliament	-0.36	1.02
faces	-0.36	0.88
handled	-0.36	1.70
republics	-0.36	0.88
membership	-0.36	1.15
popularity	-0.36	0.95
lobbying	-0.36	0.85
automatically	-0.36	1.85
hope	-0.36	2.71
core	-0.36	1.08
entity	-0.36	1.04
difference	-0.36	2.29
unified	-0.36	1.07
profits	-0.35	0.92
monetary	-0.35	0.98
idiot	-0.35	1.44
predicted	-0.35	1.49
veto	-0.35	1.14
states	-0.35	1.03
draw	-0.35	1.63
compare	-0.35	1.92
fixing	-0.35	1.41
transition	-0.35	0.94
diplomatic	-0.35	1.00
religious	-0.35	1.10
shoot	-0.35	0.84
am	-0.35	2.50
desire	-0.35	1.94
merely	-0.35	2.00
participating	-0.35	0.98
option	-0.35	1.78
ideological	-0.35	1.09
rational	-0.35	1.42
root	-0.35	1.28
joined	-0.35	1.24
voting	-0.35	1.16
bubble	-0.35	0.93
expectations	-0.35	1.22
shape	-0.35	0.93
americas	-0.35	0.81
behavior	-0.35	1.02
uk	-0.34	1.22
assure	-0.34	1.79
insane	-0.34	1.60
governing	-0.34	1.00
ownership	-0.34	0.80
jobbik	-0.34	1.11
stretch	-0.34	1.61
administration	-0.34	1.02
italy	-0.34	0.84
confidence	-0.34	1.16
corporations	-0.34	0.89
europe	-0.34	1.06
altogether	-0.34	1.50
owners	-0.34	0.83
division	-0.34	1.05
annexed	-0.34	0.91
increasing	-0.34	1.00
qualify	-0.34	1.25
citizens	-0.34	0.95
referendums	-0.34	1.01
bombs	-0.34	0.87
cooperation	-0.34	0.96
resolution	-0.34	1.10
45	-0.34	1.77
primarily	-0.34	1.23
stuck	-0.34	1.29
deals	-0.34	1.07
amongst	-0.34	0.87
identified	-0.34	1.04
instances	-0.34	1.17
eager	-0.34	1.89
passed	-0.33	1.07
weapon	-0.33	0.98
goals	-0.33	1.23
staying	-0.33	1.14
saudi	-0.33	0.86
strike	-0.33	0.92
amount	-0.33	1.20
sufficient	-0.33	1.49
agreement	-0.33	1.09
destroy	-0.33	0.75
demographic	-0.33	0.91
conference	-0.33	1.24
council	-0.33	1.07
gap	-0.33	1.12
voter	-0.33	1.13
rant	-0.33	1.72
guns	-0.33	0.89
invading	-0.33	0.91
decent	-0.33	2.07
elsewhere	-0.33	1.67
workers	-0.33	1.23
settled	-0.33	0.97
meet	-0.32	1.45
federal	-0.32	1.00
agreements	-0.32	1.09
finland	-0.32	0.89
speaks	-0.32	1.59
essential	-0.32	1.21
representing	-0.32	0.99
count	-0.32	2.82
kremlin	-0.32	0.96
so-called	-0.32	1.12
sane	-0.32	1.22
myself	-0.32	2.36
normal	-0.32	1.27
1991	-0.32	1.24
brain	-0.32	0.96
down	-0.32	1.18
mentally	-0.32	1.28
reduce	-0.32	1.01
unit	-0.32	0.91
points	-0.32	1.90
vast	-0.32	0.93
apply	-0.32	1.19
members	-0.32	1.11
ep	-0.32	1.09
libya	-0.32	0.86
globe	-0.32	0.97
every	-0.32	1.57
idea	-0.32	2.87
temporary	-0.32	1.12
automatic	-0.31	1.08
trained	-0.31	1.01
international	-0.31	0.98
permission	-0.31	1.36
jobs	-0.31	1.28
regulation	-0.31	0.89
afghanistan	-0.31	0.83
bilateral	-0.31	1.11
agencies	-0.31	1.05
surrender	-0.31	1.14
copyright	-0.31	0.97
economies	-0.31	1.07
boost	-0.31	1.04
cuba	-0.31	0.91
doctrine	-0.31	1.11
decrease	-0.31	1.03
humanitarian	-0.31	1.12
militaries	-0.31	1.00
colonial	-0.31	0.81
dominate	-0.30	1.24
employers	-0.30	1.23
solutions	-0.30	1.54
candidates	-0.30	1.15
beating	-0.30	0.86
held	-0.30	1.49
lawyer	-0.30	1.39
takes	-0.30	1.64
over	-0.30	1.98
ethnically	-0.30	0.97
signed	-0.30	1.12
stating	-0.30	2.27
westminster	-0.30	1.06
troops	-0.30	0.95
deemed	-0.30	1.53
debate	-0.30	1.76
profit	-0.30	0.92
increase	-0.30	1.03
avoiding	-0.30	1.37
commission	-0.30	1.11
officers	-0.30	0.96
isds	-0.29	1.16
european	-0.29	1.05
negotiating	-0.29	1.22
trading	-0.29	0.86
worker	-0.29	1.22
russian	-0.29	0.90
sovereign	-0.29	1.04
broken	-0.29	1.07
exclusive	-0.29	1.08
denmark	-0.29	0.87
choosing	-0.29	1.65
esa	-0.29	0.83
diplomacy	-0.29	1.13
incapable	-0.29	1.49
military	-0.29	0.99
juncker	-0.29	1.16
collapsed	-0.29	1.15
90s	-0.29	1.25
annexing	-0.29	0.88
constitution	-0.29	1.00
percentage	-0.29	1.00
grab	-0.29	1.38
eurasian	-0.29	0.99
remain	-0.29	1.42
pissed	-0.29	2.51
send	-0.29	1.61
greece	-0.29	0.83
recently	-0.29	2.17
rejected	-0.29	1.23
nsa	-0.29	1.00
switzerland	-0.29	0.92
valuable	-0.29	1.13
apparently	-0.29	2.56
union	-0.29	1.02
levels	-0.29	0.97
discuss	-0.29	1.76
replaced	-0.28	1.28
agreed	-0.28	1.33
overwhelming	-0.28	1.07
guarantee	-0.28	1.37
guess	-0.28	3.46
reduced	-0.28	1.03
demanding	-0.28	1.31
gun	-0.28	0.95
forces	-0.28	0.91
odds	-0.28	0.85
soviet	-0.28	0.84
return	-0.28	1.42
divide	-0.28	1.12
chemical	-0.28	0.81
refusing	-0.28	1.96
luckily	-0.28	1.18
reach	-0.28	1.35
fine	-0.28	3.51
anglosphere	-0.28	0.98
unemployment	-0.28	1.02
presented	-0.28	1.68
bush	-0.28	1.23
allow	-0.28	1.92
faith	-0.28	0.90
wealth	-0.28	0.91
enforcement	-0.28	0.98
interests	-0.28	1.03
abandon	-0.28	1.17
life	-0.27	1.27
sweden	-0.27	0.91
circumcision	-0.27	0.78
questionable	-0.27	1.42
qualified	-0.27	1.27
sending	-0.27	1.22
kazakhstan	-0.27	0.83
force	-0.27	0.96
annex	-0.27	0.94
target	-0.27	1.19
usa	-0.27	0.99
percent	-0.27	1.33
integrity	-0.27	0.93
costs	-0.27	0.93
kicked	-0.27	1.36
putting	-0.27	1.48
promise	-0.27	1.40
battle	-0.27	0.86
experienced	-0.27	1.04
rocket	-0.27	0.82
hundreds	-0.27	0.94
likewise	-0.27	0.94
concerning	-0.27	1.31
luxembourg	-0.27	0.83
drug	-0.27	0.76
ie	-0.27	1.02
growth	-0.27	1.01
proportion	-0.27	0.98
surprised	-0.27	2.79
nhs	-0.27	1.13
planning	-0.27	1.61
universal	-0.27	1.04
azerbaijan	-0.27	0.84
ended	-0.26	1.36
implementing	-0.26	0.96
declaration	-0.26	1.01
signing	-0.26	1.13
since	-0.26	1.60
estonians	-0.26	1.30
negotiated	-0.26	1.22
alliance	-0.26	0.97
additionally	-0.26	1.00
finding	-0.26	1.41
transfers	-0.26	0.98
roughly	-0.26	1.20
furthermore	-0.26	1.51
broad	-0.26	1.27
increased	-0.26	1.02
america	-0.26	0.99
arabia	-0.26	0.87
obama	-0.26	1.28
jet	-0.26	0.86
mp	-0.26	1.09
senate	-0.26	1.07
break	-0.26	1.56
nordics	-0.26	0.97
2001	-0.26	1.40
exceptions	-0.26	1.10
descendants	-0.25	0.99
business	-0.25	0.93
contracts	-0.25	1.06
cycle	-0.25	1.04
closer	-0.25	1.01
formed	-0.25	1.08
ec	-0.25	1.12
populations	-0.25	0.86
intellectual	-0.25	1.06
nations	-0.25	1.13
specifically	-0.25	2.07
landing	-0.25	0.77
upcoming	-0.25	1.28
baltic	-0.25	0.91
breaking	-0.25	1.10
ahead	-0.25	1.68
tendency	-0.25	1.36
wages	-0.25	1.02
cuts	-0.25	1.03
previously	-0.25	1.80
sign	-0.25	1.22
changed	-0.25	1.82
mutual	-0.25	0.96
operations	-0.25	0.87
tank	-0.25	0.94
depend	-0.25	1.37
negotiations	-0.25	1.23
requirement	-0.25	1.23
weird	-0.25	2.13
rising	-0.25	1.04
forbid	-0.24	1.19
permanent	-0.24	1.24
regarding	-0.24	1.41
asked	-0.24	2.04
africa	-0.24	0.83
fully	-0.24	1.89
spoke	-0.24	1.35
reasonable	-0.24	1.56
morocco	-0.24	0.88
decade	-0.24	1.73
placed	-0.24	1.15
employment	-0.24	1.30
russia	-0.24	0.89
plans	-0.24	1.51
1990	-0.24	1.38
taken	-0.24	1.80
agents	-0.24	0.91
twice	-0.24	1.89
beg	-0.24	1.22
secret	-0.24	1.00
congress	-0.24	1.11
geopolitics	-0.24	1.15
migrants	-0.24	0.99
defense	-0.24	1.03
strong	-0.23	1.34
authorities	-0.23	1.31
reduction	-0.23	1.00
controlled	-0.23	0.97
imho	-0.23	1.75
portugal	-0.23	0.83
warned	-0.23	1.54
turned	-0.23	1.48
portion	-0.23	0.94
crucial	-0.23	1.10
votes	-0.23	1.17
commercial	-0.23	0.86
territory	-0.23	0.95
february	-0.23	1.16
half	-0.23	1.35
operate	-0.23	1.52
negotiation	-0.23	1.19
vulnerable	-0.23	1.13
laid	-0.23	1.15
survived	-0.23	0.97
improve	-0.23	1.31
mob	-0.22	0.89
approved	-0.22	1.24
full	-0.22	1.09
scottish	-0.22	1.02
appointed	-0.22	1.11
centuries	-0.22	1.12
alliances	-0.22	0.90
reform	-0.22	1.23
eventually	-0.22	1.96
western	-0.22	1.07
association	-0.22	1.08
hospital	-0.22	0.98
sooner	-0.22	2.03
conclusion	-0.22	2.13
defence	-0.22	1.00
gazprom	-0.22	1.10
identify	-0.22	1.21
eea	-0.22	1.09
until	-0.22	2.04
2008	-0.22	1.31
ministers	-0.22	1.09
norway	-0.22	0.88
seen	-0.22	2.37
seeing	-0.22	2.20
sucks	-0.22	1.42
berlusconi	-0.21	1.12
falling	-0.21	1.06
deficit	-0.21	0.99
bombed	-0.21	0.81
ease	-0.21	1.14
scots	-0.21	0.99
advocate	-0.21	1.61
barrier	-0.21	1.01
cost	-0.21	0.97
units	-0.21	0.95
ttip	-0.21	1.20
introduced	-0.21	1.23
run	-0.21	1.31
officially	-0.21	1.42
blown	-0.21	1.25
poll	-0.21	1.67
earn	-0.21	1.28
cameron	-0.21	1.18
request	-0.21	1.63
regarded	-0.21	1.18
sphere	-0.21	0.99
hungarian	-0.20	0.92
neutrality	-0.20	1.00
financing	-0.20	0.92
paranoid	-0.20	1.52
lot	-0.20	2.10
90	-0.20	1.16
budgets	-0.20	1.01
chinese	-0.20	0.96
each	-0.20	1.45
citation	-0.20	1.51
vacuum	-0.20	0.91
trade	-0.20	1.05
scheme	-0.20	1.18
undermine	-0.20	0.99
brexit	-0.20	1.23
machine	-0.20	1.01
survival	-0.20	0.87
maintaining	-0.20	1.06
projection	-0.20	1.01
leader	-0.20	1.10
u.s	-0.20	1.04
begin	-0.20	1.82
hire	-0.20	1.30
i.e	-0.20	1.29
malta	-0.20	0.83
collect	-0.20	1.27
cut	-0.20	1.21
unemployed	-0.20	1.17
residence	-0.20	1.17
non-eu	-0.20	1.08
higher	-0.20	1.05
heads	-0.20	1.17
badly	-0.20	2.05
sentences	-0.20	1.47
abolish	-0.20	1.12
toxic	-0.20	0.74
perception	-0.20	1.46
usually	-0.20	1.34
moreover	-0.20	1.20
missile	-0.20	0.96
imo	-0.20	1.83
intentionally	-0.20	1.66
britain	-0.20	1.02
farage	-0.20	1.20
vastly	-0.20	1.25
working	-0.20	1.56
dropped	-0.19	1.12
let	-0.19	2.42
together	-0.19	1.42
employees	-0.19	1.29
first	-0.19	1.89
pc	-0.19	1.10
convention	-0.19	0.96
surplus	-0.19	0.98
loud	-0.19	1.30
corporation	-0.19	0.94
preparing	-0.19	1.19
observers	-0.19	1.20
transnistria	-0.19	0.83
proposal	-0.19	1.23
social	-0.19	0.96
capita	-0.19	1.11
estate	-0.19	0.81
mali	-0.19	0.90
corporate	-0.19	0.94
off	-0.19	1.70
sum	-0.19	1.08
allowed	-0.19	2.12
paying	-0.19	1.42
weapons	-0.19	0.86
tired	-0.19	2.16
prosperous	-0.18	0.97
worthy	-0.18	0.99
turns	-0.18	1.34
youth	-0.18	0.90
captured	-0.18	0.86
polish	-0.18	0.94
catalans	-0.18	0.93
campaign	-0.18	1.06
calculated	-0.18	1.15
understandable	-0.18	1.85
stay	-0.18	1.62
scandinavia	-0.18	0.91
quarter	-0.18	1.15
boom	-0.18	0.93
capability	-0.18	1.05
notice	-0.18	2.57
dragged	-0.18	1.05
reached	-0.18	1.29
capabilities	-0.18	1.06
increases	-0.18	1.02
goverment	-0.18	1.02
journalists	-0.18	1.08
parade	-0.18	1.09
turkey	-0.18	0.86
angry	-0.17	2.56
inform	-0.17	2.12
topic	-0.17	1.67
guarantees	-0.17	1.06
example	-0.17	2.21
iceland	-0.17	0.85
scotland	-0.17	1.10
inherently	-0.17	1.37
low	-0.17	1.10
rate	-0.17	0.97
egypt	-0.17	0.88
number	-0.17	1.20
heroes	-0.17	0.82
plan	-0.17	1.60
blow	-0.17	1.09
partnership	-0.17	0.95
economy	-0.17	0.97
gdp	-0.17	1.14
became	-0.17	1.22
arguing	-0.17	2.37
tbh	-0.17	2.19
broke	-0.17	1.20
species	-0.17	0.75
engineers	-0.17	1.25
intelligence	-0.17	0.98
upper	-0.17	0.95
exit	-0.17	1.32
spy	-0.16	0.86
discussed	-0.16	1.58
persons	-0.16	1.05
iran	-0.16	0.86
rating	-0.16	1.00
2004	-0.16	1.47
deserve	-0.16	0.72
represent	-0.16	1.10
entire	-0.16	1.20
beliefs	-0.16	1.12
annual	-0.16	1.23
jump	-0.16	1.59
million	-0.16	1.28
voluntarily	-0.16	1.35
drop	-0.16	1.06
republicans	-0.16	1.13
handed	-0.16	1.33
homeless	-0.16	0.96
canada	-0.16	1.00
register	-0.16	1.25
president	-0.15	1.12
topics	-0.15	1.48
dominant	-0.15	0.97
minds	-0.15	1.33
definition	-0.15	1.82
treaties	-0.15	1.05
standard	-0.15	0.99
cent	-0.15	1.34
registered	-0.15	1.22
wont	-0.15	2.18
health	-0.15	1.08
merkel	-0.15	1.28
ll	-0.15	2.50
system	-0.15	1.08
designed	-0.15	1.62
reflect	-0.15	1.26
budget	-0.15	1.06
taxation	-0.15	1.00
maintain	-0.15	1.13
average	-0.15	1.17
employed	-0.15	1.35
export	-0.15	0.84
american	-0.15	0.99
cabinet	-0.15	1.10
plot	-0.15	0.93
hitting	-0.15	1.41
guessing	-0.14	2.87
didnt	-0.14	2.18
setting	-0.14	1.21
naturally	-0.14	1.32
georgian	-0.14	0.93
narrative	-0.14	1.27
chunk	-0.14	0.96
contributions	-0.14	1.06
employer	-0.14	1.30
code	-0.14	1.07
consensus	-0.14	1.02
fifth	-0.14	1.18
soldier	-0.14	1.01
arbitrary	-0.14	1.27
question	-0.13	2.83
ready	-0.13	1.92
pact	-0.13	0.93
honor	-0.13	0.96
control	-0.13	1.06
citizen	-0.13	1.24
expanded	-0.13	1.03
successor	-0.13	0.82
combat	-0.13	0.95
territorial	-0.13	0.97
correlation	-0.13	1.64
fired	-0.13	0.96
received	-0.13	1.44
empires	-0.13	0.82
educated	-0.13	1.12
contributing	-0.13	1.13
candidate	-0.13	1.16
accent	-0.13	1.42
nl	-0.13	0.93
cynical	-0.13	1.72
tax	-0.13	1.01
choices	-0.13	1.41
whataboutism	-0.13	1.39
income	-0.13	1.08
define	-0.13	1.86
anytime	-0.13	2.07
reads	-0.13	1.33
portuguese	-0.13	1.04
role	-0.13	1.05
doctors	-0.12	1.08
extension	-0.12	1.27
lower	-0.12	1.07
china	-0.12	0.95
spending	-0.12	1.05
memory	-0.12	0.92
deliver	-0.12	1.25
public	-0.12	1.12
offended	-0.12	2.27
missiles	-0.12	0.96
properly	-0.12	2.09
factor	-0.12	1.30
zones	-0.12	0.81
catalonia	-0.12	0.93
method	-0.12	1.32
netherlands	-0.12	0.89
destroyed	-0.12	0.79
presidency	-0.12	1.15
spend	-0.12	1.31
ensure	-0.12	1.04
proxy	-0.12	0.84
mechanism	-0.12	1.27
private	-0.11	0.95
passing	-0.11	1.15
pocket	-0.11	1.32
schulz	-0.11	1.19
convenient	-0.11	1.45
christian	-0.11	1.07
cyprus	-0.11	0.80
japan	-0.11	0.97
cast	-0.11	1.14
banning	-0.11	0.95
civilization	-0.11	0.80
uses	-0.11	1.80
40	-0.11	1.37
exercise	-0.11	0.96
long	-0.11	2.36
religion	-0.11	1.10
demographics	-0.11	1.11
arab	-0.11	0.90
homeland	-0.11	0.92
pope	-0.11	0.78
curious	-0.11	2.60
salaries	-0.11	1.14
everyday	-0.11	1.16
scare	-0.11	1.03
double	-0.11	1.03
shit	-0.11	1.84
nationals	-0.11	1.05
japanese	-0.11	0.93
inflation	-0.10	1.00
high	-0.10	1.07
purchasing	-0.10	0.96
owner	-0.10	0.81
mid	-0.10	1.40
means	-0.10	2.87
relation	-0.10	1.29
provide	-0.10	1.70
middle	-0.10	0.95
personnel	-0.10	0.95
status	-0.10	1.14
agreeing	-0.10	2.22
ill	-0.10	1.29
ratio	-0.10	1.07
korean	-0.10	0.78
security	-0.10	1.02
secretary	-0.10	1.14
drawn	-0.10	1.32
praise	-0.10	0.77
stereotype	-0.10	1.17
raising	-0.10	1.03
per	-0.10	1.20
developed	-0.10	0.97
expense	-0.10	1.14
well	-0.10	3.13
supposed	-0.10	2.45
funding	-0.10	0.98
block	-0.09	0.89
cypriot	-0.09	0.91
development	-0.09	1.05
proving	-0.09	1.86
belgium	-0.09	0.88
400	-0.09	1.24
competition	-0.09	1.05
insurance	-0.09	1.24
pm	-0.09	1.15
asian	-0.09	0.92
programme	-0.09	1.12
500	-0.09	1.23
somewhere	-0.09	1.64
healthcare	-0.09	1.17
50	-0.09	1.34
bail	-0.09	1.05
alongside	-0.09	1.03
pen	-0.09	1.11
taxes	-0.09	1.08
lend	-0.09	1.29
bulgarian	-0.09	0.78
demand	-0.09	0.96
canadian	-0.09	1.04
clause	-0.09	1.07
bankrupt	-0.09	1.13
fair	-0.08	2.92
strategic	-0.08	0.98
traditionally	-0.08	1.28
campaigns	-0.08	1.02
similarly	-0.08	1.51
locals	-0.08	1.01
300	-0.08	1.24
stories	-0.08	1.46
trillion	-0.08	1.15
75	-0.08	1.13
imf	-0.08	1.03
past	-0.08	1.83
militarily	-0.08	1.35
body	-0.08	0.94
weight	-0.08	1.17
mutually	-0.08	1.10
ruined	-0.08	1.69
firing	-0.08	0.86
planned	-0.08	1.33
affairs	-0.08	1.14
tells	-0.08	2.29
historically	-0.08	1.44
apart	-0.08	1.34
estonian	-0.08	0.97
ban	-0.08	0.98
operating	-0.08	1.33
tool	-0.08	1.29
employee	-0.08	1.13
narrow	-0.08	1.37
pursue	-0.08	1.35
billion	-0.07	1.23
administrative	-0.07	1.02
wage	-0.07	1.15
manner	-0.07	1.28
everywhere	-0.07	1.23
training	-0.07	1.01
between	-0.07	1.27
comparing	-0.07	1.48
boss	-0.07	1.26
prime	-0.07	1.25
thousand	-0.07	1.27
companies	-0.07	0.95
2000	-0.07	1.46
providing	-0.07	1.47
united	-0.07	1.04
enter	-0.07	1.24
mode	-0.07	1.08
society	-0.07	0.96
ballot	-0.07	1.29
relevant	-0.07	1.65
framework	-0.07	1.08
fee	-0.07	1.07
euro	-0.07	1.12
somalia	-0.07	0.87
set	-0.06	1.24
socially	-0.06	1.66
minimum	-0.06	1.14
expenses	-0.06	1.05
ruble	-0.06	1.04
around	-0.06	1.47
bases	-0.06	1.01
theirs	-0.06	1.48
dropping	-0.06	1.08
whatnot	-0.06	0.97
enemies	-0.06	0.83
geopolitical	-0.06	0.99
subject	-0.06	1.66
spends	-0.06	1.19
found	-0.06	1.95
heart	-0.06	0.92
doctor	-0.06	1.03
arm	-0.06	1.19
women	-0.06	1.08
jets	-0.06	0.89
speak	-0.06	1.32
lands	-0.06	1.05
excluded	-0.06	1.17
greatly	-0.06	1.22
wasting	-0.06	1.76
70	-0.06	1.31
tanks	-0.06	1.00
region	-0.06	0.95
100	-0.06	1.31
rates	-0.05	0.94
credible	-0.05	1.51
laugh	-0.05	1.99
vietnam	-0.05	0.95
intended	-0.05	1.92
flying	-0.05	0.86
nordic	-0.05	0.95
economically	-0.05	1.54
split	-0.05	1.12
branch	-0.05	1.09
space	-0.05	0.89
decades	-0.05	1.86
threshold	-0.05	1.20
launched	-0.05	1.12
000	-0.05	1.24
function	-0.05	1.71
permanently	-0.05	1.29
raise	-0.05	1.07
pakistan	-0.05	0.87
immigrant	-0.05	0.93
200	-0.05	1.29
aside	-0.05	1.15
maintained	-0.05	1.07
identity	-0.05	0.97
pointing	-0.05	2.02
released	-0.05	1.30
estimated	-0.05	1.25
busy	-0.05	1.53
pride	-0.05	1.05
russias	-0.05	1.00
applied	-0.04	1.68
determined	-0.04	1.43
france	-0.04	1.07
korea	-0.04	0.91
kgb	-0.04	0.84
british	-0.04	0.96
amounts	-0.04	0.95
taxed	-0.04	1.04
customers	-0.04	1.10
adopt	-0.04	1.47
afford	-0.04	1.31
priority	-0.04	1.19
2020	-0.04	1.69
central	-0.04	0.98
admittedly	-0.04	1.70
touch	-0.04	1.93
knowing	-0.04	1.93
neighbouring	-0.04	0.97
entered	-0.04	1.23
late	-0.04	1.43
dollars	-0.04	1.11
initiative	-0.04	1.09
charity	-0.04	1.08
2003	-0.04	1.42
polls	-0.04	1.38
politics	-0.04	1.46
planes	-0.04	0.88
pensions	-0.04	1.09
terms	-0.04	0.96
shown	-0.04	1.84
functioning	-0.04	1.02
28	-0.04	1.26
cap	-0.04	1.09
disappointed	-0.04	2.64
confirm	-0.04	1.31
revenue	-0.04	0.97
india	-0.04	0.91
regions	-0.04	0.94
orban	-0.04	1.04
transparent	-0.04	1.16
60	-0.04	1.30
objective	-0.03	1.53
1000	-0.03	1.30
gross	-0.03	1.48
pockets	-0.03	1.09
lithuanian	-0.03	0.97
worked	-0.03	2.20
prices	-0.03	0.86
mr	-0.03	1.33
platform	-0.03	1.11
salary	-0.03	1.18
confirmed	-0.03	1.40
drugs	-0.03	0.80
swiss	-0.03	1.00
agency	-0.03	1.00
political	-0.03	1.08
discussion	-0.03	1.74
presidential	-0.03	1.22
finance	-0.03	1.02
neighboring	-0.03	0.90
some	-0.03	2.09
binding	-0.03	1.36
latvian	-0.03	1.04
test	-0.03	1.24
venezuela	-0.03	0.89
both	-0.03	1.79
visa	-0.03	1.21
hundred	-0.02	1.32
shield	-0.02	1.02
competent	-0.02	1.24
ordered	-0.02	1.41
schengen	-0.02	1.10
euros	-0.02	1.25
tactic	-0.02	1.23
value	-0.02	0.98
election	-0.02	1.25
30	-0.02	1.35
mostly	-0.02	1.25
experts	-0.02	1.24
dominated	-0.02	1.12
lacking	-0.02	1.22
danish	-0.02	1.03
fund	-0.02	1.03
reaching	-0.02	1.24
occasionally	-0.02	1.24
press	-0.02	1.24
fall	-0.02	1.08
launch	-0.02	1.09
e.g	-0.02	1.28
eur	-0.02	1.22
encouraged	-0.02	1.38
eye	-0.02	1.00
norwegian	-0.02	1.03
tens	-0.01	0.88
alien	-0.01	1.38
150	-0.01	1.27
mainly	-0.01	1.20
model	-0.01	1.33
buffer	-0.01	0.97
firms	-0.01	0.96
payment	-0.01	1.12
last	-0.01	1.94
entering	-0.01	1.15
australia	-0.01	0.94
offer	-0.01	1.62
2013	-0.01	1.53
choose	-0.01	2.11
fortunately	-0.01	1.36
minister	-0.01	1.22
related	-0.01	1.29
35	-0.01	1.35
money	-0.01	1.18
practice	-0.01	1.05
investments	-0.01	0.95
thrown	-0.01	1.30
inferior	-0.01	1.07
chief	-0.01	1.15
biased	-0.01	1.68
conducted	-0.01	1.44
east	-0.01	1.00
sets	-0.00	1.09
key	-0.00	1.37
safety	-0.00	0.90
package	-0.00	1.31
paid	-0.00	1.22
newly	-0.00	0.97
protection	-0.00	0.92
billions	-0.00	1.08
vat	-0.00	1.07
came	-0.00	1.78
2010	-0.00	1.53
commonwealth	-0.00	0.90
contribution	-0.00	1.12
bailout	-0.00	1.02
facto	-0.00	1.22
usd	-0.00	1.12
geographic	-0.00	1.22
beneficial	-0.00	1.07
class	0.00	0.92
ps	0.00	1.48
existing	0.00	1.21
handful	0.00	1.02
air	0.00	0.95
80	0.00	1.22
expert	0.00	2.15
march	0.00	1.51
medical	0.00	1.07
announced	0.00	1.43
19th	0.01	1.05
vs	0.01	1.19
forever	0.01	2.03
banks	0.01	1.01
bill	0.01	1.04
whilst	0.01	1.40
experience	0.01	1.62
napoleon	0.01	0.72
professional	0.01	1.20
realistic	0.01	1.67
affair	0.01	1.06
contain	0.01	1.13
asia	0.01	0.95
price	0.01	0.89
primary	0.01	1.05
obligations	0.01	1.12
lets	0.01	2.09
originally	0.01	1.72
picking	0.01	1.28
throughout	0.01	1.33
command	0.01	0.98
nationality	0.01	1.07
offering	0.01	1.50
debts	0.01	1.02
silent	0.01	1.01
2009	0.01	1.42
through	0.01	1.21
seat	0.02	1.14
distant	0.02	1.23
pay	0.02	1.17
airspace	0.02	0.88
finnish	0.02	1.05
dependent	0.02	1.13
orders	0.02	1.20
initially	0.02	1.93
payed	0.02	1.19
hands	0.02	1.28
century	0.02	1.16
basic	0.02	1.22
slovak	0.02	1.04
2012	0.02	1.49
polling	0.02	1.35
german	0.02	1.05
sector	0.02	0.98
stock	0.02	0.94
wasted	0.02	1.07
funds	0.02	1.00
fill	0.02	1.36
tools	0.02	1.37
african	0.03	0.93
opt	0.03	1.35
shortage	0.03	1.22
citizenship	0.03	1.14
remaining	0.03	1.15
receiving	0.03	1.35
pragmatic	0.03	1.35
typically	0.03	1.11
pulled	0.03	1.41
screaming	0.03	1.16
produces	0.03	1.15
italian	0.03	1.00
ministry	0.03	1.11
catalan	0.03	0.96
threw	0.03	1.17
pretty	0.03	2.04
invited	0.03	1.50
stated	0.04	2.01
investors	0.04	0.97
catch	0.04	1.54
consistently	0.04	1.50
mainstream	0.04	1.27
limited	0.04	1.23
legit	0.04	1.51
aligned	0.04	1.26
fell	0.04	1.05
tear	0.04	0.91
changing	0.04	1.29
phase	0.04	1.24
2011	0.04	1.56
continental	0.04	1.01
propose	0.04	1.26
skills	0.04	1.27
sounds	0.04	2.20
questions	0.04	2.07
systems	0.04	1.13
moron	0.04	1.57
story	0.04	1.57
province	0.04	0.93
long-term	0.04	1.41
20	0.04	1.36
numerous	0.04	1.19
purchase	0.04	0.99
speaker	0.05	1.18
ashamed	0.05	2.38
random	0.05	1.34
margin	0.05	1.29
swedish	0.05	1.08
career	0.05	1.24
asking	0.05	2.32
understanding	0.05	1.77
environmental	0.05	0.80
flat	0.05	1.21
turkish	0.05	0.89
offered	0.05	1.60
colonies	0.05	0.83
grade	0.05	1.07
speaking	0.05	1.16
focused	0.05	1.30
later	0.05	1.92
bully	0.05	0.93
arguably	0.05	1.20
fighter	0.05	0.90
superior	0.05	1.10
2002	0.05	1.51
currencies	0.05	1.04
currency	0.05	1.05
bulk	0.05	1.04
ecb	0.05	1.03
illegally	0.05	1.04
mentioning	0.05	1.89
loans	0.05	1.02
density	0.05	1.02
living	0.05	1.01
hit	0.05	1.06
describing	0.05	1.68
service	0.05	1.17
pension	0.06	1.08
supposedly	0.06	1.16
materials	0.06	0.85
ireland	0.06	0.94
2005	0.06	1.54
motivation	0.06	1.63
2014	0.06	1.61
compete	0.06	1.29
historical	0.06	1.18
dollar	0.06	1.07
couple	0.06	1.44
fees	0.06	1.07
include	0.06	1.45
french	0.06	1.08
intention	0.06	1.87
told	0.06	1.89
april	0.06	1.54
linguistic	0.06	0.99
fluent	0.06	1.21
ethnicity	0.06	1.00
lowering	0.06	1.04
territories	0.06	0.91
interest	0.06	1.05
program	0.06	1.08
september	0.06	1.54
explicitly	0.06	1.65
opposite	0.06	3.14
irish	0.07	1.05
receive	0.07	1.30
proper	0.07	1.45
27	0.07	1.34
monopoly	0.07	0.97
poorly	0.07	1.87
net	0.07	1.15
funny	0.07	2.19
closely	0.07	1.13
native	0.07	1.16
effective	0.07	1.35
department	0.07	1.06
results	0.07	1.40
various	0.07	1.24
logistics	0.07	1.00
1	0.07	1.35
sd	0.07	1.19
dialect	0.07	1.15
ally	0.07	0.86
competing	0.07	1.23
depending	0.07	1.63
businesses	0.07	0.96
carrying	0.07	1.06
values	0.07	0.98
six	0.07	1.39
benefits	0.07	1.12
presumably	0.07	1.65
returning	0.08	1.19
noted	0.08	1.50
learned	0.08	1.38
accordingly	0.08	1.65
consent	0.08	0.95
consistent	0.08	1.54
abused	0.08	0.97
borrowing	0.08	1.01
carry	0.08	1.59
10	0.08	1.41
meetings	0.08	1.23
zealand	0.08	0.91
five	0.08	1.50
proud	0.08	2.64
sarkozy	0.08	1.25
2015	0.08	1.76
foot	0.08	1.28
kingdom	0.08	0.90
kaliningrad	0.08	0.91
monarch	0.08	0.76
zone	0.08	1.02
lives	0.08	0.88
counted	0.08	1.55
swede	0.09	1.22
ago	0.09	1.88
tone	0.09	1.74
provides	0.09	1.34
entry	0.09	1.07
records	0.09	1.05
assets	0.09	0.98
loan	0.09	1.06
dutch	0.09	1.04
iirc	0.09	1.44
5	0.09	1.39
estimates	0.09	1.45
seriously	0.09	2.78
80s	0.09	1.17
partner	0.09	0.91
25	0.09	1.37
conquered	0.09	0.91
spare	0.09	1.22
reserve	0.09	1.04
returned	0.09	1.24
circles	0.09	1.06
highest	0.10	1.23
hiding	0.10	1.18
22	0.10	1.35
carefully	0.10	1.72
argentina	0.10	0.90
prostitution	0.10	0.91
scandinavian	0.10	1.00
accents	0.10	1.36
david	0.10	1.08
protected	0.10	1.06
throw	0.10	1.56
2006	0.10	1.50
26	0.10	1.44
few	0.10	1.45
aircraft	0.10	0.90
knowledge	0.10	1.36
southern	0.10	0.90
debt	0.10	1.03
basque	0.10	0.96
buying	0.10	0.93
services	0.10	1.15
limit	0.10	1.10
religions	0.11	1.00
carriers	0.11	0.90
scientists	0.11	1.12
options	0.11	1.69
intelligent	0.11	1.32
wondering	0.11	2.62
bank	0.11	1.11
visible	0.11	1.35
forgotten	0.11	1.64
reverse	0.11	1.39
checks	0.11	1.19
strategy	0.11	1.38
civilized	0.11	0.93
index	0.11	1.14
noticed	0.11	1.97
adding	0.11	1.67
early	0.11	1.41
times	0.11	1.92
technical	0.11	1.10
throwing	0.11	1.34
12	0.11	1.39
saving	0.12	1.30
vision	0.12	1.51
elections	0.12	1.21
freely	0.12	1.50
families	0.12	0.80
voluntary	0.12	1.17
details	0.12	1.93
factory	0.12	1.10
maintenance	0.12	0.97
hollande	0.12	1.20
lasted	0.12	1.71
gather	0.12	1.25
afaik	0.12	1.38
additional	0.12	1.34
literally	0.12	2.13
id	0.12	1.31
selling	0.12	0.80
versa	0.12	1.29
retirement	0.12	1.07
9	0.12	1.37
pound	0.12	1.06
13	0.12	1.38
electoral	0.12	1.21
flemish	0.12	1.00
11	0.12	1.37
14	0.12	1.38
16	0.12	1.37
perfectly	0.12	1.93
january	0.12	1.63
15	0.12	1.38
insult	0.12	1.37
bought	0.13	0.84
range	0.13	1.11
discussing	0.13	1.95
spain	0.13	0.89
19	0.13	1.37
other	0.13	1.35
issued	0.13	1.34
transfer	0.13	0.99
date	0.13	1.75
lay	0.13	1.68
6	0.13	1.41
mexico	0.13	0.99
17	0.13	1.37
dozen	0.13	1.19
opinions	0.13	1.66
numbers	0.14	1.51
misleading	0.14	2.94
victory	0.14	0.85
savings	0.14	1.12
committee	0.14	1.25
welsh	0.14	1.10
emergency	0.14	1.13
8	0.14	1.44
took	0.14	1.75
described	0.14	1.53
protestant	0.14	0.96
proposed	0.14	1.26
fallen	0.14	1.09
learn	0.14	1.34
chancellor	0.14	1.08
connected	0.14	1.05
4	0.14	1.41
3	0.14	1.47
theoretically	0.14	1.69
2	0.14	1.47
four	0.14	1.40
societies	0.14	0.98
tend	0.14	1.37
0	0.15	1.33
ten	0.15	1.49
seven	0.15	1.34
discussions	0.15	1.60
relationships	0.15	0.89
locked	0.15	0.98
cite	0.15	1.82
period	0.15	1.47
physically	0.15	1.21
round	0.15	1.30
market	0.15	0.94
regulated	0.15	1.01
typical	0.15	1.11
treaty	0.15	1.05
education	0.15	1.13
legally	0.16	1.78
level	0.16	1.23
south	0.16	0.91
passport	0.16	1.21
23	0.16	1.37
detail	0.16	1.65
extra	0.16	1.40
parts	0.16	1.02
separate	0.16	1.23
delivered	0.16	1.49
learnt	0.16	1.20
contrast	0.16	1.70
speakers	0.16	1.23
officer	0.16	1.07
spent	0.16	1.48
<SPECIAL>	0.16	0.96
<URL>	0.16	0.96
provinces	0.16	0.95
figured	0.16	2.00
covering	0.16	1.21
office	0.16	1.14
credit	0.17	1.04
figures	0.17	1.60
review	0.17	1.29
among	0.17	1.03
precisely	0.17	1.72
confusion	0.17	1.57
specific	0.17	1.50
constructive	0.17	1.40
balanced	0.17	1.39
capable	0.17	1.45
bitter	0.17	2.44
natural	0.17	0.92
incorrect	0.17	3.07
convincing	0.17	1.46
brazil	0.17	0.91
geography	0.17	1.06
media	0.17	1.38
land	0.17	0.91
agriculture	0.17	0.94
attached	0.17	1.19
covers	0.17	1.30
october	0.17	1.49
conversation	0.18	1.72
wave	0.18	1.08
license	0.18	1.10
competitive	0.18	0.98
innovation	0.18	1.06
aid	0.18	1.24
czech	0.18	0.85
november	0.18	1.54
industry	0.18	0.96
guy	0.18	1.51
earned	0.18	1.01
track	0.18	1.03
former	0.18	0.95
kicking	0.18	1.15
quick	0.18	1.71
leaked	0.18	1.21
2007	0.18	1.48
atm	0.18	1.41
streets	0.18	0.91
symbols	0.18	0.84
reserves	0.18	1.04
wild	0.18	1.04
resource	0.18	1.00
respective	0.18	1.14
pointed	0.19	2.09
offers	0.19	1.46
final	0.19	1.11
bonds	0.19	1.05
realise	0.19	2.70
machines	0.19	1.14
wallonia	0.19	0.99
cash	0.19	1.15
fire	0.19	0.98
australian	0.19	1.05
score	0.19	1.31
butthurt	0.19	1.71
economists	0.19	1.30
18	0.19	1.33
ought	0.19	2.07
foundation	0.19	1.05
descent	0.19	0.95
provided	0.19	1.61
reported	0.19	1.37
ruin	0.20	0.76
days	0.20	1.91
engine	0.20	1.02
differences	0.20	1.22
several	0.20	1.24
aspects	0.20	1.04
behind	0.20	1.54
win	0.20	1.41
spanish	0.20	1.01
hurts	0.20	0.90
accepted	0.20	1.63
crying	0.20	1.33
within	0.20	1.47
borrow	0.20	1.03
year	0.20	1.66
three	0.20	1.43
afterwards	0.20	1.57
tied	0.20	1.13
showed	0.21	1.58
printing	0.21	1.09
7	0.21	1.38
nowhere	0.21	1.35
catholic	0.21	0.96
ethnicities	0.21	0.96
print	0.21	1.18
white	0.21	0.88
wins	0.21	1.22
soil	0.21	0.95
gladly	0.21	1.95
remind	0.21	1.72
partners	0.21	0.83
kick	0.21	1.59
domestic	0.21	1.02
scientific	0.21	1.19
color	0.22	0.89
kept	0.22	1.26
investment	0.22	0.96
industrial	0.22	0.90
circlejerk	0.22	1.43
mandatory	0.22	1.11
21	0.22	1.35
spoken	0.22	1.28
draft	0.22	1.23
banned	0.22	1.27
greatest	0.22	2.30
passports	0.22	1.17
established	0.22	1.11
internationally	0.22	1.37
resources	0.22	1.01
flight	0.22	0.89
respected	0.22	1.31
financially	0.22	1.62
equipment	0.22	0.95
line	0.22	1.38
residents	0.22	1.06
dozens	0.22	1.18
purpose	0.23	1.78
sadly	0.23	2.36
super	0.23	1.68
metric	0.23	1.24
includes	0.23	1.32
weeks	0.23	1.85
alexander	0.23	0.81
technological	0.23	1.01
sectors	0.23	0.99
language	0.23	1.27
wide	0.23	1.07
along	0.23	1.56
commenting	0.23	2.05
manufacturing	0.23	0.97
romans	0.23	0.88
next	0.24	1.73
vary	0.24	1.34
listed	0.24	1.46
geographical	0.24	1.21
hell	0.24	2.76
investing	0.24	1.11
short	0.24	1.63
colony	0.24	0.87
flow	0.24	1.17
including	0.24	1.25
reports	0.24	1.40
noise	0.25	0.87
disagree	0.25	3.39
fundamentally	0.25	1.38
consists	0.25	1.09
imperial	0.25	0.97
austrian	0.25	0.79
dark	0.25	0.94
welfare	0.25	1.20
24	0.25	1.36
isolated	0.25	1.32
exchange	0.25	1.13
emphasis	0.25	1.05
project	0.25	1.24
consumer	0.25	0.83
tongue	0.25	1.22
journalism	0.25	1.30
exports	0.26	0.91
thoughts	0.26	1.46
months	0.26	1.69
household	0.26	1.14
generate	0.26	1.08
suppose	0.26	2.86
thought	0.26	2.95
subsidies	0.26	0.97
capitalism	0.26	1.13
generation	0.26	1.02
invest	0.26	1.03
grow	0.26	1.04
debating	0.27	2.15
filthy	0.27	1.12
connections	0.27	1.17
markets	0.27	0.91
christianity	0.27	0.94
institute	0.27	1.38
those	0.27	1.36
industries	0.27	0.96
rebuild	0.27	0.86
hidden	0.27	1.10
projects	0.27	1.03
suggestion	0.27	1.93
overseas	0.27	0.93
cover	0.27	1.14
eyes	0.28	0.92
medium	0.28	1.33
survey	0.28	1.51
northern	0.28	0.92
two	0.28	1.33
referring	0.28	2.41
contains	0.28	1.34
dictate	0.28	1.32
lacks	0.28	1.18
arent	0.28	1.54
august	0.28	1.46
sale	0.28	0.91
successfully	0.28	1.34
facilities	0.28	0.91
colour	0.28	0.89
consumers	0.28	0.96
dialects	0.29	1.21
mentioned	0.29	2.09
indian	0.29	0.90
artillery	0.29	1.28
clear	0.29	3.14
reporting	0.29	1.36
regional	0.29	0.98
inhabitants	0.29	1.19
influenced	0.29	1.13
pissing	0.29	1.16
years	0.29	1.84
partially	0.30	1.42
gibraltar	0.30	0.89
breaks	0.30	1.10
careful	0.30	1.60
documents	0.30	1.32
coverage	0.30	1.34
crowd	0.30	0.90
symbol	0.30	0.88
speed	0.30	1.04
profitable	0.30	1.10
aware	0.30	2.79
research	0.30	1.15
supply	0.30	0.98
folks	0.30	1.39
frame	0.30	1.39
adds	0.30	1.35
during	0.30	1.24
forbidden	0.30	1.07
agricultural	0.31	0.89
supplies	0.31	0.97
maximum	0.31	1.20
housing	0.31	0.86
background	0.31	0.90
widely	0.31	1.58
worth	0.31	1.34
95	0.31	1.46
month	0.31	1.43
bills	0.31	1.11
notes	0.31	1.32
sleep	0.32	1.13
front	0.32	1.17
indicate	0.32	1.84
vladimir	0.32	1.14
sources	0.32	1.54
unbiased	0.32	1.53
tomorrow	0.32	1.63
laughing	0.32	1.38
box	0.32	1.29
vatican	0.32	0.88
equivalent	0.32	1.83
differ	0.32	1.58
outside	0.32	1.24
taxpayers	0.33	0.99
appeared	0.33	1.35
divided	0.33	1.30
destroying	0.33	0.68
accidentally	0.33	1.40
recall	0.33	1.72
stick	0.33	1.72
lowest	0.33	1.24
whereas	0.33	1.29
discovered	0.33	1.50
meters	0.33	1.37
conversations	0.33	1.37
neutral	0.33	1.20
attract	0.33	1.13
analysis	0.33	1.62
isles	0.33	0.98
ranking	0.34	1.19
rent	0.34	0.98
orthodox	0.34	0.96
vehicles	0.34	0.94
peoples	0.34	1.05
england	0.34	0.99
according	0.34	1.60
statistics	0.34	1.62
haven	0.34	0.95
remained	0.34	1.14
populated	0.34	0.94
fake	0.34	1.18
shale	0.34	1.09
safer	0.34	1.04
rally	0.34	1.07
seconds	0.35	1.70
these	0.35	1.25
king	0.35	0.81
customs	0.35	1.03
looking	0.35	2.19
connection	0.35	1.30
assistance	0.35	1.29
sell	0.35	0.86
cheap	0.35	0.82
official	0.36	1.31
clarify	0.36	3.15
rely	0.36	1.54
height	0.36	0.98
influential	0.36	1.02
latest	0.36	1.57
borders	0.36	1.10
ending	0.36	1.20
assumed	0.36	2.27
separated	0.36	1.19
alternative	0.36	1.59
outlets	0.36	1.39
advanced	0.36	1.00
fewer	0.36	1.07
challenge	0.36	1.48
chose	0.36	1.78
holland	0.36	0.92
learning	0.37	1.25
taxi	0.37	1.01
medicine	0.37	1.21
oil	0.37	0.95
parallel	0.37	1.49
earlier	0.37	2.10
hero	0.37	0.83
head	0.37	1.47
finished	0.37	1.24
ties	0.37	0.98
blocking	0.37	1.20
report	0.37	1.56
flood	0.37	0.95
environment	0.37	0.77
teach	0.38	1.05
explained	0.38	2.24
lines	0.38	1.19
fed	0.38	1.13
estimate	0.38	1.62
property	0.38	0.80
posters	0.38	1.67
current	0.38	1.33
orange	0.38	0.85
checking	0.38	1.62
beat	0.38	0.90
hardware	0.38	1.23
journalist	0.38	1.52
founded	0.39	1.07
greenland	0.39	1.00
george	0.39	1.02
publish	0.39	1.53
skin	0.39	0.90
black	0.39	0.84
female	0.39	0.78
trucks	0.39	0.99
angela	0.39	1.12
protect	0.39	1.08
waste	0.39	0.80
economics	0.39	1.40
rough	0.39	1.84
survive	0.39	1.26
green	0.39	0.92
develop	0.39	1.34
countless	0.39	1.15
card	0.39	1.18
flanders	0.39	0.97
published	0.40	1.52
location	0.40	1.31
information	0.40	1.53
included	0.40	1.84
variety	0.40	1.07
thatcher	0.40	1.11
answered	0.40	2.46
confuse	0.40	1.29
john	0.40	1.01
rt	0.40	1.38
talked	0.40	1.77
informed	0.40	1.77
counts	0.41	1.42
customer	0.41	0.97
structures	0.41	1.03
cards	0.41	1.21
mentions	0.41	1.71
definitions	0.41	1.92
transportation	0.41	0.85
write	0.41	1.95
icelandic	0.41	1.02
dunno	0.41	1.95
suggests	0.41	1.95
fan	0.41	1.66
ground	0.41	1.28
telling	0.41	2.21
alternatives	0.42	1.57
debates	0.42	1.43
teachers	0.42	1.05
minutes	0.42	1.66
programs	0.42	1.09
arrive	0.42	1.18
academic	0.42	1.24
finish	0.42	1.18
nuclear	0.42	0.95
pirate	0.43	1.21
raped	0.43	0.82
implies	0.43	2.10
tl	0.43	1.18
implying	0.43	2.27
classes	0.43	1.06
meanwhile	0.43	1.32
base	0.43	0.97
interestingly	0.43	1.32
adopted	0.43	1.45
power	0.43	1.02
headlines	0.43	1.34
critical	0.43	1.53
payments	0.44	1.14
bastards	0.44	1.46
productivity	0.44	1.02
phone	0.44	1.23
shares	0.44	0.94
capacity	0.44	1.05
shipping	0.44	0.93
lessons	0.44	1.08
etc	0.44	1.17
counties	0.44	1.04
transylvania	0.45	1.12
studies	0.45	1.30
protecting	0.45	1.12
remove	0.45	1.62
pronounce	0.45	1.69
rolling	0.45	1.24
secondary	0.45	1.07
amp	0.45	1.52
communication	0.46	1.09
english	0.46	1.41
tactics	0.46	1.30
asses	0.46	1.31
responded	0.46	2.23
context	0.46	2.15
hospitals	0.46	1.04
structure	0.46	1.49
70s	0.47	1.16
lists	0.47	1.44
formal	0.47	1.20
infrastructure	0.47	1.02
idk	0.47	1.91
humor	0.47	1.43
stats	0.47	1.62
heck	0.47	1.58
hole	0.47	1.14
driving	0.47	0.99
relations	0.47	1.03
pp	0.47	1.17
better	0.47	2.26
1st	0.47	1.28
exporting	0.47	0.92
purposes	0.47	1.34
apologize	0.47	1.95
school	0.47	1.06
crossed	0.48	1.09
99	0.48	0.98
pays	0.48	1.33
technology	0.48	1.02
defined	0.48	1.66
models	0.48	1.23
developing	0.48	0.98
tribes	0.48	0.90
dual	0.48	1.16
teacher	0.48	1.05
afraid	0.48	2.61
ideal	0.48	1.45
look	0.48	2.14
default	0.49	1.53
weed	0.49	0.86
personal	0.49	1.37
grey	0.49	0.94
isnt	0.49	1.29
sold	0.49	0.86
upset	0.49	2.59
b	0.49	1.62
meeting	0.49	1.24
switched	0.49	1.48
vehicle	0.49	0.94
taught	0.49	1.07
job	0.49	1.56
wales	0.49	0.98
misunderstanding	0.49	2.92
doors	0.49	1.14
mainland	0.49	0.99
stationed	0.49	0.96
driver	0.49	1.02
older	0.49	1.12
v	0.49	1.30
importantly	0.49	1.25
category	0.50	1.30
computers	0.50	1.15
guardian	0.50	1.45
sales	0.50	0.92
imports	0.50	0.90
carrier	0.50	0.94
standing	0.50	1.31
networks	0.51	1.16
voices	0.51	1.02
elderly	0.51	0.92
unlike	0.51	2.10
peninsula	0.51	0.90
release	0.51	1.39
truly	0.51	1.63
jokes	0.51	1.24
common	0.51	1.64
staff	0.51	1.01
whom	0.51	1.14
construction	0.51	0.97
connect	0.51	1.10
sensible	0.52	1.51
mouth	0.52	1.56
co	0.52	1.40
hear	0.52	1.91
sentence	0.52	2.02
activity	0.52	0.91
papers	0.52	1.42
label	0.52	1.24
chart	0.52	1.88
network	0.52	1.11
ancestors	0.52	0.99
digital	0.52	1.19
grown	0.52	1.06
dream	0.52	1.19
belt	0.52	0.97
x	0.53	1.51
miles	0.53	1.38
geographically	0.53	1.40
arrived	0.53	1.15
ours	0.53	1.72
worried	0.53	2.68
minute	0.53	1.69
fly	0.53	0.99
worries	0.53	1.55
im	0.53	2.10
quoting	0.53	1.93
study	0.54	1.22
suggested	0.54	1.61
uniform	0.54	1.01
floor	0.54	1.08
suggesting	0.54	2.59
r	0.54	1.56
access	0.54	1.28
younger	0.54	1.07
save	0.54	1.43
blood	0.54	0.81
plus	0.54	1.51
student	0.54	1.08
hours	0.54	1.63
redditors	0.54	1.71
factories	0.54	0.88
answer	0.54	2.67
referred	0.54	1.79
worry	0.54	2.71
efficient	0.54	1.07
shirt	0.54	0.96
serves	0.55	1.21
germanic	0.55	1.14
atleast	0.55	1.42
scared	0.55	2.29
solid	0.55	1.17
arse	0.55	1.44
flags	0.55	0.93
culturally	0.55	1.56
many	0.55	1.33
happily	0.55	1.71
secondly	0.55	1.25
truck	0.56	0.99
gas	0.56	0.95
von	0.56	1.15
prominent	0.56	1.14
bear	0.56	1.07
newspaper	0.56	1.47
ancestry	0.56	0.94
pipeline	0.56	1.01
km	0.56	1.30
interpreted	0.56	2.33
paper	0.56	1.43
active	0.56	1.32
fits	0.56	1.52
pot	0.56	1.01
audience	0.57	1.12
output	0.57	0.96
its	0.57	1.26
gold	0.57	1.20
lifetime	0.57	1.35
coins	0.57	1.14
languages	0.57	1.39
dr	0.57	1.23
accounts	0.57	1.62
implied	0.57	2.43
transport	0.57	0.94
viable	0.57	1.52
teaching	0.58	1.09
message	0.58	1.94
deeper	0.58	1.16
bavaria	0.58	0.86
hang	0.58	1.28
tech	0.58	1.03
cars	0.58	0.92
surface	0.58	0.96
masters	0.58	1.09
plenty	0.58	1.41
border	0.58	1.08
add	0.58	1.90
map	0.58	1.71
brings	0.58	0.91
showing	0.58	1.57
looked	0.58	1.76
schools	0.58	1.02
describe	0.58	2.08
traffic	0.58	0.98
curiosity	0.59	1.72
local	0.59	0.97
male	0.59	0.90
ass	0.59	1.48
newspapers	0.59	1.39
red	0.59	0.92
winning	0.59	1.07
subjects	0.60	1.19
below	0.60	1.44
production	0.60	0.91
cunt	0.60	1.52
bright	0.60	0.97
kings	0.60	0.75
hungry	0.60	1.23
drivers	0.60	1.01
filter	0.60	1.51
totally	0.60	1.94
explains	0.60	1.51
buy	0.60	0.88
celtic	0.61	1.01
spell	0.61	1.88
impressed	0.61	2.13
concerned	0.61	2.67
quotes	0.61	1.74
guard	0.61	0.92
june	0.61	1.53
sarcastic	0.62	2.26
mobile	0.62	1.22
daily	0.62	1.36
car	0.62	0.95
slavic	0.62	1.05
explaining	0.62	2.24
soft	0.62	1.12
graph	0.62	2.05
sorts	0.62	1.24
waving	0.63	1.01
master	0.63	1.02
dirty	0.63	1.10
reading	0.63	2.10
relationship	0.63	0.90
news	0.63	1.37
import	0.63	0.87
urban	0.63	0.89
unknown	0.63	1.02
convinced	0.63	2.44
replying	0.63	2.56
won	0.63	1.01
answers	0.63	1.92
troll	0.63	1.67
students	0.63	1.05
greek	0.64	0.88
via	0.64	1.21
interpret	0.64	2.50
blue	0.64	0.90
efficiency	0.64	1.00
sky	0.64	0.82
replacing	0.64	1.09
origin	0.65	1.40
similarities	0.65	1.33
economist	0.65	1.56
drive	0.65	1.13
judging	0.65	1.87
foreign	0.65	1.11
multiple	0.65	1.27
source	0.65	1.64
telegraph	0.65	1.39
naval	0.65	0.92
field	0.65	1.20
articles	0.65	1.61
stable	0.66	1.14
interview	0.66	1.52
devil	0.66	1.02
neighbors	0.66	0.91
attractive	0.66	1.13
secure	0.66	1.29
retard	0.66	1.77
realised	0.66	2.01
brown	0.66	0.86
un	0.66	1.31
fox	0.66	1.32
fracking	0.67	0.98
f	0.67	1.52
consumption	0.67	1.00
sustainable	0.67	1.48
linking	0.67	1.73
fyi	0.67	1.55
patriotic	0.67	1.16
misunderstood	0.67	3.00
moon	0.68	0.85
interesting	0.68	2.02
account	0.68	1.73
pronounced	0.68	1.68
shots	0.68	0.89
feet	0.68	1.25
yellow	0.68	0.90
document	0.68	1.69
w	0.68	1.55
switch	0.68	1.52
mail	0.69	1.38
math	0.69	1.10
july	0.69	1.54
marketing	0.69	1.02
alike	0.69	1.13
arabic	0.69	1.51
nonetheless	0.69	1.44
running	0.69	1.24
studying	0.69	1.10
road	0.69	1.02
glory	0.69	0.93
piece	0.69	1.38
ships	0.69	0.87
likely	0.70	2.30
vikings	0.70	1.03
courses	0.70	1.06
goods	0.70	0.94
quoted	0.70	2.22
dick	0.70	1.23
waiting	0.70	1.55
list	0.70	1.64
responding	0.70	2.52
iron	0.70	1.06
burned	0.70	0.78
titles	0.70	1.76
generations	0.71	1.35
lesson	0.71	0.98
engineering	0.71	1.09
inner	0.71	0.85
trains	0.71	1.00
sheep	0.71	0.94
degree	0.71	1.09
own	0.71	1.50
areas	0.71	1.04
fit	0.72	1.81
wrote	0.72	2.13
shouting	0.72	1.05
linked	0.72	1.88
forum	0.72	1.79
skeptical	0.72	2.54
ship	0.72	1.00
flag	0.72	0.98
blocked	0.72	1.37
counting	0.73	1.91
sites	0.73	1.40
history	0.73	1.14
navy	0.73	0.90
roads	0.73	0.97
signs	0.73	1.12
trolling	0.73	1.97
replace	0.73	1.24
enormous	0.73	0.91
fairness	0.73	0.92
helps	0.73	2.21
read	0.73	1.80
slight	0.73	1.18
ironically	0.74	1.20
islands	0.74	0.88
removed	0.74	1.88
above	0.74	1.86
church	0.74	1.03
suits	0.75	1.39
conscription	0.75	1.15
energy	0.75	1.03
trick	0.75	1.30
initial	0.75	1.84
storm	0.75	0.88
fuels	0.75	1.04
le	0.75	1.32
reddit	0.75	1.96
highway	0.75	1.04
hmm	0.75	2.05
university	0.75	1.08
anyways	0.75	2.22
commonly	0.75	1.92
philosophy	0.75	1.04
lord	0.76	1.01
data	0.76	1.53
crown	0.76	0.85
user	0.76	1.89
missing	0.76	3.03
blocks	0.76	0.91
microsoft	0.76	1.14
web	0.76	1.41
letter	0.76	1.69
farmers	0.76	0.87
article	0.76	1.77
headline	0.76	1.81
rural	0.77	1.01
luxury	0.77	0.85
brave	0.77	1.17
thread	0.77	2.06
r/worldnews	0.77	1.97
paragraph	0.77	1.84
websites	0.77	1.44
she	0.77	1.20
hair	0.77	0.89
material	0.78	1.12
checked	0.78	1.86
letters	0.78	1.72
yup	0.78	1.65
irony	0.78	1.56
fossil	0.78	1.06
studied	0.78	1.11
covered	0.79	1.07
content	0.79	1.65
babies	0.79	0.82
sight	0.79	1.25
refers	0.79	2.03
used	0.79	2.30
across	0.79	1.05
upvotes	0.79	1.88
producing	0.80	0.88
show	0.80	1.67
fleet	0.80	0.89
forgive	0.80	1.86
reference	0.80	2.31
suggest	0.80	2.38
words	0.80	1.97
crossing	0.80	1.05
inside	0.81	1.02
window	0.81	1.18
blog	0.81	1.77
wearing	0.81	0.96
internet	0.81	1.32
renewables	0.81	1.02
users	0.81	1.73
bag	0.81	1.16
computer	0.81	1.13
offices	0.81	0.98
animal	0.81	0.80
plant	0.81	0.93
young	0.81	0.95
roots	0.81	0.95
giant	0.81	0.83
age	0.81	0.99
subreddit	0.82	1.88
r/europe	0.82	1.98
imported	0.82	0.85
quote	0.82	1.88
uni	0.82	1.08
writing	0.82	1.99
shame	0.82	1.60
satellite	0.82	0.98
cross	0.82	1.00
windows	0.83	1.14
translate	0.83	2.07
similar	0.83	1.31
deep	0.83	1.18
pacific	0.83	0.88
ottoman	0.83	0.93
glad	0.83	2.59
college	0.83	1.07
threads	0.83	1.91
boats	0.84	0.94
hanging	0.84	1.13
ran	0.84	1.11
renewable	0.84	1.02
pages	0.84	1.64
empire	0.84	0.99
countrymen	0.84	1.03
produce	0.84	0.84
sub	0.84	1.92
camera	0.84	1.31
reliable	0.85	1.42
mark	0.85	1.45
search	0.85	1.57
california	0.85	1.10
bitch	0.85	1.86
host	0.85	0.94
warning	0.85	1.37
meant	0.85	3.23
software	0.85	1.32
pieces	0.85	1.23
loads	0.85	1.19
replied	0.85	2.44
ni	0.85	1.26
explanation	0.86	1.70
pour	0.86	1.43
abroad	0.86	1.16
pas	0.86	1.46
site	0.86	1.51
adult	0.86	0.91
storage	0.86	0.94
ton	0.86	1.26
route	0.86	0.95
fuel	0.86	0.92
area	0.86	1.08
subreddits	0.87	1.88
optimistic	0.87	2.31
neighbours	0.87	0.90
ich	0.87	1.48
teenagers	0.87	0.99
describes	0.87	1.84
national	0.87	1.00
refer	0.87	1.88
wiki	0.88	1.75
acceptable	0.88	2.53
p	0.88	1.96
coal	0.88	0.93
das	0.88	1.46
dog	0.88	0.87
street	0.88	0.96
posts	0.88	1.95
new	0.88	1.02
und	0.88	1.47
author	0.89	1.87
live	0.89	1.29
north	0.89	0.89
added	0.89	2.05
facebook	0.89	1.58
posting	0.89	2.04
scary	0.89	1.85
upvoted	0.89	1.93
ancient	0.90	0.85
gon	0.90	2.24
phones	0.90	1.12
science	0.90	1.23
par	0.90	1.42
open	0.90	1.27
suit	0.90	1.27
assuming	0.90	2.68
written	0.90	1.79
elaborate	0.90	2.17
des	0.91	1.47
relatives	0.91	0.93
twitter	0.91	1.67
wikipedia	0.91	1.77
section	0.91	1.68
names	0.91	1.74
mods	0.91	1.95
interested	0.91	2.46
universities	0.91	1.13
summary	0.91	1.59
yesterday	0.91	1.50
latin	0.92	1.69
toilet	0.92	1.15
les	0.92	1.45
est	0.92	1.51
successful	0.92	0.91
page	0.92	1.81
downvoted	0.92	2.00
et	0.92	1.40
belgian	0.93	0.90
county	0.93	1.01
downvoting	0.93	2.01
plants	0.93	0.95
saw	0.94	1.36
karma	0.94	1.93
fond	0.94	1.56
comments	0.94	1.97
bible	0.94	1.28
previous	0.94	1.96
neighbor	0.94	0.91
roll	0.95	1.49
online	0.95	1.41
texas	0.95	1.00
called	0.95	1.20
t	0.95	1.51
centre	0.95	1.01
poster	0.95	2.01
experiences	0.95	1.30
collection	0.95	1.07
emperor	0.96	0.89
website	0.96	1.60
solar	0.96	0.96
feature	0.96	1.13
ist	0.96	1.45
posted	0.96	2.04
ai	0.96	1.95
non	0.96	1.45
morally	0.96	2.51
y	0.96	1.40
wait	0.96	2.42
joke	0.96	1.80
table	0.97	1.20
light	0.97	0.89
o	0.97	1.55
abandoned	0.97	0.86
opening	0.97	1.12
eg	0.97	1.35
room	0.97	1.05
build	0.97	0.88
politically	0.97	2.50
la	0.98	1.40
word	0.98	2.34
sorry	0.98	2.81
books	0.98	1.51
nigel	0.98	1.14
drunk	0.98	1.10
die	0.98	1.36
helpful	0.98	1.38
check	0.99	1.95
accurate	0.99	2.43
opened	0.99	1.06
keen	0.99	2.40
subs	0.99	1.66
confident	0.99	2.55
till	0.99	1.52
embassy	1.00	0.99
queen	1.00	0.86
gulf	1.00	0.85
bet	1.00	2.45
edge	1.00	1.04
buses	1.00	0.97
bike	1.00	0.91
technically	1.00	2.87
jack	1.00	1.15
c	1.00	1.42
appropriate	1.01	2.32
promote	1.01	0.75
pigs	1.01	0.92
fields	1.01	0.97
birth	1.01	0.92
downvote	1.01	1.97
boys	1.01	0.86
e	1.01	1.50
button	1.01	1.91
fishing	1.01	0.90
ne	1.02	1.56
copy	1.02	1.86
wan	1.02	2.06
smart	1.02	1.46
advance	1.02	1.32
smell	1.02	1.08
ok	1.02	2.80
usage	1.02	1.79
es	1.03	1.49
bed	1.03	0.87
goddamn	1.03	1.40
named	1.03	0.93
certain	1.03	1.26
bonus	1.03	1.12
known	1.04	1.60
max	1.04	1.33
hilarious	1.04	1.77
circle	1.04	0.86
mistaken	1.04	2.59
house	1.04	0.90
feed	1.04	1.02
p.s	1.04	1.48
sitting	1.04	1.26
adults	1.05	0.89
gear	1.05	0.95
shows	1.05	1.64
men	1.05	0.99
text	1.05	1.94
electricity	1.06	0.93
mixed	1.06	1.09
store	1.06	0.93
smoking	1.06	0.88
whose	1.06	1.01
versions	1.06	1.39
na	1.06	1.94
jesus	1.06	1.11
links	1.06	1.91
phrase	1.07	2.31
tons	1.07	1.01
downvotes	1.07	1.91
preferred	1.07	1.17
grand	1.08	0.91
woman	1.08	0.98
error	1.08	2.48
home	1.08	1.40
centers	1.08	0.92
si	1.08	1.53
invite	1.08	1.64
da	1.08	1.60
mistake	1.08	2.44
listening	1.08	1.46
comment	1.09	2.23
aspect	1.09	1.21
son	1.09	0.93
bbc	1.09	1.33
translated	1.09	2.20
el	1.09	1.31
combination	1.09	0.91
balls	1.10	1.85
stars	1.10	0.89
guaranteed	1.10	0.88
um	1.10	1.56
der	1.10	1.46
center	1.10	1.25
child	1.10	0.81
sigh	1.11	1.93
star	1.11	0.92
translates	1.11	1.97
concrete	1.11	0.90
google	1.12	1.61
hat	1.13	1.28
rail	1.13	1.04
reactors	1.13	0.97
link	1.13	1.98
bits	1.13	1.15
que	1.13	1.44
brothers	1.14	0.90
answering	1.14	2.28
electric	1.14	1.01
deleted	1.14	2.11
distance	1.14	1.21
homes	1.14	0.78
exact	1.14	2.74
al	1.14	1.39
maps	1.14	1.54
title	1.15	2.19
n	1.15	1.52
smoke	1.15	0.90
apartment	1.15	0.87
flights	1.15	0.83
dogs	1.15	0.90
raised	1.16	0.97
detailed	1.16	1.54
se	1.16	1.53
flair	1.16	1.91
vice	1.16	1.20
aka	1.16	0.71
shut	1.16	1.46
magic	1.16	0.92
products	1.17	0.94
post	1.17	2.12
addition	1.17	1.00
ticket	1.18	0.92
contributed	1.18	0.89
precise	1.18	2.61
ages	1.18	1.01
prepare	1.19	1.25
produced	1.19	0.89
submission	1.19	2.04
du	1.19	1.43
corner	1.19	1.13
ride	1.19	1.10
neighborhood	1.19	0.92
shoes	1.19	1.15
insight	1.19	1.31
name	1.20	1.73
versus	1.20	2.04
fuck	1.20	1.96
atlantic	1.20	0.85
moldovan	1.20	0.88
fellow	1.20	1.16
de	1.20	1.41
waters	1.21	0.86
stores	1.21	0.94
players	1.21	0.97
identical	1.21	1.08
closed	1.22	1.06
interpretation	1.22	2.58
minimal	1.22	0.97
encourage	1.22	1.28
proposing	1.22	2.15
hour	1.23	1.27
fucking	1.23	1.58
match	1.23	1.00
wear	1.23	1.12
empty	1.24	0.92
closing	1.24	0.99
met	1.24	1.62
player	1.24	0.97
je	1.24	1.57
children	1.25	0.83
voice	1.26	1.12
walk	1.26	1.18
understood	1.26	2.77
lucky	1.26	2.29
located	1.26	0.97
plays	1.26	1.00
paint	1.26	1.05
december	1.26	1.38
sarcasm	1.26	2.26
baby	1.26	0.95
his	1.27	1.14
roman	1.27	0.95
washington	1.27	0.92
burn	1.27	1.13
tunnel	1.27	1.03
okay	1.27	2.60
em	1.27	1.81
burning	1.27	0.83
yea	1.27	1.80
shops	1.27	0.93
door	1.28	1.24
original	1.28	2.01
genetic	1.28	0.90
share	1.29	1.14
moved	1.29	1.33
congratulations	1.29	1.29
bus	1.29	0.97
click	1.30	1.86
den	1.30	1.36
channels	1.30	1.22
correctly	1.30	2.55
stage	1.31	0.92
op	1.31	2.08
fixed	1.31	1.69
built	1.31	0.85
pr	1.31	1.05
piss	1.31	1.07
ja	1.31	1.55
fans	1.31	0.95
youtube	1.32	1.41
ball	1.32	1.01
shop	1.33	0.91
please	1.33	2.18
info	1.33	1.60
en	1.34	1.45
literal	1.34	2.73
reply	1.34	2.14
familiar	1.34	2.20
inclined	1.34	2.43
wall	1.34	0.92
invented	1.34	1.06
product	1.35	0.89
surrounding	1.35	0.89
meaning	1.35	2.70
using	1.36	2.36
suck	1.36	1.46
edited	1.36	2.32
term	1.36	2.65
cultural	1.36	0.89
married	1.36	0.93
stations	1.37	1.12
bottom	1.37	1.33
travel	1.38	1.02
port	1.38	0.89
wish	1.38	2.39
chain	1.38	1.12
different	1.38	1.16
historic	1.38	0.88
kids	1.38	0.86
pool	1.38	1.01
u	1.39	1.64
diversity	1.39	0.90
video	1.40	1.34
olympics	1.40	0.86
feasible	1.40	2.39
heh	1.40	1.66
league	1.41	0.98
houses	1.41	0.81
ugly	1.41	1.50
girl	1.41	0.87
er	1.41	1.43
healthy	1.42	1.00
hoping	1.42	2.30
joking	1.42	2.15
royal	1.42	0.79
tourism	1.42	0.86
use	1.42	2.46
farm	1.42	0.84
pic	1.42	1.64
team	1.43	0.96
cup	1.43	0.90
stream	1.43	1.00
walking	1.43	0.97
appreciate	1.43	1.54
glorious	1.43	1.07
version	1.44	1.54
heritage	1.44	0.93
born	1.44	0.96
remote	1.44	0.96
teams	1.45	0.96
resort	1.46	1.09
cultures	1.46	0.94
comfortable	1.46	2.01
wind	1.46	0.87
ambassador	1.46	0.94
dress	1.46	1.01
football	1.46	0.96
club	1.46	0.94
top	1.46	2.29
tradition	1.47	0.87
porn	1.47	1.11
freaking	1.47	1.50
diverse	1.47	0.96
thin	1.48	1.00
preserve	1.48	0.95
grammar	1.49	2.43
filled	1.50	1.11
whats	1.50	1.56
food	1.50	0.87
thats	1.50	1.78
shopping	1.50	0.91
week	1.51	1.28
yeah	1.51	2.25
available	1.51	2.13
playing	1.52	0.97
btw	1.52	1.98
chicago	1.53	1.01
spelling	1.53	2.41
founding	1.53	0.84
videos	1.53	1.33
neighbour	1.53	0.83
boy	1.53	1.06
excluding	1.53	0.79
clean	1.53	0.88
loyal	1.54	2.18
cities	1.54	0.93
building	1.54	0.86
worldwide	1.54	0.92
york	1.55	1.01
eh	1.55	1.88
san	1.55	1.22
features	1.55	0.96
played	1.56	0.97
boat	1.56	0.91
extensive	1.56	0.96
pack	1.56	0.94
grew	1.57	1.00
channel	1.58	1.20
morning	1.58	0.91
frozen	1.58	0.90
vilnius	1.59	0.90
brand	1.59	0.93
listen	1.60	1.27
update	1.60	1.61
ta	1.60	1.67
uh	1.61	2.11
clothes	1.61	0.92
picture	1.62	1.48
animals	1.62	0.82
climate	1.62	0.92
culture	1.62	0.86
train	1.62	1.03
watched	1.63	1.33
ftfy	1.63	1.48
holes	1.64	1.02
games	1.64	0.91
yours	1.64	2.30
night	1.65	0.97
van	1.65	1.34
play	1.65	0.93
statue	1.65	0.88
brussels	1.66	0.83
username	1.66	1.78
description	1.66	2.34
upvote	1.67	1.86
sit	1.67	1.33
serving	1.68	1.03
dig	1.68	1.30
distinct	1.69	0.94
alcohol	1.70	0.81
yep	1.70	1.81
fashion	1.70	1.01
friends	1.70	1.01
places	1.71	1.20
photo	1.71	1.34
monday	1.71	1.15
shared	1.71	0.98
easter	1.72	0.89
image	1.72	1.38
mix	1.72	0.99
drag	1.73	0.86
walls	1.73	0.81
translation	1.73	2.51
missed	1.74	2.00
bond	1.74	0.91
liked	1.74	1.27
clothing	1.74	0.89
madrid	1.74	0.86
alive	1.74	1.79
complaints	1.74	1.31
friend	1.74	1.05
degrees	1.74	0.91
huh	1.74	1.73
guys	1.75	2.05
era	1.75	0.89
genius	1.75	1.27
hehe	1.75	1.43
personality	1.76	0.81
towns	1.76	0.84
kid	1.76	0.97
quiet	1.76	1.72
daughter	1.76	0.96
metro	1.77	0.86
grandfather	1.77	0.98
painting	1.77	0.98
modern	1.77	0.82
ya	1.77	1.76
sun	1.77	0.84
station	1.77	1.00
family	1.78	0.99
parent	1.78	1.03
parents	1.78	0.99
television	1.79	1.15
village	1.79	0.91
pls	1.79	1.57
her	1.79	0.95
heating	1.79	0.87
stronk	1.79	1.17
actors	1.79	0.83
brother	1.80	0.97
square	1.80	0.89
tv	1.80	1.17
horse	1.81	1.05
sunday	1.81	1.08
man	1.81	1.37
grandparents	1.81	0.98
dedicated	1.81	1.06
island	1.82	0.82
dad	1.82	1.02
district	1.83	0.84
glass	1.83	0.86
underground	1.83	0.91
reminds	1.83	1.62
mother	1.84	0.98
day	1.84	1.20
calm	1.85	1.57
wife	1.85	0.98
surprisingly	1.85	1.21
closest	1.85	0.74
father	1.85	0.98
supermarket	1.85	0.88
barcelona	1.86	0.82
forgot	1.86	2.04
moscow	1.86	0.87
images	1.86	1.22
coast	1.86	0.86
god	1.86	1.34
classic	1.86	0.83
mine	1.87	1.37
mom	1.88	1.00
subtitles	1.88	1.17
bar	1.88	0.89
popular	1.90	0.80
bars	1.90	0.91
apologies	1.90	2.31
aswell	1.90	0.89
til	1.91	1.63
advice	1.92	1.37
wtf	1.92	1.66
pub	1.93	0.88
movies	1.93	1.10
luck	1.93	1.71
dat	1.93	1.38
book	1.93	1.29
capital	1.94	0.83
bro	1.94	1.85
game	1.94	0.93
bottle	1.94	0.88
apple	1.95	0.95
nope	1.95	1.82
buddy	1.95	1.88
raw	1.95	0.90
your	1.96	2.15
tree	1.96	0.78
lived	1.96	1.20
friday	1.96	1.00
evening	1.98	0.97
hi	1.99	1.59
bridge	1.99	0.83
alright	2.00	1.95
m8	2.00	1.70
wat	2.00	1.53
traditions	2.00	0.78
ex	2.00	0.85
sir	2.01	1.34
corrected	2.01	2.04
extended	2.02	1.01
mediterranean	2.02	0.82
safe	2.03	1.79
serve	2.03	1.63
clever	2.04	1.32
stayed	2.04	1.09
amsterdam	2.04	0.81
xd	2.05	1.39
good	2.06	1.94
went	2.06	1.33
kidding	2.06	1.78
restaurant	2.06	0.84
sea	2.06	0.81
airport	2.06	0.80
winner	2.06	0.88
helsinki	2.07	0.84
oh	2.07	1.85
fat	2.07	1.02
cold	2.07	0.91
travelling	2.07	0.81
cheers	2.08	1.76
ice	2.08	0.82
mate	2.08	1.79
ha	2.08	1.59
documentary	2.09	1.14
restaurants	2.09	0.86
generous	2.11	1.96
bucharest	2.11	0.85
mayor	2.11	0.82
lisbon	2.11	0.83
lol	2.11	1.71
london	2.12	0.83
city	2.13	0.86
rain	2.13	0.89
dude	2.13	1.68
nah	2.13	1.73
rome	2.13	0.77
swear	2.13	1.22
ocean	2.14	0.75
edit	2.15	2.19
heat	2.15	0.89
churches	2.15	0.68
hey	2.16	1.80
dublin	2.18	0.82
river	2.18	0.85
remembered	2.18	0.88
design	2.18	0.85
dry	2.20	0.83
munich	2.20	0.79
close	2.20	1.57
drinks	2.20	0.78
prefer	2.20	1.69
contest	2.22	0.83
sport	2.22	0.78
surrounded	2.23	0.74
endless	2.24	0.87
scene	2.24	0.72
tourists	2.25	0.81
st	2.27	0.80
winter	2.28	0.88
mild	2.28	0.80
pictures	2.28	0.97
tho	2.29	1.60
lifestyle	2.29	0.70
watching	2.29	1.03
near	2.30	0.92
eurovision	2.30	0.79
water	2.30	0.79
series	2.31	0.97
holidays	2.31	0.80
yay	2.32	1.29
berlin	2.33	0.77
weather	2.33	1.49
humour	2.34	1.17
town	2.34	0.82
copenhagen	2.34	0.80
polite	2.36	1.35
season	2.36	0.79
nearby	2.36	0.75
hello	2.36	1.40
character	2.37	0.63
tower	2.37	0.83
tip	2.37	0.81
coffee	2.38	0.77
paris	2.39	0.76
radio	2.40	0.95
apples	2.40	0.90
watch	2.40	0.96
fascinating	2.41	1.39
tea	2.41	0.77
movie	2.42	0.91
salt	2.42	0.88
pop	2.42	0.89
anthem	2.42	0.82
sports	2.43	0.77
thick	2.44	0.80
milk	2.44	0.85
literature	2.45	0.83
kebab	2.45	0.90
damn	2.49	1.50
saved	2.51	1.31
nicer	2.52	1.00
stone	2.52	0.62
vodka	2.53	0.74
metal	2.54	0.84
haha	2.55	1.59
warsaw	2.55	0.75
trees	2.55	0.75
drink	2.56	0.74
thanks	2.57	1.54
hotel	2.57	0.72
miss	2.57	1.27
ah	2.57	1.63
villages	2.57	0.65
snow	2.58	0.86
petersburg	2.59	0.75
songs	2.61	0.78
folk	2.62	0.83
holy	2.62	1.35
oldest	2.63	0.60
fun	2.64	1.40
fresh	2.64	0.79
photos	2.64	0.93
impressive	2.65	1.21
destination	2.65	0.71
beer	2.65	0.73
traditional	2.65	0.64
buildings	2.66	0.63
drinking	2.66	0.75
welcome	2.66	1.48
spring	2.66	0.73
hahaha	2.69	1.39
wine	2.70	0.73
istanbul	2.71	0.70
celebrate	2.71	1.48
hah	2.72	1.58
countryside	2.73	0.72
perfect	2.73	1.46
cute	2.73	1.25
thank	2.74	1.50
fish	2.74	0.79
dinner	2.75	0.76
nicely	2.75	1.18
famous	2.77	0.81
chicken	2.78	0.81
meat	2.81	0.80
lady	2.83	0.66
medieval	2.85	0.62
friendly	2.85	1.13
taste	2.88	0.79
lt	2.88	1.18
girls	2.89	1.02
art	2.89	0.61
my	2.92	1.07
eating	2.93	0.78
athens	2.93	0.67
lots	2.93	0.93
old	2.93	0.69
sharing	2.94	1.05
summer	2.94	0.72
meh	2.94	1.12
vienna	2.94	0.68
wonderful	2.95	0.92
mountain	2.96	0.65
pizza	2.96	0.74
girlfriend	2.97	1.04
eat	2.99	0.75
fancy	2.99	1.07
stockholm	3.01	0.68
cake	3.01	0.76
christmas	3.02	1.19
music	3.02	0.64
holiday	3.04	0.67
style	3.05	0.58
looks	3.05	1.11
performance	3.06	0.75
chocolate	3.10	0.71
budapest	3.11	0.65
excellent	3.12	0.82
omg	3.13	0.86
dear	3.14	0.98
bread	3.14	0.73
warm	3.15	0.96
mountains	3.16	0.63
sweet	3.17	0.93
forest	3.17	0.59
film	3.18	0.72
served	3.19	0.95
great	3.20	0.78
our	3.20	1.03
museum	3.22	0.53
castle	3.24	0.57
wow	3.25	1.11
rock	3.26	0.92
spot	3.27	0.92
hot	3.27	0.88
dish	3.28	0.61
tourist	3.31	0.56
weekend	3.34	0.59
tallinn	3.34	1.04
band	3.38	0.77
prague	3.43	0.51
traveling	3.43	0.74
vacation	3.44	0.54
nature	3.44	0.75
trip	3.45	0.53
cheese	3.49	0.82
landscape	3.49	0.73
cool	3.49	0.82
singing	3.51	0.70
potatoes	3.57	0.77
park	3.57	0.70
potato	3.58	0.77
palace	3.59	0.68
beach	3.61	0.67
incredible	3.62	0.56
song	3.69	0.57
brilliant	3.75	0.53
beaches	3.81	0.60
visited	3.87	0.57
enjoyed	3.91	0.33
unique	3.92	0.44
recommend	3.96	0.35
visiting	3.98	0.50
favourite	3.99	0.30
lovely	4.01	0.36
enjoy	4.03	0.44
favorite	4.04	0.38
beautiful	4.04	0.34
architecture	4.05	0.35
delicious	4.05	0.51
visit	4.08	0.48
