combined	-5.33	2.45
mentions	-5.23	2.02
suck	-5.03	2.14
understood	-5.03	2.81
pissed	-4.87	2.44
dying	-4.80	2.48
poisoning	-4.56	2.66
angry	-4.54	2.77
dislike	-4.48	2.84
fear	-4.42	2.53
imho	-4.38	2.45
worse	-4.35	2.48
kills	-4.34	2.50
deaths	-4.28	2.63
standard	-4.26	2.87
orange	-4.25	2.95
ugh	-4.19	2.76
unnecessary	-4.16	2.33
shotgun	-4.08	3.17
tear	-4.06	3.04
pool	-4.04	2.82
faces	-4.02	2.90
repeater	-3.98	3.13
introduced	-3.88	2.95
lincoln	-3.88	2.97
circle	-3.81	2.32
lesser	-3.81	2.32
piss	-3.80	2.66
access	-3.77	3.52
absolute	-3.76	2.66
likes	-3.75	3.30
talks	-3.67	2.89
disappointed	-3.67	2.90
sucked	-3.66	3.00
broken	-3.64	3.86
sends	-3.61	2.68
annoyed	-3.60	2.82
leads	-3.58	2.96
butcher	-3.56	2.38
worried	-3.53	3.13
forgetting	-3.52	2.31
collar	-3.52	3.25
minus	-3.48	2.51
combat	-3.44	2.98
tired	-3.44	2.42
fresh	-3.43	3.26
ghost	-3.42	3.25
idiots	-3.42	2.41
kicked	-3.40	2.72
exists	-3.37	3.07
except	-3.36	2.93
applies	-3.34	2.76
enslave	-3.32	3.09
bored	-3.29	2.75
surprised	-3.28	3.34
lame	-3.27	2.41
care	-3.21	3.54
grave	-3.19	3.31
material	-3.17	3.03
minecraft	-3.16	2.48
keeps	-3.15	2.61
poor	-3.13	2.47
speakers	-3.12	3.04
liked	-3.11	3.76
understand	-3.09	3.66
apple	-3.08	2.57
par	-3.06	2.93
zeta	-3.05	4.09
teddy	-3.04	3.10
quit	-3.02	2.89
failure	-3.01	2.53
ignorant	-3.00	2.56
terribly	-2.98	2.68
memories	-2.98	2.73
hes	-2.97	2.27
mlp	-2.96	2.85
general	-2.96	2.71
french	-2.95	2.68
mothership	-2.95	4.09
ugly	-2.93	2.57
reminds	-2.93	2.54
radios	-2.93	3.20
shitty	-2.90	2.81
holograms	-2.89	3.20
batman	-2.85	2.67
knows	-2.81	3.59
sees	-2.80	3.51
reavers	-2.78	3.01
called	-2.77	2.92
wants	-2.76	3.58
bullshit	-2.75	2.61
feeling	-2.75	2.64
pitt	-2.74	4.14
point	-2.72	3.53
tears	-2.72	2.67
railway	-2.72	2.81
lookout	-2.69	4.15
pit	-2.68	3.93
bad	-2.67	3.16
confused	-2.64	2.96
expansion	-2.64	3.16
frankly	-2.63	2.84
upset	-2.62	2.19
shift	-2.62	3.40
swear	-2.61	2.65
lonely	-2.61	3.00
bothered	-2.59	2.33
operation	-2.55	4.05
annoying	-2.54	2.63
everyday	-2.54	2.99
anchorage	-2.52	4.03
wondering	-2.51	4.38
confusing	-2.51	3.01
circlejerk	-2.48	3.02
scare	-2.46	2.88
matters	-2.45	3.96
talking	-2.43	4.67
bugged	-2.41	3.15
jokes	-2.39	2.60
concerned	-2.30	2.73
glorious	-2.30	2.54
steel	-2.30	3.53
bland	-2.28	2.60
shits	-2.26	3.15
afraid	-2.23	2.55
painful	-2.22	2.74
bastards	-2.22	2.78
sick	-2.20	2.48
freaked	-2.19	2.94
lacking	-2.18	2.75
blaster	-2.18	2.51
tight	-2.16	3.11
spoiled	-2.12	1.93
disappointing	-2.11	2.27
thinks	-2.09	3.24
hardest	-2.08	3.37
scenario	-2.04	3.36
ironic	-2.03	2.98
interested	-2.02	3.30
cloud	-2.02	2.24
ignore	-2.02	3.84
meh	-2.00	3.08
reminded	-2.00	2.86
rock-it	-2.00	1.41
saying	-1.95	5.22
arguing	-1.93	4.64
mistaken	-1.93	4.69
blind	-1.92	3.76
hyped	-1.92	1.92
acting	-1.89	3.07
tells	-1.89	2.04
guitar	-1.89	2.60
scary	-1.88	2.66
am	-1.88	4.35
notice	-1.88	2.66
remind	-1.88	2.83
shock	-1.86	2.09
screwed	-1.85	3.35
unpopular	-1.85	3.45
traps	-1.83	2.21
re	-1.82	4.87
crew	-1.82	2.99
supposed	-1.82	5.17
assault	-1.82	1.55
thinking	-1.81	4.74
alien	-1.80	2.56
dlc	-1.80	4.29
rid	-1.80	1.54
cares	-1.79	1.96
ship	-1.78	2.69
gas	-1.78	1.77
simulation	-1.78	2.87
oddly	-1.77	3.03
subjective	-1.76	3.77
memorial	-1.76	1.89
stupid	-1.75	2.72
carbine	-1.74	1.78
going	-1.74	5.27
excited	-1.73	3.08
conflicting	-1.73	4.52
patient	-1.72	2.10
opposite	-1.72	3.73
revolver	-1.72	1.73
caught	-1.71	1.64
brush	-1.70	1.72
wanderers	-1.68	2.75
hunting	-1.68	1.82
rely	-1.66	1.47
suggested	-1.66	3.79
chinese	-1.66	2.37
scoped	-1.65	1.78
44	-1.65	1.76
same	-1.65	4.50
alaska	-1.64	2.41
rifles	-1.63	1.68
space	-1.63	2.37
gauss	-1.63	1.91
shotguns	-1.62	1.53
breaks	-1.62	2.11
money	-1.62	3.93
what	-1.62	5.10
falling	-1.61	1.51
10mm	-1.61	1.72
ghosts	-1.60	1.96
cannon	-1.59	2.36
sword	-1.59	2.45
scope	-1.57	1.70
silly	-1.57	2.50
doing	-1.55	5.01
exploding	-1.54	2.03
aliens	-1.54	2.19
recognize	-1.53	2.93
rifle	-1.52	1.63
mutant	-1.52	1.97
beauty	-1.52	2.56
entitled	-1.52	2.20
mart	-1.52	2.45
slaves	-1.52	1.64
insane	-1.51	2.30
m	-1.51	4.59
varmint	-1.50	1.65
bear	-1.50	1.73
pointless	-1.50	1.61
joking	-1.50	4.34
fitting	-1.49	2.87
magnum	-1.49	1.67
creepy	-1.48	2.94
those	-1.47	3.14
stuck	-1.47	2.04
dead	-1.47	3.96
curious	-1.45	3.09
pistol	-1.45	1.63
mainly	-1.45	1.82
knocked	-1.44	1.77
bomb	-1.44	1.88
pockets	-1.43	1.39
slavers	-1.43	1.65
canon	-1.43	2.17
paradise	-1.42	1.54
smg	-1.42	1.60
dies	-1.41	1.41
blown	-1.41	1.60
telling	-1.40	3.60
dinosaur	-1.40	1.41
enjoyed	-1.40	3.56
finishing	-1.40	3.00
calling	-1.40	2.38
legitimately	-1.40	1.68
radiation	-1.39	1.44
rape	-1.38	1.32
cancer	-1.37	1.43
9mm	-1.37	1.58
slaughtered	-1.36	1.69
attacked	-1.35	1.58
linear	-1.35	2.93
ratslayer	-1.35	1.59
banned	-1.34	1.73
spears	-1.33	1.50
kept	-1.33	2.16
now	-1.31	5.18
rewards	-1.31	2.27
jumped	-1.30	1.67
suffer	-1.30	1.65
hearts	-1.30	4.28
gain	-1.29	1.42
depressing	-1.29	2.89
about	-1.29	3.93
enjoying	-1.29	2.69
expecting	-1.29	2.91
cared	-1.28	2.24
speaking	-1.28	1.38
remove	-1.28	1.55
getting	-1.28	3.76
restore	-1.28	2.28
says	-1.28	2.57
accepted	-1.27	3.47
knife	-1.27	1.50
moving	-1.26	2.38
busy	-1.26	2.11
crashed	-1.26	2.12
wanting	-1.26	2.43
sure	-1.26	5.13
believed	-1.25	2.21
trap	-1.25	1.80
similar	-1.25	2.65
liking	-1.24	1.79
poison	-1.24	1.85
main	-1.24	3.02
bs	-1.24	1.94
off	-1.23	1.95
stick	-1.23	1.53
unconscious	-1.23	1.49
completing	-1.23	3.09
repaired	-1.22	1.57
bare	-1.22	1.47
swamp	-1.22	2.20
slave	-1.21	1.73
falls	-1.21	1.43
stealth	-1.21	1.97
bones	-1.21	1.37
anti-material	-1.20	1.50
ashur	-1.20	1.48
pistols	-1.20	1.52
minimum	-1.20	1.43
optional	-1.19	2.11
extent	-1.19	1.85
badly	-1.19	1.57
bastard	-1.19	1.54
captain	-1.18	1.80
apart	-1.18	1.52
anti-materiel	-1.18	1.48
37	-1.17	2.50
garbage	-1.17	1.28
machine	-1.17	1.62
loose	-1.17	1.42
attacking	-1.17	2.27
goddamn	-1.17	2.69
considered	-1.16	2.07
dick	-1.16	1.76
primary	-1.16	1.44
trapped	-1.16	1.37
357	-1.15	1.49
bobbleheads	-1.15	1.55
talk	-1.15	2.40
right	-1.15	5.11
attacks	-1.15	1.37
questline	-1.15	2.73
feral	-1.14	1.74
arguably	-1.14	3.43
lazy	-1.14	1.94
holorifle	-1.13	2.63
turning	-1.13	1.94
monsters	-1.13	1.53
bitch	-1.13	2.91
therefore	-1.12	1.36
kill	-1.12	1.73
hooked	-1.12	1.58
aware	-1.12	2.76
told	-1.12	2.62
round	-1.11	1.34
continues	-1.11	2.04
cure	-1.10	1.27
plasma	-1.10	1.50
messing	-1.09	2.06
killed	-1.09	1.56
logs	-1.09	2.59
rushing	-1.09	1.37
blowing	-1.09	1.80
firearms	-1.09	1.38
trail	-1.09	1.56
limb	-1.08	1.61
punch	-1.08	1.38
slowly	-1.08	1.55
double	-1.08	1.47
matter	-1.08	3.14
health	-1.07	1.72
exist	-1.07	2.33
car	-1.07	1.61
scared	-1.07	3.03
admit	-1.07	1.91
ex	-1.07	1.33
madre	-1.06	2.55
arent	-1.06	2.24
who	-1.06	2.34
completely	-1.06	3.51
nobody	-1.06	2.13
edition	-1.06	2.65
else	-1.06	2.90
super	-1.06	1.70
cowboy	-1.05	1.56
immediately	-1.05	2.04
rad	-1.04	1.40
punching	-1.04	1.42
looking	-1.04	4.03
toaster	-1.03	1.82
silencer	-1.03	1.50
jerk	-1.03	1.81
asked	-1.03	2.62
silenced	-1.03	1.52
centaurs	-1.02	1.49
trick	-1.02	1.68
sierra	-1.02	2.65
gun	-1.02	1.54
tied	-1.02	4.18
yellow	-1.02	1.39
ending	-1.02	2.23
action	-1.02	1.59
killing	-1.02	1.52
touch	-1.01	1.43
heads	-1.01	1.33
murder	-1.01	1.49
trying	-1.01	3.94
radroaches	-1.01	1.69
dinner	-1.01	1.26
making	-1.00	3.59
latter	-1.00	1.79
faster	-0.99	1.51
sniper	-0.99	1.48
negative	-0.99	1.70
strictly	-0.99	2.38
explain	-0.98	3.09
bank	-0.98	1.98
buttons	-0.98	1.53
fault	-0.98	2.14
radscorpions	-0.98	1.71
nightstalkers	-0.98	1.75
pretend	-0.98	2.18
laser	-0.98	1.57
owb	-0.98	4.30
complete	-0.98	2.55
starting	-0.98	2.46
bell	-0.97	1.39
supermutants	-0.97	1.65
knew	-0.97	3.22
stated	-0.96	1.59
avoid	-0.96	2.00
why	-0.96	3.64
ghouls	-0.96	1.58
act	-0.96	1.47
voted	-0.95	2.04
exception	-0.95	2.16
attack	-0.95	1.38
having	-0.95	3.68
wonder	-0.95	3.21
immortal	-0.95	1.61
buried	-0.95	1.45
threat	-0.94	1.74
spoil	-0.94	3.05
question	-0.94	4.60
reach	-0.94	2.05
headshot	-0.94	1.26
souls	-0.93	1.15
ended	-0.93	1.98
mostly	-0.93	2.18
returning	-0.93	1.75
scorpions	-0.93	1.66
consider	-0.93	2.23
end	-0.93	2.26
amr	-0.93	1.50
shown	-0.92	1.57
v.a.t.s	-0.92	1.46
screaming	-0.92	1.65
tone	-0.92	1.96
overlords	-0.92	1.73
gatling	-0.91	1.58
lights	-0.91	1.44
cry	-0.91	1.27
vending	-0.91	1.94
explosive	-0.91	1.48
knives	-0.91	1.52
crappy	-0.91	1.94
casino	-0.90	2.03
dart	-0.90	1.36
working	-0.90	3.43
meant	-0.90	4.99
forced	-0.90	2.59
roof	-0.89	1.38
full	-0.89	1.47
shooting	-0.89	2.24
running	-0.89	3.31
realise	-0.89	3.55
compare	-0.89	1.85
mushroom	-0.89	1.41
reactor	-0.89	1.48
minigun	-0.89	1.48
die	-0.88	2.38
green	-0.88	1.40
dealing	-0.88	1.49
believe	-0.88	3.58
taking	-0.88	3.09
pete	-0.88	1.73
involving	-0.88	1.50
fanbase	-0.88	1.63
know	-0.88	3.61
being	-0.88	3.60
allowing	-0.87	1.85
treasure	-0.87	1.59
pushed	-0.87	1.87
neck	-0.87	1.73
wiped	-0.87	1.61
clue	-0.87	2.77
loss	-0.86	1.48
tunnelers	-0.86	2.36
complain	-0.86	2.80
mean	-0.86	3.60
cans	-0.86	1.54
dlcs	-0.86	4.05
w	-0.86	1.29
murdered	-0.85	1.57
storyline	-0.85	3.51
quest	-0.85	2.30
willing	-0.85	2.95
fine	-0.85	4.72
tell	-0.84	3.26
bars	-0.84	2.55
explosions	-0.84	1.37
repetitive	-0.83	2.06
supported	-0.83	1.63
reward	-0.83	2.14
remember	-0.83	3.57
biased	-0.83	1.69
face	-0.82	1.54
sitting	-0.82	1.87
order	-0.82	3.40
dont	-0.82	3.37
effects	-0.82	1.41
mirv	-0.81	1.39
roy	-0.81	1.51
suffering	-0.81	1.52
rounds	-0.81	1.41
besides	-0.81	2.05
national	-0.81	1.33
elevator	-0.81	1.71
supply	-0.81	1.45
social	-0.81	1.49
leading	-0.81	1.76
meet	-0.81	2.02
argue	-0.81	2.89
removes	-0.80	1.53
museum	-0.80	1.39
308	-0.80	1.42
ghoul	-0.80	1.63
pushing	-0.80	2.16
using	-0.80	3.15
elijah	-0.80	2.36
sky	-0.80	1.41
rise	-0.80	1.42
45	-0.80	2.28
egg	-0.80	1.46
describe	-0.80	2.40
picking	-0.80	2.49
shut	-0.79	1.60
destruction	-0.79	1.47
dark	-0.79	1.65
lead	-0.79	1.56
currently	-0.79	2.98
seemingly	-0.79	1.55
burke	-0.79	1.51
equestria	-0.79	1.64
headshots	-0.79	1.29
fully	-0.79	1.51
behemoths	-0.78	1.64
death	-0.78	1.46
primarily	-0.78	1.48
projects	-0.78	1.60
respond	-0.78	3.36
sticky	-0.78	1.33
expected	-0.78	2.34
bother	-0.78	2.70
lying	-0.78	1.60
century	-0.77	1.70
hurt	-0.77	2.81
say	-0.77	3.80
walking	-0.77	2.33
practically	-0.77	1.73
fetch	-0.77	1.82
missions	-0.76	2.19
satisfying	-0.76	2.52
ap	-0.76	1.42
afford	-0.76	1.86
color	-0.76	1.40
mixed	-0.76	1.54
attempting	-0.76	3.01
finish	-0.75	3.18
experiment	-0.75	2.45
referencing	-0.75	1.85
distance	-0.75	1.63
dropping	-0.75	2.13
purity	-0.75	1.41
alone	-0.75	1.82
prewar	-0.75	1.76
ranks	-0.75	1.58
surprise	-0.75	2.02
intro	-0.75	1.47
melee	-0.74	1.46
bathroom	-0.74	1.36
pile	-0.74	1.67
deserves	-0.74	1.41
unmarked	-0.74	1.80
giving	-0.74	2.99
surrounded	-0.74	1.41
japanese	-0.74	1.32
exposed	-0.74	1.46
anyone	-0.74	3.10
ball	-0.73	1.44
filter	-0.73	1.48
here	-0.73	4.43
basement	-0.73	1.36
fellout	-0.73	1.48
girls	-0.73	1.38
removing	-0.73	1.46
barrel	-0.73	1.39
unless	-0.73	3.87
arena	-0.73	1.95
casual	-0.73	1.62
asking	-0.73	3.45
dedicated	-0.73	1.56
necessarily	-0.73	2.43
fiend	-0.72	1.41
bright	-0.72	1.36
hits	-0.72	1.34
finds	-0.72	2.90
nearby	-0.72	1.44
limited	-0.72	1.65
seeing	-0.72	3.15
naked	-0.71	1.46
raid	-0.71	1.37
beginning	-0.71	1.80
salt	-0.71	1.52
curiosity	-0.71	2.14
invincible	-0.71	1.83
ready	-0.71	2.78
repairing	-0.71	1.41
wings	-0.71	1.43
pair	-0.71	1.62
test	-0.71	1.57
consequences	-0.70	1.86
side	-0.70	2.00
downvoting	-0.70	2.65
stays	-0.70	1.45
bears	-0.70	1.44
keep	-0.70	2.68
names	-0.70	1.31
described	-0.70	1.91
outdated	-0.70	1.52
irradiated	-0.70	1.44
anything	-0.70	3.42
mmm	-0.70	1.80
driving	-0.70	1.67
allowed	-0.70	2.26
switch	-0.69	1.67
purified	-0.69	1.42
complaining	-0.69	2.75
call	-0.69	2.18
spawns	-0.69	1.74
tougher	-0.69	1.60
masters	-0.69	1.79
tends	-0.69	1.87
jacobstown	-0.69	1.36
blue	-0.69	1.36
fists	-0.69	1.56
yelling	-0.69	1.82
skeleton	-0.69	1.45
dangerous	-0.68	1.50
range	-0.68	1.42
police	-0.68	1.36
realizing	-0.68	2.17
fate	-0.68	1.48
hire	-0.68	1.41
water	-0.68	1.41
instantly	-0.68	1.37
ie	-0.67	1.48
vaults	-0.67	2.36
involves	-0.67	1.74
happen	-0.67	3.40
duper	-0.67	1.66
remembered	-0.67	2.01
tesla	-0.67	1.69
led	-0.67	1.39
figure	-0.67	2.78
pathetic	-0.67	1.70
dogs	-0.67	1.36
beside	-0.66	1.73
rats	-0.66	1.59
creatures	-0.66	1.54
wasting	-0.66	2.65
behemoth	-0.66	1.57
fights	-0.66	1.39
ganger	-0.66	1.63
accident	-0.66	1.68
pressure	-0.66	1.69
were	-0.66	3.00
chips	-0.66	2.05
thumb	-0.65	1.63
fail	-0.65	1.55
putting	-0.65	2.67
stopped	-0.65	1.77
laughing	-0.65	1.87
raped	-0.64	1.53
lay	-0.64	1.56
goes	-0.64	1.99
acts	-0.64	1.23
loaded	-0.64	1.51
toy	-0.64	1.46
dull	-0.64	1.81
serves	-0.64	3.26
mechanic	-0.64	1.52
sneaking	-0.64	1.53
heavy	-0.64	1.41
involved	-0.64	1.93
tank	-0.63	1.32
mutants	-0.63	1.53
stating	-0.63	2.59
addiction	-0.63	1.26
english	-0.63	1.57
needed	-0.63	2.61
food	-0.63	1.43
standing	-0.63	2.11
roaming	-0.63	1.49
said	-0.63	2.97
decide	-0.62	2.77
blank	-0.62	1.47
shining	-0.62	1.48
somehow	-0.62	1.72
period	-0.62	1.67
staring	-0.62	2.39
easiest	-0.62	3.92
gold	-0.62	2.39
counts	-0.61	1.92
glow	-0.61	1.39
represent	-0.61	1.50
cage	-0.61	1.41
nightkin	-0.61	1.51
decided	-0.61	2.45
leaves	-0.61	1.64
trust	-0.61	2.53
nowadays	-0.61	1.55
mission	-0.61	2.12
thoroughly	-0.61	2.09
bringing	-0.60	1.87
doesnt	-0.60	1.99
boomer	-0.60	1.41
ideal	-0.60	1.51
beats	-0.60	2.82
radscorpion	-0.60	1.53
gobi	-0.60	1.46
christine	-0.60	2.09
asshole	-0.60	2.14
associated	-0.60	1.64
stash	-0.60	2.10
master	-0.60	1.53
jumping	-0.60	2.18
cos	-0.59	2.07
sending	-0.59	1.97
magazine	-0.59	1.28
prison	-0.59	1.50
we	-0.59	3.71
albino	-0.59	1.97
originally	-0.59	2.61
testing	-0.59	1.61
gets	-0.59	1.91
red	-0.59	1.41
slavery	-0.59	1.56
headed	-0.59	1.51
implied	-0.59	1.62
claims	-0.59	1.23
organization	-0.58	1.76
daily	-0.58	1.63
cash	-0.58	1.93
rocket	-0.58	1.46
murdering	-0.58	1.69
stopping	-0.58	2.03
anymore	-0.58	2.95
dean	-0.58	2.14
bandits	-0.58	1.54
ants	-0.58	1.56
stand	-0.58	2.73
siding	-0.58	1.82
unlike	-0.57	1.68
sight	-0.57	1.49
ripped	-0.57	1.54
differently	-0.57	1.48
dust	-0.57	1.51
deep	-0.57	1.38
native	-0.57	1.28
strongest	-0.57	3.69
habit	-0.57	1.66
deathclaws	-0.57	1.56
honest	-0.57	4.17
mutated	-0.57	1.57
recall	-0.57	2.43
attitude	-0.57	1.87
domino	-0.57	1.86
butt	-0.57	1.60
joe	-0.57	1.54
heart	-0.57	1.53
does	-0.56	3.37
rock	-0.56	1.47
missing	-0.56	5.02
afterwards	-0.56	1.80
lasers	-0.56	1.46
flat	-0.56	1.64
gra	-0.56	2.18
farms	-0.56	1.34
forcing	-0.56	1.85
explained	-0.56	1.87
tanks	-0.56	1.63
everyone	-0.56	2.59
pony	-0.56	1.53
crouch	-0.56	1.61
hood	-0.56	1.42
generic	-0.56	1.59
refer	-0.56	1.75
esp	-0.56	1.94
megaton	-0.56	1.54
whether	-0.55	2.50
intended	-0.55	2.70
pulse	-0.55	1.51
bodies	-0.55	1.69
blues	-0.55	4.17
course	-0.55	4.83
ran	-0.55	2.04
warrior	-0.55	1.52
rage	-0.55	1.56
jump	-0.55	1.91
holds	-0.55	1.34
wielding	-0.55	1.47
whilst	-0.55	1.99
located	-0.55	1.53
letting	-0.55	2.05
song	-0.55	1.73
beating	-0.54	2.02
sleeping	-0.54	1.68
seem	-0.54	3.11
bed	-0.54	1.52
calls	-0.54	1.52
mall	-0.54	1.37
kick	-0.54	1.94
innocent	-0.54	1.71
overall	-0.54	2.26
coffee	-0.54	1.41
mysterious	-0.54	1.40
pre-war	-0.54	1.96
snipe	-0.54	1.44
security	-0.54	1.59
filled	-0.54	1.50
named	-0.54	1.41
skull	-0.54	1.64
throwing	-0.54	1.52
bat	-0.54	1.49
worry	-0.54	2.97
tenpenny	-0.54	1.58
goodsprings	-0.54	1.55
heading	-0.54	2.00
ruining	-0.54	1.68
library	-0.53	1.71
business	-0.53	1.54
designed	-0.53	2.52
weapons	-0.53	1.43
manage	-0.53	2.03
giant	-0.53	1.55
permanent	-0.53	1.43
replaced	-0.53	1.70
wanted	-0.53	2.90
settle	-0.53	1.82
objective	-0.53	2.06
existed	-0.53	2.10
plays	-0.53	1.33
battlefield	-0.52	1.29
causes	-0.52	1.65
moriarty	-0.52	1.74
cave	-0.52	1.40
rep	-0.52	1.59
morally	-0.52	1.68
rivet	-0.52	1.48
pointed	-0.52	1.73
handle	-0.52	2.14
determine	-0.52	2.46
political	-0.52	1.77
maximum	-0.52	1.47
conversation	-0.52	1.54
commenting	-0.52	3.14
interact	-0.51	1.80
anybody	-0.51	2.50
87	-0.51	1.76
asks	-0.51	3.22
sooo	-0.51	1.77
themselves	-0.51	2.20
glitched	-0.51	1.60
counting	-0.51	1.80
continue	-0.51	2.08
infinite	-0.51	1.39
children	-0.51	1.64
cigarettes	-0.51	1.63
encounters	-0.51	1.54
yao	-0.51	1.49
lamplight	-0.51	1.59
speak	-0.51	1.81
systems	-0.51	1.64
enemy	-0.51	1.52
geckos	-0.51	1.54
tunnels	-0.51	1.57
limbs	-0.51	1.50
guai	-0.51	1.50
bar	-0.51	1.61
bunker	-0.51	1.67
leg	-0.50	1.62
fev	-0.50	1.66
americans	-0.50	1.41
crippled	-0.50	1.65
maps	-0.50	1.60
women	-0.50	1.60
flamer	-0.50	1.47
themed	-0.50	1.59
bioshock	-0.50	1.30
looting	-0.50	1.85
roughly	-0.50	1.61
feelings	-0.50	1.57
largely	-0.50	2.07
holding	-0.50	2.15
mouse	-0.50	1.69
assholes	-0.50	1.86
tranquility	-0.50	1.87
bag	-0.50	1.36
clunky	-0.50	1.54
beta	-0.50	1.70
cheating	-0.50	1.78
den	-0.49	1.58
tie	-0.49	3.64
office	-0.49	1.48
la	-0.49	1.65
playing	-0.49	2.91
nail	-0.49	1.23
american	-0.49	1.26
lighting	-0.49	1.59
arsenal	-0.49	2.51
meaning	-0.49	1.54
entirety	-0.49	2.09
violence	-0.49	1.51
lr	-0.49	4.00
fires	-0.49	1.47
abuse	-0.49	1.58
drivers	-0.48	1.56
fist	-0.48	1.72
mark	-0.48	1.57
exploded	-0.48	1.69
tower	-0.48	1.63
darkness	-0.48	1.79
which	-0.48	4.59
anywhere	-0.48	2.78
ends	-0.48	1.93
2000	-0.48	1.57
initial	-0.48	1.36
whenever	-0.48	2.42
rude	-0.48	2.47
people	-0.48	2.98
pre	-0.48	1.72
intact	-0.48	1.44
manner	-0.47	1.56
darker	-0.47	1.57
head	-0.47	1.65
closer	-0.47	1.49
kicking	-0.47	1.36
cheaper	-0.47	1.68
liberty	-0.47	1.50
system	-0.47	1.54
chair	-0.47	2.00
families	-0.47	1.65
toys	-0.47	1.43
condition	-0.47	1.37
claim	-0.46	2.37
dps	-0.46	1.43
building	-0.46	1.47
advantage	-0.46	1.63
door	-0.46	1.97
line	-0.46	2.12
raiders	-0.46	1.52
mode	-0.46	1.80
harm	-0.46	2.57
alternate	-0.46	1.79
layout	-0.46	1.65
reinstalling	-0.46	2.05
gnomes	-0.46	1.42
rockets	-0.46	1.44
near	-0.46	1.54
automatic	-0.45	1.53
blow	-0.45	1.65
soul	-0.45	1.43
planning	-0.45	2.38
brotherhood	-0.45	1.68
shot	-0.45	1.53
virus	-0.45	1.68
encounter	-0.45	1.58
ranged	-0.45	1.43
walks	-0.45	1.59
judge	-0.45	2.84
russian	-0.45	1.34
handed	-0.45	1.52
colour	-0.45	1.44
dicks	-0.45	1.65
hollow	-0.45	1.19
concern	-0.45	2.18
dm	-0.45	3.91
ties	-0.45	3.01
wild	-0.45	1.54
leader	-0.44	1.42
purely	-0.44	1.93
inhabitants	-0.44	1.92
cazadors	-0.44	1.71
cripple	-0.44	1.50
purifier	-0.44	1.62
story	-0.44	2.70
corpses	-0.44	1.50
gamestop	-0.44	2.16
knowing	-0.44	2.66
safely	-0.44	1.54
i.e	-0.44	1.59
survivalist	-0.44	2.58
window	-0.44	1.59
anti	-0.44	1.55
claws	-0.44	1.54
legion	-0.44	1.58
waiting	-0.44	3.03
pants	-0.44	1.49
drinking	-0.44	1.25
finding	-0.44	2.31
chapter	-0.44	1.66
carrying	-0.44	1.80
terminal	-0.44	1.61
merely	-0.44	1.67
heat	-0.44	1.48
ultimate	-0.44	2.18
collecting	-0.43	1.92
arms	-0.43	1.64
traveling	-0.43	1.55
blast	-0.43	1.66
safer	-0.43	1.52
axe	-0.43	1.48
ground	-0.43	1.59
received	-0.43	1.70
repconn	-0.43	1.49
knock	-0.43	1.70
dr	-0.43	1.67
slaughter	-0.43	1.62
passing	-0.43	1.82
esm	-0.43	1.94
optimized	-0.43	1.60
communist	-0.43	1.57
campaign	-0.43	1.48
variants	-0.43	1.51
contain	-0.43	2.02
feel	-0.43	2.66
hh	-0.42	3.92
trash	-0.42	1.63
wondered	-0.42	2.31
implying	-0.42	1.59
damaged	-0.42	1.56
clean	-0.42	1.56
beat	-0.42	2.75
leveling	-0.42	1.44
riot	-0.42	2.01
bos	-0.42	1.69
applied	-0.42	1.80
coming	-0.42	2.97
completed	-0.42	2.39
rushed	-0.42	1.49
medicine	-0.42	1.43
enemies	-0.42	1.62
slaver	-0.41	1.62
exp	-0.41	1.68
hp	-0.41	1.46
upgrade	-0.41	1.55
lyons	-0.41	1.62
ca	-0.41	3.41
closed	-0.41	2.01
chaos	-0.41	1.57
trip	-0.41	1.72
sealed	-0.41	2.04
mood	-0.41	1.75
insult	-0.41	2.31
control	-0.41	1.40
functioning	-0.41	1.43
mentioning	-0.40	2.57
constant	-0.40	1.59
capitol	-0.40	1.45
restart	-0.40	1.84
auto	-0.40	1.49
wandering	-0.40	1.62
douche	-0.40	2.21
mask	-0.40	1.39
managed	-0.40	2.31
sink	-0.40	2.23
pointing	-0.40	2.03
materials	-0.40	1.49
lowest	-0.40	1.71
barely	-0.40	1.99
dry	-0.40	1.44
experiments	-0.40	1.80
favorite	-0.40	4.05
himself	-0.40	1.65
collected	-0.40	1.49
breaking	-0.40	1.61
legionaries	-0.40	1.44
saloon	-0.40	1.55
beyond	-0.40	1.46
strongly	-0.40	1.97
shoot	-0.39	1.80
ballistic	-0.39	1.68
slow	-0.39	1.53
missile	-0.39	1.44
local	-0.39	1.71
path	-0.39	1.98
drag	-0.39	1.80
air	-0.39	1.29
british	-0.39	1.31
marked	-0.39	2.51
vats	-0.39	1.46
vertibird	-0.39	1.55
everybody	-0.39	2.09
affects	-0.39	1.72
rawr	-0.38	2.56
lonesome	-0.38	4.20
normal	-0.38	1.66
expect	-0.38	3.07
rumor	-0.38	1.63
guessing	-0.38	3.19
thorn	-0.38	1.78
lanius	-0.38	1.49
sneak	-0.38	1.45
identical	-0.38	1.73
shoots	-0.38	1.60
road	-0.38	4.19
mt	-0.38	2.83
category	-0.38	1.87
appeared	-0.38	1.59
ask	-0.38	3.13
exactly	-0.38	3.75
ate	-0.38	1.44
endless	-0.38	1.32
referring	-0.38	4.47
corner	-0.38	1.88
showed	-0.38	1.48
glowing	-0.38	1.46
sticks	-0.38	1.39
dirty	-0.38	1.50
worthless	-0.38	1.71
default	-0.38	1.53
plugins	-0.38	2.16
22	-0.38	1.46
hotkey	-0.38	1.52
damage	-0.38	1.45
difficulty	-0.38	1.74
codes	-0.37	1.51
everywhere	-0.37	1.69
losing	-0.37	2.54
resources	-0.37	1.54
residents	-0.37	1.74
meeting	-0.37	1.79
follow	-0.37	1.81
fighting	-0.37	1.55
explode	-0.37	1.55
multiplayer	-0.37	1.33
supermutant	-0.37	1.72
lvl	-0.37	3.42
34	-0.37	1.59
gta	-0.37	1.23
borderlands	-0.37	1.22
aka	-0.37	1.64
sex	-0.37	1.45
horribly	-0.37	1.57
want	-0.37	3.55
learn	-0.37	2.46
fan	-0.36	1.82
shelf	-0.36	1.56
blade	-0.36	1.52
microsoft	-0.36	1.46
board	-0.36	1.62
colonel	-0.36	1.40
ignoring	-0.36	1.92
start	-0.36	2.66
fwe	-0.36	1.79
contract	-0.36	1.41
hardcore	-0.36	1.78
oliver	-0.36	1.43
front	-0.36	2.17
hopes	-0.36	2.13
neeson	-0.36	1.48
machines	-0.36	1.72
li	-0.36	1.58
benefits	-0.36	1.78
monitor	-0.36	1.63
rooms	-0.35	1.51
medical	-0.35	1.47
poorly	-0.35	1.67
scout	-0.35	1.55
among	-0.35	1.44
earn	-0.35	1.89
without	-0.35	2.13
earned	-0.35	1.80
crits	-0.35	1.43
implemented	-0.35	1.88
desire	-0.35	2.13
economy	-0.35	1.53
focusing	-0.35	1.87
travelling	-0.35	1.73
officially	-0.35	1.64
helping	-0.35	1.89
subway	-0.35	1.64
burst	-0.35	1.30
reinforced	-0.35	1.56
arrive	-0.35	1.52
normally	-0.35	2.17
regardless	-0.35	2.06
aimed	-0.35	1.59
cleaning	-0.35	1.71
explosion	-0.35	1.52
cases	-0.35	1.60
presented	-0.35	2.22
desk	-0.35	1.67
paying	-0.35	2.22
depends	-0.35	2.49
realize	-0.34	3.42
critical	-0.34	1.48
biggest	-0.34	3.86
sun	-0.34	1.43
unarmed	-0.34	1.47
climb	-0.34	1.67
fallen	-0.34	2.03
liam	-0.34	1.44
casinos	-0.34	1.65
improvement	-0.34	1.60
entrance	-0.34	1.62
energy	-0.34	1.45
ruin	-0.34	1.77
random	-0.34	1.58
cinematic	-0.34	1.54
outright	-0.34	2.27
useless	-0.34	1.81
turn	-0.34	1.85
technically	-0.34	2.03
shadows	-0.34	1.38
mad	-0.34	1.50
scripted	-0.34	1.65
scum	-0.33	1.71
legs	-0.33	1.53
becoming	-0.33	1.64
how	-0.33	3.52
behavior	-0.33	1.34
established	-0.33	1.69
scavenge	-0.33	1.63
me	-0.33	3.26
placed	-0.33	1.48
sniping	-0.33	1.42
squads	-0.33	1.41
return	-0.33	1.83
achievement	-0.33	1.80
alpha	-0.33	1.56
completion	-0.33	2.11
fly	-0.33	1.63
baseball	-0.33	1.45
appear	-0.33	1.71
ralph	-0.33	1.41
moral	-0.33	1.83
left	-0.33	2.41
desolate	-0.33	1.79
shots	-0.33	1.52
crit	-0.33	1.42
topic	-0.33	2.32
need	-0.33	3.59
vibe	-0.33	1.66
stop	-0.33	2.10
unrelated	-0.33	2.06
sledge	-0.33	1.62
replaying	-0.33	2.53
station	-0.32	1.42
references	-0.32	1.57
jury	-0.32	1.54
cars	-0.32	1.58
answered	-0.32	2.36
messed	-0.32	2.07
guns	-0.32	1.44
99	-0.32	1.53
leaving	-0.32	1.76
button	-0.32	1.79
whose	-0.32	1.55
peoples	-0.32	1.47
because	-0.32	3.83
smell	-0.32	1.59
sorta	-0.32	1.56
wall	-0.32	1.71
blackjack	-0.32	1.61
shack	-0.32	1.50
variant	-0.32	1.31
exit	-0.32	1.64
appeal	-0.32	1.78
fancy	-0.32	1.65
he	-0.32	2.75
highway	-0.32	1.83
cook	-0.32	1.63
audio	-0.32	1.49
impression	-0.32	1.67
cazador	-0.32	1.69
packs	-0.32	1.57
sarah	-0.32	1.34
click	-0.32	2.21
stims	-0.32	1.46
maria	-0.31	1.35
tend	-0.31	1.76
ammunition	-0.31	1.47
gloves	-0.31	1.49
fingers	-0.31	1.52
billion	-0.31	1.47
accomplish	-0.31	2.52
realistically	-0.31	2.58
tries	-0.31	1.82
light	-0.31	1.41
integrated	-0.31	1.99
started	-0.31	2.03
twenty	-0.31	1.53
purpose	-0.31	2.15
underworld	-0.31	1.35
xp	-0.31	1.61
robots	-0.31	1.55
traveled	-0.31	1.88
reputation	-0.31	1.68
unlimited	-0.31	1.33
vague	-0.31	1.59
radioactive	-0.31	1.40
did	-0.31	3.56
can	-0.31	3.51
broke	-0.31	1.62
dt	-0.31	1.47
aim	-0.30	1.51
cells	-0.30	1.59
holes	-0.30	1.55
reaching	-0.30	1.67
pipe	-0.30	1.45
humans	-0.30	1.58
roam	-0.30	1.57
mind	-0.30	3.20
staying	-0.30	2.39
mariposa	-0.30	1.60
longer	-0.30	1.74
begin	-0.30	1.33
compass	-0.30	1.75
seemed	-0.30	1.88
decision	-0.30	1.91
sheriff	-0.30	1.40
interest	-0.30	1.95
happens	-0.30	2.99
square	-0.30	1.41
starts	-0.30	1.78
collect	-0.30	1.43
brains	-0.30	1.70
chose	-0.30	2.31
met	-0.30	2.27
born	-0.30	1.55
raven	-0.30	1.51
personal	-0.30	2.12
convince	-0.30	2.15
involve	-0.30	1.88
walk	-0.29	1.96
kits	-0.29	1.52
list	-0.29	2.17
escaped	-0.29	1.46
all	-0.29	3.10
tbh	-0.29	1.54
basis	-0.29	1.54
room	-0.29	1.58
shooter	-0.29	1.54
pulled	-0.29	1.65
upgraded	-0.29	1.56
facility	-0.29	1.58
ulysses	-0.29	3.01
clearly	-0.29	2.99
gained	-0.29	1.69
resistance	-0.29	1.47
themes	-0.29	1.74
secret	-0.29	1.63
vehicle	-0.28	1.72
purchased	-0.28	1.52
outside	-0.28	1.81
tab	-0.28	2.21
myself	-0.28	3.14
react	-0.28	1.78
causing	-0.28	2.01
merchant	-0.28	1.55
creed	-0.28	1.31
move	-0.28	1.87
snow	-0.28	1.55
audience	-0.28	1.46
top	-0.28	2.25
final	-0.28	1.98
cliff	-0.28	1.69
part	-0.28	3.52
internal	-0.28	1.57
fuel	-0.28	1.53
upgrades	-0.27	2.57
typical	-0.27	1.43
ingame	-0.27	1.71
hills	-0.27	1.55
grown	-0.27	1.32
toilet	-0.27	1.75
morality	-0.27	1.65
quests	-0.27	1.91
cunt	-0.27	1.92
break	-0.27	2.00
bonus	-0.27	1.48
launcher	-0.27	1.48
pride	-0.27	1.54
behind	-0.27	1.74
joining	-0.27	1.64
where	-0.27	3.71
mole	-0.27	1.48
turns	-0.27	1.68
doctor	-0.27	1.52
rich	-0.27	1.66
mass	-0.27	1.37
hunt	-0.27	1.51
tedious	-0.27	1.75
citadel	-0.27	1.51
fall	-0.27	1.69
monster	-0.27	1.58
hurts	-0.27	1.71
exploring	-0.27	1.79
drink	-0.27	1.33
metro	-0.27	1.58
repair	-0.26	1.45
saved	-0.26	1.72
drunk	-0.26	1.57
dealt	-0.26	1.68
heal	-0.26	1.48
floor	-0.26	1.63
ammo	-0.26	1.46
forget	-0.26	2.79
violent	-0.26	1.84
while	-0.26	2.53
soldiers	-0.26	1.54
preferably	-0.26	1.52
gather	-0.26	1.57
suite	-0.26	1.65
try	-0.26	2.99
healing	-0.26	1.57
straight	-0.26	1.85
proceed	-0.26	1.74
fourth	-0.26	1.64
surface	-0.26	1.71
doctors	-0.26	1.53
ant	-0.26	1.44
quarry	-0.26	1.51
let	-0.26	3.18
devil	-0.26	1.39
honestly	-0.25	3.03
hit	-0.25	1.56
although	-0.25	2.22
teach	-0.25	2.09
naughty	-0.25	1.44
downvote	-0.25	2.30
talon	-0.25	1.49
irrelevant	-0.25	2.17
ian	-0.25	1.65
boom	-0.25	1.64
uninstall	-0.25	1.83
judging	-0.25	2.19
microfusion	-0.25	1.48
convert	-0.25	1.74
imagination	-0.25	1.88
dragons	-0.25	1.43
go	-0.25	3.09
stimpaks	-0.25	1.48
marker	-0.25	1.69
key	-0.25	1.74
prepared	-0.25	2.95
craft	-0.25	1.49
hands	-0.25	1.98
handled	-0.24	1.85
radio	-0.24	1.43
towards	-0.24	1.70
easier	-0.24	1.62
primm	-0.24	1.81
parts	-0.24	1.60
motion	-0.24	1.29
disagree	-0.24	2.54
scientists	-0.24	1.66
drop	-0.24	1.71
mental	-0.24	1.64
storylines	-0.24	2.02
citizens	-0.24	1.60
allow	-0.24	2.12
disk	-0.24	1.99
camps	-0.24	1.50
animals	-0.24	1.52
movement	-0.24	1.56
tl	-0.24	1.50
cap	-0.24	1.73
doors	-0.24	1.67
then	-0.24	3.05
locked	-0.24	1.62
deals	-0.24	1.56
powered	-0.24	1.48
legendary	-0.24	1.64
opens	-0.24	1.66
clicking	-0.24	2.20
carry	-0.24	1.71
hitting	-0.24	1.75
contact	-0.23	1.70
able	-0.23	3.38
table	-0.23	1.62
research	-0.23	1.61
modded	-0.23	1.68
responsible	-0.23	1.97
buying	-0.23	1.85
slide	-0.23	1.68
ai	-0.23	1.59
remnants	-0.23	1.55
rain	-0.23	1.48
tribals	-0.23	1.49
up	-0.23	2.46
treat	-0.23	1.65
bring	-0.23	2.30
against	-0.23	1.61
firing	-0.23	1.65
goodbye	-0.23	1.67
ll	-0.23	3.55
fool	-0.23	1.87
village	-0.23	1.62
disappointment	-0.23	1.69
reality	-0.23	1.62
get	-0.23	3.29
powers	-0.23	1.56
environment	-0.23	2.26
tactical	-0.23	1.48
bottom	-0.23	2.14
trouble	-0.22	2.24
creature	-0.22	1.68
helped	-0.22	1.52
trigger	-0.22	1.59
talked	-0.22	2.35
soon	-0.22	2.17
sunny	-0.22	1.66
pn	-0.22	1.95
approach	-0.22	1.66
cazadores	-0.22	1.76
capacity	-0.22	1.56
north	-0.22	1.83
walked	-0.22	1.97
blows	-0.22	1.51
lately	-0.22	1.97
town	-0.22	1.61
puts	-0.22	1.46
planned	-0.22	2.18
group	-0.22	1.54
case	-0.22	3.35
bags	-0.22	1.54
controls	-0.22	1.77
back	-0.22	2.53
vehicles	-0.22	1.69
conditions	-0.22	1.57
fact	-0.22	3.47
outcasts	-0.22	1.63
m8	-0.22	1.76
invisible	-0.22	1.52
caps	-0.22	1.90
mention	-0.22	2.67
entering	-0.21	1.62
ink	-0.21	1.46
earth	-0.21	1.53
depending	-0.21	2.12
lane	-0.21	1.81
moon	-0.21	1.36
properties	-0.21	2.11
choose	-0.21	2.19
coast	-0.21	1.66
ect	-0.21	1.29
leveled	-0.21	1.70
description	-0.21	1.85
subject	-0.21	1.93
mountain	-0.21	1.59
boot	-0.21	1.93
armed	-0.21	1.47
bullets	-0.21	1.49
explodes	-0.21	1.60
buy	-0.21	1.79
blew	-0.21	1.58
changing	-0.21	1.88
35	-0.20	2.88
enclave	-0.20	1.64
planet	-0.20	1.53
tunnel	-0.20	1.49
familiar	-0.20	2.26
hats	-0.20	1.34
stimpacks	-0.20	1.46
favourite	-0.20	4.00
quickly	-0.20	1.68
captured	-0.20	1.54
choice	-0.20	2.33
didnt	-0.20	2.98
mountains	-0.20	1.60
speculation	-0.20	1.80
skipped	-0.20	1.83
harder	-0.20	1.57
downloading	-0.20	2.24
wrote	-0.20	1.59
than	-0.20	1.74
sided	-0.20	1.68
miss	-0.20	2.49
logic	-0.20	1.88
thrown	-0.20	1.51
sands	-0.20	1.69
rat	-0.20	1.45
lockpicking	-0.20	1.51
him	-0.20	2.64
structure	-0.20	2.07
solely	-0.20	1.56
cover	-0.20	1.44
sat	-0.20	1.82
piercing	-0.20	1.47
focused	-0.20	1.94
1000	-0.20	1.71
kids	-0.20	1.67
effect	-0.20	1.65
communities	-0.19	1.48
spots	-0.19	1.45
prove	-0.19	2.42
assassin	-0.19	1.43
desperate	-0.19	1.77
connected	-0.19	1.90
come	-0.19	3.11
push	-0.19	1.91
destroy	-0.19	1.65
ability	-0.19	2.15
brain	-0.19	1.51
bloatfly	-0.19	1.67
picks	-0.19	1.55
japan	-0.19	1.43
dave	-0.19	1.56
pet	-0.19	1.43
lock	-0.19	1.66
refuse	-0.19	2.61
fucks	-0.19	2.38
solve	-0.19	2.03
chamber	-0.19	1.63
down	-0.19	2.03
ride	-0.19	1.57
stack	-0.19	1.54
skill	-0.19	1.48
choosing	-0.19	1.86
throw	-0.19	1.74
nuts	-0.19	1.78
capable	-0.19	1.64
author	-0.19	1.73
cell	-0.19	1.53
mile	-0.18	2.40
verify	-0.18	2.12
toward	-0.18	1.65
realized	-0.18	2.10
non	-0.18	1.61
fuckers	-0.18	1.76
them	-0.18	3.23
novac	-0.18	1.57
mystery	-0.18	1.78
stood	-0.18	1.68
midwest	-0.18	1.66
bigger	-0.18	1.59
whatever	-0.18	3.17
eventually	-0.18	2.03
u.s	-0.18	1.57
obviously	-0.18	2.77
age	-0.18	1.49
leather	-0.18	1.31
cold	-0.18	1.44
instant	-0.18	1.46
books	-0.18	1.47
decisions	-0.18	1.78
yourself	-0.18	2.96
gangs	-0.18	1.54
dual	-0.18	1.86
occur	-0.18	2.02
racist	-0.18	1.65
language	-0.18	1.76
gamer	-0.18	2.00
known	-0.18	1.83
gambling	-0.18	1.69
wo	-0.18	3.33
8.1	-0.18	2.41
science	-0.18	1.48
turned	-0.18	1.93
spawn	-0.18	1.63
kimball	-0.18	1.49
possibility	-0.18	1.71
drive	-0.18	1.66
moira	-0.18	1.48
lockpick	-0.18	1.50
uses	-0.18	1.77
generation	-0.18	1.73
street	-0.18	1.52
recommended	-0.18	2.09
skeletons	-0.17	1.51
missiles	-0.17	1.53
swing	-0.17	1.49
abandoned	-0.17	1.47
nights	-0.17	1.48
corrupt	-0.17	1.67
doubt	-0.17	2.68
box	-0.17	1.61
tec	-0.17	1.75
failing	-0.17	1.56
conversations	-0.17	1.58
dragon	-0.17	1.26
junction	-0.17	1.52
checks	-0.17	1.49
setting	-0.17	1.79
remains	-0.17	1.59
thick	-0.17	1.46
gomorrah	-0.17	1.55
bridge	-0.17	1.54
vault	-0.17	1.75
eye	-0.17	1.97
veteran	-0.17	1.39
heavily	-0.17	1.77
significantly	-0.17	1.64
saving	-0.17	2.28
entry	-0.17	1.56
speed	-0.17	1.51
vulpes	-0.17	1.52
nation	-0.17	1.71
college	-0.17	1.52
windows	-0.17	2.25
mini	-0.17	1.46
hole	-0.16	1.60
speech	-0.16	1.48
buren	-0.16	1.64
underground	-0.16	1.55
challenges	-0.16	1.67
regular	-0.16	1.28
weight	-0.16	1.57
see	-0.16	3.52
locks	-0.16	1.69
zone	-0.16	1.68
plants	-0.16	1.48
muggy	-0.16	2.11
hug	-0.16	1.44
wipe	-0.16	1.58
couriers	-0.16	2.31
stimpack	-0.16	1.48
military	-0.16	1.53
switched	-0.16	1.88
tactics	-0.16	1.82
gray	-0.16	1.70
favor	-0.16	1.86
shelter	-0.16	1.54
listed	-0.16	1.84
chems	-0.16	1.37
james	-0.16	1.50
us	-0.16	2.02
vault-tec	-0.16	1.76
cheat	-0.16	1.80
medium	-0.16	1.82
katana	-0.16	1.80
crime	-0.16	1.51
junk	-0.16	1.50
elvis	-0.16	1.58
facts	-0.16	2.10
bull	-0.16	1.35
hoard	-0.16	1.53
patience	-0.16	1.83
got	-0.16	2.48
tops	-0.16	1.62
drops	-0.16	1.59
even	-0.16	3.52
lose	-0.16	1.99
flesh	-0.15	1.39
claiming	-0.15	1.92
turbo	-0.15	1.31
loot	-0.15	1.71
nipton	-0.15	1.57
select	-0.15	2.36
dropped	-0.15	1.66
hearing	-0.15	1.64
horses	-0.15	1.75
efficient	-0.15	1.65
prevent	-0.15	1.84
spy	-0.15	1.64
everything	-0.15	3.18
based	-0.15	1.46
experimental	-0.15	1.48
choices	-0.15	1.74
travel	-0.15	1.80
snakes	-0.15	1.79
find	-0.15	3.20
rip	-0.15	1.29
squad	-0.15	1.49
profligate	-0.15	2.07
leave	-0.15	2.75
hostile	-0.15	1.47
hill	-0.15	1.57
modified	-0.15	1.65
explosives	-0.15	1.47
trait	-0.15	1.74
arrow	-0.15	1.96
pick	-0.15	2.21
risk	-0.15	1.91
bullet	-0.15	1.52
function	-0.15	1.60
listening	-0.15	1.43
combination	-0.15	1.40
magic	-0.15	1.68
fill	-0.15	1.52
storage	-0.15	1.55
convincing	-0.15	1.76
included	-0.15	1.52
expectations	-0.15	1.75
confirm	-0.14	2.43
over	-0.14	2.11
ocean	-0.14	1.73
traditional	-0.14	1.42
removed	-0.14	1.82
equivalent	-0.14	1.43
folks	-0.14	1.80
sloan	-0.14	1.62
hanging	-0.14	1.45
pay	-0.14	1.93
human	-0.14	1.48
gnr	-0.14	1.37
knight	-0.14	1.54
finally	-0.14	2.79
wander	-0.14	1.70
paths	-0.14	1.87
streets	-0.14	1.56
flip	-0.14	1.59
robot	-0.14	1.54
caesars	-0.14	1.51
importantly	-0.14	1.45
forces	-0.14	1.58
plot	-0.14	2.12
motherfucker	-0.14	1.80
alternative	-0.14	1.65
bounty	-0.14	1.53
away	-0.14	2.02
specifically	-0.14	1.74
grey	-0.14	1.55
plane	-0.14	1.52
laptop	-0.14	2.13
foot	-0.14	1.66
around	-0.14	1.81
government	-0.14	1.60
destroyed	-0.14	1.72
prime	-0.14	1.50
died	-0.13	1.76
resident	-0.13	1.40
shoulder	-0.13	1.48
spending	-0.13	2.22
hide	-0.13	1.57
overpowered	-0.13	1.56
sent	-0.13	2.05
chance	-0.13	1.59
youre	-0.13	2.81
hand	-0.13	1.78
usually	-0.13	3.35
skip	-0.13	1.69
rebuild	-0.13	1.67
at	-0.13	2.03
smoking	-0.13	1.22
handful	-0.13	1.75
crying	-0.13	1.49
disappear	-0.13	1.75
growing	-0.13	1.46
barter	-0.13	1.47
lab	-0.13	1.42
finger	-0.13	1.52
weaponry	-0.13	1.46
smoke	-0.13	1.44
tagged	-0.13	1.47
reinstall	-0.13	1.87
load	-0.13	1.80
legend	-0.13	1.47
requirements	-0.12	1.53
<SPECIAL>	-0.12	1.43
<URL>	-0.12	1.43
into	-0.12	2.03
tastes	-0.12	1.60
slot	-0.12	1.61
definition	-0.12	1.38
wolf	-0.12	1.26
tag	-0.12	1.47
simply	-0.12	2.82
music	-0.12	1.41
covered	-0.12	1.52
co-op	-0.12	1.72
unique	-0.12	1.46
middle	-0.12	1.81
drug	-0.12	1.42
body	-0.12	1.57
grow	-0.12	1.59
public	-0.12	1.76
preference	-0.12	2.04
flame	-0.12	1.52
discovering	-0.12	1.89
changes	-0.12	1.57
cutting	-0.12	1.70
lucky	-0.12	1.49
armored	-0.12	1.48
institute	-0.12	1.64
events	-0.12	1.67
songs	-0.12	1.42
rubble	-0.12	1.59
stage	-0.11	1.76
stay	-0.11	2.73
lived	-0.11	1.61
wealth	-0.11	1.57
remain	-0.11	1.87
alcohol	-0.11	1.31
opinion	-0.11	2.53
math	-0.11	2.54
counter	-0.11	1.85
initially	-0.11	1.85
along	-0.11	1.72
butch	-0.11	1.28
looted	-0.11	1.63
decades	-0.11	1.68
price	-0.11	1.71
match	-0.11	1.64
nukes	-0.11	1.57
deadly	-0.11	1.45
dc	-0.11	1.54
nest	-0.11	1.52
fiends	-0.11	1.50
roman	-0.11	1.64
event	-0.11	1.74
attention	-0.11	1.79
vertibirds	-0.11	1.51
sneaky	-0.11	1.52
steam	-0.11	1.80
land	-0.11	1.56
25	-0.11	2.15
chest	-0.11	1.66
law	-0.11	1.56
allows	-0.11	2.02
vision	-0.10	1.41
bought	-0.10	1.81
across	-0.10	1.74
minimal	-0.10	1.96
rules	-0.10	1.77
tools	-0.10	1.57
send	-0.10	1.94
nuke	-0.10	1.52
goals	-0.10	1.85
enabled	-0.10	1.89
hero	-0.10	1.93
achievements	-0.10	1.86
facing	-0.10	1.89
defense	-0.10	1.67
challenge	-0.10	2.13
lake	-0.10	1.54
humor	-0.10	1.82
mirelurks	-0.10	1.61
iron	-0.10	1.49
field	-0.10	1.48
bb	-0.10	1.41
hub	-0.10	1.53
stumbled	-0.10	1.72
cut	-0.10	1.68
living	-0.10	1.72
methods	-0.10	1.66
actions	-0.10	1.69
skills	-0.10	1.48
again	-0.10	2.98
bobblehead	-0.10	1.52
debate	-0.10	1.92
seek	-0.10	1.77
traders	-0.10	1.50
fiction	-0.10	1.54
older	-0.09	1.67
exchange	-0.09	1.56
effectively	-0.09	1.70
justify	-0.09	2.10
wins	-0.09	1.52
activated	-0.09	1.77
memory	-0.09	1.82
data	-0.09	2.15
legate	-0.09	1.57
related	-0.09	1.99
outpost	-0.09	1.54
kit	-0.09	1.63
budget	-0.09	1.71
listen	-0.09	1.42
tin	-0.09	1.57
situation	-0.09	2.19
yo	-0.09	2.04
level	-0.09	1.86
caused	-0.09	1.79
deathclaw	-0.09	1.54
outcast	-0.09	1.56
members	-0.09	1.58
specs	-0.09	1.71
rolling	-0.09	1.61
plans	-0.09	1.50
clothes	-0.09	1.45
protect	-0.09	1.76
empire	-0.09	1.52
porn	-0.09	1.60
affect	-0.09	2.05
disc	-0.09	1.75
prior	-0.08	1.63
roads	-0.08	1.85
armory	-0.08	1.60
past	-0.08	1.69
dudes	-0.08	1.42
gangers	-0.08	1.53
journal	-0.08	1.64
computer	-0.08	1.69
wind	-0.08	1.64
views	-0.08	1.51
75	-0.08	1.54
despite	-0.08	1.71
harold	-0.08	1.37
repeat	-0.08	1.51
take	-0.08	2.93
reading	-0.08	1.95
queen	-0.08	1.47
fast	-0.08	1.82
runner	-0.08	1.53
think	-0.08	3.64
items	-0.08	1.57
formed	-0.08	1.64
sound	-0.08	1.50
winning	-0.08	1.57
sold	-0.08	1.58
hold	-0.08	1.87
plain	-0.08	1.63
launching	-0.08	1.94
vendors	-0.08	1.58
built	-0.07	1.62
republic	-0.07	1.59
justice	-0.07	1.93
peasant	-0.07	1.42
fire	-0.07	1.36
copy	-0.07	1.78
survive	-0.07	1.90
becomes	-0.07	1.48
pass	-0.07	1.70
waste	-0.07	1.90
sales	-0.07	1.68
boulder	-0.07	1.52
onto	-0.07	1.69
scattered	-0.07	1.59
comes	-0.07	2.13
pocket	-0.07	1.51
sets	-0.07	1.39
screw	-0.07	1.87
ron	-0.07	1.63
factory	-0.07	1.53
oil	-0.07	1.57
weather	-0.07	1.47
fight	-0.07	1.53
men	-0.07	1.64
currency	-0.07	1.61
powder	-0.07	1.55
bitter	-0.07	1.51
survived	-0.07	1.75
opening	-0.07	1.53
orders	-0.07	1.71
files	-0.07	2.19
assassins	-0.07	1.45
k	-0.07	1.67
horror	-0.07	1.58
will	-0.06	3.28
child	-0.06	1.50
sprint	-0.06	1.54
fired	-0.06	1.75
guards	-0.06	1.43
arguments	-0.06	2.28
password	-0.06	4.60
style	-0.06	1.42
owner	-0.06	1.30
weapon	-0.06	1.51
created	-0.06	1.87
faction	-0.06	1.64
bottlecaps	-0.06	1.55
fell	-0.06	1.76
mechanics	-0.06	1.49
bunch	-0.06	1.93
101	-0.06	1.60
trees	-0.06	1.51
activate	-0.06	1.79
basically	-0.06	3.11
black	-0.06	1.51
ass	-0.06	1.94
dungeon	-0.06	1.53
fits	-0.06	1.78
conflicts	-0.06	2.10
fortune	-0.06	1.55
settlement	-0.06	1.60
boss	-0.06	1.77
communism	-0.06	1.84
glory	-0.06	1.54
os	-0.06	1.77
pure	-0.06	1.62
disabled	-0.06	2.15
trek	-0.06	1.51
existence	-0.06	1.57
join	-0.06	1.67
peaceful	-0.05	1.59
hack	-0.05	1.90
caravans	-0.05	1.48
runs	-0.05	2.18
united	-0.05	1.58
rads	-0.05	1.43
nowhere	-0.05	1.69
tall	-0.05	1.48
hidden	-0.05	1.44
certain	-0.05	1.87
different	-0.05	1.66
charge	-0.05	1.54
routes	-0.05	1.54
gtx	-0.05	1.86
grew	-0.05	1.41
following	-0.05	1.71
gon	-0.05	3.76
burning	-0.05	1.37
rate	-0.05	1.48
subreddits	-0.05	2.39
out	-0.05	2.74
stores	-0.05	1.67
copies	-0.05	1.74
personality	-0.05	1.42
agreed	-0.05	1.77
fought	-0.05	1.60
lower	-0.05	1.56
repeatedly	-0.05	1.59
available	-0.04	1.75
wasteland	-0.04	1.60
opened	-0.04	1.89
city	-0.04	1.52
raider	-0.04	1.50
morrowind	-0.04	1.90
clark	-0.04	2.42
entirely	-0.04	2.33
drugs	-0.04	1.34
democracy	-0.04	1.81
tracks	-0.04	1.40
spread	-0.04	1.51
markers	-0.04	1.60
sequence	-0.04	1.64
caves	-0.04	1.58
tool	-0.04	1.75
target	-0.04	1.40
merchants	-0.04	1.49
suits	-0.04	1.44
nothing	-0.04	3.32
entries	-0.04	1.63
statement	-0.04	2.58
skies	-0.04	1.54
direction	-0.04	1.68
needing	-0.04	1.94
army	-0.04	1.58
make	-0.04	3.17
oasis	-0.04	1.47
build	-0.04	1.75
followed	-0.04	1.61
elite	-0.04	2.36
production	-0.04	1.47
frequently	-0.04	1.65
defend	-0.04	1.79
moved	-0.04	1.78
troopers	-0.04	1.48
according	-0.04	1.84
imagine	-0.04	2.83
burned	-0.04	1.54
river	-0.04	1.57
comparison	-0.04	1.74
cleared	-0.04	1.73
150	-0.04	1.63
apparently	-0.04	2.56
directly	-0.04	1.77
commander	-0.04	1.63
properly	-0.03	2.22
38	-0.03	1.56
nostalgia	-0.03	1.57
unable	-0.03	2.37
hardly	-0.03	2.30
white	-0.03	1.56
laying	-0.03	1.63
argument	-0.03	2.58
sale	-0.03	1.72
picked	-0.03	2.00
next	-0.03	2.37
chain	-0.03	1.56
moves	-0.03	1.61
trade	-0.03	1.54
mix	-0.03	1.33
sarcastic	-0.03	2.43
appears	-0.03	1.75
replace	-0.03	2.02
hacking	-0.03	1.89
wastes	-0.03	1.58
comedy	-0.03	3.28
guarantee	-0.03	3.00
someone	-0.03	2.92
victory	-0.03	1.49
hud	-0.03	1.49
cheap	-0.03	1.64
convinced	-0.03	1.69
imo	-0.03	1.95
d.c	-0.03	1.54
culture	-0.03	1.36
runners	-0.03	1.53
boomers	-0.03	1.57
connect	-0.03	1.75
recommend	-0.03	1.96
agree	-0.03	3.91
nor	-0.03	2.15
adding	-0.03	1.77
warfare	-0.03	1.60
g.e.c.k	-0.03	1.58
farm	-0.03	1.51
hint	-0.03	1.88
run	-0.03	2.72
wide	-0.03	1.60
danger	-0.03	1.57
quicker	-0.03	1.64
hype	-0.03	2.02
unified	-0.02	1.50
jumpsuit	-0.02	1.33
compared	-0.02	1.62
bombs	-0.02	1.70
skin	-0.02	1.35
closely	-0.02	1.84
atmosphere	-0.02	2.97
market	-0.02	1.55
flow	-0.02	1.54
advanced	-0.02	1.48
tags	-0.02	1.49
hardware	-0.02	1.66
suggest	-0.02	2.01
focus	-0.02	1.51
controlled	-0.02	1.59
container	-0.02	1.60
robco	-0.02	1.50
success	-0.02	1.55
mentioned	-0.02	2.23
unknown	-0.02	1.60
pcs	-0.02	1.65
boring	-0.02	1.72
went	-0.02	2.04
enhanced	-0.02	1.52
male	-0.02	1.52
returned	-0.02	1.69
hotel	-0.02	1.43
pounds	-0.01	1.65
endings	-0.01	1.73
20	-0.01	1.91
home	-0.01	1.74
breath	-0.01	1.57
troops	-0.01	1.50
usual	-0.01	1.49
safehouse	-0.01	1.53
50	-0.01	1.68
12	-0.01	1.72
route	-0.01	1.71
technology	-0.01	1.53
majority	-0.01	1.61
promise	-0.01	1.89
constantly	-0.01	1.69
spare	-0.01	1.78
president	-0.01	1.54
traits	-0.01	1.52
accept	-0.01	2.07
powerful	-0.01	1.53
cod	-0.01	1.45
prices	-0.01	1.63
terrain	-0.01	1.51
civil	-0.01	1.65
tech	-0.01	1.52
ultra	-0.01	1.85
reaction	-0.01	1.78
gpu	-0.01	1.76
outcome	-0.01	1.77
batteries	-0.01	1.49
ps4	-0.01	1.71
expanded	-0.01	1.55
expanding	-0.00	1.81
parties	-0.00	1.47
former	-0.00	1.51
mother	-0.00	1.65
processor	-0.00	1.93
stops	-0.00	1.66
tent	-0.00	1.60
pickpocket	-0.00	1.61
lines	-0.00	1.60
achieve	-0.00	1.88
preferred	-0.00	2.82
overseer	-0.00	2.28
organized	-0.00	1.80
enter	-0.00	1.79
park	-0.00	1.37
burn	-0.00	1.55
jingle	-0.00	1.38
leaders	-0.00	1.44
taxes	0.00	1.68
bonuses	0.00	1.57
interiors	0.00	1.55
self	0.00	1.67
jangle	0.00	1.38
atm	0.00	2.44
heck	0.00	1.73
gang	0.00	1.51
disable	0.01	1.84
happened	0.01	2.93
put	0.01	2.53
scrap	0.01	1.49
vice	0.01	1.62
assume	0.01	3.78
duke	0.01	1.56
core	0.01	1.92
warm	0.01	1.24
canyon	0.01	1.92
computers	0.01	1.70
stronger	0.01	1.55
chem	0.01	1.39
goty	0.01	2.08
30	0.01	1.86
arm	0.01	1.56
score	0.01	1.51
south	0.01	1.65
paid	0.01	1.69
paladin	0.01	1.39
writers	0.01	1.58
r/fallout	0.01	2.58
notes	0.01	1.60
truck	0.01	1.51
visit	0.02	1.68
eyes	0.02	1.50
launch	0.02	1.77
officer	0.02	1.40
gamers	0.02	1.73
11	0.02	1.67
version	0.02	1.76
johnny	0.02	1.47
america	0.02	1.58
snake	0.02	1.49
appearance	0.02	1.70
cache	0.02	1.88
intel	0.02	1.82
meme	0.02	1.77
gb	0.02	1.81
hence	0.02	1.68
100	0.02	1.56
mac	0.02	1.79
felt	0.02	2.60
floating	0.02	1.73
source	0.02	1.58
post-war	0.02	1.58
controller	0.02	1.65
canadian	0.02	1.69
step	0.02	1.64
nellis	0.02	1.51
harsh	0.02	1.50
divide	0.02	2.76
acquire	0.02	1.63
and/or	0.02	1.76
downtown	0.02	1.65
occasionally	0.02	1.59
launchers	0.02	1.53
halfway	0.02	1.54
european	0.02	1.59
downvotes	0.02	2.26
made	0.03	2.93
regarding	0.03	1.57
ideals	0.03	1.66
aid	0.03	1.51
brings	0.03	1.77
spirit	0.03	1.52
hard	0.03	1.66
skilled	0.03	1.57
row	0.03	1.49
downvoted	0.03	2.54
under	0.03	1.64
pull	0.03	1.81
example	0.03	2.00
opinions	0.03	2.10
press	0.03	1.84
300	0.03	1.62
aint	0.03	2.12
bucks	0.03	1.77
trailer	0.03	1.78
branch	0.03	1.64
chances	0.03	1.51
stole	0.03	1.58
tape	0.03	1.41
backpack	0.03	1.60
stayed	0.03	1.70
desert	0.03	1.49
canada	0.03	1.70
annexed	0.03	1.59
manager	0.03	1.84
power	0.03	1.47
grab	0.03	1.90
containers	0.03	1.58
mouth	0.03	1.56
exposure	0.03	1.53
theme	0.03	1.66
trader	0.03	1.54
object	0.03	1.64
used	0.03	3.03
edge	0.03	1.68
fo3	0.04	2.15
ii	0.04	1.35
messages	0.04	1.43
caravan	0.04	1.49
nevada	0.04	1.60
jack	0.04	1.54
stations	0.04	1.33
eastern	0.04	1.61
chat	0.04	1.69
threw	0.04	1.59
sanctuary	0.04	1.66
autumn	0.04	1.60
era	0.04	1.41
tribes	0.04	1.51
hair	0.04	1.52
21	0.04	1.53
shady	0.04	1.55
ancient	0.04	1.50
conflict	0.04	1.87
produce	0.04	1.80
stealthy	0.04	1.69
current	0.04	1.91
alongside	0.04	1.56
supplies	0.04	1.51
vendor	0.04	1.56
hat	0.04	1.24
plant	0.04	1.49
commands	0.04	1.90
shape	0.04	1.50
eden	0.04	1.58
loving	0.04	1.77
private	0.04	1.69
blame	0.04	1.91
record	0.05	1.29
rangers	0.05	1.49
chris	0.05	1.66
karma	0.05	1.65
survivors	0.05	1.60
genre	0.05	1.68
begins	0.05	1.79
digital	0.05	1.79
affected	0.05	1.69
creation	0.05	1.75
glove	0.05	1.58
horse	0.05	1.48
particular	0.05	1.71
v	0.05	1.30
groups	0.05	1.56
ad	0.05	1.59
animal	0.05	1.49
ram	0.05	1.86
accent	0.05	1.38
manually	0.05	1.92
playstyle	0.05	1.82
idk	0.05	2.25
greatest	0.05	3.50
capital	0.05	1.60
60	0.05	1.67
cpu	0.05	1.82
couldnt	0.05	2.61
touched	0.05	2.01
unlock	0.05	1.89
asap	0.05	1.67
card	0.05	1.69
specific	0.05	1.72
raised	0.05	1.46
types	0.05	1.51
urban	0.05	1.63
freeside	0.06	1.53
whatnot	0.06	1.45
authority	0.06	1.46
spent	0.06	1.85
regret	0.06	2.19
require	0.06	1.95
fucking	0.06	2.94
devs	0.06	1.76
criticals	0.06	1.53
code	0.06	1.54
apply	0.06	1.85
could	0.06	3.38
pack	0.06	1.53
kings	0.06	1.49
count	0.06	2.00
discuss	0.06	2.26
daughter	0.06	1.52
ease	0.06	1.72
nmc	0.06	1.55
essential	0.06	1.47
hoax	0.06	1.95
players	0.06	1.79
thus	0.06	1.65
driven	0.06	1.65
program	0.06	1.74
gender	0.06	1.62
sarsaparilla	0.06	1.39
china	0.06	1.57
prefer	0.06	2.89
terminals	0.07	1.75
shipping	0.07	1.68
slower	0.07	1.62
amd	0.07	1.84
lore	0.07	1.84
popped	0.07	2.05
pieces	0.07	1.60
flash	0.07	1.52
rig	0.07	1.65
gecko	0.07	1.27
potentially	0.07	1.55
bible	0.07	1.66
levels	0.07	1.62
paste	0.07	1.76
stealing	0.07	1.70
base	0.07	1.57
thoughts	0.07	1.97
corrupted	0.07	1.82
command	0.07	1.72
when	0.07	2.42
interior	0.07	1.70
chosen	0.07	1.49
feature	0.07	1.65
passed	0.07	1.82
eggs	0.07	1.45
stands	0.07	1.63
type	0.07	1.94
surviving	0.07	1.57
merged	0.08	1.71
realised	0.08	2.06
realistic	0.08	1.58
hq	0.08	1.26
sides	0.08	1.78
below	0.08	1.78
track	0.08	1.45
acceptable	0.08	1.93
timeline	0.08	1.60
cant	0.08	2.95
amata	0.08	1.60
marcus	0.08	1.53
frame	0.08	1.62
dozen	0.08	1.78
benny	0.08	1.67
plate	0.08	1.50
sand	0.08	1.44
reload	0.08	1.71
bases	0.08	1.50
stolen	0.08	1.61
sugar	0.08	1.41
equally	0.08	1.67
halo	0.08	1.39
perlman	0.08	1.59
rigging	0.08	1.54
technical	0.08	1.79
font	0.08	1.93
avellone	0.08	1.72
million	0.08	1.60
decides	0.08	2.91
patrol	0.08	1.48
defeat	0.09	1.60
searchlight	0.09	1.56
various	0.09	1.86
80	0.09	1.61
fake	0.09	1.67
outta	0.09	2.04
goal	0.09	1.76
win	0.09	1.60
helios	0.09	1.54
addicted	0.09	1.44
compatibility	0.09	1.94
view	0.09	1.58
something	0.09	3.51
inside	0.09	1.57
partially	0.09	1.82
limitations	0.09	1.57
sights	0.09	1.50
wouldnt	0.09	2.66
battle	0.09	1.59
catch	0.09	1.80
13	0.09	1.78
mess	0.09	1.57
na	0.09	3.55
required	0.09	1.54
sooner	0.09	2.38
feet	0.09	1.63
thankfully	0.09	1.63
fantasy	0.09	1.54
western	0.09	1.55
sprinting	0.09	1.54
4chan	0.09	2.23
invented	0.09	1.67
maxed	0.09	1.49
15	0.09	2.19
howard	0.09	1.99
either	0.09	3.53
immediate	0.09	1.71
suddenly	0.09	1.70
propaganda	0.09	1.52
gen	0.09	1.71
deck	0.09	1.49
country	0.09	1.59
truth	0.09	1.81
equipment	0.10	1.51
stranger	0.10	1.51
enb	0.10	1.54
invested	0.10	1.94
feed	0.10	1.65
c4	0.10	1.53
cross	0.10	1.50
mister	0.10	1.85
less	0.10	1.66
folder	0.10	1.88
motorcycle	0.10	1.61
joshua	0.10	2.36
use	0.10	2.53
everytime	0.10	2.06
miles	0.10	1.70
usa	0.10	1.60
escape	0.10	1.75
girl	0.10	1.43
exe	0.10	1.83
high	0.10	1.53
options	0.10	1.72
depth	0.10	1.63
meat	0.10	1.29
invalidation	0.10	1.94
fomm	0.10	1.90
sci-fi	0.10	2.08
map	0.10	1.62
should	0.10	3.50
boost	0.10	1.60
solar	0.10	1.57
rocks	0.10	1.64
instead	0.10	1.92
zombie	0.10	1.50
gate	0.10	1.60
thousand	0.10	1.63
open	0.10	1.76
flying	0.10	1.56
purposes	0.10	1.57
couple	0.10	1.78
change	0.10	2.27
sell	0.10	1.60
cards	0.10	1.50
download	0.11	1.94
amazon	0.11	1.67
total	0.11	1.59
member	0.11	1.51
dump	0.11	1.64
via	0.11	1.90
protagonist	0.11	1.51
soundtrack	0.11	1.45
encountered	0.11	1.96
ncr	0.11	1.57
any	0.11	2.99
status	0.11	1.49
blood	0.11	1.54
subreddit	0.11	2.51
store	0.11	1.64
corruption	0.11	1.64
influence	0.11	1.63
simple	0.11	1.64
gog	0.11	1.66
announcements	0.11	1.91
star	0.11	1.44
trained	0.11	1.60
few	0.11	1.84
settlements	0.11	1.55
brown	0.11	1.35
overhaul	0.11	1.52
thousands	0.11	1.66
equipped	0.11	1.47
ui	0.11	1.53
consoles	0.11	1.69
elsewhere	0.11	1.77
disabling	0.11	2.21
hd	0.11	1.69
item	0.11	1.64
theres	0.12	1.54
inventory	0.12	1.61
carefully	0.12	1.72
dynamic	0.12	1.50
forever	0.12	2.15
odds	0.12	1.60
west	0.12	1.65
play-through	0.12	2.11
incorrect	0.12	4.67
randomly	0.12	1.64
boots	0.12	1.45
dam	0.12	1.56
sleep	0.12	1.58
reasoning	0.12	2.01
challenging	0.12	2.09
caesar	0.12	1.69
generally	0.12	1.58
enbs	0.12	1.51
40	0.12	1.67
due	0.12	1.79
revealed	0.12	1.93
bachelor	0.12	1.57
automatically	0.12	1.73
buildings	0.12	1.55
enable	0.13	1.88
merc	0.13	1.46
boys	0.13	1.43
voices	0.13	1.26
log	0.13	1.56
announcing	0.13	2.37
stretch	0.13	1.73
impact	0.13	1.94
survival	0.13	1.53
muh	0.13	1.72
clock	0.13	1.51
tiny	0.13	1.42
nmm	0.13	1.88
clip	0.13	1.56
fish	0.13	1.87
meanwhile	0.13	1.71
territory	0.13	1.56
buggy	0.13	1.59
console	0.13	1.76
uniform	0.13	1.40
implies	0.13	1.57
xbox	0.13	1.78
struggle	0.13	1.61
cycle	0.13	1.42
empty	0.13	1.46
stock	0.13	1.68
andale	0.13	1.64
laws	0.13	1.65
confirmed	0.13	1.82
resist	0.14	2.05
gt	0.14	3.45
fps	0.14	1.56
actors	0.14	1.19
brought	0.14	2.55
receive	0.14	1.68
perk	0.14	1.59
excuse	0.14	1.89
developing	0.14	2.11
lands	0.14	1.64
small	0.14	1.48
todd	0.14	2.05
r/gaming	0.14	2.49
graphics	0.14	1.73
pc	0.14	1.79
force	0.14	1.69
lottery	0.14	1.83
dreams	0.14	1.77
van	0.14	1.53
sense	0.14	2.92
rob	0.14	1.56
16	0.14	2.04
chunk	0.14	1.54
include	0.14	1.56
shades	0.14	1.47
creates	0.14	1.60
neither	0.14	1.76
scarce	0.14	1.54
own	0.14	1.99
knowledge	0.14	1.66
gaming	0.14	1.68
silent	0.14	1.62
appropriate	0.14	1.79
physics	0.14	1.58
originals	0.14	2.08
many	0.14	2.00
doc	0.14	1.70
forth	0.14	1.70
realism	0.14	1.63
wore	0.14	1.35
alternatively	0.14	1.72
produced	0.15	1.68
newer	0.15	1.66
styles	0.15	1.55
crafting	0.15	1.48
uk	0.15	1.56
veronica	0.15	1.40
occasional	0.15	1.63
ruins	0.15	1.56
strip	0.15	1.59
walls	0.15	1.51
nuked	0.15	1.57
from	0.15	2.08
fanfic	0.15	1.65
wacky	0.15	1.45
95	0.15	1.64
taught	0.15	2.05
interview	0.15	1.89
ignored	0.15	2.33
playthrough	0.15	2.44
split	0.15	1.54
mitchell	0.15	1.67
reno	0.15	1.52
active	0.15	1.63
reached	0.15	1.82
joined	0.15	1.60
ftw	0.15	1.49
independence	0.15	1.77
equal	0.15	1.55
amounts	0.15	1.29
crowd	0.15	1.49
14	0.15	2.06
these	0.15	2.22
navarro	0.15	1.56
dirt	0.15	1.51
keyboard	0.15	1.79
600	0.15	1.61
knights	0.15	1.55
sells	0.15	1.45
common	0.15	1.44
4th	0.15	1.84
reloading	0.15	1.63
90	0.15	1.55
17	0.16	1.93
rp	0.16	1.74
began	0.16	1.87
extended	0.16	1.42
announced	0.16	2.05
discovered	0.16	2.07
quicksave	0.16	1.76
narrative	0.16	1.88
noise	0.16	1.25
isle	0.16	1.81
interaction	0.16	1.57
spoilers	0.16	2.14
visited	0.16	1.88
difference	0.16	2.00
glasses	0.16	1.41
potato	0.16	1.38
file	0.16	1.98
selling	0.16	1.62
installing	0.16	2.02
gamebryo	0.16	1.60
awkward	0.16	1.89
flare	0.16	1.96
owns	0.16	3.12
necessary	0.16	2.04
wake	0.16	1.83
eve	0.16	1.53
typically	0.16	1.78
support	0.17	1.81
points	0.17	1.58
takes	0.17	2.04
read	0.17	1.96
value	0.17	1.45
lists	0.17	1.89
scavenging	0.17	1.47
requires	0.17	1.71
others	0.17	2.68
gannon	0.17	1.44
npcs	0.17	1.47
balanced	0.17	1.59
flora	0.17	1.49
sit	0.17	2.02
safety	0.17	1.61
king	0.17	1.50
objects	0.17	1.56
wheel	0.17	1.52
fort	0.17	1.59
launched	0.17	1.59
project	0.17	1.57
difficult	0.17	1.57
creator	0.17	1.57
father	0.17	1.52
soldier	0.17	1.55
reveal	0.17	1.94
east	0.17	1.60
wherever	0.17	1.78
perks	0.17	1.54
texture	0.18	1.50
ultimately	0.18	1.90
dynamite	0.18	1.56
widow	0.18	1.61
visuals	0.18	1.53
32	0.18	1.52
wait	0.18	2.37
unstoppable	0.18	1.57
comparing	0.18	1.75
trading	0.18	1.44
rumors	0.18	1.70
vast	0.18	1.56
tribe	0.18	1.51
announce	0.18	2.12
trademark	0.18	1.85
classic	0.18	1.53
sea	0.18	1.73
spot	0.18	1.89
gave	0.18	2.13
legal	0.18	1.54
camp	0.18	1.58
e3	0.18	2.02
graffs	0.18	1.47
become	0.18	1.70
200	0.18	1.64
fook	0.18	1.71
wat	0.18	1.49
reverse	0.18	1.57
crimson	0.18	1.44
gfwl	0.18	1.87
moment	0.18	2.17
alert	0.18	1.67
1st	0.19	1.61
mexico	0.19	1.61
scratch	0.19	1.67
sometime	0.19	2.14
accidentally	0.19	2.06
trooper	0.19	1.43
adult	0.19	1.48
eat	0.19	1.48
nature	0.19	1.61
limit	0.19	1.53
states	0.19	1.59
ps3	0.19	1.86
scale	0.19	1.47
maintain	0.19	1.76
hundreds	0.19	1.69
filthy	0.19	1.62
builds	0.19	1.51
f1	0.19	1.62
bet	0.19	2.25
hot	0.19	1.34
dollar	0.19	1.68
higher	0.19	1.52
easily	0.19	2.29
steps	0.20	1.70
stat	0.20	1.55
18	0.20	1.83
easter	0.20	1.49
location	0.20	1.74
length	0.20	1.70
reliable	0.20	1.55
ambient	0.20	1.42
saves	0.20	1.80
universe	0.20	1.63
port	0.20	1.68
interface	0.20	1.50
teaser	0.20	1.88
19	0.20	1.79
ahead	0.20	2.37
bill	0.20	1.51
young	0.20	1.58
reset	0.20	1.71
ninja	0.20	1.59
autosave	0.20	1.70
lets	0.20	2.06
towns	0.20	1.52
freedom	0.20	1.59
awhile	0.20	2.16
archive	0.20	2.19
installation	0.20	1.79
physically	0.20	1.55
race	0.20	1.65
geck	0.20	1.78
50s	0.20	1.48
hines	0.20	2.03
menu	0.20	1.66
increases	0.20	1.53
dad	0.21	1.65
came	0.21	2.05
numerous	0.21	1.79
reasons	0.21	2.24
plenty	0.21	1.91
single	0.21	1.95
factions	0.21	1.64
shortly	0.21	1.69
belong	0.21	2.04
address	0.21	1.83
band	0.21	1.42
graham	0.21	2.30
imagined	0.21	1.99
grade	0.21	2.06
tv	0.21	1.50
vgx	0.21	2.01
save	0.21	1.75
purchase	0.21	1.67
fans	0.21	1.74
sources	0.21	1.74
delete	0.21	1.95
followers	0.21	1.59
increase	0.21	1.58
kinds	0.21	1.78
ebay	0.21	1.68
plug	0.21	1.67
flaws	0.21	1.90
deliver	0.21	1.75
settings	0.21	1.60
irl	0.21	1.48
option	0.21	2.52
suggests	0.22	1.63
animation	0.22	1.52
visual	0.22	1.47
highest	0.22	1.54
after	0.22	1.83
network	0.22	1.51
san	0.22	1.54
boxes	0.22	1.58
nuka	0.22	1.36
solved	0.22	1.91
guard	0.22	1.58
mirelurk	0.22	1.39
examples	0.22	2.17
2015	0.22	1.96
date	0.22	1.81
humanity	0.22	1.66
including	0.22	1.65
downloaded	0.22	1.86
respawn	0.22	1.35
darnified	0.22	1.53
las	0.22	1.53
journey	0.22	1.51
npc	0.22	1.60
icon	0.22	1.94
service	0.22	1.31
result	0.22	1.74
f4	0.23	2.18
effort	0.23	1.99
combo	0.23	1.39
mercs	0.23	1.52
camera	0.23	1.62
golf	0.23	1.62
limits	0.23	1.56
install	0.23	2.05
post-apocalyptic	0.23	1.73
shadow	0.23	1.50
development	0.23	1.86
clothing	0.23	1.41
treated	0.23	1.54
sized	0.23	1.46
ftfy	0.23	1.46
written	0.23	1.61
fnv	0.23	2.09
roleplaying	0.23	1.75
manual	0.23	1.83
render	0.23	1.56
dungeons	0.23	1.61
wont	0.23	2.76
context	0.23	1.87
generations	0.23	1.71
horrigan	0.23	1.60
he/she	0.23	1.67
shows	0.23	1.57
border	0.23	1.69
releases	0.23	1.68
bob	0.23	1.81
gives	0.23	1.73
format	0.24	1.58
ton	0.24	1.86
per	0.24	1.65
gear	0.24	1.48
beast	0.24	1.68
recon	0.24	1.55
etsy	0.24	1.71
freezes	0.24	1.78
jet	0.24	1.29
directions	0.24	1.76
spice	0.24	1.43
helmet	0.24	1.44
fridge	0.24	1.56
2016	0.24	2.03
installed	0.24	1.91
aiming	0.24	1.51
wars	0.24	1.57
signal	0.24	1.37
backup	0.24	1.72
logical	0.24	1.80
mod	0.24	1.73
countries	0.24	1.57
dchoaxer	0.24	1.99
official	0.24	1.70
person	0.24	2.15
implement	0.24	2.12
reduce	0.24	1.77
handy	0.24	1.57
beaten	0.24	2.00
slight	0.24	1.51
profit	0.24	1.52
work	0.24	3.43
january	0.25	1.80
rome	0.25	1.48
took	0.25	1.98
stalker	0.25	1.56
creative	0.25	1.76
wise	0.25	2.29
welp	0.25	2.37
potential	0.25	1.57
finished	0.25	3.09
mmo	0.25	1.77
s.p.e.c.i.a.l	0.25	1.56
mccarran	0.25	1.58
benefit	0.25	1.96
guess	0.25	4.55
wanderer	0.26	1.36
decade	0.26	1.81
russia	0.26	1.62
seconds	0.26	1.76
direct	0.26	1.72
contains	0.26	2.64
individual	0.26	1.49
john	0.26	1.47
their	0.26	1.73
done	0.26	2.66
cause	0.26	2.12
thing	0.26	2.97
backed	0.26	1.50
bout	0.26	2.10
perhaps	0.26	2.06
willow	0.26	1.51
role	0.26	1.62
2nd	0.26	1.72
hmmm	0.26	1.57
michael	0.26	1.41
str	0.26	1.62
several	0.26	1.76
tribal	0.26	1.76
establish	0.26	1.59
express	0.26	1.56
em	0.26	2.51
plastic	0.27	1.41
cola	0.27	1.36
500	0.27	1.64
follows	0.27	2.74
hideout	0.27	1.74
claw	0.27	1.56
operating	0.27	1.78
sub	0.27	2.61
granted	0.27	1.71
2008	0.27	1.84
posts	0.27	2.57
develop	0.27	1.89
female	0.27	1.47
elements	0.27	1.65
26	0.27	1.47
entertainment	0.27	1.75
awards	0.27	1.88
actively	0.27	1.98
fuck	0.27	3.09
etc	0.27	1.48
gone	0.27	2.37
fisto	0.27	1.64
23	0.27	1.61
may	0.27	3.16
selection	0.27	1.57
weak	0.27	1.47
fnvedit	0.27	1.75
offers	0.27	1.69
mines	0.27	1.60
2014	0.27	1.84
position	0.27	1.93
release	0.27	1.90
releasing	0.27	1.98
instructions	0.27	1.81
low	0.27	1.55
lone	0.27	1.33
pip	0.27	1.44
countless	0.27	1.70
intense	0.27	1.54
peace	0.27	1.59
beer	0.27	1.37
together	0.27	1.88
amount	0.27	1.59
showing	0.27	1.93
outfits	0.27	1.40
oblivion	0.27	1.67
his	0.28	1.72
fo1	0.28	1.77
implants	0.28	1.56
cove	0.28	1.54
wear	0.28	1.33
configuration	0.28	1.54
developed	0.28	2.00
free	0.28	1.93
somebody	0.28	2.12
scream	0.28	1.53
player	0.28	2.03
modern	0.28	1.52
magazines	0.28	1.36
element	0.28	1.66
cartoon	0.28	1.49
certainly	0.28	2.44
pop	0.28	1.50
grass	0.28	1.42
zion	0.28	2.28
half-life	0.28	1.62
2010	0.28	1.86
strategy	0.28	1.61
boat	0.28	1.59
shoes	0.28	1.37
terms	0.28	1.73
section	0.28	1.94
europe	0.28	1.58
size	0.28	1.70
naturally	0.28	1.78
viable	0.28	1.60
coat	0.28	1.36
24	0.29	1.54
news	0.29	1.61
fose	0.29	1.84
beret	0.29	1.52
concrete	0.29	1.90
rare	0.29	1.47
media	0.29	1.67
nvse	0.29	1.82
valid	0.29	2.05
waited	0.29	1.88
greater	0.29	1.53
signs	0.29	1.55
pip-boy	0.29	1.50
added	0.29	1.61
grenades	0.29	1.58
physical	0.29	1.54
create	0.29	1.70
night	0.29	1.39
corpse	0.29	1.63
cost	0.29	1.67
relative	0.29	1.50
360	0.29	1.89
nuka-cola	0.29	1.36
pace	0.29	2.20
hours	0.29	1.74
stream	0.29	1.72
large	0.29	1.57
casm	0.30	1.72
scene	0.30	1.38
younger	0.30	1.48
2299	0.30	1.90
int	0.30	1.62
regularly	0.30	1.59
site	0.30	1.87
wasted	0.30	2.09
skyrim	0.30	1.69
commie	0.30	1.72
spring	0.30	1.71
assumed	0.30	2.48
rpg	0.30	1.56
cores	0.30	2.06
hip	0.30	1.60
bot	0.30	1.46
400	0.30	1.62
maybe	0.30	3.38
hiding	0.30	1.59
ages	0.30	1.57
keys	0.30	1.86
eso	0.30	1.93
fo2	0.31	1.72
show	0.31	2.17
suspect	0.31	1.92
insert	0.31	1.58
duh	0.31	1.33
battlecry	0.31	1.92
apologize	0.31	4.51
additionally	0.31	1.55
school	0.31	1.50
early	0.31	1.80
letter	0.31	4.60
reloaded	0.31	1.77
bottles	0.31	1.34
raise	0.31	1.56
cities	0.31	1.56
values	0.31	1.58
mick	0.31	1.36
3/nv	0.31	1.66
tumblr	0.31	2.07
cottonwood	0.31	1.55
fashion	0.31	1.47
differences	0.31	1.46
rebuilding	0.31	1.59
surrounding	0.31	1.54
mods	0.31	1.87
correctly	0.32	2.53
steve	0.32	1.55
isolated	0.32	1.56
sacrifice	0.32	1.72
directory	0.32	1.87
california	0.32	1.55
previously	0.32	2.09
2013	0.32	1.78
gameplay	0.32	1.88
found	0.32	2.41
bottle	0.32	1.32
explains	0.32	1.68
eating	0.32	1.47
continued	0.32	1.58
searching	0.32	1.94
millenia	0.32	1.50
nuking	0.32	1.47
backwards	0.32	1.55
slots	0.32	1.72
isnt	0.32	1.67
dollars	0.32	1.71
ridiculously	0.32	1.75
mojave	0.32	1.62
hundred	0.32	1.68
australia	0.32	1.61
forum	0.32	2.34
old	0.33	3.76
graphic	0.33	1.51
ten	0.33	1.66
positive	0.33	1.74
slightly	0.33	1.64
houses	0.33	1.57
massive	0.33	1.36
perspective	0.33	1.66
overly	0.33	1.82
none	0.33	1.87
article	0.33	1.83
dwellers	0.33	1.78
laughed	0.33	1.57
missed	0.33	3.78
installment	0.33	1.73
dishonored	0.33	1.74
galaxy	0.33	1.29
isometric	0.33	1.54
text	0.33	1.60
civilized	0.34	1.39
warning	0.34	1.55
b	0.34	1.90
fat	0.34	1.58
she	0.34	1.69
pacifist	0.34	1.72
respect	0.34	1.75
five	0.34	1.68
cream	0.34	1.98
population	0.34	1.47
wiki	0.34	1.86
dunwich	0.34	1.62
valve	0.34	1.68
detail	0.34	1.46
accuracy	0.34	1.42
write	0.34	1.94
patched	0.34	1.76
enough	0.34	3.02
versions	0.34	1.75
hello	0.34	1.65
before	0.34	2.07
survivor	0.34	1.77
prepare	0.34	1.63
ones	0.34	1.96
degree	0.34	1.58
ways	0.34	1.79
sudden	0.34	1.53
frag	0.34	1.59
by	0.34	2.19
soda	0.35	1.36
through	0.35	2.01
painted	0.35	1.45
noticed	0.35	2.32
instance	0.35	1.63
updated	0.35	1.60
modify	0.35	1.99
big	0.35	1.61
civilization	0.35	1.51
club	0.35	1.55
spend	0.35	1.81
special	0.35	1.50
cat	0.35	1.47
increased	0.35	1.47
checked	0.35	1.89
quote	0.35	2.01
studio	0.35	1.92
publisher	0.35	1.94
years	0.35	1.76
still	0.35	3.47
serve	0.35	1.74
ed-e	0.35	1.77
suicide	0.35	1.63
way	0.35	3.26
sunset	0.35	1.33
device	0.35	1.49
creating	0.35	1.82
december	0.35	1.78
capture	0.35	1.54
however	0.36	3.19
existing	0.36	1.80
birth	0.36	1.45
stats	0.36	1.59
strike	0.36	1.61
provides	0.36	1.71
loads	0.36	1.65
doom	0.36	1.68
lag	0.36	1.84
max	0.36	1.48
e.g	0.36	1.52
armour	0.36	1.41
reason	0.36	3.17
wound	0.36	1.86
whoever	0.36	1.81
deal	0.36	2.14
graphical	0.36	1.65
interactions	0.37	1.63
had	0.37	2.77
stars	0.37	1.50
expand	0.37	1.82
in-game	0.37	1.66
killer	0.37	1.56
smaller	0.37	1.61
multiple	0.37	1.77
became	0.37	1.59
gotten	0.37	2.21
page	0.37	2.34
replay	0.37	2.00
pipboy	0.37	1.50
between	0.37	1.64
spawned	0.37	1.56
invest	0.37	1.60
follower	0.37	1.64
id	0.37	1.77
company	0.37	1.77
supposedly	0.37	1.49
fo	0.37	1.73
buffout	0.37	1.24
somewhere	0.37	2.04
nuclear	0.37	1.65
targets	0.37	1.28
reddit	0.37	2.54
tree	0.38	1.66
scenery	0.38	2.78
tons	0.38	1.78
charisma	0.38	1.59
her	0.38	1.50
secure	0.38	1.57
rule	0.38	1.85
owned	0.38	1.79
wastelands	0.38	1.74
society	0.38	1.58
protection	0.38	1.53
bloody	0.38	1.57
impossible	0.38	1.67
hammer	0.38	1.56
provided	0.38	2.00
replacement	0.38	1.78
larger	0.38	1.59
1/2	0.38	1.50
springs	0.38	1.67
might	0.38	3.39
announcement	0.38	1.96
explorer	0.38	1.63
engines	0.38	1.74
anyway	0.38	4.45
titles	0.38	1.66
major	0.38	1.70
dammit	0.39	1.86
olney	0.39	1.43
cd	0.39	1.58
released	0.39	1.81
dress	0.39	1.45
significant	0.39	1.60
developers	0.39	1.86
metal	0.39	1.31
subtle	0.39	1.56
tes	0.39	1.73
evil	0.39	1.82
spell	0.39	2.78
cast	0.39	1.49
converted	0.39	1.71
med-x	0.39	1.24
relevant	0.39	2.33
flag	0.39	1.48
other	0.39	2.02
late	0.39	1.80
pro	0.39	1.59
results	0.39	1.68
cult	0.39	1.63
twice	0.39	1.93
armor	0.39	1.42
attempt	0.39	1.88
learning	0.39	2.34
method	0.39	1.89
luck	0.39	1.59
exclusive	0.40	1.73
forgive	0.40	2.00
outfit	0.40	1.34
cannibal	0.40	1.54
basic	0.40	1.48
smooth	0.40	1.61
immersion	0.40	1.69
clearing	0.40	1.85
gay	0.40	1.50
engine	0.40	1.63
costs	0.40	1.64
bgs	0.40	1.98
far	0.40	2.72
2011	0.40	1.77
interplay	0.40	1.73
dev	0.40	1.79
f2	0.40	1.63
wolfenstein	0.40	1.76
website	0.40	1.90
x	0.40	1.59
intelligence	0.40	1.58
woman	0.40	1.68
tried	0.40	2.24
t-51b	0.41	1.60
minutes	0.41	1.77
summer	0.41	1.59
rights	0.41	1.58
2	0.41	1.60
adjust	0.41	1.68
crash	0.41	1.70
situations	0.41	1.55
recently	0.41	1.92
compatible	0.41	1.99
animations	0.41	1.46
rather	0.41	1.85
ip	0.41	1.80
answers	0.41	3.03
users	0.41	2.20
occurred	0.41	1.89
implant	0.41	1.55
grenade	0.41	1.57
ago	0.41	1.76
forums	0.41	2.14
two	0.42	1.83
ps	0.42	1.80
spam	0.42	1.79
freezing	0.42	1.98
freeze	0.42	1.75
frank	0.42	1.55
till	0.42	1.76
block	0.42	1.58
washington	0.42	1.43
original	0.42	1.72
hour	0.42	1.75
remaining	0.42	1.63
months	0.42	1.73
shop	0.42	1.43
strength	0.42	1.58
studios	0.42	1.88
3000	0.42	1.49
ice	0.42	1.98
populated	0.42	1.54
exploit	0.42	1.81
times	0.42	1.80
wastelanders	0.43	1.54
server	0.43	1.52
confirmation	0.43	2.15
content	0.43	1.77
once	0.43	2.15
lots	0.43	1.76
information	0.43	2.06
published	0.43	1.89
pages	0.43	1.83
atomic	0.43	1.63
obvious	0.43	2.21
quotes	0.43	1.62
copyright	0.43	1.83
forgotten	0.43	1.99
nexus	0.43	1.89
year	0.43	1.83
entered	0.43	1.62
riding	0.43	1.48
plan	0.44	1.65
extreme	0.44	1.58
angle	0.44	1.54
proven	0.44	2.15
crashing	0.44	2.09
never	0.44	2.56
3rd	0.44	1.71
answer	0.44	4.43
companies	0.44	1.79
twist	0.44	1.50
brand	0.44	1.57
during	0.44	1.62
whereas	0.44	1.79
fo4	0.44	2.23
first	0.44	2.11
tweet	0.44	2.60
albeit	0.44	1.68
region	0.44	1.55
textures	0.44	1.48
presumably	0.44	1.62
present	0.44	1.30
pain	0.45	1.63
writer	0.45	1.57
presence	0.45	1.61
term	0.45	1.78
novel	0.45	1.53
softworks	0.45	1.86
kid	0.45	1.52
developer	0.45	1.92
only	0.45	3.04
note	0.45	2.00
yet	0.45	2.41
too	0.45	2.85
linked	0.45	2.42
sheer	0.45	1.57
often	0.45	1.82
amp	0.45	1.59
draw	0.45	1.56
fatman	0.46	1.49
entire	0.46	1.89
goods	0.46	1.77
lie	0.46	2.43
within	0.46	1.77
demand	0.46	1.82
landscape	0.46	1.95
anytime	0.46	2.29
fucker	0.46	1.50
heard	0.46	2.42
separate	0.46	1.66
upon	0.46	1.63
independent	0.46	1.92
least	0.46	2.08
relationship	0.46	1.41
redesigned	0.46	1.56
lack	0.46	1.53
as	0.46	3.36
securitron	0.46	1.79
form	0.46	1.37
agility	0.46	1.58
understanding	0.46	1.45
zenimax	0.46	1.84
playable	0.46	1.62
live	0.46	1.92
ring	0.47	1.44
jsawyer	0.47	1.72
sites	0.47	1.74
lost	0.47	1.84
dayz	0.47	1.72
roleplay	0.47	1.76
rarely	0.47	1.84
tgm	0.47	1.74
user	0.47	1.97
poster	0.47	1.64
latest	0.47	1.75
or	0.47	3.15
sidebar	0.47	2.14
10	0.47	1.61
hints	0.47	1.55
natural	0.47	1.38
twitter	0.47	2.14
endurance	0.47	1.58
otherwise	0.47	2.49
steady	0.47	1.38
d	0.47	3.10
accessible	0.48	1.55
grammar	0.48	4.24
half	0.48	1.79
fonv	0.48	1.78
probably	0.48	3.30
revenge	0.48	1.42
iv	0.48	1.46
survivor2299	0.48	1.85
evidence	0.48	2.23
scenes	0.48	1.41
bethesda	0.48	1.88
unplayable	0.48	1.69
permanently	0.48	1.79
minute	0.48	1.74
psycho	0.48	1.27
expert	0.48	1.75
obsidian	0.49	1.80
explored	0.49	2.12
pops	0.49	1.76
easy	0.49	1.64
extender	0.49	1.80
upper	0.49	1.78
essentially	0.49	1.77
deleted	0.49	2.31
opposed	0.49	1.33
dozens	0.49	1.78
praise	0.49	1.39
minor	0.49	1.50
train	0.49	1.90
always	0.50	2.85
teeth	0.50	1.47
online	0.50	1.72
second	0.50	1.92
f	0.50	1.77
battles	0.50	1.37
shiny	0.50	1.47
colors	0.50	1.38
neutral	0.50	1.63
solution	0.50	2.32
rex	0.50	1.40
niner	0.50	1.61
sawyer	0.50	1.72
arcade	0.50	1.39
root	0.50	1.56
crater	0.50	1.58
portion	0.50	1.65
questions	0.51	2.82
mentats	0.51	1.21
sort	0.51	1.96
three	0.51	1.78
mid	0.51	1.74
practice	0.51	1.71
ve	0.51	2.30
wan	0.51	2.93
nightmare	0.51	2.85
cuz	0.51	2.08
give	0.51	2.67
proof	0.51	2.00
patrolling	0.51	1.52
connection	0.51	1.84
radaway	0.51	1.53
until	0.51	2.08
southern	0.51	1.68
each	0.51	1.82
stable	0.51	1.69
mercenary	0.51	1.46
ruined	0.51	1.65
sequel	0.51	1.55
2-3	0.51	1.52
atleast	0.51	1.43
movies	0.52	1.48
been	0.52	2.44
spoiler	0.52	1.61
forward	0.52	1.83
beth	0.52	1.87
world	0.52	3.64
account	0.52	2.26
email	0.52	1.84
documents	0.52	1.77
license	0.52	1.67
played	0.52	2.02
enjoyable	0.52	2.36
tonight	0.52	2.92
vs	0.53	1.56
character	0.53	1.79
extra	0.53	1.65
victor	0.53	1.88
ive	0.53	2.12
educated	0.53	1.45
lady	0.53	1.63
recording	0.53	1.29
wasnt	0.53	1.88
glass	0.53	1.43
england	0.53	1.53
scrolls	0.53	1.67
update	0.53	1.79
wife	0.53	1.56
rough	0.53	1.15
pin	0.53	1.70
tale	0.54	1.86
task	0.54	1.59
happening	0.54	2.98
german	0.54	1.31
features	0.54	1.57
ttw	0.54	1.77
suit	0.54	1.38
tweaks	0.54	1.69
performance	0.54	1.61
cassidy	0.54	1.52
functional	0.54	1.54
perception	0.54	1.58
actually	0.54	3.39
remover	0.54	1.70
variety	0.54	1.54
season	0.54	1.79
fallouts	0.54	1.67
ideas	0.54	2.06
areas	0.54	1.60
software	0.55	1.65
4	0.55	1.74
shirt	0.55	1.43
strong	0.55	1.51
class	0.55	1.51
northern	0.55	1.70
detected	0.55	1.55
since	0.55	2.39
thin	0.55	1.56
given	0.55	2.25
london	0.55	1.43
above	0.55	1.81
valuable	0.56	1.54
figured	0.56	2.41
securitrons	0.56	1.80
careful	0.56	2.05
cass	0.56	1.48
family	0.56	1.38
updates	0.56	1.46
4gb	0.56	1.76
storm	0.56	1.57
8	0.56	1.70
grand	0.56	1.32
sadly	0.56	1.63
saw	0.56	2.15
throughs	0.56	1.84
search	0.57	1.98
storytelling	0.57	1.69
companions	0.57	1.47
battery	0.57	1.45
steal	0.57	1.62
surprisingly	0.57	1.79
repost	0.57	2.05
thumbs	0.57	1.77
expensive	0.57	1.47
place	0.57	2.82
fallout.ini	0.57	1.93
platform	0.58	1.69
popular	0.58	1.57
house	0.58	1.85
emotional	0.58	1.66
e	0.58	1.96
would	0.58	3.26
playthroughs	0.58	1.92
wood	0.58	1.63
voiced	0.58	1.40
1	0.58	1.63
almost	0.58	2.07
loading	0.58	1.68
surely	0.59	1.58
elder	0.59	1.65
decent	0.59	1.51
bit	0.59	1.86
brahmin	0.59	1.59
dare	0.59	1.94
whatsoever	0.59	2.05
highly	0.59	2.00
7	0.59	1.69
six	0.59	1.69
safe	0.59	1.54
already	0.59	2.61
guide	0.59	1.82
time	0.59	2.42
rpgs	0.59	1.59
set	0.59	2.01
later	0.59	1.79
history	0.59	1.47
script	0.59	1.76
atom	0.59	1.59
center	0.59	1.53
learned	0.59	2.07
colorado	0.60	1.64
replied	0.60	2.89
sometimes	0.60	2.21
theory	0.60	1.80
product	0.60	1.47
seen	0.60	2.33
training	0.60	1.51
further	0.60	1.67
crossed	0.60	1.57
boy	0.60	1.42
fixing	0.60	1.83
third	0.60	1.79
advance	0.61	1.68
sarcasm	0.61	2.29
earlier	0.61	1.82
5	0.61	1.62
tutorial	0.61	1.67
balance	0.61	1.41
uhh	0.61	1.56
crack	0.61	1.54
help	0.61	2.93
display	0.61	1.60
adds	0.61	1.59
bay	0.61	1.62
won	0.61	1.60
9	0.61	1.64
parents	0.61	1.58
nearly	0.61	1.92
vanilla	0.62	1.87
remake	0.62	1.60
improvements	0.62	1.59
courier	0.62	1.57
attached	0.62	1.33
lot	0.62	2.11
feels	0.63	1.74
another	0.63	2.52
lmao	0.63	1.85
drawn	0.63	1.61
kidding	0.63	2.44
destroying	0.63	1.62
watching	0.63	2.09
loyal	0.63	1.89
choo	0.63	2.00
crashes	0.63	1.85
symbol	0.63	1.51
reference	0.63	1.76
scientist	0.63	1.45
screens	0.63	1.59
f3	0.63	1.92
upvotes	0.63	2.33
covers	0.63	1.64
apocalypse	0.63	1.66
failed	0.64	1.96
problems	0.64	2.16
cannibals	0.64	1.51
somewhat	0.64	1.74
r/falloutmods	0.64	2.32
companion	0.64	1.43
modders	0.64	1.72
fit	0.64	1.66
shall	0.64	1.77
an	0.64	1.98
brazil	0.64	1.72
android	0.64	1.47
winter	0.64	1.58
thread	0.64	2.72
rad-x	0.64	1.40
checking	0.64	1.97
bits	0.64	1.49
vastly	0.64	1.66
ini	0.64	2.13
raul	0.65	1.52
nerd	0.65	1.69
stability	0.65	1.60
month	0.65	1.77
changed	0.65	1.96
damned	0.65	1.78
posting	0.65	2.61
weeks	0.65	1.67
tcl	0.65	1.85
friends	0.65	1.86
morning	0.65	1.59
fix	0.65	2.03
ensure	0.65	1.53
previous	0.66	1.72
progress	0.66	1.72
6	0.66	1.63
sucks	0.66	2.83
utterly	0.66	1.77
jobs	0.66	1.57
cough	0.66	1.54
days	0.67	1.68
check	0.67	1.92
mistakes	0.67	2.48
mr	0.67	1.85
hail	0.67	1.82
game	0.67	2.45
report	0.67	1.95
vegas	0.67	1.70
balls	0.67	1.95
keeping	0.67	1.82
mail	0.67	1.53
tweak	0.67	2.12
really	0.67	3.17
process	0.67	1.75
t	0.67	1.72
troll	0.68	2.00
arizona	0.68	1.61
silver	0.68	1.22
october	0.68	1.63
apocalyptic	0.68	1.64
worlds	0.68	1.69
must	0.68	2.89
immersive	0.68	1.56
lives	0.68	2.61
rush	0.68	1.47
clear	0.68	1.82
actor	0.68	1.30
has	0.68	2.74
searched	0.68	2.00
much	0.68	2.28
genuinely	0.69	2.18
lily	0.69	1.46
iphone	0.69	1.41
abilities	0.69	1.49
lies	0.69	1.55
comments	0.69	2.61
im	0.69	3.22
l	0.69	1.71
impressed	0.69	2.16
community	0.69	1.79
area	0.70	1.61
thought	0.70	3.11
glitches	0.70	1.80
intelligent	0.70	1.35
little	0.70	1.76
movie	0.70	1.41
details	0.70	1.49
last	0.70	1.72
literally	0.70	2.11
nicer	0.70	1.61
franchise	0.70	1.49
sorts	0.70	1.47
nv	0.71	1.90
weekend	0.71	1.98
needs	0.71	2.57
pls	0.71	1.92
island	0.71	1.54
glitch	0.71	1.97
four	0.72	1.70
things	0.72	2.34
exploration	0.72	1.86
voice	0.72	1.21
posters	0.72	1.58
rewarding	0.72	1.55
dialog	0.72	1.36
app	0.72	1.52
discussion	0.72	2.36
uncle	0.72	1.80
zero	0.72	1.80
throughout	0.72	1.56
baby	0.72	1.63
stories	0.73	1.61
havent	0.73	2.01
requirement	0.73	1.48
carried	0.73	1.72
likely	0.73	2.50
huge	0.73	1.69
additional	0.73	1.41
complex	0.73	1.48
fixes	0.73	1.85
issues	0.73	2.02
duster	0.73	1.45
downside	0.73	2.05
hoover	0.73	1.60
aspects	0.73	2.72
c	0.74	1.76
especially	0.74	1.82
church	0.74	1.62
guy	0.74	2.48
provide	0.74	1.88
our	0.74	1.63
mom	0.74	1.57
google	0.74	1.92
fawkes	0.74	1.41
luckily	0.75	1.66
seven	0.75	1.68
shirts	0.75	1.51
whom	0.75	1.57
elaborate	0.75	1.73
serious	0.76	1.43
soviet	0.76	1.49
explanation	0.76	2.35
experience	0.76	1.86
experienced	0.76	2.09
proud	0.76	2.98
credit	0.76	1.85
every	0.76	1.80
pulling	0.76	1.78
edited	0.76	2.38
internet	0.77	2.03
review	0.77	1.64
quick	0.77	1.65
quality	0.77	1.48
such	0.77	1.79
y	0.77	1.85
yesterday	0.77	1.73
dialogue	0.77	1.34
tho	0.77	1.85
0	0.78	1.60
stutter	0.78	1.66
relax	0.78	1.80
links	0.78	2.36
girlfriend	0.78	1.37
tough	0.78	1.56
tomorrow	0.78	2.18
close	0.78	2.17
chernobyl	0.78	1.66
includes	0.78	1.58
stuff	0.78	2.41
sign	0.79	1.68
roll	0.79	1.45
jericho	0.80	1.44
there	0.80	3.16
fairly	0.80	1.87
r	0.80	2.01
commonwealth	0.80	1.66
relatively	0.80	1.75
contrast	0.81	1.30
weaker	0.81	1.40
addition	0.81	1.62
3	0.81	1.84
bobble	0.81	1.90
life	0.82	1.99
regard	0.82	1.43
golden	0.82	1.57
boston	0.82	1.70
valley	0.82	1.36
no	0.83	2.67
sister	0.83	1.44
dog	0.83	1.49
typing	0.83	2.45
threads	0.83	2.34
bugs	0.83	1.87
taken	0.83	2.26
upvoted	0.83	2.34
whats	0.83	1.93
channel	0.83	1.68
standards	0.84	1.35
worn	0.84	1.46
desktop	0.84	1.71
makes	0.84	2.15
episode	0.84	1.67
aspect	0.84	2.72
future	0.84	1.74
pr	0.84	1.69
memorable	0.84	1.58
wears	0.84	1.18
tad	0.84	1.87
improved	0.84	1.48
message	0.85	1.90
fedora	0.85	1.42
york	0.85	1.60
add	0.85	1.80
factor	0.85	1.36
experiences	0.85	1.96
ranger	0.85	1.37
characters	0.86	1.51
brutal	0.86	1.38
70	0.86	1.31
opportunity	0.86	1.96
taste	0.86	1.59
issue	0.86	2.27
possibilities	0.87	1.49
platinum	0.88	1.51
comic	0.88	1.58
look	0.88	2.89
permission	0.88	1.99
hopefully	0.89	2.32
background	0.89	1.34
wearing	0.89	1.31
particularly	0.90	1.86
central	0.90	1.55
sorry	0.91	4.23
recruit	0.91	1.38
locations	0.91	1.49
package	0.91	1.51
ave	0.91	2.05
frustrating	0.91	1.45
adventure	0.92	1.41
texas	0.92	1.59
hang	0.92	1.95
dressed	0.92	1.54
bang	0.93	1.79
reviews	0.93	1.65
extremely	0.93	1.86
state	0.93	1.36
numbers	0.93	1.66
problem	0.94	2.78
works	0.94	2.99
hi	0.94	1.67
design	0.95	1.42
games	0.95	1.77
week	0.96	1.69
famous	0.96	1.38
da	0.96	1.92
combine	0.96	1.41
setup	0.97	1.37
deserve	0.97	1.86
incredibly	0.97	1.80
deeper	0.97	1.50
explore	0.98	1.56
explaining	0.98	2.56
backstory	0.98	1.52
duty	0.99	1.38
link	0.99	2.34
helmets	0.99	1.39
ol	0.99	1.66
considering	0.99	1.59
arrived	1.00	1.51
name	1.00	2.44
dogmeat	1.00	1.35
nailed	1.00	2.40
true	1.00	4.15
comment	1.01	2.88
posted	1.01	2.46
aswell	1.01	1.59
guides	1.01	1.84
bound	1.02	2.60
watched	1.02	1.73
entertaining	1.02	2.18
bump	1.02	1.58
better	1.02	1.54
modding	1.02	1.81
writing	1.03	1.35
res	1.03	1.42
detroit	1.04	1.79
reasonable	1.04	1.73
short	1.04	1.40
10/10	1.04	1.58
book	1.04	1.49
jacket	1.05	1.53
sigh	1.05	1.89
tutorials	1.05	1.73
conclusion	1.05	2.63
retexture	1.05	1.43
legit	1.06	1.44
looked	1.06	2.37
places	1.06	1.74
adam	1.07	1.47
long	1.07	2.27
gopher	1.07	1.79
drawing	1.07	1.41
customization	1.07	1.45
industry	1.07	1.56
restoration	1.07	1.58
offer	1.07	1.85
legitimate	1.08	2.08
charon	1.08	1.25
hell	1.08	2.58
mobile	1.08	2.26
fixed	1.08	1.89
inspiration	1.08	1.45
bug	1.09	1.79
n	1.09	1.94
paper	1.09	1.32
ordered	1.09	1.56
chip	1.10	1.63
average	1.11	1.42
patches	1.11	1.68
citizen	1.11	1.51
u	1.11	2.34
minds	1.12	1.51
paint	1.12	1.39
discover	1.12	1.61
armors	1.12	1.48
nicely	1.13	1.77
patch	1.13	1.70
joke	1.13	2.31
quite	1.13	2.18
complicated	1.14	1.44
video	1.15	1.72
improve	1.15	1.56
practical	1.15	1.65
also	1.15	3.06
perfectly	1.16	2.06
personally	1.16	2.60
idea	1.17	3.12
actual	1.18	1.39
sounded	1.18	2.24
worked	1.18	2.79
soooo	1.18	1.60
unrealistic	1.18	1.71
videos	1.18	1.72
adventures	1.18	1.54
comfortable	1.19	2.08
whiskey	1.19	2.33
equip	1.19	1.38
very	1.19	1.91
aside	1.20	1.31
unofficial	1.20	1.67
more	1.20	1.87
christmas	1.21	1.57
team	1.22	1.80
seems	1.22	2.20
sexy	1.22	1.64
important	1.23	1.56
profile	1.23	1.76
watch	1.23	1.77
lord	1.23	1.69
album	1.24	1.73
assets	1.24	1.57
gods	1.24	1.66
regards	1.24	2.02
le	1.24	1.74
youtube	1.24	1.79
suppose	1.25	2.37
professional	1.25	1.76
post	1.25	2.39
logo	1.25	1.59
one	1.25	2.79
chill	1.25	1.91
friend	1.26	1.92
film	1.26	1.25
possibly	1.26	1.48
truly	1.27	1.52
screenshots	1.27	1.79
resource	1.28	1.56
jealous	1.28	2.53
largest	1.29	2.72
false	1.29	2.52
dweller	1.29	1.28
some	1.29	2.11
um	1.30	2.12
closest	1.30	2.36
visible	1.30	2.51
edit	1.30	4.10
funny	1.31	2.71
useful	1.31	1.43
khans	1.31	1.43
dumb	1.31	2.02
oops	1.31	3.88
facebook	1.31	2.23
mine	1.31	1.59
insanely	1.31	1.60
fuckin	1.32	2.00
its	1.32	2.51
bounties	1.32	1.30
favorites	1.32	2.42
war	1.32	1.54
mercy	1.32	1.63
rest	1.33	2.58
exciting	1.33	1.47
means	1.34	3.60
phone	1.34	1.63
aboard	1.34	1.91
possible	1.34	2.74
resolution	1.35	1.55
calm	1.36	1.84
vote	1.36	1.87
gif	1.37	1.99
though	1.37	3.26
environments	1.37	2.18
laugh	1.37	2.02
worthy	1.38	1.43
dream	1.38	2.14
greatly	1.38	1.56
suggestions	1.38	2.12
dunno	1.39	2.34
merchandise	1.39	1.48
attempts	1.40	1.63
seattle	1.40	1.66
title	1.40	1.78
piece	1.40	1.43
shame	1.41	1.86
custom	1.44	1.52
coincidence	1.44	1.66
loud	1.45	1.95
brother	1.46	1.82
pictures	1.46	1.98
clicked	1.46	1.76
enjoy	1.46	2.40
exact	1.47	3.06
smile	1.47	2.00
nope	1.47	2.65
most	1.47	2.49
til	1.47	1.68
kind	1.48	2.18
photoshop	1.49	1.64
painting	1.49	1.78
kinda	1.49	2.13
crap	1.50	1.94
ever	1.50	2.79
hope	1.50	2.83
hoping	1.51	2.62
strange	1.52	1.86
pm	1.52	2.26
coke	1.53	1.23
real	1.54	2.66
ladies	1.54	2.22
reduced	1.55	1.34
imgur	1.56	2.21
seriously	1.56	2.54
shit	1.57	2.29
marketing	1.57	1.51
apologies	1.58	2.70
your	1.58	2.53
helps	1.59	2.22
khan	1.59	1.49
damnit	1.59	1.96
hunter	1.59	1.30
words	1.59	3.30
upload	1.60	1.74
mistake	1.60	3.22
hear	1.60	1.91
images	1.61	1.88
word	1.61	3.37
effective	1.61	1.29
mighty	1.61	1.51
iirc	1.62	2.28
quiet	1.63	1.87
fails	1.64	2.27
criticism	1.64	1.68
o	1.65	1.83
unlikely	1.65	1.73
hoodie	1.66	1.54
yours	1.66	2.29
ta	1.67	2.47
plus	1.68	1.64
joy	1.68	1.91
sentence	1.69	3.12
sake	1.69	1.73
2077	1.70	1.53
photo	1.71	1.82
screen	1.72	1.61
model	1.73	1.52
eh	1.74	1.81
fun	1.74	1.85
son	1.74	1.80
spelling	1.74	3.30
lesson	1.75	1.83
letters	1.75	3.31
p	1.76	2.00
ya	1.76	2.77
reply	1.76	2.70
alive	1.77	1.89
successful	1.77	1.24
errors	1.77	3.22
woah	1.78	1.82
proper	1.78	2.84
models	1.78	1.43
image	1.79	1.80
error	1.79	3.14
moments	1.79	2.20
alot	1.81	1.94
recent	1.81	2.47
guys	1.82	2.49
3d	1.83	1.40
pretty	1.85	2.07
omg	1.85	1.74
loop	1.87	1.79
tricky	1.88	2.01
suggestion	1.88	2.18
username	1.89	2.31
whoa	1.89	2.17
dear	1.90	1.78
jesus	1.90	1.96
quantum	1.91	1.08
typo	1.91	3.29
ill	1.91	2.62
coolest	1.92	2.64
okay	1.93	3.66
gift	1.93	2.03
idiot	1.94	2.34
chicago	1.94	1.55
nevermind	1.95	2.57
ok	1.97	3.61
aww	1.99	2.26
editing	1.99	2.62
assuming	1.99	2.79
play	1.99	2.35
number	2.00	2.47
flair	2.01	2.34
heh	2.01	2.54
superior	2.02	1.88
christ	2.03	2.03
response	2.03	2.48
buddy	2.03	2.31
ridiculous	2.03	1.93
pics	2.04	1.83
nah	2.05	2.45
anyways	2.05	2.78
yay	2.05	1.57
totally	2.07	2.83
please	2.07	2.42
both	2.07	2.26
hah	2.07	2.24
dat	2.07	1.62
crazy	2.07	1.90
photos	2.08	1.84
info	2.10	2.23
print	2.11	1.50
xd	2.11	2.25
series	2.14	2.11
odd	2.14	2.46
artist	2.14	1.54
healthy	2.15	1.86
terrifying	2.15	1.97
tip	2.15	1.85
worries	2.16	2.46
collection	2.18	1.21
hey	2.18	2.79
upvote	2.19	2.04
worth	2.19	1.90
feedback	2.20	1.95
charm	2.20	1.86
cake	2.22	1.52
cute	2.23	1.68
soft	2.23	1.67
wtf	2.23	2.37
plausible	2.24	2.08
ahh	2.25	2.46
share	2.27	1.88
boone	2.29	1.94
epic	2.31	1.97
ha	2.32	2.21
uh	2.33	2.74
well	2.34	3.07
pic	2.34	1.91
detailed	2.36	1.19
whole	2.36	1.80
absolutely	2.37	1.73
gary	2.38	2.40
hmm	2.38	2.48
tips	2.41	1.95
input	2.42	1.89
yes	2.42	3.25
inspired	2.42	1.49
bud	2.46	2.23
friendly	2.48	1.54
new	2.48	2.08
lovely	2.49	1.50
al	2.49	2.03
accurate	2.50	1.49
dang	2.50	2.25
genius	2.52	1.88
huh	2.53	2.48
smart	2.54	1.56
held	2.54	1.64
today	2.56	1.89
glad	2.56	2.54
party	2.59	1.84
advice	2.61	2.05
iconic	2.63	1.46
wastelander	2.63	1.74
costume	2.66	1.11
day	2.67	1.86
birthday	2.70	1.90
lt	2.70	1.77
yeah	2.71	2.93
bro	2.76	2.34
forgot	2.77	2.55
hahaha	2.77	2.45
unfortunately	2.82	1.71
thats	2.83	2.57
itself	2.84	1.50
holy	2.85	2.01
fucked	2.85	1.79
hilarious	2.87	1.82
alchestbreach	2.89	1.86
nonetheless	2.94	1.80
picture	2.96	1.89
sounds	2.96	2.13
lol	2.97	2.51
weird	2.97	1.94
haha	2.99	2.54
yep	3.02	2.29
freaking	3.03	1.70
welcome	3.06	1.60
mate	3.07	2.23
yea	3.07	2.36
dig	3.07	1.64
definitely	3.07	2.25
ah	3.07	2.56
alright	3.10	2.51
printed	3.13	1.55
oh	3.16	2.38
tattoo	3.17	1.51
wish	3.20	2.20
solid	3.22	1.27
aw	3.25	1.84
fellow	3.26	1.57
man	3.26	2.27
concept	3.27	1.52
btw	3.31	1.52
congrats	3.32	1.81
screenshot	3.33	1.80
thanks	3.38	2.27
appreciated	3.42	1.84
indeed	3.42	1.92
op	3.47	2.21
beautiful	3.48	1.35
thank	3.48	2.20
fair	3.50	2.13
helpful	3.51	1.52
god	3.51	1.80
excellent	3.58	1.44
art	3.58	1.34
dude	3.61	1.86
cheers	3.67	1.88
damn	3.76	1.54
sharing	3.78	1.43
appreciate	3.79	1.67
clever	3.80	1.35
orleans	3.83	1.50
looks	3.92	1.77
cooler	3.94	1.42
sir	3.94	1.69
perfect	4.06	1.13
wallpaper	4.06	1.53
good	4.07	1.61
neat	4.10	1.32
sweet	4.10	1.41
yup	4.12	1.23
wonderful	4.14	0.77
cosplay	4.17	1.18
interesting	4.17	1.29
badass	4.25	1.08
cool	4.28	1.51
brilliant	4.32	0.78
wow	4.32	1.36
job	4.43	1.27
impressive	4.52	0.78
incredible	4.58	0.54
props	4.60	0.70
great	4.79	0.81
