smell	-5.19	1.05
smells	-4.76	1.38
dirty	-4.32	1.58
infection	-4.22	1.77
bacteria	-4.13	1.85
bully	-4.09	1.61
sucked	-4.09	1.36
suffering	-4.01	2.36
pain	-4.00	2.33
wet	-3.99	1.87
tasted	-3.99	1.64
chemicals	-3.95	2.17
hateful	-3.83	1.79
tastes	-3.83	1.87
awkward	-3.76	1.99
bullying	-3.74	1.95
shitty	-3.71	2.41
petty	-3.71	1.74
strange	-3.69	2.01
ive	-3.68	1.70
taste	-3.66	1.72
passive	-3.66	2.03
gross	-3.60	1.92
aggressive	-3.59	2.08
hating	-3.56	2.06
dislike	-3.53	1.71
obnoxious	-3.53	1.95
painful	-3.53	2.27
bothers	-3.51	1.65
rude	-3.50	1.98
inappropriate	-3.48	1.81
bad	-3.48	2.25
tap	-3.45	2.12
disgusting	-3.36	2.03
kinds	-3.34	2.04
looked	-3.31	1.80
mock	-3.31	2.12
gag	-3.31	1.49
e.g	-3.30	2.23
felt	-3.28	1.95
mocking	-3.25	2.18
aside	-3.23	1.91
bullied	-3.23	2.47
worse	-3.22	2.26
sucks	-3.22	2.14
comments	-3.21	2.34
pisses	-3.20	1.82
touched	-3.18	2.15
became	-3.17	2.23
these	-3.17	1.94
cruel	-3.16	2.02
lesson	-3.15	2.56
cried	-3.13	2.29
similar	-3.08	1.91
sweat	-3.05	1.27
hygiene	-3.03	2.03
stayed	-3.03	2.52
mess	-3.02	1.85
condescending	-3.02	2.18
hideous	-3.01	2.02
texture	-2.98	1.52
teeth	-2.96	2.13
complained	-2.95	2.18
such	-2.94	2.04
vomit	-2.91	1.74
fun	-2.90	2.19
weird	-2.87	2.33
shits	-2.87	1.95
wash	-2.86	1.24
spite	-2.86	2.15
rage	-2.83	1.96
hatred	-2.83	2.23
calling	-2.82	1.74
miserable	-2.78	2.68
moments	-2.77	1.95
carries	-2.76	2.85
poor	-2.76	2.29
stupid	-2.72	2.09
fatlogic	-2.72	2.56
complain	-2.71	2.06
avoided	-2.70	2.41
talked	-2.69	2.08
fucked	-2.69	2.02
sweaty	-2.68	1.43
pee	-2.66	1.03
retarded	-2.64	1.91
fortunately	-2.62	2.06
shame	-2.62	2.30
hypocritical	-2.60	1.72
insist	-2.60	2.40
ridiculous	-2.60	2.53
wipe	-2.59	1.06
unpleasant	-2.59	2.50
planet	-2.57	2.43
childish	-2.57	1.64
decisions	-2.55	2.24
made	-2.55	2.20
shower	-2.53	1.10
bitter	-2.51	1.50
clean	-2.51	1.21
cringe	-2.50	2.25
creepy	-2.49	2.41
experienced	-2.49	2.40
criticize	-2.49	2.41
nervous	-2.48	2.70
besides	-2.48	1.95
shamed	-2.46	2.64
selfish	-2.45	1.58
flavored	-2.43	1.44
stays	-2.43	2.62
uncomfortable	-2.42	2.80
poop	-2.40	1.03
asshole	-2.39	1.41
logic	-2.39	2.47
plain	-2.38	1.40
makes	-2.37	2.53
realised	-2.37	2.53
annoying	-2.36	2.54
bunch	-2.36	1.00
depressed	-2.36	2.93
enemy	-2.35	2.26
directed	-2.34	1.43
sorts	-2.34	1.13
hurts	-2.34	1.64
annoys	-2.33	2.24
impossible	-2.33	2.58
flavor	-2.32	1.33
justified	-2.32	2.26
scenario	-2.30	2.27
pointless	-2.30	2.60
defending	-2.30	2.42
lying	-2.29	2.40
entitled	-2.29	1.55
insecure	-2.29	2.71
tooth	-2.28	2.30
unfortunate	-2.28	2.57
brush	-2.28	1.19
obsessed	-2.28	2.45
embarrassing	-2.27	2.67
call	-2.27	2.42
assumes	-2.24	3.20
various	-2.23	1.12
preferred	-2.23	2.70
pathetic	-2.22	2.39
considers	-2.22	3.29
whiny	-2.22	1.42
ignorant	-2.21	1.56
artificial	-2.21	1.34
trash	-2.21	1.38
fault	-2.20	2.65
biased	-2.18	2.69
difficult	-2.18	2.66
smoke	-2.17	0.93
multiple	-2.17	1.17
talks	-2.16	3.21
described	-2.14	1.85
crappy	-2.14	2.27
assholes	-2.12	1.50
pig	-2.12	1.56
flesh	-2.11	1.10
aspartame	-2.10	1.09
heard	-2.10	2.40
idiotic	-2.08	1.60
horrifying	-2.08	2.72
boring	-2.08	2.81
known	-2.07	2.61
everywhere	-2.06	2.47
jerk	-2.05	1.28
goddamn	-2.05	2.23
cunt	-2.03	1.52
slob	-2.03	1.43
untrue	-2.03	2.61
voted	-2.02	2.71
bizarre	-2.02	2.65
those	-2.02	1.29
other	-2.01	1.22
afterwards	-2.01	1.92
scary	-2.01	2.77
lazy	-1.99	1.54
many	-1.96	1.27
narcissistic	-1.96	1.36
possibly	-1.95	2.28
downright	-1.95	1.64
smug	-1.94	1.52
comparing	-1.94	0.87
whale	-1.93	1.27
tons	-1.93	1.05
cleaning	-1.91	1.03
folds	-1.91	1.31
smallest	-1.90	3.55
desperate	-1.90	2.88
called	-1.89	0.83
grease	-1.88	1.11
raging	-1.87	1.25
frustrated	-1.87	3.08
shallow	-1.87	1.44
infuriating	-1.87	2.66
tears	-1.86	1.14
including	-1.86	1.06
attitude	-1.86	1.23
chronic	-1.84	1.47
unusual	-1.83	1.54
imagining	-1.83	2.08
idiots	-1.83	1.33
disturbing	-1.82	2.70
single	-1.82	3.04
plenty	-1.82	1.26
moron	-1.82	1.32
choices	-1.81	1.61
earth	-1.81	2.95
sexist	-1.80	1.54
refer	-1.80	2.48
deeply	-1.80	2.78
variety	-1.80	1.07
unfair	-1.79	1.59
bloated	-1.79	2.52
idiot	-1.79	1.32
numerous	-1.79	1.08
sore	-1.78	2.03
different	-1.78	1.07
excuses	-1.78	1.12
dozens	-1.78	1.07
exhausted	-1.78	2.30
fucks	-1.77	1.44
laugh	-1.77	2.51
attacking	-1.76	1.34
remembered	-1.76	1.09
lots	-1.75	1.04
insulting	-1.75	1.81
affecting	-1.75	1.38
feeling	-1.75	2.54
insult	-1.74	1.30
blows	-1.73	2.43
none	-1.72	2.19
noise	-1.72	1.55
sweeteners	-1.72	1.21
weak	-1.71	2.34
faers	-1.70	1.11
grass	-1.70	1.02
loud	-1.70	1.52
several	-1.69	1.10
pains	-1.69	1.57
complains	-1.69	3.53
bitch	-1.69	1.37
severe	-1.69	1.40
simply	-1.68	3.27
sack	-1.68	1.45
whining	-1.68	1.23
stressful	-1.67	2.21
worthless	-1.67	1.65
feel	-1.66	2.43
piece	-1.66	1.43
certain	-1.66	1.18
tired	-1.65	2.65
hurt	-1.65	1.41
racist	-1.65	1.13
arthritis	-1.65	1.41
greasy	-1.64	1.47
lard	-1.64	1.38
etc	-1.64	0.99
hfcs	-1.64	1.24
sweating	-1.63	1.07
loads	-1.63	0.98
tea	-1.63	1.27
fatigue	-1.62	1.32
delusional	-1.62	1.28
resort	-1.62	1.36
sink	-1.62	1.01
air	-1.61	1.04
frustrating	-1.61	3.00
openly	-1.61	1.27
embarrassed	-1.61	3.28
digestive	-1.60	1.04
deluded	-1.59	1.50
whatnot	-1.59	0.87
offensive	-1.57	2.05
beast	-1.57	1.25
bs	-1.57	1.18
narcissist	-1.56	1.13
calls	-1.56	3.87
tongue	-1.56	1.01
joints	-1.56	1.43
joint	-1.56	1.39
fatass	-1.55	1.33
racism	-1.55	0.96
insecurities	-1.54	1.16
piss	-1.54	1.18
their	-1.53	1.25
abnormal	-1.53	1.54
complicated	-1.53	2.80
asthma	-1.52	1.28
projecting	-1.52	1.36
rough	-1.51	2.09
starbucks	-1.51	1.12
screaming	-1.51	1.05
whine	-1.51	1.26
frankly	-1.50	1.85
goodness	-1.49	2.14
exclusively	-1.49	0.68
unlikely	-1.49	2.81
dry	-1.49	1.49
complaining	-1.48	1.18
utterly	-1.48	1.77
yell	-1.48	1.24
odd	-1.48	2.54
fact	-1.47	3.43
teenage	-1.47	1.43
defensive	-1.47	2.08
own	-1.47	1.20
insults	-1.46	1.40
disagreeing	-1.46	3.18
irrational	-1.45	1.22
some	-1.45	1.22
sight	-1.45	1.16
syrup	-1.45	1.14
consequence	-1.44	1.39
habits	-1.44	1.51
nerve	-1.44	1.22
kills	-1.44	1.16
ew	-1.43	1.63
useless	-1.42	1.64
cares	-1.42	3.66
unreasonable	-1.42	1.24
agreeing	-1.41	3.18
act	-1.41	1.19
hard	-1.41	2.70
stressed	-1.41	2.84
paranoid	-1.40	2.33
cry	-1.40	1.45
partly	-1.40	1.27
knee	-1.40	1.44
damaging	-1.40	1.35
apnea	-1.40	1.28
disabilities	-1.40	1.15
scream	-1.40	1.35
unattractive	-1.40	1.23
sort	-1.39	1.29
jokes	-1.39	1.52
judged	-1.38	1.56
horribly	-1.38	1.87
feels	-1.38	1.64
supposedly	-1.38	1.11
general	-1.37	1.23
incapable	-1.37	3.11
suffered	-1.36	1.05
sees	-1.36	4.06
morons	-1.36	1.24
balls	-1.36	1.06
ruined	-1.36	1.11
imo	-1.35	1.52
flu	-1.35	1.34
acting	-1.35	1.10
waste	-1.35	1.43
harder	-1.34	1.65
guilty	-1.34	2.59
teen	-1.34	1.28
allergies	-1.34	1.00
woke	-1.33	1.68
acid	-1.33	1.25
messed	-1.33	1.23
sound	-1.33	1.67
towards	-1.33	1.09
bite	-1.33	0.94
comparable	-1.33	1.32
fructose	-1.32	1.15
yellow	-1.32	1.20
injury	-1.32	1.34
thinks	-1.31	3.94
justify	-1.31	1.18
symptoms	-1.31	1.25
perceived	-1.30	0.96
sounds	-1.30	2.29
terrified	-1.30	3.16
make	-1.30	1.59
lies	-1.30	1.23
easier	-1.29	1.66
entitlement	-1.29	1.18
swear	-1.29	2.04
bored	-1.29	2.78
likes	-1.29	4.13
eats	-1.29	4.12
nowadays	-1.29	1.21
injuries	-1.28	1.33
ugly	-1.28	1.51
kind	-1.28	2.72
suffer	-1.28	1.24
planets	-1.28	0.96
bitching	-1.28	1.02
ill	-1.27	2.45
sick	-1.27	3.48
addictive	-1.27	1.06
nothing	-1.27	3.25
hamplanets	-1.27	1.14
damage	-1.27	1.25
attacked	-1.27	1.93
overwhelming	-1.27	1.40
knows	-1.26	3.96
pile	-1.26	0.98
bullshit	-1.26	1.30
backs	-1.26	1.35
tells	-1.26	3.96
jealousy	-1.25	1.44
surgeries	-1.25	1.25
lungs	-1.25	1.37
socially	-1.24	1.23
unhealthy	-1.24	1.63
pressure	-1.24	1.21
constant	-1.24	1.03
discomfort	-1.24	1.25
guilt	-1.23	1.67
kicked	-1.23	1.38
otherwise	-1.23	3.41
experiencing	-1.23	1.04
unfit	-1.23	2.52
substance	-1.23	1.09
allergy	-1.23	0.95
breath	-1.23	1.39
sleep	-1.23	1.29
cow	-1.23	1.58
zero	-1.22	1.16
conscious	-1.22	2.25
illnesses	-1.22	1.23
leaving	-1.22	1.20
pulled	-1.22	0.98
puts	-1.22	3.73
two	-1.21	1.05
existence	-1.21	1.53
breathing	-1.21	1.20
uncommon	-1.20	1.67
accused	-1.20	1.42
anger	-1.20	1.46
hormones	-1.19	1.13
sea	-1.19	1.08
decision	-1.19	1.41
liar	-1.19	1.30
chemical	-1.19	1.07
heavily	-1.19	1.34
dangerous	-1.19	1.77
personalities	-1.18	1.11
forum	-1.18	1.50
flavors	-1.18	1.51
fast	-1.18	1.27
lecture	-1.18	0.69
teachers	-1.18	0.95
actions	-1.18	1.21
nonsense	-1.18	1.16
dishes	-1.17	1.07
surprising	-1.17	2.94
ironic	-1.17	2.65
dramatic	-1.17	1.39
finds	-1.16	3.80
ton	-1.16	1.09
homeless	-1.16	1.14
making	-1.16	1.44
elementary	-1.16	0.88
angry	-1.16	3.43
sugary	-1.16	1.19
exists	-1.15	1.11
ms	-1.15	1.01
understands	-1.15	3.91
lifestyles	-1.15	1.65
delusions	-1.15	1.16
stress	-1.14	1.15
shoulder	-1.14	1.35
spine	-1.14	1.34
complete	-1.14	1.00
burst	-1.13	1.14
tumblrinas	-1.13	1.08
utter	-1.13	1.02
yelled	-1.13	1.45
compare	-1.13	1.01
negative	-1.13	1.18
obsessive	-1.13	1.64
nightmare	-1.13	2.40
unhappy	-1.12	3.56
damaged	-1.12	1.71
insecurity	-1.12	1.32
seen	-1.12	1.35
injured	-1.12	2.20
excuse	-1.11	1.23
depression	-1.11	1.41
misinformation	-1.11	1.16
narcissism	-1.11	1.16
esteem	-1.11	1.26
shocking	-1.11	2.89
prevalent	-1.11	1.68
false	-1.10	1.52
rare	-1.10	1.75
simple	-1.10	1.68
moment	-1.10	1.17
list	-1.09	1.04
discriminated	-1.09	1.25
raped	-1.09	1.24
problems	-1.09	1.21
invented	-1.08	0.76
caused	-1.08	1.23
skim	-1.08	1.08
task	-1.08	1.41
salt	-1.08	1.17
less	-1.08	1.66
butthurt	-1.08	1.89
types	-1.08	0.98
depressing	-1.07	2.99
procedure	-1.07	1.28
sour	-1.07	1.24
outright	-1.07	1.26
amusing	-1.07	2.97
toxic	-1.07	1.20
crime	-1.06	1.02
admits	-1.06	2.87
destroying	-1.06	1.19
feelings	-1.06	1.03
by	-1.05	1.87
destroy	-1.05	1.17
despite	-1.05	1.33
hundreds	-1.05	0.97
cancer	-1.05	0.97
process	-1.05	1.32
blatant	-1.05	1.23
behavior	-1.05	1.17
spouting	-1.04	1.03
mentally	-1.04	1.84
easy	-1.04	2.85
discrimination	-1.04	1.00
water	-1.04	1.20
blatantly	-1.04	1.33
strain	-1.04	1.03
sugar	-1.03	1.01
filled	-1.03	1.04
hambeasts	-1.03	0.98
fph	-1.03	1.33
struggles	-1.03	0.97
changed	-1.03	1.18
crying	-1.03	1.10
disgust	-1.02	1.61
extreme	-1.02	1.33
drama	-1.02	1.11
panic	-1.02	1.17
stuffed	-1.02	2.40
dumb	-1.02	1.78
mild	-1.02	1.15
commenting	-1.01	1.17
denial	-1.01	1.31
anxiety	-1.01	1.17
blob	-1.00	1.40
defend	-1.00	1.33
looks	-1.00	2.48
emotionally	-1.00	2.18
ignorance	-1.00	1.22
ugh	-1.00	2.34
full	-1.00	2.09
garbage	-1.00	1.10
abuse	-1.00	0.98
been	-1.00	1.43
terrifying	-1.00	3.00
envy	-1.00	1.23
fluid	-1.00	1.16
ham	-0.99	0.98
reactions	-0.99	1.24
realized	-0.99	1.26
viewed	-0.99	1.11
shitload	-0.99	1.06
yummy	-0.99	1.69
caffeine	-0.99	0.98
constantly	-0.98	2.06
believes	-0.98	3.61
three	-0.98	0.95
choice	-0.98	1.53
coffee	-0.98	1.07
held	-0.98	0.96
victim	-0.97	1.00
yelling	-0.97	1.21
stuff	-0.97	1.42
tear	-0.97	1.09
handful	-0.96	0.88
breathe	-0.96	1.07
toilet	-0.96	0.85
hypocrisy	-0.96	1.22
stigma	-0.96	1.02
delusion	-0.96	1.30
threads	-0.96	1.24
must	-0.95	2.64
being	-0.95	1.45
bipolar	-0.95	1.37
endless	-0.95	1.11
contain	-0.95	1.06
parenting	-0.95	0.86
uneducated	-0.95	1.50
apart	-0.95	1.03
shitting	-0.94	0.87
destroyed	-0.94	1.22
than	-0.94	1.56
immune	-0.94	1.11
counted	-0.94	0.96
exposed	-0.94	0.95
winded	-0.93	1.89
contains	-0.93	1.04
disgusted	-0.93	2.71
syndrome	-0.93	1.10
absorb	-0.93	1.21
favourite	-0.93	3.04
attitudes	-0.93	1.07
gotten	-0.93	1.08
claimed	-0.93	0.87
comes	-0.92	1.06
slightest	-0.92	1.10
mentality	-0.92	1.11
situations	-0.92	1.33
land	-0.92	0.96
vice	-0.92	0.79
lately	-0.92	0.81
kinda	-0.92	2.69
assault	-0.91	1.00
affected	-0.91	1.15
across	-0.91	1.67
itself	-0.91	1.59
re	-0.91	3.61
emotions	-0.91	1.06
stuck	-0.91	1.56
unless	-0.91	3.57
chemistry	-0.90	0.82
discuss	-0.90	1.00
victims	-0.90	0.87
project	-0.90	1.01
threw	-0.90	0.77
admittedly	-0.90	1.09
dealt	-0.89	0.99
ignored	-0.89	1.42
bastard	-0.89	1.32
talk	-0.89	1.36
successfully	-0.89	1.36
repeat	-0.89	1.29
met	-0.89	1.14
alter	-0.89	1.00
insulted	-0.89	2.17
found	-0.89	0.89
intentionally	-0.89	1.61
twisted	-0.88	1.03
jealous	-0.88	1.76
colors	-0.88	1.43
violence	-0.88	0.98
knees	-0.88	1.25
fear	-0.88	2.03
cheaper	-0.88	1.31
substitute	-0.88	1.15
iced	-0.87	1.07
discussed	-0.87	1.06
claiming	-0.87	1.42
con	-0.87	1.25
vanity	-0.87	1.32
means	-0.87	3.57
and/or	-0.87	1.09
hurting	-0.87	1.35
conditions	-0.87	1.12
therefore	-0.86	1.50
encountered	-0.86	1.42
digest	-0.86	1.16
struggling	-0.86	1.20
sedentary	-0.86	1.73
brainwashed	-0.86	1.09
blaming	-0.86	1.12
object	-0.85	1.24
dedicated	-0.85	1.13
longer	-0.85	1.67
blew	-0.85	1.19
oppressed	-0.85	1.32
sweet	-0.85	1.59
include	-0.85	0.97
touching	-0.84	0.98
whales	-0.84	1.11
disease	-0.84	1.08
blind	-0.84	1.16
dying	-0.84	1.43
disappointed	-0.84	3.11
justification	-0.84	1.14
cheating	-0.83	1.12
behaviour	-0.83	1.16
deep	-0.82	1.15
released	-0.82	1.30
vary	-0.82	1.07
hypertension	-0.82	1.07
wound	-0.82	1.05
practically	-0.82	1.06
combination	-0.82	1.07
moon	-0.82	1.00
admitted	-0.82	1.31
milk	-0.82	1.05
speech	-0.81	1.29
pcos	-0.81	1.14
unlike	-0.81	0.88
skewed	-0.81	1.20
due	-0.81	1.12
monster	-0.81	1.44
dump	-0.81	1.21
forbid	-0.81	1.01
shakes	-0.81	0.97
discussing	-0.81	0.94
belongs	-0.80	1.18
ankles	-0.80	1.31
changing	-0.80	1.20
rejected	-0.80	1.08
reddit	-0.80	1.22
facts	-0.80	1.34
asks	-0.80	2.99
vanilla	-0.80	1.02
judgement	-0.80	1.04
ve	-0.80	1.33
showed	-0.80	1.08
ears	-0.79	1.05
dicks	-0.79	1.25
r/fatlogic	-0.79	1.36
says	-0.79	2.96
judge	-0.79	1.25
encounter	-0.79	1.20
replaced	-0.79	1.01
shooting	-0.79	1.04
here	-0.79	1.39
involved	-0.79	1.41
sensitivity	-0.79	1.02
subs	-0.78	1.35
flip	-0.78	0.90
whore	-0.78	1.26
sub	-0.78	1.36
becoming	-0.78	1.43
fell	-0.78	1.08
sides	-0.78	1.37
fas	-0.78	1.19
tied	-0.78	0.97
oppression	-0.78	1.05
malnutrition	-0.78	1.17
hardest	-0.78	3.71
subreddit	-0.78	1.36
vagina	-0.78	1.00
banned	-0.77	1.30
responsible	-0.77	1.52
mindset	-0.77	1.05
mentions	-0.77	2.45
illness	-0.77	1.13
follows	-0.77	2.87
genetics	-0.77	1.37
absorbed	-0.76	0.98
whose	-0.76	0.95
few	-0.76	0.93
abusive	-0.76	1.16
couple	-0.76	0.93
fatter	-0.76	1.67
struggle	-0.76	1.43
assumptions	-0.76	1.23
complaints	-0.76	1.03
better	-0.76	1.77
stupidity	-0.76	1.41
addicted	-0.76	0.95
gas	-0.76	0.96
commented	-0.76	1.14
attacks	-0.76	1.17
pure	-0.76	1.18
2-3	-0.76	0.93
fatpeoplehate	-0.75	1.36
flawed	-0.75	1.79
prone	-0.75	1.51
classes	-0.75	0.89
cases	-0.75	1.28
look	-0.75	1.42
fucking	-0.75	2.10
thoughts	-0.75	1.08
murder	-0.75	1.01
four	-0.75	0.93
rush	-0.75	1.73
staring	-0.75	1.03
affect	-0.75	1.09
smokers	-0.74	0.93
secretly	-0.74	3.25
readily	-0.74	1.04
toes	-0.74	1.00
serves	-0.74	0.98
eight	-0.74	0.93
dozen	-0.74	0.85
4-5	-0.74	0.92
thus	-0.74	1.17
turns	-0.74	1.32
touch	-0.73	1.07
listed	-0.73	1.24
diseases	-0.73	1.09
blamed	-0.73	1.11
childhood	-0.73	0.94
condishun	-0.73	1.21
reverse	-0.73	1.13
silly	-0.73	2.73
causes	-0.73	1.12
diabetes	-0.73	1.05
release	-0.73	1.16
heal	-0.73	1.20
react	-0.72	1.38
slightly	-0.72	1.54
1-2	-0.72	0.92
six	-0.72	0.93
dietary	-0.72	1.11
rape	-0.72	1.02
throat	-0.72	1.10
lung	-0.72	1.00
dare	-0.72	1.21
myth	-0.72	1.31
greek	-0.72	0.99
spreading	-0.72	1.06
messages	-0.71	1.37
thinner	-0.71	1.62
onto	-0.71	1.02
smoking	-0.71	0.93
sodas	-0.71	0.98
drives	-0.71	1.35
counter	-0.71	1.29
fetish	-0.71	1.09
proven	-0.71	1.20
laziness	-0.71	1.06
r/fatpeoplehate	-0.71	1.36
eaten	-0.71	1.30
disabled	-0.71	1.33
shy	-0.71	2.09
highly	-0.70	1.25
easiest	-0.70	3.55
suggests	-0.70	2.43
sounded	-0.70	1.40
faced	-0.70	1.00
express	-0.70	1.09
problematic	-0.70	1.54
habit	-0.70	1.03
relate	-0.70	1.44
checked	-0.70	0.79
pump	-0.70	1.02
attached	-0.70	1.11
extremes	-0.70	1.12
five	-0.70	0.93
bull	-0.69	1.29
rolling	-0.69	1.00
blow	-0.69	1.06
bulk	-0.69	1.06
soul	-0.69	1.33
cigarette	-0.69	0.92
shaming	-0.69	1.21
lot	-0.69	1.56
occur	-0.68	1.13
ruin	-0.68	1.17
kidney	-0.68	1.05
gut	-0.68	1.45
exception	-0.68	1.21
insanity	-0.68	1.26
ie	-0.68	0.84
quitting	-0.68	0.93
remains	-0.68	1.07
unnecessary	-0.68	1.28
among	-0.68	1.20
quality	-0.68	1.24
yogurt	-0.68	0.97
cause	-0.67	1.13
science	-0.67	1.26
behaviors	-0.67	1.15
bend	-0.67	1.17
related	-0.67	1.12
thousands	-0.67	0.94
alcohol	-0.67	0.94
hypothyroidism	-0.67	1.09
unaware	-0.67	1.70
belong	-0.67	1.24
common	-0.67	1.56
3-4	-0.67	0.93
nut	-0.66	0.91
expensive	-0.66	1.59
posts	-0.66	1.17
fatlogicians	-0.66	1.17
essentially	-0.66	1.25
addictions	-0.66	0.98
drops	-0.66	0.98
becomes	-0.66	1.23
mildly	-0.66	2.00
powder	-0.66	1.00
crack	-0.66	0.95
massively	-0.66	1.34
external	-0.66	1.06
downvoting	-0.66	1.56
cigarettes	-0.66	0.91
each	-0.66	2.03
avoid	-0.66	1.02
lead	-0.66	1.14
canned	-0.66	1.09
amazed	-0.65	3.06
deal	-0.65	1.27
referred	-0.65	1.02
punch	-0.65	1.09
ever	-0.65	3.39
trauma	-0.65	1.09
includes	-0.65	1.19
saw	-0.65	0.91
affects	-0.65	0.95
seems	-0.64	1.86
fat-shaming	-0.64	1.18
sometimes	-0.64	1.75
efficient	-0.64	1.49
condition	-0.64	1.11
learned	-0.64	0.85
reaction	-0.64	1.08
environment	-0.64	1.03
mental	-0.64	1.12
absurd	-0.64	2.70
broken	-0.64	1.18
there	-0.64	3.19
circumstances	-0.64	1.32
creating	-0.64	1.04
personality	-0.64	1.09
tested	-0.64	0.93
hunger	-0.64	1.68
addiction	-0.64	0.98
meth	-0.64	0.95
suggesting	-0.63	1.58
pushed	-0.63	1.05
leads	-0.63	1.33
demanding	-0.63	1.02
students	-0.63	0.88
severely	-0.63	1.69
hams	-0.63	0.93
corn	-0.63	0.97
has	-0.63	2.18
fps	-0.63	1.27
hamplanet	-0.63	0.90
issues	-0.62	1.13
3	-0.62	0.91
dissonance	-0.62	1.60
effects	-0.62	1.04
from	-0.62	1.24
smoker	-0.62	0.92
regret	-0.62	1.33
listened	-0.62	0.93
oppressing	-0.62	1.12
class	-0.62	0.90
removing	-0.61	0.94
heart	-0.61	1.05
rather	-0.61	1.59
neither	-0.61	1.10
typical	-0.61	0.99
alcoholics	-0.61	0.95
fired	-0.61	1.59
grossly	-0.61	1.38
ankle	-0.61	1.22
against	-0.61	1.05
2	-0.61	0.91
hair	-0.61	1.37
discouraged	-0.60	2.49
gets	-0.60	2.56
regularly	-0.60	1.35
blame	-0.60	1.24
pays	-0.60	2.46
belief	-0.60	1.26
commit	-0.60	1.09
poison	-0.60	1.07
threatening	-0.60	0.89
fattest	-0.60	4.31
deliberately	-0.60	1.44
more	-0.60	1.73
host	-0.60	0.96
dressed	-0.60	1.19
weed	-0.60	0.91
publicly	-0.60	1.16
grade	-0.60	0.85
weather	-0.60	1.31
values	-0.60	0.99
automatically	-0.60	1.51
mentioning	-0.60	1.04
clearly	-0.59	2.32
fatties	-0.59	1.11
broke	-0.59	0.97
catch	-0.59	1.13
extremely	-0.59	1.48
describes	-0.59	1.32
diagnosed	-0.59	1.07
teacher	-0.59	0.86
applies	-0.59	1.27
flour	-0.59	0.98
most	-0.59	3.35
arguing	-0.59	1.98
decides	-0.59	3.15
saturated	-0.59	1.00
taken	-0.59	0.95
teach	-0.59	0.86
reject	-0.59	1.09
complications	-0.58	1.07
an	-0.58	1.01
mood	-0.58	1.29
accounts	-0.58	1.13
4	-0.58	0.90
allergic	-0.58	1.03
hands	-0.58	1.02
eyes	-0.58	1.16
evil	-0.58	1.10
shoe	-0.58	0.95
liver	-0.58	1.03
drain	-0.58	0.91
thyroid	-0.58	1.08
cholesterol	-0.58	1.01
patterns	-0.58	1.09
minority	-0.57	0.97
perfect	-0.57	2.41
opposed	-0.57	1.04
occurred	-0.57	1.26
play	-0.57	1.07
slice	-0.57	0.94
dream	-0.57	1.03
prior	-0.57	1.12
become	-0.57	1.49
whatsoever	-0.57	1.13
throughout	-0.57	1.13
ballet	-0.57	0.90
soy	-0.57	0.95
picture	-0.56	1.17
practices	-0.56	1.20
6	-0.56	0.90
never	-0.56	1.40
kick	-0.56	1.03
picked	-0.56	3.31
stroke	-0.56	1.04
refined	-0.56	0.94
fewer	-0.56	1.33
instructor	-0.56	0.81
harm	-0.56	1.10
5	-0.56	0.91
beliefs	-0.56	1.07
much	-0.56	1.84
stating	-0.56	1.98
replacing	-0.56	0.93
literally	-0.56	1.36
lemon	-0.56	1.06
food	-0.56	1.09
addicts	-0.56	0.97
voice	-0.56	1.39
processed	-0.55	0.92
disorders	-0.55	1.12
1.5	-0.55	0.89
discovered	-0.55	1.21
7	-0.55	0.90
frequently	-0.55	1.37
struggled	-0.55	1.09
remaining	-0.55	1.14
realizes	-0.55	3.04
tattoos	-0.55	1.27
meh	-0.55	1.48
serving	-0.55	0.97
bathroom	-0.55	0.89
cottage	-0.55	1.15
claim	-0.55	1.56
sarcastic	-0.55	1.68
maintained	-0.54	1.06
posting	-0.54	1.08
bits	-0.54	1.10
symptom	-0.54	1.09
jumping	-0.54	0.99
existing	-0.54	1.14
minds	-0.54	1.16
disorder	-0.54	1.11
cup	-0.54	0.94
tree	-0.54	0.88
peoples	-0.54	1.15
seven	-0.54	0.93
teenager	-0.54	1.03
strangers	-0.54	1.27
perceive	-0.54	1.15
readers	-0.54	0.90
believing	-0.54	1.26
result	-0.54	1.11
abused	-0.53	1.24
teenagers	-0.53	1.04
offended	-0.53	3.11
drug	-0.53	0.97
offense	-0.53	1.40
established	-0.53	0.91
exceptions	-0.53	1.15
tolerate	-0.53	1.20
ages	-0.53	1.02
drinks	-0.53	1.02
tub	-0.53	1.09
saying	-0.53	3.45
bit	-0.53	1.74
challenging	-0.53	1.96
drink	-0.53	1.02
pink	-0.53	1.27
exercised	-0.53	1.04
truth	-0.53	1.68
chance	-0.52	1.16
alcoholism	-0.52	0.99
garlic	-0.52	1.01
largest	-0.52	4.27
bc	-0.52	1.47
fatness	-0.52	1.10
switch	-0.52	1.04
spends	-0.52	2.09
organic	-0.52	0.99
mostly	-0.51	1.13
solely	-0.51	1.06
conversations	-0.51	1.21
addict	-0.51	0.97
likely	-0.51	1.66
comparison	-0.51	1.28
creates	-0.51	1.00
exist	-0.51	1.46
subreddits	-0.51	1.22
r/fatpeoplestories	-0.51	1.32
crap	-0.51	1.26
telling	-0.51	1.67
identical	-0.51	0.91
booze	-0.51	0.94
faster	-0.51	1.36
gluttony	-0.50	1.14
oatmeal	-0.50	0.95
pepper	-0.50	1.00
one	-0.50	3.46
almond	-0.50	0.95
diabetics	-0.50	1.29
horror	-0.50	1.17
throw	-0.50	1.14
forward	-0.50	1.09
organs	-0.50	1.15
processes	-0.50	1.02
physically	-0.50	1.76
killer	-0.50	1.04
often	-0.50	1.69
obesity	-0.50	1.06
complaint	-0.50	0.87
ends	-0.50	1.15
waking	-0.50	1.74
disordered	-0.50	1.11
healthier	-0.49	1.70
products	-0.49	0.99
denying	-0.49	1.29
type	-0.49	1.11
closest	-0.49	4.05
bitches	-0.49	1.13
overeating	-0.49	1.16
ten	-0.49	0.92
avoiding	-0.49	1.02
mixed	-0.49	0.98
opinions	-0.49	1.05
equally	-0.49	1.27
thankfully	-0.48	1.02
personal	-0.48	1.01
responsibility	-0.48	1.27
posters	-0.48	1.13
significantly	-0.48	1.34
beyond	-0.48	1.84
hormone	-0.48	1.15
atl	-0.48	0.94
drugs	-0.48	0.97
thermodynamics	-0.48	1.08
dreams	-0.48	1.07
soda	-0.48	1.01
quicker	-0.48	1.44
internal	-0.48	0.99
statistically	-0.48	1.58
natural	-0.48	1.08
absolute	-0.48	3.65
arguments	-0.48	1.29
irl	-0.48	1.00
1/2	-0.48	0.87
metabolisms	-0.47	1.33
assure	-0.47	1.54
aids	-0.47	1.15
contribute	-0.47	1.13
ridiculously	-0.47	1.55
leading	-0.47	1.06
users	-0.47	1.11
incredibly	-0.47	1.59
statements	-0.47	1.37
preference	-0.47	0.81
factors	-0.47	1.38
obsession	-0.47	1.02
except	-0.47	1.52
heroin	-0.47	0.97
tends	-0.47	1.15
combined	-0.47	0.98
caught	-0.47	1.10
rule	-0.47	1.01
defense	-0.47	1.10
priority	-0.47	1.17
coconut	-0.47	0.95
unique	-0.47	1.12
had	-0.47	1.24
sudden	-0.46	1.12
resulting	-0.46	1.09
salty	-0.46	1.30
load	-0.46	0.98
function	-0.46	1.17
attack	-0.46	1.00
moral	-0.46	1.09
butter	-0.46	1.00
consume	-0.46	1.58
self-esteem	-0.46	1.19
adds	-0.46	1.14
manner	-0.46	1.34
glucose	-0.46	1.02
cultures	-0.46	1.04
supported	-0.46	1.21
sugars	-0.46	0.98
healthiest	-0.46	4.04
gap	-0.46	0.93
mere	-0.46	1.37
rules	-0.46	1.00
however	-0.46	3.69
begins	-0.46	1.10
bp	-0.46	1.01
asses	-0.45	1.33
hear	-0.45	1.55
mg	-0.45	1.27
hormonal	-0.45	1.18
method	-0.45	1.11
1/4	-0.45	0.90
influence	-0.45	1.05
enjoyable	-0.45	1.56
nose	-0.45	1.13
crushed	-0.45	0.94
poverty	-0.45	1.03
consequences	-0.45	1.31
both	-0.45	1.02
overly	-0.45	1.58
rid	-0.45	1.16
green	-0.45	1.10
wildly	-0.45	1.16
nation	-0.45	2.53
confusion	-0.45	1.43
ideas	-0.45	1.10
shave	-0.45	1.14
causing	-0.45	1.08
shown	-0.45	0.97
farm	-0.44	0.97
goes	-0.44	2.17
thousand	-0.44	0.98
views	-0.44	1.19
genetic	-0.44	1.10
absolutely	-0.44	2.65
drinking	-0.44	1.01
fork	-0.44	0.99
fatshaming	-0.44	1.26
juice	-0.44	1.03
mini	-0.44	0.87
random	-0.43	1.28
functions	-0.43	1.12
balloon	-0.43	1.04
cups	-0.43	0.93
drank	-0.43	1.00
ways	-0.43	1.22
explained	-0.43	0.92
games	-0.43	1.04
r/keto	-0.43	1.27
gone	-0.43	1.19
ban	-0.43	1.14
deadly	-0.43	1.04
biggest	-0.43	3.90
universal	-0.43	1.23
boot	-0.43	1.06
contributing	-0.43	1.08
impact	-0.43	1.16
runs	-0.43	2.54
instead	-0.43	1.77
8	-0.43	0.89
ptsd	-0.43	1.11
smoothie	-0.43	0.93
coke	-0.43	0.99
burden	-0.42	0.97
half	-0.42	1.20
ease	-0.42	1.14
enabling	-0.42	1.01
wheat	-0.42	0.88
inherently	-0.42	1.16
brought	-0.42	1.08
9	-0.42	0.89
presence	-0.42	1.16
oil	-0.42	1.02
told	-0.42	1.34
alcoholic	-0.42	0.96
twenty	-0.42	0.93
blown	-0.42	1.27
gluten	-0.42	0.89
passing	-0.42	0.98
misleading	-0.41	1.61
coping	-0.41	1.04
carbs	-0.41	1.02
mods	-0.41	1.16
risk	-0.41	1.07
hundred	-0.41	0.98
medications	-0.41	1.06
er	-0.41	1.00
carry	-0.41	1.05
excessive	-0.41	1.08
gravity	-0.40	0.88
style	-0.40	1.34
recall	-0.40	0.83
drown	-0.40	1.03
complex	-0.40	1.38
appearance	-0.40	1.08
mouths	-0.40	1.04
seeds	-0.40	0.93
completely	-0.40	1.71
sticks	-0.40	0.91
awareness	-0.40	1.03
pretending	-0.40	1.53
dealing	-0.40	1.07
nicer	-0.40	3.28
gun	-0.40	0.93
ate	-0.40	1.40
deeper	-0.40	1.19
toss	-0.39	0.94
switched	-0.39	0.94
quit	-0.39	1.11
existed	-0.39	1.10
partially	-0.39	1.27
consuming	-0.39	1.53
malnourished	-0.39	1.37
self	-0.39	1.14
appetite	-0.39	1.11
meds	-0.39	1.07
societal	-0.39	1.05
inaccurate	-0.39	1.76
loses	-0.39	2.90
honey	-0.39	0.98
part	-0.39	3.34
system	-0.39	0.94
dairy	-0.38	0.91
2.5	-0.38	0.88
ad	-0.38	1.02
perform	-0.38	1.37
destructive	-0.38	1.11
grad	-0.38	0.99
premise	-0.38	1.74
around	-0.38	1.13
backwards	-0.38	1.10
seemed	-0.38	1.54
example	-0.38	1.22
ii	-0.38	1.06
upon	-0.38	1.13
propaganda	-0.38	0.98
seeing	-0.38	1.24
avocado	-0.38	0.93
theory	-0.38	1.03
ego	-0.38	0.95
seeking	-0.38	1.13
entirely	-0.38	1.81
plate	-0.38	0.89
organ	-0.38	1.02
diagnosis	-0.37	1.08
blood	-0.37	0.99
mirror	-0.37	1.08
storage	-0.37	1.10
bias	-0.37	1.18
noticed	-0.37	1.15
develop	-0.37	1.05
biological	-0.37	1.23
depends	-0.37	1.31
imagined	-0.37	1.17
board	-0.37	1.01
vote	-0.37	1.27
princess	-0.37	0.90
nobody	-0.37	2.40
game	-0.37	1.01
turn	-0.37	1.28
bring	-0.37	1.30
switching	-0.37	0.97
buys	-0.37	3.78
equate	-0.37	1.10
bare	-0.36	1.32
tend	-0.36	1.24
ball	-0.36	0.90
accident	-0.36	1.13
carbohydrates	-0.36	0.97
disappear	-0.36	1.12
insulin	-0.36	1.13
reasons	-0.36	1.41
tone	-0.36	1.54
mix	-0.36	0.92
testosterone	-0.36	1.08
risks	-0.36	1.09
medication	-0.35	1.08
actual	-0.35	1.16
fats	-0.35	0.95
connected	-0.35	1.80
chooses	-0.35	2.73
oppressive	-0.35	1.19
opened	-0.35	0.88
torture	-0.35	0.94
whereas	-0.35	0.96
correlated	-0.35	1.05
quantities	-0.35	1.02
oxygen	-0.35	1.06
necessarily	-0.35	1.74
inevitable	-0.35	1.09
spinach	-0.35	0.94
stranger	-0.35	1.14
badly	-0.35	1.30
alot	-0.35	1.02
downvoted	-0.34	1.57
needs	-0.34	2.54
resistance	-0.34	1.11
proves	-0.34	1.24
areas	-0.34	1.16
twist	-0.34	1.21
sentiment	-0.34	1.60
screwed	-0.34	1.19
getting	-0.34	1.44
legitimately	-0.34	1.49
suddenly	-0.34	1.36
stronger	-0.34	1.64
nail	-0.34	1.12
lied	-0.34	1.49
tuna	-0.33	1.00
curious	-0.33	2.96
terribly	-0.33	1.78
positions	-0.33	1.32
sake	-0.33	1.58
harmful	-0.33	1.07
who	-0.33	2.03
replacement	-0.33	1.00
sodium	-0.33	0.98
cope	-0.33	1.19
cabbage	-0.33	0.99
taught	-0.33	0.93
cherry	-0.33	0.95
tablespoon	-0.33	0.94
compared	-0.33	1.08
metabolism	-0.33	1.10
altogether	-0.33	0.97
annoyed	-0.32	2.62
rides	-0.32	1.28
brown	-0.32	1.04
wall	-0.32	0.92
bags	-0.32	0.93
folks	-0.32	0.93
loaded	-0.32	0.93
ounce	-0.32	0.96
associated	-0.32	1.04
jumped	-0.32	1.12
lifestyle	-0.32	1.41
perception	-0.32	1.12
production	-0.32	1.05
tube	-0.32	0.95
1	-0.32	0.92
war	-0.32	0.95
bingo	-0.32	0.94
number	-0.32	0.99
generally	-0.32	1.25
amounts	-0.32	1.04
considering	-0.32	2.15
hand	-0.32	1.21
whom	-0.31	0.85
shot	-0.31	1.01
leaves	-0.31	1.60
1/3	-0.31	1.31
school	-0.31	0.79
received	-0.31	1.22
mayo	-0.31	0.97
majority	-0.31	1.37
tried	-0.31	1.29
primarily	-0.31	1.06
bottles	-0.31	0.98
bright	-0.31	1.38
posted	-0.31	0.90
mouth	-0.31	1.00
10	-0.31	0.90
neck	-0.31	1.30
remain	-0.31	1.31
meme	-0.31	1.09
psychological	-0.31	1.12
pictures	-0.31	1.08
forth	-0.31	1.03
led	-0.31	1.25
according	-0.31	1.47
million	-0.31	1.05
plant	-0.31	0.92
thrown	-0.31	0.90
olive	-0.30	1.03
regulate	-0.30	1.08
12	-0.30	0.89
cognitive	-0.30	1.38
bulking	-0.30	1.26
throwing	-0.30	0.99
wrist	-0.30	1.09
differences	-0.30	1.24
stay	-0.30	1.34
turned	-0.30	1.09
improved	-0.30	1.23
names	-0.30	1.22
understood	-0.30	1.09
borderline	-0.30	1.30
varies	-0.30	1.03
christ	-0.30	2.27
red	-0.30	1.14
scare	-0.29	1.51
claims	-0.29	1.22
stuffing	-0.29	1.04
tomatoes	-0.29	0.94
experts	-0.29	0.99
eds	-0.29	1.11
proved	-0.29	1.05
nuts	-0.29	0.92
placed	-0.29	0.89
stick	-0.29	1.09
suggested	-0.29	1.00
photos	-0.29	1.10
conspiracy	-0.29	0.92
schools	-0.29	0.77
attempt	-0.29	1.50
elsewhere	-0.29	1.03
kill	-0.29	1.22
virtually	-0.29	1.29
brain	-0.28	1.16
adding	-0.28	1.03
chances	-0.28	1.08
forces	-0.28	1.16
teaching	-0.28	0.91
feet	-0.28	1.09
glance	-0.28	1.23
outliers	-0.28	1.10
determined	-0.28	1.23
done	-0.28	1.41
mod	-0.28	1.12
unable	-0.28	1.67
hugely	-0.28	1.39
compensate	-0.28	1.05
plates	-0.28	0.89
gallon	-0.28	0.93
emphasis	-0.28	0.92
kitchen	-0.28	0.95
convincing	-0.27	1.21
strawberries	-0.27	0.93
spectrum	-0.27	1.18
possibility	-0.27	1.21
total	-0.27	0.89
slower	-0.27	1.18
tests	-0.27	0.97
memory	-0.27	1.02
spoon	-0.27	0.91
killed	-0.27	1.27
aesthetic	-0.27	1.05
assumption	-0.27	1.36
nowhere	-0.27	1.15
eat	-0.27	1.57
whenever	-0.27	1.61
arbitrary	-0.27	1.31
shock	-0.27	1.64
appeal	-0.27	1.13
shove	-0.27	0.98
associate	-0.27	1.11
bloody	-0.27	1.28
vodka	-0.27	0.96
pieces	-0.27	0.94
break	-0.27	1.05
systems	-0.26	1.02
applied	-0.26	1.07
difficulty	-0.26	1.44
facing	-0.26	0.97
discussions	-0.26	1.08
pattern	-0.26	1.03
nine	-0.26	1.03
cola	-0.26	0.97
suspect	-0.26	1.20
metabolic	-0.26	1.06
reasoning	-0.26	1.24
ignoring	-0.26	1.40
cells	-0.26	1.09
stare	-0.26	1.44
indicates	-0.26	1.18
salmon	-0.26	0.95
liter	-0.26	0.98
bowl	-0.26	0.90
anorexia	-0.26	1.11
container	-0.26	0.88
donut	-0.26	0.88
reality	-0.26	1.43
slide	-0.26	1.06
screw	-0.26	0.97
bottle	-0.26	1.00
onion	-0.26	0.84
consumed	-0.26	0.91
high	-0.25	0.95
nervosa	-0.25	1.11
agree	-0.25	3.72
sample	-0.25	1.16
sausage	-0.25	1.03
define	-0.25	1.10
appear	-0.25	1.43
conform	-0.25	1.07
reached	-0.25	0.98
item	-0.25	1.26
binging	-0.25	1.06
same	-0.25	1.79
relapse	-0.25	1.03
prime	-0.25	1.01
physics	-0.25	1.03
implying	-0.25	1.36
packs	-0.25	0.88
shoot	-0.25	0.98
court	-0.25	1.16
psychology	-0.25	0.89
forms	-0.25	0.93
junior	-0.25	0.81
vegetable	-0.25	0.96
cold	-0.25	1.48
bananas	-0.25	0.93
orange	-0.24	1.05
grain	-0.24	0.91
effect	-0.24	1.22
internet	-0.24	0.95
fish	-0.24	0.95
urban	-0.24	0.93
celery	-0.24	0.90
grapes	-0.24	0.98
signals	-0.24	1.14
teens	-0.24	0.98
inability	-0.24	1.51
retention	-0.24	1.11
fire	-0.24	0.96
meaningless	-0.24	1.79
persons	-0.24	1.03
noodles	-0.24	0.96
correlation	-0.24	1.45
crabs	-0.24	1.28
cans	-0.24	0.94
cinnamon	-0.24	1.00
boys	-0.24	1.00
deny	-0.24	1.43
hat	-0.24	1.00
difference	-0.24	1.59
wild	-0.24	1.03
pizzas	-0.23	1.06
developing	-0.23	1.15
onions	-0.23	0.96
kale	-0.23	0.92
demand	-0.23	0.94
shorter	-0.23	1.36
biology	-0.23	0.91
aspect	-0.23	1.47
beer	-0.23	0.94
skinnier	-0.23	1.57
surgery	-0.23	1.02
factor	-0.23	1.54
signs	-0.23	1.08
quiet	-0.23	1.45
exchange	-0.23	1.23
prevent	-0.23	1.33
asked	-0.23	1.31
misunderstood	-0.23	3.32
brings	-0.23	1.95
hidden	-0.23	1.10
makeup	-0.23	1.32
growth	-0.23	1.02
typically	-0.23	1.12
almonds	-0.23	0.90
cheetos	-0.23	0.92
particular	-0.23	1.48
sidebar	-0.23	1.16
fruit	-0.23	0.93
dance	-0.22	0.90
produced	-0.22	1.05
mobility	-0.22	1.03
clinical	-0.22	1.02
dependent	-0.22	1.22
miracle	-0.22	1.06
circles	-0.22	1.06
black	-0.22	0.95
jump	-0.22	1.18
pissed	-0.22	2.54
usually	-0.22	1.22
else	-0.22	2.33
color	-0.22	1.15
laughing	-0.22	1.57
remotely	-0.22	1.36
somewhat	-0.22	1.62
shaunta	-0.22	1.10
carrot	-0.22	0.90
pie	-0.22	1.33
thirty	-0.22	0.97
experience	-0.22	1.31
apartment	-0.22	0.86
foot	-0.22	1.10
purposes	-0.22	1.03
hide	-0.22	1.09
imaginary	-0.22	1.05
evolution	-0.21	0.92
flab	-0.21	1.48
raw	-0.21	0.94
toast	-0.21	0.99
stopping	-0.21	1.32
shopping	-0.21	0.94
breaking	-0.21	0.98
fupa	-0.21	1.40
anorexics	-0.21	1.09
shoving	-0.21	0.93
dew	-0.21	0.93
smoked	-0.21	0.87
acknowledge	-0.21	1.66
junk	-0.21	1.12
put	-0.21	1.31
grains	-0.21	0.93
everyone	-0.21	2.19
begging	-0.21	1.19
dancing	-0.21	0.91
lie	-0.21	1.76
bulimia	-0.21	1.07
value	-0.20	0.95
mortality	-0.20	1.06
judging	-0.20	1.17
arts	-0.20	0.82
adipose	-0.20	1.10
college	-0.20	0.80
adorable	-0.20	3.04
causation	-0.20	1.51
fight	-0.20	1.04
anecdotal	-0.20	1.61
side	-0.20	0.98
removed	-0.20	1.12
levels	-0.20	1.04
cut	-0.20	0.94
initially	-0.20	1.13
die	-0.20	1.15
popular	-0.20	1.25
feature	-0.20	1.19
taller	-0.20	1.34
putting	-0.20	1.17
apples	-0.20	0.93
argue	-0.20	1.96
carrots	-0.20	0.91
intense	-0.20	1.29
individual	-0.20	1.03
gives	-0.20	1.14
evidence	-0.20	1.44
binge	-0.20	1.08
disability	-0.20	1.02
mechanism	-0.20	1.08
picky	-0.20	2.35
mode	-0.19	0.99
drastically	-0.19	1.14
eggs	-0.19	0.98
directly	-0.19	1.19
twice	-0.19	1.00
listen	-0.19	1.35
component	-0.19	1.32
town	-0.19	1.32
mentioned	-0.19	0.96
fallacy	-0.19	1.23
whole	-0.19	1.64
ranch	-0.19	1.02
potatoes	-0.19	1.07
composition	-0.19	1.06
blue	-0.19	1.09
slices	-0.19	0.90
pity	-0.19	1.23
works	-0.19	2.05
camp	-0.19	1.02
mashed	-0.19	1.04
bread	-0.19	0.91
handicapped	-0.19	1.23
public	-0.19	0.87
falling	-0.19	1.07
listening	-0.19	1.08
campaign	-0.19	0.95
emotional	-0.19	1.30
problem	-0.19	1.86
dose	-0.19	1.00
taxes	-0.19	0.87
ed	-0.19	1.08
condishuns	-0.19	1.24
hambeast	-0.18	1.03
stood	-0.18	1.03
content	-0.18	0.99
beans	-0.18	0.98
acceptable	-0.18	1.43
4chan	-0.18	1.17
protect	-0.18	1.29
without	-0.18	1.64
24/7	-0.18	1.41
section	-0.18	0.91
serious	-0.18	1.28
shake	-0.18	0.89
contrary	-0.18	1.35
jail	-0.18	0.94
hits	-0.18	1.08
professor	-0.18	0.83
puberty	-0.18	1.02
factory	-0.18	0.93
triggers	-0.18	1.12
statistic	-0.18	1.07
pasta	-0.18	0.91
underestimate	-0.18	1.42
rice	-0.18	0.96
stories	-0.18	1.21
based	-0.18	1.03
plastic	-0.18	0.96
fruits	-0.18	0.95
devil	-0.18	0.97
dip	-0.18	0.91
r/fitness	-0.18	1.27
snowflake	-0.18	0.94
fantasy	-0.18	0.93
cardiovascular	-0.18	1.01
liking	-0.18	3.20
spread	-0.17	1.05
consumption	-0.17	0.95
right	-0.17	3.63
basis	-0.17	1.07
ring	-0.17	1.03
pull	-0.17	1.06
patriarchy	-0.17	1.10
bag	-0.17	0.89
entertaining	-0.17	2.58
proving	-0.17	1.44
left	-0.17	1.29
reported	-0.17	0.85
broccoli	-0.17	0.97
fitter	-0.17	1.60
consciously	-0.17	1.28
tumblr	-0.17	1.00
cultural	-0.17	1.10
statistics	-0.17	1.08
increases	-0.17	1.03
admitting	-0.17	1.18
15	-0.17	0.91
rarely	-0.17	1.23
wasting	-0.17	0.97
laws	-0.17	0.92
turkey	-0.17	0.97
drag	-0.17	1.15
sandwich	-0.17	0.91
oz	-0.17	0.92
regular	-0.17	0.96
bulimic	-0.17	1.12
heat	-0.17	1.16
resist	-0.17	1.12
individuals	-0.17	1.17
burn	-0.17	1.06
meats	-0.17	0.96
graduate	-0.16	0.84
showing	-0.16	1.00
asleep	-0.16	1.45
holding	-0.16	0.98
supply	-0.16	0.96
squeeze	-0.16	0.97
adjust	-0.16	1.03
phase	-0.16	1.02
20	-0.16	0.91
wind	-0.16	1.12
understandable	-0.16	1.64
groceries	-0.16	0.91
abdominal	-0.16	1.11
wine	-0.16	0.93
nutritionist	-0.16	0.97
previously	-0.16	1.04
ketosis	-0.16	1.01
art	-0.16	1.26
beating	-0.16	1.04
chain	-0.16	1.22
cheese	-0.16	0.97
satiety	-0.16	1.35
apparent	-0.16	1.37
jar	-0.15	0.92
end	-0.15	1.67
linking	-0.15	1.09
cereal	-0.15	0.89
googled	-0.15	1.29
categories	-0.15	1.16
cell	-0.15	1.02
adjusted	-0.15	1.03
smarter	-0.15	1.61
scared	-0.15	2.75
craving	-0.15	1.49
orders	-0.15	1.65
nutrition	-0.15	0.96
starvation	-0.15	0.97
perhaps	-0.15	1.91
toward	-0.15	1.23
grams	-0.15	0.93
our	-0.15	1.15
reduced	-0.15	1.09
came	-0.15	1.18
anorexic	-0.15	1.17
society	-0.15	1.01
threat	-0.15	1.07
fb	-0.15	0.96
5-10	-0.15	1.00
truck	-0.15	1.00
cure	-0.15	1.04
managed	-0.14	1.67
involves	-0.14	1.43
history	-0.14	0.87
surgeon	-0.14	0.95
bypass	-0.14	0.96
semester	-0.14	0.85
rant	-0.14	1.59
13	-0.14	0.89
preferences	-0.14	1.01
boiled	-0.14	0.97
opposite	-0.14	2.00
ednos	-0.14	1.08
stealing	-0.14	1.27
magical	-0.14	0.99
well	-0.14	3.60
standards	-0.14	1.06
theres	-0.14	1.22
glycogen	-0.14	0.94
recover	-0.14	1.15
moving	-0.14	1.07
stopped	-0.14	1.54
along	-0.14	1.03
quantity	-0.14	0.98
material	-0.14	0.94
recovered	-0.14	1.05
issue	-0.14	1.36
further	-0.14	1.10
11	-0.14	0.91
negatively	-0.13	1.09
vastly	-0.13	1.16
education	-0.13	1.00
refusing	-0.13	1.39
change	-0.13	1.26
shit	-0.13	1.79
energy	-0.13	0.99
belt	-0.13	1.37
ground	-0.13	1.00
fall	-0.13	1.25
i.e	-0.13	0.91
sizes	-0.13	1.04
desperately	-0.13	1.42
ignore	-0.13	1.44
living	-0.13	1.41
sumo	-0.13	1.12
separate	-0.13	1.02
sleeping	-0.13	1.15
sexual	-0.13	0.90
knock	-0.13	0.99
experiences	-0.13	1.04
sauce	-0.13	1.02
apply	-0.13	1.11
policy	-0.13	0.90
statement	-0.13	1.56
imply	-0.13	1.44
precious	-0.13	0.97
freezer	-0.13	0.96
agenda	-0.12	1.01
argument	-0.12	1.46
doughnuts	-0.12	0.88
empty	-0.12	1.02
hardly	-0.12	1.33
16	-0.12	0.89
starts	-0.12	1.53
riding	-0.12	1.02
resting	-0.12	1.01
fill	-0.12	1.08
veg	-0.12	0.95
changes	-0.12	1.11
covers	-0.12	1.10
seek	-0.12	1.27
cutting	-0.12	1.02
notion	-0.12	1.29
10-15	-0.12	1.03
hint	-0.12	1.13
solution	-0.12	1.46
purely	-0.12	1.05
prescribed	-0.12	1.04
wasted	-0.12	1.01
ended	-0.12	1.57
groups	-0.12	0.88
unrealistic	-0.12	1.04
followers	-0.12	1.15
millions	-0.12	0.98
view	-0.12	1.23
hole	-0.12	0.93
opinion	-0.11	1.46
easily	-0.11	1.62
peanut	-0.11	1.00
bigger	-0.11	1.49
gastric	-0.11	0.95
frozen	-0.11	0.98
ironically	-0.11	1.06
test	-0.11	0.94
hire	-0.11	1.19
id	-0.11	1.38
recovering	-0.11	1.04
liberal	-0.11	0.96
extent	-0.11	1.69
degrees	-0.11	0.91
species	-0.11	0.94
heaven	-0.11	1.05
weakness	-0.11	1.01
degree	-0.11	0.89
attempts	-0.11	1.36
supplement	-0.11	1.02
planned	-0.11	0.90
responded	-0.11	1.18
prescription	-0.11	0.97
drove	-0.11	0.90
ride	-0.11	0.98
fresh	-0.11	1.02
split	-0.11	0.87
anytime	-0.11	1.25
cream	-0.11	0.92
combat	-0.11	0.91
fails	-0.11	2.06
meat	-0.11	0.97
rabbit	-0.11	1.02
driving	-0.11	0.92
follow	-0.10	1.09
sexually	-0.10	1.04
created	-0.10	1.11
yet	-0.10	1.81
meanwhile	-0.10	1.44
denied	-0.10	1.09
youth	-0.10	0.96
morbidly	-0.10	1.48
banana	-0.10	0.94
episodes	-0.10	0.95
per	-0.10	0.95
pill	-0.10	1.06
unlimited	-0.10	0.95
pulling	-0.10	1.12
pills	-0.10	1.03
greens	-0.10	0.97
connection	-0.10	1.20
interaction	-0.10	0.97
conservative	-0.10	0.95
dangerously	-0.10	1.22
between	-0.10	1.28
playing	-0.10	0.90
dressing	-0.10	0.95
draw	-0.10	1.05
basically	-0.10	2.25
light	-0.10	1.01
move	-0.10	1.25
taking	-0.10	1.11
candy	-0.09	0.87
supports	-0.09	1.53
strategy	-0.09	1.02
eating	-0.09	1.48
standing	-0.09	1.03
position	-0.09	1.13
developed	-0.09	1.13
steamed	-0.09	0.98
math	-0.09	1.05
shut	-0.09	1.09
twinkies	-0.09	0.84
egg	-0.09	0.94
vast	-0.09	1.10
subtle	-0.09	1.44
boat	-0.09	0.97
shots	-0.09	1.00
effort	-0.09	1.37
vegetarian	-0.09	1.09
deleted	-0.09	1.34
police	-0.09	1.00
religious	-0.09	0.93
bikes	-0.09	0.98
photoshopped	-0.09	1.18
effectively	-0.09	1.15
fingers	-0.09	1.09
bites	-0.09	1.03
hip	-0.08	1.13
eater	-0.08	1.21
card	-0.08	0.95
tomato	-0.08	0.91
survey	-0.08	0.92
leg	-0.08	1.07
believable	-0.08	1.72
account	-0.08	1.07
approved	-0.08	1.02
400lbs	-0.08	1.51
necessary	-0.08	1.64
dietician	-0.08	0.96
stop	-0.08	1.66
requirement	-0.08	0.96
lettuce	-0.08	0.94
events	-0.08	1.11
demographic	-0.08	0.90
disregard	-0.08	1.83
graduated	-0.08	0.95
hashtag	-0.08	1.39
health	-0.08	1.29
bun	-0.08	0.91
methods	-0.08	1.15
studies	-0.08	1.08
cities	-0.08	2.06
physical	-0.08	1.09
linked	-0.08	1.01
development	-0.08	1.05
potato	-0.08	0.98
handed	-0.08	1.09
dead	-0.08	1.14
once	-0.08	1.30
plays	-0.08	1.12
twitter	-0.08	1.05
significant	-0.08	1.14
dig	-0.08	1.03
rehab	-0.07	0.95
story	-0.07	1.51
similarly	-0.07	1.08
controlled	-0.07	1.01
20s	-0.07	1.01
produce	-0.07	1.28
trick	-0.07	1.35
indicate	-0.07	1.04
beef	-0.07	0.93
protein	-0.07	0.98
bacon	-0.07	0.97
cashier	-0.07	0.96
solve	-0.07	1.23
purpose	-0.07	1.35
carrying	-0.07	1.12
criteria	-0.07	1.06
whilst	-0.07	1.52
pint	-0.07	0.86
randomly	-0.07	1.02
head	-0.07	1.08
glass	-0.07	1.00
doritos	-0.07	0.89
supplements	-0.07	1.03
cravings	-0.07	1.40
14	-0.07	0.89
minimal	-0.07	1.24
chicken	-0.07	0.98
immobile	-0.07	1.11
detail	-0.07	0.97
circle	-0.07	0.96
practical	-0.07	1.37
rolled	-0.07	0.83
facebook	-0.07	1.02
prep	-0.06	1.00
fabric	-0.06	1.00
restrictive	-0.06	1.05
arm	-0.06	1.10
fiber	-0.06	1.06
incorrect	-0.06	3.56
excited	-0.06	3.50
tax	-0.06	0.92
troll	-0.06	1.31
far	-0.06	1.70
tissue	-0.06	1.07
lighter	-0.06	1.63
billion	-0.06	0.97
vegetables	-0.06	0.98
jack	-0.06	0.96
higher	-0.06	1.25
treatments	-0.06	1.04
highest	-0.06	2.13
veggie	-0.06	0.92
10,000	-0.06	0.97
reads	-0.06	2.15
sjws	-0.06	1.06
following	-0.06	1.06
nuggets	-0.06	0.92
crackers	-0.06	0.85
forums	-0.06	0.99
pass	-0.06	1.07
proteins	-0.06	1.01
sells	-0.06	1.23
true	-0.06	3.55
lap	-0.06	0.95
60	-0.06	0.94
4000	-0.06	1.11
carb	-0.05	0.95
beetus	-0.05	1.02
growing	-0.05	0.96
sandwiches	-0.05	0.95
beat	-0.05	1.09
hold	-0.05	1.26
recently	-0.05	1.18
5000	-0.05	1.10
bringing	-0.05	0.89
grand	-0.05	1.21
size	-0.05	1.10
amount	-0.05	1.07
increased	-0.05	1.04
sticking	-0.05	1.00
bloggers	-0.05	0.94
exam	-0.05	1.02
wrap	-0.05	0.94
mcdonald	-0.05	0.93
instagram	-0.05	1.03
camera	-0.05	1.05
sober	-0.05	1.08
spring	-0.05	1.71
microwave	-0.05	0.93
50lbs	-0.05	1.30
ultimate	-0.05	0.95
athlete	-0.05	1.04
stored	-0.05	1.00
<URL>	-0.05	0.93
<SPECIAL>	-0.05	0.93
media	-0.05	0.92
read	-0.05	1.04
overestimate	-0.05	1.16
epidemic	-0.05	1.12
restricting	-0.05	1.06
especially	-0.05	1.46
rise	-0.05	0.96
simultaneously	-0.05	1.47
scientific	-0.04	1.18
realizing	-0.04	1.11
climb	-0.04	1.04
cart	-0.04	0.88
equation	-0.04	1.12
pack	-0.04	0.93
safety	-0.04	1.12
replace	-0.04	0.92
university	-0.04	0.84
steak	-0.04	0.97
industry	-0.04	0.95
sue	-0.04	1.06
stairs	-0.04	1.25
somehow	-0.04	1.81
sun	-0.04	0.99
passed	-0.04	0.90
penis	-0.04	0.96
boxes	-0.04	0.86
responses	-0.04	1.28
neighborhood	-0.04	1.10
burning	-0.04	1.00
young	-0.04	1.00
lack	-0.04	1.11
skills	-0.04	1.04
veggies	-0.04	0.98
starved	-0.04	0.99
studying	-0.04	0.88
create	-0.04	0.99
overweight/obese	-0.04	1.23
overcome	-0.04	1.22
confidence	-0.04	1.37
stops	-0.04	1.44
paleo	-0.03	0.98
everyday	-0.03	0.95
controlling	-0.03	1.05
writes	-0.03	1.28
cupcake	-0.03	0.90
territory	-0.03	1.13
drive	-0.03	0.93
prescribe	-0.03	1.04
remove	-0.03	1.10
center	-0.03	0.98
raises	-0.03	0.97
failing	-0.03	1.16
went	-0.03	1.07
snickers	-0.03	0.88
happily	-0.03	1.20
magic	-0.03	1.09
dick	-0.03	1.54
law	-0.03	0.89
approximately	-0.03	0.95
convenience	-0.03	0.88
cards	-0.03	0.89
control	-0.03	1.17
consistently	-0.03	1.19
cater	-0.03	1.21
package	-0.03	0.90
suicide	-0.03	1.05
prices	-0.03	0.95
costs	-0.03	0.94
retain	-0.03	1.19
ones	-0.03	1.14
studied	-0.03	1.07
square	-0.03	1.04
managing	-0.03	1.09
hired	-0.03	1.33
famine	-0.02	0.98
day	-0.02	1.07
traffic	-0.02	0.90
indication	-0.02	1.53
shift	-0.02	1.08
direct	-0.02	1.18
outfit	-0.02	1.40
fairly	-0.02	1.54
sending	-0.02	1.24
lifted	-0.02	0.97
phrase	-0.02	1.36
populations	-0.02	1.07
strict	-0.02	1.09
stated	-0.02	1.14
data	-0.02	1.18
wings	-0.02	0.93
specific	-0.02	1.25
quick	-0.02	1.39
blocks	-0.02	0.98
sense	-0.02	1.76
purple	-0.02	1.09
keto	-0.02	1.00
comfort	-0.02	1.46
others	-0.02	1.31
cycle	-0.02	1.08
calories	-0.02	1.01
holds	-0.02	1.05
relatively	-0.02	1.37
religion	-0.01	0.95
fiction	-0.01	0.95
nutrients	-0.01	1.06
illegal	-0.01	1.10
every	-0.01	1.71
legal	-0.01	0.94
excess	-0.01	1.03
surprise	-0.01	1.43
largely	-0.01	1.28
cost	-0.01	0.97
17	-0.01	0.90
prove	-0.01	1.43
weight	-0.01	1.50
outside	-0.01	1.01
hearing	-0.01	1.36
slow	-0.01	1.10
30	-0.01	0.93
sat	-0.01	1.09
followed	-0.01	0.91
accurate	-0.01	1.44
labeled	-0.01	0.99
overeat	-0.01	1.44
50	-0.01	0.97
carried	-0.01	1.01
minus	-0.01	1.06
crossed	-0.01	1.00
salad	-0.01	0.97
beach	-0.01	0.84
clicked	-0.01	1.36
awhile	-0.01	1.16
dollars	-0.01	1.06
y'all	-0.01	1.90
pt	-0.01	0.89
pose	-0.01	1.05
bars	-0.01	0.87
periods	-0.01	1.09
visits	-0.00	0.91
parking	-0.00	1.00
grocery	-0.00	1.16
remember	-0.00	1.39
burns	-0.00	1.08
survive	-0.00	1.07
milkshake	-0.00	0.89
replies	-0.00	1.27
hilarious	-0.00	2.98
ketchup	-0.00	0.94
expectations	-0.00	1.02
find	-0.00	1.30
tess	-0.00	1.16
stage	-0.00	0.99
pineapple	-0.00	0.99
pork	-0.00	1.01
anywhere	-0.00	1.47
statistical	0.00	1.13
nor	0.00	1.37
worked	0.00	1.13
profile	0.00	0.99
behind	0.00	1.12
able	0.00	1.70
snack	0.00	0.91
victoria	0.00	0.94
escape	0.00	1.25
drunk	0.00	0.94
lower	0.00	1.08
spent	0.00	1.15
3000	0.00	1.05
worth	0.00	1.18
chips	0.00	0.85
ruining	0.00	1.23
concept	0.00	1.58
wheelchair	0.00	1.05
pot	0.01	0.94
presented	0.01	0.98
study	0.01	1.06
block	0.01	0.99
grilled	0.01	0.97
therapy	0.01	1.03
downvote	0.01	1.44
insanely	0.01	1.59
chunk	0.01	1.11
halfway	0.01	0.95
rent	0.01	0.92
legit	0.01	1.36
empathy	0.01	1.17
photo	0.01	1.21
experiment	0.01	1.06
cared	0.01	2.85
dough	0.01	0.92
middle	0.01	0.90
expenditure	0.01	1.02
hang	0.01	0.91
10lbs	0.01	1.30
box	0.01	0.84
equivalent	0.01	1.07
any	0.01	1.68
donate	0.01	1.00
traits	0.01	1.04
dollar	0.01	0.98
yoga	0.01	0.96
normally	0.01	1.78
greatly	0.01	1.25
overall	0.01	1.17
minor	0.01	1.27
phd	0.01	0.92
nature	0.01	1.00
99	0.01	1.21
quickly	0.01	1.51
insane	0.02	2.89
looking	0.02	1.25
heads	0.02	1.11
favor	0.02	1.06
dr	0.02	1.07
stomach	0.02	1.59
debate	0.02	1.24
cook	0.02	0.99
signed	0.02	0.90
after	0.02	1.48
whether	0.02	1.68
gender	0.02	0.96
titp	0.02	0.99
crush	0.02	0.92
apparently	0.02	1.93
myself	0.02	1.70
restricted	0.02	1.10
stand	0.02	1.45
major	0.02	1.40
stock	0.02	0.84
raising	0.02	0.88
trolls	0.02	1.20
early	0.02	1.06
businesses	0.02	1.15
rib	0.02	1.11
gigantic	0.02	1.47
identity	0.02	1.26
takes	0.02	1.33
confuse	0.02	1.14
get	0.02	1.80
busy	0.02	2.38
reflect	0.02	1.01
little	0.02	1.71
cents	0.02	0.91
average	0.02	1.16
gymnastics	0.02	1.01
screenshots	0.02	1.13
quite	0.02	1.93
hungry	0.02	3.40
aspects	0.02	1.23
distances	0.02	1.09
gyms	0.02	0.88
status	0.02	0.90
requires	0.02	1.29
reducing	0.03	1.04
population	0.03	1.14
fund	0.03	0.90
evolutionary	0.03	0.97
report	0.03	1.01
patient	0.03	0.95
morbid	0.03	1.34
ice	0.03	0.86
happening	0.03	1.80
18	0.03	0.91
ask	0.03	1.45
dies	0.03	2.25
failed	0.03	1.22
master	0.03	1.03
elderly	0.03	1.10
menu	0.03	0.92
house	0.03	0.94
crossfit	0.03	0.93
surplus	0.03	1.01
decades	0.03	1.07
match	0.03	0.95
medicine	0.03	1.00
laid	0.03	1.07
consistent	0.03	1.14
lives	0.04	1.69
leave	0.04	1.58
bucket	0.04	1.15
bar	0.04	0.91
century	0.04	0.99
beauty	0.04	1.01
commenters	0.04	1.31
soup	0.04	0.96
lists	0.04	1.05
moves	0.04	1.37
servings	0.04	0.94
mainstream	0.04	1.01
during	0.04	1.13
national	0.04	1.17
driven	0.04	1.30
latter	0.04	1.44
ingredients	0.04	1.03
spending	0.04	1.01
breakfast	0.04	0.88
student	0.04	0.86
stands	0.04	1.39
kcal	0.04	0.98
street	0.04	0.91
submit	0.04	1.16
mail	0.04	0.96
refused	0.04	1.73
recommended	0.04	0.95
donuts	0.04	0.86
3500	0.04	1.00
before	0.04	1.38
appointment	0.04	0.94
advertising	0.04	0.85
local	0.04	1.26
numbers	0.04	1.13
noticing	0.04	1.11
bariatric	0.04	0.94
heavier	0.04	1.59
visit	0.04	0.99
advantage	0.04	1.32
burrito	0.04	0.85
triggered	0.05	1.90
guidelines	0.05	1.03
needing	0.05	1.14
trainers	0.05	1.00
fake	0.05	1.22
reduce	0.05	1.05
slap	0.05	0.99
down	0.05	1.17
cookie	0.05	0.94
boil	0.05	0.99
scooter	0.05	1.00
soccer	0.05	0.84
morning	0.05	1.06
steroids	0.05	1.07
freak	0.05	1.58
thread	0.05	1.34
age	0.05	1.00
intuitively	0.05	1.04
muh	0.05	1.28
100lbs	0.05	1.27
lowest	0.05	1.37
afternoon	0.05	0.98
meet	0.05	0.97
default	0.05	0.96
out	0.05	1.49
ups	0.05	1.05
commercials	0.05	0.81
fuel	0.05	1.00
depending	0.05	1.08
chocolate	0.05	0.92
75	0.05	0.95
herself	0.05	1.40
1000	0.05	1.01
states	0.06	2.40
wagon	0.06	1.41
sexuality	0.06	0.97
sign	0.06	1.30
basketball	0.06	0.86
conclusion	0.06	1.41
essential	0.06	1.34
raise	0.06	0.94
45	0.06	0.94
net	0.06	0.98
mcbeetus	0.06	0.91
1500	0.06	1.00
2000	0.06	1.00
1200	0.06	1.00
precisely	0.06	1.34
mcdonalds	0.06	0.91
football	0.06	0.87
gene	0.06	1.04
70	0.06	0.96
2500	0.06	1.00
1400	0.06	1.00
somebody	0.06	1.68
1800	0.06	1.00
elevator	0.06	1.06
took	0.06	1.05
versus	0.06	1.06
1600	0.06	1.01
100	0.06	0.95
united	0.06	2.33
doctors	0.06	0.99
fourth	0.06	1.62
killing	0.06	1.13
drastic	0.06	1.14
thing	0.06	1.78
kfc	0.06	0.93
skeleton	0.06	1.08
prevents	0.06	1.71
laughed	0.06	1.62
upvotes	0.06	1.24
aw	0.06	2.75
senior	0.06	0.83
tell	0.06	1.71
decrease	0.06	1.04
roll	0.06	1.08
inner	0.07	0.91
price	0.07	0.96
finished	0.07	0.86
mid	0.07	1.07
joy	0.07	1.05
recommend	0.07	1.36
bear	0.07	1.04
900	0.07	1.01
add	0.07	1.16
music	0.07	1.11
55	0.07	1.01
joined	0.07	0.86
gym	0.07	0.89
mcd	0.07	0.91
80	0.07	0.97
implies	0.07	1.31
barbie	0.07	1.06
videos	0.07	0.83
mainly	0.07	1.03
increasing	0.07	1.00
knowledge	0.07	1.01
popcorn	0.07	0.86
bagel	0.07	0.93
90	0.07	0.95
ads	0.07	0.86
bell	0.07	0.94
he/she	0.07	1.53
tolerance	0.07	0.96
depend	0.07	1.08
bone	0.07	1.08
steal	0.07	1.04
wants	0.07	3.77
quarter	0.07	0.87
gravy	0.07	1.48
failure	0.07	1.02
muffin	0.07	0.89
sheer	0.07	1.12
800	0.07	1.00
charts	0.07	0.97
increase	0.07	1.02
direction	0.07	0.99
500	0.07	1.01
ultimately	0.07	1.20
85	0.07	0.99
forgotten	0.07	1.11
ashamed	0.08	3.20
video	0.08	0.84
nutritional	0.08	0.96
having	0.08	1.08
falls	0.08	1.14
interview	0.08	0.79
pay	0.08	0.94
person	0.08	1.37
cis	0.08	1.19
suit	0.08	1.10
25	0.08	0.92
muscles	0.08	1.22
chamber	0.08	1.16
explains	0.08	1.44
breast	0.08	0.97
face	0.08	1.39
completed	0.08	0.95
poorly	0.08	1.36
horses	0.08	1.04
finger	0.08	1.04
assistance	0.08	1.05
temperature	0.08	1.15
worrying	0.08	1.63
bmr	0.08	1.00
places	0.08	1.20
disney	0.08	1.02
vitamins	0.08	1.08
wheel	0.08	1.24
knowing	0.08	1.61
hit	0.08	1.14
nearly	0.08	1.37
supporting	0.08	1.20
rates	0.08	0.99
1,000	0.08	1.01
appears	0.08	1.30
labor	0.08	1.05
marathons	0.08	0.94
refuses	0.08	2.15
said	0.08	1.52
theirs	0.08	0.94
enter	0.08	1.00
mall	0.08	0.89
time	0.08	1.76
lunch	0.08	0.92
workers	0.08	1.05
spaghetti	0.08	0.91
hamburger	0.08	0.91
supermarket	0.09	0.91
car	0.09	0.95
pool	0.09	0.88
cal	0.09	0.97
peer	0.09	1.10
exclusive	0.09	0.97
benefits	0.09	1.01
corporate	0.09	0.91
long	0.09	1.50
shrink	0.09	1.17
matters	0.09	1.29
bill	0.09	0.90
low-carb	0.09	1.00
relationships	0.09	1.04
dinners	0.09	0.91
manager	0.09	0.98
drop	0.09	1.26
sensitive	0.09	2.04
subway	0.09	0.88
post	0.09	1.34
delivery	0.09	0.94
engage	0.09	1.17
obvious	0.09	1.61
email	0.09	1.32
youtube	0.09	0.80
fitness	0.09	0.91
sustain	0.09	1.15
activists	0.09	0.99
sweets	0.09	0.98
occurs	0.09	1.21
come	0.09	1.59
coincidence	0.09	1.95
loser	0.09	1.10
latest	0.09	0.92
mountain	0.09	0.86
team	0.09	0.86
strongly	0.09	1.21
sports	0.09	0.88
coming	0.09	1.30
1300	0.10	1.00
20lbs	0.10	1.26
players	0.10	0.88
turning	0.10	0.91
65	0.10	0.98
doctor	0.10	1.05
another	0.10	1.33
volume	0.10	0.99
oreos	0.10	0.87
600	0.10	1.01
rate	0.10	1.06
bound	0.10	1.09
security	0.10	0.91
diet	0.10	1.00
intake	0.10	0.98
survival	0.10	1.02
legally	0.10	1.12
attraction	0.10	0.94
deficit	0.10	1.00
afford	0.10	1.00
styles	0.10	1.03
series	0.10	0.92
into	0.10	1.15
norm	0.10	1.34
md	0.10	0.93
legs	0.10	1.26
universe	0.10	1.03
yours	0.10	1.22
fridge	0.10	0.95
heaviest	0.10	2.36
almost	0.10	1.73
floor	0.10	0.91
pointed	0.10	0.92
paying	0.10	0.96
pound	0.10	1.15
cooked	0.10	0.99
modeling	0.10	0.90
anyone	0.10	1.73
bills	0.10	0.93
faith	0.10	1.10
ought	0.11	1.13
schedule	0.11	1.19
sport	0.11	0.89
dismiss	0.11	1.62
press	0.11	1.01
watched	0.11	0.84
privileged	0.11	1.30
market	0.11	0.89
low	0.11	1.02
scam	0.11	1.39
night	0.11	1.01
testing	0.11	1.08
horse	0.11	1.12
limiting	0.11	1.02
pushing	0.11	1.08
burger	0.11	0.89
started	0.11	1.44
urge	0.11	1.50
ironman	0.11	0.89
sets	0.11	1.06
unit	0.11	0.99
sale	0.11	0.92
40	0.11	0.94
insurance	0.11	0.89
work	0.11	1.71
table	0.11	0.93
addressing	0.11	1.19
operate	0.12	1.24
trans	0.12	1.03
echo	0.12	1.17
watch	0.12	0.83
inevitably	0.12	1.25
700	0.12	1.01
concentration	0.12	0.86
prefer	0.12	0.97
believed	0.12	0.95
pan	0.12	1.04
register	0.12	1.04
isnt	0.12	1.45
freedom	0.12	1.14
back	0.12	1.43
idea	0.12	2.00
drawing	0.12	1.09
allows	0.12	1.58
22	0.12	0.91
ragen	0.12	1.30
death	0.12	1.05
stable	0.12	1.40
christian	0.12	0.83
overnight	0.12	1.39
eye	0.12	1.22
flight	0.12	1.12
restrict	0.12	1.07
product	0.12	0.92
bears	0.12	1.00
larger	0.12	1.26
pop	0.12	1.18
page	0.12	1.00
magically	0.12	1.41
reach	0.12	1.06
angle	0.12	1.36
trainer	0.12	0.87
dammit	0.12	1.94
situation	0.12	1.48
exercising	0.12	1.21
genuinely	0.13	1.98
mountains	0.13	0.88
climbing	0.13	0.95
permanent	0.13	1.09
roughly	0.13	0.98
starve	0.13	1.14
aged	0.13	0.95
coach	0.13	0.88
400	0.13	1.07
smaller	0.13	1.43
19	0.13	0.94
off	0.13	1.32
government	0.13	0.88
picking	0.13	1.00
relative	0.13	1.23
portions	0.13	0.94
already	0.13	2.10
decent	0.13	2.51
fasting	0.13	1.02
scientist	0.13	0.96
department	0.13	0.82
cals	0.13	1.01
limbs	0.13	1.03
pick	0.13	1.09
lifters	0.13	1.02
very	0.13	1.59
rely	0.13	1.02
since	0.13	1.41
chart	0.13	0.98
city	0.13	1.18
spin	0.13	0.95
god	0.13	2.58
way	0.13	2.28
plateau	0.13	1.40
accept	0.13	1.63
allowing	0.13	1.18
blogs	0.13	0.93
culture	0.14	0.93
standard	0.14	1.12
buy	0.14	1.13
second	0.14	1.53
mass	0.14	1.02
communities	0.14	0.85
ordered	0.14	0.83
learn	0.14	1.20
required	0.14	1.21
instantly	0.14	1.30
vague	0.14	1.50
companies	0.14	0.95
ribs	0.14	1.10
wins	0.14	1.15
doc	0.14	0.99
burned	0.14	1.07
got	0.14	1.36
named	0.14	1.03
dropped	0.14	1.19
analogy	0.14	1.52
intermittent	0.14	1.03
nursing	0.14	0.88
near	0.14	1.27
start	0.14	1.70
greater	0.14	1.03
player	0.14	0.83
scooters	0.14	1.01
employee	0.14	0.93
24	0.14	0.93
membership	0.14	0.92
determine	0.14	1.11
scan	0.14	0.99
thigh	0.15	1.19
slight	0.15	1.04
labels	0.15	0.94
clip	0.15	0.83
nurse	0.15	0.91
scientists	0.15	0.99
assume	0.15	2.24
hospitals	0.15	0.85
cookies	0.15	0.89
tdee	0.15	1.00
cheeseburger	0.15	0.89
bucks	0.15	1.09
extended	0.15	1.01
through	0.15	1.45
mmm	0.15	1.41
triathlon	0.15	0.89
researchers	0.15	0.96
yo	0.15	1.28
chip	0.15	0.97
corner	0.15	0.95
23	0.15	0.93
display	0.15	0.99
welfare	0.15	0.95
third	0.15	1.93
super	0.15	1.77
role	0.15	1.31
anybody	0.15	1.86
band	0.15	1.02
gradually	0.15	1.32
vitamin	0.15	1.09
money	0.15	1.01
shops	0.15	0.88
grab	0.15	0.92
informed	0.15	1.27
gaining	0.15	1.32
snacking	0.15	1.16
pushups	0.15	1.08
address	0.15	1.25
double	0.15	0.89
retail	0.15	1.00
daily	0.15	0.95
case	0.15	2.21
site	0.15	0.98
knew	0.16	1.43
buying	0.16	1.13
greatest	0.16	3.54
political	0.16	0.94
wake	0.16	1.48
options	0.16	1.36
beginner	0.16	0.95
forcing	0.16	1.25
albeit	0.16	1.45
accepted	0.16	1.09
immediate	0.16	0.99
bodybuilder	0.16	1.23
unrelated	0.16	1.28
distance	0.16	1.03
burgers	0.16	0.88
learning	0.16	0.98
healthily	0.16	1.41
which	0.16	2.34
private	0.16	0.88
customer	0.16	0.96
sources	0.16	1.11
began	0.16	1.25
finish	0.16	0.87
cash	0.16	0.91
measured	0.16	1.01
conclusions	0.16	1.25
snap	0.16	1.20
calculated	0.16	1.07
swim	0.17	0.94
profit	0.17	0.95
wider	0.17	1.30
amazon	0.17	0.86
intention	0.17	1.43
attempting	0.17	1.44
laps	0.17	1.10
accommodate	0.17	1.10
capacity	0.17	1.01
tape	0.17	1.03
kids	0.17	0.91
30s	0.17	1.07
king	0.17	0.88
manage	0.17	1.44
al	0.17	0.93
over	0.17	1.35
bus	0.17	0.94
session	0.17	0.97
shows	0.17	0.82
oddly	0.17	1.63
cult	0.17	0.87
kept	0.17	1.49
participants	0.17	0.87
pizza	0.17	0.81
store	0.17	0.88
seconds	0.17	1.13
emergency	0.17	1.03
event	0.17	0.98
willpower	0.17	1.28
permanently	0.17	1.14
access	0.17	0.92
motion	0.17	0.97
late	0.17	1.09
john	0.17	0.93
lay	0.17	1.18
limited	0.17	1.13
everything	0.18	2.20
30lbs	0.18	1.29
sales	0.18	1.08
area	0.18	1.10
items	0.18	0.91
consider	0.18	1.60
birth	0.18	1.01
measures	0.18	0.99
older	0.18	1.05
reaching	0.18	1.00
facial	0.18	1.20
combo	0.18	0.89
shitlords	0.18	1.32
marriage	0.18	1.04
stretching	0.18	1.16
patients	0.18	0.92
root	0.18	1.12
35	0.18	0.94
month	0.18	1.20
purchase	0.18	0.99
plus	0.18	0.88
particularly	0.18	1.44
roller	0.18	0.90
decided	0.18	1.50
jesus	0.18	2.77
spare	0.18	0.92
continuing	0.18	1.33
stores	0.18	0.88
percent	0.18	0.98
served	0.18	0.87
thinness	0.18	1.00
females	0.18	0.98
measure	0.18	1.10
run	0.18	1.23
ability	0.19	1.29
cooking	0.19	0.97
commonly	0.19	1.16
speaks	0.19	2.12
somewhere	0.19	1.15
everybody	0.19	2.24
models	0.19	0.99
trend	0.19	0.94
triple	0.19	0.92
chastain	0.19	0.94
caloric	0.19	0.98
evolved	0.19	1.07
ordering	0.19	0.85
paid	0.19	0.96
proof	0.19	1.22
grow	0.19	0.98
surrounded	0.19	1.04
tl	0.19	1.42
show	0.19	0.83
order	0.19	0.98
extra	0.19	1.06
shop	0.19	0.88
muffins	0.19	0.93
evening	0.19	1.31
someone	0.19	1.83
business	0.19	1.23
actively	0.19	1.19
references	0.19	1.05
cast	0.19	1.05
races	0.19	0.98
percentage	0.19	1.12
preparing	0.19	1.08
brands	0.19	0.94
fad	0.19	1.01
sufficient	0.20	1.43
liquid	0.20	1.20
hospital	0.20	0.91
obese	0.20	1.43
barely	0.20	1.41
point	0.20	1.95
authority	0.20	1.12
research	0.20	1.06
tool	0.20	1.12
smallfat	0.20	1.19
wage	0.20	1.00
squat	0.20	1.04
flights	0.20	1.15
interests	0.20	1.00
genes	0.20	1.33
lane	0.20	0.86
differently	0.20	1.30
dinner	0.20	0.94
stone	0.20	1.14
distinction	0.20	1.25
maintenance	0.20	1.03
income	0.20	0.88
service	0.20	0.94
cupcakes	0.20	0.93
links	0.20	1.07
elaborate	0.20	1.66
grasp	0.20	1.54
channel	0.20	0.83
image	0.20	1.10
u.s	0.20	1.85
50s	0.20	0.95
repeatedly	0.20	1.05
5k	0.20	1.11
bank	0.20	1.06
pounds	0.20	1.19
prepare	0.20	1.04
hmmm	0.20	1.26
therapist	0.20	1.06
porn	0.21	0.76
measuring	0.21	1.11
white	0.21	1.08
campus	0.21	0.90
scale	0.21	1.16
while	0.21	1.71
he	0.21	2.35
bench	0.21	1.01
chub	0.21	1.37
base	0.21	1.11
cars	0.21	0.95
past	0.21	1.24
visible	0.21	1.17
300	0.21	1.04
sjw	0.21	0.91
clear	0.21	1.78
med	0.21	1.03
search	0.21	0.97
rub	0.21	1.30
selling	0.21	1.12
lost	0.21	1.28
seem	0.21	1.84
obama	0.21	0.90
paint	0.21	1.16
approach	0.21	1.19
hardcore	0.21	1.11
sessions	0.21	1.01
examples	0.21	1.14
fed	0.21	1.07
friday	0.21	1.03
opening	0.21	0.92
swimming	0.21	0.90
fry	0.21	0.88
3x	0.21	1.04
taco	0.21	0.90
save	0.21	1.14
consent	0.21	1.27
last	0.21	1.20
dating	0.21	0.98
maintain	0.21	1.15
giant	0.21	1.37
year	0.21	1.22
association	0.21	1.07
building	0.21	1.03
lacking	0.21	1.01
season	0.21	0.83
battle	0.21	1.26
bmi	0.21	1.21
density	0.22	1.03
parts	0.22	1.91
sell	0.22	1.19
rip	0.22	1.04
walmart	0.22	0.88
starving	0.22	1.44
snacks	0.22	0.96
hug	0.22	1.32
fries	0.22	0.90
bottom	0.22	0.88
families	0.22	0.82
olds	0.22	1.08
plus-sized	0.22	0.84
journal	0.22	1.02
physician	0.22	0.92
dwf	0.22	1.06
trait	0.22	1.01
sizing	0.22	0.91
version	0.22	1.20
vs	0.22	0.84
working	0.22	1.79
queen	0.22	0.96
upset	0.22	3.36
crew	0.22	0.99
gained	0.22	1.26
door	0.22	0.96
maximum	0.22	1.39
noticeable	0.22	1.09
months	0.22	1.20
counts	0.22	1.08
link	0.23	1.17
office	0.23	0.99
nights	0.23	0.99
fixing	0.23	1.28
encourage	0.23	1.11
setting	0.23	0.97
ago	0.23	1.22
valuable	0.23	1.16
feelz	0.23	1.25
cheeseburgers	0.23	0.90
decade	0.23	1.19
brains	0.23	1.53
race	0.23	0.89
period	0.23	1.19
frequent	0.23	1.20
bodyweight	0.23	1.10
faces	0.23	1.35
years	0.23	1.17
lunches	0.23	0.93
trapped	0.23	3.30
diabetic	0.23	1.12
crowd	0.23	0.91
spend	0.23	1.18
sent	0.23	0.99
effective	0.23	1.29
26	0.23	0.92
eaters	0.23	0.85
ran	0.23	1.04
push	0.23	1.10
meal	0.23	0.90
road	0.23	0.91
squats	0.23	1.10
philosophy	0.23	0.90
died	0.24	1.26
steadily	0.24	1.36
state	0.24	1.19
alternative	0.24	1.14
bike	0.24	1.03
additional	0.24	0.96
pm	0.24	1.09
certainly	0.24	2.43
roles	0.24	0.96
screenshot	0.24	1.17
breed	0.24	1.10
travel	0.24	0.99
desire	0.24	1.23
marathon	0.24	0.97
week	0.24	1.12
ffs	0.24	1.67
qualify	0.24	1.20
dish	0.24	1.00
apple	0.24	0.95
within	0.24	1.26
10k	0.24	0.99
pics	0.24	1.07
runners	0.24	0.96
live	0.24	1.32
practice	0.24	0.93
saturday	0.24	1.00
cross	0.24	0.88
fighting	0.24	1.07
pace	0.24	1.19
watching	0.24	0.84
usual	0.24	1.00
involve	0.24	1.15
children	0.24	0.94
speed	0.24	1.08
fertility	0.25	1.02
reason	0.25	2.12
things	0.25	1.86
where	0.25	1.61
chair	0.25	0.99
happens	0.25	1.84
specifically	0.25	1.25
scientifically	0.25	1.61
underlying	0.25	1.23
muscle	0.25	1.10
inches	0.25	1.03
input	0.25	1.07
train	0.25	0.91
online	0.25	0.84
weeks	0.25	1.19
send	0.25	1.11
routine	0.25	1.10
budget	0.25	0.95
properly	0.25	1.60
skip	0.25	1.29
brand	0.25	0.90
volunteer	0.25	1.29
diets	0.25	1.01
paper	0.25	1.01
par	0.25	0.95
reps	0.25	1.06
civil	0.25	0.99
iron	0.25	1.04
slowly	0.25	1.41
immediately	0.25	1.43
articles	0.25	1.03
temporary	0.25	1.04
web	0.26	0.96
addressed	0.26	1.03
considered	0.26	1.32
pepsi	0.26	1.19
27	0.26	0.96
photoshop	0.26	1.08
moderate	0.26	1.10
33	0.26	0.96
supersize	0.26	0.85
builder	0.26	1.23
calculate	0.26	1.12
magazine	0.26	0.87
dark	0.26	1.27
date	0.26	1.03
sites	0.26	0.90
minimum	0.26	0.96
force	0.26	1.21
restaurant	0.26	0.90
chest	0.26	1.31
satisfaction	0.26	1.32
snow	0.26	1.06
sole	0.26	1.18
first	0.26	1.32
license	0.26	0.99
researcher	0.26	0.95
technique	0.26	1.03
generation	0.26	0.93
website	0.26	0.93
under	0.26	1.05
logging	0.26	1.19
rack	0.26	0.93
japan	0.26	1.81
pregnancy	0.26	1.11
television	0.26	0.82
bf	0.26	1.05
lifts	0.26	1.06
added	0.26	1.20
gain	0.26	1.25
insert	0.27	1.14
websites	0.27	0.90
monday	0.27	0.98
lived	0.27	1.35
papers	0.27	1.11
review	0.27	1.05
mac	0.27	0.90
slip	0.27	1.12
fried	0.27	1.29
away	0.27	1.33
bonus	0.27	0.86
animal	0.27	1.12
old	0.27	1.05
topic	0.27	1.51
treatment	0.27	0.98
350	0.27	1.13
go	0.27	1.59
bodybuilders	0.27	1.01
meals	0.27	0.98
workouts	0.27	1.08
background	0.27	0.95
receiving	0.27	1.04
theme	0.28	0.93
0	0.28	0.99
parent	0.28	1.10
running	0.28	1.15
dates	0.28	0.95
cakes	0.28	0.99
suggest	0.28	1.72
update	0.28	0.86
2nd	0.28	1.48
action	0.28	1.04
younger	0.28	1.08
netflix	0.28	0.85
suck	0.28	1.48
social	0.28	0.96
demands	0.28	1.03
searching	0.28	0.98
moved	0.28	1.22
leftovers	0.28	0.91
news	0.28	0.89
desirable	0.28	1.11
pic	0.28	1.10
28	0.28	0.96
lifting	0.28	1.11
skin	0.28	1.60
anything	0.28	1.89
estimate	0.28	1.17
field	0.28	0.96
max	0.28	0.99
weekly	0.28	0.91
magazines	0.28	0.85
target	0.28	0.88
california	0.28	1.06
fly	0.29	1.05
possible	0.29	3.70
alone	0.29	1.69
iq	0.29	1.13
32	0.29	0.98
29	0.29	0.98
ww	0.29	1.02
documentary	0.29	1.35
training	0.29	1.01
competitions	0.29	0.90
female	0.29	1.01
professional	0.29	0.92
humanity	0.29	1.37
print	0.29	0.88
foods	0.29	1.07
lifter	0.29	0.97
champion	0.29	1.10
wealth	0.29	1.03
desert	0.29	0.88
audience	0.29	1.09
buffet	0.29	0.88
instance	0.29	1.09
prepared	0.29	1.03
olympics	0.29	0.89
approve	0.30	1.51
dated	0.30	0.96
crash	0.30	1.05
us	0.30	1.15
blogger	0.30	0.95
score	0.30	1.09
intensity	0.30	1.02
sized	0.30	1.01
weights	0.30	1.09
airlines	0.30	1.03
runner	0.30	0.95
baking	0.30	1.01
take	0.30	1.27
reasonable	0.30	1.45
merely	0.30	1.46
underweight	0.30	1.41
workout	0.30	1.07
dropping	0.30	1.14
entire	0.30	1.70
closely	0.30	1.35
gasp	0.30	1.19
warnings	0.30	1.21
educate	0.30	1.22
hours	0.30	1.15
times	0.30	1.25
expert	0.30	1.05
requirements	0.30	0.91
moderately	0.30	1.54
sold	0.30	1.16
used	0.30	1.45
room	0.30	1.05
weightlifting	0.30	0.99
require	0.30	1.10
shed	0.30	1.22
21	0.30	0.96
diagnose	0.30	1.09
admit	0.30	1.92
lean	0.30	1.05
guaranteed	0.30	1.27
length	0.30	1.02
model	0.31	0.99
raised	0.31	0.88
inch	0.31	0.98
measurements	0.31	1.01
encourages	0.31	1.02
exercises	0.31	1.10
spaces	0.31	1.14
doing	0.31	1.95
iirc	0.31	0.91
beneficial	0.31	1.48
measurement	0.31	1.01
normal	0.31	1.58
overweight	0.31	1.58
interest	0.31	1.34
rapidly	0.31	1.35
desserts	0.31	0.98
tendency	0.31	1.36
proportion	0.31	1.07
2012	0.31	1.03
bed	0.31	1.27
discount	0.31	1.22
military	0.31	0.84
location	0.31	1.08
build	0.31	1.09
station	0.31	1.01
winner	0.31	1.04
bake	0.31	0.99
competing	0.31	0.88
identify	0.31	0.96
lb	0.31	1.09
obligation	0.31	1.40
300lbs	0.31	1.27
fathom	0.31	1.52
treated	0.31	1.10
privilege	0.32	1.15
reduction	0.32	1.02
days	0.32	1.34
31	0.32	0.98
ticket	0.32	1.06
elliptical	0.32	1.00
fashion	0.32	0.94
information	0.32	1.15
competition	0.32	0.89
country	0.32	2.19
jobs	0.32	1.24
literature	0.32	1.05
choose	0.32	1.42
fyi	0.32	1.22
monitor	0.32	1.12
fa/haes	0.32	0.97
australian	0.32	1.00
represent	0.32	1.08
sooner	0.32	1.65
gay	0.32	1.02
mad	0.32	2.28
tv	0.32	0.82
90s	0.32	1.04
limits	0.32	1.06
usa	0.32	1.55
were	0.33	1.47
restaurants	0.33	0.89
clothing	0.33	0.94
home	0.33	1.08
cardio	0.33	1.06
charge	0.33	0.96
points	0.33	1.29
3rd	0.33	1.54
humans	0.33	1.04
trained	0.33	0.94
chin	0.33	1.34
international	0.33	0.93
obviously	0.33	2.68
walk	0.33	1.46
understanding	0.33	1.10
available	0.33	1.21
sex	0.33	0.98
east	0.33	1.31
amongst	0.33	1.00
assumed	0.33	1.25
surely	0.33	1.89
realistic	0.33	1.09
desk	0.33	1.07
drawn	0.33	0.97
linda	0.33	0.95
dieting	0.33	1.04
letting	0.33	1.44
fool	0.33	1.23
politely	0.33	1.23
wikipedia	0.33	1.07
olympic	0.33	0.90
minutes	0.33	1.17
compete	0.33	0.92
intent	0.33	1.55
upper	0.33	1.14
expect	0.33	1.58
builders	0.34	1.11
driver	0.34	1.01
variation	0.34	1.16
attracted	0.34	1.13
laying	0.34	1.10
42	0.34	1.01
walking	0.34	1.45
acts	0.34	2.68
36	0.34	0.99
imgur	0.34	1.12
screen	0.34	1.00
later	0.34	1.49
refuse	0.34	1.53
min	0.34	1.17
expected	0.34	1.50
lab	0.34	0.95
recognize	0.34	1.48
miles	0.34	1.21
golden	0.34	0.90
pleasure	0.34	1.16
planes	0.34	1.09
la	0.35	0.87
published	0.35	1.09
indicator	0.35	1.19
breaks	0.35	1.16
bodybuilding	0.35	1.02
ama	0.35	1.09
africa	0.35	1.32
conversation	0.35	1.47
mph	0.35	1.42
mins	0.35	1.07
till	0.35	1.58
concern	0.35	1.43
deciding	0.35	1.28
north	0.35	1.39
wave	0.35	0.86
metric	0.35	1.07
instant	0.35	1.04
limit	0.35	1.07
athletes	0.35	0.99
metal	0.35	1.13
fuck	0.35	1.88
present	0.35	1.13
glasses	0.35	1.35
holes	0.35	1.12
clue	0.35	1.63
australia	0.35	1.48
pc	0.36	1.04
karma	0.36	1.29
happened	0.36	1.55
observation	0.36	1.26
job	0.36	1.18
frosting	0.36	0.97
wont	0.36	1.48
results	0.36	1.05
airline	0.36	1.06
row	0.36	1.03
chunky	0.36	1.64
38	0.36	1.00
pet	0.36	1.65
cite	0.36	1.20
contest	0.36	0.91
lose	0.36	1.57
g	0.36	1.08
forget	0.36	1.72
potential	0.36	1.36
least	0.36	1.65
south	0.36	1.42
sorta	0.36	1.59
important	0.36	2.71
committed	0.36	1.17
chairs	0.36	1.02
classic	0.36	1.04
addition	0.36	1.02
navy	0.36	0.91
begin	0.36	1.44
promote	0.36	1.09
37	0.36	0.98
impression	0.36	1.30
regan	0.36	1.03
bothered	0.36	1.74
share	0.36	0.91
allow	0.36	1.40
vegan	0.36	1.00
hanging	0.36	1.07
bones	0.36	1.12
fa	0.36	0.99
lesbians	0.36	0.98
pages	0.37	1.02
zone	0.37	1.18
book	0.37	1.02
sympathy	0.37	1.09
march	0.37	1.14
yesterday	0.37	0.91
canada	0.37	1.52
range	0.37	1.32
played	0.37	0.80
jog	0.37	1.43
trust	0.37	1.39
restriction	0.37	1.03
feminists	0.37	0.91
log	0.37	1.20
description	0.37	1.52
convince	0.37	1.41
repost	0.37	1.26
describing	0.37	1.38
radical	0.37	0.93
label	0.37	1.09
weighs	0.37	1.15
waiting	0.37	1.15
suggestion	0.38	0.99
couch	0.38	1.05
sustainable	0.38	1.13
useful	0.38	1.44
comprehend	0.38	1.61
units	0.38	0.98
calculator	0.38	1.02
mate	0.38	1.01
200lbs	0.38	1.26
accurately	0.38	1.27
julianne	0.38	1.20
chose	0.38	1.58
calorie	0.38	1.05
given	0.38	1.17
r/thathappened	0.38	1.22
owned	0.38	1.32
cycling	0.38	0.94
strictly	0.38	1.29
weighed	0.38	1.10
genuine	0.38	1.24
employees	0.38	1.04
anti	0.38	1.26
healthcare	0.38	0.84
category	0.38	1.39
term	0.38	1.18
downvotes	0.38	1.33
child	0.38	1.04
plans	0.38	1.01
real	0.39	1.47
chris	0.39	1.20
grew	0.39	0.92
inside	0.39	1.41
line	0.39	0.99
tag	0.39	1.20
bang	0.39	1.12
up	0.39	1.50
giving	0.39	1.17
jogging	0.39	1.43
abilities	0.39	1.11
painting	0.39	1.14
movie	0.39	0.91
functioning	0.39	1.31
meeting	0.39	0.87
110	0.39	1.10
chick	0.39	1.20
until	0.39	1.62
click	0.39	1.15
attract	0.39	0.98
assuming	0.39	2.26
customers	0.39	0.82
joke	0.39	2.01
misery	0.40	2.84
league	0.40	0.98
myfitnesspal	0.40	1.19
europe	0.40	1.49
weighing	0.40	1.11
reliable	0.40	1.41
pets	0.40	1.17
wrapped	0.40	1.11
participate	0.40	1.05
covered	0.40	1.32
lift	0.40	1.13
submission	0.40	1.28
lbs	0.40	1.17
mile	0.40	1.51
potentially	0.40	1.17
himself	0.41	1.36
artist	0.41	1.22
danger	0.41	1.25
referring	0.41	1.54
qualified	0.41	0.99
michael	0.41	0.99
convenient	0.41	1.64
bodyfat	0.41	1.06
animals	0.41	1.05
entry	0.41	1.07
source	0.41	1.05
relationship	0.41	0.94
books	0.41	0.95
boom	0.41	1.14
implied	0.41	1.70
ideal	0.41	1.12
power	0.41	1.14
intelligence	0.41	1.08
lifetime	0.41	1.08
skinny	0.41	1.28
pro	0.41	0.96
girls	0.42	1.08
southern	0.42	1.36
feed	0.42	1.06
logical	0.42	1.29
western	0.42	1.32
portion	0.42	1.03
park	0.42	1.01
gear	0.42	0.93
legitimate	0.42	1.21
34	0.42	1.02
steady	0.42	1.08
counting	0.42	1.15
men	0.42	1.05
tbh	0.42	1.38
grown	0.43	1.09
doors	0.43	1.05
casual	0.43	1.55
hill	0.43	1.24
visual	0.43	1.12
kg	0.43	1.14
goods	0.43	0.94
wonders	0.43	1.01
starting	0.43	1.42
surface	0.43	1.24
either	0.43	2.61
england	0.43	1.31
needed	0.43	1.38
mum	0.43	1.56
commercial	0.43	1.09
together	0.43	1.18
set	0.44	1.07
company	0.44	1.14
below	0.44	1.19
place	0.44	1.70
flow	0.44	0.88
uk	0.44	1.02
front	0.44	1.06
tracking	0.44	1.15
fairness	0.44	0.95
regimen	0.44	1.04
army	0.44	0.91
america	0.44	1.81
married	0.44	1.07
imagine	0.44	1.93
commenter	0.44	1.46
advance	0.44	0.92
promoting	0.44	1.19
when	0.44	1.89
mfp	0.45	1.20
settle	0.45	1.32
genetically	0.45	1.40
adults	0.45	1.04
200	0.45	1.14
shared	0.45	0.78
worker	0.45	0.99
secret	0.45	0.87
weigh	0.45	1.13
machine	0.45	1.08
safely	0.45	1.52
subjects	0.45	0.90
airplane	0.45	1.10
serve	0.45	0.97
movements	0.45	0.99
tries	0.45	3.52
basic	0.45	1.05
aka	0.45	1.02
damned	0.46	1.97
form	0.46	1.19
china	0.46	1.25
app	0.46	1.13
mistaken	0.46	3.47
choosing	0.46	1.31
hike	0.46	1.25
representation	0.46	1.11
closer	0.46	1.29
males	0.46	1.07
fans	0.46	0.86
height	0.46	1.16
competitive	0.46	0.89
flattering	0.46	1.21
privileges	0.46	1.08
adult	0.46	1.17
professionals	0.46	0.93
sit	0.46	1.11
minute	0.46	1.45
film	0.46	0.92
germany	0.46	1.37
justice	0.46	0.98
occasionally	0.47	1.16
interested	0.47	3.21
trip	0.47	1.03
presumably	0.47	0.88
gratification	0.47	1.11
offend	0.47	1.96
figured	0.47	1.57
see	0.47	1.95
cake	0.47	0.95
recent	0.47	0.91
accomplish	0.47	1.59
does	0.47	1.93
discussion	0.47	1.33
route	0.47	1.13
top	0.47	1.11
surprisingly	0.47	1.33
count	0.47	1.57
comedy	0.47	1.66
cover	0.47	1.02
decide	0.47	1.66
solved	0.48	1.15
partners	0.48	0.84
response	0.48	1.33
medically	0.48	1.45
mention	0.48	1.78
irony	0.48	1.24
regard	0.48	0.83
ass	0.48	1.52
official	0.48	0.85
reading	0.48	1.22
95	0.48	1.01
benefit	0.48	1.00
walked	0.48	1.30
biking	0.48	1.16
core	0.48	1.10
notice	0.48	1.78
responding	0.48	1.57
lines	0.48	1.14
tee	0.48	1.18
wls	0.48	1.08
activities	0.48	1.21
guarantee	0.49	1.77
korea	0.49	1.32
primary	0.49	1.36
nutrient	0.49	1.18
kid	0.49	1.06
subjective	0.49	1.29
parents	0.49	1.06
mah	0.49	1.32
blog	0.49	1.11
bust	0.49	1.12
ending	0.49	1.02
attention	0.49	1.07
satisfied	0.49	3.29
width	0.50	0.90
joking	0.50	3.22
asian	0.50	0.95
button	0.50	1.02
arms	0.50	1.38
satire	0.50	1.83
ladies	0.50	1.11
cheat	0.50	0.88
treadmill	0.50	1.45
fatty	0.50	1.20
trying	0.50	1.69
scales	0.50	1.17
tonight	0.50	1.13
credentials	0.50	0.96
win	0.50	1.07
joe	0.50	0.88
vinegar	0.50	1.34
doubt	0.50	1.82
trolling	0.50	1.44
fix	0.50	1.33
sunday	0.50	1.06
france	0.51	1.21
gave	0.51	0.97
cartoon	0.51	0.96
written	0.51	1.12
massive	0.51	1.36
blubber	0.51	1.53
tough	0.51	2.81
marry	0.51	1.05
5'4	0.51	1.14
neutral	0.51	1.31
boned	0.51	1.27
vacation	0.51	0.86
dudes	0.52	1.15
reasonably	0.52	1.44
really	0.52	2.15
deserves	0.52	1.75
waist	0.52	1.07
guide	0.52	1.03
party	0.52	0.83
modern	0.52	1.15
episode	0.52	0.87
dedication	0.52	1.32
medical	0.52	0.98
activist	0.52	0.88
understand	0.52	2.14
desired	0.52	0.98
course	0.52	2.32
perfectly	0.52	1.65
blah	0.52	1.03
blonde	0.52	1.26
250	0.52	1.19
gift	0.52	0.92
small	0.52	1.19
feminist	0.52	0.95
aid	0.52	0.99
relief	0.52	0.95
no	0.53	2.20
resources	0.53	0.95
hence	0.53	1.25
via	0.53	1.20
explain	0.53	1.69
rock	0.53	0.92
short	0.53	1.15
stats	0.53	1.04
provided	0.53	1.03
pretty	0.53	1.93
distribution	0.53	1.13
bra	0.53	1.08
5'3	0.53	1.14
feeding	0.53	1.11
question	0.53	1.34
rolls	0.53	1.41
shudder	0.53	1.47
personally	0.53	2.10
shapes	0.53	1.12
v	0.53	0.94
programs	0.54	0.90
flying	0.54	1.20
central	0.54	1.58
only	0.54	2.18
again	0.54	2.03
plan	0.54	1.02
chubby	0.54	1.45
group	0.54	0.85
themselves	0.54	1.47
celebrity	0.54	0.98
pro-ana	0.54	0.94
hour	0.54	1.43
stamina	0.54	1.09
aisle	0.55	1.07
sitting	0.55	1.20
spot	0.55	0.96
caring	0.55	1.14
trouble	0.55	1.77
attractiveness	0.55	1.03
hr	0.55	0.87
objective	0.55	1.30
toddler	0.55	1.16
conference	0.55	0.85
fascinating	0.55	3.06
whatever	0.55	2.17
oven	0.55	1.14
will	0.55	1.77
bought	0.55	1.14
program	0.55	0.98
crave	0.55	1.22
aim	0.55	1.04
whoever	0.55	1.24
xs	0.56	1.02
inspired	0.56	1.66
them	0.56	1.78
special	0.56	1.00
medium	0.56	1.03
girl	0.56	1.12
j	0.56	1.12
idk	0.56	1.66
5'2	0.56	1.15
baby	0.56	1.05
maintaining	0.56	1.19
vet	0.56	1.21
gains	0.56	1.11
credit	0.56	1.01
tw	0.56	1.41
ca	0.56	1.82
fully	0.56	1.64
prize	0.57	0.89
elite	0.57	0.96
next	0.57	1.21
comic	0.57	0.89
west	0.57	1.28
terms	0.57	1.26
skipping	0.57	1.25
horrified	0.57	2.64
fuckin	0.57	2.03
pre	0.57	1.10
partner	0.57	1.11
divorce	0.57	1.05
character	0.57	0.91
wonder	0.57	1.88
plane	0.57	1.35
hollywood	0.57	0.97
poster	0.57	1.27
5'7	0.57	1.15
mind	0.57	2.13
give	0.58	1.27
pal	0.58	1.11
torso	0.58	1.18
how	0.58	2.12
talking	0.58	2.10
saved	0.58	1.01
6'2	0.58	1.10
discipline	0.58	1.11
exercise	0.58	1.19
countries	0.58	1.62
non	0.58	1.11
cellulite	0.58	1.57
6'1	0.58	1.16
inclined	0.58	1.70
academic	0.58	1.08
meaning	0.58	1.71
path	0.58	1.15
5'1	0.58	1.17
5'5	0.59	1.17
occasions	0.59	1.07
self-control	0.59	1.10
sometime	0.59	1.24
designed	0.59	1.16
included	0.59	1.13
5'8	0.59	1.17
5'6	0.59	1.17
satisfying	0.59	1.90
speak	0.59	1.63
wanted	0.59	1.74
something	0.59	2.29
focus	0.59	1.27
lesbian	0.59	1.02
5'10	0.60	1.17
exaggerated	0.60	1.23
winning	0.60	0.90
unfortunately	0.60	2.05
5'11	0.60	1.17
close	0.60	1.77
charity	0.60	0.86
weekend	0.60	0.84
boss	0.60	0.96
record	0.60	0.90
straight	0.60	1.11
mothers	0.60	1.06
6'3	0.60	1.17
custom	0.60	1.24
summer	0.60	1.03
promotes	0.61	1.18
humor	0.61	1.57
dessert	0.61	0.94
bras	0.61	1.00
step	0.61	1.04
bikini	0.61	0.99
politics	0.61	1.02
concerns	0.61	1.36
continue	0.61	1.32
forced	0.61	1.58
won	0.61	0.90
hot	0.61	1.15
free	0.61	0.94
long-term	0.61	1.06
subject	0.61	1.60
garden	0.61	1.17
always	0.61	1.77
lets	0.61	1.64
shoulders	0.61	1.25
powerful	0.61	0.99
productive	0.61	1.69
w	0.61	1.10
naked	0.61	1.15
need	0.61	1.84
thin	0.61	1.52
hitting	0.61	1.04
occasion	0.62	1.09
tomorrow	0.62	1.26
genius	0.62	1.48
adopted	0.62	1.11
closed	0.62	0.88
150	0.62	1.23
trigger	0.62	1.27
agreed	0.62	2.00
generations	0.62	1.01
performance	0.62	1.08
advanced	0.62	1.35
heavy	0.62	1.42
above	0.62	1.22
enough	0.62	2.04
happen	0.63	2.00
didnt	0.63	1.50
obligated	0.63	1.57
use	0.63	1.35
yourself	0.63	1.51
calves	0.63	1.30
uses	0.63	3.36
halloween	0.63	0.82
user	0.63	1.11
body	0.63	1.01
consideration	0.63	1.09
describe	0.63	1.07
gorge	0.63	1.10
questions	0.63	1.19
commitment	0.63	1.16
underneath	0.64	1.22
chicks	0.64	1.07
wrote	0.64	1.29
eventually	0.64	1.60
125	0.64	1.21
physique	0.64	1.06
willing	0.64	1.75
we	0.64	2.07
expression	0.64	1.11
focusing	0.64	1.33
5'9	0.64	1.13
intended	0.64	1.42
york	0.64	0.90
encouraged	0.65	1.15
marks	0.65	1.55
built	0.65	1.12
services	0.65	0.90
120	0.65	1.24
seats	0.65	1.36
xl	0.65	1.06
stereotype	0.65	1.17
church	0.65	0.93
may	0.65	2.44
nsfw	0.65	1.33
jimmies	0.66	1.69
frame	0.66	1.15
steps	0.66	1.01
allowed	0.66	1.70
then	0.66	2.14
matter	0.66	2.04
cracked	0.66	1.77
pocket	0.66	1.02
260	0.66	1.26
staff	0.66	0.93
could	0.66	1.99
window	0.66	1.09
try	0.66	1.73
design	0.66	0.98
115	0.66	1.21
240	0.66	1.26
structure	0.66	1.19
winter	0.67	1.28
wo	0.67	1.83
ready	0.67	1.45
code	0.67	1.07
asking	0.67	1.47
pride	0.67	1.26
210	0.67	1.26
skipped	0.67	1.12
improving	0.67	0.88
nurses	0.67	0.80
mean	0.67	2.35
macro	0.67	0.99
stretched	0.67	1.31
wide	0.67	1.24
baked	0.67	1.34
entertainment	0.68	1.06
visiting	0.68	0.85
190	0.68	1.27
odds	0.68	1.17
comfortably	0.68	1.39
checks	0.68	0.93
african	0.68	1.08
dancer	0.68	0.94
finally	0.68	1.52
ensure	0.68	1.20
losing	0.68	1.40
succeed	0.68	1.19
traditional	0.68	0.94
wanting	0.68	1.24
abs	0.68	1.21
pockets	0.69	1.00
want	0.69	1.93
220	0.69	1.27
180	0.69	1.27
author	0.69	1.31
135	0.69	1.27
160	0.69	1.26
definition	0.69	1.67
large	0.69	1.25
dances	0.69	1.09
him	0.69	1.56
130	0.69	1.26
stretch	0.69	1.57
140	0.69	1.25
answered	0.69	1.18
equipment	0.70	0.99
170	0.70	1.26
happier	0.70	3.24
185	0.70	1.26
its	0.70	1.84
say	0.70	2.10
focused	0.70	1.50
xxl	0.70	1.03
management	0.70	0.98
familiar	0.70	2.05
ourselves	0.70	1.22
pretend	0.70	2.09
2014	0.70	1.19
6'4	0.70	1.09
googling	0.71	1.05
petite	0.71	1.06
kicking	0.71	1.08
equal	0.71	1.11
capable	0.71	1.90
formula	0.71	1.11
seat	0.71	1.35
practicing	0.71	0.99
improve	0.71	1.07
grandma	0.71	1.74
bodies	0.71	1.22
wondered	0.71	1.65
polite	0.71	1.43
cuts	0.72	1.04
treating	0.72	1.08
tempted	0.72	1.63
exact	0.72	2.66
clinic	0.72	0.85
enormous	0.72	1.48
level	0.72	1.22
did	0.72	2.01
crazy	0.72	2.75
provide	0.72	1.04
bother	0.72	1.81
hee	0.72	1.17
grandmother	0.73	1.38
staying	0.73	1.22
boob	0.73	1.26
upvoted	0.73	1.41
handle	0.73	1.37
ben	0.73	0.82
space	0.73	1.50
tattoo	0.73	1.23
guys	0.73	1.16
images	0.73	1.16
planning	0.73	1.14
fail	0.73	1.18
article	0.74	1.34
realise	0.74	2.13
230	0.74	1.29
feminism	0.74	1.02
watchers	0.74	1.01
pregnant	0.74	1.37
financial	0.74	0.95
packed	0.74	1.14
fit	0.74	1.09
helps	0.74	1.33
thinking	0.74	2.01
classified	0.74	1.29
offers	0.74	0.85
texas	0.75	0.89
born	0.75	1.17
machines	0.75	0.96
should	0.75	1.91
flexibility	0.75	1.07
achieve	0.76	1.27
track	0.76	1.19
realistically	0.76	1.78
tummy	0.76	1.55
regardless	0.76	1.05
hiding	0.76	1.35
calm	0.76	1.33
narrow	0.76	1.19
strength	0.76	1.09
answers	0.76	1.21
heels	0.76	1.31
175	0.76	1.29
suits	0.77	1.11
covering	0.77	1.21
155	0.77	1.30
final	0.77	0.89
clients	0.77	0.85
thanksgiving	0.77	0.83
cats	0.77	1.46
google	0.78	1.12
encouraging	0.78	1.07
proportions	0.78	1.18
text	0.78	1.30
features	0.78	1.18
hobby	0.78	1.11
finding	0.78	0.97
165	0.78	1.29
tools	0.78	1.02
underwear	0.78	1.05
bullet	0.78	1.02
walks	0.79	3.74
misunderstanding	0.79	1.64
chef	0.79	1.01
d	0.79	2.04
sincerely	0.79	1.32
baker	0.79	0.93
cant	0.79	1.57
x	0.79	1.22
ahead	0.79	1.46
anymore	0.79	2.03
although	0.79	2.38
dog	0.79	1.40
worry	0.79	2.04
cheesecake	0.79	1.16
correctly	0.79	1.72
forever	0.79	1.41
blogging	0.80	1.09
woman	0.80	1.03
still	0.80	2.43
note	0.80	1.27
amp	0.80	1.19
okay	0.80	3.29
let	0.80	1.77
earlier	0.80	1.24
probably	0.80	2.39
context	0.80	1.95
why	0.80	2.27
fedora	0.81	1.69
rights	0.81	1.10
reporting	0.81	1.00
selection	0.81	1.10
regarding	0.81	1.21
community	0.81	0.95
club	0.82	0.88
exactly	0.82	2.40
contact	0.82	1.15
sassy	0.82	1.32
message	0.82	1.32
today	0.82	1.27
activity	0.82	1.14
flaws	0.82	1.24
beginning	0.82	1.10
skill	0.82	1.21
help	0.82	1.47
attractive	0.83	1.19
doesnt	0.83	1.44
letter	0.83	1.25
disagree	0.83	3.94
intervention	0.83	1.07
totally	0.83	2.23
marketing	0.83	1.17
occasional	0.83	0.94
babies	0.83	1.02
aiming	0.83	1.53
human	0.84	1.09
ll	0.84	1.82
regain	0.84	1.12
cheap	0.84	1.53
guy	0.84	1.01
writer	0.84	1.07
haes	0.84	1.17
birthday	0.84	0.91
activism	0.85	0.99
holy	0.85	2.80
uncle	0.85	1.58
canadian	0.85	1.03
realize	0.85	2.15
blanket	0.85	1.07
perspective	0.85	1.38
recipe	0.85	1.30
respond	0.85	1.16
scene	0.85	0.98
seriously	0.86	2.15
father	0.86	1.64
believe	0.86	2.11
haters	0.86	1.33
treat	0.86	1.06
hell	0.86	2.18
naturally	0.86	1.56
also	0.86	2.47
write	0.86	1.36
medal	0.87	0.86
triggering	0.87	1.35
know	0.87	2.18
sensible	0.87	1.20
dancers	0.87	1.36
daughter	0.87	1.48
importantly	0.87	1.12
thought	0.87	1.81
relevant	0.87	1.83
keeps	0.87	1.42
check	0.87	1.21
heck	0.88	1.34
happiness	0.88	1.09
indulge	0.88	1.04
maybe	0.88	2.54
endurance	0.88	1.06
belly	0.88	1.69
even	0.88	2.25
superior	0.88	1.50
advocates	0.89	1.18
opportunity	0.89	1.11
r/loseit	0.89	1.35
regards	0.89	1.48
intuitive	0.89	1.17
son	0.89	1.51
thighs	0.89	1.57
using	0.89	1.28
warning	0.89	1.33
ratio	0.89	1.15
t	0.89	1.11
clothes	0.90	1.21
honestly	0.90	2.11
quotes	0.90	1.10
chinese	0.90	1.11
flabby	0.90	1.74
going	0.90	2.24
might	0.91	2.19
macros	0.91	1.19
european	0.91	1.23
c	0.91	1.28
weekends	0.91	0.87
remind	0.92	2.49
actually	0.92	2.38
continues	0.92	1.21
mark	0.92	0.97
dad	0.92	1.67
tall	0.92	1.24
cousin	0.93	1.44
fits	0.93	1.09
umm	0.93	1.59
helped	0.93	1.23
computer	0.93	1.11
preventing	0.93	1.33
characters	0.93	0.92
um	0.93	1.99
doable	0.93	1.96
indeed	0.94	1.51
name	0.94	1.10
finishing	0.94	0.90
analysis	0.94	1.10
moms	0.94	0.89
conventionally	0.94	1.23
open	0.94	1.14
intellectual	0.94	1.28
expecting	0.94	1.13
checking	0.95	1.25
balance	0.95	1.34
bet	0.96	2.19
comment	0.96	1.62
broad	0.96	1.26
fattening	0.96	1.36
cat	0.96	1.45
maria	0.96	1.27
ok	0.96	3.18
delete	0.96	1.61
key	0.96	1.52
too	0.96	2.19
women	0.96	1.00
keep	0.96	1.56
sister	0.97	1.50
op	0.97	1.71
christmas	0.97	0.94
tables	0.97	0.98
mine	0.97	1.19
british	0.97	1.17
slim	0.97	1.37
grave	0.97	1.17
trail	0.97	0.93
y	0.97	1.18
tiny	0.97	1.29
hips	0.97	1.41
balanced	0.97	1.23
duty	0.97	1.09
explaining	0.98	1.42
confused	0.98	2.37
husband	0.98	1.61
sigh	0.98	1.93
ex	0.98	1.38
sisters	0.98	1.23
criticism	0.98	1.16
carefully	0.98	1.21
new	0.98	1.02
beings	0.98	1.10
feeder	0.98	3.13
japanese	0.98	1.14
soon	0.98	1.61
brother	0.98	1.57
fan	0.99	1.15
fair	0.99	2.52
talent	0.99	1.27
truly	0.99	2.15
corset	0.99	1.18
hiking	1.00	0.89
acceptance	1.00	1.13
think	1.00	2.28
wife	1.00	1.61
receive	1.00	1.06
keeping	1.00	1.22
definitely	1.00	2.48
mom	1.00	1.79
shitlord	1.01	1.51
male	1.01	1.23
confirmed	1.01	1.29
jacked	1.01	1.23
e	1.01	1.28
whats	1.01	1.46
fine	1.02	3.21
lord	1.02	1.81
mother	1.02	1.69
wears	1.02	1.68
coworker	1.02	1.12
aunt	1.02	1.58
famous	1.02	0.97
huge	1.02	1.33
funny	1.02	2.96
feminine	1.02	1.26
wut	1.03	1.45
tank	1.03	1.17
granted	1.03	1.45
solid	1.03	1.33
boost	1.03	1.14
k	1.03	1.24
fiance	1.04	1.51
alive	1.04	1.50
ripped	1.04	1.26
brag	1.04	1.16
member	1.04	0.84
goal	1.04	1.38
h	1.04	1.26
moderation	1.04	0.99
irrelevant	1.04	2.85
cuz	1.04	1.62
though	1.04	2.59
writing	1.04	1.48
roommate	1.04	1.03
defined	1.05	1.23
originally	1.05	1.43
please	1.05	1.42
appropriate	1.05	2.76
figure	1.06	1.61
friend	1.06	1.31
b	1.06	1.30
n	1.06	1.29
peak	1.06	1.16
lady	1.07	1.43
literal	1.07	0.89
rich	1.08	1.36
info	1.08	1.20
loose	1.08	1.46
copy	1.08	1.40
figures	1.08	1.13
gold	1.08	1.14
filling	1.09	1.81
shirt	1.09	1.23
dense	1.09	1.54
helping	1.09	1.12
fattie	1.10	2.64
movies	1.10	0.94
nutritious	1.10	1.54
muscular	1.11	1.27
coat	1.11	1.48
liked	1.11	2.88
american	1.11	1.26
parties	1.11	0.88
mr	1.11	1.27
layer	1.11	1.69
offered	1.12	0.94
t-shirts	1.12	1.22
wondering	1.12	2.26
generous	1.12	1.36
digging	1.12	1.24
career	1.13	1.04
guess	1.13	2.55
skirt	1.13	1.21
impressive	1.13	2.92
world	1.13	3.45
explanation	1.14	1.48
boyfriend	1.14	1.43
l	1.14	1.23
answer	1.14	1.52
eta	1.14	1.55
shirts	1.15	1.23
dress	1.15	1.38
movement	1.16	1.19
wealthy	1.16	1.02
dont	1.16	1.79
providing	1.16	1.09
jeans	1.16	1.24
wedding	1.16	0.85
pants	1.16	1.24
anyway	1.17	2.37
critical	1.17	1.49
join	1.17	0.88
sacrifice	1.17	1.00
quote	1.17	1.23
gf	1.17	1.33
challenge	1.17	1.12
recovery	1.17	1.18
members	1.18	0.81
em	1.18	1.68
enjoyed	1.18	2.59
freaking	1.18	2.51
o	1.19	1.46
youre	1.19	1.83
dogs	1.20	1.25
former	1.20	0.87
americans	1.20	1.03
relatives	1.20	1.17
bomb	1.20	1.25
suppose	1.21	2.22
family	1.21	1.32
shes	1.21	1.55
girlfriend	1.21	1.39
equality	1.21	1.12
healthy	1.22	2.83
bragging	1.22	1.17
advocating	1.22	1.49
reward	1.23	0.97
shoes	1.23	1.29
interesting	1.23	2.71
advocate	1.23	1.32
worried	1.23	3.11
educated	1.23	1.31
shocked	1.23	3.00
star	1.24	1.20
ol	1.24	1.21
monroe	1.24	0.90
homemade	1.24	1.51
trade	1.25	1.19
butt	1.26	1.69
dresses	1.26	1.34
salads	1.26	1.26
harsh	1.26	2.52
someday	1.26	1.40
sooo	1.26	2.17
sane	1.27	1.55
motivate	1.27	1.20
her	1.27	3.30
recipes	1.27	1.33
sits	1.27	3.06
doomed	1.27	2.75
crop	1.28	1.29
rational	1.29	1.49
holiday	1.30	0.86
f	1.31	1.20
strive	1.31	1.03
edge	1.31	1.09
french	1.31	1.50
replied	1.32	1.40
pun	1.32	1.42
dem	1.32	1.35
guessing	1.32	1.97
flat	1.32	1.63
holidays	1.32	0.86
german	1.32	1.55
translate	1.32	1.65
saving	1.33	0.93
enjoying	1.33	0.89
dear	1.34	1.83
appealing	1.34	1.26
life	1.35	3.00
comfortable	1.36	3.18
details	1.36	1.11
tits	1.36	1.54
nope	1.36	2.11
man	1.36	1.46
gainz	1.36	1.38
heh	1.37	1.42
duh	1.37	1.72
title	1.37	1.60
fitting	1.37	1.28
hero	1.39	1.10
toned	1.39	1.52
afraid	1.39	3.15
paragraph	1.40	1.56
meant	1.41	2.12
advice	1.41	1.20
thats	1.41	2.22
concerned	1.41	3.03
worries	1.42	1.90
his	1.42	3.34
accepting	1.43	1.22
yes	1.43	2.44
return	1.45	1.05
teehee	1.45	1.73
pair	1.46	1.40
grateful	1.46	2.93
boy	1.46	1.29
de	1.46	1.15
convinced	1.46	2.73
previous	1.47	1.51
reply	1.47	1.55
earn	1.47	0.90
t-shirt	1.48	1.36
hers	1.48	2.77
tops	1.49	1.32
promise	1.49	1.23
italian	1.50	1.07
145	1.50	1.93
marilyn	1.50	1.00
wan	1.50	1.62
jelly	1.50	1.60
independent	1.51	1.31
wore	1.51	1.34
shorts	1.51	1.35
refers	1.51	2.72
embrace	1.51	1.19
scratch	1.52	1.42
slender	1.53	1.31
mobile	1.53	1.47
baggy	1.53	1.37
sadly	1.53	2.04
shaped	1.54	1.42
pear	1.54	1.39
damn	1.55	2.76
wear	1.56	1.37
confusing	1.56	2.68
feedback	1.56	1.25
ai	1.56	1.73
upvote	1.56	1.56
skeptical	1.57	3.14
breasts	1.57	1.49
tight	1.57	1.52
accidentally	1.57	1.60
sarcasm	1.58	1.77
praise	1.59	0.86
oh	1.59	2.15
currently	1.59	1.59
weightloss	1.59	1.14
swole	1.60	1.48
ftfy	1.60	1.57
chosen	1.60	2.79
strong	1.60	1.52
gt	1.60	2.32
earned	1.60	0.97
motivation	1.61	1.42
boobs	1.61	1.49
eh	1.62	1.86
shall	1.62	1.26
firm	1.62	1.62
u	1.63	1.77
goddess	1.64	1.02
til	1.64	1.75
provides	1.64	1.05
phone	1.65	1.52
option	1.65	2.75
clarify	1.65	2.14
improvement	1.66	1.25
luckily	1.66	2.17
woah	1.67	1.51
treats	1.67	2.81
support	1.67	1.06
reminded	1.67	1.69
im	1.68	2.04
wait	1.68	2.22
rest	1.68	3.28
expense	1.68	2.72
compliments	1.69	1.17
dunno	1.69	2.08
wat	1.70	1.68
huh	1.71	2.05
hopefully	1.72	1.36
valid	1.72	2.75
gosh	1.72	1.83
words	1.73	2.04
celebrate	1.73	0.82
yup	1.74	2.04
hourglass	1.74	1.28
reminds	1.74	1.85
booty	1.74	1.34
owner	1.74	2.77
gon	1.74	2.04
na	1.75	1.90
handsome	1.77	1.38
sentence	1.77	1.98
wtf	1.77	2.11
worthy	1.77	1.06
wish	1.78	1.96
weight-loss	1.79	1.12
hmm	1.79	2.14
clever	1.79	1.66
wearing	1.81	1.51
tho	1.82	1.87
translation	1.82	1.91
confirm	1.82	1.10
glorious	1.82	1.24
suggestions	1.82	1.14
aware	1.83	2.94
active	1.83	2.87
fierce	1.83	1.16
reference	1.83	1.04
dat	1.84	1.51
ta	1.84	1.74
yea	1.84	2.18
language	1.84	2.19
current	1.84	2.73
insight	1.84	1.76
flexible	1.86	1.44
spell	1.87	1.83
uh	1.88	2.16
english	1.91	2.13
surprised	1.91	2.86
missing	1.92	2.45
safe	1.92	2.55
peace	1.93	2.36
athletic	1.93	1.54
brave	1.93	1.37
motivated	1.93	1.52
loss	1.95	1.17
interpretation	1.95	2.89
admire	1.97	1.37
intelligent	1.97	1.54
careful	1.97	2.95
ya	1.98	2.13
delicious	1.99	2.44
beautiful	2.00	1.21
hah	2.00	1.80
curve	2.01	1.35
ahh	2.01	1.93
continued	2.02	1.27
future	2.03	2.51
outcome	2.03	2.49
anyways	2.04	2.76
bro	2.04	1.78
positive	2.05	1.16
hi	2.06	1.22
sexy	2.07	1.22
honesty	2.08	1.10
main	2.09	2.26
dude	2.09	1.94
curvy	2.09	1.05
technically	2.11	2.96
offer	2.11	1.09
lt	2.11	1.63
neckbeard	2.12	2.35
curiosity	2.12	1.79
supposed	2.12	2.57
efforts	2.12	1.30
nah	2.13	2.08
womyn	2.13	1.02
apologize	2.14	2.19
forgot	2.14	1.89
now	2.15	2.80
offering	2.18	1.19
word	2.18	2.86
original	2.25	2.74
helpful	2.25	1.48
proper	2.25	2.87
goals	2.26	1.20
forgive	2.26	1.94
kidding	2.29	2.38
missed	2.30	1.87
p	2.30	2.06
sure	2.30	2.53
alright	2.32	2.11
song	2.33	2.22
mature	2.34	2.53
hoping	2.35	2.56
lol	2.35	2.13
buddy	2.35	1.56
speaking	2.35	2.88
lucky	2.35	2.67
pointing	2.35	2.39
honest	2.36	2.31
soooo	2.36	2.31
sir	2.37	1.64
smile	2.37	2.30
confident	2.38	2.61
tips	2.38	1.22
hahaha	2.38	1.88
hitler	2.39	1.75
athleticism	2.39	2.27
ha	2.39	1.93
friendly	2.40	2.27
wise	2.41	1.90
am	2.42	2.95
successful	2.43	1.12
xd	2.44	1.72
motivating	2.49	1.97
whoa	2.50	1.77
initial	2.50	2.60
tip	2.51	1.47
ah	2.51	1.99
accomplishments	2.51	1.56
sorry	2.51	1.98
objectively	2.52	1.69
impressed	2.52	2.12
ps	2.53	1.49
shape	2.55	2.04
encouragement	2.55	1.12
wow	2.55	2.40
totes	2.56	1.92
typing	2.58	2.86
yay	2.58	1.41
recognized	2.58	2.18
journey	2.59	1.23
yep	2.62	2.35
yeah	2.62	2.40
hello	2.63	1.46
progress	2.64	1.40
enjoy	2.65	1.94
good	2.65	1.98
success	2.67	1.27
native	2.68	2.92
inspiring	2.68	2.25
warm	2.69	2.69
omg	2.72	2.22
mistakes	2.73	2.80
compliment	2.75	1.96
achieved	2.76	1.22
deserve	2.76	2.03
friends	2.77	2.26
oops	2.77	1.96
username	2.78	1.56
hope	2.79	1.75
pleasant	2.79	2.23
typo	2.79	1.98
haha	2.84	2.25
sentences	2.84	2.95
cute	2.87	2.42
coworkers	2.88	2.18
great	2.90	1.83
accomplishment	2.90	1.85
care	2.95	2.16
aww	2.96	2.19
wonderful	2.97	1.83
brilliant	2.97	2.03
error	2.97	2.76
reminder	2.98	2.08
nicely	3.00	1.97
miss	3.03	1.55
talented	3.03	1.75
edited	3.07	2.65
supportive	3.08	1.75
incredible	3.13	1.81
big	3.14	2.28
fixed	3.15	2.48
soft	3.15	2.55
excellent	3.15	1.82
favorite	3.17	2.10
respect	3.21	1.96
grammar	3.21	2.71
fancy	3.23	2.23
preach	3.24	2.09
corrected	3.25	2.49
loving	3.26	1.84
mistake	3.30	2.41
spelling	3.32	2.51
apologies	3.34	2.36
neat	3.35	1.64
edit	3.37	2.35
thank	3.38	1.85
positivity	3.39	2.04
achievement	3.44	2.05
gorgeous	3.46	1.99
smooth	3.50	2.30
inspiration	3.53	1.79
curves	3.54	1.76
round	3.55	2.33
thanks	3.56	1.85
welcome	3.64	1.59
flair	3.68	1.45
glad	3.68	2.13
cool	3.70	1.91
tasty	3.74	2.03
thick	3.74	2.06
congratulations	3.82	1.67
proud	3.82	1.70
hey	3.85	1.98
appreciate	3.88	1.30
accomplished	3.88	1.40
worn	3.88	2.04
fellow	3.94	1.55
sharing	3.97	1.34
luck	3.97	1.49
lovely	4.08	1.52
ooh	4.14	1.13
btw	4.16	1.43
smart	4.31	1.90
congrats	4.33	1.36
fabulous	4.70	0.93
