fatal	-5.47	1.19
root	-5.18	1.45
complained	-5.01	1.53
hating	-4.93	1.58
bad	-4.76	1.49
dislike	-4.51	1.42
rubbish	-4.49	1.56
vice	-4.27	1.77
shitty	-4.23	2.16
versa	-4.10	1.85
garbage	-4.08	1.94
shite	-4.01	2.07
sucks	-3.94	1.54
complains	-3.93	2.13
crap	-3.93	2.11
worse	-3.92	1.96
suck	-3.91	1.54
brits	-3.87	2.17
nightmare	-3.82	1.88
spoke	-3.75	2.12
disaster	-3.75	2.05
ugh	-3.73	1.51
complain	-3.70	1.94
crappy	-3.61	2.28
knows	-3.59	2.48
died	-3.58	2.45
watches	-3.57	2.26
death	-3.56	2.40
sees	-3.56	2.38
involving	-3.55	2.17
bollocks	-3.50	1.49
trophies	-3.48	2.22
cared	-3.43	1.84
fucked	-3.36	2.15
believed	-3.36	2.04
likes	-3.36	3.00
anti	-3.36	2.25
americans	-3.36	2.30
circlejerk	-3.26	2.29
except	-3.24	2.25
absurd	-3.24	2.07
thinks	-3.23	3.00
dumb	-3.23	1.84
support	-3.20	2.13
sucked	-3.17	1.87
calendar	-3.17	3.06
blame	-3.17	2.34
disappointing	-3.17	1.95
grew	-3.16	2.55
relation	-3.16	2.33
hurts	-3.14	1.76
hater	-3.14	2.30
unfortunate	-3.13	2.16
typical	-3.10	1.82
butthurt	-3.09	2.44
luck	-3.08	2.11
swear	-3.08	2.19
jerk	-3.08	1.85
itt	-3.08	2.27
fanboys	-3.06	2.38
racist	-3.05	1.81
favour	-3.05	2.23
supported	-3.04	2.31
spotted	-3.03	2.54
shocking	-2.97	2.03
concrete	-2.96	2.56
train	-2.96	2.70
collect	-2.95	2.39
haters	-2.92	2.40
story	-2.89	2.51
idk	-2.89	2.39
poor	-2.88	2.16
sometimes	-2.87	2.06
visual	-2.85	2.31
wishes	-2.82	2.19
mentality	-2.79	2.16
jumping	-2.77	2.59
dead	-2.76	2.82
adverts	-2.76	2.47
annoying	-2.76	1.55
vocal	-2.74	2.05
disgusting	-2.73	2.09
useless	-2.69	1.91
naive	-2.67	2.70
breaks	-2.66	2.23
shout	-2.65	2.32
nonsense	-2.63	1.11
accident	-2.63	1.19
apart	-2.61	2.09
meh	-2.59	1.67
pathetic	-2.58	1.91
tend	-2.55	2.51
daily	-2.55	1.09
bs	-2.54	1.15
cares	-2.53	2.87
trash	-2.53	1.12
irrelevant	-2.51	2.08
occur	-2.50	1.09
embarrassing	-2.49	2.07
voted	-2.48	2.69
stupid	-2.46	1.98
sadly	-2.44	2.92
literally	-2.44	2.63
ouch	-2.41	2.17
silly	-2.40	1.92
dae	-2.36	2.40
boring	-2.35	2.28
occurred	-2.34	1.22
disagree	-2.33	3.26
shock	-2.33	2.64
fans	-2.32	2.50
accidents	-2.30	1.12
ruins	-2.30	0.92
everybody	-2.30	3.11
bullshit	-2.29	1.27
must	-2.29	3.03
mail	-2.27	1.15
biased	-2.27	1.54
crash	-2.27	1.09
freak	-2.24	1.29
killed	-2.23	1.12
believes	-2.23	3.06
affected	-2.21	1.12
mess	-2.21	1.17
care	-2.20	2.12
negative	-2.20	2.50
suffered	-2.18	1.02
utter	-2.17	1.22
hurt	-2.15	1.23
injuries	-2.13	1.03
injury	-2.13	1.04
kind	-2.09	2.54
farce	-2.09	1.07
survived	-2.09	1.07
wants	-2.07	1.99
feeling	-2.07	3.06
nobody	-2.06	2.25
else	-2.06	2.37
pointless	-2.06	1.45
agrees	-2.04	2.91
ironic	-2.04	2.21
pile	-2.03	1.11
delusional	-1.99	2.14
cringe	-1.98	2.07
fanboy	-1.98	1.81
idiots	-1.97	1.36
ruined	-1.97	1.01
atm	-1.96	3.10
felt	-1.96	2.64
journalism	-1.95	1.12
frankly	-1.93	1.95
complaining	-1.92	1.64
kinda	-1.91	2.84
odd	-1.91	2.34
blamed	-1.91	1.26
misleading	-1.91	3.06
reporting	-1.90	1.29
whining	-1.89	1.02
blaming	-1.89	1.76
plastic	-1.88	1.48
nicole	-1.87	2.14
deaths	-1.87	1.34
lame	-1.86	1.18
dying	-1.86	1.27
personality	-1.86	2.17
says	-1.86	1.96
wreck	-1.86	1.28
feels	-1.84	2.97
unreasonable	-1.84	2.50
trolling	-1.83	3.25
prevented	-1.82	1.11
blessed	-1.82	2.53
stuck	-1.81	1.27
crashes	-1.81	1.08
remind	-1.81	2.12
jpm	-1.81	1.03
circuit	-1.81	1.37
fault	-1.80	1.49
sick	-1.80	2.19
besides	-1.79	1.73
about	-1.79	2.42
bizarre	-1.78	2.09
caused	-1.77	1.04
rude	-1.76	1.07
meaningless	-1.74	1.42
comparable	-1.73	2.15
circle	-1.72	1.32
arse	-1.72	1.11
awkward	-1.72	2.66
mentions	-1.71	1.55
complaints	-1.70	1.28
matters	-1.68	2.33
salt	-1.68	0.87
reminded	-1.66	2.26
fact	-1.66	4.06
cause	-1.66	1.12
hockenheim	-1.65	1.61
people	-1.65	2.29
sticks	-1.64	1.00
moron	-1.64	1.09
tilke	-1.63	1.34
rip	-1.63	2.61
what	-1.61	4.18
commercials	-1.61	1.14
arguing	-1.61	3.57
obviously	-1.61	4.16
opposite	-1.61	3.93
made	-1.60	1.41
idiotic	-1.59	1.48
ignorant	-1.58	1.31
anybody	-1.57	2.49
implying	-1.57	3.38
tracks	-1.56	1.34
excuses	-1.56	1.56
benson	-1.56	1.20
exactly	-1.55	4.22
circuits	-1.55	1.34
no-one	-1.55	1.84
re	-1.54	4.02
arbitrary	-1.54	1.46
unnecessary	-1.54	1.44
nurburgring	-1.53	1.58
talk	-1.53	1.97
istanbul	-1.52	1.69
severe	-1.51	1.07
choice	-1.51	1.81
reliability	-1.51	1.26
unfair	-1.50	1.39
catalunya	-1.50	1.68
excuse	-1.50	1.41
fellow	-1.50	1.71
avoided	-1.49	1.28
pieces	-1.49	1.05
dull	-1.49	2.37
childish	-1.48	1.08
resulted	-1.48	1.15
true	-1.48	3.65
everyone	-1.47	2.44
had	-1.47	1.86
moaning	-1.47	1.28
retarded	-1.47	1.43
considering	-1.46	2.39
ruining	-1.46	0.93
does	-1.46	2.80
completely	-1.46	3.26
happens	-1.45	2.51
choose	-1.44	1.59
petty	-1.43	1.16
picks	-1.43	1.37
sight	-1.43	2.56
feel	-1.43	2.73
avoiding	-1.43	1.10
failures	-1.42	1.26
bother	-1.42	2.56
lh	-1.42	1.08
behavior	-1.42	1.20
finds	-1.42	1.48
ran	-1.42	1.25
tells	-1.42	1.48
fucks	-1.42	2.08
now	-1.41	4.20
fuji	-1.41	1.59
minority	-1.41	1.90
clue	-1.41	2.80
its	-1.40	2.24
layout	-1.40	1.30
doesnt	-1.38	2.31
who	-1.38	2.06
favor	-1.38	1.08
suffer	-1.38	1.14
possibly	-1.38	3.83
neither	-1.37	2.35
rolex	-1.37	0.90
consequences	-1.37	1.07
knew	-1.37	2.84
wonder	-1.36	3.03
speculating	-1.35	3.63
cheer	-1.35	1.79
uncomfortable	-1.35	2.78
subjective	-1.35	1.77
strange	-1.35	2.64
damage	-1.34	1.12
potentially	-1.34	1.33
unacceptable	-1.34	1.49
miracle	-1.34	2.35
right	-1.34	4.23
revealed	-1.34	1.24
bitching	-1.33	1.55
mention	-1.33	2.68
anyone	-1.33	2.75
everytime	-1.33	1.41
helped	-1.32	1.49
booing	-1.32	1.21
retirements	-1.32	1.35
contributed	-1.32	1.19
wrecked	-1.32	1.02
whatever	-1.31	2.47
saying	-1.31	3.97
ring	-1.31	1.53
collision	-1.31	1.22
worked	-1.31	1.92
suffering	-1.30	1.17
germans	-1.30	1.32
arrogant	-1.30	1.13
gone	-1.29	2.16
hire	-1.29	1.20
dnfs	-1.29	1.34
imola	-1.29	1.57
asks	-1.29	1.95
someone	-1.29	2.55
blind	-1.29	1.69
gotten	-1.28	1.93
problems	-1.27	1.38
screwed	-1.27	1.41
depends	-1.27	1.90
jake	-1.27	2.74
reckless	-1.27	1.07
whenever	-1.27	1.81
trophy	-1.26	1.33
ages	-1.26	1.50
issues	-1.26	1.39
complaint	-1.26	1.25
desperately	-1.25	1.72
anymore	-1.25	2.95
dedicated	-1.25	1.36
notice	-1.25	2.61
puncture	-1.24	1.17
goes	-1.24	2.05
lowest	-1.24	3.87
mechanical	-1.24	1.34
speculation	-1.24	1.85
nationality	-1.24	1.22
involvement	-1.24	1.11
twist	-1.23	1.15
everything	-1.23	3.03
jules	-1.23	1.17
monza	-1.22	1.39
calling	-1.22	1.31
messed	-1.22	1.35
causing	-1.22	1.18
avoid	-1.22	1.34
vague	-1.21	1.51
sochi	-1.21	1.38
dick	-1.21	1.19
claiming	-1.21	2.38
glen	-1.20	1.57
collisions	-1.20	1.20
headlines	-1.20	1.49
injured	-1.19	1.24
one	-1.19	3.84
bunch	-1.19	1.28
coincidence	-1.18	2.15
scenario	-1.18	1.60
presume	-1.18	1.88
kill	-1.18	1.75
whether	-1.18	3.20
funny	-1.17	2.46
hoping	-1.17	3.53
nothing	-1.17	3.23
shits	-1.17	1.05
objectively	-1.17	3.60
happening	-1.16	3.00
cheated	-1.16	1.32
expected	-1.16	2.29
assuming	-1.16	3.80
santander	-1.16	1.18
ridiculous	-1.16	2.26
ever	-1.16	3.91
been	-1.16	2.59
matter	-1.16	3.19
himself	-1.16	2.02
seen	-1.16	3.65
strongly	-1.16	1.86
prepared	-1.16	1.38
heavily	-1.16	1.31
bit	-1.15	1.85
load	-1.15	1.16
resulting	-1.15	1.20
devil	-1.15	1.06
tired	-1.14	2.37
said	-1.14	2.11
yet	-1.14	2.76
dnf	-1.14	1.42
beyond	-1.14	1.36
generally	-1.14	1.97
thing	-1.14	2.93
selling	-1.14	1.01
odds	-1.13	1.63
hungaroring	-1.13	1.41
ceremony	-1.13	1.07
incidents	-1.13	1.40
unless	-1.13	2.43
bitch	-1.13	1.05
has	-1.13	2.29
hamiltons	-1.12	1.07
pretend	-1.12	2.91
stop	-1.12	1.61
especially	-1.12	1.64
underdog	-1.12	1.62
which	-1.11	2.94
exception	-1.11	1.38
bernie	-1.11	1.70
stories	-1.11	1.50
cry	-1.11	1.14
interlagos	-1.11	1.41
happened	-1.11	2.90
nowhere	-1.11	1.23
most	-1.10	3.93
commented	-1.10	1.49
reality	-1.10	1.47
why	-1.09	3.34
truth	-1.09	2.41
know	-1.09	3.29
hope	-1.09	2.72
anything	-1.08	3.12
when	-1.08	2.80
rumour	-1.08	1.82
hans	-1.08	1.14
confirms	-1.08	1.17
entitled	-1.08	1.12
belief	-1.08	1.64
understand	-1.08	3.27
shame	-1.08	2.55
dog	-1.08	1.14
serious	-1.08	1.11
painful	-1.07	2.23
journalists	-1.07	1.23
moment	-1.07	2.66
where	-1.07	3.01
led	-1.07	1.17
or	-1.06	2.87
somebody	-1.06	2.14
speculate	-1.06	3.12
wouldnt	-1.06	2.43
rightly	-1.06	1.22
situation	-1.06	2.26
finn	-1.06	1.20
behaviour	-1.05	1.05
headline	-1.05	1.48
talking	-1.05	2.91
aid	-1.05	1.20
weak	-1.05	1.17
putin	-1.05	1.03
albert	-1.05	1.29
harm	-1.05	1.54
slowest	-1.04	4.28
incident	-1.04	1.37
necessarily	-1.04	2.99
never	-1.04	2.65
calls	-1.04	0.98
jump	-1.04	1.71
mixed	-1.04	1.13
how	-1.04	3.19
dont	-1.04	2.94
assholes	-1.04	1.36
little	-1.03	1.56
kicked	-1.03	1.20
problem	-1.03	2.43
mind	-1.03	3.44
department	-1.03	1.05
did	-1.02	3.16
slim	-1.02	1.20
only	-1.02	2.80
again	-1.01	2.96
happen	-1.01	3.16
something	-1.01	3.30
time	-1.01	2.69
intentionally	-1.01	1.31
killing	-1.00	1.12
intention	-1.00	1.83
handed	-1.00	1.27
really	-1.00	3.17
anywhere	-1.00	2.72
break	-1.00	1.53
then	-1.00	3.09
continuing	-1.00	1.26
will	-0.99	2.55
humour	-0.99	1.44
blew	-0.99	1.31
recent	-0.99	4.07
me	-0.99	2.90
touched	-0.99	1.23
imply	-0.99	2.98
complete	-0.99	1.21
spa	-0.99	1.40
inevitable	-0.99	1.48
constantly	-0.98	1.58
rarely	-0.98	1.52
intentional	-0.98	1.48
foolish	-0.98	1.38
mean	-0.98	3.35
done	-0.98	2.70
immature	-0.98	1.09
rest	-0.98	3.80
shanghai	-0.98	1.40
no	-0.98	3.27
we	-0.97	3.24
conspiracy	-0.97	1.57
already	-0.97	2.62
remember	-0.97	3.06
unlikely	-0.97	2.74
chase	-0.97	1.11
due	-0.97	1.25
grid	-0.96	4.18
suzuka	-0.96	1.41
should	-0.96	2.99
because	-0.96	3.30
crashed	-0.96	1.34
douche	-0.96	1.12
hypothetical	-0.96	1.57
frustrating	-0.95	2.41
advertise	-0.95	0.88
than	-0.95	2.04
guessing	-0.95	3.62
always	-0.95	2.54
street	-0.95	1.42
previously	-0.95	1.84
got	-0.95	2.50
hopes	-0.95	1.74
course	-0.95	3.24
watkins	-0.95	1.43
debris	-0.95	1.13
artificial	-0.95	1.25
impact	-0.95	1.14
reason	-0.94	2.90
rumor	-0.94	2.01
outcome	-0.94	1.54
unlucky	-0.94	1.51
mistakes	-0.94	1.40
probably	-0.94	2.91
idea	-0.93	3.25
silverstone	-0.93	1.38
talked	-0.93	1.70
needs	-0.93	2.45
essentially	-0.93	1.68
point	-0.93	3.02
even	-0.93	3.20
ll	-0.93	2.73
blow	-0.93	1.14
least	-0.93	2.81
definitely	-0.93	2.97
adelaide	-0.92	1.46
swing	-0.92	1.55
deliberately	-0.92	1.40
cheat	-0.92	1.51
likewise	-0.92	1.11
tell	-0.92	2.90
precisely	-0.92	1.68
far	-0.92	2.49
want	-0.92	2.94
spring	-0.91	1.15
voting	-0.91	1.73
need	-0.91	2.85
presented	-0.91	1.04
soon	-0.91	2.30
punish	-0.91	1.50
expect	-0.91	3.03
wanted	-0.91	2.45
pick	-0.91	2.27
deliberate	-0.91	1.37
told	-0.91	2.15
acceptable	-0.91	1.34
valid	-0.91	2.00
aside	-0.91	1.30
counts	-0.91	1.86
destroyed	-0.91	1.13
past	-0.91	2.36
wo	-0.91	2.90
stopping	-0.91	1.46
quit	-0.91	1.44
pr	-0.91	1.08
acted	-0.90	1.24
compromised	-0.90	1.20
turned	-0.90	2.22
clearly	-0.90	3.01
responsibility	-0.90	1.41
highest	-0.90	4.17
tends	-0.90	1.48
result	-0.90	1.30
strategy	-0.90	1.34
repeated	-0.90	1.39
whiny	-0.90	1.10
gutted	-0.90	3.58
admitted	-0.90	1.47
thinking	-0.89	3.70
backed	-0.89	1.31
nordschleife	-0.89	1.50
majority	-0.89	1.60
quite	-0.89	2.17
argue	-0.89	3.15
hardest	-0.89	3.83
troubles	-0.89	1.24
kerbs	-0.89	1.25
broke	-0.89	1.28
constant	-0.89	1.13
year	-0.89	2.68
failure	-0.89	1.48
help	-0.89	2.70
carries	-0.89	1.22
supporting	-0.88	1.41
nor	-0.88	2.14
sepang	-0.88	1.39
gordon	-0.88	1.03
maybe	-0.88	3.15
hopefully	-0.88	2.45
somewhat	-0.88	1.87
decide	-0.88	2.19
slightest	-0.88	2.09
see	-0.88	3.16
news	-0.88	1.59
certainly	-0.87	2.96
lately	-0.87	1.42
performs	-0.87	1.44
them	-0.87	2.85
tbh	-0.87	1.88
refuse	-0.87	1.87
cheap	-0.87	1.18
guarantee	-0.87	2.97
experts	-0.87	1.54
jumped	-0.87	1.53
gets	-0.87	2.05
pride	-0.87	1.05
handled	-0.87	1.54
decides	-0.87	1.81
merely	-0.87	2.26
wont	-0.86	2.59
intent	-0.86	1.93
interviewed	-0.86	1.33
basically	-0.86	2.70
without	-0.86	1.83
say	-0.86	3.32
mistake	-0.86	1.70
also	-0.86	2.57
ask	-0.86	2.63
legitimate	-0.86	1.56
deny	-0.86	2.72
brain	-0.86	1.15
disappointed	-0.86	3.50
unfortunately	-0.85	2.88
could	-0.85	2.90
make	-0.85	2.53
us	-0.85	1.44
stone	-0.85	1.36
wall	-0.85	1.33
id	-0.85	1.97
claims	-0.85	1.78
entirely	-0.85	2.65
pain	-0.85	1.51
fool	-0.85	1.48
let	-0.85	2.69
turkey	-0.85	1.34
telling	-0.85	2.52
circus	-0.85	0.93
brit	-0.85	1.88
come	-0.85	2.59
much	-0.85	2.77
normally	-0.85	1.94
acting	-0.85	1.14
once	-0.85	2.43
fanbase	-0.85	1.48
events	-0.84	1.38
european	-0.84	1.27
typo	-0.84	3.26
host	-0.84	1.27
anyway	-0.84	3.42
may	-0.84	3.13
prick	-0.84	1.18
articles	-0.84	1.46
broken	-0.84	1.20
hitting	-0.84	1.15
making	-0.84	1.42
everyday	-0.84	1.24
permanent	-0.84	1.14
gro	-0.83	1.09
ve	-0.83	2.50
venue	-0.83	1.36
get	-0.83	2.84
him	-0.83	2.57
ad	-0.83	1.14
default	-0.83	1.24
go	-0.83	2.88
mexican	-0.83	1.25
fell	-0.83	1.59
trust	-0.83	2.31
fail	-0.82	2.18
theories	-0.82	1.81
nbc	-0.82	1.15
worry	-0.82	2.46
forced	-0.82	1.96
believe	-0.82	3.44
quickest	-0.82	4.30
either	-0.82	3.21
hiding	-0.82	1.53
destroy	-0.81	1.25
gp	-0.81	1.34
argument	-0.81	2.36
nearly	-0.81	1.96
barriers	-0.81	1.29
shunt	-0.81	1.23
allowed	-0.81	2.05
touch	-0.81	1.57
whatsoever	-0.81	1.77
suddenly	-0.81	1.87
head	-0.81	1.15
case	-0.81	3.08
report	-0.81	1.46
liking	-0.81	2.19
downvoting	-0.80	1.95
seem	-0.80	2.73
media	-0.80	1.13
otherwise	-0.80	3.01
recall	-0.80	2.48
minute	-0.80	1.65
allowing	-0.80	1.81
think	-0.80	3.25
mentioning	-0.80	1.88
hugely	-0.80	1.98
acknowledge	-0.80	2.28
justify	-0.80	1.93
contrary	-0.80	2.43
caught	-0.80	1.52
lies	-0.80	1.53
count	-0.80	2.12
sources	-0.79	1.58
leads	-0.79	1.22
asked	-0.79	2.08
twat	-0.79	1.21
his	-0.79	1.28
being	-0.79	1.63
award	-0.79	1.57
issue	-0.79	1.98
held	-0.79	1.39
assumptions	-0.79	1.83
roll	-0.79	1.19
recover	-0.79	1.61
struggle	-0.79	2.03
might	-0.79	3.04
lived	-0.79	1.08
fall	-0.78	1.68
scenarios	-0.78	1.75
leave	-0.78	2.72
park	-0.78	1.33
imagine	-0.78	3.09
reasons	-0.78	2.18
spoiled	-0.78	1.08
struggled	-0.78	1.48
afterwards	-0.78	1.54
hit	-0.78	1.20
improved	-0.78	1.26
austria	-0.78	1.29
comes	-0.77	2.15
regardless	-0.77	1.83
figure	-0.77	2.82
particularly	-0.77	1.79
too	-0.77	2.27
quotes	-0.77	1.56
falls	-0.77	1.48
theres	-0.77	1.62
ads	-0.77	1.15
largest	-0.77	3.91
doubt	-0.77	2.89
zero	-0.77	1.51
honestly	-0.77	3.24
deceleration	-0.76	1.25
ones	-0.76	1.74
thrown	-0.76	1.36
surprise	-0.76	2.28
opinion	-0.76	2.41
ruin	-0.76	1.15
camp	-0.76	1.11
firing	-0.76	1.02
all	-0.76	2.91
legs	-0.76	1.27
justified	-0.76	2.21
arguably	-0.76	4.10
valencia	-0.76	1.35
mentioned	-0.76	2.02
life	-0.75	1.75
fine	-0.75	4.03
slightly	-0.75	2.23
change	-0.75	1.55
british	-0.75	1.27
effectively	-0.75	1.59
cant	-0.75	2.56
facts	-0.75	2.50
presumably	-0.75	1.16
covering	-0.75	0.99
logic	-0.75	1.89
north	-0.74	1.23
still	-0.74	3.19
lying	-0.74	2.60
knowing	-0.74	2.82
unconscious	-0.74	1.50
created	-0.74	1.09
refused	-0.74	1.66
cell	-0.74	1.12
hardly	-0.74	2.10
event	-0.74	1.60
ended	-0.74	1.51
exercise	-0.74	1.14
way	-0.74	2.96
purpose	-0.74	1.75
followed	-0.74	2.93
mins	-0.74	1.51
paul	-0.74	1.23
accept	-0.74	2.35
lets	-0.74	2.34
justice	-0.74	1.41
surrounding	-0.73	1.15
hard	-0.73	2.56
minor	-0.73	1.18
easily	-0.73	2.40
tweeted	-0.73	1.22
wanting	-0.73	2.08
claim	-0.73	2.00
somehow	-0.73	2.39
whole	-0.73	1.75
curse	-0.73	1.22
barely	-0.73	2.35
means	-0.73	3.15
officially	-0.73	1.50
managed	-0.73	2.25
surgery	-0.73	1.21
damaging	-0.72	1.10
occasion	-0.72	1.50
fitting	-0.72	2.62
jersey	-0.72	1.32
manages	-0.72	2.19
while	-0.72	2.54
planet	-0.72	4.00
suggesting	-0.72	2.58
conclusions	-0.72	1.73
ca	-0.72	2.71
picked	-0.71	1.86
waste	-0.71	1.35
d	-0.71	3.06
melbourne	-0.71	1.35
pissed	-0.71	3.39
comparing	-0.71	1.80
error	-0.71	1.62
biggest	-0.71	3.66
call	-0.71	2.18
likely	-0.71	2.12
however	-0.71	3.32
others	-0.71	2.61
reported	-0.71	1.74
cota	-0.71	1.38
possibility	-0.71	1.90
folks	-0.71	1.53
claimed	-0.71	1.79
easier	-0.71	1.80
assume	-0.71	3.19
journalist	-0.70	1.28
single	-0.70	2.49
back	-0.70	2.33
bothered	-0.70	2.67
tries	-0.70	2.12
attention	-0.70	1.40
monaco	-0.70	1.29
towards	-0.70	1.77
space	-0.70	1.70
marbles	-0.70	1.30
dropped	-0.70	1.55
becomes	-0.70	1.81
more	-0.70	2.15
steal	-0.70	1.40
afford	-0.70	2.33
solely	-0.70	1.43
reads	-0.69	1.19
crashing	-0.69	1.24
deserve	-0.69	2.08
runoff	-0.69	1.30
4-5	-0.69	1.70
wherever	-0.69	2.12
94	-0.69	1.27
involved	-0.69	1.53
went	-0.69	2.12
although	-0.69	3.21
curb	-0.69	1.37
risk	-0.69	1.34
regret	-0.69	1.89
bear	-0.69	1.29
can	-0.69	2.74
fix	-0.69	2.29
seca	-0.68	1.47
usgp	-0.68	1.40
succeed	-0.68	1.81
eventually	-0.68	2.27
whoever	-0.68	1.80
america	-0.68	1.22
responsible	-0.68	1.38
commercial	-0.68	1.19
end	-0.68	2.40
rely	-0.68	1.26
out	-0.68	2.28
attended	-0.68	1.50
lego	-0.68	0.93
consider	-0.68	3.03
cuts	-0.68	1.15
independent	-0.67	1.37
singapore	-0.67	1.35
rumors	-0.67	1.74
willing	-0.67	2.32
thought	-0.67	3.15
penalised	-0.67	1.59
vehicle	-0.67	1.39
room	-0.67	1.58
retirement	-0.67	1.41
yes	-0.67	4.07
suggest	-0.67	2.58
twice	-0.67	2.19
depend	-0.67	1.60
joking	-0.67	3.86
usually	-0.67	1.61
supposed	-0.66	2.80
fence	-0.66	1.28
guess	-0.66	3.50
finally	-0.66	2.27
convince	-0.66	2.47
alan	-0.66	0.86
punished	-0.66	1.57
repeat	-0.66	1.78
rooting	-0.66	3.02
type	-0.66	1.14
penalties	-0.65	1.36
history	-0.65	4.00
address	-0.65	1.42
streak	-0.65	1.31
didnt	-0.65	2.54
loses	-0.65	1.74
jr	-0.65	1.25
terribly	-0.65	1.77
kick	-0.65	1.36
unrelated	-0.65	1.54
marina	-0.65	1.83
lot	-0.65	2.32
thankfully	-0.65	1.37
before	-0.65	2.24
press	-0.65	1.45
current	-0.65	4.03
malaysia	-0.65	1.29
stopped	-0.65	2.03
direction	-0.65	2.03
screw	-0.65	1.58
shoulder	-0.65	1.34
realistically	-0.64	1.96
lose	-0.64	2.20
attitude	-0.64	1.18
bahrain	-0.64	1.30
products	-0.64	0.95
across	-0.64	1.35
minds	-0.64	1.26
inches	-0.64	1.45
needing	-0.64	1.80
korea	-0.64	1.31
australia	-0.63	1.19
tad	-0.63	1.84
fed	-0.63	1.86
fails	-0.63	1.96
concern	-0.63	1.87
returned	-0.63	1.59
criticism	-0.63	1.55
none	-0.63	2.13
gt	-0.63	2.97
loose	-0.63	1.29
retired	-0.63	1.49
discussing	-0.63	2.41
instances	-0.63	1.67
doctors	-0.63	1.30
every	-0.63	2.43
half	-0.63	2.23
undoubtedly	-0.63	2.60
carrying	-0.63	1.49
rumours	-0.63	1.97
beach	-0.63	1.52
police	-0.62	1.47
initially	-0.62	2.20
any	-0.62	2.63
m	-0.62	3.03
penalized	-0.62	1.46
came	-0.62	2.18
thoughts	-0.62	1.35
realised	-0.62	2.41
start	-0.62	2.13
short	-0.62	1.46
total	-0.62	1.51
last	-0.62	2.25
boo	-0.62	1.52
smashed	-0.62	1.29
asshole	-0.62	1.22
ass	-0.62	1.27
prevent	-0.62	1.47
brought	-0.62	1.88
restarts	-0.62	1.36
sarcastic	-0.61	3.94
bits	-0.61	1.18
spain	-0.61	1.26
instead	-0.61	1.97
retires	-0.61	1.81
first	-0.61	2.47
receiving	-0.61	1.38
ambulance	-0.61	1.27
take	-0.61	2.49
keep	-0.61	2.39
heard	-0.61	2.16
sandbagging	-0.61	1.78
over	-0.61	2.16
feelings	-0.61	1.32
troll	-0.60	1.74
pedals	-0.60	1.24
occasionally	-0.60	1.39
fallen	-0.60	1.30
penalty	-0.60	1.50
indianapolis	-0.60	1.53
insult	-0.60	2.21
booed	-0.60	1.60
canada	-0.60	1.28
rather	-0.60	1.78
exist	-0.60	2.36
idiot	-0.60	1.50
give	-0.60	2.39
suspect	-0.60	2.64
montreal	-0.59	1.31
autosport	-0.59	1.43
ups	-0.59	1.26
hungary	-0.59	1.28
frequently	-0.59	1.32
tarmac	-0.59	1.31
years	-0.59	2.12
conclusion	-0.59	1.83
die	-0.59	1.62
culture	-0.59	1.37
crossed	-0.59	1.45
condition	-0.59	1.34
interviews	-0.59	1.46
picking	-0.59	1.59
barcelona	-0.59	1.38
sponsored	-0.59	0.90
predicted	-0.59	1.94
largely	-0.59	1.86
sooner	-0.59	2.35
likelihood	-0.59	1.49
errors	-0.59	1.42
speaking	-0.59	1.34
accepted	-0.59	1.53
left	-0.59	2.13
forget	-0.58	2.45
japan	-0.58	1.24
seasons	-0.58	2.12
chances	-0.58	1.52
ago	-0.58	2.10
vehicles	-0.58	1.28
months	-0.58	2.09
etc	-0.58	1.34
perhaps	-0.58	2.72
clumsy	-0.58	1.26
dust	-0.58	1.15
arguments	-0.58	1.87
belgium	-0.58	1.25
permitted	-0.58	1.54
act	-0.58	1.10
immediately	-0.58	2.05
fewer	-0.58	1.58
takes	-0.58	1.84
49	-0.58	1.15
upset	-0.58	3.31
knocked	-0.58	1.33
off	-0.57	1.89
factors	-0.57	1.52
vote	-0.57	1.62
less	-0.57	2.09
season	-0.57	1.98
cat	-0.57	1.01
assumption	-0.57	2.51
minutes	-0.57	1.83
extremely	-0.57	1.90
follows	-0.57	1.24
personally	-0.57	2.95
ultimately	-0.57	2.14
causes	-0.57	1.20
contest	-0.57	0.96
deal	-0.57	2.00
magazine	-0.57	1.29
waiting	-0.57	2.54
among	-0.57	3.75
shortly	-0.57	2.01
chose	-0.57	1.87
hosting	-0.57	1.32
decision	-0.56	1.81
races	-0.56	2.01
ready	-0.56	2.34
discovered	-0.56	1.54
spun	-0.56	1.41
trying	-0.56	2.24
cut	-0.56	1.38
china	-0.56	1.27
dozen	-0.56	1.61
fingers	-0.56	1.68
after	-0.56	2.11
punishment	-0.56	1.37
drop	-0.56	1.71
reached	-0.56	1.86
therefore	-0.56	1.96
catch	-0.55	2.40
grass	-0.55	1.31
hindsight	-0.55	2.11
laguna	-0.55	1.50
vast	-0.55	1.49
judge	-0.55	2.35
campaign	-0.55	1.18
next	-0.55	2.46
latter	-0.55	1.61
hours	-0.55	2.02
solve	-0.55	2.31
often	-0.55	1.86
desire	-0.55	1.54
struck	-0.55	1.09
germany	-0.55	1.19
well	-0.54	2.68
sexist	-0.54	1.03
coma	-0.54	1.29
times	-0.54	2.12
manage	-0.54	2.35
lean	-0.54	1.39
unpopular	-0.54	2.12
utterly	-0.54	1.45
explain	-0.54	2.84
exists	-0.54	1.49
ugly	-0.54	2.18
try	-0.54	2.46
recently	-0.54	2.18
traffic	-0.54	1.34
needed	-0.54	2.13
leaves	-0.54	1.72
tiny	-0.54	1.25
ridiculously	-0.54	1.81
staff	-0.54	1.33
laws	-0.54	1.15
catches	-0.53	1.70
actions	-0.53	1.24
admittedly	-0.53	1.41
contact	-0.53	1.30
lockup	-0.53	1.35
brazil	-0.53	1.27
become	-0.53	2.12
surely	-0.53	2.94
attempting	-0.53	1.80
decades	-0.53	2.05
hype	-0.53	1.30
enough	-0.53	2.31
weeks	-0.53	2.04
roads	-0.53	1.27
throw	-0.53	1.89
bird	-0.53	1.32
rtl	-0.52	1.08
continue	-0.52	2.08
figured	-0.52	2.42
adjusted	-0.52	1.36
foot	-0.52	1.41
vertical	-0.52	1.25
oval	-0.52	1.52
significantly	-0.52	1.90
gay	-0.52	1.16
proposed	-0.52	1.54
write	-0.52	1.50
attending	-0.52	1.46
makes	-0.52	1.97
realise	-0.52	2.79
flipped	-0.52	1.54
definition	-0.52	1.52
positive	-0.52	1.21
preference	-0.52	1.50
filled	-0.51	1.11
born	-0.51	0.95
trend	-0.51	1.61
pits	-0.51	1.88
spectators	-0.51	1.08
dealing	-0.51	1.43
decade	-0.51	2.14
stayed	-0.51	1.60
saved	-0.51	1.44
interview	-0.51	1.45
order	-0.51	2.20
world	-0.51	2.65
affect	-0.51	1.36
remotely	-0.51	1.62
britain	-0.51	1.19
backwards	-0.51	2.08
concerns	-0.51	1.50
very	-0.51	1.86
steps	-0.51	1.35
finland	-0.51	1.17
occasions	-0.51	1.70
entire	-0.51	2.02
changed	-0.51	1.80
schedule	-0.51	1.67
quoted	-0.51	2.16
suggested	-0.51	1.72
havent	-0.50	2.01
forcing	-0.50	1.63
2012	-0.50	1.32
advertising	-0.50	1.04
regs	-0.50	1.51
step	-0.50	1.87
flip	-0.50	1.12
customers	-0.50	1.32
track	-0.50	1.72
bus	-0.50	1.30
flipping	-0.50	1.41
acts	-0.50	1.16
opinions	-0.50	1.93
things	-0.50	2.70
gps	-0.50	1.42
base	-0.50	1.33
deserved	-0.50	1.52
ayrton	-0.50	1.61
severely	-0.50	1.37
regulation	-0.50	1.80
incredibly	-0.50	1.88
failed	-0.49	2.11
reports	-0.49	1.75
scores	-0.49	1.32
san	-0.49	1.20
tight	-0.49	1.30
cunt	-0.49	1.28
counted	-0.49	1.66
spot	-0.49	2.25
throwing	-0.49	1.49
stewards	-0.49	1.73
usa	-0.49	1.14
forgetting	-0.49	2.64
retire	-0.49	1.93
highly	-0.49	1.98
since	-0.49	2.11
option	-0.49	1.84
fairly	-0.49	1.81
medical	-0.49	1.30
silent	-0.49	1.35
investigation	-0.49	1.63
raised	-0.49	1.18
cheating	-0.49	1.48
guilty	-0.48	1.63
ensure	-0.48	1.68
incorrect	-0.48	3.99
e.g	-0.48	1.38
bring	-0.48	2.04
kept	-0.48	1.98
loss	-0.48	1.39
italy	-0.48	1.20
were	-0.48	2.35
rob	-0.48	1.12
primarily	-0.48	1.46
votes	-0.48	1.74
massively	-0.48	1.69
promised	-0.48	1.19
impossible	-0.48	1.87
reputation	-0.48	1.12
week	-0.48	2.05
tried	-0.48	2.12
popularity	-0.48	1.26
number	-0.47	2.10
helps	-0.47	2.05
allows	-0.47	1.85
regulations	-0.47	1.52
decisions	-0.47	1.48
tractor	-0.47	1.25
allow	-0.47	1.99
sometime	-0.47	2.06
improve	-0.47	1.52
day	-0.47	2.20
airport	-0.47	1.34
overheating	-0.47	1.48
pitstops	-0.47	1.43
anytime	-0.47	1.97
proportion	-0.47	1.22
furthermore	-0.47	1.64
ruling	-0.46	1.59
eg	-0.46	1.14
article	-0.46	1.63
drastically	-0.46	1.41
ps	-0.46	1.37
bigger	-0.46	1.82
excited	-0.46	3.44
gilles	-0.46	1.30
ride	-0.46	1.29
couldnt	-0.46	2.26
mostly	-0.46	2.00
stating	-0.46	4.12
later	-0.46	2.02
jcb	-0.46	1.26
chance	-0.46	2.12
nowadays	-0.46	1.64
proves	-0.46	1.90
prove	-0.46	2.43
until	-0.45	2.20
glass	-0.45	1.19
russia	-0.45	1.11
dare	-0.45	1.81
alcohol	-0.45	1.07
hand	-0.45	1.91
wondered	-0.45	2.40
storm	-0.45	1.25
necessary	-0.45	1.61
speak	-0.45	1.61
minimum	-0.45	1.49
almost	-0.45	2.55
fake	-0.45	1.18
push	-0.45	1.95
wait	-0.45	2.65
coming	-0.45	2.18
started	-0.45	1.98
pulls	-0.45	1.59
survive	-0.45	2.07
carried	-0.45	1.42
2010	-0.45	1.32
timed	-0.45	1.40
ways	-0.45	2.11
express	-0.45	1.32
days	-0.45	2.00
deserves	-0.45	1.70
draw	-0.44	1.54
raced	-0.44	1.34
moved	-0.44	1.81
whom	-0.44	1.61
slowly	-0.44	1.88
together	-0.44	2.26
major	-0.44	1.51
compare	-0.44	1.67
spread	-0.44	1.38
bank	-0.44	1.09
kimi	-0.44	1.61
backing	-0.44	1.17
evidence	-0.44	1.88
further	-0.44	1.91
interviewer	-0.43	1.86
travelling	-0.43	1.42
paper	-0.43	1.15
state	-0.43	1.40
piss	-0.43	1.35
downvotes	-0.43	1.87
safer	-0.43	1.48
hence	-0.43	1.66
court	-0.43	1.75
counter	-0.43	1.51
thus	-0.43	1.49
walked	-0.43	1.60
afraid	-0.43	3.40
unable	-0.43	2.11
helping	-0.43	1.87
earlier	-0.43	2.10
stops	-0.43	1.51
pushed	-0.43	1.74
parade	-0.43	1.47
breaking	-0.42	1.39
walls	-0.42	1.47
joined	-0.42	1.34
depressing	-0.42	2.28
wdcs	-0.42	1.95
croft	-0.42	1.23
compromise	-0.42	1.33
able	-0.42	2.34
hospital	-0.42	1.33
seems	-0.42	1.97
predict	-0.42	2.18
failing	-0.42	2.01
excluded	-0.42	1.52
considerably	-0.42	1.93
benefit	-0.42	1.38
served	-0.42	1.76
podiums	-0.42	1.73
discussed	-0.42	1.87
lie	-0.42	2.60
mainly	-0.42	1.68
despite	-0.42	1.57
ovals	-0.42	1.51
knock	-0.42	1.62
courses	-0.42	1.49
serve	-0.41	1.61
excluding	-0.41	1.35
stage	-0.41	1.47
save	-0.41	1.96
situations	-0.41	1.61
viewers	-0.41	1.26
tomorrow	-0.41	1.99
switched	-0.41	1.62
stretch	-0.41	1.62
reasoning	-0.41	2.05
christian	-0.41	1.35
brands	-0.41	1.16
going	-0.40	3.18
2011	-0.40	1.32
standing	-0.40	1.59
sure	-0.40	3.55
completed	-0.40	1.68
post-race	-0.40	1.37
reduced	-0.40	1.36
person	-0.40	2.27
dump	-0.40	1.12
pitstop	-0.40	1.51
temporary	-0.40	1.15
cancel	-0.40	1.53
pays	-0.40	1.44
turning	-0.40	2.13
yeah	-0.40	3.98
writing	-0.40	1.34
poles	-0.40	1.72
hide	-0.40	1.67
elevation	-0.40	1.26
learned	-0.40	1.87
onto	-0.40	1.65
2013	-0.40	1.34
put	-0.40	2.17
shall	-0.39	1.57
child	-0.39	1.01
crane	-0.39	1.25
danish	-0.39	1.35
laps	-0.39	1.79
part	-0.39	2.15
instantly	-0.39	1.82
form	-0.39	1.85
lifted	-0.39	1.49
leg	-0.39	1.20
applying	-0.39	1.38
side	-0.39	1.88
statements	-0.39	1.97
sideways	-0.39	1.49
reporter	-0.39	1.54
daytona	-0.39	1.59
praise	-0.39	1.49
fixing	-0.39	1.55
talks	-0.39	2.51
figures	-0.39	1.54
instance	-0.39	1.54
received	-0.38	1.52
hits	-0.38	1.31
implies	-0.38	2.29
applies	-0.38	1.92
noticed	-0.38	2.37
rid	-0.38	1.06
city	-0.38	1.26
used	-0.38	2.10
england	-0.38	1.13
beginning	-0.38	1.80
protect	-0.38	1.43
gave	-0.38	1.82
packed	-0.38	1.82
france	-0.38	1.14
centre	-0.38	1.46
target	-0.38	1.36
plenty	-0.38	1.93
up	-0.38	2.35
stays	-0.38	1.77
find	-0.38	2.56
sitting	-0.37	1.78
publicly	-0.37	1.62
stands	-0.37	1.86
counting	-0.37	1.51
fear	-0.37	1.53
threatened	-0.37	1.66
lifting	-0.37	1.37
tear	-0.37	1.16
other	-0.37	2.33
danger	-0.37	1.20
confirm	-0.37	2.24
improves	-0.37	1.35
organization	-0.37	1.11
scary	-0.37	2.02
away	-0.37	2.09
shocked	-0.37	3.47
becoming	-0.37	1.95
theoretically	-0.37	1.81
within	-0.37	1.90
mass	-0.37	1.44
determined	-0.37	1.57
retiring	-0.36	1.47
carry	-0.36	1.79
opportunity	-0.36	2.24
discount	-0.36	1.25
proof	-0.36	2.27
debatable	-0.36	1.84
into	-0.36	1.70
greatest	-0.36	4.04
increases	-0.36	1.41
finnish	-0.36	1.28
rounds	-0.36	1.92
letting	-0.36	1.97
soft	-0.36	1.60
texas	-0.36	1.17
classified	-0.36	2.12
decrease	-0.36	1.34
bars	-0.35	1.20
lost	-0.35	1.73
supposedly	-0.35	1.46
beside	-0.35	1.48
existed	-0.35	1.89
wan	-0.35	2.39
bar	-0.35	1.17
overly	-0.35	1.68
lay	-0.35	1.17
standards	-0.35	1.31
theory	-0.35	1.92
gifted	-0.35	1.38
waited	-0.35	1.83
breathing	-0.35	1.32
realize	-0.35	3.21
bias	-0.35	1.42
increase	-0.35	1.34
middle	-0.35	1.33
jerez	-0.35	1.39
required	-0.35	1.54
mexico	-0.35	1.14
boot	-0.35	1.05
jokes	-0.35	1.71
bag	-0.35	1.13
rolled	-0.35	1.68
options	-0.35	1.63
audience	-0.35	1.31
react	-0.34	2.02
south	-0.34	1.18
application	-0.34	1.22
run	-0.34	2.01
longer	-0.34	2.09
return	-0.34	1.74
shaped	-0.34	1.23
indy	-0.34	1.54
became	-0.34	1.71
hold	-0.34	2.16
plain	-0.34	1.31
achieve	-0.34	2.01
apply	-0.34	1.85
marshal	-0.34	1.21
equivalent	-0.34	2.12
tire	-0.34	1.49
patch	-0.34	1.29
policy	-0.34	1.46
country	-0.34	1.16
partially	-0.34	2.39
difference	-0.34	1.81
american	-0.34	1.27
puts	-0.34	1.56
berger	-0.34	1.00
decided	-0.34	2.41
fan	-0.34	2.80
500	-0.34	1.63
heh	-0.34	1.49
east	-0.33	1.16
introduced	-0.33	1.34
recognize	-0.33	2.48
surprising	-0.33	2.30
internet	-0.33	1.28
race	-0.33	2.11
indication	-0.33	2.21
virtually	-0.33	1.67
strategies	-0.33	1.45
math	-0.33	1.31
simply	-0.33	2.99
ruthless	-0.33	1.10
monday	-0.33	1.56
choosing	-0.33	1.60
disadvantage	-0.33	1.43
yourself	-0.33	2.22
width	-0.33	1.37
grounds	-0.33	1.53
europe	-0.33	1.15
ship	-0.32	1.37
following	-0.32	1.21
marshall	-0.32	1.17
along	-0.32	1.71
flight	-0.32	1.32
weird	-0.32	2.45
cancelled	-0.32	1.49
hardcore	-0.32	1.45
surprised	-0.32	3.45
2008	-0.32	1.39
planned	-0.32	1.93
lasted	-0.32	1.82
commenting	-0.32	2.61
april	-0.32	1.52
usual	-0.32	1.12
tobacco	-0.32	1.03
reckon	-0.32	2.63
compensate	-0.32	1.50
built	-0.32	1.60
threw	-0.32	1.56
heavier	-0.32	1.85
mood	-0.32	1.54
stand	-0.32	2.70
attend	-0.31	1.47
mile	-0.31	1.71
grade	-0.31	1.26
alive	-0.31	1.56
government	-0.31	1.21
turn	-0.31	1.86
pushes	-0.31	1.51
i.e	-0.31	1.05
changes	-0.31	1.42
hour	-0.31	1.79
marshalls	-0.31	1.17
myself	-0.31	2.46
tag	-0.31	1.53
shorter	-0.31	1.74
crashtor	-0.31	1.44
countries	-0.31	1.14
historically	-0.31	2.03
bianchi	-0.31	1.26
subject	-0.31	1.63
silence	-0.31	1.24
insanely	-0.30	1.84
basis	-0.30	1.36
related	-0.30	1.32
concept	-0.30	1.38
judgement	-0.30	1.62
installed	-0.30	1.36
belong	-0.30	2.02
took	-0.30	1.87
agree	-0.30	4.24
questions	-0.30	1.93
kicking	-0.30	1.58
spots	-0.30	1.79
relative	-0.30	1.59
traps	-0.30	1.75
own	-0.30	1.56
ending	-0.30	1.08
previous	-0.30	2.19
im	-0.30	2.77
regulated	-0.30	1.39
focus	-0.30	1.30
flat	-0.30	1.17
climb	-0.29	1.57
rule	-0.29	1.48
attempted	-0.29	1.82
health	-0.29	1.19
walking	-0.29	1.40
proud	-0.29	3.14
asleep	-0.29	1.37
stay	-0.29	2.16
dramatically	-0.29	1.48
applied	-0.29	1.62
joke	-0.29	2.27
harsh	-0.29	1.35
austin	-0.29	1.39
proving	-0.29	2.12
arm	-0.29	1.33
spoilers	-0.29	1.49
including	-0.29	1.61
everywhere	-0.29	1.21
areas	-0.29	1.36
trial	-0.29	1.64
pirelli	-0.29	1.59
contribute	-0.29	1.55
explicitly	-0.29	2.14
clause	-0.29	1.79
gamble	-0.29	1.60
sums	-0.28	1.36
victories	-0.28	1.71
foreign	-0.28	1.36
misunderstood	-0.28	4.16
individual	-0.28	1.54
golden	-0.28	1.10
marshals	-0.28	1.18
personal	-0.28	1.80
deficit	-0.28	1.50
iirc	-0.28	1.67
body	-0.28	1.34
cup	-0.28	1.14
prior	-0.28	1.90
horse	-0.28	1.40
tax	-0.28	1.44
reduce	-0.28	1.41
stepped	-0.28	1.28
entered	-0.28	1.73
seemingly	-0.28	1.53
mid-season	-0.28	1.52
whereas	-0.28	1.16
receive	-0.28	1.60
strategic	-0.28	1.19
unsafe	-0.28	1.29
recovered	-0.28	1.48
recovery	-0.28	1.28
limiting	-0.27	1.36
isnt	-0.27	1.92
route	-0.27	1.48
arrive	-0.27	1.85
known	-0.27	2.44
expecting	-0.27	2.79
legal	-0.27	1.54
wins	-0.27	1.70
kills	-0.27	0.98
struggles	-0.27	1.64
strikes	-0.27	1.28
2009	-0.27	1.44
incentive	-0.27	2.12
elsewhere	-0.27	2.07
woke	-0.27	1.76
confusing	-0.27	1.68
down	-0.27	1.92
themselves	-0.27	2.05
relatively	-0.27	1.76
conference	-0.27	1.53
canadian	-0.27	1.20
scored	-0.27	1.63
goal	-0.27	1.79
pitting	-0.27	1.56
solution	-0.27	1.97
actually	-0.27	3.23
increased	-0.27	1.39
scheduled	-0.27	1.79
pull	-0.26	2.03
planning	-0.26	1.91
participate	-0.26	1.83
fraction	-0.26	1.32
month	-0.26	1.73
super	-0.26	1.77
confirmation	-0.26	1.55
newer	-0.26	1.42
rains	-0.26	1.70
nature	-0.26	1.57
na	-0.26	2.50
strongest	-0.26	3.94
actively	-0.26	1.31
sign	-0.26	1.79
bored	-0.26	2.41
choices	-0.26	1.42
coast	-0.26	1.23
row	-0.26	1.88
percent	-0.26	1.48
afaik	-0.26	1.31
gained	-0.26	1.48
extract	-0.26	1.96
chinese	-0.26	1.22
disqualification	-0.25	1.40
dropping	-0.25	1.41
favorites	-0.25	3.64
walk	-0.25	1.57
understeer	-0.25	1.46
international	-0.25	1.24
joining	-0.25	1.61
california	-0.25	1.22
elaborate	-0.25	2.43
giant	-0.25	1.29
treat	-0.25	1.22
hotel	-0.25	1.24
speaks	-0.25	1.20
rise	-0.25	1.43
2014	-0.25	1.67
sun	-0.25	1.31
argued	-0.25	2.10
bump	-0.25	1.39
risks	-0.25	1.26
2005	-0.25	1.38
financial	-0.25	1.37
downtown	-0.25	1.44
eastern	-0.24	1.17
clear	-0.24	2.31
overall	-0.24	1.53
larger	-0.24	1.85
neck	-0.24	1.24
reactions	-0.24	1.35
according	-0.24	1.60
surprisingly	-0.24	1.75
raise	-0.24	1.43
stint	-0.24	1.62
partly	-0.24	1.74
handful	-0.24	1.84
pitted	-0.24	1.60
electrical	-0.24	1.35
each	-0.24	2.21
sporting	-0.24	1.44
handling	-0.24	1.41
denying	-0.24	2.64
cope	-0.24	1.73
randomly	-0.24	1.63
spins	-0.24	1.51
stick	-0.23	1.81
nicer	-0.23	1.87
viewership	-0.23	1.22
travel	-0.23	1.33
restart	-0.23	1.53
bonus	-0.23	1.39
expand	-0.23	1.47
november	-0.23	1.76
french	-0.23	1.33
lane	-0.23	1.67
creates	-0.23	1.37
general	-0.23	1.43
touching	-0.23	1.26
translate	-0.23	1.80
spanish	-0.23	1.33
exceed	-0.23	1.57
influence	-0.23	1.32
squeeze	-0.23	1.87
redesign	-0.23	1.37
attendance	-0.23	1.31
leader	-0.23	1.69
sub	-0.23	1.74
several	-0.23	1.81
perception	-0.23	1.51
riding	-0.23	1.27
sensitive	-0.23	1.21
depending	-0.22	1.51
blog	-0.22	1.46
stated	-0.22	2.15
three	-0.22	1.90
length	-0.22	1.60
increasing	-0.22	1.41
whose	-0.22	1.35
smaller	-0.22	1.76
curious	-0.22	3.43
period	-0.22	1.76
till	-0.22	2.14
five	-0.22	1.90
mosley	-0.22	1.38
podium	-0.22	1.17
critical	-0.22	1.31
written	-0.22	1.66
tape	-0.22	1.19
advantage	-0.22	1.48
those	-0.22	1.91
ecclestone	-0.22	1.34
native	-0.22	1.64
plan	-0.22	1.61
spoken	-0.22	1.45
interests	-0.22	1.36
italian	-0.22	1.29
rules	-0.22	1.50
refueling	-0.22	1.50
shoulders	-0.22	1.36
fortune	-0.22	1.27
remaining	-0.22	2.31
formation	-0.22	1.71
offered	-0.22	1.60
portion	-0.22	1.37
crushed	-0.22	1.24
population	-0.22	1.18
emotions	-0.22	1.27
eight	-0.22	1.84
chosen	-0.22	1.53
aus	-0.21	1.25
australian	-0.21	1.12
immediate	-0.21	1.18
transfer	-0.21	1.48
transport	-0.21	1.30
weekend	-0.21	1.96
weekends	-0.21	1.87
statistics	-0.21	1.85
worthy	-0.21	1.44
requirements	-0.21	1.24
transmission	-0.21	1.30
understood	-0.21	2.34
wide	-0.21	1.40
dutch	-0.21	1.14
feet	-0.21	1.50
aswell	-0.21	1.30
regarding	-0.21	1.59
improvement	-0.21	1.52
effects	-0.21	1.27
precedent	-0.21	1.55
join	-0.21	1.85
lower	-0.21	1.95
shadow	-0.21	1.34
london	-0.21	1.37
2-3	-0.21	1.83
falling	-0.20	1.38
function	-0.20	1.58
gain	-0.20	1.62
though	-0.20	3.16
hoop	-0.20	1.23
grab	-0.20	1.42
dirt	-0.20	1.32
duration	-0.20	1.60
karts	-0.20	1.17
forgotten	-0.20	2.71
breath	-0.20	1.36
disqualified	-0.20	1.48
drove	-0.20	1.71
theirs	-0.20	1.71
pit	-0.20	1.50
asia	-0.20	1.17
based	-0.20	1.58
few	-0.20	1.83
implement	-0.20	2.04
many	-0.20	1.94
today	-0.20	2.90
gives	-0.20	1.52
switch	-0.20	1.62
product	-0.20	1.09
wasting	-0.20	2.05
passed	-0.20	1.68
95	-0.20	1.07
card	-0.20	1.07
two	-0.20	1.89
early	-0.20	1.61
costing	-0.20	1.46
taxes	-0.20	1.29
parking	-0.20	1.46
swedish	-0.20	1.27
round	-0.19	1.64
2017	-0.19	1.90
ratings	-0.19	1.22
fia	-0.19	1.96
russian	-0.19	1.22
guaranteed	-0.19	1.87
lots	-0.19	1.66
couple	-0.19	1.82
bringing	-0.19	1.59
six	-0.19	1.88
there	-0.19	2.79
mandatory	-0.19	1.47
budget	-0.19	1.39
yesterday	-0.19	1.82
reducing	-0.19	1.40
medium	-0.19	1.62
sudden	-0.19	1.26
multiple	-0.19	1.77
miles	-0.19	1.65
eyes	-0.19	1.28
nascar	-0.19	1.25
global	-0.19	1.40
exchange	-0.19	1.47
reversed	-0.19	1.44
faith	-0.19	1.32
ten	-0.18	1.79
area	-0.18	1.41
badly	-0.18	2.09
late	-0.18	1.58
prime	-0.18	1.55
lateral	-0.18	1.43
pretending	-0.18	2.37
explode	-0.18	1.36
amount	-0.18	1.47
learn	-0.18	2.02
eras	-0.18	1.84
funding	-0.18	1.08
0	-0.18	1.55
impression	-0.18	2.51
four	-0.18	1.88
higher	-0.18	1.96
handle	-0.18	1.85
restrictions	-0.18	1.50
fairness	-0.18	1.19
confirmed	-0.18	1.77
ignoring	-0.18	1.85
pulled	-0.18	1.67
called	-0.18	1.87
english	-0.18	1.73
circumstances	-0.18	1.80
deployed	-0.18	1.35
drag	-0.18	1.54
gearbox	-0.18	1.34
announced	-0.17	2.00
external	-0.17	1.28
pitlane	-0.17	1.64
signs	-0.17	1.24
random	-0.17	1.34
onwards	-0.17	1.39
suggests	-0.17	1.61
plane	-0.17	1.32
summer	-0.17	1.44
attract	-0.17	1.27
japanese	-0.17	1.27
tall	-0.17	1.36
list	-0.17	2.97
parked	-0.17	1.48
sets	-0.17	1.61
facility	-0.17	1.24
2007	-0.17	1.39
earn	-0.17	1.68
cooling	-0.17	1.37
market	-0.17	1.18
swap	-0.17	1.69
progress	-0.17	1.54
german	-0.17	1.28
limits	-0.17	1.46
deemed	-0.17	1.96
fresh	-0.17	1.59
championships	-0.17	1.90
sponsoring	-0.17	0.97
2006	-0.17	1.39
compounds	-0.16	1.59
locking	-0.16	1.51
winners	-0.16	1.77
requirement	-0.16	1.35
television	-0.16	1.07
dreams	-0.16	1.46
sole	-0.16	1.55
kerb	-0.16	1.37
extent	-0.16	1.22
won	-0.16	1.91
interpretation	-0.16	1.68
numerous	-0.16	1.66
2000s	-0.16	1.18
garage	-0.16	1.51
adjust	-0.16	1.55
these	-0.16	1.84
softs	-0.16	1.64
senna	-0.16	1.29
include	-0.16	1.76
hole	-0.16	1.31
malaysian	-0.16	1.23
pdvsa	-0.16	1.14
ends	-0.16	1.87
operate	-0.16	1.59
established	-0.16	1.66
employees	-0.16	1.44
leading	-0.16	1.51
banning	-0.16	1.31
80s	-0.15	1.22
worth	-0.15	1.94
brake	-0.15	1.43
harvesting	-0.15	1.51
slot	-0.15	1.73
winter	-0.15	1.47
treated	-0.15	1.48
2016	-0.15	1.99
wild	-0.15	1.29
overtaken	-0.15	1.53
winner	-0.15	1.49
decline	-0.15	1.29
metal	-0.15	0.94
process	-0.15	1.52
barrier	-0.15	1.21
rich	-0.15	1.05
canopy	-0.15	1.24
expectations	-0.15	1.37
downhill	-0.15	1.30
de	-0.15	1.27
humor	-0.15	1.63
bill	-0.15	1.49
altogether	-0.15	1.88
imo	-0.15	3.00
mediums	-0.15	1.64
funds	-0.15	1.26
viewer	-0.15	1.39
memory	-0.15	1.68
intended	-0.15	2.36
practical	-0.15	1.30
denied	-0.15	1.88
lives	-0.15	1.11
whiting	-0.15	1.52
kg	-0.15	1.57
drive	-0.15	2.41
conditions	-0.15	1.52
damaged	-0.14	1.00
softer	-0.14	1.55
harder	-0.14	1.78
column	-0.14	1.29
truck	-0.14	1.47
stints	-0.14	1.66
member	-0.14	1.32
asking	-0.14	2.80
long	-0.14	2.17
described	-0.14	1.78
supplied	-0.14	1.64
momentum	-0.14	1.70
tyre	-0.14	1.49
perform	-0.14	1.86
tyres	-0.14	1.57
fill	-0.14	1.39
dq	-0.14	1.55
distance	-0.14	1.71
tires	-0.14	1.55
ears	-0.14	1.26
trucks	-0.14	1.40
escape	-0.14	1.43
closer	-0.14	1.56
cornering	-0.14	1.37
outside	-0.14	1.51
4	-0.14	1.81
brazilian	-0.13	1.25
scoring	-0.13	1.71
west	-0.13	1.12
stepping	-0.13	1.61
cheering	-0.13	2.60
rubber	-0.13	1.30
consecutive	-0.13	1.87
points	-0.13	1.65
signing	-0.13	1.65
horner	-0.13	1.37
gaining	-0.13	1.55
tons	-0.13	1.54
reduction	-0.13	1.37
insurance	-0.13	1.31
charity	-0.13	1.48
dependent	-0.13	1.34
ban	-0.13	1.30
itv	-0.13	1.10
compound	-0.13	1.56
seconds	-0.13	1.82
practically	-0.13	1.65
runners	-0.13	2.36
spent	-0.13	1.62
wider	-0.13	1.56
apex	-0.13	1.51
losses	-0.13	1.32
working	-0.13	2.38
crying	-0.13	1.14
adding	-0.13	1.33
edge	-0.13	1.37
reach	-0.13	1.61
pay	-0.13	1.45
funded	-0.13	1.39
redditors	-0.13	1.51
patient	-0.13	1.26
clarify	-0.13	4.18
sc	-0.13	1.51
rosbergs	-0.13	1.35
unknown	-0.13	1.31
anyways	-0.12	2.59
brakes	-0.12	1.47
sport	-0.12	1.62
paid	-0.12	1.55
improvements	-0.12	1.48
states	-0.12	1.25
sigh	-0.12	1.38
future	-0.12	1.85
noting	-0.12	1.60
weight	-0.12	1.51
parents	-0.12	0.94
3-4	-0.12	1.82
2003	-0.12	1.32
5	-0.12	1.79
hundreds	-0.12	1.65
desperate	-0.12	1.81
heading	-0.12	1.51
introduce	-0.12	1.46
crew	-0.12	1.41
stronger	-0.12	2.16
clutch	-0.12	1.38
plug	-0.12	1.27
trade	-0.12	1.47
changing	-0.12	1.52
ton	-0.12	1.51
johnny	-0.12	1.47
gains	-0.11	1.48
hands	-0.11	1.46
arent	-0.11	1.77
plans	-0.11	1.71
key	-0.11	1.26
buy	-0.11	1.44
purely	-0.11	1.53
differential	-0.11	1.50
downvoted	-0.11	1.96
inters	-0.11	1.58
positions	-0.11	1.84
levels	-0.11	1.61
heavy	-0.11	1.37
loads	-0.11	1.42
montezemolo	-0.11	1.43
annoys	-0.11	1.08
cleared	-0.11	1.44
titles	-0.11	1.87
pro	-0.11	1.16
around	-0.11	1.78
comparisons	-0.11	1.69
parabolica	-0.11	1.48
100kg	-0.11	1.52
drops	-0.11	1.64
reverse	-0.11	1.37
bitter	-0.11	2.20
location	-0.10	1.33
finishes	-0.10	1.76
weigh	-0.10	1.79
slowing	-0.10	1.39
treatment	-0.10	1.40
dhabi	-0.10	1.22
inaccurate	-0.10	4.04
licence	-0.10	1.37
scratch	-0.10	1.46
respect	-0.10	1.05
abu	-0.10	1.22
illegal	-0.10	1.62
accelerate	-0.10	1.75
bucks	-0.10	1.61
repeatedly	-0.10	1.18
suppose	-0.10	3.46
enforced	-0.10	1.57
spin	-0.10	1.46
by	-0.10	1.83
possible	-0.10	2.32
mid	-0.10	1.51
spare	-0.10	1.43
generated	-0.10	1.44
statement	-0.10	2.52
fitted	-0.10	1.80
wets	-0.10	1.57
effect	-0.10	1.36
sprint	-0.10	1.34
respective	-0.10	1.65
surface	-0.10	1.36
spend	-0.10	1.54
programs	-0.10	1.35
companies	-0.10	1.11
ballast	-0.10	1.51
central	-0.10	1.22
priority	-0.10	1.52
money	-0.10	1.42
lighter	-0.09	1.91
hired	-0.09	1.30
1/2	-0.09	1.62
exiting	-0.09	1.46
paddock	-0.09	1.55
stake	-0.09	1.27
confused	-0.09	3.30
upgrades	-0.09	1.39
lock	-0.09	1.55
olympics	-0.09	1.20
roughly	-0.09	1.85
exceeding	-0.09	1.48
tighter	-0.09	1.48
grandstands	-0.09	1.56
slowed	-0.09	1.53
slick	-0.09	1.51
fe	-0.09	1.53
sponsorship	-0.09	1.10
main	-0.09	1.66
michelin	-0.09	1.59
30	-0.09	1.59
strictly	-0.09	1.52
upvotes	-0.09	1.77
produced	-0.09	3.32
orders	-0.09	1.60
shake	-0.09	1.53
tweets	-0.09	1.41
6	-0.08	1.75
stock	-0.08	1.23
uk	-0.08	1.19
pedal	-0.08	1.42
jones	-0.08	0.89
leaving	-0.08	1.77
betting	-0.08	1.38
creating	-0.08	1.23
fly	-0.08	1.37
score	-0.08	1.79
heart	-0.08	1.20
accent	-0.08	1.17
locked	-0.08	1.54
ted	-0.08	1.27
published	-0.08	1.59
read	-0.08	1.67
seven	-0.08	1.68
athletes	-0.08	1.33
grip	-0.08	1.36
tenths	-0.08	1.89
invest	-0.08	1.50
gran	-0.08	1.10
build	-0.08	1.57
enter	-0.08	1.68
belongs	-0.08	1.43
limit	-0.08	1.43
phase	-0.08	1.57
younger	-0.08	1.24
banned	-0.08	1.29
night	-0.08	1.69
owners	-0.08	1.28
debt	-0.08	1.34
their	-0.08	1.69
cart	-0.08	1.23
michael	-0.07	1.16
smoke	-0.07	1.35
path	-0.07	1.53
variables	-0.07	1.59
massive	-0.07	1.49
sliding	-0.07	1.48
frustration	-0.07	1.46
meters	-0.07	1.69
self	-0.07	1.18
bound	-0.07	1.59
located	-0.07	1.51
donuts	-0.07	1.21
slight	-0.07	1.39
sent	-0.07	1.35
triple	-0.07	1.44
hiring	-0.07	1.40
burned	-0.07	1.43
belt	-0.07	1.28
here	-0.07	2.49
friction	-0.07	1.33
1994	-0.07	1.24
hundred	-0.07	1.59
bodywork	-0.07	1.25
empty	-0.07	1.50
thursday	-0.07	1.91
morning	-0.07	1.81
chicanes	-0.06	1.25
work	-0.06	2.87
homologated	-0.06	1.93
factor	-0.06	1.70
gary	-0.06	1.33
members	-0.06	1.33
new	-0.06	1.61
technical	-0.06	1.27
km	-0.06	1.55
undercut	-0.06	1.42
arms	-0.06	1.35
produce	-0.06	1.64
balance	-0.06	1.35
hats	-0.06	1.03
regularly	-0.06	1.52
tune	-0.06	1.35
thousand	-0.06	1.57
eddie	-0.06	1.25
same	-0.06	2.85
annoyed	-0.06	2.96
facilities	-0.06	1.31
noticeable	-0.06	1.64
indycar	-0.06	1.52
g	-0.06	1.39
determine	-0.06	1.74
cutting	-0.06	1.36
slicks	-0.06	1.55
appeal	-0.06	1.59
united	-0.06	1.27
kravitz	-0.06	1.28
crossing	-0.06	1.39
rain	-0.06	1.47
daft	-0.06	1.38
09	-0.06	1.42
stats	-0.06	1.51
itself	-0.06	1.63
dunno	-0.06	2.36
entrance	-0.06	1.47
min	-0.06	1.67
forces	-0.06	1.37
reflect	-0.06	1.69
q	-0.06	1.79
prix	-0.06	1.33
destroying	-0.06	1.25
honest	-0.05	3.51
tested	-0.05	1.61
specs	-0.05	1.58
sorted	-0.05	2.00
downforce	-0.05	1.49
sale	-0.05	1.25
busy	-0.05	2.01
atleast	-0.05	1.37
affects	-0.05	1.28
ball	-0.05	1.29
wears	-0.05	1.02
turns	-0.05	1.44
manager	-0.05	1.30
grandstand	-0.05	1.64
referred	-0.05	1.64
agreeing	-0.05	3.81
belgian	-0.05	1.32
deliver	-0.05	1.88
50	-0.05	1.50
shell	-0.05	1.08
grand	-0.05	1.34
10	-0.05	1.70
defined	-0.05	1.51
hungarian	-0.04	1.31
numbers	-0.04	1.52
exposure	-0.04	1.17
sunday	-0.04	1.69
offers	-0.04	1.32
fresher	-0.04	1.63
400	-0.04	1.49
montoya	-0.04	1.14
fee	-0.04	1.35
pattern	-0.04	1.47
sponsors	-0.04	1.04
downvote	-0.04	2.08
broadcaster	-0.04	1.10
freeze	-0.04	1.46
ron	-0.04	1.43
placing	-0.04	1.59
euros	-0.04	1.51
breach	-0.04	1.50
question	-0.04	2.83
pounds	-0.04	1.58
viewing	-0.04	1.23
juan	-0.04	1.34
returning	-0.04	1.55
braking	-0.04	1.47
snow	-0.04	1.35
differences	-0.04	1.45
awake	-0.04	1.96
procedure	-0.04	1.39
luxury	-0.04	0.92
acceleration	-0.04	1.38
component	-0.04	1.32
steering	-0.04	1.46
struggling	-0.04	2.01
handles	-0.04	1.44
charging	-0.04	1.37
honesty	-0.03	1.18
2015	-0.03	2.14
jb	-0.03	1.66
briatore	-0.03	1.28
core	-0.03	1.21
additionally	-0.03	1.10
corsa	-0.03	1.41
personnel	-0.03	1.28
bought	-0.03	1.26
users	-0.03	1.63
appear	-0.03	1.34
2004	-0.03	1.34
martin	-0.03	1.26
schumi	-0.03	1.31
release	-0.03	1.64
wake	-0.03	1.58
having	-0.03	1.62
upper	-0.03	1.48
book	-0.03	1.37
anger	-0.03	1.41
millions	-0.03	1.51
gate	-0.03	1.42
parts	-0.03	1.19
began	-0.03	1.47
percentage	-0.03	1.38
appeared	-0.03	1.20
sec	-0.03	1.71
fund	-0.03	1.37
style	-0.03	1.34
included	-0.03	1.43
ai	-0.03	1.62
shift	-0.03	1.38
bridgestone	-0.03	1.55
entering	-0.03	1.51
herbert	-0.03	1.25
group	-0.03	1.31
network	-0.03	1.08
dollars	-0.02	1.53
7	-0.02	1.68
underneath	-0.02	1.36
tour	-0.02	1.18
cross	-0.02	1.40
gears	-0.02	1.37
glory	-0.02	1.13
investors	-0.02	1.26
worrying	-0.02	2.02
mclaren-honda	-0.02	1.67
cockpit	-0.02	1.28
refuelling	-0.02	1.42
granted	-0.02	1.47
lift	-0.02	1.37
dry	-0.02	1.70
ego	-0.02	1.17
cloud	-0.02	1.31
law	-0.02	1.55
maintain	-0.02	1.43
sold	-0.02	1.26
attached	-0.02	1.37
add	-0.02	1.90
peoples	-0.02	1.48
<URL>	-0.02	1.18
<SPECIAL>	-0.02	1.18
fire	-0.02	1.44
sell	-0.02	1.30
compared	-0.01	1.48
social	-0.01	1.20
category	-0.01	1.65
reasonable	-0.01	1.61
upon	-0.01	1.71
serves	-0.01	1.78
radio	-0.01	1.37
political	-0.01	1.28
limitations	-0.01	1.45
specific	-0.01	1.71
generate	-0.01	1.39
living	-0.01	1.21
200	-0.01	1.51
2000	-0.01	1.23
president	-0.01	1.18
mattiacci	-0.01	1.30
burn	-0.01	1.31
additional	-0.01	1.45
source	-0.01	1.62
different	-0.01	1.67
various	-0.01	1.68
saturday	-0.01	1.91
prediction	-0.01	1.68
starts	-0.01	1.73
referring	-0.01	3.81
cash	-0.01	1.32
lucky	-0.01	2.64
competitors	-0.00	2.01
behind	-0.00	1.71
limited	-0.00	1.38
spends	-0.00	1.46
sales	-0.00	1.18
structure	-0.00	1.24
packaging	-0.00	1.28
2.5	-0.00	1.79
sims	-0.00	1.40
principle	-0.00	1.22
suspension	-0.00	1.31
20	-0.00	1.62
operation	-0.00	1.42
cases	-0.00	1.53
dennis	-0.00	1.40
languages	-0.00	1.62
retain	-0.00	1.78
maximum	-0.00	1.42
correctly	-0.00	4.03
wet	-0.00	1.60
copy	-0.00	1.69
explained	-0.00	2.01
paying	0.00	1.51
thousands	0.00	1.61
hero	0.00	1.23
mileage	0.00	1.46
switching	0.00	1.57
1998	0.00	1.28
15	0.00	1.65
100	0.00	1.48
kinds	0.00	1.66
sections	0.00	1.36
ratio	0.00	1.54
charlie	0.00	1.57
maldonado	0.00	1.24
sam	0.00	1.03
extend	0.00	1.47
24	0.01	1.54
front	0.01	1.85
admission	0.01	1.54
08	0.01	1.30
center	0.01	1.34
realized	0.01	2.54
absolute	0.01	2.62
afternoon	0.01	1.72
greater	0.01	1.44
employee	0.01	1.36
aware	0.01	3.87
shifting	0.01	1.39
chicane	0.01	1.40
local	0.01	1.16
services	0.01	1.24
toward	0.01	1.66
olympic	0.01	1.25
second	0.01	2.08
mistaken	0.01	3.59
invested	0.01	1.50
square	0.01	1.46
aero	0.01	1.29
doctor	0.01	1.24
degradation	0.01	1.43
variable	0.01	1.33
spirit	0.01	1.46
45	0.01	1.42
valve	0.01	1.38
improving	0.01	1.34
tank	0.02	1.40
set	0.02	1.95
certain	0.02	1.73
staying	0.02	1.89
43	0.02	1.49
soo	0.02	1.96
technically	0.02	2.18
fibre	0.02	1.07
seats	0.02	1.60
trulli	0.02	1.23
todt	0.02	1.27
q2	0.02	2.31
q1	0.02	2.24
exit	0.02	1.45
domenicali	0.02	1.31
worldwide	0.02	1.19
opened	0.02	1.46
town	0.02	1.42
small	0.02	1.42
friday	0.02	1.86
oh84s	0.02	1.88
oil	0.02	1.38
attempts	0.02	1.73
promoting	0.02	1.20
purposes	0.02	1.32
tie	0.02	1.48
visit	0.03	1.26
during	0.03	1.86
ferme	0.03	1.68
opening	0.03	1.07
150	0.03	1.49
sacked	0.03	1.34
corner	0.03	1.46
building	0.03	1.46
disappointment	0.03	1.72
starting	0.03	2.24
comparison	0.03	1.73
legacy	0.03	1.87
pack	0.03	1.79
adjusting	0.03	1.47
sits	0.03	1.39
sum	0.03	1.44
quicker	0.03	2.23
anthem	0.03	1.20
cards	0.03	1.24
11	0.03	1.59
shipping	0.03	1.26
bucket	0.03	1.22
initial	0.03	1.76
giving	0.03	1.71
develop	0.03	1.54
components	0.03	1.36
opens	0.03	1.35
arrived	0.03	1.62
works	0.03	2.17
career	0.03	1.77
q3	0.03	2.32
96	0.03	1.14
threat	0.03	1.56
hanging	0.03	1.55
upside	0.03	1.49
seemed	0.03	1.65
optimal	0.04	1.35
32	0.04	1.52
door	0.04	1.43
box	0.04	1.39
8	0.04	1.64
12	0.04	1.60
130r	0.04	1.47
safely	0.04	1.71
interest	0.04	1.30
brundle	0.04	1.25
entry	0.04	1.47
mph	0.04	1.46
bridge	0.04	1.42
rant	0.04	1.99
allen	0.04	1.15
inside	0.04	1.48
assetto	0.04	1.41
marketing	0.04	1.16
punch	0.04	1.20
reaching	0.04	1.51
angry	0.04	2.69
ordered	0.04	1.37
cover	0.04	1.22
debate	0.04	1.91
active	0.04	1.34
40	0.04	1.50
nervous	0.04	2.65
investment	0.04	1.35
1.5	0.04	1.75
blood	0.04	1.23
1999	0.04	1.23
totally	0.04	2.57
announcement	0.04	2.00
straight	0.04	1.43
connection	0.04	1.76
hes	0.04	1.62
purchase	0.04	1.32
frozen	0.04	1.46
competed	0.04	1.57
brand	0.04	1.15
nick	0.04	1.68
bike	0.04	1.25
engineer	0.05	1.70
replacement	0.05	0.98
alternate	0.05	1.68
mans	0.05	1.34
restriction	0.05	1.44
visibility	0.05	1.30
sleep	0.05	1.57
earned	0.05	1.54
consideration	0.05	1.61
delta	0.05	1.63
banner	0.05	1.18
aim	0.05	1.69
stickers	0.05	1.14
14	0.05	1.57
caution	0.05	1.49
automatically	0.05	1.55
albeit	0.05	1.52
given	0.05	1.83
accelerating	0.05	1.51
2001	0.05	1.24
1995	0.05	1.25
require	0.05	1.52
predictions	0.05	1.46
rocket	0.05	1.43
company	0.05	1.24
million	0.05	1.50
whitmarsh	0.05	1.27
pump	0.05	1.23
deals	0.05	1.33
rubens	0.05	1.12
moto	0.05	1.14
monocoque	0.05	1.24
adapt	0.05	1.61
mount	0.05	1.36
dc	0.05	1.26
define	0.05	1.76
hola	0.05	1.69
boullier	0.05	1.34
owned	0.05	1.33
shares	0.06	1.32
gravel	0.06	1.30
near	0.06	1.54
ratios	0.06	1.47
parc	0.06	1.61
credit	0.06	1.38
pu	0.06	1.26
code	0.06	1.31
worn	0.06	1.33
piece	0.06	1.19
net	0.06	1.36
t1	0.06	1.44
sponsor	0.06	1.10
le	0.06	1.34
300	0.06	1.47
aerodynamics	0.06	1.28
styles	0.06	1.56
ground	0.06	1.32
similarly	0.06	1.65
benefits	0.06	1.39
differently	0.06	2.18
ie	0.06	1.36
represent	0.06	1.35
km/h	0.06	1.45
boss	0.06	1.36
halfway	0.06	1.68
straights	0.06	1.38
billion	0.06	1.47
16	0.06	1.57
packages	0.06	1.22
family	0.06	1.07
poll	0.06	1.58
aussie	0.06	1.60
spectator	0.06	1.15
1000	0.06	1.47
braked	0.06	1.45
solved	0.07	1.34
sato	0.07	1.25
start/finish	0.07	1.42
lapping	0.07	2.13
rates	0.07	1.37
lapped	0.07	1.71
motorsport	0.07	2.10
unlimited	0.07	1.40
line	0.07	1.47
broadcast	0.07	1.11
holes	0.07	1.37
primary	0.07	1.33
22	0.07	1.54
controversy	0.07	1.21
spinning	0.07	1.46
implemented	0.07	1.72
sat	0.07	1.63
service	0.07	1.29
owns	0.07	1.37
saving	0.07	1.54
ga	0.07	1.60
lap	0.07	2.01
jacques	0.07	1.08
partner	0.07	1.62
settled	0.07	1.81
meet	0.07	1.30
forward	0.07	1.95
enforce	0.07	1.62
size	0.07	1.31
ticket	0.07	1.33
tv	0.07	1.10
waving	0.07	1.31
instant	0.07	1.18
restricted	0.07	1.38
logistics	0.08	1.18
luca	0.08	1.28
characteristics	0.08	1.51
modified	0.08	1.53
lesson	0.08	1.62
mclaren	0.08	1.66
dollar	0.08	1.48
minimal	0.08	1.36
object	0.08	1.07
system	0.08	1.41
cycle	0.08	1.30
keeps	0.08	1.83
offer	0.08	1.47
rights	0.08	1.25
upvoted	0.08	1.90
austrian	0.08	1.27
unexpected	0.08	1.36
developed	0.08	1.48
euro	0.08	1.42
spec	0.08	1.56
weather	0.08	1.46
hmm	0.08	2.03
mgu-k	0.08	1.37
demanding	0.08	1.25
charge	0.08	1.34
particular	0.08	1.22
income	0.08	1.28
pipe	0.08	1.39
finger	0.08	1.68
wheels	0.08	1.46
cvc	0.09	1.32
yellows	0.09	1.33
losing	0.09	2.00
questionable	0.09	1.29
announce	0.09	2.02
2002	0.09	1.23
meeting	0.09	1.29
wrote	0.09	1.91
graphics	0.09	1.39
values	0.09	1.67
raining	0.09	1.68
designer	0.09	1.22
better	0.09	2.59
88	0.09	1.16
97	0.09	1.13
radical	0.09	1.29
circles	0.09	1.27
tr	0.09	1.47
slap	0.09	1.24
nelson	0.09	1.16
objective	0.09	1.62
missing	0.09	3.81
factory	0.09	1.37
strict	0.09	1.39
whilst	0.09	1.67
scarbs	0.09	1.41
words	0.09	2.11
unlike	0.09	0.97
suppliers	0.10	1.43
and/or	0.10	1.44
9	0.10	1.59
ultimate	0.10	1.84
large	0.10	1.57
25	0.10	1.51
107	0.10	2.27
1996	0.10	1.26
23	0.10	1.52
jenson	0.10	1.57
seat	0.10	1.63
create	0.10	1.33
70s	0.10	1.18
safety	0.10	1.34
35	0.10	1.51
awarded	0.10	1.69
aids	0.10	1.32
fat	0.10	1.24
bed	0.10	1.70
elements	0.10	1.40
prices	0.10	1.27
official	0.10	1.60
butt	0.10	1.26
emphasis	0.10	1.35
06	0.10	1.45
fees	0.10	1.37
aka	0.10	1.01
national	0.10	1.11
display	0.10	1.17
subscription	0.10	1.23
significant	0.11	1.39
water	0.11	1.20
05	0.11	1.30
measures	0.11	1.47
19	0.11	1.50
31	0.11	1.50
success	0.11	1.27
map	0.11	1.32
opposed	0.11	1.18
reward	0.11	1.20
price	0.11	1.30
king	0.11	1.18
rank	0.11	1.46
sorts	0.11	1.53
irony	0.11	1.76
boxes	0.11	1.38
hairpin	0.11	1.40
pre-season	0.11	1.64
peak	0.11	1.42
gear	0.11	1.47
ditch	0.12	1.40
private	0.12	1.31
zone	0.12	1.44
slide	0.12	1.49
spray	0.12	1.15
coverage	0.12	1.11
casual	0.12	1.24
wave	0.12	1.30
80	0.12	1.35
average	0.12	1.98
society	0.12	1.09
cheaper	0.12	1.31
waved	0.12	1.32
gaps	0.12	1.36
enzo	0.12	1.32
relevance	0.12	1.34
dad	0.12	1.00
construction	0.12	1.40
financially	0.12	1.52
racetrack	0.12	1.32
tickets	0.12	1.33
wire	0.12	1.37
strike	0.12	1.24
lazy	0.12	1.73
contracts	0.12	1.49
jim	0.12	1.46
committed	0.12	1.67
ebay	0.12	1.18
29	0.12	1.49
tuned	0.12	1.30
bathurst	0.12	1.33
understanding	0.13	1.47
mapping	0.13	1.35
attempt	0.13	1.71
automatic	0.13	1.36
28	0.13	1.45
consumption	0.13	1.41
learning	0.13	1.46
premium	0.13	1.37
regard	0.13	1.88
rage	0.13	1.31
trouble	0.13	1.75
remove	0.13	1.65
tier	0.13	2.15
smoking	0.13	1.28
pass	0.13	1.85
secure	0.13	1.83
aerodynamic	0.13	1.33
kph	0.13	1.58
spending	0.13	1.48
potential	0.13	1.37
minus	0.13	1.39
sticking	0.13	1.74
tc	0.13	1.33
07	0.13	1.34
presence	0.13	1.06
prize	0.13	1.40
typically	0.13	1.45
aww	0.13	2.32
graham	0.13	1.24
delay	0.13	1.28
identical	0.13	1.45
designing	0.13	1.43
exclusive	0.13	1.30
usage	0.13	1.36
buying	0.13	1.30
irvine	0.13	1.09
letter	0.14	1.73
fighter	0.14	1.32
fair	0.14	2.44
costs	0.14	1.36
continued	0.14	1.37
vacuum	0.14	1.32
nbcsn	0.14	1.18
1992	0.14	1.20
slower	0.14	2.09
buttons	0.14	1.45
send	0.14	1.64
noted	0.14	1.68
energy	0.14	1.33
supplier	0.14	1.53
throttle	0.14	1.38
unit	0.14	1.34
schumacher	0.14	1.15
rosberg	0.14	1.69
chunk	0.14	1.36
hidden	0.14	1.46
metric	0.14	1.60
waking	0.14	1.63
tony	0.14	1.20
running	0.14	1.79
diffusers	0.14	1.30
blatant	0.14	1.27
zones	0.14	1.39
skyf1	0.14	1.13
watched	0.14	1.93
pre-race	0.14	1.25
blown	0.14	1.29
topic	0.14	1.82
17	0.14	1.51
flagged	0.14	1.42
language	0.14	1.82
traction	0.14	1.38
iracing	0.14	1.44
separate	0.14	1.62
tears	0.15	1.17
business	0.15	1.28
seriously	0.15	2.11
sectors	0.15	2.01
gon	0.15	2.50
naturally	0.15	1.24
unusual	0.15	1.58
lead	0.15	1.68
secondly	0.15	1.75
haas	0.15	1.44
software	0.15	1.34
win	0.15	1.84
fuel	0.15	1.62
manufacturer	0.15	1.46
1991	0.15	1.16
controlling	0.15	1.32
marker	0.15	1.75
60	0.15	1.40
bbc	0.15	1.24
streets	0.15	1.32
benetton	0.15	1.18
branding	0.15	1.04
ideas	0.15	1.63
2	0.15	1.74
champagne	0.15	1.13
principal	0.15	1.28
gun	0.15	1.35
efficiency	0.15	1.33
upgrade	0.15	1.35
13	0.15	1.54
development	0.15	1.43
honda	0.15	1.56
road	0.15	1.47
launch	0.15	1.45
wings	0.16	1.30
kers	0.16	1.34
aspects	0.16	1.50
ignorance	0.16	1.78
electronic	0.16	1.36
tenth	0.16	1.74
emotional	0.16	1.28
tests	0.16	1.52
setting	0.16	1.60
steer	0.16	1.53
pointed	0.16	2.13
eric	0.16	1.18
luckily	0.16	1.35
balls	0.16	1.22
broadcasting	0.16	1.12
permission	0.16	2.02
33	0.16	1.45
lmp	0.16	1.41
90	0.16	1.22
warning	0.16	1.35
look	0.16	2.04
importance	0.16	1.29
describe	0.16	2.28
environment	0.16	1.42
fp3	0.16	2.04
played	0.16	1.34
preferred	0.16	1.02
practice	0.16	2.00
loop	0.16	1.35
sort	0.16	1.42
tail	0.16	1.40
places	0.17	2.01
kid	0.17	0.98
outright	0.17	1.38
corners	0.17	1.37
wasnt	0.17	2.30
bottle	0.17	1.22
margin	0.17	1.48
holiday	0.17	1.24
equally	0.17	1.79
walks	0.17	1.26
section	0.17	1.41
through	0.17	1.47
salary	0.17	1.40
present	0.17	1.12
versus	0.17	1.39
found	0.17	1.66
34	0.17	1.48
fric	0.17	1.35
horsepower	0.17	1.33
tone	0.17	1.93
range	0.17	1.37
region	0.17	1.34
demands	0.17	1.08
trap	0.18	1.92
update	0.18	1.46
maranello	0.18	1.57
alot	0.18	1.74
hoped	0.18	2.18
pat	0.18	1.30
audi	0.18	1.41
checking	0.18	1.52
test	0.18	1.58
house	0.18	1.13
extra	0.18	1.59
27	0.18	1.45
narrow	0.18	1.16
amounts	0.18	1.22
checo	0.18	1.42
fernandes	0.18	1.31
height	0.18	1.30
damon	0.18	1.06
kevin	0.18	1.43
division	0.18	1.30
results	0.18	1.33
pole	0.18	1.80
pre	0.18	1.33
updates	0.18	1.44
quali	0.18	2.00
winning	0.18	1.79
bottom	0.18	1.52
airflow	0.18	1.39
sessions	0.18	1.97
maps	0.18	1.38
obvious	0.18	1.72
remain	0.18	1.60
exposed	0.18	1.24
forum	0.19	1.77
boost	0.19	1.33
standard	0.19	1.26
substantial	0.19	1.30
forms	0.19	1.38
mika	0.19	1.07
sidepod	0.19	1.28
massa	0.19	1.54
curves	0.19	1.24
vastly	0.19	1.72
control	0.19	1.36
expense	0.19	1.38
endurance	0.19	1.33
70	0.19	1.34
dirty	0.19	1.25
frentzen	0.19	1.12
1997	0.19	1.14
latest	0.19	1.46
deserving	0.19	1.81
drinks	0.19	1.17
blocking	0.19	1.32
clock	0.19	1.68
cable	0.19	1.14
messages	0.19	1.50
ex	0.19	1.31
ceo	0.19	1.25
record	0.19	2.00
forza	0.19	1.25
indian	0.19	1.15
testing	0.19	1.54
debut	0.19	1.53
apparent	0.19	1.36
qualify	0.19	2.10
battery	0.19	1.32
crofty	0.19	1.21
electronics	0.19	1.34
series	0.19	1.37
26	0.19	1.46
vw	0.19	1.38
station	0.19	1.12
tradition	0.20	1.45
stable	0.20	1.37
alesi	0.20	1.07
abs	0.20	1.36
select	0.20	1.48
max	0.20	1.33
replacing	0.20	1.26
facing	0.20	1.83
approaching	0.20	1.35
ill	0.20	2.17
variety	0.20	1.42
ers	0.20	1.32
public	0.20	1.28
lag	0.20	1.41
flag	0.20	1.31
la	0.20	1.31
esteban	0.20	1.33
charged	0.20	1.36
kids	0.20	0.92
budgets	0.20	1.33
resources	0.20	1.32
per	0.20	1.54
3	0.20	1.71
75	0.20	1.33
frustrated	0.20	2.80
hakkinen	0.20	1.13
returns	0.20	1.53
package	0.20	1.28
meant	0.20	4.15
land	0.20	1.85
ralf	0.21	1.17
sending	0.21	1.52
runner	0.21	1.41
penis	0.21	1.35
batteries	0.21	1.31
equipment	0.21	1.33
smedley	0.21	1.62
names	0.21	1.88
limiter	0.21	1.37
study	0.21	1.39
champion	0.21	1.69
flags	0.21	1.31
manufacturing	0.21	1.28
sensors	0.21	2.09
contributing	0.21	1.65
friends	0.21	1.17
villeneuve	0.21	1.05
directly	0.21	1.73
jean	0.21	1.01
em	0.21	2.17
mode	0.21	1.28
output	0.21	1.31
selection	0.21	1.50
55	0.21	1.37
channels	0.21	1.15
se	0.21	1.43
speeds	0.21	1.37
opportunities	0.21	1.50
constructor	0.21	1.82
messing	0.21	1.59
wording	0.21	2.80
worried	0.21	3.26
slip	0.21	1.44
careers	0.21	1.68
common	0.21	1.59
transmissions	0.22	1.27
monitor	0.22	1.58
apparently	0.22	2.46
developing	0.22	1.42
21	0.22	1.44
removing	0.22	1.40
maintaining	0.22	1.54
customer	0.22	1.45
project	0.22	1.30
nico	0.22	1.78
k-mag	0.22	1.44
shop	0.22	1.03
fp	0.22	1.95
dangerous	0.22	1.26
ftfy	0.22	1.07
remains	0.22	1.29
champ	0.22	1.57
kmag	0.22	1.47
profit	0.22	1.30
drink	0.22	1.20
session	0.22	2.12
fp1	0.22	1.97
fifa	0.22	1.43
helmut	0.22	1.27
vodafone	0.22	1.04
codemasters	0.22	1.28
specifically	0.22	2.40
secret	0.22	1.45
toyota	0.22	1.36
claire	0.22	1.06
44	0.22	1.47
lemans	0.22	1.37
dallara	0.23	1.36
commentators	0.23	1.19
below	0.23	1.78
qualifying	0.23	2.09
sidepods	0.23	1.26
corporate	0.23	1.11
hulkenburg	0.23	1.38
logical	0.23	1.71
1986	0.23	1.20
designers	0.23	1.24
deciding	0.23	1.54
cockpits	0.23	1.34
gearboxes	0.23	1.46
fired	0.23	1.41
practices	0.23	1.66
1980	0.23	1.23
father	0.23	0.95
delayed	0.23	1.29
both	0.23	1.83
reaction	0.23	1.13
motogp	0.23	1.25
measure	0.23	1.81
ties	0.23	1.49
stages	0.23	1.45
channel	0.23	1.13
am	0.23	3.04
grown	0.23	1.15
performance	0.23	1.25
table	0.23	1.35
your	0.24	1.45
pure	0.24	1.11
holding	0.24	1.52
cold	0.24	1.36
msc	0.24	1.23
wec	0.24	1.34
brings	0.24	1.37
prototype	0.24	1.39
rare	0.24	1.62
chassis	0.24	1.52
promoted	0.24	1.44
advantages	0.24	1.52
wdc	0.24	1.79
y	0.24	1.47
available	0.24	1.55
burning	0.24	1.35
hamilton	0.24	1.65
mgu-h	0.24	1.33
vision	0.24	1.32
movement	0.24	1.38
marko	0.24	1.36
threads	0.24	1.79
rfactor	0.24	1.27
chief	0.24	1.25
listed	0.24	1.76
shaft	0.24	1.40
configuration	0.24	1.27
indicate	0.24	1.35
fiat	0.24	1.30
kart	0.24	1.19
window	0.24	1.38
former	0.24	1.27
systems	0.24	1.32
alonso	0.24	1.57
flames	0.24	1.35
diffuser	0.25	1.29
assumed	0.25	2.98
responded	0.25	2.53
sutil	0.25	1.26
wondering	0.25	3.14
discussion	0.25	1.89
noses	0.25	1.34
overrated	0.25	1.50
cars	0.25	1.85
rear	0.25	1.39
sky	0.25	1.14
gas	0.25	1.30
cost	0.25	1.35
runs	0.25	1.77
1982	0.25	1.19
wrc	0.25	1.30
automotive	0.25	1.46
r/formula1	0.25	1.77
u.s	0.25	1.06
under	0.25	1.49
magnussen	0.25	1.43
older	0.25	1.46
doors	0.25	1.35
qualy	0.26	2.07
nissan	0.26	1.30
touring	0.26	1.28
torque	0.26	1.30
alternative	0.26	1.52
politics	0.26	1.28
coulthard	0.26	1.13
supply	0.26	1.45
ignored	0.26	2.04
notebook	0.26	1.34
above	0.26	1.63
oversteer	0.26	1.87
viable	0.26	1.37
evening	0.26	1.60
evolution	0.26	1.38
beats	0.26	1.44
lmp1	0.26	1.43
mom	0.26	0.98
designed	0.26	1.43
dominate	0.26	1.56
golf	0.26	1.19
flow	0.26	1.69
button	0.26	1.46
covered	0.26	1.11
90s	0.26	1.15
adapted	0.26	1.50
aguri	0.26	1.31
pressure	0.26	1.31
convinced	0.26	3.14
greatly	0.27	1.56
solutions	0.27	1.43
move	0.27	1.41
18	0.27	1.46
victory	0.27	1.52
posts	0.27	1.76
settings	0.27	1.36
pop	0.27	1.55
bang	0.27	1.21
platform	0.27	1.33
accounts	0.27	1.29
mod	0.27	1.35
equal	0.27	1.46
sports	0.27	1.08
catching	0.27	1.59
offering	0.27	1.42
periods	0.27	1.41
p3	0.27	2.08
teams	0.27	2.09
bets	0.27	1.31
overcome	0.28	1.43
power	0.28	1.30
misses	0.28	0.88
evil	0.28	0.85
dynamics	0.28	1.32
growing	0.28	1.04
final	0.28	1.77
remembered	0.28	2.89
15th	0.28	2.01
print	0.28	1.10
healthy	0.28	1.28
shine	0.28	1.50
respond	0.28	2.29
perez	0.28	1.35
allison	0.28	1.20
drinking	0.28	1.24
fox	0.28	1.09
bare	0.28	1.33
lewis	0.28	1.77
term	0.28	1.74
university	0.28	1.20
multi	0.28	1.36
3.5	0.28	1.47
dominance	0.28	1.31
access	0.28	1.33
karting	0.28	1.30
discuss	0.28	1.97
merchandise	0.28	1.17
dvr	0.28	1.31
fp2	0.29	2.07
skip	0.29	1.35
blowing	0.29	1.35
camber	0.29	1.18
amazed	0.29	3.28
finishing	0.29	1.97
stat	0.29	1.62
grow	0.29	1.12
engineers	0.29	1.60
communication	0.29	1.33
thread	0.29	1.85
poorly	0.29	2.03
closed	0.29	1.31
motorcycle	0.29	1.15
another	0.29	3.33
generation	0.29	2.07
force	0.29	1.44
quickly	0.29	1.94
game	0.29	1.28
league	0.29	1.19
status	0.29	1.77
sector	0.29	1.76
bet	0.29	1.27
aggressively	0.29	1.39
setup	0.29	1.48
games	0.29	1.29
pods	0.29	1.25
feeder	0.29	1.40
ferrari	0.29	1.57
rolls	0.29	1.04
top	0.29	3.55
rosa	0.29	1.35
confirming	0.29	1.26
continues	0.29	1.54
signed	0.29	1.87
hulkenberg	0.30	1.37
grosjean	0.30	1.34
broadcasts	0.30	1.10
low	0.30	1.28
placed	0.30	1.67
kamui	0.30	1.29
celebrate	0.30	1.43
finished	0.30	1.95
whats	0.30	2.07
barrichello	0.30	1.22
faster	0.30	1.94
kvyat	0.30	1.36
license	0.30	1.35
secured	0.30	1.74
vergne	0.30	1.34
fantasy	0.30	1.45
merc	0.30	1.59
driving	0.30	1.25
temperatures	0.30	1.33
physics	0.30	1.27
1-2	0.30	1.62
gene	0.30	1.47
motor	0.30	1.35
sit	0.30	1.81
class	0.30	1.36
okay	0.31	3.66
sample	0.31	1.56
defend	0.31	1.63
raikkonen	0.31	1.42
answered	0.31	2.26
barichello	0.31	1.24
subreddit	0.31	1.75
paddy	0.31	1.15
considered	0.31	3.17
marcus	0.31	1.30
bottas	0.31	1.42
flair	0.31	1.98
released	0.31	1.61
romain	0.31	1.35
heck	0.31	1.54
carbon	0.31	1.06
lady	0.31	0.93
gp3	0.31	1.41
accidentally	0.31	2.16
hrt	0.31	1.47
provides	0.31	1.48
c	0.31	1.62
minardi	0.31	1.31
lowe	0.31	1.15
capacity	0.31	1.30
drunk	0.31	1.70
hp	0.31	1.34
beer	0.31	1.29
davidson	0.32	1.22
ross	0.32	1.24
date	0.32	1.77
ability	0.32	1.39
revs	0.32	1.28
f3	0.32	1.39
includes	0.32	1.20
bite	0.32	1.65
controls	0.32	1.35
ahead	0.32	1.70
wing	0.32	1.30
innovation	0.32	1.36
fluid	0.32	1.33
lines	0.32	1.50
comments	0.32	1.91
use	0.32	1.80
wheel	0.32	1.80
ideal	0.32	1.45
motivation	0.32	1.13
regards	0.32	1.20
brother	0.32	0.93
types	0.32	1.61
alongside	0.32	1.37
subs	0.32	1.70
unhappy	0.32	2.89
u/f1bet	0.33	1.26
march	0.33	1.54
ecu	0.33	1.43
units	0.33	1.29
steel	0.33	1.11
mechanics	0.33	1.29
engine	0.33	1.31
13th	0.33	1.93
high	0.33	1.29
anthony	0.33	1.15
hammond	0.33	1.22
placement	0.33	1.23
provided	0.33	1.62
manufacturers	0.33	1.37
huge	0.33	1.57
focused	0.33	1.34
distribution	0.33	1.28
december	0.33	1.84
sergio	0.33	1.36
approach	0.33	1.42
hang	0.33	1.79
getting	0.33	2.15
champions	0.33	1.82
shown	0.33	1.45
fiber	0.33	1.07
refer	0.33	2.30
heritage	0.33	1.77
mix	0.33	1.20
children	0.34	0.91
properly	0.34	2.28
dominated	0.34	1.39
x	0.34	1.69
economy	0.34	1.29
compressor	0.34	1.30
mr	0.34	1.37
ease	0.34	1.28
tonight	0.34	1.59
level	0.34	1.54
owner	0.34	1.27
forums	0.34	1.69
amateur	0.34	1.20
sides	0.34	1.74
driver	0.34	3.38
device	0.34	1.50
feasible	0.34	2.12
virgin	0.34	1.25
show	0.34	1.40
fi	0.35	1.40
standings	0.35	1.78
categories	0.35	1.39
somewhere	0.35	1.87
research	0.35	1.43
competitor	0.35	1.60
tyrrell	0.35	1.18
fixed	0.35	2.58
skills	0.35	1.07
agreement	0.35	1.81
fashion	0.35	1.04
blocks	0.35	1.07
blast	0.35	1.37
glad	0.35	3.14
our	0.35	1.37
jaguar	0.35	1.23
floor	0.35	1.27
fernando	0.35	1.54
brawn	0.35	1.25
1989	0.35	1.13
wc	0.35	1.63
examples	0.35	1.74
b	0.35	1.62
temp	0.35	1.32
exhaust	0.35	1.28
lesser	0.35	1.55
gutierrez	0.35	1.31
mouth	0.35	1.23
producing	0.35	1.35
players	0.35	1.20
rosso	0.35	1.38
renault	0.35	1.44
widely	0.35	3.36
elite	0.35	2.02
mario	0.36	1.22
regular	0.36	1.27
name	0.36	1.73
security	0.36	1.20
laughed	0.36	1.98
rally	0.36	1.36
vettel	0.36	1.54
btcc	0.36	1.19
mal	0.36	1.27
double	0.36	1.29
suggestion	0.36	2.03
starter	0.36	1.64
underrated	0.36	1.24
compete	0.36	1.67
gp2	0.36	1.42
mansell	0.36	1.07
1	0.36	1.67
whine	0.36	1.20
electric	0.36	1.29
1993	0.36	1.21
rolling	0.36	1.58
fisichella	0.36	1.22
snap	0.37	1.41
partnership	0.37	1.48
doing	0.37	2.98
str	0.37	1.35
exhausts	0.37	1.27
field	0.37	1.91
toro	0.37	1.35
costa	0.37	1.25
temps	0.37	1.39
store	0.37	1.25
protection	0.37	1.18
sainz	0.37	1.32
curve	0.37	1.30
dodgy	0.37	1.42
famous	0.37	2.10
imho	0.37	1.82
senior	0.37	1.29
pushing	0.37	1.76
sense	0.37	2.72
classes	0.37	1.35
1990	0.37	1.18
trim	0.37	1.55
technological	0.37	1.31
operating	0.37	1.32
replace	0.38	1.22
1st	0.38	1.97
lamborghini	0.38	1.27
laugh	0.38	1.63
student	0.38	1.21
split	0.38	1.37
hockey	0.38	1.17
reading	0.38	1.90
flavio	0.38	1.26
rival	0.38	1.74
turismo	0.38	1.26
stig	0.38	1.58
stars	0.38	1.34
crazy	0.38	2.18
speed	0.38	1.33
11th	0.38	1.95
vandoorne	0.38	1.38
bold	0.38	1.32
spell	0.38	2.75
coke	0.38	1.14
liked	0.38	2.10
lotus	0.38	1.43
pilots	0.38	1.49
suits	0.38	1.30
psychological	0.39	1.22
keke	0.39	0.97
7th	0.39	1.94
12th	0.39	1.93
materials	0.39	1.19
office	0.39	1.40
merit	0.39	1.48
6th	0.39	1.99
fits	0.39	1.32
mods	0.39	1.60
formula	0.39	1.69
stunt	0.39	1.16
free	0.39	1.46
fundamental	0.39	1.30
throughout	0.39	1.61
9th	0.39	1.98
kubica	0.39	1.23
worded	0.39	2.61
1988	0.39	1.14
science	0.39	1.20
formula1	0.39	1.57
promote	0.39	1.24
tools	0.39	1.36
demand	0.39	1.25
school	0.39	1.12
amg	0.39	1.87
5th	0.39	1.99
bell	0.39	1.25
commentary	0.39	1.09
cream	0.40	1.24
full	0.40	1.27
focusing	0.40	1.66
petrol	0.40	1.24
broadcasters	0.40	1.15
toto	0.40	1.27
community	0.40	1.44
confidence	0.40	1.13
windsor	0.40	1.30
example	0.40	1.93
ant	0.40	1.27
domination	0.40	1.22
nigel	0.40	1.13
confusion	0.40	1.77
regarded	0.40	3.50
manual	0.40	1.53
heat	0.40	1.32
piquet	0.40	1.05
ms	0.40	1.53
leagues	0.40	1.19
amongst	0.40	3.32
ebd	0.40	1.33
jev	0.40	1.37
quote	0.40	1.87
lack	0.40	1.18
drawing	0.40	2.08
technologies	0.41	1.36
cleaner	0.41	1.29
stuff	0.41	1.94
kyvat	0.41	1.38
prost	0.41	1.11
club	0.41	1.31
fourth	0.41	2.10
instructions	0.41	1.62
yellow	0.41	1.28
combustion	0.41	1.27
8th	0.41	1.93
outscored	0.41	1.32
reddit	0.41	1.70
faulty	0.41	2.00
chat	0.41	1.61
torro	0.41	1.41
requires	0.41	1.28
match	0.41	1.53
playing	0.41	1.23
place	0.41	1.98
10th	0.41	1.97
spark	0.41	1.19
talent	0.41	1.04
soccer	0.41	1.20
bourdais	0.41	1.39
porsche	0.41	1.30
keen	0.41	3.15
mag	0.42	1.31
personalities	0.42	1.14
glock	0.42	1.22
rock	0.42	1.15
moving	0.42	1.82
india	0.42	1.42
joy	0.42	1.21
thin	0.42	1.12
eye	0.42	1.44
play	0.42	1.31
lining	0.42	1.42
turbine	0.42	1.31
direct	0.42	1.62
dominating	0.42	1.30
heikki	0.42	1.21
respected	0.42	1.16
delivery	0.42	1.30
added	0.42	1.77
task	0.42	1.75
football	0.42	1.22
hill	0.42	1.06
e	0.42	1.45
dream	0.42	2.68
experience	0.42	1.42
stability	0.42	1.45
ice	0.42	1.14
dtm	0.42	1.24
eating	0.42	1.26
car	0.42	3.17
originally	0.42	2.72
era	0.43	1.38
drs	0.43	1.30
mini	0.43	1.13
chilton	0.43	1.27
taken	0.43	1.74
concerned	0.43	3.16
fr3.5	0.43	1.38
meaningful	0.43	1.42
cylinder	0.43	1.24
pleased	0.43	3.26
judging	0.43	1.53
via	0.43	1.42
verstappen	0.43	1.29
basketball	0.43	1.21
respectively	0.43	1.60
position	0.44	2.09
industry	0.44	1.30
fit	0.44	1.54
efforts	0.44	1.31
drivers	0.44	3.22
mark	0.44	1.42
meter	0.44	2.14
buemi	0.44	1.19
thick	0.44	1.20
eat	0.44	1.20
understandable	0.44	2.38
ford	0.44	1.26
design	0.44	1.24
tifosi	0.44	1.30
consensus	0.44	2.81
plausible	0.44	1.53
contract	0.45	1.84
pair	0.45	1.97
tied	0.45	1.44
redditor	0.45	1.67
lights	0.45	1.28
williams	0.45	1.46
walker	0.45	1.05
century	0.45	1.27
qualified	0.45	2.17
temperature	0.45	1.32
efficient	0.45	1.43
records	0.45	1.91
magic	0.45	1.34
tech	0.45	1.30
accurately	0.45	1.90
brief	0.45	1.29
w05	0.45	1.29
accessible	0.45	1.13
raikonnen	0.45	1.40
non	0.46	1.35
realistic	0.46	1.45
technique	0.46	1.33
driven	0.46	1.61
cooler	0.46	1.37
college	0.46	1.16
infiniti	0.46	1.48
andretti	0.46	1.07
p2	0.46	1.90
beaten	0.46	1.41
alex	0.46	1.32
degrees	0.46	1.34
heidfeld	0.46	1.21
craft	0.46	1.19
mad	0.46	2.15
backmarkers	0.46	1.76
bikes	0.46	1.21
engineering	0.46	1.24
marussia	0.46	1.39
noise	0.46	1.12
updated	0.46	1.41
beat	0.46	1.37
fyi	0.46	1.32
visor	0.47	1.16
email	0.47	1.51
rate	0.47	1.65
outperformed	0.47	1.36
baseball	0.47	1.18
age	0.47	1.27
trackside	0.47	1.10
stood	0.47	1.42
eau	0.47	1.21
overtook	0.47	1.39
closely	0.47	1.34
p1	0.47	1.87
racing	0.47	1.72
legally	0.47	1.59
sticker	0.47	1.26
technology	0.47	1.32
existing	0.48	1.39
r	0.48	1.66
webber	0.48	1.54
christ	0.48	2.16
rouge	0.48	1.21
conversation	0.48	1.99
pretty	0.48	1.82
constructors	0.48	2.06
wcc	0.48	2.01
phrase	0.48	1.95
wat	0.48	1.46
appearance	0.48	1.31
mechanic	0.48	1.31
emotion	0.48	1.04
supercars	0.48	1.16
connected	0.48	1.32
rated	0.48	2.21
cosworth	0.48	1.39
pool	0.48	1.25
perspective	0.48	1.59
setups	0.48	1.25
4x	0.48	1.64
neutral	0.49	1.67
program	0.49	1.26
ricciardo	0.49	1.43
sensor	0.49	2.13
logo	0.49	1.07
internal	0.49	1.27
lotterer	0.49	1.28
gut	0.49	1.24
guide	0.49	1.34
boat	0.49	1.52
request	0.49	1.64
sebastian	0.49	1.54
measuring	0.49	1.84
finding	0.49	1.68
ascari	0.49	1.43
comfortably	0.49	1.44
alain	0.49	1.09
similar	0.49	1.43
faced	0.49	1.52
adrian	0.49	1.18
deep	0.49	1.29
helicopter	0.50	1.32
bruno	0.50	1.12
abilities	0.50	1.24
promotion	0.50	1.25
felipe	0.50	1.37
answer	0.50	2.66
online	0.50	1.31
passion	0.50	0.99
shoot	0.50	1.59
strength	0.50	1.10
newey	0.50	1.19
motorsports	0.50	1.40
rpm	0.50	1.23
kobayashi	0.50	1.25
removed	0.50	1.49
false	0.51	2.90
web	0.51	1.33
scale	0.51	1.29
teeth	0.51	1.16
gf	0.51	1.04
terms	0.51	1.27
chart	0.51	1.23
streaming	0.51	1.29
resta	0.51	1.18
motors	0.52	1.22
remembering	0.52	2.19
wife	0.52	0.88
fastest	0.52	3.69
programme	0.52	1.27
account	0.52	1.58
mentally	0.52	1.26
wear	0.52	1.15
training	0.52	1.22
physically	0.52	1.32
putting	0.52	1.69
follow	0.52	1.39
contender	0.52	1.75
proven	0.52	1.90
tunnel	0.52	1.35
ericsson	0.52	1.27
traditional	0.52	1.00
finish	0.52	2.14
team	0.52	1.97
mounted	0.53	1.29
da	0.53	1.40
food	0.53	1.14
petronas	0.53	1.76
my	0.53	1.43
monkey	0.53	1.23
pleasure	0.53	1.23
daniel	0.53	1.47
trick	0.53	1.51
youre	0.53	2.22
hmmm	0.53	1.75
wind	0.53	1.34
sunglasses	0.53	1.13
mercedes	0.53	1.53
translation	0.54	2.32
laid	0.54	1.33
feed	0.54	1.14
matches	0.54	1.26
hulk	0.54	1.34
monster	0.54	1.14
4th	0.54	2.14
website	0.54	1.48
2nd	0.54	2.17
scuderia	0.54	1.69
passionate	0.54	2.30
parent	0.54	1.76
sim	0.54	1.22
live	0.54	1.15
pastor	0.54	1.50
par	0.54	1.28
glasses	0.54	1.25
profile	0.55	1.29
logos	0.55	1.02
markers	0.55	1.57
sarcasm	0.55	2.95
valtteri	0.55	1.71
shows	0.55	1.26
hat	0.55	1.14
experienced	0.55	2.14
advanced	0.55	1.46
gravity	0.55	1.37
clark	0.55	1.32
conservative	0.55	1.37
provide	0.55	1.66
amp	0.55	1.55
hear	0.55	1.26
hah	0.55	2.39
mas	0.55	1.25
shape	0.56	1.23
twin	0.56	1.19
awareness	0.56	1.11
3rd	0.56	2.17
performed	0.56	1.38
computers	0.56	1.43
open	0.56	1.28
plugs	0.56	1.33
sauber	0.56	1.35
mirrors	0.56	1.35
genuinely	0.56	2.05
ta	0.56	1.72
user	0.56	1.73
championship	0.56	1.89
promising	0.56	1.10
racers	0.56	1.52
f1	0.57	3.20
jacket	0.57	1.13
master	0.57	1.13
boards	0.57	1.39
shit	0.57	1.91
clever	0.57	1.47
against	0.57	1.42
difficulty	0.57	1.51
rossi	0.57	1.32
linked	0.57	1.66
joe	0.57	1.54
input	0.57	1.63
paragraph	0.57	2.22
laughing	0.57	1.69
format	0.57	1.38
sites	0.57	1.48
teammate	0.57	1.60
models	0.57	1.15
caterham	0.57	1.32
flying	0.57	1.19
longest	0.57	3.35
1984	0.57	1.10
amusing	0.57	1.66
suit	0.58	1.28
checks	0.58	1.66
ben	0.58	1.04
segment	0.58	1.07
outqualified	0.58	1.42
spoiler	0.58	1.59
marks	0.58	1.62
director	0.58	1.21
radar	0.58	1.46
method	0.58	1.78
lineup	0.58	3.39
taking	0.58	1.82
pages	0.58	1.51
player	0.58	1.20
overtake	0.58	1.49
measured	0.58	1.71
ej	0.59	1.24
guns	0.59	1.29
wolff	0.59	1.07
leaders	0.59	1.63
t	0.59	1.40
performing	0.59	1.44
signal	0.59	1.35
supercar	0.59	1.21
challenge	0.59	1.69
reasonably	0.59	1.56
hint	0.59	1.36
fittipaldi	0.59	1.09
modern	0.59	2.06
measurement	0.59	2.12
gloves	0.59	1.14
prone	0.59	1.19
face	0.60	1.39
son	0.60	0.96
redbull	0.60	1.41
features	0.60	1.38
sentence	0.60	2.60
aggressive	0.60	1.25
answers	0.60	1.84
insane	0.60	1.99
backmarker	0.60	1.48
steam	0.60	1.30
coffee	0.60	1.29
bend	0.60	1.58
controversial	0.60	1.42
rivals	0.60	1.64
intake	0.60	1.26
rbr	0.60	1.47
john	0.60	1.37
chasing	0.60	1.42
athlete	0.61	1.47
looked	0.61	1.79
bmw	0.61	1.23
h	0.61	1.53
vettels	0.61	1.25
pulling	0.61	1.58
hybrid	0.61	1.23
academy	0.61	1.23
diesel	0.61	1.23
appropriate	0.61	1.38
performances	0.61	1.50
offset	0.62	2.19
friend	0.62	1.09
cfd	0.62	1.43
skin	0.62	1.16
quality	0.62	1.20
nasr	0.62	1.30
rb	0.62	1.34
perfectly	0.62	1.90
nose	0.62	1.33
banter	0.62	1.31
attacking	0.62	1.40
value	0.62	1.34
unreliable	0.62	1.50
commentator	0.62	1.13
content	0.62	1.56
gap	0.62	1.42
freedom	0.62	1.17
element	0.62	1.23
shirts	0.62	1.16
controlled	0.63	1.33
l	0.63	1.59
teammates	0.63	1.46
cylinders	0.63	1.13
scared	0.63	2.60
n	0.63	1.56
forth	0.63	1.25
cos	0.63	2.03
tough	0.63	1.38
bull	0.63	1.46
representative	0.63	1.59
buxton	0.63	1.11
rookie	0.63	1.46
vijay	0.63	1.32
peter	0.63	1.36
listening	0.63	1.30
prospect	0.63	1.83
dan	0.63	1.30
signature	0.64	1.04
holds	0.64	1.33
admit	0.64	2.93
reserve	0.64	1.72
special	0.64	2.19
fom	0.64	1.27
red	0.64	1.43
production	0.64	1.18
view	0.64	1.64
competing	0.65	1.84
team-mate	0.65	1.50
material	0.65	1.11
sister	0.65	0.95
block	0.65	1.31
covers	0.65	1.23
tricky	0.65	1.53
announcers	0.65	1.09
vettle	0.65	1.59
tool	0.65	1.14
arrows	0.65	1.12
apologize	0.65	2.97
simulator	0.65	1.23
displayed	0.65	1.22
f	0.66	1.53
defending	0.66	1.36
message	0.66	1.83
clarkson	0.66	0.99
closing	0.66	1.38
sensible	0.66	1.36
visible	0.66	1.41
rb6	0.66	1.24
calculated	0.66	1.48
human	0.66	1.14
vet	0.66	1.29
ric	0.66	1.30
air	0.66	1.29
an	0.67	1.48
simulation	0.67	1.25
listen	0.67	1.08
suited	0.67	1.46
wore	0.67	1.12
98	0.67	1.05
achievements	0.67	1.65
nope	0.67	2.46
midfield	0.67	1.63
sorry	0.68	3.84
accuracy	0.68	1.99
danica	0.68	1.28
shirt	0.68	1.13
risky	0.68	1.33
jordan	0.68	1.13
marlboro	0.68	1.01
helmets	0.68	1.08
effort	0.68	1.56
big	0.68	1.36
powered	0.68	1.35
aspect	0.68	1.32
pocket	0.68	1.13
caterhams	0.68	1.50
creative	0.69	1.32
kidding	0.69	2.33
line-up	0.69	3.31
sidebar	0.69	1.58
explains	0.69	1.37
rev	0.69	1.16
k	0.69	1.56
stress	0.69	1.26
upcoming	0.69	1.44
plays	0.69	1.10
pc	0.70	1.31
deleted	0.70	2.12
ham	0.70	1.24
details	0.70	1.67
bay	0.70	1.31
challenged	0.70	1.42
hammer	0.70	1.50
comment	0.70	2.61
delivered	0.71	1.37
impressed	0.71	2.70
shoes	0.71	1.15
pan	0.71	1.70
informed	0.71	1.64
using	0.71	1.77
lmao	0.71	1.59
encourage	0.71	1.45
begin	0.71	1.72
tribute	0.71	1.06
slow	0.71	1.34
manner	0.72	1.56
beating	0.72	1.44
title	0.72	1.88
ama	0.72	1.54
wiki	0.72	1.56
david	0.72	1.17
trip	0.72	1.29
iplayer	0.72	1.37
indeed	0.72	2.01
books	0.72	1.21
delete	0.73	1.96
rb9	0.73	1.28
expert	0.73	1.43
rookies	0.73	1.72
earth	0.73	1.92
brutal	0.73	1.69
di	0.73	1.08
contention	0.73	1.48
board	0.73	1.30
extension	0.73	1.46
named	0.73	1.18
recorded	0.74	1.29
jesus	0.74	2.25
ot	0.74	1.56
static	0.74	1.24
bastard	0.74	1.39
hd	0.74	1.21
checked	0.74	1.89
pace	0.74	1.32
explaining	0.75	2.25
adapting	0.75	1.60
van	0.75	1.24
displacement	0.75	1.12
natural	0.75	0.98
knowledge	0.75	1.28
missed	0.75	2.80
wearing	0.76	1.12
context	0.76	2.66
fifth	0.76	1.95
reference	0.76	1.93
feature	0.76	1.23
confident	0.76	3.02
tho	0.76	2.07
historical	0.76	1.58
benchmark	0.77	1.77
junior	0.77	1.38
ros	0.77	1.28
girlfriend	0.77	0.92
normal	0.77	1.46
simulators	0.77	1.22
consistency	0.77	1.08
associated	0.77	1.35
180	0.77	1.25
discussions	0.77	1.58
mercs	0.77	1.50
evenly	0.77	1.47
lacking	0.78	1.31
currently	0.78	3.41
frijns	0.78	1.28
racer	0.78	1.47
mclarens	0.78	1.31
rai	0.78	1.28
jack	0.79	1.35
crack	0.79	1.18
kit	0.79	1.29
pm	0.79	1.72
turbo	0.79	1.13
begins	0.80	1.52
inconsistent	0.80	1.44
telemetry	0.80	1.38
knowledgeable	0.80	1.55
designs	0.80	1.24
chain	0.80	1.21
young	0.80	1.49
sounding	0.80	1.06
home	0.81	1.20
click	0.81	1.49
helmet	0.81	1.09
replying	0.81	2.93
closest	0.81	2.86
taste	0.81	1.40
pointing	0.81	3.24
check	0.82	1.68
brabham	0.82	1.13
alo	0.82	1.22
relationship	0.82	1.33
yo	0.82	1.59
p	0.82	2.94
settle	0.82	1.71
computer	0.82	1.34
nut	0.82	1.40
mates	0.82	1.42
party	0.83	1.30
greats	0.83	3.18
defense	0.83	1.59
worries	0.83	2.00
posted	0.83	1.65
martini	0.83	1.17
mega	0.83	1.25
bulls	0.83	1.41
um	0.83	2.67
apple	0.83	1.32
important	0.83	1.46
unpredictable	0.83	1.35
pun	0.83	1.76
green	0.83	1.18
sex	0.84	1.23
fun	0.84	2.07
comeback	0.84	1.26
degree	0.84	1.22
interested	0.84	2.86
streams	0.84	1.37
jeremy	0.84	1.04
firstly	0.85	1.47
ear	0.85	1.14
ignore	0.86	3.11
achieved	0.86	1.51
site	0.86	1.49
jet	0.86	1.10
light	0.86	1.20
ive	0.86	2.90
laferrari	0.86	1.38
relax	0.86	1.65
pinnacle	0.86	1.38
install	0.86	1.46
stream	0.86	1.34
shooting	0.86	1.45
eh	0.86	2.71
professional	0.87	1.16
bot	0.87	1.35
mother	0.87	1.01
pilot	0.87	1.25
headed	0.88	1.15
screens	0.88	1.30
prepare	0.88	1.19
forever	0.88	1.67
wikipedia	0.88	1.63
huh	0.88	2.43
volume	0.88	1.07
legend	0.88	1.40
physical	0.89	1.15
appears	0.89	1.49
upvote	0.89	2.04
silver	0.89	1.19
publicity	0.89	1.21
20th	0.89	1.58
favorite	0.89	3.54
advice	0.89	1.73
guard	0.90	1.20
legit	0.90	1.73
advance	0.90	1.74
tl	0.91	1.37
grammar	0.91	2.98
keeping	0.91	1.62
management	0.91	1.28
feeds	0.91	1.25
ya	0.91	2.18
optimistic	0.91	2.67
old	0.91	1.12
original	0.91	2.53
equation	0.92	1.35
her	0.92	0.91
dynamic	0.92	1.08
matched	0.92	1.39
plus	0.92	1.63
commentating	0.92	1.18
crucial	0.92	1.29
lacks	0.93	1.01
analogy	0.93	1.75
xbox	0.93	1.21
views	0.93	1.41
edition	0.93	1.11
forgot	0.93	2.81
replied	0.94	2.73
99	0.94	1.13
digital	0.94	1.20
pairing	0.94	3.05
talents	0.94	1.26
rims	0.94	1.23
painted	0.94	1.15
data	0.94	1.72
moss	0.94	1.47
inch	0.95	1.32
chrome	0.95	1.37
contrast	0.95	1.21
f14t	0.95	1.42
male	0.95	1.07
seb	0.96	1.45
parties	0.96	1.46
extreme	0.96	1.09
fangio	0.96	1.27
matchett	0.96	1.07
passes	0.96	1.33
pitch	0.96	0.98
revenue	0.96	1.24
consistently	0.97	1.45
innovative	0.97	1.29
suitable	0.97	1.33
strip	0.97	1.19
quiet	0.97	1.27
android	0.97	1.74
ordinary	0.97	1.14
robert	0.98	1.21
detail	0.98	1.45
u	0.98	2.06
blows	0.98	2.39
forgive	0.98	2.63
stewart	0.98	1.11
posting	0.98	1.72
tweet	0.98	1.81
meaning	0.98	3.05
u/oh84s	0.98	2.09
information	0.98	1.53
engines	0.98	1.10
yea	0.98	2.52
role	0.99	1.35
highlight	0.99	1.23
defence	0.99	1.23
tom	0.99	1.11
riccardo	0.99	1.17
machinery	0.99	1.36
moments	0.99	1.88
chicken	0.99	1.09
james	0.99	0.97
produces	1.00	1.23
favourite	1.00	3.57
sparks	1.00	1.02
model	1.00	1.38
wasted	1.00	1.23
share	1.00	1.35
saw	1.00	1.66
occasional	1.00	1.19
rb10	1.00	1.33
replay	1.01	1.21
inferior	1.01	1.37
skill	1.01	1.06
360	1.01	1.26
moves	1.02	1.32
maldozer	1.02	1.47
steve	1.02	1.08
ol	1.02	1.37
fancy	1.02	1.26
genius	1.02	1.13
turbos	1.02	1.06
twitter	1.02	1.41
managing	1.02	1.45
character	1.02	0.99
app	1.02	1.42
recording	1.03	1.19
tip	1.03	1.24
raw	1.03	1.05
cap	1.03	1.28
reliable	1.03	1.48
passing	1.03	1.33
complicated	1.03	1.31
thats	1.03	2.63
vs	1.04	1.28
dr	1.04	1.30
balanced	1.04	1.11
torrent	1.05	1.42
copyright	1.05	1.40
v6	1.05	1.07
complex	1.05	1.20
timing	1.05	1.33
nah	1.05	2.23
mine	1.06	1.48
popular	1.06	1.22
links	1.06	1.61
niki	1.07	0.96
karma	1.07	1.54
oops	1.07	3.02
caps	1.07	1.25
skilled	1.08	1.43
thoroughly	1.08	1.51
combined	1.08	1.24
extended	1.08	1.24
theme	1.09	0.93
hardware	1.09	1.21
challenges	1.09	1.31
white	1.09	1.13
graph	1.09	1.41
summary	1.10	1.59
yup	1.10	2.34
damnit	1.10	1.59
custom	1.10	1.12
pink	1.10	1.06
female	1.10	1.43
mature	1.10	1.21
post	1.10	1.89
third	1.11	3.49
happily	1.11	2.69
loud	1.11	1.07
cute	1.12	2.19
boys	1.12	1.32
flowing	1.12	1.41
qualifier	1.12	2.75
audio	1.12	1.12
amazingly	1.12	1.52
unique	1.12	1.19
boy	1.12	1.49
carefully	1.12	1.29
yay	1.12	1.48
torrents	1.13	1.48
quieter	1.13	1.08
devices	1.13	1.38
faces	1.13	1.21
alright	1.13	2.53
nando	1.13	1.46
watch	1.13	1.22
gentleman	1.13	1.09
wtf	1.13	1.66
voice	1.13	1.12
attack	1.14	1.30
defensive	1.14	1.30
nostalgia	1.14	1.03
til	1.14	2.51
valuable	1.14	1.30
louder	1.14	1.06
racecraft	1.14	1.18
conflict	1.14	1.25
dramatic	1.14	0.93
legends	1.14	1.69
powerful	1.15	1.17
download	1.15	1.38
guys	1.15	2.44
difficult	1.15	1.54
v6s	1.15	1.05
mic	1.15	1.08
kovalainen	1.16	1.18
hell	1.16	2.18
warm	1.16	1.34
reviews	1.16	1.38
hello	1.17	1.63
baby	1.17	1.25
ok	1.17	2.89
susie	1.18	1.00
repost	1.18	1.76
such	1.18	1.32
nfl	1.18	1.19
lauda	1.18	0.97
blue	1.19	1.13
graphic	1.19	1.23
sake	1.19	1.42
smile	1.19	1.16
facebook	1.19	1.50
meanwhile	1.20	2.22
ranks	1.20	1.17
matching	1.20	1.28
star	1.20	1.03
song	1.20	1.12
adds	1.21	1.14
yours	1.21	2.18
ha	1.21	2.61
vdg	1.21	1.26
livery	1.21	1.21
music	1.22	0.97
beneficial	1.22	1.28
gold	1.22	1.24
word	1.22	3.05
war	1.23	1.18
hearing	1.23	1.19
replies	1.23	2.20
murray	1.23	1.04
proved	1.23	1.39
contenders	1.23	1.57
o	1.24	1.95
text	1.24	1.62
hi	1.24	1.95
black	1.24	1.12
nevermind	1.24	2.63
noises	1.25	1.04
lt	1.25	1.74
thermal	1.25	1.33
achievement	1.25	1.26
screen	1.25	1.21
der	1.26	1.21
shut	1.26	1.55
prefer	1.27	2.00
purple	1.27	1.17
w	1.27	1.40
plate	1.27	2.10
spelling	1.27	3.16
enormous	1.28	1.34
orange	1.29	1.10
colours	1.29	1.07
scream	1.29	1.05
frame	1.30	1.34
reply	1.30	2.70
inclined	1.30	2.76
ahh	1.30	2.66
shared	1.30	1.42
uh	1.30	2.48
sheer	1.30	1.32
scrap	1.30	1.01
steady	1.30	1.23
terrifying	1.30	1.81
art	1.31	1.01
replays	1.31	1.22
band	1.31	1.09
enjoying	1.31	1.51
intelligent	1.31	1.19
likeable	1.31	1.78
hungry	1.31	2.09
colors	1.32	1.04
some	1.32	1.47
nsfw	1.32	1.41
capable	1.32	1.23
fuck	1.32	1.93
real	1.32	1.30
richard	1.33	1.11
fucking	1.33	1.63
petrov	1.34	1.03
pls	1.34	1.59
superior	1.35	2.38
color	1.35	1.09
hey	1.35	2.57
garde	1.36	1.19
combination	1.36	1.13
nail	1.36	1.04
bud	1.36	2.18
basic	1.37	1.23
responding	1.37	2.87
mediocre	1.37	1.16
m8	1.37	1.69
smooth	1.37	1.35
ah	1.37	2.85
analysis	1.38	1.37
promise	1.38	1.15
exact	1.38	2.70
username	1.38	2.17
flash	1.39	1.29
uses	1.39	2.25
heads	1.39	1.92
sounded	1.40	1.06
smell	1.40	1.11
searching	1.40	1.57
dinner	1.41	1.15
importantly	1.41	1.26
google	1.42	1.44
effective	1.42	1.31
search	1.42	1.47
highlights	1.42	1.18
married	1.42	0.88
smart	1.42	1.19
nonetheless	1.43	2.00
dat	1.43	1.41
jobs	1.43	1.14
jackie	1.43	1.08
please	1.43	2.17
hunt	1.43	0.95
cam	1.43	1.28
met	1.43	1.46
showing	1.44	1.22
depth	1.44	1.23
filming	1.44	1.31
page	1.44	1.53
sound	1.45	1.05
edited	1.45	2.62
cameras	1.45	1.28
squirrel	1.45	1.60
fully	1.45	2.70
mobile	1.45	1.44
competition	1.46	1.11
pants	1.46	1.23
frank	1.46	1.19
angles	1.46	1.27
filter	1.47	1.31
v8s	1.47	1.05
screaming	1.47	1.05
v10s	1.48	1.04
response	1.48	2.16
sounds	1.48	1.24
motion	1.48	1.11
versions	1.48	1.33
blocked	1.48	1.52
brave	1.49	1.18
damned	1.49	1.52
from	1.49	1.66
revving	1.49	1.04
xd	1.49	1.74
reminds	1.50	1.19
showed	1.50	1.19
v12	1.50	1.02
entertainment	1.50	1.07
jeez	1.50	1.72
talented	1.50	1.25
v10	1.51	1.03
patrick	1.51	1.03
lol	1.51	2.31
laptop	1.51	1.57
demonstrated	1.52	1.16
iconic	1.52	1.39
3d	1.53	1.11
feedback	1.53	1.48
mental	1.53	1.04
successful	1.54	2.34
v8	1.54	1.02
addition	1.54	1.14
recommend	1.54	1.29
gift	1.54	2.07
dark	1.55	1.13
decent	1.55	1.93
camera	1.55	1.29
haha	1.55	2.53
drives	1.55	1.23
clarification	1.55	2.72
she	1.56	0.93
hot	1.56	1.17
jealous	1.57	2.27
watching	1.57	1.23
connections	1.57	1.98
bob	1.58	0.99
competitive	1.59	1.23
alone	1.59	1.17
expensive	1.59	1.15
strong	1.59	1.10
tips	1.59	1.22
wise	1.60	1.21
buddy	1.60	2.11
grey	1.60	1.12
suggestions	1.60	1.88
between	1.60	1.21
hahaha	1.61	2.15
overtaking	1.61	1.25
remarkable	1.62	1.99
relevant	1.62	1.23
mighty	1.62	1.34
fast	1.63	1.36
challenging	1.64	1.21
paint	1.64	1.13
spectacle	1.65	1.07
dominant	1.65	1.17
dude	1.66	2.08
hilarious	1.66	1.80
easy	1.66	1.46
oh	1.66	2.12
fight	1.67	1.31
entertaining	1.68	1.12
gods	1.68	1.16
windows	1.69	1.25
bright	1.69	1.07
omg	1.70	1.66
responses	1.70	1.93
answering	1.70	2.50
providing	1.71	1.37
correction	1.71	2.78
mate	1.71	2.21
fighting	1.71	1.28
overtakes	1.72	1.23
drama	1.72	1.06
onboards	1.72	1.20
hair	1.72	1.16
dear	1.73	1.53
episode	1.73	0.96
historic	1.74	1.17
lord	1.75	1.53
actual	1.75	1.28
battling	1.75	1.22
file	1.75	1.43
explanation	1.78	1.98
comfortable	1.78	1.92
girl	1.78	0.85
apologies	1.78	2.98
onboard	1.79	1.23
ffs	1.79	1.66
smiling	1.80	1.96
phone	1.80	1.34
precise	1.81	1.27
review	1.82	1.23
drift	1.83	2.09
men	1.85	1.05
celebrating	1.85	1.87
ferraris	1.86	1.07
edit	1.87	2.87
iphone	1.87	1.26
nicely	1.87	1.92
version	1.87	1.14
excitement	1.87	1.01
corrected	1.88	2.89
rogro	1.89	1.53
atmosphere	1.89	1.13
movies	1.89	0.93
c'mon	1.89	1.54
op	1.90	2.30
link	1.90	1.62
machines	1.90	1.19
angle	1.91	1.30
auto	1.91	2.30
familiar	1.91	2.38
colour	1.92	1.10
cubejam	1.92	1.66
clip	1.92	0.98
women	1.93	0.91
yep	1.94	2.36
guy	1.94	1.67
documentary	1.94	0.91
useful	1.95	1.22
enjoyable	1.95	1.13
hooked	1.95	1.44
goddamn	1.96	1.39
safe	1.97	1.78
dammit	1.97	1.73
intro	1.97	1.48
killer	1.98	1.02
girls	1.98	1.02
youtube	1.99	1.36
proper	2.01	1.40
consistent	2.01	1.13
accurate	2.02	2.29
agreed	2.02	2.42
simple	2.04	1.41
crowd	2.08	1.33
uploaded	2.09	1.37
machine	2.09	1.14
excellent	2.09	1.89
mirror	2.09	1.35
combo	2.12	1.94
scheme	2.13	1.06
replaced	2.13	1.48
description	2.13	1.40
info	2.14	1.67
christmas	2.16	1.75
whoa	2.17	1.60
action	2.17	1.08
footage	2.17	1.20
bro	2.17	1.61
congratulations	2.18	1.19
insight	2.18	1.33
finale	2.19	1.03
beard	2.20	1.33
shot	2.22	1.33
bloke	2.23	1.46
on-track	2.27	0.97
relaxed	2.30	1.55
rough	2.30	1.44
careful	2.33	1.40
quick	2.33	1.49
appreciate	2.34	1.55
attractive	2.36	0.85
clean	2.36	1.26
fought	2.36	1.03
v	2.36	1.07
beauty	2.37	1.01
cake	2.38	1.64
appreciated	2.39	1.71
subtle	2.40	1.42
detailed	2.41	1.22
liveries	2.43	0.89
woman	2.44	0.82
props	2.45	1.16
close	2.45	1.45
brilliant	2.45	1.78
fights	2.47	1.02
mp4/4	2.47	0.93
exceptional	2.47	1.37
classy	2.47	1.60
fuckin	2.51	1.77
birthday	2.51	1.72
memories	2.52	1.24
bloody	2.53	1.51
sir	2.55	1.77
welcome	2.55	1.56
man	2.56	1.93
woah	2.57	1.80
damn	2.57	1.72
friendly	2.58	1.40
tension	2.60	0.96
clips	2.60	1.11
genuine	2.63	1.25
calm	2.64	1.47
resolution	2.65	1.21
scenes	2.67	0.89
video	2.68	1.18
dig	2.69	1.39
poster	2.70	1.14
scene	2.70	1.38
steven	2.71	1.99
legendary	2.71	1.77
phenomenal	2.72	1.57
note	2.72	1.44
humble	2.72	1.54
rush	2.73	1.26
informative	2.73	1.05
hobbs	2.73	1.43
cheers	2.73	2.06
film	2.76	0.91
rivalry	2.81	0.86
sharp	2.83	1.36
freaking	2.84	1.40
incredible	2.86	1.61
solid	2.89	1.16
looking	2.89	1.67
truly	2.89	1.22
upload	2.89	1.25
movie	2.91	1.18
videos	2.91	1.14
thank	2.93	1.88
seeing	2.95	1.45
battle	2.97	0.90
danny	2.97	1.29
beast	2.99	1.31
gif	3.01	1.18
impressive	3.02	1.09
loving	3.05	1.05
nuts	3.06	1.36
chill	3.07	1.38
btw	3.08	1.48
holy	3.08	1.48
res	3.08	1.24
imgur	3.09	1.25
classic	3.09	1.03
looks	3.10	1.23
unbelievable	3.10	1.20
god	3.10	1.44
exciting	3.10	1.07
fascinating	3.11	1.10
perfect	3.12	1.16
interesting	3.13	1.23
wow	3.13	1.55
immense	3.14	1.16
cool	3.19	1.36
image	3.21	1.24
battles	3.22	1.05
wish	3.23	1.72
images	3.25	1.19
superb	3.25	1.18
stunning	3.25	1.47
thanks	3.28	1.72
miss	3.30	1.20
good	3.35	1.20
outstanding	3.36	1.15
absolutely	3.41	1.15
helpful	3.45	1.14
job	3.46	1.13
enjoy	3.46	0.88
neat	3.47	1.12
photoshop	3.48	1.19
shots	3.51	1.18
congrats	3.56	1.11
collection	3.56	1.04
wallpaper	3.66	1.20
spectacular	3.67	0.97
enjoyed	3.72	0.70
badass	3.74	0.95
sexy	3.76	0.97
pictures	3.76	1.16
nailed	3.80	0.92
photo	3.83	1.13
glorious	3.91	0.85
sweet	3.92	0.92
pic	3.93	1.12
intense	3.97	0.78
great	3.98	0.79
sharing	4.02	1.04
album	4.03	0.98
picture	4.05	1.10
lovely	4.07	0.68
epic	4.08	0.78
background	4.12	0.83
gorgeous	4.17	0.66
wonderful	4.17	0.74
vid	4.23	0.69
pics	4.25	0.97
photos	4.27	0.92
beautiful	4.27	0.67
