gross	-4.45	0.76
smell	-4.19	1.40
farts	-4.18	1.50
smells	-4.18	1.40
diarrhea	-4.14	1.44
hating	-4.10	1.49
vomit	-4.07	1.63
blame	-4.01	1.62
piss	-3.99	1.72
sweat	-3.99	1.60
poo	-3.97	1.70
bad	-3.93	1.34
poop	-3.90	1.76
dirty	-3.88	1.53
dislike	-3.87	1.59
mess	-3.86	1.50
everywhere	-3.83	1.77
pain	-3.78	1.30
sticky	-3.77	1.66
experienced	-3.72	1.70
disgusting	-3.69	1.03
gays	-3.67	1.81
wet	-3.64	1.75
cum	-3.62	1.42
sucks	-3.61	1.09
responsible	-3.60	1.40
poor	-3.52	1.70
suffer	-3.52	1.67
felt	-3.47	2.09
shits	-3.43	1.85
torture	-3.41	1.71
miserable	-3.36	1.78
shitty	-3.34	1.62
cruel	-3.33	1.47
mock	-3.24	1.56
bieber	-3.24	1.72
rid	-3.23	1.96
pisses	-3.23	1.38
complain	-3.22	1.76
alike	-3.20	1.55
pee	-3.15	1.79
itt	-3.14	1.68
filthy	-3.12	1.71
handwriting	-3.07	1.94
bloody	-3.06	1.98
tastes	-3.06	1.71
blood	-3.06	1.61
hipsters	-3.04	1.68
justin	-3.03	1.85
wipe	-3.02	1.72
semen	-3.01	1.69
haters	-3.00	1.83
unlike	-2.97	1.60
clean	-2.95	1.64
hatred	-2.95	1.66
painful	-2.93	1.70
nightmare	-2.88	1.75
lied	-2.88	2.00
mistaken	-2.88	2.69
stomach	-2.84	0.99
flush	-2.82	1.76
fart	-2.75	1.59
cleaning	-2.75	1.55
sink	-2.75	1.68
toilet	-2.75	1.77
butthurt	-2.73	1.33
spray	-2.73	1.49
are	-2.72	1.92
blaming	-2.71	0.85
complaining	-2.68	1.10
shower	-2.67	1.70
wash	-2.66	1.65
washing	-2.64	1.65
suffering	-2.63	1.25
annoying	-2.63	1.81
bath	-2.62	1.65
pooping	-2.61	1.84
circlejerk	-2.58	1.99
soap	-2.58	1.64
cared	-2.57	2.11
shitting	-2.56	1.84
spit	-2.55	1.63
brutal	-2.55	1.77
garbage	-2.54	1.80
bleeding	-2.54	1.04
bitching	-2.54	1.05
secretly	-2.54	2.06
taste	-2.52	1.46
general	-2.51	1.81
stupid	-2.51	2.35
pathetic	-2.49	2.11
pissing	-2.49	1.82
cleaned	-2.44	1.50
lonely	-2.43	2.47
anxiety	-2.42	1.19
fault	-2.41	1.08
bothers	-2.40	1.36
drain	-2.39	1.61
breath	-2.39	1.50
obsessed	-2.38	2.36
boring	-2.37	1.98
liking	-2.35	2.40
feel	-2.34	2.86
unfunny	-2.33	1.93
laundry	-2.33	1.55
clearly	-2.32	3.07
bathroom	-2.32	1.62
feeling	-2.31	1.80
mocking	-2.31	0.97
unfortunate	-2.30	1.87
doing	-2.30	3.21
meanwhile	-2.30	2.44
stress	-2.29	1.06
crappy	-2.28	1.80
suck	-2.28	1.79
fact	-2.27	3.11
talked	-2.26	2.02
misleading	-2.23	2.39
depression	-2.22	1.22
burnt	-2.22	1.32
agree	-2.21	3.27
like	-2.21	2.56
simply	-2.21	2.97
homeless	-2.19	1.11
point	-2.19	3.18
possibly	-2.18	2.40
awkward	-2.18	2.50
unless	-2.18	3.42
suggesting	-2.18	2.79
syndrome	-2.17	0.96
lame	-2.16	2.01
worthless	-2.16	1.43
saying	-2.15	3.36
cleaner	-2.15	1.46
struggle	-2.14	1.39
obviously	-2.12	3.43
feels	-2.12	2.52
towel	-2.12	1.60
downvoting	-2.11	1.10
screwed	-2.11	2.30
fuckers	-2.11	2.46
rat	-2.10	2.33
defending	-2.10	0.90
severe	-2.10	1.21
mild	-2.09	1.07
struggling	-2.08	1.26
strongly	-2.07	0.97
sentiment	-2.06	0.96
jerk	-2.06	1.21
ocd	-2.05	1.20
burning	-2.05	1.17
cheesy	-2.05	2.01
hands	-2.04	1.50
pity	-2.04	1.58
poverty	-2.03	0.95
crap	-2.02	2.01
shame	-2.00	1.55
covered	-1.99	1.61
highest	-1.99	2.57
excuses	-1.98	1.22
bitter	-1.98	1.32
dishes	-1.98	1.50
dry	-1.97	1.81
axe	-1.96	1.27
hint	-1.96	1.15
anti	-1.95	1.07
caused	-1.95	1.19
silly	-1.94	2.47
childish	-1.94	1.45
atheists	-1.93	0.99
depressed	-1.93	2.97
redditors	-1.92	1.38
immature	-1.92	1.49
bunch	-1.92	1.22
illness	-1.91	1.07
regret	-1.90	1.62
uncomfortable	-1.89	2.81
disorder	-1.89	1.12
lazy	-1.87	1.55
nerds	-1.87	1.41
selfish	-1.86	1.40
justify	-1.86	0.85
true	-1.85	3.46
mental	-1.84	1.11
dust	-1.84	1.51
shallow	-1.83	1.63
trash	-1.83	1.23
smoke	-1.83	1.06
embarrassed	-1.83	3.14
generic	-1.83	1.26
condition	-1.82	1.08
anus	-1.82	1.36
cigarette	-1.82	1.07
dump	-1.81	1.25
jealous	-1.81	2.94
confusion	-1.81	1.09
guilt	-1.79	1.21
right	-1.79	3.52
embarrassing	-1.79	2.34
vagina	-1.79	1.35
pile	-1.79	1.23
circle	-1.78	1.02
discrimination	-1.78	0.90
tired	-1.77	1.83
problems	-1.77	1.01
convinced	-1.77	2.40
thing	-1.77	2.96
makes	-1.76	2.86
wound	-1.76	0.97
offensive	-1.76	1.48
injury	-1.76	1.02
sounds	-1.75	2.18
butthole	-1.75	1.36
hurts	-1.74	1.59
desperate	-1.74	1.83
lowest	-1.72	2.56
frustrating	-1.72	2.48
annoyed	-1.72	2.58
brush	-1.72	1.42
tub	-1.72	1.48
permanent	-1.71	1.16
naive	-1.71	1.79
amused	-1.71	3.15
fluid	-1.71	1.35
bored	-1.70	2.66
damage	-1.70	1.06
publicly	-1.70	0.91
dirt	-1.69	1.65
ashamed	-1.69	3.28
otherwise	-1.69	2.09
dealing	-1.69	1.18
trolls	-1.68	1.32
creepy	-1.68	2.34
issues	-1.67	1.01
heart	-1.67	0.95
angry	-1.67	2.49
breathing	-1.67	1.19
nervous	-1.67	3.27
aim	-1.67	1.33
responsibility	-1.66	0.77
causes	-1.66	1.11
intense	-1.66	1.27
cause	-1.65	1.12
moment	-1.65	2.38
beer	-1.64	1.21
kinda	-1.64	2.83
vacuum	-1.64	1.29
absolute	-1.63	2.12
rude	-1.63	1.29
feminists	-1.63	1.08
occur	-1.62	1.20
leads	-1.62	1.03
srs	-1.62	1.35
unhealthy	-1.61	0.85
useless	-1.61	1.76
inappropriate	-1.61	1.48
petty	-1.61	1.40
attacking	-1.60	1.05
families	-1.60	1.03
anger	-1.59	1.17
occurred	-1.59	1.01
upset	-1.59	3.29
harsh	-1.59	1.57
disturbing	-1.58	2.54
invented	-1.58	2.14
disappointed	-1.58	3.16
blacks	-1.57	0.82
ve	-1.57	3.05
shocked	-1.57	3.30
arrogant	-1.56	1.42
abuse	-1.56	0.90
panic	-1.56	1.38
whites	-1.56	0.82
reposts	-1.56	1.03
stroke	-1.55	1.02
shaming	-1.55	0.94
creep	-1.55	1.50
nerd	-1.54	1.35
minority	-1.54	0.87
stoned	-1.54	2.59
waste	-1.53	1.08
confused	-1.53	3.35
addiction	-1.52	0.89
prevent	-1.52	0.94
bullying	-1.52	0.86
fear	-1.51	1.28
against	-1.51	0.89
kitchen	-1.51	1.32
idiots	-1.50	1.57
effects	-1.50	0.94
gay	-1.50	0.99
bell	-1.49	1.20
pretentious	-1.49	1.35
spice	-1.49	1.23
causing	-1.49	1.09
miley	-1.49	1.46
rest	-1.49	2.89
afterwards	-1.49	1.18
ghetto	-1.49	0.94
offended	-1.48	2.50
sudden	-1.48	1.05
obnoxious	-1.48	1.33
another	-1.47	3.00
threatened	-1.47	1.61
fans	-1.47	1.05
realizing	-1.47	1.86
ignorant	-1.45	1.73
obese	-1.45	1.39
insulting	-1.45	1.08
smug	-1.45	1.31
cunts	-1.44	1.40
serious	-1.44	1.09
disagree	-1.44	1.41
taco	-1.44	1.19
protest	-1.43	1.03
carpet	-1.43	1.44
unfair	-1.43	1.49
liquid	-1.43	1.24
emotional	-1.43	0.96
violence	-1.43	0.85
nonsense	-1.43	1.25
result	-1.43	1.07
flesh	-1.43	1.31
defend	-1.42	1.06
feelings	-1.42	1.12
harm	-1.42	0.99
talk	-1.42	1.43
bullshit	-1.42	1.61
suicide	-1.42	0.92
satisfying	-1.40	2.61
idiotic	-1.40	1.62
virgin	-1.40	1.56
afraid	-1.40	2.52
due	-1.39	1.06
whores	-1.39	1.29
bothered	-1.39	2.25
assholes	-1.39	1.33
avoid	-1.39	0.98
hurting	-1.39	1.19
horribly	-1.39	1.43
alcoholic	-1.39	1.28
loss	-1.38	0.96
majority	-1.38	1.32
confuse	-1.38	1.41
depressing	-1.38	2.70
autism	-1.38	0.93
clothes	-1.37	1.38
surprising	-1.37	2.71
groups	-1.37	0.83
turd	-1.37	1.31
disease	-1.36	0.97
mood	-1.36	1.43
mouth	-1.36	1.22
blast	-1.36	1.03
elderly	-1.36	1.11
cure	-1.36	0.91
drank	-1.36	1.21
hose	-1.36	1.22
rant	-1.36	1.25
trust	-1.35	1.63
obesity	-1.35	0.93
approve	-1.35	1.70
death	-1.34	1.10
minded	-1.34	1.37
injuries	-1.34	0.98
amazed	-1.33	2.82
ugh	-1.33	2.06
lick	-1.33	1.10
racist	-1.33	1.43
diabetes	-1.33	0.96
throat	-1.33	1.09
insecure	-1.33	1.57
desert	-1.33	1.31
committed	-1.32	0.88
confusing	-1.32	2.23
filled	-1.32	1.07
bs	-1.32	1.25
messed	-1.32	2.23
juice	-1.32	1.18
prick	-1.31	1.38
concern	-1.31	1.20
straight	-1.31	0.91
risk	-1.31	1.02
lie	-1.31	2.10
seemed	-1.31	1.76
am	-1.30	2.64
weak	-1.30	1.49
entire	-1.30	3.04
noise	-1.30	1.04
neckbeard	-1.30	1.64
pointless	-1.30	1.54
violent	-1.30	0.92
dae	-1.30	2.35
whore	-1.30	1.36
breathe	-1.29	1.33
condescending	-1.29	1.33
problem	-1.29	1.55
sexist	-1.29	1.11
bubbles	-1.28	1.32
hairy	-1.28	1.13
meaningless	-1.27	1.52
asshole	-1.27	1.39
blows	-1.27	0.90
acid	-1.27	1.18
butts	-1.27	1.28
lead	-1.26	0.98
aware	-1.26	2.02
express	-1.26	1.20
punishment	-1.25	1.02
constantly	-1.25	1.06
mentality	-1.25	1.03
bully	-1.25	0.98
twat	-1.25	1.43
constant	-1.25	0.87
exciting	-1.25	2.03
shock	-1.25	1.45
concerned	-1.25	2.74
cans	-1.25	1.06
seeing	-1.24	1.68
innocent	-1.24	0.95
touching	-1.24	1.16
victim	-1.24	0.86
happening	-1.24	2.18
sensitive	-1.24	2.00
complicated	-1.24	1.65
alone	-1.24	1.67
celebrity	-1.24	1.18
lesbian	-1.23	0.94
legitimately	-1.23	2.02
surgery	-1.23	1.04
drinking	-1.23	1.17
surrounded	-1.23	1.08
lying	-1.23	1.33
douche	-1.23	1.41
calling	-1.23	1.26
worried	-1.23	2.85
treating	-1.23	0.92
smoking	-1.22	1.04
muslims	-1.22	0.89
pleasure	-1.22	1.13
tears	-1.22	1.42
rates	-1.22	1.23
emotions	-1.21	1.13
cock	-1.21	1.19
amongst	-1.21	1.44
lies	-1.21	1.15
potentially	-1.21	1.05
ironically	-1.20	1.21
methods	-1.20	1.00
homosexual	-1.20	0.95
public	-1.20	0.80
bucket	-1.20	1.19
thinking	-1.20	2.49
drink	-1.20	1.17
already	-1.20	1.86
pedantic	-1.20	1.38
seat	-1.20	1.37
asians	-1.19	0.94
surprised	-1.19	2.68
racism	-1.19	0.91
bastards	-1.19	1.64
spread	-1.19	0.90
entitled	-1.19	1.35
butt	-1.19	1.20
m	-1.19	2.48
horny	-1.18	1.97
thoroughly	-1.18	1.87
allergic	-1.18	1.35
junk	-1.18	1.10
messing	-1.18	1.66
rich	-1.18	1.09
abortion	-1.17	0.88
fresh	-1.17	1.36
serial	-1.16	1.41
all	-1.16	1.80
sucking	-1.16	1.04
leaving	-1.16	1.01
possibility	-1.16	1.34
jackass	-1.16	1.50
idea	-1.16	2.28
actively	-1.16	1.05
hard	-1.15	2.75
works	-1.15	1.43
okay	-1.15	3.35
attitude	-1.15	1.15
task	-1.15	1.41
douchebag	-1.15	1.39
known	-1.15	2.66
getting	-1.14	1.71
killing	-1.14	1.05
told	-1.14	1.21
mentally	-1.14	1.54
victims	-1.14	0.83
water	-1.14	1.24
slut	-1.14	1.46
experience	-1.14	1.03
rainbow	-1.14	1.18
oddly	-1.13	2.00
sexism	-1.13	0.92
terrorist	-1.13	0.80
assure	-1.13	1.71
freaked	-1.13	2.52
talking	-1.13	2.38
dish	-1.13	1.31
arent	-1.13	1.14
bin	-1.12	1.06
basement	-1.12	1.20
thankfully	-1.12	1.41
beers	-1.12	1.03
pissed	-1.12	2.78
were	-1.12	1.53
pipe	-1.12	0.98
hurt	-1.12	2.08
done	-1.12	2.03
trans	-1.11	0.92
craft	-1.11	0.86
household	-1.11	0.84
masturbate	-1.11	1.30
glue	-1.11	1.12
look	-1.10	2.17
amusing	-1.10	2.81
real	-1.10	2.29
spoiled	-1.10	1.32
threatening	-1.10	0.95
by	-1.10	1.42
weed	-1.10	1.03
hearing	-1.10	0.94
threads	-1.09	1.19
presumably	-1.09	0.94
marijuana	-1.09	1.01
certainly	-1.09	1.88
sheets	-1.09	1.36
towards	-1.09	1.02
impressed	-1.09	2.40
empty	-1.09	0.99
rage	-1.09	1.44
sense	-1.09	1.72
rub	-1.09	1.15
privilege	-1.09	0.86
racial	-1.08	0.84
difficult	-1.08	1.80
cringe	-1.08	2.75
pool	-1.08	1.20
litter	-1.08	1.81
deal	-1.08	1.92
morons	-1.08	1.74
interesting	-1.08	2.90
latter	-1.08	1.32
brain	-1.08	1.24
worse	-1.08	1.23
lawrence	-1.08	1.25
truth	-1.08	1.98
reason	-1.07	2.24
impossible	-1.07	1.49
those	-1.07	1.20
jews	-1.07	0.96
millions	-1.07	0.88
consequences	-1.07	0.92
being	-1.07	1.37
physical	-1.07	1.02
digging	-1.07	0.95
lower	-1.06	1.41
blowing	-1.06	0.96
and/or	-1.06	1.15
proud	-1.06	2.67
rate	-1.06	1.33
nsa	-1.06	0.65
arguing	-1.06	1.68
sick	-1.06	2.29
pepsi	-1.05	1.08
interested	-1.05	2.59
mentioning	-1.05	1.30
heroin	-1.05	0.83
plenty	-1.05	1.30
homosexuality	-1.05	0.98
genuinely	-1.05	2.35
unlikely	-1.05	1.78
claimed	-1.05	1.13
balloon	-1.05	1.28
blow	-1.04	0.92
pressure	-1.04	0.85
somehow	-1.04	1.52
looking	-1.04	2.08
typical	-1.04	0.90
levels	-1.04	1.23
terrified	-1.04	3.18
these	-1.04	1.19
overweight	-1.04	1.26
going	-1.03	2.66
trapped	-1.03	1.50
pills	-1.03	0.80
myself	-1.03	1.98
ridiculous	-1.03	2.41
compare	-1.03	0.92
bags	-1.02	0.99
believed	-1.02	1.05
cocaine	-1.02	0.86
bit	-1.02	1.72
upvoting	-1.02	1.14
cough	-1.02	0.95
telling	-1.02	1.61
jennifer	-1.02	1.24
seem	-1.02	1.92
issue	-1.02	1.26
realised	-1.02	1.35
among	-1.01	1.39
partially	-1.01	1.31
increase	-1.01	1.37
harassment	-1.01	0.88
circumstances	-1.01	1.11
anal	-1.01	1.10
drugs	-1.00	0.89
care	-1.00	1.56
argue	-1.00	1.77
pirate	-1.00	1.45
tends	-1.00	0.86
air	-1.00	0.97
complaint	-1.00	1.20
treat	-1.00	0.99
about	-1.00	1.69
flavor	-1.00	1.27
intention	-0.99	1.50
selection	-0.99	0.77
meth	-0.99	0.85
murdered	-0.99	1.02
sounded	-0.99	1.40
blind	-0.99	1.67
trend	-0.99	1.02
defensive	-0.99	1.52
marriage	-0.99	0.86
re	-0.98	2.56
heard	-0.98	2.26
joy	-0.98	1.33
hole	-0.98	1.02
loser	-0.98	1.56
laid	-0.98	2.05
focused	-0.98	1.02
wasting	-0.98	0.97
cigarettes	-0.98	0.89
folks	-0.98	1.24
commenting	-0.98	1.17
mildly	-0.98	1.80
rape	-0.98	0.83
curiosity	-0.98	1.08
many	-0.97	1.17
spreading	-0.97	1.01
pussy	-0.97	1.47
smoked	-0.97	1.06
bag	-0.97	0.99
extent	-0.97	1.19
knowing	-0.97	1.81
ego	-0.96	0.97
feminist	-0.96	0.85
memes	-0.96	1.24
commit	-0.96	0.86
alcohol	-0.96	0.97
danger	-0.96	1.12
stuff	-0.96	2.10
attacked	-0.96	1.58
crack	-0.95	0.89
crimes	-0.95	0.84
gap	-0.95	1.04
ruining	-0.95	1.15
strange	-0.95	2.24
looked	-0.95	1.53
complaints	-0.95	1.06
course	-0.95	1.93
retarded	-0.95	2.54
slavery	-0.95	0.72
admit	-0.94	2.23
gum	-0.94	0.97
bubble	-0.94	0.98
increases	-0.94	1.20
threat	-0.94	0.94
had	-0.94	2.14
reposting	-0.94	1.10
drug	-0.94	0.82
percentage	-0.94	1.04
crime	-0.94	0.83
increasing	-0.94	1.32
dragon	-0.94	1.44
supposed	-0.94	2.60
desire	-0.93	0.99
full	-0.93	0.95
increased	-0.93	1.20
disabled	-0.93	1.50
notion	-0.92	1.45
sack	-0.92	1.12
affected	-0.92	0.94
realise	-0.92	1.87
hear	-0.92	0.95
complex	-0.92	1.63
bottle	-0.92	1.03
blown	-0.92	1.54
filter	-0.92	1.01
reasons	-0.92	1.26
make	-0.91	1.94
claiming	-0.91	1.50
tube	-0.91	1.03
murder	-0.91	0.84
dick	-0.91	1.11
fool	-0.91	1.58
high	-0.91	1.50
rather	-0.91	1.46
risky	-0.91	2.07
have	-0.91	2.08
straw	-0.91	0.96
christians	-0.91	0.98
attempts	-0.90	1.23
physically	-0.90	1.17
quality	-0.90	1.19
isis	-0.90	0.73
stereotype	-0.90	1.01
hide	-0.90	1.01
stick	-0.90	0.99
always	-0.90	2.06
ignorance	-0.90	1.03
sticks	-0.89	1.09
thoughts	-0.89	1.03
facts	-0.89	1.94
trolling	-0.89	1.55
dumb	-0.89	2.14
balls	-0.89	1.15
attack	-0.89	1.03
making	-0.89	1.75
wine	-0.89	0.98
other	-0.89	1.18
boner	-0.89	1.52
intentionally	-0.88	1.41
moron	-0.88	1.64
ignoring	-0.88	1.71
odd	-0.88	2.26
may	-0.88	2.41
assume	-0.88	2.54
same	-0.88	1.21
sole	-0.88	0.93
race	-0.88	0.82
fill	-0.88	0.97
enjoyable	-0.88	1.83
fucks	-0.88	1.40
electricity	-0.87	1.18
justified	-0.87	1.32
compared	-0.87	0.81
occasional	-0.87	0.96
however	-0.87	2.42
coke	-0.87	1.10
rise	-0.87	1.17
pill	-0.86	0.81
parenting	-0.86	1.03
deaths	-0.86	0.87
hungry	-0.86	2.58
qualified	-0.86	0.89
kanye	-0.86	1.13
seems	-0.86	1.74
bottles	-0.86	0.99
tone	-0.86	1.33
solve	-0.86	1.14
asking	-0.86	1.76
cancer	-0.85	0.91
average	-0.85	1.25
tank	-0.85	1.02
sure	-0.85	2.55
yet	-0.85	2.29
toward	-0.85	0.89
nut	-0.84	1.30
piece	-0.84	1.16
without	-0.84	1.15
doubt	-0.84	2.20
said	-0.84	1.55
because	-0.84	2.69
repost	-0.84	1.05
hammer	-0.84	1.24
scared	-0.84	2.86
instead	-0.84	1.26
liar	-0.84	1.53
bother	-0.84	1.70
potential	-0.84	1.42
somewhere	-0.83	1.81
me	-0.83	1.88
ignored	-0.83	1.43
treated	-0.83	0.92
ebola	-0.83	1.14
basically	-0.83	1.90
everytime	-0.83	1.49
hiding	-0.83	0.79
concert	-0.83	1.15
teenagers	-0.83	1.17
booze	-0.83	0.99
races	-0.83	0.80
perhaps	-0.83	1.89
pot	-0.83	0.89
suggested	-0.83	1.06
nor	-0.83	1.59
comparing	-0.83	0.81
overly	-0.82	1.39
nose	-0.82	1.14
ugly	-0.82	1.24
roll	-0.82	1.06
higher	-0.82	1.38
idiot	-0.82	1.74
fetish	-0.82	1.19
socially	-0.82	1.61
clown	-0.82	1.68
implying	-0.82	1.97
tongue	-0.82	1.15
handful	-0.82	1.22
sucked	-0.82	2.38
factors	-0.81	0.93
lube	-0.81	1.31
stuck	-0.81	0.91
pump	-0.81	1.01
primarily	-0.81	0.97
easily	-0.81	1.29
sand	-0.81	1.37
stance	-0.81	1.10
slight	-0.81	1.04
none	-0.81	1.28
where	-0.81	2.15
as	-0.81	1.93
accident	-0.81	1.00
hook	-0.81	1.04
involving	-0.80	0.94
tend	-0.80	1.16
elsewhere	-0.80	1.43
bizarre	-0.80	2.14
downvotes	-0.80	1.16
lives	-0.80	1.38
likely	-0.80	1.45
utterly	-0.80	1.64
paper	-0.80	0.88
exception	-0.80	1.06
both	-0.80	1.16
extreme	-0.80	1.35
ways	-0.80	1.10
puns	-0.80	1.40
slightly	-0.80	1.65
terribly	-0.80	1.61
repeatedly	-0.80	1.07
aids	-0.80	1.02
bud	-0.80	1.52
attacks	-0.79	1.02
total	-0.79	1.08
bitches	-0.79	1.85
things	-0.79	1.87
dangerous	-0.79	1.73
responding	-0.79	1.69
flow	-0.79	0.87
finger	-0.79	1.12
irrelevant	-0.79	1.70
ultimately	-0.79	1.15
yell	-0.79	1.10
considering	-0.78	1.77
reduce	-0.78	0.99
experiences	-0.78	0.91
container	-0.78	0.95
rubber	-0.78	1.10
flipped	-0.78	1.40
apparently	-0.78	2.05
insult	-0.78	1.15
spiders	-0.78	1.77
health	-0.78	0.98
hipster	-0.78	1.17
views	-0.78	0.91
picking	-0.78	1.30
impact	-0.78	0.90
curious	-0.78	2.59
busy	-0.78	1.17
low	-0.78	1.34
troll	-0.77	1.38
almost	-0.77	1.39
kim	-0.77	1.07
tbh	-0.77	1.72
tl	-0.77	1.37
completely	-0.77	1.48
opinions	-0.77	1.15
their	-0.77	0.83
clear	-0.77	1.67
way	-0.77	1.61
practically	-0.77	1.16
contribute	-0.76	0.90
above	-0.76	1.14
helping	-0.76	1.24
dumbass	-0.76	1.70
somewhat	-0.76	1.61
opinion	-0.76	1.25
or	-0.76	2.33
tap	-0.76	1.07
especially	-0.76	1.30
leading	-0.76	0.91
gang	-0.76	0.84
choice	-0.75	1.25
conditions	-0.75	0.88
portland	-0.75	0.97
reality	-0.75	1.29
case	-0.75	1.69
greatly	-0.75	0.97
knee	-0.75	0.99
ear	-0.74	0.97
downvote	-0.74	1.17
understood	-0.74	1.20
habit	-0.74	0.89
sounding	-0.74	1.45
sometimes	-0.74	2.04
upper	-0.74	0.94
thumb	-0.74	1.07
vague	-0.74	1.70
involve	-0.74	0.90
involved	-0.74	1.10
assault	-0.73	0.85
only	-0.73	2.52
aside	-0.73	1.39
vodka	-0.73	1.01
never	-0.73	2.48
meant	-0.73	1.99
convince	-0.73	1.50
fingers	-0.73	1.12
hobby	-0.73	0.84
lid	-0.73	1.06
theft	-0.73	0.87
wondered	-0.73	1.27
regarding	-0.73	1.11
topic	-0.72	1.49
joking	-0.72	2.49
cheat	-0.72	1.22
capable	-0.72	0.87
maximum	-0.72	1.18
except	-0.72	1.81
injured	-0.72	1.12
burned	-0.72	0.92
regards	-0.72	1.21
condom	-0.72	0.82
reddit	-0.71	0.98
feminism	-0.71	0.92
drinks	-0.71	0.97
downvoted	-0.71	1.89
act	-0.71	1.11
insults	-0.71	1.18
deep	-0.71	0.97
gallon	-0.71	0.92
related	-0.71	1.17
self	-0.71	1.03
yelled	-0.71	1.21
stare	-0.71	1.50
passive	-0.70	1.20
analogy	-0.70	1.60
boxes	-0.70	0.91
top	-0.70	1.20
rarely	-0.70	1.05
beliefs	-0.70	0.88
urban	-0.70	1.15
gas	-0.70	0.90
discussing	-0.70	1.31
whatever	-0.70	2.41
parts	-0.70	1.51
killer	-0.70	1.61
destroyed	-0.70	1.20
led	-0.70	0.83
expect	-0.70	1.97
statistics	-0.70	1.11
quit	-0.70	1.22
fan	-0.69	1.26
statement	-0.69	2.19
criminals	-0.69	0.85
scream	-0.69	1.12
lips	-0.69	1.20
absurd	-0.69	1.80
themselves	-0.69	1.37
fuel	-0.68	0.87
lots	-0.68	1.00
negative	-0.68	0.91
comparable	-0.68	1.12
argument	-0.68	1.97
premise	-0.68	1.60
most	-0.68	3.14
trouble	-0.68	1.21
buried	-0.68	1.00
body	-0.68	0.93
closet	-0.68	0.97
promote	-0.68	0.76
view	-0.68	1.05
dicks	-0.68	1.12
remotely	-0.68	1.47
drunk	-0.68	1.77
dozens	-0.68	0.99
treatment	-0.68	0.86
proven	-0.68	1.61
developed	-0.68	0.76
cheating	-0.68	1.02
equality	-0.68	0.82
anywhere	-0.67	2.02
familiar	-0.67	2.47
floor	-0.67	1.08
chart	-0.67	1.06
raped	-0.67	1.11
scenario	-0.67	1.23
comments	-0.67	1.13
own	-0.67	0.91
explode	-0.67	0.90
defense	-0.67	0.86
probably	-0.67	2.56
hang	-0.67	1.07
drake	-0.67	1.11
outcome	-0.67	1.13
group	-0.67	0.77
thousands	-0.67	0.89
monster	-0.66	1.79
movement	-0.66	0.85
thus	-0.66	1.44
pilot	-0.66	1.15
kind	-0.66	2.11
penis	-0.66	1.03
benefit	-0.66	0.89
happened	-0.66	1.80
shove	-0.66	0.90
upvoted	-0.66	1.11
chances	-0.66	1.05
sexuality	-0.66	0.80
discovered	-0.66	0.90
previously	-0.66	1.39
been	-0.66	2.52
thinks	-0.66	2.81
pretending	-0.66	1.40
holes	-0.66	0.90
ass	-0.66	1.25
ink	-0.65	1.07
false	-0.65	1.99
soda	-0.65	0.98
fewer	-0.65	1.00
having	-0.65	1.22
either	-0.65	2.59
unusual	-0.65	1.95
bias	-0.65	0.96
claim	-0.65	1.68
question	-0.65	1.65
an	-0.65	1.14
left	-0.65	1.14
countless	-0.65	0.98
sound	-0.65	1.20
spider	-0.65	1.62
factor	-0.65	1.16
stereotypes	-0.64	0.93
poison	-0.64	1.30
pen	-0.64	0.95
here	-0.64	2.00
gotten	-0.64	1.98
white	-0.64	0.75
logic	-0.64	1.79
skull	-0.64	0.90
domestic	-0.64	0.87
throughout	-0.64	1.08
although	-0.64	2.04
highly	-0.63	1.32
tons	-0.63	0.97
busted	-0.63	1.04
cried	-0.63	1.40
knees	-0.63	1.00
talks	-0.63	2.80
comcast	-0.63	0.86
has	-0.63	2.12
answer	-0.63	1.63
tear	-0.63	0.94
mixed	-0.63	1.18
guilty	-0.63	0.89
favor	-0.63	1.03
extremely	-0.63	1.40
mentioned	-0.63	1.05
awhile	-0.63	1.90
hand	-0.63	1.00
fire	-0.63	0.89
recently	-0.63	1.58
trigger	-0.63	0.88
rooms	-0.63	0.98
muscles	-0.63	0.96
tape	-0.63	0.94
exactly	-0.63	2.47
flying	-0.62	1.09
several	-0.62	0.99
hundreds	-0.62	0.94
regularly	-0.62	0.92
habits	-0.62	0.83
possible	-0.62	3.20
happen	-0.62	2.00
besides	-0.62	1.38
complete	-0.62	1.24
cunt	-0.62	1.54
oil	-0.62	1.05
sample	-0.62	0.74
just	-0.62	2.60
jail	-0.62	0.85
explained	-0.62	1.04
whether	-0.62	1.37
preference	-0.62	1.12
catching	-0.62	1.04
escape	-0.62	1.01
choices	-0.62	0.92
removed	-0.62	1.04
itself	-0.61	1.40
ones	-0.61	1.23
loud	-0.61	1.11
silence	-0.61	1.43
tells	-0.61	2.84
yelling	-0.61	1.17
effect	-0.61	0.93
electrical	-0.61	1.27
hung	-0.61	1.09
social	-0.61	0.87
pretend	-0.61	2.10
largely	-0.61	1.09
exposure	-0.61	0.86
protect	-0.61	0.81
incredibly	-0.60	1.48
worry	-0.60	2.15
dream	-0.60	1.28
gone	-0.60	1.90
belief	-0.60	1.02
honestly	-0.60	2.35
toss	-0.60	0.93
liquor	-0.60	0.86
sexually	-0.60	0.95
sake	-0.60	1.19
stack	-0.60	0.85
entirely	-0.60	1.42
genetics	-0.60	0.82
ridiculously	-0.60	1.52
attempted	-0.60	0.93
asked	-0.60	1.23
arms	-0.60	1.00
fair	-0.59	1.99
consider	-0.59	1.71
influence	-0.59	0.91
evidence	-0.59	1.63
necessarily	-0.59	1.79
virus	-0.59	0.83
figure	-0.59	2.05
brains	-0.59	1.27
dedicated	-0.59	0.99
counter	-0.59	0.99
level	-0.59	1.25
posts	-0.59	1.02
ants	-0.59	1.48
thread	-0.59	1.14
monsters	-0.59	1.57
facing	-0.59	1.10
uncommon	-0.59	1.82
gifs	-0.59	0.93
biased	-0.59	1.59
mean	-0.59	2.53
stats	-0.58	1.00
situation	-0.58	1.12
fine	-0.58	2.81
standing	-0.58	1.06
exists	-0.58	1.12
sticking	-0.58	0.88
posting	-0.58	1.00
whilst	-0.58	0.96
touched	-0.58	0.98
lifestyle	-0.58	0.84
place	-0.58	2.43
prove	-0.58	1.56
trial	-0.58	0.89
population	-0.58	1.16
burst	-0.58	1.21
unrelated	-0.58	1.41
becoming	-0.58	1.26
mainly	-0.58	1.00
knew	-0.58	1.43
interests	-0.57	0.87
opposed	-0.57	1.15
behind	-0.57	1.09
unable	-0.57	1.26
once	-0.57	1.77
suspect	-0.57	1.19
bare	-0.57	1.02
stated	-0.57	1.41
church	-0.57	0.90
unknown	-0.56	1.40
accurate	-0.56	1.61
there	-0.56	2.15
changes	-0.56	1.10
slap	-0.56	1.12
votes	-0.56	1.05
cheap	-0.56	1.04
incident	-0.56	0.88
with	-0.56	1.33
share	-0.56	0.95
ban	-0.56	1.00
despite	-0.56	1.21
bot	-0.55	1.13
economic	-0.55	0.78
sexual	-0.55	0.78
wrapped	-0.55	0.89
owns	-0.55	2.86
deadly	-0.55	1.09
little	-0.55	1.75
flawed	-0.55	2.00
clue	-0.55	1.85
multiple	-0.55	1.01
enjoy	-0.55	0.99
vast	-0.55	1.28
one	-0.55	3.45
keep	-0.55	1.44
purpose	-0.55	1.44
criminal	-0.55	0.85
stupidity	-0.55	1.07
dozen	-0.55	0.94
folk	-0.55	0.86
cooking	-0.55	1.09
burrito	-0.54	1.01
shell	-0.54	0.96
kinds	-0.54	1.03
plastic	-0.54	0.88
whereas	-0.54	1.15
males	-0.54	0.80
noticed	-0.54	1.51
sober	-0.54	1.64
wish	-0.54	2.03
decisions	-0.54	1.25
faggot	-0.54	1.52
people	-0.54	1.41
very	-0.54	1.52
reached	-0.54	1.33
offense	-0.54	0.89
exposed	-0.54	0.99
mad	-0.54	2.70
significant	-0.54	0.91
happiness	-0.54	1.18
muslim	-0.54	0.71
redneck	-0.53	1.41
affect	-0.53	0.96
notes	-0.53	0.90
bet	-0.53	2.39
stating	-0.53	2.26
creates	-0.53	0.85
hoping	-0.53	2.30
ton	-0.53	0.96
retard	-0.53	1.68
surprisingly	-0.53	1.39
religion	-0.53	0.85
ignore	-0.53	1.50
merely	-0.53	2.20
black	-0.53	0.72
explain	-0.53	1.94
bedroom	-0.53	0.95
existence	-0.53	1.33
teenager	-0.53	1.37
reported	-0.53	0.78
generally	-0.52	1.28
heavily	-0.52	1.02
decision	-0.52	1.09
assumed	-0.52	1.61
scare	-0.52	1.94
voting	-0.52	0.89
easy	-0.52	1.65
matters	-0.52	1.38
consent	-0.52	1.08
fag	-0.52	1.37
attracted	-0.52	0.81
insanely	-0.52	1.41
karma	-0.52	1.08
bush	-0.52	0.79
imagine	-0.52	2.32
existed	-0.52	0.85
toes	-0.52	1.01
numerous	-0.52	0.99
be	-0.52	2.21
condoms	-0.52	0.74
judgement	-0.52	1.29
cases	-0.52	1.12
nipples	-0.51	1.07
actually	-0.51	2.39
ruins	-0.51	0.99
harmless	-0.51	1.56
rolled	-0.51	1.05
teeth	-0.51	0.97
actions	-0.51	0.91
entertaining	-0.51	2.09
responded	-0.51	1.18
arguments	-0.51	1.79
types	-0.51	1.01
destroy	-0.51	1.10
caught	-0.51	1.34
bone	-0.51	0.94
patient	-0.51	0.91
patients	-0.51	0.90
identical	-0.51	0.95
personal	-0.51	0.92
pride	-0.50	1.29
sign	-0.50	1.31
assuming	-0.50	2.41
bundle	-0.50	1.23
assumption	-0.50	2.14
presence	-0.50	1.13
joint	-0.50	0.83
obama	-0.50	0.76
fridge	-0.50	0.89
financial	-0.50	0.80
acted	-0.50	0.97
cups	-0.50	0.86
answering	-0.50	1.64
deny	-0.50	1.41
solely	-0.49	1.11
zero	-0.49	0.92
ceiling	-0.49	0.94
mug	-0.49	0.90
support	-0.49	0.95
demographic	-0.49	0.87
inherently	-0.49	1.25
together	-0.49	1.03
moral	-0.49	1.13
believe	-0.49	1.49
genetic	-0.49	0.91
leaves	-0.49	1.10
discuss	-0.49	1.25
mention	-0.49	1.80
still	-0.49	2.35
claims	-0.49	1.65
humorous	-0.49	1.91
unclear	-0.48	1.00
comparison	-0.48	1.31
expected	-0.48	1.94
luckily	-0.48	1.57
fairly	-0.48	1.36
panties	-0.48	1.25
hardly	-0.48	1.48
box	-0.48	0.92
similar	-0.48	1.71
subject	-0.48	1.19
tested	-0.48	1.03
proof	-0.48	1.54
opposite	-0.48	1.58
sit	-0.48	1.02
effectively	-0.48	1.15
ask	-0.48	1.55
before	-0.48	1.73
hopes	-0.48	0.97
various	-0.48	1.00
exist	-0.47	1.49
allowed	-0.47	1.75
recognize	-0.47	1.50
beaten	-0.47	1.08
likes	-0.47	2.90
arm	-0.47	0.97
chest	-0.47	1.01
more	-0.47	1.51
survive	-0.47	1.05
others	-0.47	1.05
also	-0.47	2.43
rights	-0.47	0.86
resistance	-0.47	0.83
stop	-0.47	1.12
including	-0.47	1.00
legs	-0.47	1.00
therefore	-0.46	1.57
charges	-0.46	0.86
peoples	-0.46	0.85
glass	-0.46	0.91
touch	-0.46	0.98
mind	-0.46	1.91
scumbag	-0.46	1.20
lately	-0.46	0.99
fat	-0.46	0.97
which	-0.46	1.92
example	-0.46	1.31
novelty	-0.46	1.20
wonder	-0.46	2.06
shoulder	-0.46	0.96
bust	-0.46	0.97
created	-0.46	0.85
situations	-0.46	1.02
haircut	-0.46	0.99
any	-0.46	1.57
get	-0.46	1.91
go	-0.46	1.69
weird	-0.46	2.99
blew	-0.46	1.18
lemon	-0.46	1.07
men	-0.46	0.82
perspective	-0.45	1.18
wave	-0.45	0.88
no	-0.45	2.18
process	-0.45	1.01
activity	-0.45	0.80
tell	-0.45	2.18
person	-0.45	1.93
combination	-0.45	1.21
got	-0.45	1.73
persons	-0.45	0.87
efficient	-0.45	1.20
understand	-0.45	2.06
eye	-0.45	1.14
nothing	-0.45	2.10
dreams	-0.45	1.07
replies	-0.45	1.18
ripped	-0.45	1.06
usually	-0.45	1.38
realize	-0.45	2.22
status	-0.45	0.82
awareness	-0.45	0.89
we	-0.45	2.22
relative	-0.45	1.00
similarly	-0.45	1.26
directly	-0.44	0.97
hip	-0.44	0.81
9/11	-0.44	0.77
ive	-0.44	3.38
homes	-0.44	0.77
roommates	-0.44	0.84
realized	-0.44	1.38
muscle	-0.44	0.82
theory	-0.44	1.31
difference	-0.44	1.78
stem	-0.44	0.92
shoulders	-0.44	0.94
significantly	-0.44	1.17
charged	-0.44	0.85
say	-0.44	2.37
microwave	-0.44	0.97
your	-0.43	0.84
fist	-0.43	1.02
reaching	-0.43	0.94
keeps	-0.43	0.96
judge	-0.43	1.11
two	-0.43	0.93
neighborhood	-0.43	0.73
sue	-0.43	1.02
our	-0.43	2.16
react	-0.43	1.20
intent	-0.43	1.52
twice	-0.43	1.99
acknowledge	-0.43	1.47
some	-0.43	2.03
arrested	-0.43	0.90
mostly	-0.43	1.16
even	-0.43	2.37
convenient	-0.43	1.36
bomb	-0.43	0.91
propaganda	-0.43	0.87
could	-0.43	1.99
gives	-0.43	1.51
notice	-0.43	1.90
atheist	-0.42	0.90
tacos	-0.42	1.04
cardboard	-0.42	0.87
saw	-0.42	1.56
keeping	-0.42	1.16
see	-0.42	2.12
kicking	-0.42	0.99
room	-0.42	0.94
shared	-0.42	0.75
stealing	-0.42	0.87
eyes	-0.42	1.24
minds	-0.42	1.04
unidan	-0.42	1.17
specifically	-0.42	1.27
leg	-0.42	0.95
masturbating	-0.42	1.15
male	-0.42	0.77
remember	-0.42	1.78
streets	-0.42	0.77
associate	-0.42	1.24
non	-0.42	0.88
dare	-0.42	1.38
easiest	-0.42	3.27
might	-0.42	2.27
questions	-0.42	1.12
reasoning	-0.42	1.85
broken	-0.41	0.96
someones	-0.41	0.91
individuals	-0.41	0.85
leave	-0.41	1.43
oc	-0.41	0.98
accounts	-0.41	1.01
heads	-0.41	1.09
bodies	-0.41	0.86
ground	-0.41	0.89
attempt	-0.41	1.17
something	-0.41	2.32
fired	-0.41	1.16
sex	-0.41	0.70
purely	-0.41	1.12
instantly	-0.41	1.09
reach	-0.41	0.88
tried	-0.41	1.46
ideas	-0.41	0.97
covering	-0.41	0.85
bent	-0.41	0.96
house	-0.41	0.84
depth	-0.41	1.27
now	-0.41	2.77
tumblr	-0.41	0.85
advantage	-0.41	0.92
sarcastic	-0.41	1.39
if	-0.41	2.44
banned	-0.40	1.14
think	-0.40	2.46
confirm	-0.40	1.27
subjective	-0.40	1.41
internal	-0.40	0.88
personally	-0.40	1.26
evil	-0.40	1.56
politics	-0.40	0.97
wall	-0.40	0.92
taking	-0.40	1.01
ratio	-0.40	0.89
understands	-0.40	2.15
frankly	-0.40	1.61
needless	-0.40	1.13
trying	-0.40	1.44
observation	-0.40	1.62
debate	-0.40	1.17
know	-0.40	2.40
commented	-0.40	1.23
ever	-0.40	3.51
important	-0.40	1.56
they	-0.40	2.38
treats	-0.40	2.72
suggest	-0.39	1.44
hardest	-0.39	3.45
punched	-0.39	1.08
slightest	-0.39	1.35
ironic	-0.39	1.98
perception	-0.39	1.00
areas	-0.39	0.82
based	-0.39	1.28
regard	-0.39	0.96
them	-0.39	1.84
neither	-0.39	1.64
reposted	-0.39	1.17
us	-0.39	1.79
odds	-0.39	1.02
seeking	-0.39	0.98
medical	-0.39	0.85
rely	-0.39	1.06
why	-0.39	2.42
sheet	-0.39	0.83
cares	-0.38	2.06
gender	-0.38	0.82
acts	-0.38	0.95
wondering	-0.38	2.39
head	-0.38	1.05
judging	-0.38	1.44
vote	-0.38	0.93
science	-0.38	1.06
global	-0.38	0.84
glad	-0.38	2.38
screw	-0.38	1.20
hardcore	-0.38	0.82
weight	-0.38	0.83
terrifying	-0.38	2.38
myth	-0.38	1.10
chance	-0.38	1.13
regardless	-0.38	1.17
appear	-0.38	1.36
pig	-0.38	1.43
reactions	-0.38	1.04
nuclear	-0.38	0.78
help	-0.38	1.79
manage	-0.38	1.27
kept	-0.38	1.01
formula	-0.38	1.06
raise	-0.37	0.93
underneath	-0.37	0.87
frequently	-0.37	1.05
would	-0.37	2.22
4chan	-0.37	0.99
greater	-0.37	0.98
below	-0.37	0.97
maybe	-0.37	2.45
separate	-0.37	0.91
rocks	-0.37	0.86
nipple	-0.37	1.05
pick	-0.37	1.34
rare	-0.37	1.54
then	-0.37	1.92
response	-0.37	1.26
putting	-0.37	1.11
throw	-0.37	0.96
working	-0.37	1.08
happens	-0.37	1.88
guarantee	-0.37	1.94
political	-0.37	0.83
unexpected	-0.37	1.84
expensive	-0.37	0.92
he/she	-0.37	2.09
matter	-0.37	2.11
hanging	-0.37	0.82
become	-0.37	1.27
wealthy	-0.37	0.98
country	-0.37	2.01
becomes	-0.36	1.28
assumptions	-0.36	2.07
celebrities	-0.36	1.00
map	-0.36	0.78
warming	-0.36	0.88
penises	-0.36	0.93
young	-0.36	1.11
position	-0.36	1.05
became	-0.36	1.18
bones	-0.36	0.83
sitting	-0.36	1.02
voted	-0.36	0.90
arrest	-0.36	0.86
immediate	-0.36	0.84
norway	-0.36	1.07
wealth	-0.35	0.82
whatsoever	-0.35	1.08
invisible	-0.35	0.99
discussion	-0.35	1.19
his	-0.35	0.90
chemical	-0.35	0.85
start	-0.35	0.97
blatant	-0.35	1.11
etc	-0.35	1.00
politicians	-0.35	0.69
d	-0.35	2.26
legal	-0.35	0.88
hats	-0.35	1.03
asses	-0.35	1.15
side	-0.35	1.16
conspiracy	-0.35	1.13
philosophy	-0.35	0.92
yours	-0.34	1.65
electric	-0.34	0.82
essentially	-0.34	1.43
fully	-0.34	1.16
proving	-0.34	1.54
representation	-0.34	0.91
religious	-0.34	0.81
putin	-0.34	0.98
world	-0.34	3.49
mass	-0.34	0.75
forgotten	-0.34	1.29
scientific	-0.34	1.38
anything	-0.34	2.17
helps	-0.34	1.02
continued	-0.34	0.84
single	-0.34	3.48
behavior	-0.34	1.07
europeans	-0.34	0.86
want	-0.34	2.06
informed	-0.34	1.09
whole	-0.34	3.28
9gag	-0.34	1.01
tea	-0.34	0.92
cold	-0.33	1.47
neck	-0.33	1.01
bugs	-0.33	1.57
involves	-0.33	0.90
portion	-0.33	1.30
aggressive	-0.33	1.28
shots	-0.33	0.82
line	-0.33	1.13
crash	-0.33	0.81
throwing	-0.33	0.94
able	-0.33	1.41
chin	-0.33	1.11
less	-0.33	1.55
court	-0.33	0.88
stopping	-0.33	0.90
try	-0.33	1.56
harder	-0.33	1.67
spoon	-0.33	0.91
fools	-0.33	1.19
call	-0.33	1.31
nails	-0.32	0.94
shelf	-0.32	0.75
adults	-0.32	1.05
typically	-0.32	1.06
solution	-0.32	1.18
bullet	-0.32	0.82
income	-0.32	0.75
americans	-0.32	0.94
kill	-0.32	1.22
redditor	-0.32	1.25
part	-0.32	3.25
relatively	-0.32	1.20
mods	-0.32	1.09
decide	-0.32	1.41
attempting	-0.32	1.22
excuse	-0.32	1.42
lucky	-0.32	2.57
frequent	-0.32	0.83
fucked	-0.32	3.05
aspects	-0.32	0.94
dig	-0.31	1.00
submission	-0.31	1.05
expense	-0.31	0.80
should	-0.31	2.05
thick	-0.31	1.29
value	-0.31	0.84
hitting	-0.31	0.92
surely	-0.31	1.68
failure	-0.31	1.11
met	-0.31	1.82
amounts	-0.31	0.81
finally	-0.31	1.34
proves	-0.31	1.58
brand	-0.31	1.01
equal	-0.31	0.93
did	-0.31	2.10
conclusion	-0.31	1.87
rack	-0.31	0.83
handle	-0.30	1.10
users	-0.30	0.87
really	-0.30	2.36
inside	-0.30	0.85
conversations	-0.30	1.22
fork	-0.30	0.91
psychology	-0.30	0.89
equivalent	-0.30	1.00
powder	-0.30	1.12
achieve	-0.30	1.04
women	-0.30	0.85
pour	-0.30	1.06
russia	-0.30	1.00
bitch	-0.30	1.67
pure	-0.30	1.10
replying	-0.30	1.65
believing	-0.30	0.96
dropping	-0.30	0.87
christianity	-0.30	0.87
simple	-0.30	1.29
oven	-0.30	0.95
out	-0.29	1.23
analysis	-0.29	1.12
statements	-0.29	2.05
popped	-0.29	1.07
walls	-0.29	0.88
witty	-0.29	1.53
zombie	-0.29	1.42
anybody	-0.29	1.75
easier	-0.29	1.53
what	-0.29	2.62
again	-0.29	2.08
develop	-0.29	0.87
change	-0.29	1.26
gets	-0.29	1.79
suddenly	-0.29	1.08
around	-0.29	1.00
broke	-0.29	1.01
citizen	-0.29	1.06
nfl	-0.29	0.90
come	-0.29	1.66
cry	-0.29	1.52
shooting	-0.29	0.86
nail	-0.29	0.92
visible	-0.29	0.80
superior	-0.29	0.98
seen	-0.28	3.35
saves	-0.28	1.31
sweden	-0.28	1.04
life	-0.28	1.64
activities	-0.28	0.93
responses	-0.28	1.18
lean	-0.28	0.82
sub	-0.28	1.12
worlds	-0.28	3.49
opportunities	-0.28	0.84
popcorn	-0.28	0.93
answered	-0.28	1.27
slaves	-0.28	0.80
cherry	-0.28	1.12
definitely	-0.28	2.50
biology	-0.28	0.88
letting	-0.28	1.34
quite	-0.28	1.57
lighter	-0.28	1.12
deeper	-0.28	1.17
asks	-0.28	2.24
bees	-0.28	1.30
deleted	-0.28	1.12
posted	-0.28	1.22
failing	-0.27	1.32
scientists	-0.27	0.88
contain	-0.27	0.94
studies	-0.27	1.06
subreddit	-0.27	1.12
coming	-0.27	1.35
clicked	-0.27	1.43
medicine	-0.27	0.84
equally	-0.27	1.47
raising	-0.27	0.87
protection	-0.27	0.74
safe	-0.27	1.14
swimming	-0.27	0.85
apartment	-0.27	0.83
fast	-0.27	1.16
boob	-0.27	1.10
appeal	-0.27	0.97
improve	-0.27	0.94
foot	-0.27	0.85
knows	-0.27	2.21
actual	-0.27	1.03
anymore	-0.27	2.16
pack	-0.27	1.03
lot	-0.27	1.52
results	-0.27	0.90
skinny	-0.26	0.91
forget	-0.26	2.01
labeled	-0.26	0.90
prices	-0.26	0.68
option	-0.26	1.18
believes	-0.26	1.77
bump	-0.26	1.02
dead	-0.26	1.10
culture	-0.26	0.77
immigrants	-0.26	0.95
evolution	-0.26	0.92
healthy	-0.26	0.93
phd	-0.26	0.84
logical	-0.26	2.02
ll	-0.26	1.88
reaction	-0.26	1.18
immediately	-0.26	1.13
angle	-0.26	0.92
scratch	-0.26	1.23
choose	-0.26	1.27
nations	-0.26	1.66
how	-0.26	2.26
score	-0.26	0.99
post	-0.26	1.06
furniture	-0.26	0.86
bowl	-0.26	0.92
while	-0.26	1.07
subreddits	-0.26	1.12
fashion	-0.26	0.76
when	-0.25	1.47
y'all	-0.25	1.89
through	-0.25	0.83
lawyer	-0.25	0.90
whose	-0.25	0.79
usual	-0.25	1.26
liberal	-0.25	0.74
identity	-0.25	0.87
excited	-0.25	3.47
implied	-0.25	1.62
listened	-0.25	0.83
tables	-0.25	0.87
kick	-0.25	1.01
conservative	-0.25	0.69
managed	-0.25	1.29
dildo	-0.25	1.01
advanced	-0.25	0.97
useful	-0.24	1.56
society	-0.24	0.87
jumped	-0.24	1.17
pushed	-0.24	1.13
policies	-0.24	0.79
eventually	-0.24	1.27
off	-0.24	1.01
weigh	-0.24	0.86
inner	-0.24	0.81
experiment	-0.24	1.09
particularly	-0.24	1.34
knife	-0.24	0.83
children	-0.24	0.94
mod	-0.24	1.12
ears	-0.24	1.20
much	-0.24	1.57
ca	-0.24	1.92
can	-0.24	1.87
subs	-0.24	1.12
longest	-0.24	3.48
breasts	-0.24	0.94
includes	-0.24	1.11
alive	-0.23	1.65
christian	-0.23	0.85
pushing	-0.23	0.90
bend	-0.23	0.85
citizens	-0.23	0.91
absolutely	-0.23	2.23
bite	-0.23	1.50
remains	-0.23	1.02
cracked	-0.23	0.89
religions	-0.23	0.79
content	-0.23	0.81
badly	-0.23	1.45
scale	-0.23	0.91
pigs	-0.23	1.30
valuable	-0.23	1.31
lifting	-0.23	0.92
elaborate	-0.23	1.55
built	-0.22	0.71
into	-0.22	0.92
punch	-0.22	1.00
humour	-0.22	1.34
remove	-0.22	1.30
alot	-0.22	1.23
lawyers	-0.22	0.82
charity	-0.22	0.79
ourselves	-0.22	1.20
find	-0.22	1.62
points	-0.22	1.02
beating	-0.22	0.78
up	-0.22	1.14
ocean	-0.22	0.88
engineering	-0.22	0.82
shorter	-0.22	1.17
paint	-0.22	0.76
catch	-0.22	1.41
allowing	-0.22	1.07
staring	-0.22	1.33
encourage	-0.22	1.02
glance	-0.21	1.39
forum	-0.21	0.89
diet	-0.21	0.91
obvious	-0.21	1.77
cultural	-0.21	0.82
enough	-0.21	1.55
determined	-0.21	1.05
flies	-0.21	1.18
conflict	-0.21	0.89
opportunity	-0.21	1.23
basis	-0.21	1.62
choosing	-0.21	1.07
environment	-0.21	0.85
far	-0.21	1.42
hidden	-0.21	0.84
toe	-0.21	1.00
enjoying	-0.20	0.93
cheaper	-0.20	1.00
down	-0.20	0.93
property	-0.20	1.02
let	-0.20	1.84
drop	-0.20	0.90
pulling	-0.20	0.88
height	-0.20	0.79
rocket	-0.20	0.80
understanding	-0.20	1.06
energy	-0.20	0.75
will	-0.20	1.73
nation	-0.20	2.44
concept	-0.20	1.34
arbitrary	-0.20	1.06
organization	-0.20	0.71
interest	-0.20	0.94
broad	-0.20	1.14
contrary	-0.20	1.73
window	-0.20	0.83
yourself	-0.20	1.52
each	-0.20	1.36
conversation	-0.20	1.43
shot	-0.20	0.88
cover	-0.20	0.69
upvotes	-0.20	1.12
exact	-0.19	1.30
sea	-0.19	0.93
kicked	-0.19	1.39
studied	-0.19	0.92
oldest	-0.19	3.58
yard	-0.19	0.89
intensifies	-0.19	1.16
page	-0.19	0.86
moving	-0.19	0.99
spin	-0.19	0.80
parent	-0.19	0.85
cultures	-0.19	0.88
shoot	-0.19	0.85
places	-0.19	1.29
respond	-0.19	1.28
made	-0.19	1.60
vs	-0.19	0.73
biggest	-0.19	3.36
gun	-0.19	0.83
cheese	-0.19	1.00
buzzfeed	-0.19	0.81
prepared	-0.18	1.07
waiting	-0.18	1.28
removing	-0.18	1.35
seek	-0.18	1.04
pulled	-0.18	1.04
root	-0.18	0.82
red	-0.18	0.73
blade	-0.18	0.82
doctors	-0.18	0.86
economy	-0.18	1.31
expert	-0.18	1.69
path	-0.18	0.82
nowhere	-0.18	1.37
submitted	-0.18	1.01
willing	-0.18	1.48
illegal	-0.18	1.16
snakes	-0.18	1.56
sideways	-0.18	0.89
nba	-0.18	1.20
barely	-0.18	1.06
designed	-0.18	1.10
light	-0.18	0.81
better	-0.18	1.55
studying	-0.18	0.90
volume	-0.17	0.70
leaking	-0.17	1.44
pole	-0.17	0.90
scientist	-0.17	0.99
privacy	-0.17	0.79
practical	-0.17	1.05
jersey	-0.17	0.67
jump	-0.17	0.95
turned	-0.17	1.39
aspect	-0.17	1.05
chips	-0.17	1.11
mothers	-0.17	0.87
laughter	-0.17	1.41
killed	-0.17	1.24
sort	-0.17	1.51
humor	-0.17	1.29
tattoo	-0.17	1.02
females	-0.17	0.76
amount	-0.16	0.85
wo	-0.16	1.86
faster	-0.16	1.20
ops	-0.16	0.99
orange	-0.16	0.78
forward	-0.16	0.87
trap	-0.16	1.22
countries	-0.16	1.75
method	-0.16	1.12
dont	-0.16	2.11
smile	-0.16	2.05
color	-0.16	0.71
growth	-0.16	0.78
earlier	-0.16	1.23
associated	-0.16	1.24
chemistry	-0.16	0.88
forcing	-0.16	1.17
roads	-0.16	0.80
than	-0.16	1.56
tan	-0.16	0.81
natural	-0.16	0.89
manner	-0.16	1.22
poster	-0.16	1.11
practice	-0.16	0.84
colored	-0.15	0.68
front	-0.15	0.82
nude	-0.15	0.80
slower	-0.15	1.16
considered	-0.15	1.51
burn	-0.15	1.08
major	-0.15	1.23
coach	-0.15	0.82
roof	-0.15	0.87
neighbors	-0.15	0.79
swim	-0.15	0.96
rural	-0.15	0.80
often	-0.15	1.32
take	-0.15	1.40
browse	-0.15	1.06
sat	-0.15	0.94
african	-0.15	0.95
changing	-0.15	1.06
its	-0.15	2.41
vision	-0.14	0.92
accidents	-0.14	1.20
him	-0.14	1.56
knocked	-0.14	1.04
approach	-0.14	1.08
degree	-0.14	0.80
attached	-0.14	0.79
whom	-0.14	0.89
pieces	-0.14	0.75
stairs	-0.14	0.87
regular	-0.14	0.76
poorly	-0.14	1.44
grasp	-0.14	1.14
nightmares	-0.14	1.59
tall	-0.14	0.86
replaced	-0.14	1.35
saving	-0.14	0.87
giant	-0.14	0.99
says	-0.14	2.23
upside	-0.14	0.88
guns	-0.14	0.86
99	-0.14	0.83
armed	-0.14	0.80
pregnancy	-0.14	0.80
figured	-0.13	1.78
swear	-0.13	1.86
stopped	-0.13	0.95
gain	-0.13	0.81
naturally	-0.13	0.85
reflection	-0.13	0.91
plates	-0.13	0.78
desk	-0.13	0.95
floating	-0.13	0.83
decides	-0.13	2.16
yellow	-0.13	0.71
board	-0.13	0.72
wanted	-0.13	1.61
corner	-0.13	0.90
meeting	-0.13	0.69
split	-0.13	0.88
courses	-0.13	0.87
move	-0.13	1.16
depending	-0.13	1.02
rice	-0.13	0.95
quickly	-0.13	1.09
appearance	-0.13	0.84
passenger	-0.13	0.82
snow	-0.12	1.31
shotgun	-0.12	0.79
research	-0.12	1.01
smaller	-0.12	1.11
break	-0.12	0.99
further	-0.12	1.09
evolved	-0.12	0.82
shortly	-0.12	0.99
witness	-0.12	1.12
hell	-0.12	2.65
trained	-0.12	1.02
intended	-0.12	1.46
combined	-0.12	1.21
thought	-0.12	2.01
addition	-0.12	1.14
pull	-0.12	0.90
burns	-0.12	0.90
under	-0.12	0.86
blanket	-0.12	1.33
healthcare	-0.12	0.76
anyone	-0.12	1.86
grill	-0.12	0.87
study	-0.12	1.02
coffee	-0.12	0.81
sight	-0.12	1.32
success	-0.11	0.91
controlled	-0.11	0.85
civil	-0.11	0.76
taller	-0.11	1.08
doors	-0.11	0.92
turning	-0.11	0.97
mission	-0.11	0.88
grabbed	-0.11	1.02
purposes	-0.11	1.02
australian	-0.11	1.18
larger	-0.11	1.00
wing	-0.11	0.72
force	-0.11	0.78
direction	-0.11	0.92
continue	-0.11	1.15
slave	-0.11	0.79
flipping	-0.11	1.34
first	-0.11	2.73
door	-0.11	0.92
hooked	-0.11	0.81
jumping	-0.11	0.91
kids	-0.11	0.96
facebook	-0.11	0.85
time	-0.11	2.29
particular	-0.11	1.14
sarcasm	-0.10	1.57
physics	-0.10	0.95
enemy	-0.10	0.86
belly	-0.10	1.21
detroit	-0.10	0.67
contains	-0.10	0.99
imaginary	-0.10	0.96
ken	-0.10	1.16
mexican	-0.10	1.08
mine	-0.10	1.35
table	-0.10	0.95
expression	-0.10	1.51
super	-0.10	1.51
crowd	-0.10	1.05
jew	-0.10	0.92
tries	-0.10	2.00
mirror	-0.10	0.83
surprise	-0.10	1.74
recent	-0.10	0.86
focus	-0.10	1.19
laying	-0.10	1.00
crush	-0.10	0.88
parents	-0.10	0.85
need	-0.09	1.81
exercise	-0.09	0.78
shit	-0.09	2.25
eight	-0.09	0.80
pro	-0.09	0.77
aged	-0.09	1.02
green	-0.09	0.71
sooner	-0.09	1.34
reliable	-0.09	1.03
hope	-0.09	1.93
gravity	-0.09	0.78
listed	-0.09	0.94
houses	-0.09	0.77
object	-0.09	0.86
policy	-0.09	0.90
purple	-0.09	0.68
uses	-0.09	2.58
authority	-0.09	0.91
percent	-0.09	0.81
kid	-0.09	1.07
who	-0.09	2.01
control	-0.09	0.78
faith	-0.08	0.93
planes	-0.08	0.78
freak	-0.08	2.10
infinite	-0.08	1.11
soon	-0.08	1.43
fence	-0.08	0.83
hospital	-0.08	1.03
fun	-0.08	1.83
punchline	-0.08	1.33
measure	-0.08	0.98
values	-0.08	0.85
explanation	-0.08	1.42
personality	-0.08	0.93
shadow	-0.08	0.96
steal	-0.08	0.86
milk	-0.08	0.88
r/funny	-0.08	1.17
away	-0.08	0.97
iraq	-0.08	0.66
starbucks	-0.08	0.73
imply	-0.08	2.02
blue	-0.08	0.71
direct	-0.07	0.82
engineer	-0.07	1.00
europe	-0.07	1.09
tattoos	-0.07	0.98
onto	-0.07	0.92
cities	-0.07	0.71
baseball	-0.07	0.93
climate	-0.07	0.81
shave	-0.07	1.12
flew	-0.07	0.89
calories	-0.07	0.82
arts	-0.07	0.85
jet	-0.07	0.79
four	-0.07	0.82
pun	-0.07	1.53
plain	-0.07	0.92
represents	-0.07	1.08
weapons	-0.07	0.85
goodness	-0.07	1.30
refuse	-0.07	1.33
include	-0.07	1.09
speed	-0.07	0.82
nowadays	-0.07	1.17
details	-0.07	1.36
falling	-0.07	0.88
distance	-0.07	0.76
walking	-0.06	0.93
slowly	-0.06	0.98
laser	-0.06	0.80
shoe	-0.06	0.83
plane	-0.06	0.82
went	-0.06	1.07
twitter	-0.06	0.84
sport	-0.06	1.25
wisconsin	-0.06	0.88
football	-0.06	0.94
education	-0.06	0.78
pose	-0.06	1.11
pepper	-0.06	1.06
benefits	-0.06	0.78
currently	-0.06	0.86
stretch	-0.06	0.73
well	-0.06	2.18
explaining	-0.06	1.40
submit	-0.06	1.04
wasted	-0.06	0.81
alabama	-0.06	0.81
normal	-0.06	1.31
instant	-0.06	0.87
ten	-0.06	0.79
cop	-0.06	0.94
states	-0.05	1.18
ingredients	-0.05	0.84
sidewalk	-0.05	0.78
grip	-0.05	0.79
thousand	-0.05	0.75
everything	-0.05	1.92
landed	-0.05	0.82
thumbs	-0.05	1.28
eastern	-0.05	0.79
region	-0.05	0.91
overall	-0.05	1.22
masters	-0.05	0.84
safely	-0.05	0.97
machine	-0.05	0.76
climb	-0.05	0.83
imperial	-0.05	0.95
whenever	-0.05	1.91
relate	-0.05	1.41
landing	-0.05	0.80
initial	-0.05	1.32
female	-0.05	0.72
pics	-0.05	0.76
allow	-0.05	1.14
wouldnt	-0.05	1.81
size	-0.05	0.71
taken	-0.05	0.95
honest	-0.05	1.86
grab	-0.05	0.93
prefer	-0.05	0.88
spare	-0.05	0.80
precious	-0.05	1.06
breast	-0.05	0.94
testing	-0.04	0.97
communicate	-0.04	1.25
southern	-0.04	0.82
goals	-0.04	0.84
child	-0.04	1.06
ruin	-0.04	1.17
three	-0.04	0.82
apply	-0.04	1.02
locked	-0.04	0.91
subtle	-0.04	1.27
asia	-0.04	0.96
isnt	-0.04	1.46
snake	-0.04	1.51
rugby	-0.04	0.97
safer	-0.04	1.30
government	-0.04	0.76
strong	-0.04	1.29
freedom	-0.04	0.85
matches	-0.04	0.95
meta	-0.04	1.54
whale	-0.04	1.02
he	-0.04	1.79
georgia	-0.03	0.83
carry	-0.03	0.81
<URL>	-0.03	0.72
<SPECIAL>	-0.03	0.72
smiling	-0.03	1.65
slide	-0.03	0.88
prison	-0.03	1.22
remembered	-0.03	1.05
cart	-0.03	0.69
covers	-0.03	0.70
wire	-0.03	0.75
america	-0.03	1.15
replacement	-0.03	0.85
realistic	-0.03	1.10
metric	-0.03	0.94
searching	-0.03	1.04
data	-0.03	0.97
sell	-0.03	0.75
bright	-0.03	0.73
fly	-0.03	0.88
buying	-0.03	0.76
forgetting	-0.03	1.92
guess	-0.03	2.61
back	-0.03	1.08
nazi	-0.03	1.34
seven	-0.03	0.81
writes	-0.03	1.00
resources	-0.03	0.86
started	-0.03	0.89
few	-0.03	0.82
forth	-0.03	0.95
units	-0.03	0.92
described	-0.03	1.02
area	-0.02	0.69
bikes	-0.02	0.80
rolling	-0.02	0.91
dark	-0.02	0.75
though	-0.02	2.55
turn	-0.02	1.06
items	-0.02	0.66
strike	-0.02	0.91
loads	-0.02	0.75
but	-0.02	2.55
usa	-0.02	1.67
op	-0.02	1.39
coworker	-0.02	1.00
married	-0.02	0.74
hundred	-0.02	0.77
mountain	-0.02	0.91
material	-0.02	1.12
survival	-0.02	0.96
lbs	-0.02	0.78
professor	-0.02	0.87
beyond	-0.02	0.98
flag	-0.02	0.95
face	-0.02	1.48
range	-0.02	0.76
planet	-0.02	1.96
western	-0.02	0.90
africa	-0.02	0.96
chair	-0.02	0.96
objects	-0.02	0.72
loose	-0.01	0.76
charge	-0.01	0.74
wont	-0.01	1.67
identify	-0.01	1.24
edge	-0.01	0.91
route	-0.01	1.18
limit	-0.01	0.80
united	-0.01	1.25
net	-0.01	0.75
ball	-0.01	0.87
weapon	-0.01	0.85
michigan	-0.01	0.82
math	-0.01	0.92
refused	-0.01	1.35
largest	-0.01	2.68
college	-0.01	0.80
grad	-0.01	0.76
texas	-0.01	0.82
theirs	-0.01	1.06
living	-0.01	0.89
wind	-0.01	0.84
initially	-0.01	1.32
fields	-0.01	0.78
bike	-0.01	0.80
slow	-0.01	0.90
beat	-0.01	0.84
legally	-0.01	1.19
profit	-0.01	0.70
colors	-0.01	0.76
glasses	-0.01	0.99
cook	-0.01	0.95
nearly	-0.01	1.01
five	-0.01	0.79
swing	-0.01	0.87
imo	-0.01	2.32
information	-0.01	1.17
medium	-0.01	0.73
chef	-0.01	0.91
six	-0.01	0.79
else	-0.01	1.89
wide	-0.01	0.74
someone	-0.01	1.77
tagged	-0.00	1.32
lights	-0.00	0.79
teen	-0.00	1.02
reverse	-0.00	0.94
technology	-0.00	0.70
hold	-0.00	0.88
garage	-0.00	0.84
classes	-0.00	0.85
boys	-0.00	1.06
everyone	-0.00	2.08
tires	-0.00	0.78
twenty	-0.00	0.79
system	-0.00	0.84
photos	-0.00	0.77
buy	-0.00	0.76
options	-0.00	0.87
string	0.00	0.78
her	0.00	0.88
field	0.00	0.81
schools	0.00	0.74
horse	0.00	1.05
colour	0.00	0.74
graduate	0.00	0.76
goods	0.00	0.65
push	0.00	0.85
sorts	0.00	1.09
fb	0.00	0.83
beside	0.01	0.89
pic	0.01	0.91
colorado	0.01	0.79
revenge	0.01	0.90
cow	0.01	1.18
carrying	0.01	0.76
stops	0.01	1.09
couch	0.01	0.99
someday	0.01	1.45
length	0.01	0.80
failed	0.01	0.91
solved	0.01	1.31
precisely	0.01	1.35
jokes	0.01	1.31
lose	0.01	0.91
zone	0.01	0.77
storm	0.01	0.87
minnesota	0.01	0.86
nobody	0.01	2.09
dropped	0.01	0.98
1000	0.01	0.75
town	0.01	0.77
existing	0.01	0.94
nurse	0.01	0.85
catholic	0.01	0.81
differences	0.01	1.34
placed	0.01	0.85
attention	0.02	1.04
watermelon	0.02	0.99
stolen	0.02	0.74
modern	0.02	0.69
perform	0.02	0.97
instagram	0.02	0.82
holding	0.02	0.90
lawn	0.02	0.84
sky	0.02	0.75
younger	0.02	1.59
airplane	0.02	0.86
selling	0.02	0.76
stronger	0.02	1.28
circles	0.02	0.64
hopefully	0.02	1.65
operate	0.02	0.91
job	0.02	0.77
reports	0.02	0.88
bottom	0.02	0.80
fails	0.02	1.50
so	0.02	2.55
square	0.02	0.60
across	0.02	0.85
tied	0.02	0.77
drag	0.02	0.87
lighting	0.02	0.75
random	0.02	1.31
source	0.02	1.12
restaurant	0.02	0.82
teens	0.02	1.01
pass	0.02	1.02
impressive	0.02	2.08
balance	0.02	0.79
i.e	0.02	1.39
price	0.02	0.64
suggests	0.02	1.72
shaped	0.02	0.86
lay	0.03	0.99
couple	0.03	0.82
quick	0.03	1.28
rain	0.03	1.32
numbers	0.03	0.93
ill	0.03	1.85
businesses	0.03	0.71
different	0.03	1.08
slip	0.03	0.82
walk	0.03	0.93
shape	0.03	0.86
hair	0.03	1.01
snap	0.03	1.00
deals	0.03	0.68
middle	0.03	0.82
midwest	0.03	0.78
sells	0.03	0.78
foods	0.03	0.97
signs	0.03	0.84
chosen	0.03	0.98
cup	0.03	1.17
ginger	0.03	0.93
soup	0.03	0.95
roommate	0.03	0.84
spain	0.03	1.02
wanting	0.03	1.47
sharp	0.03	0.96
campus	0.03	0.70
running	0.03	0.93
dallas	0.03	0.64
versus	0.03	1.28
charging	0.03	0.74
hit	0.03	0.96
short	0.03	1.17
bumper	0.03	0.75
traffic	0.03	0.79
products	0.03	0.68
alaska	0.04	0.78
anyway	0.04	2.51
opened	0.04	0.91
adds	0.04	0.98
lane	0.04	0.83
buys	0.04	1.90
tests	0.04	0.83
history	0.04	1.27
moms	0.04	0.88
woods	0.04	0.95
indiana	0.04	0.78
sources	0.04	1.04
power	0.04	0.80
professors	0.04	0.80
checked	0.04	1.22
rifle	0.04	0.89
machines	0.04	0.73
university	0.04	0.76
older	0.04	1.54
sold	0.04	0.80
does	0.04	1.94
fell	0.04	0.92
cooked	0.04	0.91
small	0.04	0.87
fishing	0.04	0.81
pink	0.04	0.70
smarter	0.04	1.49
guessing	0.04	2.30
browsing	0.04	0.88
materials	0.04	0.77
florida	0.04	0.79
mmm	0.04	1.26
totally	0.04	2.06
jobs	0.05	0.75
gluten	0.05	0.96
ohio	0.05	0.79
mcdonald	0.05	0.84
mcdonalds	0.05	0.83
location	0.05	0.90
million	0.05	0.77
union	0.05	0.82
virginia	0.05	0.79
thin	0.05	0.95
half	0.05	1.64
highway	0.05	0.76
meet	0.05	0.90
mum	0.05	1.83
grey	0.05	0.69
fortune	0.05	0.70
supply	0.05	0.71
norm	0.05	1.56
shark	0.05	1.12
kicks	0.05	1.15
tiny	0.05	0.83
account	0.05	0.91
individual	0.05	0.93
britain	0.05	0.99
occasionally	0.05	1.40
active	0.05	0.96
oregon	0.05	0.79
grades	0.05	0.86
forced	0.05	1.20
organic	0.06	0.91
senior	0.06	0.83
motion	0.06	0.77
freshman	0.06	0.83
community	0.06	0.77
whip	0.06	0.84
counting	0.06	0.84
market	0.06	0.65
sauce	0.06	0.94
hall	0.06	0.80
forever	0.06	1.41
jury	0.06	0.93
progress	0.06	0.78
popular	0.06	1.10
honesty	0.06	1.09
titties	0.06	1.22
long	0.06	1.68
pretty	0.06	2.01
police	0.06	0.78
road	0.06	0.78
walked	0.06	1.00
owned	0.06	1.28
hitler	0.06	0.81
california	0.06	0.77
introduced	0.06	0.83
italy	0.06	0.97
3	0.06	0.77
semester	0.06	0.83
98	0.06	0.95
critical	0.06	1.12
previous	0.06	1.07
south	0.07	0.77
contract	0.07	0.72
pregnant	0.07	0.98
knock	0.07	1.19
drivers	0.07	0.78
sports	0.07	0.97
jar	0.07	0.81
private	0.07	0.65
feet	0.07	0.71
beast	0.07	1.47
live	0.07	0.80
accidentally	0.07	1.08
state	0.07	0.78
granted	0.07	1.09
between	0.07	0.87
student	0.07	0.75
exclusively	0.07	1.28
sized	0.07	0.80
garden	0.07	0.85
carried	0.07	0.84
motorcycle	0.07	0.75
soccer	0.07	0.98
mars	0.07	0.80
wherever	0.07	1.53
began	0.07	0.85
uk	0.07	1.01
criticism	0.07	1.21
target	0.07	0.67
tools	0.07	0.94
ireland	0.07	0.95
protein	0.07	0.93
worked	0.07	0.69
background	0.07	0.89
magically	0.07	1.04
produce	0.07	0.72
labor	0.07	0.71
boobs	0.08	1.07
officer	0.08	0.79
european	0.08	1.02
gained	0.08	0.83
randomly	0.08	1.06
linked	0.08	0.86
prepare	0.08	0.90
function	0.08	1.23
arizona	0.08	0.80
certain	0.08	1.07
resident	0.08	0.92
perfect	0.08	1.81
base	0.08	0.85
turtles	0.08	1.13
directions	0.08	0.77
2	0.08	0.75
tire	0.08	0.75
generations	0.08	0.77
order	0.08	0.77
exam	0.08	0.82
stickers	0.08	0.71
imgur	0.08	0.76
close	0.08	1.40
planned	0.08	1.10
shake	0.08	1.15
fighting	0.08	0.77
hired	0.08	0.75
provided	0.08	1.11
must	0.08	2.50
insurance	0.08	0.69
afford	0.09	0.96
flight	0.09	0.76
bird	0.09	1.36
bar	0.09	0.79
agreement	0.09	0.90
rolls	0.09	0.98
monkey	0.09	1.31
basketball	0.09	0.97
cut	0.09	0.78
mexico	0.09	0.96
fit	0.09	0.95
implies	0.09	2.21
pillow	0.09	1.00
promise	0.09	1.20
fedora	0.09	1.87
earth	0.09	1.27
4	0.09	0.76
profile	0.09	0.84
decided	0.09	1.44
recall	0.09	1.07
fish	0.09	0.98
stores	0.09	0.66
cap	0.09	0.87
construction	0.09	0.76
skin	0.09	1.08
north	0.09	0.76
wings	0.09	0.96
needs	0.09	1.83
knight	0.09	1.12
bigger	0.09	1.20
along	0.10	0.93
followed	0.10	0.87
record	0.10	1.30
plug	0.10	0.75
bound	0.10	1.13
dentist	0.10	0.80
large	0.10	0.91
seal	0.10	0.94
species	0.10	0.92
passing	0.10	0.83
pop	0.10	0.70
changed	0.10	1.26
my	0.10	0.82
pictures	0.10	0.79
league	0.10	0.97
longer	0.10	1.35
setting	0.10	0.74
stood	0.10	1.08
6	0.10	0.75
store	0.10	0.66
riding	0.10	0.88
grocery	0.10	0.67
nicer	0.10	1.36
himself	0.10	1.67
heat	0.10	1.08
daily	0.10	0.73
perfectly	0.10	1.12
starts	0.10	0.88
industry	0.10	0.70
austin	0.10	0.72
max	0.10	0.77
round	0.10	0.70
exit	0.10	0.79
r/adviceanimals	0.11	1.23
dip	0.11	0.88
default	0.11	0.97
anytime	0.11	1.58
france	0.11	1.00
human	0.11	0.91
owning	0.11	1.20
netherlands	0.11	0.98
fail	0.11	1.19
ahead	0.11	1.63
central	0.11	0.80
daughters	0.11	0.86
driver	0.11	0.77
headline	0.11	0.97
capacity	0.11	0.86
coast	0.11	0.74
allows	0.11	1.02
purchase	0.11	0.72
lived	0.11	0.76
concrete	0.11	0.91
current	0.11	0.82
nye	0.11	0.81
sale	0.11	0.70
lift	0.11	0.90
highschool	0.11	0.84
applies	0.11	1.28
test	0.11	0.87
battery	0.11	0.78
verify	0.11	0.97
fight	0.11	0.80
food	0.11	1.00
federal	0.11	0.75
australia	0.11	0.90
layer	0.12	1.11
city	0.12	0.68
ex	0.12	0.85
company	0.12	0.93
handed	0.12	0.77
school	0.12	0.82
apart	0.12	0.81
die	0.12	1.20
wasnt	0.12	1.66
open	0.12	0.85
10	0.12	0.74
valley	0.12	0.75
convenience	0.12	0.67
finding	0.12	1.17
scary	0.12	2.89
growing	0.12	0.78
variety	0.12	0.98
depends	0.12	1.42
chose	0.12	1.30
airport	0.12	0.69
pattern	0.12	0.93
pounds	0.12	0.76
u.s	0.12	1.10
shopping	0.12	0.73
chairs	0.12	1.07
herself	0.12	1.02
pointed	0.12	1.43
picture	0.12	0.86
campaign	0.12	0.77
india	0.12	0.94
massive	0.12	1.10
germany	0.13	0.94
write	0.13	1.04
students	0.13	0.77
purchased	0.13	0.83
satire	0.13	1.21
2-3	0.13	0.87
permission	0.13	0.81
east	0.13	0.75
class	0.13	0.84
bus	0.13	0.75
wrap	0.13	0.93
beans	0.13	0.94
zealand	0.13	0.91
5	0.13	0.75
fahrenheit	0.13	0.85
hockey	0.13	0.96
crying	0.13	1.41
hiring	0.13	0.73
chain	0.13	0.68
consistently	0.13	1.26
territory	0.13	0.94
japan	0.13	1.02
reasonable	0.13	1.16
officers	0.13	0.78
section	0.13	0.77
drawing	0.13	0.88
sizes	0.13	0.71
facial	0.13	1.04
save	0.13	0.85
american	0.13	1.25
orders	0.13	0.79
ham	0.14	0.83
robot	0.14	0.95
twin	0.14	1.52
continues	0.14	0.91
hood	0.14	0.92
wot	0.14	1.82
strategy	0.14	0.82
bbq	0.14	0.92
bug	0.14	1.68
e.g	0.14	1.16
found	0.14	1.25
friends	0.14	0.82
unit	0.14	0.84
referred	0.14	1.52
contact	0.14	0.87
walmart	0.14	0.66
purse	0.14	0.79
decades	0.14	1.06
listen	0.14	0.81
sticker	0.14	0.76
sales	0.14	0.68
shops	0.14	0.65
over	0.14	0.80
ebay	0.14	0.65
number	0.14	0.95
buildings	0.14	0.76
girlfriends	0.14	0.82
hire	0.14	0.75
rent	0.14	0.65
divorce	0.14	0.67
tits	0.14	1.17
wal-mart	0.15	0.66
northern	0.15	0.77
grass	0.15	0.86
ny	0.15	0.69
great	0.15	1.65
kiss	0.15	1.33
run	0.15	1.02
storage	0.15	0.75
nature	0.15	1.08
pa	0.15	0.85
drops	0.15	1.47
international	0.15	0.84
soul	0.15	1.08
wood	0.15	0.86
trade	0.15	0.69
determine	0.15	1.31
somebody	0.15	1.85
daughter	0.15	0.85
answers	0.15	0.92
river	0.15	0.79
career	0.15	0.88
pitch	0.15	0.79
west	0.15	0.75
laughs	0.15	1.20
stock	0.15	0.79
please	0.15	1.55
graduated	0.15	0.76
humans	0.15	0.92
flip	0.16	0.84
wheel	0.16	0.73
workers	0.16	0.72
safety	0.16	1.31
heavy	0.16	0.77
nyc	0.16	0.64
limits	0.16	0.81
nine	0.16	0.79
england	0.16	0.91
doe	0.16	1.75
learned	0.16	1.08
hr	0.16	0.72
thumbnail	0.16	1.47
plan	0.16	0.81
excellent	0.16	1.88
demand	0.16	0.74
eyebrows	0.16	1.18
papers	0.16	0.78
creation	0.16	0.91
links	0.16	0.81
22	0.16	0.67
track	0.16	0.76
friend	0.16	0.86
rule	0.16	0.80
work	0.16	0.89
forms	0.16	1.20
incorrect	0.16	3.87
remain	0.16	1.07
retail	0.17	0.68
onion	0.17	0.85
swap	0.17	0.91
gf	0.17	0.86
discount	0.17	0.66
mph	0.17	0.76
pocket	0.17	0.71
sisters	0.17	0.83
label	0.17	0.83
ordering	0.17	0.81
grew	0.17	0.79
reputation	0.17	0.96
pasta	0.17	1.00
interpretation	0.17	1.55
blank	0.17	0.74
7	0.17	0.73
user	0.17	0.82
gaming	0.17	0.79
creature	0.17	1.42
examples	0.17	1.03
boat	0.17	0.82
watches	0.17	2.63
pork	0.17	0.97
salary	0.17	0.72
careful	0.17	1.98
sits	0.17	1.25
8	0.17	0.72
worker	0.17	0.72
event	0.17	1.06
girlfriend	0.17	0.86
barrel	0.17	0.75
12	0.17	0.70
fall	0.18	0.84
homework	0.18	0.75
laws	0.18	0.96
motor	0.18	0.79
sister	0.18	0.85
motivation	0.18	0.95
ordered	0.18	0.76
booty	0.18	1.65
youth	0.18	0.89
roughly	0.18	0.77
gon	0.18	2.01
mom	0.18	0.83
candy	0.18	1.20
11	0.18	0.70
agreed	0.18	1.50
speeds	0.18	0.72
customers	0.18	0.71
serves	0.18	0.76
website	0.18	0.80
automatically	0.18	0.96
vehicle	0.18	0.74
20	0.18	0.71
ticket	0.18	0.71
ruined	0.18	1.11
instance	0.18	1.52
giggle	0.18	1.68
listening	0.19	0.82
15	0.19	0.71
200	0.19	0.72
effective	0.19	1.11
justice	0.19	0.74
vegetables	0.19	1.04
positions	0.19	0.79
husband	0.19	0.81
driven	0.19	0.76
cant	0.19	1.83
republican	0.19	0.67
switched	0.19	1.37
goat	0.19	1.31
washington	0.19	0.75
normally	0.19	1.33
team	0.19	0.83
technique	0.19	0.91
double	0.19	0.76
wife	0.19	0.84
vegan	0.19	1.17
reasonably	0.19	1.08
picked	0.19	1.29
china	0.19	1.01
every	0.19	2.42
mouse	0.19	1.22
painted	0.20	0.66
genuine	0.20	1.24
screenshot	0.20	0.81
ideal	0.20	0.94
site	0.20	0.78
houston	0.20	0.69
plant	0.20	0.75
teams	0.20	0.83
age	0.20	0.93
tech	0.20	0.66
creating	0.20	0.88
employee	0.20	0.71
melt	0.20	1.05
marry	0.20	0.70
searched	0.20	0.98
mile	0.20	0.71
brick	0.20	0.85
raised	0.20	0.91
9	0.20	0.72
grown	0.20	0.90
needing	0.20	1.10
train	0.20	0.69
land	0.20	0.75
caption	0.20	0.98
fiber	0.20	0.72
plate	0.20	0.82
belong	0.20	1.29
cops	0.20	0.82
element	0.20	1.02
members	0.20	0.82
boyfriend	0.20	0.83
30	0.20	0.71
fries	0.20	0.89
employees	0.20	0.70
rear	0.20	0.73
sorta	0.20	1.94
business	0.20	0.72
walks	0.20	1.80
1/2	0.20	0.72
type	0.21	1.08
came	0.21	1.17
per	0.21	0.71
imagined	0.21	1.10
scotland	0.21	0.86
whoever	0.21	1.57
m8	0.21	1.87
shop	0.21	0.63
newer	0.21	0.85
employer	0.21	0.72
beef	0.21	0.95
taxes	0.21	0.69
na	0.21	2.00
mother	0.21	0.83
selfie	0.21	0.93
birth	0.21	0.88
screaming	0.21	1.26
moved	0.21	0.77
ride	0.21	0.80
wait	0.21	2.16
13	0.21	0.69
potatoes	0.21	0.96
14	0.21	0.69
managers	0.22	0.72
chicago	0.22	0.66
salt	0.22	1.05
whiskey	0.22	1.13
photo	0.22	0.92
former	0.22	0.81
communication	0.22	0.92
turns	0.22	1.76
dads	0.22	0.82
usb	0.22	0.78
father	0.22	0.82
twins	0.22	0.93
tax	0.22	0.69
tooth	0.22	0.76
restaurants	0.22	0.74
makeup	0.22	0.93
item	0.22	0.65
goal	0.22	0.84
bra	0.22	0.95
headphones	0.22	0.69
album	0.22	0.78
celsius	0.22	0.89
emergency	0.22	0.99
coverage	0.22	0.74
spot	0.22	0.88
300	0.22	0.72
atlanta	0.22	0.66
16	0.22	0.69
customer	0.22	0.66
doesnt	0.22	1.60
belt	0.23	0.72
driving	0.23	0.77
minimum	0.23	0.73
cashier	0.23	0.65
spam	0.23	0.86
joke	0.23	1.41
investment	0.23	0.72
alien	0.23	1.03
trucks	0.23	0.72
package	0.23	0.71
car	0.23	0.76
happily	0.23	1.36
travel	0.23	0.81
scroll	0.23	1.02
creatures	0.23	1.07
collect	0.23	0.68
wage	0.23	0.73
meme	0.23	1.79
consumer	0.23	0.65
laugh	0.23	1.78
programs	0.23	0.75
build	0.23	0.78
grand	0.23	0.90
indian	0.24	1.02
ability	0.24	1.02
provides	0.24	0.96
filling	0.24	0.92
ultimate	0.24	1.69
shipping	0.24	0.66
24	0.24	0.69
closer	0.24	1.20
bastard	0.24	1.56
150	0.24	0.72
18	0.24	0.71
bears	0.24	1.32
brother	0.24	0.85
cousins	0.24	0.81
prior	0.24	0.84
vehicles	0.24	0.74
pockets	0.24	0.70
note	0.24	0.90
400	0.24	0.71
seattle	0.24	0.67
intelligence	0.24	1.04
19	0.24	0.70
21	0.24	0.70
universal	0.24	1.05
cutting	0.24	0.81
17	0.24	0.69
paris	0.25	0.62
unnecessary	0.25	2.00
begins	0.25	0.87
too	0.25	2.42
23	0.25	0.69
services	0.25	0.74
bridge	0.25	0.73
26	0.25	0.69
costs	0.25	0.67
downtown	0.25	0.68
corporate	0.25	0.69
inches	0.25	0.72
blocking	0.25	0.83
list	0.25	1.13
program	0.25	0.77
raw	0.25	1.13
sugar	0.25	0.88
media	0.25	0.79
hotel	0.25	0.71
york	0.25	0.66
plants	0.25	0.75
billion	0.25	0.74
repair	0.25	1.10
seriously	0.25	2.60
28	0.25	0.68
pulls	0.25	1.64
r/wtf	0.25	1.31
bits	0.25	0.99
500	0.25	0.69
cousin	0.26	0.85
shown	0.26	1.02
naked	0.26	0.93
imagining	0.26	1.02
requirement	0.26	1.02
delicious	0.26	1.17
display	0.26	0.96
korea	0.26	0.78
frame	0.26	0.80
law	0.26	0.88
printer	0.26	0.79
son	0.26	0.92
referring	0.26	1.68
hits	0.26	1.29
universe	0.26	1.14
knowledge	0.26	1.08
properly	0.26	1.43
vegetarian	0.26	1.23
25	0.26	0.68
traveling	0.26	0.76
teaching	0.26	0.85
teach	0.27	0.85
cost	0.27	0.67
replied	0.27	1.51
peanut	0.27	0.92
commentary	0.27	1.13
serve	0.27	0.82
phase	0.27	0.90
weather	0.27	1.36
beats	0.27	0.73
magazine	0.27	0.74
ai	0.27	1.92
london	0.27	0.67
stay	0.27	1.12
subway	0.27	0.74
security	0.27	0.74
title	0.27	1.04
building	0.27	0.79
grows	0.27	0.84
eggs	0.27	0.95
county	0.27	0.79
presented	0.27	1.48
egg	0.27	0.97
fits	0.27	0.84
serving	0.27	0.99
cars	0.27	0.76
golf	0.27	0.79
crossed	0.27	1.16
trick	0.27	1.34
res	0.27	0.86
instructions	0.28	0.74
seats	0.28	0.96
reporting	0.28	0.88
truck	0.28	0.72
27	0.28	0.70
fought	0.28	0.74
product	0.28	0.66
wheels	0.28	0.71
boston	0.28	0.66
bringing	0.28	1.03
guard	0.28	0.76
steak	0.28	0.85
songs	0.28	0.82
pizza	0.28	0.83
provide	0.28	1.07
literally	0.28	1.75
passes	0.28	1.57
meat	0.28	1.09
pan	0.28	0.93
ice	0.29	1.11
count	0.29	1.21
throws	0.29	1.39
collection	0.29	0.68
skill	0.29	1.41
suppose	0.29	2.23
positive	0.29	0.87
companies	0.29	0.63
forces	0.29	0.75
legitimate	0.29	1.31
34	0.29	0.72
grow	0.29	0.87
teachers	0.29	0.78
pointing	0.29	2.29
link	0.29	0.81
resolution	0.29	0.73
local	0.29	0.64
join	0.29	0.76
dunno	0.29	2.36
carefully	0.29	1.32
irish	0.29	1.44
pays	0.29	0.65
hack	0.29	0.69
offer	0.29	0.83
planning	0.29	0.97
soft	0.29	1.53
wrestling	0.29	0.82
counts	0.29	1.22
grandparents	0.29	0.82
mandatory	0.29	0.91
begin	0.29	0.98
grandmother	0.29	0.82
holds	0.29	0.95
spending	0.30	0.71
elephant	0.30	1.18
alternate	0.30	1.03
mustache	0.30	1.21
32	0.30	0.71
steps	0.30	0.75
hers	0.30	0.90
info	0.30	0.95
follow	0.30	0.89
died	0.30	0.91
advance	0.30	0.78
loaded	0.30	0.76
match	0.30	0.80
san	0.30	0.69
toaster	0.30	0.91
thrown	0.30	1.06
apples	0.30	0.94
aid	0.30	0.81
widely	0.30	1.63
delete	0.30	0.92
forest	0.30	0.78
aunt	0.30	0.83
sword	0.30	1.12
falls	0.30	1.29
native	0.30	1.46
scottish	0.30	1.33
equipment	0.30	0.72
image	0.30	0.78
huge	0.30	1.10
operating	0.31	0.75
printed	0.31	0.80
signed	0.31	0.75
connected	0.31	0.71
farm	0.31	1.03
punk	0.31	0.78
fix	0.31	1.99
differently	0.31	1.61
potato	0.31	0.91
lost	0.31	1.02
guy	0.31	1.51
pay	0.31	0.65
skills	0.31	1.28
asian	0.31	0.89
dad	0.31	0.82
greatest	0.31	2.90
comment	0.31	1.40
systems	0.31	0.72
100	0.31	0.69
combo	0.31	0.78
grandfather	0.32	0.83
mobile	0.32	0.81
description	0.32	1.05
drive	0.32	0.74
engineers	0.32	0.75
zoom	0.32	0.87
custom	0.32	0.69
offers	0.32	0.77
hunting	0.32	1.07
decade	0.32	1.01
give	0.32	1.23
doctor	0.32	0.85
ford	0.32	0.91
triple	0.32	0.78
runs	0.32	1.65
aint	0.32	1.85
put	0.32	1.04
elementary	0.32	0.85
guaranteed	0.32	0.85
arrow	0.32	0.84
60	0.32	0.70
installed	0.32	0.75
tickets	0.32	0.60
tie	0.32	0.74
applying	0.32	1.17
chuckle	0.32	1.78
bat	0.32	0.83
lake	0.33	0.76
images	0.33	0.74
moves	0.33	1.29
laptop	0.33	0.74
included	0.33	1.09
50	0.33	0.69
replace	0.33	1.19
step	0.33	0.79
click	0.33	0.90
load	0.33	0.77
temperature	0.33	0.94
statue	0.33	0.86
ups	0.33	0.70
duck	0.33	1.31
toast	0.33	0.93
corn	0.33	0.96
sausage	0.33	0.90
paying	0.33	0.64
future	0.33	0.91
accent	0.33	1.56
paid	0.33	0.66
owners	0.33	1.49
taught	0.33	0.87
providing	0.34	0.88
cloud	0.34	0.65
iphone	0.34	0.75
40	0.34	0.69
players	0.34	0.88
photoshopped	0.34	1.30
tower	0.34	0.78
debt	0.34	0.69
beard	0.34	1.23
menu	0.34	0.80
brazil	0.34	0.85
duty	0.34	0.75
extension	0.34	0.77
print	0.34	0.81
soviet	0.34	0.81
goes	0.34	1.73
distinction	0.34	1.71
germans	0.35	0.96
fee	0.35	0.66
boy	0.35	1.34
surface	0.35	1.15
returned	0.35	0.72
rational	0.35	1.16
chip	0.35	0.92
showing	0.35	0.83
tasty	0.35	1.22
faces	0.35	1.37
bacon	0.35	0.89
spoke	0.35	1.59
mate	0.35	1.92
strength	0.35	1.14
money	0.35	0.75
check	0.35	0.95
buddies	0.35	0.79
settle	0.35	1.50
loans	0.35	0.67
hunt	0.35	1.25
bought	0.35	1.17
original	0.35	0.89
served	0.35	0.87
r/cringepics	0.35	1.29
birds	0.35	1.38
events	0.35	0.81
socks	0.36	0.88
fap	0.36	1.58
beach	0.36	0.74
gym	0.36	0.85
url	0.36	0.84
reads	0.36	1.37
websites	0.36	0.77
tablet	0.36	0.76
buffalo	0.36	0.93
babies	0.36	1.16
apple	0.36	0.70
firm	0.36	0.66
unfortunately	0.36	1.90
player	0.36	0.88
delivery	0.36	0.67
defined	0.36	1.29
established	0.36	1.00
sadly	0.36	2.00
department	0.37	0.70
coworkers	0.37	0.75
device	0.37	0.74
rules	0.37	0.86
interviews	0.37	0.94
upload	0.37	0.73
los	0.37	0.75
burgers	0.37	0.89
install	0.37	0.79
burger	0.37	0.87
bean	0.37	0.83
maintenance	0.37	0.97
screen	0.37	0.73
interaction	0.37	0.82
teenage	0.37	1.05
appears	0.37	1.54
woman	0.37	0.93
powerful	0.37	1.28
minor	0.37	2.11
co	0.37	0.77
helmet	0.37	0.77
ages	0.37	1.57
devices	0.37	0.72
dating	0.37	0.70
android	0.37	0.73
sun	0.37	0.71
35	0.37	0.68
from	0.37	1.09
management	0.37	0.70
military	0.37	0.74
island	0.38	0.67
automatic	0.38	0.84
gloves	0.38	0.82
samsung	0.38	0.74
brothers	0.38	0.85
she	0.38	1.42
consistent	0.38	1.19
bars	0.38	0.71
plans	0.38	0.75
ipad	0.38	0.76
basic	0.38	1.38
feature	0.38	0.76
upgrade	0.38	0.74
tab	0.39	0.90
ta	0.39	1.99
search	0.39	0.90
nsfw	0.39	1.73
hop	0.39	0.75
metal	0.39	0.74
ios	0.39	0.74
beings	0.39	0.92
staff	0.39	0.69
mac	0.39	0.71
ketchup	0.39	0.88
logo	0.39	0.83
chicken	0.39	0.90
app	0.39	0.78
worth	0.39	0.72
drove	0.39	0.80
articles	0.39	0.81
article	0.39	0.83
phone	0.39	0.76
respect	0.39	0.83
comes	0.39	1.81
successful	0.39	1.15
joined	0.39	0.70
windows	0.39	0.73
95	0.39	0.69
rap	0.40	0.79
neighbor	0.40	1.08
fees	0.40	0.68
butter	0.40	0.88
fried	0.40	0.92
setup	0.40	0.80
steam	0.40	0.86
miles	0.40	0.74
relevant	0.40	2.00
took	0.40	1.02
requirements	0.40	0.99
underwear	0.40	0.87
cows	0.40	1.25
brown	0.40	0.69
pops	0.40	1.32
nigga	0.40	1.81
bout	0.40	1.88
deck	0.40	0.66
os	0.40	0.73
cents	0.40	0.66
bands	0.40	0.76
bananas	0.40	1.02
outta	0.41	1.86
confidence	0.41	0.89
vanilla	0.41	0.92
fruit	0.41	1.02
chat	0.41	0.92
blog	0.41	0.80
historical	0.41	0.92
supposedly	0.41	0.64
heck	0.41	2.07
combat	0.41	0.77
invited	0.41	0.84
meals	0.41	1.23
browser	0.41	0.81
hardware	0.41	0.71
looks	0.41	1.74
texting	0.41	1.19
national	0.42	0.83
humanity	0.42	0.93
ie	0.42	0.75
advertising	0.42	0.79
dudes	0.42	1.36
45	0.42	0.68
shirts	0.42	0.79
nearby	0.42	0.81
standards	0.42	0.89
loses	0.42	1.45
olds	0.42	0.90
apps	0.42	0.77
wisdom	0.42	0.93
yo	0.42	1.94
music	0.42	0.78
signal	0.42	0.73
sunglasses	0.42	0.83
inch	0.42	0.71
sites	0.42	0.77
girls	0.42	1.08
productive	0.43	1.56
set	0.43	0.78
clicking	0.43	1.04
warning	0.43	1.06
fallen	0.43	0.86
after	0.43	0.95
computers	0.43	0.70
adult	0.43	0.91
empire	0.43	0.82
street	0.43	0.73
dem	0.43	1.80
chrome	0.43	0.81
generation	0.43	1.05
boots	0.43	0.83
staged	0.43	1.62
sandwich	0.43	0.92
bc	0.43	0.68
routine	0.43	0.86
primary	0.44	1.07
outside	0.44	1.04
comfort	0.44	0.93
exceptions	0.44	1.76
eating	0.44	1.47
soldiers	0.44	0.74
war	0.44	0.70
doc	0.44	0.88
horses	0.44	1.22
file	0.44	0.74
pants	0.44	0.86
sets	0.44	0.68
blocked	0.44	0.76
opens	0.44	1.13
captain	0.44	0.99
fucker	0.44	1.79
funniest	0.44	3.00
dollars	0.44	0.70
hat	0.45	0.98
paste	0.45	0.89
mature	0.45	1.13
spends	0.45	1.11
strict	0.45	1.20
attend	0.45	0.70
audio	0.45	0.71
offering	0.45	0.74
spaghetti	0.45	1.00
bing	0.45	0.90
phoenix	0.45	0.77
upon	0.45	0.97
bam	0.45	1.10
junior	0.45	0.86
strikes	0.45	0.91
stays	0.46	0.83
remind	0.46	1.17
connect	0.46	0.73
helped	0.46	1.13
records	0.46	0.72
newspaper	0.46	0.72
clothing	0.46	0.71
aliens	0.46	0.87
license	0.46	0.79
loading	0.46	0.81
decent	0.46	2.05
band	0.46	0.78
boss	0.46	1.17
galaxy	0.46	0.73
squirrel	0.46	1.53
loan	0.46	0.69
canadian	0.46	1.06
murica	0.47	1.67
irony	0.47	1.56
bed	0.47	0.96
bring	0.47	1.08
least	0.47	1.11
effort	0.47	0.97
projects	0.47	0.73
souls	0.47	1.14
internet	0.47	0.68
cross	0.47	0.98
computer	0.47	0.72
yoga	0.47	0.74
next	0.47	1.29
writing	0.47	1.16
wifi	0.47	0.70
cd	0.47	0.70
moments	0.47	1.45
visual	0.47	0.96
service	0.47	0.68
applied	0.47	1.25
bald	0.47	1.46
learning	0.47	1.18
symbol	0.47	0.86
jeans	0.47	0.81
didnt	0.47	1.99
ensure	0.48	1.22
mini	0.48	1.02
pc	0.48	0.73
phones	0.48	0.75
recognized	0.48	1.37
cell	0.48	0.88
deer	0.48	1.27
microsoft	0.48	0.69
army	0.48	0.75
teacher	0.48	0.83
cycle	0.48	0.78
review	0.48	0.86
cooler	0.48	1.66
chase	0.49	1.47
camp	0.49	0.71
access	0.49	0.73
puts	0.49	1.77
ended	0.49	0.94
meh	0.49	1.95
ancient	0.49	0.91
ready	0.49	1.40
sheep	0.49	1.27
alternative	0.49	1.28
desktop	0.49	0.78
closely	0.49	1.18
coat	0.49	0.90
canada	0.49	0.84
called	0.49	1.02
exclusive	0.49	0.87
shirt	0.49	0.84
news	0.49	0.81
files	0.50	0.73
delivered	0.50	0.71
extra	0.50	0.84
offered	0.50	0.74
youre	0.50	1.97
singing	0.50	0.90
second	0.50	2.48
snack	0.50	1.45
appreciated	0.50	1.55
ghost	0.50	1.43
everyday	0.50	0.87
moon	0.50	0.82
maintain	0.50	1.07
add	0.50	1.12
family	0.50	0.79
75	0.50	0.69
factory	0.50	0.81
finest	0.51	1.26
arrived	0.51	0.78
tracks	0.51	0.75
eagle	0.51	0.99
define	0.51	1.75
feeding	0.51	1.49
0	0.51	0.91
professional	0.51	0.84
software	0.51	0.76
grandma	0.51	0.96
log	0.51	0.76
fame	0.51	0.75
repeat	0.51	0.89
manual	0.51	0.80
bull	0.51	1.50
address	0.51	0.92
bay	0.51	0.79
pair	0.52	0.85
application	0.52	0.88
clever	0.52	1.67
turtle	0.52	1.36
minus	0.52	0.77
insane	0.52	2.23
boot	0.52	0.70
switch	0.52	0.94
alarm	0.52	0.83
reply	0.52	1.54
theres	0.52	1.77
blonde	0.52	0.95
stole	0.52	0.85
camera	0.53	0.81
report	0.53	0.84
dying	0.53	1.51
ya	0.53	1.92
sweater	0.53	0.85
ran	0.53	1.12
memory	0.53	1.05
chick	0.53	0.95
spend	0.53	0.89
eat	0.53	1.50
backwards	0.53	1.18
cereal	0.53	1.24
educated	0.53	0.95
lock	0.53	0.90
pit	0.53	1.48
secret	0.53	0.83
nuts	0.53	1.41
password	0.53	0.75
center	0.53	0.79
idk	0.54	2.29
cnn	0.54	0.80
freezing	0.54	1.11
available	0.54	0.71
moose	0.54	1.12
web	0.54	0.77
enjoyed	0.54	2.10
via	0.54	0.76
terms	0.54	1.72
song	0.54	0.94
settings	0.54	0.91
anyways	0.54	2.19
visited	0.54	0.70
pages	0.54	0.66
independent	0.55	0.79
update	0.55	0.72
sees	0.55	2.73
deliver	0.55	0.81
draw	0.55	0.73
wan	0.55	1.91
leader	0.55	0.72
officially	0.55	1.28
read	0.55	0.81
earn	0.55	0.79
servers	0.55	0.70
jacket	0.55	0.84
game	0.55	0.93
dressing	0.55	0.88
la	0.55	0.93
follows	0.55	1.12
timing	0.56	1.24
recorded	0.56	1.21
block	0.56	0.86
bonus	0.56	0.81
tips	0.56	1.51
wore	0.56	0.83
transfer	0.56	0.66
losing	0.56	0.93
interview	0.56	0.99
confirmed	0.56	1.46
fake	0.56	2.54
gif	0.56	1.09
cuts	0.56	0.74
tail	0.57	1.59
ad	0.57	0.80
keys	0.57	1.08
freeze	0.57	1.13
drew	0.57	1.06
button	0.57	1.05
dated	0.57	0.77
lion	0.57	1.24
lets	0.57	1.61
latest	0.57	0.69
remote	0.57	0.78
iirc	0.58	0.93
hill	0.58	0.76
create	0.58	0.73
old	0.58	0.95
jelly	0.58	0.93
additional	0.58	1.18
copy	0.58	0.73
navy	0.58	0.73
cuz	0.58	2.05
parking	0.58	0.75
held	0.58	0.90
dat	0.58	1.95
jam	0.58	0.73
trips	0.58	0.82
represent	0.58	1.04
ma	0.58	1.75
stream	0.58	1.28
sending	0.59	1.08
degrees	0.59	0.85
em	0.59	1.91
wears	0.59	0.84
press	0.59	1.01
message	0.59	1.01
monitor	0.59	0.72
messages	0.59	1.04
eaten	0.59	1.49
digital	0.59	0.74
giving	0.59	0.89
shopped	0.59	1.15
register	0.59	0.68
uniform	0.59	0.67
invite	0.59	0.82
dollar	0.59	0.66
fed	0.59	1.40
ontario	0.59	0.72
threw	0.59	1.20
agent	0.59	0.91
bread	0.60	0.95
hence	0.60	1.92
manly	0.60	1.52
located	0.60	1.19
suits	0.60	0.85
incredible	0.60	2.00
features	0.60	0.89
cookies	0.60	1.14
finds	0.60	2.60
motherfucker	0.61	1.86
free	0.61	0.72
competition	0.61	1.39
passed	0.61	1.06
stuffed	0.61	1.21
flat	0.61	0.99
lil	0.61	1.19
space	0.61	0.81
casual	0.61	0.97
wear	0.62	0.84
mail	0.62	0.90
halfway	0.62	1.16
expecting	0.62	1.87
tour	0.62	0.62
british	0.62	1.12
mainstream	0.62	0.80
twist	0.62	1.03
clubs	0.62	0.66
later	0.62	0.99
tip	0.62	1.30
necessary	0.62	1.66
sayin	0.62	1.98
horror	0.62	1.24
syrup	0.62	0.94
rabbit	0.62	1.59
panel	0.62	1.16
wearing	0.63	0.85
parked	0.63	0.76
past	0.63	0.99
waited	0.63	0.98
wants	0.63	2.68
owe	0.63	0.66
chicks	0.63	1.27
70	0.63	0.68
sin	0.63	0.93
breaks	0.63	0.80
handy	0.63	1.25
jpeg	0.63	0.74
mode	0.63	0.94
loop	0.63	0.84
tough	0.64	1.86
frozen	0.64	0.99
guys	0.64	2.03
1	0.64	0.85
amazon	0.64	0.79
cage	0.64	1.12
museum	0.64	0.61
technical	0.64	1.04
takes	0.64	0.91
wallet	0.64	0.69
checking	0.64	1.35
email	0.64	0.99
lack	0.64	1.22
un	0.64	0.84
sing	0.64	0.92
googled	0.64	1.63
belongs	0.64	1.32
29	0.64	0.70
row	0.65	1.05
ram	0.65	0.70
bear	0.65	1.27
model	0.65	0.70
rated	0.65	1.33
lyrics	0.65	0.96
font	0.65	2.11
photoshop	0.65	0.99
jewish	0.65	0.93
atleast	0.65	1.07
challenge	0.65	1.29
month	0.65	0.73
bow	0.65	1.14
ring	0.65	0.68
edgy	0.66	1.95
cookie	0.66	1.11
animals	0.66	1.32
lines	0.66	0.75
within	0.66	0.81
closing	0.66	0.83
sandwiches	0.66	1.09
format	0.66	0.78
porn	0.66	0.97
reading	0.66	0.96
sums	0.66	0.81
bucks	0.66	0.74
viewing	0.66	0.93
learn	0.66	1.41
given	0.66	0.87
starting	0.66	0.76
pumpkin	0.66	1.01
ftw	0.66	1.59
ship	0.67	0.80
according	0.67	1.11
cream	0.67	0.97
insert	0.67	0.98
everybody	0.67	2.64
versions	0.67	0.72
t-shirt	0.67	0.77
witch	0.67	1.02
worn	0.67	0.84
core	0.67	1.23
meal	0.67	1.36
hot	0.67	1.10
plus	0.67	0.67
smash	0.67	1.14
strip	0.68	0.67
recipe	0.68	0.99
er	0.68	1.20
models	0.68	0.75
border	0.68	1.06
style	0.68	0.85
speaks	0.68	1.71
club	0.68	0.71
pound	0.68	0.90
engine	0.69	0.85
dickbutt	0.69	1.66
partner	0.69	0.68
rush	0.69	0.89
korean	0.69	1.46
library	0.69	0.74
secure	0.69	0.76
sum	0.69	1.65
tool	0.69	1.46
mall	0.69	0.66
shut	0.69	1.57
wise	0.69	1.02
liked	0.70	2.41
upvote	0.70	1.51
stand	0.70	0.95
play	0.70	0.88
visit	0.70	0.80
missing	0.70	2.33
stories	0.70	0.83
salad	0.71	1.28
connection	0.71	0.81
requires	0.71	1.30
feed	0.71	1.49
animal	0.71	1.35
baked	0.71	1.00
trees	0.71	0.94
slice	0.71	0.84
since	0.71	1.08
member	0.71	0.73
dj	0.71	0.70
girl	0.71	0.99
wild	0.71	1.40
standard	0.72	1.48
drives	0.72	1.01
buttons	0.72	1.12
da	0.72	1.82
send	0.72	0.99
brah	0.72	1.96
receiving	0.72	0.84
key	0.72	1.10
wikipedia	0.72	1.23
fights	0.72	0.90
armor	0.72	1.02
ours	0.72	1.41
chinese	0.73	1.40
intentional	0.73	1.90
entry	0.73	1.15
boom	0.73	1.35
zoo	0.73	1.04
president	0.73	0.69
gear	0.74	0.74
photographer	0.74	0.78
toddler	0.74	1.30
means	0.74	2.38
gt	0.74	1.85
relationships	0.74	0.60
enter	0.75	0.96
trip	0.75	0.81
winter	0.75	1.13
spent	0.75	0.86
saved	0.75	0.89
manager	0.75	0.88
owner	0.75	1.53
pie	0.75	1.05
vancouver	0.75	0.67
sony	0.76	1.01
refers	0.76	2.00
design	0.76	0.74
bold	0.76	1.97
funny	0.76	3.10
awake	0.76	1.17
asleep	0.76	1.00
tight	0.76	0.93
periods	0.76	1.80
suit	0.76	0.85
le	0.76	2.07
tho	0.77	2.15
bass	0.77	0.93
chocolate	0.77	0.97
quarter	0.77	1.26
laughed	0.77	1.65
80	0.77	0.73
vegas	0.77	0.75
mystery	0.77	1.06
limited	0.77	0.76
toronto	0.78	0.67
soldier	0.78	0.79
keyboard	0.78	1.11
year	0.78	0.87
context	0.78	1.74
breakfast	0.78	1.38
accept	0.78	1.11
min	0.78	0.83
russian	0.78	1.53
mins	0.78	0.89
relax	0.78	1.38
traditional	0.79	0.96
third	0.79	2.34
pin	0.79	0.76
cameras	0.79	0.79
bills	0.79	0.68
visiting	0.79	0.78
silent	0.79	1.12
entertainment	0.79	0.89
staying	0.79	0.90
minute	0.79	0.89
contest	0.79	1.13
following	0.80	1.10
yes	0.80	2.13
dot	0.80	1.37
imagination	0.80	1.07
hour	0.80	0.89
stone	0.80	0.90
receive	0.80	0.78
italian	0.80	1.64
tune	0.80	0.96
seconds	0.81	0.88
steel	0.81	0.89
leather	0.81	1.07
specific	0.81	1.26
expectations	0.81	0.72
google	0.81	1.13
years	0.81	0.88
fancy	0.81	0.84
funnier	0.81	1.43
kit	0.81	0.86
stayed	0.81	0.86
grandpa	0.81	0.93
polish	0.82	1.65
commonly	0.82	2.20
download	0.82	0.88
opening	0.82	0.82
require	0.82	1.31
online	0.82	0.84
blocks	0.82	0.77
dies	0.82	1.32
shall	0.82	1.04
relationship	0.82	0.63
minutes	0.82	0.90
tops	0.82	0.73
calls	0.82	2.43
banana	0.83	0.95
foreign	0.83	1.36
rock	0.83	0.87
al	0.83	0.75
quiet	0.83	1.23
shoes	0.83	1.08
required	0.83	1.36
ago	0.83	0.93
alpha	0.83	0.83
cue	0.84	1.04
bank	0.84	0.77
reviews	0.84	0.86
valid	0.84	2.83
lesson	0.84	1.28
gods	0.84	0.93
near	0.84	0.86
strangers	0.84	1.02
describing	0.84	1.46
payment	0.84	0.75
stations	0.84	0.93
good	0.84	2.18
creator	0.85	0.76
hmmm	0.85	1.78
amirite	0.85	2.18
nazis	0.85	1.51
wut	0.85	1.95
grade	0.85	1.30
stewart	0.85	0.78
im	0.85	2.36
athletes	0.86	0.91
office	0.86	0.82
station	0.86	0.71
devil	0.86	1.09
powers	0.86	0.81
yesterday	0.86	0.95
slept	0.86	1.00
input	0.86	1.21
project	0.86	0.75
crazy	0.86	2.61
whats	0.86	2.00
fuckin	0.87	1.98
videos	0.87	0.94
appreciate	0.87	0.95
wiki	0.87	1.05
turkey	0.87	0.87
video	0.87	0.99
advice	0.88	0.93
version	0.88	0.85
hmm	0.88	2.03
2000	0.88	0.77
describe	0.88	2.08
penny	0.88	0.66
90	0.88	0.73
caring	0.89	1.02
rings	0.89	0.70
peace	0.89	0.82
castle	0.89	0.70
ends	0.89	0.85
swedish	0.89	1.72
youtube	0.89	0.96
mask	0.90	0.77
hours	0.90	0.90
radio	0.90	0.90
romantic	0.90	0.62
games	0.90	0.84
last	0.90	1.45
ur	0.90	2.00
fox	0.90	0.95
kills	0.90	1.11
gem	0.90	2.12
drawn	0.90	0.80
bang	0.90	0.99
refer	0.91	2.05
guitar	0.91	0.92
nah	0.91	2.18
irl	0.91	1.85
penguin	0.91	0.96
reader	0.91	0.74
closed	0.91	0.91
olympics	0.91	1.42
heaven	0.92	1.02
sacrifice	0.92	0.89
tiger	0.92	1.49
u	0.92	1.95
new	0.92	1.00
term	0.92	2.28
german	0.92	1.72
luck	0.92	1.77
cable	0.92	1.04
canadians	0.92	0.78
french	0.92	1.71
form	0.93	1.90
alert	0.93	1.05
nap	0.93	0.97
accepting	0.93	0.70
sleep	0.93	1.03
spanish	0.93	1.80
detail	0.93	1.34
speak	0.93	1.75
intelligent	0.94	1.21
marked	0.94	1.21
lap	0.94	1.43
shorts	0.94	1.04
mary	0.94	0.92
pictured	0.95	0.96
end	0.95	1.40
released	0.95	0.73
written	0.95	0.96
coin	0.95	0.74
speaker	0.96	1.71
keeper	0.96	1.20
dutch	0.96	1.71
audience	0.96	0.88
speaking	0.96	1.87
era	0.96	0.87
tag	0.96	1.27
final	0.96	1.03
spots	0.96	0.86
sorry	0.96	2.32
sharing	0.96	0.72
nicely	0.96	1.15
vet	0.97	1.51
fixing	0.97	2.70
ama	0.97	0.94
flash	0.98	0.78
extended	0.98	1.09
nostalgia	0.98	1.39
wat	0.98	2.07
lab	0.98	1.34
commercial	0.98	1.20
ouch	0.98	1.89
donuts	0.98	0.94
worthy	0.98	1.34
ok	0.99	2.35
iron	0.99	0.78
request	0.99	0.90
wayne	0.99	0.87
eats	0.99	2.46
wrote	0.99	0.82
bible	0.99	0.96
during	0.99	0.93
brings	0.99	1.15
supporting	1.00	1.40
clarify	1.00	2.32
silver	1.00	0.86
damned	1.00	1.93
dancing	1.00	0.80
text	1.00	1.23
home	1.00	1.12
r/im14andthisisfunny	1.00	1.88
van	1.00	0.83
um	1.00	2.11
doll	1.01	1.05
code	1.01	1.26
id	1.01	1.07
st	1.01	0.75
xbox	1.01	0.81
sleeping	1.01	1.03
prime	1.01	0.82
harry	1.02	0.91
ms	1.02	0.77
fuck	1.02	2.28
maple	1.02	0.86
reward	1.02	0.87
explains	1.02	1.09
author	1.03	0.80
shes	1.03	1.40
outfit	1.03	0.88
common	1.03	2.63
story	1.03	1.23
huh	1.03	2.09
queen	1.04	0.71
programming	1.04	0.84
superman	1.04	0.83
artist	1.04	0.76
sarah	1.04	0.81
deserve	1.04	0.92
ftfy	1.05	1.89
gave	1.05	1.19
laughing	1.05	1.66
server	1.05	1.04
til	1.05	1.75
fur	1.05	1.53
dance	1.05	0.72
r/forwardsfromgrandma	1.05	1.68
prank	1.06	1.42
2nd	1.06	1.93
lincoln	1.06	0.74
cool	1.06	2.92
capital	1.06	1.20
lunch	1.06	1.36
mommy	1.06	1.09
ladies	1.07	0.96
dinosaur	1.07	0.97
plz	1.07	1.96
pray	1.07	0.99
finish	1.07	0.96
fitting	1.07	0.90
eh	1.07	2.03
playing	1.08	0.95
hulk	1.08	0.82
drama	1.09	1.18
fellow	1.09	1.16
times	1.09	0.93
daddy	1.09	1.38
category	1.09	1.03
10/10	1.09	1.24
weeks	1.10	0.97
century	1.10	1.17
lifetime	1.10	1.61
smart	1.10	1.33
budget	1.10	1.01
goddamn	1.10	1.87
dress	1.10	0.95
appropriate	1.10	2.52
uh	1.10	1.95
schedule	1.11	0.92
titles	1.11	1.33
speakers	1.11	1.86
tree	1.11	1.15
jesus	1.11	1.03
pls	1.11	2.03
months	1.11	0.97
pet	1.12	1.71
welp	1.12	1.81
attractive	1.12	0.80
sexy	1.12	1.16
hail	1.12	0.88
chill	1.12	1.88
wizard	1.12	1.00
uncle	1.12	0.85
glory	1.12	0.91
r/thathappened	1.12	1.58
mid	1.13	0.78
doge	1.13	1.96
de	1.13	1.15
stable	1.13	0.69
hey	1.13	2.03
pal	1.13	1.94
yup	1.13	2.12
wtf	1.14	2.33
nope	1.14	2.32
japanese	1.14	1.34
3d	1.14	0.90
definition	1.15	2.40
duh	1.15	1.88
clap	1.15	1.41
famous	1.15	1.21
figures	1.15	0.80
translate	1.16	1.99
bill	1.16	0.82
satan	1.16	0.94
toys	1.16	0.96
graphic	1.16	0.80
directed	1.16	1.11
technically	1.16	2.96
mighty	1.16	0.95
dc	1.17	0.84
master	1.17	1.45
vice	1.17	0.87
umm	1.17	2.05
alright	1.17	1.98
magic	1.17	0.79
stars	1.17	0.97
prince	1.17	0.77
rekt	1.18	2.06
honey	1.18	1.08
brave	1.18	1.54
yea	1.18	2.33
r/shitpost	1.18	1.84
colbert	1.18	0.91
baby	1.18	1.61
rough	1.18	2.18
clock	1.18	1.04
production	1.18	1.03
marine	1.18	0.65
buddy	1.19	1.95
ii	1.19	0.75
man	1.19	2.15
memories	1.19	0.98
official	1.19	1.51
creative	1.19	1.16
languages	1.19	1.96
crew	1.19	0.99
escalated	1.19	1.60
yep	1.20	2.15
pets	1.20	1.68
stage	1.20	0.85
nailed	1.20	2.12
breed	1.20	1.65
structure	1.20	2.10
artists	1.20	0.79
uhh	1.20	2.02
suggestion	1.21	1.11
btw	1.21	2.08
marketing	1.21	0.85
fantasy	1.21	1.04
summer	1.21	1.22
checks	1.21	1.27
battle	1.22	1.04
acceptable	1.22	2.90
sides	1.22	1.67
network	1.22	1.10
literal	1.23	2.03
adding	1.23	1.74
translation	1.23	1.94
speech	1.23	2.22
books	1.24	0.96
dressed	1.24	1.12
luke	1.24	0.87
ooh	1.24	1.81
painting	1.24	0.74
pleasant	1.24	2.16
mountains	1.24	0.74
solo	1.24	0.92
spoken	1.24	2.05
adopted	1.25	1.75
needed	1.25	1.18
meaning	1.25	2.39
letter	1.25	1.46
sigh	1.25	1.88
until	1.25	1.16
born	1.26	0.81
warm	1.26	2.67
boo	1.27	1.54
produced	1.27	1.02
apologize	1.27	2.34
impression	1.27	1.08
fry	1.28	0.98
shift	1.28	0.96
3rd	1.28	1.82
fourth	1.28	1.66
f	1.28	1.26
credit	1.28	0.96
c'mon	1.28	1.75
ed	1.29	0.88
art	1.29	0.78
fairy	1.29	0.74
christ	1.29	1.07
greek	1.29	1.48
hes	1.30	1.80
bros	1.30	1.00
magical	1.30	0.81
dogs	1.30	1.65
language	1.30	2.17
praise	1.30	0.93
origin	1.30	1.88
classy	1.30	1.41
batman	1.30	0.83
breaking	1.30	1.28
comedian	1.30	1.14
o.o	1.30	2.07
slang	1.30	2.50
book	1.31	0.92
training	1.31	0.97
edition	1.31	0.88
fyi	1.31	1.23
adorable	1.31	2.41
x	1.32	1.41
pm	1.32	1.50
theater	1.32	1.14
spirit	1.32	1.00
xd	1.33	2.10
week	1.33	1.19
obligatory	1.33	1.14
spaces	1.33	1.50
ads	1.34	1.21
card	1.34	0.97
finished	1.34	1.64
forgot	1.34	1.78
bro	1.34	2.23
meow	1.35	1.63
lady	1.35	0.83
cancelled	1.36	1.61
unique	1.36	1.64
sent	1.36	0.80
kitten	1.36	1.71
c	1.36	1.46
appeared	1.36	0.99
guide	1.36	0.73
welcome	1.37	1.53
latin	1.37	2.20
80s	1.37	0.99
2010	1.37	0.80
beauty	1.37	0.95
release	1.37	0.80
ate	1.37	2.23
username	1.38	2.00
v	1.38	1.27
command	1.38	1.06
omg	1.38	2.13
y	1.39	1.32
costumes	1.39	0.85
english	1.39	2.29
cash	1.39	0.96
sam	1.40	0.90
costume	1.40	1.00
5th	1.40	1.55
puppy	1.40	1.71
dinner	1.41	1.07
worries	1.41	2.05
soooo	1.41	2.09
2008	1.41	0.89
used	1.41	2.85
stranger	1.42	1.19
2012	1.42	0.87
b	1.42	1.42
lego	1.42	0.86
king	1.43	0.82
buzz	1.43	1.04
at	1.43	1.21
played	1.43	1.02
amp	1.43	1.49
sometime	1.43	1.00
received	1.43	0.78
early	1.44	0.87
lmao	1.44	2.06
woah	1.44	1.83
host	1.44	0.90
coincidence	1.45	2.27
princess	1.45	0.77
6th	1.45	1.48
sketch	1.45	1.34
bride	1.45	0.95
pokemon	1.45	1.05
caps	1.45	2.19
such	1.45	1.65
god	1.46	1.31
whoa	1.46	1.84
stands	1.46	1.52
acting	1.46	1.85
indeed	1.46	1.65
bond	1.47	0.91
trailer	1.47	1.10
waking	1.47	1.28
commercials	1.47	1.45
talented	1.47	0.93
2011	1.47	0.89
wars	1.47	1.22
woke	1.48	1.28
closest	1.48	2.60
wins	1.48	1.12
today	1.48	1.30
wake	1.49	1.29
skip	1.49	1.20
added	1.49	1.99
footage	1.50	0.94
t	1.50	1.51
jon	1.50	0.91
p	1.50	1.53
happier	1.50	2.51
guest	1.50	0.77
deadpool	1.50	0.97
usage	1.50	3.23
h	1.50	1.56
win	1.50	1.11
using	1.51	2.88
wolf	1.51	1.13
return	1.51	0.94
lord	1.52	1.13
use	1.52	2.95
letters	1.52	2.14
accepted	1.52	2.66
typed	1.52	2.07
guests	1.52	0.65
mario	1.53	0.95
sooo	1.53	2.01
potter	1.53	0.91
n	1.53	1.49
w	1.53	1.49
r	1.53	1.48
oh	1.53	2.16
hobbit	1.53	1.21
z	1.54	1.56
e	1.54	1.56
fucking	1.54	2.38
recommend	1.54	1.47
l	1.54	1.57
deserves	1.54	1.00
channel	1.54	1.50
comics	1.54	1.05
j	1.54	1.59
g	1.55	1.59
congrats	1.55	1.01
voice	1.55	1.03
cat	1.55	1.95
hah	1.55	2.02
badass	1.55	2.31
joker	1.56	0.86
preferred	1.56	2.68
1st	1.56	1.49
fifth	1.56	1.46
gag	1.56	1.40
heh	1.56	1.99
aw	1.56	1.60
till	1.57	1.27
originally	1.57	0.86
late	1.57	0.97
bruce	1.58	0.84
morning	1.58	1.32
fiction	1.58	1.11
mistakes	1.58	3.23
days	1.58	1.04
parties	1.58	1.40
stephen	1.58	0.90
k	1.58	1.59
o	1.58	1.59
exchange	1.59	1.08
comic	1.59	1.07
gentleman	1.59	1.01
television	1.59	1.46
glorious	1.59	0.77
honor	1.60	0.76
sincerely	1.60	1.37
period	1.60	1.37
jimmy	1.60	0.94
mix	1.60	1.94
dr	1.60	0.89
jay	1.60	0.95
2013	1.60	0.93
roles	1.60	1.20
solid	1.60	1.71
bravo	1.61	1.38
star	1.61	1.40
earned	1.61	1.01
referencing	1.61	1.17
marvel	1.61	1.08
development	1.61	1.21
cruise	1.62	0.93
midnight	1.62	1.33
louis	1.62	1.06
lt	1.62	1.25
ninja	1.63	1.08
big	1.63	2.12
missed	1.63	1.68
hehe	1.63	2.02
auto	1.63	2.08
whoosh	1.64	1.62
cheers	1.64	1.47
jeez	1.64	2.10
comedy	1.64	1.06
4th	1.64	1.55
indicate	1.65	2.90
night	1.65	1.37
proper	1.65	3.12
sentences	1.66	3.18
hahahaha	1.66	1.95
showed	1.66	1.89
cats	1.66	1.94
bless	1.66	1.24
typing	1.66	2.41
90s	1.66	0.98
dates	1.66	1.05
sunny	1.66	0.90
yay	1.67	1.39
punctuation	1.67	3.23
tv	1.67	1.51
calm	1.67	1.54
morgan	1.67	0.86
bunny	1.68	1.15
inspired	1.68	1.05
phrase	1.68	2.87
robin	1.68	0.95
dang	1.69	1.67
party	1.69	1.45
dog	1.69	1.92
marks	1.69	2.26
ah	1.69	1.66
favorite	1.69	2.18
error	1.69	3.15
nights	1.70	1.34
tonight	1.70	1.02
documentary	1.70	1.42
hero	1.70	0.95
correctly	1.70	3.01
names	1.70	1.80
martin	1.71	0.88
filming	1.71	1.29
hulu	1.71	1.57
studio	1.72	1.14
errors	1.72	3.22
date	1.72	1.07
aww	1.72	1.65
chuck	1.72	0.95
plot	1.72	1.56
pronounce	1.72	2.03
toy	1.72	1.88
legit	1.73	2.55
grammar	1.73	3.31
animation	1.73	1.11
spoilers	1.73	1.13
george	1.73	0.92
spelling	1.73	3.31
nevermind	1.73	1.73
comnts	1.74	1.78
dictionary	1.74	2.99
plays	1.75	1.07
winning	1.75	1.09
writer	1.75	0.84
word	1.75	3.12
truly	1.75	1.60
gold	1.76	0.83
clarification	1.76	2.08
congratulations	1.76	1.00
ha	1.76	1.96
pronounced	1.77	2.02
spoiler	1.78	0.96
cute	1.79	2.03
shows	1.79	1.55
words	1.80	3.13
ron	1.80	1.07
kitty	1.80	1.85
talent	1.81	1.66
dvd	1.81	1.40
sir	1.81	1.40
won	1.81	1.06
films	1.81	1.40
favourite	1.81	2.02
ol	1.81	1.25
spell	1.82	2.37
yeah	1.82	2.69
main	1.82	1.58
movies	1.83	1.45
trek	1.83	1.56
scenes	1.83	1.42
gosh	1.84	1.84
edited	1.84	2.44
misspelled	1.84	2.94
hollywood	1.84	1.29
fixed	1.84	2.89
tomorrow	1.84	1.48
parody	1.85	1.38
action	1.85	1.29
rob	1.85	0.99
comma	1.86	2.97
kidding	1.86	2.61
mistake	1.86	2.98
ps	1.87	1.49
neutral	1.87	2.31
dude	1.87	2.57
script	1.88	1.07
clip	1.88	1.41
references	1.88	1.29
golden	1.88	0.97
deserved	1.88	1.05
april	1.89	1.23
afternoon	1.90	1.45
cartoon	1.90	1.36
helpful	1.90	2.09
netflix	1.90	1.65
jackson	1.91	0.88
ahh	1.91	1.41
thanks	1.91	1.89
thank	1.91	1.62
peter	1.91	0.91
anime	1.91	1.58
characters	1.92	1.22
lol	1.92	2.35
animated	1.92	1.30
2014	1.92	1.27
childhood	1.92	1.68
correction	1.93	3.04
apologies	1.93	2.34
comfortable	1.94	2.48
tony	1.94	0.85
beginning	1.94	1.01
cartoons	1.94	1.30
ahhh	1.94	1.47
hug	1.96	1.75
park	1.96	1.29
disney	1.96	1.18
carl	1.97	1.04
march	1.97	1.16
damn	1.97	2.47
gorgeous	1.97	0.96
jr	1.98	0.87
paul	1.98	0.86
michael	1.98	0.92
hello	1.98	1.17
spelled	1.98	2.31
quote	1.98	1.18
hi	1.98	1.20
adam	1.99	0.91
richard	1.99	0.94
detective	1.99	1.34
james	1.99	0.90
season	2.00	1.66
dan	2.00	0.96
oops	2.00	1.93
thats	2.00	2.49
rip	2.01	1.03
sentence	2.01	2.84
seinfeld	2.01	1.49
watched	2.02	1.93
show	2.02	1.56
tuesday	2.03	1.63
typo	2.03	2.91
spring	2.03	1.02
epic	2.03	2.11
vacation	2.03	1.67
corrected	2.03	2.88
forgive	2.04	2.26
sunday	2.04	1.63
saturday	2.04	1.65
monday	2.04	1.65
thrones	2.04	1.48
johnson	2.04	0.88
williams	2.05	1.06
john	2.05	0.93
friday	2.05	1.65
dammit	2.05	1.22
tim	2.05	0.79
writers	2.06	0.89
patrick	2.06	0.78
chris	2.06	1.02
damnit	2.06	1.27
seasons	2.06	1.68
nick	2.06	1.00
evening	2.07	1.61
david	2.07	0.94
flowers	2.08	1.14
dear	2.08	0.98
edit	2.08	2.78
robert	2.08	0.88
reminded	2.08	1.55
rick	2.08	1.21
filmed	2.09	1.34
mr	2.09	1.04
tradition	2.09	1.68
brian	2.10	1.01
aired	2.10	1.51
scott	2.10	0.95
jones	2.10	0.93
confident	2.11	2.01
ray	2.11	0.93
spongebob	2.11	1.56
haha	2.11	2.33
ending	2.11	1.60
smith	2.11	0.92
ben	2.12	1.01
aka	2.12	1.01
jack	2.13	0.82
occasion	2.13	1.73
ryan	2.14	0.93
don	2.14	0.84
billy	2.14	1.01
lee	2.14	0.88
hilarious	2.14	1.79
tom	2.15	0.95
mark	2.15	1.57
winner	2.16	1.94
brought	2.16	1.96
favorites	2.17	1.69
simpsons	2.17	1.55
hahaha	2.18	2.26
archer	2.18	1.55
johnny	2.18	0.90
cards	2.18	1.48
andy	2.18	1.12
movie	2.19	1.63
priceless	2.19	2.15
named	2.19	0.96
mike	2.20	0.98
holy	2.20	2.21
watching	2.20	1.89
wow	2.20	2.31
july	2.21	1.37
dave	2.21	1.04
frank	2.21	1.00
props	2.22	1.30
episodes	2.22	1.94
homer	2.23	1.27
jim	2.23	1.07
series	2.24	1.89
joe	2.24	1.02
kevin	2.24	1.01
legend	2.24	0.99
smooth	2.24	2.07
polite	2.24	1.97
steve	2.25	1.02
bob	2.25	1.09
leo	2.25	1.07
charlie	2.27	0.93
weekend	2.27	1.87
neat	2.28	1.92
jerry	2.28	1.10
matt	2.29	0.88
reference	2.30	1.58
watch	2.31	1.84
episode	2.32	1.83
wedding	2.32	1.84
quotes	2.35	0.99
director	2.37	1.57
compliment	2.39	1.75
film	2.39	1.54
futurama	2.42	1.77
theme	2.42	1.70
reminds	2.43	1.48
gary	2.44	0.81
cast	2.44	1.54
actors	2.44	1.47
adventure	2.44	1.69
name	2.45	1.10
presents	2.46	2.58
award	2.47	1.69
character	2.48	1.52
halloween	2.49	1.98
oscar	2.52	1.39
freaking	2.53	1.59
role	2.54	1.47
actor	2.55	1.44
parks	2.59	1.68
scene	2.62	1.55
cake	2.63	1.93
performance	2.64	1.45
day	2.65	2.44
sweet	2.65	1.26
ted	2.65	1.66
present	2.66	2.02
celebrate	2.67	2.47
santa	2.68	2.17
thanksgiving	2.74	2.49
holidays	2.75	2.51
holiday	2.75	2.48
christmas	2.75	2.47
birthday	2.76	2.29
miss	2.76	1.34
friendly	2.76	1.37
gifts	2.78	2.31
wonderful	2.78	0.87
classic	2.85	1.17
gift	2.86	1.99
brilliant	2.91	1.22
wishes	2.91	1.74
beautiful	3.01	0.88
genius	3.01	1.29
special	3.18	1.15
loving	3.26	0.76
lovely	3.47	0.79
