painful	-6.22	2.65
resistant	-6.12	3.42
deadly	-6.06	3.21
disgusting	-6.03	2.74
mental	-6.01	3.37
kills	-6.00	3.25
suffer	-5.97	3.30
practices	-5.62	3.52
primarily	-5.46	3.36
viewed	-5.40	2.86
board	-5.24	3.72
teeth	-5.24	3.67
fell	-5.18	3.88
shitty	-5.15	3.14
bear	-5.14	3.33
marx	-5.08	3.77
disasters	-5.01	3.65
disaster	-4.96	3.66
annoying	-4.88	2.52
worthless	-4.85	3.12
turned	-4.79	3.76
leaves	-4.71	3.18
believed	-4.70	3.60
focusing	-4.59	3.24
worse	-4.58	3.09
case	-4.55	3.50
horribly	-4.44	3.15
crappy	-4.41	3.36
intentionally	-4.40	2.98
ignore	-4.28	3.53
bad	-4.23	3.12
pain	-4.23	3.08
absolute	-4.21	3.17
obama	-4.18	3.80
supports	-4.06	3.83
evil	-4.04	2.76
assholes	-4.00	3.17
racist	-3.98	3.13
builds	-3.95	3.97
scenarios	-3.93	3.65
nightmare	-3.86	2.96
scenario	-3.82	3.58
hypothetical	-3.73	3.42
bs	-3.72	2.80
scare	-3.64	3.12
illness	-3.63	2.03
shame	-3.61	3.28
depression	-3.53	1.89
unfortunately	-3.45	3.80
fear	-3.40	3.31
boring	-3.40	2.76
dangerous	-3.39	3.16
besides	-3.36	3.38
bloody	-3.35	3.21
realise	-3.28	3.79
tastes	-3.28	3.83
diseases	-3.26	1.74
blame	-3.26	3.57
loud	-3.20	2.42
hurt	-3.18	3.04
biased	-3.18	3.72
fault	-3.16	4.40
virus	-3.15	2.25
mess	-3.14	3.14
ultimate	-3.11	3.41
ugly	-3.08	3.27
disappointed	-3.07	3.68
plain	-3.05	3.13
vs	-3.05	4.10
surprised	-3.05	3.64
treat	-3.02	2.04
scared	-3.02	3.47
treating	-3.00	2.07
believes	-2.97	3.65
advocating	-2.96	4.72
corrupt	-2.95	2.10
severe	-2.95	2.00
symptoms	-2.95	1.85
cure	-2.94	1.80
unfair	-2.93	4.07
justified	-2.93	3.84
confused	-2.91	4.07
desperate	-2.90	3.30
viruses	-2.88	2.12
assure	-2.86	3.74
disease	-2.86	1.81
proposing	-2.81	4.83
pessimistic	-2.79	3.51
causes	-2.79	2.01
false	-2.78	4.28
useless	-2.77	3.08
arguing	-2.76	4.77
suffering	-2.76	1.92
psychological	-2.75	1.97
impossible	-2.75	4.39
worried	-2.69	3.97
chemicals	-2.68	1.96
afraid	-2.67	3.48
unless	-2.65	5.29
immune	-2.65	2.09
saying	-2.64	5.36
complain	-2.63	3.26
suggesting	-2.62	5.29
condition	-2.59	1.83
true	-2.57	4.69
wasteful	-2.56	2.35
point	-2.56	5.26
aware	-2.55	4.45
tells	-2.55	3.62
mistaken	-2.55	4.60
familiar	-2.54	3.32
again	-2.54	5.33
assuming	-2.53	5.11
talking	-2.52	4.85
bacteria	-2.52	2.06
probable	-2.51	3.96
fundamentally	-2.51	4.72
misleading	-2.49	4.30
gt	-2.49	5.27
immoral	-2.48	2.05
death	-2.48	1.65
accident	-2.48	2.10
wants	-2.48	3.85
inherently	-2.44	2.40
event	-2.43	2.44
sure	-2.39	5.16
insane	-2.38	3.30
catastrophic	-2.38	2.28
damaging	-2.34	2.08
kill	-2.31	1.97
diabetes	-2.28	1.83
treated	-2.25	1.62
selfish	-2.24	2.15
frankly	-2.23	3.45
obviously	-2.21	5.02
clearly	-2.20	4.95
injury	-2.19	1.85
thinking	-2.18	4.60
starvation	-2.15	1.73
screwed	-2.14	3.65
killed	-2.13	2.04
complaining	-2.10	3.01
pissed	-2.07	3.99
unnecessary	-2.07	2.33
bullshit	-2.05	3.07
agi	-2.05	2.15
right	-2.04	4.76
cancer	-2.03	1.65
situation	-2.01	2.68
meat	-2.00	2.05
surprise	-2.00	3.26
stress	-2.00	1.78
stupid	-1.98	3.23
agreed	-1.97	3.27
hunger	-1.95	1.65
climate	-1.95	1.94
propaganda	-1.94	1.88
modified	-1.92	1.86
sometimes	-1.91	3.53
emotional	-1.91	1.66
angry	-1.91	3.55
miss	-1.91	4.87
obsolete	-1.88	2.24
alot	-1.87	3.85
pesticides	-1.86	1.75
dying	-1.86	1.84
liability	-1.84	2.11
causing	-1.83	1.78
mentality	-1.82	1.92
cured	-1.82	1.71
wing	-1.81	1.90
confusing	-1.81	4.50
cause	-1.80	1.83
hungry	-1.80	2.31
starve	-1.79	1.75
inefficient	-1.78	2.24
claiming	-1.77	3.16
transition	-1.77	1.78
genetically	-1.76	1.81
proud	-1.75	3.18
absurd	-1.75	2.31
ignorance	-1.74	1.90
situations	-1.74	2.02
unsustainable	-1.74	2.02
affect	-1.74	2.12
resistance	-1.74	1.84
lies	-1.74	2.33
circumstances	-1.73	2.26
fake	-1.73	1.95
uncomfortable	-1.73	3.20
upset	-1.72	3.42
collapse	-1.72	1.78
flawed	-1.72	4.79
impractical	-1.71	2.39
filled	-1.71	1.82
destructive	-1.70	1.93
lying	-1.69	2.30
close	-1.68	3.24
incorrect	-1.66	4.69
imagining	-1.66	3.04
crisis	-1.66	1.83
harmful	-1.65	2.07
communism	-1.65	1.73
seeing	-1.64	3.45
pointless	-1.64	2.33
cry	-1.63	3.45
gmos	-1.63	1.66
engineered	-1.62	1.87
idiotic	-1.62	2.17
shut	-1.60	1.49
luddite	-1.60	1.80
communist	-1.60	1.59
nowadays	-1.59	2.02
uneducated	-1.59	2.01
soviet	-1.59	1.66
leading	-1.58	1.81
ruling	-1.58	1.64
realizing	-1.58	2.80
hurts	-1.58	2.65
ignored	-1.58	2.34
entitled	-1.57	1.83
underlying	-1.57	1.94
fragile	-1.56	2.17
bureaucracy	-1.56	1.84
starving	-1.56	1.96
hearing	-1.55	1.59
intense	-1.55	1.86
meaningless	-1.53	2.29
convinced	-1.53	3.51
socialist	-1.52	1.59
whereas	-1.52	1.84
irrelevant	-1.52	2.59
unlikely	-1.51	2.21
capitalism	-1.50	1.71
rid	-1.50	1.90
means	-1.49	3.93
extinction	-1.49	1.82
dumb	-1.49	3.29
nonsense	-1.48	2.03
capitalist	-1.48	1.63
burden	-1.48	1.65
outdated	-1.48	2.29
behaviour	-1.47	1.83
going	-1.47	4.15
treatment	-1.47	1.65
global	-1.47	1.75
doing	-1.46	4.07
modify	-1.46	1.84
leads	-1.46	1.80
events	-1.46	2.09
greed	-1.46	1.72
gut	-1.46	1.67
replaces	-1.45	1.86
partly	-1.45	1.96
telling	-1.45	2.66
toxic	-1.44	1.71
guessing	-1.43	4.13
2008	-1.43	1.62
gradual	-1.43	1.79
necessarily	-1.43	3.82
unreasonable	-1.43	2.07
destruction	-1.42	1.66
advocate	-1.42	3.32
curing	-1.42	1.71
starting	-1.41	3.84
crop	-1.41	1.63
deaths	-1.41	1.68
either	-1.40	4.21
violence	-1.40	1.61
socialism	-1.40	1.82
possibility	-1.40	2.58
sudden	-1.40	1.98
redundant	-1.39	2.17
responsibility	-1.39	1.96
exchange	-1.38	1.88
believing	-1.38	2.15
end	-1.38	3.48
liked	-1.38	2.98
occurring	-1.38	1.84
agriculture	-1.37	1.72
crash	-1.37	2.28
truth	-1.35	2.15
involves	-1.35	2.23
caused	-1.35	1.96
logistics	-1.35	1.66
acknowledge	-1.34	2.52
die	-1.34	2.04
clear	-1.34	4.01
bone	-1.34	1.75
harm	-1.34	1.74
policies	-1.34	1.72
leaf	-1.33	1.97
explosion	-1.32	2.15
patient	-1.32	1.62
inevitable	-1.32	2.20
looking	-1.32	3.52
naive	-1.32	2.37
greedy	-1.32	2.28
irrational	-1.31	2.01
fall	-1.31	1.94
where	-1.31	3.73
ecological	-1.31	1.78
turning	-1.31	2.04
libertarian	-1.31	1.79
feels	-1.30	3.32
capitalists	-1.30	1.65
affects	-1.30	1.66
ended	-1.30	2.04
incapable	-1.30	2.39
missing	-1.30	4.58
complete	-1.30	1.57
masses	-1.29	1.80
muscle	-1.29	1.71
mean	-1.28	4.13
bias	-1.28	2.12
assume	-1.28	4.06
inaccurate	-1.28	2.63
union	-1.28	1.64
re	-1.28	4.03
believe	-1.28	4.15
solely	-1.27	1.83
certainty	-1.27	2.27
bmw	-1.27	1.93
recognize	-1.27	2.69
legally	-1.27	2.13
management	-1.26	1.78
poor	-1.26	1.64
because	-1.26	4.09
menial	-1.26	2.01
losing	-1.26	2.32
mindset	-1.26	1.93
amazed	-1.26	3.10
asshole	-1.25	2.27
suicide	-1.25	1.67
fact	-1.25	4.00
spread	-1.25	1.82
heart	-1.25	1.63
closer	-1.25	2.57
eventual	-1.25	1.72
falls	-1.24	1.76
disagree	-1.24	4.96
considered	-1.24	2.17
fail	-1.23	3.01
foolish	-1.23	2.35
administration	-1.23	1.56
implying	-1.23	3.57
ignores	-1.23	2.47
feeling	-1.22	3.51
skeptical	-1.22	2.75
avoid	-1.22	1.80
cynical	-1.22	2.38
now	-1.22	4.08
mainly	-1.22	2.15
same	-1.22	4.00
happens	-1.21	3.31
recover	-1.21	1.91
when	-1.21	3.91
lucky	-1.20	3.20
deliberately	-1.20	2.59
turn	-1.20	2.51
weapons	-1.20	1.72
know	-1.20	4.04
place	-1.20	3.97
implant	-1.20	1.80
pretend	-1.20	3.10
ignoring	-1.20	2.90
congress	-1.20	1.65
pretending	-1.19	3.09
ignorant	-1.19	2.37
smart	-1.19	2.29
privilege	-1.19	1.82
accidents	-1.19	2.08
misunderstanding	-1.19	4.68
repeat	-1.18	2.11
physical	-1.18	1.84
hype	-1.18	2.00
elected	-1.18	1.53
reputation	-1.17	2.04
argued	-1.17	2.21
buys	-1.17	2.03
excited	-1.17	3.34
associated	-1.17	1.85
simply	-1.16	3.98
then	-1.16	3.96
poverty	-1.16	1.69
stating	-1.16	3.65
surgery	-1.16	1.74
dismiss	-1.15	2.99
once	-1.15	3.72
experiencing	-1.15	2.08
exist	-1.14	3.88
affected	-1.14	1.82
conservative	-1.14	1.94
ridiculous	-1.14	3.06
reason	-1.14	3.42
turns	-1.14	1.91
opposite	-1.13	3.22
skin	-1.13	1.84
practice	-1.13	2.00
falling	-1.13	1.71
opposition	-1.13	1.79
say	-1.13	4.03
muscles	-1.12	1.79
acting	-1.12	1.89
course	-1.12	4.02
blind	-1.12	1.89
costly	-1.12	2.03
shock	-1.11	1.67
clue	-1.11	3.63
cognitive	-1.11	1.86
prone	-1.11	2.08
dies	-1.11	2.03
guarantee	-1.11	2.58
poorer	-1.11	1.61
damage	-1.11	1.81
dislike	-1.11	3.26
why	-1.10	3.96
inevitably	-1.10	2.16
monopolies	-1.10	2.08
skynet	-1.10	1.89
extensive	-1.09	1.69
democratic	-1.09	1.52
happening	-1.09	3.82
only	-1.09	3.97
getting	-1.09	3.01
ideal	-1.09	1.60
health	-1.09	1.80
bitch	-1.09	3.24
deny	-1.08	2.21
actually	-1.08	3.97
court	-1.08	1.79
lead	-1.08	1.98
probably	-1.08	3.81
failure	-1.08	2.11
still	-1.08	3.94
americans	-1.08	1.73
occurs	-1.07	1.88
dangers	-1.07	1.90
abuse	-1.07	1.72
creates	-1.07	1.76
circuit	-1.06	1.79
else	-1.06	3.11
pushed	-1.06	1.97
party	-1.06	1.50
tired	-1.06	2.67
doubt	-1.06	3.88
stopping	-1.06	2.30
converted	-1.06	1.64
utopia	-1.05	1.41
protected	-1.05	1.76
suspect	-1.05	3.14
utterly	-1.05	2.36
broke	-1.05	1.83
across	-1.05	1.89
argue	-1.05	3.98
eyes	-1.05	1.88
located	-1.05	2.05
bothered	-1.04	3.07
violent	-1.04	1.73
white	-1.04	1.73
go	-1.04	3.72
collision	-1.04	1.80
lazy	-1.04	2.35
outcomes	-1.04	2.11
avoiding	-1.03	1.78
cases	-1.03	2.50
maybe	-1.03	3.90
manufacturer	-1.03	2.16
treatments	-1.03	1.64
dark	-1.03	1.77
far	-1.03	2.89
wondering	-1.03	2.94
attitude	-1.03	2.20
politicians	-1.03	1.69
supporting	-1.02	2.33
corporation	-1.02	1.69
rocks	-1.02	1.97
need	-1.02	3.84
crashes	-1.02	2.22
potentially	-1.02	2.16
damaged	-1.02	1.70
wars	-1.02	1.73
even	-1.02	3.89
proteins	-1.01	1.59
richest	-1.01	1.84
also	-1.01	3.93
ran	-1.01	1.38
fails	-1.01	2.43
pair	-1.00	1.73
battle	-1.00	1.76
ruin	-1.00	1.63
unemployed	-1.00	1.69
envision	-1.00	1.94
near	-1.00	2.77
acid	-1.00	2.11
convincing	-1.00	1.82
favor	-0.99	2.41
reject	-0.99	2.80
wins	-0.99	1.96
wet	-0.99	1.85
corruption	-0.99	1.70
however	-0.98	3.97
goes	-0.98	2.57
bird	-0.98	1.63
eventually	-0.98	3.36
likely	-0.98	3.46
aging	-0.98	1.62
much	-0.98	2.81
agents	-0.97	1.78
dropped	-0.97	1.85
anywhere	-0.97	3.46
way	-0.97	3.81
see	-0.97	3.87
knows	-0.97	2.58
usually	-0.96	2.52
enter	-0.96	2.49
understand	-0.96	3.92
might	-0.96	3.84
today	-0.96	3.69
fold	-0.96	1.84
religions	-0.96	1.90
related	-0.95	1.89
combat	-0.95	1.62
pulled	-0.95	2.03
tendency	-0.95	1.67
pr	-0.95	1.75
protein	-0.95	1.83
responsible	-0.95	1.90
maximum	-0.95	1.87
minded	-0.95	2.07
exactly	-0.95	3.95
soon	-0.95	3.65
wo	-0.94	3.76
roughly	-0.94	2.94
substitute	-0.93	1.69
work	-0.93	3.61
support	-0.93	2.02
taste	-0.93	1.96
sight	-0.93	1.76
accepting	-0.93	2.36
vote	-0.93	1.64
impacts	-0.93	1.80
hope	-0.92	3.89
eliminated	-0.92	2.05
happen	-0.92	3.67
weak	-0.92	2.07
unrealistic	-0.92	2.06
reach	-0.92	2.85
skip	-0.92	2.52
loses	-0.92	1.94
attacking	-0.92	2.07
involve	-0.92	2.06
patients	-0.92	1.66
ugh	-0.91	3.38
cheese	-0.91	1.98
constitution	-0.91	1.64
everything	-0.91	3.64
stealing	-0.91	2.20
voters	-0.90	1.55
drugs	-0.90	1.75
fixing	-0.90	2.12
double	-0.90	2.03
neutrality	-0.90	1.59
any	-0.90	3.63
tasks	-0.89	1.89
jet	-0.89	1.45
opens	-0.89	1.88
tape	-0.89	1.68
always	-0.89	3.78
processed	-0.88	1.87
nuclear	-0.88	1.52
stuck	-0.88	1.80
tell	-0.88	3.55
crime	-0.88	1.64
decent	-0.88	3.10
anymore	-0.88	3.75
attempted	-0.88	2.19
destroyed	-0.88	1.87
future	-0.88	1.96
worry	-0.88	3.42
want	-0.88	3.73
never	-0.88	3.63
anything	-0.88	3.71
headed	-0.87	2.24
somewhere	-0.87	3.25
may	-0.87	3.73
already	-0.87	3.64
something	-0.87	3.76
harder	-0.87	2.42
regard	-0.87	1.79
wisdom	-0.87	1.72
suddenly	-0.86	3.05
99	-0.86	1.97
president	-0.86	1.48
ideals	-0.86	1.52
wipe	-0.86	1.70
until	-0.86	3.57
skepticism	-0.85	2.06
depressing	-0.85	3.09
taking	-0.85	2.99
cells	-0.85	1.60
often	-0.85	2.84
wiped	-0.85	1.72
certainly	-0.85	3.72
organisms	-0.85	1.60
e.g	-0.85	1.76
taken	-0.85	2.65
against	-0.84	2.51
yet	-0.84	3.67
wasted	-0.84	2.07
effects	-0.84	1.80
typically	-0.84	1.94
overpopulation	-0.84	1.92
office	-0.84	1.67
discount	-0.84	2.91
combination	-0.83	1.83
perceive	-0.83	2.44
chance	-0.83	2.26
host	-0.83	1.97
hurdles	-0.83	2.00
careful	-0.83	2.29
altered	-0.83	1.89
should	-0.83	3.73
left	-0.83	2.97
burger	-0.83	1.80
virtually	-0.83	2.42
which	-0.83	3.69
outright	-0.83	1.87
liberal	-0.83	1.62
drove	-0.83	1.85
said	-0.83	3.43
moment	-0.82	3.28
mundane	-0.82	1.91
ones	-0.82	2.47
awareness	-0.82	2.23
begins	-0.82	2.00
bones	-0.82	1.59
except	-0.82	3.07
result	-0.81	1.87
assumption	-0.81	3.45
exclusively	-0.81	1.97
eliminate	-0.81	1.91
arbitrary	-0.80	2.10
homeless	-0.80	1.74
whenever	-0.80	2.23
somehow	-0.80	3.33
previously	-0.80	2.28
assumes	-0.80	2.71
least	-0.80	3.50
sentient	-0.80	2.20
strike	-0.80	1.57
does	-0.80	3.64
agree	-0.80	4.66
admittedly	-0.80	2.47
burgers	-0.79	1.82
personality	-0.79	1.58
badly	-0.79	2.23
emotions	-0.79	1.84
compare	-0.79	2.52
due	-0.79	1.78
perfect	-0.79	3.10
culture	-0.79	1.73
transparent	-0.79	1.76
optimistic	-0.79	2.26
accept	-0.79	2.57
hospital	-0.79	1.58
disappear	-0.79	2.55
accomplished	-0.78	2.08
democracy	-0.78	1.57
entity	-0.78	2.25
persons	-0.78	1.70
task	-0.78	1.83
sees	-0.78	2.90
everyone	-0.78	2.59
agreement	-0.78	2.43
murder	-0.78	1.62
failing	-0.78	2.34
trying	-0.77	3.09
occur	-0.77	2.17
before	-0.77	3.49
eliminating	-0.77	1.87
abilities	-0.77	1.81
prevent	-0.77	1.88
illegal	-0.77	1.68
extreme	-0.77	1.71
fully	-0.77	2.70
loss	-0.77	1.71
operating	-0.77	1.61
loose	-0.77	1.77
algae	-0.76	1.51
horizon	-0.76	2.08
build	-0.76	1.58
ll	-0.76	3.68
decides	-0.76	2.37
basically	-0.76	3.23
sick	-0.76	2.28
threshold	-0.76	2.73
faith	-0.76	2.09
self	-0.75	2.44
pays	-0.75	1.84
construct	-0.75	1.64
chicken	-0.75	1.91
get	-0.75	3.54
environmentally	-0.74	1.81
conscious	-0.74	2.22
timeline	-0.74	2.13
gm	-0.74	1.50
anyway	-0.74	3.82
matter	-0.74	3.57
steal	-0.74	2.09
reached	-0.73	2.61
heading	-0.73	2.15
moot	-0.73	2.64
inferior	-0.73	1.83
therefore	-0.73	2.62
racism	-0.73	1.85
working	-0.73	2.88
poorest	-0.73	1.79
did	-0.72	3.58
justify	-0.72	2.30
nature	-0.72	2.36
both	-0.72	2.79
enforced	-0.72	1.90
convince	-0.72	2.81
propose	-0.72	2.53
absence	-0.72	1.90
win	-0.71	2.07
effect	-0.71	2.08
destroying	-0.71	1.68
chaos	-0.71	1.64
experience	-0.70	2.00
gotten	-0.70	2.53
minimize	-0.70	1.72
expectation	-0.70	1.67
replacing	-0.70	1.83
cheaper	-0.70	2.11
ever	-0.70	3.49
combine	-0.70	1.79
claimed	-0.70	2.44
expect	-0.69	3.56
imagine	-0.69	3.63
embrace	-0.69	1.89
render	-0.69	1.99
magnitude	-0.69	2.16
supposed	-0.69	3.51
campaign	-0.69	1.55
them	-0.69	3.47
replace	-0.69	1.94
morally	-0.69	2.08
post-scarcity	-0.69	1.75
figure	-0.69	3.38
risks	-0.69	1.82
leaving	-0.69	1.92
come	-0.69	3.49
threat	-0.69	1.85
tissue	-0.69	1.59
reaches	-0.69	2.66
anyone	-0.69	3.33
headline	-0.69	2.51
replaced	-0.69	1.89
backwards	-0.68	2.36
theft	-0.68	1.72
estimate	-0.68	2.18
priorities	-0.68	1.62
exception	-0.68	1.98
societies	-0.68	1.66
problematic	-0.68	2.09
being	-0.68	3.09
voted	-0.68	1.67
owns	-0.68	1.83
reaching	-0.68	2.36
comprehend	-0.68	3.13
peaceful	-0.67	1.43
aggressive	-0.67	1.93
easier	-0.67	2.30
meal	-0.67	1.75
d	-0.67	3.67
broken	-0.67	2.25
partially	-0.67	2.57
bother	-0.67	3.37
recession	-0.66	1.75
built	-0.66	1.62
organic	-0.66	1.46
use	-0.66	3.04
vague	-0.66	2.67
entirely	-0.66	3.11
done	-0.66	3.44
comparable	-0.66	1.88
unstable	-0.66	1.73
premise	-0.66	3.27
survived	-0.66	1.53
bright	-0.66	1.79
making	-0.66	3.08
practically	-0.65	2.53
relies	-0.65	2.61
governments	-0.65	1.68
currently	-0.65	3.60
fresh	-0.65	1.72
gmo	-0.65	1.44
organism	-0.65	1.62
government	-0.65	1.71
begin	-0.65	3.15
blood	-0.65	1.53
notice	-0.65	3.52
surprising	-0.65	3.19
nothing	-0.65	3.63
opposed	-0.65	2.11
under	-0.64	1.68
freeze	-0.64	1.90
promote	-0.64	1.61
operates	-0.64	2.01
burned	-0.64	2.24
around	-0.64	3.25
insanely	-0.63	2.34
tied	-0.63	1.72
strong	-0.63	2.30
phase	-0.63	2.38
libertarians	-0.63	1.85
otherwise	-0.63	3.68
simpler	-0.63	2.11
immediately	-0.63	2.71
failures	-0.63	2.00
predict	-0.63	2.71
corporate	-0.63	1.66
exclusive	-0.63	2.37
emergency	-0.62	1.73
fat	-0.62	1.75
has	-0.62	3.13
mix	-0.62	1.72
impressed	-0.62	2.75
tries	-0.62	2.05
noted	-0.62	2.56
crops	-0.62	1.42
bay	-0.62	1.81
illusion	-0.62	1.94
demanding	-0.61	2.07
expensive	-0.61	2.10
scarcity	-0.61	1.91
warming	-0.61	1.56
overhead	-0.61	1.82
tear	-0.61	1.75
concern	-0.61	2.80
root	-0.61	1.89
patented	-0.61	1.64
hopefully	-0.61	3.39
shake	-0.60	1.69
needs	-0.60	1.92
cease	-0.60	2.17
shaped	-0.60	1.72
throwing	-0.60	2.05
clinical	-0.60	1.69
claim	-0.60	3.25
strict	-0.60	1.81
synthetic	-0.60	1.55
ease	-0.60	1.83
war	-0.60	1.78
chains	-0.60	1.54
educate	-0.60	1.96
defend	-0.60	2.05
part	-0.60	3.39
coming	-0.59	3.15
fool	-0.59	2.04
state	-0.59	1.67
jobs	-0.59	1.87
statement	-0.59	3.41
automate	-0.59	1.89
resulting	-0.59	1.74
defending	-0.59	2.60
senses	-0.59	1.77
wealthy	-0.59	1.62
us	-0.59	3.15
serious	-0.59	2.00
claims	-0.59	2.63
unpredictable	-0.59	1.80
destroy	-0.59	1.78
step	-0.58	2.89
employ	-0.58	1.92
pulling	-0.58	2.27
impression	-0.58	2.66
completely	-0.58	2.78
fighting	-0.58	1.87
unskilled	-0.58	1.86
sadly	-0.58	2.25
ca	-0.58	3.45
inequality	-0.57	1.74
seeking	-0.57	1.69
stage	-0.57	2.74
glasses	-0.57	1.70
smarter	-0.57	1.84
slightest	-0.57	2.84
risky	-0.57	1.81
cut	-0.57	2.46
another	-0.57	3.18
crucial	-0.57	1.93
appeal	-0.57	1.88
hit	-0.57	2.58
gets	-0.56	2.35
rich	-0.56	1.62
displaced	-0.56	1.84
almost	-0.56	3.22
overnight	-0.56	2.29
conflict	-0.56	1.67
searching	-0.56	2.03
away	-0.56	3.10
agenda	-0.56	2.07
regulation	-0.56	1.70
whether	-0.56	3.09
help	-0.56	3.11
fda	-0.56	1.70
danger	-0.55	1.89
proved	-0.55	2.32
comparing	-0.55	2.02
reserves	-0.55	1.72
attention	-0.55	2.07
find	-0.55	3.36
members	-0.55	1.61
special	-0.55	2.17
essentially	-0.55	2.58
excuse	-0.55	1.98
longer	-0.54	2.19
automation	-0.54	1.94
committed	-0.54	1.70
smaller	-0.54	2.03
farmers	-0.54	1.42
dreaming	-0.54	2.42
bees	-0.54	1.52
genes	-0.54	1.56
whole	-0.54	2.91
parties	-0.54	1.72
ratio	-0.54	2.41
eat	-0.54	1.89
conditions	-0.54	1.63
appears	-0.54	1.69
lately	-0.53	1.86
monsanto	-0.53	1.45
ii	-0.53	1.68
regards	-0.53	2.01
define	-0.53	2.83
sentiment	-0.53	3.15
loop	-0.53	1.44
secondary	-0.53	1.75
survive	-0.53	2.03
inventing	-0.53	2.77
body	-0.53	1.63
struggle	-0.53	1.99
contract	-0.53	1.85
automating	-0.52	1.97
back	-0.52	3.10
involving	-0.52	2.17
ingredients	-0.52	1.82
moreover	-0.52	1.78
line	-0.52	2.61
ai	-0.52	1.93
take	-0.52	3.24
force	-0.52	2.19
towards	-0.52	2.25
reverse	-0.52	1.93
regulatory	-0.51	1.76
lost	-0.51	2.02
laid	-0.51	2.03
rather	-0.51	2.57
experienced	-0.51	1.87
commit	-0.51	1.73
yields	-0.51	1.49
ending	-0.51	1.81
insects	-0.51	1.35
strength	-0.51	1.70
possible	-0.51	3.25
milk	-0.51	1.80
ultimately	-0.51	2.32
appearance	-0.51	1.60
faster	-0.51	2.23
between	-0.51	1.97
breaks	-0.51	2.07
calling	-0.51	2.14
instead	-0.51	2.15
russia	-0.51	1.80
slavery	-0.51	1.64
sentience	-0.50	1.81
conversion	-0.50	1.96
congestion	-0.50	1.70
someone	-0.50	3.00
direction	-0.50	2.62
handle	-0.50	2.21
fight	-0.50	1.79
past	-0.50	3.12
barriers	-0.50	2.14
organs	-0.50	1.61
economies	-0.50	1.72
effectively	-0.50	2.61
intelligence	-0.50	1.87
puts	-0.50	1.70
killing	-0.50	1.62
implants	-0.49	1.61
soil	-0.49	1.45
contrary	-0.49	2.81
easily	-0.49	2.85
trust	-0.49	2.52
elite	-0.49	1.84
genetic	-0.49	1.59
intent	-0.49	2.80
nearly	-0.49	3.07
sooner	-0.49	3.07
job	-0.49	2.18
waste	-0.49	1.64
needed	-0.49	2.61
economically	-0.49	2.29
suggested	-0.48	2.86
fix	-0.48	2.49
less	-0.48	2.06
prevents	-0.48	1.83
workers	-0.48	1.83
toward	-0.48	2.12
spreading	-0.48	1.79
attack	-0.48	1.80
feelings	-0.48	1.81
introduce	-0.48	2.21
into	-0.48	2.64
identify	-0.48	2.10
hits	-0.48	2.34
overly	-0.48	2.31
cell	-0.48	1.57
substance	-0.48	1.57
politically	-0.48	2.26
forget	-0.48	2.70
flip	-0.48	1.56
lobbying	-0.47	1.69
starts	-0.47	2.50
dna	-0.47	1.56
middle	-0.47	1.66
metric	-0.47	1.84
forming	-0.47	2.22
struggling	-0.47	2.03
a.i	-0.47	1.65
legislation	-0.47	1.77
unfortunate	-0.47	2.12
predictions	-0.47	2.24
iraq	-0.47	1.74
failed	-0.47	2.17
up	-0.47	3.25
normal	-0.47	1.65
forgotten	-0.47	2.04
start	-0.47	2.98
automated	-0.46	1.87
preventing	-0.46	1.79
prediction	-0.46	2.12
figuring	-0.46	2.76
soylent	-0.46	1.71
contrast	-0.46	1.86
pile	-0.46	1.94
accounting	-0.46	1.72
primitive	-0.46	1.82
forest	-0.46	2.17
attached	-0.46	2.02
label	-0.46	1.66
limbs	-0.46	1.66
upper	-0.46	1.79
general	-0.46	2.46
wear	-0.46	1.72
trouble	-0.45	2.50
pure	-0.45	1.69
literally	-0.45	3.23
leave	-0.45	2.74
workforce	-0.45	1.80
risk	-0.45	1.80
count	-0.45	2.53
intensive	-0.45	1.92
last	-0.45	2.98
discussing	-0.45	2.48
noticed	-0.45	2.52
judgement	-0.45	1.98
paint	-0.45	1.67
hanging	-0.45	1.93
everywhere	-0.45	2.32
agricultural	-0.45	1.58
realize	-0.45	3.55
expected	-0.45	2.17
sets	-0.45	1.68
repair	-0.45	1.77
eye	-0.45	1.79
consent	-0.44	1.95
forces	-0.44	1.82
concentration	-0.44	1.70
attacks	-0.44	1.84
react	-0.44	2.08
make	-0.44	3.15
drug	-0.44	1.60
fingers	-0.44	1.76
positive	-0.44	1.84
imagined	-0.44	2.11
researched	-0.44	2.67
2nd	-0.44	1.77
neither	-0.44	2.11
balance	-0.43	2.12
possibly	-0.43	3.26
heaven	-0.43	1.81
without	-0.43	2.46
wealth	-0.43	1.84
world	-0.43	2.55
ideology	-0.43	1.74
assertion	-0.43	2.99
poorly	-0.43	2.68
approval	-0.43	1.74
put	-0.43	2.68
farther	-0.43	2.43
admit	-0.43	2.95
implies	-0.43	2.20
belief	-0.43	2.24
requirement	-0.43	1.79
cleaning	-0.43	1.56
outside	-0.43	2.35
labour	-0.42	1.81
pockets	-0.42	2.00
rely	-0.42	2.16
civil	-0.42	1.81
bang	-0.42	1.85
stem	-0.42	1.58
approaching	-0.42	2.19
view	-0.42	2.21
preservation	-0.42	1.54
estimates	-0.42	2.11
save	-0.42	2.38
down	-0.42	2.55
facing	-0.42	2.15
hide	-0.41	1.81
safer	-0.41	1.96
asking	-0.41	3.08
idiots	-0.41	2.38
criminals	-0.41	1.65
majority	-0.41	1.72
progressive	-0.41	1.72
crimes	-0.41	1.63
supported	-0.41	1.96
enough	-0.41	2.87
brothers	-0.41	1.48
seeds	-0.41	1.40
soldiers	-0.41	1.70
opinion	-0.41	2.87
hugely	-0.41	2.17
protect	-0.41	1.71
wherever	-0.41	2.64
labor	-0.41	1.82
beginning	-0.40	2.60
largely	-0.40	2.32
religion	-0.40	2.09
everybody	-0.40	2.32
pollution	-0.40	1.54
side	-0.40	2.25
powerful	-0.40	2.00
decades	-0.40	2.91
evolve	-0.40	1.91
examples	-0.40	2.29
requiring	-0.40	1.85
dedicated	-0.40	1.74
voting	-0.40	1.60
resulted	-0.40	1.78
beneficial	-0.39	1.78
losses	-0.39	1.77
bringing	-0.39	2.27
maximize	-0.39	1.69
unemployment	-0.39	1.71
agency	-0.39	1.72
machines	-0.39	1.87
well	-0.39	3.35
fought	-0.39	1.83
tree	-0.39	1.53
unlike	-0.39	1.70
exists	-0.39	2.74
seed	-0.39	1.39
years	-0.39	2.82
stronger	-0.39	1.85
achieved	-0.39	2.24
presumably	-0.39	1.81
after	-0.39	2.86
conflicts	-0.39	1.71
criminal	-0.39	1.61
frequently	-0.39	2.01
yield	-0.39	1.50
apart	-0.39	2.03
within	-0.39	2.88
although	-0.38	3.31
care	-0.38	2.68
artificial	-0.38	1.79
retarded	-0.38	3.01
realistic	-0.38	1.73
forgetting	-0.38	3.28
consequences	-0.38	1.84
creators	-0.38	1.60
fundamental	-0.38	2.35
korea	-0.38	1.85
decade	-0.38	2.90
projected	-0.38	1.95
consider	-0.38	2.78
employed	-0.38	1.85
mention	-0.37	2.82
wake	-0.37	2.31
bugs	-0.37	1.81
explain	-0.37	3.25
been	-0.37	2.99
organ	-0.37	1.59
gene	-0.37	1.56
nobody	-0.37	2.58
emissions	-0.37	1.62
unions	-0.37	1.79
ve	-0.37	3.02
likewise	-0.37	1.62
pointing	-0.37	3.18
cow	-0.37	1.69
long	-0.37	2.97
plans	-0.37	1.60
auto	-0.37	1.77
modification	-0.37	1.60
existential	-0.37	1.81
goal	-0.37	1.82
african	-0.37	1.68
bankrupt	-0.36	1.97
organized	-0.36	1.68
stepping	-0.36	2.00
arise	-0.36	2.10
fears	-0.36	1.78
removing	-0.36	1.94
barely	-0.36	2.61
class	-0.36	1.62
central	-0.36	1.67
issue	-0.36	2.90
iq	-0.36	1.69
act	-0.36	1.56
concerned	-0.36	2.82
soul	-0.36	2.03
recycling	-0.36	1.73
sense	-0.36	2.93
trees	-0.35	1.77
bring	-0.35	2.71
run	-0.35	2.11
move	-0.35	2.65
army	-0.35	1.71
gather	-0.35	1.97
resource	-0.35	2.01
over	-0.35	2.83
targets	-0.35	1.70
proving	-0.35	2.42
1	-0.35	2.94
welfare	-0.35	1.78
periods	-0.35	1.80
assembly	-0.35	1.80
structural	-0.35	1.72
corporations	-0.35	1.67
bubble	-0.35	1.64
america	-0.35	1.81
populace	-0.35	1.70
thereby	-0.35	1.88
off	-0.34	2.97
emerge	-0.34	2.19
takes	-0.34	2.78
function	-0.34	2.50
attempting	-0.34	2.46
distinguish	-0.34	2.57
popularity	-0.34	1.75
lighter	-0.34	2.11
lose	-0.34	2.37
behavior	-0.34	1.63
probability	-0.34	2.03
handling	-0.34	1.72
planned	-0.34	1.90
places	-0.34	2.30
referring	-0.34	3.09
shortage	-0.34	2.05
prove	-0.34	2.85
twice	-0.34	2.10
hard	-0.34	2.80
humans	-0.34	1.86
emotion	-0.34	1.66
weapon	-0.34	1.68
mere	-0.34	2.18
toyota	-0.33	1.73
plants	-0.33	1.42
gone	-0.33	2.76
lobby	-0.33	1.71
cares	-0.33	2.24
seek	-0.33	1.68
procedure	-0.33	1.76
cycle	-0.33	1.77
times	-0.33	2.54
wage	-0.33	2.00
breaking	-0.33	2.14
widespread	-0.33	2.08
sequence	-0.33	1.67
employers	-0.33	1.99
violate	-0.33	2.33
regulations	-0.33	1.78
therapy	-0.33	1.63
worker	-0.33	1.76
attempt	-0.33	2.51
through	-0.33	2.29
most	-0.33	2.95
ais	-0.33	1.80
ago	-0.33	2.79
furthermore	-0.33	2.24
orders	-0.33	2.10
television	-0.33	1.45
influence	-0.33	1.76
went	-0.32	2.21
helping	-0.32	1.99
2025	-0.32	2.57
taxing	-0.32	1.68
immigrants	-0.32	1.67
obvious	-0.32	2.49
achieve	-0.32	2.29
break	-0.32	2.48
occurred	-0.32	1.91
consequence	-0.32	1.77
remove	-0.32	2.02
sky	-0.32	1.55
type	-0.32	1.96
necessary	-0.32	2.57
carried	-0.32	1.84
intervention	-0.32	1.82
able	-0.32	2.83
who	-0.32	2.15
historical	-0.32	1.95
sweden	-0.32	1.83
driven	-0.32	1.68
ends	-0.32	2.17
educated	-0.32	1.65
charges	-0.32	1.73
bigger	-0.32	2.08
hint	-0.31	1.90
prepared	-0.31	1.97
scam	-0.31	1.96
perform	-0.31	1.97
wildly	-0.31	2.25
expecting	-0.31	2.82
habits	-0.31	1.57
molecules	-0.31	1.62
garbage	-0.31	2.05
emergent	-0.31	1.85
intention	-0.31	2.26
positions	-0.31	1.88
20-30	-0.31	2.59
federal	-0.31	1.71
factory	-0.31	1.81
itself	-0.31	2.45
enforce	-0.31	1.85
representative	-0.31	1.68
solving	-0.31	1.95
managing	-0.31	1.72
headlines	-0.31	1.93
civilizations	-0.31	1.74
alert	-0.31	1.78
china	-0.31	2.02
redistribution	-0.31	1.89
statistically	-0.31	1.89
financial	-0.31	1.65
charity	-0.31	1.75
repairs	-0.31	1.80
entering	-0.31	2.14
efficient	-0.30	2.13
ordinary	-0.30	2.07
terminator	-0.30	1.62
speeding	-0.30	1.79
hybrid	-0.30	1.64
unable	-0.30	2.55
became	-0.30	2.58
taxation	-0.30	1.75
position	-0.30	2.60
hospitals	-0.30	1.68
indistinguishable	-0.30	1.82
immortality	-0.30	1.97
proposed	-0.30	1.79
shooting	-0.30	1.72
prevalent	-0.30	2.37
thus	-0.30	2.18
optimism	-0.30	1.85
owner	-0.30	1.85
richer	-0.30	1.51
regulate	-0.30	1.81
ev	-0.30	1.73
africa	-0.30	1.81
blow	-0.30	2.07
moving	-0.30	2.43
impact	-0.30	1.81
movements	-0.29	1.73
machinery	-0.29	1.75
its	-0.29	2.98
manipulate	-0.29	2.42
employer	-0.29	1.98
employees	-0.29	1.96
owners	-0.29	1.64
loaded	-0.29	2.18
marijuana	-0.29	1.51
holding	-0.29	2.37
western	-0.29	1.85
united	-0.29	1.86
green	-0.29	1.59
saved	-0.29	2.11
speculation	-0.29	1.66
demonstrated	-0.29	2.49
exceptions	-0.29	2.20
nissan	-0.29	1.78
singularity	-0.29	2.05
pull	-0.29	2.40
<URL>	-0.29	1.58
<SPECIAL>	-0.29	1.58
reactions	-0.29	1.53
serves	-0.29	1.86
intelligent	-0.29	1.84
cuts	-0.29	1.85
voice	-0.29	1.45
usa	-0.28	2.03
exploit	-0.28	2.03
merely	-0.28	2.87
junk	-0.28	1.86
ecosystem	-0.28	1.56
statements	-0.28	2.52
cellular	-0.28	1.63
states	-0.28	1.85
inherent	-0.28	1.80
managed	-0.28	2.33
nanobots	-0.28	1.63
production	-0.28	2.02
instance	-0.28	1.81
mutations	-0.28	1.63
remotely	-0.28	2.54
meals	-0.28	1.78
90	-0.28	2.11
threats	-0.28	1.79
directly	-0.28	2.11
upon	-0.28	2.14
distribution	-0.28	1.93
monopoly	-0.28	1.69
later	-0.28	3.02
controlling	-0.28	1.65
behave	-0.28	1.80
paid	-0.27	2.06
understands	-0.27	2.83
fallacy	-0.27	2.61
movement	-0.27	1.77
europe	-0.27	1.91
india	-0.27	1.91
sometime	-0.27	2.81
mass	-0.27	1.82
evidence	-0.27	2.64
ceo	-0.27	1.61
gap	-0.27	1.60
placed	-0.27	2.08
afford	-0.27	1.93
doctors	-0.27	1.56
south	-0.27	1.86
performing	-0.27	1.97
robots	-0.27	1.77
thrive	-0.27	1.60
fruit	-0.27	1.53
somebody	-0.27	2.65
seconds	-0.27	2.67
interaction	-0.27	1.75
utopian	-0.27	1.58
catch	-0.27	2.37
red	-0.27	1.64
manage	-0.27	2.48
sensitive	-0.27	1.75
centralized	-0.26	1.70
comfortably	-0.26	1.49
grown	-0.26	1.42
heavily	-0.26	2.22
checking	-0.26	1.81
asia	-0.26	1.84
eastern	-0.26	1.83
fraud	-0.26	1.67
room	-0.26	1.54
creatures	-0.26	1.58
target	-0.26	1.83
reliably	-0.26	2.42
component	-0.26	2.62
exceed	-0.26	1.92
electric	-0.26	1.69
trials	-0.26	1.75
vision	-0.26	1.60
mutually	-0.26	1.81
burn	-0.26	1.75
silly	-0.26	2.38
cosmic	-0.26	1.64
genuine	-0.26	1.59
friendly	-0.26	1.74
equivalent	-0.26	1.90
limit	-0.26	2.09
procedures	-0.26	1.73
citizens	-0.26	1.69
recycle	-0.26	1.84
canada	-0.25	1.92
nor	-0.25	2.91
2020	-0.25	2.56
though	-0.25	3.29
things	-0.25	3.42
essence	-0.25	2.18
technique	-0.25	1.86
patterns	-0.25	1.77
mexico	-0.25	1.90
oceans	-0.25	1.54
conspiracy	-0.25	2.08
expense	-0.25	1.93
competition	-0.25	1.74
dump	-0.25	1.84
tanks	-0.25	1.64
needing	-0.25	2.03
planning	-0.25	2.24
mentioning	-0.25	2.66
hack	-0.25	2.35
order	-0.25	2.44
2030	-0.25	2.51
works	-0.25	2.63
since	-0.25	2.81
jumping	-0.25	2.01
likes	-0.25	2.85
finds	-0.25	1.94
north	-0.25	1.83
convert	-0.24	1.83
manual	-0.24	1.75
farming	-0.24	1.48
coupled	-0.24	1.80
took	-0.24	2.70
voluntary	-0.24	2.12
dead	-0.24	2.43
germany	-0.24	2.00
began	-0.24	2.47
interact	-0.24	1.82
steps	-0.24	2.21
putting	-0.24	2.26
operated	-0.24	1.81
wages	-0.24	1.85
explode	-0.24	1.84
traction	-0.24	1.71
giving	-0.24	2.32
globe	-0.24	2.03
100,000	-0.24	1.96
weeks	-0.24	2.65
occupy	-0.24	1.73
constructed	-0.24	1.96
weight	-0.24	1.74
acceleration	-0.24	2.38
mostly	-0.24	2.55
sells	-0.24	1.66
golden	-0.24	1.60
australia	-0.24	1.93
minimum	-0.24	2.00
replicate	-0.24	2.09
biological	-0.24	1.71
process	-0.24	2.12
push	-0.24	2.37
120	-0.24	2.16
gross	-0.24	2.18
direct	-0.24	1.88
problem	-0.23	2.80
physically	-0.23	2.24
economy	-0.23	1.73
cap	-0.23	1.89
land	-0.23	1.85
structures	-0.23	1.63
sustainability	-0.23	1.65
plastics	-0.23	1.69
cutting	-0.23	1.80
country	-0.23	2.05
pill	-0.23	1.52
normally	-0.23	1.88
justice	-0.23	1.67
included	-0.23	2.09
bodies	-0.23	1.73
days	-0.23	2.61
christ	-0.23	3.10
faced	-0.22	2.12
compared	-0.22	2.05
socially	-0.22	1.87
cigarettes	-0.22	1.57
earning	-0.22	1.89
eu	-0.22	1.97
legs	-0.22	1.81
75	-0.22	2.11
minority	-0.22	1.69
prison	-0.22	1.66
financially	-0.22	2.05
resources	-0.22	2.08
gallon	-0.22	1.87
calculated	-0.22	1.74
converting	-0.22	1.78
perhaps	-0.22	3.09
countries	-0.22	1.96
date	-0.22	2.15
legal	-0.22	1.68
1,000	-0.22	2.17
400	-0.22	2.31
strikes	-0.22	1.67
acts	-0.22	1.62
final	-0.22	1.88
tend	-0.22	2.02
insurance	-0.22	1.83
months	-0.22	2.64
ideally	-0.22	1.88
capital	-0.22	1.74
wasting	-0.21	2.20
church	-0.21	1.97
harvesting	-0.21	1.64
combined	-0.21	1.76
japan	-0.21	1.95
cost	-0.21	1.88
commercially	-0.21	2.64
processes	-0.21	1.78
entities	-0.21	1.86
having	-0.21	2.62
vital	-0.21	2.23
wise	-0.21	1.85
efficiently	-0.21	2.25
skilled	-0.21	1.76
police	-0.21	1.69
conventional	-0.21	1.66
conclusions	-0.21	2.97
reasons	-0.21	2.55
provides	-0.21	1.50
copyright	-0.21	1.63
ages	-0.21	1.89
mechanisms	-0.21	1.80
assistance	-0.21	1.78
roles	-0.21	1.83
sugar	-0.20	1.57
objective	-0.20	1.92
ensure	-0.20	1.55
concerns	-0.20	2.34
factories	-0.20	1.73
mcdonalds	-0.20	1.51
human	-0.20	1.77
burning	-0.20	1.67
shape	-0.20	2.02
market	-0.20	1.73
machine	-0.20	1.79
year	-0.20	2.48
limitations	-0.20	2.02
nations	-0.20	1.86
secondly	-0.20	2.13
marriage	-0.20	1.35
sell	-0.20	1.87
million	-0.20	2.34
lifetimes	-0.20	2.37
lacking	-0.20	2.30
roll	-0.20	1.76
trained	-0.20	1.76
seem	-0.20	3.09
lifting	-0.20	1.81
lack	-0.20	1.66
early	-0.20	2.57
lifetime	-0.20	2.49
per	-0.20	2.21
east	-0.20	1.79
hour	-0.20	2.54
factors	-0.20	2.34
ready	-0.19	2.72
jump	-0.19	2.23
successfully	-0.19	2.39
driver	-0.19	1.70
offered	-0.19	1.66
diesel	-0.19	1.67
employee	-0.19	1.78
jail	-0.19	1.68
fire	-0.19	1.67
paying	-0.19	1.92
brake	-0.19	1.83
european	-0.19	1.69
restrictions	-0.19	1.81
fly	-0.19	1.75
citizen	-0.19	1.81
adapted	-0.19	1.74
fuel	-0.19	1.64
powered	-0.19	1.77
2050	-0.19	2.48
god	-0.19	3.44
arguably	-0.19	1.95
drunk	-0.19	1.96
patent	-0.19	1.56
manufacturers	-0.19	1.72
every	-0.19	2.58
tested	-0.19	2.47
10-15	-0.19	2.47
thinks	-0.19	2.74
mainstream	-0.19	2.46
blowing	-0.19	1.88
bucks	-0.18	2.40
agencies	-0.18	1.73
saving	-0.18	2.03
sustainable	-0.18	1.75
presented	-0.18	2.59
economists	-0.18	1.83
alcohol	-0.18	1.50
held	-0.18	1.85
drag	-0.18	1.80
markets	-0.18	1.75
flaw	-0.18	2.87
trade	-0.18	1.72
enforcement	-0.18	1.71
time	-0.18	2.75
doomed	-0.18	1.63
chemical	-0.18	1.65
mechanical	-0.18	1.67
iirc	-0.18	2.25
argument	-0.18	3.05
elements	-0.18	1.69
shorter	-0.18	2.24
acceptable	-0.18	1.82
carefully	-0.18	2.45
100k	-0.18	1.91
entire	-0.18	2.18
computers	-0.18	1.94
10,000	-0.18	2.27
lay	-0.18	2.02
cultures	-0.17	1.83
taxed	-0.17	1.82
existed	-0.17	2.69
cleaner	-0.17	1.94
west	-0.17	1.87
proven	-0.17	2.54
uses	-0.17	1.97
counting	-0.17	2.35
follow	-0.17	1.91
handled	-0.17	2.11
required	-0.17	2.13
forms	-0.17	1.90
500	-0.17	2.31
slave	-0.17	1.71
mature	-0.17	2.13
consistently	-0.17	1.89
fill	-0.17	1.85
crap	-0.17	2.16
requires	-0.17	2.12
asphalt	-0.17	1.68
quickly	-0.17	2.66
purposes	-0.17	1.74
spent	-0.17	2.14
stretch	-0.17	1.86
5-10	-0.17	2.48
black	-0.17	1.56
range	-0.17	1.79
imply	-0.17	2.63
likelihood	-0.17	1.93
roadways	-0.17	2.05
spends	-0.17	1.96
military	-0.17	1.76
purchased	-0.17	1.74
setting	-0.17	1.88
morality	-0.17	1.81
installed	-0.17	1.84
hours	-0.17	2.53
high	-0.17	1.70
external	-0.17	1.89
measures	-0.17	1.50
critical	-0.17	2.40
sane	-0.17	1.64
person	-0.16	2.41
wearing	-0.16	1.69
signs	-0.16	1.77
described	-0.16	1.70
pay	-0.16	1.85
warfare	-0.16	1.60
65	-0.16	2.02
extract	-0.16	1.78
along	-0.16	2.29
lenses	-0.16	1.60
aliens	-0.16	1.82
ability	-0.16	2.30
color	-0.16	1.63
full	-0.16	1.78
considerably	-0.16	2.12
weather	-0.16	1.39
secret	-0.16	1.57
stated	-0.16	2.64
happiness	-0.16	1.73
substantially	-0.16	2.04
cents	-0.16	2.30
infinitely	-0.16	2.10
maintenance	-0.16	1.89
remaining	-0.16	2.11
mortality	-0.16	1.41
usd	-0.16	2.12
parts	-0.16	1.91
stolen	-0.16	1.81
twenty	-0.16	2.51
standards	-0.16	1.66
were	-0.16	2.97
1.5	-0.16	2.40
150	-0.16	2.28
turing	-0.16	2.07
age	-0.16	1.88
lasts	-0.16	2.50
85	-0.16	2.11
regions	-0.16	1.80
300	-0.16	2.27
deciding	-0.16	1.88
surrounding	-0.16	1.69
nukes	-0.16	1.63
coast	-0.16	1.92
billionaires	-0.16	1.69
gasoline	-0.16	1.68
stance	-0.16	1.99
70	-0.16	2.15
institute	-0.15	1.68
politician	-0.15	1.62
addressing	-0.15	2.54
income	-0.15	1.91
laws	-0.15	1.88
earth	-0.15	1.92
yup	-0.15	2.80
rice	-0.15	1.51
approximately	-0.15	2.27
gradually	-0.15	2.11
centuries	-0.15	2.67
operate	-0.15	1.78
dynamic	-0.15	2.16
percent	-0.15	2.01
100	-0.15	2.28
correctly	-0.15	2.78
followed	-0.15	1.77
reform	-0.15	1.68
i.e	-0.15	1.84
50	-0.15	2.26
200	-0.15	2.29
designs	-0.15	1.63
60	-0.15	2.23
buying	-0.15	1.79
next	-0.15	2.85
superior	-0.15	1.86
performed	-0.15	1.93
protection	-0.15	1.60
rain	-0.15	1.61
gain	-0.15	1.90
quicker	-0.15	2.19
trillion	-0.15	2.12
evolved	-0.15	1.68
vastly	-0.15	2.10
meanwhile	-0.15	1.77
lacks	-0.15	1.86
lie	-0.15	2.48
instantly	-0.15	2.31
temporary	-0.15	1.70
jesus	-0.15	3.28
80	-0.15	2.17
rural	-0.15	1.68
limits	-0.15	1.89
employment	-0.15	1.78
species	-0.15	1.62
solve	-0.15	2.35
picked	-0.15	1.54
equipment	-0.15	1.79
speculative	-0.15	1.69
heavy	-0.15	1.76
30	-0.15	2.30
improving	-0.15	1.75
center	-0.15	1.95
batteries	-0.15	1.72
produce	-0.15	1.76
perception	-0.15	1.72
functions	-0.15	1.89
2015	-0.15	2.33
600	-0.15	2.28
challenges	-0.15	2.15
turbine	-0.15	1.62
difference	-0.14	2.76
guaranteed	-0.14	1.96
total	-0.14	1.93
taxes	-0.14	1.79
co2	-0.14	1.57
property	-0.14	1.61
95	-0.14	1.92
manipulation	-0.14	1.63
salary	-0.14	1.86
period	-0.14	2.33
subsidies	-0.14	1.74
miles	-0.14	2.22
quarter	-0.14	2.18
foods	-0.14	1.57
balls	-0.14	1.65
backing	-0.14	2.21
happened	-0.14	2.81
guns	-0.14	1.70
half	-0.14	2.25
realistically	-0.14	2.72
says	-0.14	1.93
throughout	-0.14	2.20
identified	-0.14	2.05
manufacturing	-0.14	1.75
battery	-0.14	1.71
farms	-0.14	1.45
manufacture	-0.14	1.80
steam	-0.14	1.68
25	-0.14	2.23
issues	-0.14	2.37
investors	-0.14	1.73
pump	-0.13	1.65
wings	-0.13	1.64
10-20	-0.13	2.35
worldwide	-0.13	1.90
lane	-0.13	1.70
bored	-0.13	2.69
sign	-0.13	2.05
cars	-0.13	1.75
environments	-0.13	1.64
20	-0.13	2.30
payment	-0.13	1.80
limiting	-0.13	1.92
alter	-0.13	1.78
benefit	-0.13	2.11
hand	-0.13	2.18
priced	-0.13	1.69
profitable	-0.13	1.89
started	-0.13	2.55
dirt	-0.13	1.64
incredibly	-0.13	2.37
allows	-0.13	1.91
stops	-0.13	1.99
stages	-0.13	2.14
offers	-0.13	1.58
significantly	-0.13	2.15
surplus	-0.13	1.86
u.s	-0.13	1.85
regulated	-0.13	1.78
expenses	-0.13	1.79
equal	-0.13	1.76
prior	-0.13	2.38
monitoring	-0.13	1.70
nutrients	-0.13	1.38
worth	-0.13	2.28
ban	-0.13	1.63
extremely	-0.13	2.34
specifically	-0.13	2.78
surveillance	-0.13	1.87
10	-0.13	2.39
defense	-0.12	1.78
35	-0.12	2.23
2000	-0.12	2.24
rights	-0.12	1.64
variables	-0.12	1.92
agent	-0.12	1.70
interactions	-0.12	1.69
driverless	-0.12	1.84
cops	-0.12	1.74
costs	-0.12	1.88
norway	-0.12	1.90
thousand	-0.12	2.42
natural	-0.12	1.68
face	-0.12	1.95
usual	-0.12	1.58
accurately	-0.12	2.26
powers	-0.12	1.69
hole	-0.12	1.70
car	-0.12	1.71
wires	-0.12	1.67
fifty	-0.12	2.44
immigration	-0.12	1.74
succeed	-0.12	2.15
square	-0.12	2.02
meters	-0.12	2.13
accomplish	-0.12	2.27
rolling	-0.12	1.77
reducing	-0.12	1.75
chain	-0.12	1.69
entry	-0.12	1.85
achieving	-0.12	1.93
whoever	-0.12	2.05
era	-0.12	2.19
company	-0.12	1.78
problems	-0.12	2.26
introduced	-0.12	2.25
competitors	-0.12	1.70
decay	-0.12	1.86
walmart	-0.12	1.51
overcome	-0.12	2.29
focus	-0.12	1.65
borders	-0.12	1.84
food	-0.12	1.55
setup	-0.12	1.81
scary	-0.12	3.04
month	-0.12	2.24
1000	-0.12	2.34
northern	-0.11	1.76
subsidized	-0.11	1.77
temperatures	-0.11	1.50
identical	-0.11	1.98
alien	-0.11	1.80
detect	-0.11	1.98
outcome	-0.11	3.02
bread	-0.11	1.57
budget	-0.11	1.88
effort	-0.11	2.13
automatic	-0.11	1.71
plant	-0.11	1.41
5	-0.11	2.38
nowhere	-0.11	2.48
officer	-0.11	1.80
wheels	-0.11	1.83
farmer	-0.11	1.61
shifting	-0.11	2.13
gas	-0.11	1.64
mobility	-0.11	1.59
wondered	-0.11	2.02
levels	-0.11	1.72
futurists	-0.11	1.92
manually	-0.11	1.69
maintaining	-0.11	1.80
member	-0.11	1.53
five	-0.11	2.45
installing	-0.11	1.81
wood	-0.11	1.74
40	-0.11	2.25
sustain	-0.11	1.81
driving	-0.11	1.73
finite	-0.11	1.88
gay	-0.11	1.60
tax	-0.11	1.82
artificially	-0.11	1.78
construction	-0.11	1.71
mcdonald	-0.11	1.53
passed	-0.10	1.99
billion	-0.10	2.24
load	-0.10	1.74
profits	-0.10	1.72
operator	-0.10	1.71
six	-0.10	2.40
shareholders	-0.10	1.68
parameters	-0.10	1.86
operations	-0.10	1.74
object	-0.10	2.02
ours	-0.10	1.79
earn	-0.10	1.96
profit	-0.10	1.69
instances	-0.10	2.19
healthier	-0.10	1.51
fewer	-0.10	1.95
requirements	-0.10	1.71
2-3	-0.10	2.37
feed	-0.10	1.38
light	-0.10	1.79
scarce	-0.10	1.89
drops	-0.10	1.71
economical	-0.10	1.92
producing	-0.10	1.85
privacy	-0.10	1.77
breeding	-0.10	1.49
british	-0.10	2.04
vehicle	-0.10	1.78
capita	-0.10	1.84
drones	-0.10	1.61
solved	-0.10	2.46
adopt	-0.10	1.95
kwh	-0.10	1.84
controlled	-0.10	1.74
laying	-0.10	1.72
cooling	-0.10	1.48
evolving	-0.10	1.79
availability	-0.10	1.84
bridge	-0.10	1.85
fossil	-0.10	1.66
ten	-0.10	2.41
net	-0.10	1.77
functional	-0.10	1.80
decisions	-0.10	2.02
ridiculously	-0.10	2.31
element	-0.10	1.99
smoking	-0.10	1.51
late	-0.10	2.52
rise	-0.10	1.68
hiring	-0.10	1.84
cross	-0.09	1.68
mandatory	-0.09	1.89
navigate	-0.09	1.96
glass	-0.09	1.62
charge	-0.09	1.87
carbon	-0.09	1.62
sand	-0.09	1.65
carry	-0.09	1.90
supply	-0.09	1.81
changed	-0.09	2.23
stocks	-0.09	1.70
sale	-0.09	1.72
environmental	-0.09	1.77
russian	-0.09	1.57
commodity	-0.09	1.71
hire	-0.09	1.78
demand	-0.09	1.77
gives	-0.09	1.80
negligible	-0.09	1.97
ordering	-0.09	1.56
helps	-0.09	2.30
installation	-0.09	1.77
shift	-0.09	2.07
10k	-0.09	1.94
buy	-0.09	1.81
predicting	-0.09	1.97
pool	-0.09	1.70
neuron	-0.09	1.84
bombs	-0.09	1.53
seven	-0.09	2.42
install	-0.09	1.75
debt	-0.09	1.74
tires	-0.09	1.71
carrying	-0.09	1.81
generate	-0.09	1.84
habitat	-0.09	1.61
counts	-0.08	1.71
consciousness	-0.08	1.80
judge	-0.08	2.08
pounds	-0.08	2.09
conclusion	-0.08	2.90
dealing	-0.08	2.10
respect	-0.08	1.71
recharge	-0.08	1.96
investing	-0.08	2.01
merge	-0.08	1.85
france	-0.08	2.10
observe	-0.08	2.23
dollars	-0.08	2.22
generates	-0.08	1.75
extend	-0.08	1.88
mile	-0.08	2.10
couple	-0.08	2.43
steering	-0.08	1.77
fee	-0.08	1.73
sides	-0.08	2.02
friction	-0.08	1.82
diamond	-0.08	1.68
formed	-0.08	1.89
grain	-0.08	1.40
6	-0.08	2.41
rough	-0.08	1.59
aid	-0.08	1.85
competitive	-0.08	1.85
owned	-0.08	1.69
4	-0.08	2.38
describe	-0.08	2.73
drop	-0.08	1.68
limitless	-0.08	2.00
ubiquitous	-0.08	2.02
overwhelming	-0.08	1.89
coal	-0.08	1.60
separate	-0.08	2.12
organization	-0.08	1.70
brick	-0.08	1.71
mountains	-0.08	1.68
pushing	-0.08	2.03
capacity	-0.08	1.79
motion	-0.08	1.70
eugenics	-0.08	1.69
pieces	-0.08	2.22
housing	-0.08	1.79
efficiency	-0.08	1.74
tubes	-0.08	1.60
beyond	-0.08	2.20
demands	-0.08	1.66
banking	-0.08	1.66
reduce	-0.08	1.79
definitions	-0.08	2.04
lifespan	-0.08	1.86
faces	-0.08	1.99
latter	-0.08	2.15
japanese	-0.08	1.67
steel	-0.07	1.77
mph	-0.07	2.12
begun	-0.07	2.41
45	-0.07	2.24
investment	-0.07	1.79
locations	-0.07	1.67
groups	-0.07	1.82
political	-0.07	1.68
random	-0.07	1.86
international	-0.07	1.73
matters	-0.07	2.83
overall	-0.07	1.80
picking	-0.07	1.97
and/or	-0.07	1.83
look	-0.07	3.17
exploitation	-0.07	1.58
aka	-0.07	1.58
prices	-0.07	1.78
temperature	-0.07	1.48
harvest	-0.07	1.40
criteria	-0.07	1.66
liquid	-0.07	1.55
intend	-0.07	1.96
loans	-0.07	1.69
told	-0.07	2.18
spin	-0.07	2.09
clouds	-0.07	1.62
business	-0.07	1.71
control	-0.07	1.74
tobacco	-0.07	1.55
record	-0.07	1.69
cheaply	-0.07	2.02
solid	-0.07	2.38
hundred	-0.07	2.40
integrate	-0.07	1.95
egg	-0.07	1.41
water	-0.07	1.49
tickets	-0.07	1.72
programs	-0.07	1.78
genome	-0.07	1.61
qualify	-0.07	1.83
saves	-0.07	1.89
hence	-0.06	1.89
informed	-0.06	1.83
units	-0.06	1.77
15	-0.06	2.30
advantage	-0.06	2.34
replacement	-0.06	1.51
organizations	-0.06	1.75
theoretically	-0.06	2.40
capability	-0.06	1.91
loan	-0.06	1.75
technologically	-0.06	2.05
airplanes	-0.06	1.58
usage	-0.06	1.79
caught	-0.06	1.84
massively	-0.06	2.07
security	-0.06	1.70
money	-0.06	2.15
targeted	-0.06	1.59
charging	-0.06	1.73
sink	-0.06	1.71
testing	-0.06	1.80
bases	-0.06	1.80
pilot	-0.06	1.66
moved	-0.06	2.06
fuels	-0.06	1.67
approved	-0.06	1.70
extinct	-0.06	1.51
healthcare	-0.06	1.82
dystopia	-0.06	1.71
bills	-0.06	1.82
readily	-0.06	2.09
switching	-0.06	1.90
decline	-0.06	1.70
arm	-0.06	1.75
old	-0.06	2.12
quantity	-0.06	1.91
question	-0.06	2.89
businesses	-0.06	1.73
deserve	-0.06	1.70
substrate	-0.06	1.73
hypothesis	-0.06	2.59
gdp	-0.06	1.96
incomes	-0.06	1.83
nitrogen	-0.05	1.55
adopted	-0.05	2.31
asian	-0.05	1.62
programmed	-0.05	1.81
cheap	-0.05	1.89
augmented	-0.05	1.61
applies	-0.05	2.53
fraction	-0.05	2.11
cruise	-0.05	1.71
turbines	-0.05	1.57
robotic	-0.05	1.72
backed	-0.05	1.74
died	-0.05	1.91
facts	-0.05	2.54
private	-0.05	1.71
bare	-0.05	1.75
constraints	-0.05	1.99
firm	-0.05	1.76
cycles	-0.05	2.14
lithium	-0.05	1.72
neurons	-0.05	1.79
12	-0.05	2.32
ice	-0.05	1.47
standard	-0.05	1.69
mode	-0.05	1.74
desert	-0.05	1.66
flaws	-0.05	2.54
7	-0.05	2.34
tank	-0.05	1.69
boxes	-0.05	1.77
equation	-0.05	2.01
offset	-0.05	1.81
met	-0.05	1.87
texas	-0.05	1.81
8	-0.05	2.33
lived	-0.05	2.09
feasible	-0.05	2.39
mine	-0.05	1.81
credits	-0.05	1.81
institutions	-0.05	1.71
controls	-0.05	1.67
instant	-0.05	1.96
vehicles	-0.05	1.81
hands	-0.05	1.83
planes	-0.05	1.60
smell	-0.05	1.60
internal	-0.05	1.65
shifts	-0.05	2.13
details	-0.05	2.05
average	-0.05	1.87
productivity	-0.05	1.76
houses	-0.05	1.64
cables	-0.05	1.72
produced	-0.05	1.76
modern	-0.05	1.95
combustion	-0.05	1.63
change	-0.05	2.09
efforts	-0.04	1.97
diversity	-0.04	1.65
oil	-0.04	1.67
infinite	-0.04	1.98
cash	-0.04	1.74
floating	-0.04	1.59
mechanism	-0.04	2.04
selection	-0.04	1.66
distant	-0.04	1.82
aim	-0.04	1.54
basic	-0.04	1.94
plug	-0.04	1.69
drive	-0.04	1.90
capable	-0.04	1.87
recycled	-0.04	1.75
meter	-0.04	1.95
generators	-0.04	1.60
require	-0.04	2.11
raw	-0.04	1.85
society	-0.04	1.40
subjective	-0.04	1.86
lift	-0.04	1.82
accordingly	-0.04	1.97
slowly	-0.04	2.44
adapt	-0.04	1.98
traditional	-0.04	1.75
few	-0.04	2.41
adding	-0.04	2.38
deeply	-0.04	2.15
stone	-0.04	1.68
ford	-0.04	1.69
universe	-0.04	2.00
return	-0.04	2.03
votes	-0.04	1.59
trial	-0.04	1.75
brains	-0.04	1.76
consume	-0.04	1.48
sheer	-0.04	1.79
ancient	-0.04	1.77
evolutionary	-0.04	1.70
hydrogen	-0.04	1.63
others	-0.04	2.71
feet	-0.04	1.98
motivations	-0.04	1.54
lines	-0.04	1.81
titles	-0.04	2.00
concrete	-0.04	1.71
contact	-0.04	1.69
providing	-0.03	1.89
trillions	-0.03	2.18
shelter	-0.03	1.76
empty	-0.03	1.69
fission	-0.03	1.52
generator	-0.03	1.62
families	-0.03	1.63
snow	-0.03	1.58
selling	-0.03	1.79
reduces	-0.03	1.81
confirmed	-0.03	2.25
onto	-0.03	2.17
savings	-0.03	1.92
mid	-0.03	2.44
uk	-0.03	2.07
utilities	-0.03	1.73
four	-0.03	2.37
drivers	-0.03	1.71
gigantic	-0.03	1.84
building	-0.03	1.62
span	-0.03	2.03
platinum	-0.03	1.75
gold	-0.03	1.70
barrier	-0.03	2.09
tens	-0.03	2.32
demonstrate	-0.03	2.31
margins	-0.03	1.73
covered	-0.03	1.59
hostile	-0.03	1.89
iter	-0.03	1.97
trading	-0.03	1.69
lighting	-0.02	1.58
drain	-0.02	1.79
air	-0.02	1.63
thousands	-0.02	2.37
pv	-0.02	1.66
american	-0.02	1.63
salt	-0.02	1.51
difficult	-0.02	2.20
whatsoever	-0.02	2.32
power	-0.02	1.59
price	-0.02	1.76
24	-0.02	2.32
closed	-0.02	1.67
whom	-0.02	1.69
electricity	-0.02	1.63
respond	-0.02	1.98
provide	-0.02	1.89
panels	-0.02	1.62
habitats	-0.02	1.61
disabled	-0.02	1.67
sticking	-0.02	2.11
negative	-0.02	1.83
generally	-0.02	2.11
reporting	-0.02	2.11
key	-0.02	2.47
obtain	-0.02	1.92
bound	-0.02	2.16
chunk	-0.02	1.87
importance	-0.02	1.73
desires	-0.02	1.38
restricted	-0.02	1.82
uranium	-0.02	1.57
mountain	-0.02	1.85
engines	-0.02	1.66
self-driving	-0.02	1.79
printed	-0.01	1.71
mice	-0.01	1.52
hundreds	-0.01	2.37
engine	-0.01	1.65
organize	-0.01	2.02
status	-0.01	1.92
affordable	-0.01	2.03
solar	-0.01	1.62
realm	-0.01	1.70
altogether	-0.01	1.77
existence	-0.01	1.80
millions	-0.01	2.30
entropy	-0.01	1.83
using	-0.01	2.22
density	-0.01	1.77
underwater	-0.01	1.57
road	-0.01	1.65
autonomous	-0.01	1.80
wind	-0.01	1.57
assets	-0.01	1.74
consensus	-0.01	1.99
gained	-0.01	1.91
motors	-0.01	1.66
produces	-0.01	1.59
dollar	-0.01	1.92
pilots	-0.01	1.63
highly	-0.01	2.29
corn	-0.01	1.29
yes	-0.01	3.23
day	-0.01	2.30
choice	-0.01	2.44
augmentation	-0.01	1.62
material	-0.01	1.72
trucks	-0.01	1.75
lot	-0.01	3.06
tea	-0.01	1.41
sales	-0.01	1.67
structure	-0.01	1.74
aircraft	-0.01	1.62
proves	-0.01	2.24
roads	-0.01	1.64
consumption	-0.01	1.76
accidentally	-0.01	1.83
tube	-0.01	1.60
precious	-0.01	1.82
nervous	-0.01	1.68
calculate	-0.01	2.12
zones	-0.01	1.74
underground	-0.01	1.56
credit	-0.00	1.81
oxygen	-0.00	1.61
reserve	-0.00	1.67
brain	-0.00	1.71
laser	-0.00	1.61
hitting	-0.00	2.03
implement	-0.00	2.21
objects	-0.00	1.92
stamps	-0.00	1.78
transactions	-0.00	1.70
ftl	-0.00	2.25
heating	-0.00	1.53
martian	-0.00	1.59
gathering	-0.00	1.92
spending	-0.00	1.93
evolution	-0.00	1.73
staff	-0.00	1.59
life	-0.00	1.86
gaining	-0.00	1.84
velocity	-0.00	1.99
lens	0.00	1.61
idiot	0.00	2.07
match	0.00	1.96
traits	0.00	1.57
2	0.00	2.37
atmosphere	0.00	1.62
stock	0.00	1.73
surpass	0.00	1.77
transmission	0.00	1.60
viable	0.00	2.09
becomes	0.00	2.20
necessities	0.00	1.87
cover	0.00	1.67
gun	0.00	1.76
proof	0.00	2.44
plane	0.00	1.60
capabilities	0.00	1.89
investments	0.00	1.79
diet	0.00	1.50
bottle	0.01	1.49
terribly	0.01	2.16
consumers	0.01	1.69
tons	0.01	1.93
sea	0.01	1.61
charged	0.01	1.73
loads	0.01	1.84
doors	0.01	1.74
flight	0.01	1.59
invested	0.01	1.89
public	0.01	1.75
finance	0.01	1.62
3	0.01	2.38
9	0.01	2.17
modular	0.01	1.66
billions	0.01	2.28
commercial	0.01	1.77
inside	0.01	1.65
lasers	0.01	1.61
rising	0.01	1.66
bulk	0.01	1.59
goods	0.01	1.77
single	0.01	2.30
ocean	0.01	1.59
70s	0.01	2.45
panel	0.01	1.64
serve	0.01	1.72
becoming	0.01	2.24
sold	0.01	1.74
handful	0.01	1.94
essential	0.01	2.14
contracts	0.01	1.80
hydro	0.01	1.58
purchase	0.01	1.77
thrust	0.01	1.93
m	0.01	2.76
better	0.01	3.15
bag	0.01	1.57
gravity	0.01	1.83
retirement	0.01	1.76
someday	0.01	2.56
switch	0.01	1.80
spinning	0.01	1.86
quantities	0.01	1.82
rent	0.01	1.77
grid	0.01	1.66
0	0.01	2.54
strongly	0.01	2.38
mentally	0.01	1.73
properly	0.01	2.51
permanently	0.01	1.88
18	0.01	2.18
become	0.02	2.35
universal	0.02	1.84
minutes	0.02	2.62
skill	0.02	1.77
ground	0.02	1.85
stations	0.02	1.71
living	0.02	1.65
protecting	0.02	1.75
buildings	0.02	1.57
manager	0.02	1.68
output	0.02	1.74
peoples	0.02	1.75
including	0.02	2.09
foot	0.02	1.80
license	0.02	1.73
invest	0.02	1.84
format	0.02	1.68
environment	0.02	1.53
nutrition	0.02	1.40
components	0.02	1.80
escape	0.02	1.99
banks	0.02	1.68
highway	0.02	1.74
vacuum	0.02	1.72
during	0.02	2.09
inflation	0.02	1.70
retail	0.02	1.53
atomic	0.02	1.66
tends	0.02	1.72
11	0.02	2.27
doable	0.02	2.62
attempts	0.02	2.17
figures	0.02	2.01
populated	0.02	1.81
extra	0.02	2.23
thermal	0.02	1.54
national	0.02	1.70
ships	0.02	1.63
privately	0.02	1.67
urban	0.02	1.56
materials	0.02	1.76
fees	0.02	1.76
narrow	0.02	1.79
camera	0.02	1.56
cards	0.02	1.77
publicly	0.02	1.78
infrastructure	0.02	1.69
law	0.02	1.90
roof	0.02	1.61
extended	0.02	1.96
distribute	0.02	1.84
companies	0.02	1.75
marginal	0.02	1.79
fired	0.03	1.71
california	0.03	1.80
lights	0.03	1.58
heat	0.03	1.53
thick	0.03	1.75
reactor	0.03	1.53
area	0.03	1.76
frozen	0.03	1.57
established	0.03	1.92
covers	0.03	1.30
runs	0.03	1.92
tall	0.03	1.54
metals	0.03	1.76
carrier	0.03	1.62
16	0.03	2.21
forever	0.03	2.28
atmospheric	0.03	1.57
minerals	0.03	1.75
worked	0.03	2.46
test	0.03	2.04
connecting	0.03	1.79
industrial	0.03	1.94
energy	0.03	1.67
unknown	0.03	1.78
dropping	0.03	1.67
killer	0.03	1.73
base	0.03	1.71
easy	0.03	2.30
running	0.03	1.70
predicted	0.03	2.09
renewable	0.03	1.63
specialized	0.03	1.83
wire	0.03	1.69
unit	0.03	1.77
differences	0.03	2.14
command	0.03	1.51
compensate	0.04	1.96
14	0.04	2.26
option	0.04	3.07
institution	0.04	1.81
venture	0.04	1.65
momentum	0.04	2.03
sectors	0.04	1.75
funding	0.04	1.79
relying	0.04	2.18
excess	0.04	1.67
policy	0.04	1.75
printers	0.04	1.74
address	0.04	2.44
decreasing	0.04	1.68
ac	0.04	1.61
kinda	0.04	3.24
french	0.04	1.65
uploaded	0.04	1.75
tesla	0.04	1.63
layers	0.04	1.77
introducing	0.04	1.80
array	0.04	1.64
myth	0.04	1.79
method	0.04	2.37
lives	0.04	2.02
establish	0.04	1.72
none	0.04	2.69
restaurants	0.04	1.49
orbital	0.04	1.72
revenue	0.04	1.75
simulated	0.04	1.83
live	0.04	2.01
population	0.04	1.75
eternal	0.04	1.54
florida	0.04	1.81
independent	0.04	1.86
flash	0.04	1.60
renewables	0.05	1.61
weekend	0.05	1.96
supplies	0.05	1.70
humanoid	0.05	1.72
free	0.05	1.92
passenger	0.05	1.68
enemy	0.05	1.68
proportion	0.05	1.92
communicating	0.05	1.83
implemented	0.05	2.26
properties	0.05	1.81
exact	0.05	2.31
washington	0.05	1.79
fiat	0.05	1.71
homes	0.05	1.56
locked	0.05	1.70
venus	0.05	1.69
media	0.05	1.66
visible	0.05	1.61
90s	0.05	2.37
third	0.05	1.86
distinct	0.05	1.97
thrown	0.05	1.84
walls	0.05	1.60
purchasing	0.05	1.68
elevator	0.05	1.74
lower	0.05	1.72
transaction	0.05	1.70
strictly	0.05	1.99
annual	0.05	1.82
facilities	0.05	1.66
simulation	0.05	1.78
surface	0.05	1.65
decide	0.05	2.42
electrical	0.05	1.65
retire	0.05	2.25
decreased	0.05	1.70
three	0.05	2.38
hot	0.05	1.39
currencies	0.05	1.64
results	0.05	2.06
led	0.05	1.54
decreases	0.05	1.71
involved	0.05	2.22
pass	0.06	2.15
colony	0.06	1.68
necessity	0.06	1.77
training	0.06	1.76
hat	0.06	2.09
phenomena	0.06	1.93
generations	0.06	2.08
abundance	0.06	1.84
individuals	0.06	1.81
obstacles	0.06	2.16
settle	0.06	2.21
residential	0.06	1.63
banning	0.06	1.56
equality	0.06	1.54
centers	0.06	1.64
corner	0.06	1.76
customer	0.06	1.69
drastically	0.06	1.88
smooth	0.06	2.02
greenhouse	0.06	1.33
importantly	0.06	1.75
neutral	0.06	1.69
chamber	0.06	1.68
trivial	0.06	2.31
motor	0.06	1.67
norm	0.06	2.26
first	0.06	2.56
credibility	0.06	2.12
defined	0.06	2.10
automatically	0.06	2.09
bank	0.06	1.71
york	0.06	1.78
flexible	0.06	1.71
draw	0.06	2.23
apartment	0.06	1.60
reproduction	0.06	1.56
similarly	0.06	2.10
decrease	0.07	1.72
uploading	0.07	1.73
landing	0.07	1.75
stop	0.07	2.50
generating	0.07	1.62
increased	0.07	1.72
electrons	0.07	1.72
divide	0.07	1.82
payments	0.07	1.75
responding	0.07	2.85
concentrated	0.07	1.65
increases	0.07	1.71
points	0.07	2.95
judging	0.07	2.41
smartphones	0.07	1.94
increase	0.07	1.71
qualified	0.07	2.02
addressed	0.07	2.46
analyze	0.07	2.04
birds	0.07	1.35
helium	0.07	1.64
shall	0.07	1.53
bitcoin	0.07	1.73
virtual	0.07	1.68
customers	0.07	1.65
derived	0.07	1.81
shrink	0.07	1.79
monetary	0.07	1.63
unlimited	0.07	1.95
broad	0.07	2.35
reasonably	0.07	1.90
connections	0.07	1.71
cold	0.07	1.51
appear	0.07	2.43
credible	0.07	2.17
compete	0.07	1.91
suggests	0.07	1.83
nsa	0.07	1.81
shot	0.07	1.98
bitcoins	0.07	1.68
department	0.07	1.67
atoms	0.07	1.76
amount	0.07	1.97
weigh	0.07	1.87
immense	0.07	1.83
abundant	0.07	1.83
beam	0.08	1.66
wall	0.08	1.66
manufactured	0.08	1.93
desire	0.08	1.51
reduced	0.08	1.80
wallet	0.08	1.74
advantages	0.08	2.09
communities	0.08	1.67
asteroids	0.08	1.76
shipping	0.08	1.65
sensory	0.08	1.67
used	0.08	2.64
memory	0.08	1.64
mining	0.08	1.74
wider	0.08	1.87
interacting	0.08	1.75
criticism	0.08	2.69
created	0.08	2.06
each	0.08	2.16
generated	0.08	1.64
peak	0.08	1.68
leader	0.08	1.62
einstein	0.08	1.71
portion	0.08	2.00
bet	0.08	3.20
fortune	0.08	1.73
fish	0.08	1.33
door	0.08	1.78
reality	0.08	1.68
safely	0.08	2.10
globally	0.08	1.89
rates	0.08	1.68
printing	0.08	1.72
dependent	0.08	1.91
grants	0.08	1.76
currency	0.08	1.65
launched	0.08	1.69
expectancy	0.08	1.77
cities	0.08	1.68
increasing	0.08	1.71
transportation	0.08	1.68
sun	0.08	1.56
21	0.08	2.09
belt	0.08	1.72
ask	0.09	2.84
expanded	0.09	1.80
distances	0.09	1.89
arguments	0.09	2.81
conservation	0.09	2.00
grasp	0.09	2.59
implied	0.09	2.49
atom	0.09	1.84
formula	0.09	1.58
two	0.09	2.32
benefits	0.09	1.88
lanes	0.09	1.69
incentives	0.09	1.66
trips	0.09	2.04
storm	0.09	1.46
window	0.09	1.74
mines	0.09	1.74
wheel	0.09	1.74
pro	0.09	1.97
greatly	0.09	1.94
had	0.09	2.65
contain	0.09	1.82
printer	0.09	1.69
dimensions	0.09	2.02
transistors	0.09	1.72
forcing	0.09	2.08
straight	0.09	2.21
waiting	0.09	2.26
suburbs	0.09	1.68
brought	0.09	2.42
truck	0.09	1.70
funded	0.09	1.73
dense	0.09	1.79
melt	0.10	1.52
consumer	0.10	1.79
copper	0.10	1.71
storage	0.10	1.69
minimal	0.10	1.75
valuable	0.10	1.82
elderly	0.10	1.66
complexity	0.10	1.90
collected	0.10	1.74
replicating	0.10	1.75
cargo	0.10	1.68
slaves	0.10	1.34
cameras	0.10	1.65
immortal	0.10	1.81
launch	0.10	1.79
immensely	0.10	2.16
asteroid	0.10	1.76
volume	0.10	1.81
level	0.10	1.91
lunar	0.10	1.70
completed	0.10	1.84
implementing	0.10	2.00
offer	0.10	1.88
passes	0.10	1.80
commonly	0.10	2.05
orbit	0.10	1.74
anytime	0.10	2.88
social	0.10	1.67
designed	0.10	2.21
breed	0.10	1.31
spaces	0.10	1.67
exposure	0.10	1.35
dc	0.10	1.69
delivered	0.11	1.78
warehouse	0.11	1.58
known	0.11	2.16
san	0.11	1.74
viewpoint	0.11	2.12
mouse	0.11	1.67
wanting	0.11	1.90
functioning	0.11	1.62
galaxy	0.11	1.69
simulating	0.11	1.77
passing	0.11	1.89
fund	0.11	1.81
tap	0.11	1.96
supplement	0.11	1.46
aside	0.11	2.27
fit	0.11	1.91
types	0.11	2.30
makers	0.11	1.63
england	0.11	1.92
independently	0.11	2.12
won	0.11	1.81
farm	0.11	1.28
authority	0.11	1.95
example	0.11	3.19
80s	0.11	2.33
dramatically	0.11	1.88
connect	0.11	1.74
colonies	0.11	1.70
try	0.11	2.66
religious	0.11	1.90
explained	0.11	2.46
monitor	0.11	1.57
filling	0.12	1.82
stability	0.12	1.57
quite	0.12	2.83
limited	0.12	1.92
frame	0.12	1.95
former	0.12	1.68
integrated	0.12	1.72
split	0.12	1.89
relative	0.12	1.97
dry	0.12	1.33
local	0.12	1.58
fleet	0.12	1.79
suburban	0.12	1.61
apply	0.12	2.51
digging	0.12	1.79
firing	0.12	1.76
whose	0.12	1.72
flights	0.12	1.76
percentage	0.12	1.86
system	0.12	1.91
amounts	0.12	1.83
representation	0.12	1.70
enhance	0.12	1.61
dozen	0.12	2.27
moon	0.12	1.71
rock	0.12	1.76
flat	0.12	1.65
aspects	0.12	1.91
container	0.12	1.59
decision	0.12	2.29
set	0.12	1.86
sensor	0.12	1.63
height	0.12	1.69
simulate	0.12	1.91
calls	0.12	1.84
pot	0.12	1.47
scientifically	0.12	2.00
robot	0.12	1.71
open	0.12	1.78
terraforming	0.12	1.86
higher	0.13	1.73
contains	0.13	1.41
inch	0.13	1.78
leo	0.13	1.71
estate	0.13	1.67
clothing	0.13	1.68
prize	0.13	1.78
permanent	0.13	1.74
sufficient	0.13	1.81
towns	0.13	1.71
notion	0.13	2.27
pack	0.13	1.55
digital	0.13	1.67
rocket	0.13	1.78
blocks	0.13	1.71
confident	0.13	2.61
mouth	0.13	1.75
minute	0.13	2.45
molecular	0.13	1.73
choices	0.13	1.86
crew	0.13	1.67
floor	0.13	1.65
additional	0.13	1.97
flow	0.13	1.76
airplane	0.13	1.63
declining	0.13	1.73
themselves	0.13	2.46
eggs	0.13	1.49
alpha	0.13	1.71
launches	0.13	1.73
suggest	0.13	2.88
services	0.13	1.81
territory	0.13	1.73
nail	0.13	1.92
identity	0.13	1.78
throw	0.13	2.08
areas	0.13	1.79
journey	0.13	2.16
generic	0.13	1.76
methods	0.13	2.04
chinese	0.13	1.64
consumed	0.13	1.62
upgrade	0.13	1.78
proper	0.14	1.48
shielding	0.14	1.60
includes	0.14	1.99
copying	0.14	1.73
static	0.14	2.11
desk	0.14	1.78
radar	0.14	1.63
deal	0.14	2.84
3d	0.14	1.70
stopped	0.14	2.16
24/7	0.14	1.79
lowering	0.14	1.68
outer	0.14	1.69
travel	0.14	2.00
boat	0.14	1.58
scope	0.14	1.88
assumptions	0.14	3.54
suck	0.14	2.84
drink	0.14	1.44
bill	0.14	1.62
operation	0.14	1.71
metal	0.14	1.75
demographic	0.14	1.71
chances	0.14	1.85
quality	0.14	1.71
difficulty	0.14	2.12
behind	0.14	2.03
relativity	0.14	2.00
mars	0.14	1.70
circuits	0.15	1.77
stored	0.15	1.61
forward	0.15	2.56
craft	0.15	1.74
tablets	0.15	1.77
highways	0.15	1.63
lab	0.15	1.59
techniques	0.15	1.78
magnetic	0.15	1.72
layer	0.15	1.80
pattern	0.15	1.78
calories	0.15	1.48
purely	0.15	1.89
meeting	0.15	1.54
real	0.15	2.24
neural	0.15	1.71
card	0.15	1.76
bi	0.15	1.86
moral	0.15	2.06
acquire	0.15	1.70
distance	0.15	1.98
dealt	0.15	2.30
platform	0.15	1.65
22	0.15	2.09
parks	0.15	1.65
meet	0.15	1.60
ourselves	0.15	2.25
products	0.15	1.70
climb	0.15	2.00
doubling	0.15	1.87
isps	0.15	1.62
education	0.16	1.80
delivery	0.16	1.67
chips	0.16	1.72
priority	0.16	1.79
idk	0.16	2.39
arms	0.16	1.76
methane	0.16	1.39
backup	0.16	1.72
economic	0.16	1.61
station	0.16	1.75
fiber	0.16	1.66
challenge	0.16	2.15
ethical	0.16	2.20
logic	0.16	2.59
citation	0.16	2.27
product	0.16	1.70
collect	0.16	1.76
ultra	0.16	1.67
inputs	0.16	1.73
directed	0.16	1.85
rarely	0.16	2.01
remote	0.16	1.72
2012	0.16	1.90
naturally	0.16	1.69
spectrum	0.16	1.71
front	0.16	1.90
unrelated	0.16	1.91
finally	0.16	2.82
creating	0.16	1.92
paradox	0.16	1.99
strive	0.16	1.58
experiences	0.16	1.64
screw	0.16	2.56
core	0.16	1.74
adjust	0.16	1.86
slower	0.16	2.06
3rd	0.16	1.81
expectations	0.16	1.68
electronic	0.16	1.61
shuttle	0.16	1.72
complicated	0.16	1.98
shrinking	0.16	1.74
consideration	0.16	2.07
value	0.16	1.68
nyc	0.16	1.73
copy	0.16	1.88
pressure	0.16	1.65
lock	0.17	1.84
intended	0.17	2.16
night	0.17	1.80
drone	0.17	1.57
vice	0.17	1.49
realities	0.17	1.90
leg	0.17	1.84
estimated	0.17	2.08
bomb	0.17	1.61
principles	0.17	2.07
wide	0.17	1.89
city	0.17	1.68
holes	0.17	1.71
transferred	0.17	1.79
allowed	0.17	2.02
particles	0.17	1.78
electronics	0.17	1.64
confidence	0.17	1.83
primary	0.17	2.15
worlds	0.17	1.75
goals	0.17	1.68
inner	0.17	1.76
measure	0.17	1.96
increasingly	0.17	1.93
cable	0.17	1.61
mechanics	0.17	1.94
values	0.17	1.51
facility	0.17	1.66
underestimate	0.17	1.89
parking	0.17	1.63
empathy	0.17	1.59
magically	0.17	2.36
scale	0.17	1.75
integration	0.17	1.74
anybody	0.17	2.70
iss	0.17	1.70
additionally	0.17	1.55
funds	0.17	1.80
giant	0.17	1.66
practical	0.17	2.32
ought	0.18	1.73
changing	0.18	1.95
kickstarter	0.18	1.69
raise	0.18	1.70
calculations	0.18	1.99
widely	0.18	2.23
yourself	0.18	2.56
rockets	0.18	1.68
tried	0.18	2.38
group	0.18	1.73
experts	0.18	1.73
optical	0.18	1.68
division	0.18	1.66
managers	0.18	1.57
systems	0.18	1.76
freight	0.18	1.69
seen	0.18	2.56
common	0.18	2.31
introduction	0.18	1.81
extent	0.18	2.84
magic	0.18	2.17
phones	0.18	1.69
print	0.18	1.68
century	0.19	2.34
warp	0.19	2.08
maglev	0.19	1.65
aspect	0.19	2.20
trains	0.19	1.70
input	0.19	1.71
finger	0.19	1.66
producers	0.19	1.64
plan	0.19	1.97
pricing	0.19	1.82
releasing	0.19	1.74
wont	0.19	2.90
colonization	0.19	1.74
recently	0.19	2.41
bit	0.19	2.50
logically	0.19	2.70
streets	0.19	1.58
long-term	0.19	1.83
answer	0.19	2.91
weed	0.19	1.44
shown	0.19	2.41
touch	0.19	1.63
plastic	0.19	1.78
clone	0.19	1.76
wanted	0.19	2.42
travelling	0.20	1.98
launching	0.20	1.70
particle	0.20	1.80
low	0.20	1.78
accepted	0.20	2.07
ethics	0.20	1.92
revolution	0.20	1.99
patents	0.20	1.55
initially	0.20	2.22
interpret	0.20	2.05
vulnerable	0.20	1.73
button	0.20	1.79
routes	0.20	1.75
tracking	0.20	1.65
realized	0.20	2.47
classes	0.20	1.72
origin	0.20	1.92
safety	0.20	1.48
determine	0.20	2.24
storing	0.20	1.68
taxis	0.20	1.72
divided	0.20	1.84
genetics	0.20	1.66
crowd	0.20	1.74
satellite	0.20	1.66
collecting	0.20	1.98
together	0.21	2.05
observed	0.21	2.29
relationship	0.21	1.87
reproduce	0.21	1.46
serving	0.21	1.43
influenced	0.21	1.58
grant	0.21	1.82
promoting	0.21	1.54
device	0.21	1.72
providers	0.21	1.62
explicitly	0.21	2.50
slightly	0.21	2.26
prepare	0.21	1.51
continuously	0.21	1.63
developed	0.21	2.29
fulfill	0.21	1.54
foreign	0.21	1.62
several	0.21	2.32
commute	0.21	2.01
seemingly	0.21	2.09
arrive	0.21	2.33
connection	0.21	1.69
ship	0.21	1.77
cultural	0.21	1.75
custom	0.21	1.69
warm	0.21	1.27
freedom	0.21	1.57
comcast	0.21	1.60
belongs	0.22	1.89
plausible	0.22	1.87
gods	0.22	2.03
represent	0.22	1.82
towers	0.22	1.57
sufficiently	0.22	1.99
foreseeable	0.22	2.03
based	0.22	2.17
computer	0.22	1.74
tower	0.22	1.57
correlation	0.22	2.17
space	0.22	1.73
upload	0.22	1.76
colonize	0.22	1.71
purpose	0.22	1.99
hair	0.22	1.77
simultaneously	0.22	1.73
am	0.22	2.59
rest	0.22	2.11
chip	0.22	1.71
supposedly	0.22	1.74
planet	0.22	1.68
actions	0.22	1.62
mission	0.22	1.71
collectively	0.22	1.86
hardest	0.22	2.13
sophisticated	0.22	1.80
connected	0.22	1.75
whatever	0.22	2.95
bunch	0.22	2.19
boundaries	0.22	1.87
improve	0.23	1.96
implications	0.23	2.07
satellites	0.23	1.64
adult	0.23	1.67
expression	0.23	1.41
leds	0.23	1.54
tests	0.23	1.88
doctor	0.23	1.80
quantum	0.23	1.88
letting	0.23	1.96
planetary	0.23	1.71
incentive	0.23	1.77
statistics	0.23	2.09
planets	0.23	1.66
screens	0.23	1.55
thin	0.23	1.64
ways	0.23	2.58
features	0.23	1.82
ring	0.23	1.51
randomly	0.23	1.82
utility	0.23	1.59
press	0.23	1.79
improves	0.23	1.80
gains	0.23	1.87
satisfy	0.23	1.45
among	0.23	1.82
beings	0.23	1.85
definition	0.24	2.19
colonizing	0.24	1.70
shoes	0.24	1.52
2010	0.24	2.08
available	0.24	2.10
luxury	0.24	1.62
apparent	0.24	2.03
experiments	0.24	2.06
simulations	0.24	1.76
learn	0.24	2.15
audience	0.24	1.68
maintained	0.24	1.71
receiving	0.24	1.73
adds	0.24	1.93
despite	0.24	1.95
trip	0.24	2.00
verify	0.24	2.06
cop	0.24	1.92
alternatives	0.24	2.02
chicago	0.24	1.70
request	0.24	1.82
understood	0.24	2.47
lots	0.24	2.17
contributing	0.24	1.46
extending	0.24	1.64
access	0.24	1.83
reasoning	0.24	2.62
london	0.24	1.68
manned	0.25	1.71
technical	0.25	2.01
theory	0.25	2.39
ubi	0.25	1.89
bought	0.25	1.95
silicon	0.25	1.72
hold	0.25	2.25
alternative	0.25	2.03
rail	0.25	1.73
plus	0.25	2.10
pointed	0.25	2.60
vertical	0.25	1.36
expand	0.25	1.85
table	0.25	1.77
radioactive	0.25	1.38
guide	0.25	1.78
store	0.25	1.55
ram	0.25	1.68
spacecraft	0.25	1.70
ibm	0.25	1.63
buses	0.25	1.65
invented	0.25	2.24
keys	0.25	1.81
wireless	0.25	1.68
missions	0.25	1.70
variable	0.25	1.78
domain	0.25	1.71
boston	0.25	1.76
interplanetary	0.25	1.78
box	0.25	1.70
probe	0.25	1.68
theirs	0.25	2.05
waves	0.26	1.59
2011	0.26	1.91
plasma	0.26	1.66
fed	0.26	1.36
traffic	0.26	1.57
copies	0.26	1.74
greater	0.26	1.71
mixed	0.26	1.82
via	0.26	1.80
courses	0.26	2.00
older	0.26	1.71
lettuce	0.26	1.25
grocery	0.26	1.46
individual	0.26	1.78
passengers	0.26	1.67
race	0.26	1.80
windows	0.26	1.65
feeding	0.26	1.38
computational	0.26	1.77
describes	0.26	1.65
call	0.26	2.42
ar	0.26	1.63
remember	0.26	2.55
reactors	0.26	1.36
boomers	0.26	1.74
confirm	0.26	2.03
actively	0.26	1.81
medium	0.27	1.61
thorium	0.27	1.39
sensors	0.27	1.64
discovered	0.27	2.21
shoot	0.27	1.51
leaders	0.27	1.54
create	0.27	2.24
comparison	0.27	2.28
swap	0.27	1.72
blockchain	0.27	1.72
groceries	0.27	1.61
presence	0.27	1.78
amongst	0.27	1.63
profession	0.27	1.71
traveling	0.27	2.02
encryption	0.27	1.69
processor	0.27	1.72
studied	0.28	2.24
duty	0.28	1.75
angle	0.28	1.75
nasa	0.28	1.76
differently	0.28	2.40
astronauts	0.28	1.57
dynamics	0.28	1.90
subway	0.28	1.71
clock	0.28	1.77
civilization	0.28	1.78
mobile	0.28	1.69
photons	0.28	1.67
eating	0.28	1.77
covering	0.28	1.47
boost	0.28	1.75
block	0.28	1.70
nano	0.28	1.69
tricky	0.28	2.10
taxi	0.28	1.69
grows	0.28	1.66
dig	0.28	1.96
transfer	0.28	1.74
thing	0.28	3.05
encourage	0.28	1.83
honestly	0.28	2.97
isp	0.28	1.60
growing	0.28	1.57
develop	0.28	2.15
stores	0.28	1.48
phenomenon	0.28	1.92
flying	0.29	1.51
sleep	0.29	1.88
suppose	0.29	3.15
siri	0.29	1.53
maintain	0.29	1.66
transistor	0.29	1.74
visual	0.29	1.69
refuse	0.29	2.26
iphone	0.29	1.69
computing	0.29	1.77
contained	0.29	1.80
drives	0.29	1.61
2014	0.29	2.09
ongoing	0.29	1.71
variation	0.29	1.70
universities	0.29	1.73
accessible	0.29	1.84
advanced	0.29	1.87
must	0.29	2.55
heads	0.29	2.04
marketing	0.29	1.79
restaurant	0.29	1.39
usable	0.29	1.81
trash	0.29	1.84
rare	0.29	1.86
display	0.29	1.59
luckily	0.29	1.80
populations	0.29	1.42
professionals	0.29	1.63
intel	0.29	1.67
recall	0.29	2.05
algorithms	0.30	1.75
prosperity	0.30	1.52
probes	0.30	1.67
town	0.30	1.60
passive	0.30	1.59
processing	0.30	1.70
generation	0.30	1.67
watson	0.30	1.77
views	0.30	1.73
accuracy	0.30	1.88
distinction	0.30	2.15
non	0.30	1.81
interior	0.30	1.62
package	0.30	1.60
released	0.30	1.70
cab	0.30	1.65
framework	0.30	1.95
gender	0.30	1.55
gen	0.30	1.84
interface	0.30	1.69
portable	0.30	1.71
dozens	0.30	2.29
wouldnt	0.30	2.38
service	0.30	1.65
moves	0.30	1.93
size	0.30	1.80
categories	0.30	2.08
architecture	0.30	1.70
memories	0.30	1.58
depending	0.30	2.00
coverage	0.30	1.63
pipe	0.31	1.50
particular	0.31	2.10
relationships	0.31	1.53
indoor	0.31	1.26
darpa	0.31	1.73
grew	0.31	1.97
signals	0.31	1.64
lawyers	0.31	1.55
lifestyle	0.31	1.43
processors	0.31	1.72
interfaces	0.31	1.65
compatible	0.31	1.97
functionality	0.31	1.52
bandwidth	0.31	1.66
mind	0.31	1.73
radiation	0.31	1.57
owning	0.31	1.63
devices	0.31	1.67
item	0.31	1.54
premium	0.31	1.57
smartphone	0.31	1.66
program	0.31	1.86
keyboard	0.31	1.69
cpu	0.31	1.72
scratch	0.31	1.61
plenty	0.31	2.28
resist	0.32	1.56
role	0.32	2.07
raises	0.32	1.89
politics	0.32	1.74
networks	0.32	1.68
deep	0.32	1.69
larger	0.32	1.78
phone	0.32	1.68
branch	0.32	1.56
wild	0.32	1.36
grow	0.32	1.27
decided	0.32	1.55
quo	0.32	1.66
earned	0.32	2.08
absorb	0.32	1.41
android	0.32	1.69
bottom	0.32	1.86
account	0.32	2.10
ie	0.32	1.84
bar	0.32	1.43
latency	0.32	1.67
measured	0.32	1.93
principle	0.32	2.01
spacex	0.32	1.71
version	0.33	1.84
speed	0.33	1.91
classical	0.33	1.82
intellectual	0.33	1.58
week	0.33	2.34
communicate	0.33	2.05
locally	0.33	1.54
countless	0.33	2.24
teach	0.33	1.86
vary	0.33	1.92
indicate	0.33	2.06
sunlight	0.33	1.37
literal	0.33	2.19
speeds	0.33	1.92
donate	0.33	1.86
enterprise	0.34	1.73
neighborhood	0.34	1.55
grab	0.34	1.58
numerous	0.34	2.18
complex	0.34	1.88
empire	0.34	1.70
zero	0.34	2.10
afterwards	0.34	1.76
algorithm	0.34	1.76
convenience	0.34	1.66
category	0.34	1.49
strategy	0.34	1.97
delivering	0.34	1.70
definitely	0.34	3.19
longevity	0.34	1.73
main	0.34	2.26
forced	0.34	2.02
receive	0.34	1.76
model	0.34	1.79
multiple	0.34	2.21
anti	0.34	1.75
calculation	0.34	1.97
newer	0.34	2.02
hardware	0.34	1.70
present	0.34	2.41
amazon	0.34	1.52
location	0.35	2.01
automobile	0.35	1.72
observation	0.35	2.42
actual	0.35	2.00
margin	0.35	1.83
isolated	0.35	1.59
worrying	0.35	2.61
pocket	0.35	1.74
banned	0.35	1.62
afaik	0.35	1.85
desktop	0.35	1.67
represents	0.35	1.66
applied	0.35	2.21
let	0.35	2.88
mirror	0.35	1.52
winter	0.35	1.37
blue	0.35	1.75
simple	0.35	1.88
performance	0.35	1.73
schools	0.35	1.68
improved	0.35	1.86
school	0.35	1.78
theoretical	0.35	1.68
standing	0.36	1.84
defining	0.36	1.96
crack	0.36	1.63
explaining	0.36	2.46
versions	0.36	1.70
below	0.36	1.76
dominant	0.36	1.86
originally	0.36	2.38
offspring	0.36	1.52
round	0.36	1.73
network	0.36	1.64
volunteer	0.36	1.88
came	0.36	2.47
downside	0.36	1.83
transform	0.36	1.77
regardless	0.36	1.97
abandoned	0.36	1.48
cup	0.36	1.45
returns	0.36	1.82
chemistry	0.37	1.70
too	0.37	2.71
wifi	0.37	1.65
focused	0.37	1.70
really	0.37	3.15
quit	0.37	1.83
surviving	0.37	1.53
clean	0.37	1.46
number	0.37	1.90
many	0.37	2.39
computation	0.37	1.77
sum	0.37	1.77
thoroughly	0.37	1.84
proposal	0.37	1.82
designing	0.37	1.58
detection	0.37	1.76
give	0.37	2.54
lesser	0.37	1.68
cloud	0.37	1.67
microsoft	0.37	1.61
coffee	0.37	1.44
sole	0.37	1.83
harsh	0.38	1.92
determined	0.38	2.25
heard	0.38	2.17
train	0.38	1.67
blows	0.38	1.99
extension	0.38	1.69
robust	0.38	1.58
spot	0.38	1.79
recognition	0.38	1.68
finding	0.38	2.43
continually	0.38	1.71
protocol	0.38	1.69
brings	0.38	1.74
accounts	0.38	1.76
stars	0.38	1.55
basics	0.38	1.89
firms	0.39	1.70
transit	0.39	1.63
beliefs	0.39	1.64
adults	0.39	1.62
path	0.39	1.97
field	0.39	1.80
interstellar	0.39	1.74
include	0.39	2.10
airport	0.39	1.75
speaking	0.39	1.94
terms	0.39	2.07
transhumanism	0.39	1.65
relation	0.39	1.87
opening	0.39	1.70
approaches	0.39	2.00
expanding	0.39	1.82
different	0.39	2.23
precise	0.39	2.20
immediate	0.39	1.81
la	0.39	1.70
opt	0.39	1.90
everyday	0.39	1.67
instructions	0.39	1.77
alternate	0.40	1.60
describing	0.40	3.25
title	0.40	2.31
consuming	0.40	1.52
references	0.40	1.61
records	0.40	1.59
college	0.40	1.73
elysium	0.40	1.49
advertising	0.40	1.58
numbers	0.40	1.97
applying	0.40	1.97
made	0.40	2.29
implementation	0.40	1.87
mesh	0.40	1.68
id	0.40	1.71
laptop	0.40	1.61
capture	0.40	1.52
signed	0.40	1.77
guess	0.40	3.15
rational	0.41	2.08
exploring	0.41	1.79
leverage	0.41	1.76
opportunity	0.41	1.58
grade	0.41	1.77
length	0.41	1.90
communications	0.41	1.61
add	0.41	2.29
spaceship	0.41	1.91
degrees	0.41	1.76
kitchen	0.41	1.37
severely	0.41	1.70
lowest	0.41	1.81
etc	0.41	1.75
comes	0.41	2.54
cook	0.41	1.74
physics	0.41	1.93
ahead	0.41	2.67
teaching	0.41	1.76
tablet	0.41	1.67
dystopian	0.41	1.57
retain	0.41	1.69
applicable	0.41	2.25
club	0.41	1.67
inability	0.42	2.13
analysis	0.42	2.20
factor	0.42	2.24
sample	0.42	1.80
lunch	0.42	1.58
sexual	0.42	1.40
track	0.42	1.66
imo	0.42	2.55
especially	0.42	2.37
awhile	0.42	2.00
morning	0.42	1.77
opened	0.42	1.50
mail	0.42	1.59
items	0.42	1.57
ion	0.42	1.73
hear	0.42	2.85
pick	0.42	2.17
gps	0.42	1.66
preserve	0.42	1.58
those	0.42	2.46
desirable	0.42	1.89
scanning	0.42	1.72
native	0.42	1.66
models	0.43	1.98
student	0.43	1.71
detroit	0.43	1.74
animals	0.43	1.21
dust	0.43	1.67
our	0.43	1.89
acceptance	0.43	1.66
ups	0.43	1.79
vr	0.43	1.67
sequencing	0.43	1.71
experimental	0.43	2.05
somewhat	0.43	2.37
develops	0.43	2.33
learned	0.43	1.99
street	0.43	1.55
summer	0.43	1.43
transmit	0.43	1.64
students	0.43	1.74
activity	0.43	1.47
concerning	0.44	1.68
university	0.44	1.74
trends	0.44	1.91
zone	0.44	1.63
clarify	0.44	2.65
candidate	0.44	1.50
expert	0.44	1.95
ownership	0.44	1.75
initial	0.44	1.86
minds	0.44	1.80
reaction	0.44	1.62
programmers	0.44	1.57
reward	0.44	1.46
historically	0.44	2.09
fashion	0.44	1.65
networking	0.45	1.70
ticket	0.45	1.68
bots	0.45	1.65
hopes	0.45	1.70
sector	0.45	1.74
programming	0.45	1.69
projects	0.45	1.89
boss	0.45	1.89
nearest	0.45	1.78
scan	0.45	1.67
some	0.45	2.74
elsewhere	0.45	2.27
nanotech	0.45	1.70
effective	0.45	1.82
2d	0.45	1.66
jack	0.45	1.87
samsung	0.45	1.64
reflect	0.45	1.71
enormous	0.45	1.84
internet	0.45	1.59
options	0.45	2.02
vacation	0.46	1.92
screen	0.46	1.60
shop	0.46	1.44
17	0.46	2.06
winning	0.46	1.74
philosophy	0.46	1.71
blown	0.46	1.87
trend	0.46	2.03
large	0.46	1.80
specific	0.46	2.07
listed	0.46	2.32
debate	0.47	2.42
learning	0.47	1.72
names	0.47	1.68
beach	0.47	1.50
reduction	0.47	1.63
peers	0.47	1.80
taught	0.47	1.79
rewards	0.47	1.56
apple	0.47	1.64
precisely	0.47	2.05
express	0.47	1.57
sphere	0.47	1.63
played	0.47	1.50
solutions	0.47	2.22
hidden	0.47	1.62
regular	0.48	1.52
feature	0.48	1.62
mom	0.48	1.88
math	0.48	1.83
source	0.48	1.91
solves	0.48	1.99
hardly	0.48	2.20
notes	0.48	1.78
hang	0.48	1.27
noise	0.48	1.30
rift	0.48	1.56
2013	0.48	2.01
communication	0.48	1.68
pc	0.48	1.63
statistical	0.48	2.00
versus	0.48	1.52
typical	0.48	1.77
merit	0.48	2.14
gaps	0.48	1.73
shares	0.48	1.56
experiment	0.49	1.97
entanglement	0.49	1.82
akin	0.49	1.55
cheapest	0.49	3.01
displays	0.49	1.54
mentioned	0.49	2.28
mark	0.49	2.36
he	0.49	2.01
seats	0.49	1.50
occasionally	0.49	1.54
interests	0.49	1.49
expertise	0.49	1.69
small	0.49	1.92
releases	0.49	1.48
slow	0.49	1.89
him	0.49	2.06
sacrifice	0.49	1.79
cooperation	0.49	1.49
startup	0.50	1.78
alone	0.50	2.29
depend	0.50	2.70
sens	0.50	1.59
bus	0.50	1.67
graduate	0.50	1.73
teacher	0.50	1.74
teachers	0.50	1.62
delay	0.50	1.87
allow	0.50	2.09
second	0.50	2.30
send	0.50	1.69
narrative	0.50	1.71
offering	0.50	1.64
binary	0.50	1.73
studies	0.51	1.94
background	0.51	1.58
habitable	0.51	1.55
dreams	0.51	1.42
economist	0.51	1.93
survival	0.51	1.67
paths	0.51	1.74
counter	0.51	2.04
micro	0.51	1.56
variety	0.51	1.98
signal	0.51	1.57
caring	0.51	1.73
addition	0.51	1.66
predictable	0.51	1.76
sending	0.51	1.64
par	0.51	1.80
domestic	0.52	1.38
male	0.52	1.47
seat	0.52	1.64
engineers	0.52	1.60
abstract	0.52	1.80
depends	0.52	2.37
clothes	0.52	1.43
provided	0.52	1.79
asked	0.52	2.28
till	0.52	2.61
form	0.52	2.14
reads	0.52	2.23
convenient	0.52	1.80
philosophical	0.52	1.80
approach	0.52	2.11
opinions	0.53	1.74
societal	0.53	1.65
park	0.53	1.59
innovate	0.53	1.83
individually	0.53	1.80
certain	0.53	2.33
suited	0.53	1.87
term	0.53	2.15
elaborate	0.53	2.37
relatively	0.53	2.16
garage	0.53	1.39
appropriate	0.54	1.88
head	0.54	1.73
nanotechnology	0.54	1.76
server	0.54	1.69
nation	0.54	1.90
felt	0.54	1.68
gates	0.54	1.76
servers	0.54	1.75
remains	0.54	2.01
vegetables	0.54	1.52
rules	0.54	2.35
degree	0.54	1.74
researching	0.55	1.87
odds	0.55	1.93
finish	0.55	1.84
collective	0.55	1.77
joe	0.55	1.70
interpretation	0.55	3.06
dinner	0.55	1.55
knowledge	0.55	1.72
explore	0.55	1.67
quoted	0.55	2.22
women	0.55	1.52
interest	0.55	1.56
microwave	0.55	1.48
developing	0.55	2.01
biology	0.56	1.74
female	0.56	1.40
babies	0.56	1.50
teleportation	0.56	1.86
unexpected	0.56	1.90
context	0.56	2.45
precision	0.56	1.67
hired	0.57	1.76
wave	0.57	1.61
sources	0.57	1.61
analogy	0.57	2.25
younger	0.57	1.48
max	0.57	1.84
whilst	0.57	1.74
manner	0.57	1.81
possibilities	0.57	1.79
raising	0.57	1.50
tracks	0.57	1.63
vast	0.57	1.82
follows	0.57	1.88
researchers	0.57	1.67
project	0.58	1.79
other	0.58	2.28
cloning	0.58	1.38
these	0.58	2.29
particularly	0.58	2.46
accurate	0.58	3.01
equally	0.58	1.95
shops	0.58	1.49
major	0.58	1.96
graphics	0.58	1.62
psychology	0.59	1.75
drawing	0.59	1.74
lockheed	0.59	1.82
worthy	0.59	1.51
tag	0.59	2.17
sent	0.59	1.64
fruits	0.59	1.47
further	0.59	2.35
pop	0.59	1.53
valid	0.59	3.09
walking	0.59	1.64
showing	0.59	2.15
dirty	0.59	1.64
martin	0.59	1.59
ton	0.59	2.08
phd	0.59	1.73
elevators	0.59	1.77
software	0.60	1.59
speech	0.60	1.66
curve	0.60	1.84
engineer	0.60	1.77
engineering	0.60	1.68
region	0.60	1.38
himself	0.60	1.90
rate	0.60	1.74
programmer	0.60	1.63
granted	0.60	1.76
questions	0.60	2.27
database	0.60	1.66
understanding	0.61	2.00
competing	0.61	1.89
industry	0.61	1.73
slowing	0.61	1.83
skills	0.61	1.64
selected	0.61	1.73
developer	0.61	1.60
ball	0.62	1.79
recipe	0.62	1.49
walk	0.62	1.63
existing	0.62	2.06
house	0.62	1.35
mentions	0.62	1.80
perceived	0.62	1.49
findings	0.62	2.05
data	0.62	1.76
creator	0.62	1.68
os	0.62	1.62
comfort	0.63	1.49
resolution	0.63	1.58
app	0.63	1.63
visit	0.63	1.71
radically	0.63	2.12
rapidly	0.63	1.95
monthly	0.63	1.58
professional	0.63	1.55
indefinitely	0.63	1.66
1st	0.63	1.89
mathematics	0.64	1.81
20th	0.64	2.13
google	0.64	1.58
neuroscience	0.64	1.74
holds	0.64	1.76
basis	0.64	2.05
moore	0.64	1.82
kids	0.64	1.64
bed	0.64	1.60
fast	0.64	1.78
suit	0.64	1.66
medical	0.64	1.80
graphene	0.64	1.73
following	0.64	1.86
earlier	0.64	2.38
yesterday	0.64	1.50
theories	0.64	2.02
regarding	0.64	1.68
discuss	0.64	2.13
spare	0.65	1.65
research	0.65	1.72
kurzweil	0.65	1.66
soft	0.65	1.68
me	0.65	2.45
household	0.65	1.40
band	0.65	1.45
nearby	0.65	1.45
messages	0.65	1.62
industries	0.65	1.85
recorded	0.65	1.66
phrase	0.65	2.09
listening	0.66	1.31
13	0.66	2.01
rush	0.66	1.65
fairly	0.66	2.11
lawyer	0.66	1.66
motivation	0.66	1.55
interested	0.66	2.35
fusion	0.66	1.57
apps	0.66	1.60
scientist	0.66	1.74
masters	0.66	1.61
animal	0.66	1.19
measurement	0.66	1.83
user	0.66	1.61
german	0.66	1.58
continues	0.67	1.82
imagination	0.67	1.60
continuous	0.67	1.58
various	0.67	2.21
fantasy	0.67	1.45
tone	0.67	1.95
tomorrow	0.67	2.59
trap	0.67	1.73
matrix	0.68	1.34
biggest	0.68	2.08
iron	0.68	1.76
warning	0.68	1.91
satisfied	0.68	2.15
comprehension	0.68	2.20
tiny	0.68	1.76
release	0.68	1.68
given	0.68	2.18
economics	0.68	1.80
peer	0.68	1.87
brother	0.68	2.42
creation	0.69	1.84
participate	0.69	1.65
schedule	0.69	1.78
responses	0.69	1.71
painting	0.69	1.53
exercise	0.69	1.56
spring	0.69	1.58
transport	0.69	1.55
studying	0.70	1.74
design	0.70	1.61
developers	0.70	1.53
home	0.70	1.55
lt	0.70	2.36
spend	0.70	1.84
received	0.70	1.76
artists	0.70	1.41
unique	0.70	1.78
feedback	0.70	1.48
curious	0.71	2.32
brand	0.71	1.59
successful	0.71	1.70
sensible	0.71	1.62
canadian	0.71	1.50
regularly	0.71	1.61
destination	0.71	1.69
very	0.71	2.34
mathematical	0.71	1.90
she	0.71	1.94
refer	0.71	2.25
ect	0.71	1.78
young	0.71	1.44
boom	0.71	1.67
deliver	0.71	1.66
graphic	0.71	2.16
surely	0.72	2.14
sort	0.72	2.13
island	0.72	1.68
continued	0.72	1.79
shopping	0.72	1.41
route	0.72	1.90
legitimate	0.72	1.83
paradigm	0.73	1.79
balanced	0.73	1.44
discover	0.73	2.04
reported	0.73	1.77
invisible	0.73	1.67
significant	0.73	1.78
cast	0.73	1.68
tools	0.73	1.78
select	0.74	1.71
coin	0.74	1.62
slight	0.74	1.62
constantly	0.74	1.69
catching	0.74	1.86
staying	0.74	1.75
mapping	0.74	1.63
humanity	0.74	1.80
frequency	0.74	1.45
own	0.74	1.64
niche	0.74	1.74
accelerate	0.75	1.98
king	0.75	1.57
motorcycle	0.75	1.48
e	0.75	2.07
community	0.75	1.69
oculus	0.75	1.55
code	0.75	1.67
g	0.76	2.15
coding	0.76	1.64
feel	0.76	2.23
photos	0.76	1.65
big	0.76	2.13
sit	0.76	1.88
super	0.76	2.16
reports	0.76	1.77
secure	0.77	1.45
un	0.77	1.67
decentralized	0.77	1.68
mad	0.77	2.36
figured	0.77	2.23
continuing	0.77	1.60
researcher	0.77	1.78
joking	0.77	3.29
article	0.78	2.31
helped	0.78	1.68
largest	0.78	1.90
measuring	0.78	1.86
n	0.78	2.06
minor	0.78	1.85
segment	0.78	1.52
born	0.78	1.68
directions	0.79	1.89
applications	0.79	1.80
exponentially	0.79	1.88
closely	0.79	1.72
eg	0.79	2.26
formal	0.79	1.80
insert	0.79	1.62
sleeping	0.79	1.72
plays	0.80	1.74
suits	0.80	1.61
medicine	0.80	1.72
surprisingly	0.80	2.10
ip	0.80	1.49
children	0.80	1.58
wired	0.80	1.86
mit	0.81	1.64
continue	0.81	1.97
prototype	0.81	1.76
r	0.81	2.06
author	0.81	2.09
perspective	0.81	1.93
reliable	0.81	1.55
amp	0.81	2.13
totally	0.81	2.45
makes	0.81	2.17
conversations	0.81	1.61
study	0.82	1.79
physicists	0.82	1.74
edge	0.82	1.84
their	0.82	1.78
suitable	0.82	2.55
endless	0.82	1.66
teams	0.82	1.54
academic	0.82	1.68
labs	0.82	1.79
chair	0.82	1.61
explains	0.83	1.89
master	0.83	1.62
reference	0.83	1.70
stable	0.83	1.42
prime	0.83	1.16
t	0.83	2.08
english	0.84	1.79
languages	0.84	1.74
remain	0.84	1.65
enable	0.84	1.82
professor	0.84	1.64
men	0.84	1.54
youth	0.85	1.38
smoke	0.85	1.32
ill	0.85	1.77
baby	0.85	1.58
raised	0.85	1.64
creativity	0.85	1.40
progressing	0.85	2.09
dubai	0.85	1.71
albeit	0.85	1.94
review	0.85	1.76
gear	0.85	1.42
description	0.85	1.92
talked	0.86	2.12
overlords	0.86	1.58
expansion	0.86	1.86
added	0.86	2.15
kinds	0.86	2.21
artist	0.86	1.45
radio	0.86	1.32
history	0.86	2.05
talk	0.86	1.66
parents	0.86	1.69
short	0.86	1.74
birth	0.86	1.30
designers	0.86	1.35
rule	0.86	2.32
physicist	0.87	1.81
show	0.87	1.74
highest	0.87	1.71
deals	0.88	1.37
ray	0.88	1.55
daily	0.88	1.45
deserves	0.88	2.12
dont	0.88	2.72
important	0.88	2.04
top	0.88	1.82
wife	0.88	1.82
constant	0.88	1.64
speak	0.88	1.58
fits	0.88	1.61
tough	0.88	1.82
horse	0.88	1.51
announced	0.89	1.45
solution	0.89	2.74
recording	0.89	1.34
refers	0.89	2.97
circle	0.89	2.07
nuts	0.89	1.89
father	0.89	1.82
worries	0.89	1.98
keeping	0.89	1.65
wtf	0.89	2.23
bits	0.89	1.62
stay	0.90	1.79
designer	0.90	1.56
busy	0.90	2.44
futurist	0.90	1.54
changes	0.90	1.91
piece	0.90	1.64
contribute	0.90	1.72
allowing	0.90	1.71
al	0.91	1.75
stands	0.91	2.90
above	0.91	1.78
map	0.91	1.72
funny	0.91	2.90
friend	0.91	1.84
language	0.91	1.75
c	0.91	2.00
friends	0.91	1.59
parallel	0.91	1.80
peace	0.91	1.41
answered	0.91	2.22
attractive	0.92	1.49
similar	0.92	2.05
stephen	0.92	1.81
translate	0.92	1.63
actors	0.92	1.29
official	0.92	1.47
b	0.92	2.02
engage	0.92	1.54
foundation	0.93	1.47
cute	0.93	1.70
distributed	0.93	1.65
current	0.93	2.66
seems	0.93	2.31
child	0.93	1.57
meaning	0.93	2.63
biotech	0.93	1.78
published	0.93	1.72
dogs	0.93	1.15
sitting	0.94	1.56
bullet	0.94	1.74
latest	0.94	1.54
her	0.94	1.81
translation	0.94	1.68
subjects	0.94	1.69
easiest	0.94	2.58
meaningful	0.95	1.61
brief	0.95	1.73
conference	0.95	1.41
mistakes	0.95	2.71
valley	0.95	1.71
forth	0.95	1.67
drinking	0.95	1.43
images	0.95	1.60
utilize	0.96	1.79
fastest	0.96	2.77
y	0.96	1.95
musk	0.96	1.60
worthwhile	0.96	1.66
exploration	0.97	1.76
opportunities	0.97	1.64
21st	0.97	1.68
entertainment	0.97	1.39
x	0.97	2.11
assumed	0.98	2.27
sentence	0.98	2.32
technically	0.98	2.77
breath	0.98	1.93
mother	0.98	2.31
desired	0.98	2.60
linear	0.98	1.83
kid	0.98	1.76
saw	0.98	1.88
suggestions	0.99	1.87
freely	0.99	1.80
gave	0.99	1.74
score	0.99	1.66
reminded	0.99	1.70
radical	0.99	1.64
kick	0.99	1.86
fields	1.00	1.65
message	1.00	1.68
appealing	1.00	1.62
hoping	1.00	2.24
standpoint	1.00	1.89
apologize	1.00	2.30
folks	1.00	1.70
stays	1.00	1.45
personal	1.01	1.49
adoption	1.01	1.90
porn	1.01	1.32
quote	1.01	1.94
freaking	1.01	2.67
beat	1.02	1.83
shell	1.02	1.21
keeps	1.02	1.52
image	1.02	1.54
et	1.02	1.57
propulsion	1.02	1.60
didnt	1.02	2.46
online	1.02	1.42
file	1.03	1.59
sized	1.03	1.62
determining	1.03	2.44
sciences	1.03	1.71
consistent	1.03	2.87
nicely	1.03	1.88
cats	1.03	1.15
yours	1.03	2.23
family	1.04	1.59
text	1.04	1.65
r/futurology/wiki/rules	1.04	2.16
removed	1.04	2.25
careers	1.04	1.40
elon	1.04	1.61
note	1.04	2.96
optimal	1.04	2.26
growth	1.04	1.81
writers	1.04	1.34
challenging	1.04	1.76
dad	1.04	2.26
his	1.05	1.64
transparency	1.05	2.14
belong	1.05	1.84
detail	1.05	1.84
clever	1.05	1.75
talent	1.05	1.44
action	1.05	2.32
shows	1.05	1.76
submission	1.05	2.21
hopeful	1.06	1.89
looked	1.06	1.98
report	1.06	1.70
ghost	1.06	1.51
deeper	1.06	1.75
facebook	1.07	1.54
uber	1.07	1.59
error	1.07	2.87
good	1.07	2.34
massive	1.07	1.55
scientists	1.07	1.61
checks	1.08	1.57
wrote	1.08	1.65
letters	1.08	1.76
wiki	1.08	2.18
concepts	1.08	1.87
called	1.08	1.76
click	1.08	1.93
cant	1.09	2.36
ads	1.09	1.43
logical	1.09	2.74
join	1.09	1.69
success	1.09	2.39
john	1.09	1.59
leap	1.10	1.96
download	1.10	1.58
exponential	1.10	1.85
drastic	1.10	1.57
cat	1.11	1.24
exposed	1.11	2.00
heck	1.11	1.50
kept	1.11	1.54
letter	1.11	1.72
active	1.11	1.56
diverse	1.11	1.41
paper	1.11	1.68
news	1.12	1.59
promises	1.12	1.95
recent	1.12	1.75
fucked	1.12	2.20
isnt	1.13	1.99
sex	1.13	1.37
scheme	1.13	1.65
whats	1.13	1.85
my	1.13	1.60
toys	1.13	1.37
topics	1.13	1.81
eh	1.13	1.87
hurting	1.13	2.16
reader	1.14	1.39
choosing	1.14	2.40
hawking	1.14	1.65
robotics	1.14	1.84
presentation	1.14	1.37
style	1.14	1.23
improvement	1.15	1.92
literature	1.15	1.58
named	1.15	1.36
sorts	1.15	2.07
pursuing	1.15	1.51
popular	1.15	1.52
girl	1.15	1.55
relevant	1.15	1.93
pleasure	1.15	2.09
parent	1.16	1.59
steady	1.16	1.55
partner	1.16	1.51
substantial	1.16	1.61
ex	1.16	1.25
chose	1.17	1.52
invent	1.17	1.95
application	1.17	1.66
career	1.17	1.50
meh	1.18	2.03
arts	1.18	1.36
filter	1.18	1.46
streaming	1.18	1.31
choose	1.18	1.76
educational	1.18	1.32
yay	1.18	1.72
compelling	1.18	1.59
knowing	1.19	2.04
picture	1.19	1.72
trek	1.19	1.17
word	1.19	2.06
remind	1.19	2.02
characters	1.20	1.07
imho	1.21	1.74
according	1.21	1.62
found	1.21	1.97
trick	1.21	1.66
knew	1.21	2.06
gaming	1.21	1.36
sucks	1.21	2.19
audio	1.21	1.29
activities	1.22	1.43
papers	1.22	1.64
discussed	1.22	1.87
answers	1.22	2.00
accelerating	1.22	1.86
scientific	1.22	1.85
football	1.23	1.33
sentences	1.23	1.78
stream	1.23	1.25
previous	1.23	1.92
star	1.23	1.19
library	1.24	1.30
team	1.24	1.60
huge	1.24	1.67
neighbors	1.24	1.39
emerging	1.24	1.81
netflix	1.24	1.19
progression	1.25	1.79
tv	1.26	1.22
sake	1.26	1.71
reasonable	1.26	2.17
excellent	1.27	2.30
disruptive	1.27	1.97
closest	1.27	1.85
name	1.28	1.71
famous	1.28	1.32
words	1.28	1.88
information	1.28	1.60
fair	1.29	2.78
articles	1.29	1.69
scene	1.30	1.22
errors	1.30	2.65
tremendous	1.30	1.65
wait	1.31	2.54
grey	1.31	1.27
beer	1.32	1.15
woman	1.32	1.53
bike	1.32	1.40
discussion	1.32	1.87
web	1.33	1.49
legit	1.33	1.94
websites	1.33	1.54
spirit	1.34	1.26
seemed	1.34	2.10
anyways	1.34	2.13
useful	1.34	2.08
discussions	1.34	1.79
thought	1.35	2.35
chat	1.35	1.33
downvoted	1.35	1.71
checked	1.35	1.70
original	1.36	1.83
here	1.36	2.18
collection	1.36	1.47
section	1.37	1.61
creative	1.37	1.24
asimov	1.37	1.10
comfortable	1.37	2.09
music	1.38	1.18
encouraging	1.38	1.46
pace	1.38	1.82
song	1.39	1.18
videos	1.39	1.28
talks	1.39	1.25
sites	1.39	1.51
prefer	1.39	1.86
written	1.39	1.38
de	1.40	1.42
updated	1.40	1.45
meant	1.40	2.67
hmm	1.40	2.01
em	1.40	1.58
advancing	1.40	1.89
users	1.40	1.62
got	1.41	2.12
hell	1.41	2.38
inspired	1.41	1.38
maps	1.41	1.47
subreddit	1.42	1.84
science	1.42	1.61
chart	1.42	1.80
odd	1.43	2.05
character	1.43	1.11
fine	1.43	2.58
typing	1.43	1.61
commenting	1.44	1.83
list	1.44	1.60
guy	1.44	1.81
channel	1.44	1.12
documentary	1.45	1.21
subject	1.45	1.61
topic	1.45	1.72
watch	1.45	1.17
willing	1.46	1.92
chosen	1.46	1.55
shared	1.46	1.44
idea	1.46	2.18
photo	1.46	1.50
fixed	1.47	1.76
graph	1.47	1.75
paragraph	1.47	1.89
indeed	1.48	2.22
linked	1.48	1.66
development	1.48	1.90
personally	1.48	2.28
redditors	1.48	1.65
theme	1.48	1.08
futurology	1.49	1.65
watching	1.49	1.14
packaging	1.50	1.24
terrifying	1.50	2.05
happier	1.50	1.86
movies	1.50	1.06
episode	1.50	1.13
theres	1.51	1.82
improvements	1.51	1.88
horses	1.51	1.32
doesnt	1.51	1.78
interview	1.51	1.24
youtube	1.52	1.25
content	1.52	1.54
dog	1.52	1.33
email	1.52	1.48
op	1.53	2.02
considering	1.53	2.22
search	1.53	1.48
showed	1.54	1.57
play	1.54	1.46
progress	1.54	1.85
ted	1.54	1.19
wonder	1.54	2.56
rapid	1.55	1.63
upvotes	1.55	1.61
keep	1.55	2.09
beautiful	1.55	2.54
authors	1.56	1.29
leaps	1.56	1.94
stories	1.56	1.23
reading	1.56	1.47
stick	1.56	1.94
depth	1.57	1.49
tool	1.57	1.97
r/futurology	1.57	1.81
write	1.57	1.34
pages	1.57	1.46
conversation	1.57	1.74
new	1.57	1.88
update	1.58	1.43
game	1.58	1.36
website	1.58	1.56
story	1.58	1.34
pictures	1.58	1.43
little	1.59	2.25
players	1.59	2.05
til	1.59	1.83
suggestion	1.59	1.68
detailed	1.59	1.42
safe	1.60	1.71
advance	1.60	1.90
inclined	1.60	1.95
video	1.60	1.16
while	1.60	2.14
ass	1.61	1.85
technologies	1.61	1.96
aubrey	1.61	1.37
default	1.62	1.67
david	1.62	1.38
strange	1.62	1.83
mistake	1.62	2.46
player	1.63	1.13
pursue	1.63	1.32
troll	1.64	1.70
alive	1.65	2.05
motivated	1.65	1.82
r/technology	1.65	1.74
promising	1.65	1.61
posted	1.65	1.72
healthy	1.65	1.98
scales	1.66	1.46
perfectly	1.66	1.63
contribution	1.66	1.56
writing	1.66	1.22
novelty	1.67	1.14
site	1.67	1.58
huh	1.68	2.06
page	1.69	1.54
fellow	1.69	1.54
bot	1.70	1.56
apparently	1.70	1.95
exotic	1.70	1.77
enjoying	1.70	1.51
cows	1.70	1.97
ride	1.71	1.36
book	1.71	1.25
writer	1.72	1.29
threads	1.72	1.67
mods	1.72	1.66
plot	1.73	1.12
read	1.73	1.37
playing	1.74	1.26
answering	1.74	1.77
recommend	1.75	1.16
sub	1.75	1.64
mod	1.75	1.65
curiosity	1.75	1.69
books	1.75	1.20
missed	1.75	2.32
genius	1.76	1.50
myself	1.76	1.94
reddit	1.77	1.65
mr	1.77	1.64
r/basicincome	1.77	1.63
film	1.77	0.93
subs	1.77	1.57
games	1.78	1.18
incremental	1.78	1.71
ideas	1.78	1.61
innovations	1.78	1.93
garden	1.79	1.73
subreddits	1.79	1.58
wikipedia	1.80	1.46
reminds	1.81	1.25
sound	1.81	1.96
grammar	1.82	2.36
innovation	1.82	1.84
posts	1.82	1.56
sci-fi	1.82	1.04
explanation	1.82	1.75
peter	1.83	1.17
advancement	1.83	1.81
toy	1.83	1.10
crazy	1.83	2.28
response	1.83	1.75
series	1.84	1.04
quick	1.85	1.35
dream	1.85	1.47
concept	1.86	1.85
p	1.86	1.91
seriously	1.86	2.20
damned	1.86	1.70
finished	1.87	1.72
movie	1.87	0.96
invention	1.87	1.75
comments	1.87	1.62
advances	1.89	1.81
im	1.89	2.08
thread	1.89	1.66
glad	1.90	1.60
scifi	1.90	1.10
lets	1.90	1.70
such	1.90	2.02
nah	1.90	1.80
leisure	1.91	1.38
fiction	1.91	1.04
blog	1.91	1.49
art	1.92	1.10
deleted	1.92	1.61
season	1.93	1.76
hobbies	1.94	1.30
downvote	1.95	1.61
advice	1.96	1.42
ad	1.98	1.78
potential	1.98	1.81
downvotes	1.98	1.58
eli5	1.99	1.47
post	1.99	1.66
stand	2.00	1.89
links	2.01	1.54
productive	2.01	1.65
advancements	2.04	1.80
developments	2.04	1.66
sports	2.04	1.09
o	2.04	1.81
childhood	2.04	1.39
hello	2.05	1.52
bonus	2.05	1.70
listen	2.05	1.61
technological	2.05	1.53
wan	2.06	1.79
truly	2.06	1.84
upvote	2.06	1.48
genuinely	2.08	1.73
karma	2.08	1.47
magical	2.09	1.58
posting	2.09	1.57
absolutely	2.10	2.36
boy	2.10	1.59
hobby	2.11	1.23
rant	2.12	1.66
nope	2.13	1.80
fancy	2.14	1.69
u	2.14	1.85
weird	2.14	1.96
happily	2.15	1.60
pm	2.15	1.66
tho	2.15	1.88
gon	2.16	1.97
welcome	2.16	1.45
great	2.17	1.62
watched	2.17	1.31
yep	2.19	1.65
breakthroughs	2.19	1.61
link	2.19	1.45
comment	2.19	1.58
sarcasm	2.20	1.84
honest	2.20	1.75
uh	2.21	1.63
hi	2.21	1.30
cooking	2.22	1.72
wonderful	2.23	1.62
pretty	2.24	2.02
please	2.24	1.62
beauty	2.24	1.33
creepy	2.26	1.90
achievement	2.26	1.71
helpful	2.27	1.40
yeah	2.27	1.97
tl	2.29	1.15
thoughts	2.32	1.37
kind	2.34	2.13
classic	2.34	1.26
mankind	2.35	1.67
demo	2.35	1.24
dr	2.36	1.20
btw	2.37	1.42
subtle	2.39	1.40
insight	2.39	1.19
dramatic	2.39	1.43
reply	2.39	1.48
sweet	2.41	1.68
ama	2.42	1.21
shit	2.42	1.85
laugh	2.42	1.32
info	2.44	1.36
dick	2.44	1.79
joke	2.45	1.66
sounds	2.45	1.92
promise	2.46	1.55
na	2.46	1.90
man	2.47	1.78
sorry	2.49	1.67
thats	2.49	1.88
passion	2.49	1.46
technology	2.50	1.81
share	2.51	1.36
grand	2.52	1.36
mate	2.52	1.59
buddy	2.54	1.65
fucking	2.55	1.88
inventions	2.57	1.74
stuff	2.58	1.87
tech	2.59	1.77
okay	2.60	1.72
updates	2.61	1.49
brilliant	2.61	1.45
innovative	2.63	1.48
weekly	2.63	1.50
appreciate	2.63	1.05
yea	2.63	1.73
discoveries	2.64	1.71
um	2.64	1.14
subscribe	2.65	1.47
forgot	2.65	1.52
dunno	2.66	1.44
discovery	2.66	1.61
breakthrough	2.67	1.61
sir	2.67	1.42
enjoyed	2.69	0.97
ha	2.69	1.51
riding	2.70	1.38
alright	2.70	1.54
oh	2.71	1.61
greatest	2.72	1.55
fuck	2.73	1.72
check	2.74	1.29
heh	2.76	1.49
edit	2.77	1.54
damn	2.77	1.70
pet	2.79	1.21
summary	2.81	1.29
exciting	2.81	1.15
dude	2.81	1.56
fan	2.81	1.16
guys	2.82	1.61
haha	2.84	1.47
ya	2.84	1.56
impressive	2.85	1.38
ok	2.85	1.67
bro	2.87	1.41
revolutionary	2.88	1.36
luck	2.88	1.50
futuristic	2.89	1.30
holy	2.90	1.54
interesting	2.91	1.19
hilarious	2.92	1.46
lol	2.95	1.45
ta	2.95	1.20
cool	2.99	1.34
looks	2.99	1.48
thanks	3.00	1.31
fascinating	3.03	0.96
kidding	3.06	1.19
incredible	3.07	1.02
enjoy	3.07	1.40
fun	3.13	1.09
novel	3.15	0.98
tip	3.15	0.86
hey	3.18	1.37
favorite	3.19	0.68
wish	3.19	1.18
sharing	3.21	1.07
thank	3.27	1.17
neat	3.29	0.68
ah	3.33	0.94
wow	3.36	1.24
