crappy	-5.99	2.67
worse	-5.26	2.55
shitty	-5.15	2.76
movement	-5.13	3.60
replaying	-5.13	4.17
replay	-5.12	4.27
suck	-5.09	2.36
poor	-5.03	2.43
potentially	-5.02	2.98
campaign	-4.98	4.25
poorly	-4.97	2.88
lacking	-4.97	2.65
squad	-4.84	3.77
despite	-4.81	3.18
met	-4.73	3.89
itt	-4.66	3.29
customer	-4.61	2.90
stays	-4.59	3.86
buys	-4.53	4.10
discovered	-4.47	3.79
walks	-4.44	3.63
badly	-4.44	2.47
filled	-4.42	3.69
ninja	-4.34	3.41
tells	-4.32	3.80
owns	-4.29	4.06
cousin	-4.28	3.85
offered	-4.26	3.76
tends	-4.21	3.60
garbage	-4.18	2.59
fails	-4.16	2.77
deserves	-4.16	3.63
pisses	-4.16	2.99
leaves	-4.14	4.08
encourage	-4.14	3.49
cancer	-4.12	2.76
pet	-4.10	2.89
continues	-3.97	3.53
mentioning	-3.96	3.41
sue	-3.93	3.59
proper	-3.91	3.10
cj	-3.90	4.38
promises	-3.88	3.41
hating	-3.88	3.06
waves	-3.86	3.21
infinite	-3.85	3.12
de	-3.79	3.75
gaming	-3.78	3.75
scenario	-3.77	3.70
laggy	-3.76	3.02
majority	-3.67	3.44
gta5	-3.64	4.24
complain	-3.63	3.59
niko	-3.62	4.33
dislike	-3.56	3.21
boys	-3.55	3.17
example	-3.49	3.70
preferred	-3.48	3.84
terribly	-3.38	3.17
thinks	-3.30	4.33
structure	-3.30	3.25
bot	-3.26	3.32
complained	-3.25	3.36
golden	-3.24	4.21
roman	-3.24	4.08
cares	-3.23	3.78
humor	-3.20	3.53
wants	-3.17	4.30
sees	-3.17	4.07
mostly	-3.06	3.61
whole	-3.02	3.69
loving	-3.01	2.52
knows	-3.00	4.16
huge	-2.99	3.26
circlejerk	-2.98	3.77
fake	-2.92	3.92
claims	-2.91	4.21
ruined	-2.90	2.72
zombie	-2.84	4.06
forget	-2.81	3.61
annoys	-2.79	2.95
bullshit	-2.76	2.62
tired	-2.70	3.26
communication	-2.66	1.62
combination	-2.54	3.50
picks	-2.53	2.56
mission	-2.51	2.54
biggest	-2.51	3.59
finishing	-2.45	2.52
their	-2.45	1.70
pointed	-2.44	5.32
story	-2.43	2.73
dies	-2.42	2.56
completed	-2.42	2.73
asks	-2.37	2.67
regards	-2.36	1.64
complete	-2.35	2.50
storyline	-2.34	2.60
completing	-2.31	2.49
motherfucker	-2.30	3.19
finished	-2.29	2.74
completion	-2.28	2.42
finish	-2.28	2.51
begging	-2.25	1.52
nuts	-2.22	2.84
analog	-2.22	2.74
rude	-2.22	3.80
stick	-2.20	2.79
prologue	-2.20	2.58
inspired	-2.19	5.21
wise	-2.17	3.27
uses	-2.15	3.03
joins	-2.11	2.92
who	-2.11	2.86
pr	-2.09	1.55
reload	-2.05	1.67
rockstars	-2.04	1.69
facts	-2.03	5.53
playthrough	-2.01	2.49
acts	-2.00	2.43
protagonist	-1.99	2.33
needs	-1.98	3.74
arguing	-1.98	5.36
sticks	-1.96	2.60
thumb	-1.96	2.60
lands	-1.95	2.30
laugh	-1.94	3.91
wade	-1.94	2.34
trip	-1.92	1.83
shoots	-1.88	2.46
dog	-1.87	1.43
lifeinvader	-1.87	2.23
talks	-1.86	2.16
assassination	-1.85	2.26
buttons	-1.85	3.01
shark	-1.84	1.92
ignorance	-1.84	4.56
disappointing	-1.84	3.40
piss	-1.83	1.80
unfortunate	-1.83	3.57
pretending	-1.83	5.19
pointing	-1.82	5.22
clearly	-1.82	5.50
tough	-1.82	3.55
rage	-1.80	3.82
everybody	-1.80	3.13
repetitive	-1.79	1.92
passed	-1.78	1.83
lying	-1.77	4.99
rewarding	-1.76	3.64
applied	-1.75	2.13
gets	-1.75	2.59
says	-1.75	2.76
fans	-1.75	1.98
impression	-1.75	4.78
false	-1.74	3.02
nobody	-1.72	3.20
franklin	-1.71	2.18
doing	-1.71	5.55
implying	-1.71	3.06
right	-1.71	5.54
enjoyed	-1.70	3.27
bothers	-1.70	3.34
finds	-1.70	1.96
broken	-1.70	2.03
continued	-1.70	2.05
ea	-1.69	1.64
bummed	-1.68	3.85
obnoxious	-1.68	2.13
overpriced	-1.66	1.80
zoom	-1.66	2.40
else	-1.66	3.55
breaks	-1.65	1.84
primarily	-1.65	2.20
saying	-1.65	5.84
decides	-1.65	2.53
dumbass	-1.64	2.60
complaint	-1.64	2.80
tutorial	-1.64	2.28
lamar	-1.63	2.03
dad	-1.62	1.76
statement	-1.62	5.47
re	-1.62	5.61
left	-1.61	3.38
actor	-1.60	2.05
product	-1.60	1.82
everyone	-1.58	3.56
sucks	-1.58	3.09
offended	-1.58	4.48
stating	-1.58	4.07
moving	-1.57	2.82
sends	-1.56	3.21
disagree	-1.55	5.09
treat	-1.55	2.34
gamers	-1.55	2.24
abuse	-1.54	1.90
dicks	-1.54	2.04
move	-1.54	2.50
loses	-1.53	2.28
eat	-1.52	1.59
pulls	-1.50	2.51
nowadays	-1.50	2.13
planned	-1.49	2.11
owner	-1.49	2.52
here	-1.49	5.50
telling	-1.48	3.87
blame	-1.48	2.64
complaining	-1.48	3.60
potential	-1.48	1.72
sprint	-1.48	3.12
claiming	-1.48	3.18
main	-1.48	1.87
push	-1.47	3.08
youtubers	-1.47	1.73
insulting	-1.47	2.70
meet	-1.47	2.23
assumed	-1.47	5.29
trigger	-1.46	3.26
stupid	-1.46	3.26
due	-1.46	1.70
fault	-1.46	2.93
dpad	-1.45	3.32
spread	-1.45	1.84
hold	-1.45	3.42
simply	-1.44	5.58
r/gtacontent	-1.44	2.44
downvote	-1.44	3.67
told	-1.43	3.21
percentage	-1.43	1.78
destroys	-1.43	2.30
r/pcmasterrace	-1.43	1.86
final	-1.42	2.17
department	-1.42	1.53
pressing	-1.42	3.41
balls	-1.41	1.88
sales	-1.41	1.97
votes	-1.41	3.32
companies	-1.41	1.79
fucked	-1.40	2.02
math	-1.40	4.92
fact	-1.40	5.87
immature	-1.40	2.38
strangers	-1.40	2.14
young	-1.39	2.11
holding	-1.39	3.37
wreck	-1.39	1.74
complicated	-1.39	3.73
local	-1.38	1.66
flies	-1.38	2.09
aiming	-1.38	1.97
apologize	-1.38	5.17
michael	-1.38	2.00
mentions	-1.38	2.26
tears	-1.37	1.99
card	-1.37	1.93
group	-1.36	1.91
walking	-1.36	2.65
whining	-1.36	2.84
discussing	-1.36	3.95
tits	-1.35	1.80
sneak	-1.35	2.08
buggy	-1.35	1.93
prove	-1.35	5.31
button	-1.35	3.30
his	-1.35	1.99
fanboy	-1.35	3.00
sharkcards	-1.35	2.48
attitude	-1.35	2.62
replying	-1.34	5.60
marketing	-1.34	1.89
triggers	-1.34	2.87
skip	-1.34	2.24
unrealistic	-1.33	4.01
d-pad	-1.33	3.39
lack	-1.33	1.68
tapping	-1.33	3.41
tap	-1.33	3.42
cards	-1.33	2.05
downloads	-1.33	1.86
voting	-1.32	2.55
purchases	-1.32	2.07
unfinished	-1.32	1.78
refuse	-1.31	2.47
blows	-1.31	2.28
child	-1.31	1.83
lives	-1.31	1.58
objective	-1.30	2.12
fill	-1.30	2.26
busted	-1.30	2.20
buy	-1.29	2.61
misleading	-1.29	1.85
about	-1.29	4.07
stayed	-1.29	2.86
spam	-1.29	2.48
pathetic	-1.28	3.10
typed	-1.28	5.34
practically	-1.28	1.96
expectations	-1.28	2.49
idiots	-1.27	2.58
anybody	-1.27	3.47
delays	-1.27	2.14
pushing	-1.27	2.98
general	-1.27	1.62
leaving	-1.27	2.28
pressed	-1.27	3.33
wave	-1.26	1.70
blocking	-1.26	1.89
sub	-1.26	3.20
full	-1.25	1.64
winner	-1.24	1.61
microtransactions	-1.24	1.96
understand	-1.24	5.94
service	-1.24	2.01
ignorant	-1.24	2.95
cock	-1.24	2.02
annoy	-1.24	2.88
someones	-1.24	2.20
triangle	-1.24	3.32
defending	-1.24	2.88
press	-1.24	3.40
suggesting	-1.23	4.05
camera	-1.23	2.02
ruining	-1.23	1.79
irritating	-1.23	3.73
lately	-1.23	1.94
acquire	-1.23	1.90
hacker	-1.23	1.95
goddamn	-1.23	3.24
anger	-1.22	2.76
moderators	-1.22	2.61
population	-1.22	1.70
himself	-1.22	2.59
he	-1.22	3.45
company	-1.22	1.91
why	-1.22	5.92
intended	-1.22	3.07
services	-1.22	2.25
exit	-1.21	2.37
easiest	-1.21	3.88
meets	-1.21	1.87
tries	-1.21	2.50
bitching	-1.21	2.69
glorious	-1.21	3.14
satisfying	-1.20	3.72
r1	-1.20	3.35
mentality	-1.20	2.78
besides	-1.20	2.73
fanboys	-1.20	3.91
r/gtavadventures	-1.20	2.35
r/grandtheftautov	-1.20	3.17
amanda	-1.20	1.78
appropriate	-1.19	1.96
chop	-1.19	1.81
talking	-1.19	5.43
throws	-1.19	2.19
cats	-1.18	1.56
delivered	-1.18	2.06
mean	-1.18	5.93
indeed	-1.18	3.49
encounter	-1.17	2.07
second	-1.17	2.30
meeting	-1.17	2.67
john	-1.17	1.96
idiot	-1.17	4.37
farm	-1.17	1.94
son	-1.17	2.12
dom	-1.16	2.01
epsilon	-1.16	2.07
bought	-1.16	2.13
dates	-1.16	2.10
olds	-1.16	2.27
vote	-1.16	2.90
reads	-1.15	2.92
opinions	-1.15	3.86
argue	-1.15	4.26
mainly	-1.15	2.57
walk	-1.15	2.33
arguments	-1.15	4.24
unplayable	-1.15	1.79
empty	-1.14	2.33
virtual	-1.14	1.90
franklins	-1.14	1.80
college	-1.14	1.78
sights	-1.14	1.98
properly	-1.14	2.56
cockpit	-1.13	1.89
confusion	-1.13	2.35
altogether	-1.13	1.85
nerf	-1.13	1.94
entire	-1.13	2.21
advertise	-1.13	2.00
ironic	-1.13	2.23
handbrake	-1.13	3.20
hurt	-1.12	3.50
comfortable	-1.12	3.78
somebody	-1.12	3.08
ruin	-1.12	1.86
family	-1.12	1.91
condition	-1.12	1.73
puts	-1.12	2.34
dick	-1.12	2.17
rape	-1.11	1.95
dubstep	-1.11	1.74
piece	-1.11	1.80
fish	-1.11	1.70
single-player	-1.11	2.34
rampage	-1.11	2.05
toy	-1.10	2.12
ron	-1.10	2.17
x	-1.10	3.15
walked	-1.10	2.11
laughed	-1.10	2.42
missing	-1.10	5.17
trevor	-1.10	1.92
protagonists	-1.10	1.72
missions	-1.10	2.62
hackers	-1.09	1.86
direction	-1.09	3.08
contribute	-1.09	3.43
subscribers	-1.09	2.00
killed	-1.09	2.29
grinding	-1.09	2.58
except	-1.09	3.67
basically	-1.08	3.60
mansion	-1.08	1.62
speculating	-1.08	3.59
2000	-1.08	1.90
peasants	-1.07	3.04
r/gaming	-1.07	3.03
faces	-1.07	2.09
claimed	-1.07	2.49
afford	-1.07	3.07
op	-1.07	5.49
bag	-1.07	1.73
hardest	-1.07	4.00
owning	-1.07	2.04
modder	-1.06	2.19
failing	-1.06	2.45
assist	-1.06	1.79
grabbing	-1.06	1.71
advertising	-1.06	2.19
achieve	-1.05	2.28
liking	-1.05	3.03
male	-1.05	1.84
initially	-1.05	3.02
hit	-1.05	3.14
requested	-1.05	2.36
supporting	-1.05	2.54
hitting	-1.05	3.09
downvotes	-1.04	3.78
children	-1.04	2.25
coveted	-1.04	2.71
generally	-1.04	2.10
wasnt	-1.04	2.94
circle	-1.04	2.33
micheal	-1.04	1.93
what	-1.04	5.84
rest	-1.04	2.16
faith	-1.04	2.08
jerk	-1.03	2.20
solely	-1.03	2.07
robbed	-1.03	2.10
someone	-1.03	3.23
crashes	-1.03	2.23
garage	-1.03	2.19
moves	-1.03	2.00
crying	-1.02	2.66
mention	-1.02	4.18
prick	-1.02	3.00
originally	-1.02	3.18
transactions	-1.02	2.17
down	-1.02	3.11
intentionally	-1.02	2.64
intro	-1.02	1.77
ring	-1.02	1.90
pulling	-1.02	3.45
cheaper	-1.01	1.80
clicking	-1.01	3.16
hosting	-1.01	2.83
rockstar	-1.01	2.67
wings	-1.01	1.96
matters	-1.01	3.07
insult	-1.01	2.66
handed	-1.01	2.11
pad	-1.01	3.07
rr	-1.01	2.67
typically	-1.01	1.95
discuss	-1.01	3.41
revenge	-1.01	1.96
petition	-1.01	2.15
younger	-1.00	2.31
repeating	-1.00	2.47
parents	-1.00	1.99
replacing	-1.00	2.00
sp	-0.99	2.29
women	-0.99	1.85
alert	-0.99	2.67
she	-0.99	2.33
confirmed	-0.99	2.01
speculation	-0.99	2.53
refer	-0.99	1.90
going	-0.99	5.62
fail	-0.98	2.78
entitled	-0.98	2.44
likes	-0.98	2.67
users	-0.98	2.59
2nd	-0.98	2.18
point	-0.98	5.52
filling	-0.98	2.15
elsewhere	-0.98	4.04
controllers	-0.98	1.73
package	-0.98	2.01
guy	-0.97	3.17
spaces	-0.97	2.38
downvoting	-0.97	4.00
m	-0.97	5.34
describe	-0.97	3.67
spamming	-0.97	3.01
remind	-0.97	3.58
slots	-0.97	2.26
leave	-0.97	3.01
dressed	-0.97	2.42
act	-0.97	2.64
sending	-0.97	3.62
restart	-0.97	2.44
childish	-0.97	2.62
whiny	-0.96	2.39
buying	-0.96	2.64
community	-0.96	2.37
smash	-0.96	2.19
stop	-0.96	3.28
assuming	-0.96	5.40
her	-0.96	1.85
pops	-0.96	2.26
asking	-0.95	4.30
responding	-0.95	4.04
held	-0.95	2.88
father	-0.95	1.84
whine	-0.95	2.70
theirs	-0.95	2.91
insurance	-0.95	2.21
ruins	-0.94	1.43
grind	-0.94	2.64
ignore	-0.94	3.57
employee	-0.94	2.55
brad	-0.94	1.96
written	-0.94	2.90
differently	-0.93	2.39
management	-0.93	1.86
claim	-0.92	3.26
repeatedly	-0.92	2.67
sent	-0.92	3.63
anyone	-0.92	4.12
failed	-0.92	2.40
leaked	-0.92	2.37
focus	-0.92	2.29
customers	-0.92	2.09
collision	-0.92	2.11
rig	-0.92	1.58
previously	-0.92	2.67
restricted	-0.92	2.17
said	-0.91	4.11
throughout	-0.91	1.78
tags	-0.91	2.51
worthless	-0.91	2.02
impound	-0.91	2.11
half	-0.91	2.31
toward	-0.91	2.31
build	-0.91	1.67
security	-0.91	2.03
animation	-0.91	1.84
madrazo	-0.91	1.96
gerald	-0.91	2.21
care	-0.91	4.52
thinking	-0.90	5.25
singleplayer	-0.90	2.27
safe	-0.90	2.52
destruction	-0.90	1.99
ex	-0.90	1.87
youtuber	-0.90	1.86
texts	-0.90	3.09
favor	-0.89	2.78
butthurt	-0.89	2.84
running	-0.89	3.47
silly	-0.89	3.32
downvoted	-0.89	5.47
serve	-0.89	2.30
subreddit	-0.88	3.22
discover	-0.88	2.01
whore	-0.88	2.38
thankfully	-0.88	2.36
big	-0.88	1.82
spoiled	-0.88	2.18
parent	-0.88	2.00
has	-0.88	2.75
argument	-0.88	4.01
negative	-0.87	3.18
permanently	-0.87	2.26
animations	-0.87	1.71
asshat	-0.87	2.85
excuse	-0.87	2.33
farming	-0.87	2.77
funniest	-0.87	3.65
heavily	-0.87	2.57
racist	-0.87	2.64
closed	-0.86	2.22
picking	-0.86	2.89
tiny	-0.86	1.81
reddit	-0.86	3.28
rich	-0.86	2.03
forcing	-0.86	2.57
bald	-0.86	1.62
reported	-0.85	2.85
heist	-0.85	2.22
smell	-0.85	2.03
major	-0.85	1.96
multi	-0.85	1.65
rant	-0.85	2.75
by	-0.85	3.49
reached	-0.84	2.15
bills	-0.84	2.16
text	-0.84	3.50
e.g	-0.84	1.91
growing	-0.84	1.75
rumor	-0.84	2.83
auto-aim	-0.84	1.94
opinion	-0.84	4.54
quality	-0.84	1.67
everyday	-0.84	2.53
youtube	-0.84	1.67
ad	-0.83	1.97
between	-0.83	1.77
survive	-0.83	2.58
marston	-0.83	2.03
pcs	-0.83	1.90
upvoted	-0.83	3.82
thread	-0.83	4.11
being	-0.83	3.57
conversation	-0.83	3.42
kids	-0.83	2.33
messages	-0.83	3.55
micro	-0.83	2.05
marks	-0.83	1.75
loading	-0.83	2.15
mad	-0.83	3.60
emergency	-0.83	2.00
specifically	-0.83	2.57
message	-0.82	3.64
useless	-0.82	2.01
freemode	-0.82	2.31
topic	-0.82	3.69
another	-0.82	3.25
currency	-0.81	2.15
bang	-0.81	2.26
sticking	-0.81	2.70
doesnt	-0.81	3.55
shows	-0.81	2.29
assholes	-0.81	2.40
calling	-0.81	2.77
instead	-0.81	3.33
commit	-0.81	1.79
gtaforums	-0.81	3.22
assumption	-0.80	3.83
irony	-0.80	4.88
enemies	-0.80	2.12
redditors	-0.80	3.01
creating	-0.80	2.34
question	-0.80	4.14
receiving	-0.80	3.42
sucked	-0.80	1.98
atm	-0.80	2.29
square	-0.79	3.24
commented	-0.79	3.56
forward	-0.79	2.98
wondering	-0.79	4.97
worry	-0.79	3.84
whoever	-0.79	2.50
petty	-0.79	2.51
popping	-0.79	2.25
disappears	-0.78	2.32
controls	-0.78	1.87
initial	-0.78	1.53
excited	-0.78	3.69
potshot	-0.78	2.30
yo	-0.78	2.10
comments	-0.78	3.98
rumble	-0.78	2.30
exactly	-0.78	5.64
rooftop	-0.78	2.30
commenting	-0.78	4.23
douche	-0.78	2.57
hits	-0.78	2.28
updating	-0.78	2.90
staying	-0.77	2.42
reality	-0.77	1.73
decisions	-0.77	1.46
subscribe	-0.77	2.03
offensive	-0.77	3.00
support	-0.77	2.84
owe	-0.77	2.94
survival	-0.77	1.92
advertised	-0.77	2.17
circles	-0.77	2.02
views	-0.77	2.14
trend	-0.76	1.60
terms	-0.76	1.65
luckily	-0.76	2.39
requests	-0.76	3.59
douchebag	-0.76	2.59
stated	-0.76	3.48
gloves	-0.76	1.77
lester	-0.76	2.25
voted	-0.76	3.30
quit	-0.76	2.69
bottom	-0.75	2.79
destroy	-0.75	2.27
asshole	-0.75	2.51
replied	-0.75	4.27
significant	-0.75	1.83
appears	-0.75	2.35
choosing	-0.75	2.19
flaws	-0.75	3.24
dev	-0.75	2.16
pushed	-0.75	2.23
task	-0.74	2.16
train	-0.74	1.96
unrelated	-0.74	2.43
therefore	-0.74	2.40
dull	-0.74	2.36
dumb	-0.74	3.34
touch	-0.74	3.17
process	-0.74	2.63
kid	-0.74	2.20
hospital	-0.74	1.93
admit	-0.74	3.44
upvotes	-0.74	3.39
penis	-0.74	1.82
loaded	-0.74	1.89
survivals	-0.74	2.08
freaks	-0.74	2.02
y	-0.74	2.57
purposely	-0.73	2.46
posts	-0.73	3.45
talked	-0.73	3.17
complaints	-0.73	3.24
designed	-0.73	1.74
bad	-0.73	3.01
themselves	-0.73	2.89
sarcastic	-0.73	3.60
angry	-0.73	2.95
freeroam	-0.72	2.20
discussion	-0.72	3.88
leak	-0.72	2.71
broke	-0.72	2.26
pool	-0.72	1.85
cab	-0.72	1.88
tone	-0.72	2.69
slap	-0.72	2.10
developing	-0.72	2.68
click	-0.71	3.20
wasting	-0.71	3.24
mouth	-0.71	1.98
forth	-0.71	2.58
send	-0.71	3.53
hook	-0.71	2.21
grove	-0.71	1.75
tend	-0.71	2.48
r	-0.71	2.95
getting	-0.71	3.78
destroyed	-0.71	2.30
free	-0.71	2.12
basic	-0.71	1.95
messaged	-0.71	3.26
finger	-0.71	2.46
single	-0.71	2.38
debate	-0.71	3.89
respect	-0.70	2.20
named	-0.70	1.94
expect	-0.70	4.44
covered	-0.70	1.76
invites	-0.70	2.94
muggers	-0.70	2.64
quitting	-0.70	2.17
generic	-0.70	2.12
ops	-0.70	2.45
men	-0.70	1.90
hang	-0.69	2.83
woman	-0.69	1.97
experiences	-0.69	2.36
mouse	-0.69	1.79
martin	-0.69	2.05
budget	-0.69	2.03
attempting	-0.69	3.10
responded	-0.69	4.10
spree	-0.69	2.08
ignoring	-0.69	2.63
perhaps	-0.69	3.17
preference	-0.69	2.38
reports	-0.69	2.44
grief	-0.69	2.46
age	-0.69	2.14
oblivion	-0.68	3.80
trolls	-0.68	2.43
impounded	-0.68	2.39
adders	-0.68	2.02
lobby	-0.68	2.39
moron	-0.68	2.44
neck	-0.68	1.74
rap	-0.68	1.33
mentioned	-0.67	3.35
matchmaking	-0.67	2.24
destroying	-0.67	2.24
blank	-0.67	1.94
incorrect	-0.67	5.44
beg	-0.67	2.19
communicate	-0.67	3.33
cuts	-0.67	1.90
screwing	-0.67	3.21
eyes	-0.67	2.17
groups	-0.67	2.16
irrelevant	-0.67	3.08
private	-0.66	2.50
threads	-0.66	3.66
master	-0.66	2.19
cutscene	-0.66	1.99
research	-0.66	3.08
griefer	-0.66	2.41
desperate	-0.66	2.13
attempts	-0.66	2.31
submission	-0.66	3.50
tweet	-0.66	3.55
breaking	-0.66	2.20
subs	-0.66	2.20
consistently	-0.66	2.16
playlist	-0.66	2.43
bother	-0.66	4.54
optimized	-0.66	1.77
douchebags	-0.65	2.50
opposite	-0.65	2.50
mugger	-0.65	2.87
k/d	-0.65	2.28
mature	-0.65	2.32
female	-0.65	1.99
satire	-0.65	2.59
punished	-0.65	2.88
seen	-0.65	2.63
hassle	-0.65	2.57
loud	-0.65	2.29
90	-0.65	2.04
justify	-0.65	3.02
plates	-0.65	1.54
rules	-0.65	2.88
ramming	-0.64	2.19
active	-0.64	2.53
machines	-0.64	1.81
bill	-0.64	2.07
lobbies	-0.64	2.22
30k	-0.64	2.19
devs	-0.64	2.40
gpu	-0.64	1.87
constantly	-0.64	2.95
explodes	-0.64	2.26
proven	-0.64	3.45
suspect	-0.64	2.13
charging	-0.64	2.28
join	-0.64	2.57
arrived	-0.64	2.71
notifications	-0.64	3.12
asked	-0.64	3.30
hero	-0.64	1.91
invite	-0.63	2.79
invaders	-0.63	2.25
fingers	-0.63	2.70
prices	-0.63	2.07
opposed	-0.63	2.06
leaks	-0.63	2.42
stand	-0.63	3.64
neighborhood	-0.63	1.78
returned	-0.63	2.29
supply	-0.63	1.85
joined	-0.63	2.50
standing	-0.63	2.74
jp	-0.63	2.78
plz	-0.63	1.99
purely	-0.63	2.99
jimmy	-0.63	2.13
merely	-0.63	3.26
santa	-0.63	1.77
develop	-0.62	2.33
platform	-0.62	1.99
dialogue	-0.62	1.68
snacks	-0.62	2.47
attempt	-0.62	2.72
girls	-0.62	2.08
called	-0.62	2.14
keyboard	-0.62	1.82
profit	-0.62	2.01
professional	-0.61	1.72
crack	-0.61	2.14
responses	-0.61	3.02
duped	-0.61	2.27
pain	-0.61	2.51
personal	-0.61	2.67
nerfed	-0.61	2.09
hosted	-0.61	2.31
copyright	-0.61	2.30
host	-0.61	2.43
upper	-0.61	2.76
request	-0.61	3.10
defend	-0.61	3.21
broughy	-0.61	1.97
continue	-0.61	2.83
mors	-0.60	2.36
cheater	-0.60	2.14
minority	-0.60	2.37
invited	-0.60	2.59
arrow	-0.60	2.86
people	-0.60	3.62
session	-0.60	2.58
collectors	-0.60	2.05
alike	-0.60	2.44
forces	-0.60	1.69
small	-0.60	1.75
followed	-0.60	2.31
hype	-0.60	2.39
putting	-0.60	3.18
slight	-0.60	1.84
reading	-0.60	3.72
depending	-0.60	2.11
joking	-0.60	4.93
public	-0.59	2.42
mics	-0.59	2.19
tank	-0.59	2.53
i.e	-0.59	2.34
report	-0.59	2.48
receive	-0.59	3.02
promise	-0.59	3.00
cases	-0.59	1.94
quarter	-0.59	2.00
search	-0.59	3.06
ladder	-0.59	2.23
rush	-0.59	1.71
purchase	-0.58	2.16
yard	-0.58	1.88
bawsaq	-0.58	1.99
layout	-0.58	2.15
double	-0.58	2.63
specs	-0.58	1.81
rumors	-0.58	2.90
activity	-0.58	2.01
judging	-0.58	2.10
r/gtaglitches	-0.58	2.74
griefing	-0.58	2.32
revenue	-0.58	1.99
responsible	-0.58	2.90
slot	-0.58	2.28
subject	-0.58	3.03
throwing	-0.58	2.71
lesson	-0.58	2.07
priced	-0.57	2.27
gap	-0.57	1.86
bitches	-0.57	2.23
monthly	-0.57	2.20
technology	-0.57	1.92
regarding	-0.57	2.58
kills	-0.57	2.36
mercs	-0.57	2.88
daily	-0.57	2.34
egg	-0.57	1.75
invest	-0.57	2.24
butt	-0.57	2.17
economy	-0.56	2.08
trash	-0.56	2.04
using	-0.56	2.74
hand	-0.56	2.73
servers	-0.56	2.28
searching	-0.56	2.77
forum	-0.56	3.09
payouts	-0.56	2.14
alternative	-0.56	1.98
joining	-0.56	2.49
free-aim	-0.56	2.15
r/gtaa	-0.56	2.58
posting	-0.56	3.49
accepted	-0.56	2.94
legit	-0.55	2.32
blowing	-0.55	2.41
bowling	-0.55	2.22
decide	-0.55	3.80
solo	-0.55	2.48
obvious	-0.55	2.64
contacts	-0.55	2.40
fat	-0.55	1.90
sultans	-0.55	2.27
wife	-0.55	3.07
troll	-0.55	2.36
bigger	-0.55	1.88
charged	-0.55	2.21
real	-0.55	3.10
reporting	-0.55	2.52
cash	-0.55	2.28
strike	-0.55	2.14
pissing	-0.55	2.18
documents	-0.55	2.23
saving	-0.54	3.47
mac	-0.54	1.90
beards	-0.54	1.73
successfully	-0.54	2.73
subreddits	-0.54	2.75
rammed	-0.54	2.16
rated	-0.54	2.15
blow	-0.54	2.44
replace	-0.54	2.10
respawn	-0.54	2.43
encountered	-0.53	2.66
beginning	-0.53	2.01
whether	-0.53	4.55
cvg	-0.53	2.92
vacation	-0.53	2.44
invite-only	-0.53	2.52
focused	-0.53	2.03
jackass	-0.53	2.88
entertainment	-0.53	1.86
hole	-0.53	2.00
families	-0.53	1.81
affect	-0.53	3.26
failure	-0.53	2.05
individual	-0.53	2.03
sidebar	-0.53	2.97
house	-0.52	1.83
sessions	-0.52	2.49
scratch	-0.52	2.31
stale	-0.52	2.25
losing	-0.52	2.85
interview	-0.52	3.19
read	-0.52	3.55
laptop	-0.52	1.64
microsoft	-0.52	2.50
harm	-0.52	4.28
obtain	-0.52	2.42
adult	-0.52	2.21
delay	-0.52	2.45
griefers	-0.52	2.44
mayhem	-0.52	2.22
rooms	-0.52	2.25
questions	-0.52	3.69
him	-0.52	3.06
noticeable	-0.52	1.87
understood	-0.52	3.33
comment	-0.52	4.24
points	-0.52	2.44
ticket	-0.52	3.38
hence	-0.52	2.24
verify	-0.52	3.71
pv	-0.51	2.17
media	-0.51	1.82
post	-0.51	3.96
characters	-0.51	1.95
phrase	-0.51	1.91
price	-0.51	2.05
having	-0.51	3.79
payday	-0.51	1.71
found	-0.51	2.56
frequently	-0.51	2.44
stripper	-0.51	1.86
pull	-0.51	2.77
respond	-0.51	3.51
roam	-0.51	2.35
stuck	-0.51	2.54
briefcase	-0.50	2.24
populated	-0.50	2.28
referring	-0.50	4.16
stationary	-0.50	2.62
poster	-0.50	3.05
noobs	-0.50	2.50
everytime	-0.50	3.10
exploding	-0.50	2.04
searched	-0.50	2.59
patched	-0.50	2.66
wash	-0.50	2.12
aimed	-0.50	2.42
purchasing	-0.50	1.82
cry	-0.50	2.10
owned	-0.50	2.04
unnecessary	-0.50	2.09
notice	-0.50	4.53
planning	-0.50	3.34
twitter	-0.50	2.67
mercenaries	-0.50	2.75
without	-0.50	3.54
cutscenes	-0.49	1.85
replacement	-0.49	1.97
teach	-0.49	2.86
earn	-0.49	2.65
living	-0.49	1.87
stocks	-0.49	2.11
trees	-0.49	1.74
ign	-0.49	2.96
tour	-0.49	1.83
ripped	-0.49	2.04
allows	-0.49	2.53
fee	-0.49	2.18
mom	-0.49	2.03
shooting	-0.49	2.36
prevent	-0.49	2.90
placed	-0.49	2.40
coke	-0.49	2.25
crap	-0.49	3.08
promised	-0.49	2.40
kinect	-0.49	2.13
forced	-0.49	2.55
headshot	-0.48	2.09
container	-0.48	2.14
screaming	-0.48	2.31
intention	-0.48	2.56
sony	-0.48	2.49
screen	-0.48	2.46
giant	-0.48	1.70
pays	-0.48	2.29
news	-0.48	2.60
book	-0.48	2.62
felt	-0.48	2.95
triple	-0.48	2.02
quicker	-0.48	1.97
driving	-0.48	3.04
replies	-0.48	3.76
meanwhile	-0.48	2.18
articles	-0.48	3.20
controlled	-0.48	2.21
killing	-0.48	2.42
rp	-0.48	2.39
rule	-0.48	2.74
insured	-0.48	2.36
controller	-0.48	2.23
absolute	-0.48	3.16
anything	-0.47	4.69
loose	-0.47	2.09
criticism	-0.47	3.35
cheapest	-0.47	2.18
bs	-0.47	2.04
eating	-0.47	1.99
respawned	-0.47	2.60
cared	-0.47	3.98
stops	-0.47	2.42
regardless	-0.47	2.83
easier	-0.47	1.99
pay	-0.47	2.23
interest	-0.47	2.82
kept	-0.47	3.29
annoying	-0.47	3.50
alot	-0.47	2.43
elaborate	-0.47	2.47
ordered	-0.47	2.73
supposedly	-0.47	2.26
covers	-0.47	1.92
cat	-0.47	1.75
vehicle	-0.46	2.35
money	-0.46	2.36
mind	-0.46	4.62
dlc	-0.46	2.13
sex	-0.46	1.88
chicken	-0.46	1.91
player	-0.46	2.47
parties	-0.46	2.38
pc	-0.46	2.03
18k	-0.46	2.35
reduce	-0.46	1.81
matter	-0.46	5.05
murder	-0.46	1.91
line	-0.46	2.68
minds	-0.46	2.56
minus	-0.46	1.87
survived	-0.46	2.24
goal	-0.46	2.71
server	-0.46	2.35
facebook	-0.46	2.52
towards	-0.45	2.53
kill	-0.45	3.13
large	-0.45	1.68
exist	-0.45	4.16
counts	-0.45	2.39
everything	-0.45	4.37
payout	-0.45	2.19
payed	-0.45	2.24
spoilers	-0.45	2.14
term	-0.45	2.48
necessarily	-0.45	3.25
reasoning	-0.45	5.33
youre	-0.45	3.69
facing	-0.45	2.54
plain	-0.45	2.81
tedious	-0.45	2.37
call	-0.45	2.52
continuously	-0.44	2.83
victim	-0.44	2.10
arrested	-0.44	2.85
mechanic	-0.44	2.40
hatchet	-0.44	1.82
limits	-0.44	1.82
page	-0.44	2.70
deliver	-0.44	2.29
behavior	-0.44	2.39
switch	-0.44	2.06
timed	-0.44	2.47
larger	-0.44	1.82
talk	-0.44	2.58
kicking	-0.44	2.72
smashing	-0.44	1.84
r/redditdads	-0.44	2.65
difficulty	-0.44	2.12
break	-0.44	2.29
mike	-0.44	2.32
chose	-0.44	2.49
worded	-0.44	3.20
limit	-0.44	1.75
in-game	-0.44	2.51
trevors	-0.44	1.83
stimulus	-0.44	2.31
newswire	-0.44	3.05
explaining	-0.44	4.14
references	-0.44	2.02
scroll	-0.44	2.77
wrecked	-0.44	2.12
fuel	-0.44	2.25
camping	-0.43	2.34
remaining	-0.43	2.81
launching	-0.43	2.43
randoms	-0.43	2.50
blew	-0.43	2.44
interact	-0.43	3.54
description	-0.43	2.92
playlists	-0.43	2.46
lied	-0.43	3.67
sources	-0.43	2.93
screw	-0.43	2.40
damaged	-0.43	2.17
tell	-0.43	4.64
activate	-0.43	2.61
earlier	-0.43	3.54
numerous	-0.43	2.47
simeon	-0.43	2.42
character	-0.43	1.99
pick	-0.43	2.39
affects	-0.43	2.35
avoid	-0.43	3.04
blown	-0.43	2.44
pass	-0.43	2.53
ran	-0.43	2.45
intentional	-0.43	4.28
lies	-0.43	2.78
check	-0.43	2.87
taste	-0.42	2.21
carefully	-0.42	2.61
starting	-0.42	3.33
moneypocalypse	-0.42	2.36
earning	-0.42	2.88
lazy	-0.42	2.67
imagination	-0.42	2.44
produce	-0.42	2.16
grab	-0.42	2.18
shoot	-0.42	3.16
timer	-0.42	2.28
targets	-0.42	2.02
switching	-0.42	2.18
boring	-0.42	2.44
browse	-0.42	2.91
start	-0.42	2.92
smaller	-0.42	1.75
forums	-0.42	3.04
functionality	-0.42	2.21
3rd	-0.42	2.17
excitement	-0.42	1.90
party	-0.42	2.30
murdering	-0.42	2.36
stealing	-0.42	2.37
everywhere	-0.42	2.13
cheaters	-0.42	2.12
attacking	-0.41	2.74
freedom	-0.41	1.92
actively	-0.41	2.55
low	-0.41	1.86
kick	-0.41	2.47
incentive	-0.41	2.61
me	-0.41	3.98
code	-0.41	2.30
starts	-0.41	2.57
10-car	-0.41	2.13
threw	-0.41	2.36
yell	-0.41	2.49
playing	-0.41	3.11
keeps	-0.41	3.18
motion	-0.41	1.77
bags	-0.40	2.01
delivering	-0.40	2.29
select	-0.40	2.75
knowledge	-0.40	2.20
higher	-0.40	1.74
count	-0.40	3.48
abandoned	-0.40	2.20
xp	-0.40	2.30
heck	-0.40	1.84
force	-0.40	2.18
hostile	-0.40	2.89
hacked	-0.40	2.24
dogs	-0.40	1.53
history	-0.40	2.16
nose	-0.40	2.40
our	-0.40	2.68
firing	-0.40	2.19
notification	-0.39	2.67
plays	-0.39	2.93
trust	-0.39	3.99
bounty	-0.39	2.46
introduced	-0.39	1.76
garages	-0.39	2.15
1m	-0.39	2.06
cheated	-0.39	2.40
weak	-0.39	2.26
endless	-0.39	1.69
sight	-0.39	2.49
premium	-0.39	2.24
25k	-0.39	2.19
rating	-0.39	2.07
possibilities	-0.39	2.03
remote	-0.39	2.00
friendly	-0.39	2.38
girlfriend	-0.39	2.02
parachuting	-0.39	2.09
waste	-0.39	2.85
delivery	-0.39	2.22
unlimited	-0.39	2.16
usb	-0.39	2.24
anywhere	-0.39	4.16
anymore	-0.39	4.60
insure	-0.39	2.65
member	-0.38	2.42
torture	-0.38	1.92
stole	-0.38	2.42
funds	-0.38	2.29
jack	-0.38	1.55
seem	-0.38	4.21
michaels	-0.38	1.78
calls	-0.38	2.73
murdered	-0.38	2.39
heres	-0.38	2.72
third	-0.38	1.99
yelling	-0.38	2.72
knocked	-0.38	2.37
shadow	-0.38	2.00
prompt	-0.38	3.07
actors	-0.38	2.10
moved	-0.38	2.10
faster	-0.38	2.08
disallowed	-0.38	2.67
explained	-0.38	3.53
via	-0.38	2.69
blasting	-0.37	2.11
crew	-0.37	2.43
law	-0.37	2.29
own	-0.37	2.40
spending	-0.37	2.57
paying	-0.37	2.27
posted	-0.37	3.41
aim	-0.37	1.89
contact	-0.37	2.32
glitched	-0.37	2.32
explain	-0.37	4.39
response	-0.37	3.61
15k	-0.37	2.24
slightly	-0.37	2.07
freely	-0.37	2.60
remains	-0.37	2.65
marker	-0.37	2.39
easter	-0.37	1.98
wasted	-0.37	2.58
costs	-0.37	2.14
than	-0.37	2.32
knock	-0.37	2.29
players	-0.37	2.73
submissions	-0.37	2.79
received	-0.36	2.85
legitimately	-0.36	2.48
rewards	-0.36	2.25
exchange	-0.36	2.05
members	-0.36	2.31
hes	-0.36	2.82
compare	-0.36	3.02
core	-0.36	1.79
tail	-0.36	2.21
14	-0.36	2.20
at	-0.36	3.07
document	-0.36	2.44
leader	-0.36	2.43
email	-0.36	3.30
fires	-0.36	2.00
consider	-0.36	3.71
monitor	-0.36	1.55
tanks	-0.36	2.18
forgetting	-0.36	3.46
challenges	-0.36	2.13
heading	-0.36	2.57
pointless	-0.36	2.33
tracker	-0.36	2.24
fresh	-0.36	2.42
messing	-0.36	2.68
accidentally	-0.36	2.92
enemy	-0.36	2.37
explosions	-0.36	2.11
repair	-0.36	2.05
purchased	-0.36	2.34
unknown	-0.35	2.86
apply	-0.35	2.85
ads	-0.35	2.03
barely	-0.35	3.45
pussy	-0.35	2.36
while	-0.35	3.22
employees	-0.35	2.16
relevant	-0.35	2.63
remain	-0.35	2.26
adventures	-0.35	1.94
load	-0.35	2.19
mistakes	-0.35	2.61
deleted	-0.35	3.33
fell	-0.35	2.24
jail	-0.35	2.22
thin	-0.35	2.13
cost	-0.35	2.14
naked	-0.35	2.01
400k	-0.35	2.14
17	-0.35	2.20
reward	-0.35	2.35
speak	-0.34	3.06
violent	-0.34	2.07
optional	-0.34	2.34
keep	-0.34	3.65
pot	-0.34	2.08
room	-0.34	2.24
market	-0.34	2.01
does	-0.34	4.63
were	-0.34	4.06
accept	-0.34	2.91
apparently	-0.34	3.28
exploiting	-0.34	2.14
cloud	-0.34	2.45
countdown	-0.34	2.53
versus	-0.34	2.06
drive	-0.34	2.57
2k	-0.34	2.22
noob	-0.34	2.67
innocent	-0.34	2.48
cover	-0.34	2.46
occur	-0.34	2.68
an	-0.34	2.76
flew	-0.33	2.17
causing	-0.33	2.59
team	-0.33	2.14
mates	-0.33	2.45
crashing	-0.33	2.25
unarmed	-0.33	2.50
crews	-0.33	2.40
worthy	-0.33	1.96
explosives	-0.33	2.15
website	-0.33	2.54
submitted	-0.33	3.20
industry	-0.33	1.75
stored	-0.33	2.22
steal	-0.33	2.26
follow	-0.33	2.97
ban	-0.33	2.32
stock	-0.33	2.01
disabled	-0.33	2.06
matches	-0.33	2.17
pegasus	-0.33	2.25
vs	-0.33	2.40
mutual	-0.33	2.58
animal	-0.33	1.95
recommend	-0.33	2.68
airstrike	-0.33	2.64
danger	-0.33	2.00
making	-0.33	3.18
freak	-0.32	2.85
hopping	-0.32	2.53
checks	-0.32	2.40
upset	-0.32	3.85
made	-0.32	3.21
depends	-0.32	2.75
500,000	-0.32	2.21
total	-0.32	2.36
burning	-0.32	2.07
shopping	-0.32	2.00
meant	-0.32	5.31
logic	-0.32	3.82
beta	-0.32	2.23
yourself	-0.32	3.91
derby	-0.32	1.70
progression	-0.32	2.05
development	-0.32	2.19
locks	-0.32	1.94
examples	-0.32	1.99
attacked	-0.32	2.90
bars	-0.32	1.86
bookmark	-0.32	2.57
removed	-0.32	2.89
trophy	-0.32	2.32
gifted	-0.32	2.39
charge	-0.32	2.40
downside	-0.32	2.37
credit	-0.32	2.16
pressure	-0.31	2.36
maintenance	-0.31	2.76
cheating	-0.31	2.19
bunny	-0.31	2.13
assassin	-0.31	1.70
convince	-0.31	3.83
ask	-0.31	4.30
wherever	-0.31	3.33
goes	-0.31	2.08
fourth	-0.31	1.97
swap	-0.31	2.52
grinded	-0.31	2.37
hurts	-0.31	2.92
realism	-0.31	2.04
releasing	-0.31	2.55
know	-0.31	5.01
ammo	-0.31	2.18
consumer	-0.31	2.35
links	-0.31	2.96
carrying	-0.31	2.09
progress	-0.31	2.10
assisted	-0.31	1.92
robbing	-0.30	2.13
explode	-0.30	2.28
disappearing	-0.30	2.37
drink	-0.30	1.92
access	-0.30	2.37
pisswasser	-0.30	1.97
dropping	-0.30	2.43
together	-0.30	2.54
fix	-0.30	2.86
minimal	-0.30	1.96
inventory	-0.30	2.24
snipe	-0.30	2.63
billion	-0.30	2.32
chaos	-0.30	2.28
gusenberg	-0.30	2.64
lts	-0.30	2.24
property	-0.30	2.08
ever	-0.30	3.15
ranked	-0.30	2.22
fired	-0.30	2.17
bird	-0.30	2.12
saves	-0.30	2.16
natural	-0.30	2.14
tbh	-0.30	2.41
usual	-0.30	2.12
hardly	-0.30	3.47
weazel	-0.30	2.09
18	-0.29	2.18
described	-0.29	3.18
grabbed	-0.29	2.34
brain	-0.29	2.45
selling	-0.29	2.12
temporary	-0.29	2.66
developers	-0.29	2.02
laying	-0.29	3.09
award	-0.29	2.01
jobs	-0.29	2.31
popped	-0.29	2.51
interaction	-0.29	2.50
accident	-0.29	3.04
r/chiliadmystery	-0.29	1.81
domislive	-0.29	2.12
target	-0.29	2.01
ratio	-0.29	2.15
mic	-0.29	2.15
250k	-0.29	2.24
warstock	-0.29	2.26
griefed	-0.28	2.42
sidewalk	-0.28	2.12
leather	-0.28	1.69
manner	-0.28	2.98
purpose	-0.28	2.76
true	-0.28	5.16
site	-0.28	2.58
websites	-0.28	2.37
connections	-0.28	2.23
seeing	-0.28	4.30
related	-0.28	2.64
us	-0.28	3.33
highlight	-0.28	2.51
died	-0.28	2.48
unable	-0.28	3.54
gas	-0.28	2.28
register	-0.28	2.44
collect	-0.28	2.38
announcement	-0.28	2.83
iron	-0.28	2.15
mixed	-0.28	2.14
benefit	-0.28	3.09
unavailable	-0.27	2.59
500k	-0.27	2.25
use	-0.27	2.33
portion	-0.27	1.96
below	-0.27	2.90
leg	-0.27	2.15
hopped	-0.27	2.48
hanging	-0.27	2.34
crystal	-0.27	2.19
traded	-0.27	2.16
ass	-0.27	2.22
r/gybb	-0.27	2.61
somewhere	-0.27	2.91
toggle	-0.27	2.19
drugs	-0.27	1.98
currently	-0.27	3.93
offering	-0.27	2.37
traditional	-0.27	1.81
bastard	-0.27	2.07
ways	-0.27	2.68
save	-0.27	2.19
tab	-0.27	2.69
keeping	-0.27	2.36
booted	-0.26	2.52
driveway	-0.26	2.01
throw	-0.26	2.37
gtav	-0.26	2.05
capture	-0.26	2.23
whatever	-0.26	4.77
baseball	-0.26	1.86
modified	-0.26	1.96
pair	-0.26	1.85
article	-0.26	3.08
priority	-0.26	2.20
exclusively	-0.26	1.97
confirm	-0.26	3.75
illegal	-0.26	2.20
connect	-0.26	2.60
plan	-0.26	3.07
placing	-0.26	2.47
toss	-0.26	2.26
store	-0.26	2.01
attacks	-0.26	2.20
cargobob	-0.26	2.09
earned	-0.26	2.46
rocks	-0.26	2.05
your	-0.26	2.29
sticky	-0.26	2.29
crash	-0.26	2.37
bounce	-0.26	2.13
switched	-0.26	2.25
escape	-0.26	2.88
up	-0.25	3.00
gtaonline	-0.25	3.05
visit	-0.25	2.26
girl	-0.25	2.02
20k	-0.25	2.23
billions	-0.25	2.19
deathmatches	-0.25	2.17
punishment	-0.25	2.31
paid	-0.25	2.30
buzzards	-0.25	2.01
invincible	-0.25	2.12
trophies	-0.25	2.15
casual	-0.25	2.11
unfair	-0.25	2.34
die	-0.25	3.11
culture	-0.25	1.95
fixing	-0.25	2.55
stickies	-0.25	2.25
backup	-0.25	2.36
apartment	-0.25	2.07
meetup	-0.25	2.70
mute	-0.25	2.11
person	-0.25	2.24
removes	-0.25	2.09
heard	-0.25	2.83
writing	-0.25	2.56
involve	-0.25	2.88
woods	-0.25	1.68
themed	-0.25	1.94
locking	-0.25	2.20
stay	-0.25	2.47
suggested	-0.25	2.97
legs	-0.25	2.20
instant	-0.25	2.33
marked	-0.25	2.05
answered	-0.25	3.54
sites	-0.25	2.46
yours	-0.24	3.52
amounts	-0.24	2.18
function	-0.24	2.46
0	-0.24	2.46
teams	-0.24	2.14
apt	-0.24	2.03
built	-0.24	1.69
regularly	-0.24	2.55
hpv	-0.24	2.27
create	-0.24	2.58
welp	-0.24	2.88
stopping	-0.24	2.69
ball	-0.24	1.88
friends	-0.24	2.67
plaza	-0.24	2.01
tdm	-0.24	2.19
requirement	-0.24	2.16
nonsense	-0.24	1.78
bar	-0.24	1.85
instantly	-0.24	2.93
pause	-0.23	2.55
randomly	-0.23	2.76
included	-0.23	2.85
run	-0.23	3.20
flat	-0.23	2.59
bottle	-0.23	2.03
official	-0.23	2.74
figure	-0.23	4.31
glitching	-0.23	2.30
naturally	-0.23	2.69
eachother	-0.23	2.86
arm	-0.23	1.99
lady	-0.23	2.10
installed	-0.23	2.27
rolling	-0.23	2.33
2.5	-0.23	2.62
nearest	-0.23	2.10
200k	-0.23	2.30
creation	-0.23	2.18
scripted	-0.23	2.09
bombs	-0.23	2.27
stolen	-0.23	2.20
sudden	-0.23	2.43
reduced	-0.23	1.82
12k	-0.23	2.25
invisible	-0.23	2.30
spawned	-0.23	2.43
programming	-0.23	2.27
lock	-0.23	1.89
court	-0.23	1.96
asses	-0.23	2.60
effective	-0.23	2.12
grenades	-0.22	2.22
spawning	-0.22	2.56
gain	-0.22	2.31
pieces	-0.22	1.98
cosmetic	-0.22	1.85
blocked	-0.22	2.19
did	-0.22	4.84
dry	-0.22	2.46
coffee	-0.22	1.95
slower	-0.22	1.88
banner	-0.22	2.49
fire	-0.22	2.02
c4	-0.22	2.30
hookers	-0.22	1.89
menu	-0.22	2.60
theyre	-0.22	3.25
ive	-0.22	2.67
floor	-0.22	2.32
lose	-0.22	2.79
kifflom	-0.22	1.78
checkpoint	-0.22	2.39
through	-0.22	2.36
show	-0.22	3.19
old	-0.22	2.20
sell	-0.22	2.20
determine	-0.21	2.38
laughing	-0.21	2.81
marketplace	-0.21	2.33
100k	-0.21	2.27
review	-0.21	2.89
leveling	-0.21	2.24
drove	-0.21	2.34
menus	-0.21	2.61
5k	-0.21	2.19
icon	-0.21	2.33
coincidence	-0.21	4.14
value	-0.21	2.28
lame	-0.21	2.36
plug	-0.21	2.14
saved	-0.21	2.36
dm	-0.21	2.22
sarcasm	-0.21	3.68
deposit	-0.21	2.26
12	-0.21	2.25
levels	-0.21	2.10
detonate	-0.21	2.31
investment	-0.21	2.12
difference	-0.21	3.43
view	-0.21	2.02
headset	-0.21	1.97
collecting	-0.21	2.42
stairs	-0.20	2.09
100,000	-0.20	2.26
hydra	-0.20	2.10
stab	-0.20	2.47
caps	-0.20	2.31
believe	-0.20	4.90
chute	-0.20	2.10
banks	-0.20	2.11
hide	-0.20	2.35
usually	-0.20	3.20
sits	-0.20	2.13
combined	-0.20	1.80
rob	-0.20	2.11
houses	-0.20	1.90
jumped	-0.20	2.35
successful	-0.20	1.85
ammunition	-0.20	2.05
rarely	-0.20	2.83
thrown	-0.20	2.19
unlocking	-0.20	2.03
following	-0.20	2.67
blind	-0.20	2.61
balance	-0.20	2.17
wrote	-0.20	4.12
place	-0.20	3.50
owners	-0.20	2.14
realise	-0.20	4.30
eclipse	-0.20	2.04
arrest	-0.20	2.27
bomb	-0.20	2.25
passive	-0.20	2.53
year	-0.19	2.47
sniping	-0.19	2.20
bounties	-0.19	2.25
install	-0.19	2.23
halloween	-0.19	1.91
announced	-0.19	2.77
karma	-0.19	2.84
above	-0.19	2.36
went	-0.19	2.70
headshots	-0.19	1.92
greater	-0.19	1.56
script	-0.19	2.53
world	-0.19	1.80
dashboard	-0.19	2.68
data	-0.19	2.30
nearly	-0.19	2.77
immediately	-0.19	2.94
dot	-0.19	2.25
dr	-0.19	1.78
landed	-0.19	2.17
download	-0.19	2.27
involves	-0.19	2.49
<URL>	-0.19	1.97
<SPECIAL>	-0.19	1.97
already	-0.19	3.90
alta	-0.19	2.02
theres	-0.19	2.39
grenade	-0.19	2.20
dots	-0.19	2.31
accelerate	-0.19	2.76
further	-0.19	2.81
letter	-0.19	3.03
coding	-0.19	2.21
chest	-0.19	1.99
bookmarked	-0.19	2.53
test	-0.19	3.58
factory	-0.19	1.90
strippers	-0.19	1.89
tear	-0.19	2.13
tattoos	-0.19	1.85
friend	-0.19	3.16
stores	-0.19	2.02
ps	-0.19	2.58
spots	-0.19	2.38
beep	-0.19	1.77
rotor	-0.18	2.17
title	-0.18	3.65
teleport	-0.18	2.61
land	-0.18	2.05
method	-0.18	2.27
bail	-0.18	2.66
browsing	-0.18	3.00
planet	-0.18	1.75
armoured	-0.18	2.27
ie	-0.18	2.33
go	-0.18	3.35
raise	-0.18	1.97
digital	-0.18	2.19
bank	-0.18	2.25
civilians	-0.18	2.32
radar	-0.18	2.42
hmmm	-0.18	2.17
drop	-0.18	2.38
fly	-0.18	2.04
match	-0.18	2.16
hard	-0.18	2.22
trying	-0.18	4.10
collected	-0.18	2.57
cycle	-0.18	1.98
captures	-0.18	2.19
gb	-0.18	2.20
rolled	-0.18	2.22
content	-0.18	2.41
storage	-0.18	2.28
cold	-0.18	2.70
l	-0.18	2.74
society	-0.17	2.09
rhino	-0.17	2.03
actions	-0.17	2.39
constant	-0.17	2.24
number	-0.17	2.12
50k	-0.17	2.25
runs	-0.17	1.95
knew	-0.17	4.08
basis	-0.17	2.61
alien	-0.17	1.82
impact	-0.17	2.60
sniped	-0.17	2.37
majestic	-0.17	1.98
face	-0.17	2.08
sec	-0.17	2.74
government	-0.17	1.91
attempted	-0.17	3.15
folks	-0.17	2.57
hot	-0.17	2.00
dns	-0.17	2.24
3000	-0.17	2.10
created	-0.17	2.36
rank	-0.17	2.18
invested	-0.17	2.33
aside	-0.17	2.23
exploits	-0.17	2.54
sandbox	-0.17	1.79
messed	-0.17	2.15
tied	-0.17	2.17
24/7	-0.17	2.38
beach	-0.17	2.03
literally	-0.17	3.53
refund	-0.17	2.43
managed	-0.17	3.09
spawn	-0.17	2.56
game	-0.17	3.11
balancing	-0.17	2.29
size	-0.17	1.83
feed	-0.17	2.47
soul	-0.17	1.88
removing	-0.16	2.51
backwards	-0.16	2.50
prison	-0.16	2.12
hiding	-0.16	2.26
head	-0.16	2.13
hdd	-0.16	2.22
sync	-0.16	2.37
secret	-0.16	1.99
hunt	-0.16	2.20
dupe	-0.16	2.46
300k	-0.16	2.31
cpu	-0.16	1.89
steam	-0.16	2.12
violence	-0.16	1.90
zone	-0.16	2.20
beard	-0.16	1.81
jokes	-0.16	2.67
enter	-0.16	2.27
tinsel	-0.16	2.01
files	-0.16	2.26
warning	-0.16	2.48
evade	-0.16	2.81
miniguns	-0.16	2.11
hooker	-0.16	2.17
playable	-0.16	1.76
clue	-0.16	3.88
liquor	-0.16	2.04
achievements	-0.16	2.06
events	-0.16	2.20
verified	-0.16	2.36
flash	-0.16	2.09
disc	-0.15	2.20
physical	-0.15	2.23
75	-0.15	2.15
wake	-0.15	2.47
chased	-0.15	2.43
banned	-0.15	2.19
rail	-0.15	1.93
preview	-0.15	2.74
laser	-0.15	2.42
spent	-0.15	2.58
guaranteed	-0.15	1.87
glitchers	-0.15	2.15
phone	-0.15	2.58
pile	-0.15	1.99
prop	-0.15	2.08
gps	-0.15	2.59
500	-0.15	2.05
ingame	-0.15	2.59
harder	-0.15	2.20
tactic	-0.15	2.43
freezes	-0.15	2.64
defense	-0.15	2.67
onto	-0.15	2.18
unless	-0.15	4.66
screens	-0.15	2.23
free-roam	-0.15	2.26
fighter	-0.15	2.03
flames	-0.15	2.17
jacked	-0.15	2.31
parked	-0.15	2.16
peoples	-0.15	2.48
remember	-0.15	4.39
grass	-0.15	1.67
laws	-0.15	2.25
clicked	-0.15	3.05
block	-0.15	2.14
sweeper	-0.15	1.93
length	-0.15	1.84
pole	-0.15	2.41
pre-ordered	-0.15	2.19
needing	-0.15	3.20
exploit	-0.15	2.78
unlock	-0.15	2.07
order	-0.15	2.60
answers	-0.15	3.27
bugs	-0.15	2.52
honking	-0.15	2.30
section	-0.15	2.89
blip	-0.15	2.36
appear	-0.15	2.37
richards	-0.15	1.99
ground	-0.15	2.16
sitting	-0.14	2.84
mil	-0.14	2.43
upcoming	-0.14	2.39
wipe	-0.14	2.23
middle	-0.14	2.11
expensive	-0.14	2.07
parody	-0.14	2.33
towers	-0.14	1.99
extent	-0.14	2.52
overpowered	-0.14	2.29
opens	-0.14	2.04
burst	-0.14	2.37
sides	-0.14	2.43
fan	-0.14	1.82
prior	-0.14	2.59
resources	-0.14	2.36
gained	-0.14	2.45
transferred	-0.14	2.22
confirmation	-0.14	2.99
flare	-0.14	2.19
slam	-0.14	2.43
cheap	-0.14	1.81
c	-0.14	2.18
across	-0.14	2.09
helis	-0.14	2.04
lock-on	-0.14	1.86
military	-0.14	1.97
bound	-0.14	2.66
sat	-0.14	2.48
home	-0.14	2.53
list	-0.14	2.87
raised	-0.14	2.08
mines	-0.14	2.22
decided	-0.14	3.18
13	-0.13	2.22
developer	-0.13	2.10
mass	-0.13	2.10
entering	-0.13	2.24
learned	-0.13	2.51
discount	-0.13	1.99
10,000	-0.13	2.14
honk	-0.13	2.63
snowball	-0.13	2.08
maxed	-0.13	1.73
scares	-0.13	2.12
pulled	-0.13	2.17
recall	-0.13	3.88
rpgs	-0.13	2.13
self	-0.13	2.91
network	-0.13	2.43
million	-0.13	2.48
bonus	-0.13	2.34
scream	-0.13	2.23
bucks	-0.13	2.36
steps	-0.13	2.43
maximum	-0.13	1.72
first	-0.13	2.68
tunnels	-0.13	2.12
proceeded	-0.13	3.03
signed	-0.13	2.42
brake	-0.13	2.60
jets	-0.13	2.08
npcs	-0.13	2.28
plot	-0.13	1.83
robbery	-0.13	2.15
offense	-0.13	3.07
entered	-0.13	2.26
submit	-0.13	3.15
1	-0.13	2.64
convenient	-0.13	2.27
ssd	-0.13	2.06
y'all	-0.13	2.93
tennis	-0.12	2.01
life	-0.12	2.46
choose	-0.12	2.57
disk	-0.12	2.23
quote	-0.12	3.43
box	-0.12	2.37
flying	-0.12	2.08
vision	-0.12	2.22
lag	-0.12	2.53
upvote	-0.12	3.58
preorder	-0.12	2.22
hardware	-0.12	1.89
chopper	-0.12	2.08
car	-0.12	2.71
freeze	-0.12	2.89
popular	-0.12	1.96
gasoline	-0.12	1.96
deaths	-0.12	2.63
pocket	-0.12	2.30
convenience	-0.12	2.10
dollar	-0.12	2.14
glass	-0.12	2.11
against	-0.12	2.43
requirements	-0.12	1.67
28	-0.12	1.99
put	-0.12	3.00
console	-0.12	2.12
level	-0.12	2.27
achievement	-0.12	1.71
madness	-0.12	2.17
weekends	-0.12	2.58
millions	-0.12	2.34
knowing	-0.12	2.55
attack	-0.12	2.38
ended	-0.12	2.63
hud	-0.12	2.32
how	-0.12	4.82
ultimate	-0.11	1.57
passenger	-0.11	2.17
jet	-0.11	2.07
officially	-0.11	2.95
updates	-0.11	2.52
odds	-0.11	2.07
gangs	-0.11	2.10
hacking	-0.11	2.22
hop	-0.11	2.20
o	-0.11	2.13
joy	-0.11	1.80
replicate	-0.11	3.74
busy	-0.11	3.48
meth	-0.11	1.96
forgive	-0.11	2.89
are	-0.11	3.39
handy	-0.11	2.17
frustration	-0.11	2.42
dlcs	-0.11	2.45
deserved	-0.11	2.42
1k	-0.11	2.21
chasing	-0.11	2.40
see	-0.11	4.74
connected	-0.11	2.33
copies	-0.11	2.14
afterwards	-0.11	2.70
1st	-0.11	2.45
separate	-0.11	2.10
ubisoft	-0.11	1.92
provided	-0.11	3.52
satisfaction	-0.11	2.54
happens	-0.11	3.58
ledge	-0.11	2.27
massacre	-0.11	2.49
generation	-0.11	2.05
deathmatch	-0.11	2.21
fall	-0.11	2.60
drinking	-0.11	2.16
items	-0.11	2.19
120	-0.11	2.12
disappointment	-0.11	2.31
crashed	-0.11	2.25
apartments	-0.10	2.03
sentence	-0.10	3.81
limitations	-0.10	2.06
spawns	-0.10	2.20
speaking	-0.10	3.39
whilst	-0.10	2.61
heights	-0.10	1.94
percent	-0.10	2.26
user	-0.10	2.41
mystery	-0.10	2.18
born	-0.10	2.75
linked	-0.10	2.47
according	-0.10	2.81
unlocked	-0.10	2.05
finding	-0.10	3.25
b	-0.10	2.45
plans	-0.10	2.60
happen	-0.10	4.65
jumps	-0.10	2.58
got	-0.10	3.14
thru	-0.09	2.28
hanger	-0.09	2.03
automatically	-0.09	2.62
weekend	-0.09	2.38
hovering	-0.09	2.44
packs	-0.09	2.27
looking	-0.09	4.60
file	-0.09	2.28
150	-0.09	2.07
occasion	-0.09	2.52
decision	-0.09	2.94
ram	-0.09	1.99
tattoo	-0.09	1.91
quickly	-0.09	2.35
spray	-0.09	2.04
display	-0.09	2.35
ca	-0.09	4.48
even	-0.09	4.71
leading	-0.09	2.06
clouds	-0.09	2.04
800	-0.09	2.03
bitch	-0.09	2.43
dust	-0.09	1.89
comparing	-0.09	2.88
occasionally	-0.09	2.31
hipster	-0.09	2.30
noticing	-0.09	2.90
never	-0.09	3.75
path	-0.09	2.32
drops	-0.09	2.33
gt	-0.09	2.52
temporarily	-0.09	2.42
lil	-0.09	2.32
ghost	-0.09	1.78
lazers	-0.09	2.07
hidden	-0.09	2.05
positive	-0.09	3.22
4th	-0.09	2.33
judge	-0.09	2.88
normally	-0.09	3.30
under	-0.09	2.34
others	-0.09	3.61
lazer	-0.09	2.06
trap	-0.09	1.89
leads	-0.09	2.22
snipers	-0.09	2.08
ghetto	-0.09	1.93
transfer	-0.09	2.14
stood	-0.08	2.70
armored	-0.08	2.14
transport	-0.08	2.14
advantage	-0.08	2.28
gtaa	-0.08	2.40
disappear	-0.08	2.49
proceed	-0.08	2.99
alone	-0.08	3.35
fancy	-0.08	2.39
pre	-0.08	2.29
course	-0.08	3.95
dollars	-0.08	2.37
boot	-0.08	2.22
delete	-0.08	2.36
accessories	-0.08	2.15
whip	-0.08	2.03
patches	-0.08	2.63
appeal	-0.08	2.13
understanding	-0.08	2.20
activities	-0.08	1.97
bum	-0.08	2.28
battlefield	-0.08	1.75
headphones	-0.08	1.96
base	-0.08	2.08
sale	-0.08	2.20
cause	-0.08	3.28
directly	-0.08	2.62
jumbo	-0.08	1.95
business	-0.07	2.44
selection	-0.07	2.37
connecting	-0.07	2.80
center	-0.07	1.95
afaik	-0.07	2.02
started	-0.07	2.99
collector	-0.07	2.13
write	-0.07	3.44
recreate	-0.07	2.92
dropped	-0.07	2.54
pilot	-0.07	2.06
glide	-0.07	2.04
screwed	-0.07	2.80
spell	-0.07	3.88
mill	-0.07	2.42
minding	-0.07	2.70
belong	-0.07	2.72
available	-0.07	2.28
reset	-0.07	2.26
efficient	-0.07	2.09
pack	-0.07	2.20
yet	-0.07	3.83
explosion	-0.07	2.13
airfield	-0.07	1.96
thousands	-0.07	2.35
disable	-0.07	2.17
maneuver	-0.07	3.24
lvl	-0.07	2.19
memory	-0.07	2.13
manually	-0.07	2.50
recent	-0.07	2.76
chances	-0.07	2.43
cream	-0.07	1.96
say	-0.07	4.79
acceptable	-0.07	1.91
crowd	-0.07	2.39
greedy	-0.07	2.33
porn	-0.07	1.95
required	-0.07	2.21
st	-0.06	1.91
remove	-0.06	2.58
want	-0.06	4.68
minimap	-0.06	2.35
wondered	-0.06	4.13
tower	-0.06	2.10
overly	-0.06	2.63
suggestions	-0.06	3.04
creator	-0.06	2.29
fear	-0.06	2.27
remotely	-0.06	3.40
steering	-0.06	2.02
hangar	-0.06	2.02
ufos	-0.06	1.96
dying	-0.06	2.55
buzzard	-0.06	2.04
engines	-0.06	1.98
guard	-0.06	1.95
couldnt	-0.06	3.50
bump	-0.06	2.22
chick	-0.06	2.03
speeding	-0.06	2.36
training	-0.06	1.82
skin	-0.06	1.92
eggs	-0.06	1.97
ranks	-0.06	2.26
wanting	-0.06	3.05
foot	-0.06	2.31
frankly	-0.06	2.55
rockets	-0.06	2.06
into	-0.06	2.50
channels	-0.06	1.95
arent	-0.06	2.96
psycho	-0.06	2.06
plastic	-0.06	1.85
clarify	-0.06	3.86
whose	-0.06	1.99
along	-0.06	2.22
little	-0.06	2.67
suddenly	-0.06	2.71
nearby	-0.06	2.15
threat	-0.06	2.92
23	-0.06	2.00
death	-0.06	2.15
afk	-0.06	2.38
helipad	-0.06	2.03
dig	-0.05	2.35
space	-0.05	2.18
perro	-0.05	1.97
cannons	-0.05	2.08
nights	-0.05	2.62
air	-0.05	2.13
tops	-0.05	2.12
fov	-0.05	1.99
aka	-0.05	2.67
common	-0.05	2.40
solved	-0.05	2.32
because	-0.05	4.82
del	-0.05	1.97
16	-0.05	2.21
awards	-0.05	2.19
angle	-0.05	2.15
army	-0.05	2.10
lowered	-0.05	1.82
helicopters	-0.05	2.09
independence	-0.05	2.24
blips	-0.05	2.31
platinum	-0.05	2.01
dealing	-0.05	2.01
tactical	-0.05	1.74
french	-0.05	2.64
issues	-0.05	2.76
besra	-0.05	1.97
safety	-0.05	2.28
climb	-0.05	2.21
ahead	-0.05	2.87
parachute	-0.05	2.03
vehicles	-0.04	2.51
settings	-0.04	2.20
npc	-0.04	2.24
aircraft	-0.04	2.04
missiles	-0.04	2.05
grapeseed	-0.04	1.92
easy	-0.04	2.17
shiny	-0.04	2.34
kicked	-0.04	2.48
roaming	-0.04	2.30
driver	-0.04	2.13
symbol	-0.04	2.47
amazon	-0.04	2.35
vests	-0.04	1.89
frogger	-0.04	1.95
reverse	-0.04	2.63
supposed	-0.04	4.76
during	-0.04	2.22
boom	-0.04	2.42
21	-0.04	2.08
camp	-0.04	2.09
event	-0.04	2.32
perform	-0.04	2.21
installing	-0.04	2.30
modes	-0.04	2.00
listed	-0.04	2.74
heli	-0.04	2.08
pretend	-0.04	3.39
when	-0.04	3.87
seat	-0.04	2.12
loss	-0.04	2.16
web	-0.04	2.51
fence	-0.04	2.16
used	-0.04	3.60
glitches	-0.04	2.38
behind	-0.04	2.46
alternate	-0.03	2.09
300	-0.03	2.12
bonuses	-0.03	2.29
flip	-0.03	2.38
apart	-0.03	1.82
helicopter	-0.03	2.06
setting	-0.03	2.16
tech	-0.03	2.15
steve	-0.03	1.97
essentially	-0.03	2.48
every	-0.03	3.11
per	-0.03	2.52
years	-0.03	2.66
thursday	-0.03	2.98
social	-0.03	2.55
duty	-0.03	1.72
rpg	-0.03	2.07
off	-0.03	2.55
problems	-0.03	2.83
mental	-0.03	2.02
caught	-0.03	2.20
deleting	-0.03	2.52
yesterday	-0.03	3.18
capabilities	-0.03	1.73
adjust	-0.03	1.90
fp	-0.03	2.08
ammu-nation	-0.03	1.97
roughly	-0.03	2.48
connection	-0.03	2.52
gamer	-0.03	2.37
co-op	-0.03	2.00
bust	-0.03	2.29
computers	-0.03	1.70
regret	-0.03	2.44
follows	-0.03	2.15
anti	-0.03	1.94
tag	-0.03	2.88
minimum	-0.03	2.01
reaction	-0.03	2.08
feet	-0.03	2.46
bugged	-0.03	2.35
transferring	-0.03	2.12
values	-0.03	2.17
latest	-0.03	2.73
cup	-0.03	2.02
duplicate	-0.02	3.15
400	-0.02	1.95
firefight	-0.02	2.36
upon	-0.02	2.50
struggling	-0.02	3.87
concrete	-0.02	2.83
any	-0.02	3.99
star	-0.02	2.41
case	-0.02	4.80
shops	-0.02	1.94
ship	-0.02	1.92
downloaded	-0.02	2.44
ufo	-0.02	1.99
platforms	-0.02	2.10
pedestrian	-0.02	1.91
officer	-0.02	2.27
titan	-0.02	2.06
shot	-0.02	2.17
sold	-0.02	2.08
update	-0.02	2.61
buddies	-0.02	2.49
selected	-0.02	2.09
lay	-0.02	2.46
confusing	-0.02	2.68
saw	-0.02	3.29
beaten	-0.02	2.35
outfits	-0.02	1.83
phones	-0.02	2.37
disconnected	-0.02	2.44
shortly	-0.02	2.80
pistols	-0.02	1.95
mins	-0.02	2.72
aggressive	-0.02	2.42
smoke	-0.02	2.04
35	-0.02	2.22
hunters	-0.02	2.25
aware	-0.02	4.39
disappeared	-0.02	2.40
cops	-0.02	2.41
albeit	-0.02	2.62
direct	-0.02	2.86
somehow	-0.02	2.84
whereas	-0.01	2.12
cable	-0.01	2.23
location	-0.01	3.00
icons	-0.01	2.29
opportunity	-0.01	2.62
parking	-0.01	2.23
plane	-0.01	2.07
food	-0.01	1.98
becomes	-0.01	2.13
position	-0.01	2.49
beside	-0.01	2.28
spend	-0.01	2.57
chat	-0.01	2.07
end	-0.01	2.68
haircut	-0.01	2.02
wallet	-0.01	2.50
spoiler	-0.01	2.38
obviously	-0.01	4.72
5000	-0.01	2.14
shower	-0.01	2.49
fuckers	-0.01	2.18
ifruit	-0.01	2.35
office	-0.01	2.15
fixes	-0.01	2.61
addressed	-0.01	2.92
gears	-0.01	2.08
upgrade	-0.01	1.90
worrying	-0.01	3.03
clear	-0.01	2.24
split	-0.01	2.08
accounts	-0.01	2.41
upside	-0.01	2.25
manage	-0.01	3.70
hour	-0.01	2.70
almost	-0.01	3.66
passes	-0.01	2.55
disconnect	-0.01	2.64
methods	-0.01	2.49
warfare	-0.01	1.75
standards	-0.01	2.27
dress	-0.00	1.90
zombies	-0.00	1.90
among	-0.00	2.43
custom	-0.00	2.18
minute	-0.00	2.66
them	-0.00	4.15
gave	-0.00	2.90
salt	-0.00	2.88
inside	-0.00	2.14
valentine	-0.00	2.27
implemented	-0.00	2.78
building	-0.00	2.09
bushes	-0.00	2.12
notes	-0.00	2.81
stage	-0.00	2.43
once	-0.00	3.39
design	-0.00	1.97
open	-0.00	2.11
maze	0.00	2.08
peaceful	0.00	2.25
arms	0.00	2.08
armed	0.00	2.03
11	0.00	2.53
profile	0.00	2.41
dedicated	0.00	1.81
offers	0.00	1.79
subway	0.00	2.15
chase	0.00	2.40
altitude	0.00	2.11
stars	0.00	2.67
drunk	0.00	2.25
exclusive	0.00	2.17
9k	0.00	2.21
magically	0.00	2.61
ce	0.00	2.15
debt	0.00	2.70
48	0.00	2.38
gambling	0.00	1.88
club	0.01	2.50
live	0.01	2.30
floating	0.01	2.38
central	0.01	2.53
pre-order	0.01	2.20
patience	0.01	2.10
falls	0.01	1.75
cap	0.01	1.98
hours	0.01	2.71
object	0.01	1.93
clock	0.01	2.40
lines	0.01	2.28
thus	0.01	2.19
sometimes	0.01	3.24
increases	0.01	1.68
brutal	0.01	3.76
holiday	0.01	2.22
barber	0.01	2.04
log	0.01	2.62
over	0.01	2.60
cannon	0.01	1.99
bf4	0.01	1.91
curiosity	0.01	2.30
thousand	0.01	2.42
dan	0.01	2.07
wat	0.01	2.65
aliens	0.01	1.69
july	0.01	2.41
meh	0.01	2.38
permanent	0.01	2.24
realize	0.01	4.62
crate	0.01	2.28
am	0.01	3.86
slowly	0.01	2.47
back	0.01	3.20
amount	0.01	2.09
get	0.01	4.16
consoles	0.01	2.06
concern	0.01	2.99
tunnel	0.01	2.05
change	0.01	2.38
25	0.01	2.20
context	0.01	4.04
saturday	0.01	2.89
clothing	0.02	1.93
valentines	0.02	2.30
el	0.02	1.97
planes	0.02	2.05
weed	0.02	2.23
proof	0.02	3.28
cliff	0.02	2.23
device	0.02	2.43
mid	0.02	2.41
9000	0.02	2.13
1.09	0.02	2.83
1.13	0.02	2.89
nor	0.02	3.77
100	0.02	2.07
criminals	0.02	2.03
quick	0.02	2.20
sc	0.02	2.55
app	0.02	2.55
bam	0.02	2.37
showing	0.02	2.65
missile	0.02	2.02
1.12	0.02	2.83
luxor	0.02	1.99
hip	0.02	1.82
launcher	0.02	2.06
logged	0.02	2.48
increasing	0.02	1.74
downloading	0.02	2.55
dash	0.02	2.10
bothered	0.02	4.01
e3	0.02	2.52
rockford	0.02	2.04
dozen	0.02	2.19
docks	0.02	2.02
patch	0.02	2.82
limited	0.02	2.15
rendering	0.02	1.85
xbox	0.02	2.53
yoga	0.02	1.92
furious	0.02	2.14
est	0.02	2.97
cornrows	0.02	2.28
wall	0.02	2.21
1.5	0.02	2.29
countries	0.02	2.24
hill	0.02	2.08
entrance	0.02	2.05
working	0.03	4.04
bus	0.03	1.86
facial	0.03	1.73
carrier	0.03	2.18
flags	0.03	2.09
reasons	0.03	2.99
nowhere	0.03	2.53
underground	0.03	2.14
locked	0.03	2.03
effectively	0.03	2.33
days	0.03	2.71
mph	0.03	2.16
min	0.03	2.71
k	0.03	2.35
bat	0.03	1.99
represent	0.03	2.52
picked	0.03	2.40
hover	0.03	2.37
legal	0.03	2.44
crates	0.03	2.26
pilots	0.03	2.12
freezing	0.03	2.86
morning	0.03	2.92
guess	0.03	5.08
teeth	0.03	1.94
google	0.03	2.46
recently	0.03	3.14
recognize	0.03	4.00
allow	0.03	3.08
brightness	0.03	2.08
out	0.03	3.47
browser	0.03	2.65
thumbs	0.03	2.10
machine	0.03	1.97
lspd	0.03	2.04
exception	0.03	2.31
typo	0.03	4.77
70	0.03	2.08
ps3/360	0.03	2.12
gun	0.04	1.91
xb1	0.04	2.12
loop	0.04	2.34
set	0.04	2.34
performance	0.04	1.94
360/ps3	0.04	2.13
shorter	0.04	2.14
massive	0.04	1.74
play	0.04	3.24
1.11	0.04	2.89
50	0.04	2.08
zancudo	0.04	1.98
last-gen	0.04	2.12
pit	0.04	2.27
evening	0.04	2.92
default	0.04	2.13
chain	0.04	2.01
properties	0.04	2.06
shores	0.04	1.88
turned	0.04	2.17
handful	0.04	2.44
account	0.04	2.44
respray	0.04	2.19
trolling	0.04	2.80
sunday	0.04	2.83
address	0.04	2.71
brothers	0.04	1.67
march	0.04	2.65
require	0.04	2.25
where	0.04	4.21
um	0.04	2.19
hack	0.04	2.37
nature	0.04	2.21
roleplay	0.04	2.46
tl	0.04	1.82
masks	0.04	1.86
200	0.04	2.09
british	0.04	2.08
risk	0.04	2.60
item	0.04	2.13
treated	0.05	2.43
scope	0.05	1.96
taxi	0.05	1.59
occasions	0.05	2.90
pst	0.05	2.96
airport	0.05	1.97
demand	0.05	1.88
smoking	0.05	2.17
tommy	0.05	1.81
24	0.05	2.23
instance	0.05	1.99
rocket	0.05	2.01
specific	0.05	2.34
increase	0.05	1.83
band	0.05	1.72
solve	0.05	3.06
affected	0.05	2.25
payment	0.05	2.24
runway	0.05	2.00
tall	0.05	1.94
gen	0.05	2.11
fool	0.05	3.06
ones	0.05	2.90
jetpack	0.05	1.94
codes	0.05	2.20
today	0.05	3.21
gate	0.05	2.22
within	0.05	2.68
restarting	0.05	2.64
background	0.05	1.94
checkpoints	0.05	2.25
gmt	0.05	2.93
height	0.05	2.01
deals	0.05	2.17
enabled	0.05	1.99
firework	0.05	2.18
night	0.05	2.98
criminal	0.05	1.94
ambulance	0.05	1.85
fashion	0.05	2.36
merryweather	0.05	2.26
twice	0.05	2.94
fib	0.05	1.89
states	0.05	2.27
getaway	0.05	2.06
learn	0.05	2.15
current-gen	0.05	2.12
havent	0.05	2.91
release	0.05	2.73
returning	0.06	2.05
30	0.06	2.28
acting	0.06	2.36
golf	0.06	2.02
afternoon	0.06	2.97
special	0.06	2.13
reinstall	0.06	2.53
minigun	0.06	2.01
requires	0.06	2.36
hacks	0.06	2.21
monday	0.06	3.01
sandy	0.06	1.87
duster	0.06	2.03
ve	0.06	3.03
construction	0.06	2.06
legendary	0.06	2.00
think	0.06	4.77
xbl	0.06	2.61
pacific	0.06	2.78
truth	0.06	3.50
rounds	0.06	2.07
toys	0.06	2.63
first-person	0.06	1.88
or	0.06	4.43
deny	0.06	4.15
significantly	0.06	2.12
mounted	0.06	2.06
ap	0.06	1.93
landing	0.06	2.07
comes	0.06	2.82
before	0.06	3.11
changes	0.06	2.34
arrive	0.06	2.61
peds	0.06	1.98
health	0.06	1.83
sensitive	0.06	2.28
ability	0.06	3.03
sum	0.06	2.38
underneath	0.06	2.05
practice	0.06	1.70
kd	0.06	2.40
hundreds	0.06	2.63
reach	0.06	2.06
job	0.06	2.53
cell	0.06	2.15
subscribed	0.06	2.49
react	0.07	2.99
4k	0.07	1.88
edition	0.07	2.24
then	0.07	3.73
45	0.07	2.26
error	0.07	2.66
9	0.07	2.54
shared	0.07	2.29
existing	0.07	2.25
clothes	0.07	1.98
systems	0.07	2.22
frank	0.07	2.15
maps	0.07	2.08
cargo	0.07	1.92
awkward	0.07	2.12
day	0.07	2.53
mallard	0.07	2.05
disadvantage	0.07	2.41
10k	0.07	2.27
exact	0.07	3.40
lane	0.07	2.06
mini	0.07	2.13
fireworks	0.07	2.18
8	0.08	2.34
maintain	0.08	1.93
dozens	0.08	2.60
been	0.08	3.04
deserve	0.08	2.52
counting	0.08	2.48
halfway	0.08	2.39
alive	0.08	1.65
handle	0.08	2.98
date	0.08	2.66
patrol	0.08	1.90
straight	0.08	2.40
friday	0.08	2.81
high	0.08	1.80
ramp	0.08	2.14
street	0.08	1.85
dock	0.08	1.85
surface	0.08	2.32
ft	0.08	2.27
aston	0.08	1.84
find	0.08	4.03
conclusion	0.08	3.30
pump	0.08	1.92
punching	0.08	2.31
confused	0.08	4.05
previous	0.08	2.40
mg	0.08	1.94
60	0.08	2.00
g	0.08	2.19
beer	0.08	2.08
wing	0.08	2.02
preferably	0.08	2.32
smg	0.08	1.91
modded	0.08	2.05
after	0.09	2.95
intersection	0.09	2.21
became	0.09	2.17
frustrating	0.09	2.60
static	0.09	2.03
walls	0.09	2.08
bob	0.09	2.05
knife	0.09	1.93
flipped	0.09	2.33
approach	0.09	2.46
mode	0.09	1.91
route	0.09	2.05
expand	0.09	2.36
40	0.09	2.19
allowing	0.09	3.10
myself	0.09	3.66
socialclub	0.09	2.52
wood	0.09	1.95
ps3	0.09	2.36
ages	0.09	3.19
dudes	0.09	2.28
bunch	0.09	2.46
props	0.09	2.19
airplane	0.09	2.09
june	0.09	2.65
options	0.09	2.35
homing	0.09	2.09
customize	0.09	2.77
irl	0.09	2.87
barrel	0.09	2.12
november	0.09	2.66
remembered	0.09	2.43
holidays	0.09	2.39
changing	0.09	2.31
letters	0.09	2.55
gamestop	0.10	2.31
times	0.10	2.72
typing	0.10	3.71
information	0.10	2.81
matching	0.10	2.00
feel	0.10	3.85
nine	0.10	2.62
stopped	0.10	3.01
surely	0.10	2.70
flares	0.10	2.01
fort	0.10	1.96
net	0.10	2.36
shotguns	0.10	1.97
outside	0.10	2.18
ties	0.10	1.86
creates	0.10	2.31
around	0.10	2.49
ends	0.10	2.18
unlocks	0.10	2.13
copy	0.10	2.17
minutes	0.10	2.80
tuesday	0.10	2.79
seconds	0.10	2.77
opened	0.10	2.22
insert	0.10	2.69
protect	0.10	2.61
helmets	0.10	1.87
hats	0.10	1.94
guards	0.11	2.22
reason	0.11	4.62
cant	0.11	4.25
glitchy	0.11	2.28
solution	0.11	2.87
greatest	0.11	3.23
production	0.11	2.22
existed	0.11	3.50
months	0.11	2.72
external	0.11	2.06
existence	0.11	2.13
10	0.11	2.33
experiencing	0.11	3.22
side	0.11	2.03
early	0.11	2.75
happening	0.11	3.65
benefits	0.11	2.45
windshield	0.11	2.14
feelings	0.11	2.87
experienced	0.11	2.98
pickup	0.11	2.11
equal	0.11	1.97
february	0.11	2.61
5th	0.11	2.35
skull	0.11	2.00
maverick	0.11	1.97
bullpup	0.11	1.91
cargobobs	0.11	2.29
mirrors	0.11	2.46
chainsaw	0.11	1.85
results	0.11	2.52
sniper	0.11	1.96
customizing	0.11	2.75
spring	0.11	2.65
steep	0.11	1.98
fps	0.11	1.83
plate	0.11	2.03
needed	0.11	2.39
flipping	0.11	2.51
imho	0.11	2.12
done	0.11	3.51
step	0.11	2.39
outfit	0.11	1.96
tomorrow	0.11	3.06
mag	0.11	1.86
guarantee	0.11	3.82
material	0.11	1.78
1.10	0.11	2.81
away	0.11	2.67
17th	0.11	2.77
guns	0.11	2.17
september	0.11	2.65
stealth	0.11	1.80
window	0.12	2.14
released	0.12	2.72
froze	0.12	2.78
new-gen	0.12	2.07
armor	0.12	2.10
rifles	0.12	1.94
jump	0.12	2.18
prefer	0.12	2.79
had	0.12	3.11
vids	0.12	1.87
assault	0.12	1.94
current	0.12	2.13
1v1	0.12	2.64
december	0.12	2.62
chosen	0.12	2.88
jealous	0.12	2.97
causes	0.12	2.36
either	0.12	4.58
vanoss	0.12	1.93
choices	0.12	1.71
bay	0.12	1.81
exists	0.12	2.85
bug	0.12	2.86
horn	0.12	2.12
announce	0.12	3.03
slim	0.12	2.08
hammer	0.12	1.86
kicks	0.12	2.37
late	0.12	2.79
hills	0.12	1.82
enable	0.12	2.17
wiki	0.12	2.64
mask	0.12	1.78
volume	0.12	1.94
powerful	0.13	1.95
paste	0.13	2.87
hundred	0.13	2.34
pistol	0.13	1.90
ski	0.13	1.88
capable	0.13	2.05
counter	0.13	2.26
audio	0.13	1.90
sideways	0.13	2.18
cop	0.13	2.17
pedestrians	0.13	2.09
hood	0.13	2.04
vast	0.13	1.57
system	0.13	2.38
wearing	0.13	1.89
developed	0.13	2.01
glitch	0.13	2.46
27	0.13	1.99
turn	0.13	2.30
additional	0.13	2.28
minor	0.13	1.75
bumper	0.13	2.11
format	0.13	2.29
pvp	0.13	1.96
choppers	0.13	2.08
shell	0.13	2.47
vestra	0.13	2.00
eastern	0.13	2.67
narrow	0.13	1.93
reply	0.13	4.10
alley	0.13	2.15
same	0.13	3.64
involved	0.13	2.18
heavy	0.13	1.95
vinewood	0.13	1.68
enjoyment	0.13	1.93
horns	0.14	2.05
lasted	0.14	2.73
versa	0.14	2.10
dont	0.14	4.46
isnt	0.14	2.88
additions	0.14	1.96
highway	0.14	1.94
gray	0.14	1.81
ip	0.14	2.35
till	0.14	3.02
paleto	0.14	1.80
ac	0.14	1.79
exclusives	0.14	2.09
musket	0.14	1.99
link	0.14	2.99
xbox360	0.14	2.20
2013	0.14	2.66
word	0.14	3.82
weeks	0.14	2.82
october	0.14	2.62
upgrading	0.14	2.41
f	0.15	2.54
ballas	0.15	1.91
body	0.15	2.11
lie	0.15	3.51
til	0.15	2.88
passengers	0.15	2.10
automatic	0.15	2.04
speakers	0.15	1.98
shits	0.15	2.24
edge	0.15	2.07
implement	0.15	3.22
15	0.15	2.30
miles	0.15	2.51
30fps	0.15	1.92
silenced	0.15	1.92
week	0.15	2.93
restarted	0.15	2.71
ppl	0.15	3.06
takes	0.15	2.89
oil	0.15	2.21
blast	0.15	2.05
stretch	0.15	2.18
possibility	0.15	3.15
grow	0.15	2.42
becoming	0.15	2.23
noticed	0.15	3.42
mansions	0.15	2.35
situations	0.15	2.32
settle	0.15	2.84
ago	0.15	2.81
boots	0.15	1.84
boost	0.15	1.95
newest	0.15	1.98
rid	0.15	2.72
objects	0.15	2.14
january	0.15	2.78
stun	0.15	1.94
lasts	0.16	2.77
merry	0.16	2.08
countless	0.16	2.58
convinced	0.16	3.97
amp	0.16	2.22
capacity	0.16	1.76
aspect	0.16	1.79
school	0.16	1.84
variation	0.16	2.38
frozen	0.16	2.62
freeway	0.16	1.90
7	0.16	2.45
interested	0.16	4.29
rider	0.16	2.81
option	0.16	2.82
mistaken	0.16	4.90
gamertag	0.16	2.74
month	0.16	2.70
score	0.16	2.20
2015	0.16	2.63
average	0.16	1.96
began	0.16	2.69
biker	0.16	1.67
router	0.16	2.25
mess	0.16	2.89
gotten	0.16	2.90
hockey	0.16	1.84
nat	0.16	2.43
gates	0.16	2.23
hands	0.17	2.14
something	0.17	4.59
ps4/xbone	0.17	2.31
older	0.17	2.01
metal	0.17	1.68
wear	0.17	1.83
inspiration	0.17	2.82
heists	0.17	2.80
ending	0.17	1.61
meaning	0.17	3.52
trade	0.17	2.42
sleep	0.17	2.34
south	0.17	1.93
chiliad	0.17	1.93
2014	0.17	2.56
cache	0.17	2.61
spanish	0.17	2.66
jumping	0.17	2.09
near	0.17	1.85
rubber	0.17	1.66
lowest	0.17	1.85
wouldnt	0.17	4.03
framerate	0.17	1.75
locations	0.17	2.29
damage	0.17	2.00
t-shirts	0.18	2.13
crime	0.18	1.70
bed	0.18	2.09
bullets	0.18	2.09
20	0.18	2.27
lake	0.18	1.79
summer	0.18	2.42
effect	0.18	2.79
monkey	0.18	1.61
hair	0.18	1.71
lightning	0.18	2.27
rifle	0.18	1.90
bridges	0.18	2.10
instructions	0.18	2.57
make	0.18	4.13
shirts	0.18	1.93
250	0.18	1.97
flag	0.18	2.05
human	0.18	1.81
candy	0.18	2.07
twist	0.18	1.97
android	0.18	2.74
assets	0.18	2.16
strong	0.18	1.54
police	0.18	1.95
paper	0.18	2.20
mall	0.18	1.79
sign	0.18	2.22
logical	0.18	2.57
hopes	0.19	2.67
carbine	0.19	1.89
wonder	0.19	4.53
visible	0.19	2.27
trains	0.19	2.27
relative	0.19	1.85
differences	0.19	1.97
degree	0.19	2.07
area	0.19	2.04
names	0.19	2.44
suicide	0.19	2.40
wanted	0.19	3.72
frames	0.19	1.80
tire	0.19	2.05
both	0.19	2.45
beating	0.19	2.18
license	0.19	2.11
resets	0.19	2.31
strip	0.19	2.11
trailer	0.19	2.28
depth	0.19	2.19
twitch	0.19	1.93
april	0.19	2.84
twenty	0.19	2.37
midnight	0.19	2.62
equivalent	0.19	2.48
none	0.19	2.79
escaping	0.20	2.56
bumpers	0.20	2.11
ice	0.20	1.90
magazine	0.20	1.89
visual	0.20	1.92
streaming	0.20	1.89
buildings	0.20	1.97
longer	0.20	2.38
thoughts	0.20	3.10
occasional	0.20	1.94
strategy	0.20	2.57
ish	0.20	2.28
helmet	0.20	2.04
updated	0.20	2.49
psn	0.20	2.65
pm	0.20	2.95
hearing	0.20	2.40
ups	0.20	2.27
hooked	0.20	2.05
work	0.20	4.50
pier	0.20	1.94
theory	0.20	3.34
ten	0.20	2.40
allowed	0.20	3.52
wears	0.20	2.08
cleared	0.20	2.61
journey	0.20	1.83
issue	0.20	3.28
weekly	0.20	2.45
cut	0.20	2.32
front	0.20	2.24
scale	0.20	1.60
18th	0.20	2.95
listened	0.20	1.73
titles	0.20	1.95
fight	0.21	2.19
t	0.21	2.24
5-10	0.21	2.48
online	0.21	2.09
americans	0.21	2.45
mountain	0.21	1.98
r/gtavcustoms	0.21	2.59
impossible	0.21	2.01
appearing	0.21	2.63
gtao	0.21	2.28
terrain	0.21	1.78
flamethrower	0.21	1.96
versions	0.21	2.08
horizon	0.21	2.22
ultimately	0.21	2.76
180	0.21	2.11
tests	0.21	2.42
hollywood	0.21	1.69
stunting	0.21	2.49
expert	0.21	2.77
language	0.21	2.96
upgrades	0.21	2.02
frame	0.21	1.82
cross	0.21	2.09
forest	0.21	1.72
glasses	0.22	1.87
whenever	0.22	3.67
accuracy	0.22	1.86
density	0.22	1.69
blocks	0.22	2.19
guide	0.22	2.73
places	0.22	2.31
plant	0.22	2.10
loads	0.22	2.15
95	0.22	1.95
sharp	0.22	1.98
eight	0.22	2.43
mark	0.22	2.41
tree	0.22	2.33
3-4	0.22	2.43
shown	0.22	2.58
ai	0.22	2.18
bits	0.22	1.94
semi	0.22	1.92
modify	0.22	2.37
w	0.22	2.24
bugatti	0.22	1.98
protection	0.22	2.48
noise	0.23	2.16
least	0.23	3.71
helps	0.23	2.50
forever	0.23	2.96
tonight	0.23	3.18
period	0.23	2.44
pants	0.23	1.81
stat	0.23	1.91
vespucci	0.23	1.90
emblems	0.23	2.08
stable	0.23	1.83
perspective	0.23	2.08
6	0.23	2.38
took	0.23	2.84
xbone	0.23	2.02
need	0.23	4.49
joke	0.23	3.48
5	0.23	2.42
shenanigans	0.23	2.34
territory	0.23	1.88
board	0.23	2.27
clown	0.23	2.07
ps4	0.23	2.07
blaine	0.24	1.77
battle	0.24	2.09
ramps	0.24	2.09
videos	0.24	1.98
fixed	0.24	2.97
modifications	0.24	2.03
frequent	0.24	2.31
lower	0.24	1.82
itself	0.24	2.22
next-gen	0.24	2.11
happened	0.24	3.47
ragdoll	0.24	2.06
purple	0.24	1.98
computer	0.24	1.56
shotgun	0.24	1.85
combat	0.24	1.77
hurry	0.24	3.35
opening	0.24	2.20
mob	0.24	1.61
roll	0.24	2.14
weapons	0.24	1.89
scared	0.24	3.10
2	0.24	2.37
can	0.25	4.24
wine	0.25	2.08
ammunation	0.25	1.94
accessible	0.25	1.94
technique	0.25	2.63
later	0.25	3.12
until	0.25	3.23
improve	0.25	2.17
fighting	0.25	1.83
voice	0.25	2.07
2-3	0.25	2.40
approaching	0.25	2.68
rear	0.25	2.10
x1	0.25	2.07
river	0.25	1.87
mt	0.25	1.96
steel	0.25	2.41
town	0.25	1.84
things	0.25	3.65
uk	0.25	2.45
vest	0.25	1.86
shore	0.25	1.99
armour	0.26	2.08
europe	0.26	2.55
sadly	0.26	3.11
burn	0.26	2.19
one	0.26	4.18
improvement	0.26	2.26
hear	0.26	2.20
suit	0.26	1.82
baby	0.26	2.34
mount	0.26	1.93
only	0.26	4.05
60fps	0.26	1.87
rate	0.26	1.81
rising	0.26	1.49
checked	0.26	2.89
awhile	0.26	3.25
granted	0.26	2.60
chilliad	0.26	1.98
american	0.26	2.22
coming	0.26	2.99
dirty	0.26	1.86
signs	0.27	2.13
cod	0.27	1.72
factor	0.27	2.26
hatch	0.27	2.02
climbing	0.27	1.95
bridge	0.27	1.87
jacket	0.27	1.85
trading	0.27	2.21
fyi	0.27	2.95
channel	0.27	1.48
rise	0.27	1.72
control	0.27	2.10
nothing	0.27	4.14
exhaust	0.27	2.19
rolls	0.27	2.08
income	0.27	2.49
ports	0.28	2.17
balanced	0.28	2.13
suppose	0.28	3.75
jeans	0.28	1.84
bodies	0.28	1.94
grey	0.28	1.92
involving	0.28	2.00
version	0.28	2.09
alamo	0.28	1.82
cruise	0.28	2.30
pirate	0.28	2.15
famous	0.28	1.96
note	0.28	3.06
windows	0.28	2.15
types	0.28	2.32
bulletproof	0.28	2.15
tricky	0.28	2.37
falling	0.28	2.06
light	0.28	2.01
seven	0.28	2.41
interior	0.28	2.19
since	0.28	2.76
usa	0.28	2.04
360	0.28	2.06
1-2	0.28	2.44
4-5	0.28	2.38
county	0.28	1.75
tyres	0.28	2.33
multiple	0.28	2.43
releases	0.28	2.65
purchasable	0.29	2.00
mmo	0.29	1.79
wo	0.29	4.27
appeared	0.29	2.30
mods	0.29	2.28
try	0.29	3.96
camo	0.29	1.98
strength	0.29	1.86
commercial	0.29	1.71
sure	0.29	4.91
22	0.29	1.93
launched	0.29	2.38
gang	0.29	1.81
mix	0.29	1.83
restrictions	0.29	2.37
water	0.29	2.01
sirens	0.29	2.04
oddly	0.29	2.21
cow	0.30	2.09
struggle	0.30	1.98
xmas	0.30	2.26
boy	0.30	2.23
shop	0.30	1.87
quiet	0.30	1.94
spin	0.30	2.19
decent	0.30	2.78
given	0.30	3.09
key	0.30	2.05
lt	0.30	2.74
ray	0.30	1.96
sunglasses	0.30	1.90
so	0.30	4.52
experience	0.30	2.14
hat	0.30	1.92
lists	0.30	2.30
known	0.30	2.56
forgotten	0.30	2.16
vintage	0.30	1.80
ghosts	0.30	1.93
lived	0.30	2.19
kit	0.30	2.05
animals	0.30	1.65
challenge	0.30	2.64
engine	0.31	2.05
lamborghini	0.31	2.20
id	0.31	2.80
attention	0.31	2.35
rides	0.31	2.27
again	0.31	4.20
sport	0.31	2.04
long	0.31	3.18
1000	0.31	2.15
mexican	0.31	2.11
five	0.31	2.36
railgun	0.31	1.91
ratloader	0.31	1.92
aa	0.31	1.71
six	0.31	2.39
passing	0.31	2.31
streets	0.31	1.91
errors	0.31	2.80
effort	0.31	2.74
increased	0.31	1.70
trail	0.31	2.11
atleast	0.31	2.58
proximity	0.31	2.14
tv	0.31	1.89
url	0.32	3.02
lights	0.32	2.11
come	0.32	3.83
honestly	0.32	4.49
time	0.32	3.44
black	0.32	1.92
several	0.32	2.49
customs	0.32	1.77
entirely	0.32	3.00
learning	0.32	2.56
ballers	0.32	1.98
spot	0.32	3.43
canada	0.32	2.04
etc	0.32	2.26
halo	0.32	1.73
catch	0.32	2.23
often	0.32	2.54
render	0.33	2.01
traffic	0.33	1.79
swim	0.33	1.86
australia	0.33	2.47
each	0.33	2.60
shirt	0.33	1.94
couple	0.33	2.41
melee	0.33	1.88
logging	0.33	2.91
round	0.33	2.23
99	0.33	2.41
dump	0.33	2.01
dayz	0.33	1.94
cinematic	0.33	1.87
iirc	0.33	2.07
able	0.33	4.04
liberator	0.33	1.99
tried	0.34	3.14
sometime	0.34	3.06
result	0.34	2.39
peace	0.34	2.48
actual	0.34	2.84
equipped	0.34	2.12
trouble	0.34	3.21
colour	0.34	2.20
uploaded	0.34	2.21
launch	0.34	2.33
ultra	0.34	2.22
earth	0.34	1.96
random	0.34	2.01
personality	0.34	1.89
wildlife	0.35	1.73
iphone	0.35	3.22
which	0.35	4.48
driven	0.35	2.62
led	0.35	2.63
bc	0.35	2.83
king	0.35	1.85
wont	0.35	3.92
input	0.35	2.38
punk	0.35	1.50
seemingly	0.35	2.17
let	0.35	3.98
rare	0.35	2.25
repeat	0.35	2.42
ford	0.35	1.91
trucks	0.35	2.13
expected	0.36	2.55
features	0.36	2.25
records	0.36	2.10
suits	0.36	1.73
720p	0.36	1.76
resolution	0.36	1.71
redditor	0.36	2.80
canadian	0.36	1.85
truck	0.36	2.00
corner	0.36	2.23
three	0.36	2.40
difficult	0.36	2.33
shorts	0.36	1.86
downtown	0.36	1.85
trailers	0.36	2.22
certain	0.36	2.43
ii	0.36	1.89
evidence	0.36	3.52
parts	0.36	2.46
soo	0.37	2.78
less	0.37	2.65
colored	0.37	2.06
cheat	0.37	2.11
atv	0.37	2.11
avoiding	0.37	2.16
touched	0.37	2.73
hopefully	0.37	3.17
boats	0.37	1.95
casino	0.37	2.07
few	0.37	2.43
spare	0.37	2.56
doors	0.37	2.06
turning	0.37	2.17
sit	0.37	2.66
bicycle	0.37	1.87
regular	0.38	1.82
carry	0.38	2.13
sea	0.38	1.86
heart	0.38	1.91
brings	0.38	2.57
tagged	0.38	2.64
cents	0.38	2.54
32	0.38	2.28
blood	0.38	2.25
t-shirt	0.38	1.93
lime	0.38	2.06
fit	0.38	2.37
we	0.38	4.28
closest	0.38	1.68
pink	0.38	2.03
green	0.38	2.02
showed	0.38	2.34
war	0.38	1.95
gold	0.38	1.99
dive	0.38	1.99
agent	0.38	1.64
entry	0.38	1.94
dark	0.38	2.01
breath	0.38	2.32
surprise	0.38	2.26
rims	0.38	2.11
roof	0.38	1.99
rekt	0.39	2.83
destination	0.39	2.40
minecraft	0.39	1.73
911	0.39	2.34
modding	0.39	1.90
particular	0.39	2.65
aviators	0.39	1.87
throttle	0.39	2.34
1080p	0.39	1.79
distances	0.39	1.85
yellow	0.39	2.02
taken	0.39	2.70
video	0.39	1.83
motorbike	0.39	2.15
idk	0.39	3.78
tow	0.39	2.16
civilian	0.39	1.90
hint	0.40	2.23
kits	0.40	2.18
heat	0.40	1.93
last	0.40	2.62
white	0.40	1.95
non	0.40	1.69
stream	0.40	1.78
theater	0.40	1.86
christmas	0.40	2.27
holds	0.40	2.28
manual	0.40	1.75
chrome	0.40	2.05
4	0.40	2.22
matte	0.40	2.21
harmless	0.40	2.31
primary	0.40	2.07
blue	0.40	2.03
slammed	0.40	2.12
pure	0.40	1.89
brown	0.41	1.89
silver	0.41	1.95
ride	0.41	2.05
expansion	0.41	2.14
shitload	0.41	2.40
sounding	0.41	2.55
metallic	0.41	2.16
kinds	0.41	2.16
possibly	0.41	2.89
smooth	0.41	1.72
foliage	0.41	1.78
pop	0.41	1.64
smashed	0.41	2.06
texture	0.41	1.76
e	0.41	2.84
styles	0.41	1.81
competition	0.41	2.35
distance	0.41	1.95
edited	0.41	3.86
massively	0.41	2.15
coolest	0.41	3.28
next	0.42	2.74
secondary	0.42	2.07
finally	0.42	3.04
color	0.42	2.14
lsc	0.42	1.87
sliding	0.42	2.10
timing	0.42	1.64
letting	0.42	3.13
and/or	0.42	2.05
streams	0.42	1.86
pearl	0.42	2.15
native	0.42	2.19
stands	0.42	2.12
trunk	0.42	2.22
high-end	0.42	2.14
trial	0.42	2.32
submarine	0.42	1.87
wait	0.42	3.52
textures	0.42	1.70
past	0.42	2.54
silent	0.42	2.06
johnny	0.42	2.12
snap	0.42	2.35
classy	0.42	2.01
models	0.42	1.78
two	0.43	2.56
chance	0.43	3.68
field	0.43	1.91
sleeping	0.43	1.84
tint	0.43	1.97
boat	0.43	1.84
easily	0.43	3.03
range	0.43	1.86
selfies	0.43	2.24
crossed	0.43	2.32
pearlescent	0.43	2.07
testing	0.43	2.11
neon	0.43	2.21
ls	0.43	1.73
exploded	0.43	2.20
destiny	0.44	1.79
dune	0.44	1.77
standard	0.44	1.89
reasonable	0.44	2.12
storm	0.44	1.88
waited	0.44	2.86
orange	0.44	2.06
shooter	0.44	1.74
exploring	0.44	1.80
congratulations	0.44	2.22
bringing	0.44	2.20
dance	0.44	1.86
graphics	0.44	1.62
neither	0.44	3.05
customized	0.44	2.01
abused	0.44	2.89
someday	0.44	2.26
extreme	0.44	1.55
drivers	0.44	1.98
advanced	0.44	1.90
road	0.44	2.04
res	0.44	1.75
lee	0.44	1.61
steady	0.44	1.79
ignored	0.44	3.03
drug	0.44	1.89
shut	0.45	2.28
bell	0.45	1.65
suspension	0.45	2.00
unlikely	0.45	2.41
roads	0.45	1.83
sort	0.45	1.74
didnt	0.45	4.28
realized	0.45	3.96
jackets	0.45	1.71
software	0.45	1.91
dj	0.45	1.57
slide	0.45	2.14
rat	0.45	1.94
scenes	0.45	1.90
completely	0.45	3.43
various	0.45	2.55
bright	0.45	2.08
sounded	0.45	2.76
episode	0.45	1.78
career	0.45	2.08
take	0.46	3.40
n	0.46	2.55
paint	0.46	2.10
colors	0.46	2.11
canyon	0.46	1.93
flight	0.46	1.73
appearance	0.46	1.81
ocean	0.46	1.92
gives	0.46	2.21
capped	0.46	1.82
could	0.46	4.26
deal	0.46	3.73
answering	0.46	3.62
tune	0.46	1.59
always	0.46	4.25
honest	0.47	3.60
winter	0.47	2.27
offline	0.47	2.09
grammar	0.47	3.57
dirt	0.47	1.87
outta	0.47	2.14
desert	0.47	1.74
season	0.47	2.08
sets	0.47	2.21
import	0.47	2.11
eagle	0.47	1.82
form	0.47	2.42
checking	0.47	2.83
crooks	0.47	1.85
improvements	0.47	2.09
speeds	0.47	2.03
grown	0.47	1.96
shots	0.48	2.41
gravity	0.48	1.99
cage	0.48	2.01
enjoying	0.48	2.12
skill	0.48	2.24
videogame	0.48	2.10
east	0.48	1.65
68	0.48	1.86
other	0.48	2.89
latter	0.48	2.54
fucks	0.48	2.16
combo	0.48	1.89
creepy	0.48	3.46
greatly	0.48	2.22
drain	0.48	2.08
fellow	0.48	2.66
deep	0.48	2.11
collection	0.48	1.81
shout	0.48	2.30
considered	0.48	2.68
wide	0.48	2.00
effects	0.48	2.02
dodo	0.48	1.88
moon	0.48	2.18
shall	0.48	2.21
should	0.48	4.26
wheelie	0.48	2.13
featured	0.49	1.98
painted	0.49	2.16
hunter	0.49	1.73
nos	0.49	2.04
meme	0.49	2.37
swat	0.49	1.91
country	0.49	1.87
caused	0.49	2.18
stunt	0.49	2.27
graphical	0.49	1.73
status	0.49	2.27
lot	0.49	3.12
punch	0.49	1.84
draw	0.50	1.76
situation	0.50	3.70
sound	0.50	2.58
russian	0.50	2.13
all	0.50	3.74
added	0.50	2.62
short	0.50	1.77
tested	0.50	2.76
picture	0.50	2.77
diving	0.50	1.89
potato	0.50	2.21
leveled	0.50	2.18
weather	0.50	1.96
plenty	0.51	2.65
bullet	0.51	2.12
consequences	0.51	3.09
riding	0.51	2.07
adding	0.51	2.70
replaced	0.51	1.95
watching	0.51	2.15
turbo	0.51	2.02
anniversary	0.51	2.20
ffs	0.51	2.25
lots	0.51	2.36
races	0.51	2.23
cutting	0.51	2.15
19	0.51	2.14
shadows	0.51	2.18
headlights	0.51	2.27
model	0.51	1.93
nissan	0.51	2.31
multiplayer	0.52	2.43
cruiser	0.52	2.02
beyond	0.52	2.47
certainly	0.52	3.07
abilities	0.52	2.13
grade	0.52	1.94
newer	0.52	2.01
tight	0.52	1.94
numbers	0.52	2.25
nigga	0.52	2.66
slip	0.52	2.08
far	0.52	3.22
bundle	0.52	1.95
leaning	0.52	2.23
jazz	0.52	1.59
medium	0.52	1.84
stats	0.52	2.17
insanely	0.52	2.20
located	0.52	1.79
ourselves	0.52	2.84
table	0.53	1.74
still	0.53	4.31
thing	0.53	4.14
underwater	0.53	1.87
offer	0.53	2.39
reminder	0.53	3.00
ton	0.53	2.51
music	0.53	1.46
logo	0.53	1.97
contest	0.53	2.18
useful	0.54	2.33
shame	0.54	3.12
eventually	0.54	3.17
help	0.54	3.93
attached	0.54	2.09
studio	0.54	1.85
cruising	0.54	2.30
role	0.54	2.00
much	0.54	3.32
600	0.54	1.80
stunts	0.54	2.35
franchise	0.54	1.60
now	0.54	4.45
america	0.55	2.08
travel	0.55	1.94
duck	0.55	2.49
came	0.55	2.51
bmx	0.55	2.06
maybe	0.55	4.22
gangster	0.55	1.94
mc	0.55	1.78
north	0.55	1.74
lighting	0.55	1.85
alongside	0.55	1.66
64	0.55	1.80
ease	0.55	2.20
delayed	0.55	2.28
top	0.55	1.98
many	0.55	2.63
dem	0.55	2.32
edit	0.56	4.86
mobile	0.56	3.25
taking	0.56	2.75
hardcore	0.56	1.97
including	0.56	2.17
northern	0.56	1.78
700	0.56	1.84
improved	0.56	1.71
flips	0.56	2.22
jam	0.56	1.72
poker	0.57	1.80
extended	0.57	1.86
element	0.57	1.63
loser	0.57	2.88
theft	0.57	1.95
sooner	0.57	3.46
share	0.57	2.56
actually	0.57	4.34
genuinely	0.57	3.67
upload	0.57	2.24
carbon	0.57	2.02
changed	0.57	2.38
modern	0.58	1.51
holes	0.58	2.18
laps	0.58	2.22
provide	0.58	2.89
those	0.58	2.66
monster	0.58	1.86
dangerous	0.58	2.11
heads	0.58	2.39
annihilator	0.58	1.75
introduce	0.58	2.46
give	0.58	3.50
areas	0.58	1.77
however	0.58	4.32
games	0.59	1.85
angles	0.59	1.57
patriot	0.59	2.11
listen	0.59	1.53
problem	0.59	3.86
swimming	0.59	1.96
might	0.59	4.25
forza	0.59	1.66
rendered	0.59	1.79
explore	0.60	1.80
normal	0.60	1.81
afraid	0.60	4.00
pictures	0.60	2.55
favourite	0.60	3.95
stripe	0.60	1.99
lead	0.60	2.17
lift	0.60	2.10
tires	0.60	2.14
skyrim	0.61	1.78
action	0.61	1.76
anytime	0.61	3.07
interiors	0.61	1.97
mario	0.61	1.50
bull	0.61	2.40
works	0.61	3.42
virtually	0.61	2.86
fox	0.61	1.69
vanilla	0.61	1.65
loader	0.61	1.95
ol	0.61	1.89
chinese	0.61	1.96
non-contact	0.61	2.09
gladly	0.61	2.80
recorded	0.61	1.68
these	0.62	2.67
adds	0.62	2.07
tons	0.62	2.19
enough	0.62	3.90
equally	0.62	2.53
probably	0.62	4.29
german	0.62	2.54
agree	0.62	4.57
map	0.62	2.04
smoothly	0.62	2.30
imgur	0.62	2.45
dare	0.62	2.63
listening	0.62	1.60
most	0.62	3.11
practical	0.62	2.27
spinning	0.62	2.07
gone	0.62	3.06
ect	0.63	2.26
bit	0.63	2.88
add	0.63	3.57
graphic	0.63	1.57
possible	0.63	3.63
superior	0.63	2.53
cos	0.63	3.03
racers	0.63	2.00
tactics	0.63	2.22
em	0.64	3.24
bike	0.64	2.01
bear	0.64	1.65
rack	0.64	1.97
ignition	0.64	2.03
challenging	0.64	2.31
western	0.64	1.74
3	0.64	2.07
rusty	0.64	1.82
da	0.64	2.57
weapon	0.64	1.89
west	0.64	1.62
van	0.64	1.96
sells	0.64	1.83
mountains	0.64	1.71
rock	0.64	1.62
le	0.65	2.04
elements	0.65	1.83
explosive	0.65	1.80
incredibly	0.65	2.56
funny	0.65	3.29
sky	0.65	2.06
weird	0.65	3.09
giving	0.65	2.82
carried	0.65	1.90
ruffian	0.65	2.03
smoother	0.65	1.93
catchup	0.65	2.18
reactions	0.65	2.11
coast	0.66	1.61
lost	0.66	1.86
agreed	0.66	2.51
wheels	0.66	2.06
comparison	0.66	2.36
prepare	0.66	2.65
watch_dogs	0.66	1.82
soon	0.66	3.13
closely	0.66	2.12
mine	0.66	3.28
feature	0.66	2.75
slipstream	0.66	2.17
exciting	0.66	2.24
speedo	0.67	1.98
convoy	0.67	1.78
future	0.67	2.87
realistically	0.67	2.83
also	0.67	4.23
consistent	0.68	1.78
wheel	0.68	2.18
outrun	0.68	2.47
hexer	0.68	1.83
novelty	0.68	1.92
hybrid	0.68	1.86
hunting	0.68	1.73
tie	0.68	1.91
skinny	0.69	1.70
wind	0.69	1.86
z	0.69	2.04
strange	0.69	3.09
watched	0.69	1.86
there	0.69	3.64
handled	0.69	2.13
program	0.70	1.92
clip	0.70	1.84
familiar	0.70	3.24
rather	0.70	3.33
blazer	0.70	1.86
suggest	0.70	2.90
ugly	0.70	2.16
california	0.70	1.74
ll	0.70	3.92
worth	0.71	2.24
answer	0.71	4.19
liked	0.71	3.09
provides	0.71	2.43
gallery	0.71	2.40
sims	0.71	1.73
typical	0.71	1.79
yacht	0.71	1.58
success	0.71	1.97
power	0.71	1.93
pics	0.71	2.49
way	0.71	3.99
type	0.71	2.21
burger	0.72	1.62
album	0.72	2.25
screenshots	0.72	2.20
solid	0.72	1.99
formula	0.72	2.08
internet	0.72	2.50
realised	0.72	2.93
unfortunately	0.72	3.94
khamelion	0.72	2.01
become	0.72	2.35
modders	0.72	2.07
dead	0.72	2.18
scheme	0.72	2.53
red	0.72	1.80
dunno	0.73	3.01
nemesis	0.73	1.88
will	0.73	3.84
f1	0.73	2.12
customization	0.73	1.98
soulwax	0.73	1.85
hoped	0.73	3.03
snapmatic	0.73	2.33
aspects	0.73	1.82
drives	0.73	1.65
sorts	0.73	2.47
vigilante	0.73	1.78
dreams	0.73	2.49
park	0.74	1.82
captain	0.74	2.21
hotknife	0.74	1.90
flylo	0.74	1.85
annoyed	0.75	3.06
radius	0.75	1.80
grew	0.75	2.60
setup	0.75	1.94
sanchez	0.75	1.87
include	0.75	2.81
thumbnail	0.75	2.45
whatnot	0.75	2.21
means	0.75	4.19
pimp	0.75	1.99
sense	0.75	4.21
livery	0.75	1.93
enjoyable	0.76	2.17
bikes	0.76	2.03
im	0.76	3.90
may	0.76	4.05
advance	0.76	2.50
watch	0.76	1.85
prepared	0.76	3.33
port	0.76	1.84
gameplay	0.76	1.78
hello	0.76	2.57
skyline	0.76	2.20
details	0.76	2.28
stripes	0.77	2.03
tool	0.77	1.94
ferrari	0.77	1.90
different	0.77	2.32
mod	0.77	1.82
mr	0.77	2.08
shoes	0.77	1.87
tornado	0.77	1.70
explanation	0.77	3.00
happily	0.77	2.94
swift	0.77	1.76
clips	0.78	1.60
weight	0.78	2.33
bears	0.78	1.53
state	0.78	1.82
as	0.78	4.02
ridiculously	0.78	2.36
begin	0.78	2.50
original	0.78	2.54
duke	0.78	1.78
bring	0.78	2.57
gif	0.79	1.91
screenshot	0.79	2.14
blacked	0.79	1.92
turns	0.79	2.05
peyote	0.79	1.72
paradise	0.79	2.10
track	0.79	2.14
bmw	0.79	2.21
sharks	0.79	1.72
radio	0.80	1.84
lap	0.80	2.09
ridiculous	0.80	2.71
begins	0.80	2.23
emblem	0.80	1.84
creed	0.80	1.73
la	0.80	1.98
fm	0.80	2.09
new	0.80	2.47
kidding	0.80	3.88
lets	0.80	2.45
doubt	0.81	3.76
hi	0.81	2.60
simple	0.81	2.77
insane	0.81	2.52
filter	0.81	2.28
film	0.82	1.43
particularly	0.82	2.68
stranger	0.82	2.39
daemon	0.82	1.88
roosevelt	0.82	1.89
cuz	0.82	2.95
fits	0.82	2.11
whatsoever	0.82	3.01
surprising	0.82	2.29
dodge	0.82	1.91
applies	0.82	2.31
necessary	0.83	2.46
relatively	0.83	2.31
aint	0.83	2.62
scene	0.83	1.68
pissed	0.84	3.12
auto	0.84	1.92
excellent	0.84	2.11
tools	0.84	2.23
immersion	0.84	1.53
skills	0.84	1.83
nicely	0.84	1.79
highly	0.84	2.74
ur	0.84	2.94
seats	0.84	1.93
mirror	0.85	1.84
stuff	0.85	3.39
skilled	0.85	2.02
bf	0.85	1.56
technically	0.85	3.45
physically	0.85	2.82
photos	0.85	2.30
haul	0.85	2.12
bored	0.85	2.95
repost	0.85	3.21
brother	0.86	2.14
eye	0.86	2.50
cars	0.86	2.26
upgraded	0.86	1.90
tad	0.86	2.81
magic	0.87	1.68
suggestion	0.87	3.11
four	0.87	2.24
curious	0.87	3.77
darts	0.87	1.86
seemed	0.87	2.68
footage	0.87	1.84
no	0.87	3.97
photo	0.87	2.32
frustrated	0.87	2.92
valid	0.87	3.09
captured	0.88	1.80
winning	0.88	2.27
part	0.88	3.41
tuned	0.88	2.58
69	0.88	1.74
shootout	0.88	2.00
too	0.88	3.91
extra	0.89	2.51
functional	0.89	2.14
worried	0.89	3.54
name	0.89	2.73
realistic	0.89	2.13
images	0.90	2.32
identical	0.90	1.94
fallout	0.90	1.77
song	0.90	1.87
songs	0.90	1.99
equipment	0.91	1.82
station	0.91	2.00
nightmare	0.91	2.26
technical	0.91	2.04
hydraulics	0.91	2.06
entertaining	0.91	2.30
record	0.91	1.91
image	0.91	2.31
cooler	0.91	2.38
grip	0.91	2.05
tracks	0.91	1.90
skate	0.92	1.55
door	0.92	2.08
bagger	0.92	1.85
wet	0.92	1.88
zero	0.92	2.68
boxes	0.92	2.18
stations	0.92	2.00
series	0.92	1.50
evil	0.92	1.84
revolver	0.93	1.80
swing	0.93	1.79
u	0.93	2.88
spelling	0.93	3.89
c'mon	0.93	2.37
selfie	0.93	2.47
traction	0.93	2.06
more	0.93	2.88
clean	0.93	1.73
concerned	0.93	3.29
honda	0.94	1.87
akuma	0.94	1.96
although	0.94	3.60
gran	0.94	1.59
crush	0.94	2.38
cute	0.94	2.14
uh	0.94	2.80
trick	0.94	2.05
sovereign	0.94	1.91
limo	0.94	1.73
hope	0.94	3.90
pal	0.94	2.73
mafia	0.94	1.79
adder	0.95	1.90
justice	0.95	1.74
simulator	0.95	2.02
otherwise	0.96	3.82
look	0.96	3.86
slow	0.96	1.69
yankton	0.96	1.96
asea	0.96	1.75
supercars	0.97	2.11
win	0.97	2.17
mile	0.97	2.02
guys	0.97	2.57
thrust	0.97	1.88
wins	0.97	2.21
ideal	0.97	2.48
off-roading	0.97	1.96
moments	0.98	1.78
playstation	0.98	2.14
bout	0.98	2.85
flair	0.98	2.77
row	0.98	1.61
gay	0.98	1.86
warehouse	0.98	1.93
vi	0.98	2.11
username	0.99	2.58
recording	0.99	1.58
hire	0.99	2.27
toyota	0.99	1.93
max	0.99	1.67
buffalo	0.99	1.71
extremely	0.99	2.72
asap	0.99	3.00
fairly	0.99	2.72
source	1.00	3.60
understandable	1.00	2.76
boss	1.00	2.03
important	1.00	2.19
charger	1.00	1.74
variety	1.00	2.13
raced	1.00	2.36
speed	1.01	2.15
surfer	1.01	1.74
motorcycles	1.01	2.07
expecting	1.01	3.57
modeled	1.01	1.69
bati	1.01	2.08
info	1.01	2.74
quite	1.01	3.09
topless	1.02	1.67
colours	1.02	1.98
compete	1.02	2.55
brakes	1.02	2.13
angeles	1.02	1.84
sorry	1.02	4.55
sigh	1.02	2.63
happiness	1.03	1.93
brand	1.03	1.96
fully	1.03	1.94
drag	1.03	2.20
youga	1.03	1.82
dat	1.03	2.55
injection	1.03	1.61
battles	1.03	1.80
lowrider	1.03	1.83
somewhat	1.03	2.63
chicago	1.03	1.63
granger	1.03	1.90
reference	1.04	1.59
bastards	1.04	2.00
mp3	1.04	1.84
gtas	1.04	2.13
801	1.04	1.91
thought	1.04	3.99
luxury	1.05	2.04
vertical	1.05	1.89
won	1.05	2.17
disappointed	1.05	3.23
theme	1.05	1.68
perfectly	1.05	1.99
feels	1.06	2.11
3d	1.06	2.04
m8	1.06	3.02
mood	1.06	2.01
dynamic	1.06	1.95
shape	1.07	1.82
science	1.07	2.27
80	1.07	1.69
such	1.07	2.10
race	1.07	2.21
hell	1.07	3.84
satisfied	1.07	3.27
wild	1.07	1.34
soft	1.07	1.70
turismo	1.07	1.89
definition	1.08	3.15
ferris	1.08	2.07
helpful	1.08	2.46
really	1.08	3.77
movie	1.08	1.65
would	1.08	3.83
hardtop	1.09	1.69
rapid	1.09	1.88
helped	1.09	2.41
braking	1.09	2.04
jeep	1.09	1.91
y'know	1.09	2.41
supra	1.10	1.84
evo	1.10	1.98
riot	1.10	1.65
relax	1.11	2.49
project	1.11	1.87
fights	1.11	1.73
horses	1.11	1.64
ideas	1.11	2.91
hearse	1.12	1.78
drifting	1.12	2.03
bifta	1.12	1.77
delorean	1.12	1.53
wan	1.13	3.45
katana	1.13	1.73
sorta	1.13	2.49
def	1.13	2.60
complex	1.13	1.97
albany	1.13	1.75
fedora	1.13	2.13
art	1.13	1.60
camaro	1.13	1.75
correctly	1.13	3.69
words	1.14	3.96
makes	1.14	3.12
ported	1.14	2.03
supercar	1.14	1.91
bodhi	1.14	1.78
wolf	1.14	1.67
perfect	1.14	1.98
apologies	1.15	3.71
better	1.15	2.48
swear	1.16	2.11
horse	1.16	1.73
though	1.16	3.89
grand	1.16	1.96
rebel	1.16	1.63
l.a	1.16	1.97
subaru	1.16	1.94
corrected	1.17	4.02
invincibility	1.17	2.03
james	1.17	1.32
motorcycle	1.17	2.06
d	1.17	3.74
universe	1.17	2.47
mechanics	1.17	1.81
paintjob	1.18	2.21
fucker	1.18	2.30
guessing	1.18	3.59
duneloader	1.18	1.78
bobcat	1.18	1.79
moment	1.19	3.12
physics	1.19	1.54
york	1.19	1.79
bravado	1.19	1.80
baller	1.19	1.96
grotti	1.20	1.90
missed	1.20	2.93
editor	1.20	1.80
feedback	1.20	2.87
offroad	1.20	1.95
islands	1.20	1.79
blurry	1.20	1.90
dukes	1.20	1.62
fun	1.20	2.22
santos	1.21	1.70
very	1.21	2.83
bison	1.21	1.90
vacca	1.21	1.85
please	1.21	2.97
ms	1.22	1.98
island	1.22	1.83
vapid	1.22	1.81
wish	1.23	3.73
legitimate	1.23	3.38
ugh	1.23	2.81
soooo	1.23	2.42
mp	1.23	3.16
longest	1.24	2.92
highest	1.24	2.56
seems	1.24	3.08
choice	1.24	1.91
english	1.24	3.49
based	1.24	1.75
countryside	1.25	1.77
pls	1.25	2.61
los	1.25	1.73
corners	1.25	1.95
figured	1.25	3.69
nevermind	1.26	3.74
closer	1.26	2.01
entity	1.26	1.86
accurate	1.26	2.64
dinka	1.26	1.81
fist	1.27	1.80
rally	1.27	2.11
ill	1.27	3.18
cheetah	1.28	1.83
stinger	1.28	1.77
whats	1.28	2.70
accent	1.29	2.11
fair	1.29	2.95
lol	1.31	4.05
environment	1.31	1.60
canis	1.31	1.77
bruh	1.32	2.70
xf	1.33	1.82
southern	1.33	1.68
9f	1.33	1.80
faggio	1.33	1.78
oops	1.34	3.76
mercedes	1.34	1.96
rs	1.34	1.80
acceleration	1.34	2.06
gauntlet	1.34	1.78
payne	1.35	3.08
compared	1.35	1.63
jester	1.35	1.83
monroe	1.35	1.82
worked	1.35	3.01
buccaneer	1.35	1.69
yea	1.35	3.22
includes	1.36	2.18
sun	1.36	1.83
rip	1.36	1.90
v	1.36	2.20
sick	1.36	2.24
unlike	1.36	2.23
vans	1.37	2.11
uhh	1.37	2.95
reliable	1.37	3.05
rancher	1.37	1.72
helping	1.37	2.81
manana	1.38	1.70
sooo	1.38	2.86
kind	1.38	2.94
mesa	1.38	1.84
enjoy	1.38	2.75
gear	1.38	1.94
gift	1.38	1.92
imponte	1.38	1.71
hyped	1.39	3.02
movies	1.39	2.25
clever	1.39	1.90
cities	1.39	1.85
anyways	1.39	3.27
sexy	1.40	3.05
yep	1.40	3.29
woah	1.40	2.34
convertible	1.40	1.72
concept	1.40	1.98
corvette	1.41	2.06
zentorno	1.41	1.98
carbonizzare	1.41	1.81
massacro	1.41	1.83
scuba	1.41	1.83
drift	1.41	1.87
ftfy	1.41	2.60
providing	1.42	3.19
mustang	1.42	1.90
birthday	1.42	2.16
banshee	1.43	1.74
overall	1.43	2.62
surrounding	1.43	1.30
shocked	1.43	2.39
rdr	1.43	3.08
coquette	1.43	1.75
kinda	1.43	2.66
pegassi	1.43	1.87
elegy	1.44	1.83
6x6	1.44	1.83
tho	1.45	2.99
beats	1.45	2.47
phoenix	1.45	1.76
chases	1.45	1.79
infernus	1.45	1.65
undead	1.45	3.02
diamond	1.45	1.98
appreciated	1.46	2.44
ooh	1.46	2.53
redemption	1.46	2.96
favorite	1.46	3.34
close	1.46	2.73
par	1.46	2.83
rh8	1.46	1.79
dubsta	1.47	1.84
aww	1.47	3.13
cabrio	1.47	1.81
gon	1.47	3.56
present	1.47	2.74
fast	1.47	1.85
stoked	1.47	2.79
clearing	1.47	2.79
lucky	1.48	2.46
ya	1.48	2.74
voodoo	1.48	1.64
forgot	1.49	3.37
wars	1.49	1.91
miami	1.49	1.62
na	1.50	3.43
ta	1.50	2.82
assume	1.50	3.81
vegas	1.50	1.74
alpha	1.50	1.89
classics	1.51	1.95
heh	1.51	2.19
hahahaha	1.51	2.55
betting	1.51	1.71
venturas	1.51	1.90
gta4	1.51	3.19
mother	1.51	2.04
xl	1.53	1.72
considering	1.53	2.59
advice	1.53	2.90
nope	1.54	3.53
mistake	1.54	3.78
bummer	1.54	2.99
saints	1.54	2.22
explains	1.54	3.11
las	1.55	1.92
fierro	1.55	1.92
vigero	1.57	1.65
declasse	1.57	1.84
played	1.57	2.59
sand	1.57	1.69
surprisingly	1.57	2.49
episodes	1.57	2.13
from	1.57	2.13
aswell	1.58	2.17
panto	1.58	1.79
competitive	1.59	1.55
voltic	1.59	1.69
obey	1.59	1.82
blimp	1.59	1.89
tricks	1.59	1.87
ready	1.60	3.32
nicer	1.60	2.09
customizable	1.60	1.79
primo	1.60	1.74
comparable	1.61	2.61
surprised	1.61	3.39
favorites	1.61	2.39
anyway	1.62	3.63
ocelot	1.62	1.94
classic	1.62	1.84
flow	1.62	1.75
tailgater	1.62	1.75
snow	1.62	1.82
bloody	1.63	2.13
pro	1.63	1.88
looked	1.63	2.72
hm	1.64	2.87
xd	1.64	2.80
issi	1.64	1.72
racer	1.64	1.70
ruiner	1.64	1.72
feeling	1.65	2.77
z-type	1.66	2.03
utility	1.66	2.32
dammit	1.66	2.06
cheats	1.66	1.77
suv	1.67	2.15
beat	1.67	2.82
whoa	1.67	1.91
hoping	1.68	3.41
ps2	1.68	2.23
wtf	1.68	3.05
proud	1.68	2.51
hd	1.69	2.03
hmm	1.69	2.94
yay	1.70	2.47
waiting	1.70	3.44
lifted	1.70	1.71
yup	1.71	2.98
reminded	1.72	1.71
jackal	1.72	1.75
xs	1.72	1.73
karin	1.72	1.72
benefactor	1.72	1.85
surano	1.72	1.75
sentinel	1.73	1.72
intruder	1.73	1.76
sake	1.73	2.28
classes	1.74	2.39
iii	1.74	2.28
tuner	1.74	2.03
dominator	1.74	1.74
tips	1.74	2.34
supers	1.74	2.34
dam	1.75	2.23
creative	1.75	1.85
cognoscenti	1.76	1.89
feltzer	1.76	1.72
felon	1.77	1.93
london	1.77	2.04
aw	1.77	2.46
dang	1.78	3.03
its	1.78	3.19
comet	1.79	1.70
beauty	1.79	1.52
oracle	1.79	1.92
stories	1.79	2.33
must	1.80	2.87
super	1.81	2.19
sabre	1.81	1.64
serious	1.81	2.31
zion	1.82	1.93
detail	1.82	1.52
return	1.82	1.97
suvs	1.83	2.25
willing	1.83	3.37
city	1.83	2.16
era	1.83	2.25
incredible	1.84	1.85
personally	1.84	3.19
calm	1.85	2.29
detailed	1.85	1.70
off-road	1.86	2.29
f620	1.86	1.72
huntley	1.87	2.00
pretty	1.87	2.91
p	1.89	3.48
exemplar	1.90	2.04
correction	1.90	3.62
liberty	1.91	2.22
coupes	1.91	2.30
coupe	1.92	2.22
dream	1.93	1.75
schafter	1.93	1.84
gta	1.93	2.76
muscle	1.93	2.15
tlad	1.94	2.89
schwartzer	1.94	1.71
nah	1.95	2.86
batman	1.95	1.85
likely	1.96	3.21
sunset	1.97	1.49
hah	1.97	2.88
ahhh	1.97	2.72
pace	1.97	2.04
eh	1.98	2.94
noire	1.98	2.63
sultan	1.98	1.69
rhapsody	1.98	1.99
variant	1.98	1.40
warrener	1.99	1.73
duh	1.99	2.51
killer	1.99	1.89
odd	1.99	1.91
sports	2.00	2.79
bully	2.00	2.54
blade	2.00	1.95
compact	2.01	2.10
sedans	2.01	2.25
sedan	2.03	2.23
gtaiv	2.03	2.89
brought	2.03	2.20
4wd	2.03	1.67
style	2.03	2.02
remake	2.03	1.73
bet	2.04	3.31
tony	2.04	2.67
category	2.05	2.93
hey	2.05	2.91
huh	2.05	3.15
racing	2.06	2.83
welcome	2.08	2.53
fuckin	2.08	2.31
crazy	2.09	2.05
san	2.09	2.83
sa	2.09	2.85
unique	2.10	1.71
sandking	2.10	1.60
scenery	2.10	1.46
smart	2.11	2.27
definitely	2.11	3.29
iv	2.12	2.99
tip	2.13	2.72
gotcha	2.14	3.15
handling	2.15	2.38
reminds	2.15	1.67
christ	2.15	2.14
sharing	2.15	2.20
damnit	2.16	2.35
especially	2.16	2.17
andreas	2.17	2.79
absurd	2.17	1.98
ohh	2.17	3.03
careful	2.18	2.66
hilarious	2.18	2.26
class	2.18	2.88
totally	2.18	3.06
luck	2.18	2.90
buddy	2.18	2.93
congrats	2.19	2.30
bud	2.20	2.98
stallion	2.20	1.43
immersive	2.20	1.86
fastest	2.21	2.86
tbogt	2.22	2.69
good	2.22	2.14
glendale	2.24	1.71
ah	2.24	3.19
addition	2.25	2.11
vice	2.25	2.00
fitting	2.25	1.85
nostalgia	2.26	2.24
ha	2.26	2.97
sweet	2.26	2.39
fuck	2.27	2.70
subtle	2.27	1.97
shit	2.28	2.45
worries	2.29	3.00
rain	2.30	1.65
filters	2.31	1.64
dear	2.32	2.05
lord	2.33	2.16
imo	2.33	2.19
blista	2.33	1.34
vc	2.34	2.65
omg	2.34	2.36
cheers	2.34	2.94
go-to	2.39	2.30
ahh	2.40	2.71
lmao	2.40	2.48
chill	2.42	2.22
ok	2.43	3.01
glad	2.43	3.08
damned	2.44	2.04
impressed	2.45	2.22
yeah	2.45	3.22
alright	2.45	2.82
awd	2.47	1.49
mate	2.48	2.96
purposes	2.49	2.00
thanks	2.54	2.92
screams	2.54	1.77
memories	2.55	1.92
amazed	2.56	2.13
4-door	2.59	2.13
idea	2.59	2.75
miss	2.61	2.19
some	2.62	2.57
bro	2.63	2.69
nailed	2.64	1.64
vid	2.66	2.12
rough	2.69	1.80
scary	2.69	1.89
electric	2.70	1.56
seriously	2.71	2.89
yes	2.72	2.99
patient	2.75	2.55
pic	2.76	2.22
truly	2.78	1.54
fine	2.81	2.66
okay	2.81	2.92
raining	2.81	1.90
thats	2.83	2.86
sounds	2.84	2.63
hahaha	2.85	2.56
similar	2.89	1.30
sir	2.89	2.58
haha	2.90	2.84
oh	2.90	2.85
atmosphere	2.91	1.05
hahah	2.92	2.46
photoshop	2.94	1.97
handles	2.97	1.74
great	2.98	1.69
appreciate	2.98	2.35
soundtrack	3.00	1.64
interesting	3.01	1.80
well	3.02	2.52
thank	3.05	2.51
nonetheless	3.10	2.01
man	3.11	2.62
looks	3.16	2.21
badass	3.17	1.47
imagine	3.19	2.14
damn	3.22	2.43
80s	3.25	1.55
cool	3.33	1.92
jesus	3.33	1.71
freaking	3.37	2.13
genius	3.37	1.67
fucking	3.39	1.96
futo	3.40	1.98
holy	3.42	2.11
editing	3.52	1.08
epic	3.54	1.39
dope	3.61	1.48
lovely	3.63	1.33
neat	3.63	1.14
dude	3.65	2.14
intense	3.70	1.41
wonderful	3.70	0.98
btw	3.77	1.98
impressive	3.80	1.07
plus	3.81	1.45
wow	3.82	1.98
beast	3.86	1.31
absolutely	3.88	1.28
beautiful	3.95	0.97
god	3.96	1.58
cake	4.00	1.37
brilliant	4.14	0.88
gorgeous	4.26	1.09
