shitty	-5.54	1.98
garbage	-5.51	1.74
dislike	-5.19	2.28
worse	-5.12	1.84
poor	-5.06	2.08
nightmare	-4.92	2.02
kills	-4.88	1.83
tinny	-4.79	2.01
junk	-4.75	1.90
false	-4.71	2.29
crappy	-4.68	2.34
lacking	-4.54	1.83
unwanted	-4.39	3.05
static	-4.37	2.87
telecasters	-4.32	2.87
sucked	-4.28	2.01
sgs	-4.22	2.91
horribly	-4.17	1.83
kurt	-4.17	3.00
manner	-4.13	2.49
rid	-4.11	2.79
younger	-4.02	2.66
stratocasters	-4.00	2.95
sloppy	-3.94	2.09
weak	-3.92	2.11
automatically	-3.92	2.98
bland	-3.88	2.07
crap	-3.88	2.09
harsh	-3.86	2.05
addition	-3.86	2.84
possibly	-3.85	2.41
bad	-3.84	2.58
noisy	-3.83	2.87
sounded	-3.82	1.84
letter	-3.81	2.67
headstocks	-3.78	2.66
stock	-3.75	2.89
case	-3.74	2.72
permanent	-3.70	2.41
imagine	-3.68	2.54
habits	-3.66	2.45
intentionally	-3.64	2.30
associate	-3.61	2.84
overpriced	-3.60	2.08
pointy	-3.55	2.74
rusty	-3.54	2.85
hence	-3.52	2.81
appeal	-3.49	2.55
pickguards	-3.47	3.11
truth	-3.42	2.50
prefer	-3.41	2.65
describing	-3.40	2.22
decisions	-3.40	2.51
personally	-3.38	2.57
supposedly	-3.33	2.71
spanish	-3.28	3.34
ghost	-3.28	2.78
objectively	-3.26	3.00
suck	-3.25	1.98
sang	-3.23	2.86
realise	-3.22	2.79
duo	-3.19	2.87
buried	-3.18	2.37
straits	-3.14	2.73
fear	-3.13	2.44
everyone	-3.10	3.18
sees	-3.08	2.92
oddly	-3.05	2.05
affinity	-3.05	1.38
meh	-3.03	2.24
dead	-3.01	2.36
ugly	-3.01	2.15
overrated	-3.00	2.19
complete	-2.96	1.92
useless	-2.91	2.00
became	-2.91	2.84
voted	-2.90	2.64
teles	-2.87	2.01
masters	-2.86	3.26
says	-2.84	3.33
mediocre	-2.80	2.47
judging	-2.79	2.18
jaguars	-2.78	2.10
jazzmasters	-2.78	2.06
squire	-2.77	1.34
crate	-2.77	1.56
annoying	-2.75	2.64
strats	-2.73	1.79
flamenco	-2.72	3.41
asked	-2.70	2.87
douche	-2.66	2.34
snob	-2.63	2.41
doesnt	-2.59	2.68
sucks	-2.58	2.09
copy	-2.57	1.39
plywood	-2.54	1.55
felt	-2.53	2.44
cv	-2.52	1.66
fighters	-2.51	2.66
prove	-2.46	4.03
lazy	-2.44	2.32
cheapo	-2.42	1.39
tele	-2.42	1.56
assumption	-2.42	3.76
dull	-2.39	1.42
likes	-2.38	3.59
trash	-2.36	1.23
old	-2.34	1.24
silvertone	-2.33	1.40
wants	-2.33	3.56
mexi	-2.31	1.52
frontman	-2.31	1.42
knows	-2.30	3.51
thinks	-2.30	3.56
pauls	-2.30	2.11
fucked	-2.29	2.37
knockoff	-2.29	1.22
dire	-2.28	2.78
fan	-2.26	2.53
noting	-2.25	3.22
telecaster	-2.25	1.60
ca	-2.24	4.03
mustangs	-2.24	1.90
tells	-2.24	3.52
inherently	-2.24	3.93
buys	-2.24	3.51
else	-2.21	2.76
chinese	-2.20	1.31
cares	-2.19	3.30
blacktop	-2.19	1.46
asks	-2.17	3.47
arguing	-2.16	3.77
squier	-2.15	1.30
anything	-2.15	4.21
bullet	-2.15	1.20
hum	-2.15	2.02
excuse	-2.14	1.34
hss	-2.14	1.38
unlike	-2.12	2.62
gio	-2.11	1.26
strat	-2.10	1.34
jm	-2.09	1.18
fenders	-2.08	1.66
mexican	-2.07	1.36
mention	-2.07	2.62
flying	-2.06	1.67
thinline	-2.05	1.56
nothing	-2.04	4.07
general	-2.04	2.65
hurt	-2.03	2.41
mim	-2.03	1.36
jag	-2.03	1.39
suffer	-2.02	1.26
vibe	-2.01	1.33
beater	-1.99	1.28
woman	-1.99	2.88
generic	-1.98	1.32
messed	-1.98	1.31
either	-1.98	4.18
matter	-1.96	4.23
sentimental	-1.96	3.98
hh	-1.95	1.27
noise	-1.93	1.99
jaguar	-1.92	1.39
necessarily	-1.92	4.08
assholes	-1.92	2.57
justice	-1.91	2.66
offset	-1.91	1.63
mia	-1.91	1.46
layout	-1.91	1.32
proof	-1.88	2.02
vm	-1.87	1.33
believe	-1.86	4.39
warlock	-1.85	1.23
due	-1.85	1.24
swear	-1.84	2.49
st	-1.84	2.80
mean	-1.84	4.43
afraid	-1.83	3.77
nobody	-1.83	2.56
jazzmaster	-1.83	1.36
exact	-1.82	4.06
nonsense	-1.82	1.31
scenario	-1.82	2.99
modified	-1.81	1.28
say	-1.81	4.31
saying	-1.80	4.19
kept	-1.78	1.38
tonewood	-1.78	2.29
reduce	-1.76	1.71
where	-1.76	4.31
typical	-1.75	1.34
interference	-1.73	1.86
anybody	-1.72	2.31
anyone	-1.71	2.21
american	-1.70	1.34
emgs	-1.69	1.35
oranges	-1.68	1.37
person	-1.68	2.29
qc	-1.68	1.16
somebody	-1.68	2.37
starter	-1.67	1.37
muddy	-1.66	1.58
washburn	-1.66	1.14
unplayable	-1.66	1.25
proven	-1.65	2.65
act	-1.65	1.22
lack	-1.64	1.23
who	-1.62	2.40
talks	-1.62	2.44
killed	-1.61	2.25
explorer	-1.61	1.66
happen	-1.61	2.92
does	-1.60	3.33
cheesy	-1.60	1.23
claim	-1.59	2.10
bother	-1.58	2.99
assembly	-1.58	1.24
doing	-1.57	4.10
care	-1.57	3.14
evidence	-1.57	2.52
and/or	-1.56	1.23
point	-1.56	4.23
imply	-1.56	2.81
someone	-1.56	2.24
squires	-1.56	1.22
assume	-1.56	4.09
exactly	-1.56	4.29
squiers	-1.56	1.19
objective	-1.56	2.59
pickups	-1.56	1.66
aka	-1.54	1.25
world	-1.54	3.15
attached	-1.54	1.32
stratocaster	-1.53	1.47
mij	-1.52	1.37
right	-1.52	4.21
hardly	-1.51	1.49
suggests	-1.50	2.00
eliminate	-1.50	1.70
tremelo	-1.50	1.10
pups	-1.50	1.70
dimarzio	-1.49	1.63
among	-1.49	3.18
duncans	-1.49	1.61
eh	-1.49	2.38
argue	-1.48	2.61
strictly	-1.47	1.25
gibson	-1.47	1.75
doctor	-1.46	1.61
damaged	-1.46	1.12
issues	-1.46	1.39
lacks	-1.46	1.01
remember	-1.46	3.07
lollar	-1.46	1.57
les	-1.46	1.75
ignorant	-1.45	1.57
applies	-1.43	1.90
talk	-1.43	2.25
lp	-1.42	1.73
unnecessary	-1.42	1.22
why	-1.42	3.56
modding	-1.42	1.34
bullshit	-1.42	1.27
science	-1.42	2.01
telling	-1.42	2.49
going	-1.41	4.18
anymore	-1.41	3.51
exist	-1.40	2.54
functionality	-1.40	1.18
describe	-1.40	1.50
allowed	-1.40	1.75
she	-1.38	2.06
hooked	-1.37	1.21
cliche	-1.37	1.37
mentions	-1.37	2.16
people	-1.37	1.97
hurts	-1.36	1.24
ringing	-1.36	1.68
paf	-1.36	1.54
incorrect	-1.35	3.50
classic	-1.35	1.27
excessive	-1.35	1.47
angry	-1.35	2.91
vintage	-1.34	1.25
mascis	-1.34	1.08
magical	-1.34	1.44
til	-1.34	2.69
know	-1.34	3.56
emg	-1.33	1.47
quit	-1.33	1.38
pup	-1.33	1.57
pretend	-1.33	3.23
completely	-1.33	3.47
granted	-1.33	1.32
mistaken	-1.32	3.81
nine	-1.32	1.29
moments	-1.32	2.34
fretted	-1.31	1.28
installed	-1.31	1.67
guilty	-1.31	3.88
our	-1.30	1.10
upset	-1.30	2.07
he	-1.30	2.11
construction	-1.29	1.28
despite	-1.29	1.21
kid	-1.29	1.34
were	-1.29	1.79
swapped	-1.28	1.70
2015	-1.28	1.53
refer	-1.27	1.75
shielding	-1.27	1.54
lefty	-1.27	1.53
opposite	-1.27	1.43
equipped	-1.27	1.49
about	-1.26	3.14
himself	-1.26	2.09
worry	-1.26	3.02
modal	-1.25	1.74
daughter	-1.25	1.34
es	-1.25	1.54
irrelevant	-1.25	1.91
joy	-1.25	2.88
said	-1.25	2.19
grounding	-1.24	1.58
average	-1.24	1.23
taylors	-1.24	1.25
studios	-1.24	1.62
lpj	-1.24	1.68
literally	-1.24	2.78
gibsons	-1.24	1.38
sg	-1.24	1.75
him	-1.24	1.97
stop	-1.24	2.15
active	-1.23	1.49
lps	-1.23	1.88
starcaster	-1.23	1.23
uncle	-1.23	1.50
ridiculous	-1.22	2.10
replaced	-1.22	1.69
me	-1.22	2.05
lefties	-1.21	1.69
speak	-1.21	2.44
tell	-1.21	2.87
hear	-1.21	3.09
essentially	-1.20	2.16
honestly	-1.20	3.28
habit	-1.20	1.93
loaded	-1.20	1.22
buzz	-1.20	1.69
statement	-1.20	2.52
wont	-1.19	2.82
wo	-1.19	3.40
sig	-1.19	1.08
hard	-1.19	3.90
belief	-1.19	2.05
reliability	-1.19	1.29
developed	-1.19	1.46
mistakes	-1.18	1.73
classical	-1.18	1.41
bothers	-1.18	2.57
developing	-1.18	1.78
81	-1.18	1.24
alnico	-1.18	1.46
described	-1.17	1.47
preference	-1.17	2.39
cheap	-1.16	1.39
normal	-1.16	1.66
cobain	-1.16	1.19
biggest	-1.16	3.09
any	-1.16	2.91
firebird	-1.16	1.71
acoustically	-1.15	1.50
asian	-1.15	1.07
damage	-1.15	1.73
bridge	-1.15	1.52
mastery	-1.14	1.17
muting	-1.14	1.59
ever	-1.14	2.70
replacing	-1.14	1.82
valid	-1.13	2.54
nor	-1.13	2.66
plastic	-1.13	1.23
replace	-1.13	1.74
japanese	-1.12	1.20
duncan	-1.12	1.40
facts	-1.12	2.26
likely	-1.11	2.60
ugh	-1.11	2.68
electrical	-1.11	1.50
arms	-1.11	1.50
stickers	-1.11	1.29
initially	-1.11	1.34
without	-1.11	2.10
microphonic	-1.10	1.49
fact	-1.10	3.37
judge	-1.10	2.10
dont	-1.10	3.01
swap	-1.10	1.75
realize	-1.10	2.68
grover	-1.10	1.58
use	-1.09	1.68
scared	-1.09	3.53
seymour	-1.09	1.41
others	-1.09	2.30
ask	-1.09	2.24
lowering	-1.09	1.48
even	-1.09	3.54
understand	-1.09	3.00
trust	-1.09	2.01
noiseless	-1.09	1.27
need	-1.09	3.38
breaking	-1.09	1.63
epi	-1.08	1.40
cousin	-1.08	1.26
anywhere	-1.07	3.07
signature	-1.07	1.16
swapping	-1.07	1.82
aftermarket	-1.06	1.59
playability	-1.06	1.27
unsure	-1.06	3.99
debate	-1.06	2.28
already	-1.06	2.40
pointless	-1.05	1.43
cause	-1.05	1.79
needs	-1.05	2.01
yamaha	-1.05	1.21
stress	-1.05	1.68
highs	-1.05	1.52
tuners	-1.05	1.54
harm	-1.05	2.74
bc	-1.04	1.34
expect	-1.04	2.91
cared	-1.04	1.93
did	-1.04	3.14
bothered	-1.04	2.39
acting	-1.04	1.63
fender	-1.04	1.29
u2	-1.03	1.20
speaks	-1.03	1.55
everything	-1.03	2.74
notice	-1.03	2.80
scientific	-1.03	2.32
agree	-1.03	4.04
regret	-1.02	2.09
except	-1.02	2.33
roller	-1.02	1.49
however	-1.01	3.12
angled	-1.01	1.54
result	-1.01	1.45
whoever	-1.01	1.78
them	-1.01	3.23
see	-1.01	3.41
albeit	-1.01	1.19
evil	-1.01	1.05
drops	-1.01	0.94
lives	-1.00	1.27
shaped	-1.00	1.62
fans	-1.00	1.31
model	-1.00	1.58
buy	-1.00	2.66
caused	-0.99	1.63
left-handed	-0.99	1.67
causing	-0.99	1.60
everybody	-0.98	2.70
martins	-0.98	1.33
warped	-0.98	1.26
humbucker	-0.98	1.31
silence	-0.98	1.47
want	-0.98	3.37
hack	-0.97	1.20
reality	-0.97	1.55
asat	-0.97	1.23
argument	-0.97	2.49
personal	-0.97	2.35
sd	-0.97	1.40
regardless	-0.97	1.95
humming	-0.97	1.63
stopped	-0.97	1.56
absurd	-0.96	1.69
perhaps	-0.96	2.26
re	-0.96	3.49
explain	-0.96	2.82
prevent	-0.96	1.73
impress	-0.96	2.06
carrying	-0.96	1.36
jb	-0.96	1.37
friend	-0.96	1.66
leave	-0.95	2.29
standard	-0.95	1.35
easiest	-0.95	3.05
spirit	-0.95	1.03
causes	-0.95	1.57
extreme	-0.95	1.32
grounded	-0.95	1.47
favor	-0.95	1.37
seem	-0.95	3.07
react	-0.94	1.49
percussive	-0.94	1.31
roommate	-0.94	1.50
mind	-0.94	3.02
fashion	-0.94	1.46
because	-0.93	3.33
complain	-0.93	2.10
context	-0.93	2.13
how	-0.93	3.13
buzzing	-0.93	1.71
passive	-0.93	1.34
reverse	-0.93	1.37
unless	-0.93	3.48
grew	-0.93	1.32
everywhere	-0.92	1.76
left	-0.92	2.17
corgan	-0.92	0.95
screams	-0.92	2.38
always	-0.92	2.26
could	-0.92	3.35
something	-0.92	3.34
noticeably	-0.92	1.66
blame	-0.92	2.26
humbuckers	-0.91	1.31
closet	-0.91	1.50
lace	-0.91	1.57
consistency	-0.91	1.25
figure	-0.91	3.06
59	-0.90	1.25
whether	-0.90	2.82
whatever	-0.90	3.22
poorly	-0.90	1.28
bs	-0.90	1.21
reason	-0.90	3.35
justify	-0.90	2.03
studio	-0.90	1.43
mark	-0.90	1.33
neither	-0.90	1.86
think	-0.90	3.49
alone	-0.90	1.67
pacifica	-0.90	1.11
faded	-0.90	1.61
mexico	-0.89	1.19
impossible	-0.89	1.88
single-coil	-0.89	1.28
remind	-0.89	1.53
born	-0.89	1.35
let	-0.89	2.98
otherwise	-0.89	3.14
recommended	-0.89	1.59
squeeze	-0.89	1.53
subjective	-0.89	2.58
routed	-0.88	1.16
virtually	-0.88	1.50
greatest	-0.88	3.04
counter	-0.88	1.15
sister	-0.88	1.25
borrow	-0.88	1.81
coils	-0.88	1.27
call	-0.88	2.63
audience	-0.88	1.74
upgraded	-0.88	1.51
korean	-0.88	1.12
ruin	-0.87	2.04
starts	-0.87	1.38
told	-0.87	1.94
replicate	-0.87	2.73
nylon	-0.87	1.26
ignore	-0.87	1.84
make	-0.86	3.16
epiphones	-0.86	1.17
realizing	-0.86	1.44
specifically	-0.86	2.32
lame	-0.86	1.46
slap	-0.85	1.32
brings	-0.85	1.39
hits	-0.85	1.56
p90s	-0.85	1.23
square	-0.85	1.40
besides	-0.85	1.90
hype	-0.85	1.24
special	-0.85	1.29
talking	-0.85	2.91
parents	-0.85	1.31
maker	-0.84	1.25
accomplish	-0.84	2.77
p90	-0.84	1.27
335	-0.84	1.37
pile	-0.84	1.28
depends	-0.84	2.74
finds	-0.84	2.88
travel	-0.84	1.46
elitist	-0.84	1.66
opinions	-0.84	1.85
mustang	-0.84	1.26
basically	-0.83	3.13
obviously	-0.83	3.02
tries	-0.83	2.84
feel	-0.83	2.41
configuration	-0.83	1.43
made	-0.83	1.15
nicer	-0.83	1.48
suggested	-0.83	1.81
strung	-0.83	1.94
wise	-0.82	1.38
means	-0.82	4.18
room	-0.82	1.51
normally	-0.82	2.60
themselves	-0.82	1.86
returned	-0.82	1.44
shredder	-0.82	1.41
electronics	-0.81	1.52
hardtail	-0.81	1.15
bugera	-0.81	1.38
test	-0.81	2.36
based	-0.81	2.07
rails	-0.81	1.31
tag	-0.81	1.30
bag	-0.81	1.35
encourage	-0.81	1.63
boring	-0.81	1.26
self	-0.80	1.41
beginner	-0.80	1.28
traditional	-0.80	1.39
pack	-0.80	1.14
total	-0.80	1.29
bandmates	-0.80	1.60
locks	-0.80	1.23
significantly	-0.80	1.64
only	-0.80	2.64
convince	-0.79	2.35
inside	-0.79	1.45
p-90	-0.79	1.23
gfs	-0.79	1.42
testing	-0.79	2.05
generally	-0.79	1.72
preferred	-0.78	1.54
magic	-0.78	1.57
almost	-0.78	2.55
crowd	-0.78	1.45
popping	-0.78	1.69
owns	-0.78	2.85
boy	-0.77	1.02
packs	-0.77	1.12
drove	-0.77	1.19
upgrading	-0.77	1.96
forget	-0.77	2.40
probably	-0.77	3.39
couldnt	-0.77	1.83
comparing	-0.77	1.27
ice	-0.77	0.95
handed	-0.76	1.74
tunnel	-0.76	1.31
single	-0.76	1.30
accept	-0.76	2.08
guarantee	-0.76	2.05
we	-0.76	2.26
99	-0.76	1.51
regular	-0.76	1.43
butt	-0.76	1.35
coil	-0.76	1.31
3000	-0.75	1.37
view	-0.75	2.37
manual	-0.75	1.66
largely	-0.75	2.01
2004	-0.75	1.23
charvel	-0.75	0.90
thing	-0.75	2.96
spec	-0.75	1.65
father	-0.75	1.29
go	-0.75	3.24
calling	-0.75	2.01
instructor	-0.75	1.68
come	-0.75	2.91
protection	-0.75	1.46
may	-0.75	3.21
weather	-0.75	1.20
given	-0.75	2.13
borrowed	-0.75	1.14
wife	-0.75	1.66
repaired	-0.74	1.33
should	-0.74	3.36
damaging	-0.74	2.26
stops	-0.74	1.27
depend	-0.74	2.40
lights	-0.74	1.28
intend	-0.74	2.53
repetitive	-0.74	1.26
sgj	-0.74	1.40
gets	-0.73	1.15
injury	-0.73	1.52
using	-0.73	2.88
korea	-0.73	1.18
righty	-0.73	1.91
epiphone	-0.73	1.37
dependent	-0.73	1.93
installing	-0.73	1.77
upside	-0.73	1.88
puts	-0.72	1.55
standards	-0.72	1.36
troll	-0.72	1.64
locked	-0.72	1.43
identical	-0.72	2.14
theirs	-0.72	1.50
same	-0.72	3.11
determine	-0.72	2.58
technique	-0.72	1.53
north	-0.72	1.33
purchases	-0.72	1.83
biased	-0.72	1.75
adult	-0.72	1.19
paul	-0.71	1.45
adds	-0.71	1.20
2006	-0.71	1.19
salesman	-0.71	1.66
par	-0.71	1.53
afford	-0.71	2.82
identify	-0.71	2.63
toy	-0.71	1.07
purely	-0.71	2.21
mom	-0.71	1.57
resting	-0.71	2.36
falling	-0.71	1.67
chicago	-0.71	1.63
copies	-0.71	1.09
v	-0.70	1.33
able	-0.70	3.06
sonic	-0.70	1.07
fails	-0.70	1.62
altogether	-0.70	1.43
ones	-0.70	1.87
carry	-0.70	1.51
physics	-0.69	2.10
knuckle	-0.69	1.43
jerk	-0.69	1.74
depending	-0.69	2.37
leg	-0.69	2.13
knopfler	-0.69	0.99
heard	-0.69	1.73
movements	-0.69	1.63
2014	-0.69	1.38
edition	-0.69	1.10
casino	-0.69	1.29
recognize	-0.69	2.49
referring	-0.68	3.54
isnt	-0.68	2.06
compare	-0.68	2.34
joints	-0.68	1.34
problem	-0.68	2.89
72	-0.68	1.25
although	-0.68	3.00
stands	-0.68	1.40
warranty	-0.68	1.39
factories	-0.68	1.14
chance	-0.67	2.38
warp	-0.67	1.85
tribute	-0.67	1.29
parent	-0.67	1.54
avoid	-0.67	1.92
keeps	-0.67	1.72
refuse	-0.67	2.31
audition	-0.67	1.51
break	-0.66	2.28
humidifier	-0.66	1.33
packed	-0.66	1.21
find	-0.66	3.08
manager	-0.66	1.65
hand	-0.66	2.21
recognition	-0.66	1.86
foam	-0.66	1.23
advise	-0.66	1.70
usa	-0.66	1.18
failure	-0.66	1.27
waste	-0.66	1.60
30s	-0.65	1.24
tom	-0.65	1.05
quiet	-0.65	1.56
involve	-0.65	1.74
yet	-0.65	2.16
might	-0.65	3.33
opinion	-0.65	2.93
forced	-0.65	2.02
sitting	-0.65	2.09
disagree	-0.65	2.62
wtf	-0.65	1.99
name	-0.65	1.92
study	-0.65	1.79
specs	-0.65	2.13
specific	-0.65	2.62
which	-0.65	3.10
education	-0.64	1.45
conclusion	-0.64	2.19
asking	-0.64	2.60
maybe	-0.64	3.33
raising	-0.64	1.62
hands	-0.64	2.04
dad	-0.64	1.49
calls	-0.64	2.71
throws	-0.64	1.45
her	-0.64	1.64
friends	-0.64	1.51
being	-0.64	2.25
nirvana	-0.64	1.08
wrote	-0.64	1.32
aesthetics	-0.64	1.84
according	-0.64	1.62
bank	-0.64	1.80
having	-0.63	2.91
choices	-0.63	1.92
while	-0.63	2.54
shortly	-0.63	1.46
myself	-0.63	2.25
models	-0.63	1.21
simply	-0.63	3.15
rods	-0.63	1.73
2012	-0.63	1.31
worrying	-0.63	2.07
sadly	-0.63	1.94
background	-0.63	1.40
humble	-0.63	2.47
troy	-0.63	1.46
factory	-0.62	1.14
marr	-0.62	1.06
calluses	-0.62	1.71
85	-0.62	1.11
rust	-0.62	1.27
bring	-0.62	2.23
risk	-0.62	2.15
define	-0.62	2.46
term	-0.62	2.33
course	-0.62	2.46
rude	-0.62	1.66
age	-0.62	1.48
guy	-0.62	1.80
intermediate	-0.62	1.27
pickup	-0.62	1.35
guess	-0.61	3.81
lifting	-0.61	2.17
period	-0.61	1.60
heritage	-0.61	1.37
locking	-0.61	1.34
trying	-0.61	3.09
actually	-0.61	3.11
vs	-0.61	1.44
western	-0.61	1.49
explains	-0.61	1.63
drives	-0.61	1.18
newer	-0.61	1.33
particular	-0.61	2.80
needing	-0.61	1.85
teacher	-0.60	1.57
mess	-0.60	2.85
19	-0.60	1.86
backwards	-0.60	1.60
news	-0.60	1.36
decide	-0.60	2.89
box	-0.60	1.36
manufacturing	-0.60	1.17
handle	-0.60	1.75
stacked	-0.60	1.32
equipment	-0.60	1.52
cross	-0.60	1.39
70s	-0.60	1.20
fits	-0.60	1.72
truss	-0.60	1.89
threw	-0.59	1.22
2010	-0.59	1.32
chances	-0.59	2.17
fixed	-0.59	1.68
purpose	-0.59	2.69
strongly	-0.59	1.88
17	-0.59	1.79
asshole	-0.59	1.69
absolute	-0.59	2.25
rod	-0.59	1.82
differ	-0.59	2.27
exclusively	-0.59	1.12
names	-0.59	1.70
dunlop	-0.59	1.37
japan	-0.59	1.20
stringed	-0.58	1.14
compete	-0.58	1.21
brothers	-0.58	1.10
pressing	-0.58	2.02
snapped	-0.58	1.27
pointing	-0.58	2.47
violin	-0.58	1.17
peter	-0.58	0.78
custom	-0.58	1.22
thicker	-0.58	1.62
ltd	-0.58	1.04
china	-0.58	1.17
began	-0.58	1.45
accessories	-0.58	1.30
again	-0.58	2.83
14	-0.58	1.73
running	-0.58	2.11
flaws	-0.58	1.51
weed	-0.57	1.23
flipped	-0.57	1.80
rondo	-0.57	1.07
wouldnt	-0.57	2.57
suggest	-0.57	2.27
fix	-0.57	2.35
schaller	-0.57	1.29
difference	-0.57	2.08
teach	-0.57	2.14
demand	-0.57	1.62
group	-0.57	1.35
huge	-0.57	1.42
mentioned	-0.57	1.63
foundation	-0.56	1.59
flip	-0.56	1.65
buying	-0.56	2.65
wallet	-0.56	1.32
thinner	-0.56	1.54
replacement	-0.56	1.49
take	-0.56	2.74
station	-0.56	1.23
rules	-0.56	1.66
enter	-0.56	1.28
uncomfortable	-0.56	1.46
shorter	-0.56	1.52
fool	-0.56	1.51
mechanical	-0.56	1.59
recommend	-0.56	2.20
adjust	-0.56	1.91
idea	-0.56	3.15
now	-0.56	2.99
loss	-0.56	1.70
snap	-0.55	1.41
manufactured	-0.55	1.23
physically	-0.55	1.92
silent	-0.55	1.02
studies	-0.55	1.68
putting	-0.55	2.68
kids	-0.55	1.28
dean	-0.55	0.98
audible	-0.55	1.77
relate	-0.55	2.15
fingerpicking	-0.55	1.30
amounts	-0.55	1.36
saddles	-0.55	1.49
lose	-0.55	1.66
adding	-0.55	1.94
touching	-0.54	1.66
junior	-0.54	1.30
repairs	-0.54	1.57
performed	-0.54	1.29
years	-0.54	1.95
called	-0.54	2.74
tend	-0.54	1.73
adjustment	-0.54	2.02
ended	-0.54	2.26
prone	-0.54	1.71
splitting	-0.54	1.31
warmth	-0.54	1.21
elaborate	-0.54	1.99
clearly	-0.54	2.27
issue	-0.54	2.38
reissue	-0.54	1.25
rest	-0.54	2.27
airline	-0.54	1.32
lock	-0.54	1.53
pumpkins	-0.54	1.16
street	-0.54	1.37
whenever	-0.54	2.09
armstrong	-0.53	1.14
bigsby	-0.53	1.23
whose	-0.53	0.97
try	-0.53	3.08
never	-0.53	1.79
attempt	-0.53	2.17
year	-0.53	1.88
usually	-0.53	2.74
penny	-0.53	1.61
jet	-0.53	1.32
action	-0.53	1.70
stood	-0.53	1.52
spell	-0.53	2.33
warmoth	-0.53	1.20
gypsy	-0.53	1.38
form	-0.52	1.43
problems	-0.52	1.79
brightness	-0.52	1.26
niche	-0.52	1.55
nashville	-0.52	1.30
then	-0.52	2.67
hang	-0.52	2.22
elite	-0.52	1.05
insurance	-0.52	1.45
instead	-0.52	2.26
relief	-0.52	1.80
losing	-0.52	1.96
sacrifice	-0.52	1.95
things	-0.52	2.66
indicate	-0.52	2.12
sit	-0.52	2.14
ups	-0.52	1.36
zero	-0.52	1.79
stringing	-0.52	1.69
hollowbody	-0.52	1.16
bach	-0.51	1.09
isolated	-0.51	1.44
church	-0.51	1.16
learn	-0.51	2.37
tame	-0.51	1.42
13	-0.51	1.56
realised	-0.51	1.51
male	-0.51	1.12
locally	-0.51	1.86
pretentious	-0.51	1.47
liked	-0.51	2.62
retain	-0.51	1.36
storage	-0.51	1.46
80s	-0.51	1.23
former	-0.50	1.26
slip	-0.50	1.94
constructed	-0.50	2.09
girl	-0.50	1.22
much	-0.50	2.84
coming	-0.50	2.15
adjustable	-0.50	1.68
start	-0.50	2.43
significant	-0.50	1.73
plucking	-0.50	1.64
also	-0.50	3.15
perform	-0.50	1.61
changed	-0.50	1.49
uses	-0.50	1.25
since	-0.50	2.15
universal	-0.50	1.70
dc	-0.50	1.40
noticeable	-0.50	1.98
upgrade	-0.50	1.79
no	-0.49	2.99
fixing	-0.49	1.73
inclined	-0.49	2.30
row	-0.49	1.56
bow	-0.49	1.78
support	-0.49	1.99
gave	-0.49	1.60
yourself	-0.49	2.92
work	-0.49	3.25
solve	-0.49	2.17
shared	-0.49	1.73
repertoire	-0.49	1.46
charm	-0.49	2.79
talked	-0.49	1.51
roughly	-0.49	2.22
12	-0.49	1.58
springs	-0.48	1.47
callouses	-0.48	1.67
vary	-0.48	2.11
ensure	-0.48	1.30
knowing	-0.48	2.29
blind	-0.48	1.78
broad	-0.48	1.44
broken	-0.48	1.55
15	-0.48	1.56
analysis	-0.48	2.13
mounted	-0.48	1.39
stroke	-0.48	2.10
expectations	-0.48	1.34
tail	-0.48	1.29
understood	-0.48	1.66
taking	-0.48	2.70
noises	-0.48	1.66
appear	-0.48	1.97
removing	-0.48	1.85
entirely	-0.48	2.69
bright	-0.48	1.65
limiting	-0.48	1.39
austin	-0.48	1.82
2011	-0.48	1.27
suddenly	-0.48	1.40
brass	-0.47	1.27
cases	-0.47	1.46
thankfully	-0.47	1.09
ago	-0.47	2.14
lie	-0.47	1.79
rather	-0.47	2.37
intention	-0.47	2.56
claims	-0.47	1.51
intonation	-0.47	1.71
tailpiece	-0.47	1.29
suits	-0.47	1.69
arm	-0.47	1.67
mechanics	-0.47	1.69
fail	-0.47	1.77
mouth	-0.47	1.37
al	-0.47	1.39
lost	-0.47	1.24
trems	-0.47	1.26
preferences	-0.47	2.08
related	-0.47	1.72
specials	-0.47	1.13
wiring	-0.47	1.32
intonated	-0.47	1.46
nearly	-0.47	2.02
change	-0.47	2.32
changing	-0.47	1.90
buddy	-0.47	1.11
jackson	-0.47	1.03
pricing	-0.47	1.28
ideally	-0.46	1.70
pointed	-0.46	1.50
a/b	-0.46	1.88
material	-0.46	1.20
kits	-0.46	1.24
original	-0.46	1.40
sort	-0.46	2.91
growing	-0.46	1.20
se	-0.46	1.10
still	-0.46	2.97
sure	-0.46	3.74
electric	-0.46	1.11
adjusting	-0.46	1.86
considered	-0.46	2.50
height	-0.46	1.65
aim	-0.46	1.88
hitting	-0.46	1.63
cello	-0.46	1.16
ibanez	-0.46	1.02
chosen	-0.46	1.91
singers	-0.46	1.22
somehow	-0.46	1.81
letters	-0.46	1.78
compensate	-0.45	1.58
live	-0.45	1.85
self-taught	-0.45	1.36
smile	-0.45	1.31
consider	-0.45	2.58
employee	-0.45	1.57
discussion	-0.45	2.16
movement	-0.45	1.69
none	-0.45	1.96
america	-0.45	1.37
relation	-0.45	2.08
cycle	-0.45	1.57
24.75	-0.45	1.38
building	-0.45	2.20
fall	-0.45	1.83
getting	-0.45	2.88
anytime	-0.45	2.11
math	-0.45	1.57
singing	-0.45	1.50
noob	-0.45	1.77
texas	-0.45	1.16
attempting	-0.44	2.05
reasons	-0.44	2.32
remotely	-0.44	2.19
stand	-0.44	1.86
mastered	-0.44	1.50
experiment	-0.44	2.31
prices	-0.44	1.27
playing	-0.44	2.79
force	-0.44	2.01
least	-0.44	2.27
taste	-0.44	2.36
overkill	-0.44	1.41
fatter	-0.44	1.70
adjusted	-0.44	1.73
suspect	-0.44	1.78
teaching	-0.44	1.65
screwing	-0.44	2.19
fundamentals	-0.44	2.03
throw	-0.44	2.51
youth	-0.44	1.06
put	-0.44	2.31
accidentally	-0.44	1.63
foreign	-0.43	1.27
students	-0.43	1.51
included	-0.43	1.37
downvoted	-0.43	2.16
loosen	-0.43	1.87
nuts	-0.43	1.33
payment	-0.43	1.57
25.5	-0.43	1.38
goes	-0.43	2.04
raise	-0.43	1.67
sheraton	-0.43	1.30
request	-0.43	1.77
hassle	-0.43	2.29
plane	-0.43	1.33
style	-0.43	1.61
energy	-0.43	1.36
involves	-0.43	1.76
side	-0.43	1.94
affects	-0.43	2.16
zone	-0.43	1.19
pole	-0.43	1.50
magnetic	-0.43	1.40
affect	-0.43	1.97
deluxe	-0.42	1.22
figuring	-0.42	2.41
licensed	-0.42	1.23
when	-0.42	2.28
before	-0.42	1.80
stated	-0.42	1.77
wasnt	-0.42	1.44
shredders	-0.42	1.37
smoothly	-0.42	1.38
upgrades	-0.42	1.60
rg	-0.42	1.05
behind	-0.42	1.99
57	-0.42	1.23
coin	-0.42	1.34
discuss	-0.42	1.96
holding	-0.42	2.47
possibility	-0.42	1.74
mojo	-0.42	1.51
girlfriend	-0.42	1.44
lean	-0.42	1.68
car	-0.42	1.36
area	-0.42	1.99
between	-0.41	1.88
space	-0.41	1.47
constantly	-0.41	1.88
classes	-0.41	1.60
l	-0.41	1.15
suit	-0.41	1.91
location	-0.41	2.18
college	-0.41	1.49
soldered	-0.41	1.36
university	-0.41	1.53
bridges	-0.41	1.32
poster	-0.41	1.43
accident	-0.41	1.70
physical	-0.41	1.61
elixirs	-0.41	1.23
recall	-0.41	1.64
saddle	-0.40	1.60
pushed	-0.40	1.53
missing	-0.40	2.85
school	-0.40	1.45
differences	-0.40	1.76
drunk	-0.40	1.52
claw	-0.40	1.43
conversation	-0.40	1.93
bleed	-0.40	1.42
canada	-0.40	1.28
plays	-0.40	2.62
billy	-0.40	1.08
whole	-0.40	1.94
semi-hollow	-0.40	1.19
nearby	-0.40	1.87
instantly	-0.40	1.88
placed	-0.40	1.55
supposed	-0.40	3.29
produce	-0.40	1.33
block	-0.40	1.23
media	-0.40	1.32
flight	-0.40	1.30
public	-0.40	1.39
following	-0.40	2.02
lug	-0.40	1.35
kiss	-0.39	1.09
hanging	-0.39	1.57
laying	-0.39	1.67
delta	-0.39	1.24
allman	-0.39	1.12
hero	-0.39	0.99
liking	-0.39	1.96
connected	-0.39	1.35
johnson	-0.39	1.10
adjustments	-0.39	1.88
limit	-0.39	1.83
giving	-0.39	2.33
taps	-0.39	1.33
tbh	-0.39	1.31
wooden	-0.39	1.38
sat	-0.39	1.62
spend	-0.39	2.20
bone	-0.39	1.32
theory	-0.39	2.05
floating	-0.39	1.28
trem	-0.39	1.28
solution	-0.39	2.32
legacy	-0.39	1.15
21	-0.39	1.69
trouble	-0.38	2.26
corner	-0.38	1.71
overcome	-0.38	1.61
sized	-0.38	1.31
split	-0.38	1.34
frankly	-0.38	1.62
strumming	-0.38	1.63
bringing	-0.38	1.88
save	-0.38	2.28
bare	-0.38	1.31
tremolo	-0.38	1.26
die	-0.38	1.83
rely	-0.38	1.92
learnt	-0.38	1.34
suggesting	-0.38	2.09
student	-0.38	1.51
pinch	-0.38	1.42
barely	-0.38	2.05
contain	-0.38	2.16
east	-0.38	1.23
install	-0.38	1.50
allen	-0.38	1.80
from	-0.38	2.00
elbow	-0.38	1.69
alternatives	-0.38	1.76
tension	-0.38	1.63
de	-0.38	1.33
machines	-0.38	1.31
hearing	-0.38	2.49
wire	-0.37	1.35
killing	-0.37	1.85
connections	-0.37	1.33
celestion	-0.37	1.23
ground	-0.37	1.42
marketing	-0.37	1.34
wired	-0.37	1.32
cort	-0.37	1.06
designed	-0.37	1.67
morello	-0.37	1.10
class	-0.37	1.58
schecter	-0.37	1.03
decade	-0.37	1.89
capture	-0.37	1.49
fretting	-0.37	1.83
fault	-0.37	1.61
uke	-0.37	1.17
dropping	-0.37	2.05
alive	-0.37	0.93
article	-0.37	1.66
sells	-0.37	1.34
bulk	-0.37	1.41
begin	-0.37	2.07
shoulder	-0.37	1.65
muted	-0.37	1.62
90s	-0.37	1.28
2013	-0.36	1.31
stay	-0.36	2.16
task	-0.36	1.48
posture	-0.36	1.56
rattle	-0.36	1.58
vibration	-0.36	1.44
produces	-0.36	1.32
unable	-0.36	2.51
intonate	-0.36	1.82
competition	-0.36	1.31
named	-0.36	1.20
cracked	-0.36	1.35
requirements	-0.36	1.98
remembered	-0.36	1.54
exposed	-0.36	1.50
leaving	-0.36	1.92
pissed	-0.36	1.53
rage	-0.36	1.15
grab	-0.36	2.08
nerves	-0.36	1.17
stick	-0.36	2.71
bird	-0.36	1.08
waves	-0.36	1.15
legs	-0.36	1.69
formal	-0.36	1.61
27	-0.36	1.49
swing	-0.36	1.27
slowing	-0.36	2.13
kicked	-0.36	1.16
ukulele	-0.35	1.18
discover	-0.35	2.15
virtuoso	-0.35	1.09
glued	-0.35	1.25
basement	-0.35	1.45
cheaper	-0.35	1.46
gritty	-0.35	3.21
son	-0.35	1.16
purchasing	-0.35	1.86
etc	-0.35	1.48
speaking	-0.35	1.55
somewhere	-0.35	2.50
seemed	-0.35	1.47
house	-0.35	1.29
shell	-0.35	1.61
magnet	-0.35	1.37
everytime	-0.35	1.58
crack	-0.35	1.43
individual	-0.35	2.09
greenwood	-0.35	1.02
ovation	-0.35	1.04
circles	-0.35	1.26
translate	-0.35	2.01
affected	-0.35	1.74
allows	-0.35	2.09
produced	-0.35	1.30
broke	-0.35	1.46
standing	-0.35	1.99
wasting	-0.35	2.41
allow	-0.34	1.94
signals	-0.34	1.50
starting	-0.34	2.61
spider	-0.34	1.17
construct	-0.34	2.22
bastard	-0.34	2.34
relax	-0.34	2.01
middle	-0.34	1.54
rehearsal	-0.34	1.49
130	-0.34	1.34
4x12	-0.34	1.17
new	-0.34	2.17
spring	-0.34	1.48
matters	-0.34	2.64
once	-0.34	2.08
took	-0.34	1.90
picks	-0.34	1.41
slight	-0.34	1.60
relative	-0.34	2.04
keep	-0.34	2.54
past	-0.34	1.94
terms	-0.34	1.34
aiming	-0.33	3.14
teachers	-0.33	1.51
raised	-0.33	1.61
behringer	-0.33	1.14
toward	-0.33	1.70
individually	-0.33	1.98
introduce	-0.33	1.64
messing	-0.33	2.47
concentrate	-0.33	2.05
dive	-0.33	1.32
mute	-0.33	1.75
move	-0.33	2.15
rose	-0.33	1.25
suhr	-0.33	1.10
solved	-0.33	1.75
comparison	-0.33	1.30
admittedly	-0.33	1.31
cringe	-0.33	1.54
18	-0.33	1.70
connection	-0.33	1.46
camp	-0.33	1.41
south	-0.33	1.43
studying	-0.33	1.79
been	-0.33	1.80
throwing	-0.33	2.00
studied	-0.33	1.56
tonality	-0.33	1.64
lowered	-0.33	1.61
suited	-0.33	1.65
pegs	-0.33	1.38
towards	-0.33	1.67
retarded	-0.33	1.57
import	-0.33	1.35
serves	-0.32	1.62
kirk	-0.32	1.15
palm	-0.32	1.69
harmonics	-0.32	1.48
order	-0.32	2.15
keeping	-0.32	2.02
wires	-0.32	1.34
tendency	-0.32	1.77
until	-0.32	1.81
buckethead	-0.32	1.08
lasted	-0.32	1.90
fly	-0.32	1.88
reissues	-0.32	1.23
jump	-0.32	1.99
tightening	-0.32	1.67
after	-0.32	1.87
tastes	-0.32	2.08
wrist	-0.32	1.65
stretch	-0.32	1.94
knock	-0.32	1.36
graphite	-0.32	1.36
happened	-0.32	1.70
pins	-0.32	1.30
fewer	-0.31	1.60
ons	-0.31	1.41
replica	-0.31	1.31
retune	-0.31	1.84
pressed	-0.31	1.56
substitute	-0.31	2.21
frame	-0.31	2.15
ordering	-0.31	1.89
upwards	-0.31	1.73
later	-0.31	2.03
slightly	-0.31	1.72
overwhelming	-0.31	1.45
brand	-0.31	1.28
usual	-0.31	1.38
circle	-0.31	1.64
situation	-0.31	2.37
properties	-0.31	1.45
batteries	-0.31	1.61
desk	-0.31	1.72
wizard	-0.31	1.01
anchor	-0.31	1.86
16	-0.31	1.52
basis	-0.31	1.89
finally	-0.30	1.67
early	-0.30	1.26
blocked	-0.30	1.26
attach	-0.30	1.35
importance	-0.30	2.03
making	-0.30	2.48
ex	-0.30	1.28
double	-0.30	1.28
ie	-0.30	1.66
grade	-0.30	1.54
magnets	-0.30	1.37
basics	-0.30	1.86
moore	-0.30	1.01
piezo	-0.30	1.25
engineering	-0.30	1.49
thin	-0.30	1.52
courses	-0.30	1.58
commit	-0.30	2.44
ampeg	-0.30	1.17
luthier	-0.30	1.56
breaks	-0.30	1.66
pinky	-0.30	1.84
muscle	-0.30	1.74
stopping	-0.30	2.07
bit	-0.30	2.19
badly	-0.30	1.45
repeating	-0.30	1.98
rep	-0.30	1.60
7-string	-0.29	1.25
back	-0.29	2.24
restring	-0.29	1.62
pounds	-0.29	1.91
whatsoever	-0.29	2.03
bigger	-0.29	1.64
garcia	-0.29	1.10
obvious	-0.29	1.66
russian	-0.29	1.12
dorm	-0.29	1.48
members	-0.29	1.46
training	-0.29	1.67
stainless	-0.29	1.27
communicate	-0.29	1.98
complaint	-0.29	1.75
methods	-0.29	1.95
forearm	-0.29	1.76
offs	-0.29	1.42
steel	-0.29	1.36
months	-0.28	1.92
connecting	-0.28	1.46
couch	-0.28	1.77
solder	-0.28	1.36
musicians	-0.28	1.38
vibrating	-0.28	1.50
teaches	-0.28	1.62
drumming	-0.28	1.31
fr	-0.28	1.14
ve	-0.28	1.68
listener	-0.28	1.86
settle	-0.28	2.12
variable	-0.28	1.57
investing	-0.28	2.31
screwed	-0.28	1.57
2008	-0.28	1.22
spending	-0.28	2.09
22	-0.28	1.40
dadgad	-0.28	1.39
spots	-0.28	2.03
pots	-0.28	1.36
materials	-0.28	1.23
bluegrass	-0.28	1.21
transpose	-0.28	1.90
kramer	-0.28	1.07
ears	-0.28	1.85
within	-0.28	1.96
joint	-0.28	1.48
under	-0.28	1.87
tried	-0.28	1.52
plan	-0.28	2.35
map	-0.28	1.69
tad	-0.28	1.98
production	-0.28	1.28
ll	-0.27	2.96
temperature	-0.27	1.49
memorize	-0.27	1.99
nuances	-0.27	1.87
pluck	-0.27	1.70
drug	-0.27	1.15
lying	-0.27	1.63
ring	-0.27	1.74
abuse	-0.27	1.19
performances	-0.27	1.38
against	-0.27	1.74
meeting	-0.27	1.41
hammer	-0.27	1.46
minutes	-0.27	1.93
dings	-0.27	1.43
noticing	-0.27	2.59
esp	-0.27	0.96
carvin	-0.27	1.13
touch	-0.27	1.76
potentially	-0.27	1.56
25	-0.27	1.55
definition	-0.27	1.62
option	-0.27	2.81
berklee	-0.27	1.63
little	-0.27	2.32
removed	-0.27	1.68
teenager	-0.27	1.31
contribute	-0.27	1.98
sharp	-0.27	1.35
offense	-0.27	2.51
buttons	-0.27	1.31
weight	-0.27	1.32
series	-0.27	1.03
sing	-0.27	1.45
actively	-0.27	2.23
strap	-0.27	1.22
city	-0.27	1.55
century	-0.27	1.22
hours	-0.27	1.97
nowadays	-0.26	1.71
created	-0.26	1.30
every	-0.26	2.02
fusion	-0.26	1.42
vibrato	-0.26	1.39
banjo	-0.26	1.20
reputable	-0.26	1.71
interests	-0.26	1.84
warmer	-0.26	1.55
becoming	-0.26	1.58
fade	-0.26	1.66
bronze	-0.26	1.15
weeks	-0.26	1.95
modern	-0.26	1.31
closest	-0.26	2.10
diatonic	-0.26	1.92
certain	-0.26	2.49
genuinely	-0.26	1.86
24	-0.26	1.39
latency	-0.26	1.68
numbers	-0.26	1.76
female	-0.26	1.18
2k	-0.26	1.71
folks	-0.26	1.74
instrument	-0.26	1.78
dance	-0.26	1.15
floor	-0.26	1.65
randall	-0.26	1.19
sounding	-0.26	1.34
bent	-0.26	1.36
linked	-0.26	1.56
dropped	-0.26	1.42
legal	-0.26	1.90
60s	-0.26	1.22
big	-0.26	1.38
offering	-0.26	1.78
quote	-0.25	1.46
us	-0.25	1.52
show	-0.25	1.64
sleep	-0.25	1.60
drummer	-0.25	1.32
protect	-0.25	1.33
blocks	-0.25	1.41
older	-0.25	1.54
overly	-0.25	1.32
press	-0.25	1.73
fit	-0.25	1.81
letting	-0.25	1.85
muscles	-0.25	1.73
sits	-0.25	1.68
comes	-0.25	2.22
children	-0.25	1.13
majority	-0.25	1.68
trucks	-0.25	1.20
sub	-0.25	1.84
sliding	-0.25	1.50
1x12	-0.25	1.16
possibilities	-0.25	1.57
singles	-0.25	1.35
push/pull	-0.25	1.34
widely	-0.25	1.58
gretsch	-0.25	1.12
strum	-0.25	1.75
stage	-0.25	1.48
bending	-0.25	1.50
practicing	-0.25	2.31
started	-0.25	1.78
trees	-0.25	1.23
sell	-0.25	2.27
anniversary	-0.25	1.11
dancing	-0.25	1.29
fingerstyle	-0.25	1.20
time	-0.25	2.46
components	-0.24	1.27
piano	-0.24	1.25
lift	-0.24	1.90
10	-0.24	1.66
apple	-0.24	1.56
yngwie	-0.24	1.21
35	-0.24	1.62
strength	-0.24	1.68
moving	-0.24	1.85
bends	-0.24	1.41
women	-0.24	1.17
extended	-0.24	1.56
moment	-0.24	2.13
stretching	-0.24	1.73
stuck	-0.24	2.12
buddies	-0.24	1.33
equivalent	-0.24	1.45
idiot	-0.24	1.40
artcore	-0.24	1.11
cold	-0.24	1.28
thinking	-0.24	2.96
worth	-0.24	2.21
pain	-0.24	1.53
living	-0.24	1.52
minute	-0.24	1.88
nut	-0.24	1.44
iv	-0.24	1.52
learning	-0.24	2.14
lower	-0.24	1.52
failing	-0.24	1.60
fiddle	-0.24	1.47
thus	-0.24	1.69
chair	-0.24	1.74
shop	-0.24	1.72
wheel	-0.24	1.37
sample	-0.24	1.88
length	-0.24	1.45
gut	-0.24	1.14
likewise	-0.24	1.44
ripping	-0.24	1.73
amplified	-0.23	1.41
screws	-0.23	1.59
duane	-0.23	1.10
shown	-0.23	1.79
ship	-0.23	1.47
hotter	-0.23	1.67
outside	-0.23	1.47
concerts	-0.23	1.36
bump	-0.23	1.62
spent	-0.23	1.97
awkward	-0.23	1.47
shifting	-0.23	1.75
wrench	-0.23	1.65
bend	-0.23	1.62
subject	-0.23	1.98
route	-0.23	1.95
prestige	-0.23	1.03
hollow	-0.23	1.23
typically	-0.23	1.59
off	-0.23	1.86
lineup	-0.23	1.19
leaders	-0.23	1.13
blank	-0.23	1.28
nails	-0.23	1.50
practices	-0.23	1.61
randomly	-0.23	1.71
500k	-0.23	1.33
screw	-0.23	1.58
san	-0.23	1.45
points	-0.23	2.15
present	-0.23	1.27
showed	-0.23	2.45
impact	-0.23	1.52
spectrum	-0.23	1.41
amateur	-0.23	1.26
iii	-0.23	1.28
remains	-0.22	1.57
filling	-0.22	1.67
cabs	-0.22	1.23
heat	-0.22	1.44
distance	-0.22	1.57
makers	-0.22	1.27
cavity	-0.22	1.35
mandolin	-0.22	1.25
lap	-0.22	1.37
bar	-0.22	1.42
than	-0.22	1.86
grabbed	-0.22	1.27
died	-0.22	1.27
modify	-0.22	1.80
mindset	-0.22	2.37
humidity	-0.22	1.42
follow	-0.22	2.07
tank	-0.22	1.27
days	-0.22	1.94
internal	-0.22	1.41
existing	-0.22	1.45
eight	-0.22	1.77
less	-0.22	1.89
gives	-0.22	1.41
taught	-0.22	1.48
80	-0.22	1.34
bloody	-0.22	2.25
trumpet	-0.22	1.26
accordingly	-0.22	1.82
actual	-0.22	1.91
plans	-0.22	1.69
vocalist	-0.22	1.13
girls	-0.22	1.39
limitations	-0.22	1.78
tighten	-0.22	1.65
bassy	-0.21	1.70
week	-0.21	1.93
slide	-0.21	1.34
remembering	-0.21	2.02
forth	-0.21	1.66
feed	-0.21	1.41
first	-0.21	1.89
manufacturers	-0.21	1.54
reading	-0.21	1.77
options	-0.21	1.85
pull	-0.21	1.62
twenty	-0.21	1.87
era	-0.21	1.19
bassist	-0.21	1.27
reach	-0.21	1.90
vibrations	-0.21	1.46
cabinets	-0.21	1.27
long	-0.21	2.50
pops	-0.21	1.53
kit	-0.21	1.36
baritone	-0.21	1.26
halfway	-0.21	1.30
cleanly	-0.21	1.93
illegal	-0.21	2.10
lessons	-0.21	1.60
month	-0.21	1.94
20	-0.21	1.68
11	-0.21	1.66
build	-0.21	1.52
pulling	-0.21	1.83
word	-0.21	3.69
floyd	-0.21	1.26
analyze	-0.21	1.92
onto	-0.21	1.71
phish	-0.20	1.12
last	-0.20	1.93
necks	-0.20	1.30
accommodate	-0.20	1.60
modes	-0.20	1.82
smaller	-0.20	1.50
account	-0.20	1.48
listen	-0.20	2.43
compressed	-0.20	1.64
pulls	-0.20	1.22
jerry	-0.20	1.08
instruments	-0.20	1.34
manufacturer	-0.20	1.53
wonderwall	-0.20	1.22
alternating	-0.20	1.72
air	-0.20	1.43
5	-0.20	1.66
sax	-0.20	1.24
law	-0.20	1.40
field	-0.20	1.44
benefit	-0.20	1.80
semi	-0.20	1.22
amazon	-0.19	1.47
attitude	-0.19	1.34
lesson	-0.19	1.63
8	-0.19	1.57
retailer	-0.19	1.58
emphasize	-0.19	1.92
five	-0.19	1.78
johnny	-0.19	1.12
pattern	-0.19	1.97
percussion	-0.19	1.28
country	-0.19	1.31
intervals	-0.19	1.95
changes	-0.19	1.73
purchase	-0.19	1.97
considerably	-0.19	1.78
horn	-0.19	1.25
guitarists	-0.19	1.40
factors	-0.19	1.88
hide	-0.19	1.65
situations	-0.19	1.57
noodling	-0.19	1.72
parallel	-0.19	1.36
resonant	-0.19	1.40
harder	-0.19	2.10
hour	-0.19	1.88
hit	-0.19	1.65
maintain	-0.19	1.55
skip	-0.19	1.97
memorized	-0.19	1.82
hot	-0.19	1.23
30	-0.18	1.67
existed	-0.18	1.46
compared	-0.18	1.21
waters	-0.18	1.15
jumped	-0.18	1.59
slides	-0.18	1.37
went	-0.18	1.52
trick	-0.18	2.72
4-5	-0.18	1.86
cab	-0.18	1.26
electrics	-0.18	1.18
techniques	-0.18	1.50
component	-0.18	1.50
pair	-0.18	1.27
ten	-0.18	1.73
caged	-0.18	1.91
degree	-0.18	1.61
moved	-0.18	1.46
tuned	-0.18	1.56
compression	-0.18	1.53
home	-0.18	1.59
vibrate	-0.18	1.54
feet	-0.18	1.69
saving	-0.18	2.31
softer	-0.18	1.70
battery	-0.18	1.46
stronger	-0.18	1.68
op	-0.18	2.16
memorizing	-0.18	1.94
12th	-0.18	1.64
town	-0.18	1.61
stretches	-0.17	1.58
inches	-0.17	1.52
leo	-0.17	1.10
minimum	-0.17	1.51
discontinued	-0.17	1.27
rich	-0.17	1.31
3-4	-0.17	1.89
mode	-0.17	1.83
development	-0.17	1.34
times	-0.17	1.78
owners	-0.17	1.41
bolt	-0.17	1.24
repair	-0.17	1.56
achieve	-0.17	2.06
smashing	-0.17	1.24
popularity	-0.17	1.51
unplugged	-0.17	1.32
set	-0.17	1.48
scream	-0.17	1.30
grasp	-0.17	1.92
rickenbacker	-0.17	1.14
socket	-0.17	1.39
organ	-0.17	1.42
band	-0.17	1.40
loose	-0.17	1.38
needed	-0.17	1.94
builds	-0.17	1.50
60	-0.17	1.40
regards	-0.17	1.29
drag	-0.17	1.64
wall	-0.17	1.74
exercises	-0.17	1.69
millions	-0.17	1.63
sharps	-0.17	1.53
covers	-0.17	1.27
2-3	-0.17	1.92
practice	-0.17	2.02
70	-0.17	1.34
customers	-0.17	1.49
day	-0.17	1.96
pentatonic	-0.17	1.91
admit	-0.17	1.81
fret	-0.17	1.66
brother	-0.17	1.25
store	-0.17	1.68
sight	-0.16	1.70
employees	-0.16	1.49
scale	-0.16	1.78
discount	-0.16	1.77
deserves	-0.16	1.33
piece	-0.16	1.19
category	-0.16	1.48
string	-0.16	1.59
brain	-0.16	1.80
type	-0.16	2.43
away	-0.16	1.92
longer	-0.16	1.88
jeff	-0.16	1.08
1/2	-0.16	1.62
treated	-0.16	1.16
finger	-0.16	1.75
ohm	-0.16	1.28
caps	-0.16	1.38
near	-0.16	2.18
pick	-0.16	1.67
each	-0.16	2.07
scales	-0.16	1.94
includes	-0.16	1.46
per	-0.16	1.83
generation	-0.16	1.11
add	-0.16	1.76
number	-0.16	1.81
thumb	-0.16	1.76
9	-0.16	1.67
discouraged	-0.16	2.19
takes	-0.16	1.91
six	-0.16	1.76
policy	-0.16	1.58
saved	-0.16	1.85
surprise	-0.16	1.46
heavier	-0.16	1.62
products	-0.16	1.42
cosmetic	-0.16	1.50
barring	-0.16	1.71
seconds	-0.16	1.86
acoustic	-0.16	1.06
switched	-0.16	1.28
amplification	-0.15	1.23
realized	-0.15	1.57
sticking	-0.15	2.24
match	-0.15	1.67
degrees	-0.15	1.55
fishman	-0.15	1.53
local	-0.15	1.75
sequence	-0.15	1.74
profit	-0.15	1.59
impression	-0.15	1.65
continue	-0.15	2.12
role	-0.15	1.52
dealer	-0.15	1.52
fiddling	-0.15	2.06
machine	-0.15	1.33
land	-0.15	1.69
positioning	-0.15	1.60
stores	-0.15	1.69
archtop	-0.15	1.11
larger	-0.15	1.41
3k	-0.15	1.67
tuning	-0.15	1.47
filled	-0.15	1.32
forces	-0.15	1.93
pitch	-0.15	1.56
walls	-0.15	1.34
closed	-0.15	1.30
during	-0.15	1.53
resonance	-0.15	1.44
door	-0.15	1.19
justin	-0.15	1.57
together	-0.14	1.85
schools	-0.14	1.48
mainstream	-0.14	1.26
utilize	-0.14	1.54
ran	-0.14	1.32
fingers	-0.14	1.78
grow	-0.14	1.78
picking	-0.14	1.47
additional	-0.14	1.54
memory	-0.14	1.67
empty	-0.14	1.45
index	-0.14	1.76
radio	-0.14	1.46
came	-0.14	1.61
40	-0.14	1.55
dot	-0.14	1.24
7	-0.14	1.68
major/minor	-0.14	1.89
experience	-0.14	2.17
tends	-0.14	1.47
compromise	-0.14	1.76
restringing	-0.14	1.58
marks	-0.14	1.39
grateful	-0.14	1.19
closer	-0.14	1.80
gauges	-0.14	1.49
theoretical	-0.14	1.93
ease	-0.14	1.39
primary	-0.14	1.59
brands	-0.14	1.51
therefore	-0.13	1.84
resonate	-0.13	1.38
notes	-0.13	1.90
improvement	-0.13	1.88
trey	-0.13	1.09
seller	-0.13	1.56
originals	-0.13	1.42
tapping	-0.13	1.47
weezer	-0.13	1.33
certainly	-0.13	2.73
ol	-0.13	1.35
sweeping	-0.13	1.44
drop	-0.13	1.59
key	-0.13	1.80
concepts	-0.13	2.00
staying	-0.13	2.16
animals	-0.13	1.08
private	-0.13	1.65
resistance	-0.13	1.35
established	-0.13	1.40
amount	-0.13	1.79
bargain	-0.13	1.54
arrived	-0.13	1.35
alternate	-0.13	1.49
interview	-0.13	1.50
costs	-0.13	1.76
shops	-0.13	1.67
thru	-0.13	1.22
petty	-0.13	1.13
practically	-0.13	1.43
salt	-0.13	1.25
returns	-0.13	1.68
forcing	-0.13	1.85
3/4	-0.13	1.44
legato	-0.13	1.48
meets	-0.13	1.67
mustaine	-0.13	1.11
cabinet	-0.13	1.27
window	-0.13	1.53
ahead	-0.13	2.44
choosing	-0.13	2.20
soldering	-0.13	1.47
expected	-0.13	1.69
mm	-0.13	1.38
builders	-0.13	1.43
increase	-0.12	1.67
worried	-0.12	2.67
cost	-0.12	1.77
2500	-0.12	1.57
i.e	-0.12	1.53
trial	-0.12	1.79
alternatively	-0.12	1.56
wonder	-0.12	1.98
keyboard	-0.12	1.27
flexibility	-0.12	1.38
shapes	-0.12	1.90
grand	-0.12	1.64
4	-0.12	1.66
strike	-0.12	1.96
wrap	-0.12	1.54
harmonic	-0.12	1.57
working	-0.12	2.69
lil	-0.12	1.44
2	-0.12	1.75
drums	-0.12	1.29
cheaply	-0.12	1.33
cooler	-0.12	1.24
australia	-0.12	1.50
ect	-0.12	1.37
tweak	-0.12	1.72
previous	-0.12	1.70
jazz	-0.12	1.26
immediately	-0.12	1.59
dexterity	-0.12	1.67
venue	-0.12	1.50
jammed	-0.12	1.32
dorian	-0.12	1.74
timbre	-0.12	1.49
clearer	-0.12	1.85
voiced	-0.11	1.54
rocket	-0.11	1.59
3	-0.11	1.73
reddit	-0.11	1.74
inch	-0.11	1.45
return	-0.11	1.55
vi	-0.11	1.66
target	-0.11	2.07
plate	-0.11	1.26
destroy	-0.11	1.36
ohms	-0.11	1.31
basses	-0.11	1.19
charge	-0.11	1.63
precisely	-0.11	1.49
jumping	-0.11	1.86
meaning	-0.11	2.66
frank	-0.11	1.26
eb	-0.11	1.44
provides	-0.11	1.45
measure	-0.11	1.74
logical	-0.11	1.56
small	-0.11	1.53
open	-0.11	1.65
mins	-0.11	1.88
refers	-0.11	2.27
periods	-0.11	1.81
hagstrom	-0.11	1.10
patterns	-0.11	1.83
gate	-0.11	1.44
emotion	-0.11	1.16
fyi	-0.11	1.38
bodies	-0.11	1.19
robert	-0.11	1.04
till	-0.11	2.14
flats	-0.11	1.68
skipping	-0.10	1.50
consideration	-0.10	1.80
skype	-0.10	1.67
cracks	-0.10	1.37
social	-0.10	1.36
sent	-0.10	1.56
money	-0.10	2.18
low-end	-0.10	1.15
nature	-0.10	1.40
combination	-0.10	1.54
seems	-0.10	2.14
effort	-0.10	1.93
lay	-0.10	1.62
excited	-0.10	2.58
heroes	-0.10	1.32
speaker	-0.10	1.30
discovered	-0.10	1.47
jr	-0.10	1.17
instruction	-0.10	1.61
features	-0.10	1.38
barre	-0.10	1.76
derek	-0.10	1.19
players	-0.10	1.48
switches	-0.10	1.35
pushing	-0.10	2.11
1k	-0.10	1.48
dick	-0.10	1.86
bed	-0.10	1.69
size	-0.10	1.42
previously	-0.10	1.56
example	-0.10	2.04
fill	-0.10	1.45
practiced	-0.10	1.59
sam	-0.09	1.57
twice	-0.09	1.53
party	-0.09	1.29
50	-0.09	1.50
factor	-0.09	1.65
systems	-0.09	1.30
random	-0.09	1.63
tonic	-0.09	1.71
initial	-0.09	1.89
dealing	-0.09	1.77
table	-0.09	1.70
standby	-0.09	1.45
effectively	-0.09	1.65
ionian	-0.09	1.76
daily	-0.09	1.84
attention	-0.09	1.69
around	-0.09	1.97
ways	-0.09	2.07
planning	-0.09	2.33
mass	-0.09	1.36
frets	-0.09	1.35
load	-0.09	1.30
regularly	-0.09	1.69
switch	-0.09	1.36
exchange	-0.09	1.57
tunings	-0.09	1.69
dollars	-0.09	1.86
180	-0.09	1.46
allowing	-0.09	1.83
spare	-0.09	1.66
event	-0.09	1.53
creates	-0.09	1.50
scratches	-0.09	1.40
steps	-0.09	1.67
selling	-0.09	2.13
stability	-0.09	1.30
10th	-0.09	1.72
mother	-0.09	1.25
naturally	-0.09	1.72
values	-0.08	1.66
music	-0.08	1.52
advantage	-0.08	1.99
45	-0.08	1.55
darker	-0.08	1.60
accuracy	-0.08	1.60
harmony	-0.08	1.48
fuller	-0.08	1.73
min	-0.08	1.75
happening	-0.08	2.27
emphasis	-0.08	1.51
heads	-0.08	1.23
lived	-0.08	1.39
drill	-0.08	1.48
1st	-0.08	1.73
rings	-0.08	1.41
albert	-0.08	1.13
thought	-0.08	1.76
gig	-0.08	1.58
watt	-0.08	1.24
slow	-0.08	1.83
feeling	-0.08	1.63
1	-0.08	1.64
underneath	-0.08	1.46
diagram	-0.08	1.44
hold	-0.08	2.35
measured	-0.08	2.06
toggle	-0.08	1.36
8th	-0.08	1.72
speakers	-0.08	1.31
plugging	-0.08	1.55
apparent	-0.07	1.55
answered	-0.07	1.78
collect	-0.07	1.44
drummers	-0.07	1.45
12-string	-0.07	1.04
consistently	-0.07	1.61
deville	-0.07	1.01
sound	-0.07	1.60
chords	-0.07	1.88
thousand	-0.07	1.81
75	-0.07	1.49
seeing	-0.07	2.15
twelve	-0.07	1.48
dominant	-0.07	1.72
set-up	-0.07	1.58
confirm	-0.07	1.53
sticker	-0.07	1.19
pre	-0.07	1.24
fifths	-0.07	1.71
50s	-0.07	1.29
repeat	-0.07	1.90
orchestra	-0.07	1.31
tax	-0.07	1.44
premium	-0.07	1.28
chip	-0.07	1.49
workout	-0.07	1.68
spot	-0.07	2.38
defined	-0.07	1.34
altered	-0.07	1.67
shift	-0.07	1.70
mars	-0.07	1.17
positions	-0.07	1.81
topic	-0.07	1.96
gaps	-0.07	1.21
concert	-0.07	1.41
jam	-0.07	1.58
qualities	-0.07	1.43
there	-0.07	2.60
income	-0.07	1.67
respectively	-0.07	1.74
slowly	-0.07	1.84
stayed	-0.07	1.37
strings	-0.07	1.32
book	-0.07	1.65
stripped	-0.07	1.57
9v	-0.06	1.58
lighter	-0.06	1.60
credit	-0.06	1.53
across	-0.06	1.61
large	-0.06	1.41
jamming	-0.06	1.85
beating	-0.06	1.33
taken	-0.06	1.63
100	-0.06	1.56
fingertips	-0.06	1.65
exercise	-0.06	1.70
run	-0.06	1.39
shipping	-0.06	1.56
item	-0.06	1.69
secondary	-0.06	1.69
separately	-0.06	1.62
wave	-0.06	1.29
tour	-0.06	1.45
pentatonics	-0.06	1.76
exclusive	-0.06	1.37
eddie	-0.06	1.07
higher	-0.06	1.53
variations	-0.06	1.76
2x12	-0.06	1.21
bass	-0.06	1.18
trip	-0.06	1.68
advanced	-0.06	1.50
experiences	-0.06	1.53
decades	-0.06	1.62
12s	-0.06	1.36
angle	-0.06	1.50
gradually	-0.06	1.83
sweeps	-0.06	1.51
mesa	-0.06	1.17
reasoning	-0.06	2.21
ac	-0.06	1.33
mainly	-0.06	1.46
uk	-0.06	1.87
major	-0.06	1.79
sending	-0.06	1.79
will	-0.06	2.80
relationship	-0.06	1.47
minimal	-0.06	1.69
session	-0.06	1.53
adapter	-0.05	1.38
printed	-0.05	1.46
6th	-0.05	1.81
bat	-0.05	1.35
engineer	-0.05	1.11
arpeggio	-0.05	1.67
lydian	-0.05	1.74
12ax7	-0.05	1.38
written	-0.05	1.28
remain	-0.05	1.81
mounting	-0.05	1.53
switching	-0.05	1.59
maintenance	-0.05	1.57
2nd	-0.05	1.82
extension	-0.05	1.33
experienced	-0.05	1.41
require	-0.05	1.79
summer	-0.05	1.41
mixolydian	-0.05	1.75
christmas	-0.05	1.37
eighth	-0.05	1.68
forms	-0.05	1.69
parlor	-0.05	1.10
b	-0.05	1.67
rocksmith	-0.05	1.50
gap	-0.05	1.48
stevie	-0.05	1.20
120	-0.05	1.44
functions	-0.05	1.61
contact	-0.05	1.59
reputation	-0.05	1.21
tonal	-0.05	1.53
focusing	-0.05	2.13
crush	-0.05	1.18
independent	-0.05	1.49
equation	-0.05	1.55
90	-0.04	1.19
fraction	-0.04	1.55
d'addario	-0.04	1.23
flavor	-0.04	1.56
nights	-0.04	1.66
quarter	-0.04	1.64
bucks	-0.04	1.79
routine	-0.04	1.78
sessions	-0.04	1.72
modifications	-0.04	1.56
accurately	-0.04	2.31
e	-0.04	1.67
modification	-0.04	1.59
inversions	-0.04	1.86
notation	-0.04	1.59
remove	-0.04	1.66
pressure	-0.04	1.80
contemporary	-0.04	1.27
hundred	-0.04	1.82
b7	-0.04	1.72
connect	-0.04	1.35
quicker	-0.04	1.88
eat	-0.04	1.63
four	-0.04	1.78
itself	-0.04	2.21
explained	-0.04	1.54
ab	-0.04	1.65
flat	-0.04	1.64
resolve	-0.04	1.71
la	-0.04	1.17
twist	-0.04	1.54
deciding	-0.04	2.16
night	-0.04	1.66
bpm	-0.04	1.74
direction	-0.04	1.65
holes	-0.04	1.37
noticed	-0.04	1.60
versions	-0.04	1.39
4th	-0.03	1.81
minor	-0.03	1.76
fell	-0.03	1.45
straight	-0.03	1.40
tighter	-0.03	1.78
through	-0.03	1.34
boards	-0.03	1.19
end	-0.03	1.21
sign	-0.03	1.34
lbs	-0.03	1.58
transformer	-0.03	1.55
foot	-0.03	1.46
required	-0.03	1.74
bb	-0.03	1.37
paid	-0.03	1.77
formula	-0.03	1.60
down	-0.03	1.85
park	-0.03	1.26
becomes	-0.03	1.51
mirror	-0.03	1.60
capo	-0.03	1.65
coffee	-0.03	1.52
peavey	-0.03	1.19
effect	-0.03	1.79
gigging	-0.03	1.66
shipped	-0.03	1.37
touched	-0.03	1.46
count	-0.03	1.69
justinguitar	-0.03	1.56
system	-0.03	1.32
resolution	-0.03	1.62
prs	-0.03	1.01
festival	-0.03	1.53
sets	-0.03	1.27
resonator	-0.03	1.19
y	-0.03	1.25
function	-0.03	1.55
extensions	-0.03	1.76
5th	-0.03	1.82
promise	-0.03	1.87
1500	-0.03	1.58
chart	-0.03	1.65
sudden	-0.03	1.28
apart	-0.03	1.73
genre	-0.03	1.65
laney	-0.02	1.21
transfer	-0.02	1.61
accepted	-0.02	1.80
fingering	-0.02	1.74
tea	-0.02	2.06
gotten	-0.02	1.61
comfort	-0.02	1.52
capabilities	-0.02	1.48
hardware	-0.02	1.38
3rd	-0.02	1.83
note	-0.02	1.84
fight	-0.02	1.19
e.g	-0.02	1.19
techs	-0.02	1.53
gauge	-0.02	1.35
companies	-0.02	1.37
di	-0.02	1.22
step	-0.02	1.70
groups	-0.02	1.60
trained	-0.02	1.24
eg	-0.02	1.35
venues	-0.02	1.56
setups	-0.02	1.61
young	-0.02	1.18
market	-0.02	1.59
focus	-0.02	1.97
silly	-0.02	1.44
pro	-0.02	1.34
outlet	-0.02	1.49
half	-0.02	1.65
performance	-0.02	1.55
<SPECIAL>	-0.02	1.21
<URL>	-0.02	1.21
musical	-0.02	1.54
slack	-0.01	1.55
areas	-0.01	1.79
arpeggios	-0.01	1.69
offers	-0.01	1.66
friday	-0.01	1.55
repetition	-0.01	1.60
na	-0.01	2.93
visual	-0.01	1.51
cuts	-0.01	1.25
fingerings	-0.01	1.82
4/4	-0.01	1.67
cutaway	-0.01	1.08
wasted	-0.01	1.71
weekend	-0.01	1.75
turns	-0.01	1.34
read	-0.01	1.71
center	-0.01	1.70
punch	-0.01	1.43
eye	-0.01	1.44
code	-0.01	1.56
motion	-0.01	1.61
1/8	-0.01	1.42
tap	-0.01	1.48
acoustics	-0.01	1.10
staff	-0.01	1.49
212	-0.01	1.18
usd	-0.01	1.75
takamine	-0.01	1.10
application	-0.01	1.75
whatnot	-0.01	1.74
opens	-0.01	1.37
11s	-0.01	1.34
english	-0.01	1.90
basic	-0.01	1.95
wearing	-0.01	1.51
fundamental	-0.01	1.76
triads	-0.01	1.83
scooped	-0.01	1.58
9th	-0.01	1.73
complaining	-0.01	2.00
selector	-0.01	1.35
jacks	-0.01	1.34
become	-0.01	1.50
associated	-0.01	1.73
hung	-0.01	1.58
gigs	-0.01	1.63
piss	-0.01	2.33
steady	-0.01	1.82
wider	-0.00	1.48
earlier	-0.00	1.62
lane	-0.00	1.22
maj	-0.00	1.78
providing	-0.00	1.45
speed	-0.00	1.75
mono	-0.00	1.33
1200	-0.00	1.57
guild	-0.00	1.02
octaves	-0.00	1.77
modded	-0.00	1.15
matched	-0.00	1.41
elixir	-0.00	1.18
artists	-0.00	1.49
technology	-0.00	1.30
programs	-0.00	1.49
simultaneously	-0.00	1.59
walking	0.00	1.47
into	0.00	1.48
9s	0.00	1.37
company	0.00	1.36
1000	0.00	1.59
head	0.00	1.21
foo	0.00	1.24
influence	0.00	1.33
root	0.00	1.85
6	0.00	1.52
tv	0.00	1.71
chromatic	0.00	1.58
solely	0.00	1.60
develop	0.00	1.68
questions	0.00	1.87
product	0.00	1.45
commercial	0.00	1.27
rush	0.01	1.18
charts	0.01	1.71
monitor	0.01	1.35
c	0.01	1.76
cutting	0.01	1.43
easily	0.01	2.26
coated	0.01	1.21
phrygian	0.01	1.72
books	0.01	1.59
f	0.01	1.76
gon	0.01	3.03
places	0.01	1.90
g	0.01	1.73
rectifier	0.01	1.21
joined	0.01	1.42
hole	0.01	1.41
locrian	0.01	1.72
sometimes	0.01	2.19
police	0.01	1.49
data	0.01	2.13
chips	0.01	1.34
150	0.01	1.56
avenged	0.01	1.22
knife	0.01	1.30
high-end	0.01	1.29
schedule	0.01	1.73
triad	0.01	1.81
true	0.01	3.73
10s	0.01	1.31
g7	0.01	1.85
1/4	0.01	1.38
enough	0.01	2.45
potential	0.01	1.73
beat	0.01	1.67
neighbors	0.01	1.36
princeton	0.01	1.20
longest	0.01	1.39
counting	0.01	1.68
2000	0.01	1.50
conventional	0.01	1.60
camera	0.01	1.42
heavily	0.01	1.53
applications	0.01	1.56
capacitor	0.01	1.38
whilst	0.02	1.50
stack	0.02	1.24
sheet	0.02	1.57
tempo	0.02	1.76
gear	0.02	1.79
listing	0.02	1.51
600	0.02	1.57
pace	0.02	1.85
purposes	0.02	1.76
increasing	0.02	1.62
strict	0.02	1.37
understanding	0.02	1.99
shopping	0.02	1.80
drastically	0.02	1.63
triple	0.02	1.26
pot	0.02	1.35
lowest	0.02	1.60
examples	0.02	1.85
mini	0.02	1.11
clarify	0.02	2.22
clue	0.02	2.01
beats	0.02	1.66
complaints	0.02	1.39
7th	0.02	1.76
bones	0.02	1.15
vast	0.02	1.53
prior	0.02	1.72
el	0.02	1.23
originally	0.02	1.60
lifeson	0.02	1.13
combo	0.02	1.21
monitors	0.02	1.34
progression	0.02	1.70
plugged	0.02	1.36
trading	0.03	1.86
walked	0.03	1.30
d	0.03	1.92
requires	0.03	1.62
garage	0.03	1.41
acceptable	0.03	1.69
peoples	0.03	1.72
upper	0.03	1.33
powered	0.03	1.42
wondered	0.03	1.53
metronome	0.03	1.75
boogie	0.03	1.14
fortunately	0.03	1.28
sweetwater	0.03	1.49
spread	0.03	1.52
follows	0.03	1.82
mixing	0.03	1.29
diminished	0.03	1.74
shows	0.03	1.35
expert	0.03	1.91
further	0.03	1.87
necessary	0.03	1.65
human	0.03	1.69
triplets	0.03	1.67
800	0.03	1.55
highway	0.03	1.24
transcribe	0.03	1.79
though	0.03	2.95
ranges	0.03	1.60
matching	0.03	1.28
grip	0.03	1.51
retail	0.03	1.61
done	0.03	1.92
instructions	0.03	1.60
occasionally	0.03	1.77
bars	0.03	1.56
perspective	0.03	1.97
couple	0.03	1.80
frustrated	0.03	1.83
trigger	0.04	1.77
aside	0.04	1.61
chord	0.04	1.81
zakk	0.04	1.03
dm	0.04	1.81
112	0.04	1.15
sixth	0.04	1.76
gone	0.04	1.72
fire	0.04	1.18
rate	0.04	1.64
discipline	0.04	1.42
grunge	0.04	1.30
heck	0.04	1.22
offered	0.04	1.68
minus	0.04	1.18
slower	0.04	1.80
lot	0.04	2.41
6505	0.04	1.20
blink	0.04	1.22
combos	0.04	1.21
states	0.04	1.31
boutique	0.04	1.31
hunt	0.04	2.08
samples	0.04	1.55
resale	0.04	1.65
incorporate	0.04	1.67
quieter	0.04	1.62
mates	0.04	1.24
sevenfold	0.04	1.22
vai	0.04	1.12
frequently	0.04	1.69
eventually	0.04	1.87
sea	0.05	1.15
default	0.05	1.47
apartment	0.05	1.50
drilling	0.05	1.50
language	0.05	1.98
runs	0.05	1.53
condenser	0.05	1.57
dangerous	0.05	1.20
satriani	0.05	1.09
builder	0.05	1.39
downvotes	0.05	1.79
along	0.05	1.67
solid-state	0.05	1.20
impedance	0.05	1.38
cut	0.05	1.29
e7	0.05	1.88
output	0.05	1.36
signatures	0.05	1.65
extra	0.05	1.86
frustration	0.05	1.42
somewhat	0.05	1.80
peavy	0.05	1.22
ratio	0.05	1.43
confusing	0.05	3.37
roots	0.05	1.51
paranoid	0.05	1.30
comfortably	0.05	1.50
southern	0.05	1.24
alt	0.05	1.37
ernie	0.05	1.21
routing	0.05	1.50
king	0.05	1.02
finding	0.05	2.58
bits	0.05	1.74
quite	0.05	2.11
michael	0.05	1.05
animal	0.05	1.38
thrown	0.05	1.45
superior	0.05	1.53
sweep	0.06	1.41
plug	0.06	1.38
alter	0.06	1.44
road	0.06	1.83
a7	0.06	1.90
question	0.06	2.07
adam	0.06	1.10
mount	0.06	1.42
mobile	0.06	1.45
aeolian	0.06	1.72
body	0.06	1.19
tablature	0.06	1.55
visit	0.06	1.69
x	0.06	1.55
controlled	0.06	1.51
alvarez	0.06	1.10
unknown	0.06	1.38
200	0.06	1.60
breathe	0.06	1.73
traded	0.06	1.29
tubes	0.06	1.36
inversion	0.06	1.76
dog	0.06	1.23
leading	0.06	1.59
culture	0.06	1.30
fake	0.06	1.21
deal	0.06	2.72
producing	0.06	1.45
goals	0.06	1.93
transitions	0.06	1.65
rating	0.06	1.46
capos	0.07	1.34
0	0.07	1.60
controller	0.07	1.19
drink	0.07	1.45
cube	0.07	1.27
stole	0.07	1.15
beginners	0.07	1.53
closely	0.07	1.50
ed	0.07	1.15
capacitors	0.07	1.44
vocals	0.07	1.30
vaughan	0.07	1.20
kill	0.07	1.71
deals	0.07	1.64
neutral	0.07	1.25
range	0.07	1.40
apply	0.07	1.77
via	0.07	1.44
writes	0.07	1.21
infinite	0.07	1.22
theoretically	0.07	1.62
economy	0.07	1.50
falls	0.07	1.39
acts	0.07	1.39
opposed	0.07	1.60
cash	0.07	1.97
gc	0.07	1.52
2007	0.07	1.17
mix	0.07	1.23
dave	0.07	1.07
drum	0.07	1.38
design	0.07	1.26
quality	0.07	1.23
brighter	0.07	1.63
internet	0.07	1.46
decided	0.07	1.72
thread	0.07	1.85
kettner	0.07	1.26
evh	0.07	1.14
base	0.07	1.34
released	0.07	1.21
chunk	0.07	1.70
300	0.07	1.60
mod	0.07	1.48
represent	0.08	1.91
users	0.08	1.65
orange	0.08	1.22
click	0.08	1.57
5150	0.08	1.20
noodle	0.08	1.73
labor	0.08	1.37
look	0.08	2.77
secret	0.08	1.50
wound	0.08	1.23
directly	0.08	1.37
formed	0.08	1.37
planned	0.08	1.85
interviews	0.08	1.43
tweaking	0.08	1.75
classics	0.08	1.24
service	0.08	1.50
wood	0.08	1.17
blowing	0.08	1.75
surf	0.08	1.17
ball	0.08	1.25
forums	0.08	1.68
headphones	0.08	1.36
700	0.08	1.58
scene	0.08	1.43
screwdriver	0.08	1.50
db	0.08	1.51
elsewhere	0.08	1.53
transcribing	0.08	1.69
pay	0.08	1.91
laminate	0.08	1.08
seen	0.08	1.42
danelectro	0.08	1.14
feels	0.08	1.40
clicks	0.08	1.74
clamp	0.08	1.49
josh	0.08	1.25
stupid	0.08	1.48
ben	0.08	1.30
plugins	0.09	1.47
threads	0.09	1.86
greats	0.09	1.47
500	0.09	1.60
built	0.09	1.45
googling	0.09	1.56
candy	0.09	1.12
vst	0.09	1.43
naming	0.09	1.92
pa	0.09	1.38
items	0.09	1.52
check	0.09	2.21
precision	0.09	1.42
elements	0.09	1.62
push	0.09	1.58
voicing	0.09	1.87
register	0.09	1.44
email	0.09	1.74
forgotten	0.09	1.61
egnater	0.09	1.24
louder	0.09	1.72
alex	0.09	1.25
valve	0.09	1.22
sync	0.09	1.52
rounded	0.09	1.28
passing	0.09	1.57
happens	0.09	2.28
tired	0.09	1.73
hybrid	0.09	1.27
thickness	0.09	1.44
upon	0.09	1.54
counts	0.09	2.00
drinking	0.09	1.37
winding	0.09	1.37
dedicated	0.09	1.65
15w	0.09	1.27
width	0.09	1.32
phil	0.09	1.49
fancy	0.09	1.21
eric	0.09	1.07
350	0.10	1.60
sim	0.10	1.36
headphone	0.10	1.37
ii	0.10	1.26
include	0.10	1.54
wan	0.10	2.68
express	0.10	1.66
achieved	0.10	1.63
basswood	0.10	1.16
write	0.10	1.76
cord	0.10	1.39
gs	0.10	1.10
x2	0.10	1.23
competent	0.10	1.51
thousands	0.10	1.98
community	0.10	1.68
skin	0.10	1.54
entry	0.10	1.15
hughes	0.10	1.25
address	0.10	1.74
j	0.10	1.16
watch	0.10	1.73
bus	0.10	1.35
catch	0.10	1.92
youre	0.10	1.95
bob	0.10	1.10
k	0.10	1.23
400	0.10	1.60
way	0.10	3.02
shake	0.11	1.81
exists	0.11	1.63
supply	0.11	1.50
65	0.11	1.18
input	0.11	1.36
900	0.11	1.52
over	0.11	1.68
cable	0.11	1.37
three	0.11	1.82
character	0.11	1.24
tested	0.11	1.38
writing	0.11	1.56
seagull	0.11	1.10
forum	0.11	1.79
cheapest	0.11	1.90
often	0.11	2.33
vague	0.11	1.53
strokes	0.11	1.59
slinky	0.11	1.28
mckee	0.11	1.29
teen	0.11	1.18
vinyl	0.11	1.27
vastly	0.11	1.46
battle	0.11	1.46
negative	0.11	1.72
flesh	0.11	1.63
two	0.11	1.90
rap	0.11	1.29
exceptions	0.11	1.46
minds	0.11	1.52
farther	0.11	1.84
stolen	0.11	1.39
failed	0.11	1.40
bitch	0.11	1.41
jumbo	0.11	1.12
buyer	0.11	1.85
nickel	0.11	1.18
dollar	0.11	1.75
travis	0.12	1.28
position	0.12	1.79
didnt	0.12	1.60
met	0.12	1.05
clones	0.12	1.21
opening	0.12	1.22
designs	0.12	1.34
bm	0.12	1.81
dvd	0.12	1.31
microphone	0.12	1.36
touring	0.12	1.33
djent	0.12	1.34
family	0.12	1.22
phase	0.12	1.25
inner	0.12	1.53
roland	0.12	1.25
merely	0.12	1.47
increased	0.12	1.55
concern	0.12	1.84
tricks	0.12	1.73
blues	0.12	1.31
structure	0.12	1.65
customer	0.12	1.40
external	0.12	1.37
hair	0.12	1.31
mic	0.12	1.35
sweat	0.12	1.31
xl	0.12	1.21
join	0.12	1.53
interest	0.12	1.71
windows	0.13	1.45
taylor	0.13	1.10
rhoads	0.13	1.05
chime	0.13	1.63
approach	0.13	1.73
terribly	0.13	1.52
settled	0.13	1.28
visible	0.13	1.49
give	0.13	2.52
mixer	0.13	1.36
smoother	0.13	1.80
breedlove	0.13	1.11
steve	0.13	1.13
cant	0.13	2.25
pulled	0.13	1.33
serve	0.13	1.48
sustain	0.13	1.33
breath	0.13	1.51
sales	0.13	1.42
seek	0.13	1.64
bypass	0.13	1.86
bedroom	0.13	1.39
hop	0.13	1.41
giant	0.13	1.12
professional	0.13	1.25
450	0.13	1.58
computer	0.13	1.38
cap	0.13	1.32
pays	0.13	1.48
analogy	0.13	1.72
thirds	0.13	1.73
next	0.13	2.07
transition	0.13	1.82
more	0.13	2.09
meaningful	0.13	1.95
valvetronix	0.13	1.24
manage	0.13	1.97
too	0.14	2.44
circuitry	0.14	1.27
rob	0.14	1.51
ride	0.14	1.33
burn	0.14	1.21
combinations	0.14	1.87
port	0.14	1.38
subreddit	0.14	1.80
seven	0.14	1.40
better	0.14	2.56
bonamassa	0.14	1.07
free	0.14	1.58
highest	0.14	1.58
tosin	0.14	1.24
conscious	0.14	1.72
martin	0.14	1.10
250	0.14	1.58
invest	0.14	1.87
success	0.14	1.51
has	0.14	1.51
soloist	0.14	1.06
chapman	0.14	1.62
sex	0.14	1.21
tweaker	0.14	1.24
dual	0.14	1.23
fuse	0.14	1.49
fetish	0.14	1.27
works	0.14	2.06
jack	0.14	1.32
bands	0.14	1.40
hardcore	0.14	1.39
grown	0.14	1.29
versatility	0.15	1.30
posts	0.15	1.82
sticks	0.15	1.48
paying	0.15	1.81
tiny	0.15	1.38
tear	0.15	1.34
frequency	0.15	1.35
folk	0.15	1.39
warning	0.15	1.64
dylan	0.15	1.18
circuits	0.15	1.29
types	0.15	1.80
hundreds	0.15	1.94
forward	0.15	1.73
improvements	0.15	1.84
walk	0.15	1.70
method	0.15	1.77
mid	0.15	1.25
amplifier	0.15	1.30
characteristics	0.15	1.64
vypyr	0.15	1.31
ultimately	0.15	1.94
high	0.15	1.33
got	0.15	1.75
craftsmanship	0.16	1.26
circuit	0.16	1.33
voltage	0.16	1.40
experimenting	0.16	2.05
british	0.16	1.48
backing	0.16	1.49
leaves	0.16	1.19
speeds	0.16	1.73
downvote	0.16	1.91
presence	0.16	1.28
wrapped	0.16	1.34
hook	0.16	1.35
rebel	0.16	1.15
16th	0.16	1.68
tab	0.16	1.52
sublime	0.16	1.21
gilmour	0.16	1.08
santana	0.16	1.07
pride	0.16	1.31
synth	0.16	1.28
owner	0.16	1.35
track	0.16	1.45
wanted	0.16	2.03
woods	0.16	1.23
dreadnought	0.16	1.10
regarding	0.16	1.27
buffer	0.16	1.38
pages	0.16	1.51
ordered	0.16	1.36
endless	0.16	1.61
wiki	0.16	1.61
micro	0.17	1.30
faster	0.17	1.92
direct	0.17	1.35
exposure	0.17	1.42
hetfield	0.17	1.07
power	0.17	1.38
pin	0.17	1.31
scratch	0.17	1.52
strong	0.17	1.58
pc	0.17	1.42
marty	0.17	1.25
lets	0.17	1.90
tortex	0.17	1.37
guthrie	0.17	1.10
record	0.17	1.47
customs	0.17	1.41
tech	0.17	1.66
program	0.17	1.46
varies	0.17	1.77
gilbert	0.17	1.08
stereo	0.17	1.34
listened	0.17	1.35
megadeth	0.17	1.12
radius	0.17	1.31
few	0.17	1.78
combined	0.17	1.44
selection	0.17	1.40
member	0.17	1.38
composition	0.17	1.48
gibbons	0.17	1.11
format	0.17	1.45
rain	0.17	1.31
rec	0.17	1.20
europe	0.17	1.64
increases	0.18	1.53
alternative	0.18	1.52
constant	0.18	1.38
mostly	0.18	1.44
6l6	0.18	1.36
everyday	0.18	1.83
punk	0.18	1.38
holds	0.18	1.54
tubemeister	0.18	1.29
daw	0.18	1.42
reed	0.18	1.16
reaper	0.18	1.42
recording	0.18	1.29
low	0.18	1.31
vocal	0.18	1.41
sections	0.18	1.57
narrow	0.18	1.52
followed	0.18	1.52
dying	0.18	1.37
variables	0.18	1.90
environment	0.18	1.84
metallica	0.18	1.33
ableton	0.18	1.43
signed	0.18	1.32
regard	0.18	1.65
eyes	0.18	1.30
pants	0.18	1.20
turned	0.18	1.39
octave	0.18	1.68
greater	0.18	1.38
frequencies	0.18	1.31
gallagher	0.19	1.33
filed	0.19	1.38
leaning	0.19	2.27
ready	0.19	2.37
david	0.19	1.11
plugs	0.19	1.38
those	0.19	1.96
combine	0.19	1.77
device	0.19	1.57
responsible	0.19	1.60
limits	0.19	1.50
rock	0.19	1.39
stacks	0.19	1.27
friedman	0.19	1.06
versus	0.19	1.57
filter	0.19	1.34
variety	0.19	1.75
ear	0.19	1.73
aspects	0.19	1.67
department	0.19	1.29
watts	0.19	1.46
glue	0.19	1.43
sky	0.19	1.07
pawn	0.19	1.72
various	0.20	1.90
fresh	0.20	1.47
logic	0.20	1.42
instructional	0.20	1.54
belt	0.20	1.35
draw	0.20	1.52
varying	0.20	1.46
r/guitar	0.20	1.83
mentioning	0.20	1.62
balls	0.20	1.21
vice	0.20	1.23
jim	0.20	1.11
listed	0.20	1.53
level	0.20	1.34
spacing	0.20	1.39
ability	0.20	1.55
outputs	0.20	1.41
dsl	0.20	1.23
farm	0.20	1.37
mp3	0.20	1.41
50w	0.20	1.25
face	0.20	1.13
heel	0.20	1.35
fitting	0.20	1.60
emulation	0.20	1.35
send	0.20	1.76
bear	0.20	1.23
dots	0.20	1.38
investment	0.20	1.80
upvotes	0.20	1.38
guitars	0.20	1.11
professionally	0.20	1.54
star	0.21	1.30
outs	0.21	1.34
srv	0.21	1.12
drugs	0.21	1.36
found	0.21	1.57
garageband	0.21	1.41
malmsteen	0.21	1.10
vocabulary	0.21	1.66
involved	0.21	1.55
late	0.21	1.39
film	0.21	1.39
tremonti	0.21	1.17
beer	0.21	1.39
whammy	0.21	1.26
tutorials	0.21	1.60
seventh	0.21	1.73
second	0.21	2.00
wherever	0.21	1.94
burning	0.21	1.34
trade	0.21	1.69
rock/metal	0.21	1.44
bill	0.22	1.17
desired	0.22	1.67
solid	0.22	1.13
clone	0.22	1.14
error	0.22	1.68
interval	0.22	1.74
improved	0.22	1.55
randy	0.22	1.08
expand	0.22	1.69
peg	0.22	1.37
legitimate	0.22	1.77
blackstar	0.22	1.28
guitarist	0.22	1.23
rhythm	0.22	1.52
limited	0.22	1.38
copper	0.22	1.24
lyrics	0.22	1.44
rhcp	0.22	1.13
software	0.22	1.41
equal	0.22	1.48
gigged	0.22	1.38
turning	0.22	1.39
fighting	0.22	1.35
line	0.22	1.24
govan	0.22	1.10
ht-5	0.22	1.25
release	0.22	1.53
soft	0.22	1.58
augmented	0.22	1.72
different	0.22	1.94
youtube	0.22	1.58
state	0.22	1.25
tape	0.22	1.40
max	0.22	1.45
xlr	0.22	1.32
moon	0.23	1.13
wikipedia	0.23	1.53
mountain	0.23	1.22
turn	0.23	1.45
learned	0.23	1.49
excess	0.23	1.43
added	0.23	1.53
rut	0.23	1.87
non	0.23	1.30
bassman	0.23	1.23
carbon	0.23	1.16
go-to	0.23	1.19
worn	0.23	1.27
audacity	0.23	1.44
maintaining	0.23	1.71
tracks	0.23	1.42
shot	0.23	2.38
saturday	0.23	1.61
artist	0.23	1.24
mics	0.23	1.35
websites	0.23	1.68
usb	0.23	1.35
hip	0.23	1.44
adapt	0.23	1.64
midi	0.23	1.35
above	0.23	1.74
pop	0.23	1.40
entire	0.23	1.66
phrase	0.23	1.75
purchased	0.23	1.43
fourth	0.24	1.75
r/guitarpedals	0.24	1.80
parts	0.24	1.56
craigslist	0.24	1.67
mail	0.24	1.40
bottom	0.24	1.37
button	0.24	1.34
portion	0.24	1.53
confidence	0.24	1.51
balance	0.24	1.50
eq	0.24	1.33
videos	0.24	1.58
obscure	0.24	1.39
curiosity	0.24	2.43
repeated	0.24	1.52
practise	0.24	1.82
definitely	0.24	2.90
dime	0.24	1.10
pencil	0.24	1.65
amps	0.24	1.22
tweed	0.24	1.18
cover	0.24	1.36
treble	0.24	1.31
place	0.24	3.00
boys	0.24	1.29
pieces	0.24	1.34
kinds	0.24	1.95
overlooked	0.24	1.22
plain	0.24	1.22
sizes	0.25	1.58
research	0.25	1.83
keith	0.25	1.09
carried	0.25	1.57
recordings	0.25	1.48
beck	0.25	1.08
online	0.25	1.58
gates	0.25	1.11
tomorrow	0.25	2.17
tree	0.25	1.11
several	0.25	1.81
improvising	0.25	1.65
ebay	0.25	1.65
functional	0.25	1.49
wylde	0.25	1.08
tons	0.25	1.91
below	0.25	1.63
ac4	0.25	1.31
tune	0.25	1.63
words	0.25	2.13
magazines	0.26	1.57
tommy	0.26	1.17
lately	0.26	1.56
chose	0.26	1.58
progress	0.26	1.91
stoner	0.26	1.40
value	0.26	1.65
s6	0.26	1.12
don	0.26	1.20
signal	0.26	1.36
shoes	0.26	1.34
clapton	0.26	1.09
indie	0.26	1.43
soon	0.26	2.14
zep	0.26	1.47
third	0.26	1.75
quickly	0.26	1.81
variation	0.26	1.54
amplitube	0.26	1.41
straps	0.26	1.23
bottle	0.26	1.24
fretboard	0.26	1.43
slots	0.26	1.56
history	0.26	1.21
flow	0.26	1.65
jonny	0.26	1.04
painful	0.26	1.27
explore	0.26	1.71
catalog	0.26	1.29
fifth	0.26	1.75
audio	0.26	1.37
whereas	0.26	1.49
checked	0.26	1.45
fully	0.26	1.88
version	0.26	1.40
modelling	0.26	1.23
metal	0.27	1.42
subtle	0.27	1.54
satch	0.27	1.15
improvise	0.27	1.70
far	0.27	2.44
blend	0.27	1.40
versa	0.27	1.27
pocket	0.27	1.34
stars	0.27	1.07
opened	0.27	1.22
tall	0.27	1.38
singer	0.27	1.17
smells	0.27	1.27
parker	0.27	1.26
download	0.27	1.46
covering	0.27	1.35
weekly	0.27	1.67
passion	0.27	1.32
tutorial	0.27	1.58
deliver	0.27	1.65
clark	0.27	1.16
kick	0.27	1.21
clips	0.27	1.49
voice	0.27	1.41
difficulty	0.27	1.65
plenty	0.27	1.92
massive	0.27	1.12
bought	0.27	1.52
million	0.27	1.93
available	0.27	1.64
psychedelic	0.28	1.36
keys	0.28	1.55
kind	0.28	2.54
freak	0.28	1.21
rubber	0.28	1.29
halen	0.28	1.17
laptop	0.28	1.41
tools	0.28	1.54
freedom	0.28	1.48
invented	0.28	1.38
beach	0.28	1.64
appropriate	0.28	1.49
interface	0.28	1.34
shocked	0.28	1.50
headstock	0.28	1.27
marked	0.28	1.43
cd	0.28	1.41
ss	0.28	1.26
boxes	0.28	1.34
numb	0.28	1.32
maximum	0.28	1.47
arent	0.28	1.94
van	0.29	1.23
mods	0.29	1.71
monkeys	0.29	1.45
scoop	0.29	1.35
skills	0.29	1.49
james	0.29	0.99
patience	0.29	1.64
vouch	0.29	1.57
devil	0.29	1.29
lead	0.29	1.31
video	0.29	1.54
modeling	0.29	1.23
emmanuel	0.29	1.12
stays	0.29	1.31
wake	0.29	1.55
lee	0.29	1.10
currently	0.29	2.28
occasional	0.29	1.76
respond	0.29	1.99
web	0.29	1.57
chain	0.29	1.32
complexity	0.29	1.46
tabs	0.30	1.53
compound	0.30	1.26
review	0.30	1.56
patch	0.30	1.35
shine	0.30	1.28
100w	0.30	1.30
reverb	0.30	1.20
terror	0.30	1.20
thrash	0.30	1.29
brick	0.30	1.38
o'clock	0.30	1.40
shape	0.30	1.79
offer	0.30	1.74
theater	0.30	1.06
instrumental	0.30	1.31
mental	0.30	1.43
label	0.30	1.11
watching	0.30	1.59
progressive	0.30	1.43
gary	0.30	1.09
dumb	0.30	1.61
front	0.30	1.39
2i2	0.30	1.35
cons	0.30	1.40
django	0.30	1.32
nowhere	0.30	1.78
marshall	0.31	1.24
processing	0.31	1.31
knowledgeable	0.31	1.39
opportunity	0.31	2.16
tense	0.31	1.67
prog	0.31	1.43
alice	0.31	1.08
demos	0.31	1.43
scarlett	0.31	1.34
ads	0.31	1.46
pearl	0.31	1.06
dozen	0.31	1.83
clip	0.31	1.17
planet	0.31	1.16
caught	0.31	1.38
beyond	0.31	1.73
projects	0.31	1.53
groove	0.31	1.62
alder	0.31	1.17
wild	0.31	1.14
apparently	0.31	1.78
verses	0.32	1.45
partially	0.32	1.72
wondering	0.32	2.39
preamp	0.32	1.32
controls	0.32	1.34
mixed	0.32	1.39
melody	0.32	1.47
facebook	0.32	1.61
bored	0.32	1.75
alcohol	0.32	1.29
held	0.32	1.70
linear	0.32	1.35
vid	0.32	1.53
reviews	0.32	1.46
joe	0.32	1.07
cards	0.32	1.35
bunch	0.32	1.88
assumed	0.32	1.89
improvisation	0.32	1.56
exotic	0.32	1.38
paired	0.32	1.20
intended	0.32	1.82
sites	0.33	1.58
used	0.33	1.68
access	0.33	1.46
engage	0.33	1.36
knocking	0.33	1.17
recent	0.33	1.21
matt	0.33	1.12
honest	0.33	2.62
wash	0.33	1.37
jesus	0.33	1.93
covered	0.33	1.34
ymmv	0.33	1.41
aspect	0.33	1.68
highly	0.33	1.61
crossroads	0.33	1.27
sm57	0.33	1.28
focusrite	0.33	1.32
soloing	0.33	1.57
carved	0.33	1.12
natural	0.33	1.63
gift	0.33	1.29
dialed	0.33	1.37
leather	0.33	1.21
ipad	0.33	1.40
blow	0.33	1.43
multiple	0.34	1.84
countless	0.34	1.88
repeats	0.34	1.48
primarily	0.34	1.26
easier	0.34	1.97
sale	0.34	1.63
dozens	0.34	1.84
cars	0.34	1.34
emulate	0.34	1.67
cl	0.34	1.57
rule	0.34	1.96
looper	0.34	1.29
budget	0.34	1.76
yesterday	0.34	1.45
abasi	0.34	1.14
gun	0.34	1.13
slot	0.34	1.49
genres	0.34	1.49
vids	0.34	1.56
practical	0.34	1.78
mahogany	0.34	1.10
jason	0.34	1.09
perceived	0.34	1.42
dynamics	0.34	1.39
inputs	0.34	1.34
stripes	0.34	1.14
net	0.35	1.67
official	0.35	1.47
pass	0.35	1.12
iommi	0.35	1.11
tears	0.35	1.18
550	0.35	1.57
plus	0.35	1.47
paisley	0.35	1.12
hat	0.35	1.24
neck	0.35	1.33
loops	0.35	1.34
full	0.35	1.35
homme	0.35	1.31
karma	0.35	1.43
mids	0.35	1.40
john	0.35	1.09
spruce	0.35	1.08
h	0.35	1.45
mayer	0.35	1.14
medium	0.35	1.32
styles	0.35	1.66
luckily	0.35	1.22
throughout	0.35	1.44
dust	0.36	1.41
safe	0.36	1.62
source	0.36	1.39
tracking	0.36	1.46
expense	0.36	1.78
applying	0.36	1.75
performing	0.36	1.38
ray	0.36	1.14
soul	0.36	1.18
onboard	0.36	1.28
flanger	0.36	1.24
evening	0.36	1.56
ditto	0.36	1.20
sides	0.36	1.13
grohl	0.36	1.13
hidden	0.36	1.30
app	0.36	1.50
lifetime	0.37	1.29
aesthetic	0.37	1.53
muse	0.37	1.25
monkey	0.37	1.35
documentary	0.37	1.51
properly	0.37	1.87
obsessed	0.37	1.65
wayne	0.37	1.29
ash	0.37	1.21
referred	0.37	1.58
demo	0.37	1.48
posted	0.37	1.65
bay	0.37	1.47
user	0.37	1.51
backup	0.37	1.30
analog	0.37	1.25
element	0.37	1.22
ends	0.37	1.44
abilities	0.37	1.56
dimebag	0.37	1.02
separate	0.37	1.56
cry	0.38	1.07
driving	0.38	1.33
ios	0.38	1.43
xt	0.38	1.32
corners	0.38	1.30
tony	0.38	1.20
creativity	0.38	1.34
price	0.38	1.41
mac	0.38	1.25
scott	0.38	1.27
5w	0.38	1.34
m	0.38	2.81
received	0.38	1.38
tonight	0.38	2.15
saw	0.38	1.45
improving	0.38	1.88
greg	0.38	1.21
wonders	0.38	1.85
process	0.38	1.55
mastodon	0.38	1.09
introduced	0.38	1.07
android	0.38	1.42
improv	0.38	1.51
many	0.38	1.93
team	0.38	1.26
peace	0.38	1.31
wait	0.38	1.85
chuck	0.38	1.29
devices	0.39	1.26
core	0.39	1.39
numerous	0.39	1.61
knobs	0.39	1.30
montgomery	0.39	1.25
apps	0.39	1.52
marshalls	0.39	1.30
control	0.39	1.33
presets	0.39	1.44
timing	0.39	1.71
bust	0.39	1.62
tunes	0.39	1.53
clicked	0.39	1.43
arctic	0.39	1.44
dry	0.39	1.40
guys	0.39	1.68
fills	0.39	1.43
pre-amp	0.39	1.30
desire	0.39	1.76
harmonies	0.39	1.41
sometime	0.39	1.99
own	0.39	1.77
iirc	0.39	1.07
atkins	0.39	1.10
influences	0.39	1.45
tempted	0.39	2.48
close	0.40	2.70
edge	0.40	1.32
smoke	0.40	1.16
ignorance	0.40	1.74
game	0.40	1.84
meant	0.40	3.41
petrucci	0.40	1.08
content	0.40	1.51
occasion	0.40	1.27
cleaning	0.40	1.50
articles	0.40	1.53
songwriting	0.40	1.26
california	0.40	1.29
teeth	0.40	1.31
zeppelin	0.40	1.54
condition	0.40	1.57
create	0.40	1.59
skill	0.40	1.45
winter	0.40	1.27
ad	0.40	1.54
lines	0.40	1.42
bonus	0.40	1.37
digital	0.40	1.24
benefits	0.40	1.68
z	0.40	1.21
path	0.40	1.64
phrases	0.41	1.60
iphone	0.41	1.47
main	0.41	1.87
footswitch	0.41	1.34
hall	0.41	1.20
brad	0.41	1.13
careful	0.41	2.19
provided	0.41	1.46
jcm	0.41	1.26
water	0.41	1.31
shirt	0.41	1.24
ebony	0.41	1.16
roll	0.41	1.25
appears	0.41	1.34
wes	0.41	1.17
lab	0.41	1.29
boat	0.42	2.04
message	0.42	1.70
sims	0.42	1.30
electronic	0.42	1.18
jcm800	0.42	1.28
em	0.42	2.24
meet	0.42	1.38
am	0.42	2.39
looping	0.42	1.29
ehx	0.42	1.13
copying	0.42	1.22
mistake	0.42	1.93
fwiw	0.42	1.29
reaction	0.43	1.44
wattage	0.43	1.36
worthy	0.43	1.55
ego	0.43	1.22
robot	0.43	1.51
bias	0.43	1.39
matches	0.43	1.49
led	0.43	1.60
stages	0.43	1.34
latter	0.43	1.70
knowledge	0.43	1.67
searching	0.43	1.72
page	0.43	1.24
songsterr	0.43	1.44
blood	0.43	1.19
fuck	0.43	2.17
rent	0.43	1.51
loads	0.44	1.88
worthwhile	0.44	1.98
comments	0.44	1.80
office	0.44	1.43
regrets	0.44	1.49
consensus	0.44	2.15
chet	0.44	1.11
pros	0.44	1.22
ton	0.44	1.91
lesser	0.44	1.27
pleasing	0.44	1.49
print	0.44	1.44
rolled	0.44	1.32
phaser	0.44	1.23
zappa	0.44	1.14
auto	0.44	1.23
prepared	0.44	2.36
screaming	0.45	1.22
progressions	0.45	1.64
tim	0.45	1.10
oasis	0.45	1.22
death	0.45	1.26
echo	0.45	1.23
drivers	0.45	1.46
war	0.45	1.17
critique	0.45	2.08
player	0.45	1.19
cleaner	0.45	1.66
es-335	0.45	1.19
sidebar	0.45	1.66
knew	0.45	1.74
frusciante	0.45	1.06
attenuator	0.45	1.37
plant	0.45	1.30
lots	0.46	1.91
shut	0.46	1.35
board	0.46	1.25
answers	0.46	1.83
ultra	0.46	1.21
simon	0.46	1.03
soundcloud	0.46	1.59
search	0.46	1.67
jones	0.46	1.08
ripped	0.46	1.35
these	0.46	1.91
latest	0.46	1.36
lows	0.46	1.34
amp	0.46	1.28
phrasing	0.46	1.45
surely	0.46	1.82
assuming	0.46	3.04
its	0.46	2.45
sources	0.46	1.58
cake	0.46	1.28
diagrams	0.46	1.59
chorus	0.46	1.27
arguably	0.46	2.20
successful	0.46	1.24
showing	0.46	1.17
built-in	0.47	1.21
rise	0.47	1.22
today	0.47	1.63
amplifiers	0.47	1.31
twangy	0.47	1.56
musician	0.47	1.19
pedalboard	0.47	1.31
smell	0.47	1.29
wireless	0.47	1.31
knob	0.47	1.35
website	0.47	1.55
afterwards	0.47	1.42
ages	0.47	1.57
luthiers	0.48	1.37
files	0.48	1.43
ug	0.48	1.44
suitable	0.48	1.57
differently	0.48	1.77
fretboards	0.48	1.26
current	0.48	1.62
famous	0.48	1.28
gas	0.48	1.30
regarded	0.48	1.09
shy	0.48	1.47
tie	0.48	1.36
brian	0.49	1.25
sooner	0.49	1.95
miles	0.49	1.41
modulation	0.49	1.27
rip	0.49	1.35
fluid	0.49	1.60
layla	0.49	1.22
trio	0.49	1.21
confusion	0.49	1.78
had	0.49	1.83
aggressive	0.49	1.32
shelf	0.49	1.56
voicings	0.49	1.73
choice	0.49	2.02
funk	0.49	1.30
effects	0.49	1.28
ai	0.49	1.64
jimmy	0.49	1.09
tube	0.49	1.30
champ	0.49	1.23
commonly	0.49	1.60
twang	0.49	1.46
relaxed	0.50	1.70
another	0.50	2.76
doable	0.50	1.52
fleetwood	0.50	1.26
light	0.50	1.28
flashback	0.50	1.16
slash	0.50	1.04
motivation	0.50	1.66
doom	0.50	1.33
r/luthier	0.50	2.09
concept	0.50	2.15
similarly	0.50	1.36
sorts	0.50	1.83
moves	0.50	1.35
dedication	0.50	1.44
delays	0.50	1.25
modest	0.51	1.33
insert	0.51	1.36
lists	0.51	1.41
verse	0.51	1.49
managed	0.51	1.86
platform	0.51	1.37
rig	0.51	1.44
eleven	0.51	1.24
fingerboard	0.51	1.19
twin	0.51	1.30
rated	0.51	1.31
wear	0.51	1.27
phone	0.51	1.54
serious	0.52	2.06
google	0.52	1.61
description	0.52	1.56
feelings	0.52	1.42
richards	0.52	0.96
loop	0.52	1.31
hendrix	0.52	1.08
mxr	0.52	1.18
iron	0.52	1.22
theres	0.52	1.79
brilliant	0.52	2.05
screen	0.52	1.59
theme	0.52	1.31
gt	0.52	1.19
played	0.52	1.86
industry	0.52	1.33
preferably	0.52	1.37
multi	0.53	1.28
handles	0.53	1.38
curve	0.53	1.35
queen	0.53	1.39
irig	0.53	1.47
amazed	0.53	2.21
owning	0.53	1.80
ama	0.53	1.57
serial	0.53	1.41
deeper	0.53	1.50
exception	0.53	1.38
considering	0.54	2.43
ladies	0.54	1.24
expression	0.54	1.31
recorded	0.54	1.24
parties	0.54	1.35
lick	0.54	1.45
jimi	0.54	1.07
inlays	0.54	1.08
improve	0.54	1.69
stomp	0.54	1.24
multi-effects	0.54	1.25
tuner	0.55	1.20
zoom	0.55	1.26
stones	0.55	1.24
section	0.55	1.41
beginning	0.55	1.55
site	0.55	1.52
digitech	0.55	1.18
youll	0.55	1.90
men	0.55	1.30
prince	0.55	1.33
goal	0.55	1.79
loud	0.55	1.44
here	0.55	1.85
select	0.55	1.46
delay	0.56	1.23
fairly	0.56	1.81
slim	0.56	1.28
ending	0.56	1.32
flair	0.56	1.56
gently	0.56	1.49
morning	0.56	1.63
lady	0.56	1.04
doors	0.56	1.13
setup	0.56	1.71
logo	0.56	1.08
mimic	0.56	1.48
line6	0.56	1.24
including	0.56	1.69
vox	0.56	1.29
depth	0.56	1.20
dial	0.56	1.36
tc	0.57	1.16
surface	0.57	1.40
licks	0.57	1.47
acid	0.57	1.40
records	0.57	1.37
bound	0.57	1.21
n	0.57	1.17
extremely	0.57	1.63
resources	0.57	1.63
hugely	0.57	1.60
by	0.57	1.33
settings	0.57	1.42
struggle	0.57	1.59
lightly	0.58	1.59
editing	0.58	1.59
periphery	0.58	1.12
resource	0.58	1.52
provide	0.58	1.67
jams	0.58	1.36
snark	0.58	1.26
fretless	0.58	1.07
rhythms	0.59	1.54
simpler	0.59	1.69
keeley	0.59	1.25
radiohead	0.59	1.16
chicken	0.59	1.19
becker	0.59	1.06
confused	0.59	2.99
riff	0.59	1.41
midrange	0.59	1.30
looking	0.59	2.83
mouse	0.59	1.22
list	0.59	1.98
misha	0.59	1.17
patches	0.59	1.35
decision	0.60	2.00
particularly	0.60	1.80
standpoint	0.60	1.42
stone	0.60	1.13
contains	0.60	2.12
surprisingly	0.60	1.27
package	0.61	1.36
importantly	0.61	1.42
card	0.61	1.28
struggling	0.61	2.09
finishing	0.61	1.18
boston	0.61	1.34
ticket	0.61	1.43
bills	0.61	1.46
noted	0.61	1.61
gods	0.61	0.98
ht	0.61	1.15
preset	0.61	1.31
attack	0.61	1.38
priced	0.61	1.20
date	0.61	1.44
inlay	0.61	1.09
lastly	0.62	1.15
axefx	0.62	1.23
mike	0.62	1.15
national	0.62	1.31
perfectly	0.62	1.85
checking	0.62	2.22
brought	0.62	1.79
ambient	0.62	1.44
equally	0.62	1.59
cure	0.62	1.30
solos	0.62	1.49
wampler	0.62	1.25
pi	0.62	1.16
diy	0.62	1.71
universe	0.63	1.12
photos	0.63	1.56
sense	0.63	2.66
food	0.63	1.21
pantera	0.63	1.18
cup	0.63	1.54
hd500	0.63	1.26
satisfaction	0.63	1.37
kemper	0.63	1.27
title	0.63	1.75
opeth	0.63	1.10
essential	0.64	1.62
glass	0.64	1.05
muff	0.64	1.20
solo	0.64	1.42
paper	0.64	1.49
sun	0.64	1.14
thoroughly	0.64	1.39
cables	0.64	1.23
ac15	0.64	1.29
havent	0.64	1.79
beefy	0.64	1.47
crucial	0.64	1.58
known	0.64	1.29
rolling	0.65	1.18
moderate	0.65	1.52
pod	0.65	1.28
other	0.65	1.91
river	0.65	1.19
extent	0.65	1.50
inspire	0.65	1.70
levels	0.65	1.38
deserve	0.65	1.61
wide	0.65	1.41
hd	0.66	1.29
heavy	0.66	1.59
whats	0.66	1.66
rarely	0.66	1.73
profile	0.66	1.30
ts	0.66	1.22
answer	0.66	2.33
final	0.66	1.50
dynamic	0.66	1.33
shred	0.67	1.30
trim	0.67	1.11
looked	0.67	1.68
andy	0.67	1.15
treat	0.67	1.54
setting	0.67	1.41
pete	0.67	1.11
shoot	0.67	1.77
whichever	0.67	2.19
townsend	0.67	1.16
details	0.67	1.64
dissonance	0.67	1.45
peppers	0.67	1.19
driver	0.68	1.29
unfinished	0.68	1.21
project	0.68	1.50
memories	0.68	1.07
upload	0.68	1.65
relatively	0.68	1.56
master	0.68	1.32
pat	0.68	1.06
comp	0.68	1.21
melodies	0.68	1.48
compressor	0.68	1.25
crybaby	0.68	1.18
ac/dc	0.68	1.23
neil	0.68	1.20
efficient	0.69	1.72
club	0.69	1.31
popped	0.69	1.32
wing	0.69	1.25
g3	0.69	1.27
choose	0.69	2.53
arrangements	0.69	1.44
images	0.69	1.47
shure	0.69	1.21
ultimate	0.69	1.22
units	0.69	1.24
answering	0.69	1.85
cranking	0.69	1.39
detail	0.69	1.30
anyway	0.69	2.73
rack	0.69	1.27
casual	0.69	1.24
volume	0.69	1.37
ive	0.70	1.73
worked	0.70	1.77
inspires	0.70	1.77
teisco	0.70	1.08
pickguard	0.70	1.06
technically	0.70	1.50
bite	0.70	1.15
life	0.70	1.61
passed	0.70	1.17
wax	0.70	1.33
balanced	0.70	1.40
chili	0.70	1.19
dunno	0.70	1.72
influenced	0.70	1.40
hilarious	0.71	1.99
song	0.71	1.67
george	0.71	1.02
reverbs	0.71	1.28
id	0.71	1.87
kinda	0.72	1.59
guide	0.72	1.52
modeler	0.72	1.26
served	0.72	1.35
ps	0.72	1.82
legend	0.72	1.07
mr	0.72	1.04
overall	0.72	1.23
ted	0.72	1.19
instant	0.72	1.57
fx	0.73	1.24
accomplished	0.73	1.10
boss	0.73	1.19
contrast	0.73	1.37
clarity	0.73	1.28
rhythmic	0.73	1.41
riffs	0.73	1.50
short	0.73	1.64
watched	0.73	1.28
booster	0.73	1.24
sentence	0.73	2.17
ideas	0.74	1.52
musicianship	0.74	1.20
stories	0.74	1.33
unit	0.74	1.23
oil	0.74	1.37
album	0.74	1.42
maiden	0.74	1.20
clipping	0.74	1.37
laugh	0.74	1.48
u	0.75	1.71
image	0.75	1.30
listening	0.75	1.94
beforehand	0.75	1.43
harrison	0.75	1.05
skilled	0.75	1.12
owned	0.75	1.76
weird	0.75	1.59
forever	0.75	1.71
wah	0.75	1.20
additionally	0.75	1.36
r	0.75	1.43
musically	0.76	1.41
praise	0.76	1.19
bell	0.76	1.30
posting	0.76	1.82
coating	0.76	1.26
edges	0.76	1.39
dan	0.76	1.19
overdrives	0.76	1.27
ballpark	0.77	2.53
career	0.77	1.31
updated	0.77	1.57
post	0.77	1.76
heaven	0.77	1.20
wipe	0.77	1.43
ep	0.77	1.16
challenge	0.77	1.91
melodic	0.77	1.43
rat	0.77	1.25
familiar	0.78	1.91
guessing	0.78	2.87
earth	0.78	1.00
rough	0.78	1.72
performer	0.78	1.12
innovation	0.78	1.12
korg	0.78	1.26
albums	0.79	1.30
focused	0.79	1.65
future	0.79	2.09
talented	0.79	0.93
links	0.79	1.68
organic	0.79	1.40
tedious	0.79	1.59
unlikely	0.79	2.10
idk	0.79	1.71
relevant	0.79	1.36
jobs	0.79	1.41
nail	0.79	1.50
rant	0.79	1.59
ish	0.79	1.40
advance	0.79	1.65
won	0.79	1.26
adequate	0.80	1.30
results	0.80	1.51
sticky	0.80	1.40
miss	0.80	1.65
ds-1	0.81	1.23
precise	0.81	1.44
massively	0.81	1.48
diamond	0.81	1.16
feature	0.81	1.40
applied	0.81	1.46
angel	0.81	1.22
w	0.81	1.51
ts9	0.81	1.23
business	0.81	1.33
possible	0.81	2.44
explanation	0.82	1.96
wine	0.82	1.19
pictures	0.82	1.65
stiff	0.82	1.39
reference	0.82	2.11
t	0.83	1.36
insane	0.83	1.96
rigs	0.83	1.28
lemon	0.83	1.44
theyre	0.83	1.53
stairway	0.83	1.25
pedal	0.83	1.24
skinny	0.83	1.31
carefully	0.83	1.44
fulltone	0.84	1.23
songs	0.84	1.57
iconic	0.84	1.30
rosewood	0.84	1.13
experimental	0.84	1.34
fuzz	0.84	1.27
emotional	0.84	1.33
def	0.84	1.56
ocd	0.84	1.23
rag	0.84	1.34
explaining	0.84	1.66
grooves	0.84	1.38
pm	0.84	1.82
interfaces	0.84	1.19
boom	0.85	1.31
sabbath	0.85	1.23
mine	0.85	1.67
consistent	0.85	1.44
reverend	0.85	1.23
convinced	0.85	1.91
kicking	0.86	1.46
hardest	0.86	2.09
recommendations	0.86	1.81
part	0.86	2.28
distort	0.86	1.49
status	0.87	1.25
tight	0.87	1.45
library	0.87	1.42
pretty	0.87	1.57
chris	0.87	1.05
top	0.87	1.11
rub	0.87	1.42
firm	0.87	1.58
legendary	0.88	1.05
slayer	0.88	1.06
aware	0.88	2.33
file	0.88	1.39
pedals	0.88	1.27
ideal	0.88	2.09
tough	0.88	1.80
im	0.88	2.33
kicks	0.88	1.01
screamer	0.88	1.25
round	0.88	1.37
legit	0.88	1.31
fuzzy	0.88	1.85
googled	0.89	1.35
cats	0.89	1.29
distinct	0.89	1.42
chasing	0.89	1.50
tops	0.89	1.15
maple	0.89	1.11
huh	0.89	1.71
tubescreamer	0.89	1.26
portable	0.90	1.45
preamps	0.90	1.12
sensitive	0.90	1.38
cleaned	0.91	1.42
pic	0.91	1.54
magazine	0.91	1.21
proper	0.91	2.43
comment	0.91	1.93
reminded	0.91	1.46
favorites	0.91	1.37
mary	0.91	1.12
grey	0.92	1.18
fine	0.92	2.28
butter	0.92	1.22
creating	0.92	1.42
most	0.93	2.10
neon	0.93	1.14
layers	0.93	1.27
ac30	0.93	1.37
talent	0.93	1.25
godin	0.93	1.11
awhile	0.93	1.78
bout	0.93	1.44
makes	0.93	1.87
blackbird	0.93	1.16
driven	0.93	1.47
report	0.94	1.70
guard	0.94	1.03
agile	0.94	1.00
help	0.94	2.26
handy	0.94	1.32
inexpensive	0.94	1.18
army	0.94	1.16
beatles	0.95	1.24
personality	0.95	1.21
cuz	0.95	1.44
cloth	0.95	1.40
intuitive	0.95	1.61
crank	0.95	1.42
pink	0.95	1.23
stuff	0.96	1.88
rundown	0.96	1.23
very	0.96	1.62
correctly	0.96	2.46
suppose	0.96	2.15
picture	0.96	1.41
decently	0.96	1.49
worship	0.97	1.19
boost	0.97	1.31
strip	0.97	1.30
smith	0.97	1.11
tldr	0.97	1.15
davis	0.97	1.25
bruce	0.98	1.13
scary	0.98	1.94
friendly	0.98	1.24
fair	0.98	2.07
layer	0.99	1.29
joyo	0.99	1.07
remaining	1.00	1.26
tone	1.00	1.50
similar	1.00	1.94
distortions	1.00	1.35
reasonable	1.00	1.23
doubt	1.00	2.26
uncommon	1.00	1.66
recognizable	1.00	1.32
odd	1.00	1.51
movie	1.01	1.20
simplicity	1.01	1.16
surprised	1.01	2.41
recently	1.01	1.88
darn	1.01	1.61
accessible	1.01	1.40
95	1.02	1.44
simplest	1.02	2.04
partial	1.03	1.21
curious	1.03	2.55
common	1.03	1.65
stable	1.03	1.31
link	1.04	1.66
chrome	1.04	1.11
playable	1.04	1.45
apologize	1.04	1.91
deep	1.04	1.19
text	1.05	1.68
mad	1.05	1.22
strange	1.05	1.50
sandpaper	1.05	1.48
proficient	1.06	1.17
pad	1.06	1.36
reasonably	1.06	1.41
rare	1.06	1.51
jokes	1.06	1.73
fame	1.06	1.06
picked	1.06	1.89
technical	1.07	1.25
desirable	1.07	1.36
pleasant	1.08	1.49
hobby	1.08	1.46
dudes	1.08	1.16
headroom	1.08	1.41
nick	1.08	1.07
wool	1.08	1.43
object	1.08	1.23
pricey	1.08	1.40
train	1.08	1.19
amazingly	1.08	1.45
placement	1.09	2.53
helping	1.09	1.50
quick	1.09	1.63
sorta	1.09	1.28
tool	1.09	1.37
sigh	1.09	1.41
articulate	1.09	1.35
canadian	1.10	1.21
gain	1.10	1.46
genuine	1.10	1.52
criticism	1.10	1.80
rick	1.10	1.11
handful	1.10	1.54
angus	1.10	1.06
greatly	1.11	1.44
cat	1.11	1.10
expecting	1.11	1.49
frustrating	1.11	1.45
volumes	1.11	1.45
rendition	1.11	1.08
typing	1.12	1.70
pics	1.12	1.72
tl	1.12	1.41
shredding	1.12	1.14
sake	1.12	1.56
pure	1.13	0.80
catchy	1.13	1.42
fast	1.13	1.43
relic	1.13	1.15
instance	1.14	1.33
upvote	1.14	1.77
hopefully	1.14	2.08
blown	1.14	1.36
unusual	1.14	1.67
capable	1.15	1.43
sings	1.15	1.60
chains	1.15	1.08
sold	1.15	1.84
polish	1.15	1.40
toan	1.16	1.46
puppets	1.16	1.18
charlie	1.16	1.01
smart	1.16	1.51
ridiculously	1.16	1.45
rising	1.16	1.26
effective	1.17	1.39
helped	1.17	1.43
cranked	1.17	1.45
win	1.19	1.44
popular	1.19	1.45
territory	1.19	1.52
finished	1.20	1.20
ozzy	1.21	1.10
nitro	1.21	1.21
creative	1.21	1.14
waiting	1.22	2.17
willing	1.22	2.37
tricky	1.22	1.75
channels	1.22	1.38
determined	1.23	2.35
baby	1.23	1.02
wanting	1.23	2.15
distorted	1.23	1.66
fragile	1.23	1.23
ass	1.23	1.35
innovative	1.23	1.01
flashy	1.24	1.60
dark	1.24	1.09
hmmm	1.24	1.84
both	1.24	1.66
cream	1.24	1.07
anyways	1.24	1.72
grit	1.24	1.44
leads	1.24	1.34
super	1.24	1.44
gross	1.25	1.17
information	1.25	1.57
wind	1.25	1.16
sheer	1.26	1.16
drive	1.26	1.30
commenting	1.27	1.67
bet	1.27	2.25
downside	1.27	1.52
doc	1.27	1.18
respect	1.27	1.46
nope	1.28	2.01
incredibly	1.28	1.49
worlds	1.28	1.74
tasteful	1.28	1.13
nervous	1.28	1.93
laid	1.29	1.52
fish	1.29	1.06
difficult	1.29	1.73
picky	1.29	1.43
od	1.30	1.33
horse	1.30	1.07
intense	1.30	1.28
coolest	1.30	1.72
breakup	1.30	1.73
interested	1.31	2.30
cliffs	1.31	1.23
plexi	1.31	1.49
laughed	1.31	1.39
overdriven	1.31	1.75
joke	1.32	1.54
mint	1.32	1.25
honesty	1.33	1.32
wet	1.33	1.36
forgot	1.33	1.72
fat	1.33	1.49
happier	1.33	1.84
edited	1.33	1.80
dreams	1.34	1.17
insanely	1.34	1.47
hotel	1.34	1.16
electro	1.34	1.07
calm	1.34	1.08
hes	1.34	1.13
saturated	1.35	1.74
feedback	1.35	1.48
mick	1.35	0.94
flawless	1.35	1.84
yo	1.35	1.33
shame	1.35	1.29
simple	1.35	1.50
display	1.36	1.12
fond	1.36	1.74
unfortunately	1.36	1.62
missed	1.37	1.92
dr	1.37	1.16
strymon	1.38	1.08
games	1.38	1.38
inspiration	1.38	1.33
improvised	1.38	1.27
please	1.38	1.77
thoughts	1.39	1.43
immensely	1.40	1.47
affordable	1.40	1.08
spelling	1.40	1.95
poly	1.41	1.21
dirt	1.41	1.47
dirty	1.41	1.62
usable	1.41	1.25
breakdown	1.43	1.12
sucker	1.43	1.15
hint	1.43	1.68
craft	1.43	1.05
expensive	1.43	1.50
overdrive	1.43	1.46
appealing	1.43	1.40
responsive	1.43	1.27
chops	1.44	1.24
channel	1.44	1.45
durable	1.44	1.31
grain	1.44	1.09
imho	1.46	1.60
complex	1.46	1.45
tip	1.46	1.54
grail	1.47	1.15
disappointed	1.47	2.06
intro	1.47	1.14
sanding	1.47	1.30
satin	1.48	1.23
powerful	1.48	1.43
expressive	1.48	1.11
crunch	1.48	1.73
lord	1.48	1.14
sand	1.48	1.30
replies	1.48	1.64
favourite	1.50	1.76
tho	1.51	1.50
wicked	1.51	1.85
photo	1.51	1.37
figured	1.52	1.81
concerned	1.52	2.12
yellow	1.52	1.05
voodoo	1.52	0.95
art	1.53	1.17
genius	1.54	1.00
important	1.54	1.66
their	1.54	1.29
easy	1.55	1.62
distortion	1.55	1.54
workhorse	1.56	0.99
ill	1.56	1.97
realistic	1.56	1.75
sanded	1.56	1.26
roses	1.56	1.02
guns	1.56	1.03
uh	1.56	1.66
comparable	1.56	1.34
golden	1.57	0.90
diverse	1.57	1.24
blew	1.57	1.18
cents	1.58	1.52
heart	1.58	1.10
apologies	1.58	2.01
satisfied	1.59	1.95
faces	1.59	1.30
mood	1.59	1.67
lacquer	1.60	1.22
comfortable	1.61	1.90
flexible	1.61	1.25
purple	1.61	1.03
convenient	1.61	1.35
silver	1.61	1.03
chunky	1.62	1.63
lt	1.62	1.55
advice	1.62	1.79
edit	1.63	1.89
real	1.63	2.04
ocean	1.63	1.06
gloss	1.64	1.17
blueridge	1.64	1.38
songwriter	1.65	1.20
reliable	1.65	1.08
spray	1.65	1.19
finishes	1.65	1.09
complicated	1.65	1.50
enjoyable	1.65	1.39
suggestions	1.65	1.68
his	1.66	1.31
writer	1.66	1.10
damned	1.66	1.20
confident	1.66	2.02
beneficial	1.67	1.41
epic	1.67	0.98
binding	1.68	0.98
agreed	1.68	1.07
bluesy	1.68	1.33
challenging	1.68	1.50
chill	1.69	1.17
perfect	1.69	1.46
blows	1.70	1.17
scheme	1.70	1.10
tips	1.71	1.56
notch	1.71	0.99
superb	1.71	1.59
typo	1.71	1.77
aged	1.72	1.03
stain	1.72	1.08
responses	1.72	1.58
suggestion	1.73	1.89
soooo	1.73	1.16
contest	1.73	1.22
coat	1.74	1.19
green	1.75	0.95
rocking	1.75	1.32
lies	1.75	1.70
beautifully	1.75	1.04
interesting	1.76	1.38
nah	1.76	1.36
helps	1.77	1.57
black	1.77	0.96
straightforward	1.77	1.30
username	1.77	1.60
dammit	1.77	1.17
reminds	1.77	0.96
um	1.78	1.54
someday	1.78	1.66
steal	1.79	1.22
mellow	1.80	1.60
child	1.80	1.00
colored	1.81	0.98
birthday	1.81	1.47
rewarding	1.83	1.30
totally	1.83	1.75
positive	1.83	1.62
white	1.83	0.96
oops	1.83	1.75
ruined	1.83	1.11
hehe	1.84	1.21
enjoying	1.84	1.85
shall	1.84	1.46
share	1.84	1.41
digging	1.85	1.80
ok	1.87	1.98
hmm	1.87	1.74
recommendation	1.88	1.50
busy	1.90	1.83
alot	1.90	1.43
paint	1.90	1.07
useful	1.91	1.28
haze	1.92	0.97
well	1.92	1.83
especially	1.92	1.46
dat	1.92	1.02
vote	1.92	1.45
r/guitarcirclejerk	1.93	1.48
shit	1.93	1.32
funny	1.94	1.44
rocks	1.94	0.94
o	1.94	1.04
painting	1.96	1.22
arrangement	1.96	1.00
sorry	1.97	1.80
dear	1.97	1.20
hoping	1.97	1.94
passionate	1.98	1.10
funky	1.99	1.07
cherry	2.00	0.99
accurate	2.01	1.65
patient	2.02	1.78
must	2.02	1.60
response	2.02	1.40
p	2.02	1.62
xd	2.04	1.46
nicely	2.04	1.43
update	2.05	1.53
motivated	2.05	1.71
underrated	2.06	1.03
pleasure	2.07	1.39
sturdy	2.08	1.49
omg	2.08	1.31
exciting	2.08	1.33
christ	2.10	1.08
painted	2.11	0.88
informative	2.12	1.38
yours	2.12	1.60
faith	2.12	1.12
sounds	2.13	1.15
kidding	2.14	1.23
info	2.14	1.45
hi	2.14	1.29
decent	2.15	1.11
critical	2.15	1.52
finish	2.15	0.99
wish	2.15	1.38
yea	2.16	1.61
inspired	2.16	1.39
unique	2.17	0.97
heh	2.17	1.19
proud	2.17	1.54
brown	2.17	0.87
lol	2.18	1.63
tones	2.18	1.51
loving	2.19	1.21
okay	2.19	1.73
satisfying	2.20	1.51
surprising	2.20	1.05
crisp	2.20	1.48
fellow	2.20	1.13
warm	2.21	1.46
thick	2.21	1.45
authentic	2.22	1.23
cleans	2.22	1.50
transparent	2.23	0.89
pleased	2.23	1.59
crunchy	2.23	1.55
raw	2.24	0.75
yep	2.24	1.56
colors	2.27	0.93
ta	2.27	1.53
creamy	2.27	1.54
dream	2.28	0.95
jazzy	2.28	1.33
ahh	2.29	1.43
alright	2.31	1.56
indeed	2.31	1.36
reply	2.32	1.41
rockin	2.32	1.03
bang	2.33	1.18
journey	2.33	1.01
imo	2.35	1.03
buck	2.35	1.11
clean	2.35	1.47
impressed	2.37	1.36
red	2.37	0.85
colour	2.37	0.81
smooth	2.37	1.35
thats	2.39	1.48
yes	2.39	1.77
favorite	2.41	1.27
valuable	2.41	1.24
axe	2.42	1.04
ah	2.44	1.56
beast	2.45	0.90
yup	2.47	1.37
hello	2.48	1.13
yeah	2.49	1.57
gotcha	2.49	1.47
dang	2.50	1.29
insight	2.51	1.33
versatile	2.51	1.26
truly	2.51	0.85
incredible	2.53	1.17
ha	2.54	1.38
score	2.54	1.20
excellent	2.54	1.15
entertaining	2.57	1.09
clear	2.58	1.22
monster	2.59	0.84
dig	2.62	1.13
nicest	2.65	0.85
detailed	2.65	1.21
enjoyed	2.68	0.90
worries	2.68	1.33
blue	2.69	0.73
whoa	2.69	1.02
hell	2.71	1.20
hahaha	2.72	1.15
sparkle	2.73	1.03
oh	2.73	1.39
neat	2.74	1.19
compliments	2.74	0.72
flame	2.74	0.73
haha	2.75	1.37
ya	2.76	1.36
fun	2.76	1.31
helpful	2.77	1.15
crazy	2.77	0.93
appreciate	2.79	1.15
hah	2.79	1.27
woah	2.83	1.19
fuckin	2.83	0.93
glorious	2.83	0.74
gold	2.84	0.69
luck	2.85	1.21
shiny	2.86	0.96
bud	2.88	1.05
fucking	2.90	0.89
dope	2.91	1.00
sunburst	2.91	0.70
holy	2.91	0.81
cheers	2.94	1.14
burst	2.96	0.69
thanks	2.98	1.19
sir	2.99	1.04
color	3.01	0.67
thank	3.01	1.16
bro	3.02	1.04
hey	3.03	1.15
job	3.03	1.01
blast	3.04	0.86
goddamn	3.05	0.78
damn	3.06	0.90
lucky	3.06	1.12
appreciated	3.06	1.06
brutal	3.06	0.62
nonetheless	3.07	0.97
btw	3.07	1.05
phenomenal	3.08	0.66
hope	3.08	1.14
slick	3.09	0.76
such	3.10	0.81
seriously	3.11	0.81
compliment	3.12	0.80
cool	3.15	0.99
welcome	3.15	0.92
story	3.15	0.93
absolutely	3.16	0.64
impressive	3.16	0.79
god	3.17	0.76
mate	3.17	1.01
classy	3.18	0.77
axes	3.19	0.78
man	3.19	0.98
collection	3.21	0.75
inspiring	3.23	0.60
sharing	3.24	0.92
wow	3.25	0.87
sick	3.25	0.78
nailed	3.25	0.60
freaking	3.25	0.72
dude	3.26	0.84
glad	3.36	0.89
rad	3.39	0.67
badass	3.40	0.61
great	3.40	0.50
congratulations	3.42	0.70
outstanding	3.43	0.51
looks	3.43	0.68
enjoy	3.49	0.74
wonderful	3.55	0.38
tasty	3.56	0.42
killer	3.56	0.40
congrats	3.57	0.60
stunning	3.57	0.44
lovely	3.59	0.44
jealous	3.59	0.58
sexy	3.62	0.53
beauty	3.63	0.42
sweet	3.65	0.43
gorgeous	3.65	0.47
beautiful	3.69	0.39
