smell	-5.60	2.39
worse	-5.49	1.91
freedom	-5.47	2.43
remind	-5.42	2.09
gross	-5.36	2.65
garbage	-5.24	2.52
suck	-5.21	1.79
painful	-5.06	2.31
deserve	-5.04	2.34
shitty	-5.01	2.60
dislike	-4.91	1.87
habits	-4.84	2.93
unfortunate	-4.81	2.25
sucks	-4.64	2.02
effects	-4.63	2.95
flinch	-4.59	3.28
questionable	-4.53	2.69
develop	-4.53	3.29
giant	-4.43	2.38
sorts	-4.40	3.24
fell	-4.32	2.83
crappy	-4.23	2.83
meh	-4.20	2.43
speech	-4.18	2.54
curve	-4.17	3.14
sucked	-4.17	2.14
piss	-4.15	2.41
reputation	-4.05	2.76
tec	-3.99	3.08
confirm	-3.98	2.21
blows	-3.97	2.40
initially	-3.94	2.59
forget	-3.90	3.09
atlantic	-3.89	3.35
complain	-3.87	2.93
bad	-3.79	2.30
poor	-3.79	2.67
jack	-3.76	2.69
happens	-3.76	3.01
comes	-3.71	3.16
dirty	-3.68	2.90
munitions	-3.62	2.91
decides	-3.60	2.88
ever	-3.59	3.12
possibly	-3.59	3.11
nowadays	-3.57	2.81
enemy	-3.56	3.25
happened	-3.51	2.83
america	-3.50	2.91
swear	-3.49	2.32
surprise	-3.48	2.69
truth	-3.44	3.32
likes	-3.43	3.28
disagree	-3.43	3.01
everybody	-3.37	3.00
discovered	-3.36	2.46
par	-3.30	2.68
lie	-3.28	3.91
absolute	-3.25	2.74
limiting	-3.23	2.59
theory	-3.15	3.08
listen	-3.10	2.84
huge	-3.10	2.42
pos	-3.09	1.34
survival	-3.08	3.42
assholes	-3.05	2.78
lack	-3.01	2.55
cats	-3.00	2.83
unlikely	-3.00	2.95
their	-2.96	2.62
lying	-2.96	4.39
reality	-2.95	3.13
wonder	-2.94	3.11
sadly	-2.87	3.20
dunno	-2.82	2.77
wants	-2.82	3.34
prepare	-2.81	3.22
mistakes	-2.80	2.50
says	-2.79	3.16
sees	-2.79	3.31
thinks	-2.79	3.10
strange	-2.79	2.44
trash	-2.74	1.31
downvote	-2.68	2.98
gunnit	-2.60	3.08
pissed	-2.60	2.51
entire	-2.59	3.27
absurd	-2.59	2.43
liberty	-2.55	1.24
nowhere	-2.50	3.98
likely	-2.48	2.48
ny	-2.44	1.42
remembered	-2.42	2.47
jerk	-2.39	2.84
owns	-2.35	3.44
understand	-2.32	4.66
angry	-2.30	2.79
happen	-2.26	3.21
matter	-2.25	4.79
ca	-2.25	4.75
false	-2.25	3.85
tries	-2.23	2.50
laughing	-2.22	2.98
exists	-2.22	2.90
muscle	-2.20	2.07
sorta	-2.18	2.97
cell	-2.16	1.83
camera	-2.14	1.83
train	-2.13	2.10
technique	-2.12	2.27
possible	-2.12	3.40
habit	-2.12	1.68
fact	-2.11	4.55
unless	-2.11	4.83
needs	-2.11	2.46
fundamentals	-2.11	2.23
smart	-2.09	2.00
qc	-2.09	1.41
picture	-2.08	1.81
iphone	-2.06	1.85
mean	-2.06	4.84
lost	-2.05	1.51
poorly	-2.05	1.44
junk	-2.04	1.67
because	-2.04	4.78
ate	-2.02	1.19
taurus	-2.02	1.20
balls	-2.01	1.40
lighting	-2.01	1.80
true	-2.01	3.70
happening	-2.00	2.31
believe	-1.99	4.76
dick	-1.99	1.59
what	-1.99	4.71
pic	-1.98	1.80
accident	-1.98	1.58
learn	-1.97	2.23
known	-1.96	1.40
either	-1.95	4.71
assume	-1.92	4.85
nothing	-1.92	3.04
else	-1.91	2.96
smallest	-1.91	3.86
discipline	-1.91	2.09
r51	-1.90	1.05
photo	-1.90	1.77
default	-1.90	3.41
occur	-1.90	1.97
americans	-1.89	1.36
obviously	-1.89	4.67
switched	-1.86	3.35
practice	-1.85	2.09
however	-1.85	4.53
knows	-1.85	2.99
motor	-1.84	1.26
necessarily	-1.84	3.37
impression	-1.83	3.48
claimed	-1.83	1.71
saying	-1.83	4.68
anyone	-1.82	2.80
missing	-1.82	4.40
sun	-1.80	1.16
supposed	-1.80	4.72
sandy	-1.79	1.52
practicing	-1.78	2.04
pretend	-1.78	3.01
anybody	-1.77	2.72
control	-1.76	1.29
world	-1.76	3.66
doesnt	-1.76	2.62
claims	-1.76	1.87
confusing	-1.76	3.15
dicks	-1.75	1.35
skills	-1.75	1.98
anything	-1.72	3.62
beat	-1.72	1.86
turns	-1.71	1.70
silly	-1.71	2.51
stress	-1.71	1.85
argue	-1.71	3.34
eats	-1.71	2.73
whenever	-1.71	2.44
imagine	-1.70	2.65
unreliable	-1.70	1.45
biggest	-1.69	3.37
event	-1.69	1.91
smoke	-1.69	1.66
cheapest	-1.69	3.73
memory	-1.69	1.97
theirs	-1.68	2.10
lies	-1.68	2.11
group	-1.68	1.26
stance	-1.66	1.93
notice	-1.66	3.43
reloads	-1.66	1.28
suffer	-1.66	1.37
exercise	-1.64	1.93
planet	-1.64	3.64
guaranteed	-1.64	2.16
right	-1.63	4.44
heard	-1.63	2.10
rights	-1.63	1.85
learning	-1.62	2.04
said	-1.62	2.79
hook	-1.62	1.42
focus	-1.61	1.96
tried	-1.61	2.43
brings	-1.61	1.51
potato	-1.61	1.81
phone	-1.60	1.60
clue	-1.60	3.08
amendment	-1.60	1.86
anymore	-1.59	3.98
has	-1.58	2.16
row	-1.58	1.54
asks	-1.57	2.14
laugh	-1.57	2.64
exist	-1.57	3.36
nonsense	-1.56	1.75
result	-1.56	1.87
talking	-1.56	4.27
bother	-1.56	3.45
correctly	-1.56	4.07
constitution	-1.55	1.96
protected	-1.55	1.89
who	-1.55	2.48
care	-1.55	3.96
buys	-1.54	3.06
explain	-1.53	3.26
already	-1.53	3.02
stupid	-1.53	3.03
constitutional	-1.52	1.93
insane	-1.52	2.56
know	-1.52	4.10
traffic	-1.52	1.33
odd	-1.52	2.45
app	-1.51	1.59
techniques	-1.51	1.97
did	-1.50	3.96
upload	-1.50	1.64
knowing	-1.50	3.26
recall	-1.50	2.68
count	-1.50	2.97
beating	-1.50	1.57
any	-1.49	2.80
boner	-1.49	2.55
massive	-1.49	1.45
developed	-1.49	1.61
negligent	-1.49	1.91
cause	-1.49	1.90
useless	-1.49	1.70
hurt	-1.49	3.37
boat	-1.48	1.76
yet	-1.48	2.90
handling	-1.46	1.92
recognize	-1.46	2.95
previously	-1.46	1.99
doctor	-1.46	1.38
basics	-1.46	1.96
2nd	-1.45	1.91
exactly	-1.44	4.40
talk	-1.44	2.93
protecting	-1.44	1.49
starts	-1.43	1.70
skill	-1.43	1.79
second	-1.43	1.89
touch	-1.43	3.57
does	-1.43	3.90
tells	-1.42	2.93
airsoft	-1.41	1.32
overpriced	-1.40	1.57
dumb	-1.40	3.15
told	-1.40	2.34
bushmaster	-1.39	1.17
kel-tec	-1.39	1.06
claim	-1.39	2.57
utg	-1.38	1.40
crap	-1.38	1.69
rude	-1.38	3.66
bust	-1.38	1.78
doubt	-1.37	3.39
dangerous	-1.37	1.36
pictures	-1.37	1.66
logic	-1.36	2.73
nobody	-1.36	2.35
everyone	-1.36	2.56
see	-1.36	3.85
wo	-1.36	3.72
lines	-1.36	1.34
nj	-1.36	2.25
blow	-1.36	2.15
called	-1.36	2.63
stand	-1.36	2.43
ignore	-1.35	2.20
limits	-1.35	1.41
since	-1.35	2.96
been	-1.35	2.34
calls	-1.35	1.85
shock	-1.34	1.35
nation	-1.34	1.78
inaccurate	-1.33	1.53
remember	-1.33	3.80
products	-1.33	1.35
educate	-1.33	2.11
country	-1.33	1.83
ground	-1.32	1.27
breath	-1.32	1.75
turn	-1.32	2.53
come	-1.31	2.99
expect	-1.31	3.64
apparently	-1.31	2.67
guarantee	-1.31	2.95
say	-1.31	3.94
never	-1.30	2.57
bomb	-1.30	1.56
fortunately	-1.30	1.58
even	-1.30	3.96
ma	-1.29	2.23
md	-1.29	2.26
yelling	-1.29	1.85
dont	-1.29	3.88
learned	-1.29	1.80
scare	-1.29	1.32
path	-1.29	1.28
need	-1.29	3.81
taken	-1.28	1.51
someone	-1.28	2.70
nd	-1.28	1.88
bothered	-1.28	3.12
why	-1.27	4.02
odds	-1.27	1.67
confidence	-1.27	1.90
largest	-1.27	3.45
miss	-1.27	2.42
bunch	-1.27	1.61
forgive	-1.27	3.10
explicitly	-1.27	1.99
jam	-1.27	2.18
had	-1.26	2.37
gets	-1.26	1.73
basically	-1.26	3.83
falling	-1.26	1.80
closest	-1.26	1.85
telling	-1.26	2.68
used	-1.26	2.85
sense	-1.26	3.14
our	-1.26	1.51
acquisition	-1.26	1.32
tell	-1.26	3.45
touched	-1.26	1.95
ve	-1.26	2.44
finds	-1.26	2.76
customers	-1.25	1.51
fault	-1.25	4.17
excessive	-1.25	1.43
incident	-1.25	1.53
alcohol	-1.25	1.32
accidental	-1.25	2.01
cali	-1.24	2.28
cares	-1.24	2.75
we	-1.24	3.66
us	-1.24	1.74
salt	-1.24	1.29
afford	-1.24	3.52
how	-1.24	3.85
major	-1.24	1.76
wanted	-1.23	2.54
mention	-1.23	2.64
radio	-1.23	1.31
could	-1.23	3.66
by	-1.23	2.00
attention	-1.22	1.51
take	-1.22	2.92
yell	-1.22	1.97
lift	-1.22	2.33
suddenly	-1.21	1.73
only	-1.21	3.14
them	-1.21	3.48
want	-1.21	3.70
attempted	-1.21	2.03
somebody	-1.21	2.56
figure	-1.21	3.77
about	-1.20	3.80
think	-1.20	3.97
math	-1.20	4.15
countries	-1.20	1.62
done	-1.20	2.65
blowing	-1.19	1.81
possibility	-1.19	2.05
lose	-1.18	2.17
marksmanship	-1.18	1.76
gone	-1.18	2.06
where	-1.18	3.59
wont	-1.17	3.25
responsibility	-1.17	1.92
convince	-1.17	2.54
mexico	-1.17	1.53
stated	-1.17	1.99
go	-1.17	3.65
which	-1.17	3.67
bullshit	-1.16	1.89
significant	-1.16	1.64
goes	-1.16	2.06
whereas	-1.16	1.28
noticed	-1.16	2.11
unnecessary	-1.16	1.72
lay	-1.16	2.19
get	-1.15	3.66
slight	-1.15	1.42
bite	-1.15	1.81
screen	-1.15	1.51
causing	-1.14	1.78
may	-1.14	3.64
make	-1.14	3.64
nor	-1.14	2.31
will	-1.14	3.50
decided	-1.14	2.02
bs	-1.13	1.74
should	-1.13	3.79
big	-1.13	1.45
unknown	-1.13	1.34
seen	-1.13	2.20
realistically	-1.13	3.70
admit	-1.12	3.54
g2	-1.12	1.27
hi-point	-1.12	1.12
once	-1.12	2.54
random	-1.11	1.57
behavior	-1.11	1.61
met	-1.11	1.52
intentionally	-1.11	2.30
rid	-1.11	2.30
view	-1.11	1.61
discharge	-1.11	2.02
sooner	-1.11	2.64
squeeze	-1.11	1.75
respect	-1.11	1.48
pointless	-1.11	1.78
improve	-1.10	1.43
simply	-1.10	3.37
dropped	-1.10	1.53
able	-1.10	3.52
can	-1.09	3.60
fall	-1.09	1.73
something	-1.09	3.68
twice	-1.09	2.20
allowed	-1.09	3.25
surprising	-1.09	2.51
calling	-1.09	2.65
cosmoline	-1.09	1.40
affected	-1.09	1.62
fresh	-1.09	1.38
1st	-1.09	1.64
preference	-1.08	1.97
puts	-1.08	1.89
allowing	-1.08	1.66
failing	-1.08	2.71
specifically	-1.08	2.58
loss	-1.08	1.54
then	-1.08	3.49
snap	-1.08	1.56
mentioned	-1.07	1.95
suggesting	-1.07	2.62
instantly	-1.07	1.67
problem	-1.07	2.96
squib	-1.07	2.07
united	-1.07	1.53
potential	-1.07	1.66
before	-1.07	2.49
myth	-1.07	2.24
physics	-1.06	2.16
bounce	-1.06	1.48
ignoring	-1.06	2.47
complaints	-1.06	2.17
pass	-1.06	2.96
management	-1.06	1.33
assumption	-1.06	3.99
one	-1.06	3.10
uses	-1.06	1.95
always	-1.06	2.98
waste	-1.06	2.13
irrelevant	-1.06	2.34
despite	-1.06	1.70
created	-1.06	1.41
cameras	-1.05	1.43
often	-1.05	2.55
try	-1.05	3.53
policies	-1.05	1.60
panic	-1.05	1.60
again	-1.05	3.53
track	-1.05	1.56
mind	-1.05	3.58
re	-1.04	3.63
express	-1.04	1.16
anytime	-1.04	2.90
inferior	-1.04	1.40
protect	-1.04	1.64
encounter	-1.04	1.72
drugs	-1.04	2.12
wallet	-1.03	1.39
themselves	-1.03	1.83
whatever	-1.03	3.57
people	-1.03	2.26
citizens	-1.03	1.70
agree	-1.02	4.13
caused	-1.02	1.79
california	-1.02	2.15
find	-1.02	3.42
latest	-1.02	1.20
mix	-1.02	1.43
dog	-1.02	1.29
res	-1.02	1.57
drills	-1.02	1.60
going	-1.01	3.81
mud	-1.01	1.31
deny	-1.01	2.66
mental	-1.01	1.64
really	-1.01	3.67
mess	-1.01	2.80
off	-1.01	2.15
burned	-1.01	1.41
restriction	-1.01	1.67
teach	-1.01	1.80
enforce	-1.01	2.29
d	-1.01	3.58
gain	-1.00	1.42
burning	-1.00	1.32
shortly	-1.00	1.95
lame	-1.00	2.86
difference	-1.00	2.20
checked	-1.00	1.51
media	-1.00	1.47
also	-1.00	3.78
potentially	-1.00	1.78
compliant	-0.99	2.14
across	-0.99	1.62
rarely	-0.99	2.11
would	-0.99	3.64
whether	-0.99	3.48
patience	-0.99	1.47
iraq	-0.99	1.16
buy	-0.99	3.38
tons	-0.98	1.92
prove	-0.98	2.76
ends	-0.98	1.44
were	-0.98	3.04
outside	-0.98	1.87
trying	-0.98	3.55
awkward	-0.98	1.64
all	-0.98	2.62
ll	-0.98	3.53
personally	-0.98	3.15
loud	-0.98	1.59
company	-0.98	1.35
teaching	-0.97	1.78
let	-0.97	3.30
explode	-0.97	1.67
pre	-0.97	1.19
change	-0.97	2.66
federally	-0.97	2.14
states	-0.97	1.68
call	-0.97	2.31
prevent	-0.97	2.06
douche	-0.96	2.14
marijuana	-0.96	2.07
blew	-0.96	1.44
effect	-0.96	1.68
affect	-0.96	2.04
owners	-0.96	1.65
images	-0.96	1.50
ignorant	-0.96	2.17
actually	-0.96	3.72
worry	-0.96	3.39
constantly	-0.96	1.95
marketing	-0.95	1.45
website	-0.95	1.26
europe	-0.95	1.66
describe	-0.95	2.06
leading	-0.95	1.40
bulk	-0.95	1.28
refuse	-0.95	2.91
associated	-0.95	1.39
safeties	-0.95	1.06
decide	-0.95	3.29
issue	-0.94	2.92
asked	-0.94	2.14
reason	-0.94	3.46
screaming	-0.94	1.77
knocked	-0.94	1.53
might	-0.94	3.61
determined	-0.94	1.79
immediately	-0.93	2.13
rocks	-0.93	1.37
training	-0.93	1.75
ct	-0.93	1.81
dealt	-0.93	1.75
subjective	-0.93	2.35
chance	-0.93	2.60
facts	-0.93	2.37
inventory	-0.93	1.47
fight	-0.93	2.08
claiming	-0.92	2.50
camping	-0.92	1.81
issues	-0.92	2.30
problems	-0.92	2.47
594	-0.92	1.95
kinds	-0.92	1.99
approve	-0.92	1.87
sell	-0.92	3.07
various	-0.92	1.88
understanding	-0.92	2.12
attack	-0.92	1.48
weed	-0.92	2.16
sizes	-0.92	1.39
attacker	-0.92	1.78
versus	-0.92	1.35
maybe	-0.92	3.62
couldnt	-0.91	2.82
kinda	-0.91	2.95
bring	-0.91	3.00
referred	-0.90	1.65
otherwise	-0.90	3.39
jump	-0.90	2.79
probably	-0.89	3.64
civilians	-0.89	1.44
worthless	-0.89	1.46
rep	-0.89	1.42
fudds	-0.89	1.56
yourself	-0.89	2.69
originally	-0.89	2.30
dealing	-0.89	1.79
popped	-0.89	1.55
committing	-0.89	2.31
thrown	-0.89	1.70
cuts	-0.88	1.24
biased	-0.88	3.37
circle	-0.88	1.45
england	-0.88	1.48
minimal	-0.88	1.30
politicians	-0.88	1.64
wins	-0.88	1.39
killed	-0.88	1.34
shot	-0.88	2.18
massachusetts	-0.88	1.68
shocked	-0.88	3.06
out	-0.88	3.00
generic	-0.88	1.47
expected	-0.88	2.30
leave	-0.87	2.92
unsafe	-0.87	1.93
hurts	-0.87	1.42
meth	-0.87	1.50
wa	-0.87	1.76
throw	-0.87	2.67
cleaned	-0.87	1.76
beyond	-0.87	1.79
failure	-0.87	2.22
returned	-0.87	1.61
injury	-0.87	1.76
fool	-0.86	2.27
hold	-0.86	3.12
broke	-0.86	1.72
theres	-0.86	2.24
hang	-0.86	2.55
ourselves	-0.86	1.98
complaint	-0.85	2.29
producing	-0.85	1.76
commit	-0.85	2.32
walk	-0.85	2.45
felony	-0.85	2.30
everything	-0.85	3.08
dc	-0.85	1.80
mn	-0.85	1.78
felon	-0.85	2.34
jams	-0.85	2.16
isnt	-0.84	2.02
il	-0.84	1.78
noticeable	-0.84	1.65
state	-0.84	1.76
record	-0.84	1.48
comply	-0.84	2.04
damaged	-0.83	1.92
illinois	-0.83	1.71
photos	-0.83	1.62
social	-0.83	1.52
officially	-0.83	1.57
note	-0.83	2.46
arguing	-0.83	2.67
others	-0.83	2.96
lacking	-0.83	1.32
lawyers	-0.83	1.79
attempting	-0.83	2.23
identify	-0.83	2.60
advertising	-0.83	1.47
locally	-0.83	1.85
maryland	-0.83	1.67
total	-0.82	1.73
managed	-0.82	2.39
work	-0.82	3.49
wash	-0.82	1.44
grab	-0.82	2.73
havent	-0.82	1.99
image	-0.82	1.46
violation	-0.82	1.77
solve	-0.81	2.91
wet	-0.81	1.53
users	-0.81	1.70
walked	-0.81	1.55
although	-0.81	3.41
sue	-0.81	2.24
government	-0.81	1.74
taught	-0.81	1.63
suggested	-0.81	1.81
ftf	-0.81	2.23
york	-0.81	1.62
lots	-0.81	1.99
including	-0.81	1.78
meet	-0.80	2.44
stick	-0.80	2.73
switzerland	-0.80	1.46
fix	-0.80	3.16
laws	-0.80	1.92
smoking	-0.80	1.98
honestly	-0.80	3.64
nh	-0.80	1.76
drops	-0.80	1.42
chicago	-0.79	1.77
according	-0.79	1.54
aim	-0.79	1.86
reaction	-0.79	1.25
coming	-0.79	2.43
fte	-0.79	2.23
put	-0.79	2.62
attitude	-0.79	1.68
butthurt	-0.79	1.98
quality	-0.79	1.63
pics	-0.79	1.58
class	-0.79	1.64
seem	-0.79	3.34
discuss	-0.79	2.91
covering	-0.78	1.42
beats	-0.78	1.17
least	-0.78	3.03
save	-0.78	3.00
blown	-0.78	1.54
ford	-0.78	1.28
knock	-0.78	2.00
sporter	-0.78	0.97
republic	-0.78	1.41
sometimes	-0.78	2.16
precisely	-0.78	2.36
jersey	-0.78	1.60
real	-0.78	1.95
brands	-0.78	1.58
canada	-0.78	1.63
accidentally	-0.78	1.92
here	-0.77	1.95
china	-0.77	1.39
prevents	-0.77	2.02
hopes	-0.77	1.73
contact	-0.77	2.13
losing	-0.77	1.83
talked	-0.77	2.11
achieve	-0.77	1.55
ahead	-0.77	3.09
ask	-0.77	2.95
nyc	-0.77	1.84
ammo	-0.77	1.24
mission	-0.77	1.54
controlled	-0.77	1.57
abiding	-0.77	1.67
turned	-0.77	1.93
drug	-0.76	1.84
feel	-0.76	3.40
acting	-0.76	2.28
az	-0.76	1.72
student	-0.76	1.43
anywhere	-0.76	3.12
follow	-0.76	1.88
water	-0.76	1.38
clearly	-0.76	2.94
va	-0.76	1.74
ton	-0.76	1.79
himself	-0.76	2.03
anyway	-0.76	3.71
chances	-0.75	2.21
liberals	-0.75	1.64
lives	-0.75	2.10
run	-0.75	2.16
failures	-0.75	2.18
pot	-0.75	1.92
weak	-0.75	1.39
hardly	-0.75	1.92
shootings	-0.75	1.68
laying	-0.75	2.13
jamming	-0.75	2.23
elsewhere	-0.75	1.90
up	-0.75	2.77
survive	-0.74	2.54
fuel	-0.74	1.32
variety	-0.74	1.78
stop	-0.74	2.43
dying	-0.74	1.78
some	-0.74	2.41
rely	-0.74	2.33
risk	-0.74	2.03
resident	-0.74	1.76
course	-0.74	1.59
wouldnt	-0.74	3.06
scenario	-0.74	1.94
college	-0.74	1.36
threw	-0.74	1.55
leaves	-0.74	1.65
using	-0.73	2.99
4473	-0.73	2.25
bears	-0.73	1.10
awhile	-0.73	2.23
thankfully	-0.73	1.44
morons	-0.73	1.77
lately	-0.73	1.34
i.e	-0.73	1.76
stopped	-0.73	1.98
caught	-0.73	1.98
opens	-0.73	1.56
extent	-0.73	2.53
entirely	-0.73	2.48
belong	-0.72	1.33
wrote	-0.72	1.79
wasted	-0.72	1.85
screwed	-0.72	1.72
washington	-0.72	1.67
messing	-0.72	2.87
forced	-0.72	2.39
serious	-0.71	1.77
sse	-0.71	2.37
classes	-0.71	1.59
found	-0.71	2.15
minor	-0.71	1.48
linked	-0.71	1.33
soldiers	-0.71	1.47
3rd	-0.71	1.59
incorrect	-0.71	3.99
lesson	-0.71	1.84
wasting	-0.71	2.13
began	-0.71	1.61
he	-0.70	2.69
amount	-0.70	1.60
moved	-0.70	1.35
toss	-0.70	1.88
person	-0.70	2.34
needing	-0.70	2.22
pain	-0.70	1.66
myself	-0.70	2.74
lawyer	-0.69	2.13
posted	-0.69	1.43
page	-0.69	1.28
pa	-0.69	1.67
still	-0.69	3.47
emergency	-0.69	1.54
occasionally	-0.69	2.01
dirt	-0.69	1.38
ticket	-0.68	1.78
ability	-0.68	2.45
certainly	-0.68	3.36
colorado	-0.68	1.68
western	-0.68	1.66
invest	-0.68	2.59
creating	-0.68	1.70
success	-0.68	1.56
limit	-0.68	1.48
nc	-0.68	1.69
natural	-0.68	1.51
running	-0.68	2.90
doing	-0.68	3.37
straw	-0.67	2.30
barely	-0.67	2.14
trust	-0.67	1.74
leads	-0.67	1.34
malfunction	-0.67	2.23
coast	-0.67	1.51
official	-0.67	1.54
along	-0.67	2.01
taking	-0.67	2.42
pricing	-0.67	1.63
fail	-0.67	2.24
oregon	-0.67	1.64
fighting	-0.67	1.42
drawing	-0.66	1.56
remaining	-0.66	1.64
fudd	-0.66	1.86
dogs	-0.66	1.22
pickup	-0.66	1.41
mentioning	-0.66	1.91
numerous	-0.66	1.95
down	-0.66	2.55
stating	-0.66	2.71
basic	-0.66	1.64
ships	-0.66	1.36
trajectory	-0.66	1.27
consumer	-0.66	1.42
commenting	-0.66	2.08
batch	-0.66	1.24
attempt	-0.65	2.22
damage	-0.65	1.73
live	-0.65	1.88
mainly	-0.65	1.74
r/guns	-0.65	1.66
mentally	-0.65	1.78
cross	-0.65	1.89
outright	-0.65	2.30
throwing	-0.65	2.09
views	-0.65	1.76
rule	-0.65	1.72
passes	-0.65	1.62
conclusion	-0.65	2.56
shut	-0.65	1.45
swing	-0.65	2.31
reported	-0.65	1.79
point	-0.64	3.32
asshole	-0.64	2.27
until	-0.64	2.60
pick	-0.64	3.17
reddit	-0.64	1.62
health	-0.64	1.77
away	-0.64	2.35
shortage	-0.64	1.65
feeding	-0.64	2.01
fly	-0.64	2.21
begin	-0.64	2.12
letting	-0.64	2.53
pigs	-0.64	1.16
ignorance	-0.64	2.20
shopping	-0.64	1.79
safely	-0.64	2.04
statistics	-0.64	1.84
drop	-0.63	2.20
importantly	-0.63	1.57
eye	-0.63	2.22
everywhere	-0.63	1.93
realize	-0.63	3.22
cry	-0.63	1.59
cities	-0.63	1.69
compliance	-0.63	1.84
awb	-0.63	1.62
cant	-0.63	3.20
finicky	-0.63	1.26
rather	-0.63	3.17
instructions	-0.63	1.46
arent	-0.63	2.21
repeat	-0.63	1.85
michigan	-0.62	1.64
opportunity	-0.62	2.53
law	-0.62	1.76
troops	-0.62	1.41
over	-0.62	2.67
fishing	-0.62	1.53
actively	-0.62	1.97
education	-0.62	1.46
sending	-0.62	2.08
committed	-0.62	1.96
danger	-0.61	1.79
initial	-0.61	1.46
troll	-0.61	1.91
caps	-0.61	1.48
normally	-0.61	3.15
negligible	-0.61	1.50
heavily	-0.61	2.07
clearing	-0.61	1.62
forum	-0.61	1.59
humans	-0.61	1.23
somehow	-0.61	2.37
iirc	-0.61	1.96
ohio	-0.61	1.64
imgur	-0.61	1.53
uk	-0.61	1.51
rest	-0.61	1.91
luckily	-0.61	1.85
making	-0.61	2.85
inform	-0.61	2.11
includes	-0.61	1.44
appear	-0.60	2.34
liability	-0.60	1.65
foreign	-0.60	1.41
asking	-0.60	3.32
lists	-0.60	1.41
when	-0.60	2.65
subreddit	-0.60	1.63
appleseed	-0.60	1.49
conditions	-0.60	1.50
from	-0.60	1.77
driving	-0.59	1.59
tx	-0.59	1.78
line	-0.59	1.66
border	-0.59	1.54
among	-0.59	1.51
usually	-0.59	2.43
whose	-0.59	1.50
dumbass	-0.59	2.38
theft	-0.59	1.85
promise	-0.59	2.65
gotten	-0.59	2.10
wanting	-0.59	3.25
turning	-0.59	2.23
decade	-0.59	2.10
third	-0.59	1.73
fl	-0.59	1.73
constant	-0.59	1.58
whoever	-0.59	2.29
eastern	-0.59	1.48
minnesota	-0.58	1.62
wal-mart	-0.58	1.52
virginia	-0.58	1.59
limp	-0.58	2.24
consensus	-0.58	1.58
arizona	-0.58	1.62
move	-0.58	2.33
report	-0.58	2.08
causes	-0.58	1.54
stealing	-0.58	2.31
sub	-0.58	1.65
user	-0.58	1.74
without	-0.58	2.26
buyers	-0.58	1.68
keep	-0.58	2.79
determine	-0.58	2.68
create	-0.58	1.97
annoying	-0.58	1.81
nevada	-0.58	1.60
2012	-0.58	1.85
stores	-0.58	1.55
being	-0.58	2.58
bug	-0.57	1.57
update	-0.57	1.47
zastava	-0.57	1.31
criminals	-0.57	1.74
aid	-0.57	1.39
handed	-0.57	1.97
cars	-0.57	1.41
malfunctions	-0.57	2.16
verify	-0.57	1.71
florida	-0.57	1.63
struck	-0.57	1.66
into	-0.57	2.31
treat	-0.57	1.70
bucket	-0.57	1.30
whole	-0.56	2.05
middle	-0.56	2.24
idiots	-0.56	1.82
2013	-0.56	1.90
dig	-0.56	2.50
strict	-0.56	1.92
argument	-0.56	2.44
ride	-0.56	1.88
him	-0.56	2.62
mini	-0.56	1.28
hiding	-0.56	1.36
crimes	-0.56	1.85
while	-0.56	2.41
drive	-0.56	1.62
invented	-0.56	1.45
kick	-0.56	1.60
reliability	-0.56	1.35
indiana	-0.56	1.61
courses	-0.56	1.52
bike	-0.56	1.60
factor	-0.56	1.82
area	-0.56	1.96
computer	-0.56	1.37
assuming	-0.55	4.24
suicide	-0.55	1.72
residents	-0.55	1.73
life	-0.55	1.74
montana	-0.55	1.62
squirrels	-0.55	1.17
having	-0.55	2.66
texas	-0.55	1.69
dump	-0.55	1.79
southern	-0.55	1.59
touching	-0.54	2.43
land	-0.54	1.46
georgia	-0.54	1.64
evidence	-0.54	2.16
r/firearms	-0.54	1.63
cased	-0.54	1.24
manager	-0.54	1.87
stole	-0.54	2.51
preventing	-0.54	1.91
rusty	-0.54	1.43
falls	-0.54	1.53
instruction	-0.54	1.65
walmart	-0.54	1.48
due	-0.54	1.48
kansas	-0.54	1.61
tested	-0.54	1.61
spend	-0.54	2.46
2a	-0.54	1.55
depend	-0.53	2.28
denied	-0.53	1.81
opposite	-0.53	2.26
unable	-0.53	3.01
googling	-0.53	1.68
supreme	-0.53	1.82
maine	-0.53	1.56
seattle	-0.53	1.77
employee	-0.53	1.74
judge	-0.53	1.74
gander	-0.53	1.58
keltec	-0.53	0.97
courts	-0.53	1.78
peoples	-0.53	1.46
filing	-0.53	1.99
rural	-0.53	1.77
citizen	-0.52	1.59
badly	-0.52	2.02
reaching	-0.52	2.10
eventually	-0.52	2.88
back	-0.52	2.46
alabama	-0.52	1.61
civil	-0.52	1.66
online	-0.52	1.86
flush	-0.52	1.39
thing	-0.52	2.78
feeds	-0.52	1.61
trial	-0.52	1.92
na	-0.52	3.28
local	-0.52	1.82
selling	-0.52	2.69
product	-0.52	1.33
office	-0.52	1.65
hear	-0.52	2.82
rage	-0.52	1.57
cops	-0.52	2.00
violent	-0.52	1.77
supplies	-0.52	1.53
amounts	-0.52	1.55
tl	-0.52	1.73
circumstances	-0.52	2.47
pawn	-0.52	1.82
definitely	-0.51	3.37
lgs	-0.51	1.61
idea	-0.51	3.28
sent	-0.51	1.76
kentucky	-0.51	1.61
mountain	-0.51	1.48
reach	-0.51	2.23
secondary	-0.51	1.43
le	-0.51	1.45
posting	-0.51	1.60
pushed	-0.51	1.77
ro	-0.51	2.08
near	-0.51	2.20
act	-0.51	1.66
dropping	-0.51	2.18
borrow	-0.51	2.34
aiming	-0.51	1.61
suspect	-0.51	1.99
posts	-0.51	1.59
population	-0.51	1.56
me	-0.51	2.84
weekend	-0.51	1.80
hide	-0.51	2.08
cabelas	-0.51	1.53
schedule	-0.51	1.84
directions	-0.50	2.20
wan	-0.50	3.07
reporting	-0.50	1.70
community	-0.50	1.56
agent	-0.50	1.73
goods	-0.50	1.49
after	-0.50	2.22
criminal	-0.50	1.88
city	-0.50	1.74
there	-0.50	2.71
violence	-0.50	1.74
involve	-0.50	1.92
money	-0.50	2.22
modify	-0.50	2.61
utah	-0.50	1.62
4th	-0.50	1.72
harm	-0.50	1.81
moronic	-0.50	1.85
policy	-0.50	1.60
heading	-0.50	2.57
restrictions	-0.50	1.57
court	-0.50	1.84
afghanistan	-0.50	1.34
arsenal	-0.50	1.26
cabela	-0.50	1.56
retail	-0.49	1.70
agreed	-0.49	2.63
store	-0.49	1.67
recently	-0.49	2.23
ago	-0.49	2.34
road	-0.49	1.64
counties	-0.49	1.71
society	-0.49	1.34
manage	-0.49	2.40
getting	-0.49	2.97
la	-0.49	1.69
town	-0.49	1.71
germany	-0.49	1.44
mostly	-0.49	2.99
northern	-0.49	1.61
needed	-0.49	2.55
crime	-0.49	1.89
lets	-0.49	1.95
defend	-0.49	1.78
dummy	-0.49	1.39
murder	-0.49	1.83
death	-0.49	1.71
district	-0.48	1.65
november	-0.48	2.02
insult	-0.48	2.11
folks	-0.48	1.84
parking	-0.48	1.65
eliminate	-0.48	1.91
explained	-0.48	2.23
worth	-0.48	2.41
ultimately	-0.48	2.24
living	-0.48	1.80
later	-0.48	2.36
insurance	-0.48	1.70
medical	-0.48	1.69
spike	-0.48	1.17
pile	-0.48	1.26
prohibited	-0.48	2.15
agencies	-0.48	1.65
deliver	-0.48	2.15
saw	-0.48	1.91
dry	-0.47	1.54
listing	-0.47	1.69
north	-0.47	1.63
drunk	-0.47	1.94
must	-0.47	2.31
jammed	-0.47	1.87
pay	-0.47	2.20
stay	-0.47	2.67
guilty	-0.47	2.14
past	-0.47	2.15
look	-0.47	3.23
retailers	-0.47	1.58
occasional	-0.47	1.74
requiring	-0.47	2.11
mixed	-0.47	1.53
rise	-0.47	1.09
financial	-0.47	1.72
give	-0.47	2.99
jumping	-0.47	2.23
become	-0.47	2.26
shop	-0.46	1.68
property	-0.46	1.45
kill	-0.46	1.43
kicked	-0.46	1.41
lawsuit	-0.46	1.65
quickly	-0.46	2.23
scary	-0.46	2.59
broken	-0.46	1.95
blade	-0.46	1.18
increasing	-0.46	1.39
sellers	-0.46	1.93
month	-0.46	2.23
things	-0.46	2.72
now	-0.46	3.50
reasoning	-0.46	2.16
stolen	-0.46	1.60
cci	-0.46	1.25
facebook	-0.46	1.44
post	-0.46	1.47
south	-0.46	1.62
existed	-0.45	2.15
eject	-0.45	1.91
central	-0.45	1.66
differently	-0.45	2.05
domestic	-0.45	1.81
buds	-0.45	1.54
m92	-0.45	1.29
read	-0.45	1.33
easily	-0.45	2.41
shops	-0.45	1.77
murica	-0.45	1.40
alaska	-0.45	1.51
joe	-0.45	1.39
within	-0.45	2.08
somewhere	-0.45	2.85
ive	-0.45	1.92
dominant	-0.45	2.05
engine	-0.45	1.49
joking	-0.45	3.64
produce	-0.45	1.82
regulations	-0.45	1.73
majority	-0.45	1.78
stayed	-0.45	1.78
armed	-0.45	1.58
speak	-0.45	2.39
main	-0.45	1.79
brilliant	-0.44	2.13
weigh	-0.44	2.48
search	-0.44	1.68
sure	-0.44	3.93
hipoint	-0.44	1.18
spending	-0.44	2.35
brownells	-0.44	1.48
times	-0.44	2.18
end	-0.44	2.35
ukraine	-0.44	1.34
willing	-0.44	3.29
idiot	-0.44	2.47
hollywood	-0.44	1.40
exposure	-0.44	1.44
al	-0.44	1.32
melt	-0.44	1.78
cycling	-0.44	2.03
breaking	-0.44	2.22
starting	-0.43	2.82
leaving	-0.43	2.49
stops	-0.43	1.88
bags	-0.43	1.44
limited	-0.43	1.36
strikes	-0.43	1.86
article	-0.43	1.42
show	-0.43	1.93
responding	-0.43	2.14
intruder	-0.43	1.73
congress	-0.43	1.70
feed	-0.43	1.95
r/gunsforsale	-0.43	1.56
missouri	-0.43	1.63
lived	-0.43	1.71
itself	-0.43	2.64
banning	-0.43	1.50
vision	-0.43	1.33
prone	-0.43	1.67
checking	-0.43	2.05
sit	-0.43	1.86
innocent	-0.43	1.66
votes	-0.43	1.68
elaborate	-0.43	2.30
chambering	-0.43	1.84
bag	-0.43	1.45
di	-0.43	1.34
advanced	-0.43	1.41
site	-0.43	1.47
concerns	-0.42	2.23
illegal	-0.42	2.14
millions	-0.42	1.70
election	-0.42	1.55
dealers	-0.42	1.92
no	-0.42	2.90
reports	-0.42	1.76
started	-0.42	2.31
concern	-0.42	2.09
operate	-0.42	1.94
saved	-0.42	2.12
acceptable	-0.42	2.66
jail	-0.42	1.87
agency	-0.42	1.66
employees	-0.42	1.50
drove	-0.42	1.72
r/weekendgunnit	-0.42	1.64
putting	-0.42	2.64
modifications	-0.42	1.99
prices	-0.42	1.65
enforcement	-0.42	1.65
customer	-0.42	1.35
spent	-0.42	2.08
2014	-0.42	2.08
frequently	-0.42	1.89
922r	-0.42	1.68
got	-0.41	2.26
department	-0.41	1.64
attorney	-0.41	1.72
laid	-0.41	1.65
trip	-0.41	2.00
anyways	-0.41	2.46
american	-0.41	1.33
dollars	-0.41	2.11
days	-0.41	2.20
mortar	-0.41	1.48
savings	-0.41	1.84
destroy	-0.41	1.80
intend	-0.41	2.73
start	-0.41	2.45
ffls	-0.41	1.98
far	-0.41	2.47
houston	-0.41	1.71
gunbroker	-0.41	1.76
randomly	-0.41	2.00
fmj	-0.41	1.18
regulation	-0.41	1.75
support	-0.41	1.70
armslist	-0.41	1.76
explosives	-0.41	1.39
buying	-0.41	2.81
hospital	-0.41	1.53
karma	-0.41	1.68
thread	-0.41	1.70
trolling	-0.41	2.32
riding	-0.40	1.51
basis	-0.40	1.75
charges	-0.40	1.90
removed	-0.40	1.83
exclusively	-0.40	1.92
ordering	-0.40	2.42
id	-0.40	1.89
unlike	-0.40	1.60
digital	-0.40	1.30
fails	-0.40	2.14
upvotes	-0.40	1.69
return	-0.40	1.87
bans	-0.40	1.49
complaining	-0.40	2.81
anti-gun	-0.40	1.59
east	-0.40	1.65
trees	-0.40	1.46
legally	-0.40	2.52
reminds	-0.40	1.29
arrest	-0.40	1.85
hours	-0.40	2.17
ads	-0.40	1.43
hour	-0.40	2.07
nearby	-0.39	1.72
automatically	-0.39	2.31
bricks	-0.39	1.40
zombie	-0.39	1.60
oc	-0.39	2.02
instructor	-0.39	1.48
checks	-0.39	1.95
justify	-0.39	2.27
manufacturing	-0.39	1.33
animals	-0.39	1.15
carries	-0.39	2.71
designed	-0.39	2.16
brick	-0.39	1.42
jumped	-0.39	1.70
news	-0.39	1.52
paying	-0.39	2.24
waiting	-0.39	2.28
rain	-0.39	1.34
county	-0.39	1.69
december	-0.39	1.96
minutes	-0.39	2.06
upon	-0.39	2.02
companies	-0.39	1.70
contacting	-0.39	2.07
sale	-0.39	1.88
weeks	-0.39	2.20
gladly	-0.38	2.64
plenty	-0.38	2.03
pays	-0.38	1.80
sales	-0.38	1.85
drawn	-0.38	1.63
offense	-0.38	1.97
authority	-0.38	1.72
blood	-0.38	1.28
decades	-0.38	2.12
charged	-0.38	1.97
hurry	-0.38	2.31
mods	-0.38	1.65
miles	-0.38	1.99
wound	-0.38	1.38
side	-0.38	2.13
each	-0.38	2.09
messed	-0.38	1.62
spelling	-0.38	2.69
bucks	-0.38	2.05
regards	-0.38	1.72
car	-0.38	1.49
subs	-0.38	1.54
shoot	-0.38	2.60
instance	-0.38	1.30
shelves	-0.38	1.45
serves	-0.38	1.64
sometime	-0.38	2.37
handful	-0.38	1.78
filed	-0.37	1.82
took	-0.37	2.06
dozens	-0.37	1.80
pen	-0.37	1.23
came	-0.37	1.69
transaction	-0.37	1.91
email	-0.37	1.65
orders	-0.37	1.70
chain	-0.37	1.54
gun	-0.37	2.45
years	-0.37	2.12
competitive	-0.37	1.26
unlawful	-0.37	1.94
process	-0.37	1.80
warning	-0.37	1.41
background	-0.37	1.93
packs	-0.37	1.31
president	-0.37	1.49
send	-0.37	2.01
bass	-0.37	1.54
san	-0.37	1.72
wait	-0.37	2.35
democrats	-0.37	1.54
walking	-0.37	1.90
seller	-0.37	1.88
deal	-0.37	2.46
fixing	-0.37	2.30
european	-0.37	1.32
april	-0.37	2.09
dealer	-0.37	1.97
ideally	-0.37	2.58
west	-0.37	1.57
ups	-0.37	1.57
exceptions	-0.37	2.23
fedex	-0.37	1.63
warranty	-0.37	1.32
bonus	-0.37	1.29
areas	-0.36	1.76
obvious	-0.36	2.04
forest	-0.36	1.59
refund	-0.36	1.75
instructors	-0.36	1.49
individuals	-0.36	2.00
interstate	-0.36	1.94
flying	-0.36	2.02
written	-0.36	1.56
adding	-0.36	2.03
effort	-0.36	1.80
pd	-0.36	2.01
vast	-0.36	1.62
currently	-0.36	2.66
knives	-0.36	1.39
defending	-0.36	1.77
station	-0.36	1.54
document	-0.36	1.71
replace	-0.36	2.22
half	-0.36	1.88
buyer	-0.36	1.92
pops	-0.36	1.64
merely	-0.36	2.14
waited	-0.36	2.12
plane	-0.36	1.53
shove	-0.36	2.00
please	-0.36	2.05
allow	-0.36	1.91
months	-0.36	2.16
acts	-0.36	1.71
bot	-0.36	1.63
purchasing	-0.36	2.40
movement	-0.35	1.36
afaik	-0.35	1.93
as	-0.35	2.70
downside	-0.35	1.90
ditch	-0.35	1.20
address	-0.35	1.68
keeps	-0.35	2.11
street	-0.35	1.79
zero	-0.35	2.00
confused	-0.35	3.58
counting	-0.35	1.98
acquired	-0.35	0.97
use	-0.35	2.47
types	-0.35	1.89
transfer	-0.35	1.94
check	-0.35	1.98
moron	-0.35	2.05
rules	-0.35	1.58
minute	-0.35	2.00
source	-0.35	1.67
sheriff	-0.35	1.71
min	-0.35	2.00
strictly	-0.35	1.94
partially	-0.35	1.84
year	-0.35	2.15
blame	-0.35	2.57
around	-0.35	2.25
highly	-0.35	2.26
and/or	-0.35	1.52
hit	-0.35	1.93
carrying	-0.35	2.47
retain	-0.35	1.65
practically	-0.35	2.12
passing	-0.35	2.07
persons	-0.35	1.99
harsh	-0.34	1.64
hiking	-0.34	1.60
maintain	-0.34	1.74
permits	-0.34	1.86
period	-0.34	1.98
hogs	-0.34	1.16
slam	-0.34	1.86
ship	-0.34	1.90
album	-0.34	1.48
mo	-0.34	1.64
saving	-0.34	2.77
time	-0.34	2.40
private	-0.34	1.84
gf	-0.34	3.09
soldier	-0.34	1.25
ebay	-0.34	1.68
police	-0.34	1.70
changing	-0.34	2.22
safer	-0.34	1.53
wondered	-0.34	2.30
tomorrow	-0.33	2.31
day	-0.33	2.11
takes	-0.33	1.92
public	-0.33	1.65
giving	-0.33	2.63
federal	-0.33	1.48
economy	-0.33	1.34
offered	-0.33	2.25
meeting	-0.33	1.70
supporting	-0.33	1.58
apart	-0.33	1.98
em	-0.33	2.91
de	-0.33	1.67
switch	-0.33	1.26
related	-0.33	1.56
left	-0.33	2.19
exception	-0.33	2.12
average	-0.33	1.33
coyotes	-0.33	1.15
between	-0.33	1.65
nra	-0.33	1.43
moral	-0.33	2.27
feds	-0.33	1.98
opinion	-0.33	2.41
appears	-0.33	2.04
gang	-0.33	1.73
deals	-0.32	1.87
expense	-0.32	1.69
academy	-0.32	1.48
victim	-0.32	1.84
justice	-0.32	1.40
showing	-0.32	1.44
shows	-0.32	1.68
ass	-0.32	1.80
opened	-0.32	1.68
sells	-0.32	1.58
million	-0.32	1.82
plus	-0.32	1.98
illegally	-0.32	1.96
ruin	-0.32	2.09
tank	-0.32	1.22
availability	-0.32	1.43
rounds	-0.32	2.01
supposedly	-0.32	2.10
records	-0.32	1.63
mountains	-0.32	1.53
forums	-0.32	1.55
against	-0.32	1.63
exempt	-0.32	1.91
regard	-0.32	1.74
trick	-0.32	1.88
meets	-0.32	1.52
january	-0.32	2.08
transfers	-0.32	1.93
wondering	-0.32	3.38
extra	-0.32	1.96
chip	-0.32	1.22
reliably	-0.32	2.31
woods	-0.32	1.52
seconds	-0.31	2.02
owning	-0.31	2.12
internet	-0.31	1.74
procedure	-0.31	1.42
conservative	-0.31	1.52
cleared	-0.31	1.84
shift	-0.31	1.86
motorcycle	-0.31	1.51
places	-0.31	2.20
midway	-0.31	1.55
shits	-0.31	1.41
costs	-0.31	2.01
kept	-0.31	2.17
racist	-0.31	2.18
pages	-0.31	1.40
hunted	-0.31	1.30
blog	-0.31	1.36
blanks	-0.31	1.83
file	-0.31	1.76
fake	-0.31	1.23
truck	-0.31	1.51
matters	-0.31	2.47
ad	-0.30	1.52
updated	-0.30	1.31
looked	-0.30	1.66
ffl	-0.30	1.88
application	-0.30	1.82
standing	-0.30	1.69
immediate	-0.30	1.64
packing	-0.30	1.61
applying	-0.30	1.94
ballistics	-0.30	1.36
wild	-0.30	1.18
week	-0.30	2.09
alone	-0.30	2.73
slowly	-0.30	2.02
restricted	-0.30	1.86
hundreds	-0.30	1.79
program	-0.30	1.42
doj	-0.30	1.69
dollar	-0.30	1.96
august	-0.30	2.00
wars	-0.30	1.40
obama	-0.30	1.54
physically	-0.30	1.90
abuse	-0.30	1.75
per	-0.30	1.97
killing	-0.30	1.28
portion	-0.29	1.60
ownership	-0.29	1.69
foid	-0.29	1.75
ie	-0.29	1.56
politics	-0.29	1.54
websites	-0.29	1.46
business	-0.29	1.50
delivery	-0.29	1.78
atf	-0.29	1.67
akm	-0.29	1.29
shipping	-0.29	1.84
next	-0.29	2.13
bang	-0.29	1.77
almost	-0.29	2.75
durability	-0.29	1.33
replacement	-0.29	2.15
stuck	-0.29	1.73
pop	-0.29	1.70
runs	-0.29	1.48
lights	-0.29	1.30
mod	-0.29	1.53
supported	-0.29	1.58
presence	-0.29	1.70
produced	-0.29	1.63
march	-0.29	1.94
trouble	-0.29	2.49
shit	-0.29	1.99
registry	-0.29	1.70
required	-0.29	2.04
other	-0.29	2.08
guns	-0.29	2.20
june	-0.29	2.07
payment	-0.29	1.85
fouling	-0.29	1.28
usps	-0.29	1.75
reasons	-0.28	2.36
paid	-0.28	1.98
refer	-0.28	1.82
she	-0.28	3.02
chief	-0.28	1.68
australia	-0.28	1.45
officer	-0.28	1.66
physical	-0.28	1.60
pulled	-0.28	1.75
drives	-0.28	1.48
businesses	-0.28	1.49
moon	-0.28	1.18
generally	-0.28	2.49
charge	-0.28	1.87
additionally	-0.28	1.60
parties	-0.28	1.79
band	-0.28	1.93
early	-0.28	1.92
mandatory	-0.28	1.77
via	-0.28	1.77
russia	-0.28	1.26
settle	-0.28	2.34
uncomfortable	-0.28	1.48
imported	-0.28	1.43
republican	-0.27	1.54
urban	-0.27	1.60
carbines	-0.27	1.14
banned	-0.27	1.45
possession	-0.27	2.02
changed	-0.27	1.33
officers	-0.27	1.59
threads	-0.27	1.52
steal	-0.27	1.91
several	-0.27	1.82
residence	-0.27	1.78
snow	-0.27	1.28
direct	-0.27	1.45
roster	-0.27	2.11
knew	-0.27	2.17
beginning	-0.27	2.10
virtually	-0.27	2.06
auction	-0.27	1.72
directly	-0.27	1.71
remains	-0.27	1.69
leo	-0.27	1.65
morning	-0.27	1.96
counter	-0.27	1.64
swap	-0.27	2.03
rds	-0.27	1.54
monday	-0.26	1.87
arguments	-0.26	2.10
today	-0.26	2.15
cost	-0.26	1.99
hire	-0.26	1.62
bay	-0.26	1.71
nics	-0.26	1.83
story	-0.26	2.82
gon	-0.26	3.14
existence	-0.26	1.51
pm	-0.26	2.20
vote	-0.26	1.70
licenses	-0.26	1.76
shake	-0.26	1.73
school	-0.26	1.83
guessing	-0.26	3.71
decision	-0.26	2.18
university	-0.26	1.63
respond	-0.26	2.17
mail	-0.26	1.76
beginner	-0.26	1.46
approved	-0.26	1.78
chl	-0.26	1.59
vehicle	-0.26	1.56
delete	-0.26	1.63
pellets	-0.26	1.44
universal	-0.26	1.79
licensing	-0.26	1.79
calguns	-0.26	1.50
described	-0.26	1.91
events	-0.26	1.53
scared	-0.26	1.85
swapping	-0.26	2.11
received	-0.25	1.74
arrested	-0.25	2.08
hitting	-0.25	1.84
registration	-0.25	1.75
sunday	-0.25	2.06
services	-0.25	1.55
feet	-0.25	1.85
lefty	-0.25	1.59
tracking	-0.25	1.68
requirements	-0.25	1.71
receiving	-0.25	1.95
neither	-0.25	1.88
multiple	-0.25	1.85
angle	-0.25	1.27
austin	-0.25	1.79
goal	-0.25	1.95
indicate	-0.25	1.67
r/gats	-0.25	1.57
bullpup	-0.25	1.13
increased	-0.25	1.38
students	-0.25	1.53
retired	-0.25	1.58
web	-0.25	1.40
century	-0.25	1.25
box	-0.25	1.31
moose	-0.25	1.20
ours	-0.24	1.72
order	-0.24	1.75
current	-0.24	1.59
manufacturers	-0.24	1.49
threat	-0.24	1.68
saturday	-0.24	1.97
requirement	-0.24	1.73
moving	-0.24	2.01
approval	-0.24	1.74
tldr	-0.24	1.32
arrive	-0.24	2.18
last	-0.24	2.16
encourage	-0.24	2.29
crossed	-0.24	1.46
thursday	-0.24	1.84
replacing	-0.24	2.29
made	-0.24	1.73
these	-0.24	2.04
switching	-0.24	1.78
air	-0.24	1.49
july	-0.24	1.86
till	-0.24	2.17
transport	-0.24	1.86
demand	-0.24	1.46
cash	-0.24	2.16
cpl	-0.24	1.70
throughout	-0.24	1.28
regularly	-0.24	1.97
possess	-0.24	2.05
lunch	-0.24	1.23
patent	-0.24	1.63
cycle	-0.24	2.12
experience	-0.24	1.90
form	-0.24	1.75
etc	-0.24	1.60
fee	-0.24	1.87
stays	-0.24	1.85
fed	-0.23	1.27
campus	-0.23	1.67
paperwork	-0.23	1.84
houses	-0.23	1.59
industry	-0.23	1.37
label	-0.23	1.50
steps	-0.23	1.53
sticking	-0.23	2.30
space	-0.23	1.86
dozen	-0.23	1.79
yay	-0.23	1.40
spell	-0.23	2.42
went	-0.23	1.97
vegas	-0.23	1.65
faq	-0.23	1.49
cop	-0.23	1.94
security	-0.23	1.44
u.s	-0.23	1.37
animal	-0.23	1.16
researching	-0.22	2.26
lot	-0.22	2.24
factors	-0.22	1.91
those	-0.22	2.03
war	-0.22	1.40
eat	-0.22	1.18
90s	-0.22	1.67
loan	-0.22	1.84
delivered	-0.22	1.83
arrived	-0.22	1.84
lane	-0.22	1.72
surely	-0.22	1.70
showed	-0.22	1.69
largely	-0.22	2.19
amazon	-0.22	1.54
belongs	-0.22	1.36
license	-0.22	1.72
tuesday	-0.22	1.96
taxes	-0.22	1.87
effectively	-0.21	1.93
account	-0.21	1.64
bank	-0.21	1.64
trips	-0.21	1.82
finally	-0.21	2.22
suppress	-0.21	2.06
google	-0.21	1.56
reputable	-0.21	1.51
hundred	-0.21	1.88
afterwards	-0.21	1.60
rolling	-0.21	1.43
level	-0.21	1.35
airport	-0.21	1.56
lens	-0.21	1.33
kicking	-0.21	2.13
flare	-0.21	1.50
rack	-0.21	1.66
challenge	-0.21	1.62
standards	-0.21	1.42
depends	-0.21	2.51
forms	-0.21	1.78
instead	-0.21	2.40
legal	-0.21	2.08
wrist	-0.21	1.52
frequent	-0.21	1.58
upside	-0.21	1.27
thousands	-0.21	1.77
hot	-0.21	1.37
sidebar	-0.21	1.51
technical	-0.21	2.16
typically	-0.21	2.39
halfway	-0.21	1.85
prison	-0.21	1.93
positions	-0.21	1.59
hunters	-0.21	1.24
cover	-0.20	1.53
redditor	-0.20	1.73
honor	-0.20	1.64
ccw	-0.20	1.62
horse	-0.20	1.47
fees	-0.20	1.84
released	-0.20	1.46
reading	-0.20	1.90
cards	-0.20	1.64
printing	-0.20	1.53
rocket	-0.20	1.31
content	-0.20	1.53
rotate	-0.20	1.85
evil	-0.20	1.49
cents	-0.20	1.76
neighborhood	-0.20	1.62
draw	-0.20	1.44
elk	-0.20	1.17
apply	-0.20	1.76
decisions	-0.20	1.93
slap	-0.20	1.72
vehicles	-0.20	1.48
every	-0.20	2.28
tax	-0.20	1.82
purchase	-0.20	2.02
receive	-0.20	1.90
agreement	-0.20	1.54
searching	-0.20	1.98
stands	-0.20	1.81
working	-0.20	2.68
tula	-0.20	1.05
open	-0.20	1.81
voted	-0.20	1.57
proof	-0.20	1.73
nearly	-0.19	2.50
hunt	-0.19	1.16
small	-0.19	1.24
desire	-0.19	1.96
market	-0.19	1.46
rent	-0.19	2.16
opening	-0.19	1.74
located	-0.19	1.81
named	-0.19	1.53
manageable	-0.19	1.27
add	-0.19	2.41
forces	-0.19	1.33
submitted	-0.19	1.74
letter	-0.19	1.67
involves	-0.19	2.04
bill	-0.19	1.69
signs	-0.19	1.71
requires	-0.19	1.79
backwards	-0.19	2.11
permit	-0.19	1.71
batteries	-0.19	1.36
link	-0.19	1.45
counts	-0.19	2.16
raised	-0.19	1.22
discount	-0.19	1.86
require	-0.19	2.00
whatsoever	-0.19	1.84
pro-gun	-0.19	1.49
voting	-0.19	1.57
afternoon	-0.19	1.99
op	-0.19	2.33
fc	-0.19	1.94
listed	-0.19	1.69
tsa	-0.18	1.62
boxes	-0.18	1.33
keeping	-0.18	2.34
longest	-0.18	1.71
cook	-0.18	1.32
packed	-0.18	1.57
co	-0.18	1.43
interchangeable	-0.18	1.52
regulated	-0.18	1.74
request	-0.18	1.78
disassembled	-0.18	1.72
deadly	-0.18	1.69
remove	-0.18	2.00
thinking	-0.18	3.21
object	-0.18	1.59
impact	-0.18	1.80
sake	-0.18	1.42
refers	-0.18	1.91
speaking	-0.18	2.28
thousand	-0.18	1.79
ban	-0.18	1.51
perhaps	-0.18	2.56
applies	-0.18	1.85
forever	-0.18	2.40
supply	-0.18	1.51
purchases	-0.18	1.93
seated	-0.18	1.65
changes	-0.18	1.82
terminal	-0.18	1.34
secret	-0.17	1.75
rapid	-0.17	1.38
tacticool	-0.17	1.34
play	-0.17	1.86
permission	-0.17	1.77
silencers	-0.17	1.46
corners	-0.17	1.29
food	-0.17	1.06
accepted	-0.17	1.52
shots	-0.17	1.82
under	-0.17	1.86
message	-0.17	1.72
mile	-0.17	1.74
worked	-0.17	2.05
trail	-0.17	1.45
completed	-0.17	1.68
legality	-0.17	2.41
individual	-0.17	1.80
deer	-0.17	1.17
bound	-0.17	1.60
civilian	-0.17	1.37
song	-0.17	1.22
behind	-0.17	1.69
improvement	-0.17	1.64
ruling	-0.16	1.86
target	-0.16	1.66
party	-0.16	1.58
repair	-0.16	1.77
sticks	-0.16	1.50
filled	-0.16	1.37
digging	-0.16	2.14
grenade	-0.16	1.29
stone	-0.16	1.27
owner	-0.16	1.75
help	-0.16	3.01
sideways	-0.16	1.84
properly	-0.16	2.36
staying	-0.16	2.13
became	-0.16	1.58
prepared	-0.16	1.93
compete	-0.16	1.73
removing	-0.16	2.03
yds	-0.16	1.66
stupidity	-0.16	1.68
humidity	-0.16	1.42
sticker	-0.16	1.41
tricky	-0.16	1.38
candidate	-0.15	1.60
sort	-0.15	2.58
language	-0.15	2.08
russians	-0.15	1.28
letters	-0.15	1.66
board	-0.15	1.51
rich	-0.15	1.29
whatnot	-0.15	1.48
hearing	-0.15	1.70
adjust	-0.15	1.60
legislation	-0.15	1.68
fbi	-0.15	1.57
fish	-0.15	1.29
oiled	-0.15	1.78
95	-0.15	1.70
crack	-0.15	1.66
wife	-0.15	3.00
click	-0.15	1.49
pig	-0.15	1.25
flag	-0.15	1.78
solely	-0.15	1.97
wolf	-0.15	1.20
bullseye	-0.15	1.62
aware	-0.15	3.73
valid	-0.14	1.68
peace	-0.14	1.50
too	-0.14	2.59
hung	-0.14	1.62
battery	-0.14	1.44
farther	-0.14	2.01
obtain	-0.14	1.79
gunsmithing	-0.14	1.39
human	-0.14	1.45
rag	-0.14	1.77
certificate	-0.14	1.71
friday	-0.14	1.93
upset	-0.14	2.41
proposed	-0.14	1.74
soak	-0.14	1.59
filling	-0.14	1.81
ill	-0.14	2.68
hanging	-0.14	1.73
ended	-0.14	2.28
rape	-0.14	1.75
force	-0.14	1.59
many	-0.14	1.99
liberal	-0.14	1.45
guy	-0.14	2.26
position	-0.14	1.57
quarter	-0.13	1.50
bear	-0.13	1.21
excess	-0.13	1.56
warrant	-0.13	1.74
fucks	-0.13	1.63
pointed	-0.13	1.98
quote	-0.13	1.61
center	-0.13	1.63
remain	-0.13	1.84
ejection	-0.13	1.69
push	-0.13	1.84
card	-0.13	1.72
setting	-0.13	1.44
earlier	-0.13	1.98
devices	-0.13	1.37
ultimate	-0.13	1.41
mistaken	-0.13	3.76
import	-0.13	1.31
yards	-0.13	1.75
advantage	-0.13	1.86
culture	-0.13	1.47
seeing	-0.13	3.15
offers	-0.13	1.68
favor	-0.13	1.71
glasses	-0.13	1.66
manufactured	-0.13	1.67
inherently	-0.13	1.59
boom	-0.13	1.69
strongly	-0.13	2.41
prior	-0.13	1.95
45-70	-0.13	1.21
accurately	-0.13	1.96
sign	-0.13	1.65
trusts	-0.13	1.70
artillery	-0.13	1.20
choosing	-0.13	1.98
seven	-0.13	1.85
transferred	-0.13	1.94
<SPECIAL>	-0.13	1.34
<URL>	-0.13	1.34
ear	-0.13	1.78
flight	-0.12	1.46
accept	-0.12	1.87
deciding	-0.12	2.15
table	-0.12	1.64
weather	-0.12	1.32
birds	-0.12	1.19
hes	-0.12	2.18
squirrel	-0.12	1.16
sot	-0.12	1.62
burn	-0.12	1.63
profit	-0.12	1.72
much	-0.12	2.40
indoors	-0.12	1.74
revolution	-0.12	1.29
ring	-0.12	1.84
intention	-0.12	2.01
heart	-0.12	1.58
lifetime	-0.12	1.29
combined	-0.12	1.33
patrol	-0.12	1.56
snowflake	-0.12	1.75
yup	-0.12	2.84
cannon	-0.12	1.27
below	-0.11	1.52
uspsa	-0.11	1.56
weapons	-0.11	1.74
description	-0.11	1.50
firm	-0.11	1.51
firearms	-0.11	1.86
picking	-0.11	2.62
section	-0.11	1.64
degrees	-0.11	1.68
slip	-0.11	1.90
signed	-0.11	1.57
meters	-0.11	1.79
grow	-0.11	1.42
raise	-0.11	1.54
command	-0.11	1.33
gives	-0.11	1.45
knob	-0.11	1.64
failed	-0.11	1.91
spare	-0.11	1.68
package	-0.11	1.63
holders	-0.11	1.77
ears	-0.10	1.67
intent	-0.10	2.09
traveling	-0.10	1.63
sat	-0.10	1.76
seek	-0.10	1.74
trading	-0.10	2.10
flow	-0.10	1.43
regarding	-0.10	1.76
follows	-0.10	1.03
inspect	-0.10	1.71
storing	-0.10	1.84
keys	-0.10	1.31
accessories	-0.10	1.39
wasnt	-0.10	2.18
governor	-0.10	1.61
moves	-0.10	1.69
treated	-0.10	1.47
ripped	-0.10	1.74
permanent	-0.10	1.58
credit	-0.10	1.77
generation	-0.10	1.41
commonly	-0.09	1.62
building	-0.09	2.26
boss	-0.09	2.88
avoid	-0.09	2.17
pack	-0.09	1.29
union	-0.09	1.24
database	-0.09	1.61
calibers	-0.09	1.67
responsible	-0.09	1.59
introduced	-0.09	1.60
sitting	-0.09	1.74
zone	-0.09	1.62
hog	-0.09	1.12
lined	-0.09	1.26
clean	-0.09	1.63
creek	-0.09	1.62
step	-0.09	1.73
primer	-0.09	1.55
unloaded	-0.09	1.82
committee	-0.09	1.88
protection	-0.09	1.67
hassle	-0.09	1.76
strength	-0.09	1.33
closed	-0.09	1.61
funds	-0.09	1.66
engage	-0.09	1.62
10k	-0.09	1.93
situations	-0.09	1.73
name	-0.09	2.11
downvoted	-0.08	2.05
terribly	-0.08	2.14
units	-0.08	1.42
concealed	-0.08	1.81
few	-0.08	1.78
asap	-0.08	2.18
situation	-0.08	1.78
carefully	-0.08	1.66
unit	-0.08	1.29
bump	-0.08	1.60
way	-0.08	3.17
senate	-0.08	1.73
consider	-0.08	2.57
consistently	-0.08	1.91
marking	-0.08	1.79
filter	-0.08	1.48
wipe	-0.08	1.74
fill	-0.07	1.77
during	-0.07	1.52
bringing	-0.07	2.30
fucked	-0.07	1.86
speed	-0.07	1.33
describing	-0.07	1.95
lethal	-0.07	1.59
tonight	-0.07	1.93
covered	-0.07	1.45
specifics	-0.07	2.68
grand	-0.07	1.74
bent	-0.07	1.66
sleep	-0.07	1.87
recent	-0.07	1.46
escape	-0.07	1.61
stories	-0.07	1.88
cancer	-0.07	1.81
outdoors	-0.07	1.61
energy	-0.07	1.44
relationship	-0.07	1.42
dates	-0.07	1.68
benefit	-0.07	1.84
window	-0.07	1.58
torn	-0.07	1.99
cleaner	-0.07	1.69
necessary	-0.07	1.86
trunk	-0.07	1.65
shelf	-0.06	1.61
reloaded	-0.06	1.34
lake	-0.06	1.39
racking	-0.06	1.60
hmmm	-0.06	1.94
kills	-0.06	1.35
late	-0.06	1.84
strike	-0.06	1.49
range	-0.06	1.76
youre	-0.06	2.26
backstop	-0.06	1.51
licensed	-0.06	1.79
skip	-0.06	2.16
motion	-0.06	1.32
access	-0.06	1.61
yard	-0.06	1.67
shall	-0.06	2.03
text	-0.06	1.60
windows	-0.06	1.34
blank	-0.06	1.41
case	-0.06	1.59
fear	-0.06	1.56
closing	-0.06	1.98
beach	-0.06	1.59
spread	-0.06	1.92
chiappa	-0.05	0.97
couple	-0.05	1.76
wikipedia	-0.05	1.46
headspace	-0.05	1.51
e.g	-0.05	1.59
wind	-0.05	1.58
links	-0.05	1.42
print	-0.05	1.33
room	-0.05	1.76
lengths	-0.05	1.57
outdoor	-0.05	1.68
sweat	-0.05	1.29
electric	-0.05	1.49
grouping	-0.05	1.57
corrosive	-0.05	1.19
ranges	-0.05	1.71
date	-0.05	1.75
pepper	-0.05	1.38
cold	-0.05	1.33
branch	-0.05	1.57
bottom	-0.04	1.92
night	-0.04	1.73
bastards	-0.04	1.38
percent	-0.04	1.65
casings	-0.04	1.58
allows	-0.04	1.69
purely	-0.04	1.94
number	-0.04	1.70
idpa	-0.04	1.52
schools	-0.04	1.57
widely	-0.04	1.51
pushing	-0.04	1.75
safety	-0.04	1.23
patch	-0.04	1.62
ridiculous	-0.04	2.31
warn	-0.04	1.56
locked	-0.04	1.87
completely	-0.04	2.30
zip	-0.04	1.31
kind	-0.04	2.42
pelican	-0.04	1.57
manufacturer	-0.04	1.50
debate	-0.04	1.76
advantages	-0.04	1.63
contribute	-0.04	1.74
drawer	-0.04	1.69
four	-0.03	1.74
bow	-0.03	1.22
sticky	-0.03	1.52
moa	-0.03	1.57
three	-0.03	1.73
noise	-0.03	1.63
5k	-0.03	1.67
rd	-0.03	1.46
max	-0.03	1.66
pounds	-0.03	1.84
glocks	-0.03	1.28
competitions	-0.03	1.52
indoor	-0.03	1.67
capability	-0.03	1.56
container	-0.03	1.67
rifleman	-0.03	1.35
straight	-0.03	1.77
contract	-0.03	1.36
shooting	-0.03	1.56
warm	-0.03	1.37
approach	-0.03	1.68
swat	-0.02	1.51
remotely	-0.02	2.15
curiosity	-0.02	1.89
desk	-0.02	1.62
stored	-0.02	1.82
body	-0.02	1.34
desired	-0.02	1.79
pressure	-0.02	1.40
manufacture	-0.02	1.58
mass	-0.02	1.54
eight	-0.02	1.74
pc	-0.02	1.33
opposed	-0.02	1.98
drivers	-0.02	1.59
assault	-0.02	1.46
facing	-0.02	2.05
basement	-0.02	1.70
none	-0.02	2.12
comparison	-0.01	1.28
face	-0.01	1.58
stopping	-0.01	1.43
bed	-0.01	1.70
rates	-0.01	1.61
temperature	-0.01	1.47
penis	-0.01	1.58
another	-0.01	3.22
trained	-0.01	1.35
oil	-0.01	1.73
rentals	-0.01	1.75
minimum	-0.01	1.56
gate	-0.01	1.54
patches	-0.01	1.61
typical	-0.01	1.53
sporting	-0.01	1.49
differences	-0.01	1.67
communist	-0.01	1.25
casing	-0.01	1.59
tree	-0.01	1.50
eyes	-0.01	1.81
smokeless	-0.01	1.52
laughed	-0.01	1.78
3k	-0.01	1.63
fence	-0.01	1.81
operations	-0.01	1.48
convert	-0.01	1.88
whom	-0.01	1.57
finding	-0.01	2.43
clp	-0.01	1.65
overkill	-0.01	1.46
enter	-0.01	1.58
function	-0.01	2.10
besides	-0.00	1.72
logical	-0.00	2.29
ol	-0.00	1.47
dinner	-0.00	1.30
overly	-0.00	2.13
offer	-0.00	2.15
crowd	-0.00	1.38
groups	-0.00	1.46
sites	-0.00	1.62
dildo	-0.00	1.27
active	-0.00	1.37
empty	-0.00	1.58
batfe	-0.00	1.63
temporary	-0.00	1.49
quite	-0.00	2.45
season	-0.00	1.31
volume	-0.00	1.50
faggot	0.00	2.02
stamp	0.00	1.71
clubs	0.00	1.47
caliber	0.00	1.38
sold	0.00	1.83
launcher	0.00	1.39
adds	0.00	1.33
functionality	0.00	1.50
primarily	0.00	1.90
capitalist	0.00	1.17
matches	0.00	1.44
converting	0.00	1.78
fewer	0.01	1.87
msrp	0.01	1.67
infantry	0.01	1.28
documentation	0.01	1.83
freely	0.01	1.79
mid	0.01	1.67
register	0.01	1.76
chart	0.01	1.41
brass	0.01	1.36
phoenix	0.01	1.27
cloth	0.01	1.64
deep	0.01	1.54
theyre	0.01	1.93
tend	0.01	1.98
seat	0.01	1.62
muffs	0.01	1.58
noted	0.01	1.59
inside	0.01	1.74
adopted	0.01	1.34
ft	0.01	1.81
machines	0.01	1.45
o	0.01	1.69
chamber	0.01	1.65
ar-15s	0.01	1.39
list	0.02	1.33
solvent	0.02	1.66
heat	0.02	1.35
separate	0.02	1.76
rounders	0.02	1.61
brush	0.02	1.66
inspection	0.02	1.72
thus	0.02	1.77
implying	0.02	1.71
unsure	0.02	2.96
backpack	0.02	1.32
famous	0.02	1.18
impossible	0.02	1.79
justified	0.02	1.77
fire	0.02	1.54
levels	0.02	1.52
vacation	0.02	1.83
enough	0.02	2.37
closet	0.02	1.68
10,000	0.02	1.63
door	0.02	1.69
extend	0.02	1.86
dr	0.02	1.69
science	0.02	1.65
plugs	0.02	1.58
accuracy	0.02	1.38
thoroughly	0.02	1.43
mall	0.02	1.27
meat	0.02	1.17
larger	0.02	1.48
perspective	0.02	1.88
moisture	0.02	1.46
organization	0.02	1.38
tolerances	0.02	1.36
unload	0.03	1.67
coffee	0.03	1.39
deleted	0.03	1.71
feelings	0.03	1.87
labeled	0.03	1.61
friend	0.03	2.52
penny	0.03	1.71
accounts	0.03	1.74
smile	0.03	1.44
storage	0.03	1.77
rim	0.03	1.49
gap	0.03	1.40
ex	0.03	2.83
quit	0.03	1.87
7n6	0.03	1.16
involved	0.03	2.30
submit	0.03	1.71
edge	0.03	1.22
flair	0.03	1.70
yesterday	0.03	1.94
available	0.03	1.53
poster	0.03	1.82
bet	0.03	3.29
ten	0.03	1.69
trade	0.03	2.15
percentage	0.03	1.55
five	0.03	1.67
explaining	0.03	2.24
stretch	0.03	1.60
jackass	0.04	1.83
assemble	0.04	1.86
experiences	0.04	1.60
explosive	0.04	1.41
increase	0.04	1.39
targets	0.04	1.66
two	0.04	1.82
zeroed	0.04	1.58
manner	0.04	2.18
corner	0.04	1.64
genuinely	0.04	2.39
materials	0.04	1.23
cod	0.04	1.42
following	0.04	1.54
advocate	0.04	2.13
membership	0.04	1.57
military	0.04	1.25
farm	0.04	1.60
adjustment	0.04	1.60
m	0.04	2.98
items	0.04	1.69
supersonic	0.04	1.59
cabinet	0.04	1.72
nfa	0.04	1.60
plan	0.05	2.33
elevation	0.05	1.53
political	0.05	1.48
forward	0.05	1.70
closer	0.05	2.07
guess	0.05	3.16
above	0.05	1.66
milsurp	0.05	1.22
bedroom	0.05	1.66
loading	0.05	1.57
downvotes	0.05	1.80
onto	0.05	1.56
increases	0.05	1.40
golf	0.05	1.25
international	0.05	1.29
system	0.05	1.51
fuckers	0.05	1.51
further	0.05	2.00
sample	0.05	1.43
perform	0.06	1.96
hill	0.06	1.35
expansion	0.06	1.40
follower	0.06	1.56
fires	0.06	1.46
summer	0.06	1.42
hitler	0.06	1.61
cases	0.06	1.46
grown	0.06	1.33
drag	0.06	1.39
sbrs	0.06	1.65
treatment	0.06	1.56
mouth	0.06	1.53
aimed	0.06	1.80
means	0.06	3.42
velocity	0.06	1.42
roughly	0.06	1.86
grew	0.06	1.71
sources	0.06	1.81
writing	0.06	1.84
division	0.06	1.36
aftermarket	0.06	1.44
operators	0.06	1.68
died	0.06	1.93
park	0.07	1.39
sf	0.07	1.43
aside	0.07	1.77
forcing	0.07	1.58
5.45	0.07	1.09
corps	0.07	1.23
gasses	0.07	1.42
imports	0.07	1.23
safes	0.07	1.63
hunter	0.07	1.16
ways	0.07	2.23
delayed	0.07	1.49
gay	0.07	1.57
tooling	0.07	1.47
feeling	0.07	2.19
advertised	0.07	1.83
doors	0.07	1.57
foot	0.07	1.64
reload	0.07	1.38
v	0.07	1.61
registered	0.07	1.66
tiny	0.07	1.14
functioning	0.07	1.94
lube	0.07	1.56
downrange	0.07	1.88
format	0.07	1.59
tail	0.07	1.28
criteria	0.08	1.77
round	0.08	1.50
proprietary	0.08	1.30
2011	0.08	1.71
21	0.08	1.84
wasr	0.08	1.28
pdf	0.08	1.28
retarded	0.08	1.98
river	0.08	1.35
shell	0.08	1.53
large	0.08	1.29
excuse	0.08	2.52
windage	0.08	1.52
placement	0.08	1.51
piston	0.08	1.36
roommate	0.08	2.60
voice	0.08	1.79
cycles	0.08	1.58
additional	0.08	1.68
appeal	0.08	1.68
2-3	0.08	1.66
sports	0.08	1.47
tanks	0.08	1.19
hell	0.08	2.54
sighted	0.08	1.54
timing	0.08	1.76
general	0.08	1.79
broad	0.08	2.14
latter	0.09	1.98
exemption	0.09	1.75
hoppes	0.09	1.61
machine	0.09	1.55
sealed	0.09	1.45
aperture	0.09	1.40
kitchen	0.09	1.59
brought	0.09	1.89
dead	0.09	1.82
driven	0.09	1.41
compatible	0.09	1.55
tad	0.09	1.89
platforms	0.09	1.50
accommodate	0.09	1.64
holder	0.09	1.54
frankly	0.09	1.75
somewhat	0.09	2.14
square	0.09	1.36
mobile	0.09	1.70
garage	0.09	1.66
pink	0.10	1.45
split	0.10	1.71
varies	0.10	1.78
neighbors	0.10	1.62
firing	0.10	1.45
book	0.10	1.51
acquire	0.10	1.94
bottle	0.10	1.34
5.45x39	0.10	1.15
drink	0.10	1.33
issued	0.10	1.45
ball	0.10	1.23
7.62x39	0.10	1.12
designs	0.10	1.33
nine	0.10	1.58
safe	0.10	1.94
extractor	0.10	1.64
54r	0.10	1.11
service	0.10	1.32
henry	0.10	1.19
headed	0.10	1.99
dudes	0.10	1.66
specs	0.10	1.48
floor	0.10	1.59
5000	0.10	1.59
blind	0.10	1.99
ran	0.10	1.78
ambi	0.10	1.28
readily	0.10	1.55
ianal	0.11	2.18
sits	0.11	1.65
hand	0.11	1.98
engaged	0.11	1.31
pressed	0.11	1.86
korea	0.11	1.27
performance	0.11	1.42
die	0.11	1.69
adjustments	0.11	1.48
separately	0.11	1.85
provides	0.11	1.69
weekends	0.11	1.78
cheaper	0.11	1.67
session	0.11	1.78
code	0.11	1.67
machining	0.11	1.28
production	0.11	1.32
mill	0.11	1.42
systems	0.11	1.43
qualify	0.11	1.63
little	0.11	2.04
firearm	0.11	1.94
underneath	0.12	1.47
chambers	0.12	1.43
except	0.12	2.19
looking	0.12	2.82
handguns	0.12	1.61
ouch	0.12	1.65
fingers	0.12	1.79
renting	0.12	1.99
modification	0.12	1.73
afraid	0.12	2.87
planning	0.12	2.52
ar15s	0.12	1.36
saiga	0.12	1.09
dust	0.12	1.36
99	0.12	1.67
shown	0.13	1.33
consideration	0.13	1.96
tools	0.13	1.45
vodka	0.13	1.19
king	0.13	1.28
stamps	0.13	1.57
2k	0.13	1.64
methods	0.13	1.87
handgun	0.13	1.72
vepr	0.13	1.08
at	0.13	1.69
tab	0.13	1.57
army	0.13	1.23
huh	0.13	2.89
brain	0.13	1.59
girlfriend	0.13	2.88
0	0.13	1.78
competition	0.13	1.38
confirmed	0.14	1.39
gauges	0.14	1.63
hunting	0.14	1.17
bars	0.14	1.40
different	0.14	1.48
relief	0.14	1.43
snake	0.14	1.63
bit	0.14	1.94
engineering	0.14	1.67
growing	0.14	1.37
actual	0.14	1.97
mg	0.14	1.55
settled	0.14	1.40
equipment	0.14	1.34
fps	0.14	1.57
place	0.14	3.16
game	0.14	1.09
top	0.14	1.47
lock	0.14	1.59
works	0.14	2.08
proven	0.14	1.59
trusted	0.14	1.58
spam	0.15	1.12
wording	0.15	2.19
unfortunately	0.15	2.80
im	0.15	2.60
penetrate	0.15	1.51
vague	0.15	2.00
shooter	0.15	1.52
3-4	0.15	1.58
hidden	0.15	1.67
wax	0.15	1.51
pls	0.15	1.68
grease	0.15	1.55
statement	0.15	3.10
rush	0.15	1.52
installing	0.15	1.83
gunsmith	0.15	1.73
married	0.15	2.77
maintenance	0.15	1.42
maker	0.15	1.46
catch	0.16	1.50
certified	0.16	1.42
particularly	0.16	2.19
covers	0.16	1.46
expand	0.16	1.55
tap	0.16	1.40
removal	0.16	1.71
her	0.16	2.86
legislature	0.16	1.75
shipped	0.16	1.65
powder	0.16	1.42
jokes	0.16	1.81
fine	0.16	2.42
tension	0.16	1.49
non	0.16	1.58
fired	0.16	1.43
install	0.16	1.83
louder	0.16	1.71
members	0.16	1.36
music	0.16	1.19
electronic	0.16	1.64
environment	0.16	1.57
operation	0.16	1.39
sand	0.16	1.35
defined	0.16	1.81
house	0.16	1.67
distance	0.16	1.67
printer	0.16	1.35
primers	0.16	1.39
national	0.16	1.29
rental	0.16	1.53
visiting	0.16	2.04
ptr	0.16	1.22
english	0.17	2.02
subject	0.17	1.60
accessible	0.17	1.62
jobs	0.17	1.58
aks	0.17	1.10
british	0.17	1.33
plant	0.17	1.30
mil	0.17	1.39
noob	0.17	2.44
sight	0.17	1.36
skin	0.17	1.36
cap	0.17	1.34
2000	0.17	1.41
surplus	0.17	1.14
build	0.17	1.64
magazines	0.17	1.41
suppressors	0.17	1.52
liked	0.17	2.40
palm	0.17	1.56
3000	0.17	1.54
ambidextrous	0.17	1.25
relevant	0.17	1.50
drinking	0.17	1.45
host	0.17	1.51
enthusiasts	0.17	1.47
hard	0.17	1.95
submission	0.17	1.37
theoretically	0.17	1.83
therefore	0.17	2.14
thumb	0.17	1.48
alternatively	0.18	1.87
loaded	0.18	1.82
pellet	0.18	1.33
turkey	0.18	1.21
accessory	0.18	1.38
penetration	0.18	1.40
forth	0.18	1.73
sick	0.18	2.59
holding	0.18	2.05
plans	0.18	1.96
74	0.18	1.23
magazine	0.18	1.41
sister	0.18	2.88
capture	0.18	1.19
film	0.18	1.15
ease	0.18	1.46
port	0.18	1.51
experienced	0.18	1.55
visit	0.18	1.83
button	0.18	1.41
score	0.18	1.54
estate	0.18	1.61
ordered	0.18	1.71
income	0.18	1.60
included	0.18	1.90
brother	0.18	2.83
bulky	0.18	1.48
sighting	0.18	1.42
apartment	0.18	1.65
weights	0.18	1.54
hcebot	0.19	1.68
engineer	0.19	1.57
commercial	0.19	1.25
release	0.19	1.39
clay	0.19	1.39
depending	0.19	2.10
cartridge	0.19	1.41
ejector	0.19	1.58
tagged	0.19	1.88
names	0.19	1.70
becomes	0.19	1.84
pulling	0.19	1.62
continue	0.19	1.77
software	0.19	1.43
articles	0.19	1.49
bone	0.19	1.43
distances	0.19	1.66
ice	0.19	1.19
metric	0.19	1.35
mom	0.19	2.55
triple	0.19	1.43
modified	0.19	1.56
bird	0.19	1.31
cutting	0.19	1.35
worried	0.19	2.95
born	0.19	1.77
inches	0.19	1.61
technology	0.19	1.21
friends	0.19	2.30
teeth	0.19	1.65
index	0.19	1.67
aesthetics	0.20	1.89
more	0.20	2.11
aggressive	0.20	1.40
7.62x54r	0.20	1.08
followed	0.20	1.37
first	0.20	2.79
tends	0.20	1.91
driver	0.20	1.47
sound	0.20	1.87
ak-74	0.20	1.21
though	0.20	2.76
quieter	0.20	1.62
daughter	0.20	2.84
price	0.20	1.64
title	0.20	1.64
placed	0.20	1.70
existing	0.20	1.71
suppressed	0.20	1.47
version	0.20	1.80
mine	0.20	2.17
soviet	0.20	1.11
drilling	0.20	1.48
include	0.21	1.79
2	0.21	1.54
dang	0.21	2.86
height	0.21	1.35
breech	0.21	1.52
extremely	0.21	2.00
approximately	0.21	1.62
manually	0.21	1.60
100	0.21	1.48
notch	0.21	1.44
field	0.21	1.40
kids	0.21	2.10
load	0.21	1.56
star	0.21	1.21
subsonic	0.21	1.46
photography	0.21	1.52
weaver	0.21	1.28
223/5.56	0.21	1.34
eating	0.21	1.21
mechanical	0.21	1.59
rub	0.21	1.71
direction	0.21	1.72
duck	0.21	1.19
loophole	0.21	2.00
slot	0.21	1.46
six	0.21	1.54
rod	0.21	1.52
2500	0.21	1.52
ghost	0.21	1.34
pressures	0.21	1.45
details	0.22	1.54
benefits	0.22	1.56
cousin	0.22	2.81
hardware	0.22	1.41
rear	0.22	1.37
qualified	0.22	1.43
resources	0.22	1.67
versions	0.22	1.56
detail	0.22	1.43
am	0.22	2.89
certain	0.22	1.68
blast	0.22	1.32
cut	0.22	1.38
trap	0.22	1.39
shooters	0.22	1.48
playing	0.22	1.42
based	0.22	1.74
new	0.22	1.48
nazi	0.22	1.18
suggest	0.22	2.38
maximum	0.22	1.50
lasers	0.23	1.31
hole	0.23	1.45
loose	0.23	1.61
uncommon	0.23	1.21
bolt	0.23	1.53
dad	0.23	2.48
compare	0.23	1.61
rate	0.23	1.56
fold	0.23	1.91
tests	0.23	1.51
glove	0.23	1.59
3d	0.23	1.45
germans	0.23	1.38
wall	0.23	1.58
investment	0.23	1.88
study	0.23	1.63
cheese	0.23	1.13
controls	0.23	1.28
printed	0.23	1.21
whichever	0.23	2.69
6	0.23	1.51
ak-47	0.23	1.08
removable	0.23	1.42
french	0.23	1.35
granted	0.24	1.23
1k	0.24	1.50
ymmv	0.24	1.47
shells	0.24	1.44
pair	0.24	1.58
imho	0.24	1.49
holds	0.24	1.70
easier	0.24	1.88
uncle	0.24	2.35
pure	0.24	1.11
neighbor	0.24	2.37
autos	0.24	1.39
realized	0.24	2.00
armor	0.24	1.42
glorious	0.24	1.22
bout	0.24	1.65
effectiveness	0.24	1.34
cup	0.24	1.27
lady	0.24	2.42
options	0.24	2.03
converted	0.24	1.25
5	0.24	1.51
ar-15	0.24	1.36
ops	0.24	1.27
comments	0.24	1.56
retard	0.24	1.91
bare	0.24	1.47
mags	0.24	1.38
6.8	0.24	1.34
operating	0.25	1.42
1,000	0.25	1.49
3	0.25	1.52
socom	0.25	1.31
instant	0.25	1.56
disassemble	0.25	1.63
indicator	0.25	1.34
ak	0.25	1.09
spin	0.25	1.41
silencer	0.25	1.51
vs	0.25	1.30
burst	0.25	1.41
same	0.25	2.28
cartridges	0.25	1.37
blk	0.25	1.41
utility	0.25	1.60
223	0.25	1.20
visible	0.25	1.63
7	0.25	1.50
cnc	0.25	1.32
castle	0.25	1.47
458	0.25	1.30
ar	0.25	1.40
passed	0.26	1.72
solved	0.26	1.35
movies	0.26	1.16
sarcastic	0.26	2.24
net	0.26	1.51
prime	0.26	1.48
disconnect	0.26	1.31
weird	0.26	2.21
less	0.26	1.83
built	0.26	1.45
father	0.26	2.46
task	0.26	1.62
assembly	0.26	1.84
1000	0.26	1.47
grandpa	0.26	2.19
conversions	0.26	1.37
resistance	0.26	1.43
data	0.26	1.63
replaced	0.26	1.87
handle	0.26	1.41
thumbs	0.26	1.54
tired	0.26	2.25
blackout	0.26	1.38
450	0.26	1.54
rattle	0.26	1.77
method	0.27	1.89
1	0.27	1.51
wkndbot	0.27	1.58
example	0.27	2.48
becoming	0.27	1.69
children	0.27	1.91
tighten	0.27	1.64
chicken	0.27	1.32
gel	0.27	1.43
milled	0.27	1.15
5.56	0.27	1.26
considered	0.27	1.95
difficulty	0.27	2.05
harris	0.27	1.39
1/4	0.27	1.56
plate	0.27	1.46
well	0.27	2.62
bullet	0.27	1.42
mag	0.27	1.35
installed	0.27	1.64
korean	0.27	1.22
1500	0.27	1.47
grabbed	0.27	1.55
300blk	0.27	1.40
pmags	0.27	1.43
permanently	0.27	1.36
test	0.27	1.52
match	0.28	1.24
ars	0.28	1.35
present	0.28	1.66
breaks	0.28	1.32
components	0.28	1.36
sharp	0.28	1.25
selector	0.28	1.31
ahh	0.28	2.81
bases	0.28	1.23
his	0.28	2.41
recommended	0.28	1.82
skeet	0.28	1.38
diameter	0.28	1.52
camp	0.28	1.41
specific	0.28	1.86
held	0.28	1.58
standpoint	0.28	1.78
suppressor	0.28	1.45
depth	0.28	1.39
projectile	0.28	1.44
stripper	0.29	1.46
operated	0.29	1.41
7.62	0.29	1.17
irons	0.29	1.36
hood	0.29	1.45
fixed	0.29	1.57
measured	0.29	1.64
option	0.29	2.89
pinky	0.29	1.42
regardless	0.29	2.00
seems	0.29	2.32
400	0.29	1.48
opinions	0.29	1.83
locks	0.29	1.58
flawlessly	0.29	1.63
especially	0.29	2.03
bulgarian	0.29	1.05
difficult	0.29	1.49
flex	0.29	1.55
welded	0.29	1.37
lazy	0.29	2.07
fa	0.29	1.38
full-auto	0.29	1.31
tear	0.29	1.36
brothers	0.29	2.22
drilled	0.29	1.41
shitpost	0.29	1.65
its	0.29	2.45
reduction	0.29	1.37
ar-10	0.30	1.28
fully	0.30	1.66
kits	0.30	1.37
1.5	0.30	1.47
cleaning	0.30	1.51
russian	0.30	1.09
assist	0.30	1.39
attachment	0.30	1.32
springs	0.30	1.59
adult	0.30	1.77
slow	0.30	1.49
bar	0.30	1.39
ar10	0.30	1.28
games	0.30	1.11
shtf	0.30	1.46
episode	0.30	1.06
axis	0.30	1.13
neck	0.30	1.43
trainer	0.30	1.19
select	0.30	1.36
dpms	0.30	1.30
10	0.30	1.46
porn	0.30	1.33
ak47	0.30	1.07
degree	0.30	1.36
intermediate	0.30	1.29
birthday	0.30	2.38
sbs	0.30	1.60
reduced	0.30	1.33
velocities	0.30	1.49
legs	0.30	1.60
earth	0.30	1.31
1200	0.30	1.45
adjusted	0.30	1.53
7.62x51	0.30	1.20
lapua	0.30	1.41
m1a	0.30	1.09
quick	0.30	1.42
collect	0.31	0.94
attach	0.31	1.42
barrier	0.31	1.49
giggles	0.31	1.83
screws	0.31	1.53
parents	0.31	2.41
dip	0.31	1.62
bubba	0.31	1.23
cosmetic	0.31	1.46
internal	0.31	1.34
added	0.31	1.55
750	0.31	1.48
discontinued	0.31	1.46
spring	0.31	1.60
paper	0.31	1.44
ar500	0.31	1.48
semi-autos	0.31	1.32
hp	0.31	1.21
led	0.31	1.32
assembled	0.31	1.50
knowledge	0.31	1.47
8	0.31	1.46
bayonets	0.31	1.14
golden	0.31	1.18
weld	0.31	1.46
22lr	0.31	1.10
lathe	0.31	1.37
planned	0.32	2.02
armorer	0.32	1.47
bronze	0.32	1.41
14	0.32	1.41
cons	0.32	1.49
exposed	0.32	1.36
tied	0.32	1.44
front	0.32	1.34
iron	0.32	1.34
bought	0.32	1.73
hornady	0.32	1.25
models	0.32	1.53
foam	0.32	1.46
makers	0.32	1.56
functions	0.32	1.70
650	0.32	1.52
killer	0.32	1.45
faster	0.32	1.70
features	0.32	1.43
spot	0.32	2.32
item	0.32	1.81
priority	0.32	1.63
expanding	0.32	1.38
spec	0.32	1.41
labor	0.32	1.56
ones	0.32	1.88
brake	0.32	1.39
brakes	0.32	1.31
location	0.32	1.76
338	0.32	1.42
research	0.32	1.76
debating	0.33	2.19
purchased	0.33	1.52
sensitive	0.33	1.34
mounted	0.33	1.34
projects	0.33	1.95
bat	0.33	1.47
primary	0.33	1.31
dd	0.33	1.45
gift	0.33	2.10
reasonable	0.33	1.56
seal	0.33	1.37
hence	0.33	1.67
800	0.33	1.44
applications	0.33	1.73
norinco	0.33	1.13
piercing	0.33	1.35
legitimate	0.33	1.60
team	0.33	1.31
reticle	0.33	1.39
slide	0.33	1.47
ga	0.33	1.33
900	0.33	1.44
improved	0.33	1.23
bored	0.33	1.66
riser	0.33	1.24
11	0.33	1.38
stroke	0.33	1.38
cmp	0.33	1.38
rifles	0.33	1.33
mounting	0.33	1.35
classified	0.34	1.77
former	0.34	1.34
usual	0.34	1.59
winter	0.34	1.34
mini-14	0.34	1.16
slightly	0.34	1.76
30	0.34	1.43
suit	0.34	1.43
picatinny	0.34	1.29
inch	0.34	1.46
threaded	0.34	1.34
younger	0.34	2.19
personal	0.34	1.70
chest	0.34	1.44
duct	0.34	1.61
stripping	0.34	1.59
impulse	0.34	1.31
loop	0.34	1.27
200	0.34	1.46
category	0.34	1.54
pin	0.34	1.45
releases	0.34	1.30
tv	0.34	1.15
sights	0.34	1.33
oddly	0.34	1.81
flip	0.34	1.26
baffles	0.34	1.36
destructive	0.34	1.55
equivalent	0.34	1.43
usage	0.34	1.82
00	0.35	1.45
destroyed	0.35	1.25
yugo	0.35	1.05
very	0.35	2.07
activity	0.35	1.49
carriers	0.35	1.37
ar15	0.35	1.38
flash	0.35	1.32
previous	0.35	1.77
rated	0.35	1.47
grains	0.35	1.53
auto	0.35	1.35
progress	0.35	1.39
alive	0.35	1.66
reduce	0.35	1.21
shoots	0.35	1.81
highest	0.35	2.49
babies	0.35	1.31
head	0.35	1.59
300	0.36	1.38
romanian	0.36	1.06
automatic	0.36	1.38
loads	0.36	1.40
lawful	0.36	1.70
kid	0.36	2.32
ranger	0.36	1.28
weighs	0.36	1.60
harder	0.36	1.73
quicker	0.36	1.70
buckshot	0.36	1.43
worn	0.36	1.77
bigger	0.36	1.50
provided	0.36	1.77
micro	0.36	1.28
than	0.36	1.76
24	0.36	1.50
drum	0.36	1.40
dimensions	0.36	1.58
hits	0.36	1.70
4	0.36	1.43
soul	0.36	1.40
locking	0.36	1.44
sbr	0.36	1.56
core	0.36	1.17
ap	0.36	1.25
upgraded	0.36	1.51
priced	0.36	1.26
sport	0.36	1.41
narrow	0.36	1.46
break	0.36	1.88
gas	0.37	1.35
lips	0.37	1.45
women	0.37	1.95
attached	0.37	1.36
aac	0.37	1.38
pattern	0.37	1.18
feature	0.37	1.34
measure	0.37	1.63
jones	0.37	1.40
vietnam	0.37	1.26
son	0.37	2.40
edition	0.37	1.30
plates	0.37	1.35
bitches	0.37	1.70
minus	0.37	1.46
selection	0.37	1.59
nato	0.37	1.34
loader	0.37	1.36
tape	0.37	1.56
bushnell	0.37	1.31
gave	0.37	2.10
toward	0.37	1.68
600	0.37	1.42
roll	0.37	1.53
palmetto	0.37	1.36
complicated	0.38	1.36
cheap	0.38	1.22
child	0.38	2.30
softer	0.38	1.67
idk	0.38	2.09
slower	0.38	1.66
greater	0.38	1.40
20	0.38	1.40
varmint	0.38	1.13
ammunition	0.38	1.38
tech	0.38	1.27
incredibly	0.38	2.01
vice	0.38	1.40
rhino	0.38	1.06
buffalo	0.38	1.23
reducing	0.38	1.14
blowback	0.38	1.33
coyote	0.38	1.12
development	0.38	1.48
wool	0.38	1.55
clip	0.38	1.32
power	0.39	1.27
lug	0.39	1.29
magnet	0.39	1.21
terms	0.39	1.43
brand	0.39	1.40
topic	0.39	1.62
gr	0.39	1.27
oz	0.39	1.57
buck	0.39	1.41
ballistic	0.39	1.43
definition	0.39	2.07
wrench	0.39	1.42
lever	0.39	1.21
mr	0.39	1.36
friction	0.39	1.20
svd	0.39	1.04
japanese	0.39	1.23
welding	0.39	1.47
didnt	0.39	2.53
slug	0.39	1.33
premium	0.39	1.26
capacity	0.39	1.24
tiger	0.39	1.15
screw	0.39	1.45
leg	0.39	1.39
final	0.39	1.59
compensator	0.39	1.30
greatest	0.39	2.29
base	0.40	1.39
term	0.40	2.02
birdshot	0.40	1.51
magnification	0.40	1.35
arms	0.40	1.18
stripped	0.40	1.41
regret	0.40	1.98
detachable	0.40	1.31
female	0.40	1.55
buddies	0.40	2.13
3x	0.40	1.29
pinned	0.40	1.36
b	0.40	1.75
uppers	0.40	1.37
slugs	0.40	1.37
308	0.40	1.16
wear	0.40	1.48
free	0.40	1.48
ninja	0.40	1.37
tag	0.40	1.64
territory	0.40	1.54
duty	0.40	1.39
bolts	0.40	1.45
plug	0.40	1.44
books	0.40	1.35
crate	0.41	1.01
tavor	0.41	1.10
chambered	0.41	1.19
25	0.41	1.45
towards	0.41	2.18
3/4	0.41	1.40
offering	0.41	2.09
bmg	0.41	1.33
fairly	0.41	1.96
130	0.41	1.31
receiver	0.41	1.39
tall	0.41	1.42
realistic	0.41	1.17
special	0.41	1.43
lugs	0.41	1.44
marine	0.41	1.21
blocks	0.41	1.39
throat	0.41	1.41
gen	0.41	1.21
o'clock	0.41	1.57
woman	0.41	2.25
53	0.41	1.28
pins	0.41	1.45
queen	0.41	1.40
bearing	0.41	1.29
aspect	0.41	1.59
confusion	0.41	2.38
13	0.42	1.40
join	0.42	1.47
vary	0.42	1.66
youth	0.42	1.23
disassembly	0.42	1.39
actions	0.42	1.39
rem	0.42	1.12
floating	0.42	1.38
spray	0.42	1.31
pro	0.42	1.43
cat	0.42	1.39
mbus	0.42	1.22
scoped	0.42	1.25
flashlight	0.42	1.25
factory	0.42	1.21
makarov	0.42	1.08
walls	0.42	1.41
bb	0.42	1.60
tie	0.42	1.40
4x	0.42	1.33
pockets	0.42	1.42
fan	0.42	1.85
swivel	0.42	1.27
torque	0.42	1.43
chinese	0.42	1.15
complete	0.42	1.41
35	0.42	1.38
hopefully	0.42	2.41
surefire	0.42	1.32
1/2	0.42	1.41
bench	0.43	1.58
charging	0.43	1.30
swapped	0.43	1.65
standard	0.43	1.30
copy	0.43	1.32
guide	0.43	1.44
race	0.43	1.46
stuff	0.43	1.79
tritium	0.43	1.36
soon	0.43	2.34
smaller	0.43	1.42
purpose	0.43	2.02
steady	0.43	1.54
drill	0.43	1.37
young	0.43	1.88
stamped	0.43	1.46
capable	0.43	1.62
width	0.43	1.47
offset	0.43	1.25
define	0.43	1.71
cuz	0.43	1.97
baseball	0.43	1.40
barrett	0.43	1.30
dot	0.43	1.27
triangle	0.43	1.06
nature	0.43	1.65
loctite	0.43	1.50
18	0.43	1.46
scopes	0.44	1.32
considerably	0.44	1.64
centerfire	0.44	1.25
55gr	0.44	1.20
literally	0.44	1.92
mounts	0.44	1.25
jhp	0.44	1.29
speer	0.44	1.28
243	0.44	1.13
variable	0.44	1.34
15	0.44	1.38
rings	0.44	1.29
adapter	0.44	1.31
answered	0.44	1.93
part	0.44	2.47
hst	0.44	1.29
120	0.44	1.38
nikon	0.44	1.26
30-30	0.44	1.07
understood	0.44	2.45
mount	0.44	1.26
dots	0.44	1.26
aimpoint	0.44	1.27
proper	0.44	2.19
screwdriver	0.45	1.41
marines	0.45	1.22
leupold	0.45	1.27
270	0.45	1.15
simpler	0.45	1.56
1300	0.45	1.33
sks	0.45	1.05
upper	0.45	1.35
arm	0.45	1.82
magnifier	0.45	1.27
hollow	0.45	1.35
expert	0.45	1.84
lower	0.45	1.36
acog	0.45	1.27
optic	0.45	1.29
served	0.45	1.33
wise	0.45	1.46
marked	0.45	1.42
10.5	0.45	1.36
wide	0.45	1.42
p90	0.45	1.12
career	0.45	1.37
age	0.45	1.94
dedicated	0.45	1.30
easiest	0.46	2.59
technically	0.46	3.24
pleasant	0.46	1.28
550	0.46	1.42
150	0.46	1.37
bayonet	0.46	1.18
comfort	0.46	1.42
hotter	0.46	1.55
dated	0.46	1.58
cylinder	0.46	1.42
type	0.46	1.53
concerned	0.46	2.64
semi-auto	0.46	1.23
role	0.46	1.42
old	0.46	1.72
platform	0.46	1.34
funny	0.46	2.71
fyi	0.46	1.75
scope	0.46	1.31
yes	0.46	3.31
psa	0.46	1.35
500	0.46	1.32
thicker	0.46	1.53
fast	0.47	1.54
ramp	0.47	1.42
wider	0.47	1.50
comfortably	0.47	1.59
sucker	0.47	1.80
twist	0.47	1.39
carrier	0.47	1.33
90	0.47	1.34
bond	0.47	1.28
wearing	0.47	1.43
tolerance	0.47	1.35
staff	0.47	1.43
semi	0.47	1.27
sides	0.47	1.56
700	0.47	1.21
qd	0.47	1.26
cocking	0.47	1.31
heavier	0.47	1.63
weapon	0.47	1.86
conventional	0.47	1.41
dickbutt	0.47	1.32
variant	0.47	1.13
clamp	0.47	1.31
insert	0.47	1.52
stronger	0.47	1.39
high	0.48	1.33
facility	0.48	1.47
association	0.48	1.28
manual	0.48	1.20
larue	0.48	1.27
combat	0.48	1.10
snappy	0.48	1.28
fitting	0.48	1.46
question	0.48	2.32
medium	0.48	1.18
longer	0.48	1.68
scar	0.48	1.13
marks	0.48	1.50
muzzle	0.48	1.21
applied	0.48	1.63
410	0.48	1.32
jacketed	0.48	1.32
tannerite	0.48	1.35
chokes	0.48	1.27
device	0.48	1.44
conversion	0.48	1.26
finger	0.49	1.60
optics	0.49	1.27
punch	0.49	1.36
vest	0.49	1.31
nugget	0.49	1.03
negative	0.49	1.64
burris	0.49	1.26
lightly	0.49	1.47
pipe	0.49	1.47
punches	0.49	1.36
eotech	0.49	1.25
30-06	0.49	1.14
winchester	0.49	1.09
sounded	0.49	2.04
pound	0.50	1.62
length	0.50	1.39
303	0.50	1.20
parts	0.50	1.55
weight	0.50	1.35
sling	0.50	1.23
16	0.50	1.35
choose	0.50	2.78
concept	0.50	1.98
plinking	0.50	1.29
wingmaster	0.50	1.11
cal	0.50	1.24
barrel	0.50	1.34
gt	0.50	1.89
naturally	0.50	1.55
numbers	0.50	1.48
an	0.50	1.32
preferably	0.50	1.26
precision	0.50	1.29
logo	0.50	1.26
strap	0.50	1.38
considering	0.50	2.66
scene	0.51	1.05
critical	0.51	1.31
nail	0.51	1.41
battlefield	0.51	1.06
shoulder	0.51	1.53
rra	0.51	1.24
6.5	0.51	1.24
extended	0.51	1.28
route	0.51	2.80
12	0.51	1.28
ranch	0.51	1.21
defensive	0.51	1.60
cowboy	0.51	1.29
battle	0.51	1.20
configuration	0.51	1.66
buddy	0.51	2.16
bushing	0.52	1.39
fitted	0.52	1.53
markings	0.52	1.41
comment	0.52	1.77
buis	0.52	1.24
t3	0.52	1.03
radius	0.52	1.37
80	0.52	1.31
strip	0.52	1.55
trijicon	0.52	1.26
rifle	0.52	1.24
hi	0.52	1.23
sd	0.52	1.61
objective	0.52	1.68
22	0.52	1.07
travel	0.52	1.43
gold	0.52	1.21
nylon	0.52	1.40
extension	0.52	1.36
significantly	0.52	1.61
aug	0.52	1.30
gloves	0.52	1.43
slings	0.52	1.24
patient	0.52	1.79
sidearm	0.52	1.58
focused	0.52	1.57
savage	0.52	1.07
replied	0.52	2.10
nightstand	0.52	1.60
relatively	0.52	1.76
coin	0.52	1.42
18.5	0.53	1.19
250	0.53	1.40
marlin	0.53	1.07
external	0.53	1.20
tighter	0.53	1.53
mild	0.53	1.31
relative	0.53	1.42
upgrades	0.53	1.66
bipod	0.53	1.22
scout	0.53	1.31
reduces	0.53	1.14
ptac	0.53	1.29
serve	0.53	1.83
most	0.53	2.52
mi	0.53	1.25
balance	0.53	1.39
family	0.53	2.05
cc	0.53	1.36
industries	0.53	1.19
advise	0.53	2.16
thats	0.53	2.82
win	0.53	1.16
referring	0.54	3.05
125	0.54	1.40
combo	0.54	1.27
own	0.54	1.48
recoil	0.54	1.34
vise	0.54	1.38
14.5	0.54	1.30
tokarev	0.54	1.04
status	0.54	1.40
male	0.54	1.77
member	0.54	1.33
cmmg	0.54	1.32
336	0.54	1.09
italian	0.54	1.22
barreled	0.54	1.40
builds	0.54	1.13
essentially	0.54	1.64
ensure	0.54	1.50
christmas	0.54	1.96
80s	0.54	1.35
knife	0.54	1.22
barrels	0.54	1.33
choke	0.54	1.25
midwest	0.54	1.20
scratch	0.54	1.58
aero	0.54	1.31
block	0.54	1.32
makes	0.54	2.11
higher	0.54	1.48
tubes	0.54	1.33
vortex	0.55	1.27
sufficient	0.55	1.62
reciever	0.55	1.30
rimfire	0.55	1.15
hex	0.55	1.26
fit	0.55	1.90
lowers	0.55	1.32
spanish	0.55	1.25
comparing	0.55	1.35
g	0.55	1.56
mil-spec	0.55	1.27
copper	0.55	1.28
self-defense	0.55	1.67
remington	0.55	1.07
nut	0.55	1.37
bullets	0.55	1.29
160	0.56	1.36
clothing	0.56	1.34
backup	0.56	1.18
unusual	0.56	1.45
hair	0.56	1.39
semi-automatic	0.56	1.20
intended	0.56	1.98
28	0.56	1.31
master	0.56	1.38
laser	0.56	1.30
wears	0.56	1.43
tikka	0.56	1.01
88	0.56	1.12
pencil	0.56	1.21
795	0.56	1.13
pricey	0.57	1.53
movie	0.57	1.14
shoes	0.57	1.39
obrez	0.57	1.13
50bmg	0.57	1.50
whats	0.57	1.71
mechanism	0.57	1.27
moment	0.57	2.09
boys	0.57	1.59
semiauto	0.57	1.26
wwi	0.57	1.31
mechanically	0.57	1.46
wrap	0.57	1.52
clothes	0.57	1.38
judging	0.57	1.45
albeit	0.57	1.69
arisaka	0.57	1.20
efficient	0.57	1.50
spikes	0.57	1.27
shroud	0.57	1.29
bore	0.57	1.41
your	0.58	2.38
shorter	0.58	1.55
through	0.58	1.63
clips	0.58	1.28
shorts	0.58	1.31
5.7	0.58	1.18
lighter	0.58	1.61
watched	0.58	1.12
lpk	0.58	1.30
powerful	0.58	1.40
noveske	0.58	1.27
m14	0.58	1.13
newer	0.58	1.28
ace	0.58	1.27
home	0.58	1.73
60	0.58	1.27
comp	0.58	1.24
boots	0.59	1.35
rails	0.59	1.21
grain	0.59	1.26
kit	0.59	1.37
serial	0.59	1.49
1100	0.59	1.23
design	0.59	1.28
hmm	0.59	2.28
upgrade	0.59	1.80
bolt-action	0.59	1.15
455	0.59	1.06
clearance	0.59	1.50
discussion	0.59	1.60
enthusiast	0.59	1.42
garands	0.59	1.09
carbine	0.59	1.20
thickness	0.60	1.35
pouch	0.60	1.30
aow	0.60	1.67
oal	0.60	1.42
milspec	0.60	1.28
bcm	0.60	1.26
choices	0.60	1.85
hider	0.60	1.26
brown	0.60	1.22
870	0.60	1.12
kalashnikov	0.60	1.12
suppose	0.60	2.85
receivers	0.61	1.23
mm	0.61	1.22
pros	0.61	1.41
gauge	0.61	1.22
red	0.61	1.22
competent	0.61	1.55
typing	0.61	1.91
carry	0.61	1.39
takedown	0.61	1.24
adjustable	0.61	1.31
club	0.61	1.32
50	0.61	1.29
angled	0.61	1.34
figured	0.61	2.54
purposes	0.61	1.65
watching	0.62	1.25
98	0.62	1.14
secure	0.62	1.72
osprey	0.62	1.38
33	0.62	1.24
mother	0.62	1.96
billet	0.62	1.25
material	0.62	1.24
parent	0.62	1.97
2.5	0.62	1.27
m16	0.62	1.20
powered	0.62	1.24
sear	0.62	1.38
pretty	0.62	2.12
thompson	0.62	1.25
n	0.62	1.53
offerings	0.63	1.16
pistols	0.63	1.23
edges	0.63	1.25
mark	0.63	1.23
tapco	0.63	1.06
owned	0.63	1.67
thinner	0.63	1.50
7.5	0.63	1.26
operator	0.63	1.37
partial	0.63	1.76
toys	0.64	1.22
intact	0.64	1.56
navy	0.64	1.20
james	0.64	1.21
hip	0.64	1.47
bcg	0.64	1.29
rmr	0.64	1.24
8mm	0.64	1.10
rail	0.64	1.20
professional	0.64	1.72
everyday	0.64	1.22
fsb	0.64	1.25
daniel	0.65	1.29
x	0.65	1.50
winner	0.65	1.47
lead	0.65	1.20
watch	0.65	1.27
cheek	0.65	1.30
holes	0.65	1.35
e	0.65	1.49
common	0.65	1.39
desert	0.65	1.12
meaning	0.65	2.11
mosin	0.65	1.06
better	0.65	2.00
lt	0.65	1.57
long	0.65	1.95
pants	0.65	1.36
350	0.66	1.47
handled	0.66	1.74
454	0.66	1.05
miculek	0.66	1.20
mosins	0.66	1.04
machined	0.66	1.29
nose	0.66	1.26
37	0.66	1.06
full	0.66	1.26
10/22	0.66	1.11
22s	0.66	1.15
self	0.66	1.69
fal	0.66	1.11
iii	0.66	1.09
y	0.66	1.69
soda	0.66	1.32
error	0.66	2.72
ruined	0.66	1.21
complex	0.67	1.29
troy	0.67	1.22
equally	0.67	1.83
happier	0.67	1.88
l	0.67	1.50
f	0.67	1.46
mausers	0.67	1.09
yellow	0.67	1.16
share	0.67	1.66
seemed	0.67	1.95
white	0.67	1.20
german	0.67	1.23
won	0.67	1.27
precise	0.67	1.53
lean	0.67	1.77
examples	0.67	1.76
m44	0.67	1.06
rossi	0.68	0.92
shotguns	0.68	1.21
uzi	0.68	1.15
mk	0.68	1.09
65	0.68	1.31
identical	0.68	1.67
adequate	0.68	1.52
izhevsk	0.68	1.07
nagant	0.68	1.05
sized	0.68	1.16
bitch	0.68	1.86
both	0.68	2.63
shotgun	0.68	1.22
lbs	0.68	1.52
ridiculously	0.69	1.92
7mm	0.69	1.14
jacket	0.69	1.29
carbon	0.69	1.22
t	0.69	1.49
orange	0.69	1.16
apologize	0.69	2.07
17hmr	0.69	1.06
semiautomatic	0.69	1.19
g3	0.69	1.13
gi	0.70	1.07
profile	0.70	1.28
purple	0.70	1.30
size	0.70	1.14
c	0.70	1.48
reviews	0.70	1.42
forgotten	0.70	1.15
590	0.70	1.11
alot	0.70	1.54
compromise	0.70	2.12
jerry	0.70	1.28
addition	0.70	1.31
whore	0.70	1.44
fashion	0.70	1.49
enfield	0.71	1.10
finishing	0.71	1.52
brief	0.71	1.18
maverick	0.71	1.11
27	0.71	1.29
j	0.71	1.46
butt	0.71	1.24
normal	0.71	1.56
mkiii	0.71	1.06
friendly	0.71	1.32
polite	0.71	1.63
simple	0.71	1.41
variants	0.71	1.16
tube	0.71	1.34
gear	0.71	1.29
helped	0.71	1.48
shirt	0.72	1.32
dress	0.72	1.31
sentence	0.72	1.97
defense	0.72	1.67
gtfo	0.72	1.55
budget	0.72	1.37
carried	0.72	1.23
weatherby	0.72	1.04
pad	0.72	1.36
john	0.72	0.92
mp5	0.73	1.21
sex	0.73	1.62
34	0.73	1.14
older	0.73	1.21
dear	0.73	1.46
quad	0.73	1.19
quiet	0.73	1.46
forearm	0.73	1.39
usgi	0.73	1.23
lr	0.73	1.05
crown	0.73	1.42
conceal	0.73	1.32
low	0.73	1.29
float	0.73	1.21
redhawk	0.73	1.06
mossberg	0.73	1.11
super	0.73	1.96
daily	0.74	1.19
hd	0.74	1.60
tea	0.74	1.16
bottles	0.74	1.21
overall	0.74	1.43
44	0.74	1.12
reverse	0.74	1.34
retention	0.74	1.30
titanium	0.74	1.21
wheel	0.74	1.26
forged	0.74	1.23
compared	0.75	1.48
12ga	0.75	1.17
island	0.75	1.14
key	0.75	1.49
pussy	0.75	1.67
curious	0.75	3.00
provide	0.76	1.81
modern	0.76	1.23
zaptal	0.76	1.85
cock	0.76	1.23
exchange	0.76	1.49
gats	0.76	1.43
180	0.76	1.28
totally	0.76	2.40
r	0.76	1.45
usa	0.77	1.11
eagle	0.77	1.05
nuts	0.77	1.51
a2	0.77	1.18
hello	0.77	1.38
entry	0.77	1.19
buffer	0.77	1.31
tactical	0.77	1.17
rip	0.77	1.50
assumed	0.78	2.25
mac	0.78	1.17
dun	0.78	1.75
zap	0.78	1.85
alien	0.78	1.30
23	0.78	1.23
geissele	0.78	1.22
enfields	0.78	1.07
gunnitbot	0.78	1.61
expecting	0.78	2.23
ithaca	0.78	1.10
fat	0.78	1.42
single	0.78	1.45
magnum	0.78	1.20
revolvers	0.79	1.17
dremel	0.79	1.30
rotating	0.79	1.27
hammer	0.79	1.27
15-22	0.79	1.36
corrosion	0.79	1.23
cooler	0.79	1.34
rust	0.79	1.35
bull	0.79	1.13
29	0.80	1.15
camo	0.80	1.16
engraved	0.80	1.31
cocked	0.80	1.24
tool	0.80	1.34
muh	0.80	1.45
effective	0.80	1.41
sets	0.80	1.37
handles	0.80	0.94
pump	0.80	1.12
video	0.80	1.09
reasonably	0.80	1.50
plated	0.81	1.19
m4	0.81	1.16
afg	0.81	1.19
cast	0.81	1.20
light	0.81	1.35
motherfucker	0.81	1.72
surprisingly	0.81	1.67
36	0.81	1.15
scale	0.81	1.46
mode	0.81	1.21
finnish	0.81	1.06
alternative	0.82	1.63
460	0.82	1.13
belt	0.82	1.28
magic	0.82	1.44
reloading	0.82	1.46
buckmark	0.82	1.05
chassis	0.82	1.11
tempted	0.82	2.41
lite	0.82	1.05
joke	0.82	2.25
clarify	0.82	2.82
googled	0.83	1.77
folding	0.83	1.21
lightweight	0.83	1.43
intelligent	0.83	1.70
paintball	0.83	1.14
enjoyable	0.83	1.19
a1	0.83	1.12
snub	0.83	1.05
replica	0.84	1.14
comrade	0.84	1.12
9	0.84	1.20
worthy	0.84	1.17
beer	0.84	0.92
loving	0.84	1.25
17	0.84	1.19
26	0.85	1.21
110	0.85	1.15
deagle	0.85	1.15
character	0.85	1.25
disregard	0.85	1.91
nova	0.85	1.09
m91/30	0.85	1.02
9x19	0.86	1.08
canadian	0.86	1.65
string	0.86	1.38
coat	0.86	1.33
colors	0.86	1.18
era	0.86	1.17
anti	0.86	1.31
fund	0.86	1.72
22/45	0.86	1.07
youtube	0.86	1.22
32	0.86	1.08
hands	0.86	1.38
practical	0.86	1.53
commie	0.86	1.35
backyard	0.87	1.24
solution	0.87	2.37
mauser	0.87	1.12
sniper	0.87	1.13
41	0.87	1.11
equal	0.87	1.55
thought	0.87	2.18
double	0.87	1.20
pictured	0.87	1.27
anniversary	0.87	1.24
popular	0.87	1.09
set	0.87	1.48
ria	0.87	1.00
genius	0.87	1.27
dem	0.87	1.53
yea	0.88	2.08
videos	0.88	1.24
bills	0.88	1.52
decently	0.88	1.44
heck	0.88	1.97
cans	0.88	1.13
context	0.88	1.97
informed	0.88	1.65
armory	0.89	1.09
estimate	0.89	1.56
slim	0.89	1.10
kahr	0.89	0.90
reproduction	0.89	1.12
value	0.89	1.44
bright	0.89	1.14
k98	0.89	1.05
perfectly	0.89	1.81
45acp	0.90	1.07
amp	0.90	1.42
shotgat	0.90	1.19
pleasure	0.90	1.02
vertical	0.90	1.20
blat	0.90	1.68
testing	0.90	1.40
layer	0.90	1.28
exact	0.91	1.97
ordnance	0.91	1.14
taste	0.91	1.11
yep	0.91	2.06
sporterized	0.91	1.08
particular	0.91	2.31
foregrip	0.92	1.15
uniform	0.92	1.31
glue	0.92	1.41
niche	0.92	1.40
thunder	0.92	0.93
internals	0.92	1.37
czech	0.92	1.03
cardboard	0.92	1.16
word	0.93	2.65
ai	0.93	1.90
plastic	0.93	1.27
fucker	0.93	1.64
p	0.93	1.33
beast	0.93	1.30
lowest	0.94	2.11
interest	0.94	1.44
dies	0.94	1.34
357	0.94	1.07
regular	0.95	1.44
ruger	0.95	1.04
mkii	0.95	1.14
convenient	0.95	1.34
storm	0.95	1.10
380	0.95	0.92
pointing	0.95	2.76
94	0.95	0.99
overview	0.95	1.14
girls	0.96	1.56
handguard	0.96	1.20
38	0.96	1.11
surprised	0.96	2.55
blackhawk	0.96	1.15
rifled	0.96	1.23
mad	0.96	1.72
dual	0.96	1.32
55	0.96	1.12
copies	0.97	1.22
revolver	0.97	1.10
model	0.97	1.09
ultra	0.97	1.32
ii	0.97	1.06
lb	0.97	1.42
concealment	0.97	1.29
prototype	0.97	1.33
cute	0.97	1.66
phrase	0.97	1.62
kimber	0.97	0.99
pocket	0.97	1.09
aka	0.98	1.07
556	0.98	1.16
dis	0.98	1.59
darn	0.98	1.98
refinishing	0.98	1.54
fiber	0.98	1.22
pistol	0.98	1.13
dare	0.98	1.77
crazy	0.99	2.07
spots	0.99	1.39
tight	0.99	1.54
construction	0.99	1.21
gray	0.99	1.06
similarly	1.00	1.32
stable	1.00	1.39
m2	1.00	1.08
smith	1.00	1.09
m1	1.00	1.07
stack	1.00	1.07
coated	1.00	1.16
shaped	1.00	1.28
write	1.00	1.38
ftfy	1.01	1.67
genuine	1.01	1.40
concrete	1.01	1.26
91/30	1.01	1.04
fits	1.01	1.45
42	1.01	0.95
press	1.02	1.37
holster	1.02	1.29
apex	1.02	1.34
tears	1.02	1.11
holsters	1.02	1.30
wesson	1.02	1.10
rifling	1.02	1.25
tuned	1.03	1.30
flat	1.03	1.22
hickok45	1.03	1.08
hardest	1.03	1.94
fde	1.03	1.05
words	1.03	2.44
leather	1.03	1.29
questions	1.04	1.84
viable	1.04	2.09
men	1.04	1.52
expensive	1.04	1.26
apologies	1.04	1.82
grade	1.04	1.18
p22	1.04	0.98
tone	1.04	1.69
70	1.04	1.16
humor	1.04	1.86
garand	1.04	1.07
kydex	1.05	1.30
sigh	1.05	1.73
crossbreed	1.05	1.28
inexpensive	1.05	1.21
wrapped	1.05	1.34
glock	1.05	1.07
guard	1.05	1.25
traded	1.05	1.25
coonan	1.06	1.12
ideas	1.06	1.83
ss	1.06	1.18
campaign	1.06	1.30
od	1.07	1.02
hybrid	1.07	1.28
nope	1.07	1.89
cracked	1.07	1.41
aluminum	1.07	1.09
explains	1.07	1.71
nib	1.07	1.22
inherited	1.07	1.41
reliable	1.07	1.33
points	1.07	1.38
1903	1.07	1.06
acp	1.07	1.04
liking	1.07	2.32
green	1.07	1.09
steel	1.07	1.06
striker	1.08	1.12
magpul	1.08	1.16
uh	1.08	2.10
enjoyed	1.08	2.05
together	1.08	1.41
diy	1.08	1.34
fwiw	1.08	1.46
lcp	1.08	0.93
housing	1.09	1.35
lee	1.09	1.25
w	1.09	1.08
magwell	1.09	1.20
3.5	1.09	1.19
sti	1.10	1.04
black	1.10	1.04
lc9	1.10	0.91
action	1.10	1.17
easy	1.10	1.46
fellow	1.10	1.26
versatile	1.10	1.39
mistake	1.10	2.34
forgot	1.10	2.11
heavy	1.10	1.36
springfield	1.10	1.01
commander	1.10	1.04
wire	1.11	1.25
bodyguard	1.11	0.95
bead	1.11	1.16
tan	1.11	1.00
y'all	1.11	1.67
closely	1.11	1.09
clays	1.12	1.23
painted	1.12	1.04
stiff	1.12	1.31
para	1.12	1.03
yo	1.12	1.64
glass	1.12	1.15
inclined	1.12	2.69
combination	1.12	2.36
lcr	1.12	0.97
wut	1.12	1.63
girl	1.12	1.81
sp101	1.13	0.98
affordable	1.13	1.26
moe	1.13	1.17
accurate	1.13	1.32
nevermind	1.13	1.96
scratches	1.13	1.30
gif	1.13	1.41
brace	1.13	1.21
results	1.14	1.42
45	1.14	1.05
plain	1.14	1.41
er	1.14	1.55
coating	1.15	1.21
iwb	1.15	1.21
thin	1.15	1.19
hat	1.15	1.44
smoother	1.15	1.33
answer	1.16	2.55
k	1.16	1.24
ugh	1.16	1.58
pulls	1.17	1.26
concealable	1.17	1.04
boring	1.17	1.25
desirable	1.17	1.22
guards	1.18	1.15
owb	1.18	1.18
deserves	1.18	1.01
short	1.18	1.33
bend	1.18	1.43
u	1.18	1.58
style	1.18	1.03
greatly	1.18	1.39
atleast	1.19	1.67
grandfather	1.19	1.55
sr22	1.19	1.05
9mm	1.19	1.00
gp100	1.19	1.03
pitting	1.20	1.30
10mm	1.20	1.11
channel	1.20	0.93
subcompact	1.20	1.02
grey	1.20	1.06
starter	1.20	1.20
paint	1.20	1.12
preferred	1.20	1.67
buttstock	1.21	1.14
tip	1.21	1.32
dammit	1.21	1.76
ati	1.21	0.99
paranoid	1.21	2.32
timney	1.21	1.18
bravo	1.21	1.29
g26	1.21	1.00
dao	1.21	1.13
686	1.22	1.04
suitable	1.22	1.42
picky	1.22	1.66
suited	1.23	2.03
answering	1.23	1.72
blue	1.23	1.03
plinker	1.23	1.13
yours	1.24	2.36
prefer	1.24	1.56
edited	1.24	2.30
shield	1.24	0.98
heh	1.25	1.81
joy	1.25	0.89
matching	1.25	1.15
python	1.25	1.03
g17	1.25	1.11
ergonomics	1.25	1.04
recommendation	1.26	1.71
duracoat	1.26	1.14
reference	1.26	1.69
recommend	1.26	1.99
missed	1.26	2.08
cerakote	1.26	1.13
fuck	1.26	1.90
wwii	1.27	1.10
dark	1.27	1.03
sr1911	1.27	0.97
matched	1.27	1.16
bersa	1.27	0.95
pull	1.28	1.25
interested	1.29	2.52
toy	1.29	1.19
projectiles	1.29	1.12
frames	1.29	1.13
banana	1.29	1.21
h	1.29	1.20
corrected	1.29	2.25
finished	1.29	1.48
wilson	1.30	1.04
feels	1.30	1.43
slides	1.30	1.20
ready	1.30	2.45
ah	1.31	2.11
swedish	1.31	1.26
19	1.31	1.01
colt	1.31	1.04
sarcasm	1.31	1.91
rig	1.31	1.24
bastard	1.32	1.47
helping	1.32	1.78
eh	1.32	1.93
nervous	1.32	2.12
stranger	1.32	1.77
polymer	1.33	0.99
duh	1.33	1.76
conversation	1.33	1.59
scrap	1.33	1.10
gat	1.33	1.37
custom	1.33	1.18
meant	1.34	2.46
xds	1.34	0.93
pps	1.35	0.93
extensive	1.35	1.15
username	1.35	1.80
knowledgeable	1.35	1.43
o/u	1.36	1.00
consistent	1.36	1.19
full-size	1.36	1.05
nicer	1.36	1.38
extreme	1.36	1.23
disappointed	1.36	2.15
polishing	1.37	1.27
polish	1.37	1.23
project	1.37	1.43
soft	1.37	1.16
ideal	1.37	1.86
wat	1.37	1.69
clear	1.38	2.07
bits	1.38	1.14
stainless	1.38	1.01
whoops	1.38	1.93
refinish	1.38	1.53
40	1.39	1.09
baby	1.39	1.01
future	1.39	1.68
hero	1.39	1.16
g19	1.40	1.00
p9	1.40	1.22
busy	1.40	2.08
grip	1.40	1.20
guys	1.40	1.72
ww2	1.40	0.96
calm	1.41	1.75
careful	1.41	2.15
constructive	1.41	1.59
1911	1.41	1.00
chunk	1.41	1.13
grooves	1.41	1.24
silver	1.42	0.95
1911s	1.43	1.07
chrome	1.43	1.14
collectors	1.43	1.07
upvote	1.44	1.57
delta	1.44	1.11
turkish	1.44	1.02
novelty	1.45	1.41
choice	1.45	1.82
10/10	1.45	1.14
given	1.45	1.75
color	1.45	1.00
benelli	1.45	0.96
ppk	1.45	0.92
sheet	1.45	1.09
successful	1.45	1.33
vintage	1.46	1.10
played	1.46	1.25
display	1.46	0.97
review	1.46	1.14
rare	1.47	1.11
strong	1.47	1.25
hobby	1.47	1.03
da/sa	1.47	1.07
surfaces	1.47	1.20
providing	1.47	1.38
ya	1.47	1.95
ta	1.48	1.76
butter	1.48	0.83
trigger	1.48	1.19
collecting	1.48	1.10
decent	1.49	1.79
omg	1.49	1.29
oops	1.49	1.90
amazed	1.49	2.08
sr9c	1.49	1.05
close	1.50	2.12
colts	1.50	1.10
durable	1.50	1.22
fair	1.51	1.82
browning	1.51	0.92
p99	1.52	1.04
ugly	1.52	1.44
advance	1.52	1.36
kicks	1.52	1.17
xdm	1.53	1.05
boot	1.53	1.17
damned	1.54	1.59
reset	1.55	1.19
neat	1.55	1.99
vp9	1.55	1.20
thoughts	1.55	1.52
information	1.55	1.56
damnit	1.55	1.79
da	1.55	1.17
wtf	1.55	1.91
p238	1.56	1.02
xd	1.56	1.05
surface	1.56	1.20
tac	1.56	1.08
sa	1.56	1.10
replies	1.56	1.58
valuable	1.56	1.02
edit	1.56	2.13
detailed	1.57	1.34
frame	1.57	1.01
stage	1.57	1.24
clone	1.58	1.06
lem	1.58	1.25
poly	1.59	1.07
40s	1.59	1.07
triggers	1.59	1.10
leaning	1.60	1.87
wonderful	1.60	1.28
hoping	1.60	2.34
legit	1.61	1.60
beard	1.61	1.11
thick	1.61	1.14
fn	1.62	1.02
boy	1.62	1.38
familiar	1.62	1.85
reply	1.62	1.68
chose	1.63	1.25
luger	1.63	0.91
felt	1.63	1.19
excited	1.63	2.06
dan	1.63	0.99
ha	1.64	1.95
sorry	1.64	2.09
polished	1.65	1.19
helps	1.65	1.52
p938	1.65	0.94
antique	1.65	1.06
indeed	1.65	1.75
convinced	1.65	1.77
swiss	1.65	0.95
hk	1.65	1.06
ps	1.66	1.30
rugers	1.66	1.12
um	1.66	1.86
sr9	1.66	0.99
confident	1.66	2.13
yeah	1.67	2.11
sao	1.67	1.06
alloy	1.67	0.98
incredible	1.67	1.47
gotcha	1.68	1.91
collector	1.69	1.01
correction	1.69	2.01
shape	1.69	1.24
unicorn	1.70	1.07
thorough	1.71	1.32
clones	1.71	1.07
tack	1.72	1.32
hah	1.72	1.83
fucking	1.72	1.68
rubber	1.72	1.19
rock	1.72	0.89
answers	1.72	1.62
hey	1.72	1.85
framed	1.73	1.07
til	1.74	1.80
shadow	1.74	1.25
worries	1.74	1.80
witness	1.75	1.08
honest	1.75	2.01
bluing	1.75	1.14
heads	1.76	1.69
comparable	1.76	1.23
lol	1.76	1.86
monster	1.78	1.33
ok	1.78	2.02
history	1.78	0.93
response	1.78	1.56
someday	1.78	1.95
historical	1.79	1.07
shame	1.80	1.23
nickel	1.80	0.99
decocker	1.80	1.07
stoeger	1.80	0.98
advice	1.80	1.59
info	1.81	1.52
clarification	1.82	1.72
hilarious	1.82	1.72
sounds	1.82	1.92
explanation	1.83	1.52
important	1.83	1.61
useful	1.84	1.19
fns	1.84	1.10
proficient	1.84	1.70
steyr	1.84	0.99
functional	1.84	1.19
rented	1.84	1.48
suggestion	1.84	1.63
christ	1.85	1.40
okay	1.86	1.97
brah	1.86	1.63
handguards	1.86	1.04
recommendations	1.86	1.53
nah	1.86	1.70
entertaining	1.86	1.16
clever	1.87	1.29
jake	1.87	1.11
responses	1.87	1.50
walther	1.87	0.99
proud	1.87	1.66
good	1.87	1.50
appropriate	1.89	1.77
museum	1.89	0.90
stocked	1.90	1.07
suggestions	1.90	1.51
enjoy	1.91	1.48
traditional	1.91	0.91
such	1.91	1.37
k31	1.92	0.85
canik	1.93	1.04
compact	1.94	1.05
fore	1.95	1.04
comfortable	1.95	1.68
refinished	1.95	1.15
satisfied	1.95	1.72
tips	1.95	1.47
rough	1.97	1.40
ppq	1.97	1.04
superior	1.98	1.12
handy	1.98	1.43
vz	2.00	0.90
bro	2.00	1.65
perfect	2.01	1.49
wish	2.01	1.82
lord	2.03	1.30
aw	2.05	1.52
kidding	2.06	1.79
favorite	2.06	1.29
finish	2.07	1.11
stocks	2.08	0.97
feedback	2.08	1.42
imo	2.08	1.41
fnx	2.09	1.11
engraving	2.09	1.05
insight	2.10	1.43
job	2.10	1.52
bud	2.10	1.62
elite	2.10	1.10
input	2.10	1.52
metal	2.10	0.93
edc	2.12	1.54
haha	2.13	1.81
p30	2.13	1.06
jesus	2.15	1.43
glad	2.15	1.78
alright	2.17	1.74
220	2.17	1.18
synthetic	2.17	0.90
hogue	2.20	0.99
excellent	2.20	1.45
furniture	2.20	0.97
p-07	2.21	1.07
picked	2.21	1.53
usp	2.22	1.11
great	2.23	1.38
heirloom	2.23	0.77
m9	2.25	1.00
mate	2.26	1.47
jealous	2.27	1.71
p320	2.27	1.09
similar	2.28	1.00
forend	2.28	0.99
stock	2.28	0.99
truly	2.28	1.16
dat	2.29	1.14
75	2.29	1.04
sp-01	2.30	1.05
luck	2.30	1.60
fuckin	2.30	1.37
pcr	2.31	1.02
hi-power	2.31	0.88
oh	2.31	1.65
hahaha	2.33	1.67
damn	2.34	1.55
dude	2.34	1.58
positive	2.36	1.13
impressed	2.37	1.61
85	2.37	1.04
unique	2.37	1.07
condition	2.38	1.13
original	2.38	1.49
px4	2.38	1.02
p220	2.41	1.09
seriously	2.44	1.48
art	2.44	0.98
75b	2.45	1.03
lucky	2.45	1.35
pieces	2.46	0.83
p229	2.46	1.09
p250	2.47	1.04
cz-75	2.49	1.02
cz75	2.49	1.04
sturdy	2.49	1.16
tits	2.50	1.08
welcome	2.51	1.05
series	2.51	1.30
sauer	2.51	1.03
god	2.53	1.42
helpful	2.54	1.24
cake	2.55	1.00
man	2.55	1.50
tough	2.55	1.19
interesting	2.56	1.20
holy	2.58	1.36
sp2022	2.59	1.05
cool	2.59	1.29
thanks	2.60	1.45
pleased	2.60	1.43
informative	2.61	1.14
appreciate	2.62	1.27
92fs	2.63	1.03
appreciated	2.63	1.38
thank	2.63	1.45
sir	2.63	1.38
hope	2.64	1.51
tho	2.65	1.14
fancy	2.65	0.96
p226	2.66	1.05
cheers	2.67	1.40
looks	2.68	1.24
smooth	2.70	1.18
goddamn	2.70	1.07
crisp	2.72	1.15
blued	2.73	0.78
flawless	2.74	0.69
wow	2.76	1.30
badass	2.80	1.08
impressive	2.83	1.06
fun	2.83	1.00
czs	2.86	1.20
nicely	2.87	0.77
sigs	2.92	1.19
setup	2.93	1.16
cz	2.98	1.11
classic	2.99	0.89
absolutely	3.00	0.85
229	3.00	1.15
btw	3.02	1.08
sig	3.03	1.14
226	3.06	1.12
sharing	3.07	0.86
grips	3.13	0.87
slick	3.13	0.90
piece	3.13	0.79
shiny	3.14	0.85
freaking	3.15	0.81
congrats	3.15	0.95
solid	3.16	0.77
jelly	3.16	0.86
beretta	3.17	1.13
writeup	3.19	0.65
congratulations	3.19	0.95
92	3.20	1.10
classy	3.22	0.73
wooden	3.27	0.76
wood	3.28	0.77
walnut	3.29	0.77
dream	3.29	0.60
lovely	3.32	0.61
collection	3.34	0.52
sweet	3.38	0.64
sexy	3.43	0.59
beauty	3.44	0.54
beautiful	3.52	0.54
gorgeous	3.52	0.55
