garbage	-3.90	1.97
itt	-3.59	1.79
trash	-3.54	2.14
shitty	-3.53	1.90
hating	-3.45	1.85
crappy	-3.39	2.25
meh	-3.38	1.89
priests	-3.38	2.67
poor	-3.38	1.85
mages	-3.36	2.65
paladins	-3.36	2.66
blows	-3.34	1.76
complained	-3.31	1.71
warlocks	-3.29	2.61
zoolocks	-3.28	2.58
rogues	-3.28	2.61
suck	-3.25	1.62
rager	-3.21	2.70
mediocre	-3.20	2.25
huntards	-3.17	2.62
patriarch	-3.17	2.70
silverback	-3.17	2.70
ruined	-3.16	1.79
wreck	-3.09	1.92
everywhere	-3.09	2.48
owned	-3.08	1.79
unplayable	-3.07	2.23
mindless	-3.05	1.84
shamans	-3.03	2.47
useless	-3.03	2.12
worthless	-3.02	2.10
subpar	-3.01	2.23
warriors	-3.00	2.46
locks	-2.99	2.45
druids	-2.98	2.49
murlocks	-2.97	2.29
hunters	-2.93	2.40
touched	-2.91	2.07
existed	-2.88	2.21
zoos	-2.88	2.42
handlocks	-2.87	2.41
spike	-2.85	2.24
retarded	-2.83	1.99
miracles	-2.82	2.41
complains	-2.76	2.19
bc	-2.73	2.50
acts	-2.71	2.00
responsible	-2.70	2.21
totemic	-2.70	2.02
warden	-2.69	2.22
mogu'shan	-2.69	2.22
footman	-2.68	2.26
goldshire	-2.66	2.25
sees	-2.65	2.52
crap	-2.64	1.78
bay	-2.62	2.23
dalaran	-2.62	2.08
magma	-2.62	2.26
inevitable	-2.59	2.26
broken	-2.59	2.31
huntard	-2.57	1.34
stupid	-2.56	1.99
follows	-2.55	2.12
grunt	-2.53	2.20
devil	-2.53	2.07
sucked	-2.53	1.99
cares	-2.52	2.25
bothers	-2.51	1.78
specially	-2.49	2.18
screwed	-2.48	1.68
sucks	-2.47	1.76
big	-2.45	2.27
assholes	-2.45	1.71
dragonhawk	-2.44	2.04
trolls	-2.44	2.00
faced	-2.44	2.27
gargoyle	-2.43	1.95
booty	-2.43	2.19
ironfur	-2.42	2.12
snapjaw	-2.42	2.03
oasis	-2.41	2.06
haters	-2.39	1.95
facing	-2.39	2.19
cabal	-2.39	1.99
excuse	-2.38	1.92
grizzly	-2.36	2.07
priest	-2.34	1.97
obnoxious	-2.34	1.57
mc	-2.33	1.99
madness	-2.33	1.97
chicken	-2.33	2.05
shadow	-2.32	1.97
stormpike	-2.32	1.65
parrot	-2.32	1.82
hound	-2.31	1.89
pile	-2.30	1.44
controls	-2.29	1.97
thoughtsteals	-2.27	1.98
shieldbearer	-2.26	1.86
savagery	-2.25	1.66
tough	-2.24	2.01
complete	-2.23	1.59
nowadays	-2.23	1.86
sw	-2.22	1.86
pre	-2.22	0.96
fails	-2.21	2.10
fat	-2.21	2.36
frostwolf	-2.20	1.92
razorfen	-2.19	1.97
thoughtsteal	-2.19	1.95
mistakes	-2.17	2.16
beyond	-2.17	2.01
dumb	-2.16	1.32
overloaded	-2.16	0.67
dominating	-2.16	1.34
shrinkmeister	-2.15	1.98
pathetic	-2.15	1.64
fen	-2.15	1.81
butthurt	-2.14	1.82
mandatory	-2.13	1.54
counter	-2.12	1.52
angry	-2.12	1.92
leviathan	-2.11	1.47
dispel	-2.09	1.75
stealing	-2.09	1.90
0/4	-2.07	1.46
miracle	-2.06	1.80
mage	-2.06	1.88
silly	-2.05	1.75
paladin	-2.04	1.79
bad	-2.04	1.95
pyroblast	-2.04	1.84
corsair	-2.03	1.54
freeze	-2.03	1.75
bolvar	-2.03	1.39
mark	-2.02	1.33
wants	-2.02	2.80
likes	-2.01	2.76
marks	-2.00	1.34
jungle	-2.00	1.91
pally	-2.00	1.74
rush	-2.00	1.58
mind	-1.99	1.74
crushed	-1.98	0.75
kidnapper	-1.98	1.55
steal	-1.97	1.72
concealed	-1.97	1.70
auctioneers	-1.97	1.79
mindcontrol	-1.97	1.72
wrecks	-1.95	1.21
rogue	-1.94	1.73
nonsense	-1.94	1.26
thinks	-1.94	2.79
tidehunter	-1.94	1.57
ruins	-1.94	0.88
wisps	-1.93	1.62
totem	-1.93	1.36
muster	-1.93	1.53
mirrors	-1.92	1.66
leader	-1.91	1.69
murloc	-1.91	1.26
crab	-1.90	1.46
steals	-1.89	1.67
pyroblasts	-1.89	1.71
totems	-1.89	1.36
hungry	-1.89	1.41
knows	-1.88	2.72
1/4	-1.88	1.69
shadowform	-1.87	1.49
rouge	-1.87	1.68
nightblade	-1.87	1.52
except	-1.86	2.80
blind	-1.86	1.89
reckless	-1.86	1.63
meet	-1.85	2.15
against	-1.85	1.70
tauren	-1.85	1.18
lightwarden	-1.85	1.36
shock	-1.85	1.47
boar	-1.85	1.46
fireblast	-1.84	1.72
recruits	-1.83	1.51
tech	-1.83	1.54
earthshock	-1.83	1.46
murlocs	-1.83	1.25
darkscale	-1.83	1.44
devastating	-1.82	1.72
lightwell	-1.82	1.28
screw	-1.82	0.88
wasted	-1.82	1.13
mindgames	-1.81	1.57
whole	-1.81	2.88
ridiculous	-1.81	2.17
elune	-1.81	1.40
kodo	-1.81	1.24
questionable	-1.81	1.99
rhino	-1.80	1.31
hunter	-1.79	1.49
flares	-1.79	1.37
shields	-1.79	1.53
fucked	-1.79	1.56
tundra	-1.79	1.30
tor	-1.79	1.81
kirin	-1.79	1.81
flare	-1.79	1.33
fucks	-1.78	0.76
stonetusk	-1.77	1.55
highmanes	-1.76	1.18
pre-nerf	-1.76	1.08
gurubashi	-1.76	1.36
sight	-1.76	1.28
vision	-1.76	1.63
murlock	-1.76	1.33
thoughsteal	-1.76	1.63
houndmaster	-1.76	1.28
rise	-1.76	1.67
hyena	-1.74	1.21
nightmare	-1.74	2.92
chickens	-1.73	1.42
wisp	-1.73	2.10
savannah	-1.72	1.21
timber	-1.72	1.21
anger	-1.72	2.21
hounds	-1.72	1.19
shaman	-1.72	1.50
highmane	-1.72	1.20
hyenas	-1.71	1.20
unleash	-1.70	1.17
feel	-1.70	2.63
justice	-1.70	1.69
scavenging	-1.70	1.22
wrecked	-1.70	0.93
smite	-1.69	1.47
buzzard	-1.68	1.20
dick	-1.68	1.06
wraith	-1.68	1.60
row	-1.68	1.72
southsea	-1.68	1.29
uth	-1.68	1.18
priestess	-1.68	1.41
starving	-1.68	1.18
saps	-1.68	1.54
spends	-1.68	1.88
magi	-1.67	1.39
panther	-1.67	1.57
every	-1.66	3.17
stomped	-1.66	1.10
animal	-1.66	1.16
warlord	-1.66	1.45
weapons	-1.66	1.30
alchemist	-1.66	1.23
druid	-1.65	1.61
infuriating	-1.65	1.96
disappointing	-1.65	2.12
entitled	-1.64	0.74
mindblast	-1.64	1.46
crazed	-1.64	1.23
leokk	-1.64	1.18
healer	-1.64	1.32
pointless	-1.64	1.44
ruining	-1.64	0.76
nerf	-1.64	1.51
struggle	-1.64	1.30
ramp	-1.63	1.51
slams	-1.63	1.41
stranglethorn	-1.63	1.39
raider	-1.63	1.27
lowest	-1.63	3.25
worse	-1.63	2.83
malygod	-1.63	1.54
holy	-1.62	1.44
stampeding	-1.62	1.16
shammy	-1.62	1.47
buzzards	-1.62	1.12
stole	-1.61	1.48
bitching	-1.61	0.92
novas	-1.61	1.42
companion	-1.61	1.11
pain	-1.61	1.36
traps	-1.61	1.12
nerfing	-1.60	1.49
tiger	-1.60	1.35
destroys	-1.60	1.06
shits	-1.59	1.15
zoolock	-1.59	1.39
stolen	-1.59	1.38
frustration	-1.58	2.10
enforcer	-1.58	1.32
snake	-1.57	1.08
pala	-1.57	1.41
shut	-1.57	1.00
bs	-1.57	1.36
warrior	-1.56	1.41
soulpriest	-1.56	1.27
uses	-1.56	1.90
summoner	-1.56	1.41
bullshit	-1.56	1.37
hexes	-1.56	1.25
practically	-1.55	1.47
nerfed	-1.55	1.39
lock	-1.55	1.41
wolves	-1.55	1.17
tide	-1.55	1.15
unfortunate	-1.55	1.90
piece	-1.54	1.38
ignored	-1.54	1.16
bestial	-1.53	1.16
beasts	-1.53	1.19
patient	-1.53	1.21
immature	-1.53	1.00
lately	-1.53	1.68
zoo	-1.53	1.34
beats	-1.53	1.12
guilty	-1.53	2.44
blast	-1.53	1.39
dislike	-1.52	1.78
mercenary	-1.52	1.28
overload	-1.52	1.04
humility	-1.52	1.32
soj	-1.51	1.35
farsight	-1.51	1.26
destroyed	-1.51	0.82
rough	-1.51	2.03
command	-1.51	1.07
sword	-1.51	1.37
unbeatable	-1.51	1.57
aldor	-1.50	1.32
fires	-1.50	1.30
wind	-1.50	0.92
wolf	-1.50	1.12
fire	-1.49	1.23
bow	-1.49	1.07
taz'dingo	-1.49	1.29
storm	-1.49	1.18
feral	-1.49	1.18
shockadin	-1.49	1.38
eaglehorn	-1.48	1.04
loses	-1.48	1.88
fighting	-1.48	1.54
handlock	-1.48	1.35
pw	-1.48	1.26
spirits	-1.47	1.18
ugly	-1.47	1.78
innervates	-1.47	1.59
plays	-1.47	1.64
commands	-1.47	1.04
lightning	-1.47	1.19
stormforged	-1.46	1.19
auchenai	-1.46	1.21
safe	-1.46	2.15
op	-1.46	1.68
nerfs	-1.46	1.12
truesilver	-1.46	1.36
whining	-1.46	0.76
earth	-1.46	1.19
storms	-1.45	1.19
forked	-1.45	1.18
equality	-1.45	1.31
lay	-1.45	1.35
excuses	-1.45	1.04
ruin	-1.45	0.81
idiots	-1.45	0.77
utterly	-1.44	1.48
token	-1.44	1.36
trap	-1.44	1.06
overpowered	-1.44	1.73
lie	-1.43	2.25
divine	-1.43	1.17
grove	-1.43	1.58
unbound	-1.43	1.16
talks	-1.43	2.49
seer	-1.43	1.13
differently	-1.43	2.79
fanboys	-1.43	1.12
warlock	-1.43	1.26
blaming	-1.42	1.17
forgetting	-1.42	2.25
webspinners	-1.42	1.10
midrange	-1.42	1.35
freezes	-1.42	1.49
avenging	-1.42	1.31
deckhand	-1.42	1.22
spirit	-1.41	1.15
bloodsail	-1.41	1.15
particular	-1.41	2.43
lifetap	-1.41	1.31
impossible	-1.41	1.54
explosive	-1.40	1.04
circle	-1.40	1.21
guardian	-1.40	1.25
hammer	-1.40	1.34
shot	-1.40	1.05
keeper	-1.40	1.57
scenario	-1.40	2.59
tidecaller	-1.40	1.16
popping	-1.40	1.48
wolfrider	-1.39	1.22
cone	-1.39	1.37
warleader	-1.39	1.12
crushing	-1.39	0.94
elemental	-1.39	1.16
bolts	-1.39	1.17
flametongue	-1.39	1.14
vaporize	-1.39	1.27
vol'jin	-1.38	1.05
redemption	-1.38	1.24
controll	-1.38	1.30
bag	-1.38	1.24
bolt	-1.38	1.18
young	-1.38	1.27
calling	-1.37	1.08
northshire	-1.37	1.16
agro	-1.37	1.29
bluegill	-1.37	1.13
lame	-1.37	1.65
hands	-1.37	1.29
counters	-1.37	1.17
coh	-1.37	1.14
lights	-1.36	1.28
what	-1.36	2.68
claw	-1.36	1.57
frost	-1.36	1.33
blessing	-1.36	1.30
keepers	-1.36	1.53
ancients	-1.36	1.55
croc	-1.36	1.39
iceblock	-1.36	1.31
kings	-1.36	1.31
wisdom	-1.35	1.29
beast	-1.35	1.16
countered	-1.35	0.84
noble	-1.35	1.17
longbow	-1.35	1.04
captain	-1.34	1.15
rags	-1.34	1.27
co	-1.34	1.19
demolisher	-1.34	1.24
aggro	-1.34	1.30
5/2	-1.34	1.37
wrath	-1.34	1.23
circlejerk	-1.34	2.62
swipe	-1.33	1.28
fault	-1.33	1.05
injured	-1.33	1.12
4-3	-1.33	1.32
block	-1.32	1.28
light	-1.32	1.56
secrets	-1.32	1.20
ignorant	-1.32	1.04
emperor	-1.32	1.26
repentance	-1.32	1.24
moonfire	-1.32	1.19
avenge	-1.32	1.18
saying	-1.31	2.61
pyro	-1.31	1.15
river	-1.31	1.43
scientist	-1.31	1.10
tyrion	-1.31	1.22
defending	-1.31	0.71
freezing	-1.31	1.04
blademaster	-1.31	1.10
peacekeeper	-1.30	1.18
truesilvers	-1.30	1.22
painful	-1.30	1.94
cancer	-1.30	1.56
arguing	-1.30	2.42
absolute	-1.30	2.58
secret	-1.29	1.18
scientists	-1.29	1.08
imbalanced	-1.29	1.55
biased	-1.29	2.17
ele	-1.29	1.14
doomsayers	-1.29	1.23
consecration	-1.29	1.17
faceless	-1.29	1.26
consecrate	-1.28	1.16
anti	-1.28	1.22
neptulon	-1.28	1.07
recombobulator	-1.28	1.03
wild	-1.28	1.30
ignore	-1.28	0.96
ogre	-1.28	1.14
elementals	-1.28	1.13
match-up	-1.27	1.12
fireball	-1.27	1.28
mess	-1.27	1.03
doomsayer	-1.27	1.07
complaining	-1.27	0.92
fon	-1.27	1.33
sen'jin	-1.27	1.15
vacuum	-1.27	1.33
cobra	-1.27	1.24
fotm	-1.27	0.87
roar	-1.27	1.29
equipped	-1.27	1.04
savage	-1.26	1.29
spiteful	-1.26	1.09
pyromancer	-1.26	1.11
tink	-1.26	1.02
axes	-1.26	1.08
felt	-1.26	2.70
thinking	-1.26	2.37
tirion	-1.26	1.19
fireballs	-1.26	1.24
shieldmasta	-1.26	1.14
nether	-1.26	1.02
counterspell	-1.26	1.23
echoing	-1.26	1.04
lava	-1.26	1.15
favored	-1.26	1.20
twisting	-1.26	1.02
upgrade	-1.25	1.01
matchup	-1.25	1.13
noone	-1.25	1.46
virtually	-1.25	1.41
feeling	-1.25	2.48
sea	-1.25	1.11
barrier	-1.24	1.33
archer	-1.24	1.07
rocketeer	-1.24	1.24
unfun	-1.24	1.57
rockbiters	-1.24	1.15
inner	-1.24	1.05
duplicate	-1.24	1.27
force	-1.24	1.30
sacrifice	-1.24	1.09
bloodlust	-1.23	1.15
nova	-1.23	1.12
snipe	-1.23	1.03
rolled	-1.23	0.89
ancestral	-1.23	1.04
gladiator	-1.23	1.00
gahz'rilla	-1.23	1.07
versus	-1.23	1.25
dominate	-1.23	1.28
arcanite	-1.23	1.00
conceal	-1.22	1.22
boulderfist	-1.22	1.09
thoughtstole	-1.22	1.18
control	-1.21	1.20
axe	-1.21	1.05
sergeant	-1.21	1.10
meaningless	-1.21	1.53
ice	-1.21	1.34
fordring	-1.21	1.17
webspinner	-1.20	1.05
ass	-1.20	1.11
gorehowl	-1.20	1.00
awkward	-1.20	1.82
epic	-1.20	1.46
drafts	-1.20	1.50
variants	-1.20	1.28
rockbiter	-1.20	1.12
creeper	-1.20	1.08
spellbender	-1.20	1.15
fuck	-1.20	1.98
velen	-1.20	1.13
sylv	-1.19	1.12
cries	-1.19	0.72
starfall	-1.19	1.30
teacher	-1.19	1.15
innervate	-1.19	1.26
violet	-1.19	1.16
cultist	-1.19	1.01
everytime	-1.19	2.41
bite	-1.19	1.02
nobody	-1.19	1.76
blingtron	-1.18	1.03
starfire	-1.18	1.29
strikes	-1.18	1.13
shadowsteps	-1.18	1.13
brutal	-1.18	2.13
dogs	-1.18	1.07
explosion	-1.18	1.21
archmage	-1.18	1.18
piss	-1.18	0.78
water	-1.18	1.25
oracle	-1.17	1.05
venture	-1.17	1.12
voidwalker	-1.17	1.03
rest	-1.17	1.66
internet	-1.16	1.10
armor	-1.16	1.19
juggernaut	-1.16	1.02
almost	-1.16	1.72
cleef	-1.16	1.18
hardest	-1.16	3.20
fiery	-1.15	1.02
frostbolts	-1.15	1.19
cult	-1.15	1.01
unbalanced	-1.15	1.60
staple	-1.15	1.53
van	-1.15	1.18
math	-1.14	2.95
belcher	-1.14	1.01
auctioneer	-1.14	1.17
flamestrike	-1.14	1.09
sludge	-1.14	1.00
smith	-1.14	0.99
variation	-1.13	1.25
master	-1.13	1.03
pirate	-1.13	1.07
widely	-1.13	3.12
worgen	-1.13	1.03
forest	-1.13	1.20
abusive	-1.12	1.04
boom	-1.12	1.03
cleric	-1.12	1.01
armorsmiths	-1.12	1.04
manipulator	-1.12	1.22
alextrasza	-1.11	1.11
bane	-1.11	1.00
favor	-1.11	1.11
perfect	-1.11	2.04
slam	-1.11	1.03
antonidas	-1.11	1.19
stormwind	-1.11	1.15
armorsmith	-1.11	0.99
corruption	-1.11	0.98
crackle	-1.11	0.93
lightspawn	-1.11	1.22
doctor	-1.11	0.98
sylvanas	-1.10	1.07
raptor	-1.10	1.43
rid	-1.10	0.79
weapon	-1.10	0.95
walker	-1.10	1.03
swipes	-1.10	1.13
abom	-1.10	0.94
douche	-1.10	0.70
recruit	-1.10	1.03
frostbolt	-1.10	1.25
prophet	-1.09	1.07
entity	-1.09	1.18
searing	-1.09	0.86
underpowered	-1.09	1.58
brawl	-1.09	0.97
favorable	-1.09	1.07
nature	-1.09	1.28
addict	-1.09	1.17
nourish	-1.09	1.30
elven	-1.08	0.95
deaths	-1.08	1.02
mistaken	-1.08	2.37
assassin	-1.08	1.03
ghoul	-1.08	0.96
ups	-1.08	1.21
elite	-1.08	0.96
flooded	-1.08	0.88
growth	-1.08	1.28
unnecessary	-1.08	1.18
pyros	-1.08	1.10
pre-naxx	-1.08	1.11
clerics	-1.08	1.02
pet	-1.07	0.93
apprentice	-1.07	1.30
act	-1.07	0.63
malygos	-1.07	1.09
lance	-1.07	1.28
weblord	-1.07	0.99
cleave	-1.07	0.99
frothing	-1.07	0.97
who	-1.07	1.72
flamestrikes	-1.06	1.11
mid-range	-1.06	1.16
asks	-1.06	1.74
troggzor	-1.06	1.03
mass	-1.06	1.01
bloodfen	-1.06	1.37
seeds	-1.06	1.03
chow	-1.06	0.96
misdirection	-1.06	0.94
powered	-1.06	1.40
considered	-1.06	3.15
needless	-1.06	0.84
gadgetzan	-1.06	1.10
choices	-1.06	1.33
whirlwind	-1.06	0.98
variant	-1.06	1.22
malorne	-1.06	1.02
equip	-1.06	0.96
otk	-1.06	1.07
disappear	-1.06	0.97
tongue	-1.06	0.96
portals	-1.05	0.99
hex	-1.05	0.90
sunwalker	-1.05	1.00
mad	-1.05	1.01
asshole	-1.05	0.75
huffer	-1.05	0.91
owl	-1.04	0.95
senjin	-1.04	0.98
trees	-1.04	1.27
haunted	-1.04	0.95
coldlight	-1.04	0.98
ironbeak	-1.04	0.97
polymorph	-1.04	0.94
dominant	-1.04	1.31
commander	-1.04	1.00
vancleef	-1.04	1.12
occurs	-1.04	1.13
eye	-1.04	1.01
shield	-1.04	1.02
crush	-1.04	0.94
dread	-1.03	0.97
proc	-1.03	0.92
invented	-1.03	0.75
abomination	-1.03	0.93
stomp	-1.03	1.01
windfury	-1.03	1.03
sorcerer	-1.03	1.27
dire	-1.03	0.96
0/3	-1.03	0.90
flame	-1.03	0.97
whine	-1.02	0.81
kicked	-1.02	0.79
blame	-1.02	1.10
unfair	-1.02	1.43
chows	-1.02	0.94
tazdingo	-1.02	0.96
taunters	-1.02	0.98
headcrack	-1.02	1.04
raging	-1.02	0.96
reaper	-1.02	0.92
arcane	-1.02	1.16
watcher	-1.01	1.01
draft	-1.01	1.63
tokens	-1.01	0.96
squire	-1.01	1.01
zombie	-1.01	0.94
commanding	-1.01	0.95
voodoo	-1.01	0.97
treants	-1.01	1.02
spellbreaker	-1.01	0.95
acolytes	-1.01	0.99
imp	-1.01	0.97
pit	-1.00	0.96
healing	-1.00	0.95
guard	-1.00	1.03
taskmaster	-1.00	0.95
dominated	-1.00	1.02
shout	-1.00	0.95
warsong	-1.00	0.95
baine	-1.00	0.97
else	-1.00	1.36
doomhammer	-0.99	1.06
easiest	-0.99	3.32
blocks	-0.99	1.16
chillwind	-0.99	0.99
adventurer	-0.99	1.01
dead	-0.99	1.55
par	-0.99	1.44
1/7	-0.99	1.03
bias	-0.98	1.01
crusader	-0.98	1.02
demonlock	-0.98	1.06
chosen	-0.98	3.61
backspace	-0.98	1.33
blood	-0.98	0.98
ashbringer	-0.98	1.00
champion	-0.98	1.07
farseer	-0.98	0.98
activated	-0.97	0.92
questing	-0.97	1.02
decisions	-0.97	1.10
ironbark	-0.97	1.28
bgh	-0.97	0.96
durability	-0.97	0.69
doom	-0.97	0.94
remove	-0.97	0.79
imps	-0.97	0.95
typical	-0.96	1.10
punch	-0.96	0.91
esp	-0.96	1.30
demonfire	-0.96	0.94
heal	-0.96	0.93
right	-0.96	2.75
playable	-0.96	1.33
missiles	-0.96	1.18
rushing	-0.96	0.90
dark	-0.96	0.94
creepers	-0.96	0.93
drain	-0.96	0.94
management	-0.95	0.99
sacrificial	-0.95	0.93
undertakers	-0.95	0.93
death	-0.95	0.92
pact	-0.95	0.93
voidcaller	-0.95	0.94
acolyte	-0.95	0.95
pirates	-0.95	1.06
sinister	-0.95	1.07
eats	-0.95	0.79
execute	-0.95	0.90
nerubian	-0.95	0.93
naturalize	-0.95	0.99
felguard	-0.95	0.94
rebirth	-0.95	0.96
alarm-o-bot	-0.95	1.02
sac	-0.95	0.93
dummy	-0.95	1.12
whelps	-0.94	0.90
berserkers	-0.94	0.94
void	-0.94	0.93
temple	-0.94	1.02
intellect	-0.94	1.04
complain	-0.94	0.65
coil	-0.94	0.93
rag	-0.94	0.99
egg	-0.94	0.93
pays	-0.94	1.32
infernal	-0.94	0.93
berserker	-0.94	0.93
seeing	-0.94	1.50
mimiron	-0.94	0.97
mortal	-0.94	0.93
expects	-0.93	2.66
bitch	-0.93	0.78
0/2	-0.93	0.86
ancient	-0.93	1.21
silence	-0.93	0.86
deathlord	-0.93	0.95
poly	-0.93	0.90
rude	-0.93	1.00
owls	-0.93	0.91
unstable	-0.93	0.92
loatheb	-0.93	0.93
alextraza	-0.92	0.99
noobs	-0.92	1.21
soul	-0.92	0.94
controlled	-0.92	0.79
eggs	-0.92	0.91
dwarf	-0.91	0.94
yeti	-0.91	1.01
undertaker	-0.91	0.92
prep	-0.91	1.07
shade	-0.91	0.94
succubus	-0.91	0.93
heals	-0.91	0.91
necessary	-0.90	1.36
gay	-0.90	1.10
activates	-0.90	0.87
1/2	-0.90	0.91
windrunner	-0.90	0.98
terror	-0.90	0.93
finds	-0.90	1.81
overwhelming	-0.90	0.94
spellpower	-0.90	0.94
hellfire	-0.90	0.92
drake	-0.90	0.93
pyromancers	-0.90	0.98
oracles	-0.90	0.94
cruel	-0.90	0.93
silenced	-0.90	0.67
sheep	-0.90	0.87
shadowflame	-0.90	0.91
crusher	-0.90	1.10
strike	-0.89	1.02
alex	-0.89	0.99
leper	-0.89	0.93
black	-0.89	0.97
copies	-0.89	1.13
netdecking	-0.89	1.01
underrated	-0.89	1.35
demons	-0.89	0.92
infiltrator	-0.89	1.05
reincarnate	-0.89	0.94
ysera	-0.89	0.98
wiped	-0.89	0.79
feign	-0.89	0.92
rock	-0.88	0.93
pagle	-0.88	0.95
core	-0.88	1.48
alakir	-0.88	1.05
alexstrasza	-0.88	0.98
lorewalker	-0.88	1.00
scarlet	-0.88	0.94
sylvannas	-0.88	1.01
jenkins	-0.88	0.98
jerk	-0.88	0.72
starting	-0.88	0.98
cho	-0.88	1.00
1/1	-0.88	0.86
nat	-0.87	0.95
edwin	-0.87	1.04
lazy	-0.87	1.05
greenskin	-0.87	0.97
tinkmaster	-0.87	0.95
procs	-0.87	0.86
rushed	-0.87	1.43
overkill	-0.87	1.17
ragnaros	-0.87	0.98
silences	-0.87	0.86
spiders	-0.87	1.02
earthen	-0.86	0.88
handed	-0.86	0.88
amani	-0.86	0.96
grommash	-0.86	0.97
siphon	-0.86	0.89
sunwalkers	-0.86	0.95
knight	-0.86	0.95
farseers	-0.86	0.88
equivalent	-0.86	1.46
hobgoblin	-0.86	1.03
al'akir	-0.86	1.00
sneed	-0.85	0.95
triggering	-0.85	0.86
preparation	-0.85	1.04
iron	-0.85	0.90
deathwing	-0.85	0.96
gnomish	-0.85	0.93
ooze	-0.85	0.95
boring	-0.85	1.32
rework	-0.84	1.11
assassinate	-0.84	0.91
spectral	-0.84	0.91
cold	-0.84	0.98
azure	-0.84	0.94
inventor	-0.84	0.94
carried	-0.84	0.74
golem	-0.84	0.97
drakes	-0.84	0.92
vanish	-0.84	0.89
shots	-0.84	0.87
watchers	-0.84	0.90
baron	-0.84	0.93
enraged	-0.84	0.91
overrated	-0.84	1.26
disguise	-0.84	0.97
alexstraza	-0.84	0.96
argent	-0.84	0.92
sits	-0.83	0.80
1/3	-0.83	0.89
decent	-0.83	2.23
matchups	-0.83	1.14
encounter	-0.83	1.47
po	-0.83	0.94
removes	-0.83	0.66
moron	-0.83	1.11
underwhelming	-0.83	1.38
netdecks	-0.83	1.28
disgusting	-0.83	1.33
geddon	-0.82	0.96
rivendare	-0.82	0.92
usable	-0.82	1.60
belchers	-0.82	0.81
ping	-0.82	0.91
protector	-0.82	0.93
shadowstep	-0.82	0.94
summoning	-0.82	0.87
removed	-0.82	0.69
activating	-0.82	0.84
overwhelm	-0.82	0.79
rampage	-0.82	0.90
cenarius	-0.82	0.96
onyxia	-0.82	0.97
bloodhoof	-0.82	0.95
sun	-0.82	0.91
pop	-0.82	0.92
problematic	-0.81	1.40
frog	-0.81	0.85
demon	-0.81	0.89
clears	-0.81	0.80
crying	-0.81	0.80
smaller	-0.81	1.15
ring	-0.80	0.88
spawns	-0.80	0.84
sap	-0.80	0.96
taunt	-0.80	0.82
feugen	-0.80	0.98
sapped	-0.80	0.75
beaten	-0.80	1.56
trigger	-0.80	0.87
alpha	-0.80	0.89
decides	-0.80	1.22
youthful	-0.79	0.88
gnome	-0.79	0.91
engineer	-0.79	0.89
silver	-0.79	1.03
krush	-0.79	0.96
cheapest	-0.79	3.34
jones	-0.79	0.95
protectors	-0.79	0.94
molten	-0.79	0.91
taunter	-0.79	0.82
cairne	-0.79	0.98
healbot	-0.78	0.93
identical	-0.78	1.19
call	-0.78	0.93
single	-0.78	3.29
shattered	-0.78	0.90
harrison	-0.78	0.95
aoe	-0.78	0.83
anti-aggro	-0.78	1.01
picked	-0.78	1.66
gruul	-0.78	0.97
mal'ganis	-0.78	0.91
ran	-0.77	1.19
summons	-0.77	0.82
activate	-0.77	0.84
overspark	-0.77	0.94
wipe	-0.77	0.79
tend	-0.77	1.38
wailing	-0.77	0.88
soulfires	-0.77	0.91
ever	-0.77	3.10
fought	-0.77	1.22
stalagg	-0.77	0.98
blown	-0.77	0.94
deathrattle	-0.77	0.85
nozdormu	-0.77	0.96
holds	-0.76	0.93
arbitrary	-0.76	1.35
large	-0.76	1.17
hoarder	-0.76	0.91
giant	-0.76	0.89
wipes	-0.76	0.82
hogger	-0.76	0.96
echo	-0.76	0.92
doomguards	-0.75	0.91
gelbin	-0.75	0.99
milhouse	-0.75	0.96
bigger	-0.75	1.23
twilight	-0.75	0.87
sunfury	-0.75	0.87
enrage	-0.75	0.84
athene	-0.75	0.72
mirror	-0.75	1.27
illidan	-0.75	0.95
soulfire	-0.74	0.91
triggers	-0.74	0.85
anybody	-0.74	1.30
giants	-0.74	0.84
biggest	-0.74	2.68
anub	-0.74	1.98
juggler	-0.74	0.91
noz	-0.74	1.01
spawn	-0.74	0.84
trolling	-0.74	0.95
millhouse	-0.74	0.97
kobold	-0.74	0.93
leroy	-0.73	1.04
larger	-0.73	1.14
fastest	-0.73	3.35
suddenly	-0.73	1.05
dr	-0.73	0.99
healed	-0.73	0.85
buffed	-0.73	0.74
salty	-0.73	2.07
day	-0.73	1.82
spawned	-0.73	0.82
mukla	-0.73	0.92
summoned	-0.73	0.75
war	-0.73	1.02
true	-0.73	2.37
kel	-0.73	0.93
triggered	-0.72	0.85
doomguard	-0.72	0.90
faerlina	-0.72	2.00
run	-0.72	0.96
dominance	-0.72	1.07
flawed	-0.72	2.83
2/5	-0.72	0.87
small	-0.72	1.16
brewmaster	-0.72	0.86
mill	-0.72	0.93
arguably	-0.72	3.35
yetis	-0.72	0.90
tells	-0.72	1.45
basically	-0.72	1.65
thaddius	-0.72	1.09
sized	-0.71	0.98
harvest	-0.71	0.90
fight	-0.71	1.48
among	-0.71	3.43
grom	-0.71	0.89
gallywix	-0.71	0.95
blow	-0.71	0.78
apart	-0.71	1.07
literally	-0.71	1.86
destroying	-0.71	0.72
entire	-0.71	1.73
moltens	-0.71	0.82
occur	-0.71	1.20
engineers	-0.71	0.90
possible	-0.71	2.85
wyrm	-0.71	1.21
switched	-0.70	1.02
mix	-0.70	1.06
threats	-0.70	0.99
burned	-0.70	0.81
has	-0.70	1.28
squires	-0.70	0.88
kt	-0.70	0.94
acidic	-0.70	1.02
decks	-0.70	1.15
carine	-0.70	0.98
bait	-0.70	0.83
bastard	-0.70	1.82
al	-0.70	0.93
defenders	-0.70	0.88
assassins	-0.70	0.94
antique	-0.69	0.87
inferior	-0.69	1.34
deadly	-0.69	0.96
summon	-0.69	0.75
medium	-0.69	1.11
falls	-0.69	0.82
dunno	-0.69	2.31
1/1s	-0.69	0.89
brewmasters	-0.69	0.86
weakest	-0.69	3.43
rattle	-0.69	0.83
removal	-0.68	0.97
loot	-0.68	0.89
beat	-0.68	2.04
bloodmage	-0.68	0.95
thalnos	-0.67	0.95
truth	-0.67	1.03
taunted	-0.67	0.77
filled	-0.67	1.03
geomancer	-0.67	0.93
opener	-0.67	1.48
akir	-0.67	0.97
killed	-0.67	0.75
hurt	-0.67	0.77
coin	-0.67	0.95
sprint	-0.66	0.88
protect	-0.66	0.71
bypass	-0.66	0.71
closest	-0.66	3.32
shredder	-0.66	0.87
hoarders	-0.66	0.87
swamp	-0.66	1.00
needs	-0.66	0.73
jaraxxus	-0.66	0.84
harsh	-0.66	1.13
died	-0.66	0.93
panda	-0.66	0.81
significant	-0.66	1.17
stand	-0.66	0.59
far	-0.65	3.16
4/7	-0.65	0.74
wise	-0.65	1.13
harder	-0.65	1.76
novice	-0.65	0.86
portal	-0.65	0.89
9/10	-0.65	1.41
0/1	-0.65	0.78
mountain	-0.65	0.88
abused	-0.65	1.11
2/4	-0.65	0.83
t1	-0.65	0.94
heroic	-0.65	2.11
downvoting	-0.65	0.98
rage	-0.64	0.82
commanders	-0.64	0.86
abusing	-0.64	1.07
dancing	-0.64	0.86
encountered	-0.64	1.04
case	-0.64	2.94
clear	-0.64	0.77
chunk	-0.63	0.75
replaces	-0.63	0.72
p2w	-0.63	0.80
jarraxus	-0.63	0.85
pulls	-0.63	0.63
rattles	-0.63	0.81
kel'thuzad	-0.63	1.07
balls	-0.63	1.23
manastorm	-0.63	0.93
3/1	-0.63	0.80
resolve	-0.63	0.86
tries	-0.63	1.31
buggy	-0.62	1.28
monsters	-0.62	0.90
protection	-0.62	0.91
drafted	-0.62	1.15
calls	-0.62	1.18
knife	-0.62	0.86
ignores	-0.62	1.15
wyrms	-0.62	1.13
3/4	-0.62	0.80
t2	-0.61	0.90
3/5	-0.61	0.79
prevalent	-0.61	1.04
5/3	-0.61	0.81
2/1	-0.61	0.81
betrayal	-0.61	0.91
dies	-0.61	0.77
fury	-0.61	0.88
bk	-0.61	0.97
hide	-0.61	0.82
taunts	-0.61	0.78
boss	-0.60	1.88
broke	-0.60	0.55
touch	-0.60	0.95
resolves	-0.60	0.88
mouth	-0.60	0.84
trouble	-0.60	1.03
golems	-0.60	0.86
silencing	-0.60	0.71
everybody	-0.60	2.34
dagger	-0.59	0.90
countering	-0.59	0.88
load	-0.59	0.89
battle	-0.59	0.78
tbk	-0.59	0.98
checks	-0.59	0.85
2/2	-0.59	0.79
one	-0.59	3.21
creep	-0.59	0.87
massive	-0.59	1.24
beefy	-0.59	1.22
match-ups	-0.59	1.08
strongest	-0.59	3.38
scrubs	-0.59	1.15
where	-0.59	1.54
king	-0.59	0.86
toxic	-0.59	0.87
non	-0.59	1.68
tiny	-0.59	1.01
leeroy	-0.58	0.96
mulligans	-0.58	0.83
failure	-0.58	0.84
vs	-0.58	1.12
mainly	-0.58	1.20
extent	-0.58	0.89
bounce	-0.58	0.79
stealthed	-0.58	0.87
copied	-0.58	0.94
patchwerk	-0.58	1.81
5/10	-0.57	1.10
deathrattles	-0.57	0.86
takes	-0.57	1.13
buffs	-0.57	0.72
acting	-0.57	0.66
scale	-0.57	0.72
plain	-0.57	1.16
fired	-0.57	0.69
backstab	-0.57	0.98
revive	-0.57	0.88
spider	-0.57	1.09
essential	-0.56	1.13
occasionally	-0.56	1.11
strange	-0.56	1.80
paired	-0.56	1.01
smart	-0.56	1.21
butt	-0.56	0.92
1/5	-0.56	0.83
time	-0.56	1.74
near	-0.56	1.43
pick	-0.56	3.23
half	-0.55	1.93
pure	-0.55	1.36
liking	-0.55	0.73
brain	-0.55	0.87
huge	-0.55	1.21
unreasonable	-0.55	1.24
easier	-0.55	1.61
tap	-0.55	0.90
4/3	-0.55	0.80
strat	-0.55	0.89
cleared	-0.55	1.24
popped	-0.55	0.81
charge	-0.55	0.83
poison	-0.55	0.94
about	-0.54	0.85
12-0	-0.54	1.06
buffing	-0.54	0.82
boards	-0.54	0.92
viable	-0.54	1.55
essentially	-0.54	1.33
pinging	-0.54	0.79
returned	-0.54	0.65
t4	-0.54	0.85
applies	-0.54	0.75
attitude	-0.54	0.88
destroy	-0.54	0.72
kill	-0.53	0.77
moves	-0.53	1.02
disagree	-0.53	2.64
4x	-0.53	0.93
swords	-0.53	0.84
jugglers	-0.53	0.84
5/7	-0.53	0.75
40g	-0.53	1.04
shiv	-0.53	0.94
remind	-0.53	0.61
combat	-0.53	0.87
getting	-0.52	1.16
standard	-0.52	0.94
confused	-0.52	2.46
annoy-o-tron	-0.52	0.81
armour	-0.52	0.82
class	-0.52	3.38
12-2	-0.52	1.06
daily	-0.52	1.14
whenever	-0.52	0.77
kick	-0.52	1.00
4/1	-0.52	0.81
resolved	-0.51	0.84
frustrating	-0.51	1.44
someone	-0.51	0.96
opening	-0.51	1.02
excessive	-0.51	1.33
idiot	-0.51	1.17
murk-eye	-0.51	0.90
attempts	-0.51	1.15
heavy	-0.51	1.01
5/4	-0.51	0.76
ages	-0.51	1.11
6/7	-0.51	0.76
die	-0.50	0.88
4/4	-0.50	0.75
defeated	-0.50	1.47
returning	-0.50	0.75
raid	-0.50	1.02
kills	-0.50	0.77
trust	-0.50	0.74
50/50	-0.50	0.93
discarded	-0.50	0.78
contrary	-0.50	2.76
3/3	-0.50	0.77
bodies	-0.50	0.73
6/6	-0.50	0.77
4/5	-0.50	0.75
punished	-0.50	1.39
quest	-0.50	1.14
flying	-0.50	0.92
crafted	-0.50	1.09
4/2	-0.49	0.81
quests	-0.49	1.16
cycles	-0.49	0.83
army	-0.49	0.79
bombs	-0.49	0.85
changes	-0.49	0.87
insulting	-0.49	0.84
matched	-0.49	0.92
weak	-0.49	1.56
eviscerate	-0.49	0.93
word	-0.49	1.07
suggesting	-0.49	1.24
soft	-0.48	0.62
battlecries	-0.48	0.79
heroics	-0.48	1.81
upset	-0.48	2.78
guarantees	-0.48	1.28
hexed	-0.48	1.27
12-1	-0.48	1.03
breaking	-0.48	0.91
dangerous	-0.48	1.20
besides	-0.48	1.61
charges	-0.48	0.89
challenge	-0.48	1.99
5/5	-0.48	0.73
enters	-0.48	0.70
vital	-0.48	1.27
simultaneously	-0.48	0.88
fan	-0.48	0.92
100g	-0.47	1.15
nuke	-0.47	0.82
comboed	-0.47	1.03
netdeck	-0.47	0.89
legion	-0.47	0.85
anyone	-0.47	1.08
perdition	-0.47	0.91
effects	-0.47	0.78
stall	-0.47	0.83
overwhelmed	-0.47	1.84
5/6	-0.47	0.75
fights	-0.47	1.65
commenting	-0.47	0.93
defender	-0.47	0.88
maexxna	-0.47	2.04
reroll	-0.47	1.08
mid	-0.47	0.89
ogres	-0.46	0.79
argus	-0.46	0.87
buff	-0.46	0.73
knives	-0.46	0.92
starter	-0.46	1.25
people	-0.46	0.69
0-3	-0.46	1.06
blade	-0.46	0.91
leads	-0.46	0.83
dudes	-0.46	0.86
chargers	-0.46	0.97
de	-0.46	1.21
cantrip	-0.46	0.83
mech	-0.46	0.85
return	-0.46	0.72
completely	-0.46	1.09
t3	-0.46	0.86
flurry	-0.46	0.92
bouncing	-0.46	0.80
dailies	-0.46	1.14
mostly	-0.46	1.14
3x	-0.46	0.89
oriented	-0.45	0.91
explode	-0.45	0.75
mekkatorque	-0.45	0.86
removals	-0.45	0.85
2/3	-0.45	0.85
bomb	-0.45	0.82
agree	-0.45	2.59
cases	-0.45	1.63
4/6	-0.45	0.74
fallen	-0.45	0.83
completed	-0.45	1.27
spent	-0.44	0.76
6/5	-0.44	0.74
grand	-0.44	1.77
running	-0.44	1.11
powerful	-0.44	1.49
dusted	-0.44	1.12
despite	-0.44	0.86
topdecking	-0.44	1.08
pair	-0.44	0.83
completing	-0.44	1.37
body	-0.44	0.73
flood	-0.44	0.79
played	-0.44	1.39
lying	-0.43	1.30
difficult	-0.43	1.38
aggressively	-0.43	1.03
disenchanted	-0.43	1.13
fel	-0.43	0.82
scary	-0.43	2.10
throughout	-0.43	0.68
stating	-0.43	1.16
killing	-0.43	0.73
cannon	-0.43	0.81
steady	-0.43	0.82
brew	-0.43	0.76
gimmick	-0.43	1.02
power	-0.42	0.93
am	-0.42	1.50
built	-0.42	0.75
legendary	-0.42	1.79
dirty	-0.42	0.95
aggression	-0.42	0.86
hellscream	-0.42	0.79
tapping	-0.42	0.78
reliant	-0.42	1.23
defeat	-0.42	1.74
traded	-0.42	0.76
nowhere	-0.42	1.29
claimed	-0.42	0.75
havent	-0.41	1.10
picks	-0.41	1.55
nearly	-0.41	1.58
false	-0.41	3.01
weird	-0.41	1.91
dotc	-0.41	0.96
damaging	-0.41	0.76
claiming	-0.41	1.16
skills	-0.41	1.02
chooses	-0.41	1.52
beating	-0.41	1.80
flooding	-0.41	0.75
7/7	-0.41	0.73
circumstances	-0.41	1.42
dream	-0.41	1.45
spend	-0.41	0.76
oozes	-0.40	0.78
eliminate	-0.40	1.02
discards	-0.40	0.86
leg	-0.40	1.04
stronger	-0.40	1.84
attempt	-0.40	1.39
fail	-0.40	0.93
traditional	-0.40	0.87
mulliganing	-0.40	1.14
rofl	-0.40	1.98
reaver	-0.40	0.83
adjustments	-0.39	0.90
making	-0.39	0.83
correctly	-0.39	3.11
battlecry	-0.39	0.72
defeating	-0.39	1.66
fair	-0.39	1.26
staying	-0.39	0.86
tracking	-0.39	0.84
coined	-0.38	0.88
favour	-0.38	0.69
board	-0.38	0.76
stealth	-0.38	0.79
everyday	-0.38	0.91
dying	-0.38	0.76
downvotes	-0.38	0.97
suicide	-0.38	0.82
effect	-0.38	0.81
powers	-0.38	1.73
regrets	-0.37	1.17
supporting	-0.37	0.51
dump	-0.37	0.75
position	-0.37	1.03
stick	-0.37	0.83
reality	-0.37	0.60
person	-0.37	1.22
pulled	-0.37	0.93
guaranteed	-0.37	1.36
stayed	-0.37	0.56
taunting	-0.36	0.78
aow	-0.36	0.89
outside	-0.36	0.96
3000	-0.36	0.88
myself	-0.36	1.02
returns	-0.36	0.76
staples	-0.36	1.22
sudden	-0.36	0.63
slight	-0.36	0.97
maximum	-0.36	1.38
move	-0.36	1.13
balanced	-0.36	1.42
causes	-0.36	0.86
size	-0.36	0.94
leaving	-0.36	0.76
goddamn	-0.36	1.14
apply	-0.36	0.69
game	-0.36	1.57
substitute	-0.36	1.59
bosses	-0.36	1.63
clearing	-0.36	0.77
aggressive	-0.35	0.94
changed	-0.35	0.82
bombers	-0.35	0.81
end	-0.35	1.13
cycle	-0.35	0.81
legs	-0.35	0.79
required	-0.35	0.99
33	-0.35	1.56
charging	-0.35	0.88
7-3	-0.35	0.98
collection	-0.35	1.08
stats	-0.35	0.75
comparable	-0.35	1.51
duplicates	-0.35	1.23
cycling	-0.34	0.81
confirmation	-0.34	0.94
bound	-0.34	0.90
construct	-0.34	1.52
safely	-0.34	0.89
3-3	-0.34	1.00
existence	-0.34	0.71
normal	-0.34	1.56
neutrals	-0.34	2.00
gimmicky	-0.34	1.23
type	-0.34	1.52
went	-0.34	0.97
exclusively	-0.34	0.95
losses	-0.34	0.92
decked	-0.34	0.81
finish	-0.33	0.92
golds	-0.33	1.27
roll	-0.33	0.74
failing	-0.33	0.89
inefficient	-0.33	1.25
irrelevant	-0.33	2.02
trivial	-0.33	1.14
unrelated	-0.33	1.01
lived	-0.33	0.59
rolling	-0.33	0.77
weaker	-0.33	1.50
each	-0.33	2.28
insane	-0.33	1.90
missing	-0.33	1.15
piloted	-0.33	0.80
lord	-0.33	0.78
hole	-0.33	0.76
incorrectly	-0.32	3.18
knights	-0.32	0.77
manners	-0.32	1.06
luck	-0.32	1.06
goes	-0.32	0.69
annoy	-0.32	1.15
prime	-0.32	0.69
golden	-0.32	1.29
1-3	-0.32	1.03
aura	-0.32	0.67
differences	-0.32	0.92
everyone	-0.32	2.14
legendaries	-0.32	1.25
5-3	-0.32	0.98
nuts	-0.32	1.23
survived	-0.32	0.77
lag	-0.32	0.69
rares	-0.32	1.30
epics	-0.32	1.25
somebody	-0.31	0.87
battlefield	-0.31	0.74
annoying	-0.31	1.45
clockwork	-0.31	0.80
respect	-0.31	0.56
mechwarper	-0.31	0.75
waste	-0.31	0.83
lies	-0.31	1.09
crucial	-0.31	1.39
frustrated	-0.31	2.85
momentum	-0.31	0.87
ugh	-0.31	1.61
compensate	-0.31	1.08
life	-0.30	0.95
realizing	-0.30	0.92
leaves	-0.30	0.77
establish	-0.30	0.83
successfully	-0.30	0.72
arenas	-0.30	1.10
etc	-0.30	0.81
alarm	-0.30	0.86
filling	-0.30	0.95
gets	-0.30	0.60
non-golden	-0.30	1.30
d/e	-0.30	1.23
craft	-0.30	1.26
failed	-0.30	0.86
legendarys	-0.30	1.31
disenchant	-0.30	1.25
crystals	-0.30	0.83
passive	-0.30	0.75
400	-0.30	1.18
clean	-0.30	0.75
field	-0.30	0.76
crafting	-0.30	1.27
shifting	-0.30	0.84
caused	-0.29	0.74
disenchanting	-0.29	1.25
generic	-0.29	1.21
arena	-0.29	1.05
survives	-0.29	0.71
discarding	-0.29	0.84
match	-0.29	1.38
ignoring	-0.29	1.13
double	-0.29	0.83
hand	-0.29	0.92
lives	-0.29	0.63
regular	-0.29	1.31
save	-0.29	0.81
preferred	-0.29	3.02
lords	-0.29	0.76
29	-0.29	2.01
early	-0.28	0.88
major	-0.28	1.20
0-2	-0.28	1.04
feed	-0.28	0.75
struggling	-0.28	1.21
wall	-0.28	0.70
commons	-0.28	1.41
survive	-0.28	0.79
dragon	-0.28	1.05
sky	-0.28	0.88
blessed	-0.28	0.95
mid-game	-0.28	0.88
gone	-0.28	1.01
topdecked	-0.28	0.77
portion	-0.28	0.86
serves	-0.27	0.72
vanilla	-0.27	1.20
wasting	-0.27	0.73
happening	-0.27	1.05
goldens	-0.27	1.29
strictly	-0.27	1.53
1600	-0.27	1.21
weight	-0.27	0.72
gnomes	-0.27	0.76
last	-0.27	1.39
infinite	-0.27	1.00
retire	-0.27	0.90
offended	-0.27	1.85
3200	-0.27	1.22
ground	-0.27	0.74
zero	-0.27	1.12
late	-0.27	1.05
topdeck	-0.27	1.06
rarer	-0.27	1.69
defend	-0.27	0.66
followed	-0.27	0.72
ease	-0.27	0.99
2/+2	-0.27	0.67
attacked	-0.27	0.80
tempo	-0.27	0.90
bming	-0.27	0.77
rolls	-0.26	0.70
bomber	-0.26	0.76
stays	-0.26	0.57
transform	-0.26	0.74
annoyed	-0.26	2.84
specific	-0.26	1.33
ones	-0.26	2.02
next	-0.26	1.63
sample	-0.26	0.97
messing	-0.26	0.95
targets	-0.26	1.32
finished	-0.25	1.03
temporary	-0.25	0.72
full	-0.25	1.01
talking	-0.25	1.51
hits	-0.25	0.71
outcomes	-0.25	1.40
shifts	-0.25	0.82
infinitely	-0.25	1.44
presence	-0.25	0.84
face	-0.25	0.82
curves	-0.25	0.89
flaw	-0.25	0.95
lost	-0.25	0.90
than	-0.25	1.89
3-2	-0.25	1.05
wins	-0.25	1.06
deal	-0.24	0.79
empty	-0.24	0.86
month	-0.24	1.44
draws	-0.24	1.04
base	-0.24	0.89
mana	-0.24	0.86
pool	-0.24	0.91
greedy	-0.24	0.97
archetype	-0.24	1.31
surviving	-0.24	0.80
exists	-0.24	0.61
milling	-0.24	0.77
jeeves	-0.24	0.75
tree	-0.24	0.84
targeted	-0.23	0.87
care	-0.23	0.86
forgotten	-0.23	1.06
dust	-0.23	1.15
ton	-0.23	1.13
damnit	-0.23	1.11
pay2win	-0.23	0.64
picking	-0.23	1.66
inherent	-0.23	1.05
pvp	-0.23	1.09
became	-0.23	1.11
builds	-0.23	0.95
ppl	-0.23	0.87
pops	-0.23	0.62
excess	-0.23	0.99
toss	-0.23	0.78
atk	-0.23	0.86
together	-0.23	0.93
outcome	-0.22	1.00
inconsistent	-0.22	1.23
aka	-0.22	0.59
whether	-0.22	0.94
individually	-0.22	1.53
weaknesses	-0.22	0.94
wing	-0.22	1.51
due	-0.22	0.82
limited	-0.22	1.17
metas	-0.22	0.89
stress	-0.22	0.84
seen	-0.22	1.09
lategame	-0.22	1.04
shift	-0.22	0.82
second	-0.22	2.29
dropping	-0.22	0.79
situation	-0.22	1.28
immune	-0.22	0.72
draw	-0.22	0.92
controlling	-0.22	0.84
doubles	-0.22	1.16
budget	-0.22	1.33
theoretically	-0.22	1.25
classes	-0.22	2.27
six	-0.21	1.08
forcing	-0.21	0.69
exception	-0.21	1.16
pump	-0.21	0.77
qq	-0.21	0.87
possibility	-0.21	1.27
drew	-0.21	0.87
four	-0.21	1.06
refuse	-0.21	0.66
invested	-0.21	0.78
claims	-0.21	1.27
shit	-0.21	1.24
copy	-0.21	0.88
1hp	-0.21	0.74
real	-0.21	1.18
doing	-0.21	1.46
tends	-0.21	0.96
outs	-0.21	0.98
functions	-0.21	0.67
five	-0.21	1.08
order	-0.21	0.80
attempting	-0.20	0.88
2-3	-0.20	1.04
depends	-0.20	1.06
needed	-0.20	0.99
snowball	-0.20	0.80
si	-0.20	0.87
hard	-0.20	1.27
loosing	-0.20	0.79
difference	-0.20	0.91
gold	-0.20	0.99
attacking	-0.20	0.78
faces	-0.20	0.96
800	-0.20	1.10
auto	-0.20	0.96
across	-0.20	1.01
mindset	-0.20	0.87
synergy	-0.20	1.31
lots	-0.20	1.08
punishment	-0.20	0.76
discussing	-0.20	0.80
affected	-0.20	0.78
stalling	-0.20	0.79
3/2	-0.20	0.89
clunky	-0.20	1.18
incorrect	-0.20	3.17
secondly	-0.20	0.81
depend	-0.19	0.93
removing	-0.19	0.71
everything	-0.19	0.94
1x	-0.19	0.84
versions	-0.19	1.26
first	-0.19	1.91
complaint	-0.19	0.68
drawing	-0.19	0.86
challenges	-0.19	1.46
says	-0.19	1.16
alive	-0.19	0.74
opponent	-0.19	0.73
regain	-0.19	0.77
high	-0.19	1.45
extreme	-0.18	1.38
seven	-0.18	1.02
critical	-0.18	0.88
repeatedly	-0.18	0.65
self	-0.18	0.64
spell	-0.18	0.82
modern	-0.18	0.74
hurting	-0.18	1.06
fingers	-0.18	0.75
outright	-0.18	1.05
health	-0.18	0.92
efficiently	-0.18	0.86
repeating	-0.18	1.11
measure	-0.18	0.98
micro	-0.18	1.04
instantly	-0.18	0.86
company	-0.18	0.95
amounts	-0.18	0.87
pressure	-0.18	0.79
primarily	-0.18	0.97
difficulty	-0.18	1.21
preferably	-0.18	1.16
tight	-0.18	1.19
rich	-0.17	0.93
condescending	-0.17	0.81
passes	-0.17	0.59
holding	-0.17	1.17
1200	-0.17	1.04
tricky	-0.17	1.25
throws	-0.17	0.72
shifted	-0.17	0.83
objectively	-0.17	1.54
blizzards	-0.17	0.72
ringleader	-0.17	0.87
automatically	-0.17	1.01
matters	-0.17	0.74
subjective	-0.17	1.18
decking	-0.17	0.85
pass	-0.17	0.79
coining	-0.17	0.89
using	-0.17	1.08
tank	-0.17	0.66
meaningful	-0.17	1.06
ve	-0.17	1.26
maintaining	-0.17	0.80
proves	-0.17	1.07
spells	-0.17	0.92
frankly	-0.16	1.01
2-1	-0.16	1.35
trading	-0.16	0.80
frequently	-0.16	0.87
opened	-0.16	1.06
punish	-0.16	0.70
decrease	-0.16	1.18
left	-0.16	1.37
unlike	-0.16	1.17
harm	-0.16	0.81
games	-0.16	1.05
effectively	-0.16	0.99
slows	-0.16	0.67
losing	-0.16	1.08
quarter	-0.16	1.38
per	-0.16	1.24
noob	-0.16	1.03
mulligan	-0.16	0.90
managed	-0.16	1.28
invest	-0.16	0.72
1-2	-0.16	1.07
dime	-0.16	1.53
replace	-0.16	0.84
result	-0.16	1.00
common	-0.16	1.26
focuses	-0.16	0.80
creatures	-0.16	0.85
6	-0.15	0.99
creature	-0.15	0.79
threatening	-0.15	1.20
usual	-0.15	1.25
rant	-0.15	0.66
defias	-0.15	0.88
variations	-0.15	1.06
toughness	-0.15	0.91
example	-0.15	1.56
population	-0.15	0.79
advantages	-0.15	0.92
focused	-0.15	0.84
averaging	-0.15	1.03
unlock	-0.15	1.49
lich	-0.15	0.83
sustain	-0.15	0.80
wings	-0.15	1.40
damaged	-0.15	0.82
serve	-0.15	0.74
precisely	-0.15	0.73
permanent	-0.15	0.70
two	-0.15	1.04
attacks	-0.15	0.82
dropped	-0.15	0.84
fewer	-0.15	1.29
easy	-0.15	1.36
32	-0.15	1.17
riot	-0.14	1.08
majority	-0.14	0.97
fill	-0.14	0.94
runs	-0.14	0.95
flat	-0.14	0.89
hp	-0.14	0.98
vulnerable	-0.14	1.23
4	-0.14	1.00
replaced	-0.14	0.83
swapped	-0.14	0.89
slower	-0.14	1.34
12/12	-0.14	0.82
36	-0.14	1.19
remaining	-0.14	1.06
cry	-0.14	0.79
theirs	-0.14	0.73
wotlk	-0.14	0.90
0	-0.14	0.93
led	-0.14	0.79
absurd	-0.14	1.73
chance	-0.14	0.88
levels	-0.14	1.61
endless	-0.14	0.80
stack	-0.14	0.93
swing	-0.14	0.84
lesser	-0.14	0.70
ending	-0.14	0.80
three	-0.14	1.08
dmg	-0.14	1.04
accordingly	-0.13	1.19
traffic	-0.13	0.60
vast	-0.13	0.90
crystal	-0.13	0.76
stale	-0.13	0.99
m	-0.13	1.66
basicly	-0.13	0.95
frequent	-0.13	0.80
range	-0.13	0.91
balance	-0.13	0.76
plans	-0.13	0.58
horde	-0.13	0.61
shuffle	-0.13	1.22
spare	-0.13	0.89
similarly	-0.13	1.34
superior	-0.13	1.47
meta	-0.13	0.87
judging	-0.13	0.71
defensive	-0.13	0.90
been	-0.13	1.19
towards	-0.13	0.80
concedes	-0.13	0.69
build	-0.13	0.82
age	-0.13	0.52
ends	-0.12	0.71
success	-0.12	0.85
evenly	-0.12	1.38
hours	-0.12	1.15
1500	-0.12	0.97
versa	-0.12	0.82
minimize	-0.12	1.08
ended	-0.12	0.82
trades	-0.12	0.96
sticky	-0.12	0.89
1.5	-0.12	1.02
handled	-0.12	0.90
saved	-0.12	0.90
randomly	-0.12	1.86
changing	-0.12	0.80
obtained	-0.12	1.32
week	-0.12	1.26
similar	-0.12	1.04
billion	-0.12	0.86
side	-0.12	0.97
swings	-0.12	0.80
unlocked	-0.12	1.40
2000	-0.12	0.97
12	-0.12	1.08
27	-0.11	1.19
medivh	-0.11	0.70
strengths	-0.11	1.24
child	-0.11	0.50
2	-0.11	0.93
pieces	-0.11	0.93
floating	-0.11	0.73
total	-0.11	1.13
hour	-0.11	1.19
attack	-0.11	0.85
saving	-0.11	0.86
26	-0.11	1.17
behind	-0.11	0.82
swarm	-0.11	0.85
part	-0.11	1.40
battles	-0.11	1.08
offered	-0.11	1.35
deals	-0.11	0.83
600	-0.11	0.99
upper	-0.11	1.52
curious	-0.11	2.80
fans	-0.10	0.81
24	-0.10	1.16
3	-0.10	1.03
days	-0.10	1.20
fall	-0.10	0.71
cat	-0.10	0.80
200	-0.10	0.97
dealt	-0.10	0.82
8	-0.10	1.05
dusting	-0.10	1.13
cheaper	-0.10	1.49
30	-0.10	1.12
28	-0.10	1.17
called	-0.10	0.66
300	-0.10	0.97
minions	-0.10	0.79
bringing	-0.10	0.67
fear	-0.10	0.97
affect	-0.10	0.73
whereas	-0.10	1.08
drawn	-0.10	0.90
affects	-0.10	0.83
minor	-0.10	0.99
library	-0.10	0.96
gains	-0.10	0.60
seed	-0.10	1.07
clicking	-0.10	1.08
tired	-0.10	1.61
22	-0.10	1.17
constant	-0.10	0.70
100	-0.10	1.03
proceed	-0.10	0.85
important	-0.10	1.40
costs	-0.10	1.08
1000	-0.10	0.95
9	-0.10	1.07
messed	-0.09	1.09
bugged	-0.09	0.93
ive	-0.09	1.26
stat	-0.09	0.74
1-1	-0.09	1.36
ten	-0.09	1.10
hundreds	-0.09	1.09
comparing	-0.09	0.87
asking	-0.09	1.49
2x	-0.09	0.83
times	-0.09	1.10
reliably	-0.09	0.99
23	-0.09	1.17
disappointed	-0.09	2.88
racist	-0.09	1.04
continues	-0.09	0.66
he	-0.09	0.91
minimum	-0.09	1.07
launched	-0.09	0.63
damage	-0.09	0.91
odds	-0.09	0.94
valued	-0.09	1.16
opponents	-0.09	0.84
placement	-0.09	0.82
21	-0.09	1.17
treat	-0.09	0.71
restricted	-0.09	0.96
5	-0.09	1.02
pack	-0.09	1.05
mechs	-0.09	0.87
40	-0.09	1.02
sake	-0.08	0.78
1/+1	-0.08	0.68
regularly	-0.08	0.67
rule	-0.08	0.64
all	-0.08	1.87
noting	-0.08	0.85
random	-0.08	1.54
700	-0.08	1.12
ability	-0.08	0.88
happens	-0.08	1.13
change	-0.08	0.82
being	-0.08	0.76
sheer	-0.08	1.31
available	-0.08	1.48
world	-0.08	3.16
reduce	-0.08	1.25
low	-0.08	1.38
behaviour	-0.08	0.77
split	-0.08	1.89
air	-0.08	0.79
eight	-0.08	1.04
compare	-0.08	1.38
carefully	-0.08	1.35
threat	-0.08	0.85
score	-0.07	0.97
human	-0.07	0.79
randomness	-0.07	0.77
relying	-0.07	0.86
by	-0.07	0.81
within	-0.07	1.18
secure	-0.07	0.80
surprised	-0.07	2.88
dealing	-0.07	0.72
raids	-0.07	0.89
stone	-0.07	1.00
turn	-0.07	0.94
pissed	-0.07	2.67
twice	-0.07	0.94
collecting	-0.07	1.00
monster	-0.07	0.79
maintain	-0.07	0.78
feels	-0.07	1.32
18	-0.07	1.15
popularity	-0.07	0.80
14	-0.07	1.14
3/2s	-0.07	1.02
increasing	-0.07	1.36
turns	-0.07	1.04
hundred	-0.07	1.02
accepted	-0.07	1.18
graveyard	-0.07	0.84
shoot	-0.07	0.67
suffer	-0.07	0.77
farm	-0.07	1.32
least	-0.06	1.74
copying	-0.06	1.01
loose	-0.06	0.68
falling	-0.06	0.69
7	-0.06	0.96
13	-0.06	1.15
relies	-0.06	0.80
punishing	-0.06	0.77
reynads	-0.06	1.10
threw	-0.06	0.70
edge	-0.06	1.20
reduced	-0.06	1.16
both	-0.06	1.09
stupidly	-0.06	1.16
x2	-0.06	0.84
factors	-0.06	0.84
archetypes	-0.06	1.07
realistically	-0.06	1.16
soulbound	-0.06	1.23
protecting	-0.06	0.67
16	-0.06	1.10
10	-0.06	1.07
relative	-0.06	1.25
expert	-0.06	1.23
11	-0.06	1.09
faster	-0.06	1.54
ago	-0.06	1.12
minimal	-0.06	1.21
career	-0.06	0.49
plague	-0.06	1.23
streak	-0.06	0.86
17	-0.06	1.16
slightly	-0.06	1.56
increase	-0.06	1.23
misunderstood	-0.05	2.68
era	-0.05	0.74
barely	-0.05	1.08
trade	-0.05	0.95
same	-0.05	1.26
peak	-0.05	0.80
distinction	-0.05	0.88
cheating	-0.05	0.88
companies	-0.05	0.61
formula	-0.05	1.07
fourth	-0.05	1.22
dollars	-0.05	0.91
2k	-0.05	0.86
design	-0.05	1.03
greatest	-0.05	2.68
lead	-0.05	0.77
currently	-0.05	0.91
proven	-0.05	1.13
packs	-0.05	0.94
probability	-0.05	1.11
spending	-0.05	0.81
rare	-0.05	1.22
95	-0.05	1.03
longer	-0.05	1.16
safer	-0.05	1.21
way	-0.05	1.66
grows	-0.05	0.98
others	-0.05	1.21
entirely	-0.05	0.97
cheesy	-0.05	1.10
naxxramas	-0.05	1.22
2-4	-0.05	1.05
hitting	-0.05	0.81
disconnects	-0.05	0.75
customers	-0.05	0.60
stabilize	-0.05	0.82
cheater	-0.05	0.69
key	-0.05	0.91
downvoted	-0.05	1.06
wide	-0.05	0.91
quicker	-0.04	1.56
misses	-0.04	0.64
strongly	-0.04	0.56
needing	-0.04	0.73
250	-0.04	0.96
3-4	-0.04	1.05
playerbase	-0.04	0.71
mentioning	-0.04	0.94
nothing	-0.04	1.08
weeks	-0.04	1.17
bucks	-0.04	0.93
target	-0.04	0.94
drawbacks	-0.04	0.86
months	-0.04	1.15
1	-0.04	1.01
clue	-0.04	1.03
timing	-0.04	1.08
glitch	-0.04	0.92
go	-0.04	0.85
15	-0.04	1.08
amount	-0.04	0.84
click	-0.04	1.09
machine	-0.04	0.71
bothered	-0.04	1.08
playing	-0.04	0.99
60	-0.04	1.11
disadvantage	-0.04	0.83
thousands	-0.04	1.10
dreams	-0.04	0.76
technology	-0.04	0.65
6-7	-0.04	1.02
owner	-0.04	0.63
free	-0.03	1.06
skip	-0.03	0.77
5-6	-0.03	1.04
considerably	-0.03	1.56
6-8	-0.03	1.04
90	-0.03	1.10
20	-0.03	1.09
itself	-0.03	0.95
upside	-0.03	0.87
behavior	-0.03	0.74
instant	-0.03	0.79
took	-0.03	1.06
millions	-0.03	1.03
hero	-0.03	1.60
thousand	-0.03	1.02
points	-0.03	0.88
breaks	-0.03	0.53
efficiency	-0.03	0.92
risky	-0.03	1.27
partially	-0.03	0.85
metagame	-0.03	0.81
abuse	-0.03	0.77
lil	-0.03	1.09
impact	-0.03	0.82
collectible	-0.03	0.91
period	-0.03	1.07
largely	-0.03	1.18
cap	-0.02	1.10
9/9	-0.02	0.80
avoiding	-0.02	0.72
weakness	-0.02	0.80
cost	-0.02	0.93
loss	-0.02	0.77
sacrificing	-0.02	0.74
active	-0.02	0.62
mentality	-0.02	0.61
sniper	-0.02	0.70
suited	-0.02	1.22
approximately	-0.02	1.05
solely	-0.02	0.81
dice	-0.02	0.73
1k	-0.02	0.89
disconnect	-0.02	0.76
priority	-0.02	1.86
fast	-0.02	1.06
3-5	-0.02	1.05
4-5	-0.02	1.03
throwing	-0.02	0.79
drawback	-0.02	0.85
button	-0.02	1.07
downsides	-0.02	0.87
legitimately	-0.02	0.93
5-10	-0.02	1.04
restore	-0.02	0.81
bugs	-0.02	0.90
regret	-0.02	1.05
strong	-0.02	1.53
10-15	-0.02	1.04
complaints	-0.02	0.63
discard	-0.02	1.20
stable	-0.01	1.23
5-7	-0.01	1.03
rng	-0.01	0.76
couple	-0.01	1.11
satisfaction	-0.01	0.89
deciding	-0.01	0.82
aim	-0.01	0.79
taking	-0.01	0.87
7-8	-0.01	1.02
tweaked	-0.01	0.73
growing	-0.01	0.83
recover	-0.01	0.78
moment	-0.01	1.23
interaction	-0.01	1.07
loser	-0.01	1.38
shocked	-0.01	2.96
bug	-0.01	0.93
got	-0.01	1.04
19	-0.01	1.14
advantage	-0.01	0.85
follow	-0.01	0.72
number	-0.01	0.90
burn	-0.01	0.75
worried	-0.01	2.33
million	-0.01	0.93
adjacent	-0.01	0.72
step	-0.00	0.71
becoming	-0.00	0.90
earn	-0.00	1.01
gap	-0.00	0.78
ultimate	-0.00	1.19
problems	-0.00	0.75
investment	-0.00	0.77
minutes	-0.00	1.06
scenarios	-0.00	1.49
doable	-0.00	1.06
and/or	-0.00	0.85
stop	-0.00	0.70
compared	-0.00	1.27
smash	-0.00	0.77
probabilities	-0.00	1.14
claim	-0.00	1.54
150	0.00	0.94
hopes	0.00	0.66
toward	0.00	0.84
issues	0.00	0.75
worth	0.00	0.80
25	0.00	1.06
booster	0.00	0.93
differ	0.00	1.13
situations	0.00	1.34
obtain	0.00	1.10
costing	0.00	1.05
how	0.00	1.11
different	0.00	1.02
ai	0.00	1.14
function	0.00	0.82
passed	0.00	0.90
slot	0.00	1.44
heavily	0.00	0.83
offensive	0.00	0.87
limit	0.00	1.00
bo3	0.00	1.76
knowing	0.00	1.07
boost	0.00	0.85
consistently	0.01	1.00
exceptions	0.01	0.95
adapt	0.01	0.76
affecting	0.01	0.76
exploit	0.01	0.90
spread	0.01	1.25
downside	0.01	0.86
gain	0.01	0.65
ideally	0.01	0.90
putting	0.01	0.82
forces	0.01	0.72
ultimately	0.01	0.87
having	0.01	0.84
combination	0.01	0.74
trend	0.01	0.68
puts	0.01	0.64
alternatives	0.01	1.53
patch	0.01	0.78
percentage	0.01	0.88
4-6	0.01	0.98
plus	0.01	0.84
never	0.01	1.20
vary	0.01	0.84
recently	0.01	0.94
boosters	0.01	0.92
replacing	0.01	0.77
net	0.01	0.79
cheese	0.01	0.88
manage	0.01	0.85
themselves	0.01	0.76
assumptions	0.01	1.62
values	0.01	0.87
desperately	0.02	0.70
unreliable	0.02	1.25
equal	0.02	1.09
absolutely	0.02	0.99
anything	0.02	1.06
collect	0.02	1.04
underestimate	0.02	0.92
fell	0.02	0.69
significantly	0.02	1.27
damages	0.02	0.78
apparent	0.02	0.95
costed	0.02	1.04
easily	0.02	0.96
99	0.02	1.07
understandable	0.02	0.98
rules	0.02	0.66
decision	0.02	1.07
connection	0.02	0.75
efficient	0.02	1.26
humans	0.02	0.61
happen	0.02	1.29
corner	0.02	1.19
certain	0.02	1.31
motherfucker	0.02	0.80
minority	0.02	0.56
typically	0.03	0.98
occasional	0.03	0.76
fashion	0.03	0.77
reducing	0.03	1.09
thrown	0.03	0.78
confuse	0.03	0.85
going	0.03	1.34
opposing	0.03	0.81
involving	0.03	0.95
rarity	0.03	1.42
increased	0.03	1.31
confusion	0.03	0.84
causing	0.03	0.74
optional	0.03	0.86
bother	0.03	0.95
yesterday	0.03	0.90
rely	0.03	0.84
50	0.03	0.97
immediate	0.03	0.94
dozen	0.03	1.20
class-specific	0.03	1.95
strength	0.03	0.89
deny	0.03	0.80
unable	0.03	0.89
lets	0.03	0.70
classic	0.03	0.97
balancing	0.03	0.85
final	0.03	1.35
role	0.03	0.73
requirement	0.04	0.81
minion	0.04	0.83
beforehand	0.04	1.13
permanently	0.04	0.68
alliance	0.04	0.62
combo	0.04	0.93
benefit	0.04	0.88
thing	0.04	1.49
remains	0.04	0.91
current	0.04	0.82
numbers	0.04	1.00
predictable	0.04	1.17
undead	0.04	0.72
masters	0.04	0.70
max	0.04	1.02
sideboard	0.04	1.24
unlocking	0.04	1.31
topdecks	0.04	0.92
finishers	0.04	0.94
contain	0.04	0.87
min	0.04	1.06
mins	0.04	1.00
playstyle	0.04	0.85
roughly	0.04	1.02
hardly	0.05	1.27
why	0.05	1.21
reveal	0.05	0.72
friendly	0.05	0.76
programming	0.05	0.80
risk	0.05	0.80
mother	0.05	0.82
collections	0.05	0.75
statistically	0.05	1.07
length	0.05	0.96
properly	0.05	1.37
passing	0.05	0.73
adjust	0.05	0.78
enemy	0.05	0.93
product	0.05	0.81
flip	0.05	0.77
considering	0.05	1.14
over	0.05	0.95
pay	0.05	0.77
years	0.05	0.98
past	0.05	1.16
argument	0.05	1.36
specifically	0.05	0.92
swapping	0.05	0.75
screens	0.05	0.84
winning	0.05	0.80
neutral	0.05	1.82
state	0.06	0.74
countless	0.06	1.07
80	0.06	1.01
require	0.06	0.89
ish	0.06	1.00
purpose	0.06	1.07
lose	0.06	0.75
burning	0.06	0.71
knock	0.06	0.77
none	0.06	1.33
groups	0.06	1.42
reasons	0.06	1.04
eredar	0.06	0.71
head	0.06	0.72
truly	0.06	1.12
75	0.06	0.98
mechanical	0.06	0.79
midgame	0.06	0.98
mental	0.06	0.74
argue	0.06	1.32
stay	0.07	0.84
tuned	0.07	0.76
belongs	0.07	0.83
predict	0.07	1.06
120	0.07	0.91
before	0.07	0.93
breath	0.07	0.72
dozens	0.07	1.14
several	0.07	1.15
decided	0.07	0.77
raw	0.07	0.97
gotten	0.07	1.45
gear	0.07	0.84
when	0.07	0.96
depending	0.07	1.03
lasts	0.07	0.98
keeping	0.07	0.71
swap	0.07	0.82
percent	0.07	0.96
gamble	0.07	0.88
profitable	0.07	0.97
separate	0.07	1.07
able	0.07	0.88
seconds	0.07	1.00
sticks	0.07	0.67
est	0.07	0.83
wanted	0.07	0.73
fucking	0.07	1.18
xp	0.07	0.89
accomplish	0.08	1.08
limiting	0.08	0.96
chances	0.08	0.85
bubble	0.08	0.76
restrictions	0.08	0.82
exp	0.08	0.89
lvl	0.08	1.66
aspects	0.08	1.02
reduces	0.08	1.09
excited	0.08	2.90
issue	0.08	0.79
direct	0.08	0.79
multiplayer	0.08	0.65
misplay	0.08	0.93
shorter	0.08	1.17
madder	0.08	0.73
blizzard	0.08	0.58
round	0.08	1.58
earning	0.08	0.99
45	0.08	1.04
grinding	0.08	0.85
naxx	0.08	1.06
resulting	0.08	0.70
clicked	0.08	1.05
win	0.08	0.91
forms	0.08	0.91
variance	0.09	0.88
pulling	0.09	0.73
quickly	0.09	1.00
long	0.09	1.00
streaks	0.09	0.82
instances	0.09	1.05
poorly	0.09	1.40
afaik	0.09	0.80
paying	0.09	0.74
500	0.09	0.94
fatigue	0.09	0.77
gaining	0.10	0.72
inside	0.10	0.69
influence	0.10	0.78
voting	0.10	0.79
nine	0.10	0.87
yolo	0.10	0.70
yet	0.10	1.17
misread	0.10	2.61
justify	0.10	0.70
gather	0.10	0.86
potentially	0.10	0.95
prior	0.10	0.79
sorta	0.10	1.11
odd	0.10	1.77
simpler	0.10	1.36
tweak	0.10	0.69
calculations	0.10	1.22
cutting	0.10	0.68
icon	0.10	1.07
stretch	0.10	0.94
downvote	0.10	0.90
applied	0.10	0.80
pushed	0.10	0.73
ca	0.10	0.88
increases	0.10	1.08
off	0.11	0.74
evaluate	0.11	1.04
cancel	0.11	0.81
guarantee	0.11	1.01
means	0.11	1.36
comboing	0.11	0.89
faerie	0.11	0.74
unsure	0.11	1.99
badly	0.11	1.36
prevents	0.11	0.67
multiple	0.11	1.18
acquire	0.11	1.02
resources	0.11	0.77
matches	0.11	1.14
niche	0.11	1.04
react	0.11	0.80
minute	0.11	0.97
genuinely	0.11	1.08
styles	0.11	1.06
insult	0.11	0.85
drag	0.11	0.84
elimination	0.11	1.58
value	0.11	0.85
interact	0.12	0.70
logic	0.12	1.41
generate	0.12	0.82
throw	0.12	0.74
hit	0.12	0.81
supposedly	0.12	0.74
hurry	0.12	0.94
gt	0.12	0.90
situationally	0.12	1.50
guild	0.12	0.79
35	0.12	1.14
insta	0.12	0.84
path	0.12	0.78
chain	0.12	1.02
8/8	0.12	0.75
hovering	0.12	0.87
few	0.12	1.12
atleast	0.12	1.12
limits	0.12	0.96
payed	0.12	0.82
automatic	0.12	0.86
stopping	0.12	0.79
wod	0.12	0.81
choosing	0.12	1.76
hidden	0.12	0.80
judge	0.12	0.81
elements	0.12	0.81
ddos	0.12	0.67
re	0.12	0.92
counterplay	0.12	0.90
si7	0.13	0.89
turning	0.13	0.67
grow	0.13	0.81
point	0.13	1.25
sets	0.13	0.84
crash	0.13	0.76
hunt	0.13	0.75
pushing	0.13	0.77
queued	0.13	0.83
card	0.13	1.75
horribly	0.13	0.99
deliver	0.13	0.81
crashes	0.13	0.79
boot	0.13	0.68
misplays	0.13	0.84
older	0.13	0.88
ccg	0.13	0.82
slow	0.13	1.27
commonly	0.13	1.40
requirements	0.13	0.84
5th	0.13	1.58
grind	0.13	1.02
following	0.13	0.73
patches	0.13	0.75
comparison	0.13	1.17
benefits	0.13	0.84
laggy	0.13	0.88
leave	0.13	0.77
5-1	0.13	1.01
involve	0.13	0.78
inevitably	0.13	0.85
accessible	0.13	1.18
improvement	0.13	0.80
begin	0.13	0.89
banning	0.14	0.74
version	0.14	0.97
thus	0.14	0.86
sort	0.14	1.22
assuming	0.14	1.41
late-game	0.14	0.98
designed	0.14	0.84
no	0.14	1.17
appeal	0.14	0.56
latter	0.14	1.19
me	0.14	0.78
formats	0.14	0.84
greater	0.14	1.17
adventure	0.14	0.95
set	0.14	0.97
intentionally	0.14	0.78
wondering	0.14	1.79
raise	0.14	0.98
banned	0.14	0.68
si:7	0.14	0.86
opportunity	0.14	0.86
modify	0.14	0.73
opinions	0.14	0.73
idk	0.14	1.09
opens	0.14	0.72
access	0.14	1.03
3rd	0.14	1.74
capable	0.14	0.70
unlikely	0.14	1.21
<URL>	0.14	0.60
<SPECIAL>	0.14	0.60
i.e	0.14	0.88
today	0.14	0.92
digital	0.14	0.86
sat	0.14	0.72
naturally	0.14	0.94
phase	0.15	1.06
matter	0.15	1.09
started	0.15	0.88
types	0.15	1.12
third	0.15	1.66
combinations	0.15	1.29
between	0.15	1.16
bonus	0.15	0.78
locked	0.15	1.00
facts	0.15	1.37
dollar	0.15	0.84
concern	0.15	0.73
around	0.15	0.96
condition	0.15	0.88
bananas	0.15	0.78
interactions	0.15	0.97
rounds	0.15	1.22
conditions	0.15	0.99
bracket	0.15	1.55
proceeded	0.15	0.75
format	0.15	0.94
bunch	0.15	1.12
ideal	0.15	2.30
star	0.15	0.84
farming	0.15	0.79
ip	0.15	0.62
loads	0.15	0.96
competitively	0.15	1.11
drastically	0.15	0.96
signed	0.16	0.85
waited	0.16	0.90
prove	0.16	1.13
yourself	0.16	0.78
surprising	0.16	1.34
purposes	0.16	0.76
regardless	0.16	0.87
rate	0.16	1.00
enough	0.16	1.01
deckslots	0.16	0.71
decently	0.16	1.09
jump	0.16	0.71
figuring	0.16	1.01
degree	0.16	0.77
triple	0.16	0.83
had	0.16	1.11
reads	0.16	0.64
identify	0.16	0.81
casuals	0.16	0.72
after	0.16	0.91
immediately	0.16	0.78
any	0.16	1.37
from	0.16	0.73
reporting	0.16	0.71
minus	0.17	1.08
dependent	0.17	0.93
possibilities	0.17	1.00
souls	0.17	0.65
stands	0.17	1.19
sufficient	0.17	1.10
tie	0.17	0.73
numerous	0.17	1.01
need	0.17	0.88
3-drop	0.17	1.14
him	0.17	0.78
possibly	0.17	1.41
onto	0.17	0.74
users	0.17	0.64
chugga	0.17	0.69
serious	0.17	0.82
did	0.17	1.07
alternatively	0.17	1.06
given	0.17	1.14
handle	0.17	0.77
drafting	0.17	1.18
lands	0.17	0.80
history	0.17	1.24
individual	0.17	0.90
beta	0.18	0.86
social	0.18	0.79
whatnot	0.18	0.84
ad	0.18	1.09
hover	0.18	0.87
viability	0.18	0.83
notable	0.18	1.42
involved	0.18	0.82
legacy	0.18	0.77
pace	0.18	0.83
satisfying	0.18	1.24
spot	0.18	1.23
succeed	0.18	0.81
yu-gi-oh	0.18	0.75
printed	0.18	0.78
once	0.18	0.92
ensure	0.18	0.72
mini	0.18	0.82
crashed	0.18	0.73
those	0.18	1.18
ratio	0.18	0.88
winrate	0.18	1.00
nor	0.18	1.03
closed	0.18	0.77
physical	0.18	0.76
discussed	0.18	0.62
error	0.18	0.88
beginning	0.18	0.94
allowing	0.18	0.77
decide	0.18	0.94
interface	0.18	0.85
logged	0.18	0.72
cheated	0.18	0.83
coding	0.19	0.76
during	0.19	0.86
stuck	0.19	0.92
does	0.19	0.93
their	0.19	0.89
estimate	0.19	1.25
smooth	0.19	0.89
burns	0.19	0.81
admin	0.19	0.67
65	0.19	0.98
calculate	0.19	1.27
tcg	0.19	0.82
bought	0.19	0.87
popular	0.19	1.32
agent	0.19	0.85
tons	0.19	1.09
appeared	0.19	0.59
whatsoever	0.19	0.87
purely	0.19	0.79
r/hearthstone	0.19	0.78
himself	0.19	0.62
such	0.19	0.94
bans	0.19	0.77
fool	0.19	0.90
lower	0.19	1.44
uncommon	0.19	1.17
skill	0.20	0.87
abilities	0.20	0.99
yugioh	0.20	0.77
anymore	0.20	1.06
enemies	0.20	0.94
careful	0.20	1.24
delay	0.20	0.88
solo	0.20	0.85
oblivion	0.20	0.87
fully	0.20	0.86
sitting	0.20	0.82
ban	0.20	0.67
selected	0.20	1.51
simply	0.20	1.07
exist	0.20	0.90
requires	0.20	0.82
fixing	0.20	0.75
other	0.20	1.63
paid	0.20	0.69
effective	0.20	1.33
trying	0.20	0.87
replacement	0.20	1.20
preventing	0.20	0.67
examples	0.20	1.04
makes	0.20	1.23
seemingly	0.20	0.95
subtle	0.20	1.00
valve	0.20	0.61
record	0.20	0.84
ship	0.20	0.68
these	0.20	1.15
outdated	0.20	1.01
suspect	0.20	1.23
glance	0.20	1.13
successful	0.20	0.94
finger	0.21	0.74
witch	0.21	0.63
now	0.21	1.32
assumption	0.21	1.53
ways	0.21	1.14
terms	0.21	0.86
bots	0.21	0.73
clicks	0.21	0.82
combined	0.21	1.17
likely	0.21	1.14
connected	0.21	0.71
fixes	0.21	0.76
short	0.21	0.95
subject	0.21	0.69
focus	0.21	0.70
patched	0.21	0.71
f2p	0.21	0.76
fucker	0.22	1.04
ie	0.22	0.68
targeting	0.22	0.79
mouse	0.22	0.78
disabled	0.22	0.72
understand	0.22	1.20
nax	0.22	0.91
servers	0.22	0.71
generally	0.22	1.41
convince	0.22	0.96
tweaks	0.22	0.88
unlimited	0.22	1.11
healthy	0.22	0.95
determined	0.22	0.87
comes	0.22	0.74
stars	0.22	0.94
cash	0.22	0.80
mtg	0.22	0.78
botters	0.22	0.66
begins	0.22	0.74
expensive	0.22	1.37
profit	0.22	0.70
usually	0.22	1.08
bottom	0.22	1.33
troll	0.22	0.93
arguments	0.22	1.49
hold	0.22	0.75
appear	0.22	0.78
money	0.22	0.80
server	0.22	0.72
associated	0.22	0.99
atm	0.22	0.89
kids	0.22	0.55
whoever	0.22	0.80
various	0.22	1.08
versatile	0.23	1.24
log	0.23	0.79
hurts	0.23	0.75
later	0.23	0.94
known	0.23	0.87
2nd	0.23	1.65
dc	0.23	0.77
wifi	0.23	0.70
buttons	0.23	0.86
much	0.23	1.30
luckily	0.23	0.83
determine	0.23	0.89
sit	0.23	0.72
intend	0.23	0.83
clock	0.23	0.81
couldnt	0.23	0.88
then	0.23	0.88
familiar	0.23	1.80
conceded	0.23	0.72
mean	0.23	1.14
shake	0.23	0.75
handful	0.23	1.29
doubt	0.23	1.10
since	0.23	0.91
logging	0.23	0.84
sub	0.23	0.71
whatever	0.23	1.03
stages	0.23	1.15
curve	0.23	1.22
enjoyment	0.23	0.82
endgame	0.24	0.88
magic	0.24	0.78
evolve	0.24	0.75
stacked	0.24	0.82
constantly	0.24	0.71
heck	0.24	0.77
previously	0.24	0.75
space	0.24	0.85
actively	0.24	0.74
yours	0.24	0.79
allows	0.24	0.78
desire	0.24	0.94
something	0.24	1.04
becomes	0.24	0.96
potential	0.24	1.22
table	0.24	0.75
situational	0.24	1.32
boots	0.24	1.04
scratch	0.24	0.86
style	0.24	0.80
waiting	0.24	0.83
altogether	0.24	0.74
reconnect	0.24	0.78
devs	0.24	0.57
media	0.24	0.54
translation	0.25	0.81
remain	0.25	0.90
basis	0.25	1.29
closely	0.25	0.65
planning	0.25	1.06
principle	0.25	0.76
prevent	0.25	0.69
factor	0.25	0.85
skipped	0.25	1.04
complexity	0.25	0.83
replying	0.25	1.25
down	0.25	0.75
rates	0.25	0.93
remotely	0.25	1.15
tl	0.25	0.76
severely	0.25	0.94
ek0p	0.25	0.67
confusing	0.25	0.93
honestly	0.25	1.11
fine	0.25	1.04
ask	0.25	0.87
exactly	0.25	1.19
afford	0.25	0.84
seem	0.25	1.08
accidentally	0.25	0.82
monk	0.25	1.37
topic	0.25	0.69
purchasing	0.25	0.94
inb4	0.26	0.87
network	0.26	0.67
imagine	0.26	1.05
ram	0.26	0.82
votes	0.26	0.71
timed	0.26	0.71
4th	0.26	1.29
children	0.26	0.51
peoples	0.26	0.57
community	0.26	0.52
vastly	0.26	0.97
gathering	0.26	0.78
2-drops	0.26	1.40
moving	0.26	0.73
aside	0.26	0.78
october	0.26	0.91
online	0.26	0.77
introducing	0.26	0.76
gained	0.26	0.74
problem	0.26	0.89
afk	0.26	0.80
higher	0.27	1.41
chose	0.27	1.60
tcgs	0.27	0.79
prepare	0.27	0.76
programmed	0.27	0.91
forum	0.27	0.63
gvg	0.27	0.80
combine	0.27	0.75
concede	0.27	0.76
speed	0.27	0.85
communication	0.27	0.77
grab	0.27	0.79
disconnected	0.27	0.77
door	0.27	0.62
fact	0.27	1.06
november	0.27	0.90
taken	0.27	1.28
visible	0.27	0.84
options	0.27	0.95
opposed	0.27	0.71
win/loss	0.27	0.83
reported	0.27	0.68
fills	0.27	0.87
comeback	0.27	0.87
upvoted	0.27	0.91
mtgo	0.27	0.80
helps	0.27	1.00
entering	0.27	0.69
course	0.27	1.18
semi	0.27	0.86
casts	0.27	0.53
duel	0.27	0.72
buy	0.27	0.85
define	0.27	0.91
came	0.27	0.77
saves	0.28	0.82
closer	0.28	1.15
sticking	0.28	0.77
kept	0.28	0.70
resolution	0.28	0.78
manner	0.28	0.79
perform	0.28	0.81
intentional	0.28	1.02
stance	0.28	0.73
upon	0.28	0.99
tried	0.28	0.82
albeit	0.28	1.11
income	0.28	0.69
form	0.28	0.73
avoid	0.28	0.69
tactics	0.28	0.83
extra	0.28	0.84
test	0.28	0.74
buying	0.28	0.84
put	0.28	0.77
70	0.28	1.15
progression	0.28	0.73
category	0.28	0.99
slowly	0.28	0.81
were	0.28	0.89
pst	0.28	0.76
flexibility	0.29	0.89
finishes	0.29	0.78
conclusion	0.29	1.71
scroll	0.29	0.83
answers	0.29	1.03
law	0.29	0.63
lethal	0.29	0.74
without	0.29	0.74
rematch	0.29	0.66
percentages	0.29	0.98
merely	0.29	1.09
algorithm	0.29	0.82
up	0.29	0.79
wonder	0.29	1.40
paper	0.29	0.76
restart	0.29	0.76
intended	0.29	0.99
rank	0.29	1.08
matchmaking	0.29	0.80
ahead	0.29	0.84
less	0.29	1.36
progress	0.29	0.88
ui	0.29	0.81
55	0.29	1.20
switching	0.29	0.75
turned	0.29	0.74
asap	0.29	0.76
level	0.29	1.72
botting	0.29	0.69
thin	0.29	0.76
pretend	0.29	0.87
back	0.29	0.74
midnight	0.30	0.76
premium	0.30	0.69
blank	0.30	0.76
heros	0.30	1.26
excitement	0.30	0.93
probably	0.30	1.22
ccgs	0.30	0.78
get	0.30	0.86
direction	0.30	0.72
complicated	0.30	1.05
business	0.30	0.71
laddering	0.30	0.82
phones	0.30	0.78
fix	0.30	0.76
eyes	0.30	0.72
reason	0.30	1.14
revenue	0.30	0.64
1st	0.30	1.44
e.g	0.30	0.93
dedicated	0.30	0.55
model	0.30	0.74
display	0.30	0.82
task	0.30	0.81
expect	0.30	0.98
connect	0.30	0.71
bar	0.30	1.07
away	0.30	0.91
exchange	0.30	0.73
negative	0.30	0.77
market	0.30	0.67
brought	0.30	0.67
presumably	0.30	0.86
technical	0.31	0.75
happened	0.31	0.92
development	0.31	0.67
newbies	0.31	0.66
menu	0.31	0.89
which	0.31	1.27
10k	0.31	0.66
quit	0.31	0.77
shortly	0.31	0.77
expand	0.31	0.95
accept	0.31	0.86
moved	0.31	0.68
inherently	0.31	1.02
login	0.31	0.72
admins	0.31	0.66
plan	0.31	0.73
know	0.31	1.14
mvp	0.31	0.87
straightforward	0.31	1.17
earlier	0.31	0.83
box	0.31	0.86
adventures	0.31	0.86
setup	0.31	1.03
modified	0.32	0.72
distribution	0.32	0.94
take	0.32	0.89
released	0.32	0.78
closing	0.32	0.75
consistency	0.32	0.83
poll	0.32	0.87
expected	0.32	1.05
allowed	0.32	0.70
find	0.32	0.96
them	0.32	0.87
count	0.32	0.91
players	0.32	0.66
press	0.32	0.82
poker	0.32	0.74
placing	0.32	1.23
galaxy	0.32	0.83
risks	0.32	0.84
straight	0.32	0.78
utility	0.32	0.93
winner	0.32	1.17
preference	0.32	0.89
at	0.32	1.32
evening	0.32	0.74
many	0.32	1.26
walk	0.32	0.69
figure	0.32	0.86
admit	0.32	1.43
simple	0.32	1.02
audience	0.32	0.53
finisher	0.32	0.99
consider	0.32	0.97
responding	0.32	1.25
adds	0.32	0.79
2013	0.32	0.86
sarcastic	0.33	0.85
originally	0.33	1.71
devices	0.33	0.77
including	0.33	1.32
tickets	0.33	0.75
furthermore	0.33	0.69
eg	0.33	0.74
debate	0.33	0.94
mode	0.33	0.91
utilize	0.33	0.79
out	0.33	0.79
wait	0.33	0.88
night	0.33	0.68
supposed	0.33	1.24
2-drop	0.33	1.10
say	0.33	1.12
use	0.33	0.85
describing	0.33	1.12
aware	0.33	1.64
rarely	0.33	1.09
knew	0.33	0.94
science	0.33	0.77
requiring	0.34	0.88
mechanic	0.34	0.87
open	0.34	0.81
copyright	0.34	0.54
normally	0.34	0.85
methods	0.34	1.12
nexus	0.34	0.83
keeps	0.34	0.70
goblins	0.34	0.75
conceding	0.34	0.75
tablets	0.34	0.76
reset	0.34	1.12
plenty	0.34	1.27
practical	0.34	0.92
august	0.34	0.92
dreamhack	0.34	0.67
coins	0.34	0.77
policy	0.34	0.64
cause	0.34	0.91
coded	0.34	0.70
unless	0.34	0.92
anywhere	0.34	0.81
wo	0.35	0.94
march	0.35	0.87
blizz	0.35	0.65
authorization	0.35	0.81
speculation	0.35	1.21
leveling	0.35	1.04
fps	0.35	0.79
start	0.35	0.73
morning	0.35	0.75
warrant	0.35	0.74
purchased	0.35	0.93
talked	0.35	0.65
evidence	0.35	1.31
computers	0.35	0.69
april	0.35	0.93
suit	0.35	0.69
price	0.35	0.82
counting	0.35	0.88
friday	0.35	0.75
wallet	0.35	0.73
average	0.35	1.01
january	0.35	0.89
alt	0.35	0.78
mmr	0.35	0.95
cross	0.35	0.67
tldr	0.35	0.63
reverse	0.35	0.74
thankfully	0.35	0.87
usefull	0.35	1.35
wars	0.35	0.69
burst	0.35	1.01
ladder	0.35	1.10
selection	0.35	1.19
virtual	0.35	0.78
discovered	0.35	0.77
recognize	0.35	0.79
goal	0.35	1.10
break	0.35	0.67
finishing	0.35	0.90
agreed	0.35	0.99
purchase	0.36	0.93
wich	0.36	1.19
through	0.36	0.82
settle	0.36	0.76
element	0.36	0.85
cover	0.36	0.73
reddit	0.36	0.76
upvotes	0.36	0.72
directly	0.36	0.73
8th	0.36	0.94
country	0.36	0.95
fly	0.36	0.80
ranked	0.36	0.93
maximize	0.36	0.93
action	0.36	0.84
imo	0.36	1.15
rating	0.36	0.91
already	0.36	0.94
there	0.36	1.41
based	0.36	0.85
forever	0.36	0.78
wanting	0.36	0.82
disable	0.36	0.72
into	0.36	0.93
additionally	0.36	0.78
more	0.36	1.42
flavour	0.37	0.79
vice	0.37	0.81
slots	0.37	0.81
bot	0.37	0.71
middle	0.37	0.87
obvious	0.37	1.48
hardware	0.37	0.76
lot	0.37	1.10
keyword	0.37	0.72
expansions	0.37	0.71
kinda	0.37	1.22
desperate	0.37	1.39
notice	0.37	0.88
worry	0.37	1.05
working	0.37	0.84
client	0.37	0.71
launcher	0.37	0.65
iphone	0.37	0.74
parties	0.37	0.71
web	0.37	0.68
become	0.37	1.09
climbed	0.37	1.10
reliable	0.37	1.20
seriously	0.37	0.74
expansion	0.37	0.78
shop	0.37	0.84
stage	0.37	1.17
explicitly	0.37	0.77
imho	0.37	1.27
additional	0.38	0.75
implementing	0.38	0.71
should	0.38	0.90
extend	0.38	0.76
eat	0.38	0.53
sport	0.38	0.98
tos	0.38	0.68
dont	0.38	1.06
monday	0.38	0.75
bring	0.38	0.73
talk	0.38	0.63
intense	0.38	1.08
note	0.38	0.81
discussion	0.38	0.69
releases	0.38	0.74
ipad	0.38	0.73
tab	0.38	0.83
climbing	0.39	1.02
maintenance	0.39	0.73
method	0.39	1.07
theory	0.39	1.19
bank	0.39	0.75
standpoint	0.39	0.91
3-0	0.39	1.13
believe	0.39	1.15
sooner	0.39	0.90
skilled	0.39	0.80
heart	0.39	0.63
intent	0.39	0.83
testing	0.39	0.71
wrynn	0.39	0.61
december	0.39	0.84
squelch	0.39	0.74
versatility	0.39	0.88
alone	0.39	0.92
discuss	0.39	0.55
cheat	0.39	0.75
involves	0.39	0.81
land	0.39	0.68
gul'dan	0.39	0.54
instead	0.39	0.67
ranks	0.39	1.13
solve	0.39	0.82
ipads	0.39	0.73
resets	0.39	1.02
synergizes	0.39	0.88
commented	0.39	0.69
equally	0.39	1.20
defense	0.40	0.77
cheap	0.40	1.30
cant	0.40	0.86
strategy	0.40	0.80
awhile	0.40	0.88
forth	0.40	0.68
established	0.40	0.69
jealous	0.40	2.30
setting	0.40	0.78
voted	0.40	0.83
afterwards	0.40	0.77
focusing	0.40	0.76
countries	0.40	0.93
worthwhile	0.40	1.20
tied	0.40	0.70
customer	0.40	0.62
monthly	0.40	0.75
arrow	0.40	0.75
loading	0.40	0.75
experienced	0.40	0.73
starts	0.40	0.72
initially	0.40	1.05
road	0.40	0.73
mod	0.40	0.57
develop	0.40	0.70
screen	0.40	0.81
announced	0.40	0.73
errors	0.40	1.01
see	0.40	1.01
release	0.40	0.73
hearthstone	0.40	0.77
leading	0.41	0.74
revealed	0.41	0.76
let	0.41	0.86
memory	0.41	0.61
functionality	0.41	0.72
demand	0.41	0.68
year	0.41	0.76
represent	0.41	0.78
climb	0.41	1.04
intention	0.41	0.80
shows	0.41	0.66
statements	0.41	1.33
tuesday	0.41	0.75
variety	0.41	0.87
could	0.41	0.94
session	0.41	0.90
placed	0.41	1.26
select	0.41	1.12
selling	0.41	0.69
modes	0.42	0.81
report	0.42	0.69
lan	0.42	0.71
dh	0.42	0.66
valuable	0.42	1.32
organizers	0.42	0.63
therefore	0.42	0.91
counted	0.42	0.78
ouch	0.42	1.30
creates	0.42	0.71
under	0.42	0.80
sometimes	0.42	0.94
compensation	0.42	0.76
july	0.42	0.83
qualifier	0.42	1.05
massively	0.42	1.00
implement	0.42	0.79
want	0.42	0.90
accounts	0.42	0.71
solution	0.42	1.35
lack	0.42	0.89
competing	0.42	0.91
championship	0.42	1.32
drop	0.42	1.01
releasing	0.42	0.71
unlucky	0.42	1.89
casual	0.42	0.75
threads	0.42	0.64
standards	0.42	0.85
obb	0.42	0.68
sell	0.42	0.78
officially	0.42	0.72
member	0.43	0.78
consistent	0.43	1.29
repeat	0.43	0.80
developing	0.43	0.65
ironic	0.43	0.96
fullscreen	0.43	0.81
flow	0.43	0.65
replay	0.43	0.69
stopped	0.43	0.66
requests	0.43	0.89
rekt	0.43	1.09
even	0.43	1.00
will	0.43	0.89
seasons	0.43	1.08
little	0.43	1.02
until	0.43	0.83
standing	0.43	0.67
clearly	0.43	1.01
contribute	0.43	0.68
drops	0.43	1.08
mods	0.43	0.58
till	0.43	0.80
insert	0.43	0.88
regions	0.43	0.79
window	0.44	0.81
area	0.44	0.79
sign	0.44	0.67
view	0.44	0.87
brings	0.44	0.66
really	0.44	1.02
manager	0.44	0.80
thrall	0.44	0.53
stops	0.44	0.67
prize	0.44	0.76
item	0.44	0.65
primary	0.44	0.98
states	0.44	0.64
realize	0.44	0.99
habit	0.44	0.69
motivation	0.44	0.99
tiers	0.44	1.66
coming	0.44	0.77
usage	0.45	0.80
somehow	0.45	0.87
spots	0.45	1.21
schedule	0.45	0.71
kid	0.45	0.53
champ	0.45	0.87
swear	0.45	1.09
replacements	0.45	0.98
developers	0.45	0.62
lacks	0.45	0.94
champions	0.45	0.79
gambling	0.45	0.68
tilt	0.45	1.08
player	0.45	0.53
elo	0.45	0.87
android	0.45	0.74
ios	0.45	0.73
aiming	0.45	1.32
push	0.45	0.75
reasonably	0.45	1.00
america	0.45	0.93
gaming	0.45	0.63
neither	0.45	0.91
whose	0.45	0.85
upcoming	0.46	0.72
tell	0.46	0.92
special	0.46	1.02
mixed	0.46	0.68
necessarily	0.46	1.01
loaded	0.46	0.62
general	0.46	1.10
legal	0.46	0.70
carry	0.46	0.72
pokemon	0.46	0.75
pc	0.46	0.68
spectator	0.46	0.71
competitive	0.46	0.77
ridiculously	0.46	1.06
understood	0.46	1.42
conversation	0.46	0.71
philosophy	0.46	0.73
apk	0.46	0.71
whichever	0.46	2.65
currency	0.46	0.75
created	0.46	0.99
gender	0.46	0.60
steam	0.46	0.66
local	0.46	0.68
choose	0.47	2.74
2014	0.47	0.91
creator	0.47	1.03
compete	0.47	1.16
feature	0.47	0.73
covered	0.47	0.69
tutorial	0.47	0.98
refers	0.47	0.82
edition	0.47	1.02
user	0.47	0.72
challenging	0.47	1.06
belong	0.47	0.88
joking	0.47	1.18
complex	0.47	1.01
free-to-play	0.47	0.73
bit	0.47	1.04
results	0.47	0.75
received	0.47	0.74
proof	0.47	1.12
said	0.47	0.91
device	0.47	0.73
launch	0.47	0.64
regards	0.47	0.68
secondary	0.47	1.09
joined	0.47	0.64
arthas	0.48	0.80
opinion	0.48	0.93
appears	0.48	0.76
effort	0.48	0.86
vote	0.48	0.73
windowed	0.48	0.78
sunday	0.48	0.72
offline	0.48	0.73
come	0.48	0.79
warning	0.48	0.61
actually	0.48	1.07
make	0.48	0.91
although	0.48	1.11
brackets	0.48	1.31
developer	0.48	0.66
fish	0.48	1.02
deckbuilding	0.48	0.82
bloody	0.48	1.06
raised	0.48	0.71
appropriate	0.48	1.66
certainly	0.48	1.01
synergize	0.48	0.85
either	0.49	0.98
always	0.49	1.20
computer	0.49	0.66
blizzcon	0.49	1.21
explain	0.49	0.95
mobile	0.49	0.69
achieve	0.49	0.92
update	0.49	0.70
line	0.49	0.73
fixed	0.49	0.89
building	0.49	0.75
tournament	0.49	0.91
china	0.49	0.64
reached	0.49	1.37
study	0.49	0.76
events	0.49	0.74
finals	0.49	1.02
cardback	0.49	0.82
old	0.49	0.62
reports	0.49	0.64
ball	0.49	0.67
again	0.49	0.91
flexible	0.49	1.33
future	0.49	0.73
statement	0.50	1.49
planned	0.50	0.70
weekly	0.50	0.63
kind	0.50	1.21
drama	0.50	1.67
european	0.50	0.98
may	0.50	0.96
we	0.50	1.06
qualifiers	0.50	1.01
anduin	0.50	0.54
north	0.50	0.63
rated	0.50	1.21
queue	0.50	0.81
staff	0.50	0.59
met	0.50	0.82
tablet	0.50	0.72
date	0.50	0.72
season	0.50	1.06
tourneys	0.50	0.88
indicate	0.50	0.89
basic	0.50	1.03
bed	0.51	0.63
valeera	0.51	0.53
especially	0.51	1.05
delayed	0.51	0.75
solved	0.51	0.78
windows	0.51	0.73
surface	0.51	0.68
tested	0.51	0.76
someday	0.51	0.81
describe	0.51	1.02
reasoning	0.51	1.07
garrosh	0.51	0.44
phone	0.51	0.72
held	0.51	0.79
group	0.51	0.94
keys	0.51	0.70
overall	0.51	0.99
enable	0.51	0.75
often	0.52	1.02
shenanigans	0.52	1.08
tricks	0.52	0.85
counts	0.52	0.78
pages	0.52	0.74
eating	0.52	0.57
implying	0.52	1.17
otherwise	0.52	0.97
region	0.52	0.75
evil	0.52	0.72
settings	0.52	0.75
places	0.52	1.24
bm	0.52	0.81
wave	0.52	0.66
father	0.52	0.53
system	0.53	0.78
parts	0.53	0.80
newer	0.53	0.78
dev	0.53	0.64
steps	0.53	0.71
wont	0.53	0.90
us	0.53	0.68
unranked	0.53	0.78
statistics	0.53	0.98
experimenting	0.53	0.91
natural	0.53	0.80
proper	0.53	1.89
thread	0.53	0.74
platform	0.53	0.69
saw	0.53	0.72
derp	0.53	1.24
assume	0.53	1.04
internal	0.53	0.70
pattern	0.53	0.63
eu	0.53	0.71
work	0.53	0.96
tears	0.53	0.95
tonight	0.53	0.77
prepared	0.53	1.54
charged	0.54	0.80
performance	0.54	0.74
mac	0.54	0.69
europe	0.54	0.72
experience	0.54	0.56
untill	0.54	0.82
dare	0.54	0.69
scared	0.54	2.56
communities	0.54	0.61
reward	0.54	0.95
however	0.54	1.09
research	0.54	0.83
obviously	0.55	1.00
emotes	0.55	0.80
subreddit	0.55	0.61
relatively	0.55	1.00
might	0.55	0.97
further	0.55	0.76
goblin	0.55	0.85
introduce	0.55	0.71
folder	0.55	0.66
remember	0.55	0.96
asia	0.55	0.74
because	0.55	1.01
refund	0.55	0.67
competition	0.55	0.79
race	0.55	0.65
new	0.55	0.70
tourney	0.56	0.86
joy	0.56	1.96
looking	0.56	1.45
designer	0.56	0.59
incentive	0.56	0.77
perfectly	0.56	0.92
nights	0.56	0.74
deleting	0.56	0.67
definition	0.56	0.91
tournaments	0.56	0.81
own	0.56	0.83
request	0.56	0.64
battlenet	0.56	0.70
hint	0.57	0.78
shine	0.57	0.75
wonders	0.57	0.87
app	0.57	0.70
useful	0.57	1.27
relevant	0.57	0.89
ride	0.57	0.84
letting	0.57	0.73
canada	0.57	0.64
posts	0.57	0.69
curse	0.57	0.77
heroes	0.57	1.48
beneficial	0.57	1.11
members	0.57	0.89
elsewhere	0.57	0.65
suggests	0.57	1.06
sold	0.57	0.68
invites	0.57	0.74
wear	0.58	0.66
existing	0.58	0.84
chat	0.58	0.66
previous	0.58	0.76
realistic	0.58	1.19
forced	0.58	0.97
eventually	0.58	0.87
objective	0.58	1.14
unknown	0.58	0.78
magical	0.58	0.91
ll	0.58	0.88
produce	0.58	0.74
definitely	0.58	0.98
announcement	0.58	0.68
views	0.58	0.48
accident	0.58	0.86
invite	0.58	0.71
apps	0.58	0.71
lastly	0.58	0.66
sorts	0.58	0.97
heartstone	0.58	0.71
ticket	0.59	0.68
installed	0.59	0.72
unexpected	0.59	1.09
install	0.59	0.70
timer	0.59	0.83
unit	0.59	1.53
meanwhile	0.59	0.64
term	0.59	0.83
defined	0.59	0.95
dk	0.59	1.24
highly	0.59	1.00
joke	0.59	1.02
meaning	0.59	0.95
tweaking	0.59	0.74
filter	0.59	0.75
mention	0.59	0.96
hs	0.60	0.70
anyway	0.60	1.00
sum	0.60	0.87
includes	0.60	0.79
service	0.60	0.66
ranking	0.60	1.14
terribly	0.60	0.99
purchases	0.60	0.74
respond	0.60	0.77
default	0.60	0.93
shown	0.60	0.80
mmo	0.60	1.21
manually	0.60	0.72
overly	0.60	0.97
fairly	0.60	1.01
redditors	0.60	0.60
announce	0.61	0.69
saturday	0.61	0.62
too	0.61	1.00
p.s	0.61	0.80
desktop	0.61	0.66
perspective	0.61	0.79
ready	0.61	1.59
pleasure	0.61	0.87
somewhat	0.61	1.02
in-game	0.61	0.73
ftfy	0.61	0.79
option	0.61	0.91
process	0.61	0.73
confident	0.61	2.42
zone	0.61	0.74
particularly	0.61	1.05
files	0.62	0.67
asked	0.62	0.73
add	0.62	0.84
fit	0.62	0.93
imply	0.62	1.04
prices	0.62	0.70
sports	0.62	0.63
front	0.62	0.72
analogy	0.62	0.91
attention	0.62	0.52
halfway	0.62	0.81
try	0.62	0.83
anytime	0.62	0.83
addressed	0.62	0.72
goals	0.62	0.77
ingame	0.62	0.68
humor	0.63	1.04
improved	0.63	1.01
gamers	0.63	0.52
hence	0.63	0.91
its	0.63	0.99
participate	0.63	0.79
via	0.63	0.69
guy	0.63	0.71
chess	0.63	0.71
cosmetic	0.63	0.79
synergies	0.63	0.93
tg	0.63	0.63
qualify	0.63	1.14
think	0.63	1.00
wasnt	0.63	0.97
spamming	0.63	0.78
sleep	0.63	1.17
notes	0.63	0.68
reach	0.63	1.33
incoming	0.63	0.67
apparently	0.63	0.83
e-sports	0.63	0.62
tomorrow	0.63	0.76
proud	0.63	2.46
presented	0.64	1.20
downloaded	0.64	0.69
place	0.64	2.57
enter	0.64	0.66
question	0.64	0.94
won	0.64	0.75
code	0.64	0.72
comfortable	0.64	1.62
apple	0.64	0.70
cut	0.64	0.71
deleted	0.64	0.94
shame	0.64	2.20
caught	0.64	0.77
support	0.64	0.62
show	0.64	0.72
demands	0.64	0.59
comments	0.64	0.77
chrome	0.64	0.69
sent	0.64	0.65
actual	0.64	0.98
earned	0.65	0.90
shall	0.65	0.74
teams	0.65	0.65
recall	0.65	0.60
hardcore	0.65	0.58
extremely	0.65	1.06
reading	0.65	0.88
ex	0.65	1.89
promotion	0.65	0.58
men	0.65	0.60
quite	0.65	0.98
rope	0.65	0.75
download	0.65	0.67
gives	0.65	0.71
rewards	0.65	0.87
exact	0.65	1.70
dragons	0.66	0.74
subreddits	0.66	0.56
receive	0.66	0.71
uther	0.66	0.55
bnet	0.66	0.65
soon	0.66	0.89
maybe	0.66	1.07
hes	0.66	0.76
commit	0.66	0.68
spam	0.66	0.76
gameplay	0.66	0.72
realized	0.66	1.10
combos	0.66	1.06
wombo	0.67	1.08
surprisingly	0.67	0.95
browser	0.67	0.70
instance	0.67	1.45
forget	0.67	0.89
realise	0.67	0.98
answer	0.67	1.03
hopefully	0.67	0.83
solutions	0.67	1.17
absurdly	0.67	1.00
remake	0.67	0.76
incredibly	0.67	1.04
shouldnt	0.67	0.84
flashy	0.67	1.09
telling	0.67	1.82
spoilers	0.67	0.59
advanced	0.67	0.77
grant	0.67	0.73
former	0.67	0.55
experiences	0.67	0.75
basics	0.68	0.95
systems	0.68	0.73
below	0.68	1.14
practice	0.68	0.77
misleading	0.68	1.98
switch	0.68	0.99
contains	0.68	0.68
school	0.68	0.68
used	0.68	2.22
jumping	0.68	0.70
subs	0.68	0.53
named	0.68	0.64
women	0.68	0.61
implies	0.68	0.96
home	0.68	0.59
root	0.68	0.73
acceptable	0.68	1.69
stated	0.68	0.76
store	0.68	0.72
status	0.69	0.81
esport	0.69	0.68
bet	0.69	0.99
improving	0.69	0.70
engine	0.69	0.79
poster	0.69	0.89
achieved	0.69	1.08
another	0.69	2.41
structure	0.69	0.72
native	0.69	0.80
incredible	0.69	1.85
legend	0.69	1.31
achievements	0.69	0.86
very	0.69	1.06
keyboard	0.69	0.74
found	0.70	0.75
sidebar	0.70	0.60
checked	0.70	0.66
threaten	0.70	0.81
browse	0.70	0.61
intuitive	0.70	0.92
forums	0.70	0.62
w/e	0.70	0.76
kinds	0.70	1.00
an	0.70	0.97
noticed	0.70	0.74
concerned	0.70	2.43
lore	0.70	1.31
surely	0.71	0.89
related	0.71	0.54
amazon	0.71	0.69
hack	0.71	0.79
moderators	0.71	0.57
pray	0.71	0.68
replied	0.71	1.20
interactive	0.71	0.92
updated	0.71	0.64
somewhere	0.71	0.75
receiving	0.71	0.69
introduced	0.72	0.65
opposite	0.72	1.84
victory	0.72	0.77
diversity	0.72	0.84
along	0.72	0.82
friend	0.72	0.63
rather	0.72	0.86
approach	0.72	0.70
told	0.72	0.68
pandaria	0.72	0.74
constructed	0.72	0.76
displayed	0.72	0.72
itunes	0.72	0.70
invited	0.72	0.91
spammed	0.73	0.76
reflect	0.73	0.66
offers	0.73	0.72
frozen	0.73	0.99
alot	0.73	0.93
exclusive	0.73	0.84
though	0.73	1.01
pull	0.73	0.85
showed	0.74	0.60
tempted	0.74	0.97
pros	0.74	0.54
rexxar	0.74	0.50
promote	0.74	0.66
responded	0.74	0.81
bored	0.74	2.18
searching	0.74	0.73
skin	0.74	0.78
knowledge	0.75	0.75
drive	0.75	0.80
paypal	0.75	0.69
faith	0.75	0.80
pm	0.75	0.75
sarcasm	0.75	1.02
mentioned	0.75	0.75
son	0.75	0.71
viewers	0.75	0.50
trick	0.75	0.83
context	0.75	1.37
checking	0.76	0.71
stuff	0.76	1.11
guessing	0.76	2.13
payment	0.76	0.72
laptop	0.76	0.61
understanding	0.76	0.73
recent	0.76	0.63
admittedly	0.76	0.84
choice	0.76	2.07
doesnt	0.76	0.92
bump	0.76	0.72
crack	0.76	0.96
account	0.76	0.68
dig	0.76	0.78
still	0.77	0.95
ftw	0.77	0.83
route	0.77	1.01
search	0.77	0.74
car	0.77	0.55
translate	0.77	0.69
creating	0.77	0.72
character	0.77	1.07
expecting	0.78	2.27
content	0.78	0.56
designers	0.78	0.72
gon	0.78	1.09
boys	0.78	0.70
youre	0.78	0.96
quality	0.78	0.77
sounded	0.78	0.83
famous	0.78	0.95
christ	0.78	1.00
give	0.78	0.72
mr	0.78	0.72
alternate	0.78	0.76
white	0.79	0.90
main	0.79	1.92
according	0.79	0.62
personally	0.79	0.81
cardbacks	0.79	0.80
viagame	0.79	0.60
patience	0.79	0.81
send	0.79	0.66
casually	0.79	0.68
malfurion	0.79	0.49
animations	0.79	0.80
rankings	0.79	1.29
qualified	0.79	1.07
implemented	0.79	0.63
aspect	0.79	0.69
public	0.79	0.59
sigh	0.79	0.97
mighty	0.79	0.76
sooo	0.79	0.92
things	0.79	0.95
unfortunately	0.80	0.94
lucky	0.80	1.64
arent	0.80	0.86
email	0.80	0.65
comment	0.80	1.03
confirm	0.80	0.87
salt	0.80	0.74
unusual	0.80	1.02
close	0.80	1.15
clarify	0.80	1.17
alternative	0.80	0.95
promise	0.80	0.75
deeper	0.80	0.73
tone	0.80	0.79
portraits	0.80	0.87
latest	0.80	0.68
lacking	0.81	0.97
official	0.81	0.62
volume	0.81	0.67
scene	0.81	0.63
sending	0.81	0.67
d	0.81	0.88
willing	0.81	1.02
join	0.81	0.69
brother	0.81	0.74
giving	0.81	0.70
spoiler	0.81	0.60
image	0.81	0.81
grasp	0.82	0.76
speaking	0.82	1.48
jokes	0.82	1.03
mechanics	0.82	0.81
environment	0.82	0.64
learning	0.82	0.72
twitter	0.82	0.69
while	0.82	0.60
irony	0.82	0.80
feelings	0.82	0.64
event	0.82	0.66
weekend	0.82	0.71
rewarding	0.83	1.00
na	0.83	0.84
pricing	0.83	0.70
2015	0.83	0.75
entry	0.83	0.74
teach	0.83	0.75
updates	0.83	0.75
posted	0.83	0.68
esports	0.83	0.53
pro	0.83	0.63
jaina	0.83	0.49
bear	0.83	0.71
regarding	0.83	0.65
ben	0.83	0.66
attached	0.83	0.68
delete	0.83	0.69
refer	0.83	0.76
prizes	0.83	0.73
listed	0.83	0.80
frame	0.84	0.75
some	0.84	1.00
software	0.84	0.83
deserves	0.84	0.94
her	0.84	0.65
twist	0.84	0.62
miss	0.84	0.86
fireside	0.84	0.70
friends	0.84	0.60
seems	0.84	1.13
learn	0.84	0.72
train	0.85	0.76
um	0.85	1.12
positive	0.85	0.84
rooted	0.85	0.84
summer	0.85	0.66
curiosity	0.85	0.86
strategies	0.85	0.94
impression	0.85	1.12
convinced	0.85	2.16
continue	0.86	0.57
deep	0.86	0.73
city	0.86	0.64
american	0.86	0.59
contact	0.86	0.65
file	0.86	0.64
print	0.86	0.65
seemed	0.86	1.14
page	0.86	0.64
monitor	0.86	0.66
items	0.87	0.76
facebook	0.87	0.60
answered	0.87	0.74
drunk	0.87	1.32
accurate	0.87	1.82
e-sport	0.87	0.64
viewer	0.87	0.56
gods	0.87	0.68
portrait	0.87	0.79
karma	0.87	0.76
theres	0.87	0.91
town	0.87	0.63
brode	0.87	0.68
bam	0.87	0.65
adding	0.87	0.68
afraid	0.88	2.32
brand	0.88	0.69
google	0.88	0.69
provides	0.88	0.74
innkeeper	0.88	0.69
include	0.88	0.75
confirmed	0.89	0.67
messages	0.89	0.65
drink	0.89	0.69
mom	0.89	0.58
donations	0.89	0.46
better	0.89	1.96
suggested	0.89	0.73
whilst	0.90	0.55
rdu	0.90	0.63
loud	0.90	0.71
fits	0.90	0.91
worked	0.90	0.85
cast	0.90	0.57
lines	0.90	0.78
phrase	0.90	1.01
im	0.90	0.97
top	0.90	2.39
visual	0.91	0.84
sure	0.91	1.92
alongside	0.91	0.64
impressed	0.91	2.28
most	0.91	2.22
plot	0.91	0.55
discount	0.91	0.75
concepts	0.91	0.76
pointing	0.91	1.10
emote	0.92	0.85
worded	0.92	1.00
laugh	0.92	1.66
diverse	0.92	0.88
keep	0.92	0.59
lesson	0.92	0.66
address	0.92	0.62
submit	0.92	0.64
hat	0.93	0.90
only	0.93	1.94
recommended	0.93	0.98
map	0.93	0.70
text	0.93	0.81
assumed	0.93	1.37
tbh	0.93	1.05
post	0.94	0.78
duh	0.94	1.28
sometime	0.94	0.75
family	0.94	0.66
tier	0.94	2.37
super	0.94	0.97
hell	0.95	0.97
features	0.95	0.76
catch	0.95	0.88
experiment	0.95	0.86
interest	0.95	0.57
taught	0.95	1.55
d3	0.95	1.05
fee	0.95	0.70
importantly	0.95	0.74
quick	0.96	0.94
discussions	0.96	0.57
proved	0.96	0.84
linking	0.96	0.73
dad	0.96	0.72
personality	0.96	0.51
looked	0.96	0.95
spreadsheet	0.96	0.69
speak	0.96	0.55
regard	0.96	0.80
heard	0.97	0.70
laughing	0.97	0.83
entertainment	0.97	0.56
message	0.97	0.65
totally	0.97	0.99
hype	0.97	0.74
diamond	0.97	0.97
data	0.97	0.78
newbie	0.98	0.78
wife	0.98	1.60
sources	0.98	0.71
titles	0.98	0.56
pointed	0.98	0.87
sound	0.98	0.67
gamer	0.98	0.51
soooo	0.99	0.99
puzzles	0.99	0.93
asian	0.99	0.52
replies	0.99	0.86
strategic	0.99	0.79
gave	0.99	0.66
live	0.99	0.52
profile	0.99	0.66
dennis	0.99	0.79
scrub	0.99	0.91
talent	0.99	0.65
fancy	1.00	0.76
works	1.00	0.88
mega	1.00	0.73
tactic	1.00	0.80
words	1.00	0.83
ads	1.00	0.57
creativity	1.00	0.78
replays	1.00	0.73
damned	1.00	0.80
gg	1.01	0.91
genuine	1.01	0.86
ekop	1.02	0.52
def	1.02	0.95
insanely	1.02	0.98
well	1.02	0.96
anyways	1.02	0.98
fresh	1.02	0.73
themed	1.03	0.73
marketing	1.03	0.76
wording	1.03	1.00
interview	1.03	0.54
offense	1.03	0.90
highest	1.03	2.37
flair	1.04	0.68
news	1.04	0.65
apologize	1.04	1.13
wouldnt	1.04	0.91
heads	1.04	0.85
prolly	1.04	0.92
red	1.04	1.03
house	1.05	0.53
1v1	1.05	0.70
purple	1.05	1.13
realised	1.05	1.27
puzzle	1.05	0.89
actions	1.05	0.65
dammit	1.06	0.88
legitimate	1.06	0.69
woman	1.06	0.53
professional	1.06	0.53
depth	1.06	0.74
remembered	1.06	1.22
answering	1.06	0.88
kibler	1.06	0.60
wan	1.07	0.88
charm	1.07	0.82
folks	1.07	0.75
battletag	1.07	0.67
ama	1.07	0.77
finally	1.08	0.89
sides	1.08	0.74
our	1.08	0.65
added	1.08	0.59
tweet	1.08	0.73
pause	1.08	0.62
upvote	1.09	0.77
please	1.09	0.73
sex	1.09	0.55
greetings	1.09	0.88
here	1.09	1.08
linked	1.09	0.67
opportunities	1.09	0.82
liquid	1.09	0.64
she	1.10	0.58
explained	1.10	0.81
referring	1.10	1.76
private	1.10	0.59
exciting	1.10	0.99
honest	1.10	1.69
kungen	1.10	0.60
logical	1.10	1.76
application	1.10	0.78
league	1.11	0.76
graphics	1.11	0.78
tools	1.11	0.84
sadly	1.11	1.01
tracker	1.11	0.77
rly	1.11	0.94
reasonable	1.11	1.35
wtf	1.12	1.03
lea	1.12	0.47
room	1.12	0.85
section	1.12	0.64
finding	1.12	0.64
rngesus	1.12	0.61
x	1.12	0.81
prob	1.12	0.90
language	1.12	0.84
mute	1.12	0.61
creation	1.13	0.82
laughed	1.13	0.93
calculated	1.13	2.01
also	1.13	0.95
tag	1.14	0.65
cs	1.14	0.67
flavor	1.14	0.82
hmmm	1.14	0.97
isnt	1.15	0.94
legends	1.15	0.72
peace	1.15	0.70
project	1.15	0.69
custom	1.15	0.77
description	1.15	0.82
global	1.15	0.73
programs	1.15	0.78
wondered	1.15	0.72
praise	1.15	0.74
girlfriend	1.15	1.46
lists	1.15	0.79
writing	1.16	0.67
cup	1.16	0.61
hm	1.16	1.11
sense	1.16	1.05
track	1.16	0.72
guess	1.16	1.11
mine	1.16	0.81
cute	1.16	1.01
caps	1.16	0.76
blocked	1.16	0.50
showing	1.17	0.76
program	1.17	0.77
developed	1.17	0.54
zetalot	1.17	0.73
yo	1.17	1.17
beginners	1.17	0.74
pls	1.17	0.90
yes	1.18	1.18
greatly	1.18	0.92
valid	1.18	1.66
perhaps	1.18	0.86
resource	1.18	0.92
create	1.18	0.73
optimal	1.18	1.82
made	1.18	1.67
ofc	1.19	0.98
source	1.19	0.70
original	1.19	1.14
units	1.19	1.12
improve	1.19	0.67
rewarded	1.19	0.85
blue	1.20	1.24
le	1.20	0.88
hope	1.20	0.92
party	1.20	0.76
look	1.20	0.85
hyped	1.21	0.97
thought	1.21	1.17
randuin	1.21	0.78
streaming	1.21	0.55
check	1.21	0.59
sister	1.21	0.64
provided	1.21	0.79
elaborate	1.21	0.72
allow	1.22	0.70
hot	1.22	1.18
god	1.22	0.93
personal	1.22	0.68
material	1.22	0.63
described	1.22	1.72
aswell	1.22	1.02
fyi	1.22	0.80
figured	1.22	1.00
green	1.23	1.23
amusing	1.23	1.02
write	1.23	0.62
hearth	1.23	0.67
german	1.24	0.60
kitkatz	1.24	0.69
camera	1.24	0.54
interested	1.24	2.03
male	1.24	0.52
advise	1.24	0.69
english	1.24	0.89
iirc	1.24	0.48
reaching	1.25	0.90
amazingly	1.25	0.88
screenshots	1.25	0.62
technically	1.25	1.81
decklists	1.25	0.76
hearing	1.25	0.77
list	1.26	0.87
dear	1.26	0.85
done	1.26	0.77
learned	1.26	0.50
diablo	1.26	1.17
hoping	1.26	2.12
noise	1.26	0.66
korean	1.26	0.51
website	1.26	0.62
id	1.26	0.75
hang	1.27	0.76
beginner	1.27	0.73
chakki	1.27	0.68
characters	1.27	1.17
implied	1.27	1.90
baby	1.27	0.82
student	1.27	0.62
dota	1.27	0.75
suggest	1.27	0.62
y	1.27	0.83
loop	1.27	0.63
wat	1.28	1.10
pjsalt	1.28	0.60
boat	1.28	1.91
idea	1.29	0.90
eh	1.29	1.10
didnt	1.29	0.97
irl	1.30	0.81
recorded	1.30	0.54
pretty	1.30	0.96
series	1.30	0.79
posting	1.30	0.75
g	1.31	0.83
mistake	1.31	1.04
zilea	1.31	0.73
links	1.31	0.62
read	1.31	0.63
screenshot	1.31	0.62
dota2	1.32	0.71
streamed	1.32	0.53
n	1.32	0.81
college	1.32	0.64
suggestion	1.32	0.84
f	1.32	0.82
gaara	1.32	0.67
book	1.32	0.61
streamers	1.33	0.53
boy	1.33	0.88
trumps	1.33	0.68
wrote	1.33	0.83
good	1.33	1.75
t	1.33	0.83
wiki	1.33	0.67
soo	1.33	0.92
l	1.34	0.83
female	1.34	0.50
title	1.34	0.87
w	1.34	0.85
enjoyable	1.34	0.85
hearthpwn	1.35	0.70
b	1.35	0.82
suppose	1.35	1.01
penny	1.35	0.95
hafu	1.35	0.47
reynad	1.35	0.59
link	1.36	0.61
lifecoach	1.36	0.71
excel	1.36	0.75
massan	1.36	0.56
kidding	1.36	1.12
encourage	1.36	0.55
strifecro	1.37	0.67
colors	1.37	1.00
food	1.37	0.78
websites	1.37	0.69
ol	1.37	0.60
name	1.38	0.54
paste	1.38	0.61
cuz	1.38	0.95
doa	1.38	0.70
recommend	1.38	0.58
amp	1.38	0.82
dog	1.39	0.67
color	1.39	1.26
details	1.39	0.70
grammar	1.39	1.79
funny	1.39	1.56
information	1.39	0.86
em	1.39	1.01
meme	1.40	0.90
fun	1.40	0.95
v	1.40	0.80
savjz	1.40	0.67
reckful	1.40	0.58
shape	1.40	0.71
caster	1.40	0.66
hearthhead	1.40	0.76
twitch	1.40	0.53
tb	1.40	0.80
written	1.40	0.65
living	1.41	0.54
welp	1.41	0.86
meant	1.41	1.27
c	1.41	0.82
freaking	1.41	1.72
parents	1.41	0.51
girl	1.41	0.51
gladly	1.42	0.81
amaz	1.42	0.61
forsen	1.42	0.63
forward	1.42	1.08
initial	1.43	1.80
tv	1.43	0.51
quote	1.43	0.68
elf	1.43	0.63
imgur	1.43	0.62
kappa	1.43	0.86
streamer	1.44	0.48
omg	1.44	0.91
tides	1.44	0.64
sites	1.44	0.69
tidesoftime	1.44	0.66
backs	1.44	0.81
site	1.44	0.65
crowd	1.44	0.65
taste	1.45	0.57
article	1.45	0.69
hello	1.45	0.78
chinese	1.45	0.55
o.o	1.45	0.76
consideration	1.45	0.87
rip	1.46	0.85
questions	1.46	0.85
sc2	1.47	0.75
formatting	1.47	1.18
host	1.47	0.54
da	1.48	0.87
must	1.48	1.04
thats	1.48	1.07
e	1.48	0.77
detail	1.49	0.68
upload	1.49	0.56
cents	1.49	0.87
museum	1.49	0.78
streams	1.49	0.51
favorite	1.50	2.26
typing	1.50	0.97
girls	1.50	0.57
help	1.50	0.84
stream	1.50	0.51
shared	1.50	0.80
lmao	1.50	0.80
nvm	1.51	1.26
missed	1.51	1.20
team	1.51	0.62
yep	1.51	1.04
plz	1.52	0.95
trump	1.52	0.49
intelligent	1.52	0.73
gnimsh	1.52	0.56
sounds	1.52	1.01
voice	1.53	0.68
fuckin	1.53	0.91
casted	1.53	0.54
explaining	1.53	0.63
explains	1.54	0.52
french	1.54	0.60
wp	1.54	0.93
bob	1.55	0.50
inclined	1.56	1.80
fitting	1.56	1.00
nevermind	1.56	1.22
realz	1.56	0.63
artosis	1.57	0.61
apologies	1.57	1.22
channel	1.57	0.50
unique	1.57	0.88
advance	1.57	0.91
oops	1.58	1.19
leaked	1.58	0.64
username	1.58	0.76
fake	1.59	0.75
toast	1.59	0.66
background	1.59	0.66
noted	1.60	0.76
worthy	1.60	0.82
vods	1.60	0.51
starcraft	1.62	0.86
present	1.62	0.60
guides	1.62	0.72
provide	1.65	0.72
coaching	1.65	0.69
fellow	1.66	0.84
tear	1.66	0.70
uploaded	1.66	0.51
indeed	1.66	0.94
responses	1.66	0.83
hair	1.66	0.73
noxious	1.67	0.61
o	1.67	0.88
sentence	1.67	1.82
kripp	1.67	0.53
solid	1.67	1.40
youtube	1.68	0.53
offering	1.68	0.80
listen	1.69	0.54
images	1.69	0.71
skype	1.69	0.71
vod	1.70	0.52
helping	1.70	0.80
movie	1.70	0.77
highlight	1.70	0.71
above	1.70	1.80
entertaining	1.70	0.77
sorry	1.71	1.20
club	1.72	0.74
chanman	1.72	0.63
gift	1.72	0.71
watching	1.72	0.53
spelling	1.72	1.60
admirable	1.73	0.55
offer	1.73	0.76
his	1.73	0.52
favourite	1.73	2.06
recording	1.73	0.59
articles	1.73	0.61
episode	1.74	0.59
criticism	1.74	0.78
10/10	1.75	0.80
jesus	1.75	0.91
u	1.75	0.92
crazy	1.75	1.33
corrected	1.75	1.07
disguised	1.75	0.74
watch	1.75	0.53
totalbiscuit	1.76	0.60
watched	1.76	0.47
response	1.76	0.87
credit	1.77	0.63
analysis	1.77	0.64
yup	1.77	0.95
r	1.77	0.88
tune	1.77	0.62
casters	1.78	0.52
forgot	1.79	1.20
commentators	1.79	0.55
stories	1.79	0.57
nah	1.79	1.16
videos	1.80	0.57
broadcast	1.80	0.52
names	1.80	0.61
concept	1.81	0.69
edit	1.81	1.20
esgn	1.81	0.47
reference	1.82	0.55
pic	1.82	0.60
coincidence	1.82	1.17
universe	1.85	1.41
til	1.85	0.91
thoughts	1.85	0.82
helped	1.85	0.78
clarification	1.86	1.13
audio	1.87	0.54
whoops	1.87	1.19
kolento	1.87	0.78
review	1.88	0.52
guide	1.88	0.67
video	1.89	0.49
firebat	1.90	0.79
cringe	1.91	1.02
busy	1.91	1.42
xixo	1.91	0.79
nicely	1.92	1.19
deserve	1.92	0.95
yea	1.93	1.05
decklist	1.93	0.73
huh	1.94	0.95
whats	1.95	1.02
lt	1.95	0.91
handy	1.96	1.21
yeah	1.96	1.05
constructive	1.96	0.80
enjoying	1.97	1.24
p	1.97	0.93
k	1.97	0.89
prefer	1.98	1.05
music	1.98	0.61
ye	1.99	0.94
heh	2.00	0.96
edited	2.01	1.53
dem	2.02	0.87
reply	2.02	0.96
included	2.03	1.16
dat	2.03	0.96
achievement	2.03	0.99
typo	2.05	1.49
oh	2.05	1.10
ah	2.05	1.15
loving	2.06	0.83
wow	2.06	1.31
yay	2.06	0.65
sax	2.06	0.73
ill	2.07	0.95
wut	2.07	0.94
contest	2.07	0.67
surprise	2.08	1.21
clip	2.09	0.73
shiny	2.09	0.81
deserved	2.09	0.97
okay	2.10	1.08
hmm	2.10	1.01
providing	2.12	0.75
uh	2.12	1.01
pictures	2.12	0.63
lol	2.14	0.86
hilarious	2.14	1.14
moments	2.14	0.98
explanation	2.14	0.82
picture	2.15	0.65
xd	2.15	0.91
sjow	2.16	0.81
animated	2.17	0.76
ur	2.17	0.99
hi	2.18	1.00
relax	2.18	0.83
glorious	2.19	0.69
nope	2.19	0.97
ahh	2.19	1.14
warcraft	2.19	1.37
clever	2.19	1.00
vid	2.23	0.63
wc3	2.26	1.36
production	2.26	0.52
legit	2.28	1.01
genius	2.29	1.00
ps	2.30	0.83
hah	2.30	0.85
frodan	2.31	0.49
christmas	2.33	1.36
ha	2.33	0.84
suggestions	2.34	0.83
share	2.35	0.92
sc	2.35	1.21
beautiful	2.37	1.11
editing	2.37	0.57
casting	2.38	0.47
killer	2.38	0.94
advice	2.39	0.84
commentary	2.40	0.53
welcome	2.42	0.72
brilliant	2.43	1.11
great	2.43	1.13
detailed	2.45	0.68
hehe	2.45	0.88
feedback	2.45	0.86
story	2.46	0.93
tips	2.46	0.84
animation	2.48	0.76
smile	2.48	0.83
hear	2.51	0.84
song	2.52	0.95
cake	2.52	0.64
info	2.52	0.88
calm	2.52	0.89
chill	2.53	0.62
day9	2.56	0.90
ok	2.56	0.98
reactions	2.57	0.90
granted	2.59	0.83
o_o	2.59	0.94
listening	2.59	0.80
creative	2.60	0.90
damn	2.61	1.01
insight	2.61	0.70
sick	2.61	0.98
enjoy	2.61	0.88
ya	2.62	0.98
informative	2.65	0.66
reaction	2.65	0.74
addition	2.67	0.92
ta	2.68	1.03
helpful	2.70	0.88
input	2.70	0.87
sexy	2.71	0.56
thank	2.73	0.90
worries	2.80	0.92
interesting	2.81	0.69
alright	2.81	0.91
sir	2.81	0.83
tool	2.82	1.00
theme	2.82	1.08
congratulations	2.83	0.98
woah	2.83	0.90
glad	2.84	1.35
reminds	2.85	0.81
impressive	2.87	0.97
tho	2.88	1.02
ideas	2.88	0.79
excellent	2.88	0.74
thanks	2.90	0.90
haha	2.91	0.93
liked	2.94	0.63
gl	2.96	0.90
art	2.96	0.91
wonderful	2.99	0.63
bud	2.99	0.91
thx	3.00	0.90
entrance	3.01	0.82
neat	3.03	0.61
buddy	3.04	0.86
m8	3.06	0.88
guys	3.07	0.90
tip	3.07	0.89
appreciate	3.07	0.88
bro	3.10	0.93
badass	3.11	0.76
ty	3.15	0.90
looks	3.16	0.82
sweet	3.16	0.74
hahaha	3.18	0.53
dude	3.20	0.91
cool	3.21	0.76
artwork	3.22	0.76
cheers	3.24	0.87
enjoyed	3.32	0.44
job	3.32	0.57
wish	3.33	0.82
man	3.34	0.83
appreciated	3.35	0.81
btw	3.35	0.86
grats	3.36	0.85
hey	3.36	0.84
nonetheless	3.37	0.51
sharing	3.39	0.74
props	3.39	0.46
gratz	3.43	0.80
mate	3.43	0.83
congrats	3.45	0.78
birthday	3.49	0.70
