habit	-4.29	1.59
failed	-4.28	1.84
crap	-4.25	1.94
ridiculous	-4.22	1.84
butthurt	-4.17	2.10
shitty	-4.02	2.16
mess	-4.01	2.06
absolutely	-3.96	1.87
gays	-3.96	2.27
whatever	-3.82	2.82
sexy	-3.76	2.13
cooking	-3.69	1.93
blacks	-3.67	2.04
whats	-3.64	2.61
ugh	-3.62	2.01
stops	-3.53	2.07
bad	-3.52	2.39
smells	-3.46	2.06
jews	-3.45	2.22
causes	-3.42	1.98
except	-3.40	2.44
finds	-3.39	2.09
crime	-3.33	1.94
racial	-3.27	2.00
showed	-3.24	1.94
disease	-3.21	2.11
bacon	-3.19	1.85
juice	-3.19	2.20
thinks	-3.12	2.32
angry	-3.09	2.08
happening	-3.09	2.35
pain	-3.09	2.10
everyone	-3.07	2.49
tastes	-3.07	2.28
ugly	-3.06	2.26
false	-3.04	1.82
evidence	-3.03	2.10
implied	-3.03	2.05
drops	-3.01	2.16
majority	-2.98	2.15
against	-2.94	2.33
impression	-2.92	2.17
stupid	-2.91	2.18
sort	-2.91	2.53
wives	-2.87	2.18
moron	-2.87	2.02
ebola	-2.84	2.20
racist	-2.84	2.10
worried	-2.83	2.28
plenty	-2.83	2.27
western	-2.83	2.25
disgusting	-2.82	2.22
beyond	-2.81	2.12
related	-2.81	2.18
passes	-2.80	2.16
typical	-2.80	2.05
default	-2.80	2.19
decides	-2.79	2.22
abuse	-2.76	2.12
white	-2.70	2.48
famous	-2.69	2.00
knows	-2.69	2.96
dry	-2.68	2.29
innocent	-2.68	2.08
making	-2.65	2.54
sticks	-2.65	2.27
experienced	-2.65	2.61
fans	-2.64	2.27
ideas	-2.62	2.04
concerned	-2.59	2.38
idiot	-2.59	2.28
comedian	-2.56	2.06
feminist	-2.56	2.78
downvoting	-2.56	2.21
cold	-2.56	2.33
complain	-2.55	2.68
feminism	-2.55	2.83
fainted	-2.54	2.13
somewhat	-2.54	2.08
human	-2.53	2.22
equality	-2.53	2.81
rights	-2.53	2.72
ended	-2.52	2.28
call	-2.51	2.79
suicide	-2.51	2.01
truth	-2.50	2.16
sensitive	-2.49	2.12
prevent	-2.49	2.22
group	-2.48	2.70
apparently	-2.46	2.02
painful	-2.46	1.99
edge	-2.45	2.41
nothing	-2.45	3.43
witty	-2.44	2.01
scared	-2.43	2.32
jokes	-2.42	2.59
movement	-2.42	2.59
realise	-2.41	3.44
kill	-2.41	2.86
planet	-2.40	2.20
faith	-2.40	2.10
taste	-2.38	2.24
afterwards	-2.37	2.08
cultural	-2.37	2.29
are	-2.37	2.76
assholes	-2.35	2.61
robot	-2.34	2.22
magic	-2.34	2.23
silly	-2.34	2.19
true	-2.33	2.41
little	-2.33	2.44
regardless	-2.32	2.21
treat	-2.32	2.73
including	-2.31	2.28
calling	-2.28	2.46
pedophile	-2.28	2.35
forest	-2.26	2.17
insulting	-2.24	2.35
uncomfortable	-2.24	2.18
incredibly	-2.24	2.15
cases	-2.23	2.25
hang	-2.23	2.75
machine	-2.21	2.47
srs	-2.20	2.67
parts	-2.20	2.56
missing	-2.19	2.86
soul	-2.18	2.45
cute	-2.18	2.29
sarcastic	-2.17	2.45
re	-2.16	3.73
plays	-2.15	2.15
left	-2.13	3.17
close	-2.13	2.40
bottom	-2.13	2.61
near	-2.12	2.28
batman	-2.07	2.30
existence	-2.07	2.30
defend	-2.06	2.69
biggest	-2.06	2.95
stereotypes	-2.05	1.03
tears	-2.03	2.34
exactly	-2.03	3.71
strange	-2.02	2.45
poor	-2.01	2.15
nuts	-2.00	2.71
racism	-1.99	1.10
apologize	-1.99	2.65
gross	-1.98	2.09
sexist	-1.96	1.49
supposed	-1.95	3.87
what	-1.94	3.97
flow	-1.91	2.61
talking	-1.91	3.92
upvoted	-1.87	2.59
smell	-1.87	1.14
met	-1.86	3.48
doing	-1.86	3.95
puns	-1.85	3.03
kind	-1.84	2.55
ignorant	-1.84	1.21
sticky	-1.83	1.29
saying	-1.82	3.97
ruined	-1.81	2.22
pathetic	-1.81	2.14
amusing	-1.80	2.15
right	-1.79	3.82
aww	-1.79	2.40
robin	-1.78	2.25
easy	-1.77	2.23
neither	-1.76	2.32
rough	-1.76	2.39
meant	-1.76	3.99
awkward	-1.75	2.51
blame	-1.73	2.57
stereotype	-1.73	1.25
belief	-1.71	1.48
r/3amjokes	-1.70	2.63
plan	-1.70	2.34
everybody	-1.68	2.80
women	-1.68	1.92
weak	-1.67	2.24
backwards	-1.65	2.80
men	-1.62	1.95
wants	-1.62	2.96
feminists	-1.62	1.96
r/imgoingtohellforthis	-1.61	2.30
black	-1.60	1.41
yellow	-1.59	1.08
idiots	-1.58	1.26
brown	-1.57	1.15
ruin	-1.56	2.60
referring	-1.56	3.60
poop	-1.54	1.25
difference	-1.53	1.33
violence	-1.52	1.21
clearly	-1.51	2.59
question	-1.50	3.56
pirate	-1.50	2.76
race	-1.49	1.36
bigot	-1.48	1.53
nobody	-1.48	1.72
tumblr	-1.48	1.87
being	-1.46	2.22
bitches	-1.45	2.66
bullshit	-1.44	1.27
minority	-1.44	1.34
miss	-1.42	2.54
serious	-1.42	2.53
quiet	-1.40	3.00
hitler	-1.39	2.29
gender	-1.39	1.34
aids	-1.38	1.17
useless	-1.38	1.21
yep	-1.37	2.21
pink	-1.36	1.13
williams	-1.36	2.16
else	-1.35	1.90
unfunny	-1.33	1.07
equal	-1.33	1.49
joking	-1.32	2.43
constant	-1.30	2.65
red	-1.30	1.11
fat	-1.27	1.34
issues	-1.27	1.20
most	-1.27	3.41
problems	-1.26	1.29
claim	-1.25	1.19
rape	-1.23	1.28
murder	-1.23	1.19
natural	-1.22	1.16
hurts	-1.22	2.21
shooting	-1.21	1.49
facts	-1.20	1.17
orange	-1.20	1.06
seen	-1.20	4.07
prove	-1.19	1.44
saving	-1.19	2.42
itt	-1.18	1.46
truly	-1.18	2.18
physical	-1.14	1.20
between	-1.14	1.37
cunts	-1.13	1.70
complaining	-1.12	1.87
clown	-1.12	1.08
ever	-1.12	4.17
fish	-1.11	1.13
cook	-1.10	0.99
made	-1.10	2.68
pun	-1.09	2.61
vegans	-1.09	1.23
opinions	-1.09	1.16
smart	-1.09	1.28
newfoundland	-1.09	1.33
mistake	-1.07	2.33
dumb	-1.07	1.39
religion	-1.07	1.07
ive	-1.07	3.93
knee	-1.07	1.31
guinness	-1.06	1.18
worse	-1.05	1.45
male	-1.05	1.27
death	-1.05	1.09
fighting	-1.05	1.27
patient	-1.04	1.27
greatest	-1.04	3.81
compared	-1.04	1.19
blondes	-1.04	1.36
jewish	-1.03	1.23
ignorance	-1.03	1.16
victim	-1.03	1.23
funniest	-1.02	4.03
fact	-1.01	1.95
starts	-1.01	1.25
cum	-1.01	1.26
bastard	-1.01	2.28
bunch	-1.00	1.56
social	-1.00	1.24
green	-1.00	1.11
atheists	-0.99	1.14
oil	-0.98	1.09
cow	-0.98	1.47
drivers	-0.97	1.25
mama	-0.97	1.26
yo	-0.97	1.32
cause	-0.97	1.44
feels	-0.96	1.28
mostly	-0.96	1.24
none	-0.96	1.71
kinda	-0.96	2.32
due	-0.96	1.27
sjw	-0.95	2.80
paint	-0.94	1.15
domestic	-0.94	1.30
unnecessary	-0.94	1.04
dangerous	-0.94	2.37
marry	-0.94	1.24
condition	-0.93	1.00
pointless	-0.92	1.35
offended	-0.92	1.60
santa	-0.92	1.04
christians	-0.92	1.20
stick	-0.92	1.33
health	-0.91	1.23
trust	-0.91	1.48
vegan	-0.91	1.14
eat	-0.91	1.08
interested	-0.91	1.33
priests	-0.90	1.12
gets	-0.90	1.70
anybody	-0.90	1.53
whore	-0.90	1.18
based	-0.90	1.26
rude	-0.90	1.09
laws	-0.89	1.22
having	-0.89	2.07
beliefs	-0.89	1.34
laughs	-0.88	2.52
particularly	-0.88	1.27
semen	-0.88	1.18
plain	-0.88	1.30
blue	-0.88	1.07
opposed	-0.88	1.35
beating	-0.88	1.51
creepy	-0.87	2.28
adds	-0.87	1.10
leg	-0.87	1.60
religious	-0.87	1.22
oven	-0.87	1.10
asshole	-0.87	1.55
muslims	-0.86	1.16
jew	-0.86	1.16
decide	-0.86	1.34
turns	-0.86	1.16
irrelevant	-0.86	1.13
statement	-0.85	1.12
sweden	-0.84	1.09
alive	-0.83	0.95
caused	-0.83	1.16
united	-0.83	1.20
blonde	-0.83	1.30
reverse	-0.83	0.94
funeral	-0.83	1.17
others	-0.82	1.52
pass	-0.82	1.03
pen	-0.82	1.58
returns	-0.82	1.24
slaves	-0.82	1.13
christian	-0.81	1.12
vegetarian	-0.81	1.11
rate	-0.80	1.10
marriage	-0.80	1.37
nature	-0.79	1.24
dyslexia	-0.79	1.23
manager	-0.79	1.47
ear	-0.79	1.57
glass	-0.79	1.10
girls	-0.79	1.29
content	-0.78	1.69
anti	-0.78	1.13
hits	-0.78	0.96
charged	-0.78	1.22
meat	-0.78	1.05
knowing	-0.78	1.35
attractive	-0.77	1.11
arguing	-0.77	1.82
eggs	-0.77	1.03
sucking	-0.77	1.42
lead	-0.76	1.31
young	-0.76	1.46
pretend	-0.76	1.36
add	-0.76	1.45
needs	-0.76	1.26
older	-0.76	1.40
momma	-0.76	1.33
sees	-0.75	1.07
feed	-0.75	1.11
hilarious	-0.75	2.17
holocaust	-0.75	0.90
target	-0.75	1.12
ground	-0.75	1.15
animals	-0.74	1.18
cancer	-0.74	1.11
cops	-0.74	1.15
like	-0.74	1.73
begins	-0.74	1.11
talk	-0.74	2.03
extreme	-0.74	1.31
hardest	-0.74	3.19
someone	-0.73	2.16
freedom	-0.73	1.41
hopefully	-0.73	1.14
auto	-0.73	2.16
zero	-0.73	1.14
beef	-0.72	1.25
ironic	-0.72	1.33
dicks	-0.72	1.44
anyone	-0.72	2.43
baby	-0.72	1.28
condoms	-0.72	1.17
color	-0.72	1.18
cares	-0.72	1.23
completely	-0.72	1.33
discussing	-0.72	1.60
divorce	-0.72	1.10
unable	-0.71	1.34
female	-0.71	1.04
knife	-0.71	1.41
puts	-0.71	1.15
basically	-0.71	1.26
self	-0.71	1.25
careful	-0.71	1.20
reposts	-0.71	1.89
towards	-0.70	1.20
upvoting	-0.70	1.14
guilty	-0.70	1.24
stuff	-0.70	1.65
were	-0.70	2.46
looks	-0.70	1.22
child	-0.70	1.34
everything	-0.70	1.81
studies	-0.70	1.24
lying	-0.69	1.59
brings	-0.69	1.17
opposite	-0.69	1.71
mexican	-0.69	1.21
big	-0.69	1.42
weather	-0.69	1.17
statistics	-0.69	1.21
test	-0.68	0.97
garbage	-0.68	1.23
drug	-0.68	1.08
justice	-0.68	1.21
cheese	-0.68	1.02
chicken	-0.68	1.10
mexicans	-0.67	1.18
running	-0.67	1.44
humans	-0.67	1.03
served	-0.67	1.14
highly	-0.67	1.14
visit	-0.67	1.17
dance	-0.67	1.05
people	-0.67	2.08
animal	-0.67	1.07
trees	-0.66	1.10
fight	-0.66	1.58
hair	-0.66	1.17
stretch	-0.66	1.38
dogs	-0.66	1.05
unless	-0.66	2.48
claims	-0.66	1.19
getting	-0.66	2.10
hurt	-0.66	1.18
going	-0.66	2.99
fail	-0.66	0.95
groups	-0.65	1.31
rich	-0.65	1.10
hell	-0.65	1.99
shocked	-0.64	1.11
sauce	-0.64	0.96
bridge	-0.64	1.00
tons	-0.64	1.12
dead	-0.64	1.40
tough	-0.64	2.20
remove	-0.64	1.25
these	-0.63	1.88
sexual	-0.63	1.15
blond	-0.63	1.16
he	-0.63	1.79
killing	-0.63	1.38
lawyers	-0.63	1.10
anything	-0.63	2.65
wonder	-0.62	1.84
curious	-0.62	1.57
island	-0.62	1.28
argue	-0.62	1.34
apple	-0.62	1.08
she	-0.62	1.47
absolute	-0.62	1.22
lightbulb	-0.61	1.67
many	-0.61	1.98
apply	-0.61	1.08
asking	-0.61	2.31
whether	-0.61	1.58
coffee	-0.61	1.13
illegal	-0.61	1.22
r/jokes	-0.60	2.01
broken	-0.60	1.55
changing	-0.60	1.35
freezer	-0.60	1.07
products	-0.60	1.02
hot	-0.60	1.13
their	-0.60	1.57
skin	-0.59	1.07
mad	-0.59	1.46
respect	-0.59	1.15
dozen	-0.59	1.26
body	-0.59	1.30
sticking	-0.59	1.29
object	-0.59	1.23
implication	-0.59	1.24
cut	-0.59	1.60
wash	-0.59	1.18
sock	-0.59	1.33
metal	-0.59	1.04
behind	-0.59	1.23
reality	-0.59	1.02
about	-0.58	2.82
comments	-0.58	1.95
piece	-0.58	1.08
etc	-0.58	1.21
process	-0.58	0.97
threads	-0.58	1.79
something	-0.58	2.54
rhymes	-0.57	1.20
atheist	-0.57	1.25
bucket	-0.57	1.24
children	-0.57	1.36
drank	-0.57	1.10
doctor	-0.57	1.21
gun	-0.57	1.31
indian	-0.57	1.25
massive	-0.57	1.35
study	-0.57	1.43
badly	-0.57	1.08
wet	-0.56	1.14
barber	-0.56	1.12
necessarily	-0.56	1.17
huge	-0.56	1.19
butter	-0.56	1.07
elephant	-0.56	1.18
specifically	-0.56	1.47
examples	-0.56	1.20
with	-0.56	2.12
redditors	-0.56	1.26
trying	-0.56	2.75
crocs	-0.56	1.00
bitter	-0.56	1.13
imply	-0.56	1.70
yes	-0.56	3.47
ice	-0.56	0.94
purpose	-0.55	1.16
leaving	-0.55	1.51
generation	-0.55	1.49
proof	-0.55	1.32
heat	-0.55	1.04
newfie	-0.55	1.20
current	-0.55	1.45
strong	-0.55	1.12
guy	-0.55	1.83
meeting	-0.55	1.18
upset	-0.54	1.36
claiming	-0.54	1.60
hand	-0.54	1.69
mass	-0.54	1.17
swing	-0.54	1.33
bedroom	-0.54	1.29
complete	-0.54	1.32
gas	-0.54	1.07
wipe	-0.54	1.21
soap	-0.54	1.23
decades	-0.54	1.49
so	-0.54	1.92
shape	-0.53	1.18
4chan	-0.53	1.76
parent	-0.53	1.28
rock	-0.53	1.20
eats	-0.53	0.98
desert	-0.53	1.20
bear	-0.53	1.16
medical	-0.53	1.05
focus	-0.52	1.12
q	-0.52	1.63
start	-0.52	1.82
soup	-0.52	1.12
trolling	-0.52	1.48
arms	-0.52	1.48
fruit	-0.52	0.89
cuz	-0.52	1.32
standing	-0.52	1.13
potatoes	-0.52	1.03
depends	-0.52	1.31
specific	-0.52	1.31
aw	-0.52	2.39
chain	-0.51	1.43
frog	-0.51	1.00
act	-0.51	1.20
beautiful	-0.51	2.53
confusion	-0.51	1.12
guys	-0.51	1.83
drinking	-0.51	1.33
role	-0.51	1.25
afraid	-0.51	2.03
milk	-0.51	1.02
adding	-0.50	1.43
rare	-0.50	2.22
essentially	-0.50	1.17
raped	-0.50	1.18
muslim	-0.50	1.17
upon	-0.50	1.13
closed	-0.50	1.22
relationships	-0.50	1.26
topic	-0.50	1.22
smoking	-0.50	1.18
looking	-0.50	2.42
partner	-0.50	1.08
russians	-0.50	0.98
weird	-0.50	2.15
primary	-0.50	1.04
already	-0.50	3.02
society	-0.49	1.49
beer	-0.49	1.15
path	-0.49	1.34
pile	-0.49	1.28
spread	-0.49	1.09
lies	-0.49	0.92
chin	-0.49	1.36
sexually	-0.49	1.21
mods	-0.49	1.76
dark	-0.49	2.57
nun	-0.49	1.36
nor	-0.49	1.38
ring	-0.49	1.17
obviously	-0.48	1.93
kids	-0.48	1.56
taking	-0.48	1.92
chocolate	-0.48	1.01
hooker	-0.48	1.36
manner	-0.48	1.28
lately	-0.48	2.32
hole	-0.48	1.15
cows	-0.48	1.20
earth	-0.48	0.99
breath	-0.48	1.07
lady	-0.47	1.42
difficult	-0.47	1.30
blind	-0.47	1.41
jelly	-0.47	1.26
sub	-0.47	2.37
reddit	-0.47	2.20
pissed	-0.46	1.26
water	-0.46	1.08
found	-0.46	2.22
african	-0.46	1.15
areas	-0.46	1.05
quit	-0.46	1.51
given	-0.46	1.32
drunk	-0.46	1.34
commenting	-0.46	2.03
herself	-0.46	1.14
brain	-0.46	1.04
swallow	-0.46	2.62
subject	-0.45	1.22
stone	-0.45	1.23
holding	-0.45	1.59
constantly	-0.45	1.15
shot	-0.45	1.31
boston	-0.45	1.07
dog	-0.45	1.13
exist	-0.45	1.70
literally	-0.45	2.03
light	-0.45	1.44
opens	-0.45	1.08
driver	-0.45	1.16
humorous	-0.45	1.10
pig	-0.45	1.17
nonsense	-0.45	1.22
breaking	-0.44	1.16
who	-0.44	1.86
ruins	-0.44	2.37
70	-0.44	1.14
canadian	-0.44	1.20
married	-0.44	1.42
sandwich	-0.44	1.15
table	-0.44	1.18
peoples	-0.44	1.05
infinite	-0.43	1.13
condom	-0.43	1.09
pet	-0.43	1.06
woman	-0.43	1.50
shoots	-0.43	1.12
somebody	-0.43	1.33
third	-0.43	1.59
screw	-0.43	1.63
raise	-0.42	1.36
fails	-0.42	0.98
thinking	-0.42	2.72
types	-0.42	1.44
person	-0.42	2.31
sorry	-0.42	3.43
bell	-0.42	1.19
counter	-0.42	1.10
girl	-0.42	1.46
legs	-0.42	1.36
burger	-0.41	0.96
slap	-0.41	1.21
actual	-0.41	1.48
basis	-0.41	1.11
matters	-0.41	1.84
behavior	-0.41	1.11
hitting	-0.40	1.53
stop	-0.40	1.95
no	-0.40	2.47
snow	-0.40	1.18
personal	-0.40	1.33
stuck	-0.40	1.47
showing	-0.40	1.20
interest	-0.40	1.13
make	-0.40	2.10
selling	-0.40	1.36
enter	-0.40	1.17
effect	-0.40	1.17
notice	-0.40	2.01
irish	-0.40	1.21
retard	-0.40	1.29
toilet	-0.39	1.16
equivalent	-0.39	1.29
feel	-0.39	1.89
relationship	-0.39	1.32
lie	-0.39	1.32
juan	-0.39	2.18
lawyer	-0.39	1.31
heaven	-0.39	1.05
or	-0.39	2.73
control	-0.38	1.23
east	-0.38	1.13
hit	-0.38	1.22
boy	-0.38	1.32
cars	-0.38	0.95
counting	-0.38	1.35
himself	-0.38	1.23
serve	-0.38	1.32
matter	-0.38	2.31
clean	-0.37	1.18
characters	-0.37	1.21
pointing	-0.37	1.56
putting	-0.37	1.42
those	-0.37	1.98
noise	-0.37	1.05
arm	-0.37	1.45
posts	-0.37	1.82
bread	-0.37	1.03
law	-0.37	1.26
egg	-0.37	0.99
drive	-0.36	1.37
gives	-0.36	1.17
rarely	-0.36	1.62
saved	-0.36	1.28
committed	-0.36	1.16
code	-0.36	1.16
aside	-0.36	1.08
keller	-0.36	1.64
fire	-0.36	1.10
tifu	-0.36	2.02
put	-0.36	1.71
itself	-0.36	1.14
safe	-0.36	1.12
genie	-0.36	1.12
trick	-0.36	1.47
require	-0.36	1.01
diet	-0.36	1.04
dyslexic	-0.36	1.33
list	-0.35	1.35
order	-0.35	1.25
goal	-0.35	1.15
wanting	-0.35	1.32
spaghetti	-0.35	1.19
beginning	-0.35	1.41
change	-0.35	1.75
warning	-0.35	1.05
hands	-0.35	1.57
appears	-0.35	1.22
goddamn	-0.35	1.30
drink	-0.34	1.16
judge	-0.34	1.23
straight	-0.34	1.14
moral	-0.34	1.21
schools	-0.34	1.27
banned	-0.34	1.42
non	-0.34	1.15
usually	-0.34	1.72
anymore	-0.34	2.23
wanted	-0.34	2.03
remind	-0.34	1.33
date	-0.34	1.18
shit	-0.34	1.62
devil	-0.34	0.95
asian	-0.34	1.13
pizza	-0.33	1.03
pussy	-0.33	1.12
drop	-0.33	1.17
do	-0.33	2.64
thousands	-0.33	1.66
owner	-0.33	1.34
details	-0.33	1.19
giant	-0.33	1.07
irishman	-0.33	1.15
release	-0.33	1.45
walk	-0.33	1.32
cross	-0.33	1.17
happen	-0.33	2.54
leave	-0.33	2.08
carry	-0.33	1.01
asks	-0.32	1.46
inside	-0.32	1.16
anywhere	-0.32	1.66
european	-0.32	1.06
anus	-0.32	1.06
student	-0.32	1.11
filled	-0.32	1.18
bar	-0.32	1.30
how	-0.32	2.60
shouts	-0.32	0.93
mile	-0.32	1.29
represent	-0.31	1.12
calls	-0.31	1.29
fit	-0.31	1.05
clue	-0.31	2.37
instantly	-0.31	1.32
member	-0.31	1.29
step	-0.31	1.12
significant	-0.31	1.35
posting	-0.31	1.92
ears	-0.31	1.18
court	-0.31	1.08
element	-0.31	1.59
speech	-0.31	1.17
odd	-0.31	1.27
thread	-0.31	2.42
suck	-0.31	1.46
sugar	-0.31	1.04
viagra	-0.31	1.06
hiding	-0.31	1.17
britain	-0.31	1.08
penises	-0.30	1.30
mean	-0.30	2.64
subtle	-0.30	1.22
political	-0.30	1.19
west	-0.30	1.28
eating	-0.30	1.06
whenever	-0.30	1.19
catholic	-0.30	1.20
there	-0.30	2.51
rabbit	-0.30	1.13
equally	-0.30	1.29
gotten	-0.30	2.78
kept	-0.30	1.40
lesbian	-0.30	1.44
know	-0.29	2.63
picked	-0.29	1.20
an	-0.29	1.41
mentioned	-0.29	2.16
hipster	-0.29	1.32
bot	-0.29	0.88
kick	-0.29	1.27
jam	-0.29	1.32
does	-0.28	2.52
several	-0.28	2.19
top	-0.28	1.99
bechdel	-0.28	0.90
military	-0.28	1.10
food	-0.28	1.00
moving	-0.28	1.11
taken	-0.28	1.93
population	-0.28	1.16
sea	-0.28	1.26
countries	-0.28	1.43
switch	-0.28	1.57
take	-0.28	1.97
free	-0.28	1.16
sit	-0.28	1.16
why	-0.28	2.57
sum	-0.27	1.08
results	-0.27	0.97
said	-0.27	2.63
warm	-0.27	1.16
extremely	-0.27	1.29
states	-0.27	1.19
power	-0.27	1.41
did	-0.27	2.61
bringing	-0.27	1.31
bears	-0.27	1.19
has	-0.27	3.00
style	-0.27	1.20
wine	-0.27	1.05
tied	-0.27	1.37
deliver	-0.27	1.35
kid	-0.27	1.46
fresh	-0.26	1.10
steve	-0.26	1.02
keep	-0.26	1.82
end	-0.26	1.69
section	-0.26	1.89
ability	-0.26	1.14
clicking	-0.26	1.34
score	-0.26	1.16
ones	-0.26	1.80
joe	-0.26	1.23
americans	-0.26	1.19
sperm	-0.26	1.14
grin	-0.26	1.53
fired	-0.26	1.22
recent	-0.26	1.42
begin	-0.26	1.46
chest	-0.25	1.34
eyes	-0.25	1.18
basic	-0.25	1.19
grew	-0.25	1.21
full	-0.25	1.09
farmer	-0.25	1.21
large	-0.25	1.08
area	-0.25	1.10
followed	-0.25	1.22
tend	-0.25	1.30
doc	-0.25	1.12
fly	-0.25	0.99
vagina	-0.25	1.11
following	-0.25	1.53
wondering	-0.25	2.24
note	-0.25	1.13
see	-0.25	2.56
course	-0.25	1.72
ball	-0.25	1.13
wheel	-0.24	1.19
bitch	-0.24	1.28
lights	-0.24	1.12
immediately	-0.24	1.21
shower	-0.24	1.16
kicked	-0.24	1.45
realize	-0.24	2.47
walks	-0.24	1.27
lines	-0.24	1.43
paragraph	-0.24	1.41
they	-0.24	2.59
goes	-0.24	1.36
assumed	-0.24	1.75
tall	-0.24	1.18
iron	-0.24	1.07
able	-0.23	2.45
heh	-0.23	2.48
explain	-0.23	2.30
insane	-0.23	1.25
reasons	-0.23	1.31
lower	-0.23	1.17
if	-0.23	2.58
sounds	-0.23	1.44
heart	-0.23	0.85
bloody	-0.23	0.98
news	-0.23	1.23
follow	-0.23	1.25
become	-0.23	1.13
named	-0.23	1.80
besides	-0.23	1.17
brought	-0.23	1.36
david	-0.22	0.99
daddy	-0.22	1.28
factory	-0.22	1.21
toast	-0.22	1.06
millions	-0.22	1.50
discussion	-0.22	1.56
doctors	-0.22	1.19
knew	-0.22	2.68
sheep	-0.22	1.16
steak	-0.22	1.06
shown	-0.22	1.33
coming	-0.22	2.20
pirates	-0.22	1.60
foot	-0.22	1.26
lack	-0.22	1.07
save	-0.21	1.33
consider	-0.21	1.15
humor	-0.21	1.34
middle	-0.21	1.10
care	-0.21	2.31
ass	-0.21	1.35
felt	-0.21	1.45
science	-0.21	1.19
france	-0.21	1.26
attack	-0.21	0.99
distance	-0.21	1.22
problem	-0.21	2.32
rid	-0.21	1.26
butt	-0.21	1.26
larger	-0.21	1.30
eye	-0.21	1.27
flew	-0.20	1.26
glasses	-0.20	1.15
down	-0.20	1.31
rise	-0.20	1.17
navy	-0.20	1.10
inch	-0.20	1.25
sand	-0.20	1.27
bother	-0.20	1.63
finger	-0.20	1.39
cop	-0.20	1.24
telling	-0.20	3.14
bulb	-0.20	1.48
till	-0.20	1.35
mention	-0.20	1.41
replied	-0.19	1.63
ready	-0.19	1.08
designed	-0.19	1.23
divorced	-0.19	1.65
explains	-0.19	1.12
both	-0.19	1.90
orders	-0.19	1.21
helps	-0.19	0.90
access	-0.19	1.12
then	-0.19	2.47
flight	-0.19	1.08
eastern	-0.19	1.13
arab	-0.19	1.11
support	-0.19	1.25
mental	-0.19	1.08
things	-0.19	1.91
civil	-0.19	1.06
market	-0.19	1.07
entire	-0.18	1.68
say	-0.18	2.59
dirty	-0.18	1.14
masturbating	-0.18	1.20
weed	-0.18	1.09
state	-0.18	1.26
general	-0.18	1.04
throwing	-0.18	1.11
road	-0.18	1.20
we	-0.18	2.66
ocean	-0.18	1.11
college	-0.18	1.16
license	-0.18	1.13
return	-0.18	0.97
africa	-0.18	1.22
johnny	-0.18	1.25
pilot	-0.18	0.90
foreign	-0.18	1.13
stated	-0.18	1.81
babies	-0.17	1.29
whiskey	-0.17	1.13
lunch	-0.17	1.10
punch	-0.17	1.61
had	-0.17	3.22
bite	-0.17	1.34
required	-0.17	1.32
jumped	-0.17	0.99
coke	-0.17	1.04
hospital	-0.17	1.09
turning	-0.17	1.13
rocks	-0.17	1.05
officer	-0.17	1.23
expecting	-0.17	1.52
effective	-0.17	1.10
want	-0.17	2.49
members	-0.17	1.25
handed	-0.17	1.64
important	-0.17	1.21
decided	-0.17	1.63
dick	-0.16	1.37
major	-0.16	1.26
criticism	-0.16	1.16
expect	-0.16	1.83
lets	-0.16	1.49
whom	-0.16	0.94
press	-0.16	1.21
sounded	-0.16	1.17
move	-0.16	1.36
officers	-0.16	1.23
shows	-0.16	0.96
rhyme	-0.16	1.16
stays	-0.16	1.23
spoon	-0.16	1.28
midget	-0.16	1.20
lots	-0.16	1.61
banana	-0.15	0.86
teachers	-0.15	1.46
stay	-0.15	1.40
deleted	-0.15	1.66
tank	-0.15	1.09
traffic	-0.15	1.17
train	-0.15	1.20
whose	-0.15	1.45
smaller	-0.15	1.41
ship	-0.15	1.53
movies	-0.15	1.00
age	-0.15	1.36
pants	-0.15	0.96
douche	-0.15	1.32
ask	-0.14	2.37
europe	-0.14	1.38
research	-0.14	1.01
keeping	-0.14	1.32
says	-0.14	1.39
goat	-0.14	1.02
short	-0.14	1.40
legal	-0.14	1.27
beat	-0.14	1.39
drinks	-0.14	1.12
soft	-0.14	1.11
priest	-0.14	1.26
open	-0.14	1.21
scale	-0.14	1.21
giving	-0.14	1.40
idea	-0.14	2.72
understand	-0.14	2.34
experience	-0.14	1.68
slowly	-0.14	1.10
quote	-0.14	1.29
data	-0.13	1.27
doesnt	-0.13	1.48
arrested	-0.13	1.09
quite	-0.13	1.75
shop	-0.13	1.20
america	-0.13	1.36
throat	-0.13	1.09
bathroom	-0.13	1.22
low	-0.13	1.09
blood	-0.13	1.10
gon	-0.13	2.42
comes	-0.13	1.21
truck	-0.13	1.12
themselves	-0.13	1.49
bought	-0.13	1.06
hear	-0.13	2.48
alcohol	-0.13	1.06
ie	-0.13	1.12
mathematician	-0.13	1.00
bigger	-0.13	1.44
ca	-0.13	2.42
produce	-0.12	1.01
function	-0.12	1.09
into	-0.12	1.22
notices	-0.12	1.19
replace	-0.12	1.04
isnt	-0.12	1.13
jail	-0.12	1.15
chuck	-0.12	1.07
donkey	-0.12	1.06
runs	-0.12	1.20
period	-0.12	1.31
other	-0.12	2.18
pleasure	-0.12	1.12
tight	-0.12	1.24
cock	-0.12	1.31
need	-0.12	2.47
bag	-0.12	1.04
mouth	-0.12	1.26
reposted	-0.12	2.37
bartender	-0.12	1.33
woods	-0.12	1.20
late	-0.12	1.45
either	-0.12	2.56
various	-0.12	1.40
his	-0.12	1.54
intended	-0.12	1.45
sits	-0.11	1.22
allowed	-0.11	1.70
improve	-0.11	1.27
burning	-0.11	1.08
wasnt	-0.11	1.13
ashamed	-0.11	1.55
simple	-0.11	1.23
screen	-0.11	1.06
whoever	-0.11	1.13
bit	-0.11	1.74
all	-0.11	2.31
hold	-0.11	1.56
negative	-0.11	1.13
pedantic	-0.11	1.58
two	-0.11	2.01
turn	-0.11	1.37
never	-0.11	3.73
finding	-0.11	1.25
grow	-0.11	1.26
closet	-0.11	1.33
toward	-0.11	1.05
shock	-0.11	0.96
pause	-0.11	1.24
99	-0.10	1.06
inches	-0.10	1.25
vampire	-0.10	1.29
led	-0.10	1.44
once	-0.10	2.33
value	-0.10	1.03
downvote	-0.10	1.38
<SPECIAL>	-0.10	0.99
<URL>	-0.10	0.99
picking	-0.10	1.60
media	-0.10	1.02
peace	-0.10	1.03
spelled	-0.10	3.31
born	-0.10	1.26
wild	-0.10	1.10
jimmy	-0.10	1.01
accidentally	-0.10	1.08
quality	-0.10	1.10
forward	-0.10	1.27
listening	-0.10	1.20
wall	-0.10	1.16
virgin	-0.10	1.27
tom	-0.09	1.22
believe	-0.09	2.46
marines	-0.09	1.16
monster	-0.09	1.27
die	-0.09	1.28
laid	-0.09	1.25
minor	-0.09	1.03
can	-0.09	2.42
car	-0.09	1.22
impossible	-0.09	1.27
go	-0.09	2.18
clock	-0.09	1.33
familiar	-0.09	1.22
department	-0.09	1.16
forced	-0.09	1.14
old	-0.09	1.43
skills	-0.09	1.16
lick	-0.09	1.11
occasionally	-0.09	0.90
type	-0.09	1.12
cards	-0.09	1.08
chicago	-0.08	1.38
by	-0.08	1.87
dying	-0.08	1.05
pulls	-0.08	1.15
circle	-0.08	0.95
lesson	-0.08	1.25
on	-0.08	1.51
forget	-0.08	1.59
replies	-0.08	1.58
keyboard	-0.08	1.13
just	-0.08	2.54
memory	-0.08	1.21
fear	-0.08	1.00
leaves	-0.08	1.16
come	-0.08	2.14
set	-0.07	1.22
binary	-0.07	1.87
them	-0.07	2.33
fill	-0.07	1.07
while	-0.07	1.92
side	-0.07	1.14
cry	-0.07	1.19
home	-0.07	1.34
flying	-0.07	1.08
pictures	-0.07	1.19
offense	-0.07	1.37
makes	-0.07	1.79
pregnant	-0.07	1.26
meet	-0.07	1.29
rabbi	-0.07	1.24
street	-0.07	1.14
actions	-0.07	1.29
along	-0.07	1.33
program	-0.07	1.16
dating	-0.07	1.40
cunt	-0.07	1.22
education	-0.07	1.25
powerful	-0.07	1.12
because	-0.07	2.36
boner	-0.07	1.17
acting	-0.07	1.28
recognize	-0.06	1.10
feelings	-0.06	1.07
fridge	-0.06	1.15
charge	-0.06	1.30
mail	-0.06	1.09
him	-0.06	1.65
irony	-0.06	1.09
help	-0.06	2.34
1st	-0.06	1.73
belong	-0.06	1.43
line	-0.06	1.81
mode	-0.06	1.21
nantucket	-0.06	1.50
necessary	-0.06	1.22
kitchen	-0.06	1.23
fingers	-0.06	1.28
honestly	-0.06	2.13
thrown	-0.06	1.16
under	-0.06	1.12
responds	-0.06	1.56
contact	-0.06	1.09
regularly	-0.06	1.12
yup	-0.06	1.20
crying	-0.06	1.29
seems	-0.06	1.44
catch	-0.06	1.18
penis	-0.06	1.24
jerk	-0.06	1.03
without	-0.05	1.18
wearing	-0.05	1.01
century	-0.05	1.18
plot	-0.05	1.16
kinds	-0.05	2.79
responded	-0.05	1.52
seeing	-0.05	1.62
exchange	-0.05	1.14
dave	-0.05	1.30
church	-0.05	1.05
band	-0.05	2.50
companies	-0.05	1.12
somewhere	-0.05	2.33
get	-0.05	2.44
class	-0.05	1.26
tiny	-0.05	1.00
war	-0.05	1.33
raised	-0.05	1.18
dropped	-0.05	1.38
success	-0.05	1.11
cheating	-0.05	1.31
three	-0.05	1.84
forever	-0.05	1.86
quarter	-0.05	1.16
changes	-0.05	1.26
bright	-0.05	1.09
figure	-0.04	2.06
station	-0.04	1.11
ignore	-0.04	1.26
ex	-0.04	1.09
direction	-0.04	1.81
y'all	-0.04	1.08
risk	-0.04	1.09
kiss	-0.04	0.96
finish	-0.04	1.64
average	-0.04	1.06
will	-0.04	2.48
her	-0.04	1.34
pieces	-0.04	1.18
looked	-0.04	1.51
center	-0.04	1.02
started	-0.03	1.64
bus	-0.03	1.08
have	-0.03	2.98
fence	-0.03	1.10
pub	-0.03	1.19
even	-0.03	2.43
burned	-0.03	1.19
rage	-0.03	1.11
roll	-0.03	1.01
feet	-0.03	1.15
theory	-0.03	1.15
sex	-0.03	1.52
evil	-0.03	1.07
thus	-0.03	1.15
shoes	-0.03	0.83
leads	-0.03	1.19
not	-0.03	2.48
pole	-0.03	0.98
australian	-0.03	1.17
takes	-0.03	1.53
throughout	-0.03	1.41
art	-0.03	1.08
off	-0.02	1.14
repeat	-0.02	1.53
argument	-0.02	1.33
disagree	-0.02	1.24
website	-0.02	1.49
dream	-0.02	1.14
yelling	-0.02	1.05
find	-0.02	2.25
silence	-0.02	1.02
seemed	-0.02	1.22
stand	-0.02	1.20
dress	-0.02	1.02
sure	-0.02	2.59
folks	-0.02	1.17
boys	-0.02	1.20
individual	-0.02	1.12
grand	-0.02	1.15
edgy	-0.02	1.20
fast	-0.02	1.27
wishes	-0.02	1.35
cats	-0.01	1.05
professor	-0.01	1.31
norris	-0.01	1.10
concept	-0.01	1.25
issue	-0.01	1.34
seem	-0.01	2.29
changed	-0.01	1.48
math	-0.01	1.31
knowledge	-0.01	1.24
tells	-0.01	1.24
shots	-0.01	1.19
sell	-0.01	1.38
degree	-0.01	1.18
dies	-0.01	1.03
questions	-0.01	1.56
covered	-0.01	0.91
downvoted	-0.01	1.30
boat	-0.01	1.06
belt	-0.00	1.02
weight	-0.00	1.08
bring	-0.00	1.48
sleep	-0.00	1.35
store	-0.00	1.16
lay	-0.00	1.33
price	-0.00	1.12
pick	-0.00	1.42
paper	-0.00	1.01
entirely	-0.00	1.26
candy	-0.00	1.06
remembered	-0.00	1.97
olds	-0.00	1.69
lame	-0.00	2.32
practice	-0.00	1.00
choose	0.00	1.18
referencing	0.00	1.52
becoming	0.00	1.13
should	0.00	2.48
ve	0.00	3.71
situations	0.00	1.27
beers	0.00	1.32
wedding	0.00	1.08
high	0.00	1.19
view	0.00	1.14
seat	0.00	1.32
ireland	0.00	1.47
spit	0.00	1.18
walked	0.01	1.27
tell	0.01	2.50
intelligence	0.01	1.00
bout	0.01	1.35
assume	0.01	1.96
screaming	0.01	1.17
mixed	0.01	1.18
shoulder	0.01	1.23
action	0.01	1.08
direct	0.01	1.16
could	0.01	2.46
latvian	0.01	1.26
yet	0.01	2.81
special	0.01	1.08
run	0.01	1.42
extra	0.01	0.92
suddenly	0.01	1.24
forces	0.01	1.22
where	0.01	2.60
before	0.01	3.16
favor	0.01	1.31
adults	0.01	1.16
accident	0.01	0.99
karma	0.02	1.53
adult	0.02	0.97
excited	0.02	1.32
consent	0.02	1.25
explained	0.02	2.28
bottle	0.02	0.96
balls	0.02	1.22
insult	0.02	1.18
rule	0.02	1.08
case	0.02	2.11
ceiling	0.02	1.35
community	0.02	1.16
instance	0.02	0.98
horse	0.02	1.25
automatically	0.02	1.18
front	0.02	1.67
smoke	0.02	1.07
asked	0.02	1.70
duck	0.03	1.35
generally	0.03	1.48
boobs	0.03	1.28
known	0.03	2.48
thick	0.03	1.23
healthy	0.03	1.22
expensive	0.03	1.20
window	0.03	1.23
socks	0.03	0.94
ton	0.03	1.07
modern	0.03	1.15
shoot	0.03	1.19
drives	0.03	1.21
retarded	0.03	1.90
rolling	0.03	1.34
recently	0.04	2.09
einstein	0.04	0.87
came	0.04	1.81
happened	0.04	2.82
break	0.04	1.15
means	0.04	1.96
fork	0.04	1.55
voted	0.04	1.15
gift	0.04	1.05
army	0.04	1.11
alone	0.04	1.00
page	0.04	1.93
around	0.04	1.45
r/meanjokes	0.04	1.33
attempt	0.05	1.12
replaced	0.05	1.45
nation	0.05	1.25
through	0.05	1.32
respond	0.05	1.46
missed	0.05	1.26
learning	0.05	1.25
half	0.05	1.29
tonight	0.05	1.26
sets	0.05	1.09
pull	0.05	1.33
engineering	0.05	1.21
nearly	0.05	0.86
let	0.05	2.28
when	0.05	2.43
be	0.05	2.39
reason	0.05	2.45
helping	0.05	1.18
oral	0.05	1.09
driving	0.05	1.16
14	0.05	1.29
post	0.05	2.06
killed	0.05	1.25
private	0.05	1.19
nsfw	0.05	1.25
blown	0.05	1.34
working	0.05	1.64
windows	0.05	1.17
product	0.05	0.98
timing	0.05	0.97
monkey	0.06	1.13
polish	0.06	0.85
gay	0.06	1.12
naked	0.06	1.12
sent	0.06	1.15
sides	0.06	1.08
handle	0.06	1.29
teach	0.06	1.37
breakfast	0.06	0.91
costs	0.06	0.96
heard	0.06	3.71
links	0.06	1.13
universe	0.06	1.29
texas	0.06	1.23
tl	0.06	1.14
cents	0.06	1.27
floor	0.06	1.26
part	0.06	3.14
small	0.06	1.25
together	0.06	1.58
users	0.06	1.03
delete	0.06	1.56
site	0.06	1.12
grown	0.06	1.55
almost	0.06	1.62
pulled	0.06	1.35
opinion	0.06	1.23
bush	0.06	1.11
pool	0.06	1.06
keeps	0.06	0.91
touch	0.07	1.33
hanging	0.07	1.18
throw	0.07	1.15
maybe	0.07	2.44
office	0.07	1.19
room	0.07	1.28
students	0.07	1.24
knock	0.07	1.27
fucker	0.07	1.13
place	0.07	2.31
italian	0.07	1.07
annoying	0.07	1.03
north	0.07	1.16
birth	0.07	1.17
available	0.07	1.14
opportunity	0.07	1.05
pressure	0.07	1.16
received	0.08	1.31
japan	0.08	0.96
anti-joke	0.08	1.30
south	0.08	1.05
any	0.08	2.29
laying	0.08	1.34
typing	0.08	1.61
literal	0.08	1.23
45	0.08	1.34
kills	0.08	1.30
winter	0.08	0.96
ducks	0.08	1.07
your	0.08	1.41
harry	0.08	1.08
request	0.08	1.15
boss	0.08	1.22
choice	0.09	1.11
california	0.09	1.28
school	0.09	1.31
mobile	0.09	1.16
yells	0.09	1.00
join	0.09	2.65
corner	0.09	1.16
outside	0.09	1.30
parrot	0.09	1.29
seal	0.09	1.21
university	0.09	1.36
marks	0.09	1.17
suspect	0.09	1.19
farm	0.09	1.17
husband	0.09	1.27
box	0.09	1.17
which	0.09	2.47
u.s	0.09	0.91
willing	0.09	1.77
title	0.09	1.96
moon	0.09	1.07
separate	0.09	1.47
funny	0.09	1.58
called	0.10	3.02
assumption	0.10	0.92
canada	0.10	1.34
public	0.10	1.12
american	0.10	1.11
away	0.10	1.34
smith	0.10	0.96
hill	0.10	1.22
count	0.10	1.66
over	0.10	1.39
clicked	0.10	1.65
humanity	0.10	1.11
live	0.10	1.53
deer	0.10	1.19
would	0.10	2.41
tea	0.10	1.05
onto	0.10	1.02
heads	0.10	1.18
radio	0.10	1.24
shall	0.10	1.11
greater	0.10	1.37
physics	0.10	1.25
fart	0.10	1.18
moved	0.10	1.18
indians	0.11	1.18
losing	0.11	1.25
house	0.11	1.30
read	0.11	3.54
added	0.11	1.33
queen	0.11	1.20
teeth	0.11	1.21
became	0.11	1.29
logic	0.11	1.24
fall	0.11	0.92
wood	0.11	1.07
degrees	0.11	1.21
stopped	0.11	1.36
hide	0.11	1.09
electrical	0.11	1.13
across	0.12	1.13
computer	0.12	1.17
understanding	0.12	1.02
pot	0.12	0.97
motherfucker	0.12	0.91
reading	0.12	2.24
playing	0.12	1.37
might	0.12	2.36
admit	0.12	2.92
buy	0.12	1.06
swedish	0.12	1.29
daily	0.12	1.06
wind	0.12	0.93
faster	0.12	1.34
funnier	0.12	1.55
er	0.12	2.28
think	0.12	2.44
trash	0.12	1.12
fault	0.13	1.47
level	0.13	1.16
teacher	0.13	1.36
mommy	0.13	1.20
yourself	0.13	2.13
jump	0.13	1.20
saw	0.13	2.80
exists	0.13	1.29
instead	0.13	1.48
sweet	0.13	1.01
country	0.13	1.73
easier	0.13	1.51
stage	0.13	1.14
work	0.13	2.41
holes	0.13	1.30
camel	0.14	1.13
grade	0.14	1.45
everyday	0.14	1.11
pulling	0.14	1.18
size	0.14	1.15
random	0.14	1.12
boring	0.14	1.14
up	0.14	1.68
reader	0.14	1.18
12	0.14	1.28
model	0.14	1.26
tag	0.14	1.26
downvotes	0.14	1.19
posted	0.14	2.55
sources	0.14	1.16
alternate	0.14	1.23
swim	0.14	1.11
point	0.14	2.47
gone	0.14	1.71
loss	0.14	1.14
considering	0.15	1.11
search	0.15	0.98
build	0.15	1.14
expression	0.15	1.20
steps	0.15	1.13
empty	0.15	0.94
tree	0.15	0.99
buying	0.15	1.05
york	0.15	1.08
anyway	0.15	2.14
government	0.15	1.21
otherwise	0.15	1.70
germans	0.15	1.08
possibly	0.15	1.17
fucks	0.15	1.05
winning	0.15	1.42
mary	0.15	1.14
id	0.15	0.82
character	0.15	1.15
avoid	0.15	0.99
got	0.16	2.09
tie	0.16	0.94
city	0.16	0.98
reply	0.16	1.39
21	0.16	1.42
event	0.16	1.56
waiting	0.16	1.22
method	0.16	1.16
nevermind	0.16	1.51
involved	0.16	1.25
nicely	0.16	1.12
marine	0.16	1.06
vs	0.16	1.11
wo	0.16	2.23
burn	0.16	1.21
talked	0.16	2.28
walking	0.16	1.08
longer	0.16	1.74
happens	0.16	1.56
refuse	0.17	1.11
included	0.17	1.14
eventually	0.17	1.34
golden	0.17	1.00
originally	0.17	1.87
result	0.17	1.19
wish	0.17	1.91
masturbate	0.17	1.26
honest	0.17	1.18
busy	0.17	1.13
more	0.17	1.90
sentences	0.17	1.18
directly	0.17	1.11
defense	0.17	1.02
surgery	0.17	0.86
fox	0.17	1.08
scream	0.17	1.04
neighbor	0.17	1.20
apart	0.17	1.02
piano	0.17	1.21
also	0.17	2.53
thing	0.18	3.36
engineer	0.18	1.16
assuming	0.18	1.40
button	0.18	1.21
wife	0.18	1.28
began	0.18	1.38
9/11	0.18	0.99
mountain	0.18	1.16
back	0.18	1.62
sack	0.18	1.28
shirt	0.18	0.97
am	0.18	1.93
genuinely	0.18	1.40
nazi	0.18	1.06
perhaps	0.18	1.16
push	0.18	1.08
measure	0.18	1.07
built	0.18	1.26
strip	0.18	0.89
brand	0.19	1.05
engineers	0.19	1.14
pc	0.19	1.30
bills	0.19	1.14
services	0.19	1.14
numbers	0.19	1.26
finished	0.19	1.48
soldiers	0.19	1.07
insurance	0.19	1.04
waste	0.19	1.15
situation	0.19	1.09
tired	0.19	1.37
local	0.19	1.12
ol	0.20	1.21
regular	0.20	1.02
ride	0.20	1.23
depending	0.20	1.28
eaten	0.20	1.96
thoughts	0.20	1.01
opening	0.20	1.22
long	0.20	2.83
opened	0.20	1.25
track	0.20	1.27
easily	0.20	1.73
na	0.20	2.15
fellow	0.20	1.13
john	0.20	1.18
try	0.20	2.22
plane	0.20	1.00
suit	0.20	1.04
attitude	0.20	0.99
ate	0.20	1.09
reads	0.20	1.12
us	0.21	1.43
wide	0.21	1.23
allow	0.21	1.41
offer	0.21	1.00
give	0.21	1.70
battle	0.21	1.07
six	0.21	1.60
growing	0.21	1.28
above	0.21	1.16
removed	0.21	1.40
daughter	0.21	1.25
ahead	0.21	1.50
normally	0.21	1.25
article	0.21	1.45
tried	0.21	2.56
software	0.21	1.26
create	0.21	1.14
invented	0.21	1.12
lives	0.21	1.38
british	0.22	1.09
google	0.22	1.01
sometimes	0.22	1.51
continue	0.22	1.09
trained	0.22	1.20
went	0.22	1.52
3rd	0.22	1.76
four	0.22	1.63
events	0.22	1.31
anal	0.22	1.09
certain	0.22	1.21
fair	0.22	1.18
and/or	0.22	1.07
80	0.22	1.14
single	0.22	1.56
field	0.22	1.00
shut	0.22	1.17
look	0.22	2.07
classes	0.22	1.23
youre	0.22	1.40
crowd	0.22	1.18
bank	0.23	1.04
programmer	0.23	1.10
parents	0.23	1.32
but	0.23	2.41
hoping	0.23	1.34
letting	0.23	1.04
sadly	0.23	1.01
worry	0.23	2.07
dentist	0.23	0.97
screwed	0.23	1.34
flat	0.23	0.94
usual	0.23	1.25
jack	0.23	1.24
door	0.23	1.35
crash	0.23	1.03
hundreds	0.23	1.71
setting	0.23	1.03
space	0.24	0.96
professional	0.24	1.14
somehow	0.24	1.25
sense	0.24	2.02
probably	0.24	2.38
culture	0.24	1.21
ray	0.24	1.21
germany	0.24	1.17
different	0.24	2.02
future	0.24	1.17
grass	0.24	1.05
five	0.24	1.67
son	0.24	1.28
ends	0.24	1.24
points	0.24	1.43
from	0.24	1.71
linked	0.25	1.27
mother	0.25	1.22
option	0.25	1.31
main	0.25	1.12
few	0.25	1.80
subreddit	0.25	2.90
guard	0.25	0.91
wars	0.25	1.14
turned	0.25	1.16
2	0.25	1.53
gates	0.25	1.08
piss	0.25	1.12
cousin	0.25	1.26
1000	0.25	1.49
may	0.25	2.50
cowboy	0.25	1.36
bob	0.25	1.10
cat	0.25	1.06
been	0.25	3.48
its	0.25	1.80
referred	0.25	1.45
meh	0.25	1.27
again	0.25	2.34
second	0.26	1.79
oops	0.26	1.50
circumcision	0.26	1.07
guessed	0.26	1.37
1	0.26	1.27
arrest	0.26	1.06
rather	0.26	1.29
everywhere	0.26	0.99
guessing	0.26	1.77
8	0.26	1.45
dont	0.26	2.10
6	0.26	1.48
cant	0.27	1.76
detail	0.27	1.00
poster	0.27	1.23
family	0.27	1.31
reached	0.27	1.40
remember	0.27	2.48
dr	0.27	1.20
first	0.27	3.45
shorter	0.27	1.67
90	0.27	1.25
prostitute	0.27	1.08
implies	0.27	1.16
commercial	0.27	1.21
answers	0.27	1.49
tongue	0.27	1.10
answered	0.27	1.64
intelligent	0.27	1.01
bed	0.27	1.23
provide	0.28	1.19
plus	0.28	1.17
sunday	0.28	1.19
rest	0.28	1.81
friendly	0.28	1.02
kidding	0.28	1.53
wonderful	0.28	2.24
father	0.28	1.14
16	0.28	1.32
levels	0.28	1.47
currently	0.28	0.97
location	0.28	0.95
breaks	0.28	1.17
jim	0.28	1.13
head	0.28	1.35
woke	0.28	1.43
force	0.28	0.96
air	0.28	1.08
superior	0.29	1.05
much	0.29	1.95
stolen	0.29	1.68
highest	0.29	1.65
helped	0.29	1.13
personally	0.29	1.29
hmmm	0.29	1.11
chinese	0.29	0.99
managed	0.29	1.45
block	0.29	1.04
interview	0.29	1.22
girlfriend	0.29	1.16
sat	0.29	1.10
lift	0.29	1.52
london	0.29	1.08
passing	0.30	1.05
pope	0.30	1.16
number	0.30	1.37
wrote	0.30	1.93
higher	0.30	1.09
total	0.30	1.13
blowjob	0.30	1.18
repost	0.30	1.87
couple	0.30	1.81
whereas	0.30	1.13
books	0.30	1.43
hardly	0.30	1.17
listen	0.30	1.46
man	0.30	1.57
own	0.30	1.50
really	0.30	2.20
seriously	0.30	1.86
wear	0.30	0.98
7	0.30	1.48
zoo	0.30	1.07
lot	0.31	1.83
clothes	0.31	1.01
facebook	0.31	1.64
now	0.31	2.60
limit	0.31	1.21
hope	0.31	1.63
within	0.31	1.68
vote	0.32	1.24
spend	0.32	1.54
stood	0.32	1.21
eight	0.32	1.64
master	0.32	0.99
appear	0.32	1.11
sports	0.32	1.39
wan	0.32	1.74
electrician	0.32	1.12
11	0.32	1.26
chair	0.32	1.20
often	0.32	1.59
typically	0.32	0.88
multiple	0.32	1.68
per	0.32	1.34
ll	0.32	2.33
references	0.32	1.06
today	0.32	2.43
cream	0.32	0.84
speaks	0.32	1.17
thought	0.32	2.42
include	0.32	0.85
iphone	0.33	1.11
decision	0.33	1.02
restaurant	0.33	1.21
passed	0.33	1.33
promise	0.33	1.38
nailed	0.33	1.07
troll	0.33	1.26
sam	0.33	1.16
super	0.33	1.31
less	0.33	1.46
history	0.33	1.52
message	0.33	1.10
heavy	0.33	1.08
9	0.33	1.39
homosexual	0.33	1.22
here	0.33	2.36
comment	0.33	1.64
d	0.33	2.31
england	0.33	1.26
police	0.33	1.01
5	0.33	1.45
ad	0.33	1.07
40	0.33	1.28
lucky	0.33	1.24
taught	0.34	1.41
joke	0.34	2.39
complex	0.34	1.05
camp	0.34	0.93
ticket	0.34	1.13
younger	0.34	1.23
copy	0.34	1.41
canadians	0.34	1.24
sold	0.34	1.08
peter	0.34	1.10
conversation	0.34	1.21
always	0.34	3.46
plastic	0.34	1.05
new	0.34	1.58
chose	0.35	0.93
nuns	0.35	1.19
0	0.35	1.22
land	0.35	0.94
way	0.35	2.32
18	0.35	1.26
each	0.35	1.63
3	0.35	1.53
during	0.35	1.26
potential	0.35	1.28
won	0.35	1.66
time	0.35	2.80
ran	0.35	1.00
ten	0.35	1.63
em	0.35	1.46
rules	0.35	1.13
forgotten	0.36	1.92
fourth	0.36	1.52
described	0.36	1.52
debate	0.36	1.20
kim	0.36	1.05
better	0.36	2.05
hundred	0.36	1.56
sign	0.36	1.19
unexpected	0.36	0.97
myself	0.36	2.05
town	0.36	1.31
very	0.37	1.55
trouble	0.37	1.47
building	0.37	1.18
gf	0.37	1.12
25	0.37	1.26
fits	0.37	1.06
noticed	0.37	2.21
double	0.37	1.09
hears	0.37	1.24
scenario	0.37	1.32
until	0.37	1.90
terms	0.37	1.17
morning	0.37	1.18
twist	0.37	1.12
humour	0.38	1.32
exact	0.38	2.68
increase	0.38	1.17
bars	0.38	1.21
roof	0.38	0.98
among	0.38	1.16
times	0.38	2.33
deserve	0.38	1.20
dumbass	0.38	1.27
10	0.38	1.44
brothers	0.38	1.14
chief	0.38	1.06
prison	0.38	1.08
frequently	0.38	1.16
base	0.38	1.21
blow	0.38	1.22
twice	0.38	1.79
bird	0.38	1.04
sitting	0.38	1.07
dad	0.39	1.31
grab	0.39	1.18
discovered	0.39	1.88
attention	0.39	1.04
fake	0.39	1.00
thousand	0.39	1.54
since	0.39	3.38
bull	0.39	1.13
nowhere	0.39	1.06
blowing	0.39	1.23
mark	0.39	1.30
requires	0.39	1.10
figured	0.39	1.85
report	0.40	1.28
congratulations	0.40	1.40
pocket	0.40	1.07
honey	0.40	1.25
imaginary	0.40	1.15
addition	0.40	1.15
15	0.40	1.42
australia	0.40	1.06
record	0.40	1.37
idk	0.40	1.29
sin	0.40	1.04
speed	0.40	1.02
cash	0.40	1.14
below	0.41	1.24
string	0.41	1.14
positive	0.41	1.10
japanese	0.41	1.10
earlier	0.41	1.33
homeless	0.41	1.02
neck	0.41	1.14
edit	0.41	2.82
voting	0.41	1.01
solution	0.41	1.14
teller	0.41	1.01
original	0.41	1.97
considered	0.42	1.16
after	0.42	1.87
leader	0.42	1.00
bomb	0.42	1.05
unit	0.42	1.08
amount	0.42	1.03
material	0.42	1.17
2nd	0.42	1.53
rip	0.42	1.01
billy	0.43	1.05
broke	0.43	1.08
mouse	0.43	1.09
later	0.43	1.66
soviet	0.43	1.18
years	0.43	1.56
communism	0.43	1.05
wikipedia	0.43	1.07
logical	0.43	1.02
metric	0.43	1.08
laughing	0.43	1.79
realized	0.43	1.84
lose	0.43	1.24
sight	0.44	1.01
writing	0.44	1.60
dudes	0.44	1.31
standards	0.44	1.13
13	0.44	1.18
punctuation	0.44	1.40
board	0.44	1.05
300	0.44	1.29
information	0.44	0.98
link	0.44	1.30
enough	0.44	1.91
according	0.44	1.13
music	0.44	1.10
pee	0.44	0.98
shame	0.44	1.04
early	0.44	1.32
ways	0.44	1.66
such	0.44	1.61
audience	0.45	0.95
confirm	0.45	1.06
miles	0.45	1.18
mike	0.45	1.11
than	0.45	1.78
sister	0.45	1.11
energy	0.45	1.14
educated	0.45	1.10
bing	0.45	0.86
fan	0.45	1.32
m8	0.45	1.19
relevant	0.45	1.10
pure	0.45	0.99
sleeping	0.45	1.23
hello	0.46	1.30
created	0.46	1.06
split	0.46	1.24
uk	0.46	1.05
advice	0.46	1.10
actually	0.46	2.21
hmm	0.46	1.17
laughter	0.46	0.89
face	0.47	1.33
100	0.47	1.28
film	0.47	1.01
held	0.47	1.28
ordered	0.47	0.99
upvotes	0.47	1.31
trade	0.48	0.88
blew	0.48	1.13
chick	0.48	1.24
likely	0.48	1.42
loose	0.48	1.13
industry	0.48	1.02
ago	0.48	1.79
bits	0.48	1.19
eve	0.48	1.09
games	0.48	1.18
send	0.48	1.03
cell	0.48	0.94
pack	0.48	1.02
chickens	0.49	1.19
impressed	0.49	1.12
recommend	0.49	1.15
conclusion	0.49	0.88
becomes	0.49	1.10
4	0.49	1.40
lion	0.50	0.96
effort	0.50	1.37
suggest	0.50	0.85
club	0.50	1.45
load	0.50	1.04
17	0.50	1.18
round	0.50	0.94
minutes	0.50	1.72
former	0.50	0.87
french	0.50	1.15
every	0.51	2.14
20	0.51	1.48
swear	0.51	1.06
same	0.51	3.17
cup	0.51	1.55
format	0.51	1.13
caught	0.51	1.16
sake	0.51	0.84
spent	0.51	1.29
seconds	0.51	1.64
surprise	0.52	1.08
travel	0.52	1.21
lips	0.52	1.12
click	0.52	1.16
m	0.52	2.07
definition	0.52	1.43
comma	0.52	1.34
took	0.52	1.78
versions	0.52	1.91
roman	0.52	1.10
properly	0.52	1.35
mom	0.52	1.28
fairly	0.52	1.08
duh	0.52	1.09
nine	0.52	1.43
fully	0.52	1.08
talks	0.52	1.86
boyfriend	0.53	1.29
threw	0.53	0.99
whole	0.53	2.81
bowl	0.53	1.13
phone	0.53	1.07
jobs	0.53	1.27
finally	0.53	1.32
200	0.53	1.25
picture	0.53	1.05
tax	0.53	1.09
hes	0.53	1.13
speaker	0.53	1.30
accounts	0.53	1.27
pay	0.54	1.17
write	0.54	1.83
hi	0.54	1.35
apples	0.54	1.33
root	0.54	1.02
still	0.54	2.22
connection	0.54	1.12
only	0.54	3.25
imo	0.54	1.47
poorly	0.54	1.12
couch	0.54	1.12
ages	0.54	1.58
suppose	0.54	1.52
lived	0.54	1.46
month	0.54	1.89
ladies	0.54	1.21
especially	0.54	1.14
falling	0.54	1.31
russia	0.55	1.05
paid	0.55	1.07
60	0.55	1.28
next	0.55	1.66
pop	0.55	1.05
accept	0.55	0.88
fucking	0.55	1.46
sudden	0.55	0.90
wording	0.55	1.64
al	0.55	1.00
places	0.55	1.14
24	0.56	1.46
expected	0.56	1.30
erection	0.56	1.15
afford	0.56	1.13
bang	0.56	0.93
players	0.56	1.72
card	0.56	1.01
risky	0.57	0.95
mind	0.57	1.44
50	0.57	1.25
though	0.57	2.15
context	0.57	1.44
jackson	0.57	1.23
fuck	0.58	1.88
checked	0.58	1.23
please	0.58	1.78
de	0.58	1.14
falls	0.58	0.93
sigh	0.58	1.25
captain	0.58	1.05
aka	0.58	1.04
scottish	0.58	1.12
year	0.58	1.55
party	0.58	1.12
porn	0.58	0.85
understood	0.58	1.65
refers	0.58	1.51
solid	0.58	0.95
likes	0.59	2.11
adam	0.59	1.01
19	0.59	1.26
frankly	0.59	1.22
bass	0.59	2.24
bill	0.59	1.20
southern	0.59	1.07
form	0.59	1.15
length	0.59	1.10
million	0.60	1.32
week	0.60	1.85
native	0.60	1.19
clear	0.60	1.03
as	0.60	2.33
business	0.60	1.02
sick	0.60	1.13
punchline	0.60	1.75
nose	0.60	1.10
stands	0.60	1.02
translated	0.60	1.38
uncle	0.60	1.33
our	0.60	2.45
awhile	0.61	2.89
least	0.61	2.17
mix	0.61	1.01
speak	0.61	1.34
shits	0.61	0.85
korea	0.62	1.02
spanish	0.62	1.22
bible	0.62	1.00
square	0.62	0.96
watching	0.62	1.19
favorite	0.62	2.62
bud	0.62	1.15
confirmed	0.62	1.08
perspective	0.62	1.21
must	0.62	2.30
airplane	0.62	0.84
game	0.62	1.22
account	0.62	1.34
beach	0.62	0.85
credit	0.62	1.06
text	0.62	1.42
slang	0.63	1.37
differently	0.63	1.32
bucks	0.63	1.34
anyways	0.63	1.09
money	0.63	1.37
bone	0.63	1.21
cost	0.63	1.02
accent	0.63	1.23
michael	0.63	1.15
e.g	0.64	1.34
fix	0.64	1.51
world	0.64	2.93
wise	0.64	0.96
days	0.64	1.68
names	0.64	1.52
bonus	0.64	0.89
speaking	0.65	1.27
reposting	0.65	1.55
dollars	0.65	1.37
german	0.65	1.23
phrase	0.65	1.59
gt	0.65	1.53
check	0.65	1.36
george	0.65	1.32
holds	0.65	1.00
mum	0.65	1.21
usa	0.66	1.39
drugs	0.66	1.05
didnt	0.66	1.67
weeks	0.66	1.62
500	0.66	1.26
president	0.66	1.03
silent	0.66	1.26
engine	0.66	0.87
st	0.66	1.10
steal	0.66	1.15
spoiler	0.66	1.09
paying	0.67	1.08
checking	0.67	1.10
last	0.67	2.02
slightly	0.67	1.36
wtf	0.67	1.22
merely	0.67	1.96
russian	0.68	1.37
fag	0.68	1.16
gorilla	0.68	1.03
refer	0.68	1.22
user	0.68	1.08
sentence	0.68	1.49
excuse	0.68	1.08
popular	0.68	0.97
ending	0.68	1.34
favourite	0.68	2.53
match	0.68	1.09
deep	0.68	1.39
security	0.69	1.20
yours	0.69	1.49
position	0.69	0.92
tone	0.69	1.14
successful	0.69	1.05
chance	0.69	1.25
written	0.69	2.06
too	0.70	1.99
mirror	0.70	1.07
eli5	0.70	1.20
i.e	0.70	1.69
dinner	0.70	0.92
hours	0.70	1.68
sound	0.70	1.40
minute	0.70	1.66
snap	0.70	1.33
obama	0.71	1.11
stole	0.71	0.87
reach	0.71	0.97
letters	0.71	1.27
player	0.71	1.49
far	0.71	2.58
prefer	0.71	1.35
another	0.72	2.74
ho	0.72	1.08
song	0.72	1.13
hour	0.72	1.49
summer	0.72	0.94
surely	0.72	1.07
yay	0.72	0.92
edited	0.72	1.38
ops	0.72	1.47
scene	0.72	1.06
liar	0.72	0.88
ta	0.72	1.60
votes	0.72	0.94
languages	0.72	1.34
comic	0.72	1.18
translate	0.73	1.43
nope	0.73	1.32
series	0.73	1.03
testicles	0.73	1.18
hard	0.73	1.73
pronounced	0.73	1.65
dollar	0.73	1.11
past	0.73	1.31
worth	0.74	1.30
brother	0.74	1.08
typed	0.74	1.59
outta	0.75	1.36
seven	0.75	1.49
draw	0.75	1.01
bike	0.75	1.00
normal	0.75	0.93
ouch	0.75	1.08
30	0.76	1.27
congrats	0.76	2.16
greek	0.76	1.37
learn	0.77	1.40
x	0.77	1.09
nigger	0.77	1.88
sucks	0.78	1.86
wait	0.78	2.09
twenty	0.78	2.53
book	0.78	1.29
decent	0.78	1.06
apologies	0.79	1.15
ancient	0.79	1.06
spoken	0.79	1.69
tv	0.80	1.07
fucked	0.80	1.37
trip	0.80	1.06
gave	0.80	1.21
sun	0.80	1.08
describe	0.80	1.56
pics	0.81	1.09
lt	0.81	1.08
sucked	0.81	1.22
india	0.81	0.96
til	0.81	1.00
weekend	0.81	1.21
hero	0.82	1.89
r	0.82	1.28
present	0.82	1.01
months	0.82	1.44
spoke	0.82	1.21
guess	0.82	2.23
latin	0.82	1.27
out	0.82	1.49
horses	0.83	1.10
guns	0.83	1.05
river	0.83	1.20
da	0.83	0.98
tomorrow	0.83	1.03
um	0.83	1.08
beats	0.83	0.82
learned	0.83	1.45
dat	0.84	1.02
friday	0.84	1.10
letter	0.84	1.38
company	0.84	1.00
dare	0.84	0.86
source	0.85	1.18
reaction	0.85	1.06
season	0.85	1.20
insert	0.85	0.89
ill	0.85	1.27
night	0.86	1.24
uses	0.86	1.59
at	0.86	2.07
tries	0.86	1.84
rice	0.86	0.82
worked	0.87	2.61
meaning	0.87	1.44
play	0.87	1.32
v	0.87	1.18
hence	0.87	0.98
ai	0.87	1.22
national	0.88	2.23
certainly	0.88	1.24
response	0.88	1.21
image	0.89	0.87
system	0.89	1.21
moment	0.90	1.18
wake	0.90	1.08
golf	0.90	1.07
cheap	0.90	1.48
simply	0.91	2.23
team	0.91	2.33
checks	0.91	1.05
n	0.91	1.21
show	0.91	1.28
real	0.92	2.63
paul	0.92	1.03
yesterday	0.92	1.49
term	0.92	1.53
la	0.92	1.11
error	0.92	1.25
messed	0.92	2.15
commonly	0.93	1.41
version	0.93	2.72
k	0.93	1.19
cheesy	0.93	1.79
un	0.93	1.10
service	0.93	0.96
online	0.93	0.97
stroke	0.94	1.02
boo	0.94	1.11
one	0.94	2.96
king	0.95	1.03
incorrect	0.95	2.36
fuckin	0.95	0.92
pm	0.96	1.25
possible	0.96	2.17
language	0.96	1.39
friend	0.97	1.31
typo	0.97	1.21
boom	0.97	0.85
translation	0.98	1.01
smile	0.98	1.19
delicious	0.98	1.92
me	0.98	1.63
l	0.98	1.20
crazy	0.98	1.63
pronounce	0.98	1.66
j	0.98	1.15
dig	0.99	1.24
told	0.99	2.66
e	1.00	1.26
spell	1.00	1.70
internet	1.00	1.05
b	1.00	1.27
survive	1.00	1.64
done	1.00	2.28
t	1.00	1.25
formatting	1.00	1.33
f	1.00	1.22
g	1.01	1.23
drove	1.01	1.08
setup	1.02	1.09
brilliant	1.02	1.17
recall	1.02	0.95
star	1.02	0.85
damnit	1.02	1.42
career	1.02	0.91
woah	1.02	1.20
pays	1.03	1.77
luck	1.03	1.17
useful	1.03	0.88
explanation	1.03	1.32
further	1.04	1.07
watched	1.04	1.11
variation	1.05	2.06
amp	1.05	1.23
info	1.05	1.01
glorious	1.06	0.88
o	1.06	1.25
answer	1.07	2.37
grandpa	1.07	0.96
fixed	1.07	1.30
delivered	1.08	1.20
episode	1.08	1.03
watch	1.08	1.06
english	1.09	1.49
explaining	1.09	1.39
life	1.09	2.43
previous	1.10	1.53
friends	1.10	2.24
impressive	1.10	0.92
well	1.10	2.02
my	1.11	1.10
works	1.12	2.64
singing	1.12	1.10
premise	1.12	1.43
similar	1.13	2.29
football	1.13	2.16
despite	1.13	1.55
nazis	1.14	1.72
penguin	1.14	0.96
h	1.14	1.20
w	1.15	1.22
some	1.15	2.13
hat	1.15	0.86
wut	1.16	0.97
living	1.16	1.44
grandma	1.16	0.90
dammit	1.16	2.28
aware	1.17	1.39
jesus	1.17	1.10
mine	1.18	1.86
washington	1.18	1.91
alternative	1.18	1.53
eh	1.19	1.34
p	1.19	1.38
fool	1.19	1.30
final	1.20	1.73
stories	1.20	1.82
offensive	1.20	1.71
delivery	1.20	1.16
although	1.20	1.06
lazy	1.21	1.49
crack	1.21	1.38
implying	1.21	1.77
obvious	1.21	1.79
confused	1.21	1.89
hungry	1.21	1.71
parking	1.22	1.51
acceptable	1.23	1.99
evening	1.23	0.97
suggestion	1.23	0.93
grammar	1.24	2.29
y	1.24	1.19
forgive	1.24	1.40
name	1.24	2.15
redneck	1.25	1.49
league	1.25	2.13
using	1.26	2.17
soon	1.27	1.56
story	1.29	1.61
69	1.29	1.62
particular	1.30	1.93
cringe	1.30	1.24
approve	1.30	1.29
for	1.30	1.56
sarcasm	1.30	1.30
reference	1.32	1.32
harder	1.32	1.49
voice	1.32	1.86
pair	1.32	1.62
cutting	1.33	1.61
meta	1.33	1.09
riding	1.34	1.87
clap	1.35	1.03
cover	1.35	1.51
shared	1.35	1.71
pretty	1.37	1.64
ahh	1.37	1.32
accepted	1.38	1.87
comedy	1.38	1.56
cheers	1.39	0.91
deal	1.39	1.74
hearing	1.40	1.72
accurate	1.41	1.70
corrected	1.41	1.85
alright	1.41	1.64
pie	1.42	1.42
hey	1.43	1.70
deserves	1.44	1.28
im	1.44	1.64
deaf	1.45	1.41
hung	1.45	1.82
plural	1.45	2.05
reasonable	1.45	1.67
throws	1.47	1.44
customer	1.49	1.61
genius	1.49	1.09
wit	1.49	1.37
closer	1.49	1.95
movie	1.50	1.53
hehe	1.50	1.46
patrick	1.50	1.45
tits	1.51	1.73
therefore	1.51	1.75
hahahaha	1.51	2.16
barely	1.51	1.11
god	1.51	1.14
quickly	1.52	1.48
appropriate	1.52	1.62
christ	1.52	1.19
yeah	1.52	2.02
r/antijokes	1.53	1.12
ya	1.54	1.52
word	1.55	2.31
china	1.55	1.43
whoa	1.55	1.28
comparison	1.56	1.46
confusing	1.56	1.54
excellent	1.57	1.00
perfectly	1.57	1.54
youtube	1.57	1.56
stranger	1.57	0.85
video	1.58	1.52
job	1.59	1.29
proud	1.59	1.89
ftfy	1.60	1.31
words	1.61	2.23
technically	1.61	1.77
spelling	1.61	2.21
chill	1.61	1.22
fell	1.62	1.49
u	1.62	1.30
faggot	1.63	1.63
agreed	1.63	1.24
dictionary	1.64	2.23
quick	1.65	1.40
knees	1.66	1.63
secret	1.66	1.53
mate	1.66	1.12
classic	1.67	1.26
use	1.67	2.16
calm	1.67	1.15
used	1.67	2.22
ur	1.68	1.23
starting	1.68	1.70
park	1.69	1.31
died	1.69	1.37
pls	1.70	1.10
disappointed	1.70	1.24
flies	1.71	1.33
meal	1.71	1.55
training	1.74	1.46
dum	1.75	1.00
clever	1.76	1.74
correctly	1.76	1.95
existed	1.76	1.98
potato	1.78	1.59
groan	1.78	1.76
doubt	1.78	1.33
feeling	1.79	1.72
valid	1.79	1.65
however	1.80	1.91
usage	1.81	2.13
key	1.81	1.33
holy	1.81	1.58
tip	1.82	0.86
whoosh	1.82	1.71
proper	1.84	2.01
pointed	1.86	1.59
sky	1.87	1.58
belongs	1.88	1.48
laugh	1.88	1.43
lost	1.88	1.54
omg	1.88	1.20
win	1.89	1.65
uh	1.89	1.34
imagine	1.90	1.32
interesting	1.90	1.27
common	1.90	1.96
totally	1.91	1.43
slow	1.91	1.03
pronunciation	1.92	1.91
parties	1.94	1.68
btw	1.94	1.41
wont	1.95	1.61
asleep	1.96	1.68
surprised	1.96	1.78
unfortunately	1.96	1.56
spot	1.96	1.53
c	1.98	1.74
grandfather	1.99	1.33
hook	1.99	1.54
medium	2.01	1.25
fun	2.02	1.77
grandmother	2.02	1.22
example	2.05	1.69
agree	2.05	1.77
welcome	2.06	1.08
comfortable	2.07	1.25
great	2.07	1.92
perfect	2.12	1.29
indeed	2.12	1.13
op	2.13	1.45
legit	2.13	1.56
bet	2.14	1.58
gif	2.14	1.14
bravo	2.16	0.99
share	2.19	1.33
needed	2.20	1.06
ba	2.21	1.04
fishing	2.22	1.33
good	2.24	1.70
gold	2.25	1.27
cake	2.28	1.27
christmas	2.30	1.31
day	2.34	1.76
standard	2.34	1.17
upvote	2.37	1.26
cracked	2.37	1.43
dunno	2.37	1.53
wat	2.38	1.52
reminds	2.38	1.51
glad	2.40	1.63
enjoy	2.43	1.28
tho	2.44	1.42
birthday	2.45	1.33
buddy	2.45	1.25
ah	2.47	1.26
lmao	2.47	1.32
meme	2.47	1.27
lord	2.47	0.88
thats	2.49	1.77
damn	2.52	1.73
mr	2.52	0.95
chuckled	2.54	1.67
huh	2.56	1.08
rekt	2.57	1.62
r/dadjokes	2.57	1.61
ok	2.59	1.85
okay	2.62	1.82
forgot	2.65	1.35
le	2.66	1.14
dear	2.67	1.01
yea	2.68	1.57
nah	2.69	1.52
loud	2.70	1.43
username	2.72	1.24
laughed	2.73	1.53
10/10	2.74	0.82
cool	2.79	1.63
reminded	2.79	1.38
wow	2.80	1.57
sharing	2.81	0.65
played	2.81	1.04
liked	2.81	0.80
oh	2.83	1.49
ohhh	2.87	1.49
fedora	2.88	0.77
hah	2.95	1.46
fine	2.99	1.17
tips	3.04	0.83
stealing	3.06	0.78
dude	3.08	1.60
hahaha	3.11	1.61
bro	3.12	1.58
enjoyed	3.13	0.80
definitely	3.13	1.38
thanks	3.15	1.33
redditor	3.15	0.82
ha	3.18	1.49
xd	3.20	1.16
chuckle	3.25	1.30
sir	3.25	0.75
lol	3.46	1.50
haha	3.47	1.51
appreciate	3.51	0.63
thank	3.61	0.74
