vile	-4.10	0.41
hateful	-3.67	0.72
evil	-3.61	0.78
reprehensible	-3.53	1.08
abhorrent	-3.51	1.08
bigoted	-3.42	0.75
despicable	-3.39	1.09
responsible	-3.26	0.98
acts	-3.24	1.06
such	-3.22	1.04
disgusting	-3.19	1.15
shitty	-3.16	1.33
sorts	-3.14	0.77
monsters	-3.09	1.06
human	-3.07	1.34
violent	-3.07	1.10
blamed	-3.05	1.16
beings	-3.03	1.27
complained	-2.93	1.28
committed	-2.93	1.24
spewing	-2.92	0.99
gays	-2.91	1.32
anonymous	-2.90	1.27
unacceptable	-2.85	0.80
filled	-2.83	1.13
spew	-2.83	1.05
condemned	-2.82	1.44
vicious	-2.80	1.08
vitriol	-2.79	1.21
harassers	-2.79	1.10
behaviour	-2.76	0.90
absolute	-2.73	0.81
behavior	-2.70	0.87
rude	-2.69	1.29
criticized	-2.66	1.74
reactionary	-2.66	1.25
messages	-2.63	1.78
garbage	-2.62	0.65
scum	-2.60	0.53
immoral	-2.58	0.90
hitler	-2.58	1.34
crappy	-2.58	1.41
tweets	-2.58	1.81
universally	-2.57	1.63
racist	-2.57	0.56
mocked	-2.57	1.82
bankrupt	-2.54	1.37
questionable	-2.51	0.99
rightly	-2.50	1.81
bigots	-2.50	0.57
hypocritical	-2.49	0.76
attacked	-2.48	1.79
transphobic	-2.47	0.62
mob	-2.47	1.41
morally	-2.47	1.04
misogynistic	-2.45	0.56
widely	-2.45	1.72
excuse	-2.45	1.36
calls	-2.42	1.76
bad	-2.41	1.47
supports	-2.40	1.77
worse	-2.40	1.32
sexist	-2.39	0.61
directed	-2.39	1.52
crap	-2.38	1.09
homophobic	-2.38	0.65
bigot	-2.37	0.61
type	-2.36	1.28
disagrees	-2.35	1.84
list	-2.35	1.49
remarks	-2.34	1.57
believes	-2.33	1.94
unprofessional	-2.33	0.77
hating	-2.32	0.56
supported	-2.32	1.67
identifies	-2.30	1.91
racists	-2.28	0.56
replies	-2.27	2.03
shady	-2.27	0.99
represents	-2.25	1.79
says	-2.25	2.15
stupid	-2.25	1.66
unethical	-2.24	0.95
painted	-2.24	0.57
labeled	-2.24	0.55
talks	-2.23	2.08
trash	-2.22	0.72
ugly	-2.22	1.16
ridiculous	-2.21	1.61
condone	-2.20	0.82
disagreed	-2.20	1.66
crimes	-2.20	0.95
commit	-2.20	0.86
thinks	-2.19	2.14
sees	-2.19	2.12
terrorists	-2.18	0.62
killed	-2.18	1.75
anger	-2.17	1.63
rest	-2.16	1.49
branded	-2.15	0.59
everybody	-2.15	2.13
gross	-2.15	1.31
shitlords	-2.15	0.60
actions	-2.15	0.82
speaks	-2.14	1.95
called	-2.13	0.62
belongs	-2.12	1.95
tells	-2.10	2.17
rapists	-2.09	0.64
hatred	-2.09	1.72
misogynist	-2.09	0.61
spout	-2.09	0.80
sexists	-2.09	0.60
against	-2.09	1.72
excuses	-2.08	1.01
rage	-2.08	1.65
full	-2.08	1.44
haters	-2.08	0.62
manipulative	-2.08	0.81
objectionable	-2.08	1.67
spreading	-2.07	1.63
knows	-2.07	2.30
labelled	-2.06	0.62
smeared	-2.06	1.00
misogynists	-2.03	0.61
crime	-2.01	0.96
committing	-2.00	0.95
shock	-1.99	1.44
intentions	-1.98	1.36
poor	-1.98	1.44
rhetoric	-1.97	0.88
pile	-1.97	0.72
shootings	-1.96	0.82
violence	-1.96	0.82
toxic	-1.95	0.74
spouting	-1.94	0.84
bullshit	-1.93	0.85
terrorism	-1.93	0.83
nazis	-1.92	0.70
condemn	-1.91	0.85
cares	-1.91	2.28
arrogant	-1.90	0.93
rapist	-1.90	0.67
incompetent	-1.90	1.87
aggressive	-1.90	0.84
bs	-1.89	0.80
shamed	-1.89	1.26
slandered	-1.89	1.09
harasser	-1.89	0.65
ebola	-1.89	0.75
cis	-1.88	0.65
isis	-1.86	0.71
oppressive	-1.86	0.74
humanity	-1.85	1.38
dismissive	-1.84	0.96
rejected	-1.84	1.30
heat	-1.84	1.85
act	-1.84	0.98
destructive	-1.84	0.86
analogy	-1.83	1.52
offensive	-1.83	1.08
ignorant	-1.83	1.17
nonsense	-1.82	0.86
attitudes	-1.82	0.78
obnoxious	-1.82	0.94
punished	-1.81	0.88
deemed	-1.81	0.94
condemning	-1.81	0.93
unfairly	-1.80	0.94
shits	-1.80	1.74
despise	-1.80	1.82
stood	-1.80	1.83
inherently	-1.80	1.85
practice	-1.80	0.87
kkk	-1.79	0.71
equally	-1.79	0.94
clickbait	-1.78	0.88
condescending	-1.78	0.97
literal	-1.78	0.71
practices	-1.78	0.98
record	-1.78	1.55
terrorist	-1.77	0.67
liars	-1.77	0.97
neckbeards	-1.76	0.78
irrational	-1.76	1.05
treated	-1.76	0.92
finds	-1.76	1.55
calling	-1.76	0.80
insults	-1.75	0.96
dismissed	-1.75	1.17
activities	-1.75	0.94
mra	-1.74	0.73
misinformation	-1.73	1.83
justified	-1.72	1.92
ultimate	-1.72	1.60
criminal	-1.71	1.01
usual	-1.71	0.85
murder	-1.71	0.78
bitter	-1.71	1.75
unity	-1.70	1.55
planet	-1.70	1.25
ethically	-1.70	1.17
slurs	-1.70	0.89
righteous	-1.69	0.92
disrespectful	-1.68	1.04
threatening	-1.68	0.98
silenced	-1.68	1.20
censored	-1.67	1.29
mess	-1.67	1.68
abusive	-1.67	0.84
bullied	-1.66	1.24
behaviors	-1.66	0.91
attitude	-1.66	0.89
mras	-1.65	0.74
denounce	-1.65	0.97
fear	-1.65	1.90
defended	-1.65	1.10
neckbeard	-1.64	0.79
harmful	-1.64	1.06
mixed	-1.64	1.72
similar	-1.64	1.06
jews	-1.64	0.74
patriarchal	-1.63	0.72
utter	-1.63	0.86
harassed	-1.63	1.33
nerds	-1.63	0.81
illegal	-1.63	1.06
viewed	-1.62	1.00
lying	-1.62	2.12
considers	-1.61	1.78
childish	-1.60	1.17
insulted	-1.59	1.40
virgin	-1.59	0.82
naive	-1.58	1.87
nazi	-1.57	0.77
basement	-1.57	0.82
ignored	-1.57	1.30
glorified	-1.57	0.94
towards	-1.57	1.05
bullies	-1.57	0.76
passive	-1.57	1.00
humans	-1.56	0.80
blame	-1.55	1.16
individual	-1.55	1.03
loser	-1.55	0.83
shocking	-1.54	1.52
negativity	-1.54	1.17
problematic	-1.54	0.98
hostile	-1.54	0.96
death	-1.53	0.99
bunch	-1.53	0.86
accountable	-1.53	0.97
sends	-1.53	1.16
kinds	-1.53	1.08
blaming	-1.52	0.99
domestic	-1.52	0.94
being	-1.52	1.33
writes	-1.52	1.61
labeling	-1.52	0.89
decry	-1.51	1.00
passion	-1.51	1.88
threats	-1.51	1.01
insulting	-1.51	1.06
gamergaters	-1.50	0.90
largest	-1.50	1.88
utterly	-1.50	1.31
jon	-1.50	1.68
justify	-1.49	1.39
threatened	-1.48	1.15
jerks	-1.48	0.90
treat	-1.48	1.06
blacks	-1.47	0.73
lied	-1.47	1.30
individuals	-1.47	0.98
marginalized	-1.47	1.20
fools	-1.46	1.11
everywhere	-1.46	1.26
narcissistic	-1.46	1.04
load	-1.46	0.91
assholes	-1.46	0.91
everyone	-1.44	2.27
lesser	-1.43	1.04
toward	-1.43	0.99
disingenuous	-1.43	1.54
mentality	-1.42	1.03
treating	-1.42	1.05
hypocrites	-1.42	0.95
harrassment	-1.42	0.96
patriarchy	-1.42	0.85
fat	-1.42	0.89
literally	-1.42	1.47
dishonest	-1.42	1.64
broken	-1.41	1.77
desperate	-1.41	2.07
hostility	-1.41	1.08
buys	-1.41	1.98
frankly	-1.40	2.01
inflammatory	-1.40	1.20
supporting	-1.40	1.18
decency	-1.40	0.95
losers	-1.40	0.89
harassment	-1.40	0.97
retarded	-1.40	1.76
awkward	-1.39	1.19
paint	-1.39	0.90
cp	-1.39	0.91
pure	-1.39	1.07
downright	-1.39	1.19
autistic	-1.39	0.96
accused	-1.39	1.01
embarrassing	-1.38	1.64
corrupt	-1.37	1.02
masculinity	-1.37	0.86
hyperbolic	-1.37	1.05
raging	-1.37	0.89
fraud	-1.37	1.09
genocide	-1.36	0.84
spite	-1.36	1.14
nature	-1.36	1.11
attacks	-1.36	1.06
smug	-1.35	1.01
contain	-1.35	1.05
liking	-1.35	1.96
victims	-1.35	0.94
generalizations	-1.34	1.13
hard	-1.34	2.17
acting	-1.34	1.06
unreasonable	-1.33	1.42
petty	-1.33	1.23
nerd	-1.33	0.89
follows	-1.33	1.50
repeatedly	-1.33	1.38
pedophiles	-1.32	0.78
falsely	-1.32	0.94
guilty	-1.32	1.12
holds	-1.32	1.59
malice	-1.32	1.24
charge	-1.32	0.99
its	-1.32	2.22
beaten	-1.32	1.27
rape	-1.32	0.88
thrown	-1.32	1.23
untrue	-1.31	2.38
denouncing	-1.31	1.12
justification	-1.31	1.20
holocaust	-1.31	0.93
respect	-1.31	1.08
comparing	-1.30	0.84
targeted	-1.30	1.09
spoke	-1.30	1.39
depressed	-1.30	2.11
compare	-1.30	1.09
disagreeing	-1.29	1.50
whites	-1.29	0.81
support	-1.29	1.64
poc	-1.28	0.79
arrested	-1.28	0.99
baseless	-1.28	1.27
anti-feminist	-1.28	0.92
contempt	-1.28	1.06
reads	-1.28	1.67
malicious	-1.27	1.52
oppose	-1.27	1.42
uninformed	-1.27	1.57
agrees	-1.27	2.67
secretly	-1.27	0.88
certain	-1.27	1.20
blanket	-1.27	1.14
decides	-1.27	1.95
asks	-1.26	1.89
defending	-1.26	1.40
jail	-1.26	1.01
treats	-1.26	0.95
reminded	-1.25	1.92
suicide	-1.25	0.96
worthless	-1.25	1.39
runs	-1.25	1.56
accepted	-1.25	1.30
patrol	-1.25	0.98
uses	-1.24	1.43
declared	-1.24	1.08
brush	-1.24	0.91
doxxing	-1.24	1.02
various	-1.24	1.20
acted	-1.23	0.98
minorities	-1.23	0.81
interact	-1.23	1.23
stereotype	-1.23	0.97
tabloid	-1.23	0.90
misinformed	-1.23	1.65
spread	-1.23	1.33
complete	-1.23	0.88
comparison	-1.22	1.06
pretentious	-1.22	1.02
reported	-1.22	0.99
sent	-1.22	1.18
frustration	-1.22	1.33
racism	-1.21	1.03
outrage	-1.21	1.09
normal	-1.21	1.14
empathy	-1.21	1.00
referred	-1.20	1.15
prison	-1.20	1.03
covers	-1.20	1.67
fundamentally	-1.20	2.28
trolls	-1.20	0.98
apples	-1.20	1.09
slur	-1.19	0.98
oppressing	-1.19	0.87
those	-1.19	1.40
reaction	-1.18	1.26
stands	-1.18	1.43
lies	-1.18	1.32
deserves	-1.18	1.15
immature	-1.18	1.21
prejudice	-1.18	1.11
unfortunate	-1.18	2.22
sexism	-1.17	1.16
including	-1.17	1.12
laughable	-1.17	1.81
identified	-1.17	1.28
these	-1.17	1.20
dismiss	-1.17	1.26
react	-1.17	1.36
reject	-1.17	1.42
reactions	-1.17	1.23
blocklist	-1.17	0.94
denied	-1.17	1.42
endorse	-1.17	1.40
idiotic	-1.17	1.34
truly	-1.17	1.90
innocent	-1.17	0.90
gendered	-1.17	0.95
rights	-1.17	1.03
dragged	-1.17	1.19
mail	-1.16	1.09
advocating	-1.16	1.31
doxing	-1.16	1.03
consequence	-1.16	1.07
no-one	-1.16	1.85
investigated	-1.16	1.09
misrepresented	-1.16	1.37
e-mails	-1.15	1.39
anybody	-1.15	2.21
natural	-1.14	1.12
angry	-1.14	1.98
hyperbole	-1.14	1.09
mindset	-1.14	1.25
sucked	-1.14	1.81
sending	-1.14	1.25
doxxed	-1.14	1.09
ridicule	-1.13	0.94
nobody	-1.13	2.26
different	-1.13	1.18
paints	-1.13	1.11
represent	-1.13	1.27
bigotry	-1.13	1.07
pays	-1.12	1.68
propaganda	-1.12	1.09
manipulated	-1.12	1.19
vulnerable	-1.12	1.09
tone	-1.12	1.15
intellectually	-1.12	1.68
dangerous	-1.12	1.09
gamers	-1.12	0.89
leads	-1.11	1.12
threat	-1.11	1.07
mentions	-1.11	1.58
plain	-1.11	1.35
lazy	-1.11	1.41
negative	-1.11	1.05
brings	-1.11	1.46
abuse	-1.10	0.98
blacklisted	-1.10	1.36
comparable	-1.10	1.04
communist	-1.10	0.95
causing	-1.10	1.13
recognized	-1.10	1.21
writing	-1.10	1.24
outright	-1.10	1.71
send	-1.10	1.27
buzzwords	-1.09	1.12
blocking	-1.09	0.97
blocked	-1.09	0.97
right-wing	-1.09	1.26
e-mail	-1.09	1.16
discrimination	-1.09	1.12
rates	-1.09	1.05
capitalist	-1.09	1.10
white	-1.08	0.85
promotes	-1.08	0.99
inappropriate	-1.08	1.10
useless	-1.08	1.49
camps	-1.08	1.00
abused	-1.07	1.09
invalid	-1.07	2.45
charges	-1.07	1.16
shitlord	-1.07	0.91
compared	-1.07	1.07
repeating	-1.06	1.62
questioned	-1.06	1.33
pointless	-1.06	1.48
racial	-1.05	0.95
inherent	-1.05	1.04
brainwashed	-1.05	1.28
unpopular	-1.05	1.35
stereotypes	-1.05	1.01
alleged	-1.05	1.09
supporters	-1.05	1.22
held	-1.05	1.16
understanding	-1.05	1.20
hilariously	-1.05	1.55
flash	-1.05	1.04
misguided	-1.05	1.42
emails	-1.04	1.36
disagree	-1.04	2.58
pushes	-1.04	1.32
received	-1.04	1.14
else	-1.04	2.49
understands	-1.04	2.74
loses	-1.04	1.70
nepotism	-1.04	1.05
constantly	-1.04	1.39
unfair	-1.04	1.48
ignorance	-1.03	1.35
transgender	-1.03	0.95
rabid	-1.03	1.00
material	-1.03	1.19
unknown	-1.03	0.96
exposing	-1.03	1.12
igda	-1.02	0.94
collectively	-1.02	1.18
makes	-1.02	2.34
therefore	-1.02	1.73
contributing	-1.02	1.21
society	-1.02	0.95
deserved	-1.01	1.34
witch	-1.01	1.08
privileged	-1.01	0.88
assault	-1.01	0.99
feels	-1.01	2.41
willfully	-1.01	1.81
somehow	-1.00	2.34
morons	-1.00	1.18
disagreement	-1.00	1.39
accounts	-1.00	1.30
weird	-1.00	2.16
sexual	-1.00	0.99
acceptable	-1.00	1.10
exclude	-1.00	1.25
harassing	-1.00	1.15
responsibility	-0.99	1.19
mailing	-0.99	0.97
objects	-0.99	0.93
backs	-0.99	1.28
journo	-0.99	0.90
associated	-0.99	1.16
trans	-0.99	0.93
pity	-0.99	1.06
label	-0.99	1.29
stays	-0.99	1.62
socially	-0.98	1.21
perceive	-0.98	1.50
automatically	-0.98	1.77
shallow	-0.98	1.39
everything	-0.97	2.37
women	-0.97	0.92
openly	-0.97	1.42
panic	-0.97	1.26
email	-0.97	1.20
oppressed	-0.97	0.98
cheap	-0.97	1.08
associating	-0.97	1.16
harsh	-0.96	1.23
retweet	-0.96	1.44
revenge	-0.96	1.12
promoted	-0.96	1.02
injustice	-0.96	1.23
cronyism	-0.96	1.07
moron	-0.95	1.27
broad	-0.95	1.09
identifying	-0.95	1.21
folk	-0.95	1.07
previously	-0.94	1.65
idiots	-0.94	1.25
blacklist	-0.94	0.95
slander	-0.94	1.27
circumstances	-0.94	1.47
wins	-0.94	1.50
charged	-0.94	1.18
criticize	-0.94	1.77
drama	-0.93	1.20
misrepresentation	-0.93	1.59
block	-0.93	1.04
accusations	-0.93	1.36
letters	-0.93	1.27
liar	-0.93	1.24
describes	-0.93	1.61
whereas	-0.92	1.08
attacking	-0.92	1.51
germany	-0.92	0.96
hide	-0.92	1.42
meaningless	-0.92	1.33
anti-gamer	-0.92	1.21
gas	-0.92	0.96
pain	-0.92	1.24
naturally	-0.92	1.38
random	-0.91	1.24
scam	-0.91	1.29
internet	-0.91	1.25
letter	-0.91	1.26
misogyny	-0.91	1.06
bots	-0.91	1.22
marriage	-0.90	1.39
basic	-0.90	1.18
agreeing	-0.90	1.73
represented	-0.90	1.03
swatting	-0.90	1.09
colluding	-0.90	0.98
commonly	-0.90	1.28
animals	-0.90	0.93
opposing	-0.89	1.50
bullying	-0.89	1.07
twitter	-0.89	1.28
ultimately	-0.89	1.39
abuser	-0.89	1.10
painting	-0.89	1.08
immune	-0.89	2.35
superiority	-0.89	1.25
receiving	-0.89	1.32
insult	-0.89	1.14
types	-0.88	1.22
dissenting	-0.88	1.32
fed	-0.88	1.15
tweeting	-0.88	1.60
heavily	-0.88	1.36
misandry	-0.88	1.06
annoying	-0.88	2.06
instantly	-0.88	1.50
attribute	-0.88	1.31
extremist	-0.88	1.14
somebody	-0.88	1.96
muslims	-0.87	0.86
likes	-0.87	2.66
flat	-0.87	2.71
child	-0.87	1.00
typical	-0.87	1.04
autism	-0.87	1.11
crazies	-0.87	1.12
blacklisting	-0.87	0.93
global	-0.87	1.15
accuse	-0.86	1.56
deliberately	-0.86	1.73
republicans	-0.86	1.27
dumbass	-0.86	0.95
oppression	-0.86	1.01
lists	-0.86	1.05
stereotypical	-0.86	1.05
activity	-0.86	1.05
dissent	-0.85	1.34
lgbt	-0.85	1.01
par	-0.85	1.04
representing	-0.85	1.24
acknowledged	-0.84	1.54
mentally	-0.84	1.25
followers	-0.84	1.30
absurd	-0.83	1.65
pro	-0.83	1.52
decrying	-0.83	1.27
promoting	-0.83	1.32
lie	-0.83	1.89
jewish	-0.83	0.81
absolutely	-0.83	1.80
engaged	-0.82	1.35
reinforce	-0.82	1.08
gives	-0.82	1.57
laughed	-0.82	1.36
emotion	-0.82	1.36
promote	-0.82	1.28
completely	-0.81	1.90
horribly	-0.81	1.55
equal	-0.81	1.58
takes	-0.81	1.90
deflect	-0.81	1.21
identify	-0.81	1.54
claimed	-0.81	1.81
insanity	-0.81	1.04
speculation	-0.81	1.52
essentially	-0.81	1.57
emotional	-0.81	1.18
whoever	-0.81	1.68
one-sided	-0.81	1.38
argued	-0.81	1.74
conspiracy	-0.80	1.29
uncovered	-0.80	1.20
rally	-0.80	1.38
relative	-0.80	1.07
collusion	-0.80	1.05
shooting	-0.80	1.00
puts	-0.80	1.59
whiny	-0.80	1.22
motivated	-0.80	1.26
crusade	-0.79	1.18
effects	-0.79	1.15
abortion	-0.79	1.12
wants	-0.79	2.18
egalitarian	-0.79	1.37
foolish	-0.79	1.45
conduct	-0.78	1.15
states	-0.78	1.36
gjp	-0.78	0.99
suspicion	-0.78	1.24
retard	-0.78	1.14
multiple	-0.78	1.43
criticizing	-0.78	1.62
leaderless	-0.77	1.15
guns	-0.77	1.10
reacting	-0.77	1.34
hardly	-0.77	1.92
extent	-0.77	1.45
turns	-0.77	1.83
fundamental	-0.77	1.15
behind	-0.77	1.26
dirty	-0.77	1.21
privilege	-0.77	1.00
other	-0.76	1.51
cops	-0.76	1.04
constant	-0.76	1.19
odds	-0.76	2.67
both	-0.76	1.73
circles	-0.76	1.16
buried	-0.76	1.41
comments	-0.76	1.60
associate	-0.76	1.48
communism	-0.76	1.15
spinning	-0.75	1.60
emotions	-0.75	1.34
gamejournopros	-0.75	0.99
manipulation	-0.75	1.41
spun	-0.75	1.27
except	-0.74	2.56
fights	-0.74	1.34
dismissing	-0.74	1.51
ex	-0.74	1.18
obama	-0.74	1.10
adults	-0.74	1.07
incapable	-0.74	1.56
portrayed	-0.74	1.02
societal	-0.74	1.12
stupidity	-0.74	1.16
throws	-0.74	1.32
posts	-0.73	1.66
harass	-0.73	1.33
result	-0.73	1.32
shout	-0.73	1.39
loud	-0.73	1.35
conservatives	-0.73	1.48
paranoia	-0.73	1.20
indicative	-0.73	1.39
itself	-0.73	1.63
pieces	-0.73	1.19
suffer	-0.73	1.19
whore	-0.73	1.17
curiosity	-0.73	1.23
suffering	-0.72	1.20
cult	-0.72	1.25
ilk	-0.72	1.03
caused	-0.72	1.29
virtually	-0.72	1.73
downvotes	-0.72	1.46
races	-0.72	1.08
self	-0.72	1.42
vague	-0.72	1.30
roles	-0.72	1.08
breaks	-0.72	1.35
portray	-0.72	1.37
find	-0.72	1.93
moral	-0.72	1.29
occur	-0.72	1.51
forms	-0.72	1.10
cabal	-0.71	1.03
participating	-0.71	1.29
chan	-0.71	1.25
fighting	-0.71	1.85
standing	-0.71	1.42
advocates	-0.71	1.24
superior	-0.71	1.38
anonymity	-0.71	1.18
shitstorm	-0.71	1.30
activism	-0.71	1.05
snarky	-0.71	1.31
massive	-0.71	1.05
louder	-0.71	1.49
men	-0.71	1.07
revolt	-0.70	1.20
reports	-0.70	1.24
screaming	-0.70	1.33
comes	-0.70	1.91
hashtag	-0.70	1.40
controversy	-0.70	1.29
male	-0.70	0.95
unlike	-0.70	1.03
considered	-0.70	1.59
shield	-0.70	1.14
script	-0.70	1.06
works	-0.70	1.53
chans	-0.70	1.28
gger	-0.69	1.50
denial	-0.69	1.27
blind	-0.69	1.52
thus	-0.69	1.75
jerk	-0.69	1.13
word	-0.69	1.44
sockpuppets	-0.69	1.19
activist	-0.69	1.05
handful	-0.69	1.40
firmly	-0.69	1.48
supposedly	-0.69	1.20
entitled	-0.69	1.20
group	-0.69	1.16
campaign	-0.69	1.23
fought	-0.69	1.17
twine	-0.69	1.07
discussed	-0.69	1.78
knife	-0.69	1.07
express	-0.69	1.74
extremists	-0.69	1.26
minority	-0.69	1.18
anyone	-0.69	2.53
fool	-0.68	1.50
hiding	-0.68	1.27
hashtags	-0.68	1.48
wizardchan	-0.68	1.18
denying	-0.68	1.82
articles	-0.68	1.20
expose	-0.68	1.39
anon	-0.68	1.20
fag	-0.68	1.15
bait	-0.68	1.20
whine	-0.68	1.35
everytime	-0.68	1.79
blatantly	-0.68	1.96
many	-0.68	1.60
dicks	-0.68	1.14
talked	-0.68	1.96
hook	-0.68	1.09
resort	-0.68	1.20
anti-sjw	-0.67	1.28
behave	-0.67	1.39
making	-0.67	1.97
goes	-0.67	1.92
shouting	-0.67	1.34
feminists	-0.67	1.22
basically	-0.67	3.00
construct	-0.67	1.17
retweeted	-0.67	1.26
douche	-0.67	1.14
sounding	-0.67	1.46
megaphone	-0.67	1.26
attack	-0.67	1.21
granted	-0.67	1.22
lots	-0.67	1.58
exposed	-0.67	1.44
rampant	-0.67	1.20
murdered	-0.66	1.06
ggers	-0.66	1.57
labels	-0.66	1.31
powers	-0.66	1.13
considering	-0.66	2.47
tolerate	-0.66	1.90
journos	-0.66	1.09
sentiments	-0.66	1.70
exact	-0.66	1.92
libel	-0.66	1.30
images	-0.66	1.21
asshole	-0.66	1.15
creepy	-0.66	2.22
mere	-0.66	1.25
complain	-0.66	1.93
votes	-0.66	1.34
driven	-0.66	1.16
contained	-0.65	1.22
gets	-0.65	1.77
allegedly	-0.65	1.20
hidden	-0.65	1.26
dozens	-0.65	1.50
universal	-0.65	1.09
headlines	-0.65	1.21
bothers	-0.65	2.14
term	-0.65	1.52
secret	-0.65	1.04
feed	-0.65	1.30
token	-0.65	0.95
weak	-0.65	1.37
disregard	-0.65	1.39
engaging	-0.65	1.48
entirely	-0.65	1.91
myth	-0.65	1.32
range	-0.64	1.26
happens	-0.64	2.42
fucks	-0.64	1.13
trolling	-0.64	1.52
deserve	-0.64	1.54
movement	-0.64	1.20
motivations	-0.64	1.25
suggests	-0.64	1.48
initially	-0.64	1.57
raid	-0.64	1.12
misrepresenting	-0.64	1.94
statements	-0.64	1.90
accusing	-0.64	1.62
tantrum	-0.64	1.25
targeting	-0.64	1.29
batshit	-0.63	1.31
and/or	-0.63	1.61
breaches	-0.63	1.23
blogger	-0.63	1.11
anti-ggers	-0.63	1.47
disturbing	-0.63	2.15
sentiment	-0.63	1.72
she	-0.63	1.74
backlash	-0.63	1.32
slandering	-0.63	1.39
impossible	-0.63	1.56
creates	-0.63	1.30
funding	-0.63	1.32
bot	-0.63	1.20
ironic	-0.63	2.28
sort	-0.63	1.95
kind	-0.63	2.24
blown	-0.63	1.42
caring	-0.62	1.65
plenty	-0.62	1.74
bully	-0.62	1.11
sj	-0.62	1.19
homes	-0.62	1.26
encouraging	-0.62	1.40
expressing	-0.62	1.60
questioning	-0.62	1.50
gamergater	-0.62	1.57
coordinated	-0.62	1.14
someone	-0.62	2.40
spoken	-0.62	1.86
fuel	-0.62	1.21
idiot	-0.62	1.24
cheating	-0.62	1.23
tag	-0.62	1.40
obscure	-0.62	1.12
traits	-0.61	1.38
respected	-0.61	1.24
doxx	-0.61	1.14
monster	-0.61	0.76
morals	-0.61	1.25
ms	-0.61	1.05
class	-0.61	1.05
pornography	-0.61	1.06
censoring	-0.61	1.26
either	-0.61	3.16
distance	-0.61	1.63
allegations	-0.60	1.66
responses	-0.60	1.55
victim	-0.60	1.15
faggot	-0.60	1.19
stand	-0.60	2.06
whole	-0.60	1.55
cries	-0.60	1.29
incredibly	-0.60	1.70
ddos	-0.60	1.16
throughout	-0.60	1.39
content	-0.60	1.28
yell	-0.60	1.53
antigg	-0.60	1.52
hunt	-0.60	1.21
groups	-0.60	1.16
existence	-0.60	1.64
nonetheless	-0.59	1.45
authorities	-0.59	1.27
donating	-0.59	1.47
describe	-0.59	1.46
foundation	-0.59	1.22
yelling	-0.59	1.40
fewer	-0.59	1.43
notion	-0.59	1.63
4chan	-0.59	1.31
throwing	-0.59	1.43
sides	-0.59	1.55
sjw	-0.59	1.20
isolated	-0.59	1.30
numerous	-0.59	1.67
peers	-0.59	1.22
genders	-0.59	1.28
applied	-0.59	1.48
crowd	-0.59	1.35
exceptions	-0.59	1.57
amongst	-0.59	1.17
strange	-0.59	2.37
two	-0.58	1.54
imaginary	-0.58	1.20
spamming	-0.58	1.31
general	-0.58	1.24
mattie	-0.58	1.09
largely	-0.58	1.51
whenever	-0.58	1.85
forth	-0.58	1.33
grounds	-0.58	1.49
misleading	-0.58	2.07
equivalent	-0.58	1.24
irrelevant	-0.58	1.58
perceived	-0.58	1.30
radicals	-0.58	1.28
bent	-0.57	1.47
truth	-0.57	2.03
continually	-0.57	1.58
chambers	-0.57	1.18
incidents	-0.57	1.45
via	-0.57	1.25
dozen	-0.57	1.54
extreme	-0.57	1.58
members	-0.57	1.13
sa	-0.57	1.26
qualify	-0.57	1.52
soggy	-0.57	1.13
masses	-0.57	1.32
males	-0.57	1.03
destruction	-0.57	1.11
downvoted	-0.57	1.39
borderline	-0.56	1.21
favor	-0.56	1.41
scenes	-0.56	1.08
silencing	-0.56	1.32
capitalism	-0.56	1.26
brianna	-0.56	1.15
tons	-0.56	1.55
fringe	-0.56	1.26
identical	-0.56	1.60
shit	-0.56	1.89
ego	-0.56	1.21
stir	-0.56	1.36
representative	-0.56	1.18
knees	-0.56	1.14
donated	-0.56	1.41
raping	-0.56	1.10
con	-0.56	1.37
international	-0.55	1.06
internalized	-0.55	1.18
interviews	-0.55	1.18
definition	-0.55	1.58
mcintosh	-0.55	0.92
call	-0.55	1.87
stigma	-0.55	1.19
exists	-0.55	1.72
voices	-0.55	1.55
each	-0.55	1.46
police	-0.55	1.31
anti-gamergate	-0.55	1.55
faked	-0.55	1.50
frequently	-0.55	1.53
campaigns	-0.55	1.24
scrutiny	-0.55	1.36
backed	-0.55	1.50
aimed	-0.55	1.28
funded	-0.55	1.33
bloggers	-0.55	1.17
massively	-0.55	1.73
report	-0.54	1.35
suspended	-0.54	1.24
described	-0.54	1.42
generate	-0.54	1.25
signal	-0.54	1.37
differing	-0.54	1.63
phenomenon	-0.54	1.34
demonize	-0.54	1.38
dox	-0.54	1.17
refer	-0.54	1.45
widespread	-0.54	1.29
opposed	-0.54	1.55
cases	-0.54	1.52
using	-0.54	1.37
corruption	-0.54	1.28
concept	-0.54	1.65
progg	-0.54	1.49
motives	-0.53	1.38
folks	-0.53	1.69
significantly	-0.53	1.43
personality	-0.53	1.18
ammo	-0.53	1.29
hacking	-0.53	1.14
suffered	-0.53	1.31
principle	-0.53	1.53
influential	-0.53	1.36
subculture	-0.53	1.09
following	-0.53	1.61
ferguson	-0.53	1.16
harm	-0.53	1.51
consequences	-0.53	1.35
strongly	-0.53	2.14
repeated	-0.53	1.66
included	-0.53	1.27
expressed	-0.53	1.55
facing	-0.53	1.39
caught	-0.53	1.62
journalists	-0.53	1.23
silence	-0.53	1.30
noble	-0.53	1.30
ideologues	-0.52	1.27
experienced	-0.52	1.70
middle	-0.52	1.07
battles	-0.52	1.26
sjws	-0.52	1.38
leading	-0.52	1.32
endless	-0.52	1.05
jack	-0.52	1.30
causes	-0.52	1.40
spin	-0.52	1.54
guarantee	-0.52	2.26
tainted	-0.52	1.40
side	-0.52	1.97
stuff	-0.52	2.16
interaction	-0.52	1.12
attached	-0.52	1.18
meritocracy	-0.52	1.34
several	-0.52	1.68
dirt	-0.52	1.51
increasing	-0.52	1.15
lws	-0.52	1.37
antis	-0.52	1.50
defend	-0.52	2.14
belong	-0.52	2.21
entity	-0.52	1.30
possibly	-0.51	2.72
radfems	-0.51	1.28
gaze	-0.51	1.21
formed	-0.51	1.27
motive	-0.51	1.72
world	-0.51	1.48
camp	-0.51	1.52
loudest	-0.51	1.55
parts	-0.51	1.56
countless	-0.51	1.68
dealing	-0.51	1.61
greenlight	-0.51	1.09
threw	-0.51	1.40
legal	-0.51	1.35
scandal	-0.51	1.41
board	-0.51	1.37
clicks	-0.51	1.24
blindly	-0.51	2.01
vocal	-0.51	1.40
claiming	-0.51	2.03
stated	-0.51	1.83
jezebel	-0.51	1.13
organizations	-0.51	1.20
total	-0.51	0.97
deeply	-0.51	1.77
sexually	-0.50	1.11
lack	-0.50	1.29
censorship	-0.50	1.27
core	-0.50	1.50
pinsof	-0.50	1.09
blogs	-0.50	1.18
earned	-0.50	1.29
competing	-0.50	1.24
despite	-0.50	1.72
anti-gg	-0.50	1.57
boils	-0.50	1.46
inevitably	-0.50	1.67
favour	-0.50	1.28
thompson	-0.50	1.30
cover	-0.50	1.58
mentioned	-0.50	1.93
wu	-0.50	1.17
us	-0.50	1.84
moments	-0.50	1.16
gnaa	-0.50	1.25
average	-0.50	1.33
radical	-0.50	1.33
upvotes	-0.50	1.58
spends	-0.49	1.61
tweet	-0.49	1.60
e-celeb	-0.49	1.41
app	-0.49	1.02
protected	-0.49	1.31
complaining	-0.49	1.76
theories	-0.49	1.33
sympathy	-0.49	1.29
remains	-0.49	1.51
corrupted	-0.49	1.27
pathetic	-0.49	2.00
game	-0.49	1.05
sight	-0.49	1.33
authors	-0.49	1.18
unnecessary	-0.49	1.34
revealed	-0.49	1.38
wealthy	-0.49	1.03
objectivity	-0.49	1.24
agg	-0.49	1.48
dies	-0.49	1.48
entirety	-0.49	1.18
rely	-0.48	1.17
deal	-0.48	2.18
names	-0.48	1.50
harper	-0.48	0.98
eron	-0.48	1.23
lacking	-0.48	1.46
hits	-0.48	1.32
democratic	-0.48	1.36
culture	-0.48	1.13
extremely	-0.48	1.70
admits	-0.48	1.67
infighting	-0.48	1.30
pushed	-0.48	1.53
severe	-0.48	1.26
hundreds	-0.48	1.63
overwhelmingly	-0.48	1.28
authoritarianism	-0.48	1.75
lean	-0.48	1.73
anti	-0.48	1.56
pushing	-0.48	1.40
smearing	-0.48	1.29
co-opted	-0.48	1.26
threaten	-0.48	1.26
persons	-0.47	1.24
yellow	-0.47	1.02
gg	-0.47	1.91
freedom	-0.47	1.72
combined	-0.47	1.14
led	-0.47	1.37
unaware	-0.47	2.60
accusation	-0.47	1.71
similarly	-0.47	1.20
demonstrate	-0.47	1.97
pattern	-0.47	1.38
little	-0.47	1.95
illness	-0.47	1.18
radfem	-0.47	1.23
submission	-0.47	1.19
gun	-0.47	1.23
walks	-0.47	1.34
intelligence	-0.47	1.19
equality	-0.47	1.72
lacks	-0.47	1.40
variety	-0.46	1.38
values	-0.46	1.38
pressure	-0.46	1.29
conditions	-0.46	1.29
fictional	-0.46	1.05
entire	-0.46	1.41
speak	-0.46	2.39
marxists	-0.46	1.49
serving	-0.46	1.20
pro-gg	-0.46	1.56
socialism	-0.46	1.39
femfreq	-0.46	1.22
spectrum	-0.46	1.83
moderates	-0.46	1.53
use	-0.46	1.39
reveal	-0.46	1.40
8chan	-0.46	1.20
etc	-0.46	1.05
offense	-0.45	1.45
event	-0.45	1.34
convenient	-0.45	1.55
phrase	-0.45	1.46
feeding	-0.45	1.35
marxist	-0.45	1.34
ideology	-0.45	1.39
feminism	-0.45	1.29
media	-0.45	1.24
kinda	-0.45	2.53
idiocy	-0.45	1.20
seemingly	-0.45	1.57
employ	-0.45	1.39
policing	-0.45	1.38
dishonesty	-0.45	1.38
bashing	-0.45	1.35
rate	-0.45	1.22
admitted	-0.45	1.78
activists	-0.45	1.30
define	-0.45	1.91
filter	-0.45	1.29
extremism	-0.45	1.41
precisely	-0.44	2.13
beta	-0.44	1.07
handled	-0.44	1.56
neutrals	-0.44	1.62
voice	-0.44	1.66
masculine	-0.44	1.25
prominent	-0.44	1.56
constitutes	-0.44	1.50
capacity	-0.44	1.26
across	-0.44	1.54
banner	-0.44	1.33
narrative	-0.44	1.41
increasingly	-0.44	1.56
covered	-0.44	1.58
connected	-0.44	1.42
died	-0.44	1.28
climate	-0.44	1.25
figures	-0.44	1.56
wrote	-0.43	1.47
operating	-0.43	1.41
offends	-0.43	1.93
pride	-0.43	1.30
focuses	-0.43	1.40
libertarians	-0.43	1.82
infamous	-0.43	1.17
authoritarians	-0.43	1.84
harmless	-0.43	1.52
oblivion	-0.43	1.28
drug	-0.43	1.19
laws	-0.43	1.32
lawsuit	-0.43	1.38
write	-0.43	1.74
throat	-0.43	1.43
piece	-0.43	1.46
contacted	-0.43	1.64
listed	-0.43	1.38
legally	-0.43	1.43
ideal	-0.43	1.51
frustrating	-0.43	2.23
social	-0.43	1.34
form	-0.43	1.35
professional	-0.43	1.26
danger	-0.43	1.39
factors	-0.43	1.49
beauty	-0.43	1.35
objectification	-0.43	1.03
used	-0.43	1.51
creator	-0.42	1.08
receive	-0.42	1.39
stance	-0.42	1.70
intellectual	-0.42	1.30
increase	-0.42	1.23
controlling	-0.42	1.25
leak	-0.42	1.16
practically	-0.42	1.68
condition	-0.42	1.16
spam	-0.42	1.30
collective	-0.42	1.27
opinion	-0.42	2.01
abusing	-0.42	1.23
cancer	-0.42	1.39
ideologies	-0.42	1.45
slant	-0.42	1.52
logic	-0.42	1.81
popular	-0.42	1.33
twist	-0.42	1.51
sarkeesian	-0.42	1.17
wing	-0.42	1.78
publish	-0.42	1.31
honesty	-0.42	1.31
defined	-0.42	1.50
progressives	-0.42	1.81
al	-0.42	1.20
marxism	-0.42	1.39
movements	-0.42	1.24
debunked	-0.42	1.81
geordie	-0.42	0.97
ideologically	-0.42	1.62
broke	-0.42	1.47
investigation	-0.41	1.35
stress	-0.41	1.20
vastly	-0.41	1.57
empty	-0.41	1.24
viewpoints	-0.41	1.51
definitions	-0.41	1.47
feminist	-0.41	1.32
treatment	-0.41	1.26
anita	-0.41	1.18
publishing	-0.41	1.24
vast	-0.41	1.38
majority	-0.41	1.46
failure	-0.41	1.51
wam	-0.41	1.19
protect	-0.41	1.39
length	-0.41	1.46
insane	-0.41	1.58
federal	-0.41	1.32
person	-0.41	1.93
clique	-0.41	1.20
achieve	-0.41	1.70
terms	-0.41	1.46
court	-0.41	1.45
immediately	-0.41	2.02
creating	-0.40	1.43
usage	-0.40	1.43
than	-0.40	1.80
mainstream	-0.40	1.24
becomes	-0.40	1.84
helped	-0.40	1.74
notyourshield	-0.40	1.34
differently	-0.40	1.45
capable	-0.40	1.56
rational	-0.40	1.28
readership	-0.40	1.24
speaking	-0.40	1.87
shared	-0.40	1.30
heart	-0.40	2.10
adult	-0.40	1.15
mutually	-0.40	1.49
ought	-0.40	1.70
actively	-0.40	1.71
physical	-0.39	1.17
deny	-0.39	2.13
tie	-0.39	1.37
specifically	-0.39	2.06
cared	-0.39	2.39
silly	-0.39	2.22
sections	-0.39	1.41
destroyed	-0.39	1.29
believing	-0.39	2.16
approve	-0.39	1.96
democrats	-0.39	1.57
troll	-0.39	1.51
boost	-0.39	1.51
bits	-0.39	1.29
tait	-0.39	0.95
hominem	-0.39	1.42
followed	-0.39	1.61
emotionally	-0.39	1.31
misrepresent	-0.39	1.90
popularity	-0.39	1.51
overwhelming	-0.39	1.45
traditional	-0.39	1.16
democrat	-0.39	1.52
hosts	-0.39	1.21
wave	-0.38	1.33
ows	-0.38	1.31
attempted	-0.38	1.66
isnt	-0.38	1.71
feelings	-0.38	1.50
downvoting	-0.38	1.52
canada	-0.38	1.22
interpreted	-0.38	1.48
proven	-0.38	2.28
violations	-0.38	1.33
voting	-0.38	1.38
potentially	-0.38	1.44
replaced	-0.38	1.43
liberalism	-0.38	1.63
disorder	-0.38	1.19
opposite	-0.38	2.36
journalist	-0.38	1.42
rich	-0.38	1.06
obsession	-0.38	1.31
addresses	-0.38	1.33
correctness	-0.38	1.31
thousands	-0.38	1.51
cycle	-0.38	1.69
quo	-0.38	1.37
rough	-0.38	1.29
i.e	-0.38	1.37
proved	-0.38	1.93
shot	-0.38	1.24
3rd	-0.38	1.35
complaint	-0.38	1.38
leftists	-0.38	1.71
republican	-0.38	1.48
accomplished	-0.38	1.80
trial	-0.38	1.42
falls	-0.38	1.73
gap	-0.37	1.37
feeling	-0.37	2.04
vote	-0.37	1.39
member	-0.37	1.15
upvoted	-0.37	1.61
press	-0.37	1.25
speech	-0.37	1.41
backwards	-0.37	1.26
pin	-0.37	1.79
sock	-0.37	1.27
educate	-0.37	1.89
tearing	-0.37	2.05
opinions	-0.37	1.69
bat	-0.37	1.30
bitching	-0.37	1.61
left-wing	-0.37	1.72
proves	-0.37	2.21
severely	-0.37	1.35
perception	-0.37	1.66
left	-0.37	1.90
stances	-0.37	1.57
dragging	-0.37	1.52
lw2	-0.37	1.23
targets	-0.37	1.35
outcome	-0.37	1.62
viewpoint	-0.37	1.58
tweeted	-0.37	1.49
sue	-0.37	1.51
loaded	-0.37	1.58
randi	-0.37	1.02
click	-0.36	1.17
officially	-0.36	1.62
outspoken	-0.36	1.37
courts	-0.36	1.49
belief	-0.36	1.45
behalf	-0.36	1.37
arguing	-0.36	3.27
established	-0.36	1.47
damaging	-0.36	1.34
presence	-0.36	1.45
ill	-0.36	1.43
socialist	-0.36	1.60
economic	-0.36	1.37
authoritarian	-0.36	1.71
declaring	-0.36	1.42
banning	-0.36	1.34
clever	-0.36	2.05
given	-0.36	1.67
bit	-0.36	2.02
otherwise	-0.36	3.26
living	-0.36	1.24
acceptance	-0.36	1.28
expectations	-0.36	1.36
shaming	-0.36	1.17
under	-0.36	1.41
state	-0.36	1.49
scream	-0.36	1.44
party	-0.36	1.51
cause	-0.36	2.14
hacked	-0.36	1.21
irl	-0.36	1.60
parties	-0.35	1.47
apply	-0.35	1.82
advertisers	-0.35	1.32
china	-0.35	1.18
waste	-0.35	1.43
instances	-0.35	1.71
applying	-0.35	1.66
false	-0.35	2.07
backing	-0.35	1.69
millions	-0.35	1.43
ton	-0.35	1.66
principles	-0.35	1.42
look	-0.35	2.49
underlying	-0.35	1.79
structure	-0.35	1.27
boycott	-0.35	1.24
herself	-0.35	1.44
communicate	-0.35	2.00
judged	-0.35	1.35
investigating	-0.35	1.51
sponsors	-0.35	1.30
few	-0.35	1.79
intentionally	-0.35	1.77
identity	-0.35	1.26
credible	-0.35	1.44
surprising	-0.35	2.32
promotion	-0.35	1.34
assertion	-0.35	2.13
hurts	-0.35	1.64
politely	-0.35	1.61
refers	-0.35	1.62
voted	-0.35	1.38
documented	-0.35	1.69
remotely	-0.35	2.16
1st	-0.34	1.42
sockpuppet	-0.34	1.31
ignores	-0.34	1.77
refute	-0.34	2.26
privileges	-0.34	1.32
drawing	-0.34	1.35
perform	-0.34	1.19
concepts	-0.34	1.58
advocate	-0.34	1.24
alex	-0.34	1.04
bans	-0.34	1.44
somewhat	-0.34	1.89
brand	-0.34	1.32
dan	-0.34	1.16
believed	-0.34	1.99
warriors	-0.34	1.37
newspaper	-0.34	1.27
bound	-0.34	1.63
intent	-0.34	1.65
breach	-0.34	1.29
boards	-0.34	1.35
circle	-0.34	1.34
follow	-0.34	1.91
ignore	-0.34	2.47
sometimes	-0.34	2.01
zero	-0.34	1.70
americans	-0.34	1.20
prove	-0.34	3.37
pro-gamergate	-0.34	1.51
financially	-0.34	1.36
involves	-0.34	1.49
challenged	-0.34	1.61
tumblr	-0.34	1.34
push	-0.34	1.54
blog	-0.33	1.43
ethical	-0.33	1.30
blew	-0.33	1.49
occurred	-0.33	1.77
united	-0.33	1.27
investigate	-0.33	1.65
devs	-0.33	1.18
organize	-0.33	1.51
category	-0.33	1.53
rare	-0.33	1.93
narrow	-0.33	1.36
cultural	-0.33	1.37
silverstring	-0.33	1.24
foreign	-0.33	1.30
feminine	-0.33	1.28
trivial	-0.33	1.48
banned	-0.33	1.46
cherry	-0.33	1.67
reporter	-0.33	1.43
enforcement	-0.33	1.32
gender	-0.33	1.25
amendment	-0.33	1.43
deleting	-0.33	1.40
advertisement	-0.33	1.23
ignoring	-0.33	1.96
slavery	-0.33	1.16
crash	-0.32	1.43
scene	-0.32	1.19
investment	-0.32	1.46
faced	-0.32	1.48
psychological	-0.32	1.29
implication	-0.32	1.92
historically	-0.32	1.25
politicians	-0.32	1.38
teenagers	-0.32	1.14
deals	-0.32	1.27
wide	-0.32	1.40
elite	-0.32	1.27
gamer	-0.32	1.27
applies	-0.32	1.63
citizens	-0.32	1.24
pissing	-0.32	1.93
environment	-0.32	1.31
liberals	-0.32	1.76
sane	-0.32	1.29
president	-0.32	1.24
recognition	-0.32	1.43
zoe	-0.32	1.27
published	-0.32	1.38
system	-0.32	1.37
sense	-0.32	2.18
platform	-0.31	1.39
tags	-0.31	1.41
responding	-0.31	2.16
attempts	-0.31	1.80
leaders	-0.31	1.28
includes	-0.31	1.23
fill	-0.31	1.27
claims	-0.31	2.01
conference	-0.31	1.35
confusing	-0.31	2.43
awareness	-0.31	1.48
highly	-0.31	1.81
due	-0.31	1.28
association	-0.31	1.44
breitbart	-0.31	1.19
outsiders	-0.31	1.43
picking	-0.31	1.57
cry	-0.31	1.24
lw	-0.31	1.45
views	-0.31	1.58
easily	-0.31	2.15
streisand	-0.31	1.23
puppet	-0.31	1.22
attractive	-0.31	1.11
dig	-0.31	1.86
dump	-0.31	1.26
zq	-0.31	1.41
reality	-0.31	1.77
besides	-0.31	2.08
victimhood	-0.31	1.23
alienate	-0.30	1.44
exclusively	-0.30	1.39
users	-0.30	1.47
fullmcintosh	-0.30	1.15
fairly	-0.30	1.75
smarter	-0.30	1.71
gamergate	-0.30	1.92
specific	-0.30	1.48
affair	-0.30	1.52
basis	-0.30	1.58
versus	-0.30	1.67
confirmation	-0.30	1.44
tfyc	-0.30	1.69
almost	-0.30	2.45
substance	-0.30	1.79
mocking	-0.30	1.40
trend	-0.30	1.51
ears	-0.30	1.64
attracted	-0.30	1.28
democracy	-0.30	1.38
inevitable	-0.30	1.57
establish	-0.30	1.77
tens	-0.30	1.56
agenda	-0.30	1.49
lead	-0.29	1.57
expression	-0.29	1.40
third	-0.29	1.39
slut	-0.29	1.18
highlight	-0.29	1.40
dumb	-0.29	1.88
initial	-0.29	1.46
slightest	-0.29	1.99
onto	-0.29	1.49
explicitly	-0.29	1.93
nothing	-0.29	3.29
business	-0.29	1.32
writer	-0.29	1.32
guardian	-0.29	1.34
knowing	-0.29	2.48
organization	-0.29	1.31
distinction	-0.29	1.95
turning	-0.29	1.74
sounded	-0.29	1.74
merit	-0.29	1.69
mud	-0.29	1.50
stronger	-0.29	1.70
physically	-0.29	1.30
writers	-0.29	1.31
key	-0.29	1.45
written	-0.29	1.65
abandon	-0.28	1.64
vs	-0.28	1.85
traffic	-0.28	1.30
theory	-0.28	1.49
confidence	-0.28	1.48
sells	-0.28	1.33
moderate	-0.28	1.64
explicit	-0.28	1.34
crazy	-0.28	1.53
break	-0.28	1.93
co-opt	-0.28	1.54
goal	-0.28	1.55
handle	-0.28	2.05
profit	-0.28	1.35
females	-0.28	1.13
complaints	-0.28	1.57
separate	-0.28	1.62
set	-0.28	1.48
burden	-0.28	1.79
ranting	-0.28	1.55
contest	-0.28	1.38
dr	-0.28	1.70
quinn	-0.28	1.22
altogether	-0.28	1.83
leaves	-0.28	1.46
lawyer	-0.27	1.47
upper	-0.27	1.13
smear	-0.27	1.35
typically	-0.27	1.51
health	-0.27	1.25
manner	-0.27	1.42
leanings	-0.27	1.59
noticing	-0.27	1.93
broader	-0.27	1.37
supporter	-0.27	1.54
hearing	-0.27	2.15
whining	-0.27	1.58
representation	-0.27	1.16
punish	-0.27	1.53
hack	-0.27	1.29
reporting	-0.27	1.50
power	-0.27	1.41
consistently	-0.27	1.72
attract	-0.27	1.42
hype	-0.27	1.16
kill	-0.27	1.28
buzzfeed	-0.27	1.28
aside	-0.27	1.40
allows	-0.27	1.88
relevance	-0.27	1.72
relatively	-0.27	1.42
tough	-0.27	1.64
publicity	-0.27	1.47
terribly	-0.27	1.85
situation	-0.27	2.01
appeals	-0.27	1.50
became	-0.27	1.72
flawed	-0.27	1.90
criticism	-0.27	1.50
greater	-0.27	1.38
known	-0.27	1.71
semantics	-0.26	1.88
fashion	-0.26	1.38
lately	-0.26	1.93
bank	-0.26	1.34
among	-0.26	1.35
countries	-0.26	1.25
flags	-0.26	1.39
publication	-0.26	1.36
spotlight	-0.26	1.67
killing	-0.26	1.04
trade	-0.26	1.12
interviewed	-0.26	1.51
subset	-0.26	1.34
stating	-0.26	2.45
ideological	-0.26	1.46
implied	-0.26	1.97
gay	-0.26	1.04
avoided	-0.26	1.32
measure	-0.26	1.46
purely	-0.26	1.53
patreon	-0.26	1.45
turned	-0.26	1.95
often	-0.26	1.93
preaching	-0.26	1.73
atmosphere	-0.26	1.27
interpret	-0.25	2.05
lost	-0.25	1.72
created	-0.25	1.54
hosting	-0.25	1.17
hipsters	-0.25	1.25
commenting	-0.25	1.80
babies	-0.25	1.16
involving	-0.25	1.42
wild	-0.25	1.22
beliefs	-0.25	1.51
grasp	-0.25	2.20
partly	-0.25	1.41
country	-0.25	1.27
feeds	-0.25	1.39
means	-0.25	3.45
election	-0.25	1.39
reader	-0.25	1.52
forever	-0.25	1.70
furthermore	-0.25	1.14
outlets	-0.25	1.28
government	-0.25	1.34
so-called	-0.25	1.34
professionalism	-0.25	1.28
consent	-0.25	1.34
likewise	-0.25	1.27
shoot	-0.25	1.26
indies	-0.25	1.29
shills	-0.25	1.36
debacle	-0.25	1.71
remain	-0.25	1.57
around	-0.25	1.67
kickstarter	-0.24	1.48
larger	-0.24	1.36
politician	-0.24	1.42
warrior	-0.24	1.26
institutions	-0.24	1.37
needs	-0.24	2.16
keeps	-0.24	1.67
smaller	-0.24	1.42
ideas	-0.24	1.65
agreement	-0.24	1.55
sway	-0.24	1.77
slightly	-0.24	1.74
together	-0.24	1.53
damage	-0.24	1.56
demographic	-0.24	1.33
bus	-0.24	1.42
fund	-0.24	1.58
portrayal	-0.24	1.10
russia	-0.24	1.22
said	-0.24	2.71
donations	-0.24	1.42
charities	-0.24	1.63
throw	-0.24	1.68
requests	-0.24	1.40
political	-0.24	1.58
attention	-0.24	1.46
put	-0.24	1.97
destructoid	-0.24	1.17
economics	-0.24	1.57
posting	-0.24	1.61
projects	-0.24	1.43
message	-0.23	1.62
less	-0.23	1.98
escape	-0.23	1.66
precedent	-0.23	1.46
exposure	-0.23	1.48
coincidence	-0.23	2.01
worldview	-0.23	1.55
bringing	-0.23	2.07
asian	-0.23	1.07
appear	-0.23	2.15
dropping	-0.23	1.50
knowledge	-0.23	1.35
dictate	-0.23	1.68
blatant	-0.23	1.63
nail	-0.23	1.58
judging	-0.23	1.37
explained	-0.23	1.84
buddies	-0.23	1.25
regular	-0.23	1.45
finger	-0.23	1.45
cultures	-0.23	1.30
founded	-0.23	1.40
been	-0.23	2.36
rule	-0.23	1.71
saved	-0.23	1.30
file	-0.23	1.36
privacy	-0.23	1.34
view	-0.23	1.59
digging	-0.23	1.81
very	-0.23	1.96
demographics	-0.23	1.27
regards	-0.23	1.43
norm	-0.23	1.52
publications	-0.23	1.29
occasionally	-0.23	1.66
bomb	-0.23	1.29
identities	-0.23	1.33
america	-0.23	1.27
publicly	-0.23	1.50
mostly	-0.23	1.59
personalities	-0.23	1.28
crying	-0.23	1.40
respectable	-0.23	1.22
accurately	-0.23	1.51
brought	-0.23	2.06
gotten	-0.22	2.21
msm	-0.22	1.38
governments	-0.22	1.33
operate	-0.22	1.65
christina	-0.22	1.18
defensive	-0.22	1.58
offend	-0.22	2.36
loss	-0.22	1.45
handling	-0.22	1.28
smoking	-0.22	1.16
ideals	-0.22	1.52
getting	-0.22	2.23
examples	-0.22	1.76
trope	-0.22	1.21
usa	-0.22	1.32
standards	-0.22	1.40
creation	-0.22	1.40
lynch	-0.22	1.48
bring	-0.22	2.47
trouble	-0.22	1.84
medical	-0.22	1.24
brigaded	-0.22	1.59
account	-0.22	1.36
low	-0.21	1.37
reasoning	-0.21	1.75
locked	-0.21	1.35
digra	-0.21	1.30
websites	-0.21	1.32
advertiser	-0.21	1.30
reach	-0.21	1.93
involved	-0.21	1.93
kept	-0.21	1.65
circlejerk	-0.21	1.49
putting	-0.21	1.97
easier	-0.21	1.91
defining	-0.21	1.41
fame	-0.21	1.43
confusion	-0.21	1.48
rarely	-0.21	2.12
closer	-0.21	1.73
merits	-0.21	1.72
wealth	-0.21	1.34
daily	-0.21	1.36
simultaneously	-0.21	1.56
consumer	-0.21	1.46
affiliated	-0.21	1.53
stayed	-0.21	1.67
r/games	-0.21	1.60
preference	-0.21	1.57
lame	-0.21	1.63
protection	-0.21	1.45
everyday	-0.21	1.22
authority	-0.21	1.49
free	-0.21	1.67
r/gaming	-0.21	1.57
addressed	-0.21	1.87
discredit	-0.21	1.48
counter	-0.21	1.88
won	-0.21	1.53
punishment	-0.21	1.29
population	-0.21	1.36
evidence	-0.21	2.07
giving	-0.20	1.64
helping	-0.20	1.99
positions	-0.20	1.49
situations	-0.20	1.54
fight	-0.20	1.60
position	-0.20	1.94
hit	-0.20	1.62
outlet	-0.20	1.37
reddit	-0.20	1.58
regardless	-0.20	1.76
major	-0.20	1.35
wage	-0.20	1.40
sex	-0.20	1.24
sarcastic	-0.20	1.44
gain	-0.20	1.59
thin	-0.20	1.25
incident	-0.20	1.64
tendency	-0.20	1.37
painful	-0.20	1.96
yourselves	-0.20	1.94
leaked	-0.20	1.25
hat	-0.20	1.22
fucked	-0.20	2.17
opponent	-0.20	1.52
surrounding	-0.20	1.45
regard	-0.20	1.52
conservative	-0.20	1.74
overall	-0.20	1.37
organized	-0.20	1.31
alexander	-0.19	1.15
co	-0.19	1.23
strive	-0.19	1.61
ubisoft	-0.19	1.08
beating	-0.19	1.37
jam	-0.19	1.50
charity	-0.19	1.53
removed	-0.19	1.30
brigading	-0.19	1.61
tropes	-0.19	1.05
center	-0.19	1.77
industry	-0.19	1.22
western	-0.19	1.30
status	-0.19	1.43
particularly	-0.19	2.00
holding	-0.19	1.59
private	-0.19	1.27
competitors	-0.19	1.26
threads	-0.19	1.64
into	-0.19	1.75
visibility	-0.19	1.56
claim	-0.19	2.75
facts	-0.19	1.95
intention	-0.19	1.70
blows	-0.19	1.80
critically	-0.19	1.86
wider	-0.19	1.40
examine	-0.19	1.86
affecting	-0.19	1.44
bias	-0.19	1.42
enforced	-0.19	1.42
deleted	-0.19	1.50
timing	-0.19	1.64
number	-0.19	1.48
cloud	-0.19	1.42
quite	-0.19	2.18
skills	-0.19	1.54
affected	-0.19	1.47
win	-0.19	1.76
harder	-0.19	1.82
boyfriend	-0.19	1.20
achieved	-0.19	1.79
shown	-0.19	2.14
dealt	-0.19	1.82
sweden	-0.18	1.30
partner	-0.18	1.19
park	-0.18	1.17
releasing	-0.18	1.25
violation	-0.18	1.43
draw	-0.18	2.01
existing	-0.18	1.64
awards	-0.18	1.43
remaining	-0.18	1.44
ourselves	-0.18	2.04
went	-0.18	2.07
fascinating	-0.18	1.94
standard	-0.18	1.46
methods	-0.18	1.45
base	-0.18	1.39
argument	-0.18	2.22
publisher	-0.18	1.19
feature	-0.18	1.24
u.s	-0.18	1.34
delusional	-0.18	1.46
muh	-0.18	1.34
implies	-0.18	2.15
default	-0.18	1.55
hold	-0.18	1.77
ad	-0.18	1.39
ends	-0.18	2.08
ridiculously	-0.18	1.77
donate	-0.18	1.70
visiting	-0.18	1.64
soul	-0.18	1.05
active	-0.18	1.49
north	-0.18	1.21
implications	-0.18	1.67
overlap	-0.18	1.84
dedicated	-0.18	1.37
user	-0.18	1.40
igf	-0.18	1.34
suppress	-0.17	1.44
registered	-0.17	1.42
themselves	-0.17	2.06
clue	-0.17	2.52
deep	-0.17	1.71
exception	-0.17	1.56
fake	-0.17	1.45
consider	-0.17	2.58
present	-0.17	1.92
attempt	-0.17	1.91
reflects	-0.17	1.49
tend	-0.17	1.63
felt	-0.17	1.86
discussing	-0.17	2.41
especially	-0.17	2.16
every	-0.17	1.85
adhere	-0.17	1.47
seeking	-0.17	1.81
politics	-0.17	1.61
ongoing	-0.17	1.46
eg	-0.17	1.16
goals	-0.17	1.52
drugs	-0.17	1.23
particular	-0.17	1.63
portion	-0.17	1.42
intentional	-0.17	1.74
orientation	-0.17	1.27
author	-0.17	1.62
overly	-0.17	1.72
partially	-0.17	1.60
dropped	-0.17	1.58
make	-0.17	2.57
stats	-0.17	1.61
proving	-0.16	2.48
victory	-0.16	1.56
without	-0.16	2.01
cold	-0.16	1.31
drm	-0.16	1.27
europe	-0.16	1.28
words	-0.16	1.53
sudden	-0.16	1.41
editorial	-0.16	1.45
manage	-0.16	2.11
percentage	-0.16	1.37
boycotts	-0.16	1.37
seems	-0.16	2.14
gained	-0.16	1.62
worrying	-0.16	1.93
derail	-0.16	1.50
conflicts	-0.16	1.32
badly	-0.16	1.63
importance	-0.16	1.58
irc	-0.16	1.36
protecting	-0.16	1.50
response	-0.16	1.64
assassination	-0.16	1.35
replace	-0.16	1.24
pick	-0.16	1.92
none	-0.16	2.55
moderators	-0.16	1.57
sheer	-0.16	1.13
screenshots	-0.16	1.54
firm	-0.16	1.41
raising	-0.16	1.73
run	-0.16	1.84
nod	-0.16	1.36
meaning	-0.16	1.75
appealing	-0.16	1.49
gaming	-0.16	1.21
tried	-0.16	2.11
odd	-0.16	2.43
breaking	-0.16	1.41
modern	-0.16	1.32
lwu	-0.16	1.34
shadowbanned	-0.16	1.59
removing	-0.16	1.28
posters	-0.16	1.63
validity	-0.16	1.93
audience	-0.16	1.31
maintain	-0.16	1.48
expensive	-0.15	1.36
tactics	-0.15	1.54
advocacy	-0.15	1.33
raised	-0.15	1.68
agendas	-0.15	1.53
raise	-0.15	1.83
three	-0.15	1.78
ban	-0.15	1.41
forces	-0.15	1.54
flip	-0.15	1.84
higher	-0.15	1.39
placed	-0.15	1.59
ran	-0.15	1.62
manipulate	-0.15	1.54
insist	-0.15	1.77
article	-0.15	1.57
adobe	-0.15	1.30
customer	-0.15	1.33
arguments	-0.15	1.79
arbitrary	-0.15	1.40
revolution	-0.15	1.11
decent	-0.15	1.99
scenario	-0.15	2.78
effectively	-0.15	1.78
confirm	-0.15	1.87
uk	-0.15	1.28
contrary	-0.15	1.94
sphere	-0.15	1.31
safety	-0.15	1.50
advertise	-0.15	1.37
grown	-0.15	1.55
strict	-0.15	1.44
apparent	-0.15	1.51
curator	-0.15	1.25
assumption	-0.15	2.09
corporate	-0.15	1.23
split	-0.15	1.50
readers	-0.15	1.33
gaining	-0.15	1.69
nor	-0.15	2.83
journalism	-0.15	1.37
affiliation	-0.14	1.37
appeared	-0.14	1.66
couple	-0.14	1.89
prior	-0.14	1.61
motivation	-0.14	1.26
lw1	-0.14	1.47
her	-0.14	1.33
passed	-0.14	1.56
covering	-0.14	1.50
graphic	-0.14	1.25
mods	-0.14	1.62
stuck	-0.14	1.58
criticisms	-0.14	1.65
islam	-0.14	1.07
hurt	-0.14	1.82
reading	-0.14	2.43
repeat	-0.14	1.90
web	-0.14	1.31
dug	-0.14	1.97
mordor	-0.14	1.26
reduce	-0.14	1.44
relate	-0.14	2.31
subreddits	-0.14	1.65
dream	-0.14	1.20
indie	-0.14	1.22
most	-0.14	2.26
moderator	-0.14	1.60
news	-0.14	1.34
neutrality	-0.14	1.42
tos	-0.14	1.40
revenue	-0.14	1.37
opportunities	-0.14	1.56
consistent	-0.14	1.41
questions	-0.13	1.93
mod	-0.13	1.61
leigh	-0.13	1.14
usually	-0.13	2.17
transparent	-0.13	1.34
biases	-0.13	1.52
starts	-0.13	1.88
critics	-0.13	1.40
explaining	-0.13	2.13
judges	-0.13	1.39
large	-0.13	1.40
notable	-0.13	1.42
forums	-0.13	1.49
emailing	-0.13	1.50
brain	-0.13	1.39
surface	-0.13	1.61
judge	-0.13	1.66
secondly	-0.13	1.66
miles	-0.13	1.04
depression	-0.13	1.20
exploit	-0.13	1.45
wall	-0.13	1.74
shitting	-0.13	1.90
accomplish	-0.13	2.35
involvement	-0.13	1.52
statistics	-0.13	1.70
quiet	-0.13	1.53
distraction	-0.13	1.54
traction	-0.13	1.74
criteria	-0.13	1.56
whatsoever	-0.12	2.06
project	-0.12	1.48
joined	-0.12	1.87
helps	-0.12	1.88
disappointing	-0.12	2.37
scope	-0.12	1.44
noise	-0.12	1.43
fallacy	-0.12	1.63
seem	-0.12	2.72
imply	-0.12	2.76
divide	-0.12	1.61
forcing	-0.12	1.71
pretending	-0.12	2.34
suits	-0.12	1.29
premise	-0.12	1.97
pisses	-0.12	2.24
influenced	-0.12	1.53
drawn	-0.12	1.50
assumptions	-0.12	2.01
loads	-0.12	1.42
releases	-0.12	1.18
influence	-0.12	1.51
servers	-0.12	1.36
apart	-0.12	1.77
advantage	-0.12	1.64
journalistic	-0.12	1.39
taxes	-0.12	1.46
jumping	-0.12	1.73
feet	-0.12	1.53
stage	-0.12	1.57
giant	-0.12	1.28
normally	-0.12	1.98
tries	-0.12	2.05
amounts	-0.12	1.39
subscribe	-0.12	1.59
approved	-0.12	1.41
sets	-0.12	1.55
faster	-0.12	1.78
agency	-0.12	1.29
ways	-0.12	1.90
process	-0.12	1.46
pull	-0.12	1.47
through	-0.12	1.74
developed	-0.11	1.38
regularly	-0.11	1.56
rules	-0.11	1.46
contains	-0.11	1.55
born	-0.11	1.12
depressing	-0.11	2.18
struggle	-0.11	1.38
discovered	-0.11	1.76
inject	-0.11	1.68
pol	-0.11	1.19
references	-0.11	1.40
flying	-0.11	1.32
academics	-0.11	1.37
paid	-0.11	1.45
finding	-0.11	2.21
solely	-0.11	1.60
wardell	-0.11	1.32
internal	-0.11	1.30
skepticism	-0.11	1.38
staying	-0.11	1.60
race	-0.11	1.23
weight	-0.11	1.45
success	-0.11	1.58
desperately	-0.11	1.91
battle	-0.11	1.36
developers	-0.11	1.26
corporations	-0.11	1.31
downvote	-0.11	1.71
scale	-0.11	1.30
forum	-0.11	1.60
srs	-0.11	1.66
presented	-0.11	1.90
stay	-0.11	1.58
ads	-0.11	1.33
competition	-0.11	1.48
vice	-0.11	1.34
service	-0.10	1.45
moderation	-0.10	1.53
knew	-0.10	2.48
progressive	-0.10	1.78
opposition	-0.10	1.57
businesses	-0.10	1.34
territory	-0.10	1.32
reasons	-0.10	1.94
msnbc	-0.10	1.38
moves	-0.10	1.80
funny	-0.10	2.35
experiences	-0.10	1.53
unless	-0.10	3.59
whatnot	-0.10	1.39
projecting	-0.10	1.47
paranoid	-0.10	1.62
any	-0.10	2.49
hundred	-0.10	1.73
far	-0.10	2.25
moot	-0.10	1.36
rhetorical	-0.10	1.56
consumers	-0.10	1.52
fox	-0.10	1.44
biased	-0.10	1.73
encouraged	-0.10	1.38
give	-0.10	2.22
whom	-0.10	1.33
sample	-0.10	1.46
relation	-0.10	1.66
cracked	-0.10	1.35
admins	-0.10	1.56
damaged	-0.09	1.49
me3	-0.09	1.12
log	-0.09	1.30
replying	-0.09	2.13
california	-0.09	1.40
neogaf	-0.09	1.51
disabled	-0.09	1.08
sticks	-0.09	1.59
libertarian	-0.09	2.00
talent	-0.09	1.48
shows	-0.09	1.77
censor	-0.09	1.53
angle	-0.09	1.60
conclusions	-0.09	1.72
fiasco	-0.09	1.61
local	-0.09	1.34
drives	-0.09	1.47
workers	-0.09	1.31
families	-0.09	1.12
costs	-0.09	1.50
occupy	-0.09	1.40
taken	-0.09	2.29
credibility	-0.09	1.74
narratives	-0.09	1.41
adds	-0.09	1.28
artists	-0.09	1.32
quinnspiracy	-0.09	1.58
consensus	-0.09	1.46
tea	-0.09	1.48
preach	-0.09	1.59
seek	-0.09	2.01
taking	-0.08	2.34
keep	-0.08	1.73
fire	-0.08	1.31
east	-0.08	1.35
momentum	-0.08	1.88
increased	-0.08	1.42
bubble	-0.08	1.53
foot	-0.08	1.71
tiny	-0.08	1.42
control	-0.08	1.47
github	-0.08	1.12
integrity	-0.08	1.42
contributed	-0.08	1.55
dead	-0.08	1.36
distract	-0.08	1.58
money	-0.08	1.54
accountability	-0.08	1.44
fails	-0.08	1.92
determine	-0.08	1.65
easy	-0.08	1.75
intel	-0.08	1.31
referencing	-0.08	2.20
cnn	-0.08	1.37
liberal	-0.08	1.98
brigade	-0.08	1.57
offended	-0.08	2.61
quoted	-0.08	1.78
single	-0.08	1.79
paying	-0.08	2.39
slate	-0.08	1.37
address	-0.08	1.72
nuance	-0.08	1.71
fantasies	-0.08	1.23
trick	-0.08	1.49
value	-0.08	1.64
addressing	-0.07	1.87
misunderstanding	-0.07	2.65
poorly	-0.07	1.69
celebrity	-0.07	1.25
decisions	-0.07	1.60
conclusion	-0.07	2.07
explains	-0.07	1.59
reached	-0.07	1.87
proof	-0.07	2.27
leadership	-0.07	1.38
alike	-0.07	1.33
magically	-0.07	2.29
hole	-0.07	1.87
ironically	-0.07	1.56
impact	-0.07	1.60
asked	-0.07	2.14
chunk	-0.07	1.50
were	-0.07	2.59
capitalists	-0.07	1.68
arguably	-0.07	1.64
code	-0.07	1.41
attempting	-0.07	2.04
npr	-0.07	1.41
headline	-0.07	1.54
some	-0.07	2.32
lens	-0.07	1.51
diverse	-0.07	1.31
between	-0.07	1.65
common	-0.07	1.56
respond	-0.07	2.27
controversial	-0.07	1.69
become	-0.07	1.98
nudes	-0.07	1.30
religious	-0.07	1.16
pulling	-0.07	1.37
host	-0.07	1.37
ensure	-0.07	1.52
soft	-0.07	1.46
canadian	-0.06	1.26
ghazi	-0.06	1.81
determined	-0.06	1.55
audiences	-0.06	1.41
leftist	-0.06	1.84
cunt	-0.06	1.30
strictly	-0.06	1.77
gamasutra	-0.06	1.32
feel	-0.06	2.55
avoid	-0.06	1.59
points	-0.06	2.11
inspired	-0.06	1.26
stretch	-0.06	1.80
matters	-0.06	2.49
chain	-0.06	1.36
neutral	-0.06	1.60
unfortunately	-0.06	2.26
contact	-0.06	1.68
workplace	-0.06	1.21
black	-0.06	1.08
decision	-0.06	1.63
barrier	-0.06	1.46
surprisingly	-0.06	1.78
professionals	-0.06	1.57
limited	-0.06	1.42
100	-0.06	2.20
domain	-0.06	1.34
pay	-0.06	1.57
sexuality	-0.06	1.22
shutting	-0.06	1.46
doom	-0.06	0.97
dev	-0.06	1.28
aim	-0.06	1.76
kicking	-0.06	1.62
poll	-0.06	1.53
appeal	-0.06	1.48
affect	-0.06	1.49
leaning	-0.06	1.99
soldiers	-0.05	1.13
roots	-0.05	1.52
joe	-0.05	1.10
listened	-0.05	1.90
doing	-0.05	3.38
building	-0.05	1.73
albeit	-0.05	1.65
connect	-0.05	2.15
west	-0.05	1.33
donation	-0.05	1.52
drive	-0.05	1.77
topics	-0.05	1.84
morale	-0.05	1.45
destroy	-0.05	1.48
opponents	-0.05	1.61
ammunition	-0.05	1.41
ground	-0.05	1.60
ruin	-0.05	1.50
reviewer	-0.05	1.57
invented	-0.05	1.16
request	-0.05	1.60
gamerghazi	-0.05	1.82
biggest	-0.05	2.78
contacting	-0.05	1.51
bill	-0.05	1.22
porn	-0.05	1.12
same	-0.05	2.74
subs	-0.05	1.66
viewing	-0.05	1.53
profits	-0.05	1.43
passes	-0.05	1.43
sites	-0.05	1.37
sub	-0.05	1.82
dollars	-0.05	1.65
failed	-0.05	1.82
interpretation	-0.05	1.60
realm	-0.05	1.51
pulled	-0.04	1.28
substantial	-0.04	1.79
dmca	-0.04	1.26
commented	-0.04	1.89
mode	-0.04	1.21
favors	-0.04	1.37
rabbit	-0.04	1.85
small	-0.04	1.36
met	-0.04	1.79
carried	-0.04	1.24
timeline	-0.04	1.56
lived	-0.04	1.42
something	-0.04	3.54
owns	-0.04	1.39
shift	-0.04	1.65
employed	-0.04	1.56
blowing	-0.04	1.63
jones	-0.04	1.14
iirc	-0.04	1.41
direction	-0.04	1.84
nowhere	-0.04	1.83
subreddit	-0.04	1.70
cheong	-0.04	1.02
showed	-0.04	1.78
enforce	-0.04	1.58
face	-0.04	1.82
advertising	-0.04	1.33
income	-0.04	1.41
lot	-0.04	2.34
regarding	-0.04	1.56
loose	-0.04	1.43
efforts	-0.04	1.75
contract	-0.04	1.43
pander	-0.04	1.56
publishers	-0.03	1.27
name	-0.03	1.68
vagina	-0.03	1.31
national	-0.03	1.33
95	-0.03	1.62
root	-0.03	1.73
roughly	-0.03	1.55
critique	-0.03	1.49
mentioning	-0.03	2.13
figure	-0.03	2.77
inside	-0.03	1.53
handed	-0.03	1.61
knights	-0.03	1.30
mention	-0.03	2.75
shirtgate	-0.03	1.41
mercedes	-0.03	1.35
skill	-0.03	1.31
depending	-0.03	1.55
relating	-0.03	1.43
archives	-0.03	1.52
having	-0.03	2.25
hurting	-0.03	1.61
defeat	-0.03	1.65
website	-0.03	1.35
appearance	-0.03	1.42
prevalent	-0.03	1.44
differences	-0.03	1.58
keeping	-0.03	1.68
create	-0.03	1.73
gather	-0.03	1.56
legitimate	-0.03	1.56
historical	-0.03	1.46
moved	-0.02	1.80
precious	-0.02	1.57
continues	-0.02	1.98
photos	-0.02	1.27
logs	-0.02	1.51
gawker	-0.02	1.31
matter	-0.02	3.53
factor	-0.02	1.73
responded	-0.02	1.86
keyboard	-0.02	1.34
reviewers	-0.02	1.40
ludicrous	-0.02	1.65
order	-0.02	2.14
developing	-0.02	1.80
markets	-0.02	1.40
japan	-0.02	1.25
leaving	-0.02	1.83
ability	-0.02	2.05
rise	-0.02	1.50
r/gamerghazi	-0.02	1.83
turn	-0.02	2.39
conform	-0.02	1.64
nearly	-0.02	1.79
generally	-0.02	1.95
boycotting	-0.02	1.42
cbc	-0.02	1.40
affects	-0.02	1.45
within	-0.02	1.69
cancel	-0.02	1.50
legitimacy	-0.02	1.71
consideration	-0.02	1.52
gtav	-0.02	1.20
tied	-0.02	1.47
young	-0.02	1.42
launch	-0.02	1.31
petition	-0.02	1.19
raped	-0.02	1.24
cater	-0.02	1.44
shape	-0.02	1.61
falling	-0.02	1.95
carry	-0.02	1.47
skype	-0.02	1.33
bbc	-0.02	1.40
mock	-0.02	1.37
areas	-0.02	1.60
effort	-0.02	1.82
sink	-0.02	1.80
knight	-0.02	1.16
owners	-0.02	1.33
tia	-0.01	1.72
steam	-0.01	1.16
took	-0.01	2.12
facebook	-0.01	1.44
sounds	-0.01	2.48
designed	-0.01	1.76
services	-0.01	1.49
south	-0.01	1.25
award	-0.01	1.43
jonathan	-0.01	0.97
lines	-0.01	1.62
decide	-0.01	2.31
actual	-0.01	1.74
paper	-0.01	1.36
reviews	-0.01	1.42
european	-0.01	1.34
trying	-0.01	2.27
closed	-0.01	1.48
lower	-0.01	1.33
trap	-0.01	1.79
destroying	-0.01	1.49
fall	-0.01	2.04
site	-0.01	1.36
karma	-0.01	1.56
seen	-0.01	2.46
balance	-0.01	1.56
subscribed	-0.01	1.58
real	-0.01	2.10
places	-0.01	1.88
nick	-0.00	1.35
whether	-0.00	2.76
jeff	-0.00	1.45
indicate	-0.00	1.81
companies	-0.00	1.30
counts	-0.00	1.69
outsider	-0.00	1.75
reflection	-0.00	1.32
critical	-0.00	1.57
numbers	-0.00	1.52
shut	-0.00	1.57
picked	-0.00	1.59
encourages	-0.00	1.15
implying	-0.00	2.59
rather	0.00	1.93
ars	0.00	1.36
labor	0.00	1.48
cernovich	0.00	1.22
dictionary	0.00	1.52
piss	0.00	1.82
experts	0.00	1.54
flag	0.00	1.37
possible	0.00	2.72
1000	0.00	1.69
suddenly	0.00	2.21
share	0.00	2.04
sufficient	0.00	1.72
fingers	0.00	1.76
pm	0.01	1.80
thousand	0.01	1.72
deliberate	0.01	1.83
networks	0.01	1.31
analysis	0.01	1.55
panel	0.01	1.46
referring	0.01	1.97
developer	0.01	1.35
read	0.01	2.14
describing	0.01	1.63
operation	0.01	1.34
down	0.01	1.89
him	0.01	2.27
submitted	0.01	1.43
stealing	0.01	1.47
critiques	0.01	1.47
skewed	0.01	1.81
save	0.01	1.47
favorable	0.01	1.33
gave	0.01	1.67
proportion	0.01	1.41
gta	0.01	1.12
community	0.01	1.38
children	0.01	1.13
hypothetical	0.01	1.70
videogame	0.01	1.24
lawyers	0.01	1.43
american	0.01	1.44
hotwheels	0.01	1.27
critic	0.01	1.41
broadcast	0.01	1.44
commercial	0.01	1.40
visit	0.01	1.72
drag	0.01	1.78
connection	0.01	1.57
debating	0.02	2.35
ones	0.02	2.31
law	0.02	1.41
hitting	0.02	1.75
existed	0.02	2.36
tastes	0.02	1.56
debates	0.02	1.59
live	0.02	1.54
stake	0.02	1.57
shes	0.02	1.59
produce	0.02	1.74
looking	0.02	2.79
valid	0.02	1.95
faces	0.02	1.77
throwaway	0.02	1.53
worthy	0.02	1.34
percent	0.02	1.59
talking	0.02	3.50
90s	0.02	1.51
communication	0.02	1.45
official	0.02	1.45
recent	0.02	1.43
fence	0.02	1.81
ashamed	0.02	2.02
coverage	0.02	1.56
subjective	0.02	1.58
corporation	0.02	1.30
reduced	0.02	1.43
focusing	0.02	1.94
whatever	0.02	3.05
blow	0.02	1.58
ten	0.02	1.84
challenge	0.02	1.96
special	0.02	1.66
opened	0.02	1.55
reasonably	0.02	1.40
showing	0.02	2.04
sommers	0.03	1.22
outside	0.03	1.80
understandable	0.03	1.61
recognize	0.03	2.38
history	0.03	1.43
perspectives	0.03	1.59
past	0.03	2.00
fb	0.03	1.48
get	0.03	2.69
expand	0.03	1.69
amusing	0.03	2.32
era	0.03	1.41
running	0.03	2.01
engine	0.03	1.29
fallacies	0.03	1.64
bend	0.03	1.59
ratio	0.03	1.49
connections	0.03	1.39
meet	0.03	1.58
action	0.03	1.61
spending	0.03	1.80
disappear	0.03	2.02
self-awareness	0.03	1.34
arthur	0.03	0.97
kotaku	0.03	1.36
access	0.03	1.42
data	0.03	1.69
stolen	0.03	1.33
partners	0.03	1.36
exercise	0.03	1.49
gate	0.03	1.40
presents	0.03	1.58
kia	0.03	1.86
comfortable	0.03	2.66
requires	0.04	1.58
discuss	0.04	2.39
kicked	0.04	1.63
ruining	0.04	1.51
shove	0.04	1.65
inability	0.04	2.03
additionally	0.04	1.57
90	0.04	1.66
university	0.04	1.59
ranks	0.04	1.28
suit	0.04	1.54
hopes	0.04	1.68
brad	0.04	1.35
question	0.04	2.47
ian	0.04	1.01
network	0.04	1.34
academic	0.04	1.42
deciding	0.04	2.00
answered	0.04	2.13
lose	0.04	1.83
explore	0.04	1.56
mature	0.04	1.24
transparency	0.04	1.39
mouth	0.04	1.78
youtubers	0.04	1.23
independent	0.04	1.38
elsewhere	0.04	2.15
found	0.04	1.94
potential	0.04	1.58
simply	0.04	3.65
area	0.05	1.51
dollar	0.05	1.65
grey	0.05	1.34
remove	0.05	1.40
pages	0.05	1.54
score	0.05	1.37
sided	0.05	1.56
sums	0.05	1.52
review	0.05	1.44
explain	0.05	2.78
citizen	0.05	1.27
silent	0.05	1.41
queen	0.05	1.20
communities	0.05	1.28
line	0.05	2.22
pointed	0.05	1.98
exchange	0.05	1.51
famous	0.05	1.40
fbi	0.05	1.35
trusted	0.05	1.83
radio	0.05	1.59
pics	0.05	1.22
spend	0.05	1.89
sword	0.05	0.97
quotes	0.05	1.54
objective	0.05	1.53
minds	0.05	1.97
driving	0.05	1.55
discussions	0.05	1.65
continue	0.05	2.31
unrelated	0.06	1.71
san	0.06	1.41
burning	0.06	1.32
verge	0.06	1.32
jumped	0.06	1.88
much	0.06	2.47
joining	0.06	1.54
four	0.06	1.89
properly	0.06	2.04
issue	0.06	2.21
frank	0.06	1.25
magazine	0.06	1.39
detractors	0.06	1.47
understood	0.06	2.19
indication	0.06	2.22
demonstrated	0.06	2.01
entry	0.06	1.55
reviewing	0.06	1.40
wind	0.06	1.78
direct	0.06	1.52
magazines	0.06	1.34
encountered	0.06	2.14
artistic	0.06	1.52
aaa	0.06	1.25
jokes	0.06	1.56
further	0.06	1.92
guidelines	0.06	1.46
anything	0.06	3.05
fail	0.06	2.11
public	0.07	1.42
try	0.07	2.29
cost	0.07	1.65
slept	0.07	1.40
francisco	0.07	1.51
hes	0.07	1.47
asses	0.07	1.64
akin	0.07	1.41
permission	0.07	1.43
mainly	0.07	1.55
adopted	0.07	1.42
thinking	0.07	2.94
interests	0.07	1.44
participate	0.07	2.00
chamber	0.07	1.54
survey	0.07	1.60
washington	0.07	1.45
track	0.07	1.56
ca	0.07	2.62
kotakuinaction	0.07	1.83
huffpo	0.07	1.37
photo	0.07	1.37
energy	0.07	1.72
ties	0.07	1.45
burned	0.07	1.45
listen	0.07	3.01
million	0.07	1.68
phone	0.07	1.24
e.g	0.07	1.32
growing	0.07	1.48
made	0.07	2.02
needing	0.07	1.72
industries	0.07	1.38
research	0.07	1.71
ruined	0.07	1.43
limit	0.08	1.55
philosophy	0.08	1.51
succeed	0.08	2.35
freely	0.08	2.13
include	0.08	1.65
download	0.08	1.22
baldwin	0.08	1.29
y'know	0.08	1.70
approval	0.08	1.56
had	0.08	2.70
devil	0.08	1.14
presumably	0.08	1.39
legitimately	0.08	1.99
universe	0.08	1.23
gamespot	0.08	1.48
justice	0.08	1.38
told	0.08	2.25
browser	0.08	1.33
necessarily	0.08	3.10
revealing	0.08	1.34
boogie	0.08	1.31
peer	0.08	1.41
presenting	0.08	2.06
shake	0.08	1.77
declare	0.08	1.65
bored	0.08	1.88
copies	0.08	1.28
viewers	0.08	1.35
grow	0.08	1.82
kingofpol	0.08	1.22
allies	0.08	1.54
rating	0.08	1.39
cents	0.08	1.61
hoff	0.08	1.29
six	0.08	1.86
force	0.08	1.68
firing	0.08	1.36
steps	0.08	1.79
times	0.08	1.95
cast	0.08	1.27
billion	0.08	1.68
bigger	0.09	1.64
moving	0.09	2.12
take	0.09	2.66
fired	0.09	1.26
successfully	0.09	1.79
decades	0.09	2.34
distress	0.09	1.14
solid	0.09	1.45
ring	0.09	1.55
detail	0.09	1.89
eye	0.09	1.65
happened	0.09	2.51
presentation	0.09	1.50
happening	0.09	3.15
size	0.09	1.36
info	0.09	1.43
half	0.09	1.91
rps	0.09	1.34
extension	0.09	1.35
pakman	0.09	1.30
saw	0.09	2.03
skin	0.09	1.30
echo	0.09	1.62
quickly	0.09	2.08
fit	0.09	1.60
develop	0.09	1.73
song	0.09	1.30
events	0.09	1.64
aspects	0.09	1.61
pretend	0.10	3.12
subjects	0.10	1.53
approach	0.10	1.62
sticky	0.10	1.86
model	0.10	1.31
visible	0.10	1.61
et	0.10	1.20
realizing	0.10	2.14
others	0.10	2.24
ve	0.10	2.57
kids	0.10	1.21
brains	0.10	1.56
does	0.10	2.99
fact	0.10	3.56
machine	0.10	1.33
significant	0.10	1.46
care	0.10	2.95
resistance	0.10	1.45
show	0.10	1.88
mean	0.10	3.63
careers	0.10	1.54
build	0.10	1.72
elements	0.10	1.39
wolf	0.10	1.47
policies	0.10	1.44
high	0.10	1.42
ally	0.10	1.44
step	0.10	2.12
wasting	0.10	2.11
product	0.10	1.47
spent	0.10	1.87
merely	0.10	2.15
remind	0.10	2.01
difficult	0.10	1.87
built	0.10	1.53
allowing	0.10	1.98
understand	0.10	3.56
financial	0.10	1.47
window	0.10	1.53
document	0.10	1.49
ups	0.10	1.55
frequent	0.11	1.54
200	0.11	1.69
minimum	0.11	1.48
dislike	0.11	2.42
winning	0.11	1.54
online	0.11	1.07
thick	0.11	1.30
reflect	0.11	1.69
denton	0.11	1.38
afford	0.11	2.09
amazon	0.11	1.36
neither	0.11	2.90
opportunity	0.11	2.02
copyright	0.11	1.53
birth	0.11	1.37
boys	0.11	1.15
mistaken	0.11	3.01
reporters	0.11	1.38
task	0.11	1.56
head	0.11	1.82
believe	0.11	3.65
over	0.11	2.35
instant	0.11	1.57
obsessed	0.11	1.80
hiring	0.11	1.54
inb4	0.11	1.44
ign	0.11	1.34
dell	0.11	1.23
products	0.11	1.40
distribution	0.12	1.30
align	0.12	2.07
body	0.12	1.43
exactly	0.12	3.55
mass	0.12	1.08
ed	0.12	1.45
beast	0.12	1.35
gifts	0.12	1.47
problems	0.12	1.81
codes	0.12	1.38
bonuses	0.12	1.37
replied	0.12	1.83
mission	0.12	1.38
when	0.12	3.02
systems	0.12	1.42
possibility	0.12	1.84
listening	0.12	2.33
australia	0.12	1.24
seemed	0.12	1.84
suggesting	0.12	2.69
details	0.12	1.78
pr	0.12	1.50
healthy	0.13	1.43
got	0.13	1.94
policy	0.13	1.47
becoming	0.13	1.83
scores	0.13	1.34
pot	0.13	1.22
70	0.13	1.65
barely	0.13	2.24
fez	0.13	1.38
demands	0.13	1.70
join	0.13	2.05
platforms	0.13	1.35
time	0.13	2.48
earth	0.13	1.23
educated	0.13	1.36
improving	0.13	1.55
flow	0.13	1.41
source	0.13	1.64
polygon	0.13	1.33
posted	0.13	1.71
sympathetic	0.13	1.54
proposed	0.13	1.45
participants	0.13	1.47
funds	0.13	1.58
cut	0.13	1.68
delete	0.13	1.61
mix	0.13	1.37
bizarre	0.13	2.20
impartial	0.13	1.61
market	0.14	1.42
limits	0.14	1.75
80	0.14	1.64
supposed	0.14	2.48
positively	0.14	1.54
street	0.14	1.44
interactions	0.14	1.36
owner	0.14	1.31
tune	0.14	1.85
branch	0.14	1.77
lives	0.14	1.46
verify	0.14	2.26
quietly	0.14	1.94
survive	0.14	1.60
channels	0.14	1.31
benefit	0.14	1.78
spaces	0.14	1.47
fly	0.14	1.73
shocked	0.14	2.44
<SPECIAL>	0.14	1.28
<URL>	0.14	1.28
sleeping	0.14	1.27
stick	0.14	1.88
themes	0.14	1.48
meta	0.14	1.40
punch	0.14	1.54
incentive	0.14	1.75
bodies	0.14	1.23
primarily	0.14	1.48
york	0.14	1.44
habit	0.14	1.69
friends	0.14	1.31
instead	0.15	2.00
designer	0.15	1.30
budget	0.15	1.49
origin	0.15	1.28
meaningful	0.15	1.72
chooses	0.15	2.16
customers	0.15	1.33
allow	0.15	2.08
interest	0.15	1.43
patrick	0.15	1.41
mike	0.15	1.28
argue	0.15	3.18
protest	0.15	1.40
creators	0.15	1.31
grayson	0.15	1.24
inform	0.15	1.82
colbert	0.15	1.22
agree	0.15	3.62
hobbies	0.15	1.30
tolerance	0.15	1.42
stopped	0.15	2.10
citing	0.15	1.69
controlled	0.15	1.25
test	0.15	1.59
50	0.15	1.68
standpoint	0.15	1.49
development	0.15	1.38
nathan	0.15	1.23
importantly	0.15	1.65
sign	0.15	1.84
civil	0.15	1.44
aspect	0.15	1.57
debate	0.15	1.64
decade	0.15	1.98
concrete	0.15	2.02
disclose	0.15	1.47
dick	0.15	1.37
sound	0.15	1.88
passing	0.15	1.64
tech	0.15	1.47
asking	0.15	2.68
stone	0.15	1.48
disclosed	0.15	1.43
fully	0.15	2.53
metacritic	0.16	1.37
language	0.16	1.60
featured	0.16	1.39
yourself	0.16	2.51
concerns	0.16	1.76
talk	0.16	3.00
screwed	0.16	1.61
insert	0.16	1.52
scheme	0.16	1.51
2nd	0.16	1.58
part	0.16	2.45
characters	0.16	1.15
kop	0.16	1.29
reliable	0.16	1.62
may	0.16	3.32
james	0.16	1.25
wherever	0.16	1.78
dominated	0.16	1.31
ask	0.16	2.75
positive	0.16	1.48
legs	0.16	1.52
meeting	0.16	1.47
stepped	0.16	1.93
memes	0.16	1.42
during	0.16	1.82
strength	0.17	1.20
perfectly	0.17	1.60
creative	0.17	1.44
path	0.17	1.70
context	0.17	1.77
cite	0.17	1.68
tank	0.17	1.31
studios	0.17	1.34
segment	0.17	1.37
advance	0.17	1.58
prevent	0.17	1.82
bucks	0.17	1.80
hugbox	0.17	1.65
worded	0.17	1.79
negatively	0.17	1.64
forced	0.17	2.12
true	0.17	3.66
himself	0.17	1.51
department	0.17	1.31
submit	0.17	1.52
background	0.17	1.37
dress	0.17	1.26
august	0.17	2.01
digital	0.17	1.30
arms	0.18	1.35
enter	0.18	1.74
distinct	0.18	1.59
up	0.18	2.36
nowadays	0.18	1.73
avatar	0.18	1.38
training	0.18	1.34
storm	0.18	1.37
serves	0.18	1.54
informing	0.18	1.64
invited	0.18	1.59
move	0.18	2.34
inclusiveness	0.18	1.27
sources	0.18	1.70
hear	0.18	2.93
surprise	0.18	2.59
alternate	0.18	1.70
change	0.18	2.44
came	0.18	2.36
progress	0.18	1.58
cop	0.18	1.34
unable	0.18	2.20
pool	0.18	1.37
pursue	0.18	1.77
highest	0.18	1.39
interview	0.19	1.47
forgotten	0.19	2.19
qualified	0.19	1.86
actors	0.19	1.38
randomly	0.19	1.62
cited	0.19	1.70
school	0.19	1.32
chance	0.19	2.28
front	0.19	1.75
heads	0.19	1.80
hitman	0.19	1.23
colors	0.19	1.60
artist	0.19	1.37
creed	0.19	1.10
convince	0.19	2.64
nuclear	0.19	1.25
since	0.19	2.65
fell	0.19	1.80
thoroughly	0.19	1.60
choices	0.19	1.61
60	0.19	1.64
cars	0.19	1.41
going	0.19	3.52
offending	0.19	1.80
universities	0.19	1.51
convention	0.19	1.45
academia	0.19	1.50
subject	0.19	1.93
back	0.19	2.64
element	0.20	1.54
professor	0.20	1.46
reaching	0.20	1.79
stop	0.20	1.98
obligation	0.20	2.05
virtual	0.20	1.25
hint	0.20	1.86
preventing	0.20	1.68
ftc	0.20	1.50
results	0.20	1.71
jimmy	0.20	1.57
price	0.20	1.47
staff	0.20	1.35
recall	0.20	2.33
serious	0.20	1.93
scare	0.20	1.50
sexualized	0.20	1.16
nose	0.20	1.63
able	0.20	2.56
relationship	0.20	1.38
early	0.20	1.90
choosing	0.20	2.25
working	0.21	2.39
according	0.21	1.69
benefits	0.21	1.55
kain	0.21	1.36
selling	0.21	1.30
doesnt	0.21	2.25
last	0.21	1.98
stepping	0.21	1.87
disclosing	0.21	1.40
notes	0.21	1.45
chinese	0.21	1.15
genuinely	0.21	2.02
likely	0.21	2.05
fault	0.21	3.15
reasonable	0.21	1.37
primary	0.21	1.56
beat	0.21	1.56
adblock	0.21	1.35
bothered	0.21	2.47
concede	0.21	2.65
anywhere	0.21	2.95
enough	0.21	2.63
first	0.21	2.16
stops	0.21	1.93
poster	0.21	1.70
spot	0.21	1.54
sf	0.21	1.44
morality	0.21	1.43
concern	0.21	1.62
clothes	0.21	1.25
somewhere	0.21	2.08
discussion	0.21	1.58
leave	0.22	2.48
engage	0.22	1.74
long	0.22	2.74
gang	0.22	1.18
involve	0.22	1.89
2012	0.22	1.92
door	0.22	1.77
provide	0.22	1.93
tactic	0.22	1.62
dying	0.22	1.02
defense	0.22	1.49
orders	0.22	1.47
programs	0.22	1.43
seconds	0.22	1.82
hand	0.22	2.22
fast	0.22	1.77
thread	0.22	1.82
desire	0.22	2.15
beyond	0.22	1.55
planned	0.22	1.52
contribute	0.23	1.74
come	0.23	2.81
valve	0.23	1.15
demanding	0.23	1.87
saying	0.23	3.63
central	0.23	1.33
alpha	0.23	1.35
ie	0.23	1.54
hair	0.23	1.19
heard	0.23	2.70
unwilling	0.23	2.24
deeper	0.23	1.80
before	0.23	2.56
cunts	0.23	1.38
target	0.23	1.30
clearly	0.23	2.75
quality	0.23	1.44
carefully	0.23	1.83
company	0.23	1.26
hypocrite	0.23	1.06
currently	0.23	1.96
schools	0.23	1.44
done	0.23	3.04
chat	0.23	1.41
never	0.23	2.91
enemies	0.23	1.57
addition	0.23	1.13
weeks	0.23	2.02
right	0.24	3.51
worked	0.24	1.99
buy	0.24	1.60
refused	0.24	2.28
tinfoil	0.24	1.52
2013	0.24	1.89
rid	0.24	1.70
army	0.24	1.33
location	0.24	1.42
expense	0.24	1.47
tear	0.24	1.57
40	0.24	1.78
pax	0.24	1.43
corner	0.24	1.78
deliver	0.24	1.55
end	0.24	2.80
hired	0.24	1.45
marketing	0.24	1.32
shilling	0.24	1.41
laid	0.24	1.68
guest	0.24	1.56
friendship	0.24	1.50
damsel	0.24	1.19
originally	0.24	1.82
ended	0.24	1.91
realise	0.24	2.93
suggested	0.25	1.89
respectfully	0.25	1.50
former	0.25	1.28
failing	0.25	1.91
trust	0.25	2.78
discourse	0.25	1.51
too	0.25	2.43
reasoned	0.25	1.47
complex	0.25	1.66
rock	0.25	1.48
computers	0.25	1.46
thing	0.25	2.90
strawman	0.25	1.56
ive	0.25	2.23
started	0.25	2.10
yet	0.25	3.09
programming	0.25	1.47
shitposting	0.25	1.42
george	0.25	1.23
biscuit	0.25	1.22
choose	0.25	2.43
kick	0.25	1.69
go	0.25	2.82
conflict	0.25	1.58
walk	0.25	1.83
screen	0.25	1.40
television	0.25	1.40
admittedly	0.25	1.81
war	0.25	1.35
did	0.25	3.04
tool	0.25	1.35
bothering	0.26	2.71
emphasis	0.26	1.54
perspective	0.26	1.81
after	0.26	2.25
classes	0.26	1.48
hernandez	0.26	1.25
related	0.26	2.02
patricia	0.26	1.26
ass	0.26	1.67
slow	0.26	1.51
extra	0.26	1.62
minute	0.26	1.74
software	0.26	1.47
previous	0.26	1.65
eyes	0.26	1.68
things	0.26	2.95
decided	0.26	2.37
erik	0.26	1.35
risk	0.26	1.65
muslim	0.27	1.16
issues	0.27	1.86
allowed	0.27	2.54
license	0.27	1.64
dq	0.27	1.32
proper	0.27	1.58
dialog	0.27	1.57
band	0.27	1.42
air	0.27	1.41
current	0.27	1.71
99	0.27	1.69
researched	0.27	1.70
touched	0.27	2.00
credit	0.27	1.58
begging	0.27	1.83
topic	0.27	1.94
studies	0.27	1.55
balls	0.27	1.48
researching	0.27	2.03
jennie	0.27	1.29
protagonists	0.27	1.21
offered	0.27	1.88
stock	0.27	1.29
editor	0.28	1.32
comprehension	0.28	1.72
function	0.28	1.78
felicia	0.28	1.08
tb	0.28	1.25
myself	0.28	2.41
slowly	0.28	1.86
me	0.28	2.91
admin	0.28	1.64
exist	0.28	3.11
strip	0.28	1.36
drop	0.28	1.76
house	0.28	1.41
refuses	0.28	2.29
shadow	0.28	1.26
sensible	0.28	1.38
youre	0.28	1.78
techraptor	0.28	1.39
another	0.28	2.26
chose	0.28	2.25
hence	0.29	1.58
realize	0.29	3.18
conversation	0.29	1.54
role	0.29	1.23
technical	0.29	1.47
alone	0.29	2.87
thunderf00t	0.29	1.20
models	0.29	1.19
coding	0.29	1.45
fish	0.29	1.16
fallen	0.29	1.72
sold	0.29	1.30
reputation	0.29	1.57
big	0.29	1.66
device	0.29	1.34
focused	0.29	1.69
medium	0.29	1.34
stores	0.29	1.33
niche	0.29	1.33
route	0.29	1.95
assumed	0.29	2.40
september	0.29	2.05
education	0.30	1.49
podcast	0.30	1.54
encyclopedia	0.30	1.66
shelves	0.30	1.26
section	0.30	1.81
format	0.30	1.34
verified	0.30	1.72
sciences	0.30	1.51
australian	0.30	1.25
require	0.30	1.55
removal	0.30	1.34
scientific	0.30	1.53
pictures	0.30	1.28
refusing	0.30	2.27
horse	0.30	1.53
color	0.30	1.37
spaghetti	0.30	1.39
dialogue	0.30	1.52
laugh	0.30	1.80
beginning	0.30	2.13
enemy	0.30	1.52
away	0.30	2.32
date	0.30	1.78
stories	0.30	1.53
ethics	0.30	1.52
dogs	0.30	1.07
tools	0.30	1.50
affiliate	0.30	1.42
grain	0.31	1.57
thesis	0.31	1.67
minded	0.31	1.50
toe	0.31	1.53
carrying	0.31	1.38
college	0.31	1.64
rockstar	0.31	1.06
sooner	0.31	2.24
once	0.31	2.67
help	0.31	2.87
investigative	0.31	1.47
hands	0.31	1.78
provided	0.31	1.81
theme	0.31	1.42
bridge	0.31	1.63
ffs	0.31	1.24
learned	0.31	2.16
program	0.31	1.41
choice	0.31	2.20
diversity	0.31	1.29
totalbiscuit	0.31	1.15
property	0.31	1.44
continued	0.31	1.65
released	0.31	1.70
reverse	0.31	1.52
straight	0.31	1.19
degrees	0.31	1.57
missing	0.31	2.67
v	0.31	1.28
degree	0.31	1.68
october	0.31	2.10
quit	0.31	1.64
notice	0.32	2.95
speaker	0.32	1.62
arts	0.32	1.54
directly	0.32	1.75
idea	0.32	2.86
checking	0.32	1.96
hanging	0.32	1.50
case	0.32	2.80
switch	0.32	1.73
ever	0.32	2.98
demand	0.32	1.92
logical	0.32	1.73
cant	0.32	2.37
expert	0.32	2.02
scientists	0.32	1.35
atheists	0.32	1.18
frequency	0.32	1.22
nero	0.32	1.24
polite	0.32	1.47
german	0.32	1.30
terrified	0.32	2.09
later	0.32	2.11
milo	0.32	1.24
sell	0.32	1.33
obviously	0.32	3.07
today	0.32	2.19
religion	0.32	1.18
editors	0.32	1.63
tax	0.32	1.44
will	0.32	2.79
yesterday	0.32	1.71
car	0.32	1.42
pants	0.32	1.49
mundanematt	0.32	1.22
surely	0.33	2.11
tits	0.33	1.25
profile	0.33	1.58
heck	0.33	2.87
provides	0.33	1.61
phil	0.33	1.13
pi	0.33	1.22
wallet	0.33	1.67
point	0.33	3.58
light	0.33	1.38
start	0.33	2.06
twisted	0.33	1.25
secondary	0.33	1.65
pandering	0.33	1.33
pass	0.33	1.96
huge	0.33	1.13
pov	0.33	1.70
worth	0.33	2.11
colour	0.33	1.36
managed	0.33	2.19
answers	0.33	1.88
shop	0.33	1.35
informed	0.33	1.72
bay	0.33	1.38
heavy	0.33	1.45
rising	0.34	1.30
rebuttal	0.34	1.64
ryulong	0.34	1.77
vox	0.34	1.33
wales	0.34	1.87
headed	0.34	1.48
verification	0.34	1.71
google	0.34	1.52
solve	0.34	2.30
jump	0.34	2.00
need	0.34	2.83
hour	0.34	1.93
compete	0.34	1.49
city	0.34	1.39
where	0.34	2.95
linked	0.34	1.73
effect	0.34	1.33
concerning	0.34	1.61
aristocrat	0.34	1.22
mind	0.34	3.19
damning	0.34	1.70
saving	0.34	1.38
conversations	0.34	1.58
david	0.34	1.38
fits	0.34	1.28
nuts	0.34	1.62
owned	0.34	1.36
should	0.35	3.05
begin	0.35	2.72
crew	0.35	1.32
rotten	0.35	1.44
ia	0.35	1.24
ratings	0.35	1.32
field	0.35	1.65
sony	0.35	1.20
king	0.35	1.28
object	0.35	1.65
even	0.35	3.20
store	0.35	1.31
weapon	0.35	1.48
complicated	0.35	1.91
student	0.35	1.51
signed	0.35	1.36
refuse	0.35	2.46
bear	0.35	1.76
bottom	0.36	1.73
main	0.36	1.62
jimbo	0.36	1.85
surgery	0.36	1.42
serve	0.36	1.70
purposes	0.36	1.54
engineering	0.36	1.50
difference	0.36	2.35
appropriate	0.36	1.21
objectively	0.36	1.68
wp	0.36	1.67
production	0.36	1.42
non	0.36	1.56
features	0.36	1.50
seeing	0.36	2.87
strikes	0.36	1.65
playable	0.36	1.11
coherent	0.36	1.63
dare	0.36	2.10
powerful	0.36	1.52
phase	0.36	1.53
happen	0.36	3.19
willing	0.37	2.55
busy	0.37	2.03
employment	0.37	1.45
green	0.37	1.27
shots	0.37	1.40
focus	0.37	1.75
must	0.37	2.68
tv	0.37	1.40
instance	0.37	1.53
changing	0.37	1.94
stephen	0.37	1.02
wikipedia	0.37	1.68
tell	0.37	3.05
assessment	0.37	1.74
week	0.37	2.14
which	0.37	3.19
top	0.37	1.63
net	0.37	1.44
expect	0.37	2.94
physics	0.37	1.43
cross	0.37	1.73
sick	0.37	1.89
immediate	0.37	1.43
ages	0.37	1.41
letting	0.37	2.41
imo	0.37	2.08
realized	0.37	2.42
watson	0.37	1.35
math	0.38	1.49
peoples	0.38	1.72
blue	0.38	1.26
adam	0.38	1.17
ceo	0.38	1.24
art	0.38	1.38
life	0.38	1.58
obvious	0.38	1.74
began	0.38	2.02
method	0.38	1.67
rated	0.38	1.26
documents	0.38	1.41
earn	0.38	1.81
mental	0.38	1.32
music	0.38	1.56
meme	0.38	1.51
20	0.39	1.81
youtube	0.39	1.23
steve	0.39	1.36
sargon	0.39	1.24
trip	0.39	1.49
calm	0.39	1.49
answer	0.39	2.77
always	0.39	3.04
resources	0.39	1.59
engineer	0.39	1.55
pill	0.39	1.34
shadows	0.39	1.34
hours	0.39	1.90
stream	0.39	1.41
adopt	0.39	1.61
liana	0.39	1.40
now	0.39	3.61
cutting	0.39	1.39
accept	0.39	2.54
generic	0.39	1.25
near	0.39	1.58
button	0.39	1.45
30	0.39	1.81
oliver	0.39	1.29
video	0.40	1.08
streams	0.40	1.42
wear	0.40	1.26
wo	0.40	2.87
weakness	0.40	1.56
tired	0.40	2.00
search	0.40	1.57
simple	0.40	1.71
bother	0.40	2.81
science	0.40	1.48
noting	0.40	1.66
purple	0.40	1.33
eventually	0.40	2.41
students	0.40	1.53
again	0.40	3.18
taste	0.40	1.29
linking	0.40	1.72
years	0.41	1.91
warfare	0.41	1.24
plan	0.41	2.09
know	0.41	3.31
while	0.41	2.25
road	0.41	1.83
based	0.41	1.62
personally	0.41	2.96
watched	0.41	1.38
problem	0.41	2.84
served	0.41	1.44
losing	0.41	1.81
searching	0.42	1.82
awhile	0.42	2.19
reason	0.42	3.25
then	0.42	3.19
director	0.42	1.22
relations	0.42	1.39
generation	0.42	1.33
correctly	0.42	1.94
totilo	0.42	1.24
server	0.42	1.51
acknowledging	0.42	2.25
employee	0.42	1.30
tom	0.42	1.18
firefox	0.42	1.34
experiment	0.42	1.57
level	0.42	1.32
setting	0.42	1.46
say	0.42	3.31
important	0.42	2.37
taught	0.42	1.61
signs	0.43	1.47
memory	0.43	1.45
whose	0.43	1.66
guilt	0.43	1.45
entertainment	0.43	1.43
princess	0.43	1.30
sticking	0.43	1.74
boobs	0.43	1.26
collection	0.43	1.34
necessary	0.43	1.61
security	0.43	1.44
employer	0.43	1.51
least	0.44	2.76
comment	0.44	1.80
willingness	0.44	2.16
performance	0.44	1.44
period	0.44	2.01
channel	0.44	1.30
john	0.44	1.09
edgy	0.44	1.67
day	0.44	1.99
options	0.44	1.44
anymore	0.44	3.08
balanced	0.44	1.64
month	0.44	1.86
military	0.44	1.36
thankfully	0.44	1.65
confirmed	0.44	1.74
x	0.44	1.39
actor	0.44	1.15
wiki	0.44	1.69
why	0.44	3.33
frame	0.44	1.44
actually	0.45	3.26
monopoly	0.45	1.51
female	0.45	1.24
wanting	0.45	2.31
500	0.45	1.64
ship	0.45	1.68
hipster	0.45	1.38
post	0.45	1.80
invested	0.45	1.77
design	0.45	1.37
personal	0.45	1.76
ralph	0.45	1.40
suspect	0.45	2.42
rogue	0.45	1.29
intended	0.45	1.67
own	0.45	1.82
youtuber	0.46	1.24
nicely	0.46	1.62
assume	0.46	3.33
thought	0.46	2.46
purchasing	0.46	1.64
books	0.46	1.39
80s	0.46	1.70
box	0.46	1.61
computer	0.46	1.48
wouldnt	0.46	2.23
pack	0.46	1.26
ip	0.46	1.40
hobby	0.46	1.25
changed	0.46	2.00
study	0.46	1.62
age	0.46	1.25
literature	0.46	1.40
ugh	0.46	1.54
see	0.46	3.28
unbiased	0.46	1.71
sidebar	0.46	1.90
earlier	0.47	2.05
auto	0.47	1.14
moment	0.47	2.47
heroes	0.47	1.23
chances	0.47	1.70
option	0.47	1.97
scared	0.47	2.28
bar	0.47	1.42
enthusiast	0.47	1.34
off	0.47	2.02
touching	0.47	1.98
shortly	0.47	1.93
impression	0.47	1.98
inclusion	0.47	1.35
native	0.47	1.39
arm	0.47	1.50
return	0.48	1.58
french	0.48	1.39
accepting	0.48	1.62
steal	0.48	1.38
century	0.48	1.44
rush	0.48	1.34
purpose	0.48	1.57
sole	0.48	1.49
apparently	0.48	2.43
shirts	0.48	1.33
boss	0.48	1.38
relationships	0.48	1.46
guide	0.48	1.49
fine	0.48	3.48
closing	0.49	1.60
film	0.49	1.36
book	0.49	1.35
information	0.49	1.64
microsoft	0.49	1.20
dlc	0.49	1.15
pretty	0.49	2.18
bright	0.50	1.55
2014	0.50	2.18
screencap	0.50	1.67
room	0.50	1.64
sum	0.50	1.38
arent	0.50	2.02
longer	0.50	2.84
laughing	0.50	1.74
page	0.50	1.65
uncomfortable	0.50	2.70
teach	0.50	1.74
max	0.50	1.41
judgement	0.50	1.87
atheism	0.50	1.43
plot	0.50	1.38
answering	0.51	2.16
profitable	0.51	1.63
chief	0.51	1.24
grew	0.51	1.37
bandwagon	0.51	1.46
hearts	0.51	1.07
reviewed	0.51	1.32
vivian	0.51	1.36
admission	0.51	1.76
burn	0.51	1.65
18	0.51	1.61
ending	0.51	1.27
crossed	0.51	1.86
five	0.51	1.85
fields	0.52	1.59
straw	0.52	1.72
imagine	0.52	3.08
certainly	0.52	3.12
wanted	0.52	2.64
colleagues	0.52	1.39
disclosure	0.52	1.55
months	0.52	1.88
alot	0.52	1.85
work	0.52	2.77
breasts	0.52	1.31
copy	0.52	1.51
technology	0.52	1.50
sanity	0.52	1.24
ball	0.52	1.46
looked	0.52	2.02
boring	0.53	1.75
factually	0.53	3.44
clothing	0.53	1.35
hire	0.53	1.74
acknowledge	0.53	2.51
office	0.53	1.49
wearing	0.53	1.32
woman	0.53	1.39
camera	0.53	1.29
stem	0.54	1.60
footage	0.54	1.30
twice	0.54	1.96
want	0.54	2.88
strike	0.54	1.43
dry	0.54	1.51
lulz	0.55	1.38
might	0.55	3.16
lesbian	0.55	1.11
planning	0.55	1.85
hardware	0.55	1.39
release	0.55	1.45
sentences	0.55	1.67
wont	0.55	2.64
incorrect	0.55	3.41
opening	0.55	1.73
respectful	0.55	1.50
golden	0.55	1.35
id	0.56	1.47
card	0.56	1.20
solved	0.56	1.99
happily	0.56	2.26
films	0.56	1.34
place	0.56	2.92
whilst	0.56	1.69
dark	0.56	1.22
profession	0.56	1.58
thats	0.56	2.50
10	0.56	1.81
days	0.57	1.87
blizzard	0.57	1.22
commentary	0.57	1.53
bed	0.57	1.52
weapons	0.57	1.37
avoiding	0.57	1.62
produced	0.57	1.50
depends	0.57	1.79
depth	0.57	1.60
ops	0.57	1.23
above	0.57	1.86
fairness	0.57	1.43
penis	0.57	1.46
touch	0.57	2.79
close	0.57	1.45
psychology	0.57	1.57
image	0.57	1.54
jobs	0.58	1.65
statement	0.58	2.54
also	0.58	3.32
until	0.58	2.69
plans	0.58	1.71
url	0.58	1.57
videos	0.58	1.20
already	0.58	2.80
unlikely	0.58	1.91
poison	0.58	1.41
teaching	0.58	1.62
providing	0.58	1.74
screenshot	0.58	1.61
nuanced	0.58	1.62
combat	0.58	1.44
purchase	0.58	1.63
videogames	0.58	1.19
really	0.59	3.18
slight	0.59	1.61
links	0.59	1.65
catch	0.59	2.21
biddle	0.59	1.41
let	0.59	2.74
promised	0.59	1.66
however	0.59	3.32
still	0.59	3.30
honor	0.59	1.42
greg	0.59	1.09
appears	0.59	1.65
sucks	0.59	2.30
match	0.59	1.75
joke	0.60	1.68
suspicious	0.60	2.27
die	0.60	1.70
honestly	0.60	3.18
theft	0.60	1.12
celebrities	0.60	1.28
train	0.60	1.62
shooter	0.61	1.13
pointing	0.61	2.34
smoke	0.61	1.45
warning	0.61	1.50
sexy	0.61	1.25
ben	0.61	1.05
gladly	0.61	2.50
titles	0.61	1.27
good	0.61	2.04
shill	0.61	1.62
knock	0.61	1.67
slap	0.61	1.63
although	0.61	2.68
chu	0.61	1.07
year	0.61	1.82
dont	0.61	2.67
ago	0.61	1.83
sam	0.61	1.40
minutes	0.61	1.89
breath	0.62	1.51
expected	0.62	2.20
theres	0.62	1.78
screw	0.62	1.76
ea	0.62	1.12
girls	0.62	1.27
subscribers	0.62	1.54
teacher	0.62	1.56
bioware	0.62	1.09
print	0.62	1.41
toys	0.62	1.37
nation	0.62	1.33
experience	0.62	1.61
studio	0.63	1.39
cynical	0.63	1.90
named	0.63	1.62
archived	0.63	1.67
ll	0.63	2.84
maybe	0.63	3.23
honest	0.63	1.91
parody	0.63	1.65
doubt	0.63	2.95
gathering	0.64	1.56
here	0.64	3.15
check	0.64	1.78
25	0.64	1.78
sit	0.64	2.23
reminds	0.64	1.27
weaponized	0.64	1.43
reward	0.64	1.56
red	0.64	1.42
afaik	0.64	1.98
inclined	0.64	2.39
10/10	0.64	1.34
postal	0.64	1.06
15	0.64	1.79
difficulty	0.64	1.48
count	0.64	2.49
remember	0.65	3.10
17	0.65	1.85
rant	0.65	1.59
movies	0.65	1.34
latter	0.65	2.28
style	0.65	1.38
paragraphs	0.65	1.84
0	0.65	1.74
cringe	0.65	1.80
familiar	0.65	2.27
interactive	0.66	1.27
lay	0.66	1.90
upset	0.66	2.82
character	0.66	1.25
quoting	0.66	2.16
archive	0.66	1.67
pop	0.66	1.54
prefer	0.66	1.77
probably	0.66	3.20
someones	0.66	1.80
novel	0.66	1.26
annoyed	0.66	2.41
morning	0.67	1.82
pope	0.67	1.51
intend	0.67	2.47
anytime	0.67	2.50
bite	0.67	2.13
16	0.67	1.80
intelligent	0.67	1.54
quote	0.67	1.80
armor	0.68	1.24
challenging	0.68	1.43
grand	0.68	1.29
late	0.68	2.15
12	0.68	1.78
romance	0.68	1.21
super	0.68	1.79
cartoon	0.68	1.47
encourage	0.68	1.81
consume	0.68	2.06
dog	0.69	1.10
pic	0.69	1.47
sterling	0.69	1.14
amount	0.69	1.42
exclusive	0.69	1.37
kuchera	0.69	1.06
atm	0.69	2.12
brief	0.69	1.57
imgur	0.69	1.60
though	0.69	3.01
drunk	0.70	1.46
compromise	0.70	1.97
humor	0.70	1.66
jim	0.70	1.14
closely	0.70	1.67
continuing	0.70	1.95
infinite	0.71	2.32
perfect	0.71	1.52
fair	0.71	2.05
course	0.71	3.26
5	0.71	1.76
career	0.71	1.62
elaborate	0.71	1.90
7	0.71	1.78
brown	0.71	1.31
employers	0.71	1.52
11	0.72	1.78
legit	0.72	1.76
mechanics	0.72	1.40
suggest	0.72	2.68
olympics	0.72	1.23
safe	0.72	1.86
assassin	0.72	1.13
definitely	0.72	2.97
mountain	0.72	1.35
ahead	0.73	2.56
papers	0.73	1.47
buying	0.73	1.58
parent	0.73	1.42
noticed	0.73	2.35
water	0.73	1.41
available	0.73	1.53
could	0.73	3.01
wars	0.73	1.21
adventure	0.73	1.26
land	0.73	1.29
sitting	0.74	1.85
soon	0.74	2.46
table	0.74	1.76
frustrated	0.74	2.26
atheist	0.74	1.40
destiny	0.74	1.25
successful	0.74	1.72
manager	0.74	1.36
3d	0.74	1.22
practical	0.74	1.67
confused	0.74	2.87
wake	0.74	1.69
offering	0.74	1.89
contrast	0.74	1.54
bet	0.75	3.01
per	0.75	1.65
villain	0.75	1.12
items	0.75	1.33
convincing	0.75	1.80
la	0.75	1.47
formal	0.75	1.79
second	0.75	1.74
movie	0.75	1.31
demo	0.75	1.28
subtle	0.75	1.57
learn	0.75	2.34
gameplay	0.76	1.41
bag	0.76	1.40
employees	0.76	1.33
recently	0.76	2.36
4	0.76	1.76
twitch	0.76	1.31
management	0.76	1.47
cards	0.76	1.23
outraged	0.76	2.10
6	0.76	1.75
matt	0.77	1.17
march	0.77	1.84
updates	0.77	1.54
3	0.77	1.69
worry	0.77	2.91
note	0.78	2.47
protagonist	0.78	1.19
8	0.78	1.75
aka	0.78	1.27
totally	0.79	2.18
beneficial	0.79	1.52
parents	0.79	1.32
embrace	0.80	1.70
alternative	0.80	1.87
hang	0.80	2.05
bugs	0.80	1.64
learning	0.80	1.86
triggered	0.80	1.61
wil	0.80	1.16
cash	0.80	1.52
jojo	0.80	1.47
michael	0.80	1.20
quest	0.80	1.28
baby	0.80	1.46
origins	0.81	1.39
better	0.81	2.69
offers	0.81	1.77
pc	0.81	1.33
suggestions	0.81	1.90
offer	0.81	1.95
controls	0.81	1.32
along	0.81	2.41
detailed	0.81	1.61
kool-aid	0.81	1.53
anime	0.82	1.23
adding	0.82	1.58
family	0.82	1.25
required	0.82	1.57
levels	0.82	1.46
preferred	0.83	1.56
forget	0.83	2.88
accessible	0.83	1.54
hopefully	0.83	2.31
reference	0.83	1.56
versions	0.83	1.38
empire	0.83	1.40
bullet	0.83	1.66
arcade	0.84	1.39
version	0.84	1.46
add	0.84	2.01
bitch	0.84	1.60
genres	0.84	1.26
13	0.85	1.79
british	0.85	1.43
wonder	0.85	3.13
roguestar	0.85	1.37
greatly	0.85	1.75
alongside	0.85	1.28
rip	0.85	1.38
afraid	0.85	2.83
trigger	0.85	1.44
factual	0.86	2.06
night	0.86	1.73
guy	0.86	1.77
thoughts	0.86	1.67
archive.today	0.86	1.65
food	0.86	1.38
mojo	0.86	1.52
trailer	0.86	1.36
fruit	0.87	1.42
imho	0.87	1.61
hero	0.87	1.32
doctor	0.87	1.29
hell	0.88	3.11
d	0.88	3.05
afterwards	0.88	2.36
assuming	0.88	3.45
poop	0.88	1.81
picture	0.88	1.48
classic	0.88	1.28
bayonetta	0.88	1.21
season	0.88	1.70
geek	0.89	1.34
credits	0.89	1.20
alternatives	0.89	1.84
meanwhile	0.89	1.23
display	0.89	1.37
supportive	0.89	1.86
producing	0.89	1.99
24	0.89	1.80
editing	0.90	1.81
jason	0.90	1.13
ama	0.90	1.99
teeth	0.90	1.62
curious	0.90	2.80
messed	0.90	1.78
bought	0.91	1.22
new	0.91	1.61
hope	0.91	2.84
boat	0.91	2.24
episode	0.91	1.33
yes	0.91	3.46
zone	0.91	1.61
old	0.92	1.60
inclusive	0.92	1.43
fitting	0.92	1.42
didnt	0.92	2.20
comics	0.92	1.23
grade	0.93	1.65
101	0.93	1.64
14	0.93	1.78
escapist	0.93	1.45
tonight	0.93	1.85
crack	0.93	1.57
example	0.93	2.25
sales	0.93	1.56
genuine	0.93	1.50
liked	0.93	2.21
open	0.94	1.67
rolling	0.94	1.60
educational	0.94	1.45
bob	0.94	1.16
paragraph	0.95	1.77
invite	0.95	1.93
convinced	0.95	2.81
9	0.96	1.71
butt	0.96	1.57
weekend	0.96	1.88
loop	0.96	1.81
r/kotakuinaction	0.96	1.89
grab	0.96	1.86
disappointed	0.96	2.60
wheaton	0.96	1.25
anthony	0.97	1.21
teams	0.97	1.37
hollywood	0.97	1.41
below	0.97	1.69
horror	0.97	1.32
am	0.97	2.60
latest	0.98	1.34
inaccurate	0.98	2.99
title	0.98	1.74
1	0.98	1.98
drink	0.98	1.45
solutions	0.98	1.96
his	0.98	1.66
link	0.98	1.75
productive	0.98	1.54
consoles	0.98	1.38
suck	0.98	1.72
animal	0.99	2.37
coming	0.99	2.57
confident	0.99	1.97
flaws	0.99	2.11
se	0.99	1.86
tbh	0.99	2.12
persona	0.99	1.19
kid	0.99	1.40
forward	1.00	2.00
fiction	1.00	1.25
sale	1.00	1.47
team	1.00	1.41
well	1.00	2.91
sleep	1.00	1.69
guessing	1.01	2.61
eating	1.01	1.34
seriously	1.01	2.88
butthurt	1.01	1.78
pet	1.01	1.40
tim	1.01	1.20
visual	1.02	1.34
usher	1.02	1.40
sadly	1.02	2.16
town	1.02	1.57
friday	1.03	1.89
watch	1.03	1.29
documentary	1.04	1.29
finish	1.04	1.52
welcoming	1.04	1.57
improve	1.05	1.96
fart	1.06	1.42
strong	1.06	1.49
japanese	1.07	1.25
naked	1.07	1.33
blood	1.08	1.25
text	1.08	1.68
admit	1.08	3.01
clarify	1.08	2.29
magic	1.08	1.04
upvote	1.08	1.64
graphics	1.08	1.45
dissonance	1.08	1.34
please	1.09	2.57
older	1.09	1.35
watching	1.09	1.43
console	1.09	1.34
sin	1.09	1.19
worthwhile	1.10	1.94
description	1.10	1.68
duty	1.10	1.29
popcorn	1.10	1.59
sometime	1.10	2.18
sea	1.10	1.52
mark	1.11	1.55
tomorrow	1.11	2.21
needed	1.12	1.76
quick	1.12	1.89
coffee	1.13	1.47
finally	1.13	2.36
final	1.13	1.33
omg	1.13	1.62
multiplayer	1.14	1.14
disclaimer	1.14	1.99
mobile	1.14	1.40
library	1.15	1.44
holiday	1.15	1.91
nintendo	1.15	1.34
scary	1.15	2.43
short	1.16	1.36
perhaps	1.16	2.87
anyway	1.16	3.09
ours	1.17	1.84
dudes	1.17	1.47
meh	1.17	1.80
stopping	1.17	2.07
trustworthy	1.18	1.66
zelda	1.19	1.23
comedy	1.19	1.66
meant	1.19	2.20
hypocrisy	1.19	1.38
changes	1.19	1.96
simulator	1.20	1.14
meat	1.20	1.31
souls	1.21	1.24
married	1.21	1.16
apple	1.21	1.30
aid	1.22	1.32
combination	1.22	2.48
enjoying	1.22	1.77
updated	1.23	1.71
gone	1.23	1.37
careful	1.24	1.80
fun	1.24	1.57
y	1.24	1.65
controller	1.25	1.50
b	1.26	1.69
way	1.26	3.09
english	1.26	1.91
prime	1.27	1.45
metal	1.27	1.25
guise	1.27	1.53
fuckers	1.27	1.43
younger	1.28	1.44
georgina	1.28	1.42
christians	1.29	1.24
bonus	1.29	1.55
admitting	1.29	2.56
finished	1.29	1.36
suggestion	1.30	2.16
mom	1.30	1.50
original	1.30	1.40
vision	1.30	1.45
hardcore	1.31	1.29
cute	1.31	1.71
space	1.31	1.37
vidya	1.31	1.42
greatest	1.32	2.35
fantasy	1.32	1.18
lion	1.32	1.52
roll	1.32	1.75
technically	1.33	2.84
shooters	1.33	1.17
only	1.33	3.28
fallout	1.33	1.32
sure	1.33	3.22
shirt	1.33	1.42
next	1.33	2.06
prepared	1.34	2.11
surprised	1.34	2.74
drinking	1.34	1.48
wondering	1.34	2.89
girlfriend	1.35	1.29
row	1.35	1.31
joking	1.35	2.07
citation	1.35	1.86
apologizing	1.36	2.13
easiest	1.36	2.65
smash	1.36	1.33
xbox	1.36	1.37
wife	1.36	1.31
friend	1.36	1.53
cognitive	1.36	1.40
plays	1.36	2.38
reply	1.37	1.84
clear	1.38	2.49
spirit	1.38	1.29
im	1.38	2.11
gearbox	1.38	1.16
pleasure	1.39	1.28
suppose	1.39	2.47
tl	1.39	1.48
constructive	1.39	1.62
repost	1.39	1.82
politically	1.39	2.87
mario	1.40	1.25
story	1.40	1.35
lesson	1.40	2.13
worried	1.41	2.72
centered	1.41	1.49
pissed	1.42	2.51
games	1.42	1.46
yours	1.43	1.94
girl	1.43	1.44
additional	1.44	1.55
salt	1.44	1.40
pokemon	1.44	1.24
faith	1.44	1.27
skyrim	1.45	1.22
idk	1.45	1.84
checks	1.45	1.55
whats	1.45	1.92
eat	1.45	1.39
husband	1.45	1.45
explanation	1.46	1.84
dunno	1.46	2.14
effective	1.47	2.53
mother	1.48	1.44
sincere	1.48	1.62
cod	1.48	1.21
master	1.48	1.32
interested	1.48	2.72
guess	1.48	2.96
gift	1.48	1.28
genre	1.49	1.31
penny	1.49	1.44
gt	1.49	2.98
lets	1.49	2.29
double	1.50	1.54
halo	1.50	1.21
player	1.50	1.26
tends	1.50	2.31
alive	1.51	1.49
dad	1.52	1.46
comic	1.52	1.28
brothers	1.52	1.38
minor	1.53	1.90
theirs	1.53	2.68
favorite	1.53	1.07
mine	1.54	2.00
fps	1.54	1.25
home	1.54	1.26
closest	1.54	2.63
fresh	1.54	1.46
de	1.55	1.52
noted	1.55	1.79
checked	1.55	1.82
rpg	1.56	1.17
smell	1.56	1.50
casual	1.56	1.31
reform	1.56	1.82
satire	1.56	1.63
useful	1.57	1.52
ride	1.57	1.77
favourite	1.57	1.27
our	1.57	2.69
viable	1.57	2.72
accidentally	1.58	1.74
speed	1.59	1.58
till	1.59	2.19
dragon	1.59	1.19
2	1.60	1.41
y'all	1.61	1.59
apologized	1.61	2.23
bros	1.61	1.35
indeed	1.62	2.05
concerned	1.62	2.71
excited	1.62	2.65
chosen	1.63	2.69
shall	1.63	1.70
round	1.64	1.54
slip	1.65	2.21
sentence	1.66	2.01
play	1.66	1.80
spell	1.66	1.95
grind	1.66	1.34
solution	1.67	2.35
aware	1.69	2.73
kluwe	1.69	1.15
gear	1.69	1.26
telling	1.69	2.64
t	1.69	1.78
competitive	1.69	1.28
amp	1.70	1.72
compelling	1.70	1.43
club	1.70	1.42
leader	1.70	1.33
your	1.70	2.73
bloody	1.71	1.33
bible	1.71	1.41
wary	1.71	2.44
cats	1.72	2.07
crush	1.74	1.42
church	1.74	1.27
valuable	1.74	1.53
misunderstood	1.75	2.86
father	1.75	1.40
boy	1.76	1.48
skeptical	1.76	2.58
kills	1.77	1.64
wii	1.77	1.45
sessler	1.78	1.86
batman	1.78	1.50
wishes	1.79	2.30
fans	1.79	1.22
chick	1.80	1.52
brave	1.80	1.40
sports	1.80	1.28
tears	1.80	1.39
forgetting	1.82	2.14
smart	1.82	1.88
fucking	1.82	1.75
figured	1.83	2.14
passionate	1.85	2.41
humble	1.85	1.43
proud	1.86	2.31
star	1.86	1.17
playing	1.87	1.48
apology	1.87	2.00
e	1.87	1.79
alien	1.87	1.57
relevant	1.87	2.27
epic	1.89	1.59
strategy	1.89	2.51
entertaining	1.90	1.49
added	1.90	1.76
praise	1.91	1.33
sun	1.91	1.20
realistic	1.91	2.37
insight	1.92	1.60
interesting	1.93	1.94
moon	1.94	2.05
username	1.95	1.65
fuck	1.95	1.95
c	1.96	1.79
gon	1.98	2.25
mighty	1.98	1.36
christian	1.99	1.39
sharing	2.01	1.54
brother	2.01	1.41
na	2.01	2.26
expecting	2.02	2.50
hot	2.02	1.58
hilarious	2.03	2.25
loving	2.03	1.98
lucky	2.03	2.04
informative	2.03	1.48
n	2.03	1.88
edits	2.04	2.15
apologise	2.04	2.07
chris	2.05	1.14
cuz	2.05	1.92
sensitive	2.05	2.22
fyi	2.05	1.69
hoping	2.05	2.60
f	2.05	1.79
league	2.07	1.27
cake	2.07	1.43
update	2.07	1.71
swear	2.07	1.57
future	2.07	2.29
til	2.09	1.80
scientist	2.10	1.42
typing	2.10	2.02
starting	2.10	2.51
guys	2.11	2.22
son	2.12	1.37
hug	2.13	1.88
players	2.13	1.23
r	2.13	1.79
okay	2.14	2.48
fellow	2.14	1.51
nevermind	2.15	1.68
walking	2.15	1.20
wan	2.16	2.13
da	2.17	1.75
bastard	2.17	1.26
gymnastics	2.18	1.79
summary	2.18	1.57
wait	2.19	2.27
upon	2.19	1.51
em	2.20	1.98
cat	2.20	1.16
mmo	2.20	1.23
mirror	2.21	1.95
dota	2.21	1.25
ftfy	2.22	1.60
um	2.22	2.00
daughter	2.22	2.23
sincerely	2.22	1.55
mediocre	2.23	1.07
fixing	2.24	2.12
enjoyable	2.24	1.33
burch	2.25	1.98
football	2.26	2.12
accurate	2.28	2.35
edge	2.28	1.86
sister	2.29	2.21
recommend	2.31	1.54
agreed	2.31	2.33
k	2.31	1.81
eager	2.32	2.22
gotcha	2.32	1.86
hmm	2.32	1.88
sarcasm	2.33	1.77
bioshock	2.33	2.00
o	2.33	1.83
my	2.33	2.38
feedback	2.34	1.58
fix	2.34	2.24
impressive	2.34	1.73
shame	2.34	2.08
borderlands	2.35	1.99
poe	2.36	1.66
congratulations	2.37	1.61
candy	2.38	2.05
pls	2.39	1.74
translation	2.40	1.73
wording	2.40	2.52
luckily	2.42	1.82
neat	2.43	1.87
regret	2.44	2.39
advice	2.44	1.70
uh	2.45	2.03
u	2.45	1.82
mr	2.46	1.44
promise	2.46	2.25
waiting	2.47	2.40
input	2.48	1.60
eh	2.48	2.09
op	2.51	1.84
wat	2.51	1.72
impressed	2.52	1.92
ready	2.52	2.31
delicious	2.54	1.46
mad	2.54	1.97
fuckin	2.55	1.78
looks	2.56	2.16
yea	2.58	1.95
ai	2.58	1.82
errors	2.58	2.62
flair	2.59	1.67
hah	2.59	1.83
wtf	2.61	1.91
nope	2.62	1.94
dammit	2.62	1.78
lmao	2.63	1.75
franchise	2.64	1.91
ha	2.66	1.76
edited	2.67	1.99
miss	2.68	1.97
clean	2.68	1.85
yo	2.69	1.84
nah	2.71	1.90
projection	2.71	1.71
job	2.73	1.73
christ	2.75	1.61
huh	2.75	1.99
friendly	2.75	1.98
series	2.77	1.89
missed	2.77	1.98
m8	2.77	1.84
lady	2.80	1.32
damned	2.80	1.51
error	2.81	2.59
played	2.82	1.53
gods	2.82	1.25
resource	2.84	1.64
plus	2.84	1.95
apologize	2.84	2.57
mistakes	2.86	2.61
mistake	2.86	2.58
heh	2.87	1.78
lol	2.89	1.91
forgive	2.89	2.53
yeah	2.90	2.09
dear	2.93	1.19
yep	2.94	1.79
ya	2.94	1.91
damn	2.96	2.02
kidding	2.98	1.79
alright	3.00	1.94
ta	3.02	1.89
yup	3.03	1.76
yay	3.04	1.64
kek	3.05	1.69
forgot	3.06	1.89
unique	3.08	1.45
rekt	3.10	1.64
redditor	3.10	1.67
ps	3.11	1.61
irony	3.12	1.66
dating	3.12	1.77
tho	3.13	1.96
gaben	3.13	1.31
sorry	3.14	1.94
wish	3.14	2.40
hahaha	3.15	1.65
ladies	3.16	1.13
apologies	3.17	2.29
smile	3.19	1.66
badass	3.20	1.66
reminder	3.22	1.80
corrected	3.22	2.32
fixed	3.23	2.18
worries	3.25	1.81
clarification	3.26	1.65
christmas	3.28	1.84
lord	3.28	1.27
grammar	3.31	2.26
chill	3.32	1.89
sake	3.32	1.44
ah	3.32	1.83
sigh	3.33	1.66
jesus	3.33	1.57
spelling	3.35	2.25
anyways	3.36	2.00
xd	3.36	1.66
cool	3.37	1.89
great	3.39	1.21
edit	3.40	1.73
man	3.40	1.65
holy	3.42	1.68
dude	3.44	1.79
appreciated	3.45	1.46
correction	3.48	1.99
wow	3.49	1.73
enjoyed	3.53	1.20
enjoy	3.53	1.80
ok	3.55	2.00
peace	3.56	1.48
oh	3.58	1.78
goddamn	3.60	1.23
tip	3.64	1.57
gold	3.64	1.61
p	3.65	1.88
incredible	3.66	1.15
wise	3.67	1.06
btw	3.67	1.80
genius	3.68	1.27
fan	3.71	1.48
buddy	3.71	1.78
glad	3.73	1.87
ahh	3.74	1.71
lt	3.75	1.80
bro	3.77	1.75
meow	3.77	1.41
mate	3.78	1.74
freaking	3.78	1.49
helpful	3.82	1.46
appreciate	3.82	1.44
luck	3.86	1.61
sweet	3.91	1.45
dat	3.95	1.51
glorious	3.95	1.04
haha	3.97	1.68
hey	3.98	1.75
hello	4.03	1.46
hi	4.06	1.52
brilliant	4.12	1.11
god	4.19	1.11
cheers	4.19	1.42
sir	4.21	1.30
welcome	4.23	1.59
beautiful	4.24	0.86
thanks	4.36	1.54
thank	4.36	1.44
excellent	4.41	0.81
lovely	4.60	0.77
wonderful	4.76	0.63
