disgusting	-3.74	0.42
sucks	-3.68	0.40
hating	-3.45	1.14
anti	-3.31	1.40
bad	-3.26	1.15
haters	-3.21	1.34
embarrassing	-3.11	1.28
garbage	-3.06	1.38
painful	-3.05	1.44
dumb	-2.98	1.17
bash	-2.96	1.41
blamed	-2.95	1.18
mess	-2.95	1.56
wise	-2.92	1.87
questionable	-2.90	1.75
jerk	-2.90	1.24
blindly	-2.88	1.22
nightmare	-2.87	1.49
bandwagon	-2.84	1.32
sloppy	-2.84	1.68
circle	-2.82	1.38
brutal	-2.81	1.52
pathetic	-2.81	1.19
fucks	-2.81	0.97
complained	-2.79	1.37
fanboys	-2.76	1.22
annoys	-2.76	1.20
shitty	-2.75	1.70
crappy	-2.74	1.85
hurts	-2.74	1.17
naive	-2.70	1.23
poor	-2.69	1.91
excuse	-2.66	1.55
stupid	-2.64	1.31
supporting	-2.59	1.35
except	-2.57	1.56
tough	-2.57	1.48
downvotes	-2.56	1.37
bashing	-2.54	1.31
complains	-2.54	1.73
ridiculous	-2.53	1.63
sucking	-2.53	0.55
mouth	-2.52	1.26
lackluster	-2.51	1.79
dirty	-2.51	1.33
rough	-2.51	1.69
retarded	-2.49	1.47
supported	-2.49	1.61
liking	-2.48	1.29
itt	-2.48	0.85
absolute	-2.46	1.11
crap	-2.45	1.53
fault	-2.45	0.58
believed	-2.45	1.42
their	-2.44	1.51
talked	-2.44	1.56
circlejerk	-2.44	1.52
blaming	-2.43	0.51
silly	-2.43	1.47
downvoting	-2.42	0.94
disappointing	-2.38	1.62
boring	-2.36	1.55
complaining	-2.35	0.61
desperate	-2.34	1.52
excuses	-2.34	0.66
bs	-2.33	0.84
fanboy	-2.33	0.81
bitching	-2.33	0.63
butthurt	-2.32	0.87
train	-2.28	1.63
knows	-2.27	2.05
bullshit	-2.26	0.89
ignorant	-2.25	0.84
fucked	-2.24	0.65
decision	-2.24	1.73
directed	-2.24	1.38
delusional	-2.23	0.63
shitting	-2.23	0.63
idiots	-2.21	0.58
frustrating	-2.21	1.63
overall	-2.21	1.80
dicks	-2.19	0.44
arguing	-2.18	0.68
blame	-2.18	0.53
hype	-2.18	1.46
finds	-2.17	2.04
mediocre	-2.17	1.77
complete	-2.17	0.84
worthless	-2.17	1.16
retards	-2.17	0.63
screwed	-2.16	0.54
redditors	-2.15	0.99
downvote	-2.14	0.93
nonsense	-2.14	0.73
lie	-2.14	2.01
vocal	-2.07	0.60
fan	-2.06	1.41
blows	-2.06	0.45
complain	-2.06	0.73
trash	-2.06	0.50
salty	-2.05	0.91
likes	-2.05	2.07
messed	-2.04	1.95
fool	-2.04	0.87
dick	-2.03	0.44
unprofessional	-2.02	0.66
disagree	-2.02	1.58
whine	-2.01	0.62
worse	-2.00	1.82
raged	-2.00	0.71
cares	-1.99	1.47
lazy	-1.99	1.14
weird	-1.98	1.55
defending	-1.98	0.82
pointless	-1.98	0.87
whining	-1.97	0.59
predictable	-1.97	1.16
greedy	-1.96	0.78
hitler	-1.96	1.48
childish	-1.96	0.74
going	-1.94	2.45
selfish	-1.94	0.73
calls	-1.93	0.88
telling	-1.93	0.88
re	-1.92	2.44
disrespectful	-1.92	0.79
flamed	-1.92	0.81
unfair	-1.92	1.18
pissed	-1.91	2.10
biggest	-1.91	1.88
claiming	-1.91	0.61
sensitive	-1.91	0.86
cared	-1.90	1.05
annoying	-1.88	1.11
fanbase	-1.88	0.73
struggle	-1.87	1.07
talk	-1.87	0.80
saying	-1.86	2.49
criticize	-1.86	0.64
irrelevant	-1.84	1.01
rotations	-1.84	1.29
nobody	-1.84	1.61
everybody	-1.84	1.57
decisions	-1.83	1.26
about	-1.83	0.93
odd	-1.83	1.29
douche	-1.82	0.56
stop	-1.82	0.62
making	-1.82	1.04
cry	-1.82	1.74
felt	-1.82	2.14
asshole	-1.81	0.55
piss	-1.81	0.51
bullying	-1.81	0.50
calling	-1.80	0.47
shotcalling	-1.80	1.33
underwhelming	-1.80	1.61
internet	-1.79	1.23
fans	-1.79	1.00
else	-1.79	1.64
execution	-1.79	1.43
broken	-1.79	1.04
clearly	-1.78	2.41
positioning	-1.78	1.39
what	-1.78	2.58
upset	-1.77	2.23
ruins	-1.77	0.51
bored	-1.77	2.27
arrogant	-1.76	0.70
happens	-1.76	0.86
anybody	-1.75	1.29
highest	-1.75	2.29
useless	-1.74	0.96
unfortunate	-1.74	1.80
screw	-1.73	0.70
noone	-1.73	1.52
downvoted	-1.73	0.86
racism	-1.72	0.51
bothers	-1.72	0.80
twist	-1.72	1.76
clunky	-1.72	1.27
riots	-1.72	1.02
assholes	-1.72	0.55
basically	-1.72	0.78
everyone	-1.71	1.64
believes	-1.71	2.27
buggy	-1.71	1.21
thinks	-1.70	2.49
cho	-1.70	1.24
flames	-1.70	1.19
meaningless	-1.70	0.93
typical	-1.69	0.71
minority	-1.69	0.56
every	-1.68	2.61
anyone	-1.68	1.26
whole	-1.68	2.51
sees	-1.67	2.09
despite	-1.67	0.92
thinking	-1.67	1.75
who	-1.67	1.56
trolled	-1.67	0.76
right	-1.67	2.65
made	-1.66	0.58
true	-1.66	2.55
justify	-1.65	0.73
suffer	-1.65	0.88
wants	-1.65	2.52
hurt	-1.65	0.94
immature	-1.65	0.65
single	-1.65	2.59
raging	-1.65	0.65
bunch	-1.65	0.45
admitted	-1.64	0.74
massive	-1.64	1.04
angry	-1.64	1.66
entire	-1.63	2.45
decent	-1.63	1.85
cho'gath	-1.63	1.22
sure	-1.63	1.83
annoyed	-1.63	1.74
talks	-1.62	2.43
moron	-1.61	0.93
dangerous	-1.61	1.13
has	-1.61	0.57
asks	-1.61	1.98
huge	-1.61	1.02
another	-1.61	2.39
unpopular	-1.61	0.63
entitled	-1.61	0.55
his	-1.60	1.91
continues	-1.60	0.88
responsible	-1.60	0.42
doing	-1.60	1.69
stuff	-1.60	0.87
talking	-1.59	1.47
cycle	-1.59	0.90
claimed	-1.59	0.78
follows	-1.59	1.91
ever	-1.59	2.46
whether	-1.59	0.94
large	-1.58	0.74
everything	-1.58	1.16
agrees	-1.58	2.45
inb4	-1.58	1.56
seeing	-1.58	2.30
general	-1.57	0.93
tells	-1.57	2.48
bothered	-1.56	1.39
performances	-1.56	1.23
suck	-1.56	0.64
lies	-1.56	0.79
worried	-1.56	2.43
individual	-1.55	1.18
informed	-1.55	0.54
laptop	-1.54	1.18
lowest	-1.54	2.64
superior	-1.54	1.35
filled	-1.54	0.43
stomps	-1.54	0.93
caught	-1.54	0.61
feeling	-1.53	2.32
scared	-1.53	2.43
beyond	-1.53	0.89
acting	-1.53	0.55
agree	-1.53	2.42
surprising	-1.53	1.92
trashtalk	-1.53	0.69
flairs	-1.53	1.10
somebody	-1.52	1.04
big	-1.52	0.75
complaints	-1.52	0.61
literally	-1.51	1.26
looking	-1.51	1.33
acts	-1.51	0.94
random	-1.51	0.76
performance	-1.51	1.15
says	-1.51	1.79
cheap	-1.50	1.30
said	-1.50	0.80
drama	-1.50	0.88
act	-1.50	0.56
messing	-1.49	0.78
almost	-1.49	1.19
mentally	-1.49	0.75
led	-1.49	0.53
isp	-1.48	1.00
strategic	-1.48	1.26
connection	-1.48	1.02
disappointed	-1.48	2.22
someone	-1.48	1.04
care	-1.48	1.19
crying	-1.48	0.97
unnecessary	-1.48	0.94
gon	-1.47	1.66
horse	-1.47	0.48
jumping	-1.47	1.04
tilt	-1.46	1.02
jumped	-1.46	0.97
mentioning	-1.46	0.99
macro	-1.46	1.26
unbalanced	-1.45	1.08
teammate	-1.45	0.58
lately	-1.45	1.05
obvious	-1.44	0.88
lying	-1.44	0.71
anything	-1.44	1.44
whoever	-1.44	1.36
terms	-1.44	1.24
spoiled	-1.44	0.55
aspect	-1.44	1.01
shady	-1.43	0.75
low	-1.43	1.21
feeds	-1.43	0.75
awareness	-1.43	1.30
reddit	-1.43	1.03
hoping	-1.42	2.44
idiot	-1.42	0.94
curious	-1.41	2.48
harsh	-1.41	1.05
suggested	-1.41	0.62
reactions	-1.41	1.06
differently	-1.41	2.16
overwhelming	-1.41	0.95
begin	-1.41	0.82
having	-1.40	0.72
complaint	-1.40	0.57
nothing	-1.40	1.44
oblivion	-1.40	0.73
communication	-1.40	1.19
whenever	-1.40	1.34
mechanical	-1.39	1.31
teammates	-1.39	0.51
coordination	-1.39	1.32
responsibility	-1.38	0.60
offended	-1.38	1.51
shocked	-1.38	2.42
an	-1.38	0.79
understands	-1.38	1.97
rage	-1.38	0.75
mechanics	-1.38	1.28
tired	-1.37	1.36
monkey	-1.37	0.58
clue	-1.37	1.33
already	-1.37	0.89
improved	-1.37	1.12
afraid	-1.37	2.02
unlikely	-1.36	1.12
yet	-1.36	1.02
frustrated	-1.36	1.91
own	-1.36	0.92
flaming	-1.36	0.48
insults	-1.36	0.60
rant	-1.36	0.76
leaves	-1.35	1.31
suspect	-1.35	0.72
caring	-1.35	0.64
mates	-1.35	0.52
pointed	-1.35	0.60
affect	-1.35	0.72
ignoring	-1.35	0.61
flamers	-1.35	0.48
tell	-1.35	1.27
small	-1.35	0.80
bigger	-1.35	0.92
computer	-1.35	1.04
risky	-1.34	1.03
repeatedly	-1.34	0.54
absurd	-1.34	1.31
her	-1.33	1.39
larger	-1.33	0.77
brain	-1.33	0.80
decides	-1.33	1.77
significant	-1.33	0.85
inconsistent	-1.33	1.40
solely	-1.33	0.98
major	-1.33	0.81
hardware	-1.32	1.00
affects	-1.32	0.72
ragers	-1.32	0.48
dumbass	-1.32	0.97
pretend	-1.32	1.62
argue	-1.32	1.31
cocky	-1.32	0.77
everytime	-1.32	0.89
crucial	-1.31	1.14
strategy	-1.31	1.12
upvoted	-1.31	1.03
plain	-1.31	0.84
mad	-1.31	1.43
where	-1.31	1.55
deciding	-1.31	0.61
obnoxious	-1.31	0.83
computers	-1.30	1.02
community	-1.30	0.55
nervous	-1.30	1.83
lacking	-1.30	1.57
discussed	-1.30	0.69
sometimes	-1.30	0.88
high	-1.30	1.17
bother	-1.30	1.15
knowledge	-1.30	1.26
shits	-1.29	1.00
confused	-1.29	2.47
matters	-1.29	0.95
rager	-1.28	0.50
interact	-1.28	0.48
such	-1.28	0.82
movements	-1.28	1.17
know	-1.28	1.62
why	-1.28	1.63
planet	-1.28	2.32
biased	-1.28	0.78
sacrifice	-1.28	1.01
person	-1.28	1.11
insulting	-1.27	0.71
point	-1.27	1.28
goes	-1.27	1.00
skills	-1.27	1.26
strongly	-1.27	0.58
acknowledge	-1.26	0.69
pc	-1.26	1.06
honest	-1.26	1.52
pain	-1.26	0.98
unreliable	-1.26	1.07
someones	-1.26	0.61
turning	-1.25	0.54
largest	-1.25	1.14
even	-1.25	1.62
unless	-1.25	1.49
matter	-1.25	1.56
portion	-1.25	0.60
backing	-1.25	0.70
fact	-1.25	1.28
here	-1.25	1.17
admit	-1.25	1.22
fair	-1.25	1.10
suggesting	-1.24	1.17
mean	-1.24	1.64
vast	-1.24	0.95
slight	-1.24	0.74
game	-1.24	1.76
ultimately	-1.24	0.78
something	-1.24	1.52
overpowered	-1.23	0.99
impossible	-1.23	0.86
smaller	-1.23	0.88
knew	-1.23	1.00
simply	-1.23	1.58
micro	-1.23	1.20
watches	-1.23	2.43
difficult	-1.23	0.99
shit	-1.22	1.24
because	-1.22	1.65
does	-1.22	1.46
judging	-1.22	0.72
mentioned	-1.22	0.65
anger	-1.22	0.81
truth	-1.22	1.12
stating	-1.21	1.13
trolls	-1.21	0.49
flamer	-1.21	0.49
feeding	-1.21	0.50
teamwork	-1.21	1.21
no	-1.21	1.35
when	-1.21	1.15
logic	-1.21	0.98
did	-1.21	1.52
believe	-1.21	1.51
asking	-1.21	1.05
troll	-1.21	0.51
notice	-1.20	1.20
only	-1.20	1.54
how	-1.20	1.47
same	-1.20	1.20
mass	-1.20	0.52
disabled	-1.20	0.55
find	-1.20	1.00
hard	-1.20	0.88
freelo	-1.20	0.79
been	-1.20	0.98
ignored	-1.19	0.70
actions	-1.19	0.74
discussing	-1.19	0.64
ugly	-1.19	1.41
behave	-1.19	0.59
reaction	-1.19	1.17
throughout	-1.19	0.93
never	-1.19	1.00
ride	-1.19	1.11
asked	-1.18	0.69
minimal	-1.18	1.08
hole	-1.18	0.47
feeders	-1.18	0.50
important	-1.18	1.06
hungry	-1.18	1.13
often	-1.18	0.85
say	-1.17	1.63
occur	-1.17	0.81
realistic	-1.17	0.96
ve	-1.17	1.00
now	-1.17	1.72
ground	-1.17	0.67
cheat	-1.17	0.52
summoning	-1.17	0.90
ship	-1.16	1.03
earth	-1.16	2.51
happen	-1.16	1.37
had	-1.16	0.99
dies	-1.16	1.03
either	-1.16	1.61
convince	-1.16	0.89
himself	-1.16	0.76
noticeable	-1.16	0.75
unplayable	-1.16	0.76
think	-1.15	1.65
once	-1.15	1.01
tweets	-1.15	0.61
willing	-1.15	1.09
rarely	-1.15	0.73
being	-1.15	0.67
supposed	-1.15	1.82
sucked	-1.15	1.73
checks	-1.15	1.41
underperforming	-1.14	1.19
gets	-1.14	0.68
surprise	-1.14	1.50
disable	-1.14	0.54
expect	-1.14	1.47
gameplay	-1.14	1.03
prove	-1.14	0.99
behaviour	-1.14	0.60
quit	-1.14	0.59
aside	-1.14	0.84
consistently	-1.14	0.96
natural	-1.14	0.91
ignore	-1.14	0.52
rude	-1.13	0.78
anymore	-1.13	1.56
si	-1.13	0.86
attempt	-1.13	0.78
him	-1.13	1.08
impression	-1.13	0.98
stopped	-1.13	1.03
reads	-1.12	1.74
trying	-1.12	1.10
bias	-1.12	0.44
fails	-1.12	1.25
wanting	-1.12	0.98
commented	-1.12	0.68
actually	-1.11	1.65
keep	-1.11	0.90
people	-1.11	0.65
verbal	-1.11	0.47
majority	-1.11	0.38
judge	-1.11	0.75
following	-1.11	0.51
surprised	-1.11	2.05
bm	-1.11	0.71
reported	-1.11	0.52
see	-1.11	1.45
strange	-1.10	1.43
emotional	-1.10	0.91
decrease	-1.10	0.84
due	-1.10	0.70
ignorance	-1.10	0.70
which	-1.09	1.35
understanding	-1.09	1.15
commenting	-1.09	0.78
greater	-1.09	0.86
tactics	-1.09	1.03
your	-1.09	0.87
imagine	-1.09	1.49
touched	-1.09	0.66
voting	-1.09	0.70
decide	-1.09	0.94
reason	-1.09	1.44
done	-1.09	0.87
tries	-1.09	1.23
lower	-1.09	1.45
manages	-1.08	1.14
radius	-1.08	0.72
heard	-1.08	0.56
detect	-1.08	0.62
protection	-1.08	0.51
tiny	-1.08	0.70
me	-1.08	1.11
preference	-1.08	0.48
twice	-1.08	0.91
retard	-1.08	0.95
self	-1.07	0.53
depend	-1.07	0.65
reflect	-1.07	0.84
make	-1.07	0.99
meh	-1.07	1.36
improve	-1.07	0.79
emotions	-1.07	0.80
deal	-1.07	1.24
intentional	-1.07	0.50
denied	-1.07	0.58
morale	-1.06	0.80
blown	-1.06	0.57
requires	-1.06	1.22
there	-1.06	1.34
interested	-1.06	2.04
abuse	-1.06	0.49
attitude	-1.06	0.61
voted	-1.06	0.80
increasing	-1.06	0.86
ive	-1.06	1.00
minor	-1.06	0.65
unexpected	-1.06	1.17
upvotes	-1.06	0.94
problematic	-1.06	0.93
proper	-1.06	2.20
timing	-1.06	1.28
stated	-1.06	0.76
shown	-1.05	0.65
bullied	-1.05	0.79
ego	-1.05	0.39
average	-1.05	1.16
insult	-1.05	0.72
call	-1.05	0.55
intentionally	-1.05	0.55
frustration	-1.05	0.84
realize	-1.05	1.45
trolling	-1.05	0.57
wonder	-1.05	1.54
kind	-1.05	1.24
higher	-1.05	1.45
exception	-1.05	0.68
however	-1.04	1.60
accept	-1.04	0.67
obviously	-1.04	1.65
whatever	-1.04	1.44
increase	-1.04	0.85
afk	-1.04	0.50
ruining	-1.04	0.47
feel	-1.04	1.49
pointing	-1.04	1.10
tsm	-1.04	0.90
remake	-1.03	0.61
awkward	-1.03	1.31
part	-1.03	1.44
lame	-1.03	1.30
toxic	-1.03	0.49
loses	-1.02	0.90
others	-1.02	0.71
muting	-1.02	0.49
course	-1.02	1.62
recognize	-1.02	0.80
ruin	-1.02	0.49
comments	-1.02	0.82
still	-1.02	1.53
possible	-1.02	1.34
honestly	-1.02	1.60
decided	-1.02	1.03
getting	-1.02	0.62
unlike	-1.01	0.78
ape	-1.01	0.43
outright	-1.01	0.79
constantly	-1.01	0.55
peoples	-1.01	0.68
case	-1.01	1.31
expert	-1.01	1.28
gotten	-1.01	0.95
judgement	-1.01	1.30
satisfying	-1.01	1.29
predicted	-1.01	0.70
leads	-1.01	0.65
also	-1.00	1.50
doubt	-1.00	1.47
op	-1.00	0.93
reduce	-1.00	0.78
towards	-1.00	0.53
changed	-1.00	0.80
yours	-1.00	0.72
dislike	-1.00	1.57
stale	-1.00	1.13
wanted	-1.00	1.14
personal	-1.00	0.62
time	-0.99	1.63
consistency	-0.99	1.09
points	-0.99	0.68
mute	-0.99	0.48
smart	-0.99	1.16
kda	-0.99	0.90
playerbase	-0.99	0.47
noticed	-0.99	0.89
pick/ban	-0.99	0.93
caused	-0.99	0.65
exactly	-0.99	1.69
olds	-0.99	0.49
bugged	-0.98	0.98
comes	-0.98	0.52
opinion	-0.98	1.04
valid	-0.98	1.03
least	-0.98	1.54
imply	-0.98	2.75
raise	-0.98	1.08
feed	-0.98	0.51
backed	-0.98	0.69
votes	-0.98	0.78
expectations	-0.98	0.49
require	-0.98	1.25
comparable	-0.97	0.83
go	-0.97	1.12
barely	-0.97	0.82
addressed	-0.97	0.79
seriously	-0.97	1.37
planning	-0.97	0.76
instance	-0.97	0.81
playable	-0.97	0.75
afks	-0.97	0.51
code	-0.97	0.84
any	-0.97	0.96
sole	-0.97	0.68
works	-0.97	0.89
perfect	-0.96	1.86
router	-0.96	0.77
harm	-0.96	0.83
hurting	-0.96	0.78
havent	-0.96	0.95
continued	-0.96	0.47
muted	-0.96	0.50
ironic	-0.96	1.14
uncommon	-0.96	1.16
hardcore	-0.96	0.92
speculation	-0.96	1.39
soft	-0.96	1.05
react	-0.96	0.77
first	-0.96	1.75
am	-0.96	2.03
rotation	-0.96	1.06
realistically	-0.96	1.08
sake	-0.96	0.60
prediction	-0.96	0.93
m	-0.96	2.02
forced	-0.96	0.91
wide	-0.96	0.71
circumstances	-0.95	0.84
dont	-0.95	1.50
toxicity	-0.95	0.60
victim	-0.95	0.50
besides	-0.95	0.86
understand	-0.95	1.78
happened	-0.95	0.89
individually	-0.95	1.35
immediate	-0.95	0.67
extreme	-0.95	1.08
all	-0.95	1.37
reporting	-0.95	0.49
threats	-0.95	0.50
turned	-0.95	0.51
skill	-0.95	1.05
racist	-0.95	0.59
got	-0.95	0.58
cried	-0.94	1.85
mind	-0.94	1.45
them	-0.94	1.11
partially	-0.94	0.70
ask	-0.94	0.94
severe	-0.94	0.69
blatantly	-0.94	1.29
serious	-0.94	0.82
express	-0.94	0.91
bringing	-0.94	0.69
powerful	-0.94	1.08
involved	-0.94	0.70
loco	-0.94	0.57
played	-0.94	0.83
avoid	-0.93	0.75
causes	-0.93	0.66
regardless	-0.93	0.94
discuss	-0.93	0.67
unskilled	-0.93	0.51
humans	-0.93	0.72
foot	-0.93	0.49
none	-0.93	0.77
ca	-0.93	1.22
sort	-0.93	0.98
anyway	-0.93	1.57
wondering	-0.93	1.90
thing	-0.93	1.43
stretch	-0.93	0.85
can	-0.93	1.00
want	-0.93	1.33
rewarding	-0.93	1.05
begging	-0.92	0.63
relative	-0.92	0.96
practically	-0.92	0.72
behavior	-0.92	0.59
outdated	-0.92	1.15
apparent	-0.92	0.75
frankly	-0.92	0.87
concerned	-0.92	1.97
easy	-0.92	1.04
yourself	-0.92	0.77
regards	-0.91	0.71
flawed	-0.91	1.23
example	-0.91	0.88
unrelated	-0.91	0.57
buys	-0.91	1.36
threw	-0.91	0.95
causing	-0.91	0.68
happening	-0.90	1.18
increases	-0.90	0.77
by	-0.90	0.65
needing	-0.90	0.94
bag	-0.90	0.58
continue	-0.90	0.67
invalid	-0.90	1.45
nerd	-0.90	0.78
control	-0.90	1.06
trouble	-0.90	0.78
realizing	-0.90	0.95
weak	-0.89	1.39
although	-0.89	1.50
need	-0.89	1.31
debate	-0.89	0.76
follow	-0.89	0.75
comparison	-0.89	0.86
affected	-0.89	0.66
focus	-0.89	0.71
poorly	-0.89	1.01
spammed	-0.89	0.57
themselves	-0.88	0.70
broke	-0.88	0.65
myself	-0.88	1.50
toward	-0.88	0.54
occasionally	-0.88	0.59
keeps	-0.88	0.63
human	-0.88	0.65
maintain	-0.88	0.95
needed	-0.88	0.81
proving	-0.88	0.78
prevents	-0.88	0.65
communicating	-0.88	0.52
outcome	-0.88	0.70
whose	-0.88	0.89
hop	-0.88	1.01
frequently	-0.88	0.63
resulting	-0.87	0.65
probably	-0.87	1.44
could	-0.87	1.29
controlling	-0.87	0.92
criticism	-0.87	0.63
trust	-0.87	0.84
secondly	-0.87	0.83
glitch	-0.87	0.92
concern	-0.87	0.72
drastically	-0.87	0.93
found	-0.87	0.66
stays	-0.87	0.60
drunk	-0.87	1.09
supposedly	-0.87	0.56
factor	-0.87	0.72
recently	-0.87	0.77
predict	-0.87	0.66
comfortable	-0.87	1.78
monte	-0.87	0.77
equal	-0.87	0.91
effective	-0.87	0.99
get	-0.86	0.88
change	-0.86	0.90
finding	-0.86	0.88
objective	-0.86	1.01
prevent	-0.86	0.68
otherwise	-0.86	1.42
shame	-0.86	2.35
mental	-0.86	0.68
fine	-0.86	1.39
vote	-0.86	0.56
guilty	-0.86	0.62
whatsoever	-0.86	0.79
claim	-0.86	1.18
without	-0.86	0.65
performing	-0.86	1.28
cheating	-0.86	0.55
reaches	-0.86	0.87
justified	-0.86	1.12
should	-0.85	1.37
newer	-0.85	0.95
proven	-0.85	0.71
blowing	-0.85	0.44
treat	-0.85	0.53
wo	-0.85	1.37
topic	-0.85	0.63
performed	-0.85	1.18
thread	-0.85	0.74
accomplish	-0.85	1.06
aware	-0.85	1.88
reasonable	-0.84	1.07
familiar	-0.84	1.77
maybe	-0.84	1.42
next	-0.84	0.96
moment	-0.84	1.37
factors	-0.84	0.73
refuse	-0.84	0.81
hasnt	-0.83	0.72
always	-0.83	1.44
threads	-0.83	0.69
nor	-0.83	1.13
stress	-0.83	0.85
things	-0.83	0.96
lowered	-0.83	0.80
succeed	-0.83	0.78
balanced	-0.83	0.89
able	-0.83	0.99
nerfed	-0.83	0.63
reducing	-0.83	0.74
bet	-0.83	1.46
walks	-0.83	0.68
leave	-0.82	0.78
children	-0.82	0.54
focusing	-0.82	0.50
likely	-0.82	1.21
sense	-0.82	1.32
half	-0.82	2.27
constant	-0.82	0.71
hyped	-0.82	1.52
blew	-0.82	0.61
responding	-0.82	0.88
week	-0.82	1.24
lack	-0.82	1.46
handled	-0.82	0.69
some	-0.82	0.84
indicator	-0.82	0.62
consequences	-0.81	0.67
thoorin	-0.81	0.59
pool	-0.81	0.60
heat	-0.81	0.42
managed	-0.81	0.96
amounts	-0.81	0.71
itself	-0.81	0.78
lot	-0.81	1.42
habit	-0.81	0.65
responded	-0.81	0.75
let	-0.81	1.14
w	-0.81	1.07
leading	-0.81	0.60
perform	-0.81	0.77
then	-0.81	1.05
management	-0.81	0.81
desire	-0.81	0.57
choices	-0.80	1.01
might	-0.80	1.45
thorin	-0.80	0.59
real	-0.80	1.44
e	-0.80	1.07
occasional	-0.80	0.66
argument	-0.80	1.15
aspects	-0.80	0.80
dependent	-0.80	0.79
punish	-0.80	0.56
entirely	-0.80	0.93
abusing	-0.80	0.51
regard	-0.80	0.62
claims	-0.79	1.15
significantly	-0.79	1.14
instead	-0.79	0.66
anywhere	-0.79	1.07
smarter	-0.79	1.24
showing	-0.79	0.69
add	-0.79	0.73
kept	-0.79	0.62
attention	-0.79	0.78
day	-0.79	1.07
false	-0.79	1.73
nerfing	-0.79	0.76
figure	-0.79	1.12
punishing	-0.78	0.58
guessing	-0.78	2.01
legitimately	-0.78	1.34
attempts	-0.78	0.77
ton	-0.78	0.75
pattern	-0.78	0.53
mechanically	-0.78	1.30
usually	-0.78	0.71
motivation	-0.78	0.68
composition	-0.78	0.90
55	-0.78	0.93
problem	-0.78	0.93
called	-0.77	0.47
scary	-0.77	1.64
existence	-0.77	0.74
pulling	-0.77	0.74
handle	-0.77	0.86
waiting	-0.77	1.15
inferior	-0.77	1.53
theirs	-0.77	0.74
we	-0.76	1.52
reasoning	-0.76	1.19
proceeded	-0.76	0.60
report	-0.76	0.54
seemingly	-0.76	0.75
worry	-0.76	1.39
danger	-0.76	0.80
chunk	-0.76	0.66
letting	-0.76	0.70
challenging	-0.76	1.01
needs	-0.76	0.68
losing	-0.76	0.86
completely	-0.76	0.82
again	-0.76	1.14
kids	-0.76	0.53
slightest	-0.76	0.69
increased	-0.75	0.74
proves	-0.75	1.12
necessary	-0.75	1.20
strategies	-0.75	0.82
determined	-0.75	0.77
lesser	-0.75	1.28
recent	-0.75	0.65
purely	-0.75	0.91
playing	-0.75	0.88
medium	-0.75	0.93
extent	-0.75	0.68
second	-0.75	1.10
though	-0.75	1.56
road	-0.75	0.64
vulnerable	-0.74	0.98
defend	-0.74	0.63
hacking	-0.74	0.51
wasted	-0.74	0.67
normally	-0.74	0.68
scripting	-0.74	0.54
experiencing	-0.74	0.68
while	-0.74	0.64
individuals	-0.74	0.77
arguments	-0.74	1.08
strats	-0.74	0.77
off	-0.74	0.59
replying	-0.73	0.92
importance	-0.73	0.85
numerous	-0.73	0.83
rely	-0.73	0.77
reduces	-0.73	0.70
nerf	-0.73	0.67
plenty	-0.73	0.88
cases	-0.73	0.58
setting	-0.73	0.64
previously	-0.73	0.63
purpose	-0.73	0.71
today	-0.72	0.74
qq	-0.72	0.90
team	-0.72	1.96
publicly	-0.72	0.62
scenario	-0.72	0.84
before	-0.72	0.80
minus	-0.72	0.86
grown	-0.72	0.52
countless	-0.72	0.89
pace	-0.71	0.66
proved	-0.71	0.71
csing	-0.71	0.91
direct	-0.71	0.51
influence	-0.71	0.67
physically	-0.71	0.67
commit	-0.71	0.48
guarantee	-0.71	1.34
these	-0.71	0.85
actively	-0.71	0.68
associated	-0.71	0.61
proof	-0.71	0.94
skillcap	-0.71	0.81
shows	-0.71	0.72
nfl	-0.71	0.63
exploit	-0.71	0.61
frequent	-0.71	0.64
enough	-0.70	1.20
magical	-0.70	0.85
repeat	-0.70	0.56
programs	-0.70	0.57
examples	-0.70	0.76
issue	-0.70	0.69
vlog	-0.70	0.59
wont	-0.69	1.29
mention	-0.69	1.19
alone	-0.69	1.52
runs	-0.69	0.49
current	-0.69	0.74
raw	-0.69	1.09
pure	-0.69	0.83
passion	-0.69	0.40
realise	-0.69	1.42
ass	-0.69	0.71
posts	-0.69	0.71
steady	-0.69	0.73
eachother	-0.69	0.61
destroy	-0.69	0.69
pants	-0.69	0.70
chose	-0.69	0.94
packet	-0.69	0.69
slower	-0.69	1.29
or	-0.69	1.27
faster	-0.69	1.18
statements	-0.69	1.48
ensure	-0.69	1.01
lots	-0.69	0.84
seem	-0.69	1.28
fail	-0.69	0.71
try	-0.69	0.98
hunt	-0.69	0.74
wet	-0.69	0.66
youre	-0.69	1.14
compensate	-0.68	0.74
element	-0.68	0.67
creates	-0.68	0.57
failure	-0.68	0.98
box	-0.68	0.64
luckily	-0.68	0.76
awhile	-0.68	0.80
considering	-0.68	1.16
training	-0.68	0.83
start	-0.68	0.60
mac	-0.68	0.46
phase	-0.68	1.09
careful	-0.68	1.38
little	-0.68	0.71
rematch	-0.68	0.55
incident	-0.68	0.54
removing	-0.68	0.65
tons	-0.68	0.72
improvement	-0.68	0.70
failing	-0.68	0.67
punished	-0.67	0.53
penalty	-0.67	0.57
relies	-0.67	0.86
tested	-0.67	0.64
optimal	-0.67	0.87
come	-0.67	1.00
evidence	-0.67	1.14
mood	-0.67	1.00
leaving	-0.67	0.50
order	-0.67	0.64
downside	-0.67	0.80
winrate	-0.67	1.02
many	-0.67	0.97
times	-0.67	0.88
whilst	-0.67	0.61
burn	-0.67	0.91
situation	-0.67	0.81
offense	-0.66	0.66
must	-0.66	0.94
solve	-0.66	0.77
rumors	-0.66	0.60
opinions	-0.66	0.77
effort	-0.66	0.64
specifically	-0.66	0.90
50/50	-0.66	0.74
stable	-0.66	1.04
offensive	-0.65	0.83
vastly	-0.65	1.25
focused	-0.65	0.76
dae	-0.65	1.78
balance	-0.65	0.65
out	-0.65	0.77
convinced	-0.65	1.67
sorts	-0.65	0.76
furthermore	-0.65	1.05
will	-0.65	1.15
internal	-0.65	0.58
scenarios	-0.65	0.79
were	-0.65	1.08
shadows	-0.65	0.81
adjust	-0.65	0.63
earlier	-0.65	0.70
those	-0.65	0.95
leaver	-0.65	0.52
floor	-0.64	0.58
reasons	-0.64	0.79
breath	-0.64	0.52
hack	-0.64	0.51
sits	-0.64	0.67
young	-0.64	0.68
one	-0.64	3.15
seen	-0.64	1.37
strength	-0.64	0.87
hopefully	-0.64	1.13
may	-0.64	1.34
explained	-0.64	0.87
kinds	-0.64	0.80
consistent	-0.64	1.26
quickly	-0.64	0.75
society	-0.64	0.58
keeping	-0.64	0.54
stopping	-0.63	0.64
script	-0.63	0.48
murder	-0.63	0.45
takes	-0.63	0.64
manage	-0.63	0.76
harder	-0.63	1.22
handful	-0.63	1.43
at	-0.63	0.77
capable	-0.63	0.63
sub	-0.63	0.92
regarding	-0.63	0.66
r/leagueoflegends/w/submissionguidelines	-0.63	1.06
contribute	-0.63	0.60
largely	-0.63	0.73
bed	-0.63	0.71
consider	-0.63	1.51
adds	-0.63	0.70
pr	-0.62	0.58
merely	-0.62	1.27
dedication	-0.62	0.71
seemed	-0.62	1.29
area	-0.62	0.83
encourage	-0.62	0.60
punishments	-0.62	0.58
left	-0.62	0.86
feet	-0.62	0.55
hand	-0.62	0.70
tends	-0.62	0.70
negative	-0.62	0.57
confidence	-0.62	0.63
plot	-0.62	2.07
subjective	-0.62	1.56
risk	-0.61	0.74
surrender	-0.61	0.51
reduced	-0.61	0.71
popularity	-0.61	0.63
easily	-0.61	0.85
destroyed	-0.61	0.72
reports	-0.61	0.51
110	-0.61	0.69
assume	-0.61	1.61
past	-0.61	0.89
motivated	-0.61	1.13
shake	-0.61	0.62
really	-0.60	1.40
regi	-0.60	0.42
much	-0.60	1.20
later	-0.60	0.81
connected	-0.60	0.82
amount	-0.60	0.55
up	-0.60	0.80
create	-0.60	0.51
spikes	-0.60	0.65
drops	-0.60	0.67
net	-0.60	0.68
abused	-0.60	0.80
fps	-0.60	0.67
basis	-0.60	1.14
easier	-0.60	1.42
mid-late	-0.60	1.08
assumptions	-0.60	1.54
comp	-0.60	0.87
refused	-0.60	0.61
punishment	-0.60	0.59
ago	-0.60	0.87
told	-0.60	0.82
looked	-0.59	1.08
everywhere	-0.59	0.50
unlucky	-0.59	1.20
turn	-0.59	0.45
jealous	-0.59	2.14
putting	-0.59	0.68
she	-0.59	0.83
intention	-0.59	1.04
my	-0.59	0.81
solid	-0.59	1.92
forces	-0.59	0.67
tos	-0.59	0.67
comps	-0.59	0.91
worthy	-0.59	1.00
potentially	-0.59	0.99
aggression	-0.59	0.70
assumption	-0.59	1.61
destroys	-0.59	0.83
benefit	-0.59	0.71
ll	-0.59	1.17
touch	-0.59	0.86
explain	-0.58	1.51
customers	-0.58	0.39
difference	-0.58	0.81
reality	-0.58	0.79
managing	-0.58	0.69
95	-0.58	0.64
killed	-0.58	0.54
proceed	-0.58	0.77
comparing	-0.58	0.65
success	-0.58	0.73
decently	-0.58	0.97
99	-0.58	0.78
trend	-0.58	0.65
nowhere	-0.58	0.78
warding	-0.58	0.88
practice	-0.58	1.07
various	-0.58	0.92
90	-0.58	0.66
avoiding	-0.58	0.64
mentality	-0.58	0.54
treated	-0.58	0.88
covered	-0.57	0.41
priority	-0.57	1.38
possibility	-0.57	0.99
rare	-0.57	1.21
compare	-0.57	0.79
respective	-0.57	1.76
120	-0.57	0.68
prepared	-0.57	0.86
network	-0.57	0.74
fired	-0.57	0.66
strat	-0.57	0.83
above	-0.57	1.75
lag	-0.57	0.70
after	-0.57	0.80
deleted	-0.57	0.67
posted	-0.57	0.54
army	-0.57	0.45
rewarded	-0.57	0.66
practiced	-0.57	0.72
sound	-0.56	0.69
strictly	-0.56	0.61
efficient	-0.56	0.82
guy	-0.56	0.98
rid	-0.56	0.57
multiple	-0.56	1.01
several	-0.56	0.98
analogy	-0.56	0.68
particular	-0.56	1.08
depends	-0.56	0.61
discussion	-0.56	0.63
pings	-0.56	0.52
stacked	-0.56	0.90
sudden	-0.56	0.66
restricted	-0.56	0.52
initially	-0.56	1.13
forth	-0.56	0.48
advantage	-0.56	0.80
teamfighting	-0.56	1.38
age	-0.56	0.52
buffed	-0.56	0.65
unknown	-0.56	0.76
t_t	-0.56	2.11
front	-0.55	0.72
weaknesses	-0.55	0.83
water	-0.55	0.48
physical	-0.55	0.66
two	-0.55	1.14
changing	-0.55	0.56
wins	-0.55	0.51
indicators	-0.55	0.55
safer	-0.55	1.43
revert	-0.55	0.56
appears	-0.55	0.64
qol	-0.54	0.56
poland	-0.54	0.56
settings	-0.54	0.62
fixing	-0.54	0.62
rules	-0.54	0.57
facts	-0.54	1.55
usual	-0.54	0.67
slowly	-0.54	0.66
heavily	-0.54	0.75
fat	-0.54	0.68
topics	-0.54	0.58
underestimate	-0.54	0.84
complicated	-0.54	1.08
complex	-0.54	1.01
versatile	-0.54	0.91
fixed	-0.54	0.66
towers	-0.54	0.80
dying	-0.54	0.57
race	-0.54	0.61
warning	-0.54	0.56
slightly	-0.54	1.15
appear	-0.54	0.65
ping	-0.53	0.69
ready	-0.53	1.53
users	-0.53	0.47
mouse	-0.53	0.68
each	-0.53	1.78
compared	-0.53	1.51
win	-0.53	0.64
clicking	-0.53	0.93
piece	-0.53	0.86
inhibitor	-0.53	0.75
few	-0.53	0.95
reliant	-0.53	0.97
comfort	-0.53	0.81
struggling	-0.53	1.02
weeks	-0.53	0.88
hands	-0.53	0.60
punch	-0.53	0.52
giant	-0.53	0.66
waste	-0.53	0.77
choose	-0.52	0.72
prepare	-0.52	0.62
plan	-0.52	0.84
salt	-0.52	0.87
patience	-0.52	0.89
both	-0.52	0.95
appeal	-0.52	0.40
butt	-0.52	0.66
stops	-0.52	0.59
percentage	-0.52	0.55
mechanic	-0.52	0.73
inhib	-0.52	0.74
essentially	-0.52	0.96
legitimate	-0.52	0.72
depending	-0.52	0.60
attacked	-0.52	0.54
couple	-0.52	0.95
tied	-0.52	1.37
set	-0.51	0.52
nearly	-0.51	0.95
down	-0.51	0.66
balancing	-0.51	0.71
weakness	-0.51	0.84
replied	-0.51	1.11
buffing	-0.51	0.89
acceptable	-0.51	1.06
rape	-0.51	0.44
communicate	-0.51	0.71
bit	-0.51	1.11
types	-0.51	0.89
wasting	-0.51	0.58
help	-0.51	1.02
took	-0.51	0.76
clg	-0.51	0.78
conditions	-0.51	0.66
siege	-0.51	0.73
night	-0.51	0.73
knowing	-0.51	0.95
additionally	-0.51	0.63
coded	-0.51	0.61
rates	-0.51	0.94
achieve	-0.50	0.66
shotcaller	-0.50	1.37
running	-0.50	0.44
innocent	-0.50	0.62
idea	-0.50	1.30
limits	-0.50	0.73
definitely	-0.50	1.50
months	-0.50	0.84
tribunal	-0.50	0.53
extend	-0.50	0.73
cap	-0.50	0.88
mods	-0.50	0.69
synergy	-0.50	1.16
70	-0.50	0.65
scripts	-0.50	0.50
wait	-0.50	0.68
eventually	-0.50	0.87
solved	-0.50	0.57
objectives	-0.50	0.93
picks	-0.50	0.96
nerfs	-0.50	0.53
rooting	-0.50	1.30
weaker	-0.50	1.93
setup	-0.50	0.54
incentive	-0.50	0.64
corner	-0.50	0.89
occurs	-0.50	0.71
hour	-0.50	0.69
cause	-0.50	1.24
experienced	-0.50	0.84
helping	-0.50	0.68
mistakes	-0.50	1.61
viability	-0.50	0.79
difficulty	-0.50	1.07
days	-0.49	0.81
close	-0.49	1.10
post	-0.49	0.71
kit	-0.49	0.72
smashed	-0.49	0.78
champion	-0.49	1.40
allowing	-0.49	0.69
around	-0.49	0.62
based	-0.49	1.14
brings	-0.49	0.74
utterly	-0.49	0.79
three	-0.49	1.09
successfully	-0.49	0.77
forcing	-0.49	0.80
expensive	-0.49	0.91
stand	-0.49	0.83
percent	-0.49	0.62
car	-0.49	0.64
ways	-0.49	0.69
fix	-0.49	0.75
cant	-0.49	1.25
fast	-0.49	0.78
stronger	-0.48	1.90
countered	-0.48	0.69
quicker	-0.48	1.05
mindset	-0.48	0.56
diversity	-0.48	0.80
standards	-0.48	0.63
turrets	-0.48	0.80
80	-0.48	0.63
between	-0.48	1.23
allow	-0.48	0.56
sample	-0.48	0.73
risks	-0.48	0.79
midgame	-0.48	1.07
integrity	-0.48	0.61
meanwhile	-0.48	1.10
match	-0.48	1.06
scores	-0.48	0.65
feelings	-0.48	0.71
certain	-0.48	0.84
life	-0.48	1.17
somehow	-0.48	1.02
relevant	-0.48	0.93
generic	-0.48	0.85
crushing	-0.48	0.74
kited	-0.47	0.77
reginald	-0.47	0.43
population	-0.47	0.76
gave	-0.47	0.54
rioter	-0.47	0.64
maximum	-0.47	0.68
feeder	-0.47	0.66
destroying	-0.47	0.71
five	-0.47	0.99
keyboard	-0.47	0.71
creating	-0.47	0.52
died	-0.47	0.55
extra	-0.47	0.64
champ	-0.47	1.80
automatically	-0.47	0.48
hundreds	-0.47	0.78
maining	-0.47	0.86
jump	-0.47	0.56
give	-0.47	0.82
fusion	-0.47	0.88
coming	-0.47	1.01
sooner	-0.47	0.89
suddenly	-0.47	0.70
moves	-0.47	0.51
subject	-0.47	0.68
giving	-0.47	0.58
pussy	-0.46	0.80
latter	-0.46	1.30
grind	-0.46	0.89
similar	-0.46	0.89
randomly	-0.46	0.62
kits	-0.46	0.76
worked	-0.46	0.71
deserve	-0.46	0.74
paths	-0.46	0.71
counterplay	-0.46	0.71
afterwards	-0.46	0.69
easiest	-0.46	2.93
related	-0.46	0.54
six	-0.46	0.90
differences	-0.46	0.87
measure	-0.46	0.97
period	-0.46	0.77
puts	-0.46	0.48
different	-0.46	0.85
position	-0.46	0.79
results	-0.46	0.93
makes	-0.46	1.07
adding	-0.46	0.64
tl	-0.46	0.70
viable	-0.46	1.25
scale	-0.46	0.71
years	-0.46	0.75
theory	-0.46	1.16
ratios	-0.46	0.71
including	-0.46	0.75
beneficial	-0.45	1.02
eye	-0.45	0.46
hours	-0.45	0.70
forums	-0.45	0.62
fixes	-0.45	0.61
execute	-0.45	0.79
hopes	-0.45	0.65
thousands	-0.45	0.67
purposes	-0.45	0.77
swaps	-0.45	0.92
mastery	-0.45	0.61
effect	-0.45	0.64
seems	-0.45	1.22
adapt	-0.45	0.62
efficiency	-0.45	0.75
dedicated	-0.45	0.58
four	-0.45	1.06
frontpage	-0.45	0.80
severely	-0.45	0.82
builds	-0.45	0.77
walk	-0.45	0.53
variety	-0.45	0.76
meaningful	-0.45	0.68
take	-0.45	0.75
hitbox	-0.45	0.59
posting	-0.45	0.67
75	-0.45	0.62
further	-0.45	0.63
minute	-0.45	0.62
than	-0.45	1.50
kid	-0.45	0.67
5-10	-0.44	0.73
changes	-0.44	0.55
cheering	-0.44	1.10
deaths	-0.44	0.58
ms	-0.44	0.68
discussions	-0.44	0.58
benefits	-0.44	0.65
catching	-0.44	0.77
favour	-0.44	0.65
fire	-0.44	0.60
3-4	-0.44	0.91
rioters	-0.44	0.60
business	-0.44	0.61
aiming	-0.44	0.67
games	-0.44	0.64
burning	-0.44	0.54
other	-0.44	1.87
terror	-0.44	1.13
importantly	-0.44	0.70
within	-0.43	0.67
walked	-0.43	0.55
appearance	-0.43	0.47
head	-0.43	0.63
allies	-0.43	0.55
conversation	-0.43	0.68
additional	-0.43	0.67
ten	-0.43	0.89
lewis	-0.43	0.40
serve	-0.43	0.57
chances	-0.43	0.77
replies	-0.43	0.83
100	-0.43	0.62
chance	-0.43	0.70
forum	-0.43	0.63
twitter	-0.43	0.48
dynamic	-0.43	0.78
answered	-0.43	0.75
mandatory	-0.43	1.04
clean	-0.43	0.85
straight	-0.43	0.53
kicked	-0.43	0.65
ideal	-0.43	0.85
expand	-0.43	0.60
poll	-0.43	0.98
180	-0.43	0.62
invested	-0.42	0.62
rng	-0.42	0.83
possibly	-0.42	3.09
genuinely	-0.42	1.52
r/leagueoflegends/w/subredditrules	-0.42	0.89
tweaks	-0.42	0.57
4v5	-0.42	0.65
nexus	-0.42	0.71
damaging	-0.42	0.73
turns	-0.42	0.44
waited	-0.42	0.66
immune	-0.42	0.70
atmosphere	-0.42	0.54
especially	-0.42	1.22
magically	-0.42	0.81
stayed	-0.42	0.58
pick	-0.42	0.88
efficiently	-0.42	0.79
primary	-0.42	0.90
ulted	-0.42	0.49
squad	-0.42	0.57
reduction	-0.41	0.66
slowed	-0.41	0.66
minutes	-0.41	0.64
4-5	-0.41	0.89
options	-0.41	0.53
greatly	-0.41	0.90
juke	-0.41	0.65
richard	-0.41	0.40
combos	-0.41	0.80
curve	-0.41	0.80
remove	-0.41	0.57
folks	-0.41	0.99
interest	-0.41	0.61
conclusion	-0.41	1.50
forgetting	-0.41	1.35
determine	-0.41	0.74
expecting	-0.41	1.60
suicide	-0.41	0.44
naturally	-0.41	0.89
jumps	-0.41	0.55
disadvantage	-0.41	0.84
run	-0.41	0.49
morning	-0.41	0.84
stood	-0.40	0.56
1-2	-0.40	0.90
directly	-0.40	0.51
laning	-0.40	1.16
40	-0.40	0.64
ran	-0.40	0.49
long	-0.40	0.73
alive	-0.40	0.62
timer	-0.40	0.62
doesnt	-0.40	1.34
promote	-0.40	0.56
base	-0.40	0.64
interaction	-0.40	0.55
separate	-0.40	0.98
mixed	-0.40	0.69
strengths	-0.40	0.75
flashed	-0.40	0.46
bug	-0.40	0.79
promised	-0.40	0.46
shorter	-0.40	0.84
helps	-0.40	0.66
dealt	-0.40	0.68
below	-0.40	1.91
method	-0.40	0.63
badly	-0.40	0.92
delayed	-0.40	0.67
35	-0.40	0.64
rated	-0.40	1.46
service	-0.40	0.57
max	-0.40	0.72
removed	-0.40	0.60
seconds	-0.40	0.68
saving	-0.40	0.53
value	-0.39	0.77
addition	-0.39	0.63
scales	-0.39	0.75
hardly	-0.39	0.96
exists	-0.39	0.74
soon	-0.39	0.90
back	-0.39	0.65
most	-0.39	3.16
more	-0.39	1.47
enabled	-0.39	0.43
spike	-0.39	0.72
skillshots	-0.39	0.75
2-3	-0.39	0.82
logical	-0.39	1.32
mature	-0.39	0.61
instantly	-0.39	0.60
opportunity	-0.39	0.68
breaking	-0.39	0.60
incoming	-0.39	0.83
basketball	-0.39	0.73
massively	-0.39	0.85
threat	-0.38	0.75
selection	-0.38	0.70
cooldowns	-0.38	0.76
q	-0.38	0.78
choosing	-0.38	0.86
brought	-0.38	0.72
less	-0.38	1.49
dragon	-0.38	0.73
fear	-0.38	1.22
noobs	-0.38	0.76
ears	-0.38	0.79
mistaken	-0.38	2.80
walking	-0.38	0.50
picking	-0.38	0.82
tried	-0.38	0.56
predictions	-0.38	0.60
way	-0.38	1.47
onto	-0.38	0.48
policy	-0.38	0.54
styles	-0.38	0.70
21	-0.38	0.58
maxed	-0.38	0.65
e.g	-0.38	0.75
restrictions	-0.37	0.53
mostly	-0.37	0.73
effectively	-0.37	0.81
ups	-0.37	0.73
mins	-0.37	0.64
versus	-0.37	0.84
cougar	-0.37	0.67
walls	-0.37	0.53
remains	-0.37	0.64
taking	-0.37	0.77
min	-0.37	0.64
yesterday	-0.37	0.75
blow	-0.37	0.64
philosophy	-0.37	0.66
50	-0.37	0.64
automatic	-0.37	0.52
45	-0.37	0.65
ddos	-0.37	0.57
untill	-0.37	0.77
fighting	-0.37	0.68
illegal	-0.36	0.51
failed	-0.36	0.62
thoughts	-0.36	0.60
secs	-0.36	0.66
2	-0.36	0.91
source	-0.36	0.85
kiting	-0.36	0.90
bonus	-0.36	0.63
disconnect	-0.36	0.64
gains	-0.36	0.64
row	-0.36	0.82
lasts	-0.36	0.67
chat	-0.36	0.57
put	-0.36	0.72
role	-0.36	1.57
herself	-0.36	0.60
immediately	-0.36	0.60
valuable	-0.36	1.00
defense	-0.36	0.56
25	-0.36	0.62
meant	-0.36	2.77
fall	-0.36	0.61
flaws	-0.35	1.16
restriction	-0.35	0.54
share	-0.35	0.75
contest	-0.35	0.78
tweet	-0.35	0.59
respawn	-0.35	0.66
busy	-0.35	0.77
goal	-0.35	0.58
per	-0.35	0.72
timers	-0.35	0.64
maxing	-0.35	0.83
social	-0.35	0.48
deeper	-0.35	0.59
dodging	-0.35	0.75
process	-0.35	0.62
nowadays	-0.35	0.86
hooked	-0.35	0.46
deals	-0.35	0.64
late	-0.35	1.07
automated	-0.35	0.52
progress	-0.34	0.64
banning	-0.34	0.53
required	-0.34	1.33
falls	-0.34	0.81
speed	-0.34	0.69
anytime	-0.34	0.99
3	-0.34	0.90
aim	-0.34	0.62
perspective	-0.34	0.60
manner	-0.34	0.70
throws	-0.34	0.56
shortly	-0.34	0.66
firewall	-0.34	0.60
20	-0.34	0.64
allows	-0.34	0.62
belongs	-0.34	0.86
itemization	-0.34	0.82
ease	-0.34	0.86
length	-0.34	0.63
ulting	-0.34	0.56
overly	-0.34	0.87
growing	-0.34	0.71
certainly	-0.34	1.25
inherently	-0.34	0.82
150	-0.34	0.60
0.5	-0.34	0.65
stomp	-0.34	0.83
flying	-0.34	0.42
staying	-0.34	0.64
locodoco	-0.34	0.49
units	-0.34	0.60
chants	-0.34	0.92
positions	-0.34	0.85
misleading	-0.34	2.97
simple	-0.34	0.95
opposed	-0.33	0.61
handed	-0.33	0.55
killing	-0.33	0.69
weakest	-0.33	2.79
bans	-0.33	0.53
necessarily	-0.33	1.33
temporary	-0.33	0.59
values	-0.33	0.70
nba	-0.33	0.68
ongamers	-0.33	0.39
along	-0.33	0.63
ratio	-0.33	0.62
movement	-0.33	0.68
reputation	-0.33	0.57
18	-0.33	0.61
lyte	-0.33	0.54
gain	-0.33	0.63
clicked	-0.33	0.94
trip	-0.33	0.88
exciting	-0.33	1.28
possibilities	-0.33	0.71
properly	-0.33	0.97
200	-0.33	0.59
child	-0.33	0.60
break	-0.33	0.54
underrated	-0.33	1.12
ability	-0.33	0.77
10	-0.33	0.71
horribly	-0.33	0.85
route	-0.32	0.82
common	-0.32	1.21
empty	-0.32	0.59
60	-0.32	0.63
previous	-0.32	0.62
began	-0.32	0.52
niche	-0.32	0.78
4	-0.32	0.82
month	-0.32	0.70
mix	-0.32	0.62
16	-0.32	0.63
crush	-0.32	0.88
last	-0.32	1.03
14	-0.32	0.63
roles	-0.32	0.97
receiving	-0.32	0.56
13	-0.32	0.63
aggressive	-0.32	0.83
removes	-0.32	0.60
assist	-0.32	0.54
combined	-0.32	0.97
sit	-0.32	0.66
dealing	-0.32	0.68
as	-0.32	1.22
unit	-0.32	0.69
19	-0.32	0.62
slow	-0.32	0.70
fights	-0.32	0.89
infinite	-0.31	0.93
total	-0.31	0.81
quite	-0.31	1.11
28	-0.31	0.63
extended	-0.31	0.86
accordingly	-0.31	0.92
provided	-0.31	0.75
longer	-0.31	0.78
into	-0.31	0.53
catch	-0.31	0.71
15	-0.31	0.65
24	-0.31	0.64
resistances	-0.31	0.67
systems	-0.31	0.58
penetration	-0.31	0.61
beaten	-0.31	0.68
inner	-0.31	1.00
33	-0.31	0.66
competitively	-0.31	0.75
remotely	-0.31	1.01
experience	-0.31	0.62
stat	-0.31	0.69
23	-0.31	0.63
armour	-0.31	0.61
22	-0.31	0.63
didnt	-0.30	1.41
faced	-0.30	0.84
spent	-0.30	0.55
fotm	-0.30	1.12
fiddlesticks	-0.30	0.95
gives	-0.30	0.64
deep	-0.30	0.71
opportunities	-0.30	0.69
winning	-0.30	0.68
magic	-0.30	0.60
ddosing	-0.30	0.61
quality	-0.30	1.26
30	-0.30	0.65
sticking	-0.30	0.55
shooting	-0.30	0.47
screaming	-0.30	0.95
output	-0.30	0.83
unable	-0.30	0.75
contested	-0.30	1.38
advantages	-0.30	0.84
hundred	-0.30	0.71
grant	-0.30	0.58
asap	-0.30	0.62
masteries	-0.30	0.53
request	-0.30	0.57
hp	-0.30	0.63
12	-0.30	0.67
travis	-0.30	0.48
implement	-0.30	0.58
discovered	-0.29	0.65
strong	-0.29	1.24
millions	-0.29	0.54
provide	-0.29	0.69
drake	-0.29	0.76
fed	-0.29	0.92
grow	-0.29	0.75
standard	-0.29	0.53
traffic	-0.29	0.58
enemies	-0.29	0.69
baron	-0.29	0.70
flashing	-0.29	0.49
duration	-0.29	0.67
crushed	-0.29	0.85
referring	-0.29	1.81
perfectly	-0.29	0.90
odds	-0.29	0.80
boost	-0.29	0.61
apply	-0.28	0.66
mark	-0.28	0.53
lead	-0.28	0.69
tend	-0.28	1.11
implying	-0.28	1.64
receive	-0.28	0.55
cold	-0.28	0.57
away	-0.28	0.51
weight	-0.28	0.48
over	-0.28	0.55
comment	-0.28	1.20
since	-0.28	0.65
beat	-0.28	0.68
flame	-0.28	0.58
path	-0.28	0.67
younger	-0.28	0.50
lost	-0.28	0.58
sides	-0.28	0.71
experiences	-0.28	0.59
returns	-0.28	0.69
planned	-0.28	0.55
health	-0.28	0.62
thousand	-0.27	0.72
review	-0.27	0.56
leap	-0.27	0.58
playstyle	-0.27	0.59
implemented	-0.27	0.53
whom	-0.27	0.40
sounded	-0.27	1.24
goals	-0.27	0.58
scaling	-0.27	0.60
equivalent	-0.27	0.60
power	-0.27	0.89
question	-0.27	0.81
trading	-0.27	1.03
orb	-0.27	0.66
throwing	-0.27	0.48
and/or	-0.27	1.06
facing	-0.27	0.68
assumed	-0.27	1.76
beating	-0.27	0.67
levels	-0.27	0.99
axes	-0.27	0.65
security	-0.27	0.48
shut	-0.27	0.83
3/4	-0.27	0.92
picked	-0.27	0.86
lags	-0.27	0.68
prior	-0.27	0.52
17	-0.27	0.56
ruined	-0.27	0.49
grants	-0.27	0.60
pulled	-0.27	0.50
250	-0.27	0.58
action	-0.26	0.57
morello	-0.26	0.43
solution	-0.26	0.92
view	-0.26	0.61
kick	-0.26	0.49
27	-0.26	0.62
witch	-0.26	0.59
fully	-0.26	0.87
confusing	-0.26	2.36
feels	-0.26	1.27
late-game	-0.26	1.08
stomped	-0.26	0.80
wake	-0.26	0.73
connect	-0.26	0.69
stunned	-0.26	0.54
drag	-0.26	0.79
damage	-0.26	0.73
sign	-0.26	0.73
across	-0.26	0.78
practicing	-0.26	0.69
spamming	-0.26	0.51
intent	-0.26	1.71
test	-0.26	0.69
crazy	-0.26	1.34
tomorrow	-0.26	1.04
wrecked	-0.26	0.77
teamfights	-0.26	1.00
grasp	-0.26	0.68
subreddit	-0.25	0.72
problems	-0.25	0.98
applied	-0.25	0.67
elsewhere	-0.25	0.76
damages	-0.25	0.76
ahead	-0.25	1.58
9	-0.25	0.62
lose	-0.25	0.73
impact	-0.25	0.75
fill	-0.25	0.74
harassing	-0.25	0.93
address	-0.25	0.54
monster	-0.25	1.25
relatively	-0.25	0.87
issues	-0.25	0.93
impactful	-0.25	1.01
demand	-0.25	0.56
assists	-0.25	0.65
bounce	-0.25	0.46
agressive	-0.25	0.83
nearby	-0.25	0.64
hits	-0.25	0.47
remaining	-0.25	0.79
dragons	-0.25	0.91
option	-0.25	0.77
combination	-0.25	0.72
respond	-0.25	0.76
cds	-0.25	0.73
reliable	-0.25	0.92
stomping	-0.25	0.86
received	-0.25	0.53
buffs	-0.25	0.69
1/2	-0.25	0.92
untargetable	-0.25	0.76
cd	-0.25	0.74
fly	-0.24	0.45
wall	-0.24	0.51
include	-0.24	1.11
line	-0.24	0.63
chess	-0.24	0.60
full	-0.24	0.75
couldnt	-0.24	1.03
realized	-0.24	1.36
fun	-0.24	1.10
root	-0.24	0.61
treatment	-0.24	0.57
introduced	-0.24	0.47
stack	-0.24	0.64
until	-0.24	0.76
dmg	-0.24	0.73
originally	-0.24	1.13
public	-0.24	0.43
sharon	-0.24	0.48
situations	-0.24	0.74
snowballs	-0.24	1.14
opponents	-0.24	0.84
vs	-0.24	0.63
depth	-0.24	0.74
cs	-0.24	0.88
included	-0.24	0.63
combo	-0.23	0.74
yelling	-0.23	0.94
improving	-0.23	0.57
6	-0.23	0.77
fucking	-0.23	1.31
spoilers	-0.23	0.70
somewhat	-0.23	0.99
breaks	-0.23	0.51
albeit	-0.23	0.90
pull	-0.23	0.67
empowered	-0.23	0.71
buttons	-0.23	0.63
resist	-0.23	0.57
armor	-0.23	0.57
abilities	-0.23	0.79
hell	-0.23	1.19
1000	-0.23	0.52
teamfight	-0.23	0.94
ally	-0.23	0.55
note	-0.23	1.21
apology	-0.23	0.72
applies	-0.23	0.66
flow	-0.23	0.54
cooldown	-0.23	0.72
secret	-0.23	0.56
flip	-0.23	0.57
gained	-0.23	0.60
8	-0.22	0.69
drive	-0.22	0.43
alternative	-0.22	0.81
camped	-0.22	1.58
2.5	-0.22	0.61
slump	-0.22	1.03
shot	-0.22	1.10
dot	-0.22	0.64
tenacity	-0.22	0.64
uol	-0.22	0.85
11	-0.22	0.67
stats	-0.22	0.66
sleep	-0.22	0.64
rise	-0.22	0.72
sec	-0.22	0.72
1.5	-0.22	0.62
statistically	-0.22	0.94
bugs	-0.22	1.04
passives	-0.22	0.70
pen	-0.22	0.56
stupidly	-0.22	0.92
similarly	-0.22	0.93
equally	-0.22	1.08
roughly	-0.22	0.59
journalist	-0.22	0.36
includes	-0.21	1.08
violating	-0.21	0.65
mr	-0.21	0.56
applying	-0.21	0.64
target	-0.21	0.67
bait	-0.21	0.63
slows	-0.21	0.67
fined	-0.21	0.73
splitpushing	-0.21	0.97
taken	-0.21	1.05
reworked	-0.21	0.64
approach	-0.21	0.61
losses	-0.21	0.65
rather	-0.21	0.74
mod	-0.21	0.63
300	-0.21	0.56
chasing	-0.21	0.55
ad	-0.21	0.57
heck	-0.21	1.46
rework	-0.21	0.54
attacking	-0.21	0.63
rich	-0.21	0.54
excited	-0.21	2.61
sharing	-0.21	0.50
short	-0.21	0.72
surely	-0.21	1.21
lategame	-0.20	1.06
ultimates	-0.20	0.78
bring	-0.20	0.65
step	-0.20	0.52
pops	-0.20	0.47
hybrid	-0.20	0.55
reds	-0.20	0.51
energy	-0.20	0.56
standing	-0.20	0.67
600	-0.20	0.53
popped	-0.20	0.48
engaging	-0.20	0.82
glyphs	-0.20	0.54
seals	-0.20	0.54
blues	-0.20	0.54
cdr	-0.20	0.56
yellows	-0.20	0.54
went	-0.20	0.96
environment	-0.20	0.58
spells	-0.20	0.73
early	-0.20	1.24
halfway	-0.20	0.53
cursor	-0.20	0.52
poking	-0.19	0.86
patch	-0.19	0.56
providing	-0.19	0.92
contact	-0.19	0.54
highly	-0.19	1.10
offers	-0.19	0.75
soldiers	-0.19	0.55
ppl	-0.19	0.98
fight	-0.19	0.87
presence	-0.19	1.02
shred	-0.19	0.73
pieces	-0.19	0.62
clone	-0.19	0.55
7	-0.19	0.67
passive	-0.19	0.68
outside	-0.19	0.79
among	-0.19	3.09
patches	-0.19	0.53
display	-0.19	0.43
skilled	-0.19	0.95
specially	-0.18	1.05
personality	-0.18	0.45
near	-0.18	0.77
favor	-0.18	0.90
terribly	-0.18	0.91
sources	-0.18	0.68
member	-0.18	1.20
flat	-0.18	0.55
outplayed	-0.18	0.74
holds	-0.18	0.45
dives	-0.18	0.92
inside	-0.18	0.59
allowed	-0.18	0.65
boosting	-0.18	0.48
splitpush	-0.18	0.96
safety	-0.18	0.78
backwards	-0.18	0.50
locked	-0.18	0.65
particularly	-0.18	1.10
vision	-0.18	0.59
provides	-0.18	0.90
debuff	-0.18	0.62
hearing	-0.18	0.84
tools	-0.18	0.67
pit	-0.18	0.61
statement	-0.18	1.89
stick	-0.17	0.62
accident	-0.17	1.02
bush	-0.17	0.59
outscale	-0.17	1.21
legit	-0.17	1.45
room	-0.17	0.49
longest	-0.17	0.71
finally	-0.17	1.44
page	-0.17	0.55
key	-0.17	0.67
came	-0.17	0.56
r/leagueoflegends	-0.17	0.71
hardest	-0.17	2.69
suggestion	-0.17	0.73
riot	-0.17	0.52
beats	-0.17	0.54
rivalry	-0.17	1.10
scream	-0.17	1.03
coding	-0.17	0.72
aura	-0.17	0.60
falling	-0.17	0.59
arguably	-0.17	3.22
listed	-0.16	0.63
movespeed	-0.16	0.63
chosen	-0.16	0.60
its	-0.16	1.29
2000	-0.16	0.52
projectile	-0.16	0.61
disrespect	-0.16	0.56
pulls	-0.16	0.51
engages	-0.16	0.82
shared	-0.16	0.74
resets	-0.16	0.63
400	-0.16	0.55
under	-0.16	0.93
button	-0.16	0.60
well	-0.16	1.07
outclassed	-0.16	1.06
runes	-0.16	0.51
status	-0.16	0.54
specific	-0.16	0.81
regularly	-0.16	0.47
hammer	-0.16	0.51
marks	-0.16	0.54
healing	-0.16	0.63
repost	-0.16	0.76
legal	-0.16	0.52
fury	-0.15	0.56
rule	-0.15	0.59
fingers	-0.15	0.53
shots	-0.15	0.57
projectiles	-0.15	0.58
mini	-0.15	0.63
chase	-0.15	0.76
spawns	-0.15	0.72
streaks	-0.15	0.79
items	-0.15	0.55
delay	-0.15	0.61
neutral	-0.15	0.71
existing	-0.15	0.55
executed	-0.15	1.12
free	-0.15	0.57
visible	-0.15	0.49
fiddle	-0.15	0.97
closest	-0.15	0.73
read	-0.15	0.89
neither	-0.14	0.88
reward	-0.14	0.60
alot	-0.14	0.97
proc	-0.14	0.64
kinda	-0.14	1.24
fairly	-0.14	0.97
roll	-0.14	0.58
heals	-0.14	0.63
exceptions	-0.14	0.69
invest	-0.14	0.56
direction	-0.14	0.49
switched	-0.14	0.56
denying	-0.14	0.95
investment	-0.14	0.54
escape	-0.14	0.86
arm	-0.14	0.53
attempting	-0.14	0.67
lacks	-0.14	1.36
spawn	-0.14	0.73
loss	-0.14	0.63
regen	-0.14	0.59
move	-0.14	0.57
kicks	-0.14	0.79
kicking	-0.14	0.56
developed	-0.14	0.82
announcement	-0.14	0.44
fog	-0.14	0.56
dominance	-0.14	1.18
dueling	-0.14	1.04
heroes	-0.14	0.85
implied	-0.13	1.85
raised	-0.13	0.62
remain	-0.13	0.64
steroid	-0.13	0.94
5	-0.13	0.79
blocks	-0.13	0.54
brush	-0.13	0.60
finger	-0.13	0.57
cross	-0.13	0.58
grew	-0.13	0.62
aa	-0.13	0.73
lvl	-0.13	0.78
becomes	-0.13	0.82
stun	-0.13	0.65
poke	-0.13	0.98
counters	-0.13	1.05
incorrect	-0.13	3.16
targets	-0.13	0.85
attack	-0.13	0.62
filter	-0.13	0.54
services	-0.13	0.46
ap	-0.13	0.65
smartcast	-0.13	0.68
pride	-0.13	1.00
engage	-0.13	0.87
montecristo	-0.13	0.48
explode	-0.13	0.37
rewards	-0.13	0.57
stacks	-0.13	0.64
sat	-0.13	0.61
tree	-0.13	0.66
relate	-0.13	0.86
crowd	-0.12	0.88
500	-0.12	0.55
track	-0.12	0.56
on-hit	-0.12	0.63
tumble	-0.12	0.60
initial	-0.12	1.14
testing	-0.12	0.58
ages	-0.12	0.53
score	-0.12	0.55
table	-0.12	0.45
quints	-0.12	0.51
procs	-0.12	0.64
spellvamp	-0.12	0.66
shoot	-0.12	0.49
lifesteal	-0.12	0.58
pinks	-0.12	0.52
minions	-0.12	0.82
dash	-0.12	0.65
critical	-0.12	0.85
sarcastic	-0.11	1.21
attacks	-0.11	0.65
generally	-0.11	1.47
wreck	-0.11	0.85
stacking	-0.11	0.63
crit	-0.11	0.63
starts	-0.11	0.56
range	-0.11	0.58
offering	-0.11	0.57
wind	-0.11	0.54
block	-0.11	0.47
disappear	-0.11	0.49
hunting	-0.11	0.58
quadra	-0.11	0.58
official	-0.11	0.41
counted	-0.11	0.73
board	-0.11	1.01
loosing	-0.11	0.77
autos	-0.11	0.71
middle	-0.11	1.26
poison	-0.11	0.57
plans	-0.10	0.58
splits	-0.10	0.86
identity	-0.10	0.54
clarify	-0.10	3.07
count	-0.10	0.77
form	-0.10	0.67
appeared	-0.10	0.58
stall	-0.10	0.76
boxes	-0.10	0.54
green	-0.10	0.65
bomb	-0.10	0.48
bound	-0.10	0.68
transition	-0.10	1.03
met	-0.10	0.59
permanent	-0.10	0.55
submission	-0.10	0.64
against	-0.10	0.73
exist	-0.10	1.00
item	-0.10	0.49
loads	-0.10	0.61
primarily	-0.10	0.96
law	-0.10	0.54
blocking	-0.10	0.59
aas	-0.10	0.71
knock	-0.09	0.59
ingame	-0.09	0.48
offered	-0.09	0.44
sending	-0.09	0.55
questions	-0.09	0.75
river	-0.09	0.70
peeling	-0.09	0.89
boat	-0.09	0.89
fashion	-0.09	0.74
spend	-0.09	0.57
older	-0.09	0.76
repair	-0.09	0.57
700	-0.09	0.54
zoning	-0.09	0.95
reworks	-0.09	0.55
manually	-0.09	0.50
audience	-0.09	0.72
accepted	-0.09	0.52
saw	-0.09	0.62
client	-0.09	0.69
gaining	-0.09	0.67
0	-0.09	0.65
laws	-0.09	0.53
trigger	-0.09	0.60
sent	-0.09	0.56
stuns	-0.09	0.64
cleanse	-0.09	0.59
publicity	-0.08	0.43
stay	-0.08	0.70
oom	-0.08	0.78
guidelines	-0.08	0.66
through	-0.08	0.50
bushes	-0.08	0.59
owns	-0.08	0.43
professionally	-0.08	0.84
europeans	-0.08	1.02
hear	-0.08	0.86
mainly	-0.08	0.85
sets	-0.08	0.54
clarity	-0.08	0.61
challenge	-0.08	0.71
silence	-0.08	0.67
distance	-0.08	0.55
resources	-0.08	0.60
police	-0.08	0.52
numbers	-0.07	0.60
join	-0.07	0.49
hitting	-0.07	0.63
number	-0.07	0.63
tankier	-0.07	1.58
disengage	-0.07	0.88
fought	-0.07	0.54
faith	-0.07	0.59
map	-0.07	0.69
tears	-0.07	0.88
24/7	-0.07	1.06
snare	-0.07	0.63
kills	-0.07	0.87
trinkets	-0.07	0.50
healthy	-0.07	0.51
updating	-0.07	0.68
captain	-0.07	0.61
perhaps	-0.07	1.12
insta	-0.07	0.68
2/3	-0.07	0.92
dominate	-0.07	1.50
condemn	-0.07	0.55
throw	-0.07	0.54
monsters	-0.06	0.74
very	-0.06	0.99
invite	-0.06	0.54
blocked	-0.06	0.48
invisible	-0.06	0.54
<URL>	-0.06	0.42
<SPECIAL>	-0.06	0.42
requests	-0.06	0.63
flashes	-0.06	0.57
autoattacks	-0.06	0.69
intense	-0.06	1.24
dc	-0.06	0.65
windwall	-0.06	0.60
technical	-0.06	0.89
pre	-0.06	0.66
triple	-0.06	0.54
aoe	-0.06	0.78
click	-0.06	0.60
ice	-0.06	0.43
insane	-0.06	1.62
reveal	-0.06	0.49
beside	-0.06	0.73
tooltip	-0.06	1.73
zero	-0.06	1.19
dashes	-0.06	0.67
honor	-0.06	0.52
streak	-0.06	0.71
remindme	-0.06	0.65
soccer	-0.06	1.02
history	-0.06	0.59
hold	-0.06	0.57
mana	-0.05	0.65
loud	-0.05	0.88
disconnected	-0.05	0.62
cc	-0.05	0.80
restart	-0.05	0.64
minimap	-0.05	0.49
isolated	-0.05	0.82
nautilus	-0.05	1.06
misunderstood	-0.05	2.79
strike	-0.05	0.61
slot	-0.05	0.62
notes	-0.05	0.59
pause	-0.05	0.52
ulti	-0.05	0.68
pushing	-0.05	1.07
initiate	-0.05	0.90
hide	-0.05	0.54
rotate	-0.05	1.13
pbe	-0.05	0.52
skillshot	-0.05	0.62
default	-0.05	0.54
qs	-0.05	0.66
drinking	-0.04	0.56
sustain	-0.04	0.99
interactions	-0.04	0.49
waveclear	-0.04	0.95
qss	-0.04	0.58
loose	-0.04	0.91
instant	-0.04	0.65
patient	-0.04	0.75
gone	-0.04	1.04
whereas	-0.04	1.11
heal	-0.04	0.62
extremely	-0.04	0.97
develop	-0.04	0.68
passively	-0.04	0.87
ridiculously	-0.04	0.93
incredibly	-0.03	0.98
afford	-0.03	0.52
charge	-0.03	0.58
successful	-0.03	0.91
turret	-0.03	1.03
survive	-0.03	1.04
worth	-0.03	0.59
ward	-0.03	0.58
targeted	-0.03	0.71
counting	-0.03	0.96
approve	-0.03	0.88
insanely	-0.03	0.93
toss	-0.03	0.58
clear	-0.03	1.04
pays	-0.03	0.69
die	-0.03	0.59
messages	-0.03	0.58
known	-0.03	1.28
produce	-0.03	0.46
diving	-0.03	0.92
ults	-0.03	0.74
tanking	-0.03	0.82
escapes	-0.03	0.92
wards	-0.03	0.56
market	-0.03	0.44
dodge	-0.03	0.62
dodged	-0.03	0.64
defensive	-0.03	0.55
travel	-0.03	0.60
knockup	-0.03	0.66
owners	-0.03	0.49
skype	-0.03	0.43
according	-0.03	0.90
initiation	-0.03	0.93
task	-0.03	0.63
windows	-0.03	0.54
daily	-0.02	0.41
bitch	-0.02	0.82
secure	-0.02	0.91
exp	-0.02	0.72
confirmed	-0.02	0.65
opposite	-0.02	1.33
pink	-0.02	0.53
wave	-0.02	1.00
apart	-0.02	0.76
active	-0.02	0.57
deliver	-0.02	0.62
800	-0.02	0.55
auto	-0.02	0.73
attached	-0.02	0.43
thus	-0.02	1.10
show	-0.02	0.42
ban	-0.02	0.56
allen	-0.02	0.72
kite	-0.02	0.90
thrown	-0.02	0.76
guess	-0.02	1.53
enjoyable	-0.02	0.97
basic	-0.01	0.98
tool	-0.01	1.20
secondary	-0.01	1.00
members	-0.01	0.68
plus	-0.01	1.00
became	-0.01	1.43
fell	-0.01	0.85
landed	-0.01	0.72
send	-0.01	0.59
waves	-0.01	1.03
reset	-0.01	0.69
valor	-0.01	0.47
offer	-0.01	0.58
deserves	-0.01	0.53
quick	-0.01	0.90
1200	-0.01	0.60
spending	-0.01	0.56
moving	-0.01	0.52
figured	-0.01	1.25
stealing	-0.01	0.63
shields	-0.01	0.67
minion	-0.01	0.87
blast	-0.01	0.55
poster	-0.01	0.75
stealth	-0.01	0.56
ult	-0.01	0.64
journalism	-0.01	0.37
dominating	-0.00	1.87
holding	-0.00	0.55
dodges	-0.00	0.65
utilize	-0.00	0.98
flash	-0.00	0.65
banned	-0.00	0.52
noise	-0.00	0.86
creeps	-0.00	0.87
safely	-0.00	1.02
bat	-0.00	0.48
snowballed	-0.00	1.09
laser	-0.00	0.47
volume	0.00	0.62
imho	0.00	1.04
dropping	0.00	0.97
fountain	0.00	0.67
cancer	0.00	0.76
fuck	0.00	1.13
1k	0.00	0.52
minimum	0.00	0.60
theres	0.01	1.14
creep	0.01	0.88
trinket	0.01	0.54
million	0.01	0.49
schedule	0.01	0.69
pressed	0.01	0.62
strongest	0.01	3.06
seasons	0.01	0.87
buff	0.01	0.77
gap	0.01	0.75
gaming	0.01	0.57
latest	0.01	0.51
function	0.01	0.62
state	0.01	0.74
all-in	0.01	0.98
backline	0.01	0.99
spell	0.01	0.61
advanced	0.01	0.69
switching	0.01	0.56
totally	0.01	1.07
regret	0.01	1.01
typically	0.01	0.92
cass	0.02	0.59
fresh	0.02	0.52
tear	0.02	0.56
utility	0.02	0.99
landing	0.02	0.72
meet	0.02	0.58
smite	0.02	0.82
tankiness	0.02	1.02
sports	0.02	0.64
upgraded	0.02	0.45
somewhere	0.02	0.64
1-3	0.02	0.62
vague	0.02	2.17
completly	0.02	0.99
trap	0.02	0.57
evolve	0.02	0.63
select	0.02	0.57
clearing	0.02	0.96
trades	0.02	1.12
champions	0.02	1.69
exposure	0.03	0.60
updates	0.03	0.59
growth	0.03	0.75
actual	0.03	1.07
flay	0.03	0.56
autoattack	0.03	0.69
sight	0.03	0.50
responses	0.03	0.76
wouldnt	0.03	1.32
camera	0.03	0.55
confusion	0.03	1.96
mobility	0.03	1.06
death	0.03	0.48
swapped	0.03	1.14
absolutely	0.03	0.86
granted	0.03	0.79
pony	0.03	0.76
grab	0.03	0.53
become	0.04	1.32
boot	0.04	0.53
xp	0.04	0.68
positive	0.04	0.77
angle	0.04	0.57
field	0.04	0.60
tunnel	0.04	0.74
means	0.04	1.70
counter	0.04	1.14
gamers	0.04	0.71
dead	0.04	1.00
harass	0.04	1.04
traps	0.04	0.53
cassio	0.04	0.58
trade	0.04	1.13
deny	0.04	1.07
blink	0.04	0.68
charm	0.05	0.58
in-game	0.05	0.48
dive	0.05	0.91
keys	0.05	0.64
nature	0.05	0.61
malphite	0.05	1.18
permaban	0.05	0.54
steal	0.05	0.72
pressing	0.05	0.61
switch	0.05	0.53
stories	0.05	0.58
coach	0.05	0.47
coincidence	0.05	1.24
activated	0.05	0.52
research	0.06	0.65
scroll	0.06	0.57
nick	0.06	0.73
pushes	0.06	1.20
install	0.06	0.52
till	0.06	0.67
hiding	0.06	0.62
zone	0.06	1.02
push	0.06	1.18
perma	0.06	0.55
yell	0.06	0.83
sunday	0.06	0.61
3-0	0.06	0.62
safe	0.06	1.07
graphics	0.06	0.72
everyday	0.06	0.64
i.e	0.06	1.06
voices	0.06	0.73
money	0.06	0.45
response	0.06	0.80
parties	0.06	0.49
penta	0.06	0.57
space	0.06	0.58
swap	0.06	1.17
missing	0.06	0.90
press	0.06	0.61
animation	0.07	0.70
pre-6	0.07	1.25
heads	0.07	0.74
elos	0.07	1.06
weekly	0.07	0.40
officially	0.07	0.53
category	0.07	0.96
reconnect	0.07	0.64
described	0.07	1.18
ui	0.07	0.56
states	0.07	0.71
bar	0.07	0.54
announce	0.07	0.45
announced	0.07	0.41
stance	0.07	0.58
organization	0.07	0.56
therefore	0.07	1.14
alt	0.07	0.60
lobby	0.07	0.52
hint	0.07	0.79
showed	0.07	0.87
media	0.07	0.37
urgot	0.07	0.85
imo	0.07	1.36
placing	0.08	0.65
clears	0.08	1.19
calculated	0.08	1.16
bind	0.08	0.59
tech	0.08	0.54
upvote	0.08	1.36
amazingly	0.08	0.93
spear	0.08	0.61
stepping	0.08	0.84
completed	0.08	0.62
permabanned	0.08	0.54
private	0.08	0.46
effects	0.08	0.62
activate	0.08	0.53
searching	0.08	0.55
joking	0.08	1.35
door	0.08	0.49
rest	0.08	3.03
tower	0.08	1.17
bombs	0.08	0.51
behind	0.08	1.18
analyze	0.09	0.50
insight	0.09	0.75
visibility	0.09	1.11
excellent	0.09	1.84
combat	0.09	0.61
revealed	0.09	0.46
leader	0.09	0.43
100-0	0.09	0.98
evolved	0.09	0.62
spears	0.09	0.61
tab	0.09	0.54
ring	0.09	0.47
chain	0.09	0.58
news	0.09	0.41
owner	0.09	0.51
hero	0.09	0.82
yes	0.09	1.70
skarner	0.09	0.78
hooks	0.09	0.72
too	0.09	1.11
delete	0.09	0.48
etc	0.10	0.93
matchups	0.10	1.26
asians	0.10	0.95
forms	0.10	0.67
sport	0.10	0.74
level	0.10	1.21
ruby	0.10	0.43
ace	0.10	0.61
island	0.10	0.61
weekend	0.10	0.59
crits	0.10	1.07
lagging	0.10	0.71
articles	0.10	0.51
us	0.10	0.79
shift	0.10	0.62
peel	0.11	0.99
analysts	0.11	0.44
leaked	0.11	0.43
our	0.11	0.79
won	0.11	0.76
cost	0.11	0.66
billion	0.11	0.53
def	0.11	0.64
feature	0.11	0.55
organisation	0.11	0.61
sion	0.11	0.76
customer	0.11	0.49
frame	0.11	0.60
size	0.11	0.62
theyre	0.11	1.30
owned	0.11	0.43
popular	0.11	1.35
closed	0.11	0.60
year	0.11	0.53
accidentally	0.11	0.86
pot	0.11	0.49
camps	0.11	0.88
im	0.12	1.45
recognized	0.12	1.23
timed	0.12	0.86
golems	0.12	0.78
snowballing	0.12	1.00
dumpstered	0.12	0.84
honesty	0.12	0.86
sheen	0.12	0.58
suggestions	0.12	0.72
blood	0.12	0.44
revive	0.12	0.64
choice	0.12	2.49
player	0.12	2.11
1500	0.12	0.58
ones	0.12	1.95
org	0.12	0.60
upcoming	0.13	0.52
side	0.13	0.71
visit	0.13	0.52
body	0.13	0.55
global	0.13	0.83
lands	0.13	0.65
given	0.13	0.95
fish	0.13	0.44
areas	0.13	0.66
lp	0.13	0.88
squishies	0.13	1.09
1v5	0.13	0.71
via	0.13	0.55
sadly	0.13	1.39
shield	0.13	0.62
started	0.13	0.66
guaranteed	0.14	0.91
added	0.14	0.98
old	0.14	0.64
designed	0.14	0.71
2k	0.14	0.46
alternate	0.14	0.64
access	0.14	0.50
sometime	0.14	0.67
idk	0.14	1.67
outplay	0.14	0.82
calculate	0.14	1.30
visas	0.14	0.56
personally	0.14	1.43
story	0.14	0.61
wraith	0.14	0.70
greatest	0.14	2.68
knocked	0.15	0.59
visa	0.15	0.56
ignite	0.15	0.67
intended	0.15	1.33
outplaying	0.15	0.79
ganked	0.15	1.57
spread	0.15	0.79
installed	0.15	0.52
home	0.15	0.59
upgrade	0.15	0.47
profit	0.15	0.46
define	0.15	1.33
opens	0.16	0.51
local	0.16	0.78
software	0.16	0.56
closers	0.16	0.95
rocket	0.16	0.60
silent	0.16	0.81
farming	0.16	1.13
doran	0.16	0.51
permanently	0.16	0.48
ect	0.16	0.82
costs	0.16	0.61
loading	0.16	0.61
miles	0.16	0.73
mega	0.16	0.65
wraiths	0.16	0.90
nashor	0.16	0.44
protect	0.16	0.73
grinding	0.16	0.61
storm	0.16	0.95
statistics	0.16	0.98
parts	0.16	0.89
legends	0.16	0.58
defeat	0.17	0.57
command	0.17	0.53
drink	0.17	0.55
relationship	0.17	0.45
compensation	0.17	0.61
learn	0.17	0.73
nunu	0.17	1.03
vice	0.17	0.68
barrier	0.17	0.67
article	0.17	0.74
hook	0.17	0.64
4-0	0.17	0.47
alpha	0.17	0.54
becoming	0.18	0.84
food	0.18	0.67
ball	0.18	0.47
ticket	0.18	0.62
cassiopeia	0.18	0.63
boots	0.18	0.41
deserved	0.18	0.62
malz	0.18	0.74
bootcamp	0.18	1.43
elaborate	0.18	1.38
uninstall	0.18	0.78
prefer	0.18	0.85
cannon	0.18	0.99
3k	0.18	0.51
carefully	0.18	1.01
bully	0.19	1.58
meta	0.19	1.45
rolling	0.19	0.59
preferred	0.19	0.98
chalice	0.19	0.42
starting	0.19	0.73
pots	0.19	0.48
load	0.19	0.64
icon	0.19	0.48
football	0.19	0.88
quiet	0.19	0.86
places	0.19	0.75
update	0.19	0.63
fake	0.19	0.58
spam	0.19	0.59
happend	0.19	1.09
dfg	0.19	0.47
cast	0.19	0.58
crashed	0.19	0.67
bucks	0.20	0.55
counts	0.20	0.99
blitzcrank	0.20	0.83
shout	0.20	0.82
releases	0.20	0.61
pushed	0.20	1.38
hacked	0.20	0.54
farms	0.20	1.25
exclusively	0.20	0.62
kill	0.20	0.83
copyright	0.20	0.42
rankeds	0.20	0.64
closely	0.20	0.77
ofcourse	0.20	1.27
features	0.20	0.55
dollars	0.20	0.54
athene	0.20	0.42
lantern	0.20	0.51
shouldnt	0.21	1.28
athenes	0.21	0.42
sightstone	0.21	0.47
gamer	0.21	0.54
duel	0.21	1.17
gate	0.21	0.53
smurfs	0.21	0.68
arms	0.21	0.55
oriented	0.21	1.34
2.0	0.21	0.62
lich	0.21	0.43
bane	0.21	0.43
suggest	0.21	0.81
rushed	0.21	0.41
submitted	0.21	0.60
application	0.21	0.51
ld	0.21	0.62
tone	0.22	0.92
combine	0.22	0.55
mistake	0.22	1.83
ugh	0.22	1.24
shrooms	0.22	0.54
3-1	0.22	0.47
face	0.22	0.75
beta	0.22	0.48
naut	0.22	1.14
checking	0.22	0.54
suppose	0.22	1.52
finish	0.22	0.81
binding	0.22	0.59
department	0.23	0.58
tonight	0.23	0.63
deathcap	0.23	0.42
recall	0.23	0.59
nuts	0.23	1.02
matchup	0.23	1.28
snowball	0.23	1.22
window	0.23	0.51
thought	0.23	1.54
hourglass	0.23	0.44
vamp	0.23	0.56
description	0.23	0.66
farm	0.23	1.21
intelligent	0.23	0.71
dorans	0.23	0.47
atleast	0.23	1.16
earn	0.23	0.47
host	0.23	0.46
dominant	0.23	2.55
lichbane	0.23	0.45
bubble	0.24	0.70
achieved	0.24	0.69
wolves	0.24	0.73
malph	0.24	1.11
realised	0.24	1.24
fancy	0.24	0.98
blue	0.24	0.68
farmed	0.24	1.38
liandry	0.24	0.45
competent	0.24	0.83
selling	0.24	0.64
r	0.24	0.62
titles	0.24	1.03
joining	0.24	0.50
crystal	0.25	0.46
unfortunately	0.25	1.37
opened	0.25	0.55
rock	0.25	0.73
charges	0.25	0.54
rod	0.25	0.43
bronze/silver	0.25	0.92
camp	0.25	0.98
zhonya	0.25	0.44
sorc	0.25	0.43
prices	0.25	0.83
marketing	0.25	0.50
government	0.25	0.58
spin	0.25	0.58
finishing	0.25	0.81
basics	0.25	0.73
visual	0.25	0.62
overrated	0.26	1.16
removal	0.26	0.64
guise	0.26	0.44
lock	0.26	0.66
reach	0.26	0.91
allstars	0.26	0.69
coke	0.26	0.61
joined	0.26	0.51
personalities	0.26	0.90
exhaust	0.26	0.79
roa	0.26	0.43
closer	0.26	0.84
warded	0.27	1.03
ama	0.27	0.74
homeguard	0.27	0.57
rankings	0.27	1.15
coaches	0.27	0.62
burst	0.27	1.05
releasing	0.27	0.55
launcher	0.27	0.58
stole	0.27	0.56
basicly	0.27	1.11
climb	0.27	1.03
folder	0.27	0.45
prevented	0.27	0.66
checked	0.27	0.51
pressure	0.27	1.36
germany	0.28	0.81
ghost	0.28	0.67
enter	0.28	0.62
rights	0.28	0.41
werent	0.28	1.18
special	0.28	0.97
message	0.28	0.59
espn	0.28	0.67
wasnt	0.28	1.28
crashes	0.28	0.93
shurima	0.28	0.41
cheaper	0.28	0.82
cover	0.28	0.51
created	0.28	0.44
pass	0.28	0.81
logs	0.28	0.54
play	0.29	0.85
anivia	0.29	0.71
malzahar	0.29	0.74
war	0.29	0.48
justice	0.29	0.53
buying	0.29	0.82
shoes	0.29	0.42
whos	0.29	0.73
enemy	0.29	1.42
companies	0.29	0.47
confident	0.29	2.41
coin	0.29	0.55
matches	0.29	0.77
machine	0.29	1.18
plays	0.29	1.01
flair	0.29	1.01
leash	0.29	1.04
w/e	0.29	1.22
jail	0.29	0.93
russia	0.29	0.88
tbh	0.30	1.47
air	0.30	0.47
force	0.30	0.55
prison	0.30	0.88
rating	0.30	1.03
standings	0.30	0.74
dream	0.30	0.54
scrims	0.30	1.11
science	0.30	0.82
drop	0.30	1.41
reading	0.30	1.01
upper	0.30	1.19
rylai	0.30	0.43
unstoppable	0.30	1.33
party	0.31	0.50
ranked	0.31	0.60
speech	0.31	1.14
user	0.31	0.48
zhonyas	0.31	0.44
limit	0.31	0.91
cancelled	0.31	0.57
afaik	0.31	1.05
speaks	0.31	1.41
shove	0.31	1.41
roster	0.31	0.65
2-0	0.31	0.57
dps	0.31	1.12
arent	0.31	1.25
unkillable	0.32	1.26
rylais	0.32	0.44
wan	0.32	1.17
generation	0.32	0.53
stands	0.32	0.97
humble	0.32	0.79
proxy	0.32	1.08
log	0.32	0.62
write	0.32	1.10
4.20	0.32	0.65
fb	0.32	0.46
fame	0.32	0.53
taunt	0.32	0.69
recognition	0.32	0.55
paired	0.32	0.83
city	0.32	0.67
father	0.32	0.76
mountain	0.33	0.46
dominated	0.33	1.02
blitz	0.33	0.76
open	0.33	0.55
450	0.33	0.63
income	0.33	0.43
consideration	0.33	0.81
dad	0.33	0.88
bird	0.33	0.53
americans	0.33	0.91
red	0.33	0.60
gp	0.33	0.84
gunblade	0.33	0.44
pm	0.33	0.81
company	0.34	0.48
cancel	0.34	0.54
work	0.34	1.15
aggro	0.34	0.69
accounts	0.34	0.51
league	0.34	0.73
reverse	0.34	0.63
future	0.34	0.77
tibbers	0.34	0.47
e-sports	0.34	0.74
lives	0.34	0.61
refresh	0.34	0.54
dollar	0.34	0.51
regular	0.34	0.74
main	0.34	1.17
together	0.34	0.77
professional	0.34	0.80
gun	0.34	0.54
doom	0.34	0.93
recommended	0.34	0.50
sell	0.34	0.78
scepter	0.34	0.46
ham	0.34	0.78
ganks	0.34	1.41
machete	0.34	0.81
blind	0.34	0.58
talisman	0.35	0.56
rammus	0.35	1.00
earned	0.35	0.57
paying	0.35	0.45
wich	0.35	1.20
leveling	0.35	0.57
opponent	0.35	1.52
abyssal	0.35	0.44
refer	0.35	1.70
street	0.35	0.42
c9	0.35	0.57
forgive	0.36	1.73
interview	0.36	0.69
during	0.36	0.80
interrupt	0.36	0.55
relic	0.36	0.56
release	0.36	0.52
system	0.36	0.72
lets	0.36	0.98
world	0.36	3.29
tryhard	0.36	0.66
dog	0.36	0.59
amumu	0.36	1.05
program	0.36	0.49
dr	0.37	0.77
linked	0.37	0.47
eyes	0.37	0.73
analyst	0.37	0.46
phone	0.37	1.60
pay	0.37	0.43
decay	0.37	1.10
building	0.37	0.56
constructive	0.37	0.84
sitting	0.37	0.90
correctly	0.37	1.29
esports	0.37	0.72
shadow	0.37	0.44
fit	0.37	0.54
shes	0.37	1.00
sustained	0.37	1.16
bitches	0.38	0.88
drain	0.38	0.58
stepped	0.38	1.01
degree	0.38	0.83
begins	0.38	0.53
build	0.38	0.53
nid	0.38	0.79
finished	0.38	0.80
logged	0.38	0.56
useful	0.38	1.06
voice	0.38	0.58
clutch	0.38	1.26
alliance	0.38	0.57
screen	0.38	0.54
location	0.38	0.78
boosted	0.38	0.65
squishy	0.39	1.35
rising	0.39	0.68
hurricane	0.39	0.50
elo	0.39	1.12
strikes	0.39	0.67
static	0.39	0.57
programming	0.39	0.75
sorta	0.39	1.13
better	0.39	2.66
anyways	0.39	1.42
belt	0.39	0.51
galio	0.40	0.82
manager	0.40	0.43
industry	0.40	0.59
pop	0.40	0.43
bots	0.40	0.60
account	0.40	0.50
cheese	0.40	0.59
faces	0.40	0.73
manaless	0.40	1.22
rush	0.40	0.46
house	0.40	0.52
defined	0.41	0.95
built	0.41	0.56
soraka	0.41	0.82
hang	0.41	0.83
information	0.41	0.65
shop	0.41	0.48
ranking	0.41	1.04
potential	0.41	1.29
realy	0.41	1.22
promise	0.41	0.79
ranged	0.41	1.30
third	0.41	0.55
lucky	0.41	2.45
sites	0.41	0.46
analysis	0.41	0.45
1	0.42	1.01
redditor	0.42	0.91
section	0.42	0.51
pre-season	0.42	0.61
1-1	0.42	0.56
morg	0.42	0.75
nida	0.42	0.79
inc	0.42	0.65
yellow	0.42	0.44
rushing	0.42	0.47
alistar	0.42	0.93
unlocked	0.42	0.62
mode	0.42	0.62
competetive	0.42	0.78
flag	0.42	0.50
mains	0.42	0.85
thresh	0.42	0.81
situational	0.42	0.48
glass	0.42	1.24
gamemode	0.43	0.63
traditional	0.43	0.66
engine	0.43	0.63
ali	0.43	0.90
tag	0.43	0.66
rune	0.43	0.65
unbanned	0.43	0.63
taric	0.43	0.88
implies	0.43	2.35
solo	0.43	0.71
2v2	0.43	1.20
advertising	0.43	0.40
esport	0.43	0.82
builder	0.43	0.58
contract	0.43	0.44
shaco	0.43	0.96
established	0.44	1.15
mobile	0.44	1.20
pair	0.44	0.48
card	0.44	0.52
capitalize	0.44	1.65
mained	0.44	0.95
veigar	0.44	0.73
modes	0.44	0.63
lolking	0.44	0.55
new	0.44	0.68
eat	0.44	1.86
competitive	0.45	0.72
place	0.45	0.76
usa	0.45	0.77
5th	0.45	0.73
8th	0.45	0.71
lulu	0.45	0.86
normal	0.45	0.59
wiki	0.45	0.55
structure	0.45	1.60
normals	0.45	0.61
matchmaking	0.45	0.67
tie	0.45	0.65
learning	0.45	0.76
leona	0.45	0.95
versa	0.46	0.75
dare	0.46	0.71
cuz	0.46	1.22
stfu	0.46	1.04
4th	0.46	0.75
double	0.46	0.77
godlike	0.46	1.98
product	0.46	0.44
godly	0.46	1.95
3rd	0.46	0.73
7th	0.46	0.69
staff	0.46	0.46
email	0.46	0.55
would	0.46	1.32
brand	0.46	0.65
6th	0.46	0.73
warwick	0.46	1.01
lived	0.46	0.58
2nd	0.47	0.77
ori	0.47	0.76
hyper	0.47	1.34
karthus	0.47	0.75
facebook	0.47	0.48
interviews	0.47	0.55
draft	0.47	0.59
queue	0.47	0.62
teambuilder	0.47	0.60
far	0.47	2.72
nocturne	0.47	1.00
lolnexus	0.47	0.53
cash	0.47	0.47
hexakill	0.47	0.64
east	0.47	0.93
hes	0.47	1.15
smurfing	0.47	0.76
soloq	0.47	0.97
eg	0.47	0.62
pages	0.47	0.63
ranks	0.47	1.46
morgana	0.47	0.86
hidden	0.47	0.89
bye	0.48	0.69
websites	0.48	0.45
tickets	0.48	0.45
bank	0.48	0.46
ff	0.48	0.80
unique	0.48	0.72
proud	0.48	2.46
lineup	0.48	0.69
resource	0.48	0.88
valve	0.48	0.47
dreams	0.48	0.72
culture	0.48	1.00
players	0.48	1.25
revenue	0.48	0.40
ww	0.48	1.03
invade	0.48	1.32
dropped	0.48	0.97
queues	0.48	0.60
carry	0.49	1.18
wear	0.49	0.54
carries	0.49	1.49
center	0.49	0.64
ascension	0.49	0.52
liquid	0.49	0.55
submit	0.49	0.54
marksman	0.49	1.57
ganking	0.49	1.45
support	0.49	1.25
braum	0.49	0.86
list	0.49	0.72
r/summonerschool	0.49	0.88
signed	0.49	0.45
curse	0.49	0.64
core	0.49	0.52
friendly	0.50	0.77
respect	0.50	0.50
ram	0.50	0.77
zilean	0.50	0.82
nami	0.50	0.91
pro	0.50	0.92
lines	0.50	0.70
boom	0.50	0.65
janna	0.50	0.94
bear	0.50	0.48
annie	0.50	0.83
fourth	0.50	0.76
wriggles	0.50	0.92
characters	0.50	0.34
buy	0.50	0.93
xj9	0.50	0.53
login	0.50	0.59
sk	0.50	0.59
nidalee	0.50	0.79
hecarim	0.51	0.85
tank	0.51	1.24
united	0.51	0.90
contracts	0.51	0.42
premades	0.51	0.66
5v5	0.51	0.60
fnc	0.51	0.54
mobas	0.51	0.51
tt	0.51	0.58
1st	0.51	0.75
yolo	0.51	0.70
maokai	0.51	1.17
dota2	0.51	0.50
prize	0.51	0.51
stolen	0.51	0.44
uk	0.52	0.73
exchange	0.52	0.66
boosts	0.52	0.71
math	0.52	0.83
noob	0.52	0.95
remind	0.52	0.76
arams	0.52	0.61
taste	0.52	1.66
sponsors	0.52	0.48
zyra	0.52	0.86
zac	0.52	1.15
replacing	0.52	1.05
recommend	0.52	0.86
misses	0.52	0.85
urf	0.52	0.65
casual	0.53	0.57
premade	0.53	0.64
stars	0.53	0.77
swain	0.53	0.80
champs	0.53	1.85
kat	0.53	0.79
studio	0.53	0.53
2015	0.53	0.49
coaching	0.53	0.68
ziggs	0.53	0.79
xerath	0.53	0.65
2v1	0.53	1.72
former	0.53	0.46
queued	0.53	0.66
moved	0.53	0.69
all-stars	0.53	0.79
cloud	0.53	0.59
represent	0.53	1.20
khazix	0.53	0.87
fighter	0.53	1.44
mmr	0.54	1.14
explaining	0.54	0.85
mom	0.54	0.63
website	0.54	0.47
sejuani	0.54	0.88
assuming	0.54	2.66
site	0.54	0.45
wrote	0.54	1.43
par	0.54	2.48
learned	0.54	0.69
summoners	0.54	0.56
parents	0.54	0.59
matched	0.54	0.83
unlock	0.54	0.64
bf	0.54	0.51
from	0.54	1.13
casters	0.54	0.53
live	0.54	0.74
dunno	0.54	1.61
5s	0.54	0.71
browser	0.54	0.47
belong	0.54	1.43
lmq	0.55	0.64
friday	0.55	0.73
challengers	0.55	0.98
incarnation	0.55	0.65
karma	0.55	0.86
exact	0.55	2.39
blade	0.55	0.51
listen	0.55	0.47
3v3	0.55	0.60
arrow	0.56	0.74
partner	0.56	0.62
golds	0.56	0.85
silvers	0.56	0.85
feral	0.56	1.03
files	0.56	0.49
mil	0.56	0.60
crs	0.56	0.63
present	0.56	0.85
promotions	0.56	0.96
poppy	0.56	0.90
tanky	0.56	1.35
launch	0.56	0.59
aram	0.56	0.60
app	0.56	0.47
dominion	0.57	0.60
paste	0.57	0.68
desk	0.57	0.51
diamonds	0.57	0.83
casts	0.57	0.50
sold	0.57	0.83
smash	0.57	0.50
kata	0.57	0.83
working	0.57	0.87
treeline	0.57	0.59
plats	0.57	0.83
preseason	0.57	0.70
data	0.57	0.71
book	0.58	0.37
noc	0.58	1.14
born	0.58	0.86
expected	0.58	0.82
heavy	0.58	1.63
followed	0.58	0.40
golem	0.58	0.60
gangplank	0.58	0.89
kass	0.58	0.86
rift	0.58	0.58
yorick	0.58	0.89
version	0.58	0.44
canada	0.58	0.87
custom	0.58	0.60
azir	0.58	0.89
phantom	0.58	0.52
land	0.58	0.82
flare	0.58	1.04
playoff	0.58	0.72
volibear	0.59	0.96
living	0.59	0.59
tiers	0.59	1.60
cw	0.59	0.60
kha	0.59	0.91
unranked	0.59	0.84
mao	0.59	1.21
nuke	0.59	0.86
crash	0.59	0.90
fking	0.59	1.22
baby	0.59	1.05
quote	0.59	1.50
tldr	0.59	0.76
saved	0.59	0.49
gmb	0.59	0.54
writing	0.59	1.10
save	0.59	0.79
heimer	0.59	0.67
evelynn	0.59	0.99
tri	0.59	0.53
kennen	0.59	1.03
surprisingly	0.59	1.04
friends	0.60	0.54
ss	0.60	0.57
teacher	0.60	0.66
3/5	0.60	0.77
gay	0.60	0.58
written	0.60	1.08
cup	0.60	1.15
border	0.60	0.47
cringe	0.60	1.19
infinity	0.60	0.52
voli	0.60	1.18
1v2	0.61	1.70
minds	0.61	0.82
split	0.61	0.76
quinn	0.61	0.81
skip	0.61	1.10
lux	0.61	0.72
updated	0.61	0.66
technically	0.61	1.08
sona	0.61	0.77
supp	0.61	1.16
hit	0.61	0.79
slots	0.61	1.02
j4	0.61	1.18
reached	0.62	0.93
10k	0.62	0.46
check	0.62	0.50
jarvan	0.62	1.12
rengar	0.62	1.02
eve	0.62	1.04
education	0.62	0.77
return	0.62	0.53
locket	0.62	0.50
caster	0.62	0.50
cat	0.62	0.52
file	0.62	0.46
casted	0.62	0.49
country	0.63	1.02
profile	0.63	0.48
jatt	0.63	0.52
kayle	0.63	0.88
jungling	0.63	1.36
doa	0.63	0.52
memory	0.63	0.74
polish	0.63	1.13
password	0.63	0.54
organizations	0.63	1.03
subs	0.63	0.42
edge	0.63	0.51
singed	0.63	1.12
gods	0.63	1.03
missed	0.63	0.77
hope	0.63	1.30
cos	0.64	1.10
soloqueue	0.64	1.08
teach	0.64	0.76
purple	0.64	0.46
assassin	0.64	1.54
interesting	0.64	1.22
relegated	0.64	0.67
vi	0.64	1.09
considered	0.64	2.84
spectator	0.64	0.53
xin	0.64	1.08
fallen	0.64	0.71
velkoz	0.64	0.55
boys	0.64	1.10
tanks	0.64	1.54
immobile	0.65	1.71
melee	0.65	1.66
views	0.65	0.41
sr	0.65	0.58
gragas	0.65	0.87
favorite	0.65	1.73
elise	0.65	1.07
velocity	0.65	0.66
queen	0.65	0.44
study	0.65	0.79
1v1	0.65	1.39
pretty	0.65	1.17
bruiser	0.65	1.63
demoted	0.65	1.10
void	0.65	0.45
quickshot	0.66	0.52
gold	0.66	0.91
sponsor	0.66	0.44
confirm	0.66	1.25
climbing	0.66	1.05
shiv	0.66	0.52
men	0.66	0.60
king	0.66	0.50
howling	0.66	0.54
roaming	0.66	1.77
garen	0.66	1.19
abyss	0.66	0.54
central	0.66	0.92
souls	0.66	0.45
syndra	0.67	0.81
coz	0.67	1.15
lissandra	0.67	0.73
funniest	0.67	2.53
hug	0.67	0.99
trist	0.67	1.00
famous	0.67	1.11
panth	0.67	1.16
legs	0.67	0.62
shc	0.67	0.61
xdg	0.67	0.65
rosters	0.67	1.04
ip	0.67	0.77
ryze	0.67	1.31
orianna	0.67	0.79
relegations	0.67	0.65
vladimir	0.67	1.06
france	0.67	0.96
adcs	0.67	2.35
yasuo	0.68	0.86
american	0.68	0.93
mine	0.68	0.94
copy	0.68	0.51
apparently	0.68	1.28
scrimming	0.68	1.40
retire	0.68	0.73
uses	0.68	1.20
rate	0.68	0.82
ancient	0.68	0.56
dota	0.68	0.50
bottom	0.68	1.81
tricks	0.68	0.69
carried	0.68	0.99
teleport	0.69	1.26
millenium	0.69	0.61
error	0.69	0.93
college	0.69	0.80
porn	0.69	0.35
lemondogs	0.69	0.57
miller	0.69	0.55
playoffs	0.69	0.81
search	0.69	0.51
ls	0.69	0.47
wukong	0.69	1.01
university	0.69	0.83
sin	0.69	1.02
held	0.69	1.23
yi	0.69	1.12
light	0.69	0.36
tv	0.69	0.65
gank	0.69	1.84
pantheon	0.69	1.12
stuck	0.69	0.94
club	0.69	0.66
price	0.69	0.99
gt	0.69	0.51
kassadin	0.69	0.83
leblanc	0.69	0.82
lee	0.69	1.05
shen	0.69	1.33
riv	0.70	0.55
cologne	0.70	0.58
opposing	0.70	1.96
seed	0.70	0.69
jayce	0.70	1.01
evolution	0.70	0.59
g2	0.70	0.60
prophet	0.70	0.66
forever	0.70	0.86
pd	0.70	0.53
banner	0.70	0.41
roam	0.70	1.90
deman	0.70	0.55
shirt	0.70	0.48
joe	0.70	0.55
jungle	0.70	1.38
duty	0.70	0.46
sick	0.70	1.71
zhao	0.70	1.08
twisted	0.71	0.56
loser	0.71	0.74
ga	0.71	0.51
viewer	0.71	0.41
school	0.71	0.84
bloodthirster	0.71	0.53
ffs	0.71	1.10
details	0.71	0.58
links	0.71	0.50
metal	0.71	0.82
mage	0.71	1.65
announcer	0.71	0.57
replaced	0.71	0.99
shine	0.71	0.55
super	0.71	1.08
bronze	0.71	1.01
ladder	0.72	1.45
veil	0.72	0.50
non	0.72	1.13
hsgg	0.72	0.63
bullets	0.72	0.54
lore	0.72	0.51
sup	0.72	0.88
col	0.72	0.67
rank	0.72	1.45
dudes	0.72	0.82
heimerdinger	0.72	0.70
promoted	0.72	1.09
smooth	0.72	1.04
passed	0.72	0.63
f	0.73	0.62
platinum	0.73	1.05
circuit	0.73	0.89
rumble	0.73	1.25
ultimate	0.73	0.54
vlad	0.73	1.17
ssw	0.73	0.60
christ	0.73	1.33
zed	0.73	0.84
complexity	0.73	0.66
prob	0.73	1.17
h2k	0.73	0.65
closing	0.73	0.63
olaf	0.73	1.28
zephyr	0.73	0.51
countries	0.74	1.22
viktor	0.74	0.61
spot	0.74	0.86
smurf	0.74	0.63
please	0.74	0.74
existed	0.74	0.92
banshee	0.74	0.51
talented	0.74	0.79
banshees	0.74	0.51
ssb	0.74	0.61
fizz	0.74	0.84
moba	0.75	0.51
angel	0.75	0.52
vu	0.75	0.69
kabum	0.75	0.65
america	0.75	1.04
darius	0.75	1.30
promo	0.75	0.98
6300	0.75	0.85
scrub	0.75	1.02
north	0.75	1.04
wife	0.76	0.58
women	0.76	0.51
insec	0.76	1.31
maw	0.76	0.56
placement	0.76	0.81
google	0.76	0.52
bloodwater	0.76	0.91
student	0.76	0.80
njws	0.76	0.57
tryndamere	0.76	1.26
promos	0.76	1.01
download	0.76	0.51
casting	0.76	0.56
steam	0.76	0.44
offline	0.76	0.50
aatrox	0.76	1.38
dandy	0.76	1.27
peak	0.76	0.56
roccat	0.76	0.63
deficio	0.76	0.51
diamond	0.77	1.16
episode	0.77	0.64
kha'zix	0.77	0.70
arrows	0.77	0.55
ie	0.77	0.53
draven	0.77	0.89
fiora	0.77	1.10
kog'maw	0.77	0.93
mata	0.77	1.30
lanes	0.77	2.05
scrim	0.78	1.40
kobe	0.78	0.56
fnatic	0.78	0.58
nasus	0.78	1.36
madlife	0.78	1.30
understandable	0.78	2.44
design	0.78	0.93
mvp	0.78	1.08
steps	0.78	0.79
apdo	0.78	0.81
sword	0.79	0.50
replace	0.79	1.02
white	0.79	0.54
using	0.79	1.16
bengi	0.79	1.07
beginning	0.79	0.78
trynd	0.79	1.35
akali	0.79	0.94
shape	0.79	0.62
specs	0.79	0.79
kog	0.79	0.98
freedom	0.79	0.52
infrastructure	0.79	1.18
incarnati0n	0.79	0.71
platform	0.79	0.40
lane	0.79	2.10
motherfucker	0.79	0.97
division	0.80	1.53
bt	0.80	0.54
gambit	0.80	0.56
kta	0.80	0.56
taught	0.80	0.66
hence	0.80	1.69
divisions	0.80	1.54
dig	0.80	0.73
material	0.80	0.60
maps	0.80	0.55
tf	0.80	0.65
ofc	0.80	1.30
europe	0.80	1.67
cait	0.80	1.06
series	0.80	0.63
duoq	0.80	0.64
ends	0.81	0.53
elementz	0.81	0.74
mother	0.81	0.72
coast	0.81	0.75
v	0.81	1.11
title	0.81	2.08
sivir	0.81	0.90
ashe	0.81	0.87
favourite	0.81	1.71
sun	0.81	0.65
dia	0.81	1.08
term	0.81	2.15
observed	0.81	0.76
typing	0.81	1.66
iceborn	0.81	0.51
silver	0.81	1.06
events	0.81	0.74
trinity	0.81	0.53
content	0.82	0.59
op.gg	0.82	0.49
understood	0.82	2.47
mf	0.82	0.88
viewers	0.82	0.42
answer	0.82	0.95
ezreal	0.82	0.88
merc	0.82	0.52
mallet	0.82	0.51
bench	0.82	1.06
academy	0.82	0.67
sex	0.82	0.53
renekton	0.83	1.75
bo5	0.83	0.69
liked	0.83	1.99
placements	0.83	0.85
botrk	0.83	0.54
cst	0.83	0.73
eating	0.83	0.60
talon	0.83	1.04
riven	0.83	1.17
released	0.83	0.52
leagues	0.83	1.45
bork	0.83	0.54
speak	0.83	1.18
katarina	0.83	0.82
purchase	0.83	0.95
shrc	0.83	0.71
pros	0.84	1.38
jinx	0.84	1.02
dance	0.84	0.54
hotshot	0.84	0.67
south	0.84	1.04
plat	0.84	1.09
gauntlet	0.84	0.51
kogmaw	0.84	1.06
use	0.84	1.30
triforce	0.84	0.53
hella	0.84	1.12
varus	0.84	0.90
iv	0.85	1.00
master	0.85	1.17
black	0.85	0.47
adc	0.85	1.29
placed	0.85	0.89
summer	0.85	0.81
bo3	0.85	0.74
wearing	0.85	0.56
trundle	0.85	1.54
spectate	0.85	0.50
esl	0.85	0.54
bruisers	0.85	1.98
asian	0.85	1.17
reproduction	0.85	0.79
saint	0.85	0.71
jokes	0.85	0.95
nip	0.86	0.72
fate	0.86	0.61
retired	0.86	0.68
najin	0.86	0.54
participating	0.86	1.07
chauster	0.86	0.70
sales	0.86	0.81
jungler	0.86	2.09
canadian	0.86	0.91
reproduce	0.86	0.78
ez	0.86	0.72
la	0.86	0.77
remember	0.86	1.17
pack	0.86	0.52
final	0.86	0.79
duo	0.87	0.73
supports	0.87	1.82
caitlyn	0.87	1.04
ktb	0.87	0.54
round	0.87	0.72
phreak	0.87	0.63
renek	0.87	1.75
benched	0.87	0.87
male	0.87	0.49
spirit	0.87	0.55
vayne	0.87	0.92
ii	0.88	1.04
skt	0.88	0.54
zix	0.88	0.76
shyvana	0.88	1.52
praise	0.88	0.67
winner	0.88	0.79
ozone	0.88	0.56
result	0.88	0.77
pax	0.88	0.75
vulcun	0.88	0.58
corki	0.88	0.97
saintvicious	0.89	0.71
bracket	0.89	0.71
samsung	0.89	0.56
animations	0.89	0.80
iii	0.89	1.08
event	0.89	0.70
junglers	0.89	1.76
summoner	0.89	0.55
boss	0.89	0.63
look	0.89	0.87
shyvanna	0.89	1.54
replacement	0.89	0.99
exclusive	0.89	0.86
irelia	0.89	1.52
reply	0.89	0.95
describe	0.90	2.14
online	0.90	0.40
answering	0.90	0.92
representing	0.90	1.45
hotshotgg	0.90	0.61
bot	0.90	2.10
jax	0.90	1.52
quarters	0.90	0.65
t1	0.90	0.53
k	0.90	0.53
jungles	0.90	1.77
lb	0.90	1.16
sounds	0.90	1.09
spring	0.90	0.81
victory	0.90	0.68
relegation	0.90	0.74
promotion	0.90	0.96
movie	0.90	0.61
colour	0.90	0.49
semis	0.91	0.66
kespa	0.91	1.04
humor	0.91	0.99
marksmen	0.91	2.05
tristana	0.91	0.94
kt	0.91	0.54
date	0.91	0.66
starcraft	0.91	0.63
amsterdam	0.91	0.71
soul	0.92	0.74
shyv	0.92	1.65
chaox	0.92	0.79
iem	0.92	0.77
good	0.92	1.69
graves	0.92	0.92
store	0.92	0.98
accent	0.92	0.97
assassins	0.92	2.05
essence	0.92	0.57
weapon	0.92	0.71
tp	0.92	1.94
definition	0.92	1.83
purchased	0.93	0.99
appropriate	0.93	2.31
quarter	0.93	0.70
lucian	0.93	0.94
plz	0.93	0.81
dignitas	0.93	0.76
visage	0.93	0.52
japan	0.93	0.94
jack	0.93	0.55
muramana	0.93	0.56
mages	0.93	2.08
warmogs	0.93	0.52
san	0.93	0.89
star	0.94	0.59
victorious	0.94	0.68
mundo	0.94	1.76
participate	0.94	1.02
frozen	0.94	0.53
cj	0.94	0.62
band	0.95	0.77
pls	0.95	0.80
broadcast	0.95	0.62
smoking	0.95	0.68
female	0.95	0.51
iron	0.95	0.47
laner	0.95	3.16
randuin	0.95	0.53
semi	0.96	0.73
thornmail	0.96	0.53
fits	0.96	0.47
namei	0.96	1.31
uzi	0.96	1.31
monitor	0.96	0.62
answers	0.96	0.86
format	0.97	0.75
cape	0.97	0.53
tagged	0.97	0.95
nlb	0.97	0.62
named	0.97	0.47
sunfire	0.97	0.55
desktop	0.97	0.67
memes	0.97	1.30
screenshots	0.97	0.54
whats	0.97	1.44
apple	0.98	0.49
randuins	0.98	0.53
insert	0.98	0.48
katowice	0.98	0.71
d1	0.98	1.49
whisper	0.98	0.56
listening	0.98	0.53
anime	0.98	0.76
grand	0.98	0.82
winners	0.98	0.91
masters	0.99	0.65
stage	0.99	0.76
blaze	0.99	0.54
color	0.99	0.49
stages	0.99	0.76
sister	0.99	0.54
climbed	0.99	1.01
elder	0.99	0.57
evil	1.00	0.88
wild	1.00	0.87
manamune	1.00	0.57
wording	1.00	2.74
streamed	1.00	0.64
d3	1.00	1.30
european	1.00	1.26
foreign	1.00	1.10
acc	1.00	0.67
battle	1.01	0.73
pray	1.01	0.88
kakao	1.01	1.07
brutalizer	1.01	0.56
codes	1.01	0.85
isnt	1.01	1.26
french	1.01	1.12
top	1.01	3.22
apologize	1.01	2.50
tune	1.01	0.42
laners	1.01	3.14
lemon	1.01	1.07
fitting	1.01	0.69
tiamat	1.02	0.56
incredible	1.02	1.75
tier	1.02	3.05
botlane	1.02	1.69
clever	1.02	1.00
axe	1.02	0.76
carrying	1.02	0.96
udyr	1.02	0.84
employee	1.02	0.52
sarcasm	1.03	1.31
accurate	1.03	2.51
ops	1.03	0.54
teemo	1.03	0.60
sc2	1.03	0.74
g	1.03	0.72
morde	1.03	0.75
tournaments	1.03	0.99
bright	1.03	0.50
type	1.04	0.81
great	1.04	1.52
donate	1.04	0.64
crew	1.04	0.57
omg	1.04	0.67
wings	1.04	0.43
t	1.04	0.72
commentary	1.04	0.54
edg	1.04	0.79
ogn	1.04	0.73
worlds	1.05	0.99
deft	1.05	1.09
career	1.05	0.59
finals	1.05	0.82
reaching	1.05	0.65
lizard	1.05	0.56
viewing	1.05	0.43
duoing	1.05	0.58
bota	1.05	0.95
stone	1.05	0.70
aka	1.06	0.52
mordekaiser	1.06	0.72
ackerman	1.06	1.32
entertainment	1.06	0.48
ghostblade	1.06	0.57
speaker	1.06	1.47
translate	1.06	1.71
2013	1.06	0.62
reference	1.07	0.76
tourney	1.07	0.95
jesus	1.07	1.25
spoken	1.07	1.05
ex	1.07	0.65
pentakill	1.07	0.47
satan	1.07	1.07
lw	1.07	0.57
lesson	1.07	0.71
tits	1.07	0.58
iirc	1.08	0.84
international	1.08	1.22
toplaners	1.08	2.52
rito	1.08	0.87
sheep	1.08	0.87
terrifying	1.08	1.48
paper	1.08	0.54
girlfriend	1.08	1.68
hydra	1.08	0.57
january	1.08	0.67
tops	1.08	2.40
available	1.09	0.86
speaking	1.09	1.35
gg	1.09	1.03
royal	1.09	0.88
shall	1.09	0.59
usage	1.09	2.70
arcade	1.09	0.46
explanation	1.09	0.90
championships	1.10	1.48
gf	1.10	0.55
reaver	1.10	0.59
backdoor	1.10	0.59
record	1.10	0.51
yordle	1.10	0.67
x	1.10	0.53
cough	1.11	0.59
frost	1.11	0.50
regional	1.11	1.43
cleaver	1.11	0.57
context	1.12	2.74
style	1.12	0.57
qualify	1.12	1.09
competition	1.12	1.77
end	1.12	0.64
teaching	1.12	0.71
imp	1.12	1.10
piglet	1.12	1.09
competing	1.13	1.55
atm	1.13	2.66
wc	1.13	1.49
office	1.13	0.60
maknoon	1.13	0.94
typed	1.13	1.89
omfg	1.13	1.05
flashy	1.13	1.05
class	1.13	2.43
theoddone	1.13	0.57
d5	1.14	1.34
shy	1.14	1.16
spoiler	1.14	0.82
qualifiers	1.14	1.16
lol	1.14	1.08
brazilian	1.14	0.86
brazil	1.15	1.12
derp	1.15	1.28
russian	1.15	1.05
sjokz	1.15	0.49
wildcard	1.15	1.40
german	1.15	1.31
employees	1.15	0.59
mid	1.15	2.35
particles	1.15	0.60
ads	1.15	0.44
upon	1.16	0.58
tournament	1.16	1.05
comeback	1.16	0.94
qualified	1.16	1.13
golden	1.16	0.46
hail	1.16	0.68
fantasy	1.16	0.50
rly	1.16	1.25
lift	1.17	0.90
que	1.17	0.78
talent	1.17	1.76
son	1.17	0.95
lord	1.17	0.74
relax	1.17	0.88
shin	1.17	0.51
zuna	1.17	0.92
amateur	1.18	1.44
currently	1.18	1.39
cut	1.18	0.71
championship	1.18	1.24
ao	1.18	0.51
unseen	1.18	0.74
asia	1.18	1.69
vel'koz	1.18	0.71
dl	1.18	1.04
moments	1.18	0.80
spots	1.19	1.54
season	1.19	0.97
til	1.19	1.00
puns	1.19	1.08
project	1.19	0.59
sea	1.19	2.02
swear	1.20	1.13
yep	1.20	1.12
hired	1.20	0.60
ig	1.20	0.84
midlaners	1.20	2.94
b	1.20	0.50
hire	1.20	0.60
toplane	1.20	2.40
1350	1.20	0.95
groups	1.20	0.56
dlift	1.20	1.01
z	1.20	0.64
scarra	1.21	0.80
oddone	1.21	0.89
ahq	1.22	0.96
smoke	1.22	0.87
xmithie	1.22	0.96
group	1.22	0.57
spanish	1.22	1.27
2011	1.23	0.63
replay	1.23	0.56
cheer	1.23	1.87
scene	1.23	1.82
agreed	1.23	1.37
april	1.23	0.73
sven	1.23	0.78
aint	1.23	1.06
ideas	1.24	0.68
icons	1.24	0.51
languages	1.24	1.38
pr0lly	1.24	0.75
lustboy	1.24	1.01
girls	1.24	0.54
freeze	1.24	1.01
prime	1.24	0.70
donger	1.24	0.63
hunter	1.25	0.63
mlg	1.25	0.69
legend	1.25	0.72
pawn	1.25	1.30
used	1.25	2.63
entertaining	1.26	0.83
servers	1.26	1.15
errors	1.26	2.48
sentence	1.26	2.65
girl	1.26	0.54
images	1.27	0.58
2014	1.27	0.56
ai	1.27	0.90
info	1.27	0.77
robert	1.27	0.90
mids	1.27	2.17
bang	1.27	0.86
figures	1.28	0.43
western	1.28	2.77
impressed	1.28	1.37
english	1.28	1.48
koreans	1.28	1.90
helped	1.28	1.11
mancloud	1.28	0.95
streaming	1.28	0.45
y	1.28	0.67
challenger	1.29	1.84
brother	1.29	0.65
language	1.29	1.49
salary	1.29	0.53
eh	1.30	1.28
ahri	1.30	0.60
streamers	1.30	0.46
peace	1.30	0.82
dis	1.30	1.08
dark	1.31	0.49
hot	1.31	0.52
unlimited	1.31	0.87
laughing	1.31	1.18
2012	1.32	0.69
n	1.32	0.75
ryu	1.32	1.32
rp	1.32	1.11
faker	1.32	1.29
trick	1.32	0.50
production	1.32	0.66
irl	1.32	0.85
development	1.32	0.65
meaning	1.32	2.60
kalista	1.33	0.58
grammar	1.33	2.41
vasilii	1.33	0.99
bout	1.33	1.05
hair	1.33	0.81
swag	1.34	0.76
srsly	1.34	1.14
aswell	1.34	1.23
weed	1.35	1.18
azubu	1.35	0.44
xpecial	1.35	0.96
dade	1.35	1.32
japanese	1.35	0.69
lan	1.36	1.05
ended	1.36	0.65
regions	1.36	2.07
twitch	1.36	0.48
suit	1.36	0.61
west	1.36	1.60
prolly	1.36	0.80
sorry	1.36	1.65
s3	1.36	1.04
translation	1.36	1.58
amp	1.36	0.54
explains	1.37	0.87
poros	1.37	0.67
nope	1.37	1.26
jobs	1.37	0.63
id	1.37	1.03
s4	1.37	1.00
streamer	1.37	0.45
letters	1.37	1.62
korea	1.37	2.00
family	1.37	0.63
gogoing	1.37	1.17
diana	1.38	0.60
hm	1.38	1.44
midlane	1.38	2.28
paid	1.38	0.57
replays	1.38	0.55
compete	1.38	1.92
nightblue	1.38	0.46
thats	1.39	1.31
mirror	1.39	0.51
s5	1.39	0.96
s1	1.39	1.02
colors	1.39	0.63
caps	1.39	1.65
ftfy	1.39	0.85
yup	1.39	1.20
joke	1.39	1.14
boobs	1.39	0.56
native	1.39	1.32
phrase	1.40	2.48
sigh	1.40	1.16
teams	1.40	2.03
yeah	1.41	1.41
boy	1.41	0.96
opening	1.41	0.67
original	1.41	0.61
forward	1.41	0.45
u	1.41	1.14
korean	1.41	1.82
classic	1.42	0.47
ur	1.42	1.10
dammit	1.42	1.00
camping	1.42	1.66
names	1.42	1.11
text	1.43	0.60
gosu	1.43	0.47
region	1.43	2.02
letter	1.43	1.65
hat	1.43	0.70
stream	1.43	0.47
channels	1.43	0.51
watch	1.43	0.56
bought	1.44	1.39
chinese	1.44	1.07
streams	1.44	0.48
irony	1.44	1.28
toplaner	1.44	2.82
gnar	1.45	0.68
de	1.45	0.77
link	1.45	0.53
iwd	1.46	1.00
limited	1.46	1.17
vods	1.46	0.60
ocelote	1.46	0.57
nintendude	1.46	1.08
word	1.46	2.58
yellowpete	1.46	0.94
credit	1.46	0.60
na/eu	1.46	2.06
westrice	1.46	0.95
classes	1.47	0.70
lcs	1.47	1.56
boxbox	1.47	0.46
cop	1.47	0.94
eu	1.48	2.67
er	1.48	0.81
screenshot	1.48	0.65
texture	1.48	0.72
watched	1.48	0.54
laugh	1.48	1.20
eu/na	1.49	2.64
heart	1.49	0.81
impressive	1.49	1.44
hue	1.49	1.00
altec	1.49	0.98
hmm	1.49	1.28
woman	1.49	0.56
guides	1.49	0.72
midlaner	1.50	2.73
favorites	1.50	1.70
spelling	1.50	2.43
model	1.50	0.89
gpl	1.50	1.79
fortune	1.50	0.92
ftw	1.50	0.65
trick2g	1.51	0.50
krepo	1.51	0.84
legendary	1.51	1.03
words	1.51	2.55
character	1.51	0.54
dear	1.51	0.84
wt	1.51	1.10
helios	1.52	1.05
lpl	1.52	1.36
innox	1.52	1.00
transfer	1.52	1.10
indeed	1.52	1.13
c	1.52	0.53
nien	1.52	1.06
kiwikid	1.53	0.95
garena	1.53	1.52
glory	1.53	0.72
audio	1.53	0.73
975	1.54	1.12
quotes	1.54	0.84
zionspartan	1.54	0.99
songs	1.54	0.69
china	1.54	1.71
snoopeh	1.54	1.03
turtle	1.54	1.00
santorin	1.55	1.13
toyz	1.55	0.70
gleeb	1.55	1.10
o.o	1.55	1.23
mithy	1.55	0.89
sneaky	1.55	1.02
input	1.56	0.93
hmmm	1.56	1.26
pvp	1.56	0.75
watching	1.56	0.55
pun	1.56	1.18
server	1.56	1.12
voyboy	1.57	0.94
qtpie	1.57	0.86
420	1.57	1.20
qt	1.57	0.87
wtf	1.57	1.10
advance	1.58	0.61
feedback	1.58	1.00
cards	1.58	0.78
tpa	1.58	0.84
oops	1.59	1.66
models	1.59	0.77
cmon	1.59	1.13
refund	1.59	1.24
br	1.59	1.31
name	1.59	0.72
edited	1.59	1.63
cn	1.60	1.63
fk	1.60	1.10
imaqtpie	1.61	0.70
wildturtle	1.61	0.99
nah	1.62	1.23
gear	1.62	0.67
theme	1.62	0.63
hd	1.62	0.58
poro	1.62	0.77
senpai	1.63	0.77
shiphtur	1.63	0.97
latin	1.63	1.19
resolution	1.64	0.58
cod	1.64	0.69
arena	1.64	0.68
lolreplay	1.64	0.68
detailed	1.64	0.78
song	1.64	0.72
kr	1.65	1.87
brokenshard	1.65	0.98
blizzard	1.65	0.59
enjoying	1.65	1.41
clg.eu	1.65	0.91
detail	1.66	0.68
shiptur	1.67	0.99
welp	1.67	1.03
na	1.67	2.49
glad	1.67	1.99
fuckin	1.67	1.17
pobelter	1.67	1.01
aphromoo	1.68	1.06
doublelift	1.68	1.01
lmfao	1.68	1.19
yo	1.68	1.04
seraph	1.69	1.08
scenes	1.69	1.65
sale	1.69	1.25
crumbz	1.69	1.04
aphro	1.70	1.10
cents	1.70	0.92
kiwi	1.70	1.05
background	1.70	0.55
darien	1.70	0.74
um	1.71	0.93
em	1.71	1.07
o_o	1.71	1.11
zion	1.72	1.09
huh	1.72	1.23
smile	1.72	0.85
m5	1.73	0.92
friend	1.73	0.93
soooo	1.73	1.15
calm	1.74	1.04
kidding	1.74	1.10
nukeduck	1.74	1.12
le	1.74	1.32
forgiven	1.75	0.97
da	1.75	0.87
dyrus	1.75	1.08
nvm	1.75	1.42
quas	1.75	1.12
dem	1.76	0.94
typo	1.76	2.14
nicely	1.76	1.46
balls	1.76	1.09
pic	1.76	0.53
goddamn	1.77	1.04
brilliant	1.77	1.46
uh	1.77	1.21
pokemon	1.77	0.73
formatting	1.77	2.08
logo	1.78	0.51
god	1.78	0.94
winter	1.78	0.70
crumbzz	1.78	1.00
ninja	1.79	0.83
voy	1.79	1.08
xwx	1.79	1.24
bless	1.79	0.80
yea	1.80	1.25
soo	1.80	1.19
uhm	1.80	1.19
guide	1.80	0.78
wars	1.80	0.69
hai	1.81	1.14
battlecast	1.81	0.76
duh	1.81	1.29
recorded	1.82	0.57
edit	1.82	2.12
truly	1.82	1.16
wat	1.82	1.06
laughed	1.82	1.12
tutorial	1.83	0.63
las	1.83	1.04
hearthstone	1.84	0.60
meteos	1.84	1.11
uhh	1.84	1.17
bunny	1.84	0.54
wut	1.84	1.08
rekt	1.85	1.10
forget	1.85	1.53
advice	1.87	1.06
cute	1.87	0.79
umm	1.87	1.18
forgot	1.87	1.37
l	1.88	0.63
forg1ven	1.88	1.01
ich	1.88	1.11
gif	1.89	0.63
zorozero	1.89	1.12
music	1.90	0.66
ta	1.90	1.10
fyi	1.90	0.95
sooo	1.90	1.15
recording	1.90	0.65
o	1.91	0.83
xpeke	1.92	1.14
edward	1.92	0.98
vod	1.92	0.55
bundle	1.93	1.39
genja	1.93	0.94
nyph	1.94	0.97
alex	1.94	1.13
ol	1.94	0.80
skins	1.95	1.34
cyanide	1.95	1.00
ok	1.95	1.22
rekkles	1.95	0.99
beast	1.95	1.29
ye	1.96	1.14
tips	1.96	1.04
bjerg	1.96	1.16
peke	1.97	1.24
oce	1.97	1.18
legacy	1.97	1.33
lel	1.97	1.32
yellowstar	1.98	0.96
rip	1.98	1.36
mecha	1.98	0.53
chill	1.98	0.93
tabzz	1.98	0.98
okay	1.99	1.21
ya	1.99	1.19
ill	2.00	1.16
hilarious	2.00	1.25
channel	2.01	0.61
svenskeren	2.01	0.99
reminds	2.01	1.14
sexy	2.01	0.84
rofl	2.01	1.21
warcraft	2.02	0.64
arts	2.02	0.86
sky	2.02	0.72
glorious	2.03	0.66
sweet	2.03	0.76
heh	2.04	1.12
oh	2.04	1.17
expansion	2.05	0.64
reminded	2.05	1.05
hah	2.05	1.09
sry	2.06	1.29
dunkey	2.06	0.73
froggen	2.06	1.20
ah	2.07	1.18
ha	2.08	1.17
bjergsen	2.08	1.31
nrated	2.08	0.99
loving	2.08	0.96
kerp	2.08	1.06
inspired	2.09	1.15
informative	2.09	0.60
picture	2.09	0.60
forgotten	2.10	1.36
soaz	2.11	1.17
hi	2.11	0.98
fellow	2.12	0.86
ahh	2.12	1.05
pictures	2.12	0.52
candypanda	2.12	1.01
overpow	2.12	1.04
candy	2.13	0.66
youtube	2.14	0.62
hello	2.16	0.98
euw	2.17	0.90
remembered	2.17	1.20
image	2.17	0.51
funny	2.19	1.45
miss	2.19	1.58
upload	2.19	0.62
guard	2.19	0.94
shook	2.21	1.09
yay	2.21	0.86
highlights	2.22	0.68
wickd	2.23	1.14
lmao	2.23	1.22
jesiz	2.23	1.12
meme	2.23	1.61
highlight	2.23	0.68
skin	2.24	1.22
jk	2.25	1.00
spotlight	2.29	0.70
splash	2.30	0.79
alright	2.30	1.13
creator	2.32	0.49
cosplay	2.32	0.58
freaking	2.33	1.28
enjoy	2.34	1.16
draw	2.34	0.68
genius	2.34	0.96
cheers	2.35	1.02
hahaha	2.37	1.18
dat	2.37	0.83
guys	2.38	1.04
wp	2.38	0.84
welcome	2.39	0.99
era	2.40	1.41
badass	2.40	1.09
doe	2.41	0.89
eune	2.42	0.75
p	2.44	1.02
impaler	2.44	1.49
gifted	2.45	1.85
s2	2.45	1.50
username	2.46	0.89
drawn	2.47	0.69
congratulations	2.47	0.90
videos	2.49	0.69
vids	2.50	0.69
hey	2.50	1.02
video	2.50	0.65
helpful	2.52	1.45
dexter	2.55	1.58
xd	2.56	1.47
woah	2.57	1.09
ending	2.57	0.99
thanks	2.57	1.00
moon	2.58	0.50
worries	2.58	1.03
clip	2.58	0.72
hehe	2.59	1.45
memories	2.60	1.05
paint	2.61	0.65
btw	2.62	1.03
buddy	2.62	1.03
sir	2.64	1.06
thank	2.64	0.94
10/10	2.65	1.16
gifts	2.65	1.74
np	2.65	1.02
bud	2.66	1.04
bc	2.67	0.78
holy	2.68	1.20
mystery	2.68	1.70
clips	2.68	0.63
mate	2.68	1.05
looks	2.69	1.02
rek'sai	2.69	1.67
m8	2.70	1.43
ps	2.70	0.77
congrats	2.71	0.93
thx	2.71	1.01
cool	2.73	1.19
artist	2.74	0.80
neat	2.74	0.87
ty	2.75	0.93
luck	2.77	0.94
gl	2.78	0.93
ign	2.78	0.83
creative	2.81	0.86
damn	2.85	1.15
tip	2.88	1.33
epic	2.91	1.19
birthday	2.91	1.31
cake	2.92	0.98
gift	2.94	1.49
haha	2.95	1.29
beautiful	3.03	0.82
editing	3.05	0.94
job	3.05	0.79
christmas	3.05	1.25
dude	3.06	1.07
bro	3.07	1.24
props	3.11	0.75
appreciate	3.13	0.98
concept	3.14	0.72
p.s	3.15	0.96
montage	3.15	0.85
intro	3.18	0.79
appreciated	3.19	1.03
art	3.22	0.74
wonderful	3.23	0.63
lt	3.27	0.82
tho	3.30	1.18
man	3.32	0.94
drawing	3.37	0.73
enjoyed	3.41	0.48
nonetheless	3.41	0.95
wish	3.41	1.05
vid	3.48	0.78
gj	3.50	0.91
wallpaper	3.54	0.75
wow	3.60	0.79
d	3.65	0.82
