tolerate	-4.13	1.23
unfortunate	-3.96	1.60
destructive	-3.89	1.87
worse	-3.85	2.22
tough	-3.77	1.29
brutal	-3.76	1.62
injustice	-3.71	2.01
tragedy	-3.67	2.05
ludicrous	-3.67	1.75
shitty	-3.61	1.90
partially	-3.59	2.10
most	-3.57	2.28
unintended	-3.54	2.07
evil	-3.52	1.93
99	-3.52	2.49
disaster	-3.40	2.05
extreme	-3.32	2.06
tyranny	-3.29	1.92
screwed	-3.19	2.06
fault	-3.17	2.56
atheists	-3.16	2.72
met	-3.16	2.75
outrageous	-3.12	2.91
wake	-3.11	2.97
sets	-3.08	2.53
diseases	-3.08	3.15
nation	-3.06	2.76
bad	-3.04	3.22
questionable	-3.02	2.53
pr	-3.01	2.97
reputation	-2.99	2.38
believes	-2.94	2.73
track	-2.94	2.41
presidents	-2.93	2.48
worlds	-2.92	2.56
talked	-2.91	2.40
joined	-2.88	2.75
exception	-2.88	2.64
bizarre	-2.86	1.84
cherry	-2.85	2.50
belongs	-2.85	2.83
handling	-2.84	3.18
implementing	-2.84	2.42
runs	-2.82	2.78
stood	-2.79	2.74
handed	-2.78	3.37
criticize	-2.74	2.64
imo	-2.73	2.62
understands	-2.71	2.82
disgusting	-2.71	1.82
founders	-2.71	2.67
picked	-2.68	2.41
biggest	-2.68	2.41
largest	-2.62	2.73
piss	-2.60	2.04
evils	-2.58	2.19
arguably	-2.55	2.57
scenario	-2.52	2.90
record	-2.50	2.46
disagrees	-2.49	3.06
thinks	-2.46	2.71
decides	-2.44	2.94
hard	-2.42	3.42
sometimes	-2.42	3.39
jews	-2.38	2.76
blamed	-2.35	2.67
racists	-2.34	2.92
criticizing	-2.33	2.57
unfortunately	-2.31	3.36
anti	-2.29	2.88
fyi	-2.27	2.49
part	-2.23	3.67
libertarians	-2.23	3.03
hardcore	-2.21	2.93
shock	-2.20	2.89
conservatives	-2.20	2.98
racist	-2.18	2.78
bigots	-2.18	2.82
talks	-2.15	2.35
nanny	-2.15	2.06
event	-2.15	1.91
leftists	-2.14	2.88
wonder	-2.13	4.09
progressives	-2.12	3.04
oppressive	-2.12	1.40
rare	-2.12	1.68
muslims	-2.11	2.80
whole	-2.10	2.95
blame	-2.09	2.78
immoral	-2.04	3.47
bunch	-2.04	2.61
oppression	-2.02	1.67
liberals	-2.01	3.06
ridiculous	-1.99	2.35
accounting	-1.97	2.66
assholes	-1.96	2.55
feminists	-1.96	2.95
good	-1.96	3.47
holocaust	-1.95	1.49
communists	-1.95	2.35
talk	-1.94	3.21
hatred	-1.92	2.90
opposes	-1.92	2.18
call	-1.90	3.13
lots	-1.90	2.59
scary	-1.90	2.69
racism	-1.89	2.10
plenty	-1.88	2.93
tend	-1.88	2.34
islam	-1.87	1.85
especially	-1.87	2.34
dangerous	-1.84	2.02
potentially	-1.83	2.01
totalitarian	-1.83	1.48
truth	-1.82	3.40
genocide	-1.79	1.87
nazis	-1.78	2.24
seems	-1.78	3.84
explains	-1.77	2.03
shame	-1.76	2.58
democrats	-1.76	2.71
accident	-1.75	1.80
corrupt	-1.74	2.04
75	-1.73	2.06
bigotry	-1.73	2.19
tyrannical	-1.72	1.44
gays	-1.71	2.31
homosexuals	-1.71	2.17
many	-1.71	2.90
worship	-1.70	2.76
distinguish	-1.70	2.66
dirty	-1.70	2.33
soviet	-1.69	1.62
100	-1.68	2.33
anti-gay	-1.68	2.51
unlikely	-1.65	2.37
radical	-1.65	2.23
left	-1.64	2.65
other	-1.63	2.87
particularly	-1.63	2.90
lot	-1.62	3.25
handful	-1.61	2.70
often	-1.61	2.86
90	-1.61	2.40
segregation	-1.60	2.35
anybody	-1.59	3.26
affirmative	-1.59	2.50
identify	-1.59	2.96
blacks	-1.59	2.42
knows	-1.58	2.92
70	-1.58	2.32
irresponsible	-1.58	2.13
obvious	-1.58	3.56
regime	-1.57	1.43
those	-1.55	3.08
9/11	-1.54	1.85
whites	-1.54	2.42
authoritarian	-1.53	1.89
socialists	-1.53	2.78
hypocrites	-1.51	2.90
80	-1.51	2.44
progressive	-1.51	2.57
minarchists	-1.51	2.95
mainly	-1.50	1.90
israel	-1.50	1.97
republicans	-1.50	2.83
massively	-1.50	2.35
liberal	-1.49	2.57
numerous	-1.49	2.99
homosexuality	-1.49	2.19
bigoted	-1.48	2.42
dictatorship	-1.48	1.44
crowd	-1.48	2.20
four	-1.48	2.61
nazi	-1.47	1.93
capitalists	-1.47	2.46
religions	-1.46	2.16
republic	-1.46	1.88
generally	-1.45	2.94
fiscally	-1.45	2.68
anarchists	-1.44	2.86
hitler	-1.44	1.81
highly	-1.43	2.83
jim	-1.43	2.43
both	-1.43	3.31
finds	-1.42	2.14
america	-1.42	2.43
inherently	-1.42	2.85
sorts	-1.42	2.90
agrees	-1.42	2.65
behavior	-1.41	2.66
supports	-1.41	2.30
frequently	-1.40	2.53
incompetent	-1.40	3.59
shootings	-1.40	2.41
embarrassed	-1.40	2.98
economies	-1.39	2.14
secede	-1.39	2.19
responsible	-1.39	2.57
pro-life	-1.39	2.83
jewish	-1.39	2.15
founded	-1.38	1.91
95	-1.38	2.07
nations	-1.38	2.22
christians	-1.38	2.42
stalin	-1.38	1.53
bigot	-1.37	2.47
positive	-1.37	2.66
ones	-1.37	2.81
countries	-1.37	2.35
supporters	-1.37	2.47
crisis	-1.37	1.99
ancaps	-1.36	2.87
kinds	-1.36	3.02
running	-1.36	2.28
surprise	-1.36	2.87
uncomfortable	-1.35	2.80
anti-war	-1.35	2.66
incident	-1.35	2.11
very	-1.35	3.28
country	-1.35	2.67
oppressed	-1.34	2.25
conservative	-1.34	2.57
modern	-1.34	2.36
single	-1.34	2.87
surrounding	-1.34	2.12
environmental	-1.33	2.04
forming	-1.33	2.57
hating	-1.33	2.95
western	-1.33	2.36
germany	-1.33	2.07
unethical	-1.33	2.71
population	-1.32	2.17
communist	-1.32	2.00
members	-1.32	2.00
negative	-1.32	2.48
losers	-1.31	2.08
trivial	-1.31	2.07
laughable	-1.31	2.76
ugly	-1.31	2.78
exploitation	-1.31	2.09
organized	-1.31	2.08
revolution	-1.30	1.91
occasionally	-1.30	2.76
systemic	-1.30	2.44
pro	-1.30	2.62
circumstances	-1.29	2.73
these	-1.29	3.22
thugs	-1.29	2.19
mostly	-1.28	2.59
greedy	-1.28	1.97
several	-1.28	3.01
describes	-1.27	1.79
events	-1.27	2.38
ussr	-1.27	1.96
religious	-1.27	2.18
crow	-1.26	2.45
justifying	-1.26	2.82
multiple	-1.26	3.05
seem	-1.26	4.10
socialist	-1.26	2.20
activists	-1.26	2.51
seen	-1.26	3.63
vast	-1.25	2.09
formed	-1.25	2.24
writes	-1.24	2.60
approve	-1.24	2.23
problematic	-1.24	2.22
racial	-1.24	2.32
whereas	-1.23	2.33
white	-1.23	2.44
countless	-1.23	3.08
pretend	-1.23	4.00
increasingly	-1.23	2.58
likes	-1.23	3.57
bubble	-1.22	2.04
similarly	-1.22	2.16
fascist	-1.22	1.97
join	-1.22	2.36
tons	-1.22	2.62
congressional	-1.22	2.04
minorities	-1.21	2.29
wing	-1.21	2.41
region	-1.21	2.20
every	-1.21	3.33
world	-1.21	3.02
discrimination	-1.21	2.32
supporting	-1.21	2.82
poorly	-1.21	2.50
display	-1.21	2.95
run	-1.20	2.28
planet	-1.20	2.41
documented	-1.20	2.88
inefficient	-1.20	2.60
kkk	-1.20	2.34
leaning	-1.20	2.64
significant	-1.19	2.31
suspicious	-1.19	2.93
tea	-1.19	2.46
various	-1.18	3.10
camps	-1.18	2.26
movements	-1.18	2.45
today	-1.18	4.14
fiscal	-1.18	2.46
elect	-1.17	2.16
determines	-1.17	2.85
islamic	-1.17	2.10
loses	-1.17	2.78
caused	-1.17	2.37
kochs	-1.16	2.15
traditional	-1.16	2.66
equate	-1.16	2.72
hurt	-1.16	3.53
rightfully	-1.16	2.48
recorded	-1.16	2.24
moderate	-1.15	2.61
extremely	-1.15	3.29
taxpayer	-1.15	2.34
openly	-1.15	2.46
brutality	-1.15	2.04
three	-1.15	2.96
kind	-1.15	3.40
become	-1.15	3.13
instance	-1.15	2.99
leftist	-1.15	2.56
hardly	-1.14	3.33
some	-1.14	4.11
imagine	-1.14	4.20
support	-1.14	3.21
least	-1.14	3.87
conservatism	-1.14	2.59
ruined	-1.14	2.34
history	-1.14	2.68
socially	-1.13	2.75
joining	-1.13	2.19
compare	-1.13	2.48
effect	-1.13	2.56
quite	-1.13	3.71
little	-1.13	3.66
elected	-1.13	2.02
ton	-1.13	2.55
office	-1.13	2.04
representatives	-1.12	2.07
garner	-1.12	2.17
member	-1.12	2.00
enact	-1.12	2.43
dozens	-1.12	3.03
recognize	-1.11	3.60
china	-1.11	2.11
few	-1.11	3.01
60	-1.11	2.57
insane	-1.11	2.92
rest	-1.10	2.70
its	-1.10	3.91
important	-1.10	3.26
oppose	-1.10	2.80
leaders	-1.09	1.78
past	-1.09	3.24
unacceptable	-1.09	2.83
far	-1.09	3.49
fraction	-1.09	2.11
40	-1.09	2.63
two	-1.08	2.98
punishing	-1.08	2.39
none	-1.08	4.28
half	-1.08	2.96
statism	-1.08	2.47
bankrupt	-1.08	2.41
dems	-1.08	2.57
venezuela	-1.08	1.98
black	-1.08	2.39
allies	-1.07	2.26
harmful	-1.07	2.28
governments	-1.07	2.12
imho	-1.07	2.32
much	-1.07	3.81
concentration	-1.07	2.32
fringe	-1.07	2.34
sides	-1.07	2.21
fairly	-1.07	3.29
pissed	-1.07	2.82
volunteer	-1.07	2.51
arms	-1.07	2.68
50	-1.07	2.61
costly	-1.06	2.66
exceptions	-1.06	2.32
gay	-1.06	2.42
capitalist	-1.06	2.41
eastern	-1.06	2.16
intervene	-1.06	3.02
sees	-1.06	3.63
marxist	-1.06	2.27
tolerance	-1.06	1.87
larger	-1.06	2.41
movement	-1.05	2.50
harder	-1.05	3.01
africa	-1.05	2.18
among	-1.05	2.62
simple	-1.05	3.36
indirectly	-1.05	2.42
another	-1.05	3.38
effects	-1.05	2.51
conspiracy	-1.05	2.27
collapse	-1.05	2.64
sovereign	-1.05	2.35
supported	-1.05	2.55
terribly	-1.05	3.39
portion	-1.05	2.35
minority	-1.04	2.28
inequality	-1.04	2.32
20	-1.04	2.66
safer	-1.04	2.89
introduced	-1.04	1.89
sexist	-1.04	2.37
apart	-1.04	2.42
classical	-1.04	2.66
cuba	-1.04	2.10
label	-1.03	2.87
demographic	-1.03	2.28
collectivist	-1.03	2.45
than	-1.03	3.21
certain	-1.03	3.24
mob	-1.03	2.06
europe	-1.03	2.32
group	-1.03	2.34
european	-1.03	2.37
400	-1.03	2.61
complicated	-1.03	2.92
calls	-1.03	2.31
requirement	-1.02	2.30
opposition	-1.02	2.68
likely	-1.02	3.41
extent	-1.02	3.07
policy	-1.02	2.25
ten	-1.02	2.86
united	-1.02	2.62
roman	-1.02	2.38
boycott	-1.02	2.52
major	-1.02	2.33
empire	-1.02	2.52
lean	-1.01	2.97
lie	-1.01	4.21
communism	-1.01	2.37
parts	-1.01	2.88
americans	-1.01	2.40
greed	-1.01	2.20
considering	-1.01	3.36
hundred	-1.01	2.82
too	-1.01	3.90
muslim	-1.01	2.16
president	-1.01	1.95
entire	-1.00	2.73
seized	-1.00	2.55
democrat	-1.00	2.38
ran	-1.00	1.99
says	-1.00	2.90
themselves	-1.00	3.12
believed	-1.00	2.69
type	-1.00	3.38
across	-1.00	2.57
incredibly	-0.99	3.27
30	-0.99	2.66
disproportionately	-0.99	2.49
turns	-0.99	2.66
discriminatory	-0.99	2.47
filled	-0.99	2.28
overwhelmingly	-0.99	2.34
were	-0.99	3.86
centralized	-0.99	2.24
dies	-0.99	2.45
comparing	-0.99	2.33
territory	-0.98	2.27
couple	-0.98	2.59
largely	-0.98	2.83
experienced	-0.98	1.96
argues	-0.98	2.42
usa	-0.98	2.80
social	-0.98	2.44
stretch	-0.98	2.76
majority	-0.98	2.22
active	-0.98	2.17
african	-0.98	2.36
obama	-0.98	2.05
wants	-0.98	2.98
odd	-0.98	3.22
35	-0.98	2.54
similar	-0.98	3.20
risky	-0.98	2.34
owner	-0.98	2.71
discriminated	-0.97	2.41
korea	-0.97	2.13
marriages	-0.97	2.48
thing	-0.97	4.46
always	-0.97	4.39
executive	-0.97	2.36
legislators	-0.97	2.12
2	-0.97	2.79
owns	-0.96	2.63
declaration	-0.96	2.54
myself	-0.96	3.59
reagan	-0.96	2.13
rifles	-0.96	2.27
difficult	-0.96	2.93
whom	-0.96	2.64
lincoln	-0.96	2.32
guns	-0.96	2.26
divided	-0.96	2.32
marriage	-0.96	2.51
involving	-0.96	2.53
opposite	-0.96	4.44
excuse	-0.96	2.76
20th	-0.96	2.58
starting	-0.96	3.74
selectively	-0.95	2.42
eu	-0.95	2.40
such	-0.95	3.11
hook	-0.95	2.32
implemented	-0.95	2.77
rule	-0.95	2.29
fell	-0.95	2.61
fascism	-0.95	2.30
described	-0.95	2.67
five	-0.95	2.92
45	-0.95	2.58
tiny	-0.95	2.39
responsibility	-0.95	2.56
dozen	-0.95	3.01
german	-0.95	2.13
opposed	-0.94	3.09
aspect	-0.94	3.00
absurd	-0.94	2.71
societies	-0.94	2.59
crash	-0.94	2.45
homosexual	-0.94	2.37
russia	-0.94	2.24
suing	-0.94	2.29
consider	-0.94	4.20
separation	-0.94	2.33
requirements	-0.94	2.47
ve	-0.93	3.98
badly	-0.93	2.92
externalities	-0.93	2.59
east	-0.93	2.25
six	-0.93	2.98
managing	-0.93	2.30
us	-0.93	3.23
sadly	-0.93	3.14
easier	-0.93	3.19
general	-0.93	2.46
uses	-0.93	2.69
selfish	-0.93	2.14
vehicles	-0.93	2.19
saddam	-0.93	1.60
hundreds	-0.92	3.04
occur	-0.92	3.15
gets	-0.92	3.18
5	-0.92	2.76
abuse	-0.92	2.16
bit	-0.92	3.73
split	-0.92	2.54
ukraine	-0.92	2.26
era	-0.92	2.60
nobody	-0.91	3.91
statist	-0.91	2.31
asks	-0.91	2.85
exemption	-0.91	2.24
races	-0.91	2.41
hiding	-0.91	2.46
socialism	-0.91	2.48
politician	-0.91	2.62
belief	-0.91	2.72
huge	-0.91	2.19
heard	-0.91	3.26
including	-0.91	3.03
occurred	-0.90	3.23
attention	-0.90	2.67
phenomenon	-0.90	2.22
sudden	-0.90	2.32
bigger	-0.90	2.61
1000	-0.90	2.72
party	-0.90	2.47
die	-0.90	2.72
takes	-0.90	3.02
authoritarianism	-0.90	2.69
rich	-0.90	2.30
200	-0.90	2.80
solely	-0.90	2.53
bankruptcy	-0.90	2.30
sweden	-0.89	2.48
century	-0.89	2.83
throughout	-0.89	2.67
seven	-0.89	2.97
10	-0.89	2.75
3	-0.89	2.87
19th	-0.89	2.72
ethnic	-0.89	2.30
hypocritical	-0.89	2.06
abusive	-0.89	1.96
oppress	-0.89	2.43
boston	-0.89	2.12
prop	-0.89	2.40
anarchism	-0.89	2.84
root	-0.88	2.66
particular	-0.88	2.99
dem	-0.88	2.36
defending	-0.88	2.99
recover	-0.88	3.03
favor	-0.88	2.81
somewhat	-0.88	3.40
slightly	-0.88	2.91
bureaucrats	-0.88	2.44
1,000	-0.88	2.53
lose	-0.88	3.33
india	-0.88	2.33
restriction	-0.87	2.61
north	-0.87	2.27
implementation	-0.87	2.46
mentions	-0.87	2.36
starts	-0.87	2.82
side	-0.87	3.65
same	-0.87	4.45
french	-0.87	2.08
300	-0.87	2.70
else	-0.86	4.43
saudi	-0.86	2.16
appointed	-0.86	2.20
cares	-0.86	3.31
associate	-0.86	3.19
faster	-0.86	2.96
wins	-0.86	2.45
worked	-0.86	3.44
voters	-0.86	2.40
subscribe	-0.86	2.46
expensive	-0.85	2.97
meet	-0.85	2.57
subset	-0.85	2.45
votes	-0.85	2.36
community	-0.85	2.47
labeled	-0.85	2.57
usually	-0.85	2.58
developed	-0.85	2.43
variety	-0.85	3.05
dealing	-0.85	2.68
injured	-0.85	2.56
large	-0.85	2.22
declare	-0.85	2.89
boss	-0.85	2.66
unfair	-0.85	2.59
drive	-0.84	2.65
japan	-0.84	2.33
pays	-0.84	2.77
orders	-0.84	2.50
number	-0.84	2.61
fix	-0.84	3.38
records	-0.84	2.29
against	-0.84	2.98
presidency	-0.84	1.91
jefferson	-0.84	2.20
democratic	-0.84	2.24
libertarian	-0.84	2.81
catch	-0.84	2.09
consistently	-0.84	2.87
basically	-0.84	3.95
unreasonable	-0.84	3.05
everybody	-0.84	3.57
justified	-0.83	4.59
punish	-0.83	2.75
thousand	-0.83	2.94
churches	-0.83	2.29
where	-0.83	4.25
populations	-0.83	2.33
senate	-0.82	2.26
becomes	-0.82	3.18
less	-0.82	3.07
marry	-0.82	2.56
standing	-0.82	2.50
legitimately	-0.82	2.80
visible	-0.82	2.30
couples	-0.82	2.51
established	-0.82	2.93
disputes	-0.82	2.64
hitting	-0.81	2.55
find	-0.81	4.42
location	-0.81	2.42
vote	-0.81	2.38
define	-0.81	3.61
becoming	-0.81	3.24
passes	-0.81	2.49
australia	-0.81	2.51
women	-0.81	2.42
firearms	-0.81	2.51
unjust	-0.81	3.17
iran	-0.81	2.15
polling	-0.80	2.08
25	-0.80	2.70
changes	-0.80	2.89
race	-0.80	2.48
nukes	-0.80	2.28
anarcho-capitalism	-0.80	2.76
6	-0.80	2.88
500	-0.80	2.81
management	-0.80	2.31
thousands	-0.80	3.02
specific	-0.80	3.35
selective	-0.80	2.43
implement	-0.80	2.70
france	-0.80	2.36
declaring	-0.80	2.79
decide	-0.79	3.52
nearly	-0.79	3.22
firm	-0.79	2.36
discriminating	-0.79	2.42
centuries	-0.79	3.08
drives	-0.79	2.55
spreading	-0.79	2.78
terrorism	-0.79	2.22
growing	-0.79	2.35
roughly	-0.79	2.40
groups	-0.79	2.46
activity	-0.79	2.80
pick	-0.79	2.53
lying	-0.79	4.27
fewer	-0.78	2.87
types	-0.78	3.30
unregulated	-0.78	2.49
grew	-0.78	2.26
mainstream	-0.78	2.51
discriminate	-0.78	2.47
isis	-0.78	2.24
canada	-0.78	2.50
religion	-0.78	2.29
goes	-0.78	3.59
whoever	-0.77	3.25
served	-0.77	2.03
landlord	-0.77	2.59
economy	-0.77	2.45
leave	-0.77	4.04
longer	-0.77	3.65
spoke	-0.77	2.02
virtually	-0.77	3.07
bush	-0.77	2.11
complex	-0.76	2.86
existed	-0.76	3.29
lazy	-0.76	1.92
straight	-0.76	2.60
amongst	-0.76	2.55
marxism	-0.76	2.40
accountable	-0.76	2.85
destroyed	-0.76	2.94
easy	-0.76	3.19
4	-0.76	2.88
defend	-0.76	3.19
uk	-0.76	2.48
invade	-0.76	2.63
brought	-0.76	3.07
practice	-0.76	3.17
set	-0.75	2.65
accusing	-0.75	2.65
stole	-0.75	2.90
japanese	-0.75	2.20
terrorists	-0.75	2.24
smaller	-0.75	2.45
uber	-0.75	2.33
carried	-0.75	2.55
protest	-0.75	2.48
13	-0.75	2.70
accuse	-0.75	2.74
instantly	-0.75	2.84
person	-0.75	3.50
lead	-0.75	2.66
lost	-0.75	2.90
catholic	-0.74	2.20
right-wing	-0.74	2.29
northern	-0.74	2.50
anarchist	-0.74	2.82
absolute	-0.74	2.43
distance	-0.74	2.81
vietnam	-0.74	2.27
everyone	-0.74	4.47
disease	-0.74	2.42
accidents	-0.74	2.87
exposed	-0.74	2.81
advocate	-0.74	3.07
primarily	-0.74	2.44
practices	-0.74	2.70
suffering	-0.74	2.33
crony	-0.74	2.21
appears	-0.73	3.24
piece	-0.73	1.99
asian	-0.73	2.31
blind	-0.73	2.47
neither	-0.73	4.33
south	-0.73	2.53
begin	-0.73	3.20
minded	-0.73	2.36
christian	-0.73	2.28
arrangement	-0.73	2.84
church	-0.72	2.29
moot	-0.72	3.50
everywhere	-0.72	3.21
male	-0.72	2.41
happened	-0.72	4.10
democracy	-0.72	2.20
each	-0.72	3.13
decades	-0.72	3.62
widespread	-0.72	2.47
probable	-0.72	2.73
harms	-0.72	3.00
republican	-0.72	2.38
15	-0.72	2.78
possible	-0.72	4.26
idiots	-0.72	2.37
incidents	-0.72	2.69
reckless	-0.71	2.67
incentives	-0.71	2.58
pigs	-0.71	1.92
cure	-0.71	2.51
encounter	-0.71	2.34
7	-0.71	2.78
led	-0.71	2.51
repeatedly	-0.71	3.62
land	-0.71	2.67
12	-0.71	2.76
asked	-0.71	3.53
districts	-0.71	2.35
figure	-0.71	4.75
dying	-0.71	2.52
female	-0.71	2.41
administration	-0.71	2.36
determining	-0.71	2.98
slaves	-0.70	2.74
device	-0.70	2.37
over	-0.70	3.80
occupy	-0.70	2.50
operation	-0.70	2.26
decided	-0.70	3.27
convince	-0.70	3.93
invasion	-0.70	2.70
policies	-0.70	2.50
14	-0.70	2.74
hurts	-0.70	3.02
11	-0.70	2.77
key	-0.69	2.93
element	-0.69	3.06
ultimately	-0.69	2.97
enough	-0.69	4.07
voting	-0.69	2.40
bring	-0.69	3.65
fdr	-0.69	1.73
equally	-0.69	3.39
idea	-0.69	4.65
someone	-0.69	3.94
situation	-0.68	3.78
places	-0.68	3.28
turning	-0.68	2.87
gang	-0.68	2.45
millions	-0.68	3.00
mexico	-0.68	2.58
tens	-0.68	3.01
stuff	-0.68	3.79
congress	-0.68	2.53
struggle	-0.68	2.82
apples	-0.68	2.48
somebody	-0.68	3.69
paranoid	-0.68	2.34
voted	-0.68	2.28
blatantly	-0.68	3.38
early	-0.68	3.22
ever	-0.67	4.61
nuts	-0.67	2.22
cancer	-0.67	2.42
illness	-0.67	2.34
harmed	-0.67	3.12
laws	-0.67	2.57
latter	-0.67	2.77
reason	-0.67	4.86
26	-0.67	2.71
gop	-0.67	2.36
aggressive	-0.67	2.74
scenarios	-0.67	3.02
stays	-0.66	2.63
fight	-0.66	3.20
listed	-0.66	2.99
10,000	-0.66	2.79
enforcing	-0.66	2.64
recognition	-0.66	2.64
riots	-0.66	2.76
iirc	-0.66	2.54
screw	-0.66	2.29
officials	-0.66	2.38
mafia	-0.66	2.52
2000	-0.66	2.83
sort	-0.66	3.32
invading	-0.66	2.44
mentioned	-0.66	3.26
dump	-0.66	2.39
criteria	-0.65	2.58
males	-0.65	2.35
100,000	-0.65	2.71
anyone	-0.65	4.56
strange	-0.65	3.09
sympathy	-0.65	2.21
since	-0.65	4.12
twice	-0.65	3.13
doing	-0.65	5.21
aclu	-0.65	2.35
threshold	-0.65	2.50
declared	-0.65	2.86
harming	-0.65	3.66
lately	-0.65	2.67
confuse	-0.65	3.09
representation	-0.64	2.51
marx	-0.64	2.30
wedding	-0.64	2.56
silly	-0.64	3.06
dishonest	-0.64	3.06
decade	-0.64	3.78
picking	-0.64	2.66
terrorist	-0.64	2.24
slavery	-0.64	2.78
150	-0.64	2.71
negatively	-0.64	2.88
sanctions	-0.64	2.38
redistribution	-0.64	2.70
believe	-0.64	4.86
others	-0.64	3.57
repeal	-0.64	2.71
accepting	-0.64	2.87
relationships	-0.64	2.61
organization	-0.64	2.50
liberalism	-0.64	2.55
secession	-0.63	2.60
opposing	-0.63	2.78
governing	-0.63	2.35
acknowledge	-0.63	4.35
told	-0.63	3.01
ie	-0.63	2.77
appear	-0.63	3.41
irrational	-0.63	2.36
real	-0.63	3.68
weather	-0.63	2.43
legalization	-0.63	2.61
unilaterally	-0.63	2.63
causing	-0.63	2.63
west	-0.63	2.41
legislature	-0.63	2.39
train	-0.63	2.40
comes	-0.62	3.42
mass	-0.62	2.58
arise	-0.62	3.25
areas	-0.62	2.60
enacted	-0.62	2.66
plain	-0.62	3.07
literally	-0.62	4.27
supporter	-0.62	2.73
clearly	-0.62	5.21
sole	-0.62	2.54
donated	-0.62	2.40
happens	-0.62	4.25
stand	-0.62	3.71
continued	-0.62	2.84
scared	-0.62	2.62
proportion	-0.62	2.49
pretty	-0.62	3.67
damage	-0.61	2.62
moves	-0.61	2.90
targeted	-0.61	2.67
slave	-0.61	2.54
representative	-0.61	2.27
syria	-0.61	2.38
hide	-0.61	2.79
owed	-0.61	2.68
bans	-0.61	2.65
discussed	-0.61	3.25
precedent	-0.61	2.70
damaging	-0.61	2.82
minor	-0.61	2.57
mess	-0.61	2.50
realize	-0.61	4.91
ruin	-0.61	2.63
brand	-0.61	2.28
handled	-0.61	3.13
9	-0.61	2.86
extended	-0.61	2.11
stupid	-0.61	2.47
middle	-0.61	2.43
yet	-0.60	5.35
instances	-0.60	3.08
nothing	-0.60	5.39
nra	-0.60	2.50
holds	-0.60	2.70
thereby	-0.60	2.79
inevitable	-0.60	2.61
factor	-0.60	2.95
never	-0.60	4.76
campaigns	-0.60	2.13
minarchist	-0.60	3.25
markets	-0.60	2.84
right	-0.60	5.18
capitalism	-0.60	2.82
initially	-0.60	3.00
institutions	-0.60	2.47
size	-0.60	2.50
together	-0.60	3.08
excessive	-0.60	2.39
controversial	-0.60	2.94
quo	-0.60	2.55
pass	-0.59	2.56
prohibiting	-0.59	2.63
parties	-0.59	2.67
constitution	-0.59	3.25
invaded	-0.59	2.45
men	-0.59	2.47
faces	-0.59	2.43
needs	-0.59	3.19
scale	-0.59	2.48
deem	-0.59	3.54
communities	-0.59	2.49
zero	-0.59	3.55
acceptance	-0.59	2.52
passed	-0.59	2.57
impact	-0.59	2.83
traction	-0.59	3.20
hurting	-0.59	3.41
entirely	-0.59	3.87
perception	-0.59	2.82
prevented	-0.59	2.83
already	-0.59	4.86
iraq	-0.59	2.41
being	-0.59	4.01
known	-0.58	2.76
saved	-0.58	3.08
storage	-0.58	2.46
fought	-0.58	2.87
reality	-0.58	3.42
ideologies	-0.58	2.89
justify	-0.58	3.61
protesters	-0.58	2.48
turned	-0.58	2.96
occurs	-0.58	2.95
pushing	-0.58	2.92
form	-0.58	2.81
makes	-0.58	3.71
legislative	-0.57	2.58
platform	-0.57	2.49
document	-0.57	2.92
proposed	-0.57	2.75
emails	-0.57	2.93
wide	-0.57	2.70
ineffective	-0.57	2.72
british	-0.57	2.53
personally	-0.57	4.47
married	-0.57	2.57
independent	-0.57	2.63
fails	-0.57	2.74
atheist	-0.57	2.26
coercive	-0.57	3.24
failed	-0.56	2.75
putin	-0.56	2.06
explicitly	-0.56	3.45
24	-0.56	2.76
consequences	-0.56	2.68
defended	-0.56	2.49
everything	-0.56	4.94
recognized	-0.56	2.86
absolutely	-0.56	5.19
during	-0.56	2.96
small	-0.56	2.39
pathetic	-0.56	2.94
libertarianism	-0.56	2.96
inner	-0.56	2.53
drunk	-0.56	2.62
arbitrary	-0.56	2.67
kills	-0.56	2.57
remember	-0.56	3.13
percent	-0.56	2.61
ridiculously	-0.56	3.27
abandoned	-0.56	2.54
affect	-0.56	3.21
8	-0.56	2.93
affairs	-0.56	2.71
taken	-0.56	4.39
passing	-0.55	3.13
possibly	-0.55	4.63
before	-0.55	4.15
registered	-0.55	2.45
bureaucracy	-0.55	2.63
categories	-0.55	3.10
justification	-0.55	3.36
describe	-0.55	2.87
norm	-0.55	2.52
advocates	-0.55	2.79
interpretation	-0.55	2.80
started	-0.55	3.43
england	-0.55	2.45
deaths	-0.55	2.70
came	-0.55	3.72
precisely	-0.55	3.09
fucks	-0.55	2.18
transparency	-0.55	2.19
scum	-0.55	2.34
slightest	-0.55	3.11
commonly	-0.55	2.78
ancap	-0.54	3.08
coerce	-0.54	3.36
whatever	-0.54	4.52
hero	-0.54	1.97
force	-0.54	3.38
compared	-0.54	2.58
19	-0.54	2.73
spectrum	-0.54	2.81
repealed	-0.54	2.87
acts	-0.54	3.05
protesting	-0.54	2.06
albeit	-0.54	2.55
aggression	-0.54	3.46
liable	-0.54	2.93
despite	-0.54	2.67
stance	-0.54	2.92
said	-0.54	4.68
twist	-0.54	2.66
identical	-0.54	2.86
folks	-0.54	2.63
random	-0.53	2.15
exclusively	-0.53	2.79
ignorant	-0.53	2.33
turn	-0.53	3.60
unconstitutional	-0.53	3.00
per	-0.53	2.88
thief	-0.53	3.07
coming	-0.53	4.21
corporatism	-0.53	2.46
difference	-0.53	4.08
server	-0.53	2.71
win	-0.53	2.39
libya	-0.53	2.46
senators	-0.53	2.20
overly	-0.53	2.98
percentage	-0.53	2.50
email	-0.53	2.54
regional	-0.53	2.27
whomever	-0.53	3.54
mobility	-0.52	2.56
policing	-0.52	2.52
questioning	-0.52	3.01
harm	-0.52	3.00
rulers	-0.52	2.21
almost	-0.52	4.60
work	-0.52	4.58
authorized	-0.52	2.76
last	-0.52	3.52
legislation	-0.52	2.65
consequence	-0.52	2.61
billions	-0.52	3.06
distinction	-0.52	3.36
changed	-0.52	4.05
except	-0.52	4.72
cheaper	-0.52	3.17
gangs	-0.52	2.49
bringing	-0.52	3.15
held	-0.51	2.94
pollution	-0.51	2.54
unlawful	-0.51	3.22
forms	-0.51	2.94
damages	-0.51	2.73
equal	-0.51	3.09
sued	-0.51	2.66
pushed	-0.51	2.88
argued	-0.51	3.31
branch	-0.51	2.60
tradition	-0.51	2.55
immigrants	-0.51	2.79
criminals	-0.51	2.56
prior	-0.51	3.31
relations	-0.51	2.52
dollars	-0.51	3.03
folk	-0.51	2.49
2010	-0.50	2.79
done	-0.50	5.00
elections	-0.50	2.31
commons	-0.50	2.11
union	-0.50	2.68
institution	-0.50	2.60
civilization	-0.50	2.64
performed	-0.50	2.65
hypocrite	-0.50	2.76
solving	-0.50	3.11
organize	-0.50	2.79
aka	-0.50	2.65
trusted	-0.50	3.19
common	-0.50	3.40
tries	-0.50	3.17
later	-0.50	3.60
violence	-0.50	3.35
gone	-0.50	4.12
come	-0.50	4.53
carolina	-0.50	2.52
receives	-0.50	2.72
cops	-0.50	2.65
hiring	-0.50	2.72
after	-0.50	3.79
boom	-0.50	2.63
punished	-0.50	2.94
controlled	-0.49	2.63
organizations	-0.49	2.52
peaceful	-0.49	2.70
besides	-0.49	2.77
peace	-0.49	2.46
ferguson	-0.49	2.70
elements	-0.49	2.99
17	-0.49	2.74
drivers	-0.49	2.66
rid	-0.49	3.08
setting	-0.49	2.71
violent	-0.49	2.83
settled	-0.49	2.76
times	-0.49	3.46
constitutionally	-0.49	3.20
enforced	-0.49	2.74
cause	-0.49	2.68
orientation	-0.49	2.62
accomplished	-0.49	3.82
years	-0.48	3.40
sponsored	-0.48	2.18
took	-0.48	3.71
u.s	-0.48	2.59
operates	-0.48	2.82
23	-0.48	2.70
bill	-0.48	2.63
had	-0.48	4.11
authority	-0.48	2.78
losing	-0.48	2.90
main	-0.48	2.82
powers	-0.48	2.82
deeply	-0.48	2.98
lied	-0.48	3.45
time	-0.48	4.45
somewhere	-0.48	4.22
law	-0.48	3.07
clear	-0.48	4.86
comparable	-0.48	2.46
minimal	-0.48	2.62
individually	-0.48	3.38
central	-0.47	2.52
utterly	-0.47	3.17
injury	-0.47	2.69
exploit	-0.47	2.70
when	-0.47	4.89
select	-0.47	3.01
spent	-0.47	3.23
poor	-0.47	2.60
decline	-0.47	2.75
ceo	-0.47	2.52
actively	-0.47	3.12
exempt	-0.47	2.63
resistance	-0.47	1.83
along	-0.47	3.59
morons	-0.47	2.24
foreign	-0.47	2.56
scrutiny	-0.47	2.61
million	-0.47	3.03
jurisdiction	-0.47	2.74
change	-0.47	4.21
lies	-0.47	2.95
driver	-0.47	2.66
mad	-0.47	2.73
competing	-0.47	2.89
driving	-0.47	2.69
he	-0.46	4.05
once	-0.46	4.51
morally	-0.46	4.67
2009	-0.46	2.65
faith	-0.46	2.28
protests	-0.46	2.45
election	-0.46	2.40
map	-0.46	2.73
defines	-0.46	2.89
dealt	-0.46	3.21
handle	-0.46	3.38
0	-0.46	2.93
immigration	-0.46	2.77
move	-0.46	3.71
working	-0.46	3.77
congressman	-0.46	2.26
explain	-0.46	4.99
candidates	-0.46	2.36
fail	-0.46	3.86
object	-0.46	3.02
view	-0.46	3.58
carry	-0.46	2.68
start	-0.46	3.97
upset	-0.46	2.83
charities	-0.46	2.65
month	-0.46	3.21
rampant	-0.46	2.48
ideology	-0.46	2.93
sue	-0.46	2.91
restrictions	-0.46	3.05
violently	-0.45	2.74
place	-0.45	4.74
entity	-0.45	2.74
overall	-0.45	2.67
militia	-0.45	2.62
bucks	-0.45	3.17
threatening	-0.45	3.29
developing	-0.45	2.58
easily	-0.45	4.06
died	-0.45	2.85
lerner	-0.45	2.70
native	-0.45	2.43
electoral	-0.45	2.43
issue	-0.45	3.78
studied	-0.45	2.92
2014	-0.45	3.13
peoples	-0.45	3.01
trend	-0.45	2.80
gender	-0.45	2.60
simultaneously	-0.45	2.31
although	-0.45	4.73
vehicle	-0.45	2.72
association	-0.45	3.29
began	-0.45	3.50
anything	-0.45	5.08
involvement	-0.45	2.74
amounts	-0.44	2.56
complaint	-0.44	2.65
gave	-0.44	3.74
theft	-0.44	3.28
manager	-0.44	2.75
tank	-0.44	2.44
states	-0.44	2.76
asinine	-0.44	2.41
spin	-0.44	2.49
comprehend	-0.44	4.23
state	-0.44	2.53
legalizing	-0.44	2.71
danger	-0.44	2.97
branches	-0.44	2.71
chinese	-0.44	2.36
keeping	-0.44	3.00
deadly	-0.44	3.24
collectively	-0.43	3.00
defining	-0.43	3.17
2008	-0.43	2.46
serious	-0.43	2.77
problem	-0.43	3.53
iq	-0.43	2.54
abolishing	-0.43	2.88
immigrant	-0.43	2.68
previously	-0.43	3.69
been	-0.43	4.36
bothers	-0.43	3.30
exist	-0.43	4.45
knew	-0.43	3.44
given	-0.43	3.94
council	-0.43	2.33
suggested	-0.43	3.34
shooting	-0.43	2.97
sent	-0.43	2.43
well	-0.43	5.25
solve	-0.42	3.48
ebola	-0.42	2.73
popularity	-0.42	2.58
unnecessary	-0.42	2.82
mentally	-0.42	2.69
murders	-0.42	2.70
ourselves	-0.42	3.25
individuals	-0.42	2.97
ban	-0.42	2.66
humanity	-0.42	2.49
lesser	-0.42	2.18
finding	-0.42	3.72
proved	-0.42	4.89
afghanistan	-0.42	2.59
exactly	-0.42	5.50
seconds	-0.42	3.40
bomb	-0.42	2.32
passage	-0.42	2.67
leading	-0.42	2.65
ticket	-0.42	3.11
exclude	-0.42	2.89
ago	-0.42	3.38
risk	-0.42	2.81
raids	-0.42	2.49
next	-0.42	4.04
overwhelming	-0.42	2.44
anywhere	-0.42	4.55
james	-0.42	2.62
minutes	-0.42	3.32
frankly	-0.42	3.38
primaries	-0.42	2.30
wwii	-0.42	2.10
importantly	-0.42	2.50
arm	-0.42	2.54
death	-0.41	2.65
distributed	-0.41	2.70
leadership	-0.41	2.37
year	-0.41	3.19
closer	-0.41	3.11
fighting	-0.41	2.91
rarely	-0.41	3.01
journalism	-0.41	1.76
customer	-0.41	2.42
within	-0.41	3.09
outcome	-0.41	3.03
crap	-0.41	2.51
months	-0.41	3.35
hanging	-0.41	2.53
statute	-0.41	2.78
motivated	-0.41	2.54
lived	-0.41	3.09
fact	-0.41	5.50
pretending	-0.41	3.62
understand	-0.41	5.05
sensitive	-0.41	2.45
defeat	-0.41	3.21
illogical	-0.41	2.54
abused	-0.41	2.66
blow	-0.41	2.79
ride	-0.41	3.10
between	-0.41	3.15
obviously	-0.41	5.33
miles	-0.41	3.07
clause	-0.41	3.00
2007	-0.41	2.87
abortion	-0.41	2.58
simply	-0.41	5.45
pieces	-0.40	2.49
memes	-0.40	2.30
untrue	-0.40	4.26
severely	-0.40	2.95
load	-0.40	2.25
interference	-0.40	3.05
murderers	-0.40	2.72
live	-0.40	3.19
toward	-0.40	3.04
presence	-0.40	2.70
something	-0.40	5.56
suffer	-0.40	2.09
alone	-0.40	4.47
lp	-0.40	2.34
morals	-0.40	2.74
trillion	-0.40	2.85
behalf	-0.40	2.67
toxic	-0.40	2.55
take	-0.40	4.39
threats	-0.40	3.17
patriot	-0.40	2.58
stateless	-0.40	2.90
sexual	-0.40	2.64
nail	-0.40	2.58
actually	-0.40	5.27
week	-0.40	3.57
spend	-0.40	3.13
pool	-0.40	2.71
non-profit	-0.39	2.47
matter	-0.39	5.10
manage	-0.39	2.83
legal	-0.39	3.00
lethal	-0.39	3.36
self	-0.39	3.50
historical	-0.39	2.88
carrying	-0.39	2.71
different	-0.39	3.68
tried	-0.39	3.62
situations	-0.39	3.13
initiate	-0.39	3.36
unless	-0.39	5.55
illegals	-0.39	2.91
nixon	-0.39	2.36
billion	-0.39	2.93
gap	-0.39	2.94
retarded	-0.39	2.34
mentality	-0.39	2.17
societal	-0.39	2.69
irs	-0.39	2.55
george	-0.39	2.26
taking	-0.39	4.12
structure	-0.39	2.69
polluting	-0.39	2.68
promoting	-0.39	2.73
deal	-0.39	3.29
trillions	-0.39	2.94
resolve	-0.39	3.15
back	-0.39	4.49
existence	-0.39	3.58
nullification	-0.39	2.91
power	-0.39	2.81
focusing	-0.39	2.95
membership	-0.39	2.57
fines	-0.39	3.26
agency	-0.39	2.58
switzerland	-0.39	2.80
typically	-0.38	2.54
employee	-0.38	2.89
wasted	-0.38	3.10
color	-0.38	2.50
currently	-0.38	4.62
financial	-0.38	2.44
troops	-0.38	2.64
fall	-0.38	3.24
impose	-0.38	2.97
related	-0.38	3.05
moving	-0.38	4.01
perhaps	-0.38	4.77
illegal	-0.38	2.96
relationship	-0.38	2.82
fund	-0.38	2.79
interact	-0.38	3.16
payer	-0.38	2.76
losses	-0.38	2.69
conditions	-0.38	2.93
cases	-0.38	3.40
clue	-0.38	4.64
threaten	-0.38	3.13
became	-0.38	2.90
recording	-0.38	2.17
disappear	-0.38	3.51
urban	-0.38	2.62
act	-0.38	2.84
floor	-0.38	2.72
southern	-0.38	2.70
charity	-0.38	2.65
won	-0.37	2.43
perform	-0.37	2.68
regulations	-0.37	2.76
board	-0.37	2.41
sheep	-0.37	2.13
ideally	-0.37	3.43
knowingly	-0.37	3.38
blindly	-0.37	2.73
aid	-0.37	2.84
legalize	-0.37	2.64
privileged	-0.37	2.45
rules	-0.37	2.96
murdering	-0.37	2.71
federal	-0.37	2.76
horse	-0.37	2.58
either	-0.37	5.64
any	-0.37	4.65
philosophies	-0.37	2.96
mention	-0.37	3.84
guarantee	-0.37	3.89
contributing	-0.37	2.80
tax	-0.37	2.66
stop	-0.37	3.96
imprisonment	-0.37	3.47
ordinary	-0.37	2.16
hours	-0.37	3.49
deregulation	-0.37	2.73
swing	-0.37	2.44
partisan	-0.37	2.44
placed	-0.37	3.01
destruction	-0.37	2.64
rejected	-0.37	2.87
hold	-0.37	3.74
kill	-0.36	3.15
armed	-0.36	2.57
wholly	-0.36	3.23
chemicals	-0.36	2.47
push	-0.36	3.27
solved	-0.36	3.33
primary	-0.36	2.36
owning	-0.36	2.86
ignore	-0.36	3.71
immediately	-0.36	3.71
initiation	-0.36	3.30
deemed	-0.36	3.47
arbitrarily	-0.36	3.15
fundamental	-0.36	3.56
clients	-0.36	2.63
save	-0.36	3.50
aspects	-0.36	3.22
police	-0.36	2.57
blowing	-0.35	2.80
go	-0.35	4.64
licenses	-0.35	2.75
speech	-0.35	3.53
self-defense	-0.35	3.41
physically	-0.35	3.55
action	-0.35	3.52
free	-0.35	3.51
limited	-0.35	3.38
version	-0.35	2.69
depend	-0.35	3.41
prohibition	-0.35	2.69
rural	-0.35	2.61
firearm	-0.35	2.78
non-violent	-0.35	2.73
even	-0.35	5.23
apply	-0.35	3.46
total	-0.35	2.55
severe	-0.35	2.58
govt	-0.35	2.91
hell	-0.35	4.85
new	-0.35	3.15
searches	-0.35	2.82
help	-0.35	4.22
checked	-0.35	2.72
weapons	-0.35	2.59
unpopular	-0.35	3.09
reasonable	-0.35	3.50
taxi	-0.35	2.69
grow	-0.35	2.76
constitutes	-0.35	3.22
spread	-0.34	2.59
anytime	-0.34	3.89
desirable	-0.34	3.05
future	-0.34	3.16
happen	-0.34	5.05
away	-0.34	3.99
committing	-0.34	2.85
pose	-0.34	3.06
mean	-0.34	5.56
car	-0.34	2.68
entering	-0.34	3.23
civil	-0.34	2.85
militarization	-0.34	2.57
getting	-0.34	4.39
therefore	-0.34	4.17
philosophy	-0.34	2.99
defense	-0.34	3.28
regulated	-0.34	2.90
environment	-0.34	2.76
lands	-0.34	2.66
cake	-0.34	2.58
relies	-0.34	2.63
naive	-0.34	2.87
neighborhoods	-0.34	2.56
employees	-0.34	3.09
internal	-0.34	2.70
enemy	-0.34	2.58
raid	-0.34	2.54
imminent	-0.34	3.21
ballot	-0.34	2.41
also	-0.34	5.25
independence	-0.33	2.56
powerful	-0.33	2.35
ideals	-0.33	2.99
21	-0.33	2.66
threat	-0.33	3.19
problems	-0.33	3.31
otherwise	-0.33	5.58
checkpoints	-0.33	2.80
managed	-0.33	3.21
legally	-0.33	3.70
paid	-0.33	3.24
happening	-0.33	4.80
ask	-0.33	4.56
loss	-0.33	2.82
describing	-0.33	3.63
presidential	-0.33	2.26
suddenly	-0.33	3.73
1	-0.33	3.32
chances	-0.33	3.18
causes	-0.33	2.52
army	-0.33	2.64
victims	-0.33	2.77
picture	-0.33	3.03
hired	-0.33	2.96
constitutional	-0.33	3.04
interactions	-0.33	2.99
case	-0.33	3.74
assault	-0.33	2.81
depending	-0.33	3.37
generations	-0.33	3.05
scene	-0.33	2.41
worker	-0.33	3.12
kicked	-0.33	2.83
killing	-0.33	3.09
22	-0.32	2.69
nature	-0.32	3.26
shall	-0.32	3.17
fucked	-0.32	3.28
torture	-0.32	2.67
meeting	-0.32	2.57
extortion	-0.32	3.00
amount	-0.32	2.67
governmental	-0.32	2.75
collectivism	-0.32	2.98
helped	-0.32	3.52
wave	-0.32	2.75
garbage	-0.32	2.34
vs	-0.32	2.54
chance	-0.32	3.28
christianity	-0.32	2.29
risks	-0.32	2.80
now	-0.32	5.61
stay	-0.32	3.92
individual	-0.32	3.46
donate	-0.32	2.61
considered	-0.32	3.50
border	-0.32	2.83
applying	-0.32	2.78
18	-0.32	2.71
interaction	-0.32	3.04
test	-0.32	2.64
relation	-0.32	2.57
continually	-0.32	3.18
illegally	-0.32	2.97
dui	-0.32	2.82
fraud	-0.32	2.97
counting	-0.32	2.79
ship	-0.32	2.47
owned	-0.31	2.74
associated	-0.31	2.85
automatic	-0.31	2.71
camera	-0.31	2.34
governed	-0.31	2.81
prosecuted	-0.31	3.12
convention	-0.31	2.64
scope	-0.31	2.94
payers	-0.31	2.86
restrict	-0.31	3.44
popular	-0.31	2.87
towards	-0.31	3.12
universal	-0.31	2.90
created	-0.31	2.98
entities	-0.31	2.67
search	-0.31	2.89
abolished	-0.31	2.87
affects	-0.31	2.76
agenda	-0.31	2.68
fathers	-0.31	2.55
society	-0.31	3.13
gotten	-0.31	4.01
founding	-0.31	2.53
epa	-0.31	2.62
enforcement	-0.31	2.68
suspicion	-0.31	3.01
permitted	-0.31	3.37
using	-0.31	3.38
borders	-0.31	2.89
arresting	-0.31	2.96
depends	-0.31	4.03
guidelines	-0.31	2.88
agents	-0.31	2.60
driven	-0.31	2.55
tear	-0.31	2.79
discuss	-0.31	3.78
enforce	-0.31	2.93
recourse	-0.31	3.29
itself	-0.31	3.87
cartels	-0.31	2.68
fundamentally	-0.31	3.70
strict	-0.31	2.82
international	-0.31	2.73
taxpayers	-0.31	2.85
citizen	-0.31	2.88
though	-0.31	5.56
industrial	-0.31	2.55
differences	-0.30	3.03
excuses	-0.30	2.65
manipulate	-0.30	2.92
settle	-0.30	2.90
forever	-0.30	3.42
why	-0.30	5.30
private	-0.30	2.91
bounds	-0.30	3.16
give	-0.30	4.46
lawsuits	-0.30	2.71
expect	-0.30	4.97
mutually	-0.30	3.15
collecting	-0.30	2.84
see	-0.30	5.24
money	-0.30	3.01
backwards	-0.30	2.37
approved	-0.30	2.74
asshole	-0.30	2.41
consenting	-0.30	2.87
911	-0.30	2.38
origin	-0.30	2.66
controls	-0.30	2.39
restricting	-0.30	3.46
civilians	-0.30	2.71
again	-0.30	5.58
helps	-0.30	3.30
corporation	-0.30	2.66
carbon	-0.30	2.63
cia	-0.30	2.53
banning	-0.30	2.78
phone	-0.30	2.26
coast	-0.30	2.79
commit	-0.30	2.92
outlaw	-0.30	2.73
limits	-0.30	3.00
warrant	-0.30	2.92
compromise	-0.30	3.18
unions	-0.30	2.91
permission	-0.30	3.14
mutual	-0.30	3.04
homicide	-0.30	2.86
fly	-0.30	2.80
commerce	-0.29	2.93
get	-0.29	4.80
doubt	-0.29	5.04
standard	-0.29	2.88
searched	-0.29	2.93
separate	-0.29	3.27
audit	-0.29	2.59
nomination	-0.29	2.29
immediate	-0.29	3.14
statistically	-0.29	3.15
discretion	-0.29	2.80
helping	-0.29	3.51
rapidly	-0.29	3.01
slowly	-0.29	3.48
benefit	-0.29	2.85
under	-0.29	3.05
ammo	-0.29	2.81
knock	-0.29	2.62
interstate	-0.29	2.95
attempt	-0.29	3.40
days	-0.29	3.48
foolish	-0.29	2.54
polls	-0.29	2.38
around	-0.29	3.62
hour	-0.29	3.27
stealing	-0.29	3.45
legitimate	-0.29	3.42
peacefully	-0.29	3.10
structures	-0.29	2.64
widely	-0.29	2.86
cents	-0.29	3.14
concealed	-0.29	2.76
traffic	-0.29	2.72
presented	-0.28	2.82
locations	-0.28	2.70
follow	-0.28	3.55
file	-0.28	2.85
cocaine	-0.28	2.75
charitable	-0.28	2.63
dealers	-0.28	2.67
continue	-0.28	4.37
reform	-0.28	2.94
benefits	-0.28	2.77
engaged	-0.28	2.86
drove	-0.28	3.16
whenever	-0.28	3.16
arrest	-0.28	2.96
petty	-0.28	2.53
went	-0.28	3.67
truck	-0.28	2.61
forcibly	-0.28	3.27
ended	-0.28	3.18
grows	-0.28	2.72
constitute	-0.28	3.25
georgia	-0.28	2.55
light	-0.28	2.70
upon	-0.28	3.23
standards	-0.28	2.84
noise	-0.28	2.67
poorer	-0.28	2.81
militarized	-0.28	2.66
significantly	-0.28	3.22
entirety	-0.28	2.73
forces	-0.28	2.88
coercion	-0.27	3.63
trade	-0.27	2.96
soon	-0.27	4.06
argue	-0.27	5.19
richer	-0.27	3.15
operate	-0.27	3.07
breaks	-0.27	2.70
bombing	-0.27	2.35
grant	-0.27	3.19
16	-0.27	2.73
encourages	-0.27	2.68
create	-0.27	3.29
begins	-0.27	2.93
owners	-0.27	2.73
collect	-0.27	2.84
koch	-0.27	2.06
fully	-0.27	3.63
atmosphere	-0.27	2.60
towns	-0.27	2.61
detained	-0.27	3.34
dea	-0.27	2.65
applies	-0.27	3.29
victimless	-0.27	2.80
spending	-0.27	2.76
comparison	-0.27	2.76
plot	-0.27	1.94
relatively	-0.27	3.14
execute	-0.27	2.76
akin	-0.27	2.35
debates	-0.27	2.43
followed	-0.27	2.72
minute	-0.27	3.51
david	-0.27	1.87
imposing	-0.27	3.09
paycheck	-0.27	3.06
fbi	-0.27	2.61
suspected	-0.27	2.69
poison	-0.26	2.67
weapon	-0.26	2.83
hillary	-0.26	2.20
definition	-0.26	3.26
cities	-0.26	2.61
weeks	-0.26	3.42
worry	-0.26	4.29
provision	-0.26	2.80
earned	-0.26	3.20
legislate	-0.26	3.13
centers	-0.26	2.55
greatly	-0.26	3.03
speeding	-0.26	2.78
point	-0.26	4.76
know	-0.26	5.29
manufacturers	-0.26	2.54
earn	-0.26	3.21
guarantees	-0.26	3.45
dictate	-0.26	3.26
stands	-0.26	2.55
status	-0.26	2.77
pictures	-0.26	2.25
district	-0.26	2.51
eventually	-0.26	3.85
representing	-0.26	2.37
riot	-0.26	2.49
stolen	-0.26	3.21
cop	-0.26	3.13
revealed	-0.26	2.70
knowing	-0.26	3.62
beginning	-0.26	3.31
stops	-0.25	3.28
concerning	-0.25	3.19
paradise	-0.25	2.82
applied	-0.25	2.95
intended	-0.25	3.26
beyond	-0.25	3.72
employed	-0.25	3.25
ownership	-0.25	3.26
sit	-0.25	3.65
break	-0.25	3.47
area	-0.25	2.64
taxation	-0.25	3.61
jumping	-0.25	3.18
stopped	-0.25	3.47
nor	-0.25	4.94
warfare	-0.25	2.79
acquired	-0.25	3.21
resolution	-0.25	2.93
leaves	-0.25	2.51
infringing	-0.25	3.67
lifetime	-0.25	2.77
objects	-0.25	2.91
throw	-0.25	3.45
fear	-0.25	2.86
staff	-0.25	2.57
prohibits	-0.25	2.93
belong	-0.25	2.60
predict	-0.25	3.42
receiving	-0.25	3.06
due	-0.25	2.68
suspect	-0.25	3.17
cold	-0.25	2.43
distinct	-0.25	3.06
date	-0.25	2.98
vacuum	-0.25	3.32
property	-0.25	3.25
pattern	-0.25	2.18
winning	-0.25	2.44
govern	-0.25	3.39
masses	-0.25	2.39
waste	-0.25	2.76
systems	-0.25	2.75
keeps	-0.25	2.95
thug	-0.25	2.50
line	-0.25	3.52
streets	-0.25	2.58
ranchers	-0.25	2.75
tsa	-0.24	3.03
company	-0.24	2.86
workforce	-0.24	2.87
controlling	-0.24	2.94
signing	-0.24	2.98
walk	-0.24	3.18
2013	-0.24	2.77
murderer	-0.24	3.01
reject	-0.24	3.62
worth	-0.24	3.09
long	-0.24	4.33
adopt	-0.24	2.77
say	-0.24	5.29
business	-0.24	2.59
thrown	-0.24	3.10
then	-0.24	5.29
down	-0.24	3.62
square	-0.24	2.92
accept	-0.24	4.34
cigarette	-0.24	2.56
boot	-0.24	2.24
equilibrium	-0.24	3.34
lights	-0.24	2.77
candidate	-0.24	2.30
governance	-0.24	2.82
wasting	-0.24	3.55
joint	-0.24	2.36
cross	-0.24	2.93
however	-0.24	5.28
ss	-0.24	2.73
interfere	-0.24	3.37
exact	-0.24	3.47
judicial	-0.24	2.90
expanding	-0.24	2.81
stage	-0.24	3.08
include	-0.24	3.20
really	-0.24	5.13
weed	-0.24	2.71
should	-0.24	5.09
determined	-0.24	3.10
occurring	-0.24	3.48
consensual	-0.24	2.96
challenged	-0.24	3.06
actions	-0.24	3.37
flat	-0.24	2.88
administrative	-0.24	2.79
simplistic	-0.24	2.81
borrow	-0.23	3.34
penalties	-0.23	2.86
crimes	-0.23	2.85
unemployed	-0.23	2.97
unarmed	-0.23	2.98
gdp	-0.23	2.72
cars	-0.23	2.66
restrictive	-0.23	3.00
specifically	-0.23	3.77
murder	-0.23	2.93
did	-0.23	5.13
estate	-0.23	2.69
suppose	-0.23	4.64
return	-0.23	3.13
feet	-0.23	3.21
which	-0.23	5.15
results	-0.23	2.75
via	-0.23	3.06
crazy	-0.23	2.43
2011	-0.23	2.95
resist	-0.23	3.35
broken	-0.23	2.99
treason	-0.23	2.83
send	-0.23	3.25
responsibilities	-0.23	2.86
focus	-0.23	3.02
provisions	-0.23	2.90
checking	-0.23	2.84
notice	-0.23	4.50
periods	-0.23	3.05
tanks	-0.23	2.55
drug	-0.23	2.73
hire	-0.23	3.07
furthermore	-0.23	3.63
eliminating	-0.23	3.01
system	-0.23	3.25
re	-0.23	5.29
conduct	-0.23	2.92
overnight	-0.23	3.64
hope	-0.23	4.41
wars	-0.23	2.69
keep	-0.23	3.85
necessary	-0.23	3.42
agreed	-0.23	3.69
use	-0.23	3.43
lawsuit	-0.22	2.81
earning	-0.22	2.97
disability	-0.22	2.67
workers	-0.22	3.19
resulted	-0.22	2.82
trends	-0.22	2.88
contempt	-0.22	2.91
performing	-0.22	3.18
department	-0.22	2.60
mandates	-0.22	2.81
socialized	-0.22	2.81
represent	-0.22	2.62
arrests	-0.22	2.81
aside	-0.22	2.93
remaining	-0.22	3.10
bills	-0.22	2.79
boundaries	-0.22	2.97
negotiate	-0.22	3.16
included	-0.22	3.03
through	-0.22	3.44
accused	-0.22	2.93
committed	-0.22	2.94
foundation	-0.22	2.76
civilian	-0.22	2.65
net	-0.22	2.82
hack	-0.22	2.87
attempts	-0.22	2.97
senator	-0.22	2.25
stimulus	-0.22	2.51
restricted	-0.22	3.13
absent	-0.22	3.10
corner	-0.22	2.82
officers	-0.21	2.77
amnesty	-0.21	2.94
rights	-0.21	3.61
gaining	-0.21	3.13
special	-0.21	2.95
rating	-0.21	2.70
seemingly	-0.21	2.83
enormous	-0.21	2.30
river	-0.21	2.69
dropped	-0.21	3.13
approval	-0.21	2.66
freely	-0.21	3.55
co2	-0.21	2.64
affected	-0.21	3.18
prostitution	-0.21	2.67
things	-0.21	4.86
charging	-0.21	2.85
creates	-0.21	2.77
out	-0.21	4.09
likelihood	-0.21	2.79
cited	-0.21	2.86
enter	-0.21	3.19
quickly	-0.21	3.68
granting	-0.21	3.12
external	-0.21	3.00
near	-0.21	3.29
2nd	-0.21	3.20
offset	-0.21	2.79
signs	-0.21	2.76
industries	-0.21	2.62
seize	-0.21	3.08
burden	-0.21	3.02
perceived	-0.21	2.83
probably	-0.21	5.14
retain	-0.21	3.08
culture	-0.20	2.39
pot	-0.20	2.70
claimed	-0.20	4.13
permits	-0.20	2.87
avoided	-0.20	2.79
want	-0.20	4.67
wherever	-0.20	3.88
directly	-0.20	3.97
still	-0.20	5.37
without	-0.20	3.41
abuses	-0.20	2.57
effort	-0.20	3.41
arbitration	-0.20	3.00
deciding	-0.20	3.22
atf	-0.20	2.62
divide	-0.20	2.89
convenient	-0.20	2.93
activities	-0.20	2.77
infringed	-0.20	3.56
press	-0.20	2.74
non	-0.20	3.12
salary	-0.20	2.92
emissions	-0.20	2.67
poverty	-0.20	2.79
seatbelt	-0.20	2.78
agencies	-0.20	2.73
agent	-0.20	2.68
virginia	-0.20	2.54
washington	-0.20	2.56
following	-0.20	3.30
second	-0.20	3.26
texas	-0.20	2.79
outcomes	-0.20	3.04
accordingly	-0.20	3.16
heavy	-0.20	2.38
exposure	-0.20	2.66
street	-0.20	2.80
afford	-0.20	3.75
former	-0.20	2.36
grants	-0.20	3.05
anarchy	-0.20	3.04
lease	-0.20	2.86
assume	-0.20	5.60
off	-0.20	3.73
coin	-0.20	3.02
payroll	-0.20	2.88
nonsense	-0.20	2.32
operating	-0.19	2.98
positions	-0.19	3.16
imposed	-0.19	2.98
conflicts	-0.19	3.01
into	-0.19	3.54
agreement	-0.19	3.17
efforts	-0.19	3.03
medicaid	-0.19	2.71
possession	-0.19	2.83
glass	-0.19	2.59
sex	-0.19	2.57
officer	-0.19	3.09
ground	-0.19	3.19
censorship	-0.19	2.48
tied	-0.19	2.87
estimated	-0.19	2.82
flow	-0.19	2.79
drugs	-0.19	2.76
fits	-0.19	2.44
voluntary	-0.19	3.14
meth	-0.19	2.76
placing	-0.19	3.41
legalized	-0.19	2.76
dead	-0.19	2.88
plane	-0.19	2.98
skin	-0.19	2.60
viewpoint	-0.19	3.44
deficit	-0.19	2.67
taxes	-0.19	2.91
need	-0.19	4.98
sure	-0.19	5.57
mile	-0.19	2.81
beliefs	-0.19	3.02
current	-0.19	3.14
examples	-0.19	3.48
chief	-0.19	2.41
granted	-0.19	3.08
prohibit	-0.19	3.09
marijuana	-0.19	2.74
prisoners	-0.18	2.97
2012	-0.18	2.44
prevent	-0.18	3.33
matters	-0.18	4.22
physical	-0.18	3.07
heroin	-0.18	2.75
investigate	-0.18	2.75
brings	-0.18	2.76
suicide	-0.18	2.55
temporary	-0.18	2.62
until	-0.18	4.28
whether	-0.18	4.54
open	-0.18	3.19
scandal	-0.18	2.52
expanded	-0.18	2.85
gov't	-0.18	2.91
inherent	-0.18	3.02
2016	-0.18	2.25
seat	-0.18	2.80
uneducated	-0.18	2.37
creating	-0.18	2.96
medicare	-0.18	2.71
filed	-0.18	2.83
victim	-0.18	3.08
morality	-0.18	2.89
steps	-0.18	3.26
laid	-0.18	2.69
only	-0.18	5.26
maybe	-0.18	5.32
artificial	-0.18	2.98
official	-0.18	2.61
gates	-0.18	2.64
surveillance	-0.18	2.65
going	-0.18	5.54
suit	-0.18	2.70
honestly	-0.18	4.73
defined	-0.18	3.25
innocent	-0.18	2.89
story	-0.18	3.03
monopolies	-0.18	2.96
wilson	-0.18	2.96
travel	-0.18	3.13
hits	-0.18	2.60
outside	-0.18	3.41
1st	-0.18	3.22
stamp	-0.18	2.74
onto	-0.18	3.23
generate	-0.17	2.46
wage	-0.17	3.22
strikes	-0.17	2.49
seemed	-0.17	3.62
businesses	-0.17	2.80
pointless	-0.17	2.71
privileges	-0.17	2.98
trespassing	-0.17	2.93
extension	-0.17	3.05
citing	-0.17	2.94
strongly	-0.17	2.98
qualify	-0.17	2.80
budgets	-0.17	2.79
limit	-0.17	3.11
credibility	-0.17	2.87
offense	-0.17	3.05
regardless	-0.17	3.43
economically	-0.17	3.17
reasonably	-0.17	3.59
planning	-0.17	2.68
sector	-0.17	2.88
draw	-0.17	3.50
according	-0.17	2.84
life	-0.17	3.30
underlying	-0.17	3.25
actors	-0.17	2.66
voter	-0.17	2.52
intervention	-0.17	3.40
road	-0.17	2.80
patents	-0.17	2.82
concede	-0.17	5.22
amendments	-0.17	3.20
differently	-0.17	3.54
highway	-0.17	2.88
himself	-0.17	2.50
treasury	-0.17	2.79
campaign	-0.17	2.36
hidden	-0.17	2.64
bodies	-0.17	2.78
elderly	-0.17	2.69
immunity	-0.17	2.88
closely	-0.17	2.82
employers	-0.17	3.01
eliminated	-0.17	3.18
cycle	-0.17	2.64
breaking	-0.16	3.06
liability	-0.16	2.82
direction	-0.16	3.66
charged	-0.16	2.99
cast	-0.16	2.40
lives	-0.16	3.12
rifle	-0.16	2.77
killed	-0.16	2.91
bay	-0.16	2.88
holding	-0.16	3.18
concept	-0.16	3.66
lines	-0.16	2.98
proposal	-0.16	2.56
course	-0.16	5.32
courts	-0.16	3.06
limitations	-0.16	3.09
unskilled	-0.16	3.12
funds	-0.16	2.77
magically	-0.16	3.73
conception	-0.16	3.26
global	-0.16	2.83
speed	-0.16	2.76
contradictory	-0.16	3.33
performance	-0.16	2.54
abusing	-0.16	2.71
distribution	-0.16	3.06
contracts	-0.16	3.19
involuntary	-0.16	3.47
crime	-0.16	2.89
monetary	-0.16	2.60
prosecute	-0.16	2.86
addressed	-0.16	3.62
breath	-0.16	3.13
ice	-0.16	2.69
regulate	-0.16	3.01
trained	-0.16	2.74
path	-0.16	2.94
robbery	-0.16	2.89
minimum	-0.16	3.22
detroit	-0.16	2.77
fence	-0.16	2.87
extend	-0.16	3.22
budget	-0.16	2.76
certainly	-0.16	5.29
behave	-0.16	3.24
believing	-0.16	2.62
license	-0.16	2.89
planned	-0.16	2.67
tickets	-0.15	2.77
numbers	-0.15	2.86
welfare	-0.15	2.75
arizona	-0.15	2.57
agree	-0.15	5.61
fee	-0.15	2.91
fine	-0.15	5.67
weight	-0.15	2.85
d	-0.15	5.18
brown	-0.15	3.08
reads	-0.15	1.94
convicted	-0.15	2.94
pile	-0.15	2.56
blm	-0.15	2.80
younger	-0.15	2.51
result	-0.15	3.46
employer	-0.15	2.94
smoke	-0.15	2.67
loaded	-0.15	2.92
licensing	-0.15	2.84
citizenship	-0.15	2.92
ocean	-0.15	2.61
homesteading	-0.15	3.29
differ	-0.15	3.62
receive	-0.15	3.15
average	-0.15	2.84
recognizing	-0.15	3.65
involve	-0.15	3.20
felony	-0.15	2.92
paint	-0.15	2.43
abide	-0.15	3.22
chaos	-0.15	2.71
attempted	-0.15	3.15
eligible	-0.15	2.78
strictly	-0.15	2.96
grazing	-0.15	2.68
replacing	-0.15	2.94
revenue	-0.15	2.78
funding	-0.15	2.66
dollar	-0.15	2.98
quit	-0.15	2.94
escape	-0.15	2.87
liberty	-0.15	3.48
literal	-0.15	3.49
late	-0.15	3.51
subsidy	-0.15	2.72
14th	-0.15	3.22
permit	-0.15	3.00
resisting	-0.15	2.98
protected	-0.15	3.56
concepts	-0.15	3.64
regulation	-0.14	2.91
enterprise	-0.14	2.75
fees	-0.14	2.86
air	-0.14	2.70
changing	-0.14	3.48
priority	-0.14	2.67
pulling	-0.14	2.87
eliminate	-0.14	3.13
gun	-0.14	2.80
broke	-0.14	2.86
attorney	-0.14	2.76
addiction	-0.14	2.62
cost	-0.14	2.91
nevada	-0.14	2.66
sense	-0.14	4.83
put	-0.14	3.61
payment	-0.14	2.99
factors	-0.14	3.22
commission	-0.14	2.66
disagreed	-0.14	3.17
assets	-0.14	2.72
costs	-0.14	2.91
may	-0.14	5.22
burning	-0.14	2.67
drones	-0.14	2.62
condition	-0.14	2.82
corruption	-0.14	2.45
offenders	-0.14	2.89
opened	-0.14	3.22
departments	-0.14	2.56
dealer	-0.14	2.69
preventing	-0.14	3.23
code	-0.14	2.85
achieved	-0.14	3.28
prisons	-0.14	2.79
imaginary	-0.14	3.12
spoken	-0.14	2.82
funded	-0.14	2.68
overcome	-0.14	2.43
barrier	-0.13	2.90
offices	-0.13	2.59
conveniently	-0.13	2.91
values	-0.13	2.94
fourth	-0.13	3.22
soil	-0.13	2.72
feds	-0.13	2.79
amendment	-0.13	3.31
mandate	-0.13	2.82
recipients	-0.13	2.71
center	-0.13	2.59
employ	-0.13	3.07
dhs	-0.13	2.81
privately	-0.13	2.76
signed	-0.13	3.07
determine	-0.13	3.75
mail	-0.13	2.68
local	-0.13	2.55
dramatically	-0.13	3.02
salaries	-0.13	2.95
chicago	-0.13	2.63
protections	-0.13	3.15
marketplace	-0.13	2.95
california	-0.13	2.62
judges	-0.13	2.93
obamacare	-0.13	2.85
disingenuous	-0.13	3.02
grasp	-0.13	3.85
equivalent	-0.13	2.72
propaganda	-0.13	2.48
conflict	-0.13	3.25
counties	-0.13	2.53
freedom	-0.13	3.58
governor	-0.13	2.32
pay	-0.13	3.09
barriers	-0.13	2.92
firing	-0.12	2.90
assistance	-0.12	2.75
flip	-0.12	2.96
crack	-0.12	2.76
temperature	-0.12	2.83
discount	-0.12	2.71
strength	-0.12	2.51
transaction	-0.12	2.96
drastically	-0.12	3.12
transition	-0.12	2.78
establishment	-0.12	2.28
recall	-0.12	3.18
class	-0.12	2.63
infringe	-0.12	3.66
entry	-0.12	2.94
expansion	-0.12	2.53
skilled	-0.12	3.19
patrol	-0.12	2.71
regulatory	-0.12	2.73
deny	-0.12	3.46
versus	-0.12	2.77
preference	-0.12	2.80
ages	-0.12	2.47
lay	-0.12	3.15
programs	-0.12	2.72
him	-0.12	3.49
freedoms	-0.12	3.59
clinton	-0.12	2.24
flying	-0.12	2.69
arrested	-0.12	3.11
investigation	-0.12	2.76
coal	-0.12	2.62
privacy	-0.12	3.52
colorado	-0.12	2.63
treated	-0.12	2.93
monopoly	-0.12	2.94
harsh	-0.11	2.85
inflation	-0.11	3.18
accountability	-0.11	2.73
compensation	-0.11	2.98
island	-0.11	2.80
russian	-0.11	2.68
political	-0.11	2.82
journalists	-0.11	2.55
federally	-0.11	2.93
applicable	-0.11	3.01
4th	-0.11	3.27
10th	-0.11	3.27
asset	-0.11	2.71
addresses	-0.11	3.46
residents	-0.11	2.72
dispute	-0.11	3.20
criminal	-0.11	3.04
mind	-0.11	4.99
duties	-0.11	2.88
extra	-0.11	3.14
rounds	-0.11	2.95
eric	-0.11	2.24
francisco	-0.11	2.59
opening	-0.11	3.12
remotely	-0.11	3.61
dropping	-0.11	2.69
shoot	-0.11	2.96
consistency	-0.11	3.00
strike	-0.11	2.54
further	-0.11	4.01
wildly	-0.11	3.34
alcohol	-0.11	2.72
city	-0.11	2.67
debt	-0.11	2.87
answering	-0.11	3.56
natural	-0.11	3.42
up	-0.11	4.24
collected	-0.11	2.94
executed	-0.11	2.89
contract	-0.11	3.19
deflation	-0.10	3.08
explained	-0.10	3.96
exists	-0.10	3.64
shift	-0.10	3.05
prison	-0.10	2.94
da	-0.10	2.63
tell	-0.10	5.05
target	-0.10	2.69
wanted	-0.10	4.06
application	-0.10	2.70
procedures	-0.10	2.83
bargaining	-0.10	2.87
affordable	-0.10	2.89
bombs	-0.10	2.64
motivation	-0.10	2.95
destroying	-0.10	2.99
legality	-0.10	3.27
charge	-0.10	2.98
accepted	-0.10	3.16
florida	-0.10	2.59
cartel	-0.10	2.59
efficiently	-0.10	3.29
range	-0.10	3.07
remove	-0.10	3.24
charges	-0.10	2.97
surface	-0.10	2.66
guilt	-0.10	3.56
technology	-0.10	2.87
showing	-0.10	3.40
received	-0.10	3.27
print	-0.10	2.88
sea	-0.10	2.69
illinois	-0.10	2.59
participate	-0.10	3.13
fill	-0.10	3.20
upper	-0.10	2.64
disabled	-0.10	2.76
means	-0.09	4.86
invested	-0.09	2.91
task	-0.09	3.07
completely	-0.09	4.12
fed	-0.09	2.83
raised	-0.09	2.80
yourself	-0.09	3.96
bailouts	-0.09	2.64
accomplish	-0.09	4.45
moved	-0.09	3.37
cooperation	-0.09	2.95
domain	-0.09	3.05
bible	-0.09	2.23
admitting	-0.09	4.22
greater	-0.09	2.83
sufficient	-0.09	3.50
war	-0.09	2.87
prosecutors	-0.09	3.00
step	-0.09	3.85
unemployment	-0.09	2.87
warrants	-0.09	2.68
shareholders	-0.09	2.76
slow	-0.09	2.92
saying	-0.09	5.68
excess	-0.09	2.76
insist	-0.09	2.98
guard	-0.09	2.67
limiting	-0.09	3.20
closed	-0.09	3.01
drop	-0.08	3.08
struck	-0.08	3.09
unit	-0.08	2.79
rulings	-0.08	3.10
teenagers	-0.08	2.63
me	-0.08	5.15
putting	-0.08	3.39
eminent	-0.08	3.09
contributed	-0.08	2.69
income	-0.08	2.91
stamps	-0.08	2.74
exclusive	-0.08	2.91
program	-0.08	2.73
replace	-0.08	2.95
krugman	-0.08	2.71
doj	-0.08	2.75
spirit	-0.08	2.89
rob	-0.08	3.02
solid	-0.08	2.45
understood	-0.08	3.38
closing	-0.08	2.89
town	-0.08	2.71
request	-0.08	3.34
fixing	-0.08	3.09
exercising	-0.08	3.67
remain	-0.08	3.43
works	-0.08	3.84
intellectual	-0.08	2.72
earnings	-0.08	2.86
saw	-0.08	3.44
tactics	-0.08	2.75
core	-0.08	3.14
electronic	-0.07	2.65
treating	-0.07	2.65
safely	-0.07	3.30
entered	-0.07	3.13
units	-0.07	2.89
taxed	-0.07	2.86
could	-0.07	5.09
employment	-0.07	2.96
endorse	-0.07	3.22
opponents	-0.07	2.52
consensus	-0.07	3.04
aca	-0.07	2.86
printing	-0.07	2.88
bullets	-0.07	2.79
auto	-0.07	2.69
agreements	-0.07	3.10
bullshit	-0.07	2.38
security	-0.07	2.75
technological	-0.07	2.29
mindset	-0.07	2.40
having	-0.07	3.86
automatically	-0.07	3.99
prohibited	-0.07	3.09
revenues	-0.07	2.83
genetic	-0.07	2.65
subsidized	-0.07	2.79
expenses	-0.07	2.96
answer	-0.07	4.82
suggest	-0.07	4.32
contractors	-0.07	2.77
transfer	-0.07	2.79
commercial	-0.07	2.72
built	-0.06	2.82
min	-0.06	3.13
acting	-0.06	3.21
reward	-0.06	2.68
ideological	-0.06	2.63
actor	-0.06	2.68
payments	-0.06	2.79
stock	-0.06	2.73
competitive	-0.06	2.97
nsa	-0.06	2.70
show	-0.06	2.99
dictionary	-0.06	3.15
violated	-0.06	3.53
psychological	-0.06	2.58
chooses	-0.06	3.04
debts	-0.06	2.87
invest	-0.06	2.88
example	-0.06	3.78
equation	-0.06	3.11
starve	-0.06	3.19
offensive	-0.06	3.00
regularly	-0.06	2.88
capture	-0.06	2.86
buying	-0.06	3.48
whatsoever	-0.06	3.83
hair	-0.06	2.24
heat	-0.06	2.64
ratio	-0.06	2.80
chart	-0.06	2.87
doctrine	-0.06	2.90
bothered	-0.06	4.51
terror	-0.06	2.44
firms	-0.06	2.90
politicians	-0.06	2.78
third	-0.06	2.82
factory	-0.06	2.80
fair	-0.06	4.18
attitude	-0.06	2.79
heavily	-0.05	3.24
cuts	-0.05	2.67
heritage	-0.05	2.47
trials	-0.05	3.00
consent	-0.05	3.08
potential	-0.05	2.82
round	-0.05	2.83
quotes	-0.05	2.80
excluding	-0.05	2.86
tesla	-0.05	2.73
kept	-0.05	3.07
chase	-0.05	3.06
greatest	-0.05	4.12
evolution	-0.05	2.61
exchange	-0.05	3.00
ruled	-0.05	3.11
feel	-0.05	4.79
asses	-0.05	3.01
control	-0.05	3.06
sovereignty	-0.05	2.73
aggregate	-0.05	2.74
donations	-0.05	2.41
hostile	-0.05	2.52
existing	-0.05	3.01
competition	-0.05	2.92
5th	-0.05	3.31
establishing	-0.05	2.93
spends	-0.05	3.09
transactions	-0.05	2.92
fiction	-0.05	2.23
might	-0.05	5.17
paying	-0.05	3.60
rise	-0.05	3.02
definitions	-0.05	3.27
direct	-0.05	3.48
destroy	-0.05	3.05
seek	-0.05	3.53
nyc	-0.04	2.70
first	-0.04	3.85
surprised	-0.04	4.88
intentionally	-0.04	3.46
jump	-0.04	3.68
feinstein	-0.04	2.02
leverage	-0.04	3.09
shots	-0.04	2.99
reverse	-0.04	2.77
constantly	-0.04	2.64
category	-0.04	2.74
plus	-0.04	3.24
implications	-0.04	3.08
make	-0.04	4.61
wages	-0.04	3.04
pricing	-0.04	2.88
growth	-0.04	2.66
fda	-0.04	2.73
workplace	-0.04	2.83
tests	-0.04	2.82
healthcare	-0.04	2.90
ii	-0.04	2.71
principle	-0.04	3.43
gives	-0.04	2.97
issued	-0.04	2.93
front	-0.03	3.11
dogs	-0.03	2.55
protection	-0.03	3.25
age	-0.03	2.73
agreeing	-0.03	4.32
trying	-0.03	4.13
promised	-0.03	2.94
address	-0.03	3.55
gained	-0.03	3.17
metric	-0.03	2.95
seeking	-0.03	3.13
mortgage	-0.03	2.74
beneficial	-0.03	3.07
trial	-0.03	3.15
gas	-0.03	2.70
jobs	-0.03	3.21
rape	-0.03	2.70
disagreeing	-0.03	4.35
eye	-0.03	2.76
manufacturing	-0.03	2.84
refers	-0.03	3.09
classes	-0.03	2.68
cut	-0.03	3.09
compelling	-0.03	2.86
supreme	-0.03	3.06
supposed	-0.03	4.79
olds	-0.03	2.80
farmer	-0.03	2.54
handing	-0.03	3.15
compete	-0.03	2.89
advantage	-0.03	2.91
decentralized	-0.02	2.77
noting	-0.02	3.01
tree	-0.02	2.92
health	-0.02	2.90
anti-libertarian	-0.02	2.99
plant	-0.02	2.62
investing	-0.02	2.80
ethics	-0.02	3.10
promote	-0.02	2.90
mexican	-0.02	2.62
abortions	-0.02	2.80
reid	-0.02	2.89
judge	-0.02	3.09
kick	-0.02	3.28
climate	-0.02	2.93
narrow	-0.02	2.92
subsidizing	-0.02	2.77
universally	-0.02	3.31
resource	-0.02	2.89
stopping	-0.02	3.88
concerns	-0.02	3.39
protects	-0.02	3.63
edge	-0.02	2.13
banks	-0.02	2.77
massive	-0.02	2.17
walking	-0.02	2.95
pulled	-0.02	3.09
court	-0.02	3.09
sample	-0.02	2.53
recession	-0.02	2.26
drone	-0.02	2.61
ideas	-0.02	3.35
supplies	-0.02	2.70
stronger	-0.02	3.04
coverage	-0.02	2.90
toll	-0.02	2.82
admit	-0.01	5.48
faced	-0.01	2.57
identity	-0.01	2.73
hoa	-0.01	2.98
views	-0.01	3.36
resulting	-0.01	2.82
development	-0.01	2.70
legitimacy	-0.01	2.98
subsidies	-0.01	2.74
jumped	-0.01	3.19
machine	-0.01	2.92
labour	-0.01	2.86
written	-0.01	2.96
banking	-0.01	2.76
default	-0.01	2.83
fuel	-0.01	2.74
hospitals	-0.01	2.72
deep	-0.01	2.76
bags	-0.01	2.57
requiring	-0.01	3.19
eyes	-0.01	3.19
cameras	-0.01	2.62
cigarettes	-0.01	2.75
hobby	-0.01	2.85
grounds	-0.01	2.96
full	-0.01	2.71
electric	-0.01	2.67
thinking	-0.01	4.82
violations	-0.01	3.00
windows	-0.01	2.98
contraception	-0.01	2.79
american	-0.01	2.58
abolish	-0.01	3.06
supply	-0.01	2.93
grand	-0.01	3.08
medication	-0.00	2.71
giving	-0.00	4.03
steal	-0.00	3.83
claiming	-0.00	5.01
plausible	-0.00	3.05
treatment	-0.00	2.76
roads	-0.00	2.78
progress	-0.00	3.10
investment	-0.00	2.81
qualified	-0.00	2.64
advertising	-0.00	2.29
wealth	-0.00	2.86
apparent	-0.00	3.19
broader	-0.00	3.14
anyway	0.00	5.06
here	0.00	4.89
pure	0.00	2.64
adam	0.00	2.67
division	0.00	2.61
sales	0.00	2.85
diversity	0.00	2.52
figures	0.00	3.14
smell	0.00	2.81
living	0.00	3.00
hunting	0.00	2.77
terms	0.00	3.35
includes	0.00	2.85
michigan	0.00	2.62
misguided	0.00	2.80
wal-mart	0.01	2.80
sentences	0.01	3.06
conviction	0.01	3.12
asking	0.01	5.28
donors	0.01	2.45
warming	0.01	2.85
criticism	0.01	2.39
bear	0.01	3.38
jury	0.01	3.12
investors	0.01	2.77
handouts	0.01	3.04
gains	0.01	2.86
solar	0.01	2.69
correctly	0.01	3.80
section	0.01	3.11
trust	0.01	4.51
letters	0.01	2.78
water	0.01	2.65
smoking	0.01	2.64
battle	0.01	2.81
issues	0.01	3.56
pain	0.01	2.64
zones	0.02	3.34
operations	0.02	2.69
wallet	0.02	3.31
scotus	0.02	3.09
prosecutor	0.02	3.04
routine	0.02	2.85
earth	0.02	2.39
will	0.02	4.67
project	0.02	2.76
searching	0.02	3.09
county	0.02	2.59
masters	0.02	2.54
fifth	0.02	3.24
based	0.02	3.03
recent	0.02	3.05
reforms	0.02	2.91
avoid	0.02	3.37
species	0.02	2.84
host	0.02	2.60
un	0.02	2.41
lawyers	0.02	2.87
assert	0.02	3.90
preserve	0.02	3.03
parks	0.02	2.81
loan	0.02	2.87
market	0.02	3.28
york	0.02	2.70
consumption	0.02	2.88
trucks	0.02	2.59
belt	0.02	2.75
spy	0.02	2.59
insurance	0.02	2.93
suggests	0.03	3.22
basic	0.03	3.42
taxing	0.03	2.93
ultimate	0.03	2.78
documents	0.03	3.04
exchanges	0.03	2.90
intelligence	0.03	2.69
tends	0.03	2.78
heads	0.03	2.94
calling	0.03	2.71
enforces	0.03	2.62
flawed	0.03	3.30
score	0.03	2.65
lend	0.03	3.03
prove	0.03	4.81
try	0.03	4.26
improvement	0.03	2.84
yes	0.03	5.27
solution	0.03	3.74
maximum	0.03	3.09
expression	0.03	3.23
purchase	0.03	3.03
survive	0.04	3.34
ethical	0.04	3.26
unlimited	0.04	2.93
acquire	0.04	3.07
minimize	0.04	3.09
sending	0.04	2.91
ignores	0.04	3.10
vastly	0.04	2.87
energy	0.04	2.76
vacation	0.04	3.51
opinion	0.04	3.80
surplus	0.04	2.81
asserting	0.04	4.16
patent	0.04	2.74
savings	0.04	2.79
bs	0.04	2.58
period	0.04	3.27
trading	0.04	2.98
communication	0.04	2.67
committee	0.04	2.62
basis	0.04	2.80
sun	0.04	2.58
cattle	0.04	2.78
sign	0.04	3.12
premiums	0.04	2.90
face	0.04	3.05
collective	0.04	3.22
stories	0.04	3.14
trees	0.04	2.69
comply	0.04	3.25
encourage	0.04	2.95
incomes	0.04	2.84
shit	0.04	2.70
breathing	0.04	2.89
reflect	0.04	3.14
burn	0.04	2.90
capita	0.04	2.88
competitors	0.04	2.79
shot	0.05	2.99
sells	0.05	2.84
door	0.05	3.10
selling	0.05	3.24
attempting	0.05	3.47
green	0.05	2.62
regular	0.05	2.32
tobacco	0.05	2.65
useless	0.05	3.03
referred	0.05	2.69
plants	0.05	2.65
bridge	0.05	2.94
pull	0.05	3.47
trouble	0.05	3.57
care	0.05	2.94
advance	0.05	3.22
data	0.05	2.70
prosecution	0.05	3.13
minds	0.05	3.31
incompatible	0.05	3.21
zone	0.05	2.81
mixed	0.05	2.34
politically	0.05	3.17
privilege	0.05	2.91
biological	0.05	2.74
walmart	0.05	2.77
neighborhood	0.05	2.73
labor	0.05	3.01
cell	0.05	2.52
write	0.05	2.59
statistics	0.05	2.93
surely	0.06	4.93
tired	0.06	2.99
bound	0.06	3.26
dismissed	0.06	3.75
addressing	0.06	3.38
bought	0.06	3.04
connection	0.06	3.06
ny	0.06	2.69
speeds	0.06	2.84
contradicts	0.06	3.16
angle	0.06	2.54
grown	0.06	2.84
human	0.06	2.94
position	0.06	3.22
swat	0.06	2.53
non-aggression	0.06	3.31
theirs	0.06	3.25
reduction	0.06	2.91
wind	0.06	2.75
loans	0.06	2.86
neutrality	0.06	2.81
credit	0.06	2.76
obtained	0.06	3.16
privatization	0.06	3.06
automated	0.06	2.84
plastic	0.06	2.55
maintenance	0.06	2.82
instead	0.06	3.90
reserve	0.06	2.82
bank	0.06	2.82
principles	0.06	3.17
survival	0.06	2.99
red	0.06	2.65
truly	0.06	3.99
medicine	0.06	2.78
consumers	0.06	2.89
backed	0.06	3.02
cheap	0.06	2.98
covers	0.06	2.95
anarcho-capitalist	0.06	3.10
complete	0.06	2.70
arrive	0.06	3.17
plans	0.06	2.96
drinking	0.06	2.68
pointed	0.06	3.68
media	0.06	2.53
interpret	0.06	3.43
tape	0.06	2.75
trash	0.06	2.60
murray	0.06	2.46
failure	0.06	2.54
remind	0.06	2.87
ill	0.07	2.74
oil	0.07	2.78
i.e	0.07	3.45
punishment	0.07	3.02
secure	0.07	3.14
regards	0.07	3.20
bases	0.07	2.78
insisting	0.07	4.04
construction	0.07	2.85
facing	0.07	3.01
adoption	0.07	2.69
artificially	0.07	3.00
necessity	0.07	3.10
contain	0.07	2.88
degrees	0.07	2.92
sale	0.07	2.86
vary	0.07	3.73
dislike	0.07	3.01
fcc	0.07	2.80
typical	0.07	2.34
combat	0.07	2.70
premium	0.07	3.03
<SPECIAL>	0.07	2.43
<URL>	0.07	2.43
role	0.07	2.99
jersey	0.07	2.80
feature	0.07	2.40
noted	0.07	3.18
cover	0.07	2.92
trigger	0.07	2.90
conclude	0.07	4.39
foot	0.08	3.11
snowden	0.08	2.95
efficiency	0.08	2.92
confidence	0.08	2.75
anymore	0.08	4.75
facilities	0.08	2.77
locked	0.08	3.21
march	0.08	3.09
confirmed	0.08	3.23
mandated	0.08	2.99
computer	0.08	2.77
competitor	0.08	2.85
price	0.08	3.00
tomorrow	0.08	3.47
involved	0.08	4.11
feelings	0.08	2.83
yard	0.08	2.98
finish	0.08	3.35
incentive	0.08	3.29
admitted	0.08	3.17
denying	0.08	2.72
pursue	0.08	3.07
customers	0.08	2.79
jail	0.08	3.10
justifiable	0.08	3.85
cage	0.08	3.16
covering	0.08	2.90
dismiss	0.08	2.88
fire	0.09	2.74
fish	0.09	2.58
pack	0.09	2.86
expand	0.09	3.23
austrian	0.09	2.58
contact	0.09	2.71
utopia	0.09	3.16
usage	0.09	3.07
provided	0.09	3.53
possibility	0.09	3.31
ruling	0.09	3.09
classified	0.09	2.86
addition	0.09	2.83
model	0.09	3.14
guaranteed	0.09	3.35
purchased	0.09	3.07
puts	0.09	3.04
kicking	0.09	3.07
scare	0.09	2.34
quoting	0.09	3.49
counter	0.09	2.90
apple	0.09	2.70
advanced	0.09	2.73
desperate	0.09	2.52
teeth	0.09	2.92
hit	0.10	2.90
principal	0.10	3.22
memory	0.10	2.43
requires	0.10	3.40
covered	0.10	2.90
production	0.10	3.14
witnesses	0.10	3.03
registration	0.10	2.80
advocating	0.10	4.17
pages	0.10	3.08
jack	0.10	2.31
caught	0.10	3.26
abstract	0.10	2.99
bitch	0.10	2.85
normal	0.10	2.92
ending	0.10	2.99
forfeiture	0.10	2.52
recovery	0.10	2.10
removing	0.10	3.06
imagination	0.10	2.74
throwing	0.10	3.15
factories	0.10	2.81
balances	0.10	2.82
shares	0.10	2.85
sitting	0.10	3.00
hand	0.10	3.36
substantial	0.10	2.62
metal	0.10	2.64
warren	0.10	2.53
projects	0.10	2.79
rhetoric	0.10	2.52
prescription	0.10	2.82
express	0.10	3.23
arguing	0.10	5.53
engage	0.10	3.14
knife	0.10	3.03
secret	0.11	2.79
maximize	0.11	3.01
reduced	0.11	3.18
attend	0.11	2.41
returns	0.11	2.84
johnson	0.11	2.43
final	0.11	2.99
bar	0.11	2.71
adjust	0.11	3.04
moment	0.11	3.23
ip	0.11	2.82
bitcoin	0.11	3.03
rush	0.11	2.39
item	0.11	2.95
pursuit	0.11	2.90
able	0.11	4.18
inside	0.11	2.85
etc	0.11	2.88
demand	0.11	3.04
prices	0.11	2.98
obtain	0.11	3.06
reported	0.11	2.92
gain	0.12	3.12
connect	0.12	2.85
patient	0.12	2.91
ways	0.12	4.03
phones	0.12	2.61
explicit	0.12	3.48
san	0.12	2.69
package	0.12	2.92
allowed	0.12	4.05
household	0.12	2.76
cash	0.12	2.85
currency	0.12	2.90
bitcoins	0.12	2.94
order	0.12	3.65
ends	0.12	3.23
purchasing	0.12	2.95
relative	0.12	2.97
cows	0.12	2.51
liberties	0.12	3.61
humans	0.12	2.85
id	0.12	2.86
showed	0.12	3.36
public	0.12	2.79
petition	0.13	2.87
annual	0.13	2.93
proposing	0.13	4.04
outright	0.13	3.67
roles	0.13	2.80
writer	0.13	2.69
lock	0.13	3.01
animals	0.13	2.63
levels	0.13	2.93
colleges	0.13	2.79
beaten	0.13	3.14
build	0.13	2.87
failures	0.13	2.92
sand	0.13	2.75
viewed	0.13	3.10
attacking	0.13	2.68
falling	0.13	2.85
innovation	0.13	2.69
advantages	0.13	2.73
ignoring	0.13	3.73
electricity	0.13	2.72
collection	0.14	2.78
justifies	0.14	3.58
fired	0.14	3.03
sight	0.14	2.51
ca	0.14	4.67
intellectually	0.14	2.93
fit	0.14	3.01
idiot	0.14	2.50
free-market	0.14	3.28
value	0.14	2.95
lobby	0.14	2.85
msnbc	0.14	2.45
talking	0.14	5.61
murdered	0.14	2.60
robbed	0.14	3.14
meaningless	0.14	3.18
ability	0.14	3.65
contributions	0.14	2.52
objective	0.14	3.03
farmers	0.14	2.65
released	0.14	3.21
possess	0.14	2.92
hands	0.14	3.30
letter	0.15	2.98
self-ownership	0.15	3.41
stated	0.15	3.91
intentions	0.15	2.40
job	0.15	3.12
emphasis	0.15	3.06
reducing	0.15	3.09
homes	0.15	2.73
while	0.15	4.06
misleading	0.15	3.61
fantasy	0.15	3.09
birth	0.15	2.78
notion	0.15	3.71
finance	0.15	2.64
economics	0.15	3.03
gold	0.15	2.90
medical	0.15	2.84
regarding	0.15	3.31
decrease	0.15	3.04
patients	0.15	2.74
wo	0.15	4.74
behind	0.15	3.15
alot	0.15	3.22
services	0.15	2.87
surgery	0.15	2.82
fat	0.15	1.95
adopted	0.15	2.70
mouth	0.16	3.09
historically	0.16	3.30
barack	0.16	2.31
refer	0.16	3.39
farm	0.16	2.60
react	0.16	3.24
looking	0.16	4.82
buildings	0.16	2.74
cronyism	0.16	2.57
bars	0.16	2.80
infrastructure	0.16	2.81
physics	0.16	2.94
leaving	0.16	4.03
profits	0.16	2.84
represented	0.16	2.83
providing	0.16	3.26
reduces	0.16	3.08
thus	0.16	3.63
speak	0.16	3.96
dc	0.16	2.70
er	0.16	2.87
leg	0.16	3.00
oath	0.16	3.37
propose	0.16	3.33
schooling	0.16	2.76
mises	0.17	2.51
options	0.17	3.45
rent	0.17	2.91
paper	0.17	2.88
encouraged	0.17	2.90
shop	0.17	2.78
deliver	0.17	2.89
testing	0.17	2.89
register	0.17	2.67
marginal	0.17	2.92
profit	0.17	2.89
materials	0.17	2.83
degree	0.17	3.05
provider	0.18	2.90
contrary	0.18	3.29
store	0.18	2.76
sooner	0.18	3.55
feels	0.18	3.21
anger	0.18	2.60
isps	0.18	2.80
walked	0.18	3.22
domestic	0.18	2.73
access	0.18	2.97
let	0.18	4.50
emergency	0.18	3.06
sky	0.18	2.80
circles	0.18	2.66
philosophical	0.18	3.05
comcast	0.18	2.82
shopping	0.18	2.89
warning	0.18	3.02
internet	0.18	2.76
reduce	0.18	3.11
denied	0.18	2.84
silver	0.18	2.93
substance	0.18	3.06
bearing	0.18	3.63
seeing	0.18	4.45
clean	0.18	2.46
critical	0.18	3.41
desert	0.18	2.76
fiat	0.19	2.88
inconsistent	0.19	3.39
providers	0.19	2.81
e.g	0.19	2.76
concern	0.19	3.57
devices	0.19	2.63
background	0.19	2.83
decreased	0.19	3.16
flag	0.19	2.45
wealthy	0.19	2.75
competent	0.19	3.04
producers	0.19	2.70
ordered	0.19	2.47
scarcity	0.19	3.07
learn	0.19	3.67
require	0.19	3.43
obligations	0.19	2.88
utility	0.19	2.87
smokers	0.19	2.60
trip	0.19	3.21
provide	0.19	3.39
crops	0.19	2.61
liquor	0.19	2.74
pockets	0.19	2.74
justice	0.19	2.99
equality	0.19	3.28
fast	0.19	2.88
essential	0.19	3.43
animal	0.19	2.70
question	0.20	4.47
wall	0.20	2.81
identified	0.20	3.21
adds	0.20	2.93
threatened	0.20	2.97
dark	0.20	2.49
military	0.20	2.85
pocket	0.20	3.10
promise	0.20	2.99
altogether	0.20	3.14
suspended	0.20	2.95
inform	0.20	3.16
refuses	0.20	3.15
tested	0.20	3.51
homeless	0.20	2.86
removed	0.20	3.21
raping	0.20	2.81
farming	0.20	2.71
rothbard	0.20	2.60
smart	0.20	2.81
retirement	0.20	2.81
opinions	0.20	3.48
owe	0.20	2.80
liked	0.20	3.12
reaching	0.21	3.42
relevance	0.21	3.85
mandatory	0.21	3.05
building	0.21	2.83
theory	0.21	3.25
fiber	0.21	2.84
properly	0.21	3.72
beating	0.21	2.79
isp	0.21	2.82
shown	0.21	4.01
perspective	0.21	3.56
commodity	0.21	2.94
hayek	0.21	2.54
producing	0.21	3.39
tuition	0.21	2.85
innocence	0.21	3.79
close	0.21	3.82
forest	0.21	3.01
deliberately	0.21	3.55
fairness	0.21	3.16
stream	0.22	2.49
count	0.22	3.50
reports	0.22	2.90
unrelated	0.22	3.45
succeed	0.22	3.51
smarter	0.22	3.67
thomas	0.22	2.45
participating	0.22	3.03
flight	0.22	2.77
deserves	0.22	2.69
spying	0.22	2.64
exercise	0.22	3.27
complaints	0.22	2.74
independently	0.22	3.08
contradict	0.22	3.15
experiment	0.22	3.13
wild	0.22	2.92
reach	0.22	3.32
overseas	0.22	2.98
young	0.22	2.46
apparently	0.23	4.01
product	0.23	2.87
educate	0.23	3.19
complaining	0.23	2.78
space	0.23	2.76
oversight	0.23	2.85
barely	0.23	3.22
lawful	0.23	3.03
deserved	0.23	3.22
campus	0.23	2.95
peers	0.23	2.64
follows	0.23	3.25
lucky	0.23	3.92
goods	0.23	2.94
sane	0.23	2.81
shut	0.23	3.21
estimate	0.23	2.87
netflix	0.23	2.80
disagreement	0.23	3.46
execution	0.24	2.95
software	0.24	2.63
universe	0.24	2.90
additional	0.24	3.25
tech	0.24	2.78
alleged	0.24	3.23
dense	0.24	3.48
luxury	0.24	2.84
brothers	0.24	2.01
medium	0.24	3.16
accurately	0.24	3.11
doors	0.24	3.07
subjective	0.24	3.29
look	0.24	4.19
currencies	0.24	2.96
produces	0.24	2.81
increase	0.24	3.05
blood	0.24	2.90
aimed	0.24	2.88
retail	0.24	2.80
bandwidth	0.24	2.80
student	0.24	2.84
rising	0.25	2.99
angry	0.25	2.46
r/libertarianmeme	0.25	2.91
technical	0.25	2.96
adults	0.25	2.79
head	0.25	3.15
absence	0.25	3.19
reporting	0.25	2.82
definitely	0.25	4.66
econ	0.25	3.04
reasons	0.25	3.84
papers	0.25	2.93
present	0.25	3.46
web	0.25	2.77
ongoing	0.25	2.93
doctors	0.25	2.86
scheme	0.25	3.10
neocon	0.25	1.97
pregnancy	0.25	2.81
obey	0.25	3.18
neck	0.25	2.82
bitching	0.25	2.92
skill	0.25	3.19
subjects	0.26	3.03
apartment	0.26	2.83
measures	0.26	3.20
letting	0.26	3.49
hypothetical	0.26	3.29
release	0.26	3.07
privatized	0.26	3.01
regulating	0.26	3.01
generation	0.26	2.69
born	0.26	2.77
accidentally	0.26	3.10
and/or	0.26	3.12
science	0.26	3.02
persons	0.26	3.17
whining	0.26	2.45
penalty	0.26	2.97
causation	0.26	3.80
computers	0.27	2.74
cable	0.27	2.71
personnel	0.27	2.63
enemies	0.27	2.34
removal	0.27	2.75
nuclear	0.27	2.80
theories	0.27	2.88
somehow	0.27	4.89
copyright	0.27	2.64
house	0.27	2.85
network	0.27	2.71
satire	0.27	3.34
willfully	0.27	3.84
drink	0.27	2.64
impossible	0.27	3.61
transportation	0.27	2.77
establish	0.27	3.27
balance	0.27	2.96
paperwork	0.28	3.12
replaced	0.28	3.14
station	0.28	2.67
fake	0.28	2.61
university	0.28	2.80
nose	0.28	2.91
viewpoints	0.28	3.41
lawn	0.28	2.86
engineering	0.28	2.85
facts	0.28	3.44
deeper	0.28	3.52
college	0.28	2.89
engineers	0.28	2.89
elsewhere	0.28	3.97
involves	0.28	3.43
stores	0.28	2.74
theoretical	0.28	3.32
remains	0.28	3.40
selection	0.28	2.49
vice	0.29	2.23
worthless	0.29	2.72
importance	0.29	2.80
enable	0.29	2.92
subsidize	0.29	2.66
day	0.29	3.65
improved	0.29	3.42
dependent	0.29	3.29
connected	0.29	2.92
quality	0.29	3.17
conscience	0.29	3.01
sold	0.29	2.98
fetus	0.29	2.87
represents	0.29	2.86
professionals	0.29	2.80
grade	0.29	3.05
ll	0.29	4.74
proof	0.29	4.23
allow	0.30	3.75
doctor	0.30	2.86
statistic	0.30	3.16
hospital	0.30	2.92
rate	0.30	3.02
sufficiently	0.30	2.99
increasing	0.30	3.10
box	0.30	2.87
daily	0.30	2.65
allowing	0.30	3.44
merits	0.30	3.33
acted	0.30	2.96
marketing	0.30	2.45
illegitimate	0.30	3.66
consume	0.30	2.89
hungry	0.31	2.73
service	0.31	2.91
taught	0.31	2.83
word	0.31	3.81
material	0.31	2.57
raises	0.31	3.01
shops	0.31	2.72
defensive	0.31	3.00
hole	0.31	3.17
dog	0.31	2.88
schools	0.31	2.78
claim	0.31	4.40
youth	0.31	2.14
economists	0.31	2.62
utter	0.31	2.38
lowering	0.31	3.08
mayor	0.31	2.49
motives	0.31	2.72
consumer	0.31	2.96
beer	0.31	2.77
victory	0.32	2.54
teaching	0.32	2.81
increased	0.32	3.10
soldiers	0.32	2.69
available	0.32	3.35
successfully	0.32	2.96
invite	0.32	3.66
desire	0.32	3.32
benghazi	0.32	2.37
photo	0.32	2.62
municipal	0.32	2.72
note	0.32	4.30
moral	0.32	3.09
delusional	0.32	2.75
graph	0.32	3.20
capacity	0.32	2.88
must	0.32	4.14
purely	0.32	2.80
salt	0.32	2.58
needed	0.32	4.07
increases	0.32	3.06
ok	0.32	5.18
expense	0.32	2.90
function	0.32	3.45
watched	0.33	2.20
super	0.33	3.06
items	0.33	2.76
networks	0.33	2.69
cultural	0.33	2.48
childish	0.33	2.37
de	0.33	2.56
depression	0.33	2.39
room	0.33	2.88
author	0.33	3.52
participation	0.33	2.92
stability	0.33	2.78
educational	0.33	2.96
teachers	0.33	2.91
names	0.33	2.70
decreasing	0.33	3.04
measure	0.33	3.07
students	0.33	2.86
waving	0.33	2.62
guilty	0.33	3.40
math	0.34	3.31
reached	0.34	2.90
abandon	0.34	3.13
promises	0.34	3.13
attacked	0.34	2.91
cap	0.34	2.82
joe	0.34	2.79
damned	0.34	2.66
nap	0.34	3.60
designed	0.34	3.47
w	0.34	2.51
compatible	0.34	3.16
capital	0.34	2.67
conducted	0.34	2.91
forward	0.34	3.61
worried	0.35	3.96
stuck	0.35	3.49
endless	0.35	2.84
process	0.35	3.19
stats	0.35	3.02
effectively	0.35	3.31
saving	0.35	2.96
interpreted	0.35	3.40
unable	0.35	3.60
targeting	0.35	2.53
stations	0.35	2.58
fool	0.35	2.69
provides	0.35	3.00
dime	0.35	2.75
found	0.35	3.41
cite	0.35	3.29
google	0.35	2.93
framework	0.35	3.29
education	0.36	2.83
virtue	0.36	3.04
worldview	0.36	2.90
chemical	0.36	2.70
buy	0.36	2.96
treat	0.36	2.89
universities	0.36	2.75
influence	0.36	2.94
heart	0.36	2.69
educated	0.36	2.77
moreover	0.36	2.13
prosperity	0.36	2.71
theres	0.36	3.20
own	0.36	3.42
robots	0.36	3.19
voluntarily	0.36	3.27
shows	0.37	2.87
fields	0.37	2.67
mix	0.37	2.62
blaming	0.37	3.36
base	0.37	2.48
facto	0.37	2.68
backs	0.37	2.86
solutions	0.37	3.53
favors	0.37	2.80
choose	0.37	3.59
x	0.37	3.45
understanding	0.37	3.74
feeling	0.37	3.29
raising	0.37	3.00
verify	0.37	3.60
products	0.37	2.81
add	0.37	3.66
videos	0.37	2.80
violation	0.38	3.55
resources	0.38	3.09
biased	0.38	3.01
cbo	0.38	3.00
peer	0.38	2.99
theater	0.38	2.47
financially	0.38	3.29
grab	0.38	3.20
bother	0.38	4.71
processes	0.38	2.74
improve	0.38	3.38
stayed	0.38	3.25
loose	0.38	2.90
language	0.39	3.31
profession	0.39	2.93
valuable	0.39	3.01
demanding	0.39	3.77
school	0.39	2.90
amazon	0.39	2.70
sell	0.39	2.90
bag	0.39	2.45
starving	0.39	3.01
experts	0.39	2.89
studies	0.39	3.07
opportunity	0.39	3.13
copy	0.39	2.85
realm	0.39	2.99
chain	0.39	2.76
missing	0.39	4.93
idiotic	0.39	3.03
focused	0.39	3.16
gather	0.39	3.02
mere	0.40	3.04
busy	0.40	3.23
ayn	0.40	2.61
deserve	0.40	3.44
route	0.40	3.79
al	0.40	2.61
cato	0.40	2.43
pig	0.40	2.26
plays	0.40	2.23
words	0.40	3.66
labels	0.40	2.84
fan	0.40	2.39
level	0.40	3.13
vague	0.40	3.41
waiting	0.40	3.70
blue	0.41	2.57
realized	0.41	3.52
violate	0.41	3.58
attract	0.41	2.78
imply	0.41	4.64
long-term	0.41	2.72
linked	0.41	3.24
testimony	0.41	2.95
inferior	0.41	2.96
sentiment	0.41	3.04
mechanisms	0.41	3.27
whose	0.41	3.00
so-called	0.42	2.67
true	0.42	5.44
offering	0.42	3.30
literature	0.42	2.70
conflating	0.42	3.94
wont	0.42	4.18
assumes	0.42	3.27
survey	0.42	2.86
ought	0.42	3.94
poll	0.42	2.50
answered	0.42	3.79
raise	0.42	3.11
forth	0.42	2.89
meaning	0.42	3.67
digital	0.42	2.74
audience	0.42	2.50
additionally	0.43	2.67
recently	0.43	3.91
books	0.43	2.58
referenced	0.43	3.41
offer	0.43	3.52
academic	0.43	2.94
information	0.43	3.02
douche	0.43	2.43
drawing	0.43	2.98
continuing	0.43	3.10
raw	0.43	2.90
park	0.43	2.78
holes	0.43	3.25
screaming	0.43	2.37
develop	0.43	2.74
statists	0.43	3.40
opt	0.43	3.40
backing	0.43	3.58
leads	0.43	2.55
pragmatic	0.43	3.11
scarce	0.43	3.16
3rd	0.43	3.08
restaurants	0.43	2.75
attractive	0.43	3.11
michael	0.43	2.76
coerced	0.43	3.57
cnn	0.44	2.57
teach	0.44	3.01
notes	0.44	2.94
repeated	0.44	3.68
canadian	0.44	2.55
listen	0.44	2.99
challenge	0.44	3.12
vision	0.44	2.98
blown	0.44	2.87
refused	0.44	3.29
combined	0.44	2.87
skills	0.44	3.30
goal	0.44	3.62
listening	0.44	2.88
list	0.44	3.32
design	0.44	2.96
art	0.44	2.09
delivery	0.44	2.96
stake	0.44	2.99
alive	0.44	3.13
improving	0.44	3.02
gear	0.44	2.58
witness	0.45	2.99
advocated	0.45	2.72
impression	0.45	5.14
review	0.45	2.99
learning	0.45	3.04
needing	0.45	3.41
institute	0.45	2.40
standpoint	0.45	3.36
contains	0.45	3.04
aim	0.46	2.89
trick	0.46	2.96
news	0.46	2.67
validity	0.46	3.38
tool	0.46	3.20
actual	0.46	3.52
shocked	0.46	3.87
industry	0.46	2.73
keynesian	0.46	2.71
banned	0.46	3.05
voice	0.46	2.80
strip	0.46	2.55
submit	0.46	3.26
confirm	0.46	2.77
discussing	0.46	4.12
friedman	0.46	2.57
she	0.47	3.39
rely	0.47	2.92
nowhere	0.47	3.34
sheriff	0.47	2.37
bus	0.47	3.03
card	0.47	2.77
supposedly	0.47	2.82
grocery	0.47	2.75
everyday	0.47	2.86
credible	0.47	3.42
required	0.47	3.48
dedicated	0.47	2.80
thoughts	0.48	3.34
till	0.48	3.66
report	0.48	3.01
violating	0.48	3.35
wanting	0.48	3.70
publicly	0.48	2.71
body	0.48	2.79
gasoline	0.48	2.83
source	0.48	3.26
safety	0.48	3.18
accounts	0.48	2.97
maintained	0.48	2.95
learned	0.48	3.11
restaurant	0.48	2.67
f	0.48	2.91
models	0.48	2.97
thought	0.49	4.34
continues	0.49	3.37
intention	0.49	3.41
closest	0.49	2.40
demonstrated	0.49	3.90
influenced	0.49	2.92
cunt	0.49	2.50
evidence	0.49	3.79
national	0.49	2.69
mcdonalds	0.49	2.80
button	0.50	2.95
offended	0.50	3.20
sensible	0.50	3.00
achieve	0.50	3.54
judgment	0.50	3.18
relevant	0.50	3.69
gary	0.50	2.34
wait	0.50	4.34
drawn	0.50	3.16
accusation	0.50	3.63
parking	0.50	2.70
plan	0.50	3.17
consistent	0.51	3.23
elite	0.51	2.79
message	0.51	3.12
mccain	0.51	2.10
boat	0.51	3.55
discredit	0.51	2.80
raped	0.51	2.82
pressure	0.51	3.05
struggling	0.51	4.11
interest	0.51	3.10
efficient	0.51	3.24
bob	0.51	2.30
herself	0.51	2.88
research	0.51	2.86
debating	0.52	3.93
protect	0.52	3.40
flash	0.52	2.63
users	0.52	3.04
compel	0.52	3.39
ex	0.52	2.13
unique	0.52	2.81
liar	0.52	2.93
violates	0.52	3.38
questions	0.52	3.97
teacher	0.52	2.89
investments	0.52	2.73
serve	0.52	2.92
weak	0.52	2.59
alternatives	0.52	3.57
magazine	0.53	2.78
screen	0.53	2.61
demands	0.53	3.01
dig	0.53	3.72
inevitably	0.53	2.81
adult	0.53	2.81
wish	0.53	4.67
ron	0.53	2.38
ama	0.53	3.25
merit	0.53	3.24
likewise	0.53	2.67
variables	0.53	3.34
online	0.54	2.85
housing	0.54	2.63
tools	0.54	3.17
radio	0.54	2.69
infinite	0.54	3.31
rates	0.54	3.13
published	0.54	3.03
intent	0.54	3.34
properties	0.54	2.91
failing	0.54	3.18
chris	0.54	2.47
silent	0.54	3.60
companies	0.54	2.74
equipment	0.54	2.91
allows	0.55	3.30
ads	0.55	2.69
mentioning	0.55	3.26
concrete	0.55	3.51
study	0.55	2.93
sticking	0.55	3.05
bulk	0.55	2.46
margin	0.55	2.91
procedure	0.56	2.98
seriously	0.56	3.86
shape	0.56	3.14
used	0.56	3.49
older	0.56	2.49
harry	0.56	2.63
knowledge	0.56	2.97
burger	0.56	2.75
automation	0.56	2.85
text	0.56	3.21
romney	0.56	2.17
expectation	0.56	3.38
realizing	0.56	3.42
lacking	0.56	2.95
populace	0.56	2.83
opportunities	0.56	2.92
politics	0.56	3.06
offered	0.57	3.35
offers	0.57	3.33
switch	0.57	3.20
c	0.57	2.83
duty	0.57	3.08
permanent	0.57	2.71
successful	0.57	2.76
incapable	0.57	3.54
sites	0.57	2.95
ups	0.58	2.79
choosing	0.58	2.99
children	0.58	2.59
am	0.58	4.76
subject	0.58	3.11
mcdonald	0.58	2.85
making	0.58	4.36
cutting	0.58	2.84
maintaining	0.58	2.88
websites	0.58	2.97
machines	0.59	2.81
brain	0.59	2.66
quick	0.59	3.08
refuse	0.59	3.45
hyperbole	0.59	2.47
doesnt	0.59	3.37
soft	0.59	2.32
reading	0.59	3.50
formal	0.59	3.01
content	0.59	3.04
scientific	0.59	3.02
objection	0.60	3.68
produced	0.60	2.92
ignored	0.60	3.59
chicken	0.60	2.48
motive	0.60	2.94
presumably	0.60	3.11
baby	0.60	2.82
pizza	0.60	2.65
suits	0.60	2.69
yelling	0.60	2.55
adding	0.60	3.15
wrote	0.61	3.33
m	0.61	4.92
threw	0.61	3.02
wikipedia	0.61	3.22
practically	0.61	2.69
cease	0.61	3.13
sources	0.61	3.21
legit	0.61	2.92
citizens	0.62	2.92
produce	0.62	2.88
john	0.62	2.36
houses	0.62	2.79
crappy	0.62	3.27
correlation	0.62	3.46
chamber	0.62	2.53
directed	0.62	2.69
scientists	0.62	2.93
assumed	0.62	4.25
lawyer	0.62	2.91
somalia	0.62	2.62
guards	0.63	2.73
realistic	0.63	3.47
falls	0.63	2.75
sick	0.63	2.71
toy	0.63	2.80
channel	0.63	2.48
authorities	0.63	2.76
shared	0.63	2.72
writing	0.63	3.02
facebook	0.63	2.92
productivity	0.63	2.83
guy	0.63	3.33
thin	0.63	2.78
pills	0.64	2.90
echo	0.64	2.90
sound	0.64	3.11
proves	0.64	4.06
references	0.64	3.19
called	0.64	3.08
frame	0.65	2.81
window	0.65	3.04
bias	0.65	2.38
quoted	0.65	3.53
functions	0.65	3.32
creation	0.65	2.61
camp	0.65	3.45
rude	0.65	3.43
insert	0.65	2.67
austin	0.65	2.68
bundy	0.65	2.91
profitable	0.65	2.93
happiness	0.66	3.02
expressing	0.66	3.39
predicted	0.66	3.06
targets	0.66	2.48
stable	0.66	2.84
career	0.66	2.81
pride	0.67	2.48
appeals	0.67	2.94
purpose	0.67	3.63
naturally	0.67	3.25
pill	0.67	2.89
uphold	0.67	3.08
meat	0.68	2.57
perfectly	0.68	4.09
practical	0.68	3.43
viable	0.68	3.34
uniform	0.68	2.61
balanced	0.68	3.00
retired	0.68	2.29
median	0.68	3.15
porn	0.68	2.50
better	0.69	4.57
families	0.69	2.63
bet	0.69	4.37
mission	0.69	3.32
neutral	0.69	3.32
ahead	0.69	4.18
refusing	0.69	3.14
safe	0.69	3.50
derived	0.69	3.45
pop	0.70	2.96
serving	0.70	3.10
technically	0.70	4.14
dont	0.70	4.34
details	0.70	3.44
economic	0.70	2.35
bullet	0.70	3.00
shocking	0.70	3.11
film	0.70	2.26
earlier	0.70	3.97
confused	0.70	5.31
makers	0.70	2.68
gov	0.70	2.67
b	0.71	2.95
blog	0.71	3.21
field	0.71	2.80
combination	0.71	2.81
term	0.71	3.31
detail	0.71	3.57
blanket	0.72	4.04
training	0.72	3.06
lobbying	0.72	2.53
moron	0.72	2.90
hopefully	0.72	4.00
read	0.72	3.28
heck	0.72	2.42
begging	0.72	3.81
article	0.72	3.67
superior	0.72	3.02
woman	0.73	2.66
forced	0.73	3.62
checks	0.73	2.93
cry	0.73	2.49
topics	0.73	3.34
compliance	0.73	2.87
goals	0.73	3.36
happily	0.73	3.50
feed	0.73	2.96
indicate	0.73	4.05
alternative	0.74	3.58
referring	0.74	4.80
preferred	0.74	2.97
entitlement	0.74	2.61
genuine	0.74	2.79
attached	0.74	2.84
beat	0.74	2.92
tells	0.74	3.42
articles	0.74	3.26
leader	0.74	1.82
youtube	0.74	2.62
prevents	0.74	3.09
beings	0.74	2.93
expressed	0.75	3.21
milk	0.75	2.56
man	0.75	2.84
paul	0.75	2.32
dream	0.75	2.70
babies	0.75	2.86
neighbor	0.75	2.85
forget	0.75	3.38
paradigm	0.75	2.75
parent	0.76	2.61
bed	0.76	3.01
account	0.76	2.85
approach	0.76	3.37
professional	0.76	2.70
corporate	0.76	2.69
guess	0.76	4.95
mental	0.76	2.59
boys	0.76	2.43
humor	0.76	3.26
invented	0.76	2.06
corporations	0.77	2.73
manner	0.77	3.26
indicates	0.77	3.41
hot	0.77	2.52
magic	0.77	3.01
old	0.78	2.77
101	0.78	2.54
fruits	0.78	3.00
y	0.78	3.06
website	0.78	3.15
image	0.78	2.89
presenting	0.78	3.51
regard	0.78	2.91
functioning	0.79	2.81
ours	0.79	3.01
decision	0.79	3.58
visit	0.79	3.16
pointing	0.79	4.03
clip	0.79	2.59
pregnant	0.79	2.68
noticed	0.79	3.48
anyways	0.80	4.10
posted	0.80	3.58
television	0.80	2.48
ensure	0.80	3.30
necessarily	0.81	5.42
implied	0.81	4.37
willingly	0.81	3.50
discipline	0.81	3.12
forcing	0.81	3.46
resident	0.81	2.73
wiki	0.81	3.40
master	0.81	2.22
lobbyists	0.81	2.64
t	0.81	3.10
english	0.81	3.31
unaware	0.81	4.30
l	0.81	2.93
co	0.81	3.25
lesson	0.82	3.21
fox	0.82	2.53
famous	0.82	2.44
method	0.82	3.55
desires	0.82	3.14
robert	0.82	2.39
hunt	0.82	2.66
wouldnt	0.82	3.81
curve	0.82	2.95
avoiding	0.83	3.37
mods	0.83	3.34
subreddits	0.83	3.34
utilities	0.83	2.77
opponent	0.83	2.45
page	0.83	3.30
inability	0.83	3.20
king	0.83	2.26
forbid	0.83	2.80
obligation	0.83	3.31
tv	0.83	2.43
rand	0.83	2.28
site	0.83	3.24
consideration	0.84	3.40
trumps	0.84	3.22
judging	0.84	3.33
context	0.84	3.77
constant	0.84	2.70
chose	0.84	3.40
lady	0.84	2.54
theoretically	0.84	3.69
table	0.84	3.16
disagree	0.84	5.38
ironically	0.84	2.58
links	0.84	3.21
worthy	0.85	2.82
genuinely	0.85	4.45
shill	0.85	2.69
speculation	0.85	3.38
analogy	0.85	3.36
higher	0.85	3.36
anonymous	0.85	2.55
holy	0.85	2.98
curious	0.86	4.75
amash	0.86	2.26
encouraging	0.86	2.84
conscious	0.86	3.29
spite	0.86	2.67
upvotes	0.87	3.34
semantics	0.87	3.49
topic	0.87	3.61
block	0.87	2.85
interview	0.87	2.57
stating	0.87	4.68
looked	0.87	3.49
originally	0.87	3.87
top	0.87	3.45
corn	0.87	2.46
purchases	0.88	2.70
prize	0.88	2.71
flaws	0.88	3.47
shoes	0.88	2.78
way	0.88	5.05
methods	0.88	3.27
empty	0.88	2.70
conversations	0.88	3.10
respected	0.89	3.08
sub	0.89	3.41
answers	0.89	3.54
high	0.89	3.30
choice	0.89	3.91
construct	0.89	2.76
damn	0.90	3.27
maintain	0.90	3.11
awareness	0.90	2.03
cards	0.90	2.76
purposes	0.90	3.35
mechanism	0.90	3.60
subreddit	0.90	3.39
ties	0.90	2.35
bare	0.90	3.09
meaningful	0.90	3.40
name	0.91	2.74
carefully	0.91	3.70
appealing	0.91	2.70
shirt	0.91	2.61
milton	0.92	2.53
badge	0.92	2.59
smith	0.92	2.50
blatant	0.92	2.75
expected	0.93	3.47
unhealthy	0.93	2.45
posting	0.93	3.39
predictions	0.93	3.44
economist	0.93	2.60
staying	0.93	3.15
capable	0.93	3.25
e	0.93	3.01
low	0.93	3.38
jones	0.93	2.33
recommend	0.93	2.66
normally	0.94	3.11
hopes	0.94	3.20
ignorance	0.94	2.57
demanded	0.95	3.20
ass	0.95	2.59
dumb	0.95	2.65
disregard	0.95	3.13
meme	0.95	2.19
lower	0.95	3.36
obligated	0.95	3.65
premise	0.95	3.90
christie	0.95	2.26
mother	0.95	2.75
command	0.95	2.56
convenience	0.95	2.48
club	0.95	2.39
myth	0.95	3.08
shelter	0.95	3.09
magical	0.95	2.72
posts	0.96	3.44
discovered	0.96	3.04
experiences	0.96	2.94
threads	0.96	3.44
expert	0.96	3.38
responded	0.96	3.72
empirical	0.96	3.11
trolls	0.96	3.01
phrase	0.97	3.44
woods	0.97	2.55
video	0.97	2.51
holder	0.97	2.59
discussions	0.97	3.42
claims	0.98	3.92
engaging	0.98	3.01
rather	0.98	3.61
false	0.98	5.06
demonstrate	0.98	3.56
gross	0.98	3.21
connections	0.98	2.69
logically	0.99	3.96
refute	0.99	3.21
merely	0.99	3.32
protecting	0.99	3.43
child	0.99	2.62
personal	0.99	3.25
repeat	0.99	3.63
book	0.99	2.56
movie	1.00	2.12
above	1.01	3.47
lifestyle	1.01	2.75
elaborate	1.01	4.02
lack	1.01	2.97
assessment	1.01	3.58
upvoted	1.01	3.47
dumbass	1.01	2.87
karma	1.01	3.20
expecting	1.01	3.82
intend	1.02	4.06
buys	1.02	3.88
professor	1.02	2.73
annoying	1.02	2.27
character	1.03	2.33
decisions	1.03	3.60
hint	1.03	3.62
subs	1.03	3.35
sleep	1.03	2.79
spam	1.03	3.33
choices	1.04	3.23
convincing	1.04	2.81
preferable	1.04	2.78
useful	1.04	3.03
secondly	1.04	3.60
bottom	1.04	2.94
click	1.05	3.37
previous	1.05	3.28
ohio	1.05	2.62
chosen	1.05	3.30
flaw	1.05	3.63
girls	1.06	2.48
reddit	1.06	3.43
statements	1.06	4.29
unclear	1.06	5.19
share	1.06	3.20
description	1.06	3.03
user	1.07	3.24
team	1.07	2.40
isnt	1.07	2.74
responding	1.08	4.09
r/conservative	1.08	3.33
r/politics	1.08	3.36
link	1.08	3.42
improvements	1.08	2.74
weird	1.09	2.95
touch	1.09	3.03
yesterday	1.09	3.73
accusations	1.09	3.64
commenting	1.10	3.63
irrelevant	1.10	4.58
guys	1.10	2.86
r/libertarian	1.10	3.35
coherent	1.11	3.28
emotional	1.11	2.57
lets	1.11	3.16
coffee	1.12	2.57
submission	1.12	3.31
v	1.12	2.86
informed	1.12	3.31
assertion	1.13	4.27
trap	1.13	2.47
wording	1.13	3.52
sum	1.13	2.46
circlejerk	1.13	3.13
insulting	1.13	3.12
ears	1.14	2.86
confusing	1.14	4.00
outrage	1.14	2.52
food	1.14	2.71
teams	1.14	2.32
match	1.14	3.16
interesting	1.14	3.13
suggesting	1.14	5.54
admission	1.14	3.20
implying	1.14	5.48
dry	1.15	2.49
foods	1.15	2.20
assumption	1.15	4.30
fucking	1.16	2.60
la	1.16	2.60
stick	1.16	2.96
comprehension	1.16	3.24
engineer	1.17	3.15
headline	1.17	3.67
gladly	1.17	3.94
home	1.17	2.97
kid	1.18	2.70
players	1.18	2.50
kids	1.18	2.69
summer	1.18	2.81
fuck	1.18	3.01
deals	1.19	2.19
observation	1.19	3.58
downvoted	1.19	3.48
play	1.20	2.52
giant	1.20	2.43
totally	1.20	3.71
debate	1.21	3.49
summary	1.21	3.32
wise	1.21	2.56
cant	1.21	3.64
hang	1.22	3.00
forum	1.22	3.24
watching	1.22	2.47
complain	1.22	3.17
coincidence	1.23	3.17
noble	1.24	2.55
conclusions	1.24	3.53
caring	1.24	3.08
citation	1.24	3.54
finger	1.25	2.79
tactic	1.25	2.68
parents	1.25	2.55
factually	1.25	5.17
wearing	1.26	2.64
statement	1.27	4.33
assuming	1.27	5.53
miss	1.27	3.13
compelled	1.27	3.46
wear	1.27	2.63
rational	1.27	3.03
conclusion	1.28	3.75
experience	1.28	2.95
loud	1.28	2.40
tom	1.28	2.28
implication	1.28	5.04
explaining	1.28	4.19
ironic	1.29	3.16
integrity	1.29	2.45
amp	1.29	2.96
attacks	1.29	2.54
judgement	1.29	3.52
discussion	1.29	3.45
insult	1.30	2.77
dick	1.30	2.29
attack	1.31	2.61
below	1.32	3.26
contradiction	1.32	3.15
honor	1.33	2.91
respond	1.34	3.39
dare	1.34	3.19
broad	1.34	3.46
star	1.34	2.55
odds	1.34	2.99
thread	1.34	3.65
movies	1.34	2.25
option	1.35	4.55
statistical	1.35	3.44
yours	1.35	3.61
reliable	1.35	3.19
comments	1.35	3.51
perfect	1.36	4.39
polite	1.36	2.70
contribute	1.37	2.95
got	1.37	3.63
r	1.37	2.90
counts	1.37	2.62
tone	1.37	3.31
premises	1.37	3.78
playing	1.37	2.76
transparent	1.38	2.76
sustainable	1.39	2.85
clothing	1.40	2.72
downvote	1.40	3.37
points	1.40	3.52
title	1.40	3.43
bread	1.40	2.55
amusing	1.40	3.41
whats	1.40	2.87
named	1.40	2.95
repeating	1.41	3.69
ideal	1.41	4.33
op	1.41	3.88
rock	1.41	2.66
assumptions	1.41	4.04
proving	1.42	3.85
desired	1.42	4.31
lunch	1.42	2.81
series	1.43	2.47
refusal	1.43	3.25
rant	1.43	2.72
neighbors	1.43	2.61
dunno	1.43	3.53
indeed	1.43	3.57
roll	1.43	2.90
paragraph	1.44	3.50
reminds	1.45	2.51
night	1.45	2.70
jesus	1.45	2.31
sacrifice	1.45	2.77
replied	1.46	3.80
okay	1.46	5.22
preferences	1.46	3.03
substantive	1.46	3.13
unrealistic	1.47	3.92
his	1.48	2.99
confusion	1.48	3.51
relying	1.49	2.98
scientist	1.49	2.91
incorrect	1.49	5.22
contrast	1.49	2.26
didnt	1.50	3.50
stewart	1.50	2.36
mark	1.50	2.51
episode	1.51	2.07
mistaken	1.51	5.16
style	1.52	3.25
dictator	1.52	3.30
realistically	1.52	4.34
dichotomy	1.53	3.13
kinda	1.54	3.16
swear	1.54	2.43
stupidity	1.54	2.47
anecdotal	1.54	2.55
finally	1.55	3.73
reference	1.55	3.49
luckily	1.55	2.81
acceptable	1.56	4.27
se	1.56	2.74
discourse	1.57	3.08
quote	1.58	3.35
cared	1.58	2.89
watch	1.58	2.37
conversation	1.59	3.36
sugar	1.59	2.37
christ	1.59	2.31
deleted	1.61	3.39
afraid	1.61	3.54
muh	1.63	2.35
implies	1.63	4.62
upvote	1.65	3.26
dinner	1.65	2.63
youre	1.65	3.44
her	1.67	2.72
goddamn	1.67	2.96
post	1.67	3.57
yeah	1.68	3.66
resort	1.68	2.74
hence	1.69	2.90
intelligent	1.69	3.06
eating	1.70	2.44
narrative	1.70	3.55
forgetting	1.70	3.80
beck	1.70	3.04
gon	1.70	3.22
effective	1.70	4.29
eat	1.72	2.49
made	1.72	4.64
our	1.73	4.42
girl	1.73	2.53
mine	1.74	3.72
proven	1.75	4.97
meh	1.75	2.20
fashion	1.75	2.74
excellent	1.75	2.79
football	1.76	2.42
classic	1.76	2.58
kidding	1.77	4.08
looks	1.77	2.64
concerned	1.78	3.75
aware	1.78	4.82
retard	1.78	2.56
insults	1.79	2.80
sports	1.80	2.37
na	1.80	3.49
please	1.80	4.00
end	1.80	4.55
namely	1.80	3.70
fixed	1.81	3.23
poster	1.81	3.77
comment	1.81	3.69
music	1.82	1.99
games	1.82	2.36
game	1.82	2.42
telling	1.83	4.41
prime	1.84	3.28
initial	1.84	3.85
husband	1.84	2.63
logic	1.85	3.24
ball	1.87	2.61
guessing	1.88	4.45
im	1.88	3.88
uncle	1.89	2.22
original	1.90	3.84
emotion	1.91	2.79
hmm	1.92	2.75
mobile	1.92	2.77
highest	1.94	4.58
em	1.94	2.87
downvotes	1.94	3.55
outraged	1.95	3.09
careful	1.95	3.19
uh	1.96	2.89
replying	1.96	3.74
decent	1.97	3.01
suggestion	1.98	3.39
feeding	1.98	2.91
usual	1.99	2.68
balls	1.99	2.43
joking	1.99	4.05
valid	2.01	4.23
sarcastic	2.02	3.81
contribution	2.02	2.68
thats	2.02	3.11
downvoting	2.02	3.41
surprising	2.03	2.75
circle	2.04	2.89
inaccurate	2.04	4.60
objectively	2.04	4.64
wishes	2.05	3.96
um	2.05	3.01
trolling	2.07	3.33
helpful	2.07	2.58
ftfy	2.07	2.79
explanation	2.08	3.33
jokes	2.08	2.57
accurate	2.10	4.53
hear	2.10	3.28
added	2.10	2.96
lowest	2.10	4.56
clarify	2.10	4.01
appropriate	2.10	4.05
cute	2.11	3.35
played	2.11	2.43
sounds	2.12	3.17
genius	2.12	2.94
speaking	2.14	4.38
u	2.14	2.98
entertainment	2.14	2.24
els	2.15	3.04
friend	2.17	2.80
reasoning	2.18	3.27
info	2.19	2.88
sentence	2.19	3.58
serves	2.19	4.26
my	2.20	3.46
skeptical	2.20	3.53
tl	2.21	2.60
jerk	2.23	2.77
family	2.24	2.53
analysis	2.25	2.98
feasible	2.25	4.10
confirmation	2.26	2.40
daughter	2.26	2.51
flair	2.27	3.26
troll	2.27	2.83
wife	2.27	2.55
mistakes	2.27	4.24
mom	2.28	2.57
strategy	2.28	4.12
insight	2.28	2.66
father	2.28	2.52
wan	2.28	3.15
weekend	2.29	2.62
double	2.30	2.77
interests	2.30	4.25
unknown	2.34	2.81
mistake	2.35	4.62
sigh	2.36	2.94
wondering	2.36	4.06
edited	2.36	3.47
p	2.37	3.00
proud	2.37	3.48
ai	2.37	3.00
calm	2.37	2.82
convinced	2.38	4.14
rhetorical	2.40	3.14
hat	2.41	2.63
felt	2.41	2.83
demonstrates	2.41	3.34
irony	2.43	2.68
ensuring	2.43	4.24
factual	2.44	4.49
arguments	2.44	3.26
argument	2.44	3.34
critique	2.44	2.70
eh	2.45	2.82
wonderful	2.48	2.04
comfortable	2.49	3.61
lt	2.51	2.70
sake	2.51	2.57
advice	2.52	2.60
misunderstanding	2.52	4.41
congratulations	2.54	3.03
meant	2.55	4.46
fallacies	2.57	2.93
invalid	2.58	4.28
inclined	2.58	3.83
reaction	2.59	3.07
dude	2.59	2.73
familiar	2.60	3.77
assure	2.60	3.30
check	2.60	2.76
interested	2.60	3.77
brave	2.61	2.48
willing	2.62	3.77
response	2.62	3.07
crying	2.64	2.74
great	2.65	2.92
speaks	2.66	2.91
essentially	2.66	3.07
dad	2.67	2.46
big	2.68	3.00
logical	2.69	3.19
responses	2.69	2.87
confident	2.70	3.81
incredible	2.70	3.00
appeal	2.72	2.93
figured	2.72	3.21
forgot	2.73	2.79
hypocrisy	2.73	2.77
huh	2.73	2.89
circular	2.73	3.09
entitled	2.73	3.55
brother	2.74	2.45
detailed	2.76	2.66
tip	2.77	2.49
ready	2.78	3.73
proper	2.79	4.35
yea	2.79	2.86
clarification	2.80	3.57
strong	2.80	3.17
yay	2.83	2.49
ya	2.85	2.98
nah	2.88	2.78
success	2.88	3.15
rebuttal	2.91	2.59
prefer	2.93	3.34
error	2.94	4.43
dissonance	2.95	2.68
hearing	2.95	3.12
denial	2.95	3.01
stone	3.00	3.38
yup	3.00	2.76
honest	3.01	3.33
appreciate	3.05	2.66
spot	3.05	2.78
unwilling	3.05	3.63
god	3.08	2.63
wow	3.08	3.18
latest	3.09	2.81
devil	3.09	2.94
cognitive	3.12	2.94
joke	3.13	2.80
nope	3.15	3.34
short	3.17	3.07
rolling	3.17	3.30
fun	3.17	2.79
sarcasm	3.18	2.77
cruz	3.19	2.99
misunderstood	3.21	4.20
morning	3.21	3.30
silence	3.21	2.94
reply	3.21	3.15
glad	3.22	3.67
enjoy	3.22	2.59
hoping	3.25	3.52
wtf	3.25	3.10
prepared	3.26	3.35
sucks	3.26	2.88
input	3.27	2.74
ted	3.28	2.78
ha	3.28	2.96
hey	3.29	3.08
welcome	3.29	2.90
unlike	3.29	2.89
funny	3.30	2.57
sorry	3.34	3.86
til	3.35	2.46
missed	3.40	3.40
username	3.43	2.79
sir	3.46	2.58
embrace	3.53	2.95
omg	3.54	2.46
duh	3.56	2.61
hilarious	3.56	2.60
buddy	3.61	2.63
respect	3.61	3.04
healthy	3.61	3.20
grammar	3.61	3.74
strawman	3.63	3.11
fellow	3.63	2.83
lol	3.64	2.85
productive	3.65	3.30
laugh	3.66	2.29
friendly	3.70	2.90
straw	3.71	3.07
clever	3.72	2.71
apologize	3.72	3.76
peter	3.74	2.58
luck	3.75	2.70
yep	3.77	2.77
lord	3.77	2.50
tag	3.78	2.82
meanwhile	3.88	2.58
dr	3.89	2.85
alright	3.89	2.93
slope	3.90	3.09
hominem	3.91	3.15
ah	3.95	2.73
slippery	3.96	3.04
fancy	3.96	3.16
ad	3.97	3.18
boy	3.98	2.46
cool	4.00	2.90
friends	4.02	2.61
ta	4.04	2.44
bro	4.05	2.74
clothes	4.05	3.26
fallacy	4.05	3.05
dear	4.16	2.51
sharing	4.21	2.68
favorite	4.32	2.56
mr	4.35	2.71
edit	4.37	3.05
son	4.38	2.31
oh	4.41	2.44
haha	4.53	2.62
suck	4.54	2.26
taste	4.55	2.20
brilliant	4.64	2.46
loving	4.66	2.08
thanks	4.84	2.48
btw	5.12	2.53
beautiful	5.18	2.02
enjoyed	5.34	1.77
thank	5.38	2.04
sweet	5.47	1.94
