mail	-7.55	3.82
poor	-7.45	2.49
shitty	-7.37	2.22
dealing	-7.22	2.28
rid	-7.14	3.16
ugh	-6.71	2.20
crappy	-6.66	3.12
quake	-6.52	3.40
stage	-6.26	3.81
messed	-6.25	2.49
proven	-6.16	3.45
dislike	-6.16	2.70
produced	-6.05	3.91
tends	-6.03	3.13
sending	-5.77	4.09
quality	-5.56	3.05
worse	-5.50	2.98
sent	-5.40	4.26
granted	-5.39	3.25
unplayable	-5.27	3.15
bad	-5.23	2.10
ex	-5.08	4.29
calls	-4.99	3.13
letter	-4.97	4.25
noob	-4.88	3.72
guessing	-4.83	4.03
win	-4.82	4.25
confused	-4.81	3.58
lags	-4.79	3.83
react	-4.78	3.52
tweets	-4.73	3.68
remind	-4.62	3.03
tired	-4.61	2.74
decent	-4.61	3.16
ease	-4.60	3.06
respond	-4.47	3.77
roll	-4.46	3.86
screwed	-4.42	3.10
fanbase	-4.41	4.02
fans	-4.41	3.84
blame	-4.38	3.12
independent	-4.34	3.74
standards	-4.29	3.31
pissed	-4.26	3.48
finds	-4.25	4.04
drunk	-4.25	2.51
lacking	-4.22	2.92
bored	-4.20	3.62
ignore	-4.18	3.42
annoyed	-4.17	3.41
drama	-4.14	3.63
army	-4.13	4.02
upset	-4.07	3.79
sucks	-3.98	2.01
bitch	-3.98	2.40
skydoesminecraft	-3.97	3.91
fear	-3.92	3.24
harsh	-3.91	3.12
tank	-3.89	3.11
tells	-3.89	4.09
perspective	-3.88	3.15
familiar	-3.87	3.40
talks	-3.81	3.78
reputation	-3.79	3.59
decides	-3.79	3.97
situations	-3.75	3.55
thinks	-3.74	4.01
offended	-3.71	3.99
likes	-3.71	3.79
unsure	-3.70	4.22
lame	-3.64	2.21
intentional	-3.64	2.69
lonely	-3.63	3.42
surprised	-3.62	3.45
comfortable	-3.61	3.64
wants	-3.59	3.98
advise	-3.56	3.73
fan	-3.53	2.91
knows	-3.46	3.81
talking	-3.38	4.39
dirty	-3.38	3.40
blind	-3.35	3.55
disappointed	-3.31	3.38
forget	-3.22	3.24
ahead	-3.22	4.70
stupid	-3.18	2.52
fat	-3.16	2.43
dumb	-3.16	2.81
misunderstanding	-3.15	4.49
fashion	-3.15	3.25
moment	-3.15	3.28
lazy	-3.14	2.43
rumor	-3.13	4.32
liked	-3.10	2.31
scenario	-3.08	3.32
call	-3.05	3.22
cares	-3.01	3.63
forgetting	-2.93	4.27
budget	-2.91	1.53
plays	-2.91	3.84
admit	-2.89	3.23
angry	-2.87	2.15
present	-2.86	2.92
painful	-2.85	2.55
aware	-2.84	3.81
fucked	-2.83	2.48
suck	-2.81	1.93
saying	-2.81	4.73
worried	-2.79	3.10
absolute	-2.79	3.29
pr	-2.78	1.34
joking	-2.78	4.02
hardest	-2.78	3.50
mistaken	-2.76	3.99
feeling	-2.74	3.43
biggest	-2.74	3.53
missing	-2.70	3.71
hacks	-2.68	1.38
clue	-2.67	4.39
production	-2.66	1.26
hurts	-2.65	3.06
concerned	-2.60	3.00
excited	-2.59	3.19
asks	-2.59	2.56
arguing	-2.53	4.26
rip	-2.53	3.04
felt	-2.53	3.54
afraid	-2.51	2.96
satisfied	-2.51	3.18
pain	-2.49	3.09
nightmare	-2.49	2.49
owns	-2.48	2.56
buys	-2.48	2.50
hoping	-2.48	3.26
messages	-2.46	2.14
referring	-2.46	4.34
email	-2.45	2.22
thinking	-2.43	4.00
am	-2.41	4.01
bullshit	-2.40	3.11
cry	-2.39	3.20
attention	-2.38	3.33
sure	-2.34	4.20
pot	-2.33	1.26
micro	-2.32	1.34
password	-2.31	2.02
mention	-2.30	4.02
scared	-2.29	2.95
avoid	-2.27	1.52
surprise	-2.27	3.03
lying	-2.26	2.35
assuming	-2.26	4.10
case	-2.25	2.59
integrated	-2.24	1.52
choosing	-2.23	1.28
m	-2.22	3.87
management	-2.19	1.20
doing	-2.19	4.24
what	-2.19	4.42
laptops	-2.18	1.55
customer	-2.18	1.76
unless	-2.17	4.46
send	-2.17	2.23
laptop	-2.17	1.51
supposed	-2.13	4.39
loss	-2.12	3.13
chain	-2.10	1.80
receiving	-2.10	1.90
sees	-2.10	3.06
complaining	-2.10	2.56
screw	-2.10	1.47
busy	-2.07	2.26
curious	-2.07	3.14
realize	-2.06	4.12
plain	-2.06	2.71
honest	-2.05	3.68
leaving	-2.05	1.32
wins	-2.05	1.77
rant	-2.04	1.67
reminded	-2.02	2.73
removes	-2.01	1.24
weak	-2.00	1.17
easiest	-1.98	3.20
tablet	-1.97	1.41
disappointing	-1.97	3.11
whining	-1.97	2.16
contact	-1.95	1.89
incorrect	-1.94	4.10
says	-1.93	2.22
mad	-1.93	2.38
belongs	-1.92	2.37
correctly	-1.91	4.17
ticket	-1.91	1.86
awkward	-1.91	2.99
suffer	-1.90	1.28
enjoys	-1.89	3.17
complain	-1.88	2.19
icon	-1.88	1.95
broke	-1.88	1.48
stuck	-1.88	2.12
trolling	-1.88	2.28
sends	-1.88	2.00
crying	-1.86	2.10
corrected	-1.86	3.70
quit	-1.86	2.02
daily	-1.86	1.59
message	-1.86	2.01
he/she	-1.85	2.27
silly	-1.84	2.61
calling	-1.83	2.16
right	-1.82	4.18
sells	-1.80	2.08
greedy	-1.79	2.06
hungry	-1.79	2.21
reads	-1.78	2.84
rage	-1.74	1.77
worrying	-1.74	2.36
anger	-1.74	1.57
feels	-1.72	3.28
screaming	-1.72	1.52
owned	-1.72	1.22
who	-1.72	2.24
ugly	-1.71	2.78
spelled	-1.71	4.04
wondering	-1.71	3.16
agree	-1.70	4.03
messing	-1.69	2.09
optimization	-1.67	1.33
defending	-1.66	2.25
story	-1.66	3.02
rude	-1.66	2.08
clicks	-1.66	1.84
loose	-1.65	1.54
blown	-1.65	1.94
received	-1.64	1.96
else	-1.62	2.20
nobody	-1.61	2.21
70	-1.61	1.37
modder	-1.61	2.37
lawyer	-1.60	2.10
exactly	-1.60	3.98
false	-1.60	2.01
idiot	-1.60	2.20
odd	-1.59	2.78
serious	-1.59	2.10
told	-1.59	1.74
deny	-1.59	1.68
court	-1.58	1.73
insult	-1.57	1.67
tries	-1.54	2.53
removing	-1.54	1.50
strongly	-1.54	1.54
due	-1.54	1.31
typo	-1.53	3.83
request	-1.52	1.97
fov	-1.52	1.24
suggesting	-1.51	2.96
meant	-1.51	3.90
butter	-1.51	1.74
engineer	-1.51	1.53
telling	-1.50	2.72
expert	-1.50	2.67
reaction	-1.49	1.27
established	-1.49	1.62
lagging	-1.49	1.25
asked	-1.48	1.93
viewers	-1.48	1.87
judging	-1.48	1.66
minority	-1.47	1.78
april	-1.46	1.15
mentioning	-1.46	2.11
separately	-1.46	1.64
shutting	-1.44	1.58
studios	-1.43	1.16
agreeing	-1.42	2.79
buying	-1.42	1.74
weird	-1.42	2.74
unusual	-1.42	1.72
immature	-1.42	1.73
recording	-1.42	1.26
uses	-1.42	1.80
implying	-1.41	2.31
strange	-1.41	2.99
customers	-1.40	1.72
trust	-1.40	1.79
bungie	-1.40	1.26
caught	-1.39	1.58
excuse	-1.39	1.42
ironic	-1.39	1.86
pay-to-win	-1.39	1.78
greatest	-1.38	2.84
asking	-1.37	2.79
idiots	-1.37	1.92
ruined	-1.37	1.38
initial	-1.37	1.35
price	-1.36	1.22
lawyers	-1.36	1.55
capable	-1.35	1.49
evilseph	-1.35	1.71
discussing	-1.35	2.25
employees	-1.34	1.58
childish	-1.33	1.74
stating	-1.33	2.42
cod	-1.33	1.52
somebody	-1.33	2.11
losing	-1.32	1.68
notch	-1.32	1.68
wise	-1.30	1.17
replaced	-1.30	1.34
trouble	-1.30	2.38
frustrated	-1.30	2.24
tweeted	-1.29	1.70
rate	-1.29	1.24
griefed	-1.29	1.73
twitter	-1.28	1.72
heat	-1.28	1.18
burnt	-1.28	1.99
receive	-1.28	1.74
asshole	-1.28	1.68
grum	-1.27	1.74
dick	-1.26	1.73
jeb	-1.25	1.75
everybody	-1.25	2.48
ignored	-1.24	1.73
represent	-1.24	1.37
misread	-1.24	3.68
wanting	-1.24	2.55
impression	-1.24	1.91
bare	-1.24	1.77
acts	-1.23	1.36
said	-1.23	2.43
ignorant	-1.23	1.83
searge	-1.23	1.73
lie	-1.23	2.38
ea	-1.22	1.28
requests	-1.22	1.79
convinced	-1.22	2.11
p2w	-1.22	1.81
kept	-1.22	1.81
monitors	-1.22	1.23
outdated	-1.21	1.65
compare	-1.21	1.42
careful	-1.21	1.92
ping	-1.21	1.23
using	-1.20	2.58
developer	-1.20	1.61
handling	-1.19	1.10
performance	-1.18	1.21
starting	-1.18	2.66
jokes	-1.18	1.18
changed	-1.18	1.42
piss	-1.17	1.55
about	-1.17	3.01
coder	-1.17	2.31
puts	-1.17	1.75
leads	-1.17	1.44
defined	-1.16	1.45
ocd	-1.15	1.30
rig	-1.15	1.26
occasionally	-1.14	1.17
complaints	-1.14	1.74
gamechap	-1.14	1.43
via	-1.14	1.65
cacti	-1.14	1.25
burned	-1.14	1.88
implies	-1.14	2.45
habit	-1.13	1.69
prices	-1.13	1.17
scam	-1.13	1.62
confirm	-1.13	1.79
hating	-1.13	2.26
getting	-1.13	2.92
handled	-1.13	1.30
blog	-1.13	1.76
entitled	-1.13	1.79
viewer	-1.13	1.62
forth	-1.12	1.67
pulling	-1.12	2.04
being	-1.12	2.20
company	-1.12	1.21
expected	-1.12	1.81
ended	-1.12	1.77
shut	-1.11	1.48
proud	-1.11	2.62
gaming	-1.10	1.05
stole	-1.10	1.76
truth	-1.10	1.55
dinnerbone	-1.10	1.65
regularly	-1.09	1.23
remove	-1.09	1.67
kinda	-1.09	2.91
maker	-1.09	1.87
developed	-1.09	1.33
failed	-1.09	1.25
resolution	-1.09	1.23
displays	-1.08	1.44
edit	-1.08	3.59
instead	-1.08	1.72
suspect	-1.07	1.91
misunderstood	-1.07	3.55
anybody	-1.07	2.00
sims	-1.07	1.06
playable	-1.07	1.50
preferred	-1.07	1.04
dull	-1.06	1.56
acting	-1.06	1.73
purchased	-1.06	1.41
fools	-1.06	1.04
ruining	-1.06	1.57
interested	-1.06	2.48
themogminer	-1.06	1.69
tend	-1.05	1.33
builder	-1.05	2.25
acquisition	-1.05	1.63
universe	-1.04	1.28
act	-1.04	1.62
sarcastic	-1.03	2.16
rich	-1.03	1.55
i.e	-1.03	1.24
employee	-1.03	1.68
youre	-1.03	2.44
planning	-1.03	2.60
mic	-1.03	1.08
theirs	-1.02	1.62
bothers	-1.02	1.35
referencing	-1.02	2.54
dmca	-1.02	1.60
poorly	-1.02	1.26
smell	-1.01	1.47
missed	-1.01	3.15
demanding	-1.00	1.46
article	-1.00	1.75
audience	-1.00	1.63
rates	-1.00	1.20
jerk	-1.00	1.78
skip	-1.00	1.94
mature	-1.00	1.60
acquired	-0.99	1.25
fool	-0.99	1.64
everywhere	-0.99	1.12
function	-0.99	1.35
microsoft	-0.99	1.22
constantly	-0.98	1.63
going	-0.98	3.12
actions	-0.98	1.61
basis	-0.98	1.31
stages	-0.97	1.30
hardware	-0.97	1.19
laughing	-0.97	1.97
lately	-0.96	1.70
prove	-0.96	2.25
tweet	-0.96	1.74
ratio	-0.96	1.14
apparently	-0.96	2.79
minimal	-0.95	1.28
mojang	-0.95	1.51
recall	-0.95	2.23
making	-0.95	2.85
trying	-0.94	2.95
playmindcrack	-0.94	1.54
8.1	-0.94	1.54
rocket	-0.94	1.27
clearly	-0.93	2.40
programmer	-0.93	2.14
working	-0.93	2.92
owning	-0.93	1.48
forcing	-0.93	1.47
record	-0.93	0.90
indie	-0.93	1.21
successful	-0.93	1.12
announcement	-0.93	1.57
hired	-0.93	1.65
statements	-0.93	1.71
agreed	-0.93	2.08
controlled	-0.93	1.30
sold	-0.92	1.26
causes	-0.92	1.44
bought	-0.92	1.36
bothered	-0.92	2.12
valve	-0.92	1.21
stop	-0.92	1.88
produces	-0.92	1.13
tone	-0.91	1.58
risk	-0.91	1.64
sucked	-0.91	1.24
whatnot	-0.91	1.51
offensive	-0.91	1.49
breaks	-0.91	1.34
hurt	-0.90	1.79
talked	-0.90	1.99
contract	-0.90	2.09
comparing	-0.90	1.82
star	-0.89	1.37
decided	-0.89	1.76
windows	-0.89	1.52
dlc	-0.88	1.42
oculus	-0.88	1.23
stated	-0.88	1.80
authentication	-0.87	1.35
himself	-0.87	1.73
legal	-0.87	1.72
tweak	-0.87	1.36
confusing	-0.87	1.91
loading	-0.87	1.30
rewriting	-0.86	1.89
broken	-0.86	1.59
decisions	-0.86	1.43
simultaneously	-0.86	2.08
industry	-0.86	1.51
27	-0.85	1.27
peoples	-0.85	1.04
repeatedly	-0.85	1.29
wich	-0.85	1.59
companies	-0.85	1.19
restrictions	-0.85	1.28
agreement	-0.85	2.10
clicking	-0.85	2.22
population	-0.84	1.39
intended	-0.84	2.00
professional	-0.84	1.81
specified	-0.84	1.42
minds	-0.84	1.31
signed	-0.84	1.71
facebook	-0.84	1.25
outright	-0.84	1.71
young	-0.83	1.59
account	-0.83	1.36
gamers	-0.83	1.54
tf2	-0.83	1.09
lists	-0.83	1.45
he	-0.82	1.94
police	-0.82	1.53
dev	-0.82	1.51
sony	-0.82	1.14
currently	-0.82	2.46
sale	-0.82	1.23
mentioned	-0.82	2.01
pro	-0.81	1.20
computer	-0.81	1.17
handle	-0.81	1.35
devs	-0.81	1.55
monsters	-0.81	1.54
studio	-0.81	1.08
explode	-0.81	1.30
mess	-0.81	1.52
crashes	-0.81	1.37
login	-0.80	1.37
ssp	-0.80	1.48
everyone	-0.80	1.92
keeps	-0.80	1.64
treated	-0.80	1.37
whereas	-0.80	1.18
reasoning	-0.80	1.46
refer	-0.80	1.80
community	-0.80	1.48
majority	-0.80	1.42
someone	-0.79	1.96
recognize	-0.79	1.80
playerbase	-0.79	1.49
prefer	-0.78	1.24
paypal	-0.78	1.28
aim	-0.78	1.57
ms	-0.78	1.19
competition	-0.78	1.32
policy	-0.77	1.60
chose	-0.77	1.49
tied	-0.77	1.31
binding	-0.77	2.09
wasting	-0.77	2.24
begin	-0.77	1.61
stopped	-0.77	1.76
younger	-0.77	1.68
accounts	-0.77	1.36
without	-0.77	1.75
adults	-0.76	1.55
redditors	-0.76	1.56
sorry	-0.76	3.28
portion	-0.76	1.39
lowest	-0.76	1.21
attacking	-0.76	1.55
start	-0.76	1.91
guy	-0.75	1.91
bob	-0.75	1.40
situation	-0.75	1.46
rolling	-0.75	1.68
impact	-0.75	1.71
treat	-0.75	1.56
apologize	-0.74	2.39
purchase	-0.74	1.29
happening	-0.74	2.51
route	-0.74	1.33
figuring	-0.74	1.76
hive	-0.74	1.45
speaking	-0.74	2.13
favor	-0.74	1.36
franchise	-0.74	1.14
gon	-0.74	2.72
freeze	-0.74	1.17
attitude	-0.74	1.53
occurs	-0.74	1.42
significant	-0.73	1.09
purchasing	-0.73	1.40
audio	-0.72	1.03
ignoring	-0.72	1.88
upvotes	-0.72	1.39
document	-0.72	1.77
lead	-0.72	1.40
whoever	-0.72	1.69
claiming	-0.72	1.49
youtubers	-0.71	1.56
failing	-0.71	1.58
convince	-0.71	1.85
requirements	-0.71	1.21
exceptions	-0.71	2.05
specifically	-0.71	1.91
sticking	-0.71	1.62
left	-0.70	2.47
events	-0.70	1.42
laying	-0.70	2.01
talk	-0.70	2.10
minimum	-0.70	1.21
called	-0.70	1.97
size	-0.69	1.13
ridiculous	-0.69	1.55
tier	-0.69	1.12
crash	-0.69	1.35
views	-0.69	1.20
struggle	-0.69	1.45
trolls	-0.69	1.49
prevent	-0.69	1.63
stopping	-0.69	1.61
lag	-0.69	1.25
lost	-0.68	1.63
pun	-0.68	1.17
ownership	-0.68	1.42
age	-0.68	1.58
produce	-0.68	1.20
marketing	-0.68	1.34
intel	-0.68	1.10
prevents	-0.68	1.62
responsible	-0.68	1.77
specs	-0.68	1.15
interact	-0.68	1.38
subs	-0.68	1.21
pay2win	-0.67	1.52
gained	-0.67	1.18
preventing	-0.67	1.61
amazed	-0.67	1.97
logging	-0.67	1.50
improving	-0.66	1.46
depend	-0.66	1.37
redo	-0.66	1.96
click	-0.66	2.23
initially	-0.66	2.21
context	-0.66	2.22
canadian	-0.66	1.88
domain	-0.66	1.23
culture	-0.66	1.35
murder	-0.66	1.12
hacking	-0.65	1.44
causing	-0.65	1.46
suggest	-0.65	1.66
accept	-0.65	1.90
wonder	-0.65	2.03
rift	-0.65	1.19
rights	-0.65	1.44
funny	-0.65	2.08
associated	-0.65	1.36
having	-0.65	2.61
responded	-0.65	1.80
matters	-0.65	1.76
disagree	-0.65	1.81
running	-0.65	2.34
cases	-0.65	1.35
average	-0.64	1.19
processor	-0.64	1.12
clicked	-0.64	1.96
occur	-0.64	1.57
pcs	-0.64	1.10
buy	-0.64	1.23
re	-0.64	2.82
vs	-0.64	1.30
products	-0.64	1.17
aggressive	-0.63	1.48
volume	-0.63	1.10
behave	-0.63	1.32
difficulty	-0.63	1.09
prison	-0.63	1.36
gifs	-0.63	1.08
reality	-0.63	1.36
death	-0.63	1.47
fail	-0.63	1.38
bugged	-0.63	1.60
owner	-0.63	1.56
behavior	-0.63	1.36
fine	-0.62	3.21
enforce	-0.62	1.82
typical	-0.62	1.45
true	-0.62	1.77
pretend	-0.62	2.59
business	-0.62	1.28
promise	-0.62	1.66
according	-0.61	1.54
debate	-0.61	1.83
heart	-0.61	1.54
popularity	-0.61	1.29
anyone	-0.61	2.08
moderator	-0.61	1.84
upgraded	-0.61	1.40
sick	-0.61	1.97
final	-0.61	1.34
recorded	-0.61	0.97
nerf	-0.61	1.48
parents	-0.61	1.51
children	-0.61	1.49
attack	-0.61	1.43
subscribers	-0.61	1.34
clarify	-0.60	2.57
desktop	-0.60	1.14
edited	-0.60	2.74
assholes	-0.60	1.62
tears	-0.60	1.65
corporate	-0.60	1.18
merely	-0.60	1.72
vague	-0.60	1.55
stream	-0.60	1.00
media	-0.60	1.16
attacked	-0.59	1.53
button	-0.59	2.32
listed	-0.59	1.32
stealing	-0.59	1.36
lose	-0.59	1.50
behaviour	-0.59	1.20
unfortunate	-0.59	2.51
person	-0.59	1.75
write	-0.59	1.68
glitch	-0.58	1.61
waiting	-0.58	2.02
legally	-0.58	1.81
wording	-0.58	1.71
bother	-0.58	2.19
milk	-0.58	1.13
wrote	-0.58	2.03
cards	-0.58	1.16
bukkit	-0.58	1.46
claim	-0.58	1.67
user	-0.58	1.37
exploiting	-0.58	1.74
i5	-0.57	1.12
dr	-0.57	1.52
stand	-0.57	2.26
deaths	-0.57	1.20
dual	-0.57	1.06
major	-0.57	1.27
offered	-0.57	1.37
downvoting	-0.57	2.11
log	-0.57	1.32
actively	-0.57	1.97
speculation	-0.57	1.89
scroll	-0.57	2.21
stretch	-0.57	1.39
reading	-0.57	2.08
conflict	-0.56	1.44
mouse	-0.56	2.29
traffic	-0.56	1.35
view	-0.56	1.17
gpu	-0.56	1.09
occasional	-0.56	1.62
parties	-0.56	1.19
primarily	-0.56	1.19
combining	-0.56	1.39
project	-0.56	1.41
stance	-0.56	1.48
explicitly	-0.56	1.81
identical	-0.56	1.27
tl	-0.56	1.54
functions	-0.56	1.27
gamer	-0.56	1.63
radeon	-0.56	1.11
session	-0.56	1.31
goodbye	-0.55	1.29
duty	-0.55	1.27
hold	-0.55	2.30
geforce	-0.55	1.11
i7	-0.55	1.12
force	-0.55	1.65
forces	-0.55	1.35
responding	-0.55	1.88
flight	-0.55	1.32
marc	-0.55	1.69
won	-0.55	1.29
60fps	-0.55	1.18
letters	-0.54	1.64
gtx	-0.54	1.15
60	-0.54	1.18
requiring	-0.54	1.31
computers	-0.54	1.14
intent	-0.54	1.99
describe	-0.54	1.97
copyright	-0.54	1.59
worry	-0.54	2.27
stops	-0.54	1.62
framerate	-0.54	1.13
safely	-0.53	1.65
rest	-0.53	1.31
120	-0.53	1.16
buggy	-0.53	1.28
willing	-0.53	1.81
whilst	-0.53	1.57
imply	-0.53	2.15
former	-0.53	1.34
griefers	-0.53	1.43
regret	-0.53	1.56
uuid	-0.53	1.33
contributed	-0.53	1.43
tricky	-0.53	1.45
valid	-0.52	2.06
suddenly	-0.52	1.70
counts	-0.52	1.96
stolen	-0.52	1.31
involve	-0.52	1.73
ask	-0.52	1.87
kids	-0.52	1.46
unit	-0.52	1.30
card	-0.52	1.10
market	-0.52	1.12
address	-0.52	1.43
decide	-0.52	1.84
inverted	-0.52	1.77
fps	-0.52	1.17
commented	-0.52	1.83
crashing	-0.52	1.55
parent	-0.52	1.58
understand	-0.52	2.83
consider	-0.52	1.67
port	-0.52	1.88
amd	-0.51	1.11
comply	-0.51	2.00
alive	-0.51	2.09
instance	-0.51	1.27
squid	-0.51	1.14
playing	-0.51	2.00
jealous	-0.51	2.04
forwarding	-0.51	1.87
noticeable	-0.51	1.24
misleading	-0.50	2.32
unnecessary	-0.50	1.46
created	-0.50	1.48
period	-0.50	1.31
altogether	-0.50	1.60
arguments	-0.50	1.97
eula	-0.50	1.84
liquid	-0.50	1.00
combined	-0.50	1.11
hacked	-0.50	1.20
macbook	-0.50	1.22
low	-0.50	1.13
invalid	-0.50	1.77
hand	-0.50	2.18
taking	-0.50	2.32
darkness	-0.49	1.52
olds	-0.49	1.47
usernames	-0.49	1.32
phase	-0.49	1.24
property	-0.49	1.43
enforcing	-0.49	1.77
prepared	-0.49	2.29
results	-0.49	1.21
dare	-0.49	1.52
investment	-0.49	1.13
care	-0.49	2.13
security	-0.49	1.32
cooler	-0.49	1.45
high	-0.49	1.13
replied	-0.49	2.10
abuse	-0.49	1.38
except	-0.49	1.73
giving	-0.49	1.76
staying	-0.49	1.87
deal	-0.48	1.41
saving	-0.48	1.50
implementing	-0.48	2.13
hesitate	-0.48	2.10
teams	-0.48	1.38
repeat	-0.48	1.57
bottom	-0.48	2.20
unstable	-0.48	1.34
support	-0.48	1.37
entered	-0.48	1.52
downvoted	-0.48	1.94
involves	-0.48	1.54
clients	-0.47	1.28
400	-0.47	1.13
selling	-0.47	1.29
aside	-0.47	1.60
formatting	-0.47	2.58
against	-0.47	1.98
hence	-0.47	1.87
sharp	-0.47	1.39
optional	-0.47	1.39
1080p	-0.47	1.10
ban	-0.47	1.37
laggy	-0.46	1.20
tos	-0.46	1.83
illegal	-0.46	1.65
alongside	-0.46	1.34
claims	-0.46	1.49
besides	-0.46	1.58
she	-0.46	2.28
responsibility	-0.46	1.38
read	-0.46	1.93
scratch	-0.46	1.43
office	-0.46	1.21
announced	-0.46	1.63
licenses	-0.46	1.57
nvidia	-0.46	1.14
news	-0.46	1.60
glitchy	-0.46	1.78
myself	-0.45	2.24
barely	-0.45	1.44
title	-0.45	1.95
client	-0.45	1.25
sounded	-0.45	1.86
numbers	-0.45	1.43
participate	-0.45	1.69
caused	-0.45	1.37
banned	-0.45	1.44
intend	-0.45	2.28
commonly	-0.45	1.30
originally	-0.45	2.22
2.5	-0.45	1.20
register	-0.45	1.34
focusing	-0.44	1.80
corner	-0.44	2.14
creepers	-0.44	1.52
incompatible	-0.44	1.46
continuing	-0.44	1.64
percentage	-0.44	1.17
selected	-0.44	1.39
lack	-0.44	1.07
admins	-0.44	1.37
graphics	-0.44	1.14
sudden	-0.44	1.43
finger	-0.44	2.11
gives	-0.44	1.45
existence	-0.44	1.95
warm	-0.44	1.43
forced	-0.44	1.97
youtuber	-0.44	1.33
8gb	-0.44	1.13
role	-0.43	1.18
hp	-0.43	1.12
top	-0.43	2.19
commentary	-0.43	0.95
vast	-0.43	1.09
factor	-0.43	1.78
publicly	-0.43	1.41
ghz	-0.43	1.12
connection	-0.43	1.37
wet	-0.43	1.28
license	-0.43	1.56
upper	-0.43	1.98
terms	-0.43	1.75
weekly	-0.43	1.53
bonus	-0.43	1.10
charges	-0.42	1.20
explain	-0.42	2.53
pi	-0.42	1.46
servers	-0.42	1.28
rush	-0.42	1.60
merge	-0.42	1.37
dies	-0.42	1.26
accepting	-0.42	1.43
adult	-0.42	1.39
frozen	-0.42	1.01
product	-0.42	1.19
chat	-0.42	1.41
error	-0.42	1.38
admin	-0.42	1.37
crack	-0.42	1.13
camera	-0.42	1.18
fight	-0.42	1.37
staff	-0.42	1.41
women	-0.41	1.45
quote	-0.41	1.63
define	-0.41	1.61
sue	-0.41	1.72
hardly	-0.41	1.50
verge	-0.41	2.34
war	-0.41	1.31
beside	-0.41	2.05
notice	-0.41	2.10
alien	-0.41	1.38
phones	-0.41	1.06
100	-0.40	1.27
limited	-0.40	1.15
4gb	-0.40	1.14
revenue	-0.40	1.15
safe	-0.40	2.16
wolfe	-0.40	1.55
group	-0.40	1.28
teleportation	-0.40	1.21
accepted	-0.40	1.63
began	-0.40	1.52
xbone	-0.40	1.16
wave	-0.39	1.19
claimed	-0.39	1.53
dying	-0.39	1.65
quad	-0.39	1.11
safety	-0.39	1.72
billion	-0.39	1.21
putting	-0.39	2.24
drastically	-0.39	1.04
wherever	-0.39	1.92
leg	-0.39	1.95
realized	-0.39	2.54
achievements	-0.39	1.39
voice	-0.39	1.07
grief	-0.39	1.33
competitive	-0.39	1.09
leave	-0.39	1.78
core	-0.39	1.12
doesnt	-0.39	1.77
afford	-0.39	1.40
plot	-0.39	1.46
constant	-0.39	1.31
spammer	-0.39	2.24
profits	-0.39	1.20
2gb	-0.38	1.12
copying	-0.38	1.50
reduced	-0.38	1.01
intro	-0.38	0.89
owners	-0.38	1.45
kicked	-0.38	1.48
toward	-0.38	1.50
needs	-0.38	1.49
sell	-0.38	1.24
mineplex	-0.38	1.27
users	-0.38	1.31
fixing	-0.38	1.63
bound	-0.38	1.79
explodes	-0.38	1.35
hearing	-0.38	1.62
assumed	-0.38	2.35
runs	-0.38	1.69
coded	-0.38	1.51
violating	-0.37	1.79
allows	-0.37	1.40
griefing	-0.37	1.37
mcp	-0.37	1.76
forward	-0.37	1.91
wasnt	-0.37	2.12
thingy	-0.37	1.18
devices	-0.37	1.13
reasonable	-0.37	1.42
hack	-0.37	1.21
80	-0.37	1.30
implied	-0.37	2.64
people	-0.37	1.86
holds	-0.37	1.28
faces	-0.37	1.12
modders	-0.37	1.49
hunt	-0.37	1.32
teleports	-0.37	1.21
wars	-0.37	1.01
thus	-0.37	1.49
assume	-0.37	2.73
society	-0.37	1.33
argue	-0.36	2.25
deals	-0.36	1.20
dedicated	-0.36	1.11
afaik	-0.36	1.58
reports	-0.36	1.44
sized	-0.36	1.23
lives	-0.36	1.12
cast	-0.36	1.26
unable	-0.36	1.95
enforcement	-0.36	1.66
him	-0.36	1.70
camp	-0.36	1.21
monthly	-0.36	1.19
self	-0.36	1.67
shotbow	-0.35	1.24
pointed	-0.35	2.04
choice	-0.35	1.38
offline	-0.35	1.27
seeing	-0.35	2.51
2013	-0.35	1.29
gain	-0.35	1.31
allowing	-0.35	1.67
recommend	-0.35	1.27
contains	-0.35	1.74
xray	-0.35	1.35
resulting	-0.35	1.33
backwards	-0.35	1.88
breaking	-0.35	1.69
slight	-0.35	1.21
pc	-0.35	1.13
intentionally	-0.35	1.77
network	-0.35	1.39
changing	-0.34	1.62
payed	-0.34	1.32
kick	-0.34	1.36
journey	-0.34	1.41
kid	-0.34	1.83
by	-0.34	1.71
monitor	-0.34	1.16
explained	-0.34	1.96
critical	-0.34	1.10
law	-0.34	1.65
destroyed	-0.34	1.32
regarding	-0.34	1.57
non	-0.34	1.37
channels	-0.34	1.21
mac	-0.34	1.16
babies	-0.34	1.34
arms	-0.33	1.16
issues	-0.33	1.47
states	-0.33	1.48
essentially	-0.33	1.95
cents	-0.33	1.33
threat	-0.33	1.36
passing	-0.33	1.32
blew	-0.33	1.51
usual	-0.33	1.27
paid	-0.33	1.20
realms	-0.33	1.13
macs	-0.33	1.08
manual	-0.33	1.23
confirmed	-0.33	1.48
platforms	-0.33	1.16
pieces	-0.33	1.31
introduce	-0.33	1.51
hypixel	-0.33	1.27
generators	-0.33	1.39
total	-0.33	1.15
spigot	-0.33	1.42
realise	-0.33	2.36
steam	-0.33	1.14
answered	-0.32	1.77
purchases	-0.32	1.23
upgrade	-0.32	1.38
side	-0.32	2.06
gb	-0.32	1.13
wifi	-0.32	1.40
renamed	-0.32	1.51
ram	-0.32	1.12
2014	-0.32	1.22
dependent	-0.32	1.68
consistently	-0.32	1.20
gpl	-0.32	1.47
guard	-0.32	1.21
firewall	-0.32	1.45
defeat	-0.32	1.13
optimized	-0.32	1.15
typed	-0.32	2.43
fresh	-0.32	1.66
know	-0.32	2.67
distribution	-0.32	1.45
api	-0.32	1.76
300	-0.32	1.16
operate	-0.32	1.39
connections	-0.32	1.41
ports	-0.32	1.49
has	-0.32	1.56
largest	-0.32	1.17
fired	-0.32	1.47
switched	-0.31	1.54
finally	-0.31	1.78
hamachi	-0.31	1.43
moments	-0.31	1.57
credit	-0.31	1.29
minigame	-0.31	1.25
casual	-0.31	1.33
creepy	-0.31	2.43
afterwards	-0.31	1.76
track	-0.31	1.56
craftbukkit	-0.31	1.52
determine	-0.31	1.97
rent	-0.31	1.12
wanted	-0.31	1.92
arbitrary	-0.31	1.40
credits	-0.31	1.05
brand	-0.31	1.25
ti	-0.31	1.16
increased	-0.31	1.16
android	-0.31	1.12
consoles	-0.31	1.11
slower	-0.30	1.38
indicate	-0.30	1.60
subscription	-0.30	1.18
username	-0.30	1.36
responses	-0.30	1.42
phone	-0.30	1.11
magical	-0.30	1.33
assumption	-0.30	1.77
pvp	-0.30	1.25
internet	-0.30	1.36
thick	-0.30	1.36
dollar	-0.30	1.21
banning	-0.30	1.64
daughter	-0.30	2.29
given	-0.30	1.57
problems	-0.30	1.65
1gb	-0.30	1.18
x-ray	-0.30	1.34
private	-0.30	1.28
permanently	-0.30	1.46
opportunity	-0.30	1.41
statement	-0.30	1.81
commercial	-0.30	1.51
spamming	-0.30	1.73
online	-0.30	1.19
mobile	-0.30	1.12
intention	-0.30	1.44
appeal	-0.29	1.33
500	-0.29	1.15
constitutes	-0.29	2.10
faith	-0.29	1.57
catch	-0.29	1.26
unlike	-0.29	1.30
hover	-0.29	1.62
equal	-0.29	1.61
acceptable	-0.29	1.58
everyday	-0.29	1.11
600	-0.29	1.16
cheat	-0.29	1.25
literally	-0.29	1.92
services	-0.29	1.17
apply	-0.29	1.58
member	-0.29	1.41
21	-0.29	1.33
middle	-0.29	2.07
worthless	-0.28	1.26
frame	-0.28	1.21
mojangs	-0.28	1.39
stats	-0.28	1.18
pocket	-0.28	1.15
belong	-0.28	1.51
hd	-0.28	1.07
effectively	-0.28	1.49
moderators	-0.28	1.47
copied	-0.28	1.63
troll	-0.28	1.60
finishing	-0.28	1.99
upgrading	-0.28	1.48
supported	-0.28	1.82
invite	-0.28	1.49
connect	-0.28	1.44
ps3	-0.28	1.15
fee	-0.28	1.19
playstation	-0.28	1.15
alex	-0.28	1.65
comparison	-0.28	1.28
realised	-0.27	2.22
corporation	-0.27	1.13
lies	-0.27	1.29
payment	-0.27	1.16
compatibility	-0.27	1.59
obviously	-0.27	2.54
gravity	-0.27	1.13
bar	-0.27	1.53
frames	-0.27	1.17
chosen	-0.27	1.34
crashed	-0.27	1.60
voted	-0.27	1.75
ps4	-0.27	1.15
entering	-0.27	1.34
lan	-0.27	1.43
exclusive	-0.27	1.17
hair	-0.27	1.17
places	-0.27	1.43
why	-0.27	2.65
written	-0.27	1.48
modified	-0.26	1.51
whenever	-0.26	1.42
hosts	-0.26	1.14
steal	-0.26	1.24
halo	-0.26	0.95
through	-0.26	1.78
stock	-0.26	1.10
justify	-0.26	1.69
copper	-0.26	1.34
blocked	-0.26	1.42
strikes	-0.26	1.30
towards	-0.26	1.41
protect	-0.26	1.38
premium	-0.26	1.23
router	-0.26	1.48
40	-0.25	1.21
his	-0.25	1.72
communities	-0.25	1.24
developing	-0.25	1.67
menu	-0.25	1.59
cheating	-0.25	1.32
expecting	-0.25	1.64
code	-0.25	1.47
understanding	-0.25	1.69
lets	-0.25	1.38
refresh	-0.25	1.12
charging	-0.25	1.25
burning	-0.25	1.38
pops	-0.25	1.49
24/7	-0.25	1.18
ruin	-0.25	1.22
250	-0.25	1.16
team	-0.25	1.33
decision	-0.25	1.34
updating	-0.25	1.81
minecon	-0.25	1.23
ftw	-0.25	1.17
blocking	-0.25	1.44
active	-0.25	1.48
nowhere	-0.24	1.66
64bit	-0.24	1.42
adding	-0.24	2.07
gta	-0.24	0.93
violate	-0.24	1.68
lore	-0.24	1.26
50	-0.24	1.21
replacing	-0.24	1.40
violation	-0.24	1.56
boring	-0.24	1.53
edition	-0.24	1.18
stayed	-0.24	1.47
attempted	-0.24	1.52
360	-0.24	1.18
networks	-0.24	1.26
guidelines	-0.24	1.68
icons	-0.24	1.41
hosting	-0.24	1.12
alone	-0.24	1.47
play	-0.24	1.22
streaming	-0.24	1.00
public	-0.24	1.38
<SPECIAL>	-0.24	1.13
<URL>	-0.24	1.13
ip	-0.24	1.44
latter	-0.24	1.22
xbox	-0.23	1.16
dropping	-0.23	1.51
choose	-0.23	1.54
connecting	-0.23	1.44
their	-0.23	1.27
pay	-0.23	1.27
reset	-0.23	1.32
joining	-0.23	1.42
ids	-0.23	1.31
tell	-0.23	2.37
dickbutt	-0.23	1.47
drivers	-0.23	1.38
members	-0.23	1.34
supports	-0.23	1.49
relative	-0.23	1.23
corrupt	-0.23	1.32
fewer	-0.23	1.49
whitelist	-0.23	1.33
reload	-0.23	1.41
monetization	-0.23	1.54
big	-0.23	1.14
development	-0.23	1.40
host	-0.23	1.18
150	-0.23	1.18
joined	-0.23	1.57
glitches	-0.23	1.39
switching	-0.23	1.45
internal	-0.23	1.50
platform	-0.22	1.16
lgpl	-0.22	1.53
curiosity	-0.22	1.86
pixelmon	-0.22	1.37
2012	-0.22	1.40
august	-0.22	1.47
attempts	-0.22	1.47
wondered	-0.22	2.01
zero	-0.22	1.21
british	-0.22	1.49
exploded	-0.22	1.44
official	-0.22	1.52
ddos	-0.22	1.16
expanding	-0.22	1.64
knowing	-0.22	2.17
smoother	-0.22	1.16
modification	-0.22	1.27
liking	-0.22	1.23
local	-0.22	1.40
minigames	-0.22	1.21
restart	-0.22	1.56
hire	-0.22	1.45
subject	-0.22	1.73
server.properties	-0.21	1.35
date	-0.21	1.46
percent	-0.21	1.39
spell	-0.21	2.32
replies	-0.21	1.54
distance	-0.21	1.13
frankly	-0.21	1.35
eventually	-0.21	1.76
searching	-0.21	1.93
hosted	-0.21	1.18
continued	-0.21	1.49
disabling	-0.21	1.24
ios	-0.21	1.15
service	-0.21	1.10
30	-0.21	1.20
previously	-0.21	1.87
goal	-0.21	1.22
charge	-0.21	1.24
happens	-0.21	1.91
permission	-0.21	1.44
feelings	-0.20	1.47
involved	-0.20	1.68
remembered	-0.20	1.72
subscribed	-0.20	1.46
copies	-0.20	1.12
equivalent	-0.20	1.21
2.0	-0.20	1.47
licensing	-0.20	1.38
note	-0.20	1.93
burn	-0.20	1.36
standard	-0.20	1.64
tech	-0.20	1.13
humor	-0.20	1.21
starts	-0.20	1.47
caps	-0.20	1.61
pe	-0.20	1.15
older	-0.20	1.35
resist	-0.19	1.39
under	-0.19	1.43
linux	-0.19	1.18
console	-0.19	1.18
mid	-0.19	1.24
progression	-0.19	1.38
yogscast	-0.19	1.17
suit	-0.19	1.18
exploit	-0.19	1.39
200	-0.19	1.17
maintaining	-0.19	1.53
mapmakers	-0.19	1.40
modifying	-0.19	1.49
enforced	-0.19	1.94
whatever	-0.19	2.22
solo	-0.19	1.08
bill	-0.19	1.26
evidence	-0.19	1.74
steve	-0.19	1.59
confusion	-0.19	1.62
licensed	-0.19	1.36
laws	-0.19	1.53
luckily	-0.19	1.40
unreasonable	-0.19	1.61
section	-0.19	1.48
frequently	-0.19	1.30
ultimately	-0.19	1.28
naming	-0.18	1.30
cpu	-0.18	1.13
2010	-0.18	1.43
fellow	-0.18	1.45
static	-0.18	1.33
communication	-0.18	1.07
priority	-0.18	1.31
complexity	-0.18	1.05
driver	-0.18	1.29
18	-0.18	1.26
35	-0.18	1.22
metadata	-0.18	1.36
damage	-0.18	1.28
opengl	-0.18	1.27
inner	-0.18	1.27
impossible	-0.18	1.79
paying	-0.18	1.26
twitch	-0.18	1.13
wake	-0.18	1.16
shift	-0.18	1.81
fixed	-0.18	1.44
did	-0.18	2.55
state	-0.18	1.36
charged	-0.18	1.32
chances	-0.18	1.10
pair	-0.18	1.26
extended	-0.18	1.32
external	-0.18	1.45
bigger	-0.18	1.39
blowing	-0.18	1.40
promised	-0.18	1.63
believe	-0.17	2.61
demand	-0.17	1.00
rewrite	-0.17	1.42
includes	-0.17	1.40
direct	-0.17	1.39
creeper	-0.17	1.31
mental	-0.17	1.35
pet	-0.17	1.28
disappear	-0.17	1.45
installed	-0.17	1.57
moving	-0.17	1.97
brightness	-0.17	1.04
exit	-0.17	1.47
pirate	-0.17	1.26
gigs	-0.17	1.20
proprietary	-0.17	1.51
protected	-0.17	1.28
keys	-0.17	1.72
endless	-0.17	1.27
fault	-0.17	1.28
creating	-0.17	1.93
25	-0.17	1.22
plugins	-0.17	1.34
meta	-0.17	1.61
refuse	-0.17	1.60
l	-0.16	1.40
sign	-0.16	1.55
halfway	-0.16	1.90
phrase	-0.16	1.84
drink	-0.16	1.17
enter	-0.16	1.58
server	-0.16	1.23
killed	-0.16	1.29
ips	-0.16	1.42
basically	-0.16	2.19
cough	-0.16	1.13
experimenting	-0.16	1.85
select	-0.16	1.62
cut	-0.16	1.37
mass	-0.16	1.09
linked	-0.16	1.46
optimizations	-0.16	1.36
forge	-0.16	1.53
everytime	-0.16	1.47
useless	-0.16	1.26
profit	-0.16	1.24
games	-0.16	1.00
ready	-0.15	1.67
vr	-0.15	1.04
distribute	-0.15	1.49
controller	-0.15	1.14
danger	-0.15	1.44
hits	-0.15	1.30
genuinely	-0.15	2.08
seemed	-0.15	1.82
modding	-0.15	1.53
report	-0.15	1.46
smp	-0.15	1.27
dicks	-0.15	1.37
whatsoever	-0.15	1.41
hotbar	-0.15	1.53
social	-0.15	1.13
neutral	-0.15	1.61
oblivion	-0.15	1.43
plugin	-0.15	1.52
device	-0.15	1.16
silent	-0.15	1.14
peace	-0.15	1.25
damaged	-0.15	1.27
gets	-0.15	1.48
64	-0.15	1.28
cause	-0.15	1.53
2011	-0.15	1.42
secure	-0.15	1.18
page	-0.14	1.42
alt	-0.14	1.77
defend	-0.14	1.42
upon	-0.14	1.51
corrupted	-0.14	1.35
graphical	-0.14	1.22
deleting	-0.14	1.41
picking	-0.14	1.70
disable	-0.14	1.37
app	-0.14	1.13
explosion	-0.14	1.28
wife	-0.14	2.09
order	-0.14	2.10
typing	-0.14	1.64
discuss	-0.14	1.75
commenting	-0.14	1.79
author	-0.14	1.45
backing	-0.14	1.38
connected	-0.14	1.39
sentence	-0.14	2.30
engine	-0.14	1.26
multiplayer	-0.14	1.27
titles	-0.14	1.48
listening	-0.14	1.74
donations	-0.14	1.25
software	-0.14	1.35
switch	-0.14	1.39
checks	-0.14	1.40
include	-0.14	1.87
armour	-0.14	1.26
contribute	-0.14	1.61
ctrl	-0.14	1.72
os	-0.14	1.33
attempting	-0.14	1.64
logged	-0.13	1.50
atm	-0.13	1.61
logo	-0.13	1.03
illusion	-0.13	1.06
duplicate	-0.13	1.44
exception	-0.13	1.41
shows	-0.13	1.34
fell	-0.13	1.45
22	-0.13	1.31
protection	-0.13	1.26
quiet	-0.13	1.19
lobby	-0.13	1.22
closed	-0.13	1.41
speak	-0.13	1.72
held	-0.13	1.55
struck	-0.13	1.33
say	-0.13	2.56
pushed	-0.13	1.48
armor	-0.13	1.26
comment	-0.13	1.73
3000	-0.13	1.06
tests	-0.13	1.33
sneak	-0.13	1.74
pots	-0.13	1.18
destroy	-0.13	1.29
trend	-0.13	1.25
join	-0.13	1.54
ps	-0.13	1.52
unfair	-0.13	1.35
notes	-0.13	1.45
gamerule	-0.13	1.35
75	-0.13	1.17
source	-0.13	1.45
load	-0.13	1.32
grammar	-0.13	2.50
20	-0.13	1.23
reporting	-0.13	1.47
sales	-0.13	1.13
bugs	-0.13	1.43
verify	-0.12	1.30
fullscreen	-0.12	1.27
explosions	-0.12	1.25
recommended	-0.12	1.36
blows	-0.12	1.36
assets	-0.12	1.34
values	-0.12	1.27
faster	-0.12	1.39
bs	-0.12	1.16
profile	-0.12	1.54
words	-0.12	2.07
fuel	-0.12	1.28
64-bit	-0.12	1.35
seek	-0.12	1.28
modifications	-0.12	1.40
questions	-0.12	1.57
necessarily	-0.12	1.76
spelling	-0.12	2.51
modded	-0.12	1.25
spectator	-0.12	1.32
rarely	-0.12	1.25
released	-0.12	1.59
tracker	-0.12	1.45
hunger	-0.12	1.30
invisibility	-0.11	1.18
life	-0.11	1.24
installing	-0.11	1.58
number	-0.11	1.16
unknown	-0.11	1.41
matter	-0.11	2.40
minor	-0.11	1.13
needing	-0.11	1.72
income	-0.11	1.17
follows	-0.11	1.30
accidentally	-0.11	1.73
deleted	-0.11	1.62
mouth	-0.11	1.23
effect	-0.11	1.22
fixes	-0.11	1.41
factions	-0.11	1.25
mc	-0.11	1.46
keep	-0.11	1.85
processing	-0.11	1.17
reverse	-0.11	1.47
downgrading	-0.11	1.46
failure	-0.11	1.40
attempt	-0.11	1.52
submitting	-0.11	2.01
triple	-0.11	1.27
respawn	-0.11	1.26
controls	-0.11	1.58
along	-0.11	1.70
preference	-0.11	1.19
child	-0.11	1.56
peaceful	-0.11	1.24
loop	-0.11	1.27
launchers	-0.11	1.17
downloaded	-0.11	1.55
testing	-0.10	1.66
strike	-0.10	1.24
alter	-0.10	1.42
versions	-0.10	1.38
downgrade	-0.10	1.48
lucky	-0.10	1.81
messy	-0.10	1.45
costs	-0.10	1.16
drag	-0.10	1.54
sprint	-0.10	1.69
newest	-0.10	1.45
donated	-0.10	1.23
continues	-0.10	1.13
bullet	-0.10	1.25
launch	-0.10	1.40
repeating	-0.10	1.47
visit	-0.10	1.52
apple	-0.10	1.13
behind	-0.10	1.68
attach	-0.10	1.29
operating	-0.10	1.37
born	-0.10	1.51
was	-0.10	2.28
stable	-0.10	1.46
authors	-0.10	1.42
7	-0.10	1.27
install	-0.10	1.53
installer	-0.10	1.49
keyboard	-0.10	1.68
ocelots	-0.10	1.44
blast	-0.10	1.27
rule	-0.10	1.65
opened	-0.09	1.67
than	-0.09	1.45
whether	-0.09	2.39
refers	-0.09	1.62
ignorance	-0.09	1.44
significantly	-0.09	1.28
living	-0.09	1.33
fog	-0.09	0.96
opening	-0.09	1.48
usage	-0.09	1.22
allocated	-0.09	1.15
4th	-0.09	1.31
despite	-0.09	1.42
mods	-0.09	1.33
dogs	-0.09	1.43
conditions	-0.09	1.43
appropriate	-0.09	1.36
errors	-0.09	1.53
26	-0.09	1.22
revert	-0.09	1.54
makers	-0.09	1.34
reference	-0.09	1.28
started	-0.09	1.70
23	-0.09	1.24
enable	-0.09	1.43
options	-0.09	1.36
17	-0.09	1.24
nor	-0.09	1.92
status	-0.09	1.26
exclusively	-0.09	1.30
patched	-0.08	1.47
pressed	-0.08	1.67
cash	-0.08	1.23
raise	-0.08	1.16
downloading	-0.08	1.49
bandwidth	-0.08	1.16
press	-0.08	1.64
anytime	-0.08	1.61
fully	-0.08	1.81
fingers	-0.08	1.35
counted	-0.08	1.39
irrelevant	-0.08	1.64
we	-0.08	2.50
million	-0.08	1.17
influence	-0.08	1.20
brother	-0.08	2.07
panel	-0.08	1.31
imagine	-0.08	2.05
tab	-0.08	1.56
assigned	-0.08	1.32
enemy	-0.08	1.22
application	-0.08	1.25
bear	-0.08	1.47
driving	-0.08	1.07
health	-0.08	1.24
donate	-0.08	1.24
downvote	-0.08	1.64
jumps	-0.08	1.16
donating	-0.08	1.25
singleplayer	-0.08	1.29
1.7.5	-0.08	1.47
nonsense	-0.08	1.29
4	-0.08	1.34
next	-0.08	2.02
falling	-0.08	1.39
launcher	-0.08	1.29
named	-0.08	1.31
saves	-0.08	1.39
hands	-0.08	1.46
names	-0.08	1.28
gave	-0.08	1.48
wikipedia	-0.07	1.43
variable	-0.07	1.33
editing	-0.07	1.31
releasing	-0.07	1.69
got	-0.07	1.81
float	-0.07	1.31
atlauncher	-0.07	1.19
pressing	-0.07	1.61
slowly	-0.07	1.50
32	-0.07	1.27
anarchy	-0.07	1.31
round	-0.07	1.17
planned	-0.07	1.69
weight	-0.07	1.17
manner	-0.07	1.38
effects	-0.07	1.21
replying	-0.07	2.24
permissions	-0.07	1.30
general	-0.07	1.31
pants	-0.07	1.17
run	-0.07	1.80
cap	-0.07	1.12
1/2	-0.07	1.34
delete	-0.07	1.41
global	-0.07	1.27
releases	-0.07	1.54
coding	-0.07	1.37
break	-0.07	1.83
3rd	-0.07	1.33
son	-0.07	2.08
opposite	-0.07	1.81
newer	-0.07	1.47
14	-0.07	1.24
favorites	-0.07	1.21
donator	-0.07	1.21
latest	-0.07	1.49
vanilla	-0.07	1.24
jar	-0.07	1.43
bug	-0.07	1.45
95	-0.07	1.17
b	-0.07	1.42
toggle	-0.06	1.62
curse	-0.06	1.41
ends	-0.06	1.28
upgrades	-0.06	1.16
sister	-0.06	2.07
upvoted	-0.06	1.47
updates	-0.06	1.50
10	-0.06	1.24
knew	-0.06	2.06
showed	-0.06	1.37
wider	-0.06	1.20
version	-0.06	1.46
therefore	-0.06	1.48
shop	-0.06	1.10
improvements	-0.06	1.34
resistance	-0.06	1.23
her	-0.06	2.04
amazon	-0.06	1.07
punching	-0.06	1.40
affects	-0.06	1.31
cheats	-0.06	1.29
saved	-0.06	1.34
tnt	-0.06	1.26
coming	-0.06	2.02
themselves	-0.06	1.68
patch	-0.06	1.54
15	-0.06	1.24
heard	-0.06	1.55
boots	-0.06	1.17
window	-0.06	1.49
met	-0.06	1.42
event	-0.06	1.32
vip	-0.06	1.22
optifine	-0.05	1.39
feed	-0.05	1.19
died	-0.05	1.53
engines	-0.05	1.23
swear	-0.05	1.45
exploding	-0.05	1.21
appdata	-0.05	1.52
remember	-0.05	2.14
1.7.10	-0.05	1.49
decrease	-0.05	1.22
groups	-0.05	1.22
early	-0.05	1.43
girlfriend	-0.05	2.05
ultimate	-0.05	1.18
1.7.4	-0.05	1.50
whitelisted	-0.05	1.22
ads	-0.05	1.27
creative	-0.05	1.23
kills	-0.05	1.29
snapshot	-0.05	1.50
modify	-0.05	1.48
rank	-0.05	1.24
earn	-0.05	1.26
1.7.x	-0.05	1.52
box	-0.05	1.41
circumstances	-0.05	1.18
pull	-0.05	1.54
mini	-0.05	1.17
falls	-0.05	1.28
1.7.2	-0.05	1.49
economy	-0.05	1.20
mistakes	-0.05	2.43
destroying	-0.05	1.16
question	-0.05	1.94
healing	-0.05	1.32
previous	-0.05	1.50
pre-release	-0.05	1.56
converted	-0.05	1.24
range	-0.05	1.17
wear	-0.05	1.17
max	-0.05	1.17
how	-0.05	2.45
placing	-0.05	1.52
somewhere	-0.05	1.51
ranks	-0.04	1.22
24	-0.04	1.26
ops	-0.04	1.07
supporting	-0.04	1.47
agrarian	-0.04	1.13
2009	-0.04	1.44
harm	-0.04	1.89
1.7.9	-0.04	1.60
speed	-0.04	1.13
websites	-0.04	1.30
family	-0.04	1.44
modpack	-0.04	1.15
improved	-0.04	1.31
late	-0.04	1.28
millions	-0.04	1.25
cuts	-0.04	1.23
me	-0.04	1.79
hardcore	-0.04	1.18
rendering	-0.04	1.11
faithful	-0.04	1.05
throwing	-0.04	1.54
ball	-0.04	1.23
skies	-0.04	1.13
1.6.4	-0.04	1.47
key	-0.04	1.68
quarter	-0.04	1.50
word	-0.04	2.23
fire	-0.04	1.26
trapped	-0.04	1.22
statistics	-0.04	1.66
deserves	-0.04	1.23
33	-0.04	1.25
8	-0.04	1.26
hot	-0.04	1.15
settings	-0.04	1.23
intense	-0.04	1.13
java	-0.04	1.37
snapshots	-0.04	1.52
lightning	-0.04	1.26
adjust	-0.04	1.20
nerfed	-0.04	1.26
writing	-0.04	1.58
directory	-0.03	1.41
wiki	-0.03	1.38
chunk	-0.03	1.25
pve	-0.03	1.16
plug	-0.03	1.12
knock	-0.03	1.29
checked	-0.03	1.85
double	-0.03	1.48
changelog	-0.03	1.40
mb	-0.03	1.13
creator	-0.03	1.37
13	-0.03	1.24
19	-0.03	1.25
exe	-0.03	1.51
dokucraft	-0.03	1.08
pulled	-0.03	1.56
posts	-0.03	1.60
spike	-0.03	1.20
die	-0.03	1.53
permanent	-0.03	1.29
pages	-0.03	1.46
twist	-0.03	1.25
appearing	-0.03	1.47
screen	-0.03	1.31
donation	-0.03	1.21
earlier	-0.03	1.63
dont	-0.03	2.33
largely	-0.03	1.31
serves	-0.03	1.30
moderate	-0.03	1.10
launching	-0.03	1.24
nsfw	-0.03	1.45
allow	-0.03	1.57
helmet	-0.03	1.16
ftb	-0.03	1.15
suggested	-0.03	1.60
vsync	-0.03	1.26
ive	-0.03	1.38
poison	-0.03	1.28
tough	-0.03	1.10
during	-0.03	1.32
mode	-0.03	1.20
heal	-0.03	1.31
profiles	-0.03	1.35
access	-0.03	1.26
cmd	-0.02	1.52
charity	-0.02	1.22
technic	-0.02	1.16
hitting	-0.02	1.41
developers	-0.02	1.38
minecrafters	-0.02	1.28
male	-0.02	1.37
wearing	-0.02	1.18
easier	-0.02	1.34
overpowered	-0.02	1.24
enabled	-0.02	1.29
drops	-0.02	1.17
bank	-0.02	1.12
dollars	-0.02	1.22
instant	-0.02	1.31
smoke	-0.02	1.22
lock	-0.02	1.55
hitbox	-0.02	1.25
pointless	-0.02	1.19
aka	-0.02	1.04
worlds	-0.02	1.28
1.7	-0.02	1.54
setting	-0.02	1.26
topic	-0.02	1.67
e.g	-0.02	1.29
stays	-0.02	1.41
viewing	-0.02	1.39
upside	-0.02	1.45
voting	-0.02	1.53
config	-0.02	1.36
original	-0.02	1.57
upcoming	-0.02	1.52
rules	-0.02	1.61
donators	-0.02	1.23
element	-0.02	1.08
beast	-0.01	1.15
potions	-0.01	1.24
1st	-0.01	1.37
splash	-0.01	1.31
attacks	-0.01	1.22
pad	-0.01	1.46
website	-0.01	1.35
ipad	-0.01	1.13
return	-0.01	1.26
specify	-0.01	1.61
rename	-0.01	1.33
12	-0.01	1.24
blow	-0.01	1.20
breathing	-0.01	1.16
folders	-0.01	1.39
zoom	-0.01	1.41
freely	-0.01	1.57
paste	-0.01	1.41
modpacks	-0.01	1.17
curve	-0.01	1.57
copy	-0.01	1.36
machine	-0.01	1.31
1000	-0.01	1.20
flower	-0.01	1.09
loud	-0.01	1.24
maximum	-0.01	1.06
immediately	-0.01	1.69
cheap	-0.01	1.02
checking	-0.01	1.84
jvm	-0.01	1.22
feather	-0.01	1.22
entry	-0.01	1.27
guarantee	-0.01	2.22
marked	-0.01	1.44
placed	-0.01	1.44
changes	-0.01	1.46
keeping	-0.01	1.70
release	-0.01	1.57
trial	-0.01	1.21
potion	-0.01	1.23
distributed	-0.00	1.51
iirc	-0.00	1.68
alternate	-0.00	1.28
terrafirmacraft	-0.00	1.15
file	-0.00	1.38
sprinting	-0.00	1.49
update	-0.00	1.59
boats	-0.00	1.33
settle	-0.00	1.55
apps	-0.00	1.20
interests	-0.00	1.37
save	-0.00	1.35
plan	-0.00	1.69
derpy	-0.00	1.33
filtering	-0.00	1.27
customize	-0.00	1.47
fireball	0.00	1.25
zip	0.00	1.37
mcpatcher	0.00	1.23
fireworks	0.00	1.20
bucks	0.00	1.30
mean	0.00	2.48
strength	0.00	1.23
flat	0.00	1.20
beginning	0.00	1.32
famous	0.00	1.13
ghast	0.00	1.21
posting	0.00	1.70
tekkit	0.00	1.18
passed	0.00	1.39
requirement	0.00	1.17
op	0.00	1.57
sources	0.00	1.34
sit	0.00	1.52
f3	0.00	1.38
girl	0.00	1.33
backup	0.00	1.36
hearts	0.00	1.30
limits	0.00	1.14
accident	0.01	1.58
points	0.01	1.28
spikes	0.01	1.22
hats	0.01	1.20
legacy	0.01	1.08
seemingly	0.01	1.12
forum	0.01	1.45
full	0.01	1.24
essentials	0.01	1.30
weapon	0.01	1.18
list	0.01	1.44
letting	0.01	1.58
closer	0.01	1.32
suffocate	0.01	1.28
displayed	0.01	1.32
knockback	0.01	1.20
mcpe	0.01	1.21
generating	0.01	1.27
megathread	0.01	1.68
boost	0.01	1.25
introduced	0.01	1.62
files	0.01	1.38
loaded	0.01	1.34
downloads	0.01	1.39
contained	0.01	1.17
scare	0.01	1.33
slowness	0.01	1.23
default	0.01	1.15
term	0.01	1.59
pause	0.01	1.26
faction	0.01	1.24
normally	0.01	1.72
gen	0.01	1.24
scrolls	0.01	1.02
folder	0.01	1.45
allocate	0.02	1.33
thumb	0.02	1.75
memory	0.02	1.09
junk	0.02	1.24
prior	0.02	1.42
kill	0.02	1.31
comic	0.02	1.35
output	0.02	1.17
nose	0.02	1.19
b-team	0.02	1.12
capture	0.02	1.09
disabled	0.02	1.30
name	0.02	1.19
weakness	0.02	1.21
2000	0.02	1.18
updated	0.02	1.55
skeletons	0.02	1.24
moves	0.02	1.40
monster	0.02	1.16
female	0.02	1.30
half	0.02	1.62
affect	0.02	1.46
vbos	0.02	1.29
presumably	0.02	1.20
perks	0.02	1.23
assign	0.02	1.25
display	0.02	1.22
1.9	0.02	1.61
random	0.02	1.36
uninstall	0.03	1.39
discussion	0.03	1.59
bane	0.03	1.29
increasing	0.03	1.09
1.5	0.03	1.66
higher	0.03	1.12
shaped	0.03	1.18
because	0.03	2.46
noise	0.03	1.19
sarcasm	0.03	1.95
conversation	0.03	1.62
particular	0.03	1.54
16	0.03	1.24
behalf	0.03	1.61
recent	0.03	1.45
heavily	0.03	1.29
appearance	0.03	1.01
particles	0.03	1.17
9	0.03	1.23
at	0.03	1.90
zone	0.03	1.25
watching	0.03	1.03
direction	0.03	1.40
affected	0.03	1.32
match	0.03	1.27
standing	0.03	1.58
appears	0.03	1.42
short	0.03	1.22
mark	0.03	1.39
consists	0.03	1.62
bars	0.04	1.21
ubuntu	0.04	1.26
strong	0.04	1.08
head	0.04	1.31
json	0.04	1.45
hes	0.04	1.48
appeared	0.04	1.27
movement	0.04	1.34
sequel	0.04	1.45
current	0.04	1.42
posted	0.04	1.62
added	0.04	1.62
bits	0.04	1.27
reddit	0.04	1.57
fyi	0.04	1.62
skyblock	0.04	1.18
cover	0.04	1.29
does	0.04	2.20
described	0.04	1.73
ad	0.04	1.14
friends	0.04	1.32
applies	0.04	1.43
scene	0.04	1.03
randomly	0.04	1.27
capes	0.04	1.25
vbo	0.04	1.29
crowd	0.04	1.26
launched	0.04	1.33
search	0.04	1.41
streams	0.04	1.23
woods	0.04	1.20
offense	0.04	1.35
change	0.04	1.86
growth	0.04	1.12
region	0.04	1.37
advantages	0.04	1.25
endermen	0.04	1.21
fall	0.04	1.36
new	0.05	1.44
civcraft	0.05	1.43
melt	0.05	1.14
32x	0.05	1.05
value	0.05	1.26
calculate	0.05	1.38
pre	0.05	1.59
plans	0.05	1.50
variables	0.05	1.35
ice	0.05	1.21
compatible	0.05	1.48
landing	0.05	1.15
packs	0.05	1.11
1.2	0.05	1.65
sound	0.05	1.30
fly	0.05	1.34
hint	0.05	1.44
q	0.05	1.52
256	0.05	1.20
sites	0.05	1.30
managed	0.05	1.57
atleast	0.05	1.57
1.6	0.05	1.59
free	0.05	1.20
jump	0.05	1.36
package	0.05	1.23
turn	0.05	1.27
cores	0.05	1.15
practice	0.05	1.27
arrow	0.05	1.27
where	0.05	2.33
1.4	0.05	1.59
site	0.05	1.36
contributing	0.05	1.40
packed	0.05	1.27
restrict	0.05	1.48
cost	0.06	1.13
thumbnail	0.06	1.49
snowballs	0.06	1.28
durability	0.06	1.22
regards	0.06	1.26
humans	0.06	1.38
presets	0.06	1.35
concern	0.06	1.60
target	0.06	1.19
meet	0.06	1.29
thrown	0.06	1.27
beta	0.06	1.64
available	0.06	1.36
restore	0.06	1.26
temperature	0.06	1.07
stored	0.06	1.24
backups	0.06	1.34
instantly	0.06	1.60
shortly	0.06	1.62
encounter	0.06	1.55
90	0.06	1.14
hostile	0.06	1.22
dyed	0.06	1.18
advantage	0.06	1.33
realm	0.06	1.21
obtained	0.06	1.30
arm	0.06	1.24
pockets	0.06	1.31
texture	0.06	1.05
limitations	0.06	1.02
potentially	0.06	1.25
pearl	0.06	1.25
use	0.06	1.92
month	0.06	1.26
legend	0.07	1.06
killing	0.07	1.21
mind	0.07	2.03
since	0.07	1.68
uk	0.07	1.39
power	0.07	1.16
restricted	0.07	1.35
web	0.07	1.27
jumped	0.07	1.66
skype	0.07	1.28
essential	0.07	1.30
kits	0.07	1.16
let	0.07	2.01
maintain	0.07	1.42
survival	0.07	1.20
in-game	0.07	1.31
shaders	0.07	1.32
gender	0.07	1.44
frequent	0.07	1.31
dead	0.07	1.39
votes	0.07	1.42
programmers	0.07	1.37
spanish	0.07	1.90
robot	0.07	1.10
rose	0.07	1.28
stores	0.07	1.12
1.0	0.07	1.51
iv	0.07	1.21
craftable	0.07	1.16
reached	0.07	1.18
automatically	0.07	1.49
kit	0.07	1.17
script	0.07	1.39
1.8	0.07	1.56
patches	0.07	1.42
spaces	0.07	1.36
teleporting	0.07	1.23
pmc	0.07	1.37
debug	0.07	1.30
chunks	0.07	1.25
minecraft	0.07	1.43
2nd	0.07	1.42
enemies	0.07	1.23
desired	0.07	1.45
batch	0.07	1.35
answering	0.07	1.91
anything	0.08	2.24
sharpness	0.08	1.22
submitted	0.08	1.38
alpha	0.08	1.61
classes	0.08	1.23
eggs	0.08	1.27
buttons	0.08	1.50
ingame	0.08	1.26
exist	0.08	2.25
cycle	0.08	1.31
turning	0.08	1.28
rely	0.08	1.28
anvil	0.08	1.21
hammer	0.08	1.21
extent	0.08	1.64
backed	0.08	1.31
dropped	0.08	1.26
boat	0.08	1.26
hexxit	0.08	1.18
arrows	0.08	1.23
throws	0.08	1.28
officially	0.08	1.50
enderpearls	0.08	1.17
punch	0.08	1.28
generic	0.08	1.06
1.8.1	0.08	1.54
live	0.08	1.36
browsing	0.08	1.41
generation	0.08	1.25
submissions	0.08	1.50
requested	0.08	1.16
tie	0.08	1.39
timer	0.08	1.26
pushing	0.08	1.41
up	0.08	1.69
book	0.08	1.39
google	0.08	1.31
ii	0.08	1.18
libraries	0.08	1.38
withers	0.08	1.18
ai	0.08	1.23
manually	0.09	1.53
cannon	0.09	1.23
grown	0.09	1.17
whole	0.09	1.47
looting	0.09	1.21
pack	0.09	1.10
fires	0.09	1.21
control	0.09	1.44
skins	0.09	1.17
indev	0.09	1.63
transfer	0.09	1.33
small	0.09	0.92
1.3	0.09	1.65
supply	0.09	1.18
1.2.5	0.09	1.61
anymore	0.09	2.30
while	0.09	1.70
dragons	0.09	1.22
fancy	0.09	1.18
picked	0.09	1.46
mobs	0.09	1.23
gaps	0.09	1.26
tags	0.09	1.24
normal	0.09	1.26
main	0.09	1.08
threads	0.09	1.54
throw	0.09	1.45
seus	0.09	1.28
gear	0.09	1.15
men	0.09	1.37
ensure	0.09	1.54
shoot	0.09	1.24
dynamic	0.09	1.15
lower	0.09	1.11
36	0.09	1.30
format	0.09	1.27
resourcepack	0.09	1.17
opens	0.09	1.44
temporarily	0.09	1.35
python	0.09	1.39
customized	0.09	1.31
texturepack	0.09	1.11
provide	0.09	1.32
layer	0.09	1.24
na	0.10	2.12
glsl	0.10	1.30
shirt	0.10	1.17
nature	0.10	1.10
skyrim	0.10	0.94
follow	0.10	1.46
went	0.10	1.67
followed	0.10	1.32
removed	0.10	1.47
hang	0.10	1.36
included	0.10	1.43
flip	0.10	1.40
browse	0.10	1.52
german	0.10	1.83
virus	0.10	1.22
came	0.10	1.70
resource	0.10	1.09
bucket	0.10	1.16
preview	0.10	1.30
jumping	0.10	1.32
bow	0.10	1.27
flint	0.10	1.20
roughly	0.10	1.26
row	0.10	1.51
conquest	0.10	1.09
europe	0.10	1.21
grew	0.10	1.20
counter	0.10	1.08
hoes	0.10	1.26
translate	0.10	1.70
experienced	0.10	1.54
ctm	0.10	1.18
flows	0.10	1.15
entire	0.10	1.33
repost	0.10	1.34
vary	0.10	1.28
inventory	0.11	1.40
cold	0.11	1.09
download	0.11	1.37
vision	0.11	1.18
determined	0.11	1.43
passive	0.11	1.27
sort	0.11	1.59
teleported	0.11	1.28
opposed	0.11	1.33
candy	0.11	1.09
selection	0.11	1.37
split	0.11	1.26
replicate	0.11	1.87
threw	0.11	1.31
textures	0.11	1.06
unbreaking	0.11	1.21
nintendo	0.11	1.10
facts	0.11	1.64
reinstall	0.11	1.43
offering	0.11	1.25
wither	0.11	1.19
sleeping	0.11	1.41
32x32	0.11	1.03
mom	0.11	1.90
existing	0.11	1.35
uploading	0.11	1.05
language	0.11	1.68
completed	0.11	1.32
array	0.11	1.26
category	0.11	1.28
flame	0.11	1.23
iii	0.11	1.21
2	0.11	1.26
choices	0.11	1.22
continue	0.11	1.47
reaches	0.11	1.24
strict	0.11	1.46
thread	0.11	1.59
comes	0.11	1.60
infinite	0.11	1.31
usually	0.12	1.40
hitler	0.12	1.33
minecarts	0.12	1.23
gift	0.12	1.07
master	0.12	1.36
planetminecraft	0.12	1.38
unlimited	0.12	1.16
void	0.12	1.24
limit	0.12	1.10
remaining	0.12	1.00
boy	0.12	1.33
pads	0.12	1.39
128	0.12	1.22
jockey	0.12	1.25
photos	0.12	1.24
saddles	0.12	1.17
sleep	0.12	1.48
entities	0.12	1.27
reproduce	0.12	1.65
around	0.12	1.51
stars	0.12	1.21
forever	0.12	1.64
comments	0.12	1.52
front	0.12	1.59
forums	0.12	1.43
sphax	0.12	1.06
marks	0.12	1.51
carts	0.12	1.29
hassle	0.12	1.26
5	0.12	1.25
prank	0.12	0.96
contribution	0.12	1.67
parameters	0.12	1.32
retextured	0.12	1.25
acquire	0.12	1.48
judge	0.12	1.97
australia	0.12	1.19
mob	0.12	1.17
11	0.12	1.19
syntax	0.12	1.84
snowball	0.12	1.24
historically	0.12	1.63
artist	0.12	1.42
closely	0.12	1.32
differences	0.13	1.28
length	0.13	1.18
sonic	0.13	1.29
levels	0.13	1.14
dropbox	0.13	1.27
america	0.13	1.27
swords	0.13	1.20
languages	0.13	1.55
from	0.13	1.64
cracked	0.13	1.16
heavy	0.13	1.09
nothing	0.13	2.14
sword	0.13	1.27
lighting	0.13	1.16
orientation	0.13	1.49
item	0.13	1.23
downvotes	0.13	1.56
combine	0.13	1.17
summarize	0.13	2.27
own	0.13	1.32
garbage	0.13	1.06
sometimes	0.13	1.46
understood	0.13	1.86
enchants	0.13	1.20
width	0.13	1.10
face	0.13	1.20
crystal	0.13	1.16
invisible	0.13	1.24
instances	0.13	1.26
your	0.13	1.45
john	0.13	1.09
recruiting	0.13	1.52
often	0.13	1.41
miles	0.13	1.28
infdev	0.13	1.62
directly	0.13	1.46
stands	0.13	1.30
hat	0.13	1.12
mediafire	0.13	1.29
monetize	0.13	1.63
ability	0.13	1.54
em	0.13	1.54
wolves	0.13	1.23
squids	0.13	1.19
accessible	0.13	1.34
jockeys	0.13	1.26
pigman	0.13	1.20
native	0.13	1.64
pearls	0.13	1.18
open	0.13	1.50
preset	0.14	1.29
repair	0.14	1.16
blood	0.14	1.12
sideways	0.14	1.34
drop	0.14	1.17
country	0.14	1.30
enderdragon	0.14	1.13
enderman	0.14	1.16
silk	0.14	1.21
touch	0.14	1.21
third	0.14	1.42
and/or	0.14	1.36
capacity	0.14	1.21
summoned	0.14	1.28
players	0.14	1.32
nbt	0.14	1.26
ourselves	0.14	1.66
golems	0.14	1.21
generator	0.14	1.23
notepad	0.14	1.31
diagonal	0.14	1.48
mod	0.14	1.33
give	0.14	1.62
accomplish	0.14	1.92
money	0.14	1.19
teleport	0.14	1.23
1.7.3	0.14	1.59
rods	0.14	1.17
memes	0.14	1.45
navigate	0.14	1.44
benefits	0.14	1.21
puns	0.14	0.93
legs	0.14	1.22
moved	0.14	1.52
height	0.14	1.10
content	0.14	1.44
shaderpack	0.14	1.23
steel	0.14	1.17
regen	0.14	1.17
carrying	0.14	1.29
hit	0.14	1.50
recently	0.14	1.69
automation	0.14	1.15
world	0.14	1.26
gunpowder	0.14	1.16
soartex	0.14	1.06
shown	0.14	1.39
action	0.14	1.51
harder	0.14	1.34
v	0.14	1.21
huge	0.14	1.03
leaves	0.14	1.23
wasted	0.14	1.29
seperate	0.15	1.32
earth	0.15	1.11
sizes	0.15	1.13
interpretation	0.15	1.41
after	0.15	1.54
pigmen	0.15	1.22
codes	0.15	1.33
stronger	0.15	1.28
hub	0.15	1.15
silverfish	0.15	1.18
overlay	0.15	1.19
gamemode	0.15	1.21
witches	0.15	1.21
place	0.15	2.01
map	0.15	1.21
mirror	0.15	1.33
store	0.15	1.09
halloween	0.15	1.47
goes	0.15	1.56
contain	0.15	1.34
regeneration	0.15	1.19
pushes	0.15	1.40
flag	0.15	1.42
cubic	0.15	1.18
haste	0.15	1.19
push	0.15	1.50
additions	0.15	1.39
superflat	0.15	1.19
zombies	0.15	1.21
promote	0.15	1.47
enchant	0.15	1.19
directions	0.15	1.38
downside	0.15	1.32
solely	0.15	1.29
till	0.15	1.59
opinion	0.15	1.51
data	0.15	1.25
matches	0.15	1.14
flags	0.15	1.26
move	0.15	1.72
signs	0.15	1.42
mainly	0.15	1.20
charcoal	0.15	1.20
slimes	0.15	1.21
promotion	0.15	1.41
pets	0.15	1.19
interest	0.15	1.12
linking	0.15	1.39
column	0.15	1.41
installation	0.15	1.34
feathers	0.15	1.16
net	0.15	1.28
slot	0.15	1.33
cosmetic	0.16	1.17
efficiency	0.16	1.18
clouds	0.16	1.15
flowing	0.16	1.26
argument	0.16	1.82
golden	0.16	1.17
per	0.16	1.28
sunlight	0.16	1.16
pick	0.16	1.20
collection	0.16	1.17
carry	0.16	1.31
graphic	0.16	1.03
tweaks	0.16	1.28
promoting	0.16	1.39
render	0.16	1.08
chickens	0.16	1.24
overhaul	0.16	1.27
fatigue	0.16	1.14
music	0.16	0.86
dragon	0.16	1.14
slots	0.16	1.23
id	0.16	1.18
ender	0.16	1.14
end	0.16	1.27
switches	0.16	1.31
contents	0.16	1.30
enchantment	0.16	1.20
shadow	0.16	1.14
anywhere	0.16	1.88
bounce	0.16	1.30
leather	0.16	1.11
quotes	0.16	1.48
applied	0.16	1.25
fortune	0.16	1.19
see	0.16	2.29
eye	0.16	1.44
easter	0.16	1.13
channel	0.16	1.11
repairing	0.16	1.13
extend	0.16	1.34
located	0.16	1.46
programs	0.17	1.25
advertisement	0.17	1.46
none	0.17	1.28
url	0.17	1.30
step	0.17	1.50
generates	0.17	1.21
sapling	0.17	1.21
pm	0.17	1.39
browser	0.17	1.27
joke	0.17	1.30
slow	0.17	1.14
etc	0.17	1.25
grinders	0.17	1.18
planet	0.17	1.23
ghasts	0.17	1.19
bot	0.17	1.51
flash	0.17	1.21
allowed	0.17	1.47
newly	0.17	1.48
automate	0.17	1.35
submit	0.17	1.46
nazi	0.17	1.42
successfully	0.17	1.38
buckets	0.17	1.18
shooting	0.17	1.22
gui	0.17	1.34
beacons	0.17	1.20
hook	0.17	1.24
temporary	0.17	1.04
achieve	0.17	1.62
links	0.17	1.46
10.1	0.17	1.23
shovel	0.17	1.20
10,000	0.17	1.31
advertise	0.17	1.51
minimap	0.17	1.33
nei	0.17	1.28
saddle	0.17	1.21
leaf	0.17	1.26
infinity	0.17	1.18
ether	0.17	1.25
shovels	0.17	1.20
algorithm	0.17	1.22
my	0.17	1.81
sections	0.17	1.21
metal	0.18	1.13
crafted	0.18	1.17
bows	0.18	1.19
apologies	0.18	2.25
modes	0.18	1.13
3	0.18	1.26
6	0.18	1.25
shears	0.18	1.20
supplies	0.18	1.29
strictly	0.18	1.44
c	0.18	1.30
missile	0.18	1.14
amplified	0.18	1.18
traveling	0.18	1.29
concerns	0.18	1.36
covered	0.18	1.26
degrees	0.18	1.16
ca	0.18	2.15
somehow	0.18	1.66
enchanted	0.18	1.18
recipes	0.18	1.15
meaning	0.18	1.84
ssd	0.18	1.08
bat	0.18	1.23
mins	0.18	1.52
ie	0.18	1.20
hoppers	0.18	1.21
description	0.18	1.31
below	0.18	1.26
grows	0.18	1.11
dispenser	0.18	1.25
party	0.18	1.14
magma	0.18	1.13
anvils	0.18	1.18
when	0.18	1.68
lay	0.18	1.35
16x16	0.18	1.09
adapt	0.18	1.59
torches	0.18	1.23
cart	0.18	1.27
slab	0.18	1.37
year	0.18	1.44
onto	0.18	1.41
tools	0.18	1.19
sooner	0.18	1.67
put	0.18	1.67
picks	0.18	1.19
dispensers	0.18	1.25
horses	0.18	1.22
among	0.18	1.20
were	0.18	1.97
difference	0.19	1.76
itt	0.19	1.25
sides	0.19	1.38
merchandise	0.19	0.95
cant	0.19	2.01
chroma	0.19	1.14
text	0.19	1.49
hoe	0.19	1.19
woman	0.19	1.36
grow	0.19	1.10
enchantments	0.19	1.16
tick	0.19	1.28
calculated	0.19	1.24
cactus	0.19	1.08
morning	0.19	1.53
karma	0.19	1.29
horizontal	0.19	1.34
mistake	0.19	2.37
tile	0.19	1.22
vertical	0.19	1.38
axe	0.19	1.20
cutting	0.19	1.21
american	0.19	1.46
42	0.19	1.21
heads	0.19	1.19
ways	0.19	1.41
dimension	0.19	1.25
egg	0.19	1.19
direwolf20	0.19	0.97
chop	0.19	1.29
west	0.19	1.38
zelda	0.19	1.03
plate	0.19	1.35
books	0.19	1.26
designed	0.19	1.42
ending	0.19	1.09
twice	0.19	1.52
facing	0.19	1.51
diamond	0.19	1.18
terraria	0.19	1.19
led	0.19	1.12
old	0.19	1.73
apples	0.19	1.16
explaining	0.19	1.69
provided	0.20	1.28
yesterday	0.20	1.56
conclusion	0.20	1.40
smelt	0.20	1.18
shot	0.20	1.38
png	0.20	1.21
bud	0.20	1.29
whose	0.20	1.04
filter	0.20	1.25
powered	0.20	1.28
skeleton	0.20	1.18
circlejerk	0.20	1.28
sex	0.20	1.23
rewards	0.20	1.19
string	0.20	1.20
yourself	0.20	1.92
get	0.20	2.08
daylight	0.20	1.25
superior	0.20	1.68
saturation	0.20	1.09
figure	0.20	2.17
plants	0.20	1.09
giants	0.20	1.25
focus	0.20	1.28
convert	0.20	1.30
thousand	0.20	1.27
minecart	0.20	1.22
field	0.20	1.21
growing	0.20	1.16
searched	0.20	1.51
dad	0.20	1.69
blazes	0.20	1.17
wide	0.20	1.13
afk	0.20	1.34
limiting	0.20	1.12
mcedit	0.20	1.31
ages	0.20	1.42
origin	0.20	1.36
magic	0.20	1.19
currency	0.20	1.28
advertising	0.20	1.49
items	0.21	1.30
students	0.21	1.21
avatar	0.21	0.85
res	0.21	1.10
pickaxe	0.21	1.19
solve	0.21	1.68
peak	0.21	1.21
roblox	0.21	1.39
bastard	0.21	1.26
demo	0.21	1.32
flair	0.21	1.16
exists	0.21	1.60
body	0.21	1.17
covering	0.21	1.24
vertically	0.21	1.28
underneath	0.21	1.36
activate	0.21	1.33
sidebar	0.21	1.41
spawns	0.21	1.18
wii	0.21	1.13
walk	0.21	1.56
lever	0.21	1.33
grade	0.21	1.24
virtual	0.21	1.14
exchange	0.21	1.27
worldborder	0.21	1.24
down	0.21	1.42
ingots	0.21	1.18
weather	0.21	1.13
away	0.21	1.57
detector	0.21	1.28
noticed	0.21	1.86
sitting	0.21	1.68
wait	0.21	1.85
easily	0.21	1.88
objectives	0.21	1.25
rise	0.21	1.16
listen	0.21	1.03
turns	0.21	1.25
googling	0.21	1.48
off	0.21	1.38
adjacent	0.21	1.32
chrome	0.21	1.26
uploaded	0.21	1.27
weapons	0.21	1.18
closing	0.21	1.33
saw	0.21	1.72
mechanism	0.22	1.32
expansion	0.22	1.21
stay	0.22	1.68
gimp	0.22	1.21
south	0.22	1.31
fighting	0.22	1.21
pig	0.22	1.15
powers	0.22	1.13
implementation	0.22	1.37
gfycat	0.22	1.16
schematic	0.22	1.29
understandable	0.22	1.40
45	0.22	1.19
min	0.22	1.26
rails	0.22	1.23
large	0.22	1.01
program	0.22	1.28
implemented	0.22	1.66
insert	0.22	0.98
entertainment	0.22	0.80
upwards	0.22	1.36
thin	0.22	1.18
symbol	0.22	1.30
shader	0.22	1.19
covers	0.22	1.33
need	0.22	2.24
tag	0.22	1.16
planes	0.22	1.18
properties	0.22	1.19
encourage	0.22	1.46
rendered	0.22	1.08
iron	0.22	1.16
legitimate	0.22	1.43
resolved	0.22	1.43
tinkers	0.22	1.24
winter	0.22	1.06
object	0.22	1.24
hiding	0.22	1.34
feel	0.22	1.68
wouldnt	0.22	1.74
cow	0.22	1.11
horse	0.22	1.14
axes	0.22	1.21
despawn	0.22	1.27
learn	0.22	1.58
go	0.22	2.00
discovered	0.22	1.51
coordinate	0.22	1.29
over	0.22	1.44
empty	0.22	1.25
pickaxes	0.22	1.19
massive	0.22	1.00
grab	0.23	1.40
summer	0.23	1.19
mushrooms	0.23	1.08
meter	0.23	1.16
cows	0.23	1.20
worldedit	0.23	1.30
sometime	0.23	1.49
location	0.23	1.45
can	0.23	2.11
able	0.23	2.02
bonemeal	0.23	1.13
count:1	0.23	1.15
sand	0.23	1.22
endermites	0.23	1.14
expect	0.23	2.06
baby	0.23	1.20
pistons	0.23	1.32
spirit	0.23	1.18
transition	0.23	1.16
lily	0.23	1.27
depending	0.23	1.45
netherrack	0.23	1.19
recruits	0.23	1.63
link	0.23	1.33
fix	0.23	1.64
further	0.23	1.74
above	0.23	1.30
reach	0.23	1.49
spider	0.23	1.17
poster	0.23	1.56
increase	0.23	1.02
night	0.23	1.36
spots	0.23	1.25
lands	0.23	1.39
special	0.23	1.26
imgur	0.23	1.21
stacked	0.23	1.19
straight	0.23	1.34
film	0.23	0.91
flowers	0.23	1.10
gun	0.23	1.16
spot	0.23	1.57
until	0.23	1.66
dog	0.23	1.23
technology	0.23	1.05
wont	0.23	1.80
transparency	0.23	1.15
remains	0.23	1.18
center	0.24	1.42
spawning	0.24	1.15
brewing	0.24	1.25
home	0.24	1.43
hundred	0.24	1.25
wolf	0.24	1.13
projects	0.24	1.41
feet	0.24	1.20
legos	0.24	1.64
french	0.24	1.61
chest	0.24	1.26
spiders	0.24	1.17
tbh	0.24	1.31
remain	0.24	1.35
activated	0.24	1.28
goals	0.24	1.22
east	0.24	1.31
raid	0.24	1.20
mixed	0.24	1.41
chicken	0.24	1.16
thaumcraft	0.24	1.22
bit	0.24	1.61
saplings	0.24	1.13
zombie	0.24	1.18
buildcraft	0.24	1.23
into	0.24	1.46
walked	0.24	1.45
instructions	0.24	1.28
droppers	0.24	1.24
sink	0.24	1.27
naturally	0.24	1.18
stack	0.24	1.22
torch	0.24	1.23
distances	0.24	1.15
position	0.25	1.25
food	0.25	1.17
result	0.25	1.19
thousands	0.25	1.34
grass	0.25	1.15
editor	0.25	1.28
creatures	0.25	1.21
english	0.25	2.22
auto	0.25	1.23
rain	0.25	1.14
trap	0.25	1.20
larger	0.25	1.13
features	0.25	1.42
nuggets	0.25	1.17
gap	0.25	1.27
snow	0.25	1.15
customname	0.25	1.16
attributes	0.25	1.15
creates	0.25	1.05
dropper	0.25	1.26
definition	0.25	1.58
arent	0.25	1.66
birch	0.25	1.15
fact	0.25	2.14
hopper	0.25	1.23
foot	0.25	1.26
levers	0.25	1.31
objects	0.25	1.19
infinitely	0.25	1.26
made	0.25	1.99
farther	0.25	1.35
furnaces	0.25	1.20
carpets	0.25	1.18
pigs	0.25	1.20
block	0.25	1.44
radius	0.25	1.27
prepare	0.25	1.22
countries	0.25	1.30
elder	0.25	1.09
rotate	0.25	1.26
sheep	0.25	1.18
visually	0.25	1.07
gameplay	0.25	1.11
coal	0.25	1.17
creators	0.25	1.23
experience	0.26	1.04
twilight	0.26	1.17
simply	0.26	2.04
mindcrackers	0.26	1.22
cheaper	0.26	1.15
rows	0.26	1.15
hopes	0.26	1.19
trees	0.26	1.14
cubes	0.26	1.09
outer	0.26	0.97
forbidden	0.26	1.57
joy	0.26	1.01
develop	0.26	1.30
coloured	0.26	1.16
furnace	0.26	1.20
set	0.26	1.24
earned	0.26	1.17
precious	0.26	1.22
rock	0.26	1.28
sticks	0.26	1.18
oak	0.26	1.16
space	0.26	1.21
spawned	0.26	1.24
option	0.26	1.30
bones	0.26	1.16
energy	0.26	1.14
line	0.26	1.31
meters	0.26	1.27
fuck	0.26	1.96
longer	0.26	1.47
bottle	0.26	1.18
plant	0.26	1.11
rotated	0.26	1.24
0.5	0.26	1.21
cross	0.26	1.32
dimensions	0.26	1.13
buried	0.26	1.27
post	0.26	1.51
angle	0.26	1.16
endermite	0.26	1.12
customization	0.26	1.11
stair	0.26	1.35
smooth	0.26	1.13
planks	0.26	1.15
overworld	0.26	1.21
ultra	0.26	1.16
noises	0.26	1.31
hype	0.26	1.16
sync	0.26	1.20
riding	0.26	1.18
pic	0.26	1.31
seed	0.26	1.29
train	0.26	1.16
creature	0.26	1.22
lava	0.26	1.22
possibly	0.26	1.66
portal	0.26	1.21
ticks	0.26	1.31
handles	0.27	1.15
generated	0.27	1.24
ride	0.27	1.18
wood	0.27	1.16
reported	0.27	1.44
lived	0.27	1.04
puzzle	0.27	1.09
teach	0.27	1.28
trigger	0.27	1.35
0	0.27	1.19
glowstone	0.27	1.19
cats	0.27	1.34
binary	0.27	1.22
crystals	0.27	1.12
pit	0.27	1.22
sensor	0.27	1.23
jobs	0.27	1.24
acacia	0.27	1.15
nowadays	0.27	1.17
cane	0.27	1.10
tall	0.27	1.10
tripwire	0.27	1.25
friend	0.27	1.47
upload	0.27	1.19
programming	0.27	1.30
flood	0.27	1.24
borders	0.27	1.23
tad	0.27	1.57
raw	0.27	1.15
issue	0.27	1.30
logs	0.27	1.15
ground	0.27	1.23
sticky	0.28	1.30
class	0.28	1.25
glow	0.28	1.09
smith	0.28	1.05
want	0.28	2.15
shorter	0.28	1.27
surely	0.28	1.45
lit	0.28	1.18
swap	0.28	1.33
hooked	0.28	1.22
branches	0.28	1.20
across	0.28	1.24
secondary	0.28	1.16
turned	0.28	1.30
sadly	0.28	1.86
becomes	0.28	1.26
taught	0.28	1.20
regular	0.28	1.17
podzol	0.28	1.16
cloud	0.28	1.13
table	0.28	1.25
adds	0.28	1.36
steps	0.28	1.32
ran	0.28	1.60
edges	0.28	1.19
reduce	0.28	0.99
sugarcane	0.28	1.08
processes	0.28	1.16
system	0.28	1.25
additionally	0.28	1.40
dirt	0.28	1.18
pressure	0.28	1.29
typically	0.28	1.25
north	0.28	1.37
level	0.28	1.10
once	0.28	1.73
waste	0.28	1.33
soft	0.28	1.22
manager	0.28	1.26
dust	0.28	1.19
tinker	0.29	1.24
nether	0.29	1.20
entity	0.29	1.24
commandblocks	0.29	1.34
recipe	0.29	1.14
functionality	0.29	1.28
soul	0.29	1.16
cook	0.29	1.14
circles	0.29	1.28
stacks	0.29	1.24
certain	0.29	1.41
fallen	0.29	1.14
following	0.29	1.48
longest	0.29	1.43
ladder	0.29	1.26
subscribe	0.29	1.16
boss	0.29	1.09
both	0.29	1.49
science	0.29	1.20
laid	0.29	1.33
delay	0.29	1.22
dummy	0.29	1.26
evil	0.29	1.30
panes	0.29	1.18
replace	0.29	1.22
designing	0.29	1.63
blur	0.29	1.17
physics	0.29	1.17
import	0.29	1.27
parts	0.29	1.29
supposedly	0.29	1.35
leading	0.29	1.31
border	0.29	1.21
toys	0.29	0.97
second	0.29	1.44
walking	0.29	1.46
dump	0.29	1.20
between	0.29	1.25
calculations	0.29	1.42
increases	0.29	1.04
tracks	0.29	1.17
worldpainter	0.29	1.27
swim	0.29	1.26
smoothly	0.29	1.47
tool	0.29	1.21
type	0.30	1.37
songs	0.30	0.87
they	0.30	2.17
please	0.30	1.50
waited	0.30	1.38
crafting	0.30	1.18
fails	0.30	1.11
gold	0.30	1.15
related	0.30	1.38
show	0.30	1.72
vein	0.30	1.14
teacher	0.30	1.31
hop	0.30	1.45
animated	0.30	1.00
screenshot	0.30	1.41
doom	0.30	0.97
colored	0.30	1.15
sponge	0.30	1.17
travel	0.30	1.31
skulls	0.30	1.18
known	0.30	1.49
reasons	0.30	1.48
hopefully	0.30	1.64
archimedes	0.30	1.28
hermitcraft	0.30	1.15
donkey	0.30	1.11
perhaps	0.30	1.44
mega	0.30	1.17
balls	0.30	1.17
dry	0.30	1.15
bird	0.30	1.16
factory	0.30	1.13
us	0.30	1.65
custom	0.30	1.17
sub	0.30	1.40
road	0.30	1.46
references	0.30	1.03
hear	0.30	1.22
export	0.30	1.27
hundreds	0.30	1.35
stick	0.30	1.27
etho	0.30	1.04
vines	0.30	1.18
plane	0.30	1.12
achievement	0.30	1.25
mossy	0.30	1.15
happened	0.31	1.91
image	0.31	1.23
centered	0.31	1.23
spam	0.31	1.70
axis	0.31	1.26
light	0.31	1.09
lamp	0.31	1.19
stones	0.31	1.18
focused	0.31	1.00
becoming	0.31	1.29
lamps	0.31	1.18
song	0.31	1.05
model	0.31	1.12
customizable	0.31	1.22
gone	0.31	1.56
wire	0.31	1.23
played	0.31	1.50
era	0.31	1.09
fourth	0.31	1.41
showing	0.31	1.44
amidst	0.31	1.25
hanging	0.31	1.19
raised	0.31	1.09
stone	0.31	1.15
minute	0.31	1.34
thermal	0.31	1.21
eight	0.31	1.27
dark	0.31	1.11
couldnt	0.31	1.65
obsidian	0.31	1.16
portals	0.31	1.24
variant	0.31	1.15
such	0.31	1.24
only	0.31	1.92
pixels	0.31	1.08
race	0.31	1.19
deeper	0.32	1.30
water	0.32	1.14
boom	0.32	1.24
motion	0.32	1.21
something	0.32	2.22
visible	0.32	1.25
animals	0.32	1.25
corners	0.32	1.21
feeding	0.32	1.18
images	0.32	1.17
separate	0.32	1.34
arena	0.32	0.95
square	0.32	1.17
universal	0.32	1.18
characters	0.32	1.19
within	0.32	1.34
sphere	0.32	1.10
automatic	0.32	1.18
1x1	0.32	1.22
base	0.32	1.15
part	0.32	1.61
variants	0.32	1.16
blaze	0.32	1.14
r/minecraft	0.32	1.47
sandstone	0.32	1.16
signal	0.32	1.22
spawner	0.32	1.20
research	0.32	1.36
quicker	0.32	1.19
extra	0.32	1.40
week	0.32	1.43
nights	0.32	1.32
construct	0.32	1.23
shore	0.32	1.27
youtube	0.32	0.97
carpet	0.32	1.25
gallery	0.32	1.31
score	0.32	1.23
additional	0.32	1.31
coordinates	0.32	1.28
comparator	0.32	1.21
swamps	0.32	1.12
steak	0.32	1.13
learning	0.32	1.32
including	0.32	1.39
ten	0.32	1.27
sorting	0.32	1.21
aww	0.33	1.91
gravel	0.33	1.17
tree	0.33	1.14
unloaded	0.33	1.29
tops	0.33	1.30
brain	0.33	1.18
annoying	0.33	1.25
complete	0.33	1.07
single	0.33	1.44
solid	0.33	1.19
enchanting	0.33	1.14
ravine	0.33	1.31
taiga	0.33	1.14
fills	0.33	1.20
day	0.33	1.47
roofed	0.33	1.14
golem	0.33	1.15
before	0.33	1.67
exp	0.33	1.14
future	0.33	1.55
chiseled	0.33	1.15
videos	0.33	1.06
tamed	0.33	1.16
later	0.33	1.48
nearest	0.33	1.21
picture	0.33	1.39
submission	0.33	1.43
info	0.33	1.28
objective	0.33	1.24
seven	0.34	1.27
slightly	0.34	1.36
physical	0.34	1.13
offset	0.34	1.15
edge	0.34	1.27
take	0.34	1.86
farms	0.34	1.19
bottles	0.34	1.07
subreddit	0.34	1.47
attached	0.34	1.21
require	0.34	1.28
bricks	0.34	1.14
disk	0.34	1.09
player	0.34	1.22
technical	0.34	0.99
six	0.34	1.29
summon	0.34	1.19
blocks	0.34	1.29
equipment	0.34	1.11
banner	0.34	1.22
breeding	0.34	1.13
modeling	0.34	1.25
wind	0.34	1.10
seconds	0.34	1.38
amounts	0.34	1.12
considered	0.34	1.48
docm77	0.34	1.08
lights	0.34	1.12
weeks	0.34	1.35
speeds	0.34	1.14
beneath	0.34	1.23
station	0.34	1.19
hunting	0.34	1.25
now	0.34	2.23
nine	0.34	1.27
gif	0.35	1.08
remake	0.35	1.12
years	0.35	1.32
2-3	0.35	1.33
discover	0.35	1.53
layers	0.35	1.17
spruce	0.35	1.13
plank	0.35	1.14
last	0.35	1.44
spending	0.35	1.30
visual	0.35	1.20
human	0.35	1.12
adventure	0.35	1.09
lines	0.35	1.22
transparent	0.35	1.18
soon	0.35	1.61
taller	0.35	1.20
interaction	0.35	0.96
hour	0.35	1.37
andesite	0.35	1.14
gigantic	0.35	0.89
begins	0.35	1.12
applications	0.35	1.18
path	0.35	1.27
teaching	0.35	1.23
bone	0.35	1.14
subreddits	0.35	1.41
album	0.35	1.27
out	0.35	1.82
incentive	0.35	1.22
repeater	0.35	1.22
wo	0.35	2.00
plains	0.35	1.12
3x3	0.35	1.16
uhc	0.35	1.01
explored	0.35	1.34
math	0.35	1.31
piston	0.35	1.28
air	0.36	1.22
which	0.36	2.06
cobblestone	0.36	1.13
central	0.36	1.16
theoretically	0.36	1.39
cobble	0.36	1.13
bushes	0.36	1.16
renewable	0.36	1.16
forms	0.36	1.07
then	0.36	1.91
needed	0.36	1.73
biomes	0.36	1.12
biome	0.36	1.13
jungle	0.36	1.14
seeds	0.36	1.10
warning/guideline	0.36	1.54
possibility	0.36	1.22
spent	0.36	1.33
pumpkins	0.36	1.12
minutes	0.36	1.33
check	0.36	1.41
five	0.36	1.29
generate	0.36	1.20
barrier	0.36	1.23
obtainable	0.36	1.21
abilities	0.36	1.08
meat	0.36	1.09
3-4	0.36	1.34
them	0.36	1.96
bats	0.37	1.13
compass	0.37	1.28
popular	0.37	1.03
pipes	0.37	1.15
serve	0.37	1.36
means	0.37	2.03
bedrock	0.37	1.18
mostly	0.37	1.28
approve	0.37	1.35
used	0.37	1.51
mesa	0.37	1.14
craft	0.37	1.11
happen	0.37	2.09
lego	0.37	0.90
stood	0.37	1.40
slime	0.37	1.25
googled	0.37	1.55
smelting	0.37	1.16
student	0.37	1.13
lighter	0.37	1.11
swamp	0.37	1.17
board	0.37	1.25
boxes	0.37	1.01
quartz	0.37	1.14
offers	0.37	1.07
flying	0.37	1.17
silver	0.37	1.02
four	0.38	1.27
street	0.38	1.04
bed	0.38	1.23
sets	0.38	1.01
99	0.38	0.86
seasons	0.38	1.01
shelter	0.38	1.20
personal	0.38	1.12
chests	0.38	1.18
spawn	0.38	1.27
ore	0.38	1.15
weekend	0.38	1.25
powerful	0.38	0.97
existed	0.38	1.65
scenes	0.38	1.02
manage	0.38	1.41
plates	0.38	1.22
hours	0.38	1.37
survive	0.38	1.25
1	0.38	1.22
oops	0.38	2.20
mapping	0.38	1.08
days	0.38	1.34
took	0.38	1.48
alternatively	0.38	1.38
xp	0.38	1.13
far	0.38	1.55
bump	0.38	1.06
fallingsand	0.38	1.19
scoreboard	0.38	1.23
implement	0.38	1.66
depends	0.38	1.41
beacon	0.39	1.12
f2	0.39	1.37
vids	0.39	0.88
pulse	0.39	1.21
complaint	0.39	1.37
video	0.39	0.88
surviving	0.39	1.20
collect	0.39	1.27
government	0.39	1.22
trapdoors	0.39	1.19
slabs	0.39	1.16
rotation	0.39	1.21
doable	0.39	1.23
dl	0.39	1.28
tellraw	0.39	1.31
squares	0.39	1.12
skull	0.39	1.17
parkour	0.39	1.08
everything	0.39	2.00
every	0.39	1.50
chunky	0.39	1.19
polished	0.39	1.14
coarse	0.39	1.14
dug	0.39	1.20
grinder	0.39	1.14
rail	0.39	1.20
harvest	0.39	1.08
harvesting	0.39	1.09
components	0.39	1.18
doors	0.39	1.17
models	0.39	1.06
learned	0.39	1.47
ruins	0.39	1.16
wooden	0.39	1.16
cape	0.39	1.00
area	0.39	1.20
pillar	0.39	1.26
builders	0.39	1.26
one	0.39	1.92
today	0.39	1.62
sponges	0.40	1.11
granite	0.40	1.13
months	0.40	1.32
three	0.40	1.27
carefully	0.40	1.19
eat	0.40	1.11
mushroom	0.40	1.09
times	0.40	1.34
gate	0.40	1.20
wheel	0.40	1.27
surrounded	0.40	1.24
tour	0.40	1.17
achieved	0.40	1.32
animal	0.40	1.13
couple	0.40	1.32
extreme	0.40	1.12
forest	0.40	1.11
find	0.40	1.91
positions	0.40	1.19
form	0.40	1.16
diorite	0.40	1.12
promotes	0.40	1.41
ladders	0.40	1.19
slimeblocks	0.40	1.20
2x2	0.40	1.15
involving	0.40	1.07
melon	0.40	1.07
gt	0.40	1.27
blank	0.40	1.13
vote	0.40	1.40
benefit	0.40	1.30
r/mcservers	0.40	1.39
yt	0.41	0.92
particle	0.41	1.17
think	0.41	2.14
locations	0.41	1.27
forests	0.41	1.11
cleared	0.41	1.18
grind	0.41	1.24
spare	0.41	1.19
ass	0.41	1.26
calculator	0.41	1.14
containing	0.41	1.26
savannah	0.41	1.11
hardened	0.41	1.11
raining	0.41	1.13
lanterns	0.41	1.14
toy	0.41	1.46
stress	0.41	1.05
door	0.41	1.22
filters	0.41	1.23
prismarine	0.41	1.10
crop	0.41	1.09
tunnel	0.41	1.18
gotten	0.41	1.54
eg	0.41	1.18
filling	0.41	1.21
jungles	0.41	1.18
odds	0.41	1.06
pop	0.41	1.32
aspects	0.41	1.05
progress	0.41	1.37
r/admincraft	0.41	1.48
hide	0.41	1.22
outline	0.41	1.33
pen	0.42	1.11
bright	0.42	1.04
brown	0.42	1.06
penis	0.42	1.07
holes	0.42	1.12
dreams	0.42	0.92
logical	0.42	1.14
completely	0.42	1.55
profitable	0.42	1.02
or	0.42	1.77
h	0.42	1.23
bosses	0.42	1.09
tv	0.42	0.88
first	0.42	1.67
purely	0.42	1.16
appear	0.42	1.45
beds	0.42	1.18
point	0.42	1.81
obtain	0.42	1.36
reward	0.42	1.11
aspect	0.42	1.10
proof	0.42	1.55
interface	0.42	1.14
reliable	0.42	1.11
jack	0.42	1.16
repeaters	0.42	1.18
strip	0.42	1.18
witch	0.42	1.14
near	0.42	1.46
smaller	0.42	1.18
pink	0.42	1.08
maps	0.43	1.01
chance	0.43	1.06
melons	0.43	1.03
crops	0.43	1.10
ago	0.43	1.33
areas	0.43	1.14
skills	0.43	0.93
coords	0.43	1.24
caves	0.43	1.18
looking	0.43	2.03
diamonds	0.43	1.14
invest	0.43	1.21
staring	0.43	1.46
balanced	0.43	1.04
shaft	0.43	1.19
transport	0.43	1.18
here	0.43	1.51
voxel	0.43	1.11
ores	0.43	1.18
try	0.43	1.69
neither	0.43	1.58
cocoa	0.43	0.99
mined	0.43	1.14
smallest	0.43	1.15
pass	0.43	1.24
simpler	0.43	1.18
r/feedthebeast	0.43	1.37
breed	0.43	1.20
monument	0.43	1.09
basics	0.43	1.31
come	0.43	1.93
exact	0.43	1.74
carrots	0.43	1.08
cliff	0.43	1.25
runescape	0.43	0.96
dozen	0.44	1.33
artists	0.44	1.26
unlock	0.44	1.08
negative	0.44	1.22
guardian	0.44	1.07
alternative	0.44	1.27
cauldrons	0.44	1.17
each	0.44	1.36
thought	0.44	1.98
reason	0.44	1.80
clay	0.44	1.10
surface	0.44	1.18
advanced	0.44	1.14
1:1	0.44	1.11
storage	0.44	1.14
wheat	0.44	1.07
emerald	0.44	1.08
dig	0.44	1.17
finish	0.44	1.49
hidden	0.44	1.21
cooked	0.44	1.07
accent	0.44	1.21
rabbits	0.44	1.15
darker	0.44	1.10
sweden	0.44	1.19
tricks	0.44	1.13
back	0.44	1.46
wild	0.44	1.26
clock	0.44	1.19
wip	0.44	1.37
ring	0.45	1.05
farm	0.45	1.13
f	0.45	1.31
feature	0.45	1.47
wool	0.45	1.09
obvious	0.45	1.18
warning	0.45	1.09
digging	0.45	1.17
automated	0.45	1.13
meme	0.45	1.20
circuit	0.45	1.18
selector	0.45	1.28
dye	0.45	1.08
welp	0.45	1.75
birds	0.45	1.10
mindcrack	0.45	1.07
shiny	0.45	1.06
w	0.45	1.31
those	0.45	1.40
course	0.45	2.07
material	0.46	1.24
trip	0.46	1.27
past	0.46	1.37
awhile	0.46	1.51
environment	0.46	0.98
red	0.46	1.08
any	0.46	1.93
bunch	0.46	1.33
fences	0.46	1.14
climb	0.46	1.20
mine	0.46	1.15
combat	0.46	1.10
ships	0.46	1.09
sandbox	0.46	1.00
tunnels	0.46	1.14
white	0.46	1.14
locked	0.46	1.12
stained	0.46	1.09
bring	0.46	1.44
throughout	0.46	1.10
somewhat	0.46	1.44
guardians	0.46	1.07
systems	0.46	1.12
practically	0.46	1.15
waterfall	0.46	1.22
hills	0.46	1.10
horror	0.46	1.21
game	0.46	1.32
college	0.46	1.09
realism	0.46	1.00
few	0.47	1.32
comparators	0.47	1.16
solved	0.47	1.27
t	0.47	1.25
trench	0.47	1.06
redstone	0.47	1.17
two	0.47	1.29
potatoes	0.47	1.05
history	0.47	1.18
pool	0.47	1.10
swimming	0.47	1.14
generally	0.47	1.16
commands	0.47	1.27
farming	0.47	1.13
deserts	0.47	1.10
rp	0.47	0.84
r/minecraftsuggestions	0.47	1.43
expanded	0.47	1.13
branch	0.48	1.15
test	0.48	1.34
cave	0.48	1.20
lp	0.48	0.85
spawners	0.48	1.16
response	0.48	1.34
rabbit	0.48	1.07
unrelated	0.48	1.41
columns	0.48	1.14
beef	0.48	0.98
filled	0.48	1.17
highest	0.48	1.58
even	0.48	2.05
brick	0.48	1.10
cannons	0.48	1.11
found	0.48	1.51
asap	0.48	1.35
desert	0.48	1.16
stairs	0.48	1.12
folks	0.48	1.20
mechanics	0.48	1.13
similarly	0.48	0.96
make	0.48	1.90
will	0.48	1.85
figures	0.48	1.03
g	0.48	1.26
banners	0.48	1.11
upvote	0.48	1.20
mo	0.49	1.16
forgotten	0.49	1.66
hmmm	0.49	1.19
deep	0.49	1.16
honestly	0.49	1.72
fitting	0.49	1.29
loads	0.49	1.29
amount	0.49	1.10
fence	0.49	1.13
screenshots	0.49	1.33
watch	0.49	0.85
types	0.49	1.20
dungeon	0.49	1.28
flow	0.49	1.07
either	0.49	2.06
cars	0.49	1.02
oceans	0.49	1.12
several	0.49	1.31
z	0.49	1.21
lakes	0.49	1.15
staircase	0.50	1.15
real	0.50	1.83
extension	0.50	1.27
iphone	0.50	0.95
encountered	0.50	1.54
reasonably	0.50	1.16
ocean	0.50	1.14
vid	0.50	0.88
experiences	0.50	1.04
er	0.50	1.13
im	0.50	1.77
killer	0.50	1.15
ninja	0.50	1.85
hole	0.50	1.16
worth	0.50	1.25
individual	0.50	1.30
ones	0.50	1.51
drawn	0.50	1.04
cream	0.50	0.99
blender	0.50	1.08
potato	0.50	1.09
based	0.50	1.72
breath	0.50	1.31
clone	0.50	1.22
tried	0.50	1.57
summoning	0.50	1.17
task	0.50	1.20
tp	0.51	1.18
secret	0.51	1.18
trivial	0.51	1.17
dunno	0.51	1.43
black	0.51	1.07
takes	0.51	1.38
makes	0.51	1.42
huts	0.51	1.15
specific	0.51	1.33
ol	0.51	1.02
multiple	0.51	1.36
escape	0.51	1.30
carrot	0.51	1.06
sake	0.51	1.26
nearby	0.51	1.22
bringing	0.51	1.21
no	0.51	2.04
lapis	0.51	1.11
little	0.51	1.44
spend	0.51	1.23
spoiler	0.51	1.11
greater	0.51	1.00
worthy	0.51	0.98
quest	0.51	0.94
ton	0.52	1.33
recreate	0.52	1.32
glass	0.52	1.08
blue	0.52	1.06
school	0.52	1.08
print	0.52	1.31
looked	0.52	1.49
dozens	0.52	1.33
digital	0.52	1.12
orange	0.52	1.06
moon	0.52	0.98
sugar	0.52	0.95
cauldron	0.52	1.16
tested	0.52	1.70
beam	0.52	1.08
yellow	0.52	1.07
green	0.52	1.05
veins	0.52	1.12
amp	0.52	1.21
opinions	0.52	1.27
tables	0.52	1.14
rather	0.52	1.43
ceiling	0.52	1.06
friendly	0.52	1.16
se	0.52	1.14
stronghold	0.52	1.29
paintings	0.52	1.12
circle	0.52	1.25
unlikely	0.52	1.39
exposed	0.53	1.21
collecting	0.53	1.16
mineshaft	0.53	1.28
tonight	0.53	1.59
loot	0.53	1.17
fake	0.53	1.15
x	0.53	1.20
same	0.53	1.93
ghost	0.53	1.11
noted	0.53	1.43
grinding	0.53	1.12
purposes	0.53	1.13
strongholds	0.53	1.28
wan	0.53	1.68
configuration	0.53	1.14
underground	0.53	1.10
mineshafts	0.53	1.27
gates	0.53	1.16
yours	0.53	1.41
actual	0.53	1.53
realistically	0.53	1.49
damnit	0.53	0.99
islands	0.54	1.06
r	0.54	1.25
cell	0.54	1.07
havent	0.54	1.56
shapes	0.54	1.08
again	0.54	1.80
count	0.54	1.51
properly	0.54	1.65
shape	0.54	1.05
maze	0.54	1.09
pointing	0.54	2.02
season	0.54	0.85
various	0.54	1.35
detect	0.54	1.21
club	0.54	1.02
japanese	0.54	1.36
differently	0.54	1.35
lake	0.54	1.16
command	0.54	1.21
blend	0.54	1.12
purple	0.54	1.05
medium	0.54	0.86
rebuild	0.55	1.38
never	0.55	1.72
improvement	0.55	1.19
logic	0.55	1.14
positive	0.55	1.17
technically	0.55	1.94
rotten	0.55	1.05
others	0.55	1.54
as	0.55	1.96
solutions	0.55	1.29
screens	0.55	1.05
dungeons	0.55	1.20
kingdom	0.55	1.04
farmland	0.55	1.16
fastest	0.55	1.59
itself	0.55	1.42
brothers	0.55	1.06
christmas	0.55	1.24
already	0.55	1.82
finished	0.55	1.44
explore	0.55	1.30
doctor	0.55	1.07
smile	0.55	1.00
outside	0.55	1.16
episodes	0.55	0.87
skin	0.55	1.06
lesson	0.56	1.21
traps	0.56	1.09
stories	0.56	1.08
consistent	0.56	1.08
tons	0.56	1.32
land	0.56	1.11
unfinished	0.56	1.14
circular	0.56	1.01
shops	0.56	0.92
quickly	0.57	1.33
spread	0.57	1.11
setblock	0.57	1.19
machines	0.57	1.05
lots	0.57	1.34
island	0.57	1.10
create	0.57	1.29
villagers	0.57	1.18
had	0.57	1.65
testfor	0.57	1.22
river	0.57	1.12
grid	0.57	1.18
other	0.57	1.46
ambient	0.57	1.12
ta	0.57	1.18
precisely	0.57	1.44
caving	0.57	1.15
mines	0.57	1.12
apart	0.57	1.01
lt	0.57	1.16
gray	0.57	1.04
handful	0.57	1.34
guns	0.57	1.02
enjoyment	0.57	0.89
underwater	0.58	1.09
combinations	0.58	1.24
sp	0.58	1.16
color	0.58	1.07
parody	0.58	0.92
nicer	0.58	1.20
mining	0.58	1.11
finding	0.58	1.52
execute	0.58	1.21
clear	0.58	1.47
intensive	0.58	1.04
fill	0.58	1.20
secondly	0.58	1.27
better	0.58	1.54
car	0.58	1.04
inventories	0.58	1.11
flesh	0.59	1.04
all	0.59	1.83
terribly	0.59	1.38
balance	0.59	0.87
snap	0.59	1.35
monuments	0.59	1.11
library	0.59	1.09
temples	0.59	1.17
clones	0.59	1.21
abandoned	0.59	1.19
pumpkin	0.60	0.98
time	0.60	1.45
expand	0.60	1.13
beach	0.60	1.23
hollow	0.60	0.99
eachother	0.60	1.17
reply	0.60	1.64
perform	0.60	1.12
y	0.60	1.17
e	0.60	1.19
unfortunately	0.60	1.87
sorta	0.60	1.31
forgive	0.60	1.06
probably	0.60	1.95
experiment	0.60	1.22
quests	0.61	1.05
these	0.61	1.41
cyan	0.61	1.04
relevant	0.61	1.28
eating	0.61	1.01
entirely	0.61	1.50
statues	0.61	0.97
entitydata	0.61	1.15
horribly	0.61	1.20
stew	0.61	0.94
tutorial	0.61	1.10
cure	0.61	1.11
clocks	0.61	1.11
plenty	0.61	1.36
peta	0.62	1.23
been	0.62	1.50
rocks	0.62	1.07
rainbow	0.62	1.15
chair	0.62	1.24
whoops	0.62	2.01
ve	0.62	1.58
bomb	0.62	1.06
materials	0.62	1.16
replacement	0.62	1.18
knowledge	0.62	1.02
temple	0.62	1.09
viable	0.62	1.23
desire	0.62	1.16
entrance	0.62	1.10
rarer	0.62	1.18
sun	0.63	1.06
preferably	0.63	0.97
overly	0.63	1.16
herobrine	0.63	1.08
colors	0.63	1.05
however	0.63	1.94
draw	0.63	0.93
closest	0.63	1.64
foundry	0.63	1.00
mario	0.63	0.92
unbelievable	0.64	1.10
emeralds	0.64	1.05
pokemon	0.64	0.84
otherwise	0.64	1.79
pattern	0.64	1.04
could	0.64	1.85
doc	0.64	0.92
spreading	0.64	1.17
enjoying	0.65	1.22
tomorrow	0.65	1.46
albeit	0.65	1.28
process	0.65	1.12
fortresses	0.65	1.09
room	0.65	1.06
kitchen	0.65	1.11
father	0.65	1.54
less	0.65	1.26
paint	0.65	1.01
exploring	0.65	1.21
offer	0.65	1.11
expensive	0.65	1.01
park	0.65	0.97
many	0.66	1.34
climbing	0.66	1.06
add	0.66	1.42
irl	0.66	1.24
grey	0.66	1.02
tedious	0.66	1.11
our	0.66	1.11
analogy	0.66	1.35
badly	0.66	1.06
theres	0.66	1.14
inefficient	0.66	1.05
lot	0.66	1.42
floating	0.66	0.93
success	0.66	0.94
movies	0.67	0.77
review	0.67	0.96
shots	0.67	1.22
different	0.67	1.27
character	0.67	0.97
elevators	0.67	1.05
colour	0.67	1.02
self.post	0.67	1.48
should	0.67	1.88
rough	0.67	1.22
cookies	0.67	0.93
correction	0.68	1.91
minus	0.68	0.97
colours	0.68	1.00
rod	0.68	1.06
sethbling	0.68	0.95
may	0.68	1.86
terrain	0.68	1.03
answers	0.68	1.39
cat	0.69	1.03
shell	0.69	1.01
fields	0.69	1.16
long	0.69	1.49
fishing	0.69	1.05
principle	0.69	1.26
so	0.69	1.92
purpose	0.69	1.35
still	0.69	1.91
partially	0.69	1.20
bookshelves	0.69	1.08
classic	0.69	1.11
least	0.69	1.55
tutorials	0.70	0.90
massively	0.70	1.01
legitimately	0.70	1.35
vechs	0.71	0.87
plus	0.71	1.24
pics	0.71	1.19
methods	0.71	1.14
tasks	0.71	1.11
seems	0.71	1.40
wiring	0.71	1.06
defense	0.71	1.11
advance	0.71	1.27
proper	0.71	1.62
another	0.71	1.65
surprising	0.71	1.24
elements	0.72	1.02
things	0.72	1.71
gathering	0.72	1.11
became	0.72	1.20
mechanic	0.72	1.09
motivation	0.72	1.02
example	0.73	1.29
drive	0.73	1.04
particularly	0.73	1.03
thing	0.73	1.56
there	0.73	1.76
pillars	0.73	1.02
necessary	0.73	1.34
bread	0.73	0.96
maybe	0.73	1.73
aesthetics	0.74	0.85
brings	0.74	1.06
figured	0.74	1.60
ears	0.74	1.01
challenge	0.74	1.05
rare	0.74	1.12
wall	0.74	1.07
mumbo	0.74	0.97
heck	0.74	1.41
hut	0.74	1.08
valley	0.74	1.02
possible	0.74	1.65
keralis	0.74	0.86
girls	0.75	1.00
almost	0.75	1.62
birthday	0.75	1.55
r/mindcrack	0.75	1.11
also	0.75	1.82
fortress	0.76	1.01
become	0.76	1.21
cube	0.76	1.02
combination	0.76	1.08
variations	0.76	1.26
more	0.76	1.34
n	0.76	1.12
an	0.76	1.09
episode	0.76	0.72
feasible	0.76	1.44
yet	0.77	1.66
turtle	0.77	0.90
circuits	0.77	1.07
r/minecraftbuddies	0.77	1.35
zisteau	0.77	0.91
resources	0.77	1.10
inside	0.78	1.08
depth	0.78	1.02
adventures	0.78	0.75
dome	0.78	0.96
photoshop	0.78	1.01
battle	0.79	0.94
boot	0.79	0.93
highly	0.79	1.17
spooky	0.79	1.12
fairly	0.79	1.24
gather	0.79	1.14
rpg	0.79	0.92
kinds	0.79	1.20
way	0.80	1.66
bridges	0.80	1.00
method	0.80	1.12
pie	0.80	0.91
shadows	0.80	0.90
express	0.80	0.75
seem	0.81	1.49
pictures	0.81	1.15
degree	0.81	0.95
zipkrowd	0.81	0.95
compared	0.81	1.04
le	0.81	1.09
sorted	0.81	1.18
countless	0.82	1.22
animations	0.82	0.90
hobby	0.82	1.09
taken	0.82	1.31
sorts	0.82	1.20
painter	0.82	1.02
quick	0.82	1.23
2d	0.82	0.92
angles	0.83	0.97
bacon	0.83	1.03
fast	0.83	0.98
hill	0.83	1.03
decorative	0.84	1.04
some	0.84	1.41
gods	0.84	0.99
o	0.84	1.12
information	0.84	1.17
hard	0.84	1.25
barriers	0.84	1.00
basic	0.84	1.09
strategy	0.84	0.96
variety	0.85	1.15
treasure	0.85	1.04
pyramid	0.85	0.94
elsewhere	0.85	1.18
villages	0.85	1.02
mix	0.85	1.01
absurd	0.85	0.91
giant	0.86	0.85
paths	0.86	1.02
sigh	0.86	1.16
guaranteed	0.86	1.41
meh	0.86	0.75
elevator	0.86	1.03
variation	0.86	1.10
nevermind	0.86	1.75
ship	0.86	0.94
farlands	0.86	1.06
canada	0.86	1.05
mr	0.87	1.05
incorporate	0.87	1.28
butt	0.87	1.07
usable	0.87	1.00
dwarf	0.87	0.89
improve	0.87	0.89
de	0.88	1.09
consuming	0.88	1.08
ll	0.88	1.59
engineering	0.88	0.98
didnt	0.88	1.74
brought	0.88	0.98
importantly	0.88	1.03
setup	0.88	1.00
heres	0.88	1.09
counting	0.89	1.04
combo	0.89	1.06
concepts	0.89	1.09
laughed	0.89	1.11
fish	0.89	0.99
considering	0.89	1.20
doubt	0.89	1.36
required	0.89	1.00
too	0.89	1.30
examples	0.89	1.08
rewarding	0.89	1.10
tear	0.89	0.95
potential	0.89	0.90
surrounding	0.90	1.03
eyes	0.90	0.93
incredibly	0.90	1.20
remotely	0.90	1.24
3d	0.90	0.92
primary	0.90	1.01
bet	0.90	1.43
scheme	0.90	0.94
much	0.91	1.36
elaborate	0.91	1.14
likely	0.91	1.38
derp	0.91	1.72
wizard	0.91	1.20
ever	0.91	1.50
legit	0.91	1.08
souls	0.92	0.97
ideal	0.92	1.03
exploration	0.92	0.88
shading	0.92	0.92
kind	0.92	1.28
activity	0.93	0.90
u/dinnerbone	0.93	1.12
drives	0.93	0.88
font	0.93	1.22
photo	0.93	0.99
redditor	0.93	1.01
extremely	0.93	1.19
thoughts	0.94	1.25
sky	0.94	1.04
holding	0.94	1.24
trash	0.94	1.01
plz	0.94	1.07
hail	0.94	1.02
facepalm	0.94	1.46
seen	0.95	1.38
cancer	0.95	0.91
movie	0.95	0.88
forgot	0.95	1.71
fountain	0.95	0.88
aswell	0.95	1.05
challenges	0.95	0.94
smart	0.95	1.18
enough	0.96	1.44
valuable	0.96	1.01
theory	0.96	1.12
background	0.96	0.91
rivers	0.96	0.94
basement	0.96	0.95
meanwhile	0.96	0.88
fair	0.96	1.20
requires	0.96	0.94
isnt	0.97	1.25
deliver	0.97	1.04
approach	0.97	1.09
problem	0.97	1.52
mountains	0.97	0.90
oddly	0.97	1.17
respect	0.97	0.85
touching	0.98	1.32
easy	0.98	1.06
nearly	0.98	1.21
seth	0.98	0.87
laugh	0.98	1.01
together	0.98	1.15
quarry	0.98	0.94
guides	0.98	1.03
pls	0.98	1.06
grand	0.98	0.83
pure	0.99	0.88
hm	0.99	1.47
tiny	0.99	0.86
woo	0.99	1.06
explains	0.99	1.14
layout	0.99	1.00
might	0.99	1.62
most	1.00	1.10
help	1.01	1.44
cuz	1.01	1.13
ect	1.01	0.92
pile	1.01	0.95
must	1.01	1.54
guess	1.02	1.67
beyond	1.02	1.00
techniques	1.02	1.01
frustrating	1.02	1.06
mystery	1.02	0.91
certainly	1.02	1.54
umm	1.02	1.21
trades	1.03	0.96
village	1.03	0.91
touched	1.03	0.83
timing	1.03	0.97
provides	1.03	0.90
imo	1.03	1.21
trading	1.04	0.95
relatively	1.04	1.07
scary	1.04	1.07
building	1.04	1.28
villager	1.04	0.95
blacksmith	1.04	0.83
perfectly	1.04	1.34
tame	1.04	0.91
works	1.05	1.48
captain	1.05	0.94
guide	1.05	1.02
reminds	1.05	0.74
idk	1.05	1.07
quite	1.05	1.17
da	1.05	0.98
themed	1.05	0.71
clean	1.05	0.93
scale	1.05	0.87
sea	1.06	0.96
sense	1.06	1.45
bases	1.06	0.90
tagged	1.06	0.94
precise	1.06	0.93
chill	1.07	0.88
farmer	1.07	0.93
shared	1.07	0.88
construction	1.07	0.87
eh	1.07	1.25
structures	1.08	0.95
fucking	1.08	1.51
trade	1.08	0.93
mountain	1.08	0.91
statue	1.09	0.85
work	1.09	1.56
miss	1.09	0.74
pixel	1.09	0.81
bland	1.09	1.00
contraption	1.10	0.94
alot	1.10	1.11
oracle	1.10	0.87
always	1.10	1.46
bridge	1.10	0.83
glad	1.10	1.39
ancient	1.11	0.92
entertaining	1.11	0.73
walls	1.11	0.87
placement	1.11	0.90
theme	1.11	0.75
efficient	1.11	0.88
king	1.12	0.93
blocky	1.12	0.85
banana	1.12	0.97
loving	1.12	1.18
ridiculously	1.12	1.04
industrial	1.13	0.86
greatly	1.13	0.84
cookie	1.13	0.86
watched	1.13	0.80
technique	1.13	0.88
garden	1.13	0.80
helping	1.13	1.25
equally	1.13	1.03
insane	1.14	1.25
harry	1.14	0.67
regardless	1.14	1.14
p.s	1.14	1.10
trailer	1.14	0.70
relationship	1.15	0.76
dangerous	1.15	0.89
answer	1.15	1.29
built	1.15	0.88
yo	1.15	0.95
organized	1.15	0.91
someday	1.15	1.03
fit	1.16	1.28
creations	1.16	0.89
suppose	1.16	1.34
starter	1.17	0.86
u	1.17	1.13
hug	1.17	0.97
actually	1.17	1.50
praise	1.17	0.92
possibilities	1.17	0.91
animation	1.18	0.73
input	1.18	1.01
paper	1.18	0.86
contrast	1.18	0.83
patterns	1.18	0.87
charm	1.18	1.08
worked	1.19	1.34
turtles	1.19	0.89
anyway	1.19	1.49
share	1.20	1.00
hmm	1.20	1.13
consideration	1.20	1.09
explanation	1.21	1.10
titan	1.21	0.71
solution	1.21	1.09
ui	1.21	0.87
shall	1.21	1.06
bunnies	1.22	0.86
would	1.22	1.44
challenging	1.22	0.92
skill	1.23	0.80
floor	1.23	0.89
difficult	1.23	0.93
wat	1.23	0.99
tardis	1.23	0.90
structure	1.23	0.89
series	1.23	0.80
jeez	1.23	0.90
trick	1.23	0.95
look	1.23	1.19
convenient	1.23	0.77
uhm	1.23	0.91
rooms	1.23	0.86
coincidence	1.24	1.03
roads	1.24	0.88
decoration	1.25	0.87
stuff	1.25	1.29
fort	1.25	0.79
important	1.25	0.98
contraptions	1.25	0.94
although	1.26	1.37
insanely	1.26	1.01
hehe	1.26	0.94
cakes	1.27	0.73
complicated	1.27	0.86
freedom	1.27	0.77
goodness	1.27	0.80
enjoy	1.27	0.63
wander	1.27	1.05
towers	1.28	0.82
super	1.28	1.00
criticism	1.28	1.13
helped	1.28	0.93
its	1.28	1.22
inspiration	1.28	0.77
spin	1.28	0.81
chocolate	1.29	0.73
darn	1.30	1.17
very	1.30	1.01
duh	1.30	1.19
bunny	1.30	0.79
close	1.30	1.13
beat	1.31	0.80
dream	1.31	0.66
hall	1.31	0.79
compact	1.32	0.85
practical	1.32	0.86
traditional	1.32	0.81
constructive	1.33	1.13
aesthetic	1.33	0.76
gg	1.34	0.91
hero	1.34	0.87
ill	1.34	1.16
clarification	1.34	1.17
surprisingly	1.34	0.94
designs	1.35	0.87
common	1.36	0.85
mansion	1.36	0.78
piece	1.36	0.78
mother	1.36	0.76
functional	1.36	0.82
dammit	1.36	0.93
floors	1.37	0.79
ideas	1.37	1.04
roofs	1.37	0.79
laser	1.38	0.86
town	1.38	0.70
steampunk	1.38	0.64
huh	1.38	1.05
furniture	1.39	0.81
ur	1.40	1.01
natural	1.42	0.78
homes	1.42	0.79
whats	1.42	1.14
helps	1.43	0.85
sight	1.43	0.73
towns	1.44	0.76
fantasy	1.44	0.71
roof	1.44	0.77
handy	1.45	0.96
glorious	1.45	0.78
fun	1.45	0.85
hello	1.46	0.90
ohh	1.46	1.16
til	1.46	1.05
personally	1.46	1.12
dat	1.47	0.76
hell	1.47	0.96
appealing	1.47	0.77
cities	1.47	0.78
suggestion	1.48	1.13
taste	1.48	0.82
k	1.48	0.98
ftfy	1.48	0.77
tower	1.49	0.75
yeah	1.49	0.99
cake	1.49	0.85
fits	1.49	0.88
unique	1.50	0.79
enjoyable	1.50	0.71
similar	1.50	0.96
npc	1.50	0.73
suggestions	1.50	0.99
deserve	1.51	0.71
castle	1.51	0.67
calm	1.52	0.77
pleasing	1.52	0.75
hope	1.52	1.10
subtle	1.53	0.90
batman	1.53	0.82
shame	1.53	1.18
house	1.53	0.75
styles	1.54	0.75
overall	1.55	0.73
bloody	1.55	0.70
lord	1.55	0.74
advice	1.55	0.98
favorite	1.56	0.50
definitely	1.58	1.16
ya	1.58	0.99
city	1.58	0.65
inspired	1.58	0.67
effective	1.59	0.75
uhh	1.59	0.94
gotcha	1.59	1.08
tips	1.60	0.92
exciting	1.60	0.76
enjoyed	1.60	0.51
p	1.60	0.93
clearing	1.60	0.98
m8	1.61	0.93
effort	1.62	0.75
yea	1.62	0.99
architecture	1.62	0.69
modern	1.62	0.64
castles	1.64	0.71
feedback	1.64	0.92
aesthetically	1.64	0.70
hi	1.64	0.98
wtf	1.64	0.82
done	1.65	1.13
dang	1.65	0.96
um	1.65	0.99
providing	1.66	0.74
medieval	1.66	0.65
sheer	1.66	0.58
worries	1.66	1.05
sounds	1.66	0.81
houses	1.66	0.70
accurate	1.67	0.86
beauty	1.67	0.62
pose	1.67	0.72
details	1.67	0.86
complex	1.68	0.71
buildings	1.68	0.69
tho	1.68	0.71
wut	1.69	0.80
bro	1.69	0.70
nostalgia	1.70	0.75
heh	1.70	0.92
addition	1.71	0.76
impressed	1.71	0.82
crap	1.73	0.73
ahhh	1.73	0.88
totally	1.73	0.87
painting	1.73	0.68
nope	1.74	0.96
ahh	1.75	0.97
kidding	1.75	0.84
appreciated	1.75	0.80
church	1.76	0.60
yep	1.78	0.87
ah	1.78	0.99
crazy	1.78	0.70
soo	1.79	0.76
ooh	1.79	0.77
o.o	1.80	0.64
sexy	1.81	0.61
uh	1.81	0.87
realistic	1.81	0.75
yup	1.81	0.89
favourite	1.83	0.39
dear	1.83	0.67
anyways	1.84	0.84
tip	1.84	0.76
creativity	1.84	0.54
ty	1.86	0.92
okay	1.86	0.91
pretty	1.87	0.74
helpful	1.88	0.70
ha	1.88	0.75
renders	1.89	0.58
patience	1.89	0.57
useful	1.89	0.62
christ	1.89	0.63
yay	1.90	0.75
though	1.90	0.94
ok	1.90	0.88
aw	1.90	0.74
lol	1.91	0.85
jk	1.91	0.65
interesting	1.92	0.75
aha	1.92	0.78
memories	1.94	0.45
thx	1.94	0.78
imho	1.94	0.65
satisfying	1.94	0.68
imagination	1.95	0.52
nuts	1.95	0.56
well	1.97	0.94
shit	1.97	0.67
oooh	1.97	0.70
alright	1.97	0.80
nah	1.99	0.65
talented	1.99	0.66
yes	2.00	0.86
design	2.00	0.59
damned	2.00	0.59
xd	2.00	0.75
interior	2.01	0.65
coolest	2.02	0.57
really	2.04	0.73
perfect	2.07	0.64
hah	2.07	0.57
guys	2.07	0.65
goddamn	2.08	0.57
welcome	2.08	0.62
buddy	2.08	0.57
thanks	2.08	0.77
detail	2.08	0.55
builds	2.08	0.63
hey	2.09	0.69
gosh	2.09	0.70
style	2.10	0.52
appreciate	2.12	0.63
simple	2.12	0.56
omg	2.12	0.54
indeed	2.13	0.61
exterior	2.14	0.47
oh	2.15	0.70
especially	2.15	0.55
cheers	2.16	0.63
luck	2.17	0.55
creation	2.20	0.37
jesus	2.20	0.50
talent	2.22	0.44
atmosphere	2.23	0.41
detailed	2.23	0.50
drawing	2.24	0.41
hahaha	2.25	0.55
haha	2.26	0.62
amazingly	2.26	0.48
terrifying	2.27	0.44
o_o	2.28	0.48
soooo	2.29	0.49
thank	2.29	0.57
concept	2.30	0.45
seriously	2.30	0.48
d	2.31	0.60
sooo	2.31	0.48
ign	2.32	0.48
good	2.32	0.42
thats	2.33	0.53
damn	2.33	0.47
idea	2.34	0.54
god	2.34	0.46
clever	2.37	0.41
art	2.37	0.35
mate	2.41	0.49
holy	2.41	0.41
badass	2.43	0.34
build	2.43	0.37
wallpaper	2.44	0.40
congratulations	2.45	0.33
landscape	2.46	0.32
neat	2.47	0.36
woah	2.49	0.36
whoa	2.52	0.33
congrats	2.53	0.29
cute	2.53	0.31
freaking	2.54	0.30
looks	2.54	0.32
dude	2.56	0.31
hilarious	2.56	0.28
dedication	2.56	0.28
10/10	2.56	0.25
nicely	2.57	0.30
genius	2.58	0.28
sweet	2.59	0.32
simplicity	2.60	0.24
wish	2.60	0.32
absolutely	2.60	0.27
man	2.61	0.30
props	2.61	0.28
adorable	2.61	0.25
truly	2.61	0.27
sir	2.62	0.29
btw	2.63	0.29
wow	2.64	0.27
cool	2.65	0.27
impressive	2.65	0.24
sharing	2.66	0.26
nonetheless	2.67	0.25
great	2.69	0.25
lovely	2.69	0.18
incredible	2.71	0.20
brilliant	2.71	0.21
job	2.72	0.22
kudos	2.73	0.20
epic	2.73	0.19
gorgeous	2.74	0.19
wonderful	2.75	0.19
beautiful	2.75	0.19
excellent	2.75	0.19
