painful	-4.82	1.37
ridiculous	-4.60	1.41
shocking	-4.54	1.43
sometimes	-4.51	1.43
insane	-4.43	1.45
weak	-4.36	1.55
strange	-4.16	1.60
bizarre	-4.15	1.25
disgusting	-4.09	1.68
purely	-4.08	1.93
smug	-4.04	1.67
disingenuous	-3.98	2.17
essential	-3.96	2.06
fixing	-3.96	2.16
popularity	-3.90	1.97
substance	-3.90	2.45
annoying	-3.88	1.71
boring	-3.88	1.55
asians	-3.86	1.83
norm	-3.79	3.13
tbh	-3.71	1.70
claimed	-3.68	2.53
idiotic	-3.67	1.72
stupid	-3.67	2.18
realistically	-3.63	2.49
bitch	-3.63	1.83
depressing	-3.61	2.02
bullying	-3.60	2.23
bloody	-3.51	1.30
moment	-3.48	3.44
pathetic	-3.44	1.85
sucked	-3.44	1.89
prepare	-3.38	1.92
sections	-3.37	2.06
frustrating	-3.36	2.10
beating	-3.27	2.29
sorts	-3.25	2.22
host	-3.23	2.24
blame	-3.23	2.41
usual	-3.20	2.27
harsh	-3.19	2.09
ugly	-3.19	2.21
designed	-3.19	2.15
stopped	-3.17	2.41
et	-3.16	2.62
absolute	-3.10	2.32
blaming	-3.08	2.39
excuse	-3.05	2.02
calling	-3.04	2.15
struggle	-3.02	2.90
al	-3.01	2.65
aspects	-3.01	2.80
flawed	-2.98	2.28
commenting	-2.98	2.43
outrageous	-2.97	1.72
racist	-2.95	2.04
roof	-2.90	2.62
discrimination	-2.90	2.52
muslims	-2.87	2.41
against	-2.84	2.60
upon	-2.77	2.33
pieces	-2.76	2.64
vs	-2.75	2.42
plays	-2.74	2.29
directed	-2.74	2.62
disappointing	-2.69	2.45
artist	-2.65	2.19
ironic	-2.62	2.45
entire	-2.62	3.01
similarly	-2.60	2.38
crap	-2.60	2.00
unfortunate	-2.60	2.34
utterly	-2.59	2.73
awkward	-2.58	2.49
dishonest	-2.52	2.92
uncomfortable	-2.52	2.39
sick	-2.49	2.41
unfair	-2.45	1.63
cringe	-2.43	2.79
channels	-2.43	2.22
orange	-2.42	2.22
arrogant	-2.41	1.81
jews	-2.40	2.49
offensive	-2.39	1.54
messed	-2.38	1.88
retarded	-2.34	2.16
absurd	-2.34	2.12
surprise	-2.33	2.84
segment	-2.32	2.29
literally	-2.30	2.75
hatred	-2.29	2.54
believes	-2.29	2.96
angry	-2.28	2.29
ffs	-2.24	1.99
aucklanders	-2.23	2.35
biggest	-2.22	3.05
petty	-2.19	1.54
customer	-2.19	2.64
amusing	-2.19	2.44
sexist	-2.16	1.50
rude	-2.12	1.44
entertaining	-2.10	2.46
ignorant	-2.09	1.85
completely	-2.09	3.42
bear	-2.09	2.82
prick	-2.09	1.71
thinks	-2.09	3.00
fucked	-2.08	2.83
scary	-2.02	2.12
proved	-1.98	3.95
likes	-1.98	3.11
sucks	-1.97	1.97
unreasonable	-1.97	2.06
racism	-1.97	1.80
plausible	-1.96	2.42
suck	-1.96	2.10
frankly	-1.96	1.57
hypocritical	-1.95	1.75
useless	-1.94	1.92
bullshit	-1.94	1.71
realise	-1.93	4.15
idiots	-1.93	1.75
cute	-1.92	2.52
assholes	-1.91	1.68
insulting	-1.90	2.06
inappropriate	-1.89	1.60
lazy	-1.86	1.70
worthless	-1.85	2.10
shit	-1.84	2.79
basis	-1.83	2.17
dislike	-1.80	2.50
apply	-1.80	2.15
assessment	-1.79	1.85
unusual	-1.79	1.88
returned	-1.79	1.76
widespread	-1.78	1.50
weird	-1.78	2.41
depressed	-1.76	1.89
invented	-1.75	1.77
stop	-1.75	3.76
idiot	-1.74	1.75
contrary	-1.74	1.99
being	-1.74	3.72
disturbing	-1.73	1.81
non	-1.72	1.42
conspiracy	-1.72	1.58
fuckwit	-1.72	1.83
aside	-1.70	1.62
often	-1.69	2.63
applied	-1.68	1.96
concept	-1.67	2.37
necessary	-1.67	2.21
ethnicity	-1.65	1.50
kind	-1.64	2.77
minded	-1.64	1.99
ignorance	-1.63	1.73
notion	-1.63	1.93
utter	-1.62	1.59
precisely	-1.62	2.40
silly	-1.61	1.87
complete	-1.61	1.95
reminds	-1.61	1.83
prove	-1.60	3.25
instead	-1.60	3.46
asshole	-1.59	1.83
backwards	-1.58	1.82
speaks	-1.58	1.64
fix	-1.58	2.85
blatantly	-1.57	2.66
banana	-1.56	2.43
normally	-1.56	2.14
myth	-1.56	1.94
start	-1.56	3.84
generally	-1.55	2.62
rubbish	-1.54	1.85
presume	-1.54	2.59
solve	-1.54	2.95
unpopular	-1.54	1.80
basically	-1.54	3.78
rid	-1.53	1.98
call	-1.53	3.24
fool	-1.53	1.94
habit	-1.52	1.74
misleading	-1.52	2.95
liar	-1.52	2.10
towards	-1.51	2.49
incompetent	-1.51	2.24
arbitrary	-1.50	1.77
clue	-1.49	4.67
solely	-1.49	2.15
surprising	-1.48	1.81
reasoning	-1.48	2.33
moron	-1.47	2.09
innocent	-1.47	2.14
admit	-1.46	3.20
while	-1.46	3.96
desperate	-1.44	1.95
involved	-1.44	4.34
addressing	-1.43	2.65
valid	-1.43	2.27
bs	-1.42	1.91
essentially	-1.42	2.42
racial	-1.42	1.88
exist	-1.41	4.02
case	-1.40	4.03
everybody	-1.39	2.00
fairness	-1.39	2.24
defence	-1.39	2.13
slightest	-1.38	3.89
fact	-1.38	5.12
exactly	-1.37	5.11
scam	-1.37	2.45
same	-1.37	5.04
imagine	-1.37	4.38
yelling	-1.37	1.93
usually	-1.37	2.93
simply	-1.36	5.21
justified	-1.36	1.86
given	-1.36	3.21
holy	-1.36	1.89
happening	-1.35	5.23
deny	-1.35	2.80
unless	-1.35	5.30
guaranteed	-1.35	2.15
fighting	-1.34	2.07
workplace	-1.34	2.12
selfish	-1.34	1.91
again	-1.34	5.28
gross	-1.34	1.89
race	-1.33	2.11
minorities	-1.33	1.70
started	-1.33	3.16
cope	-1.33	2.80
re	-1.33	5.21
understand	-1.33	5.19
fucks	-1.32	1.91
christians	-1.31	1.67
subjective	-1.31	2.35
believe	-1.31	5.34
doing	-1.31	5.28
nothing	-1.31	5.24
going	-1.31	5.30
saying	-1.31	5.33
pointless	-1.30	2.18
why	-1.30	5.33
monopoly	-1.30	1.78
because	-1.30	5.34
either	-1.30	5.37
trolling	-1.30	2.36
criticise	-1.29	2.36
wants	-1.29	3.03
attempt	-1.29	2.58
assume	-1.28	5.30
wonder	-1.28	4.27
implied	-1.27	2.82
suspect	-1.27	2.93
shitty	-1.27	2.41
fault	-1.27	2.81
used	-1.27	3.78
point	-1.26	5.17
tell	-1.26	4.60
sort	-1.26	4.15
now	-1.26	5.31
means	-1.26	5.10
talking	-1.25	4.93
enforcement	-1.25	1.85
argue	-1.25	4.49
suspicious	-1.25	1.93
different	-1.24	4.36
proposing	-1.24	3.94
powers	-1.24	2.03
tries	-1.24	3.20
acceptable	-1.24	2.02
problems	-1.24	2.55
implying	-1.23	3.95
irony	-1.23	2.42
analogy	-1.23	2.27
almost	-1.23	4.08
course	-1.23	5.27
focusing	-1.23	2.12
complain	-1.23	4.26
sure	-1.23	5.22
attacking	-1.23	2.06
claim	-1.23	4.26
claiming	-1.23	3.01
care	-1.22	4.49
called	-1.22	3.48
grasp	-1.22	3.19
types	-1.22	1.98
dumb	-1.22	2.00
commonly	-1.22	2.55
trouble	-1.22	3.48
homeopathy	-1.22	1.65
irresponsible	-1.21	2.35
support	-1.21	2.68
hype	-1.21	1.70
basic	-1.21	2.39
whatever	-1.21	4.61
unlikely	-1.21	2.65
intentionally	-1.21	2.25
teenager	-1.20	2.22
pointing	-1.20	2.67
suggesting	-1.20	4.66
tends	-1.20	2.68
concerning	-1.20	1.80
regarding	-1.20	1.89
muslim	-1.19	1.58
handling	-1.19	1.87
pretend	-1.19	3.70
specifically	-1.19	2.98
everything	-1.19	4.48
responsible	-1.18	2.49
becoming	-1.18	2.69
slightly	-1.18	3.18
recall	-1.18	2.87
else	-1.18	4.33
happens	-1.18	4.31
agree	-1.18	5.29
situations	-1.18	2.69
matter	-1.18	4.85
counter	-1.17	1.68
doubt	-1.17	4.80
unsure	-1.17	4.75
speak	-1.17	3.09
anything	-1.16	4.93
worry	-1.16	4.68
then	-1.16	4.99
ages	-1.16	2.28
changed	-1.16	3.42
does	-1.16	4.86
should	-1.16	5.04
otherwise	-1.16	4.88
obviously	-1.16	5.16
ll	-1.16	4.91
worrying	-1.16	2.54
wo	-1.16	4.85
outright	-1.15	2.83
change	-1.15	4.39
afraid	-1.15	4.05
did	-1.15	4.95
need	-1.15	4.94
convince	-1.15	3.52
introduce	-1.15	2.07
complicated	-1.15	2.00
complaining	-1.15	2.96
nonsense	-1.15	2.07
interpretation	-1.15	2.91
whether	-1.14	4.10
mean	-1.14	5.06
picked	-1.14	2.72
task	-1.14	2.59
vague	-1.14	1.96
know	-1.14	5.03
deeply	-1.14	2.57
want	-1.14	4.92
bollocks	-1.14	2.12
ca	-1.14	4.80
help	-1.14	4.72
anyone	-1.14	4.52
here	-1.14	5.03
talk	-1.13	3.89
expect	-1.13	4.89
justification	-1.13	2.24
evil	-1.13	1.82
can	-1.13	4.86
disregard	-1.13	2.30
will	-1.13	4.82
except	-1.13	4.09
beyond	-1.12	2.51
bet	-1.12	3.76
confusing	-1.12	1.97
behavior	-1.12	1.69
we	-1.12	5.01
needed	-1.12	3.50
actually	-1.12	5.02
ethnic	-1.12	1.61
could	-1.12	4.90
gt	-1.12	4.85
opposite	-1.12	4.38
unaware	-1.12	4.20
stopping	-1.12	2.88
tone	-1.11	2.24
them	-1.11	4.68
drama	-1.11	1.71
right	-1.11	5.12
surgery	-1.11	1.71
anymore	-1.11	4.70
getting	-1.11	4.32
happen	-1.11	4.88
where	-1.11	5.23
think	-1.11	5.05
manage	-1.10	3.59
2006	-1.10	2.23
beneficial	-1.10	2.03
say	-1.10	5.00
remember	-1.10	4.67
yet	-1.10	4.81
when	-1.10	4.71
attitude	-1.10	2.05
find	-1.10	4.50
morons	-1.10	2.02
even	-1.10	5.00
main	-1.10	2.43
dealing	-1.10	2.49
anyway	-1.09	5.02
force	-1.09	1.86
filthy	-1.09	1.70
implemented	-1.09	2.31
explain	-1.09	4.22
me	-1.09	4.24
purpose	-1.09	2.67
react	-1.09	3.22
spoke	-1.09	2.51
off	-1.09	3.64
no-one	-1.09	3.02
feel	-1.09	4.51
up	-1.09	4.39
meetings	-1.08	2.12
waste	-1.08	2.23
christianity	-1.08	1.83
tried	-1.08	4.05
something	-1.08	4.97
single	-1.08	2.57
by	-1.08	3.73
maybe	-1.08	5.00
mind	-1.08	4.65
crying	-1.08	2.14
radical	-1.08	2.03
see	-1.07	4.91
get	-1.07	4.69
only	-1.07	4.93
still	-1.07	5.03
give	-1.07	3.96
marmite	-1.07	2.43
improved	-1.07	2.35
struggling	-1.06	2.94
wouldnt	-1.06	3.37
enough	-1.06	4.81
d	-1.06	4.96
obama	-1.06	1.78
all	-1.06	4.62
about	-1.06	4.90
directly	-1.06	2.45
might	-1.05	4.93
least	-1.05	4.65
alone	-1.05	2.38
supports	-1.05	2.00
tired	-1.05	2.41
ever	-1.05	4.56
may	-1.05	4.92
existed	-1.05	3.28
apology	-1.05	2.12
somehow	-1.05	2.78
how	-1.05	4.92
aware	-1.05	4.86
fight	-1.05	2.28
happened	-1.04	4.64
regardless	-1.04	3.19
try	-1.04	4.61
works	-1.04	4.69
liberty	-1.04	2.28
uncommon	-1.04	2.13
out	-1.04	4.35
hook	-1.04	2.58
attitudes	-1.04	1.92
legit	-1.04	2.30
personally	-1.04	4.31
arguing	-1.04	3.87
reason	-1.04	4.92
seem	-1.04	4.58
sides	-1.04	2.80
refusing	-1.04	2.25
appear	-1.03	2.44
imply	-1.03	3.18
said	-1.03	4.39
back	-1.03	4.28
any	-1.03	4.55
wanted	-1.03	4.12
propose	-1.03	3.56
proven	-1.03	3.34
spoken	-1.03	2.89
afford	-1.03	4.08
terrorists	-1.03	2.33
gone	-1.03	3.87
entitled	-1.03	2.36
likely	-1.03	4.08
naive	-1.03	3.02
possibly	-1.02	3.57
evidence	-1.02	3.43
thing	-1.02	4.51
learnt	-1.02	2.71
learn	-1.02	3.28
although	-1.02	4.77
accept	-1.02	4.12
kinda	-1.02	2.59
islamic	-1.02	1.98
done	-1.02	4.71
however	-1.02	4.99
classic	-1.02	2.31
work	-1.02	4.65
penalty	-1.01	2.03
hitler	-1.01	2.18
nowadays	-1.01	1.73
scum	-1.01	1.84
disclaimer	-1.01	2.20
customers	-1.01	2.16
justify	-1.01	2.63
jokes	-1.01	2.10
let	-1.01	4.34
also	-1.01	4.99
thinking	-1.01	4.88
agreed	-1.01	2.75
false	-1.01	3.39
system	-1.01	2.54
running	-1.01	3.85
certainly	-1.01	4.79
come	-1.01	4.51
go	-1.00	4.58
someone	-1.00	4.22
figure	-1.00	3.83
accountable	-1.00	2.61
supporting	-1.00	1.82
inclined	-1.00	3.52
religions	-1.00	2.08
somebody	-1.00	2.86
odd	-1.00	2.18
suicide	-1.00	1.95
situation	-1.00	4.08
symptoms	-1.00	1.96
heard	-0.99	3.53
ahead	-0.99	2.90
were	-0.99	4.51
difference	-0.99	3.99
probably	-0.99	4.90
far	-0.99	4.58
too	-0.99	4.65
rather	-0.99	3.69
transparency	-0.99	2.22
noone	-0.98	3.16
recognise	-0.98	3.42
delivered	-0.98	1.71
true	-0.98	5.10
prevent	-0.98	2.20
contrast	-0.98	1.78
dangerous	-0.98	1.79
abuse	-0.98	1.97
measures	-0.98	2.29
never	-0.97	4.57
religion	-0.97	2.03
religious	-0.97	2.02
instance	-0.97	2.45
hopes	-0.97	3.14
politician	-0.97	2.33
behaviour	-0.97	2.09
christian	-0.97	1.99
since	-0.97	3.84
pays	-0.97	2.68
others	-0.97	4.46
qualify	-0.97	2.22
looking	-0.97	4.59
yourself	-0.96	4.36
demanding	-0.96	2.06
bother	-0.96	4.59
islam	-0.96	1.98
really	-0.96	4.69
no	-0.96	4.65
ask	-0.96	3.79
able	-0.96	4.28
based	-0.96	2.20
both	-0.95	3.72
immigrants	-0.95	1.76
existence	-0.95	2.20
him	-0.95	4.22
managed	-0.95	3.33
punished	-0.95	2.40
assumption	-0.95	2.91
rightly	-0.95	1.87
been	-0.95	4.36
surely	-0.95	4.46
partly	-0.95	2.11
rant	-0.94	1.90
nobody	-0.94	3.59
worked	-0.94	4.07
myself	-0.94	4.37
began	-0.94	2.06
belief	-0.94	2.67
unlike	-0.94	1.74
harm	-0.94	2.13
forward	-0.94	3.20
already	-0.94	4.59
general	-0.94	2.00
instances	-0.94	2.54
democracy	-0.93	2.34
extent	-0.93	2.68
largely	-0.93	2.34
everyone	-0.93	3.88
told	-0.93	3.38
freedoms	-0.93	2.03
trust	-0.93	4.01
problem	-0.93	3.97
responsibility	-0.93	2.31
intend	-0.93	4.02
experienced	-0.93	2.39
addiction	-0.93	2.06
denying	-0.92	3.07
circumstances	-0.92	2.99
spends	-0.92	2.71
has	-0.92	4.26
currently	-0.92	3.38
negotiate	-0.92	2.64
worse	-0.92	4.34
cant	-0.92	3.87
isis	-0.92	2.06
whole	-0.92	3.02
says	-0.91	3.14
scenario	-0.91	3.18
guilt	-0.91	2.17
issue	-0.91	3.86
strikes	-0.91	1.96
victim	-0.91	2.20
allow	-0.91	3.20
sometime	-0.91	3.35
notice	-0.91	3.33
finds	-0.91	2.54
built	-0.91	1.86
credibility	-0.91	2.04
popular	-0.91	2.02
scare	-0.91	2.44
kim	-0.90	2.41
having	-0.90	3.90
theories	-0.90	2.12
create	-0.90	2.44
valuable	-0.90	2.28
time	-0.90	4.52
lying	-0.90	2.87
biased	-0.90	2.34
drag	-0.90	2.65
tend	-0.90	2.62
once	-0.90	4.30
making	-0.90	3.48
order	-0.90	3.37
discipline	-0.89	1.95
mandatory	-0.89	1.95
he	-0.89	3.95
wanting	-0.89	3.76
those	-0.89	3.02
wasting	-0.89	3.16
barely	-0.89	3.59
regulated	-0.89	2.24
dodgy	-0.89	1.72
including	-0.89	2.61
severely	-0.88	1.79
needing	-0.88	3.40
operation	-0.88	1.86
abusing	-0.88	2.26
soon	-0.88	4.02
created	-0.88	2.24
advertise	-0.88	3.30
relate	-0.88	3.79
likewise	-0.87	2.21
insult	-0.87	2.44
seen	-0.87	4.10
mechanism	-0.87	2.09
quite	-0.87	3.63
these	-0.87	2.89
denied	-0.87	2.69
make	-0.87	4.42
much	-0.87	4.46
anybody	-0.87	3.13
keep	-0.87	3.68
theirs	-0.86	2.65
individual	-0.86	2.23
anywhere	-0.86	4.32
things	-0.86	4.45
reality	-0.86	3.25
cock	-0.86	1.83
turnout	-0.86	2.06
lay	-0.86	2.40
wont	-0.86	3.99
end	-0.86	4.00
repeatedly	-0.85	3.11
agent	-0.85	1.89
dole	-0.85	2.88
into	-0.85	3.78
humour	-0.85	2.11
define	-0.85	3.33
working	-0.85	3.82
hearing	-0.85	2.27
violence	-0.85	2.07
gotten	-0.85	3.74
view	-0.85	3.24
ability	-0.85	3.34
apparently	-0.85	3.60
resign	-0.85	2.49
always	-0.85	4.61
services	-0.85	1.92
shits	-0.85	2.01
perhaps	-0.84	4.84
whatsoever	-0.84	3.16
seven	-0.84	1.99
deal	-0.84	4.12
actively	-0.84	2.05
coming	-0.84	4.06
argument	-0.83	2.92
herself	-0.83	2.42
words	-0.83	2.27
control	-0.83	2.29
negotiations	-0.83	1.98
jewish	-0.83	1.80
emotional	-0.83	2.03
dark	-0.83	1.60
turn	-0.83	3.92
deserves	-0.83	2.48
gain	-0.83	2.15
33	-0.83	1.95
judgement	-0.83	2.49
acknowledge	-0.83	3.00
hiding	-0.82	1.99
backed	-0.82	1.76
opposed	-0.82	2.12
got	-0.82	3.92
lose	-0.82	3.19
plain	-0.82	1.66
prisoners	-0.82	2.38
without	-0.82	2.80
joking	-0.82	3.89
wait	-0.82	4.14
stating	-0.81	3.25
themselves	-0.81	3.75
accused	-0.81	2.60
normal	-0.81	1.91
attempting	-0.81	2.84
had	-0.81	4.15
screw	-0.81	2.24
pretending	-0.81	3.36
continue	-0.81	3.55
rape	-0.80	2.15
pushing	-0.80	2.42
gap	-0.80	2.24
crazy	-0.80	1.74
addressed	-0.80	2.58
shill	-0.80	1.94
unable	-0.80	3.12
wishes	-0.80	2.11
synthetic	-0.80	2.08
trying	-0.80	4.06
oppose	-0.79	2.07
run	-0.79	3.48
staff	-0.79	2.12
obvious	-0.79	3.15
aggressive	-0.79	1.86
bring	-0.79	3.77
controlled	-0.79	2.55
victims	-0.79	2.19
2005	-0.79	2.11
truth	-0.79	3.15
twice	-0.79	3.45
equality	-0.79	2.10
required	-0.79	2.87
hosking	-0.79	1.61
left	-0.79	2.87
scared	-0.79	2.48
guilty	-0.79	2.73
destroy	-0.78	2.03
neutral	-0.78	2.09
faced	-0.78	1.77
failure	-0.78	2.66
procedure	-0.78	1.85
cannabis	-0.78	2.09
defend	-0.78	2.70
further	-0.78	3.43
suggested	-0.78	3.11
effectively	-0.78	2.61
hell	-0.78	3.73
logic	-0.78	2.71
who	-0.78	4.02
cunts	-0.77	1.92
runs	-0.77	2.61
poorly	-0.77	2.73
threats	-0.77	2.04
harder	-0.77	2.95
comparing	-0.77	2.21
kinds	-0.77	2.40
arguments	-0.77	2.46
job	-0.77	3.62
gender	-0.77	1.96
idk	-0.77	2.05
realize	-0.77	4.15
itself	-0.77	3.00
believed	-0.77	2.75
greedy	-0.77	2.07
hear	-0.77	3.01
comparable	-0.77	1.85
daily	-0.77	1.94
compare	-0.77	2.86
asian	-0.76	1.63
giving	-0.76	2.74
straw	-0.76	1.93
more	-0.76	3.97
dealt	-0.76	3.25
leave	-0.76	3.94
ugh	-0.76	1.97
effect	-0.76	3.24
un	-0.76	2.00
legalised	-0.76	2.70
tied	-0.76	1.72
campaigns	-0.76	2.05
dismiss	-0.76	3.06
full	-0.75	2.48
cynical	-0.75	2.73
highest	-0.75	3.50
timing	-0.75	2.16
thankfully	-0.75	2.22
forces	-0.75	2.06
simple	-0.75	2.47
necessarily	-0.75	4.39
suggests	-0.75	2.67
predict	-0.75	2.46
failed	-0.75	2.69
voice	-0.75	1.85
despite	-0.75	2.81
opinion	-0.74	3.64
competing	-0.74	2.24
understanding	-0.74	2.95
feeling	-0.74	3.06
hurting	-0.74	2.64
advocating	-0.74	2.68
merely	-0.74	2.98
bigger	-0.74	2.78
attempted	-0.74	2.71
failing	-0.74	2.61
temporary	-0.74	2.27
encourages	-0.74	1.65
employee	-0.74	2.22
besides	-0.74	1.74
largest	-0.74	3.41
planet	-0.74	1.97
asap	-0.74	3.59
less	-0.73	3.64
relying	-0.73	2.57
one	-0.73	4.74
partially	-0.73	2.73
enemy	-0.73	2.06
way	-0.73	4.76
applying	-0.73	2.88
corrupt	-0.73	2.36
politics	-0.73	2.46
xenophobic	-0.73	1.92
before	-0.73	3.98
hide	-0.73	3.16
product	-0.73	1.82
bennett	-0.73	2.29
consider	-0.73	4.22
pakeha	-0.73	1.93
major	-0.73	2.44
cases	-0.73	2.82
asks	-0.73	2.79
complex	-0.73	2.02
honesty	-0.72	2.57
ive	-0.72	3.33
money	-0.72	3.24
wing	-0.72	2.68
prosecution	-0.72	2.64
laughed	-0.72	2.10
co	-0.72	2.25
eventually	-0.72	3.80
away	-0.72	3.86
communities	-0.72	2.00
dont	-0.72	4.21
intent	-0.71	2.26
nearly	-0.71	3.26
proof	-0.71	3.22
distinction	-0.71	2.69
sexual	-0.71	2.15
certain	-0.71	3.28
worthwhile	-0.71	2.64
experience	-0.71	3.52
decided	-0.71	3.66
blatant	-0.71	2.22
bucks	-0.71	2.29
paying	-0.71	3.09
loses	-0.71	2.58
behave	-0.70	3.55
introduced	-0.70	2.31
god	-0.70	2.05
stated	-0.70	2.56
through	-0.70	3.60
harmful	-0.70	1.99
leaning	-0.70	2.80
possession	-0.70	2.21
jury	-0.70	2.67
spend	-0.70	3.20
somewhat	-0.70	3.05
rely	-0.70	2.22
favour	-0.70	2.23
ass	-0.69	1.94
moral	-0.69	2.20
ourselves	-0.69	3.09
forms	-0.69	2.19
than	-0.69	3.58
fail	-0.69	2.62
issues	-0.69	2.97
pick	-0.69	3.67
himself	-0.69	2.77
knows	-0.69	3.50
covering	-0.69	2.45
particular	-0.69	2.58
found	-0.69	3.83
managers	-0.69	1.88
attempts	-0.69	2.69
facing	-0.69	2.26
opponents	-0.69	2.29
kills	-0.69	1.72
complained	-0.69	2.72
battle	-0.69	1.87
reasons	-0.69	3.30
comes	-0.68	3.56
sees	-0.68	2.49
civil	-0.68	2.11
drawn	-0.68	2.18
ideological	-0.68	2.22
service	-0.68	1.87
handle	-0.68	1.90
eg	-0.68	1.79
exposed	-0.68	1.68
spectrum	-0.68	2.96
contest	-0.68	1.85
ups	-0.68	2.07
incentive	-0.67	3.19
reasonable	-0.67	2.26
appeal	-0.67	2.33
depending	-0.67	3.15
honestly	-0.67	4.32
folk	-0.67	1.97
past	-0.67	3.72
client	-0.67	1.83
ignoring	-0.67	2.63
ill	-0.67	2.66
advocate	-0.67	2.22
known	-0.67	3.80
believing	-0.67	2.34
hassle	-0.67	2.50
worlds	-0.67	3.20
easily	-0.67	3.74
sharp	-0.66	1.66
theory	-0.66	2.91
shown	-0.66	2.97
suggest	-0.66	3.95
over	-0.66	3.51
assist	-0.66	2.34
us	-0.66	3.64
plot	-0.66	1.81
tactics	-0.66	2.26
messages	-0.66	2.07
terrorism	-0.66	2.37
anytime	-0.66	3.80
grounds	-0.66	2.25
bits	-0.66	1.77
seek	-0.66	2.49
bored	-0.66	2.67
committed	-0.66	2.54
terribly	-0.66	3.25
claims	-0.66	3.23
achieve	-0.65	3.07
preference	-0.65	2.26
m	-0.65	4.29
sense	-0.65	3.82
laughing	-0.65	2.60
funny	-0.65	2.57
retard	-0.65	2.18
sentencing	-0.65	2.94
affect	-0.65	2.94
starting	-0.65	3.69
pro	-0.65	2.19
murder	-0.65	2.36
expected	-0.65	3.30
secondly	-0.65	1.97
libertarian	-0.64	2.77
stranger	-0.64	1.93
exclusive	-0.64	2.44
promotion	-0.64	1.73
mention	-0.64	4.23
difficult	-0.64	2.54
turned	-0.64	3.27
denial	-0.64	2.10
sum	-0.64	2.04
implementation	-0.64	2.09
speech	-0.64	2.07
deserve	-0.64	2.92
mental	-0.64	2.38
hurt	-0.64	2.03
differences	-0.64	2.40
household	-0.64	2.11
easier	-0.64	3.33
causing	-0.63	2.17
comparison	-0.63	2.34
accepted	-0.63	2.58
global	-0.63	2.12
confident	-0.63	3.13
officers	-0.63	2.03
chinese	-0.63	1.79
incorrect	-0.63	3.92
deciding	-0.63	2.99
exists	-0.63	2.91
potentially	-0.63	2.16
buys	-0.63	2.53
decade	-0.62	3.43
bothered	-0.62	4.26
significance	-0.62	2.45
outrage	-0.62	2.23
starts	-0.62	2.71
65	-0.62	2.44
snap	-0.62	1.87
worded	-0.62	3.94
stomach	-0.62	1.71
solved	-0.62	1.93
majority	-0.62	2.81
supported	-0.62	2.12
focused	-0.62	2.06
leads	-0.62	2.18
provider	-0.62	1.92
respect	-0.62	2.55
offices	-0.61	2.00
sake	-0.61	1.81
warming	-0.61	2.55
pissing	-0.61	2.37
benefit	-0.61	2.86
type	-0.61	2.57
sooner	-0.61	3.44
key	-0.61	2.74
powerful	-0.61	2.09
males	-0.61	1.96
orcon	-0.61	1.87
refers	-0.61	2.10
workers	-0.61	2.70
two	-0.61	3.35
fence	-0.61	2.44
itt	-0.61	1.88
petition	-0.61	2.73
whoever	-0.61	2.98
felt	-0.61	3.41
iraq	-0.61	2.06
guess	-0.61	4.67
actions	-0.61	2.56
provide	-0.61	2.96
labours	-0.60	2.14
gives	-0.60	2.53
idea	-0.60	4.68
millions	-0.60	2.76
screwed	-0.60	2.26
sounded	-0.60	2.31
story	-0.60	3.20
fundamental	-0.60	2.64
explicitly	-0.60	3.08
hall	-0.60	1.83
jk	-0.60	2.82
cared	-0.60	2.91
relation	-0.60	2.13
firearms	-0.60	1.85
facts	-0.60	3.07
e.g	-0.60	2.26
decides	-0.60	2.64
israel	-0.60	2.11
most	-0.60	3.94
unnecessary	-0.60	2.21
promise	-0.59	2.75
extreme	-0.59	2.75
i.e	-0.59	2.22
unrelated	-0.59	2.09
mike	-0.59	1.54
each	-0.59	3.48
secular	-0.59	2.02
noise	-0.59	1.81
vast	-0.59	2.66
concerns	-0.59	2.62
decades	-0.59	3.49
bible	-0.59	1.85
swing	-0.59	2.93
employers	-0.59	2.75
ideas	-0.59	2.99
morals	-0.58	2.69
communist	-0.58	2.28
judge	-0.58	2.78
suffer	-0.58	2.45
paid	-0.58	2.99
assertion	-0.58	3.17
mild	-0.58	1.69
lesser	-0.58	2.64
john	-0.58	2.61
isp	-0.58	1.85
legitimate	-0.58	2.35
seeing	-0.58	3.56
domestic	-0.58	2.06
total	-0.58	2.29
assault	-0.57	2.29
officials	-0.57	2.33
defending	-0.57	1.98
times	-0.57	3.64
stand	-0.57	3.54
opt	-0.57	2.27
damaging	-0.57	2.20
worth	-0.57	3.33
continued	-0.57	2.39
prosecuted	-0.57	2.46
gather	-0.57	2.46
workforce	-0.57	2.19
legalise	-0.57	1.99
setting	-0.57	2.24
parent	-0.57	2.21
problematic	-0.57	2.40
questioning	-0.57	3.23
improve	-0.56	2.72
perfectly	-0.56	2.16
principles	-0.56	2.40
objective	-0.56	2.55
side	-0.56	3.50
ago	-0.56	3.45
between	-0.56	2.33
elsewhere	-0.56	3.28
cause	-0.56	2.61
calls	-0.56	1.95
future	-0.56	2.26
versus	-0.56	2.01
shared	-0.56	1.65
convincing	-0.56	3.01
charged	-0.56	2.44
succeed	-0.56	2.72
healthcare	-0.56	2.52
gave	-0.56	3.18
ignore	-0.56	3.29
punishment	-0.55	2.38
jamie	-0.55	1.94
effects	-0.55	2.50
clients	-0.55	2.17
deliberately	-0.55	2.13
owns	-0.55	2.39
years	-0.55	3.39
minority	-0.55	2.00
another	-0.55	3.83
implement	-0.55	2.27
mess	-0.55	2.38
creepy	-0.55	1.83
spent	-0.55	3.23
broadcast	-0.55	1.61
refused	-0.55	3.27
transparent	-0.55	2.54
matters	-0.55	2.99
threat	-0.55	2.30
beliefs	-0.55	2.54
brought	-0.55	3.13
desire	-0.55	2.69
confused	-0.55	3.44
affects	-0.55	2.46
obtain	-0.55	2.42
initial	-0.55	2.45
trusted	-0.55	3.12
telecom	-0.55	1.87
poverty	-0.55	2.72
crimes	-0.55	2.35
teach	-0.55	2.33
method	-0.55	2.72
section	-0.55	2.39
teaching	-0.54	2.24
rich	-0.54	2.28
continuing	-0.54	1.98
practically	-0.54	2.52
zero	-0.54	2.82
toxic	-0.54	1.84
tools	-0.54	2.32
allowed	-0.54	4.04
suddenly	-0.54	2.47
intervention	-0.54	2.47
richer	-0.54	2.73
badly	-0.54	2.48
push	-0.54	2.84
poor	-0.54	2.62
held	-0.54	2.81
dirty	-0.54	2.06
agenda	-0.54	2.44
extradition	-0.54	2.55
convicted	-0.54	2.41
crime	-0.54	2.33
zone	-0.54	1.64
danger	-0.54	2.17
professionals	-0.54	2.47
noticed	-0.54	3.44
carefully	-0.53	2.54
fails	-0.53	2.05
brash	-0.53	2.04
anz	-0.53	2.06
taught	-0.53	2.32
becomes	-0.53	2.65
teenagers	-0.53	2.18
cultural	-0.53	2.06
human	-0.53	2.68
math	-0.53	2.89
conviction	-0.53	2.49
needs	-0.53	3.75
ethical	-0.53	2.11
pull	-0.53	3.33
policies	-0.53	2.61
child	-0.53	2.10
code	-0.53	2.22
lately	-0.53	2.48
interesting	-0.53	2.74
ways	-0.53	3.17
engaged	-0.53	2.64
nor	-0.53	2.73
effort	-0.53	3.27
screaming	-0.53	2.23
element	-0.52	2.10
employees	-0.52	2.62
alleged	-0.52	2.51
pay	-0.52	2.83
therefore	-0.52	3.47
goes	-0.52	3.49
principal	-0.52	2.15
explains	-0.52	1.78
maintained	-0.52	1.73
corruption	-0.52	2.50
remotely	-0.52	3.28
disaster	-0.52	1.98
touch	-0.52	3.33
theft	-0.52	2.21
cow	-0.52	1.95
purposes	-0.52	2.70
definition	-0.52	3.03
lesson	-0.52	2.46
potential	-0.52	2.18
greatest	-0.52	2.96
education	-0.52	2.49
involving	-0.52	1.98
together	-0.52	2.74
rights	-0.52	2.28
physically	-0.51	2.37
ruled	-0.51	2.32
charter	-0.51	2.23
groups	-0.51	2.10
which	-0.51	4.57
wondered	-0.51	3.70
jail	-0.51	2.36
scandal	-0.51	2.27
trial	-0.51	2.61
henry	-0.51	1.37
toward	-0.51	2.74
mentioning	-0.51	2.78
scientific	-0.51	2.64
load	-0.51	1.88
gets	-0.51	3.11
amazed	-0.51	2.99
revelations	-0.51	2.63
committing	-0.51	2.41
99	-0.51	2.12
serious	-0.51	2.58
aspect	-0.51	2.23
morally	-0.51	4.02
returning	-0.51	2.45
dollars	-0.51	2.85
invited	-0.51	2.30
yes	-0.50	4.64
offset	-0.50	2.76
promised	-0.50	2.49
require	-0.50	2.83
spark	-0.50	1.86
socialism	-0.50	2.15
greenwald	-0.50	2.67
use	-0.50	3.09
afterwards	-0.50	2.45
taxpayers	-0.50	2.56
turns	-0.50	2.98
came	-0.50	3.59
apart	-0.50	2.41
charges	-0.50	2.43
tests	-0.50	2.02
war	-0.50	2.00
treat	-0.50	2.40
methods	-0.50	2.66
instant	-0.50	2.56
process	-0.50	2.50
move	-0.50	3.77
driven	-0.50	2.28
little	-0.50	3.62
other	-0.49	3.45
sue	-0.49	2.56
chemical	-0.49	1.91
unions	-0.49	2.13
receive	-0.49	2.67
longer	-0.49	3.58
mindset	-0.49	2.26
newspaper	-0.49	2.18
commit	-0.49	2.33
terrorist	-0.49	2.21
involvement	-0.49	2.59
solution	-0.49	3.00
hundreds	-0.49	2.77
none	-0.49	2.77
contained	-0.49	2.24
fraud	-0.49	2.38
vodafone	-0.49	1.87
throw	-0.49	3.13
ebola	-0.48	1.80
discretion	-0.48	2.84
health	-0.48	2.49
catch	-0.48	2.92
broad	-0.48	2.32
pity	-0.48	2.38
solutions	-0.48	2.75
outcomes	-0.48	2.53
bastards	-0.48	1.75
offer	-0.48	2.35
welfare	-0.48	2.53
caught	-0.48	2.85
snowden	-0.48	2.77
severe	-0.48	2.29
criticism	-0.48	2.27
church	-0.48	2.12
freedom	-0.48	2.34
nz	-0.48	3.55
contain	-0.48	2.92
down	-0.48	3.42
taxpayer	-0.48	2.65
confirm	-0.48	2.38
forced	-0.48	3.07
convenient	-0.48	2.32
impossible	-0.48	2.89
campaign	-0.48	2.39
cutting	-0.48	1.91
existing	-0.48	2.15
nuts	-0.48	1.42
politicians	-0.47	2.80
conclusion	-0.47	3.06
win	-0.47	2.49
balls	-0.47	1.63
function	-0.47	2.05
loud	-0.47	2.02
physics	-0.47	2.71
statements	-0.47	2.90
compromise	-0.47	2.24
pets	-0.47	1.68
impact	-0.47	2.73
met	-0.47	3.23
cares	-0.47	3.22
platform	-0.47	2.50
mentioned	-0.47	3.47
reports	-0.47	2.38
half	-0.47	3.14
communication	-0.47	2.01
backing	-0.47	2.52
overly	-0.47	3.14
pride	-0.47	1.76
delay	-0.47	2.40
frequently	-0.47	2.57
contracts	-0.47	2.21
recognition	-0.47	2.10
occurs	-0.46	2.85
ones	-0.46	3.73
accusations	-0.46	2.97
oversight	-0.46	2.11
breach	-0.46	2.40
offering	-0.46	2.61
direct	-0.46	2.13
ring	-0.46	2.74
piss	-0.46	2.22
physical	-0.46	2.25
figures	-0.46	2.56
fundamentally	-0.46	2.92
targeted	-0.46	2.45
especially	-0.46	2.89
position	-0.46	3.31
schools	-0.46	2.18
received	-0.46	2.35
earth	-0.46	1.99
arrested	-0.46	2.70
aimed	-0.46	2.17
stuff	-0.46	3.22
avoid	-0.46	2.78
highly	-0.46	2.84
weeks	-0.46	3.42
action	-0.46	2.67
won	-0.46	1.96
describing	-0.46	2.58
set	-0.46	2.83
lied	-0.46	2.64
reward	-0.46	2.47
churches	-0.45	2.11
within	-0.45	3.22
hundred	-0.45	2.91
allows	-0.45	2.45
allowing	-0.45	2.61
ve	-0.45	4.14
mmp	-0.45	2.70
feels	-0.45	2.12
lead	-0.45	2.98
month	-0.45	2.93
voted	-0.45	2.64
genuine	-0.45	2.35
eligible	-0.45	2.62
consequences	-0.45	2.39
changes	-0.45	2.60
ended	-0.45	2.69
socially	-0.45	2.66
teachers	-0.45	2.17
courts	-0.44	2.68
publicly	-0.44	2.65
2017	-0.44	2.96
albeit	-0.44	1.91
universal	-0.44	2.35
occur	-0.44	3.03
drone	-0.44	2.09
considering	-0.44	3.32
object	-0.44	1.85
advise	-0.44	2.41
connect	-0.44	2.39
firstly	-0.44	2.57
decisions	-0.44	2.89
military	-0.44	2.17
employed	-0.44	2.60
hard	-0.44	3.46
unemployed	-0.44	2.60
correlation	-0.44	2.81
went	-0.44	3.46
proper	-0.44	2.73
victory	-0.44	1.98
thick	-0.44	2.10
cap	-0.44	1.80
learning	-0.44	2.49
kick	-0.44	2.16
quickly	-0.44	3.42
shock	-0.44	1.64
look	-0.43	4.28
attract	-0.43	2.46
compete	-0.43	2.96
causes	-0.43	2.32
brain	-0.43	2.23
tool	-0.43	2.56
enforce	-0.43	2.19
self	-0.43	2.34
ad	-0.43	2.35
massively	-0.43	3.00
entirely	-0.43	3.35
aka	-0.43	1.93
count	-0.43	2.82
until	-0.43	3.76
costing	-0.43	2.87
quit	-0.43	2.66
next	-0.43	3.47
reputation	-0.43	1.96
horse	-0.43	1.50
principle	-0.43	2.50
declare	-0.43	2.68
become	-0.43	3.06
overwhelming	-0.43	2.19
left-wing	-0.43	2.28
stone	-0.43	2.15
meet	-0.43	2.96
rough	-0.43	1.65
confirmed	-0.43	2.60
caused	-0.43	2.28
restrict	-0.43	2.39
skilled	-0.43	2.53
switch	-0.42	2.28
ought	-0.42	3.06
slip	-0.42	2.86
enable	-0.42	2.24
programme	-0.42	2.10
belong	-0.42	3.04
several	-0.42	3.10
install	-0.42	1.84
disagree	-0.42	4.56
slight	-0.42	2.07
offences	-0.42	2.38
address	-0.42	2.69
fucking	-0.42	1.85
argued	-0.42	2.83
importantly	-0.42	1.74
leaks	-0.42	2.37
publicity	-0.42	2.50
months	-0.42	3.35
negative	-0.42	2.65
factors	-0.42	2.69
group	-0.42	2.45
listed	-0.42	2.71
safety	-0.42	2.29
every	-0.42	3.26
fallen	-0.41	2.97
am	-0.41	3.97
typical	-0.41	1.84
adjust	-0.41	2.77
discovered	-0.41	2.53
court	-0.41	2.77
related	-0.41	2.43
billions	-0.41	2.59
approval	-0.41	2.51
empathy	-0.41	2.40
judges	-0.41	2.64
catholic	-0.41	2.09
million	-0.41	2.87
mainly	-0.41	1.39
political	-0.41	2.70
after	-0.41	3.47
consent	-0.41	2.43
seeking	-0.41	2.57
cancer	-0.41	2.13
kill	-0.41	2.93
charge	-0.41	2.47
sympathy	-0.41	2.70
completed	-0.41	2.69
collecting	-0.41	2.86
factor	-0.41	2.78
perform	-0.41	2.54
training	-0.41	2.46
legalisation	-0.41	2.20
server	-0.41	1.88
clause	-0.41	2.68
minds	-0.41	3.00
changing	-0.41	3.11
illness	-0.40	2.15
rip	-0.40	1.88
charging	-0.40	2.41
remind	-0.40	2.29
relative	-0.40	2.22
reporting	-0.40	2.38
long	-0.40	4.13
integrity	-0.40	2.49
contract	-0.40	2.45
discussed	-0.40	3.03
stories	-0.40	2.46
catching	-0.40	2.00
formed	-0.40	2.16
thousands	-0.40	2.59
whom	-0.40	2.57
terror	-0.40	2.19
enrolled	-0.40	2.75
paper	-0.40	2.14
opposing	-0.40	2.50
receiving	-0.40	2.66
encourage	-0.40	2.72
cognitive	-0.40	2.37
resulting	-0.39	1.97
headlines	-0.39	2.26
educate	-0.39	2.93
obtained	-0.39	2.23
punish	-0.39	2.42
convictions	-0.39	2.46
smear	-0.39	2.31
donations	-0.39	2.48
ensure	-0.39	2.74
importance	-0.39	2.46
focus	-0.39	2.60
magically	-0.39	2.78
sensitive	-0.39	1.94
managing	-0.39	2.53
fuck	-0.39	2.38
elections	-0.39	2.59
hardly	-0.39	2.63
policy	-0.39	2.61
seriously	-0.39	4.16
direction	-0.39	3.28
loss	-0.39	2.33
special	-0.39	2.07
allegations	-0.39	2.81
reported	-0.39	2.57
fascinating	-0.39	2.35
switched	-0.39	2.34
supporters	-0.39	2.46
lobby	-0.38	2.35
sufficient	-0.38	2.65
flip	-0.38	2.59
meaningless	-0.38	2.50
result	-0.38	2.87
express	-0.38	2.75
survive	-0.38	2.64
kdc	-0.38	2.66
prison	-0.38	2.38
thousand	-0.38	2.72
depend	-0.38	3.12
families	-0.38	2.60
youth	-0.38	2.34
implications	-0.38	2.32
successfully	-0.38	2.87
targeting	-0.38	2.42
credible	-0.38	2.64
examples	-0.38	2.43
week	-0.38	3.16
ideology	-0.38	2.52
owned	-0.38	2.61
criminal	-0.38	2.44
suffering	-0.38	2.26
qualified	-0.38	2.69
drugs	-0.38	2.19
speaking	-0.38	1.92
management	-0.38	2.18
army	-0.37	2.18
sudden	-0.37	1.73
days	-0.37	3.43
funded	-0.37	2.49
refuse	-0.37	3.01
representation	-0.37	2.24
proving	-0.37	2.86
choices	-0.37	2.70
benefits	-0.37	2.53
faith	-0.37	2.10
heavily	-0.37	2.47
approach	-0.37	2.81
quotes	-0.37	2.52
precedent	-0.37	2.47
context	-0.37	3.14
penalties	-0.37	2.29
employment	-0.37	2.43
target	-0.37	2.50
saved	-0.37	2.82
century	-0.37	2.29
behind	-0.37	3.03
constantly	-0.37	2.50
example	-0.37	3.55
1	-0.36	2.95
meh	-0.36	1.73
proves	-0.36	3.14
extremely	-0.36	3.09
irrelevant	-0.36	3.05
panel	-0.36	1.81
afaik	-0.36	2.86
duty	-0.36	2.46
voter	-0.36	2.46
national	-0.36	2.48
various	-0.36	2.76
troops	-0.36	2.12
parents	-0.36	2.79
ethics	-0.36	2.34
application	-0.36	2.38
randomly	-0.36	2.42
devil	-0.36	2.56
incentives	-0.36	2.86
atheist	-0.36	2.27
ban	-0.36	2.22
chunk	-0.36	2.43
halfway	-0.36	2.94
illegal	-0.35	2.83
forget	-0.35	2.86
earning	-0.35	2.61
survival	-0.35	2.02
entered	-0.35	2.57
separate	-0.35	2.42
sets	-0.35	1.94
expression	-0.35	2.04
customs	-0.35	1.99
economics	-0.35	2.41
proposal	-0.35	2.55
serve	-0.35	2.27
ministers	-0.35	2.36
offenders	-0.35	2.25
better	-0.35	4.03
priorities	-0.35	2.85
satire	-0.35	2.19
hugely	-0.35	2.84
confidence	-0.35	2.62
pages	-0.35	2.22
affairs	-0.35	1.92
significantly	-0.35	2.93
outraged	-0.34	3.10
brush	-0.34	2.02
four	-0.34	2.99
well	-0.34	4.50
worker	-0.34	2.66
became	-0.34	2.69
among	-0.34	2.33
due	-0.34	2.43
possible	-0.34	3.12
particularly	-0.34	3.25
border	-0.34	2.21
remove	-0.34	2.50
though	-0.34	4.50
earn	-0.34	2.76
sent	-0.34	2.69
six	-0.34	3.15
losing	-0.34	2.72
send	-0.34	2.93
commercial	-0.34	1.84
fair	-0.34	3.08
supporter	-0.34	2.36
last	-0.34	3.38
values	-0.34	2.35
rhetoric	-0.34	2.16
rush	-0.34	2.17
requires	-0.34	2.54
determine	-0.34	3.09
blood	-0.34	2.13
nzers	-0.34	2.35
drug	-0.34	2.17
master	-0.34	2.34
agreement	-0.34	2.53
reach	-0.34	2.71
teacher	-0.33	2.32
depends	-0.33	3.23
vulnerable	-0.33	2.51
habits	-0.33	2.09
considered	-0.33	3.39
blown	-0.33	2.31
psychological	-0.33	2.22
intention	-0.33	2.55
percent	-0.33	2.66
funding	-0.33	2.38
ftfy	-0.33	1.80
sell	-0.33	2.81
revealed	-0.33	2.45
primary	-0.33	2.31
1.5	-0.33	2.91
outcome	-0.33	2.62
consensus	-0.33	2.16
maori	-0.33	1.96
lives	-0.33	2.58
seller	-0.33	2.20
laugh	-0.33	2.52
tax	-0.33	2.46
everyday	-0.33	1.88
reducing	-0.33	2.28
criteria	-0.33	2.57
stage	-0.33	2.55
nazi	-0.33	2.14
processes	-0.33	2.46
children	-0.33	2.62
moving	-0.33	3.59
involves	-0.33	2.26
from	-0.33	3.59
tall	-0.33	1.87
government	-0.33	2.69
2.5	-0.33	2.77
cleaning	-0.33	1.65
marijuana	-0.33	2.20
weed	-0.33	2.21
take	-0.33	4.01
poorer	-0.33	2.57
conservative	-0.32	2.40
roughly	-0.32	2.88
merit	-0.32	2.26
preventing	-0.32	2.29
form	-0.32	2.66
remaining	-0.32	1.97
narrative	-0.32	2.54
under	-0.32	2.40
equivalent	-0.32	2.13
appearance	-0.32	2.06
blogger	-0.32	2.50
three	-0.32	3.03
lie	-0.32	4.09
admitted	-0.32	2.78
winz	-0.32	2.36
parties	-0.32	2.47
smaller	-0.32	2.71
contains	-0.32	2.17
important	-0.32	3.13
select	-0.32	2.19
2-3	-0.32	3.16
gambling	-0.32	2.38
talked	-0.32	3.08
appealing	-0.32	2.54
greens	-0.32	2.45
govern	-0.32	2.61
greater	-0.32	2.45
removing	-0.32	2.17
disappointed	-0.32	2.95
dispute	-0.32	2.50
specific	-0.32	2.80
controversial	-0.32	2.29
saving	-0.32	2.70
led	-0.31	2.39
drawing	-0.31	2.10
ultimately	-0.31	2.57
cut	-0.31	2.65
employer	-0.31	2.83
media	-0.31	2.39
payer	-0.31	2.59
patients	-0.31	2.15
emergency	-0.31	2.14
excluding	-0.31	1.80
net	-0.31	2.39
voters	-0.31	2.46
income	-0.31	2.34
word	-0.31	3.36
offence	-0.31	2.42
regularly	-0.31	2.51
perception	-0.31	2.43
arms	-0.31	2.16
shame	-0.31	2.38
headline	-0.31	2.48
dig	-0.31	2.97
dotcom	-0.31	2.57
knowledge	-0.31	2.58
involve	-0.31	2.55
reporter	-0.30	2.42
lawyer	-0.30	2.58
decrease	-0.30	2.23
donate	-0.30	2.79
clearly	-0.30	4.71
opinions	-0.30	2.70
sending	-0.30	2.54
houses	-0.30	1.80
skills	-0.30	2.60
practice	-0.30	1.88
signing	-0.30	2.35
promises	-0.30	2.26
hours	-0.30	3.29
marketing	-0.30	1.53
ten	-0.30	2.87
forcing	-0.30	2.88
encouraged	-0.30	2.12
apparent	-0.30	2.75
progress	-0.30	2.62
tvnz	-0.30	1.65
adults	-0.30	2.59
sign	-0.30	2.61
very	-0.30	3.35
regard	-0.30	2.41
fallacy	-0.30	2.30
naturally	-0.30	2.40
makes	-0.30	2.93
marriage	-0.30	2.18
kids	-0.30	2.59
conduct	-0.30	2.33
cover	-0.30	2.67
400	-0.30	2.65
billion	-0.30	2.72
soldiers	-0.29	2.23
implies	-0.29	2.74
handled	-0.29	2.46
nat	-0.29	2.42
reverse	-0.29	2.72
improving	-0.29	2.36
volume	-0.29	1.93
individuals	-0.29	2.56
school	-0.29	2.24
treatment	-0.29	2.22
core	-0.29	1.98
positive	-0.29	2.58
uses	-0.29	2.88
1000	-0.29	2.54
sentence	-0.29	2.51
combat	-0.29	2.11
dns	-0.29	2.22
association	-0.29	2.03
forgotten	-0.29	2.87
medication	-0.29	2.05
laid	-0.29	2.09
social	-0.28	2.48
written	-0.28	2.68
raised	-0.28	2.59
lower	-0.28	2.32
participate	-0.28	2.78
slower	-0.28	2.94
monitor	-0.28	2.15
shocked	-0.28	2.54
investing	-0.28	2.44
labor	-0.28	2.28
straight	-0.28	3.50
cgt	-0.28	2.27
press	-0.28	2.26
public	-0.28	2.43
dare	-0.28	2.75
using	-0.28	3.21
requirements	-0.28	2.45
develop	-0.28	2.46
constitution	-0.28	2.47
aged	-0.27	2.06
hire	-0.27	2.68
negatively	-0.27	2.70
acting	-0.27	2.43
bullet	-0.27	2.55
medical	-0.27	2.14
larger	-0.27	2.39
caring	-0.27	2.42
sole	-0.27	2.54
ubi	-0.27	2.31
rule	-0.27	2.65
primarily	-0.27	2.23
lot	-0.27	4.06
switching	-0.27	2.44
cents	-0.27	2.69
drop	-0.27	2.52
nats	-0.27	2.52
influenced	-0.27	2.55
authorities	-0.27	2.39
dicks	-0.27	1.94
orders	-0.27	2.32
compulsory	-0.27	2.26
reform	-0.27	2.26
long-term	-0.27	2.37
nzf	-0.27	2.39
taxed	-0.27	2.37
prescription	-0.27	2.17
lies	-0.27	2.60
disease	-0.27	2.08
ensuring	-0.27	2.38
corporations	-0.27	2.42
territory	-0.27	2.10
election	-0.27	2.43
truly	-0.27	2.21
jobs	-0.27	2.67
terms	-0.27	2.42
votes	-0.27	2.35
five	-0.27	2.84
investigated	-0.27	2.71
organisation	-0.27	2.29
spin	-0.27	2.15
handful	-0.27	2.95
mandate	-0.27	2.60
standard	-0.27	2.32
conducted	-0.26	2.65
higher	-0.26	2.35
cash	-0.26	2.65
invest	-0.26	2.60
marked	-0.26	2.16
choice	-0.26	3.31
participation	-0.26	2.34
throwing	-0.26	2.64
illegally	-0.26	2.47
creation	-0.26	2.30
act	-0.26	2.36
performance	-0.26	1.77
presented	-0.26	2.60
amounts	-0.26	2.37
asking	-0.26	3.31
signed	-0.26	2.51
risk	-0.26	2.22
obligations	-0.26	2.29
whereas	-0.26	1.95
anecdotal	-0.26	2.49
prohibition	-0.26	2.21
isps	-0.26	2.00
100	-0.26	2.69
beneficiaries	-0.26	2.55
beat	-0.26	2.04
tears	-0.26	2.26
damage	-0.26	2.24
hager	-0.26	2.29
year	-0.26	3.12
spying	-0.26	2.55
anti	-0.26	1.95
fairly	-0.26	2.81
ird	-0.26	2.54
settled	-0.26	2.91
500	-0.26	2.66
binding	-0.26	2.46
statistics	-0.25	2.60
pr	-0.25	2.24
banning	-0.25	2.27
protected	-0.25	2.06
permanent	-0.25	2.53
per	-0.25	2.63
term	-0.25	2.82
incomes	-0.25	2.38
tppa	-0.25	2.38
agreements	-0.25	2.51
described	-0.25	2.80
chose	-0.25	2.71
progressive	-0.25	2.34
rare	-0.25	2.00
country	-0.25	3.35
indicates	-0.25	2.01
invested	-0.25	2.39
crisis	-0.25	2.50
legally	-0.25	3.07
couple	-0.25	3.01
simon	-0.25	2.22
spending	-0.25	2.58
unemployment	-0.25	2.44
generate	-0.25	2.66
grid	-0.25	2.02
right-wing	-0.25	2.32
chris	-0.25	2.01
occurred	-0.25	2.66
urgency	-0.25	2.33
consequence	-0.25	1.88
industries	-0.25	1.95
skill	-0.25	2.48
viewed	-0.25	2.55
justice	-0.24	2.43
properly	-0.24	3.52
lessons	-0.24	2.46
propaganda	-0.24	2.11
decision	-0.24	3.19
hand	-0.24	3.39
embarrassing	-0.24	1.93
experiences	-0.24	2.75
complaints	-0.24	2.60
law	-0.24	2.44
actual	-0.24	2.75
occasionally	-0.24	2.28
protection	-0.24	1.99
hired	-0.24	2.79
taxes	-0.24	2.39
financially	-0.24	2.50
privacy	-0.24	2.27
applications	-0.24	2.41
requirement	-0.24	2.88
socialist	-0.24	2.34
trade	-0.24	2.50
investigate	-0.24	2.67
consistently	-0.24	2.35
pulling	-0.24	2.07
employ	-0.24	2.56
legal	-0.24	2.41
pissed	-0.24	2.29
lost	-0.24	2.65
tenancy	-0.24	2.46
shut	-0.24	2.55
line	-0.24	2.71
voting	-0.24	2.40
centrist	-0.23	2.50
ridiculously	-0.23	2.48
pharmac	-0.23	2.38
labour/greens	-0.23	2.66
defined	-0.23	2.41
purchased	-0.23	2.46
opposition	-0.23	2.41
appropriate	-0.23	2.33
protect	-0.23	2.13
language	-0.23	2.22
figured	-0.23	3.15
headed	-0.23	2.03
boost	-0.23	2.54
pain	-0.23	2.18
raid	-0.23	2.39
collect	-0.23	2.66
length	-0.23	2.42
substantial	-0.23	2.34
records	-0.23	2.03
japanese	-0.23	1.93
formal	-0.23	2.48
spare	-0.23	2.25
funds	-0.23	2.42
reduction	-0.23	2.25
faces	-0.23	2.22
slowly	-0.23	3.03
vpn	-0.23	2.23
visible	-0.23	2.67
articles	-0.23	2.39
traditional	-0.23	2.32
onto	-0.23	2.95
injury	-0.23	2.23
dental	-0.23	2.40
tune	-0.23	2.46
laws	-0.23	2.37
reliable	-0.22	2.05
providers	-0.22	1.99
whyte	-0.22	2.22
obligation	-0.22	2.77
identity	-0.22	2.42
numerous	-0.22	2.63
legislation	-0.22	2.32
tobacco	-0.22	2.19
luxury	-0.22	1.98
offense	-0.22	2.39
pockets	-0.22	2.31
equal	-0.22	2.51
around	-0.22	3.43
altogether	-0.22	2.63
ties	-0.22	2.41
tradition	-0.22	1.68
determined	-0.22	2.57
vote	-0.22	2.39
reduce	-0.22	2.30
investigation	-0.22	2.50
recorded	-0.22	2.60
standards	-0.22	2.32
hence	-0.22	2.06
plan	-0.22	2.11
views	-0.22	2.70
parental	-0.22	2.43
capability	-0.22	2.50
entry	-0.22	2.39
studying	-0.22	2.84
ruling	-0.22	2.54
pattern	-0.22	2.67
business	-0.22	2.64
gcsb	-0.22	2.44
70	-0.22	2.52
stands	-0.22	3.11
aim	-0.22	2.32
showing	-0.22	2.58
conservatives	-0.22	2.33
programs	-0.22	2.25
nzd	-0.22	2.52
helping	-0.22	2.74
fee	-0.22	2.44
interests	-0.22	2.54
dick	-0.22	2.07
referred	-0.21	2.85
restricted	-0.21	2.22
increased	-0.21	2.38
access	-0.21	2.33
banned	-0.21	2.60
parliamentary	-0.21	2.28
automatic	-0.21	2.41
external	-0.21	2.33
relating	-0.21	2.56
seats	-0.21	2.36
environmental	-0.21	2.36
smoking	-0.21	2.14
10,000	-0.21	2.57
pointed	-0.21	3.06
wins	-0.21	2.33
fully	-0.21	3.12
private	-0.21	2.42
bias	-0.21	2.48
empty	-0.21	1.88
humans	-0.21	2.27
gained	-0.21	1.83
prime	-0.21	2.46
strategy	-0.21	2.27
pet	-0.21	1.67
attractive	-0.21	2.30
taxation	-0.21	2.27
fringe	-0.21	2.38
surprised	-0.21	3.34
dropped	-0.21	2.85
ministerial	-0.20	2.42
priority	-0.20	2.15
lock	-0.20	2.30
equally	-0.20	2.68
few	-0.20	3.11
freely	-0.20	2.66
refund	-0.20	2.66
strongly	-0.20	2.64
office	-0.20	2.35
80	-0.20	2.54
put	-0.20	3.61
systems	-0.20	2.31
treaty	-0.20	2.34
handed	-0.20	2.57
state	-0.20	2.22
guard	-0.20	2.16
putting	-0.20	3.34
pushed	-0.20	2.57
inequality	-0.20	2.68
advertising	-0.20	2.27
amount	-0.20	2.80
ongoing	-0.20	2.39
letters	-0.20	2.28
departments	-0.20	2.37
top	-0.20	2.33
engaging	-0.20	2.24
proportion	-0.20	2.11
enforced	-0.20	2.30
stolen	-0.20	2.26
dollar	-0.20	2.58
lack	-0.20	2.49
choosing	-0.20	2.55
inform	-0.20	3.01
base	-0.20	2.43
historical	-0.20	2.29
fees	-0.20	2.43
monthly	-0.20	2.41
repeat	-0.20	2.58
holds	-0.20	2.61
doctor	-0.20	2.07
phrase	-0.20	2.76
setup	-0.20	2.32
abused	-0.19	2.37
massive	-0.19	2.17
register	-0.19	2.46
sarcastic	-0.19	3.79
suppression	-0.19	2.51
differently	-0.19	2.74
depression	-0.19	2.11
she	-0.19	3.38
slingshot	-0.19	2.01
event	-0.19	2.33
panels	-0.19	1.85
businesses	-0.19	2.43
goals	-0.19	2.45
usd	-0.19	2.61
entertainment	-0.19	1.91
associate	-0.19	2.56
roles	-0.19	2.15
highs	-0.19	2.19
educational	-0.19	2.30
person	-0.19	3.43
3	-0.19	2.96
retirement	-0.19	2.47
tertiary	-0.19	2.37
free	-0.19	2.29
refer	-0.19	2.88
bill	-0.19	2.31
damaged	-0.19	2.22
revenue	-0.19	2.40
bought	-0.19	2.92
provided	-0.19	2.49
took	-0.19	3.35
threshold	-0.19	2.35
cost	-0.19	2.57
whats	-0.18	1.98
quietly	-0.18	2.84
epsom	-0.18	2.27
party	-0.18	2.38
partners	-0.18	2.36
smoke	-0.18	2.30
fake	-0.18	2.03
passed	-0.18	2.35
banks	-0.18	2.23
confirmation	-0.18	2.48
300	-0.18	2.65
programmes	-0.18	2.16
regular	-0.18	2.22
profits	-0.18	2.41
returns	-0.18	2.36
magic	-0.18	2.12
electorate	-0.18	2.36
corporate	-0.18	2.28
profit	-0.18	2.39
typically	-0.18	2.12
pile	-0.18	2.22
significant	-0.18	2.09
injuries	-0.18	2.21
economically	-0.18	2.62
reflect	-0.18	2.76
row	-0.18	2.98
overall	-0.18	2.55
bite	-0.18	2.06
demand	-0.17	2.49
cheaper	-0.17	3.15
200	-0.17	2.49
their	-0.17	3.15
50	-0.17	2.66
cuts	-0.17	2.29
proposed	-0.17	2.50
knock	-0.17	2.68
seat	-0.17	2.26
bitter	-0.17	2.21
10k	-0.17	2.58
attached	-0.17	1.92
hmmm	-0.17	2.17
mps	-0.17	2.38
class	-0.17	2.35
rate	-0.17	2.37
convention	-0.17	2.41
enter	-0.17	2.42
sovereignty	-0.17	2.37
farrar	-0.17	2.12
hacking	-0.17	2.38
machines	-0.17	2.33
selling	-0.17	2.56
option	-0.17	3.65
identified	-0.16	2.51
loan	-0.16	2.50
wealthy	-0.16	2.41
stereotype	-0.16	2.05
100,000	-0.16	2.43
choose	-0.16	3.56
bastard	-0.16	1.91
measure	-0.16	2.63
paul	-0.16	1.66
root	-0.16	2.52
writing	-0.16	2.36
reveal	-0.16	2.63
gst	-0.16	2.40
mode	-0.16	2.23
abortion	-0.16	2.23
labour	-0.16	2.43
thus	-0.16	2.22
later	-0.16	3.31
ends	-0.16	2.44
communications	-0.16	2.30
investments	-0.16	2.39
body	-0.16	1.94
mistaken	-0.16	4.19
fund	-0.16	2.44
estimated	-0.16	2.53
collins	-0.16	2.58
category	-0.16	2.40
credit	-0.16	2.53
era	-0.16	2.18
award	-0.16	2.91
constant	-0.16	2.10
complaint	-0.16	2.92
planning	-0.16	3.23
capital	-0.16	2.32
ncea	-0.16	2.35
awareness	-0.16	2.34
name	-0.16	2.73
govt	-0.16	2.55
skip	-0.16	1.51
criminals	-0.16	2.79
bit	-0.16	3.52
closely	-0.16	2.76
concern	-0.15	2.86
studies	-0.15	2.38
chief	-0.15	2.51
asked	-0.15	3.38
extra	-0.15	2.75
secondary	-0.15	2.32
<SPECIAL>	-0.15	1.93
<URL>	-0.15	1.93
company	-0.15	2.29
decline	-0.15	2.47
adult	-0.15	2.31
interest	-0.15	2.44
previously	-0.15	3.07
rising	-0.15	2.31
qualifications	-0.15	2.50
educated	-0.15	2.76
increase	-0.15	2.32
increasingly	-0.15	2.55
unlimited	-0.15	1.96
percentage	-0.15	2.38
mortgage	-0.15	2.45
contact	-0.15	2.51
our	-0.15	2.68
resource	-0.15	2.52
plans	-0.15	2.01
score	-0.15	2.31
fought	-0.15	1.92
savings	-0.15	2.50
seconds	-0.15	2.97
wealth	-0.15	2.35
scope	-0.15	2.32
condition	-0.15	2.19
regulation	-0.15	2.22
extension	-0.15	2.16
civilians	-0.15	2.09
asset	-0.15	2.43
smokers	-0.15	2.17
gdp	-0.15	2.51
representatives	-0.15	2.33
expectations	-0.15	2.29
green	-0.15	2.32
wages	-0.14	2.45
exception	-0.14	2.72
offended	-0.14	2.89
split	-0.14	2.37
subsidised	-0.14	2.75
syndrome	-0.14	1.82
financial	-0.14	2.23
apologies	-0.14	2.22
senior	-0.14	2.23
request	-0.14	2.37
letting	-0.14	2.98
must	-0.14	3.34
classes	-0.14	2.24
privilege	-0.14	2.11
ballot	-0.14	2.34
mentality	-0.14	1.93
buying	-0.14	2.61
philosophy	-0.14	2.46
definitely	-0.14	3.92
big	-0.14	2.78
style	-0.14	1.48
cards	-0.14	2.36
culturally	-0.14	2.54
reads	-0.14	2.46
joining	-0.14	2.40
wall	-0.14	1.78
2	-0.14	2.90
gains	-0.14	2.28
decide	-0.14	3.45
arrest	-0.14	2.73
continues	-0.14	2.93
candidates	-0.14	2.38
conference	-0.14	1.98
cancel	-0.14	2.92
dates	-0.13	2.45
achievement	-0.13	2.23
insurance	-0.13	2.35
elected	-0.13	2.38
sold	-0.13	2.37
shares	-0.13	2.30
current	-0.13	2.66
acc	-0.13	2.41
review	-0.13	2.33
male	-0.13	2.05
dramatically	-0.13	2.53
citation	-0.13	2.60
medicine	-0.13	2.16
protests	-0.13	2.21
buy	-0.13	2.95
shift	-0.13	2.88
head	-0.13	2.73
stole	-0.13	2.07
manual	-0.13	2.16
import	-0.13	2.20
credits	-0.13	2.35
broke	-0.13	2.56
exempt	-0.13	2.15
genuinely	-0.13	3.61
international	-0.13	2.32
reasonably	-0.13	2.69
allies	-0.13	2.27
coalition	-0.13	2.40
scheme	-0.13	2.34
decile	-0.12	2.21
incredibly	-0.12	3.03
testing	-0.12	2.09
agreeing	-0.12	2.97
outside	-0.12	2.21
seems	-0.12	3.02
meth	-0.12	2.20
acts	-0.12	2.27
elderly	-0.12	2.35
aid	-0.12	2.24
broken	-0.12	2.21
ball	-0.12	1.61
many	-0.12	3.11
turning	-0.12	3.13
defense	-0.12	2.18
safer	-0.12	2.73
threatening	-0.12	2.35
hold	-0.12	3.21
die	-0.12	2.69
productivity	-0.12	2.31
100k	-0.12	2.37
bills	-0.12	2.42
realised	-0.12	3.30
generic	-0.12	1.73
motivation	-0.12	3.00
4	-0.12	2.92
large	-0.12	2.29
rates	-0.12	2.35
an	-0.12	3.26
allowance	-0.12	2.43
falling	-0.12	1.97
minimum	-0.12	2.47
age	-0.12	2.35
2008	-0.11	2.57
killing	-0.11	2.14
250	-0.11	2.51
agency	-0.11	2.35
renting	-0.11	2.51
surprisingly	-0.11	2.37
internet	-0.11	2.14
attacks	-0.11	2.07
widely	-0.11	2.69
economic	-0.11	2.43
owe	-0.11	2.02
assets	-0.11	2.33
minor	-0.11	2.43
iwi	-0.11	2.36
parliament	-0.11	2.35
buyer	-0.11	2.26
pursue	-0.11	2.46
increasing	-0.11	2.33
nightmare	-0.11	2.37
immediate	-0.11	2.47
journalists	-0.11	2.38
attack	-0.11	2.26
electronic	-0.11	2.21
wondering	-0.11	3.91
intellectual	-0.11	2.23
coin	-0.11	2.66
device	-0.11	2.03
practices	-0.11	2.08
attend	-0.11	2.22
anonymous	-0.11	2.15
investment	-0.11	2.25
draw	-0.11	2.47
agrees	-0.11	2.79
meanwhile	-0.11	1.73
owning	-0.11	2.33
maths	-0.11	2.38
available	-0.11	2.52
herald	-0.11	2.45
tested	-0.11	2.45
source	-0.11	2.85
bad	-0.11	4.25
transaction	-0.11	2.42
sacrifice	-0.10	2.26
apples	-0.10	1.89
visa	-0.10	2.46
kiwisaver	-0.10	2.42
helped	-0.10	2.16
plus	-0.10	2.21
chorus	-0.10	1.95
cleared	-0.10	2.71
comprehensive	-0.10	2.23
destroyed	-0.10	2.33
deliver	-0.10	2.53
exams	-0.10	2.32
nsa	-0.10	2.41
organisations	-0.10	2.26
lease	-0.10	2.48
copyright	-0.10	2.24
companies	-0.10	2.25
costs	-0.10	2.50
pump	-0.10	1.50
vdsl	-0.10	1.98
sitting	-0.10	2.50
interviews	-0.10	2.11
wood	-0.10	1.82
slater	-0.10	2.44
expand	-0.10	2.62
payments	-0.10	2.45
bubble	-0.10	2.07
organised	-0.10	2.47
interview	-0.10	2.03
hands	-0.10	2.75
remains	-0.10	2.93
developers	-0.10	2.27
package	-0.10	2.24
democratic	-0.10	2.29
center	-0.10	2.56
and/or	-0.10	2.40
older	-0.09	2.78
encouraging	-0.09	2.40
5	-0.09	2.86
analysis	-0.09	2.55
residency	-0.09	2.43
priced	-0.09	2.58
stops	-0.09	2.41
150	-0.09	2.48
presumably	-0.09	2.10
card	-0.09	2.49
removal	-0.09	2.27
assumptions	-0.09	2.87
replace	-0.09	2.36
default	-0.09	2.34
points	-0.09	2.95
agencies	-0.09	2.38
connection	-0.09	2.00
wan	-0.09	3.18
joined	-0.09	2.60
operating	-0.09	2.33
alternative	-0.09	2.66
commerce	-0.09	2.46
tpp	-0.09	2.38
realistic	-0.09	2.48
journalism	-0.09	2.20
weekly	-0.09	2.28
limited	-0.09	2.14
community	-0.09	2.26
admittedly	-0.08	1.95
showed	-0.08	2.65
raising	-0.08	2.26
cigarettes	-0.08	2.06
episode	-0.08	1.89
issued	-0.08	2.57
similar	-0.08	3.15
overseas	-0.08	2.44
rise	-0.08	2.32
immediately	-0.08	3.02
fines	-0.08	2.25
investors	-0.08	2.22
paperwork	-0.08	2.69
bracket	-0.08	2.32
earners	-0.08	2.32
strict	-0.08	1.69
announced	-0.08	2.58
printed	-0.08	2.39
whose	-0.08	2.38
meaning	-0.08	3.25
connections	-0.08	2.04
buyers	-0.08	2.13
technically	-0.08	4.22
permission	-0.08	2.76
latter	-0.08	2.27
pin	-0.08	2.11
troll	-0.08	2.17
inflation	-0.08	2.36
alarm	-0.08	2.59
promote	-0.08	2.33
asb	-0.08	2.32
peoples	-0.08	2.92
wage	-0.08	2.49
competition	-0.07	2.06
conflict	-0.07	2.33
speeds	-0.07	1.88
upgrade	-0.07	2.04
warrant	-0.07	2.48
120	-0.07	2.40
list	-0.07	2.65
internationally	-0.07	1.93
resources	-0.07	2.46
mail	-0.07	2.26
minutes	-0.07	3.07
smarter	-0.07	3.24
practical	-0.07	2.41
stealing	-0.07	2.30
personality	-0.07	1.99
goal	-0.07	2.56
adsl	-0.07	2.01
automatically	-0.07	2.92
concrete	-0.07	1.88
value	-0.07	2.31
specialist	-0.07	2.36
cancelled	-0.07	2.18
explained	-0.07	3.09
slap	-0.07	2.67
creates	-0.07	2.17
women	-0.07	2.04
6	-0.07	2.85
incident	-0.07	2.43
members	-0.07	2.31
winner	-0.07	1.77
seemed	-0.06	2.44
hospital	-0.06	2.21
spy	-0.06	2.44
shortly	-0.06	2.89
hacked	-0.06	2.27
overpriced	-0.06	1.76
ufb	-0.06	2.00
trained	-0.06	2.42
exact	-0.06	3.34
sight	-0.06	2.19
sadly	-0.06	2.92
growth	-0.06	2.35
internal	-0.06	2.18
treated	-0.06	2.64
happily	-0.06	2.70
providing	-0.06	2.50
liable	-0.06	2.54
associated	-0.06	2.36
serves	-0.06	2.35
opportunities	-0.06	2.43
mass	-0.06	2.46
instantly	-0.06	2.05
burden	-0.06	2.50
len	-0.06	2.18
circlejerk	-0.06	2.21
surveillance	-0.06	2.36
offered	-0.06	2.30
zealanders	-0.06	2.57
standing	-0.06	2.49
violent	-0.06	2.20
release	-0.06	2.37
electorates	-0.06	2.29
academic	-0.06	2.35
assuming	-0.06	4.45
inquiry	-0.06	2.36
increases	-0.06	2.30
retain	-0.06	2.48
virtually	-0.06	2.19
remembered	-0.06	2.92
successful	-0.06	2.51
front	-0.06	2.73
phase	-0.05	2.42
arse	-0.05	2.19
step	-0.05	3.13
30	-0.05	2.75
sales	-0.05	2.31
oecd	-0.05	2.43
trivial	-0.05	2.34
collected	-0.05	2.41
expecting	-0.05	2.67
subject	-0.05	2.67
bandwidth	-0.05	1.93
whenever	-0.05	2.93
odds	-0.05	2.37
75	-0.05	2.39
craig	-0.05	2.12
eftpos	-0.05	2.46
describe	-0.05	3.22
sale	-0.05	2.36
minister	-0.05	2.42
fall	-0.05	2.85
60	-0.05	2.57
ownership	-0.05	2.23
broadband	-0.05	1.98
consumers	-0.05	2.43
electoral	-0.05	2.41
borrow	-0.05	2.68
targets	-0.05	2.14
format	-0.05	2.62
counted	-0.05	2.34
compensation	-0.05	2.43
median	-0.05	2.34
scale	-0.05	2.27
x	-0.05	2.53
imp	-0.05	2.33
property	-0.05	2.15
kicked	-0.05	2.53
independent	-0.04	2.47
closer	-0.04	2.78
40	-0.04	2.70
raise	-0.04	2.35
useful	-0.04	2.19
subsidy	-0.04	2.21
carry	-0.04	2.57
genetic	-0.04	2.07
capitalism	-0.04	2.01
regret	-0.04	3.19
quicker	-0.04	2.96
covers	-0.04	2.26
feature	-0.04	1.51
personal	-0.04	2.86
home	-0.04	2.78
35	-0.04	2.54
hiring	-0.04	2.61
news	-0.04	2.25
prices	-0.04	2.38
bank	-0.04	2.36
executive	-0.04	2.30
hungry	-0.04	2.00
cabinet	-0.04	2.30
channel	-0.04	1.46
bond	-0.04	2.48
test	-0.04	2.26
pm	-0.04	2.50
accidentally	-0.04	2.16
mainstream	-0.04	2.02
sentiment	-0.04	2.78
shake	-0.03	2.21
thrown	-0.03	2.65
swear	-0.03	2.03
quarter	-0.03	2.40
manager	-0.03	1.89
survey	-0.03	2.38
suits	-0.03	1.88
button	-0.03	2.27
jerk	-0.03	2.25
shortage	-0.03	2.61
20	-0.03	2.74
metadata	-0.03	2.37
candidate	-0.03	2.38
connected	-0.03	2.60
suitable	-0.03	1.89
winning	-0.03	2.06
taxing	-0.03	2.23
grand	-0.03	2.49
trusts	-0.03	2.39
productive	-0.03	2.44
landlords	-0.03	2.17
affected	-0.03	2.41
consume	-0.03	2.42
difficulty	-0.03	1.90
donation	-0.03	2.46
distribution	-0.03	2.45
cry	-0.03	2.22
print	-0.03	2.35
totally	-0.03	3.31
published	-0.03	2.59
tells	-0.03	2.44
payment	-0.03	2.54
security	-0.03	2.19
smith	-0.02	2.31
stayed	-0.02	2.85
recognised	-0.02	1.89
helen	-0.02	2.39
citizens	-0.02	2.60
inevitable	-0.02	2.02
blowing	-0.02	2.41
immigration	-0.02	2.14
2002	-0.02	2.38
research	-0.02	2.49
christ	-0.02	1.76
wasted	-0.02	2.41
faster	-0.02	2.75
assistance	-0.02	2.56
committee	-0.02	2.42
rent	-0.02	2.48
former	-0.02	2.37
prisons	-0.02	2.25
7	-0.02	2.78
provides	-0.02	2.19
passport	-0.02	2.42
fibre	-0.02	1.99
account	-0.02	2.42
u.s	-0.02	2.55
tape	-0.02	2.37
ideally	-0.01	2.72
cent	-0.01	2.48
liberal	-0.01	2.26
insulation	-0.01	1.73
operations	-0.01	2.16
deposit	-0.01	2.43
unknown	-0.01	2.09
papers	-0.01	2.41
gangs	-0.01	2.17
entering	-0.01	2.55
technical	-0.01	2.31
purchase	-0.01	2.45
include	-0.01	2.56
maximum	-0.01	2.28
rents	-0.01	2.35
write	-0.01	2.64
governance	-0.01	2.32
representing	-0.01	1.97
takes	-0.01	3.16
properties	-0.01	2.20
begin	-0.01	2.51
supply	-0.01	2.25
weapon	-0.01	2.13
recently	-0.01	3.62
metric	-0.01	2.44
nose	-0.01	2.35
common	-0.01	2.54
grades	-0.01	2.33
registered	-0.01	2.37
stood	-0.00	2.55
installed	-0.00	1.98
authority	-0.00	2.39
tenant	-0.00	2.40
liability	-0.00	2.40
residential	-0.00	2.10
maintaining	-0.00	1.80
foreign	-0.00	2.22
spell	-0.00	3.11
tiny	-0.00	2.13
weapons	-0.00	2.22
router	-0.00	2.09
granted	-0.00	2.39
save	-0.00	2.78
olds	-0.00	2.55
represented	-0.00	2.15
doctors	-0.00	2.31
10	-0.00	2.74
official	-0.00	2.28
demographic	-0.00	2.42
hacker	-0.00	2.38
intentions	0.00	2.82
sore	0.00	1.94
expert	0.00	2.43
unbiased	0.00	2.50
ipredict	0.00	2.32
piece	0.00	1.88
referring	0.00	4.14
drops	0.00	2.33
worldwide	0.00	1.95
promising	0.00	2.11
courses	0.00	2.37
multiple	0.00	2.87
price	0.00	2.39
pirate	0.00	1.79
sex	0.01	2.15
mana	0.01	2.28
invasion	0.01	2.10
jones	0.01	2.44
sector	0.01	2.34
didnt	0.01	3.16
wider	0.01	2.22
tenants	0.01	2.38
grad	0.01	2.68
sized	0.01	1.79
roll	0.01	2.84
listen	0.01	2.54
relatively	0.01	2.25
text	0.01	2.46
sis	0.01	2.35
unit	0.01	2.15
collapse	0.01	2.12
salary	0.01	2.50
landlord	0.01	2.38
speaker	0.01	2.36
market	0.01	2.25
mp	0.01	2.39
reached	0.01	2.58
population	0.01	2.36
conclusions	0.01	2.66
played	0.01	1.46
size	0.01	2.31
capita	0.01	2.32
ironically	0.02	2.42
stored	0.02	2.49
police	0.02	2.61
nicely	0.02	1.88
program	0.02	2.32
detail	0.02	2.36
loose	0.02	1.89
licence	0.02	2.25
chrome	0.02	2.10
first	0.02	3.39
presence	0.02	2.34
homes	0.02	2.20
ads	0.02	1.83
awake	0.02	2.22
released	0.02	2.35
taking	0.02	3.55
avoiding	0.02	2.47
accounting	0.02	2.23
declared	0.02	2.30
expectation	0.02	2.62
hole	0.02	2.50
brave	0.02	2.16
dressed	0.02	2.32
model	0.02	2.40
protesting	0.02	2.07
lawyers	0.02	2.49
show	0.03	1.78
meaningful	0.03	2.58
protest	0.03	2.00
wars	0.03	2.14
auction	0.03	2.32
phone	0.03	2.30
quoted	0.03	2.88
accidents	0.03	2.47
rental	0.03	2.26
flair	0.03	2.20
knew	0.03	3.63
oia	0.03	2.37
death	0.03	2.08
speculation	0.03	2.27
old	0.03	2.84
dump	0.03	2.10
currency	0.03	2.38
pressure	0.03	2.25
bunch	0.03	2.14
internet-mana	0.03	2.30
sticking	0.03	2.17
ignored	0.03	2.58
carbon	0.03	2.15
painting	0.03	1.88
releasing	0.03	2.36
level	0.03	2.26
pricing	0.03	2.23
break	0.03	3.00
hone	0.03	2.03
caucus	0.04	2.40
crown	0.04	2.25
contribute	0.04	2.45
compared	0.04	2.11
commission	0.04	2.52
paint	0.04	1.80
pass	0.04	2.47
forth	0.04	2.36
keys	0.04	2.22
publishing	0.04	2.33
boxes	0.04	2.01
science	0.04	2.37
role	0.04	2.35
development	0.04	2.28
beaten	0.04	1.88
vision	0.04	2.21
ear	0.04	2.26
shipping	0.04	2.37
students	0.04	2.31
penis	0.04	2.00
according	0.04	2.86
banking	0.04	2.25
producing	0.04	2.29
reference	0.05	2.33
cunliffe	0.05	2.54
shifts	0.05	2.85
blogs	0.05	2.37
opportunity	0.05	2.64
informed	0.05	2.93
identify	0.05	2.93
andrew	0.05	1.96
campaigning	0.05	2.25
morgan	0.05	2.20
15	0.05	2.69
purchasing	0.05	2.47
anyways	0.05	2.69
memory	0.05	2.28
ready	0.05	2.84
tough	0.05	2.18
wording	0.05	2.75
search	0.05	2.35
ip	0.05	2.23
stats	0.05	2.46
shed	0.06	2.04
risky	0.06	1.90
profitable	0.06	2.57
united	0.06	2.36
puts	0.06	2.70
whaleoil	0.06	2.28
destroying	0.06	2.20
breath	0.06	2.35
foundation	0.06	2.12
haka	0.06	1.85
intelligence	0.06	2.27
arrived	0.06	2.43
25	0.06	2.65
holding	0.06	2.75
viable	0.06	2.68
wallet	0.06	2.38
mr	0.06	2.75
history	0.06	2.35
events	0.07	2.07
wiki	0.07	2.39
dance	0.07	2.33
fat	0.07	1.60
economy	0.07	2.48
stronger	0.07	2.62
winston	0.07	2.29
lab	0.07	2.31
fta	0.07	2.56
doesnt	0.07	2.92
cultures	0.07	2.44
8	0.07	2.75
network	0.07	2.01
supposedly	0.07	1.83
appears	0.07	2.31
learned	0.07	2.54
efforts	0.07	2.39
grant	0.07	2.49
exchange	0.07	2.29
populations	0.07	2.09
activity	0.07	2.28
random	0.07	2.16
hopefully	0.07	3.67
developed	0.07	2.36
polling	0.07	2.33
80s	0.07	2.42
checking	0.07	2.53
capacity	0.07	2.19
details	0.07	2.64
reviews	0.07	2.01
casual	0.08	2.28
units	0.08	2.02
generations	0.08	2.53
operate	0.08	2.09
ms	0.08	1.98
cable	0.08	2.00
respond	0.08	3.33
blocked	0.08	2.23
female	0.08	2.10
firm	0.08	2.38
cunt	0.08	1.69
atm	0.08	2.39
boot	0.08	2.45
item	0.08	2.38
date	0.08	2.74
windy	0.08	2.53
letter	0.08	2.50
desk	0.08	2.01
peters	0.08	2.31
rational	0.08	2.47
secret	0.08	2.25
adds	0.08	1.77
worthy	0.08	2.20
balanced	0.08	2.49
asleep	0.08	2.56
networks	0.09	2.04
isnt	0.09	2.62
information	0.09	2.34
report	0.09	2.74
yellow	0.09	1.84
settle	0.09	2.79
sentences	0.09	2.49
removed	0.09	2.23
growing	0.09	2.27
conversation	0.09	2.61
maintenance	0.09	2.22
equipment	0.09	2.14
mobile	0.09	2.18
lights	0.09	2.02
colleagues	0.09	2.04
nationals	0.09	2.47
trading	0.09	2.36
requiring	0.09	2.22
draft	0.09	2.21
chances	0.10	2.76
steal	0.10	2.24
join	0.10	2.49
contributions	0.10	2.19
teeth	0.10	1.92
looked	0.10	3.24
television	0.10	1.61
tickets	0.10	2.32
kicking	0.10	2.62
resort	0.10	2.15
representative	0.10	2.21
holes	0.10	2.37
positions	0.10	2.48
usage	0.10	2.17
finance	0.10	2.27
officially	0.10	2.72
treating	0.10	2.49
bitcoin	0.10	2.28
via	0.10	2.33
meant	0.10	4.51
final	0.10	2.22
respected	0.10	2.19
scientists	0.10	2.33
leaked	0.10	2.30
24	0.10	2.66
users	0.11	2.26
portion	0.11	2.34
highlight	0.11	2.01
data	0.11	2.26
along	0.11	2.96
fluoride	0.11	1.99
referendum	0.11	2.51
manufacturing	0.11	2.23
hurts	0.11	2.22
experts	0.11	2.36
ladies	0.11	1.86
seymour	0.11	2.12
extend	0.11	1.93
attacked	0.11	2.50
exceptions	0.11	2.16
harre	0.11	2.20
gfc	0.11	2.42
ministry	0.11	2.21
ripped	0.11	2.32
pollution	0.11	2.13
mud	0.11	2.14
hope	0.11	4.06
dose	0.11	2.02
license	0.11	2.23
clark	0.12	2.23
reduces	0.12	2.12
servers	0.12	2.16
inherently	0.12	2.75
references	0.12	2.27
alcohol	0.12	2.01
engineer	0.12	2.49
its	0.12	3.89
feeding	0.12	2.34
wof	0.12	2.29
oz	0.12	2.55
professional	0.12	2.26
label	0.12	2.33
trademe	0.12	2.45
material	0.12	2.25
ordinary	0.12	2.22
active	0.12	2.40
innovation	0.12	2.31
patient	0.12	2.11
earlier	0.12	3.19
legitimately	0.12	2.78
finally	0.12	3.43
2009	0.12	2.47
brings	0.12	1.66
bodies	0.12	2.17
trick	0.12	2.45
stay	0.12	3.24
sit	0.12	2.84
twist	0.12	2.38
consideration	0.12	2.68
fixed	0.12	2.25
wholesale	0.12	2.25
ge	0.12	2.15
levels	0.13	2.12
campbell	0.13	1.65
movement	0.13	2.27
accounts	0.13	2.31
stock	0.13	2.28
armed	0.13	2.38
copy	0.13	2.37
extended	0.13	2.20
citizenship	0.13	2.30
heart	0.13	1.76
persons	0.13	2.53
governments	0.13	2.35
narrow	0.13	2.39
parallel	0.13	2.16
mentions	0.13	1.81
message	0.13	2.52
rules	0.13	2.36
wrote	0.13	2.77
land	0.13	2.11
resident	0.13	2.46
documents	0.13	2.30
own	0.13	2.94
gang	0.13	2.19
range	0.13	2.42
glasses	0.13	1.96
carried	0.13	2.44
technology	0.13	2.17
recommended	0.13	2.09
councils	0.13	2.33
build	0.14	2.05
storm	0.14	1.96
discuss	0.14	2.98
nowhere	0.14	2.34
recession	0.14	2.27
poster	0.14	2.82
caps	0.14	1.83
stick	0.14	2.83
influence	0.14	2.48
recent	0.14	2.48
ears	0.14	2.40
computer	0.14	2.11
leadership	0.14	2.23
premium	0.14	2.14
joyce	0.14	2.52
appointment	0.14	2.41
breaking	0.14	2.55
meeting	0.14	2.38
loans	0.14	2.04
dedicated	0.14	2.03
iirc	0.14	2.32
student	0.14	2.36
database	0.14	2.35
pretty	0.14	3.00
monitoring	0.14	2.23
loop	0.14	2.36
eyes	0.14	2.43
cam	0.14	2.04
across	0.14	2.67
elements	0.15	2.24
board	0.15	2.08
regards	0.15	2.56
tank	0.15	1.94
earthquakes	0.15	2.44
risks	0.15	2.21
0	0.15	2.32
hit	0.15	2.34
fortunately	0.15	1.97
graduate	0.15	2.42
finished	0.15	2.58
face	0.15	2.34
domain	0.15	2.22
id	0.15	2.30
results	0.15	2.38
life	0.15	2.79
included	0.15	2.44
tech	0.15	2.21
locally	0.15	2.12
protecting	0.15	2.28
finish	0.15	2.75
efficiency	0.15	2.07
finger	0.15	2.39
arent	0.15	2.75
engineering	0.15	2.34
counts	0.15	2.35
play	0.15	1.45
rooms	0.15	2.14
goods	0.16	2.18
flatmates	0.16	2.50
losses	0.16	2.39
tolerance	0.16	2.08
achieved	0.16	2.33
tracking	0.16	2.45
breaks	0.16	2.42
harawira	0.16	2.22
limit	0.16	2.05
emails	0.16	2.27
launch	0.16	2.16
advance	0.16	2.37
thought	0.16	3.95
names	0.16	2.62
classified	0.16	2.24
markets	0.16	2.31
challenge	0.16	2.29
effective	0.16	2.35
inner	0.16	2.01
treasury	0.16	2.34
frame	0.16	2.35
2011	0.16	2.37
elaborate	0.16	2.60
animal	0.16	1.79
3-4	0.16	3.02
foreigners	0.17	2.09
meters	0.17	2.70
covered	0.17	2.34
resulted	0.17	1.97
possibility	0.17	2.30
advanced	0.17	1.89
email	0.17	2.39
leak	0.17	2.25
23	0.17	2.62
critical	0.17	2.65
um	0.17	2.01
improvement	0.17	1.92
steps	0.17	2.69
stance	0.17	2.27
scratch	0.17	2.48
12	0.18	2.66
flow	0.18	2.28
km	0.18	2.47
avoided	0.18	2.57
discount	0.18	2.40
contributing	0.18	2.46
journalist	0.18	2.11
fill	0.18	2.59
mouth	0.18	2.34
giant	0.18	1.48
hour	0.18	2.81
quote	0.18	2.91
2007	0.18	2.42
grown	0.18	2.26
modem	0.18	1.97
originally	0.18	2.95
degree	0.18	2.39
debate	0.18	2.39
subtle	0.18	2.25
culture	0.18	1.99
threatened	0.18	2.40
arm	0.19	2.29
path	0.19	2.58
hero	0.19	1.45
checks	0.19	2.22
kiwis	0.19	2.41
screen	0.19	1.96
balance	0.19	2.47
13	0.19	2.66
named	0.19	2.05
cameron	0.19	2.34
regional	0.19	1.91
fireworks	0.19	2.17
walls	0.19	1.75
2010	0.19	2.44
mentally	0.19	2.44
accessible	0.19	2.37
door	0.19	2.40
leader	0.19	2.37
serving	0.19	2.17
alliance	0.19	2.29
bridges	0.19	2.42
ordered	0.20	2.14
software	0.20	2.23
pre	0.20	2.40
cat	0.20	1.89
rage	0.20	2.19
checked	0.20	2.73
inefficient	0.20	1.74
18	0.20	2.59
note	0.20	3.21
mark	0.20	1.98
pink	0.20	1.84
tricky	0.20	2.33
president	0.20	2.26
bright	0.20	1.97
sound	0.20	2.76
amazon	0.20	2.35
discourse	0.20	2.31
cast	0.20	2.19
steady	0.20	2.39
deals	0.20	2.23
wifi	0.20	2.04
creating	0.20	2.35
emissions	0.20	2.14
discussions	0.21	2.49
ground	0.21	2.28
boom	0.21	2.22
grab	0.21	2.32
owners	0.21	2.08
22	0.21	2.58
box	0.21	2.18
estate	0.21	2.16
expenses	0.21	2.32
variety	0.21	2.65
printing	0.21	2.27
folks	0.21	2.02
field	0.21	1.85
26	0.21	2.55
throat	0.21	2.19
society	0.21	2.66
offers	0.21	2.20
requests	0.21	2.18
agricultural	0.22	2.18
indian	0.22	1.61
clarify	0.22	4.28
modern	0.22	2.08
borrowing	0.22	2.24
trans	0.22	2.00
mega	0.22	2.10
debt	0.22	2.27
14	0.22	2.62
small	0.22	2.02
counting	0.22	2.40
lowest	0.22	2.24
radio	0.22	1.95
owner	0.22	2.13
document	0.22	2.37
curious	0.22	3.12
babies	0.22	1.94
machine	0.22	2.21
numbers	0.22	2.39
deaths	0.22	2.15
beginning	0.23	2.32
reaction	0.23	2.16
glass	0.23	1.75
brown	0.23	1.80
project	0.23	2.21
member	0.23	2.26
declined	0.23	2.36
institutions	0.23	2.29
gaming	0.23	2.32
promoting	0.23	2.25
heading	0.23	3.07
team	0.23	1.47
fell	0.23	2.36
selection	0.23	1.88
bottom	0.23	2.39
ran	0.23	2.44
bare	0.23	1.96
projects	0.23	2.15
chosen	0.23	2.50
windows	0.23	2.06
reading	0.23	2.79
version	0.23	2.07
double	0.23	1.97
exam	0.23	2.27
quick	0.23	2.44
expensive	0.23	2.62
match	0.23	1.89
ie	0.24	2.59
walked	0.24	2.44
items	0.24	2.35
universities	0.24	2.27
dozen	0.24	2.62
responded	0.24	3.08
transmission	0.24	2.03
return	0.24	2.41
german	0.24	1.98
union	0.24	2.03
curiosity	0.24	2.46
cos	0.24	2.44
steam	0.24	1.78
metal	0.24	1.83
planned	0.24	2.61
wake	0.24	2.33
cows	0.24	1.80
nicky	0.24	2.23
deputy	0.24	2.42
window	0.24	2.13
audience	0.24	2.18
success	0.24	2.13
sums	0.24	2.20
emphasis	0.24	2.45
computers	0.25	2.06
boomers	0.25	2.39
export	0.25	2.11
open	0.25	2.68
kept	0.25	2.23
living	0.25	2.68
announcement	0.25	2.34
career	0.25	2.33
retailers	0.25	2.17
bound	0.25	2.21
players	0.25	1.52
recovery	0.25	2.22
nuclear	0.25	2.06
masters	0.25	2.35
republic	0.25	2.11
understood	0.25	3.01
pipe	0.25	1.85
don	0.25	1.82
rating	0.25	2.23
booth	0.26	2.27
traveling	0.26	3.03
earthquake	0.26	2.12
consumer	0.26	2.16
baby	0.26	2.00
hitting	0.26	2.09
submit	0.26	2.49
guarantee	0.26	2.96
3d	0.26	2.19
bringing	0.26	2.58
booked	0.26	2.78
some	0.26	3.40
weight	0.26	2.12
brands	0.26	2.20
coverage	0.26	2.05
kit	0.26	1.86
pregnant	0.26	2.41
phd	0.26	2.33
represent	0.26	2.16
wherever	0.26	3.09
performing	0.26	2.35
exercise	0.26	2.28
deficit	0.26	2.21
circle	0.26	2.21
speeding	0.26	2.22
staying	0.26	2.93
mad	0.27	2.20
european	0.27	2.09
2013	0.27	2.45
charity	0.27	2.15
feed	0.27	2.31
electricity	0.27	2.03
consumption	0.27	2.12
solar	0.27	1.79
dr	0.27	2.18
95	0.27	2.27
stream	0.27	1.58
sensible	0.27	2.45
rolling	0.27	2.44
28	0.27	2.55
raped	0.27	2.41
tl	0.28	2.10
capable	0.28	2.36
sport	0.28	1.30
16	0.28	2.49
sample	0.28	2.29
lines	0.28	2.25
storage	0.28	2.11
reduced	0.28	2.20
deep	0.28	2.20
releases	0.28	2.19
17	0.28	2.53
intended	0.28	2.40
surplus	0.28	2.28
close	0.28	2.85
pills	0.28	2.39
digging	0.28	2.41
cats	0.28	1.68
options	0.28	2.48
feelings	0.28	2.16
judith	0.28	2.40
fyi	0.28	2.59
below	0.28	2.25
nations	0.28	2.34
thoughts	0.28	2.46
ours	0.28	1.87
stations	0.28	1.80
visits	0.29	2.19
freaking	0.29	1.71
pure	0.29	1.86
housing	0.29	2.11
williams	0.29	1.93
crash	0.29	2.29
accommodation	0.29	2.14
ruined	0.29	1.89
closest	0.29	2.01
ex	0.29	2.51
replacement	0.29	2.10
delivery	0.29	2.17
climate	0.29	2.29
hang	0.29	2.47
attention	0.29	2.67
48	0.29	2.48
impression	0.29	2.84
studylink	0.29	2.28
aus	0.29	2.71
mins	0.30	2.82
red	0.30	1.86
talent	0.30	2.32
missing	0.30	3.89
killed	0.30	2.23
strength	0.30	2.05
read	0.30	2.80
blow	0.30	2.14
knife	0.30	2.22
includes	0.30	2.30
bulk	0.30	2.23
mistakes	0.30	3.02
floating	0.31	2.17
relief	0.31	2.39
legs	0.31	2.01
gay	0.31	2.07
27	0.31	2.42
building	0.31	1.98
council	0.31	2.20
america	0.31	2.74
relations	0.31	2.10
mob	0.31	2.14
fed	0.31	2.37
burn	0.31	2.11
college	0.31	1.93
beauty	0.31	1.83
listened	0.32	2.45
david	0.32	2.29
filling	0.32	2.22
lounge	0.32	2.05
advertised	0.32	2.25
supposed	0.32	4.10
norman	0.32	2.47
strike	0.32	1.98
economies	0.32	2.32
apologise	0.32	2.76
sat	0.32	2.42
accident	0.32	2.22
subjects	0.32	2.16
surface	0.32	2.25
45	0.32	2.60
childhood	0.32	2.21
answer	0.32	3.56
handy	0.32	2.40
politically	0.32	2.61
trend	0.32	2.53
y	0.32	1.98
11	0.32	2.59
amongst	0.32	2.23
discussing	0.32	2.46
new	0.32	3.11
generated	0.33	2.32
fewer	0.33	2.66
pot	0.33	2.07
preferred	0.33	2.48
ceo	0.33	2.12
burning	0.33	2.12
animals	0.33	1.68
exports	0.33	2.18
soil	0.33	2.04
wheel	0.33	2.39
behalf	0.34	2.19
grow	0.34	2.14
arrive	0.34	2.52
states	0.34	2.64
appeared	0.34	2.32
courier	0.34	2.24
french	0.34	2.00
finding	0.34	2.99
study	0.34	2.33
pulled	0.34	2.41
australia	0.34	2.74
90	0.34	2.37
drove	0.34	2.55
skin	0.34	1.92
please	0.34	3.63
leaving	0.34	2.94
transfer	0.34	2.39
hello	0.34	2.06
energy	0.34	2.00
products	0.35	2.04
opened	0.35	2.34
21	0.35	2.50
generation	0.35	2.09
fonterra	0.35	2.02
boss	0.35	2.60
doors	0.35	2.36
fuckers	0.35	1.94
keeping	0.35	2.57
lift	0.35	2.25
omg	0.35	1.99
gp	0.35	2.23
uni	0.35	2.32
share	0.35	2.63
strictly	0.35	2.21
contribution	0.35	2.30
r	0.35	2.26
ps	0.35	2.28
wide	0.35	1.96
engine	0.35	2.08
earned	0.35	2.44
tv3	0.36	1.70
playing	0.36	1.37
spread	0.36	1.71
environment	0.36	2.27
yours	0.36	2.71
dirt	0.36	2.25
listening	0.36	2.25
smell	0.36	1.77
sources	0.36	2.40
joe	0.36	2.15
perceived	0.36	2.19
unhealthy	0.36	2.08
masses	0.36	2.09
medium	0.36	2.14
blog	0.36	2.40
dropping	0.36	2.34
chuck	0.36	2.27
game	0.36	1.34
uc	0.36	2.25
selected	0.37	2.22
number	0.37	2.55
max	0.37	2.15
electric	0.37	1.96
plate	0.37	2.09
local	0.37	2.17
english	0.37	2.17
produce	0.37	2.11
sells	0.37	2.21
americans	0.37	2.06
leg	0.37	2.30
usa	0.37	2.48
minimal	0.37	2.02
june	0.37	2.42
dependent	0.37	2.11
games	0.37	1.31
question	0.37	3.36
relationship	0.37	2.29
margin	0.37	2.55
openly	0.37	2.27
2degrees	0.38	2.02
hat	0.38	1.98
couch	0.38	2.19
locked	0.38	2.32
engage	0.38	2.48
moved	0.38	2.96
uk	0.38	2.61
power	0.38	2.07
paula	0.38	2.35
jumped	0.38	2.09
expense	0.38	2.12
membership	0.38	2.21
replacing	0.38	2.07
pak	0.38	1.84
flatmate	0.38	2.40
strong	0.38	2.04
killer	0.39	1.97
initially	0.39	3.10
android	0.39	2.21
filter	0.39	2.02
book	0.39	2.28
la	0.39	1.83
stuck	0.39	2.06
grade	0.39	2.03
addition	0.39	2.16
independence	0.39	2.21
closed	0.39	2.24
90s	0.39	2.33
department	0.39	2.31
somewhere	0.39	3.23
friends	0.39	2.76
shoulder	0.39	2.33
applies	0.39	2.49
f	0.39	2.40
officer	0.39	2.16
grammar	0.40	2.19
phil	0.40	2.14
september	0.40	2.46
muldoon	0.40	2.11
topic	0.40	2.41
construction	0.40	2.25
duck	0.40	1.95
bomb	0.40	2.10
web	0.40	2.10
britain	0.40	2.37
rebuild	0.40	2.28
slept	0.40	2.54
interestingly	0.40	2.36
approved	0.40	2.02
aircraft	0.40	2.24
marks	0.40	2.09
welly	0.40	1.88
materials	0.40	2.11
strip	0.40	2.15
exposure	0.40	2.19
searching	0.40	2.19
wee	0.41	1.77
calm	0.41	2.12
alternatives	0.41	2.41
excessive	0.41	2.09
hint	0.41	2.36
plastic	0.41	1.96
imo	0.41	2.13
eye	0.41	2.35
maintain	0.41	2.20
notes	0.41	2.23
imported	0.41	2.20
factory	0.41	2.00
sky	0.41	1.54
volunteer	0.41	2.87
character	0.41	2.06
talks	0.41	2.69
hanging	0.41	2.48
linking	0.41	2.60
period	0.41	2.71
poll	0.41	2.33
app	0.41	2.09
dunno	0.42	2.01
polls	0.42	2.36
retail	0.42	2.15
escape	0.42	2.14
visited	0.42	2.92
bedroom	0.42	2.04
mission	0.42	1.80
safely	0.42	2.70
carrying	0.42	2.24
above	0.42	2.60
university	0.42	2.25
real	0.42	2.48
forever	0.42	2.69
laptop	0.42	1.98
barrier	0.42	2.13
present	0.42	2.25
b	0.43	2.06
regime	0.43	1.82
subsidies	0.43	2.14
lame	0.43	1.85
user	0.43	2.49
robertson	0.43	2.24
weekends	0.43	2.71
debates	0.43	1.95
streaming	0.43	1.53
december	0.43	2.52
online	0.44	2.10
developing	0.44	2.12
gig	0.44	2.58
limits	0.44	2.06
neighbours	0.44	2.23
hawaii	0.44	2.16
alongside	0.44	2.18
downvoting	0.44	2.73
player	0.44	1.61
google	0.44	2.39
ticket	0.45	2.29
article	0.45	2.72
family	0.45	2.56
2000	0.45	2.44
neither	0.45	2.42
linked	0.45	2.56
relationships	0.45	2.24
commonwealth	0.45	2.35
shape	0.45	1.70
combination	0.45	1.58
early	0.45	2.64
quota	0.45	2.32
loads	0.45	1.94
portfolio	0.45	2.28
electronics	0.45	2.14
collective	0.45	2.39
punch	0.45	2.40
his	0.45	2.79
conditions	0.45	1.73
colin	0.45	2.28
sigh	0.45	2.23
china	0.46	2.36
hilarious	0.46	1.95
guns	0.46	2.35
adequate	0.46	2.09
forum	0.46	2.47
young	0.46	2.43
germany	0.46	2.35
upload	0.46	1.60
toilet	0.46	2.12
statistically	0.46	1.99
director	0.46	2.18
19	0.46	2.42
citizen	0.46	2.51
pig	0.46	1.77
phones	0.46	2.05
9	0.46	2.49
average	0.46	2.38
diplomatic	0.46	2.23
hits	0.47	2.22
imho	0.47	2.44
shoot	0.47	2.46
ok	0.47	3.72
gun	0.47	2.14
downvote	0.47	2.84
leaders	0.47	2.22
leading	0.47	2.05
blacks	0.47	1.59
goff	0.47	2.10
statement	0.48	3.64
affordable	0.48	2.08
excess	0.48	2.08
floor	0.48	2.05
younger	0.48	2.33
followed	0.48	2.29
advantage	0.48	2.45
adding	0.48	2.22
vice	0.48	2.10
dunne	0.48	2.09
october	0.48	2.48
posted	0.48	2.85
countries	0.48	2.52
sticks	0.48	2.08
jesus	0.49	1.75
mod	0.49	2.35
civilian	0.49	2.11
golf	0.49	1.72
girlfriend	0.49	2.77
blocks	0.49	1.86
structure	0.49	2.42
noted	0.49	2.35
anger	0.49	1.81
disputes	0.49	2.51
schedule	0.49	2.00
tv	0.49	1.55
previous	0.49	2.45
infrastructure	0.49	2.04
contacts	0.49	2.03
low	0.50	2.09
mods	0.50	2.70
porn	0.50	1.85
ardern	0.50	2.48
efficient	0.50	2.38
strangers	0.50	2.36
painted	0.50	1.79
space	0.50	2.24
apartments	0.51	2.11
midnight	0.51	2.66
ruin	0.51	2.04
agriculture	0.51	2.04
neck	0.51	2.02
reserve	0.51	2.13
humanity	0.51	2.00
canada	0.51	2.53
density	0.51	2.03
club	0.51	1.85
placed	0.51	2.23
raining	0.51	1.80
sleep	0.51	2.62
farmers	0.51	1.93
heads	0.51	2.38
description	0.51	2.16
c	0.51	2.27
capture	0.51	2.18
tea	0.52	1.84
frequent	0.52	2.08
page	0.52	2.53
bag	0.52	1.85
regulations	0.52	2.09
title	0.52	2.64
cv	0.52	2.58
confusion	0.52	2.80
accent	0.52	2.06
download	0.52	1.72
tribunal	0.52	2.38
centre	0.52	2.55
parked	0.52	2.34
thin	0.52	1.92
birds	0.52	1.67
missed	0.52	3.63
huge	0.53	1.90
file	0.53	2.26
taxi	0.53	2.05
snapper	0.53	2.36
agents	0.53	2.20
yesterday	0.53	2.93
lets	0.53	2.62
solid	0.53	2.13
chain	0.53	2.06
feasible	0.53	3.43
areas	0.53	1.83
lifetime	0.53	2.29
bed	0.53	2.37
mayor	0.54	2.18
clear	0.54	3.36
fancy	0.54	2.09
passing	0.54	2.19
keeps	0.54	2.18
easiest	0.54	2.66
cell	0.54	2.25
sleeping	0.54	2.15
till	0.54	2.74
western	0.54	1.91
rises	0.55	2.19
brand	0.55	2.10
partner	0.55	2.41
facilities	0.55	1.84
established	0.55	2.26
jack	0.55	1.99
fuckin	0.55	1.83
perspective	0.55	2.47
discussion	0.55	2.51
content	0.55	1.98
netflix	0.55	1.67
cop	0.55	2.56
prior	0.55	2.42
branch	0.55	2.10
r/nz	0.55	2.61
warning	0.56	2.17
centres	0.56	2.16
bird	0.56	1.56
summary	0.56	2.40
apartment	0.56	2.09
amp	0.56	2.37
waiting	0.56	2.66
feet	0.56	1.98
mature	0.56	2.22
explanation	0.56	2.21
singapore	0.56	2.36
part	0.56	3.39
apple	0.56	1.91
species	0.56	1.89
wearing	0.56	1.86
restrictions	0.56	1.98
watch	0.56	1.55
surrounding	0.56	1.96
signal	0.56	2.07
manner	0.57	2.29
flats	0.57	2.21
submission	0.57	2.51
tie	0.57	1.69
farming	0.57	1.98
july	0.57	2.46
cops	0.57	2.39
taken	0.57	3.12
powder	0.57	1.85
garage	0.57	2.07
australians	0.57	1.91
corner	0.57	2.47
warehouse	0.57	2.20
subreddit	0.58	2.54
2014	0.58	2.29
gon	0.58	2.72
downvoted	0.58	2.90
threw	0.58	2.47
car	0.58	2.20
third	0.58	2.16
jump	0.58	2.34
links	0.59	2.52
maps	0.59	2.31
annual	0.59	2.04
league	0.59	1.60
vehicles	0.59	2.13
toast	0.59	1.59
websites	0.59	2.13
twitter	0.59	2.48
transport	0.59	2.17
passenger	0.59	2.01
gps	0.59	2.07
rolled	0.59	2.10
petrol	0.60	2.17
challenging	0.60	1.80
etc	0.60	2.30
london	0.60	2.39
logical	0.60	2.96
spam	0.60	2.29
foot	0.60	2.34
truck	0.60	2.23
helmet	0.61	2.01
bags	0.61	1.99
drunk	0.61	1.96
eastern	0.61	1.84
driver	0.61	2.13
add	0.61	2.62
produced	0.61	2.24
isolated	0.61	2.42
hair	0.61	1.93
joke	0.61	2.24
rugby	0.61	1.43
house	0.61	2.27
luckily	0.61	2.11
regions	0.61	2.23
industrial	0.61	1.98
record	0.61	2.05
zealander	0.62	2.36
russia	0.62	2.33
motivated	0.62	2.04
fast	0.62	2.36
peace	0.62	2.04
smart	0.62	2.19
kitchen	0.62	2.00
relevant	0.62	3.03
song	0.62	1.75
tim	0.63	2.49
january	0.63	2.32
rural	0.63	2.36
latest	0.63	2.13
cricket	0.63	1.46
cooking	0.63	2.03
such	0.63	2.82
distance	0.63	2.20
sub	0.63	2.57
picking	0.63	2.37
e	0.63	2.23
residents	0.64	2.14
trains	0.64	2.03
g	0.64	2.08
yard	0.64	2.19
answered	0.64	2.82
february	0.64	2.31
arts	0.64	1.84
secure	0.64	1.98
diet	0.64	1.83
paragraph	0.65	2.57
friend	0.65	2.84
teams	0.65	1.57
england	0.65	2.38
lady	0.66	2.45
saw	0.66	2.97
boys	0.66	1.98
stress	0.66	2.00
plants	0.66	1.92
russel	0.66	2.48
france	0.66	2.29
texts	0.66	2.14
minute	0.66	2.51
blanket	0.67	1.98
throughout	0.67	2.01
quality	0.67	1.65
coat	0.67	1.98
vehicle	0.67	2.10
fan	0.67	2.35
website	0.67	2.35
famous	0.67	1.69
candy	0.67	1.80
location	0.67	2.43
loaded	0.67	2.90
driving	0.67	2.02
peak	0.67	2.01
lived	0.68	2.63
graph	0.68	2.32
tag	0.68	2.17
football	0.68	1.43
dry	0.68	1.40
cyclists	0.68	2.03
fuel	0.68	2.14
original	0.68	3.05
guessing	0.68	3.42
cold	0.68	1.59
waitangi	0.68	2.13
comments	0.68	2.62
heat	0.68	1.67
room	0.69	2.12
posts	0.69	2.59
threads	0.69	2.58
wikipedia	0.69	2.47
ship	0.69	2.20
michael	0.69	1.92
rank	0.69	2.18
flags	0.69	2.08
devices	0.69	2.13
controls	0.69	1.90
waters	0.70	1.95
guy	0.70	3.03
annoyed	0.70	2.45
zealand	0.70	2.60
dairy	0.70	1.91
reddit	0.70	2.59
silver	0.70	2.04
sports	0.70	1.52
dc	0.70	2.21
lawn	0.70	1.81
pool	0.70	1.89
honest	0.70	3.70
4th	0.70	2.31
blind	0.70	2.06
pants	0.71	2.00
farms	0.71	1.84
answers	0.71	2.78
drivers	0.71	1.99
late	0.71	2.61
square	0.71	1.81
neat	0.71	1.79
massey	0.71	2.17
ships	0.71	2.08
inside	0.71	2.04
hes	0.71	1.98
industry	0.71	2.10
sustainable	0.71	2.13
speed	0.71	1.98
absolutely	0.72	2.87
battery	0.72	1.82
comfort	0.72	1.96
men	0.72	2.12
farm	0.72	1.81
traffic	0.72	2.09
foods	0.72	1.79
fits	0.72	2.90
pocket	0.72	2.15
upvoted	0.72	2.62
pair	0.72	2.01
plant	0.73	1.93
japan	0.73	2.37
fired	0.73	2.23
em	0.73	2.39
passes	0.73	2.19
van	0.73	1.87
nights	0.73	2.50
stays	0.73	2.12
represents	0.73	2.01
parts	0.73	2.42
district	0.73	2.23
log	0.73	2.14
born	0.73	2.41
additional	0.73	2.21
mighty	0.73	1.95
dead	0.74	1.74
korea	0.74	2.36
shirt	0.74	1.91
cross	0.74	1.96
store	0.74	2.05
digital	0.74	2.07
heating	0.74	1.65
made	0.74	3.62
cheap	0.74	2.18
wave	0.74	1.99
block	0.74	1.83
junk	0.74	1.92
remain	0.74	2.28
her	0.74	2.71
stretch	0.75	2.16
slow	0.75	2.09
heritage	0.75	2.02
conversations	0.75	2.15
suit	0.75	2.14
coal	0.75	1.97
karma	0.75	2.58
symbol	0.75	1.98
insight	0.76	2.38
ratio	0.76	1.98
san	0.76	2.09
genius	0.76	2.15
farmer	0.76	2.01
stores	0.76	2.08
natural	0.76	1.80
updated	0.76	2.63
accepting	0.76	2.09
crowd	0.77	2.02
okay	0.77	3.21
thread	0.77	2.75
reminded	0.77	2.08
live	0.77	2.80
n	0.77	1.91
british	0.77	2.13
honey	0.77	1.63
trucks	0.77	2.02
pc	0.77	1.88
middle	0.77	2.15
r/newzealand	0.78	2.53
queen	0.78	2.11
facebook	0.78	2.31
supermarket	0.78	2.13
lifestyle	0.78	1.89
europe	0.78	2.30
lane	0.78	2.12
tap	0.79	2.04
interested	0.79	3.18
videos	0.79	1.49
worried	0.79	3.11
sugar	0.79	1.69
24/7	0.80	2.01
peanut	0.80	1.62
signs	0.80	2.14
sites	0.80	2.07
riding	0.80	2.00
urban	0.80	2.02
travelling	0.80	2.42
mostly	0.80	2.40
countdown	0.80	2.14
lanes	0.80	2.13
ai	0.80	2.18
sorted	0.80	2.80
table	0.81	2.09
generous	0.81	2.13
homeless	0.81	2.17
american	0.81	2.12
cyclist	0.81	2.17
consistent	0.81	2.10
bathroom	0.81	1.95
routes	0.81	2.13
sarcasm	0.81	2.54
rock	0.81	1.68
replied	0.82	3.04
shall	0.82	2.11
november	0.82	2.33
sir	0.82	2.27
blue	0.82	1.81
supermarkets	0.82	2.03
tower	0.82	2.18
edge	0.82	1.94
site	0.82	2.25
africa	0.83	2.16
sheep	0.83	1.86
crossed	0.83	1.96
brief	0.83	2.11
cars	0.83	2.04
goddamn	0.83	2.19
budget	0.83	2.02
heck	0.84	1.58
publish	0.84	2.29
nation	0.84	2.39
second	0.84	2.61
crack	0.84	2.08
collection	0.84	2.17
fridge	0.85	1.90
australian	0.85	2.16
buses	0.85	1.99
glorious	0.85	2.03
mother	0.85	2.42
wife	0.85	2.54
perfect	0.86	1.98
dying	0.86	1.94
dress	0.86	1.89
youtube	0.86	1.66
train	0.86	2.15
na	0.86	2.79
gas	0.86	1.85
royal	0.87	2.07
located	0.87	2.23
aussies	0.87	1.93
spring	0.87	1.51
boyfriend	0.87	2.54
check	0.87	2.82
flight	0.87	2.14
potato	0.87	1.61
click	0.87	2.35
accurate	0.87	2.70
grey	0.87	1.74
march	0.87	2.05
drilling	0.88	2.07
suggestion	0.88	2.43
sydney	0.88	2.17
comment	0.88	2.84
poison	0.88	1.97
parker	0.88	2.09
mix	0.88	1.67
kid	0.88	2.50
jealous	0.88	2.40
im	0.88	2.90
whilst	0.89	2.00
deleted	0.89	2.59
processed	0.89	1.77
bottles	0.89	1.79
offshore	0.89	2.01
india	0.89	2.26
fire	0.89	1.90
birth	0.89	2.20
responses	0.89	2.69
fingers	0.89	2.05
african	0.90	2.01
shooting	0.90	2.11
neighbour	0.90	1.95
planes	0.90	1.99
april	0.90	2.20
t	0.90	2.08
competitive	0.91	2.02
milk	0.91	1.70
nail	0.91	1.82
river	0.91	1.61
thoroughly	0.91	2.58
jacket	0.91	1.83
clubs	0.91	1.86
coke	0.91	1.79
til	0.91	1.93
high	0.91	2.01
plane	0.91	2.11
wednesday	0.91	2.35
cities	0.92	2.16
york	0.92	2.13
depth	0.92	2.21
suburbs	0.92	2.08
band	0.92	1.68
production	0.92	1.90
flying	0.93	2.08
jacinda	0.93	2.41
soft	0.93	1.68
port	0.93	1.82
guide	0.93	2.15
shows	0.93	1.81
skinny	0.93	1.96
unique	0.94	1.99
map	0.94	2.15
road	0.94	2.06
responding	0.94	2.86
star	0.94	1.85
updates	0.94	2.13
booze	0.94	1.94
theres	0.94	1.90
post	0.94	2.68
cycle	0.95	2.05
melbourne	0.95	2.15
hunt	0.95	1.74
mid	0.95	2.32
iphone	0.95	2.01
woman	0.95	2.29
cup	0.95	1.62
helps	0.95	2.52
canterbury	0.95	2.06
shearer	0.95	1.99
comedy	0.96	1.52
murdered	0.96	2.06
irish	0.96	2.07
white	0.96	1.85
grew	0.96	2.21
hop	0.96	2.17
rest	0.96	3.08
bucket	0.97	2.03
plenty	0.97	2.54
uniform	0.97	1.80
stable	0.97	1.98
wash	0.97	1.96
filled	0.98	2.11
king	0.98	2.04
1st	0.98	2.25
bike	0.98	1.95
ride	0.98	2.19
cream	0.98	1.59
k	0.98	2.01
yo	0.98	2.31
library	0.98	1.86
campus	0.98	2.03
woke	0.98	2.25
l	0.99	1.77
air	0.99	1.90
concerned	0.99	2.93
sand	0.99	1.85
hotel	1.00	1.99
short	1.00	2.28
victoria	1.00	2.11
bus	1.00	2.13
dear	1.01	1.87
competent	1.01	1.83
bottle	1.01	1.85
posting	1.01	2.48
liquor	1.01	1.87
healthy	1.01	1.79
3rd	1.01	1.97
yep	1.01	2.17
2012	1.01	2.09
married	1.01	2.28
saturday	1.01	2.37
travel	1.01	2.42
california	1.01	2.50
logo	1.02	1.92
maui	1.02	1.79
father	1.02	2.32
shops	1.02	1.94
oil	1.02	1.90
delete	1.02	2.47
degrees	1.02	2.26
girl	1.02	2.43
clothes	1.02	1.82
decent	1.02	2.17
otago	1.02	2.10
questions	1.02	2.74
parking	1.02	1.96
rail	1.03	2.01
mixed	1.03	1.76
v	1.03	2.05
flavour	1.03	1.73
tuesday	1.03	2.36
mum	1.03	2.51
nick	1.04	1.99
upset	1.04	2.43
empire	1.04	2.04
suburb	1.04	2.19
drives	1.04	2.12
sounds	1.04	2.36
shop	1.04	1.98
replying	1.04	2.96
girls	1.05	2.07
colour	1.05	1.89
fresh	1.05	1.66
washing	1.05	1.86
cameras	1.06	2.00
served	1.06	1.95
ben	1.06	2.01
garden	1.07	1.85
taste	1.07	1.84
follows	1.07	2.33
akl	1.07	1.95
jumping	1.07	2.15
buildings	1.07	1.84
reckon	1.08	2.18
locations	1.08	2.09
min	1.08	2.25
butter	1.09	1.59
flights	1.09	2.09
studied	1.09	2.00
background	1.09	1.85
pack	1.09	2.07
husband	1.10	2.42
asia	1.10	2.11
leaves	1.10	1.91
george	1.10	2.02
arguably	1.10	2.63
follow	1.10	3.34
flash	1.10	1.93
chance	1.10	2.41
tip	1.10	2.34
wear	1.10	1.80
fern	1.10	1.96
commute	1.11	2.05
shopping	1.11	1.98
profile	1.12	2.17
miles	1.12	2.27
crew	1.12	1.89
2nd	1.12	2.14
convinced	1.12	2.85
update	1.12	2.44
motorway	1.12	1.93
vegetables	1.12	1.78
added	1.12	2.02
downvotes	1.13	2.47
bikes	1.13	1.83
revolution	1.13	1.88
canadian	1.13	2.11
familiar	1.13	2.60
ama	1.13	2.62
grass	1.13	1.89
black	1.13	1.83
airport	1.13	2.08
world	1.13	2.94
clean	1.14	1.81
observation	1.14	3.07
recommendations	1.14	2.12
author	1.14	3.13
night	1.14	2.25
food	1.14	1.71
soul	1.14	1.97
explaining	1.14	2.30
fruit	1.14	1.67
design	1.14	1.93
damned	1.15	1.71
assumed	1.15	2.98
daughter	1.15	2.33
redditor	1.15	2.33
colours	1.16	1.87
whale	1.16	1.99
eaten	1.17	1.76
o	1.17	2.10
drink	1.17	1.70
sister	1.17	2.34
op	1.17	2.59
wine	1.18	1.77
moon	1.19	1.67
flag	1.19	1.93
laila	1.19	2.34
bread	1.19	1.65
mall	1.20	2.07
pacific	1.20	1.75
telling	1.20	2.79
plug	1.20	2.00
u	1.20	2.13
rolls	1.21	1.95
coincidence	1.21	1.88
station	1.21	1.93
streets	1.21	1.97
alot	1.21	1.86
damn	1.22	2.03
moa	1.22	1.62
sorry	1.22	3.33
indicate	1.22	3.02
bugger	1.23	2.03
clothing	1.23	1.84
tastes	1.23	1.65
overnight	1.23	2.22
wet	1.23	1.60
ending	1.23	1.74
stars	1.23	1.84
fit	1.24	2.76
hollywood	1.24	1.68
dogs	1.24	1.88
fans	1.24	1.59
bridge	1.24	1.91
chip	1.24	1.72
response	1.24	2.47
sun	1.24	1.77
route	1.24	2.04
correction	1.24	2.56
uncle	1.24	1.73
excited	1.25	2.42
lacking	1.25	2.87
prefer	1.25	2.09
cheese	1.25	1.57
day	1.25	2.42
rarely	1.25	2.15
water	1.26	1.65
drinking	1.26	1.69
thursday	1.26	2.22
intense	1.26	1.81
roads	1.27	1.81
northern	1.27	1.81
during	1.27	2.13
prize	1.27	2.19
mining	1.27	1.92
city	1.27	1.98
bars	1.28	1.85
kidding	1.28	2.09
sea	1.28	1.87
native	1.28	1.68
willing	1.28	3.10
moves	1.28	2.52
gift	1.29	2.10
fb	1.29	2.18
wtf	1.29	2.42
waikato	1.29	1.85
conservation	1.30	1.66
correctly	1.30	3.08
hills	1.30	1.61
chocolate	1.30	1.62
steve	1.30	2.12
ol	1.30	1.97
images	1.30	2.04
cbd	1.30	2.00
keen	1.31	2.80
tomato	1.31	1.63
easy	1.32	2.55
russell	1.32	1.77
ton	1.32	1.87
raw	1.32	1.72
redditors	1.32	2.13
answering	1.32	2.52
shoes	1.32	1.75
jim	1.33	1.78
liking	1.33	1.86
unfortunately	1.33	2.98
beers	1.33	2.05
flat	1.33	1.54
mistake	1.33	2.86
coffee	1.34	1.62
sidebar	1.34	2.31
kfc	1.34	1.76
upvote	1.34	2.38
aussie	1.35	2.17
thats	1.35	2.43
lord	1.35	1.55
upper	1.36	1.88
fields	1.36	1.81
bar	1.36	1.83
judging	1.36	2.61
sunday	1.36	2.15
clever	1.36	1.95
errors	1.36	2.95
drinks	1.36	1.64
gareth	1.36	2.53
rivers	1.36	1.49
bin	1.37	1.98
indeed	1.37	2.21
fashion	1.37	1.92
forgot	1.37	2.60
shore	1.38	1.92
tunnel	1.38	1.82
bowl	1.38	1.94
fly	1.38	2.23
lists	1.38	1.90
shower	1.40	1.94
wind	1.40	1.93
august	1.40	1.81
season	1.40	1.75
error	1.41	2.90
st	1.41	1.92
pub	1.41	1.94
watched	1.41	1.63
lt	1.41	2.53
woah	1.41	1.85
prepared	1.41	2.44
dad	1.42	2.28
tourism	1.42	1.83
yup	1.42	2.15
places	1.42	2.16
fox	1.43	1.71
ice	1.43	1.46
historically	1.43	1.86
closing	1.43	1.71
naked	1.43	1.85
restaurant	1.45	1.80
ease	1.45	2.08
nope	1.45	2.40
enjoying	1.46	1.92
link	1.46	2.39
street	1.46	1.91
alright	1.46	1.92
light	1.47	2.14
exciting	1.48	1.51
picture	1.48	1.71
input	1.49	2.17
eh	1.49	2.10
fountain	1.50	1.92
suppose	1.50	2.77
toll	1.50	1.79
monday	1.50	2.15
dog	1.51	1.83
following	1.51	3.02
spelling	1.51	2.90
pop	1.51	1.89
image	1.51	1.97
hi	1.53	2.46
bakery	1.53	1.69
cycling	1.53	1.85
trail	1.54	1.86
lunch	1.54	1.53
brother	1.54	2.04
spirit	1.55	1.90
salt	1.55	1.67
boy	1.55	2.00
beer	1.55	1.67
tempted	1.56	3.10
cafe	1.56	1.72
replaced	1.56	1.79
remote	1.56	1.76
peter	1.56	1.68
mates	1.57	2.11
morning	1.59	2.07
huh	1.59	2.24
hutt	1.59	1.78
egg	1.59	1.44
friday	1.60	2.10
eating	1.60	1.40
wild	1.60	1.40
angle	1.60	1.78
yea	1.61	2.00
heh	1.61	2.26
wise	1.61	1.90
sauce	1.61	1.60
username	1.62	2.03
reply	1.62	2.47
video	1.63	1.48
restaurants	1.63	1.60
tight	1.63	1.99
te	1.64	1.81
feedback	1.64	2.05
wow	1.64	1.99
yay	1.64	1.89
southern	1.64	1.72
knowing	1.65	2.41
rocks	1.65	1.80
bang	1.65	2.12
oops	1.66	2.38
mine	1.66	2.33
songs	1.66	1.47
tho	1.66	1.77
near	1.66	2.18
uh	1.66	2.03
auckland	1.67	1.86
hoping	1.67	2.69
replies	1.67	2.18
activities	1.67	1.79
area	1.68	1.92
cloud	1.68	1.95
periods	1.68	1.81
son	1.68	2.28
proud	1.69	2.40
nicer	1.69	2.29
excellent	1.70	1.61
evening	1.70	1.96
info	1.70	2.13
eggs	1.70	1.49
rd	1.70	1.70
creative	1.71	1.43
suggestions	1.72	2.16
movies	1.73	1.41
heavy	1.74	1.90
features	1.74	1.95
lorde	1.74	1.86
p	1.74	2.03
congrats	1.74	1.74
santa	1.74	1.83
footage	1.74	1.99
spreading	1.75	1.74
impressed	1.76	2.31
ideal	1.76	2.20
hunting	1.76	1.61
dudes	1.76	1.97
moderate	1.76	1.94
edited	1.76	2.85
afternoon	1.77	1.96
weekend	1.77	1.98
bacon	1.77	1.50
impressive	1.77	1.85
fear	1.78	2.07
hamilton	1.78	1.76
wellington	1.78	1.78
hidden	1.78	1.90
region	1.78	1.76
rain	1.78	1.87
tomorrow	1.79	1.89
lens	1.79	1.85
gym	1.79	1.79
boat	1.79	1.85
music	1.80	1.52
gear	1.80	1.68
rings	1.80	1.61
ahh	1.80	2.07
beef	1.81	1.56
highway	1.81	1.73
smile	1.81	1.96
meat	1.81	1.54
meals	1.81	1.66
pies	1.82	1.55
quiet	1.83	1.90
ya	1.83	2.18
busy	1.83	2.18
camera	1.84	1.86
tasty	1.84	1.65
buddy	1.85	2.18
harbour	1.85	1.76
tourist	1.85	1.56
enormous	1.85	1.95
presents	1.85	1.74
greatly	1.85	1.73
pie	1.86	1.54
chill	1.86	1.82
chch	1.86	1.64
towns	1.86	1.77
superior	1.87	2.39
died	1.87	1.82
camp	1.87	1.63
drive	1.87	1.83
hah	1.88	2.08
dinner	1.88	1.54
breakfast	1.88	1.46
mcdonalds	1.88	1.64
today	1.88	1.94
cheapest	1.88	2.42
safe	1.90	2.25
careful	1.90	1.97
brothers	1.91	1.62
wedding	1.92	1.75
sausage	1.92	1.52
super	1.92	2.16
round	1.93	1.51
opening	1.93	2.00
lol	1.93	2.13
congratulations	1.94	1.79
combined	1.94	2.01
aye	1.94	2.03
theme	1.95	1.67
your	1.95	2.84
pizza	1.95	1.68
meal	1.96	1.59
crappy	1.97	1.15
helpful	1.97	1.83
eat	1.97	1.42
east	1.97	1.70
tasman	1.97	1.49
central	1.98	1.74
falls	1.98	1.70
fellow	1.98	1.76
downside	1.98	2.30
napier	1.98	1.71
occasional	1.98	1.71
advice	1.99	2.08
ah	1.99	2.14
invercargill	2.00	1.60
palmy	2.00	1.70
christchurch	2.00	1.74
holiday	2.00	1.85
holidays	2.00	1.92
stack	2.01	2.14
recommend	2.01	2.02
ha	2.01	1.89
bbq	2.01	1.54
walk	2.02	1.94
comfortable	2.02	2.27
pleasant	2.03	1.91
tree	2.03	1.47
place	2.03	2.73
intelligent	2.04	2.04
highlights	2.04	1.57
roast	2.04	1.64
edit	2.04	2.57
pork	2.04	1.54
books	2.04	1.72
display	2.05	1.96
palmerston	2.05	1.62
gold	2.05	1.89
miss	2.06	1.72
bloke	2.06	1.79
cooked	2.07	1.49
plymouth	2.07	1.74
watching	2.08	1.59
xmas	2.08	1.62
climb	2.08	1.65
fish	2.08	1.59
hmm	2.09	2.17
chur	2.09	1.96
ocean	2.10	1.60
south	2.10	1.64
status	2.10	2.10
movie	2.10	1.36
ta	2.10	2.03
worries	2.10	2.00
steak	2.12	1.46
ferry	2.12	1.75
nature	2.13	1.91
welcome	2.13	1.89
chips	2.13	1.50
gore	2.14	1.69
town	2.14	1.80
tourists	2.14	1.40
oh	2.14	2.02
hill	2.15	1.59
yeah	2.15	2.38
bonus	2.16	1.90
lamb	2.16	1.52
walking	2.16	1.63
golden	2.17	1.49
quo	2.17	2.10
chicken	2.18	1.47
dream	2.19	1.81
taranaki	2.20	1.57
pics	2.20	1.71
dunedin	2.21	1.61
bro	2.21	2.06
hahaha	2.23	1.71
brilliant	2.23	1.35
tour	2.26	1.63
jackson	2.27	1.67
ate	2.28	1.35
swim	2.29	1.58
trap	2.29	1.75
whangarei	2.31	1.60
craft	2.32	1.67
glad	2.33	2.22
fishing	2.33	1.48
valley	2.34	1.46
series	2.34	1.41
aww	2.35	1.78
trees	2.35	1.33
easter	2.36	1.53
track	2.36	1.59
appreciate	2.37	1.96
crossing	2.38	1.52
thank	2.38	1.87
detailed	2.39	1.54
models	2.39	1.65
sharing	2.39	1.66
trips	2.41	1.47
dude	2.42	1.95
album	2.42	1.60
chat	2.42	2.08
visiting	2.43	1.54
fine	2.43	2.20
peaceful	2.43	1.88
snow	2.43	1.29
tips	2.44	1.79
alive	2.45	1.94
doc	2.46	1.67
tauranga	2.46	1.56
north	2.46	1.51
diverse	2.47	1.47
west	2.48	1.43
trip	2.48	1.60
gardens	2.50	1.60
nah	2.51	2.01
incredible	2.52	1.37
guys	2.53	1.99
sweet	2.54	1.78
memories	2.57	1.16
cheers	2.58	1.92
shots	2.58	1.39
mate	2.60	1.98
tramping	2.60	1.41
pictures	2.60	1.71
nelson	2.60	1.42
sunny	2.61	1.85
warm	2.61	1.60
hey	2.62	2.00
burger	2.63	1.78
mt	2.63	1.43
camping	2.63	1.43
thanks	2.63	1.93
scene	2.63	1.32
winter	2.63	1.32
good	2.66	2.15
burgers	2.66	1.74
hut	2.66	1.43
appreciated	2.67	1.66
mountain	2.67	1.33
tonight	2.69	1.81
locals	2.70	1.33
landscape	2.70	1.50
weta	2.71	1.43
shot	2.72	1.89
hot	2.72	1.42
forest	2.75	1.23
cake	2.76	1.36
visit	2.76	1.54
btw	2.77	1.80
northland	2.77	1.35
islands	2.79	1.30
mount	2.79	1.23
haha	2.81	1.72
bay	2.82	1.28
stoked	2.85	1.86
summer	2.86	1.23
man	2.86	1.57
weather	2.87	1.55
kaikoura	2.89	1.36
friendly	2.89	1.40
looks	2.90	1.59
park	2.92	1.26
stewart	2.93	1.22
art	2.93	1.46
lots	2.93	1.35
lucky	2.93	1.99
pic	2.93	1.56
liked	2.94	1.52
spots	2.94	1.21
everywhere	2.95	1.26
celebrate	2.98	1.47
nearby	2.99	1.17
swimming	3.00	1.19
cook	3.01	1.43
luck	3.01	1.64
wish	3.02	1.91
christmas	3.02	1.65
merry	3.02	1.56
wanaka	3.04	1.21
explore	3.04	1.26
polite	3.07	1.60
taupo	3.08	1.22
great	3.09	1.08
birthday	3.09	1.69
film	3.09	1.34
parks	3.10	1.15
tracks	3.10	1.40
loving	3.10	1.43
photo	3.12	1.53
relaxed	3.12	1.27
milford	3.15	1.19
epic	3.16	1.13
hiking	3.17	1.14
fun	3.18	1.36
kiwi	3.18	1.61
coromandel	3.19	1.14
spot	3.20	1.43
coast	3.22	1.09
bush	3.24	1.09
island	3.24	1.08
lotr	3.26	1.13
cool	3.26	1.39
wonderful	3.29	0.87
enjoyed	3.32	0.91
beach	3.35	1.05
queenstown	3.37	1.21
rotorua	3.41	1.17
hike	3.44	1.08
lake	3.46	1.13
walks	3.47	1.06
photos	3.48	1.27
heaps	3.49	1.12
favorite	3.56	0.97
delicious	3.57	1.21
mountains	3.58	1.00
favourite	3.68	0.76
scenery	3.71	0.98
enjoy	3.93	0.75
beaches	4.01	0.80
stunning	4.08	0.62
lovely	4.11	0.64
beautiful	4.14	0.55
