hating	-4.24	0.94
dislike	-4.21	0.96
pisses	-4.06	0.76
liking	-4.03	0.76
disgusting	-3.96	0.57
sucks	-3.86	0.62
boycott	-3.82	1.39
unplayable	-3.81	1.43
laggy	-3.77	1.43
mess	-3.75	1.40
unlike	-3.74	1.29
blame	-3.73	1.20
shitty	-3.70	1.38
garbage	-3.55	1.46
crap	-3.52	1.47
crappy	-3.50	1.51
painful	-3.50	1.18
pathetic	-3.47	1.07
rid	-3.45	1.21
trash	-3.45	1.35
excuse	-3.40	1.20
ugh	-3.37	0.91
mentality	-3.36	1.10
nightmare	-3.35	1.42
defending	-3.34	1.18
ridiculous	-3.33	1.23
suffer	-3.33	1.23
associated	-3.31	1.07
awkward	-3.25	1.43
regardless	-3.25	1.42
annoying	-3.22	1.36
bashing	-3.19	1.29
sorts	-3.19	1.58
poor	-3.18	1.33
worthless	-3.16	0.70
mediocre	-3.15	1.52
broken	-3.14	1.33
junk	-3.13	1.06
clunky	-3.08	1.59
buggy	-3.02	1.24
defend	-3.02	1.41
controls	-3.01	1.74
killed	-2.99	1.30
hobbit	-2.99	1.65
pile	-2.98	1.20
unfortunate	-2.95	1.54
hatred	-2.95	1.26
ugly	-2.94	1.51
unfinished	-2.93	1.16
stupid	-2.92	1.31
utter	-2.91	1.33
shit	-2.91	1.43
dirty	-2.90	1.22
weird	-2.89	1.38
sticky	-2.88	1.73
suck	-2.87	1.04
bullshit	-2.87	0.77
fanboys	-2.85	1.35
piece	-2.85	1.17
complain	-2.83	1.55
prefer	-2.82	1.63
hurts	-2.81	1.33
ect	-2.78	1.51
retarded	-2.77	1.36
lame	-2.76	1.26
cared	-2.75	1.28
dealing	-2.71	1.41
dae	-2.70	1.35
useless	-2.69	0.91
dumb	-2.68	1.47
bothers	-2.64	1.50
harsh	-2.64	1.29
choppy	-2.62	0.97
bs	-2.62	0.75
bad	-2.60	1.38
unstable	-2.59	1.17
nonsense	-2.58	0.83
lost	-2.57	1.52
uses	-2.57	1.86
waste	-2.56	1.00
likes	-2.55	2.46
understood	-2.55	1.37
bash	-2.54	1.60
fucks	-2.51	1.19
doritos	-2.51	1.77
silly	-2.50	1.48
rant	-2.50	1.38
typical	-2.49	0.55
behavior	-2.48	0.50
piss	-2.47	0.47
dell	-2.45	1.16
offended	-2.44	1.94
pieces	-2.42	1.12
laptop	-2.42	1.16
hp	-2.41	1.15
sucked	-2.40	1.62
hitler	-2.40	1.48
shits	-2.40	1.17
confused	-2.40	2.41
overpriced	-2.39	1.22
introduced	-2.38	1.73
misinformed	-2.37	1.89
odd	-2.36	1.45
menus	-2.36	1.14
mountain	-2.33	1.59
slow	-2.32	1.09
ironic	-2.32	1.81
knowing	-2.30	1.78
idiotic	-2.29	1.04
dew	-2.29	1.59
smell	-2.28	1.94
bitching	-2.28	0.93
idiot	-2.27	1.77
decides	-2.27	2.29
complaining	-2.25	1.02
filled	-2.24	0.63
laughing	-2.23	1.87
mentions	-2.20	2.31
ports	-2.20	1.01
lied	-2.19	1.79
upset	-2.19	2.12
butthurt	-2.18	1.00
wonder	-2.18	2.12
arguing	-2.17	0.97
calls	-2.16	2.13
dump	-2.15	0.95
prebuilt	-2.15	1.11
ignorant	-2.13	0.98
known	-2.13	1.58
unnecessary	-2.10	0.83
treated	-2.10	0.48
worse	-2.10	1.61
proper	-2.10	1.75
outdated	-2.10	1.09
clear	-2.06	2.09
annoyed	-2.05	2.13
fucked	-2.04	0.57
reads	-2.04	2.25
literally	-2.02	1.59
cares	-2.02	2.40
itt	-2.01	0.84
whole	-2.01	1.67
calling	-2.01	0.85
crying	-2.00	1.99
sometimes	-2.00	0.83
thinks	-2.00	2.52
port	-1.99	0.98
weak	-1.98	1.03
optimization	-1.98	0.96
insulting	-1.97	0.82
unsure	-1.96	2.24
justify	-1.96	0.56
supporting	-1.95	0.61
generic	-1.95	1.02
smart	-1.95	0.87
pointless	-1.93	0.96
horribly	-1.93	1.08
balls	-1.93	0.55
dip	-1.92	0.94
knows	-1.92	2.53
drops	-1.92	0.92
mad	-1.91	2.03
uncomfortable	-1.90	1.13
stuttering	-1.90	0.85
bin	-1.89	0.90
clearly	-1.89	2.07
biggest	-1.89	1.88
downvoting	-1.89	0.92
seen	-1.88	1.68
dips	-1.87	0.92
fanboy	-1.87	0.81
who	-1.87	2.10
curious	-1.86	2.38
says	-1.86	2.56
familiar	-1.85	1.90
screwed	-1.84	0.87
practices	-1.84	0.59
drm	-1.84	0.80
tells	-1.84	2.56
proves	-1.83	2.33
capped	-1.83	0.96
talks	-1.83	2.52
claiming	-1.83	0.85
stupidity	-1.83	0.65
wants	-1.82	2.61
poorly	-1.82	1.03
disappointed	-1.81	2.40
plebs	-1.81	0.58
third	-1.80	1.90
business	-1.80	0.60
fool	-1.80	1.14
dick	-1.79	0.54
entitled	-1.79	0.77
largest	-1.78	1.90
lies	-1.78	0.70
bag	-1.78	0.61
circlejerking	-1.77	0.85
customer	-1.77	1.68
funny	-1.76	2.01
buys	-1.75	2.58
ignorance	-1.75	0.58
immature	-1.74	0.88
retard	-1.74	0.91
playable	-1.73	0.94
cringe	-1.73	2.07
owns	-1.73	2.53
moron	-1.73	1.01
surprised	-1.73	2.38
shocked	-1.72	2.35
greedy	-1.72	0.55
notebook	-1.71	1.07
everywhere	-1.71	0.56
aside	-1.71	0.67
desperate	-1.71	1.04
misinformation	-1.71	0.76
horse	-1.70	0.75
assholes	-1.69	0.72
smooth	-1.68	0.90
idiots	-1.68	0.89
finds	-1.68	2.53
angry	-1.68	1.37
bragging	-1.67	0.98
avoid	-1.67	0.56
sure	-1.66	2.35
pissed	-1.66	1.80
plain	-1.66	0.79
ui	-1.66	1.10
unfair	-1.65	0.95
lazy	-1.65	0.84
amounts	-1.65	0.87
obsolete	-1.65	0.81
fuck	-1.65	1.28
considering	-1.64	2.34
suggesting	-1.64	2.32
experienced	-1.63	0.77
acting	-1.62	0.93
pre-built	-1.62	1.00
re	-1.62	2.38
jokes	-1.61	1.02
abuse	-1.61	0.58
dicks	-1.61	0.60
sees	-1.60	2.25
plays	-1.60	2.54
lying	-1.60	1.08
scared	-1.60	2.42
e.g	-1.60	0.55
bunch	-1.58	0.72
smoother	-1.57	1.00
disappointing	-1.57	1.99
trolling	-1.57	1.23
sort	-1.56	0.86
underpowered	-1.56	0.99
causes	-1.56	0.65
bugs	-1.55	0.79
rude	-1.55	1.01
integrated	-1.55	1.04
practice	-1.54	0.62
talking	-1.53	2.16
agree	-1.53	2.36
saying	-1.51	2.28
criticism	-1.51	0.66
irrelevant	-1.51	1.14
24fps	-1.50	0.57
disagree	-1.50	0.94
feeling	-1.50	2.08
fault	-1.49	0.46
blows	-1.48	0.60
due	-1.48	0.63
worried	-1.48	2.02
bored	-1.47	1.39
caused	-1.47	0.64
involved	-1.47	0.73
fluid	-1.47	0.85
dr	-1.46	0.57
humor	-1.46	1.02
input	-1.46	0.87
dated	-1.46	1.18
douche	-1.46	0.83
asshole	-1.46	0.84
nuts	-1.45	1.24
concerned	-1.45	1.96
old	-1.45	0.77
their	-1.45	0.66
dies	-1.44	1.18
ancient	-1.44	0.90
alienware	-1.43	0.92
moment	-1.42	2.20
insane	-1.41	1.63
cause	-1.41	0.63
sjw	-1.41	0.53
causing	-1.41	0.63
hurt	-1.41	0.69
phil	-1.41	0.83
point	-1.40	2.46
laptops	-1.40	0.93
act	-1.40	0.77
blind	-1.40	0.71
right	-1.40	2.61
empty	-1.40	0.60
creates	-1.40	0.53
elitist	-1.39	0.74
troll	-1.39	1.19
shitting	-1.39	0.99
repetitive	-1.39	1.02
fair	-1.38	1.77
absurd	-1.38	1.02
loose	-1.38	0.74
and/or	-1.37	0.66
messing	-1.37	0.69
despite	-1.37	0.65
attitude	-1.36	0.75
interface	-1.35	1.06
marketing	-1.35	0.59
compete	-1.35	0.43
ignored	-1.34	0.87
massive	-1.33	0.88
lack	-1.33	0.98
policy	-1.32	0.49
removing	-1.32	0.59
stop	-1.32	0.90
impressed	-1.32	2.31
makes	-1.31	2.10
boring	-1.31	1.08
downvoted	-1.31	1.29
needs	-1.31	1.84
satirical	-1.31	1.02
discussing	-1.31	0.76
surprising	-1.31	2.26
strongly	-1.31	0.81
biased	-1.31	1.25
appear	-1.30	0.84
world	-1.30	2.01
absolute	-1.30	1.85
desktops	-1.29	0.92
responsible	-1.29	0.52
trust	-1.29	0.85
huge	-1.29	0.94
extreme	-1.29	1.03
major	-1.29	0.79
claims	-1.29	1.12
compared	-1.29	0.99
rich	-1.28	0.77
ass	-1.28	0.58
trolls	-1.28	0.76
sigh	-1.28	1.98
lots	-1.27	0.68
stutter	-1.27	0.64
drinking	-1.27	0.95
cardboard	-1.27	0.56
occasional	-1.27	0.56
strange	-1.27	1.14
intentionally	-1.27	1.10
blatant	-1.27	0.83
leads	-1.27	0.59
kinds	-1.26	0.75
satisfied	-1.26	1.91
being	-1.26	0.83
boxes	-1.26	0.62
requirement	-1.26	0.77
filthy	-1.25	0.67
whereas	-1.25	0.59
drink	-1.25	0.98
hence	-1.25	0.92
surprise	-1.25	2.41
screaming	-1.25	1.02
quit	-1.24	0.84
acer	-1.24	0.80
applies	-1.24	0.88
instance	-1.24	0.67
convinced	-1.24	1.46
30fps	-1.24	0.68
requirements	-1.24	0.74
reduce	-1.24	0.79
dumbass	-1.24	1.00
kicked	-1.24	0.52
issues	-1.24	0.67
motion	-1.23	0.53
liked	-1.23	2.12
tons	-1.23	0.72
tired	-1.23	1.30
meant	-1.23	2.48
precise	-1.23	1.01
outright	-1.23	1.08
24	-1.23	0.63
various	-1.23	0.72
laugh	-1.22	2.25
controlled	-1.22	0.55
afaik	-1.22	0.69
bigger	-1.22	0.92
ton	-1.22	0.60
large	-1.22	0.92
blurry	-1.22	1.06
prebuilts	-1.21	0.88
silky	-1.21	0.64
proprietary	-1.20	0.44
screwing	-1.20	0.58
peasants	-1.20	0.68
fat	-1.19	0.56
insults	-1.19	0.84
cinematic	-1.19	0.54
slight	-1.19	0.75
nerds	-1.19	0.59
ignore	-1.19	1.00
machines	-1.18	0.86
48	-1.18	0.70
pr	-1.18	0.43
sick	-1.18	1.90
ashamed	-1.18	1.90
serves	-1.18	0.64
scheme	-1.17	1.06
satire	-1.17	1.12
movement	-1.17	0.81
blowing	-1.17	0.57
brag	-1.17	0.83
remove	-1.17	0.62
dependent	-1.16	0.76
doe	-1.16	1.55
blown	-1.16	0.59
restricted	-1.16	0.65
obvious	-1.16	1.24
minor	-1.16	0.69
lenovo	-1.16	0.88
affected	-1.16	0.86
mixed	-1.16	0.71
acts	-1.16	0.71
consumers	-1.15	0.47
blur	-1.15	0.51
control	-1.15	0.89
wondered	-1.15	0.76
edges	-1.14	0.84
preferred	-1.14	1.87
analog	-1.14	1.00
films	-1.14	0.55
judge	-1.14	0.79
ignoring	-1.13	1.34
vast	-1.13	0.81
minority	-1.13	0.65
blow	-1.13	0.54
clean	-1.13	0.73
usual	-1.13	0.61
brand	-1.13	0.78
depending	-1.13	0.77
memes	-1.13	0.93
dying	-1.12	0.78
frames	-1.12	0.63
earth	-1.12	1.98
implying	-1.12	1.20
depend	-1.12	0.71
played	-1.12	2.19
destroy	-1.12	0.47
larger	-1.12	0.93
numerous	-1.11	0.68
circlejerk	-1.11	0.97
wrap	-1.11	0.53
argue	-1.11	1.00
small	-1.11	0.95
told	-1.11	1.62
jerk	-1.11	0.88
stops	-1.11	0.91
messed	-1.11	1.16
supports	-1.11	0.54
commercial	-1.11	0.74
tl	-1.10	0.62
bottle	-1.10	0.87
unrelated	-1.10	0.92
frequently	-1.10	0.66
frame	-1.10	0.62
lie	-1.10	0.87
care	-1.10	0.89
pain	-1.10	0.82
whore	-1.10	0.85
fixing	-1.10	0.66
crashes	-1.09	0.64
film	-1.09	0.60
shot	-1.09	0.68
these	-1.09	0.72
amount	-1.09	0.64
whatnot	-1.09	0.68
rage	-1.09	0.93
fps	-1.09	0.70
false	-1.08	1.41
determine	-1.08	0.70
against	-1.08	0.75
pretend	-1.08	0.97
thinking	-1.08	1.80
hes	-1.08	1.08
truth	-1.08	0.91
feels	-1.07	1.07
tape	-1.07	0.47
asks	-1.07	2.47
sensitive	-1.07	0.91
related	-1.07	0.62
chunk	-1.07	0.59
beer	-1.07	0.91
destroyed	-1.06	0.51
attempt	-1.06	0.87
treat	-1.06	0.67
kick	-1.06	0.63
mistaken	-1.06	2.62
gamergate	-1.06	0.53
racist	-1.06	1.06
actions	-1.06	0.68
afraid	-1.05	1.91
peasant	-1.05	0.79
pcs	-1.05	0.75
randomly	-1.05	0.71
pays	-1.05	1.71
pirating	-1.05	0.60
advertising	-1.05	0.60
macbook	-1.05	0.79
circle	-1.05	0.88
computers	-1.05	0.76
depends	-1.04	0.78
owning	-1.04	0.68
noticeable	-1.04	0.61
explode	-1.04	0.65
said	-1.04	1.37
occasionally	-1.04	0.69
arguments	-1.04	1.16
other	-1.04	0.68
virtually	-1.03	0.68
enjoyed	-1.03	2.39
big	-1.03	0.93
serious	-1.03	1.06
valid	-1.03	1.39
breaks	-1.02	0.54
font	-1.02	0.80
rare	-1.02	0.86
lately	-1.02	0.85
imac	-1.02	0.78
death	-1.02	0.60
limitations	-1.02	0.62
low-end	-1.02	1.14
hundreds	-1.02	0.61
meanwhile	-1.01	0.56
broke	-1.01	0.79
whine	-1.01	0.54
prove	-1.01	1.02
cod4	-1.01	2.44
lead	-1.01	0.61
use	-1.01	0.49
supported	-1.01	0.56
ripped	-1.01	1.02
hardware	-1.00	0.59
plastic	-1.00	0.60
significant	-1.00	0.77
logo	-1.00	0.91
noise	-1.00	0.75
inferior	-1.00	0.55
minimal	-0.99	0.73
downvotes	-0.99	1.08
lag	-0.99	0.57
dropped	-0.98	0.62
deciding	-0.98	1.13
stating	-0.98	1.52
consumer	-0.98	0.55
touch	-0.98	0.72
flat	-0.98	0.73
product	-0.98	0.74
expecting	-0.98	1.89
movies	-0.97	0.57
crashing	-0.97	0.62
statements	-0.97	1.36
tiny	-0.97	0.82
replaced	-0.97	0.65
bent	-0.97	0.85
misleading	-0.97	1.35
stick	-0.97	0.94
covered	-0.97	0.51
framerate	-0.97	0.65
some	-0.97	0.69
joke	-0.97	1.26
kicks	-0.97	0.53
aware	-0.96	1.81
constant	-0.96	0.59
below	-0.96	0.66
claim	-0.96	1.10
responding	-0.96	1.15
ads	-0.96	0.66
television	-0.96	0.52
tearing	-0.95	0.59
reasonable	-0.95	0.96
faulty	-0.95	0.72
burned	-0.95	0.54
butt	-0.95	0.65
everytime	-0.95	1.00
inch	-0.95	0.60
using	-0.95	0.65
corporate	-0.95	0.42
ruining	-0.94	0.49
implement	-0.94	0.40
macs	-0.94	0.69
mentioning	-0.94	1.36
penis	-0.94	0.50
layout	-0.94	0.81
religion	-0.94	0.77
result	-0.94	0.74
expert	-0.93	1.65
pirate	-0.93	0.65
gamers	-0.93	0.66
loud	-0.93	0.79
hdmi	-0.93	0.63
drop	-0.93	0.68
crash	-0.93	0.63
model	-0.93	0.68
locking	-0.93	0.51
constantly	-0.92	0.68
energy	-0.92	0.62
desktop	-0.92	0.77
toxic	-0.92	0.58
displayport	-0.92	0.59
acceptable	-0.92	1.11
physically	-0.92	0.74
particular	-0.92	0.78
wondering	-0.91	1.75
owners	-0.91	0.68
missing	-0.91	2.57
tries	-0.91	2.34
rough	-0.91	1.08
dvi	-0.90	0.66
banner	-0.90	0.70
sub	-0.90	0.91
bug	-0.90	0.65
average	-0.90	0.64
forgetting	-0.90	1.33
wasted	-0.90	0.65
thousands	-0.90	0.60
fewer	-0.90	0.54
publishers	-0.90	0.42
handful	-0.90	0.58
whatsoever	-0.90	0.62
acceleration	-0.90	0.86
customers	-0.90	0.50
forcing	-0.89	0.92
60	-0.89	0.63
remains	-0.89	0.62
affects	-0.89	0.74
superior	-0.89	0.49
dat	-0.89	1.79
shut	-0.89	0.73
compatible	-0.89	0.59
limited	-0.89	0.73
cinema	-0.89	0.65
vary	-0.89	0.71
envy	-0.89	1.57
faggot	-0.89	0.78
breaking	-0.89	0.92
irony	-0.88	1.35
stuck	-0.88	0.87
rarely	-0.88	0.51
products	-0.88	0.77
solved	-0.88	0.48
protect	-0.88	0.53
vga	-0.88	0.66
sake	-0.88	0.67
artifacts	-0.88	0.61
subreddit	-0.88	0.91
steady	-0.88	0.69
wood	-0.88	0.62
sarcastic	-0.87	1.37
companies	-0.87	0.43
spreading	-0.87	0.77
tempted	-0.87	1.93
implemented	-0.87	0.38
dozens	-0.87	0.57
apple	-0.87	0.67
shady	-0.87	0.45
mental	-0.87	0.58
i.e	-0.86	0.41
deny	-0.86	0.88
pulling	-0.86	0.50
insult	-0.86	1.16
4chan	-0.86	0.90
kept	-0.86	0.93
hide	-0.86	0.56
opposite	-0.86	0.87
screw	-0.86	0.48
inb4	-0.86	0.98
doesnt	-0.86	1.28
aka	-0.86	0.66
regular	-0.85	0.40
hearing	-0.85	0.75
120fps	-0.85	0.61
shelf	-0.85	0.52
9gag	-0.85	0.91
telling	-0.85	1.21
cunt	-0.85	0.76
dropping	-0.85	0.64
144fps	-0.85	0.61
box	-0.84	0.52
lower	-0.84	1.03
prevent	-0.84	0.60
regret	-0.84	1.39
2.0	-0.84	0.59
greater	-0.84	0.90
rate	-0.84	0.59
headache	-0.83	0.78
brain	-0.83	0.64
rely	-0.83	0.50
stopping	-0.83	1.03
rog	-0.83	0.68
asked	-0.83	1.64
sticker	-0.83	0.71
belong	-0.83	0.81
practically	-0.83	0.82
purely	-0.83	0.77
sheer	-0.83	0.91
busy	-0.83	1.15
overhead	-0.83	0.52
proven	-0.83	1.06
matters	-0.82	0.81
cleaning	-0.82	0.62
guarantee	-0.82	0.81
bat	-0.82	0.59
random	-0.82	0.73
incorrect	-0.82	2.81
gets	-0.81	1.30
visible	-0.81	0.56
many	-0.81	0.59
careful	-0.81	1.51
bother	-0.81	1.03
tvs	-0.81	0.48
shows	-0.81	0.99
felt	-0.81	0.95
api	-0.81	0.55
vsync	-0.81	0.57
powered	-0.80	0.72
bothered	-0.80	1.28
ea	-0.80	0.68
support	-0.80	0.53
contain	-0.80	0.60
multiple	-0.80	0.55
essential	-0.80	0.77
those	-0.80	0.58
lesser	-0.80	0.59
certain	-0.80	0.51
types	-0.80	0.58
directx	-0.80	0.57
v-sync	-0.80	0.56
knew	-0.80	1.17
testing	-0.80	0.73
expect	-0.79	1.08
gay	-0.79	0.89
am	-0.79	1.66
etc	-0.79	0.44
discussion	-0.79	0.82
frequent	-0.79	0.55
happens	-0.79	0.88
based	-0.79	0.71
tight	-0.79	0.89
recorded	-0.79	0.48
scenes	-0.79	0.49
appears	-0.79	0.86
30	-0.79	0.53
gives	-0.79	0.66
damaged	-0.79	0.70
problems	-0.79	0.59
latency	-0.79	0.57
owned	-0.79	0.99
refresh	-0.79	0.56
grey	-0.79	0.93
cover	-0.79	0.61
replying	-0.79	1.29
requires	-0.79	0.67
3.0	-0.78	0.56
locked	-0.78	0.63
debate	-0.78	0.85
industry	-0.78	0.44
fucker	-0.78	0.62
stuff	-0.78	0.73
movie	-0.78	0.62
pure	-0.78	0.62
stable	-0.78	0.67
beta	-0.78	0.62
lowest	-0.77	0.71
plugged	-0.77	0.63
60fps	-0.77	0.56
handles	-0.77	0.70
affect	-0.77	0.78
portion	-0.77	0.60
keeps	-0.77	0.80
weaker	-0.77	0.91
subjective	-0.77	1.27
countless	-0.77	0.56
coil	-0.77	0.54
besides	-0.77	0.57
toward	-0.77	0.63
mentioned	-0.77	0.99
joystick	-0.77	0.99
glitches	-0.77	0.62
whenever	-0.77	1.31
traditional	-0.77	0.49
reduced	-0.77	0.94
adapters	-0.77	0.64
thin	-0.76	0.57
trend	-0.76	0.53
else	-0.76	1.47
trackpad	-0.76	0.71
releasing	-0.76	0.63
screws	-0.76	0.50
taskbar	-0.76	0.72
advertised	-0.76	0.67
disable	-0.76	0.52
talked	-0.76	1.08
nerd	-0.75	0.86
given	-0.75	0.78
framerates	-0.75	0.72
drunk	-0.75	0.85
reported	-0.75	0.48
merely	-0.75	1.46
144	-0.75	0.53
asking	-0.75	1.34
optimised	-0.75	0.68
hear	-0.75	0.74
existed	-0.75	0.69
facts	-0.75	1.36
loads	-0.75	0.56
call	-0.74	0.64
plenty	-0.74	0.61
plate	-0.74	0.52
piracy	-0.74	0.44
usually	-0.74	0.56
ears	-0.74	0.71
dozen	-0.74	0.54
bottom	-0.74	0.77
enjoying	-0.74	1.39
designed	-0.74	0.68
kicking	-0.74	0.56
counting	-0.74	1.06
whether	-0.74	0.95
hell	-0.74	0.81
excited	-0.74	2.49
having	-0.73	0.85
overheating	-0.73	0.54
sizes	-0.73	0.58
rma	-0.73	0.86
identical	-0.73	0.70
top	-0.73	0.75
aiming	-0.73	0.84
start	-0.73	0.96
crush	-0.73	0.62
several	-0.73	0.54
little	-0.73	0.96
simply	-0.73	1.20
limiting	-0.73	0.72
tea	-0.73	0.91
wipe	-0.73	0.62
side	-0.73	0.73
promised	-0.73	0.58
downvote	-0.72	0.98
thrown	-0.72	0.45
expected	-0.72	1.14
pirates	-0.72	0.46
delay	-0.72	0.52
both	-0.72	0.50
warranty	-0.72	0.74
objective	-0.72	1.05
majority	-0.72	0.56
30hz	-0.72	0.51
complaints	-0.72	0.67
gamepad	-0.72	1.00
puts	-0.72	1.52
form	-0.72	0.91
genuinely	-0.72	1.43
acknowledge	-0.72	0.76
deserve	-0.72	0.73
lines	-0.72	0.73
sudden	-0.72	0.50
without	-0.72	0.72
honest	-0.72	1.50
tend	-0.72	0.49
culture	-0.71	0.59
tends	-0.71	0.54
kill	-0.71	0.62
argument	-0.71	1.35
exact	-0.71	0.83
malware	-0.71	0.74
potentially	-0.71	0.65
increasing	-0.71	0.95
holds	-0.71	0.79
stopped	-0.70	0.79
understand	-0.70	1.03
knock	-0.70	0.64
mainly	-0.70	0.58
usb	-0.70	0.63
such	-0.70	0.83
about	-0.70	1.26
hz	-0.70	0.55
explained	-0.70	0.92
lose	-0.70	0.70
legitimate	-0.70	0.62
m	-0.70	1.63
fact	-0.70	1.21
nor	-0.70	0.75
connectors	-0.70	0.59
nature	-0.70	0.56
journalism	-0.70	0.51
yellow	-0.70	0.97
fastest	-0.70	2.34
blast	-0.69	0.85
optimized	-0.69	0.64
noob	-0.69	0.92
competition	-0.69	0.45
sarcasm	-0.69	1.35
viruses	-0.69	0.73
voltage	-0.69	0.65
commands	-0.69	0.68
arent	-0.69	0.55
utterly	-0.69	0.91
advertise	-0.69	0.53
complete	-0.69	1.18
evidence	-0.69	1.31
adapter	-0.69	0.66
burning	-0.69	0.59
runs	-0.68	0.57
ended	-0.68	0.97
giant	-0.68	0.73
break	-0.68	0.71
increased	-0.68	0.95
watched	-0.68	0.37
needed	-0.68	0.74
impossible	-0.68	0.81
corner	-0.67	0.78
curiosity	-0.67	1.10
whilst	-0.67	0.84
express	-0.67	0.58
brands	-0.67	0.61
specific	-0.67	0.56
talk	-0.67	0.94
apu	-0.67	0.74
battery	-0.67	0.65
while	-0.66	0.93
coffee	-0.66	0.66
between	-0.66	0.52
values	-0.66	0.49
interest	-0.66	0.84
voted	-0.66	1.11
camera	-0.66	0.44
at	-0.66	0.56
switched	-0.66	0.58
repeat	-0.66	0.52
consistently	-0.66	0.60
smaller	-0.66	0.69
content	-0.65	0.55
moves	-0.65	0.44
manufacturer	-0.65	0.72
instead	-0.65	1.01
pcie	-0.65	0.58
society	-0.65	0.52
clocks	-0.65	0.63
rates	-0.65	0.60
speed	-0.65	0.83
ensure	-0.65	0.82
hyped	-0.65	1.69
main	-0.65	0.63
exclusively	-0.65	0.51
speeds	-0.65	0.85
smoke	-0.65	0.57
unix	-0.65	0.61
users	-0.65	0.62
convince	-0.65	0.98
loss	-0.64	0.63
caught	-0.64	0.79
wrote	-0.64	1.26
sized	-0.64	0.62
menu	-0.64	0.62
touched	-0.64	0.67
output	-0.64	0.55
cursor	-0.64	0.64
virus	-0.64	0.74
eye	-0.64	0.46
parts	-0.64	0.59
functions	-0.64	0.71
imagine	-0.63	1.26
cap	-0.63	0.57
avg	-0.63	0.70
providing	-0.63	0.77
blew	-0.63	0.40
rear	-0.63	0.46
pleb	-0.63	0.84
anti	-0.63	0.49
brb	-0.63	0.95
fixes	-0.63	0.56
priced	-0.63	0.84
cord	-0.63	0.58
assist	-0.63	0.55
watching	-0.63	0.49
display	-0.63	0.53
pci-e	-0.63	0.60
stronger	-0.63	0.87
spinning	-0.63	0.54
coded	-0.63	0.57
fill	-0.63	0.48
supposed	-0.62	1.33
bias	-0.62	0.89
company	-0.62	0.50
exhaust	-0.62	0.45
plug	-0.62	0.60
reposts	-0.62	0.83
linear	-0.62	0.79
followed	-0.62	0.51
pop	-0.62	0.68
pin	-0.62	0.58
ever	-0.62	2.19
stole	-0.62	0.96
144hz	-0.62	0.54
size	-0.62	0.64
slower	-0.62	0.94
precision	-0.62	0.87
logical	-0.62	1.44
effort	-0.62	0.86
fitting	-0.62	0.82
personal	-0.62	0.72
connector	-0.62	0.57
fuel	-0.62	0.81
measure	-0.62	0.94
60hz	-0.61	0.52
throughout	-0.61	0.53
g-sync	-0.61	0.51
keep	-0.61	1.02
combination	-0.61	0.52
fix	-0.61	0.58
gsync	-0.61	0.51
480p	-0.61	0.44
different	-0.61	0.55
overclocks	-0.61	0.65
handed	-0.61	0.52
720p	-0.61	0.51
tone	-0.61	1.03
handled	-0.61	0.42
market	-0.61	0.46
void	-0.60	0.50
reports	-0.60	0.67
made	-0.60	0.93
sync	-0.60	0.52
manufacturers	-0.60	0.53
planning	-0.60	1.48
faster	-0.60	0.93
potential	-0.60	0.57
capture	-0.60	0.48
bar	-0.60	0.85
comparable	-0.60	0.66
voting	-0.60	0.93
alcohol	-0.60	0.59
benq	-0.60	0.51
existing	-0.60	0.41
manner	-0.60	0.76
started	-0.59	0.75
cable	-0.59	0.61
digging	-0.59	0.59
portable	-0.59	0.69
doubt	-0.59	1.35
block	-0.59	0.70
developers	-0.59	0.43
pci	-0.59	0.61
including	-0.59	0.45
console	-0.59	0.50
120hz	-0.59	0.52
focusing	-0.59	0.76
bars	-0.59	0.57
tablets	-0.59	0.63
heard	-0.59	0.86
primary	-0.59	0.42
respect	-0.59	0.73
according	-0.59	1.08
opens	-0.58	1.31
glitch	-0.58	0.61
antivirus	-0.58	0.73
attack	-0.58	0.67
attempts	-0.58	0.81
tactics	-0.58	0.54
died	-0.58	0.48
scan	-0.58	0.75
connections	-0.58	0.59
jealous	-0.58	2.29
combine	-0.58	0.54
sat	-0.58	0.75
closed	-0.58	0.52
front	-0.58	0.49
slap	-0.58	0.55
done	-0.58	0.81
compare	-0.58	0.53
does	-0.58	1.23
swift	-0.57	0.54
temporary	-0.57	0.83
dx	-0.57	0.57
fails	-0.57	0.67
above	-0.57	0.57
element	-0.57	0.57
failing	-0.57	0.65
generate	-0.57	0.50
leaves	-0.57	0.74
specs	-0.57	0.52
comparing	-0.57	0.51
typically	-0.57	0.49
deserves	-0.57	1.45
isnt	-0.57	0.64
wide	-0.57	0.55
layer	-0.57	0.44
ruin	-0.57	0.49
common	-0.56	0.69
logic	-0.56	1.31
lowering	-0.56	0.75
specifically	-0.56	1.06
pentium	-0.56	0.64
objectively	-0.56	1.10
vg248qe	-0.56	0.52
makers	-0.56	0.41
crashed	-0.56	0.52
malwarebytes	-0.56	0.71
filters	-0.56	0.46
components	-0.56	0.68
equal	-0.56	0.85
scam	-0.56	0.78
bait	-0.56	0.85
throwing	-0.56	0.71
saved	-0.56	0.73
ive	-0.55	0.77
monitor	-0.55	0.52
offense	-0.55	1.16
olds	-0.55	0.96
less	-0.55	0.86
safe	-0.55	0.79
lacks	-0.55	0.95
avast	-0.55	0.69
crt	-0.55	0.46
badly	-0.55	0.75
population	-0.55	0.51
bsod	-0.55	0.60
portability	-0.55	0.71
2006	-0.55	0.66
thankfully	-0.55	0.70
lcd	-0.55	0.51
internet	-0.55	0.77
batteries	-0.55	0.57
similar	-0.55	0.95
encourage	-0.55	0.61
everybody	-0.55	1.66
nobody	-0.55	1.50
preference	-0.54	0.62
maintain	-0.54	0.68
plugging	-0.54	0.56
reasoning	-0.54	1.36
assumed	-0.54	1.60
hardly	-0.54	0.77
seeing	-0.54	1.32
struggle	-0.54	0.54
repost	-0.54	1.00
meta	-0.54	0.83
explains	-0.54	1.04
sticking	-0.54	0.92
crazy	-0.54	1.03
intake	-0.54	0.47
individual	-0.54	0.48
stays	-0.54	0.45
elements	-0.54	0.53
bottlenecking	-0.54	0.62
ips	-0.54	0.52
negative	-0.54	0.68
shown	-0.54	0.51
pre	-0.53	0.59
minimum	-0.53	0.59
launched	-0.53	0.70
rep	-0.53	0.53
mounting	-0.53	0.48
purposes	-0.53	0.74
apus	-0.53	0.69
eyes	-0.53	0.69
fit	-0.53	0.62
intention	-0.53	1.02
27	-0.53	0.48
displays	-0.53	0.51
trusted	-0.53	0.46
conversation	-0.53	0.84
harm	-0.52	0.64
pump	-0.52	0.71
were	-0.52	0.85
2007	-0.52	0.66
resources	-0.52	0.54
explaining	-0.52	1.18
burn	-0.52	0.60
properly	-0.52	0.84
repair	-0.52	0.63
slightest	-0.52	1.06
sata	-0.52	0.54
competing	-0.52	0.38
stand	-0.52	0.69
upscaled	-0.52	0.53
increase	-0.52	0.77
posts	-0.52	0.84
promote	-0.52	0.70
described	-0.52	0.95
tools	-0.52	0.75
reputation	-0.52	0.76
breath	-0.52	0.88
bomb	-0.52	0.53
gap	-0.52	0.57
1440p	-0.52	0.52
assume	-0.52	1.44
severely	-0.52	0.73
middle	-0.52	0.65
fixed	-0.52	0.83
icons	-0.51	0.58
proof	-0.51	1.19
glass	-0.51	0.53
produce	-0.51	0.55
comments	-0.51	0.95
levels	-0.51	0.97
hook	-0.51	0.56
walks	-0.51	1.50
relevant	-0.51	1.11
develop	-0.51	0.36
loading	-0.51	0.61
900p	-0.51	0.49
unplug	-0.51	0.51
perfect	-0.51	1.48
than	-0.51	0.93
default	-0.51	0.56
continue	-0.51	0.66
mac	-0.50	0.59
entirely	-0.50	1.21
opposed	-0.50	0.63
millions	-0.50	0.57
tested	-0.50	0.58
panel	-0.50	0.50
cup	-0.50	0.63
overheat	-0.50	0.57
covers	-0.50	0.45
cheating	-0.50	0.57
ubishit	-0.50	0.99
standard	-0.50	0.44
adding	-0.50	0.85
entertainment	-0.50	0.53
percentage	-0.50	0.47
slots	-0.50	0.52
laid	-0.50	0.72
wasd	-0.50	0.85
going	-0.50	1.55
switch	-0.50	0.65
pushing	-0.50	0.54
limits	-0.50	0.57
solve	-0.50	0.68
suddenly	-0.50	0.76
placed	-0.50	0.50
saves	-0.49	0.75
slot	-0.49	0.55
entire	-0.49	1.15
distribution	-0.49	0.53
pointed	-0.49	1.29
posted	-0.49	0.78
smoothly	-0.49	0.55
noticed	-0.49	0.78
frustrating	-0.49	1.24
people	-0.49	0.89
protection	-0.49	0.63
ethernet	-0.49	0.59
tastes	-0.49	0.88
itself	-0.49	0.49
bandwidth	-0.49	0.54
remaining	-0.49	0.55
stated	-0.49	1.29
typo	-0.49	2.61
fits	-0.49	0.77
rest	-0.49	0.74
secondary	-0.49	0.40
regularly	-0.49	0.53
variety	-0.49	0.49
rights	-0.49	0.67
increases	-0.49	0.79
pre-ordering	-0.49	0.77
confusion	-0.49	1.44
monitors	-0.49	0.51
vote	-0.49	0.84
tweak	-0.49	0.56
wire	-0.49	0.53
connected	-0.49	0.56
pins	-0.48	0.52
gui	-0.48	0.60
static	-0.48	0.47
knowledge	-0.48	0.75
lot	-0.48	0.80
screens	-0.48	0.50
brick	-0.48	0.43
17	-0.48	0.46
45	-0.48	0.51
inside	-0.48	0.43
devs	-0.48	0.45
magical	-0.48	0.83
remembered	-0.48	1.21
vastly	-0.48	0.75
wires	-0.48	0.53
rape	-0.48	0.72
replace	-0.47	0.58
googled	-0.47	0.88
solely	-0.47	0.74
material	-0.47	0.52
listed	-0.47	0.76
recall	-0.47	0.83
soft	-0.47	0.50
louder	-0.47	0.70
significantly	-0.47	0.85
informed	-0.47	1.00
pre-order	-0.47	0.70
barely	-0.47	0.48
hotter	-0.47	0.78
mounted	-0.47	0.50
bastards	-0.47	0.68
controller	-0.46	0.98
technical	-0.46	0.62
upvoted	-0.46	0.94
remind	-0.46	0.87
properties	-0.46	0.79
shell	-0.46	0.63
confusing	-0.46	1.59
surface	-0.46	0.55
dust	-0.46	0.45
used	-0.46	0.71
base	-0.46	0.49
attached	-0.46	0.48
screen	-0.46	0.51
food	-0.46	0.76
par	-0.46	0.68
highest	-0.46	0.70
thick	-0.46	0.46
extra	-0.46	0.55
profits	-0.46	0.45
terribly	-0.46	0.80
controllers	-0.46	0.98
gotten	-0.46	0.72
unlimited	-0.46	0.72
tray	-0.45	0.50
phones	-0.45	0.54
vs	-0.45	0.46
purpose	-0.45	1.22
systems	-0.45	0.59
higher	-0.45	1.05
forced	-0.45	0.59
self	-0.45	0.67
service	-0.45	0.87
provide	-0.45	0.63
gaming	-0.45	0.47
porting	-0.45	0.48
23	-0.45	0.43
intended	-0.45	1.30
high	-0.45	0.58
never	-0.45	0.90
water	-0.45	0.62
notice	-0.45	0.72
config	-0.44	0.55
called	-0.44	0.81
cables	-0.44	0.56
thread	-0.44	0.92
outperform	-0.44	0.58
filter	-0.44	0.53
require	-0.44	0.66
modified	-0.44	0.44
suits	-0.44	0.39
membrane	-0.44	0.69
positive	-0.44	0.69
2005	-0.44	0.66
laughed	-0.44	1.28
evil	-0.44	0.49
pixels	-0.44	0.53
cheap	-0.44	1.02
terminal	-0.44	0.67
upvotes	-0.44	0.88
social	-0.44	0.54
icon	-0.44	0.73
forces	-0.44	0.45
replacing	-0.44	0.64
same	-0.44	0.79
low	-0.44	0.60
1920x1080	-0.44	0.49
ish	-0.44	0.48
response	-0.43	0.61
happened	-0.43	0.99
eating	-0.43	1.05
perform	-0.43	0.68
copyright	-0.43	0.73
pushed	-0.43	0.50
quicker	-0.43	0.87
bright	-0.43	0.96
breach	-0.43	0.64
lifetime	-0.43	0.75
opengl	-0.43	0.38
required	-0.43	0.61
growing	-0.43	0.48
normal	-0.43	0.62
bottleneck	-0.43	0.59
steambox	-0.43	0.59
basic	-0.43	0.87
replies	-0.43	1.01
standards	-0.43	0.49
ibm	-0.43	0.47
replacement	-0.43	0.72
clicking	-0.43	0.81
forgotten	-0.43	0.85
reddit	-0.43	0.80
mantle	-0.42	0.40
responded	-0.42	1.10
ghosts	-0.42	1.22
created	-0.42	0.70
optimize	-0.42	0.51
topic	-0.42	0.89
slightly	-0.42	0.84
pressure	-0.42	0.48
tn	-0.42	0.57
posting	-0.42	0.89
except	-0.42	0.62
fail	-0.42	0.65
down	-0.42	0.56
5k	-0.42	0.52
8k	-0.42	0.49
changing	-0.42	0.62
deleting	-0.42	0.69
development	-0.42	0.47
peasantry	-0.42	0.79
apply	-0.42	0.55
beat	-0.42	0.47
closely	-0.42	0.88
devices	-0.42	0.59
chipset	-0.41	0.43
improving	-0.41	0.68
slim	-0.41	0.64
spray	-0.41	0.58
closet	-0.41	0.46
reaction	-0.41	0.80
120	-0.41	0.50
phone	-0.41	0.53
4k	-0.41	0.50
2008	-0.41	0.63
settings	-0.41	0.50
decided	-0.41	1.12
sit	-0.41	0.53
wet	-0.41	0.51
limit	-0.41	0.57
works	-0.40	0.64
sources	-0.40	0.81
tweaking	-0.40	0.57
skills	-0.40	1.12
panels	-0.40	0.54
behind	-0.40	0.52
holes	-0.40	0.49
im	-0.40	1.44
equivalent	-0.40	0.61
2009	-0.40	0.64
kind	-0.40	0.91
lacking	-0.40	1.06
performs	-0.40	0.62
ad	-0.40	0.47
losing	-0.40	0.95
sticks	-0.40	0.66
load	-0.40	0.50
none	-0.40	0.68
mechanics	-0.40	0.94
turns	-0.40	0.78
medium	-0.40	0.52
reading	-0.40	1.04
wrist	-0.40	0.57
finished	-0.40	0.47
extension	-0.39	0.45
fxaa	-0.39	0.40
focus	-0.39	0.43
fans	-0.39	0.52
chair	-0.39	0.53
lock	-0.39	0.57
normally	-0.39	0.69
ruins	-0.39	0.68
critical	-0.39	0.59
pads	-0.39	0.65
ide	-0.39	0.50
struggling	-0.39	0.79
tv	-0.39	0.35
microtransactions	-0.39	0.55
adjust	-0.39	0.59
together	-0.39	0.45
cutting	-0.39	0.56
feel	-0.39	0.95
platforms	-0.39	0.43
r/pcmasterrace	-0.39	0.84
prepared	-0.39	1.06
cleaned	-0.39	0.55
kotaku	-0.39	0.63
threats	-0.38	0.58
achieve	-0.38	0.68
kills	-0.38	0.55
building	-0.38	0.72
gamer	-0.38	0.78
apart	-0.38	0.53
ease	-0.38	0.67
paper	-0.38	0.42
assemble	-0.38	0.52
field	-0.38	0.52
hits	-0.38	0.45
around	-0.38	0.49
leading	-0.38	0.51
weight	-0.38	0.78
counts	-0.38	0.91
hole	-0.38	0.50
resolutions	-0.38	0.51
actively	-0.38	0.63
basis	-0.38	0.93
slowly	-0.38	0.67
threads	-0.38	0.67
two	-0.38	0.48
displayed	-0.38	0.45
clever	-0.38	1.16
relative	-0.38	0.83
420	-0.38	0.97
adblock	-0.38	0.53
enabled	-0.38	0.45
click	-0.38	0.82
bend	-0.37	0.52
person	-0.37	0.82
bays	-0.37	0.46
factor	-0.37	0.58
idle	-0.37	0.49
bitch	-0.37	0.80
published	-0.37	0.54
starts	-0.37	0.68
fell	-0.37	0.78
off	-0.37	0.56
saw	-0.37	0.79
under	-0.37	0.50
added	-0.37	0.89
regards	-0.37	0.68
bastard	-0.37	0.79
votes	-0.37	0.91
fan	-0.37	0.50
rule	-0.37	0.71
1080p	-0.37	0.48
detect	-0.37	0.63
1440	-0.37	0.49
blocks	-0.37	0.66
connect	-0.37	0.57
signal	-0.37	0.50
allowing	-0.37	0.62
connecting	-0.37	0.55
guessing	-0.37	1.73
partially	-0.36	0.75
allowed	-0.36	0.69
frequency	-0.36	0.56
discussions	-0.36	0.80
pun	-0.36	1.27
recognize	-0.36	0.88
cuts	-0.36	0.45
drag	-0.36	0.58
he	-0.36	1.37
lg	-0.36	0.52
attempting	-0.36	0.92
customize	-0.36	0.56
conditions	-0.36	0.49
21:9	-0.36	0.50
bay	-0.36	0.45
plan	-0.36	0.99
patched	-0.36	0.49
features	-0.36	0.48
delete	-0.36	0.55
graph	-0.36	0.74
understanding	-0.35	0.89
moving	-0.35	0.51
financial	-0.35	0.48
worlds	-0.35	2.23
capacity	-0.35	0.52
touching	-0.35	0.48
die	-0.35	0.60
meme	-0.35	1.01
apps	-0.35	0.51
clock	-0.35	0.55
commented	-0.35	1.29
script	-0.35	0.58
usage	-0.35	0.52
combat	-0.35	0.76
wikipedia	-0.35	0.91
comparisons	-0.35	0.63
offer	-0.35	0.80
magically	-0.35	0.57
consistent	-0.35	0.95
operate	-0.35	0.50
personally	-0.35	0.79
compressed	-0.35	0.43
often	-0.35	0.59
essentially	-0.35	0.99
vision	-0.35	0.47
pixel	-0.35	0.54
desire	-0.35	0.71
rules	-0.35	0.69
recent	-0.34	0.46
ubisoft	-0.34	0.89
issue	-0.34	0.68
hackers	-0.34	0.51
slider	-0.34	0.53
ipad	-0.34	0.57
carpet	-0.34	0.47
motherboard	-0.34	0.42
havent	-0.34	0.73
complaint	-0.34	0.86
leak	-0.34	0.60
exists	-0.34	0.90
beats	-0.34	0.60
important	-0.34	0.91
tell	-0.34	0.96
like	-0.34	0.91
i3	-0.34	0.62
tablet	-0.34	0.57
naturally	-0.34	0.51
anti-aliasing	-0.34	0.44
throttle	-0.34	0.57
air	-0.34	0.47
primarily	-0.34	0.49
section	-0.34	0.69
tests	-0.34	0.51
itx	-0.34	0.60
had	-0.34	0.90
spend	-0.34	0.50
hilarious	-0.34	1.75
leaving	-0.34	0.68
scaling	-0.34	0.54
laying	-0.34	0.51
radiator	-0.34	0.51
turning	-0.34	0.47
sensitivity	-0.34	0.64
r7	-0.33	0.60
720	-0.33	0.46
ve	-0.33	0.97
clip	-0.33	0.43
sits	-0.33	0.48
peripheral	-0.33	0.55
banned	-0.33	0.61
ties	-0.33	0.48
7850	-0.33	0.60
motherboards	-0.33	0.42
265	-0.33	0.60
lay	-0.33	0.58
decades	-0.33	0.48
computer	-0.33	0.53
duo	-0.33	0.59
provided	-0.33	0.78
employee	-0.33	0.47
needing	-0.33	0.62
feed	-0.33	0.65
260x	-0.32	0.59
theirs	-0.32	0.49
oem	-0.32	0.80
slide	-0.32	0.53
hiding	-0.32	0.53
42	-0.32	0.43
aim	-0.32	0.60
suggested	-0.32	0.97
walmart	-0.32	0.47
zero	-0.32	0.70
peripherals	-0.32	0.56
updating	-0.32	0.52
bare	-0.32	0.56
temperatures	-0.32	0.52
setting	-0.32	0.48
audience	-0.32	0.59
4x	-0.32	0.46
16:9	-0.32	0.50
everyday	-0.32	0.51
capable	-0.32	0.50
patches	-0.32	0.53
written	-0.32	0.93
capability	-0.32	0.57
continues	-0.32	0.53
initially	-0.32	1.08
crack	-0.32	0.46
general	-0.32	0.49
stress	-0.32	0.49
task	-0.32	0.54
chain	-0.31	0.75
7770	-0.31	0.60
tried	-0.31	0.63
board	-0.31	0.42
component	-0.31	0.57
zip	-0.31	0.47
law	-0.31	0.64
showed	-0.31	0.59
density	-0.31	0.53
fast	-0.31	0.74
rad	-0.31	0.52
push	-0.31	0.49
temps	-0.31	0.52
developing	-0.31	0.42
existence	-0.31	0.75
amazed	-0.31	1.89
mini	-0.31	0.62
linking	-0.31	0.81
ear	-0.31	0.53
pcb	-0.31	0.51
raw	-0.31	0.55
r/pcgaming	-0.31	0.80
resolution	-0.31	0.49
afterburner	-0.31	0.40
turn	-0.31	0.41
hidden	-0.31	0.78
been	-0.31	0.87
disabled	-0.31	0.45
admins	-0.31	0.68
performing	-0.31	0.67
adds	-0.31	0.46
intend	-0.31	1.04
temp	-0.31	0.51
believe	-0.31	1.21
leave	-0.31	0.99
creators	-0.31	0.37
mobos	-0.31	0.42
laws	-0.31	0.52
mouth	-0.31	0.60
towards	-0.31	0.67
punch	-0.30	0.66
popularity	-0.30	0.45
changes	-0.30	0.58
utilize	-0.30	0.45
discovered	-0.30	0.58
usable	-0.30	0.68
physx	-0.30	0.42
failed	-0.30	0.60
return	-0.30	0.70
excellent	-0.30	1.41
4:3	-0.30	0.49
seller	-0.30	0.68
completely	-0.30	1.00
functionality	-0.30	0.61
electricity	-0.30	0.63
ubi	-0.30	0.90
served	-0.30	0.55
stability	-0.30	0.74
failure	-0.30	0.60
intensifies	-0.30	1.25
independent	-0.30	0.36
sells	-0.30	0.74
pull	-0.30	0.50
optimal	-0.30	1.06
enable	-0.29	0.47
separate	-0.29	0.46
themselves	-0.29	0.63
hands	-0.29	0.50
becoming	-0.29	0.66
boards	-0.29	0.42
opinions	-0.29	0.83
comment	-0.29	1.45
mbps	-0.29	0.53
goes	-0.29	0.52
iphone	-0.29	0.53
happening	-0.29	1.30
awhile	-0.29	0.68
how	-0.29	1.09
mobo	-0.29	0.42
white	-0.29	1.01
mainstream	-0.28	0.44
three	-0.28	0.47
decade	-0.28	0.50
change	-0.28	0.63
keyboards	-0.28	0.71
genuine	-0.28	0.80
capabilities	-0.28	0.58
shadowplay	-0.28	0.40
pulled	-0.28	0.49
full	-0.28	0.50
fiber	-0.28	0.74
colour	-0.28	0.71
part	-0.28	2.10
dog	-0.28	0.85
spin	-0.28	0.48
remain	-0.28	0.64
comparison	-0.28	0.74
eyefinity	-0.28	0.48
left	-0.28	0.84
entertaining	-0.28	1.36
muh	-0.28	0.78
aliasing	-0.28	0.47
thingy	-0.28	0.53
penny	-0.28	0.58
ruined	-0.28	0.69
tad	-0.28	0.86
bit	-0.28	0.89
rigs	-0.28	0.71
damage	-0.28	0.52
news	-0.28	0.59
forum	-0.27	0.73
system	-0.27	0.50
directly	-0.27	0.51
beating	-0.27	0.47
arguably	-0.27	2.04
connection	-0.27	0.53
gains	-0.27	0.56
afterwards	-0.27	0.57
crowd	-0.27	0.51
forget	-0.27	1.07
cancer	-0.27	0.64
preorder	-0.27	0.78
obviously	-0.27	1.19
sapphire	-0.27	0.51
le	-0.27	0.91
2500	-0.27	0.53
patch	-0.27	0.53
ultra	-0.27	0.52
target	-0.27	0.46
staying	-0.27	0.74
supposedly	-0.27	0.59
inches	-0.27	0.48
much	-0.27	0.86
head	-0.27	0.56
ability	-0.27	0.57
benchmarks	-0.27	0.50
answered	-0.27	0.98
flaws	-0.27	0.94
results	-0.27	0.49
22	-0.27	0.41
becomes	-0.27	0.79
mix	-0.27	0.43
focused	-0.27	0.32
amd	-0.27	0.53
make	-0.27	0.92
consoles	-0.27	0.44
understandable	-0.27	1.26
mobile	-0.27	0.57
corners	-0.27	0.54
linked	-0.27	0.77
found	-0.26	0.67
jack	-0.26	0.53
animations	-0.26	0.61
gifs	-0.26	0.73
hundred	-0.26	0.44
buying	-0.26	1.02
intelligent	-0.26	0.79
overclock	-0.26	0.54
upside	-0.26	0.51
massively	-0.26	0.72
instantly	-0.26	0.59
r9	-0.26	0.51
why	-0.26	1.19
ddr2	-0.26	0.54
1080	-0.26	0.48
throttling	-0.26	0.52
putting	-0.26	0.99
what	-0.26	1.42
largely	-0.26	0.71
nvidia	-0.26	0.43
exist	-0.26	0.96
application	-0.26	0.48
software	-0.26	0.43
msaa	-0.26	0.38
special	-0.26	0.65
petition	-0.26	0.61
nowadays	-0.26	0.48
aaa	-0.26	0.45
marked	-0.26	0.78
natively	-0.26	0.44
psus	-0.26	0.58
oc	-0.25	0.55
min	-0.25	0.51
regarding	-0.25	0.67
restart	-0.25	0.51
19	-0.25	0.41
has	-0.25	1.85
preferences	-0.25	0.60
power	-0.25	0.50
app	-0.25	0.52
object	-0.25	0.54
table	-0.25	0.47
carry	-0.25	0.60
read	-0.25	1.10
options	-0.25	0.52
theres	-0.25	0.69
alot	-0.25	0.61
updates	-0.25	0.50
7870	-0.25	0.55
ati	-0.24	0.56
maintenance	-0.24	0.45
responses	-0.24	0.95
taste	-0.24	1.12
tdp	-0.24	0.51
legs	-0.24	0.53
boost	-0.24	0.59
airflow	-0.24	0.49
margin	-0.24	0.57
25	-0.24	0.41
provides	-0.24	0.57
post	-0.24	0.90
page	-0.24	0.70
scroll	-0.24	0.81
reach	-0.24	0.55
murder	-0.24	0.43
res	-0.24	0.49
gain	-0.24	0.54
turbotax	-0.24	0.74
basically	-0.24	0.97
stayed	-0.24	0.48
heavily	-0.24	0.56
folder	-0.24	0.54
youre	-0.24	1.19
articles	-0.24	0.66
website	-0.24	0.60
stickers	-0.24	0.54
following	-0.24	0.62
hooked	-0.24	0.50
desk	-0.24	0.48
driver	-0.24	0.50
compatibility	-0.24	0.52
changed	-0.24	0.66
purchasing	-0.24	0.76
wattage	-0.24	0.54
evolved	-0.23	0.40
deleted	-0.23	1.25
decide	-0.23	0.94
fraps	-0.23	0.40
put	-0.23	0.57
ultimately	-0.23	0.60
smartphone	-0.23	0.53
ban	-0.23	0.63
heck	-0.23	0.72
uninstalled	-0.23	0.48
sitting	-0.23	0.54
trouble	-0.23	1.04
accuracy	-0.23	0.87
horizontal	-0.23	0.51
letting	-0.23	1.04
admit	-0.23	1.15
publisher	-0.23	0.48
bump	-0.23	0.59
figures	-0.23	0.71
currently	-0.23	1.24
invalid	-0.23	1.22
few	-0.23	0.47
switching	-0.23	0.69
benchmark	-0.23	0.47
cheaper	-0.23	0.89
net	-0.23	0.44
vertical	-0.23	0.51
offering	-0.23	0.64
opening	-0.23	0.50
produced	-0.23	0.41
copied	-0.23	1.08
site	-0.23	0.60
pants	-0.23	0.91
fov	-0.23	0.52
allows	-0.22	0.49
stock	-0.22	0.54
stay	-0.22	0.61
reinstalling	-0.22	0.53
developed	-0.22	0.35
customization	-0.22	0.53
fx-6300	-0.22	0.55
subject	-0.22	0.85
access	-0.22	0.53
any	-0.22	0.80
hitting	-0.22	0.55
was	-0.22	1.04
conclusion	-0.22	1.42
55	-0.22	0.45
sites	-0.22	0.53
refund	-0.22	0.69
dx12	-0.22	0.57
allow	-0.22	0.60
heathen	-0.22	0.85
35	-0.22	0.44
flip	-0.22	0.48
6gb	-0.22	0.54
choosing	-0.22	0.67
trailers	-0.22	0.56
image	-0.22	0.54
additional	-0.22	0.59
uninstall	-0.22	0.50
guaranteed	-0.22	0.58
chip	-0.22	0.54
saving	-0.22	1.03
beaten	-0.22	0.55
square	-0.21	0.41
number	-0.21	0.89
ingame	-0.21	0.47
120mm	-0.21	0.52
ios	-0.21	0.54
realize	-0.21	1.17
feelings	-0.21	0.62
consider	-0.21	1.14
trigger	-0.21	0.46
twitter	-0.21	0.63
decision	-0.21	0.87
vid	-0.21	0.70
modify	-0.21	0.49
unless	-0.21	1.34
solid	-0.21	0.63
max	-0.21	0.50
theory	-0.21	0.93
neck	-0.21	0.53
catalyst	-0.21	0.47
34	-0.21	0.44
viewing	-0.21	0.57
perspective	-0.21	0.60
view	-0.21	0.54
article	-0.21	0.84
subs	-0.21	0.79
scores	-0.20	0.55
13	-0.20	0.41
socket	-0.20	0.45
clocked	-0.20	0.55
test	-0.20	0.46
mb/s	-0.20	0.48
explain	-0.20	0.96
unlikely	-0.20	1.15
early	-0.20	0.61
270x	-0.20	0.54
height	-0.20	0.51
replied	-0.20	1.41
radeon	-0.20	0.53
became	-0.20	0.62
thousand	-0.20	0.46
four	-0.20	0.47
mostly	-0.20	0.55
270	-0.20	0.54
computing	-0.20	0.55
sounded	-0.20	1.20
by	-0.20	0.42
legitimately	-0.20	0.88
thus	-0.20	0.72
quieter	-0.20	0.64
worth	-0.20	0.54
3x	-0.20	0.50
paid	-0.19	0.47
explorer	-0.19	0.48
available	-0.19	0.69
since	-0.19	0.69
health	-0.19	0.44
edit	-0.19	2.80
happen	-0.19	1.13
complicated	-0.19	1.02
am3	-0.19	0.47
judging	-0.19	0.69
an	-0.19	0.52
websites	-0.19	0.53
avatar	-0.19	0.49
overclocked	-0.19	0.55
angle	-0.19	0.52
search	-0.19	0.58
6300	-0.19	0.54
plot	-0.19	0.76
department	-0.19	0.58
manager	-0.19	0.49
heat	-0.19	0.52
hacker	-0.19	0.61
payed	-0.19	0.45
show	-0.19	0.58
onboard	-0.19	0.57
transfer	-0.19	0.48
wear	-0.19	0.58
280x	-0.19	0.53
anytime	-0.19	1.03
extent	-0.19	0.68
fx	-0.19	0.55
convenience	-0.19	0.65
fish	-0.19	0.59
revenue	-0.19	0.46
65	-0.19	0.44
cross	-0.19	0.47
rubber	-0.19	0.53
functional	-0.18	0.61
superiority	-0.18	0.70
kernel	-0.18	0.48
hungry	-0.18	0.86
differently	-0.18	0.64
volume	-0.18	0.51
rpm	-0.18	0.44
instant	-0.18	0.43
26	-0.18	0.42
bluetooth	-0.18	0.62
showing	-0.18	0.63
improvements	-0.18	0.61
walked	-0.18	0.73
colours	-0.18	0.72
each	-0.18	0.46
configuration	-0.18	0.52
flow	-0.18	0.52
scale	-0.18	0.66
firmware	-0.18	0.49
versus	-0.18	0.44
include	-0.18	0.61
methods	-0.18	0.47
appeal	-0.18	0.53
3k	-0.18	0.50
activision	-0.18	0.59
ffs	-0.18	0.77
update	-0.18	0.50
arm	-0.18	0.50
paint	-0.18	0.58
gen	-0.18	0.57
invested	-0.17	0.55
falls	-0.17	0.67
restore	-0.17	0.51
reasons	-0.17	0.65
factors	-0.17	0.61
wireless	-0.17	0.60
applied	-0.17	0.64
vram	-0.17	0.57
wasting	-0.17	0.99
manually	-0.17	0.50
anybody	-0.17	1.12
fully	-0.17	0.73
grown	-0.17	0.63
aa	-0.17	0.41
mhz	-0.17	0.51
casual	-0.17	0.43
backup	-0.17	0.52
improvement	-0.17	0.57
supplies	-0.17	0.55
developer	-0.17	0.40
silent	-0.17	0.60
cracked	-0.17	0.50
report	-0.17	0.59
gameplay	-0.17	0.93
29	-0.17	0.44
gpu	-0.17	0.61
success	-0.17	0.50
yet	-0.17	0.85
280	-0.17	0.52
rendered	-0.17	0.43
contract	-0.17	0.42
seasonic	-0.17	0.52
direct	-0.16	0.43
workstation	-0.16	0.53
70	-0.16	0.46
shooting	-0.16	0.48
theoretically	-0.16	0.66
more	-0.16	0.85
window	-0.16	0.50
write	-0.16	1.10
footage	-0.16	0.42
peak	-0.16	0.44
individually	-0.16	0.50
lifespan	-0.16	0.67
length	-0.16	0.54
dev	-0.16	0.39
ms	-0.16	0.45
hanging	-0.16	0.64
xfx	-0.16	0.53
7950	-0.16	0.53
roughly	-0.16	0.46
aint	-0.16	0.91
8320	-0.16	0.53
40	-0.16	0.44
processors	-0.16	0.50
upgraded	-0.16	0.56
prodigy	-0.16	0.61
scenario	-0.16	0.83
lesson	-0.16	0.93
paired	-0.16	0.60
athlon	-0.16	0.59
worry	-0.16	1.14
considered	-0.15	0.82
stretch	-0.15	0.47
reboot	-0.15	0.53
folders	-0.15	0.53
hype	-0.15	1.11
trying	-0.15	0.93
drivers	-0.15	0.49
appropriate	-0.15	1.73
older	-0.15	0.39
18	-0.15	0.40
3000	-0.15	0.51
handle	-0.15	0.48
browse	-0.15	0.67
streams	-0.15	0.59
save	-0.15	0.66
tracking	-0.15	0.58
ouch	-0.15	1.01
iirc	-0.15	0.68
nowhere	-0.15	0.59
label	-0.15	0.53
viable	-0.15	0.62
exe	-0.15	0.49
leg	-0.15	0.51
ran	-0.15	0.42
perfectly	-0.15	0.75
spent	-0.15	0.47
21	-0.15	0.42
spending	-0.15	0.57
squeeze	-0.15	0.58
140	-0.15	0.47
fullscreen	-0.14	0.51
7970	-0.14	0.53
across	-0.14	0.46
maxed	-0.14	0.46
comcast	-0.14	0.51
stealing	-0.14	0.66
opinion	-0.14	0.96
young	-0.14	0.96
dry	-0.14	0.52
4.5ghz	-0.14	0.54
albeit	-0.14	0.76
clothes	-0.14	0.59
backed	-0.14	0.62
custom	-0.14	0.52
latest	-0.14	0.47
closer	-0.14	0.55
subreddits	-0.14	0.77
although	-0.14	1.30
create	-0.14	0.50
hd	-0.14	0.55
device	-0.14	0.53
loaded	-0.14	0.47
1gb	-0.14	0.52
wouldnt	-0.14	0.97
watercooling	-0.14	0.55
generation	-0.14	0.63
platform	-0.14	0.46
similarly	-0.14	0.71
range	-0.14	0.55
images	-0.14	0.54
strix	-0.14	0.49
efficiency	-0.14	0.52
removed	-0.14	0.74
downloading	-0.13	0.46
security	-0.13	0.75
50	-0.13	0.44
metal	-0.13	0.83
balanced	-0.13	0.48
ghz	-0.13	0.54
netflix	-0.13	0.36
8350	-0.13	0.53
immediately	-0.13	0.66
unit	-0.13	0.54
overclocking	-0.13	0.52
count	-0.13	0.98
granted	-0.13	0.62
door	-0.13	0.51
pictures	-0.13	0.64
charging	-0.13	0.40
hand	-0.13	0.53
newer	-0.13	0.39
taken	-0.13	0.66
improve	-0.13	0.82
android	-0.13	0.52
costs	-0.13	0.45
alpha	-0.13	0.83
750ti	-0.13	0.53
commonly	-0.13	1.07
atm	-0.13	1.26
eat	-0.13	0.97
tabs	-0.13	0.47
blu-ray	-0.13	0.45
upgrading	-0.13	0.88
somebody	-0.13	1.33
shape	-0.13	0.78
when	-0.13	0.82
4000	-0.12	0.53
ray	-0.12	0.42
next-gen	-0.12	0.53
impact	-0.12	0.79
unable	-0.12	0.70
pounds	-0.12	0.44
download	-0.12	0.45
anyone	-0.12	1.11
almost	-0.12	0.72
bios	-0.12	0.49
240	-0.12	0.49
browsing	-0.12	0.53
all	-0.12	0.80
anywhere	-0.12	0.82
g3258	-0.12	0.52
built	-0.12	0.55
couch	-0.12	0.47
28	-0.12	0.44
keeping	-0.12	0.82
figure	-0.12	1.02
ram	-0.12	0.50
chrome	-0.12	0.46
rumors	-0.12	0.73
lasted	-0.12	0.50
face	-0.12	0.89
invented	-0.12	0.43
upload	-0.12	0.46
foot	-0.12	0.47
triple	-0.12	0.50
efficient	-0.12	0.75
jumping	-0.12	0.46
mature	-0.12	0.70
searching	-0.12	0.68
promise	-0.12	0.67
watts	-0.11	0.46
follow	-0.11	0.57
patience	-0.11	0.62
become	-0.11	0.66
cut	-0.11	0.68
candy	-0.11	0.58
effectively	-0.11	0.76
action	-0.11	0.47
terms	-0.11	0.90
picking	-0.11	0.97
hire	-0.11	0.48
begging	-0.11	1.05
method	-0.11	0.51
feet	-0.11	0.49
architecture	-0.11	0.45
electronics	-0.11	0.44
egg	-0.11	0.45
non	-0.11	0.45
quality	-0.11	0.92
video	-0.11	0.39
cores	-0.11	0.49
clue	-0.11	1.14
hacking	-0.11	0.52
modders	-0.11	0.43
demand	-0.11	0.51
2500k	-0.11	0.53
recommended	-0.11	0.49
isp	-0.11	0.50
file	-0.11	0.51
fx-8350	-0.11	0.52
earlier	-0.11	0.91
11	-0.11	0.41
3570k	-0.11	0.53
grip	-0.11	0.77
initial	-0.11	0.57
paying	-0.11	0.47
wifi	-0.11	0.52
launch	-0.11	0.59
via	-0.11	0.49
media	-0.11	0.35
cpu	-0.11	0.51
pages	-0.10	0.60
temperature	-0.10	0.52
generally	-0.10	0.68
billion	-0.10	0.45
decisions	-0.10	0.64
degrees	-0.10	0.50
throw	-0.10	0.64
studios	-0.10	0.42
record	-0.10	0.40
shield	-0.10	0.49
generated	-0.10	0.91
ping	-0.10	0.50
deeper	-0.10	0.60
shots	-0.10	0.47
startup	-0.10	0.50
loop	-0.10	0.53
charge	-0.10	0.41
impression	-0.10	1.03
2000	-0.10	0.51
depth	-0.10	0.64
relatively	-0.10	0.85
rocking	-0.10	0.67
processes	-0.10	0.46
thought	-0.10	1.33
290	-0.10	0.52
stored	-0.10	0.55
previously	-0.10	0.73
handling	-0.10	0.47
improved	-0.10	0.94
optional	-0.10	0.53
external	-0.10	0.45
examples	-0.10	0.70
mean	-0.10	1.23
elsewhere	-0.10	0.70
holding	-0.10	0.54
cpus	-0.10	0.51
gddr5	-0.10	0.52
installs	-0.10	0.49
opened	-0.10	0.57
announcement	-0.10	1.10
clone	-0.09	0.50
contact	-0.09	0.60
text	-0.09	0.80
human	-0.09	0.45
bucks	-0.09	0.46
add	-0.09	0.71
current	-0.09	0.45
processor	-0.09	0.54
role	-0.09	0.47
pay	-0.09	0.50
actual	-0.09	0.53
feature	-0.09	0.55
gfx	-0.09	0.56
swap	-0.09	0.57
falling	-0.09	0.61
did	-0.09	1.04
core	-0.09	0.51
compression	-0.09	0.43
screenshots	-0.09	0.61
into	-0.09	0.54
5000	-0.09	0.44
bus	-0.09	0.54
justice	-0.09	0.56
tab	-0.09	0.59
technology	-0.08	0.46
innovation	-0.08	0.51
paste	-0.08	0.64
matter	-0.08	0.99
cutscenes	-0.08	0.46
micro	-0.08	0.47
wasnt	-0.08	1.45
dollars	-0.08	0.46
cooling	-0.08	0.53
fried	-0.08	0.64
crossfire	-0.08	0.52
ridiculously	-0.08	0.77
running	-0.08	0.52
discuss	-0.08	0.78
straight	-0.08	0.55
missions	-0.08	0.64
niche	-0.08	0.39
flair	-0.08	0.77
differences	-0.08	0.60
maxing	-0.08	0.47
history	-0.08	0.44
root	-0.08	0.48
previous	-0.08	0.68
1200	-0.08	0.49
ie	-0.08	0.46
hybrid	-0.08	0.42
ported	-0.08	0.49
nexus	-0.08	0.50
7200rpm	-0.08	0.43
reference	-0.08	0.51
tied	-0.08	0.55
chips	-0.08	0.51
imgur	-0.07	0.63
2x	-0.07	0.45
teach	-0.07	0.73
new	-0.07	0.47
up	-0.07	0.66
forward	-0.07	0.99
sound	-0.07	0.58
clicks	-0.07	0.58
quickly	-0.07	0.59
korean	-0.07	0.60
watt	-0.07	0.49
errors	-0.07	1.23
internal	-0.07	0.44
money	-0.07	0.61
storage	-0.07	0.42
contrast	-0.07	0.71
browser	-0.07	0.48
station	-0.07	0.54
tasks	-0.07	0.47
1tb	-0.07	0.43
tiger	-0.07	0.44
move	-0.07	0.62
hdd	-0.07	0.43
comfort	-0.07	0.82
position	-0.07	0.54
dare	-0.07	0.64
year	-0.07	0.49
originally	-0.07	1.12
dollar	-0.07	0.45
carefully	-0.07	0.70
seagate	-0.07	0.43
objects	-0.07	0.57
outside	-0.07	0.43
cycle	-0.07	0.47
western	-0.07	0.43
held	-0.07	0.56
pad	-0.07	0.58
addition	-0.06	0.45
cute	-0.06	1.87
500w	-0.06	0.51
osx	-0.06	0.56
concern	-0.06	0.95
2tb	-0.06	0.43
shirt	-0.06	0.53
multi	-0.06	0.49
price	-0.06	0.46
aspects	-0.06	0.61
expensive	-0.06	0.87
automatic	-0.06	0.46
swapped	-0.06	0.48
factory	-0.06	0.46
gigabyte	-0.06	0.48
mic	-0.06	0.48
files	-0.06	0.55
sony	-0.06	0.46
torrents	-0.06	0.49
4gb	-0.06	0.50
samsung	-0.06	0.47
card	-0.06	0.56
3gb	-0.06	0.51
wired	-0.06	0.60
wave	-0.06	0.59
channel	-0.06	0.42
i7	-0.06	0.52
suite	-0.06	0.42
harder	-0.06	0.77
hdds	-0.06	0.43
modular	-0.06	0.49
cleaner	-0.06	0.72
refuse	-0.06	0.73
data	-0.06	0.53
see	-0.06	1.03
reviews	-0.05	0.55
atx	-0.05	0.52
14	-0.05	0.41
110	-0.05	0.45
dx11	-0.05	0.46
insurance	-0.05	0.47
downloaded	-0.05	0.48
turned	-0.05	0.39
channels	-0.05	0.46
office	-0.05	0.46
comfortable	-0.05	0.66
approach	-0.05	0.53
heart	-0.05	0.84
country	-0.05	0.51
child	-0.05	1.13
bronze	-0.05	0.49
updated	-0.05	0.50
easier	-0.05	0.87
situation	-0.05	0.77
250gb	-0.05	0.44
seven	-0.05	0.47
expectations	-0.05	0.63
2gb	-0.05	0.51
color	-0.05	0.72
chart	-0.05	0.46
mind	-0.05	1.03
ssd	-0.05	0.44
commenting	-0.05	1.18
4670k	-0.05	0.51
120gb	-0.05	0.44
facebook	-0.05	0.58
native	-0.05	0.68
russia	-0.05	0.65
singleplayer	-0.05	1.17
anything	-0.05	1.03
myself	-0.05	0.87
set	-0.05	0.52
blocked	-0.05	0.55
quad	-0.05	0.52
belongs	-0.05	0.65
<SPECIAL>	-0.05	0.45
<URL>	-0.05	0.45
cost	-0.05	0.44
views	-0.05	0.56
difference	-0.05	0.64
interested	-0.05	2.05
harddrive	-0.05	0.43
ikea	-0.05	0.50
web	-0.05	0.49
hackintosh	-0.05	0.59
realized	-0.05	1.48
totalbiscuit	-0.05	0.78
powerful	-0.04	0.88
run	-0.04	0.43
msi	-0.04	0.48
microphone	-0.04	0.47
seat	-0.04	0.50
blank	-0.04	0.55
screenshot	-0.04	0.57
stream	-0.04	0.39
500gb	-0.04	0.42
force	-0.04	0.41
legally	-0.04	0.60
3.5	-0.04	0.43
3tb	-0.04	0.42
somehow	-0.04	0.71
3770k	-0.04	0.52
along	-0.04	0.84
plans	-0.04	0.65
750	-0.04	0.49
gun	-0.04	0.43
ahead	-0.04	0.80
intel	-0.04	0.56
reinstall	-0.04	0.53
twice	-0.04	0.66
uploaded	-0.04	0.61
supply	-0.04	0.50
fire	-0.04	0.44
upper	-0.04	0.76
digital	-0.04	0.51
shoot	-0.04	0.42
85	-0.04	0.45
kb	-0.04	0.58
rated	-0.04	0.48
256gb	-0.04	0.44
think	-0.04	1.25
background	-0.04	0.54
600w	-0.04	0.50
insanely	-0.04	0.77
wd	-0.04	0.42
ambient	-0.04	0.46
clarify	-0.04	1.78
helps	-0.04	0.72
headphone	-0.04	0.48
colors	-0.04	0.73
links	-0.04	0.70
years	-0.04	0.54
five	-0.04	0.47
hyperthreading	-0.04	0.49
gigs	-0.04	0.48
own	-0.04	0.51
benefit	-0.04	0.59
tb	-0.04	0.40
cx	-0.04	0.49
experience	-0.03	0.75
offers	-0.03	0.59
z87	-0.03	0.46
15	-0.03	0.42
1150	-0.03	0.46
psu	-0.03	0.49
260	-0.03	0.49
however	-0.03	1.34
single	-0.03	0.40
xeon	-0.03	0.50
google	-0.03	0.52
economy	-0.03	0.54
per	-0.03	0.44
x4	-0.03	0.52
80	-0.03	0.47
began	-0.03	0.63
floating	-0.03	0.79
decently	-0.03	0.70
dual	-0.03	0.47
build	-0.03	0.63
over	-0.03	0.54
finding	-0.03	0.87
150	-0.03	0.44
ddr3	-0.03	0.46
750w	-0.03	0.50
hours	-0.03	0.50
catch	-0.02	0.95
tie	-0.02	0.51
fry	-0.02	0.44
alternative	-0.02	0.52
review	-0.02	0.53
utility	-0.02	0.48
4770k	-0.02	0.51
upgrades	-0.02	0.59
engines	-0.02	0.39
profiles	-0.02	0.52
ditch	-0.02	0.68
650w	-0.02	0.49
overly	-0.02	0.80
noctua	-0.02	0.52
100	-0.02	0.43
somewhat	-0.02	0.77
thermal	-0.02	0.63
someone	-0.02	1.20
gb	-0.02	0.46
tool	-0.02	0.47
setups	-0.02	0.53
profit	-0.02	0.48
clicked	-0.02	1.03
couldnt	-0.02	0.84
aspect	-0.02	0.64
notes	-0.02	0.62
versions	-0.02	0.50
threw	-0.02	0.45
advantages	-0.02	0.63
asus	-0.02	0.49
intro	-0.02	0.39
consumption	-0.02	0.61
managed	-0.02	0.79
tags	-0.02	0.75
snap	-0.02	0.79
demo	-0.02	0.44
possibly	-0.02	0.87
know	-0.01	1.07
customizable	-0.01	0.58
128gb	-0.01	0.45
sink	-0.01	0.65
pricing	-0.01	0.48
format	-0.01	0.48
voice	-0.01	0.60
seemed	-0.01	0.80
because	-0.01	1.24
theyre	-0.01	0.87
290x	-0.01	0.51
remote	-0.01	0.52
couple	-0.01	0.47
suggest	-0.01	0.94
programs	-0.01	0.50
cuda	-0.01	0.44
machine	-0.01	0.72
hold	-0.01	0.50
upcoming	-0.01	1.07
accidentally	-0.01	1.18
monthly	-0.01	0.44
mention	-0.01	1.03
applications	-0.01	0.48
usd	-0.01	0.40
250	-0.01	0.44
typing	-0.01	0.57
cod	-0.01	1.44
caps	-0.01	0.58
130	-0.01	0.44
monopoly	-0.01	0.57
twist	-0.01	0.41
460	-0.01	0.50
practical	-0.01	0.83
manual	-0.01	0.49
programmer	-0.01	0.61
drives	-0.01	0.43
90	-0.01	0.46
highly	-0.01	0.73
quote	-0.01	1.00
mount	-0.01	0.55
month	-0.01	0.44
bet	-0.00	1.09
from	-0.00	0.52
200	-0.00	0.43
plus	-0.00	0.40
8gb	-0.00	0.48
2.5	-0.00	0.43
exceptions	-0.00	0.51
asrock	-0.00	0.42
playing	-0.00	0.73
downloads	-0.00	0.46
distro	-0.00	0.50
wall	-0.00	0.47
firefox	-0.00	0.47
after	-0.00	0.63
communities	-0.00	0.56
hard	-0.00	0.43
fees	-0.00	0.44
stats	-0.00	0.45
reverse	-0.00	0.58
gon	-0.00	1.24
windforce	-0.00	0.51
20	-0.00	0.44
fee	0.00	0.43
valuable	0.00	0.67
nicely	0.00	0.68
x2	0.00	0.51
incredibly	0.00	0.78
most	0.00	0.56
2010	0.00	0.62
installing	0.00	0.52
paced	0.00	0.60
sides	0.00	0.57
partition	0.00	0.51
packages	0.00	0.53
days	0.00	0.53
profitable	0.00	0.51
illegal	0.00	0.62
cant	0.00	0.86
guy	0.01	1.04
progress	0.01	0.55
thing	0.01	1.05
secure	0.01	0.53
tax	0.01	0.46
automatically	0.01	0.63
draw	0.01	0.53
ups	0.01	0.52
second	0.01	0.84
tis	0.01	0.49
disks	0.01	0.45
retailer	0.01	0.46
they	0.01	1.06
afford	0.01	0.90
accepting	0.01	0.98
cooled	0.01	0.53
finish	0.01	0.54
returned	0.01	0.48
studio	0.01	0.34
sleep	0.01	0.87
apologies	0.01	1.83
appealing	0.01	0.87
ones	0.01	0.59
description	0.01	1.03
cd	0.01	0.54
hassle	0.01	0.69
graphical	0.01	0.70
luckily	0.01	0.65
order	0.01	0.54
store	0.01	0.47
already	0.01	0.76
charged	0.01	0.48
microsoft	0.01	0.49
equipment	0.01	0.51
charges	0.01	0.46
completed	0.02	0.71
walls	0.02	0.41
videos	0.02	0.46
1600mhz	0.02	0.45
evo	0.02	0.47
physical	0.02	0.50
police	0.02	0.45
seconds	0.02	0.52
drive	0.02	0.44
pair	0.02	0.48
enjoyable	0.02	0.77
tagged	0.02	0.85
pro	0.02	0.55
180	0.02	0.45
tech	0.02	0.49
fake	0.02	0.67
arch	0.02	0.51
alternatives	0.02	0.51
distros	0.02	0.52
percent	0.02	0.47
kit	0.02	0.49
say	0.02	1.08
player	0.03	0.54
processing	0.03	0.50
mp	0.03	1.34
includes	0.03	0.49
attention	0.03	0.75
basement	0.03	0.67
160	0.03	0.45
strictly	0.03	0.96
installer	0.03	0.51
center	0.03	0.43
legal	0.03	0.54
local	0.03	0.42
mint	0.03	0.51
fight	0.03	0.67
heatsink	0.03	0.68
porn	0.03	0.55
audio	0.03	0.46
1000	0.03	0.44
crucial	0.03	0.45
where	0.03	1.13
amazon	0.03	0.45
package	0.03	0.52
writing	0.03	0.87
z97	0.03	0.45
necessary	0.03	1.80
ssds	0.03	0.45
shops	0.03	0.46
times	0.03	0.53
leaked	0.03	0.51
hobby	0.03	0.56
we	0.03	0.94
ca	0.03	0.94
trailer	0.03	0.55
650	0.03	0.48
reply	0.03	1.23
unlocked	0.03	0.52
recording	0.03	0.38
listen	0.03	0.57
title	0.04	1.44
possibility	0.04	0.97
speakers	0.04	0.49
benefits	0.04	0.55
aftermarket	0.04	0.52
gpus	0.04	0.53
minus	0.04	0.51
linux	0.04	0.54
1k	0.04	0.44
extremely	0.04	0.77
560	0.04	0.51
modern	0.04	0.89
duty	0.04	1.44
creating	0.04	0.53
dont	0.04	1.03
1500	0.04	0.42
miles	0.04	0.46
here	0.04	0.88
released	0.04	0.62
480	0.04	0.47
blacks	0.04	0.55
looked	0.04	0.55
remotely	0.04	0.73
releases	0.04	0.67
760	0.04	0.51
reset	0.04	0.53
alive	0.04	0.73
cancel	0.04	0.49
study	0.04	0.58
eight	0.04	0.48
women	0.04	0.72
detail	0.04	0.55
grammar	0.05	2.39
fingers	0.05	0.59
asap	0.05	0.69
lists	0.05	0.58
cat	0.05	1.18
500	0.05	0.43
comic	0.05	0.77
freedom	0.05	0.56
steps	0.05	0.51
satisfying	0.05	1.10
prior	0.05	0.58
ten	0.05	0.45
purchase	0.05	0.58
whatever	0.05	0.94
970s	0.05	0.50
2003	0.05	0.68
minute	0.05	0.53
invest	0.05	0.67
memory	0.05	0.49
16gb	0.05	0.46
longer	0.05	0.56
850	0.05	0.44
somewhere	0.05	0.63
honestly	0.05	1.19
raid	0.05	0.45
atleast	0.05	0.78
employees	0.05	0.57
580	0.05	0.51
minutes	0.05	0.53
insert	0.05	0.69
further	0.05	0.60
hyper	0.05	0.49
32gb	0.05	0.48
remember	0.05	0.93
dvd	0.05	0.44
fucking	0.05	0.73
taxes	0.06	0.48
anymore	0.06	1.05
realistically	0.06	0.80
sli	0.06	0.50
distance	0.06	0.49
trick	0.06	0.73
coding	0.06	0.72
400	0.06	0.42
claimed	0.06	0.92
12	0.06	0.43
5-10	0.06	0.45
sidebar	0.06	0.72
utorrent	0.06	0.49
shop	0.06	0.43
torrent	0.06	0.52
rockstar	0.06	0.55
photo	0.06	0.63
mins	0.06	0.53
sensor	0.06	0.76
eventually	0.06	0.72
linus	0.06	0.73
kingston	0.06	0.44
300	0.06	0.43
led	0.06	0.69
buy	0.06	0.89
campaign	0.06	1.06
onto	0.06	0.52
pros	0.06	0.56
660	0.06	0.51
pizza	0.06	0.91
lasts	0.06	0.52
660ti	0.06	0.51
570	0.06	0.51
16	0.07	0.46
seem	0.07	0.90
male	0.07	0.63
ready	0.07	1.26
starting	0.07	0.99
780s	0.07	0.51
minds	0.07	0.58
256	0.07	0.53
shadows	0.07	0.42
thumb	0.07	0.58
cash	0.07	0.60
wearing	0.07	0.51
youtube	0.07	0.49
exactly	0.07	1.16
670	0.07	0.51
investment	0.07	0.55
cheat	0.07	0.44
headsets	0.07	0.50
titans	0.07	0.52
wont	0.07	0.98
780ti	0.07	0.51
charm	0.07	0.61
reason	0.07	1.16
standing	0.07	0.50
takes	0.07	0.53
booted	0.07	0.49
zotac	0.07	0.50
question	0.07	1.11
install	0.07	0.53
milk	0.07	0.76
600	0.07	0.43
wallpapers	0.08	0.48
true	0.08	2.39
ai	0.08	0.66
gender	0.08	0.76
evga	0.08	0.50
strip	0.08	0.61
travel	0.08	0.60
link	0.08	0.99
690	0.08	0.51
warning	0.08	0.84
healthy	0.08	0.54
770	0.08	0.51
training	0.08	0.55
780	0.08	0.51
jumped	0.08	0.50
coolers	0.08	0.54
970	0.08	0.51
affordable	0.08	0.66
2-3	0.08	0.50
potatoes	0.08	0.68
environment	0.08	0.52
route	0.08	0.58
installation	0.08	0.54
bring	0.08	0.75
now	0.08	1.36
disk	0.08	0.47
calculations	0.08	0.53
everything	0.08	0.59
past	0.08	0.57
balance	0.09	0.82
vac	0.09	0.46
steamos	0.09	0.53
manage	0.09	0.59
discs	0.09	0.50
reds	0.09	0.58
planned	0.09	0.69
eu	0.09	0.48
worthwhile	0.09	0.82
collect	0.09	0.61
4-5	0.09	0.47
450	0.09	0.43
gig	0.09	0.51
successful	0.09	0.56
meh	0.09	0.83
212	0.09	0.52
512	0.09	0.51
editor	0.09	0.40
980	0.09	0.51
effective	0.09	0.82
before	0.09	0.72
usernames	0.09	0.75
announced	0.09	0.74
therefore	0.09	1.05
680	0.09	0.51
reasonably	0.09	0.71
long	0.09	0.62
ti	0.09	0.51
moved	0.09	0.45
coming	0.09	1.22
process	0.10	0.64
once	0.10	0.69
700	0.10	0.44
hack	0.10	0.50
picture	0.10	0.62
nothing	0.10	1.00
installed	0.10	0.55
mb	0.10	0.48
subscription	0.10	0.40
actually	0.10	1.19
ratio	0.10	0.64
platinum	0.10	0.48
hour	0.10	0.54
management	0.10	0.82
disc	0.10	0.50
intense	0.10	0.65
either	0.10	1.23
style	0.10	0.47
game	0.10	0.75
downgrade	0.10	0.58
humans	0.10	0.51
ddr4	0.10	0.55
within	0.10	0.53
chose	0.10	0.61
4790k	0.10	0.50
cache	0.10	0.50
router	0.10	0.45
contains	0.10	0.56
sorta	0.10	0.92
months	0.10	0.55
graphics	0.11	0.71
phenom	0.11	0.54
550	0.11	0.44
multitasking	0.11	0.50
checked	0.11	0.84
gtx	0.11	0.51
necessarily	0.11	0.96
back	0.11	0.57
fidelity	0.11	0.72
ago	0.11	0.55
7.1	0.11	0.49
came	0.11	0.50
work	0.11	1.00
cooler	0.11	0.52
launcher	0.11	0.51
gif	0.11	0.59
models	0.11	0.48
aw	0.11	1.25
better	0.11	0.92
want	0.11	0.98
render	0.11	0.45
typed	0.11	1.77
9	0.11	0.50
geforce	0.11	0.52
grade	0.12	0.55
waiting	0.12	1.27
able	0.12	0.89
suspect	0.12	1.04
problem	0.12	0.89
128	0.12	0.52
bungie	0.12	0.56
scratch	0.12	0.49
wine	0.12	0.44
group	0.12	0.68
newest	0.12	0.44
ubuntu	0.12	0.55
open	0.12	0.51
accident	0.12	0.86
out	0.12	0.76
room	0.12	0.45
4690k	0.12	0.52
referring	0.12	2.23
performance	0.12	0.70
1600	0.12	0.44
gfwl	0.12	0.50
physics	0.12	0.50
69	0.13	0.52
top-of-the-line	0.13	0.68
wheel	0.13	0.91
adult	0.13	0.85
book	0.13	0.66
karma	0.13	0.85
earned	0.13	0.51
men	0.13	0.61
convenient	0.13	0.88
wo	0.13	1.01
yourself	0.13	0.84
always	0.13	0.95
school	0.13	0.57
body	0.13	0.48
titan	0.13	0.51
raise	0.13	0.54
bills	0.13	0.50
state	0.13	0.42
560ti	0.13	0.54
solutions	0.13	0.53
realised	0.13	1.51
electronic	0.13	0.42
840	0.14	0.46
ice	0.14	0.66
find	0.14	0.92
weeks	0.14	0.55
3-4	0.14	0.48
character	0.14	0.50
295x2	0.14	0.52
grow	0.14	0.51
something	0.14	1.04
10	0.14	0.45
services	0.14	0.74
groups	0.14	0.55
math	0.14	0.65
upgrade	0.14	0.83
pic	0.14	0.67
speech	0.14	1.18
took	0.14	0.59
jump	0.14	0.49
deep	0.14	0.63
mode	0.14	0.43
frankly	0.14	0.77
pointing	0.14	2.24
through	0.14	0.45
error	0.14	1.16
savings	0.14	0.56
can	0.14	0.90
htpc	0.14	0.57
blues	0.14	0.59
shipping	0.14	0.45
budget	0.14	0.45
miss	0.14	1.97
rosewill	0.15	0.48
things	0.15	0.74
thermaltake	0.15	0.47
xbl	0.15	0.41
hang	0.15	0.69
stores	0.15	0.47
walk	0.15	0.44
china	0.15	0.45
networks	0.15	0.48
release	0.15	0.74
dice	0.15	0.61
included	0.15	0.49
popular	0.15	0.63
projects	0.15	0.45
heating	0.15	0.47
take	0.15	0.81
children	0.15	1.12
units	0.15	0.47
time	0.15	1.00
editing	0.15	0.45
silence	0.15	0.74
scope	0.15	0.53
butter	0.15	0.86
retail	0.15	0.47
speaker	0.15	0.60
brown	0.15	0.65
unlock	0.15	0.46
interactive	0.15	0.33
sacrifice	0.15	0.80
get	0.15	0.97
option	0.15	0.61
browns	0.16	0.59
states	0.16	0.49
skill	0.16	0.59
980s	0.16	0.51
future	0.16	0.87
shooter	0.16	0.46
staff	0.16	0.54
2011	0.16	0.67
score	0.16	0.52
visit	0.16	0.67
elaborate	0.16	1.12
uni	0.16	0.55
closest	0.16	0.43
euros	0.16	0.52
even	0.16	1.07
famous	0.16	0.51
difficulty	0.16	0.65
steve	0.16	0.47
antec	0.16	0.52
difficult	0.16	0.83
ways	0.16	0.67
legit	0.16	0.56
googling	0.16	0.66
every	0.16	0.55
books	0.17	0.54
instructions	0.17	0.55
documents	0.17	0.75
maps	0.17	0.87
realise	0.17	1.19
h100i	0.17	0.53
double	0.17	0.80
dpi	0.17	0.61
feedback	0.17	0.64
exception	0.17	0.65
students	0.17	0.52
black	0.17	0.69
getting	0.17	1.18
shortly	0.17	0.68
degree	0.17	0.54
pirated	0.17	0.56
titles	0.17	0.40
likely	0.17	0.98
six	0.17	0.42
enemies	0.18	0.52
gold	0.18	0.50
swear	0.18	0.81
est-0500	0.18	0.80
recommend	0.18	0.78
x1	0.18	0.53
gamestop	0.18	0.47
pc	0.18	0.48
hacked	0.18	0.49
cad	0.18	0.45
worked	0.18	0.59
separately	0.18	0.55
bought	0.18	0.63
watch	0.18	0.44
situations	0.18	0.59
demos	0.18	0.52
fairly	0.18	0.76
near	0.18	0.52
curve	0.18	0.73
very	0.18	0.77
university	0.18	0.55
refer	0.19	1.42
celebrities	0.19	0.50
creative	0.19	0.73
i5	0.19	0.54
reality	0.19	0.52
only	0.19	1.00
assuming	0.19	2.02
boots	0.19	0.61
them	0.19	0.89
settle	0.19	0.57
respond	0.19	0.86
rent	0.19	0.54
short	0.19	0.74
tlou	0.19	1.05
returns	0.19	0.72
let	0.19	0.94
rating	0.19	0.49
ncix	0.19	0.47
hair	0.19	0.51
acx	0.19	0.55
cents	0.19	0.49
shopping	0.19	0.46
dos	0.19	0.58
skype	0.19	0.49
hit	0.19	0.61
direction	0.19	0.62
galaxy	0.19	0.67
in-game	0.19	0.47
particularly	0.19	0.77
kraken	0.19	0.48
then	0.20	0.94
kids	0.20	1.13
classic	0.20	0.61
jet	0.20	0.51
football	0.20	0.40
logged	0.20	0.52
3rd	0.20	0.70
headset	0.20	0.48
edited	0.20	1.95
waited	0.20	0.64
joking	0.20	1.38
retailers	0.20	0.48
nearly	0.20	0.63
twitch	0.20	0.41
endless	0.20	0.66
offered	0.20	0.59
bed	0.20	0.53
pi	0.20	0.51
booting	0.20	0.57
haswell	0.20	0.51
army	0.20	0.53
payment	0.20	0.50
sennheiser	0.20	0.47
regard	0.20	0.68
3d	0.20	0.49
promising	0.20	1.27
boot	0.21	0.58
otherwise	0.21	1.07
location	0.21	0.48
heads	0.21	0.69
areas	0.21	0.49
forums	0.21	0.68
guns	0.21	0.46
community	0.21	0.58
sp	0.21	1.12
select	0.21	0.61
try	0.21	0.87
microcenter	0.21	0.45
bits	0.21	0.56
photos	0.21	0.56
making	0.22	1.03
statement	0.22	2.23
level	0.22	0.62
32	0.22	0.57
easily	0.22	0.63
fresh	0.22	0.62
choices	0.22	0.63
cards	0.22	0.53
later	0.22	0.62
x86	0.22	0.50
bitfenix	0.22	0.60
science	0.22	0.56
stack	0.22	0.45
pick	0.22	0.86
beyond	0.22	0.52
begin	0.22	0.74
delayed	0.22	0.74
craigslist	0.22	0.48
weapons	0.22	0.45
need	0.22	0.96
cheese	0.22	0.87
so	0.22	1.22
green	0.22	0.77
welp	0.22	1.08
edt-0400	0.22	0.62
spoiler	0.22	0.51
goal	0.22	0.46
sufficient	0.22	0.78
operating	0.23	0.63
region	0.23	0.49
solution	0.23	0.67
wanted	0.23	0.98
explanation	0.23	0.95
dynamic	0.23	0.44
sec	0.23	0.59
adobe	0.23	0.44
ceo	0.23	0.58
leds	0.23	0.72
mission	0.23	0.51
oculus	0.23	0.48
multiplayer	0.23	0.77
shipped	0.23	0.58
assumption	0.23	2.20
extended	0.23	0.57
blacked	0.23	0.81
wild	0.23	0.71
warfare	0.23	1.30
wanting	0.23	0.92
lel	0.24	0.86
government	0.24	0.48
taught	0.24	0.70
steel	0.24	0.51
bonus	0.24	0.55
programming	0.24	0.78
could	0.24	0.99
stories	0.24	0.63
income	0.24	0.47
total	0.24	0.81
orange	0.24	0.74
figured	0.24	1.30
overall	0.24	0.89
scene	0.24	0.44
recently	0.24	0.63
psn	0.25	0.44
apparently	0.25	1.16
r/mechanicalkeyboards	0.25	0.66
surround	0.25	0.48
glasses	0.25	0.48
headphones	0.25	0.72
ask	0.25	0.92
bullet	0.25	0.51
switches	0.25	0.60
sports	0.25	0.56
classes	0.25	0.64
cough	0.25	0.77
list	0.25	0.64
99	0.25	0.74
research	0.25	0.67
rgb	0.25	0.61
come	0.25	0.82
powers	0.25	0.67
sweden	0.25	0.49
no	0.25	1.02
describe	0.25	1.56
met	0.25	0.71
miners	0.25	0.54
quite	0.25	0.81
production	0.25	0.42
formula	0.25	0.53
doctor	0.25	1.17
java	0.25	0.69
condition	0.25	0.48
australia	0.25	0.48
named	0.25	1.53
priority	0.26	0.49
class	0.26	0.65
others	0.26	0.73
expand	0.26	0.59
grab	0.26	0.70
context	0.26	1.78
europe	0.26	0.50
learn	0.26	1.10
mechanical	0.26	0.59
tower	0.26	0.57
fighting	0.26	0.46
2012	0.26	0.69
resource	0.26	0.53
engineering	0.26	0.52
usa	0.26	0.45
engine	0.26	0.42
combined	0.26	0.50
high-end	0.26	0.82
perhaps	0.26	1.01
heavy	0.26	0.45
kinect	0.26	0.51
photoshop	0.26	0.46
cloud	0.27	0.58
again	0.27	0.92
stage	0.27	0.45
netherlands	0.27	0.50
idk	0.27	1.30
official	0.27	0.56
course	0.27	1.17
fights	0.27	0.61
rift	0.27	0.76
bringing	0.27	0.68
overkill	0.27	0.74
intensive	0.27	0.53
wtf	0.27	1.06
irl	0.27	0.77
schools	0.27	0.55
aesthetics	0.27	0.83
deliver	0.27	0.64
na	0.27	1.14
case	0.27	0.59
land	0.27	0.61
prices	0.27	0.46
mech	0.27	0.59
funding	0.27	0.52
electric	0.27	0.43
working	0.28	1.02
pics	0.28	0.62
learned	0.28	1.17
fall	0.28	0.67
rom	0.28	0.52
officially	0.28	0.53
cherry	0.28	0.60
zalman	0.28	0.49
notch	0.28	0.57
buttons	0.28	0.64
sooner	0.28	0.84
pockets	0.28	0.70
countries	0.28	0.51
mx	0.28	0.60
learning	0.28	0.93
mouse	0.28	0.64
next	0.28	0.73
95	0.28	0.47
or	0.28	0.92
keyboard	0.28	0.58
also	0.28	1.17
ebay	0.28	0.48
status	0.29	0.61
younger	0.29	1.16
880	0.29	0.75
as	0.29	0.98
enthusiast	0.29	0.53
automod	0.29	0.71
kinda	0.29	0.76
2014	0.29	0.59
stolen	0.29	0.57
dlc	0.29	0.53
finger	0.29	0.63
match	0.29	0.59
tutorial	0.29	0.57
went	0.29	0.48
classified	0.29	0.55
should	0.29	1.02
your	0.29	0.53
delivery	0.29	0.59
flight	0.29	0.92
step	0.29	0.59
windowed	0.29	0.53
sign	0.29	0.63
collecting	0.29	0.57
module	0.29	0.58
japan	0.29	0.48
animation	0.29	0.49
vr	0.29	0.55
moments	0.29	0.77
immersion	0.30	0.62
pcpartpicker	0.30	0.62
looking	0.30	1.27
universe	0.30	0.93
network	0.30	0.51
live	0.30	0.47
uk	0.30	0.51
moar	0.30	0.83
preferably	0.30	0.89
united	0.30	0.46
modes	0.30	0.54
rock	0.30	0.36
tag	0.30	0.84
easiest	0.30	0.65
visual	0.31	0.65
delicious	0.31	1.03
party	0.31	0.54
kickstarter	0.31	0.51
way	0.31	0.96
ofc	0.31	0.61
e3	0.31	0.62
license	0.31	0.53
weapon	0.31	0.48
function	0.31	0.59
wonders	0.31	0.55
him	0.31	1.08
1-2	0.31	0.46
valve	0.31	0.50
aliens	0.31	0.88
might	0.31	1.03
rocket	0.31	0.44
trial	0.31	0.49
period	0.31	0.53
offline	0.31	0.54
sadly	0.32	1.17
north	0.32	0.46
numbers	0.32	0.80
floppy	0.32	0.47
killing	0.32	0.83
version	0.32	0.55
teacher	0.32	0.64
zombies	0.32	0.82
steal	0.32	0.63
combo	0.32	0.54
alien	0.32	0.89
there	0.32	0.97
poster	0.32	0.55
interesting	0.33	1.62
maker	0.33	0.52
6	0.33	0.48
enough	0.33	0.85
canada	0.33	0.47
million	0.33	0.54
which	0.33	0.99
survive	0.33	0.69
messages	0.33	0.77
friendly	0.33	0.59
area	0.33	0.41
2k	0.33	0.48
potato	0.34	0.64
characters	0.34	0.68
sell	0.34	0.59
dlcs	0.34	0.53
neither	0.34	0.90
mines	0.34	0.52
education	0.34	0.54
spot	0.34	0.87
coolermaster	0.34	0.51
maxwell	0.34	0.57
chinese	0.34	0.90
soon	0.34	0.97
cuz	0.34	0.87
enjoyment	0.34	0.50
go	0.34	0.83
duck	0.34	0.58
willing	0.34	0.96
sauce	0.35	0.74
setup	0.35	0.61
patient	0.35	0.72
yesterday	0.35	0.66
she	0.35	1.49
comp	0.35	0.42
roll	0.35	0.61
virtual	0.35	0.49
whose	0.35	1.15
sorry	0.35	1.65
preview	0.35	0.54
vengeance	0.35	0.48
blue	0.35	0.74
simple	0.35	0.90
hardcore	0.35	0.38
gas	0.35	0.44
pool	0.35	0.76
skin	0.35	0.50
advantage	0.35	0.58
choose	0.35	0.70
fired	0.35	0.39
america	0.35	0.52
naughty	0.35	0.65
last	0.36	0.68
split	0.36	0.43
possible	0.36	1.00
nsfw	0.36	0.86
nazi	0.36	1.91
quick	0.36	0.61
got	0.36	0.59
print	0.36	0.54
wage	0.36	0.47
least	0.36	0.92
wait	0.36	0.82
south	0.36	0.43
unfortunately	0.36	1.12
value	0.37	0.60
wiki	0.37	0.65
ducky	0.37	0.59
fyi	0.37	1.17
complex	0.37	0.66
accept	0.37	0.70
information	0.37	0.84
arrived	0.37	0.62
teh	0.37	0.88
blackwidow	0.37	0.54
rocks	0.37	0.44
4th	0.37	0.78
accurate	0.37	1.56
98	0.37	0.52
places	0.37	0.56
mid	0.37	0.56
selling	0.37	0.61
gave	0.38	1.06
bethesda	0.38	0.56
vm	0.38	0.60
zombie	0.38	0.48
sandbox	0.38	0.57
map	0.38	0.51
spam	0.38	0.72
peasantbox	0.38	0.57
weekly	0.38	0.63
episodes	0.38	0.42
student	0.38	0.54
maybe	0.38	0.99
probably	0.38	1.05
2015	0.38	0.80
horror	0.38	0.73
surprisingly	0.38	0.72
shooters	0.38	0.44
builds	0.38	0.59
guilty	0.38	1.51
twin	0.39	0.55
active	0.39	0.66
2013	0.39	0.61
alone	0.39	0.75
2004	0.39	0.59
professional	0.39	0.45
greatest	0.39	1.67
will	0.39	0.95
ball	0.39	0.49
define	0.39	0.63
hunt	0.39	0.43
spawn	0.39	0.70
anime	0.40	0.46
living	0.40	0.47
sets	0.40	0.51
flying	0.40	0.42
1.5	0.40	0.46
destiny	0.40	0.90
peoples	0.40	0.62
mw2	0.40	1.89
town	0.40	0.39
late	0.40	0.68
everyone	0.40	1.16
bf4	0.40	0.61
brings	0.40	0.73
reliable	0.41	0.67
quickfire	0.41	0.59
tank	0.41	0.46
350	0.41	0.61
fifa	0.41	0.65
translate	0.41	1.74
tutorials	0.41	0.58
trip	0.41	0.45
boom	0.41	0.50
tbh	0.41	0.71
chicken	0.41	0.67
iso	0.41	0.62
sight	0.42	0.52
whoops	0.42	1.71
chat	0.42	0.57
note	0.42	0.60
germany	0.42	0.70
uplay	0.42	0.72
definition	0.42	1.56
someday	0.42	0.94
oops	0.42	1.69
lived	0.42	0.40
900	0.42	0.63
woman	0.42	1.28
laser	0.42	0.54
faces	0.42	0.79
hmmm	0.42	0.96
effects	0.42	0.53
fine	0.43	0.86
ama	0.43	0.75
url	0.43	0.70
sniper	0.43	0.45
close	0.43	1.07
rig	0.43	0.66
knife	0.43	0.49
lights	0.43	0.70
finally	0.43	0.84
red	0.43	0.74
delivered	0.43	0.62
achievements	0.43	0.52
planet	0.43	0.94
reminds	0.43	1.27
pocket	0.43	0.56
imply	0.44	2.24
equally	0.44	0.75
dunno	0.44	1.30
210	0.44	0.56
textures	0.44	0.47
r4	0.44	0.61
comes	0.44	0.84
ordering	0.44	0.80
vehicles	0.45	0.51
mining	0.45	0.59
another	0.45	0.87
optical	0.45	0.56
button	0.45	0.69
didnt	0.45	1.12
track	0.45	0.48
os	0.45	0.67
backwards	0.45	0.49
razer	0.45	0.58
program	0.45	0.52
creator	0.45	0.49
premium	0.46	0.54
sold	0.46	0.54
sky	0.46	0.67
skip	0.46	0.54
taking	0.46	0.97
earn	0.46	0.57
540	0.46	0.58
genre	0.46	0.44
totally	0.46	1.04
arms	0.46	0.65
college	0.46	0.51
demanding	0.46	0.68
ign	0.46	0.52
theft	0.46	0.46
arrive	0.46	0.71
concept	0.46	0.81
user	0.46	0.64
funds	0.46	0.60
xbone	0.46	0.53
macro	0.46	0.62
reminded	0.47	1.54
ending	0.47	0.51
ip	0.47	0.54
accounts	0.47	0.58
kid	0.47	1.30
vehicle	0.47	0.52
bill	0.47	0.51
texture	0.47	0.48
flash	0.47	0.55
suit	0.47	0.49
item	0.47	0.61
seems	0.47	0.83
korea	0.47	0.47
motherfucker	0.47	0.90
advise	0.48	1.13
rapid	0.48	0.58
meet	0.48	0.64
term	0.48	1.47
certainly	0.48	0.89
800	0.48	0.61
admin	0.48	0.60
sc	0.48	0.58
purchased	0.48	0.53
lives	0.48	0.51
far	0.48	0.99
enhanced	0.48	0.49
definitive	0.48	0.62
submit	0.48	0.75
reached	0.49	0.54
assets	0.49	0.46
bot	0.49	0.78
himself	0.49	0.83
rainmeter	0.49	0.59
tier	0.49	0.57
bound	0.49	0.67
fractal	0.49	0.59
cook	0.50	0.74
pleasure	0.50	0.64
jobs	0.50	0.45
nevermind	0.50	1.53
75	0.50	0.55
boss	0.50	0.44
girls	0.50	0.84
accepted	0.50	0.62
ring	0.50	0.65
ships	0.50	0.55
ps4	0.50	0.57
hopefully	0.50	0.96
honesty	0.50	0.93
mice	0.50	0.57
pleased	0.51	1.93
online	0.51	0.46
radio	0.51	0.44
pass	0.51	0.60
mum	0.51	0.85
mousepad	0.51	0.52
boys	0.51	0.77
wise	0.51	1.55
theme	0.51	0.52
listening	0.51	0.48
xb1	0.51	0.55
pressed	0.51	0.70
passed	0.51	0.63
heaven	0.51	0.64
arrow	0.52	0.68
fly	0.52	0.52
hardline	0.52	0.87
sandwich	0.52	0.90
bread	0.52	0.92
sun	0.53	0.60
give	0.53	0.79
sometime	0.53	0.83
newegg	0.53	0.48
magic	0.53	0.44
scary	0.53	1.65
share	0.54	0.72
stealth	0.54	0.56
engineer	0.54	0.60
melee	0.54	0.50
rip	0.55	0.81
era	0.55	0.47
folks	0.55	0.85
silver	0.55	0.58
end	0.55	0.60
sea	0.55	0.40
apologize	0.55	2.24
bitcoin	0.55	0.61
serve	0.55	0.69
plane	0.55	0.54
traffic	0.56	0.60
wake	0.56	0.63
coop	0.56	0.57
2nd	0.56	0.79
corsair	0.56	0.53
monster	0.56	0.67
duh	0.56	0.82
latter	0.56	0.69
damnit	0.56	0.95
too	0.56	0.84
survey	0.56	0.70
sooo	0.56	0.85
squad	0.57	0.68
sex	0.57	1.03
fourth	0.57	0.74
gone	0.57	0.83
009	0.57	0.53
genres	0.57	0.44
check	0.57	0.71
pvp	0.57	0.60
week	0.57	0.64
gtav	0.58	0.67
away	0.58	0.66
storm	0.58	0.62
seriousness	0.58	1.01
battles	0.58	0.48
mine	0.58	0.56
1st	0.58	0.78
graphic	0.58	0.58
received	0.58	0.65
ship	0.58	0.53
questions	0.58	0.83
star	0.58	0.61
survival	0.58	0.53
beginning	0.58	0.66
prepare	0.59	0.88
jelly	0.59	2.10
corrected	0.59	2.30
sending	0.59	0.78
fedora	0.59	0.71
defense	0.59	0.85
hl3	0.59	0.60
well	0.60	0.87
tits	0.60	0.60
challenge	0.60	0.75
project	0.60	0.56
packs	0.60	0.52
naga	0.60	0.59
arena	0.60	0.53
mustard	0.60	0.77
puzzle	0.60	0.45
cm	0.61	0.59
strong	0.61	0.66
k70	0.61	0.61
items	0.61	0.60
90s	0.61	0.44
farm	0.61	0.50
americans	0.61	0.84
exclusive	0.61	0.74
creation	0.61	0.45
bank	0.61	0.54
quiet	0.61	0.73
players	0.61	0.52
pressing	0.61	0.69
stars	0.61	0.64
walking	0.61	0.40
names	0.61	1.21
episode	0.61	0.44
cats	0.62	1.38
ends	0.62	0.71
cities	0.62	0.61
female	0.62	0.57
guide	0.62	0.65
spell	0.62	2.25
day	0.62	0.64
potatobox	0.62	0.60
analogy	0.62	0.70
battle	0.62	0.39
v2	0.62	0.50
especially	0.62	0.72
deathadder	0.62	0.55
european	0.63	0.90
auto	0.63	0.50
ps	0.63	0.51
shader	0.63	0.52
favorite	0.63	1.64
gta5	0.63	0.68
missed	0.64	1.38
spread	0.64	0.76
sentence	0.64	2.29
cases	0.64	0.69
until	0.64	0.84
hardest	0.64	1.28
play	0.64	0.65
recommendations	0.64	0.69
co-op	0.64	0.56
tear	0.64	0.68
answer	0.64	0.88
tears	0.64	0.83
skins	0.64	0.55
joy	0.64	0.95
golden	0.64	0.73
tree	0.64	0.53
answers	0.64	0.83
hot	0.64	0.64
r/buildapc	0.65	0.73
meaning	0.65	2.23
innovative	0.65	0.89
points	0.65	0.82
languages	0.65	1.29
overhaul	0.65	0.49
haf	0.65	0.55
free	0.65	0.49
purchases	0.65	0.63
blood	0.65	0.56
spelling	0.65	2.38
ride	0.66	0.52
currency	0.66	0.59
pcmr	0.66	0.98
band	0.66	0.45
formatting	0.66	2.26
girl	0.66	1.14
rpg	0.66	0.49
exchange	0.66	0.60
steelseries	0.66	0.55
request	0.67	0.73
till	0.67	0.84
x360	0.67	0.60
correction	0.67	2.18
phrase	0.67	2.25
ages	0.68	0.56
born	0.68	0.65
speak	0.68	1.72
da	0.68	0.89
lighting	0.68	0.57
convert	0.68	0.76
emails	0.68	0.72
account	0.68	0.58
useful	0.68	0.84
advanced	0.68	0.72
details	0.68	0.56
mistakes	0.68	2.18
toy	0.68	1.48
type	0.68	0.66
salt	0.69	0.79
suppose	0.69	1.15
weather	0.69	0.54
1.6	0.69	0.75
logitech	0.69	0.58
story	0.69	1.11
warm	0.69	0.62
guides	0.69	0.67
trees	0.70	0.45
raised	0.70	0.74
still	0.70	1.01
automoderator	0.70	0.72
press	0.70	0.71
sharp	0.70	0.80
oil	0.70	0.51
owner	0.70	0.73
hl2	0.70	0.76
fighter	0.70	0.56
language	0.70	1.74
ur	0.70	0.77
final	0.70	0.57
shift	0.70	0.70
hats	0.70	0.59
prob	0.70	0.91
picked	0.70	0.50
indie	0.70	0.52
effect	0.70	0.61
former	0.70	0.75
sword	0.71	0.77
log	0.71	0.57
morning	0.71	0.65
apartment	0.71	0.49
fc3	0.71	1.15
snow	0.71	0.51
toaster	0.71	0.80
alt	0.71	0.70
liquid	0.71	0.68
designs	0.71	0.74
english	0.71	1.78
idea	0.71	0.90
really	0.71	0.93
euro	0.71	0.54
ghost	0.71	0.87
competitive	0.71	0.50
24/7	0.71	0.63
chief	0.72	0.83
ops	0.72	1.16
wallpaper	0.72	0.54
speaking	0.72	2.16
upvote	0.72	0.98
ideas	0.72	0.64
ordered	0.72	0.67
shaders	0.72	0.54
ha	0.72	1.01
lightning	0.72	0.59
receive	0.73	0.73
date	0.73	0.84
r/buildapcforme	0.73	0.73
january	0.73	0.83
hero	0.73	0.48
dedicated	0.73	0.74
military	0.73	0.51
dig	0.73	0.59
german	0.74	1.65
client	0.74	0.69
realistic	0.74	0.51
exclusives	0.74	0.72
reward	0.74	0.68
her	0.74	1.32
life	0.74	0.51
adventure	0.74	0.44
pcmasterrace	0.74	0.93
russian	0.74	1.22
360	0.74	0.61
de	0.74	0.75
iron	0.74	0.52
artist	0.74	0.49
forgot	0.74	1.41
shame	0.74	1.45
parent	0.75	1.17
cent	0.75	0.61
ourselves	0.75	0.80
word	0.75	2.29
march	0.75	0.83
house	0.75	0.90
css	0.75	0.81
album	0.75	0.47
r/softwareswap	0.75	0.67
offensive	0.75	0.81
mail	0.75	0.68
h440	0.75	0.70
bear	0.75	0.71
lets	0.76	0.87
streaming	0.76	0.57
french	0.76	1.45
night	0.76	0.57
credit	0.76	0.61
letters	0.76	1.54
though	0.76	1.04
rather	0.76	0.69
immersive	0.77	0.55
enb	0.77	0.51
ac	0.77	1.13
paypal	0.77	0.64
mistake	0.77	2.03
first	0.77	1.64
escape	0.77	0.52
cryengine	0.78	0.58
g2a	0.78	0.64
rainbow	0.78	0.81
means	0.78	2.01
unique	0.78	0.77
correctly	0.78	1.97
rendering	0.78	0.60
handheld	0.78	0.56
33	0.78	0.67
generations	0.78	0.75
november	0.79	0.81
nzxt	0.79	0.70
floor	0.79	0.61
bout	0.79	0.98
division	0.79	0.83
grass	0.79	0.47
amazingly	0.79	0.76
october	0.79	0.82
american	0.80	0.95
blizzard	0.80	0.59
cold	0.80	0.63
soooo	0.80	0.77
turbo	0.80	0.73
rpgs	0.80	0.47
among	0.80	0.71
september	0.80	0.82
prime	0.80	0.46
detailed	0.80	0.68
dammit	0.80	0.88
simulation	0.80	0.58
music	0.80	0.50
standalone	0.81	1.05
mom	0.81	1.27
april	0.81	0.81
bl2	0.81	1.20
xbox	0.81	0.58
surely	0.81	0.95
ideal	0.81	1.21
mother	0.81	1.26
sense	0.81	1.73
decent	0.82	1.42
citizen	0.82	0.77
japanese	0.82	1.18
road	0.82	0.57
happily	0.82	0.78
me	0.82	0.91
pack	0.82	0.61
seriously	0.82	0.95
commander	0.83	0.62
servers	0.83	0.64
july	0.83	0.82
purple	0.83	0.79
armor	0.83	0.53
place	0.83	1.52
loot	0.83	0.51
grabbed	0.83	0.68
keys	0.83	0.69
lego	0.84	0.58
wallet	0.84	0.74
knight	0.84	0.52
handy	0.84	0.72
fund	0.84	0.66
friend	0.85	1.24
zone	0.85	0.58
favorites	0.85	0.80
boat	0.85	0.84
maximum	0.85	0.68
today	0.85	0.71
bf3	0.85	0.96
ultimate	0.85	0.64
games	0.85	0.52
login	0.85	0.59
gog	0.85	0.70
brilliant	0.85	1.31
selected	0.85	0.70
toothless	0.86	1.33
december	0.86	0.86
genius	0.86	0.66
library	0.86	0.61
checks	0.86	1.75
vpn	0.86	0.65
dreams	0.87	0.61
metro	0.87	0.78
kidding	0.87	1.46
guess	0.87	1.16
calm	0.87	0.91
wife	0.87	1.69
traded	0.87	0.64
street	0.87	0.54
dad	0.88	1.33
sequel	0.88	0.65
yours	0.88	0.89
faith	0.88	0.85
gears	0.88	1.80
command	0.88	0.82
june	0.88	0.84
alternate	0.88	0.78
dis	0.88	0.90
sent	0.89	0.72
words	0.89	2.18
2d	0.89	0.39
father	0.89	1.67
origin	0.89	0.84
cs	0.89	0.77
fc4	0.90	0.90
activate	0.90	0.67
super	0.90	0.59
tonight	0.90	0.71
ahhh	0.90	0.87
coin	0.90	0.64
hint	0.90	1.05
happier	0.91	1.61
x	0.91	0.60
lady	0.91	0.94
mmo	0.91	0.58
christ	0.91	0.87
email	0.91	0.71
dem	0.91	0.85
achievement	0.91	0.63
girlfriend	0.91	1.66
deluxe	0.91	0.70
polish	0.92	1.34
moba	0.92	0.48
relationship	0.92	0.79
pre-ordered	0.92	0.79
car	0.92	0.60
ps3	0.92	0.58
flag	0.92	1.13
vista	0.93	0.85
expansion	0.93	0.65
address	0.93	0.63
remindme	0.93	0.66
wheels	0.93	0.72
yo	0.93	0.96
realism	0.93	0.56
hopes	0.93	1.09
rts	0.93	0.50
chances	0.93	0.78
league	0.93	0.59
yes	0.93	1.13
unity	0.94	0.87
password	0.94	0.62
workshop	0.94	0.58
fantasy	0.94	0.59
mods	0.94	0.57
omg	0.94	0.94
home	0.94	0.51
expansions	0.94	0.62
donate	0.94	0.70
doge	0.95	0.69
confirmed	0.95	0.60
heres	0.95	0.69
train	0.95	0.49
se	0.95	0.67
message	0.96	0.73
look	0.96	0.73
mobas	0.96	0.47
mesa	0.96	0.60
halo	0.96	1.76
kingdom	0.97	0.92
killer	0.97	0.76
would	0.97	0.98
send	0.97	0.73
spring	0.97	0.83
its	0.97	0.79
example	0.97	0.53
tom	0.97	0.59
tomorrow	0.97	0.83
john	0.97	0.46
empire	0.97	0.70
tanks	0.98	0.50
win8	0.98	0.85
park	0.98	0.49
code	0.98	0.64
dream	0.98	0.68
baby	0.98	0.95
gear	0.98	0.90
replay	0.98	1.45
british	0.98	1.17
gates	0.98	0.52
ll	0.98	0.95
pink	0.99	0.85
one	0.99	1.53
visuals	0.99	0.83
riot	0.99	0.56
crew	0.99	0.90
0	0.99	0.62
public	1.00	0.68
modding	1.00	0.62
australian	1.00	0.61
u	1.00	0.82
wut	1.00	0.92
natural	1.00	0.71
pretty	1.00	0.74
fun	1.00	0.65
half	1.00	0.50
source	1.00	0.59
aww	1.00	1.06
wan	1.00	0.93
discount	1.00	0.65
mgs	1.01	0.98
10/10	1.01	0.87
definitely	1.01	0.92
3	1.01	0.95
cell	1.01	0.80
rekt	1.01	0.85
legends	1.01	0.59
brought	1.02	1.30
real	1.02	1.33
category	1.02	0.68
farcry	1.02	1.15
friends	1.03	0.73
pricey	1.03	1.29
bridge	1.03	0.68
signed	1.03	0.66
daily	1.03	0.72
technically	1.03	1.75
cheapest	1.03	1.61
ticket	1.04	0.81
shiny	1.04	0.72
shadow	1.04	0.73
tough	1.04	1.08
damned	1.04	0.72
nostalgia	1.05	1.22
xp	1.05	0.81
devil	1.05	0.55
monday	1.05	0.78
nights	1.05	0.54
ground	1.05	0.61
sounds	1.05	0.87
quake	1.05	0.54
gta	1.05	0.70
lmao	1.05	1.01
tips	1.05	0.72
dutch	1.05	1.40
shock	1.05	0.80
greatly	1.06	0.76
grew	1.06	0.56
infamous	1.06	0.81
song	1.06	0.41
8.1	1.06	0.85
thoughts	1.06	0.70
uncharted	1.06	1.66
register	1.06	0.68
cars	1.06	0.61
incredible	1.07	1.23
verify	1.07	0.70
canadian	1.07	0.75
bf	1.07	1.68
half-life	1.07	0.61
til	1.07	0.82
dark	1.07	0.73
nicer	1.07	1.33
fuckin	1.07	0.76
bang	1.08	1.20
remake	1.08	0.51
king	1.08	0.45
racers	1.09	0.69
redemption	1.09	0.97
warrior	1.09	0.68
o_o	1.09	1.11
modded	1.09	0.85
strategy	1.09	0.62
series	1.09	1.82
experiences	1.10	1.17
hmm	1.10	1.12
approve	1.10	0.65
key	1.10	0.73
trading	1.10	0.69
recommendation	1.10	0.66
gt	1.10	0.72
converting	1.10	0.95
server	1.10	0.66
choice	1.10	1.29
cousin	1.11	1.57
rolling	1.11	0.84
season	1.11	0.67
edition	1.11	0.75
parties	1.11	0.64
subtle	1.11	1.26
vita	1.11	0.55
gf	1.11	1.56
graphically	1.11	0.72
franchise	1.12	1.53
copy	1.12	0.73
mega	1.12	0.51
buddies	1.12	0.77
parents	1.12	1.12
splinter	1.12	0.85
shared	1.12	0.63
deal	1.13	0.69
war	1.13	0.72
exciting	1.14	1.09
sin	1.14	0.68
rise	1.14	0.63
spare	1.14	0.79
forever	1.14	0.74
age	1.15	0.42
peace	1.15	0.77
hah	1.15	1.11
agreed	1.16	1.07
username	1.16	0.87
chill	1.16	1.05
ac4	1.16	0.91
unreal	1.17	0.54
his	1.17	0.98
secret	1.17	0.74
5	1.17	0.71
playstation	1.17	0.56
beg	1.18	0.76
hm	1.18	1.04
dangerous	1.18	0.84
converted	1.18	0.72
windows	1.18	0.85
checking	1.18	0.85
conversion	1.18	0.71
64	1.18	0.53
vanilla	1.19	0.68
mordor	1.19	0.82
quest	1.19	0.40
wars	1.19	0.54
matches	1.19	0.64
clients	1.19	0.76
helped	1.19	0.83
aswell	1.19	0.95
transitioning	1.20	1.01
driving	1.20	0.66
la	1.20	0.60
giving	1.20	0.99
win7	1.21	0.84
hoping	1.21	1.69
simcity	1.21	0.68
mark	1.21	0.64
goddamn	1.21	0.80
price/performance	1.21	1.30
hat	1.21	0.71
64-bit	1.21	0.80
forza	1.21	0.82
craft	1.21	0.74
doom	1.21	0.58
darn	1.22	0.86
oblivion	1.22	0.66
badges	1.22	0.75
design	1.22	0.69
rush	1.22	0.72
lan	1.23	0.56
proud	1.23	1.70
counter	1.23	0.66
f2p	1.23	0.54
brotherhood	1.23	0.86
counter-strike	1.23	0.65
skyrim	1.24	0.63
arcade	1.24	0.64
stands	1.24	1.51
submission	1.24	0.78
rising	1.24	0.81
grand	1.24	0.68
ii	1.25	0.83
favourite	1.25	1.28
must	1.25	0.81
hahaha	1.25	1.17
racing	1.25	0.66
bots	1.25	0.88
jk	1.25	0.90
mmos	1.26	0.53
discounts	1.26	0.72
reporting	1.26	0.88
ye	1.26	0.89
glad	1.26	1.58
wiiu	1.26	0.50
mod	1.26	0.67
friday	1.27	0.82
w	1.27	0.68
sam	1.27	0.73
ol	1.27	0.63
assassins	1.27	0.93
eh	1.27	1.08
7	1.27	0.85
line	1.27	0.58
sega	1.28	0.50
trade	1.28	0.75
wat	1.28	1.04
uncle	1.28	1.47
z	1.28	0.67
justmasterracethings	1.28	0.75
impressive	1.28	1.17
dota2	1.28	0.55
umm	1.28	0.98
loving	1.28	0.99
city	1.28	0.66
wot	1.29	0.91
1	1.29	0.73
strike	1.29	0.68
assassin	1.29	0.95
zelda	1.29	0.54
creed	1.30	0.96
uhh	1.30	1.01
round	1.30	0.86
emulation	1.30	0.59
hearts	1.30	0.75
ninja	1.30	0.65
1/2	1.31	0.62
buck	1.31	1.34
badge	1.31	0.76
ps2	1.31	0.58
lucky	1.31	1.72
dota	1.31	0.56
eve	1.31	0.59
moon	1.31	0.65
soo	1.32	0.78
redeemed	1.32	0.75
imo	1.32	0.90
q	1.32	0.69
downside	1.32	1.20
us	1.32	0.79
xd	1.32	1.12
operation	1.33	0.69
vegas	1.33	0.69
battlefield	1.34	0.91
tf2	1.34	0.62
sales	1.34	0.73
ta	1.35	0.99
anyway	1.35	1.01
meier	1.35	0.79
private	1.35	0.71
morrowind	1.35	0.65
ya	1.35	0.91
heroes	1.36	0.52
elite	1.36	0.81
emulate	1.36	0.58
gate	1.36	0.61
emulators	1.36	0.58
gg	1.36	0.88
thief	1.37	0.75
club	1.37	0.75
holy	1.37	0.81
isolation	1.37	0.87
events	1.37	0.65
beauty	1.37	0.66
8	1.38	0.82
longest	1.38	0.65
cry	1.38	0.91
huh	1.38	1.01
newell	1.39	0.58
son	1.39	1.22
pokemon	1.39	0.49
emulator	1.39	0.56
selection	1.39	0.73
contribute	1.40	0.92
empires	1.40	0.61
redeem	1.40	0.74
phantom	1.40	0.54
fallout	1.40	0.70
invite	1.40	0.69
yea	1.40	1.03
confirm	1.40	0.97
4	1.40	0.77
fortress	1.40	0.60
info	1.40	0.82
em	1.40	0.93
memories	1.41	1.20
imho	1.41	1.07
joined	1.41	0.76
gamecube	1.41	0.56
r	1.41	0.73
nintendo	1.42	0.50
name	1.42	0.50
bloody	1.42	0.85
wind	1.42	0.50
n	1.43	0.72
c	1.43	0.65
sc2	1.43	0.59
yeah	1.44	0.95
wii	1.44	0.51
vice	1.44	0.62
m8	1.44	0.93
crysis	1.44	0.77
host	1.44	0.74
goty	1.45	0.79
inventory	1.45	0.75
whats	1.45	1.02
collection	1.45	1.43
dolphin	1.45	0.50
ex	1.45	0.72
worthy	1.45	0.82
forth	1.45	0.76
iii	1.45	0.72
racer	1.46	0.73
emulated	1.46	0.55
journey	1.46	0.53
rome	1.46	0.87
path	1.46	0.59
activity	1.46	0.74
ps1	1.46	0.54
gloriousgaben	1.46	0.74
epic	1.46	0.88
team	1.46	0.72
mafia	1.46	0.78
drawing	1.47	0.53
sleeping	1.47	0.72
runescape	1.47	0.59
teams	1.47	0.72
b8	1.47	0.92
nv	1.47	0.77
revolution	1.47	0.74
risk	1.48	0.97
ohh	1.48	0.96
y	1.48	0.72
lol	1.48	0.92
sa	1.48	0.82
legend	1.48	0.55
spec	1.49	0.76
bros	1.49	0.50
row	1.49	0.84
steam	1.49	0.80
great	1.50	1.08
tho	1.50	1.09
space	1.50	0.78
letter	1.50	0.90
ah	1.50	0.98
beard	1.50	0.51
sister	1.50	1.32
heh	1.50	1.03
3ds	1.50	0.51
copies	1.51	0.77
race	1.51	0.79
iv	1.51	0.79
payne	1.51	0.76
o	1.51	0.73
worms	1.51	0.76
smash	1.52	0.49
smite	1.52	0.57
fear	1.52	1.13
tournament	1.52	0.60
represent	1.52	0.81
sid	1.52	0.78
hitman	1.53	0.82
k	1.53	0.69
v	1.53	0.75
portal	1.53	0.75
t	1.53	0.68
dragon	1.53	1.30
light	1.53	0.79
ahh	1.54	0.92
kings	1.54	0.81
childhood	1.54	1.25
atmosphere	1.54	0.98
asylum	1.54	0.79
warcraft	1.54	0.54
frozen	1.54	0.73
thats	1.54	0.91
easy	1.54	1.00
deus	1.55	0.71
jesus	1.55	0.76
e	1.55	0.69
arkham	1.55	0.80
amp	1.55	0.58
cave	1.55	0.61
sims	1.55	0.71
members	1.56	0.84
hearthstone	1.56	0.57
yup	1.56	1.01
thunder	1.56	0.64
during	1.56	0.81
2	1.56	0.77
guild	1.56	0.58
b	1.56	0.68
approved	1.57	0.90
exile	1.57	0.57
mario	1.57	0.49
warframe	1.57	0.60
san	1.57	0.69
starcraft	1.57	0.56
um	1.57	0.96
bundle	1.57	0.78
g502	1.57	1.07
shine	1.57	0.79
conquer	1.58	0.68
mass	1.58	0.75
blade	1.58	0.97
ftfy	1.58	0.84
tomb	1.59	0.79
raider	1.59	0.79
kart	1.59	0.48
join	1.59	0.79
ill	1.59	0.86
h	1.59	0.67
civilization	1.59	0.93
hunter	1.59	0.51
profile	1.60	0.73
dishonored	1.60	0.82
witcher	1.60	0.80
g	1.60	0.67
tycoon	1.60	0.57
l	1.61	0.67
edge	1.61	0.79
deals	1.61	0.75
coupon	1.61	0.73
gods	1.61	0.73
sim	1.62	0.76
diablo	1.62	0.53
tale	1.62	0.74
mirrors	1.63	0.80
f	1.63	0.72
csgo	1.63	0.78
l4d2	1.64	0.86
member	1.65	0.73
weekend	1.66	0.79
mirror	1.66	0.83
theater	1.66	0.96
beast	1.67	0.96
watch_dogs	1.67	0.94
uh	1.67	1.02
dead	1.67	0.75
gr8	1.68	0.90
bioshock	1.68	0.82
8/8	1.69	0.78
dungeon	1.69	0.68
souls	1.69	0.73
corsa	1.70	0.82
okay	1.70	0.95
help	1.71	0.89
original	1.71	1.21
yep	1.71	0.99
whoa	1.71	0.98
sexy	1.71	1.00
suggestions	1.71	0.88
bundles	1.72	0.82
summer	1.72	0.89
wins	1.72	0.95
haha	1.73	1.00
leader	1.73	0.71
crusader	1.73	0.84
o.o	1.73	0.96
master	1.74	0.81
charity	1.74	0.84
nope	1.74	1.00
prophet	1.74	0.69
transition	1.74	0.85
meat	1.75	0.84
family	1.75	0.88
global	1.75	0.84
fallen	1.77	0.75
antichamber	1.77	0.77
oh	1.77	0.95
ftw	1.77	0.85
ooh	1.77	0.88
consideration	1.78	0.90
planetside	1.78	0.66
simulator	1.78	0.81
mr	1.78	0.62
ok	1.79	0.93
masterrace	1.79	0.89
woah	1.79	0.97
legendary	1.80	0.79
codes	1.80	0.82
sale	1.80	0.80
2033	1.80	0.83
helpful	1.81	0.94
sonic	1.82	0.65
alert	1.83	0.73
humble	1.83	0.84
indeed	1.84	0.73
dreamcast	1.84	0.67
nes	1.85	0.62
joining	1.85	0.84
saints	1.85	0.79
assetto	1.85	0.84
nah	1.85	1.04
gabe	1.87	0.59
ds	1.88	0.65
p	1.88	0.86
dear	1.89	0.69
art	1.89	0.85
garry	1.90	0.87
fancy	1.90	1.04
snes	1.91	0.60
absolutely	1.91	0.80
whoever	1.91	0.91
n64	1.92	0.60
hehe	1.93	0.93
borderlands	1.93	0.87
winter	1.93	0.87
job	1.94	0.88
pm	1.94	0.82
soundtrack	1.94	0.76
dogs	1.97	0.92
dang	1.97	0.84
looks	1.97	0.83
fez	1.97	0.79
ascended	1.98	0.76
event	1.98	0.82
scrolls	1.98	0.82
god	1.99	0.62
minecraft	1.99	0.88
forgive	1.99	0.73
nonetheless	1.99	0.93
inbox	2.00	0.90
watchdogs	2.01	0.93
advice	2.01	0.92
batman	2.03	0.86
elder	2.03	0.82
cake	2.03	1.00
battlestation	2.04	0.97
wolfenstein	2.04	0.86
origins	2.04	0.87
truly	2.05	0.65
boy	2.05	0.59
smile	2.09	0.94
our	2.09	0.76
soul	2.09	0.78
gladly	2.10	0.92
guys	2.10	1.07
prize	2.10	0.85
neat	2.10	0.89
truck	2.12	0.84
alright	2.13	0.90
trine	2.14	0.79
gmod	2.14	0.90
civ	2.16	0.93
arma	2.17	0.94
glorious	2.17	0.79
gbn	2.17	0.84
grid	2.17	0.83
mighty	2.17	0.74
savior	2.17	0.73
lord	2.17	0.73
upon	2.19	0.78
hail	2.21	0.73
ascend	2.21	0.76
bud	2.21	0.94
dirt	2.21	0.84
enemy	2.21	0.91
pray	2.22	0.76
shall	2.22	0.78
favor	2.23	1.10
legacy	2.24	0.81
bro	2.24	0.94
tip	2.24	0.90
gorgeous	2.24	0.61
paradise	2.24	0.85
beautiful	2.26	0.62
medal	2.26	0.84
shrine	2.26	0.69
badass	2.28	0.81
gabens	2.28	0.77
blessed	2.29	0.69
castle	2.29	0.83
u/gabencointipbot	2.30	0.83
good	2.30	0.56
gaben	2.30	0.75
wonderful	2.30	0.61
infinite	2.31	0.88
spirit	2.31	0.84
amen	2.32	0.77
bastion	2.33	0.81
praised	2.33	0.90
freaking	2.34	0.56
chivalry	2.34	0.91
honor	2.34	0.82
may	2.35	0.78
burnout	2.36	0.83
rats	2.37	0.71
brethren	2.38	0.78
island	2.38	0.76
glory	2.38	0.72
ascension	2.41	0.86
gift	2.43	0.81
titanfall	2.44	0.90
cool	2.46	0.73
ksp	2.46	0.92
suggestion	2.46	0.84
participate	2.46	0.92
chosen	2.47	0.81
rain	2.47	0.81
worries	2.49	0.89
winning	2.50	0.88
ascending	2.52	1.03
birthday	2.52	0.97
miami	2.53	0.64
doing	2.53	1.14
terraria	2.54	0.84
damn	2.55	0.79
brothers	2.55	0.85
enter	2.55	0.87
sisters	2.56	0.66
present	2.56	0.75
fellow	2.56	0.92
chance	2.56	0.85
woo	2.57	0.83
buddy	2.57	0.82
welcome	2.58	0.86
dude	2.58	0.92
forest	2.58	0.91
praise	2.59	0.79
p.s	2.59	0.90
sweet	2.60	0.83
binding	2.60	0.84
monaco	2.60	0.82
np	2.61	0.85
hotline	2.62	0.64
wish	2.62	0.98
entry	2.62	0.87
isaac	2.62	0.84
props	2.64	0.90
hosting	2.64	0.85
mate	2.66	0.85
won	2.66	0.87
starve	2.66	0.86
engineers	2.67	0.88
wow	2.68	0.84
bless	2.69	0.79
papers	2.69	0.83
helping	2.70	0.93
lovely	2.71	0.44
holiday	2.71	0.99
entered	2.72	0.81
santa	2.72	0.95
hey	2.73	0.85
anyways	2.74	0.87
ftl	2.75	0.80
unknown	2.75	0.83
goat	2.77	0.83
dayz	2.80	0.92
valvelujah	2.80	0.77
lt	2.81	0.78
darkness	2.81	0.84
gifted	2.82	0.80
wildcard	2.84	0.88
man	2.85	0.77
winner	2.86	0.87
rust	2.86	0.90
grateful	2.86	1.08
sir	2.87	0.82
contest	2.88	0.77
payday	2.88	0.86
plz	2.89	0.81
gifts	2.89	0.81
hi	2.90	0.79
congratulations	2.90	0.90
hope	2.90	0.82
yay	2.91	0.79
kerbal	2.91	0.87
btw	2.91	0.79
xcom	2.93	0.84
sharing	2.98	0.80
rebirth	2.99	0.82
enjoy	3.00	0.88
insurgency	3.01	0.81
win	3.01	0.76
christmas	3.01	0.72
brother	3.02	0.82
congrats	3.02	0.83
giveaways	3.06	0.75
op	3.06	0.73
pls	3.06	0.77
thx	3.06	0.75
please	3.08	0.78
cheers	3.08	0.74
opportunity	3.08	0.75
thanks	3.09	0.74
d	3.09	0.79
generosity	3.09	0.74
hello	3.09	0.79
thank	3.11	0.73
architect	3.12	0.78
giveaway	3.12	0.73
ty	3.12	0.73
appreciate	3.12	0.78
prison	3.13	0.78
pcgiveaway	3.14	0.77
wishlist	3.14	0.81
luck	3.14	0.76
appreciated	3.14	0.78
entering	3.15	0.73
generous	3.16	0.76
advance	3.17	0.74
holidays	3.17	0.76
merry	3.18	0.75
id	3.21	0.77
