silly	-5.35	1.86
horror	-5.04	1.80
etc	-4.96	1.67
fear	-4.47	1.92
james	-4.32	1.95
run	-4.09	2.50
below	-3.90	2.27
shitty	-3.73	2.16
poor	-3.69	2.97
repost	-3.60	2.27
due	-3.56	2.11
meh	-3.55	2.26
form	-3.52	2.41
banana	-3.31	2.02
seal	-3.28	2.04
lower	-3.10	2.48
attempt	-3.04	1.96
cutouts	-2.98	2.21
bad	-2.83	2.23
simply	-2.83	1.97
somebody	-2.79	2.30
dream	-2.78	1.99
zombie	-2.78	2.36
parents	-2.73	2.07
sitting	-2.71	2.37
rob	-2.65	2.28
christmas	-2.64	2.27
gave	-2.64	2.05
hero	-2.57	2.33
these	-2.54	2.92
other	-2.49	3.55
tree	-2.49	2.15
putting	-2.48	2.16
basically	-2.48	3.06
ring	-2.48	2.17
brother	-2.46	2.25
up	-2.45	3.70
previous	-2.44	2.15
month	-2.44	2.25
15	-2.43	2.39
birds	-2.42	2.11
clicked	-2.39	2.90
kill	-2.38	2.58
about	-2.36	3.92
where	-2.36	3.89
dance	-2.35	2.07
running	-2.35	2.19
another	-2.35	3.30
drive	-2.33	2.66
down	-2.33	3.51
complete	-2.33	2.48
worse	-2.32	3.02
going	-2.31	3.94
fish	-2.31	2.17
further	-2.31	2.80
different	-2.31	3.40
wonder	-2.30	2.79
call	-2.29	2.92
explosions	-2.28	2.19
open	-2.28	2.58
with	-2.27	3.70
take	-2.26	2.84
batman	-2.26	2.36
scale	-2.26	2.34
right	-2.25	3.79
soul	-2.25	2.20
ford	-2.24	2.31
extra	-2.22	2.47
link	-2.22	3.33
saved	-2.21	2.66
summer	-2.20	2.02
bastard	-2.20	2.16
called	-2.18	3.55
meant	-2.15	3.75
doing	-2.13	3.86
tall	-2.11	2.25
mean	-2.11	3.81
in	-2.10	3.62
there	-2.08	3.58
wild	-2.07	2.59
thinking	-2.07	3.78
huge	-2.06	2.15
windows	-2.06	2.30
walking	-2.06	2.62
french	-2.05	2.20
nothing	-2.04	3.57
metal	-2.03	2.54
doctor	-2.02	2.47
somehow	-2.01	2.26
often	-1.99	2.74
covered	-1.99	2.21
keanu	-1.98	2.51
mad	-1.95	2.10
deleted	-1.95	3.35
found	-1.92	2.72
stick	-1.86	2.69
completely	-1.84	3.31
quote	-1.83	2.72
alien	-1.83	3.02
card	-1.80	2.59
joke	-1.77	2.30
cry	-1.77	2.65
state	-1.76	2.24
happening	-1.76	3.39
downvoted	-1.75	3.13
fans	-1.75	2.20
fighting	-1.74	2.46
cheese	-1.70	2.09
pope	-1.70	2.55
broke	-1.69	2.50
created	-1.69	3.15
afraid	-1.66	2.38
makes	-1.65	2.41
especially	-1.62	2.55
calling	-1.60	2.28
tutorial	-1.58	2.53
frog	-1.57	1.97
michael	-1.57	2.82
at	-1.56	2.21
place	-1.55	3.41
figured	-1.55	2.35
gone	-1.52	2.87
anyway	-1.45	2.07
same	-1.43	3.44
leader	-1.43	2.10
change	-1.42	2.89
on	-1.39	3.39
everywhere	-1.39	2.45
angry	-1.36	2.29
dreams	-1.36	1.95
proper	-1.30	3.09
over	-1.30	2.70
outta	-1.29	2.97
mountain	-1.28	2.43
normal	-1.28	2.13
usually	-1.23	2.41
yep	-1.23	2.31
cutout	-1.23	2.00
real	-1.21	3.06
into	-1.19	2.06
sucks	-1.18	2.44
put	-1.18	1.55
ve	-1.16	2.38
eagle	-1.15	2.43
otter	-1.15	2.20
sit	-1.14	1.36
accurate	-1.14	2.52
yea	-1.10	2.82
bottom	-1.09	1.84
paint	-1.08	1.31
along	-1.08	1.66
two	-1.06	1.83
and	-1.05	2.55
supposed	-1.04	2.06
hand	-1.00	2.15
sense	-1.00	2.26
were	-0.99	2.31
all	-0.98	2.41
around	-0.98	1.91
back	-0.98	2.24
miss	-0.96	1.99
top	-0.93	2.15
them	-0.92	2.07
simple	-0.92	1.99
skills	-0.92	1.08
comment	-0.89	1.67
comments	-0.89	1.70
ms	-0.88	1.12
fingers	-0.87	1.45
talking	-0.87	2.41
fly	-0.86	1.02
links	-0.85	1.69
across	-0.85	1.59
throw	-0.83	1.11
saying	-0.82	2.34
asked	-0.82	1.35
pick	-0.82	1.28
b	-0.82	1.93
next	-0.81	1.83
left	-0.80	2.03
onto	-0.79	1.54
reply	-0.79	1.60
fixed	-0.79	2.62
story	-0.78	1.08
places	-0.78	1.76
bet	-0.77	1.12
easy	-0.77	2.10
online	-0.77	1.12
copy	-0.76	1.31
banned	-0.75	1.64
night	-0.75	0.94
each	-0.73	1.80
go	-0.72	1.97
city	-0.72	1.16
votes	-0.72	1.56
magic	-0.72	1.21
photos	-0.72	1.70
between	-0.71	1.45
move	-0.71	1.28
worry	-0.70	1.52
general	-0.69	1.49
ready	-0.69	1.11
their	-0.69	1.83
cut	-0.68	1.17
give	-0.68	1.14
shows	-0.68	1.09
fix	-0.68	1.31
photoshopping	-0.68	1.25
bunch	-0.67	1.15
lots	-0.67	1.45
him	-0.67	1.66
assume	-0.67	1.74
race	-0.66	1.15
themselves	-0.65	1.58
learning	-0.65	1.24
7	-0.65	1.19
switch	-0.65	1.52
bar	-0.64	1.47
thread	-0.64	1.31
goes	-0.63	1.57
behind	-0.63	1.92
post	-0.63	1.53
without	-0.62	1.57
most	-0.62	2.23
let	-0.62	1.93
happen	-0.62	1.73
deal	-0.62	1.18
relevant	-0.62	1.23
told	-0.62	1.45
aw	-0.62	1.95
side	-0.61	1.91
movie	-0.61	0.98
damnit	-0.60	2.24
front	-0.60	1.77
selection	-0.60	1.25
inside	-0.60	1.21
turn	-0.60	1.44
mod	-0.59	1.38
they	-0.59	2.26
reading	-0.59	1.69
faster	-0.59	1.20
somewhere	-0.58	1.64
near	-0.57	1.47
poster	-0.57	0.83
pics	-0.57	1.57
building	-0.57	1.68
list	-0.56	1.59
click	-0.56	1.64
hold	-0.56	1.38
quality	-0.56	1.32
photographs	-0.56	1.32
low	-0.56	1.31
lazy	-0.56	1.31
8	-0.56	1.06
remove	-0.55	1.37
threads	-0.55	1.53
technically	-0.55	1.31
submit	-0.55	1.15
deeper	-0.55	1.77
giving	-0.55	1.17
boobs	-0.55	1.06
monkey	-0.55	0.95
majestic	-0.55	1.71
away	-0.55	1.79
talk	-0.54	1.32
together	-0.54	1.66
using	-0.54	1.73
couple	-0.53	1.38
random	-0.53	1.57
step	-0.53	1.39
brought	-0.53	1.19
make	-0.53	1.30
pussy	-0.53	1.15
many	-0.53	1.73
battles	-0.53	1.29
request	-0.52	0.93
mess	-0.52	1.53
band	-0.51	1.10
future	-0.51	1.25
corner	-0.51	1.54
rule	-0.51	1.10
live	-0.50	1.38
room	-0.50	1.26
head	-0.49	1.83
posted	-0.49	1.34
related	-0.49	1.36
painting	-0.49	1.24
bot	-0.49	1.47
now	-0.49	2.35
broken	-0.49	1.13
clean	-0.49	1.26
later	-0.49	1.54
content	-0.48	1.23
eat	-0.48	1.33
forget	-0.48	1.29
forth	-0.48	1.60
we	-0.47	1.99
middle	-0.47	1.57
people	-0.47	1.76
6	-0.47	1.14
finger	-0.46	1.15
weekly	-0.46	1.31
wall	-0.46	1.89
easier	-0.46	1.46
situation	-0.46	1.58
doubt	-0.46	1.12
swear	-0.46	1.25
re	-0.45	2.19
went	-0.45	1.93
times	-0.44	1.54
feel	-0.44	1.14
older	-0.44	1.19
playing	-0.44	1.53
wondering	-0.44	1.87
submissions	-0.44	1.29
getting	-0.43	1.71
through	-0.43	1.60
zoom	-0.43	1.30
hole	-0.43	1.42
us	-0.43	1.47
gon	-0.43	2.00
need	-0.43	1.89
pictures	-0.43	1.56
born	-0.43	0.86
above	-0.43	1.67
read	-0.43	1.70
door	-0.42	1.34
allow	-0.42	1.32
ftfy	-0.42	1.22
30	-0.42	1.04
turtle	-0.42	0.96
control	-0.41	1.05
forever	-0.41	1.44
facebook	-0.41	1.68
name	-0.41	1.78
someone	-0.41	1.56
last	-0.41	1.46
cute	-0.41	1.96
edge	-0.41	1.26
eye	-0.41	1.66
training	-0.41	1.15
shops	-0.41	1.33
ghost	-0.40	1.10
something	-0.40	2.10
ended	-0.40	1.63
human	-0.40	1.45
under	-0.40	1.47
orange	-0.40	1.19
boat	-0.40	1.10
three	-0.40	1.45
leave	-0.40	1.37
both	-0.40	1.87
realized	-0.39	1.50
pic	-0.39	1.67
when	-0.39	2.06
approve	-0.39	1.07
taste	-0.39	1.06
upvoted	-0.39	1.29
jokes	-0.39	1.39
closer	-0.39	1.44
checked	-0.39	1.53
seeing	-0.39	1.46
perhaps	-0.38	1.14
10	-0.38	1.17
agree	-0.38	1.38
once	-0.38	1.19
box	-0.38	1.48
join	-0.38	1.56
unless	-0.38	1.69
fucked	-0.38	2.38
epic	-0.38	1.40
try	-0.38	1.24
then	-0.38	1.77
looking	-0.37	2.04
ago	-0.37	1.51
oops	-0.37	1.16
few	-0.37	1.33
chicken	-0.37	1.33
heart	-0.37	1.26
lack	-0.37	1.00
life	-0.36	1.30
photoshop	-0.36	1.21
others	-0.36	1.70
deep	-0.35	1.39
car	-0.35	1.35
upon	-0.35	1.52
allowed	-0.35	1.42
spend	-0.35	1.32
pop	-0.35	1.08
decided	-0.35	1.73
off	-0.35	1.80
bring	-0.35	1.18
ya	-0.35	1.55
past	-0.35	1.26
credit	-0.35	1.24
months	-0.35	1.13
fur	-0.35	1.32
or	-0.34	1.83
title	-0.34	1.63
start	-0.34	1.34
star	-0.34	1.03
gif	-0.34	1.18
having	-0.34	0.98
find	-0.33	1.41
except	-0.33	1.44
suit	-0.33	1.02
get	-0.33	1.62
2	-0.33	1.44
sea	-0.33	1.04
asking	-0.33	1.65
hide	-0.33	1.26
cake	-0.32	1.16
being	-0.32	1.47
search	-0.32	1.52
ll	-0.32	1.92
twice	-0.32	1.38
body	-0.32	1.20
every	-0.32	1.62
chain	-0.32	1.35
model	-0.31	1.08
warning	-0.31	0.93
brush	-0.31	1.23
point	-0.31	1.34
4	-0.31	1.19
posting	-0.31	1.49
from	-0.31	1.86
animated	-0.31	1.24
came	-0.31	1.92
legs	-0.31	1.40
difference	-0.30	1.32
adorable	-0.30	1.96
today	-0.30	1.23
kanye	-0.30	1.27
google	-0.30	1.47
main	-0.30	1.38
use	-0.30	1.49
3	-0.30	1.38
song	-0.30	1.44
listen	-0.30	1.41
making	-0.30	1.67
things	-0.29	1.53
years	-0.29	1.13
used	-0.29	1.43
honest	-0.29	1.22
trying	-0.29	1.92
know	-0.29	2.02
pointing	-0.29	1.21
prefer	-0.29	1.43
count	-0.29	1.17
wear	-0.29	1.07
finding	-0.28	1.26
photoshops	-0.28	1.37
free	-0.28	1.17
friends	-0.28	1.21
ps	-0.28	1.15
tell	-0.28	1.54
gifs	-0.28	1.27
rest	-0.28	1.56
understand	-0.28	1.73
result	-0.27	1.36
plus	-0.27	1.09
within	-0.27	1.44
seem	-0.27	1.19
hang	-0.27	1.24
kids	-0.27	1.27
arms	-0.27	1.43
whatever	-0.26	1.31
level	-0.26	1.20
whether	-0.26	1.74
lose	-0.26	1.01
famous	-0.26	1.04
actual	-0.26	1.27
week	-0.26	1.07
beard	-0.26	1.23
third	-0.26	1.64
dickbutt	-0.26	1.50
finished	-0.26	1.26
cold	-0.25	1.39
youtube	-0.25	1.11
can	-0.25	1.96
trick	-0.25	0.94
smell	-0.25	1.00
penis	-0.25	1.24
animation	-0.25	1.12
dont	-0.25	1.94
starting	-0.25	1.46
original	-0.25	1.56
view	-0.24	1.30
page	-0.24	1.66
taking	-0.24	1.12
reference	-0.24	1.41
beat	-0.24	2.27
sign	-0.24	1.21
naked	-0.24	1.05
outside	-0.24	1.44
john	-0.23	1.16
window	-0.23	1.38
x	-0.23	1.11
blow	-0.23	0.98
admit	-0.23	1.83
lines	-0.23	1.68
meaning	-0.23	1.37
sword	-0.22	1.28
ahead	-0.22	1.46
voice	-0.22	1.24
known	-0.22	1.38
ending	-0.22	0.89
dragon	-0.22	1.19
anybody	-0.22	1.66
after	-0.22	1.55
named	-0.22	1.54
explain	-0.21	1.64
earlier	-0.21	1.59
dog	-0.21	1.26
putin	-0.21	1.10
heavy	-0.21	1.11
park	-0.21	1.04
home	-0.21	1.53
flag	-0.21	1.27
ask	-0.21	1.36
are	-0.21	1.34
ta	-0.21	1.74
russia	-0.21	1.05
pull	-0.21	1.44
waiting	-0.21	1.71
thought	-0.21	2.04
jack	-0.21	1.23
scene	-0.21	1.45
her	-0.20	1.68
anywhere	-0.20	1.24
seconds	-0.20	1.24
website	-0.20	1.50
prince	-0.20	1.12
balls	-0.20	1.49
harry	-0.20	1.14
text	-0.20	1.38
flip	-0.20	1.20
images	-0.20	1.33
20	-0.20	1.42
universe	-0.20	1.37
lunch	-0.20	1.55
feed	-0.20	1.28
rabbit	-0.20	1.44
music	-0.20	1.15
entries	-0.20	1.14
spent	-0.20	1.49
lady	-0.20	1.27
subject	-0.19	1.60
been	-0.19	1.31
tool	-0.19	1.28
requests	-0.19	1.32
movies	-0.19	0.99
removed	-0.19	1.29
has	-0.19	1.31
replace	-0.19	1.37
cats	-0.19	1.41
5	-0.18	1.29
planet	-0.18	1.10
r/photoshopbattles	-0.18	1.41
neither	-0.18	1.11
episode	-0.18	1.14
waldo	-0.18	1.61
slow	-0.18	1.00
camera	-0.18	1.06
wet	-0.18	0.91
worth	-0.18	0.98
holding	-0.18	1.14
following	-0.17	1.30
reason	-0.17	1.30
his	-0.17	1.71
see	-0.17	1.65
na	-0.17	1.66
humans	-0.17	1.33
age	-0.17	1.72
fight	-0.17	1.17
field	-0.17	1.12
<URL>	-0.17	1.03
<SPECIAL>	-0.17	1.03
wars	-0.17	1.15
smaller	-0.17	1.31
against	-0.17	1.44
club	-0.17	1.08
bird	-0.16	1.12
will	-0.16	1.93
yourself	-0.16	1.18
what	-0.16	2.14
position	-0.16	1.43
filter	-0.16	1.01
helps	-0.16	1.05
said	-0.16	1.64
picture	-0.16	1.81
queen	-0.16	0.97
realize	-0.16	1.48
alone	-0.16	1.14
describe	-0.15	1.50
saw	-0.15	1.75
gives	-0.15	1.05
please	-0.15	1.55
taken	-0.15	1.39
boy	-0.14	1.12
posts	-0.14	1.36
took	-0.14	1.44
image	-0.14	1.36
any	-0.14	1.73
submission	-0.14	1.42
killed	-0.14	1.04
hurt	-0.14	1.37
kick	-0.14	1.13
preferred	-0.14	1.33
female	-0.13	1.28
remember	-0.13	1.56
whole	-0.13	1.84
staring	-0.13	1.35
takes	-0.13	1.20
50	-0.13	1.18
pro	-0.13	1.18
says	-0.13	1.43
already	-0.13	1.28
knew	-0.13	1.75
hours	-0.13	1.32
happens	-0.13	1.36
choose	-0.13	1.35
care	-0.13	1.71
submitted	-0.13	1.31
psb	-0.12	1.11
o	-0.12	0.97
hoping	-0.12	1.79
wait	-0.12	1.82
living	-0.12	1.11
references	-0.12	1.29
if	-0.12	1.89
be	-0.12	1.54
comes	-0.12	1.45
order	-0.12	1.38
not	-0.12	1.37
minutes	-0.12	1.19
appears	-0.12	1.49
drunk	-0.12	1.07
wife	-0.12	1.01
share	-0.11	1.24
titles	-0.11	1.54
falling	-0.11	1.54
suggestive	-0.11	1.52
burn	-0.11	1.09
by	-0.11	1.47
spot	-0.11	1.25
expecting	-0.11	1.82
tip	-0.11	1.16
res	-0.11	1.46
hands	-0.11	1.71
immediately	-0.10	1.69
descriptive	-0.10	1.53
started	-0.10	1.44
sounds	-0.10	0.95
riding	-0.10	0.93
permitted	-0.10	1.38
t	-0.10	1.23
gets	-0.10	1.29
play	-0.10	1.33
kept	-0.10	1.45
photo	-0.10	1.48
heard	-0.10	1.57
eh	-0.10	0.98
information	-0.10	1.53
stay	-0.10	1.20
felt	-0.10	1.23
familiar	-0.09	1.60
books	-0.09	1.16
frame	-0.09	1.37
either	-0.09	1.93
downvote	-0.09	1.28
year	-0.09	1.07
sound	-0.09	1.30
nsfw	-0.09	1.23
face	-0.09	1.61
wanted	-0.09	1.85
theme	-0.09	1.42
n't	-0.08	1.88
coming	-0.08	1.74
thing	-0.08	1.78
towards	-0.08	1.42
needed	-0.08	1.39
maybe	-0.08	1.94
have	-0.08	1.46
able	-0.08	1.66
should	-0.08	1.59
sex	-0.08	1.18
fall	-0.08	1.19
button	-0.08	1.39
freedom	-0.08	1.01
rock	-0.07	1.12
show	-0.07	1.29
suppose	-0.07	1.32
more	-0.07	1.41
ways	-0.07	1.16
mind	-0.07	1.75
history	-0.07	1.19
himself	-0.07	1.05
trip	-0.07	1.32
only	-0.07	1.72
visible	-0.07	1.25
mask	-0.07	1.39
longer	-0.07	1.43
interested	-0.07	1.51
feeling	-0.06	1.05
confirmed	-0.06	1.15
walk	-0.06	1.18
mirror	-0.06	1.24
must	-0.06	1.53
consider	-0.05	1.42
source	-0.05	1.26
1	-0.05	1.22
motion	-0.05	1.29
standing	-0.05	1.19
why	-0.05	1.68
women	-0.05	1.20
bay	-0.05	1.14
unfortunately	-0.05	1.26
captain	-0.04	1.17
foot	-0.04	1.29
out	-0.04	1.61
jump	-0.04	1.16
want	-0.04	1.85
kitty	-0.04	0.87
otherwise	-0.04	1.11
dare	-0.03	1.04
japanese	-0.03	1.09
tank	-0.03	1.23
nose	-0.03	1.14
area	-0.03	1.33
because	-0.03	1.91
brain	-0.03	1.35
black	-0.03	1.19
your	-0.03	1.26
ball	-0.03	1.19
hitler	-0.03	1.20
mods	-0.03	1.21
child	-0.03	0.96
clone	-0.02	1.11
fair	-0.02	1.08
help	-0.02	1.42
confirm	-0.02	1.06
disney	-0.02	1.28
system	-0.02	1.12
lion	-0.02	1.05
break	-0.02	1.30
do	-0.02	1.94
strong	-0.02	1.22
say	-0.02	1.79
moment	-0.02	1.11
answer	-0.02	1.04
bear	-0.02	1.17
before	-0.02	1.45
for	-0.01	1.29
exact	-0.01	1.77
recent	-0.01	1.30
shape	-0.01	1.20
regular	-0.01	1.33
mention	-0.01	1.46
expect	-0.01	1.22
stopped	-0.01	1.46
finish	-0.00	1.25
become	-0.00	1.00
somewhat	-0.00	1.11
working	-0.00	1.16
lie	-0.00	1.56
recently	-0.00	1.28
hour	-0.00	1.12
days	-0.00	1.15
possibly	-0.00	1.23
refer	-0.00	1.47
trouble	0.00	1.32
come	0.00	1.51
bigger	0.00	1.13
type	0.00	1.20
wo	0.00	1.79
anything	0.00	1.81
german	0.00	0.91
un	0.00	0.95
thank	0.00	1.29
earth	0.00	1.07
tongue	0.00	1.24
plane	0.01	1.13
tail	0.01	1.22
dumb	0.01	0.80
means	0.01	1.63
mostly	0.01	1.19
dirty	0.01	0.86
dad	0.01	1.00
photoshopped	0.01	1.29
layer	0.01	1.24
cross	0.01	1.17
cause	0.01	1.26
larger	0.01	1.08
basis	0.01	1.30
always	0.01	1.59
smart	0.02	1.01
c	0.02	0.94
parts	0.02	1.19
none	0.02	1.31
war	0.02	1.29
forward	0.02	1.23
disappointed	0.02	1.44
specific	0.02	1.41
several	0.02	1.28
12	0.02	1.24
circle	0.02	1.11
imgur	0.03	1.24
table	0.03	1.52
add	0.03	1.35
season	0.03	1.17
reminds	0.03	1.03
needs	0.03	1.39
four	0.03	1.20
inspired	0.03	1.09
pizza	0.03	1.28
itself	0.03	1.41
set	0.03	1.31
pug	0.03	1.29
chest	0.03	1.42
hair	0.04	1.43
neck	0.04	1.46
edges	0.04	1.27
here	0.04	1.34
meme	0.04	1.04
white	0.04	1.20
dat	0.04	0.91
money	0.04	1.15
full	0.05	1.21
shark	0.05	1.17
sleep	0.05	1.03
air	0.05	1.11
clearly	0.05	1.37
american	0.05	1.15
might	0.05	1.50
rules	0.05	1.41
pain	0.05	1.17
town	0.05	1.17
stock	0.05	1.32
til	0.05	0.99
mobile	0.06	1.29
those	0.06	1.49
bed	0.06	1.35
daughter	0.06	1.08
never	0.06	1.44
porn	0.06	1.22
blend	0.06	1.58
paper	0.06	1.10
size	0.06	1.04
instead	0.06	1.36
questions	0.07	1.12
focus	0.07	1.32
message	0.07	1.07
die	0.07	1.13
else	0.07	1.67
horse	0.07	0.98
blue	0.08	1.30
considered	0.08	1.02
imagine	0.08	1.16
watch	0.08	1.20
rough	0.08	1.12
fat	0.08	1.06
anyone	0.08	1.65
ninja	0.08	1.16
keeping	0.08	1.13
may	0.08	1.26
than	0.08	1.41
opened	0.08	1.47
date	0.08	1.11
big	0.09	0.87
world	0.09	1.33
mouth	0.09	1.19
hit	0.09	0.95
quick	0.09	0.99
vs	0.09	1.28
didnt	0.09	1.45
reaction	0.09	1.10
nightmares	0.09	0.84
words	0.09	1.32
british	0.09	1.15
follow	0.09	1.25
portal	0.09	1.43
given	0.09	1.22
wan	0.09	1.41
bag	0.09	1.14
beach	0.10	1.15
create	0.10	1.44
watched	0.10	1.13
modern	0.10	1.16
train	0.10	1.06
office	0.10	1.09
tried	0.10	1.03
gotten	0.10	1.21
layers	0.10	1.46
food	0.10	1.06
deserve	0.10	0.89
extreme	0.10	1.16
mode	0.10	1.23
until	0.11	1.49
fun	0.11	1.19
south	0.11	1.32
levels	0.11	1.17
sexy	0.11	1.09
finally	0.11	0.97
giant	0.11	0.96
perspective	0.11	1.34
problem	0.11	1.20
family	0.11	1.20
who	0.11	1.81
originally	0.11	1.50
obviously	0.11	1.06
case	0.11	1.43
house	0.11	1.03
ones	0.12	1.01
he	0.12	1.76
stuck	0.12	1.32
asshole	0.12	1.17
apparently	0.12	1.26
eating	0.12	1.11
russian	0.12	1.07
power	0.13	1.24
missing	0.13	1.58
robot	0.13	1.00
popular	0.13	1.22
curious	0.13	1.31
site	0.13	1.21
crack	0.13	1.17
sees	0.13	1.22
higher	0.13	1.06
cant	0.13	1.32
cover	0.13	1.15
team	0.13	0.96
babies	0.14	1.13
matter	0.14	1.52
fox	0.14	1.10
500px	0.14	1.26
country	0.14	1.11
em	0.14	1.29
save	0.14	1.18
crowd	0.14	1.15
gt	0.14	1.23
old	0.15	1.22
ground	0.15	1.20
stop	0.15	1.22
stand	0.15	1.28
twist	0.15	0.87
fire	0.15	1.05
blood	0.15	1.11
am	0.15	1.65
account	0.15	1.20
boss	0.15	1.03
certain	0.16	1.32
p	0.16	0.87
cup	0.16	0.95
karma	0.16	1.48
weight	0.17	1.11
ai	0.17	1.24
owl	0.17	0.91
jumping	0.17	1.20
arm	0.17	1.46
did	0.17	1.79
five	0.17	0.98
selfie	0.17	1.17
tiny	0.17	1.04
looked	0.17	1.50
hear	0.17	1.27
time	0.17	1.37
milk	0.17	1.17
changed	0.17	1.50
everything	0.17	1.59
alright	0.17	1.16
beer	0.17	1.11
shot	0.17	1.38
yellow	0.17	1.05
everyone	0.17	1.70
happened	0.18	1.37
but	0.18	1.26
u	0.18	0.98
ca	0.18	1.62
less	0.18	1.07
smile	0.18	0.98
large	0.18	0.93
battle	0.18	1.40
wedding	0.18	1.05
reminded	0.18	1.20
feet	0.19	1.26
weeks	0.19	1.31
dead	0.19	0.94
leg	0.19	1.47
was	0.19	1.70
seems	0.19	1.19
soccer	0.19	1.12
version	0.19	1.12
enjoying	0.19	1.42
user	0.19	1.22
myself	0.20	1.27
wish	0.20	1.34
style	0.20	1.01
men	0.20	1.22
north	0.20	1.02
learn	0.20	1.13
george	0.20	1.10
met	0.20	1.09
does	0.21	1.77
excuse	0.21	0.89
shoot	0.21	1.04
lot	0.21	1.49
appropriate	0.21	1.41
red	0.21	1.21
wtf	0.21	1.46
jong	0.21	0.90
resolution	0.21	1.19
sister	0.21	1.13
quickly	0.21	1.13
death	0.21	1.18
context	0.21	1.40
half	0.21	1.63
wearing	0.21	1.17
points	0.21	1.33
results	0.21	1.12
father	0.21	1.05
mr	0.21	1.13
amp	0.21	1.24
leo	0.21	1.37
aww	0.21	1.16
minute	0.21	1.27
guy	0.22	1.58
pixels	0.22	1.14
wolf	0.22	1.13
computer	0.22	1.27
party	0.22	1.08
gay	0.22	1.01
note	0.22	1.24
line	0.22	1.29
sure	0.22	1.80
series	0.22	1.12
tonight	0.22	1.17
our	0.22	1.08
skin	0.22	1.11
learned	0.22	1.03
obligatory	0.22	1.18
knows	0.22	1.51
ideas	0.23	1.43
edition	0.23	1.25
phone	0.23	1.17
person	0.23	1.50
science	0.23	1.27
she	0.23	1.57
some	0.23	1.64
mario	0.23	1.16
sometimes	0.23	1.21
shall	0.24	1.17
own	0.24	1.38
son	0.24	1.08
while	0.24	1.43
vote	0.24	1.48
cat	0.24	1.40
excited	0.24	0.91
entire	0.24	1.29
bitches	0.24	1.10
animals	0.24	1.15
yesterday	0.25	1.03
group	0.25	1.16
sub	0.25	1.29
swap	0.25	1.06
secret	0.25	1.16
exactly	0.25	1.81
hidden	0.25	1.16
lets	0.25	1.43
think	0.25	1.73
golden	0.25	0.87
fairly	0.25	1.07
dr	0.25	0.99
game	0.26	1.10
got	0.26	1.54
however	0.26	1.06
album	0.26	1.13
round	0.26	1.11
hail	0.26	0.99
check	0.26	1.24
op	0.26	1.15
nobody	0.26	1.41
kim	0.26	0.98
rather	0.26	1.29
hanging	0.26	1.21
drop	0.26	1.13
send	0.27	1.15
sigh	0.27	1.02
bears	0.27	1.11
football	0.27	1.06
film	0.27	1.20
personally	0.28	0.96
bob	0.28	1.16
clear	0.28	1.03
stars	0.28	1.10
just	0.28	1.79
animal	0.28	1.28
gun	0.28	1.01
watching	0.28	1.00
cage	0.28	0.91
expected	0.28	1.44
believe	0.28	1.43
caught	0.28	0.96
similar	0.28	1.61
weapon	0.28	0.88
harder	0.29	1.20
tired	0.29	1.31
figure	0.29	1.57
impossible	0.29	0.96
everybody	0.29	1.47
difficult	0.29	1.01
poop	0.29	0.96
rare	0.29	1.05
nightmare	0.30	0.89
pants	0.30	1.25
upvotes	0.30	1.21
early	0.30	1.14
kind	0.30	1.61
green	0.30	1.04
luck	0.30	1.05
buy	0.30	1.11
noticed	0.30	1.29
response	0.30	1.32
reddit	0.30	1.20
practice	0.31	1.24
possible	0.31	1.26
korea	0.31	0.93
liked	0.31	1.00
delicious	0.31	1.10
also	0.31	1.53
attack	0.31	0.97
turns	0.31	1.04
fighter	0.31	0.97
space	0.32	1.21
m	0.32	1.37
even	0.32	1.67
entry	0.32	0.94
yo	0.32	1.09
telling	0.32	1.87
woman	0.32	1.30
end	0.33	1.45
lives	0.33	0.94
works	0.33	1.06
class	0.33	1.08
ride	0.33	1.06
saving	0.33	1.15
article	0.33	1.33
catch	0.33	1.03
how	0.33	1.70
won	0.33	1.32
draw	0.34	1.18
file	0.34	1.06
seemed	0.34	1.13
notice	0.34	1.61
imo	0.34	0.91
english	0.34	1.19
shirt	0.35	1.14
ice	0.35	1.03
tag	0.35	1.33
fact	0.35	1.46
mom	0.35	1.05
effects	0.35	1.08
anyways	0.35	0.98
word	0.35	1.41
serious	0.35	1.38
anymore	0.35	1.32
art	0.36	0.97
literally	0.36	1.42
girl	0.36	1.45
confused	0.36	1.03
idk	0.36	1.08
tiger	0.36	0.92
chance	0.37	1.25
personal	0.37	1.06
dogs	0.37	1.25
spoiler	0.37	1.35
meta	0.37	1.32
pun	0.37	0.90
gimp	0.38	1.17
almost	0.38	1.42
would	0.38	1.60
opacity	0.38	1.33
odd	0.38	1.11
rocket	0.39	1.03
during	0.39	0.95
lost	0.39	0.96
godzilla	0.39	0.99
cream	0.39	1.05
missed	0.39	1.07
titan	0.39	1.21
no	0.40	1.55
whats	0.40	1.30
school	0.40	0.88
slightly	0.40	1.05
news	0.40	0.99
logo	0.40	1.37
nearly	0.41	1.28
although	0.41	1.03
record	0.41	1.14
based	0.41	1.06
look	0.41	1.11
boys	0.41	1.11
glass	0.41	1.18
edited	0.41	1.42
road	0.41	0.91
editing	0.42	1.33
username	0.42	1.10
speak	0.42	1.10
became	0.42	1.21
suck	0.42	0.99
special	0.42	1.02
bunny	0.42	1.20
could	0.42	1.71
meet	0.42	1.18
final	0.42	1.00
dark	0.42	1.02
close	0.42	1.11
self	0.43	1.22
obama	0.43	0.93
tv	0.43	1.00
had	0.43	1.66
morning	0.43	1.16
fake	0.43	1.21
strange	0.44	1.42
alive	0.44	1.19
probably	0.44	1.53
first	0.44	1.37
sky	0.44	1.11
army	0.44	0.92
children	0.45	0.96
shopped	0.45	1.32
girls	0.45	1.04
died	0.45	0.99
bomb	0.45	1.02
effort	0.45	1.08
wonderful	0.45	1.67
legend	0.45	1.15
wins	0.45	1.08
rip	0.46	1.28
johnny	0.46	1.01
fan	0.46	0.74
lizard	0.46	1.14
certainly	0.46	1.06
action	0.46	1.06
dick	0.47	1.13
america	0.47	1.07
butt	0.47	1.20
moving	0.47	1.30
amount	0.47	1.24
short	0.47	1.03
wizard	0.47	1.28
least	0.48	1.28
flash	0.48	1.03
huh	0.48	0.85
fast	0.48	1.16
sun	0.48	1.06
honey	0.48	1.09
soon	0.48	1.26
potential	0.48	1.33
wants	0.48	1.40
hopefully	0.49	1.07
hi	0.49	1.21
hot	0.49	1.11
straight	0.49	1.47
flying	0.49	1.02
2014	0.49	1.00
dancing	0.50	0.93
business	0.50	0.91
mouse	0.50	1.31
kitten	0.50	1.15
roll	0.50	1.18
part	0.51	1.25
master	0.51	1.04
swan	0.52	1.25
racist	0.52	1.25
blur	0.52	1.08
glasses	0.52	1.16
teeth	0.53	1.14
statue	0.53	1.00
da	0.53	1.04
example	0.53	1.15
snow	0.53	0.97
hat	0.54	1.05
which	0.54	1.71
iron	0.54	1.02
an	0.54	1.21
pet	0.55	1.14
single	0.55	1.18
piece	0.55	1.01
background	0.55	1.36
contest	0.55	1.02
changes	0.55	1.29
direction	0.56	1.36
experience	0.56	0.91
meow	0.56	1.01
welcome	0.57	1.23
monster	0.57	1.18
course	0.57	0.92
way	0.57	1.42
im	0.57	1.16
land	0.58	1.07
natural	0.58	1.48
since	0.58	1.26
as	0.58	1.25
subreddit	0.59	1.16
double	0.59	0.96
match	0.59	1.31
better	0.59	1.30
mistake	0.59	0.98
ladies	0.59	1.11
angle	0.59	1.34
dunno	0.60	1.02
thinks	0.60	1.15
pure	0.60	0.90
day	0.60	0.92
number	0.60	1.31
video	0.60	1.03
kid	0.60	1.25
heads	0.60	1.35
hungry	0.60	0.91
ridiculous	0.61	0.94
king	0.61	0.95
drink	0.62	0.84
keep	0.62	1.26
internet	0.62	1.29
dinner	0.62	1.22
nature	0.63	1.08
smooth	0.63	1.07
faces	0.64	1.21
color	0.64	1.27
pass	0.64	1.09
question	0.64	1.16
greatest	0.64	1.23
crying	0.65	1.10
squirrel	0.65	1.10
helmet	0.65	1.16
guys	0.65	1.25
evil	0.66	0.77
bill	0.67	1.20
skill	0.67	1.29
expression	0.67	1.30
proud	0.67	1.11
psbattle	0.67	1.28
friend	0.67	1.05
little	0.67	1.09
again	0.68	1.28
hmm	0.68	1.01
young	0.68	0.97
sort	0.69	1.02
attention	0.69	0.95
turned	0.70	1.12
indeed	0.71	0.73
peace	0.71	0.95
force	0.72	0.93
mark	0.73	1.11
quite	0.73	0.86
classic	0.74	1.09
glory	0.74	1.22
ever	0.74	1.34
choice	0.74	1.06
100	0.74	1.18
opinion	0.74	0.91
bit	0.75	1.12
late	0.75	1.14
pissed	0.75	1.30
breaking	0.76	0.85
surprised	0.76	0.87
played	0.76	1.02
fine	0.76	0.93
street	0.76	1.04
considering	0.77	0.97
material	0.77	1.09
pose	0.78	1.26
gold	0.78	1.06
easily	0.78	1.01
crazy	0.78	1.20
super	0.78	0.83
speed	0.79	1.15
player	0.79	1.19
character	0.80	0.83
recommend	0.81	1.26
taco	0.81	1.15
honestly	0.81	1.20
community	0.81	1.03
snoop	0.82	0.99
downvotes	0.82	1.31
shopping	0.82	1.07
deserves	0.82	1.02
feels	0.83	0.92
floor	0.84	1.02
seen	0.84	1.27
dammit	0.84	0.81
high	0.84	0.89
nope	0.84	0.97
showing	0.85	1.00
scared	0.85	1.13
miley	0.85	1.04
duck	0.85	1.15
screen	0.86	1.07
baby	0.86	1.12
like	0.86	1.26
tough	0.86	1.04
worked	0.86	1.03
tits	0.87	0.96
fit	0.88	1.06
pls	0.88	1.04
lt	0.88	1.08
water	0.88	1.25
added	0.88	1.10
its	0.89	0.98
likes	0.90	0.90
shame	0.90	0.96
ol	0.90	0.98
laughing	0.90	1.04
fuckin	0.91	0.82
funniest	0.91	1.17
looks	0.91	1.06
common	0.92	1.05
still	0.92	1.05
hes	0.92	0.85
made	0.93	0.89
adding	0.93	1.03
dear	0.93	0.72
mine	0.94	0.97
pig	0.95	0.84
tom	0.95	0.77
praise	0.95	0.92
spider	0.95	0.81
ooh	0.95	1.09
games	0.95	0.77
long	0.96	0.98
d	0.96	1.43
truly	0.96	0.65
unexpected	0.97	1.01
bitch	0.97	1.25
cheers	0.98	0.82
program	0.98	1.17
stupid	0.98	1.04
too	0.98	1.22
hope	0.99	1.06
awkward	0.99	0.79
moon	0.99	0.84
beyond	0.99	0.89
buddy	1.00	0.92
loud	1.01	0.88
stuff	1.01	0.94
mother	1.01	0.72
patrick	1.01	0.87
badass	1.02	0.64
nah	1.02	1.01
colors	1.02	1.01
new	1.03	1.05
upvote	1.03	1.02
tho	1.03	0.81
interesting	1.04	0.88
goddamn	1.04	0.97
fits	1.04	1.09
forgot	1.04	1.09
realistic	1.05	0.94
me	1.07	1.01
lord	1.07	0.83
seriously	1.09	1.04
light	1.09	1.07
president	1.10	0.71
kinda	1.11	0.86
laughed	1.11	0.98
hello	1.11	0.96
surprise	1.11	0.98
ass	1.12	0.91
second	1.13	1.05
pokemon	1.13	0.91
obvious	1.14	0.92
kiss	1.14	0.64
ok	1.14	1.28
heh	1.15	0.90
appreciate	1.15	1.00
sides	1.15	0.87
edit	1.15	1.20
likely	1.16	1.04
far	1.16	1.16
guess	1.19	1.25
eyes	1.19	1.09
glad	1.19	1.17
lucky	1.19	0.88
small	1.21	0.81
perfectly	1.21	1.04
winner	1.22	0.95
safe	1.23	0.81
sorry	1.24	0.83
whoa	1.24	0.94
shoes	1.24	1.00
book	1.26	0.80
pay	1.27	0.79
sick	1.27	0.74
extremely	1.29	0.82
incredibly	1.29	0.81
enough	1.30	0.99
hey	1.31	0.95
hard	1.33	0.80
actually	1.33	1.01
shop	1.34	0.97
woah	1.34	0.73
true	1.34	0.68
childhood	1.34	0.66
uh	1.35	0.87
smoke	1.35	0.97
important	1.36	0.87
yet	1.36	0.87
one	1.36	0.97
totally	1.40	0.96
btw	1.41	0.85
christ	1.41	0.88
lmao	1.41	0.79
enjoy	1.41	0.75
yup	1.44	0.68
yours	1.45	0.82
sweet	1.47	0.72
favourite	1.50	0.82
laugh	1.53	0.74
definitely	1.54	0.86
xd	1.54	1.25
perfect	1.57	1.63
weird	1.57	1.02
effect	1.59	0.82
chuckle	1.60	0.61
so	1.60	0.95
omg	1.63	0.87
scary	1.63	0.56
disturbing	1.64	0.65
hell	1.66	1.05
okay	1.67	1.03
ah	1.70	0.83
win	1.72	0.78
reflection	1.73	0.90
blending	1.73	0.86
crap	1.79	0.66
detail	1.79	0.68
execution	1.79	0.85
impressed	1.80	0.72
freaking	1.83	0.71
mate	1.83	0.78
genius	1.88	0.72
idea	1.88	0.94
desktop	1.90	0.67
much	1.90	0.70
shadow	1.92	0.75
ahh	1.92	0.69
my	1.94	0.81
yeah	1.95	0.88
bro	1.98	0.64
bravo	2.02	0.62
jesus	2.03	0.65
pretty	2.05	0.58
hah	2.06	0.66
concept	2.07	0.56
such	2.10	0.73
glorious	2.16	0.46
wallpaper	2.17	0.63
creative	2.17	0.48
sir	2.18	0.60
touch	2.18	0.55
solid	2.20	0.53
horrifying	2.22	0.53
though	2.23	0.61
lighting	2.25	0.57
shadows	2.27	0.56
appreciated	2.28	0.48
really	2.31	0.59
funny	2.33	0.49
fuck	2.34	0.63
shit	2.35	0.62
very	2.35	0.46
ha	2.41	0.50
incredible	2.43	0.57
creepy	2.43	0.49
favorite	2.49	0.41
hahahaha	2.49	0.52
absolutely	2.51	0.43
work	2.52	0.44
cool	2.54	0.38
god	2.56	0.39
terrifying	2.56	0.40
beautiful	2.57	0.44
damn	2.58	0.42
impressive	2.58	0.36
good	2.58	0.33
man	2.59	0.42
yes	2.61	0.48
nicely	2.62	0.36
fucking	2.65	0.41
thanks	2.65	0.38
subtle	2.66	0.36
done	2.68	0.36
excellent	2.69	0.32
dude	2.70	0.40
holy	2.70	0.38
thats	2.70	0.37
lol	2.71	0.36
clever	2.74	0.31
well	2.74	0.33
hilarious	2.75	0.37
oh	2.75	0.34
wow	2.77	0.33
job	2.77	0.32
brilliant	2.77	0.35
great	2.82	0.32
hahaha	2.82	0.34
haha	2.82	0.31
