suck	-5.84	0.87
stupid	-5.18	1.51
crappy	-5.18	1.54
killing	-5.12	1.50
trolling	-4.88	1.46
worse	-4.85	1.44
freak	-4.69	1.46
bitch	-4.35	1.74
despite	-4.32	2.02
dumb	-4.32	1.86
ai	-4.25	2.11
poor	-4.24	1.69
gods	-4.08	1.77
messing	-4.07	1.68
bad	-4.04	2.33
shitty	-4.00	1.67
ouch	-3.93	2.13
screw	-3.93	2.05
dying	-3.88	1.97
ugh	-3.75	2.11
sucks	-3.73	2.35
fucked	-3.69	2.23
idiot	-3.64	2.70
messed	-3.62	2.43
fucking	-3.51	2.03
massive	-3.49	1.98
voltagic	-3.47	2.26
x_x	-3.46	2.38
neutral	-3.44	1.95
gamefreak	-3.41	2.09
annoying	-3.32	2.11
screwed	-3.31	2.48
fuck	-3.30	2.16
avoid	-3.24	2.52
opposite	-3.24	2.16
scary	-3.24	2.47
lazy	-3.21	2.30
laugh	-3.20	2.25
prevent	-3.20	2.39
stop	-3.19	2.55
confused	-3.19	2.43
blame	-3.15	1.88
spite	-3.10	3.65
absolute	-3.05	1.83
plot	-3.05	4.21
scared	-3.05	2.35
classic	-3.05	2.31
wasted	-3.03	2.12
felt	-3.02	2.50
skewed	-3.01	2.19
sometimes	-3.01	2.56
longest	-3.00	2.26
swap	-2.98	4.04
fixed	-2.97	2.98
mistake	-2.97	3.19
swear	-2.97	2.39
imprison	-2.96	4.04
fighting	-2.95	3.90
filter	-2.94	3.19
stuck	-2.94	2.48
yamask	-2.92	4.15
yamasks	-2.91	4.13
exist	-2.90	2.21
realised	-2.89	3.25
boring	-2.89	1.96
wind	-2.88	4.01
oops	-2.88	3.22
dick	-2.88	1.92
analytic	-2.88	4.06
silly	-2.88	1.91
skill	-2.87	4.02
whoops	-2.87	3.21
having	-2.87	2.41
typo	-2.87	3.18
cofagrigus	-2.85	3.96
sorta	-2.85	2.70
troubles	-2.85	2.40
ugly	-2.85	2.14
memento	-2.84	4.04
mummy	-2.83	4.12
decided	-2.83	2.62
notice	-2.83	3.22
switch	-2.83	4.07
misread	-2.82	3.18
1m	-2.82	4.05
extrasensory	-2.80	3.99
psycho	-2.80	4.01
grind	-2.78	2.61
ominous	-2.77	4.05
shift	-2.77	4.03
accidently	-2.77	3.38
damnit	-2.76	2.48
ally	-2.76	4.07
forgot	-2.76	3.17
accidentally	-2.76	3.39
woops	-2.74	3.33
cosmic	-2.74	4.08
realized	-2.72	3.23
togepi	-2.71	3.99
boomburst	-2.69	3.91
crap	-2.69	3.05
elygem	-2.68	4.01
teeter	-2.67	3.95
typed	-2.67	3.38
story	-2.65	2.87
noticed	-2.64	3.22
cancelled	-2.64	3.40
clicked	-2.64	3.39
elgyem	-2.64	4.00
tangled	-2.64	3.87
block	-2.63	3.99
meant	-2.63	3.19
paying	-2.63	3.10
nyan	-2.62	2.06
grace	-2.61	3.76
serene	-2.60	3.75
ass	-2.60	1.91
accident	-2.59	3.40
fault	-2.57	3.17
title	-2.56	3.36
bothered	-2.56	2.63
mr	-2.55	3.78
face	-2.55	2.92
thinks	-2.55	1.95
ment	-2.55	3.20
edit2	-2.55	3.12
realize	-2.53	3.28
missed	-2.51	2.92
remembered	-2.51	3.37
reluctant	-2.50	2.62
uhhh	-2.49	2.23
cancel	-2.49	3.34
mime	-2.48	3.80
useless	-2.46	2.10
nintendo	-2.46	1.90
misunderstood	-2.45	2.89
unlucky	-2.44	2.03
retrade	-2.43	3.31
derp	-2.42	2.98
shit	-2.42	2.27
bond	-2.41	3.51
destiny	-2.41	3.50
edit	-2.40	3.27
feel	-2.40	2.77
zones	-2.40	2.02
funny	-2.40	2.51
attention	-2.39	3.10
odd	-2.38	1.88
pissed	-2.38	1.84
shade	-2.36	3.37
assumed	-2.36	2.96
twice	-2.35	3.36
disable	-2.34	3.61
butt	-2.33	2.00
pain	-2.33	2.93
wrote	-2.32	3.36
nightmare	-2.32	1.94
realise	-2.32	2.98
chatot	-2.32	3.79
must	-2.31	3.32
misdreavus	-2.31	3.83
behind	-2.31	2.93
properly	-2.30	2.90
split	-2.28	3.44
31/x/31/31/31/0	-2.28	3.61
hardly	-2.28	2.93
troll	-2.27	2.22
beat	-2.27	3.44
astonish	-2.26	3.50
cry	-2.25	2.37
noob	-2.25	2.18
aka	-2.25	1.58
quiet	-2.21	3.60
maximum	-2.20	2.03
lame	-2.19	2.21
rude	-2.19	1.97
room	-2.19	3.38
lost	-2.17	2.12
dammit	-2.17	2.63
synchronize	-2.16	3.44
fixing	-2.16	2.41
grudge	-2.14	3.38
lmao	-2.13	2.53
completely	-2.13	2.73
brain	-2.12	2.79
duh	-2.12	2.93
mention	-2.12	2.95
thought	-2.11	3.02
draw	-2.11	1.88
ever	-2.11	2.53
asian	-2.09	2.87
1f	-2.08	3.44
seriously	-2.07	2.41
forgetting	-2.06	2.69
edited	-2.05	3.05
garbage	-2.03	1.37
jealous	-2.03	2.49
simple	-2.02	3.30
31/xx/31/31/31/0	-2.01	3.41
telepathy	-2.01	3.43
didnt	-2.00	3.00
ikr	-2.00	2.67
barrier	-1.99	3.35
mess	-1.99	2.05
acting	-1.99	2.19
levitate	-1.99	3.37
originally	-1.98	3.29
dat	-1.98	2.36
0speed	-1.97	3.40
icy	-1.96	3.11
death	-1.95	1.85
xdd	-1.95	2.69
pointing	-1.95	2.99
porygon	-1.94	3.19
trace	-1.94	3.21
mistakes	-1.93	2.42
shame	-1.93	2.99
painsplit	-1.93	3.19
phantom	-1.93	3.19
excuse	-1.92	2.04
woobat	-1.91	3.33
totally	-1.91	2.88
saw	-1.90	3.00
ignore	-1.89	2.62
synchronoise	-1.88	3.21
leaves	-1.88	2.20
timezones	-1.88	2.14
stubborn	-1.87	1.90
sneak	-1.86	3.17
mistaken	-1.86	3.01
dreams	-1.86	1.75
nevermind	-1.86	2.90
quit	-1.85	2.21
grabbed	-1.84	3.22
trash	-1.84	1.53
somehow	-1.83	2.76
ridiculous	-1.83	1.81
knew	-1.82	2.95
0spd	-1.82	3.28
sg	-1.82	2.78
likes	-1.81	2.20
power	-1.80	3.15
magneton	-1.80	1.70
excited	-1.80	2.46
togepis	-1.79	3.18
description	-1.79	3.29
tynamo	-1.79	3.25
confusing	-1.78	1.92
scenario	-1.77	2.65
sassy	-1.77	3.25
words	-1.76	2.03
0	-1.75	3.19
cute	-1.75	2.59
infiltrator	-1.75	3.14
steel	-1.75	2.86
tr	-1.74	3.21
moonlight	-1.73	3.22
confuse	-1.73	3.05
spiritomb	-1.73	3.09
ray	-1.73	3.05
read	-1.73	2.85
awkward	-1.71	1.95
fight	-1.71	2.17
kids	-1.70	1.79
solosis	-1.69	3.22
lied	-1.68	2.46
argh	-1.68	2.58
welp	-1.68	2.70
air	-1.68	2.91
will-o-wisp	-1.67	2.92
wasnt	-1.67	2.83
assurance	-1.66	2.31
genderless	-1.66	2.47
alone	-1.65	1.80
opened	-1.64	2.79
0iv	-1.64	3.12
rip	-1.64	2.20
litwicks	-1.63	3.11
sweep	-1.63	1.78
stored	-1.63	3.03
soundproof	-1.62	3.04
turned	-1.62	2.39
unnerve	-1.61	2.22
misdreavous	-1.61	3.59
risk	-1.61	2.17
insane	-1.60	1.99
bored	-1.60	2.04
snover	-1.60	3.08
flatter	-1.59	3.06
bounce	-1.59	3.06
smog	-1.59	3.08
clear	-1.58	3.05
klink	-1.57	3.03
tailwind	-1.57	2.32
trick	-1.57	2.89
apologies	-1.56	2.77
haze	-1.56	2.94
hardest	-1.56	2.48
reflect	-1.55	2.96
cottonees	-1.55	3.02
t_t	-1.55	2.31
god	-1.55	2.16
unfortunate	-1.54	3.05
biggest	-1.54	2.34
porygons	-1.54	3.01
crazy	-1.54	2.17
nvm	-1.53	2.85
defog	-1.53	3.14
frisk	-1.53	2.87
pecks	-1.52	2.89
joke	-1.51	1.90
jk	-1.51	2.15
dragons	-1.51	1.62
was	-1.50	2.78
31/31/31/xx/31/0	-1.50	2.96
roar	-1.50	2.20
apparently	-1.50	2.45
kill	-1.49	1.74
impression	-1.49	2.63
magic	-1.48	3.03
31/31/31/31/31/0	-1.48	2.79
chat	-1.48	2.71
fix	-1.47	2.49
gunk	-1.47	2.91
did	-1.47	2.91
hex	-1.47	3.00
spritzee	-1.47	2.92
duskulls	-1.47	2.97
jellicent	-1.46	2.93
mimic	-1.46	2.79
shadow	-1.46	2.88
togekiss	-1.46	2.94
roost	-1.44	2.89
shut	-1.44	1.99
thrash	-1.43	1.97
sight	-1.43	3.01
venom	-1.42	2.96
hits	-1.41	1.23
sync	-1.41	2.10
shuppet	-1.41	2.90
slowpokes	-1.41	2.96
fail	-1.40	2.07
broke	-1.40	1.85
drench	-1.40	2.96
bird	-1.40	2.90
coverage	-1.40	1.47
stockpile	-1.39	2.86
feet	-1.39	2.97
staryus	-1.39	2.90
heat	-1.39	2.86
wing	-1.39	2.79
x.x	-1.39	2.45
forgive	-1.39	2.20
instead	-1.39	2.96
razor	-1.38	2.28
reading	-1.38	2.66
ocd	-1.38	1.97
uproar	-1.37	2.93
aroma	-1.37	2.93
battery	-1.37	1.89
valid	-1.37	3.10
hydropump	-1.37	2.49
relaxed	-1.36	2.93
31/31/31/xx/31/00	-1.36	2.85
hypnosis	-1.36	2.89
keen	-1.35	2.96
wtf	-1.34	1.89
rufflet	-1.34	2.88
jr	-1.34	2.90
switcheroo	-1.34	3.01
made	-1.34	2.46
hippo	-1.34	1.87
cut	-1.33	2.99
heatwave	-1.33	2.89
mandibuzz	-1.33	2.79
drought	-1.33	2.89
lick	-1.33	2.96
liepard	-1.33	2.54
ralts	-1.32	3.11
kept	-1.32	2.32
sigilyph	-1.32	3.05
copied	-1.32	2.63
failed	-1.32	1.85
mac	-1.31	1.96
31/31/31/x/31/0	-1.31	2.85
oh	-1.31	2.84
jesus	-1.31	2.09
pupitar	-1.31	1.91
braviary	-1.30	2.84
exit	-1.30	2.63
pawniards	-1.30	2.87
bashful	-1.30	1.21
gah	-1.29	2.35
harvest	-1.29	2.89
shellders	-1.29	2.89
song	-1.29	2.98
pump	-1.28	2.45
duskull	-1.28	2.84
force	-1.28	2.73
rule	-1.28	2.00
hydro	-1.28	2.44
tagged	-1.28	2.24
bestow	-1.27	2.83
pulled	-1.27	2.44
kidding	-1.27	2.28
regen	-1.27	2.83
toxic	-1.27	2.91
quality	-1.27	1.58
correctly	-1.27	3.31
peck	-1.26	2.82
cursed	-1.26	2.76
died	-1.26	2.09
hardy	-1.26	1.25
koffing	-1.26	3.10
pickpocket	-1.26	2.79
hotel	-1.25	2.17
carvanha	-1.25	2.56
calm	-1.25	2.84
modest	-1.25	2.80
insomnia	-1.24	2.69
stall	-1.24	1.75
mist	-1.24	2.76
cryogonal	-1.24	2.83
final	-1.24	2.69
hahahaha	-1.23	2.89
recover	-1.23	2.74
acid	-1.23	2.76
press	-1.23	2.63
beginning	-1.23	1.80
illusion	-1.23	2.87
luckily	-1.23	2.32
had	-1.23	2.69
flare	-1.23	2.76
piplup	-1.23	2.83
appears	-1.23	2.01
issues	-1.23	2.28
31/31/31/31/31/x	-1.22	2.72
die	-1.22	2.01
carvanah	-1.22	2.67
eye	-1.22	2.92
litwick	-1.22	2.94
brave	-1.22	2.74
snap	-1.22	2.80
honedge	-1.21	2.71
hurts	-1.21	2.04
miss	-1.21	2.59
bouffalant	-1.21	2.90
trap	-1.21	2.83
cyndaquils	-1.21	2.75
defeatist	-1.20	2.69
guard	-1.20	2.71
laptop	-1.20	2.01
spin	-1.20	2.78
rapid	-1.19	2.78
weird	-1.19	2.17
weak	-1.18	2.42
revenge	-1.18	2.73
constantly	-1.18	2.33
zorua	-1.18	2.93
blitz	-1.17	2.72
cinccino	-1.17	2.70
eelektross	-1.17	2.68
arena	-1.17	2.80
encore	-1.17	2.98
backed	-1.17	2.00
cutter	-1.17	2.79
put	-1.17	2.51
mad	-1.17	1.58
defiant	-1.16	2.80
eruption	-1.16	2.69
flame	-1.16	2.76
sableye	-1.16	2.79
overcoat	-1.16	2.72
warning	-1.16	2.61
docile	-1.16	1.22
misunderstanding	-1.16	2.63
pawniard	-1.16	2.79
ohhhh	-1.15	2.76
cyndaquil	-1.15	2.75
archen	-1.15	2.60
sounded	-1.15	2.46
tears	-1.15	2.82
ground	-1.15	2.48
swallow	-1.15	2.60
healer	-1.15	2.87
bisharp	-1.15	2.76
b	-1.15	2.84
coat	-1.14	2.66
bold/calm	-1.14	2.91
cottonee	-1.13	3.02
darmanitan	-1.13	2.59
staryu	-1.13	2.95
gardevoir	-1.13	2.66
whismur	-1.13	2.84
whimsicott	-1.13	2.66
effective	-1.13	1.39
confusion	-1.13	2.33
hustle	-1.13	2.84
archeops	-1.12	2.69
opposed	-1.12	2.20
rotom	-1.12	2.84
31/x/31/31/31/31	-1.11	2.63
foongus	-1.11	2.74
contrary	-1.11	2.71
typing	-1.11	2.19
gambit	-1.11	2.66
suspicious	-1.11	1.71
agility	-1.10	2.72
sold	-1.10	2.04
dead	-1.10	1.95
vulpixes	-1.10	2.73
ghastly	-1.10	3.04
castform	-1.09	2.96
network	-1.09	2.17
reversal	-1.09	2.73
spikes	-1.09	2.72
bronzor	-1.09	2.94
memory	-1.08	2.02
aerodactyl	-1.08	2.21
signal	-1.08	2.70
gaurd	-1.08	2.78
upset	-1.08	2.07
looked	-1.08	2.47
types	-1.07	1.77
vullaby	-1.07	2.68
togetic	-1.07	2.88
phantump	-1.07	2.71
feather	-1.07	2.78
spear	-1.06	2.63
copycat	-1.06	2.45
internet	-1.06	2.20
wave	-1.06	2.67
reuniclus	-1.06	2.72
perish	-1.06	2.84
mirror	-1.06	2.63
cloyster	-1.06	2.70
waste	-1.06	2.27
refresh	-1.06	2.63
leavanny	-1.06	2.61
baton	-1.05	2.85
connecting	-1.05	2.22
issue	-1.05	2.34
charm	-1.05	2.14
grass	-1.05	2.36
chinese	-1.05	1.38
reckless	-1.05	2.73
baltoy	-1.05	2.78
server	-1.04	2.18
cheating	-1.04	1.70
unlike	-1.04	1.61
captivate	-1.04	2.63
rich	-1.04	2.02
remove	-1.03	2.40
download	-1.03	2.21
tired	-1.03	2.36
armour	-1.03	2.67
badly	-1.03	2.33
barbs	-1.03	2.69
stab	-1.03	1.32
chanseys	-1.03	2.93
drillbur	-1.03	2.73
crush	-1.03	2.72
officially	-1.02	2.04
hurt	-1.02	2.39
tympole	-1.02	2.70
dear	-1.02	2.07
anticipation	-1.02	2.52
pelipper	-1.02	1.92
icicle	-1.02	2.70
zangoose	-1.02	2.79
gastly	-1.02	3.01
sigh	-1.02	2.15
losing	-1.02	1.91
foul	-1.01	2.31
switched	-1.01	1.73
ie	-1.01	1.53
drain	-1.01	2.70
ferroseed	-1.01	2.70
body	-1.01	2.70
zubat	-1.01	2.89
wide	-1.00	2.44
fear	-1.00	1.81
closed	-1.00	2.40
accelgor	-1.00	2.69
gosh	-1.00	2.37
earlier	-1.00	2.58
noibat	-1.00	2.69
m/f	-1.00	2.54
dump	-0.99	1.71
weather	-0.99	2.87
ripped	-0.99	1.66
cyndaquill	-0.99	2.61
tickle	-0.99	2.63
university	-0.99	2.17
pursuit	-0.99	2.55
31/31/31/31/31/31	-0.99	2.39
gyro	-0.99	2.58
minccino	-0.99	2.59
regenerator	-0.99	2.69
swinub	-0.99	2.71
worried	-0.98	2.24
flash	-0.98	2.84
ferro	-0.98	2.40
initially	-0.98	2.58
spam	-0.98	2.07
31/31/31/x/31/31	-0.98	2.54
hesitant	-0.98	2.09
galvantula	-0.98	2.62
vulpix	-0.98	2.89
zubats	-0.98	2.65
errors	-0.98	2.16
turns	-0.98	1.92
hence	-0.97	1.72
larvesta	-0.97	2.83
connection	-0.97	2.21
meditite	-0.97	2.81
slowpoke	-0.97	2.79
darumaka	-0.96	2.66
espurrs	-0.96	2.62
sky	-0.96	2.53
switching	-0.96	2.02
timburr	-0.96	2.63
ended	-0.96	2.32
sun	-0.96	2.65
router	-0.96	2.12
pointless	-0.96	1.51
cure	-0.95	2.86
aftermath	-0.95	2.62
us	-0.95	1.77
listen	-0.95	1.74
junk	-0.95	1.73
manually	-0.95	2.03
wheel	-0.94	2.53
australia	-0.94	1.81
ran	-0.94	2.21
shelder	-0.94	2.83
possibility	-0.94	2.04
purely	-0.94	1.68
timburrs	-0.94	2.69
magnemite	-0.94	2.55
shell	-0.94	2.72
adaptability	-0.94	2.45
morning	-0.94	2.67
giga	-0.94	2.64
ghost	-0.94	1.93
pure	-0.94	2.78
tentacool	-0.93	2.75
natural	-0.93	2.84
wish	-0.93	2.35
yawn	-0.93	2.48
night	-0.93	2.72
knock	-0.93	2.53
detect	-0.93	2.36
pressure	-0.93	1.76
4x	-0.93	1.75
attached	-0.93	1.87
sick	-0.93	1.80
wishmkr	-0.93	2.14
off	-0.92	2.53
feebas	-0.92	2.67
cynda	-0.92	2.38
ingrain	-0.92	2.67
marril	-0.92	2.70
31/0/31/31/31/31	-0.92	1.33
armor	-0.92	2.56
sableyes	-0.91	2.57
burst	-0.91	2.65
report	-0.91	2.28
serious	-0.91	1.21
carvahna	-0.91	2.43
rarely	-0.91	1.94
tangela	-0.91	2.66
deino	-0.91	2.72
bergmite	-0.91	2.52
drill	-0.91	2.59
intended	-0.91	1.83
bold	-0.91	2.70
practically	-0.91	2.11
bidoof	-0.91	2.42
beam	-0.91	2.53
greedy	-0.90	2.10
31.31.31.xx.31.31	-0.90	2.57
forgotten	-0.90	2.42
sneasels	-0.90	2.61
phantumps	-0.90	2.60
snorunt	-0.90	2.78
invalid	-0.90	2.73
maractus	-0.90	2.63
freaking	-0.90	1.95
broken	-0.90	1.83
golett	-0.90	2.59
stoutland	-0.90	2.36
immediately	-0.90	2.79
splash	-0.90	2.53
deerling	-0.90	2.50
cold	-0.90	1.45
larvestas	-0.89	2.55
mareeps	-0.89	2.58
removed	-0.89	2.17
clearly	-0.89	2.51
creating	-0.89	1.74
problems	-0.89	2.31
beldum	-0.89	2.70
bell	-0.89	2.68
timid	-0.89	2.55
deinos	-0.89	2.55
waterfall	-0.89	1.98
snow	-0.89	2.41
carbink	-0.89	2.52
refrigerate	-0.88	2.49
picky	-0.88	1.89
feels	-0.88	2.12
bagons	-0.88	2.42
hit	-0.88	2.47
dx	-0.88	2.34
punch	-0.88	2.67
chlorophyll	-0.88	2.60
ferroseeds	-0.88	2.56
ribbon	-0.87	1.39
31/31/31/31/31/xx	-0.87	2.39
stantler	-0.87	2.98
climb	-0.87	2.54
mawiles	-0.87	2.54
totodile	-0.87	2.55
deleted	-0.87	2.46
fletchling	-0.87	2.50
whistle	-0.87	2.72
ooze	-0.87	2.46
solrock	-0.87	2.59
honedges	-0.87	2.57
tag	-0.87	2.25
offensive	-0.87	1.36
fletchlings	-0.87	2.52
repost	-0.87	2.30
automod	-0.87	2.27
never	-0.86	2.30
stance	-0.86	2.17
gastlys	-0.86	2.52
liquid	-0.86	2.45
chikorita	-0.86	2.50
snatch	-0.86	2.40
murkrow	-0.86	2.71
munna	-0.86	2.93
seemed	-0.86	2.34
walmart	-0.85	1.58
edge	-0.85	2.46
flail	-0.85	2.35
abra	-0.85	2.77
shot	-0.85	2.42
magikarps	-0.85	2.56
frillish	-0.85	2.68
karrablast	-0.85	2.69
pidgey	-0.85	2.97
gligars	-0.85	2.52
bravebird	-0.85	2.66
blast	-0.85	2.67
mienfoo	-0.84	2.63
larvitars	-0.84	2.51
hydration	-0.84	2.71
31.x.31.31.31.31	-0.84	2.39
abras	-0.84	2.52
w/egg	-0.84	2.55
turtwig	-0.84	2.52
froakies	-0.84	2.51
walrein	-0.84	2.63
bagon	-0.84	2.41
covet	-0.84	2.33
surprised	-0.84	2.25
due	-0.84	1.70
meinfoo	-0.84	2.59
heck	-0.84	2.11
belch	-0.84	2.57
oshawott	-0.84	2.42
brine	-0.83	2.50
keeps	-0.83	2.21
wise	-0.83	2.02
noibats	-0.83	2.51
inner	-0.83	2.52
counted	-0.83	1.92
lastly	-0.83	1.60
bb	-0.83	2.58
klutz	-0.83	2.88
hell	-0.83	2.08
glasses	-0.83	2.01
balloon	-0.83	1.98
eevees	-0.83	2.49
sash	-0.82	1.99
specs	-0.82	1.99
illuminate	-0.82	2.53
psybeam	-0.82	2.52
x4	-0.82	1.71
gallade	-0.82	2.46
choice	-0.82	1.99
double-edge	-0.82	2.58
rocks	-0.82	2.60
content	-0.82	1.53
shellder	-0.82	2.82
whirlwind	-0.82	2.61
error	-0.82	2.08
sawk	-0.82	2.46
swinubs	-0.81	2.54
stunky	-0.81	2.68
arons	-0.81	2.54
goggles	-0.81	1.98
strange	-0.81	2.00
safety	-0.81	1.98
klefki	-0.81	2.60
froakie	-0.81	2.50
roselias	-0.81	2.49
piplups	-0.81	2.48
expecting	-0.81	2.40
rotoms	-0.81	2.50
wings	-0.81	2.30
tepig	-0.81	2.41
kangaskhans	-0.81	2.55
vest	-0.81	1.97
scraggy	-0.81	2.62
drilbur	-0.81	2.53
fennekin	-0.81	2.48
communication	-0.81	2.10
buzz	-0.81	2.42
sandile	-0.80	2.57
scarf	-0.80	1.97
archipelago	-0.80	2.11
nobody	-0.80	1.75
dc	-0.80	2.17
meadow	-0.80	2.11
elegant	-0.80	2.11
tundra	-0.80	2.11
plains	-0.80	2.11
ring	-0.80	2.48
lens	-0.80	2.04
supposed	-0.80	3.01
sneasel	-0.79	2.86
venipede	-0.79	2.57
goomy	-0.79	2.56
misc	-0.79	2.06
ludicolo	-0.79	2.60
sandstorm	-0.79	2.14
forget	-0.79	2.57
focus	-0.79	2.23
gale	-0.79	2.29
monsoon	-0.79	2.14
impish	-0.79	2.56
plain	-0.79	1.70
posted	-0.79	2.51
diglett	-0.79	2.78
growlithes	-0.79	2.50
kick	-0.79	2.19
tedious	-0.79	1.77
mudkip	-0.79	2.51
ocean	-0.78	2.16
jungle	-0.78	2.14
continental	-0.78	2.14
rototiller	-0.78	2.66
regret	-0.78	1.93
chespin	-0.78	2.45
admit	-0.78	2.24
sewaddle	-0.78	2.45
gibles	-0.78	2.47
fissure	-0.78	2.52
slam	-0.78	2.64
patterns	-0.78	2.11
torrent	-0.78	2.48
scrappy	-0.78	2.67
charmanders	-0.77	2.49
orb	-0.77	1.92
king	-0.77	2.00
squirtles	-0.77	2.47
w/stealth	-0.77	2.56
everywhere	-0.77	1.85
setting	-0.77	1.74
key	-0.77	2.38
solar	-0.77	2.47
thunderbolt	-0.77	2.20
garden	-0.77	2.11
tauros	-0.77	2.48
slaking	-0.77	2.07
replied	-0.77	2.53
silver	-0.77	2.26
fury	-0.76	2.41
breaker	-0.76	2.43
button	-0.76	2.14
rattled	-0.76	2.55
slash	-0.76	2.62
extent	-0.76	1.87
pumpkaboo	-0.76	2.15
gf	-0.76	1.82
choosing	-0.76	1.55
dubious	-0.76	1.85
combat	-0.76	2.47
boost	-0.76	2.40
hippopotas	-0.76	2.37
river	-0.76	2.12
marine	-0.76	2.14
modern	-0.76	2.14
polar	-0.76	2.14
drifloon	-0.76	2.92
bigger	-0.76	1.56
close	-0.76	2.46
bc	-0.76	1.85
fake	-0.76	2.74
mold	-0.76	2.43
scope	-0.76	1.97
stopped	-0.76	2.21
turning	-0.76	2.13
psyduck	-0.76	2.77
pattern	-0.76	2.13
aipoms	-0.76	2.51
heatmor	-0.76	2.77
scratch	-0.75	2.36
hawlucha	-0.75	2.41
resort	-0.75	2.37
treeko	-0.75	2.46
baby	-0.75	1.50
wifi	-0.75	2.06
lilligant	-0.75	1.93
rain	-0.75	2.49
scatterbugs	-0.75	2.13
golurk	-0.75	2.42
corphish	-0.75	2.50
pass	-0.75	2.66
bite	-0.75	2.38
toss	-0.75	2.78
nidoran	-0.75	2.65
amaura	-0.75	2.40
clarifying	-0.75	2.76
seismic	-0.75	2.78
dam	-0.75	2.42
slight	-0.75	2.03
truant	-0.75	2.56
foresight	-0.75	2.42
blaze	-0.75	2.41
blade	-0.74	2.38
assault	-0.74	1.94
happiny	-0.74	2.65
riolus	-0.74	2.39
squirtle	-0.74	2.50
cloud	-0.74	2.64
without	-0.74	2.06
swords	-0.74	2.23
vacuum	-0.74	2.39
stealthrock	-0.74	2.51
skorupi	-0.74	2.59
litleo	-0.74	2.31
axew	-0.74	2.47
hiding	-0.74	1.98
guts	-0.74	2.47
sphere	-0.73	2.44
policy	-0.73	1.84
hotspot	-0.73	2.11
starly	-0.73	2.66
weakness	-0.73	1.84
charger	-0.73	2.00
tags	-0.73	2.20
treeckos	-0.73	2.42
fennekins	-0.73	2.40
tinted	-0.73	2.71
chandelure	-0.73	2.42
electric	-0.73	2.49
spark	-0.73	2.25
gravity	-0.73	2.64
growth	-0.73	2.45
amnesia	-0.73	2.49
ferrothorn	-0.73	2.39
life	-0.73	1.91
jump	-0.73	2.25
meowth	-0.73	3.02
volt	-0.72	2.34
curse	-0.72	2.54
gligar	-0.72	2.60
durant	-0.72	2.61
american	-0.72	1.82
flamethrower	-0.72	2.24
hjk	-0.72	2.35
cubchoo	-0.72	2.50
magician	-0.72	2.41
31/31/31/31/xx/31	-0.72	2.27
crunch	-0.72	2.42
band	-0.72	1.90
mudkips	-0.72	2.42
herb	-0.72	1.86
bunnelby	-0.72	2.43
dish	-0.72	2.47
amab	-0.72	1.69
desperate	-0.72	2.11
furfrou	-0.72	2.23
frustrating	-0.72	1.83
blitzle	-0.72	2.42
crash	-0.71	2.50
cloth	-0.71	1.64
treecko	-0.71	2.48
reaper	-0.71	1.64
surf	-0.71	1.94
up-grade	-0.71	1.82
tricky	-0.71	1.71
swirlix	-0.71	2.35
vanillite	-0.71	2.43
gible	-0.71	2.53
x1	-0.71	2.10
uppercut	-0.71	2.40
skitty	-0.70	2.87
skarm	-0.70	2.54
whipped	-0.70	1.62
finneon	-0.70	2.90
maintenance	-0.70	1.83
protean	-0.70	2.48
end	-0.70	2.26
goomys	-0.70	2.44
started	-0.70	2.43
copies	-0.70	1.85
bullet	-0.70	2.39
dieno	-0.70	2.57
metal	-0.70	2.16
joking	-0.70	2.40
prankster	-0.70	2.40
leer	-0.69	2.43
guessed	-0.69	2.58
eggmove	-0.69	2.29
muddy	-0.69	2.49
mach	-0.69	2.46
spend	-0.69	2.09
cc	-0.69	2.35
bear	-0.69	1.98
steadfast	-0.69	2.32
trevenant	-0.69	2.37
australian	-0.69	1.88
marills	-0.69	2.40
charmander	-0.69	2.44
calm/bold	-0.69	2.40
alakazam	-0.69	2.38
mantyke	-0.69	2.53
spike	-0.68	2.50
sucker	-0.68	2.67
were	-0.68	2.62
sb	-0.68	2.43
limber	-0.68	2.70
hard	-0.68	1.74
rise	-0.68	2.27
taunt	-0.68	2.27
overgrow	-0.68	2.46
kabuto	-0.68	2.25
feint	-0.68	2.42
lotad	-0.68	2.70
gun	-0.68	2.20
musharna	-0.67	2.42
declined	-0.67	2.43
endure	-0.67	2.40
joltik	-0.67	2.56
wireless	-0.67	1.98
bracer	-0.67	1.92
evee	-0.67	2.35
chimchars	-0.67	2.49
bulletproof	-0.67	2.36
cranidos	-0.67	2.31
54	-0.67	2.01
sachet	-0.67	1.59
entrainment	-0.67	2.51
aqua	-0.67	2.37
porygon-z	-0.67	2.35
doduo	-0.67	2.84
fire	-0.67	2.45
america	-0.67	1.75
skip	-0.67	2.24
scatterbug	-0.66	2.16
alomomola	-0.66	2.65
nn'able	-0.66	2.02
effect	-0.66	2.07
double	-0.66	2.41
european	-0.66	1.79
aero	-0.66	1.63
growlith	-0.66	2.62
bulbasaurs	-0.66	2.34
lanturn	-0.66	2.22
bulbasaur	-0.66	2.38
paid	-0.66	2.03
damp	-0.65	2.40
jet	-0.65	2.36
goodness	-0.65	2.05
pound	-0.65	2.61
premierball	-0.65	2.79
pancham	-0.65	2.37
whip	-0.65	2.35
f	-0.65	2.30
fletching	-0.65	2.25
claw	-0.65	2.19
glameow	-0.65	2.95
carry	-0.65	1.69
seed	-0.65	2.48
weight	-0.65	1.90
sword	-0.65	2.19
ducklett	-0.65	2.63
growl	-0.65	2.34
purrloin	-0.65	2.41
connect	-0.64	2.17
slow	-0.64	2.06
literally	-0.64	2.16
pokeball	-0.64	2.31
synthesis	-0.64	2.44
leech	-0.64	2.46
swiftswim	-0.64	2.42
crustle	-0.64	2.31
smoke	-0.64	2.08
tirtouga	-0.64	2.21
himself	-0.64	1.89
veil	-0.64	2.28
darn	-0.64	2.88
breath	-0.63	2.47
froslass	-0.63	2.35
nest	-0.63	2.51
casual	-0.63	2.00
clicking	-0.63	1.95
z	-0.63	2.14
bulb	-0.63	1.67
big	-0.63	1.98
pidove	-0.63	2.47
claws	-0.63	2.16
north	-0.63	1.71
pair	-0.63	2.32
tyrogue	-0.63	2.43
bash	-0.63	2.35
31/xx/31/31/31/31	-0.63	2.25
marill	-0.62	2.47
suckerpunch	-0.62	2.50
erm	-0.62	2.31
nor	-0.62	2.20
eevee	-0.62	2.20
high	-0.62	1.65
discharge	-0.62	2.41
stealth	-0.62	2.59
superpower	-0.62	2.32
mentioning	-0.62	2.47
fond	-0.62	2.08
feeling	-0.62	2.40
knockoff	-0.62	2.30
bright	-0.62	1.78
naughty	-0.62	1.51
unfair	-0.62	1.62
vivillon	-0.62	1.93
rush	-0.62	2.27
auto	-0.62	2.00
understood	-0.62	2.71
houndours	-0.61	2.56
vivillion	-0.61	1.94
zero	-0.61	2.72
unburden	-0.61	2.42
topic	-0.61	2.15
gg	-0.61	2.06
magnet	-0.61	2.29
psychic	-0.61	2.28
trapinch	-0.61	2.55
servers	-0.61	1.93
croagunk	-0.61	2.49
restarting	-0.61	1.84
grassy	-0.61	2.43
speedboost	-0.61	2.22
announced	-0.61	1.78
fre	-0.61	1.65
lie	-0.60	2.18
reason	-0.60	2.19
gigadrain	-0.60	2.37
electirizer	-0.60	1.65
moved	-0.60	1.77
stomp	-0.60	2.44
ds	-0.60	2.01
rofl	-0.60	2.47
digging	-0.60	2.02
anklet	-0.60	1.85
tomb	-0.60	2.34
spent	-0.60	2.06
volcarona	-0.60	2.17
formatting	-0.60	2.25
skarmory	-0.60	2.63
4/5iv	-0.60	2.23
swim	-0.60	2.43
dynamic	-0.60	2.47
storm	-0.60	2.39
swift	-0.59	2.43
spread|egg	-0.59	2.35
post	-0.59	2.56
maril	-0.59	2.35
energy	-0.59	2.20
aron	-0.59	2.55
aura	-0.59	2.31
replaced	-0.59	1.72
flying	-0.59	1.81
oblivious	-0.59	2.42
escavalier	-0.59	2.45
lileep	-0.59	2.27
entered	-0.59	2.42
pay	-0.59	2.10
lucario	-0.59	2.13
avalanche	-0.59	2.53
hassle	-0.59	1.98
failing	-0.59	1.68
farfetch	-0.58	2.75
voltorb	-0.58	2.47
feelings	-0.58	2.32
turn	-0.58	1.89
coz	-0.58	2.34
riolu	-0.58	2.41
metronome	-0.58	2.63
gamestp	-0.58	1.34
blissey	-0.58	2.59
helioptiles	-0.58	2.31
fat	-0.58	2.31
bellyjet	-0.58	2.31
cloak	-0.58	2.36
wi-fi	-0.58	1.93
leaf	-0.58	2.41
unown	-0.58	2.38
snivy	-0.58	2.24
petal	-0.58	2.37
sturdy	-0.57	2.60
referring	-0.57	2.23
dance	-0.57	2.26
carnivine	-0.57	2.60
sawsbuck	-0.57	2.47
rollout	-0.57	2.18
magnemites	-0.57	2.24
azumarill	-0.57	2.24
major	-0.57	1.81
bug	-0.57	2.32
tried	-0.57	2.16
damn	-0.57	2.60
automatically	-0.57	1.90
thick	-0.57	2.30
fur	-0.57	2.10
kricketot	-0.57	2.89
shroomish	-0.57	2.41
porygon2	-0.57	2.25
emolga	-0.57	2.47
saved	-0.56	2.10
taillow	-0.56	2.71
ppl	-0.56	2.03
rock	-0.56	2.57
shiftry	-0.56	2.40
adorable	-0.56	2.42
stunfisk	-0.56	2.50
tyrunts	-0.56	2.41
yesterday	-0.56	2.33
lv1	-0.56	1.74
skull	-0.56	2.34
iron	-0.56	2.37
binacle	-0.55	2.30
intimidate	-0.55	2.52
glare	-0.55	2.35
claydol	-0.55	2.49
pull	-0.55	2.23
ha	-0.55	2.53
cross	-0.55	2.35
espurr	-0.55	2.33
31/x/31/30/31/30	-0.55	2.25
sinnoh	-0.55	1.36
orbs	-0.55	1.79
sentret	-0.55	2.87
burmy	-0.55	2.81
31/31/xx/31/31/31	-0.55	2.14
scolipede	-0.55	2.24
messaged	-0.55	2.43
jolly	-0.55	2.32
adamant	-0.55	2.27
draco	-0.55	1.88
unaware	-0.55	2.39
aromatisse	-0.54	2.23
absorb	-0.54	2.49
vital	-0.54	2.37
volbeat	-0.54	2.35
careful	-0.54	2.39
lillipup	-0.54	2.32
struggle	-0.54	1.96
haxorus	-0.54	2.25
grumpig	-0.54	2.44
skamory	-0.54	2.52
ancient	-0.54	2.41
worry	-0.54	2.61
excadrill	-0.54	2.17
slowbro	-0.54	2.48
magmarizer	-0.54	1.61
downloaded	-0.54	1.95
circle	-0.54	2.54
gentle	-0.54	1.50
thankfully	-0.54	2.05
bought	-0.54	1.81
shard	-0.54	2.34
pinsir	-0.54	2.28
fell	-0.53	2.43
bands	-0.53	1.79
included	-0.53	2.34
anorith	-0.53	2.26
cacturne	-0.53	2.28
math	-0.53	1.66
outrage	-0.53	2.28
kid	-0.53	1.70
wooper	-0.53	2.60
slap	-0.53	2.33
dratinis	-0.53	2.23
hp	-0.53	2.19
disconnect	-0.53	2.24
banette	-0.53	2.43
punches	-0.53	2.50
cups	-0.53	2.02
noivern	-0.53	2.16
quirky	-0.53	1.29
headbutt	-0.53	2.20
skiddo	-0.53	2.22
tail	-0.53	2.31
protector	-0.53	1.68
everytime	-0.53	2.09
gluttony	-0.52	2.44
snorunts	-0.52	2.37
venusaur	-0.52	2.19
mark	-0.52	2.40
moxie	-0.52	2.27
cradily	-0.52	2.39
states	-0.52	2.04
slakoth	-0.52	2.70
swadloon	-0.52	2.29
freeze	-0.52	2.51
fletchinder	-0.52	2.09
ohh	-0.52	2.73
boomlax	-0.52	1.67
shellos	-0.52	1.98
camouflage	-0.52	2.40
girls	-0.52	1.74
upgrade	-0.52	1.71
situation	-0.52	2.06
gooey	-0.52	2.21
lord	-0.51	1.74
x/31/31/31/31/31	-0.51	1.99
pin	-0.51	2.26
mud	-0.51	2.45
capture	-0.51	1.44
moldbreaker	-0.51	2.26
electro	-0.51	2.30
bot	-0.51	2.01
freeze-dry	-0.51	2.50
gothita	-0.51	2.41
bulba	-0.51	2.23
aipom	-0.51	2.77
planning	-0.51	2.31
hoping	-0.50	2.83
sheer	-0.50	2.29
sand	-0.50	2.28
tyrouge	-0.50	2.32
editing	-0.50	2.12
horn	-0.50	2.18
em	-0.50	2.25
mass	-0.50	1.57
saves	-0.50	1.81
steep	-0.50	1.59
immunity	-0.50	2.38
defy	-0.50	1.92
stun	-0.50	2.20
lunatone	-0.50	2.25
tackle	-0.50	2.08
justified	-0.50	2.30
involved	-0.50	1.64
heal	-0.50	2.64
meditate	-0.50	2.45
tropius	-0.50	2.54
huge	-0.49	2.03
runs	-0.49	1.44
starmie	-0.49	2.27
specify	-0.49	2.65
shock	-0.49	2.28
field	-0.49	2.08
clauncher	-0.49	2.33
budew	-0.49	2.46
belly	-0.49	2.24
talonflame	-0.49	1.99
mismagius	-0.49	2.65
chimchar	-0.49	2.52
poliwag	-0.49	2.48
planned	-0.49	2.14
conkeldurr	-0.49	2.22
rotom-w	-0.49	1.47
pulse	-0.49	2.25
aurora	-0.49	2.49
replying	-0.49	2.40
emboar	-0.49	2.20
mincinno	-0.49	1.98
glalie	-0.49	2.37
hyper	-0.48	2.36
sniped	-0.48	2.11
zen	-0.48	2.12
counter	-0.48	2.68
hasty	-0.48	1.50
wailord	-0.48	2.30
ninja	-0.48	2.24
chop	-0.48	2.36
electrode	-0.48	2.23
slack	-0.48	2.18
assist	-0.48	2.28
exception	-0.48	1.46
changing	-0.48	1.68
dragon	-0.48	2.19
said	-0.48	2.41
girafarig	-0.48	2.69
eng	-0.48	1.40
patrat	-0.48	2.22
hammer	-0.48	2.50
called	-0.48	1.49
comfortable	-0.48	2.11
muk	-0.47	2.17
amoongus	-0.47	2.08
armaldo	-0.47	2.33
shieldon	-0.47	2.32
3ds	-0.47	1.86
medicham	-0.47	2.30
slurpuff	-0.47	2.17
follow	-0.47	1.66
target	-0.47	1.64
meteor	-0.47	1.86
spout	-0.47	2.41
charge	-0.47	1.99
bellydrum	-0.47	2.23
unova	-0.47	1.33
bomb	-0.46	2.45
incorrect	-0.46	2.73
weavile	-0.46	2.33
victreebel	-0.46	2.18
space	-0.46	1.93
magikarp	-0.46	2.66
disk	-0.46	1.65
device	-0.46	1.77
audino	-0.46	2.28
spending	-0.46	1.78
moonball	-0.46	2.98
arm	-0.46	2.50
cell	-0.46	1.67
torkoal	-0.46	2.65
whereas	-0.46	1.67
compound	-0.46	2.15
attacks	-0.46	1.33
flower	-0.45	2.00
skin	-0.45	2.20
reader	-0.45	2.17
bubble	-0.45	2.27
flygon	-0.45	2.38
whirlpool	-0.45	2.34
bothering	-0.45	2.27
fakeout	-0.45	2.56
rivalry	-0.45	2.31
larvitar	-0.45	2.68
mightyena	-0.45	2.15
tangrowth	-0.45	2.36
scrafty	-0.45	2.13
hitmontop	-0.45	2.13
31/31/31/xx/31/31	-0.45	2.13
steal	-0.45	1.85
machops	-0.45	2.22
world	-0.45	1.17
dry	-0.45	2.44
suction	-0.45	2.23
disc	-0.44	1.65
jynx	-0.44	2.46
ends	-0.44	2.00
autotomize	-0.44	2.26
dragondance	-0.44	2.12
asleep	-0.44	2.40
magmortar	-0.44	2.28
electrikes	-0.44	2.16
run	-0.44	1.93
natu	-0.44	2.72
stated	-0.44	2.43
hail	-0.44	1.62
omanyte	-0.44	2.13
capable	-0.44	1.31
xp	-0.44	2.59
fist	-0.44	2.52
hitting	-0.44	1.90
dusknoir	-0.43	2.20
comet	-0.43	2.31
inkay	-0.43	2.12
panpour	-0.43	2.31
holding	-0.43	1.55
flabebe	-0.43	1.92
poison	-0.43	2.27
rage	-0.43	2.11
interesed	-0.43	2.66
knot	-0.43	1.83
spheal	-0.43	2.55
compoundeyes	-0.43	2.05
milotic	-0.43	2.26
swellow	-0.43	2.30
against	-0.43	1.69
tied	-0.43	1.90
increase	-0.43	1.33
technician	-0.43	2.43
swarm	-0.43	2.50
dealing	-0.42	1.92
kong	-0.42	1.40
dang	-0.42	2.66
xx/31/31/31/31/31	-0.42	2.04
skrelp	-0.42	2.29
ita	-0.42	1.53
setup	-0.42	1.76
31.31.31.31.31.31	-0.42	2.17
mentioned	-0.42	2.47
donphan	-0.42	2.34
action	-0.42	1.84
speak	-0.41	1.70
land	-0.41	1.55
31.31.31.x.31.31	-0.41	2.10
helioptile	-0.41	2.35
tiny	-0.41	1.77
crawdaunt	-0.41	2.28
disconnected	-0.41	2.22
shuckle	-0.41	2.89
curl	-0.41	1.89
31/31/x/x/31/31	-0.41	2.09
toxicroak	-0.41	2.35
avalugg	-0.41	2.15
31/x/31/31/31/x	-0.41	2.08
lesser	-0.41	1.19
scythers	-0.41	2.47
w	-0.41	2.10
previous	-0.41	2.06
naive	-0.41	1.78
tyranitar	-0.41	1.81
smash	-0.41	2.44
trubbish	-0.40	2.37
came	-0.40	2.23
runaway	-0.40	2.45
chip	-0.40	2.26
computer	-0.40	1.82
play	-0.40	2.22
ohhh	-0.40	2.67
smart	-0.40	2.11
quickball	-0.40	2.61
difficult	-0.40	1.71
earth	-0.40	2.14
expired	-0.40	1.85
hong	-0.40	1.36
ddance	-0.39	2.10
gem	-0.39	1.63
totodiles	-0.39	2.29
pyroar	-0.39	2.10
impulse	-0.39	2.31
clamperl	-0.39	2.72
chesnaught	-0.39	2.10
attacking	-0.39	1.35
sry	-0.39	2.50
sacred	-0.39	1.96
terrain	-0.39	2.32
searched	-0.39	1.69
gogoat	-0.39	2.13
rattata	-0.39	2.75
released	-0.39	1.70
typhlosion	-0.39	2.24
purugly	-0.39	2.59
dwebble	-0.39	2.39
exploud	-0.39	2.14
mild	-0.39	1.40
low	-0.39	1.21
whiscash	-0.39	2.33
magby	-0.39	2.47
previously	-0.38	2.20
w/dragon	-0.38	2.09
spirit	-0.38	2.13
future	-0.38	2.63
sell	-0.38	1.89
hitmonchan	-0.38	2.22
dratini	-0.38	2.14
diff	-0.38	1.76
gave	-0.38	2.29
breloom	-0.38	2.11
samurott	-0.38	2.08
ice	-0.38	2.22
apologize	-0.38	2.39
head	-0.38	2.40
shed	-0.38	2.08
d-dance	-0.38	2.18
hands	-0.38	2.09
goodra	-0.38	2.07
abomasnow	-0.38	2.11
31/31/31/31/x/31	-0.38	1.97
dd	-0.38	2.09
roggenrola	-0.38	2.25
gigalith	-0.38	2.22
cost	-0.38	1.81
tempted	-0.37	1.99
scyther	-0.37	2.61
complicated	-0.37	1.72
belt	-0.37	1.69
eyes	-0.37	2.11
answered	-0.37	2.30
reconnecting	-0.37	2.23
beartic	-0.37	2.21
staraptor	-0.37	2.38
tyrantrum	-0.37	2.17
happening	-0.37	2.06
kricketune	-0.37	2.65
wailmer	-0.37	2.65
barbaracle	-0.37	2.09
enter	-0.37	2.05
non-ha	-0.37	2.19
deep	-0.37	1.68
warn	-0.37	1.98
31/x/x/31/31/31	-0.37	1.98
druddigon	-0.37	2.25
link	-0.37	2.35
date	-0.37	1.54
pink	-0.37	1.73
swampert	-0.36	2.14
east	-0.36	1.68
magnezone	-0.36	2.15
away	-0.36	2.29
showed	-0.36	2.11
delays	-0.36	2.21
endeavor	-0.36	2.43
tend	-0.36	1.99
grow	-0.36	1.76
late	-0.36	2.29
diggersby	-0.36	2.13
heracross	-0.36	2.34
distracted	-0.36	2.11
mawile	-0.36	2.70
drum	-0.36	2.26
incase	-0.36	2.21
aegislash	-0.36	1.73
malamar	-0.36	2.12
phone	-0.36	1.92
grimer	-0.36	2.35
pineco	-0.36	2.62
bummer	-0.36	2.80
slugma	-0.36	2.38
cacnea	-0.36	2.44
chart	-0.36	2.25
surskit	-0.36	2.21
extremespeed	-0.35	2.07
shinies/events	-0.35	2.06
wonder	-0.35	2.04
feraligatr	-0.35	2.34
petilil	-0.35	2.20
dawn	-0.35	1.64
afaik	-0.35	1.63
system	-0.35	1.76
krookodile	-0.35	2.12
generations	-0.35	1.99
nine	-0.35	2.20
mix	-0.35	1.96
omastar	-0.35	2.12
rod	-0.35	2.15
summary	-0.35	1.72
lavitar	-0.35	2.69
nincada	-0.35	2.64
31/31/x/31/31/31	-0.35	2.01
expert	-0.35	1.67
tough	-0.35	1.71
bonsly	-0.35	2.57
response	-0.34	2.35
text	-0.34	2.09
swoobat	-0.34	2.10
infected	-0.34	2.01
gourgeist	-0.34	1.92
putting	-0.34	1.97
mamoswine	-0.34	1.75
bulbas	-0.34	1.88
metagross	-0.34	2.09
thunderpunch	-0.34	2.54
lightning	-0.34	2.14
doublade	-0.34	2.06
motor	-0.34	2.04
initial	-0.34	2.19
numel	-0.34	2.69
tentacruel	-0.34	2.11
electivire	-0.34	2.13
quick	-0.34	2.14
eerie	-0.34	2.28
purpose	-0.34	2.07
firepunch	-0.34	2.52
goldeen	-0.34	2.61
linked	-0.33	2.24
console	-0.33	1.66
adamant/jolly	-0.33	2.01
before	-0.33	2.26
became	-0.33	1.72
changed	-0.33	2.09
spoink	-0.33	2.51
ribbons	-0.33	1.49
scald	-0.33	1.82
probopass	-0.33	2.15
healball	-0.33	2.55
regions	-0.33	1.71
johto	-0.33	1.35
gliscor	-0.33	2.00
shedinja	-0.33	2.11
aus	-0.33	1.66
poliwags	-0.33	2.19
aquajet	-0.33	2.08
weezing	-0.33	2.19
elekid	-0.33	2.43
barboach	-0.33	2.61
original	-0.33	2.23
sharpedo	-0.33	2.15
huntail	-0.33	2.33
party	-0.33	1.95
pichus	-0.33	1.95
honchkrow	-0.32	2.46
ryhorn	-0.32	2.79
ttar	-0.32	1.44
torchic	-0.32	1.85
sniper	-0.32	2.34
lickilicky	-0.32	2.25
transferred	-0.32	1.99
thunder	-0.32	2.45
heliolisk	-0.32	2.14
poochyena	-0.32	2.75
wynaut	-0.32	2.31
table	-0.32	2.30
attach	-0.32	1.53
adament	-0.32	1.97
unused	-0.32	1.76
control	-0.32	1.52
jolly/adamant	-0.32	2.08
meganium	-0.32	2.14
price	-0.32	1.69
swamped	-0.31	1.90
31/even/30/31/31/31	-0.31	2.11
pangoro	-0.31	2.06
selling	-0.31	1.96
couldnt	-0.31	2.39
31/x/30/31/31/31	-0.31	2.10
kecleon	-0.31	2.27
picked	-0.31	2.02
holy	-0.31	2.03
mienshao	-0.31	2.25
kangaskhan	-0.31	2.65
voice	-0.31	1.98
kor	-0.31	1.43
prism	-0.31	1.54
notification	-0.31	2.47
kings	-0.31	1.63
marvel	-0.31	2.00
quagsire	-0.31	2.11
1x	-0.31	1.78
tyrunt	-0.31	2.38
rules	-0.31	2.00
lonely	-0.31	1.45
corner	-0.31	1.60
greninja	-0.30	1.90
banked	-0.30	1.95
arcanine	-0.30	2.18
extreme	-0.30	2.00
difficulty	-0.30	1.50
chansey	-0.30	3.07
serperior	-0.30	1.98
dedenne	-0.30	2.14
remoraid	-0.30	2.39
rng'ed	-0.30	1.53
last	-0.30	2.01
lose	-0.30	1.87
eu	-0.30	1.64
hypno	-0.30	2.29
x/31/31/31/31/x	-0.30	1.99
elektrike	-0.30	2.23
scizor	-0.30	1.74
scammed	-0.29	1.86
running	-0.29	1.71
moving	-0.29	1.78
stream	-0.29	1.74
xatu	-0.29	2.47
heard	-0.29	2.12
mode	-0.29	1.53
gorebyss	-0.29	2.32
<URL>	-0.29	1.46
<SPECIAL>	-0.29	1.46
begin	-0.29	2.50
gengar	-0.29	1.57
31/31/31/x/31/x	-0.29	1.99
restart	-0.29	1.82
sr	-0.29	1.94
characters	-0.29	1.53
hippowdon	-0.29	2.16
organized	-0.29	1.76
pickup	-0.29	2.38
qwilfish	-0.29	2.48
hydreigon	-0.29	1.94
exists	-0.29	1.37
growlithe	-0.29	2.70
jpn	-0.29	1.83
smoochum	-0.29	2.72
fraxure	-0.28	2.10
rash	-0.28	1.29
halloween	-0.28	1.46
camerupt	-0.28	2.17
simply	-0.28	1.85
compatible	-0.28	1.64
roselia	-0.28	2.37
err	-0.28	2.25
self-destruct	-0.28	2.15
uk	-0.28	1.66
substitute	-0.28	1.90
florges	-0.28	1.85
repeat	-0.28	2.10
solid	-0.28	1.19
sipper	-0.28	2.28
ironfist	-0.28	2.44
dragonite	-0.28	1.90
u-turn	-0.28	1.72
tech	-0.28	2.28
present	-0.28	1.69
barely	-0.27	1.78
absols	-0.27	2.28
sound	-0.27	2.29
crobat	-0.27	2.26
scale	-0.27	1.77
pal	-0.27	1.63
b2	-0.27	1.99
male	-0.27	1.86
ger	-0.27	1.50
crossed	-0.27	2.13
infernape	-0.27	2.11
swalot	-0.27	2.20
roll	-0.27	1.60
canada	-0.27	1.51
ariados	-0.27	2.33
eq	-0.27	1.70
manectric	-0.27	2.09
wishing	-0.27	1.33
water	-0.27	2.12
protect	-0.26	1.85
responded	-0.26	2.23
trying	-0.26	2.23
politoed	-0.26	2.15
part	-0.26	2.37
generation	-0.26	1.83
scam	-0.26	1.97
cannon	-0.26	1.83
delphox	-0.26	2.04
fangs	-0.26	2.36
exeggcute	-0.26	2.52
delay	-0.26	2.33
ninjask	-0.26	2.13
dusclops	-0.26	2.13
lax	-0.26	1.41
replay	-0.26	1.73
remember	-0.26	2.53
31/31/x/31/x/31	-0.26	1.88
throh	-0.26	2.15
x/31/31/31/x/31	-0.26	1.89
cherrim	-0.26	2.62
lickitung	-0.26	2.62
fang	-0.26	2.38
bellsprout	-0.26	2.61
commented	-0.26	2.39
gothitelle	-0.26	2.34
sceptile	-0.26	2.09
sap	-0.26	2.23
attackers	-0.25	1.35
decent	-0.25	1.81
lightningrod	-0.25	2.12
delete	-0.25	2.21
x3	-0.25	1.67
sunflora	-0.25	2.46
espeed	-0.25	1.99
lead	-0.25	1.52
healing	-0.25	2.45
son	-0.25	2.08
seviper	-0.25	2.24
damage	-0.24	1.43
fly	-0.24	1.97
boy	-0.24	1.70
horsea	-0.24	2.68
soz	-0.24	2.36
beforehand	-0.24	2.23
jaw	-0.24	2.31
politoad	-0.24	2.06
managed	-0.24	2.13
fenniken	-0.24	2.07
sludge	-0.24	1.65
meaning	-0.24	1.80
stone	-0.24	1.58
slide	-0.24	1.92
bringing	-0.24	1.86
physical	-0.24	1.34
shelmet	-0.24	2.34
digital	-0.24	1.68
convenient	-0.24	1.85
seen	-0.23	1.90
basculin	-0.23	2.12
zoroark	-0.23	1.73
caps	-0.23	1.88
seel	-0.23	2.54
dw	-0.23	1.39
x/x/31/31/31/31	-0.23	1.95
radar	-0.23	1.43
terribly	-0.23	2.11
bread	-0.23	1.98
nosepass	-0.23	2.22
krabby	-0.23	2.53
reliable	-0.23	1.60
3x	-0.23	1.67
multiscale	-0.22	1.87
characteristic	-0.22	1.40
trouble	-0.22	2.22
launcher	-0.22	2.07
31/xx/31/xx/31/31	-0.22	2.03
powder	-0.22	2.14
advise	-0.22	1.97
totadile	-0.22	1.82
strong	-0.22	2.31
forth	-0.22	1.86
responding	-0.22	2.32
fossil	-0.22	1.43
delayed	-0.22	2.28
earthquake	-0.22	1.78
withdraw	-0.22	1.95
48	-0.22	1.60
update	-0.22	2.22
paris	-0.22	1.47
mawhile	-0.22	2.62
luxio	-0.22	2.35
aegi	-0.21	1.45
e-speed	-0.21	1.94
slowking	-0.21	2.17
ninetails	-0.21	2.26
asked	-0.21	2.25
side	-0.21	1.81
marowak	-0.21	2.18
responses	-0.21	2.22
t-tar	-0.21	1.49
torterra	-0.21	2.49
electrike	-0.21	2.14
deleting	-0.21	1.87
counts	-0.21	1.50
timezone	-0.21	1.96
er	-0.21	2.07
mean	-0.21	2.33
flexible	-0.21	1.73
backup	-0.21	1.67
e4	-0.21	1.78
thrown	-0.21	1.83
houndoor	-0.21	3.14
answer	-0.21	2.24
2em	-0.21	2.30
raise	-0.21	1.48
spinarak	-0.21	2.57
dragalge	-0.21	2.07
tailow	-0.21	2.56
yanmega	-0.21	2.14
restarted	-0.21	1.56
popped	-0.21	2.03
main	-0.21	1.72
demo	-0.21	1.63
kiss	-0.21	2.37
copy	-0.20	1.66
drifblim	-0.20	2.07
europe	-0.20	1.56
makuhita	-0.20	2.42
hitmonlee	-0.20	2.08
31/x/31/x/31/31	-0.20	1.91
complain	-0.20	1.97
l	-0.20	2.09
e	-0.20	1.77
onix	-0.20	2.61
admant	-0.20	1.94
empoleon	-0.20	2.49
recall	-0.20	2.12
wcs	-0.20	1.46
combusken	-0.20	1.85
wingull	-0.20	2.14
hopes	-0.20	1.78
pcbc	-0.20	1.44
31/x/31/31/x/31	-0.20	1.92
megahorn	-0.20	2.15
mankey	-0.20	2.59
themselves	-0.20	1.64
mamo	-0.20	1.46
higher	-0.20	1.22
using	-0.20	1.73
static	-0.20	2.09
43	-0.19	1.71
picking	-0.19	1.88
drowzee	-0.19	2.39
31/31/31/x/x/31	-0.19	1.91
diancie	-0.19	1.58
fairy	-0.19	1.63
section	-0.19	2.12
involving	-0.19	1.89
front	-0.19	1.62
2x	-0.19	1.70
luxury	-0.19	2.17
fem	-0.19	1.98
combee	-0.19	2.44
sandshrew	-0.19	2.66
singapore	-0.19	1.42
met	-0.19	1.37
t.t	-0.19	1.93
drizzle	-0.19	1.59
premier	-0.19	2.16
kinda	-0.19	2.13
snorlax	-0.19	2.27
meowstic	-0.19	2.00
chinchou	-0.18	2.61
hot	-0.18	1.61
punishment	-0.18	2.49
brick	-0.18	1.53
31/even/31/30/31/30	-0.18	1.98
myself	-0.18	2.13
making	-0.18	2.01
dugtrio	-0.18	2.24
magicarp	-0.18	2.62
powersaves	-0.18	1.61
phanpy	-0.18	2.57
garchompite	-0.18	1.46
champion	-0.18	1.56
sorry	-0.18	2.37
victory	-0.17	1.21
beyond	-0.17	1.56
srry	-0.17	2.46
parts	-0.17	1.66
ive	-0.17	2.07
aromatherapy	-0.17	2.96
cheat	-0.17	1.77
sea	-0.17	1.52
unsure	-0.17	2.04
db	-0.17	2.50
pcbcs	-0.17	1.43
lotads	-0.17	2.02
traded	-0.17	2.08
blastoise	-0.17	1.97
fossils	-0.17	1.43
powersave	-0.17	1.59
helio	-0.17	2.11
club	-0.17	1.57
loss	-0.17	1.82
illumise	-0.17	2.26
counting	-0.16	1.71
gengarite	-0.16	1.45
reconnect	-0.16	2.29
poster	-0.16	2.06
luxray	-0.16	2.53
poliwrath	-0.16	2.11
absolite	-0.16	1.45
ensure	-0.16	1.76
persian	-0.16	2.37
timer	-0.16	2.02
releasing	-0.16	1.91
specially	-0.16	1.37
breaking	-0.16	1.35
manetric	-0.16	2.04
thief	-0.16	1.56
million	-0.16	1.68
happens	-0.16	2.59
region	-0.16	1.45
garchomp	-0.16	1.56
apart	-0.16	1.88
shield	-0.16	2.07
fish	-0.16	1.43
guide	-0.16	1.94
beautifly	-0.16	2.26
encounter	-0.15	1.25
kingler	-0.15	2.10
blaziken	-0.15	1.76
rhyperior	-0.15	1.99
tank	-0.15	1.32
rhyhorn	-0.15	2.39
heavily	-0.15	1.45
mantine	-0.15	2.56
seaking	-0.15	2.00
dropped	-0.15	1.93
dust	-0.15	2.10
magcargo	-0.15	2.15
lopunny	-0.15	2.53
none	-0.15	1.83
cartridges	-0.15	1.52
mawilite	-0.15	1.44
talked	-0.15	2.13
scizorite	-0.15	1.44
elite	-0.15	1.77
ampharosite	-0.15	1.44
adds	-0.15	1.39
recently	-0.15	1.99
pachirisu	-0.15	1.81
lucarionite	-0.15	1.45
diamond	-0.15	1.52
updated	-0.15	2.11
syther	-0.15	2.35
hoppip	-0.15	2.75
kingdra	-0.15	2.12
investment	-0.15	1.36
easy	-0.15	1.77
forretress	-0.15	2.27
safariball	-0.14	2.61
include	-0.14	2.20
kabutops	-0.14	1.76
venusaurite	-0.14	1.43
ninetales	-0.14	2.06
jap	-0.14	1.33
lux	-0.14	2.10
magical	-0.14	2.33
obvious	-0.14	1.59
dunsparce	-0.14	2.15
market	-0.14	1.78
accepted	-0.14	1.70
refer	-0.14	2.08
ledyba	-0.14	2.66
replies	-0.14	2.20
our	-0.13	1.92
corpish	-0.13	2.02
cartridge	-0.13	1.55
december	-0.13	1.60
12.5	-0.13	1.43
x2	-0.13	1.63
pumkaboo	-0.13	1.54
consuming	-0.13	1.72
dream	-0.13	3.07
ollehzard	-0.13	1.41
relicanth	-0.13	2.07
machop	-0.13	2.71
lilipup	-0.13	2.13
elemental	-0.13	2.20
pidgeot	-0.12	2.02
bulky	-0.12	1.36
male/female	-0.12	1.75
clawitzer	-0.12	2.02
sweeper	-0.12	1.36
x/31/31/x/31/31	-0.12	1.84
corsola	-0.12	2.30
oo	-0.12	1.69
cherubi	-0.12	3.14
gib	-0.12	1.98
gyarados	-0.12	1.98
timing	-0.12	2.28
vivillons	-0.12	1.53
golem	-0.12	1.92
times	-0.12	1.94
explain	-0.12	2.18
unable	-0.12	2.17
luvdisc	-0.12	2.01
chimecho	-0.12	2.51
cap	-0.12	1.26
o_o	-0.12	2.03
afford	-0.11	2.07
iirc	-0.11	1.77
gothorita	-0.11	1.78
wiki	-0.11	1.97
dive	-0.11	2.22
fyi	-0.11	1.88
appear	-0.11	1.70
connected	-0.11	2.23
wcsk	-0.11	1.38
gotten	-0.11	1.94
kanga	-0.11	2.44
heavyball	-0.10	2.65
houndour	-0.10	3.15
lampent	-0.10	2.24
grinding	-0.10	1.86
point	-0.10	2.09
nicknamed	-0.10	2.08
ve	-0.10	2.08
dreamball	-0.10	2.70
profile	-0.10	2.11
yanma	-0.10	2.47
net	-0.10	1.97
straight	-0.10	1.91
kind	-0.10	2.10
changes	-0.10	1.76
noctowl	-0.10	2.15
weepinbell	-0.10	2.08
octillery	-0.10	2.03
venasaur	-0.10	1.90
aaron	-0.10	2.07
spearow	-0.10	2.63
ultra	-0.09	1.51
star	-0.09	1.39
gulpin	-0.09	2.05
cos	-0.09	2.09
shelgon	-0.09	2.08
sit	-0.09	1.71
updating	-0.09	1.97
machamp	-0.09	2.07
buizel	-0.09	2.63
tanabata	-0.09	1.40
coast	-0.09	1.50
4iv	-0.09	1.81
eviolite	-0.09	1.52
loudred	-0.09	2.05
ambipom	-0.09	2.48
often	-0.08	1.76
question	-0.08	2.15
floette	-0.08	1.85
green	-0.08	1.55
outspeed	-0.08	1.51
bother	-0.08	2.17
female	-0.08	1.65
gabite	-0.08	2.02
figured	-0.08	2.57
being	-0.08	1.88
lock	-0.08	1.45
ekans	-0.08	2.73
calling	-0.08	1.72
essentially	-0.07	1.56
altaria	-0.07	2.01
games	-0.07	1.58
hgss	-0.07	1.30
prior	-0.07	1.88
applies	-0.07	1.57
seem	-0.07	2.10
diveball	-0.07	2.49
sd	-0.07	1.51
milk	-0.07	1.74
prepared	-0.07	2.07
technically	-0.07	1.93
luxuryball	-0.07	2.42
passerby	-0.07	1.97
dpulse	-0.07	1.84
posts	-0.07	1.96
wasting	-0.07	2.32
expensive	-0.07	1.63
lack	-0.07	1.57
clay	-0.06	1.45
rapidash	-0.06	2.15
worlds	-0.06	1.29
nestball	-0.06	2.42
sleeping	-0.06	2.27
friendball	-0.06	2.66
vs	-0.06	1.50
abomasite	-0.06	1.39
sportball	-0.06	2.63
aggron	-0.06	2.05
blazikenite	-0.06	1.42
sense	-0.06	2.54
software	-0.06	1.60
shop	-0.06	1.38
salamence	-0.06	1.67
cart	-0.06	1.60
heracronite	-0.05	1.39
light	-0.05	1.46
zone	-0.05	1.84
manectite	-0.05	1.39
unavailable	-0.05	2.01
houndoominite	-0.05	1.39
sum2013	-0.05	1.10
redeemable	-0.05	1.50
tyranitarite	-0.05	1.39
scamming	-0.05	1.80
aggronite	-0.05	1.39
charizardite	-0.05	1.39
mewtonite	-0.05	1.39
mewtwonite	-0.05	1.39
imagine	-0.05	1.60
intend	-0.05	2.15
ex	-0.05	1.58
yourself	-0.05	2.08
italian	-0.05	1.45
large	-0.05	1.12
clefable	-0.05	2.39
went	-0.05	2.22
i'v	-0.05	2.02
sidebar	-0.05	1.92
talk	-0.04	1.86
becomes	-0.04	1.48
tsar	-0.04	1.70
primeape	-0.04	2.14
badass	-0.04	2.12
bronzong	-0.04	2.33
pachi	-0.04	1.40
teddiursa	-0.04	2.60
carts	-0.04	1.50
eg	-0.04	1.47
written	-0.04	1.92
32	-0.04	1.50
worthless	-0.04	1.34
liking	-0.04	1.58
ignoring	-0.04	2.05
pichu	-0.04	1.97
fingers	-0.04	1.88
venonat	-0.04	2.63
uhh	-0.04	2.17
puts	-0.04	1.42
acquire	-0.04	1.86
ar	-0.04	1.59
awh	-0.04	2.72
zigzagoon	-0.03	2.61
french	-0.03	1.49
ps	-0.03	1.66
forever	-0.03	1.72
vivi	-0.03	1.39
option	-0.03	1.90
lureball	-0.03	2.63
compensate	-0.03	2.00
area	-0.03	1.57
defensive	-0.03	1.27
brought	-0.03	1.87
purchase	-0.03	1.71
category	-0.03	1.80
pokegen	-0.03	1.59
money	-0.03	1.79
400	-0.03	1.58
viv	-0.03	1.40
maison	-0.03	1.64
ohko	-0.02	1.40
ummm	-0.02	2.02
inclined	-0.02	1.99
term	-0.02	1.56
kangaskan	-0.02	2.46
ursaring	-0.02	2.13
um	-0.02	2.44
aegis	-0.02	1.34
explained	-0.02	2.07
spinda	-0.02	2.18
owner	-0.02	1.81
coro	-0.02	1.27
pinsirite	-0.02	1.38
phione	-0.02	1.22
thundurus	-0.02	0.96
landorus	-0.01	0.96
busy	-0.01	1.74
hoothoot	-0.01	2.73
dr	-0.01	1.44
tickets	-0.01	1.54
suddenly	-0.01	1.75
corozard	-0.01	1.31
rng	-0.01	1.43
rocky	-0.01	1.49
native	-0.01	1.69
houndoomite	-0.01	1.38
save	-0.01	1.61
5v	-0.01	1.62
drink	-0.01	1.71
megastone	-0.01	1.40
sudowoodo	-0.01	2.63
55	-0.01	1.55
taiwan	-0.01	1.18
conversation	-0.01	1.86
white	-0.01	1.38
charizard	-0.01	1.31
cleffa	-0.00	2.70
dates	-0.00	1.42
format	-0.00	1.83
nidoqueen	-0.00	2.32
bw	-0.00	1.27
oras	-0.00	1.49
keep	-0.00	2.28
screen	-0.00	1.71
rare	-0.00	1.47
mamos	0.00	1.35
moveset	0.00	1.61
version	0.00	1.43
discount	0.00	1.50
levelball	0.00	2.61
parasect	0.00	2.39
obtainable	0.00	1.38
marrill	0.00	2.55
12,5	0.00	1.44
woke	0.01	2.30
inconvenience	0.01	2.35
o-o	0.01	1.76
vivillions	0.01	1.42
kirlia	0.01	2.12
buneary	0.01	3.08
buying	0.01	1.82
attempt	0.01	1.78
m17	0.01	1.34
red	0.01	1.34
lines	0.01	1.34
accounts	0.01	1.64
below	0.01	1.99
mechanics	0.01	1.49
floatzel	0.01	1.96
gengars	0.01	1.38
duskball	0.01	2.27
spanish	0.01	1.47
geodude	0.01	2.34
keeping	0.01	1.79
schedule	0.01	1.65
wigglytuff	0.02	2.35
letter	0.02	1.55
benefit	0.02	1.65
aurorus	0.02	1.93
played	0.02	1.55
58	0.02	1.45
alpha	0.02	1.49
ss	0.02	1.33
timid/modest	0.02	1.66
larger	0.02	1.23
4am	0.02	2.14
orange	0.02	1.37
charizards	0.02	1.29
offered	0.02	2.10
expire	0.02	1.46
diance	0.02	1.50
count	0.02	1.48
sandslash	0.02	1.96
y	0.02	1.34
ampharos	0.02	2.07
lucky	0.02	1.30
beldums	0.02	1.40
collecting	0.02	1.77
tretta	0.02	1.28
official	0.02	1.48
success	0.03	1.43
players	0.03	1.57
redeem	0.03	1.45
swanna	0.03	2.00
hera	0.03	1.42
3em	0.03	2.06
happened	0.03	2.01
hg	0.03	1.34
normally	0.03	1.69
amp	0.03	1.58
57	0.03	1.42
beside	0.03	1.61
codes	0.03	1.44
irl	0.03	1.89
trainers	0.03	1.59
entering	0.03	1.68
been	0.03	1.94
steelix	0.03	1.86
across	0.03	1.73
lol	0.03	2.60
deserve	0.03	1.87
jirachi	0.03	1.29
sooner	0.04	2.16
braixen	0.04	1.78
generated	0.04	1.48
steps	0.04	1.29
load	0.04	1.77
ruby	0.04	1.45
5iv	0.04	1.81
february	0.04	1.45
imposter	0.04	1.40
build	0.04	1.33
flashcart	0.04	1.59
seedot	0.04	2.49
quilladin	0.04	1.84
dragonair	0.04	1.66
53	0.04	1.59
buy	0.04	1.70
truth	0.04	1.93
cubone	0.04	2.57
ages	0.04	1.83
scroll	0.04	1.81
snoozy	0.04	1.96
wins	0.04	1.49
stamp	0.04	1.56
x	0.05	1.33
heracrossite	0.05	1.34
pokechecked	0.05	1.86
click	0.05	1.77
unredeemed	0.05	1.37
v.v	0.05	2.57
xx	0.05	1.69
manage	0.05	2.21
black	0.05	1.36
lately	0.05	1.90
premiere	0.05	1.92
korean	0.05	1.35
phanphy	0.05	2.37
char	0.05	1.33
german	0.05	1.42
lang	0.05	1.33
frogadier	0.05	1.91
machine	0.05	1.53
zards	0.05	1.30
zard	0.05	1.30
window	0.05	1.64
soul	0.05	1.40
pokeviv	0.05	1.34
fastball	0.05	2.68
pumpkaboos	0.05	1.39
geistowl	0.06	1.53
shards	0.06	1.35
exclusives	0.06	1.34
corocoro	0.06	1.28
found	0.06	1.91
source	0.06	1.62
modest/timid	0.06	1.63
ratio	0.06	1.45
together	0.06	1.77
helmet	0.06	1.46
involves	0.06	1.65
x/y	0.06	1.48
hk	0.06	1.33
fancy	0.06	1.41
data	0.06	1.59
west	0.06	1.29
colosseum	0.06	1.40
usa	0.06	1.51
decision	0.07	2.08
serve	0.07	1.86
giving	0.07	1.89
ehh	0.07	2.32
b1	0.07	1.78
houndoom	0.07	2.01
sliggoo	0.07	2.03
drapion	0.07	1.76
wurmple	0.07	2.55
reject	0.07	1.77
limited	0.07	1.16
pansage	0.07	2.06
gyrados	0.07	1.81
rarity	0.07	1.37
locked	0.07	2.19
ribboned	0.07	1.17
described	0.07	2.22
hacking	0.07	1.53
brace	0.07	1.38
jirachis	0.07	1.33
hilarious	0.07	1.93
4em	0.07	2.54
set	0.08	1.29
file	0.08	1.66
threw	0.08	1.62
wshmkr	0.08	1.35
kang	0.08	2.17
paras	0.08	2.64
megastones	0.08	1.34
olleh	0.08	1.18
w/o	0.08	1.27
told	0.08	1.94
virizion	0.08	0.90
dusk	0.08	1.72
venomoth	0.08	2.32
tradeable	0.08	1.33
thunderus	0.08	0.90
terrakion	0.08	0.90
cobalion	0.08	0.90
submission	0.08	1.41
sapphire	0.08	1.42
tornadus	0.08	0.90
pumpkins	0.09	1.35
burn	0.09	1.45
lower	0.09	1.11
31/30/31/30/31/30	0.09	1.73
kyurem	0.09	0.90
wishmaker	0.09	1.32
helping	0.09	2.10
bank	0.09	2.01
mega	0.09	1.45
remain	0.09	1.72
nowhere	0.09	1.68
soooo	0.09	1.78
settings	0.09	1.60
fbzards	0.09	1.31
useful	0.09	1.49
heatran	0.09	0.90
pinsirs	0.09	1.38
u/lenian	0.09	1.78
thus	0.09	1.63
hijack	0.09	2.15
rng'ing	0.09	1.38
50/50	0.09	1.37
english	0.09	1.43
equal	0.09	1.19
stones	0.09	1.35
heya	0.09	2.11
route	0.10	1.43
touch	0.10	1.89
ahaha	0.10	2.49
purple	0.10	1.35
inside	0.10	1.28
vivis	0.10	1.36
mesprit	0.10	0.90
platinum	0.10	1.37
harder	0.10	1.57
pikachus	0.10	1.26
diancies	0.10	1.41
w2	0.10	1.46
opponent	0.10	1.53
moon	0.10	3.05
charzardite	0.10	1.33
gen5	0.10	1.48
paste	0.10	1.81
wut	0.10	2.01
farmable	0.10	1.28
wanted	0.10	2.34
taizard	0.10	1.30
pearl	0.10	1.40
cresselia	0.10	0.91
talking	0.10	1.93
she	0.10	1.51
rom	0.10	1.47
slowly	0.10	1.84
hayley	0.10	1.29
azelf	0.11	0.91
uxie	0.11	0.91
balance	0.11	1.82
everstones	0.11	1.36
emerald	0.11	1.36
thoughts	0.11	1.88
agreed	0.11	2.04
short	0.11	1.17
rly	0.11	2.00
lv	0.11	1.24
claimed	0.11	1.95
linoone	0.11	1.69
differently	0.11	1.71
48bp	0.11	1.43
lati	0.11	1.23
regarding	0.11	1.82
dated	0.11	1.25
gens	0.11	1.62
informed	0.11	1.79
poliwhirl	0.11	1.81
exclusive	0.11	1.27
process	0.11	1.68
31/0/31/30/31/30	0.11	1.72
butterfree	0.11	2.05
4ems	0.11	2.36
under	0.11	1.69
state	0.11	1.59
jumpluff	0.12	2.04
sunkern	0.12	2.34
serial	0.12	1.45
live	0.12	1.31
usable	0.12	1.38
taken	0.12	1.98
resetting	0.12	1.61
fbzard	0.12	1.33
roserade	0.12	2.23
vi	0.12	1.64
latios	0.12	0.91
mamoswines	0.12	1.38
evolutionary	0.12	1.37
chicks	0.12	1.38
68	0.12	1.18
3am	0.13	2.14
celebi	0.13	1.35
regice	0.13	0.91
global	0.13	1.51
registeel	0.13	0.91
known	0.13	1.66
support	0.13	1.51
japanese	0.13	1.41
gen	0.13	1.60
rayquaza	0.13	0.91
2014	0.13	1.23
uhm	0.13	2.15
fancies	0.13	1.36
ranger	0.13	1.24
scent	0.13	1.91
vgc	0.13	1.39
heracrosses	0.13	1.35
knows	0.13	1.45
hkzard	0.13	1.31
fb	0.13	1.38
plasma	0.13	1.16
v	0.14	1.47
reply	0.14	2.32
1000	0.14	1.35
empty	0.14	1.82
zekrom	0.14	0.91
game	0.14	1.38
arbok	0.14	2.16
reshiram	0.14	0.91
4,3	0.14	1.56
gurdurr	0.14	1.74
evolves	0.14	1.47
latest	0.14	1.78
regirock	0.14	0.91
rough	0.14	2.00
ahh	0.14	2.59
2015	0.14	1.37
clock	0.14	1.48
team	0.14	1.49
poke	0.14	1.76
vivs	0.14	1.34
drive	0.14	1.64
palkia	0.14	0.91
separate	0.14	1.65
deals	0.14	1.80
pokevivs	0.14	1.34
truly	0.14	2.06
omega	0.15	1.38
early	0.15	2.06
cherish	0.15	1.31
transfered	0.15	1.66
ut	0.15	1.37
wife	0.15	1.46
children	0.15	1.42
hype	0.15	1.29
yellow	0.15	1.31
m14	0.15	1.10
2013	0.15	1.13
select	0.15	1.71
31/0/30/31/31/31	0.15	1.65
sprites	0.15	1.78
nidoking	0.15	1.99
sleep	0.15	2.07
distributions	0.15	1.40
bugs	0.16	1.34
document	0.16	1.78
yet	0.16	2.04
therefore	0.16	1.72
i.e	0.16	1.21
absol	0.16	2.15
result	0.16	1.55
winner	0.16	1.42
xy	0.16	1.30
attacker	0.16	1.38
56	0.16	1.39
gs	0.16	1.47
hook	0.16	2.03
pb	0.16	1.36
acceptable	0.16	1.40
black/white	0.16	1.27
random	0.16	1.81
mew	0.16	1.20
redeemed	0.16	1.33
bar	0.16	1.74
heracross/pinsir	0.16	1.34
liked	0.16	1.74
fishing	0.16	1.62
bps	0.16	1.41
unribboned	0.17	1.20
self	0.17	1.57
metang	0.17	1.79
munchlax	0.17	1.67
rid	0.17	1.97
cover	0.17	1.47
heartgold	0.17	1.31
gastrodon	0.17	1.53
in-life	0.17	1.41
gather	0.17	1.73
inbox	0.17	2.19
groudon	0.17	0.92
bp	0.17	1.43
nameable	0.17	1.71
soulsilver	0.17	1.33
release	0.17	1.55
offense	0.17	1.60
task	0.17	1.37
omg	0.17	1.96
chick	0.17	1.37
seems	0.17	1.94
docs	0.17	1.78
ratios	0.17	1.41
directly	0.17	1.73
respond	0.18	2.22
kyogre	0.18	0.92
cheap	0.18	1.47
giratina	0.18	0.92
purposes	0.18	1.65
bunneary	0.18	2.87
blue	0.18	1.32
illegal	0.18	1.45
52	0.18	1.39
he	0.18	1.65
equally	0.18	1.49
especially	0.18	1.69
requirements	0.18	1.92
mareep	0.18	2.93
lake	0.18	1.21
includes	0.18	1.91
31/30/30/31/31/31	0.18	1.61
program	0.18	1.38
clarify	0.18	2.29
gym	0.18	1.64
keybv	0.18	1.51
rngd	0.18	1.15
or/as	0.18	1.45
languages	0.18	1.48
latias	0.18	0.93
swablu	0.18	2.87
retail	0.18	1.43
gamezard	0.18	1.26
continue	0.18	1.87
event	0.19	1.31
mystery	0.19	1.54
hanging	0.19	1.70
events	0.19	1.49
unlikely	0.19	1.70
prices	0.19	1.42
distributed	0.19	1.37
train	0.19	1.65
pkmn	0.19	1.33
corozards	0.19	1.30
70	0.19	1.19
somewhere	0.19	1.75
up	0.19	2.29
lowest	0.19	1.02
wartortle	0.19	1.97
ban	0.19	1.77
deposit	0.19	1.77
clearing	0.19	2.40
lefties	0.19	1.44
x/31/x/31/31/31	0.19	1.56
opening	0.19	1.41
200	0.20	1.36
throwing	0.20	1.90
sred	0.20	1.30
language	0.20	1.40
31/31/x/31/31/x	0.20	1.58
pansear	0.20	1.86
mews	0.20	1.28
gamezards	0.20	1.28
pokechecks	0.20	1.71
local	0.20	1.37
facebook	0.20	1.37
string	0.20	1.76
concerned	0.20	1.84
answers	0.20	1.65
factor	0.20	1.47
rhydon	0.20	1.74
raichu	0.20	1.90
4-5iv	0.20	1.70
darkrais	0.20	1.26
items	0.20	1.33
31/31/31/31/31/30	0.20	1.73
mixed	0.20	1.38
vaporeon	0.20	1.53
hoenn	0.20	1.32
held	0.21	1.32
ho	0.21	0.94
tutored	0.21	1.27
6th	0.21	1.59
boldore	0.21	1.79
transfer	0.21	1.50
suggested	0.21	1.75
snubbull	0.21	2.93
considering	0.21	1.60
magmar/electabuzz	0.21	1.25
instacheck	0.21	1.53
transfers	0.21	1.63
n/a	0.21	1.67
whilst	0.21	1.62
ho-oh	0.21	0.93
bw2	0.21	1.20
lugia	0.21	0.93
weedle	0.21	2.23
affect	0.22	1.68
evolving	0.22	1.67
rarest	0.22	1.15
answering	0.22	2.18
requires	0.22	1.53
regigigas	0.22	0.89
imperfect	0.22	1.59
huh	0.22	2.18
updates	0.22	1.92
september	0.22	1.32
nowadays	0.22	1.65
500	0.22	1.37
36	0.22	1.43
gamestop	0.22	1.21
hang	0.23	2.24
fully	0.23	1.39
jigglypuff	0.23	2.84
saving	0.23	1.66
battle	0.23	1.56
51	0.23	1.34
igglybuff	0.23	2.88
explains	0.23	1.76
people	0.23	1.51
from	0.23	1.60
cuz	0.23	2.26
because	0.23	1.97
gen6	0.23	1.59
irrelevant	0.23	1.47
candy	0.23	1.25
dialga	0.23	0.96
access	0.23	1.82
gt	0.23	1.57
glaceon	0.24	1.68
building	0.24	1.65
always	0.24	2.33
wall	0.24	1.18
who	0.24	1.36
b/w	0.24	1.21
contacted	0.24	1.86
such	0.24	1.57
snubull	0.24	2.95
josh	0.24	2.06
sharing	0.24	1.64
irc	0.24	1.76
disclosure	0.24	1.89
valuable	0.24	1.37
scrap	0.24	1.41
75	0.24	1.18
emulator	0.24	1.38
filler	0.25	1.68
lumiose	0.25	1.34
kee	0.25	1.31
hg/ss	0.25	1.18
discussion	0.25	1.90
everstone	0.25	1.42
entirely	0.25	1.96
31	0.25	1.61
tokyo	0.25	1.13
sitting	0.25	1.68
germany	0.25	1.54
120	0.25	0.99
farming	0.25	1.47
capsules	0.25	1.27
farmed	0.25	1.31
obtained	0.25	1.58
havent	0.25	1.92
discussed	0.25	1.96
swapping	0.26	1.75
distribution	0.26	1.32
organize	0.26	1.88
plusle	0.26	2.15
ticket	0.26	1.44
50	0.26	1.12
college	0.26	1.59
deciding	0.26	1.64
mid	0.26	1.09
maranga	0.26	1.31
injected	0.26	1.49
reserving	0.26	2.01
trained	0.26	1.30
knowing	0.26	1.58
daily	0.26	1.80
successfully	0.26	1.94
ponyta	0.26	2.94
pre	0.27	1.54
transferring	0.27	1.55
untrained	0.27	1.72
seperate	0.27	1.66
cloning	0.27	1.49
advantage	0.27	1.40
partner	0.27	1.57
numbers	0.27	1.78
u/rodnazics	0.27	1.52
services	0.27	1.82
relearned	0.27	1.41
jude	0.27	1.42
strategy	0.27	1.52
1	0.27	1.51
regi	0.27	1.00
pacifico	0.27	1.20
august	0.27	1.32
upon	0.28	1.73
breeded	0.28	1.83
w/e	0.28	1.74
pika	0.28	1.18
trophy	0.28	1.61
evolve	0.28	1.62
somewhat	0.28	1.30
pls	0.28	2.20
menu	0.28	1.75
address	0.28	2.12
built	0.28	1.25
berry	0.28	1.30
store	0.28	1.39
true	0.28	2.38
ft	0.28	1.36
3:1	0.28	1.54
colour	0.28	1.20
given	0.28	1.62
frokie	0.28	1.63
board	0.28	1.57
lapras	0.29	2.88
clefairy	0.29	2.59
opportunity	0.29	1.92
6v	0.29	1.44
leftovers	0.29	1.31
actually	0.29	2.47
rebreed	0.29	2.08
amoonguss	0.29	1.84
charmeleon	0.29	1.89
tid/sid	0.29	1.37
liberty	0.29	1.14
uses	0.29	1.35
disagree	0.29	1.86
seadra	0.29	1.70
ahhh	0.29	2.55
nap	0.29	2.18
plan	0.30	1.84
lists	0.30	1.77
shinx	0.30	2.89
4,5	0.30	1.44
writing	0.30	2.13
horde	0.30	1.57
150	0.30	1.11
winter	0.30	1.38
spe	0.30	1.43
outbreakchu	0.30	1.14
max	0.30	1.23
threads	0.30	1.79
bottom	0.30	1.62
espeon	0.30	1.66
videos	0.30	1.27
site	0.30	1.38
berries	0.30	1.28
magmar	0.30	1.26
starter	0.30	1.30
es	0.30	1.76
ups	0.30	1.20
practice	0.30	1.25
november	0.30	1.33
terms	0.30	1.45
aware	0.30	1.93
training	0.30	1.61
hack	0.31	1.48
replace	0.31	1.71
2,4	0.31	1.44
pp	0.31	1.19
ultraball	0.31	1.95
articuno	0.31	1.19
somebody	0.31	1.57
mother	0.31	1.30
guessing	0.31	2.05
speed	0.31	1.42
permalink	0.31	1.82
legitimately	0.31	1.54
marked	0.31	1.82
keysav	0.31	1.44
regards	0.31	1.63
drawing	0.31	1.57
middle	0.31	1.88
shaymin	0.31	1.11
darkrai	0.31	1.08
thread	0.31	2.07
gift	0.31	1.75
score	0.31	1.49
past	0.31	1.60
clean	0.31	1.93
manaphy	0.32	1.10
defenses	0.32	1.23
recent	0.32	1.47
rnged	0.32	1.21
halfway	0.32	2.05
eon	0.32	1.48
spd	0.32	1.43
loveball	0.32	2.87
recommend	0.32	1.72
boxes	0.32	1.52
35	0.32	1.48
acquired	0.32	1.73
reasonable	0.32	1.42
spreadsheets	0.32	1.69
doe	0.32	1.83
child	0.32	1.41
1,5	0.32	1.43
torchics	0.32	1.34
comes	0.32	1.66
deoxys	0.32	1.08
96	0.32	1.23
q_q	0.32	1.90
road	0.32	1.23
scales	0.32	1.21
afk	0.33	2.14
easier	0.33	1.61
bout	0.33	2.25
cards	0.33	1.52
country	0.33	1.33
sake	0.33	1.50
promised	0.33	1.84
sets	0.33	1.34
person	0.33	1.55
league	0.33	1.43
mewtwo	0.33	1.11
ivysaur	0.33	1.97
collector	0.33	1.44
6iv	0.33	1.48
spot	0.33	1.59
starts	0.33	1.70
machoke	0.33	1.69
clarification	0.33	2.21
untouched	0.33	1.32
chomp	0.33	1.13
range	0.33	1.41
study	0.33	1.54
monster	0.33	1.41
private	0.33	1.82
celebis	0.33	1.35
kadabra	0.33	1.64
regis	0.33	0.98
wt	0.33	1.59
lined	0.33	1.74
64	0.34	1.22
oddish	0.34	2.83
enigma	0.34	1.28
gone	0.34	1.95
abuse	0.34	1.36
studying	0.34	1.57
pss	0.34	1.95
47	0.34	1.38
28	0.34	1.61
5,5	0.34	1.40
snag	0.34	1.91
3,6	0.34	1.39
points	0.34	1.35
anyone	0.34	1.54
recognize	0.34	1.55
spore	0.34	1.83
specified	0.34	2.34
pokerus	0.34	1.24
group	0.34	1.40
natured	0.35	1.64
reminding	0.35	2.24
sooo	0.35	2.13
messaging	0.35	1.82
fo	0.35	1.69
obtaining	0.35	1.45
60	0.35	1.17
cave	0.35	1.30
ev	0.35	1.24
links	0.35	1.66
252	0.35	1.31
smaller	0.35	1.31
style	0.35	1.01
start	0.35	2.43
lvl	0.35	1.24
downloading	0.35	1.45
respect	0.35	1.92
even	0.35	2.03
uni	0.35	1.72
redemptions	0.35	1.44
messages	0.36	1.99
family	0.36	1.73
da	0.36	1.90
n	0.36	1.57
abit	0.36	1.99
limit	0.36	1.36
wondercards	0.36	1.47
pairs	0.36	1.44
ah	0.36	2.52
win2011	0.36	1.08
300	0.36	1.43
respectively	0.36	1.31
foreign	0.36	1.35
direct	0.36	1.74
him	0.36	1.66
lady	0.37	1.31
jolteon	0.37	1.55
homework	0.37	1.61
create	0.37	1.70
haa	0.37	2.08
decide	0.37	2.11
analysis	0.37	1.55
girl	0.37	1.27
service	0.37	1.69
mods	0.37	1.51
car	0.37	1.51
pc	0.37	1.16
files	0.37	1.66
familiar	0.37	1.60
code	0.37	1.63
creation	0.37	1.11
agreement	0.37	1.86
everybody	0.37	1.46
groups	0.37	1.42
b01	0.37	1.46
rekt	0.37	1.75
wondertrade	0.37	1.47
battling	0.37	1.48
bulbapedia	0.38	1.52
keldeo	0.38	1.05
randomly	0.38	1.54
record	0.38	1.16
incense	0.38	1.23
phillip	0.38	1.39
sylveon	0.38	1.29
gts	0.38	1.53
someday	0.38	1.87
anybody	0.38	1.40
total	0.38	1.42
user	0.38	1.49
doc	0.38	1.70
delivery	0.38	1.36
doubt	0.38	1.97
pokebank	0.38	1.57
meloetta	0.38	1.05
woah	0.38	1.73
attempting	0.38	1.86
meh	0.38	2.14
evolved	0.38	1.44
mm'ing	0.38	1.69
october	0.38	1.27
track	0.38	1.62
someone	0.39	1.58
evolution	0.39	1.37
ahhhh	0.39	2.43
wild	0.39	1.21
google	0.39	1.62
heart	0.39	1.16
3,3	0.39	1.37
case	0.39	2.22
4,1	0.39	1.37
public	0.39	1.61
e.g	0.39	1.33
3,1	0.39	1.37
le	0.39	1.75
3,2	0.39	1.37
midnight	0.39	1.84
playing	0.39	1.37
5,6	0.39	1.37
4,2	0.39	1.37
row	0.39	1.34
2,3	0.39	1.36
folks	0.39	1.57
3iv	0.39	1.31
4th	0.39	1.26
status	0.39	1.54
prizes	0.39	1.29
5,2	0.40	1.36
beedrill	0.40	1.70
slower	0.40	1.51
abused	0.40	1.51
tiers	0.40	1.06
aww	0.40	2.51
skype	0.40	1.75
saying	0.40	1.69
soak	0.40	1.86
t	0.40	1.87
suicune	0.40	1.00
towards	0.40	1.46
ago	0.40	1.68
filled	0.40	1.67
claim	0.40	1.51
sdef	0.40	1.38
special	0.40	1.22
genesect	0.40	1.01
allows	0.40	1.52
wat	0.40	2.03
confirmation	0.40	1.71
become	0.40	1.51
suggestions	0.40	1.71
mm	0.41	1.52
easiest	0.41	1.87
2,2	0.41	1.36
reset	0.41	1.29
rnging	0.41	1.33
2,1	0.41	1.35
awake	0.41	2.07
graveler	0.41	1.60
5,1	0.41	1.35
haunter	0.41	1.51
1iv	0.41	1.31
full	0.41	1.82
3,4	0.41	1.35
3,5	0.41	1.35
scraps	0.41	1.29
2,5	0.41	1.35
1am	0.41	1.88
starting	0.41	1.87
2,6	0.41	1.35
collected	0.41	1.59
1,6	0.41	1.35
65	0.41	1.21
5,3	0.41	1.35
1,4	0.41	1.35
nearly	0.41	1.53
1,2	0.41	1.35
na	0.41	1.80
1,3	0.41	1.35
top	0.42	1.44
miltank	0.42	2.68
touched	0.42	1.20
ask	0.42	2.09
teams	0.42	1.46
2:1	0.42	1.53
playthrough	0.42	1.49
3ivs	0.42	0.95
entei	0.42	1.00
currently	0.42	2.16
used	0.42	1.52
view	0.42	1.58
impossible	0.42	1.44
chain	0.42	1.45
deadline	0.42	1.43
permission	0.43	1.60
information	0.43	1.83
26	0.43	1.50
dem	0.43	1.63
finals	0.43	1.56
competitively	0.43	1.41
isnt	0.43	1.97
pokecheck	0.43	1.50
meanwhile	0.43	2.36
gets	0.43	1.36
period	0.43	1.22
sr'ed	0.43	1.19
legally	0.43	1.36
into	0.43	1.33
history	0.43	1.62
zygarde	0.43	0.95
parent	0.43	1.51
caterpie	0.43	2.73
heartscales	0.43	1.30
ridiculously	0.43	1.33
valued	0.43	1.22
xiao	0.43	1.70
megas	0.43	1.27
plans	0.43	1.73
telling	0.44	1.67
arranged	0.44	1.89
difference	0.44	1.68
images	0.44	1.57
leftover	0.44	1.56
34	0.44	1.27
sports	0.44	2.74
flareon	0.44	1.53
location	0.44	1.35
itself	0.44	1.49
waited	0.44	1.80
moody	0.44	2.32
5th	0.44	1.47
farm	0.44	1.39
everyday	0.44	1.55
redeeming	0.44	1.43
gjones	0.44	1.47
38	0.44	1.32
heavy	0.44	2.73
tutors	0.44	1.13
ems	0.44	1.66
trio	0.44	1.12
nft	0.44	1.63
bag	0.44	1.35
zapdos	0.44	0.95
finishing	0.44	1.85
highly	0.44	1.50
opinion	0.44	1.72
fact	0.44	1.79
image	0.44	1.61
candies	0.45	1.14
january	0.45	1.21
starters	0.45	1.24
br	0.45	1.45
classes	0.45	1.62
followed	0.45	0.97
testing	0.45	1.48
ditto	0.45	1.31
box	0.45	1.45
streetpass	0.45	1.39
needs	0.45	1.18
sheet	0.45	1.70
batch	0.45	1.59
44	0.45	1.23
spa	0.45	1.31
popping	0.45	1.79
2iv	0.45	1.22
aiming	0.45	1.64
pending	0.45	1.73
bulk	0.45	1.34
island	0.46	1.11
card	0.46	1.44
easily	0.46	1.69
generally	0.46	1.39
hordes	0.46	1.47
allowed	0.46	1.59
forums	0.46	1.29
open	0.46	1.70
options	0.46	1.58
pops	0.46	1.72
moltres	0.46	0.97
break	0.46	1.51
chance	0.46	1.50
imo	0.46	1.66
over	0.46	1.47
42	0.47	1.38
nonshiny	0.47	1.22
fav	0.47	1.17
quicker	0.47	1.65
delibird	0.47	1.89
sr'ing	0.47	1.42
raikou	0.47	1.04
research	0.47	1.65
item	0.47	1.42
soo	0.47	2.02
spreadsheet	0.47	1.70
legality	0.47	1.47
actual	0.47	1.43
handle	0.47	1.49
default	0.47	1.54
taking	0.47	1.85
school	0.47	1.66
trades	0.47	1.61
capsule	0.48	1.30
created	0.48	1.82
100	0.48	1.23
leveled	0.48	1.19
fall	0.48	1.80
reporter	0.48	1.31
smogon	0.48	1.25
honest	0.48	2.00
common	0.48	1.30
agree	0.48	1.91
lf	0.48	1.27
minun	0.48	2.13
90	0.48	1.39
piece	0.48	1.53
learning	0.48	1.15
levelled	0.48	1.22
size	0.48	0.98
hold	0.48	1.88
curious	0.48	2.11
art	0.48	1.39
mobile	0.48	1.72
odds	0.48	1.29
super	0.49	1.54
questions	0.49	1.68
rngs	0.49	1.32
dig	0.49	1.73
expect	0.49	1.92
exp	0.49	1.34
single	0.49	1.32
usernames	0.49	1.53
upcoming	0.49	1.51
non-english	0.49	1.34
assure	0.49	1.62
kanto	0.49	1.31
background	0.49	1.18
2am	0.49	1.93
faster	0.49	1.60
line	0.49	1.40
checked	0.49	1.57
mod	0.49	1.43
6	0.49	1.49
taught	0.49	1.15
shiny	0.49	1.37
watch	0.49	1.51
test	0.49	1.31
older	0.49	1.24
sport	0.49	2.63
wouldnt	0.49	2.06
already	0.50	2.00
decline	0.50	2.02
gold	0.50	1.17
evo	0.50	1.36
allow	0.50	1.46
makes	0.50	1.78
symbol	0.50	1.45
floating	0.50	1.38
down	0.50	1.33
searching	0.50	1.47
strict	0.50	1.37
banned	0.50	1.47
wondercard	0.50	1.40
jeez	0.50	1.68
ou	0.50	1.27
frames	0.50	1.48
pkm	0.50	1.67
o.o	0.50	1.93
33	0.51	1.28
parents	0.51	1.30
won	0.51	1.40
cant	0.51	2.07
shows	0.51	1.26
general	0.51	1.41
46	0.51	1.38
nu	0.51	1.24
signed	0.51	1.56
joel	0.51	1.53
dunno	0.51	1.98
asking	0.51	1.86
masterballs	0.51	1.22
attack	0.51	1.33
related	0.52	1.49
reasons	0.52	1.59
guy	0.52	1.34
receiving	0.52	1.43
srd	0.52	1.21
evos	0.52	1.37
stage	0.52	1.21
he/she	0.52	1.47
win	0.52	1.45
korea	0.52	1.08
legends	0.52	1.34
trust	0.52	1.58
outside	0.52	1.33
excluding	0.52	1.30
girlfriend	0.52	1.46
offspring	0.52	1.31
frame	0.52	1.45
news	0.52	1.89
spec	0.52	1.29
doubles	0.52	1.28
naming	0.52	1.80
powerful	0.52	1.40
hacks	0.52	1.41
37	0.53	1.29
consider	0.53	1.95
dozen	0.53	1.68
sticky	0.53	1.56
orders	0.53	1.67
trustworthy	0.53	1.32
ca	0.53	1.94
salamance	0.53	1.22
method	0.53	1.53
compare	0.53	1.64
reserved	0.53	1.73
tutor	0.53	1.12
learned	0.53	1.21
why	0.53	2.00
19	0.53	1.46
25	0.53	1.35
surely	0.53	1.70
mming	0.53	1.53
account	0.53	1.59
alas	0.53	1.69
hes	0.53	1.76
four	0.54	1.56
29	0.54	1.42
wc	0.54	1.39
21	0.54	1.46
hps	0.54	1.41
exams	0.54	1.49
contests	0.54	1.09
16	0.54	1.42
daycare	0.54	1.18
masterball	0.54	1.38
wants	0.54	1.54
significantly	0.54	1.37
scene	0.54	1.29
rate	0.54	1.36
uncloned	0.54	1.32
reminder	0.54	1.43
electabuzz	0.54	1.18
mountain	0.54	1.63
paper	0.54	1.50
rarer	0.54	1.31
username	0.55	1.46
11pm	0.55	1.79
current	0.55	1.57
satk	0.55	1.24
staying	0.55	1.45
unknown	0.55	1.55
hm	0.55	1.99
base	0.55	0.97
stores	0.55	1.30
clue	0.55	1.78
spatk	0.55	1.28
ahah	0.55	2.36
masuda	0.55	1.43
bet	0.55	1.77
sring	0.55	1.40
relearn	0.55	1.35
between	0.56	1.55
expand	0.56	1.39
cheaper	0.56	1.41
tier	0.56	1.03
yveltal	0.56	1.18
fodder	0.56	1.51
exam	0.56	1.50
names	0.56	1.37
bring	0.56	1.72
spare	0.56	1.39
thru	0.56	1.38
uu	0.56	1.26
got	0.56	1.99
throw	0.57	1.65
similar	0.57	1.39
oblivia	0.57	1.03
13	0.57	1.44
negotiable	0.57	1.33
with	0.57	1.45
during	0.57	1.35
nobunaga	0.57	1.15
entire	0.57	1.49
crown	0.57	1.18
first	0.57	1.73
alamos	0.57	0.96
town	0.57	1.25
apply	0.57	1.35
spdef	0.57	1.27
cup	0.57	1.06
passing	0.57	1.25
personally	0.57	1.65
obtain	0.57	1.57
pid	0.57	1.29
spatt	0.57	1.27
tad	0.57	1.69
recieved	0.57	1.69
concern	0.57	1.83
legend	0.57	1.23
apricorn	0.58	1.07
cause	0.58	1.91
accepting	0.58	1.83
july	0.58	1.11
require	0.58	1.54
pic	0.58	1.45
evolutions	0.58	1.30
meeting	0.58	1.74
demand	0.58	1.09
pictures	0.58	1.40
showdown	0.58	1.23
breeding	0.58	1.63
ac	0.58	1.38
birds	0.58	1.14
clone	0.58	1.38
getting	0.58	1.85
lure	0.58	2.64
better	0.58	2.00
considered	0.58	1.50
lt	0.58	2.02
g	0.58	1.56
clones	0.58	1.40
arceus	0.58	1.04
1st	0.58	1.27
type	0.58	1.44
website	0.58	1.33
showing	0.59	1.33
def	0.59	1.26
atk	0.59	1.26
value	0.59	1.18
aha	0.59	2.37
explaining	0.59	1.97
goes	0.59	1.44
database	0.59	1.38
seeds	0.59	1.40
colors	0.59	1.34
movie	0.59	1.00
eggmoves	0.59	1.44
gain	0.59	1.28
nnable	0.59	1.51
18	0.59	1.43
meta	0.59	1.38
park	0.59	1.05
form	0.59	1.18
discuss	0.60	1.74
27	0.60	1.37
picture	0.60	1.42
dark	0.60	2.18
bundle	0.60	1.37
through	0.60	1.35
legal	0.60	1.41
photo	0.60	1.42
14	0.60	1.43
receive	0.60	1.64
look	0.60	1.69
magma	0.60	1.34
reddit	0.60	1.51
father	0.60	1.29
hesitate	0.60	1.98
neither	0.60	1.76
gives	0.60	1.17
negotiating	0.60	1.68
trader	0.60	1.30
vote	0.60	1.35
doing	0.60	1.79
nn	0.60	1.54
awhile	0.61	1.80
redemption	0.61	1.27
app	0.61	1.47
player	0.61	1.34
cleared	0.61	1.71
noted	0.61	1.69
23	0.61	1.39
cotton	0.61	2.32
sp.atk	0.61	1.26
22	0.61	1.39
breedject	0.61	1.37
theyre	0.61	1.72
city	0.61	1.08
detailed	0.61	1.59
presume	0.61	1.43
breeds	0.61	1.36
seeking	0.61	1.61
att	0.62	1.27
checks	0.62	1.58
viable	0.62	1.12
wake	0.62	2.00
house	0.62	1.60
round	0.62	1.45
gmt+1	0.62	1.72
quite	0.62	1.61
2012	0.62	1.06
hatched	0.62	1.54
slightly	0.62	1.56
little	0.62	1.74
japan	0.62	1.10
grabbing	0.62	2.09
pokecenter	0.62	1.06
forest	0.62	1.23
popular	0.62	1.22
boat	0.62	1.99
congratulations	0.62	1.63
whoever	0.62	1.43
3rd	0.62	1.32
5:1	0.62	1.38
wanting	0.62	1.86
pms	0.62	1.69
bit	0.62	1.74
4:30	0.62	1.74
hahah	0.63	2.35
filling	0.63	1.62
babies	0.63	1.21
notable	0.63	1.62
make	0.63	1.91
builds	0.63	1.31
2:2	0.63	1.62
bed	0.63	2.10
priority	0.63	1.19
leveling	0.63	1.25
legitimate	0.63	1.44
step	0.63	1.56
hear	0.63	2.29
level	0.63	1.15
visit	0.63	1.26
out	0.63	1.99
serebii	0.64	1.32
per	0.64	1.34
anyhow	0.64	2.26
tru	0.64	1.01
wobbuffet	0.64	1.15
atm	0.64	2.03
hmmmm	0.64	1.91
choices	0.64	1.33
17	0.64	1.39
change	0.64	1.47
chose	0.64	1.42
tab	0.64	1.60
typical	0.64	0.95
fan	0.64	1.30
reckon	0.64	1.71
fast	0.64	2.53
reward	0.65	1.56
hacked	0.65	1.39
usually	0.65	1.38
sp.att	0.65	1.26
search	0.65	1.45
collect	0.65	1.44
compared	0.65	1.21
suggestion	0.65	1.84
ways	0.65	1.36
typically	0.66	1.32
needing	0.66	1.50
laying	0.66	1.40
very	0.66	1.59
lend	0.66	1.47
learns	0.66	1.05
album	0.66	1.37
hah	0.66	2.32
regularly	0.66	1.60
aw	0.66	2.39
minimum	0.66	1.03
levels	0.66	1.10
evs	0.66	1.14
above	0.66	1.55
singles	0.66	1.40
pikachu	0.66	1.22
arent	0.66	1.71
sort	0.66	1.73
newer	0.66	1.25
utc	0.66	1.71
where	0.66	1.27
stand	0.66	1.68
24	0.66	1.37
1:2	0.66	1.34
forum	0.66	1.19
gmt	0.66	1.71
victini	0.66	1.00
mood	0.67	1.81
flairs	0.67	1.37
ofc	0.67	1.64
attendance	0.67	1.25
cloned	0.67	1.39
dogs	0.67	1.06
errands	0.67	1.91
usual	0.67	1.29
restaurant	0.67	1.60
took	0.67	1.66
rejects	0.67	1.33
inventory	0.67	1.55
legitimacy	0.67	1.41
7pm	0.67	1.71
projects	0.67	1.54
secret	0.67	1.07
ease	0.67	1.37
xerneas	0.67	1.15
eastern	0.67	1.64
origin	0.67	1.53
r/pokemonexchange	0.68	1.32
sp.def	0.68	1.21
stick	0.68	1.71
extremely	0.68	1.33
means	0.68	1.67
health	0.68	1.20
selection	0.68	1.00
checking	0.68	1.56
versions	0.68	1.30
years	0.68	1.29
june	0.68	1.08
combinations	0.68	1.48
op	0.68	1.71
posting	0.68	1.96
legit	0.68	1.44
mon	0.68	1.27
listing	0.68	1.65
effort	0.68	1.74
boyfriend	0.68	1.27
traders	0.69	1.30
completing	0.69	1.45
standard	0.69	1.29
gamefaqs	0.69	1.25
umbreon	0.69	1.09
xd	0.69	2.34
attk	0.69	1.30
basically	0.69	1.65
whether	0.69	1.68
doable	0.69	1.71
legendaries	0.69	1.37
proud	0.69	1.29
lansat	0.69	1.11
2pm	0.70	1.72
mail	0.70	1.78
finished	0.70	2.02
ubers	0.70	1.31
goal	0.70	1.45
upload	0.70	1.55
members	0.70	1.25
battles	0.70	1.44
youtube	0.70	1.35
attend	0.70	1.60
outta	0.70	1.81
spring	0.70	1.21
starf	0.70	1.11
supply	0.70	1.32
according	0.70	1.33
99	0.70	1.18
progress	0.71	1.45
sp	0.71	1.28
collection	0.71	1.41
lil	0.71	1.68
refuse	0.71	1.42
own	0.71	1.38
potentially	0.71	1.67
central	0.71	1.66
tempting	0.71	2.04
hatchers	0.71	1.48
hacked/cloned	0.71	1.31
proof	0.71	1.26
walk	0.71	1.60
lying	0.71	1.33
accurate	0.71	1.22
neoseeker	0.71	1.16
small	0.71	1.03
deez	0.71	1.54
soft	0.71	1.22
onto	0.72	1.49
personal	0.72	1.29
fresh	0.72	1.29
catching	0.72	1.23
near	0.72	1.06
gotcha	0.72	2.42
gmt+8	0.72	1.71
months	0.72	1.37
5	0.72	1.34
screenshot	0.72	1.29
relearner	0.72	1.18
suggest	0.72	1.35
subreddit	0.72	1.28
sp.a	0.72	1.30
oval	0.72	1.36
david	0.72	1.63
along	0.72	1.46
comments	0.73	1.91
custom	0.73	1.30
tradeback	0.73	1.40
sv	0.73	1.41
bye	0.73	2.22
imgur	0.73	1.56
users	0.73	1.25
spitback	0.73	1.47
completion	0.73	1.45
center	0.73	1.03
tabs	0.73	1.57
less	0.73	1.54
takes	0.73	1.63
bred	0.73	1.63
11	0.73	1.36
use	0.73	1.38
competition	0.73	1.08
6pm	0.73	1.68
experienced	0.74	1.29
hatcher	0.74	1.42
pacific	0.74	1.65
seeing	0.74	1.71
determined	0.74	1.47
submit	0.74	1.79
summer	0.74	1.29
opinions	0.74	1.41
magmars	0.74	1.19
4/5	0.74	1.31
combo	0.74	1.33
hahaha	0.74	2.34
fourth	0.74	1.28
missing	0.74	1.20
tries	0.74	1.32
thinking	0.75	1.56
negotiate	0.75	1.66
reach	0.75	1.79
ek	0.75	1.40
8pm	0.75	1.68
10pm	0.75	1.68
photos	0.75	1.19
sweeten	0.75	1.42
vacation	0.75	1.34
passed	0.75	1.32
sorted	0.75	1.72
5pm	0.75	1.68
needed	0.75	1.69
pics	0.75	1.41
living	0.75	1.47
proceed	0.75	1.74
chances	0.75	1.21
youve	0.76	1.89
12	0.76	1.32
9pm	0.76	1.68
requests	0.76	1.56
produce	0.76	1.35
hacks/clones	0.76	1.28
grabs	0.76	1.48
r/svexchange	0.76	1.37
far	0.76	2.01
dog	0.76	1.51
ball	0.76	2.28
non-kalos	0.76	1.50
column	0.76	1.54
equivalent	0.76	1.29
requested	0.76	2.01
9	0.77	1.32
tells	0.77	1.24
knowledge	0.77	1.21
working	0.77	1.78
eggs	0.77	1.41
place	0.77	1.22
offline	0.77	2.03
svex	0.77	1.44
speaking	0.77	0.85
3pm	0.77	1.66
hatching	0.77	1.42
theirs	0.77	1.40
explanation	0.77	1.64
normal	0.77	1.22
via	0.77	1.52
word	0.77	1.82
non-shiny	0.77	1.19
fill	0.77	1.47
r/pokemonplaza	0.77	1.27
sites	0.78	1.20
svexchange	0.78	1.38
defence	0.78	1.21
move	0.78	1.10
heartscale	0.78	0.99
sprite	0.78	1.34
bonus	0.78	1.14
alternatively	0.78	1.58
4:1	0.78	1.34
dittos	0.78	1.21
tv	0.78	1.35
woohoo	0.78	1.94
evidence	0.78	1.28
rates	0.78	1.34
hatches	0.78	1.39
tradebacks	0.78	1.44
80	0.78	0.98
kalos	0.78	1.38
p.s	0.78	1.61
battle-ready	0.78	1.25
hidden	0.79	1.54
shouldnt	0.79	1.72
unhatched	0.79	1.40
closest	0.79	1.62
complete	0.79	1.49
received	0.79	1.66
breedjects	0.79	1.29
esvs	0.79	1.40
legendary	0.79	1.27
optimal	0.79	1.84
national	0.79	1.45
parting	0.79	1.82
nickname-able	0.79	1.10
happen	0.80	1.88
backs	0.80	1.46
and/or	0.80	1.27
fussed	0.80	1.66
4pm	0.80	1.64
calculator	0.80	1.24
meet	0.80	1.71
shown	0.80	1.19
his	0.80	1.20
tsv	0.80	1.39
unique	0.80	1.23
idk	0.80	1.82
this	0.80	1.86
41	0.80	1.44
curiosity	0.80	1.65
defense	0.80	1.19
convince	0.80	1.61
cases	0.80	1.29
almost	0.80	1.46
prize	0.80	1.28
noon	0.80	1.61
fs	0.80	1.24
learn	0.80	1.04
2ivs	0.80	1.00
anywhere	0.80	1.40
cafe	0.81	1.56
sister	0.81	1.20
trusted	0.81	1.22
her	0.81	1.35
negative	0.81	1.59
additional	0.81	1.49
incredibly	0.81	1.20
payment	0.81	1.35
ideas	0.81	1.29
after	0.81	1.73
eventually	0.81	2.00
since	0.81	1.81
entry	0.81	1.42
stay	0.81	1.71
hows	0.81	1.68
1:1	0.82	1.37
requirement	0.82	1.80
tsvs	0.82	1.39
completed	0.82	1.64
settle	0.82	1.75
institute	0.82	1.14
video	0.82	1.08
finish	0.82	1.92
named	0.82	1.24
fairly	0.82	1.23
uploaded	0.82	1.47
m8	0.82	1.85
month	0.82	1.20
pages	0.82	1.66
whole	0.82	1.39
sub	0.82	1.21
number	0.82	1.15
subreddits	0.83	1.22
provided	0.83	1.51
3:2	0.83	1.49
est	0.83	1.62
pst	0.83	1.62
boss	0.83	1.54
pokedex	0.83	1.42
stands	0.83	1.56
dex	0.83	1.42
cst	0.83	1.60
reteach	0.83	1.25
based	0.83	1.31
an	0.83	1.71
caught	0.83	1.20
join	0.83	1.37
calculate	0.83	1.30
detail	0.83	1.60
tm	0.83	0.94
calvin	0.83	1.42
powers	0.83	1.31
places	0.84	1.14
active	0.84	1.32
third	0.84	1.30
sp.attack	0.84	1.30
specifications	0.84	1.68
hand	0.84	1.46
5-6iv	0.84	1.23
nicely	0.84	1.19
r/blackmarketpokemon	0.84	1.29
competetive	0.85	1.37
by	0.85	1.59
master	0.85	1.14
uh	0.85	2.06
30	0.85	1.34
brother	0.85	1.27
order	0.85	1.63
calc	0.85	1.23
itll	0.85	1.60
hatch	0.85	1.41
time	0.85	1.62
compensation	0.85	1.46
sufficient	0.85	1.21
color	0.85	1.17
required	0.85	1.63
7	0.85	1.27
matched	0.85	1.35
prefect	0.85	1.28
monday	0.86	1.47
lacking	0.86	1.21
4	0.86	1.33
batches	0.86	1.41
values	0.86	1.25
than	0.86	1.52
prove	0.86	1.28
extensive	0.86	0.85
entries	0.86	1.42
every	0.86	1.25
food	0.86	1.57
31/x/31/x/31/x	0.86	1.20
leafeon	0.86	1.27
r/breedingdittos	0.86	1.27
show	0.86	1.20
remaining	0.87	1.27
untill	0.87	1.81
serena	0.87	1.40
thursday	0.87	1.46
theres	0.87	1.46
balls	0.87	1.06
mom	0.87	1.40
example	0.87	1.32
find	0.88	1.57
5/6iv	0.88	1.22
proofs	0.88	1.37
guess	0.88	2.22
comp	0.88	1.26
combination	0.88	1.26
fit	0.88	1.64
flawless	0.88	1.20
whatnot	0.88	1.38
tourney	0.88	1.15
forms	0.88	0.94
project	0.88	1.38
each	0.89	1.27
whoa	0.89	1.73
anytime	0.89	1.62
worth	0.89	1.28
subs	0.89	1.19
tempo	0.89	1.96
trip	0.89	1.08
quest	0.89	1.45
weekends	0.89	1.44
amount	0.89	1.26
challenge	0.90	1.28
old	0.90	1.30
requesting	0.90	1.77
8	0.90	1.25
suffice	0.90	1.14
expected	0.90	1.59
pentagon	0.90	1.47
pop	0.90	1.90
esv	0.90	1.32
39	0.90	0.96
hat	0.90	1.21
provide	0.91	1.41
longer	0.91	1.64
4-5ivs	0.91	1.25
wednesday	0.91	1.46
strike	0.91	1.53
uncommon	0.91	1.13
varying	0.91	1.27
customs	0.91	1.29
giveaways	0.91	1.11
ooooh	0.91	2.16
semi-comps	0.91	1.26
class	0.91	1.69
basic	0.91	1.02
eating	0.91	1.90
golden	0.92	1.13
uploading	0.92	1.41
vary	0.92	1.34
r/casualpokemontrades	0.92	1.16
around	0.92	1.54
share	0.92	1.14
matches	0.92	1.32
email	0.92	1.60
lenian	0.92	1.40
quickly	0.92	1.95
e-mail	0.92	1.61
flair	0.92	1.36
latter	0.92	1.61
hunt	0.92	1.35
safaris	0.92	1.20
iv	0.93	1.35
slot	0.93	1.26
r/pokemongiveaway	0.93	1.15
males	0.93	1.30
week	0.93	1.34
remind	0.93	1.66
preferably	0.94	1.33
winning	0.94	1.10
listed	0.94	1.65
bf	0.94	1.11
friday	0.94	1.47
rather	0.94	1.56
females	0.94	1.17
matching	0.94	1.26
trophys	0.94	1.25
45	0.94	1.26
breeder	0.94	1.07
collateral	0.94	1.41
evening	0.95	1.51
10-12	0.95	1.24
oooh	0.95	2.01
prepare	0.95	1.73
nicknameable	0.95	1.39
lunch	0.95	1.78
driving	0.95	1.43
favourite	0.95	0.99
list	0.95	1.59
guys	0.96	1.28
handy	0.96	1.61
match	0.96	1.29
while	0.96	1.66
worked	0.96	1.80
semi-comp	0.96	1.27
spares	0.96	1.29
appropriate	0.96	1.79
likely	0.96	1.48
pretty	0.96	1.24
maxed	0.96	1.18
semi	0.96	1.23
8-9	0.96	1.27
lives	0.96	1.34
safari	0.96	2.04
seconds	0.97	1.48
plus	0.97	1.29
suppose	0.97	1.98
5/6	0.97	1.23
at	0.97	1.61
afternoon	0.97	1.49
passes	0.97	1.23
hunting	0.97	1.35
availability	0.97	1.17
determine	0.98	1.37
seven	0.98	1.28
1,1	0.98	1.20
gog	0.98	1.24
tournament	0.98	1.19
gunna	0.98	1.94
pokemontrades	0.98	1.29
hiya	0.99	1.53
shinnies	0.99	1.21
semi-competitive	0.99	1.25
saturday	0.99	1.47
extra	0.99	1.35
push	0.99	1.67
shinies	0.99	1.24
umm	0.99	2.00
bump	0.99	1.62
preferences	0.99	1.57
naturally	0.99	1.14
til	0.99	1.51
pm	0.99	1.67
primarily	0.99	1.08
n't	0.99	1.77
ideal	0.99	1.85
sorts	0.99	1.15
perf	1.00	1.30
comps	1.00	1.24
until	1.00	1.52
alternative	1.00	1.17
1/2	1.00	1.14
extras	1.00	1.34
stuffs	1.00	1.37
depending	1.00	1.29
finding	1.00	1.74
8-10	1.01	1.21
shines	1.01	1.23
kb	1.01	1.27
hearing	1.01	1.32
beautiful	1.01	1.54
teach	1.01	0.99
earliest	1.01	1.50
checker	1.01	1.03
necessarily	1.01	1.52
providing	1.01	1.34
inform	1.01	1.94
breeders	1.01	1.03
further	1.01	1.44
say	1.01	1.56
awaiting	1.01	1.72
gauge	1.01	1.41
among	1.01	1.14
confirm	1.02	1.61
position	1.02	1.36
40	1.02	1.17
proper	1.02	1.78
register	1.02	1.56
non	1.02	1.23
today	1.02	1.48
owe	1.02	1.39
phew	1.02	1.60
4-5	1.02	1.13
tomorrow	1.02	1.50
more	1.02	1.52
trophies	1.03	1.21
replacement	1.03	1.56
6ivs	1.03	1.22
till	1.03	1.51
throughout	1.03	1.28
doesnt	1.03	1.65
sunday	1.03	1.45
minus	1.03	1.20
they	1.03	1.51
2-4	1.03	1.19
confirming	1.03	1.57
weekend	1.04	1.38
available	1.04	1.67
or	1.04	1.52
contest	1.04	1.08
regular	1.04	1.25
competitives	1.04	1.22
stuff	1.04	1.35
results	1.04	1.28
yvetal	1.04	0.88
competitive	1.04	1.25
mmm	1.04	1.91
arrange	1.04	1.59
enough	1.04	1.80
guaranteed	1.04	1.58
perfect	1.04	1.68
trainer	1.04	1.33
including	1.04	1.49
breedables	1.05	1.26
sent	1.05	1.72
another	1.05	1.75
nicknaming	1.05	1.54
pmed	1.05	1.65
renamed	1.05	1.48
exciting	1.05	1.55
believe	1.05	1.80
credit	1.05	1.62
quantity	1.05	1.30
borrow	1.05	1.18
dinner	1.05	1.77
addition	1.05	1.42
catch	1.05	1.28
false	1.06	1.49
pref	1.06	1.22
tonight	1.06	1.57
dreamballs	1.06	1.05
bday	1.06	0.67
tips	1.06	1.80
mons	1.06	1.23
falls	1.06	1.47
2nd	1.06	0.93
verify	1.06	1.34
beast	1.06	1.25
4-6	1.06	1.18
ids	1.06	1.39
whatsoever	1.06	1.33
identical	1.06	1.37
promise	1.06	1.54
sparkles	1.06	1.32
call	1.07	1.59
stat	1.07	1.01
web	1.07	1.03
beneficial	1.07	1.49
gender	1.07	1.55
desired	1.07	1.92
different	1.07	1.72
intersted	1.07	1.58
individual	1.07	1.29
wondering	1.07	1.74
weeks	1.07	1.17
bankball	1.07	1.20
character	1.08	0.81
helpful	1.08	1.66
kinds	1.08	1.38
rename	1.08	1.51
contact	1.08	1.61
6-8	1.08	1.17
movesets	1.08	1.48
offering	1.08	1.56
2/3	1.08	1.16
most	1.08	1.25
3-4	1.09	1.17
perhaps	1.09	1.66
estimate	1.09	1.17
3-5	1.09	1.17
ots	1.09	1.46
shinys	1.09	1.23
tommorow	1.09	1.51
atleast	1.09	1.27
stash	1.09	0.77
roughly	1.09	1.30
eh	1.09	1.96
log	1.09	1.94
way	1.09	1.63
obviously	1.09	1.48
highest	1.09	0.96
3:3	1.10	1.57
perfects	1.10	1.24
details	1.10	1.61
applicable	1.10	1.83
watching	1.10	1.28
youd	1.10	1.63
covered	1.10	1.31
on-hand	1.10	1.27
certain	1.10	1.66
non-shinies	1.10	1.24
eat	1.10	1.72
aside	1.10	1.53
breedable	1.10	1.28
help	1.11	1.43
r	1.11	1.79
about	1.11	1.46
1.5	1.11	1.15
depend	1.11	1.36
although	1.11	1.73
alex	1.11	1.35
try	1.11	1.65
exchange	1.11	1.45
respective	1.11	1.60
2	1.11	1.19
trading	1.12	1.61
breed	1.12	1.68
avaliable	1.12	1.78
depends	1.12	1.36
ish	1.12	1.38
tbh	1.12	1.68
eeveelutions	1.12	0.67
hours	1.12	1.27
intrested	1.13	1.52
their	1.13	1.48
majority	1.13	1.12
etc	1.13	1.58
dad	1.13	1.26
figure	1.13	1.60
brb	1.13	1.61
hrs	1.13	1.29
dude	1.13	2.13
honestly	1.13	1.60
bankballs	1.13	1.19
catches	1.14	1.42
tuesday	1.14	1.35
imperfects	1.14	1.24
7-8	1.14	1.15
ideally	1.14	0.96
we	1.14	1.69
u/xiaoxiaoo	1.14	1.19
gim	1.14	1.60
approximately	1.14	1.30
wont	1.14	1.61
5-6	1.14	1.15
sometime	1.14	1.48
shininess	1.14	1.59
relevant	1.15	1.67
2-3	1.15	1.15
six	1.15	1.22
take	1.15	1.62
idea	1.15	1.68
20	1.15	1.18
fair	1.15	1.67
tmrw	1.15	1.48
headed	1.15	1.89
ot/tid	1.15	1.54
15	1.15	1.18
variety	1.15	1.03
once	1.15	2.00
accept	1.15	1.53
nature/ability	1.15	1.85
wo	1.15	1.64
4ivs	1.15	1.06
finally	1.15	1.75
afterwards	1.15	1.96
hmmm	1.15	1.84
anymore	1.16	1.63
r/friendsafari	1.16	1.10
sexy	1.16	1.66
home	1.16	1.52
giveaway	1.16	1.03
1-2	1.16	1.15
6-7	1.16	1.15
tmr	1.16	1.55
ooh	1.16	2.12
notes	1.16	1.30
whatcha	1.16	1.48
o	1.16	2.01
next	1.16	1.30
suitable	1.16	1.14
kiloude	1.16	0.91
work	1.16	1.58
abilities	1.17	1.67
egg	1.17	1.62
ot/id	1.17	1.56
within	1.17	1.32
how	1.17	1.54
favorites	1.17	1.05
haha	1.17	2.16
really	1.17	1.63
natures	1.17	1.72
spreads	1.17	1.75
10	1.17	1.14
suit	1.17	1.19
things	1.17	1.29
3/4	1.17	1.23
appealing	1.18	1.42
mainly	1.18	1.30
pokemon	1.18	1.22
member	1.18	1.07
understand	1.18	2.01
may	1.18	1.64
pokes	1.18	1.23
prolly	1.18	1.60
day	1.18	1.27
info	1.19	1.51
kalos-born	1.19	1.37
tops	1.19	1.31
three	1.19	1.44
fits	1.19	1.40
various	1.19	1.35
says	1.19	1.02
days	1.19	1.13
pokemons	1.19	1.23
long	1.19	1.49
genders	1.19	1.55
stock	1.19	1.39
approx	1.19	1.31
check	1.20	1.44
write	1.20	1.64
gon	1.20	1.81
mostly	1.20	1.25
one	1.20	1.80
certainly	1.20	1.61
see	1.20	1.84
exactly	1.20	1.61
2.5	1.21	1.12
matters	1.21	1.42
ta	1.21	1.71
loads	1.21	1.19
grab	1.21	1.64
heh	1.21	1.79
ones	1.21	1.37
wan	1.21	1.69
spread	1.22	1.77
appeal	1.22	1.43
least	1.22	1.06
exact	1.22	1.75
born	1.22	1.33
moves	1.22	1.63
follows	1.22	1.60
species	1.22	1.50
desirable	1.22	1.37
smeargle	1.22	1.70
able	1.22	1.67
5ivs	1.22	1.20
whatever	1.22	1.49
helps	1.23	1.53
jack	1.23	1.32
shower	1.23	1.66
pick	1.23	1.44
wow	1.23	1.73
impressive	1.23	1.49
series	1.23	1.04
nothing	1.24	1.49
3	1.24	1.21
else	1.24	1.39
definately	1.24	1.51
wait	1.24	1.68
suits	1.24	1.60
go	1.24	1.77
might	1.24	1.60
hurry	1.24	1.88
unfortunately	1.24	1.65
closer	1.25	0.97
queue	1.25	1.48
nidorans	1.25	1.61
adam	1.25	1.11
tons	1.25	1.18
looking	1.25	1.48
regardless	1.25	1.38
need	1.25	1.47
imma	1.26	1.80
ryan	1.26	1.30
think	1.26	1.72
important	1.26	1.44
15-20	1.26	1.12
friends	1.26	1.31
nick	1.26	1.28
absolutely	1.27	2.08
rn	1.27	1.91
them	1.27	1.66
archived	1.27	1.54
pming	1.27	1.53
ima	1.27	1.70
ash	1.28	1.12
get	1.28	1.66
stats	1.28	0.97
maybe	1.28	1.34
offers	1.28	1.26
except	1.28	1.14
prefered	1.28	1.34
nty	1.28	1.99
second	1.28	1.45
specific	1.28	1.76
name	1.28	1.19
real	1.28	1.71
ivs	1.29	1.58
half	1.29	1.13
idc	1.29	1.56
handful	1.29	1.17
come	1.29	1.69
karma	1.29	1.51
nature/iv	1.29	1.57
choose	1.29	1.30
heading	1.29	1.84
sam	1.30	1.21
multiples	1.30	1.24
rob	1.30	1.22
youll	1.30	1.59
five	1.30	1.13
my	1.30	1.49
afraid	1.30	1.61
yo	1.30	1.62
has	1.30	1.00
nature	1.30	1.73
others	1.30	1.33
particularly	1.30	1.43
otherwise	1.31	1.64
possibly	1.31	1.55
mhm	1.31	2.01
tomorow	1.31	1.58
willing	1.31	1.49
many	1.31	1.17
desire	1.31	0.84
chris	1.32	1.20
hehe	1.32	1.99
pokeballs	1.32	1.23
preferred	1.32	1.67
lots	1.32	1.19
but	1.32	1.67
several	1.32	1.17
probably	1.32	1.59
tid	1.33	1.32
min	1.33	1.33
10-15	1.33	1.13
dont	1.33	1.56
however	1.33	1.58
necessary	1.33	1.65
heres	1.33	1.58
couple	1.33	1.08
lot	1.33	1.44
aye	1.33	1.95
minutes	1.33	1.29
done	1.33	1.98
celebrate	1.34	1.52
lookin	1.34	1.57
20-30	1.34	1.15
following	1.34	1.32
specifics	1.34	1.42
friend	1.34	1.64
rest	1.34	1.36
some	1.34	1.17
something	1.34	1.55
specifically	1.34	1.40
nature/ivs	1.35	1.49
moment	1.35	1.66
there	1.35	1.42
smeargles	1.35	1.54
ten	1.35	1.12
later	1.35	1.56
mins	1.35	1.29
goodnight	1.36	1.87
assume	1.36	1.41
plz	1.36	1.73
logged	1.36	1.68
elsewhere	1.36	1.32
ofcourse	1.37	1.55
plenty	1.37	1.14
wich	1.37	1.25
sadly	1.37	1.58
want	1.37	1.51
happily	1.37	1.48
ability	1.37	1.51
besides	1.37	1.27
hopefully	1.37	1.63
notify	1.37	1.86
preferable	1.38	1.56
nicknamable	1.38	1.04
multiple	1.38	1.17
two	1.39	1.23
31s	1.39	0.83
james	1.39	1.13
so	1.39	1.67
avaible	1.39	1.71
only	1.39	1.38
andrew	1.39	1.19
other	1.40	1.30
thats	1.40	1.99
confirmed	1.40	1.08
void	1.40	1.43
free	1.40	1.56
5-10	1.40	1.17
not	1.40	1.57
hey	1.40	1.74
p	1.40	1.97
id	1.40	1.18
new	1.40	1.34
few	1.41	1.08
sketch	1.41	1.33
everyone	1.41	1.34
registered	1.41	1.46
these	1.41	1.27
unless	1.41	1.39
should	1.41	1.59
judge	1.42	0.86
does	1.42	1.39
interests	1.42	1.37
dropping	1.42	1.57
guarantee	1.42	1.55
propose	1.42	1.61
note	1.42	1.60
experience	1.42	1.03
fapp	1.43	1.53
soon	1.43	1.74
superior	1.43	0.86
patient	1.43	1.65
offer	1.44	1.48
give	1.44	1.43
same	1.44	1.58
ot	1.44	1.16
generous	1.44	1.58
comment	1.44	1.58
safe	1.44	1.18
grateful	1.44	1.78
indeed	1.44	1.73
going	1.44	1.75
deal	1.44	1.67
sign	1.44	1.47
preference	1.44	1.38
mii	1.44	1.07
okie	1.45	1.99
sex	1.45	1.38
hay	1.45	1.32
tho	1.45	1.78
whichever	1.45	1.27
please	1.45	1.59
care	1.46	1.36
community	1.46	0.98
matter	1.46	1.37
like	1.46	1.44
potential	1.46	0.85
average	1.46	0.82
interest	1.46	1.35
insist	1.46	1.49
anything	1.46	1.39
honesty	1.47	1.53
too	1.47	1.67
design	1.47	0.96
neat	1.47	1.49
nicknames	1.47	1.30
lies	1.48	0.81
overall	1.48	0.83
outstanding	1.48	0.81
in-game	1.48	1.39
am	1.48	1.66
left	1.48	1.32
birthday	1.49	1.20
also	1.49	1.53
friendly	1.49	1.17
v-create	1.49	1.29
relatively	1.49	0.77
return	1.49	1.42
ooo	1.49	1.55
thing	1.50	1.80
definitely	1.50	1.62
reserve	1.50	1.70
helped	1.51	1.25
both	1.51	1.54
input	1.51	1.17
dokie	1.51	1.85
particular	1.51	1.31
though	1.51	1.74
satisfied	1.51	1.50
could	1.51	1.49
possible	1.52	1.50
review	1.52	1.51
interesting	1.52	1.54
any	1.52	1.28
upvoting	1.52	1.51
on	1.52	1.51
favour	1.52	1.41
mines	1.52	1.50
hour	1.52	0.97
s	1.52	1.81
mind	1.54	1.48
will	1.54	1.65
interested	1.54	1.46
nickname	1.55	1.30
all	1.55	1.53
matt	1.55	1.07
those	1.55	1.32
references	1.55	1.47
bunch	1.56	1.07
looks	1.56	1.62
successful	1.56	1.16
friendcode	1.56	1.46
anyway	1.56	1.83
either	1.56	1.33
shall	1.56	1.63
back	1.57	1.69
page	1.57	1.45
hmm	1.57	1.59
yeah	1.57	1.91
which	1.57	1.33
would	1.57	1.40
naw	1.57	1.72
advance	1.58	1.48
here	1.58	1.43
congrats	1.58	1.30
positive	1.58	1.43
drop	1.58	1.45
mkay	1.58	1.68
hi	1.59	1.49
upvote	1.59	1.46
ye	1.59	1.74
prefer	1.59	1.27
are	1.59	1.37
sending	1.59	1.63
worthy	1.60	1.04
leave	1.60	1.44
ref	1.60	1.44
send	1.60	1.65
stopping	1.60	1.47
mine	1.60	1.45
commenting	1.60	1.45
surprise	1.61	1.40
anyways	1.61	1.79
leaving	1.62	1.43
asap	1.62	1.71
greatest	1.62	0.79
understandable	1.62	1.74
meantime	1.62	1.75
reference	1.62	1.43
as	1.62	1.59
il	1.62	1.61
message	1.63	1.72
feedback	1.63	1.42
ingame	1.63	1.27
well	1.64	1.81
year	1.64	1.27
sweat	1.65	1.61
fellow	1.65	1.08
assuming	1.65	1.49
luck	1.65	1.79
gladly	1.65	1.40
still	1.65	1.55
i'l	1.65	1.66
waiting	1.65	1.65
im	1.65	1.63
perfectly	1.66	1.57
favor	1.66	1.40
what	1.66	1.30
nah	1.66	1.70
tell	1.66	1.56
ad	1.66	1.63
just	1.67	1.73
tip	1.67	1.45
yessir	1.67	1.66
msg	1.67	1.66
lets	1.67	1.71
o.k	1.68	1.71
woo	1.68	1.44
c	1.68	1.70
man	1.69	1.65
job	1.69	1.07
goodluck	1.69	1.59
understanding	1.69	1.49
ton	1.70	1.09
season	1.70	1.17
course	1.70	1.70
favorite	1.70	0.54
minute	1.70	1.36
when	1.70	1.64
nope	1.70	1.60
u	1.70	1.56
grats	1.71	1.18
ll	1.71	1.64
know	1.72	1.62
worries	1.72	1.63
yea	1.72	1.73
right	1.72	1.63
uwu	1.72	1.48
then	1.72	1.66
biggie	1.72	1.65
shortly	1.72	1.64
cya	1.72	1.60
doke	1.73	1.67
fine	1.73	1.72
no	1.73	1.61
works	1.74	1.71
yours	1.74	1.51
request	1.74	1.62
sec	1.75	1.56
ahead	1.75	1.62
its	1.75	1.09
rdy	1.75	1.56
kindly	1.76	1.35
ping	1.76	1.61
logging	1.76	1.62
coolio	1.76	1.59
shoot	1.76	1.62
ill	1.76	1.61
sounds	1.76	1.69
let	1.76	1.62
sweet	1.76	1.58
okay	1.76	1.68
gl	1.77	1.56
invite	1.77	1.61
alot	1.77	1.27
yeh	1.77	1.64
shout	1.77	1.59
req	1.77	1.61
initiate	1.77	1.60
thnx	1.77	1.45
whenever	1.77	1.60
lmk	1.78	1.55
momentarily	1.78	1.62
ready	1.78	1.60
heads	1.78	1.57
problem	1.78	1.60
now	1.78	1.61
holiday	1.78	1.27
lem	1.78	1.61
jumping	1.78	1.62
online	1.79	1.61
okey	1.79	1.61
add	1.79	1.61
hop	1.79	1.61
advice	1.79	1.23
youre	1.79	1.55
alright	1.79	1.63
merry	1.79	1.27
ok	1.80	1.63
ya	1.80	1.62
yah	1.80	1.51
yes	1.80	1.58
sure	1.80	1.60
re	1.81	1.49
r/pokemontrades	1.81	0.95
hopping	1.81	1.60
adding	1.81	1.61
yup	1.81	1.62
kay	1.81	1.60
coming	1.81	1.60
yeap	1.81	1.54
prob	1.81	1.52
k	1.82	1.56
kk	1.82	1.59
yep	1.82	1.61
greatly	1.82	1.29
allright	1.82	1.59
hope	1.82	1.45
bud	1.82	1.43
alrighty	1.82	1.59
probs	1.83	1.45
hello	1.83	1.15
beans	1.83	1.58
aight	1.83	1.50
cool	1.83	1.60
christmas	1.83	1.24
cake	1.84	1.26
bro	1.84	1.33
excellent	1.85	1.57
nonetheless	1.85	1.26
yay	1.85	1.31
participating	1.86	1.05
aswell	1.86	1.48
everything	1.86	1.08
added	1.86	1.49
likewise	1.87	1.30
np	1.88	1.44
lovely	1.89	1.15
problemo	1.89	1.36
d	1.89	1.25
patience	1.90	1.25
n_n	1.90	1.30
again	1.90	1.34
heaps	1.90	1.23
ty	1.91	1.31
w/you	1.91	1.30
whats	1.91	1.25
letting	1.91	1.27
mate	1.92	1.26
appreciate	1.93	1.15
thx	1.94	1.21
tyvm	1.94	1.23
good	1.94	1.47
thankyou	1.95	1.28
buddy	1.96	1.19
holidays	1.96	1.18
consideration	1.97	1.20
brilliant	1.97	1.19
cheers	1.97	1.18
fun	1.97	1.20
thanks	1.98	1.19
appreciated	1.98	1.13
great	1.98	1.44
glad	2.01	1.17
ur	2.01	1.09
enjoy	2.02	1.10
ign	2.03	0.81
much	2.03	1.05
business	2.04	1.14
btw	2.04	1.12
fc	2.05	0.85
pleasure	2.08	1.03
thank	2.10	1.02
sir	2.11	0.99
your	2.12	0.80
welcome	2.18	0.99
wonderful	2.18	0.92
forward	2.37	0.16
