messy	-5.32	0.89
unreadable	-5.01	1.47
mess	-4.97	1.56
ugly	-4.90	1.08
nightmare	-4.85	1.28
everywhere	-4.79	1.41
spaghetti	-4.69	1.51
bothers	-4.62	1.03
buggy	-4.59	1.43
dirty	-4.48	1.30
broken	-4.42	1.79
unusable	-4.42	1.62
shitty	-4.41	1.55
leads	-4.34	1.67
stuck	-4.18	1.72
lead	-4.13	1.85
flawed	-4.00	1.83
etc	-3.93	1.67
passion	-3.92	2.11
pain	-3.90	1.76
virtually	-3.88	1.32
o	-3.85	2.59
crappy	-3.82	1.78
hacks	-3.79	1.73
bloated	-3.78	1.35
confusing	-3.77	1.71
horribly	-3.69	1.35
ceo	-3.69	2.13
insertion	-3.68	2.58
convoluted	-3.66	1.42
horror	-3.61	1.71
teacher	-3.61	2.48
log	-3.60	2.58
pile	-3.57	1.39
upper	-3.50	2.28
complexity	-3.49	2.28
insecure	-3.47	1.39
sadly	-3.45	1.87
hack	-3.43	1.90
ridiculous	-3.42	1.89
dealt	-3.42	2.29
constant	-3.40	2.51
federal	-3.39	2.32
legacy	-3.39	1.32
bound	-3.26	2.61
mostly	-3.26	2.08
sort	-3.25	2.54
frequent	-3.24	1.98
inefficient	-3.23	1.39
believed	-3.22	2.37
surface	-3.21	2.35
quicksort	-3.21	2.78
inconsistent	-3.21	1.72
abused	-3.20	2.09
badly	-3.17	1.87
crap	-3.14	1.81
slow	-3.12	1.71
php	-3.11	2.39
baked	-3.09	2.17
hacked	-3.07	1.26
bases	-3.05	1.38
everyday	-3.03	2.30
verbose	-2.99	1.49
unstable	-2.98	1.44
outdated	-2.97	1.46
algorithm	-2.97	2.80
n	-2.96	2.37
ideally	-2.87	2.32
codebase	-2.84	1.39
painful	-2.83	1.95
owns	-2.82	2.65
idiotic	-2.81	1.85
useless	-2.75	1.86
poor	-2.70	2.32
scenario	-2.69	2.72
suck	-2.68	1.92
tend	-2.67	2.34
disaster	-2.66	1.20
powers	-2.65	2.32
ancient	-2.64	1.22
piece	-2.64	1.48
sorts	-2.64	2.26
compares	-2.58	2.29
sorting	-2.57	2.28
bad	-2.56	2.31
debt	-2.55	1.18
belongs	-2.53	2.43
steve	-2.52	2.32
fundamentally	-2.49	2.64
prone	-2.46	1.48
e	-2.45	2.22
meanwhile	-2.45	2.00
giant	-2.44	1.44
sorted	-2.44	2.20
legit	-2.44	2.39
believes	-2.43	2.83
boilerplate	-2.42	1.23
k	-2.42	2.15
workaround	-2.41	1.31
misleading	-2.41	2.40
lookup	-2.39	2.22
h	-2.36	2.20
gay	-2.31	2.14
base	-2.30	1.32
l	-2.28	2.18
kills	-2.27	2.26
poorly	-2.26	1.60
cleaning	-2.25	1.35
inherently	-2.25	1.47
stupid	-2.25	1.85
docs	-2.24	2.36
insane	-2.24	2.12
assholes	-2.23	2.06
bullshit	-2.23	1.90
w	-2.21	2.17
g	-2.20	2.10
cumbersome	-2.17	1.60
ends	-2.16	1.55
frankly	-2.16	1.94
complain	-2.16	2.37
unnecessarily	-2.15	1.51
deserve	-2.15	2.13
choices	-2.14	2.28
warts	-2.12	1.38
dangerous	-2.12	1.90
maintenance	-2.11	1.14
awkward	-2.10	1.55
acceptable	-2.10	2.32
maintain	-2.10	1.52
defending	-2.07	2.30
obsolete	-2.07	1.42
r	-2.05	2.19
z	-2.04	2.19
wind	-2.02	1.77
constants	-2.02	1.17
list	-2.02	1.94
de	-2.01	2.12
dealing	-2.00	1.56
hipster	-1.99	2.02
linear	-1.99	2.16
linked	-1.98	2.02
q	-1.98	2.16
p	-1.98	2.04
advocate	-1.97	2.37
complicated	-1.97	1.71
codebases	-1.97	1.36
incompetent	-1.97	1.23
fucked	-1.97	1.91
due	-1.95	1.54
y	-1.95	2.04
lists	-1.94	1.94
j	-1.94	2.04
f	-1.93	2.03
fault	-1.93	1.81
utter	-1.91	1.39
absurd	-1.91	1.86
cruft	-1.91	1.32
causes	-1.90	1.67
bubble	-1.90	1.74
total	-1.88	1.33
everybody	-1.88	3.22
utterly	-1.86	1.55
u	-1.85	2.00
sick	-1.84	2.01
v	-1.84	2.02
bs	-1.84	1.23
restrictive	-1.83	1.35
bulk	-1.83	1.05
mass	-1.83	1.40
incompatible	-1.82	1.68
dislike	-1.81	2.60
caused	-1.81	1.60
x	-1.81	1.99
intentionally	-1.80	1.50
worthless	-1.80	1.57
search	-1.79	2.09
likes	-1.79	3.36
ending	-1.79	2.44
indexing	-1.77	1.84
bloat	-1.77	1.24
writes	-1.77	3.36
uses	-1.77	3.20
wear	-1.76	2.32
nonsense	-1.76	1.42
opposite	-1.75	3.59
passionate	-1.75	2.54
fans	-1.74	2.13
resort	-1.74	1.35
redundant	-1.74	1.46
variant	-1.74	1.20
incomplete	-1.73	1.80
insert	-1.73	1.89
sloppy	-1.72	2.30
causing	-1.72	1.62
break	-1.72	2.18
case	-1.71	3.50
truth	-1.70	2.46
bunch	-1.69	1.45
cares	-1.69	3.09
algorithms	-1.68	2.00
breaking	-1.68	1.88
suffer	-1.67	1.55
worse	-1.67	3.21
dev	-1.66	1.22
wants	-1.66	3.34
tl	-1.65	2.07
tedious	-1.65	1.62
searching	-1.64	2.17
b	-1.63	1.95
comparisons	-1.61	1.15
idiots	-1.61	1.50
1	-1.60	1.91
vector	-1.59	1.80
iterating	-1.59	1.83
irrelevant	-1.59	1.77
grows	-1.59	1.70
hurts	-1.57	2.27
old	-1.57	1.59
elements	-1.56	1.81
nearly	-1.55	1.81
decides	-1.55	3.22
90s	-1.54	1.82
retarded	-1.54	1.68
complex	-1.53	1.68
various	-1.52	1.53
potentially	-1.52	1.64
element	-1.52	1.80
lying	-1.52	3.34
annoying	-1.52	2.02
incorrectly	-1.51	3.40
rewritten	-1.51	1.91
val	-1.51	2.00
idiot	-1.50	1.40
sudden	-1.50	1.60
supporting	-1.50	1.45
stress	-1.49	1.23
excuse	-1.48	1.56
maintaining	-1.48	1.52
cognitive	-1.48	1.25
corporation	-1.48	1.21
cause	-1.47	1.91
searches	-1.47	2.04
gone	-1.45	2.24
referred	-1.45	1.51
hashing	-1.45	1.39
iterate	-1.43	1.76
unnecessary	-1.43	1.46
completely	-1.43	2.29
absolute	-1.43	2.22
dark	-1.42	1.39
essentially	-1.42	1.94
led	-1.42	1.34
breaks	-1.41	2.02
prototype	-1.40	1.43
2	-1.39	1.86
0	-1.39	1.88
amp	-1.39	1.89
starts	-1.39	1.91
owned	-1.38	1.21
deal	-1.37	2.97
issue	-1.37	2.77
politics	-1.36	1.40
sucked	-1.36	1.39
ball	-1.36	1.60
architect	-1.36	1.24
naming	-1.35	1.49
inevitable	-1.35	1.54
dr	-1.35	2.21
screwed	-1.35	2.88
loc	-1.34	1.49
unless	-1.34	4.44
prevents	-1.34	2.03
older	-1.34	1.56
merge	-1.33	1.74
era	-1.33	1.84
bitch	-1.33	1.54
no-one	-1.32	1.98
expense	-1.32	1.40
horse	-1.31	1.45
existing	-1.31	1.63
confuse	-1.31	1.74
meaningless	-1.31	1.51
plenty	-1.30	1.84
ordered	-1.30	1.70
clearly	-1.29	4.14
t	-1.29	1.85
through	-1.29	1.99
500	-1.27	1.55
lazy	-1.27	1.36
handful	-1.26	1.80
indirection	-1.26	1.47
care	-1.26	3.45
subjective	-1.26	2.08
avoided	-1.26	1.74
built	-1.25	1.88
designed	-1.25	2.28
sum	-1.24	1.50
compared	-1.24	1.43
readable	-1.24	1.87
nowhere	-1.23	1.65
crypto	-1.23	1.34
pointless	-1.23	1.60
nobody	-1.23	2.55
management	-1.22	1.22
disagree	-1.22	4.14
basically	-1.22	4.40
conflicts	-1.22	1.60
middle	-1.22	2.10
puts	-1.21	1.34
maintained	-1.21	1.59
tree	-1.21	1.63
lie	-1.21	3.11
habits	-1.21	1.90
overly	-1.20	1.71
expensive	-1.20	1.66
strawman	-1.20	2.15
partly	-1.20	1.64
compatibility	-1.20	1.68
limitations	-1.20	1.48
trait	-1.20	1.99
pm	-1.20	1.39
becomes	-1.20	1.73
iteration	-1.20	1.72
iterator	-1.19	1.70
encryption	-1.19	1.35
lt	-1.19	1.83
almost	-1.19	2.49
clueless	-1.19	1.45
var	-1.19	1.86
flat	-1.19	1.53
flaw	-1.19	1.92
including	-1.18	1.31
refactor	-1.18	1.55
avoid	-1.18	2.12
compatible	-1.18	1.59
ux	-1.17	1.51
deprecated	-1.17	1.51
issues	-1.17	1.76
reverse	-1.17	1.54
broke	-1.17	2.03
deleting	-1.17	1.72
around	-1.17	2.58
numerous	-1.16	1.87
relies	-1.16	1.28
fired	-1.16	1.62
tons	-1.16	1.74
risks	-1.16	1.45
overtime	-1.16	1.50
fastest	-1.16	3.25
failed	-1.15	2.07
overhead	-1.15	1.47
decision	-1.14	1.84
student	-1.13	1.64
deliberately	-1.13	1.78
fn	-1.13	1.96
department	-1.13	1.33
diff	-1.13	1.70
compensation	-1.13	1.38
backwards	-1.12	1.84
asshole	-1.12	1.43
prior	-1.12	1.67
else	-1.12	3.25
array	-1.12	1.71
often	-1.12	2.85
prevent	-1.12	2.00
circuit	-1.11	1.59
school	-1.11	1.66
auto	-1.11	1.78
professors	-1.11	1.67
abuse	-1.11	1.45
introduces	-1.10	1.56
items	-1.10	1.73
filled	-1.10	1.21
item	-1.09	1.75
typically	-1.09	2.13
most	-1.09	2.73
3	-1.09	1.92
full	-1.09	1.32
map	-1.07	1.68
design	-1.07	2.00
cost	-1.07	1.46
those	-1.07	2.04
suddenly	-1.07	1.76
many	-1.07	1.90
weak	-1.07	1.67
sink	-1.07	1.41
func	-1.07	1.83
ego	-1.07	1.34
impossible	-1.07	2.02
trees	-1.06	1.64
fire	-1.06	1.35
max	-1.06	1.51
fear	-1.06	1.59
manager	-1.06	1.39
calling	-1.05	1.58
implying	-1.05	3.64
documented	-1.05	1.68
rewrite	-1.05	1.83
end	-1.05	2.49
except	-1.05	3.31
def	-1.05	1.78
eliminate	-1.05	1.69
compose	-1.04	1.57
re	-1.04	4.56
blame	-1.04	1.86
introduce	-1.04	1.88
hash	-1.03	1.61
angularjs	-1.03	1.59
court	-1.03	1.68
stating	-1.02	4.12
adds	-1.02	1.60
hand	-1.01	2.77
extreme	-1.01	1.56
return	-1.01	1.91
failing	-1.01	1.85
average	-1.01	1.60
replace	-1.01	1.63
amount	-1.01	1.68
factor	-1.00	1.72
rails	-1.00	1.61
sets	-1.00	1.56
risk	-1.00	1.56
pressure	-1.00	1.46
heavy	-1.00	1.44
ideal	-1.00	3.21
resulting	-0.99	1.59
consuming	-0.99	1.59
balls	-0.99	1.60
simply	-0.99	4.87
modifications	-0.99	1.40
implemented	-0.99	2.07
node	-0.99	1.41
either	-0.99	4.93
performs	-0.98	1.55
turns	-0.98	2.02
premise	-0.98	2.86
pace	-0.98	1.50
literally	-0.98	3.14
hacking	-0.98	1.60
cobol	-0.97	1.49
et	-0.97	1.55
consequences	-0.97	1.62
unsafe	-0.97	1.48
understands	-0.97	2.63
severe	-0.97	1.56
professor	-0.96	1.64
amounts	-0.96	1.55
backend	-0.96	1.44
resume	-0.96	1.71
comparing	-0.96	1.32
against	-0.96	1.87
container	-0.96	1.62
la	-0.96	1.20
shipping	-0.96	1.66
brand	-0.95	1.46
person	-0.95	1.98
avoids	-0.95	1.70
costs	-0.95	1.43
blindly	-0.95	1.79
corner	-0.95	1.85
decisions	-0.95	2.01
pitfalls	-0.95	1.67
django	-0.95	1.61
protect	-0.95	1.60
server-side	-0.95	1.58
going	-0.95	4.86
dick	-0.94	1.53
fucking	-0.94	2.04
int	-0.94	1.82
said	-0.94	4.42
dozens	-0.94	1.94
used	-0.94	3.06
size	-0.94	1.59
mainly	-0.93	1.70
taught	-0.93	1.81
whereas	-0.93	1.64
being	-0.93	2.01
whoever	-0.93	1.82
implement	-0.93	2.29
shut	-0.93	1.55
stop	-0.93	2.28
harmful	-0.92	1.17
dismiss	-0.92	2.23
lots	-0.92	1.87
senior	-0.92	1.42
role	-0.92	1.42
he	-0.92	2.21
frameworks	-0.92	1.57
change	-0.91	3.43
claim	-0.91	2.56
tuple	-0.91	1.72
promoted	-0.91	1.47
layers	-0.91	1.53
everyone	-0.91	2.62
str	-0.91	1.83
situations	-0.91	2.41
guilty	-0.90	2.80
largely	-0.90	1.76
company	-0.90	1.46
assignments	-0.90	1.69
usually	-0.90	3.42
circumstances	-0.90	2.08
encourages	-0.90	1.73
hypothetical	-0.90	1.95
scan	-0.90	1.54
monolithic	-0.89	1.51
hundreds	-0.89	2.01
noise	-0.89	1.33
act	-0.89	1.80
handle	-0.89	2.51
cheating	-0.89	2.43
and/or	-0.89	1.59
apache	-0.89	1.42
ignorant	-0.89	1.59
copyright	-0.88	1.50
agree	-0.88	4.82
surrounding	-0.88	1.38
templating	-0.88	1.56
mouth	-0.88	1.82
nil	-0.88	2.27
anyone	-0.88	3.02
thousands	-0.88	2.01
mean	-0.88	4.92
plain	-0.87	1.38
mvc	-0.87	1.65
pieces	-0.87	1.60
california	-0.87	1.50
arrays	-0.87	1.62
hands	-0.87	1.70
overkill	-0.87	1.65
nature	-0.87	1.74
speeds	-0.87	1.47
evil	-0.87	1.62
factors	-0.87	1.87
tax	-0.87	1.45
where	-0.87	3.35
parts	-0.86	1.96
cases	-0.86	2.67
inevitably	-0.86	1.53
arrogant	-0.86	1.54
terribly	-0.86	1.80
altogether	-0.85	1.98
someone	-0.85	2.35
slower	-0.85	2.01
point	-0.85	4.75
whether	-0.85	3.80
grown	-0.85	1.57
exist	-0.85	3.63
performing	-0.85	1.68
dozen	-0.85	1.94
several	-0.85	1.94
situation	-0.85	2.88
compare	-0.85	1.66
area	-0.85	1.57
exactly	-0.84	4.85
without	-0.84	2.70
destroy	-0.84	1.60
unreasonable	-0.84	1.55
rights	-0.84	1.38
conservative	-0.84	1.42
historical	-0.84	1.51
doing	-0.84	4.70
ground	-0.84	1.77
ignore	-0.84	2.04
js	-0.84	1.55
bootstrap	-0.84	1.57
scripting	-0.83	1.48
bool	-0.83	1.90
saying	-0.83	4.93
failure	-0.83	1.68
based	-0.83	2.12
lower	-0.83	1.56
needs	-0.83	2.71
patent	-0.83	1.57
growth	-0.83	1.51
framework	-0.83	1.58
remove	-0.83	1.79
replaced	-0.83	1.90
attack	-0.83	1.58
explicitly	-0.82	2.98
ton	-0.82	1.81
large	-0.82	1.67
casts	-0.82	1.66
massive	-0.82	1.69
unlike	-0.82	1.42
nothing	-0.82	3.51
printf	-0.82	1.77
entirely	-0.82	2.75
foreach	-0.82	1.71
empty	-0.82	1.76
grant	-0.82	1.49
off	-0.82	2.62
corruption	-0.81	1.76
specifically	-0.81	3.48
start	-0.81	2.99
strictly	-0.81	1.73
capacity	-0.81	1.39
ignored	-0.81	2.17
iterators	-0.81	1.60
defense	-0.81	1.72
up	-0.81	2.97
floor	-0.81	1.56
assume	-0.81	4.82
notice	-0.81	3.19
naive	-0.80	1.67
vectors	-0.80	1.59
sure	-0.80	4.90
made	-0.80	2.54
relative	-0.80	1.43
stops	-0.80	2.63
disabled	-0.80	1.86
versioning	-0.79	1.51
equal	-0.79	1.85
few	-0.79	2.11
law	-0.79	1.58
hassle	-0.79	1.43
included	-0.79	1.63
flaws	-0.79	1.84
javascript	-0.79	1.55
medium	-0.79	1.51
verbosity	-0.79	1.37
strange	-0.79	1.95
sue	-0.79	1.46
tens	-0.78	2.03
self	-0.78	1.81
mistakes	-0.78	1.88
foo	-0.78	1.81
index	-0.78	1.70
pr	-0.78	1.36
down	-0.78	3.11
owner	-0.78	1.54
ordinary	-0.78	1.27
nginx	-0.78	1.52
comparison	-0.78	1.26
specially	-0.78	1.22
twenty	-0.77	2.21
min	-0.77	1.87
9	-0.77	1.96
err	-0.77	1.85
jerk	-0.77	1.45
doc	-0.77	1.62
states	-0.77	2.19
punch	-0.77	1.30
variety	-0.77	1.79
barely	-0.77	2.04
call	-0.77	2.70
releases	-0.77	1.75
structures	-0.77	1.59
multiply	-0.77	1.79
interacting	-0.77	1.51
together	-0.77	1.96
evolving	-0.76	1.93
belief	-0.76	2.14
dijkstra	-0.76	1.35
unrelated	-0.76	1.91
arbitrary	-0.76	1.47
somebody	-0.76	2.24
vanilla	-0.76	1.51
died	-0.76	1.83
10,000	-0.76	1.87
patents	-0.76	1.59
reinvent	-0.76	1.96
equality	-0.76	1.58
across	-0.75	1.76
justified	-0.75	1.74
internally	-0.75	1.40
resumes	-0.75	1.73
rid	-0.75	2.03
structure	-0.75	1.60
manage	-0.75	2.30
three	-0.75	2.06
referring	-0.75	4.34
zero	-0.75	1.84
teachers	-0.75	1.74
reads	-0.75	1.68
difficult	-0.75	1.85
avoiding	-0.75	1.72
generally	-0.75	2.90
rely	-0.75	2.09
containers	-0.74	1.58
args	-0.74	1.80
5	-0.74	1.97
government	-0.74	1.62
pretend	-0.74	3.61
maps	-0.74	1.56
reserved	-0.74	1.66
operation	-0.74	1.62
clue	-0.74	3.32
six	-0.73	2.20
migrate	-0.73	1.62
laws	-0.73	1.59
problems	-0.73	2.11
ultimately	-0.73	1.89
grade	-0.73	1.67
engineer	-0.73	1.38
doctor	-0.73	1.19
collections	-0.73	1.57
analyze	-0.73	2.03
bother	-0.72	3.34
assumptions	-0.72	2.30
11	-0.72	1.92
removing	-0.72	2.04
happen	-0.72	3.95
10	-0.72	2.01
ironic	-0.72	2.29
anything	-0.72	4.13
std	-0.72	1.69
otherwise	-0.72	4.24
web	-0.72	1.56
conflict	-0.72	2.12
four	-0.72	2.08
6	-0.72	2.18
eg	-0.72	1.58
4	-0.72	1.92
hierarchies	-0.71	1.48
has	-0.71	2.88
why	-0.71	4.32
leaks	-0.71	1.90
proper	-0.71	1.48
anymore	-0.71	3.76
insist	-0.71	2.31
linus	-0.71	1.39
ended	-0.71	2.79
taste	-0.71	1.82
away	-0.71	3.20
entries	-0.70	1.60
trivial	-0.70	1.77
plus	-0.70	1.57
couple	-0.70	2.22
akin	-0.70	1.75
threat	-0.70	1.47
primarily	-0.70	2.04
ten	-0.70	2.21
13	-0.70	1.92
fact	-0.70	4.31
were	-0.70	3.39
countless	-0.70	1.97
corporate	-0.70	1.49
hidden	-0.69	1.56
unfortunate	-0.69	2.07
swing	-0.69	1.35
secure	-0.69	1.53
finds	-0.69	2.45
knowing	-0.69	3.83
thousand	-0.69	2.04
millions	-0.69	2.10
hundred	-0.69	2.05
stated	-0.69	3.00
abstracted	-0.69	1.62
throughout	-0.69	1.54
jobs	-0.69	1.57
earn	-0.68	1.59
disappear	-0.68	2.57
hackers	-0.68	1.46
worrying	-0.68	2.37
boss	-0.67	1.73
touching	-0.67	1.77
years	-0.67	2.64
other	-0.67	2.02
course	-0.67	2.49
appeared	-0.67	2.25
switched	-0.67	1.70
print	-0.67	1.91
misunderstanding	-0.67	4.00
adding	-0.67	1.91
glue	-0.67	1.69
proposed	-0.67	1.89
five	-0.67	2.27
void	-0.67	1.77
should	-0.67	4.46
removes	-0.67	1.68
1000	-0.66	1.91
outright	-0.66	1.87
addressed	-0.66	2.57
notion	-0.66	1.82
implements	-0.66	1.68
incorrect	-0.66	3.70
bugs	-0.66	1.90
e.g	-0.66	1.54
somewhere	-0.66	2.84
order	-0.66	2.52
arguments	-0.66	2.45
abstractions	-0.66	1.49
know	-0.66	4.38
insurance	-0.66	1.46
ups	-0.66	1.47
frequency	-0.65	1.53
insulting	-0.65	1.69
scenarios	-0.65	2.23
burden	-0.65	1.36
protection	-0.65	1.53
bar	-0.65	1.94
occasional	-0.65	1.55
aka	-0.65	1.39
wheel	-0.65	1.67
did	-0.65	4.30
year	-0.65	2.26
reasons	-0.65	2.18
coupling	-0.65	1.55
harm	-0.65	1.93
changes	-0.65	2.03
we	-0.65	4.40
believe	-0.65	4.45
ee	-0.64	1.58
comp	-0.64	1.67
decade	-0.64	2.83
const	-0.64	1.76
struct	-0.64	1.73
over	-0.64	2.86
manages	-0.64	1.80
mod	-0.64	1.82
angular	-0.64	1.54
introducing	-0.64	1.85
14	-0.64	2.00
leaving	-0.64	1.82
any	-0.64	4.16
encountered	-0.64	2.70
extends	-0.64	1.69
cryptography	-0.64	1.55
encounter	-0.63	2.56
step	-0.63	2.55
need	-0.63	4.25
go	-0.63	4.10
12	-0.63	2.02
modifying	-0.63	1.75
place	-0.63	3.49
author	-0.63	3.04
ones	-0.63	2.42
nodejs	-0.63	1.47
sizeof	-0.63	1.76
these	-0.63	1.90
let	-0.63	3.34
similarly	-0.63	1.90
smaller	-0.63	1.92
additional	-0.63	1.97
air	-0.63	1.41
defend	-0.62	1.99
understand	-0.62	4.03
changed	-0.62	2.85
filter	-0.62	1.74
killing	-0.62	1.37
worry	-0.62	3.68
means	-0.62	4.40
detection	-0.62	1.66
na	-0.62	2.40
representing	-0.62	1.69
gates	-0.62	1.53
him	-0.62	2.06
something	-0.62	4.39
done	-0.62	4.02
his	-0.62	1.82
health	-0.62	1.58
multiple	-0.62	1.89
regards	-0.62	1.43
uni	-0.62	1.81
15	-0.61	2.06
false	-0.61	2.26
pros	-0.61	1.88
consists	-0.61	1.74
updates	-0.61	1.74
abstraction	-0.61	1.62
towards	-0.61	2.18
respect	-0.61	1.92
18	-0.61	2.00
nowadays	-0.61	1.91
ago	-0.61	2.79
objective	-0.61	1.68
pairs	-0.61	1.61
then	-0.61	4.33
node.js	-0.61	1.46
drugs	-0.61	1.22
extra	-0.61	1.95
likely	-0.61	3.65
organization	-0.61	1.47
200	-0.61	1.91
equals	-0.60	1.67
confusion	-0.60	2.16
maybe	-0.60	4.50
even	-0.60	4.40
unused	-0.60	1.64
vulnerability	-0.60	1.86
potential	-0.60	1.70
goes	-0.60	3.15
wildly	-0.60	2.22
certain	-0.60	2.14
resolved	-0.60	2.19
gets	-0.60	2.56
100	-0.60	1.87
support	-0.60	1.52
thinks	-0.60	3.22
managing	-0.60	1.58
them	-0.60	4.03
instead	-0.59	2.91
preventing	-0.59	1.96
days	-0.59	2.55
minimize	-0.59	1.73
dropped	-0.59	1.88
say	-0.59	4.44
university	-0.59	1.81
naturally	-0.59	1.89
everything	-0.59	3.98
yourself	-0.59	3.27
practically	-0.59	1.79
chunk	-0.59	1.64
today	-0.59	3.62
quirks	-0.59	1.49
main	-0.59	1.82
xslt	-0.59	1.41
places	-0.59	2.30
past	-0.59	2.81
graduate	-0.59	1.66
400	-0.59	1.89
million	-0.59	1.95
helper	-0.59	1.60
overloading	-0.59	1.60
kept	-0.59	2.33
actually	-0.58	4.36
ambiguous	-0.58	2.00
students	-0.58	1.79
35	-0.58	1.99
shot	-0.58	1.85
cons	-0.58	1.82
stl	-0.58	1.57
argued	-0.58	2.75
boring	-0.58	1.66
typescript	-0.58	1.34
touch	-0.58	2.85
regard	-0.58	1.79
80s	-0.58	2.29
performed	-0.58	2.23
needing	-0.58	2.14
acknowledge	-0.58	2.62
d	-0.58	4.31
openssl	-0.57	1.69
billions	-0.57	2.06
san	-0.57	1.65
mind	-0.57	3.93
mandatory	-0.57	1.60
newer	-0.57	1.74
speaks	-0.57	1.93
obvious	-0.57	3.38
wanted	-0.57	3.19
hr	-0.57	1.67
think	-0.57	4.42
sf	-0.57	1.72
ignores	-0.57	1.84
argue	-0.57	4.19
contiguous	-0.57	1.60
char	-0.57	1.82
only	-0.57	4.32
times	-0.57	2.54
suggesting	-0.57	4.19
iterations	-0.57	1.74
craft	-0.57	1.65
possibility	-0.57	1.88
college	-0.56	1.88
its	-0.56	2.27
trouble	-0.56	2.28
downsides	-0.56	1.74
himself	-0.56	1.63
upgrade	-0.56	1.98
major	-0.56	2.04
compression	-0.56	1.48
rude	-0.56	1.54
bloody	-0.56	1.95
damage	-0.56	1.81
nodes	-0.55	1.61
direction	-0.55	2.95
could	-0.55	4.00
serious	-0.55	2.14
react	-0.55	1.76
17	-0.55	1.95
stands	-0.55	2.47
downside	-0.55	2.29
public	-0.55	1.65
degree	-0.55	1.69
faster	-0.55	2.15
move	-0.55	2.90
subsequent	-0.55	1.55
employees	-0.54	1.47
burn	-0.54	1.43
months	-0.54	2.47
dictionary	-0.54	1.60
less	-0.54	2.28
ever	-0.54	3.93
client-side	-0.54	1.54
remains	-0.54	1.84
schools	-0.54	1.83
semester	-0.54	2.00
fine	-0.54	4.34
marketing	-0.54	1.39
advantage	-0.54	2.27
technical	-0.54	1.65
madness	-0.54	1.57
2-3	-0.54	2.41
recover	-0.54	2.01
operate	-0.54	1.99
employer	-0.54	1.76
libs	-0.54	1.66
see	-0.54	4.36
motivation	-0.53	1.53
coupled	-0.53	1.71
ahead	-0.53	2.71
vulnerabilities	-0.53	1.79
torvalds	-0.53	1.67
migration	-0.53	1.71
effectively	-0.53	2.57
20	-0.53	2.11
coffeescript	-0.53	1.55
huge	-0.53	1.90
discipline	-0.53	1.66
100k	-0.53	1.74
back	-0.53	3.07
contained	-0.53	1.58
compromised	-0.53	1.46
changing	-0.53	2.18
tries	-0.53	2.35
supports	-0.53	1.42
bigger	-0.53	2.23
matter	-0.52	4.23
anybody	-0.52	2.55
bay	-0.52	1.65
reject	-0.52	2.05
occur	-0.52	2.33
ll	-0.52	4.02
40	-0.52	2.06
employ	-0.52	1.51
mission	-0.52	1.44
view	-0.52	2.56
hide	-0.52	2.07
incentive	-0.52	2.73
kid	-0.52	1.65
interest	-0.52	1.68
committing	-0.52	2.32
called	-0.52	2.50
homework	-0.52	1.84
water	-0.52	1.48
built-in	-0.52	1.39
designs	-0.52	1.53
plan	-0.51	1.94
stopped	-0.51	2.79
deadlines	-0.51	1.51
realise	-0.51	2.36
saves	-0.51	2.00
usage	-0.51	1.56
weight	-0.51	1.62
tendency	-0.51	1.64
reason	-0.51	4.09
hole	-0.51	1.83
quote	-0.51	2.19
two	-0.51	1.92
things	-0.51	3.79
able	-0.51	3.18
child	-0.51	1.30
mozilla	-0.51	1.48
threshold	-0.51	1.51
difference	-0.51	2.79
want	-0.51	4.08
mix	-0.51	1.46
30	-0.51	2.08
right	-0.51	4.80
weeks	-0.51	2.48
which	-0.51	4.11
security	-0.51	1.77
cs	-0.50	1.77
billion	-0.50	1.89
happens	-0.50	3.46
per	-0.50	2.07
minutes	-0.50	2.42
duplicate	-0.50	1.65
month	-0.50	2.44
presumably	-0.50	1.56
now	-0.50	4.47
attacks	-0.50	1.66
supposed	-0.50	4.20
string	-0.50	1.79
turning	-0.50	2.00
former	-0.50	1.61
collection	-0.50	1.65
protected	-0.50	1.55
big	-0.50	2.14
prevented	-0.50	2.15
25	-0.50	1.89
left	-0.50	2.52
half	-0.50	2.44
clear	-0.50	3.53
position	-0.50	1.81
wrapper	-0.49	1.54
bug	-0.49	2.02
needed	-0.49	3.90
versions	-0.49	1.78
halfway	-0.49	2.15
increasingly	-0.49	1.63
she	-0.49	1.76
8	-0.49	1.89
comprehend	-0.49	3.49
ruby	-0.49	1.58
never	-0.49	3.79
true	-0.49	3.34
permission	-0.49	1.79
library	-0.49	1.54
actively	-0.49	1.61
lessons	-0.49	1.82
anyway	-0.49	4.43
later	-0.49	2.88
try	-0.49	3.89
prime	-0.49	1.48
ass	-0.49	1.64
jquery	-0.49	1.48
thing	-0.49	3.66
head	-0.49	2.08
expressed	-0.49	2.64
bridge	-0.49	1.50
parents	-0.49	1.64
wrapping	-0.48	1.81
controls	-0.48	1.23
50	-0.48	1.95
sitting	-0.48	1.69
along	-0.48	2.59
sucks	-0.48	2.35
heartbleed	-0.48	1.86
terminology	-0.48	1.86
frontend	-0.48	1.55
enterprise	-0.48	1.53
knows	-0.48	3.23
personal	-0.48	1.81
beast	-0.48	1.76
graph	-0.48	1.52
last	-0.48	2.58
include	-0.48	2.01
class	-0.48	1.66
heads	-0.48	1.73
intensive	-0.48	1.59
buzz	-0.48	1.92
reduce	-0.48	1.72
option	-0.48	2.98
frustration	-0.48	1.35
ubiquitous	-0.48	1.67
sued	-0.47	1.61
varies	-0.47	1.92
valley	-0.47	1.65
been	-0.47	3.35
trace	-0.47	1.76
much	-0.47	2.97
shop	-0.47	1.59
float	-0.47	1.96
lack	-0.47	1.52
learn	-0.47	3.23
function	-0.47	1.86
front-end	-0.47	1.46
startup	-0.47	1.53
described	-0.47	2.66
masters	-0.47	1.66
fewer	-0.47	2.07
barrier	-0.46	1.57
dom	-0.46	1.58
historically	-0.46	1.69
maximum	-0.46	1.81
portion	-0.46	1.73
using	-0.46	2.83
favor	-0.46	1.76
since	-0.46	3.18
configured	-0.46	1.75
way	-0.46	4.04
300	-0.46	1.91
out	-0.46	3.49
stopping	-0.46	2.53
instantly	-0.46	1.97
roles	-0.46	1.50
live	-0.46	1.82
failures	-0.46	1.92
double	-0.46	1.89
seconds	-0.46	2.31
careful	-0.46	1.83
part	-0.46	3.14
vulnerable	-0.46	1.64
lot	-0.46	3.06
lines	-0.45	2.02
affects	-0.45	1.77
chances	-0.45	2.04
promote	-0.45	1.67
delivered	-0.45	1.85
limits	-0.45	1.54
investment	-0.45	1.70
significant	-0.45	2.00
cheap	-0.45	1.57
expressive	-0.45	1.90
vacation	-0.45	1.95
teaching	-0.45	2.05
component	-0.45	1.65
employee	-0.45	1.40
skills	-0.45	1.64
selection	-0.45	1.59
stolen	-0.45	1.69
imagine	-0.45	4.18
judge	-0.45	1.84
occurred	-0.45	2.54
hours	-0.45	2.45
argument	-0.45	3.10
hired	-0.45	1.79
stealing	-0.45	1.89
accidentally	-0.45	2.05
benchmark	-0.45	1.47
nsa	-0.45	1.66
who	-0.45	1.90
wife	-0.45	1.64
90	-0.45	2.02
therefore	-0.44	2.84
again	-0.44	4.22
caring	-0.44	2.51
began	-0.44	2.14
take	-0.44	3.54
says	-0.44	2.84
goto	-0.44	1.99
grad	-0.44	1.71
boolean	-0.44	2.06
hour	-0.44	2.34
engineering	-0.44	1.55
correlation	-0.44	1.67
wall	-0.44	1.77
time	-0.44	2.53
heavily	-0.44	1.93
1.5	-0.44	1.92
45	-0.44	2.11
job	-0.44	2.18
exploits	-0.44	1.84
took	-0.44	2.57
problem	-0.44	3.15
ways	-0.44	2.65
biased	-0.44	1.84
assignment	-0.43	1.81
dollars	-0.43	1.95
exploit	-0.43	1.84
street	-0.43	1.68
beginning	-0.43	2.18
monad	-0.43	1.97
massively	-0.43	1.78
wrapped	-0.43	1.88
early	-0.43	2.55
always	-0.43	4.22
might	-0.43	4.20
degrees	-0.43	1.62
figures	-0.43	1.99
evolved	-0.43	2.09
saved	-0.43	2.29
tuples	-0.43	1.60
accomplish	-0.43	3.32
mit	-0.42	1.48
101	-0.42	1.85
distribute	-0.42	1.50
cheaper	-0.42	2.10
reality	-0.42	2.67
stacks	-0.42	1.65
dba	-0.42	1.43
miles	-0.42	1.95
scaling	-0.42	1.50
aspects	-0.42	1.97
70	-0.42	1.99
coded	-0.42	2.46
trash	-0.42	1.59
software	-0.42	1.48
making	-0.42	3.15
decades	-0.42	2.51
commonly	-0.42	2.29
2.0	-0.42	1.78
curriculum	-0.42	1.86
restrictions	-0.42	1.50
civil	-0.42	1.44
save	-0.42	2.07
oracle	-0.42	1.51
paths	-0.42	1.71
majors	-0.42	1.78
justify	-0.42	2.60
requested	-0.42	1.90
minute	-0.41	2.20
calculations	-0.41	2.15
manipulating	-0.41	1.71
mongo	-0.41	1.46
storing	-0.41	1.57
get	-0.41	3.97
aggressive	-0.41	1.39
uk	-0.41	2.21
calculate	-0.41	1.59
ecosystem	-0.41	1.53
malloc	-0.41	1.68
3.0	-0.41	1.95
compute	-0.41	1.86
assuming	-0.41	3.82
literals	-0.41	1.63
associated	-0.41	1.60
perform	-0.40	1.78
exclusively	-0.40	1.68
driving	-0.40	1.45
operates	-0.40	1.85
takes	-0.40	2.59
controllers	-0.40	1.75
occasionally	-0.40	1.21
teach	-0.40	2.06
living	-0.40	1.69
here	-0.40	4.37
grow	-0.40	1.90
ie	-0.40	1.71
keeps	-0.40	2.39
lies	-0.40	1.57
ops	-0.40	1.51
attract	-0.40	1.69
reached	-0.40	2.02
contain	-0.40	2.00
namespaces	-0.40	1.63
interpretation	-0.40	2.56
help	-0.40	3.70
front	-0.40	2.13
wherever	-0.40	1.80
onto	-0.40	2.29
written	-0.40	2.27
vast	-0.39	1.76
marked	-0.39	1.67
scratch	-0.39	1.93
salary	-0.39	1.65
refers	-0.39	2.66
facts	-0.39	2.22
postgresql	-0.39	1.48
assumption	-0.39	2.82
affect	-0.39	2.34
properly	-0.39	2.74
delay	-0.39	1.79
advocating	-0.39	3.08
porting	-0.39	1.61
spent	-0.39	2.40
constructed	-0.39	2.27
skill	-0.39	1.65
day	-0.39	2.49
influence	-0.39	1.85
loses	-0.39	1.71
identity	-0.39	1.54
constantly	-0.39	2.58
fraction	-0.39	1.52
sit	-0.39	2.10
combine	-0.39	1.90
blah	-0.39	1.71
mongodb	-0.39	1.47
week	-0.38	2.44
disk	-0.38	1.40
60	-0.38	1.99
hell	-0.38	2.69
death	-0.38	1.52
legal	-0.38	1.57
destroyed	-0.38	1.89
structs	-0.38	1.62
created	-0.38	2.69
numeric	-0.38	1.72
cut	-0.38	2.32
fly	-0.38	1.45
under	-0.38	1.54
probably	-0.38	4.32
versa	-0.38	1.67
lawyer	-0.38	1.66
longer	-0.38	3.04
talking	-0.38	4.32
sun	-0.38	1.80
resources	-0.38	1.72
cars	-0.38	1.41
reducing	-0.38	1.72
heck	-0.38	2.05
paul	-0.38	1.71
acting	-0.38	1.55
became	-0.38	2.17
conclusion	-0.38	3.09
recognized	-0.37	1.83
spend	-0.37	2.48
indicator	-0.37	1.70
alias	-0.37	1.63
decimal	-0.37	2.40
admin	-0.37	1.41
income	-0.37	1.65
advantages	-0.37	1.90
spectrum	-0.37	1.93
operations	-0.37	1.70
stable	-0.37	1.70
named	-0.37	1.79
added	-0.37	2.40
quality	-0.37	1.60
instance	-0.37	1.95
wrap	-0.37	2.03
copying	-0.37	1.73
describe	-0.37	2.57
components	-0.37	1.66
treat	-0.37	2.14
distinction	-0.37	2.41
fail	-0.37	2.13
expects	-0.37	2.36
minor	-0.37	2.16
targeted	-0.37	2.12
once	-0.37	3.44
already	-0.37	3.90
tail	-0.37	1.79
profit	-0.37	1.54
intro	-0.37	1.82
outer	-0.37	1.84
objects	-0.37	1.62
value	-0.36	1.95
reuse	-0.36	1.88
unique_ptr	-0.36	1.64
modern	-0.36	1.86
unknown	-0.36	1.81
her	-0.36	1.67
courses	-0.36	1.86
ambiguity	-0.36	1.85
continue	-0.36	2.39
compact	-0.36	2.02
bill	-0.36	1.52
pointer	-0.36	1.86
least	-0.36	3.99
varying	-0.36	1.54
holes	-0.36	1.84
7	-0.36	1.91
deeply	-0.36	1.95
tells	-0.36	2.53
override	-0.36	1.82
shift	-0.36	2.57
constrained	-0.36	1.72
work	-0.36	4.12
chrome	-0.36	2.14
however	-0.36	4.21
late	-0.36	2.45
programmed	-0.36	2.69
interface	-0.36	1.69
finger	-0.36	2.11
contributed	-0.36	1.95
views	-0.36	2.25
publicly	-0.36	1.66
dump	-0.36	1.76
removed	-0.35	2.23
handling	-0.35	1.95
economy	-0.35	1.68
delete	-0.35	2.05
producing	-0.35	1.69
desire	-0.35	2.06
require	-0.35	2.36
walk	-0.35	2.09
resolve	-0.35	2.02
strings	-0.35	1.62
savings	-0.35	1.77
such	-0.35	2.40
exposed	-0.35	2.09
managers	-0.35	1.58
tier	-0.35	1.59
make	-0.35	3.64
internal	-0.35	1.73
spring	-0.35	1.61
chunks	-0.35	1.79
seen	-0.35	3.30
abandoned	-0.35	2.26
mid	-0.35	2.18
rate	-0.35	1.64
declared	-0.35	1.79
evolve	-0.35	2.23
foot	-0.35	1.90
convention	-0.35	1.66
larger	-0.35	1.85
graduated	-0.35	2.27
real	-0.35	2.90
moved	-0.35	2.45
kill	-0.35	1.93
statement	-0.35	2.97
object	-0.34	1.83
example	-0.34	3.04
stays	-0.34	1.90
positions	-0.34	1.70
merit	-0.34	2.00
define	-0.34	1.90
come	-0.34	3.57
eventually	-0.34	2.91
returned	-0.34	1.90
involves	-0.34	2.18
harder	-0.34	2.26
buffer	-0.34	1.75
measured	-0.34	1.72
boost	-0.34	1.60
fix	-0.34	2.60
hierarchy	-0.34	1.63
paradigm	-0.34	2.03
whatever	-0.34	3.77
planet	-0.34	1.24
99	-0.34	1.93
ibm	-0.34	1.87
personality	-0.34	1.67
handles	-0.34	2.18
representative	-0.34	1.16
relationships	-0.34	1.24
adopt	-0.34	1.75
despite	-0.34	2.11
political	-0.34	1.69
may	-0.34	4.06
both	-0.34	2.37
anywhere	-0.33	3.23
warn	-0.33	2.20
put	-0.33	3.04
offices	-0.33	1.73
underneath	-0.33	1.63
sees	-0.33	3.15
2000	-0.33	2.30
tell	-0.33	3.93
crack	-0.33	1.57
touched	-0.33	3.07
car	-0.33	1.62
immediately	-0.33	2.89
magnitude	-0.33	2.41
teaches	-0.33	2.06
set	-0.33	2.04
knuth	-0.33	1.75
escape	-0.33	1.73
pulled	-0.33	1.87
among	-0.33	1.72
accounting	-0.33	1.52
firefox	-0.33	2.18
tends	-0.33	2.08
fundamentals	-0.33	2.12
known	-0.33	2.25
energy	-0.33	1.84
forward	-0.33	2.56
universities	-0.33	1.83
refer	-0.33	2.43
companies	-0.33	1.80
managed	-0.33	2.13
mysql	-0.33	1.49
quit	-0.33	1.96
orm	-0.33	1.57
established	-0.33	1.84
preferable	-0.33	2.04
door	-0.33	2.09
requires	-0.33	2.03
contrary	-0.33	2.72
assert	-0.33	2.05
allocate	-0.33	1.70
redis	-0.32	1.48
quickly	-0.32	2.12
ca	-0.32	3.51
sysadmin	-0.32	1.47
kids	-0.32	1.95
19	-0.32	1.92
effort	-0.32	2.09
members	-0.32	1.61
city	-0.32	1.78
document	-0.32	1.61
salaries	-0.32	1.63
addition	-0.32	1.55
rapidly	-0.32	1.98
postgres	-0.32	1.50
bizarre	-0.32	2.31
waste	-0.32	2.03
accessing	-0.32	1.71
worth	-0.32	2.53
mark	-0.32	1.47
orms	-0.32	1.54
gpl	-0.32	1.46
mixing	-0.32	1.61
corporations	-0.32	1.49
sides	-0.32	2.26
constructor	-0.31	1.98
typical	-0.31	1.48
majority	-0.31	1.88
ve	-0.31	3.36
braces	-0.31	2.22
nested	-0.31	1.73
wo	-0.31	3.89
bottleneck	-0.31	1.91
options	-0.31	2.15
still	-0.31	4.07
extend	-0.31	1.97
primitive	-0.31	1.75
deep	-0.31	1.87
will	-0.31	3.77
recursion	-0.31	1.82
behave	-0.31	2.53
tech	-0.31	1.77
exchange	-0.31	1.60
crash	-0.31	2.10
matrix	-0.31	1.59
categories	-0.31	1.69
counts	-0.31	1.71
calls	-0.31	1.76
required	-0.31	2.19
floating	-0.31	2.49
functions	-0.31	1.85
finite	-0.31	1.85
merits	-0.31	1.93
version	-0.31	1.87
depth	-0.31	1.76
crucial	-0.31	1.87
multiplication	-0.31	1.68
condescending	-0.31	1.68
layer	-0.31	1.72
80	-0.31	1.98
introduced	-0.31	2.16
primitives	-0.31	1.59
ex	-0.30	1.80
finance	-0.30	1.67
hashes	-0.30	1.57
assign	-0.30	1.86
bounds	-0.30	1.92
closing	-0.30	1.87
allocating	-0.30	1.67
pair	-0.30	1.51
burned	-0.30	1.89
closer	-0.30	1.68
overflows	-0.30	1.90
home	-0.30	2.09
modify	-0.30	1.95
shops	-0.30	1.80
skip	-0.30	1.76
spending	-0.30	2.25
conventions	-0.30	1.73
occurs	-0.30	2.24
healthy	-0.30	1.63
purely	-0.30	1.78
division	-0.30	1.85
conversions	-0.30	1.73
throw	-0.30	2.41
capital	-0.30	1.63
fall	-0.30	2.23
age	-0.30	1.69
websites	-0.30	1.67
attacker	-0.29	1.57
career	-0.29	1.80
routing	-0.29	1.71
pedantic	-0.29	1.77
customer	-0.29	1.79
leading	-0.29	1.48
se	-0.29	1.42
supported	-0.29	1.95
binding	-0.29	1.61
casting	-0.29	1.83
team	-0.29	1.53
far	-0.29	2.86
remember	-0.29	3.44
forever	-0.29	2.11
42	-0.29	1.81
ignorance	-0.29	1.61
activity	-0.29	1.59
experimental	-0.29	1.74
beer	-0.29	1.68
optimize	-0.29	2.16
inlining	-0.29	1.67
bite	-0.29	1.97
existed	-0.29	2.86
cleanup	-0.29	1.84
attempted	-0.29	2.86
belong	-0.29	2.32
yet	-0.29	3.90
com	-0.29	1.54
16	-0.29	1.93
themselves	-0.29	2.24
holding	-0.29	2.42
teams	-0.29	1.56
applicants	-0.28	1.74
requiring	-0.28	1.90
div	-0.28	1.71
none	-0.28	2.16
returns	-0.28	2.00
thin	-0.28	1.66
keyword	-0.28	1.97
figure	-0.28	3.98
started	-0.28	2.84
higher	-0.28	1.93
curly	-0.28	2.21
pointers	-0.28	1.60
matters	-0.28	2.48
next	-0.28	2.74
learning	-0.28	2.77
lawyers	-0.28	1.53
alter	-0.28	2.13
gap	-0.28	2.05
ad	-0.28	1.83
silicon	-0.28	1.64
ratio	-0.28	1.86
malicious	-0.28	1.80
organizations	-0.28	1.64
curve	-0.28	1.67
before	-0.28	3.27
wild	-0.28	2.23
leak	-0.28	1.97
allocated	-0.28	1.70
plaintext	-0.28	1.52
modification	-0.28	1.70
intent	-0.28	2.89
space	-0.28	1.76
apart	-0.27	2.00
commit	-0.27	1.89
variables	-0.27	1.77
namespace	-0.27	1.75
implicitly	-0.27	1.99
wordpress	-0.27	1.71
insult	-0.27	1.68
git	-0.27	1.78
wasted	-0.27	2.12
utility	-0.27	1.68
projects	-0.27	1.57
branch	-0.27	1.89
whatsoever	-0.27	2.03
contrived	-0.27	2.23
google	-0.27	1.64
staff	-0.27	1.55
mb	-0.27	1.77
also	-0.27	4.22
into	-0.27	2.72
branching	-0.27	1.87
rdbms	-0.27	1.52
match	-0.27	2.49
ajax	-0.27	1.58
phase	-0.27	1.84
lunch	-0.27	1.93
wage	-0.27	1.60
guess	-0.26	4.60
tasks	-0.26	2.01
placed	-0.26	1.86
seem	-0.26	3.75
battery	-0.26	1.56
flexible	-0.26	1.95
inner	-0.26	1.86
immutable	-0.26	1.67
values	-0.26	1.87
authors	-0.26	1.79
relational	-0.26	1.53
coders	-0.26	1.48
hanging	-0.26	1.88
whose	-0.26	1.79
growing	-0.26	1.73
myself	-0.26	2.88
german	-0.26	1.70
usual	-0.26	1.68
supposedly	-0.26	1.80
wrappers	-0.26	1.67
assertion	-0.26	2.98
update	-0.26	2.11
returning	-0.26	1.96
mental	-0.26	1.69
continues	-0.26	2.05
entitled	-0.26	1.79
modulo	-0.26	1.87
peers	-0.26	1.62
converted	-0.26	1.77
model	-0.25	2.11
dress	-0.25	1.50
penalty	-0.25	1.82
rest	-0.25	1.94
suggested	-0.25	2.68
commits	-0.25	1.89
explicit	-0.25	2.22
turn	-0.25	2.75
copy	-0.25	2.03
construct	-0.25	1.87
areas	-0.25	1.95
declare	-0.25	1.95
null	-0.25	2.19
trying	-0.25	3.32
bandwidth	-0.25	1.64
circle	-0.25	1.40
merging	-0.25	1.88
quoted	-0.25	2.90
phd	-0.25	1.68
rewriting	-0.25	1.93
ages	-0.25	2.02
java	-0.25	1.59
data	-0.25	1.54
condition	-0.25	2.15
heap	-0.25	1.69
recursive	-0.25	1.74
financial	-0.25	1.67
operator	-0.25	1.73
country	-0.25	1.83
variable	-0.25	1.92
differences	-0.25	1.98
count	-0.25	1.88
cvs	-0.25	1.68
explain	-0.25	3.61
after	-0.25	2.73
town	-0.25	1.87
assumed	-0.24	3.13
saving	-0.24	2.22
implementing	-0.24	1.94
conclude	-0.24	3.34
inject	-0.24	1.67
allocator	-0.24	1.65
rise	-0.24	1.69
differ	-0.24	2.65
production	-0.24	2.07
di	-0.24	1.56
solved	-0.24	2.57
tightly	-0.24	1.54
recruiter	-0.24	1.96
legally	-0.24	1.55
encoded	-0.24	1.17
tiny	-0.24	1.85
licensed	-0.24	1.53
template	-0.24	1.66
owners	-0.24	1.86
init	-0.24	1.67
certainly	-0.24	3.96
guy	-0.24	1.65
responsible	-0.24	1.66
further	-0.24	2.73
wasting	-0.24	2.05
impact	-0.24	1.87
operators	-0.24	1.75
debate	-0.24	2.28
behaviors	-0.24	1.42
house	-0.24	1.71
nor	-0.24	2.95
developing	-0.24	2.38
bind	-0.24	1.71
join	-0.24	1.95
allowed	-0.24	2.71
prices	-0.24	1.60
really	-0.24	4.03
perl	-0.23	1.53
explained	-0.23	3.00
during	-0.23	2.18
literal	-0.23	1.73
arguably	-0.23	2.33
interestingly	-0.23	1.96
branches	-0.23	1.87
twice	-0.23	2.77
education	-0.23	1.72
raw	-0.23	1.65
writer	-0.23	1.48
percent	-0.23	1.82
food	-0.23	1.66
increment	-0.23	1.80
private	-0.23	1.67
creates	-0.23	1.83
chose	-0.23	2.09
filtering	-0.23	1.76
obviously	-0.23	4.08
dates	-0.23	1.84
backward	-0.23	1.66
adapt	-0.23	2.32
guard	-0.23	2.00
fingers	-0.23	2.07
conditional	-0.23	2.17
applies	-0.22	1.90
coder	-0.22	1.51
mention	-0.22	3.36
simpler	-0.22	2.24
select	-0.22	1.78
construction	-0.22	1.62
offset	-0.22	1.74
counter	-0.22	1.84
loop	-0.22	1.94
openbsd	-0.22	1.68
license	-0.22	1.47
humans	-0.22	2.23
modified	-0.22	2.16
sql	-0.22	1.57
experience	-0.22	2.44
developer	-0.22	1.51
treated	-0.22	1.88
meetings	-0.22	1.75
architectural	-0.22	1.81
orders	-0.22	2.41
budget	-0.22	1.68
calculation	-0.22	1.88
schema	-0.22	1.56
atomic	-0.22	1.61
computers	-0.22	2.41
propose	-0.22	2.30
accident	-0.22	2.13
fixes	-0.22	2.04
waterfall	-0.21	1.96
db	-0.21	1.53
shared_ptr	-0.21	1.62
universally	-0.21	1.89
vcs	-0.21	1.71
deciding	-0.21	2.29
fails	-0.21	1.97
preference	-0.21	2.07
aside	-0.21	1.72
secondary	-0.21	1.72
manipulate	-0.21	1.98
until	-0.21	3.30
america	-0.21	1.95
tables	-0.21	1.59
master	-0.21	1.86
rates	-0.21	1.71
replacing	-0.21	1.83
exists	-0.21	2.94
controller	-0.21	1.80
germany	-0.21	1.83
2nd	-0.21	1.99
kinds	-0.21	1.54
decide	-0.21	3.24
special	-0.21	2.52
factory	-0.21	1.65
represented	-0.21	1.96
prediction	-0.21	1.65
doesnt	-0.21	1.85
discrimination	-0.21	1.46
strongly	-0.21	1.92
controlled	-0.21	1.70
database	-0.21	1.54
unclear	-0.20	2.52
enum	-0.20	1.71
abi	-0.20	1.70
edge	-0.20	1.88
vision	-0.20	1.85
allocations	-0.20	1.67
creating	-0.20	2.33
rock	-0.20	1.46
learned	-0.20	2.61
paying	-0.20	2.12
stored	-0.20	1.58
injection	-0.20	1.51
dig	-0.20	2.76
evolution	-0.20	1.70
relying	-0.20	1.79
reinventing	-0.20	1.70
hiring	-0.20	1.89
arithmetic	-0.20	1.89
memory	-0.20	1.68
store	-0.20	1.54
databases	-0.20	1.55
fast	-0.20	1.90
wrote	-0.20	2.54
opportunity	-0.20	2.19
absolutely	-0.20	2.40
member	-0.20	1.81
success	-0.20	1.81
boundary	-0.20	1.90
actor	-0.20	1.65
iirc	-0.20	1.42
infrastructure	-0.20	1.69
passing	-0.20	1.95
unsigned	-0.20	1.95
silently	-0.19	2.09
sense	-0.19	3.94
initialization	-0.19	1.71
wont	-0.19	2.52
ints	-0.19	1.89
travel	-0.19	1.76
allocation	-0.19	1.68
method	-0.19	1.98
automate	-0.19	1.67
within	-0.19	2.21
add	-0.19	2.47
loops	-0.19	1.83
merely	-0.19	2.83
crud	-0.19	1.41
xp	-0.19	1.95
spirit	-0.19	2.28
blocks	-0.19	1.85
represent	-0.19	1.96
manually	-0.19	2.50
cache	-0.19	1.63
went	-0.19	2.83
suspect	-0.19	3.26
stack	-0.19	1.76
height	-0.19	1.78
bindings	-0.19	1.57
keep	-0.19	2.88
sqlite	-0.19	1.53
necessarily	-0.19	3.76
arbitrarily	-0.19	2.03
3rd	-0.19	1.79
loose	-0.19	1.72
passwords	-0.19	1.54
rarely	-0.19	2.48
than	-0.19	2.56
competing	-0.18	1.69
global	-0.18	1.73
listed	-0.18	2.03
modular	-0.18	1.82
error	-0.18	1.95
joins	-0.18	1.62
arguing	-0.18	3.56
gains	-0.18	1.83
computer	-0.18	1.89
safer	-0.18	2.27
metric	-0.18	2.15
appeal	-0.18	1.90
fixing	-0.18	2.10
involve	-0.18	2.04
path	-0.18	2.02
stats	-0.18	1.51
stay	-0.18	2.47
load	-0.18	1.60
recruiters	-0.18	1.96
electrical	-0.18	1.57
2009	-0.18	2.32
businesses	-0.18	1.70
chance	-0.18	2.72
desk	-0.18	1.87
95	-0.18	1.88
regular	-0.18	1.49
evaluation	-0.18	1.84
rather	-0.18	3.13
transform	-0.18	1.68
navigate	-0.18	1.91
loads	-0.18	1.73
closure	-0.18	1.89
logs	-0.17	1.61
summer	-0.17	1.74
experiment	-0.17	1.82
ironically	-0.17	1.84
pypy	-0.17	1.64
structured	-0.17	1.70
syntactic	-0.17	1.83
center	-0.17	1.82
hitting	-0.17	1.79
efficient	-0.17	2.03
finished	-0.17	2.70
backup	-0.17	1.68
decided	-0.17	2.34
reported	-0.17	2.29
knowledge	-0.17	1.94
cycles	-0.17	1.86
dedicated	-0.17	1.56
salt	-0.17	1.61
tradeoffs	-0.17	1.85
coffee	-0.17	1.79
different	-0.17	2.04
seemingly	-0.17	1.56
previously	-0.17	2.96
intended	-0.17	3.27
disable	-0.17	1.99
conditions	-0.17	1.89
interviewed	-0.17	2.31
slowly	-0.17	2.23
mentions	-0.16	2.68
entry	-0.16	1.68
gb	-0.16	1.62
prefix	-0.16	1.72
mindset	-0.16	2.05
specific	-0.16	2.40
vary	-0.16	2.14
traditional	-0.16	1.90
had	-0.16	3.32
individually	-0.16	1.86
io	-0.16	1.62
mixed	-0.16	2.14
shipped	-0.16	2.16
reusable	-0.16	1.94
licenses	-0.16	1.49
differently	-0.16	2.51
planned	-0.16	2.12
bytes	-0.16	1.73
loss	-0.16	1.84
harsh	-0.16	1.89
indication	-0.16	2.44
scale	-0.16	1.73
networking	-0.16	1.70
contains	-0.16	2.05
safari	-0.16	2.19
europe	-0.16	2.04
parentheses	-0.16	1.94
extended	-0.16	1.75
implicit	-0.16	1.97
soon	-0.16	3.21
shoot	-0.16	2.37
passed	-0.16	2.01
metal	-0.16	1.68
assigned	-0.16	1.87
handled	-0.16	2.36
switch	-0.16	2.38
science	-0.15	1.86
grab	-0.15	1.82
angle	-0.15	1.87
flexibility	-0.15	1.55
tls	-0.15	1.65
bothered	-0.15	3.48
restrict	-0.15	2.10
initially	-0.15	2.52
discussing	-0.15	2.99
default	-0.15	1.98
declarations	-0.15	1.89
replicate	-0.15	2.42
interact	-0.15	2.08
lib	-0.15	1.71
shit	-0.15	1.78
ourselves	-0.15	2.28
push	-0.15	1.93
room	-0.15	1.94
align	-0.15	1.88
nullable	-0.15	2.08
raised	-0.15	2.34
robust	-0.15	1.94
generic	-0.15	1.74
persistent	-0.15	1.61
manipulation	-0.15	1.69
protocols	-0.15	1.71
stores	-0.15	1.62
buffers	-0.15	1.69
pull	-0.15	1.87
chromium	-0.15	1.63
queries	-0.15	1.64
api	-0.15	1.74
singleton	-0.15	1.73
training	-0.15	1.70
2005	-0.15	2.27
startups	-0.15	1.74
steps	-0.15	2.19
exception	-0.15	2.06
comes	-0.14	2.50
libraries	-0.14	1.61
moves	-0.14	2.21
criticize	-0.14	2.14
svn	-0.14	1.80
lambda	-0.14	1.84
meeting	-0.14	1.86
pays	-0.14	1.50
representation	-0.14	1.98
blank	-0.14	1.77
small	-0.14	1.94
drag	-0.14	2.05
graduates	-0.14	1.68
granted	-0.14	2.21
tried	-0.14	3.12
pulling	-0.14	2.14
improvement	-0.14	1.90
completed	-0.14	2.32
recognition	-0.14	1.50
schedule	-0.14	1.94
first	-0.14	2.70
developed	-0.14	2.26
exceptions	-0.14	2.07
pure	-0.14	1.71
apply	-0.14	2.24
monads	-0.14	1.74
acts	-0.14	1.99
exclusive	-0.14	1.43
divide	-0.14	1.87
addressing	-0.14	2.67
byte	-0.14	1.75
assigning	-0.13	1.85
tracker	-0.13	1.94
beats	-0.13	1.28
query	-0.13	1.64
thus	-0.13	2.33
forget	-0.13	3.46
depend	-0.13	2.61
bias	-0.13	1.89
walking	-0.13	1.81
measure	-0.13	1.80
side	-0.13	1.77
rand	-0.13	1.91
bang	-0.13	1.73
higher-level	-0.13	1.89
indexes	-0.13	1.61
overload	-0.13	1.76
encode	-0.13	2.02
containing	-0.13	1.95
conversion	-0.13	1.82
screw	-0.13	2.21
upstream	-0.13	1.90
expertise	-0.13	1.88
composition	-0.13	1.73
quicker	-0.13	2.40
integers	-0.13	1.99
ticket	-0.13	1.97
randomly	-0.13	2.04
unicode	-0.13	1.73
expose	-0.13	1.77
dependency	-0.13	1.64
margin	-0.13	1.82
property	-0.13	1.73
external	-0.13	1.78
server	-0.13	1.65
slightly	-0.13	2.40
resource	-0.13	1.67
concern	-0.13	2.38
period	-0.13	2.12
equivalent	-0.13	2.31
purpose	-0.13	2.87
translation	-0.12	1.48
significantly	-0.12	2.43
moving	-0.12	2.80
problematic	-0.12	1.60
born	-0.12	1.82
successfully	-0.12	2.43
lived	-0.12	1.89
stock	-0.12	1.72
money	-0.12	1.93
usa	-0.12	1.87
characteristics	-0.12	1.74
24	-0.12	1.95
indicate	-0.12	2.02
wages	-0.12	1.59
mercurial	-0.12	1.76
parameter	-0.12	2.17
inside	-0.12	1.93
interop	-0.12	1.46
treating	-0.12	1.89
level	-0.12	1.88
industries	-0.12	1.62
give	-0.12	3.41
culture	-0.12	1.65
fool	-0.12	1.55
numbers	-0.12	1.94
performant	-0.12	1.99
having	-0.12	3.07
programming	-0.12	2.06
2010	-0.12	2.36
python	-0.12	1.57
separately	-0.12	1.93
release	-0.12	2.10
analytics	-0.12	1.56
integer	-0.12	2.00
affected	-0.12	1.62
binary	-0.12	1.65
32	-0.12	1.93
import	-0.12	1.59
interpret	-0.12	1.99
key	-0.12	1.62
describes	-0.12	2.81
analogy	-0.12	2.00
256	-0.12	1.80
drink	-0.12	1.77
latency	-0.12	1.69
increases	-0.12	1.75
graphs	-0.12	1.67
becoming	-0.11	1.86
simplify	-0.11	1.94
pool	-0.11	1.71
american	-0.11	1.78
json	-0.11	1.62
morning	-0.11	2.08
studying	-0.11	1.92
sizes	-0.11	1.81
limit	-0.11	1.80
clause	-0.11	1.85
requirement	-0.11	1.68
interfaces	-0.11	1.73
demonstrated	-0.11	3.09
effects	-0.11	1.74
driver	-0.11	1.63
square	-0.11	1.76
efficiency	-0.11	1.61
throws	-0.11	2.01
feel	-0.11	3.27
anonymous	-0.11	1.83
worked	-0.11	3.08
consumption	-0.11	1.58
revenue	-0.11	1.70
turned	-0.11	2.49
domains	-0.11	1.98
fell	-0.11	1.87
modules	-0.11	1.69
transparent	-0.11	1.96
inappropriate	-0.11	1.60
combined	-0.11	1.36
nosql	-0.11	1.56
filters	-0.11	1.66
hood	-0.11	1.67
phrase	-0.11	2.30
steal	-0.11	1.41
optimizer	-0.11	1.81
simd	-0.11	1.64
tape	-0.11	1.62
proxy	-0.11	1.72
substantial	-0.11	1.94
segment	-0.11	1.74
society	-0.11	1.73
proprietary	-0.11	1.60
consulting	-0.10	1.73
fetch	-0.10	1.80
especially	-0.10	3.05
lesson	-0.10	2.28
separate	-0.10	1.91
isolation	-0.10	1.58
v8	-0.10	1.54
cluster	-0.10	1.67
trading	-0.10	1.79
sooner	-0.10	2.60
guessing	-0.10	4.04
i/o	-0.10	1.73
lag	-0.10	1.78
destructor	-0.10	1.97
mere	-0.10	2.01
encouraged	-0.10	1.38
exposure	-0.10	2.06
deadline	-0.10	1.72
moreover	-0.10	2.06
standpoint	-0.10	1.80
html	-0.10	1.61
merged	-0.10	2.03
priority	-0.10	1.89
environments	-0.10	1.99
identify	-0.10	2.38
recognize	-0.10	2.52
concise	-0.10	2.04
reference	-0.10	1.82
worker	-0.10	1.62
algorithmic	-0.10	1.92
board	-0.10	1.58
programmer	-0.10	1.61
browsers	-0.10	1.69
composed	-0.10	1.79
maintainable	-0.10	2.11
optional	-0.10	2.14
benefits	-0.10	1.87
parameters	-0.10	2.03
yours	-0.10	2.52
transformation	-0.10	1.82
deals	-0.10	1.82
inline	-0.10	1.81
countries	-0.10	1.86
wikipedia	-0.10	1.92
largest	-0.10	1.97
builder	-0.09	1.26
functionality	-0.09	1.91
held	-0.09	1.92
staying	-0.09	2.05
password	-0.09	1.55
directed	-0.09	2.06
patch	-0.09	1.98
rant	-0.09	1.54
updating	-0.09	2.06
originally	-0.09	3.11
local	-0.09	1.82
parent	-0.09	2.36
brain	-0.09	1.62
taken	-0.09	2.60
consider	-0.09	3.89
asm.js	-0.09	1.66
groups	-0.09	1.72
units	-0.09	1.74
c++11	-0.09	1.76
mapped	-0.09	1.68
sensitive	-0.09	1.55
attached	-0.09	1.97
fill	-0.09	1.99
sized	-0.09	1.70
responsibility	-0.09	1.68
intellectual	-0.09	1.47
extension	-0.09	1.85
locking	-0.09	1.71
conclusions	-0.09	2.62
ship	-0.09	1.84
bus	-0.09	1.61
secret	-0.09	1.55
same	-0.09	3.89
familiarity	-0.09	1.86
non-trivial	-0.09	1.96
efficiently	-0.09	2.26
told	-0.09	2.79
inheritance	-0.09	1.69
locked	-0.09	1.76
revision	-0.09	1.87
nulls	-0.09	2.12
easier	-0.09	2.37
exit	-0.09	1.78
buy	-0.09	1.66
invoke	-0.09	1.94
releasing	-0.08	1.68
opengl	-0.08	1.56
released	-0.08	2.20
crashes	-0.08	1.99
computational	-0.08	1.79
neither	-0.08	2.45
instances	-0.08	1.77
persistence	-0.08	1.64
cast	-0.08	1.88
convert	-0.08	1.73
accepted	-0.08	2.14
philosophy	-0.08	2.18
attempts	-0.08	2.02
real-world	-0.08	2.23
awhile	-0.08	2.68
banned	-0.08	1.84
male	-0.08	1.44
observation	-0.08	2.60
firm	-0.08	1.83
sleep	-0.08	2.01
traffic	-0.08	1.81
block	-0.08	2.09
patches	-0.08	1.90
extending	-0.08	1.97
low-level	-0.08	1.73
premature	-0.08	1.81
high	-0.08	1.68
caches	-0.08	1.65
reputation	-0.07	1.69
fizzbuzz	-0.07	2.38
digits	-0.07	1.84
classes	-0.07	1.76
applied	-0.07	2.26
dropping	-0.07	1.99
formats	-0.07	1.61
concrete	-0.07	2.04
vice	-0.07	1.77
declaration	-0.07	1.94
delivery	-0.07	1.69
getting	-0.07	3.36
orthogonal	-0.07	1.72
somehow	-0.07	2.41
vc	-0.07	1.78
virtual	-0.07	1.66
trigger	-0.07	1.85
declaring	-0.07	1.98
realize	-0.07	3.79
combining	-0.07	1.72
junior	-0.07	1.55
carry	-0.07	1.89
encrypted	-0.07	1.57
adopted	-0.07	2.04
10k	-0.07	1.84
fighting	-0.07	2.09
candidate	-0.07	2.31
assumes	-0.07	2.92
errors	-0.07	1.93
night	-0.07	2.19
oriented	-0.07	1.75
storage	-0.07	1.46
keywords	-0.07	1.74
encapsulation	-0.07	1.77
create	-0.07	2.13
reaction	-0.07	1.72
optimized	-0.07	1.81
endless	-0.07	1.45
greater	-0.07	1.78
pass	-0.07	2.07
specify	-0.07	2.39
favour	-0.07	2.03
locally	-0.07	1.80
bsd	-0.07	1.57
adjust	-0.07	2.18
employers	-0.06	1.77
clearer	-0.06	2.51
recently	-0.06	3.06
contents	-0.06	1.83
tcp	-0.06	1.81
mechanism	-0.06	1.61
solely	-0.06	1.83
flag	-0.06	1.85
reliable	-0.06	1.87
population	-0.06	1.66
union	-0.06	1.72
shorter	-0.06	2.38
leaves	-0.06	1.87
meant	-0.06	4.21
necessary	-0.06	2.50
natively	-0.06	1.65
pushed	-0.06	2.06
scope	-0.06	1.85
stories	-0.06	1.52
attribute	-0.06	1.66
concerns	-0.06	1.85
judgement	-0.06	2.06
popularity	-0.06	1.63
applying	-0.06	2.52
ui	-0.06	1.52
handler	-0.06	1.99
attention	-0.06	2.14
ability	-0.06	2.20
perhaps	-0.06	3.66
queues	-0.06	1.75
symbol	-0.06	1.84
switching	-0.06	1.83
cell	-0.06	1.74
professionals	-0.06	1.54
lambdas	-0.06	1.75
though	-0.06	4.13
foundation	-0.06	1.70
party	-0.06	1.76
reduces	-0.06	1.76
priorities	-0.06	1.86
letters	-0.05	1.79
standing	-0.05	1.77
hugely	-0.05	1.96
find	-0.05	3.43
solve	-0.05	2.70
percentage	-0.05	1.79
safely	-0.05	2.01
expression	-0.05	1.99
perception	-0.05	1.67
1.0	-0.05	2.32
economic	-0.05	1.84
anecdotal	-0.05	2.53
wiki	-0.05	1.97
normally	-0.05	2.61
grew	-0.05	1.80
number	-0.05	2.03
baby	-0.05	2.46
understanding	-0.05	2.47
drop	-0.05	2.20
business	-0.05	1.80
monopoly	-0.05	1.68
thrown	-0.05	2.26
coworkers	-0.05	1.91
freedom	-0.05	1.57
monadic	-0.05	1.74
ownership	-0.05	1.64
loaded	-0.05	1.92
driven	-0.05	1.68
opposed	-0.05	1.71
corresponding	-0.05	1.84
entering	-0.05	1.75
body	-0.05	1.88
c++14	-0.05	1.89
config	-0.04	1.88
spin	-0.04	1.85
names	-0.04	1.71
computations	-0.04	1.77
rejected	-0.04	1.98
udp	-0.04	1.80
sockets	-0.04	1.75
non	-0.04	1.97
understood	-0.04	2.99
invented	-0.04	2.52
throughput	-0.04	1.72
ip	-0.04	1.76
workers	-0.04	1.62
serves	-0.04	2.00
power	-0.04	1.66
jump	-0.04	2.14
qa	-0.04	1.60
toward	-0.04	1.83
caching	-0.04	1.67
stick	-0.04	2.43
happened	-0.04	3.32
oop	-0.04	1.77
operating	-0.04	1.66
licensing	-0.04	1.53
gnu	-0.04	1.54
competitors	-0.04	1.65
object-oriented	-0.04	1.77
suggest	-0.04	3.28
ram	-0.04	1.57
packets	-0.04	1.90
eat	-0.04	1.90
taking	-0.04	2.99
serving	-0.04	1.87
evaluate	-0.04	2.17
sometimes	-0.04	3.69
abandon	-0.04	2.13
violate	-0.04	1.82
scoping	-0.04	1.72
dying	-0.04	1.61
plans	-0.04	1.68
pay	-0.04	1.61
repo	-0.04	1.77
looking	-0.04	3.68
lives	-0.04	1.72
ssl	-0.04	1.74
mainstream	-0.04	1.96
foreign	-0.04	1.73
mutable	-0.04	1.72
ascii	-0.03	1.68
compiles	-0.03	1.62
module	-0.03	1.73
deny	-0.03	2.28
desirable	-0.03	1.63
wondered	-0.03	3.50
via	-0.03	1.91
socket	-0.03	1.82
purposes	-0.03	1.89
every	-0.03	2.75
too	-0.03	3.06
warnings	-0.03	1.83
cash	-0.03	1.62
hang	-0.03	2.05
buying	-0.03	1.67
sequential	-0.03	1.69
xml	-0.03	1.64
bought	-0.03	2.04
constructs	-0.03	1.75
connection	-0.03	1.81
deploy	-0.03	1.77
implementations	-0.03	1.86
john	-0.03	1.61
roughly	-0.03	2.19
announced	-0.03	2.14
consideration	-0.03	2.09
mentally	-0.03	1.71
life	-0.03	1.94
paid	-0.03	1.59
raise	-0.03	1.92
itself	-0.03	2.91
happening	-0.03	3.76
samples	-0.03	1.87
group	-0.03	1.77
clone	-0.03	1.75
implementation	-0.03	2.00
appear	-0.03	2.89
writers	-0.03	1.74
reduction	-0.03	1.72
portable	-0.03	2.04
simplicity	-0.03	1.62
columns	-0.03	1.76
circular	-0.03	1.74
automatically	-0.02	2.56
networks	-0.02	1.56
complaint	-0.02	2.31
moral	-0.02	2.27
road	-0.02	1.79
swap	-0.02	1.85
state	-0.02	1.78
templates	-0.02	1.65
professionally	-0.02	2.40
arrow	-0.02	2.16
echo	-0.02	1.63
hostile	-0.02	1.78
rendered	-0.02	1.57
parsing	-0.02	1.75
crashing	-0.02	2.01
communicate	-0.02	2.61
namely	-0.02	1.81
optimisation	-0.02	1.73
collected	-0.02	1.77
finish	-0.02	2.55
learnt	-0.01	2.57
dramatically	-0.01	1.89
art	-0.01	1.45
repeated	-0.01	1.60
clock	-0.01	1.86
character	-0.01	1.81
initial	-0.01	2.11
cycle	-0.01	1.71
defining	-0.01	2.02
communication	-0.01	1.76
remote	-0.01	1.84
implications	-0.01	1.93
sheer	-0.01	1.56
final	-0.01	2.03
characters	-0.01	1.77
laziness	-0.01	1.76
feet	-0.01	1.70
npm	-0.01	1.65
network	-0.01	1.76
features	-0.01	2.13
jumping	-0.01	2.09
sections	-0.01	1.75
expressions	-0.01	1.94
backed	-0.01	1.83
directly	-0.01	2.44
movement	-0.01	1.85
sex	-0.01	1.46
repos	-0.01	1.73
banks	-0.01	1.63
gpus	-0.01	1.74
throwing	-0.01	2.16
opened	-0.01	2.01
basics	-0.01	2.18
labor	-0.01	1.64
versus	-0.01	1.53
engineers	-0.01	1.61
candidates	-0.01	2.07
markets	-0.01	1.72
referenced	-0.01	1.97
become	-0.01	2.33
slight	-0.01	1.96
browser	-0.01	1.69
root	-0.01	1.79
floats	-0.01	2.03
banking	-0.01	1.63
comma	-0.01	1.96
policies	-0.01	1.67
amazon	-0.01	1.72
constructors	-0.01	1.85
width	-0.00	1.76
bottom	-0.00	2.03
creator	-0.00	1.65
cold	-0.00	1.58
came	-0.00	2.79
industry	-0.00	1.74
undefined	-0.00	2.22
repository	-0.00	1.78
alternatives	-0.00	2.68
imperative	-0.00	1.72
signal	-0.00	1.74
critical	-0.00	2.01
raii	-0.00	1.72
notation	-0.00	1.88
close	-0.00	2.18
authentication	-0.00	1.57
equally	-0.00	2.03
ignoring	-0.00	2.03
precisely	-0.00	3.11
form	-0.00	2.01
optimizing	0.00	1.81
simultaneously	0.00	1.93
social	0.00	1.60
sector	0.00	1.63
noted	0.00	2.92
determining	0.00	2.46
second	0.00	2.30
detect	0.00	2.34
references	0.00	1.83
represents	0.00	2.12
abilities	0.00	1.81
closures	0.00	1.76
insanely	0.00	2.07
don't	0.00	2.94
misunderstood	0.00	4.10
between	0.00	1.82
offered	0.00	2.12
partially	0.00	2.08
wanting	0.01	2.14
subtle	0.01	1.81
flow	0.01	1.84
evaluated	0.01	2.14
action	0.01	1.87
increase	0.01	1.77
splitting	0.01	1.84
grand	0.01	1.47
stone	0.01	1.45
i.e	0.01	2.07
64	0.01	1.96
parse	0.01	1.77
parsers	0.01	1.74
locations	0.01	1.95
locality	0.01	1.77
benchmarks	0.01	1.77
10x	0.01	2.09
unions	0.01	1.61
incremental	0.01	1.82
paper	0.01	1.96
picking	0.01	2.42
table	0.01	1.69
letter	0.01	1.78
entire	0.01	2.06
invest	0.02	2.16
mechanical	0.02	1.65
high-level	0.02	1.65
continuing	0.02	2.00
capture	0.02	2.04
regardless	0.02	2.79
region	0.02	1.68
freebsd	0.02	1.69
nuts	0.02	2.23
keys	0.02	1.75
rolling	0.02	2.00
32-bit	0.02	2.00
follow	0.02	2.00
afford	0.02	1.56
ast	0.02	1.73
facebook	0.02	1.74
tagged	0.02	1.65
press	0.02	2.16
met	0.02	2.23
parser	0.02	1.88
each	0.02	2.18
logging	0.02	1.59
chinese	0.02	1.73
mechanisms	0.02	1.75
erasure	0.02	1.70
talked	0.02	2.77
laid	0.02	1.94
confused	0.02	3.27
markup	0.02	1.61
groovy	0.02	1.54
methods	0.02	1.82
digging	0.02	2.38
downloaded	0.02	2.09
bitbucket	0.02	1.76
abstract	0.02	1.85
traits	0.02	1.69
chips	0.02	1.70
importantly	0.02	1.93
mutability	0.02	1.72
train	0.02	1.66
drives	0.02	1.34
contribute	0.03	2.09
basis	0.03	1.85
deployment	0.03	1.62
immutability	0.03	1.70
others	0.03	2.89
pi	0.03	1.74
cloud	0.03	1.70
context	0.03	2.85
intelligence	0.03	1.70
frames	0.03	1.73
opening	0.03	1.93
button	0.03	2.12
highest	0.03	1.94
explorer	0.03	1.81
processes	0.03	1.84
split	0.03	2.02
format	0.03	1.64
win32	0.03	1.57
hex	0.03	1.82
strict	0.03	1.75
strengths	0.03	1.76
<URL>	0.03	1.52
<SPECIAL>	0.03	1.52
register	0.03	1.85
dns	0.03	1.81
speaking	0.03	1.68
talent	0.03	1.64
outside	0.03	2.22
event	0.03	1.81
dumb	0.03	1.72
leave	0.03	2.73
asynchronous	0.03	1.75
gcc	0.03	1.78
difficulty	0.03	1.96
history	0.03	1.71
async	0.03	1.71
debian	0.03	1.66
behaves	0.03	2.01
children	0.03	1.78
declarative	0.03	1.81
vastly	0.03	2.30
setting	0.03	1.92
arch	0.03	1.82
violation	0.03	1.74
mutation	0.03	1.72
dry	0.03	1.79
demand	0.04	1.65
comparable	0.04	1.38
core	0.04	1.96
tradeoff	0.04	2.02
seek	0.04	1.90
procedural	0.04	1.85
servers	0.04	1.75
cards	0.04	1.60
facing	0.04	1.75
systemd	0.04	1.64
interviews	0.04	2.22
counting	0.04	1.72
ubuntu	0.04	1.71
planning	0.04	1.78
improving	0.04	2.06
shortage	0.04	1.59
alignment	0.04	1.79
gender	0.04	1.61
callbacks	0.04	1.78
consumer	0.04	1.63
educated	0.04	1.54
intuitive	0.04	1.86
sticking	0.04	2.12
optimization	0.04	1.87
header	0.04	1.76
family	0.04	1.68
increasing	0.04	1.76
architecture	0.04	1.73
approaches	0.04	2.00
our	0.04	1.97
resolution	0.05	1.71
biggest	0.05	2.09
long	0.05	2.80
random	0.05	1.76
unexpected	0.05	1.60
docker	0.05	1.72
sales	0.05	1.52
improve	0.05	2.07
repeatedly	0.05	2.60
dead	0.05	1.58
length	0.05	1.90
detail	0.05	2.53
xor	0.05	1.69
boundaries	0.05	1.62
dos	0.05	1.80
64-bit	0.05	1.91
price	0.05	1.65
connections	0.05	1.74
continued	0.05	1.86
procedures	0.05	1.64
realm	0.05	1.94
relevance	0.05	2.24
look	0.05	3.82
parallel	0.05	1.73
friend	0.05	1.71
2011	0.05	2.22
overlap	0.05	2.82
llvm	0.05	1.74
serial	0.05	1.78
equipment	0.05	1.54
visible	0.05	2.07
patterns	0.05	1.88
selling	0.05	1.80
entropy	0.05	1.78
audience	0.06	2.06
hires	0.06	1.73
variations	0.06	2.02
optimizations	0.06	1.74
hook	0.06	1.83
presented	0.06	2.32
invent	0.06	2.13
restricted	0.06	1.76
ports	0.06	1.75
compiler	0.06	1.80
imply	0.06	3.09
ranges	0.06	1.50
studied	0.06	2.29
market	0.06	1.66
upon	0.06	2.21
defaults	0.06	1.78
oo	0.06	1.84
setup	0.06	1.71
reports	0.06	1.81
charge	0.06	1.58
hard	0.06	2.16
kick	0.06	1.74
permissions	0.06	1.76
compete	0.06	1.73
cores	0.06	1.75
folder	0.06	1.87
connect	0.06	1.80
css	0.06	1.57
translated	0.06	1.83
unlimited	0.06	1.62
consistent	0.06	1.88
parsed	0.07	1.75
spaces	0.07	1.90
math	0.07	1.88
benefit	0.07	2.27
interpreted	0.07	1.65
thesis	0.07	2.25
claimed	0.07	3.20
calculator	0.07	1.67
cpus	0.07	1.76
configuration	0.07	1.75
documents	0.07	1.74
chain	0.07	1.72
powerful	0.07	1.87
followed	0.07	1.83
converting	0.07	1.73
filesystem	0.07	1.62
specifying	0.07	2.04
third	0.07	1.96
ridiculously	0.07	1.95
extract	0.07	1.97
compilation	0.07	1.71
paradigms	0.07	1.90
buttons	0.07	1.99
app	0.07	1.69
asked	0.07	2.71
stage	0.07	1.89
own	0.07	2.11
levels	0.07	1.53
kernel	0.07	1.68
apis	0.07	1.72
readers	0.07	2.12
conventional	0.07	1.98
linq	0.07	1.70
concepts	0.07	1.96
symbols	0.07	1.93
asking	0.07	3.20
smell	0.07	1.78
protocol	0.07	1.82
first-class	0.07	1.74
justification	0.07	2.25
trip	0.07	2.02
keyboard	0.07	2.06
enable	0.07	1.88
putting	0.07	2.51
binaries	0.07	1.76
professional	0.07	1.58
blocking	0.07	1.83
dependencies	0.08	1.77
maintainers	0.08	1.64
opinion	0.08	3.02
vertical	0.08	1.86
polymorphic	0.08	1.73
interaction	0.08	1.77
employment	0.08	1.66
cleaner	0.08	2.26
interviewing	0.08	2.13
privacy	0.08	1.52
competent	0.08	1.50
wise	0.08	1.55
category	0.08	1.65
profile	0.08	1.92
flags	0.08	1.75
fp	0.08	1.76
generator	0.08	1.72
lock	0.08	1.90
executed	0.08	2.15
mentioned	0.08	3.09
sends	0.08	1.68
pop	0.08	1.62
closed	0.08	1.82
threaded	0.09	1.81
timing	0.09	1.77
repeating	0.09	2.46
negative	0.09	1.93
widespread	0.09	1.80
line	0.09	1.99
hosts	0.09	1.80
loading	0.09	1.61
falls	0.09	2.29
host	0.09	1.78
employed	0.09	1.85
slice	0.09	1.61
files	0.09	1.78
copies	0.09	1.72
reset	0.09	1.97
tab	0.09	1.96
providers	0.09	1.75
name	0.09	1.74
costly	0.09	1.85
gather	0.09	2.04
services	0.09	1.75
deserves	0.09	1.62
considered	0.09	2.90
functional	0.09	1.75
vendor	0.09	1.74
scrum	0.09	1.70
cultural	0.09	1.60
stand	0.09	2.30
hire	0.09	1.59
trust	0.09	2.86
workplace	0.09	1.52
batch	0.09	1.74
applications	0.09	1.75
inherent	0.09	1.78
label	0.09	1.70
pushing	0.09	2.13
red	0.09	1.58
generators	0.09	1.72
focus	0.09	2.11
mechanics	0.10	1.96
depending	0.10	2.58
simplified	0.10	1.60
apple	0.10	1.68
stem	0.10	1.63
intend	0.10	2.96
discuss	0.10	2.36
registers	0.10	1.87
client	0.10	1.70
package	0.10	1.68
serialization	0.10	1.67
alternative	0.10	2.60
discovered	0.10	2.55
manual	0.10	1.80
usability	0.10	1.71
pretending	0.10	2.10
conceptual	0.10	1.91
principles	0.10	2.01
ran	0.10	2.28
collect	0.10	1.79
2008	0.10	2.32
development	0.10	1.66
score	0.10	1.84
serve	0.10	1.85
box	0.10	1.76
interoperability	0.10	1.83
consumers	0.10	1.68
providing	0.10	2.17
file	0.10	1.69
indentation	0.10	1.86
oses	0.10	1.76
packet	0.10	1.81
mouse	0.10	2.13
cached	0.10	1.74
vendors	0.10	1.70
effect	0.10	2.02
ready	0.11	2.56
variants	0.11	1.39
colleagues	0.11	1.94
forcing	0.11	2.01
distribution	0.11	1.84
webgl	0.11	1.65
tag	0.11	1.62
gmail	0.11	1.74
copied	0.11	2.24
approach	0.11	2.72
solutions	0.11	2.26
designers	0.11	1.54
quantum	0.11	1.97
technologies	0.11	1.98
future	0.11	3.01
committed	0.11	2.48
cpu	0.11	1.74
sub	0.11	2.19
processors	0.11	1.81
combination	0.11	1.77
apps	0.11	1.69
sentences	0.11	2.19
forms	0.11	1.63
younger	0.11	1.60
apparent	0.11	2.27
rocket	0.11	1.33
agreement	0.11	1.74
hurt	0.11	1.68
tabs	0.11	1.88
bits	0.11	1.92
idiomatic	0.11	1.83
develop	0.11	1.87
clang	0.11	1.78
adobe	0.12	1.49
popular	0.12	1.66
individual	0.12	1.96
troll	0.12	1.82
hopefully	0.12	2.89
attitude	0.12	1.68
jit	0.12	1.72
office	0.12	1.76
phones	0.12	1.73
write	0.12	3.03
extensively	0.12	1.88
enormous	0.12	1.68
linux	0.12	1.70
starting	0.12	2.82
remotely	0.12	2.54
routine	0.12	1.74
inspect	0.12	2.06
aws	0.12	1.75
pick	0.12	3.09
suggests	0.12	2.76
frequently	0.12	1.91
task	0.12	2.20
threads	0.12	1.88
intel	0.12	1.74
previous	0.12	2.38
grasp	0.12	2.40
discrete	0.13	1.84
types	0.13	1.78
service	0.13	1.71
accepting	0.13	1.97
flip	0.13	1.76
profession	0.13	1.62
provider	0.13	1.70
github	0.13	1.83
aspect	0.13	1.98
isolated	0.13	1.87
opens	0.13	1.81
describing	0.13	2.98
determine	0.13	2.84
drm	0.13	1.65
weekend	0.13	2.21
convey	0.13	2.69
constraints	0.13	1.74
building	0.13	1.95
pdf	0.13	1.77
unable	0.13	2.37
interview	0.13	2.23
offering	0.13	2.05
snippets	0.13	1.71
solid	0.13	1.80
csv	0.13	1.74
furthermore	0.13	1.83
click	0.13	2.11
experienced	0.13	1.68
layout	0.13	1.63
supply	0.14	1.61
goals	0.14	1.98
claiming	0.14	2.74
funding	0.14	1.69
probability	0.14	1.99
article	0.14	2.79
partial	0.14	1.69
runs	0.14	1.92
console	0.14	1.54
vm	0.14	1.68
hosted	0.14	1.74
circles	0.14	1.66
compilers	0.14	1.76
concurrency	0.14	1.78
adoption	0.14	1.85
locks	0.14	1.84
port	0.14	1.77
target	0.14	1.82
sufficient	0.14	2.26
generating	0.14	1.86
subtype	0.14	1.89
hammer	0.14	1.95
al	0.14	1.72
targeting	0.14	1.84
concurrent	0.14	1.78
distinguish	0.14	2.52
bash	0.14	1.47
extensions	0.14	1.88
range	0.14	1.74
thinking	0.14	3.65
gain	0.14	2.08
demands	0.14	1.65
hold	0.14	2.50
wealth	0.15	1.76
enough	0.15	2.97
distro	0.15	1.68
mobile	0.15	1.76
toolkit	0.15	1.55
parallelism	0.15	1.71
hardware	0.15	1.71
sequences	0.15	1.66
me	0.15	2.96
lowest	0.15	1.81
statements	0.15	2.18
productivity	0.15	1.77
follows	0.15	1.98
meaning	0.15	2.68
offline	0.15	1.93
regularly	0.15	2.02
dispatch	0.15	1.75
expectations	0.15	1.57
regarding	0.15	1.81
language	0.15	1.70
transfer	0.15	1.83
ssh	0.15	1.78
friends	0.15	1.83
queue	0.15	1.86
third-party	0.15	1.73
latter	0.15	2.48
access	0.15	1.64
processing	0.15	1.67
smarter	0.15	1.93
substitute	0.15	1.56
models	0.15	1.89
architectures	0.15	1.77
attempting	0.15	2.27
gotten	0.15	2.90
forces	0.15	1.84
peer	0.15	1.77
events	0.16	1.88
boot	0.16	1.64
directx	0.16	1.63
gpu	0.16	1.63
entity	0.16	1.73
compromise	0.16	1.90
shaders	0.16	1.66
reliably	0.16	2.35
packages	0.16	1.74
html5	0.16	1.61
solves	0.16	2.25
project	0.16	1.64
devices	0.16	1.73
sake	0.16	1.67
confidence	0.16	1.97
predictable	0.16	1.90
open-source	0.16	1.62
row	0.16	1.82
speed	0.16	1.75
sync	0.16	1.94
sites	0.16	1.88
feature	0.16	2.61
embed	0.16	1.66
draw	0.16	2.02
india	0.16	1.77
polymorphism	0.16	1.74
excel	0.17	1.67
well-known	0.17	2.05
instruction	0.17	1.77
application	0.17	1.72
discussed	0.17	2.67
repositories	0.17	1.58
stream	0.17	1.66
enter	0.17	1.83
zip	0.17	1.82
algebraic	0.17	1.76
compiling	0.17	1.76
opportunities	0.17	1.82
internet	0.17	1.84
creation	0.17	1.58
monitors	0.17	1.82
mutually	0.17	1.63
warning	0.17	1.71
hence	0.17	2.29
leap	0.17	1.85
bytecode	0.17	1.73
token	0.17	1.78
domain	0.17	2.20
messed	0.17	3.44
importance	0.17	1.89
settings	0.17	1.88
amd	0.17	1.68
specifics	0.17	2.19
people	0.17	2.73
skilled	0.17	1.42
sample	0.18	1.96
source	0.18	1.64
shallow	0.18	1.73
earth	0.18	1.85
cursor	0.18	2.15
structural	0.18	1.69
purity	0.18	1.76
suit	0.18	1.68
tokens	0.18	1.71
capabilities	0.18	1.70
discover	0.18	2.35
foss	0.18	1.63
realized	0.18	2.90
vms	0.18	1.74
remain	0.18	2.03
hosting	0.18	1.76
casual	0.18	1.75
overflow	0.18	2.07
earlier	0.18	2.92
page	0.18	2.03
running	0.18	1.83
yesterday	0.18	2.69
threading	0.18	1.76
mentality	0.18	1.79
nix	0.18	1.66
points	0.18	3.03
deployed	0.18	2.05
prefer	0.18	2.57
competitive	0.18	1.66
processor	0.19	1.75
posix	0.19	1.72
drops	0.19	1.46
interviewer	0.19	2.25
peoples	0.19	1.58
stability	0.19	1.75
qt	0.19	1.56
simulate	0.19	1.75
gtk	0.19	1.61
generate	0.19	1.85
desktop	0.19	1.69
wifi	0.19	1.72
speech	0.19	1.54
elsewhere	0.19	3.11
mapping	0.19	1.60
artificial	0.19	1.59
physically	0.19	2.03
religious	0.19	1.74
minimal	0.19	1.67
unfortunately	0.19	3.45
dart	0.19	1.56
advertising	0.19	1.80
restart	0.19	1.83
stretch	0.19	2.18
custom	0.19	1.67
viewing	0.19	2.19
usb	0.19	1.66
face	0.19	1.78
generation	0.19	1.64
successful	0.19	1.65
menu	0.19	1.97
actors	0.19	1.72
targets	0.19	1.75
suits	0.19	1.90
beyond	0.19	1.90
repeat	0.19	2.20
sprint	0.19	1.89
clicking	0.20	2.02
alternate	0.20	1.92
single	0.20	2.71
comprehension	0.20	1.81
intention	0.20	2.73
women	0.20	1.59
chip	0.20	1.70
estimates	0.20	1.67
arm	0.20	1.77
powershell	0.20	1.68
blocked	0.20	1.90
evidence	0.20	2.81
linking	0.20	1.83
generates	0.20	1.79
result	0.20	2.14
low	0.20	1.72
preprocessor	0.20	1.63
noticed	0.20	3.07
measuring	0.20	1.54
individuals	0.20	1.78
easily	0.20	2.60
aligned	0.20	1.89
wide	0.20	1.83
installing	0.20	1.79
wonder	0.21	3.67
term	0.21	2.58
studies	0.21	2.42
provide	0.21	2.26
seed	0.21	1.84
infinite	0.21	1.83
allow	0.21	2.25
contexts	0.21	2.03
browse	0.21	1.87
drivers	0.21	1.63
rows	0.21	1.79
beginners	0.21	2.02
underlying	0.21	1.94
url	0.21	1.90
switches	0.21	1.82
process	0.21	1.95
community	0.21	1.68
bringing	0.21	2.40
behind	0.21	2.13
magically	0.21	2.34
falling	0.21	1.97
mac	0.21	1.79
above	0.21	3.16
physics	0.21	1.83
fight	0.21	1.61
achieved	0.21	2.10
incredibly	0.21	2.19
transaction	0.21	1.82
audit	0.21	1.85
latex	0.21	1.72
intermediate	0.21	1.74
control	0.22	1.65
pet	0.22	1.25
urls	0.22	1.89
conceptually	0.22	2.41
expectation	0.22	2.06
tracking	0.22	1.88
generics	0.22	1.72
4k	0.22	1.73
proud	0.22	2.49
transformations	0.22	1.65
communicating	0.22	2.00
ieee	0.22	2.52
consistently	0.22	1.72
translate	0.22	1.92
unique	0.22	1.86
debug	0.22	1.98
normal	0.22	1.69
attributes	0.22	1.66
responding	0.22	3.41
displays	0.22	1.69
maintainability	0.22	1.70
albeit	0.22	1.90
sacrifice	0.23	1.91
fork	0.23	1.63
maths	0.23	1.98
subjects	0.23	1.86
x86	0.23	1.78
obscure	0.23	1.49
long-term	0.23	1.76
export	0.23	1.63
portability	0.23	1.81
medical	0.23	1.53
tablet	0.23	1.75
hit	0.23	2.44
reproduce	0.23	2.36
french	0.23	1.84
microsoft	0.23	1.67
physical	0.23	1.80
sequence	0.23	1.77
paint	0.23	1.87
osx	0.23	1.77
screens	0.23	1.82
preferences	0.23	2.15
automatic	0.24	1.80
performance	0.24	1.75
female	0.24	1.58
2014	0.24	2.15
crowd	0.24	2.62
submitted	0.24	2.24
metaprogramming	0.24	1.61
beat	0.24	1.63
embedded	0.24	1.84
volume	0.24	1.58
raises	0.24	1.94
laptop	0.24	1.70
accomplished	0.24	2.17
connected	0.24	1.80
native	0.24	1.66
blue	0.24	1.55
parametric	0.24	1.75
download	0.24	1.87
writing	0.24	2.76
silverlight	0.24	1.63
pointed	0.24	2.96
subtyping	0.24	1.76
installed	0.24	1.77
creators	0.24	2.19
gave	0.24	2.60
caught	0.24	2.35
derivative	0.24	1.56
programmers	0.24	1.66
outcome	0.24	1.96
publishing	0.24	1.95
users	0.24	2.04
windows	0.24	1.80
ease	0.24	1.76
ask	0.24	2.91
black	0.24	1.55
definition	0.25	2.53
location	0.25	2.01
render	0.25	1.62
rules	0.25	1.90
ghc	0.25	1.79
according	0.25	2.19
install	0.25	1.78
aim	0.25	2.08
scientists	0.25	1.80
young	0.25	1.54
review	0.25	1.93
tied	0.25	2.08
colors	0.25	1.65
understandable	0.25	2.14
fashion	0.25	1.81
readme	0.25	2.02
reflect	0.25	2.28
personally	0.25	2.61
metadata	0.25	1.67
machines	0.25	1.88
background	0.25	1.61
semantic	0.25	2.14
visit	0.25	2.05
top	0.25	2.23
actions	0.25	1.73
drawing	0.26	1.91
reach	0.26	2.15
subset	0.26	2.20
tight	0.26	1.75
numerical	0.26	1.71
utf-8	0.26	1.88
compiled	0.26	1.76
minimum	0.26	1.70
route	0.26	2.26
extremely	0.26	2.27
although	0.26	3.36
open	0.26	1.71
convenience	0.26	1.73
begin	0.26	2.11
carmack	0.26	1.55
lacks	0.26	1.45
macros	0.26	1.61
minority	0.26	1.76
bear	0.26	1.43
sugar	0.26	1.75
read	0.26	2.82
literature	0.26	1.94
displayed	0.26	1.85
rough	0.26	1.61
strength	0.26	1.61
languages	0.26	1.72
instructions	0.27	1.80
drive	0.27	1.44
practices	0.27	2.86
offer	0.27	2.11
researchers	0.27	1.85
proposal	0.27	1.86
guidelines	0.27	1.94
oss	0.27	1.62
phone	0.27	1.70
platforms	0.27	1.74
international	0.27	1.75
accurately	0.27	2.24
feels	0.27	1.92
signals	0.27	1.80
webpage	0.27	1.84
lose	0.27	2.05
iphone	0.27	1.76
generated	0.27	1.86
frame	0.27	1.71
logic	0.27	1.94
msvc	0.27	1.82
deeper	0.27	2.15
identifier	0.27	1.88
following	0.27	2.17
objectively	0.27	2.48
wave	0.28	1.72
boxes	0.28	1.73
contributing	0.28	1.73
window	0.28	1.83
headers	0.28	1.72
transactions	0.28	1.70
sessions	0.28	1.79
encoding	0.28	1.85
diversity	0.28	1.65
basic	0.28	2.09
os	0.28	1.75
proggit	0.28	2.35
mail	0.28	1.88
theme	0.28	1.72
race	0.28	1.73
leverage	0.28	1.87
agile	0.28	1.87
served	0.28	1.99
dollar	0.28	1.79
whitespace	0.28	1.96
haskell	0.28	1.62
human	0.28	1.70
compile	0.28	1.84
predict	0.28	2.33
invalid	0.28	2.51
trade	0.28	1.71
concept	0.28	2.45
world	0.29	2.27
very	0.29	2.43
unix	0.29	1.71
refresh	0.29	1.92
determined	0.29	2.48
device	0.29	1.67
question	0.29	2.66
coming	0.29	2.86
script	0.29	1.69
japanese	0.29	1.77
letting	0.29	2.28
reaching	0.29	1.89
syndrome	0.29	1.69
submit	0.29	2.03
utilities	0.29	1.69
sell	0.29	1.67
bare	0.29	1.75
display	0.29	1.74
independent	0.29	1.99
technology	0.29	2.03
asks	0.29	2.97
perfectly	0.29	2.36
statistics	0.29	1.96
usefulness	0.29	1.87
balance	0.30	1.57
detected	0.30	2.30
principle	0.30	2.03
vs	0.30	1.47
descriptive	0.30	1.76
azure	0.30	1.70
navigation	0.30	1.86
indicates	0.30	2.28
brute	0.30	1.95
builds	0.30	1.86
clean	0.30	2.05
zone	0.30	1.98
rename	0.30	1.85
measures	0.30	1.76
realizing	0.30	2.63
messing	0.30	2.66
perceived	0.30	1.71
depends	0.30	4.10
central	0.30	1.81
deterministic	0.30	1.92
fixed	0.30	2.51
address	0.30	2.11
website	0.30	1.96
tags	0.30	1.67
hardly	0.30	2.59
straight	0.30	1.78
tweak	0.30	2.33
cygwin	0.30	1.70
rendering	0.30	1.61
tired	0.30	1.84
scroll	0.30	2.00
gained	0.31	2.03
invested	0.31	2.06
accessed	0.31	1.80
accounts	0.31	1.84
techniques	0.31	1.91
hiding	0.31	1.63
works	0.31	3.16
superior	0.31	2.13
inferior	0.31	2.14
distance	0.31	1.66
entities	0.31	1.62
cite	0.31	2.44
erlang	0.31	1.57
color	0.31	1.62
methodology	0.31	2.05
procedure	0.31	1.80
wider	0.31	1.91
wpf	0.31	1.59
styles	0.31	1.85
exact	0.31	2.98
site	0.31	2.03
noting	0.31	1.67
computing	0.32	1.70
published	0.32	2.17
provides	0.32	1.97
streams	0.32	1.66
cross	0.32	1.70
fuck	0.32	2.17
messages	0.32	1.86
strong	0.32	2.04
directory	0.32	1.73
pixels	0.32	1.77
improves	0.32	1.82
accessible	0.32	1.86
answered	0.32	2.70
materials	0.32	1.63
cutting	0.32	2.00
2012	0.32	2.15
date	0.32	2.12
mailing	0.32	2.03
policy	0.32	1.69
relation	0.32	1.67
distributed	0.33	1.80
screen	0.33	1.83
refused	0.33	1.71
extensible	0.33	1.83
semantics	0.33	2.02
voting	0.33	1.97
hat	0.33	1.48
uniform	0.33	2.01
unfair	0.33	1.93
thankfully	0.33	1.90
safe	0.33	1.85
records	0.33	1.74
eating	0.33	1.92
highly	0.33	2.20
allows	0.33	2.14
poster	0.33	2.95
whiteboard	0.33	2.19
force	0.33	1.77
systems	0.33	1.78
ads	0.34	1.88
nvidia	0.34	1.61
designing	0.34	1.83
apples	0.34	1.67
express	0.34	2.82
refuse	0.34	2.33
modeling	0.34	2.13
bank	0.34	1.65
alternatively	0.34	1.75
selecting	0.34	2.08
pixel	0.34	1.76
aimed	0.34	2.07
channels	0.34	1.76
hope	0.34	3.69
remind	0.34	1.60
questions	0.34	2.30
cry	0.34	1.70
encourage	0.34	1.93
gc	0.34	1.82
unfamiliar	0.34	1.88
keeping	0.34	2.11
garbage	0.34	1.83
lesser	0.34	1.42
content	0.35	2.06
provided	0.35	2.09
magical	0.35	1.57
attempt	0.35	2.29
blow	0.35	1.87
c	0.35	1.72
brought	0.35	2.42
acm	0.35	1.89
possibly	0.35	3.47
trained	0.35	1.79
visually	0.35	1.86
communities	0.35	1.96
broad	0.35	1.82
round	0.35	2.04
figuring	0.35	2.50
defined	0.35	2.17
interpreters	0.35	1.60
separation	0.35	1.81
efforts	0.35	1.95
yield	0.35	1.61
offers	0.36	1.90
details	0.36	2.03
novice	0.36	1.90
markdown	0.36	1.88
mock	0.36	1.83
precision	0.36	2.47
par	0.36	1.44
separated	0.36	2.13
todo	0.36	1.68
flash	0.36	1.62
primary	0.36	1.97
remaining	0.36	1.88
pro	0.36	1.58
collector	0.36	1.83
gaining	0.37	2.16
whatsapp	0.37	1.80
topics	0.37	2.10
2013	0.37	2.08
quotes	0.37	2.16
publish	0.37	2.00
whatnot	0.37	1.63
backing	0.37	1.98
sane	0.37	1.80
current	0.37	2.01
meet	0.37	1.99
codes	0.37	1.79
estimate	0.37	1.74
micro	0.37	1.85
replacement	0.37	2.02
requirements	0.37	1.88
academic	0.37	1.77
updated	0.37	2.29
installation	0.38	1.75
formatting	0.38	1.75
scrolling	0.38	1.89
environment	0.38	1.97
makes	0.38	2.60
bird	0.38	1.93
channel	0.38	1.81
explaining	0.38	2.99
die	0.38	2.16
words	0.38	2.12
rare	0.38	2.05
shell	0.38	1.68
pc	0.38	1.75
macro	0.38	1.73
manner	0.39	2.06
relate	0.39	2.04
fonts	0.39	1.72
genuine	0.39	1.79
original	0.39	3.23
universe	0.39	1.96
smart	0.39	1.69
scripts	0.39	1.57
fresh	0.39	1.67
clicked	0.39	2.20
style	0.39	1.94
claims	0.39	2.57
widely	0.39	2.26
standardized	0.39	1.73
fits	0.39	2.22
combinations	0.39	2.04
stackoverflow	0.40	2.22
fake	0.40	1.54
contact	0.40	2.01
reader	0.40	1.92
canonical	0.40	1.78
increased	0.40	1.70
frustrated	0.40	1.86
extent	0.40	2.53
execute	0.40	2.03
digital	0.40	1.79
rapid	0.40	1.76
assertions	0.40	2.11
request	0.40	1.93
grid	0.40	1.78
credit	0.40	1.70
purchase	0.40	1.64
enables	0.40	1.82
dynamically	0.41	1.78
jvm	0.41	1.64
passes	0.41	1.94
browsing	0.41	2.10
check	0.41	2.96
busy	0.41	2.42
paste	0.41	1.93
pattern	0.41	1.98
executes	0.41	1.97
fairly	0.41	2.19
ios	0.41	1.76
doable	0.41	2.38
missing	0.41	3.86
us	0.42	2.25
configure	0.42	1.77
defines	0.42	2.10
shall	0.42	1.92
algebra	0.42	2.00
trend	0.42	1.94
readability	0.42	1.73
desired	0.42	1.77
introductory	0.42	1.79
focusing	0.42	2.26
lightweight	0.42	1.81
intelligent	0.42	1.63
uncomfortable	0.42	1.59
column	0.42	1.76
enabled	0.42	1.85
account	0.42	1.62
crashed	0.42	2.14
near	0.42	2.07
platform	0.42	1.69
listing	0.42	1.67
unlikely	0.42	2.24
solution	0.42	3.17
assets	0.42	1.69
bet	0.43	2.90
modes	0.43	1.80
complete	0.43	2.23
unusual	0.43	1.71
sent	0.43	2.00
faith	0.43	1.77
scheme	0.43	1.49
tests	0.43	1.92
optimal	0.43	2.84
twitter	0.43	2.10
execution	0.43	1.89
spec	0.43	2.00
includes	0.43	1.26
contract	0.43	1.65
survive	0.43	2.10
produces	0.43	2.23
signed	0.43	2.34
capable	0.43	2.12
email	0.44	1.82
hacker	0.44	2.15
callback	0.44	1.76
font	0.44	1.70
misses	0.44	1.84
sufficiently	0.44	2.06
illegal	0.44	1.71
surely	0.44	2.74
c99	0.44	1.95
alive	0.44	2.15
official	0.44	1.84
blog	0.44	2.66
reflection	0.44	1.77
light	0.44	1.54
niche	0.45	2.01
downloading	0.45	1.80
habit	0.45	2.00
tricks	0.45	1.65
thread	0.45	2.63
dsl	0.45	1.66
accepts	0.45	2.14
irc	0.45	1.88
product	0.45	1.63
allowing	0.45	2.16
narrow	0.45	2.12
inference	0.45	1.85
ms	0.45	1.74
tracing	0.45	2.00
waiting	0.45	2.30
profitable	0.45	1.63
heart	0.45	1.64
typed	0.45	1.69
requests	0.45	1.94
feelings	0.46	1.65
report	0.46	2.08
st	0.46	1.44
netflix	0.46	1.67
committee	0.46	2.07
consensus	0.46	2.13
unit	0.46	1.90
title	0.46	2.64
elegant	0.46	1.97
aware	0.46	3.50
wording	0.46	2.73
behaviour	0.46	2.17
latest	0.46	1.70
evaluating	0.46	2.41
dog	0.46	1.69
tldr	0.46	1.85
green	0.46	1.66
century	0.46	2.08
lost	0.46	2.25
hello	0.47	1.79
android	0.47	1.70
sarcastic	0.47	2.62
frustrating	0.47	1.74
fallacy	0.47	2.02
watched	0.47	1.54
reviews	0.47	1.87
upvotes	0.47	2.24
75	0.47	1.61
well-defined	0.47	2.08
clients	0.47	1.74
ordering	0.47	1.87
conference	0.47	2.09
edges	0.47	1.55
prompt	0.47	1.67
white	0.47	1.40
accept	0.47	2.32
reddit	0.48	2.67
tone	0.48	2.01
message	0.48	1.81
metrics	0.48	1.83
gif	0.48	1.68
papers	0.48	2.01
forth	0.48	1.55
ml	0.48	1.54
rule	0.48	2.25
status	0.48	1.68
forums	0.48	2.16
addresses	0.49	2.04
free	0.49	1.64
technically	0.49	2.79
posted	0.49	2.78
solving	0.49	2.13
duck	0.49	1.70
lisp	0.49	1.57
research	0.49	1.88
english	0.49	1.93
criteria	0.49	2.20
mode	0.49	1.85
improved	0.49	1.90
losing	0.49	2.12
examples	0.50	2.30
wire	0.50	1.77
choice	0.50	3.00
decent	0.50	2.42
standard	0.50	2.08
id	0.50	1.69
selected	0.50	1.93
admit	0.50	2.95
integrity	0.50	1.80
trivially	0.50	2.19
scalability	0.50	1.67
voted	0.50	2.54
cover	0.50	1.76
images	0.50	1.73
replying	0.50	3.37
scientific	0.50	1.92
relatively	0.50	2.10
boat	0.50	1.97
expand	0.50	2.23
word	0.50	2.18
objective-c	0.50	1.53
asm	0.51	1.68
temporary	0.51	1.73
additionally	0.51	1.98
moment	0.51	2.72
grep	0.51	1.54
regex	0.51	1.96
cryptographic	0.51	2.01
syntax	0.51	1.84
sdk	0.51	1.67
printed	0.51	1.87
continuous	0.51	1.83
tricky	0.52	1.85
heard	0.52	3.16
downvote	0.52	2.40
pushes	0.52	1.83
monitoring	0.52	1.79
blogs	0.52	2.04
blind	0.52	2.11
dynamic	0.52	1.86
typing	0.52	1.86
separating	0.52	1.80
constraint	0.52	1.78
sat	0.52	2.05
show	0.52	2.98
judging	0.53	2.01
presence	0.53	1.86
forgetting	0.53	2.42
user	0.53	1.58
freely	0.53	1.79
idioms	0.53	1.79
sign	0.53	2.00
tie	0.53	1.66
titles	0.54	1.84
media	0.54	1.62
availability	0.54	1.90
payment	0.54	1.54
regression	0.54	1.83
challenges	0.54	1.97
pipeline	0.54	1.69
delivering	0.54	1.77
organized	0.54	2.05
run-time	0.54	1.91
ported	0.54	1.88
explore	0.54	2.10
study	0.54	2.26
rust	0.54	1.82
pleasant	0.55	1.62
mr	0.55	1.54
sentence	0.55	2.41
paragraph	0.55	2.38
daily	0.55	1.73
commercial	0.55	1.66
bit	0.55	2.60
executing	0.55	2.01
c-like	0.55	1.90
boils	0.55	2.18
build	0.55	1.98
imho	0.55	2.23
talk	0.55	2.65
c/c	0.55	1.48
emphasis	0.55	1.95
shocked	0.55	2.64
matching	0.55	1.81
motivated	0.55	1.75
tutorials	0.55	1.68
lua	0.55	1.48
implied	0.56	2.88
sophisticated	0.56	1.60
send	0.56	1.93
randomness	0.56	1.79
secondly	0.56	1.99
catching	0.56	1.90
diagram	0.56	1.89
reporting	0.56	1.80
specified	0.56	2.19
definitions	0.56	2.30
covers	0.56	1.61
executable	0.56	1.89
internals	0.57	1.99
commented	0.57	2.83
test	0.57	2.08
image	0.57	1.73
assembler	0.57	1.65
catch	0.57	2.22
magic	0.57	1.66
universal	0.57	1.35
sources	0.57	1.97
geometry	0.57	1.60
ceylon	0.57	1.65
beginner	0.57	1.87
rational	0.57	1.69
emulate	0.57	1.91
usable	0.57	1.76
reviewed	0.58	2.41
credentials	0.58	1.63
advanced	0.58	1.70
computation	0.58	2.01
suppose	0.58	3.53
meaningful	0.58	2.00
important	0.58	2.09
reliability	0.58	1.92
r/programming	0.58	2.61
mentioning	0.58	2.36
vague	0.58	2.04
must	0.58	3.22
interpreter	0.58	1.75
famous	0.58	1.34
covered	0.59	1.90
expert	0.59	2.01
clojure	0.59	1.55
interests	0.59	1.75
link	0.59	2.62
restriction	0.59	1.38
safety	0.59	1.90
recall	0.59	2.29
angry	0.59	1.74
odd	0.59	1.76
terms	0.59	1.83
vote	0.59	2.06
produce	0.59	2.09
input	0.59	1.84
fat	0.59	1.72
mirror	0.59	1.84
achieve	0.60	2.17
experts	0.60	1.72
plug	0.60	1.64
responded	0.60	3.03
officially	0.60	2.05
puzzles	0.60	1.68
soft	0.60	1.80
forum	0.60	2.37
vb	0.60	1.40
embrace	0.60	1.74
runtime	0.60	1.88
positive	0.61	1.90
op	0.61	3.03
doubt	0.61	2.83
products	0.61	1.70
matches	0.61	2.28
rm	0.61	1.47
printing	0.61	1.79
guide	0.61	1.83
below	0.61	2.65
brackets	0.61	2.23
implies	0.61	2.86
ada	0.61	1.56
run	0.61	2.08
racket	0.61	1.54
toolchain	0.61	1.77
spare	0.61	1.97
rfc	0.62	2.11
discussions	0.62	2.16
puzzle	0.62	2.07
matlab	0.62	1.54
identical	0.62	1.78
makefile	0.62	1.68
compliant	0.62	2.01
prints	0.62	1.81
machine	0.62	2.03
necessity	0.62	1.50
hn	0.62	2.64
mistake	0.62	2.48
tdd	0.62	1.97
while	0.62	2.73
qualify	0.62	1.82
links	0.62	2.29
fan	0.62	2.45
graphics	0.63	1.59
mistaken	0.63	3.78
joking	0.63	3.62
sentiment	0.63	2.71
sound	0.63	1.78
ensuring	0.63	1.85
authority	0.63	1.98
coding	0.63	2.14
given	0.63	2.64
emails	0.63	1.89
feed	0.64	1.62
mathematics	0.64	2.22
dare	0.64	1.95
speaker	0.64	1.75
specs	0.64	2.18
gaming	0.64	1.65
post	0.64	2.91
extensive	0.65	1.81
testing	0.65	1.84
streaming	0.65	1.69
smalltalk	0.65	1.40
responsive	0.66	1.55
mediocre	0.66	2.22
comments	0.66	2.76
carefully	0.66	2.01
assembly	0.66	1.85
login	0.66	1.59
gui	0.66	1.68
killed	0.66	1.66
submission	0.66	2.41
promises	0.67	1.54
explains	0.67	2.41
choose	0.67	3.02
mother	0.67	1.55
standards	0.67	1.99
devs	0.67	1.72
helps	0.67	1.77
participate	0.67	2.08
feeling	0.67	2.18
luckily	0.67	1.59
nimrod	0.67	1.52
ocaml	0.67	1.55
mature	0.67	1.74
fields	0.68	1.78
complaints	0.68	1.86
text	0.68	1.74
knew	0.68	3.04
defensive	0.68	1.78
shows	0.68	2.38
fortran	0.68	1.50
theoretically	0.68	1.89
struggle	0.68	2.00
automation	0.68	1.84
messaging	0.68	1.85
won	0.69	1.80
direct	0.69	1.86
receiving	0.69	2.07
sourced	0.69	1.83
ssd	0.69	1.75
struggling	0.69	2.43
documentation	0.69	1.75
reduced	0.69	1.50
admittedly	0.69	2.15
parties	0.69	1.71
theoretical	0.69	2.08
terminal	0.69	1.72
spam	0.69	2.11
meta	0.69	2.18
subreddit	0.69	2.45
note	0.69	3.02
active	0.70	2.04
answering	0.70	2.49
trial	0.70	1.95
developers	0.70	1.64
vaguely	0.70	1.74
wisdom	0.70	1.97
posts	0.70	2.52
nail	0.70	1.82
emulator	0.70	1.84
threw	0.71	2.05
chat	0.71	1.87
competitor	0.71	1.81
username	0.71	1.54
nevertheless	0.71	2.02
replied	0.71	3.16
competition	0.71	1.74
holds	0.71	2.21
actual	0.71	2.58
qualified	0.71	1.60
sending	0.71	1.89
specialized	0.71	2.06
sheet	0.71	1.42
looked	0.72	2.84
convince	0.72	2.41
answer	0.72	2.69
lean	0.72	1.75
commands	0.72	1.78
pascal	0.72	1.44
scala	0.72	1.54
distinct	0.73	2.11
shortcut	0.73	1.90
quite	0.73	2.72
statistical	0.73	1.92
theory	0.73	2.22
appealing	0.73	2.08
dot	0.73	1.58
shown	0.74	2.85
uncommon	0.74	1.56
command	0.74	1.65
their	0.74	2.69
downvoting	0.74	2.73
involving	0.74	1.37
coverage	0.74	1.90
satisfy	0.74	2.03
trusted	0.74	2.23
googling	0.74	1.72
giving	0.74	2.49
consume	0.74	1.62
slide	0.74	1.75
norm	0.74	1.79
contributors	0.74	1.54
youtube	0.75	1.83
interactions	0.75	1.65
drunk	0.75	1.79
viewed	0.75	2.02
calculus	0.75	2.29
somewhat	0.75	2.24
clarity	0.75	1.83
considering	0.75	2.66
deleted	0.75	2.54
consistency	0.75	1.95
tv	0.75	1.66
apologize	0.75	2.64
customers	0.75	1.67
clarify	0.76	2.95
session	0.76	1.60
experiences	0.76	2.00
caller	0.76	2.02
discussion	0.76	2.55
talented	0.76	1.45
watch	0.77	1.74
logical	0.77	2.00
seriously	0.77	2.22
favourite	0.77	2.03
spread	0.77	1.81
sole	0.77	1.45
wearing	0.77	1.56
engines	0.77	1.53
technique	0.77	2.09
votes	0.77	2.27
legitimate	0.77	1.73
overall	0.77	2.01
enforced	0.77	2.04
2d	0.77	1.57
rip	0.77	2.05
formula	0.78	2.33
section	0.78	2.10
besides	0.78	2.09
voice	0.78	1.65
upvoted	0.78	2.51
comprehensive	0.78	1.56
existence	0.78	2.52
lab	0.78	1.43
downvoted	0.78	2.74
better	0.79	3.17
equations	0.79	2.15
smallest	0.79	2.94
articles	0.79	2.36
limiting	0.79	1.88
simplest	0.79	2.92
mill	0.80	1.80
bright	0.80	1.79
felt	0.80	2.29
real-time	0.80	1.70
multi	0.80	1.85
stronger	0.80	2.16
designer	0.80	1.38
outputs	0.80	2.04
woman	0.80	1.46
saw	0.80	2.45
succeed	0.80	2.43
maven	0.80	1.83
academia	0.80	1.86
engine	0.81	1.52
clr	0.81	1.75
shortcuts	0.81	1.92
cross-platform	0.82	1.64
demonstrates	0.82	2.02
signing	0.82	2.00
clicks	0.82	1.68
alpha	0.82	1.73
produced	0.82	1.91
commenting	0.83	2.70
speak	0.83	2.31
prepared	0.83	1.97
eye	0.83	1.84
am	0.83	2.80
silly	0.83	1.70
definitely	0.83	3.38
transition	0.83	1.52
compile-time	0.83	2.09
field	0.83	1.73
suite	0.84	1.90
lets	0.84	2.24
accuracy	0.84	2.02
found	0.84	2.84
signatures	0.84	2.08
behavior	0.84	1.93
simulation	0.84	1.76
realistically	0.84	2.33
related	0.85	1.83
comment	0.85	2.95
attractive	0.85	1.77
bot	0.85	2.05
particularly	0.85	2.50
scary	0.85	2.34
closely	0.85	1.77
annotation	0.85	1.85
conversation	0.86	2.26
amongst	0.86	1.72
scenes	0.86	1.35
practice	0.86	2.91
received	0.86	2.01
reasonably	0.86	1.99
contracts	0.86	1.72
questionable	0.86	2.46
validation	0.86	2.12
infer	0.86	2.86
reading	0.86	2.61
comfortable	0.86	1.61
till	0.86	2.51
rich	0.86	1.39
opinions	0.86	2.24
inspired	0.86	1.45
enforce	0.86	2.13
focused	0.86	1.87
immediate	0.86	1.83
seems	0.87	2.68
screenshot	0.87	2.40
interrupt	0.87	1.74
checked	0.87	2.45
choosing	0.87	2.67
pages	0.87	1.73
common	0.87	1.95
alone	0.88	2.15
static	0.88	2.06
offended	0.88	1.98
ugh	0.88	2.09
whenever	0.88	2.31
dont	0.88	1.98
limitation	0.88	1.41
viable	0.88	2.02
stuff	0.88	3.26
fully	0.89	2.50
tested	0.89	2.52
capability	0.89	1.90
audio	0.89	1.63
goal	0.89	3.09
monkey	0.89	1.77
subscription	0.89	1.66
possible	0.89	3.26
yes	0.89	3.58
type	0.89	2.20
prolog	0.90	1.43
wait	0.90	3.11
statically	0.90	2.02
listen	0.90	1.94
kind	0.91	2.17
blink	0.91	1.57
xkcd	0.91	1.71
expressing	0.91	2.11
fyi	0.91	2.48
closest	0.91	1.79
receive	0.91	1.87
eh	0.91	1.80
picked	0.92	2.27
picture	0.92	1.90
particular	0.92	3.12
involved	0.92	2.15
grammar	0.93	2.20
idea	0.93	2.91
players	0.94	1.63
upload	0.94	1.94
subject	0.94	1.86
absence	0.95	2.57
got	0.95	2.89
trusting	0.95	1.89
scared	0.95	2.44
highlight	0.95	1.98
whilst	0.96	1.70
plays	0.96	1.76
thumb	0.96	1.80
animation	0.96	1.61
available	0.97	1.73
odds	0.97	1.94
demonstrate	0.97	2.47
textbook	0.97	1.58
impression	0.98	2.62
likewise	0.98	2.42
pragmatic	0.98	1.77
scene	0.98	1.52
chosen	0.98	2.97
hint	0.98	1.69
girls	0.98	1.70
online	0.98	1.83
electronic	0.98	1.67
men	0.98	1.45
surprising	0.99	1.67
clever	0.99	1.65
roll	0.99	1.66
workflow	0.99	1.88
talks	0.99	2.00
sensible	1.00	1.66
inputs	1.00	1.95
shared	1.00	1.74
joy	1.00	1.12
bitcoin	1.00	1.64
amusing	1.01	2.40
card	1.01	1.60
interactive	1.01	1.61
criticism	1.01	1.82
possibilities	1.02	1.68
certificate	1.02	1.89
confirm	1.02	1.87
tutorial	1.02	1.68
perfect	1.02	2.72
net	1.02	1.72
description	1.03	1.90
pointing	1.03	2.83
disclaimer	1.03	2.22
equation	1.03	2.19
improvements	1.03	1.93
hot	1.03	1.71
whole	1.03	2.63
mono	1.03	1.74
whats	1.03	1.97
afraid	1.04	2.68
entered	1.04	1.87
innovation	1.05	1.73
ensure	1.05	2.43
totally	1.05	2.42
fit	1.05	3.11
tomorrow	1.05	2.43
validate	1.06	2.21
wondering	1.06	3.30
sold	1.06	1.61
contribution	1.06	1.66
war	1.06	1.76
output	1.06	1.94
scientist	1.06	1.55
videos	1.06	1.72
forgotten	1.06	2.66
guarantees	1.06	2.21
little	1.06	2.58
analysis	1.07	1.88
imo	1.07	2.57
covering	1.07	2.52
recent	1.07	1.90
perspective	1.07	1.98
watching	1.07	1.85
vi	1.08	1.89
m	1.08	2.95
contrast	1.08	1.66
photo	1.08	1.84
cmake	1.08	1.85
debugging	1.08	1.94
fwiw	1.08	1.81
animations	1.08	1.54
ought	1.09	2.31
listening	1.09	2.17
limited	1.09	1.71
correctly	1.10	3.20
sourcing	1.10	1.71
ideas	1.10	1.93
respond	1.10	2.39
instant	1.10	1.83
quick	1.10	2.20
beta	1.10	1.96
movie	1.10	1.23
practical	1.10	2.27
checks	1.11	2.33
snippet	1.11	2.45
tough	1.11	1.88
pictures	1.11	1.70
profiling	1.11	1.85
signature	1.11	2.31
hobby	1.11	1.65
reasonable	1.11	1.64
answers	1.12	2.27
reasoning	1.12	2.49
damned	1.13	1.71
afterwards	1.13	2.04
programs	1.13	2.57
myth	1.13	1.62
beauty	1.13	1.49
whom	1.13	1.62
highlighting	1.13	1.86
topic	1.13	2.41
sanity	1.13	1.64
general	1.14	3.07
posting	1.14	2.56
player	1.14	1.63
proficient	1.14	1.72
appropriate	1.15	2.67
editing	1.15	1.83
enjoyable	1.15	1.68
news	1.15	2.21
surprisingly	1.15	1.99
natural	1.15	1.60
integrate	1.15	1.94
fundamental	1.15	1.89
yay	1.16	1.46
win	1.16	1.89
figured	1.16	2.97
ftfy	1.16	1.62
appears	1.17	2.30
applicable	1.17	1.94
system	1.17	2.13
loud	1.17	1.87
friendly	1.17	1.65
fellow	1.18	1.61
strategy	1.18	2.66
graphical	1.18	1.72
books	1.18	1.80
video	1.19	1.68
shape	1.19	1.82
information	1.19	1.83
worthy	1.19	1.76
eyes	1.19	1.77
3d	1.20	1.50
king	1.20	1.50
music	1.20	1.66
exercise	1.20	1.62
logo	1.20	1.38
progress	1.21	2.00
easiest	1.21	2.61
hits	1.21	1.65
otoh	1.21	1.37
wan	1.21	2.04
hype	1.21	2.09
unity	1.22	1.54
steam	1.22	1.60
checking	1.22	2.44
telling	1.22	2.55
folks	1.23	1.78
material	1.23	1.70
gon	1.23	2.01
showed	1.23	2.63
land	1.24	1.71
trap	1.24	1.71
turing	1.24	2.39
suited	1.24	2.74
sometime	1.25	2.20
collaboration	1.25	1.75
bring	1.25	2.27
refactoring	1.26	1.85
brings	1.27	1.78
effective	1.27	1.78
bullet	1.27	1.87
annotations	1.27	1.92
super	1.27	2.10
sans	1.27	1.48
controversial	1.27	2.09
anyways	1.28	2.62
activities	1.28	1.65
cli	1.28	1.80
trolling	1.28	1.93
launch	1.29	1.73
new	1.29	2.09
slides	1.29	1.78
straightforward	1.29	2.28
facilities	1.29	1.42
response	1.29	2.24
bored	1.30	2.13
ultimate	1.30	1.73
present	1.31	1.93
annoyed	1.32	2.27
camera	1.32	1.65
typos	1.32	2.00
vim	1.32	1.93
relevant	1.32	2.24
contest	1.32	1.65
edition	1.33	1.85
integration	1.34	1.86
upvote	1.34	2.02
crazy	1.34	1.90
deliver	1.34	1.72
emacs	1.35	1.90
anytime	1.35	2.31
swift	1.36	1.61
bonus	1.36	1.76
gives	1.36	1.92
short	1.36	1.92
finally	1.37	2.60
ai	1.37	1.47
simple	1.37	2.38
jokes	1.38	1.62
chart	1.38	1.76
prepare	1.38	1.81
editors	1.39	1.91
share	1.39	2.03
honest	1.39	2.07
mine	1.39	2.24
comic	1.39	1.59
surprise	1.39	1.93
educational	1.40	1.60
hardest	1.40	2.67
notepad	1.41	1.89
played	1.41	1.65
jesus	1.41	1.66
shame	1.41	2.08
showing	1.42	2.29
suitable	1.42	1.89
atom	1.42	1.76
mad	1.43	2.02
valid	1.43	3.09
afaik	1.43	1.60
replies	1.44	2.38
editor	1.45	1.90
introduction	1.45	1.65
automated	1.46	2.26
seemed	1.46	2.10
complaining	1.47	2.70
standalone	1.47	1.84
preferred	1.47	2.17
battle	1.47	1.68
lifetime	1.48	1.59
repl	1.49	1.68
consequence	1.49	1.70
fortunately	1.49	1.98
presentation	1.49	1.60
til	1.49	1.98
spell	1.50	2.26
convenient	1.50	2.18
play	1.50	1.77
working	1.50	2.93
greatly	1.50	1.81
downvotes	1.50	2.30
tooling	1.50	1.76
syntactically	1.50	2.89
hearing	1.51	1.95
easy	1.52	2.37
elaborate	1.52	2.55
please	1.53	2.28
helping	1.53	2.03
finding	1.53	2.68
monitor	1.54	1.65
informed	1.54	2.03
glance	1.54	1.85
guaranteed	1.54	2.94
properties	1.55	2.74
xcode	1.55	1.83
apologies	1.56	2.71
brief	1.56	1.67
helped	1.56	1.86
winning	1.57	1.73
tools	1.57	1.87
realistic	1.57	2.43
another	1.57	2.98
classic	1.57	1.25
guarantee	1.58	3.41
debugger	1.58	1.87
toy	1.58	1.68
bob	1.58	1.40
xamarin	1.59	1.84
correctness	1.59	2.74
cat	1.60	2.24
worthwhile	1.60	1.79
mathematical	1.60	2.72
wolfram	1.61	1.30
thought	1.61	2.88
anyhow	1.61	1.65
agreed	1.61	2.62
pipe	1.62	1.49
spot	1.62	1.84
challenging	1.62	1.59
good	1.63	2.08
expect	1.63	3.14
reply	1.63	2.60
lacking	1.63	1.54
idris	1.65	2.28
gdb	1.65	1.79
creative	1.66	1.38
plugins	1.66	1.96
scales	1.66	1.37
weird	1.66	1.85
contributions	1.67	1.62
completion	1.67	1.90
independently	1.67	1.83
logically	1.69	3.04
advance	1.69	1.93
specifications	1.69	2.40
currently	1.70	2.52
curiosity	1.70	1.62
prototyping	1.70	1.36
valuable	1.70	1.57
semantically	1.70	2.91
forced	1.70	2.71
netbeans	1.70	1.98
results	1.70	2.90
upset	1.70	2.46
pretty	1.71	2.20
proven	1.71	3.53
worlds	1.72	2.45
cant	1.72	2.13
notes	1.73	1.44
nicer	1.73	2.28
willing	1.73	2.49
dependent	1.74	3.28
essence	1.74	1.56
convincing	1.75	1.71
responses	1.77	2.09
amazed	1.77	2.28
prove	1.77	3.57
program	1.77	3.27
intellij	1.78	2.00
well	1.78	2.99
skeptical	1.79	2.19
formal	1.79	3.41
interested	1.80	2.65
theorem	1.80	3.12
panel	1.81	1.55
proves	1.81	3.17
sublime	1.82	1.95
series	1.82	1.35
specification	1.83	3.09
verification	1.83	3.02
plugin	1.83	2.03
playing	1.84	1.69
eclipse	1.84	1.91
clarification	1.84	2.35
studio	1.84	1.97
wins	1.84	2.40
ides	1.85	1.91
visual	1.86	1.98
trick	1.86	1.58
derived	1.86	1.30
minds	1.88	1.65
mathematically	1.88	3.28
concerned	1.88	2.54
apparently	1.89	2.32
genuinely	1.89	2.09
familiar	1.90	2.57
miss	1.91	2.48
demanding	1.93	1.99
silver	1.93	2.24
feasible	1.93	1.97
verified	1.93	3.45
missed	1.93	2.60
fair	1.94	2.19
ide	1.94	2.02
p.s	1.95	1.74
summary	1.95	1.54
proofs	1.95	3.40
proof	1.96	3.49
verify	1.97	3.31
formally	1.98	3.38
explanations	1.98	1.59
thoroughly	1.98	2.01
reminded	1.99	2.08
minecraft	1.99	1.48
genius	1.99	1.51
expected	2.00	2.48
beneficial	2.00	1.57
story	2.00	2.06
proving	2.00	3.40
satisfied	2.02	2.85
worried	2.02	2.58
seeing	2.02	2.83
insight	2.02	1.83
precise	2.02	2.75
greatest	2.02	2.18
game	2.04	1.43
overview	2.05	1.60
hm	2.05	1.81
useful	2.06	1.96
girl	2.06	1.45
games	2.06	1.45
fancy	2.07	1.87
swear	2.07	1.47
funny	2.07	2.21
checker	2.10	3.27
challenge	2.10	1.76
compelling	2.10	2.05
tool	2.10	2.47
boy	2.11	1.47
surprised	2.11	2.43
convinced	2.11	2.58
smooth	2.12	2.18
edited	2.12	2.34
citation	2.13	2.54
joke	2.16	1.93
proved	2.16	3.21
kotlin	2.18	1.39
incredible	2.19	1.49
nicely	2.19	2.04
blown	2.21	1.52
book	2.22	1.48
tbh	2.23	1.83
confident	2.23	2.16
sorry	2.24	2.42
happily	2.24	2.17
pissed	2.24	2.25
novel	2.24	1.29
beautiful	2.25	1.58
curious	2.30	2.64
brainfuck	2.31	1.40
julia	2.32	1.33
favorite	2.32	1.70
track	2.32	2.36
honestly	2.33	2.43
forgot	2.34	2.35
productive	2.34	1.85
sarcasm	2.37	2.09
oops	2.37	2.25
truly	2.39	1.94
accurate	2.39	1.84
edit	2.39	2.36
correction	2.41	1.90
im	2.42	1.90
delphi	2.43	1.93
hoping	2.43	2.29
expecting	2.44	2.12
bro	2.44	1.57
suggestion	2.44	1.87
nah	2.44	1.66
killer	2.45	1.77
cheat	2.45	1.79
kinda	2.46	1.95
advice	2.50	2.04
impressive	2.50	1.92
typo	2.50	1.93
similar	2.52	2.07
spelling	2.55	2.35
alright	2.55	1.96
inclined	2.56	1.86
recommended	2.56	1.22
recommend	2.57	1.74
wat	2.58	2.01
wtf	2.60	1.97
relationship	2.60	1.94
lucky	2.60	2.06
ok	2.61	2.52
uh	2.61	1.94
ps	2.61	1.41
sir	2.62	1.63
detailed	2.62	1.58
lately	2.64	2.02
sigh	2.66	1.75
corrected	2.67	1.98
constructive	2.70	1.75
cute	2.70	1.52
demo	2.71	1.27
sounds	2.74	1.87
laugh	2.75	1.57
nonetheless	2.76	1.57
nope	2.77	1.82
suggestions	2.77	1.67
enjoy	2.78	1.65
chapter	2.79	1.39
appreciate	2.80	1.80
kidding	2.80	1.87
hilarious	2.82	1.57
enjoyed	2.82	1.38
disappointed	2.83	1.85
star	2.84	1.46
indeed	2.84	2.18
feedback	2.85	1.73
hah	2.87	1.80
explanation	2.91	1.75
hmm	2.91	1.81
yup	2.92	1.68
ahh	2.92	1.93
meh	2.92	1.78
essential	2.94	1.28
omg	2.95	1.60
holy	2.96	1.56
yeah	2.97	2.17
record	3.00	1.79
impressed	3.02	1.72
info	3.02	1.65
huh	3.07	1.68
okay	3.07	2.05
promise	3.09	1.63
yep	3.09	1.62
unreal	3.10	1.62
looks	3.11	1.79
informative	3.12	1.48
damn	3.14	1.55
hi	3.15	1.57
oh	3.16	1.69
lol	3.16	1.61
um	3.19	1.76
yea	3.21	1.92
thats	3.24	1.76
heh	3.24	1.67
excellent	3.26	1.31
integrated	3.26	1.69
ah	3.27	1.87
resharper	3.27	1.74
jetbrains	3.29	1.74
shiny	3.29	1.48
god	3.30	1.32
roslyn	3.33	1.65
dude	3.35	1.48
dunno	3.38	1.53
tip	3.39	1.68
ha	3.42	1.70
guys	3.43	1.45
hear	3.43	1.58
liked	3.44	1.20
haha	3.47	1.46
hints	3.48	1.38
man	3.50	1.38
wow	3.53	1.44
interesting	3.58	1.48
tips	3.59	1.39
reminds	3.59	1.07
helpful	3.60	1.46
handy	3.60	1.41
welcome	3.63	1.46
gold	3.63	1.30
sharing	3.64	1.45
thank	3.66	1.48
luck	3.67	1.44
appreciated	3.67	1.30
ya	3.68	1.47
ta	3.70	1.31
excited	3.71	1.49
thoughts	3.74	1.28
btw	3.78	1.42
glad	3.87	1.44
neat	3.88	1.31
fun	3.89	1.22
dream	3.92	1.07
thanks	3.96	1.37
exciting	3.96	1.14
cheers	4.08	1.02
sweet	4.10	1.10
cool	4.11	1.04
fascinating	4.14	0.84
wish	4.16	1.05
brilliant	4.17	0.82
hey	4.18	1.01
great	4.26	0.81
promising	4.50	0.70
wonderful	4.62	0.49
