garbage	-4.68	1.18
crap	-4.54	1.00
laggy	-4.54	1.49
mess	-4.51	1.32
unplayable	-4.45	1.53
unacceptable	-4.36	1.41
worse	-4.31	1.37
clunky	-4.29	1.48
awkward	-4.28	1.50
crappy	-4.18	1.45
ugly	-4.17	1.60
hating	-4.16	1.18
pathetic	-4.04	1.24
glitchy	-4.04	1.54
retarded	-4.03	1.26
disaster	-4.00	1.15
sucked	-3.97	1.25
shitty	-3.97	1.49
ruined	-3.96	1.02
annoys	-3.93	1.18
utter	-3.80	1.12
stupid	-3.72	1.41
menus	-3.66	1.56
ridiculous	-3.64	1.49
poor	-3.63	1.66
nightmare	-3.55	1.55
pisses	-3.48	1.59
boat	-3.43	1.66
bashing	-3.37	1.62
confusing	-3.36	1.37
slow	-3.36	1.30
trash	-3.32	0.96
tired	-3.31	1.56
bullshit	-3.31	0.89
fastest	-3.30	1.76
lately	-3.28	1.51
pile	-3.27	0.95
pirate	-3.21	2.47
worthless	-3.17	0.94
sea	-3.17	2.23
mw3	-3.16	2.60
mentality	-3.14	1.57
ai	-3.13	1.83
mw2	-3.13	2.62
broken	-3.12	1.08
useless	-3.11	1.39
buggy	-3.10	1.34
lame	-3.09	1.47
train	-3.09	1.88
nonsense	-3.09	0.86
pissed	-3.06	2.61
moron	-3.05	0.76
bs	-3.05	0.76
circlejerk	-3.02	1.96
upset	-3.01	2.56
confused	-2.99	2.81
rid	-2.98	1.75
hype	-2.98	1.78
cod4	-2.97	2.64
lackluster	-2.95	1.74
fanboy	-2.94	0.85
bummed	-2.93	2.50
died	-2.89	2.24
black	-2.88	2.79
sick	-2.87	1.70
flop	-2.82	0.78
idiots	-2.82	1.61
jerk	-2.81	1.96
complete	-2.81	0.82
disappointed	-2.78	2.34
provider	-2.77	1.20
easiest	-2.77	1.73
mediocre	-2.76	1.82
possibly	-2.75	1.73
junk	-2.75	0.86
trolling	-2.74	2.00
bugged	-2.73	1.12
combined	-2.73	2.30
caps	-2.71	1.19
pressure	-2.71	2.07
burned	-2.71	0.80
ignorant	-2.70	1.06
whole	-2.69	1.69
negativity	-2.69	2.05
biased	-2.68	2.21
suck	-2.68	1.53
bash	-2.67	1.94
followed	-2.66	2.07
rubberbanding	-2.66	0.98
banding	-2.63	0.94
ac3	-2.62	2.84
troll	-2.59	1.00
considering	-2.57	2.26
bothers	-2.57	1.89
lag	-2.57	1.08
lazy	-2.56	0.99
fool	-2.56	0.79
liking	-2.53	1.61
meh	-2.53	1.65
trust	-2.53	1.96
rushed	-2.51	1.25
alone	-2.51	2.67
boring	-2.51	1.25
overhyped	-2.51	0.95
pointless	-2.50	1.14
annoyed	-2.50	1.79
improved	-2.50	1.88
absurd	-2.48	1.55
interested	-2.47	2.77
choppy	-2.47	1.24
considered	-2.44	1.81
idiot	-2.44	1.10
widely	-2.43	1.79
burnt	-2.42	1.15
annoying	-2.42	1.83
bored	-2.41	1.03
practices	-2.41	1.03
missing	-2.39	2.76
internet	-2.39	1.08
rip	-2.39	1.83
proud	-2.39	2.53
defending	-2.39	0.80
lying	-2.39	2.43
piece	-2.38	1.01
pr	-2.38	0.75
ui	-2.38	1.20
disappointment	-2.37	0.61
dumb	-2.35	1.74
bland	-2.35	1.31
follows	-2.34	1.95
afraid	-2.34	2.94
frustrated	-2.34	1.60
flawed	-2.34	1.22
dull	-2.32	1.28
unnecessary	-2.30	1.11
interface	-2.29	1.22
feeling	-2.28	2.25
meaningless	-2.27	1.04
disappointing	-2.26	1.76
outdated	-2.25	1.12
plain	-2.25	1.06
screwed	-2.24	2.28
childish	-2.23	0.84
whose	-2.22	2.25
fanboys	-2.21	1.17
mistaken	-2.21	3.02
modern	-2.20	1.86
ghosts	-2.20	2.34
comcast	-2.20	1.05
unfinished	-2.19	1.01
opposite	-2.19	2.39
horribly	-2.19	1.21
pure	-2.18	0.82
hyped	-2.18	1.83
worried	-2.18	2.37
stale	-2.17	1.05
duty	-2.17	2.30
waste	-2.16	0.79
cod	-2.15	2.26
greedy	-2.14	0.96
crashes	-2.13	0.87
unreasonable	-2.12	1.02
bad	-2.11	1.43
concerned	-2.11	2.17
spoiled	-2.11	0.95
insult	-2.11	1.01
lacking	-2.10	1.26
insulting	-2.10	1.15
layout	-2.09	1.04
controls	-2.08	1.21
usual	-2.08	0.76
generic	-2.07	1.07
skeptical	-2.06	2.20
acceptable	-2.05	0.95
advanced	-2.05	2.24
repetitive	-2.04	1.17
curious	-2.04	2.38
warfare	-2.02	2.17
overpriced	-2.01	1.01
shallow	-2.01	1.28
incomplete	-2.01	1.04
angry	-2.01	1.48
faster	-2.00	0.98
lies	-1.99	0.88
ruins	-1.99	0.58
liked	-1.98	2.68
silly	-1.98	1.39
bf3	-1.96	1.57
excited	-1.96	2.20
business	-1.96	0.97
aware	-1.95	3.03
excuses	-1.94	0.70
underwhelming	-1.93	1.26
thinks	-1.93	2.77
weak	-1.93	1.38
surprised	-1.92	2.25
butthurt	-1.92	0.97
surprising	-1.92	2.29
occasional	-1.92	0.83
navigate	-1.92	1.04
claiming	-1.92	1.28
ops	-1.91	2.24
marketing	-1.91	0.76
tedious	-1.91	1.07
praise	-1.91	1.95
proves	-1.91	2.77
sometimes	-1.90	1.08
sensitive	-1.90	1.25
bait	-1.90	0.79
kind	-1.89	2.40
entitlement	-1.89	0.88
leaning	-1.88	1.61
behavior	-1.87	0.82
yellow	-1.87	0.78
absolute	-1.87	1.76
skipped	-1.87	2.95
piss	-1.86	0.76
talking	-1.86	2.92
pumped	-1.86	2.11
theory	-1.86	2.51
stoked	-1.86	2.13
self	-1.84	0.95
talks	-1.84	2.77
slower	-1.84	1.01
destroyed	-1.84	0.63
redundant	-1.83	1.11
overwhelming	-1.83	1.16
embarrassing	-1.83	1.71
ubi	-1.83	0.58
unfair	-1.82	1.16
basic	-1.82	1.02
treyarch	-1.81	2.02
fucked	-1.80	2.03
ruining	-1.80	0.56
call	-1.80	1.66
shit	-1.80	1.05
somehow	-1.80	0.85
hesitant	-1.79	2.05
simply	-1.78	3.01
defensive	-1.78	1.09
expecting	-1.78	2.20
buys	-1.77	2.76
immature	-1.77	0.95
overrated	-1.77	1.02
wondering	-1.76	3.05
differently	-1.76	2.85
weaker	-1.76	1.04
total	-1.74	0.86
steep	-1.74	1.22
trolls	-1.73	1.09
touched	-1.73	2.81
conquest	-1.73	0.79
asks	-1.73	2.80
assassin	-1.72	2.53
weird	-1.72	1.78
speed	-1.72	0.82
arguing	-1.72	1.39
re	-1.72	2.94
management	-1.72	1.08
shocked	-1.72	2.08
likes	-1.72	2.81
complaining	-1.72	1.39
wants	-1.72	2.84
optimistic	-1.72	1.93
disagree	-1.71	2.78
impossible	-1.70	1.01
downgraded	-1.69	0.84
cares	-1.68	2.61
flag	-1.68	2.51
blame	-1.67	1.11
stuck	-1.67	1.81
naval	-1.67	1.36
virtually	-1.67	0.93
forgetting	-1.67	2.16
da2	-1.66	1.29
inferior	-1.66	1.02
brotherhood	-1.66	2.99
whining	-1.66	1.03
played	-1.65	2.66
unlike	-1.65	2.41
controlled	-1.65	0.94
suffer	-1.65	0.84
mad	-1.65	1.97
ac	-1.64	2.46
movement	-1.64	1.12
funny	-1.64	2.13
stronger	-1.64	0.99
failure	-1.64	0.71
assassins	-1.63	2.43
saying	-1.63	3.18
creed	-1.63	2.50
rough	-1.62	1.02
fast	-1.62	0.88
paywall	-1.62	0.88
caring	-1.62	0.99
zombies	-1.61	1.75
downvoting	-1.61	1.31
ac2	-1.60	2.92
impatient	-1.60	1.51
lack	-1.60	0.95
blind	-1.59	1.11
ugh	-1.59	1.52
ignored	-1.58	0.83
anger	-1.57	0.94
largest	-1.57	2.63
cared	-1.57	1.04
quicker	-1.57	0.91
dl	-1.56	0.68
harsh	-1.56	1.06
experiencing	-1.56	0.94
aiming	-1.56	1.07
confident	-1.56	2.12
shitting	-1.55	1.03
ww2	-1.54	1.80
practice	-1.54	0.87
loading	-1.53	0.87
douche	-1.53	0.98
odd	-1.53	1.90
plays	-1.53	2.84
uncomfortable	-1.53	0.96
chore	-1.53	0.99
preferred	-1.52	2.48
ghost	-1.52	1.62
false	-1.52	1.59
jealous	-1.52	1.94
attempt	-1.51	1.09
exists	-1.50	0.71
dislike	-1.50	2.17
affected	-1.50	1.15
felt	-1.49	1.09
hilarious	-1.49	1.93
sadly	-1.49	2.68
aggressive	-1.48	1.15
scheme	-1.48	0.99
than	-1.48	0.96
granted	-1.48	0.64
bigger	-1.48	1.04
reasonable	-1.47	1.07
wd	-1.47	1.68
ignoring	-1.46	1.33
biggest	-1.46	2.51
dicks	-1.46	0.84
speeds	-1.46	0.85
bothered	-1.46	1.99
balls	-1.46	0.78
objectively	-1.46	0.83
calling	-1.44	1.00
ever	-1.44	2.40
enjoyed	-1.43	2.90
convinced	-1.43	2.01
thinking	-1.43	2.33
statements	-1.43	1.23
harder	-1.43	0.88
anti	-1.42	0.81
delays	-1.42	0.78
unless	-1.41	3.32
favourite	-1.41	2.14
companion	-1.41	0.82
1/2	-1.41	3.06
bf	-1.41	1.75
tempted	-1.41	1.98
consensus	-1.41	0.65
par	-1.41	1.79
reminded	-1.41	2.16
flawless	-1.40	1.75
debating	-1.40	1.85
shame	-1.40	2.42
boy	-1.39	2.50
parity	-1.39	0.67
and/or	-1.38	0.73
poorly	-1.38	1.06
bitching	-1.38	1.21
act	-1.38	0.80
writing	-1.37	1.91
compared	-1.37	0.93
downvote	-1.36	1.24
quickly	-1.36	0.77
battlefield	-1.36	1.91
easier	-1.35	0.92
ships	-1.35	1.26
obvious	-1.35	1.09
backlash	-1.35	0.96
lower	-1.34	0.88
ruin	-1.34	0.64
glitches	-1.34	0.71
truth	-1.33	1.44
seemed	-1.33	1.06
amazed	-1.33	1.86
unsure	-1.33	2.17
ripped	-1.33	0.68
clearly	-1.32	3.12
messed	-1.32	1.06
promises	-1.32	0.76
seeing	-1.31	1.61
occasionally	-1.31	0.71
fiber	-1.29	0.75
infinity	-1.29	1.62
bf4	-1.29	1.74
oblivion	-1.29	0.89
unavailable	-1.29	0.81
lesser	-1.29	0.95
aw	-1.29	1.95
downvotes	-1.28	1.21
culture	-1.28	0.59
desperate	-1.28	1.58
part	-1.28	2.34
issues	-1.28	0.70
fell	-1.27	0.55
circle	-1.27	1.19
bare	-1.27	0.92
bias	-1.27	1.42
dealing	-1.26	0.77
sarcastic	-1.26	2.53
worrying	-1.25	1.45
hopeful	-1.25	1.94
expectation	-1.25	0.76
due	-1.25	0.73
optimized	-1.25	0.81
stop	-1.25	1.12
reminds	-1.25	2.59
dare	-1.25	0.79
facts	-1.25	1.49
familiar	-1.24	1.38
expected	-1.24	0.95
proper	-1.24	0.97
ping	-1.24	0.74
r/xboxone	-1.24	1.39
experienced	-1.23	0.68
isp	-1.23	0.77
arguments	-1.22	1.09
outright	-1.22	1.50
arguably	-1.22	2.20
votes	-1.22	1.13
jokes	-1.22	1.11
decides	-1.21	2.26
host	-1.21	0.84
flaws	-1.21	0.86
significantly	-1.21	0.92
bandwidth	-1.21	0.77
design	-1.21	1.99
badly	-1.21	1.07
telling	-1.21	1.91
stopped	-1.20	0.99
reviews	-1.20	0.78
problems	-1.20	0.74
guessing	-1.20	2.39
constantly	-1.20	0.99
lie	-1.20	1.40
connections	-1.20	0.74
iv	-1.19	2.15
control	-1.19	0.89
completed	-1.19	1.29
messing	-1.19	0.87
frustrating	-1.19	1.21
pointing	-1.19	1.58
cheaper	-1.19	0.91
optional	-1.18	0.78
bugs	-1.18	0.71
what	-1.18	3.27
cap	-1.18	0.71
addicted	-1.18	1.70
smoother	-1.18	1.07
glitch	-1.18	0.92
sucks	-1.17	1.73
crashing	-1.17	0.65
ac4	-1.17	1.91
aciv	-1.17	1.97
confidence	-1.17	0.67
flat	-1.16	0.85
entitled	-1.16	0.90
linear	-1.16	1.00
glad	-1.16	2.17
xmb	-1.16	0.90
marketed	-1.15	0.98
unrealistic	-1.15	0.91
plat	-1.15	0.85
voting	-1.15	1.13
killzone	-1.14	2.05
assumptions	-1.14	1.44
lied	-1.14	1.37
finish	-1.14	1.17
superior	-1.13	1.00
planning	-1.13	1.73
longest	-1.13	0.77
pays	-1.13	2.00
careful	-1.13	1.69
typical	-1.13	0.52
climbing	-1.12	0.98
despite	-1.12	0.91
extent	-1.12	0.84
encountered	-1.12	0.69
offense	-1.12	0.97
right	-1.11	3.17
industry	-1.11	0.59
ignore	-1.11	1.40
advertised	-1.11	1.12
downgrade	-1.11	0.66
fired	-1.11	0.58
defend	-1.11	0.97
opposed	-1.11	0.83
fence	-1.11	1.83
misleading	-1.11	2.87
suggesting	-1.11	1.59
platinumed	-1.10	1.94
vocal	-1.10	0.94
stance	-1.10	0.83
reviewed	-1.10	0.84
shadowfall	-1.09	1.82
ubisoft	-1.09	0.53
beaten	-1.09	1.59
dashboard	-1.09	0.89
debate	-1.09	1.17
scratched	-1.09	0.76
assholes	-1.09	0.86
advertising	-1.09	0.85
finished	-1.09	1.62
breaking	-1.08	0.67
platinum	-1.08	0.77
general	-1.08	0.78
movements	-1.08	0.96
frequent	-1.07	0.70
plane	-1.07	0.83
side	-1.07	0.89
watch_dogs	-1.07	1.86
passed	-1.07	1.10
argument	-1.07	1.55
unfortunate	-1.07	2.13
practically	-1.07	0.97
utterly	-1.06	1.05
campaigns	-1.06	1.55
treated	-1.06	1.00
expectations	-1.06	0.72
speculation	-1.06	1.41
unity	-1.06	1.93
attitude	-1.05	0.86
metacritic	-1.05	0.84
asshole	-1.05	0.93
trend	-1.05	0.73
ship	-1.05	1.07
scam	-1.05	0.82
effectively	-1.04	0.83
point	-1.04	3.18
short	-1.04	1.07
keeps	-1.04	0.92
am	-1.04	1.85
been	-1.04	0.84
spec	-1.03	0.92
excuse	-1.03	1.11
breaks	-1.03	0.68
blows	-1.03	1.75
beat	-1.03	1.37
vastly	-1.02	1.09
halfway	-1.02	0.96
gripe	-1.02	0.55
bitch	-1.02	0.85
noticed	-1.02	0.82
evidence	-1.02	1.55
logical	-1.02	1.06
nba2k14	-1.02	1.74
average	-1.02	0.85
known	-1.01	1.08
being	-1.01	1.08
glasses	-1.01	0.86
knows	-1.01	2.58
sensitivity	-1.01	0.61
favorites	-1.01	1.43
second	-1.01	1.70
kz	-1.01	1.92
exact	-1.01	2.58
usage	-1.00	0.70
havent	-1.00	1.03
reached	-1.00	0.64
dogs	-1.00	1.84
exactly	-0.99	3.10
complaints	-0.99	0.91
affects	-0.99	0.83
claim	-0.99	1.46
complained	-0.99	1.14
enjoys	-0.98	2.76
rushing	-0.98	0.74
sheer	-0.98	0.83
caught	-0.98	0.91
often	-0.98	0.92
negative	-0.98	1.04
watchdogs	-0.97	1.75
suit	-0.97	0.73
excitement	-0.97	0.92
supporting	-0.97	0.66
frustration	-0.97	0.72
ignorance	-0.97	1.06
ss	-0.96	1.75
knack	-0.96	1.70
professional	-0.96	0.57
indies	-0.96	0.87
consistently	-0.96	1.14
constant	-0.96	0.68
far	-0.95	1.90
cry	-0.95	1.90
assuming	-0.95	3.22
rivals	-0.95	1.70
stuff	-0.95	1.02
swear	-0.95	0.84
ive	-0.95	0.81
instead	-0.94	1.46
son	-0.94	1.72
stating	-0.94	1.67
infamous	-0.94	1.73
jumping	-0.94	0.64
themselves	-0.94	0.79
indie	-0.94	0.86
empty	-0.94	0.90
forward	-0.93	1.52
claims	-0.93	1.34
managed	-0.93	0.92
completing	-0.93	0.71
owns	-0.92	1.99
added	-0.92	1.00
flaw	-0.92	0.77
proven	-0.91	1.19
respect	-0.91	0.95
moving	-0.91	0.83
non	-0.91	0.79
repeating	-0.91	1.36
treat	-0.91	0.76
completion	-0.91	0.65
altogether	-0.91	0.92
functions	-0.90	0.97
weight	-0.90	0.85
responsive	-0.90	1.03
bridge	-0.89	0.69
crashed	-0.89	0.76
rumors	-0.89	1.40
became	-0.89	0.93
slowly	-0.89	0.80
existence	-0.89	0.66
fault	-0.89	1.28
digging	-0.89	1.34
suspect	-0.89	0.90
green	-0.89	0.95
bug	-0.89	0.72
essential	-0.89	0.89
master	-0.88	0.61
attacking	-0.88	0.77
joke	-0.88	2.23
subs	-0.88	1.17
appearance	-0.88	0.79
suddenly	-0.88	0.83
by	-0.88	1.15
corporate	-0.88	0.57
publishers	-0.88	0.57
scared	-0.88	1.39
surrounding	-0.88	0.79
justified	-0.88	1.09
reviewers	-0.88	0.72
twice	-0.87	0.95
drops	-0.87	0.72
promised	-0.87	1.20
context	-0.87	2.75
ass	-0.87	0.94
yelling	-0.87	1.16
disappear	-0.87	0.83
heck	-0.87	1.22
smaller	-0.87	0.83
capped	-0.86	0.74
smart	-0.86	0.95
acu	-0.86	1.67
impression	-0.86	1.31
color	-0.86	0.90
tells	-0.86	1.61
blue	-0.86	0.97
avoid	-0.86	0.82
sole	-0.86	0.79
complain	-0.86	1.43
entire	-0.86	1.04
hurts	-0.86	0.65
grey	-0.86	0.89
connection	-0.85	0.65
assumption	-0.85	1.59
2010	-0.85	1.61
features	-0.85	1.15
lost	-0.85	0.67
leaves	-0.85	1.59
slightly	-0.85	0.93
cosmetic	-0.85	0.76
therefore	-0.85	0.76
humans	-0.85	0.67
inventory	-0.85	0.80
mag	-0.85	1.75
coding	-0.84	0.95
position	-0.84	0.90
hardest	-0.84	0.69
barely	-0.84	0.86
downvoted	-0.84	1.24
tearing	-0.84	0.70
prove	-0.84	1.54
stable	-0.84	0.79
reduced	-0.84	0.81
decisions	-0.84	0.88
tomb	-0.83	1.67
must	-0.83	2.36
had	-0.83	0.83
farcry	-0.83	1.76
2k14	-0.83	1.58
knowing	-0.83	1.46
kicking	-0.83	0.65
following	-0.83	0.90
inclined	-0.83	2.03
easy	-0.83	0.83
merely	-0.83	1.46
sf	-0.82	1.59
norm	-0.82	0.60
legitimate	-0.82	1.07
extreme	-0.82	0.85
valid	-0.82	1.41
mbps	-0.82	0.60
menu	-0.82	0.85
better	-0.82	1.10
tries	-0.82	1.12
community	-0.82	0.92
highest	-0.81	0.89
raider	-0.81	1.66
causing	-0.81	0.72
shorter	-0.81	0.69
r/gaming	-0.81	1.32
nuts	-0.81	1.01
greatest	-0.81	2.30
ve	-0.81	0.91
kept	-0.80	1.22
sure	-0.80	2.30
has	-0.80	1.06
complicated	-0.80	1.03
large	-0.80	1.02
colors	-0.80	0.97
vehicle	-0.80	0.76
opinion	-0.80	1.48
screens	-0.80	0.81
essentially	-0.80	1.00
handled	-0.80	1.09
logic	-0.80	1.55
shadow	-0.80	1.63
impressed	-0.80	1.70
dragon	-0.80	1.68
fc3	-0.79	1.77
sport	-0.79	0.99
waiting	-0.79	1.79
discussion	-0.79	1.13
agree	-0.79	3.03
quit	-0.79	0.90
perform	-0.79	0.57
since	-0.79	1.11
silver	-0.79	0.60
caused	-0.79	0.71
waves	-0.79	0.74
wired	-0.78	0.63
microtransactions	-0.78	0.63
deserve	-0.78	0.93
spots	-0.78	0.69
finishing	-0.78	0.78
lowest	-0.78	0.78
wanting	-0.78	1.58
objective	-0.78	1.00
amounts	-0.78	0.73
jumped	-0.78	0.74
toward	-0.77	1.01
frame	-0.77	0.78
improving	-0.77	0.80
consistent	-0.77	0.79
terribly	-0.77	0.98
rate	-0.77	0.75
suits	-0.77	0.79
scores	-0.77	0.87
fucks	-0.76	0.80
grown	-0.76	0.64
severely	-0.76	0.87
alot	-0.76	0.75
inquisition	-0.76	1.66
age	-0.76	1.66
feature	-0.76	1.13
huge	-0.75	1.00
improvement	-0.75	0.72
ended	-0.75	1.21
already	-0.75	0.90
wolfenstein	-0.75	1.58
mouse	-0.75	0.71
forcing	-0.75	0.99
modem	-0.75	0.66
increases	-0.75	0.84
proof	-0.75	1.42
fixing	-0.75	0.70
increased	-0.75	0.88
playthrough	-0.75	0.89
started	-0.74	0.93
deny	-0.74	1.25
gtav	-0.74	1.67
playable	-0.74	0.84
powerful	-0.74	0.82
seemingly	-0.74	0.80
beating	-0.74	0.80
sub	-0.74	1.23
leads	-0.74	0.85
chapter	-0.74	0.85
required	-0.73	0.69
load	-0.73	0.68
downloads	-0.73	0.64
about	-0.73	1.73
demand	-0.73	0.61
basis	-0.73	0.87
clicks	-0.73	0.89
struggling	-0.73	1.35
mordor	-0.73	1.59
purpose	-0.73	1.06
frequently	-0.72	0.66
discuss	-0.72	1.15
comparisons	-0.72	0.86
transition	-0.72	0.72
increase	-0.72	0.81
bright	-0.72	0.99
efficient	-0.72	0.78
implying	-0.72	3.17
pace	-0.72	0.72
joking	-0.72	2.40
shooters	-0.72	0.75
clue	-0.72	2.10
strength	-0.72	0.67
comparing	-0.72	0.88
minor	-0.72	0.78
destroy	-0.71	0.63
rarely	-0.71	0.67
hearing	-0.71	0.96
alternate	-0.71	0.62
everyday	-0.71	0.81
hurting	-0.71	0.93
largely	-0.71	0.75
gotten	-0.71	0.83
thief	-0.71	1.50
dependent	-0.71	0.83
upon	-0.71	0.65
complaint	-0.70	1.09
retro	-0.70	0.81
functionality	-0.70	0.77
fc4	-0.70	1.65
bars	-0.70	0.74
r/ps4	-0.70	1.23
avoiding	-0.70	0.80
towards	-0.70	0.88
wasting	-0.70	0.77
restarted	-0.70	0.83
adding	-0.69	1.09
responsible	-0.69	0.88
animations	-0.69	1.25
aside	-0.69	0.73
scrolling	-0.69	0.71
apparent	-0.69	0.86
mission	-0.69	0.66
tends	-0.69	0.74
happened	-0.69	1.08
releasing	-0.69	0.76
getting	-0.69	1.86
basically	-0.69	1.72
reddit	-0.68	1.21
reliable	-0.68	0.69
start	-0.68	1.13
tests	-0.68	0.59
dips	-0.68	0.74
bound	-0.68	1.23
enjoying	-0.68	1.32
subjective	-0.68	1.51
remaining	-0.67	0.56
nfs	-0.67	1.40
regularly	-0.67	0.65
shortly	-0.67	0.88
laughing	-0.67	1.13
product	-0.67	0.86
heard	-0.67	0.90
dip	-0.67	0.68
never	-0.67	0.95
i.e	-0.67	0.68
implied	-0.67	1.93
aim	-0.67	0.71
feels	-0.67	1.05
freedom	-0.66	1.07
expert	-0.66	0.69
meet	-0.66	0.63
replay	-0.66	1.17
os	-0.66	0.69
seen	-0.66	0.77
small	-0.66	0.89
controlling	-0.66	0.71
onto	-0.66	0.77
opinions	-0.66	1.24
traded	-0.65	1.43
consider	-0.65	1.35
referring	-0.65	3.13
steering	-0.65	0.67
m	-0.65	1.84
sort	-0.65	1.40
slight	-0.65	0.79
trophy	-0.65	0.62
little	-0.65	1.08
9/10	-0.65	0.73
normal	-0.65	0.66
zombie	-0.65	0.87
major	-0.65	0.88
prepared	-0.65	1.58
programming	-0.65	0.95
larger	-0.64	0.91
blurry	-0.64	0.99
intentionally	-0.64	1.14
initially	-0.64	1.26
promise	-0.64	0.76
awhile	-0.64	0.87
platformers	-0.64	0.69
falling	-0.64	0.60
review	-0.64	0.71
incorrect	-0.64	3.19
defense	-0.64	0.64
bit	-0.64	1.08
companies	-0.64	0.54
jumps	-0.64	0.72
argue	-0.64	1.61
horse	-0.64	0.86
motion	-0.64	0.80
big	-0.64	1.09
mainstream	-0.64	0.51
board	-0.64	0.83
recent	-0.64	0.73
rated	-0.64	0.84
screaming	-0.64	1.05
attacked	-0.64	0.79
worth	-0.63	1.02
dies	-0.63	1.29
2k15	-0.63	1.53
becomes	-0.63	0.93
steady	-0.63	0.74
positive	-0.63	0.82
upgraded	-0.63	0.70
less	-0.63	0.78
reaching	-0.63	0.57
limit	-0.63	0.60
identical	-0.63	0.99
trying	-0.63	1.68
hassle	-0.63	0.86
lbp3	-0.62	1.59
aka	-0.62	0.84
minority	-0.62	0.82
subtle	-0.62	1.12
wwe	-0.62	1.54
lock	-0.62	0.69
skipping	-0.62	0.86
portion	-0.62	0.92
improvements	-0.61	0.82
forces	-0.61	0.65
fact	-0.61	1.97
choice	-0.61	1.04
allowing	-0.61	0.96
destiny	-0.61	1.50
v	-0.61	1.61
gave	-0.61	0.71
needs	-0.61	1.05
calls	-0.61	2.50
commands	-0.61	0.91
addressed	-0.61	1.04
without	-0.61	1.18
burn	-0.61	0.60
loads	-0.60	0.68
prevent	-0.60	0.85
assumed	-0.60	2.97
conclusion	-0.60	1.53
promote	-0.60	0.79
scenario	-0.60	1.43
standpoint	-0.60	0.98
grind	-0.60	0.76
decent	-0.60	1.60
raise	-0.60	0.72
scripted	-0.60	0.84
replaying	-0.59	0.80
fusion	-0.59	1.24
stands	-0.59	0.84
sounding	-0.59	0.95
enemy	-0.59	0.72
stress	-0.59	0.63
regret	-0.59	1.37
lords	-0.59	1.47
rocket	-0.59	0.74
reads	-0.59	1.30
involved	-0.59	0.85
roommate	-0.59	2.65
lan	-0.59	0.61
occur	-0.59	0.73
sides	-0.59	1.02
playthroughs	-0.59	0.79
established	-0.59	0.78
teammates	-0.59	0.70
touch	-0.59	0.84
massive	-0.59	0.96
filled	-0.59	0.64
sonys	-0.59	0.65
desperately	-0.58	1.13
asking	-0.58	1.93
dialogue	-0.58	0.98
issue	-0.58	0.83
necessary	-0.58	0.75
intended	-0.58	1.71
attempting	-0.58	1.16
garden	-0.58	1.26
da	-0.58	1.64
handling	-0.58	0.89
regards	-0.58	0.97
whilst	-0.58	0.77
mlb	-0.58	1.39
expensive	-0.58	0.85
hud	-0.58	0.62
grounded	-0.58	0.70
acknowledge	-0.58	1.12
shooter	-0.57	0.58
subreddit	-0.57	1.21
server	-0.57	0.63
maximum	-0.57	0.69
recently	-0.57	0.84
properly	-0.57	1.30
encourage	-0.57	0.73
mentions	-0.57	1.45
locking	-0.57	0.66
busy	-0.57	1.56
admit	-0.57	1.53
zero	-0.57	0.78
starting	-0.56	1.00
correctly	-0.56	3.13
compare	-0.56	0.95
requirement	-0.56	0.62
minimal	-0.56	0.83
produce	-0.56	0.59
continued	-0.56	0.62
floating	-0.56	0.74
30fps	-0.56	0.72
revolution	-0.56	1.37
views	-0.56	0.95
infected	-0.56	0.70
survivor	-0.56	0.69
afaik	-0.56	1.11
nowadays	-0.55	0.61
understandable	-0.55	1.10
island	-0.55	1.33
loss	-0.55	0.58
partially	-0.55	1.01
met	-0.55	0.71
locked	-0.55	0.66
fails	-0.55	0.74
forced	-0.55	1.00
definition	-0.55	0.97
criticism	-0.55	1.10
fps	-0.55	0.66
latency	-0.55	0.74
mentioning	-0.55	1.26
statement	-0.55	1.77
lacks	-0.55	1.04
car	-0.55	0.68
itch	-0.55	0.62
whatsoever	-0.55	0.84
strongly	-0.55	1.10
building	-0.55	0.54
keep	-0.55	1.45
collectibles	-0.54	0.62
previously	-0.54	1.15
policies	-0.54	0.62
sorts	-0.54	0.76
advantages	-0.54	0.67
popular	-0.54	0.80
depend	-0.54	1.03
facing	-0.54	0.95
rayman	-0.54	1.21
greater	-0.54	0.71
viable	-0.54	0.67
consumers	-0.53	0.60
size	-0.53	0.80
serious	-0.53	1.56
aliens	-0.53	0.54
fail	-0.53	0.98
standard	-0.53	0.61
grain	-0.53	0.81
done	-0.53	0.98
grand	-0.53	1.33
minus	-0.53	0.99
stopping	-0.53	1.19
ssd	-0.53	0.56
pulled	-0.53	0.74
trials	-0.52	1.16
trophies	-0.52	0.59
unlimited	-0.52	0.65
myself	-0.52	1.51
wasnt	-0.52	1.29
bits	-0.52	0.70
fraction	-0.52	0.71
updated	-0.52	0.73
equal	-0.52	1.01
difficulties	-0.52	0.68
wi-fi	-0.52	0.60
invested	-0.52	1.02
allowed	-0.52	1.45
sshd	-0.52	0.54
network	-0.52	0.60
whereas	-0.51	0.85
ride	-0.51	0.74
chip	-0.51	0.68
tiny	-0.51	0.67
failed	-0.51	0.70
flawlessly	-0.51	0.68
everytime	-0.51	0.77
dropped	-0.51	0.60
recall	-0.51	1.35
maps	-0.51	0.65
normally	-0.51	0.78
reported	-0.51	0.72
sudden	-0.51	0.57
sync	-0.50	0.54
fallen	-0.50	1.43
replying	-0.50	2.76
manage	-0.50	0.90
limiting	-0.50	0.70
difficulty	-0.50	0.65
repeat	-0.50	0.90
bag	-0.50	0.63
changed	-0.50	0.83
risk	-0.50	1.08
owner	-0.50	0.69
encounter	-0.50	0.65
currently	-0.50	1.71
wasted	-0.49	0.71
first	-0.49	0.98
test	-0.49	0.58
financial	-0.49	0.72
murdered	-0.49	1.31
ready	-0.49	1.69
against	-0.49	0.92
failing	-0.49	0.88
rendering	-0.49	0.83
result	-0.49	0.74
nature	-0.49	0.65
provided	-0.49	1.04
gta5	-0.49	1.56
sizes	-0.49	0.62
force	-0.49	0.84
step	-0.48	0.73
generally	-0.48	0.85
corrupted	-0.48	0.61
tactics	-0.48	0.60
needing	-0.48	1.11
limitations	-0.48	0.69
combat	-0.48	0.89
laughed	-0.48	1.20
karma	-0.48	0.68
stand	-0.48	0.89
pvz	-0.47	1.24
effective	-0.47	0.83
hunting	-0.47	0.61
hes	-0.47	1.22
significant	-0.47	0.82
improve	-0.47	0.99
possibility	-0.47	1.66
remains	-0.47	1.17
higher	-0.47	0.76
impact	-0.47	0.76
feelings	-0.47	0.83
subreddits	-0.47	1.06
dedicated	-0.47	0.60
justify	-0.47	1.03
banned	-0.47	0.74
data	-0.47	0.58
plan	-0.47	1.11
going	-0.47	2.20
nba	-0.47	1.31
networks	-0.47	0.59
truck	-0.46	0.66
designed	-0.46	1.10
through	-0.46	0.62
somewhat	-0.46	0.97
stays	-0.46	0.63
reduce	-0.46	0.71
rely	-0.46	0.75
bar	-0.46	0.66
spinning	-0.46	0.60
cheap	-0.46	0.91
cop	-0.46	0.64
easily	-0.46	1.12
robot	-0.46	0.73
decade	-0.46	0.78
permanently	-0.46	1.16
noticeable	-0.46	0.81
removed	-0.46	0.95
folders	-0.46	0.68
red	-0.46	1.32
forth	-0.46	0.71
loud	-0.46	0.87
unable	-0.46	1.00
blah	-0.46	0.64
thru	-0.46	0.51
quiet	-0.46	0.85
operating	-0.46	0.66
equivalent	-0.45	0.86
challenges	-0.45	0.59
inevitable	-0.45	1.11
hardly	-0.45	0.97
trouble	-0.45	1.55
their	-0.45	0.63
decision	-0.45	0.98
icons	-0.45	0.64
boost	-0.45	0.58
application	-0.45	0.65
matters	-0.45	1.62
spam	-0.45	0.58
willing	-0.45	1.54
connectivity	-0.45	0.66
goals	-0.45	0.61
assure	-0.45	1.37
achievements	-0.45	0.54
littlebigplanet	-0.45	1.53
limits	-0.45	0.64
smoothly	-0.45	0.83
literally	-0.45	1.37
customize	-0.45	0.67
jump	-0.44	0.71
unlocked	-0.44	0.56
assault	-0.44	0.63
popularity	-0.44	0.55
gta	-0.44	1.55
rage	-0.44	0.66
cpu	-0.44	0.68
travel	-0.44	0.75
remotely	-0.44	0.93
frames	-0.44	0.71
substantial	-0.44	0.84
main	-0.44	0.60
mixed	-0.44	0.82
consumer	-0.44	0.57
transactions	-0.44	0.61
yet	-0.44	1.06
methods	-0.44	0.92
talked	-0.44	1.35
camp	-0.44	1.21
related	-0.44	0.85
appears	-0.44	0.95
randomly	-0.44	0.70
processing	-0.44	0.72
wifi	-0.43	0.59
implemented	-0.43	0.80
snap	-0.43	0.80
company	-0.43	0.51
gamespot	-0.43	0.70
whenever	-0.43	1.07
equipment	-0.43	0.58
touchpad	-0.43	0.66
task	-0.43	0.73
joe	-0.43	0.69
direction	-0.43	1.03
vary	-0.43	0.88
standards	-0.43	0.63
orange	-0.43	0.68
itt	-0.43	0.98
ign	-0.43	0.70
fixes	-0.43	0.71
military	-0.43	0.87
hobby	-0.43	0.64
making	-0.43	1.27
tier	-0.43	0.71
sticking	-0.43	0.93
function	-0.43	1.15
polygon	-0.42	0.80
reports	-0.42	0.64
remain	-0.42	1.06
light	-0.42	0.71
quests	-0.42	0.65
hackers	-0.42	0.73
included	-0.42	1.01
requirements	-0.42	0.61
upgrading	-0.42	0.59
tested	-0.42	0.75
grinding	-0.42	0.64
changes	-0.42	0.67
profitable	-0.42	0.54
purely	-0.42	0.81
devs	-0.42	0.62
happens	-0.42	1.30
tweaks	-0.42	0.70
missions	-0.42	0.59
stick	-0.42	0.98
critical	-0.42	0.74
purposes	-0.42	0.73
including	-0.42	1.21
picks	-0.41	1.95
som	-0.41	1.46
up	-0.41	1.11
judgement	-0.41	1.14
xboxone	-0.41	0.70
discovered	-0.41	0.71
judging	-0.41	0.89
genre	-0.41	0.62
rented	-0.41	1.07
describe	-0.41	1.52
framerate	-0.41	0.78
cheating	-0.41	1.01
intention	-0.41	1.27
pretend	-0.41	1.33
hard	-0.41	0.68
passing	-0.41	0.79
were	-0.41	1.65
spending	-0.41	0.67
else	-0.41	1.61
runs	-0.41	0.62
sees	-0.40	2.45
faulty	-0.40	0.67
giant	-0.40	0.53
indeed	-0.40	2.44
increasing	-0.40	0.88
precise	-0.40	0.90
flame	-0.40	1.18
base	-0.40	0.72
affect	-0.40	0.93
chunk	-0.40	0.52
2d	-0.40	0.71
left	-0.40	1.17
isolation	-0.40	1.26
challenge	-0.39	0.64
happening	-0.39	2.00
gif	-0.39	0.83
rates	-0.39	0.67
reality	-0.39	1.26
deciding	-0.39	1.14
hotline	-0.39	0.83
same	-0.39	1.95
based	-0.39	1.12
preferences	-0.39	1.04
bottom	-0.39	1.07
terraria	-0.39	0.78
humor	-0.39	0.99
faith	-0.39	0.70
paced	-0.39	0.80
wave	-0.38	0.65
any	-0.38	1.03
began	-0.38	0.73
mercenary	-0.38	0.75
category	-0.38	0.71
vague	-0.38	1.55
insane	-0.38	1.75
closer	-0.38	0.76
buyers	-0.38	0.72
armor	-0.38	0.59
backing	-0.38	0.80
guard	-0.38	0.54
downloading	-0.38	0.57
hair	-0.38	0.75
background	-0.38	0.63
wise	-0.38	1.95
moves	-0.38	0.71
spent	-0.38	0.64
hence	-0.38	1.12
rooms	-0.38	0.65
kotaku	-0.38	0.74
resources	-0.37	0.60
dice	-0.37	0.67
except	-0.37	0.89
slightest	-0.37	1.20
according	-0.37	0.91
latter	-0.37	0.80
letting	-0.37	1.21
human	-0.37	0.67
ufc	-0.37	1.19
corrupt	-0.37	0.60
stops	-0.37	0.75
damaged	-0.37	0.68
personal	-0.37	1.32
intend	-0.37	1.38
becoming	-0.37	0.67
rumor	-0.37	1.50
gay	-0.37	0.81
scratch	-0.37	0.50
actively	-0.37	0.97
mb	-0.36	0.53
trine	-0.36	0.68
steps	-0.36	0.77
traditional	-0.36	0.82
goal	-0.36	0.65
attempts	-0.36	0.79
sequels	-0.36	1.18
hardline	-0.36	1.12
launch	-0.36	0.68
cause	-0.36	1.18
having	-0.36	1.60
threads	-0.36	1.08
pixeljunk	-0.36	0.62
alternative	-0.36	0.64
said	-0.36	1.66
downtime	-0.36	0.73
developers	-0.36	0.57
yearly	-0.36	0.67
browse	-0.36	0.84
falls	-0.35	0.60
flying	-0.35	0.62
reasoning	-0.35	1.19
grabbing	-0.35	1.02
dying	-0.35	0.65
invest	-0.35	0.72
move	-0.35	0.67
underrated	-0.35	0.73
budget	-0.35	0.55
kings	-0.35	0.72
kicked	-0.35	0.72
judge	-0.35	1.21
exceptions	-0.35	0.65
interest	-0.35	0.91
die	-0.35	0.70
ball	-0.35	0.67
enemies	-0.35	0.74
torn	-0.35	0.78
entirely	-0.34	1.39
sources	-0.34	0.97
plants	-0.34	1.04
completely	-0.34	1.40
dvd	-0.34	0.58
factor	-0.34	0.71
desire	-0.34	1.10
hide	-0.34	0.67
monsters	-0.34	0.61
frankly	-0.34	0.88
profits	-0.34	0.56
gb	-0.34	0.53
nation	-0.34	0.75
integration	-0.34	0.69
themes	-0.34	0.68
feel	-0.34	1.23
sniper	-0.34	0.74
puts	-0.33	2.20
continuing	-0.33	0.96
gets	-0.33	0.75
triple	-0.33	0.70
icon	-0.33	0.63
customization	-0.33	0.79
servers	-0.33	0.64
resolved	-0.33	0.75
buying	-0.33	1.24
drm	-0.33	0.58
fish	-0.33	0.76
elite	-0.33	0.72
resogun	-0.33	0.93
shock	-0.33	0.62
slap	-0.33	0.64
existed	-0.33	0.82
proprietary	-0.33	0.58
intro	-0.33	0.94
energy	-0.33	0.58
rude	-0.33	1.17
tlou	-0.33	1.36
gigs	-0.33	0.55
supposed	-0.33	2.22
stated	-0.33	1.60
pieces	-0.32	0.56
causes	-0.32	0.81
tracks	-0.32	0.86
grow	-0.32	0.58
cinematic	-0.32	0.73
2011	-0.32	0.99
fill	-0.32	0.55
necessarily	-0.32	1.73
additions	-0.32	0.72
scope	-0.32	0.60
spend	-0.32	0.68
notice	-0.32	1.27
repeatedly	-0.32	0.75
brightness	-0.32	0.56
below	-0.32	0.71
nicely	-0.31	1.07
evolve	-0.31	1.38
thing	-0.31	1.45
form	-0.31	0.70
unlocking	-0.31	0.54
videogames	-0.31	0.72
produced	-0.31	0.70
stability	-0.31	0.68
1tb	-0.31	0.54
health	-0.31	0.48
marked	-0.31	0.72
deserves	-0.31	0.76
scroll	-0.31	0.68
albeit	-0.31	0.76
subject	-0.31	1.29
integrated	-0.31	0.65
initial	-0.31	0.76
connecting	-0.31	0.65
relative	-0.31	0.76
children	-0.31	0.87
security	-0.30	0.62
forums	-0.30	0.97
successful	-0.30	0.64
pulling	-0.30	0.68
madden	-0.30	1.11
loyalty	-0.30	0.62
voted	-0.30	1.22
worthy	-0.30	0.75
bought	-0.30	0.92
updating	-0.30	0.71
learned	-0.30	0.77
flight	-0.30	0.66
after	-0.30	0.81
restricted	-0.30	0.72
injustice	-0.30	1.12
once	-0.30	0.90
billion	-0.30	0.52
market	-0.30	0.51
research	-0.30	0.84
storage	-0.30	0.54
term	-0.30	1.26
technically	-0.30	1.75
script	-0.29	0.77
bargain	-0.29	0.96
articles	-0.29	0.78
tr	-0.29	1.20
wanted	-0.29	1.57
drives	-0.29	0.55
air	-0.29	0.68
errors	-0.29	0.91
sites	-0.29	0.68
last	-0.29	0.99
ddos	-0.29	0.72
error	-0.29	0.68
maintain	-0.29	0.64
disconnected	-0.29	0.62
pcs	-0.29	0.65
tad	-0.29	0.90
daily	-0.29	0.61
convert	-0.29	0.80
earned	-0.29	0.51
lights	-0.29	0.63
learning	-0.29	0.71
x1	-0.29	0.53
requires	-0.29	0.71
turns	-0.29	0.61
goes	-0.29	0.98
method	-0.29	0.63
pool	-0.29	0.50
genres	-0.29	0.55
warrant	-0.29	1.04
meanwhile	-0.28	0.64
blocking	-0.28	0.64
longer	-0.28	0.62
plans	-0.28	0.78
money	-0.28	0.78
investment	-0.28	0.62
difference	-0.28	0.74
60	-0.28	0.58
neogaf	-0.28	0.87
acts	-0.28	0.91
pad	-0.28	0.66
campaign	-0.28	0.98
reach	-0.28	0.56
quest	-0.28	0.55
accident	-0.28	1.04
determine	-0.28	1.14
2tb	-0.28	0.55
prologue	-0.28	0.78
60fps	-0.28	0.68
spot	-0.28	0.90
adds	-0.28	0.62
counting	-0.28	0.89
difficult	-0.27	0.91
pointed	-0.27	1.37
peoples	-0.27	0.95
natural	-0.27	0.80
konami	-0.27	0.54
mindless	-0.27	0.82
top	-0.27	1.11
service	-0.27	0.59
activision	-0.27	0.44
shapes	-0.27	0.73
developed	-0.27	0.56
miami	-0.27	0.82
lego	-0.27	1.31
rubber	-0.27	0.69
came	-0.27	0.98
who	-0.27	1.86
gold	-0.27	0.50
infrastructure	-0.27	0.62
hybrid	-0.27	0.53
shooting	-0.27	0.67
blur	-0.27	0.71
kinda	-0.26	1.19
level	-0.26	0.54
forum	-0.26	1.03
used	-0.26	0.88
fix	-0.26	0.80
angle	-0.26	0.63
crew	-0.26	0.95
reviewer	-0.26	0.67
update	-0.26	0.71
typically	-0.26	0.58
michael	-0.26	0.54
disconnect	-0.26	0.60
owners	-0.26	0.60
achieve	-0.26	0.66
serves	-0.26	0.67
an	-0.26	0.66
updates	-0.26	0.66
capabilities	-0.26	0.72
colour	-0.26	0.65
jet	-0.26	0.84
drove	-0.26	0.65
unlock	-0.26	0.54
ect	-0.26	0.80
knowledge	-0.25	0.86
potentially	-0.25	0.77
fixed	-0.25	0.81
delay	-0.25	0.69
reasons	-0.25	0.99
simultaneously	-0.25	0.71
bucks	-0.25	0.59
platformer	-0.25	0.57
users	-0.25	0.78
formula	-0.25	0.77
factors	-0.25	0.82
firing	-0.25	0.56
fully	-0.25	1.28
router	-0.25	0.56
redux	-0.25	1.28
explicitly	-0.25	1.63
stayed	-0.25	0.76
sight	-0.25	0.59
score	-0.25	0.74
down	-0.25	1.20
advertise	-0.25	1.04
upgrades	-0.25	0.58
deeper	-0.25	0.82
tb	-0.25	0.56
full	-0.25	0.80
posts	-0.25	1.07
magically	-0.25	0.89
unlikely	-0.25	1.18
flow	-0.24	0.61
adjust	-0.24	0.58
heading	-0.24	1.04
exception	-0.24	0.79
processor	-0.24	0.59
customers	-0.24	0.64
dropping	-0.24	0.67
embargo	-0.24	0.56
amount	-0.24	0.62
effort	-0.24	0.67
follow	-0.24	0.82
third	-0.24	0.53
discussing	-0.24	1.09
length	-0.24	0.62
iii	-0.24	1.68
file	-0.24	0.55
theyre	-0.24	1.32
everywhere	-0.24	0.81
potential	-0.24	0.67
ffs	-0.23	1.13
understand	-0.23	2.19
units	-0.23	0.63
sequence	-0.23	0.60
screen	-0.23	0.62
ethernet	-0.23	0.57
optimize	-0.23	0.67
tough	-0.23	0.91
patches	-0.23	0.69
suggest	-0.23	1.27
pops	-0.23	0.71
mandatory	-0.23	0.63
white	-0.23	0.95
patch	-0.23	0.77
profit	-0.23	0.57
skills	-0.23	0.61
strategy	-0.23	0.60
fluid	-0.23	1.07
times	-0.23	0.75
looking	-0.23	1.87
8/10	-0.23	0.71
90	-0.23	0.53
puzzle	-0.23	0.57
architecture	-0.23	0.62
plastic	-0.23	0.61
combination	-0.22	0.82
continues	-0.22	0.71
pause	-0.22	0.66
minecraft	-0.22	0.94
timing	-0.22	0.71
instance	-0.22	0.70
pushing	-0.22	0.68
hanging	-0.22	0.71
multiplats	-0.22	0.53
assist	-0.22	0.61
traffic	-0.22	0.61
apart	-0.22	0.74
wide	-0.22	0.76
cross-buy	-0.22	0.79
popping	-0.22	0.90
driving	-0.22	0.67
cell	-0.22	0.76
relatively	-0.22	0.76
ability	-0.22	0.78
appropriate	-0.22	0.97
surface	-0.22	0.59
threat	-0.22	0.58
x86	-0.22	0.62
saved	-0.22	0.57
regarding	-0.22	1.13
roughly	-0.22	0.58
comparable	-0.22	0.95
yup	-0.21	2.43
ground	-0.21	0.78
standalone	-0.21	0.67
cutting	-0.21	0.71
achievement	-0.21	0.54
mods	-0.21	0.86
500gb	-0.21	0.53
successfully	-0.21	0.91
allows	-0.21	0.90
franchise	-0.21	1.39
ram	-0.21	0.56
everything	-0.21	1.21
logitech	-0.21	0.61
mini	-0.21	0.65
internal	-0.21	0.52
clever	-0.21	0.97
built	-0.21	0.58
losing	-0.21	0.67
convince	-0.21	1.26
14	-0.21	1.05
leak	-0.21	1.20
attacks	-0.21	0.64
situation	-0.21	1.51
whether	-0.21	1.71
downloaded	-0.21	0.57
yours	-0.21	1.52
people	-0.21	1.31
written	-0.21	0.79
cents	-0.21	0.56
rush	-0.20	0.78
immediately	-0.20	0.81
sake	-0.20	1.01
off	-0.20	0.84
deliver	-0.20	0.80
functional	-0.20	0.93
loses	-0.20	1.63
talk	-0.20	1.40
download	-0.20	0.59
while	-0.20	1.03
why	-0.20	2.17
creation	-0.20	0.76
approach	-0.20	0.70
meeting	-0.20	0.62
bump	-0.20	0.65
matter	-0.20	2.08
seems	-0.20	1.10
connect	-0.20	0.59
finding	-0.20	0.80
diablo	-0.20	1.15
lesson	-0.20	0.63
refuse	-0.20	1.30
majority	-0.20	0.55
dick	-0.19	1.00
shits	-0.19	0.75
objectives	-0.19	0.59
net	-0.19	0.60
yep	-0.19	2.36
attention	-0.19	0.95
1.7	-0.19	0.76
highlight	-0.19	0.65
somewhere	-0.19	1.41
drivers	-0.19	0.56
memory	-0.19	0.56
double	-0.19	0.60
respawn	-0.19	0.57
damage	-0.19	0.58
fair	-0.19	1.10
physically	-0.19	1.10
browsing	-0.19	0.61
heavily	-0.19	0.92
become	-0.19	0.75
machines	-0.19	0.59
gpu	-0.19	0.75
driver	-0.19	0.55
folder	-0.19	0.58
minimum	-0.19	0.58
chase	-0.19	0.56
ages	-0.19	0.64
gain	-0.19	0.48
illegal	-0.19	0.82
levels	-0.19	0.63
settle	-0.19	0.79
2.0	-0.19	0.76
route	-0.19	0.83
keeping	-0.19	0.97
900p	-0.18	0.62
climb	-0.18	0.65
seagate	-0.18	0.55
begin	-0.18	0.77
legal	-0.18	0.79
pricing	-0.18	0.66
remembered	-0.18	1.04
slots	-0.18	0.59
gamers	-0.18	0.68
automatically	-0.18	0.75
squad	-0.18	0.67
gz	-0.18	0.98
luckily	-0.18	1.24
require	-0.18	0.79
between	-0.18	0.64
firmware	-0.18	0.70
files	-0.18	0.55
handle	-0.18	0.87
certain	-0.18	1.17
process	-0.18	0.67
software	-0.18	0.64
coverage	-0.18	0.66
wheels	-0.18	0.55
cost	-0.18	0.61
outage	-0.18	0.63
niche	-0.18	0.44
routers	-0.18	0.56
fear	-0.18	0.78
oddly	-0.17	0.78
suspend	-0.17	0.72
ease	-0.17	0.67
mgs	-0.17	0.96
alien	-0.17	0.88
concrete	-0.17	0.57
external	-0.17	0.52
write	-0.17	0.80
differences	-0.17	0.72
wheel	-0.17	0.57
progression	-0.17	0.63
ammo	-0.17	0.55
input	-0.17	0.64
gun	-0.17	0.56
virtual	-0.17	0.72
solely	-0.17	0.76
swing	-0.17	0.90
led	-0.17	0.54
ps3/360	-0.17	0.56
wear	-0.17	0.67
products	-0.17	0.73
realized	-0.17	1.16
booted	-0.17	0.65
example	-0.17	0.74
hoping	-0.17	1.85
keyboard	-0.17	0.60
simulator	-0.17	0.58
core	-0.17	0.60
purchasing	-0.17	0.95
react	-0.17	1.04
dime	-0.17	0.63
collecting	-0.17	0.57
before	-0.17	0.84
2008	-0.16	1.05
real	-0.16	0.80
invalid	-0.16	1.66
rifle	-0.16	0.54
awesomenauts	-0.16	0.80
resume	-0.16	0.73
camera	-0.16	0.66
supported	-0.16	0.62
zeroes	-0.16	0.98
one	-0.16	1.45
items	-0.16	0.59
bullet	-0.16	0.58
provides	-0.16	0.89
batman	-0.16	1.50
backup	-0.16	0.52
irrelevant	-0.16	2.08
fly	-0.16	0.63
rig	-0.16	0.60
hacker	-0.16	0.72
paying	-0.16	0.58
specifically	-0.16	1.75
evil	-0.16	0.89
uses	-0.16	0.65
hack	-0.16	0.61
type	-0.16	0.52
xbo	-0.16	0.49
joystick	-0.16	0.68
patched	-0.16	0.78
max	-0.16	0.59
priority	-0.16	0.66
tie	-0.15	0.92
action	-0.15	0.56
run	-0.15	0.61
earn	-0.15	0.51
focusing	-0.15	0.77
popped	-0.15	0.59
subscribed	-0.15	0.74
own	-0.15	1.09
exist	-0.15	1.41
launched	-0.15	0.68
vs	-0.15	0.71
dangerous	-0.15	0.61
npc	-0.15	0.86
accept	-0.15	1.33
revenue	-0.15	0.59
creators	-0.15	0.70
reaction	-0.15	0.87
material	-0.15	0.64
heat	-0.15	0.64
needed	-0.15	1.21
rule	-0.15	0.76
client	-0.15	0.57
police	-0.15	0.54
knew	-0.15	1.88
regular	-0.15	0.60
support	-0.15	0.60
connects	-0.15	0.56
crying	-0.15	1.19
heists	-0.15	0.89
source	-0.15	1.03
changing	-0.15	0.64
medium	-0.15	0.81
legends	-0.15	1.00
fewer	-0.15	0.74
strider	-0.15	0.68
couldnt	-0.15	1.38
leave	-0.14	0.83
lbp	-0.14	1.41
understanding	-0.14	1.18
vehicles	-0.14	0.62
nat	-0.14	0.56
gate	-0.14	1.02
capable	-0.14	0.67
contrast	-0.14	0.77
hacked	-0.14	0.69
refresh	-0.14	0.59
vote	-0.14	1.07
portable	-0.14	0.67
swapped	-0.14	0.58
apparently	-0.14	1.52
redownload	-0.14	0.59
atleast	-0.14	0.76
healthy	-0.14	0.61
time	-0.14	0.91
swapping	-0.14	0.75
arent	-0.14	1.38
crafting	-0.14	0.56
continue	-0.14	1.07
tend	-0.14	0.64
tanks	-0.14	0.60
vast	-0.14	0.63
octodad	-0.14	0.73
inside	-0.14	0.61
found	-0.14	0.88
progress	-0.14	0.54
wonder	-0.14	2.08
specific	-0.14	1.24
options	-0.14	0.67
publisher	-0.14	0.43
condition	-0.14	0.69
4	-0.14	1.78
dlna	-0.14	0.64
throwing	-0.13	0.65
franchises	-0.13	1.11
library	-0.13	0.56
delete	-0.13	0.61
worn	-0.13	0.68
requested	-0.13	0.79
euro	-0.13	0.58
told	-0.13	1.17
amd	-0.13	0.62
sink	-0.13	0.66
adventure	-0.13	0.53
accepted	-0.13	0.63
series	-0.13	2.49
testing	-0.13	0.60
paid	-0.13	0.54
rift	-0.13	0.58
independent	-0.13	0.43
butt	-0.13	0.89
blocks	-0.13	0.63
compression	-0.13	0.62
insurance	-0.13	0.60
mentioned	-0.13	1.09
supplies	-0.13	0.55
hitting	-0.13	0.66
capacity	-0.13	0.53
collect	-0.13	0.61
d-pad	-0.13	0.67
auto	-0.13	0.69
ea	-0.13	0.52
transistor	-0.13	0.76
strong	-0.12	0.91
8gb	-0.12	0.52
boss	-0.12	0.64
gather	-0.12	0.61
wireless	-0.12	0.55
builds	-0.12	0.59
ones	-0.12	0.78
saves	-0.12	0.58
cuts	-0.12	0.46
peggle	-0.12	0.85
percentage	-0.12	0.50
components	-0.12	0.55
powerline	-0.12	0.55
120hz	-0.12	0.55
overly	-0.12	0.94
catching	-0.12	0.69
bunch	-0.12	0.76
space	-0.12	0.58
introduce	-0.12	0.66
chests	-0.12	0.59
latest	-0.12	0.67
rating	-0.12	0.69
state	-0.12	1.00
animals	-0.12	0.64
sunset	-0.12	0.65
sells	-0.12	1.20
besides	-0.12	0.86
limited	-0.12	0.59
signal	-0.11	0.55
taken	-0.11	0.66
planes	-0.11	0.59
dollars	-0.11	0.59
enable	-0.11	0.69
overdrive	-0.11	0.65
capability	-0.11	0.66
system	-0.11	0.64
recommended	-0.11	0.70
xbl	-0.11	0.59
concern	-0.11	1.05
30	-0.11	0.55
format	-0.11	0.58
deleting	-0.11	0.64
cops	-0.11	0.56
connected	-0.11	0.56
wizard	-0.11	0.63
perks	-0.11	0.56
oculus	-0.11	0.61
marvel	-0.11	1.20
finally	-0.11	1.12
percent	-0.11	0.58
60hz	-0.11	0.55
expand	-0.11	0.57
pin	-0.10	0.62
remember	-0.10	1.70
arkham	-0.10	1.52
more	-0.10	0.84
install	-0.10	0.57
installed	-0.10	0.59
whatnot	-0.10	0.86
element	-0.10	0.58
sticky	-0.10	0.80
fourth	-0.10	0.72
vertical	-0.10	0.64
drain	-0.10	0.55
flash	-0.10	0.55
accuracy	-0.10	0.68
package	-0.10	0.58
peeling	-0.10	0.68
raw	-0.10	0.63
supports	-0.10	0.58
removing	-0.10	0.77
thousands	-0.10	0.67
slash	-0.10	0.61
clone	-0.10	1.14
reload	-0.10	0.56
kick	-0.10	0.54
immersion	-0.10	0.66
hole	-0.10	0.60
training	-0.10	0.59
licensing	-0.09	0.47
holds	-0.09	0.73
common	-0.09	0.84
supply	-0.09	0.59
relationship	-0.09	0.79
re-download	-0.09	0.59
ending	-0.09	0.62
tvs	-0.09	0.56
much	-0.09	1.04
content	-0.09	0.64
leveling	-0.09	0.56
displays	-0.09	0.57
height	-0.09	0.61
spawn	-0.09	0.67
develop	-0.09	0.62
depending	-0.09	1.13
save	-0.09	0.57
fifa	-0.09	0.99
hrs	-0.09	0.64
walls	-0.09	0.54
devices	-0.09	0.56
driveclub	-0.09	0.87
introduced	-0.09	0.64
<SPECIAL>	-0.09	0.53
<URL>	-0.09	0.53
defective	-0.09	0.74
these	-0.09	0.95
backed	-0.09	0.58
3rd	-0.09	0.52
technical	-0.09	0.90
proved	-0.09	0.85
computers	-0.09	0.54
hdd	-0.09	0.53
adapters	-0.09	0.55
line	-0.09	0.64
bosses	-0.09	0.65
playback	-0.09	0.62
individual	-0.09	1.01
did	-0.09	2.08
flower	-0.09	0.70
giving	-0.09	1.14
2k	-0.09	0.98
problem	-0.08	1.37
how	-0.08	2.11
rare	-0.08	0.88
3.0	-0.08	0.53
skins	-0.08	0.57
lvl	-0.08	0.55
backlog	-0.08	0.54
steal	-0.08	0.56
fit	-0.08	0.71
sounded	-0.08	1.01
hours	-0.08	0.68
particular	-0.08	1.21
aaa	-0.08	0.67
flip	-0.08	0.62
displayed	-0.08	0.57
hardware	-0.08	0.65
depends	-0.08	1.20
restrictions	-0.08	0.66
drive	-0.08	0.52
individually	-0.08	0.99
guacamelee	-0.08	0.65
works	-0.08	0.68
clicking	-0.08	0.69
bluetooth	-0.08	0.62
setting	-0.08	0.61
skip	-0.08	0.87
enabled	-0.08	0.68
installing	-0.08	0.62
styles	-0.08	0.73
lcd	-0.08	0.54
smooth	-0.08	0.93
void	-0.08	0.63
extremely	-0.08	0.89
dig	-0.08	0.64
meaning	-0.08	1.69
speaking	-0.07	1.30
costs	-0.07	0.58
nor	-0.07	1.38
yourself	-0.07	1.55
under	-0.07	0.79
wearing	-0.07	0.67
preference	-0.07	1.23
settings	-0.07	0.63
generate	-0.07	0.59
results	-0.07	0.68
legitimately	-0.07	1.24
fez	-0.07	0.64
rank	-0.07	0.52
bullets	-0.07	0.56
millions	-0.07	0.66
past	-0.07	0.72
news	-0.07	0.79
directly	-0.07	0.55
fire	-0.07	0.57
forever	-0.07	1.27
installs	-0.07	0.55
pair	-0.07	0.59
disable	-0.07	0.68
visible	-0.07	0.63
able	-0.07	1.58
planned	-0.07	0.92
place	-0.07	1.22
switching	-0.07	0.75
additionally	-0.07	0.64
1080	-0.07	0.61
seem	-0.07	1.35
visit	-0.07	0.82
messaging	-0.06	0.59
dmz	-0.06	0.55
lines	-0.06	0.83
crowd	-0.06	0.50
boot	-0.06	0.71
secure	-0.06	0.80
strange	-0.06	1.30
incredibly	-0.06	0.89
french	-0.06	0.84
additional	-0.06	0.71
monitors	-0.06	0.51
hdcp	-0.06	0.66
build	-0.06	0.52
existing	-0.06	0.61
earlier	-0.06	0.82
strip	-0.06	0.60
premium	-0.06	0.58
nothing	-0.06	1.56
targeting	-0.06	0.60
kombat	-0.06	0.77
teeth	-0.05	0.58
worry	-0.05	1.60
theft	-0.05	1.39
killing	-0.05	0.57
conversation	-0.05	1.28
usb	-0.05	0.53
playtime	-0.05	0.64
range	-0.05	0.57
ratio	-0.05	0.55
forgotten	-0.05	1.30
million	-0.05	0.57
switched	-0.05	0.55
corner	-0.05	0.96
degree	-0.05	0.59
turned	-0.05	0.72
comparison	-0.05	0.86
craft	-0.05	0.54
using	-0.05	0.63
polish	-0.05	0.77
manually	-0.05	0.64
skill	-0.05	0.62
broke	-0.05	0.85
1080p	-0.05	0.58
change	-0.05	0.78
xb1	-0.05	0.49
ban	-0.05	0.92
cons	-0.05	0.70
elsewhere	-0.05	0.84
realistically	-0.05	1.13
guns	-0.05	0.58
dns	-0.05	0.59
replaced	-0.05	0.62
closing	-0.04	0.62
windows	-0.04	0.56
cloud	-0.04	0.56
running	-0.04	0.66
pc	-0.04	0.56
reinstall	-0.04	0.68
published	-0.04	0.49
nfl	-0.04	0.91
sets	-0.04	0.60
loot	-0.04	0.57
upgrade	-0.04	0.62
allow	-0.04	1.10
know	-0.04	2.10
restart	-0.04	0.77
remote	-0.04	0.63
walker	-0.04	0.73
optimization	-0.04	0.70
choices	-0.04	0.80
display	-0.04	0.58
long	-0.04	0.88
within	-0.04	0.72
rear	-0.04	0.61
map	-0.04	0.52
shift	-0.04	0.61
cable	-0.04	0.54
720	-0.04	0.58
fairly	-0.04	0.88
forest	-0.04	0.67
focused	-0.04	0.58
vision	-0.04	0.58
conditions	-0.03	0.77
described	-0.03	1.34
payed	-0.03	0.56
mines	-0.03	0.73
installation	-0.03	0.60
include	-0.03	0.86
cave	-0.03	0.57
tab	-0.03	0.65
dlcs	-0.03	0.59
grip	-0.03	0.71
activity	-0.03	0.56
sprint	-0.03	0.62
turn	-0.03	0.67
push	-0.03	0.68
adapter	-0.03	0.53
restarting	-0.03	0.72
linking	-0.03	1.05
pressing	-0.03	0.64
half	-0.03	1.18
isaac	-0.03	0.66
loose	-0.03	0.80
massively	-0.03	0.75
machine	-0.03	0.53
custom	-0.03	0.59
dirty	-0.03	0.80
rpg	-0.03	0.56
laptop	-0.03	0.51
specs	-0.03	0.89
boys	-0.03	0.85
rental	-0.03	0.60
where	-0.03	2.09
expect	-0.03	1.73
press	-0.03	0.65
instantly	-0.03	0.73
protection	-0.03	0.69
into	-0.03	0.70
vr	-0.03	0.64
exploration	-0.03	0.63
eye	-0.02	0.63
snake	-0.02	0.71
95	-0.02	0.59
guarantee	-0.02	1.58
battery	-0.02	0.51
desktop	-0.02	0.55
mins	-0.02	0.71
lead	-0.02	0.70
starve	-0.02	0.71
platforms	-0.02	0.56
samsung	-0.02	0.53
deleted	-0.02	0.77
click	-0.02	0.73
tag	-0.02	0.99
farm	-0.02	0.54
refer	-0.02	1.27
otherwise	-0.02	2.05
multiplat	-0.02	0.59
holding	-0.02	0.67
status	-0.02	0.61
rest	-0.02	0.71
bioware	-0.02	0.96
former	-0.02	0.72
pleased	-0.02	1.90
upnp	-0.02	0.57
when	-0.02	1.28
learn	-0.02	0.75
lot	-0.02	1.00
lg	-0.02	0.53
countless	-0.02	0.73
4k	-0.02	0.57
forwarding	-0.02	0.57
drastically	-0.02	0.78
device	-0.01	0.56
micro	-0.01	0.56
mcc	-0.01	0.60
games	-0.01	0.72
logo	-0.01	0.61
phil	-0.01	0.66
button	-0.01	0.65
2x	-0.01	0.58
noise	-0.01	0.68
hundreds	-0.01	0.73
death	-0.01	0.70
tear	-0.01	0.67
enjoyment	-0.01	0.64
gamepad	-0.01	0.61
transfer	-0.01	0.54
monitor	-0.01	0.51
fans	-0.01	0.73
exclusives	-0.01	0.52
per	-0.01	0.56
compensation	-0.01	0.78
anything	-0.01	1.73
competing	-0.01	0.57
both	-0.01	0.75
prior	-0.01	0.71
vizio	-0.01	0.53
asus	-0.01	0.51
attack	-0.01	0.70
media	-0.01	0.58
static	-0.01	0.57
things	-0.01	1.46
farming	-0.01	0.56
idk	-0.01	1.87
tank	-0.01	0.73
respective	-0.00	0.83
hiding	-0.00	0.69
posted	-0.00	0.91
saving	-0.00	0.65
perhaps	-0.00	1.17
daylight	-0.00	0.67
nhl	-0.00	0.96
cycle	-0.00	0.58
curve	-0.00	0.84
periods	-0.00	0.62
120	-0.00	0.50
replacing	-0.00	0.64
switch	-0.00	0.66
planet	-0.00	0.80
some	-0.00	0.92
taste	-0.00	0.88
opening	-0.00	0.55
view	0.00	0.54
global	0.00	0.54
weapon	0.00	0.56
section	0.00	0.65
stats	0.00	0.55
decided	0.00	1.26
sends	0.00	1.16
1000	0.00	0.54
unrelated	0.00	0.93
seconds	0.00	0.70
automatic	0.00	0.59
protect	0.00	0.68
hop	0.00	0.71
definitive	0.00	1.18
tablet	0.00	0.56
block	0.01	0.68
panel	0.01	0.54
materials	0.01	0.56
400	0.01	0.59
gap	0.01	0.55
metro	0.01	1.33
mp3	0.01	0.60
mean	0.01	2.09
disks	0.01	0.68
velocity	0.01	0.60
contain	0.01	0.74
moved	0.01	0.69
pack	0.01	0.58
rpgs	0.01	0.57
theres	0.01	0.97
ellie	0.01	1.41
delivering	0.01	0.74
tricky	0.01	0.76
rockstar	0.01	0.68
mature	0.01	0.67
adult	0.01	0.76
dungeon	0.01	0.55
default	0.01	0.67
cars	0.01	0.63
report	0.01	0.75
powered	0.01	0.63
wouldnt	0.01	1.48
killer	0.01	0.59
innovation	0.01	0.66
subscribers	0.01	0.61
shots	0.01	0.59
balance	0.01	0.75
minutes	0.01	0.71
development	0.01	0.57
buttons	0.01	0.68
note	0.01	1.74
population	0.01	0.48
stored	0.01	0.56
owning	0.02	0.74
steamworld	0.02	0.64
elements	0.02	0.58
held	0.02	0.59
rebirth	0.02	0.64
ultra	0.02	0.55
makes	0.02	1.03
stone	0.02	0.62
exploring	0.02	0.60
developer	0.02	0.51
care	0.02	1.64
inputs	0.02	0.56
leaked	0.02	0.80
via	0.02	0.56
800	0.02	0.52
peace	0.02	0.77
newer	0.02	0.55
reverse	0.02	0.71
thread	0.02	1.07
weapons	0.02	0.58
upvote	0.02	1.17
delivered	0.02	0.68
instinct	0.02	0.60
shotgun	0.02	0.53
batch	0.02	0.60
outlet	0.02	0.56
racing	0.02	0.66
abuse	0.02	0.79
ips	0.02	0.52
render	0.02	0.66
child	0.02	0.70
magic	0.02	0.59
tech	0.03	0.64
triangle	0.03	0.65
neither	0.03	1.09
called	0.03	0.98
180	0.03	0.51
hdmi	0.03	0.55
imply	0.03	1.86
resolutions	0.03	0.68
podcast	0.03	0.70
thumbstick	0.03	0.71
mtu	0.03	0.65
dlc	0.03	0.59
laid	0.03	0.79
bow	0.03	0.56
universal	0.03	0.56
chest	0.03	0.52
publishing	0.03	0.43
inch	0.03	0.53
hook	0.03	0.61
shoot	0.03	0.57
linux	0.03	0.55
says	0.03	0.93
extend	0.03	0.61
ports	0.03	0.52
plasma	0.03	0.54
kinds	0.03	0.86
bundle	0.03	1.11
tons	0.03	0.80
ms	0.03	0.45
spelunky	0.03	0.61
blacklight	0.03	0.93
folks	0.03	0.97
dual	0.03	0.55
recognize	0.03	1.22
because	0.04	1.97
ear	0.04	0.60
slip	0.04	0.70
r3	0.04	0.61
xp	0.04	0.54
maintenance	0.04	0.62
priced	0.04	0.82
smartphone	0.04	0.56
abilities	0.04	0.58
binding	0.04	0.63
lasted	0.04	0.67
got	0.04	0.81
gt6	0.04	0.67
3.5	0.04	0.51
cd	0.04	0.49
port	0.04	0.53
headsets	0.04	0.56
we	0.04	1.89
wire	0.04	0.55
disabled	0.04	0.66
each	0.04	1.00
arrow	0.04	0.58
ultimately	0.04	0.82
image	0.04	0.62
standby	0.04	0.69
gg	0.04	0.85
r/destinythegame	0.04	1.02
race	0.04	0.71
claimed	0.04	1.03
moment	0.04	1.54
platform	0.04	0.55
500	0.04	0.53
kill	0.04	0.55
beyond	0.04	0.79
perk	0.04	0.55
weekly	0.04	0.54
activities	0.04	0.57
gimmick	0.04	0.84
communication	0.04	0.60
batteries	0.04	0.57
taking	0.04	1.19
ca	0.04	1.77
titanfall	0.04	0.52
l1	0.04	0.66
hot	0.04	0.71
volume	0.04	0.57
720p	0.05	0.56
igc	0.05	0.59
grasp	0.05	1.03
rebuilding	0.05	0.74
packs	0.05	0.57
originally	0.05	1.50
phone	0.05	0.55
beeps	0.05	0.71
plug	0.05	0.55
porting	0.05	0.57
body	0.05	0.57
bravia	0.05	0.52
wording	0.05	1.64
beep	0.05	0.71
cant	0.05	1.70
perfectly	0.05	0.95
topic	0.05	1.09
hit	0.05	0.65
sense	0.05	1.07
turning	0.05	0.71
apps	0.05	0.60
examples	0.05	0.91
appeal	0.05	0.70
survival	0.05	0.61
strictly	0.05	0.66
cord	0.05	0.55
unplugged	0.05	0.61
speaker	0.05	0.57
phones	0.05	0.56
expansions	0.05	0.60
600	0.05	0.55
gaming	0.05	0.80
option	0.05	0.76
kinect	0.05	0.62
pocket	0.05	0.49
numerous	0.05	0.79
fight	0.05	0.56
covered	0.05	0.68
headset	0.05	0.55
exploit	0.06	0.72
possible	0.06	1.68
reporting	0.06	0.83
plugging	0.06	0.58
xbox	0.06	0.52
computer	0.06	0.52
beginning	0.06	0.65
sandbox	0.06	0.56
notes	0.06	0.66
scream	0.06	0.76
trigger	0.06	0.76
outlast	0.06	0.64
power	0.06	0.59
titles	0.06	0.54
optical	0.06	0.55
crime	0.06	0.73
mute	0.06	0.62
anywhere	0.06	1.52
downside	0.06	0.81
cross	0.06	0.52
jrpgs	0.06	0.52
unknown	0.06	0.71
gear	0.06	0.62
putting	0.06	0.99
track	0.06	0.62
tap	0.06	0.62
implement	0.06	0.88
legacy	0.06	0.62
dualshock	0.06	0.57
pinball	0.06	0.73
dongle	0.06	0.55
images	0.06	0.65
vents	0.06	0.59
corners	0.06	0.60
description	0.06	1.20
field	0.06	0.50
reason	0.06	1.76
discs	0.06	0.65
gas	0.06	0.55
twist	0.06	0.63
wont	0.06	1.86
native	0.06	0.66
hint	0.06	0.75
150	0.06	0.52
lasts	0.06	0.67
32	0.06	0.48
extras	0.06	0.65
covers	0.06	0.66
z3	0.06	0.61
add	0.06	1.28
capcom	0.06	0.59
usually	0.06	0.62
preordered	0.07	0.73
dollar	0.07	0.59
beach	0.07	0.56
42	0.07	0.51
turtle	0.07	0.56
happily	0.07	1.13
rep	0.07	0.66
developing	0.07	0.63
chief	0.07	0.61
thrown	0.07	0.55
r1	0.07	0.66
min	0.07	0.65
55	0.07	0.51
stealth	0.07	0.65
hour	0.07	0.77
nail	0.07	0.68
hbo	0.07	0.52
electricity	0.07	0.52
takes	0.07	0.75
009	0.07	0.50
spoke	0.07	0.88
iphone	0.07	0.55
bethesda	0.07	0.51
regard	0.07	0.75
pressed	0.07	0.64
in-game	0.07	0.60
pants	0.07	0.71
microsoft	0.07	0.44
checks	0.07	0.69
funding	0.07	0.49
assume	0.07	2.02
renting	0.07	0.65
80	0.07	0.50
7.1	0.07	0.55
nexus	0.07	0.54
tv	0.07	0.54
trail	0.07	0.55
every	0.07	0.87
ipad	0.07	0.55
sacrifice	0.07	0.66
cameras	0.07	0.54
sp	0.08	0.90
maxed	0.08	0.58
grenade	0.08	0.54
mention	0.08	1.57
appeared	0.08	0.67
tweeted	0.08	0.99
starts	0.08	0.75
ryse	0.08	0.56
3	0.08	1.77
expansion	0.08	0.60
x360	0.08	0.48
site	0.08	0.76
over	0.08	0.94
true	0.08	2.85
analog	0.08	0.71
5.1	0.08	0.56
compatible	0.08	0.56
dozens	0.08	0.76
saw	0.08	0.95
director	0.08	0.73
services	0.08	0.57
android	0.08	0.55
bother	0.08	1.71
supposedly	0.08	0.76
separate	0.08	0.86
wrap	0.08	0.78
permanent	0.08	0.64
mobile	0.08	0.56
pixels	0.08	0.68
vanilla	0.08	0.75
realised	0.08	1.21
knock	0.08	0.64
300	0.08	0.52
tops	0.08	0.76
microphone	0.08	0.61
influence	0.08	0.74
actions	0.08	0.73
charger	0.08	0.54
atm	0.08	1.14
yesterday	0.08	0.75
100	0.09	0.51
technology	0.09	0.62
can	0.09	1.66
gone	0.09	0.81
reset	0.09	0.72
root	0.09	0.61
announcing	0.09	0.98
road	0.09	0.56
thankfully	0.09	0.91
foot	0.09	0.64
75	0.09	0.49
lay	0.09	0.65
given	0.09	0.97
rocks	0.09	0.59
stages	0.09	0.63
xperia	0.09	0.54
guest	0.09	1.07
cutscene	0.09	0.58
model	0.09	0.57
monthly	0.09	0.59
raised	0.09	0.66
rights	0.09	0.59
does	0.09	1.78
ppl	0.09	0.90
grips	0.09	0.69
pages	0.09	0.74
club	0.09	0.60
stereo	0.09	0.55
quote	0.10	1.58
created	0.10	0.59
sticks	0.10	0.70
heart	0.10	0.59
cases	0.10	0.59
production	0.10	0.74
controllers	0.10	0.63
list	0.10	0.65
straight	0.10	0.70
l2	0.10	0.66
headphone	0.10	0.56
ensure	0.10	0.74
unlocks	0.10	0.52
unfortunately	0.10	1.65
cables	0.10	0.53
notifications	0.10	0.63
interview	0.10	1.05
lets	0.10	1.18
pulse	0.10	0.56
ascension	0.10	0.56
multiple	0.10	0.83
genuinely	0.10	1.33
should	0.10	1.94
ds4	0.10	0.62
replace	0.10	0.65
ago	0.10	0.79
stood	0.10	0.66
behind	0.10	0.61
controller	0.10	0.59
r2	0.10	0.67
thousand	0.10	0.61
front	0.10	0.76
unplug	0.10	0.63
bomb	0.10	0.54
tools	0.10	0.57
200	0.10	0.52
iirc	0.10	0.99
stealing	0.10	0.59
360	0.10	0.50
npcs	0.10	0.84
mark	0.10	0.68
standing	0.10	0.67
showing	0.10	0.80
struggle	0.10	0.79
boxes	0.10	0.57
50	0.10	0.49
harm	0.11	1.19
thumbsticks	0.11	0.68
70	0.11	0.47
consoles	0.11	0.57
focus	0.11	0.72
xbone	0.11	0.49
hits	0.11	0.63
mind	0.11	1.71
various	0.11	0.88
placed	0.11	0.73
scene	0.11	0.54
charging	0.11	0.54
surround	0.11	0.55
unplugging	0.11	0.68
combos	0.11	0.67
safe	0.11	0.74
database	0.11	0.73
quantity	0.11	0.72
era	0.11	0.75
confirmed	0.11	1.00
wall	0.11	0.58
pop	0.11	0.68
apple	0.11	0.55
playing	0.11	1.25
nowhere	0.11	0.96
restore	0.11	0.69
preordering	0.11	0.86
fighter	0.11	0.65
sony	0.11	0.53
pay	0.11	0.66
enix	0.11	0.44
doubt	0.11	1.82
paper	0.11	0.58
slim	0.11	0.50
socom	0.11	1.59
hear	0.11	0.81
mine	0.12	0.77
rebuild	0.12	0.74
emphasis	0.12	0.61
regrets	0.12	1.06
back	0.12	1.07
dont	0.12	1.90
guaranteed	0.12	0.69
set	0.12	0.61
ton	0.12	0.87
stay	0.12	0.91
others	0.12	1.71
earth	0.12	0.72
extension	0.12	0.55
ads	0.12	0.75
select	0.12	0.72
dev	0.12	0.51
bass	0.12	0.54
hidden	0.12	0.65
bounties	0.12	0.53
gamer	0.12	0.70
realize	0.12	1.83
interact	0.12	0.78
command	0.12	0.73
listen	0.12	0.70
plugged	0.12	0.56
fake	0.12	0.85
emulate	0.12	0.51
different	0.12	1.00
lists	0.12	0.55
weeks	0.12	0.79
tactical	0.12	0.66
government	0.12	0.54
pre-ordering	0.12	0.87
active	0.12	0.71
ios	0.12	0.55
warrior	0.13	0.57
spoil	0.13	1.15
quite	0.13	0.98
receiver	0.13	0.55
2.5	0.13	0.57
creepy	0.13	0.94
privacy	0.13	0.68
convenience	0.13	0.70
lots	0.13	0.85
anymore	0.13	1.83
hundred	0.13	0.59
elites	0.13	0.56
records	0.13	0.63
years	0.13	0.76
thus	0.13	0.70
engines	0.13	0.66
counter	0.13	0.69
structure	0.13	0.87
waited	0.13	0.87
golds	0.13	0.56
ps3	0.13	0.52
ran	0.13	0.58
none	0.13	0.96
science	0.13	0.78
mgs4	0.13	0.92
something	0.13	1.96
forza	0.13	0.60
explain	0.13	1.70
obviously	0.13	1.99
afford	0.14	1.25
hurt	0.14	0.92
along	0.14	0.87
agreement	0.14	0.60
links	0.14	0.85
includes	0.14	0.60
afterwards	0.14	0.72
mostly	0.14	0.66
worked	0.14	0.97
mac	0.14	0.53
gives	0.14	0.78
pstv	0.14	0.59
tos	0.14	0.86
tone	0.14	0.85
dozen	0.14	0.76
channels	0.14	0.50
speakers	0.14	0.55
blow	0.14	0.66
away	0.14	0.93
remove	0.14	0.75
retribution	0.14	0.81
35	0.14	0.50
passes	0.14	0.55
fighting	0.14	0.59
65	0.14	0.48
bill	0.14	0.57
trading	0.14	0.91
fee	0.14	0.57
subscription	0.14	0.58
sneak	0.14	0.56
career	0.15	0.84
45	0.15	0.52
groups	0.15	0.50
headphones	0.15	0.58
sound	0.15	0.68
want	0.15	1.81
phantom	0.15	0.75
importantly	0.15	0.77
compete	0.15	0.72
commented	0.15	1.28
hold	0.15	0.75
record	0.15	0.63
astro	0.15	0.55
japanese	0.15	0.58
extended	0.15	0.66
appear	0.15	0.71
see	0.15	1.84
surge	0.15	0.55
recording	0.15	0.63
hoped	0.15	1.37
hardcore	0.15	0.50
40	0.15	0.50
roll	0.15	0.64
upcoming	0.15	0.63
feet	0.15	0.70
demanding	0.15	0.79
actual	0.15	0.78
several	0.15	0.76
250	0.15	0.53
watch	0.15	0.59
dust	0.16	0.52
fighters	0.16	0.57
ported	0.16	0.53
generations	0.16	0.53
naturally	0.16	0.77
48	0.16	0.49
took	0.16	0.85
puzzles	0.16	0.71
compatibility	0.16	0.51
systems	0.16	0.56
touching	0.16	0.91
15	0.16	0.60
warning	0.16	0.73
rather	0.16	1.05
hallway	0.16	0.70
tower	0.16	0.60
mix	0.16	0.82
references	0.16	0.60
protagonist	0.16	0.89
murder	0.16	0.54
charge	0.16	0.54
license	0.16	0.54
create	0.16	0.67
middle	0.16	0.75
distribution	0.16	0.55
3d	0.16	0.51
factory	0.16	0.68
ray	0.16	0.49
99	0.16	0.54
digitally	0.17	0.75
queue	0.17	0.57
bluray	0.17	0.51
laugh	0.17	0.66
racers	0.17	0.65
exclusivity	0.17	0.52
blu	0.17	0.49
sim	0.17	0.66
horizon	0.17	0.61
laws	0.17	0.70
beats	0.17	0.52
even	0.17	1.82
television	0.17	0.55
page	0.17	0.79
then	0.17	1.32
say	0.17	1.96
way	0.17	1.60
minute	0.17	0.65
subscriptions	0.17	0.58
editor	0.17	0.61
preload	0.17	0.62
evolution	0.17	0.67
electronic	0.17	0.60
nd	0.17	0.54
sits	0.17	0.76
square	0.17	0.58
compressed	0.17	0.60
25	0.17	0.56
battles	0.17	0.89
ordering	0.17	0.84
tastes	0.17	1.00
simulation	0.17	0.66
official	0.17	0.83
months	0.17	0.78
patient	0.17	1.36
warframe	0.17	0.82
ds3	0.17	0.61
multiplatform	0.17	0.54
open	0.18	0.54
endless	0.18	0.58
chrome	0.18	0.56
morpheus	0.18	0.63
cat	0.18	0.77
audience	0.18	0.57
mgsv	0.18	0.80
manual	0.18	0.69
trees	0.18	0.47
preloading	0.18	0.67
staying	0.18	1.06
parts	0.18	0.65
important	0.18	0.84
around	0.18	0.63
console	0.18	0.56
subscribe	0.18	0.55
contact	0.18	0.76
believe	0.18	1.88
itself	0.18	1.07
jack	0.18	0.55
comfortable	0.18	0.74
days	0.18	0.79
park	0.18	0.60
tell	0.18	1.66
class	0.18	0.55
rainbow	0.18	1.01
uploaded	0.18	0.60
division	0.18	0.95
those	0.18	0.96
fable	0.18	0.61
himself	0.18	1.28
begins	0.18	0.70
websites	0.18	0.81
shelf	0.18	0.67
output	0.18	0.55
events	0.18	0.62
draw	0.19	0.81
arm	0.19	0.64
setup	0.19	0.54
secret	0.19	0.60
threw	0.19	0.60
ii	0.19	2.47
interests	0.19	0.92
honest	0.19	1.69
or	0.19	1.66
personality	0.19	0.74
shiny	0.19	0.68
audio	0.19	0.57
owned	0.19	0.50
mp	0.19	0.88
water	0.19	0.64
purchased	0.19	0.68
wo	0.19	1.79
spoiler	0.19	0.89
0	0.19	0.55
dynasty	0.19	0.72
raid	0.19	0.51
3.5mm	0.19	0.55
pes	0.19	0.74
thin	0.19	0.58
primarily	0.19	0.63
versions	0.19	0.52
excellent	0.19	1.49
20-30	0.19	0.62
plex	0.19	0.56
out	0.19	1.38
almost	0.19	0.92
title	0.19	1.37
tracking	0.19	0.57
meat	0.19	0.68
article	0.19	1.04
accessories	0.19	0.57
rentals	0.19	0.58
theirs	0.20	0.86
honestly	0.20	2.00
customer	0.20	0.80
sold	0.20	0.52
justice	0.20	0.91
admittedly	0.20	0.79
officially	0.20	0.80
galaxy	0.20	0.56
sidebar	0.20	0.88
skyrim	0.20	1.39
breath	0.20	0.71
pain	0.20	0.81
shared	0.20	0.58
mass	0.20	1.82
rising	0.20	0.59
text	0.20	0.94
didnt	0.20	1.71
blocked	0.20	0.64
resolution	0.20	0.70
young	0.20	1.09
think	0.20	1.95
avatar	0.20	0.56
component	0.20	0.52
need	0.20	1.73
star	0.20	0.75
cole	0.20	0.60
upload	0.20	0.59
version	0.20	0.53
separately	0.20	0.60
gamefly	0.20	0.58
picked	0.20	0.96
other	0.20	0.95
27	0.20	0.49
penny	0.20	0.60
offered	0.21	0.66
pre-load	0.21	0.68
valve	0.21	0.46
fancy	0.21	0.58
sorta	0.21	1.16
put	0.21	0.72
face	0.21	0.67
refused	0.21	0.97
two	0.21	0.71
still	0.21	1.74
joel	0.21	1.30
across	0.21	0.59
genius	0.21	0.96
film	0.21	0.53
turismo	0.21	0.69
tbh	0.21	1.09
three	0.21	0.74
wipe	0.21	0.57
contract	0.21	0.66
share	0.21	0.60
psplus	0.21	0.59
psnow	0.21	0.52
above	0.21	1.31
instructions	0.21	0.83
tutorial	0.21	0.69
pixel	0.21	0.60
prepare	0.21	0.71
strike	0.21	0.57
let	0.21	1.58
licenses	0.22	0.68
viewing	0.22	0.60
dungeons	0.22	0.61
basketball	0.22	1.03
backwards	0.22	0.49
arcade	0.22	0.67
pre-ordered	0.22	0.68
phase	0.22	0.59
either	0.22	1.86
another	0.22	1.22
brand	0.22	0.60
clip	0.22	0.59
currency	0.22	0.54
holes	0.22	0.65
blu-ray	0.22	0.52
item	0.22	0.66
tape	0.22	0.62
discover	0.22	0.60
grid	0.22	0.66
floor	0.22	0.72
life	0.22	0.63
warlock	0.22	0.50
rendered	0.22	0.70
confirm	0.22	1.27
capture	0.22	0.61
four	0.22	0.69
sticker	0.22	0.61
emulation	0.22	0.51
roku	0.22	0.57
gran	0.22	0.67
someday	0.22	1.22
worthwhile	0.22	0.71
dunno	0.22	1.52
throws	0.22	1.51
golf	0.23	0.85
solve	0.23	0.84
lived	0.23	0.60
dive	0.23	0.65
shot	0.23	0.53
user	0.23	0.57
accessible	0.23	0.53
vanguard	0.23	0.52
pic	0.23	0.63
skype	0.23	0.57
buildings	0.23	0.54
month	0.23	0.68
twitter	0.23	0.83
nobody	0.23	1.43
accidentally	0.23	1.21
drawing	0.23	0.69
very	0.23	0.89
whatever	0.23	1.79
unit	0.23	0.69
wish	0.23	1.88
legendary	0.23	0.67
explained	0.23	1.30
handful	0.23	0.84
mic	0.23	0.58
speak	0.23	1.13
digital	0.23	0.66
access	0.23	0.58
warranty	0.23	0.77
perspective	0.24	0.68
uploading	0.24	0.60
social	0.24	0.58
street	0.24	0.61
nearly	0.24	0.80
opens	0.24	0.59
possibilities	0.24	0.66
ps3s	0.24	0.47
cutscenes	0.24	0.74
reading	0.24	0.82
chromecast	0.24	0.56
bundled	0.24	0.59
glass	0.24	0.54
hill	0.24	0.62
schedule	0.24	0.62
happen	0.24	1.77
interaction	0.24	0.72
contacted	0.24	0.75
exclusive	0.24	0.56
doom	0.24	0.75
sims	0.24	0.68
now	0.24	1.84
plenty	0.24	0.89
door	0.25	0.62
relevant	0.25	0.94
which	0.25	1.78
thunder	0.25	0.71
etc	0.25	0.68
racer	0.25	0.67
shows	0.25	0.58
vault	0.25	0.51
timed	0.25	0.59
profiles	0.25	0.52
bet	0.25	1.88
36	0.25	0.50
imagine	0.25	1.83
requests	0.25	0.67
browser	0.25	0.59
laying	0.25	0.93
mod	0.25	0.70
song	0.25	0.68
least	0.25	1.21
physical	0.25	0.69
downloadable	0.25	0.56
reasonably	0.25	0.83
edges	0.25	0.68
silent	0.26	0.62
only	0.26	1.26
plus	0.26	0.61
10-15	0.26	0.62
asked	0.26	1.08
planets	0.26	0.57
x	0.26	0.61
free	0.26	0.70
direct	0.26	0.69
facebook	0.26	0.66
shield	0.26	0.68
crucible	0.26	0.52
rise	0.26	0.57
returning	0.26	0.90
driven	0.26	0.58
listed	0.26	0.73
repair	0.26	0.70
tried	0.26	0.79
blog	0.26	0.92
kojima	0.26	0.56
sales	0.26	0.58
pros	0.26	0.79
show	0.26	0.58
sitting	0.26	1.16
friday	0.26	0.96
fucking	0.26	0.96
20	0.26	0.59
handed	0.26	0.56
our	0.26	0.88
available	0.26	0.69
link	0.26	0.84
app	0.26	0.56
mortal	0.26	0.82
previous	0.26	0.56
many	0.27	0.88
style	0.27	0.76
single	0.27	0.68
replacement	0.27	0.66
outside	0.27	0.62
hunt	0.27	0.71
closely	0.27	0.72
rules	0.27	0.91
ridiculously	0.27	0.85
origins	0.27	2.25
warthunder	0.27	0.67
points	0.27	0.54
res	0.27	0.68
home	0.27	0.75
jrpg	0.27	0.56
edition	0.27	0.59
skin	0.27	0.54
raids	0.27	0.53
again	0.27	1.53
zoom	0.27	0.53
catalog	0.28	0.50
e.g	0.28	0.69
streaming	0.28	0.56
usd	0.28	0.64
24	0.28	0.51
comments	0.28	1.08
five	0.28	0.68
check	0.28	0.71
applies	0.28	0.81
workaround	0.28	0.76
gen	0.28	0.52
crystal	0.28	0.66
ideal	0.28	0.74
classes	0.28	0.58
six	0.28	0.82
fits	0.28	0.65
concerns	0.28	0.92
clips	0.28	0.61
enough	0.28	1.36
ps	0.28	0.60
could	0.28	1.75
aspect	0.28	0.60
carry	0.28	0.64
anticipated	0.28	0.86
creative	0.28	0.74
5-6	0.28	0.65
2-3	0.28	0.66
hulu	0.28	0.54
worldwide	0.28	0.53
nostalgia	0.28	0.58
signs	0.28	0.58
beside	0.29	0.80
3-4	0.29	0.65
rock	0.29	0.65
signing	0.29	0.84
college	0.29	0.81
all	0.29	1.31
doors	0.29	0.52
15-20	0.29	0.66
combo	0.29	0.58
dirt	0.29	0.56
information	0.29	0.98
sharing	0.29	0.68
5-10	0.29	0.64
witcher	0.29	1.07
450	0.29	0.59
kit	0.29	0.49
minds	0.29	0.65
sports	0.29	0.98
web	0.29	0.60
meantime	0.29	1.18
competitors	0.29	0.86
preview	0.29	0.60
generated	0.29	0.62
alongside	0.30	0.62
strikes	0.30	0.58
scale	0.30	0.64
cooler	0.30	0.66
work	0.30	1.64
engineers	0.30	0.60
period	0.30	0.61
german	0.30	0.78
mistakes	0.30	1.12
ten	0.30	0.64
hacking	0.30	0.66
purchase	0.30	0.79
banner	0.30	0.58
marks	0.30	0.53
heroes	0.30	0.76
kickstarter	0.30	0.60
screenshot	0.30	0.61
sleeping	0.30	1.35
perfect	0.30	1.48
netflix	0.30	0.53
close	0.30	1.28
them	0.30	1.58
gears	0.30	0.77
agent	0.30	0.66
swap	0.30	0.65
editions	0.30	0.60
shadows	0.31	0.69
psvita	0.31	0.47
tweet	0.31	1.09
ultimate	0.31	0.58
recorded	0.31	0.59
videos	0.31	0.58
mirror	0.31	0.56
spin	0.31	0.62
pictures	0.31	0.72
project	0.31	0.59
sharefactory	0.31	0.60
reputation	0.31	0.57
location	0.31	0.86
newest	0.31	0.58
loadout	0.31	0.55
steam	0.31	0.60
thoroughly	0.31	1.56
2007	0.31	0.74
demos	0.31	0.60
dc	0.31	0.75
couple	0.31	0.66
secondary	0.31	0.55
stolen	0.31	0.68
find	0.31	1.29
halo	0.31	0.83
read	0.32	0.89
mechanic	0.32	0.69
competition	0.32	0.55
manner	0.32	0.88
department	0.32	0.94
few	0.32	0.66
forget	0.32	1.66
linked	0.32	0.78
generation	0.32	0.70
doctor	0.32	0.86
consideration	0.32	0.94
pics	0.32	0.63
exit	0.32	0.73
dr	0.32	0.82
manufacturer	0.32	0.83
fund	0.32	0.60
realise	0.32	1.88
opened	0.32	0.62
reference	0.32	1.30
always	0.32	1.47
ways	0.33	0.86
10	0.33	0.61
stars	0.33	0.54
4-5	0.33	0.66
sharp	0.33	0.63
fees	0.33	0.56
box	0.33	0.65
clock	0.33	0.61
breaker	0.33	1.18
hire	0.33	0.64
figure	0.33	1.57
make	0.33	1.36
screenshots	0.33	0.62
searching	0.33	0.73
gon	0.34	1.77
faction	0.34	0.47
doesnt	0.34	1.44
refunds	0.34	0.80
lifetime	0.34	0.47
fb	0.34	0.63
28	0.34	0.53
betas	0.34	0.54
saints	0.34	1.45
from	0.34	0.89
import	0.34	0.56
creator	0.34	0.59
city	0.34	0.60
trailers	0.35	0.70
miles	0.35	0.65
kicks	0.35	0.57
hockey	0.35	0.96
row	0.35	1.17
iron	0.35	0.53
shell	0.35	0.76
battlefront	0.35	0.93
aspects	0.35	0.84
prime	0.35	0.59
cities	0.35	0.60
feed	0.35	0.59
google	0.35	0.68
350	0.35	0.61
throughout	0.35	0.69
seven	0.35	0.66
overnight	0.35	0.66
64	0.35	0.53
andreas	0.35	0.86
photos	0.35	0.60
26	0.35	0.54
shall	0.35	1.25
sequel	0.35	1.07
army	0.35	0.43
catch	0.35	0.94
pass	0.35	0.56
dragons	0.36	0.99
leaving	0.36	0.80
pitch	0.36	0.54
bonuses	0.36	0.67
timer	0.36	0.66
selling	0.36	0.83
english	0.36	1.06
too	0.36	1.11
greatness	0.36	0.89
versa	0.36	0.64
profile	0.36	0.59
p.t	0.36	0.71
im	0.36	1.54
announcements	0.36	0.77
mics	0.36	0.59
effect	0.36	1.46
13	0.36	0.60
depth	0.36	0.72
hobbit	0.36	0.64
day	0.36	0.75
suggested	0.36	0.81
rant	0.36	1.25
extra	0.37	0.78
made	0.37	1.00
story	0.37	0.93
definite	0.37	0.66
sessions	0.37	0.54
football	0.37	0.84
29	0.37	0.51
renew	0.37	0.59
teams	0.37	0.49
solution	0.37	0.73
group	0.37	0.55
shouldnt	0.37	1.33
guy	0.37	1.18
situations	0.37	0.78
shake	0.37	0.73
cut	0.37	0.55
staff	0.37	0.61
communicate	0.37	0.75
wars	0.37	0.89
try	0.37	0.95
pre-order	0.37	0.68
bathroom	0.37	0.74
tekken	0.37	0.67
teaser	0.37	0.65
convenient	0.37	0.77
instant	0.38	0.58
hopes	0.38	1.13
sections	0.38	0.61
alert	0.38	0.63
video	0.38	0.59
leap	0.38	0.65
brings	0.38	0.54
mechanics	0.38	1.08
week	0.38	0.75
person	0.38	0.65
scare	0.38	0.71
baseball	0.38	0.92
markets	0.38	0.63
competitor	0.38	0.63
replayability	0.38	0.66
tricks	0.38	0.71
soe	0.38	0.60
22	0.38	0.54
assets	0.38	0.67
16	0.38	0.58
responded	0.38	1.37
terms	0.39	1.07
soccer	0.39	0.84
grass	0.39	0.50
devil	0.39	0.92
probably	0.39	1.75
youtube	0.39	0.57
station	0.39	0.68
land	0.39	0.73
7	0.39	0.65
ol	0.39	0.81
loaded	0.39	0.60
mode	0.39	0.55
fallout	0.39	1.25
hub	0.39	0.51
horror	0.39	0.65
realizing	0.39	1.13
hand	0.39	0.92
objects	0.39	0.72
demo	0.39	0.61
vita	0.39	0.49
bat	0.39	0.55
picking	0.39	1.06
buck	0.39	0.84
moon	0.39	0.57
utilize	0.39	0.66
providing	0.39	0.78
packed	0.40	0.70
destruction	0.40	0.56
logging	0.40	0.73
searched	0.40	0.76
collector	0.40	0.65
faces	0.40	0.75
crazy	0.40	1.46
mega	0.40	0.51
vice	0.40	0.81
11	0.40	0.58
guide	0.40	0.83
public	0.40	0.51
scenes	0.40	0.75
refund	0.40	0.80
picture	0.40	0.63
entertainment	0.40	0.55
order	0.40	0.78
later	0.40	0.93
solved	0.40	0.80
language	0.40	1.22
joy	0.40	0.65
songs	0.40	0.64
yoshida	0.41	0.96
f2p	0.41	0.61
regardless	0.41	1.57
collectors	0.41	0.65
clean	0.41	0.62
revealed	0.41	0.71
cute	0.41	1.72
anytime	0.41	1.06
pre	0.41	0.69
ebay	0.41	0.99
texture	0.41	0.71
kids	0.41	1.33
towerfall	0.41	0.56
returned	0.41	0.77
member	0.41	0.60
cs	0.41	0.57
knight	0.42	0.92
sending	0.42	0.84
shut	0.42	0.79
success	0.42	0.70
damned	0.42	0.74
survive	0.42	0.79
ftfy	0.42	0.90
figures	0.42	0.55
hands	0.42	0.64
case	0.42	1.67
announced	0.42	0.77
399	0.42	0.80
idea	0.42	1.85
physics	0.42	1.03
showed	0.42	0.70
among	0.42	0.52
screw	0.42	0.97
mouth	0.42	0.74
metal	0.42	0.87
members	0.42	0.59
lightbar	0.42	0.69
role	0.43	0.63
d3	0.43	0.64
sun	0.43	0.76
benefits	0.43	0.64
bringing	0.43	0.90
translate	0.43	1.25
killed	0.43	0.64
23	0.43	0.52
closed	0.43	0.60
indication	0.43	0.96
2000	0.43	0.55
announcement	0.43	0.76
blood	0.43	0.62
meant	0.43	2.55
matchmaking	0.43	0.49
ordered	0.43	0.71
theme	0.44	0.66
incentive	0.44	0.77
might	0.44	1.72
dogma	0.44	1.15
tl	0.44	0.87
favorite	0.44	1.83
highly	0.44	0.79
retail	0.44	0.85
likely	0.44	1.55
tied	0.44	0.55
provide	0.44	0.90
12	0.44	0.58
casual	0.44	0.46
resell	0.44	0.70
prices	0.44	0.78
hills	0.44	0.61
maybe	0.44	1.50
shipping	0.44	0.65
beauty	0.44	0.71
honor	0.44	1.67
western	0.44	0.50
center	0.44	0.65
offers	0.45	0.77
pvp	0.45	0.55
watched	0.45	0.59
captured	0.45	0.64
credits	0.45	0.52
melee	0.45	0.60
desk	0.45	0.77
ex	0.45	0.91
print	0.45	0.72
deep	0.45	0.54
spider-man	0.45	0.73
cheapest	0.45	2.01
19	0.45	0.56
drinking	0.45	0.64
shipped	0.45	0.63
student	0.45	0.74
creates	0.45	0.62
equally	0.45	0.83
elder	0.45	0.70
impressions	0.45	0.64
scrolls	0.46	0.70
cover	0.46	0.61
mainly	0.46	0.70
curiosity	0.46	1.07
aswell	0.46	0.71
drop	0.46	0.66
ninja	0.46	0.79
reveal	0.46	0.68
universe	0.46	0.63
receiving	0.46	0.80
cancelled	0.46	0.67
xbox360	0.46	0.48
movie	0.46	0.54
definitely	0.46	1.63
walk	0.46	0.62
scan	0.46	0.58
income	0.46	0.55
canceled	0.46	0.65
preorder	0.46	0.74
soft	0.46	0.77
redbox	0.46	0.66
bungie	0.46	0.61
addition	0.46	0.70
logged	0.46	0.67
xiv	0.47	0.66
punch	0.47	0.65
words	0.47	1.63
associated	0.47	0.67
tax	0.47	0.63
h1z1	0.47	0.69
single-player	0.47	0.62
titan	0.47	0.71
bots	0.47	0.61
lineup	0.47	0.58
advise	0.47	1.14
zone	0.47	0.68
delivery	0.47	0.63
theater	0.47	0.54
remasters	0.47	0.85
website	0.47	0.68
posting	0.47	1.02
stellar	0.47	1.60
noted	0.47	0.97
copies	0.47	0.78
playstation	0.47	0.60
2012	0.47	0.68
wiki	0.47	0.73
number	0.48	0.54
shelves	0.48	0.77
notification	0.48	0.61
stretch	0.48	0.70
room	0.48	0.78
clicked	0.48	0.67
footage	0.48	0.67
fights	0.48	0.68
activated	0.48	0.60
18	0.48	0.57
informed	0.48	0.94
guardian	0.48	0.58
shown	0.48	0.66
office	0.48	0.71
respond	0.48	1.27
hunter	0.48	0.64
lara	0.48	0.57
china	0.48	0.53
charges	0.48	0.57
orcs	0.48	0.58
animation	0.48	0.82
vid	0.48	0.62
similar	0.49	0.78
broadcast	0.49	0.66
orders	0.49	0.64
value	0.49	0.64
peak	0.49	0.66
edge	0.49	0.66
sell	0.49	0.86
movies	0.49	0.53
deactivate	0.49	0.61
handles	0.49	0.59
discounted	0.49	0.73
temporary	0.49	0.89
delsin	0.49	0.58
sex	0.50	0.82
choosing	0.50	0.89
borderlands	0.50	1.48
salt	0.50	0.62
creating	0.50	0.73
episode	0.50	0.70
copy	0.50	0.72
escape	0.50	0.79
crack	0.50	0.67
ask	0.50	1.07
engine	0.50	0.69
grabbed	0.50	0.71
surely	0.50	1.45
uplay	0.50	0.64
last-gen	0.50	0.56
films	0.50	0.50
guilty	0.50	0.54
analogy	0.50	1.04
announce	0.50	0.89
bear	0.50	0.59
ffxv	0.51	0.63
today	0.51	0.70
chat	0.51	0.57
taxes	0.51	0.61
special	0.51	0.63
membership	0.51	0.68
faq	0.51	0.87
law	0.51	0.79
dishonored	0.51	2.16
arrive	0.51	0.66
may	0.51	1.67
factions	0.51	0.54
quick	0.52	0.81
head	0.52	0.59
17	0.52	0.53
legit	0.52	1.11
wolf	0.52	0.65
although	0.52	1.67
simple	0.52	1.40
expired	0.52	0.75
basement	0.52	0.74
however	0.52	1.72
fetch	0.52	0.57
trip	0.52	0.49
baby	0.53	0.88
also	0.53	1.68
pve	0.53	0.54
accounts	0.53	0.58
ps4s	0.53	0.80
men	0.53	0.61
dead	0.53	1.27
2033	0.53	0.74
further	0.53	0.77
singleplayer	0.53	0.67
sportsfriends	0.53	0.54
portal	0.53	1.35
shu	0.53	0.98
storyline	0.53	0.89
heavy	0.53	0.93
particularly	0.53	0.84
ie	0.53	0.56
craigslist	0.53	1.03
growing	0.54	0.61
shape	0.54	0.82
sat	0.54	1.03
arrived	0.54	0.65
book	0.54	0.68
refreshing	0.54	0.77
lobbies	0.54	0.61
preorders	0.54	0.79
actually	0.54	1.78
your	0.54	0.77
such	0.54	0.78
6	0.54	0.87
tears	0.54	0.65
1886	0.54	0.87
commentary	0.54	0.59
he	0.54	1.47
targets	0.55	1.26
rolling	0.55	0.75
fyi	0.55	0.87
channel	0.55	0.59
would	0.55	1.68
trailer	0.55	0.68
monster	0.55	0.60
savings	0.55	0.73
solutions	0.55	0.79
warm	0.55	0.75
houses	0.55	0.64
certainly	0.55	1.38
pre-orders	0.55	0.81
post	0.55	1.05
insanely	0.56	0.80
ups	0.56	0.61
joined	0.56	0.54
eso	0.56	0.66
bloodborne	0.56	0.87
10/10	0.56	0.73
sign	0.56	0.73
rounds	0.56	0.65
pt	0.56	0.68
cancel	0.56	0.64
values	0.57	0.76
entertaining	0.57	1.07
high	0.57	0.78
serial	0.57	0.66
21	0.57	0.51
primary	0.57	0.60
bedroom	0.57	1.29
variety	0.57	0.67
sarcasm	0.57	1.38
thoughts	0.57	0.92
counts	0.57	0.71
sucker	0.57	0.67
hero	0.57	0.60
ps2	0.57	0.61
especially	0.57	0.94
redemption	0.57	1.49
r/psnfriends	0.57	0.95
versus	0.57	0.57
use	0.57	0.63
search	0.58	0.80
books	0.58	0.63
emulator	0.58	0.50
replied	0.58	1.69
confirmation	0.58	0.78
released	0.58	0.74
numbers	0.58	0.53
wake	0.58	0.64
lives	0.58	0.87
thursday	0.58	0.66
surprise	0.58	0.91
explore	0.58	0.57
course	0.58	1.74
1-2	0.58	1.03
releases	0.59	0.72
seller	0.59	0.71
types	0.59	0.67
classic	0.59	0.79
charged	0.59	0.59
dmc	0.59	1.50
complex	0.59	0.78
seasons	0.59	0.57
blockbuster	0.59	0.51
5	0.59	1.13
offerings	0.59	0.56
scares	0.59	0.75
stream	0.60	0.67
apply	0.60	0.98
arena	0.60	0.57
realm	0.60	0.63
1.5	0.60	0.97
states	0.60	0.82
team	0.60	0.55
pull	0.60	0.84
aa	0.60	0.71
modes	0.60	0.54
wild	0.60	0.74
receive	0.60	0.65
twisted	0.60	1.16
character	0.60	0.69
jobs	0.61	0.54
really	0.61	1.53
working	0.61	1.02
distance	0.61	0.66
cast	0.61	0.59
paint	0.61	0.55
souls	0.61	1.46
login	0.61	0.67
account	0.61	0.60
infinite	0.61	0.96
legend	0.61	0.90
twitch	0.61	0.68
messages	0.61	0.60
ll	0.61	1.57
expires	0.61	0.67
brain	0.61	0.94
discounts	0.61	0.76
streamed	0.61	0.63
get	0.62	1.53
request	0.62	0.64
psp	0.62	0.48
launching	0.62	0.78
apartment	0.62	0.75
planetside	0.62	0.67
teach	0.62	0.62
crawl	0.62	0.61
purchases	0.62	0.65
area	0.63	0.65
low	0.63	0.79
rogue	0.63	0.70
eventually	0.63	1.29
wednesday	0.63	0.65
old	0.63	0.71
table	0.63	0.65
chose	0.63	0.83
asleep	0.63	1.33
lotr	0.63	0.78
attached	0.63	0.64
path	0.63	0.76
scheduled	0.64	0.67
genesis	0.64	0.66
listing	0.64	0.99
streams	0.64	0.67
mail	0.64	0.62
jam	0.64	0.55
tournament	0.64	0.54
decide	0.64	1.41
studios	0.64	0.61
partner	0.64	1.02
slot	0.64	0.72
vegas	0.64	0.65
e3	0.65	0.62
party	0.65	0.52
eyes	0.65	0.60
ff	0.65	0.62
matches	0.65	0.78
watching	0.65	0.85
seattle	0.65	0.49
sen	0.65	0.64
spoilers	0.65	0.73
blizzard	0.65	0.60
lighting	0.65	0.89
throw	0.65	0.52
satisfied	0.65	1.49
ahead	0.66	0.95
classics	0.66	0.59
paste	0.66	0.76
1-3	0.66	2.24
checked	0.66	0.78
bc	0.66	0.69
episodes	0.66	0.63
dark	0.66	1.18
morning	0.66	0.67
monday	0.66	0.66
tool	0.66	0.73
isnt	0.66	1.28
commercial	0.66	0.65
surprisingly	0.66	0.87
hell	0.66	1.15
ice	0.66	0.60
joining	0.66	0.52
log	0.66	0.67
origin	0.66	0.57
dance	0.67	1.88
projects	0.67	0.61
voice	0.67	0.89
serve	0.67	0.70
come	0.67	1.19
multi-player	0.67	0.64
will	0.67	1.57
conference	0.68	0.61
sigh	0.68	1.04
se	0.68	0.58
demon	0.68	1.24
choose	0.68	0.88
go	0.68	1.10
burnout	0.68	0.91
comes	0.68	0.79
fantasy	0.68	0.68
girls	0.68	0.93
powers	0.68	0.57
telltale	0.68	0.77
fox	0.68	0.51
thrones	0.68	0.62
eat	0.68	0.77
invisible	0.69	0.73
4th	0.69	0.62
label	0.69	0.58
meaningful	0.69	0.82
afternoon	0.69	0.64
exchange	0.69	1.02
launches	0.69	0.72
tuesday	0.69	0.66
ins	0.69	0.99
lightning	0.69	0.52
ends	0.69	0.69
disney	0.69	1.74
8	0.69	0.56
elaborate	0.69	1.42
psn	0.69	0.64
blank	0.69	0.62
cuz	0.69	1.19
dry	0.70	0.63
voices	0.70	0.72
multi	0.70	0.68
editing	0.70	0.73
handheld	0.70	0.44
goddamn	0.70	1.13
roam	0.70	0.50
living	0.70	0.71
reboot	0.70	1.45
tight	0.70	0.94
journey	0.70	0.66
dream	0.70	0.80
gamescom	0.70	0.61
checking	0.70	0.67
pretty	0.70	0.96
stage	0.70	0.65
2nd	0.70	0.61
beast	0.70	0.52
parent	0.70	1.35
listening	0.70	0.63
explaining	0.70	1.24
wrote	0.70	1.20
russia	0.71	0.50
david	0.71	0.60
sword	0.71	0.68
guitar	0.71	0.55
manager	0.71	1.11
no	0.71	1.23
sooner	0.71	1.12
re-release	0.71	1.04
private	0.71	0.49
toy	0.71	0.94
ps5	0.71	1.12
dog	0.72	0.63
remaster	0.72	1.48
remakes	0.72	1.06
final	0.72	0.65
year	0.72	0.76
anime	0.72	0.57
naughty	0.72	0.62
gravity	0.72	0.78
japan	0.72	0.54
buy	0.72	1.13
walking	0.72	0.79
rings	0.72	0.53
hawk	0.72	1.19
fine	0.72	1.05
asap	0.72	1.17
policy	0.72	1.04
night	0.72	0.71
2013	0.72	0.69
older	0.72	0.67
brick	0.73	0.84
races	0.73	0.51
persona	0.73	0.67
benefit	0.73	0.75
activate	0.73	0.65
genuine	0.73	0.83
cash	0.73	0.72
tomorrow	0.73	0.72
helps	0.73	1.13
fireteam	0.73	0.51
super	0.73	0.67
storm	0.73	0.66
region	0.73	0.61
thought	0.73	1.78
parties	0.74	0.51
female	0.74	0.61
hooked	0.74	0.63
loyal	0.74	0.74
neon	0.74	0.55
women	0.74	0.60
zones	0.74	0.54
invites	0.74	0.57
midnight	0.74	0.62
studio	0.74	0.60
insomniac	0.74	0.66
blowing	0.74	0.66
event	0.74	0.60
return	0.74	1.08
trial	0.74	0.62
blew	0.75	1.04
saturday	0.75	0.66
radio	0.75	0.56
spray	0.75	0.57
vibe	0.75	1.67
comic	0.75	0.74
received	0.75	0.65
remind	0.75	1.47
tearaway	0.75	0.72
selection	0.75	0.64
performance	0.75	0.87
scary	0.75	0.75
witness	0.75	0.63
charm	0.75	0.59
typing	0.75	1.32
male	0.75	0.59
sunday	0.76	0.64
nights	0.76	0.76
clan	0.76	0.51
younger	0.76	1.06
lobby	0.76	0.59
bank	0.76	0.61
iteration	0.76	0.91
verified	0.76	0.72
gt	0.76	0.74
american	0.76	0.59
sentence	0.77	1.71
well	0.77	1.43
xv	0.77	0.69
verification	0.77	0.63
give	0.77	1.08
there	0.77	1.29
mood	0.77	0.66
next	0.77	1.03
rent	0.78	0.69
revolutionary	0.78	0.67
prob	0.78	1.25
went	0.78	1.07
ip	0.78	0.58
randoms	0.78	0.50
porn	0.78	0.80
program	0.78	0.79
playlist	0.78	0.59
weekends	0.78	0.65
transaction	0.79	0.63
san	0.79	0.80
join	0.79	0.52
letter	0.79	1.37
aus	0.79	0.61
players	0.79	0.61
los	0.79	0.49
league	0.79	0.74
tea	0.79	0.86
evening	0.79	0.65
2	0.79	2.20
signed	0.79	0.67
psx	0.79	0.54
forgive	0.79	1.14
filter	0.79	0.88
names	0.79	0.66
house	0.79	1.41
dudes	0.79	0.63
sit	0.80	0.71
spotify	0.80	0.65
snes	0.80	0.57
play	0.80	1.02
crash	0.80	1.00
invite	0.80	0.54
figured	0.80	1.57
resident	0.80	0.83
near	0.80	0.82
graphical	0.80	0.85
trick	0.80	0.88
worlds	0.80	0.61
receipt	0.81	1.16
ps1	0.81	0.65
chicago	0.81	0.51
d	0.81	1.52
fidelity	0.81	0.86
break	0.81	0.65
tales	0.81	0.67
graphic	0.81	0.96
helping	0.81	0.81
areas	0.82	0.50
sega	0.82	0.55
loop	0.82	0.66
offer	0.82	1.01
refunded	0.82	0.63
9	0.82	0.57
interactive	0.82	0.53
valuable	0.82	0.66
friends	0.82	0.54
him	0.82	1.26
anyway	0.82	1.59
walked	0.82	1.12
hearts	0.82	0.96
1	0.83	2.12
its	0.83	1.30
window	0.83	0.61
chain	0.83	0.88
kh3	0.83	0.65
hopefully	0.83	1.18
responding	0.83	1.42
smoke	0.83	0.55
def	0.83	1.06
bot	0.83	1.07
whats	0.83	1.37
lady	0.83	1.12
payment	0.83	0.64
european	0.84	0.57
sleep	0.84	0.90
take	0.84	1.12
wherever	0.84	0.97
gf	0.84	1.99
americans	0.84	0.67
bite	0.84	1.16
challenging	0.85	0.87
missed	0.85	1.18
gunplay	0.85	1.02
beta	0.85	0.61
message	0.85	0.65
18th	0.85	0.77
radar	0.85	0.74
checkout	0.85	0.67
plot	0.85	0.82
ears	0.85	0.70
bring	0.86	1.07
wait	0.86	1.21
dayz	0.86	0.66
soon	0.86	1.22
band	0.86	0.48
dates	0.86	0.69
coming	0.86	0.88
alpha	0.86	0.63
tonight	0.86	0.83
australian	0.86	0.62
us	0.87	0.59
means	0.87	2.24
at	0.87	0.95
thumb	0.87	0.80
returns	0.87	1.02
grab	0.87	0.90
london	0.87	0.64
store	0.88	0.77
fresh	0.88	0.63
captain	0.88	0.66
she	0.88	1.87
matching	0.88	2.05
stack	0.88	0.83
most	0.88	1.57
address	0.89	0.62
cart	0.89	0.61
specially	0.89	0.68
visual	0.89	0.86
employee	0.89	1.20
kills	0.89	0.58
split	0.89	0.63
music	0.89	0.71
release	0.89	0.83
remastered	0.89	1.27
electronics	0.90	1.00
mates	0.90	0.53
bed	0.90	1.20
doing	0.90	1.75
bonus	0.90	0.83
daughter	0.90	1.93
random	0.90	0.67
future	0.90	0.99
emails	0.90	0.65
presented	0.90	0.83
kingdom	0.90	0.98
countries	0.90	0.59
notch	0.91	1.57
wiiu	0.91	0.46
wet	0.91	0.53
rewards	0.91	0.71
war	0.91	1.34
imho	0.91	1.24
c'mon	0.91	1.06
mmo	0.91	0.63
word	0.91	1.95
nicer	0.91	1.13
clarify	0.91	1.65
dynamic	0.91	0.70
me	0.92	1.30
anyone	0.92	1.16
dawn	0.92	0.69
mmos	0.92	0.67
n64	0.92	0.52
hd	0.92	1.09
his	0.92	1.42
rumored	0.92	0.74
register	0.92	0.80
somebody	0.92	1.03
applied	0.92	0.77
pro	0.92	0.62
current	0.93	0.76
1080p/60fps	0.93	0.76
asia	0.93	0.57
exclusively	0.93	0.59
emailed	0.93	0.66
textures	0.93	0.87
tree	0.93	0.64
69.99	0.93	0.82
triggers	0.93	0.79
spyro	0.94	1.03
ad	0.94	1.43
newegg	0.94	1.42
regions	0.94	0.55
deal	0.94	1.99
5th	0.94	0.61
polished	0.94	0.89
solid	0.94	0.63
thumbs	0.94	0.77
wallet	0.94	0.62
shops	0.94	1.09
finger	0.95	0.79
king	0.95	0.53
woke	0.95	1.36
name	0.95	0.63
offline	0.95	0.60
until	0.95	0.81
gamecube	0.95	0.51
her	0.95	1.52
rain	0.95	0.72
sent	0.96	0.64
player	0.96	0.61
rich	0.96	0.72
lord	0.96	0.69
offering	0.96	0.98
till	0.96	0.74
apologize	0.96	1.30
prefer	0.97	1.52
school	0.97	0.88
49.99	0.97	0.86
reward	0.97	0.80
sister	0.97	1.92
mid	0.97	0.70
ff7	0.97	0.89
dad	0.97	1.89
online	0.97	0.61
album	0.97	0.66
id	0.97	0.74
est	0.97	0.62
remake	0.97	1.17
girlfriend	0.97	1.92
presentation	0.97	0.97
discount	0.98	0.85
europe	0.98	0.59
pst	0.98	0.61
wipeout	0.98	1.02
verify	0.98	0.70
narrative	0.98	0.80
ds	0.99	0.53
balanced	0.99	0.78
nes	0.99	0.65
funds	0.99	0.63
1st	0.99	0.60
disk	0.99	0.67
dcuo	0.99	0.70
places	0.99	1.14
father	0.99	1.82
solo	0.99	0.58
9.99	0.99	0.75
uk	1.00	0.62
california	1.00	0.72
bandicoot	1.00	0.94
send	1.00	0.62
wan	1.00	1.37
disc	1.00	0.67
country	1.00	0.56
locally	1.00	0.60
rewarding	1.00	0.85
kid	1.00	1.29
poster	1.00	1.16
na	1.00	1.42
lose	1.01	0.76
pacific	1.01	0.61
cc	1.01	0.66
woman	1.01	0.83
details	1.01	0.60
u.s	1.01	0.60
beer	1.01	0.54
end	1.01	0.88
retailers	1.01	1.40
models	1.02	0.80
town	1.02	0.68
agreed	1.02	1.35
amazon	1.02	1.01
australia	1.02	0.61
trade	1.02	1.08
brought	1.02	0.61
located	1.02	0.64
lore	1.02	0.61
girl	1.02	1.68
question	1.03	1.31
hurry	1.03	1.00
fuckin	1.03	0.97
parents	1.03	1.34
employees	1.03	0.91
history	1.03	1.78
born	1.03	0.94
59.99	1.03	0.83
ffxiv	1.03	0.69
wife	1.03	1.88
fat	1.03	0.64
keys	1.03	0.77
til	1.04	0.73
quality	1.04	0.82
retailer	1.04	1.50
19.99	1.04	0.75
suppose	1.04	1.41
crysis	1.04	0.87
youre	1.04	1.28
effects	1.04	0.79
shareplay	1.04	0.58
begging	1.04	1.07
realism	1.05	0.64
bioshock	1.05	1.90
delayed	1.05	0.81
snow	1.05	0.55
session	1.05	0.54
29.99	1.05	0.84
cards	1.06	0.60
legs	1.06	0.70
west	1.06	0.61
south	1.06	0.61
confusion	1.06	1.26
germany	1.06	0.59
remade	1.06	1.02
n	1.06	0.56
nathan	1.06	0.52
leader	1.07	0.44
drake	1.07	0.50
stock	1.07	1.45
world	1.07	0.60
eastern	1.07	0.60
sky	1.07	0.77
underground	1.07	1.68
sweden	1.07	0.65
advantage	1.07	0.65
though	1.07	1.40
memories	1.07	0.61
mountain	1.08	0.59
tense	1.08	0.79
walmart	1.08	2.02
deals	1.08	1.36
troy	1.09	0.89
9th	1.09	0.66
slide	1.09	0.72
flair	1.09	0.91
cold	1.09	0.54
united	1.09	0.63
canada	1.09	0.99
quarter	1.09	0.67
chances	1.10	1.13
collection	1.10	1.05
multiplayer	1.10	0.59
north	1.10	0.52
mans	1.10	0.77
wii	1.10	0.45
price	1.10	1.13
answered	1.11	1.09
wal-mart	1.11	1.59
brother	1.11	1.80
eb	1.11	1.52
matched	1.11	2.02
stores	1.11	1.51
sounds	1.11	1.02
colossus	1.11	1.88
characters	1.11	0.82
match	1.11	1.99
live	1.11	0.61
bang	1.11	1.38
bestbuy	1.11	2.01
america	1.12	0.62
bummer	1.12	1.35
cousin	1.12	1.46
target	1.12	2.02
east	1.13	0.64
nintendo	1.13	0.43
fuck	1.13	0.94
paypal	1.14	0.65
baker	1.14	0.95
3ds	1.14	0.45
costco	1.14	1.54
nope	1.14	1.39
z	1.14	0.64
password	1.14	0.67
golden	1.14	0.60
season	1.14	0.62
gods	1.15	0.74
pushed	1.15	0.76
trade-in	1.15	1.22
eject	1.15	0.75
registered	1.15	0.68
stories	1.15	0.64
bam	1.16	0.58
39.99	1.16	1.02
greatly	1.17	0.71
7th	1.17	0.61
drunk	1.17	1.12
credit	1.17	0.64
eating	1.17	0.61
email	1.17	0.67
e-mail	1.18	0.67
coast	1.18	0.64
acting	1.18	1.15
promising	1.18	0.73
competitive	1.18	0.54
photo	1.19	0.70
egg	1.19	0.64
emotional	1.19	0.78
patience	1.20	0.81
happier	1.20	1.35
gow	1.20	1.22
playroom	1.20	1.47
questions	1.20	1.01
enjoyable	1.20	0.74
mother	1.21	0.98
fall	1.21	0.86
phenomenal	1.21	1.38
username	1.21	0.84
together	1.21	0.59
sometime	1.21	0.84
concept	1.21	0.79
ontario	1.22	0.89
during	1.22	0.59
new	1.22	0.54
trilogy	1.22	1.82
usa	1.22	0.72
central	1.22	0.59
redditors	1.22	0.85
la	1.23	0.62
co	1.23	0.56
original	1.24	1.51
accurate	1.24	1.21
omg	1.24	0.96
gamestop	1.24	1.47
hang	1.24	0.70
gcu	1.24	1.14
imo	1.24	0.80
nov	1.24	0.65
childhood	1.25	0.56
redeem	1.25	0.67
grade	1.25	0.55
ring	1.25	0.62
bundles	1.25	0.73
wtf	1.25	1.21
friend	1.25	0.88
freeze	1.25	0.58
seriously	1.25	1.07
card	1.25	0.63
noob	1.25	0.76
gameplay	1.25	0.95
looked	1.26	0.87
comment	1.26	1.21
fan	1.26	1.47
promotion	1.26	1.25
f	1.27	0.61
friendly	1.27	0.90
resistance	1.27	1.78
uncharted	1.27	0.94
toys	1.27	1.36
math	1.28	1.58
tony	1.28	0.84
food	1.29	0.62
drink	1.29	0.58
recommend	1.29	1.39
clank	1.29	1.10
sly	1.29	0.94
t	1.29	0.69
compelling	1.30	0.86
cooper	1.30	0.91
w	1.30	0.57
mom	1.30	1.42
moments	1.31	0.80
alive	1.31	0.61
promo	1.31	1.17
weekend	1.31	0.66
useful	1.31	0.81
ideas	1.32	0.62
soooo	1.32	0.83
locations	1.33	0.63
shop	1.33	1.36
voucher	1.33	0.63
spelling	1.33	1.76
date	1.34	0.73
honesty	1.34	1.05
july	1.34	0.63
amp	1.34	0.57
favor	1.34	1.28
understood	1.35	1.65
anybody	1.35	0.95
redeemed	1.35	0.70
realistic	1.35	0.76
soul	1.36	0.85
ratchet	1.36	1.09
20th	1.36	0.58
christ	1.37	0.94
experiences	1.37	1.13
guess	1.37	1.32
daxter	1.37	1.06
next-gen	1.37	0.61
coupon	1.37	0.98
spread	1.38	0.78
splitscreen	1.38	0.51
local	1.38	1.68
feb	1.38	0.58
dat	1.38	0.94
hahaha	1.38	1.20
october	1.39	0.64
jak	1.39	1.05
cup	1.40	0.70
experience	1.40	0.72
pickup	1.40	1.04
named	1.40	0.46
wind	1.40	0.54
buddies	1.40	0.64
ticket	1.41	0.66
grew	1.41	1.30
september	1.41	0.65
brothers	1.41	0.89
ha	1.41	1.30
replies	1.42	1.11
november	1.42	0.64
leading	1.42	0.76
here	1.43	1.02
august	1.43	0.64
april	1.43	0.64
overall	1.43	1.07
bloody	1.43	0.67
addictive	1.44	0.98
warriors	1.44	0.50
chart	1.44	0.65
2014	1.44	0.71
battle	1.44	0.54
badass	1.45	1.34
addicting	1.45	1.10
y	1.45	0.67
recommendation	1.45	0.94
gladly	1.45	0.90
march	1.45	0.69
lunch	1.46	0.53
grammar	1.46	1.46
borrow	1.46	0.72
amazingly	1.46	1.00
weather	1.47	0.66
enjoy	1.47	1.32
co-op	1.47	0.53
june	1.48	0.65
de	1.48	0.82
damnit	1.48	1.07
strangers	1.48	0.55
hmm	1.49	1.20
nailed	1.49	0.97
someone	1.49	0.97
detail	1.50	0.79
january	1.50	0.66
responses	1.51	1.02
sooo	1.51	0.80
thats	1.51	1.14
o	1.52	0.72
satisfying	1.52	0.76
february	1.52	0.66
coop	1.52	0.51
closest	1.52	1.24
exciting	1.52	0.78
totally	1.52	1.04
kidding	1.52	1.19
december	1.53	0.65
storytelling	1.53	1.03
anniversary	1.53	0.54
canadian	1.53	0.62
explanation	1.55	0.98
hmmm	1.55	1.17
holy	1.55	1.00
blown	1.56	0.94
engaging	1.56	0.73
rime	1.56	0.55
smash	1.56	0.46
b	1.57	0.65
kong	1.57	0.49
g	1.57	0.59
incredible	1.58	1.28
pokemon	1.58	0.45
l	1.58	0.68
answering	1.58	1.08
answers	1.58	0.94
em	1.59	0.93
whichever	1.59	0.72
r	1.59	0.56
eu	1.59	0.71
bayonetta	1.59	0.46
arms	1.60	0.51
kart	1.60	0.46
environment	1.60	0.74
soo	1.60	0.79
arrives	1.60	0.74
jesus	1.61	1.01
late	1.61	0.80
couch	1.61	0.53
mario	1.62	0.45
apologies	1.62	1.22
c	1.62	0.59
personally	1.62	1.42
helped	1.62	0.87
zelda	1.63	0.45
nonetheless	1.63	0.64
cake	1.64	0.91
inbox	1.64	0.71
bros	1.64	0.46
mistake	1.66	1.44
innovative	1.67	0.69
atmosphere	1.67	0.83
sorted	1.67	0.93
edited	1.67	1.53
e	1.67	0.67
nemesis	1.68	0.64
typo	1.68	1.21
response	1.68	1.03
miss	1.68	1.34
early	1.69	0.82
placeholder	1.70	0.75
u	1.70	0.47
sale	1.70	0.98
hm	1.71	0.98
codes	1.71	0.71
dammit	1.71	0.97
huh	1.72	1.10
feedback	1.72	0.84
brutal	1.72	0.85
eh	1.73	1.20
forgot	1.73	1.09
code	1.73	0.75
look	1.73	0.82
selected	1.74	0.78
yeah	1.74	1.04
graphics	1.74	0.93
texas	1.75	0.76
art	1.76	1.02
masterpiece	1.76	1.00
job	1.76	0.82
cheat	1.77	0.72
oops	1.78	1.18
ur	1.78	1.00
chill	1.79	0.90
umm	1.79	0.98
unique	1.79	0.66
corrected	1.79	1.39
p	1.80	1.15
count	1.80	0.81
heh	1.80	1.05
varied	1.81	0.69
nevermind	1.82	1.10
info	1.83	0.80
calm	1.83	0.97
intense	1.83	0.90
graphically	1.84	0.86
clear	1.84	1.09
family	1.84	1.02
explains	1.85	0.94
hat	1.87	0.84
k	1.87	0.70
skate	1.88	1.22
ta	1.91	1.03
soundtrack	1.91	1.01
yea	1.92	1.01
lol	1.94	1.02
suggestions	1.94	0.87
bastard	1.95	0.88
edit	1.95	1.29
environments	1.96	0.78
2016	1.97	0.83
spring	1.97	0.81
unreal	1.97	0.88
loving	1.97	0.60
2015	1.97	0.82
goty	1.97	0.62
awards	1.98	0.79
john	1.98	0.66
uh	1.99	1.03
memorable	2.00	0.77
summer	2.00	0.83
tho	2.01	1.00
truly	2.02	0.89
wat	2.03	0.92
btw	2.03	1.11
answer	2.03	0.92
ill	2.04	0.98
key	2.05	0.74
chance	2.06	1.01
xd	2.06	1.00
round	2.06	0.54
haha	2.06	0.99
relax	2.07	0.70
dang	2.07	0.96
outstanding	2.08	0.86
appealing	2.08	0.69
sorry	2.10	1.14
suggestion	2.10	0.82
immersive	2.11	0.81
hah	2.11	1.01
help	2.11	0.95
visually	2.12	0.87
glorious	2.14	0.79
lucky	2.14	1.34
anyways	2.15	0.96
enter	2.16	0.77
boom	2.17	0.76
absolutely	2.17	0.86
everyone	2.18	0.72
detailed	2.19	0.51
great	2.21	0.74
sexy	2.21	0.64
handy	2.22	0.81
brilliant	2.23	0.83
visuals	2.24	0.90
ah	2.24	0.94
helpful	2.26	0.77
whoa	2.26	0.85
eve	2.27	0.48
woah	2.27	0.75
fun	2.28	0.75
guys	2.28	0.85
nah	2.28	0.92
reply	2.29	0.93
okay	2.30	0.90
mr	2.30	0.78
stunning	2.30	0.85
heads	2.31	0.97
damn	2.31	0.84
dude	2.32	0.85
tips	2.32	0.80
neat	2.34	0.82
spare	2.34	0.84
epic	2.34	0.74
freaking	2.35	0.71
insight	2.36	0.80
gorgeous	2.36	0.81
oh	2.36	0.87
um	2.37	0.87
spectacular	2.38	0.72
yes	2.38	0.94
god	2.39	0.74
beautiful	2.40	0.78
ahh	2.42	0.84
gotcha	2.42	0.85
clarification	2.43	0.85
bro	2.44	0.88
buddy	2.45	0.53
everybody	2.46	0.61
gift	2.46	0.55
pm	2.47	0.74
entered	2.47	0.75
lmao	2.48	0.84
grateful	2.50	1.17
ok	2.51	0.82
ahhh	2.51	0.83
looks	2.52	0.69
birthday	2.52	0.52
clearing	2.53	0.74
good	2.55	0.50
advice	2.56	0.79
tacos	2.57	0.73
ya	2.57	0.83
worries	2.58	0.79
taco	2.59	0.67
alright	2.62	0.77
impressive	2.62	0.54
interesting	2.63	0.53
bell	2.63	0.66
tip	2.64	0.76
shopping	2.67	0.49
blast	2.67	0.51
welcome	2.67	0.79
wonderful	2.69	0.56
pal	2.72	0.71
pick	2.73	0.91
thx	2.73	0.76
mate	2.75	0.73
bud	2.76	0.72
wow	2.77	0.73
santa	2.77	0.80
cool	2.79	0.62
hope	2.79	0.81
man	2.82	0.73
winning	2.84	0.67
appreciated	2.85	0.72
wins	2.86	0.73
commenting	2.88	0.80
dear	2.90	0.66
odds	2.95	0.81
please	2.97	0.71
lovely	2.99	0.26
thanks	3.00	0.67
winter	3.04	0.68
sir	3.05	0.65
sweet	3.05	0.58
whoever	3.07	0.59
fingers	3.07	0.69
lt	3.07	0.63
chosen	3.08	0.70
won	3.11	0.62
yay	3.11	0.65
cheers	3.12	0.66
advance	3.13	0.61
fellow	3.15	0.65
present	3.16	0.40
entering	3.18	0.64
contest	3.19	0.61
hey	3.22	0.57
insert	3.22	0.53
winner	3.22	0.59
pls	3.23	0.60
appreciate	3.23	0.59
thank	3.23	0.58
yo	3.24	0.60
holiday	3.27	0.56
plz	3.27	0.58
stranger	3.28	0.59
hi	3.31	0.56
congrats	3.31	0.52
hello	3.32	0.55
entry	3.32	0.53
luck	3.33	0.54
xmas	3.33	0.49
win	3.34	0.50
crossed	3.36	0.51
giveaway	3.36	0.50
op	3.37	0.47
generous	3.38	0.50
opportunity	3.40	0.46
christmas	3.41	0.44
merry	3.41	0.46
holidays	3.41	0.46
