cruel	-3.45	0.36
hateful	-3.36	0.47
sick	-3.17	0.99
vicious	-3.16	0.52
heartless	-3.05	0.64
manipulative	-3.04	0.60
vindictive	-3.04	0.59
vile	-3.03	0.51
selfish	-3.01	0.62
disgusting	-2.97	0.84
sickening	-2.95	0.68
nightmare	-2.94	0.72
bitter	-2.94	0.85
self-centered	-2.93	0.61
imagine	-2.90	0.60
terrifying	-2.87	0.76
rude	-2.86	0.72
horrific	-2.86	1.04
evil	-2.85	0.52
shitty	-2.83	0.62
hurtful	-2.83	0.72
crazy	-2.79	1.00
bizarre	-2.79	0.91
terrified	-2.79	0.86
liar	-2.75	0.86
passive-aggressive	-2.72	0.85
bad	-2.71	1.08
aggressive	-2.70	0.90
must	-2.69	0.97
bitch	-2.68	0.84
malicious	-2.68	0.51
dislike	-2.66	0.62
disrespectful	-2.63	0.53
absorbed	-2.62	0.52
bastard	-2.61	0.87
rotten	-2.61	0.98
frustrating	-2.60	1.04
horrifying	-2.59	1.09
ungrateful	-2.57	0.89
condescending	-2.57	0.95
hostile	-2.56	0.86
insensitive	-2.56	0.59
worthless	-2.55	0.89
dismissive	-2.53	0.96
irresponsible	-2.53	0.55
unfair	-2.51	0.83
pathetic	-2.50	0.93
shocking	-2.49	0.85
ignorant	-2.47	0.55
confusing	-2.47	1.17
monster	-2.47	0.79
nightmares	-2.47	0.99
crappy	-2.47	1.03
controlling	-2.46	0.56
hopeless	-2.46	1.50
ugly	-2.45	0.99
sorts	-2.45	0.88
hurt	-2.44	1.77
infuriating	-2.44	0.92
upset	-2.42	1.69
harsh	-2.42	0.89
scary	-2.42	1.11
self-absorbed	-2.41	0.57
childish	-2.39	0.53
scared	-2.38	1.69
lonely	-2.37	1.64
endure	-2.35	1.17
convinced	-2.35	0.87
neglectful	-2.33	0.58
depressed	-2.33	1.74
absolutely	-2.33	1.07
dread	-2.32	0.77
insecure	-2.32	1.50
anxious	-2.32	1.72
unhappy	-2.32	1.74
ridiculous	-2.32	0.94
outrageous	-2.32	0.85
lazy	-2.31	0.75
stupid	-2.30	0.72
guilty	-2.30	1.65
remarks	-2.29	1.10
insane	-2.29	1.11
angry	-2.29	1.74
heartbreaking	-2.29	1.14
passive	-2.28	1.13
resentful	-2.28	1.73
weird	-2.28	1.10
mad	-2.27	1.74
racist	-2.27	0.57
fucked	-2.27	1.16
uncomfortable	-2.26	1.61
similar	-2.26	1.00
numb	-2.26	1.49
feeling	-2.26	1.75
centered	-2.25	0.59
frustrated	-2.25	1.84
brat	-2.24	0.69
whore	-2.24	0.78
weak	-2.22	1.12
embarrassed	-2.22	1.77
overwhelming	-2.22	1.36
sometimes	-2.22	1.58
overwhelmed	-2.21	1.73
helpless	-2.21	1.63
powerless	-2.21	1.62
humiliating	-2.21	0.71
destructive	-2.21	0.56
felt	-2.20	1.75
stressed	-2.20	1.77
offensive	-2.20	0.59
miserable	-2.19	1.55
unsure	-2.19	1.77
obnoxious	-2.19	0.60
feels	-2.18	1.31
kinds	-2.18	1.07
spoiled	-2.18	0.66
petty	-2.18	0.59
confused	-2.17	1.87
upsetting	-2.17	0.88
sob	-2.16	1.12
exhausted	-2.16	1.48
painful	-2.16	1.27
bothers	-2.15	0.96
alone	-2.15	1.77
happen	-2.15	1.76
dumb	-2.14	0.69
terribly	-2.14	1.31
immature	-2.13	0.63
annoyed	-2.13	1.84
tired	-2.13	1.75
cringe	-2.13	0.93
awkward	-2.13	1.48
irritated	-2.13	1.61
jerk	-2.13	0.63
disappointed	-2.12	1.85
whiny	-2.11	0.66
asshole	-2.11	0.72
paranoid	-2.11	1.12
attitude	-2.09	0.81
devastated	-2.09	1.42
useless	-2.09	0.73
satisfied	-2.09	1.00
insults	-2.08	1.13
apparently	-2.08	1.15
disturbing	-2.08	1.07
idiot	-2.06	0.72
makes	-2.04	1.71
annoying	-2.04	0.82
sadistic	-2.04	0.58
remark	-2.04	1.10
afraid	-2.04	1.56
difficult	-2.03	1.34
bored	-2.03	1.85
depressing	-2.03	1.36
betrayed	-2.02	1.80
offended	-2.01	1.53
loser	-1.99	0.72
critical	-1.99	1.02
delusional	-1.98	0.64
trapped	-1.98	1.47
embarrassing	-1.98	1.08
nervous	-1.98	1.59
shameful	-1.97	0.77
surprised	-1.96	1.79
slut	-1.96	0.82
except	-1.96	1.19
scares	-1.96	0.75
witch	-1.96	1.10
shit	-1.96	1.14
frightening	-1.94	0.99
insulting	-1.93	0.74
dangerous	-1.92	0.72
downright	-1.92	0.66
dramatic	-1.91	0.67
assholes	-1.90	0.71
exhausting	-1.90	1.04
hatred	-1.90	0.92
cry	-1.89	1.58
betrayal	-1.88	0.88
occurred	-1.88	1.34
having	-1.86	1.29
worried	-1.86	1.63
psychotic	-1.86	0.68
stressful	-1.85	1.06
inappropriate	-1.85	0.76
poisonous	-1.84	1.08
am	-1.84	1.76
particularly	-1.84	1.01
french	-1.83	0.88
pissed	-1.82	1.79
isolated	-1.82	1.45
irrational	-1.82	0.65
disgusted	-1.82	1.72
strange	-1.81	0.97
cold	-1.81	0.65
gross	-1.80	1.17
called	-1.80	0.90
messed	-1.80	1.24
imagining	-1.80	1.01
overreacting	-1.80	1.48
unpleasant	-1.80	1.03
disgust	-1.79	1.01
knowing	-1.79	1.65
resentment	-1.79	1.01
mean	-1.79	1.92
defensive	-1.78	1.33
thing	-1.78	1.72
vomit	-1.78	0.83
ill	-1.78	1.20
hurts	-1.77	1.33
needy	-1.77	0.70
unreasonable	-1.77	0.69
utter	-1.76	0.84
vulnerable	-1.76	1.50
hesitant	-1.76	1.71
poor	-1.76	1.30
abnormal	-1.75	0.70
most	-1.74	1.16
completely	-1.74	1.05
absurd	-1.73	0.87
horrified	-1.73	1.64
challenging	-1.73	0.99
utterly	-1.73	0.87
tense	-1.73	1.54
ashamed	-1.73	1.94
furious	-1.72	1.55
crap	-1.72	1.16
complicated	-1.72	1.38
rough	-1.72	1.15
intentionally	-1.72	0.73
happens	-1.72	1.68
fathom	-1.71	1.11
unstable	-1.71	0.70
abusive	-1.70	0.63
openly	-1.70	1.16
scenario	-1.69	1.46
fucking	-1.69	1.32
damaging	-1.69	0.82
pure	-1.69	0.83
single	-1.67	1.30
lying	-1.67	1.46
retarded	-1.67	0.82
forced	-1.67	1.23
bothering	-1.66	1.62
intense	-1.66	0.89
upsets	-1.66	1.54
easily	-1.66	1.57
piece	-1.65	0.76
sadly	-1.65	1.55
unacceptable	-1.65	0.77
dressing	-1.65	1.05
horribly	-1.64	0.84
hating	-1.64	1.17
backlash	-1.64	1.19
blah	-1.64	1.17
insisted	-1.63	1.13
unbelievable	-1.63	1.05
part	-1.63	1.42
triggered	-1.63	1.04
flawed	-1.63	1.34
names	-1.62	0.78
drives	-1.62	0.96
where	-1.62	1.45
mess	-1.62	0.88
draining	-1.61	1.08
worry	-1.61	1.66
biggest	-1.60	1.30
violent	-1.60	0.63
bullshit	-1.59	0.82
incompetent	-1.59	0.72
those	-1.59	0.87
twisted	-1.58	0.84
scenarios	-1.58	1.29
wondering	-1.58	1.72
manipulations	-1.57	0.78
fear	-1.57	0.79
blatantly	-1.56	0.81
happened	-1.56	2.08
deeply	-1.56	1.44
outright	-1.55	0.84
unlikely	-1.55	1.01
subtle	-1.55	0.86
oblivious	-1.55	0.65
clue	-1.54	1.85
judgmental	-1.54	0.79
empty	-1.54	1.27
lash	-1.54	1.28
exact	-1.54	1.34
traumatic	-1.54	0.85
jerks	-1.53	0.65
exaggerating	-1.53	1.36
hell	-1.52	1.51
accusing	-1.52	0.90
invalidating	-1.51	0.80
screwed	-1.51	1.37
straw	-1.51	1.27
happening	-1.51	2.19
tripping	-1.50	0.81
shy	-1.50	1.34
truth	-1.50	1.84
remember	-1.50	1.59
these	-1.50	0.89
insanity	-1.49	0.71
cried	-1.49	1.55
besides	-1.48	1.36
queen	-1.48	0.67
belittling	-1.48	0.82
terror	-1.48	0.58
shallow	-1.48	0.66
still	-1.47	1.86
triggering	-1.47	0.90
bs	-1.47	0.84
whenever	-1.47	1.64
sure	-1.46	2.17
headache	-1.46	0.96
batshit	-1.46	0.89
unsafe	-1.46	1.56
justified	-1.45	1.27
point	-1.45	1.86
particular	-1.45	1.23
unusual	-1.44	0.87
antics	-1.44	0.71
hard	-1.44	1.44
wary	-1.44	1.33
shaming	-1.44	0.73
calling	-1.44	1.02
anything	-1.44	2.25
complained	-1.44	0.98
craziness	-1.43	0.81
crushed	-1.42	1.34
accused	-1.42	0.84
stomach	-1.42	0.83
humiliated	-1.42	1.24
shock	-1.41	0.67
severely	-1.41	1.16
collection	-1.40	1.27
believe	-1.40	2.22
amusing	-1.40	1.02
judged	-1.40	1.06
tricky	-1.40	1.13
odd	-1.39	1.01
damaged	-1.38	1.00
nickname	-1.38	1.06
sneaky	-1.38	0.73
shake	-1.38	1.60
dirty	-1.38	0.82
worse	-1.37	1.51
certain	-1.37	0.96
explode	-1.37	1.13
psycho	-1.37	0.89
shame	-1.37	0.93
swear	-1.37	1.03
fever	-1.36	0.97
dare	-1.36	1.05
troubled	-1.36	0.87
mourn	-1.36	1.46
wears	-1.36	1.25
shocked	-1.36	1.73
rage	-1.35	0.78
bother	-1.35	1.74
spends	-1.35	1.45
planet	-1.35	0.94
abandoned	-1.34	1.04
manipulating	-1.34	0.83
grieving	-1.34	1.28
towards	-1.34	1.04
nothing	-1.34	2.36
lied	-1.34	0.99
reason	-1.34	1.97
total	-1.33	0.69
sarcastic	-1.33	0.97
edge	-1.33	1.08
flashbacks	-1.33	0.86
accuse	-1.33	0.93
recall	-1.32	0.98
aware	-1.32	1.50
said	-1.31	2.17
guilt	-1.31	0.98
excuses	-1.31	1.28
made	-1.31	1.77
avoided	-1.31	1.18
suspicious	-1.31	1.35
wonder	-1.30	1.91
pisses	-1.30	0.90
why	-1.30	2.30
attacking	-1.30	0.86
ever	-1.30	2.12
teenager	-1.30	0.80
denial	-1.30	0.81
saying	-1.30	2.34
many	-1.29	0.95
fact	-1.29	2.41
waste	-1.29	0.77
loss	-1.29	1.44
shamed	-1.29	1.04
endless	-1.29	0.79
disappointment	-1.28	0.72
horrid	-1.28	1.54
torn	-1.28	1.43
either	-1.28	2.39
fool	-1.28	0.79
through	-1.28	1.21
worrying	-1.28	1.33
gets	-1.28	1.68
busy	-1.27	1.58
thinking	-1.27	1.94
honestly	-1.27	2.37
regret	-1.27	1.15
pink	-1.27	1.23
messy	-1.27	1.01
d	-1.27	2.07
lie	-1.27	1.39
anymore	-1.26	2.13
blatant	-1.26	0.80
understand	-1.26	1.71
deal	-1.26	1.37
simply	-1.26	2.12
injured	-1.25	1.08
behalf	-1.25	1.29
everything	-1.25	2.35
world	-1.24	1.23
problem	-1.24	2.15
actually	-1.24	2.41
should	-1.24	2.38
bully	-1.24	0.78
whats	-1.23	1.79
distracted	-1.23	1.53
especially	-1.23	1.10
prepare	-1.22	1.42
stunned	-1.22	1.38
pleased	-1.22	1.67
insulted	-1.22	1.11
matter	-1.22	2.25
lies	-1.22	0.99
creepy	-1.22	1.22
done	-1.21	2.39
panic	-1.21	0.85
whining	-1.21	0.87
its	-1.21	1.45
forget	-1.21	1.85
dream	-1.21	1.04
realize	-1.21	2.02
mocked	-1.20	1.05
demanding	-1.20	0.76
bit	-1.20	1.60
paranoia	-1.20	0.77
lot	-1.20	1.51
sorry	-1.19	1.44
again	-1.19	2.09
remembering	-1.19	1.23
embarrassment	-1.18	0.76
doing	-1.18	2.37
see	-1.18	2.01
ignores	-1.18	1.91
harmful	-1.18	0.76
jealousy	-1.18	0.76
say	-1.18	2.13
traumatized	-1.18	1.17
telling	-1.18	1.69
lighting	-1.17	0.90
explain	-1.17	1.54
obsessed	-1.17	0.89
abandonment	-1.17	0.87
wo	-1.17	2.06
hurting	-1.17	1.36
memory	-1.17	1.21
crying	-1.17	1.17
unfortunately	-1.16	1.74
ignored	-1.16	1.02
tragic	-1.16	1.21
insidious	-1.16	0.80
unsupportive	-1.16	0.89
jealous	-1.16	1.81
failure	-1.16	0.78
understandable	-1.16	1.18
shaking	-1.16	1.25
fat	-1.16	0.81
suicidal	-1.15	1.25
yet	-1.15	2.22
various	-1.15	0.92
tell	-1.15	2.02
struggling	-1.15	1.22
which	-1.15	2.41
literally	-1.15	1.16
whine	-1.15	1.08
knew	-1.15	2.19
fond	-1.15	1.09
shits	-1.14	0.88
already	-1.14	2.42
else	-1.14	2.24
thought	-1.14	1.99
mostly	-1.14	1.45
freak	-1.14	0.96
painfully	-1.14	1.13
faking	-1.14	0.98
meltdown	-1.14	0.67
bunch	-1.14	0.86
affected	-1.14	0.85
unless	-1.13	2.37
somehow	-1.13	2.11
course	-1.13	2.44
confusion	-1.13	0.82
constantly	-1.13	1.26
psychologically	-1.13	0.96
seems	-1.13	1.37
torture	-1.13	0.81
invalidated	-1.13	1.07
although	-1.13	1.82
eats	-1.12	1.61
multiple	-1.12	0.94
abusing	-1.12	0.83
excuse	-1.11	1.18
memories	-1.11	1.02
though	-1.11	2.44
secretly	-1.11	1.29
mocking	-1.11	0.83
abandoning	-1.11	0.85
grief	-1.11	0.97
heard	-1.10	1.69
experienced	-1.10	1.11
freaked	-1.10	1.26
unknown	-1.10	0.90
true	-1.10	2.33
told	-1.10	1.65
talking	-1.09	1.76
let	-1.09	1.97
attacked	-1.09	1.02
fine	-1.09	2.40
physically	-1.09	0.90
surprising	-1.09	1.43
bullying	-1.09	0.79
outbursts	-1.09	0.83
denying	-1.09	1.09
trauma	-1.09	0.89
implying	-1.09	1.03
associate	-1.09	1.26
neglect	-1.08	0.80
change	-1.08	1.72
experiencing	-1.08	0.97
verbally	-1.08	0.93
yelled	-1.08	1.12
driven	-1.08	0.85
neglected	-1.07	0.90
ass	-1.07	1.04
infection	-1.07	0.92
touching	-1.07	1.07
probably	-1.06	2.22
anyone	-1.06	2.14
owes	-1.06	1.65
gaslighting	-1.06	0.91
risk	-1.06	1.16
suffered	-1.06	0.88
blamed	-1.06	1.03
tone	-1.05	0.95
nonsense	-1.05	0.85
losing	-1.05	1.09
hungry	-1.05	1.22
tolerate	-1.05	1.04
behaviour	-1.05	0.89
always	-1.05	2.20
flu	-1.05	0.89
pain	-1.05	1.00
anger	-1.05	0.84
emotionally	-1.05	0.92
equally	-1.04	0.86
yell	-1.04	1.22
buys	-1.04	1.80
kinda	-1.03	1.57
ca	-1.03	2.00
socially	-1.03	1.19
implied	-1.03	0.78
abused	-1.03	0.93
torment	-1.03	0.83
rejection	-1.03	0.86
subjected	-1.03	0.83
berated	-1.03	1.02
notice	-1.03	1.72
usually	-1.03	1.54
bothered	-1.03	2.09
attacks	-1.02	0.85
look	-1.02	1.44
inherently	-1.02	1.36
hysterical	-1.02	0.95
personally	-1.02	2.03
difference	-1.02	1.86
isolation	-1.01	0.78
toxic	-1.01	0.75
manipulated	-1.01	1.01
anxiety	-1.01	0.85
abuse	-1.01	0.86
describe	-1.01	1.14
sleep	-1.01	0.88
overly	-1.01	0.85
berating	-1.01	0.86
leave	-1.01	1.77
mistreated	-1.01	0.95
seemed	-1.01	1.33
rejected	-1.01	1.23
manipulation	-1.01	0.88
lately	-1.00	1.17
whole	-1.00	1.07
frequently	-1.00	1.01
basically	-1.00	1.53
publicly	-1.00	1.00
gaslighted	-1.00	1.01
downs	-1.00	0.82
scream	-1.00	1.17
deliberately	-1.00	0.86
wanted	-1.00	1.99
uncommon	-1.00	0.97
remembered	-1.00	1.52
shout	-0.99	1.11
doubting	-0.99	1.36
warped	-0.99	0.97
sudden	-0.99	1.03
shell	-0.99	0.95
mood	-0.99	0.92
suffer	-0.99	0.90
idiots	-0.98	1.07
potentially	-0.98	1.00
cheated	-0.98	1.37
boring	-0.98	1.16
constant	-0.98	0.80
dismissed	-0.98	1.01
nuts	-0.98	1.20
begged	-0.98	1.17
exposed	-0.97	0.81
doubts	-0.97	0.96
verbal	-0.97	0.78
him	-0.97	2.09
bc	-0.97	1.37
beaten	-0.97	0.99
absolute	-0.97	1.36
quite	-0.97	1.52
intent	-0.97	1.11
mention	-0.97	1.77
processing	-0.97	0.95
possibly	-0.97	1.62
nowadays	-0.96	0.92
often	-0.96	1.33
likely	-0.96	1.73
admit	-0.96	2.27
come	-0.96	1.88
retrospect	-0.96	1.30
core	-0.96	1.11
pointless	-0.96	0.92
certainly	-0.96	2.07
several	-0.96	1.02
dozen	-0.96	0.95
flat	-0.96	1.17
anyway	-0.96	2.23
growing	-0.95	1.32
suck	-0.95	1.36
fault	-0.95	2.42
stuck	-0.95	1.21
messing	-0.95	1.14
and/or	-0.95	0.95
childhood	-0.95	1.13
claimed	-0.95	1.20
directed	-0.95	0.83
pretend	-0.95	1.81
complete	-0.94	0.73
accusations	-0.94	0.90
instantly	-0.94	1.22
different	-0.94	1.09
gone	-0.94	2.07
realise	-0.94	1.72
anywhere	-0.94	1.71
denies	-0.94	1.60
leaves	-0.94	1.36
rarely	-0.94	1.30
breakdown	-0.94	0.89
mask	-0.94	0.79
same	-0.94	2.17
dealing	-0.93	1.16
partly	-0.93	1.05
delusions	-0.93	0.80
complaining	-0.93	1.22
harassed	-0.93	1.00
tantrum	-0.93	0.79
unrelated	-0.93	0.89
unemployed	-0.93	0.96
thoroughly	-0.93	1.29
becomes	-0.93	1.13
blaming	-0.93	1.04
songs	-0.93	1.37
remembers	-0.93	1.83
legitimately	-0.93	1.16
means	-0.93	2.36
got	-0.93	1.47
extremely	-0.93	1.03
mentally	-0.93	0.96
everyone	-0.93	2.24
deny	-0.93	1.36
ton	-0.92	0.93
clueless	-0.92	0.77
funny	-0.92	1.42
pretending	-0.92	1.25
extreme	-0.92	0.81
guilting	-0.92	0.91
talk	-0.92	1.90
screamed	-0.92	1.04
intended	-0.92	1.03
otherwise	-0.91	1.76
harm	-0.91	1.07
pressured	-0.91	1.37
denied	-0.91	1.09
nagging	-0.91	1.14
numerous	-0.91	0.94
maybe	-0.91	2.26
horror	-0.90	0.72
forgotten	-0.90	1.34
complaints	-0.90	1.06
bring	-0.90	1.63
witness	-0.90	0.83
bullied	-0.90	1.00
predict	-0.90	1.12
throat	-0.89	0.94
tantrums	-0.89	0.78
pretends	-0.89	2.21
repeating	-0.89	1.35
sooooo	-0.89	1.45
pains	-0.89	0.95
issue	-0.89	1.56
suspect	-0.89	1.49
variety	-0.89	0.87
insecurity	-0.89	0.93
ugh	-0.89	1.56
kid	-0.89	1.53
foreign	-0.89	0.96
thinks	-0.88	2.12
moment	-0.88	1.49
sadness	-0.88	0.89
brought	-0.88	1.40
tempting	-0.88	1.19
frustration	-0.88	0.84
unfortunate	-0.88	1.02
immediately	-0.88	1.42
getting	-0.88	1.53
triggers	-0.88	0.92
also	-0.87	2.31
temper	-0.87	0.79
countless	-0.87	1.04
however	-0.87	2.36
myself	-0.87	1.56
tempted	-0.87	1.49
snapped	-0.87	1.26
repressed	-0.86	1.08
ask	-0.86	1.96
period	-0.86	1.05
swallow	-0.86	1.03
absent	-0.86	0.87
burden	-0.86	0.98
usual	-0.86	0.84
knows	-0.86	2.32
necessarily	-0.86	1.73
allowed	-0.86	1.69
noticed	-0.86	1.84
wondered	-0.86	1.58
rages	-0.86	0.79
says	-0.86	2.33
dark	-0.86	0.64
addict	-0.86	0.82
relieved	-0.86	2.26
sobbing	-0.86	1.07
jeez	-0.86	1.52
incident	-0.85	1.27
obsession	-0.85	0.81
spit	-0.85	0.83
albeit	-0.84	0.79
common	-0.84	1.09
curious	-0.84	1.53
sleeping	-0.84	0.92
incredibly	-0.84	0.99
beyond	-0.84	1.04
wreck	-0.84	1.16
trivial	-0.84	1.05
specific	-0.84	1.06
selfishness	-0.84	0.69
assaulted	-0.83	0.87
ironic	-0.83	1.08
blames	-0.83	2.16
ll	-0.83	2.08
disaster	-0.83	0.83
toddler	-0.83	0.80
unaware	-0.83	0.88
figured	-0.83	2.04
least	-0.83	2.19
frankly	-0.83	1.05
impossible	-0.83	1.18
gotten	-0.83	1.84
violently	-0.83	1.02
such	-0.82	1.48
prevent	-0.82	1.00
continued	-0.82	0.92
garbage	-0.82	0.94
prove	-0.82	1.64
off	-0.82	1.46
past	-0.82	1.49
speak	-0.82	1.66
purely	-0.81	0.74
lecture	-0.81	1.01
bleeding	-0.81	1.11
enabling	-0.81	0.97
asked	-0.81	1.85
amounts	-0.81	0.84
finally	-0.81	1.64
stuff	-0.81	1.26
may	-0.81	2.16
anybody	-0.81	1.87
currently	-0.80	1.32
guessing	-0.80	1.55
bullies	-0.80	0.90
frequent	-0.80	0.83
ptsd	-0.80	0.93
behavior	-0.80	0.93
needless	-0.80	1.08
letting	-0.80	1.54
die	-0.80	1.54
exactly	-0.80	2.10
wanting	-0.80	1.51
irrelevant	-0.80	1.16
affecting	-0.80	0.96
soooo	-0.80	1.31
talked	-0.79	1.69
insult	-0.79	0.93
instances	-0.79	1.25
stop	-0.79	1.31
mix	-0.79	0.94
category	-0.79	0.88
punish	-0.79	1.13
realized	-0.79	1.86
believes	-0.79	2.12
asleep	-0.79	0.91
insisting	-0.79	1.25
refused	-0.79	1.38
justifying	-0.79	1.20
fucks	-0.79	0.94
threats	-0.79	0.90
liking	-0.79	1.02
intentional	-0.79	1.09
other	-0.79	1.08
believing	-0.79	1.23
case	-0.78	2.32
lifetime	-0.78	0.88
repeatedly	-0.78	1.05
acceptable	-0.78	1.02
typical	-0.78	0.98
berate	-0.78	1.19
making	-0.78	1.58
territory	-0.77	0.97
sexually	-0.77	0.92
okay	-0.77	2.25
around	-0.77	1.58
initially	-0.77	1.14
cycle	-0.77	0.95
complains	-0.77	2.26
criticized	-0.77	1.02
someone	-0.77	2.08
once	-0.77	1.92
tells	-0.77	2.35
tears	-0.77	1.02
spiral	-0.77	1.13
refuse	-0.77	1.57
specifically	-0.76	1.57
hesitate	-0.76	1.54
contrast	-0.76	0.79
dared	-0.76	1.22
slide	-0.76	1.25
screaming	-0.76	0.93
silent	-0.76	0.80
screwing	-0.76	1.11
silly	-0.76	1.01
doubt	-0.76	1.79
existed	-0.76	1.37
realised	-0.76	1.56
regularly	-0.75	1.09
drove	-0.75	0.86
bitching	-0.75	1.22
asking	-0.75	1.72
inevitable	-0.75	1.02
types	-0.75	0.99
sort	-0.75	1.62
bipolar	-0.75	0.92
rare	-0.75	1.00
pit	-0.75	1.01
forgets	-0.75	1.75
toxicity	-0.75	0.91
left	-0.75	1.44
few	-0.74	1.20
willing	-0.74	1.69
junk	-0.74	0.84
might	-0.74	2.20
describing	-0.74	1.08
incest	-0.74	0.88
meant	-0.74	2.19
jesus	-0.74	1.44
confronted	-0.74	1.53
yelling	-0.74	0.99
monsters	-0.74	0.83
including	-0.73	0.94
logic	-0.73	1.06
flipped	-0.73	1.17
disabled	-0.73	0.92
questioning	-0.73	1.43
refuses	-0.73	1.58
snap	-0.73	1.16
sounding	-0.73	0.93
trigger	-0.73	0.94
childhoods	-0.73	0.98
prone	-0.73	0.85
implies	-0.73	1.10
abuses	-0.73	1.34
rants	-0.73	0.83
story	-0.73	1.34
universe	-0.72	0.80
insists	-0.72	2.17
back	-0.72	1.75
stepmother	-0.72	0.86
insanely	-0.72	1.13
cue	-0.72	0.97
nmom	-0.72	1.81
finds	-0.72	2.23
waking	-0.72	0.85
cases	-0.72	1.20
convince	-0.72	1.50
cries	-0.72	1.54
suffering	-0.72	0.92
changed	-0.72	1.63
broken	-0.71	1.21
comes	-0.71	1.47
decided	-0.71	1.96
repeated	-0.71	1.01
longer	-0.71	1.80
therefore	-0.71	1.47
fallout	-0.71	0.95
provoke	-0.71	1.17
assume	-0.71	1.85
ready	-0.71	1.93
injury	-0.70	1.00
confront	-0.70	1.71
loudly	-0.70	1.01
noise	-0.70	1.17
cruelty	-0.70	0.79
sexuality	-0.70	0.89
proceeded	-0.70	1.27
ok	-0.70	2.18
embarrass	-0.70	1.10
us	-0.70	1.85
gut	-0.70	1.30
possibility	-0.70	1.63
eventually	-0.70	1.65
unwanted	-0.70	0.79
guess	-0.70	2.21
plenty	-0.69	1.10
clearly	-0.69	2.16
psychological	-0.69	0.90
mock	-0.69	1.15
interested	-0.69	1.77
mum	-0.69	1.89
handful	-0.69	1.09
screams	-0.69	1.64
hearing	-0.69	1.15
sees	-0.69	2.31
psychopath	-0.69	1.00
question	-0.69	1.83
jokes	-0.69	0.91
pile	-0.69	0.91
known	-0.69	1.89
seen	-0.69	1.76
slapped	-0.69	1.05
likes	-0.68	2.33
right	-0.68	2.62
blown	-0.68	1.05
mixed	-0.68	0.79
blackmail	-0.68	0.96
without	-0.68	1.28
depression	-0.68	0.97
generally	-0.68	1.20
misery	-0.68	0.71
brainwashed	-0.68	0.91
experience	-0.67	1.30
forever	-0.67	1.76
dont	-0.67	1.76
conveniently	-0.67	1.39
none	-0.67	1.95
agrees	-0.67	2.29
situations	-0.67	1.01
comprehend	-0.67	1.39
burst	-0.67	1.08
totally	-0.67	1.41
blunt	-0.67	1.03
hardest	-0.67	1.82
awake	-0.67	0.98
beat	-0.67	1.02
caught	-0.67	1.26
punishing	-0.67	0.94
overweight	-0.66	1.09
loud	-0.66	0.99
wasnt	-0.66	1.30
meaningless	-0.66	0.92
raw	-0.66	0.90
tried	-0.66	1.70
try	-0.66	1.90
struggle	-0.66	1.10
poisoning	-0.66	0.93
flying	-0.66	0.87
blew	-0.66	1.13
shouting	-0.66	0.93
wrath	-0.65	0.79
came	-0.65	1.54
intention	-0.65	1.12
nature	-0.65	0.80
figure	-0.65	1.97
important	-0.65	1.22
public	-0.65	0.92
trash	-0.65	0.96
fashion	-0.65	0.87
process	-0.65	1.04
covert	-0.65	0.93
underneath	-0.65	0.91
example	-0.65	1.38
work	-0.65	2.07
spin	-0.65	0.99
issues	-0.65	1.20
rather	-0.64	1.78
severe	-0.64	0.94
baggage	-0.64	0.97
invisible	-0.64	1.04
threatened	-0.64	1.05
related	-0.64	1.14
plain	-0.64	1.02
call	-0.64	1.40
occur	-0.64	1.27
mind	-0.64	2.01
damage	-0.64	0.98
endured	-0.64	0.96
talks	-0.64	2.33
turns	-0.64	1.51
nm	-0.64	1.45
hurry	-0.63	1.35
objectively	-0.63	1.12
trying	-0.63	1.76
humiliate	-0.63	1.05
blame	-0.63	1.43
incidents	-0.63	1.26
mourning	-0.63	1.03
imply	-0.63	1.36
listens	-0.63	2.34
occasionally	-0.63	1.40
addicted	-0.63	0.87
abuser	-0.62	0.95
stroke	-0.62	1.04
projecting	-0.62	1.06
smack	-0.62	0.93
somewhat	-0.62	1.15
effects	-0.62	0.94
bug	-0.62	1.06
wounds	-0.62	0.99
crippling	-0.62	0.93
symptom	-0.62	1.17
purposefully	-0.62	1.10
throws	-0.61	1.58
ignoring	-0.61	0.84
entirely	-0.61	1.47
working	-0.61	1.47
favorites	-0.61	0.80
acting	-0.61	0.76
dysfunction	-0.61	0.83
mine	-0.61	1.54
obvious	-0.61	1.29
attack	-0.61	0.97
big	-0.61	1.04
cow	-0.61	0.97
chronic	-0.61	0.93
half	-0.61	1.26
sore	-0.61	1.09
delusion	-0.61	0.81
argued	-0.61	1.39
definitely	-0.61	2.09
everytime	-0.60	1.12
29	-0.60	1.49
knee	-0.60	1.04
opposite	-0.60	1.30
sex	-0.60	0.91
slip	-0.60	1.21
trouble	-0.60	1.37
flip	-0.60	1.07
noises	-0.60	1.00
raging	-0.60	0.92
blow	-0.60	1.36
cautious	-0.60	1.16
fantasies	-0.60	0.75
disordered	-0.60	0.96
reality	-0.60	1.12
trap	-0.60	1.00
unrealistic	-0.60	0.89
approve	-0.60	1.51
apparent	-0.60	1.10
tons	-0.59	0.89
nerve	-0.59	1.06
harassing	-0.59	1.32
realizes	-0.59	1.79
sucks	-0.59	1.56
wont	-0.59	1.71
idea	-0.59	2.24
wished	-0.59	1.61
problems	-0.59	1.26
coming	-0.59	1.88
sits	-0.59	1.56
cuz	-0.59	1.20
extent	-0.59	1.16
cause	-0.59	1.10
passes	-0.58	1.24
ocd	-0.58	0.94
borderline	-0.58	1.07
witnessed	-0.58	1.11
seeing	-0.58	1.71
rationalize	-0.58	1.30
refusing	-0.58	1.25
couple	-0.58	1.26
rape	-0.58	0.88
permanently	-0.58	1.27
answer	-0.58	1.87
reaction	-0.58	0.99
criticize	-0.58	1.08
wait	-0.58	1.61
sexual	-0.58	0.93
im	-0.58	1.48
justify	-0.58	1.26
harder	-0.57	1.44
periods	-0.57	1.12
purposely	-0.57	1.02
able	-0.57	1.94
cleaned	-0.57	1.14
expected	-0.57	1.50
codependent	-0.57	0.95
herself	-0.57	1.73
gossip	-0.57	1.07
balls	-0.57	0.96
apologise	-0.57	2.07
affects	-0.57	0.95
raped	-0.57	0.87
nparent	-0.57	1.36
norm	-0.57	0.96
disappear	-0.57	1.35
obese	-0.56	0.96
giant	-0.56	0.87
used	-0.56	1.33
loads	-0.56	0.97
led	-0.56	1.03
long	-0.56	1.68
topic	-0.56	1.19
mantra	-0.56	1.14
cant	-0.56	1.72
projection	-0.56	1.02
among	-0.56	1.11
decade	-0.56	1.56
decades	-0.56	1.43
etc	-0.55	0.84
went	-0.55	1.50
obviously	-0.55	1.79
flea	-0.55	1.26
faced	-0.55	1.02
didnt	-0.55	1.70
throwing	-0.55	0.95
death	-0.55	1.09
pressure	-0.55	0.95
screw	-0.55	1.33
forgetting	-0.55	1.63
nparents	-0.55	1.34
kills	-0.55	1.02
pretty	-0.55	1.34
allergies	-0.55	0.86
discomfort	-0.55	0.93
mother	-0.55	1.90
previously	-0.55	1.30
before	-0.54	1.75
looking	-0.54	1.77
essentially	-0.54	1.02
kick	-0.54	1.10
ignore	-0.54	1.40
wasting	-0.54	1.03
cops	-0.54	1.11
patterns	-0.54	1.00
moods	-0.54	0.96
warned	-0.54	1.27
argue	-0.54	1.46
dealt	-0.54	1.07
threatening	-0.54	1.03
acknowledge	-0.54	1.89
causing	-0.54	1.04
gaslight	-0.54	1.25
cares	-0.54	2.25
chances	-0.54	1.36
turn	-0.54	1.49
laughs	-0.54	1.15
bringing	-0.54	1.47
n	-0.54	1.40
27	-0.53	1.48
justification	-0.53	1.19
affect	-0.53	1.09
upbringing	-0.53	1.02
apologize	-0.53	2.26
liked	-0.53	1.71
23	-0.53	1.49
physical	-0.53	0.92
god	-0.53	1.50
eggshells	-0.53	1.16
mild	-0.53	0.94
hits	-0.53	1.05
causes	-0.53	0.97
catching	-0.53	1.26
beg	-0.53	1.40
asthma	-0.53	0.93
four	-0.53	1.23
ignorance	-0.53	0.87
911	-0.53	1.14
two	-0.53	1.19
n-mom	-0.52	1.07
guaranteed	-0.52	1.32
over	-0.52	1.82
perception	-0.52	1.20
scars	-0.52	1.00
throw	-0.52	1.01
factor	-0.52	1.25
hoarder	-0.52	0.98
suddenly	-0.52	1.36
harass	-0.52	1.16
admitting	-0.52	2.16
continually	-0.52	1.14
bottle	-0.52	0.85
wearing	-0.52	0.66
version	-0.52	1.13
unhealthy	-0.52	0.84
woke	-0.51	0.93
disappeared	-0.51	1.16
inclined	-0.51	1.43
three	-0.51	1.26
across	-0.51	1.09
nowhere	-0.51	1.25
dumped	-0.51	0.99
himself	-0.51	1.60
refusal	-0.51	1.19
theme	-0.51	1.02
home	-0.51	1.36
strike	-0.51	1.10
forcing	-0.51	1.18
seem	-0.51	1.39
psychic	-0.51	0.79
laughing	-0.51	1.11
wake	-0.51	0.85
seven	-0.51	1.24
wound	-0.51	0.99
22	-0.51	1.48
butt	-0.51	1.00
tension	-0.50	0.94
hiding	-0.50	1.23
100	-0.50	1.37
urge	-0.50	1.28
six	-0.50	1.28
escalate	-0.50	1.32
triangulation	-0.50	1.04
fifteen	-0.50	1.24
dump	-0.50	0.98
was/is	-0.50	1.00
loses	-0.50	1.54
stage	-0.50	0.98
ngma	-0.50	1.13
eight	-0.50	1.24
decides	-0.50	1.78
five	-0.50	1.25
poison	-0.49	0.83
real	-0.49	1.86
admitted	-0.49	1.52
26	-0.49	1.47
tactics	-0.49	1.01
enablers	-0.49	1.03
deflect	-0.49	1.22
acts	-0.49	1.67
sickness	-0.49	0.93
ndad	-0.49	1.65
starts	-0.49	1.27
police	-0.49	1.13
ns	-0.49	1.24
questioned	-0.49	1.33
comments	-0.49	1.08
shield	-0.49	1.00
insecurities	-0.49	1.00
almost	-0.49	1.50
2	-0.49	1.25
alcoholic	-0.49	0.97
voice	-0.49	1.00
hugely	-0.49	1.16
saw	-0.49	1.54
caused	-0.49	1.02
threaten	-0.49	1.19
recognize	-0.49	1.62
molested	-0.49	1.01
need	-0.48	2.05
wear	-0.48	0.68
freaks	-0.48	1.41
threat	-0.48	1.04
bull	-0.48	0.92
acons	-0.48	1.19
expectation	-0.48	0.96
afterwards	-0.48	1.27
pattern	-0.48	1.00
fall	-0.48	1.13
naked	-0.48	0.96
suppose	-0.48	1.95
aside	-0.48	0.95
naive	-0.48	0.90
fits	-0.48	0.91
million	-0.48	1.14
hoarding	-0.48	1.01
chance	-0.48	2.00
owns	-0.48	2.12
touch	-0.48	1.62
considered	-0.48	1.67
designed	-0.48	1.01
consistently	-0.48	0.82
better	-0.48	1.76
victim	-0.48	0.97
3	-0.48	1.27
wore	-0.48	0.68
pushing	-0.48	1.45
surely	-0.48	1.03
drive	-0.47	1.00
stress	-0.47	1.01
kicked	-0.47	1.15
devil	-0.47	0.86
furniture	-0.47	0.90
ingrained	-0.47	1.01
behaviours	-0.47	1.03
avoid	-0.47	1.15
cps	-0.47	1.17
quickly	-0.47	1.49
easier	-0.47	1.45
emotions	-0.47	1.02
situation	-0.47	1.52
claims	-0.47	1.95
promptly	-0.47	1.24
started	-0.47	1.24
unable	-0.47	1.30
magic	-0.47	0.91
major	-0.47	1.01
shed	-0.47	0.96
attempting	-0.47	1.36
nine	-0.47	1.27
tendencies	-0.47	1.07
plastic	-0.47	0.80
falls	-0.47	1.11
cuts	-0.46	1.08
accident	-0.46	1.09
loaded	-0.46	1.02
tactic	-0.46	1.09
originally	-0.46	1.27
sounded	-0.46	1.22
adds	-0.46	1.03
interrupt	-0.46	1.48
rug	-0.46	1.32
only	-0.46	2.50
lips	-0.46	1.03
explicitly	-0.46	1.60
radar	-0.46	1.13
hilarious	-0.46	1.29
faces	-0.46	1.07
onto	-0.46	1.07
realizing	-0.46	1.34
hundreds	-0.46	1.08
dies	-0.46	1.10
invested	-0.46	1.18
wins	-0.46	1.20
danger	-0.45	1.10
martyr	-0.45	0.90
enjoys	-0.45	1.76
punch	-0.45	1.01
bugs	-0.45	0.86
circumstances	-0.45	1.48
sense	-0.45	1.61
idk	-0.45	1.17
perfect	-0.45	1.13
pulls	-0.45	1.53
blowing	-0.45	1.32
imaginary	-0.45	0.98
relating	-0.45	1.00
er	-0.45	1.06
suicide	-0.45	1.11
inside	-0.45	1.07
abandon	-0.44	0.92
contacting	-0.44	1.40
hitting	-0.44	1.02
sight	-0.44	0.93
punished	-0.44	0.96
dismiss	-0.44	1.00
dysfunctional	-0.44	0.88
repercussions	-0.44	1.12
largely	-0.44	1.04
bone	-0.44	1.07
manipulate	-0.44	1.13
handle	-0.44	1.26
misses	-0.44	2.12
times	-0.44	1.60
thus	-0.44	1.17
discuss	-0.44	1.48
ten	-0.44	1.27
narcissist	-0.44	1.24
phrases	-0.44	1.05
facial	-0.44	1.00
repeat	-0.44	1.33
sets	-0.44	0.88
changing	-0.44	1.39
proportion	-0.44	0.93
perhaps	-0.44	1.95
4	-0.44	1.28
confrontation	-0.44	1.08
twenty	-0.44	1.28
general	-0.44	1.05
emotional	-0.44	0.93
touched	-0.44	1.20
cope	-0.43	1.21
result	-0.43	1.17
everywhere	-0.43	1.01
twelve	-0.43	1.28
30s	-0.43	1.41
loose	-0.43	0.96
nmother	-0.43	1.53
holds	-0.43	0.95
spoke	-0.43	1.42
fuck	-0.43	1.48
full-blown	-0.43	1.20
beating	-0.43	0.95
10	-0.43	1.28
insist	-0.43	1.05
5	-0.43	1.28
trick	-0.43	1.05
moments	-0.43	1.03
behind	-0.43	1.30
stole	-0.43	1.06
storm	-0.42	0.83
6	-0.42	1.32
hardly	-0.42	1.47
pillow	-0.42	1.00
ive	-0.42	1.52
load	-0.42	0.97
comparing	-0.42	1.17
serious	-0.42	1.16
convenient	-0.42	1.04
away	-0.42	1.30
involving	-0.42	1.01
drop	-0.42	1.34
lifelong	-0.42	1.02
key	-0.42	1.15
listen	-0.42	1.62
pointed	-0.42	1.65
exist	-0.42	1.48
scare	-0.42	1.00
super	-0.42	1.20
spoken	-0.42	1.63
grieve	-0.42	1.30
narcissism	-0.42	1.13
stages	-0.42	1.00
disorder	-0.42	1.02
aspect	-0.42	1.04
explained	-0.42	1.73
drug	-0.42	0.92
badly	-0.41	1.21
sticks	-0.41	1.13
dig	-0.41	1.01
enabler	-0.41	1.23
slightly	-0.41	1.12
legit	-0.41	1.01
allergic	-0.41	0.93
crawl	-0.41	0.97
unexpected	-0.41	0.88
2-3	-0.41	1.22
plays	-0.41	2.01
arguing	-0.41	1.19
themselves	-0.41	1.31
random	-0.41	1.00
revelation	-0.41	1.12
compared	-0.41	0.88
kicking	-0.41	1.11
dick	-0.41	1.08
mentality	-0.41	0.98
joking	-0.41	1.14
kill	-0.41	1.17
symptoms	-0.41	1.00
illnesses	-0.41	1.04
expectations	-0.41	0.98
judging	-0.41	1.13
stealing	-0.41	1.09
accept	-0.41	1.78
tend	-0.40	1.18
identify	-0.40	1.26
narcissists	-0.40	1.20
apart	-0.40	1.01
vlc	-0.40	1.37
precisely	-0.40	1.15
distress	-0.40	0.98
bag	-0.40	0.99
discussing	-0.40	1.37
fleas	-0.40	1.32
wtf	-0.40	1.39
shrug	-0.40	1.29
tore	-0.40	0.93
dirt	-0.40	0.93
claiming	-0.40	0.96
tear	-0.40	0.92
later	-0.40	1.50
difficulties	-0.40	1.26
isolate	-0.40	1.19
demons	-0.40	0.77
healed	-0.40	1.12
threw	-0.40	1.03
backs	-0.40	1.44
fragile	-0.40	1.03
threatens	-0.40	1.29
fails	-0.40	1.41
controlled	-0.40	1.03
driving	-0.40	0.95
nstepmom	-0.40	1.21
buttons	-0.39	1.28
position	-0.39	1.27
into	-0.39	1.15
clean	-0.39	1.01
fit	-0.39	0.91
main	-0.39	1.16
months	-0.39	1.56
narcissistic	-0.39	1.08
brainwashing	-0.39	0.87
24	-0.39	1.35
bait	-0.39	1.14
discouraged	-0.39	0.96
weeks	-0.39	1.51
picks	-0.39	1.87
cutting	-0.39	1.23
easiest	-0.39	2.03
after	-0.39	1.48
meanwhile	-0.39	0.95
apologized	-0.39	1.83
28	-0.39	1.37
nmum	-0.39	1.39
covering	-0.39	0.93
christ	-0.39	1.53
35	-0.38	1.35
ngrandma	-0.38	1.17
narcs	-0.38	1.19
teenagers	-0.38	0.86
cut	-0.38	1.53
existing	-0.38	1.43
looked	-0.38	1.14
unnecessary	-0.38	1.03
enable	-0.38	1.13
conscious	-0.38	1.31
conditioned	-0.38	1.18
deep	-0.38	1.06
exists	-0.38	1.12
puts	-0.38	1.52
seemingly	-0.38	0.95
since	-0.37	1.78
abusers	-0.37	1.10
far	-0.37	1.69
manageable	-0.37	1.15
campaign	-0.37	0.92
minds	-0.37	1.04
body	-0.37	0.89
stops	-0.37	1.52
calmed	-0.37	1.44
17	-0.37	1.39
parts	-0.37	0.98
ups	-0.37	0.80
reveal	-0.37	1.36
pushed	-0.37	1.11
thrown	-0.37	1.17
dry	-0.37	0.93
reasons	-0.37	1.66
include	-0.37	1.03
underlying	-0.37	1.26
whether	-0.37	2.17
intend	-0.37	1.47
lasting	-0.37	1.02
backed	-0.37	1.17
disorders	-0.36	1.05
dragged	-0.36	1.09
ranting	-0.36	1.02
tendency	-0.36	1.12
accountable	-0.36	1.62
nearly	-0.36	1.29
15	-0.36	1.32
vacuum	-0.36	1.04
hole	-0.36	0.91
fair	-0.36	1.49
acted	-0.36	1.16
hid	-0.36	1.03
7	-0.36	1.32
challenges	-0.36	1.04
boat	-0.36	1.07
miss	-0.36	1.70
n-parent	-0.36	1.13
ago	-0.36	1.52
existence	-0.36	1.13
inevitably	-0.35	1.29
shut	-0.35	1.21
instance	-0.35	1.10
predictable	-0.35	1.09
gradually	-0.35	1.14
chaos	-0.35	0.81
disease	-0.35	1.00
hung	-0.35	1.28
any	-0.35	1.93
size	-0.35	0.81
illness	-0.35	1.03
attempts	-0.35	1.23
referring	-0.35	1.11
twist	-0.35	1.23
remind	-0.35	1.40
falling	-0.35	1.08
violated	-0.35	1.09
ship	-0.35	1.11
fade	-0.35	1.19
subconsciously	-0.35	1.07
dunno	-0.35	1.51
recently	-0.35	1.72
face	-0.35	1.06
drag	-0.35	1.22
sorta	-0.35	1.28
bpd	-0.35	1.08
struggled	-0.35	1.01
8	-0.35	1.32
turned	-0.35	1.37
worn	-0.35	0.74
diagnosed	-0.34	1.01
tiny	-0.34	1.01
catch	-0.34	1.24
begging	-0.34	1.31
20	-0.34	1.31
leads	-0.34	0.96
20s	-0.34	1.21
16	-0.34	1.39
resort	-0.34	1.03
promised	-0.34	1.46
reactions	-0.34	1.02
hanging	-0.34	1.52
encountered	-0.34	1.25
waited	-0.34	1.28
rolled	-0.34	1.13
officially	-0.34	1.57
ways	-0.34	1.41
disrespect	-0.34	0.79
ongoing	-0.34	0.98
30	-0.34	1.27
until	-0.33	1.49
end	-0.33	1.73
perceive	-0.33	1.10
goddamn	-0.33	1.26
bones	-0.33	1.06
9	-0.33	1.32
overnight	-0.33	1.17
troubles	-0.33	1.17
shape	-0.33	0.87
considering	-0.33	1.73
fears	-0.33	1.02
protective	-0.33	1.14
enabled	-0.33	0.93
unwilling	-0.33	1.42
continue	-0.33	1.66
magically	-0.33	1.48
final	-0.33	1.19
broke	-0.33	1.11
tune	-0.33	1.19
episodes	-0.33	0.84
phrase	-0.33	1.28
40	-0.33	1.28
damned	-0.33	1.08
range	-0.33	0.95
behaviors	-0.33	1.10
willingly	-0.32	1.26
traits	-0.32	1.13
motives	-0.32	1.31
monkeys	-0.32	0.98
owed	-0.32	1.92
pieces	-0.32	0.97
realization	-0.32	1.22
14	-0.32	1.36
defense	-0.32	0.95
12	-0.32	1.33
actively	-0.32	1.15
disney	-0.32	0.80
punched	-0.32	1.06
lead	-0.32	1.04
lasted	-0.32	1.33
valid	-0.32	1.14
mentioned	-0.32	1.70
shoulders	-0.32	1.04
25	-0.32	1.36
commit	-0.32	1.26
personality	-0.32	1.07
monkey	-0.32	1.03
unlike	-0.31	1.08
lbs	-0.31	0.97
brings	-0.31	1.54
complain	-0.31	1.89
minute	-0.31	1.30
13	-0.31	1.35
buried	-0.31	1.07
disowned	-0.31	1.18
floor	-0.31	1.00
18	-0.31	1.38
habit	-0.31	1.17
11	-0.31	1.35
21	-0.31	1.38
latter	-0.31	1.09
earth	-0.31	0.87
became	-0.31	1.14
packed	-0.31	1.11
45	-0.31	1.25
prison	-0.31	0.88
freeing	-0.31	1.63
arrive	-0.31	1.42
perceived	-0.31	1.18
fake	-0.31	1.09
separation	-0.31	0.99
pulled	-0.31	1.10
passion	-0.31	1.38
1/2	-0.31	1.30
asks	-0.31	2.30
attempted	-0.31	1.17
worth	-0.31	1.51
assault	-0.31	0.97
jeans	-0.31	0.75
bed	-0.31	0.97
npd	-0.31	1.09
recognized	-0.31	1.39
boxes	-0.31	0.95
impact	-0.31	0.99
elaborate	-0.30	0.96
blind	-0.30	0.85
1	-0.30	1.40
lifted	-0.30	1.09
smell	-0.30	0.75
criticizing	-0.30	1.09
while	-0.30	1.14
reacting	-0.30	1.09
judge	-0.30	1.14
dying	-0.30	1.09
force	-0.30	1.32
defend	-0.30	1.33
pants	-0.30	0.75
run	-0.30	1.35
ripped	-0.30	1.05
ended	-0.30	1.40
mindset	-0.30	0.95
partially	-0.30	1.35
reminded	-0.30	1.49
within	-0.30	1.37
jump	-0.30	1.24
marks	-0.30	1.10
expect	-0.30	1.44
attempt	-0.30	1.24
edad	-0.30	1.37
clear	-0.30	1.62
put	-0.30	1.36
seat	-0.30	1.01
involves	-0.29	1.03
dust	-0.29	0.94
grows	-0.29	1.27
trips	-0.29	0.91
bits	-0.29	0.94
goes	-0.29	1.63
lived	-0.29	1.16
infant	-0.29	0.90
informed	-0.29	1.15
diabetes	-0.29	0.93
tends	-0.29	1.35
switched	-0.29	1.24
regrets	-0.29	1.48
clearer	-0.29	1.29
navigate	-0.29	1.23
kicks	-0.29	1.37
prior	-0.29	1.17
heavy	-0.29	0.94
contacted	-0.29	1.44
front	-0.29	1.05
80	-0.29	1.16
switch	-0.29	1.28
phase	-0.29	0.96
washed	-0.29	0.94
effect	-0.29	1.04
faults	-0.29	1.72
view	-0.28	1.11
belief	-0.28	1.09
resolved	-0.28	1.65
match	-0.28	1.29
fruit	-0.28	0.81
19	-0.28	1.39
adjust	-0.28	1.13
bowl	-0.28	0.94
suit	-0.28	0.94
trait	-0.28	1.18
mainly	-0.28	1.00
runs	-0.28	1.37
false	-0.28	1.10
speaking	-0.28	1.32
lost	-0.28	1.06
board	-0.28	0.88
if/when	-0.28	1.43
includes	-0.28	0.98
involved	-0.28	1.19
assured	-0.28	1.39
hour	-0.28	1.35
obligated	-0.28	1.77
rambling	-0.28	1.22
familiar	-0.28	1.31
doormat	-0.28	0.93
race	-0.28	0.95
twice	-0.28	1.44
language	-0.28	1.03
yells	-0.28	2.25
mentioning	-0.27	1.47
favourite	-0.27	0.80
superior	-0.27	1.07
injuries	-0.27	1.07
seconds	-0.27	1.30
fallen	-0.27	1.14
nfather	-0.27	1.39
cleaning	-0.27	1.20
heading	-0.27	1.10
instead	-0.27	1.32
regarding	-0.27	1.09
along	-0.27	1.60
logically	-0.27	1.66
pull	-0.27	1.26
shove	-0.27	1.19
introduce	-0.27	1.23
weight	-0.27	0.94
syndrome	-0.27	0.93
emom	-0.27	1.41
fuss	-0.27	1.20
addiction	-0.27	0.99
associated	-0.27	0.88
keeps	-0.27	1.21
cancer	-0.27	1.04
shes	-0.27	1.41
voices	-0.27	1.10
minutes	-0.27	1.36
laughter	-0.27	0.97
nmoms	-0.27	1.25
fell	-0.27	1.09
grabbed	-0.27	1.12
city	-0.27	1.16
poverty	-0.27	0.90
standards	-0.27	0.99
row	-0.27	1.35
nobody	-0.27	2.23
areas	-0.26	0.98
wind	-0.26	1.20
directly	-0.26	1.61
chest	-0.26	1.02
destroyed	-0.26	0.97
weapon	-0.26	1.21
viewed	-0.26	0.92
fed	-0.26	1.08
challenged	-0.26	0.93
years	-0.26	1.45
reject	-0.26	1.17
engage	-0.26	1.35
respects	-0.26	2.10
highly	-0.26	1.11
circles	-0.26	0.98
rip	-0.26	1.05
full	-0.26	1.01
leg	-0.26	1.08
him/her	-0.26	1.58
heads	-0.25	1.23
opposed	-0.25	1.03
stretch	-0.25	0.98
others	-0.25	1.39
consciously	-0.25	1.12
nc	-0.25	1.85
throughout	-0.25	0.92
down	-0.25	1.24
sneak	-0.25	1.18
combination	-0.25	0.92
brain	-0.25	1.11
purpose	-0.25	1.34
hours	-0.25	1.35
egg	-0.25	0.82
pounds	-0.25	1.03
involve	-0.25	1.26
responsibility	-0.25	1.45
town	-0.25	1.12
fixing	-0.25	1.49
exception	-0.25	1.12
complex	-0.25	0.95
relate	-0.25	1.50
bite	-0.25	0.98
inherited	-0.24	1.03
harassment	-0.24	1.04
cracked	-0.24	1.05
gon	-0.24	1.71
awhile	-0.24	1.46
hit	-0.24	1.11
bloody	-0.24	1.00
days	-0.24	1.45
under	-0.24	1.12
political	-0.24	1.00
slept	-0.24	0.99
year	-0.24	1.44
arm	-0.24	1.08
victims	-0.24	1.04
pack	-0.24	1.15
live	-0.24	1.21
register	-0.24	1.24
bodies	-0.24	0.98
kitchen	-0.24	1.00
remotely	-0.24	1.30
subconscious	-0.24	1.07
per	-0.24	1.22
lay	-0.24	1.01
z	-0.24	1.34
programmed	-0.23	1.06
everybody	-0.23	2.13
another	-0.23	1.47
moves	-0.23	1.30
anytime	-0.23	1.59
stubborn	-0.23	0.98
isnt	-0.23	1.48
skinny	-0.23	0.90
avoiding	-0.23	1.09
prescription	-0.23	1.02
sat	-0.23	1.04
burning	-0.23	1.04
wants	-0.23	2.32
authorities	-0.23	1.21
arguments	-0.23	1.11
officer	-0.23	1.28
less	-0.23	1.36
undo	-0.23	1.31
neck	-0.23	1.08
light	-0.23	0.84
cigarettes	-0.23	0.92
due	-0.23	1.00
pill	-0.23	1.01
subject	-0.23	1.36
invalidate	-0.23	1.14
worked	-0.23	1.55
waiting	-0.23	1.40
mirror	-0.23	0.90
spread	-0.23	1.05
answered	-0.23	1.64
miles	-0.23	1.16
aspects	-0.22	1.05
parents	-0.22	1.53
burned	-0.22	1.14
adhd	-0.22	1.01
joke	-0.22	1.15
crimes	-0.22	1.01
downstairs	-0.22	1.05
discussed	-0.22	1.44
crawling	-0.22	1.47
inability	-0.22	1.13
holes	-0.22	0.96
leaving	-0.22	1.43
enforcement	-0.22	1.19
fairly	-0.22	1.03
indication	-0.22	2.08
agree	-0.22	1.88
nuclear	-0.22	1.01
consider	-0.22	1.71
details	-0.22	1.30
both	-0.22	1.25
illegal	-0.22	1.08
noticing	-0.22	1.54
stalking	-0.22	1.07
grab	-0.22	1.12
driver	-0.22	0.92
truck	-0.22	0.94
chores	-0.22	1.39
imho	-0.22	1.03
appease	-0.22	1.15
minor	-0.22	1.12
drugs	-0.22	0.95
jaw	-0.22	1.07
lose	-0.22	0.98
picking	-0.22	1.35
wipe	-0.22	1.00
turning	-0.22	1.21
naunt	-0.22	1.27
na	-0.22	1.70
string	-0.21	1.01
boobs	-0.21	0.96
relief	-0.21	1.15
matters	-0.21	1.56
60	-0.21	1.23
interact	-0.21	1.22
sink	-0.21	0.98
programming	-0.21	0.99
passed	-0.21	1.24
stopped	-0.21	1.30
sociopath	-0.21	1.12
primarily	-0.21	1.05
n-mother	-0.21	1.15
teen	-0.21	1.07
majority	-0.21	1.00
condition	-0.21	1.02
narrative	-0.21	1.01
thumb	-0.21	1.10
facts	-0.21	1.30
arrived	-0.21	1.20
laundry	-0.20	1.04
sucked	-0.20	1.04
blows	-0.20	1.45
substance	-0.20	1.00
hotline	-0.20	1.22
gun	-0.20	1.13
submit	-0.20	1.12
chooses	-0.20	1.75
nsis	-0.20	1.40
occasional	-0.20	0.98
hundred	-0.20	1.22
quit	-0.20	1.22
obligation	-0.20	1.40
forgive	-0.20	1.89
hoping	-0.20	1.89
exposure	-0.20	0.98
streets	-0.20	1.09
piss	-0.20	1.14
north	-0.20	1.10
began	-0.20	1.28
brief	-0.20	0.96
conflict	-0.20	1.06
forces	-0.20	0.89
n-parents	-0.20	1.24
little	-0.20	1.51
flow	-0.20	1.06
arrested	-0.20	1.06
knocked	-0.20	1.04
ran	-0.20	1.12
shortly	-0.19	1.29
song	-0.19	1.04
restraining	-0.19	1.17
failing	-0.19	1.07
garage	-0.19	0.99
thin	-0.19	0.86
silently	-0.19	0.99
trial	-0.19	0.99
stood	-0.19	1.33
teens	-0.19	1.04
itself	-0.19	1.13
addressing	-0.19	1.44
heaven	-0.19	0.96
grain	-0.19	1.21
pair	-0.19	0.79
drama	-0.19	0.99
criteria	-0.19	1.10
fights	-0.19	1.04
recent	-0.19	1.09
near	-0.19	1.20
steal	-0.19	1.20
entitled	-0.19	1.02
salt	-0.19	0.93
trail	-0.19	1.15
created	-0.19	1.01
humor	-0.19	1.05
last	-0.19	1.43
washing	-0.18	1.21
alcohol	-0.18	0.93
took	-0.18	1.46
length	-0.18	1.12
actions	-0.18	1.39
knife	-0.18	1.10
desperate	-0.18	1.32
laugh	-0.18	1.24
push	-0.18	1.39
madness	-0.18	0.86
legitimate	-0.18	1.16
nsister	-0.18	1.38
pick	-0.18	1.58
backwards	-0.18	1.08
drain	-0.18	0.96
cure	-0.18	1.25
sober	-0.18	0.98
guarantee	-0.18	1.54
carrying	-0.18	1.04
rain	-0.18	1.08
expressing	-0.18	1.07
using	-0.18	1.20
legs	-0.18	1.02
roll	-0.18	1.17
reminding	-0.18	1.50
violence	-0.18	0.96
warn	-0.18	1.38
grasp	-0.17	1.05
tight	-0.17	0.91
dictate	-0.17	1.60
crash	-0.17	1.07
remains	-0.17	0.97
cultural	-0.17	1.07
punching	-0.17	1.05
textbook	-0.17	1.14
depending	-0.17	1.29
spectrum	-0.17	1.02
moved	-0.17	1.31
toss	-0.17	1.09
number	-0.17	1.34
solely	-0.17	1.30
yrs	-0.17	1.36
identified	-0.17	1.34
upstairs	-0.17	1.07
slight	-0.17	1.19
pills	-0.17	1.01
lift	-0.17	1.02
pulling	-0.17	1.18
apologizing	-0.17	1.71
autism	-0.17	1.00
toilet	-0.17	1.01
cheating	-0.17	1.08
altogether	-0.17	1.25
couch	-0.17	0.95
reflection	-0.17	1.04
randomly	-0.17	1.08
laid	-0.17	1.11
line	-0.17	1.36
hint	-0.17	1.17
thousands	-0.17	1.17
release	-0.16	1.03
report	-0.16	1.11
ngrandmother	-0.16	1.31
reports	-0.16	1.08
holy	-0.16	1.52
popular	-0.16	0.98
our	-0.16	1.10
300	-0.16	1.16
colors	-0.16	0.92
shift	-0.16	1.30
wave	-0.16	1.05
dollars	-0.16	1.16
held	-0.16	1.15
suggesting	-0.16	1.62
gcbro	-0.16	1.38
head	-0.16	1.27
bags	-0.16	0.99
initial	-0.16	0.97
concerning	-0.16	1.13
judgment	-0.16	1.23
expects	-0.16	1.47
comply	-0.16	1.38
makeup	-0.16	0.87
meaning	-0.16	1.26
slipped	-0.16	1.13
bend	-0.16	1.23
stepdad	-0.16	1.07
prepared	-0.16	1.34
hers	-0.16	1.47
orders	-0.16	1.15
expose	-0.16	1.05
agreed	-0.16	1.40
weigh	-0.16	1.02
hoped	-0.15	1.49
narc	-0.15	1.19
alcoholism	-0.15	0.97
dad	-0.15	1.47
reported	-0.15	1.16
recognise	-0.15	1.43
privately	-0.15	1.35
indicate	-0.15	1.11
hears	-0.15	2.27
knock	-0.15	1.16
fingers	-0.15	1.12
closely	-0.15	1.07
amount	-0.15	1.08
proved	-0.15	1.05
fish	-0.15	0.81
1000	-0.15	1.28
finger	-0.15	1.11
documentation	-0.15	1.13
defined	-0.15	1.21
hence	-0.15	1.03
packing	-0.15	1.18
genetic	-0.15	1.04
directions	-0.15	0.92
secret	-0.15	0.84
locking	-0.15	1.12
specifics	-0.15	1.48
standard	-0.15	0.95
qualities	-0.15	1.20
grew	-0.15	1.01
toward	-0.15	0.81
charged	-0.14	1.09
complaint	-0.14	1.03
order	-0.14	1.23
month	-0.14	1.35
bound	-0.14	1.10
flipping	-0.14	1.03
shave	-0.14	1.12
chore	-0.14	1.42
nstepdad	-0.14	1.23
replaced	-0.14	1.03
crack	-0.14	0.99
counting	-0.14	1.30
acon	-0.14	1.31
beforehand	-0.14	1.55
bail	-0.14	1.38
late	-0.14	1.27
sympathize	-0.14	1.12
america	-0.14	1.09
chair	-0.14	1.03
closet	-0.14	1.02
70	-0.14	1.14
briefly	-0.14	1.35
solved	-0.14	1.34
necessary	-0.13	1.45
south	-0.13	1.06
mouth	-0.13	1.04
alot	-0.13	1.29
roughly	-0.13	1.24
described	-0.13	1.30
encounter	-0.13	0.96
drunk	-0.13	0.87
purse	-0.13	0.90
tattoos	-0.13	0.87
adopt	-0.13	0.99
father	-0.13	1.36
reach	-0.13	1.52
solve	-0.13	1.54
forth	-0.13	1.06
oddly	-0.13	0.96
proxy	-0.13	1.09
figures	-0.13	1.20
gc	-0.13	1.32
lives	-0.13	1.22
singing	-0.13	0.94
smoked	-0.13	0.96
perceptions	-0.13	1.27
gas	-0.13	1.02
state	-0.13	1.15
deliver	-0.13	1.03
flaws	-0.13	1.63
he/she	-0.13	1.32
belittle	-0.13	1.12
perfection	-0.13	0.84
emergency	-0.13	1.13
void	-0.13	1.01
til	-0.13	1.16
filed	-0.13	1.05
very	-0.12	1.16
homeless	-0.12	0.94
early	-0.12	1.08
airport	-0.12	1.13
followed	-0.12	1.12
timing	-0.12	1.28
driveway	-0.12	1.01
form	-0.12	1.01
poke	-0.12	1.13
weed	-0.12	0.98
cave	-0.12	1.09
swing	-0.12	1.04
topics	-0.12	1.15
daily	-0.12	1.05
meds	-0.12	1.07
mid	-0.12	1.25
mechanism	-0.12	1.06
figuring	-0.12	1.29
cop	-0.12	1.13
challenge	-0.12	1.13
project	-0.12	1.13
hear	-0.12	1.59
committed	-0.11	1.13
interacting	-0.11	1.16
relying	-0.11	1.31
than	-0.11	1.40
negative	-0.11	0.91
forbid	-0.11	1.08
jumping	-0.11	1.18
walks	-0.11	1.28
every	-0.11	1.09
shirts	-0.11	0.78
taken	-0.11	1.70
station	-0.11	1.10
debate	-0.11	1.18
water	-0.11	0.88
bigger	-0.11	1.20
ears	-0.11	1.06
successfully	-0.11	1.28
mile	-0.11	1.14
50	-0.11	1.24
defending	-0.11	1.26
listening	-0.11	1.08
reasoning	-0.11	1.24
insert	-0.11	1.09
tbh	-0.11	1.25
theft	-0.11	1.08
scratch	-0.11	1.06
till	-0.11	1.36
file	-0.11	1.13
200	-0.11	1.17
allow	-0.11	1.55
raised	-0.11	1.07
guard	-0.11	1.11
youth	-0.11	1.05
diagnose	-0.11	1.23
control	-0.10	1.14
argument	-0.10	1.13
b/c	-0.10	1.20
fight	-0.10	1.16
basement	-0.10	1.04
ends	-0.10	1.25
views	-0.10	1.01
mistakes	-0.10	1.87
sibs	-0.10	1.38
changes	-0.10	1.15
compare	-0.10	1.08
opinion	-0.10	1.56
communicate	-0.10	1.33
habits	-0.10	0.95
lawyers	-0.10	1.06
ridiculously	-0.10	1.07
destroy	-0.10	1.05
root	-0.10	1.26
autistic	-0.10	0.99
lesbian	-0.10	1.00
conditions	-0.10	1.12
target	-0.10	1.11
begins	-0.10	1.09
murder	-0.10	1.01
refer	-0.10	1.13
snow	-0.10	0.87
ai	-0.10	1.33
sit	-0.10	1.05
funeral	-0.10	1.09
midnight	-0.10	1.10
focused	-0.10	0.87
religious	-0.10	0.98
shirt	-0.10	0.83
fill	-0.10	0.97
poop	-0.10	0.91
texas	-0.10	1.17
label	-0.09	1.17
kicker	-0.09	1.11
tolerated	-0.09	1.03
sitting	-0.09	1.10
roles	-0.09	1.06
wash	-0.09	0.99
proof	-0.09	1.12
suspected	-0.09	1.12
questions	-0.09	1.57
deals	-0.09	1.16
hostage	-0.09	1.11
differences	-0.09	1.26
toddlers	-0.09	0.88
99	-0.09	1.23
walls	-0.09	1.04
drinking	-0.09	0.94
minimize	-0.09	1.18
proven	-0.09	1.32
proves	-0.09	0.93
eyes	-0.09	0.98
medicine	-0.09	1.03
crime	-0.09	1.07
courts	-0.09	1.16
ours	-0.09	1.20
ages	-0.09	1.35
nose	-0.09	1.03
lots	-0.09	1.10
surface	-0.09	1.06
undermine	-0.09	1.09
saint	-0.08	0.80
fly	-0.08	1.12
window	-0.08	1.00
legal	-0.08	1.22
longest	-0.08	0.98
strategy	-0.08	1.27
proving	-0.08	1.47
dropping	-0.08	1.20
acknowledged	-0.08	1.75
breaks	-0.08	1.21
ad	-0.08	1.04
sided	-0.08	1.11
freeze	-0.08	1.07
age	-0.08	1.33
color	-0.08	0.78
pressed	-0.08	1.18
filled	-0.08	0.79
desk	-0.08	1.04
relevant	-0.08	1.11
sheer	-0.08	0.75
laying	-0.08	0.97
breathe	-0.08	1.15
drink	-0.08	0.92
flash	-0.08	1.03
portion	-0.08	0.97
evidence	-0.08	1.10
reduce	-0.08	1.05
involvement	-0.08	1.06
country	-0.07	1.17
name	-0.07	1.08
lc	-0.07	1.61
wage	-0.07	0.99
conversations	-0.07	1.17
casually	-0.07	1.25
reflect	-0.07	1.27
criticism	-0.07	0.89
dishes	-0.07	1.07
examples	-0.07	1.26
running	-0.07	1.09
canada	-0.07	1.20
stare	-0.07	1.06
produce	-0.07	1.08
medication	-0.07	1.07
yr	-0.07	1.33
factors	-0.07	1.36
homes	-0.07	1.05
department	-0.07	1.28
type	-0.07	1.23
reconcile	-0.07	1.57
appropriate	-0.07	1.12
assumed	-0.07	1.36
glass	-0.07	0.97
asian	-0.07	0.98
vs	-0.07	1.02
alert	-0.07	1.08
parking	-0.07	1.06
term	-0.07	1.23
rub	-0.07	1.06
underwear	-0.07	0.88
terms	-0.07	1.50
locked	-0.07	1.08
inconvenience	-0.07	0.95
commented	-0.07	1.53
bedroom	-0.07	1.06
bucks	-0.07	1.22
answering	-0.07	1.42
thru	-0.07	1.03
0	-0.07	1.09
wine	-0.07	0.88
criminal	-0.06	1.02
start	-0.06	1.28
conditioning	-0.06	1.05
slightest	-0.06	1.27
sooo	-0.06	1.35
learned	-0.06	1.27
imagined	-0.06	1.18
smoking	-0.06	0.98
house	-0.06	1.14
suggested	-0.06	1.59
responds	-0.06	1.29
belt	-0.06	0.97
communicating	-0.06	1.26
shutting	-0.06	1.17
nails	-0.06	1.00
perform	-0.06	1.08
opens	-0.06	1.22
word	-0.06	1.31
negatively	-0.06	1.03
household	-0.06	1.03
limitations	-0.06	1.12
walk	-0.06	1.30
cage	-0.06	0.79
dead	-0.06	1.23
bra	-0.06	0.87
leading	-0.06	1.11
prescribed	-0.06	1.18
win	-0.05	1.08
addition	-0.05	1.13
continuing	-0.05	1.18
tape	-0.05	0.99
somebody	-0.05	2.24
mountain	-0.05	0.81
flew	-0.05	1.08
against	-0.05	1.15
classic	-0.05	1.17
ride	-0.05	1.10
judgement	-0.05	1.26
no-contact	-0.05	1.34
slap	-0.05	1.09
religion	-0.05	1.02
abortion	-0.05	1.08
simultaneously	-0.05	1.10
inch	-0.05	1.22
recovering	-0.05	1.00
rolls	-0.05	1.12
charges	-0.05	1.07
sg	-0.05	1.23
reinforce	-0.05	1.07
surprisingly	-0.05	1.00
room	-0.05	1.05
whatever	-0.05	2.60
lawyer	-0.05	1.26
soap	-0.05	1.00
quick	-0.05	1.30
bathroom	-0.04	1.04
latest	-0.04	1.05
outside	-0.04	0.98
regardless	-0.04	1.77
intentions	-0.04	1.42
nights	-0.04	1.05
mentions	-0.04	2.15
bus	-0.04	1.08
grey	-0.04	0.91
smile	-0.04	1.10
struggles	-0.04	1.19
arms	-0.04	1.11
take	-0.04	1.55
ect	-0.04	1.09
dynamics	-0.04	1.02
medications	-0.04	1.10
permanent	-0.04	1.18
inform	-0.04	1.38
died	-0.04	1.16
pretended	-0.04	1.39
requests	-0.04	1.16
blood	-0.04	1.02
2000	-0.04	1.20
reporting	-0.04	1.13
similarities	-0.04	1.16
possible	-0.04	2.53
listed	-0.04	1.14
old	-0.04	1.34
literal	-0.04	0.96
shoes	-0.04	0.80
visited	-0.04	1.27
sometime	-0.04	1.33
sc	-0.04	1.24
move	-0.04	1.61
shot	-0.04	1.23
conservative	-0.04	0.93
list	-0.04	1.04
press	-0.04	1.10
agenda	-0.04	0.98
purchased	-0.04	1.10
stone	-0.04	1.02
dime	-0.04	1.28
court	-0.04	1.17
killing	-0.04	1.05
quietly	-0.04	1.02
resist	-0.03	1.22
clothes	-0.03	0.83
forms	-0.03	1.06
shudder	-0.03	1.23
doors	-0.03	1.07
next	-0.03	1.47
referred	-0.03	1.35
silence	-0.03	0.84
required	-0.03	1.22
serving	-0.03	0.89
lesser	-0.03	1.15
bruises	-0.03	1.04
nfamily	-0.03	1.03
angle	-0.03	1.15
woods	-0.03	1.23
scapegoat	-0.03	1.17
borrow	-0.03	1.46
enemy	-0.03	0.98
break	-0.03	1.32
grave	-0.03	0.99
bullet	-0.03	1.00
forgiven	-0.03	1.72
tie	-0.03	1.03
imo	-0.03	1.12
upper	-0.03	1.01
influence	-0.03	0.96
numbers	-0.03	1.26
smallest	-0.03	1.06
hassle	-0.02	1.19
sarcasm	-0.02	1.26
heart	-0.02	0.95
sorted	-0.02	1.48
bible	-0.02	0.99
ourselves	-0.02	1.38
fiance	-0.02	1.51
flags	-0.02	1.04
child	-0.02	1.12
brown	-0.02	0.79
failures	-0.02	1.24
count	-0.02	1.68
diagnosis	-0.02	1.09
pop	-0.02	1.04
personalities	-0.02	0.98
pool	-0.02	1.00
wide	-0.02	1.03
collect	-0.02	0.89
large	-0.02	0.94
products	-0.02	1.01
vision	-0.02	1.04
values	-0.02	0.99
living	-0.02	1.25
milk	-0.02	0.90
hands	-0.02	1.17
thousand	-0.02	1.26
spent	-0.02	1.10
ammo	-0.02	1.22
nest	-0.02	1.01
effectively	-0.02	1.23
stairs	-0.02	1.07
door	-0.02	1.07
table	-0.02	1.03
attorney	-0.02	1.19
teenage	-0.02	1.02
digging	-0.02	1.14
trained	-0.02	1.26
generations	-0.02	1.03
first	-0.02	1.44
sugar	-0.01	0.89
brother	-0.01	1.33
audience	-0.01	1.06
car	-0.01	1.03
superficial	-0.01	0.87
agreement	-0.01	1.35
kept	-0.01	1.26
rolling	-0.01	1.11
according	-0.01	1.00
hold	-0.01	1.33
exit	-0.01	1.41
weirdly	-0.01	1.16
drawn	-0.01	1.06
usa	-0.01	1.13
ball	-0.01	0.97
connect	-0.01	1.26
hopes	-0.01	0.97
christian	-0.01	0.97
ordered	-0.01	0.99
failed	-0.01	1.08
eye	-0.01	1.04
sales	-0.01	0.96
negativity	-0.01	0.88
dance	-0.01	0.83
similarly	-0.01	1.07
learn	-0.01	1.29
sooner	-0.01	1.56
image	-0.01	0.90
parenting	-0.00	0.97
ultimate	-0.00	1.02
dragging	-0.00	1.04
expression	-0.00	0.93
consequence	-0.00	1.43
<URL>	-0.00	0.97
<SPECIAL>	-0.00	0.97
comforting	-0.00	1.63
older	-0.00	1.29
ought	-0.00	1.49
customer	-0.00	1.05
feeds	-0.00	1.05
trade	-0.00	1.16
dementia	-0.00	1.05
harming	0.00	1.13
whose	0.00	1.05
fridge	0.00	0.97
hide	0.00	1.24
stands	0.00	1.51
definition	0.00	1.17
advance	0.00	1.41
well	0.00	2.65
sister	0.00	1.32
distract	0.00	1.16
suits	0.00	1.07
countries	0.00	1.11
explaining	0.00	1.56
instructions	0.00	1.03
grandmother	0.00	1.30
nearby	0.00	1.17
learning	0.01	1.24
heck	0.01	1.16
retail	0.01	1.24
tricks	0.01	1.05
australia	0.01	1.16
peoples	0.01	1.05
subjects	0.01	1.13
handy	0.01	1.20
bro	0.01	1.26
merely	0.01	1.04
strongly	0.01	1.38
putting	0.01	1.37
ie	0.01	0.98
breaking	0.01	1.16
begin	0.01	1.26
places	0.01	1.16
deeper	0.01	1.13
laughed	0.01	1.22
golden	0.01	1.21
fraud	0.01	1.12
jumped	0.01	1.16
magical	0.01	0.88
manage	0.01	1.46
dynamic	0.01	1.00
buying	0.01	1.09
agency	0.01	1.17
discussion	0.01	1.23
grandma	0.01	1.31
disagree	0.01	1.58
needed	0.02	1.81
lawn	0.02	1.00
fog	0.02	0.98
oil	0.02	1.01
increase	0.02	1.13
laws	0.02	1.21
grounds	0.02	1.12
reads	0.02	1.57
night	0.02	1.04
curiosity	0.02	0.87
picked	0.02	1.24
survivors	0.02	0.97
fired	0.02	1.28
skin	0.02	0.94
fighting	0.02	1.17
alarm	0.02	1.01
sin	0.02	1.17
tall	0.02	1.02
politely	0.02	1.44
bubble	0.02	0.89
recognizing	0.02	1.37
rings	0.02	1.23
sibling	0.02	1.27
everyday	0.02	1.12
playing	0.02	0.81
traffic	0.02	1.05
sale	0.02	1.00
depends	0.02	1.22
empowering	0.02	1.14
estate	0.03	1.07
elderly	0.03	1.07
conversation	0.03	1.40
smoke	0.03	0.98
struck	0.03	1.10
staring	0.03	1.13
surrounding	0.03	0.98
sis	0.03	1.28
law	0.03	1.12
500	0.03	1.18
twin	0.03	1.23
resulted	0.03	1.12
brush	0.03	1.15
determine	0.03	1.49
discussions	0.03	1.21
siblings	0.03	1.32
crisis	0.03	1.08
y	0.03	1.44
cars	0.03	0.99
irs	0.03	1.08
thankfully	0.03	1.49
actual	0.03	1.25
riding	0.04	0.98
technique	0.04	1.11
states	0.04	1.15
moving	0.04	1.36
area	0.04	1.10
entering	0.04	1.13
agencies	0.04	1.15
band	0.04	0.86
equivalent	0.04	1.13
x	0.04	1.84
b	0.04	1.21
rationally	0.04	1.51
covers	0.04	1.07
thick	0.04	0.99
essential	0.04	1.04
stores	0.04	0.94
stepped	0.04	1.21
wall	0.04	1.07
hormones	0.04	1.02
conclusion	0.04	1.09
approved	0.04	1.01
whereas	0.04	1.17
creates	0.04	0.94
concerns	0.04	1.14
consequences	0.04	1.27
use	0.04	1.17
younger	0.04	1.25
casual	0.04	0.90
serves	0.05	1.11
nfil	0.05	1.07
quotes	0.05	1.15
instinct	0.05	1.06
reacts	0.05	1.24
experiences	0.05	1.14
pause	0.05	1.27
method	0.05	1.27
stayed	0.05	1.22
diet	0.05	0.86
catholic	0.05	1.01
location	0.05	1.14
keys	0.05	1.04
tooth	0.05	0.91
land	0.05	1.06
proceed	0.05	1.27
fast	0.05	1.36
jail	0.05	1.07
chinese	0.05	0.88
score	0.05	0.97
massive	0.05	0.95
worker	0.05	1.28
further	0.05	1.36
covered	0.05	0.99
outsider	0.06	1.13
aka	0.06	1.04
notion	0.06	1.07
soon	0.06	1.74
somewhere	0.06	1.26
politics	0.06	0.98
filing	0.06	1.08
larger	0.06	1.02
aspergers	0.06	0.98
cross	0.06	1.26
glasses	0.06	0.94
schedule	0.06	1.29
rewarding	0.06	1.14
selling	0.06	0.98
starting	0.06	1.29
locks	0.06	1.08
amends	0.06	1.79
contact	0.06	1.39
tough	0.06	1.68
extension	0.06	1.07
pity	0.06	0.98
society	0.06	1.03
choices	0.06	1.46
humans	0.06	0.82
hometown	0.06	1.16
blocks	0.06	1.17
sold	0.06	0.98
pot	0.06	0.97
culture	0.06	0.99
hall	0.06	1.04
theory	0.06	0.93
played	0.06	0.80
expecting	0.07	1.48
routine	0.07	1.02
opportunity	0.07	1.38
nor	0.07	1.74
ego	0.07	1.02
resent	0.07	0.77
interfere	0.07	1.11
90	0.07	1.14
developed	0.07	0.96
neither	0.07	1.48
continues	0.07	1.26
testing	0.07	1.13
tied	0.07	1.06
speed	0.07	0.98
houses	0.07	1.08
clock	0.07	1.13
alcoholics	0.07	1.06
fantasy	0.07	0.93
mechanisms	0.07	1.10
unit	0.07	1.00
gender	0.07	1.00
pushes	0.07	2.15
filling	0.07	1.02
vice	0.07	1.69
ward	0.07	1.12
reached	0.07	1.47
dressed	0.07	0.85
whilst	0.07	0.97
hindsight	0.07	1.21
youngest	0.07	1.26
windows	0.08	1.03
heavily	0.08	1.09
sing	0.08	1.02
strangely	0.08	1.30
disregard	0.08	0.92
california	0.08	1.12
coping	0.08	1.09
meat	0.08	0.89
cup	0.08	0.97
identity	0.08	1.09
butter	0.08	0.93
suggest	0.08	1.63
closing	0.08	1.06
sounds	0.08	1.70
looks	0.08	1.09
pin	0.08	1.11
document	0.08	1.12
contrary	0.08	1.20
dna	0.08	1.16
counter	0.08	1.07
bear	0.08	1.05
short	0.08	1.34
foods	0.08	0.83
allowing	0.08	1.33
whatsoever	0.09	1.31
hook	0.09	1.23
help	0.09	1.79
legally	0.09	1.31
normal	0.09	1.06
belongings	0.09	1.00
calls	0.09	1.27
services	0.09	1.17
tearing	0.09	1.00
hair	0.09	0.98
style	0.09	0.77
entire	0.09	0.99
esteem	0.09	1.05
discovered	0.09	1.47
smaller	0.09	1.14
dh	0.09	0.94
tries	0.09	2.13
oldest	0.09	1.26
technology	0.09	1.07
results	0.09	1.10
occasions	0.09	1.13
transition	0.10	1.02
addresses	0.10	1.23
temporarily	0.10	1.36
feelings	0.10	1.04
em	0.10	1.45
green	0.10	0.82
hunting	0.10	0.99
between	0.10	1.17
ear	0.10	1.07
drank	0.10	0.94
fire	0.10	1.08
shoot	0.10	1.23
w	0.10	1.25
speaks	0.10	2.01
sue	0.10	1.10
naturally	0.10	0.86
significantly	0.10	1.32
visible	0.10	1.15
regular	0.10	1.09
paint	0.10	0.86
vague	0.10	1.23
uses	0.10	1.93
methods	0.10	1.11
imagination	0.10	0.97
cult	0.10	0.98
encourage	0.10	1.48
gently	0.10	1.30
traditional	0.11	0.98
instant	0.11	1.06
claim	0.11	1.15
counselor	0.11	1.49
development	0.11	1.02
hospitals	0.11	1.06
dish	0.11	0.99
official	0.11	1.09
yours	0.11	2.12
additional	0.11	1.04
burn	0.11	1.08
divorce	0.11	1.13
job	0.11	1.32
eggs	0.11	0.88
24/7	0.11	1.07
role	0.11	0.96
manager	0.11	1.22
hired	0.11	1.24
confide	0.11	1.63
week	0.11	1.33
cheap	0.11	0.92
zone	0.11	1.08
united	0.11	1.13
sisters	0.11	1.26
puberty	0.11	1.01
clothing	0.11	0.84
shower	0.12	1.04
thats	0.12	1.56
objects	0.12	0.93
jobs	0.12	1.31
hearts	0.12	1.07
combined	0.12	0.82
slave	0.12	1.08
walked	0.12	1.17
roof	0.12	1.10
modern	0.12	0.93
park	0.12	1.14
office	0.12	1.29
eldest	0.12	1.25
bought	0.12	0.87
mall	0.12	1.11
doctor	0.12	1.17
self-esteem	0.12	1.06
follows	0.12	1.08
positions	0.12	1.22
pass	0.12	1.32
stepmom	0.12	1.22
ammunition	0.12	1.23
hopeful	0.12	2.04
fail	0.13	1.15
characteristics	0.13	1.15
phone	0.13	1.28
removing	0.13	1.09
therapist	0.13	1.46
sabotage	0.13	1.08
red	0.13	0.87
codependency	0.13	1.09
afterward	0.13	1.10
twenties	0.13	1.25
custody	0.13	1.13
hand	0.13	1.18
discovering	0.13	1.27
wasted	0.13	0.90
bike	0.13	1.06
code	0.13	1.01
y'know	0.13	1.25
cell	0.13	1.28
automatically	0.13	1.24
knocking	0.13	1.07
stating	0.13	1.34
domestic	0.13	1.02
operate	0.13	1.17
context	0.13	1.28
heat	0.13	0.95
sell	0.13	0.98
stance	0.13	1.29
mental	0.13	1.12
beer	0.13	0.93
beatings	0.14	0.91
breath	0.14	1.09
visitation	0.14	1.11
empathize	0.14	1.13
favorite	0.14	0.87
higher	0.14	1.07
fulfill	0.14	0.99
dates	0.14	1.16
attract	0.14	1.07
bio	0.14	1.20
declared	0.14	1.05
grounded	0.14	0.98
psychiatrist	0.14	1.26
tangled	0.14	0.95
eating	0.14	0.85
self	0.14	1.04
nmil	0.14	1.30
passport	0.14	1.07
gladly	0.14	1.27
grandfather	0.14	1.21
stolen	0.14	1.04
brothers	0.14	1.23
appear	0.14	1.00
entertain	0.14	1.23
events	0.14	1.16
easy	0.14	1.65
market	0.14	1.11
crossed	0.15	1.24
uncle	0.15	1.21
signing	0.15	1.10
tolerance	0.15	0.99
frame	0.15	1.15
ironically	0.15	1.10
competition	0.15	1.00
coffee	0.15	0.96
identifying	0.15	1.28
meeting	0.15	1.37
lesson	0.15	1.08
consent	0.15	1.14
phones	0.15	1.26
managed	0.15	1.53
violation	0.15	1.02
his	0.15	1.50
warning	0.15	1.07
episode	0.15	0.94
homework	0.15	1.33
yo	0.15	1.32
f	0.15	1.30
breast	0.15	1.01
county	0.15	1.11
strategies	0.15	1.15
workers	0.15	1.14
adulthood	0.16	1.03
caution	0.16	1.08
records	0.16	1.08
engaging	0.16	1.15
dads	0.16	1.11
farther	0.16	1.36
satisfying	0.16	1.22
top	0.16	1.08
detail	0.16	1.23
management	0.16	1.19
carried	0.16	1.14
doesnt	0.16	1.91
taking	0.16	1.47
carefully	0.16	1.12
grocery	0.16	1.08
bare	0.16	0.93
psychiatric	0.16	1.16
difficulty	0.16	1.00
drivers	0.17	1.03
please	0.17	1.70
fyi	0.17	1.07
powers	0.17	0.86
air	0.17	0.99
crossing	0.17	1.12
concerned	0.17	1.79
transportation	0.17	1.11
vehicle	0.17	1.03
circle	0.17	0.84
yesterday	0.17	1.42
slowly	0.17	1.19
europe	0.17	1.11
guardian	0.17	1.19
system	0.17	1.06
kids	0.17	1.20
adopted	0.17	1.09
instincts	0.17	1.29
demanded	0.17	1.23
whim	0.17	1.18
procedure	0.17	1.04
wherever	0.17	1.29
calmly	0.17	1.50
confronting	0.17	1.39
bosses	0.17	1.08
id	0.17	1.09
corner	0.17	1.09
sides	0.18	1.08
landlord	0.18	1.19
track	0.18	1.30
discipline	0.18	1.15
grandpa	0.18	1.17
basics	0.18	1.10
react	0.18	1.01
greatest	0.18	1.22
enough	0.18	2.03
rooms	0.18	1.07
decide	0.18	2.59
practically	0.18	1.09
play	0.18	0.81
consult	0.18	1.36
tool	0.18	1.12
lets	0.18	2.16
recording	0.18	1.07
prefer	0.18	1.26
socks	0.18	0.83
texting	0.18	1.30
earlier	0.18	1.61
porn	0.18	0.95
tl	0.18	1.18
upon	0.19	1.09
explanations	0.19	1.23
closed	0.19	1.09
requirements	0.19	1.10
texted	0.19	1.40
recorded	0.19	1.06
limit	0.19	1.28
understands	0.19	1.96
behaves	0.19	1.06
faster	0.19	1.32
paper	0.19	0.99
acknowledging	0.19	1.62
clinical	0.19	1.16
counsellor	0.19	1.41
basis	0.19	1.14
uk	0.19	1.20
plot	0.19	0.88
share	0.19	1.25
limiting	0.19	1.08
football	0.19	0.89
apartment	0.19	1.18
destroying	0.19	0.95
priorities	0.19	1.23
responsible	0.19	1.27
stuffed	0.20	0.86
gave	0.20	1.41
loop	0.20	0.95
craigslist	0.20	1.13
ouch	0.20	1.25
license	0.20	1.04
taught	0.20	1.14
full-time	0.20	1.26
lord	0.20	1.32
inheritance	0.20	1.17
dropped	0.20	1.19
projects	0.20	1.09
stays	0.20	1.07
assure	0.20	1.16
strict	0.20	1.09
company	0.20	1.24
demand	0.20	1.31
nod	0.20	1.29
hospital	0.20	1.19
tax	0.20	1.14
finding	0.20	1.41
psych	0.20	1.19
shop	0.20	1.01
game	0.21	0.91
object	0.21	1.16
action	0.21	1.57
facing	0.21	1.23
rights	0.21	1.08
secrets	0.21	1.13
authority	0.21	1.25
surgery	0.21	1.05
biological	0.21	1.20
lease	0.21	1.25
placed	0.21	1.07
asap	0.21	1.40
automatic	0.21	1.08
fathers	0.21	1.15
american	0.21	0.99
nephew	0.21	1.24
record	0.21	1.09
express	0.21	1.21
black	0.21	0.84
needs	0.21	1.45
pro	0.21	0.93
storage	0.21	1.04
overseas	0.21	1.11
spanking	0.21	0.97
business	0.22	1.49
accidentally	0.22	1.23
repair	0.22	1.25
entertaining	0.22	1.03
voicemail	0.22	1.30
approach	0.22	1.28
purchase	0.22	0.91
hidden	0.22	1.06
bridge	0.22	1.14
jewelry	0.22	0.87
review	0.22	1.05
turkey	0.22	0.91
properly	0.22	1.31
doctors	0.22	1.14
possessions	0.22	1.02
default	0.22	1.17
certificate	0.22	1.06
welfare	0.22	1.15
ice	0.22	0.85
dose	0.22	1.16
brand	0.22	0.88
audio	0.22	1.06
hiring	0.22	1.23
plate	0.22	0.97
serve	0.22	1.18
drew	0.22	1.15
refrain	0.22	1.11
store	0.23	1.00
enter	0.23	1.21
pocket	0.23	1.08
meantime	0.23	1.61
stepfather	0.23	1.10
confirmed	0.23	1.10
barely	0.23	1.31
ex	0.23	1.21
handed	0.23	1.00
side	0.23	1.23
find	0.23	1.69
budget	0.23	1.15
ate	0.23	0.88
concept	0.23	1.25
relation	0.23	1.00
act	0.23	0.99
walking	0.23	1.19
psychologist	0.23	1.30
niece	0.24	1.24
assisted	0.24	1.14
pays	0.24	1.09
resume	0.24	1.27
lc/nc	0.24	1.42
included	0.24	1.02
white	0.24	0.83
safely	0.24	1.25
recommended	0.24	1.37
history	0.24	1.20
screen	0.24	1.13
aunt	0.24	1.22
sandwich	0.24	0.91
train	0.24	1.10
references	0.24	0.97
nephews	0.24	1.20
bottom	0.24	1.05
presented	0.24	1.22
babysitting	0.24	1.19
focusing	0.24	1.10
knees	0.24	1.16
responded	0.24	1.36
wet	0.24	0.95
unsupervised	0.24	1.24
carry	0.24	1.03
levels	0.24	1.03
divorced	0.24	1.30
improvement	0.24	1.39
intervention	0.25	1.12
overall	0.25	1.08
dr	0.25	1.19
translation	0.25	1.10
charge	0.25	1.07
describes	0.25	1.23
flight	0.25	1.08
technically	0.25	1.21
lock	0.25	1.07
professionals	0.25	1.18
boss	0.25	1.28
buy	0.25	0.92
formal	0.25	0.95
babysit	0.25	1.23
irony	0.25	1.38
purposes	0.25	1.16
mark	0.25	1.13
comparison	0.25	1.05
paperwork	0.25	1.07
nope	0.25	1.69
sons	0.25	1.18
camp	0.25	0.97
nf	0.25	1.13
neighborhood	0.25	1.15
companies	0.25	1.15
stopping	0.25	1.14
zero	0.25	1.29
sessions	0.26	1.32
renting	0.26	1.17
federal	0.26	1.12
replied	0.26	1.61
morning	0.26	1.10
winter	0.26	0.88
kiss	0.26	1.05
characters	0.26	0.90
ties	0.26	1.19
current	0.26	1.15
children	0.26	1.22
smiling	0.26	1.02
rental	0.26	1.17
nah	0.26	1.47
behavioral	0.26	1.19
street	0.26	1.13
self-worth	0.26	1.07
c	0.26	1.23
box	0.26	1.00
olds	0.27	1.28
closer	0.27	1.37
yeah	0.27	1.70
atheist	0.27	0.98
e	0.27	1.30
flag	0.27	1.22
staff	0.27	1.16
halfway	0.27	1.03
background	0.27	1.10
minimal	0.27	1.17
papers	0.27	1.10
maternal	0.27	1.15
reminds	0.27	1.45
counts	0.27	1.47
escaped	0.27	1.21
t	0.27	1.31
toys	0.27	0.84
writes	0.27	1.43
coworker	0.27	1.24
replacement	0.27	1.06
church	0.28	1.03
voicemails	0.28	1.21
gee	0.28	1.58
shoe	0.28	1.07
typically	0.28	1.14
shopping	0.28	0.96
middle	0.28	1.09
holding	0.28	1.25
drinks	0.28	0.84
tattoo	0.28	0.86
dancing	0.28	0.89
hmm	0.28	1.69
spare	0.28	1.10
missed	0.28	1.26
teeth	0.28	1.12
suggests	0.28	1.09
points	0.28	1.37
born	0.28	1.22
intimate	0.29	1.05
passing	0.29	1.05
preparing	0.29	1.07
alternative	0.29	1.60
arrangement	0.29	1.23
no-one	0.29	1.26
atm	0.29	1.12
hat	0.29	0.88
generation	0.29	1.01
son	0.29	1.29
respond	0.29	1.35
gained	0.29	0.98
camera	0.29	1.04
boundary	0.29	1.22
replace	0.29	1.18
returned	0.29	1.13
believed	0.29	1.59
cents	0.29	1.34
internal	0.29	1.11
brains	0.29	1.01
psychologists	0.29	1.20
set	0.29	1.14
dreams	0.29	0.90
his/her	0.29	1.20
options	0.30	1.70
potential	0.30	1.06
leverage	0.30	1.18
laptop	0.30	1.01
stick	0.30	1.33
rate	0.30	1.11
wan	0.30	1.58
owned	0.30	1.04
preferably	0.30	1.09
ahead	0.30	1.46
weakness	0.30	1.19
blank	0.30	1.00
industry	0.30	1.20
possession	0.30	1.13
monthly	0.30	1.16
owning	0.30	1.15
employer	0.30	1.19
beginning	0.30	1.20
heal	0.30	1.23
kidding	0.30	1.50
doc	0.30	1.12
supplies	0.31	1.00
medical	0.31	1.14
road	0.31	1.10
minimum	0.31	1.02
limits	0.31	1.19
normally	0.31	1.13
peers	0.31	1.04
monitor	0.31	1.04
low	0.31	1.16
rid	0.31	1.09
workplace	0.31	1.19
signed	0.31	1.18
theirs	0.31	1.34
counselling	0.32	1.30
princess	0.32	0.87
local	0.32	1.13
battle	0.32	1.03
convincing	0.32	1.25
facility	0.32	1.18
odds	0.32	1.07
groceries	0.32	1.07
straight	0.32	1.14
yard	0.32	0.99
teaches	0.32	1.09
rush	0.32	1.07
contacts	0.32	1.24
settle	0.32	1.35
shots	0.32	1.10
assert	0.32	1.21
daughter	0.32	1.25
energy	0.32	1.04
presence	0.32	1.03
blocking	0.32	1.27
granted	0.32	1.14
clinic	0.32	1.17
travel	0.32	1.13
improved	0.33	1.14
games	0.33	0.73
stock	0.33	1.13
request	0.33	1.20
pages	0.33	1.16
huge	0.33	1.05
food	0.33	0.89
fitting	0.33	0.87
small	0.33	1.06
opportunities	0.33	1.14
new	0.33	1.07
film	0.33	0.99
scene	0.34	0.97
therapists	0.34	1.22
product	0.34	1.02
painted	0.34	0.82
eat	0.34	0.88
ticket	0.34	1.09
appointment	0.34	1.24
offered	0.34	1.44
allows	0.34	1.23
meet	0.34	1.28
lower	0.34	1.10
employee	0.34	1.09
fully	0.34	1.22
disability	0.34	1.08
fresh	0.34	0.94
whoa	0.34	1.23
effective	0.34	1.12
plan	0.34	1.49
lessons	0.34	1.01
feed	0.34	0.98
separated	0.34	1.20
candy	0.34	0.84
horse	0.34	0.94
social	0.35	1.10
during	0.35	1.01
decisions	0.35	1.48
cream	0.35	0.92
deciding	0.35	1.53
demands	0.35	1.10
validate	0.35	1.10
nail	0.35	1.19
machine	0.35	1.04
cover	0.35	1.13
violating	0.35	0.88
employees	0.35	1.24
scale	0.35	1.06
bill	0.35	1.18
youre	0.35	1.44
dependent	0.35	0.97
define	0.35	1.34
costs	0.35	1.17
source	0.35	1.18
each	0.35	1.19
choice	0.35	2.44
primary	0.35	1.06
systems	0.35	1.02
yea	0.35	1.62
emailed	0.36	1.35
cognitive	0.36	1.11
task	0.36	1.07
watching	0.36	0.94
backing	0.36	1.25
starving	0.36	0.93
wife	0.36	1.30
grandparents	0.36	1.19
frozen	0.36	0.92
whatnot	0.36	1.01
alternate	0.36	1.20
cheese	0.36	0.90
lights	0.36	1.01
quality	0.36	1.13
aged	0.36	1.14
tickets	0.36	1.19
plane	0.36	1.15
sole	0.36	1.10
reputation	0.36	0.94
watched	0.36	0.98
cousins	0.37	1.22
feet	0.37	1.10
mistake	0.37	2.65
birth	0.37	1.08
teaching	0.37	1.08
beneficial	0.37	1.08
wild	0.37	0.93
john	0.37	1.00
roommates	0.37	1.22
stated	0.37	1.60
open	0.37	1.14
rant	0.37	1.21
together	0.37	1.23
property	0.37	1.04
grandchildren	0.37	1.15
farm	0.37	0.96
eaten	0.38	1.13
poorly	0.38	1.09
mortgage	0.38	1.18
music	0.38	0.83
copy	0.38	1.10
fees	0.38	1.16
cousin	0.38	1.28
importance	0.38	1.05
session	0.38	1.27
reacted	0.38	1.00
average	0.38	1.09
contribute	0.38	1.09
honest	0.38	1.73
staying	0.38	1.18
chosen	0.38	1.17
bath	0.38	0.94
weekly	0.38	1.19
removed	0.38	1.14
responding	0.38	1.30
effort	0.38	1.30
contract	0.38	1.18
metal	0.39	0.95
conscience	0.39	1.14
rent	0.39	1.18
statements	0.39	1.16
choosing	0.39	1.61
hire	0.39	1.14
fil	0.39	1.16
qualified	0.39	1.28
advocate	0.39	1.08
tech	0.39	1.06
remove	0.39	1.18
rules	0.39	1.14
toy	0.39	0.95
retired	0.39	1.17
penny	0.39	1.20
advise	0.39	1.43
moral	0.39	1.17
display	0.39	1.15
copies	0.39	1.06
appearance	0.39	0.97
typing	0.40	1.28
grandparent	0.40	1.11
wonders	0.40	1.05
movie	0.40	0.93
payment	0.40	1.18
keeping	0.40	1.29
applies	0.40	1.28
focus	0.40	1.06
bills	0.40	1.15
character	0.40	0.96
foot	0.40	1.15
nurse	0.40	1.18
client	0.40	1.11
test	0.40	1.08
blocked	0.40	1.27
bil	0.40	1.20
enforce	0.40	1.11
married	0.40	1.29
anyways	0.40	1.71
beauty	0.40	0.92
assigned	0.40	1.08
credit	0.40	1.09
boyfriend	0.40	1.32
block	0.40	1.25
survival	0.40	1.08
firmly	0.41	1.39
elementary	0.41	1.07
library	0.41	1.16
permission	0.41	1.43
chicken	0.41	0.92
interactions	0.41	1.06
feeding	0.41	0.97
bread	0.41	0.88
concrete	0.41	1.25
beliefs	0.41	1.06
treats	0.41	1.81
add	0.41	1.47
understood	0.41	1.63
become	0.41	1.13
innocent	0.41	0.97
resolve	0.41	1.33
shoulder	0.41	1.07
counselors	0.42	1.22
design	0.42	1.04
miracle	0.42	1.07
comfortable	0.42	1.73
retirement	0.42	1.18
trolls	0.42	1.09
moms	0.42	1.17
opinions	0.42	1.08
banks	0.42	1.10
remarried	0.42	1.10
previous	0.42	1.30
husbands	0.42	1.17
cooked	0.42	0.88
shared	0.42	1.13
september	0.42	1.33
pregnant	0.42	1.17
con	0.42	1.04
lightly	0.42	1.16
slow	0.42	1.10
entertainment	0.42	1.04
march	0.42	1.29
soup	0.42	0.93
concentrate	0.42	1.15
female	0.42	1.09
girlfriend	0.42	1.29
chain	0.42	0.98
payments	0.42	1.14
limited	0.42	1.16
insurance	0.43	1.16
hugging	0.43	1.08
government	0.43	1.13
reassure	0.43	1.29
direct	0.43	1.19
appointments	0.43	1.16
enormous	0.43	1.02
soul	0.43	0.92
tea	0.43	0.91
expense	0.43	1.04
recommend	0.43	1.44
fancy	0.43	0.86
split	0.43	1.16
apologies	0.43	1.64
plus	0.43	1.35
blanket	0.43	0.98
weekends	0.44	1.20
nursing	0.44	1.18
birds	0.44	0.92
shelter	0.44	0.99
cookie	0.44	0.89
tested	0.44	1.06
watch	0.44	0.94
part-time	0.44	1.25
famous	0.44	0.95
tonight	0.44	1.24
violate	0.44	1.07
lists	0.44	1.12
amp	0.44	1.34
tests	0.44	1.13
benefit	0.44	1.34
rule	0.44	1.23
protection	0.44	1.01
donate	0.45	0.95
chip	0.45	0.97
treated	0.45	1.40
eh	0.45	1.40
foster	0.45	1.02
explanation	0.45	1.44
steps	0.45	1.08
bar	0.45	1.01
following	0.45	1.12
expenses	0.45	1.17
natural	0.45	0.97
supports	0.45	1.85
virgin	0.45	1.11
remaining	0.45	1.17
schooling	0.45	1.15
interaction	0.45	1.06
taxes	0.45	1.19
checking	0.45	1.11
dollar	0.45	0.99
tongue	0.45	1.13
practicing	0.45	1.02
aa	0.46	1.05
chose	0.46	1.58
mr	0.46	0.96
behave	0.46	1.00
health	0.46	1.13
hopefully	0.46	1.65
hotel	0.46	1.12
blonde	0.46	0.97
sil	0.46	1.12
bye	0.46	1.61
entry	0.46	1.11
value	0.46	1.10
security	0.46	1.08
dearest	0.47	1.10
thoughts	0.47	1.16
facade	0.47	0.99
teach	0.47	1.13
war	0.47	1.08
grin	0.47	1.19
function	0.47	1.12
therapy	0.47	1.34
gives	0.47	1.23
joint	0.47	1.12
shelters	0.47	1.03
fee	0.47	1.23
tools	0.47	1.19
dresses	0.47	0.82
winning	0.47	1.04
math	0.47	1.08
male	0.47	1.06
priority	0.47	1.15
texts	0.47	1.26
discover	0.48	1.25
clicked	0.48	1.40
advanced	0.48	0.95
ta	0.48	1.66
funds	0.48	1.13
immediate	0.48	1.16
spots	0.48	1.01
boyfriends	0.48	1.02
surprise	0.48	0.88
paid	0.48	1.31
january	0.48	1.28
option	0.48	2.49
strings	0.48	1.05
witnesses	0.48	1.03
yourselves	0.48	1.17
depend	0.48	1.08
applying	0.49	1.24
paying	0.49	1.29
improve	0.49	1.31
mode	0.49	1.16
video	0.49	0.89
stand	0.49	1.77
items	0.49	0.95
tho	0.49	1.33
recover	0.49	1.19
i.e	0.49	1.04
chat	0.49	1.38
couples	0.49	1.18
absence	0.49	1.06
grandchild	0.49	1.15
appears	0.49	0.97
follow	0.49	1.12
professional	0.49	1.25
second	0.50	1.27
deposit	0.50	1.13
hubby	0.50	1.09
pay	0.50	1.29
sun	0.50	0.90
account	0.50	1.11
lines	0.50	1.19
gf	0.50	1.19
homeschooled	0.50	1.03
stories	0.50	1.21
rest	0.50	1.08
boys	0.50	0.99
checked	0.50	1.19
settled	0.50	1.42
app	0.50	1.20
restaurant	0.50	1.01
address	0.50	1.23
distant	0.50	1.02
bonus	0.51	1.08
debt	0.51	1.25
boot	0.51	1.10
volunteering	0.51	1.06
reasonable	0.51	1.05
backup	0.51	1.19
genius	0.51	0.81
coach	0.51	1.10
item	0.51	0.99
liberating	0.51	1.71
logical	0.51	1.15
movies	0.51	0.86
problematic	0.51	1.76
patients	0.51	1.12
afternoon	0.51	1.15
ease	0.51	1.15
gym	0.51	1.01
differently	0.51	1.14
arrange	0.51	1.29
established	0.51	1.16
meals	0.51	0.98
pizza	0.51	0.91
dentist	0.51	1.17
documents	0.51	1.05
responsibilities	0.52	1.11
perfectly	0.52	1.33
former	0.52	1.19
ooh	0.52	1.42
misunderstanding	0.52	2.56
above	0.52	1.25
measure	0.52	1.19
sentiment	0.52	1.31
sports	0.52	0.83
tomorrow	0.52	1.32
neighbors	0.52	0.99
access	0.52	1.16
preferred	0.52	0.97
afford	0.52	1.22
savings	0.52	1.12
saving	0.52	1.30
benefits	0.52	1.13
bank	0.53	1.08
cash	0.53	1.12
nurses	0.53	1.12
artist	0.53	0.76
give	0.53	1.58
uh	0.53	1.69
cost	0.53	1.18
gather	0.53	0.93
filter	0.53	1.16
withdraw	0.53	1.08
temporary	0.53	1.02
nicely	0.53	1.55
dogs	0.53	0.92
passwords	0.53	1.13
separate	0.53	1.04
e.g	0.53	1.02
price	0.53	1.10
private	0.53	1.06
aunts	0.53	1.18
decision	0.53	2.32
ideal	0.53	1.85
answers	0.53	1.42
diary	0.53	1.12
expressed	0.53	1.17
techniques	0.53	1.15
sentences	0.53	1.31
advantage	0.54	1.09
english	0.54	1.28
offense	0.54	1.46
owner	0.54	0.93
visiting	0.54	1.19
bird	0.54	0.87
trip	0.54	1.06
income	0.54	1.13
accurate	0.55	1.53
interests	0.55	1.00
healing	0.55	1.08
improving	0.55	1.20
outsiders	0.55	1.22
won	0.55	1.07
saved	0.56	1.29
attached	0.56	1.07
raising	0.56	1.12
foo	0.56	1.13
adding	0.56	1.11
babies	0.56	1.02
yourself	0.56	1.42
fan	0.56	0.91
computers	0.56	0.99
arts	0.56	0.91
blue	0.56	0.81
privacy	0.56	0.98
joined	0.56	1.07
teachers	0.57	1.17
uncles	0.57	1.17
weather	0.57	0.99
friday	0.57	1.15
visits	0.57	1.07
structured	0.57	1.25
meetings	0.57	1.12
u	0.57	1.44
fiction	0.57	1.03
forgot	0.57	1.54
own	0.57	1.40
boundaries	0.57	1.19
bf	0.57	1.28
saturday	0.57	1.13
truly	0.57	1.42
coworkers	0.57	1.15
behaved	0.57	1.00
series	0.57	0.90
log	0.57	1.10
checks	0.57	1.10
research	0.57	1.18
gay	0.57	1.08
martial	0.58	0.91
professor	0.58	1.17
named	0.58	0.98
swimming	0.58	0.95
daughters	0.58	1.16
favors	0.58	1.18
dorm	0.58	1.13
notes	0.58	1.09
sufficient	0.58	1.09
vary	0.58	1.23
fix	0.58	2.33
sunday	0.58	1.13
families	0.59	1.09
accounts	0.59	1.11
grand	0.59	1.08
button	0.59	1.21
wording	0.59	1.46
um	0.59	1.64
goodbye	0.59	1.20
center	0.59	1.10
messages	0.59	1.23
science	0.59	1.08
art	0.59	0.85
pursuing	0.59	0.94
require	0.59	1.18
contributing	0.59	1.01
lurking	0.59	1.41
housing	0.59	1.17
team	0.60	0.93
error	0.60	1.80
found	0.60	1.60
trusted	0.60	1.38
establishing	0.60	1.16
army	0.60	1.12
recommendation	0.60	1.33
sign	0.60	1.12
gaining	0.60	1.05
communication	0.60	1.14
whoever	0.60	1.22
battles	0.60	1.16
studying	0.60	1.21
addressed	0.60	1.18
arrangements	0.60	1.19
application	0.60	1.09
adoption	0.60	1.09
hot	0.60	1.00
pray	0.60	1.08
military	0.60	1.13
fiancee	0.61	1.20
note	0.61	1.26
ditto	0.61	1.12
treating	0.61	1.01
inner	0.61	1.01
description	0.61	1.24
opened	0.61	1.06
money	0.61	1.19
freaking	0.61	1.58
gods	0.61	1.35
exam	0.61	1.10
promises	0.61	1.08
loan	0.61	1.16
print	0.61	1.18
cooking	0.61	1.06
strangers	0.62	0.99
pleasure	0.62	0.97
o	0.62	1.37
setting	0.62	1.27
yes	0.62	1.66
balance	0.62	1.06
fuel	0.62	1.03
roommate	0.62	1.20
poster	0.62	1.32
lunch	0.62	0.99
works	0.62	1.95
kindergarten	0.63	1.09
apology	0.63	1.59
server	0.63	1.05
delivered	0.63	1.04
emotion	0.63	1.29
fascinating	0.63	1.35
ring	0.63	1.11
fought	0.63	1.12
animals	0.63	0.93
taste	0.63	0.92
hang	0.63	1.79
seriously	0.63	1.80
service	0.63	1.14
cook	0.64	1.03
guns	0.64	1.05
paycheck	0.64	1.18
protect	0.64	1.17
breathing	0.64	1.09
yup	0.64	1.61
begun	0.64	1.15
teacher	0.64	1.19
accordingly	0.64	1.24
fafsa	0.64	1.08
draw	0.64	1.11
persons	0.64	0.98
k	0.65	1.41
employment	0.65	1.22
financially	0.65	1.03
develop	0.65	1.06
delete	0.65	1.26
given	0.65	1.56
girls	0.65	1.15
computer	0.65	1.00
painting	0.65	0.88
served	0.65	1.07
desire	0.65	1.19
omg	0.65	1.60
password	0.65	1.09
healthcare	0.65	1.18
e-mail	0.65	1.25
settings	0.65	1.16
belongs	0.65	1.10
novel	0.66	1.02
fund	0.66	1.07
aisle	0.66	0.98
counseling	0.66	1.31
king	0.66	0.97
dental	0.66	1.11
content	0.66	1.05
forgiveness	0.67	1.46
extra	0.67	1.22
available	0.67	1.15
gosh	0.67	1.57
behaving	0.67	0.91
punishment	0.67	1.05
ownership	0.67	1.02
missing	0.67	1.86
sigh	0.67	1.60
damn	0.67	1.76
status	0.67	1.09
recovery	0.67	1.04
engaged	0.67	1.14
class	0.67	1.11
partners	0.67	1.08
geez	0.67	1.51
assistance	0.67	1.20
commenting	0.67	1.22
cast	0.68	1.01
august	0.68	1.26
wrapped	0.68	1.04
ed	0.68	1.04
sticking	0.68	1.16
radio	0.68	0.98
reaching	0.68	1.35
policy	0.68	1.15
chocolate	0.68	0.88
volunteer	0.68	1.06
signs	0.68	1.26
opening	0.68	1.14
below	0.68	1.30
worded	0.68	1.03
web	0.69	1.06
irl	0.69	1.11
establish	0.69	1.11
inviting	0.69	1.38
developing	0.69	1.02
direction	0.69	1.15
distance	0.69	1.16
wrap	0.69	1.01
rescue	0.69	0.93
wrote	0.69	1.12
skills	0.69	1.11
growth	0.69	1.03
original	0.69	1.44
closest	0.69	1.13
cats	0.69	0.90
summer	0.69	1.12
loans	0.69	1.15
studies	0.69	1.06
anonymous	0.69	1.13
1st	0.69	1.19
impression	0.70	1.15
books	0.70	0.90
cbt	0.70	1.19
becoming	0.70	1.10
interview	0.70	1.22
kindly	0.70	1.11
neighbor	0.70	1.16
attended	0.70	0.99
choose	0.70	2.32
parent	0.70	1.14
someday	0.70	1.43
giving	0.70	1.36
via	0.70	1.25
engineer	0.70	0.99
expert	0.70	1.13
study	0.70	1.11
information	0.70	1.25
added	0.70	1.37
solutions	0.70	1.49
power	0.71	1.13
transfer	0.71	1.14
users	0.71	1.16
worries	0.71	1.58
folks	0.71	1.20
cancel	0.71	1.16
script	0.71	1.09
finances	0.71	1.20
managing	0.71	1.16
level	0.71	1.04
apply	0.72	1.13
shall	0.72	1.10
cloud	0.72	0.97
beach	0.72	0.98
thrive	0.72	1.04
visit	0.72	1.22
posters	0.72	1.27
animal	0.72	0.92
commenters	0.72	1.29
hmmm	0.72	1.49
appropriately	0.72	1.16
oh	0.73	1.59
whom	0.73	1.25
explore	0.73	1.24
applied	0.73	1.07
emails	0.73	1.21
organization	0.73	1.04
vet	0.73	1.00
solution	0.73	2.17
mama	0.73	1.22
grade	0.73	1.10
invitation	0.73	1.27
long-term	0.74	1.10
responses	0.74	1.11
card	0.74	1.05
compromise	0.74	1.24
maintain	0.74	1.19
grants	0.74	1.14
abroad	0.74	1.13
careful	0.74	1.21
duty	0.74	1.12
consistent	0.74	1.11
create	0.74	1.03
psychology	0.74	1.09
interest	0.74	1.35
rely	0.74	1.23
photo	0.74	1.09
clients	0.74	1.04
quote	0.75	1.19
origin	0.75	1.06
rise	0.75	1.02
tip	0.75	1.14
participate	0.75	1.18
simple	0.75	1.91
parental	0.75	1.10
2nd	0.75	1.13
incapable	0.75	1.15
monday	0.76	1.18
hugged	0.76	1.52
tuition	0.76	1.15
thread	0.76	1.21
regards	0.76	1.12
videos	0.76	0.93
financial	0.76	1.10
pc	0.76	0.96
aid	0.76	1.10
junior	0.76	1.04
po	0.76	1.09
mothers	0.76	1.11
medium	0.76	1.02
heh	0.76	1.54
practice	0.76	1.07
email	0.77	1.21
trans	0.77	1.06
objective	0.77	1.18
date	0.77	1.13
crush	0.77	1.07
net	0.77	0.98
investment	0.77	1.19
skype	0.77	1.24
appearances	0.77	0.94
joining	0.78	1.07
journal	0.78	1.04
schools	0.78	1.08
save	0.78	1.29
3rd	0.78	1.17
personal	0.78	1.09
training	0.79	1.09
cat	0.79	0.92
text	0.79	1.22
evening	0.79	1.12
event	0.79	1.03
desires	0.79	1.04
finished	0.79	1.28
sanity	0.79	1.21
marrying	0.79	1.14
round	0.80	1.04
studied	0.80	1.06
basic	0.80	1.03
data	0.80	1.16
banned	0.80	1.18
info	0.80	1.20
apple	0.80	0.94
cheaper	0.80	1.13
human	0.80	0.96
deleted	0.80	1.22
exercise	0.80	0.95
cookies	0.80	0.90
december	0.80	1.27
keep	0.81	1.22
bat	0.81	1.05
scholarships	0.81	1.13
outcome	0.81	1.95
regard	0.81	1.04
pet	0.82	0.93
members	0.82	1.10
young	0.82	1.06
guide	0.82	0.92
user	0.82	1.17
master	0.82	1.06
spring	0.82	1.10
breakfast	0.82	0.95
raise	0.82	1.11
explains	0.82	1.11
forgiving	0.82	1.37
classes	0.82	1.08
check	0.83	1.15
dog	0.83	0.91
marry	0.83	1.06
fourth	0.83	1.11
drawing	0.83	0.98
knowledge	0.83	1.18
degrees	0.83	0.98
motivated	0.83	1.22
double	0.83	1.07
well-being	0.83	1.15
troll	0.83	1.07
build	0.83	1.08
tremendously	0.83	1.09
circumstance	0.83	1.21
title	0.84	1.21
attracted	0.84	1.07
plans	0.84	1.36
structure	0.84	1.10
escape	0.84	1.92
humanity	0.84	0.91
meditation	0.84	1.12
performance	0.84	0.99
estranged	0.85	1.10
huh	0.85	1.63
write	0.85	1.11
interviews	0.85	1.19
protecting	0.85	1.12
deleting	0.85	1.24
pictures	0.85	1.11
recipe	0.85	0.90
trust	0.86	1.76
soft	0.86	0.95
trusting	0.86	1.14
anyhow	0.86	1.12
speech	0.86	0.94
woman	0.86	0.97
step	0.86	1.07
vacation	0.86	1.06
ya	0.86	1.57
supply	0.86	1.14
professors	0.86	1.14
mobile	0.86	1.40
significant	0.86	0.98
luckily	0.86	1.50
dated	0.86	1.17
manner	0.86	0.98
comment	0.86	1.20
happily	0.87	1.01
dress	0.87	0.80
silver	0.87	1.02
women	0.87	1.07
field	0.87	1.20
agreeing	0.87	1.17
mods	0.88	1.20
daddy	0.88	1.11
pointing	0.88	2.10
meal	0.88	0.96
relative	0.88	1.17
letter	0.88	1.18
clever	0.88	1.01
blessing	0.88	1.07
requires	0.88	1.13
beings	0.88	0.91
groups	0.88	1.07
reverse	0.88	1.90
handling	0.89	1.16
grandkids	0.89	1.02
reliable	0.89	1.16
labor	0.89	1.08
route	0.89	2.19
favor	0.89	1.36
realistic	0.89	1.83
returning	0.89	1.13
skill	0.89	1.02
dating	0.89	1.13
relatives	0.89	1.19
member	0.89	1.04
creating	0.90	0.99
tag	0.90	1.16
star	0.90	0.93
maintaining	0.90	1.12
girlfriends	0.90	1.13
foundation	0.90	1.00
letters	0.90	1.12
venue	0.90	1.06
oops	0.91	1.38
model	0.91	1.05
stronger	0.91	1.27
fb	0.91	1.21
fishing	0.91	1.12
lifestyle	0.91	1.06
threads	0.91	1.22
message	0.91	1.22
connection	0.91	0.97
channel	0.91	0.89
cared	0.92	1.52
bonding	0.92	1.16
tv	0.92	0.87
space	0.92	1.10
baby	0.93	1.12
santa	0.93	1.01
sincere	0.93	1.53
mod	0.93	1.19
path	0.93	1.19
guest	0.93	1.01
extended	0.93	1.11
showed	0.93	1.35
bragging	0.93	1.01
validated	0.93	1.42
safer	0.94	1.31
provided	0.94	1.22
facebook	0.94	1.19
efforts	0.94	1.31
listened	0.94	1.58
hah	0.94	1.56
supposedly	0.94	1.57
profession	0.95	1.01
charity	0.95	0.98
faith	0.95	0.97
non	0.95	1.01
search	0.95	1.25
seek	0.96	1.41
posts	0.96	1.17
worthwhile	0.96	1.65
pursue	0.96	1.12
independently	0.96	1.05
grades	0.97	1.08
valuable	0.97	0.97
lack	0.97	1.14
gt	0.97	1.68
sought	0.97	1.34
reference	0.97	1.11
men	0.97	1.07
respecting	0.97	0.98
courses	0.97	1.08
provide	0.97	1.31
grow	0.97	1.10
adults	0.97	1.05
yikes	0.97	1.68
tree	0.97	0.98
spend	0.97	1.02
qualify	0.98	1.13
blog	0.98	1.04
4th	0.98	1.08
google	0.98	1.15
spouse	0.98	1.35
group	0.98	1.07
click	0.98	1.24
programs	0.98	1.14
immensely	0.98	1.12
needing	0.98	1.43
written	0.98	1.15
stay	0.99	1.41
belong	0.99	1.14
boy	0.99	1.19
career	0.99	1.09
mail	1.00	1.12
student	1.00	1.12
harmless	1.00	1.41
material	1.00	1.02
cynical	1.00	1.14
activities	1.00	0.99
subreddits	1.00	1.18
remain	1.00	1.23
planned	1.00	1.12
subreddit	1.00	1.19
dear	1.00	1.35
season	1.01	0.85
attachment	1.01	1.03
students	1.01	1.11
gain	1.01	1.08
elsewhere	1.01	1.25
profile	1.01	1.13
read	1.01	1.14
campus	1.02	1.13
succeed	1.02	1.10
picture	1.02	1.09
adult	1.02	1.04
abilities	1.02	0.98
treatment	1.02	1.18
ultimately	1.02	2.12
youtube	1.03	1.02
gold	1.03	0.94
statement	1.03	1.87
relax	1.03	1.05
precious	1.03	0.98
detailed	1.03	1.19
garden	1.03	1.03
education	1.03	1.09
author	1.03	1.05
safety	1.03	1.09
join	1.04	1.06
mil	1.04	1.15
acquaintances	1.04	1.07
encouraged	1.04	1.38
skip	1.04	1.06
host	1.04	0.96
seeking	1.04	1.39
perspective	1.05	1.17
section	1.05	1.05
individuals	1.05	0.91
remorse	1.05	1.44
confidence	1.05	1.16
honor	1.05	1.02
sends	1.05	1.12
sources	1.05	1.11
illusion	1.06	1.24
environment	1.06	0.99
vote	1.06	1.20
stepping	1.06	1.28
sent	1.06	1.17
amazon	1.06	1.08
vent	1.06	1.26
page	1.06	1.15
rich	1.06	0.96
reading	1.07	1.13
mommy	1.07	1.52
posted	1.07	1.26
national	1.07	1.06
subs	1.07	1.17
ha	1.07	1.55
planning	1.07	1.08
assertive	1.08	1.11
colleges	1.08	1.10
connections	1.08	1.10
finish	1.08	1.23
searching	1.08	1.19
guests	1.08	1.02
lame	1.08	1.27
assuming	1.09	2.05
connected	1.09	1.13
marriage	1.09	1.04
third	1.09	1.11
resolution	1.09	1.27
shown	1.09	1.53
online	1.09	1.12
bond	1.10	1.10
helping	1.10	1.38
healthier	1.10	1.21
active	1.10	1.05
suggestion	1.10	1.48
amen	1.10	1.38
attending	1.10	1.05
quiet	1.10	1.07
clarify	1.10	1.56
secondly	1.11	1.14
care	1.11	1.68
freely	1.11	1.06
send	1.11	1.15
book	1.11	1.02
honey	1.11	1.45
ability	1.12	1.17
photos	1.12	1.02
rational	1.12	1.07
activity	1.12	0.92
spending	1.12	1.06
honeymoon	1.12	1.02
n-supply	1.12	1.16
ones	1.13	1.31
goal	1.13	1.06
return	1.13	1.11
closure	1.13	1.26
sidebar	1.14	1.17
sake	1.14	1.15
spite	1.14	0.91
depth	1.14	1.14
club	1.14	1.08
embrace	1.15	1.00
reception	1.15	1.00
ahh	1.15	1.50
site	1.15	1.13
attend	1.15	1.03
pics	1.15	1.10
accepting	1.16	1.08
survive	1.16	1.19
sincerely	1.16	1.08
sites	1.17	1.10
acknowledgement	1.17	1.61
substitute	1.17	0.97
linked	1.17	1.17
husband	1.17	1.21
built	1.17	1.07
ideas	1.17	1.12
therapeutic	1.17	1.19
ensure	1.18	0.99
goals	1.18	0.99
lean	1.18	1.52
met	1.18	1.34
degree	1.18	1.09
tasks	1.18	1.12
romantic	1.18	0.99
announced	1.19	1.23
package	1.19	1.02
fortunately	1.19	1.11
outlet	1.19	0.96
clarity	1.19	1.18
civil	1.20	1.05
program	1.20	1.05
paragraph	1.20	1.36
reddit	1.20	1.22
post	1.20	1.21
cute	1.20	1.06
high	1.20	1.07
guidance	1.21	1.31
smarter	1.21	1.09
media	1.21	1.10
engineering	1.21	1.06
talent	1.21	0.89
received	1.21	1.20
helped	1.21	1.32
killed	1.21	1.56
karma	1.21	0.99
r/raisedbynarcissists	1.22	1.24
school	1.22	1.08
highschool	1.22	1.10
shows	1.22	1.20
correctly	1.22	1.90
angel	1.22	1.06
doll	1.22	0.88
freshman	1.23	1.10
lacking	1.23	1.10
resources	1.23	1.17
clarification	1.23	1.48
pie	1.23	0.85
firm	1.23	1.14
practical	1.23	1.15
promise	1.24	1.64
exchange	1.24	0.98
gathering	1.24	0.94
formatting	1.24	1.57
edited	1.24	1.57
neutral	1.24	1.00
sacrifice	1.24	1.15
op	1.25	1.43
sub	1.25	1.21
owe	1.25	1.83
dude	1.25	1.70
response	1.25	1.31
family	1.25	1.05
building	1.25	1.06
vacations	1.25	0.99
grown	1.26	1.06
deserves	1.26	1.49
place	1.26	1.17
offering	1.26	1.26
hobby	1.26	0.87
websites	1.27	1.07
phd	1.27	1.08
friends	1.27	1.09
offers	1.27	1.14
individual	1.28	0.95
assumptions	1.28	2.09
alright	1.28	1.63
chill	1.28	1.02
links	1.29	1.13
ceremony	1.29	1.00
happiest	1.29	1.66
forum	1.29	1.23
replying	1.29	1.36
nurture	1.30	0.96
weekend	1.30	1.12
bright	1.30	0.85
cancelled	1.30	1.03
takes	1.30	1.19
delivery	1.30	1.10
nailed	1.31	1.65
corrected	1.31	2.26
cathartic	1.31	1.13
senior	1.31	1.08
commitment	1.31	1.12
writing	1.31	1.04
forums	1.31	1.15
ground	1.31	1.14
sweetie	1.31	1.41
excited	1.32	1.73
greater	1.32	1.05
hobbies	1.32	0.89
motivation	1.32	1.17
guy	1.33	1.09
meaningful	1.33	1.11
words	1.33	1.20
harry	1.34	1.20
headed	1.34	1.17
amazed	1.35	1.54
weddings	1.35	1.00
buddy	1.35	1.31
tradition	1.35	0.98
relationships	1.36	1.00
friendships	1.36	1.06
interesting	1.36	1.47
capacity	1.36	1.17
compliments	1.36	1.22
wow	1.36	1.70
non-n	1.37	1.06
friend	1.37	1.85
grammar	1.37	2.08
yep	1.37	1.72
forward	1.37	1.06
cake	1.38	0.89
wedding	1.39	0.95
link	1.39	1.17
based	1.39	1.89
hs	1.39	1.09
gifted	1.39	0.98
independence	1.40	1.00
pm	1.40	1.44
overcome	1.40	1.19
awareness	1.41	1.10
providing	1.41	1.13
uni	1.42	1.09
external	1.42	1.18
day	1.42	1.04
spell	1.43	2.09
privilege	1.43	1.07
functioning	1.43	0.97
tips	1.44	1.12
importantly	1.44	0.99
scholarship	1.44	1.05
provides	1.44	1.19
article	1.45	1.09
accepted	1.46	1.46
graduate	1.46	1.15
kitty	1.46	0.96
hello	1.46	1.38
calm	1.47	1.07
sensitive	1.47	1.35
graduated	1.47	1.12
alive	1.47	1.49
independent	1.47	1.04
neat	1.48	1.29
assumption	1.48	1.81
journey	1.48	1.04
lol	1.48	1.73
secure	1.49	1.06
puppy	1.49	0.96
fixed	1.49	2.11
college	1.50	1.07
semester	1.50	1.08
network	1.50	1.06
supposed	1.50	1.64
close	1.50	1.65
haha	1.50	1.69
spot	1.51	1.62
self-awareness	1.52	1.12
nicer	1.52	1.48
relationship	1.52	1.04
articles	1.53	1.05
spelling	1.53	2.12
equal	1.53	1.09
sentence	1.54	1.91
easter	1.54	0.97
here	1.54	1.20
girl	1.54	1.10
ah	1.55	1.72
genuinely	1.55	1.22
venting	1.55	1.12
escaping	1.55	1.11
flowers	1.57	0.87
expensive	1.57	1.47
university	1.57	1.06
hahaha	1.58	1.67
joy	1.59	0.85
ending	1.59	1.48
positive	1.60	0.95
reply	1.60	1.28
accomplish	1.60	1.18
website	1.60	1.09
cards	1.61	1.00
dinners	1.61	1.00
confirmation	1.61	1.13
pets	1.62	1.40
sound	1.62	1.26
treat	1.63	1.30
determined	1.63	1.21
username	1.64	1.35
confirm	1.64	1.67
partner	1.65	1.04
unique	1.65	0.92
validating	1.65	1.18
brag	1.65	0.89
dinner	1.66	0.98
offer	1.67	1.23
stability	1.68	0.98
show	1.68	1.75
sympathy	1.69	1.29
nicest	1.69	1.32
person	1.70	1.01
xd	1.70	1.66
relatively	1.71	1.22
academic	1.72	0.94
advice	1.72	1.27
satisfaction	1.74	1.10
reminder	1.74	1.10
fellow	1.75	1.19
solid	1.75	1.07
useful	1.76	1.05
greatly	1.77	1.07
posting	1.77	1.21
bet	1.77	1.70
rbn	1.77	1.13
invite	1.78	1.00
fist	1.78	1.51
revenge	1.78	1.30
competent	1.79	1.00
gifts	1.79	0.98
updates	1.79	1.11
comfort	1.79	1.06
hug	1.79	1.23
helps	1.79	1.19
justice	1.81	0.97
desperately	1.81	1.64
epic	1.81	1.34
occasion	1.82	0.96
supported	1.82	1.24
enjoyed	1.82	0.96
hi	1.83	1.25
typed	1.84	1.85
edit	1.85	1.86
suggestions	1.85	1.16
base	1.85	1.60
powerful	1.85	1.33
maturity	1.86	1.00
compliment	1.86	0.95
p	1.87	1.62
respected	1.88	1.28
despite	1.88	1.13
gift	1.88	0.93
replies	1.88	1.17
happier	1.88	1.46
ruin	1.89	1.02
resource	1.90	1.08
reasonably	1.90	0.97
pat	1.91	1.02
decent	1.91	1.20
today	1.91	1.36
bride	1.92	0.85
attractive	1.92	0.94
handled	1.93	1.27
parties	1.93	0.97
safe	1.93	1.29
presents	1.94	0.98
capable	1.95	0.94
mate	1.96	1.19
future	1.96	1.56
validation	1.96	1.33
cool	1.97	1.48
lady	1.98	1.05
bless	1.98	1.11
reward	1.98	0.93
community	1.99	1.03
educated	1.99	1.04
invited	1.99	0.98
happiness	1.99	0.98
helpful	1.99	1.12
relaxed	2.00	1.44
thrilled	2.00	1.14
hey	2.01	1.52
reassurance	2.01	1.20
stranger	2.02	1.10
constructive	2.02	0.97
protected	2.02	1.20
sending	2.03	1.05
grace	2.04	0.95
proper	2.04	1.42
grad	2.05	1.03
aww	2.05	1.25
friendship	2.05	1.51
receiving	2.06	1.21
genuine	2.06	1.60
showing	2.06	1.69
supporting	2.06	0.86
polenicus	2.07	1.18
aw	2.07	1.43
achieve	2.09	0.90
peace	2.09	1.03
intelligence	2.10	0.89
articulate	2.10	1.15
present	2.10	1.01
indeed	2.10	1.47
life	2.11	1.57
ruined	2.12	1.00
rock	2.12	1.34
in-laws	2.13	0.94
finishing	2.13	1.06
eve	2.15	1.02
hero	2.15	1.25
feedback	2.16	1.02
concern	2.17	1.61
goodness	2.18	1.31
wisdom	2.18	0.99
attention	2.18	1.57
party	2.19	0.97
input	2.19	1.05
relaxing	2.19	1.24
anniversary	2.19	1.03
guts	2.19	0.95
sympathetic	2.19	0.99
deserved	2.20	1.43
creative	2.21	0.89
fulfilling	2.21	1.22
ruining	2.22	1.35
blast	2.22	1.07
achieved	2.23	1.03
productive	2.24	1.33
encouraging	2.24	1.01
ladies	2.25	1.21
xmas	2.25	0.98
pride	2.25	0.87
mature	2.25	0.92
enjoying	2.25	1.15
man	2.26	1.32
receive	2.26	1.49
internet	2.26	1.11
pregnancy	2.27	0.93
crave	2.27	1.65
insight	2.28	1.04
surround	2.28	0.86
adore	2.28	1.18
empathy	2.28	1.53
adorable	2.29	1.23
appreciation	2.31	1.71
gratitude	2.32	1.66
successes	2.32	0.92
survivor	2.32	0.95
honesty	2.32	1.37
surrounded	2.32	1.17
spirit	2.33	0.86
hugs	2.34	1.29
polite	2.34	1.28
pleasant	2.35	1.22
acceptance	2.35	1.55
worthy	2.35	1.41
masters	2.35	0.97
mutual	2.36	1.42
lt	2.36	1.34
ps	2.36	1.03
upvote	2.38	1.41
respect	2.40	1.50
christmas	2.40	0.97
approval	2.41	1.55
reassuring	2.42	1.12
achievements	2.42	0.91
free	2.45	1.26
praise	2.46	1.51
special	2.46	0.74
compassion	2.46	1.54
earn	2.46	1.53
appreciated	2.46	0.93
wise	2.47	0.97
patient	2.47	0.96
fun	2.47	1.22
birthdays	2.48	0.94
understanding	2.49	0.91
respectful	2.49	0.98
writer	2.50	1.16
thanksgiving	2.50	0.97
engagement	2.50	0.84
functional	2.51	1.15
holidays	2.51	0.97
progress	2.51	0.87
birthday	2.52	0.95
update	2.52	1.06
deserving	2.53	1.42
recognition	2.54	1.52
healthy	2.54	1.11
survived	2.54	1.07
thanks	2.57	1.28
success	2.57	0.84
confident	2.58	1.09
consideration	2.59	1.42
grateful	2.60	1.05
guys	2.60	1.28
appreciate	2.60	0.98
affection	2.61	1.58
nurturing	2.63	0.84
gentle	2.63	0.92
warm	2.63	1.16
stable	2.63	1.18
surviving	2.66	0.88
accomplishments	2.69	0.88
wish	2.69	1.16
thankful	2.70	1.17
patience	2.71	1.14
support	2.72	1.16
charming	2.73	1.08
kind	2.73	1.08
sane	2.74	0.98
impressive	2.76	1.13
encouragement	2.76	1.13
empathetic	2.76	0.89
kindness	2.77	1.37
welcome	2.79	1.18
strength	2.80	0.88
delicious	2.82	1.07
graduation	2.83	0.84
unconditional	2.84	1.35
sharing	2.84	1.19
amazingly	2.84	1.01
compassionate	2.84	0.88
unconditionally	2.87	1.02
intelligent	2.88	0.84
impressed	2.90	1.19
beautifully	2.90	1.19
friendly	2.90	1.10
thank	2.92	1.16
celebration	2.92	0.83
earned	2.93	1.01
peaceful	2.95	1.03
standing	2.95	1.09
great	2.95	0.97
updated	2.98	1.10
caring	3.01	0.94
accomplished	3.01	1.00
gorgeous	3.01	0.98
upcoming	3.01	0.80
holiday	3.01	1.14
hope	3.02	1.00
deserve	3.03	0.98
luck	3.03	1.03
successful	3.03	0.87
graduating	3.03	0.83
lucky	3.07	1.14
enjoy	3.10	0.88
insightful	3.11	0.95
rooting	3.12	0.97
loving	3.12	0.93
generous	3.13	0.95
talented	3.13	0.87
smart	3.14	0.91
glad	3.18	0.90
achievement	3.18	0.74
wishes	3.18	0.89
analogy	3.18	1.10
freedom	3.20	0.81
courage	3.24	0.89
wishing	3.26	0.85
brilliant	3.28	0.96
merry	3.28	0.91
thoughtful	3.29	0.86
admire	3.29	1.01
btw	3.32	0.96
cheers	3.33	0.92
fortunate	3.35	0.91
exciting	3.38	0.74
dedicated	3.38	0.97
supportive	3.45	0.89
p.s	3.45	0.89
incredible	3.46	0.85
sweet	3.49	0.89
strong	3.51	0.90
celebrating	3.53	0.81
excellent	3.59	0.88
foc	3.60	0.82
celebrate	3.62	0.73
kudos	3.65	0.83
yay	3.67	0.76
brave	3.71	0.81
victory	3.73	0.73
accomplishment	3.80	0.69
news	3.86	0.60
beautiful	3.86	0.56
wonderful	3.87	0.55
lovely	3.89	0.60
proud	3.96	0.57
congratulations	4.03	0.54
congrats	4.04	0.54
