quality	-4.20	1.49
poor	-4.14	1.54
shitty	-3.92	1.83
ugh	-3.81	1.57
positive	-3.72	2.38
crappy	-3.70	1.81
ink	-3.69	1.65
gross	-3.62	1.57
idk	-3.61	1.57
nothing	-3.60	2.43
special	-3.52	2.42
negative	-3.49	2.40
reaction	-3.45	2.41
strange	-3.39	1.65
expressions	-3.37	1.49
wonder	-3.28	1.63
rid	-3.27	2.22
unflattering	-3.24	1.84
distracting	-3.22	2.17
uggo	-3.19	2.40
trashy	-3.16	1.80
fix	-3.16	1.74
hand	-3.10	1.60
lighting	-3.08	1.76
leave	-3.06	1.72
burn	-3.06	1.68
grain	-3.04	1.53
nature	-2.92	1.63
awkward	-2.91	1.42
sucks	-2.91	1.69
angle	-2.90	1.73
nsfw	-2.89	1.77
feeling	-2.89	1.53
chose	-2.88	1.57
stretch	-2.87	1.77
harder	-2.86	1.69
only	-2.85	2.60
beards	-2.84	1.68
insecure	-2.79	1.75
earrings	-2.78	1.96
error	-2.78	1.97
fox	-2.77	1.70
itself	-2.74	1.40
filter	-2.74	1.80
worry	-2.73	2.50
weird	-2.70	1.72
piercings	-2.69	2.38
silly	-2.69	1.59
complain	-2.68	2.45
odd	-2.67	1.70
stands	-2.67	2.16
ridiculous	-2.63	2.00
rings	-2.60	2.23
fire	-2.58	1.73
telling	-2.57	1.74
smoke	-2.55	1.84
ps	-2.55	1.75
worried	-2.55	2.25
due	-2.53	1.82
there	-2.53	2.48
excuse	-2.52	1.56
shoot	-2.52	1.74
waiting	-2.51	1.94
generally	-2.50	1.66
remove	-2.49	2.07
meh	-2.49	1.75
angry	-2.48	1.59
dirty	-2.48	1.92
concerned	-2.48	2.27
septum	-2.47	2.37
regret	-2.44	1.85
ring	-2.44	2.32
gon	-2.43	1.95
somehow	-2.43	1.55
ear	-2.43	2.31
depressed	-2.41	1.85
5.5	-2.41	2.22
gauges	-2.39	2.32
mark	-2.37	1.81
piercing	-2.37	2.34
about	-2.36	2.44
still	-2.36	2.22
downvoted	-2.34	1.97
5	-2.33	2.29
forever	-2.33	1.66
choices	-2.32	1.55
ditch	-2.31	2.09
massive	-2.31	1.55
theres	-2.28	2.31
assholes	-2.27	1.96
shave	-2.26	2.09
something	-2.26	2.70
cunt	-2.25	1.88
ignore	-2.25	2.05
happened	-2.25	2.14
immature	-2.24	1.76
downvotes	-2.24	1.98
sound	-2.22	1.93
counts	-2.21	1.89
haters	-2.21	2.08
fan	-2.20	2.41
scary	-2.18	1.63
truth	-2.18	1.70
anything	-2.16	2.66
common	-2.14	1.80
bitchy	-2.14	1.71
issue	-2.13	2.14
tattoo	-2.12	2.06
except	-2.06	2.29
thing	-2.06	2.50
reality	-2.05	1.75
necessarily	-2.05	2.38
yep	-2.05	1.81
flattering	-2.04	2.30
resting	-2.04	1.77
miss	-2.04	1.62
class	-2.00	1.82
particular	-2.00	2.11
doing	-2.00	2.63
can	-1.98	2.34
everything	-1.97	2.61
remarkable	-1.95	2.35
missing	-1.94	2.22
sucking	-1.94	1.82
mind	-1.93	2.06
camera	-1.91	1.28
dreads	-1.90	1.58
sure	-1.89	2.49
born	-1.88	2.31
general	-1.86	2.04
heard	-1.84	2.28
ever	-1.83	2.42
nor	-1.82	1.55
filters	-1.81	1.22
matters	-1.81	2.40
cold	-1.80	1.72
atleast	-1.79	1.64
eyebrow	-1.79	1.83
what	-1.79	2.73
angles	-1.79	1.23
greatest	-1.78	2.52
going	-1.77	2.60
means	-1.77	2.61
s	-1.75	2.78
holding	-1.74	2.34
potato	-1.73	1.10
4	-1.73	2.23
stunner	-1.73	1.83
tattoos	-1.71	2.38
point	-1.70	2.47
fight	-1.68	2.40
bad	-1.68	2.57
seen	-1.67	2.46
dislike	-1.67	2.28
else	-1.66	2.72
form	-1.66	1.93
where	-1.66	2.40
right	-1.63	2.56
minimum	-1.63	1.78
those	-1.62	2.04
biggest	-1.61	1.92
myspace	-1.60	1.23
reason	-1.60	1.61
clearly	-1.56	2.45
helping	-1.55	1.10
blurry	-1.54	1.93
duck	-1.54	1.01
karma	-1.53	1.52
bullshit	-1.51	1.95
self-conscious	-1.51	1.31
pose	-1.51	1.03
stupid	-1.50	1.05
choice	-1.48	0.92
phone	-1.48	1.00
0/10	-1.46	1.98
lip	-1.42	1.73
tats	-1.41	2.34
dumb	-1.41	0.90
taking	-1.41	0.91
disgusting	-1.41	1.18
taken	-1.38	1.19
curious	-1.38	1.56
instagram	-1.34	1.13
thinking	-1.34	1.26
prettiest	-1.32	2.72
6	-1.32	1.93
emma	-1.31	1.67
forget	-1.30	1.31
cry	-1.29	2.24
fancy	-1.27	1.05
conscious	-1.27	1.27
talking	-1.26	1.43
lie	-1.25	1.01
sooo	-1.25	1.95
known	-1.24	1.09
always	-1.24	1.41
lame	-1.23	0.90
stud	-1.23	1.54
interesting	-1.22	1.96
listen	-1.22	1.22
grainy	-1.21	1.18
explain	-1.20	1.29
disagree	-1.20	2.03
youtube	-1.19	2.40
imho	-1.19	1.89
understand	-1.18	1.63
however	-1.18	2.53
selfies	-1.18	1.11
saying	-1.17	1.61
childish	-1.17	0.90
filtered	-1.16	1.04
highest	-1.16	2.59
offended	-1.16	1.29
far	-1.15	2.61
poses	-1.14	0.91
favorite	-1.14	3.05
single	-1.13	1.16
selfie	-1.11	1.19
fourth	-1.10	3.04
tired	-1.10	0.87
anyone	-1.10	1.69
noticed	-1.09	1.38
trim	-1.08	1.08
posing	-1.07	0.91
constantly	-1.07	0.82
referring	-1.07	1.18
felt	-1.06	0.93
bland	-1.05	1.31
hottest	-1.05	2.46
dog	-1.05	2.08
personally	-1.05	2.19
first	-1.04	3.00
favourite	-1.04	3.00
3rd	-1.04	3.02
yours	-1.03	2.15
per	-1.02	1.01
third	-1.01	2.99
4th	-1.01	3.01
5th	-1.01	2.91
trying	-1.01	1.42
idea	-1.01	1.65
effect	-1.01	1.03
beer	-1.00	0.74
describe	-1.00	2.00
question	-1.00	1.13
wondering	-0.99	1.37
things	-0.98	1.50
bother	-0.98	1.42
2nd	-0.97	2.98
ears	-0.97	1.56
shallow	-0.97	0.83
aware	-0.97	1.31
respond	-0.97	0.90
self	-0.97	0.91
digging	-0.96	2.11
creepy	-0.96	0.92
expression	-0.96	0.99
particularly	-0.96	1.22
favors	-0.95	1.61
expecting	-0.94	1.16
self-esteem	-0.94	0.78
faces	-0.94	0.91
obvious	-0.93	1.06
worrying	-0.93	1.41
angled	-0.92	1.07
minus	-0.91	1.17
usually	-0.91	2.10
asshole	-0.91	0.86
ive	-0.90	1.14
sunglasses	-0.90	1.49
am	-0.90	1.28
problems	-0.89	1.31
pixie	-0.89	1.32
why	-0.89	1.70
exact	-0.89	0.99
allowed	-0.89	1.15
tat	-0.88	1.42
metal	-0.88	1.47
na	-0.88	1.24
blame	-0.88	1.12
considered	-0.87	1.14
stress	-0.87	1.30
annoying	-0.85	0.88
pic	-0.85	2.92
grow	-0.85	1.20
lately	-0.85	0.89
scared	-0.85	0.85
mirror	-0.85	0.96
missed	-0.84	0.93
plenty	-0.84	1.22
expert	-0.84	1.14
bored	-0.84	0.93
improvements	-0.82	1.15
notice	-0.82	1.34
no	-0.82	1.94
bc	-0.81	1.02
matter	-0.81	1.90
dunno	-0.81	0.99
exactly	-0.81	1.88
clue	-0.80	1.36
dont	-0.80	1.55
downvote	-0.80	1.08
wait	-0.80	1.09
removed	-0.79	1.20
scruff	-0.79	1.16
idiot	-0.79	0.74
agree	-0.78	1.29
photo	-0.78	2.37
position	-0.78	0.97
anymore	-0.78	1.39
gone	-0.78	0.97
how	-0.78	1.72
confused	-0.77	1.18
helps	-0.77	1.96
everyone	-0.77	1.67
regarding	-0.77	0.95
write	-0.76	1.16
dig	-0.76	2.19
wo	-0.76	1.36
know	-0.76	1.80
tongue	-0.75	1.34
since	-0.75	1.43
esteem	-0.75	0.89
country	-0.75	1.05
we	-0.75	1.42
goal	-0.74	1.16
judge	-0.74	1.04
decided	-0.74	1.07
whore	-0.74	0.93
here	-0.74	1.31
having	-0.74	0.88
stache	-0.74	1.21
sub	-0.74	0.95
consensus	-0.74	0.96
insult	-0.74	0.95
people	-0.73	1.28
surprised	-0.73	1.26
deleted	-0.73	0.97
jokes	-0.73	0.79
goofy	-0.73	0.94
skills	-0.73	0.95
upset	-0.72	1.07
tonight	-0.72	0.77
took	-0.71	1.14
option	-0.71	1.07
photographer	-0.71	0.88
shaving	-0.71	1.18
lack	-0.71	0.93
issues	-0.71	1.09
fashion	-0.70	0.88
fear	-0.70	0.85
retarded	-0.70	0.99
happen	-0.70	1.25
anybody	-0.70	1.46
loose	-0.70	1.26
problem	-0.70	1.48
wanted	-0.69	1.23
seeing	-0.69	1.10
unless	-0.69	1.06
growing	-0.69	1.11
rated	-0.69	1.04
commented	-0.69	1.19
someone	-0.68	1.57
covering	-0.68	0.99
improve	-0.68	1.18
mean	-0.68	1.74
photos	-0.68	1.33
mistake	-0.68	0.92
everybody	-0.68	1.37
tried	-0.68	0.98
college	-0.67	0.81
smell	-0.67	0.80
making	-0.67	0.92
moustache	-0.67	1.12
never	-0.67	1.27
surgery	-0.67	0.87
choose	-0.67	1.00
ways	-0.67	1.25
handle	-0.66	0.84
thats	-0.66	1.47
rude	-0.66	0.97
neckbeard	-0.66	0.78
learned	-0.66	1.02
running	-0.66	1.08
fixed	-0.66	0.88
gotten	-0.66	1.26
case	-0.65	1.31
kill	-0.65	1.92
creep	-0.65	0.70
provided	-0.65	0.88
treat	-0.65	0.85
left	-0.65	2.41
had	-0.65	1.26
thread	-0.65	1.08
subreddits	-0.64	0.90
change	-0.64	1.30
offense	-0.64	0.94
told	-0.64	1.08
cant	-0.64	1.06
wearing	-0.64	1.20
flaw	-0.64	1.26
met	-0.64	1.34
myself	-0.63	1.21
lose	-0.63	1.17
ouch	-0.63	0.76
glass	-0.63	0.74
mustache	-0.63	1.21
jealous	-0.63	1.88
mentioned	-0.63	1.08
1st	-0.62	2.69
decide	-0.62	1.27
salt	-0.62	0.91
last	-0.62	2.63
prove	-0.62	1.14
marks	-0.62	1.10
promise	-0.62	0.85
text	-0.61	0.84
pointed	-0.61	1.14
fact	-0.61	1.19
trouble	-0.61	1.22
hurt	-0.61	1.14
bangs	-0.61	1.41
expect	-0.61	1.19
slight	-0.61	0.96
depends	-0.61	1.05
meant	-0.60	1.33
been	-0.60	1.31
opposite	-0.60	1.01
beard	-0.60	1.12
major	-0.60	0.85
finally	-0.60	0.77
message	-0.60	0.95
themselves	-0.60	1.02
one	-0.60	2.47
spent	-0.60	0.79
manage	-0.59	1.01
tell	-0.59	1.46
reasons	-0.59	1.21
ve	-0.59	1.28
realize	-0.59	1.14
others	-0.59	1.54
places	-0.59	1.24
boring	-0.59	1.04
replies	-0.59	1.11
cause	-0.59	1.06
immediately	-0.59	0.99
besides	-0.59	1.04
today	-0.58	0.81
album	-0.58	1.99
men	-0.58	1.17
happens	-0.58	1.40
posters	-0.58	1.16
kick	-0.57	0.81
necklace	-0.57	1.02
attracted	-0.57	1.25
interested	-0.57	1.28
hmmm	-0.57	1.14
before	-0.57	1.21
hoping	-0.57	1.12
upvote	-0.57	0.91
value	-0.57	1.05
r/gonewild	-0.56	0.98
wtf	-0.56	1.06
fine	-0.56	2.53
child	-0.56	0.66
improving	-0.56	0.84
chance	-0.56	1.12
attempt	-0.56	0.88
drive	-0.55	1.03
supposed	-0.55	1.34
acceptable	-0.55	0.93
family	-0.55	1.00
brings	-0.55	0.92
other	-0.55	1.11
wake	-0.55	0.89
factor	-0.55	1.00
isnt	-0.55	1.41
posting	-0.55	0.82
edited	-0.54	0.88
feels	-0.54	0.75
arent	-0.54	1.19
mess	-0.54	1.24
recently	-0.54	0.93
working	-0.54	1.41
confidence	-0.54	0.82
sometimes	-0.54	1.02
drinks	-0.53	0.89
getting	-0.53	1.10
any	-0.53	1.32
commenting	-0.53	0.97
against	-0.53	0.88
posts	-0.53	0.93
im	-0.53	1.19
options	-0.53	1.00
stuff	-0.52	1.24
ca	-0.52	1.45
saw	-0.52	1.31
being	-0.52	0.90
guys	-0.52	1.16
screams	-0.52	1.02
neat	-0.51	0.94
posted	-0.51	1.15
wont	-0.51	1.17
genetics	-0.51	0.93
submit	-0.51	0.83
second	-0.51	2.69
accept	-0.51	0.87
popular	-0.51	0.89
nearly	-0.51	1.23
boys	-0.50	0.76
hat	-0.50	1.02
guarantee	-0.50	1.25
stuck	-0.50	0.70
another	-0.50	1.23
let	-0.50	1.27
girls	-0.50	1.15
seemed	-0.50	0.85
stubble	-0.50	1.11
original	-0.50	1.70
trolling	-0.50	0.91
neither	-0.50	1.10
giant	-0.50	1.05
draw	-0.50	0.86
majority	-0.50	1.05
realized	-0.50	0.77
teenage	-0.49	0.83
nervous	-0.49	1.00
many	-0.49	1.12
posture	-0.49	0.89
pm	-0.49	0.93
dudes	-0.49	1.00
ai	-0.49	1.09
same	-0.48	0.93
without	-0.48	1.17
already	-0.48	1.22
6.75/10	-0.48	1.02
wardrobe	-0.48	1.08
4.5	-0.48	1.52
was	-0.48	1.30
stage	-0.48	0.87
drugs	-0.48	0.78
did	-0.48	1.63
pls	-0.47	0.92
wanting	-0.47	1.00
delete	-0.47	1.00
bitch	-0.47	0.79
plan	-0.47	0.89
during	-0.47	0.95
picture	-0.47	2.51
fast	-0.47	0.77
poster	-0.47	1.00
avoid	-0.46	0.90
fishing	-0.46	0.99
expensive	-0.46	0.94
hidden	-0.46	1.12
ll	-0.46	1.37
click	-0.46	0.91
r/amiugly	-0.46	1.04
fully	-0.46	0.92
situation	-0.46	0.83
him	-0.46	1.04
duckface	-0.45	0.90
pretend	-0.45	0.99
recent	-0.45	2.36
experience	-0.45	0.86
ruin	-0.45	0.94
gender	-0.45	0.92
zero	-0.45	1.04
hairstyle	-0.45	1.28
process	-0.45	0.84
calling	-0.45	0.77
sick	-0.44	0.91
context	-0.44	1.06
curiosity	-0.44	1.23
mental	-0.44	0.97
edit	-0.44	0.89
children	-0.44	0.92
prefer	-0.44	2.17
ups	-0.43	1.08
clean	-0.43	1.08
mods	-0.43	0.82
minor	-0.43	1.04
trimmed	-0.43	1.09
band	-0.43	1.01
improvement	-0.43	1.28
training	-0.43	1.08
vote	-0.43	0.83
image	-0.43	1.60
styles	-0.43	1.07
mention	-0.43	0.93
attention	-0.42	0.93
basically	-0.42	1.31
low	-0.42	0.96
room	-0.42	1.17
penis	-0.42	0.95
state	-0.42	1.07
they	-0.42	1.33
females	-0.42	1.02
ones	-0.42	1.67
instead	-0.42	0.98
learn	-0.42	0.90
starting	-0.42	1.08
virgin	-0.42	0.99
wrote	-0.41	1.07
send	-0.41	0.92
coffee	-0.41	0.99
unnatural	-0.41	0.93
giving	-0.41	0.86
pulling	-0.41	0.92
italian	-0.41	0.86
6.6/10	-0.41	1.12
badly	-0.41	0.94
pregnant	-0.41	0.88
complete	-0.41	0.76
see	-0.41	1.53
begin	-0.41	1.01
actual	-0.41	1.05
list	-0.41	1.06
types	-0.40	1.10
3.5	-0.40	1.33
feed	-0.40	0.86
peace	-0.40	0.87
feel	-0.40	1.06
rates	-0.40	0.98
asking	-0.40	1.07
mate	-0.40	1.02
compare	-0.40	1.09
standing	-0.40	1.07
part	-0.40	1.42
america	-0.40	0.91
most	-0.39	1.56
past	-0.39	0.88
daily	-0.39	1.11
brutal	-0.39	0.96
stand	-0.39	1.28
internet	-0.39	0.96
raise	-0.39	0.99
validation	-0.39	0.88
7.7/10	-0.39	1.16
yet	-0.39	0.93
boost	-0.39	0.98
among	-0.39	0.88
typically	-0.39	1.04
aside	-0.38	0.86
death	-0.38	0.82
tough	-0.38	0.95
herself	-0.38	1.01
sir	-0.38	0.74
joking	-0.38	0.98
shaved	-0.38	1.11
motivation	-0.38	0.87
strength	-0.38	0.95
ladies	-0.38	1.05
accurately	-0.38	1.00
6.8	-0.38	0.99
bald	-0.38	1.02
m	-0.38	1.31
its	-0.38	1.52
hanging	-0.38	0.96
control	-0.37	0.91
douche	-0.37	0.81
gold	-0.37	0.88
intimidating	-0.37	0.78
halloween	-0.37	1.02
afraid	-0.37	1.15
blow	-0.37	0.76
racist	-0.37	0.90
assume	-0.36	1.23
helped	-0.36	0.76
deal	-0.36	1.17
heavily	-0.36	0.93
unkempt	-0.36	0.85
worked	-0.36	1.04
pair	-0.36	1.12
neutral	-0.36	1.22
maintenance	-0.36	0.75
previous	-0.36	0.98
takes	-0.36	0.87
keeping	-0.36	1.07
afford	-0.36	0.91
specific	-0.36	1.09
whether	-0.36	1.16
friends	-0.36	1.04
calories	-0.36	0.89
approached	-0.36	0.68
count	-0.36	1.10
world	-0.35	1.16
imgur	-0.35	0.99
although	-0.35	1.44
dick	-0.35	0.88
bags	-0.35	1.01
ideas	-0.35	1.12
letting	-0.35	1.09
certainly	-0.35	1.20
outfit	-0.35	1.41
questions	-0.35	0.99
tons	-0.35	1.01
art	-0.35	0.88
porn	-0.34	0.94
phase	-0.34	0.82
judging	-0.34	1.66
apparently	-0.34	1.06
admit	-0.34	1.08
bathroom	-0.34	0.86
brain	-0.34	0.84
pluck	-0.34	0.88
once	-0.34	1.05
unfortunately	-0.34	0.80
dates	-0.34	1.05
multiple	-0.34	0.87
glasses	-0.33	1.09
updated	-0.33	1.08
parents	-0.33	1.13
nudes	-0.33	0.92
share	-0.33	0.97
cutting	-0.33	0.89
blondes	-0.33	1.19
behind	-0.33	0.95
justice	-0.33	1.40
putting	-0.33	1.09
teen	-0.32	0.77
lesbian	-0.32	0.84
house	-0.32	0.85
care	-0.32	1.46
sweat	-0.32	1.15
laid	-0.32	0.90
moving	-0.32	0.95
tanning	-0.32	0.94
thus	-0.32	0.90
chris	-0.32	0.90
high	-0.32	0.83
club	-0.32	0.93
broken	-0.32	1.01
glance	-0.32	0.84
disgustingly	-0.32	1.13
earlier	-0.32	1.00
tbh	-0.32	1.23
he	-0.32	1.15
several	-0.32	0.98
trust	-0.31	1.04
rateme	-0.31	0.90
stopped	-0.31	0.93
drunk	-0.31	0.95
link	-0.31	0.85
trash	-0.31	0.98
hold	-0.31	0.81
difficult	-0.31	0.90
obviously	-0.31	1.22
rule	-0.30	0.90
want	-0.30	1.39
our	-0.30	0.99
joke	-0.30	0.92
harsh	-0.30	0.85
move	-0.30	0.85
order	-0.30	0.99
despite	-0.30	0.93
non	-0.30	0.95
consider	-0.30	0.97
suggest	-0.30	0.99
exercises	-0.30	1.07
went	-0.29	1.08
women	-0.29	1.17
hats	-0.29	0.93
speak	-0.29	0.85
race	-0.29	0.88
reading	-0.29	0.94
suggestion	-0.29	1.14
able	-0.29	1.17
grew	-0.29	0.96
youth	-0.29	0.91
time	-0.29	1.29
ha	-0.28	0.78
parts	-0.28	1.01
goatee	-0.28	1.10
force	-0.28	0.99
cheap	-0.28	0.99
started	-0.28	0.91
username	-0.28	0.98
page	-0.28	0.92
quit	-0.28	1.02
purpose	-0.28	1.24
approaching	-0.28	0.81
gave	-0.28	0.85
pure	-0.28	0.78
friend	-0.28	1.09
sitting	-0.27	1.04
proper	-0.27	0.90
products	-0.27	0.92
place	-0.27	1.06
thought	-0.27	1.06
flaws	-0.27	1.16
community	-0.27	0.93
health	-0.27	1.08
because	-0.27	1.60
killing	-0.27	0.96
buzz	-0.26	1.18
apologize	-0.26	0.98
crowd	-0.26	0.95
hitting	-0.26	1.09
so	-0.26	1.74
comments	-0.26	1.02
attract	-0.26	1.08
worries	-0.26	1.00
yesterday	-0.26	0.90
impossible	-0.26	1.04
sugar	-0.26	1.09
fish	-0.26	0.97
difference	-0.26	1.24
specifically	-0.26	0.76
irish	-0.26	0.86
routine	-0.26	1.03
free	-0.26	0.98
soon	-0.26	0.97
hence	-0.26	0.99
main	-0.25	1.10
winter	-0.25	0.79
online	-0.25	0.95
every	-0.25	1.15
living	-0.25	0.95
keeps	-0.25	0.95
bunch	-0.25	0.98
front	-0.25	0.95
called	-0.25	0.89
enjoy	-0.25	0.93
apart	-0.25	0.99
numbers	-0.25	0.82
boyfriend	-0.25	1.04
somebody	-0.25	1.12
stop	-0.24	0.90
critique	-0.24	1.07
repost	-0.24	0.97
heels	-0.24	0.86
social	-0.24	0.87
irl	-0.24	0.98
highly	-0.24	1.11
contacts	-0.24	1.01
after	-0.24	1.02
douchebag	-0.24	0.80
hard	-0.24	1.00
me	-0.24	1.34
bud	-0.24	1.05
from	-0.24	1.08
dying	-0.24	0.97
piece	-0.24	1.02
background	-0.24	0.94
tend	-0.24	1.06
profile	-0.24	0.88
keep	-0.24	1.07
believe	-0.23	1.36
troll	-0.23	0.93
changed	-0.23	0.98
random	-0.23	0.84
half	-0.23	1.07
ability	-0.23	0.99
recommend	-0.23	0.96
laughing	-0.23	0.83
throw	-0.23	0.97
tag	-0.23	0.89
post	-0.23	0.90
using	-0.23	0.88
breaking	-0.23	1.03
changing	-0.23	1.01
end	-0.23	0.86
whatever	-0.23	1.23
watching	-0.23	0.74
take	-0.22	0.87
style	-0.22	1.21
muscles	-0.22	1.22
car	-0.22	0.97
team	-0.22	0.92
sounds	-0.22	0.85
topic	-0.22	0.85
ethnicity	-0.22	1.11
lying	-0.22	1.11
happily	-0.22	1.00
while	-0.22	0.81
willing	-0.22	1.16
cardio	-0.21	1.06
news	-0.21	1.09
shaven	-0.21	1.08
7	-0.21	1.65
funny	-0.21	0.91
now	-0.21	1.60
unhealthy	-0.21	0.76
visit	-0.21	1.01
answer	-0.21	0.97
fault	-0.21	1.39
hopefully	-0.21	0.96
title	-0.21	0.91
r/rateme	-0.21	0.86
couple	-0.21	0.93
teenager	-0.21	0.79
poorly	-0.21	0.97
near	-0.21	0.93
actually	-0.21	1.57
name	-0.21	0.99
until	-0.21	0.98
info	-0.21	0.92
knight	-0.21	0.84
meaning	-0.21	0.93
shown	-0.20	1.15
hmm	-0.20	1.05
indian	-0.20	0.95
lifting	-0.20	1.12
shoes	-0.20	0.98
insecurity	-0.20	0.94
lead	-0.20	0.83
forgot	-0.20	1.01
sleep	-0.20	0.95
school	-0.20	0.88
rate	-0.19	1.16
checking	-0.19	0.93
noticeably	-0.19	1.04
mad	-0.19	0.94
honestly	-0.19	1.62
shorts	-0.19	0.82
history	-0.19	0.94
subreddit	-0.19	0.92
game	-0.19	1.10
kiss	-0.19	0.93
<URL>	-0.19	0.79
<SPECIAL>	-0.19	0.79
uk	-0.19	0.84
lets	-0.18	1.06
beach	-0.18	0.95
increase	-0.18	0.88
city	-0.18	0.99
sorta	-0.18	0.78
eventually	-0.18	0.77
chicks	-0.18	0.83
grows	-0.18	0.95
hardly	-0.18	0.99
himself	-0.18	0.91
added	-0.18	1.07
again	-0.18	1.26
cock	-0.18	0.89
account	-0.18	0.89
bias	-0.18	1.08
remember	-0.18	1.36
didnt	-0.18	1.03
she	-0.18	1.23
catch	-0.18	0.76
amount	-0.18	0.84
month	-0.18	0.80
yourself	-0.17	1.10
yoga	-0.17	1.03
nose	-0.17	1.41
start	-0.17	0.96
south	-0.17	0.93
scene	-0.17	0.97
father	-0.17	0.78
nope	-0.17	0.94
square	-0.17	1.08
story	-0.17	1.07
dressing	-0.17	0.82
workout	-0.17	1.00
site	-0.17	0.86
whoever	-0.17	0.95
slut	-0.17	0.90
husband	-0.16	0.84
resemblance	-0.16	0.91
call	-0.16	1.03
lazy	-0.16	0.74
beginning	-0.16	0.88
glad	-0.16	1.05
slow	-0.16	0.88
were	-0.16	1.17
each	-0.16	0.99
intimidated	-0.16	0.82
nobody	-0.16	1.09
wouldnt	-0.16	0.97
tips	-0.16	0.84
two	-0.16	1.21
doctor	-0.16	1.01
advise	-0.15	0.96
stylist	-0.15	1.01
sharing	-0.15	0.78
brush	-0.15	0.83
mainly	-0.15	0.92
strangers	-0.15	1.18
below	-0.15	1.51
serious	-0.15	1.02
trimming	-0.15	1.01
food	-0.15	0.80
language	-0.15	0.88
given	-0.15	1.19
uh	-0.15	0.80
hideous	-0.15	0.97
checked	-0.15	0.93
night	-0.14	0.95
r/malehairadvice	-0.14	0.96
barber	-0.14	0.95
morning	-0.14	0.80
stated	-0.14	1.00
meet	-0.14	0.95
liking	-0.14	1.23
facebook	-0.14	0.78
brother	-0.14	0.98
tip	-0.14	0.82
american	-0.14	0.95
alot	-0.14	0.96
cut	-0.14	1.16
plz	-0.14	0.94
ago	-0.14	0.97
ton	-0.14	0.95
party	-0.14	0.98
lot	-0.14	1.17
caught	-0.14	0.81
touch	-0.14	1.00
even	-0.14	1.53
buy	-0.14	0.89
quickly	-0.13	0.91
edgy	-0.13	0.74
rules	-0.13	0.80
music	-0.13	0.90
12	-0.13	0.78
sadly	-0.13	0.86
away	-0.13	0.89
necessary	-0.12	1.17
bed	-0.12	0.91
shows	-0.12	1.90
mom	-0.12	1.06
gym	-0.12	1.11
frequently	-0.12	0.88
op	-0.12	1.02
jacket	-0.12	0.78
future	-0.12	0.91
imagine	-0.12	1.02
who	-0.12	1.21
certain	-0.12	1.02
suppose	-0.12	1.15
males	-0.12	0.98
whenever	-0.12	0.80
make-up	-0.12	0.88
read	-0.12	0.94
naked	-0.12	0.86
grade	-0.12	1.63
asians	-0.12	1.11
please	-0.12	0.94
break	-0.12	0.87
twice	-0.11	0.88
sex	-0.11	0.95
subs	-0.11	0.94
doesnt	-0.11	0.92
50	-0.11	0.81
her	-0.11	1.02
changes	-0.11	1.35
yummy	-0.11	0.84
does	-0.11	1.37
sidebar	-0.11	0.93
haircut	-0.11	1.15
watch	-0.10	0.75
movie	-0.10	0.86
arm	-0.10	0.95
update	-0.10	0.99
aesthetic	-0.10	1.01
gt	-0.10	1.04
huh	-0.10	0.88
society	-0.10	0.92
hairs	-0.10	0.91
properly	-0.10	1.02
tie	-0.10	0.91
bump	-0.10	1.11
buddy	-0.10	0.92
alternative	-0.10	1.10
ex	-0.10	0.84
doubt	-0.09	1.29
next	-0.09	0.93
consideration	-0.09	0.86
2	-0.09	1.24
ready	-0.09	1.01
bulking	-0.09	0.97
pick	-0.09	1.77
safe	-0.09	0.87
hope	-0.09	1.30
shot	-0.09	1.13
set	-0.09	2.15
sense	-0.09	1.04
should	-0.09	1.35
distance	-0.09	0.86
and/or	-0.09	0.77
bought	-0.09	0.89
advantage	-0.09	0.95
nigga	-0.09	0.86
double	-0.09	0.88
badass	-0.08	0.83
statement	-0.08	0.89
makeup	-0.08	0.89
proof	-0.08	0.81
ends	-0.08	0.92
across	-0.08	0.90
looked	-0.08	1.03
respect	-0.08	0.80
dad	-0.08	0.90
bar	-0.08	0.90
air	-0.08	0.80
golden	-0.08	0.99
noticeable	-0.08	1.23
crush	-0.08	0.92
hairstyles	-0.08	1.03
said	-0.08	1.08
preferences	-0.08	1.02
wish	-0.08	0.98
laugh	-0.08	0.88
ish	-0.08	1.04
dinner	-0.07	0.93
came	-0.07	0.99
tinder	-0.07	0.86
bridge	-0.07	0.86
sticking	-0.07	0.88
honey	-0.07	0.88
shoulder	-0.07	0.88
sorry	-0.07	1.33
generic	-0.07	1.23
save	-0.07	0.85
beat	-0.07	0.94
bag	-0.07	0.86
blunt	-0.07	0.81
heart	-0.07	0.67
tomorrow	-0.07	0.89
redditors	-0.07	0.93
summer	-0.07	0.72
r/makeupaddiction	-0.07	0.87
salon	-0.07	0.90
ego	-0.07	0.95
sides	-0.07	1.03
grown	-0.06	0.96
weights	-0.06	1.07
bear	-0.06	0.91
knew	-0.06	0.97
lay	-0.06	0.91
assuming	-0.06	0.99
short	-0.06	1.15
bold	-0.06	0.93
purely	-0.06	0.87
town	-0.06	0.99
ginger	-0.06	0.75
hah	-0.06	0.86
variety	-0.06	0.88
hahah	-0.06	0.82
dating	-0.06	0.85
sit	-0.06	0.87
present	-0.06	0.84
wan	-0.06	0.98
walking	-0.06	0.86
lenses	-0.06	0.97
upload	-0.06	0.93
kid	-0.05	0.90
ask	-0.05	1.06
talk	-0.05	0.96
decision	-0.05	0.82
cuz	-0.05	1.02
c	-0.05	1.02
till	-0.05	0.93
bitches	-0.05	0.88
feelings	-0.05	0.93
responses	-0.05	0.80
real	-0.04	1.12
shame	-0.04	0.96
upon	-0.04	0.90
taller	-0.04	1.00
dr	-0.04	0.90
knowing	-0.04	0.86
clothing	-0.04	0.84
google	-0.04	0.89
fucked	-0.04	0.88
bring	-0.04	0.92
areas	-0.04	1.04
shut	-0.04	0.76
useful	-0.04	0.78
acne	-0.04	1.01
way	-0.04	1.31
works	-0.03	1.09
dated	-0.03	1.01
kids	-0.03	0.85
check	-0.03	0.87
figured	-0.03	0.98
enough	-0.03	1.35
standard	-0.03	0.83
further	-0.03	0.94
brought	-0.03	1.06
whats	-0.03	0.86
example	-0.03	1.02
within	-0.03	0.91
subtle	-0.03	0.82
11	-0.03	0.84
student	-0.03	0.98
showed	-0.03	0.75
benefit	-0.03	0.91
notch	-0.03	1.03
compliment	-0.03	1.20
ahead	-0.03	1.03
later	-0.02	0.81
done	-0.02	1.04
group	-0.02	0.98
blush	-0.02	0.89
literally	-0.02	1.11
wear	-0.02	0.97
comment	-0.02	0.99
preference	-0.02	1.26
tool	-0.02	0.83
compliments	-0.02	0.85
stranger	-0.02	1.04
combo	-0.02	0.88
forced	-0.02	0.79
words	-0.02	0.85
regular	-0.02	1.03
yup	-0.02	0.80
need	-0.02	1.18
try	-0.01	1.02
suggestions	-0.01	1.02
feet	-0.01	0.79
desperate	-0.01	0.83
leaving	-0.01	0.79
eh	-0.01	0.80
by	-0.01	0.99
legit	-0.01	0.75
m'lady	-0.01	0.79
switch	-0.01	1.00
expected	-0.01	0.99
impression	-0.01	0.88
fade	-0.01	1.00
soooo	-0.01	0.91
brah	-0.00	0.99
neck	-0.00	1.05
career	-0.00	0.85
find	-0.00	1.04
continue	-0.00	0.80
gaining	-0.00	0.93
them	0.00	1.15
turn	0.00	1.01
feature	0.01	2.20
course	0.01	1.24
everyday	0.01	0.96
balls	0.01	0.87
covered	0.01	0.79
sun	0.01	0.80
staying	0.01	0.87
frames	0.01	0.96
speaking	0.01	0.94
through	0.01	0.89
heads	0.01	1.01
jersey	0.01	0.82
folks	0.01	0.93
doll	0.01	0.86
maintain	0.01	0.76
comparison	0.01	0.78
length	0.01	1.03
gonewild	0.02	0.87
differently	0.02	0.94
home	0.02	0.86
mostly	0.02	1.07
hurts	0.02	0.91
drink	0.02	0.83
four	0.02	0.97
ugly	0.02	1.25
all	0.02	1.19
p.s	0.03	0.90
protein	0.03	0.91
asian	0.03	0.99
styling	0.03	0.94
pants	0.03	0.93
proud	0.03	0.78
comes	0.03	0.83
information	0.03	0.84
quick	0.03	0.86
fitness	0.03	0.96
average	0.03	1.45
number	0.03	0.96
drinking	0.03	0.80
outfits	0.03	0.88
uncomfortable	0.03	0.73
button	0.03	0.94
flatter	0.03	0.84
dresses	0.03	0.86
contact	0.03	0.92
butterface	0.03	0.89
over	0.04	0.93
store	0.04	0.81
girly	0.04	0.90
bottom	0.04	1.84
favor	0.04	0.92
becoming	0.04	0.92
support	0.04	0.90
results	0.04	0.90
mine	0.04	0.92
created	0.04	0.88
goddamn	0.04	0.84
cringing	0.04	1.15
minutes	0.04	0.72
photogenic	0.04	0.98
package	0.04	1.06
atm	0.04	1.02
models	0.04	0.81
mother	0.05	0.87
soul	0.05	0.87
inches	0.05	0.89
fitting	0.05	0.86
plastic	0.05	0.81
ahh	0.05	0.86
english	0.05	0.82
0	0.05	1.00
top	0.05	0.96
dyed	0.05	1.21
roll	0.05	0.93
suck	0.06	0.86
outside	0.06	0.92
somewhat	0.06	1.29
effort	0.06	0.95
critical	0.06	0.74
girls/guys	0.06	1.04
conversation	0.06	0.74
made	0.06	0.93
sweater	0.06	0.83
messy	0.06	0.99
walk	0.06	0.86
100	0.06	0.97
worth	0.06	1.07
whole	0.06	1.16
1-10	0.06	0.91
appearance	0.06	0.95
teacher	0.06	0.98
shy	0.06	0.75
german	0.06	0.91
put	0.07	1.01
relationship	0.07	0.76
get	0.07	0.96
shadow	0.07	0.91
inside	0.07	0.75
pussy	0.07	0.82
nah	0.07	1.02
helpful	0.07	1.02
2/10	0.07	1.11
knock	0.07	0.85
few	0.07	0.85
pound	0.07	0.92
interest	0.07	0.76
horse	0.07	0.69
gained	0.07	0.91
according	0.07	0.83
spend	0.07	0.83
compute	0.07	1.19
unpleasant	0.07	1.28
come	0.08	0.96
suspect	0.08	0.91
stare	0.08	0.67
tops	0.08	0.83
asked	0.08	0.86
building	0.08	0.89
europe	0.08	1.01
tv	0.08	0.88
attitude	0.08	0.79
tea	0.08	0.96
lmao	0.08	0.83
include	0.08	0.92
3/10	0.08	1.18
hip	0.08	0.90
easier	0.08	0.85
wax	0.08	0.92
guess	0.09	1.46
k	0.09	1.07
could	0.09	1.13
hehe	0.09	1.03
either	0.09	1.21
middle	0.09	1.50
14	0.09	0.80
straighten	0.09	0.87
anytime	0.09	0.96
onto	0.09	0.94
extra	0.09	0.99
unfortunate	0.09	1.01
umm	0.09	0.95
diet	0.09	0.92
pics	0.09	1.37
entire	0.10	1.01
photoshopped	0.10	0.89
kinda	0.10	0.91
underneath	0.10	0.94
pay	0.10	0.94
offer	0.10	0.92
normal	0.10	0.99
minute	0.10	0.87
together	0.10	0.93
finding	0.10	1.04
us	0.10	0.98
different	0.10	0.93
reply	0.10	0.98
cross	0.10	0.94
adds	0.10	0.82
yay	0.10	0.90
shots	0.10	0.89
costume	0.11	0.99
wore	0.11	0.82
7.3/10	0.11	1.10
this	0.11	0.99
shop	0.11	0.87
colors	0.11	0.89
xd	0.11	1.04
kept	0.11	0.97
belly	0.11	0.96
reach	0.11	0.83
some	0.11	0.94
score	0.12	0.98
found	0.12	0.89
week	0.12	0.85
user	0.12	0.91
biased	0.12	1.48
back	0.12	0.96
help	0.12	1.26
girlfriend	0.12	0.97
under	0.12	1.00
new	0.12	0.95
simple	0.12	0.89
acting	0.12	0.82
train	0.12	0.88
la	0.12	0.96
gf	0.12	0.88
weeks	0.12	0.86
level	0.12	0.86
video	0.12	0.81
needs	0.12	1.22
hello	0.12	0.96
reddit	0.12	0.90
run	0.13	0.88
must	0.13	1.00
moment	0.13	0.91
street	0.13	0.91
baby	0.13	0.93
entirely	0.13	0.94
exist	0.14	1.03
waste	0.14	0.83
ah	0.14	0.93
final	0.14	0.91
day	0.14	0.90
view	0.14	0.84
anywhere	0.14	1.00
da	0.14	1.00
approach	0.14	0.87
braces	0.14	0.83
em	0.14	0.96
current	0.14	0.80
star	0.14	0.87
haircuts	0.14	0.94
oddly	0.14	0.90
related	0.14	0.91
three	0.14	0.88
barely	0.14	0.96
fringe	0.14	1.01
cover	0.14	0.96
practice	0.14	0.80
narrow	0.15	0.89
relationships	0.15	0.88
advice	0.15	0.98
hilarious	0.15	0.82
cat	0.15	0.85
hiding	0.15	0.96
t-shirt	0.15	0.89
hint	0.15	0.80
side	0.15	0.97
description	0.15	0.92
bro	0.15	1.09
pill	0.15	0.86
judgement	0.15	0.87
mixed	0.15	0.92
unnoticed	0.15	1.09
shorter	0.15	1.05
up	0.15	1.01
typical	0.15	0.85
will	0.16	1.17
none	0.16	0.74
pain	0.16	0.81
his	0.16	0.91
skirt	0.16	0.87
terms	0.16	0.89
personal	0.16	1.00
their	0.16	0.94
anyways	0.16	1.09
pulled	0.16	0.95
links	0.16	0.85
6.7/10	0.16	0.92
rough	0.16	0.89
bieber	0.16	0.74
married	0.16	0.82
grab	0.16	0.96
chances	0.16	1.01
go	0.16	1.07
character	0.17	0.88
t	0.17	0.95
towards	0.17	0.96
experiment	0.17	0.84
lift	0.17	0.94
points	0.17	0.93
fake	0.17	0.91
therefore	0.17	0.81
eating	0.17	0.91
ye	0.17	0.92
7.8/10	0.17	1.03
months	0.17	0.83
compared	0.17	0.85
sexual	0.17	0.83
when	0.18	1.14
public	0.18	0.88
basic	0.18	0.95
adding	0.18	0.92
needed	0.18	0.91
jump	0.18	0.83
fall	0.18	0.81
crap	0.18	0.92
lifestyle	0.18	0.80
recommendations	0.18	1.11
ripped	0.18	0.83
carry	0.18	0.89
fuller	0.18	0.99
hollywood	0.18	0.88
department	0.18	0.91
babies	0.19	0.96
develop	0.19	0.87
apply	0.19	0.93
area	0.19	0.87
n	0.19	0.77
bf	0.19	0.89
medium	0.19	0.99
chat	0.19	0.90
thx	0.19	0.88
eastern	0.19	0.92
standards	0.19	0.85
mascara	0.19	0.90
ill	0.19	0.96
liner	0.19	0.88
professional	0.19	0.77
live	0.19	0.99
secret	0.19	0.85
appears	0.19	0.88
douchey	0.19	0.82
sign	0.19	0.86
turned	0.19	0.83
guys/girls	0.19	1.05
longer	0.19	1.09
base	0.19	0.86
local	0.20	0.90
bra	0.20	0.86
sports	0.20	0.88
foot	0.20	0.87
blind	0.20	0.80
money	0.20	0.85
sister	0.20	0.80
tiny	0.20	1.01
images	0.20	0.93
niche	0.20	0.93
cup	0.21	0.87
play	0.21	0.88
may	0.21	1.32
peoples	0.21	0.90
lots	0.21	0.96
flattered	0.21	1.05
m8	0.21	0.91
regularly	0.22	1.02
hipster	0.22	0.90
faggot	0.22	0.79
based	0.22	0.92
product	0.22	0.86
wonders	0.22	0.93
photoshop	0.22	0.89
careful	0.22	0.92
shirt	0.22	0.87
squats	0.22	1.07
hear	0.23	1.02
step	0.23	0.93
confirm	0.23	1.00
balance	0.23	0.93
appreciated	0.23	0.93
screen	0.23	0.75
embrace	0.23	0.91
7.2/10	0.23	0.97
heavy	0.23	0.92
finger	0.23	0.90
crooked	0.23	0.85
70	0.23	0.87
clothes	0.23	0.86
instantly	0.23	0.90
then	0.24	1.28
minimal	0.24	0.95
pounds	0.24	0.89
actress	0.24	0.69
exercise	0.24	0.86
complimented	0.24	0.99
hairy	0.24	0.79
mix	0.24	1.00
insane	0.24	0.95
assessment	0.24	0.82
both	0.24	0.99
eye	0.24	0.89
between	0.24	0.92
kidding	0.24	0.93
feedback	0.25	0.96
baggy	0.25	0.86
direction	0.25	0.94
might	0.25	1.08
down	0.25	0.93
tells	0.25	1.37
attraction	0.25	0.87
fits	0.25	0.95
grey	0.26	0.80
box	0.26	0.86
source	0.26	0.88
remind	0.26	0.67
fresh	0.26	0.89
underwear	0.26	1.00
smirk	0.26	0.83
boy	0.26	0.84
human	0.26	0.91
perhaps	0.27	0.98
life	0.27	1.00
league	0.27	0.81
6.5	0.27	1.39
unattractive	0.27	1.34
styled	0.27	1.01
bodies	0.27	0.89
guessing	0.27	1.19
regardless	0.27	0.95
groomed	0.27	0.96
puts	0.27	0.82
fat	0.27	0.98
stylish	0.27	0.92
above	0.28	1.31
squat	0.28	0.83
brows	0.28	0.88
generous	0.28	0.82
depending	0.28	0.99
huge	0.28	1.22
be	0.28	1.12
attractiveness	0.28	0.85
phil	0.28	1.26
hey	0.28	1.16
15	0.28	0.81
at	0.28	1.18
considering	0.29	0.85
add	0.29	0.87
dream	0.29	0.84
type	0.29	1.32
maybe	0.29	1.06
dropped	0.29	0.83
use	0.29	0.84
off	0.29	0.88
invest	0.29	0.85
work	0.29	1.15
dress	0.30	0.86
adult	0.30	0.84
pop	0.30	0.78
lipstick	0.30	1.07
match	0.30	1.00
years	0.30	0.82
own	0.30	0.91
6-6.5	0.30	1.15
suit	0.30	1.03
gay	0.30	1.03
mass	0.30	0.90
appropriate	0.30	1.13
13	0.30	0.80
turns	0.30	0.89
cares	0.30	1.00
taste	0.31	1.01
sight	0.31	0.97
w	0.31	0.84
jeans	0.31	0.87
shirts	0.31	0.87
out	0.31	1.00
pass	0.31	0.86
lbs	0.31	0.86
win	0.31	0.90
detailed	0.31	0.90
european	0.32	0.91
eyeliner	0.32	0.90
create	0.32	0.84
hit	0.32	0.95
has	0.32	0.96
million	0.32	0.92
almost	0.32	1.28
sort	0.32	0.97
yea	0.32	1.08
5.8/10	0.32	1.03
modeling	0.32	0.83
wrinkles	0.32	0.76
overweight	0.33	0.85
hang	0.33	1.00
fitted	0.33	0.89
woman	0.33	0.99
gain	0.33	0.90
seems	0.33	1.08
days	0.33	0.80
focus	0.33	0.92
physical	0.33	0.91
foundation	0.34	0.89
combination	0.34	0.95
um	0.34	0.95
improved	0.34	0.82
hahaha	0.34	1.07
forward	0.34	0.88
kind	0.34	0.95
visible	0.34	0.98
notices	0.34	0.94
smiling	0.34	0.90
water	0.35	0.82
ride	0.35	0.88
bikini	0.35	1.44
perspective	0.35	0.92
perks	0.35	0.97
fuk	0.35	0.98
luke	0.35	1.26
yeah	0.35	1.42
vs	0.35	0.87
luck	0.35	1.11
russian	0.36	0.85
wild	0.36	0.84
o	0.36	0.82
included	0.36	0.88
response	0.36	0.96
wash	0.36	0.78
muscle	0.36	0.91
hairline	0.36	0.85
volume	0.36	0.87
height	0.36	0.89
stick	0.37	1.01
accent	0.37	0.87
affecting	0.37	0.94
on	0.37	1.04
6.2/10	0.37	1.04
ta	0.37	0.97
worse	0.37	1.60
model	0.38	0.81
b	0.38	0.85
matches	0.38	0.78
search	0.38	0.85
humor	0.38	0.83
toning	0.38	0.94
quirky	0.38	0.72
rest	0.38	1.00
liked	0.38	1.41
aesthetics	0.38	0.86
as	0.38	1.05
appeal	0.39	0.85
bruh	0.39	1.05
wise	0.39	0.92
relax	0.39	0.75
shower	0.39	0.88
gel	0.39	0.86
hottie	0.39	0.98
inner	0.40	0.83
7.4/10	0.40	1.00
times	0.40	0.89
tighten	0.40	1.02
straight	0.40	0.91
dropping	0.40	0.86
intense	0.41	0.71
would	0.41	1.26
cheers	0.41	1.00
slutty	0.41	0.85
input	0.41	1.08
thicker	0.41	0.87
healthy	0.41	0.91
weight	0.41	0.92
tastes	0.41	0.99
provide	0.42	0.77
stolen	0.42	0.88
range	0.42	1.16
british	0.42	0.86
version	0.42	0.58
early	0.42	0.86
wavy	0.42	1.01
somewhere	0.42	1.06
six	0.42	0.77
reaching	0.42	0.87
physically	0.42	0.88
curly	0.42	1.15
eat	0.43	0.83
6.8/10	0.43	1.02
3.5/10	0.43	0.97
whoa	0.43	0.91
son	0.43	0.87
ratings	0.43	0.78
greasy	0.43	0.81
6.3/10	0.43	0.99
overly	0.43	0.84
active	0.43	0.75
repulsive	0.44	0.99
enhance	0.44	0.86
stay	0.44	0.92
modern	0.44	0.88
extreme	0.44	0.95
lost	0.44	0.82
looks	0.44	1.11
colored	0.44	0.91
titties	0.45	0.90
40	0.45	0.83
likes	0.45	1.55
currently	0.45	0.92
shes	0.45	0.95
abs	0.45	0.94
18	0.45	0.82
lol	0.46	1.26
thigh	0.46	0.85
x	0.46	0.88
17	0.46	0.80
noted	0.46	0.85
gives	0.46	0.67
says	0.46	1.51
f	0.46	0.85
anyway	0.47	1.32
marriage	0.47	0.87
rare	0.47	1.01
v	0.47	0.91
nicely	0.47	0.97
reminds	0.47	1.48
push	0.47	0.86
okay	0.47	1.29
hide	0.47	0.88
6.5-7	0.48	1.12
chick	0.48	0.83
appreciate	0.48	1.02
objective	0.48	0.84
opinion	0.48	0.96
genuinely	0.48	0.95
avg	0.49	0.92
closed	0.49	0.80
five	0.49	0.69
thoughts	0.49	0.98
note	0.49	0.90
dead	0.49	0.78
hair	0.49	1.09
simply	0.49	0.87
prob	0.49	0.90
smiles	0.49	0.75
cream	0.49	0.85
honesty	0.50	1.04
likely	0.50	0.89
coming	0.50	0.92
aha	0.50	0.98
close	0.50	0.91
calm	0.50	0.85
manner	0.50	0.86
paying	0.51	0.87
absolute	0.51	1.11
picky	0.51	1.07
yellow	0.51	0.85
female	0.51	0.89
7.6/10	0.51	0.90
normally	0.51	1.27
smiled	0.51	0.79
bulk	0.52	0.87
25	0.52	0.83
brow	0.52	0.86
1/10	0.52	0.89
swear	0.53	0.87
hi	0.53	0.80
along	0.53	0.85
5/10	0.53	0.96
relatively	0.53	0.97
winning	0.53	0.84
perfection	0.54	0.89
scale	0.54	0.92
word	0.54	1.23
dumped	0.54	1.00
casual	0.54	0.80
ok	0.54	1.16
youhaveovercomeop	0.55	0.95
hahahaha	0.55	0.86
hours	0.55	0.77
business	0.55	0.81
jk	0.55	0.84
lower	0.55	0.80
ur	0.55	0.91
cool	0.55	1.13
16	0.55	0.79
follow	0.55	0.74
rating	0.56	0.92
thanks	0.56	1.06
objectively	0.56	0.95
wall	0.56	0.75
6.75	0.56	1.07
potential	0.56	1.12
obese	0.56	0.96
losing	0.56	0.87
cuteness	0.57	0.81
my	0.57	1.04
give	0.57	0.87
outta	0.57	0.91
nonetheless	0.58	1.02
used	0.58	1.19
thankyou	0.58	0.89
5-6	0.58	0.97
u	0.58	0.91
honest	0.58	0.79
rating/10	0.59	1.13
meat	0.59	0.83
become	0.59	0.75
chunky	0.59	0.89
guy	0.59	0.97
dear	0.59	0.75
upper	0.59	0.84
late	0.59	0.96
agreed	0.59	0.94
tummy	0.59	0.83
think	0.59	1.36
leg	0.59	0.77
slim-none	0.59	0.86
surely	0.60	0.92
fuckin	0.60	0.77
4/10	0.61	1.00
35	0.61	0.78
hella	0.61	0.87
everywhere	0.61	0.82
dressed	0.61	0.86
aspect	0.62	0.82
system	0.62	0.90
fedora	0.62	1.00
probably	0.62	1.04
just	0.63	1.22
r	0.63	0.81
orange	0.63	0.84
eyebrows	0.63	0.88
drop	0.63	0.86
playing	0.63	1.19
higher	0.63	0.83
spot	0.63	1.08
21	0.63	0.80
power	0.63	0.74
p	0.63	1.20
genetic	0.64	0.92
nuff	0.64	0.95
pushing	0.64	0.95
criticism	0.64	0.89
20	0.64	0.80
really	0.64	1.31
nerd	0.64	0.74
30	0.65	0.82
year	0.65	0.79
progress	0.65	0.96
vibe	0.65	0.67
90	0.65	1.23
goes	0.65	1.20
definition	0.66	0.89
haha	0.66	1.17
throwing	0.66	1.18
ideal	0.66	0.91
32	0.66	0.79
tad	0.66	0.86
22	0.66	0.80
plain	0.67	1.03
4-5/10	0.67	0.92
thinks	0.67	1.41
status	0.67	0.86
old	0.67	0.82
constructive	0.67	0.88
which	0.67	1.01
aww	0.67	1.02
redheads	0.68	0.94
rich	0.68	0.78
possible	0.68	0.86
genes	0.68	0.90
rating:7	0.68	0.85
24	0.69	0.79
7.75/10	0.69	0.86
rating:6	0.69	0.85
7.25	0.69	1.03
too	0.69	1.03
act	0.69	0.97
knows	0.69	1.36
slightly	0.69	0.94
yo	0.69	0.85
tan	0.69	0.84
id	0.69	0.98
bit	0.69	0.85
category	0.69	0.85
turning	0.69	0.98
die	0.69	1.05
dye	0.70	0.92
around	0.70	0.96
gets	0.71	1.34
nerdy	0.71	0.70
grooming	0.71	0.88
loss	0.71	0.89
closer	0.71	0.82
lines	0.71	0.84
26	0.71	0.80
breast	0.72	0.92
tall	0.72	0.88
deformities	0.72	0.88
wants	0.72	1.35
olds	0.72	0.83
fellow	0.72	0.87
truly	0.73	0.90
into	0.73	1.20
homo	0.73	0.95
well	0.73	1.09
head	0.73	0.92
milf	0.73	0.84
age	0.74	0.79
much	0.74	1.09
1	0.74	0.92
an	0.74	0.83
23	0.75	0.80
6-7	0.75	0.93
indeed	0.75	0.86
rating:5	0.76	0.84
tone	0.76	0.90
built	0.76	0.92
lighter	0.76	0.97
19	0.77	0.80
chill	0.77	0.88
curls	0.77	0.93
staring	0.77	0.99
shoulders	0.78	0.89
these	0.78	0.84
girl	0.78	0.92
purple	0.78	0.88
pull	0.78	1.23
mouth	0.79	0.87
thick	0.79	0.95
especially	0.79	1.80
r/malefashionadvice	0.79	1.16
painful	0.79	0.88
shaped	0.79	0.89
7.75	0.80	0.87
thank	0.80	1.04
potentially	0.80	0.85
personality	0.80	0.80
4.5/10	0.80	1.00
computer	0.80	0.97
fair	0.81	0.86
epitome	0.81	0.84
earth	0.81	0.67
seven	0.81	0.81
rather	0.81	0.82
ratio	0.81	0.85
guessed	0.81	0.82
rating:7.5	0.82	0.85
knockout	0.82	0.81
perfectly	0.82	0.96
deserve	0.82	0.95
heavier	0.82	0.69
make	0.82	0.82
ya	0.82	0.94
wider	0.82	0.74
7-7.5	0.83	0.91
blonde	0.83	0.98
dude	0.83	1.06
5.5/10	0.84	0.96
also	0.84	1.45
brunette	0.84	0.94
little	0.84	0.82
pack	0.85	0.98
broad	0.85	0.83
frame	0.85	0.93
gal	0.85	1.06
tho	0.85	0.84
aw	0.85	1.02
material	0.86	0.82
6.9/10	0.86	0.95
fill	0.86	0.83
envy	0.86	0.80
alone	0.86	0.89
beyond	0.86	1.08
open	0.86	0.73
pink	0.86	0.84
darker	0.86	0.94
build	0.87	0.92
chest	0.87	0.86
arms	0.87	0.88
blond	0.88	0.98
white	0.88	0.82
thinner	0.88	0.75
beauty	0.89	0.81
bonus	0.89	1.07
often	0.90	0.86
27	0.90	0.79
total	0.91	0.96
d	0.91	1.13
classy	0.91	0.76
highlights	0.91	0.95
larger	0.91	0.70
8-beautiful	0.92	1.18
man	0.92	1.08
male	0.92	0.82
29	0.92	0.79
similar	0.93	0.92
subjective	0.93	1.17
alright	0.93	1.07
shit	0.93	0.88
33	0.93	0.82
bet	0.93	0.82
true	0.93	1.38
term	0.94	1.02
caribbean	0.94	0.78
facially	0.95	0.87
28	0.95	0.77
older	0.95	0.78
lookin	0.96	0.99
possibly	0.96	0.86
say	0.97	1.04
6-6.5/10	0.97	0.92
greatly	0.97	0.96
usual	0.97	0.76
broke	0.98	0.93
black	0.98	0.79
natural	0.99	0.87
colour	0.99	0.89
reference	1.00	0.84
7-8	1.00	0.96
gnosis	1.00	1.08
mature	1.00	0.72
thin	1.01	0.84
7/8	1.01	0.98
brown	1.01	0.96
skinny	1.01	0.98
accurate	1.01	1.06
shade	1.01	0.88
appealing	1.01	0.82
paid	1.02	0.99
blessed	1.02	0.83
key	1.03	0.96
smaller	1.03	0.80
fuck	1.03	0.98
light	1.03	0.87
color	1.03	0.89
muscular	1.03	0.91
unachievable	1.04	0.89
tight	1.04	0.98
20s	1.04	0.82
outstanding	1.05	1.15
forehead	1.05	0.86
chubby	1.05	0.84
rock	1.05	1.21
games	1.05	0.88
reproach	1.06	1.08
flat	1.06	0.83
large	1.06	0.82
7.9/10	1.06	0.86
7.5	1.07	1.18
long	1.07	1.22
6/10	1.07	0.96
teeth	1.07	0.77
better	1.07	0.81
smash	1.07	0.84
such	1.07	0.98
line	1.08	0.83
wife	1.08	0.85
lean	1.08	0.89
science	1.08	0.91
decently	1.08	0.94
result	1.09	0.80
classic	1.09	0.76
red	1.09	0.87
date	1.10	0.96
person	1.10	0.73
6/7	1.10	0.96
though	1.10	1.17
ten	1.10	0.81
7.5-8	1.11	1.00
otherwise	1.12	1.02
11/10	1.12	0.88
eyelashes	1.12	0.78
birthday	1.12	0.89
french	1.12	0.95
completely	1.12	1.04
confident	1.12	0.91
fit	1.13	0.89
cutie	1.13	0.79
toned	1.14	0.89
hands	1.14	1.40
bigger	1.14	0.68
6-7/10	1.14	0.87
bang	1.14	0.93
btw	1.14	1.02
gap	1.14	0.91
elegant	1.14	0.71
5.5-6/10	1.15	0.91
yes	1.15	1.12
8-9	1.17	0.89
wide	1.17	0.84
christ	1.17	0.83
including	1.17	0.99
8	1.18	1.16
8/9	1.19	0.93
healthier	1.19	0.59
genuine	1.20	0.63
5-6/10	1.20	0.89
jesus	1.20	0.80
cleavage	1.20	0.81
aesthetically	1.20	1.06
innocent	1.21	0.73
suits	1.21	1.14
definite	1.21	0.76
lil	1.21	0.77
sucker	1.22	1.17
10	1.22	1.08
stomach	1.23	0.85
contrast	1.23	0.79
younger	1.23	0.74
7-8/10	1.24	0.85
7.25/10	1.24	0.80
9	1.24	1.11
3	1.26	1.34
displeasing	1.26	1.26
dark	1.26	0.85
crazy	1.26	0.90
etc	1.26	1.01
8-8.5/10	1.27	0.91
redhead	1.27	0.87
facial	1.27	0.81
fun	1.27	0.71
def	1.27	0.88
door	1.29	0.73
weak	1.29	0.84
boyish	1.29	1.00
sake	1.30	0.89
totally	1.30	0.93
prominent	1.30	0.84
lacking	1.30	1.02
showing	1.31	0.91
bust	1.31	0.83
lord	1.31	0.80
fairly	1.31	0.80
least	1.32	0.90
dang	1.32	0.74
woah	1.32	0.80
physique	1.32	0.85
boob	1.32	0.83
comfortable	1.33	0.94
nicer	1.33	0.74
intelligent	1.34	0.82
hour	1.34	0.88
relaxed	1.34	0.89
available	1.35	0.92
seem	1.36	0.74
chin	1.36	0.85
got	1.36	1.02
full	1.37	1.02
significantly	1.37	0.85
easily	1.37	0.90
youre	1.37	0.91
stunning	1.38	1.05
blue	1.38	0.81
6.5/10	1.39	0.92
looking	1.39	0.95
sexier	1.39	0.91
size	1.39	0.81
bright	1.40	0.82
6.5-7/10	1.40	0.86
round	1.40	0.85
2-ugly	1.40	1.16
accentuate	1.41	0.98
wet	1.41	0.72
dry	1.42	0.88
lucky	1.42	0.96
7.8	1.42	1.03
green	1.43	0.77
defined	1.43	0.85
congratulations	1.44	1.00
books	1.44	0.82
8-9/10	1.45	0.79
sharp	1.45	0.83
jaw	1.45	0.85
hips	1.45	0.81
gosh	1.45	0.91
7ish	1.46	0.82
charming	1.46	0.64
small	1.47	0.96
excellent	1.48	1.60
waist	1.48	0.80
cheeks	1.48	0.75
thighs	1.48	0.82
8.8/10	1.49	0.82
babe	1.50	0.78
7-7.5/10	1.52	0.85
perfect	1.52	0.86
oh	1.52	0.86
dat	1.52	0.77
attractive	1.54	0.98
quite	1.54	0.90
proportions	1.55	0.82
breasts	1.55	0.84
butt	1.56	0.80
striking	1.56	0.77
offers	1.57	0.89
job	1.58	1.01
seriously	1.58	1.00
rarely	1.58	0.90
smooth	1.58	0.78
darn	1.58	0.83
features	1.58	0.78
naturally	1.59	0.79
good-looking	1.59	0.79
very	1.59	0.91
solid	1.59	0.92
important	1.59	0.78
manly	1.59	0.79
banging	1.60	0.68
imo	1.60	0.92
smart	1.60	0.77
curvy	1.60	0.76
definitely	1.61	0.90
extremely	1.62	0.89
young	1.62	0.85
book	1.62	0.80
8.5-9/10	1.62	0.75
masculine	1.63	0.79
pretty	1.63	0.94
marry	1.63	0.82
cheekbones	1.63	0.80
outgoing	1.64	0.80
pale	1.65	0.75
dem	1.66	0.84
goodness	1.66	0.75
insanely	1.66	0.78
overall	1.66	0.85
loving	1.67	0.98
weigh	1.67	0.85
lady	1.69	0.74
jawline	1.70	0.80
7/10	1.70	0.87
appear	1.71	0.83
mid	1.72	0.84
if	1.72	1.06
deep	1.72	0.76
pictures	1.72	0.82
plus	1.73	0.89
7.5-8/10	1.73	0.81
petite	1.74	1.00
bones	1.76	0.73
athletic	1.77	0.95
booty	1.77	0.70
ass	1.77	0.77
impressive	1.78	0.77
omg	1.81	0.73
dayum	1.81	0.86
doe	1.82	0.83
8.5	1.82	0.89
congrats	1.83	0.85
show	1.85	0.82
hell	1.86	0.82
clear	1.87	0.80
feminine	1.88	0.84
fucking	1.89	0.86
strong	1.89	0.88
hotter	1.90	0.77
handsome	1.91	0.79
good	1.92	0.98
complexion	1.93	0.70
or	1.94	0.86
makes	1.95	0.89
bod	1.98	0.67
slim	1.98	0.89
god	1.98	0.73
slender	1.98	0.91
approachable	1.98	0.65
friendly	1.98	0.66
warm	1.99	0.67
amp	2.01	0.69
big	2.01	0.79
more	2.02	0.80
opinions	2.02	0.85
cuter	2.02	0.84
welcome	2.03	0.76
boobs	2.03	0.82
lt	2.04	0.70
cheek	2.06	0.79
30s	2.08	0.80
prettier	2.08	0.78
pleasing	2.10	0.78
pleasant	2.11	0.76
shape	2.11	0.78
clap	2.11	0.88
less	2.16	0.95
tits	2.18	0.78
ridiculously	2.19	0.68
symmetry	2.20	0.80
exotic	2.20	0.67
legs	2.22	0.84
9.5/10	2.22	0.69
easy	2.23	0.81
body	2.23	0.74
symmetrical	2.24	0.77
freaking	2.24	0.60
than	2.24	0.82
super	2.25	0.69
skin	2.25	0.71
structure	2.28	0.73
smokin	2.28	0.58
freckles	2.28	0.70
bone	2.29	0.76
unique	2.30	0.68
flawless	2.30	0.70
9.5	2.30	0.79
7.5/10	2.32	0.74
dimples	2.32	0.61
incredibly	2.33	0.66
soft	2.36	0.66
rack	2.38	0.67
holy	2.43	0.69
curves	2.44	0.70
10/10	2.45	0.70
hourglass	2.46	0.71
face	2.47	0.70
smoking	2.47	0.63
8/10	2.47	0.69
cute	2.48	0.67
hot	2.51	0.69
wow	2.53	0.67
rocking	2.54	0.55
damn	2.55	0.65
9/10	2.59	0.65
eyes	2.59	0.62
8.5/10	2.60	0.62
absolutely	2.62	0.61
lips	2.63	0.62
smile	2.66	0.58
decent	2.67	0.59
gorgeous	2.75	0.54
figure	2.76	0.58
sweet	2.84	0.43
rockin	2.84	0.38
adorable	2.84	0.47
beautiful	2.88	0.49
killer	2.90	0.42
sexy	2.98	0.37
wonderful	3.08	0.32
great	3.09	0.35
lovely	3.10	0.34
incredible	3.12	0.32
