disgusting	-5.03	0.48
devastating	-4.45	1.18
scary	-4.25	1.30
must	-4.21	1.34
embarrassing	-4.16	1.40
terrifying	-4.14	1.35
poor	-4.04	1.45
bitter	-4.02	1.58
shitty	-4.01	1.47
crappy	-4.00	1.52
depressing	-4.00	1.65
guilty	-3.97	1.84
cruel	-3.83	1.09
messy	-3.68	0.99
toxic	-3.56	1.39
frustrating	-3.54	1.52
yelled	-3.38	1.71
resentful	-3.36	2.20
bad	-3.30	1.61
petty	-3.29	1.44
vindictive	-3.28	1.66
depressed	-3.28	2.38
silly	-3.27	1.51
difficult	-3.23	1.34
miserable	-3.22	2.08
forced	-3.22	1.53
hopeless	-3.18	2.37
stressed	-3.18	2.47
dislike	-3.17	1.50
frustrated	-3.15	2.56
imagine	-3.15	1.46
disappointed	-3.14	2.59
helpless	-3.14	2.45
lonely	-3.12	2.45
weird	-3.12	1.44
tired	-3.11	2.56
feeling	-3.09	2.50
insults	-3.09	1.69
heartbroken	-3.09	2.53
abandoned	-3.08	2.49
overwhelmed	-3.08	2.58
exhausted	-3.08	2.54
anxious	-3.07	2.50
uneasy	-3.05	2.14
stupid	-3.05	1.41
gross	-3.03	1.22
unnecessarily	-3.02	1.71
embarrassed	-3.00	2.46
upset	-3.00	2.53
divorces	-2.99	1.46
drag	-2.99	1.41
trapped	-2.99	2.35
scared	-2.99	2.53
awkward	-2.98	1.94
angry	-2.98	2.59
betrayed	-2.97	2.53
disgusted	-2.97	2.56
pissed	-2.97	2.59
piss	-2.96	1.31
inadequate	-2.95	2.44
understandably	-2.95	2.58
stuck	-2.95	1.68
confused	-2.94	2.57
insecure	-2.94	2.35
stressful	-2.93	1.11
grandma	-2.92	2.31
mad	-2.91	2.57
resent	-2.91	1.32
annoyed	-2.89	2.45
monster	-2.89	1.48
guts	-2.89	1.30
unpleasant	-2.86	1.15
pathetic	-2.86	2.04
sick	-2.85	2.30
irritated	-2.84	2.43
mum	-2.84	2.30
neglected	-2.84	2.31
nervous	-2.83	2.45
aunt	-2.82	2.36
conflicted	-2.82	2.56
obsessed	-2.81	1.72
disrespectful	-2.80	0.83
worthless	-2.79	1.67
torn	-2.79	2.26
uncomfortable	-2.77	2.19
evil	-2.76	1.50
painful	-2.76	1.03
smell	-2.75	1.32
furious	-2.75	2.64
horny	-2.75	2.62
among	-2.74	1.64
ugh	-2.73	1.29
desperate	-2.73	2.19
chore	-2.73	1.87
tough	-2.72	1.43
bored	-2.72	2.52
moms	-2.71	2.33
mess	-2.71	1.39
isolated	-2.71	2.25
complicated	-2.70	1.07
bizarre	-2.69	1.48
cousin	-2.68	2.39
rejected	-2.68	2.58
hating	-2.66	1.39
odd	-2.66	1.17
problematic	-2.66	1.73
draining	-2.65	1.35
bare	-2.63	1.83
disappointing	-2.63	1.39
strange	-2.63	1.03
ashamed	-2.62	2.47
frequent	-2.61	1.75
ugly	-2.61	1.37
weak	-2.61	2.31
unhappy	-2.60	2.37
paranoid	-2.60	1.95
knock	-2.59	1.89
created	-2.59	1.42
sons	-2.59	2.23
crushed	-2.59	2.31
jealous	-2.58	2.07
everywhere	-2.58	1.54
rightfully	-2.56	2.38
rolling	-2.56	1.88
insulted	-2.56	2.49
overreacting	-2.56	2.41
choices	-2.56	1.53
battles	-2.55	1.86
crying	-2.55	2.32
feels	-2.54	2.45
backwards	-2.53	1.83
empty	-2.51	2.39
exhausting	-2.50	1.43
pressured	-2.50	2.14
offend	-2.50	1.77
terrified	-2.50	1.89
general	-2.48	1.67
annoying	-2.41	1.63
follows	-2.40	1.33
defensive	-2.39	2.23
hurtful	-2.39	0.92
hurt	-2.38	2.14
originally	-2.37	1.85
dig	-2.35	1.83
familiarity	-2.35	1.72
appropriate	-2.35	1.76
freaked	-2.34	1.98
unfortunate	-2.34	1.60
annoy	-2.34	1.41
sorta	-2.33	1.66
dark	-2.32	1.98
afraid	-2.31	2.08
tears	-2.31	2.27
hungry	-2.30	2.40
offended	-2.29	2.37
grieve	-2.27	2.14
childish	-2.26	1.00
freak	-2.25	1.93
upsetting	-2.24	1.13
lash	-2.24	2.01
breeds	-2.23	1.82
made	-2.22	1.68
cry	-2.22	2.59
argued	-2.20	2.06
jack	-2.19	1.69
dishonest	-2.18	2.16
missing	-2.18	2.31
confusing	-2.17	1.16
wondering	-2.17	2.46
worried	-2.17	2.33
judge	-2.16	1.80
imagining	-2.15	1.98
hard	-2.15	1.19
hypothetical	-2.14	2.03
violated	-2.14	1.66
include	-2.12	1.73
downright	-2.11	0.99
escape	-2.11	1.40
goddamn	-2.10	2.21
fed	-2.10	2.20
hesitant	-2.09	2.21
immature	-2.09	1.17
outcomes	-2.08	2.15
unsure	-2.08	2.27
definite	-2.07	1.86
boyfriends	-2.06	2.02
needy	-2.06	1.79
obsessive	-2.06	1.43
tense	-2.06	1.84
selfish	-2.05	1.08
cowardly	-2.04	1.15
surely	-2.04	1.44
shame	-2.04	1.72
inexperienced	-2.02	2.05
impossible	-2.02	1.11
nerves	-2.02	1.82
shocked	-2.02	2.46
conclusion	-2.01	1.84
clingy	-2.01	1.74
yelling	-2.01	1.54
uncommon	-2.00	0.82
scenarios	-1.99	2.32
possessive	-1.99	1.60
tables	-1.98	1.40
inconsiderate	-1.97	1.09
inappropriate	-1.97	1.09
regret	-1.96	1.31
happen	-1.96	2.01
overwhelming	-1.96	1.17
centered	-1.95	1.09
admit	-1.95	1.45
rude	-1.95	1.16
distracted	-1.95	2.21
insensitive	-1.95	1.11
prepared	-1.94	1.97
irresponsible	-1.93	1.02
surprised	-1.92	2.28
lazy	-1.92	1.28
hypocritical	-1.92	1.26
such	-1.91	1.98
controlling	-1.90	1.55
sexist	-1.90	1.05
unfair	-1.90	1.09
ridiculous	-1.90	1.08
pushy	-1.90	1.69
instance	-1.89	1.98
ignorant	-1.89	1.08
hardly	-1.88	1.81
overbearing	-1.87	1.69
suspicious	-1.87	1.74
frankly	-1.86	1.14
grieving	-1.86	2.03
disturbing	-1.85	1.00
disrespected	-1.85	2.23
creepy	-1.85	1.45
contempt	-1.85	1.85
questionable	-1.84	1.09
blah	-1.84	1.69
suicidal	-1.84	1.33
distant	-1.83	2.05
uncertain	-1.83	1.70
manipulative	-1.83	1.17
pointless	-1.81	1.00
clueless	-1.80	1.41
traumatic	-1.80	1.02
whiny	-1.79	1.58
horribly	-1.79	1.07
died	-1.78	1.60
grandmother	-1.78	1.77
understandable	-1.78	2.06
flattered	-1.78	2.23
unwanted	-1.77	2.03
attacked	-1.77	1.50
dangerous	-1.76	1.03
crazy	-1.76	1.54
lame	-1.75	1.00
hiding	-1.75	2.55
wary	-1.74	2.02
vulnerable	-1.74	1.91
shady	-1.74	1.35
white	-1.73	1.89
arrogant	-1.73	1.19
hopeful	-1.73	2.53
troubling	-1.72	1.07
dramatic	-1.72	1.19
fishy	-1.71	1.23
yell	-1.70	1.65
inevitable	-1.70	1.02
sounding	-1.69	1.52
naive	-1.69	1.33
insignificant	-1.69	1.03
grandfather	-1.69	1.75
relieved	-1.69	2.14
rejection	-1.69	1.40
insulting	-1.67	1.11
imagined	-1.66	1.99
psycho	-1.65	1.43
grandparents	-1.65	1.83
struggle	-1.65	1.16
smells	-1.64	0.83
dying	-1.64	1.37
decisions	-1.64	1.24
bitchy	-1.64	1.45
resenting	-1.63	1.15
uncle	-1.62	1.85
uninterested	-1.62	1.51
fallout	-1.62	1.06
funeral	-1.62	1.39
malicious	-1.62	1.57
makes	-1.62	2.34
stresses	-1.61	1.44
universe	-1.61	2.03
surprising	-1.61	1.61
screaming	-1.59	1.52
unacceptable	-1.59	1.10
stomach	-1.59	1.36
trivial	-1.58	1.08
loss	-1.58	1.16
dad	-1.58	1.82
mother	-1.58	1.79
demanding	-1.57	1.60
plain	-1.57	1.04
misery	-1.57	1.05
seeming	-1.56	1.62
freaking	-1.56	1.67
judgmental	-1.56	1.40
happens	-1.56	2.05
devastated	-1.56	2.79
losing	-1.55	1.40
shallow	-1.55	1.19
threatened	-1.54	1.77
lately	-1.54	1.86
unnecessary	-1.53	1.07
shy	-1.53	2.05
utterly	-1.53	1.39
manipulated	-1.53	1.95
guilt	-1.52	1.36
loneliness	-1.52	1.61
prefer	-1.52	1.88
challenging	-1.51	1.19
worse	-1.51	1.45
making	-1.50	2.06
sound	-1.49	1.51
unusual	-1.49	1.07
violation	-1.49	1.03
irrational	-1.49	1.68
awkwardness	-1.48	1.16
consequences	-1.48	0.98
guessing	-1.48	1.97
concerned	-1.48	2.14
embarrassment	-1.48	1.41
fear	-1.48	1.56
sketchy	-1.48	1.44
bothered	-1.48	2.19
slightly	-1.48	1.84
accuse	-1.47	1.40
fights	-1.47	1.25
felt	-1.46	2.65
punish	-1.46	1.10
idiotic	-1.46	0.90
mom	-1.45	1.80
wonder	-1.45	1.73
ocd	-1.45	1.72
especially	-1.45	1.17
abnormal	-1.45	1.18
offensive	-1.45	1.27
shell	-1.44	1.69
predator	-1.43	1.43
danger	-1.43	1.36
crap	-1.43	1.73
useless	-1.42	1.29
caught	-1.42	1.90
heartbreak	-1.42	1.18
sadness	-1.41	1.44
judged	-1.40	1.63
easy	-1.40	1.32
prospect	-1.40	1.39
tricky	-1.40	1.28
teeth	-1.40	0.77
bit	-1.39	1.65
across	-1.39	1.54
reversed	-1.39	1.54
attack	-1.39	1.48
lashing	-1.39	1.46
overly	-1.39	1.71
defend	-1.39	1.50
little	-1.38	1.60
condescending	-1.38	1.22
overthinking	-1.38	1.79
fight	-1.38	1.27
resentment	-1.37	1.00
shaming	-1.37	1.11
obligated	-1.36	1.92
publicly	-1.36	1.46
sometimes	-1.36	1.38
reluctant	-1.36	2.10
violent	-1.36	1.55
excuses	-1.35	1.21
calling	-1.35	1.32
breakups	-1.35	1.05
death	-1.35	1.21
fetish	-1.35	1.21
rough	-1.34	1.13
pain	-1.34	1.24
prick	-1.34	1.20
innocent	-1.34	1.32
insult	-1.33	1.38
cancer	-1.33	1.18
destructive	-1.33	1.06
bug	-1.33	1.10
became	-1.32	1.65
terribly	-1.32	1.29
friendzoned	-1.31	1.91
behaviour	-1.31	1.11
brutal	-1.31	1.08
harmless	-1.31	1.15
sibling	-1.31	1.64
hostile	-1.30	1.09
unhealthy	-1.30	1.04
currently	-1.29	1.48
arguing	-1.29	1.51
loser	-1.29	1.34
temper	-1.29	1.39
too	-1.29	1.86
therefore	-1.29	1.70
busy	-1.28	1.88
enabling	-1.28	1.03
lied	-1.28	1.89
attacking	-1.27	1.47
unstable	-1.26	1.19
victim	-1.26	1.35
mainly	-1.26	1.01
easier	-1.26	1.38
miss	-1.26	1.86
ldrs	-1.25	1.32
conscious	-1.25	1.42
behavior	-1.24	1.21
common	-1.24	1.11
temporarily	-1.24	1.57
facing	-1.24	1.14
nag	-1.24	1.60
ironically	-1.24	1.34
fundamentally	-1.24	2.60
father	-1.23	1.60
unemployed	-1.23	1.55
drawn	-1.23	0.98
predict	-1.23	1.30
panic	-1.23	1.63
scares	-1.23	1.40
straw	-1.22	1.32
intentionally	-1.22	1.44
accusing	-1.22	1.36
deliberately	-1.22	1.31
aggressive	-1.22	1.32
struggling	-1.22	1.77
tantrum	-1.22	1.50
rage	-1.21	1.26
tendencies	-1.21	1.29
harder	-1.21	1.33
jerk	-1.21	1.24
prepare	-1.21	2.73
proportion	-1.21	1.31
stubborn	-1.21	1.39
familiar	-1.21	1.02
case	-1.20	2.70
void	-1.20	1.77
risky	-1.20	1.00
incredibly	-1.20	1.29
bitch	-1.20	1.22
where	-1.20	2.75
intentional	-1.19	2.74
harsh	-1.19	1.50
scenario	-1.19	2.78
strung	-1.19	1.32
wind	-1.19	1.34
dysfunctional	-1.19	1.08
and/or	-1.19	1.53
tempting	-1.19	1.14
stressing	-1.19	2.02
stalker	-1.18	1.30
hygiene	-1.18	0.75
arguments	-1.18	1.15
asshole	-1.18	1.22
indicative	-1.18	1.10
tad	-1.18	1.52
feeding	-1.18	1.12
shocking	-1.18	1.05
anywhere	-1.17	2.86
judgment	-1.17	1.09
abusive	-1.17	1.07
insane	-1.17	1.29
due	-1.17	1.07
string	-1.17	1.04
triggered	-1.16	1.46
adamant	-1.16	2.26
justifying	-1.16	1.33
bipolar	-1.16	1.56
possible	-1.16	2.67
hardest	-1.16	2.29
process	-1.16	1.22
fighting	-1.15	1.20
noticing	-1.15	1.47
cunt	-1.15	1.11
implying	-1.15	2.60
sister	-1.14	1.71
codependent	-1.14	1.27
passive	-1.14	1.20
recover	-1.14	1.16
enable	-1.14	1.08
inherently	-1.13	2.54
by	-1.13	1.56
simply	-1.13	3.10
partially	-1.12	1.49
blown	-1.12	1.34
scream	-1.12	1.65
brother	-1.12	1.76
afterward	-1.11	1.64
breach	-1.11	1.59
situations	-1.11	1.27
entitled	-1.11	1.33
heated	-1.10	1.38
pity	-1.10	1.87
narcissistic	-1.10	1.17
dismissive	-1.10	1.34
breakup	-1.10	1.18
coward	-1.10	1.38
brat	-1.10	1.26
crushing	-1.10	1.22
confusion	-1.09	1.22
depression	-1.09	1.58
curious	-1.09	2.30
unreasonable	-1.08	1.42
nagging	-1.08	1.66
anger	-1.08	1.48
judgement	-1.08	1.04
shut	-1.08	1.33
grief	-1.07	1.30
mostly	-1.07	1.56
moron	-1.07	1.29
disappointment	-1.07	1.16
absence	-1.07	1.19
unable	-1.07	1.39
messed	-1.07	1.21
trigger	-1.06	1.41
lead	-1.06	1.11
disorder	-1.06	1.55
idiots	-1.06	1.00
mommy	-1.06	1.29
inside	-1.06	1.55
torture	-1.06	1.02
ups	-1.05	1.03
fault	-1.05	2.92
remarks	-1.05	1.13
getting	-1.05	2.01
bpd	-1.05	1.12
complained	-1.04	2.41
heartache	-1.04	1.17
escalated	-1.04	1.49
dragged	-1.04	1.26
passed	-1.04	1.34
hurts	-1.04	1.96
am	-1.04	2.07
outright	-1.04	1.65
becoming	-1.04	1.70
legitimately	-1.03	2.27
spiral	-1.03	1.31
repercussions	-1.03	1.20
attacks	-1.03	1.25
break-up	-1.02	1.27
blaming	-1.02	1.60
advances	-1.02	1.64
absurd	-1.02	1.14
rushed	-1.02	1.70
wasting	-1.01	1.35
necessarily	-1.01	3.21
win	-1.00	1.06
disagreements	-1.00	1.15
reason	-1.00	3.19
foolish	-1.00	1.17
endure	-1.00	1.12
stress	-0.99	1.31
fill	-0.99	1.67
siblings	-0.99	1.72
defending	-0.99	1.62
exact	-0.99	2.54
unlikely	-0.99	1.49
privacy	-0.99	1.66
symptoms	-0.99	1.48
unknown	-0.99	1.10
same	-0.99	1.95
meaningless	-0.99	1.08
rape	-0.98	1.29
outcome	-0.98	2.68
guns	-0.98	1.09
names	-0.98	1.16
dead	-0.97	1.07
through	-0.97	1.33
drama	-0.97	1.12
gets	-0.97	2.02
trash	-0.96	1.02
corner	-0.96	1.41
certain	-0.96	1.38
cause	-0.96	1.28
daughter	-0.96	1.50
absolute	-0.96	2.31
disaster	-0.96	1.07
tension	-0.96	1.31
smoker	-0.95	0.84
grades	-0.95	1.73
behalf	-0.95	1.83
borderline	-0.95	1.30
whore	-0.95	1.25
swallow	-0.94	1.27
venting	-0.94	1.75
fucked	-0.94	1.32
create	-0.94	1.01
apologise	-0.93	1.51
stems	-0.93	1.12
doubt	-0.93	3.22
whole	-0.93	1.32
die	-0.93	1.21
affects	-0.93	1.21
abused	-0.93	1.26
assume	-0.93	3.06
idiot	-0.93	1.26
narcissist	-0.92	1.04
daddy	-0.92	1.25
responsibilities	-0.92	1.25
saying	-0.92	3.25
sounds	-0.92	1.56
patch	-0.92	1.15
extremely	-0.92	1.43
dumb	-0.92	1.20
throwing	-0.92	1.31
homeless	-0.92	1.56
doing	-0.91	3.25
arbitrary	-0.91	1.30
oblivious	-0.91	1.50
creatures	-0.91	1.01
insanely	-0.91	1.43
driver	-0.91	0.98
obsessing	-0.91	1.63
nightmare	-0.91	0.98
withholding	-0.91	1.54
important	-0.91	1.52
spoiled	-0.91	1.18
blame	-0.90	1.51
introvert	-0.90	1.71
absolutely	-0.90	3.22
seems	-0.90	1.68
naturally	-0.90	1.50
mean	-0.90	3.23
worrying	-0.90	1.87
apologize	-0.90	1.39
cousins	-0.90	1.75
blatantly	-0.90	1.57
necessary	-0.90	1.23
mistake	-0.89	1.28
concept	-0.89	1.18
afterwards	-0.89	1.93
enemy	-0.89	2.43
pile	-0.89	1.07
faster	-0.89	1.48
difficulties	-0.89	1.24
leaving	-0.89	1.80
confrontational	-0.89	1.30
awake	-0.89	1.77
middle	-0.88	1.18
questioned	-0.88	1.75
often	-0.88	1.29
rut	-0.88	1.54
patterns	-0.88	1.04
fact	-0.88	3.10
dictate	-0.88	1.32
forever	-0.88	1.53
divorcing	-0.88	1.22
leads	-0.88	1.11
bullshit	-0.87	1.11
fired	-0.87	1.64
ship	-0.87	1.37
alleviate	-0.87	1.57
complaining	-0.86	1.62
led	-0.86	1.11
effects	-0.86	0.99
accountable	-0.86	1.12
smoking	-0.86	0.88
pressuring	-0.86	1.47
prone	-0.85	1.56
unclear	-0.85	1.30
considering	-0.85	1.85
decision	-0.85	1.48
resulted	-0.85	1.11
allow	-0.85	1.38
uncertainty	-0.85	1.27
threats	-0.85	1.40
obnoxious	-0.85	1.27
dragging	-0.85	1.17
situation	-0.85	1.81
toilet	-0.85	0.95
seem	-0.85	1.85
brothers	-0.84	1.47
dynamic	-0.84	1.18
ptsd	-0.84	1.32
healing	-0.84	1.33
whining	-0.84	1.53
lying	-0.84	1.73
beta	-0.84	1.46
initially	-0.84	1.89
huge	-0.84	1.15
failure	-0.83	1.28
jealousy	-0.83	1.47
vibe	-0.83	1.47
big	-0.83	1.19
parents	-0.83	1.45
shutting	-0.83	1.42
daughters	-0.83	1.27
extreme	-0.83	1.29
happening	-0.82	2.20
however	-0.82	3.18
son	-0.82	1.40
excessive	-0.82	1.06
marital	-0.82	1.29
applying	-0.82	1.18
grasp	-0.82	1.53
racist	-0.81	1.24
jumped	-0.81	1.17
severely	-0.81	1.36
punishing	-0.81	1.57
partly	-0.81	1.44
strain	-0.81	1.23
scare	-0.81	1.57
quite	-0.81	1.75
tantrums	-0.80	1.20
private	-0.80	1.15
fragile	-0.80	1.44
argument	-0.80	1.48
avoid	-0.79	1.34
hassle	-0.79	1.31
order	-0.79	1.20
feminist	-0.79	0.97
factors	-0.79	1.14
anxiety	-0.79	1.39
hide	-0.79	1.77
bomb	-0.79	1.40
minor	-0.79	1.12
sociopath	-0.79	1.28
pressure	-0.78	1.38
lies	-0.78	1.48
right	-0.78	3.35
meaning	-0.78	1.72
excuse	-0.78	1.49
mistaken	-0.78	1.96
beating	-0.78	1.37
risking	-0.78	1.54
jump	-0.78	1.28
fathers	-0.78	1.27
sympathize	-0.77	1.47
mil	-0.77	1.00
cling	-0.77	1.49
nothing	-0.77	3.32
reported	-0.77	1.60
wreck	-0.77	0.95
drain	-0.77	1.07
point	-0.77	3.22
reserved	-0.77	1.63
heal	-0.77	1.33
suffered	-0.76	1.25
violating	-0.76	1.54
exposed	-0.76	1.50
plausible	-0.76	1.43
tendency	-0.76	1.24
sink	-0.76	0.96
sarcastic	-0.76	1.35
unhappiness	-0.76	1.22
secret	-0.75	1.57
blue	-0.75	1.01
negativity	-0.75	1.25
public	-0.75	1.29
damage	-0.75	1.40
rant	-0.75	1.35
america	-0.75	1.01
trickle	-0.75	1.50
result	-0.74	1.20
caused	-0.74	1.20
perceived	-0.74	1.41
usual	-0.74	1.05
clear	-0.74	1.82
plus	-0.74	1.34
filled	-0.74	1.26
silence	-0.74	1.50
disclosure	-0.74	1.06
pining	-0.74	1.51
damaging	-0.74	1.18
pattern	-0.74	1.00
nonsense	-0.73	1.03
abandonment	-0.73	1.25
threatening	-0.73	1.37
rocky	-0.73	1.31
unaware	-0.73	1.47
anything	-0.73	3.26
leading	-0.73	1.10
applied	-0.73	1.25
creating	-0.73	1.01
approve	-0.73	1.79
recipe	-0.72	1.09
teaching	-0.72	1.04
assumptions	-0.72	1.24
ignored	-0.72	1.68
cried	-0.72	1.78
risk	-0.72	1.44
ed	-0.72	1.19
custody	-0.72	1.04
knowingly	-0.71	1.64
denied	-0.71	1.61
jobs	-0.71	1.08
hypocrite	-0.71	1.32
truth	-0.71	1.85
toll	-0.71	1.27
frustration	-0.71	1.31
realistically	-0.71	1.39
conflict	-0.71	1.30
fond	-0.71	1.42
tearing	-0.71	1.55
suck	-0.71	1.52
controlled	-0.71	1.48
manipulating	-0.71	1.40
confrontation	-0.70	1.17
suffer	-0.70	1.29
meanwhile	-0.70	0.96
destroy	-0.70	1.25
winning	-0.70	1.14
causing	-0.70	1.19
albeit	-0.70	1.44
doomed	-0.70	1.54
sour	-0.70	1.19
majority	-0.70	1.06
similar	-0.70	1.26
arise	-0.70	1.33
defense	-0.70	1.35
likelihood	-0.70	1.45
sooo	-0.70	1.58
consequence	-0.70	1.34
covered	-0.69	1.10
somewhat	-0.69	1.60
acceptable	-0.69	1.73
kid	-0.69	1.29
douche	-0.69	1.22
utter	-0.69	0.96
whenever	-0.69	1.69
diagnosed	-0.69	1.35
blamed	-0.69	1.27
management	-0.69	1.06
informed	-0.69	1.30
thinking	-0.69	2.49
illogical	-0.69	1.27
harm	-0.69	1.52
complete	-0.69	0.97
cleaning	-0.69	1.20
harming	-0.69	1.46
verbally	-0.69	1.25
tied	-0.68	1.36
suffering	-0.68	1.29
likely	-0.68	1.67
kill	-0.68	1.47
accusatory	-0.68	1.35
argue	-0.68	1.48
minimal	-0.68	1.20
herself	-0.68	1.64
twisted	-0.68	1.37
threat	-0.68	1.47
forcing	-0.68	1.41
laughed	-0.68	1.39
manipulate	-0.68	1.41
cease	-0.68	1.18
born	-0.68	1.19
gun	-0.67	1.22
court	-0.67	1.01
versus	-0.67	1.18
begging	-0.67	1.55
neglect	-0.67	1.14
possibility	-0.67	1.47
kids	-0.67	1.33
sisters	-0.67	1.38
severe	-0.67	1.29
accident	-0.67	0.89
alcoholic	-0.67	1.07
slut	-0.67	1.28
large	-0.67	1.01
meant	-0.67	3.09
suspect	-0.67	1.85
attempts	-0.67	1.55
resort	-0.66	1.16
ball	-0.66	1.07
introverted	-0.66	1.87
odds	-0.66	1.27
e.g	-0.66	1.52
mistrust	-0.66	1.41
curb	-0.66	1.17
separation	-0.66	1.11
removing	-0.66	1.17
cautious	-0.66	1.63
apply	-0.66	1.06
statistically	-0.66	1.21
sticking	-0.66	1.20
hearts	-0.66	1.02
keen	-0.66	1.82
incident	-0.65	1.32
heck	-0.65	1.58
cycle	-0.65	1.07
continuing	-0.65	1.35
concerning	-0.65	1.43
lie	-0.65	1.89
specifics	-0.65	1.84
screw	-0.65	1.44
defining	-0.65	1.16
illness	-0.65	1.35
reminds	-0.65	1.39
referring	-0.65	1.58
completely	-0.64	1.89
poison	-0.64	1.16
knowing	-0.64	1.99
specific	-0.64	1.29
paint	-0.64	1.09
creep	-0.64	1.29
discomfort	-0.64	1.35
reconcile	-0.64	1.53
mistakes	-0.64	1.29
betrayal	-0.64	1.41
nowhere	-0.63	1.68
exposure	-0.63	1.16
home	-0.63	1.53
hole	-0.63	1.25
ought	-0.63	1.54
describe	-0.63	1.40
determined	-0.63	1.27
apologizing	-0.63	1.59
particular	-0.63	1.16
stringing	-0.63	1.47
allowed	-0.62	1.33
occur	-0.62	1.29
super	-0.62	1.59
housework	-0.62	1.35
accused	-0.62	1.22
dysfunction	-0.62	1.26
mode	-0.62	1.31
hesitation	-0.62	1.88
internal	-0.62	1.15
grew	-0.62	1.18
seemingly	-0.62	1.23
burn	-0.62	1.29
mothers	-0.62	1.15
blowing	-0.62	1.67
backed	-0.62	1.32
fears	-0.62	1.48
thrown	-0.62	1.14
fantasizing	-0.61	1.40
weakness	-0.61	1.42
combined	-0.61	1.24
simple	-0.61	1.37
kicking	-0.61	1.21
beg	-0.61	1.62
gauge	-0.61	1.23
circumstances	-0.61	1.39
nor	-0.61	2.55
current	-0.61	1.24
obvious	-0.61	1.53
daily	-0.61	0.98
loud	-0.61	1.35
sweat	-0.60	1.04
attached	-0.60	1.47
refused	-0.60	1.70
territory	-0.60	1.17
detrimental	-0.60	1.18
storm	-0.60	1.13
preparing	-0.60	1.44
suicide	-0.60	1.41
favour	-0.60	1.34
increases	-0.60	1.27
one-sided	-0.60	1.26
children	-0.60	1.24
backing	-0.60	1.48
purposely	-0.60	1.58
causes	-0.60	1.22
escalating	-0.60	1.25
experienced	-0.60	1.35
over	-0.60	2.00
example	-0.60	1.24
blackmail	-0.60	1.35
followed	-0.60	0.92
risks	-0.59	1.17
justify	-0.59	1.45
unrealistic	-0.59	1.29
prefers	-0.59	2.11
cheat	-0.59	1.88
spouses	-0.59	1.08
divorce	-0.59	1.10
desperation	-0.59	1.15
child	-0.59	1.17
unless	-0.59	3.13
silent	-0.59	1.33
threatens	-0.59	1.48
okay	-0.59	3.29
apologetic	-0.59	1.77
boundary	-0.58	1.38
hid	-0.58	1.59
typical	-0.58	1.13
kinda	-0.58	1.66
challenges	-0.58	1.23
assuming	-0.58	2.45
notice	-0.58	1.39
recorded	-0.58	1.03
deadline	-0.58	1.54
sarcasm	-0.58	1.40
improved	-0.58	1.06
threaten	-0.58	1.49
pushing	-0.58	1.49
refusal	-0.58	1.45
total	-0.58	1.10
circumstance	-0.58	1.48
virgin	-0.57	1.87
wives	-0.57	1.19
dry	-0.57	1.11
critical	-0.57	1.20
hidden	-0.57	1.53
comfortable	-0.57	2.09
complain	-0.57	1.50
eager	-0.57	1.74
projecting	-0.57	1.43
conflicts	-0.57	1.34
reward	-0.57	0.97
d	-0.57	2.34
barrier	-0.56	1.26
flip	-0.56	1.31
sacrifices	-0.56	1.31
becomes	-0.56	1.45
worry	-0.56	2.45
involving	-0.56	1.03
insisting	-0.56	1.69
chores	-0.56	1.35
warn	-0.56	1.25
jumping	-0.56	1.43
why	-0.56	2.53
wasted	-0.56	1.45
bugging	-0.56	2.16
actions	-0.56	1.38
bully	-0.56	1.29
paranoia	-0.56	1.45
obligation	-0.56	1.59
escalate	-0.56	1.22
grounds	-0.56	1.45
cheating	-0.56	1.69
failed	-0.56	1.24
screams	-0.56	1.32
ultimately	-0.55	1.53
shower	-0.55	0.89
criminal	-0.55	1.26
doormat	-0.55	1.47
slide	-0.55	1.23
divorced	-0.55	1.09
particularly	-0.55	1.74
understand	-0.55	2.25
rejecting	-0.55	1.59
staying	-0.55	1.54
instances	-0.54	1.26
impact	-0.54	1.20
rationalize	-0.54	1.47
sabotage	-0.54	1.34
teenagers	-0.54	1.37
parental	-0.54	1.09
faced	-0.54	1.25
eventually	-0.54	1.49
changing	-0.54	1.32
impulse	-0.54	1.10
cases	-0.54	1.44
breakdown	-0.54	1.22
sneaking	-0.54	1.64
motives	-0.54	1.50
condition	-0.54	1.29
abandon	-0.54	1.39
intent	-0.54	1.91
blow	-0.53	1.23
duty	-0.53	1.17
substance	-0.53	1.06
quicker	-0.53	1.33
affect	-0.53	1.24
stretch	-0.53	1.27
hearing	-0.53	1.67
wounds	-0.53	1.33
weekly	-0.53	1.06
liar	-0.53	1.44
brush	-0.53	0.99
catching	-0.53	1.52
battle	-0.53	1.15
likewise	-0.53	1.28
cringe	-0.53	1.16
fairly	-0.53	1.62
depending	-0.53	1.26
parent	-0.53	1.26
deal	-0.53	1.75
deal-breaker	-0.53	1.88
tactics	-0.53	1.44
environment	-0.53	1.00
friendzone	-0.52	1.40
abuser	-0.52	1.24
secrets	-0.52	1.51
rapist	-0.52	1.35
dislikes	-0.52	2.17
totally	-0.52	2.43
yes	-0.52	3.28
dumbass	-0.52	1.15
surrounding	-0.52	1.17
throws	-0.52	1.30
trauma	-0.52	1.21
solely	-0.52	1.11
its	-0.52	1.84
safely	-0.52	1.40
tattoo	-0.52	1.08
admitting	-0.52	1.47
minimum	-0.52	1.01
husbands	-0.52	1.27
burned	-0.52	1.43
system	-0.52	1.04
abuse	-0.52	1.25
picky	-0.51	1.61
ahead	-0.51	1.19
following	-0.51	1.12
mild	-0.51	1.28
assholes	-0.51	1.05
symptom	-0.51	1.34
possibly	-0.51	1.79
cops	-0.51	1.36
timing	-0.51	1.19
comparison	-0.51	1.02
performance	-0.51	1.41
ours	-0.51	1.09
chronic	-0.51	1.26
insecurity	-0.51	1.33
older	-0.51	1.20
dishes	-0.51	1.03
set	-0.51	1.34
episode	-0.51	0.91
their	-0.50	1.17
douchebag	-0.50	1.26
heart	-0.50	1.42
certainly	-0.50	2.82
laundry	-0.50	1.18
secondly	-0.50	1.49
shed	-0.50	1.19
kicked	-0.50	1.21
attitude	-0.50	1.19
abusers	-0.50	1.26
roles	-0.50	1.39
rushing	-0.50	1.43
pressing	-0.50	1.35
creates	-0.50	1.10
allowing	-0.50	1.48
forgive	-0.50	1.49
hesitate	-0.50	1.69
questioning	-0.50	1.69
disease	-0.50	1.13
biggest	-0.49	1.33
abusing	-0.49	1.38
fucking	-0.49	1.42
comparing	-0.49	1.45
bothering	-0.49	2.32
threw	-0.49	1.23
emphasize	-0.49	1.37
setting	-0.49	1.24
without	-0.49	1.80
dropped	-0.49	1.30
demands	-0.49	1.36
accusations	-0.49	1.30
punch	-0.49	1.31
chance	-0.49	2.20
mentality	-0.49	1.25
shorter	-0.49	1.20
pretend	-0.49	2.22
piece	-0.49	1.24
appear	-0.49	1.51
overthink	-0.49	1.78
cognitive	-0.48	1.26
visiting	-0.48	1.18
betraying	-0.48	1.60
claim	-0.48	1.17
childhood	-0.48	1.10
changes	-0.48	1.44
work	-0.48	1.93
judging	-0.48	1.46
infidelity	-0.48	1.44
burden	-0.48	1.26
guard	-0.48	1.31
se	-0.48	1.82
neither	-0.48	2.94
lesbian	-0.48	1.19
score	-0.48	1.28
conclusions	-0.48	1.24
advantage	-0.48	1.49
imaginary	-0.48	1.26
reaction	-0.48	1.49
minimize	-0.48	1.36
realise	-0.48	1.73
world	-0.47	2.43
normal	-0.47	1.58
label	-0.47	1.25
courts	-0.47	1.11
stigma	-0.47	1.27
victims	-0.47	1.22
means	-0.47	3.27
major	-0.47	1.32
telling	-0.47	2.26
determine	-0.47	1.34
task	-0.47	1.39
breaker	-0.47	1.67
massive	-0.47	1.10
retarded	-0.47	1.32
guess	-0.47	2.53
motive	-0.47	1.85
action	-0.46	1.55
lost	-0.46	1.38
affecting	-0.46	1.31
broken	-0.46	1.40
refuse	-0.46	1.57
reject	-0.46	1.66
crucial	-0.46	1.42
trouble	-0.46	1.55
forget	-0.46	2.02
younger	-0.46	1.17
acknowledged	-0.46	1.26
misunderstanding	-0.46	1.34
drastic	-0.46	1.62
vast	-0.46	1.11
described	-0.46	1.47
dumping	-0.46	1.37
ad	-0.46	1.20
standing	-0.46	1.37
putting	-0.46	1.36
violence	-0.46	1.31
change	-0.46	1.90
avoiding	-0.46	1.40
guarantee	-0.46	2.32
clean	-0.46	1.06
letting	-0.46	1.90
trolling	-0.46	1.70
insisted	-0.46	1.43
problems	-0.46	1.50
slim	-0.46	1.27
kick	-0.46	1.30
dwelling	-0.45	1.53
starts	-0.45	1.47
hospital	-0.45	1.13
contributed	-0.45	1.16
ass	-0.45	1.28
neighbor	-0.45	0.98
assaulted	-0.45	1.33
pushed	-0.45	1.30
spare	-0.45	1.32
entire	-0.45	1.15
socially	-0.45	1.63
pulled	-0.45	1.20
lot	-0.45	1.86
digging	-0.45	1.05
convince	-0.45	1.74
draw	-0.45	1.28
cheaper	-0.45	1.02
faces	-0.45	1.00
behind	-0.45	1.62
imagination	-0.45	1.41
associate	-0.45	1.10
expected	-0.45	1.64
destroyed	-0.45	1.29
preventing	-0.45	1.63
habit	-0.45	1.05
rest	-0.45	1.27
delusional	-0.45	1.30
police	-0.45	1.35
superficial	-0.44	1.11
chances	-0.44	1.61
unrelated	-0.44	1.58
denying	-0.44	1.40
repeatedly	-0.44	1.67
triggers	-0.44	1.25
unlike	-0.44	1.16
paperwork	-0.44	1.09
limits	-0.44	1.31
compromising	-0.44	1.21
ending	-0.44	1.43
limiting	-0.44	1.12
fixable	-0.44	2.16
stalking	-0.44	1.33
approached	-0.44	1.33
song	-0.44	2.25
step	-0.43	1.33
stop	-0.43	1.62
reacted	-0.43	1.89
list	-0.43	1.06
slight	-0.43	1.34
load	-0.43	1.17
standard	-0.43	1.38
intend	-0.43	1.85
constantly	-0.43	1.48
raped	-0.43	1.42
relation	-0.43	1.14
breaking	-0.43	1.55
society	-0.43	1.11
compare	-0.43	1.02
ok	-0.43	3.24
combination	-0.42	1.11
worries	-0.42	1.98
stem	-0.42	1.36
whatnot	-0.42	1.03
bitches	-0.42	1.22
line	-0.42	1.42
eh	-0.42	1.54
called	-0.42	1.34
tempted	-0.42	1.64
legit	-0.42	1.70
authorities	-0.42	1.33
sorts	-0.42	1.21
tiny	-0.42	1.10
boundaries	-0.42	1.38
indeed	-0.42	1.44
ldr	-0.42	1.19
restraining	-0.42	1.23
pot	-0.42	0.94
demand	-0.42	1.44
sided	-0.42	1.11
snooped	-0.42	1.58
although	-0.42	2.39
ignoring	-0.41	1.55
hurting	-0.41	1.73
alcoholism	-0.41	1.15
adjust	-0.41	1.38
potential	-0.41	1.19
become	-0.41	1.58
reverse	-0.41	1.39
fair	-0.41	2.62
status	-0.41	1.38
protecting	-0.41	1.36
bridges	-0.41	1.27
switch	-0.41	1.37
stick	-0.41	1.51
hence	-0.41	1.26
inner	-0.41	1.15
deception	-0.41	1.50
begin	-0.41	1.27
lawyers	-0.41	1.16
disagreement	-0.41	1.51
issues	-0.41	1.44
subconsciously	-0.41	1.42
war	-0.41	1.00
idk	-0.40	1.83
reinforce	-0.40	1.18
baby	-0.40	1.15
surface	-0.40	1.30
distancing	-0.40	1.48
promises	-0.40	1.21
acknowledge	-0.40	1.64
inevitably	-0.40	1.39
noticed	-0.40	1.44
intended	-0.40	1.48
ultimate	-0.40	2.33
textbook	-0.40	1.24
against	-0.40	1.36
distance	-0.40	1.29
bothers	-0.40	1.80
definition	-0.40	1.56
boot	-0.40	1.25
affected	-0.40	1.27
beyond	-0.40	1.61
leaning	-0.40	1.48
overcome	-0.39	1.49
spite	-0.39	1.34
kinds	-0.39	1.22
exactly	-0.39	2.54
norm	-0.39	1.37
throw	-0.39	1.26
rid	-0.39	1.33
drift	-0.39	1.20
soooo	-0.39	1.74
subconscious	-0.39	1.38
taste	-0.39	0.83
temptation	-0.39	1.41
interfere	-0.39	1.53
occurs	-0.39	1.03
hell	-0.39	2.28
may	-0.39	2.51
statement	-0.39	1.65
endless	-0.39	1.13
bugs	-0.39	1.51
seat	-0.39	1.16
unresolved	-0.39	1.39
actively	-0.38	1.53
troubles	-0.38	1.32
skills	-0.38	1.07
raised	-0.38	1.17
repeating	-0.38	1.66
motivations	-0.38	1.51
double	-0.38	1.35
crossing	-0.38	1.27
related	-0.38	1.26
perform	-0.38	1.27
heavily	-0.38	1.42
slack	-0.38	1.30
relatives	-0.38	1.46
coming	-0.38	1.97
includes	-0.38	1.16
drawing	-0.38	1.23
secondary	-0.38	1.46
manipulation	-0.37	1.22
wheel	-0.37	1.03
which	-0.37	2.44
knocked	-0.37	1.30
rejects	-0.37	1.59
explicitly	-0.37	1.75
realize	-0.37	2.21
less	-0.37	1.49
suspicion	-0.37	1.70
sense	-0.37	1.90
sounded	-0.37	1.64
off	-0.37	1.49
difference	-0.37	1.38
er	-0.37	1.11
fantasy	-0.37	1.37
authority	-0.37	1.07
hills	-0.37	1.51
sneak	-0.36	1.48
shit	-0.36	1.64
problem	-0.36	1.93
rather	-0.36	1.57
maid	-0.36	1.24
part	-0.36	1.77
trial	-0.36	1.14
assault	-0.36	1.26
biological	-0.36	1.15
reasonable	-0.36	1.55
sos	-0.36	1.12
domestic	-0.36	1.34
himself	-0.36	1.63
arrangements	-0.36	1.35
legitimate	-0.36	1.60
similarly	-0.36	1.38
emphasis	-0.36	1.28
flag	-0.36	1.38
easily	-0.36	1.48
air	-0.36	1.10
normally	-0.36	1.47
steer	-0.35	1.20
expectation	-0.35	1.37
snooping	-0.35	1.63
complications	-0.35	1.19
consistently	-0.35	1.48
resist	-0.35	1.32
possibilities	-0.35	1.20
american	-0.35	1.21
convincing	-0.35	1.08
honestly	-0.35	2.80
indicator	-0.35	1.36
reveal	-0.35	1.36
adhd	-0.35	1.37
bust	-0.35	1.28
call	-0.35	1.52
wash	-0.35	0.96
thankfully	-0.35	1.28
further	-0.35	1.48
shove	-0.35	1.17
spirit	-0.35	1.49
depend	-0.35	1.19
pussy	-0.35	1.44
drunk	-0.35	1.31
file	-0.35	1.26
mental	-0.35	1.34
forbid	-0.34	1.13
bigger	-0.34	1.29
unwilling	-0.34	1.71
enforce	-0.34	1.37
follow	-0.34	1.23
fix	-0.34	1.82
imply	-0.34	1.65
peers	-0.34	1.20
allows	-0.34	1.26
nuts	-0.34	1.37
disorders	-0.34	1.31
leap	-0.34	1.19
pretty	-0.34	1.78
baggage	-0.34	1.30
stopping	-0.34	1.58
prevent	-0.34	1.41
cure	-0.34	1.32
insecurities	-0.34	1.44
testosterone	-0.34	1.37
charges	-0.34	1.24
position	-0.34	1.46
syndrome	-0.34	1.09
spin	-0.33	1.15
vital	-0.33	1.41
red	-0.33	1.30
competition	-0.33	1.17
center	-0.33	1.08
remember	-0.33	2.00
rebound	-0.33	1.19
clue	-0.33	1.92
smoke	-0.33	0.95
meh	-0.33	1.71
dealing	-0.33	1.41
specifically	-0.33	2.22
mechanism	-0.33	1.30
mindset	-0.33	1.31
thru	-0.33	1.23
generally	-0.33	1.35
affair	-0.33	1.58
again	-0.33	2.07
depends	-0.33	1.73
effect	-0.32	1.27
fast	-0.32	1.34
obsess	-0.32	1.66
constant	-0.32	1.16
stating	-0.32	1.85
turn	-0.32	1.40
bs	-0.32	1.09
conditions	-0.32	1.28
issue	-0.32	1.77
version	-0.32	2.42
fixing	-0.32	1.40
expecting	-0.32	1.77
involves	-0.32	1.44
discovered	-0.32	1.50
asking	-0.32	2.40
trying	-0.32	2.22
relate	-0.32	1.31
course	-0.32	3.12
distress	-0.32	1.28
requirement	-0.32	1.42
essentially	-0.32	1.41
involve	-0.32	1.08
run	-0.32	1.56
proper	-0.32	1.09
worth	-0.32	1.82
health	-0.32	1.40
flags	-0.32	1.25
tactic	-0.32	1.21
affairs	-0.32	1.18
winner	-0.32	1.18
relative	-0.32	1.22
reality	-0.31	1.50
name	-0.31	1.20
lacking	-0.31	1.09
blatant	-0.31	1.29
reasoning	-0.31	1.45
regular	-0.31	1.01
dick	-0.31	1.24
purposes	-0.31	1.23
struggled	-0.31	1.17
optimistic	-0.31	1.57
dwell	-0.31	1.53
intention	-0.31	2.02
hormone	-0.31	1.34
knife	-0.31	1.31
john	-0.31	1.11
toss	-0.31	1.20
protective	-0.31	1.43
might	-0.31	2.39
true	-0.31	3.10
onto	-0.31	1.36
pin	-0.31	1.18
vary	-0.31	1.21
lines	-0.31	1.41
dump	-0.31	1.46
root	-0.31	1.47
tend	-0.31	1.23
psychological	-0.30	1.32
keeps	-0.30	1.54
doubting	-0.30	2.03
door	-0.30	1.23
mixed	-0.30	1.46
accommodate	-0.30	1.34
rules	-0.30	1.34
bluntly	-0.30	1.58
somehow	-0.30	1.75
crossed	-0.30	1.38
reputation	-0.30	1.11
presence	-0.30	1.43
flat	-0.30	1.69
force	-0.30	1.91
always	-0.30	2.34
filling	-0.30	1.50
began	-0.30	1.25
shuts	-0.30	1.67
speed	-0.30	1.32
continue	-0.30	1.66
heroin	-0.30	1.08
underlying	-0.30	1.52
let	-0.30	2.34
rug	-0.30	1.20
including	-0.30	1.07
breath	-0.30	1.03
options	-0.29	1.35
young	-0.29	1.26
drug	-0.29	1.03
thumb	-0.29	1.16
belongs	-0.29	1.35
bury	-0.29	1.22
working	-0.29	1.68
scumbag	-0.29	1.24
timeline	-0.29	1.25
bringing	-0.29	1.95
instead	-0.29	1.53
intentions	-0.29	1.92
code	-0.29	1.33
continues	-0.29	1.40
1000	-0.29	1.47
brushing	-0.29	1.05
everytime	-0.29	1.69
addict	-0.29	1.09
save	-0.29	1.33
confronting	-0.29	1.62
ongoing	-0.28	1.28
law	-0.28	1.19
feed	-0.28	1.52
biased	-0.28	1.59
truthfully	-0.28	2.09
firmly	-0.28	1.43
dust	-0.28	1.17
forgave	-0.28	1.60
lease	-0.28	1.26
family	-0.28	1.53
transition	-0.28	1.16
dealbreaker	-0.28	1.72
remove	-0.28	1.18
wet	-0.28	0.97
nowadays	-0.28	1.37
near	-0.28	1.49
deciding	-0.28	1.53
horse	-0.28	1.08
press	-0.28	1.31
blows	-0.28	1.39
imo	-0.28	1.98
implications	-0.28	1.29
lose	-0.27	1.46
push	-0.27	1.52
tells	-0.27	2.15
teenager	-0.27	1.16
concentrate	-0.27	1.48
slap	-0.27	1.23
solved	-0.27	1.47
justification	-0.27	1.53
brutally	-0.27	1.52
fence	-0.27	1.48
distrust	-0.27	1.62
struggles	-0.27	1.33
negotiate	-0.27	1.46
disrespecting	-0.27	1.47
bottom	-0.27	1.27
kept	-0.27	1.55
cheaters	-0.27	1.45
knight	-0.27	1.26
ethical	-0.27	1.40
jail	-0.27	1.11
sticks	-0.27	1.18
leaves	-0.27	1.58
dependent	-0.27	1.39
bother	-0.27	2.31
remind	-0.27	1.40
frame	-0.27	1.27
scheme	-0.27	0.99
destroying	-0.27	1.27
adding	-0.27	1.33
report	-0.27	1.30
tbh	-0.27	1.49
window	-0.27	1.15
come	-0.27	1.84
charged	-0.26	1.33
wo	-0.26	2.33
surgery	-0.26	1.16
witness	-0.26	1.46
otherwise	-0.26	2.41
factor	-0.26	1.34
attempt	-0.26	1.67
conscience	-0.26	1.24
news	-0.26	1.44
arrested	-0.26	1.26
instant	-0.26	1.19
consciously	-0.26	1.49
expectations	-0.26	1.41
escalates	-0.26	1.33
bonus	-0.26	1.31
hitting	-0.26	1.36
feasible	-0.26	1.40
refusing	-0.26	1.57
unfortunately	-0.26	2.35
burning	-0.26	1.34
cross	-0.26	1.26
breakers	-0.26	1.32
turning	-0.26	1.41
quickly	-0.26	1.45
own	-0.26	1.37
probably	-0.26	2.74
growing	-0.26	1.39
convenient	-0.26	1.28
attorney	-0.26	1.22
tackle	-0.25	1.55
besides	-0.25	1.74
balls	-0.25	1.22
emotions	-0.25	1.32
killing	-0.25	1.18
having	-0.25	2.09
wound	-0.25	1.31
requests	-0.25	1.41
failing	-0.25	1.33
potentially	-0.25	1.30
luckily	-0.25	1.04
states	-0.25	1.33
bachelor	-0.25	0.94
sudden	-0.25	1.22
behaviors	-0.25	1.10
sadly	-0.25	1.27
punching	-0.25	1.25
slowly	-0.25	1.35
disconnect	-0.25	1.56
quits	-0.25	1.35
ages	-0.25	1.31
eggshells	-0.25	1.14
doors	-0.25	1.25
request	-0.25	1.63
medication	-0.25	1.36
farther	-0.24	1.39
occurred	-0.24	1.40
hugely	-0.24	1.38
progress	-0.24	1.31
lawyer	-0.24	1.22
nerve	-0.24	1.17
either	-0.24	2.68
diagnosis	-0.24	1.39
settings	-0.24	1.28
imbalance	-0.24	1.37
full	-0.24	1.33
wherever	-0.24	1.26
flying	-0.24	1.13
crisis	-0.24	1.33
injury	-0.24	1.18
clock	-0.24	1.20
certainty	-0.24	1.57
confess	-0.24	1.60
throat	-0.23	1.17
rights	-0.23	1.18
phrase	-0.23	1.43
denial	-0.23	1.55
side	-0.23	1.57
reactions	-0.23	1.21
attempted	-0.23	1.49
louder	-0.23	1.30
dicks	-0.23	1.09
dropping	-0.23	1.34
also	-0.23	2.71
resolved	-0.23	1.58
rate	-0.23	1.33
defined	-0.23	1.27
stories	-0.23	1.36
missed	-0.23	1.33
acting	-0.23	1.48
suddenly	-0.23	1.43
south	-0.23	1.09
resolution	-0.23	1.37
complaint	-0.23	1.54
heading	-0.23	1.19
camp	-0.23	1.37
messing	-0.23	1.49
reflect	-0.23	1.34
bone	-0.23	1.28
assumption	-0.22	1.35
70	-0.22	1.50
morally	-0.22	3.05
desperately	-0.22	1.51
frequently	-0.22	1.36
focused	-0.22	1.51
resolve	-0.22	1.60
far	-0.22	1.70
significant	-0.22	1.10
grass	-0.22	1.23
scars	-0.22	1.20
regardless	-0.22	2.01
heals	-0.22	1.36
rule	-0.22	1.24
cheater	-0.22	1.55
addiction	-0.22	1.09
literally	-0.22	1.55
amount	-0.22	1.12
killer	-0.22	1.23
chasing	-0.22	1.58
types	-0.22	1.23
beat	-0.22	1.37
outlook	-0.22	1.48
these	-0.22	1.33
confronted	-0.22	1.60
well-being	-0.22	1.42
decade	-0.21	1.25
cope	-0.21	1.43
preference	-0.21	1.24
myself	-0.21	1.65
medical	-0.21	1.34
temporary	-0.21	1.22
house	-0.21	1.17
countless	-0.21	1.24
secretly	-0.21	1.49
quit	-0.21	1.14
cons	-0.21	1.27
agree	-0.21	2.74
held	-0.21	1.21
drastically	-0.21	1.45
usually	-0.21	1.54
record	-0.21	1.32
adoption	-0.21	1.19
gt	-0.21	2.83
rethink	-0.21	1.63
expert	-0.21	1.33
bathroom	-0.21	1.10
takes	-0.20	1.38
sooner	-0.20	1.54
edge	-0.20	1.23
alcohol	-0.20	1.02
recovery	-0.20	1.24
parenting	-0.20	1.12
purpose	-0.20	1.42
drove	-0.20	1.30
overnight	-0.20	1.43
pros	-0.20	1.27
solve	-0.20	1.59
occupied	-0.20	1.53
gap	-0.20	1.22
visited	-0.20	1.29
tell	-0.20	2.54
homes	-0.20	1.10
town	-0.20	1.49
itself	-0.20	1.48
infection	-0.20	1.17
adopted	-0.20	1.12
maybe	-0.20	2.51
fucks	-0.20	1.30
treatment	-0.19	1.42
weekends	-0.19	1.54
wrap	-0.19	1.25
immediate	-0.19	1.22
analyze	-0.19	1.61
pass	-0.19	1.30
gained	-0.19	1.49
fashioned	-0.19	1.30
spread	-0.19	1.39
cover	-0.19	1.39
ta	-0.19	1.63
attempting	-0.19	1.61
ultimatum	-0.19	1.92
handle	-0.19	1.41
moving	-0.19	1.47
ideal	-0.19	2.44
story	-0.19	1.63
expressing	-0.19	1.57
re-evaluate	-0.19	1.59
cloud	-0.19	1.25
communications	-0.19	1.73
adds	-0.19	1.25
keeping	-0.18	1.44
waiting	-0.18	1.92
talking	-0.18	2.25
sucking	-0.18	1.22
identify	-0.18	1.38
blind	-0.18	1.24
pointing	-0.18	1.63
put	-0.18	1.40
crime	-0.18	1.25
than	-0.18	1.46
grain	-0.18	2.02
lingering	-0.18	1.43
length	-0.18	1.21
tastes	-0.18	1.28
cries	-0.18	1.64
rates	-0.18	1.33
indulge	-0.18	1.28
strict	-0.18	1.25
view	-0.18	1.79
fail	-0.18	1.31
frustrations	-0.18	1.46
turkey	-0.18	1.19
commitments	-0.18	1.23
blood	-0.18	1.18
backs	-0.18	1.36
apologized	-0.18	1.57
address	-0.18	1.67
cocaine	-0.17	1.02
murder	-0.17	1.50
legal	-0.17	1.27
privately	-0.17	1.43
cities	-0.17	1.42
shot	-0.17	1.96
nose	-0.17	1.18
upon	-0.17	1.24
divide	-0.17	1.39
try	-0.17	2.17
indication	-0.17	1.94
projects	-0.17	1.35
addressing	-0.17	1.53
importance	-0.17	1.34
awareness	-0.17	1.03
document	-0.17	1.25
laws	-0.17	1.31
perhaps	-0.17	2.00
anyway	-0.17	2.69
equally	-0.17	1.28
mentally	-0.17	1.13
development	-0.17	1.26
grows	-0.17	1.29
solving	-0.17	1.55
carrying	-0.17	1.26
0	-0.17	1.28
choose	-0.16	1.49
reminding	-0.16	1.82
clinging	-0.16	1.39
members	-0.16	1.19
debate	-0.16	1.65
net	-0.16	1.46
opened	-0.16	1.39
warning	-0.16	1.27
imho	-0.16	1.18
fyi	-0.16	1.31
lifetime	-0.16	1.23
hotline	-0.16	1.42
closed	-0.16	1.33
breathing	-0.16	1.23
meds	-0.16	1.37
grip	-0.16	1.25
distractions	-0.16	1.42
boys	-0.16	1.08
explanations	-0.16	1.67
shooting	-0.16	1.24
loses	-0.16	1.30
aside	-0.16	1.28
answer	-0.16	2.66
ridiculously	-0.16	1.30
greatest	-0.15	2.44
laid	-0.15	1.37
strings	-0.15	1.36
cutting	-0.15	1.42
adopt	-0.15	1.21
hurry	-0.15	1.53
habits	-0.15	1.06
state	-0.15	1.57
testing	-0.15	1.18
obese	-0.15	1.08
driving	-0.15	1.22
standards	-0.15	1.32
cigarettes	-0.15	1.09
gaslighting	-0.15	1.26
jerking	-0.15	1.44
garbage	-0.15	1.05
results	-0.15	1.14
ease	-0.15	1.39
saving	-0.15	1.28
distraction	-0.15	1.38
sort	-0.15	1.56
protect	-0.15	1.33
consensus	-0.15	1.76
negatively	-0.15	1.37
quitting	-0.15	1.05
basically	-0.14	2.08
exceptions	-0.14	1.47
dozen	-0.14	1.24
esteem	-0.14	1.30
weighing	-0.14	1.29
carefully	-0.14	1.36
concern	-0.14	1.82
impression	-0.14	1.82
devil	-0.14	1.60
cuz	-0.14	1.76
bounce	-0.14	1.56
automatically	-0.14	1.73
bat	-0.14	1.34
addicted	-0.14	1.03
inability	-0.14	1.43
passing	-0.14	1.20
harassing	-0.14	1.40
contacting	-0.14	1.81
exit	-0.14	1.27
carry	-0.14	1.28
marriages	-0.14	1.11
rarely	-0.14	1.32
selfishness	-0.14	1.17
giant	-0.14	1.18
focusing	-0.14	1.47
reference	-0.14	1.30
crash	-0.14	1.22
magically	-0.14	1.58
raise	-0.14	1.20
bearing	-0.14	1.71
product	-0.14	1.06
smaller	-0.14	1.05
done	-0.13	2.56
snoop	-0.13	1.66
main	-0.13	1.75
harassment	-0.13	1.30
apologies	-0.13	1.51
periods	-0.13	1.17
schools	-0.13	1.30
forward	-0.13	1.41
r/deadbedrooms	-0.13	1.59
ditch	-0.13	1.39
conduct	-0.13	1.23
delicate	-0.13	1.15
counter	-0.13	1.06
spouse	-0.13	1.34
tolerance	-0.13	1.32
burner	-0.13	1.41
<URL>	-0.13	1.15
<SPECIAL>	-0.13	1.15
solution	-0.13	1.61
addressed	-0.13	1.61
city	-0.13	1.50
role	-0.13	1.18
rehab	-0.13	1.23
accomplish	-0.13	1.42
associated	-0.13	1.31
opposite	-0.12	1.38
target	-0.12	1.16
element	-0.12	1.49
everything	-0.12	2.68
twist	-0.12	1.45
swear	-0.12	1.33
bag	-0.12	1.24
amounts	-0.12	1.23
define	-0.12	1.22
placing	-0.12	1.38
loads	-0.12	1.30
improve	-0.12	1.42
suggesting	-0.12	2.06
permission	-0.12	1.46
bound	-0.12	1.51
thoughts	-0.12	1.40
bisexual	-0.12	1.50
initiate	-0.12	1.34
forces	-0.12	1.33
move	-0.12	1.75
bull	-0.12	1.29
screwed	-0.12	1.39
ground	-0.12	1.38
steal	-0.12	1.48
conservative	-0.12	1.17
emotionally	-0.12	1.29
back	-0.12	1.79
drugs	-0.12	1.03
mention	-0.12	2.04
illegal	-0.12	1.19
rocks	-0.12	1.16
established	-0.12	1.47
screwing	-0.12	1.73
permanent	-0.12	1.22
final	-0.12	1.24
bend	-0.12	1.31
regarding	-0.12	1.27
replacement	-0.12	1.46
compared	-0.11	1.17
leave	-0.11	2.25
route	-0.11	1.46
most	-0.11	1.48
salvage	-0.11	1.51
studying	-0.11	1.34
convey	-0.11	1.80
pull	-0.11	1.33
talk	-0.11	2.20
sack	-0.11	1.38
whim	-0.11	1.24
boils	-0.11	1.34
foot	-0.11	1.39
puts	-0.11	1.44
reasons	-0.11	1.45
prostitute	-0.11	1.28
western	-0.11	1.13
definitely	-0.11	2.76
medicine	-0.11	1.22
break	-0.11	1.98
needless	-0.10	1.19
ie	-0.10	1.29
idea	-0.10	2.19
ruin	-0.10	1.23
end	-0.10	1.84
nature	-0.10	1.35
responsibility	-0.10	1.55
dealt	-0.10	1.58
bush	-0.10	1.72
aid	-0.10	1.26
compromised	-0.10	1.39
advocate	-0.10	1.40
here	-0.10	2.41
addicts	-0.10	1.12
whoa	-0.10	1.82
stuff	-0.10	1.77
separating	-0.10	1.35
grow	-0.10	1.31
intervention	-0.10	1.39
untrustworthy	-0.10	1.62
tread	-0.10	1.32
limit	-0.10	1.25
considered	-0.09	1.79
extent	-0.09	1.45
stand	-0.09	1.56
uk	-0.09	1.26
signing	-0.09	1.31
folks	-0.09	1.35
bail	-0.09	1.36
technically	-0.09	3.11
dilemma	-0.09	1.74
losses	-0.09	1.42
cock	-0.09	1.18
covering	-0.09	1.27
wife	-0.09	1.59
flipped	-0.09	1.29
choosing	-0.09	1.58
consent	-0.09	1.46
cut	-0.09	1.44
unattractive	-0.09	1.52
claiming	-0.09	1.68
medications	-0.09	1.35
carried	-0.09	1.32
alone	-0.09	2.17
pushes	-0.09	1.57
ultimatums	-0.09	1.39
purchase	-0.09	1.54
those	-0.09	1.38
machine	-0.08	1.34
detail	-0.08	1.53
bridge	-0.08	1.18
surround	-0.08	1.46
queen	-0.08	1.07
question	-0.08	2.48
fortunately	-0.08	1.25
caution	-0.08	1.42
minority	-0.08	1.13
continued	-0.08	1.43
track	-0.08	1.38
directions	-0.08	1.31
willingly	-0.08	1.39
superior	-0.08	2.70
lower	-0.08	1.29
trick	-0.08	1.31
any	-0.08	2.49
lay	-0.08	1.39
30s	-0.08	1.23
mentioning	-0.08	1.75
hall	-0.08	1.40
hit	-0.08	1.24
dunno	-0.08	1.70
90	-0.08	1.60
age	-0.08	1.27
consider	-0.08	1.89
regretted	-0.08	1.65
effort	-0.08	1.40
explain	-0.08	1.98
dumped	-0.08	1.64
upbringing	-0.08	1.22
greater	-0.08	1.30
damaged	-0.08	1.27
context	-0.08	1.81
focus	-0.07	1.45
keep	-0.07	1.52
project	-0.07	1.34
multiple	-0.07	1.48
locked	-0.07	1.30
tools	-0.07	1.45
remains	-0.07	1.34
coke	-0.07	1.05
ton	-0.07	1.34
sure	-0.07	2.94
hilarious	-0.07	1.32
steps	-0.07	1.30
admittedly	-0.07	1.49
boat	-0.07	1.47
reduce	-0.07	1.27
live	-0.07	1.55
alter	-0.07	1.28
safety	-0.07	1.38
basis	-0.07	1.07
deny	-0.07	1.62
culture	-0.07	1.12
shave	-0.06	0.94
establish	-0.06	1.26
altogether	-0.06	1.47
lightly	-0.06	1.44
listen	-0.06	1.66
expect	-0.06	2.08
explained	-0.06	1.62
tldr	-0.06	1.55
pulling	-0.06	1.24
fool	-0.06	1.26
vs	-0.06	1.15
repair	-0.06	1.37
i.e	-0.06	1.26
area	-0.06	1.51
largely	-0.06	1.40
families	-0.06	1.11
face	-0.06	1.25
path	-0.06	1.29
suffers	-0.06	1.48
drive	-0.06	1.26
increase	-0.06	1.25
lock	-0.06	1.31
sore	-0.06	1.30
locks	-0.06	1.33
weed	-0.06	1.02
concrete	-0.06	1.35
minded	-0.06	1.32
distract	-0.06	1.51
percent	-0.06	1.68
schedules	-0.06	1.35
logic	-0.06	1.54
statements	-0.06	1.26
disclose	-0.05	2.05
justice	-0.05	1.25
concerns	-0.05	1.63
spot	-0.05	1.27
raising	-0.05	1.14
agenda	-0.05	1.34
mouth	-0.05	1.13
compromises	-0.05	1.32
shrug	-0.05	1.39
influence	-0.05	1.21
sucked	-0.05	1.28
avoided	-0.05	1.31
recall	-0.05	1.31
manage	-0.05	1.47
tune	-0.05	1.43
boring	-0.05	1.44
wanting	-0.05	2.33
ex-wife	-0.05	1.23
extra	-0.05	1.57
existence	-0.05	1.24
increased	-0.05	1.25
remorse	-0.05	1.50
linked	-0.05	1.28
immediately	-0.05	1.52
essential	-0.05	1.34
disrespect	-0.05	1.19
away	-0.05	1.44
angle	-0.05	1.83
hoping	-0.05	2.04
merely	-0.05	1.41
picking	-0.05	1.31
muscle	-0.04	1.21
flow	-0.04	1.46
able	-0.04	1.82
key	-0.04	1.46
coping	-0.04	1.29
touchy	-0.04	1.22
confront	-0.04	1.82
in-laws	-0.04	1.20
stopped	-0.04	1.48
80	-0.04	1.63
military	-0.04	1.19
pace	-0.04	1.31
goal	-0.04	1.38
alarm	-0.04	1.22
rebuild	-0.04	1.33
behavioral	-0.04	1.33
confessed	-0.04	1.72
blew	-0.04	1.29
changed	-0.04	1.77
pedestal	-0.04	1.23
realised	-0.04	1.51
fooling	-0.04	1.78
country	-0.04	1.29
thus	-0.03	1.48
pointed	-0.03	1.51
existing	-0.03	1.35
relief	-0.03	1.32
loose	-0.03	1.25
themselves	-0.03	1.58
husband	-0.03	1.63
facts	-0.03	1.77
shifts	-0.03	1.37
government	-0.03	1.23
scene	-0.03	1.18
adapt	-0.03	1.45
mid	-0.03	1.30
fat	-0.03	1.08
shake	-0.03	1.26
many	-0.03	1.38
pill	-0.03	1.24
doubts	-0.03	1.70
dna	-0.03	1.20
minus	-0.03	1.31
articulate	-0.03	1.47
license	-0.03	1.27
fiance	-0.03	1.39
disappear	-0.03	1.43
broad	-0.03	1.25
measure	-0.03	1.20
gtfo	-0.03	1.48
blessing	-0.03	1.67
homework	-0.03	1.43
23	-0.03	1.40
objects	-0.03	1.27
prospects	-0.03	1.25
staring	-0.03	1.20
compromise	-0.03	1.66
teens	-0.03	1.22
won	-0.03	1.12
space	-0.02	1.45
chill	-0.02	1.62
chalk	-0.02	1.18
closet	-0.02	1.21
clearer	-0.02	1.53
justified	-0.02	2.31
grey	-0.02	1.04
forth	-0.02	1.27
walls	-0.02	1.29
seriousness	-0.02	1.12
doctor	-0.02	1.47
lesson	-0.02	1.27
according	-0.02	1.11
serial	-0.02	1.44
roof	-0.02	1.25
60	-0.02	1.72
figuring	-0.02	1.65
obligations	-0.02	1.31
tradition	-0.02	1.11
contract	-0.02	1.26
ties	-0.02	1.45
ignore	-0.02	1.56
o	-0.02	1.22
gender	-0.02	1.26
ll	-0.02	2.08
gaining	-0.02	1.23
denies	-0.01	1.67
smokes	-0.01	1.04
crowd	-0.01	1.13
urge	-0.01	1.43
technique	-0.01	1.19
masturbate	-0.01	1.29
realizing	-0.01	1.53
dynamics	-0.01	1.26
massively	-0.01	1.30
sucks	-0.01	2.06
beforehand	-0.01	1.41
hopes	-0.01	1.61
opposed	-0.01	1.39
relying	-0.01	1.35
black	-0.01	1.04
ca	-0.01	2.20
begged	-0.01	1.41
bias	-0.01	1.39
managed	-0.01	1.41
em	-0.01	1.19
vague	-0.01	1.47
routine	-0.01	1.01
approaches	-0.01	1.26
admitted	-0.01	1.58
directly	-0.01	1.85
included	-0.01	1.04
whats	-0.01	2.04
stepping	-0.01	1.36
impressed	-0.01	1.67
cold	-0.01	1.18
shock	-0.01	1.21
viable	-0.01	1.44
drunken	-0.01	1.28
insist	-0.00	1.43
lifestyle	-0.00	1.22
reached	-0.00	1.63
opinion	-0.00	2.29
libido	-0.00	1.25
inform	-0.00	1.37
personally	-0.00	2.69
floor	-0.00	1.11
start	-0.00	1.45
choice	-0.00	1.96
pounds	-0.00	1.29
regrets	-0.00	1.37
breathe	-0.00	1.33
b	-0.00	1.33
self-esteem	0.00	1.30
walked	0.00	1.22
versa	0.00	1.13
dramatically	0.00	1.41
rebuilding	0.00	1.29
faults	0.00	1.53
boobs	0.00	1.03
alot	0.00	1.59
breaks	0.00	1.44
butt	0.00	1.17
dont	0.00	2.13
could	0.00	2.48
addictive	0.00	0.99
fails	0.00	1.41
rip	0.00	1.32
irrelevant	0.00	1.59
sue	0.01	1.45
initiative	0.01	1.25
frequency	0.01	1.23
drinking	0.01	1.09
thereof	0.01	1.25
front	0.01	1.31
beside	0.01	1.32
leverage	0.01	1.35
anymore	0.01	2.69
theres	0.01	1.96
peoples	0.01	1.26
disagree	0.01	3.11
seeing	0.01	2.17
75	0.01	1.53
looking	0.01	2.24
psychiatrist	0.01	1.54
id	0.01	1.97
low	0.01	1.23
invest	0.01	1.34
consult	0.01	1.54
quote	0.01	1.16
improvement	0.01	1.32
realistic	0.01	1.35
earth	0.01	1.30
requires	0.01	1.45
character	0.01	1.12
incompatibility	0.01	1.54
agency	0.01	1.34
population	0.02	1.23
enjoyable	0.02	1.05
longer	0.02	1.61
agreement	0.02	1.31
earlier	0.02	1.45
terms	0.02	1.30
arent	0.02	1.87
catholic	0.02	1.25
despite	0.02	1.52
above	0.02	1.68
moral	0.02	1.41
assumed	0.02	1.63
closer	0.02	1.37
yourself	0.02	1.65
twenties	0.02	1.24
tons	0.02	1.32
appeal	0.02	1.23
permanently	0.02	1.19
voted	0.02	1.68
additionally	0.02	1.28
classic	0.02	1.17
stealing	0.02	1.28
places	0.02	1.45
managing	0.02	1.33
household	0.02	1.22
transfer	0.02	1.25
pieces	0.02	1.32
logically	0.02	1.61
willing	0.02	2.11
train	0.02	1.18
ever	0.02	2.33
unfaithful	0.02	1.71
past	0.02	1.42
outlet	0.03	1.28
positively	0.03	1.39
basement	0.03	1.19
cultural	0.03	1.15
reservations	0.03	1.36
closely	0.03	1.16
impress	0.03	1.23
thin	0.03	1.07
poster	0.03	1.60
living	0.03	1.45
landlord	0.03	1.27
100	0.03	3.18
evidence	0.03	1.68
research	0.03	1.18
24	0.03	1.37
stance	0.03	1.73
explanation	0.03	1.80
vision	0.03	1.31
chosen	0.03	1.28
nc	0.03	1.39
describes	0.03	1.38
freaks	0.03	1.60
direction	0.03	1.31
confirmed	0.03	1.63
sober	0.03	1.20
slow	0.03	1.28
awhile	0.03	1.59
expects	0.03	1.59
politely	0.04	1.64
stds	0.04	1.30
cant	0.04	2.02
cliche	0.04	1.35
19	0.04	1.37
california	0.04	1.27
notion	0.04	1.23
explains	0.04	1.07
previous	0.04	1.40
shift	0.04	1.43
occasionally	0.04	1.12
strategy	0.04	1.28
18	0.04	1.37
responsible	0.04	1.26
17	0.04	1.37
16	0.04	1.37
though	0.04	2.75
20s	0.04	1.43
50	0.04	1.71
pocket	0.04	1.32
latter	0.04	1.37
whatsoever	0.04	1.91
indicate	0.04	1.92
discussing	0.04	1.67
reaching	0.04	1.83
27	0.04	1.37
generation	0.04	1.00
matter	0.04	2.63
communicate	0.04	1.72
26	0.04	1.37
physically	0.04	1.33
average	0.05	1.22
describing	0.05	1.10
atleast	0.05	1.53
anytime	0.05	1.69
olds	0.05	1.37
hmmm	0.05	1.82
ruining	0.05	1.30
improving	0.05	1.31
emergency	0.05	1.22
groom	0.05	1.03
rise	0.05	1.26
alpha	0.05	1.31
crawling	0.05	1.45
taken	0.05	1.72
recovering	0.05	1.07
between	0.05	1.29
numerous	0.05	1.46
figure	0.05	2.05
asap	0.05	1.47
minds	0.05	1.31
sitting	0.05	1.52
history	0.05	1.64
details	0.05	1.74
faking	0.05	1.42
goodbye	0.05	1.25
gain	0.05	1.25
precisely	0.05	1.58
breasts	0.05	1.18
green	0.05	1.05
road	0.06	1.23
signed	0.06	1.44
reach	0.06	1.41
recent	0.06	1.22
narrow	0.06	1.30
knee	0.06	1.26
bc	0.06	1.35
perception	0.06	1.39
downs	0.06	1.20
vent	0.06	1.48
portion	0.06	1.21
turned	0.06	1.52
35	0.06	1.39
paternity	0.06	1.21
assistance	0.06	1.38
feet	0.06	1.14
gay	0.06	1.28
28	0.06	1.38
greener	0.06	1.43
none	0.06	1.87
29	0.06	1.38
original	0.06	1.65
recognizing	0.06	1.34
decades	0.06	1.37
34	0.06	1.38
isnt	0.06	1.99
pregnant	0.06	1.18
exist	0.06	1.33
shelter	0.06	1.29
perceive	0.06	1.34
25	0.06	1.39
bunch	0.06	1.15
brand	0.06	0.97
boost	0.06	1.32
bear	0.06	1.38
ignorance	0.06	1.25
release	0.06	1.16
alternatively	0.06	1.36
fiancee	0.06	1.27
penis	0.06	1.13
recognize	0.06	1.54
heads	0.07	1.34
fine	0.07	2.92
45	0.07	1.39
late	0.07	1.34
promiscuous	0.07	1.18
tattoos	0.07	1.02
voice	0.07	1.45
anyways	0.07	2.05
negatives	0.07	1.16
least	0.07	2.20
straight	0.07	1.61
interaction	0.07	1.09
discussions	0.07	1.47
tone	0.07	1.33
dies	0.07	1.14
questions	0.07	1.95
significantly	0.07	1.26
32	0.07	1.38
21	0.07	1.38
22	0.07	1.38
foreign	0.07	1.24
down	0.07	1.59
suppose	0.07	2.06
whoever	0.07	1.33
assert	0.07	1.29
access	0.07	1.34
agreeing	0.07	1.75
reacting	0.07	1.61
persons	0.07	1.20
services	0.07	1.37
got	0.07	1.70
20	0.07	1.45
reevaluate	0.07	1.58
head	0.07	1.63
guaranteed	0.07	1.51
indefinitely	0.07	1.36
passwords	0.07	1.37
waking	0.07	1.43
kidding	0.07	1.47
40	0.07	1.50
amp	0.07	1.19
refuses	0.08	1.73
teen	0.08	1.24
help	0.08	1.91
repeated	0.08	1.25
delay	0.08	1.31
visa	0.08	1.31
programs	0.08	1.31
evaluate	0.08	1.52
tested	0.08	1.23
granted	0.08	1.62
false	0.08	1.45
handful	0.08	1.35
indicated	0.08	1.87
til	0.08	1.36
33	0.08	1.39
ends	0.08	1.20
convenience	0.08	1.22
passes	0.08	1.30
50/50	0.08	1.35
blunt	0.08	1.37
shits	0.08	1.59
flight	0.08	1.18
participate	0.08	1.28
hr	0.08	1.33
c	0.08	1.30
percentage	0.08	1.18
criticism	0.08	1.42
difficulty	0.08	1.36
whereas	0.08	1.29
guide	0.08	1.35
gon	0.08	2.24
reconsider	0.08	1.60
maintenance	0.09	1.18
immaturity	0.09	1.16
psychologist	0.09	1.56
chinese	0.09	1.03
op	0.09	2.37
bdsm	0.09	1.41
tried	0.09	1.81
stated	0.09	1.78
assure	0.09	1.22
examine	0.09	1.60
upfront	0.09	1.58
zone	0.09	1.19
hes	0.09	1.83
opportunity	0.09	1.51
solutions	0.09	1.48
fly	0.09	1.26
joke	0.09	1.27
uni	0.09	1.31
motivate	0.09	1.40
texting	0.10	1.76
thoroughly	0.10	1.36
splitting	0.10	1.29
teenage	0.10	1.29
crutch	0.10	1.31
accept	0.10	1.70
killed	0.10	1.00
asian	0.10	1.07
doctors	0.10	1.22
overall	0.10	1.25
calmly	0.10	1.69
primary	0.10	1.32
workplace	0.10	1.20
alimony	0.10	1.21
effectively	0.10	1.49
interpret	0.10	1.51
im	0.10	1.98
tends	0.10	1.30
pro	0.10	1.29
31	0.10	1.36
belief	0.10	1.57
very	0.10	1.46
30	0.10	1.47
admission	0.10	1.32
countries	0.10	1.20
background	0.10	1.29
smooth	0.10	1.13
qualified	0.10	1.56
girlfriends	0.10	1.38
prenup	0.10	1.30
offense	0.10	1.33
genders	0.10	1.30
finances	0.10	1.22
techniques	0.10	1.40
open	0.10	1.30
implies	0.10	1.29
hormonal	0.10	1.22
def	0.10	2.03
keys	0.10	1.36
forgiven	0.10	1.63
enthusiastic	0.10	1.43
yo	0.10	1.47
already	0.10	2.25
appointments	0.10	1.44
deeper	0.10	1.16
ride	0.10	1.07
financial	0.10	1.25
morals	0.11	1.35
openly	0.11	1.63
aspect	0.11	1.32
discuss	0.11	1.71
old	0.11	1.40
typically	0.11	1.25
herpes	0.11	1.25
pause	0.11	1.53
spoken	0.11	1.65
decide	0.11	2.00
yr	0.11	1.40
wide	0.11	1.19
ironic	0.11	1.34
taking	0.11	1.72
discussion	0.11	1.56
indicates	0.11	1.41
loan	0.11	1.20
principle	0.11	1.29
extended	0.11	1.11
assumes	0.11	1.66
sleeping	0.11	1.52
deals	0.11	1.41
hindsight	0.11	1.39
nonetheless	0.11	1.49
share	0.11	1.32
fire	0.11	1.11
left	0.11	1.69
rental	0.11	1.22
contributing	0.11	1.36
moved	0.11	1.53
seriously	0.11	2.34
complaints	0.11	1.33
insurance	0.12	1.21
raw	0.12	1.12
equation	0.12	1.29
pills	0.12	1.26
reporting	0.12	1.23
add	0.12	1.61
subjects	0.12	1.40
aa	0.12	1.29
opening	0.12	1.32
paths	0.12	1.29
boss	0.12	1.26
split	0.12	1.37
shes	0.12	1.95
drops	0.12	1.51
signals	0.12	1.44
gradually	0.12	1.30
drives	0.12	1.28
ticket	0.12	1.25
expense	0.12	1.29
fulfill	0.12	1.17
obviously	0.12	2.60
real	0.12	1.94
accordingly	0.12	1.33
wtf	0.12	2.05
kitchen	0.12	1.12
experiencing	0.12	1.26
tests	0.12	1.26
starting	0.12	1.41
std	0.12	1.24
word	0.12	1.56
primarily	0.12	1.28
property	0.12	1.26
dream	0.12	1.24
local	0.12	1.32
counselors	0.12	1.45
gone	0.12	1.90
professional	0.13	1.60
trained	0.13	1.40
replaced	0.13	1.19
ego	0.13	1.33
stops	0.13	1.46
different	0.13	1.58
views	0.13	1.55
fantasies	0.13	1.21
zero	0.13	1.71
quo	0.13	1.30
remorseful	0.13	1.60
shortly	0.13	1.50
ops	0.13	1.51
ask	0.13	2.25
earning	0.13	1.25
statistics	0.13	1.35
feelings	0.13	1.62
salt	0.13	1.36
came	0.13	1.67
worker	0.13	1.26
backup	0.13	1.26
theirs	0.13	1.46
cave	0.13	1.47
abortion	0.13	1.34
picks	0.14	1.31
desk	0.14	1.27
alternative	0.14	1.43
communicated	0.14	1.66
drop	0.14	1.41
chapter	0.14	1.24
involvement	0.14	1.23
noise	0.14	1.18
apart	0.14	1.52
explaining	0.14	1.79
apartment	0.14	1.32
shouldnt	0.14	1.91
traditional	0.14	1.17
sorted	0.14	1.55
whose	0.14	1.18
aware	0.14	2.01
14	0.14	1.42
vagina	0.14	1.17
benefit	0.14	1.88
harmful	0.14	2.05
collect	0.14	1.40
loop	0.14	1.35
hints	0.14	1.54
success	0.14	1.33
bi	0.14	1.54
future	0.14	1.36
contact	0.14	1.48
weight	0.14	1.19
bags	0.14	1.31
graduate	0.14	1.33
stages	0.14	1.35
comes	0.14	1.66
hire	0.14	1.20
plenty	0.15	1.39
ouch	0.15	1.86
wouldnt	0.15	2.03
papers	0.15	1.24
learned	0.15	1.48
yet	0.15	2.57
belong	0.15	1.58
ways	0.15	1.71
master	0.15	1.25
erase	0.15	1.41
properly	0.15	1.46
wont	0.15	2.04
whilst	0.15	1.37
semester	0.15	1.32
examples	0.15	1.69
suggest	0.15	1.77
his/her	0.15	1.31
boy	0.15	1.14
wall	0.15	1.35
meetings	0.15	1.30
miles	0.15	1.41
virginity	0.15	1.34
bring	0.15	1.80
race	0.15	1.12
continually	0.15	1.34
heavy	0.15	1.13
fan	0.15	1.24
dare	0.15	1.41
doesnt	0.15	2.02
title	0.15	1.70
lived	0.15	1.47
range	0.16	1.16
pop	0.16	1.14
assess	0.16	1.49
perfectly	0.16	1.93
advise	0.16	1.61
achieve	0.16	1.19
seemed	0.16	1.62
motivation	0.16	1.32
kills	0.16	1.23
analogy	0.16	1.48
degrees	0.16	1.26
ive	0.16	1.93
comfort	0.16	1.11
hundred	0.16	1.68
appears	0.16	1.45
million	0.16	1.66
inappropriately	0.16	1.26
twice	0.16	1.57
complains	0.16	1.65
analysis	0.16	1.33
scale	0.16	1.16
hits	0.16	1.40
reflection	0.16	1.40
thousands	0.17	1.32
salary	0.17	1.25
compete	0.17	1.33
speech	0.17	1.18
section	0.17	1.15
higher	0.17	1.33
calls	0.17	1.41
prison	0.17	1.25
crushes	0.17	1.10
dose	0.17	1.33
high	0.17	1.28
liberal	0.17	1.25
fixed	0.17	1.60
renting	0.17	1.27
cues	0.17	1.37
lives	0.17	1.42
tongue	0.17	1.15
small	0.17	1.01
flaw	0.17	1.43
around	0.17	1.76
suggested	0.17	1.82
finish	0.17	1.35
told	0.17	1.88
room	0.17	1.31
legally	0.17	1.65
gossip	0.17	1.36
therapy	0.17	1.59
description	0.17	1.46
spring	0.17	1.28
slip	0.17	1.20
verbal	0.18	1.23
preferences	0.18	1.28
gather	0.18	1.46
larger	0.18	1.19
resume	0.18	1.30
grade	0.18	1.32
thats	0.18	2.08
self-confidence	0.18	1.26
regularly	0.18	1.29
blackout	0.18	1.26
turns	0.18	1.49
department	0.18	1.28
ourselves	0.18	1.41
hides	0.18	1.64
entertainment	0.18	1.16
24/7	0.18	1.18
proceed	0.18	1.43
elsewhere	0.18	1.47
energy	0.18	1.32
searching	0.18	1.33
hundreds	0.18	1.32
masturbation	0.18	1.24
study	0.18	1.28
decline	0.18	1.41
soon	0.18	1.65
warned	0.18	1.37
lift	0.18	1.23
asexual	0.18	1.50
everyday	0.18	1.35
warrant	0.18	1.21
records	0.18	1.38
college	0.18	1.33
interacting	0.18	1.41
dreams	0.18	1.25
500	0.18	1.58
wakes	0.18	1.41
15	0.19	1.48
memory	0.19	1.20
99	0.19	1.46
control	0.19	1.29
placed	0.19	1.33
regards	0.19	1.24
pets	0.19	1.32
professionals	0.19	1.40
hers	0.19	1.55
fits	0.19	1.09
retirement	0.19	1.22
sum	0.19	1.33
plays	0.19	1.23
willingness	0.19	1.49
market	0.19	1.24
bus	0.19	1.21
tits	0.19	1.12
housing	0.19	1.22
correctly	0.19	1.40
therapist	0.19	1.66
havent	0.19	1.89
sit	0.19	1.62
occupy	0.19	1.43
resources	0.19	1.40
school	0.19	1.33
test	0.19	1.28
glass	0.20	1.29
identity	0.20	1.28
password	0.20	1.43
um	0.20	2.05
pool	0.20	1.20
pregnancy	0.20	1.19
checked	0.20	1.40
several	0.20	1.39
emotion	0.20	1.30
media	0.20	1.36
early	0.20	1.28
moment	0.20	1.83
mix	0.20	1.33
short	0.20	1.22
assets	0.20	1.22
fingers	0.20	1.21
appointment	0.20	1.49
chest	0.20	1.26
toy	0.20	1.24
nurse	0.20	1.20
happened	0.20	2.11
religious	0.20	1.44
meantime	0.20	1.72
plane	0.20	1.16
succeed	0.20	1.18
conversations	0.20	1.43
blanket	0.20	1.07
millions	0.20	1.24
grad	0.21	1.33
freedom	0.21	1.28
option	0.21	2.30
europe	0.21	1.22
broke	0.21	1.61
lack	0.21	1.16
model	0.21	1.03
giving	0.21	1.91
consistent	0.21	1.22
bride	0.21	1.07
confirm	0.21	1.59
senses	0.21	1.45
security	0.21	1.36
tolerate	0.21	1.41
ai	0.21	1.55
full-time	0.21	1.30
seek	0.21	1.61
budget	0.21	1.22
dismiss	0.21	1.33
blocking	0.21	1.43
computer	0.21	1.35
take	0.21	1.67
drank	0.22	1.04
desires	0.22	1.34
entertain	0.22	1.37
sole	0.22	1.33
learn	0.22	1.35
counsellor	0.22	1.66
stayed	0.22	1.49
fidelity	0.22	1.35
employment	0.22	1.25
counseling	0.22	1.70
gas	0.22	1.22
events	0.22	1.15
station	0.22	1.26
claims	0.22	1.31
males	0.22	1.21
gotten	0.22	1.87
anyone	0.22	2.46
finished	0.22	1.53
waters	0.22	1.29
handles	0.22	1.61
forms	0.22	1.27
removed	0.22	1.34
regain	0.22	1.29
mentioned	0.22	1.87
schedule	0.22	1.29
psych	0.22	1.13
long-distance	0.22	1.35
billion	0.22	1.26
year	0.22	1.45
purely	0.22	1.23
counselling	0.22	1.60
per	0.22	1.72
self-worth	0.22	1.27
answered	0.23	1.94
instantly	0.23	1.46
saved	0.23	1.26
pride	0.23	1.31
therapists	0.23	1.44
core	0.23	1.41
lovers	0.23	1.19
educate	0.23	1.32
education	0.23	1.23
shoulder	0.23	1.36
weigh	0.23	1.28
urges	0.23	1.29
along	0.23	1.59
growth	0.23	1.28
said	0.23	2.22
claimed	0.23	1.56
foremost	0.23	1.35
acknowledging	0.23	1.27
wonders	0.23	1.20
pick	0.23	1.29
13	0.23	1.46
personal	0.23	1.39
sacrifice	0.23	1.25
chase	0.23	1.36
rooms	0.23	1.27
hat	0.23	1.05
university	0.24	1.30
lifting	0.24	1.21
chose	0.24	1.51
program	0.24	1.34
cheated	0.24	1.70
sides	0.24	1.37
forgiveness	0.24	1.38
required	0.24	1.40
student	0.24	1.26
stays	0.24	1.47
neighbors	0.24	1.22
car	0.24	1.14
guest	0.24	1.26
exclusivity	0.24	1.52
explicit	0.24	1.19
appropriately	0.24	1.40
him/her	0.24	1.46
porn	0.24	1.19
monthly	0.24	1.16
rush	0.24	1.44
member	0.24	1.18
teach	0.24	1.24
survive	0.24	1.21
costs	0.25	1.19
outweigh	0.25	1.31
manager	0.25	1.30
ect	0.25	1.25
poorly	0.25	1.35
sanity	0.25	1.35
information	0.25	1.72
basing	0.25	1.25
realized	0.25	1.75
joint	0.25	1.24
reiterate	0.25	1.54
couldnt	0.25	1.74
interpreted	0.25	1.56
implied	0.25	1.75
logical	0.25	1.38
birth	0.25	1.21
below	0.25	1.75
lessons	0.25	1.27
equivalent	0.25	1.33
cell	0.25	1.28
block	0.25	1.42
quick	0.25	1.33
damned	0.25	1.52
previously	0.25	1.52
running	0.25	1.28
differences	0.25	1.39
instinct	0.25	1.31
topics	0.25	1.45
variety	0.25	1.22
info	0.26	1.72
posters	0.26	1.86
top	0.26	1.55
relatively	0.26	1.39
religion	0.26	1.46
redditors	0.26	1.61
ended	0.26	1.53
benefits	0.26	1.30
engage	0.26	1.34
if/when	0.26	1.65
counselor	0.26	1.61
crack	0.26	1.16
community	0.26	1.35
brought	0.26	1.77
counting	0.26	1.19
encourage	0.26	1.61
added	0.26	1.53
threads	0.26	1.71
validate	0.26	1.48
additional	0.26	1.33
blocked	0.26	1.42
dirty	0.26	1.04
canada	0.27	1.26
cum	0.27	1.21
look	0.27	1.66
offers	0.27	1.47
convo	0.27	1.44
omg	0.27	1.50
phone	0.27	1.43
shrink	0.27	1.63
lbs	0.27	1.23
handed	0.27	1.31
official	0.27	1.45
office	0.27	1.29
thousand	0.27	1.40
hold	0.27	1.31
whether	0.27	2.03
pov	0.27	1.38
opinions	0.27	1.64
opportunities	0.27	1.27
mortgage	0.27	1.20
deleting	0.27	1.54
na	0.27	2.07
shoulders	0.27	1.30
actually	0.27	2.58
firm	0.27	1.34
realization	0.27	1.23
blank	0.27	1.41
beliefs	0.27	1.45
sign	0.27	1.52
furniture	0.27	1.20
started	0.27	1.55
expenses	0.27	1.24
yours	0.27	1.69
applies	0.27	1.27
fish	0.27	1.11
fitness	0.27	1.13
minute	0.27	1.41
tax	0.27	1.24
negative	0.27	1.26
practical	0.27	1.31
furthermore	0.27	1.28
formal	0.27	1.09
took	0.27	1.57
kink	0.28	1.17
seen	0.28	1.85
various	0.28	1.25
hint	0.28	1.72
spine	0.28	1.42
criteria	0.28	1.16
pursuing	0.28	1.54
swing	0.28	1.27
christ	0.28	1.56
advised	0.28	1.45
ignores	0.28	1.69
rent	0.28	1.25
phones	0.28	1.36
thing	0.28	2.38
married	0.28	1.45
ran	0.28	1.30
unit	0.28	1.21
heard	0.28	1.84
consenting	0.28	1.34
bf	0.28	1.77
played	0.28	1.24
closure	0.28	1.66
punishment	0.28	1.10
favor	0.28	1.20
bits	0.28	1.22
j	0.28	1.11
pillow	0.28	1.22
ex-girlfriend	0.29	1.45
abroad	0.29	1.25
offered	0.29	1.58
tree	0.29	1.30
reassure	0.29	1.66
forum	0.29	1.63
200	0.29	1.57
place	0.29	1.60
f	0.29	1.30
player	0.29	1.19
income	0.29	1.23
give	0.29	1.71
dog	0.29	1.24
spectrum	0.29	1.11
twenty	0.29	1.47
positives	0.29	1.24
positive	0.29	1.21
halfway	0.29	1.21
under	0.29	1.21
leg	0.29	1.24
teachers	0.30	1.16
refer	0.30	1.48
prime	0.30	1.23
insists	0.30	1.54
reacts	0.30	1.64
team	0.30	1.22
power	0.30	1.24
penetration	0.30	1.22
sets	0.30	1.24
structure	0.30	1.26
available	0.30	1.44
max	0.30	1.50
bye	0.30	1.91
fuck	0.30	1.60
laptop	0.30	1.32
paper	0.30	1.21
begins	0.30	1.25
wins	0.30	1.43
methods	0.30	1.30
successfully	0.30	1.32
bedroom	0.30	1.24
utilities	0.30	1.25
land	0.30	1.15
experiences	0.30	1.26
training	0.30	1.16
agreed	0.30	1.70
priorities	0.30	1.34
practice	0.30	1.27
levels	0.31	1.23
finger	0.31	1.22
bed	0.31	1.33
delete	0.31	1.39
acted	0.31	1.59
y	0.31	1.28
second	0.31	1.72
briefly	0.31	1.54
debt	0.31	1.26
flawed	0.31	1.18
brings	0.31	1.56
number	0.31	1.42
entertaining	0.31	1.27
method	0.31	1.30
money	0.31	1.25
contacted	0.31	1.62
legs	0.31	1.20
marry	0.31	2.06
adult	0.31	1.24
needs	0.31	1.74
students	0.31	1.27
tho	0.31	1.98
psychology	0.31	1.26
cat	0.31	1.18
self	0.31	1.28
graduated	0.31	1.39
sugar	0.31	1.28
threesomes	0.31	1.27
thick	0.31	1.13
speak	0.31	1.87
rambling	0.31	1.79
words	0.32	1.75
data	0.32	1.43
tries	0.32	1.75
gently	0.32	1.42
needing	0.32	1.50
finishing	0.32	1.31
accounts	0.32	1.30
commenters	0.32	1.89
recently	0.32	1.56
serve	0.32	1.21
nah	0.32	1.89
thread	0.32	1.88
trade	0.32	1.14
loans	0.32	1.22
funds	0.32	1.23
occasional	0.32	1.03
partners	0.32	1.15
strongly	0.32	1.62
prior	0.32	1.49
enjoyment	0.32	1.12
third	0.32	1.31
scratch	0.32	1.26
hunting	0.32	1.23
parts	0.32	1.40
savings	0.32	1.23
spent	0.32	1.37
discussed	0.32	1.71
personality	0.32	1.26
board	0.32	1.26
magic	0.33	1.27
downvote	0.33	1.86
recognized	0.33	1.39
visit	0.33	1.18
youre	0.33	1.91
theory	0.33	1.21
hopefully	0.33	1.78
till	0.33	1.48
overseas	0.33	1.25
areas	0.33	1.27
ability	0.33	1.36
u	0.33	1.62
served	0.33	1.18
insert	0.33	1.20
suited	0.33	1.10
betray	0.33	1.74
teacher	0.33	1.09
class	0.33	1.26
long	0.33	1.45
troll	0.33	1.70
library	0.33	1.32
irl	0.33	1.30
business	0.33	1.72
babies	0.34	1.05
wait	0.34	1.84
bills	0.34	1.23
committing	0.34	1.34
holy	0.34	1.56
lifelong	0.34	1.48
numbers	0.34	1.40
contribute	0.34	1.26
uses	0.34	1.36
plate	0.34	1.20
external	0.34	1.22
initiated	0.34	1.36
throughout	0.34	1.17
somewhere	0.34	1.60
steady	0.34	1.24
except	0.34	1.88
roommates	0.34	1.29
orgasms	0.34	1.19
user	0.34	1.44
snap	0.34	1.15
natural	0.34	1.46
randomly	0.34	1.38
upper	0.34	1.19
recommended	0.34	1.45
challenge	0.34	1.19
lets	0.34	1.63
supposed	0.34	2.00
points	0.34	1.70
sentiment	0.34	1.59
positions	0.35	1.26
bucks	0.35	1.41
relax	0.35	1.33
cooking	0.35	1.34
viewing	0.35	1.45
twitter	0.35	1.36
prioritize	0.35	1.38
until	0.35	1.68
pure	0.35	1.30
attending	0.35	1.19
basic	0.35	1.13
invitation	0.35	1.43
returning	0.35	1.25
image	0.35	1.22
quietly	0.35	1.35
guidance	0.35	1.55
replace	0.35	1.34
openness	0.35	1.23
interactions	0.35	1.26
independence	0.35	1.32
stepped	0.35	1.35
dogs	0.35	1.05
discipline	0.35	1.07
using	0.35	1.35
listed	0.35	1.42
condoms	0.35	1.25
10	0.36	1.55
grown	0.36	1.26
vice	0.36	1.14
hear	0.36	2.39
transparent	0.36	1.53
size	0.36	0.98
during	0.36	1.21
atheist	0.36	1.50
spending	0.36	1.38
owns	0.36	1.27
bite	0.36	1.44
hormones	0.36	1.21
overweight	0.36	1.15
curiosity	0.36	1.31
talked	0.36	1.84
sub	0.36	1.74
contrary	0.36	1.53
learning	0.36	1.24
location	0.36	1.26
arms	0.36	1.29
campus	0.36	1.29
still	0.36	3.01
while	0.36	1.60
account	0.36	1.31
bet	0.36	2.06
gym	0.37	1.22
n	0.37	1.28
empathize	0.37	1.49
careful	0.37	1.32
directed	0.37	1.36
heat	0.37	1.18
begun	0.37	1.46
interested	0.37	2.83
ownership	0.37	1.34
hook	0.37	1.45
longest	0.37	1.64
commented	0.37	1.67
smoked	0.37	1.15
pay	0.37	1.22
sexuality	0.37	1.31
ltr	0.37	1.26
fundamental	0.37	1.42
guests	0.37	1.10
few	0.37	1.51
communicating	0.37	1.62
yeah	0.37	2.49
knowledge	0.37	1.36
into	0.37	1.39
r	0.37	1.41
r/sex	0.37	1.66
x	0.37	1.40
sources	0.37	1.41
field	0.37	1.26
partying	0.37	1.25
anal	0.37	1.24
soul	0.37	0.95
oral	0.37	1.16
skype	0.37	1.40
approach	0.38	1.41
junk	0.38	1.13
smiling	0.38	1.29
actual	0.38	1.49
threesome	0.38	1.24
embrace	0.38	1.24
sits	0.38	1.32
effective	0.38	1.41
math	0.38	1.26
been	0.38	1.88
joking	0.38	1.35
default	0.38	1.17
modern	0.38	1.17
serious	0.38	1.73
golden	0.38	1.33
recommend	0.38	1.63
provider	0.38	1.25
dollars	0.38	1.34
waste	0.38	1.43
once	0.38	1.77
kindly	0.38	1.58
ur	0.38	1.49
reminder	0.39	1.24
sake	0.39	1.37
ones	0.39	1.21
react	0.39	1.54
11	0.39	1.54
presented	0.39	1.35
roughly	0.39	1.57
spend	0.39	1.31
provides	0.39	1.30
12	0.39	1.54
elaborate	0.39	1.44
aspects	0.39	1.30
game	0.39	1.17
investing	0.39	1.33
internet	0.39	1.52
half	0.39	1.42
hmm	0.39	2.07
deep	0.39	1.11
reconnect	0.39	1.52
r/relationship_advice	0.39	1.73
log	0.39	1.36
outsider	0.39	1.51
bill	0.39	1.23
surrounded	0.40	1.16
scum	0.40	1.15
source	0.40	1.26
jokes	0.40	1.20
payments	0.40	1.22
minutes	0.40	1.46
clearly	0.40	2.28
importantly	0.40	1.18
responded	0.40	1.62
sea	0.40	1.26
shared	0.40	1.25
amongst	0.40	1.14
contacts	0.40	1.48
dumps	0.40	1.54
after	0.40	1.62
outside	0.40	1.36
grabbing	0.40	1.25
pornography	0.40	1.15
fling	0.40	1.29
mood	0.40	1.21
hobbies	0.40	1.27
goes	0.40	1.58
comments	0.40	1.80
before	0.40	1.84
tip	0.40	1.41
downvotes	0.40	1.67
subject	0.40	1.49
arrange	0.41	1.18
chemical	0.41	1.24
speaks	0.41	1.26
separated	0.41	1.51
subreddit	0.41	1.71
admits	0.41	1.65
karma	0.41	1.45
typing	0.41	1.67
discover	0.41	1.17
social	0.41	1.30
disregard	0.41	1.23
freely	0.41	1.49
payment	0.41	1.17
mark	0.41	1.39
eggs	0.41	1.21
used	0.41	1.32
attitudes	0.41	1.30
chooses	0.41	1.55
moments	0.41	1.22
chatting	0.41	1.52
values	0.41	1.39
boyfriend	0.41	1.97
typed	0.41	1.77
strike	0.41	1.07
type	0.41	1.92
tie	0.41	1.22
taught	0.41	1.16
promising	0.41	1.22
tear	0.41	1.12
pack	0.41	1.31
clarify	0.42	2.18
require	0.42	1.27
g	0.42	1.45
building	0.42	1.04
science	0.42	1.20
masturbating	0.42	1.26
brave	0.42	0.97
cultures	0.42	1.20
communication	0.42	1.37
yikes	0.42	1.74
classes	0.42	1.24
worded	0.42	1.65
couples	0.42	1.59
articles	0.42	1.36
posted	0.42	1.79
pleasure	0.42	1.26
checking	0.42	1.47
light	0.42	1.18
emails	0.42	1.44
replied	0.42	1.80
diet	0.42	1.13
babe	0.42	1.76
mind	0.42	2.44
struck	0.42	1.22
pursue	0.43	1.45
gives	0.43	1.44
deleted	0.43	1.43
dance	0.43	1.13
degree	0.43	1.23
1	0.43	1.71
conversation	0.43	1.54
t	0.43	1.09
shall	0.43	1.32
1-2	0.43	1.58
posts	0.43	1.74
lacks	0.43	1.13
street	0.43	1.29
frank	0.43	1.55
since	0.43	1.98
300	0.43	1.54
girlfriend	0.43	1.95
taxes	0.43	1.21
web	0.43	1.42
link	0.43	1.49
coworker	0.43	1.28
joy	0.43	1.31
sleep	0.43	1.39
misunderstood	0.43	2.07
hookup	0.43	1.40
laugh	0.43	1.25
booze	0.44	1.13
initiating	0.44	1.46
encouraged	0.44	1.28
expressed	0.44	1.62
adulthood	0.44	1.25
rub	0.44	1.19
monitor	0.44	1.34
provided	0.44	1.51
cheats	0.44	1.68
function	0.44	1.29
matches	0.44	1.24
hour	0.44	1.43
check	0.44	1.54
unprotected	0.44	1.20
paying	0.44	1.20
stood	0.44	1.56
first	0.44	2.07
mentions	0.44	1.66
tag	0.44	1.22
safer	0.44	1.29
anonymous	0.44	1.59
ten	0.44	1.57
happiness	0.44	1.39
maturity	0.44	1.21
booty	0.44	1.50
alive	0.44	1.29
favors	0.45	1.32
activities	0.45	1.23
couch	0.45	1.33
last	0.45	1.67
incompatible	0.45	1.46
exception	0.45	1.42
8	0.45	1.56
waited	0.45	1.60
2-3	0.45	1.56
maintaining	0.45	1.24
weeks	0.45	1.67
went	0.45	1.51
grabbed	0.45	1.30
roommate	0.45	1.46
proactive	0.45	1.29
skill	0.45	1.23
maintain	0.45	1.23
body	0.45	1.28
vibrator	0.45	1.27
nearly	0.45	1.61
posting	0.45	1.77
years	0.45	1.61
cars	0.45	1.14
goals	0.45	1.31
service	0.45	1.28
exchange	0.46	1.31
quiet	0.46	1.36
bodies	0.46	1.23
practicing	0.46	1.30
arrangement	0.46	1.38
reddit	0.46	1.78
seeking	0.46	1.51
grocery	0.46	1.21
messaging	0.46	1.55
app	0.46	1.41
settled	0.46	1.43
bright	0.46	1.21
eachother	0.46	1.71
chat	0.46	1.60
re-read	0.46	1.68
suggests	0.46	1.43
satisfy	0.46	1.13
league	0.46	1.22
entering	0.46	1.43
close	0.46	1.27
within	0.46	1.58
support	0.46	1.21
viewpoint	0.46	1.83
3-4	0.46	1.57
consensual	0.46	1.24
2.5	0.47	1.57
play	0.47	1.26
height	0.47	1.09
lean	0.47	1.25
4-5	0.47	1.56
hours	0.47	1.47
journal	0.47	1.33
figured	0.47	1.84
couple	0.47	1.55
finding	0.47	1.63
seconds	0.47	1.45
junior	0.47	1.41
1/2	0.47	1.61
calories	0.47	1.18
five	0.47	1.56
alternate	0.47	1.32
basket	0.47	1.15
perspectives	0.47	1.43
signal	0.47	1.38
owe	0.47	1.96
ideas	0.47	1.50
hands	0.47	1.22
badly	0.47	1.50
decides	0.47	1.72
times	0.47	1.64
scheduled	0.47	1.32
ago	0.47	1.64
philosophy	0.47	1.21
subreddits	0.47	1.55
eight	0.48	1.55
days	0.48	1.58
four	0.48	1.57
months	0.48	1.64
damn	0.48	1.84
5	0.48	1.58
paid	0.48	1.19
sat	0.48	1.50
e	0.48	1.24
didnt	0.48	2.01
p	0.48	1.63
craigslist	0.48	1.33
proved	0.48	1.69
three	0.48	1.58
nail	0.48	1.25
sentence	0.48	1.80
fake	0.48	1.26
9	0.48	1.59
rare	0.48	0.97
sold	0.48	1.14
sought	0.48	1.59
lasted	0.48	1.61
walking	0.48	1.29
seven	0.48	1.57
cash	0.48	1.25
exercise	0.48	1.15
worked	0.48	1.71
hun	0.48	1.91
aka	0.48	1.17
volunteering	0.48	1.24
week	0.49	1.53
six	0.49	1.58
nope	0.49	2.14
asked	0.49	1.93
7	0.49	1.58
wrapped	0.49	1.10
1.5	0.49	1.60
riding	0.49	1.16
downvoted	0.49	1.96
former	0.49	1.36
groceries	0.49	1.17
balance	0.49	1.20
intelligence	0.49	1.21
clubs	0.49	1.22
travel	0.49	1.19
vote	0.49	1.11
confirmation	0.49	1.52
6	0.49	1.60
wake	0.49	1.35
attend	0.49	1.28
facebook	0.49	1.39
4	0.49	1.60
subjective	0.49	1.37
month	0.49	1.75
developed	0.49	1.15
2	0.50	1.60
later	0.50	1.75
post	0.50	1.82
invested	0.50	1.51
settling	0.50	1.41
involved	0.50	1.37
pulls	0.50	1.43
read	0.50	1.69
3	0.50	1.60
skin	0.50	1.11
highschool	0.50	1.39
plans	0.50	1.13
joined	0.50	1.30
nine	0.50	1.57
hookups	0.50	1.34
clarification	0.50	2.13
youth	0.50	1.20
flirted	0.50	1.64
respond	0.50	1.57
fb	0.50	1.40
senior	0.50	1.39
item	0.50	1.33
condom	0.50	1.21
stands	0.50	1.37
reader	0.50	1.87
decided	0.50	1.77
email	0.50	1.40
yourselves	0.50	1.53
w	0.50	1.36
club	0.50	1.21
plan	0.50	1.20
tight	0.50	1.16
interests	0.50	1.29
uh	0.50	2.11
laying	0.50	1.35
rationally	0.50	1.45
act	0.50	1.45
investment	0.51	1.29
sport	0.51	1.22
paycheck	0.51	1.18
hanging	0.51	1.72
sight	0.51	1.37
protection	0.51	1.25
volunteer	0.51	1.25
relevant	0.51	1.49
z	0.51	1.28
nearby	0.51	1.30
fantasize	0.51	1.21
offering	0.51	1.70
whatever	0.51	2.34
host	0.51	1.21
message	0.51	1.65
please	0.51	2.00
wallet	0.51	1.19
practically	0.51	1.27
romantically	0.51	1.80
stare	0.51	1.14
others	0.51	1.45
summer	0.52	1.28
hobby	0.52	1.23
credit	0.52	1.21
parties	0.52	1.22
apparent	0.52	1.28
table	0.52	1.27
subtle	0.52	1.32
matters	0.52	1.85
base	0.52	1.29
abilities	0.52	1.23
sites	0.52	1.36
painting	0.52	1.15
given	0.52	1.85
tale	0.52	1.23
2nd	0.52	1.38
touched	0.52	1.36
assertive	0.52	1.25
google	0.52	1.31
catch	0.52	1.54
christian	0.52	1.48
workout	0.52	1.20
differently	0.52	1.48
answers	0.53	1.93
only	0.53	2.49
circles	0.53	1.27
weddings	0.53	1.02
nights	0.53	1.35
messaged	0.53	1.58
strip	0.53	1.20
websites	0.53	1.45
graduation	0.53	1.22
moves	0.53	1.56
woke	0.53	1.38
emotional	0.53	1.20
playing	0.53	1.25
neck	0.53	1.23
almost	0.53	1.76
okcupid	0.53	1.43
our	0.53	1.35
courage	0.53	1.17
handled	0.53	1.50
groups	0.53	1.27
lesser	0.53	1.21
known	0.53	1.69
spends	0.53	1.34
forgetting	0.53	1.31
fought	0.53	1.76
keeper	0.53	1.47
flaws	0.54	1.21
language	0.54	1.34
shoot	0.54	1.49
joining	0.54	1.23
addition	0.54	1.11
figures	0.54	1.49
texted	0.54	1.52
officially	0.54	1.73
stimulation	0.54	1.19
brain	0.54	1.27
respectfully	0.54	1.58
lots	0.54	1.21
interact	0.54	1.34
throwaway	0.54	1.56
blog	0.54	1.46
appearance	0.54	1.19
via	0.54	1.43
highly	0.54	1.49
wishes	0.55	1.55
comment	0.55	1.89
unexpected	0.55	1.05
princess	0.55	1.12
fresh	0.55	0.99
marrying	0.55	1.38
bump	0.55	1.26
experience	0.55	1.32
owes	0.55	1.46
yesterday	0.55	1.48
bars	0.55	1.33
level	0.55	1.21
join	0.55	1.24
inviting	0.55	1.37
sports	0.55	1.20
faith	0.56	1.43
3rd	0.56	1.39
holding	0.56	1.34
extend	0.56	1.21
efforts	0.56	1.19
blames	0.56	1.59
lover	0.56	1.21
lips	0.56	1.23
website	0.56	1.41
relations	0.56	1.16
encounters	0.56	1.24
behaved	0.56	1.49
orgasm	0.56	1.16
straightforward	0.56	1.26
use	0.56	1.27
lined	0.56	1.33
ear	0.56	1.29
promise	0.57	1.45
rely	0.57	1.21
wrote	0.57	1.72
casually	0.57	1.50
sessions	0.57	1.50
exclusively	0.57	1.67
bank	0.57	1.22
exercising	0.57	1.14
signs	0.57	1.36
meeting	0.57	1.53
yep	0.57	2.08
yup	0.57	1.48
career	0.57	1.23
revenge	0.57	1.75
event	0.57	1.14
females	0.57	1.21
intercourse	0.57	1.25
sexually	0.58	1.29
dating	0.58	1.70
approval	0.58	1.27
laughing	0.58	1.26
apology	0.58	1.35
animals	0.58	1.15
traveling	0.58	1.15
approaching	0.58	1.45
square	0.58	1.20
found	0.58	1.69
journey	0.58	1.08
barely	0.59	1.51
behaving	0.59	1.50
god	0.59	1.60
sorry	0.59	2.43
profile	0.59	1.33
remotely	0.59	1.91
buddies	0.59	1.27
mobile	0.59	1.61
cuts	0.59	1.15
careers	0.59	1.18
company	0.59	1.30
wan	0.59	1.74
sympathy	0.59	1.45
paragraph	0.59	1.59
paragraphs	0.59	1.48
finally	0.59	1.57
free	0.59	1.57
strength	0.59	1.32
instagram	0.59	1.36
healthier	0.59	1.25
suggestions	0.59	1.58
arm	0.59	1.28
suit	0.59	1.24
handling	0.59	1.41
stronger	0.59	1.29
had	0.59	1.84
food	0.59	1.23
honest	0.59	1.94
tl	0.59	1.52
dialogue	0.60	1.33
button	0.60	1.35
apparently	0.60	1.81
separate	0.60	1.37
commitment	0.60	1.54
group	0.60	1.28
sleeps	0.60	1.36
bold	0.60	1.28
eating	0.60	1.13
reread	0.60	1.71
introduced	0.60	1.45
direct	0.60	1.31
church	0.60	1.45
reads	0.60	1.39
games	0.61	1.21
encounter	0.61	1.28
neutral	0.61	1.18
remaining	0.61	1.40
stability	0.61	1.25
party	0.61	1.13
exes	0.61	1.34
mates	0.61	1.26
complex	0.61	1.07
gaming	0.61	1.19
search	0.61	1.48
arranged	0.61	1.23
accidentally	0.61	1.34
answering	0.61	1.81
accepted	0.61	1.45
marriage	0.61	1.40
strangers	0.61	1.40
visits	0.61	1.17
material	0.61	1.25
belt	0.61	1.12
invites	0.61	1.40
wording	0.62	1.73
non	0.62	1.17
cancel	0.62	1.20
dollar	0.62	1.25
spoke	0.62	1.54
hung	0.62	1.60
next	0.62	1.48
believe	0.62	2.82
2014	0.62	1.10
runs	0.62	1.39
forgot	0.62	1.70
messages	0.62	1.39
nicely	0.62	1.40
chemicals	0.62	1.17
slept	0.62	1.53
reassurance	0.62	1.42
owner	0.62	1.26
series	0.63	1.16
hotel	0.63	1.29
limited	0.63	1.39
built	0.63	1.06
styles	0.63	1.44
independently	0.63	1.57
matured	0.63	1.50
settle	0.63	1.32
preferably	0.63	1.43
studies	0.63	1.33
shape	0.63	1.16
hooking	0.63	1.54
network	0.64	1.23
honesty	0.64	1.34
dated	0.64	1.63
drink	0.64	1.15
behave	0.64	1.50
texts	0.64	1.41
hand	0.64	1.27
lastly	0.64	1.19
perspective	0.64	1.95
together	0.64	1.75
cop	0.64	1.23
snapchat	0.64	1.35
site	0.64	1.39
job	0.64	1.18
brains	0.64	1.22
text	0.65	1.44
hs	0.65	1.38
happier	0.65	1.81
capacity	0.65	1.20
topic	0.65	1.41
art	0.65	1.21
formed	0.65	1.10
dr	0.65	1.45
username	0.66	1.33
satisfying	0.66	1.14
monogamy	0.66	1.53
ah	0.66	2.21
easiest	0.66	1.98
ya	0.66	2.00
stock	0.66	1.22
self-respect	0.66	1.28
phrasing	0.66	1.37
cup	0.66	1.23
ill	0.66	1.97
walk	0.66	1.41
mine	0.66	2.11
meat	0.66	1.15
companionship	0.66	1.13
poly	0.66	1.34
entirely	0.66	2.10
august	0.66	1.37
write	0.66	1.40
reading	0.67	1.69
online	0.67	1.41
fuckin	0.67	1.82
expand	0.67	1.11
underage	0.67	1.21
introducing	0.67	1.11
picture	0.67	1.23
planet	0.67	1.05
pm	0.67	1.75
huh	0.67	2.08
morning	0.67	1.37
suggestion	0.67	1.70
viewed	0.67	1.37
yea	0.67	2.09
film	0.68	1.14
tinder	0.68	1.39
objective	0.68	1.58
hey	0.68	2.11
cook	0.68	1.19
responding	0.68	1.65
toys	0.68	1.14
fallacy	0.68	1.21
water	0.68	1.05
offer	0.69	1.62
picked	0.69	1.23
sickness	0.69	1.65
y'all	0.69	1.64
enter	0.69	1.38
whomever	0.69	1.50
socialize	0.69	1.31
individuals	0.69	1.17
everyone	0.69	1.80
sell	0.69	1.16
cost	0.69	1.17
compatibility	0.69	1.28
night	0.69	1.37
images	0.69	1.21
box	0.69	1.15
selling	0.69	1.15
screen	0.70	1.35
chain	0.70	1.22
afford	0.70	1.17
english	0.70	1.29
football	0.70	1.17
strictly	0.70	1.22
provide	0.70	1.42
fellow	0.70	1.20
engaged	0.70	1.46
sexting	0.70	1.30
ensure	0.70	1.26
coworkers	0.70	1.31
haul	0.70	1.30
every	0.70	1.40
k	0.70	1.33
biology	0.71	1.19
integrity	0.71	1.26
behaves	0.71	1.54
flirting	0.71	1.32
inclined	0.71	2.00
kiss	0.71	1.26
toward	0.71	1.19
flirty	0.72	1.18
build	0.72	1.12
weather	0.72	1.14
separately	0.72	1.45
friday	0.72	1.43
exclusive	0.72	1.65
chicken	0.72	1.19
tv	0.72	1.23
session	0.72	1.30
prove	0.72	1.63
commit	0.72	1.61
eat	0.72	1.23
sexual	0.72	1.20
individually	0.72	1.56
sacrificing	0.72	1.26
wise	0.72	1.20
partnership	0.73	1.46
yoga	0.73	1.16
else	0.73	2.23
anybody	0.73	1.98
shots	0.73	1.43
video	0.73	1.20
invite	0.73	1.28
existed	0.73	1.21
watching	0.73	1.24
cool	0.73	2.13
enjoying	0.73	1.48
satisfaction	0.73	1.21
accepting	0.73	1.17
mere	0.74	1.20
dude	0.74	1.82
someones	0.74	1.29
written	0.74	1.46
watched	0.74	1.17
brief	0.74	1.17
asleep	0.74	1.43
form	0.74	1.15
patience	0.74	1.37
respecting	0.74	1.31
earned	0.74	1.39
lasts	0.74	1.32
sun	0.75	1.15
hi	0.75	1.85
receive	0.75	1.47
writing	0.75	1.35
alright	0.75	2.31
thrilled	0.75	1.88
tuesday	0.75	1.44
sex	0.75	1.34
validation	0.75	1.32
chin	0.75	1.55
cheek	0.75	1.27
eats	0.76	1.14
pays	0.76	1.26
friendship	0.76	1.28
met	0.76	1.59
incapable	0.76	1.53
says	0.76	2.27
edited	0.76	1.81
page	0.76	1.48
financially	0.76	1.17
active	0.77	1.19
circle	0.77	1.26
edit	0.77	1.80
rock	0.77	1.17
sentences	0.77	1.60
roll	0.77	1.21
lap	0.77	1.21
1st	0.77	1.39
houses	0.78	1.22
developing	0.78	1.23
manner	0.78	1.24
providing	0.78	1.40
express	0.78	1.57
meals	0.78	1.16
date	0.78	1.67
trust	0.78	1.56
proving	0.78	1.46
repeat	0.78	1.76
helping	0.78	1.69
wired	0.79	1.23
adults	0.79	1.38
interest	0.79	1.70
sometime	0.79	1.50
stage	0.79	1.38
checks	0.79	1.24
oops	0.79	1.79
fwb	0.79	1.31
jesus	0.79	1.43
teasing	0.79	1.15
saw	0.80	1.59
january	0.80	1.39
entered	0.80	1.36
diamond	0.80	0.98
industry	0.80	1.19
touch	0.80	1.24
anyhow	0.80	1.68
tomorrow	0.80	1.50
thursday	0.80	1.39
co-workers	0.80	1.33
everybody	0.80	1.61
gave	0.80	1.58
happiest	0.81	1.87
amicable	0.81	1.73
enjoy	0.81	1.22
pretending	0.81	1.78
forgotten	0.81	1.38
upsets	0.81	1.85
lord	0.81	1.31
value	0.81	1.39
btw	0.81	1.96
panties	0.81	1.04
meet	0.82	1.57
beers	0.82	1.26
band	0.82	0.97
hangs	0.82	1.48
book	0.82	1.16
mall	0.82	1.39
models	0.82	1.06
expression	0.82	1.15
humans	0.82	1.12
receiving	0.82	1.39
thrill	0.83	1.33
suspicions	0.83	2.17
satisfied	0.83	1.79
tonight	0.83	1.57
fishing	0.83	1.20
platonic	0.83	1.12
priority	0.83	1.35
replies	0.83	1.84
rewarding	0.83	1.06
responds	0.83	1.55
men	0.83	1.26
commenting	0.83	1.70
slightest	0.83	1.59
ha	0.84	1.68
star	0.84	1.16
looked	0.84	1.43
animal	0.84	1.11
watches	0.84	1.40
confidence	0.84	1.19
valid	0.84	2.12
videos	0.84	1.18
eyes	0.84	1.18
eye	0.84	1.17
hang	0.84	1.66
copy	0.84	1.28
relationships	0.84	1.23
female	0.84	1.39
bike	0.84	1.15
etc	0.84	1.21
vows	0.84	1.14
acquaintance	0.84	1.19
winter	0.85	1.13
honor	0.85	1.17
article	0.85	1.27
monday	0.85	1.40
personalities	0.85	1.28
bonding	0.85	1.16
kinky	0.85	1.11
music	0.85	1.06
desire	0.85	1.34
humor	0.85	1.23
bottle	0.86	1.35
price	0.86	1.10
gamer	0.86	1.16
women	0.86	1.22
pursued	0.86	1.47
cents	0.86	1.89
individual	0.86	1.41
were	0.86	1.80
believing	0.86	1.45
regard	0.86	1.42
hooked	0.86	1.54
unavailable	0.86	1.29
learns	0.86	1.61
banging	0.87	1.42
expensive	0.87	1.19
touching	0.87	1.20
bang	0.87	1.37
functioning	0.87	1.17
vacation	0.87	1.14
hangout	0.87	1.50
prize	0.87	1.11
attachment	0.87	1.15
charge	0.87	1.11
cuddling	0.87	1.22
ate	0.87	1.15
ceremony	0.88	1.10
walks	0.88	1.16
physical	0.88	1.13
trips	0.88	1.10
clarity	0.88	1.69
dignity	0.88	1.29
nudes	0.88	1.26
hug	0.89	1.38
sigh	0.89	1.67
sunday	0.89	1.37
closeness	0.89	1.01
clicked	0.90	1.51
realizes	0.90	1.60
count	0.90	1.32
beneficial	0.90	1.33
today	0.90	1.51
row	0.90	1.33
acceptance	0.90	1.17
based	0.90	1.91
netflix	0.90	1.24
meditation	0.90	1.30
firstly	0.90	2.03
bro	0.90	1.95
ps	0.90	1.73
gf	0.91	1.92
encouraging	0.91	1.19
wednesday	0.91	1.36
two	0.91	1.61
depth	0.91	1.24
explore	0.91	1.13
foods	0.91	1.14
rekindle	0.92	1.28
sweetie	0.92	1.89
object	0.92	1.28
nude	0.92	1.23
bar	0.92	1.25
feedback	0.92	1.78
haha	0.92	2.15
returned	0.92	1.28
long-term	0.92	1.32
protected	0.93	1.24
remembering	0.93	1.28
kissed	0.93	1.45
drinks	0.93	1.23
reasonably	0.93	1.31
asks	0.93	1.98
invited	0.93	1.18
solo	0.93	1.28
intellectual	0.94	1.13
afternoon	0.94	1.32
period	0.94	1.27
saturday	0.94	1.36
advice	0.94	1.97
responses	0.94	1.77
translate	0.95	1.23
glasses	0.95	1.19
male	0.95	1.26
constructive	0.95	1.33
detailed	0.95	1.42
books	0.95	1.22
promised	0.95	1.40
wondered	0.95	1.81
works	0.95	1.89
agrees	0.95	1.73
standpoint	0.95	2.02
introduce	0.96	1.33
crave	0.96	1.13
term	0.96	1.32
convinced	0.96	1.65
monogamous	0.96	1.36
counts	0.96	1.22
sent	0.96	1.33
content	0.96	1.77
grab	0.97	1.38
stone	0.97	1.05
colors	0.97	1.24
bud	0.97	1.96
pleasing	0.97	1.32
trait	0.97	1.21
cats	0.98	1.58
breakfast	0.98	1.23
cheap	0.98	1.21
better	0.98	1.81
dancing	0.99	1.15
listening	0.99	1.39
shares	0.99	1.39
p.s	0.99	1.73
someday	1.00	1.60
cuddle	1.00	1.19
updated	1.00	1.73
mutual	1.00	1.21
sharing	1.00	1.42
reply	1.00	1.92
received	1.00	1.47
gut	1.00	1.93
proposed	1.00	1.25
planning	1.01	1.09
chicks	1.01	1.21
random	1.01	1.38
activity	1.01	1.11
fade	1.01	1.27
vacations	1.01	1.10
pair	1.01	1.17
suits	1.02	1.05
generic	1.02	1.18
acquaintances	1.02	1.25
acts	1.02	1.79
develop	1.02	1.08
crush	1.03	1.17
click	1.03	1.56
beach	1.03	1.20
stay	1.03	1.91
wild	1.03	1.14
pizza	1.03	1.28
pet	1.03	1.12
intense	1.04	1.16
forming	1.04	1.12
evening	1.04	1.31
insight	1.05	1.70
friendships	1.05	1.11
watch	1.05	1.18
kissing	1.05	1.18
popular	1.05	1.11
spice	1.05	1.24
quality	1.05	1.09
tremendously	1.06	1.27
casual	1.06	1.28
life	1.06	1.59
hair	1.06	1.01
kisses	1.06	1.18
hike	1.06	1.26
replying	1.06	1.79
tips	1.06	1.59
experiment	1.06	1.15
well	1.06	2.40
accurate	1.06	1.95
mirror	1.06	1.16
wisdom	1.06	1.50
trip	1.07	1.09
thought	1.07	1.92
day	1.07	1.26
bond	1.08	1.09
feminine	1.08	1.06
suitable	1.08	1.30
park	1.08	1.27
beings	1.08	0.97
lunch	1.08	1.34
calm	1.08	1.20
greatly	1.09	1.32
guys	1.09	1.53
letter	1.09	1.27
dudes	1.09	1.31
shown	1.09	1.54
soft	1.09	1.08
coffee	1.09	1.34
tickets	1.09	1.13
fully	1.10	1.47
puppy	1.10	1.17
dominant	1.10	1.16
error	1.10	1.99
misses	1.10	1.80
store	1.10	1.24
hoped	1.10	1.64
tease	1.11	1.19
attention	1.11	1.33
ex	1.11	1.87
camping	1.11	1.09
intimacy	1.11	1.13
friendly	1.11	1.12
flirtatious	1.11	1.14
knows	1.11	1.97
foundation	1.11	1.13
preferred	1.11	1.69
us	1.12	2.03
display	1.12	1.21
occasions	1.12	1.03
mutually	1.12	1.19
advance	1.12	1.20
earn	1.12	1.26
empathy	1.12	1.22
mail	1.13	1.24
encouragement	1.13	1.51
bullet	1.13	1.37
wish	1.13	2.27
youtube	1.13	1.17
incorrect	1.13	2.16
connections	1.13	1.12
shopping	1.14	1.20
thinks	1.14	1.93
treating	1.14	1.45
return	1.14	1.40
milk	1.14	1.14
headed	1.14	1.11
match	1.14	1.27
fit	1.14	1.11
ears	1.14	1.19
sufficient	1.15	1.17
remain	1.15	1.17
opens	1.15	1.18
items	1.15	1.10
beer	1.16	1.21
ready	1.16	2.07
presumably	1.16	1.10
flirt	1.16	1.23
reminded	1.16	1.39
pic	1.16	1.18
nobody	1.17	1.70
policy	1.17	1.70
upvote	1.17	1.86
proof	1.17	2.01
lt	1.18	1.90
amazed	1.18	1.53
assessment	1.18	2.03
wants	1.18	1.99
attracted	1.18	1.55
update	1.18	1.79
buys	1.19	1.00
civil	1.19	1.11
wedding	1.19	1.01
receptive	1.19	1.33
prom	1.20	1.25
speaking	1.21	2.02
valuable	1.21	1.21
peace	1.21	1.82
recommendation	1.21	1.66
treated	1.21	1.43
exploring	1.21	1.17
stranger	1.22	1.39
shows	1.22	1.32
dodged	1.22	1.32
skinny	1.22	0.97
productive	1.22	1.17
never	1.22	2.01
sends	1.23	1.24
engagement	1.23	1.06
holds	1.23	1.41
wanted	1.23	1.94
intellectually	1.23	1.88
helps	1.24	1.82
friend	1.24	1.84
concert	1.24	1.18
color	1.24	0.94
gold	1.24	0.98
mountain	1.25	1.05
favourite	1.25	1.09
skip	1.25	1.00
cheers	1.25	1.92
proves	1.25	1.56
propose	1.25	1.12
underwear	1.26	1.02
instincts	1.26	1.83
favorite	1.26	0.96
treat	1.26	1.40
sincerely	1.27	1.35
lasting	1.27	1.12
hiking	1.27	1.10
fulfilled	1.27	1.52
phase	1.28	1.26
towards	1.28	1.07
worthwhile	1.28	1.19
beginning	1.28	1.39
returns	1.28	1.30
closest	1.28	1.71
immensely	1.29	1.26
style	1.29	1.04
sir	1.29	1.81
honey	1.29	1.74
letters	1.29	1.24
desired	1.29	1.34
photos	1.30	1.17
hope	1.30	2.04
cream	1.30	1.18
talks	1.30	1.86
both	1.30	1.88
tea	1.30	1.20
guy	1.30	1.65
dates	1.31	1.29
interpretation	1.31	1.93
movie	1.31	1.20
memories	1.31	1.09
objectively	1.32	1.90
equal	1.32	1.29
solid	1.32	1.11
hotter	1.32	1.25
hears	1.32	1.83
ruined	1.32	1.51
luck	1.33	2.15
exists	1.33	1.37
considers	1.33	1.53
ring	1.34	1.04
response	1.34	1.66
friends	1.34	1.75
weekend	1.35	1.12
sees	1.35	1.85
pictures	1.35	1.18
professor	1.35	1.15
hello	1.35	1.26
beauty	1.35	1.00
naked	1.35	1.16
wasnt	1.35	1.63
pants	1.36	1.02
photo	1.36	1.18
package	1.36	1.10
loyalty	1.36	1.19
co-worker	1.36	1.35
assured	1.37	1.47
grammar	1.37	1.98
send	1.38	1.22
excited	1.38	1.74
rational	1.38	1.17
meets	1.39	1.25
cheesy	1.39	1.37
meal	1.40	1.25
note	1.40	1.22
chocolate	1.41	1.15
buying	1.41	1.20
movies	1.41	1.14
cards	1.41	1.11
supporting	1.41	1.08
thanksgiving	1.42	1.10
input	1.42	1.82
helped	1.42	1.60
decency	1.42	1.26
connection	1.42	1.05
smile	1.42	1.14
goodness	1.42	1.38
excitement	1.43	1.19
ice	1.43	1.10
courtesy	1.44	1.32
knew	1.44	1.82
round	1.44	1.54
honeymoon	1.44	1.21
enjoyed	1.44	1.35
pics	1.45	1.14
foreplay	1.45	1.07
girl	1.45	1.55
intimate	1.46	1.04
sincere	1.46	1.16
rings	1.46	1.02
incredible	1.46	1.59
independent	1.46	1.11
driven	1.46	1.06
spelling	1.46	1.96
falls	1.46	1.55
flirts	1.46	1.66
proven	1.47	1.81
hugs	1.47	1.50
accepts	1.47	1.71
engaging	1.48	1.10
fashion	1.48	1.07
thanks	1.48	1.81
dinners	1.48	1.08
welcome	1.48	1.82
showed	1.48	1.30
capable	1.49	1.23
finds	1.49	1.69
girls	1.49	1.22
spark	1.50	1.14
obsession	1.50	1.58
useful	1.50	1.50
another	1.51	1.56
attract	1.51	1.11
ideally	1.51	1.56
wishing	1.51	1.61
redditor	1.51	1.27
holidays	1.52	0.99
listened	1.52	1.69
single	1.53	1.64
relaxed	1.53	1.34
ex-boyfriend	1.53	1.41
thank	1.53	1.79
compassion	1.54	1.15
compatible	1.54	1.58
butterflies	1.55	1.65
lol	1.55	2.02
ladies	1.55	0.98
new	1.56	1.18
category	1.56	1.47
traits	1.56	1.05
attraction	1.57	1.12
likes	1.57	1.80
trap	1.57	1.56
bought	1.57	1.10
pleasant	1.58	1.27
liked	1.59	1.74
passion	1.60	1.13
shoes	1.60	1.00
sending	1.60	1.15
truthful	1.60	1.15
creative	1.60	1.13
tall	1.61	1.08
spell	1.61	1.34
confuse	1.62	1.62
human	1.62	1.03
spontaneous	1.62	0.97
outgoing	1.62	1.37
mate	1.63	1.83
sweetheart	1.63	1.29
connect	1.63	1.18
consideration	1.64	1.32
oh	1.64	2.05
understood	1.65	1.70
wished	1.65	1.67
grand	1.66	1.06
owed	1.66	1.44
congratulations	1.67	1.67
believes	1.67	1.75
tool	1.67	1.41
motivated	1.68	1.07
clothes	1.68	0.95
healthy	1.70	1.51
listens	1.70	1.71
deserved	1.70	1.63
dear	1.71	1.56
chick	1.71	1.23
reliable	1.72	1.00
sunk	1.72	1.56
enough	1.72	1.75
believed	1.72	1.64
hahaha	1.73	1.48
stars	1.74	1.04
understands	1.76	1.70
wears	1.76	1.02
card	1.76	1.08
helpful	1.77	1.52
trustworthy	1.77	1.18
shirt	1.77	0.94
buddy	1.77	1.81
planned	1.78	1.00
respect	1.79	1.32
smarter	1.79	1.07
care	1.79	1.99
warm	1.80	0.98
infatuated	1.80	1.55
balanced	1.81	1.42
happily	1.81	1.21
jewelry	1.81	1.02
committed	1.82	1.54
needed	1.83	1.59
appreciate	1.83	1.53
clothing	1.84	0.97
partner	1.84	1.17
rich	1.86	0.95
fall	1.86	1.59
sensitive	1.86	1.13
dedicated	1.87	1.07
candy	1.87	1.08
falling	1.88	1.71
looks	1.89	1.08
yay	1.89	1.90
whom	1.92	1.13
enjoys	1.93	1.42
wow	1.93	1.80
nicer	1.94	1.50
find	1.95	1.37
liking	1.95	1.39
blinded	1.97	1.54
shop	1.97	1.51
aw	1.97	1.86
cake	1.97	1.02
makeup	1.98	0.91
connected	1.98	1.27
supports	1.98	1.52
wore	1.99	0.94
present	1.99	1.04
playful	2.00	1.09
each	2.01	1.56
sensible	2.01	1.23
polite	2.02	1.26
meaningful	2.02	0.96
glad	2.02	1.79
confide	2.03	1.22
demonstrate	2.03	1.46
compliments	2.03	1.04
kind	2.04	1.22
fallen	2.05	1.50
rose	2.05	1.30
somebody	2.05	1.54
supported	2.06	1.41
notes	2.06	1.03
picnic	2.07	1.51
wear	2.07	0.93
kudos	2.07	1.53
fulfilling	2.07	1.14
treats	2.08	1.38
mature	2.08	1.01
wearing	2.08	0.92
accomplished	2.08	1.18
initial	2.09	1.38
trusting	2.09	1.00
adventure	2.10	1.12
forgiving	2.10	0.96
educated	2.10	0.95
man	2.10	1.53
sympathetic	2.10	0.99
restaurant	2.11	1.47
fell	2.11	1.51
faithful	2.12	1.08
reciprocate	2.12	1.63
person	2.12	1.45
kindness	2.13	1.15
anniversary	2.13	0.97
celebrate	2.14	0.92
buy	2.15	1.41
functional	2.15	1.22
stable	2.16	1.14
lingerie	2.16	0.95
comforting	2.16	1.09
relaxing	2.16	1.29
showing	2.18	1.49
dinner	2.19	1.47
wine	2.19	1.44
genuine	2.20	1.08
understanding	2.21	1.05
proposal	2.21	0.93
languages	2.22	1.37
appealing	2.22	0.97
proposing	2.23	0.93
mindful	2.26	0.98
show	2.26	1.52
infatuation	2.26	1.37
chemistry	2.28	1.12
occasion	2.28	0.85
successful	2.28	1.17
great	2.28	1.53
trusted	2.28	1.34
respects	2.28	1.41
massage	2.28	1.38
presents	2.28	0.95
magical	2.29	1.11
congrats	2.29	1.57
strong	2.29	1.10
dresses	2.30	0.87
respected	2.31	1.28
safe	2.31	1.25
christmas	2.32	0.90
birthdays	2.34	0.91
he/she	2.36	1.36
trusts	2.36	1.48
lust	2.37	1.36
interview	2.38	1.06
gentle	2.38	0.98
birthday	2.39	0.89
sane	2.40	0.98
soulmate	2.40	1.20
appreciation	2.41	1.34
proud	2.42	1.06
gal	2.42	1.19
thankful	2.43	1.05
admire	2.44	1.00
unique	2.44	1.05
grateful	2.46	0.91
secure	2.46	1.09
romance	2.48	1.11
holiday	2.49	0.84
valentines	2.49	0.89
valentine	2.50	0.88
heels	2.50	1.07
deserves	2.52	1.37
genuinely	2.53	1.42
dressing	2.54	1.08
gifts	2.54	0.87
fancy	2.55	1.25
compliment	2.56	1.04
desirable	2.59	0.82
affection	2.59	1.21
confident	2.60	0.91
cares	2.61	1.50
deeply	2.62	1.35
dress	2.62	1.05
adventurous	2.62	0.92
perfect	2.63	0.96
respectful	2.63	0.91
reciprocated	2.64	1.14
appreciated	2.65	1.07
patient	2.65	0.88
romantic	2.67	1.04
valued	2.68	0.95
dressed	2.69	0.99
qualities	2.72	0.94
affectionate	2.73	0.85
woman	2.73	1.08
surprise	2.74	0.93
cared	2.74	1.41
hot	2.75	1.02
powerful	2.76	1.08
gesture	2.81	0.91
madly	2.83	1.23
gestures	2.86	0.87
gift	2.88	1.00
supportive	2.89	0.81
gentleman	2.89	0.91
generous	2.91	0.81
reassuring	2.92	0.99
loyal	2.93	0.77
supposedly	2.94	1.11
deserve	2.94	1.18
precious	2.95	0.96
flowers	2.95	1.00
exciting	2.96	0.89
mr	2.97	0.86
compassionate	2.99	0.79
appreciates	2.99	1.26
truly	3.00	1.22
fun	3.03	1.03
cute	3.04	0.95
cherish	3.05	0.75
decent	3.06	0.78
insightful	3.08	1.04
passionate	3.10	0.84
devoted	3.14	0.78
considerate	3.14	0.85
funny	3.15	0.97
attentive	3.15	0.79
attractive	3.19	0.86
thoughtful	3.22	0.79
caring	3.23	0.77
intelligent	3.24	0.80
loving	3.26	0.71
excellent	3.27	0.92
gorgeous	3.31	0.81
interesting	3.34	0.85
adore	3.39	0.62
sexy	3.48	0.72
lucky	3.49	0.64
lady	3.49	0.71
smart	3.49	0.72
worthy	3.51	0.57
sweet	3.58	0.67
charming	3.58	0.72
beautiful	3.70	0.62
special	3.72	0.49
wonderful	3.76	0.46
lovely	3.82	0.43
