operations	-4.20	1.45
pissed	-4.03	0.94
piss	-4.01	1.04
disgusting	-3.94	1.13
miserable	-3.86	1.62
stupid	-3.68	1.49
worse	-3.64	1.51
considering	-3.63	1.51
insane	-3.54	1.33
hating	-3.53	1.55
fucked	-3.44	1.52
clusterfuck	-3.44	1.36
analogy	-3.44	1.36
ridiculous	-3.38	1.73
ugly	-3.36	1.85
crap	-3.34	1.48
led	-3.33	1.63
shitty	-3.26	1.48
bitch	-3.23	1.20
californians	-3.16	1.92
whining	-3.10	1.47
insulting	-3.09	1.40
dumb	-3.05	1.37
hypocritical	-3.04	1.61
sick	-3.03	1.43
blacks	-3.01	1.67
nightmare	-3.00	1.40
tired	-2.97	1.49
unfortunately	-2.95	2.24
reality	-2.94	2.01
poor	-2.93	1.59
complain	-2.91	1.70
dirty	-2.90	1.44
directed	-2.88	1.94
besides	-2.88	1.46
marketplace	-2.82	2.07
screwed	-2.82	1.60
nervous	-2.77	1.63
itt	-2.76	1.66
wonder	-2.74	2.80
sucked	-2.72	1.36
existed	-2.72	2.27
ive	-2.71	2.10
frustrating	-2.70	1.99
literally	-2.70	2.11
recognize	-2.68	2.09
bad	-2.65	1.83
weak	-2.65	1.72
shits	-2.62	1.62
hilarious	-2.61	1.94
freak	-2.61	1.75
blame	-2.60	1.88
angry	-2.60	1.56
barely	-2.60	1.74
earth	-2.59	1.17
ruining	-2.57	1.85
sadly	-2.56	1.72
hatred	-2.56	1.84
possibly	-2.56	2.32
shocked	-2.54	2.24
defending	-2.52	1.87
annoying	-2.52	1.79
lazy	-2.52	1.06
speech	-2.48	2.19
outright	-2.48	2.09
completely	-2.46	2.29
disaster	-2.45	1.70
overnight	-2.43	2.45
its	-2.43	2.51
fyi	-2.41	2.29
decisions	-2.41	1.88
mars	-2.40	2.03
switching	-2.40	2.16
driven	-2.39	2.33
management	-2.38	2.01
gross	-2.38	1.64
scenario	-2.38	2.27
absolute	-2.37	1.88
implying	-2.35	2.38
selfish	-2.35	1.09
conservatives	-2.35	1.97
fear	-2.34	2.02
rage	-2.34	1.86
evil	-2.33	1.68
bullshit	-2.33	1.14
useless	-2.32	1.92
fuck	-2.32	1.58
ignorant	-2.31	1.19
genius	-2.30	1.40
kind	-2.30	2.36
insist	-2.30	2.03
religion	-2.30	2.16
brilliant	-2.29	1.69
driscoll	-2.27	1.82
idiotic	-2.27	1.19
country	-2.27	2.50
boring	-2.25	1.47
fool	-2.22	1.05
paranoid	-2.20	2.26
outcome	-2.20	2.25
pretending	-2.19	1.51
pathetic	-2.18	1.06
walks	-2.17	2.31
wins	-2.17	2.25
customer	-2.17	1.99
columbus	-2.17	2.20
reviews	-2.17	1.81
constant	-2.16	1.99
unfortunate	-2.16	1.95
dumbass	-2.16	2.19
flip	-2.16	1.98
fucking	-2.15	1.57
douchebag	-2.15	0.84
nation	-2.14	2.45
smells	-2.14	1.82
offensive	-2.14	2.39
entitled	-2.13	1.06
crappy	-2.13	1.76
unlikely	-2.12	1.93
pretend	-2.11	1.97
considered	-2.10	2.23
spin	-2.10	2.21
uninformed	-2.09	1.37
architecture	-2.09	1.97
stuck	-2.08	1.15
sucks	-2.08	1.63
asshole	-2.07	1.12
condescending	-2.06	1.04
complete	-2.04	1.02
irresponsible	-2.04	1.11
idiots	-2.03	1.13
fucks	-2.03	1.17
assholes	-2.03	1.08
highest	-2.01	2.66
bitching	-2.00	0.91
acting	-2.00	0.92
moron	-1.99	1.64
naive	-1.99	1.20
complaining	-1.98	1.40
seattlites	-1.98	1.95
hyperbole	-1.97	1.44
mistakes	-1.94	2.24
filled	-1.94	2.12
bored	-1.93	1.22
idiot	-1.93	1.25
depressing	-1.93	1.79
stone	-1.91	2.06
shit	-1.90	1.26
suggesting	-1.89	3.06
minded	-1.89	1.97
ass	-1.89	1.12
absurd	-1.88	1.35
calling	-1.88	1.30
uncommon	-1.86	2.25
offended	-1.86	2.60
largest	-1.85	2.68
meaningless	-1.84	2.56
utterly	-1.84	1.28
jesus	-1.79	1.62
suck	-1.78	1.58
95	-1.78	2.11
catholic	-1.77	1.26
exactly	-1.76	3.45
jerks	-1.75	1.06
shame	-1.75	2.00
racism	-1.75	0.93
thinks	-1.74	2.41
jerk	-1.73	1.23
dead	-1.73	2.32
petty	-1.72	0.87
racist	-1.72	1.41
confused	-1.72	2.82
implemented	-1.72	1.14
holy	-1.71	1.54
religious	-1.68	2.25
unreasonable	-1.67	1.74
irrational	-1.67	1.31
obviously	-1.67	3.37
cant	-1.67	1.71
us	-1.66	1.91
lying	-1.66	3.03
dangerous	-1.66	1.10
opposite	-1.64	3.03
morons	-1.64	1.22
mark	-1.63	1.20
likes	-1.63	2.46
attitude	-1.63	1.04
fact	-1.63	2.79
believes	-1.63	2.35
continued	-1.63	0.93
true	-1.62	3.36
blatant	-1.62	1.06
happens	-1.62	2.40
apparently	-1.62	2.26
inequality	-1.61	0.97
obnoxious	-1.61	1.02
wants	-1.61	2.55
matter	-1.60	2.78
mentality	-1.59	0.94
screw	-1.59	1.22
practices	-1.58	0.99
rich	-1.58	0.90
church	-1.58	1.44
act	-1.58	1.30
bitter	-1.57	1.84
ugh	-1.56	1.67
christian	-1.55	1.41
currently	-1.55	1.66
likely	-1.55	1.94
admit	-1.54	3.25
dont	-1.54	2.07
basically	-1.54	2.24
kinda	-1.54	2.49
beneficial	-1.54	1.00
unless	-1.54	3.68
point	-1.53	3.60
situation	-1.53	2.10
alone	-1.52	3.07
either	-1.52	3.68
nicer	-1.51	1.14
worried	-1.51	2.00
god	-1.50	1.66
discrimination	-1.50	0.89
anger	-1.50	1.32
regressive	-1.50	1.00
assume	-1.50	3.70
ignorance	-1.49	1.21
circle	-1.49	1.42
afraid	-1.49	2.77
churches	-1.49	1.45
upset	-1.49	2.04
saying	-1.49	3.72
talking	-1.48	3.63
re	-1.48	3.67
thats	-1.48	2.32
mean	-1.48	3.70
nuts	-1.48	1.28
frustrated	-1.48	1.62
off	-1.48	1.56
sees	-1.47	2.53
blaming	-1.47	1.36
doing	-1.47	3.70
disagree	-1.46	3.35
does	-1.46	2.84
laughable	-1.46	1.07
butthurt	-1.45	1.21
crazy	-1.45	2.01
funny	-1.45	2.36
irrelevant	-1.45	1.57
frankly	-1.45	1.44
happier	-1.44	2.33
realize	-1.44	3.03
baseless	-1.44	1.83
sure	-1.44	3.68
whites	-1.44	0.81
difference	-1.44	2.57
again	-1.43	3.66
expect	-1.43	2.93
thinking	-1.43	3.53
dislike	-1.43	2.35
working	-1.43	2.16
race	-1.43	1.14
ignored	-1.42	1.63
going	-1.42	3.70
rare	-1.41	2.09
silly	-1.41	1.60
jokes	-1.41	1.64
despite	-1.41	1.23
believing	-1.41	1.28
quit	-1.40	0.92
exists	-1.40	1.39
guessing	-1.40	3.14
socially	-1.40	1.00
hearing	-1.39	1.54
asses	-1.39	1.29
idea	-1.39	2.42
messed	-1.39	1.73
mention	-1.39	3.40
said	-1.39	3.47
apply	-1.38	1.27
worthless	-1.38	1.10
clearly	-1.37	3.35
bothers	-1.37	1.56
am	-1.37	2.61
agree	-1.37	3.67
shady	-1.37	1.14
cult	-1.37	1.43
lame	-1.36	1.10
leadership	-1.36	1.04
false	-1.35	1.83
influx	-1.35	1.04
exist	-1.35	2.46
hide	-1.35	1.23
telling	-1.34	2.46
minorities	-1.34	0.85
clue	-1.34	2.75
hell	-1.34	2.11
arguing	-1.34	2.57
everything	-1.34	2.36
libertarians	-1.34	1.19
tactics	-1.33	1.02
faith	-1.33	1.35
bs	-1.33	0.98
advocating	-1.33	1.52
ironic	-1.32	1.40
towards	-1.32	1.36
bias	-1.32	1.37
totally	-1.32	2.75
push	-1.32	1.39
homework	-1.32	1.37
boot	-1.32	1.97
surprising	-1.31	1.99
surprised	-1.31	2.57
scary	-1.30	2.07
course	-1.30	2.84
excuse	-1.29	1.30
yelling	-1.29	1.02
im	-1.29	1.90
argument	-1.29	2.25
brutal	-1.28	0.84
right	-1.28	3.61
corrupt	-1.28	1.23
lie	-1.27	1.94
hardly	-1.27	1.26
speak	-1.27	2.16
freeze	-1.27	1.23
racial	-1.26	0.93
nothing	-1.26	2.28
yes	-1.26	3.39
approved	-1.26	1.18
failure	-1.26	1.08
invested	-1.26	1.39
planet	-1.26	1.97
fix	-1.26	2.19
part	-1.25	1.96
understand	-1.25	3.15
lord	-1.25	1.73
natives	-1.25	1.17
self	-1.24	1.19
anymore	-1.24	2.95
and/or	-1.24	0.98
argue	-1.24	2.80
particular	-1.24	1.56
perceived	-1.23	1.54
rhetoric	-1.23	1.60
douche	-1.23	1.07
raises	-1.23	1.13
why	-1.23	3.24
america	-1.22	1.31
assumptions	-1.22	1.84
torn	-1.22	0.93
chance	-1.22	1.80
hurt	-1.22	2.12
educate	-1.22	1.73
gay	-1.22	1.39
simply	-1.22	2.84
conservative	-1.22	1.30
wealthy	-1.21	1.03
notion	-1.21	1.29
owe	-1.20	1.74
sake	-1.20	0.96
happen	-1.20	3.05
did	-1.20	3.16
begin	-1.20	1.42
else	-1.19	2.44
didnt	-1.19	1.98
pointless	-1.19	1.42
being	-1.19	1.74
less	-1.19	1.57
fine	-1.19	3.60
remember	-1.19	2.77
fault	-1.19	1.26
rude	-1.18	1.03
makes	-1.18	2.02
attacking	-1.18	1.40
timing	-1.18	1.28
defensive	-1.18	1.64
wo	-1.18	2.91
touch	-1.18	1.72
deal	-1.18	2.49
because	-1.17	3.24
reached	-1.17	1.33
extent	-1.17	1.48
entire	-1.17	1.67
priorities	-1.17	1.30
works	-1.17	2.03
collapse	-1.17	0.92
tell	-1.17	2.98
seem	-1.17	2.95
react	-1.16	2.17
whatever	-1.16	2.83
how	-1.16	3.09
give	-1.16	2.04
republicans	-1.16	1.16
figure	-1.16	2.98
projects	-1.16	1.01
anti	-1.15	1.06
anything	-1.15	3.04
than	-1.15	1.53
protesting	-1.15	1.89
mess	-1.14	1.03
know	-1.14	3.23
will	-1.14	2.94
enforcing	-1.14	1.59
income	-1.14	1.00
explain	-1.14	2.88
ca	-1.14	2.81
where	-1.14	3.17
believe	-1.14	3.13
libertarian	-1.13	1.14
them	-1.13	2.92
ourselves	-1.13	1.56
see	-1.13	3.14
entirely	-1.13	2.05
ghetto	-1.12	1.16
subscribe	-1.12	2.41
case	-1.12	2.77
then	-1.12	3.15
go	-1.12	3.13
curious	-1.12	2.56
even	-1.12	3.20
admitted	-1.11	2.01
yourself	-1.11	2.60
may	-1.11	3.12
crime	-1.11	0.99
locals	-1.11	1.23
tactic	-1.11	1.31
magically	-1.11	1.85
think	-1.11	3.16
kick	-1.10	1.03
truth	-1.10	2.55
conspiracy	-1.10	1.56
guilt	-1.10	1.52
surprise	-1.10	1.74
want	-1.10	3.02
say	-1.10	3.22
joking	-1.10	3.23
passive	-1.10	1.08
toward	-1.09	1.50
could	-1.09	3.11
more	-1.09	1.70
correlation	-1.09	1.38
we	-1.09	3.20
feel	-1.09	2.97
transplants	-1.09	1.18
need	-1.09	3.08
supporting	-1.09	1.74
design	-1.09	1.16
something	-1.08	3.14
help	-1.08	3.02
should	-1.08	3.13
bizarre	-1.08	1.13
guess	-1.08	3.47
trolling	-1.08	2.34
care	-1.08	2.74
blows	-1.08	1.02
states	-1.08	1.65
imagine	-1.08	2.93
arguments	-1.08	1.87
talked	-1.08	1.82
leader	-1.07	1.06
new	-1.07	1.17
maybe	-1.07	3.21
except	-1.07	2.26
however	-1.06	3.25
built	-1.06	1.14
buys	-1.06	1.67
debate	-1.06	1.57
intend	-1.06	2.40
aside	-1.06	1.20
deciding	-1.06	1.90
defend	-1.06	1.71
privilege	-1.06	1.06
drives	-1.06	1.61
world	-1.05	2.78
m	-1.05	2.71
wondering	-1.05	2.47
too	-1.05	2.46
theory	-1.05	1.53
pointing	-1.05	2.25
lead	-1.05	1.16
reason	-1.05	2.99
accept	-1.05	1.80
happening	-1.05	2.62
rest	-1.04	1.74
paul	-1.04	0.91
ends	-1.04	1.16
still	-1.04	3.22
try	-1.04	2.99
making	-1.04	2.06
missing	-1.04	2.71
sounds	-1.04	2.40
letting	-1.04	1.80
amounts	-1.03	1.10
permanently	-1.03	1.48
accomplish	-1.03	2.52
jealous	-1.03	1.79
fantasy	-1.03	1.14
get	-1.03	3.01
convince	-1.03	2.45
nope	-1.03	2.85
organization	-1.03	1.33
afford	-1.02	2.53
harsh	-1.02	1.47
beat	-1.02	1.05
also	-1.02	3.11
much	-1.02	2.36
anarchists	-1.02	1.15
which	-1.02	2.88
white	-1.02	0.84
identify	-1.02	1.80
wont	-1.02	2.23
feels	-1.01	1.83
forget	-1.01	2.59
claim	-1.01	2.18
whether	-1.01	2.81
spite	-1.01	1.30
anywhere	-1.01	2.65
probably	-1.01	3.09
gentrification	-1.00	0.89
unfair	-1.00	1.02
distinction	-1.00	1.81
d	-1.00	3.14
propaganda	-1.00	1.22
participate	-1.00	1.45
u.s	-1.00	1.65
committed	-1.00	1.06
norm	-1.00	1.24
claiming	-0.99	1.94
proposing	-0.99	2.23
only	-0.99	3.07
constantly	-0.99	1.36
work	-0.99	2.84
honestly	-0.99	3.03
violent	-0.99	1.07
worry	-0.99	2.50
progressive	-0.99	1.01
united	-0.98	1.36
nonsense	-0.98	1.07
fail	-0.98	1.77
allen	-0.98	1.11
let	-0.98	2.76
label	-0.98	1.42
thing	-0.98	2.76
replaced	-0.98	1.15
general	-0.98	1.44
omg	-0.98	1.90
everyone	-0.98	2.08
state	-0.98	1.39
complaints	-0.98	0.97
almost	-0.97	1.91
dare	-0.97	2.09
nor	-0.97	2.07
call	-0.97	2.40
wildly	-0.97	1.38
might	-0.97	3.10
gt	-0.97	2.93
getting	-0.97	2.98
decides	-0.97	1.89
verizon	-0.97	0.95
causes	-0.97	1.30
liberal	-0.97	1.19
make	-0.97	2.79
harder	-0.97	1.59
drunk	-0.97	1.20
hurting	-0.96	1.68
actually	-0.96	3.09
offense	-0.96	1.42
earthquake	-0.96	1.27
necessity	-0.96	1.09
helping	-0.96	1.49
ll	-0.96	3.01
treated	-0.96	1.11
when	-0.96	2.83
decide	-0.96	2.39
conclusion	-0.96	1.54
continue	-0.96	2.46
bother	-0.96	2.98
asking	-0.96	2.75
come	-0.96	2.96
europe	-0.96	1.21
remind	-0.95	1.58
caused	-0.95	1.31
scared	-0.95	1.43
others	-0.95	2.41
economics	-0.95	1.35
sense	-0.95	2.66
particularly	-0.95	1.60
democrats	-0.95	1.23
allowed	-0.95	2.15
pushed	-0.94	1.20
imply	-0.94	2.89
severely	-0.94	1.27
destroyed	-0.94	1.00
aware	-0.94	2.86
anyone	-0.94	2.57
bit	-0.94	2.15
me	-0.94	2.60
anybody	-0.94	2.43
sooner	-0.94	2.38
history	-0.93	0.99
who	-0.93	1.69
otherwise	-0.93	2.98
incomes	-0.93	0.96
total	-0.93	1.04
complex	-0.93	1.07
consider	-0.93	2.59
rights	-0.93	1.50
primarily	-0.93	1.08
attempts	-0.92	1.30
weird	-0.92	2.23
prove	-0.92	2.38
americans	-0.92	0.73
kill	-0.92	1.64
double	-0.92	1.15
ask	-0.92	2.74
attempting	-0.92	1.58
build	-0.92	1.17
comparison	-0.92	1.41
modern	-0.92	0.93
attention	-0.92	1.63
unaware	-0.92	2.00
tries	-0.92	1.92
marketing	-0.92	1.15
fastest	-0.91	1.87
personally	-0.91	2.86
growing	-0.91	1.58
frustration	-0.91	1.36
wireless	-0.91	0.91
acknowledge	-0.91	1.61
feeling	-0.91	2.23
necessarily	-0.91	2.64
seriously	-0.91	2.22
privileged	-0.90	1.16
eyman	-0.90	0.96
somehow	-0.90	2.55
move	-0.90	2.86
problem	-0.90	2.57
real	-0.90	2.03
third	-0.90	1.70
due	-0.90	1.12
beating	-0.90	1.35
logic	-0.90	2.00
belief	-0.90	1.15
median	-0.90	1.07
enough	-0.90	2.75
bicyclist	-0.90	1.41
punch	-0.89	0.95
rather	-0.89	2.21
wanted	-0.89	2.43
certainly	-0.89	3.21
facts	-0.89	2.04
occurred	-0.89	1.68
ai	-0.89	1.65
buildings	-0.89	1.16
proving	-0.89	1.84
situations	-0.89	1.53
political	-0.89	1.25
similarly	-0.88	0.99
now	-0.88	3.17
held	-0.88	1.28
speculation	-0.88	1.71
here	-0.88	2.73
way	-0.88	3.05
issue	-0.88	2.39
immigrants	-0.87	0.77
complaint	-0.87	1.33
losing	-0.87	1.22
demands	-0.87	0.97
genuinely	-0.87	2.18
yep	-0.87	2.29
statement	-0.87	2.21
coming	-0.87	2.81
support	-0.87	2.12
ignore	-0.87	1.95
mad	-0.87	1.22
any	-0.87	2.61
unsafe	-0.87	1.11
decided	-0.87	1.89
condos	-0.87	1.12
forever	-0.87	1.89
things	-0.87	2.86
bothered	-0.87	2.75
refused	-0.87	1.85
back	-0.86	2.63
scale	-0.86	1.19
explains	-0.86	1.56
affect	-0.86	1.52
needs	-0.86	1.84
ongoing	-0.86	0.95
individuals	-0.86	1.22
narrative	-0.86	1.51
regardless	-0.86	1.66
philosophy	-0.86	0.99
trying	-0.86	2.76
cry	-0.85	1.03
spell	-0.85	2.54
ferguson	-0.85	1.92
painful	-0.85	1.34
balls	-0.85	1.05
publicly	-0.85	1.22
handle	-0.85	1.82
mood	-0.85	1.27
better	-0.85	1.86
somewhere	-0.85	2.79
look	-0.85	2.95
insult	-0.85	1.34
concept	-0.85	1.38
same	-0.85	3.02
financial	-0.84	1.15
sympathy	-0.84	1.62
reasoning	-0.84	1.69
taxation	-0.84	1.42
iphone	-0.84	0.97
moving	-0.84	2.70
agenda	-0.84	1.19
outrageous	-0.84	1.13
far	-0.84	2.19
denied	-0.84	1.59
start	-0.84	2.76
exercise	-0.84	1.41
comes	-0.83	1.74
reckless	-0.83	1.21
fight	-0.83	1.62
assumption	-0.83	2.04
implement	-0.83	1.57
felony	-0.83	1.19
constitutional	-0.83	1.56
developed	-0.83	1.45
leaders	-0.83	1.26
survive	-0.83	1.68
subjective	-0.83	1.92
instances	-0.83	1.84
change	-0.83	2.43
sexual	-0.83	1.09
unlike	-0.83	0.75
middle	-0.83	1.06
voting	-0.83	1.68
doesnt	-0.82	1.58
given	-0.82	1.49
incidents	-0.82	1.20
violence	-0.82	1.14
talk	-0.82	2.20
worth	-0.82	2.26
nearly	-0.82	1.51
forcing	-0.82	1.93
fit	-0.82	2.48
able	-0.82	2.74
lot	-0.82	1.98
charges	-0.82	1.24
effect	-0.82	1.63
rate	-0.82	1.37
protected	-0.82	1.48
audience	-0.81	1.10
sue	-0.81	1.51
studying	-0.81	1.49
were	-0.81	2.92
while	-0.81	2.45
done	-0.81	2.83
find	-0.81	2.93
little	-0.81	2.05
vast	-0.81	1.01
thankfully	-0.81	1.02
wondered	-0.81	2.30
commonly	-0.80	1.33
whole	-0.80	2.04
enforced	-0.80	1.93
up	-0.80	2.48
tells	-0.80	1.82
illegally	-0.80	1.65
goes	-0.80	2.22
arbitrary	-0.80	1.53
countries	-0.80	1.45
ve	-0.80	2.08
doubt	-0.80	2.47
improvement	-0.80	0.99
points	-0.80	2.12
avoided	-0.79	1.74
issues	-0.79	1.81
lowest	-0.79	2.91
headed	-0.79	1.58
into	-0.79	2.42
speeding	-0.79	1.19
refuse	-0.79	2.17
opinion	-0.79	2.13
deny	-0.79	1.95
indicate	-0.79	1.65
claims	-0.79	1.87
fewer	-0.79	1.35
recall	-0.79	2.51
jones	-0.79	1.09
mindset	-0.78	1.23
quite	-0.78	2.26
tragedy	-0.78	1.20
objective	-0.78	1.32
dude	-0.78	1.43
harassment	-0.78	1.29
voters	-0.78	1.55
really	-0.78	2.93
amendment	-0.78	1.36
gender	-0.78	1.07
achieve	-0.78	1.88
sensitive	-0.78	1.28
flawed	-0.78	1.60
danger	-0.78	1.39
specifically	-0.78	2.52
rates	-0.78	1.14
solve	-0.78	2.20
freedom	-0.77	1.34
hipsters	-0.77	1.00
wealth	-0.77	1.14
spoke	-0.77	1.85
one	-0.77	2.90
accepting	-0.77	1.23
refusing	-0.77	1.93
saves	-0.77	1.40
themselves	-0.77	2.07
yell	-0.77	1.46
discussing	-0.77	2.01
means	-0.77	2.55
piece	-0.77	1.19
residents	-0.77	0.95
tied	-0.76	1.17
city	-0.76	1.71
rant	-0.76	1.42
badly	-0.76	1.44
millions	-0.76	1.46
capita	-0.76	1.17
systems	-0.76	1.33
note	-0.76	1.72
prevent	-0.76	1.56
scheme	-0.76	1.06
stand	-0.76	2.31
machine	-0.75	0.97
seems	-0.75	2.16
myself	-0.75	2.67
biggest	-0.75	2.67
exception	-0.75	1.49
threatening	-0.75	1.21
prevents	-0.75	1.25
youre	-0.75	1.72
matters	-0.75	1.97
evidence	-0.75	2.07
dealt	-0.75	1.94
murders	-0.75	1.26
mcginn	-0.75	1.34
retarded	-0.75	1.14
noticed	-0.75	2.18
laughing	-0.75	1.43
result	-0.74	1.41
voted	-0.74	1.67
cause	-0.74	1.57
manager	-0.74	1.40
ad	-0.74	1.39
nobody	-0.74	2.12
an	-0.74	1.57
grant	-0.74	1.23
somewhat	-0.74	1.85
never	-0.74	2.68
folks	-0.74	1.22
breaking	-0.74	1.72
already	-0.74	2.71
paying	-0.74	1.86
precisely	-0.74	2.27
position	-0.74	1.74
garbage	-0.73	1.06
stop	-0.73	2.31
ever	-0.73	2.70
construction	-0.73	1.04
attacks	-0.73	1.43
justification	-0.73	1.92
banned	-0.73	1.29
since	-0.73	2.56
usa	-0.73	1.21
voter	-0.73	1.49
macklemore	-0.73	1.56
against	-0.73	1.51
draw	-0.73	1.77
10,000	-0.73	1.18
behavior	-0.73	1.32
threatened	-0.72	1.12
ahead	-0.72	2.15
bigger	-0.72	1.37
eventually	-0.72	2.41
tone	-0.72	1.30
stereotype	-0.72	1.35
bertha	-0.72	1.09
among	-0.72	1.59
votes	-0.72	1.55
first	-0.72	2.39
demanding	-0.72	0.86
joke	-0.72	1.59
defense	-0.72	1.33
before	-0.71	2.48
our	-0.71	1.47
worked	-0.71	2.16
ones	-0.71	1.92
newer	-0.71	1.13
whose	-0.71	1.14
wait	-0.71	2.51
depends	-0.71	1.70
understanding	-0.71	1.81
seattleite	-0.71	1.43
gone	-0.71	2.09
nra	-0.71	1.24
automatically	-0.71	1.19
vs	-0.71	1.13
slightly	-0.71	1.53
tim	-0.71	0.90
instantly	-0.70	1.25
differently	-0.70	1.82
context	-0.70	1.88
leading	-0.70	1.16
predict	-0.70	2.24
reach	-0.70	1.84
insults	-0.70	1.46
politics	-0.70	1.26
register	-0.70	1.45
advocate	-0.70	1.59
democratic	-0.70	1.16
pr	-0.70	1.14
isnt	-0.70	1.11
vote	-0.70	1.69
economy	-0.70	1.21
actively	-0.70	1.73
promoting	-0.70	1.08
story	-0.70	1.83
ripped	-0.69	1.46
witnessed	-0.69	1.56
liberals	-0.69	1.14
once	-0.69	2.46
occur	-0.69	1.68
anyway	-0.69	3.01
japan	-0.69	1.10
crying	-0.69	0.98
knowing	-0.69	2.64
politician	-0.69	1.16
engineer	-0.69	1.28
justify	-0.69	1.67
tear	-0.69	1.10
loud	-0.69	1.18
conclusions	-0.69	1.97
problems	-0.69	1.92
remotely	-0.69	2.18
director	-0.69	1.12
willing	-0.69	2.72
crisis	-0.69	1.34
organized	-0.69	1.34
crimes	-0.69	1.15
concern	-0.69	1.92
emotional	-0.69	1.30
tl	-0.69	1.08
moment	-0.69	1.94
plant	-0.69	1.06
failing	-0.69	1.47
driving	-0.69	1.99
whatsoever	-0.68	1.75
caring	-0.68	1.30
proceed	-0.68	2.08
today	-0.68	2.38
throughout	-0.68	1.32
cuz	-0.68	1.63
expert	-0.68	2.01
further	-0.68	1.97
unusual	-0.68	1.29
thought	-0.68	2.55
reputation	-0.68	1.13
powerful	-0.68	1.20
accused	-0.68	1.67
fighting	-0.68	1.32
therefore	-0.68	1.38
socialist	-0.68	1.05
someone	-0.68	2.22
approve	-0.68	1.91
ultimately	-0.68	1.14
abandoned	-0.68	1.03
sometimes	-0.68	1.74
structure	-0.68	1.08
fat	-0.67	0.96
attempt	-0.67	1.77
commit	-0.67	1.20
prop	-0.67	1.72
direction	-0.67	2.18
statements	-0.67	1.97
yet	-0.67	2.80
breaks	-0.67	1.13
older	-0.67	1.06
rape	-0.67	1.24
accountable	-0.67	1.37
decision	-0.67	1.66
communities	-0.67	1.05
lawyers	-0.66	1.23
confusion	-0.66	1.51
conflict	-0.66	1.39
policy	-0.66	1.30
supreme	-0.66	1.45
creates	-0.66	1.19
avoid	-0.66	2.16
assertion	-0.66	1.90
criminal	-0.66	1.44
principle	-0.66	1.86
effectively	-0.66	1.56
stating	-0.66	1.92
equality	-0.66	1.11
engage	-0.66	1.44
easier	-0.66	1.53
keeps	-0.66	1.12
sort	-0.65	1.68
compare	-0.65	1.97
poverty	-0.65	1.30
bear	-0.65	1.52
peoples	-0.65	0.95
attend	-0.65	1.34
refer	-0.65	1.54
leads	-0.65	1.05
whoever	-0.65	1.50
committing	-0.65	1.21
called	-0.65	2.10
sign	-0.65	2.16
managed	-0.65	1.86
tried	-0.65	2.36
manage	-0.65	1.71
reported	-0.65	1.37
odds	-0.65	1.43
break	-0.64	1.90
higher	-0.64	1.49
justice	-0.64	1.46
prevented	-0.64	1.74
says	-0.64	1.96
instead	-0.64	2.34
harm	-0.64	1.52
gives	-0.64	1.41
implies	-0.64	1.55
developer	-0.64	1.13
pulls	-0.64	1.52
owns	-0.64	1.52
planned	-0.64	1.71
loose	-0.64	0.99
entity	-0.64	1.20
christ	-0.64	1.23
unrelated	-0.64	1.56
economic	-0.63	1.13
incapable	-0.63	1.90
helped	-0.63	1.85
becomes	-0.63	1.60
families	-0.63	0.99
occasional	-0.63	1.16
potentially	-0.63	1.39
system	-0.63	1.33
happened	-0.63	2.53
affects	-0.63	1.31
1,000	-0.63	1.17
murder	-0.63	1.15
meanwhile	-0.63	0.97
generally	-0.63	1.90
politicians	-0.63	1.24
pull	-0.63	2.27
downvoting	-0.63	2.32
proof	-0.62	1.93
straw	-0.62	1.52
compete	-0.62	1.21
positions	-0.62	1.29
thus	-0.62	1.52
taxing	-0.62	1.12
forced	-0.62	1.96
minority	-0.62	1.01
finger	-0.62	1.10
company	-0.62	1.28
smart	-0.62	1.33
motivation	-0.62	1.46
moves	-0.62	1.32
every	-0.62	1.64
hard	-0.62	2.41
indigenous	-0.62	0.92
candidates	-0.62	1.27
previously	-0.62	1.66
pays	-0.62	1.46
straight	-0.62	1.65
pride	-0.62	1.04
accepted	-0.62	1.36
enter	-0.62	2.09
put	-0.61	2.27
brick	-0.61	1.16
guilty	-0.61	1.51
referred	-0.61	1.44
bearing	-0.61	1.42
republican	-0.61	1.20
fuckin	-0.61	1.38
criminals	-0.61	1.27
told	-0.61	2.31
end	-0.61	2.50
building	-0.61	1.15
choosing	-0.60	1.65
steel	-0.60	0.99
seeing	-0.60	2.52
broken	-0.60	1.19
money	-0.60	1.77
explained	-0.60	2.31
leave	-0.60	2.63
asked	-0.60	2.10
qualified	-0.60	1.17
marriage	-0.60	1.19
victim	-0.60	1.27
developers	-0.60	1.13
rapidly	-0.60	1.33
governments	-0.60	1.09
unemployed	-0.60	1.41
class	-0.60	0.95
steal	-0.60	1.66
escape	-0.60	1.74
proposition	-0.60	1.65
encourage	-0.60	1.83
environmental	-0.60	1.17
status	-0.60	1.21
legislature	-0.60	1.36
inability	-0.60	1.80
entering	-0.59	2.13
focusing	-0.59	1.50
capitalism	-0.59	1.22
rural	-0.59	1.02
structures	-0.59	1.08
kiro	-0.59	1.27
congress	-0.59	1.26
discuss	-0.59	2.05
step	-0.59	1.95
respect	-0.59	1.25
zero	-0.59	1.59
become	-0.59	1.69
ignoring	-0.59	1.93
serious	-0.59	1.65
investigation	-0.59	1.34
elected	-0.59	1.21
benefit	-0.59	1.49
based	-0.59	1.60
option	-0.59	1.89
scientific	-0.59	1.77
theft	-0.59	1.21
pushing	-0.59	1.35
executive	-0.58	1.13
openly	-0.58	1.03
forbid	-0.58	1.01
policies	-0.58	1.14
e.g	-0.58	0.98
impact	-0.58	1.44
suicide	-0.58	1.20
hobby	-0.58	1.13
had	-0.58	2.38
attack	-0.58	1.38
causing	-0.58	1.47
convicted	-0.58	1.33
notice	-0.58	1.63
backing	-0.58	1.79
awhile	-0.58	1.98
replacing	-0.58	1.12
hr	-0.58	1.37
crossed	-0.58	1.62
latter	-0.58	1.54
taxes	-0.57	1.21
appear	-0.57	1.45
physically	-0.57	1.75
tunnel	-0.57	1.08
mileage	-0.57	1.14
counts	-0.57	1.30
jury	-0.57	1.71
until	-0.57	2.28
drive	-0.57	1.63
sex	-0.57	1.13
moral	-0.57	1.53
tens	-0.57	1.31
threats	-0.57	1.14
socialism	-0.57	1.57
having	-0.57	2.41
least	-0.57	2.26
free	-0.57	1.59
constitution	-0.57	1.37
aggressive	-0.57	1.04
authority	-0.57	1.30
value	-0.57	1.66
guard	-0.57	1.28
pointed	-0.57	1.66
houses	-0.57	1.15
turn	-0.57	2.17
penalty	-0.57	1.44
2006	-0.57	1.19
without	-0.57	1.99
elections	-0.57	1.42
condition	-0.57	1.24
officially	-0.57	1.41
increase	-0.57	1.29
supporters	-0.57	1.32
consequences	-0.56	1.24
unemployment	-0.56	1.20
propose	-0.56	2.10
canada	-0.56	1.28
entitlement	-0.56	1.49
lower	-0.56	1.46
efficiency	-0.56	1.01
pipe	-0.56	1.02
mentally	-0.56	1.31
enforce	-0.56	1.62
everybody	-0.56	1.53
opposition	-0.56	1.29
down	-0.56	2.32
gap	-0.56	1.47
increases	-0.56	1.32
apparent	-0.56	1.34
largely	-0.56	1.40
encountered	-0.56	1.55
appeal	-0.56	1.55
although	-0.56	2.87
trial	-0.56	1.58
actual	-0.56	1.78
implied	-0.56	2.24
pursue	-0.55	1.73
significantly	-0.55	1.47
planning	-0.55	2.32
punish	-0.55	1.29
wanting	-0.55	2.21
solved	-0.55	1.89
farther	-0.55	1.75
horn	-0.55	1.39
threat	-0.55	1.35
explicitly	-0.55	2.01
mainly	-0.55	1.12
deserves	-0.55	1.29
victims	-0.55	1.29
glad	-0.55	2.46
heard	-0.55	2.45
sides	-0.55	1.47
bust	-0.55	1.57
explaining	-0.55	1.97
finally	-0.55	2.02
ban	-0.55	1.29
throwing	-0.55	1.69
whom	-0.55	1.17
operates	-0.54	1.25
protesters	-0.54	1.33
sherman	-0.54	1.14
rcw	-0.54	1.97
ok	-0.54	2.91
earn	-0.54	1.53
abiding	-0.54	1.32
rely	-0.54	1.24
increasing	-0.54	1.33
regularly	-0.54	1.10
communication	-0.54	1.33
investing	-0.54	1.44
slowing	-0.54	2.01
define	-0.54	1.87
dunno	-0.54	1.93
needing	-0.54	2.10
harassed	-0.54	1.43
estate	-0.54	1.20
applies	-0.54	1.65
horse	-0.54	0.96
putting	-0.54	2.18
15/hour	-0.54	1.25
awareness	-0.53	1.49
risk	-0.53	1.43
2007	-0.53	1.46
safer	-0.53	1.20
felt	-0.53	1.97
century	-0.53	1.21
such	-0.53	1.58
affected	-0.53	1.45
choices	-0.53	1.55
citizens	-0.53	1.42
type	-0.53	1.71
t-mobile	-0.53	0.96
swear	-0.53	1.85
cancel	-0.53	1.80
motorists	-0.53	1.27
treat	-0.53	1.38
inevitable	-0.53	1.49
ballot	-0.53	1.36
noise	-0.53	1.19
twice	-0.53	2.09
gets	-0.53	1.50
sprint	-0.53	0.94
proven	-0.52	2.02
die	-0.52	1.11
ill	-0.52	1.31
calls	-0.52	1.47
soon	-0.52	2.47
property	-0.52	1.12
unions	-0.52	1.23
nah	-0.52	1.50
judge	-0.52	1.76
seeking	-0.52	1.65
stated	-0.52	2.14
assault	-0.52	1.25
consumer	-0.52	1.16
understood	-0.52	2.22
experienced	-0.52	1.70
anarchist	-0.52	1.30
lawyer	-0.52	1.82
kills	-0.52	1.15
turning	-0.52	2.12
consent	-0.52	1.68
cases	-0.52	1.69
alert	-0.52	1.31
stealing	-0.52	1.29
strictly	-0.52	1.82
describe	-0.52	1.98
series	-0.52	0.90
gotten	-0.52	2.17
shootings	-0.52	1.34
mistaken	-0.52	3.33
teenagers	-0.51	0.86
agreed	-0.51	1.66
spend	-0.51	1.63
learned	-0.51	1.58
associated	-0.51	1.41
pile	-0.51	1.09
physical	-0.51	1.35
accidents	-0.51	1.34
transition	-0.51	1.83
agency	-0.51	1.19
contrary	-0.51	1.73
root	-0.51	1.66
instance	-0.51	1.71
cultures	-0.51	1.00
turns	-0.51	2.09
randomly	-0.51	1.56
rentals	-0.51	0.97
fashion	-0.51	0.98
stuff	-0.51	1.98
count	-0.50	2.36
reflect	-0.50	1.59
community	-0.50	1.23
kicking	-0.50	1.40
treating	-0.50	1.33
tunnels	-0.50	1.08
revenue	-0.50	1.26
left	-0.50	2.18
effort	-0.50	1.85
figured	-0.50	1.82
experience	-0.50	1.78
used	-0.50	2.45
reaction	-0.50	1.21
army	-0.50	0.95
keep	-0.50	2.37
burned	-0.50	1.08
learn	-0.50	2.03
investigate	-0.50	1.70
reasons	-0.49	2.34
must	-0.49	1.97
essentially	-0.49	1.24
studies	-0.49	1.74
reaching	-0.49	1.58
emergency	-0.49	1.31
reducing	-0.49	1.26
practice	-0.49	1.20
thieves	-0.49	1.29
started	-0.49	2.27
govt	-0.49	1.22
tax	-0.49	1.16
humor	-0.49	1.43
burden	-0.49	1.44
incorrect	-0.49	3.24
present	-0.49	1.86
occurs	-0.49	1.70
wtf	-0.49	1.77
basis	-0.49	1.80
earning	-0.49	1.48
permits	-0.49	1.01
process	-0.49	1.35
save	-0.49	1.80
contract	-0.49	1.61
adding	-0.48	1.34
logical	-0.48	1.95
wasting	-0.48	1.55
cover	-0.48	1.77
cared	-0.48	2.35
initiative	-0.48	1.36
replace	-0.48	1.30
failed	-0.48	1.53
federal	-0.48	1.23
washington	-0.48	1.36
especially	-0.48	1.37
actions	-0.48	1.73
inefficient	-0.48	1.18
fails	-0.48	1.66
frontier	-0.48	1.00
production	-0.48	0.96
acts	-0.48	1.09
crowd	-0.48	1.08
voice	-0.48	1.29
administration	-0.48	1.48
races	-0.48	1.06
western	-0.48	1.42
somebody	-0.48	2.02
use	-0.48	2.09
populated	-0.48	1.30
banning	-0.48	1.40
smell	-0.48	0.81
civil	-0.48	1.32
member	-0.48	1.17
discussed	-0.47	2.05
greatest	-0.47	2.54
picking	-0.47	1.14
impossible	-0.47	1.79
lists	-0.47	1.24
impacts	-0.47	1.37
very	-0.47	1.86
around	-0.47	2.41
helps	-0.47	1.63
tough	-0.47	1.53
everywhere	-0.47	1.15
guys	-0.47	1.57
mentioned	-0.47	2.35
jumping	-0.47	1.81
law	-0.47	1.45
100k	-0.47	1.25
stance	-0.47	1.46
time	-0.47	2.32
ability	-0.47	1.90
protect	-0.47	1.51
pay	-0.47	1.42
single	-0.47	1.65
concrete	-0.46	1.05
ought	-0.46	1.32
describing	-0.46	1.58
cite	-0.46	1.91
average	-0.46	1.24
net	-0.46	1.19
virtually	-0.46	1.06
court	-0.46	1.58
completed	-0.46	1.31
press	-0.46	1.37
suddenly	-0.46	1.83
happily	-0.46	1.73
pc	-0.46	1.32
arrow	-0.46	2.03
odd	-0.46	1.67
communicate	-0.45	1.80
inform	-0.45	1.92
addressing	-0.45	1.86
heavily	-0.45	1.41
damned	-0.45	1.14
disabled	-0.45	1.05
circumstances	-0.45	1.46
terribly	-0.45	1.76
pick	-0.45	1.91
yelled	-0.45	1.07
saving	-0.45	1.48
throw	-0.45	1.88
elsewhere	-0.45	2.23
repeatedly	-0.45	1.73
segment	-0.45	1.11
revenues	-0.45	1.23
finds	-0.45	1.38
shown	-0.45	1.78
interpretation	-0.45	1.56
encounter	-0.44	1.57
laws	-0.44	1.46
hundreds	-0.44	1.37
hipster	-0.44	0.93
landlords	-0.44	1.13
identified	-0.44	1.70
awkward	-0.44	1.20
beats	-0.44	1.98
stories	-0.44	1.31
dudes	-0.44	1.16
regard	-0.44	1.31
automated	-0.44	1.12
changes	-0.44	1.51
person	-0.44	1.81
anecdotal	-0.44	1.90
ways	-0.44	2.24
answer	-0.44	2.56
tool	-0.44	1.32
starting	-0.44	2.40
social	-0.44	1.20
magical	-0.44	1.48
finished	-0.44	1.16
comcast	-0.44	1.15
hung	-0.43	1.35
worthwhile	-0.43	1.63
council	-0.43	1.29
car2go	-0.43	1.17
shut	-0.43	1.30
tradition	-0.43	0.85
violating	-0.43	1.51
been	-0.43	2.40
develop	-0.43	1.40
immediately	-0.43	2.01
invest	-0.43	1.49
theres	-0.43	1.22
suppose	-0.43	2.53
punishment	-0.43	1.32
registered	-0.43	1.23
platform	-0.43	1.22
color	-0.43	0.95
par	-0.43	1.12
plain	-0.43	1.13
feelings	-0.43	1.35
citizen	-0.43	1.30
applied	-0.43	1.62
luxury	-0.43	1.15
confusing	-0.43	1.64
fraud	-0.43	1.34
minor	-0.43	1.27
lobby	-0.43	1.11
election	-0.43	1.41
measure	-0.43	1.40
he/she	-0.43	2.18
occasionally	-0.43	1.21
rating	-0.42	1.15
advantage	-0.42	1.47
mobility	-0.42	1.17
sales	-0.42	1.24
category	-0.42	1.48
violation	-0.42	1.45
typically	-0.42	1.26
financially	-0.42	1.61
protecting	-0.42	1.42
regulate	-0.42	1.52
goals	-0.42	1.35
sketchy	-0.42	1.21
prior	-0.42	1.41
decade	-0.42	2.00
wasted	-0.42	1.46
cash	-0.42	1.29
ours	-0.42	1.14
hassle	-0.42	1.33
no	-0.42	2.44
spending	-0.42	1.58
seen	-0.42	2.39
homelessness	-0.42	1.48
paid	-0.42	1.50
peaceful	-0.41	1.15
recession	-0.41	1.38
hold	-0.41	1.85
fascinating	-0.41	1.97
hiding	-0.41	1.03
lacking	-0.41	1.45
favor	-0.41	1.56
stress	-0.41	1.39
life	-0.41	1.44
stopped	-0.41	2.02
contributing	-0.41	1.47
collision	-0.41	1.42
lawsuit	-0.41	1.47
uncomfortable	-0.41	1.23
blocked	-0.41	1.36
passed	-0.41	1.46
consensus	-0.41	1.47
continuing	-0.41	1.38
future	-0.41	2.04
relative	-0.41	1.40
trap	-0.41	1.14
youth	-0.41	1.14
prosecutor	-0.40	1.54
damage	-0.40	1.34
growth	-0.40	1.11
fortunately	-0.40	1.23
giving	-0.40	1.80
uh	-0.40	1.49
strategy	-0.40	1.22
improve	-0.40	1.39
properly	-0.40	1.96
learning	-0.40	1.99
factors	-0.40	1.44
knows	-0.40	2.31
illness	-0.40	1.50
incentive	-0.40	1.51
amount	-0.40	1.53
extreme	-0.40	1.42
educational	-0.40	1.24
negative	-0.40	1.22
lay	-0.40	1.82
hired	-0.40	1.56
listen	-0.40	1.70
protestors	-0.40	1.17
reward	-0.39	1.54
government	-0.39	1.28
assistance	-0.39	1.44
engineering	-0.39	1.15
random	-0.39	1.32
dependent	-0.39	1.30
sticking	-0.39	1.70
identity	-0.39	1.05
concerns	-0.39	1.75
poorly	-0.39	1.59
man	-0.39	1.44
tech	-0.39	1.36
funding	-0.39	1.34
together	-0.39	2.11
lack	-0.39	1.51
burning	-0.39	0.96
service	-0.39	1.28
drove	-0.39	1.49
populations	-0.39	0.91
intersection	-0.39	1.88
spectrum	-0.39	1.49
perception	-0.39	1.31
factor	-0.39	1.59
historically	-0.39	1.23
greater	-0.39	1.32
deserve	-0.39	1.49
raise	-0.39	1.29
bikers	-0.39	1.29
decrease	-0.39	1.27
president	-0.38	1.03
bring	-0.38	2.23
attempted	-0.38	1.43
spreading	-0.38	1.63
stronger	-0.38	1.58
removing	-0.38	1.60
black	-0.38	0.88
trust	-0.38	1.99
scare	-0.38	1.38
confidence	-0.38	1.53
provide	-0.38	1.69
represents	-0.38	1.07
counting	-0.38	2.19
cost	-0.38	1.42
second	-0.38	1.63
spends	-0.38	1.42
object	-0.38	1.36
beliefs	-0.38	1.39
limiting	-0.38	1.30
pain	-0.38	1.29
reduces	-0.38	1.26
creating	-0.38	1.52
discussions	-0.38	1.75
software	-0.38	1.17
budget	-0.38	1.32
comparing	-0.38	1.54
culture	-0.37	0.88
hiring	-0.37	1.45
dollars	-0.37	1.54
using	-0.37	1.95
oppose	-0.37	1.57
customers	-0.37	1.21
presence	-0.37	1.21
motivated	-0.37	1.66
living	-0.37	1.85
existing	-0.37	1.18
boxes	-0.37	1.12
toss	-0.37	1.45
overall	-0.37	1.24
departments	-0.37	0.98
billion	-0.37	1.42
intentions	-0.37	1.96
relationship	-0.37	1.00
faces	-0.37	0.96
exempt	-0.37	1.36
maintenance	-0.37	1.30
sarcastic	-0.37	1.90
allows	-0.37	1.60
arrest	-0.37	1.32
stick	-0.37	1.75
priority	-0.37	1.29
shall	-0.37	1.69
plans	-0.37	1.50
contractor	-0.37	1.14
legislation	-0.37	1.38
yea	-0.37	1.90
signal	-0.37	1.78
reporting	-0.36	1.47
performance	-0.36	0.86
charged	-0.36	1.36
solutions	-0.36	1.94
personality	-0.36	1.06
combination	-0.36	1.28
wake	-0.36	1.22
investment	-0.36	1.46
aspects	-0.36	1.38
fixing	-0.36	1.65
society	-0.36	1.18
switched	-0.36	1.02
opposed	-0.36	1.49
suffering	-0.36	1.41
looking	-0.36	2.97
hero	-0.36	1.31
jail	-0.36	1.42
lobbying	-0.36	1.19
allowing	-0.36	1.60
someday	-0.36	2.08
models	-0.36	1.01
believed	-0.36	1.48
pattern	-0.36	0.95
condo	-0.36	1.07
drivers	-0.36	1.28
million	-0.36	1.49
suspect	-0.36	1.29
billions	-0.36	1.41
injury	-0.36	1.30
effects	-0.36	1.32
initiatives	-0.35	1.27
routinely	-0.35	1.25
merging	-0.35	1.92
max	-0.35	1.32
force	-0.35	1.37
subaru	-0.35	1.37
wave	-0.35	1.27
yield	-0.35	1.79
struggling	-0.35	1.70
existence	-0.35	1.21
upon	-0.35	1.53
unable	-0.35	2.02
question	-0.35	2.48
spent	-0.35	1.73
fixed	-0.35	1.99
steady	-0.35	1.45
proposed	-0.35	1.52
merge	-0.35	1.96
abuse	-0.35	1.39
valuable	-0.35	1.32
jobs	-0.35	1.51
handled	-0.35	1.46
na	-0.35	2.05
zipper	-0.35	1.73
medicine	-0.35	1.35
example	-0.35	1.96
laugh	-0.35	1.48
bill	-0.34	1.25
earlier	-0.34	2.17
cell	-0.34	1.12
attorney	-0.34	1.60
inflation	-0.34	1.18
asks	-0.34	2.29
determine	-0.34	1.84
petition	-0.34	1.33
changing	-0.34	1.60
initially	-0.34	1.42
correctly	-0.34	2.26
switch	-0.34	1.24
phones	-0.34	1.14
related	-0.34	1.49
met	-0.34	2.08
address	-0.34	1.89
trouble	-0.34	2.18
prison	-0.34	1.30
lies	-0.34	1.25
supported	-0.34	1.48
waste	-0.34	1.37
cities	-0.34	1.67
development	-0.34	1.15
trend	-0.34	1.34
next	-0.34	1.99
channels	-0.34	1.28
opportunity	-0.34	1.57
ol	-0.34	1.07
incredibly	-0.34	1.76
requires	-0.34	1.64
apartments	-0.33	1.09
longer	-0.33	1.67
follow	-0.33	1.77
innocent	-0.33	1.40
taxpayers	-0.33	1.36
strong	-0.33	1.20
allow	-0.33	1.75
successful	-0.33	1.26
mostly	-0.33	1.71
internal	-0.33	1.14
quoted	-0.33	2.25
beginning	-0.33	1.88
spirit	-0.33	1.05
claimed	-0.33	2.01
estimate	-0.33	1.45
legally	-0.33	1.79
arms	-0.33	1.55
difficult	-0.33	1.42
changed	-0.33	2.10
deadly	-0.33	1.25
enforcement	-0.33	1.27
provides	-0.33	1.38
cheaper	-0.33	1.35
judging	-0.33	1.38
pack	-0.33	0.95
meant	-0.33	2.48
heh	-0.32	1.63
include	-0.32	1.87
brain	-0.32	1.67
dollar	-0.32	1.49
slowly	-0.32	1.76
covers	-0.32	1.33
times	-0.32	1.91
rising	-0.32	1.13
dui	-0.32	1.37
tears	-0.32	0.99
feds	-0.32	1.36
substance	-0.32	1.53
era	-0.32	1.11
day	-0.32	1.34
phone	-0.32	1.20
rough	-0.32	1.50
filed	-0.32	1.61
network	-0.32	1.12
dicks	-0.32	1.06
individual	-0.32	1.43
hopefully	-0.32	2.55
usually	-0.32	1.75
definition	-0.32	1.99
comply	-0.32	1.67
grounds	-0.32	1.36
managers	-0.32	1.24
reads	-0.32	1.52
nowhere	-0.32	1.45
sets	-0.32	1.21
kicked	-0.32	1.23
regarding	-0.32	1.52
90s	-0.31	1.11
rescue	-0.31	1.04
application	-0.31	1.36
mental	-0.31	1.48
gladly	-0.31	1.85
crosswalk	-0.31	1.82
protection	-0.31	1.39
generate	-0.31	1.49
needed	-0.31	2.22
health	-0.31	1.46
lane	-0.31	1.97
felon	-0.31	1.38
rise	-0.31	1.15
restricted	-0.31	1.38
cyclist	-0.31	1.48
obvious	-0.31	1.67
corporation	-0.31	1.14
decades	-0.31	1.77
intentionally	-0.31	1.43
dump	-0.31	1.07
arm	-0.31	1.22
contractors	-0.31	1.23
expenses	-0.31	1.39
known	-0.31	1.84
expanding	-0.31	1.48
approval	-0.31	1.18
typical	-0.31	1.15
welfare	-0.31	1.26
equal	-0.31	1.44
employment	-0.30	1.27
protest	-0.30	1.36
liability	-0.30	1.33
loophole	-0.30	1.72
reduce	-0.30	1.25
disease	-0.30	1.24
conversation	-0.30	1.71
past	-0.30	1.98
collected	-0.30	1.31
partially	-0.30	1.27
boeing	-0.30	1.25
thousands	-0.30	1.41
collective	-0.30	1.15
referring	-0.30	2.41
increased	-0.30	1.21
choose	-0.30	2.18
subject	-0.30	1.57
author	-0.30	1.97
rid	-0.30	1.49
repairs	-0.30	1.33
bringing	-0.30	2.19
raising	-0.30	1.25
eliminate	-0.30	1.59
housing	-0.30	1.10
organizations	-0.30	1.25
himself	-0.29	1.43
plan	-0.29	1.52
responsibility	-0.29	1.40
grand	-0.29	1.39
project	-0.29	1.14
repeat	-0.29	1.75
forces	-0.29	1.39
successfully	-0.29	1.78
consistently	-0.29	1.05
tab	-0.29	1.28
agencies	-0.29	1.27
returned	-0.29	1.19
wherever	-0.29	2.17
names	-0.29	1.56
seemingly	-0.29	1.39
cheapest	-0.29	2.64
chosen	-0.29	1.58
compromise	-0.29	1.42
members	-0.29	1.15
channel	-0.29	1.20
jump	-0.29	1.87
stopping	-0.29	1.83
costs	-0.29	1.25
repair	-0.29	1.34
signing	-0.29	1.70
salary	-0.29	1.22
privacy	-0.29	1.38
lose	-0.29	1.80
fund	-0.29	1.31
aid	-0.29	1.28
officials	-0.29	1.28
benefits	-0.29	1.44
riot	-0.29	1.28
forms	-0.29	1.38
versus	-0.29	1.09
elaborate	-0.29	1.89
suggests	-0.29	1.62
staying	-0.29	2.38
senior	-0.28	1.21
defined	-0.28	1.76
recognized	-0.28	1.50
units	-0.28	1.08
provider	-0.28	1.15
dropping	-0.28	1.36
firm	-0.28	1.38
2010	-0.28	1.65
burn	-0.28	1.21
vary	-0.28	1.26
funds	-0.28	1.33
barrier	-0.28	1.29
hence	-0.28	1.42
guns	-0.28	1.35
27	-0.28	1.73
accommodate	-0.28	1.23
approach	-0.28	1.46
levy	-0.28	1.29
opens	-0.28	1.27
crosswalks	-0.28	1.57
signals	-0.28	1.44
cyclists	-0.28	1.33
rideshare	-0.28	1.22
risks	-0.27	1.59
incident	-0.27	1.55
whats	-0.27	1.62
technical	-0.27	1.45
lesser	-0.27	1.37
quo	-0.27	1.38
fines	-0.27	1.42
he	-0.27	1.89
yearly	-0.27	1.31
task	-0.27	1.65
war	-0.27	1.17
trick	-0.27	1.77
towers	-0.27	1.01
controls	-0.27	0.98
2009	-0.27	1.62
interview	-0.27	1.39
charity	-0.27	1.27
2008	-0.27	1.60
well	-0.27	2.93
painted	-0.27	1.13
run	-0.27	1.86
mentioning	-0.27	1.87
landlord	-0.27	1.35
cares	-0.27	2.27
replacement	-0.27	1.24
wild	-0.27	0.98
results	-0.27	1.23
behind	-0.27	1.80
accountability	-0.27	1.21
created	-0.27	1.51
imho	-0.27	1.29
collect	-0.27	1.40
hits	-0.27	1.31
obama	-0.26	1.16
depending	-0.26	1.48
rents	-0.26	1.04
catch	-0.26	2.27
funded	-0.26	1.29
patterns	-0.26	1.37
1	-0.26	1.63
after	-0.26	2.03
verify	-0.26	1.78
proves	-0.26	1.85
highly	-0.26	1.51
requirement	-0.26	1.43
long	-0.26	2.00
low-income	-0.26	1.23
pure	-0.26	1.35
pedestrian	-0.26	1.52
hurts	-0.26	1.22
gon	-0.26	2.20
i.e	-0.26	1.32
shortly	-0.26	1.80
jurisdiction	-0.26	1.39
test	-0.26	1.22
debt	-0.26	1.58
mobile	-0.26	1.20
challenge	-0.26	1.31
hit	-0.26	1.56
traveling	-0.26	1.81
vehicle	-0.26	1.54
attended	-0.26	1.37
advocates	-0.26	1.39
arrive	-0.25	1.70
temporarily	-0.25	1.33
greatly	-0.25	1.45
assumed	-0.25	2.34
jewish	-0.25	1.66
research	-0.25	1.60
huh	-0.25	1.84
chief	-0.25	1.33
potential	-0.25	1.40
fees	-0.25	1.34
boost	-0.25	1.52
pedestrians	-0.25	1.52
equally	-0.25	1.71
exposed	-0.25	1.15
paperwork	-0.25	1.36
regional	-0.25	1.13
educated	-0.25	1.16
jet	-0.25	1.08
refers	-0.25	1.51
lease	-0.25	1.37
reduced	-0.25	1.20
described	-0.25	1.85
exemptions	-0.25	1.54
impression	-0.25	1.95
discovered	-0.25	1.29
addicts	-0.25	1.14
regards	-0.25	1.53
young	-0.25	0.98
over	-0.25	1.90
0	-0.24	1.51
minds	-0.24	1.43
thief	-0.24	1.42
expense	-0.24	1.24
anytime	-0.24	1.95
winterlife	-0.24	1.27
employed	-0.24	1.25
encouraging	-0.24	1.42
file	-0.24	1.51
model	-0.24	1.18
goal	-0.24	1.35
homes	-0.24	1.04
furthermore	-0.24	1.20
intent	-0.24	1.68
relationships	-0.24	1.08
often	-0.24	1.67
murray	-0.24	1.26
registration	-0.24	1.34
cited	-0.24	1.78
region	-0.24	1.42
owning	-0.24	1.36
scope	-0.24	1.38
wsdot	-0.24	1.15
sudden	-0.24	1.10
skilled	-0.24	1.38
gains	-0.24	1.24
away	-0.24	2.01
justified	-0.24	1.25
strike	-0.24	1.25
knock	-0.24	1.23
through	-0.24	1.91
artificially	-0.23	1.16
population	-0.23	1.22
proposal	-0.23	1.36
rip	-0.23	1.25
resume	-0.23	1.49
brakes	-0.23	1.62
shift	-0.23	1.47
starts	-0.23	1.76
adjusted	-0.23	1.23
require	-0.23	1.61
vacation	-0.23	1.27
illegal	-0.23	1.36
european	-0.23	0.91
inconvenience	-0.23	1.24
privately	-0.23	1.26
parts	-0.23	1.49
began	-0.23	1.68
board	-0.23	1.15
desire	-0.23	1.58
popularity	-0.23	1.20
demand	-0.23	1.17
preventing	-0.23	1.35
group	-0.23	1.35
2000	-0.23	1.40
by	-0.23	1.88
representative	-0.23	1.22
protests	-0.23	1.34
empathy	-0.22	1.61
create	-0.22	1.58
possession	-0.22	1.51
rent	-0.22	1.22
mainstream	-0.22	1.06
clever	-0.22	1.56
15/hr	-0.22	1.42
background	-0.22	1.54
charge	-0.22	1.45
bro	-0.22	1.65
rainy	-0.22	1.16
uber	-0.22	1.21
police	-0.22	1.33
fake	-0.22	1.14
speaking	-0.22	1.61
sometime	-0.22	2.19
checks	-0.22	1.45
persons	-0.22	1.43
expected	-0.22	2.00
driver	-0.22	1.35
plug	-0.22	1.36
species	-0.22	1.06
signs	-0.22	1.52
death	-0.22	1.28
ridden	-0.22	1.75
troll	-0.21	1.48
established	-0.21	1.42
intention	-0.21	1.59
vulnerable	-0.21	1.12
i-594	-0.21	1.45
pressure	-0.21	1.21
chunk	-0.21	1.32
adjust	-0.21	1.49
civilian	-0.21	1.43
healthcare	-0.21	1.45
warrant	-0.21	1.61
circles	-0.21	1.28
reports	-0.21	1.29
congested	-0.21	1.17
roadway	-0.21	1.66
competition	-0.21	1.23
generations	-0.21	1.02
strikes	-0.21	1.43
campaign	-0.21	1.21
tolls	-0.21	1.41
engineers	-0.21	1.24
lives	-0.21	1.37
action	-0.21	1.75
came	-0.21	2.19
celebrate	-0.21	0.82
coverage	-0.21	1.23
announced	-0.21	1.49
donated	-0.21	1.22
seattleites	-0.21	1.72
witness	-0.21	1.68
ease	-0.20	1.15
knowledge	-0.20	1.59
raised	-0.20	1.18
last	-0.20	1.86
focused	-0.20	1.40
wrote	-0.20	1.84
recently	-0.20	2.15
lifestyle	-0.20	1.50
produced	-0.20	1.34
doctor	-0.20	1.40
594	-0.20	1.43
hand	-0.20	1.84
facing	-0.20	1.67
oh	-0.20	1.66
loss	-0.20	1.32
vastly	-0.20	1.47
native	-0.20	0.90
transferred	-0.20	1.51
committee	-0.20	1.39
saved	-0.20	1.62
broadband	-0.20	1.16
labor	-0.20	1.23
cancelled	-0.20	1.59
k	-0.20	1.62
guarantee	-0.20	1.93
return	-0.20	1.61
idk	-0.20	2.10
machines	-0.20	1.08
qualify	-0.20	1.29
arrested	-0.20	1.39
load	-0.20	1.01
improving	-0.20	1.26
per	-0.19	1.37
error	-0.19	1.33
regret	-0.19	1.16
extremely	-0.19	1.70
sounded	-0.19	1.81
spoken	-0.19	1.61
studied	-0.19	1.45
taxis	-0.19	1.23
behalf	-0.19	1.40
taxpayer	-0.19	1.31
final	-0.19	1.53
department	-0.19	1.22
germany	-0.19	1.19
sawant	-0.19	1.30
legitimate	-0.19	1.49
100,000	-0.19	1.19
receive	-0.19	1.52
bicycles	-0.19	1.30
tabs	-0.19	1.25
passing	-0.19	1.71
interest	-0.19	1.50
skill	-0.19	1.47
politically	-0.19	1.58
women	-0.19	1.03
regulation	-0.19	1.31
success	-0.19	1.27
clarify	-0.19	2.34
device	-0.19	1.23
extra	-0.19	1.59
transfer	-0.19	1.57
accident	-0.19	1.28
anyways	-0.19	1.66
drop	-0.19	1.59
2016	-0.19	1.53
order	-0.18	2.23
movement	-0.18	1.29
apartment	-0.18	1.08
tenants	-0.18	1.10
lyft	-0.18	1.25
got	-0.18	1.85
apps	-0.18	1.37
rental	-0.18	1.13
taxed	-0.18	1.13
2012	-0.18	1.60
redditors	-0.18	1.35
elevated	-0.18	1.11
importantly	-0.18	1.01
digging	-0.18	1.09
solution	-0.18	1.94
wifi	-0.18	1.15
major	-0.18	1.53
hitting	-0.18	1.36
2011	-0.18	1.62
utilities	-0.18	1.25
venture	-0.18	1.34
stats	-0.18	1.48
form	-0.18	1.48
quicker	-0.18	1.47
responding	-0.18	1.72
november	-0.18	1.59
indeed	-0.17	1.43
motor	-0.17	1.35
zoning	-0.17	1.18
code	-0.17	1.55
domestic	-0.17	1.22
operating	-0.17	1.34
signed	-0.17	1.62
pretty	-0.17	1.95
auto	-0.17	1.31
armed	-0.17	1.25
levels	-0.17	1.13
language	-0.17	1.52
year	-0.17	1.64
watching	-0.17	1.19
month	-0.17	1.43
involved	-0.17	1.49
puts	-0.17	1.34
developing	-0.17	1.16
conduct	-0.17	1.43
ready	-0.17	1.96
fully	-0.17	1.54
cable	-0.17	1.13
surely	-0.17	1.69
quotes	-0.17	1.54
corporations	-0.16	1.16
ownership	-0.16	1.39
subsidized	-0.16	1.27
sector	-0.16	1.22
gigabit	-0.16	1.16
prices	-0.16	1.24
wages	-0.16	1.33
purpose	-0.16	1.80
coke	-0.16	0.94
intersections	-0.16	1.61
non-profit	-0.16	1.21
noted	-0.16	1.88
assuming	-0.16	3.09
handling	-0.16	1.37
em	-0.16	1.74
workers	-0.16	1.43
compensation	-0.16	1.24
graduate	-0.16	1.37
2015	-0.16	1.75
education	-0.16	1.23
female	-0.16	1.07
overpriced	-0.16	1.01
superior	-0.16	1.57
establish	-0.16	1.69
attending	-0.16	1.56
census	-0.16	1.34
devices	-0.16	1.25
necessary	-0.16	1.29
offer	-0.16	1.51
bulletin	-0.16	1.37
neither	-0.15	2.04
massive	-0.15	1.25
running	-0.15	1.51
firearms	-0.15	1.43
agent	-0.15	1.34
study	-0.15	1.60
outside	-0.15	1.72
municipal	-0.15	1.20
industry	-0.15	1.25
under	-0.15	1.40
companies	-0.15	1.27
providing	-0.15	1.51
networks	-0.15	1.19
minimum	-0.15	1.36
homeless	-0.15	1.44
represent	-0.15	1.36
each	-0.15	1.64
internet	-0.15	1.15
infrastructure	-0.15	1.33
lights	-0.15	1.61
salaries	-0.15	1.22
southern	-0.15	1.09
tipping	-0.15	1.45
cigarette	-0.15	1.03
rifles	-0.15	1.32
involving	-0.15	1.41
upvoted	-0.15	1.44
cross	-0.15	1.72
tends	-0.15	1.20
quickly	-0.15	2.02
owned	-0.15	1.22
cuts	-0.15	1.40
firing	-0.15	1.26
none	-0.15	1.69
universal	-0.15	1.46
responsible	-0.15	1.13
caps	-0.15	1.23
words	-0.15	1.98
dealing	-0.15	1.55
monopoly	-0.15	1.33
cabs	-0.14	1.24
services	-0.14	1.31
gps	-0.14	1.31
suv	-0.14	1.33
though	-0.14	2.75
sticks	-0.14	1.05
snarky	-0.14	1.38
taxi	-0.14	1.21
authorized	-0.14	1.46
name	-0.14	1.70
drops	-0.14	1.06
ruined	-0.14	0.91
role	-0.14	1.34
frequently	-0.14	1.36
deaths	-0.14	1.15
heroin	-0.14	1.25
seemed	-0.14	1.83
folk	-0.14	1.18
grow	-0.14	1.45
rides	-0.14	1.09
half	-0.14	1.75
knocked	-0.14	1.19
varies	-0.14	1.30
number	-0.14	1.32
went	-0.14	1.96
ceo	-0.14	1.21
gas	-0.14	1.28
waiting	-0.14	1.57
report	-0.14	1.59
surge	-0.14	1.29
improvements	-0.14	1.25
becoming	-0.14	1.56
hospital	-0.14	1.39
respond	-0.14	1.70
pockets	-0.14	1.29
visa	-0.14	1.32
santa	-0.14	0.81
uberx	-0.14	1.25
employers	-0.13	1.36
raining	-0.13	1.08
send	-0.13	1.73
maintaining	-0.13	1.32
source	-0.13	1.77
topic	-0.13	1.71
purchasing	-0.13	1.37
applying	-0.13	1.51
gates	-0.13	1.12
scheduled	-0.13	1.54
current	-0.13	1.37
steps	-0.13	1.60
drug	-0.13	1.30
blocking	-0.13	1.60
500	-0.13	1.27
programs	-0.13	1.22
written	-0.13	1.55
moved	-0.13	1.79
fiber	-0.13	1.19
f	-0.13	1.53
restrictions	-0.13	1.31
purchase	-0.13	1.45
interests	-0.13	1.29
agreement	-0.13	1.41
unknown	-0.13	1.70
2014	-0.13	1.66
meh	-0.13	1.10
someplace	-0.13	2.18
permission	-0.13	1.74
wage	-0.13	1.37
week	-0.13	1.75
supply	-0.13	1.17
cut	-0.13	1.39
centurylink	-0.13	1.10
treatment	-0.13	1.40
heaven	-0.13	1.05
private	-0.13	1.26
groups	-0.13	1.20
percentage	-0.13	1.18
suffer	-0.12	1.34
job	-0.12	1.73
48	-0.12	1.36
december	-0.12	1.69
requiring	-0.12	1.40
hire	-0.12	1.46
nose	-0.12	1.49
headline	-0.12	1.77
contracts	-0.12	1.26
activity	-0.12	1.19
stole	-0.12	1.35
umbrella	-0.12	1.12
meaning	-0.12	1.83
male	-0.12	1.03
kc	-0.12	1.32
head	-0.12	1.54
earned	-0.12	1.46
insurance	-0.12	1.33
1/2	-0.12	1.15
ranges	-0.12	1.43
availability	-0.12	1.37
prohibited	-0.12	1.44
rational	-0.12	1.73
majority	-0.12	1.33
red	-0.12	1.64
plus	-0.12	1.61
reform	-0.12	1.34
missed	-0.12	2.19
guy	-0.11	1.38
condointernet	-0.11	1.17
300	-0.11	1.30
op	-0.11	3.01
extend	-0.11	1.38
mid	-0.11	1.54
slower	-0.11	1.30
fare	-0.11	1.27
term	-0.11	1.75
slave	-0.11	1.01
2013	-0.11	1.63
differences	-0.11	1.47
owners	-0.11	1.18
smoke	-0.11	1.03
purposes	-0.11	1.44
office	-0.11	1.39
exceptions	-0.11	1.54
viaduct	-0.11	1.17
fair	-0.11	2.16
boom	-0.11	1.07
employee	-0.11	1.35
collar	-0.11	1.40
originally	-0.11	1.82
possibility	-0.11	1.73
ffl	-0.11	1.44
metro	-0.11	1.32
pace	-0.11	1.06
desperate	-0.11	1.17
inherently	-0.10	1.36
counties	-0.10	1.22
recent	-0.10	1.44
250	-0.10	1.31
deposit	-0.10	1.17
invite	-0.10	2.09
hint	-0.10	1.49
practically	-0.10	1.25
media	-0.10	1.28
donation	-0.10	1.29
included	-0.10	1.39
exclusive	-0.10	1.39
bicyclists	-0.10	1.43
paycheck	-0.10	1.52
violates	-0.10	1.53
citation	-0.10	1.66
micro	-0.10	1.09
vice	-0.10	1.09
temporary	-0.10	1.44
judgement	-0.10	1.41
absolutely	-0.10	1.85
gain	-0.10	1.36
march	-0.10	1.48
fee	-0.10	1.34
800	-0.10	1.20
obtain	-0.10	1.76
birth	-0.09	1.11
david	-0.09	1.19
basic	-0.09	1.62
biased	-0.09	1.82
heavy	-0.09	1.03
precedent	-0.09	1.42
c	-0.09	1.54
usual	-0.09	1.19
addressed	-0.09	2.08
transfers	-0.09	1.40
uk	-0.09	1.09
biker	-0.09	1.60
density	-0.09	1.12
fill	-0.09	1.24
values	-0.09	1.13
fits	-0.09	1.14
offered	-0.09	1.46
imo	-0.09	1.14
livable	-0.09	1.42
worker	-0.09	1.29
seller	-0.09	1.50
bucks	-0.09	1.57
bills	-0.09	1.35
asap	-0.09	1.92
payments	-0.09	1.43
excessive	-0.09	0.97
purchases	-0.09	1.40
exemption	-0.09	1.36
smaller	-0.09	1.34
mandatory	-0.08	1.37
january	-0.08	1.64
t	-0.08	1.21
teacher	-0.08	0.98
magic	-0.08	1.10
r	-0.08	1.26
humans	-0.08	1.16
informed	-0.08	1.49
april	-0.08	1.61
utility	-0.08	1.15
regulations	-0.08	1.29
router	-0.08	1.13
donate	-0.08	1.36
600	-0.08	1.21
reminds	-0.08	0.98
reduction	-0.08	1.23
follows	-0.08	1.57
consumers	-0.08	1.30
phrase	-0.08	1.78
king	-0.08	1.30
microsoft	-0.08	1.48
early	-0.08	1.62
subsidies	-0.08	1.23
review	-0.08	1.20
september	-0.08	1.64
received	-0.08	1.58
section	-0.08	1.69
roughly	-0.08	1.34
150	-0.08	1.29
june	-0.08	1.67
mass	-0.08	1.30
involves	-0.08	1.40
installed	-0.07	1.38
licensed	-0.07	1.41
monthly	-0.07	1.31
killing	-0.07	1.15
later	-0.07	1.91
fox	-0.07	1.27
semi	-0.07	1.36
profits	-0.07	1.25
sidewalks	-0.07	1.33
graduated	-0.07	1.40
onto	-0.07	1.66
household	-0.07	1.09
meetings	-0.07	1.22
promote	-0.07	1.39
crossing	-0.07	1.55
finish	-0.07	1.64
strongly	-0.07	1.58
providers	-0.07	1.29
writing	-0.07	1.52
hundred	-0.07	1.50
upgrade	-0.07	1.16
sending	-0.07	1.55
sorts	-0.07	1.36
911	-0.07	1.56
firearm	-0.07	1.48
historical	-0.07	1.23
400	-0.07	1.26
stranger	-0.07	1.47
80s	-0.07	0.97
realized	-0.07	2.05
discussion	-0.07	1.74
sprawl	-0.06	1.33
offers	-0.06	1.35
licenses	-0.06	1.31
conversations	-0.06	1.48
1000	-0.06	1.23
analysis	-0.06	1.57
irony	-0.06	1.46
career	-0.06	1.40
fares	-0.06	1.22
<SPECIAL>	-0.06	1.10
<URL>	-0.06	1.10
wars	-0.06	1.23
required	-0.06	1.59
shorter	-0.06	1.36
ie	-0.06	1.38
ladies	-0.06	0.90
special	-0.06	1.32
percent	-0.06	1.15
ratio	-0.06	1.18
downvotes	-0.06	1.74
pricing	-0.06	1.18
annual	-0.06	1.08
medical	-0.06	1.40
requirements	-0.06	1.38
orca	-0.06	1.24
sarcasm	-0.06	1.93
screaming	-0.06	1.09
700	-0.06	1.22
loads	-0.06	1.14
bunch	-0.06	1.24
eye	-0.06	1.79
poop	-0.06	1.17
newspaper	-0.06	1.36
sitting	-0.06	1.69
significant	-0.06	1.36
competing	-0.06	1.22
dealer	-0.06	1.41
200	-0.05	1.33
licensing	-0.05	1.30
transplant	-0.05	1.32
patients	-0.05	1.40
dick	-0.05	1.18
lived	-0.05	1.64
designed	-0.05	1.42
subsidizing	-0.05	1.29
sale	-0.05	1.45
backed	-0.05	1.19
24/7	-0.05	1.30
critical	-0.05	1.63
cars	-0.05	1.42
stands	-0.05	1.41
narrow	-0.05	1.24
regulated	-0.05	1.30
isps	-0.05	1.28
progress	-0.05	1.40
flow	-0.05	1.44
figures	-0.05	1.43
harmless	-0.05	1.33
computers	-0.05	1.22
cops	-0.05	1.55
fingers	-0.05	1.39
retirement	-0.05	1.27
suits	-0.05	1.29
compared	-0.05	1.35
china	-0.05	1.10
websites	-0.05	1.24
different	-0.04	1.61
aka	-0.04	1.38
profit	-0.04	1.21
ya	-0.04	1.78
properties	-0.04	1.15
beyond	-0.04	1.60
men	-0.04	1.03
arrived	-0.04	1.65
unlimited	-0.04	1.19
democracy	-0.04	1.25
destroy	-0.04	1.26
sources	-0.04	1.72
gang	-0.04	1.23
v	-0.04	1.31
decline	-0.04	1.18
metric	-0.04	1.21
accidentally	-0.04	1.72
born	-0.04	1.37
handing	-0.04	1.47
cab	-0.04	1.27
involve	-0.04	1.67
lit	-0.04	1.04
competitors	-0.04	1.32
additional	-0.04	1.47
talks	-0.04	2.15
skills	-0.04	1.47
injured	-0.04	1.24
limits	-0.04	1.24
definitely	-0.04	2.49
price	-0.04	1.20
portion	-0.04	1.25
classes	-0.04	1.19
mph	-0.03	1.51
settle	-0.03	1.91
spider	-0.03	1.40
estimated	-0.03	1.53
weeks	-0.03	1.80
show	-0.03	1.79
filling	-0.03	1.01
purchased	-0.03	1.36
cents	-0.03	1.44
county	-0.03	1.28
forth	-0.03	1.51
sq	-0.03	1.19
found	-0.03	1.78
published	-0.03	1.52
jumped	-0.03	1.56
buyer	-0.03	1.49
professionals	-0.03	1.34
backs	-0.03	1.17
diversity	-0.03	0.97
skin	-0.03	1.05
july	-0.03	1.66
carpool	-0.02	1.58
tag	-0.02	1.25
fourth	-0.02	1.41
til	-0.02	1.63
occasion	-0.02	1.04
cultural	-0.02	0.92
workforce	-0.02	1.18
october	-0.02	1.60
reference	-0.02	1.66
automatic	-0.02	1.20
pickup	-0.02	1.20
lesson	-0.02	1.11
base	-0.02	1.07
traffic	-0.02	1.59
gun	-0.02	1.35
angels	-0.02	1.00
became	-0.02	1.49
forward	-0.02	1.91
years	-0.02	1.67
downside	-0.02	1.77
transaction	-0.02	1.13
phase	-0.02	1.40
x	-0.02	1.45
convinced	-0.02	2.05
town	-0.02	2.04
isp	-0.02	1.37
stolen	-0.02	1.46
comedy	-0.02	1.16
controlled	-0.02	1.26
y	-0.02	1.60
offering	-0.02	1.65
herself	-0.02	1.43
includes	-0.02	1.39
seattle	-0.02	1.84
rented	-0.01	1.13
dig	-0.01	1.11
road	-0.01	1.42
b	-0.01	1.39
15	-0.01	1.44
witnesses	-0.01	1.56
transit	-0.01	1.27
sentiment	-0.01	1.64
method	-0.01	1.38
wish	-0.01	2.12
poles	-0.01	1.26
cascadia	-0.01	1.19
brief	-0.01	1.38
safety	-0.01	1.36
hah	-0.01	1.69
monorail	-0.01	1.29
bare	-0.01	1.38
secret	-0.01	1.03
duty	-0.01	1.40
congestion	-0.01	1.31
margins	-0.01	1.24
backwards	-0.01	1.21
eh	-0.01	1.70
testing	-0.01	1.32
heat	-0.01	1.02
terms	-0.01	1.49
him	-0.00	1.77
receipt	-0.00	1.44
height	-0.00	1.13
destination	-0.00	1.26
operator	-0.00	1.40
perform	-0.00	1.48
dr	-0.00	1.28
generation	-0.00	1.02
inch	-0.00	1.34
usage	-0.00	1.30
thousand	-0.00	1.42
write	-0.00	1.76
1500	-0.00	1.18
catching	-0.00	1.65
redditor	-0.00	1.48
mouth	-0.00	1.27
operate	-0.00	1.29
brought	-0.00	1.81
talent	-0.00	1.37
toll	-0.00	1.43
carried	-0.00	1.46
hanging	-0.00	1.90
tenant	-0.00	1.28
attacked	0.00	1.61
suggest	0.00	2.28
human	0.00	1.27
weapon	0.00	1.43
conditions	0.00	1.22
min	0.00	1.44
injuries	0.00	1.31
august	0.00	1.64
dream	0.00	1.51
4	0.00	1.73
military	0.00	1.16
lifetime	0.00	1.31
adjacent	0.00	1.44
theirs	0.00	1.62
tuition	0.01	1.18
package	0.01	1.31
tracking	0.01	1.34
named	0.01	1.13
legal	0.01	1.56
runs	0.01	1.41
submit	0.01	1.42
reading	0.01	1.94
training	0.01	1.34
expand	0.01	1.47
engine	0.01	1.22
beings	0.01	1.46
trash	0.01	1.09
answering	0.01	1.79
entry	0.01	1.40
cutting	0.01	1.26
listing	0.01	1.45
weapons	0.01	1.32
extended	0.01	1.41
apart	0.01	1.34
motorcycles	0.01	1.29
wa	0.01	1.24
purely	0.01	1.44
collection	0.01	1.20
period	0.01	1.62
daily	0.01	1.43
spare	0.01	1.32
pd	0.01	1.37
kept	0.01	1.47
attract	0.01	1.25
article	0.01	1.88
patrol	0.02	1.32
news	0.02	1.37
app	0.02	1.33
civic	0.02	1.22
inches	0.02	1.61
colleges	0.02	1.10
faster	0.02	1.22
teaching	0.02	1.17
access	0.02	1.37
unnecessary	0.02	1.39
roads	0.02	1.28
preserve	0.02	1.39
pocket	0.02	1.32
lost	0.02	1.38
online	0.02	1.22
hope	0.02	2.29
eastern	0.02	1.10
exclusively	0.02	1.36
scam	0.02	1.36
operation	0.02	1.16
hands	0.02	1.44
spray	0.02	1.13
intended	0.02	1.76
miles	0.02	1.58
courts	0.02	1.35
renting	0.02	1.42
overly	0.02	1.50
mbps	0.02	1.14
joined	0.02	1.46
vehicles	0.02	1.37
join	0.02	1.72
highways	0.02	1.31
modem	0.03	1.14
continues	0.03	1.52
warning	0.03	1.43
previous	0.03	1.91
approaching	0.03	1.58
cycle	0.03	1.31
employer	0.03	1.30
grey	0.03	1.02
ed	0.03	1.18
live	0.03	1.90
reputable	0.03	1.41
cl	0.03	1.38
dealers	0.03	1.30
bird	0.03	1.22
laying	0.03	1.08
clinic	0.03	1.39
function	0.03	1.28
cards	0.03	1.26
cancer	0.03	1.15
dsl	0.03	1.12
meaningful	0.03	1.54
resident	0.04	1.36
numerous	0.04	1.78
bikes	0.04	1.33
animal	0.04	1.28
directly	0.04	1.53
montana	0.04	1.10
blow	0.04	1.39
product	0.04	1.15
itself	0.04	1.73
owner	0.04	1.25
hourly	0.04	1.40
haha	0.04	1.94
laughed	0.04	1.62
doctors	0.04	1.37
default	0.04	1.37
influence	0.04	1.24
y'all	0.04	1.65
tips	0.04	1.33
posters	0.04	1.30
commutes	0.04	1.21
maintain	0.04	1.31
car	0.04	1.49
chose	0.04	1.64
100	0.04	1.35
incentives	0.05	1.20
blew	0.05	1.43
closer	0.05	1.67
officers	0.05	1.26
downvoted	0.05	2.01
distribution	0.05	1.24
release	0.05	1.44
remains	0.05	1.31
transportation	0.05	1.35
loans	0.05	1.32
birds	0.05	0.93
fraction	0.05	1.18
win	0.05	1.16
california	0.05	1.27
carrying	0.05	1.42
pole	0.05	1.10
common	0.05	1.58
threw	0.05	1.31
program	0.05	1.18
england	0.05	1.22
meet	0.05	1.87
heading	0.05	1.77
replied	0.05	2.16
paragraph	0.05	1.82
light	0.05	1.53
range	0.05	1.46
radio	0.05	1.35
business	0.05	1.23
quote	0.05	1.78
chances	0.05	1.59
receiving	0.05	1.43
wan	0.05	1.96
holding	0.06	1.44
hours	0.06	1.65
grad	0.06	1.27
easily	0.06	2.14
ft	0.06	1.24
sdot	0.06	1.15
humanity	0.06	1.26
cons	0.06	0.95
mentions	0.06	1.76
expecting	0.06	1.99
mail	0.06	1.49
5-10	0.06	1.60
territory	0.06	1.22
positive	0.06	1.16
permit	0.06	1.46
schools	0.06	1.03
sentence	0.06	1.77
de	0.06	1.10
operated	0.06	1.19
hour	0.06	1.57
sent	0.06	1.69
corrected	0.06	1.87
sorry	0.06	2.19
tend	0.06	1.49
slide	0.06	1.06
minute	0.06	1.70
hole	0.06	1.10
subway	0.07	1.23
zones	0.07	1.20
limit	0.07	1.37
fuel	0.07	1.18
sample	0.07	1.11
across	0.07	1.31
canadian	0.07	1.11
hmmm	0.07	1.86
college	0.07	1.13
campus	0.07	1.09
connections	0.07	1.24
equivalent	0.07	1.41
sold	0.07	1.47
public	0.07	1.26
truly	0.07	1.03
fan	0.07	1.64
separated	0.07	1.28
yup	0.07	1.51
bmw	0.07	1.31
months	0.07	1.74
amazon	0.07	1.43
trigger	0.07	1.37
ago	0.07	1.74
student	0.07	1.16
feet	0.08	1.45
flash	0.08	1.42
track	0.08	1.40
request	0.08	1.52
foot	0.08	1.27
lets	0.08	1.78
ridership	0.08	1.28
steve	0.08	1.19
rifle	0.08	1.34
roots	0.08	1.07
youtube	0.08	1.17
curb	0.08	1.52
alternative	0.08	1.43
fights	0.08	1.27
oddly	0.08	1.33
contact	0.08	1.74
letter	0.08	1.53
northbound	0.08	1.72
surface	0.08	1.20
mediocre	0.08	1.61
60	0.08	1.38
wording	0.09	1.65
killed	0.09	1.15
industrial	0.09	1.27
lol	0.09	1.94
non	0.09	1.28
sidewalk	0.09	1.52
ideally	0.09	1.48
lanes	0.09	1.57
install	0.09	1.19
lines	0.09	1.34
routes	0.09	1.33
employ	0.09	1.38
meth	0.09	1.07
bought	0.10	1.84
turned	0.10	1.71
combined	0.10	0.85
buses	0.10	1.39
7	0.10	1.51
50	0.10	1.42
mayor	0.10	1.20
technology	0.10	1.12
hahaha	0.10	1.83
14	0.10	1.50
uniform	0.10	1.16
dark	0.10	1.03
sites	0.10	1.28
costume	0.10	1.38
luckily	0.10	1.49
methods	0.10	1.39
waited	0.10	1.81
curiosity	0.10	1.11
six	0.10	1.65
40	0.10	1.44
wow	0.10	2.13
freeway	0.10	1.53
checked	0.10	1.45
17	0.10	1.48
warehouse	0.10	1.25
late	0.10	1.48
25	0.10	1.45
deeply	0.10	1.22
giant	0.11	1.02
paper	0.11	1.32
pollution	0.11	1.25
size	0.11	1.20
loaded	0.11	1.39
dramatically	0.11	1.17
capital	0.11	1.24
tow	0.11	1.39
13	0.11	1.48
worthy	0.11	1.43
consumption	0.11	1.14
exit	0.11	1.58
log	0.11	1.40
2	0.11	1.53
districts	0.11	1.17
criticism	0.11	1.42
remove	0.11	1.57
eight	0.11	1.60
numbers	0.11	1.46
45	0.12	1.51
20	0.12	1.51
towns	0.12	1.34
empty	0.12	1.23
broke	0.12	1.35
estimates	0.12	1.49
legalization	0.12	1.41
schedule	0.12	1.40
75	0.12	1.36
joining	0.12	1.43
10	0.12	1.52
wikipedia	0.12	1.61
articles	0.12	1.57
edited	0.12	1.79
front	0.12	1.71
blanket	0.12	1.52
35	0.12	1.42
12	0.12	1.50
26	0.12	1.39
ideal	0.12	1.25
level	0.12	1.30
ads	0.12	1.43
till	0.12	1.63
types	0.12	1.51
capacity	0.12	1.28
delivered	0.12	1.42
wing	0.12	1.07
chase	0.12	1.35
laptop	0.12	1.21
face	0.12	1.16
franchise	0.12	1.27
rapid	0.13	1.28
30	0.13	1.50
michigan	0.13	1.34
dot	0.13	1.18
web	0.13	1.25
ms	0.13	1.42
bags	0.13	1.24
takes	0.13	1.73
pistol	0.13	1.50
countless	0.13	1.51
habit	0.13	1.28
delivery	0.13	1.46
endless	0.13	1.04
drastically	0.13	1.27
ramp	0.13	1.61
adds	0.13	1.24
instant	0.13	1.44
shoot	0.13	1.75
bite	0.13	1.29
tho	0.13	1.78
initial	0.13	1.78
texas	0.13	1.34
brake	0.13	1.40
weight	0.13	1.26
writer	0.13	1.41
connected	0.13	1.37
take	0.13	2.25
8	0.13	1.53
5	0.13	1.54
clear	0.14	2.87
check	0.14	1.83
character	0.14	1.04
technically	0.14	2.64
visibility	0.14	1.17
arizona	0.14	1.27
10-15	0.14	1.56
message	0.14	1.60
connection	0.14	1.12
electric	0.14	1.22
drugs	0.14	1.19
sight	0.14	1.17
2.5	0.14	1.55
lighting	0.14	1.03
solely	0.14	1.21
showing	0.14	1.62
core	0.14	1.21
bandwidth	0.14	1.16
adopted	0.14	1.24
attractive	0.14	1.14
students	0.14	1.04
55	0.14	1.32
african	0.14	0.92
appears	0.14	1.49
wire	0.14	1.29
headlights	0.14	1.21
spd	0.14	1.31
degree	0.15	1.22
pets	0.15	1.24
larger	0.15	1.29
power	0.15	1.21
including	0.15	1.35
hmm	0.15	1.76
license	0.15	1.39
meeting	0.15	1.48
classified	0.15	1.56
equipment	0.15	1.31
9	0.15	1.55
expanded	0.15	1.35
backup	0.15	1.20
michael	0.15	1.16
standing	0.15	1.48
smile	0.15	1.27
seconds	0.15	1.69
3	0.15	1.57
roll	0.15	1.55
showed	0.15	1.68
ha	0.15	1.92
land	0.15	1.04
set	0.15	1.53
sell	0.16	1.54
interstate	0.16	1.32
ten	0.16	1.58
officer	0.16	1.38
assaulted	0.16	1.34
issued	0.16	1.51
2-3	0.16	1.57
apt	0.16	1.07
severe	0.16	1.28
pierce	0.16	1.24
alarm	0.16	1.21
their	0.16	1.49
twenty	0.16	1.54
3-4	0.16	1.61
tools	0.16	1.38
45th	0.16	1.35
hov	0.16	1.47
couple	0.16	1.61
23	0.16	1.42
five	0.16	1.59
released	0.16	1.44
65	0.16	1.29
wallet	0.17	1.14
childhood	0.17	1.08
oil	0.17	1.13
aspect	0.17	1.11
electricity	0.17	1.17
savings	0.17	1.39
11	0.17	1.49
28	0.17	1.41
6	0.17	1.56
measures	0.17	1.47
email	0.17	1.64
hello	0.17	1.25
download	0.17	1.16
four	0.17	1.60
strict	0.17	1.37
colors	0.17	0.98
pieces	0.17	1.13
upper	0.17	1.01
dedicated	0.17	1.28
delay	0.17	1.54
rarely	0.17	1.19
butt	0.17	0.94
bicycle	0.17	1.36
komo	0.17	1.30
21	0.17	1.39
centers	0.17	1.20
rail	0.17	1.30
line	0.18	1.50
trains	0.18	1.34
donations	0.18	1.18
gifts	0.18	1.29
stations	0.18	1.27
read	0.18	1.70
avoiding	0.18	1.65
statistics	0.18	1.51
hook	0.18	1.63
ftfy	0.18	1.57
teachers	0.18	1.03
improved	0.18	1.20
parallel	0.18	1.55
buried	0.18	1.37
isolated	0.18	1.34
creepy	0.18	1.43
according	0.18	1.62
gram	0.18	1.33
16	0.18	1.39
bus	0.18	1.39
weekly	0.18	1.52
above	0.18	1.62
control	0.18	1.23
street	0.18	1.78
19	0.18	1.39
closing	0.19	1.48
margin	0.19	1.37
passengers	0.19	1.33
records	0.19	1.36
resources	0.19	1.41
promise	0.19	1.29
knife	0.19	1.34
route	0.19	1.45
marked	0.19	1.52
york	0.19	1.34
peace	0.19	1.23
areas	0.19	1.27
ticket	0.19	1.40
colorado	0.19	1.21
dozens	0.19	1.37
pulling	0.19	1.65
cat	0.19	1.28
tipped	0.19	1.33
visited	0.19	1.44
via	0.19	1.37
yo	0.19	1.10
mortgage	0.19	1.25
minutes	0.19	1.67
specific	0.19	1.81
overhead	0.19	1.20
personal	0.20	1.51
sigh	0.20	1.62
carefully	0.20	1.54
payment	0.20	1.25
sheriff	0.20	1.25
worries	0.20	1.59
caught	0.20	1.56
tomorrow	0.20	1.81
between	0.20	1.51
split	0.20	1.21
concealed	0.20	1.47
library	0.20	1.09
hip	0.20	1.13
advertising	0.20	1.34
speeds	0.20	1.16
wash	0.20	1.06
idaho	0.20	1.14
door	0.20	1.56
heads	0.20	1.28
shooting	0.20	1.28
robbed	0.20	1.35
dispute	0.20	1.30
18	0.20	1.40
energy	0.20	1.26
won	0.20	1.08
has	0.20	2.10
card	0.20	1.19
90	0.21	1.30
placed	0.21	1.41
trolls	0.21	1.28
legs	0.21	1.34
facility	0.21	1.31
match	0.21	1.29
carry	0.21	1.51
speed	0.21	1.35
foreign	0.21	1.08
original	0.21	2.07
oops	0.21	1.99
tracks	0.21	1.33
mission	0.21	1.10
electronic	0.21	1.12
mins	0.21	1.66
criteria	0.21	1.58
serial	0.21	1.32
stops	0.21	1.41
materials	0.21	1.35
important	0.21	1.46
watched	0.21	1.36
1.5	0.22	1.49
confirm	0.22	1.42
animals	0.22	1.11
van	0.22	1.15
commuter	0.22	1.35
bag	0.22	1.21
crash	0.22	1.15
breath	0.22	1.39
lqa	0.22	1.00
buying	0.22	1.66
vet	0.22	1.26
studio	0.22	1.13
home	0.22	1.93
winning	0.22	1.11
math	0.22	1.37
quarter	0.22	1.26
industries	0.22	1.14
70	0.22	1.32
goods	0.22	1.36
um	0.22	1.69
experiences	0.22	1.27
opening	0.22	1.55
feature	0.23	1.22
deals	0.23	1.32
feasible	0.23	1.71
busses	0.23	1.36
delays	0.23	1.17
keys	0.23	1.46
lawn	0.23	1.14
add	0.23	1.84
confirmed	0.23	1.30
global	0.23	1.15
recorded	0.23	1.39
mistake	0.23	2.03
express	0.23	1.46
player	0.23	1.11
yellow	0.23	1.26
within	0.23	1.63
recording	0.23	1.34
permitted	0.24	1.58
few	0.24	1.58
connect	0.24	1.22
shelter	0.24	1.28
employees	0.24	1.28
ah	0.24	2.01
suburbs	0.24	1.39
rolling	0.24	1.38
120	0.24	1.34
jersey	0.24	1.22
meter	0.24	1.41
opened	0.24	1.64
shoulder	0.24	1.30
responded	0.24	1.86
hawaii	0.24	1.30
requests	0.24	1.32
florida	0.24	1.25
users	0.24	1.19
stock	0.24	1.36
olympia	0.24	1.22
suburban	0.24	1.27
bedroom	0.25	1.11
upvotes	0.25	1.61
investments	0.25	1.23
freeways	0.25	1.25
three	0.25	1.61
southbound	0.25	1.53
woman	0.25	1.18
midwest	0.25	1.25
establishment	0.25	1.20
following	0.25	1.58
thursday	0.25	1.59
master	0.25	1.23
direct	0.25	1.40
spiders	0.25	1.41
children	0.25	1.05
consideration	0.25	1.36
heart	0.25	0.98
heck	0.25	1.45
marijuana	0.25	1.15
er	0.25	1.48
famous	0.25	1.21
immediate	0.25	1.31
phoenix	0.25	1.32
cigarettes	0.26	1.02
genuine	0.26	1.32
hopes	0.26	1.48
alternatives	0.26	1.50
everyday	0.26	1.15
official	0.26	1.35
additionally	0.26	1.21
latest	0.26	1.37
motorcycle	0.26	1.23
rolled	0.26	1.42
80	0.26	1.29
drawing	0.26	1.24
zone	0.26	1.14
gaming	0.26	1.22
downvote	0.27	1.84
added	0.27	1.56
dogs	0.27	1.16
austin	0.27	1.49
shooter	0.27	1.31
complicated	0.27	1.27
comment	0.27	1.96
bodies	0.27	0.92
lt	0.27	1.62
tv	0.27	1.17
karma	0.27	1.51
plastic	0.27	1.21
unit	0.27	1.09
possible	0.27	2.50
bug	0.27	1.37
reminder	0.27	1.21
younger	0.27	1.10
tested	0.27	1.41
yours	0.28	1.54
o	0.28	1.42
morning	0.28	1.55
challenging	0.28	1.18
premium	0.28	1.30
display	0.28	1.01
captain	0.28	1.03
username	0.28	1.76
elementary	0.28	0.99
occupy	0.28	1.30
commuters	0.28	1.24
rules	0.28	1.58
prepare	0.28	1.20
sizes	0.28	1.19
struck	0.28	1.31
hair	0.28	1.04
boys	0.28	0.90
coal	0.28	1.28
crack	0.28	1.13
uses	0.28	1.93
chicago	0.29	1.38
burbs	0.29	1.72
admittedly	0.29	1.48
battery	0.29	1.29
blown	0.29	1.28
print	0.29	1.25
side	0.29	2.08
rule	0.29	1.63
selling	0.29	1.34
dog	0.29	1.14
sporting	0.29	1.33
stay	0.29	2.01
winters	0.29	1.04
goodness	0.29	1.37
blocks	0.29	1.64
riding	0.29	1.35
searching	0.29	1.74
falling	0.29	1.04
commenting	0.29	2.02
ruin	0.30	0.97
bummer	0.30	2.01
contribute	0.30	1.54
provided	0.30	1.67
grade	0.30	1.08
houston	0.30	1.39
reverse	0.30	1.48
loan	0.30	1.29
atlanta	0.30	1.38
francisco	0.30	1.42
libraries	0.30	1.18
dozen	0.30	1.36
airbnb	0.30	1.96
dallas	0.30	1.38
cop	0.30	1.42
oregon	0.30	1.14
bound	0.30	1.77
description	0.30	1.61
greenwald	0.30	1.71
uw	0.31	1.18
commute	0.31	1.56
dating	0.31	1.23
boston	0.31	1.38
holiday	0.31	0.91
field	0.31	1.23
button	0.31	1.38
teach	0.31	1.22
taught	0.31	1.11
hardware	0.31	1.22
girls	0.31	0.95
natural	0.31	1.15
survey	0.31	1.46
thunder	0.31	1.39
balance	0.31	1.20
bed	0.31	1.11
gave	0.31	1.63
walked	0.31	1.70
opinions	0.31	1.57
maintained	0.31	1.32
alive	0.31	1.40
transport	0.31	1.35
several	0.31	1.60
520	0.31	1.29
gray	0.32	1.09
zip	0.32	1.26
attached	0.32	1.05
blind	0.32	1.24
stream	0.32	1.18
shock	0.32	1.19
train	0.32	1.40
buy	0.32	1.61
advance	0.32	1.47
urban	0.32	1.23
linked	0.32	1.79
weed	0.32	1.14
kidding	0.32	1.65
permanent	0.32	1.24
dc	0.32	1.39
405	0.32	1.44
pm	0.32	1.72
dave	0.32	1.40
safely	0.32	1.55
denver	0.32	1.39
guide	0.32	1.07
businesses	0.32	1.40
shuttle	0.32	1.28
dressed	0.32	1.09
version	0.33	1.45
gig	0.33	1.16
suggested	0.33	2.00
monday	0.33	1.52
beard	0.33	1.14
title	0.33	2.02
manner	0.33	1.27
super	0.33	1.56
seven	0.33	1.49
long-term	0.33	1.26
forgot	0.33	1.90
block	0.33	1.44
data	0.33	1.46
concerned	0.33	2.07
temp	0.33	1.20
renters	0.33	1.04
e	0.33	1.38
english	0.33	1.22
naturally	0.33	1.29
active	0.33	1.36
purple	0.33	1.08
i-5	0.33	1.42
round	0.33	1.11
details	0.34	1.70
bros	0.34	1.06
american	0.34	0.96
mmj	0.34	1.41
detroit	0.34	1.36
fell	0.34	1.33
suit	0.34	1.20
extension	0.34	1.19
safeco	0.34	1.16
february	0.34	1.44
accounts	0.34	1.42
thrown	0.34	1.50
netflix	0.34	1.13
hall	0.34	1.19
age	0.34	1.03
offices	0.34	1.32
competitive	0.34	1.27
okay	0.34	2.53
bank	0.34	1.28
regular	0.34	1.26
alternate	0.34	1.16
days	0.34	1.42
presumably	0.34	1.29
episode	0.34	1.33
meetup	0.35	1.43
sounder	0.35	1.36
floors	0.35	1.19
atm	0.35	1.22
listed	0.35	1.55
streetcar	0.35	1.33
vendor	0.35	1.46
apologize	0.35	1.73
frequent	0.35	1.20
watch	0.35	1.23
fwiw	0.35	1.49
holes	0.35	1.03
expansion	0.35	1.30
hunting	0.35	1.31
features	0.35	1.32
wiki	0.35	1.37
mornings	0.35	1.25
leaving	0.36	1.81
nyc	0.36	1.38
rode	0.36	1.48
sleeping	0.36	1.38
acceptable	0.36	1.34
2nd	0.36	1.33
pot	0.36	1.11
friday	0.36	1.50
former	0.36	1.47
grid	0.36	1.36
addition	0.36	1.23
banks	0.36	1.20
area	0.36	1.36
wilson	0.36	1.26
tire	0.36	1.25
viable	0.36	1.55
surveillance	0.36	1.32
inside	0.36	1.35
saturday	0.36	1.49
concert	0.36	1.28
volume	0.36	1.12
maps	0.36	1.45
authorities	0.37	1.35
rep	0.37	1.13
document	0.37	1.37
traction	0.37	1.26
northern	0.37	1.11
explanation	0.37	1.73
credit	0.37	1.26
gotcha	0.37	1.78
apologies	0.37	1.78
p	0.37	1.84
hunt	0.37	1.08
passes	0.38	1.32
tonight	0.38	1.64
commuting	0.38	1.49
twitter	0.38	1.38
movie	0.38	1.29
recreational	0.38	1.36
cats	0.38	1.16
adults	0.38	1.06
24	0.38	1.35
murdered	0.38	1.11
nfl	0.38	1.15
holds	0.38	1.36
rear	0.38	1.35
leash	0.38	1.13
nicely	0.38	1.40
vibe	0.38	1.61
mac	0.38	1.04
evening	0.38	1.44
doors	0.39	1.45
afternoon	0.39	1.42
pages	0.39	1.52
covering	0.39	1.25
below	0.39	1.28
mode	0.39	1.45
replies	0.39	1.39
closed	0.39	1.42
played	0.39	1.18
sustainable	0.39	1.20
grew	0.39	1.26
subsidize	0.39	1.26
please	0.39	1.83
realistic	0.39	1.39
22	0.39	1.39
roommates	0.39	1.61
flew	0.39	1.44
windows	0.39	1.23
perhaps	0.39	2.70
tie	0.39	1.25
computer	0.39	1.08
capable	0.39	1.43
wednesday	0.39	1.43
sunday	0.39	1.47
interested	0.40	2.53
account	0.40	1.36
school	0.40	1.04
rats	0.40	1.13
seasons	0.40	1.13
meets	0.40	1.48
other	0.40	1.70
players	0.40	1.15
thin	0.40	1.20
hat	0.40	1.13
baby	0.40	0.86
efficient	0.40	1.31
site	0.40	1.42
memory	0.40	1.26
supports	0.40	1.90
guaranteed	0.41	1.25
primary	0.41	1.38
portland	0.41	1.34
record	0.41	1.25
w	0.41	1.34
amp	0.41	1.35
ages	0.41	1.14
tobacco	0.41	1.08
taking	0.41	2.24
most	0.41	2.17
game	0.41	1.16
kids	0.41	1.11
meetups	0.41	1.46
made	0.41	2.67
ran	0.41	1.39
play	0.41	1.15
belong	0.42	1.54
flag	0.42	1.00
detail	0.42	1.52
snohomish	0.42	1.27
travel	0.42	1.39
mariners	0.42	1.19
patient	0.42	1.36
99	0.42	1.32
tickets	0.42	1.28
shelters	0.42	1.14
interaction	0.42	1.27
corporate	0.42	1.22
pro	0.42	1.27
certain	0.42	1.54
standards	0.42	1.14
bugs	0.42	1.37
effective	0.43	1.33
vision	0.43	1.17
whoa	0.43	1.46
opportunities	0.43	1.32
gathering	0.43	1.10
eyes	0.43	1.37
sounders	0.43	1.16
trips	0.43	1.35
granted	0.43	1.19
open	0.44	1.56
ideas	0.44	1.22
membership	0.44	1.16
programming	0.44	1.25
events	0.44	1.42
yelp	0.44	1.30
tree	0.44	1.05
score	0.44	1.21
brand	0.44	1.17
border	0.44	1.11
own	0.44	1.41
market	0.44	1.28
presented	0.44	1.69
demographic	0.44	1.06
hey	0.44	1.88
recommended	0.45	1.25
wheels	0.45	1.30
cached	0.45	1.66
fans	0.45	1.16
plants	0.45	1.09
tuesday	0.45	1.42
cs	0.45	1.10
map	0.45	1.55
sonics	0.45	1.18
leg	0.45	1.11
logo	0.45	1.03
accordingly	0.45	1.39
james	0.45	1.29
tires	0.45	1.24
overwhelming	0.46	1.14
green	0.46	1.33
body	0.46	1.34
team	0.46	1.17
event	0.46	1.47
swing	0.46	1.14
corridor	0.46	1.27
convenience	0.46	1.18
fall	0.46	1.20
ac	0.46	1.02
football	0.46	1.17
4th	0.46	1.29
furniture	0.46	1.27
parked	0.46	1.50
tests	0.46	1.22
upvote	0.46	1.66
comments	0.46	1.64
choice	0.46	2.07
spring	0.46	1.28
outlet	0.46	1.22
setup	0.47	1.38
thread	0.47	1.90
craigslist	0.47	1.48
midnight	0.47	1.46
desirable	0.47	1.39
website	0.47	1.47
i5	0.47	1.41
bullet	0.47	1.17
productive	0.47	1.40
counter	0.47	1.40
conference	0.47	1.18
basement	0.47	1.08
length	0.47	1.31
gift	0.47	1.20
teams	0.47	1.17
sports	0.48	1.18
plate	0.48	1.25
smoking	0.48	1.10
listening	0.48	1.47
association	0.48	1.17
hockey	0.48	1.18
broad	0.48	1.56
riders	0.48	1.27
row	0.48	1.36
available	0.48	1.35
content	0.48	1.49
sf	0.48	1.35
remain	0.48	1.37
aircraft	0.48	1.09
updated	0.48	1.47
ensure	0.49	1.32
yards	0.49	1.26
deliver	0.49	1.43
deleted	0.49	1.73
goodwill	0.49	1.27
rocks	0.49	1.16
adult	0.49	1.16
underneath	0.49	1.12
subreddits	0.49	1.57
12th	0.49	1.27
knew	0.49	2.07
kinds	0.49	1.57
blog	0.49	1.50
residential	0.49	1.13
commercial	0.49	1.18
exchange	0.49	1.12
handed	0.49	1.32
cannabis	0.49	1.13
bud	0.49	1.19
baseball	0.49	1.15
user	0.49	1.53
drones	0.49	1.18
confident	0.49	1.90
iirc	0.49	1.16
ethnic	0.50	1.04
pilot	0.50	1.21
two	0.50	1.62
climate	0.50	0.98
products	0.50	1.26
blood	0.50	1.02
congratulations	0.50	1.44
multiple	0.50	1.54
book	0.50	1.38
london	0.50	1.32
league	0.50	1.16
mr	0.50	1.22
hub	0.51	1.07
chip	0.51	1.24
lab	0.51	1.00
tank	0.51	1.12
luck	0.51	1.89
season	0.51	1.18
sir	0.51	1.44
airport	0.51	1.44
picked	0.51	1.46
steep	0.51	1.27
security	0.51	1.18
saw	0.51	1.93
visiting	0.52	1.58
wearing	0.52	1.06
metropolitan	0.52	1.30
donuts	0.52	1.14
q	0.52	1.03
basketball	0.52	1.16
those	0.52	1.63
removed	0.52	1.62
useful	0.52	1.49
soccer	0.52	1.16
3rd	0.52	1.32
markets	0.52	1.36
blast	0.52	0.86
helmet	0.52	1.15
rains	0.52	0.98
rider	0.52	1.32
la	0.52	1.34
partners	0.52	1.01
branch	0.52	1.11
mile	0.52	1.46
bet	0.52	2.32
mod	0.53	1.65
house	0.53	1.09
generic	0.53	1.14
stadium	0.53	1.18
she	0.53	1.53
delete	0.53	1.72
tall	0.53	1.01
paint	0.53	1.10
page	0.53	1.53
plates	0.53	1.19
los	0.53	1.34
arts	0.54	0.88
target	0.54	1.29
box	0.54	1.16
science	0.54	1.02
wise	0.54	1.01
1st	0.54	1.30
night	0.54	1.44
entrance	0.54	1.64
feed	0.54	1.36
during	0.54	1.20
charging	0.54	1.31
expectation	0.54	1.38
boy	0.54	1.07
practical	0.54	1.55
directions	0.54	1.36
driveway	0.55	1.47
setting	0.55	1.27
yard	0.55	1.15
letters	0.55	1.49
yay	0.55	1.35
playing	0.55	1.14
environment	0.55	1.13
parent	0.55	1.29
planes	0.55	1.07
wide	0.55	1.19
exact	0.55	2.41
walk	0.55	1.73
covered	0.56	1.28
main	0.56	1.40
separate	0.56	1.43
liberty	0.56	1.11
text	0.56	1.51
neighbors	0.56	1.03
walls	0.56	1.06
lucky	0.56	2.31
bubble	0.56	1.22
artist	0.56	1.08
low	0.56	1.23
depression	0.57	1.22
arena	0.57	1.23
iron	0.57	1.15
faq	0.57	1.69
profitable	0.57	1.23
highway	0.57	1.31
star	0.57	1.12
union	0.57	1.22
congrats	0.57	1.02
updates	0.57	1.40
threads	0.57	1.57
determined	0.57	0.96
corner	0.57	1.35
etc	0.57	1.28
stays	0.58	1.35
hungry	0.58	1.65
pet	0.58	1.10
fence	0.58	1.20
storm	0.58	1.04
shell	0.58	0.98
nhl	0.58	1.24
facilities	0.58	1.21
soul	0.58	1.17
mercer	0.59	1.40
ahh	0.59	1.74
full	0.59	1.33
another	0.59	2.07
volunteers	0.59	1.23
n	0.59	1.33
remaining	0.59	1.15
bridges	0.59	1.17
angeles	0.59	1.33
passenger	0.59	1.27
bumper	0.59	1.11
crew	0.59	1.20
whereas	0.59	0.98
weekday	0.59	1.30
frame	0.59	1.28
handful	0.59	1.33
click	0.59	1.56
retail	0.60	1.23
r/sealist	0.60	1.52
careful	0.60	1.61
bright	0.60	1.04
vendors	0.60	1.17
stood	0.60	1.50
backyard	0.60	1.12
prime	0.60	1.18
forum	0.60	1.54
san	0.60	1.31
focus	0.60	1.47
stadiums	0.60	1.16
spokane	0.60	1.12
locations	0.60	1.54
item	0.60	1.34
lock	0.61	1.41
university	0.61	1.16
blowing	0.61	1.19
normal	0.61	1.30
high	0.61	1.23
these	0.61	1.56
bands	0.61	1.06
rack	0.61	1.25
pants	0.61	1.00
spam	0.61	1.59
relevant	0.61	1.56
leaves	0.62	1.40
st	0.62	1.32
valid	0.62	2.28
lift	0.62	1.25
diego	0.62	1.37
party	0.62	1.04
plays	0.62	1.03
games	0.62	1.13
mods	0.62	1.56
seahawks	0.62	1.11
secure	0.62	1.28
horror	0.62	1.25
8th	0.62	1.32
gallon	0.62	1.13
metal	0.63	1.04
repost	0.63	1.54
stayed	0.63	1.24
keeping	0.63	1.31
bridge	0.63	1.25
tape	0.63	1.21
profile	0.63	1.35
yesterday	0.63	1.73
old	0.63	1.00
ball	0.63	1.14
lady	0.63	1.25
kansas	0.63	1.36
annoyed	0.63	1.86
walmart	0.63	1.22
spelling	0.63	1.90
mexico	0.63	1.22
grown	0.63	1.02
5th	0.64	1.33
weekdays	0.64	1.30
joe	0.64	1.22
dense	0.64	1.17
mine	0.64	1.64
bc	0.64	1.13
shape	0.64	1.48
cloud	0.64	1.18
servers	0.64	1.24
olive	0.64	1.34
wall	0.64	1.27
dying	0.64	1.56
i90	0.64	1.33
list	0.64	1.57
nba	0.64	1.23
6th	0.65	1.31
strangers	0.65	1.15
nights	0.65	1.28
window	0.65	1.30
fire	0.65	1.10
sidebar	0.65	1.62
fly	0.65	1.13
sit	0.65	1.61
orders	0.65	1.35
sections	0.65	1.48
packed	0.65	1.05
post	0.65	1.62
degrees	0.66	1.02
broadway	0.66	1.30
merely	0.66	2.33
google	0.66	1.46
ave	0.66	1.30
sticker	0.66	1.12
many	0.66	1.57
plane	0.66	1.11
clothes	0.66	1.08
consistent	0.66	1.26
search	0.66	1.49
john	0.66	1.17
periods	0.67	1.21
sleep	0.67	1.77
fairly	0.67	1.47
word	0.67	2.43
struggle	0.67	1.17
burien	0.67	1.30
depend	0.67	1.37
visible	0.67	1.54
orange	0.67	1.07
pine	0.67	1.29
trade	0.67	1.01
path	0.68	1.31
foundation	0.68	1.07
paths	0.68	1.25
15th	0.68	1.31
ring	0.68	1.10
harbor	0.68	1.09
chair	0.68	1.20
avenue	0.68	1.31
posts	0.68	1.60
connecting	0.68	1.20
predictable	0.68	1.26
options	0.68	1.56
handy	0.69	1.14
independent	0.69	1.18
reddit	0.69	1.60
weekend	0.69	1.39
23rd	0.69	1.26
discount	0.69	1.23
ama	0.69	1.35
residence	0.69	1.28
r/seattle	0.69	1.56
information	0.70	1.59
drone	0.70	1.21
cameras	0.70	1.22
resource	0.70	1.34
dear	0.70	1.41
subreddit	0.70	1.55
mike	0.70	1.15
shows	0.70	1.24
items	0.70	1.30
stage	0.70	1.22
date	0.70	1.23
hawks	0.70	1.16
blue	0.71	1.01
drag	0.71	1.21
material	0.71	1.12
arguably	0.71	1.36
bike	0.71	1.29
theater	0.71	1.17
update	0.71	1.66
cup	0.71	1.12
sub	0.72	1.55
whenever	0.72	1.69
checking	0.72	1.74
mall	0.72	1.12
link	0.72	1.56
fellow	0.72	1.31
affordable	0.72	1.04
posted	0.72	1.62
supposed	0.72	2.37
exposure	0.72	1.26
bellevue	0.73	1.39
glasses	0.73	1.11
honor	0.73	0.92
rooms	0.73	1.10
altogether	0.73	1.42
art	0.73	0.85
examples	0.73	1.42
suburb	0.74	1.33
eastside	0.74	1.34
denny	0.74	1.30
ne	0.74	1.32
coat	0.74	0.99
fireworks	0.74	0.99
jackson	0.74	1.27
hear	0.74	1.94
links	0.74	1.53
westlake	0.74	1.29
bellingham	0.75	1.17
buddies	0.75	1.40
alaska	0.75	1.07
efforts	0.75	1.33
slow	0.75	1.32
jacket	0.75	1.00
virginia	0.75	1.12
ride	0.76	1.35
wet	0.76	0.97
square	0.76	1.19
triple	0.76	1.17
proper	0.76	1.33
rain	0.76	0.96
clothing	0.76	1.08
navy	0.76	1.01
wind	0.76	1.08
easiest	0.76	1.94
misleading	0.76	2.37
dress	0.77	1.02
large	0.77	1.17
east	0.77	1.28
stretch	0.77	1.26
dexter	0.77	1.36
pepper	0.77	0.97
dive	0.77	0.89
battle	0.78	1.06
various	0.78	1.43
shorts	0.78	1.00
surprisingly	0.78	1.43
se	0.78	1.50
locked	0.78	1.32
fires	0.78	1.05
station	0.78	1.22
hoping	0.78	2.24
cold	0.79	0.95
movies	0.79	1.05
seatac	0.79	1.22
101	0.79	1.16
shower	0.79	0.98
dang	0.79	1.54
kent	0.79	1.36
chart	0.79	1.38
george	0.79	1.15
tourists	0.79	1.10
gear	0.79	1.11
shirt	0.79	1.04
inconvenient	0.80	1.76
perspective	0.80	1.32
btw	0.80	1.42
slight	0.80	2.02
music	0.80	1.07
spread	0.81	1.15
reliable	0.81	1.26
fired	0.81	1.13
edge	0.81	1.14
streets	0.81	1.22
fed	0.81	1.16
parking	0.81	1.26
pulled	0.81	1.31
farm	0.81	1.12
clarification	0.82	1.78
naked	0.82	1.25
depot	0.82	1.25
i-90	0.83	1.29
humidity	0.83	0.95
designated	0.83	1.33
alcohol	0.83	1.08
mixed	0.83	1.07
landing	0.83	1.19
redmond	0.83	1.33
cherry	0.83	1.22
lounge	0.83	1.06
brown	0.83	1.10
downhill	0.83	1.28
wear	0.84	1.06
neighborhoods	0.84	1.23
hang	0.84	1.76
boots	0.84	0.99
dates	0.84	1.11
neighbor	0.84	1.15
candy	0.84	1.10
cooler	0.85	1.04
vancouver	0.85	1.18
anderson	0.85	1.06
south	0.85	1.29
damn	0.85	1.57
sound	0.85	1.15
always	0.85	2.28
questions	0.85	1.74
slu	0.85	1.11
wood	0.86	0.99
legit	0.86	1.17
location	0.86	1.28
everett	0.86	1.31
india	0.87	1.11
buddy	0.87	1.40
followed	0.87	1.25
classy	0.87	0.95
pound	0.87	1.16
ridiculously	0.87	1.32
85th	0.87	1.23
russian	0.87	1.16
victory	0.87	1.00
trucks	0.87	1.19
son	0.88	1.14
child	0.88	1.12
comfort	0.88	1.24
exciting	0.88	1.27
silver	0.88	1.15
hidden	0.88	1.15
edit	0.88	2.12
aurora	0.88	1.24
therapy	0.88	1.18
garage	0.89	1.19
tom	0.89	1.17
couch	0.89	1.26
tacoma	0.89	1.27
winter	0.89	0.95
amazed	0.89	2.13
apples	0.89	1.10
helicopter	0.89	1.12
flying	0.89	1.05
ups	0.89	1.08
friends	0.90	1.31
classic	0.90	1.08
ground	0.90	1.08
dry	0.90	0.95
seat	0.90	1.35
girl	0.90	1.00
cal	0.90	1.21
painting	0.90	1.05
festival	0.91	1.17
serves	0.91	1.18
pool	0.91	1.09
entertaining	0.91	1.34
copy	0.91	1.38
club	0.91	1.14
ton	0.91	1.36
tukwila	0.92	1.28
warm	0.92	0.93
underground	0.92	1.05
buck	0.92	1.24
hotel	0.92	1.30
cans	0.92	1.08
sells	0.92	1.15
appropriate	0.92	1.23
safeway	0.92	1.22
family	0.93	1.15
similar	0.93	1.42
short	0.93	1.36
shares	0.93	1.04
groceries	0.93	1.18
yeah	0.93	1.99
kirkland	0.93	1.31
rush	0.94	1.19
summer	0.94	0.96
huge	0.94	1.16
response	0.94	1.54
rock	0.94	0.98
supposedly	0.94	1.14
married	0.94	1.03
accurate	0.95	2.06
mind	0.95	2.35
tent	0.95	1.12
ny	0.95	1.36
dance	0.95	0.96
superbowl	0.95	1.00
convention	0.96	1.33
amenities	0.96	1.06
visitors	0.96	1.17
diet	0.96	1.25
intelligent	0.96	1.27
renton	0.96	1.29
medium	0.96	1.12
halfway	0.96	1.16
supplies	0.96	1.18
reserve	0.96	1.18
priced	0.97	1.00
shopping	0.97	1.24
adequate	0.97	1.27
artists	0.97	0.94
lynnwood	0.97	1.31
gym	0.97	1.16
auburn	0.97	1.30
costco	0.98	1.21
walking	0.98	1.54
venues	0.98	1.10
locally	0.99	1.14
sat	0.99	1.39
laid	0.99	1.01
welcome	0.99	1.59
poster	0.99	1.43
toilet	0.99	1.09
alley	0.99	1.45
seek	0.99	2.00
madison	0.99	1.19
room	0.99	1.12
liquor	0.99	1.03
inclined	0.99	2.17
farmers	0.99	1.16
crowds	1.00	1.18
relatively	1.00	1.34
yakima	1.00	1.08
surrounding	1.00	1.06
maximum	1.00	1.06
christmas	1.01	0.85
desk	1.01	1.12
sink	1.01	1.12
goddamn	1.01	1.23
expensive	1.01	1.24
northgate	1.01	1.17
comparable	1.01	1.15
cleaning	1.01	1.10
hi	1.02	1.40
parents	1.02	1.12
qa	1.02	1.08
entertainment	1.02	1.09
nearest	1.02	1.25
bothell	1.02	1.26
filter	1.02	1.12
reply	1.02	1.72
pink	1.02	1.05
issaquah	1.03	1.28
kitsap	1.03	1.10
server	1.03	1.08
scene	1.03	1.01
sport	1.03	1.09
fred	1.03	1.21
storage	1.03	1.07
shoes	1.03	0.98
north	1.04	1.28
responses	1.04	1.36
soft	1.04	0.89
excited	1.04	1.89
accessible	1.04	1.24
tip	1.04	1.17
shoreline	1.05	1.26
queen	1.05	1.11
videos	1.05	1.02
pit	1.05	0.97
along	1.05	1.30
pike	1.05	1.37
anne	1.05	1.07
tiny	1.05	1.02
familiar	1.05	1.73
ex	1.06	1.50
stores	1.06	1.16
coworkers	1.06	1.15
standard	1.06	1.12
boss	1.06	1.19
air	1.07	0.93
suggestion	1.07	1.56
skip	1.07	1.37
flat	1.07	1.01
located	1.07	1.25
recommendation	1.08	1.54
dancing	1.08	0.85
thoughts	1.09	1.37
mlk	1.09	1.12
flight	1.09	1.06
jam	1.09	1.23
bathroom	1.09	1.02
noon	1.09	1.43
ducks	1.09	1.00
hill	1.09	1.12
gold	1.09	1.25
perfect	1.09	1.45
ended	1.10	1.52
terminal	1.10	1.16
sodo	1.10	1.15
parties	1.10	1.05
truck	1.11	1.19
clubs	1.11	1.04
host	1.11	1.15
insight	1.11	1.33
store	1.11	1.17
spaces	1.11	1.08
moderate	1.11	0.93
bottom	1.11	1.26
wander	1.11	1.49
gate	1.11	1.21
tight	1.12	1.11
looked	1.12	1.56
interesting	1.12	1.84
popular	1.12	0.95
big	1.12	1.15
meyer	1.12	1.20
books	1.13	1.15
qfc	1.13	1.20
sufficient	1.13	1.34
recommendations	1.13	1.50
trees	1.13	1.00
doable	1.13	1.66
puyallup	1.13	1.23
trained	1.13	1.05
apple	1.13	1.22
parade	1.13	1.00
sized	1.13	0.99
reservation	1.13	1.15
film	1.14	1.05
bomb	1.14	1.01
indoor	1.14	1.00
answers	1.14	1.60
strip	1.14	1.16
brothers	1.14	1.24
venue	1.15	1.10
neighborhood	1.15	1.15
sand	1.15	1.11
weekends	1.16	1.15
liked	1.16	1.73
his	1.17	1.27
fast	1.17	1.17
moon	1.17	0.82
fields	1.17	1.06
bremerton	1.17	1.11
volunteer	1.17	1.03
hotels	1.17	1.31
weather	1.18	0.90
resolution	1.18	1.15
cycling	1.18	1.09
her	1.18	1.28
factory	1.19	1.10
capitol	1.19	1.08
thick	1.19	1.02
lately	1.19	1.20
gather	1.19	1.47
pair	1.20	1.01
digital	1.20	1.08
roosevelt	1.20	1.09
downtown	1.20	1.22
nightlife	1.20	1.21
dammit	1.21	1.17
disappointed	1.21	1.53
screen	1.22	1.06
professional	1.22	1.02
asian	1.22	1.02
starbucks	1.22	1.13
cap	1.23	1.11
ferry	1.23	1.27
tastes	1.23	1.00
partner	1.23	1.05
reasonable	1.23	1.58
belltown	1.24	1.07
u	1.24	1.08
alaskan	1.24	1.05
seats	1.24	1.18
vague	1.24	1.83
district	1.24	1.08
pioneer	1.24	1.14
pass	1.25	1.26
convenient	1.25	1.18
key	1.25	2.07
anonymous	1.25	1.21
trip	1.25	1.23
substantial	1.25	1.07
wheel	1.26	1.03
tourist	1.26	0.98
distance	1.26	1.29
summers	1.26	0.91
hop	1.27	1.19
died	1.28	1.57
montlake	1.28	1.10
some	1.28	1.75
stars	1.28	1.05
variety	1.28	1.18
mix	1.28	1.03
advice	1.29	1.47
dirt	1.29	0.93
surrounded	1.29	1.17
u-district	1.29	1.05
places	1.30	1.57
tons	1.30	1.24
roof	1.30	1.10
cd	1.30	1.01
brings	1.30	1.27
ferries	1.30	1.07
national	1.31	0.93
footage	1.31	0.95
floor	1.31	1.06
soda	1.31	1.09
peak	1.32	1.08
resort	1.32	1.03
shared	1.32	1.05
roommate	1.32	1.16
id	1.32	1.24
tavern	1.33	0.97
subs	1.33	1.35
international	1.33	0.96
info	1.33	1.45
afterwards	1.34	1.15
central	1.34	1.10
friend	1.34	1.28
glass	1.34	0.94
village	1.34	1.16
foods	1.34	1.12
finding	1.35	1.84
perfectly	1.35	1.70
shake	1.35	1.18
facebook	1.35	1.28
shops	1.35	1.06
visit	1.35	1.42
normally	1.35	1.36
kenmore	1.36	1.13
jack	1.36	1.19
plenty	1.36	1.36
organic	1.36	1.02
edmonds	1.37	1.17
floating	1.37	1.03
biking	1.37	1.12
grocery	1.38	1.11
clean	1.38	1.23
coast	1.39	1.06
proud	1.39	1.52
mill	1.39	1.11
prefer	1.39	1.26
sea	1.39	0.96
wallingford	1.40	1.04
small	1.40	0.99
alright	1.40	1.65
traditional	1.40	1.00
chains	1.41	1.16
answered	1.41	1.42
ta	1.41	1.51
nw	1.41	1.12
ballard	1.42	1.05
mother	1.42	1.21
canal	1.42	1.02
mcdonalds	1.43	1.21
grass	1.43	0.98
ps	1.43	1.16
german	1.44	1.00
sammamish	1.44	1.13
fremont	1.44	1.03
vashon	1.44	1.08
carries	1.45	1.14
brother	1.45	1.22
cruise	1.45	1.00
espresso	1.45	1.01
place	1.45	1.95
greenwood	1.45	1.02
rei	1.45	0.98
phinney	1.46	1.02
center	1.46	1.01
sun	1.46	0.89
appreciated	1.46	1.61
dropped	1.46	1.39
bulk	1.47	1.12
pacific	1.47	0.78
al	1.47	1.01
girlfriend	1.48	1.57
burke	1.48	1.06
emp	1.49	0.88
healthy	1.49	0.88
hood	1.49	0.88
minimal	1.50	1.00
port	1.50	1.04
smith	1.50	0.91
co	1.51	1.06
proximity	1.51	1.09
dock	1.51	1.03
ice	1.51	0.96
produce	1.51	1.02
quality	1.51	0.96
shop	1.52	1.07
prepared	1.52	1.41
dad	1.52	1.24
feedback	1.52	1.39
wife	1.52	1.22
eastlake	1.53	1.02
bottles	1.53	0.95
busy	1.53	1.45
boat	1.53	0.99
uncle	1.53	0.91
quick	1.53	1.14
west	1.53	1.15
polite	1.54	1.06
impressed	1.54	1.63
ship	1.54	1.05
boyfriend	1.54	1.18
bend	1.54	1.06
strange	1.54	1.32
pinball	1.55	0.93
magnolia	1.55	1.00
input	1.55	1.36
mcdonald	1.56	1.68
pub	1.56	0.92
reserved	1.56	1.12
stable	1.57	1.31
upload	1.58	0.91
whidbey	1.58	1.02
reasonably	1.58	1.05
ipa	1.59	1.05
spots	1.59	1.12
fitness	1.59	0.94
serving	1.60	0.92
ending	1.60	1.21
bell	1.60	1.20
took	1.60	1.39
boats	1.60	0.96
observation	1.61	1.02
graffiti	1.61	1.00
summit	1.61	0.95
hot	1.61	0.85
video	1.62	0.97
near	1.62	1.12
recipe	1.62	1.05
bonus	1.62	0.89
shipping	1.62	1.80
pnw	1.63	1.19
woods	1.63	1.02
ordered	1.63	1.63
tables	1.64	0.97
honest	1.64	1.48
dramatic	1.64	1.27
recommend	1.65	1.81
island	1.65	1.01
parks	1.65	0.97
hwy	1.65	1.06
local	1.65	0.89
limited	1.65	1.01
darn	1.65	1.25
georgetown	1.65	1.00
preferred	1.67	1.35
kid	1.67	1.45
raw	1.67	1.06
snow	1.68	0.85
both	1.68	1.65
simple	1.68	1.52
flavor	1.68	0.84
leaf	1.69	0.87
sunny	1.70	0.83
waterfront	1.71	1.01
husband	1.71	1.39
viewing	1.71	0.98
indian	1.71	0.92
sister	1.71	1.07
italian	1.72	0.86
holidays	1.72	1.34
band	1.72	0.92
frozen	1.73	0.93
camp	1.74	0.94
exhibit	1.74	1.02
thank	1.74	1.54
seating	1.74	1.00
hills	1.76	0.88
table	1.77	0.96
diverse	1.78	0.88
museum	1.78	0.75
brewing	1.78	0.98
tea	1.78	0.82
beacon	1.78	0.97
water	1.79	0.85
deep	1.79	1.10
solid	1.80	0.86
daughter	1.80	1.39
pier	1.81	0.96
tour	1.81	0.94
woodinville	1.81	1.04
tours	1.81	0.86
chain	1.81	1.00
brewery	1.82	0.92
bars	1.82	0.97
bowl	1.83	0.90
milk	1.84	1.00
activities	1.84	0.86
expectations	1.84	1.24
cooking	1.85	0.99
kitchen	1.85	1.00
served	1.85	0.85
memories	1.86	0.97
thanks	1.86	1.44
father	1.86	1.39
mom	1.87	1.40
easy	1.88	1.21
booze	1.89	0.83
orcas	1.89	0.97
chinese	1.89	0.98
meme	1.90	0.85
bottle	1.91	0.84
clouds	1.91	0.85
terrace	1.91	0.99
joints	1.91	1.43
lens	1.91	0.97
climbing	1.92	0.82
song	1.92	0.99
creek	1.92	0.94
cheers	1.92	1.30
beers	1.93	0.96
lots	1.93	1.05
hurricane	1.93	0.76
ultimate	1.93	1.17
valley	1.93	0.94
killer	1.94	1.26
bainbridge	1.94	0.97
maple	1.94	0.95
elliot	1.95	0.92
stevens	1.96	0.93
duck	1.96	1.15
falls	1.96	0.91
fruit	1.97	0.88
cascade	1.97	0.85
pop	1.97	1.08
shore	1.98	0.88
closely	1.99	1.15
bartender	1.99	0.90
sum	1.99	0.98
eaten	1.99	1.49
ravenna	2.00	0.91
camera	2.00	0.93
drinking	2.00	0.81
coffee	2.01	0.83
salt	2.02	0.91
breweries	2.02	0.90
fishing	2.02	0.88
climb	2.03	0.93
trail	2.04	0.92
gf	2.04	1.45
grab	2.04	1.05
becu	2.05	1.22
cream	2.06	0.81
deck	2.06	0.89
suggestions	2.06	1.33
junction	2.07	0.96
unique	2.07	1.08
share	2.07	1.25
fog	2.08	0.95
japanese	2.08	0.96
impressive	2.09	1.04
islands	2.10	0.87
leavenworth	2.10	0.89
greenlake	2.11	0.89
serve	2.11	0.89
bay	2.11	0.86
bakery	2.12	0.92
river	2.12	0.88
tasting	2.12	0.79
sky	2.12	0.74
brave	2.12	1.07
beauty	2.12	0.61
puget	2.13	0.81
wings	2.14	0.96
posting	2.14	1.04
tower	2.15	0.88
creative	2.15	0.74
cafe	2.15	0.91
el	2.16	0.99
meals	2.16	0.85
smoked	2.17	0.88
zoo	2.17	0.76
top	2.17	0.91
bar	2.18	0.75
mild	2.18	0.98
relax	2.18	1.00
peninsula	2.19	0.88
korean	2.20	0.94
taste	2.20	0.67
space	2.20	0.84
french	2.20	0.89
chat	2.21	1.28
cake	2.21	0.81
dining	2.22	0.80
staff	2.22	0.70
brew	2.23	0.73
forest	2.23	0.82
close	2.24	1.40
images	2.24	0.83
chips	2.24	0.82
ate	2.26	1.00
taco	2.27	0.95
image	2.27	0.90
burgers	2.27	0.93
style	2.29	0.94
explore	2.30	0.90
crowded	2.30	1.01
loving	2.30	0.69
salmon	2.31	0.78
skiing	2.31	0.76
mexican	2.31	0.91
pie	2.32	0.83
lake	2.32	0.83
eggs	2.34	0.89
ridge	2.34	0.78
photographer	2.34	0.79
deli	2.34	0.94
favorites	2.35	1.06
ski	2.35	0.76
fun	2.35	1.05
nature	2.35	0.58
teriyaki	2.37	1.20
sweet	2.37	0.73
birthday	2.37	0.93
ocean	2.38	0.73
paseo	2.38	0.92
rolls	2.39	0.87
tap	2.39	0.74
swimming	2.39	0.72
baker	2.39	0.76
crystal	2.40	0.76
brunch	2.40	0.85
drink	2.40	0.70
comfortable	2.40	1.20
snoqualmie	2.40	0.76
si	2.41	0.76
freaking	2.41	0.99
closest	2.41	1.12
restaurants	2.42	0.86
grill	2.42	0.76
casual	2.42	0.98
loop	2.43	0.77
columbia	2.43	0.79
locks	2.43	0.81
spot	2.43	1.10
restaurant	2.43	0.90
generous	2.44	0.88
appreciate	2.44	1.01
cascades	2.44	0.76
joint	2.45	1.05
camping	2.46	0.73
eat	2.47	0.88
dinner	2.47	0.72
trails	2.47	0.76
angle	2.48	0.88
thai	2.48	1.07
bacon	2.48	0.84
cook	2.49	0.83
meat	2.49	0.83
craft	2.49	0.69
calm	2.49	0.94
authentic	2.50	1.00
fries	2.50	0.78
egg	2.50	0.99
chocolate	2.51	0.69
burger	2.51	1.04
garden	2.51	0.66
thanksgiving	2.54	0.96
gasworks	2.55	0.75
pho	2.55	1.06
cheap	2.56	0.72
eating	2.56	0.78
cute	2.57	0.82
walkable	2.57	1.03
pizza	2.57	1.07
bread	2.58	0.80
mount	2.59	0.71
fresh	2.59	0.71
sushi	2.59	1.01
looks	2.60	1.02
cheese	2.60	0.72
favorite	2.60	0.99
historic	2.60	0.70
hikes	2.60	0.68
northwest	2.61	0.73
paradise	2.61	0.70
hiking	2.63	0.60
beef	2.63	0.80
bbq	2.64	1.01
tacos	2.64	0.82
fish	2.64	0.71
meal	2.65	0.74
beer	2.65	0.63
wine	2.66	0.59
miss	2.67	0.65
dish	2.67	0.93
quiet	2.68	0.90
wedding	2.69	0.75
shot	2.69	0.73
selection	2.69	0.66
steak	2.70	0.78
discovery	2.70	0.69
nearby	2.70	0.92
mountain	2.71	0.66
cool	2.71	0.88
lunch	2.72	0.76
safe	2.72	0.94
breakfast	2.73	0.74
sauce	2.73	0.73
needle	2.75	0.68
shots	2.76	0.71
outdoor	2.77	0.60
vegan	2.78	0.70
good	2.78	0.96
fancy	2.79	0.69
fried	2.80	0.86
beaches	2.81	0.60
glorious	2.81	0.63
rice	2.81	0.73
mt	2.82	0.62
soup	2.83	0.68
photo	2.83	0.69
taken	2.84	0.87
chicken	2.84	0.84
hike	2.85	0.59
drinks	2.86	0.62
atmosphere	2.87	0.61
inexpensive	2.87	0.71
pleasant	2.88	0.75
helpful	2.88	0.81
sharing	2.88	0.75
food	2.90	0.61
enjoying	2.90	0.59
park	2.92	0.59
neat	2.94	0.61
menu	2.96	0.57
pics	2.97	0.47
chef	2.98	0.65
gardens	2.98	0.64
olympic	2.99	0.54
chill	3.00	0.73
outdoors	3.04	0.50
friendly	3.05	0.63
rainier	3.05	0.54
golden	3.07	0.64
picture	3.08	0.65
enjoyed	3.08	0.45
epic	3.08	0.58
sandwich	3.10	0.67
mountains	3.10	0.50
lakes	3.10	0.49
pork	3.11	0.64
photos	3.11	0.55
vegetarian	3.12	0.57
olympics	3.16	0.63
seafood	3.18	0.50
sandwiches	3.20	0.64
beach	3.22	0.56
pic	3.24	0.48
pricey	3.24	0.48
pictures	3.25	0.51
delicious	3.31	0.49
kerry	3.36	0.46
sunset	3.36	0.48
great	3.37	0.35
enjoy	3.38	0.27
tasty	3.40	0.35
alki	3.41	0.46
views	3.44	0.41
view	3.45	0.42
wonderful	3.46	0.29
skyline	3.47	0.43
decent	3.47	0.32
excellent	3.48	0.32
incredible	3.49	0.31
gorgeous	3.50	0.31
lovely	3.52	0.32
beautiful	3.62	0.24
