hating	-4.79	1.51
bandwagon	-4.47	2.37
sucked	-4.47	1.37
blame	-4.36	1.75
animal	-4.26	1.84
rooting	-4.13	1.73
poor	-4.09	2.10
scumbag	-3.96	1.87
fault	-3.96	2.42
suck	-3.81	1.81
talked	-3.77	1.95
ruined	-3.70	1.92
bad	-3.64	2.02
lbj	-3.61	2.32
parent	-3.57	2.26
exception	-3.52	2.27
worse	-3.47	2.14
miami	-3.42	2.52
sucks	-3.39	1.61
tells	-3.38	2.47
swim	-3.27	3.04
sees	-3.26	2.68
mainly	-3.24	2.29
heat	-3.24	2.58
blaming	-3.23	1.86
donald	-3.23	2.01
talk	-3.22	2.57
soft	-3.22	2.26
suffered	-3.22	2.90
w	-3.21	2.53
dislike	-3.21	2.19
disgusting	-3.20	2.00
anderson	-3.19	2.38
trust	-3.19	2.36
collision	-3.18	3.21
applies	-3.18	2.31
scum	-3.15	1.95
apples	-3.13	2.32
uses	-3.12	2.31
matt	-3.12	2.26
slam	-3.09	2.95
haters	-3.08	2.45
choke	-3.08	2.13
automatically	-3.07	2.45
risky	-3.07	2.17
recorded	-3.05	2.17
decisions	-3.05	2.15
complain	-3.03	2.46
shitty	-3.02	1.74
fan	-3.00	2.46
met	-3.00	2.10
hatred	-3.00	2.41
background	-2.98	2.33
marchand	-2.97	2.32
representing	-2.94	2.15
outcome	-2.92	2.67
personality	-2.91	2.16
known	-2.91	2.86
yankees	-2.90	2.72
bite	-2.89	3.10
bitter	-2.87	2.38
douchebag	-2.87	2.24
dirty	-2.86	2.25
human	-2.84	2.19
stole	-2.83	2.12
piss	-2.82	2.16
likes	-2.81	3.13
ohio	-2.81	2.67
conditions	-2.76	2.13
nightmare	-2.74	2.53
loss	-2.73	2.67
nights	-2.73	3.09
obnoxious	-2.73	2.21
pathetic	-2.71	2.09
gross	-2.70	2.37
drama	-2.69	2.35
annoying	-2.68	2.03
commentary	-2.65	2.21
regret	-2.63	2.27
seen	-2.63	3.28
bruins	-2.63	2.70
shame	-2.59	2.47
choices	-2.57	2.26
lane	-2.57	2.57
commentator	-2.53	2.53
buck	-2.53	2.08
lucic	-2.53	2.34
commissioner	-2.53	2.96
headed	-2.52	3.01
sole	-2.50	2.25
hug	-2.49	2.10
critical	-2.49	2.30
props	-2.49	2.23
bias	-2.47	2.75
list	-2.42	3.23
existence	-2.41	2.87
crappy	-2.40	1.94
mistake	-2.40	2.82
aggressive	-2.40	2.61
owners	-2.39	3.06
made	-2.39	2.26
knows	-2.38	3.56
root	-2.37	3.27
agreed	-2.36	2.45
biting	-2.34	3.26
bout	-2.32	3.04
disaster	-2.31	2.02
jerk	-2.28	2.59
cavs	-2.27	1.88
stephen	-2.27	2.43
spurs	-2.25	1.86
youre	-2.24	2.98
everybody	-2.22	3.56
franchise	-2.21	3.11
witnessed	-2.20	3.52
stupidity	-2.19	2.24
pacers	-2.17	1.58
seemed	-2.16	2.47
single	-2.15	3.59
joe	-2.15	2.28
derek	-2.15	2.10
thinks	-2.14	3.44
possibly	-2.13	3.30
gary	-2.13	2.65
cleveland	-2.12	1.82
stupid	-2.12	3.03
accident	-2.11	3.03
watches	-2.09	3.33
crap	-2.08	2.24
mask	-2.07	2.89
knicks	-2.07	1.58
clippers	-2.04	1.47
sick	-2.03	2.03
lebron	-2.01	1.84
beat	-2.01	1.50
leaving	-2.00	1.85
closest	-2.00	1.49
related	-1.98	2.52
rivalry	-1.96	2.70
okc	-1.96	1.68
hitler	-1.95	2.18
trash	-1.93	1.65
sean	-1.91	2.97
ugly	-1.90	2.15
talks	-1.89	2.11
antonio	-1.88	1.69
literally	-1.88	4.19
nonsense	-1.86	2.35
thoughts	-1.85	2.97
professionally	-1.83	2.50
titans	-1.82	1.75
decision	-1.81	1.89
sterling	-1.78	1.35
affect	-1.77	1.88
earth	-1.75	3.49
mediocre	-1.75	3.30
humanity	-1.75	2.24
dolphins	-1.73	2.00
arrogant	-1.73	1.85
wants	-1.73	2.71
worked	-1.72	2.06
bosh	-1.72	1.74
young	-1.71	2.84
working	-1.71	1.98
else	-1.71	3.52
nobody	-1.71	2.98
dunks	-1.70	3.19
dunk	-1.69	3.18
tragic	-1.68	3.13
bitching	-1.68	2.46
lions	-1.68	1.95
owns	-1.67	3.16
surprising	-1.65	3.03
lakers	-1.64	1.81
sue	-1.63	1.86
vick	-1.63	1.28
feel	-1.62	2.97
said	-1.62	4.82
freak	-1.62	3.00
complete	-1.61	2.50
jets	-1.61	1.93
harsh	-1.61	2.44
sooner	-1.60	1.67
never	-1.60	3.56
cowboys	-1.60	1.93
raptors	-1.59	1.75
dog	-1.57	1.46
about	-1.57	4.07
planning	-1.56	1.51
wade	-1.56	1.81
officiating	-1.56	1.72
douche	-1.55	1.55
happened	-1.55	3.81
influence	-1.55	1.44
vikings	-1.55	1.77
colts	-1.55	1.91
bears	-1.54	1.93
raiders	-1.54	1.89
anybody	-1.53	2.97
disrespectful	-1.53	1.82
unfortunate	-1.52	3.16
kings	-1.52	1.77
giants	-1.51	1.93
eagles	-1.51	1.93
shocking	-1.51	2.70
packers	-1.51	1.93
has	-1.51	3.40
prior	-1.51	1.64
gotten	-1.50	2.59
steelers	-1.50	2.03
understandable	-1.50	3.53
done	-1.49	3.78
letting	-1.48	1.88
says	-1.48	2.60
yet	-1.48	3.64
ownership	-1.48	1.47
clue	-1.47	4.69
form	-1.47	1.51
easily	-1.47	3.43
celtics	-1.47	2.01
thunder	-1.47	1.59
fundamentals	-1.46	1.38
sox	-1.46	1.99
opposite	-1.46	3.88
doesnt	-1.46	2.61
against	-1.46	1.53
sale	-1.46	1.57
depending	-1.46	1.93
hopefully	-1.46	2.42
already	-1.45	3.74
dominated	-1.45	1.44
caring	-1.45	2.82
browns	-1.45	1.91
tackling	-1.44	1.53
panthers	-1.44	1.85
garbage	-1.44	1.32
except	-1.44	2.98
texans	-1.44	1.84
ultimately	-1.43	1.73
ward	-1.43	1.54
finals	-1.43	1.84
workers	-1.43	1.37
everyone	-1.42	3.60
punish	-1.42	1.80
bleeding	-1.41	1.33
proper	-1.41	1.63
nonetheless	-1.41	2.65
biased	-1.41	3.15
result	-1.41	1.79
liking	-1.40	1.55
saints	-1.40	1.88
believed	-1.39	3.18
always	-1.39	3.79
caused	-1.39	1.80
deaths	-1.38	1.62
dicks	-1.38	1.86
basically	-1.37	3.81
rockets	-1.37	1.70
nets	-1.37	1.75
questionable	-1.37	1.29
rivals	-1.37	1.93
pats	-1.36	1.90
making	-1.36	2.50
cheap	-1.36	1.25
bengals	-1.36	2.03
happening	-1.36	5.02
james	-1.36	1.68
make	-1.35	3.46
die	-1.35	1.84
boston	-1.34	2.24
situation	-1.34	2.89
knew	-1.34	3.77
cardinals	-1.34	1.84
afc	-1.34	1.62
cramps	-1.33	1.64
chargers	-1.33	1.84
owner	-1.33	1.58
feeling	-1.33	2.81
heard	-1.32	2.70
joined	-1.32	1.78
ravens	-1.32	1.80
meaningful	-1.32	3.19
happens	-1.32	3.26
talking	-1.31	5.00
been	-1.31	3.39
rangers	-1.31	1.92
defending	-1.31	2.32
niners	-1.30	1.90
responsible	-1.30	1.64
pretend	-1.30	3.92
staying	-1.29	1.84
series	-1.29	1.91
whom	-1.28	1.87
shitting	-1.28	3.98
represent	-1.28	1.45
resulted	-1.28	1.60
burned	-1.28	1.79
course	-1.28	4.62
supported	-1.27	1.68
far	-1.27	2.84
nothing	-1.27	5.11
self	-1.27	1.60
victims	-1.27	1.69
dodgers	-1.26	1.70
cocky	-1.26	1.81
cubs	-1.26	1.91
chiefs	-1.25	1.81
forcing	-1.25	2.22
coaching	-1.25	1.49
performance	-1.25	1.61
factor	-1.25	2.11
anyone	-1.24	4.08
neither	-1.24	1.67
lsu	-1.24	1.33
injured	-1.24	2.02
fans	-1.24	3.16
bouncing	-1.23	1.71
victim	-1.23	1.77
concussion	-1.23	1.88
told	-1.23	2.18
incident	-1.23	1.88
ive	-1.23	2.61
lived	-1.23	1.69
had	-1.23	3.67
crash	-1.23	1.94
suggesting	-1.23	3.52
lame	-1.23	2.71
houston	-1.22	1.76
49ers	-1.22	1.79
fanbase	-1.22	1.90
suspend	-1.22	1.71
bulls	-1.21	1.78
almost	-1.21	3.74
led	-1.19	1.68
death	-1.19	1.79
solid	-1.19	2.31
superior	-1.19	1.62
peace	-1.19	2.86
lose	-1.19	2.37
something	-1.19	5.29
selfish	-1.19	1.70
remind	-1.18	2.14
constantly	-1.18	2.14
moron	-1.18	1.53
strongly	-1.17	2.28
crosby	-1.17	1.81
liked	-1.17	2.88
doing	-1.17	5.35
construction	-1.17	1.54
asshole	-1.16	1.92
same	-1.16	5.12
what	-1.16	5.41
historically	-1.16	1.69
complex	-1.15	2.94
somebody	-1.15	2.98
suffer	-1.15	1.70
dogs	-1.14	1.37
forced	-1.14	2.21
dumbest	-1.14	3.97
exactly	-1.14	5.28
occurred	-1.14	2.12
seahawks	-1.14	1.82
finds	-1.13	1.84
detroit	-1.13	1.90
supporting	-1.13	1.72
screwed	-1.13	1.87
actions	-1.13	1.79
claimed	-1.12	1.99
learned	-1.11	2.54
prick	-1.11	1.95
york	-1.11	1.83
screw	-1.11	1.90
owned	-1.11	1.49
unless	-1.11	5.08
does	-1.10	4.19
injuries	-1.09	1.71
environment	-1.09	1.75
happen	-1.09	4.15
portland	-1.09	1.60
saying	-1.09	5.49
loses	-1.09	1.97
purpose	-1.08	2.27
suffering	-1.08	1.76
ny	-1.08	1.77
dallas	-1.08	1.79
broncos	-1.08	1.80
silva	-1.07	1.60
going	-1.07	5.40
dumbass	-1.07	1.94
feminists	-1.07	2.15
anything	-1.07	4.48
everything	-1.07	4.50
legend	-1.06	1.74
mark	-1.06	2.73
auburn	-1.06	1.34
jumped	-1.06	1.58
management	-1.05	1.35
choice	-1.05	2.30
thinking	-1.05	5.02
re	-1.05	4.84
damage	-1.05	1.73
died	-1.05	2.11
discussed	-1.04	2.64
idiots	-1.04	1.89
drugs	-1.04	1.96
teaching	-1.04	1.64
twins	-1.04	1.29
falcons	-1.04	1.66
injury	-1.04	1.73
practiced	-1.04	2.06
lake	-1.04	1.28
killing	-1.04	1.75
supposed	-1.04	5.17
worldwide	-1.04	1.46
failure	-1.03	1.85
acting	-1.03	1.64
noticed	-1.02	2.29
severe	-1.02	1.79
sorts	-1.02	1.92
care	-1.02	4.13
assholes	-1.02	2.00
johnny	-1.02	1.61
anymore	-1.02	4.00
penn	-1.02	1.69
new	-1.01	1.77
numerous	-1.01	2.50
uncomfortable	-1.01	2.98
cared	-1.01	2.51
wings	-1.00	1.98
san	-1.00	1.71
earned	-1.00	1.73
work	-0.99	4.21
change	-0.99	3.39
opposed	-0.99	1.33
taught	-0.99	2.24
needs	-0.99	3.07
much	-0.99	2.73
ever	-0.99	4.25
regardless	-0.99	2.39
bills	-0.98	1.80
farther	-0.98	2.28
telling	-0.98	3.87
baylor	-0.98	1.68
losing	-0.98	2.47
judgement	-0.98	2.29
lee	-0.98	1.59
quality	-0.98	1.53
effectively	-0.98	2.02
better	-0.98	2.98
justified	-0.98	2.17
cocaine	-0.98	1.92
lost	-0.98	2.13
remembered	-0.98	1.77
ve	-0.98	3.19
hurting	-0.97	2.00
recording	-0.97	1.47
sign	-0.97	1.72
received	-0.97	2.08
patriots	-0.96	1.75
frustrating	-0.96	2.88
serious	-0.96	1.91
ensure	-0.96	1.90
spike	-0.96	1.86
someone	-0.96	3.70
how	-0.96	4.60
who	-0.96	3.62
kansas	-0.96	1.75
filled	-0.96	1.42
ears	-0.95	1.86
homer	-0.95	2.45
whether	-0.95	3.01
tries	-0.95	2.19
fucker	-0.95	1.54
grasp	-0.95	2.54
moral	-0.95	1.56
forgetting	-0.95	3.55
region	-0.95	1.70
exist	-0.95	2.82
flops	-0.95	1.84
understand	-0.95	4.68
cooler	-0.94	1.99
applied	-0.94	1.95
than	-0.94	2.36
reported	-0.94	1.66
wo	-0.94	3.98
counting	-0.94	1.84
hang	-0.94	1.99
want	-0.94	4.16
hurt	-0.93	3.47
orleans	-0.93	1.60
signed	-0.93	1.69
forever	-0.93	2.14
blocks	-0.93	1.41
stays	-0.93	1.72
occurs	-0.92	2.34
usc	-0.92	1.63
dare	-0.92	2.34
clearly	-0.92	5.00
willing	-0.92	3.93
act	-0.92	2.49
typical	-0.92	1.78
entitled	-0.92	1.96
more	-0.92	2.79
philadelphia	-0.92	1.91
tell	-0.92	4.38
came	-0.92	2.89
kinds	-0.92	2.23
piece	-0.91	1.48
will	-0.91	4.11
should	-0.91	4.29
giant	-0.91	1.81
sucking	-0.91	1.94
deal	-0.91	2.65
learn	-0.91	2.74
attitude	-0.91	1.88
wind	-0.91	1.74
explain	-0.90	3.95
dies	-0.90	1.91
analogy	-0.90	2.82
bear	-0.90	1.57
excuse	-0.90	2.04
taylor	-0.90	1.49
tony	-0.90	1.49
again	-0.90	4.39
slavery	-0.90	1.64
flop	-0.90	1.83
hop	-0.90	1.64
since	-0.90	2.83
pistons	-0.90	1.81
grand	-0.90	1.74
oklahoma	-0.90	1.75
pittsburgh	-0.90	1.79
witness	-0.90	2.41
rude	-0.90	2.08
realize	-0.90	4.56
doubt	-0.89	3.94
did	-0.89	4.59
dominant	-0.89	3.04
blackhawks	-0.89	1.86
chicago	-0.89	1.80
parker	-0.89	1.48
jobs	-0.89	1.88
imply	-0.89	3.58
promise	-0.89	2.59
thug	-0.89	1.85
injure	-0.89	2.56
tigers	-0.88	1.75
let	-0.88	3.65
existed	-0.88	2.72
orioles	-0.88	1.67
agreement	-0.88	1.99
indiana	-0.88	1.74
guarantee	-0.87	2.78
lately	-0.87	2.13
state	-0.87	1.85
royals	-0.87	1.77
hoop	-0.87	2.10
improved	-0.87	1.92
status	-0.87	1.56
property	-0.87	1.67
company	-0.87	1.74
teach	-0.87	1.94
romo	-0.87	1.84
virtually	-0.87	2.46
michigan	-0.87	1.76
sudden	-0.87	1.66
phoenix	-0.87	1.75
chara	-0.87	1.64
nor	-0.86	2.84
bag	-0.86	1.75
see	-0.86	4.53
racism	-0.86	1.79
nyc	-0.86	1.67
referred	-0.86	2.11
wisconsin	-0.86	1.79
believes	-0.85	1.84
announcers	-0.85	1.78
titles	-0.85	1.84
know	-0.85	4.73
interviews	-0.85	1.86
order	-0.85	2.89
turning	-0.85	2.35
oakland	-0.85	1.68
means	-0.85	4.32
listen	-0.85	1.67
none	-0.84	2.32
could	-0.84	4.29
announcer	-0.84	1.52
arizona	-0.84	1.76
carries	-0.84	1.78
killed	-0.84	1.80
excuses	-0.84	2.22
apply	-0.84	2.65
jumping	-0.84	1.51
taking	-0.84	3.33
guess	-0.84	5.35
isnt	-0.83	1.70
when	-0.83	4.51
absolute	-0.83	2.37
decided	-0.83	2.78
dry	-0.83	1.64
sat	-0.83	1.69
dying	-0.83	1.50
although	-0.83	5.00
agree	-0.83	5.41
petty	-0.83	1.81
humans	-0.83	1.75
smoking	-0.83	1.68
career	-0.83	2.14
decades	-0.83	2.93
go	-0.83	3.93
hire	-0.83	2.25
get	-0.83	4.29
mean	-0.83	4.79
cause	-0.83	1.99
colorado	-0.83	1.79
stance	-0.83	1.67
families	-0.83	1.70
destroy	-0.82	2.17
were	-0.82	4.15
roger	-0.82	1.78
smack	-0.82	1.75
believe	-0.82	4.81
say	-0.82	4.80
matters	-0.82	2.79
style	-0.82	1.88
thousands	-0.82	2.28
tampa	-0.82	1.56
bay	-0.82	1.66
private	-0.81	1.65
corners	-0.81	1.94
blatant	-0.81	1.64
stallworth	-0.81	1.75
fsu	-0.81	1.66
preseason	-0.81	1.55
knowing	-0.81	2.74
need	-0.81	4.26
them	-0.81	4.20
we	-0.81	4.61
surgery	-0.81	1.58
donate	-0.81	2.34
why	-0.81	4.78
effect	-0.81	2.09
iowa	-0.81	1.77
utah	-0.81	1.84
come	-0.80	4.01
testing	-0.80	1.75
mind	-0.80	3.25
ignored	-0.80	2.10
brain	-0.80	1.80
francisco	-0.80	1.66
traded	-0.80	1.75
once	-0.80	3.42
broken	-0.80	1.87
ca	-0.80	4.21
discrimination	-0.80	1.83
today	-0.80	3.20
decide	-0.80	2.85
loser	-0.80	1.65
gone	-0.79	3.05
bayless	-0.79	1.46
landed	-0.79	1.96
take	-0.79	3.86
asked	-0.79	2.60
occur	-0.79	2.07
wanting	-0.78	3.14
reasoning	-0.78	4.45
vastly	-0.78	1.97
wont	-0.78	3.39
would	-0.78	4.39
racist	-0.78	2.21
adults	-0.78	1.85
convince	-0.78	3.32
potentially	-0.78	1.91
express	-0.78	1.48
themselves	-0.78	2.71
as	-0.78	4.49
ou	-0.78	1.78
children	-0.77	1.70
manu	-0.77	1.62
used	-0.77	2.23
dont	-0.77	4.24
degree	-0.77	2.18
commentators	-0.77	1.62
positive	-0.77	1.85
bones	-0.77	1.87
ps	-0.77	1.45
obviously	-0.77	4.80
due	-0.76	1.86
moved	-0.76	1.77
animals	-0.76	1.40
illegal	-0.76	2.32
uruguay	-0.76	1.82
mess	-0.76	2.16
less	-0.76	2.30
seattle	-0.76	1.66
think	-0.76	4.84
leafs	-0.76	2.08
before	-0.76	3.26
discipline	-0.76	1.63
able	-0.76	3.81
even	-0.76	4.71
matter	-0.75	4.43
messed	-0.75	1.81
stewart	-0.75	1.70
decade	-0.75	2.34
employer	-0.75	1.85
grass	-0.75	1.43
car	-0.75	1.78
fined	-0.75	2.18
changes	-0.75	1.90
st	-0.75	1.69
unfair	-0.75	1.98
rim	-0.75	2.14
nebraska	-0.75	1.72
rams	-0.75	1.74
nfc	-0.74	1.76
mention	-0.74	2.65
everytime	-0.74	2.08
philly	-0.74	1.82
wanted	-0.74	3.68
seem	-0.74	4.01
twice	-0.74	3.17
became	-0.74	1.99
confident	-0.74	3.73
deserve	-0.73	2.97
reduce	-0.73	1.84
suh	-0.73	1.96
driver	-0.73	1.75
acknowledge	-0.73	3.32
burn	-0.73	1.68
19	-0.73	1.74
sanchez	-0.73	1.43
skull	-0.73	1.82
then	-0.73	4.30
angeles	-0.72	1.64
plan	-0.72	2.07
actually	-0.72	4.80
because	-0.72	4.92
concussions	-0.72	1.85
leaves	-0.72	1.95
knees	-0.72	1.92
survive	-0.72	2.38
might	-0.72	4.58
tie	-0.72	1.93
worn	-0.72	1.44
bother	-0.71	3.63
follows	-0.71	2.23
contact	-0.71	2.24
lying	-0.71	2.20
evolution	-0.71	2.04
getting	-0.71	4.21
may	-0.71	4.51
find	-0.71	3.97
by	-0.71	3.17
red	-0.71	1.84
shoe	-0.71	1.73
forgotten	-0.71	2.42
explained	-0.71	4.08
give	-0.70	3.51
stanley	-0.70	1.85
osu	-0.70	1.84
tour	-0.70	1.82
way	-0.70	4.45
hometown	-0.70	1.56
horse	-0.70	1.62
dress	-0.70	1.80
stepping	-0.70	2.10
begin	-0.70	3.03
ben	-0.70	1.76
solely	-0.70	2.05
florida	-0.70	1.85
either	-0.70	4.83
changed	-0.70	2.75
bags	-0.70	1.64
went	-0.70	2.56
ll	-0.69	4.11
george	-0.69	1.40
point	-0.69	5.25
cultural	-0.69	1.74
sympathy	-0.69	2.47
break	-0.69	2.31
lance	-0.69	1.59
yourself	-0.69	3.24
object	-0.69	2.00
admit	-0.69	4.02
devastating	-0.68	2.92
foreign	-0.68	1.53
dc	-0.68	1.73
stanford	-0.68	1.86
repeated	-0.68	1.88
all	-0.68	4.56
anywhere	-0.68	3.19
problems	-0.68	1.94
thing	-0.68	4.20
common	-0.68	2.99
proved	-0.68	2.49
stomach	-0.68	1.69
dick	-0.67	1.90
besides	-0.67	1.69
hundreds	-0.67	2.45
upon	-0.67	2.32
consequences	-0.67	1.80
bang	-0.67	1.88
d	-0.67	4.55
sponsor	-0.67	1.74
frequently	-0.67	2.22
helmet	-0.66	1.84
consecutive	-0.66	1.87
gay	-0.66	2.95
manager	-0.66	1.68
likely	-0.66	3.13
sherman	-0.66	1.85
granted	-0.66	1.52
heads	-0.66	2.26
passed	-0.66	1.70
lead	-0.65	1.86
difference	-0.65	2.83
uniform	-0.65	1.59
counted	-0.65	2.25
assume	-0.65	4.76
paul	-0.65	1.47
accept	-0.64	3.24
deny	-0.64	2.85
handle	-0.64	2.46
impact	-0.64	1.92
nike	-0.64	1.60
maybe	-0.64	4.82
true	-0.64	5.24
judge	-0.64	2.58
stealing	-0.64	1.88
keep	-0.64	3.36
longest	-0.64	2.42
crew	-0.64	1.61
poorly	-0.64	1.88
ill	-0.64	3.07
atlanta	-0.63	1.68
kill	-0.63	2.42
suspect	-0.63	2.34
grad	-0.63	1.80
products	-0.63	1.74
publicly	-0.63	2.34
versus	-0.63	1.68
beach	-0.63	1.76
beaten	-0.63	2.06
hospital	-0.63	1.54
tmz	-0.63	1.61
me	-0.63	3.49
remember	-0.63	4.07
fucked	-0.63	3.05
refused	-0.62	2.12
latter	-0.62	2.20
stop	-0.62	3.26
handled	-0.62	1.98
snyder	-0.62	1.90
university	-0.62	1.93
left	-0.62	2.96
cares	-0.62	3.50
loyal	-0.62	1.57
having	-0.62	3.44
coming	-0.62	3.69
scream	-0.62	1.60
grounds	-0.61	1.74
fastest	-0.61	4.22
where	-0.61	4.57
coke	-0.61	1.96
nba	-0.61	2.40
living	-0.61	1.65
thursday	-0.61	2.08
cheating	-0.61	1.66
central	-0.61	1.61
offenses	-0.61	1.91
start	-0.61	3.62
passionate	-0.61	1.58
implying	-0.61	3.31
offseason	-0.61	1.41
signing	-0.61	1.72
mo	-0.61	1.47
win	-0.61	2.17
which	-0.60	4.66
falls	-0.60	1.97
being	-0.60	3.27
board	-0.60	1.73
behavior	-0.60	1.80
wins	-0.60	1.92
argue	-0.60	4.27
cards	-0.60	1.63
whenever	-0.60	1.93
steal	-0.60	1.94
setup	-0.60	1.79
can	-0.60	4.15
sure	-0.60	5.24
crush	-0.60	1.77
right	-0.60	5.26
appeal	-0.60	2.32
many	-0.60	2.88
climate	-0.60	1.71
jerry	-0.60	1.54
chris	-0.60	1.45
wasted	-0.60	1.95
saw	-0.60	2.99
bet	-0.60	4.40
ahead	-0.60	2.82
stand	-0.59	3.61
lot	-0.59	3.23
itself	-0.59	1.70
kc	-0.59	1.66
allowed	-0.59	3.26
proves	-0.59	2.18
josh	-0.59	1.47
type	-0.59	3.11
visiting	-0.59	1.70
child	-0.59	1.76
figure	-0.59	3.18
turn	-0.59	2.83
however	-0.59	4.24
found	-0.59	2.53
marks	-0.59	1.71
such	-0.59	2.72
imagine	-0.59	4.20
smallest	-0.59	4.37
toronto	-0.58	1.97
lazy	-0.58	2.07
any	-0.58	4.30
sentiment	-0.58	3.23
dirt	-0.58	1.63
gm	-0.58	1.61
leave	-0.58	3.31
several	-0.58	2.76
general	-0.58	2.15
facing	-0.58	1.74
stated	-0.58	3.00
gender	-0.58	2.15
teeth	-0.58	1.98
those	-0.57	3.09
jay	-0.57	1.59
deserves	-0.57	2.48
adrian	-0.57	2.02
tennessee	-0.57	1.71
site	-0.57	1.57
dozens	-0.57	2.58
georgia	-0.57	1.73
evil	-0.57	1.93
realise	-0.57	4.29
avoid	-0.57	2.60
doctor	-0.57	1.94
shift	-0.57	1.89
hearing	-0.57	2.06
labor	-0.57	1.88
bowler	-0.57	2.40
plenty	-0.57	2.80
didnt	-0.57	3.71
alot	-0.57	1.84
soon	-0.57	3.27
acts	-0.56	1.91
suarez	-0.56	1.82
meeting	-0.56	1.79
use	-0.56	2.79
imo	-0.56	2.26
rarely	-0.56	2.32
disney	-0.56	1.42
retire	-0.56	2.26
mets	-0.56	1.57
duke	-0.56	1.83
probably	-0.56	4.59
meat	-0.56	1.45
idea	-0.56	4.60
intention	-0.56	3.09
worthless	-0.56	1.89
ronaldo	-0.56	1.61
area	-0.56	1.68
causes	-0.56	1.80
across	-0.56	2.32
so	-0.56	4.85
road	-0.56	1.88
decides	-0.55	2.48
differently	-0.55	2.56
millions	-0.55	2.46
staff	-0.55	1.78
effects	-0.55	1.86
tested	-0.55	2.13
people	-0.55	3.95
expert	-0.55	2.54
storm	-0.55	1.83
most	-0.55	4.20
fear	-0.55	1.85
crime	-0.55	2.05
calls	-0.55	2.04
jump	-0.55	2.02
building	-0.55	1.84
drew	-0.54	1.21
diego	-0.54	1.67
really	-0.54	4.70
different	-0.54	3.17
sleep	-0.54	1.82
receive	-0.54	2.38
only	-0.54	4.68
flopping	-0.54	2.02
jumps	-0.54	1.80
v	-0.54	1.81
jury	-0.54	2.47
somewhere	-0.54	2.38
halfway	-0.54	1.82
night	-0.54	2.19
westbrook	-0.54	1.53
himself	-0.54	2.73
dozen	-0.54	2.55
charge	-0.54	2.02
finding	-0.54	1.81
ex	-0.54	1.51
well	-0.53	5.12
properly	-0.53	2.37
vector	-0.53	1.85
precedent	-0.53	1.71
him	-0.53	3.52
adult	-0.53	1.77
blowing	-0.53	2.42
notice	-0.53	2.82
denver	-0.53	1.67
idiot	-0.53	2.46
wherever	-0.53	3.54
up	-0.53	3.51
non	-0.53	1.58
risk	-0.53	1.99
or	-0.53	4.64
case	-0.53	3.37
spanking	-0.53	2.00
river	-0.53	1.38
orange	-0.53	1.70
taken	-0.52	2.76
rights	-0.52	1.76
basis	-0.52	1.67
milwaukee	-0.52	1.72
prepare	-0.52	1.53
27	-0.52	1.65
starts	-0.52	2.41
sticking	-0.52	1.84
scandal	-0.52	1.92
employees	-0.52	1.95
bump	-0.52	1.94
practices	-0.52	1.83
accent	-0.52	1.65
value	-0.52	2.20
celebrity	-0.52	1.68
thousand	-0.52	2.58
concept	-0.52	2.34
duncan	-0.51	1.44
hardcore	-0.51	1.57
debate	-0.51	2.67
recently	-0.51	2.72
completely	-0.51	4.71
crushed	-0.51	1.93
investment	-0.51	1.74
these	-0.51	3.03
confirm	-0.51	2.13
suspended	-0.51	2.08
punishment	-0.51	2.06
define	-0.51	2.63
goodell	-0.51	1.86
murdered	-0.51	1.66
trying	-0.51	3.82
help	-0.51	3.83
thought	-0.51	3.90
punishments	-0.51	1.90
champs	-0.51	1.66
apology	-0.51	1.83
21	-0.51	1.47
beating	-0.51	1.91
gatorade	-0.51	1.83
delivery	-0.50	2.23
intentionally	-0.50	2.37
force	-0.50	2.15
whining	-0.50	2.12
regulation	-0.50	2.06
bright	-0.50	1.75
equality	-0.50	2.52
trial	-0.50	2.47
drove	-0.50	1.87
2003	-0.50	1.93
meet	-0.50	2.07
herself	-0.50	2.24
supporters	-0.50	1.59
directed	-0.50	1.91
allowing	-0.50	2.23
bank	-0.50	1.64
back	-0.50	3.35
cheat	-0.50	1.84
island	-0.50	1.67
continue	-0.50	3.09
abuse	-0.50	1.97
sense	-0.50	3.62
trade	-0.50	1.69
techniques	-0.50	1.76
sanders	-0.50	1.50
consistently	-0.50	2.28
jim	-0.49	1.64
differences	-0.49	2.00
took	-0.49	3.15
broke	-0.49	1.95
ruling	-0.49	2.19
tribe	-0.49	1.75
now	-0.49	4.88
fair	-0.49	3.33
opening	-0.49	1.86
medical	-0.49	1.78
mentioned	-0.49	2.87
highest	-0.49	4.40
admitted	-0.49	2.24
flyers	-0.49	2.06
hardest	-0.48	4.08
dealing	-0.48	2.09
ups	-0.48	1.77
virginia	-0.48	1.73
2009	-0.48	1.91
hunt	-0.48	1.74
bed	-0.48	2.00
insulting	-0.48	2.76
ray	-0.48	2.19
spray	-0.48	1.82
75	-0.48	1.76
tonight	-0.48	1.86
incidents	-0.48	2.08
address	-0.48	3.00
29	-0.48	1.82
until	-0.48	3.07
impression	-0.48	1.74
manziel	-0.48	1.57
equivalent	-0.48	1.70
build	-0.48	2.24
boring	-0.48	2.70
neutral	-0.48	1.97
coast	-0.48	1.75
dumb	-0.47	3.50
threat	-0.47	1.77
smith	-0.47	1.44
parents	-0.47	1.70
slide	-0.47	1.97
whites	-0.47	1.95
cast	-0.47	1.73
laying	-0.47	2.55
performing	-0.47	1.79
bought	-0.47	1.61
sold	-0.46	2.02
managed	-0.46	2.96
intent	-0.46	2.33
immediately	-0.46	3.08
worry	-0.46	2.94
justice	-0.46	2.18
overly	-0.46	2.31
guaranteed	-0.46	2.46
averaged	-0.46	1.84
mostly	-0.46	2.13
uconn	-0.46	1.73
narrow	-0.46	2.23
morons	-0.46	2.20
basket	-0.46	1.92
put	-0.46	3.23
charges	-0.46	2.15
turf	-0.46	1.67
defeat	-0.46	1.60
concrete	-0.45	1.90
buying	-0.45	2.17
maple	-0.45	2.03
debt	-0.45	2.50
slip	-0.45	2.18
pull	-0.45	3.09
last	-0.45	2.87
count	-0.45	2.76
regularly	-0.45	2.38
russian	-0.45	1.59
lack	-0.45	1.64
schilling	-0.45	2.10
alumni	-0.45	1.67
fewer	-0.45	2.41
punished	-0.45	2.20
technique	-0.45	1.65
mainstream	-0.45	1.89
celebrate	-0.45	2.07
next	-0.45	3.32
assault	-0.44	2.08
badly	-0.44	2.12
giving	-0.44	2.72
knee	-0.44	2.25
sunday	-0.44	2.02
peterson	-0.44	2.17
other	-0.44	3.17
values	-0.44	1.60
marketing	-0.44	1.75
dunking	-0.44	1.83
shape	-0.44	1.85
fyi	-0.44	1.67
arrest	-0.44	1.87
bike	-0.44	1.78
slightest	-0.44	2.84
driving	-0.44	1.81
affected	-0.44	2.11
immediate	-0.44	2.04
2008	-0.44	1.81
meh	-0.44	1.73
include	-0.44	2.39
religion	-0.44	1.88
murder	-0.44	2.00
abusive	-0.44	1.76
through	-0.44	2.44
past	-0.44	2.85
reds	-0.44	1.76
flying	-0.44	1.68
montreal	-0.43	2.11
circumstances	-0.43	1.96
toe	-0.43	1.85
games	-0.43	2.47
miller	-0.43	1.26
down	-0.43	3.13
texas	-0.43	1.85
sell	-0.43	1.75
dui	-0.43	1.93
call	-0.43	2.55
involving	-0.43	1.82
two	-0.43	2.83
comparing	-0.43	2.85
justify	-0.43	2.90
tank	-0.43	2.03
rivalries	-0.43	2.12
both	-0.43	3.02
solo	-0.42	2.26
idiotic	-0.42	2.15
age	-0.42	2.11
laid	-0.42	1.89
additionally	-0.42	1.77
depends	-0.42	2.22
downtown	-0.42	1.68
problem	-0.42	4.00
suicide	-0.42	2.02
largest	-0.42	4.29
beats	-0.42	1.99
blake	-0.42	1.56
exact	-0.42	3.13
drafting	-0.42	1.74
innocent	-0.42	2.32
wouldnt	-0.42	3.38
officially	-0.42	2.21
guilt	-0.41	2.40
afterwards	-0.41	1.98
prove	-0.41	2.91
companies	-0.41	1.89
guilty	-0.41	2.38
pete	-0.41	1.61
income	-0.41	1.83
judges	-0.41	2.02
fall	-0.41	2.52
louis	-0.41	1.61
alone	-0.41	3.73
quite	-0.41	3.50
assumptions	-0.41	2.69
support	-0.41	1.97
carolina	-0.41	1.70
judging	-0.41	2.34
things	-0.41	3.94
born	-0.41	1.59
convicted	-0.41	2.13
substance	-0.41	1.97
represents	-0.41	1.71
carried	-0.41	1.97
neck	-0.41	1.90
straight	-0.40	2.29
voice	-0.40	1.72
per	-0.40	2.18
react	-0.40	2.57
included	-0.40	2.35
bigger	-0.40	2.44
jail	-0.40	2.21
bunch	-0.40	2.45
heavily	-0.40	1.83
cut	-0.40	2.96
95	-0.40	1.83
rely	-0.40	1.74
domestic	-0.40	2.08
green	-0.40	1.73
flow	-0.39	1.88
charged	-0.39	2.17
minnesota	-0.39	1.71
terribly	-0.39	2.61
jeff	-0.39	1.58
franchises	-0.39	2.44
inferior	-0.39	1.90
cent	-0.39	1.82
record	-0.39	2.00
retirement	-0.39	2.12
noise	-0.39	1.50
crimes	-0.39	1.99
crabtree	-0.39	1.91
reason	-0.39	4.54
arguing	-0.39	4.83
regard	-0.39	1.70
guns	-0.39	1.89
drug	-0.39	1.94
belong	-0.39	3.22
certain	-0.39	2.89
july	-0.39	2.07
easiest	-0.39	3.83
origin	-0.39	2.14
ruin	-0.39	1.70
0	-0.39	1.93
slave	-0.39	1.84
stayed	-0.39	1.82
fits	-0.38	2.05
angels	-0.38	1.68
committed	-0.38	2.04
contribute	-0.38	2.45
luckily	-0.38	2.21
corporate	-0.38	2.06
postseason	-0.38	2.06
four	-0.38	2.29
significantly	-0.38	2.37
shoes	-0.38	1.74
successfully	-0.38	1.93
causing	-0.38	1.74
amp	-0.38	1.55
heading	-0.38	2.06
seriously	-0.38	4.38
season	-0.38	2.32
schedule	-0.38	1.73
lots	-0.38	2.72
blood	-0.38	1.82
ago	-0.37	2.94
blacks	-0.37	2.04
allow	-0.37	2.68
reached	-0.37	1.97
ourselves	-0.37	2.26
richard	-0.37	1.79
courts	-0.37	2.36
lies	-0.37	2.10
bound	-0.37	2.38
kentucky	-0.37	1.73
wasnt	-0.37	2.64
square	-0.37	1.68
violence	-0.37	2.00
comes	-0.37	2.64
gays	-0.37	2.22
suspension	-0.37	2.11
practically	-0.37	1.88
play	-0.37	3.69
ask	-0.36	4.08
hughes	-0.36	3.39
days	-0.36	2.92
traveling	-0.36	1.91
comfortable	-0.36	1.98
direction	-0.36	2.33
steroids	-0.36	2.25
pressure	-0.36	1.86
feminist	-0.36	2.11
rice	-0.36	2.12
listening	-0.36	2.20
no	-0.36	4.44
proven	-0.36	2.56
opinions	-0.36	2.46
goes	-0.36	2.94
few	-0.36	2.56
contract	-0.36	1.97
explains	-0.36	2.02
responding	-0.36	4.57
from	-0.36	3.32
between	-0.36	2.09
outrage	-0.36	1.94
wasting	-0.36	2.23
billion	-0.36	2.13
later	-0.36	2.99
financial	-0.36	1.80
eventually	-0.36	2.66
kids	-0.36	2.27
smoke	-0.36	1.83
accidentally	-0.36	2.48
weed	-0.36	1.88
lets	-0.35	2.63
times	-0.35	2.86
oregon	-0.35	1.67
ending	-0.35	1.46
relative	-0.35	1.99
results	-0.35	1.82
months	-0.35	2.95
role	-0.35	1.91
whose	-0.35	1.96
years	-0.35	2.86
strongest	-0.35	4.46
superbowl	-0.35	1.70
suits	-0.35	1.61
encourage	-0.35	2.31
determine	-0.35	2.68
phil	-0.35	3.36
eight	-0.35	2.16
specific	-0.35	2.32
lesson	-0.35	1.77
dutch	-0.35	1.66
whatsoever	-0.35	2.60
primarily	-0.35	1.86
various	-0.35	2.59
development	-0.35	1.90
phelps	-0.35	1.68
still	-0.35	4.71
lay	-0.34	2.57
basic	-0.34	2.00
rings	-0.34	1.56
multiple	-0.34	2.68
pit	-0.34	1.71
arena	-0.34	1.80
spend	-0.34	2.55
criminal	-0.34	2.12
earn	-0.34	2.50
playoffs	-0.34	1.96
hits	-0.34	1.89
expect	-0.34	4.13
ban	-0.34	2.00
generally	-0.34	2.73
court	-0.34	2.46
pattern	-0.34	1.89
quit	-0.34	2.07
sam	-0.34	1.77
over	-0.34	2.81
nature	-0.34	1.71
accounts	-0.34	1.80
gave	-0.34	2.14
collective	-0.34	2.13
alcohol	-0.34	1.93
albeit	-0.33	2.05
tactics	-0.33	1.85
blind	-0.33	1.86
warriors	-0.33	1.74
weeks	-0.33	2.79
resident	-0.33	1.96
air	-0.33	1.97
lewis	-0.33	1.75
bc	-0.33	1.69
theres	-0.33	1.92
analysis	-0.33	1.84
lighter	-0.33	2.35
similarly	-0.33	2.24
trademark	-0.33	1.91
studies	-0.33	1.75
week	-0.33	2.70
million	-0.33	2.32
streak	-0.33	1.91
ripped	-0.33	1.79
defined	-0.33	1.96
chip	-0.33	1.59
experienced	-0.33	1.95
deciding	-0.33	2.38
risks	-0.33	2.22
three	-0.33	2.49
eliminated	-0.33	1.89
choose	-0.32	2.86
throughout	-0.32	2.00
treated	-0.32	2.12
weak	-0.32	1.71
given	-0.32	2.90
worth	-0.32	2.50
project	-0.32	2.33
arguments	-0.32	2.92
certainly	-0.32	4.07
dollar	-0.32	2.15
boat	-0.32	2.17
drivers	-0.32	1.79
circlejerk	-0.32	1.61
hold	-0.32	2.77
cheaper	-0.32	2.11
family	-0.32	2.00
smaller	-0.32	2.40
unable	-0.32	3.10
commit	-0.32	1.95
scenario	-0.32	2.70
cars	-0.32	1.84
accused	-0.32	2.17
ot	-0.32	2.04
regarding	-0.31	1.90
failed	-0.31	1.78
adds	-0.31	1.72
nearly	-0.31	2.39
fool	-0.31	1.87
compare	-0.31	3.40
big	-0.31	2.39
also	-0.31	4.67
washington	-0.31	1.92
opinion	-0.31	3.38
describe	-0.31	2.36
history	-0.31	4.17
authority	-0.31	1.88
sore	-0.31	1.84
try	-0.31	3.54
slower	-0.31	2.40
commonly	-0.31	2.53
after	-0.31	3.01
nascar	-0.31	1.80
definitely	-0.31	4.73
complaining	-0.31	2.75
loving	-0.31	1.64
etc	-0.31	1.60
jerseys	-0.31	1.68
ft	-0.31	2.06
tests	-0.31	1.99
bull	-0.31	1.74
speaks	-0.31	1.82
eligible	-0.31	2.41
driven	-0.30	2.05
universe	-0.30	2.06
friday	-0.30	1.98
heavier	-0.30	2.44
involves	-0.30	2.18
furthermore	-0.30	1.94
mvp	-0.30	1.56
3-4	-0.30	2.59
drops	-0.30	1.84
determined	-0.30	2.14
ump	-0.30	1.90
army	-0.30	1.69
decline	-0.30	2.39
empty	-0.30	2.12
championships	-0.30	2.03
steve	-0.30	1.59
meant	-0.30	5.04
situations	-0.30	2.22
gon	-0.30	4.22
agency	-0.30	1.78
tebow	-0.30	1.80
row	-0.30	2.33
others	-0.30	3.05
north	-0.30	1.77
rate	-0.30	2.12
stepped	-0.29	2.42
side	-0.29	2.64
regards	-0.29	1.96
head	-0.29	2.06
camp	-0.29	1.93
ladies	-0.29	1.92
counter	-0.29	2.33
gravity	-0.29	2.22
ignoring	-0.29	2.56
wealthy	-0.29	1.66
ap	-0.29	2.12
pointing	-0.29	3.00
spectators	-0.29	2.27
danger	-0.29	1.90
longer	-0.29	2.62
gear	-0.29	1.79
bowls	-0.29	1.89
particular	-0.29	2.28
total	-0.28	2.13
countless	-0.28	2.39
around	-0.28	2.91
larger	-0.28	2.40
bullshit	-0.28	2.20
defence	-0.28	1.75
weaker	-0.28	2.26
experiences	-0.28	2.13
sochi	-0.28	1.78
ra	-0.28	1.98
dig	-0.28	2.19
la	-0.28	1.63
shaq	-0.28	1.35
belief	-0.28	2.62
faith	-0.28	2.01
accepted	-0.28	2.31
path	-0.28	1.95
feelings	-0.28	1.99
six	-0.28	2.25
discussing	-0.28	2.65
global	-0.28	1.90
bone	-0.28	1.86
year	-0.28	2.58
importance	-0.28	2.57
stronger	-0.28	2.33
grew	-0.27	1.53
couple	-0.27	2.55
morning	-0.27	1.96
saturday	-0.27	2.01
disadvantage	-0.27	2.18
east	-0.27	1.88
fc	-0.27	1.80
run	-0.27	2.65
turned	-0.27	2.60
mayweather	-0.27	2.19
alabama	-0.27	1.86
another	-0.27	2.95
reporting	-0.27	2.11
every	-0.27	2.98
types	-0.27	2.47
attacks	-0.27	1.79
embarrassing	-0.27	2.80
jersey	-0.27	1.75
2-3	-0.27	2.51
fix	-0.27	2.74
max	-0.27	1.90
retard	-0.27	2.29
whoever	-0.27	2.04
towards	-0.27	2.23
acted	-0.27	1.96
99	-0.27	1.80
main	-0.27	2.49
rape	-0.27	2.05
allows	-0.26	2.24
actively	-0.26	2.41
sexual	-0.26	2.02
forget	-0.26	3.13
tackle	-0.26	1.93
final	-0.26	2.09
regional	-0.26	1.84
seven	-0.26	2.28
billions	-0.26	2.44
provide	-0.26	2.08
cricket	-0.26	1.97
bus	-0.26	1.77
jon	-0.26	1.64
friends	-0.26	1.96
gentleman	-0.26	1.63
five	-0.26	2.38
low	-0.26	1.86
wnba	-0.26	1.96
torn	-0.26	1.78
marijuana	-0.26	1.81
initial	-0.26	2.11
dominance	-0.26	1.83
district	-0.26	2.23
snapped	-0.26	2.39
unusual	-0.26	3.37
previously	-0.26	2.31
dives	-0.26	2.03
west	-0.25	1.78
bucks	-0.25	2.27
appearances	-0.25	1.85
wrap	-0.25	1.90
relationship	-0.25	1.76
largely	-0.25	1.89
faster	-0.25	2.36
carter	-0.25	1.84
hundred	-0.25	2.33
band	-0.25	1.69
track	-0.25	1.87
bama	-0.25	1.79
seasons	-0.25	2.41
18	-0.25	2.15
pm	-0.25	2.09
dribble	-0.25	2.04
plastic	-0.25	1.72
clutch	-0.25	1.84
produced	-0.25	1.46
stress	-0.25	1.94
ten	-0.25	2.37
toilet	-0.25	2.47
11	-0.25	2.21
provides	-0.25	1.64
2010	-0.24	2.00
ties	-0.24	1.88
lifting	-0.24	2.00
won	-0.24	1.89
fed	-0.24	2.78
look	-0.24	4.14
into	-0.24	2.76
circle	-0.24	1.88
bring	-0.24	3.27
colors	-0.24	1.81
honestly	-0.24	4.57
minds	-0.24	2.38
leading	-0.24	1.76
month	-0.24	2.70
futbol	-0.24	1.88
2	-0.24	2.36
14	-0.24	2.14
test	-0.24	1.87
lie	-0.24	2.38
16	-0.24	2.11
unsportsmanlike	-0.24	1.96
theirs	-0.24	2.24
speak	-0.24	2.69
flat	-0.24	1.97
played	-0.24	2.91
society	-0.24	1.95
white	-0.24	2.21
tons	-0.24	2.54
called	-0.24	2.43
ignorance	-0.24	1.86
appear	-0.24	2.20
stay	-0.24	2.38
attacked	-0.24	2.22
taller	-0.24	2.40
frank	-0.23	1.62
drafted	-0.23	2.05
purple	-0.23	1.80
tricks	-0.23	2.34
feels	-0.23	1.95
dollars	-0.23	2.33
blatantly	-0.23	2.38
3	-0.23	2.39
champ	-0.23	2.06
blows	-0.23	1.98
traffic	-0.23	1.80
otherwise	-0.23	3.59
michael	-0.23	1.49
opened	-0.23	1.87
2006	-0.23	1.99
based	-0.23	2.35
exceptions	-0.23	2.04
county	-0.23	1.79
tap	-0.23	1.99
calling	-0.23	2.81
graduated	-0.23	2.08
random	-0.23	2.66
legacy	-0.23	2.36
product	-0.23	1.80
mouth	-0.23	1.91
condition	-0.22	1.66
23	-0.22	2.01
attempt	-0.22	1.97
ignorant	-0.22	2.77
theory	-0.22	2.25
ignore	-0.22	2.69
tomorrow	-0.22	2.48
22	-0.22	2.02
away	-0.22	2.85
connection	-0.22	2.72
italian	-0.22	1.87
notre	-0.22	1.85
selection	-0.22	1.84
fairly	-0.22	2.36
tiger	-0.22	2.14
helmets	-0.22	1.80
fell	-0.22	2.21
spirit	-0.22	1.61
gentlemen	-0.22	1.69
reports	-0.22	1.96
13	-0.22	2.09
park	-0.22	1.74
26	-0.22	1.87
stadiums	-0.22	1.99
sea	-0.22	1.66
jack	-0.22	1.50
practicing	-0.22	2.43
old	-0.22	2.50
knock	-0.22	2.33
anytime	-0.22	2.49
pace	-0.22	1.89
sit	-0.22	2.52
fails	-0.22	1.97
window	-0.22	1.98
gets	-0.22	2.92
protecting	-0.22	2.08
boss	-0.22	2.09
knocked	-0.21	2.31
out	-0.21	3.02
strictly	-0.21	2.18
reputation	-0.21	1.70
enough	-0.21	3.87
pays	-0.21	3.38
instance	-0.21	1.97
baltimore	-0.21	1.76
biggest	-0.21	4.29
gained	-0.21	1.94
policy	-0.21	2.12
ghana	-0.21	2.16
interview	-0.21	2.01
iverson	-0.21	1.32
married	-0.21	2.12
swimming	-0.21	1.99
grip	-0.21	1.81
jones	-0.21	1.39
land	-0.21	1.89
admittedly	-0.21	2.57
helped	-0.21	2.40
limit	-0.21	1.88
dayton	-0.21	2.01
chin	-0.21	1.87
8	-0.21	2.32
indians	-0.21	1.91
stars	-0.21	1.94
zero	-0.21	3.12
ran	-0.21	2.24
rage	-0.21	1.63
25	-0.21	1.94
streets	-0.20	1.73
set	-0.20	2.36
martin	-0.20	1.80
military	-0.20	1.80
weekend	-0.20	2.09
rodgers	-0.20	1.83
waiting	-0.20	2.82
manner	-0.20	1.88
charity	-0.20	1.90
10	-0.20	2.30
uniforms	-0.20	1.74
usually	-0.20	3.54
f	-0.20	1.71
individuals	-0.20	2.08
federal	-0.20	2.04
coaches	-0.20	2.14
own	-0.20	2.11
within	-0.20	2.66
standing	-0.20	2.75
floor	-0.20	2.48
comedy	-0.20	1.49
triple	-0.20	1.89
wrestle	-0.20	2.05
issues	-0.19	2.20
12	-0.19	2.16
2012	-0.19	1.92
rates	-0.19	2.08
held	-0.19	2.17
bowling	-0.19	1.84
repeat	-0.19	1.96
southern	-0.19	1.85
barry	-0.19	1.73
understood	-0.19	2.81
everyday	-0.19	2.05
qatar	-0.19	1.93
5	-0.19	2.34
racing	-0.19	1.95
while	-0.19	3.03
2005	-0.19	1.95
looking	-0.19	4.50
stopping	-0.19	2.17
march	-0.19	2.02
day	-0.19	2.96
contest	-0.19	1.73
carry	-0.19	2.38
corruption	-0.19	1.85
shoulder	-0.19	1.97
discuss	-0.19	2.68
london	-0.19	1.85
subjective	-0.19	2.63
gun	-0.19	1.92
rid	-0.19	2.06
simmons	-0.19	2.11
responsibility	-0.19	1.89
price	-0.18	1.83
9	-0.18	2.30
comparison	-0.18	2.95
losses	-0.18	2.02
faced	-0.18	1.95
repeatedly	-0.18	2.35
barely	-0.18	2.64
possibility	-0.18	2.23
figures	-0.18	2.06
scored	-0.18	2.12
essentially	-0.18	2.27
areas	-0.18	1.72
offended	-0.18	2.33
holes	-0.18	2.07
races	-0.18	1.98
17	-0.18	2.09
denied	-0.18	2.18
ideal	-0.18	2.07
controlled	-0.18	1.83
step	-0.18	2.38
tragedy	-0.18	3.27
trip	-0.18	1.78
perception	-0.18	2.25
shorter	-0.18	2.33
ends	-0.18	2.18
skates	-0.18	1.92
hours	-0.18	2.65
abused	-0.18	1.96
resulting	-0.18	1.99
black	-0.18	2.16
without	-0.17	2.16
favorites	-0.17	1.83
deliberately	-0.17	2.76
stood	-0.17	2.35
gas	-0.17	2.07
6	-0.17	2.31
germany	-0.17	1.95
selling	-0.17	1.95
christian	-0.17	1.85
whatever	-0.17	3.92
subtle	-0.17	1.43
includes	-0.17	1.97
hype	-0.17	1.64
slapped	-0.17	2.50
vancouver	-0.17	1.77
public	-0.17	1.93
2011	-0.17	1.98
numbers	-0.17	2.22
law	-0.17	2.17
wondered	-0.17	2.71
learning	-0.17	2.01
and/or	-0.17	1.83
punched	-0.17	2.45
everywhere	-0.17	1.76
political	-0.17	1.96
penalized	-0.17	2.29
connected	-0.17	2.01
arrested	-0.17	2.02
banned	-0.17	2.39
till	-0.17	2.26
manage	-0.17	2.81
careers	-0.17	2.11
federer	-0.17	1.58
mike	-0.17	1.45
russell	-0.17	1.75
mix	-0.16	1.57
tickets	-0.16	1.84
population	-0.16	2.49
pants	-0.16	1.73
7	-0.16	2.27
machine	-0.16	1.56
welcome	-0.16	1.81
lifetime	-0.16	2.24
winning	-0.16	1.94
styles	-0.16	2.09
elbow	-0.16	2.14
fact	-0.16	4.46
wilson	-0.16	1.63
student	-0.16	2.25
busted	-0.16	2.07
blown	-0.16	1.93
flight	-0.16	1.74
defend	-0.16	2.85
maximum	-0.16	2.20
mate	-0.16	2.92
cops	-0.16	2.19
considered	-0.16	2.19
makes	-0.16	3.02
yesterday	-0.16	2.26
monday	-0.16	1.98
bust	-0.16	1.68
pink	-0.15	1.76
deserved	-0.15	2.30
strip	-0.15	1.70
faking	-0.15	2.01
broadcasting	-0.15	1.77
90s	-0.15	1.65
legit	-0.15	2.07
belongs	-0.15	2.10
cases	-0.15	2.19
party	-0.15	1.74
face	-0.15	2.57
further	-0.15	2.71
woods	-0.15	1.76
desire	-0.15	2.16
48	-0.15	2.08
overtime	-0.15	2.08
vegas	-0.15	1.85
reality	-0.15	2.91
riot	-0.14	2.12
fill	-0.14	2.10
walk	-0.14	2.63
ruled	-0.14	2.18
difficulty	-0.14	2.35
dugout	-0.14	1.88
columbus	-0.14	1.61
turnover	-0.14	1.88
rose	-0.14	1.55
2002	-0.14	1.98
chance	-0.14	3.52
assumption	-0.14	3.33
plain	-0.14	2.72
burning	-0.14	1.60
tiny	-0.14	2.37
afford	-0.14	2.44
buy	-0.14	1.85
ticket	-0.14	2.03
spring	-0.14	2.05
rip	-0.14	3.25
appears	-0.14	1.97
gives	-0.14	2.18
venues	-0.14	1.92
jackson	-0.14	1.48
sometime	-0.14	2.35
pretending	-0.14	2.75
benefits	-0.14	2.12
qualified	-0.14	2.65
underdog	-0.14	1.55
brown	-0.14	1.72
started	-0.14	2.94
qualify	-0.14	2.43
media	-0.13	1.90
150	-0.13	2.18
contracts	-0.13	2.04
score	-0.13	2.21
color	-0.13	1.84
takes	-0.13	2.61
character	-0.13	1.83
practice	-0.13	2.40
business	-0.13	2.12
skin	-0.13	2.07
walking	-0.13	2.33
hope	-0.13	3.86
nowadays	-0.13	1.68
informed	-0.13	2.33
wife	-0.13	2.29
store	-0.13	1.77
mother	-0.13	1.53
greater	-0.13	2.21
hour	-0.13	2.67
consideration	-0.13	2.50
capacity	-0.13	2.16
ie	-0.13	1.82
wear	-0.13	1.77
tracks	-0.13	1.83
ready	-0.13	3.39
trouble	-0.13	2.53
climbing	-0.13	2.42
cultures	-0.13	2.14
here	-0.13	4.28
prevent	-0.13	2.06
jaw	-0.13	2.07
transfer	-0.13	1.84
los	-0.13	1.57
office	-0.13	2.00
employee	-0.13	1.88
objective	-0.13	2.54
recruiting	-0.13	1.94
spending	-0.13	2.21
slightly	-0.13	2.39
usa	-0.13	1.94
cabrera	-0.13	1.81
pushed	-0.13	2.51
eastern	-0.13	1.80
ioc	-0.13	1.80
spit	-0.12	2.40
fines	-0.12	2.19
viewers	-0.12	1.63
sometimes	-0.12	3.31
wayne	-0.12	1.87
subject	-0.12	2.49
pizza	-0.12	1.49
ear	-0.12	1.71
unconscious	-0.12	2.37
normally	-0.12	2.90
shirts	-0.12	1.76
hell	-0.12	3.92
move	-0.12	2.85
umpires	-0.12	2.13
panda	-0.12	1.72
mlb	-0.12	2.49
breaks	-0.12	2.20
involve	-0.12	2.25
wage	-0.12	2.11
reward	-0.12	1.70
increasing	-0.12	2.31
hit	-0.12	2.41
unique	-0.12	2.34
20	-0.12	2.20
brady	-0.12	1.75
openly	-0.12	2.25
teammates	-0.12	2.06
arguably	-0.12	4.17
nose	-0.12	1.96
implies	-0.12	2.51
americans	-0.12	2.22
healthy	-0.12	2.02
pads	-0.12	1.82
nation	-0.12	3.05
though	-0.12	4.58
degrees	-0.12	2.06
wilt	-0.12	1.56
teacher	-0.12	2.05
shirt	-0.12	1.92
attendance	-0.12	2.23
identify	-0.12	1.88
younger	-0.12	2.14
majority	-0.11	2.28
redskins	-0.11	2.11
works	-0.11	2.88
surface	-0.11	2.02
200	-0.11	2.01
logo	-0.11	2.03
wearing	-0.11	1.76
date	-0.11	2.10
time	-0.11	3.64
leg	-0.11	2.02
indian	-0.11	2.02
ego	-0.11	1.64
40	-0.11	2.18
cock	-0.11	1.94
stadium	-0.11	1.87
got	-0.11	3.69
cost	-0.11	2.13
lands	-0.11	1.98
ugh	-0.11	2.74
pacquiao	-0.11	2.15
earlier	-0.11	2.96
laws	-0.11	1.86
instantly	-0.11	2.17
germans	-0.11	1.87
steps	-0.11	2.45
mountain	-0.11	1.84
94	-0.11	1.89
locked	-0.11	2.62
kobe	-0.11	1.22
formation	-0.11	2.25
toward	-0.11	2.19
pair	-0.11	1.84
50	-0.11	2.15
tends	-0.11	2.17
costa	-0.11	1.95
consensus	-0.10	1.99
refuse	-0.10	2.90
harm	-0.10	2.05
somehow	-0.10	2.05
stereotype	-0.10	2.19
graphic	-0.10	1.99
shoved	-0.10	2.16
drawing	-0.10	2.18
number	-0.10	2.21
cups	-0.10	1.94
announced	-0.10	2.33
send	-0.10	2.61
suit	-0.10	1.78
f1	-0.10	1.84
despite	-0.10	2.12
seats	-0.10	1.98
gordon	-0.10	1.64
bounced	-0.10	2.19
push	-0.10	2.69
infrastructure	-0.10	1.98
refs	-0.10	2.06
braves	-0.10	1.60
description	-0.10	1.83
assaulted	-0.10	2.11
physics	-0.09	2.39
examples	-0.09	2.57
corner	-0.09	2.22
measure	-0.09	2.33
water	-0.09	1.88
coached	-0.09	1.75
emotions	-0.09	1.92
onto	-0.09	2.50
c	-0.09	1.62
allegedly	-0.09	2.30
wheel	-0.09	1.97
pay	-0.09	2.23
lines	-0.09	2.38
rounds	-0.09	2.30
courses	-0.09	2.40
pain	-0.09	1.66
mile	-0.09	2.25
reaching	-0.09	2.39
folks	-0.09	1.90
males	-0.09	2.24
vast	-0.09	1.99
championship	-0.09	1.91
embarrassed	-0.09	2.20
winners	-0.09	1.89
playing	-0.09	3.74
offered	-0.09	1.99
statistically	-0.09	2.31
house	-0.08	1.77
2015	-0.08	2.04
skip	-0.08	1.67
gold	-0.08	1.95
prison	-0.08	2.00
cherry	-0.08	1.84
jameis	-0.08	2.30
provided	-0.08	2.10
sensitive	-0.08	2.25
roughly	-0.08	2.09
drag	-0.08	1.96
fame	-0.08	1.93
conference	-0.08	1.96
cities	-0.08	1.97
argument	-0.08	3.99
iirc	-0.08	1.82
boost	-0.08	2.07
taxes	-0.08	2.07
view	-0.08	3.06
rg3	-0.08	1.88
king	-0.08	1.63
city	-0.08	1.76
ruining	-0.08	1.52
half	-0.08	2.92
gym	-0.08	2.02
boycott	-0.08	1.99
french	-0.08	1.89
paying	-0.08	2.20
knocking	-0.07	2.29
shove	-0.07	2.15
cover	-0.07	2.42
cents	-0.07	2.36
her	-0.07	2.47
large	-0.07	2.45
beers	-0.07	2.06
iron	-0.07	1.78
snooker	-0.07	2.30
graduate	-0.07	2.21
double	-0.07	2.22
tired	-0.07	2.32
negative	-0.07	1.98
element	-0.07	2.04
safely	-0.07	2.26
developing	-0.07	2.07
china	-0.07	1.83
higher	-0.07	2.42
pulls	-0.07	2.28
switch	-0.07	1.99
recognition	-0.07	2.01
cuban	-0.07	2.16
putting	-0.07	2.85
recognize	-0.06	3.41
journalism	-0.06	1.66
radio	-0.06	1.88
winner	-0.06	1.92
bolt	-0.06	1.90
60	-0.06	2.10
equally	-0.06	2.12
code	-0.06	1.97
na	-0.06	3.83
500	-0.06	2.16
batsman	-0.06	1.82
punching	-0.06	2.24
foot	-0.06	2.23
europeans	-0.06	2.16
diving	-0.06	2.20
town	-0.06	1.95
design	-0.06	1.84
throat	-0.06	1.90
moving	-0.06	2.68
ton	-0.06	2.60
minority	-0.06	2.25
importantly	-0.06	1.70
shake	-0.06	2.07
disagree	-0.06	4.86
points	-0.06	2.38
blew	-0.06	2.07
blue	-0.06	1.95
100	-0.06	2.10
bars	-0.06	1.67
chest	-0.06	2.03
bodies	-0.06	2.07
drinking	-0.06	1.91
april	-0.06	2.21
williams	-0.05	1.46
pulling	-0.05	2.04
bracket	-0.05	1.97
reasons	-0.05	2.69
timeout	-0.05	2.09
wales	-0.05	1.90
least	-0.05	4.14
waste	-0.05	1.74
portugal	-0.05	2.02
bonds	-0.05	1.83
door	-0.05	2.10
maintain	-0.05	2.08
nolan	-0.05	1.64
statistics	-0.05	2.28
partner	-0.05	2.01
mentality	-0.05	2.09
salt	-0.05	1.79
habs	-0.05	3.33
news	-0.05	1.99
n	-0.05	1.56
2007	-0.05	2.00
extent	-0.05	2.23
sort	-0.05	2.65
division	-0.05	2.07
accepting	-0.05	2.44
bench	-0.05	2.07
clock	-0.05	2.44
insurance	-0.05	1.89
fully	-0.05	2.65
fellow	-0.05	2.07
clowney	-0.05	1.82
sized	-0.05	1.85
name	-0.04	2.20
instances	-0.04	2.69
halftime	-0.04	1.71
r	-0.04	1.77
indoor	-0.04	1.93
currently	-0.04	2.31
80	-0.04	2.07
gambling	-0.04	1.80
organizations	-0.04	2.27
facilities	-0.04	1.93
olds	-0.04	2.40
language	-0.04	1.88
2013	-0.04	1.99
monster	-0.04	1.75
campus	-0.04	1.99
55	-0.04	1.99
translate	-0.04	2.36
production	-0.04	1.95
paint	-0.04	1.83
<URL>	-0.04	1.74
<SPECIAL>	-0.04	1.74
pole	-0.04	2.12
fouls	-0.04	2.13
derby	-0.04	2.02
medals	-0.04	1.87
wise	-0.04	1.77
cycle	-0.04	2.04
closer	-0.04	2.25
standard	-0.04	2.34
paper	-0.04	2.08
opportunities	-0.04	2.01
24	-0.04	2.03
hawks	-0.04	1.78
expected	-0.04	2.81
dedicated	-0.04	1.75
she	-0.04	2.47
plane	-0.04	2.04
ankle	-0.04	2.01
snow	-0.04	1.71
inherently	-0.03	2.32
15	-0.03	2.19
acl	-0.03	1.53
improve	-0.03	2.27
necessarily	-0.03	2.93
depth	-0.03	1.93
assumed	-0.03	2.35
undefeated	-0.03	2.30
fist	-0.03	2.22
merchandise	-0.03	1.88
future	-0.03	2.26
press	-0.03	2.01
drive	-0.03	1.86
association	-0.03	2.02
draw	-0.03	2.13
seconds	-0.03	2.84
finger	-0.03	2.00
ryan	-0.03	1.64
reminded	-0.03	1.73
recent	-0.03	2.34
buffalo	-0.03	1.69
brett	-0.03	1.86
profits	-0.03	1.96
knockout	-0.03	2.00
treat	-0.03	2.15
packed	-0.03	1.57
rant	-0.03	2.14
jordan	-0.03	1.30
seat	-0.03	2.02
profitable	-0.03	1.91
attempting	-0.03	2.63
ideas	-0.02	2.87
skate	-0.02	2.34
medal	-0.02	1.90
hosting	-0.02	2.30
4	-0.02	2.26
wat	-0.02	2.01
recall	-0.02	2.77
secret	-0.02	2.29
massive	-0.02	2.22
controversy	-0.02	1.90
technology	-0.02	2.11
attend	-0.02	2.06
padding	-0.02	1.80
police	-0.02	2.00
average	-0.02	2.35
exists	-0.02	2.16
associated	-0.02	2.03
sales	-0.02	1.90
protection	-0.02	1.97
2000	-0.02	1.95
cutting	-0.02	1.90
bid	-0.02	2.01
equal	-0.02	1.81
striking	-0.02	2.14
intentional	-0.02	2.54
tougher	-0.02	1.94
images	-0.02	2.23
constant	-0.02	1.88
views	-0.02	2.29
originally	-0.02	2.77
yellow	-0.02	1.97
resources	-0.01	2.10
scale	-0.01	2.11
coffee	-0.01	1.90
unnecessary	-0.01	2.30
sitting	-0.01	2.21
murica	-0.01	1.86
tech	-0.01	1.69
redskin	-0.01	2.39
silver	-0.01	1.63
struck	-0.01	1.95
respective	-0.01	2.40
duck	-0.01	1.71
together	-0.01	2.92
african	-0.01	1.73
cup	-0.01	2.07
prices	-0.01	1.83
south	-0.01	1.86
process	-0.01	2.11
argentina	-0.01	1.87
native	-0.01	2.15
weather	-0.01	1.71
specifically	-0.01	2.38
responded	-0.01	3.17
markets	-0.00	2.00
stops	-0.00	2.39
writer	-0.00	2.20
late	-0.00	2.32
harder	-0.00	2.39
professor	-0.00	1.71
handling	-0.00	2.17
hitting	-0.00	2.26
including	-0.00	2.34
faces	-0.00	1.77
u.s	-0.00	2.19
issue	-0.00	3.20
cal	-0.00	1.65
k	-0.00	1.76
rock	-0.00	1.81
necessary	-0.00	2.61
pound	-0.00	2.42
options	-0.00	2.30
chief	-0.00	1.99
holds	0.00	2.03
participation	0.00	2.08
excitement	0.00	1.54
100m	0.00	2.14
lawyer	0.00	2.20
game	0.00	2.88
1999	0.00	1.95
elevator	0.00	2.47
tax	0.00	2.07
35	0.00	2.02
jason	0.00	1.69
costs	0.01	2.10
struggling	0.01	2.64
1000	0.01	2.04
race	0.01	1.83
especially	0.01	2.61
replace	0.01	1.79
opportunity	0.01	3.03
minimum	0.01	2.38
named	0.01	2.01
northern	0.01	1.87
capable	0.01	2.21
nhl	0.01	2.17
rival	0.01	2.10
legitimate	0.01	2.20
zealand	0.01	1.86
failing	0.01	1.73
peak	0.01	1.94
crack	0.01	1.61
gt	0.01	3.49
e	0.01	1.64
sf	0.01	1.21
interests	0.01	1.47
cfl	0.01	2.30
nine	0.01	2.39
doctors	0.01	1.62
cant	0.01	3.57
inches	0.01	2.31
losers	0.01	2.03
remove	0.02	2.47
tied	0.02	2.20
room	0.02	2.19
wonder	0.02	3.34
messi	0.02	1.97
brazil	0.02	1.97
shoulders	0.02	2.05
viewership	0.02	2.04
dominate	0.02	1.78
gretzky	0.02	1.85
polo	0.02	1.87
destroyed	0.02	1.98
minutes	0.02	2.67
instead	0.02	2.92
released	0.02	2.13
confirmed	0.02	1.77
combine	0.02	2.05
retired	0.02	1.96
teachers	0.02	2.09
divisions	0.02	2.35
percentage	0.02	2.19
asses	0.02	2.24
warm	0.03	1.80
end	0.03	2.74
resume	0.03	2.11
canadians	0.03	1.95
hook	0.03	2.12
control	0.03	1.78
organized	0.03	2.48
partially	0.03	2.33
helping	0.03	2.11
action	0.03	2.25
realized	0.03	2.46
leader	0.03	1.70
names	0.03	2.38
28	0.03	1.92
release	0.03	2.09
joy	0.03	2.39
succeed	0.03	2.06
deals	0.03	1.94
aspect	0.03	1.95
korea	0.03	1.95
asian	0.03	2.06
draft	0.03	2.06
frankly	0.03	2.51
feet	0.03	2.27
90	0.03	2.11
2018	0.03	2.07
ended	0.03	2.30
roster	0.03	1.96
pussy	0.03	1.78
pot	0.03	1.82
report	0.03	2.14
huge	0.03	2.41
aaron	0.03	1.79
presence	0.04	2.01
focusing	0.04	2.43
peoples	0.04	1.96
first	0.04	3.43
designed	0.04	2.63
america	0.04	2.24
purely	0.04	2.20
ages	0.04	2.10
odds	0.04	2.20
randy	0.04	1.36
appearance	0.04	1.67
women	0.04	2.18
cheer	0.04	3.26
significant	0.04	2.20
whole	0.04	2.96
wrist	0.04	2.03
bottle	0.04	1.79
anyways	0.04	1.86
netherlands	0.04	1.91
unc	0.04	2.03
kd	0.04	1.38
400	0.04	2.05
events	0.04	2.24
progress	0.04	2.22
us	0.04	2.65
warning	0.04	1.92
metal	0.04	1.89
pop	0.04	2.02
adam	0.04	1.42
drink	0.04	1.85
modern	0.04	1.87
scheme	0.04	2.20
planet	0.04	3.79
outside	0.04	2.47
tackles	0.04	1.92
primary	0.04	2.13
arent	0.04	2.45
violation	0.04	2.24
africa	0.04	1.93
raised	0.04	1.44
percent	0.04	2.38
natural	0.05	1.73
sponsors	0.05	1.85
cash	0.05	2.26
fired	0.05	2.02
russia	0.05	2.03
bell	0.05	1.74
reporter	0.05	2.26
fight	0.05	2.27
limited	0.05	2.13
legal	0.05	2.26
italy	0.05	1.92
standards	0.05	1.99
falling	0.05	2.13
dad	0.05	1.87
kept	0.05	2.48
2022	0.05	2.05
recognized	0.05	2.28
skiing	0.05	2.02
corrupt	0.05	1.88
definition	0.05	2.62
ground	0.05	2.50
therefore	0.05	2.40
create	0.05	2.24
ratio	0.05	2.05
lift	0.05	2.14
reporters	0.05	2.33
irish	0.05	1.92
dive	0.06	2.01
note	0.06	1.97
summer	0.06	2.19
shit	0.06	2.89
rushing	0.06	1.94
hall	0.06	1.90
forms	0.06	2.09
bonus	0.06	1.99
45	0.06	2.18
become	0.06	2.43
western	0.06	1.89
japan	0.06	1.94
elsewhere	0.06	2.26
flair	0.06	1.87
sweden	0.06	1.96
food	0.06	1.73
sliding	0.06	2.04
meaning	0.06	2.64
pushing	0.06	2.47
favre	0.06	1.85
ko	0.06	2.08
picks	0.06	2.19
speaking	0.06	2.38
australian	0.06	1.81
30	0.07	2.13
brought	0.07	2.34
performed	0.07	2.33
oil	0.07	2.36
husband	0.07	2.13
slap	0.07	2.28
grow	0.07	2.22
india	0.07	1.86
initially	0.07	2.72
similar	0.07	2.86
fence	0.07	2.17
ones	0.07	3.11
during	0.07	2.36
signs	0.07	1.97
world	0.07	2.18
books	0.07	1.94
secondly	0.07	2.06
snap	0.07	2.31
opponents	0.07	2.13
growth	0.07	1.84
pointless	0.07	2.59
expectations	0.07	1.91
class	0.07	2.20
jokes	0.07	1.79
stat	0.07	2.68
sexist	0.07	2.70
guessing	0.07	2.76
champion	0.07	1.98
off	0.07	2.80
foul	0.07	2.19
fucks	0.07	2.13
aim	0.07	1.88
states	0.08	1.97
protect	0.08	2.11
homophobic	0.08	2.61
finally	0.08	2.63
stands	0.08	2.06
glass	0.08	1.85
government	0.08	2.02
70	0.08	2.09
starter	0.08	2.15
bush	0.08	1.66
generate	0.08	2.06
viewed	0.08	1.70
fouled	0.08	2.05
punches	0.08	2.01
fine	0.08	4.22
demand	0.08	2.02
bathroom	0.08	1.80
host	0.08	2.10
continuing	0.08	2.24
silly	0.08	2.50
insert	0.08	1.75
method	0.08	2.12
casual	0.08	1.84
reach	0.08	2.22
england	0.08	1.89
model	0.08	1.69
science	0.08	1.99
regular	0.08	1.97
gain	0.08	2.27
beer	0.08	1.86
olympic	0.08	2.01
fifa	0.08	2.03
participate	0.09	2.05
wc	0.09	2.08
1	0.09	2.49
olympics	0.09	2.03
built	0.09	1.90
group	0.09	2.16
eli	0.09	1.78
officials	0.09	2.00
factors	0.09	2.37
rooms	0.09	1.71
walked	0.09	2.33
offer	0.09	1.91
unfortunately	0.09	2.08
trend	0.09	2.24
300	0.09	2.13
long	0.09	3.55
adding	0.09	2.07
33	0.09	1.96
example	0.09	3.29
vision	0.09	1.90
german	0.09	1.95
sprint	0.09	1.97
select	0.09	2.13
research	0.09	2.25
ads	0.09	1.88
study	0.09	1.98
carrying	0.09	2.15
winter	0.09	1.97
bar	0.09	1.96
culture	0.09	2.22
pick	0.09	2.42
hero	0.09	1.65
website	0.09	1.98
judo	0.09	1.92
adjust	0.10	2.29
terms	0.10	2.10
portion	0.10	2.32
slight	0.10	2.24
margin	0.10	1.97
review	0.10	2.14
heisman	0.10	1.87
cage	0.10	1.90
severely	0.10	2.47
minute	0.10	2.43
remain	0.10	2.08
cam	0.10	1.94
traditional	0.10	1.94
pack	0.10	1.88
incredibly	0.10	2.48
2001	0.10	1.85
department	0.10	1.83
pounds	0.10	2.22
greatly	0.10	2.20
math	0.10	2.06
centre	0.10	1.90
ankles	0.10	1.94
floyd	0.10	2.18
son	0.10	1.78
leads	0.10	2.01
pat	0.10	1.94
tool	0.10	1.80
very	0.10	2.76
annoyed	0.10	2.76
places	0.10	2.29
breaking	0.10	2.19
english	0.11	2.07
full	0.11	2.39
typically	0.11	2.25
british	0.11	1.95
france	0.11	1.87
becoming	0.11	2.15
written	0.11	2.24
sport	0.11	3.10
stats	0.11	2.25
spanish	0.11	1.94
assists	0.11	1.91
durant	0.11	1.33
racial	0.11	2.20
equipment	0.11	1.88
madden	0.11	1.86
overall	0.11	2.40
organization	0.11	1.63
logical	0.11	2.75
mentally	0.11	2.20
there	0.11	4.21
his	0.11	2.17
rise	0.11	2.06
surprise	0.11	2.01
walks	0.11	2.09
hand	0.11	2.62
lbs	0.11	2.15
secondary	0.11	2.07
combat	0.11	1.86
bounds	0.12	2.53
broad	0.12	2.58
taste	0.12	1.54
eyes	0.12	1.99
refer	0.12	2.43
canada	0.12	1.86
outta	0.12	1.80
occasionally	0.12	2.36
map	0.12	1.93
t	0.12	2.11
investigation	0.12	2.30
advance	0.12	2.12
b	0.12	1.76
sent	0.12	2.23
brothers	0.12	1.84
conclusion	0.12	2.41
physically	0.12	2.36
rolled	0.12	2.01
behind	0.12	2.59
personal	0.12	1.97
zlatan	0.12	1.95
2004	0.12	1.92
ring	0.12	2.05
daughter	0.12	1.91
industry	0.13	1.94
length	0.13	2.08
enter	0.13	2.19
edge	0.13	2.11
benefit	0.13	2.21
serves	0.13	1.96
sister	0.13	2.00
bradley	0.13	1.61
statements	0.13	2.77
mid	0.13	1.91
union	0.13	2.13
members	0.13	1.77
arms	0.13	2.18
sharks	0.13	1.37
rink	0.13	1.93
switched	0.13	2.13
models	0.13	1.84
assistant	0.13	2.08
loose	0.13	1.98
australia	0.13	1.88
formula	0.13	1.89
men	0.13	2.23
kicked	0.14	2.49
spoken	0.14	2.17
wwe	0.14	1.66
strict	0.14	1.91
wiggins	0.14	1.96
segment	0.14	2.14
lap	0.14	1.97
pippen	0.14	1.31
heck	0.14	2.68
nz	0.14	1.91
claim	0.14	3.50
structure	0.14	2.18
playoff	0.14	1.99
train	0.14	2.25
trophy	0.14	1.95
write	0.14	2.59
spent	0.14	2.47
freedom	0.14	2.05
pile	0.14	1.69
highly	0.14	2.08
skating	0.14	2.03
fights	0.14	2.21
drinks	0.14	1.81
jeter	0.14	1.72
bjj	0.14	1.90
runs	0.14	2.02
qualifying	0.14	2.04
era	0.14	2.21
sites	0.14	2.18
potential	0.15	1.97
sample	0.15	2.42
counts	0.15	1.92
ufc	0.15	2.07
brave	0.15	1.63
drawn	0.15	2.76
griffin	0.15	1.69
punch	0.15	2.36
california	0.15	1.73
male	0.15	2.32
john	0.15	1.42
cycling	0.15	1.97
waited	0.15	2.46
arm	0.15	2.04
revenue	0.15	2.03
civil	0.15	2.01
obvious	0.15	2.69
cop	0.15	2.12
speeds	0.15	2.10
middle	0.15	2.44
served	0.15	2.28
tuition	0.15	2.10
whilst	0.16	2.16
via	0.16	1.97
amongst	0.16	2.46
light	0.16	1.89
legends	0.16	1.72
hanging	0.16	1.74
surrounding	0.16	1.76
sums	0.16	1.98
yankee	0.16	1.76
superstars	0.16	1.98
downs	0.16	2.19
wrestlers	0.16	2.21
lb	0.16	2.11
someones	0.16	2.10
gymnastics	0.16	2.11
respect	0.16	3.11
some	0.16	3.54
mascot	0.16	2.11
ejected	0.16	2.55
darts	0.16	2.21
roll	0.16	1.87
web	0.16	1.84
exchange	0.16	1.44
combined	0.17	1.63
raped	0.17	2.24
lesser	0.17	2.18
gridiron	0.17	2.23
near	0.17	2.62
defenseless	0.17	2.21
often	0.17	2.94
nations	0.17	2.08
violent	0.17	2.03
hip	0.17	1.79
intended	0.17	3.09
ride	0.17	2.00
ad	0.17	2.16
suggest	0.17	2.08
hired	0.17	1.91
coach	0.17	2.40
covers	0.17	2.08
flip	0.17	2.09
attack	0.17	2.18
location	0.17	2.05
creates	0.17	1.83
ireland	0.17	1.94
mj	0.17	1.34
latest	0.17	1.94
president	0.17	1.98
tactic	0.17	2.12
250	0.17	2.11
bob	0.17	1.58
touchdowns	0.17	2.00
relatively	0.17	2.30
chasing	0.17	2.09
major	0.17	2.91
access	0.17	2.09
hosted	0.17	2.16
sheer	0.17	2.01
120	0.18	2.13
continued	0.18	2.04
fields	0.18	1.88
swinging	0.18	2.11
speech	0.18	2.10
chair	0.18	1.99
profile	0.18	1.90
extra	0.18	2.43
forth	0.18	2.28
choosing	0.18	2.26
minimal	0.18	1.96
separate	0.18	2.24
uk	0.18	1.99
official	0.18	2.20
clothes	0.18	1.78
pronounced	0.18	2.39
universities	0.18	2.14
belt	0.18	1.81
students	0.18	2.15
espn	0.18	1.82
height	0.18	2.19
paid	0.18	2.41
ref	0.18	2.18
grabbed	0.18	2.01
below	0.18	2.15
attended	0.18	2.31
horses	0.18	2.03
dream	0.18	2.10
spain	0.19	1.92
member	0.19	2.01
dunno	0.19	2.15
each	0.19	2.85
ratings	0.19	1.94
daily	0.19	1.92
achieve	0.19	2.38
wrestled	0.19	2.26
remotely	0.19	3.05
saving	0.19	1.71
networks	0.19	1.93
cancer	0.19	1.78
brian	0.19	1.72
television	0.19	1.86
pitching	0.19	1.93
tournament	0.19	2.18
bit	0.19	3.31
dribbling	0.19	1.98
pointed	0.19	2.88
records	0.19	2.00
words	0.19	2.37
attached	0.19	2.02
mins	0.19	2.47
requirements	0.19	2.22
wrestler	0.19	2.31
defense	0.19	2.19
worthy	0.19	1.68
package	0.19	1.96
naturally	0.19	2.31
previous	0.20	2.19
scoring	0.20	2.21
older	0.20	2.17
range	0.20	2.05
dead	0.20	1.93
positions	0.20	2.40
lt	0.20	2.00
loaded	0.20	2.29
blow	0.20	1.95
ice	0.20	1.89
success	0.20	2.01
beauty	0.20	1.76
afraid	0.20	3.58
system	0.20	2.33
travel	0.20	2.25
offensive	0.20	2.22
sun	0.20	1.98
personally	0.20	3.93
turns	0.20	2.08
center	0.20	2.07
job	0.20	3.30
continues	0.20	2.53
manny	0.20	2.23
changing	0.20	2.36
golf	0.20	2.52
social	0.20	1.95
conduct	0.20	2.11
abilities	0.21	1.73
innings	0.21	2.05
sprinting	0.21	2.25
inch	0.21	2.13
shows	0.21	2.29
winston	0.21	2.00
ashamed	0.21	3.34
dame	0.21	1.89
awarded	0.21	2.14
fighting	0.21	2.27
fit	0.21	2.17
fund	0.21	2.01
countries	0.21	2.24
stuck	0.21	2.01
protected	0.21	2.02
promote	0.21	2.13
celebrating	0.21	1.92
ways	0.21	2.56
option	0.21	2.02
tend	0.21	2.60
johnson	0.21	1.35
began	0.21	2.12
i.e	0.22	1.91
period	0.22	2.65
1-0	0.22	1.96
cheering	0.22	1.62
logic	0.22	3.20
til	0.22	1.97
front	0.22	2.38
grades	0.22	2.09
shown	0.22	2.16
nowhere	0.22	2.37
rookie	0.22	1.85
material	0.22	1.82
o	0.22	1.66
genuine	0.22	1.91
perspective	0.22	2.59
tbh	0.22	2.32
acceptable	0.23	2.13
widely	0.23	1.99
betting	0.23	2.12
anger	0.23	1.80
momentum	0.23	2.09
girlfriend	0.23	2.31
touched	0.23	2.24
cousin	0.23	1.91
cable	0.23	1.94
perform	0.23	1.81
womens	0.23	2.31
their	0.23	2.66
systems	0.23	2.06
itt	0.23	2.37
wan	0.23	3.19
hide	0.23	2.28
outdoor	0.23	2.26
locker	0.23	2.10
question	0.23	4.04
heart	0.23	1.77
raise	0.23	2.05
blues	0.23	1.60
confidence	0.23	1.99
academic	0.23	2.17
tom	0.23	1.69
fuck	0.23	3.00
health	0.23	2.19
attacking	0.23	2.04
blocker	0.24	1.95
classes	0.24	2.02
wore	0.24	1.74
wrote	0.24	2.70
network	0.24	1.91
seeing	0.24	3.43
fashion	0.24	1.85
united	0.24	1.82
evidence	0.24	2.69
batting	0.24	1.93
cringe	0.24	2.79
tim	0.24	2.62
rule	0.24	2.29
boot	0.24	2.04
sc	0.24	1.93
award	0.24	1.96
starters	0.24	2.07
em	0.24	2.15
parking	0.24	1.86
insult	0.24	2.34
bobby	0.25	1.57
hs	0.25	2.32
fighters	0.25	2.20
advanced	0.25	1.88
movies	0.25	1.75
tackled	0.25	2.43
ranked	0.25	2.38
nailed	0.25	1.81
bowl	0.25	1.76
tournaments	0.25	2.18
audience	0.25	2.05
according	0.25	2.13
whats	0.25	2.70
station	0.25	1.90
legitimately	0.25	3.21
show	0.25	1.88
alternative	0.25	2.21
jr	0.26	1.72
fire	0.26	1.88
services	0.26	1.93
touching	0.26	2.26
x	0.26	2.02
screaming	0.26	1.94
meanwhile	0.26	1.92
nickname	0.26	1.97
pieces	0.26	1.93
all-star	0.26	2.08
soooo	0.26	2.49
murray	0.26	2.05
contender	0.26	2.14
developed	0.26	1.97
replaced	0.26	1.69
agustus	0.26	1.88
approach	0.26	2.09
shop	0.26	1.81
superstar	0.26	2.25
semi	0.26	1.74
letter	0.27	2.17
schools	0.27	2.23
carrier	0.27	2.12
honor	0.27	1.91
austin	0.27	1.71
steroid	0.27	2.13
chicken	0.27	1.77
sporting	0.27	3.15
volleyball	0.27	2.19
nbc	0.27	1.89
apparently	0.27	3.34
dudes	0.27	2.47
open	0.27	2.34
yours	0.27	2.31
greats	0.27	2.29
shall	0.27	1.77
bothered	0.27	2.69
fa	0.27	2.02
brand	0.27	2.17
stoppage	0.27	2.53
rolling	0.27	1.89
penalties	0.27	2.44
backup	0.27	2.06
respond	0.27	3.37
hernandez	0.27	1.88
independent	0.27	2.15
wet	0.27	1.80
particularly	0.27	2.41
uefa	0.28	2.10
mass	0.28	2.05
boxing	0.28	2.23
interest	0.28	1.97
gap	0.28	1.95
vertical	0.28	2.09
box	0.28	2.06
lower	0.28	2.51
shorts	0.28	1.65
12th	0.28	2.09
focused	0.28	1.87
consider	0.28	3.15
legally	0.28	2.31
occasional	0.28	2.14
motherfucker	0.28	1.98
1998	0.28	1.98
popularity	0.28	1.80
chosen	0.28	2.27
stone	0.28	1.86
qb	0.28	2.14
size	0.28	2.17
eric	0.28	1.47
additional	0.28	2.21
offers	0.28	1.88
integrity	0.28	2.30
pronounce	0.28	2.62
totally	0.28	4.54
field	0.28	2.15
tea	0.29	1.83
greg	0.29	1.75
fought	0.29	2.27
awhile	0.29	2.30
publicity	0.29	1.96
perfectly	0.29	2.53
charlie	0.29	1.58
deep	0.29	1.83
historical	0.29	2.33
jam	0.29	1.79
touches	0.29	2.23
space	0.29	1.98
wtf	0.29	2.43
arsenal	0.29	1.82
extremely	0.29	2.40
commenting	0.29	2.87
setting	0.29	2.15
commercial	0.29	1.98
upper	0.29	2.07
emotion	0.29	1.70
sound	0.29	2.91
comparable	0.29	4.07
service	0.29	1.87
refers	0.29	3.03
ate	0.30	1.84
at	0.30	3.83
your	0.30	2.36
senior	0.30	2.27
program	0.30	2.20
word	0.30	2.79
normal	0.30	2.60
shooting	0.30	2.23
arbitrary	0.30	2.57
fresh	0.30	1.83
author	0.30	2.43
century	0.30	2.00
unlike	0.30	1.88
fox	0.30	1.90
understanding	0.30	2.77
manning	0.30	1.75
europe	0.30	2.08
person	0.30	3.31
athletics	0.30	2.17
umpire	0.30	2.02
7th	0.30	2.58
atmosphere	0.30	1.77
threw	0.30	1.84
education	0.30	2.19
protective	0.31	1.86
chinese	0.31	1.87
delay	0.31	2.30
father	0.31	1.74
larry	0.31	1.35
my	0.31	1.93
under	0.31	2.27
fantasy	0.31	2.20
boom	0.31	1.94
hat	0.31	1.93
loads	0.31	2.24
davis	0.31	1.73
round	0.31	2.44
whereas	0.31	2.28
crossed	0.31	2.10
scene	0.31	1.75
hurling	0.31	2.11
market	0.31	2.10
present	0.31	1.99
bold	0.31	2.40
peyton	0.31	1.61
prepared	0.31	2.29
busy	0.31	2.26
memory	0.31	2.06
established	0.31	2.17
missed	0.32	2.85
gaelic	0.32	2.05
energy	0.32	1.94
increased	0.32	1.87
channels	0.32	1.95
powers	0.32	1.81
american	0.32	2.12
manchester	0.32	1.81
direct	0.32	2.17
politics	0.32	2.09
afl	0.32	2.19
recover	0.32	2.13
berita	0.32	1.93
added	0.32	2.15
irrelevant	0.32	2.82
scholarships	0.32	2.21
articles	0.32	2.29
matches	0.32	1.98
martial	0.32	2.03
mexico	0.32	1.78
september	0.32	2.06
supports	0.32	1.91
book	0.32	2.10
outright	0.32	2.08
match	0.33	1.90
body	0.33	2.06
allen	0.33	1.64
emphasis	0.33	2.02
deliver	0.33	2.00
slur	0.33	2.42
mound	0.33	1.84
boards	0.33	2.10
legs	0.33	2.05
profit	0.33	1.76
mens	0.33	2.22
bobsled	0.33	2.16
redditor	0.33	1.90
computer	0.33	2.02
remains	0.33	2.22
holding	0.33	2.26
japanese	0.33	1.91
fuel	0.33	1.87
puts	0.34	2.20
prime	0.34	1.71
crown	0.34	1.86
soul	0.34	1.90
possession	0.34	2.14
covering	0.34	2.24
wrestling	0.34	2.04
bryant	0.34	1.25
sets	0.34	2.06
data	0.34	2.49
surely	0.34	2.20
quote	0.34	2.44
mph	0.34	2.13
irony	0.34	1.89
running	0.34	2.22
concern	0.34	2.36
money	0.34	2.53
helps	0.34	2.54
starting	0.34	2.75
vs	0.34	1.81
colleges	0.34	2.20
pong	0.35	1.95
wake	0.35	1.83
guys	0.35	3.46
offense	0.35	2.39
individual	0.35	2.04
subreddits	0.35	2.31
mine	0.35	2.12
barcelona	0.35	1.82
guard	0.35	1.96
weight	0.35	2.09
softball	0.35	2.21
yards	0.35	2.28
lock	0.35	2.44
automatic	0.35	2.01
challenge	0.35	2.11
31	0.35	1.82
crosses	0.35	2.18
spot	0.35	2.39
crowds	0.35	1.71
usual	0.35	1.97
mom	0.35	1.96
linemen	0.35	2.46
picked	0.35	1.94
squad	0.35	1.92
country	0.35	2.85
hammer	0.36	2.06
above	0.36	2.45
school	0.36	2.44
flags	0.36	1.96
commercials	0.36	1.91
somewhat	0.36	2.98
exclusive	0.36	1.80
story	0.36	2.71
hole	0.36	1.76
wing	0.36	2.01
early	0.36	2.46
scholarship	0.36	2.19
sec	0.36	2.18
televised	0.36	1.87
muscles	0.36	1.78
freshman	0.36	2.31
campaign	0.36	1.99
funding	0.36	2.08
inside	0.36	2.00
aspects	0.36	2.31
marathon	0.36	2.10
opposing	0.37	2.30
cream	0.37	1.87
street	0.37	2.13
tall	0.37	2.05
listed	0.37	2.43
easier	0.37	2.77
programs	0.37	2.19
cbs	0.37	1.92
offence	0.37	2.37
cuts	0.37	2.03
canadian	0.37	1.68
zone	0.37	2.11
euro	0.37	2.10
spin	0.37	2.05
advertising	0.37	1.90
guards	0.37	2.00
competing	0.37	2.50
landing	0.37	1.92
available	0.37	1.98
stage	0.37	1.96
hurts	0.37	1.57
6'2	0.37	2.11
smarter	0.37	2.18
aka	0.37	1.68
scared	0.38	2.44
deck	0.38	1.98
rush	0.38	1.70
share	0.38	2.39
tl	0.38	1.73
competitors	0.38	2.22
picking	0.38	2.19
hahahaha	0.38	1.85
rugby	0.38	2.26
varsity	0.38	2.55
cap	0.38	1.92
popular	0.38	1.98
fish	0.38	1.77
aside	0.38	1.41
chant	0.38	1.78
closed	0.38	2.21
grade	0.38	2.36
conspiracy	0.39	2.41
junior	0.39	2.39
russians	0.39	1.92
loud	0.39	1.74
realistic	0.39	2.64
highschool	0.39	2.38
brains	0.39	2.31
extended	0.39	2.12
strategy	0.39	1.89
letters	0.39	2.21
covered	0.39	1.86
dropped	0.39	2.21
disappointing	0.39	2.99
stories	0.39	2.10
team	0.39	3.02
truck	0.39	1.86
scores	0.39	2.07
safer	0.39	1.95
damnit	0.39	1.61
lacrosse	0.39	2.33
actual	0.40	2.21
proof	0.40	2.73
instant	0.40	2.06
rough	0.40	2.13
chances	0.40	2.20
proving	0.40	2.97
religious	0.40	1.91
keith	0.40	1.65
referees	0.40	2.16
card	0.40	2.08
g	0.40	1.50
hes	0.40	2.58
forces	0.40	2.05
competition	0.40	2.30
perhaps	0.40	2.42
raising	0.40	1.95
activities	0.40	2.17
groups	0.40	1.99
ultimate	0.41	2.19
bats	0.41	1.99
myself	0.41	3.23
master	0.41	2.16
wondering	0.41	3.90
high	0.41	2.54
champions	0.41	2.03
fighter	0.41	2.36
1994	0.41	1.92
intensity	0.41	1.84
curve	0.41	2.18
tone	0.41	2.51
julia	0.41	1.77
tree	0.41	1.87
conversation	0.41	2.99
returning	0.41	2.03
sex	0.41	2.24
sending	0.41	2.06
miles	0.41	2.22
boys	0.41	2.35
thus	0.41	2.17
conferences	0.41	2.31
beyond	0.41	2.30
opponent	0.42	2.31
references	0.42	2.02
teammate	0.42	1.99
intelligent	0.42	2.22
safety	0.42	2.05
criticism	0.42	2.95
professionals	0.42	2.65
creating	0.42	1.97
arts	0.42	2.06
becomes	0.42	2.38
table	0.42	2.02
stopped	0.42	2.35
close	0.42	3.15
andrew	0.42	1.71
tyson	0.42	2.03
minor	0.42	2.35
tennis	0.42	2.32
treatment	0.42	2.15
kevin	0.42	1.49
victory	0.42	1.82
9th	0.43	2.47
fly	0.43	2.44
eat	0.43	2.02
local	0.43	2.24
life	0.43	2.07
cold	0.43	1.84
recommend	0.43	1.71
neymar	0.43	2.06
current	0.43	2.06
academics	0.43	2.12
joking	0.43	3.99
whistle	0.43	2.04
crossing	0.43	2.16
button	0.44	2.18
mode	0.44	1.61
pool	0.44	2.01
endzone	0.44	2.30
female	0.44	2.29
pure	0.44	1.88
bases	0.44	2.26
touch	0.44	2.54
ass	0.44	2.20
missing	0.44	5.12
coverage	0.44	1.91
6th	0.44	2.53
channel	0.44	1.90
demanding	0.44	1.76
viewing	0.44	1.85
norm	0.44	2.04
salary	0.44	1.98
hockey	0.44	2.36
real	0.45	2.65
bounce	0.45	2.14
randomly	0.45	1.86
transition	0.45	2.33
tweets	0.45	2.11
cat	0.45	1.65
attention	0.45	2.39
holland	0.45	2.04
chart	0.45	2.24
gang	0.45	1.84
economy	0.45	2.15
details	0.45	2.08
stick	0.45	2.05
serve	0.45	2.29
poll	0.45	1.98
educated	0.46	2.48
sidelines	0.46	1.93
e.g	0.46	1.91
r/sportsmemes	0.46	2.54
described	0.46	2.92
needed	0.46	2.94
redditors	0.46	2.45
tape	0.46	2.00
returned	0.46	2.12
stock	0.46	1.75
confusing	0.46	3.44
claiming	0.46	4.64
lights	0.46	1.86
chain	0.47	2.26
competitions	0.47	2.20
whore	0.47	1.87
ncaa	0.47	2.39
merely	0.47	2.14
small	0.47	2.47
quickly	0.47	2.76
handball	0.47	2.14
category	0.47	1.95
defenses	0.47	2.30
writing	0.47	2.07
quarter	0.47	2.48
completed	0.47	2.03
supposedly	0.47	1.82
search	0.47	2.19
core	0.47	1.80
information	0.47	2.26
perfect	0.47	2.57
college	0.47	2.59
asking	0.47	4.04
advantage	0.47	2.18
sack	0.47	1.90
sportsmanship	0.47	1.57
solution	0.47	2.40
its	0.48	3.81
emotional	0.48	2.05
smash	0.48	2.00
mma	0.48	2.33
backwards	0.48	2.44
yard	0.48	2.27
seed	0.48	2.47
stereotypes	0.48	2.19
too	0.48	3.97
users	0.48	2.32
fourth	0.48	2.48
drives	0.48	1.98
ole	0.49	2.11
extreme	0.49	2.17
1st	0.49	2.50
amounts	0.49	2.28
raw	0.49	1.90
tweet	0.49	2.27
require	0.49	2.39
dangerous	0.49	2.29
term	0.49	2.54
hence	0.49	2.13
bayern	0.49	1.91
finishing	0.50	1.70
alive	0.50	1.99
checking	0.50	1.93
tv	0.50	1.90
passing	0.50	2.13
discussion	0.50	2.56
referee	0.50	2.35
hawk	0.50	1.48
balls	0.50	2.05
interference	0.50	2.29
cameras	0.50	2.02
troll	0.50	2.05
european	0.50	2.21
sports	0.50	2.26
bitch	0.50	2.22
credit	0.51	1.93
fumble	0.51	2.06
teams	0.51	2.67
app	0.51	1.98
stretch	0.51	1.99
training	0.51	1.98
plays	0.51	2.53
friend	0.51	1.92
nrl	0.51	2.19
golden	0.51	1.73
jimmy	0.51	1.96
forward	0.51	2.35
community	0.51	2.00
bill	0.51	1.70
mexican	0.52	1.83
weigh	0.52	2.27
amount	0.52	2.23
key	0.52	2.18
exercise	0.52	2.02
joke	0.52	2.76
dan	0.52	1.79
fairness	0.52	2.50
chess	0.52	2.09
seemingly	0.52	2.20
dropping	0.52	2.01
rich	0.52	2.04
hardly	0.52	2.69
broadcast	0.52	1.80
batters	0.52	2.01
activity	0.52	1.97
6'5	0.52	2.31
add	0.52	2.53
baseball	0.52	2.62
runners	0.53	2.37
2014	0.53	1.88
message	0.53	2.14
alex	0.53	2.10
beginning	0.53	2.18
prediksi	0.53	1.86
hmmm	0.53	1.62
develop	0.53	2.09
penis	0.53	1.97
fastball	0.53	2.01
laughed	0.53	1.95
corrected	0.53	2.36
football	0.54	2.66
hotel	0.54	2.02
woman	0.54	2.51
keeps	0.54	2.31
screen	0.54	2.02
recovery	0.54	1.91
penalty	0.54	2.36
hill	0.54	2.02
pitched	0.54	2.05
effort	0.54	1.94
unlikely	0.54	2.52
basketball	0.54	2.78
facts	0.54	3.14
poker	0.54	2.00
settle	0.54	2.09
plate	0.54	2.13
kickoff	0.54	2.15
keeping	0.54	2.28
jealous	0.55	2.56
8th	0.55	2.59
one	0.55	4.39
kid	0.55	2.86
wave	0.55	1.81
spread	0.55	2.01
vince	0.55	1.64
casino	0.55	1.95
subs	0.55	2.38
clarify	0.55	3.72
pitcher	0.55	2.01
checks	0.55	1.95
knowledge	0.55	2.04
decent	0.55	1.81
sky	0.55	1.96
muscle	0.55	2.03
second	0.55	2.92
checked	0.56	2.23
international	0.56	2.33
pitch	0.56	1.93
flag	0.56	2.09
hot	0.56	1.89
clean	0.56	1.71
ski	0.56	1.86
version	0.57	1.94
brother	0.57	1.97
topic	0.57	2.83
kicker	0.57	2.08
strikes	0.57	2.12
grown	0.57	1.79
4th	0.57	2.58
route	0.57	2.09
placed	0.57	1.91
war	0.57	1.78
forwards	0.58	2.24
throwing	0.58	2.07
click	0.58	1.95
shock	0.58	1.84
eye	0.58	1.73
madrid	0.58	1.72
gaining	0.58	1.90
goals	0.58	2.05
active	0.58	2.13
inning	0.58	2.44
strike	0.58	1.95
convinced	0.58	3.71
blog	0.58	2.46
false	0.59	4.65
yes	0.59	4.61
mls	0.59	2.10
followed	0.59	1.97
entertainment	0.59	1.74
rb	0.59	2.09
lives	0.59	2.05
answered	0.59	3.68
rob	0.59	1.53
truth	0.59	3.00
dinner	0.59	1.65
experience	0.59	2.55
fingers	0.59	2.06
hart	0.59	1.80
removed	0.59	2.63
limits	0.59	1.89
80s	0.59	2.24
security	0.59	2.03
brazilian	0.59	1.82
magic	0.60	1.41
5th	0.60	2.66
agent	0.60	1.99
shoot	0.60	2.16
worried	0.60	3.68
former	0.60	2.39
clubs	0.60	2.34
mod	0.60	2.26
creepy	0.60	2.16
outs	0.60	2.27
girls	0.60	2.26
tops	0.60	1.70
scrimmage	0.60	2.24
couch	0.61	1.94
kicking	0.61	2.15
kenny	0.61	1.61
rules	0.61	2.17
bat	0.61	2.08
r/nfl	0.61	2.31
hmm	0.61	2.14
pc	0.61	2.37
google	0.61	2.40
technical	0.61	1.93
finished	0.61	2.36
curling	0.61	2.09
quarterback	0.61	2.17
strange	0.61	3.36
bend	0.62	2.50
swing	0.62	2.12
insight	0.62	2.20
vice	0.62	1.86
gift	0.62	1.89
confusion	0.62	2.70
sources	0.62	2.32
pros	0.62	2.64
robinson	0.62	1.55
replied	0.63	3.52
spots	0.63	2.05
sideline	0.63	1.98
watt	0.63	1.81
min	0.63	2.13
epl	0.63	2.12
hitters	0.63	2.10
batter	0.63	2.12
backs	0.63	2.11
kick	0.63	2.14
tide	0.63	1.85
dressed	0.63	2.19
load	0.63	1.83
wait	0.63	3.26
return	0.64	2.11
kudos	0.64	2.06
drunk	0.64	2.06
2nd	0.64	2.62
ali	0.64	2.07
crying	0.64	1.77
sides	0.64	2.28
increase	0.64	2.09
controversial	0.65	2.34
3rd	0.65	2.65
touchdown	0.65	2.14
laughing	0.65	2.67
reasonable	0.65	2.60
captain	0.65	1.79
effective	0.65	2.19
badminton	0.65	1.93
runner	0.65	2.36
omg	0.65	1.97
jadwal	0.65	1.86
audio	0.65	1.85
content	0.66	2.29
appropriate	0.66	2.62
spell	0.66	2.70
boo	0.66	1.77
linked	0.66	2.62
thick	0.66	2.05
drop	0.66	2.17
shits	0.66	2.09
am	0.67	3.84
hair	0.67	1.96
struggle	0.67	2.03
ama	0.67	2.08
bola	0.67	1.85
netflix	0.67	1.98
event	0.67	2.63
twitter	0.67	2.22
guy	0.67	3.67
puck	0.67	2.11
skills	0.67	1.96
slowly	0.67	2.31
pitches	0.68	2.13
reading	0.68	2.91
read	0.68	2.85
thrown	0.68	2.26
te	0.68	1.88
sub	0.68	2.39
striker	0.68	2.09
collegiate	0.68	2.73
uncommon	0.68	2.64
tip	0.69	1.88
legendary	0.69	1.78
citizens	0.69	1.98
tips	0.69	2.03
handful	0.69	2.48
distance	0.69	2.15
aware	0.69	4.19
trained	0.69	2.38
seems	0.69	2.86
pitchers	0.69	2.14
hopes	0.69	2.20
fake	0.69	2.48
home	0.69	2.18
mirror	0.69	2.35
holder	0.69	1.71
kicks	0.70	2.09
sticks	0.70	2.03
goddamn	0.70	1.95
dark	0.70	1.85
soccer	0.70	2.45
al	0.70	1.50
premier	0.70	2.13
grey	0.70	1.76
mistakes	0.70	3.37
catcher	0.71	2.10
skins	0.71	2.01
compared	0.71	2.36
possible	0.71	3.09
sadly	0.71	2.37
attempted	0.71	2.07
visit	0.71	1.99
butt	0.71	2.10
must	0.71	3.01
addition	0.71	1.98
nicely	0.72	2.50
favor	0.72	2.19
along	0.72	2.17
dr	0.72	1.67
threads	0.72	2.45
liga	0.72	1.79
cross	0.72	2.09
posted	0.72	2.51
music	0.72	1.61
heh	0.72	2.30
onside	0.72	2.11
youth	0.72	2.18
receivers	0.73	2.20
source	0.73	2.40
competitive	0.73	2.25
excessive	0.73	2.23
david	0.73	1.35
worlds	0.73	3.84
careful	0.73	2.06
weapon	0.73	2.04
fail	0.73	2.01
toss	0.74	2.03
tight	0.74	2.08
photos	0.74	2.18
spectator	0.74	1.91
attending	0.74	2.09
fat	0.74	2.34
replay	0.74	2.07
trick	0.74	2.16
tears	0.74	1.50
text	0.74	2.28
punt	0.74	2.14
plus	0.74	2.04
memes	0.75	2.34
im	0.75	3.16
twist	0.75	1.96
valuable	0.75	1.88
dempsey	0.75	2.01
bottom	0.75	2.56
belgium	0.76	1.82
receiving	0.76	2.23
d1	0.76	2.64
aussie	0.76	1.76
film	0.76	1.62
third	0.76	2.54
anthem	0.76	1.85
di	0.76	1.82
base	0.76	2.48
punter	0.76	2.19
claims	0.76	2.39
sounded	0.77	2.58
roy	0.77	1.91
lady	0.77	2.26
intelligence	0.77	1.89
frame	0.77	2.09
produce	0.77	2.33
routine	0.77	2.17
invented	0.77	1.93
defensive	0.77	2.30
variety	0.77	2.27
links	0.77	2.43
rooney	0.77	1.87
trolling	0.78	2.38
simple	0.78	3.88
wiki	0.78	2.32
opposition	0.78	2.16
image	0.78	2.42
riding	0.78	2.01
motion	0.78	2.16
club	0.78	2.38
sells	0.78	1.63
yelling	0.79	2.20
mods	0.79	2.36
advice	0.79	2.18
farm	0.79	2.22
eating	0.79	1.65
thin	0.79	2.06
linebacker	0.79	2.27
throw	0.79	2.39
mistaken	0.79	4.94
glory	0.79	1.70
crowd	0.79	1.79
chelsea	0.79	1.80
insanely	0.79	2.47
breath	0.79	1.82
chase	0.79	1.95
format	0.80	2.23
exposure	0.80	2.03
don	0.80	1.65
string	0.80	2.57
hd	0.80	1.94
wikipedia	0.80	2.35
page	0.80	2.46
lineman	0.81	2.33
entire	0.81	3.44
feed	0.81	2.06
split	0.81	2.05
focus	0.81	1.96
headline	0.81	2.41
r/sports	0.81	2.37
position	0.81	2.41
episode	0.82	1.92
saved	0.82	1.96
brutal	0.82	2.72
subreddit	0.82	2.43
movie	0.82	1.71
sportscenter	0.83	1.86
eh	0.83	2.32
phrase	0.83	2.47
following	0.84	2.10
wide	0.84	2.28
compete	0.84	2.52
mighty	0.84	1.61
wars	0.84	1.91
ai	0.84	2.54
bringing	0.84	3.14
pun	0.84	2.57
part	0.84	3.89
par	0.84	2.04
battle	0.84	1.66
national	0.85	1.98
andy	0.85	1.79
pulled	0.85	2.06
forgive	0.85	3.89
looked	0.85	2.97
wears	0.86	2.05
target	0.86	1.88
sarcasm	0.86	2.69
midfield	0.86	2.12
default	0.86	2.24
majors	0.86	1.98
athletes	0.86	2.84
rare	0.86	2.54
y	0.86	1.72
36	0.87	1.97
grab	0.87	2.24
imgur	0.87	2.43
kind	0.87	3.15
pride	0.88	1.66
super	0.88	1.88
sorta	0.88	2.79
singing	0.88	1.77
blocking	0.88	2.00
physical	0.88	2.04
entertaining	0.88	2.17
an	0.88	2.18
art	0.88	1.53
sarcastic	0.88	4.36
stream	0.88	1.91
stuff	0.88	3.09
submission	0.88	2.29
detail	0.89	2.40
gifs	0.89	2.09
butthurt	0.89	2.27
outfield	0.89	2.20
naked	0.89	2.10
article	0.89	2.48
line	0.89	2.32
thomas	0.89	1.48
qbs	0.90	2.40
chanting	0.90	1.73
dedication	0.90	2.02
jj	0.90	1.92
facebook	0.90	2.34
showed	0.90	1.74
yao	0.90	2.03
tee	0.90	1.93
ability	0.90	2.05
created	0.90	1.92
scrum	0.90	1.95
athletic	0.90	2.21
lynch	0.90	1.51
net	0.90	2.09
expensive	0.91	1.93
interception	0.91	2.05
angles	0.91	2.10
repost	0.91	2.43
video	0.91	2.31
upset	0.91	3.01
among	0.91	3.54
voting	0.92	2.04
christmas	0.92	2.15
id	0.92	2.21
patrick	0.92	1.54
moves	0.92	2.10
check	0.92	2.33
offering	0.92	1.59
tier	0.92	2.68
hello	0.92	1.92
kickers	0.92	2.31
hands	0.93	2.23
genuinely	0.93	2.49
bs	0.93	2.53
ball	0.93	2.37
buddies	0.93	2.79
posts	0.94	2.51
uncle	0.94	2.72
footage	0.94	1.86
wishes	0.94	1.81
um	0.94	2.12
dance	0.94	1.84
attempts	0.94	2.14
genius	0.95	1.79
quarterbacks	0.95	2.38
humor	0.95	2.14
wall	0.95	2.04
tag	0.95	2.27
supporter	0.95	2.36
live	0.96	2.02
anyway	0.96	4.98
camera	0.96	2.16
de	0.96	1.69
tradition	0.96	1.78
mental	0.96	1.99
bare	0.96	2.14
liverpool	0.97	1.82
ridiculously	0.97	2.49
complicated	0.97	2.45
leagues	0.97	2.63
shots	0.98	2.04
conditioning	0.98	2.00
amateur	0.98	2.67
remaining	0.99	1.98
shut	0.99	2.25
suddenly	0.99	2.35
odd	0.99	3.29
amazed	0.99	2.75
poster	0.99	1.93
yay	0.99	2.12
mixed	1.00	1.97
simply	1.00	4.16
circus	1.00	3.00
jose	1.00	1.58
rest	1.00	2.82
account	1.00	2.31
heavy	1.00	1.83
conversion	1.01	2.15
cuz	1.01	2.10
pissed	1.01	2.98
voted	1.01	2.59
useful	1.01	2.23
skilled	1.01	2.11
ba	1.01	2.03
dreams	1.01	1.76
skinny	1.02	2.26
answers	1.02	2.63
talent	1.02	1.81
akurat	1.02	1.96
important	1.02	2.29
nick	1.02	1.99
clear	1.02	4.26
obama	1.03	2.00
tagged	1.03	2.24
nfl	1.03	3.88
reverse	1.03	2.18
pumped	1.03	2.86
porn	1.03	2.02
hail	1.03	1.97
uh	1.04	2.59
powerful	1.04	1.97
incorrect	1.04	4.49
angry	1.04	2.59
showing	1.04	2.20
interesting	1.05	3.27
consistent	1.05	2.16
autism	1.06	2.06
quiet	1.06	1.72
wood	1.06	1.82
assist	1.06	1.76
levels	1.06	2.45
hoping	1.07	3.44
meme	1.07	1.95
frisbee	1.07	2.03
glorious	1.08	1.85
copy	1.08	2.42
block	1.08	2.17
shared	1.08	1.77
32	1.08	1.93
bloody	1.09	1.60
idk	1.09	1.94
overrated	1.09	1.68
painful	1.09	3.16
reel	1.10	1.70
league	1.10	2.49
please	1.10	3.10
sake	1.10	2.08
ok	1.10	3.91
successful	1.10	2.00
pro	1.11	3.10
star	1.11	2.65
replying	1.11	4.71
providing	1.11	2.30
van	1.11	1.78
brandon	1.11	2.13
laugh	1.12	2.44
familiar	1.12	3.50
agen	1.13	1.85
respected	1.13	3.35
malam	1.13	1.90
ducks	1.13	2.35
smooth	1.14	2.41
youtube	1.15	2.38
baseman	1.15	2.38
extension	1.15	1.95
gloves	1.15	2.01
ron	1.16	1.83
closely	1.16	1.90
player	1.16	3.95
shooter	1.16	1.92
reddit	1.16	2.56
planned	1.16	2.31
quotes	1.16	1.91
title	1.17	2.46
ini	1.17	1.86
pocket	1.17	1.98
place	1.18	4.05
update	1.18	1.81
level	1.18	2.84
combination	1.18	1.98
movement	1.18	2.05
caught	1.18	2.32
downvoting	1.19	3.13
dramatic	1.19	1.97
bastard	1.19	2.18
highlight	1.19	1.98
chick	1.19	2.56
nope	1.20	2.57
throws	1.20	2.09
defenders	1.20	2.19
desperate	1.20	2.65
boxer	1.20	3.59
original	1.20	2.96
miss	1.20	2.86
congrats	1.20	1.92
childhood	1.20	2.25
beast	1.21	2.69
balance	1.21	1.97
endurance	1.21	2.13
short	1.21	2.37
scary	1.22	3.17
tried	1.22	2.87
nuts	1.22	2.11
comments	1.22	2.66
christ	1.23	2.07
blocked	1.23	2.20
sentence	1.23	2.65
useless	1.23	2.13
fielding	1.24	1.91
slow	1.24	2.39
directly	1.24	1.82
timing	1.25	1.95
plot	1.25	1.91
committee	1.26	1.94
using	1.26	3.50
goalie	1.27	1.95
requires	1.27	2.12
yeah	1.27	3.65
skill	1.27	2.02
parts	1.27	1.98
relevant	1.28	2.36
ur	1.28	2.41
curious	1.29	3.40
y'all	1.29	2.25
chose	1.29	3.00
parties	1.29	2.14
fielder	1.29	2.20
yo	1.30	2.17
questions	1.30	3.18
downvotes	1.30	3.05
videos	1.30	2.04
celebration	1.31	1.87
livescore	1.31	2.19
ol	1.31	2.25
meaningless	1.31	2.26
sigh	1.31	2.16
speed	1.31	1.97
passes	1.31	2.14
assuming	1.32	3.99
gif	1.33	2.33
lateral	1.33	2.16
liberal	1.33	1.74
badass	1.33	2.96
moments	1.34	2.99
valid	1.34	3.79
da	1.35	2.10
deleted	1.35	2.99
fuckin	1.35	2.05
user	1.35	2.49
goal	1.35	2.20
bo	1.36	1.80
explaining	1.36	2.57
goat	1.37	3.18
watched	1.37	2.76
c'mon	1.37	2.06
highlights	1.37	1.87
defender	1.38	2.24
entirely	1.38	3.89
td	1.38	2.15
wr	1.38	2.11
mario	1.38	1.83
section	1.39	1.73
felt	1.39	2.35
difficult	1.39	2.40
picture	1.39	2.83
pretty	1.39	3.19
reaction	1.40	2.08
online	1.40	1.84
damned	1.40	2.05
thread	1.40	2.64
confused	1.41	3.60
girl	1.41	2.52
angle	1.41	2.29
vote	1.41	2.51
indeed	1.41	2.96
reminds	1.41	2.07
misses	1.41	1.71
brings	1.42	2.67
attractive	1.42	2.13
kills	1.42	2.32
calm	1.42	1.99
meters	1.42	2.19
comment	1.42	3.19
athlete	1.43	3.68
upvoted	1.43	2.60
downvoted	1.43	4.32
memories	1.43	1.70
beard	1.43	2.07
pass	1.44	2.18
favourite	1.44	3.31
power	1.45	2.13
join	1.45	2.15
ta	1.46	2.70
eagle	1.46	1.74
upvotes	1.46	2.85
boy	1.47	2.12
post	1.47	2.68
cheese	1.47	2.61
referring	1.47	4.01
glove	1.48	2.20
internet	1.48	2.27
statement	1.48	3.76
truc	1.49	2.81
generation	1.49	3.31
goalies	1.49	2.21
players	1.49	3.74
lowest	1.50	3.28
kidding	1.50	2.76
caliber	1.50	3.57
accomplished	1.51	2.12
bud	1.51	2.47
grammar	1.51	2.85
goalkeeper	1.51	2.10
tuyen	1.51	2.84
xem	1.52	2.78
couldnt	1.52	2.94
greatest	1.52	3.44
bored	1.52	2.83
strong	1.52	2.35
accuracy	1.52	2.00
fitness	1.53	1.96
bong	1.53	2.77
foundation	1.54	2.42
freaking	1.54	1.89
worries	1.54	2.25
apologize	1.55	2.51
fixed	1.55	2.22
handed	1.56	2.21
photographer	1.56	2.00
impossible	1.56	3.63
mobile	1.56	2.24
kinda	1.57	2.95
talented	1.57	2.05
huh	1.58	2.40
response	1.58	3.04
clip	1.58	1.88
whoa	1.58	2.21
clicked	1.58	2.52
m	1.58	3.54
famous	1.58	2.83
professional	1.58	3.74
funny	1.59	3.11
robben	1.59	1.76
votes	1.60	2.58
catching	1.60	2.17
lmao	1.62	2.15
phone	1.62	2.19
receiver	1.62	2.17
link	1.63	2.38
surprisingly	1.63	2.02
hear	1.63	3.01
fucking	1.63	2.30
stating	1.64	3.89
enormous	1.64	2.28
answer	1.64	4.25
yell	1.64	2.92
cheers	1.64	2.08
cute	1.64	2.28
god	1.64	2.56
top	1.65	3.76
free	1.65	1.83
pictures	1.65	2.34
watch	1.65	2.02
alright	1.65	2.90
comeback	1.67	1.91
strength	1.68	2.00
moon	1.68	1.73
exciting	1.68	2.08
photo	1.69	2.29
p	1.70	1.95
def	1.70	1.68
misleading	1.70	3.27
technically	1.71	3.92
spelling	1.73	3.34
u	1.74	2.31
required	1.74	2.20
golfer	1.75	3.26
proud	1.76	2.23
lord	1.76	2.11
accomplish	1.77	2.73
hey	1.78	2.73
swear	1.79	2.15
all-time	1.80	3.07
miracle	1.80	1.79
info	1.80	2.25
surprised	1.82	3.17
posting	1.82	2.46
correctly	1.83	3.62
replays	1.83	1.79
retarded	1.83	3.14
our	1.83	3.02
athleticism	1.84	2.03
usage	1.85	3.50
intense	1.85	2.74
fast	1.87	2.22
le	1.87	1.77
cake	1.88	2.09
apologies	1.89	2.71
quick	1.89	2.31
pics	1.89	2.12
growing	1.90	2.46
reactions	1.91	1.93
mentioning	1.91	3.09
hitter	1.92	3.30
concerned	1.93	2.98
downvote	1.94	2.89
context	1.95	3.65
honest	1.95	3.37
dear	1.96	1.95
smart	1.97	2.62
elite	1.97	3.40
bird	1.98	2.37
involved	1.98	2.01
pr	1.98	2.45
scorer	1.98	3.14
absurd	1.99	2.43
edited	1.99	3.44
wonderful	2.00	2.73
documentary	2.00	1.62
disappointed	2.00	2.62
error	2.01	3.15
tho	2.02	2.11
karma	2.02	2.47
rekt	2.02	2.20
yep	2.02	2.80
hard	2.02	2.97
fun	2.02	2.82
offsides	2.03	3.66
stamina	2.03	2.03
baby	2.04	2.08
ahh	2.05	2.21
explanation	2.09	2.56
shocked	2.09	2.93
okay	2.09	3.71
forgot	2.10	2.74
wild	2.10	2.54
barkley	2.10	2.27
passion	2.12	2.45
offside	2.13	3.56
charles	2.15	2.08
birthday	2.15	2.33
woah	2.16	2.37
truly	2.16	2.08
helpful	2.16	2.30
tough	2.18	2.15
coordination	2.20	1.99
scott	2.21	2.32
buddy	2.21	2.50
ridiculous	2.22	3.14
glad	2.22	3.31
mr	2.24	1.98
little	2.24	2.81
weird	2.24	2.94
hi	2.26	2.06
impressed	2.27	2.12
tune	2.28	2.13
ha	2.30	2.48
reply	2.30	2.88
lol	2.31	2.76
holy	2.32	2.59
excellent	2.32	2.12
special	2.32	2.76
blast	2.33	2.59
ya	2.33	2.62
jesus	2.36	2.18
yea	2.36	2.61
sing	2.37	1.92
ah	2.38	2.85
sorry	2.39	3.63
accurate	2.39	2.73
oh	2.39	2.65
cry	2.42	2.10
expecting	2.42	2.89
apart	2.43	2.18
ftfy	2.43	2.06
rather	2.43	3.05
enjoyed	2.44	1.78
suppose	2.46	2.84
favorite	2.48	2.80
follow	2.50	3.01
yup	2.50	2.49
classic	2.50	1.92
congratulations	2.52	2.11
absolutely	2.53	2.80
rain	2.55	2.51
mad	2.56	2.76
enjoying	2.57	2.25
manly	2.57	2.40
lucky	2.57	2.65
prefer	2.57	2.44
smile	2.57	2.49
easy	2.60	2.77
tear	2.62	2.18
caps	2.64	2.42
sight	2.64	2.33
finish	2.66	2.57
btw	2.71	2.35
figured	2.71	2.53
el	2.71	2.21
good	2.71	2.89
humble	2.72	2.28
classy	2.72	2.23
sir	2.78	2.29
dammit	2.78	2.46
luck	2.80	2.24
fancy	2.83	2.42
potato	2.86	2.16
interested	2.90	3.07
nah	2.91	2.41
clever	2.91	2.36
sounds	2.93	2.80
gesture	2.95	2.33
looks	2.95	2.88
song	2.96	2.31
keeper	2.98	2.39
safe	2.98	2.17
clips	2.99	2.38
howard	2.99	1.91
enjoy	3.02	2.29
hilarious	3.03	2.17
hah	3.05	2.57
dat	3.06	2.04
thats	3.06	2.72
shot	3.07	2.46
dude	3.07	2.79
xd	3.08	1.79
watching	3.11	2.37
coincidence	3.13	2.32
saves	3.14	2.36
username	3.15	2.35
display	3.15	2.06
edit	3.15	2.87
excited	3.16	2.75
man	3.16	2.59
sexy	3.16	2.18
appreciate	3.17	2.50
friendly	3.23	2.10
ouch	3.24	2.26
beckham	3.26	2.32
considering	3.28	2.41
awareness	3.29	2.31
save	3.29	2.12
reference	3.30	2.33
op	3.32	2.54
wish	3.32	2.76
catch	3.34	2.37
crazy	3.35	2.53
upvote	3.36	2.48
bro	3.36	2.51
catches	3.37	2.23
ludicrous	3.39	2.23
appreciated	3.43	2.19
cool	3.44	2.60
great	3.45	1.90
awkward	3.46	2.29
thank	3.46	2.46
moment	3.57	2.20
reflexes	3.62	2.16
feat	3.65	2.13
neat	3.66	2.63
pic	3.71	2.24
ironic	3.74	2.02
haha	3.78	2.58
spectacular	3.79	2.03
vid	3.80	2.10
hahaha	3.81	2.34
insane	3.81	2.13
damn	3.83	2.37
sweet	3.88	2.00
footwork	4.02	1.90
thanks	4.03	2.36
beautiful	4.03	1.48
brilliant	4.15	1.70
chill	4.19	1.89
unreal	4.21	2.16
outstanding	4.21	1.58
impressive	4.24	2.09
sharing	4.36	2.26
wow	4.45	2.05
incredible	4.58	1.92
phenomenal	4.75	1.37
epic	4.81	1.81
unbelievable	4.85	1.37
