worse	-5.08	0.75
dialogue	-4.91	1.38
poor	-4.82	1.29
writing	-4.75	1.48
sucked	-4.73	1.04
objectively	-4.71	1.17
lines	-4.69	1.47
dialog	-4.65	1.40
acting	-4.64	1.50
cringe	-4.59	1.25
directing	-4.45	1.47
wooden	-4.44	1.47
shitty	-4.43	1.44
jar	-4.40	0.70
jar-jar	-4.39	0.63
fault	-4.35	1.26
binks	-4.29	0.76
script	-4.27	1.32
blame	-4.24	0.84
romance	-4.23	1.27
dislike	-4.19	0.81
scripts	-4.14	1.42
crappy	-4.11	1.54
hating	-4.11	0.90
sucks	-4.00	1.37
bad	-3.99	1.58
awkward	-3.94	1.54
committed	-3.89	1.38
horribly	-3.87	1.35
clumsy	-3.84	0.99
boring	-3.81	1.48
poorly	-3.79	1.43
suffered	-3.76	1.27
cheesy	-3.68	1.60
direction	-3.66	1.49
execution	-3.53	1.52
except	-3.52	1.34
annoying	-3.52	0.93
characterization	-3.48	1.36
ruined	-3.47	1.42
delivered	-3.44	1.34
bland	-3.43	1.51
flat	-3.41	1.44
hayden	-3.38	1.45
jake	-3.37	1.39
pacing	-3.34	1.56
delivery	-3.34	1.55
gungan	-3.33	1.15
worthy	-3.31	1.55
lame	-3.27	1.62
suck	-3.26	1.28
murder	-3.26	1.49
actors	-3.26	1.37
lazy	-3.21	1.54
write	-3.18	1.26
christensen	-3.16	1.47
painful	-3.16	1.30
mediocre	-3.15	1.69
mess	-3.15	1.44
garbage	-3.14	1.44
ep1	-3.14	1.16
writer	-3.13	1.30
director	-3.11	1.28
plots	-3.07	1.26
acts	-3.05	1.48
meesa	-3.05	1.03
genocide	-3.04	1.50
haters	-2.95	1.45
meh	-2.90	1.33
fell	-2.87	1.56
kasdan	-2.86	1.17
jarjar	-2.86	1.10
phantom	-2.85	1.70
lucas	-2.85	1.14
suffer	-2.83	1.72
editing	-2.83	1.29
refuse	-2.83	1.47
george	-2.82	1.13
attacking	-2.82	1.36
suffering	-2.81	1.78
fear	-2.81	1.95
forever	-2.81	1.15
prequel	-2.81	1.25
godzilla	-2.80	1.60
decisions	-2.76	1.14
lawrence	-2.74	1.15
justice	-2.74	1.41
lloyd	-2.74	1.47
remembers	-2.73	1.62
unnecessary	-2.73	1.48
exposition	-2.71	1.15
fate	-2.70	1.53
hurt	-2.69	1.13
ruins	-2.68	1.36
gungans	-2.67	0.71
compare	-2.66	1.37
storytelling	-2.66	1.21
hatred	-2.66	2.04
disliked	-2.65	1.59
menace	-2.65	1.72
leads	-2.65	1.98
dull	-2.65	1.50
anger	-2.64	2.05
cough	-2.64	1.30
dance	-2.62	1.30
plot	-2.60	1.22
portman	-2.59	1.13
attachment	-2.59	1.91
flawed	-2.58	1.38
pain	-2.56	1.97
ie	-2.54	1.27
natalie	-2.54	1.12
rage	-2.53	2.02
wrote	-2.52	1.11
passion	-2.50	2.03
line	-2.50	1.02
stupid	-2.49	1.68
competent	-2.47	1.48
views	-2.46	1.42
complain	-2.42	1.46
ignore	-2.40	1.90
directed	-2.38	1.07
religion	-2.38	1.58
camp	-2.38	1.54
acted	-2.37	0.99
regret	-2.37	1.76
written	-2.37	1.11
mistakes	-2.34	1.36
fuel	-2.33	2.01
childish	-2.31	1.15
flashbacks	-2.31	1.62
majority	-2.30	1.49
humor	-2.30	1.13
ideas	-2.30	1.27
relief	-2.29	0.78
through	-2.28	1.98
remote	-2.26	1.70
stress	-2.24	1.71
abrams	-2.21	0.90
ignorant	-2.20	1.66
dumb	-2.20	1.51
draft	-2.19	1.10
vast	-2.18	1.59
midichlorians	-2.17	0.64
hitler	-2.16	0.50
acknowledge	-2.16	1.88
deny	-2.15	1.88
call	-2.15	1.90
politics	-2.15	0.79
heavy	-2.14	1.91
inconsistencies	-2.12	0.97
busy	-2.11	1.54
dealt	-2.11	1.57
fandom	-2.10	1.52
people	-2.08	1.83
prequels	-2.07	0.92
sand	-2.07	1.71
sake	-2.07	1.50
gl	-2.07	0.91
treatment	-2.05	1.15
choices	-2.03	0.96
mcdiarmid	-2.02	0.99
surprised	-2.02	2.57
weak	-2.02	1.61
portrayal	-2.01	1.16
writers	-2.01	1.21
let	-2.00	2.08
performance	-2.00	1.29
liking	-2.00	1.54
slaughtered	-2.00	1.60
forced	-1.99	0.87
ix	-1.99	0.98
everyone	-1.99	1.82
emergency	-1.98	0.63
america	-1.97	1.59
skip	-1.97	1.98
religious	-1.97	0.49
desperate	-1.96	1.98
casting	-1.96	1.36
neeson	-1.95	1.02
unfortunately	-1.95	1.91
scenes	-1.94	1.12
speech	-1.91	0.55
jj	-1.90	0.92
strongly	-1.90	1.86
disappointing	-1.88	1.69
ugly	-1.88	1.71
midi-chlorians	-1.84	0.64
ani	-1.83	0.73
history	-1.83	2.05
barely	-1.83	0.71
desire	-1.83	1.51
story	-1.82	1.12
loss	-1.79	1.36
tension	-1.79	0.91
nerds	-1.79	1.71
trolling	-1.79	2.13
prominent	-1.78	0.84
emotions	-1.77	1.55
racist	-1.76	0.87
authors	-1.75	0.96
plain	-1.75	1.23
frustrating	-1.75	1.66
act	-1.75	0.92
j.j	-1.75	0.93
quality	-1.74	0.99
irrelevant	-1.73	1.15
emotion	-1.73	1.48
representative	-1.72	0.69
fans	-1.72	1.62
responsible	-1.71	0.64
arguing	-1.70	2.03
scenario	-1.70	1.65
bothers	-1.69	1.61
battlefield	-1.68	2.21
prove	-1.68	2.36
replace	-1.68	0.54
cry	-1.67	1.95
ian	-1.67	1.12
lacking	-1.65	1.64
directors	-1.65	1.13
subjective	-1.65	2.00
pointless	-1.64	1.18
mcgregor	-1.64	1.24
stating	-1.62	2.46
holes	-1.61	0.88
likes	-1.61	2.12
generic	-1.61	1.09
hooked	-1.60	2.12
slow	-1.60	0.98
whiny	-1.59	0.90
issues	-1.59	0.93
shaw	-1.59	1.10
feelings	-1.58	1.28
decision	-1.58	0.97
narrative	-1.58	0.90
frankly	-1.57	1.01
caused	-1.57	1.21
ewan	-1.56	1.22
embrace	-1.56	1.45
problems	-1.56	0.65
silly	-1.55	1.66
terribly	-1.55	1.16
balls	-1.55	0.87
expecting	-1.54	2.42
replaced	-1.54	0.79
bored	-1.54	1.58
excuse	-1.52	0.99
angry	-1.51	2.01
hoping	-1.51	2.43
missing	-1.51	2.09
fucked	-1.51	1.73
along	-1.50	0.80
kevin	-1.50	0.87
spoiled	-1.49	0.72
confusing	-1.48	1.18
aotc	-1.48	0.78
proven	-1.46	2.44
filoni	-1.45	0.82
replacing	-1.45	0.79
mainly	-1.44	1.88
torture	-1.44	0.77
ghost	-1.43	0.97
actions	-1.42	0.76
mystery	-1.42	0.78
terror	-1.42	0.84
losing	-1.41	1.35
redeeming	-1.41	1.98
farm	-1.41	0.66
mistaken	-1.40	2.17
by	-1.40	0.76
badly	-1.40	0.88
liam	-1.40	0.85
sometimes	-1.39	1.07
spoil	-1.39	0.84
differently	-1.39	2.39
alter	-1.39	0.62
michael	-1.38	0.84
ruin	-1.38	0.77
racing	-1.37	0.89
faith	-1.37	0.84
actor	-1.37	1.24
terms	-1.37	0.94
dont	-1.37	2.10
confused	-1.36	2.45
complaining	-1.36	1.22
strikes	-1.35	0.78
implying	-1.35	0.69
sequels	-1.34	0.95
originally	-1.34	0.86
liked	-1.34	1.66
power	-1.34	1.26
vision	-1.33	0.82
panels	-1.33	0.87
whenever	-1.33	0.78
ewoks	-1.33	0.62
bothered	-1.32	0.95
disagree	-1.31	1.93
betrayal	-1.31	0.63
weakness	-1.30	0.92
dealing	-1.30	0.73
pt	-1.29	0.77
flaws	-1.29	0.63
damage	-1.29	0.77
lead	-1.29	1.23
pissed	-1.27	2.37
j	-1.27	0.89
notes	-1.27	0.84
par	-1.23	0.75
mad	-1.23	1.95
conversations	-1.21	0.95
spoken	-1.21	0.80
selfish	-1.21	0.76
leg	-1.21	0.65
questionable	-1.21	0.79
jerk	-1.20	0.75
simply	-1.20	2.63
sure	-1.20	2.69
minus	-1.19	0.63
entirely	-1.19	2.49
interviews	-1.18	0.90
philosophy	-1.18	0.65
unfortunate	-1.18	0.72
tracks	-1.18	0.62
hurts	-1.18	1.38
chaos	-1.17	0.83
knows	-1.17	2.21
intentionally	-1.17	0.81
beats	-1.16	0.71
confusion	-1.16	0.84
darksaber	-1.16	0.53
attack	-1.15	0.69
general	-1.15	0.53
bound	-1.15	0.88
constructed	-1.14	0.79
political	-1.14	0.77
inherently	-1.14	0.78
largely	-1.13	0.62
struggle	-1.13	0.92
conceived	-1.13	0.74
freedom	-1.13	0.65
equipment	-1.12	0.69
breaking	-1.12	0.73
taste	-1.12	0.96
trash	-1.11	0.75
believes	-1.11	2.24
dave	-1.11	0.88
saves	-1.11	0.70
smile	-1.10	2.00
2000	-1.10	0.79
negative	-1.10	1.20
identify	-1.10	0.67
understood	-1.10	1.95
nor	-1.10	0.76
recall	-1.09	2.50
exposed	-1.09	0.80
destiny	-1.09	0.55
watto	-1.09	0.55
calling	-1.09	0.80
completely	-1.08	2.46
slaughter	-1.08	0.66
attitude	-1.08	0.79
overcome	-1.08	1.19
unpopular	-1.08	0.93
vos	-1.08	0.42
killing	-1.08	0.75
than	-1.07	0.95
younglings	-1.07	0.72
goofy	-1.07	1.11
trust	-1.07	0.71
fanboy	-1.06	0.81
dish	-1.06	0.78
aim	-1.06	0.71
shooting	-1.06	0.82
accident	-1.06	0.80
telling	-1.06	1.10
struck	-1.06	0.72
1313	-1.05	2.15
bears	-1.05	0.73
involvement	-1.04	0.76
crowd	-1.04	0.60
everybody	-1.04	2.18
function	-1.04	0.77
biggest	-1.04	2.29
raw	-1.04	1.09
parent	-1.03	1.70
exception	-1.03	0.56
spot	-1.03	0.82
esb	-1.03	0.76
somehow	-1.02	0.77
mental	-1.02	0.98
bigger	-1.02	0.96
deserve	-1.02	1.97
rushed	-1.02	0.79
strength	-1.02	1.20
decent	-1.02	1.01
project	-1.01	0.70
tpm	-1.01	0.82
disappointment	-1.01	0.84
wound	-1.01	0.63
pure	-1.01	1.18
violence	-1.01	0.71
temple	-1.00	0.55
characters	-1.00	0.86
l	-0.99	0.73
portray	-0.99	0.72
talking	-0.98	2.53
arguably	-0.98	2.37
quit	-0.98	0.83
letting	-0.97	1.24
c3po	-0.97	0.50
darkside	-0.97	0.92
involved	-0.96	0.62
pod	-0.96	0.83
creator	-0.96	0.79
messed	-0.96	2.07
relationships	-0.96	0.69
warfare	-0.96	0.71
executed	-0.95	0.92
limbs	-0.95	0.72
causing	-0.95	0.71
anakins	-0.95	0.86
whereas	-0.94	0.61
instances	-0.94	0.81
invented	-0.94	0.77
creative	-0.94	1.07
safety	-0.94	0.54
survivors	-0.93	0.68
zahn	-0.93	0.69
driven	-0.93	1.09
discussing	-0.93	1.00
better	-0.93	1.71
blows	-0.93	0.53
bs	-0.93	0.85
ruining	-0.93	1.03
upside	-0.93	0.58
methods	-0.93	0.80
morrison	-0.92	0.97
revenge	-0.92	0.80
jackson	-0.92	0.90
forth	-0.92	0.76
saying	-0.92	3.00
lee	-0.92	0.88
simultaneously	-0.92	0.82
entire	-0.91	2.54
leading	-0.91	0.91
idiot	-0.91	0.99
1999	-0.91	0.94
darkness	-0.91	0.70
dr	-0.91	0.77
outright	-0.91	0.90
thoroughly	-0.91	0.78
counts	-0.91	0.78
shaft	-0.90	0.61
side	-0.90	0.95
screwed	-0.90	0.84
stopping	-0.90	0.64
ultimately	-0.90	0.82
90s	-0.90	0.76
author	-0.90	0.77
popularity	-0.89	0.72
towards	-0.89	0.82
favor	-0.89	0.85
fall	-0.89	0.73
ones	-0.89	0.77
moments	-0.89	0.85
ports	-0.89	0.74
vii	-0.89	0.73
tribe	-0.89	0.69
mostly	-0.88	0.79
intentions	-0.88	0.70
path	-0.88	0.74
laughed	-0.88	1.91
speaks	-0.88	0.78
novelization	-0.87	0.74
unlimited	-0.87	0.63
samuel	-0.87	0.83
handed	-0.87	0.71
team	-0.87	0.77
claiming	-0.87	0.67
raiders	-0.87	0.70
handle	-0.86	0.79
case	-0.86	2.85
vague	-0.86	0.82
damaged	-0.86	0.66
granted	-0.86	0.64
facial	-0.86	0.81
thinking	-0.86	2.55
away	-0.86	0.81
anytime	-0.85	0.75
attempt	-0.85	0.75
roles	-0.85	0.73
single	-0.85	2.58
themselves	-0.85	0.81
constant	-0.85	0.96
trilogies	-0.85	0.74
slavery	-0.85	0.72
conflicts	-0.85	0.80
heat	-0.85	0.85
billions	-0.84	0.76
fine	-0.84	2.04
into	-0.84	0.78
toward	-0.84	0.79
twist	-0.84	0.76
apart	-0.84	0.81
rarely	-0.84	0.66
agree	-0.84	2.84
qui-gon	-0.84	0.63
anderson	-0.84	0.77
dark	-0.83	0.86
importance	-0.83	0.63
species	-0.83	0.65
aspects	-0.83	0.91
addition	-0.83	0.85
falls	-0.83	0.62
direct	-0.83	0.73
disbelief	-0.83	0.71
christopher	-0.82	0.82
enjoyed	-0.82	1.80
tossed	-0.82	0.70
surrounded	-0.82	0.58
attempts	-0.82	0.80
tough	-0.82	1.95
seek	-0.82	0.90
lies	-0.82	0.72
gain	-0.82	1.02
solid	-0.82	1.38
reached	-0.82	0.81
merely	-0.81	2.39
tone	-0.81	0.86
jokes	-0.80	1.06
judgement	-0.80	0.89
duty	-0.80	0.59
return	-0.80	0.83
cases	-0.80	0.78
himself	-0.79	0.55
spin	-0.79	0.75
express	-0.79	1.08
amidala	-0.79	0.55
answered	-0.79	2.60
dump	-0.79	0.70
social	-0.79	0.59
goals	-0.78	0.75
surprise	-0.78	0.81
besides	-0.78	0.56
representation	-0.78	0.77
afraid	-0.78	1.89
hardcore	-0.78	0.86
interaction	-0.77	0.73
arrogant	-0.77	0.80
tusken	-0.77	0.69
remain	-0.77	0.75
reactions	-0.77	0.60
accept	-0.77	1.30
instantly	-0.76	0.90
led	-0.76	0.84
ignorance	-0.76	0.80
options	-0.76	0.94
operate	-0.76	0.67
ignored	-0.76	1.03
turning	-0.76	0.74
naturally	-0.76	0.72
organic	-0.76	0.74
screw	-0.76	1.01
teenager	-0.76	0.66
action	-0.75	0.96
deliberately	-0.75	0.81
storylines	-0.75	0.82
episode	-0.75	0.85
implied	-0.75	0.84
downfall	-0.75	0.74
existence	-0.75	0.92
racism	-0.74	0.89
ways	-0.74	0.92
murdered	-0.74	0.67
upset	-0.74	2.50
speaking	-0.74	0.73
hence	-0.74	0.83
9	-0.74	0.92
purely	-0.74	1.03
calls	-0.74	0.91
silver	-0.74	0.82
harsh	-0.73	0.95
sacrifice	-0.73	0.76
manipulation	-0.73	0.68
circle	-0.73	0.51
timothy	-0.73	0.64
chase	-0.73	0.71
innocent	-0.73	0.64
standpoint	-0.73	0.93
flesh	-0.73	0.74
boss	-0.73	0.63
dat	-0.72	1.63
absolutes	-0.72	0.87
lotr	-0.72	0.72
dice	-0.72	0.83
burned	-0.72	0.62
luceno	-0.72	0.62
ensure	-0.72	0.60
contradict	-0.72	1.10
guinness	-0.72	1.12
randomly	-0.72	0.75
grab	-0.71	0.77
survives	-0.71	0.60
slaves	-0.71	0.67
qui	-0.71	0.64
trade	-0.71	0.65
tradition	-0.71	0.68
exhaust	-0.71	0.70
mentioning	-0.71	0.93
control	-0.71	0.73
forcing	-0.71	0.74
interview	-0.71	0.84
creation	-0.71	0.68
concerned	-0.71	1.95
effectively	-0.71	0.61
examples	-0.70	0.85
senator	-0.70	0.64
suggesting	-0.70	1.49
geek	-0.70	0.77
own	-0.70	0.85
kid	-0.70	0.74
broad	-0.70	0.75
purposes	-0.70	0.88
7	-0.70	0.88
defense	-0.70	0.65
hopefully	-0.70	1.04
held	-0.69	0.73
race	-0.69	0.64
attacks	-0.69	0.65
adult	-0.69	0.63
ot	-0.69	0.82
wondering	-0.69	1.93
failure	-0.69	0.71
parts	-0.69	0.91
rough	-0.69	0.95
chose	-0.69	1.04
handled	-0.68	0.65
flaw	-0.68	0.80
forward	-0.68	1.19
returns	-0.68	0.67
unaware	-0.68	1.16
kenobi	-0.68	0.62
overthrow	-0.68	0.68
optimistic	-0.68	2.47
manage	-0.68	1.08
cast	-0.68	0.78
disappointed	-0.67	2.64
proves	-0.67	0.80
becoming	-0.67	0.71
conflict	-0.67	0.58
crew	-0.67	0.70
view	-0.67	0.80
solar	-0.67	0.72
everywhere	-0.67	0.85
words	-0.66	0.90
overpowered	-0.66	0.85
due	-0.66	0.75
stunt	-0.66	0.90
noise	-0.66	0.85
teachings	-0.66	0.58
hired	-0.66	0.85
jinn	-0.66	0.63
corrupted	-0.65	0.70
amongst	-0.65	0.60
duels	-0.65	0.79
endless	-0.65	0.67
magazine	-0.65	0.73
picks	-0.65	0.65
knowledge	-0.65	0.80
contradicted	-0.65	1.24
worried	-0.64	2.61
living	-0.64	0.55
ghosts	-0.64	0.71
versus	-0.64	0.68
population	-0.64	0.61
thinks	-0.64	2.04
about	-0.64	1.70
whatnot	-0.64	0.80
circumstances	-0.64	0.80
trilogy	-0.63	0.62
exaggerated	-0.63	0.85
convince	-0.63	1.08
violent	-0.63	0.83
rude	-0.63	2.26
opinions	-0.63	1.28
port	-0.62	0.66
amazed	-0.62	2.01
corrupt	-0.62	0.67
soft	-0.62	0.81
development	-0.62	0.69
padawans	-0.62	0.64
mystical	-0.62	0.66
preserve	-0.62	0.70
assuming	-0.61	2.03
guessing	-0.61	1.98
came	-0.61	0.89
expectations	-0.61	0.92
allowing	-0.61	0.88
realizes	-0.61	0.84
nonsense	-0.61	1.01
deaths	-0.61	0.70
manipulated	-0.61	0.59
impressed	-0.61	2.58
originals	-0.60	0.79
secretly	-0.60	0.66
grew	-0.60	0.75
fool	-0.60	0.71
bugs	-0.60	0.72
races	-0.60	0.60
defending	-0.60	0.70
simple	-0.60	1.03
mentally	-0.60	0.80
standards	-0.59	0.78
creepy	-0.59	1.16
relation	-0.59	0.61
involving	-0.59	0.71
bullshit	-0.59	1.08
curious	-0.59	2.04
forget	-0.59	1.18
business	-0.59	0.74
force	-0.59	0.72
acceptable	-0.59	0.96
deciding	-0.59	0.74
saved	-0.59	0.77
attachments	-0.59	1.03
precisely	-0.58	0.63
allow	-0.58	0.97
corruption	-0.58	0.65
settle	-0.58	0.78
alone	-0.58	1.02
abilities	-0.58	0.76
falling	-0.58	0.69
contradicts	-0.58	1.12
da	-0.58	0.91
confident	-0.58	1.48
rolls	-0.58	0.77
fully	-0.58	0.81
accepted	-0.58	0.64
picking	-0.58	0.67
key	-0.58	0.73
mass	-0.58	0.66
premise	-0.57	1.11
nerd	-0.57	0.91
latter	-0.57	0.71
weapons	-0.57	0.72
nostalgia	-0.57	0.84
dropping	-0.57	0.74
begin	-0.57	0.75
viewers	-0.57	0.75
powers	-0.57	0.72
albeit	-0.57	0.82
generator	-0.57	0.64
lock	-0.56	0.91
surprising	-0.56	2.07
supporting	-0.56	0.64
relate	-0.56	0.87
round	-0.56	0.65
generally	-0.56	0.85
lose	-0.56	0.92
backwards	-0.56	0.78
self	-0.56	0.95
down	-0.56	0.97
justify	-0.56	0.84
natural	-0.56	0.83
blood	-0.56	0.66
knowing	-0.56	1.15
defeat	-0.56	0.79
palps	-0.56	0.60
ridiculous	-0.56	1.08
krayt	-0.56	0.75
alongside	-0.56	0.75
i-iii	-0.56	0.72
opposite	-0.55	0.71
and/or	-0.55	0.70
broken	-0.55	0.85
killed	-0.55	0.69
thrown	-0.55	0.74
talk	-0.55	1.47
jobs	-0.55	0.69
filmed	-0.55	0.60
tl	-0.55	0.79
stories	-0.55	0.80
reality	-0.55	0.87
prepare	-0.54	0.61
defensive	-0.54	0.58
slowly	-0.54	0.84
emotional	-0.54	0.86
lives	-0.54	0.72
naboo	-0.54	0.70
grievous	-0.54	0.56
faces	-0.54	0.78
aware	-0.54	1.81
hopeful	-0.54	2.51
most	-0.54	2.43
initially	-0.54	0.68
nobody	-0.54	1.06
torn	-0.53	1.32
reviews	-0.53	0.69
accent	-0.53	0.71
focused	-0.53	0.69
nowadays	-0.53	0.75
internal	-0.53	0.62
shock	-0.53	0.88
2005	-0.53	0.85
scheme	-0.53	0.85
jawas	-0.53	0.64
screaming	-0.53	0.76
count	-0.53	0.62
smith	-0.53	0.76
lens	-0.53	0.62
vulnerable	-0.53	0.80
food	-0.53	0.82
senate	-0.53	0.54
speak	-0.53	0.93
minority	-0.53	1.13
danger	-0.53	0.86
intelligence	-0.52	0.53
peace	-0.52	0.66
brand	-0.52	0.78
decides	-0.52	0.91
herself	-0.52	0.67
position	-0.52	0.67
awakens	-0.52	0.77
meanwhile	-0.52	0.67
including	-0.52	0.55
shortly	-0.52	0.72
understanding	-0.52	0.84
excitement	-0.52	0.92
fights	-0.52	0.78
focus	-0.52	0.59
beings	-0.52	0.75
reader	-0.52	0.83
scared	-0.52	1.91
wide	-0.52	0.73
ancient	-0.51	0.63
ex	-0.51	0.36
against	-0.51	0.54
admittedly	-0.51	1.05
adding	-0.51	0.81
hype	-0.51	0.77
men	-0.51	0.64
dying	-0.51	0.58
offensive	-0.51	0.69
learn	-0.51	0.87
reboot	-0.51	0.65
male	-0.51	0.73
non	-0.51	0.73
tells	-0.51	0.71
attached	-0.50	0.81
bioware	-0.50	0.72
behavior	-0.50	0.79
feeling	-0.50	1.35
fire	-0.50	0.68
asking	-0.50	1.61
loses	-0.50	0.66
allows	-0.50	0.75
earth	-0.50	0.51
palpatine	-0.50	0.59
projects	-0.50	0.70
impact	-0.50	0.69
protagonist	-0.50	0.58
recognize	-0.50	0.59
chain	-0.49	0.55
journey	-0.49	0.68
burn	-0.49	0.81
younger	-0.49	0.69
humanity	-0.49	0.63
window	-0.49	0.73
destruction	-0.49	0.82
hole	-0.49	0.70
resist	-0.49	0.86
flashback	-0.49	0.70
mechanical	-0.49	0.78
skill	-0.49	0.81
right	-0.49	3.01
lost	-0.48	0.91
conversation	-0.48	1.03
cheap	-0.48	0.99
reveal	-0.48	0.68
solely	-0.48	0.77
survived	-0.48	0.63
spoke	-0.48	0.60
origins	-0.48	0.65
women	-0.48	0.73
test	-0.48	0.82
burning	-0.48	0.63
culture	-0.48	0.67
refer	-0.48	0.75
obiwan	-0.48	0.57
1	-0.48	0.79
controlling	-0.48	0.72
broke	-0.48	0.63
medium	-0.47	0.67
taught	-0.47	0.64
quotes	-0.47	0.72
genuine	-0.47	0.70
follow	-0.47	0.80
malak	-0.47	0.67
blasters	-0.47	0.73
religions	-0.47	0.65
padme	-0.47	0.68
members	-0.47	0.57
crisis	-0.46	0.58
will	-0.46	1.40
motion	-0.46	0.66
midichlorian	-0.46	0.63
cause	-0.46	1.15
throwing	-0.46	0.74
comedy	-0.46	0.85
impression	-0.46	1.63
complaints	-0.46	0.76
him	-0.46	0.86
emotionally	-0.46	0.77
combined	-0.46	0.87
asks	-0.46	0.90
talks	-0.46	0.76
sensitivity	-0.46	0.64
american	-0.46	0.56
greatest	-0.46	2.53
amounts	-0.46	0.74
retcon	-0.46	1.00
interests	-0.46	0.68
skeptical	-0.46	2.52
energy	-0.46	0.67
added	-0.46	0.80
planet	-0.45	0.61
audience	-0.45	0.68
primarily	-0.45	0.51
crime	-0.45	0.75
sees	-0.45	0.97
hopes	-0.45	1.23
victory	-0.45	0.94
obi-wan	-0.45	0.59
connect	-0.45	1.03
extreme	-0.45	0.98
useless	-0.45	0.86
evil	-0.45	0.66
character	-0.45	0.68
fallen	-0.45	0.69
wan	-0.45	0.64
fill	-0.45	0.74
separatists	-0.45	0.57
messing	-0.45	0.90
carry	-0.45	0.77
aspect	-0.44	0.99
viewer	-0.44	0.54
placed	-0.44	0.84
laws	-0.44	0.66
limits	-0.44	0.75
decided	-0.44	0.97
forgetting	-0.44	1.78
yoda	-0.44	0.60
occasionally	-0.44	0.75
body	-0.44	0.69
regularly	-0.44	0.71
letter	-0.44	0.64
filled	-0.44	1.06
tries	-0.44	1.00
portrayed	-0.44	0.78
council	-0.44	0.60
systems	-0.43	0.62
cried	-0.43	0.94
explosion	-0.43	0.61
adds	-0.43	0.86
approach	-0.43	0.66
viewed	-0.43	0.98
glass	-0.43	0.80
repeat	-0.43	0.77
sticks	-0.43	0.78
strategy	-0.43	0.64
labyrinth	-0.43	0.56
code	-0.42	0.67
media	-0.42	0.60
dropped	-0.42	0.84
mace	-0.42	0.57
teaching	-0.42	0.66
native	-0.42	0.62
central	-0.42	0.61
die	-0.42	1.10
served	-0.42	0.57
gaps	-0.42	0.67
ignoring	-0.42	1.01
trouble	-0.42	1.23
studio	-0.42	0.74
rim	-0.41	0.57
angle	-0.41	0.77
moisture	-0.41	0.64
outer	-0.41	0.58
society	-0.41	0.65
avoid	-0.41	0.92
hunted	-0.41	0.76
purpose	-0.41	0.80
career	-0.41	0.88
stronger	-0.41	0.88
produce	-0.41	0.71
guardians	-0.41	0.58
grown	-0.41	0.71
noble	-0.41	0.62
rots	-0.41	0.63
beginning	-0.41	0.72
strike	-0.41	0.65
strict	-0.41	0.72
worlds	-0.41	0.60
drink	-0.41	0.75
stated	-0.41	1.22
lets	-0.41	1.01
commentary	-0.41	0.69
names	-0.41	0.78
magic	-0.41	0.65
users	-0.41	0.83
turned	-0.40	0.83
plagueis	-0.40	0.56
backwater	-0.40	0.54
spelled	-0.40	2.56
thoughts	-0.40	0.94
grevious	-0.40	0.65
production	-0.40	0.71
obi	-0.40	0.61
believable	-0.40	0.88
plasma	-0.40	0.63
bag	-0.40	0.80
shots	-0.40	0.72
crushed	-0.40	0.84
trap	-0.40	0.75
primary	-0.40	0.70
anakin	-0.40	0.58
language	-0.40	0.92
kreia	-0.40	0.72
8	-0.40	0.78
escaping	-0.40	0.63
discuss	-0.40	1.01
allowed	-0.40	1.06
outbound	-0.39	0.62
ftfy	-0.39	0.88
planets	-0.39	0.69
leave	-0.39	1.18
viii	-0.39	0.68
seemingly	-0.39	0.69
ready	-0.39	1.24
areas	-0.39	0.71
attacked	-0.39	0.60
government	-0.39	0.58
older	-0.39	0.71
excited	-0.39	2.57
follows	-0.39	0.63
leaders	-0.39	0.56
separatist	-0.39	0.56
alec	-0.39	1.03
intelligent	-0.39	0.79
absurd	-0.39	0.74
destroyed	-0.39	0.81
smooth	-0.39	0.78
brief	-0.39	0.81
gas	-0.39	0.73
monster	-0.39	0.71
kills	-0.39	0.56
defeated	-0.38	0.75
serious	-0.38	0.78
faction	-0.38	0.66
empires	-0.38	0.61
supreme	-0.38	0.63
armed	-0.38	0.57
specifically	-0.38	0.90
questions	-0.38	0.98
lying	-0.38	0.88
high	-0.38	0.62
getting	-0.38	1.54
bomb	-0.38	0.78
concern	-0.38	0.81
backstory	-0.38	0.80
galaxy	-0.38	1.00
rest	-0.38	1.01
curiosity	-0.38	0.88
controlled	-0.38	0.59
created	-0.37	0.70
tactical	-0.37	0.62
hitting	-0.37	0.78
prevent	-0.37	0.83
explains	-0.37	0.61
dantooine	-0.37	0.53
value	-0.37	0.73
altered	-0.37	0.83
expert	-0.37	1.33
touched	-0.37	0.79
movement	-0.37	0.53
hokey	-0.37	0.69
us	-0.37	0.99
expected	-0.37	1.04
chancellor	-0.37	0.60
toss	-0.37	0.80
willing	-0.37	1.29
wisdom	-0.36	0.70
british	-0.36	0.64
pretend	-0.36	1.49
role	-0.36	0.77
followed	-0.36	0.67
became	-0.36	0.75
essence	-0.36	0.86
wo	-0.36	1.49
twisted	-0.36	0.84
refused	-0.36	0.75
eating	-0.36	0.77
describe	-0.36	1.00
gf	-0.36	2.11
crossed	-0.36	0.77
exceptions	-0.36	0.60
causes	-0.36	0.80
produced	-0.36	0.72
involve	-0.35	0.67
ea	-0.35	0.82
foot	-0.35	0.68
draw	-0.35	0.87
obsession	-0.35	0.67
particularly	-0.35	0.96
crush	-0.35	0.65
brain	-0.35	0.69
live	-0.35	0.84
appearances	-0.35	0.58
location	-0.35	0.63
situations	-0.35	0.73
low	-0.35	0.62
remained	-0.35	0.72
briefly	-0.35	0.55
instructions	-0.35	0.59
vector	-0.35	0.77
overall	-0.35	1.29
supposedly	-0.35	0.78
commanders	-0.35	0.54
becomes	-0.35	0.68
hits	-0.35	0.63
rey	-0.35	0.72
tano	-0.35	0.53
restore	-0.35	0.76
harvest	-0.35	0.67
theaters	-0.35	0.86
standalone	-0.35	0.67
2nd	-0.34	0.63
audiences	-0.34	0.69
strong	-0.34	0.68
service	-0.34	0.80
anh	-0.34	0.61
adults	-0.34	0.71
leaves	-0.34	0.71
generations	-0.34	0.84
cinematic	-0.34	1.32
become	-0.34	0.79
quest	-0.34	0.56
focusing	-0.34	0.79
moving	-0.34	0.76
young	-0.34	0.54
around	-0.34	0.82
train	-0.34	0.68
item	-0.34	0.78
element	-0.34	0.78
rocks	-0.34	0.76
redeemed	-0.34	0.58
arm	-0.34	0.70
halfway	-0.34	0.85
student	-0.33	0.67
bridge	-0.33	0.73
edits	-0.33	0.68
duology	-0.33	0.61
revealed	-0.33	0.57
facing	-0.33	0.89
1-3	-0.33	0.62
physics	-0.33	0.97
tatooine	-0.33	0.48
motivation	-0.33	0.75
chopped	-0.33	0.70
bf4	-0.33	0.71
filming	-0.33	0.76
attempting	-0.33	1.17
gon	-0.33	1.26
learning	-0.33	0.83
presence	-0.33	0.77
aimed	-0.33	0.63
decide	-0.33	1.24
coolest	-0.33	2.27
rise	-0.33	0.58
learns	-0.32	0.64
quinlan	-0.32	0.49
react	-0.32	1.10
retconned	-0.32	0.92
environment	-0.32	0.71
suppose	-0.32	2.59
rant	-0.32	0.97
instance	-0.32	0.59
method	-0.32	0.77
saturday	-0.32	0.76
avengers	-0.32	0.60
clash	-0.32	0.79
talked	-0.32	0.88
trek	-0.32	0.68
unlike	-0.32	0.46
nature	-0.32	0.93
center	-0.32	0.72
traitor	-0.32	0.60
confirmed	-0.32	0.81
plinkett	-0.32	0.67
windu	-0.32	0.57
stuck	-0.32	0.95
object	-0.32	0.64
personal	-0.32	0.91
trying	-0.32	1.28
inside	-0.31	0.63
hire	-0.31	0.75
dirty	-0.31	0.88
unknown	-0.31	0.77
karen	-0.31	0.69
opinion	-0.31	1.36
legacy	-0.31	0.61
reading	-0.31	0.68
allegiance	-0.31	0.57
cis	-0.31	0.60
escapes	-0.31	0.64
thin	-0.31	0.71
generation	-0.31	0.71
plan	-0.31	0.74
m	-0.31	1.88
managed	-0.31	1.03
read	-0.31	0.63
motivations	-0.31	0.71
chances	-0.31	0.78
king	-0.31	0.65
referencing	-0.31	0.63
sidious	-0.31	0.61
degree	-0.31	0.67
flashy	-0.31	0.72
nest	-0.31	0.54
applied	-0.31	0.75
argue	-0.31	1.86
pull	-0.30	1.02
weaker	-0.30	0.86
immediately	-0.30	0.75
increase	-0.30	0.69
germany	-0.30	0.58
ca	-0.30	1.49
darker	-0.30	0.86
shall	-0.30	0.70
personalities	-0.30	0.86
4-6	-0.30	0.74
films	-0.30	0.78
belief	-0.30	1.12
equal	-0.30	0.80
thus	-0.30	0.71
training	-0.30	0.65
chapter	-0.30	0.66
remove	-0.30	0.80
recommend	-0.29	0.63
universes	-0.29	0.74
serve	-0.29	0.68
dooku	-0.29	0.57
anybody	-0.29	1.10
teach	-0.29	0.76
tools	-0.29	0.71
bolts	-0.29	0.66
north	-0.29	0.59
threat	-0.29	0.68
tied	-0.29	0.68
virtually	-0.29	0.72
referring	-0.29	1.69
closer	-0.29	0.81
sensitives	-0.29	0.75
defeating	-0.29	0.65
instead	-0.29	1.10
origin	-0.29	0.67
kill	-0.29	0.91
block	-0.29	0.67
cutting	-0.29	0.77
properly	-0.28	0.94
reveals	-0.28	0.56
sequel	-0.28	0.68
reflect	-0.28	0.73
sentient	-0.28	0.72
inner	-0.28	0.88
producing	-0.28	0.69
darth	-0.28	0.56
dies	-0.28	0.59
breath	-0.28	0.70
manipulate	-0.28	0.73
beating	-0.28	0.65
learned	-0.28	0.85
connection	-0.28	0.74
desert	-0.28	0.65
speed	-0.28	0.74
yourself	-0.28	1.38
others	-0.28	1.17
able	-0.28	1.15
jedi	-0.28	0.62
vader	-0.28	0.59
fascinating	-0.28	1.89
lord	-0.28	0.60
fucks	-0.28	0.81
confront	-0.28	0.71
formed	-0.28	0.65
centered	-0.28	0.65
health	-0.27	0.65
tragic	-0.27	0.71
neither	-0.27	0.74
scope	-0.27	0.56
purge	-0.27	0.63
faster	-0.27	0.83
defend	-0.27	0.67
property	-0.27	0.71
sentiment	-0.27	1.04
indiana	-0.27	0.67
told	-0.27	1.12
redemption	-0.27	0.63
comparison	-0.27	0.97
franchises	-0.27	1.26
joe	-0.27	0.54
drives	-0.27	0.91
category	-0.27	1.05
failed	-0.27	0.81
cuz	-0.27	0.87
died	-0.27	0.65
skills	-0.27	0.69
firing	-0.27	0.75
kanan	-0.27	0.59
waste	-0.27	0.76
promise	-0.27	0.94
claim	-0.27	0.87
stopped	-0.27	0.68
dry	-0.27	0.76
points	-0.26	0.83
masters	-0.26	0.62
sith	-0.26	0.62
intent	-0.26	0.94
introduces	-0.26	0.59
large	-0.26	0.70
offered	-0.26	0.58
master	-0.26	0.62
features	-0.26	0.70
received	-0.26	0.72
traviss	-0.26	0.68
unable	-0.26	0.98
paying	-0.26	0.93
blaster	-0.26	0.67
prowse	-0.26	1.09
idiots	-0.26	0.84
lucasfilm	-0.26	0.81
going	-0.26	1.95
soon	-0.26	1.03
cant	-0.26	1.20
parallel	-0.26	0.75
issue	-0.26	0.85
lack	-0.26	0.84
planned	-0.26	0.76
eventually	-0.26	0.81
padawan	-0.26	0.60
massive	-0.26	0.83
accidentally	-0.25	0.70
advantage	-0.25	0.80
hit	-0.25	0.69
understandable	-0.25	2.12
tool	-0.25	0.77
keeps	-0.25	0.83
goal	-0.25	0.70
enterprise	-0.25	0.65
throughout	-0.25	1.15
debate	-0.25	1.04
receive	-0.25	0.82
tarkin	-0.25	0.57
connected	-0.25	0.68
lava	-0.25	0.65
emperor	-0.25	0.64
blind	-0.25	1.05
insert	-0.25	0.80
gray	-0.24	0.68
tattooine	-0.24	0.68
ezra	-0.24	0.60
normal	-0.24	0.76
aesthetic	-0.24	0.83
confidence	-0.24	0.73
doubt	-0.24	1.72
villain	-0.24	0.68
deep	-0.24	0.77
try	-0.24	1.42
maul	-0.24	0.58
deflect	-0.24	0.70
documentary	-0.24	0.65
main	-0.24	1.00
helping	-0.24	0.76
hope	-0.24	1.60
secrets	-0.24	0.60
videos	-0.24	0.65
easier	-0.24	0.86
without	-0.24	1.07
human	-0.24	0.65
rule	-0.24	0.67
possibility	-0.24	0.90
country	-0.24	0.61
cinema	-0.24	1.28
fired	-0.24	0.78
meaningful	-0.24	0.90
tfa	-0.24	0.79
capacity	-0.23	0.90
gets	-0.23	0.91
finds	-0.23	0.60
chamber	-0.23	0.62
charge	-0.23	0.74
affected	-0.23	0.75
st	-0.23	0.70
elements	-0.23	0.73
lukes	-0.23	0.68
prison	-0.23	0.67
across	-0.23	0.75
started	-0.23	0.83
book	-0.23	0.60
sam	-0.23	1.30
extinct	-0.23	0.64
disney	-0.23	0.84
effect	-0.23	0.70
visible	-0.23	0.67
core	-0.23	0.70
hollywood	-0.23	0.70
transfer	-0.23	0.56
effective	-0.23	0.80
apprentice	-0.23	0.61
following	-0.23	0.68
titles	-0.23	0.64
leadership	-0.23	0.65
thrawn	-0.23	0.54
superman	-0.23	0.58
affect	-0.23	0.89
behind	-0.23	0.67
coruscant	-0.23	0.54
blown	-0.23	0.82
south	-0.23	0.64
turn	-0.23	0.94
na	-0.23	1.47
treated	-0.23	0.69
piss	-0.23	0.98
identity	-0.22	0.80
rumored	-0.22	0.68
beams	-0.22	0.67
z-95	-0.22	0.68
njo	-0.22	0.63
failing	-0.22	0.74
blew	-0.22	0.56
casual	-0.22	0.92
dramatic	-0.22	0.72
ruled	-0.22	0.79
harder	-0.22	0.85
existing	-0.22	0.73
oscar	-0.22	0.73
franchise	-0.22	0.74
lightning	-0.22	0.66
believing	-0.22	1.24
buying	-0.22	1.04
novel	-0.22	0.57
federation	-0.22	0.55
goes	-0.22	0.83
continue	-0.22	0.88
gravity	-0.22	0.68
rancor	-0.22	0.74
stayed	-0.22	0.79
give	-0.21	1.26
awakening	-0.21	0.83
shatterpoint	-0.21	0.61
bane	-0.21	0.57
kids	-0.21	0.63
mortis	-0.21	0.59
confrontation	-0.21	0.65
66	-0.21	0.59
physical	-0.21	0.72
beaten	-0.21	0.76
returned	-0.21	0.65
regard	-0.21	0.81
hidden	-0.21	0.65
planetary	-0.21	0.64
visions	-0.21	0.70
stands	-0.21	0.67
west	-0.21	0.74
enjoying	-0.21	1.22
saiyan	-0.21	0.82
sydow	-0.21	0.71
beam	-0.21	0.67
mustafar	-0.21	0.54
advanced	-0.20	0.67
von	-0.20	0.71
nearly	-0.20	0.82
empire	-0.20	0.63
suggest	-0.20	0.64
spinoff	-0.20	0.71
technology	-0.20	0.68
puppet	-0.20	0.65
ability	-0.20	0.78
vacuum	-0.20	0.68
id	-0.20	0.93
truce	-0.20	0.58
marketing	-0.20	0.71
flip	-0.20	0.70
subject	-0.20	0.93
studios	-0.20	0.72
humans	-0.20	0.65
can	-0.20	1.45
homeworld	-0.20	0.63
remaining	-0.20	0.73
lasers	-0.20	0.66
consider	-0.20	1.21
back	-0.20	0.89
physically	-0.20	0.77
empty	-0.20	0.82
potter	-0.20	0.73
choose	-0.20	0.97
developed	-0.20	0.80
re	-0.20	2.02
anyone	-0.20	1.26
execute	-0.19	0.68
doctor	-0.19	0.55
soul	-0.19	0.73
fanboys	-0.19	0.94
challenge	-0.19	1.03
reasons	-0.19	0.93
suddenly	-0.19	0.76
y-wing	-0.19	0.65
helped	-0.19	0.81
creators	-0.19	0.74
starts	-0.19	0.73
clan	-0.19	0.63
millions	-0.19	0.74
straight	-0.19	0.93
b-wing	-0.19	0.69
pack	-0.19	0.70
smart	-0.19	0.92
pick	-0.19	1.24
doors	-0.19	0.75
age	-0.19	0.70
mature	-0.19	0.73
wanted	-0.19	1.37
cold	-0.18	0.72
up	-0.18	1.04
ll	-0.18	1.44
stage	-0.18	0.69
admit	-0.18	1.05
metal	-0.18	0.62
trusted	-0.18	0.80
shared	-0.18	0.80
extent	-0.18	0.70
walks	-0.18	0.55
trench	-0.18	0.66
full	-0.18	0.99
actively	-0.18	0.83
stop	-0.18	1.19
laser	-0.18	0.66
heir	-0.18	0.57
orders	-0.18	0.65
lords	-0.18	0.79
events	-0.18	0.73
unstable	-0.18	0.70
explained	-0.18	0.86
corner	-0.18	0.92
light	-0.18	0.73
destroy	-0.18	0.75
waiting	-0.18	0.93
passed	-0.18	0.75
remains	-0.17	0.79
address	-0.17	0.90
bantha	-0.17	0.84
students	-0.17	0.65
bodies	-0.17	0.62
vi	-0.17	0.64
major	-0.17	0.82
doesnt	-0.17	1.10
territory	-0.17	0.67
citizens	-0.17	0.75
slower	-0.17	0.90
starting	-0.17	0.62
fisto	-0.17	0.69
harry	-0.17	0.71
prepared	-0.17	0.89
nowhere	-0.17	0.80
order	-0.17	0.63
chronologically	-0.17	0.61
wont	-0.17	1.23
construction	-0.17	0.66
generals	-0.17	0.58
off	-0.17	0.78
arguments	-0.17	0.93
korriban	-0.17	0.61
basically	-0.17	1.22
lights	-0.17	0.69
normally	-0.17	0.78
appeal	-0.17	0.65
female	-0.17	0.68
imperials	-0.17	0.70
interest	-0.17	0.61
upon	-0.16	0.77
queen	-0.16	0.54
spin-off	-0.16	0.74
pit	-0.16	0.65
greatly	-0.16	0.64
inevitable	-0.16	0.77
musical	-0.16	0.90
cancer	-0.16	0.66
significant	-0.16	0.74
escaped	-0.16	0.60
called	-0.16	0.69
pulls	-0.16	0.71
betrayed	-0.16	0.78
hand	-0.16	0.69
period	-0.16	0.79
world	-0.16	0.74
shield	-0.16	0.63
technical	-0.16	0.61
legendary	-0.16	0.76
system	-0.16	0.61
edge	-0.16	0.71
positive	-0.16	1.20
college	-0.16	0.65
stay	-0.16	0.88
discovered	-0.16	0.67
ending	-0.16	0.71
mentions	-0.16	0.68
water	-0.16	0.67
remnant	-0.16	0.61
mentor	-0.16	0.57
rotj	-0.16	0.68
platform	-0.16	0.51
logic	-0.15	0.97
significantly	-0.15	0.80
sounding	-0.15	1.01
slate	-0.15	0.77
am	-0.15	1.81
james	-0.15	0.67
higher	-0.15	0.74
recent	-0.15	0.56
during	-0.15	0.66
picked	-0.15	0.93
bonus	-0.15	0.67
alderaan	-0.15	0.53
exist	-0.15	1.30
1997	-0.15	0.68
turns	-0.15	0.76
beat	-0.15	0.64
arcs	-0.15	0.65
chest	-0.15	0.69
max	-0.15	0.70
add	-0.15	1.07
else	-0.15	1.28
match	-0.15	0.77
gender	-0.15	0.62
proud	-0.15	2.36
outside	-0.15	0.65
deeper	-0.15	0.74
fought	-0.15	0.61
sideous	-0.15	0.67
galactic	-0.15	0.58
groups	-0.15	0.78
geonosis	-0.15	0.56
vehicle	-0.15	0.66
rex	-0.14	0.64
recruit	-0.14	0.75
start	-0.14	0.94
surrounding	-0.14	0.62
serving	-0.14	0.60
criticism	-0.14	0.92
report	-0.14	0.71
rich	-0.14	0.81
stood	-0.14	0.69
hunting	-0.14	0.69
assume	-0.14	1.93
left	-0.14	1.05
security	-0.14	0.62
school	-0.14	0.54
swing	-0.14	0.65
referenced	-0.14	0.88
caught	-0.14	0.71
14	-0.14	0.69
grey	-0.14	0.68
mission	-0.14	0.58
balanced	-0.14	0.76
cultural	-0.14	0.63
wielding	-0.14	0.78
announcement	-0.14	0.77
field	-0.14	0.69
heart	-0.14	0.68
group	-0.14	0.67
relationship	-0.14	0.57
blow	-0.14	0.68
wield	-0.14	0.69
antagonist	-0.14	0.77
spread	-0.14	0.70
study	-0.14	0.72
relative	-0.13	0.70
moral	-0.13	0.67
sides	-0.13	0.73
step	-0.13	0.74
careful	-0.13	1.59
invested	-0.13	0.78
theories	-0.13	0.88
warriors	-0.13	0.58
states	-0.13	0.83
establish	-0.13	0.84
pictured	-0.13	0.78
forms	-0.13	0.68
city	-0.13	0.57
ventress	-0.13	0.50
marriage	-0.13	0.87
hologram	-0.13	0.67
fiction	-0.13	0.73
wins	-0.13	0.66
seeing	-0.13	1.38
maintain	-0.13	0.71
believed	-0.12	0.67
company	-0.12	0.72
highly	-0.12	0.79
working	-0.12	1.45
artistic	-0.12	0.85
17	-0.12	0.69
success	-0.12	0.73
fives	-0.12	0.59
hyperdrive	-0.12	0.55
reaction	-0.12	0.85
base	-0.12	0.60
save	-0.12	0.68
kamino	-0.12	0.63
tend	-0.12	0.96
aging	-0.12	0.73
wanting	-0.12	1.23
earlier	-0.12	0.93
dragon	-0.12	0.80
vs	-0.12	0.57
targets	-0.12	0.76
ends	-0.12	0.67
them	-0.12	1.52
therefore	-0.12	0.82
chosen	-0.12	0.85
remembering	-0.12	2.59
loop	-0.12	0.91
launch	-0.12	0.60
attempted	-0.12	0.77
replacement	-0.12	0.68
force-sensitive	-0.12	0.80
manipulating	-0.12	0.63
lucasarts	-0.12	0.84
needs	-0.12	0.88
survive	-0.12	0.69
secret	-0.12	0.83
tear	-0.12	0.75
community	-0.12	0.62
military	-0.12	0.59
entertaining	-0.12	0.80
frequently	-0.12	0.82
explicitly	-0.12	1.02
result	-0.12	0.78
resistant	-0.12	0.74
grows	-0.11	0.66
pushing	-0.11	0.89
experiences	-0.11	0.62
factor	-0.11	0.89
flew	-0.11	0.57
ridiculously	-0.11	0.94
happens	-0.11	1.14
prophecy	-0.11	0.96
powerful	-0.11	0.92
tyranus	-0.11	0.63
fresh	-0.11	0.77
machete	-0.11	0.60
hyped	-0.11	1.73
land	-0.11	0.66
especially	-0.11	0.80
aggressive	-0.11	0.71
sitting	-0.11	0.90
fast	-0.11	0.78
problem	-0.11	1.13
stick	-0.11	0.96
door	-0.11	0.75
support	-0.11	0.88
kicking	-0.11	0.74
directly	-0.11	0.83
began	-0.11	0.72
shaped	-0.11	0.75
missed	-0.11	2.29
uses	-0.11	0.65
dated	-0.11	0.77
atmosphere	-0.11	0.62
corellia	-0.11	0.53
portion	-0.11	0.69
number	-0.11	0.74
creature	-0.11	0.66
surviving	-0.11	0.64
jumping	-0.10	0.72
whats	-0.10	0.81
pride	-0.10	0.80
remastered	-0.10	0.65
manages	-0.10	0.95
iv	-0.10	0.65
unless	-0.10	1.32
overly	-0.10	0.94
signs	-0.10	0.78
destroying	-0.10	0.73
dual	-0.10	0.91
touching	-0.10	0.66
savage	-0.10	0.54
science	-0.10	0.76
cancelled	-0.10	0.86
<SPECIAL>	-0.10	0.64
<URL>	-0.10	0.64
ion	-0.10	0.62
move	-0.10	0.81
hide	-0.10	0.81
crystal	-0.10	0.65
sequences	-0.10	0.97
want	-0.10	1.60
apply	-0.10	1.20
rifle	-0.10	0.70
cloning	-0.10	0.69
realistic	-0.10	0.84
caedus	-0.10	0.55
known	-0.10	0.86
16	-0.10	0.68
command	-0.10	0.59
c	-0.10	0.89
jack	-0.10	0.69
protecting	-0.10	0.54
arrived	-0.10	0.85
moraband	-0.10	0.74
swords	-0.10	0.66
achieve	-0.09	0.71
facts	-0.09	1.31
inquisitor	-0.09	0.59
grow	-0.09	0.77
lower	-0.09	0.67
rebuild	-0.09	0.86
rising	-0.09	0.88
drive	-0.09	0.84
mixed	-0.09	0.74
afterwards	-0.09	0.69
khan	-0.09	0.79
4	-0.09	0.66
starkiller	-0.09	0.63
carried	-0.09	0.66
viewing	-0.09	0.60
plans	-0.09	0.67
endor	-0.09	0.59
legend	-0.09	0.93
dead	-0.09	0.92
removing	-0.09	0.75
ticket	-0.09	0.73
somewhere	-0.09	1.26
memory	-0.09	0.59
judge	-0.09	1.01
capable	-0.09	0.74
6	-0.09	0.64
bright	-0.09	0.68
argument	-0.09	1.42
pulled	-0.09	0.67
task	-0.09	0.75
critical	-0.09	0.74
lesson	-0.09	0.85
happening	-0.09	1.34
honestly	-0.09	1.40
contact	-0.09	0.59
sheer	-0.09	0.70
genetic	-0.09	0.72
engines	-0.09	0.63
carrying	-0.09	0.73
holocrons	-0.09	0.63
focuses	-0.08	0.61
unrelated	-0.08	0.75
balance	-0.08	0.83
among	-0.08	0.79
healthy	-0.08	0.61
flair	-0.08	0.81
appears	-0.08	0.54
making	-0.08	1.40
kept	-0.08	0.88
tank	-0.08	0.68
required	-0.08	0.67
describing	-0.08	1.33
pressure	-0.08	0.70
create	-0.08	0.83
hero	-0.08	0.64
being	-0.08	1.63
lived	-0.08	0.66
spirit	-0.08	0.68
budget	-0.08	0.66
golden	-0.08	0.74
armies	-0.08	0.61
moff	-0.08	0.63
shoot	-0.08	0.76
growing	-0.08	0.68
reach	-0.08	0.70
comic	-0.08	0.57
benefit	-0.08	0.78
purple	-0.08	0.60
serves	-0.08	0.77
sun	-0.08	0.67
nothing	-0.08	1.29
war	-0.08	0.57
crystals	-0.08	0.73
droids	-0.08	0.63
cuts	-0.08	0.66
kun	-0.07	0.63
5	-0.07	0.66
synthetic	-0.07	0.76
authority	-0.07	0.63
manner	-0.07	0.95
saving	-0.07	0.66
visit	-0.07	0.57
editions	-0.07	0.66
apprentices	-0.07	0.70
families	-0.07	0.68
use	-0.07	1.08
breathing	-0.07	0.72
whoever	-0.07	0.56
shift	-0.07	0.78
further	-0.07	0.78
cut	-0.07	0.73
edited	-0.07	0.93
contain	-0.07	0.76
flight	-0.07	0.60
total	-0.07	0.80
potentially	-0.07	0.78
compared	-0.07	0.77
regards	-0.07	0.65
travel	-0.07	0.69
additions	-0.07	0.74
versions	-0.07	0.65
beyond	-0.07	0.85
wondered	-0.07	1.35
break	-0.07	0.86
hands	-0.07	0.71
highest	-0.06	0.67
commander	-0.06	0.62
teacher	-0.06	0.61
villains	-0.06	0.94
flow	-0.06	1.08
random	-0.06	0.79
forest	-0.06	0.60
pulling	-0.06	0.79
after	-0.06	0.81
90	-0.06	0.68
snow	-0.06	0.68
device	-0.06	0.73
dlc	-0.06	0.73
version	-0.06	0.64
member	-0.06	0.67
independent	-0.06	0.72
ben	-0.06	0.52
floor	-0.06	0.74
zannah	-0.06	0.54
apparent	-0.06	0.81
wampa	-0.06	0.81
continuation	-0.06	0.65
accomplished	-0.06	0.79
choreography	-0.06	0.79
hyperspace	-0.06	0.69
yavin	-0.06	0.58
breaks	-0.06	0.67
nazi	-0.06	0.62
surface	-0.06	0.60
announced	-0.05	0.86
opportunity	-0.05	0.94
reasonable	-0.05	0.92
depends	-0.05	0.77
lore	-0.05	0.87
end	-0.05	0.75
survival	-0.05	0.73
discover	-0.05	0.90
intense	-0.05	1.06
fourth	-0.05	0.70
laughing	-0.05	1.24
whether	-0.05	1.67
ground	-0.05	0.63
practically	-0.05	0.82
medical	-0.05	0.70
beast	-0.05	0.71
ad	-0.05	0.72
factions	-0.05	0.67
band	-0.05	0.67
tell	-0.05	1.69
ahsoka	-0.05	0.49
organization	-0.05	0.68
fingers	-0.05	0.70
legs	-0.05	0.70
suspect	-0.05	1.25
aliens	-0.05	0.66
shuttle	-0.05	0.64
represent	-0.05	0.62
sci	-0.05	0.91
craft	-0.05	0.60
access	-0.05	0.68
comparing	-0.05	0.74
push	-0.05	0.81
contract	-0.05	0.71
changed	-0.05	0.69
original	-0.05	0.73
figured	-0.05	1.44
out	-0.05	1.04
alike	-0.05	0.81
earl	-0.04	0.75
eyes	-0.04	0.75
kashyyyk	-0.04	0.83
present	-0.04	0.68
19	-0.04	0.68
shmi	-0.04	0.53
serkis	-0.04	0.67
almost	-0.04	1.27
surely	-0.04	0.84
cruiser	-0.04	0.71
described	-0.04	0.75
dawn	-0.04	0.59
kaminoans	-0.04	0.73
does	-0.04	1.51
fyi	-0.04	0.65
themes	-0.04	0.77
topic	-0.04	0.98
swordsman	-0.04	1.20
air	-0.04	0.67
beru	-0.04	0.64
quickly	-0.04	0.95
flare	-0.04	0.77
struggling	-0.04	0.77
objects	-0.04	0.74
wrist	-0.04	0.70
claimed	-0.04	0.88
guard	-0.04	0.67
exchange	-0.04	0.74
programmed	-0.03	0.70
jedis	-0.03	0.68
harmy	-0.03	0.66
hoth	-0.03	0.59
switch	-0.03	0.79
fan	-0.03	0.86
currently	-0.03	1.01
covered	-0.03	0.81
constantly	-0.03	0.84
remember	-0.03	1.73
require	-0.03	0.62
tattoos	-0.03	0.77
wasted	-0.03	0.90
clips	-0.03	0.65
profit	-0.03	0.70
past	-0.03	0.92
finished	-0.03	0.61
finding	-0.03	0.73
chance	-0.03	1.08
staff	-0.03	0.65
alive	-0.03	0.67
blade	-0.03	0.68
current	-0.03	0.75
shorter	-0.03	0.86
vong	-0.03	0.53
help	-0.03	1.27
gap	-0.03	0.61
red	-0.03	0.64
shoots	-0.03	0.53
regarding	-0.03	0.83
technique	-0.02	0.65
middle	-0.02	0.90
place	-0.02	0.74
occurred	-0.02	0.74
tried	-0.02	1.06
swinging	-0.02	0.69
shoulder	-0.02	0.89
rank	-0.02	0.59
experienced	-0.02	0.79
resources	-0.02	0.73
invasion	-0.02	0.52
loud	-0.02	1.06
drops	-0.02	0.67
colored	-0.02	0.68
life	-0.02	1.00
12	-0.02	0.71
hood	-0.02	0.73
needed	-0.02	1.13
under	-0.02	0.84
closely	-0.02	0.71
bother	-0.02	1.12
mid	-0.02	0.60
yuuzhan	-0.02	0.53
bits	-0.02	0.76
edition	-0.02	0.65
individuals	-0.02	0.67
theatrical	-0.02	0.65
remind	-0.02	0.85
unit	-0.02	0.64
implies	-0.02	0.97
bladed	-0.02	0.76
sabre	-0.02	0.67
requires	-0.02	0.68
finally	-0.02	0.87
inquisitors	-0.01	0.73
cheaper	-0.01	0.77
thousands	-0.01	0.86
amount	-0.01	0.68
frozen	-0.01	0.64
forces	-0.01	0.55
deathstar	-0.01	0.59
alliance	-0.01	0.56
respect	-0.01	0.82
sliding	-0.01	0.67
drama	-0.01	0.73
route	-0.01	0.77
why	-0.01	1.64
unaltered	-0.01	0.65
blockade	-0.01	0.56
episodes	-0.01	0.60
lightsabers	-0.01	0.70
hiding	-0.01	0.70
crossguard	-0.01	0.68
rate	-0.01	0.72
sensitive	-0.01	0.76
trial	-0.01	0.97
academy	-0.01	0.61
keep	-0.01	1.19
fleet	-0.01	0.59
ranking	-0.01	0.64
admiral	-0.01	0.56
established	-0.00	0.90
2004	-0.00	0.65
combination	-0.00	0.63
stand	-0.00	1.09
weapon	-0.00	0.67
assault	-0.00	0.57
weight	-0.00	0.81
limited	-0.00	0.71
locked	-0.00	0.93
heck	-0.00	0.96
giving	-0.00	0.93
ep	-0.00	0.62
potential	-0.00	0.76
user	-0.00	0.83
releases	-0.00	0.65
everything	-0.00	1.26
claims	-0.00	0.64
threatening	-0.00	0.84
switched	-0.00	0.73
ii	-0.00	0.65
wwii	-0.00	0.61
v	0.00	0.60
load	0.00	0.77
hunt	0.00	0.78
civil	0.00	0.63
release	0.00	0.65
having	0.00	0.97
afford	0.00	0.71
adam	0.00	0.66
skin	0.00	0.71
running	0.00	0.94
data	0.00	0.70
sooner	0.00	1.03
explain	0.00	1.34
stock	0.00	0.74
indicate	0.00	0.74
sticking	0.00	0.78
forgive	0.00	0.69
exar	0.00	0.66
proper	0.01	0.67
spiritual	0.01	0.72
could	0.01	1.55
formation	0.01	0.60
convenient	0.01	0.94
lightsabre	0.01	0.72
hardly	0.01	0.77
join	0.01	0.76
cave	0.01	0.68
thrones	0.01	0.72
presented	0.01	0.89
continuity	0.01	0.83
aby	0.01	0.64
pair	0.01	0.68
difficult	0.01	2.13
cockpit	0.01	0.63
growth	0.01	0.64
13	0.01	0.68
industry	0.01	0.65
newer	0.01	0.59
vhs	0.01	0.65
moon	0.01	0.62
intact	0.01	0.92
saga	0.01	0.94
dathomir	0.01	0.57
bby	0.01	0.65
fair	0.01	2.54
non-canon	0.01	1.05
possibly	0.01	1.23
spy	0.01	0.80
between	0.01	0.61
tor	0.02	0.73
ended	0.02	0.80
german	0.02	0.80
fictional	0.02	0.83
rather	0.02	1.28
countless	0.02	0.78
using	0.02	0.94
developing	0.02	0.73
seat	0.02	0.69
million	0.02	0.78
individual	0.02	0.75
iii	0.02	0.61
memories	0.02	0.47
translate	0.02	1.04
then	0.02	1.29
accuracy	0.02	0.66
brought	0.02	0.88
blu-ray	0.02	0.64
meet	0.02	0.74
numbers	0.02	0.65
incorrect	0.02	2.80
18	0.02	0.70
featured	0.02	0.67
hobbit	0.02	0.74
says	0.02	0.90
fighting	0.02	0.65
noted	0.02	0.71
owner	0.02	0.72
at-ats	0.02	0.80
concentration	0.02	0.67
echo	0.02	0.57
sleep	0.02	1.03
someone	0.02	1.20
explore	0.02	0.77
akin	0.02	0.74
measure	0.02	0.68
army	0.02	0.65
things	0.02	1.33
ranks	0.03	0.64
confirm	0.03	0.99
owns	0.03	0.78
spaceships	0.03	0.73
adaptation	0.03	0.59
ti	0.03	0.62
usually	0.03	0.77
kylo	0.03	0.60
cost	0.03	0.81
girls	0.03	0.62
wonder	0.03	1.68
wookies	0.03	0.62
perfectly	0.03	1.17
gun	0.03	0.70
published	0.03	0.76
practice	0.03	0.71
officer	0.03	0.62
rescue	0.03	0.64
advance	0.03	0.65
nose	0.03	0.75
10	0.03	0.72
driver	0.03	0.67
palace	0.03	0.70
typically	0.03	0.73
ahead	0.03	0.98
open	0.03	0.73
toy	0.03	0.70
jumped	0.03	0.73
expression	0.03	0.76
sets	0.04	0.69
unlikely	0.04	0.96
fighters	0.04	0.59
books	0.04	0.62
colors	0.04	0.73
opponents	0.04	0.63
suns	0.04	0.66
wipe	0.04	0.72
blades	0.04	0.68
arc	0.04	0.58
lift	0.04	0.70
splinter	0.04	0.63
walk	0.04	0.79
mandos	0.04	0.63
grip	0.04	0.69
assassin	0.04	0.62
win	0.04	0.78
guess	0.04	2.90
prior	0.04	0.76
perhaps	0.04	1.37
choke	0.04	0.73
understand	0.04	1.72
minor	0.04	0.70
magical	0.04	0.82
ships	0.04	0.63
term	0.04	0.81
need	0.04	1.63
11	0.04	0.68
machines	0.04	0.64
stays	0.04	0.85
guns	0.04	0.62
ran	0.04	0.70
season	0.04	0.60
develop	0.04	0.65
andy	0.04	0.69
scratch	0.05	0.68
giant	0.05	0.70
smaller	0.05	0.72
cw	0.05	0.70
sight	0.05	0.58
se	0.05	0.65
throw	0.05	0.96
explanations	0.05	0.86
associated	0.05	0.66
appear	0.05	0.99
bringing	0.05	0.81
common	0.05	0.82
rules	0.05	0.80
80	0.05	0.67
aka	0.05	0.64
landing	0.05	0.59
introduced	0.05	0.68
taking	0.05	1.08
opens	0.05	0.77
watched	0.05	0.68
compelling	0.05	0.83
our	0.05	0.71
letters	0.05	1.25
record	0.05	0.71
wouldnt	0.05	0.81
dvds	0.05	0.65
hd	0.05	0.63
process	0.05	0.74
holds	0.05	0.75
latest	0.05	0.86
grade	0.05	0.68
go	0.05	1.43
novelizations	0.05	0.88
room	0.05	0.72
bring	0.05	1.12
trained	0.05	0.69
previously	0.06	0.90
al	0.06	0.69
law	0.06	0.87
netflix	0.06	0.68
revan	0.06	0.62
avoided	0.06	0.93
state	0.06	0.72
clones	0.06	0.68
floating	0.06	0.62
refers	0.06	0.78
batman	0.06	0.57
prime	0.06	0.68
phrase	0.06	0.87
artoo	0.06	0.62
equally	0.06	0.89
chronological	0.06	0.65
timeline	0.06	0.77
otherwise	0.06	1.34
dagobah	0.06	0.58
orbit	0.06	0.63
realizing	0.06	0.84
progression	0.06	0.66
size	0.06	0.66
avatar	0.06	0.75
aside	0.06	0.94
skywalkers	0.06	0.72
what	0.06	1.93
intention	0.06	0.87
prop	0.06	0.65
anywhere	0.06	1.19
guards	0.06	0.69
slightly	0.06	0.88
scrapped	0.06	0.94
comes	0.07	1.03
skipped	0.07	0.73
consistent	0.07	0.71
slide	0.07	0.90
bond	0.07	0.61
bolt	0.07	0.72
asteroid	0.07	0.68
resistance	0.07	0.64
vibe	0.07	0.89
commercial	0.07	0.73
obvious	0.07	0.98
deals	0.07	0.75
robots	0.07	0.76
itself	0.07	0.86
soldiers	0.07	0.65
joined	0.07	0.59
larger	0.07	0.68
road	0.07	0.85
station	0.07	0.62
fantasy	0.07	0.65
possibilities	0.07	0.87
flash	0.07	0.66
solution	0.07	0.82
robotic	0.07	0.71
owen	0.07	0.50
uk	0.07	0.76
republic	0.07	0.57
spell	0.07	1.39
putting	0.07	0.99
alien	0.08	0.71
regardless	0.08	0.93
lightsaber	0.08	0.67
miles	0.08	0.75
knew	0.08	1.17
minds	0.08	0.64
arms	0.08	0.65
front	0.08	0.96
map	0.08	0.68
legion	0.08	0.63
patience	0.08	0.74
cgi	0.08	0.69
necessary	0.08	0.84
police	0.08	0.69
units	0.08	0.66
third	0.08	0.63
structure	0.08	0.75
crying	0.08	1.23
born	0.08	0.60
occur	0.08	0.79
opposed	0.08	0.72
combat	0.08	0.66
dvd	0.08	0.64
covering	0.08	0.70
opponent	0.08	0.65
similarly	0.08	0.77
roll	0.08	0.74
ask	0.08	1.42
eat	0.08	1.09
intended	0.08	0.69
rip	0.08	0.76
insult	0.08	1.07
feared	0.08	0.69
license	0.08	0.68
relatively	0.08	0.89
puts	0.08	0.77
billion	0.08	0.76
special	0.09	0.64
officers	0.09	0.62
complicated	0.09	0.80
100	0.09	1.10
set	0.09	0.63
ordered	0.09	0.64
imperial	0.09	0.58
didnt	0.09	1.31
belt	0.09	0.74
name	0.09	0.76
huge	0.09	0.84
steel	0.09	0.69
remnants	0.09	0.62
appeared	0.09	0.71
leader	0.09	0.55
his	0.09	0.68
pun	0.09	0.78
referred	0.09	0.58
seasons	0.09	0.64
meets	0.09	0.58
skilled	0.09	0.89
cloud	0.09	0.60
iirc	0.09	0.81
subsequent	0.09	0.63
saber	0.09	0.67
expect	0.09	1.62
strictly	0.09	0.73
merchandise	0.09	0.69
status	0.09	0.86
depending	0.09	0.80
continuing	0.09	0.76
ball	0.09	0.83
canon	0.09	1.08
fancy	0.09	0.70
format	0.09	0.68
takes	0.09	0.82
actual	0.10	0.78
watch	0.10	0.84
hermit	0.10	0.68
levels	0.10	0.80
instant	0.10	0.75
realize	0.10	1.91
walked	0.10	0.70
disc	0.10	0.64
demand	0.10	0.62
abandoned	0.10	0.85
eye	0.10	0.71
enter	0.10	0.75
judging	0.10	0.99
personality	0.10	0.61
transport	0.10	0.69
winning	0.10	0.61
hutts	0.10	0.64
future	0.10	0.79
vaders	0.10	0.68
3	0.10	0.63
laugh	0.10	1.13
onto	0.10	0.69
places	0.10	0.73
materials	0.11	0.66
revealing	0.11	0.73
seven	0.11	0.79
encounter	0.11	0.62
notion	0.11	0.89
keeping	0.11	0.89
distinct	0.11	0.81
ripped	0.11	0.73
la	0.11	0.81
mix	0.11	0.77
stops	0.11	0.74
event	0.11	0.80
cameo	0.11	0.71
hair	0.11	0.76
ackbar	0.11	0.79
say	0.11	1.93
believe	0.11	2.02
officially	0.11	1.02
captain	0.11	0.55
cannon	0.11	1.06
rebellion	0.11	0.54
transition	0.11	0.64
70	0.11	0.74
death	0.11	0.61
situation	0.11	0.92
waited	0.11	0.92
fight	0.11	0.67
pass	0.11	0.92
spend	0.11	0.91
troops	0.11	0.64
realized	0.11	1.04
15	0.11	0.71
annoyed	0.12	1.81
agents	0.12	0.72
blue	0.12	0.69
helps	0.12	0.92
cross	0.12	0.67
navy	0.12	0.59
banner	0.12	0.84
luke	0.12	0.61
distance	0.12	0.75
designed	0.12	0.66
blu	0.12	0.62
midnight	0.12	0.81
runs	0.12	0.86
recruits	0.12	0.68
standing	0.12	0.74
a-wing	0.12	0.61
legitimately	0.12	0.79
techniques	0.12	0.64
times	0.12	0.83
voices	0.12	0.72
realise	0.12	1.29
saw	0.12	0.87
propaganda	0.12	0.71
jump	0.12	0.74
blank	0.12	0.85
none	0.12	0.96
flying	0.12	0.62
half	0.12	0.80
roughly	0.12	0.75
24	0.12	0.71
creatures	0.12	0.70
grand	0.12	0.61
void	0.12	0.75
building	0.12	0.68
imply	0.13	1.27
jones	0.13	0.75
policy	0.13	0.78
included	0.13	0.61
pushed	0.13	0.82
deliver	0.13	0.84
console	0.13	0.70
blast	0.13	0.68
tantive	0.13	0.57
condition	0.13	0.74
discussions	0.13	0.98
host	0.13	0.74
christie	0.13	0.74
despecialized	0.13	0.67
downvoting	0.13	1.26
definition	0.13	0.76
street	0.13	0.69
post-rotj	0.13	0.91
shaak	0.13	0.58
martial	0.13	0.72
reputation	0.13	0.68
starship	0.13	0.63
ship	0.13	0.61
often	0.13	0.81
matter	0.13	1.66
rebels	0.13	0.70
fist	0.13	0.56
within	0.13	0.72
biggs	0.13	0.44
feet	0.13	0.71
spending	0.13	0.82
dig	0.13	0.74
basic	0.13	0.73
correctly	0.13	2.72
standard	0.13	0.73
ultimate	0.14	0.76
plastic	0.14	0.70
mon	0.14	0.55
rights	0.14	0.70
deeply	0.14	0.57
approved	0.14	0.66
fox	0.14	0.70
cortosis	0.14	0.73
antilles	0.14	0.54
product	0.14	0.71
shiny	0.14	0.72
staying	0.14	0.89
era	0.14	0.66
protect	0.14	0.65
contained	0.14	0.72
copyright	0.14	0.76
their	0.14	0.87
accomplish	0.14	0.97
dedicated	0.14	0.71
yellow	0.14	0.69
bar	0.14	0.69
fail	0.14	0.89
imagine	0.14	1.77
knocked	0.14	0.77
boys	0.14	0.61
were	0.14	1.07
stance	0.14	0.79
fly	0.14	0.62
december	0.14	0.82
novels	0.14	0.62
coming	0.15	1.03
built	0.15	0.63
upcoming	0.15	0.65
sent	0.15	0.80
hundreds	0.15	0.79
area	0.15	0.60
lars	0.15	0.51
tiny	0.15	0.78
private	0.15	0.75
mod	0.15	0.68
volume	0.15	0.62
boyega	0.15	0.57
modern	0.15	0.65
drew	0.15	0.94
costs	0.15	0.78
covers	0.15	0.63
x-wings	0.15	0.62
trailer	0.15	0.85
paid	0.15	0.76
begins	0.15	0.64
finishing	0.15	0.62
hilt	0.15	0.69
hold	0.15	0.98
legends	0.15	0.94
organa	0.15	0.75
length	0.15	0.75
secondary	0.15	0.67
stable	0.15	0.85
folks	0.15	0.75
wielder	0.15	0.68
target	0.15	0.65
wings	0.15	0.65
et	0.15	0.61
improved	0.15	0.65
research	0.16	0.84
tcw	0.16	0.60
again	0.16	1.48
expanded	0.16	0.90
counter	0.16	0.71
creates	0.16	0.72
bespin	0.16	0.52
astromech	0.16	0.62
when	0.16	1.16
closed	0.16	0.76
plausible	0.16	1.12
eu	0.16	1.03
quiet	0.16	0.82
collected	0.16	0.70
crash	0.16	0.65
sales	0.16	0.83
did	0.16	1.64
either	0.16	1.90
odds	0.16	0.75
we	0.16	1.65
battles	0.17	0.68
spinning	0.17	0.67
tactics	0.17	0.74
companies	0.17	0.64
reads	0.17	0.67
feed	0.17	0.79
mind	0.17	1.17
1-6	0.17	0.68
mode	0.17	0.72
assumption	0.17	1.38
enemy	0.17	0.63
twice	0.17	0.89
mouth	0.17	0.75
meaning	0.17	0.86
peaceful	0.17	0.66
emitter	0.17	0.75
while	0.17	1.45
tfu	0.17	0.73
0	0.17	0.72
40	0.17	0.73
copies	0.17	0.67
fleshed	0.17	0.80
head	0.17	0.76
prices	0.17	0.70
program	0.17	0.71
joy	0.17	1.07
material	0.17	0.94
plate	0.17	0.75
marvel	0.18	0.68
benedict	0.18	0.77
year	0.18	0.73
green	0.18	0.70
select	0.18	0.77
r2-d2	0.18	0.53
town	0.18	0.68
children	0.18	0.63
years	0.18	0.78
former	0.18	0.58
voice	0.18	0.72
jabba	0.18	0.72
showing	0.18	0.76
wrapped	0.18	0.76
dueling	0.18	0.71
favorites	0.18	2.18
nihilus	0.18	0.67
capital	0.18	0.63
usual	0.18	0.72
crack	0.18	0.79
how	0.18	1.67
results	0.18	0.93
interceptor	0.18	0.60
meditation	0.18	0.67
mean	0.18	1.91
pilots	0.18	0.58
carbonite	0.18	0.61
camera	0.18	0.68
moved	0.18	0.68
universe	0.18	0.92
fake	0.18	0.96
artifacts	0.18	0.64
owned	0.18	0.70
walkers	0.18	0.68
span	0.18	0.76
holding	0.18	0.89
ashoka	0.18	0.50
malgus	0.19	0.62
ring	0.19	0.58
jumps	0.19	0.72
range	0.19	0.75
tale	0.19	0.68
conclusion	0.19	0.70
campaign	0.19	0.76
soldier	0.19	0.56
ray	0.19	0.63
come	0.19	1.43
weird	0.19	1.20
mother	0.19	0.80
clip	0.19	0.72
planning	0.19	1.25
voiced	0.19	0.69
sword	0.19	0.66
traveling	0.19	0.73
entertainment	0.19	0.64
digging	0.19	0.89
moves	0.19	0.68
interested	0.19	2.07
split	0.19	0.72
extra	0.19	0.81
home	0.19	0.65
cable	0.19	0.89
successfully	0.19	0.77
specific	0.20	0.78
shot	0.20	0.68
tech	0.20	0.66
expansion	0.20	0.61
22	0.20	0.66
shown	0.20	0.78
fetts	0.20	0.72
25	0.20	0.71
controls	0.20	0.54
advice	0.20	0.95
old	0.20	0.60
price	0.20	0.77
ties	0.20	0.60
cody	0.20	0.59
official	0.20	0.91
over	0.20	0.96
useful	0.20	0.88
cyborg	0.20	0.66
supposed	0.20	1.73
leaving	0.20	0.78
less	0.20	0.99
difference	0.20	0.87
includes	0.20	0.70
starfighters	0.20	0.60
know	0.20	1.82
forum	0.20	1.00
tie	0.20	0.58
gay	0.21	0.75
alternate	0.21	0.82
released	0.21	0.81
whatsoever	0.21	0.78
holocron	0.21	0.72
millenium	0.21	0.64
familiar	0.21	0.89
bail	0.21	0.80
elaborate	0.21	0.71
faced	0.21	0.73
regular	0.21	0.71
horse	0.21	0.63
stormtroopers	0.21	0.66
get	0.21	1.61
initial	0.21	0.64
ren	0.21	0.68
wants	0.21	1.81
slice	0.21	0.65
tomorrow	0.21	0.99
wiped	0.21	0.56
table	0.21	0.71
change	0.21	1.30
chasing	0.21	0.65
decades	0.21	0.82
small	0.21	0.72
raised	0.21	0.65
orange	0.21	0.67
ice	0.21	0.69
extended	0.21	0.75
matters	0.21	1.17
tracking	0.21	0.66
months	0.21	0.75
literally	0.21	1.09
adventures	0.21	0.55
changes	0.22	0.68
television	0.22	0.63
fix	0.22	0.84
mention	0.22	1.49
influence	0.22	0.72
pronounced	0.22	1.21
rare	0.22	0.84
complete	0.22	0.91
360	0.22	0.76
captured	0.22	0.63
library	0.22	0.70
sometime	0.22	0.90
2014	0.22	0.80
think	0.22	1.91
exists	0.22	0.95
me	0.22	1.08
tall	0.22	0.74
rely	0.22	0.75
functional	0.22	0.74
statement	0.22	1.54
ages	0.22	0.74
vehicles	0.22	0.62
30	0.23	0.77
20	0.23	0.76
suggested	0.23	0.60
may	0.23	1.54
depth	0.23	0.84
shields	0.23	0.62
impossible	0.23	0.89
sequence	0.23	0.74
sorts	0.23	0.79
80s	0.23	0.70
sci-fi	0.23	0.61
elite	0.23	0.60
cad	0.23	0.72
won	0.23	0.70
loyal	0.23	0.48
asshole	0.23	0.96
koon	0.23	0.73
happen	0.23	1.69
sound	0.23	0.96
dozens	0.23	0.77
imagination	0.23	0.64
jacen	0.23	0.54
missions	0.23	0.58
chick	0.23	0.77
build	0.23	0.72
form	0.23	0.65
ears	0.23	0.73
maybe	0.24	1.92
sold	0.24	0.80
person	0.24	1.10
black	0.24	0.69
myself	0.24	1.27
theatre	0.24	0.75
steps	0.24	0.80
wedge	0.24	0.53
reverse	0.24	0.64
neutral	0.24	0.75
market	0.24	0.63
threepio	0.24	0.54
stolen	0.24	0.69
beer	0.24	0.70
stone	0.24	0.64
appearance	0.24	0.74
brings	0.24	0.83
brothers	0.24	0.58
c3p0	0.24	0.52
tv	0.24	0.65
date	0.24	0.77
find	0.24	1.52
trick	0.24	0.81
punch	0.24	0.91
her	0.24	0.92
theater	0.24	0.74
see	0.24	1.70
35	0.24	0.71
50	0.24	0.79
celebration	0.24	0.67
assumed	0.24	1.32
your	0.25	0.95
threw	0.25	0.78
swear	0.25	0.86
raise	0.25	0.83
practical	0.25	0.76
tom	0.25	0.60
hutt	0.25	0.74
details	0.25	0.83
proved	0.25	0.97
r/starwarseu	0.25	0.79
engine	0.25	0.58
dna	0.25	0.87
finger	0.25	0.79
decade	0.25	0.77
bay	0.25	0.92
tauntaun	0.25	0.81
april	0.25	0.78
watching	0.25	0.72
tales	0.25	0.64
threads	0.25	1.00
ten	0.25	0.79
clone	0.25	0.62
option	0.25	1.00
commandos	0.25	0.57
ass	0.25	1.21
far	0.25	1.32
asajj	0.25	0.49
new	0.25	0.93
speculation	0.25	1.37
selling	0.26	1.03
comics	0.26	0.64
buried	0.26	0.74
interpretation	0.26	0.97
hasbro	0.26	0.64
fairly	0.26	1.04
deleted	0.26	0.75
styles	0.26	0.68
2015	0.26	0.80
ride	0.26	0.74
executor	0.26	0.62
dollars	0.26	0.80
canonical	0.26	0.97
thirty	0.26	0.86
spoilerman	0.26	0.82
double	0.26	0.86
thousand	0.26	0.81
mos	0.26	0.64
bluray	0.26	0.62
spent	0.26	0.87
scream	0.26	0.70
six	0.26	0.73
cash	0.26	0.95
minutes	0.26	0.79
cg	0.26	0.66
jawa	0.26	0.62
bunch	0.27	0.77
cartoons	0.27	0.60
rocket	0.27	0.67
money	0.27	0.92
choosing	0.27	0.65
w	0.27	0.71
given	0.27	1.02
200	0.27	0.80
upper	0.27	0.71
complex	0.27	0.81
treat	0.27	0.95
progress	0.27	0.90
until	0.27	1.01
restored	0.27	0.76
1000	0.27	0.78
separate	0.27	0.84
favourite	0.27	2.48
tired	0.27	1.47
color	0.27	0.71
skywalker	0.27	0.57
imagined	0.27	1.16
troopers	0.27	0.65
setting	0.27	0.68
passing	0.28	0.68
favorite	0.28	2.32
later	0.28	0.87
public	0.28	0.68
kenner	0.28	0.63
shocked	0.28	2.04
went	0.28	1.00
squad	0.28	0.55
wing	0.28	0.61
crap	0.28	1.17
opened	0.28	0.78
basis	0.28	0.77
settings	0.28	0.60
necessarily	0.28	1.47
movies	0.28	0.90
suggestion	0.28	0.99
fits	0.28	1.07
cloned	0.28	0.68
immediate	0.28	0.80
rings	0.28	0.52
height	0.28	0.66
phase	0.28	0.61
fact	0.28	1.82
theory	0.29	1.46
isaac	0.29	0.56
dust	0.29	0.71
button	0.29	0.81
updated	0.29	0.64
2008	0.29	0.64
jade	0.29	0.55
removed	0.29	0.89
300	0.29	0.76
profile	0.29	0.71
awhile	0.29	1.13
cares	0.29	1.57
drop	0.29	0.75
sarlacc	0.29	0.67
include	0.29	0.79
furthermore	0.29	0.64
rush	0.29	0.85
tonight	0.29	1.04
miniatures	0.29	0.68
pattern	0.29	0.70
bet	0.30	1.52
chiss	0.30	0.69
should	0.30	1.64
importantly	0.30	0.74
uncle	0.30	0.50
types	0.30	0.76
available	0.30	0.72
phrik	0.30	0.78
pretending	0.30	0.66
r2	0.30	0.55
speeder	0.30	0.54
seconds	0.30	0.79
plo	0.30	0.73
mistake	0.30	0.80
whatever	0.30	1.31
colour	0.30	0.70
felt	0.30	1.04
exclusive	0.30	0.76
rebel	0.31	0.57
models	0.31	0.70
falcon	0.31	0.56
show	0.31	0.65
pregnant	0.31	0.86
alternative	0.31	0.83
class	0.31	0.69
message	0.31	0.83
sabers	0.31	0.70
before	0.31	1.08
501st	0.31	0.57
corran	0.31	0.70
care	0.31	1.42
partially	0.31	0.59
film	0.31	0.94
60	0.31	0.78
hundred	0.31	0.82
x	0.31	0.60
pieces	0.31	0.73
anything	0.31	1.58
related	0.31	0.68
big	0.31	0.89
per	0.32	0.79
choice	0.32	0.98
true	0.32	2.90
top	0.32	1.03
exile	0.32	0.84
might	0.32	1.75
gang	0.32	0.71
kyle	0.32	0.60
battlefront	0.32	0.78
exactly	0.32	2.09
mara	0.32	0.55
office	0.32	0.66
asked	0.32	1.16
space	0.32	0.65
reasoning	0.32	0.95
ago	0.32	0.86
scrap	0.32	0.77
wood	0.32	0.66
shadows	0.33	0.64
players	0.33	0.72
certain	0.33	0.98
apparently	0.33	0.86
3po	0.33	0.56
upgrade	0.33	0.65
calrissian	0.33	0.56
expensive	0.33	0.74
japanese	0.33	0.75
stars	0.33	0.63
aired	0.33	0.65
perspective	0.33	0.70
previous	0.33	0.84
wraith	0.33	0.58
network	0.33	0.67
adopted	0.33	0.88
strange	0.33	1.07
mentioned	0.33	1.08
wizard	0.33	0.72
hour	0.33	0.75
hilts	0.33	0.71
digital	0.33	0.68
days	0.34	0.83
mandalorians	0.34	0.59
jet	0.34	0.64
hours	0.34	0.81
destroyers	0.34	0.65
escape	0.34	0.64
guarantee	0.34	1.30
downvote	0.34	1.25
buy	0.34	0.90
corellian	0.34	0.70
kiss	0.34	0.68
local	0.35	0.73
arent	0.35	0.92
considering	0.35	0.96
indication	0.35	1.18
horror	0.35	0.68
presumably	0.35	0.78
earliest	0.35	0.61
typical	0.35	0.65
took	0.35	0.92
drinking	0.35	0.71
heroes	0.35	0.68
i.e	0.35	0.70
bucks	0.35	0.80
shipping	0.35	0.81
happened	0.35	1.42
scale	0.35	0.66
font	0.35	0.70
d	0.35	1.55
series	0.36	0.58
joker	0.36	0.80
cantina	0.36	0.67
disguise	0.36	0.73
walking	0.36	0.75
releasing	0.36	0.85
twenty	0.36	0.84
900	0.36	0.79
together	0.36	0.96
convinced	0.36	1.68
eisley	0.36	0.60
deserves	0.36	0.70
preferred	0.36	1.36
150	0.36	0.79
copy	0.36	0.70
milk	0.36	0.63
smoke	0.36	0.63
email	0.36	0.87
five	0.37	0.80
storyline	0.37	0.79
45	0.37	0.75
pm	0.37	0.93
park	0.37	0.63
builds	0.37	0.53
sat	0.37	0.68
commenting	0.37	1.08
footage	0.37	0.74
aunt	0.37	0.54
gritty	0.37	0.71
sounded	0.37	0.77
protocol	0.37	0.56
drug	0.37	0.76
way	0.37	1.49
via	0.37	0.78
lighting	0.37	0.66
cell	0.37	0.70
wise	0.37	0.82
summer	0.37	0.78
mandalore	0.37	0.60
vastly	0.37	1.62
knock	0.37	0.86
essentially	0.37	1.12
damned	0.37	0.77
neck	0.38	0.80
ridley	0.38	0.52
animated	0.38	0.61
500	0.38	0.74
70s	0.38	0.85
because	0.38	1.86
whilst	0.38	0.77
millennium	0.38	0.59
review	0.38	0.79
strongest	0.38	2.10
fat	0.38	0.98
handful	0.38	0.79
legitimate	0.38	1.00
internet	0.38	0.89
january	0.38	0.81
battle	0.38	0.68
spice	0.38	0.68
clearly	0.38	1.69
windows	0.38	0.89
bitch	0.38	1.01
katarn	0.38	0.64
whose	0.38	0.64
recently	0.38	0.85
twins	0.38	0.70
finale	0.38	0.57
something	0.39	1.67
sit	0.39	0.93
cartoon	0.39	0.61
greedo	0.39	0.67
sell	0.39	0.83
named	0.39	0.61
genre	0.39	0.64
doing	0.39	1.81
gives	0.39	0.75
surprisingly	0.39	0.98
which	0.39	1.59
white	0.39	0.68
probably	0.39	1.88
2003	0.39	0.60
steal	0.39	0.96
2	0.39	0.61
maps	0.39	0.74
talented	0.39	0.80
droid	0.39	0.65
listened	0.39	0.80
finish	0.39	0.79
iconic	0.39	1.15
gaming	0.39	0.62
iron	0.39	0.77
3d	0.39	0.62
scene	0.40	0.77
starfighter	0.40	0.62
centuries	0.40	0.81
destroyer	0.40	0.65
visual	0.40	0.85
hint	0.40	0.75
loose	0.40	0.68
fx	0.40	0.66
daisy	0.40	0.54
considered	0.40	1.12
funny	0.40	1.59
drunk	0.41	0.99
answers	0.41	1.11
lasted	0.41	1.01
trooper	0.41	0.64
fashion	0.41	0.66
finn	0.41	0.86
introduction	0.41	0.66
shows	0.41	0.59
clue	0.41	1.53
classic	0.41	0.74
plays	0.41	0.50
rolling	0.42	0.76
r2d2	0.42	0.52
rumor	0.42	1.05
signed	0.42	0.76
cars	0.42	0.74
proof	0.42	1.15
collect	0.42	0.78
even	0.42	1.69
xwing	0.42	0.58
till	0.42	0.81
english	0.42	1.02
second	0.42	1.09
storm	0.42	0.65
four	0.43	0.79
jaina	0.43	0.56
longer	0.43	1.16
enough	0.43	1.34
married	0.43	0.93
legal	0.43	0.69
who	0.43	1.73
animation	0.43	0.62
capture	0.43	0.70
experience	0.43	0.74
vote	0.43	0.85
birth	0.43	0.71
killer	0.43	0.66
medieval	0.43	0.70
minute	0.43	0.89
provide	0.44	0.74
harm	0.44	0.71
teaser	0.44	0.71
swtor	0.44	0.62
statue	0.44	0.73
last	0.44	0.91
leaks	0.44	1.09
each	0.44	0.97
bike	0.44	0.57
ruthless	0.44	0.81
belong	0.44	0.84
suggests	0.44	0.81
lot	0.44	1.11
choking	0.44	0.81
ultrasabers	0.44	0.71
install	0.45	0.71
coffee	0.45	0.77
kit	0.45	0.65
more	0.45	1.11
hearing	0.45	1.10
free	0.45	1.01
evidence	0.45	1.11
voted	0.45	1.17
shadow	0.45	0.63
belongs	0.45	0.76
wind	0.45	0.67
bed	0.45	0.72
mini	0.45	0.59
sources	0.45	0.91
salt	0.45	0.82
adventure	0.45	0.71
next	0.45	0.94
fighter	0.45	0.63
rid	0.45	0.92
existed	0.45	1.15
scum	0.45	0.91
horn	0.45	0.65
automatically	0.45	0.86
anymore	0.46	1.41
wrap	0.46	0.74
butt	0.46	0.93
sending	0.46	0.73
once	0.46	1.27
at-st	0.46	0.86
hat	0.46	0.72
audio	0.46	0.71
mechanics	0.47	0.70
suit	0.47	0.67
feature	0.47	0.68
agent	0.47	0.63
1977	0.47	0.69
moment	0.47	1.09
popped	0.47	0.86
wookiee	0.47	2.36
obviously	0.47	1.97
replica	0.47	0.69
isnt	0.47	0.95
tape	0.47	0.60
wave	0.47	0.64
child	0.47	0.75
x-wing	0.47	0.64
opera	0.47	0.65
despite	0.47	0.67
all	0.47	1.67
said	0.47	1.65
purchase	0.47	0.79
aged	0.47	0.64
taken	0.47	0.98
props	0.48	0.82
traditional	0.48	0.69
hmmm	0.48	0.89
tartakovsky	0.48	0.60
gave	0.48	0.71
junk	0.48	0.80
extremely	0.48	1.01
seemed	0.48	1.10
quote	0.48	1.02
or	0.48	1.68
collecting	0.48	0.70
feel	0.48	1.68
underneath	0.48	0.64
crazy	0.49	1.12
convincing	0.49	0.83
average	0.49	0.56
cap	0.49	0.73
risk	0.49	0.85
scout	0.49	0.69
rpg	0.49	0.72
used	0.49	0.99
likely	0.49	1.67
attention	0.49	0.77
chip	0.49	0.62
computer	0.49	0.66
pages	0.49	0.77
cloak	0.49	0.61
delta	0.49	0.66
fails	0.49	0.84
modified	0.50	0.73
trailers	0.50	0.76
shape	0.50	0.90
lesser	0.50	0.65
lay	0.50	0.72
idk	0.50	1.11
slight	0.50	0.81
robe	0.50	0.70
tours	0.50	0.69
credit	0.50	0.82
2d	0.50	0.59
discussed	0.50	0.92
knights	0.50	0.65
screams	0.50	0.80
wookiees	0.50	0.66
heard	0.50	1.32
explored	0.50	0.82
logo	0.50	0.68
knight	0.51	0.68
century	0.51	0.67
tons	0.51	0.82
news	0.51	0.83
e	0.51	1.03
summary	0.51	0.77
pre	0.51	0.72
worn	0.51	0.74
touch	0.51	0.84
visuals	0.51	1.38
looking	0.51	1.78
first	0.51	1.07
incredibly	0.51	1.02
shelf	0.51	0.87
content	0.51	0.82
items	0.51	0.67
send	0.52	0.88
glimpse	0.52	0.71
winter	0.52	0.60
credits	0.52	0.80
porkins	0.52	0.56
twi'lek	0.52	0.78
downvotes	0.52	1.23
slave	0.52	0.53
skull	0.52	0.68
cards	0.52	0.71
effects	0.52	0.76
solo	0.52	0.53
utterly	0.52	1.03
gt	0.52	1.39
figure	0.52	0.86
machine	0.53	0.65
smuggler	0.53	0.78
searching	0.53	0.88
description	0.53	0.86
met	0.53	0.67
sidebar	0.53	1.06
dozen	0.53	0.85
completed	0.53	0.73
remotely	0.53	0.77
dressed	0.53	0.71
kessel	0.53	0.77
desk	0.53	0.64
now	0.54	1.96
hoped	0.54	1.03
robot	0.54	0.76
course	0.54	2.08
guide	0.54	0.70
face	0.54	0.89
symbol	0.54	0.73
somewhat	0.54	1.08
parsecs	0.54	0.80
r	0.54	0.74
weeks	0.54	0.81
articles	0.54	0.84
hints	0.54	0.88
run	0.54	0.78
dollar	0.55	0.71
note	0.55	0.86
update	0.55	0.76
mando	0.55	0.61
princess	0.55	0.64
sudden	0.55	0.87
steam	0.55	0.66
dreams	0.55	0.78
much	0.55	1.28
essential	0.55	0.71
three	0.55	0.88
boots	0.55	0.66
imdb	0.55	0.80
introduce	0.55	0.65
mmo	0.56	0.65
remembered	0.56	1.07
section	0.56	0.85
alot	0.56	0.68
file	0.56	0.77
driving	0.56	0.82
joke	0.56	1.27
impractical	0.56	0.96
tears	0.56	1.03
whom	0.56	0.68
warrior	0.56	0.70
pirates	0.56	0.76
returning	0.56	0.63
deal	0.56	1.29
seem	0.56	1.47
robes	0.56	0.67
toys	0.56	0.64
pink	0.56	0.65
cargo	0.56	0.70
level	0.56	0.60
however	0.57	1.87
coincidence	0.57	1.06
throws	0.57	0.71
friends	0.57	0.70
must	0.57	1.54
wars	0.57	0.73
sale	0.57	0.71
kind	0.57	1.22
any	0.57	1.43
pilot	0.57	0.58
childhood	0.57	0.57
figures	0.57	0.63
genuinely	0.57	1.04
troll	0.57	1.06
bear	0.57	0.77
word	0.57	1.24
changing	0.57	0.77
professional	0.58	0.79
radio	0.58	0.67
cooler	0.58	1.08
continues	0.58	0.72
goddamn	0.58	0.89
successful	0.58	1.55
chewy	0.58	0.51
widely	0.58	0.65
point	0.58	1.79
equivalent	0.58	0.80
mods	0.59	0.63
unleashed	0.59	0.66
literal	0.59	0.63
according	0.59	0.89
kicked	0.59	0.72
defined	0.59	0.68
citizen	0.59	0.60
wishes	0.59	0.59
kotor	0.59	0.71
worry	0.59	1.54
has	0.59	1.21
lando	0.59	0.50
talent	0.59	0.86
nope	0.59	1.21
etc	0.59	0.78
4chan	0.59	1.02
sideshow	0.59	0.69
put	0.60	1.32
discussion	0.60	1.06
b	0.60	0.74
rumors	0.60	1.07
tragedy	0.60	0.70
dick	0.60	1.11
mysterious	0.60	0.79
provided	0.60	0.77
graphics	0.60	0.62
opening	0.60	0.67
ewok	0.60	0.60
im	0.60	1.53
protection	0.60	0.80
youtube	0.60	0.77
throne	0.60	0.73
she	0.60	1.66
anyway	0.60	1.79
quite	0.60	1.24
wears	0.60	0.71
vintage	0.60	0.72
multiple	0.60	0.82
marathon	0.61	0.64
fi	0.61	0.77
y	0.61	0.93
week	0.61	0.82
worked	0.61	0.85
couple	0.61	0.85
dream	0.61	0.82
never	0.61	1.48
heavily	0.61	0.71
respond	0.62	1.06
various	0.62	0.82
only	0.62	1.73
gained	0.62	0.75
explanation	0.62	1.14
deadly	0.62	0.71
friday	0.62	0.82
cat	0.62	0.76
pls	0.62	0.73
kick	0.62	0.79
mask	0.62	0.69
theres	0.62	0.92
movie	0.62	1.28
particular	0.62	0.76
notice	0.63	0.99
gameplay	0.63	0.61
pants	0.63	0.70
silent	0.63	0.83
armour	0.63	0.67
clothing	0.63	0.66
download	0.63	0.78
tag	0.63	0.90
title	0.63	0.78
father	0.63	0.75
stormtrooper	0.63	0.65
two	0.63	0.94
references	0.63	0.89
got	0.63	1.25
daily	0.63	0.69
forgotten	0.63	1.03
parents	0.64	0.62
headed	0.64	0.70
checking	0.64	0.88
entirety	0.64	1.70
gone	0.64	1.30
listed	0.64	0.82
logical	0.64	0.86
cumberbatch	0.64	0.74
faq	0.64	0.83
night	0.64	0.71
expand	0.64	0.77
least	0.64	1.59
offense	0.64	1.02
stores	0.64	0.67
where	0.64	1.68
halo	0.64	0.71
dangerous	0.64	0.80
billy	0.65	0.68
multiplayer	0.65	0.72
warning	0.65	0.80
play	0.65	0.72
memorable	0.65	1.46
intentional	0.65	0.97
stretch	0.65	1.00
galaxies	0.65	0.62
yet	0.65	1.52
wasnt	0.65	0.72
western	0.65	0.60
bob	0.65	0.83
rock	0.65	0.81
easy	0.65	0.91
nine	0.66	0.99
ton	0.66	0.86
saberforge	0.66	0.74
wore	0.66	0.67
makeup	0.66	0.78
works	0.66	1.05
bottom	0.66	0.87
video	0.66	0.61
take	0.66	1.25
player	0.66	0.73
jedi/sith	0.67	0.70
differences	0.67	0.80
online	0.67	0.84
dynamic	0.67	0.72
brown	0.67	0.81
greater	0.67	0.68
twin	0.67	0.51
several	0.67	0.83
few	0.67	0.84
1st	0.67	0.69
duel	0.67	0.79
premiere	0.67	0.81
truth	0.68	0.91
many	0.68	0.89
pc	0.68	0.70
obsessed	0.68	1.04
hear	0.68	1.16
wild	0.68	0.73
worth	0.68	1.15
havent	0.68	1.28
stole	0.68	0.75
late	0.68	0.74
although	0.68	1.79
final	0.68	0.70
today	0.69	0.89
approve	0.69	0.73
classes	0.69	0.67
han	0.69	0.51
ive	0.69	1.06
always	0.69	1.56
closest	0.69	0.63
apple	0.69	0.76
ebay	0.69	0.75
somebody	0.69	0.94
clothes	0.69	0.68
resolution	0.69	0.74
hanging	0.69	0.68
since	0.69	1.50
house	0.70	0.62
costumes	0.70	0.66
sub	0.70	1.05
dee	0.70	0.71
squadron	0.70	0.74
son	0.70	0.68
intro	0.70	0.67
amazon	0.71	0.74
numerous	0.71	0.76
collector	0.71	0.67
additional	0.71	0.66
leia	0.71	0.73
playing	0.71	0.68
boy	0.71	0.58
downvoted	0.71	1.23
3rd	0.71	0.56
sized	0.71	0.70
pumped	0.71	2.11
box	0.71	0.61
channel	0.71	0.74
pay	0.71	0.98
pointed	0.71	1.09
mirror	0.71	0.80
complaint	0.72	0.92
xbox	0.72	0.70
crawl	0.72	0.71
4th	0.72	0.64
hunter	0.72	0.75
time	0.72	1.33
sex	0.72	0.70
helmets	0.72	0.63
insight	0.72	0.72
visor	0.73	0.62
babies	0.73	0.84
absolute	0.73	0.73
counting	0.73	1.57
creating	0.73	0.56
depicted	0.73	0.61
itunes	0.73	0.78
tricks	0.74	0.76
check	0.74	0.96
grave	0.74	0.72
gotten	0.74	1.21
cape	0.74	0.81
made	0.74	1.27
ve	0.74	1.41
brother	0.74	0.58
idea	0.74	1.75
feels	0.74	1.01
terrifying	0.74	0.95
paragraph	0.74	1.06
sons	0.75	0.55
reminded	0.75	1.04
morning	0.75	0.75
upvoted	0.75	1.00
store	0.75	0.72
ugh	0.75	1.07
thought	0.75	1.65
stuff	0.75	1.14
honor	0.75	0.67
effort	0.76	0.80
information	0.76	0.94
there	0.76	1.69
forums	0.76	0.82
outcast	0.76	0.75
wait	0.76	1.41
enjoy	0.76	1.60
different	0.76	0.86
locations	0.76	0.67
reason	0.76	1.54
model	0.77	0.68
definitely	0.77	1.75
already	0.77	1.35
uncomfortable	0.77	1.30
list	0.77	0.93
armor	0.77	0.66
jango	0.77	0.75
fellow	0.77	0.64
real	0.77	1.40
lie	0.78	1.22
wearing	0.78	0.68
long	0.78	1.00
other	0.78	1.03
nail	0.78	0.57
artists	0.79	0.98
nod	0.79	0.66
mythos	0.79	0.62
aboard	0.79	0.60
explaining	0.79	0.90
99	0.79	0.61
joining	0.80	0.57
mouse	0.80	0.87
nuts	0.80	0.81
hard	0.80	1.13
insanely	0.80	0.98
outfit	0.80	0.67
popular	0.81	1.44
david	0.81	0.85
wear	0.81	0.67
riding	0.81	0.69
hes	0.81	0.86
thing	0.81	1.56
famous	0.81	1.04
wookieepedia	0.82	0.86
make	0.82	1.48
share	0.82	0.88
elsewhere	0.82	0.75
website	0.82	0.82
type	0.82	0.77
zero	0.82	0.73
both	0.82	0.97
been	0.82	1.41
friendly	0.82	0.80
game	0.82	0.78
wall	0.82	0.78
hang	0.82	0.78
e.g	0.82	0.63
car	0.83	0.72
clear	0.83	1.41
trip	0.83	0.74
context	0.83	0.90
sites	0.83	0.89
firefly	0.83	0.77
thread	0.83	1.13
remake	0.83	0.71
starwars	0.84	1.24
sw	0.84	1.71
pop	0.84	0.78
subreddit	0.84	1.01
hunters	0.84	0.73
quick	0.84	0.84
totally	0.84	2.44
clarify	0.84	1.03
lego	0.85	0.57
disturbing	0.85	0.78
lots	0.85	0.84
little	0.85	1.03
also	0.85	1.66
bought	0.85	0.70
joking	0.85	1.48
offer	0.85	0.67
these	0.85	0.99
enemies	0.85	1.22
wookiepedia	0.85	0.86
had	0.86	1.43
sadly	0.86	0.75
t	0.86	0.79
lately	0.86	0.80
baby	0.86	0.69
determined	0.86	0.76
mandalorian	0.86	0.72
marry	0.86	0.51
guy	0.87	1.06
seen	0.87	1.32
screen	0.87	0.76
o	0.87	0.93
con	0.88	0.55
motherfucker	0.88	0.82
analysis	0.88	0.85
below	0.88	0.77
still	0.88	1.71
from	0.88	0.90
detailed	0.88	0.89
very	0.88	1.07
bounty	0.89	0.74
odd	0.89	0.96
tip	0.89	0.81
shoes	0.89	0.76
really	0.89	1.64
identical	0.89	0.72
near	0.89	0.97
board	0.90	0.70
bit	0.90	1.17
entry	0.90	0.88
r/starwars	0.90	1.11
laid	0.90	0.74
chicken	0.91	0.91
sort	0.91	1.15
meant	0.91	1.70
comfortable	0.91	1.39
valid	0.91	1.61
certainly	0.91	1.60
printed	0.92	0.71
votes	0.92	0.95
actually	0.92	1.68
provides	0.92	0.69
honest	0.92	1.65
sister	0.92	0.67
weekend	0.92	0.63
comments	0.92	1.07
nicely	0.92	0.77
kinda	0.92	1.16
bill	0.93	0.78
leak	0.93	0.82
ill	0.93	1.15
at-at	0.93	0.69
n	0.93	0.84
glory	0.93	0.75
exact	0.93	0.99
spoilers	0.94	0.85
dash	0.94	0.76
text	0.94	0.84
question	0.94	1.46
mom	0.94	0.64
games	0.94	0.76
assholes	0.95	0.96
found	0.95	0.99
fucker	0.95	0.78
yesterday	0.95	0.83
sense	0.95	1.45
loads	0.95	0.84
gold	0.95	0.84
continued	0.95	0.73
sorta	0.95	0.99
sarcasm	0.95	1.18
dare	0.96	1.06
relevant	0.96	0.77
soccer	0.96	0.88
confirmation	0.96	0.95
alert	0.96	0.87
podracing	0.96	1.22
pose	0.97	0.93
suits	0.97	0.72
ford	0.97	0.68
mark	0.97	0.75
wiki	0.97	0.86
limit	0.97	0.62
tight	0.97	0.87
early	0.98	0.75
lt	0.98	0.85
lady	0.98	0.63
variety	0.98	0.71
micro	0.98	0.51
listening	0.98	0.85
prefer	0.98	1.34
close	0.98	1.06
rewatch	0.98	1.59
wikipedia	0.98	0.87
app	0.99	0.80
uniform	0.99	0.60
miss	0.99	1.17
harrison	1.00	0.67
same	1.00	1.48
retarded	1.00	1.25
u	1.01	0.97
seems	1.01	1.16
linked	1.01	0.97
account	1.01	0.90
hot	1.02	0.67
painted	1.02	0.69
sarcastic	1.02	1.41
shop	1.03	0.71
club	1.03	0.75
menacing	1.03	0.75
whole	1.03	1.73
every	1.03	1.84
parody	1.03	0.86
appropriate	1.04	1.15
fett	1.04	0.70
month	1.04	0.71
song	1.04	0.80
heads	1.04	0.65
illegal	1.05	0.74
glad	1.05	1.74
display	1.05	0.66
personally	1.05	1.34
plenty	1.05	0.67
drawn	1.06	0.79
rendar	1.06	0.79
girl	1.06	0.60
iphone	1.06	0.77
part	1.07	1.72
contest	1.07	0.69
dudes	1.07	1.00
article	1.07	1.09
loving	1.07	0.96
beloved	1.07	1.68
introducing	1.08	1.28
boba	1.08	0.70
dinner	1.08	0.58
page	1.09	0.90
glorious	1.09	0.72
obscure	1.09	1.32
f	1.09	0.83
google	1.09	0.89
ever	1.09	1.88
hamill	1.10	0.76
enjoyable	1.10	0.70
grammar	1.10	1.68
dad	1.10	0.60
frame	1.10	0.80
one	1.10	1.81
mobile	1.10	1.04
easily	1.10	1.59
sky	1.11	0.58
pizza	1.11	0.83
suggestions	1.11	0.98
inspiration	1.12	0.80
brutal	1.12	0.73
cinematography	1.12	1.22
click	1.12	0.89
exciting	1.12	0.75
spoiler	1.13	0.94
photoshop	1.13	0.85
arts	1.13	0.74
cared	1.13	1.26
influenced	1.13	0.72
at	1.13	1.48
swg	1.13	0.69
super	1.13	1.15
active	1.14	0.64
beard	1.14	0.92
valuable	1.14	0.63
anthony	1.14	0.61
important	1.14	0.85
track	1.14	0.74
noticed	1.15	1.14
reminds	1.15	0.92
android	1.15	0.85
ig-88	1.16	0.65
paint	1.16	0.73
kinds	1.16	0.77
jetpack	1.16	0.76
apologize	1.17	1.28
press	1.17	0.72
chills	1.17	0.92
samurai	1.17	0.65
husband	1.17	0.68
boom	1.17	0.64
search	1.17	0.90
sarlaac	1.17	1.50
intimidating	1.17	0.81
sigh	1.18	0.92
nephew	1.18	0.56
upvotes	1.18	1.03
family	1.18	0.50
shut	1.18	1.13
here	1.19	1.38
false	1.19	1.60
cousin	1.20	0.50
em	1.20	1.11
binary	1.20	0.67
based	1.20	0.84
paper	1.21	0.70
scary	1.21	0.90
means	1.21	1.94
shirt	1.21	0.71
checked	1.21	1.09
input	1.22	0.84
hmm	1.22	1.48
reddit	1.22	0.99
site	1.22	0.90
card	1.22	0.57
legos	1.22	1.25
maker	1.22	0.71
makes	1.22	1.18
res	1.22	0.84
too	1.22	1.41
possible	1.23	1.38
christ	1.23	0.98
error	1.23	1.53
glasses	1.24	0.83
style	1.24	0.64
tbh	1.24	0.99
woman	1.25	1.21
twitter	1.25	0.89
nsfw	1.25	1.02
ol	1.25	0.90
halloween	1.25	0.53
friend	1.26	0.62
spelling	1.26	1.75
facebook	1.26	0.90
dress	1.27	0.58
wallet	1.28	1.17
convention	1.29	0.60
meeting	1.29	0.70
fit	1.29	1.05
response	1.29	1.27
day	1.29	0.70
framed	1.30	0.66
karma	1.30	1.09
unique	1.31	0.64
accurate	1.31	1.15
theme	1.32	0.72
president	1.32	0.71
posts	1.32	0.96
fisher	1.32	0.55
dunno	1.33	1.41
gif	1.33	0.87
blowing	1.33	0.81
helmet	1.33	0.76
dammit	1.34	1.16
looked	1.34	0.93
daughter	1.34	1.30
example	1.34	0.80
fixed	1.34	0.94
superior	1.35	1.18
c-3po	1.35	0.60
sign	1.35	0.67
no	1.35	1.42
yub	1.35	0.99
source	1.36	0.89
graphic	1.36	0.57
recognized	1.36	1.02
march	1.37	0.73
thermal	1.37	1.40
racer	1.38	1.32
nerf	1.38	0.65
genius	1.39	0.72
sentence	1.39	1.51
short	1.39	1.23
okay	1.39	2.22
look	1.40	1.33
links	1.40	0.95
showed	1.41	0.94
concepts	1.41	0.74
though	1.41	1.57
leaked	1.41	0.79
wife	1.41	1.34
cute	1.43	1.15
duh	1.43	0.82
dengar	1.43	0.70
played	1.43	1.31
clever	1.44	1.08
repost	1.44	0.98
those	1.44	0.88
gear	1.44	0.54
carrie	1.44	0.56
elegant	1.45	0.74
please	1.45	1.17
in-universe	1.46	1.45
background	1.46	0.75
ok	1.46	2.22
similar	1.46	0.60
commando	1.47	1.29
prints	1.47	0.67
hi	1.47	0.77
pointing	1.48	1.02
posted	1.48	0.99
another	1.48	1.59
stoked	1.49	1.70
chill	1.49	1.29
definitive	1.49	1.41
xd	1.50	0.95
subtle	1.50	1.15
my	1.50	1.24
feedback	1.50	0.93
clean	1.51	1.18
sorry	1.51	2.18
images	1.51	0.82
wookie	1.51	0.69
n64	1.52	1.34
yup	1.52	1.00
some	1.54	0.91
easter	1.54	1.26
catch	1.55	0.94
setup	1.55	0.72
well	1.55	1.54
etsy	1.55	0.73
warm	1.56	1.14
similarities	1.56	1.14
cover	1.56	0.68
hilarious	1.56	1.14
an	1.56	0.78
arcade	1.57	1.38
t-shirt	1.57	0.71
wedding	1.57	0.56
sounds	1.58	1.06
print	1.59	0.73
rogue	1.60	1.34
anyways	1.60	1.02
dog	1.60	0.73
phone	1.60	0.97
whoa	1.61	1.03
chewbacca	1.61	0.65
legit	1.61	0.86
info	1.61	1.07
sexy	1.61	0.78
heh	1.62	1.09
egg	1.62	1.23
above	1.62	1.43
agreed	1.63	0.90
uh	1.63	1.36
link	1.64	0.95
holiday	1.64	0.69
fond	1.64	0.91
desktop	1.65	0.76
such	1.66	0.80
john	1.66	0.68
yo	1.66	0.85
contrast	1.67	1.04
post	1.69	1.00
detail	1.70	0.72
album	1.70	0.87
insane	1.71	0.92
star	1.71	0.99
girlfriend	1.72	1.10
imgur	1.72	0.87
collection	1.73	0.69
um	1.74	1.12
listen	1.74	0.67
ideal	1.74	1.09
ai	1.74	0.91
its	1.75	1.23
rated	1.75	1.12
custom	1.76	1.00
technically	1.76	1.66
hell	1.77	1.44
costume	1.77	0.68
plus	1.78	1.12
chewie	1.78	0.67
kidding	1.79	1.15
c'mon	1.80	1.04
aw	1.80	1.28
party	1.80	0.99
answer	1.80	1.47
nah	1.80	1.13
luck	1.80	0.82
satisfying	1.81	0.98
calm	1.81	0.89
guys	1.83	1.26
posting	1.83	0.87
design	1.83	0.77
museum	1.84	0.62
corrected	1.84	1.40
designs	1.84	0.76
yep	1.84	1.20
photos	1.85	0.73
til	1.86	0.89
amp	1.87	0.58
imo	1.87	0.85
tree	1.87	0.66
eh	1.87	1.34
indeed	1.88	0.87
comment	1.88	1.11
correction	1.89	1.35
thumbnail	1.90	0.77
improve	1.91	0.77
reply	1.91	1.04
captures	1.92	0.82
wtf	1.92	1.00
safe	1.92	0.99
nonetheless	1.93	0.75
williams	1.94	0.60
jesus	1.94	0.97
bossk	1.94	0.98
dear	1.94	0.99
cosplay	1.95	0.62
themed	1.97	1.02
dang	1.97	1.22
reference	1.98	1.12
wallpaper	1.98	0.85
bloody	1.99	0.77
ta	1.99	1.17
drawing	2.00	0.73
mine	2.00	0.63
10/10	2.01	1.07
truly	2.01	0.78
hello	2.02	0.72
bastard	2.02	0.76
upvote	2.02	0.98
posters	2.02	0.64
pictures	2.03	0.79
oops	2.03	1.41
buddy	2.04	0.77
unfinished	2.08	1.00
inspired	2.09	0.65
omg	2.10	0.76
yea	2.13	1.30
photo	2.13	0.76
worries	2.14	1.02
hah	2.14	1.28
pic	2.14	0.82
ralph	2.14	0.69
tho	2.15	0.74
huh	2.15	1.26
shame	2.15	0.75
mcquarrie	2.15	0.70
fuck	2.17	1.15
homage	2.18	0.90
mr	2.19	0.96
featuring	2.19	0.70
appreciated	2.20	0.83
image	2.21	0.79
epic	2.25	0.86
done	2.25	0.98
fitting	2.26	0.94
hahaha	2.26	1.03
ha	2.27	1.19
alright	2.28	1.34
ya	2.29	1.19
forgot	2.29	1.40
helpful	2.29	1.06
welcome	2.30	0.91
soundtrack	2.30	0.89
appreciate	2.30	0.78
ahh	2.31	1.02
bro	2.31	1.14
piece	2.35	0.67
thats	2.36	1.28
music	2.37	0.84
pretty	2.37	1.11
edit	2.38	1.22
lucky	2.38	0.98
fates	2.40	0.79
p	2.42	1.24
imho	2.43	0.58
fun	2.45	0.92
yeah	2.46	1.45
yay	2.47	0.89
gift	2.49	0.77
concept	2.49	0.65
lol	2.50	1.29
ah	2.50	1.29
score	2.51	0.74
visually	2.54	0.65
interesting	2.56	0.87
good	2.58	0.93
shit	2.60	1.11
jealous	2.61	0.83
yes	2.63	1.31
pirate	2.65	0.93
sir	2.65	0.92
great	2.66	0.86
seriously	2.66	1.16
oh	2.66	1.30
fucking	2.66	1.01
tattoo	2.68	0.67
nailed	2.68	0.58
username	2.71	0.79
keeper	2.71	0.92
op	2.74	1.07
christmas	2.76	0.80
freaking	2.76	0.79
pics	2.78	0.80
yours	2.78	0.82
man	2.79	1.15
picture	2.80	0.85
job	2.81	0.63
god	2.83	1.02
poster	2.83	0.76
btw	2.85	0.61
haha	2.85	1.19
dude	2.87	1.05
mayhew	2.88	0.76
hey	2.91	1.11
badass	2.91	0.77
beautiful	2.93	0.81
wish	2.94	0.91
birthday	2.95	0.58
woah	2.96	0.83
fuckin	2.98	0.88
cake	3.01	0.74
soooo	3.03	0.77
peter	3.04	0.74
neat	3.05	0.44
looks	3.08	0.80
congrats	3.09	0.73
mate	3.09	0.86
thanks	3.10	0.91
artist	3.13	0.61
phenomenal	3.15	0.36
cheers	3.15	0.70
impressive	3.15	0.64
painting	3.15	0.59
thank	3.17	0.85
work	3.18	0.59
damn	3.22	0.84
art	3.22	0.57
merry	3.22	0.67
perfect	3.23	0.50
excellent	3.25	0.30
dope	3.28	0.66
absolutely	3.31	0.46
wow	3.33	0.77
adorable	3.33	0.53
sick	3.36	0.46
brilliant	3.40	0.41
wonderful	3.41	0.27
holy	3.41	0.55
artwork	3.42	0.42
incredible	3.45	0.30
rad	3.47	0.40
cool	3.54	0.38
sharing	3.59	0.44
gorgeous	3.62	0.29
sweet	3.64	0.39
