shitty	-4.26	1.35
department	-4.03	1.29
mess	-3.87	1.59
bullshit	-3.86	1.06
crappy	-3.85	1.64
service	-3.78	1.47
garbage	-3.76	1.33
customer	-3.74	1.47
broken	-3.72	1.52
buggy	-3.68	1.59
poor	-3.44	1.54
crap	-3.40	1.38
pathetic	-3.38	1.54
trash	-3.33	1.38
differently	-3.32	1.81
proper	-3.30	1.60
excuse	-3.29	1.39
poorly	-3.26	1.57
suck	-3.26	1.50
policies	-3.18	1.36
cod	-3.14	1.86
unplayable	-3.13	1.50
bs	-3.12	1.40
knowing	-3.10	2.47
slow	-3.06	1.64
improving	-3.06	1.34
comcast	-3.05	1.78
worse	-3.04	1.68
blame	-2.97	1.73
clunky	-2.95	1.81
unfinished	-2.92	1.03
respect	-2.91	1.53
r/gamedeals	-2.89	2.28
similarly	-2.88	1.57
express	-2.86	2.09
hurts	-2.84	1.66
cares	-2.81	2.53
everyone	-2.79	2.72
somebody	-2.79	2.64
nobody	-2.78	2.70
prior	-2.76	2.35
improve	-2.75	1.51
who	-2.73	2.80
greenlight	-2.71	0.85
thinks	-2.70	2.71
ports	-2.68	1.01
their	-2.67	0.91
dated	-2.67	1.77
ubisoft	-2.66	1.97
tech	-2.66	1.79
knows	-2.66	2.79
pr	-2.65	0.88
filled	-2.64	1.38
devs	-2.64	0.70
shovelware	-2.63	0.99
bugged	-2.63	1.83
activision	-2.62	1.95
4chan	-2.61	2.23
particular	-2.61	1.76
everybody	-2.61	2.65
growing	-2.60	1.65
greenlit	-2.59	0.84
owns	-2.58	2.64
tries	-2.56	2.79
circlejerk	-2.55	1.81
ea	-2.48	0.92
experiences	-2.48	1.89
experienced	-2.47	2.17
calls	-2.46	2.10
drm	-2.44	2.15
developers	-2.43	0.72
drunk	-2.42	1.89
company	-2.41	0.88
scenario	-2.39	2.15
call	-2.39	1.96
messed	-2.39	1.67
seen	-2.38	2.23
hating	-2.37	1.69
origin	-2.37	0.99
hire	-2.36	0.83
ive	-2.36	2.18
optimized	-2.35	1.16
companies	-2.35	0.80
disgusting	-2.35	1.63
valve	-2.34	0.82
treat	-2.33	1.76
savings	-2.33	2.36
ff	-2.33	1.99
complain	-2.33	2.41
support	-2.33	0.97
customers	-2.30	0.82
utter	-2.28	1.01
concern	-2.27	1.71
anime	-2.26	2.19
staff	-2.25	0.84
laugh	-2.24	1.69
ai	-2.24	1.86
fucked	-2.23	1.42
horribly	-2.23	1.20
incomplete	-2.22	1.03
circle	-2.21	2.02
releasing	-2.20	1.17
lame	-2.20	1.69
battles	-2.19	2.15
management	-2.18	0.95
policy	-2.16	0.97
meh	-2.13	1.53
forget	-2.13	2.39
bothers	-2.13	1.88
sensitive	-2.13	2.39
improved	-2.13	1.80
disappointing	-2.12	1.59
port	-2.12	1.05
censorship	-2.11	2.19
else	-2.11	2.46
employees	-2.10	0.88
lacking	-2.08	1.53
camera	-2.08	1.88
controls	-2.07	1.92
sick	-2.05	1.86
likes	-2.04	2.78
publishers	-2.03	0.93
complaints	-2.02	0.94
anyone	-2.01	2.35
tier	-2.00	0.75
fucks	-2.00	1.81
cup	-2.00	2.39
someone	-1.96	2.21
uses	-1.96	2.49
rep	-1.96	0.80
sucks	-1.96	1.72
refund	-1.95	1.01
superior	-1.95	2.06
ugly	-1.94	1.74
themselves	-1.93	1.01
speech	-1.93	2.15
pile	-1.93	1.04
aspects	-1.92	1.83
dumb	-1.92	1.81
ruined	-1.91	1.79
uplay	-1.89	2.29
bad	-1.88	1.86
speak	-1.88	0.92
lack	-1.87	0.92
modern	-1.87	2.20
2k	-1.86	1.08
publisher	-1.84	0.97
ridiculous	-1.84	1.83
he/she	-1.84	2.17
studios	-1.84	0.91
honest	-1.83	2.54
steams	-1.83	1.07
spot	-1.82	1.86
hurt	-1.81	1.45
junk	-1.81	0.95
sees	-1.80	2.24
idk	-1.80	2.08
movement	-1.79	1.94
frequently	-1.78	1.08
annoying	-1.78	1.86
crashes	-1.78	1.13
people	-1.77	1.82
whoever	-1.76	1.69
pirate	-1.75	2.30
decides	-1.75	1.96
developer	-1.74	0.89
jobs	-1.74	0.94
general	-1.74	1.69
dealing	-1.72	1.18
state	-1.72	1.03
matters	-1.72	2.03
wants	-1.71	3.16
anybody	-1.70	2.15
business	-1.70	0.93
useless	-1.70	1.02
calling	-1.69	0.89
plain	-1.69	1.77
grammar	-1.68	1.75
genius	-1.68	1.73
alpha	-1.67	1.02
abandoned	-1.66	1.01
labeled	-1.66	1.29
access	-1.65	1.02
marketing	-1.65	0.84
class	-1.64	2.15
internet	-1.64	0.98
reputation	-1.64	0.74
apparently	-1.64	2.82
buys	-1.63	3.20
nonsense	-1.62	0.83
handling	-1.62	1.06
rockstar	-1.62	1.18
outdated	-1.61	1.13
laggy	-1.60	1.31
published	-1.60	1.04
caps	-1.59	0.92
lose	-1.59	1.42
fish	-1.59	1.74
formatting	-1.57	1.92
about	-1.57	3.34
speeds	-1.57	1.01
by	-1.56	1.28
fiber	-1.56	1.00
messing	-1.55	1.14
mb/s	-1.54	1.03
structure	-1.54	1.00
defending	-1.53	1.22
fired	-1.53	0.90
piss	-1.53	0.91
consumer	-1.52	0.96
contact	-1.52	1.20
ruin	-1.52	0.98
forcing	-1.51	1.61
early	-1.50	0.94
dev	-1.50	0.99
jokes	-1.49	1.05
whether	-1.49	2.59
silly	-1.49	2.09
idiot	-1.49	2.44
reads	-1.48	1.89
steam/valve	-1.47	1.03
promises	-1.47	0.97
whining	-1.47	1.88
protect	-1.47	1.25
promise	-1.46	0.99
indie	-1.46	0.83
consumers	-1.45	0.98
center	-1.45	0.95
guilty	-1.44	2.46
overpriced	-1.44	1.05
blows	-1.44	1.98
eula	-1.43	1.18
notices	-1.42	1.65
studio	-1.41	1.00
blizzard	-1.41	0.99
greedy	-1.40	1.13
badly	-1.40	1.12
slower	-1.39	1.20
backwards	-1.39	1.03
development	-1.39	0.98
pays	-1.39	1.80
coupons	-1.38	0.99
r/gaming	-1.38	1.15
provider	-1.38	1.05
laws	-1.38	1.01
talks	-1.38	1.89
said	-1.37	3.36
walk	-1.37	1.00
above	-1.37	3.04
particularly	-1.37	1.87
government	-1.36	1.01
speed	-1.36	1.09
mad	-1.36	2.41
bitching	-1.36	1.80
services	-1.36	0.89
dedicated	-1.35	1.01
promised	-1.34	1.21
bonuses	-1.34	2.17
refused	-1.34	1.21
frustrating	-1.33	1.83
lazy	-1.32	1.58
gradient	-1.32	2.12
screw	-1.31	1.03
confusing	-1.31	1.85
affects	-1.31	0.86
trust	-1.31	1.79
advanced	-1.31	1.30
isps	-1.31	0.92
act	-1.30	1.17
publish	-1.30	1.03
he	-1.30	2.13
funny	-1.29	2.06
joke	-1.29	1.06
maintain	-1.29	0.99
gog	-1.29	1.05
simply	-1.29	3.50
important	-1.29	2.30
playable	-1.29	1.15
bethesda	-1.28	1.15
sue	-1.28	1.83
stole	-1.27	1.98
arguing	-1.27	3.37
asking	-1.26	3.54
fails	-1.26	1.52
commented	-1.26	1.81
scammed	-1.25	1.17
dayz	-1.25	0.96
sorta	-1.25	2.49
wonders	-1.24	2.33
contacted	-1.24	1.30
owner	-1.24	1.55
complained	-1.24	1.68
stupid	-1.24	1.26
standalone	-1.23	1.03
bbb	-1.23	0.99
lives	-1.23	2.92
absolute	-1.23	2.31
ignorant	-1.22	1.33
met	-1.22	1.59
download	-1.22	1.17
talking	-1.22	3.54
agreement	-1.22	1.29
posted	-1.22	1.73
titanfall	-1.22	1.21
rich	-1.22	1.10
products	-1.22	0.97
court	-1.22	1.41
brain	-1.21	1.05
nuts	-1.21	2.13
title	-1.21	1.27
terms	-1.21	1.08
telling	-1.21	2.66
titles	-1.20	0.91
commenting	-1.20	2.60
rights	-1.20	1.15
spread	-1.20	1.09
amusing	-1.19	2.34
re	-1.19	3.45
guy	-1.19	1.75
test	-1.19	1.01
advertised	-1.19	1.07
plays	-1.19	3.06
non	-1.18	0.94
faster	-1.18	1.18
finds	-1.18	1.95
properly	-1.18	1.41
process	-1.18	1.11
simpler	-1.18	1.24
publicly	-1.17	1.08
tired	-1.17	1.79
flooded	-1.17	1.11
kickstarter	-1.17	0.96
communicate	-1.16	1.69
area	-1.16	1.23
steamworks	-1.16	1.05
everytime	-1.15	1.91
frequent	-1.15	1.07
gets	-1.15	1.93
intentionally	-1.15	1.19
exact	-1.15	3.16
reasons	-1.15	1.23
reddit	-1.14	1.34
same	-1.14	3.53
clever	-1.14	2.20
elsewhere	-1.14	1.43
interface	-1.14	1.15
loose	-1.14	1.28
complaining	-1.13	2.26
being	-1.13	2.44
compare	-1.13	1.42
allowing	-1.13	1.46
supporting	-1.13	1.53
fool	-1.13	1.34
fixing	-1.13	1.53
experiencing	-1.13	2.29
return	-1.13	1.17
handled	-1.13	1.02
case	-1.13	3.50
mbps	-1.13	1.10
require	-1.12	1.13
saying	-1.12	3.88
piece	-1.12	1.05
responses	-1.12	1.25
isp	-1.12	1.06
slowly	-1.11	1.28
gfwl	-1.11	1.20
unlimited	-1.11	0.92
fault	-1.11	1.29
suffer	-1.11	1.18
wasting	-1.10	2.00
abused	-1.10	1.10
than	-1.10	1.39
pieces	-1.10	0.90
perform	-1.10	1.12
product	-1.10	0.98
buttons	-1.09	1.35
meanwhile	-1.09	0.86
designed	-1.09	1.16
right	-1.09	3.49
asap	-1.09	1.44
related	-1.08	1.20
license	-1.08	1.19
desire	-1.08	1.69
dicks	-1.08	0.97
guarantee	-1.08	2.18
censor	-1.08	1.37
clearly	-1.08	2.27
manager	-1.07	1.07
releases	-1.07	1.12
invest	-1.07	1.60
social	-1.07	0.90
survey	-1.07	1.49
broke	-1.07	1.04
what	-1.07	3.91
subreddits	-1.07	1.27
unsure	-1.06	3.25
happened	-1.06	2.54
functional	-1.06	1.16
measures	-1.06	1.12
theirs	-1.06	1.09
trend	-1.06	1.00
developing	-1.06	1.62
basic	-1.05	1.05
waste	-1.05	1.29
native	-1.05	0.99
pulling	-1.05	1.07
involve	-1.05	1.07
abuse	-1.04	1.07
industry	-1.04	1.04
refunds	-1.04	1.04
puts	-1.04	1.27
greenmangaming	-1.04	0.93
overloaded	-1.03	1.28
regarding	-1.03	1.11
foreign	-1.03	0.95
encountered	-1.03	1.97
shortly	-1.03	1.30
attempting	-1.03	2.08
replaced	-1.03	1.16
op	-1.03	3.19
crack	-1.03	1.40
sub	-1.03	1.35
develop	-1.03	1.16
person	-1.02	1.89
habit	-1.02	1.51
updating	-1.02	1.53
has	-1.02	2.12
unless	-1.02	3.95
boring	-1.02	1.21
r/steam	-1.02	1.39
aaa	-1.02	0.94
scammer	-1.02	1.41
accidentally	-1.01	1.49
grow	-1.01	1.00
obvious	-1.01	1.28
used	-1.00	1.59
project	-1.00	0.92
law	-1.00	1.20
doing	-1.00	3.78
pointless	-1.00	1.16
realizing	-1.00	1.68
visa	-1.00	1.11
constant	-1.00	1.27
desura	-1.00	0.90
united	-0.99	1.11
idiots	-0.99	1.33
tie	-0.99	0.88
clue	-0.99	3.93
screwed	-0.99	1.62
decision	-0.99	1.26
belong	-0.99	1.28
release	-0.98	1.17
prove	-0.98	3.48
stop	-0.98	1.82
lying	-0.98	1.69
everyday	-0.98	1.23
technical	-0.97	1.26
specified	-0.97	1.71
distribute	-0.97	1.32
going	-0.97	3.89
riot	-0.97	0.93
entitled	-0.97	1.47
havent	-0.96	1.54
misleading	-0.96	1.35
microsoft	-0.96	0.94
copyright	-0.96	1.21
prepaid	-0.96	1.08
rude	-0.96	1.81
bothered	-0.96	3.22
fully	-0.96	1.32
duty	-0.96	1.36
degree	-0.96	0.93
problems	-0.96	1.87
spending	-0.95	1.84
r/globaloffensive	-0.95	1.25
retailers	-0.95	1.02
times	-0.95	1.69
legally	-0.95	1.88
trader	-0.95	1.49
dozens	-0.95	1.14
never	-0.95	2.13
constantly	-0.95	1.68
sarcastic	-0.95	2.84
ever	-0.95	2.98
subscription	-0.95	1.36
downvoting	-0.94	2.05
tos	-0.94	1.39
tickets	-0.94	1.38
cap	-0.94	1.11
legitimately	-0.94	1.60
checks	-0.94	1.34
admins	-0.94	1.17
full	-0.94	1.09
developed	-0.94	1.00
something	-0.94	3.92
systems	-0.94	1.08
math	-0.93	1.69
legal	-0.93	1.33
xbone	-0.93	1.10
biased	-0.93	1.29
told	-0.93	2.00
ghosts	-0.93	1.36
technology	-0.93	1.05
register	-0.93	1.21
party	-0.93	1.26
leaves	-0.93	1.03
rust	-0.93	0.97
lately	-0.93	1.48
i.e	-0.92	1.05
getting	-0.92	2.95
twitter	-0.92	1.16
modified	-0.92	1.04
supposed	-0.92	3.75
together	-0.91	1.21
walmart	-0.91	1.06
says	-0.91	2.23
describe	-0.91	1.89
yourself	-0.91	2.50
tells	-0.91	2.01
discuss	-0.91	2.69
fly	-0.91	1.06
seeing	-0.91	2.67
mentioned	-0.91	1.87
overkill	-0.91	1.19
barely	-0.90	1.00
care	-0.90	2.97
decided	-0.90	1.94
touch	-0.90	1.48
greatest	-0.90	1.77
posts	-0.90	1.54
quit	-0.90	1.89
topic	-0.90	1.79
feed	-0.90	1.10
crashing	-0.90	1.51
storefront	-0.90	1.18
r/steamgameswap	-0.89	1.17
claimed	-0.89	1.52
immediately	-0.89	1.43
understand	-0.89	3.94
aside	-0.89	0.99
overhaul	-0.89	1.06
missing	-0.89	3.56
before	-0.89	1.65
issues	-0.89	1.68
e.g	-0.89	1.05
asked	-0.89	2.00
reading	-0.89	2.29
deciding	-0.89	2.15
bound	-0.89	1.55
twice	-0.89	1.88
anywhere	-0.89	2.52
nothing	-0.89	2.74
fund	-0.88	1.06
retarded	-0.88	1.18
stuff	-0.88	1.91
happen	-0.88	2.93
nightmare	-0.88	0.88
easier	-0.88	1.30
ported	-0.88	0.85
demanding	-0.88	1.04
privacy	-0.88	1.10
tedious	-0.87	1.16
humblebundle	-0.87	0.98
platform	-0.87	1.15
functions	-0.87	1.17
ignorance	-0.87	1.25
states	-0.87	1.62
offered	-0.87	1.62
attempted	-0.87	1.99
culture	-0.87	0.90
abandon	-0.86	1.11
read	-0.86	1.91
him	-0.86	1.96
taking	-0.86	2.25
implying	-0.86	1.35
failure	-0.86	1.24
advertise	-0.86	1.40
neither	-0.86	1.58
exactly	-0.86	3.90
marked	-0.86	1.23
repetitive	-0.86	1.22
refrain	-0.86	1.33
attempt	-0.86	1.58
identify	-0.85	1.60
distribution	-0.85	1.13
been	-0.85	2.00
written	-0.85	1.35
replied	-0.85	1.92
buying	-0.85	2.42
treated	-0.85	0.93
chinese	-0.85	0.91
typing	-0.85	3.06
born	-0.85	3.18
responsible	-0.85	1.63
better	-0.85	2.24
capcom	-0.85	1.12
hearing	-0.85	1.84
demos	-0.85	1.14
prevents	-0.84	1.48
point	-0.84	3.86
obscure	-0.84	0.93
manual	-0.84	1.05
because	-0.84	3.93
produce	-0.84	1.12
harm	-0.84	1.99
having	-0.84	2.86
putting	-0.84	2.08
compete	-0.84	1.71
places	-0.84	1.44
ve	-0.83	2.01
replacement	-0.83	1.15
influx	-0.83	1.16
any	-0.83	2.49
independent	-0.83	1.19
order	-0.83	1.98
votes	-0.83	1.14
connections	-0.83	1.06
pointed	-0.83	1.37
thread	-0.83	1.80
pretend	-0.83	3.09
involved	-0.83	1.17
employee	-0.82	0.96
wins	-0.82	1.45
afford	-0.82	2.44
ask	-0.82	2.74
moral	-0.82	1.14
had	-0.82	2.23
significantly	-0.82	1.22
afterwards	-0.82	1.60
happens	-0.82	2.20
serve	-0.81	1.63
stated	-0.81	1.88
whatever	-0.81	2.27
understanding	-0.81	1.71
throwing	-0.81	2.24
mouse	-0.81	1.39
delivered	-0.81	1.03
cunt	-0.81	1.33
translate	-0.81	1.13
claims	-0.80	1.44
explicitly	-0.80	2.00
violent	-0.80	0.81
moderators	-0.80	1.25
away	-0.80	1.58
does	-0.80	3.01
hardly	-0.80	1.53
corporate	-0.80	0.96
paying	-0.80	1.98
downvoted	-0.80	2.03
managed	-0.80	1.81
initially	-0.80	1.54
subs	-0.80	1.27
rules	-0.80	1.32
released	-0.80	1.29
stickied	-0.80	1.63
coupon	-0.79	1.28
users	-0.79	1.15
rely	-0.79	1.21
illegal	-0.79	1.46
trying	-0.79	3.25
pirating	-0.79	1.44
assume	-0.79	3.99
yet	-0.79	2.09
practically	-0.79	1.26
dick	-0.79	1.22
connection	-0.79	1.16
demo	-0.79	1.17
improvements	-0.79	1.07
publicity	-0.79	1.04
caught	-0.79	1.19
post	-0.79	1.85
cracked	-0.79	1.10
retailer	-0.78	1.06
subreddit	-0.78	1.44
offering	-0.78	1.65
expired	-0.78	1.39
exists	-0.78	1.36
talk	-0.78	2.04
downloading	-0.78	1.87
wonder	-0.78	2.39
optimization	-0.78	0.91
locks	-0.78	1.11
matter	-0.78	3.03
assholes	-0.78	1.16
24/7	-0.78	1.12
deserve	-0.78	1.63
bf4	-0.78	1.08
hacker	-0.78	1.41
sellers	-0.78	1.09
self	-0.78	1.24
reached	-0.77	1.44
censored	-0.77	1.17
allowed	-0.77	3.03
via	-0.77	1.23
unacceptable	-0.77	1.76
crying	-0.77	1.62
inform	-0.77	2.02
giving	-0.77	2.72
others	-0.77	2.44
making	-0.77	2.21
humans	-0.77	1.05
willing	-0.77	2.94
answered	-0.77	1.89
mistakes	-0.77	1.17
anything	-0.77	3.14
third-party	-0.77	1.25
monopoly	-0.77	1.14
cheated	-0.77	1.63
pre-orders	-0.76	1.21
clarify	-0.76	2.27
pure	-0.76	0.82
humble	-0.76	0.94
label	-0.76	1.01
nor	-0.76	2.33
valves	-0.76	1.10
gotten	-0.76	1.93
threat	-0.76	1.26
amazon	-0.75	1.01
downloads	-0.75	1.31
thinking	-0.75	3.26
guaranteed	-0.75	1.88
3rd	-0.75	1.50
convince	-0.75	2.68
submissions	-0.75	1.43
refuse	-0.75	2.26
participate	-0.75	1.70
planning	-0.75	2.68
upvoted	-0.75	1.38
done	-0.74	2.53
profits	-0.74	1.18
model	-0.74	1.03
hes	-0.74	1.91
dare	-0.73	1.86
fact	-0.73	2.99
youre	-0.73	2.11
question	-0.73	2.55
article	-0.73	1.97
means	-0.73	3.18
restrict	-0.73	1.96
failed	-0.73	1.29
starting	-0.73	2.54
licenses	-0.73	1.21
knowledge	-0.73	1.10
usual	-0.73	1.17
burned	-0.73	1.03
submission	-0.73	1.62
locking	-0.73	1.14
bytes	-0.73	1.21
arbitrary	-0.73	1.08
somehow	-0.72	1.43
subject	-0.72	1.67
forgive	-0.72	1.20
already	-0.72	2.13
sony	-0.72	0.94
charge	-0.72	1.28
category	-0.72	1.03
weak	-0.72	1.19
allows	-0.72	1.60
meaning	-0.72	1.35
breaking	-0.72	1.18
acceptable	-0.72	1.11
discounts	-0.71	1.19
awhile	-0.71	1.73
cdn	-0.71	1.33
checkout	-0.71	1.38
caused	-0.71	1.65
posting	-0.71	1.59
comparable	-0.71	1.05
allow	-0.71	2.39
traffic	-0.71	1.13
manner	-0.71	1.21
outright	-0.71	1.50
notice	-0.71	2.61
jerk	-0.70	1.38
whenever	-0.70	1.91
coming	-0.70	2.10
redundant	-0.70	1.42
hacks	-0.70	1.23
startup	-0.70	1.34
ignored	-0.70	1.61
fail	-0.70	1.39
sure	-0.70	3.77
bigger	-0.70	1.35
exist	-0.70	2.85
obviously	-0.70	2.97
linked	-0.70	2.12
wondering	-0.70	3.13
ghost	-0.70	1.01
vr	-0.70	1.07
consequences	-0.70	1.38
violation	-0.70	1.48
claiming	-0.70	2.06
steamrep	-0.69	1.26
rigged	-0.69	1.46
values	-0.69	1.00
removed	-0.69	1.87
predict	-0.69	2.91
recognize	-0.69	2.70
scamming	-0.69	1.25
shits	-0.69	1.19
merely	-0.69	1.46
feelings	-0.69	1.09
specifically	-0.69	2.01
harsh	-0.69	1.37
dialog	-0.69	1.20
responded	-0.69	1.86
unavailable	-0.69	1.31
warn	-0.69	2.07
report	-0.69	1.29
button	-0.69	1.78
quality	-0.68	1.06
banning	-0.68	1.30
comments	-0.68	1.52
example	-0.68	1.75
ass	-0.68	1.19
thrown	-0.68	1.11
phished	-0.68	1.33
scammers	-0.68	1.34
gmg	-0.68	1.08
lag	-0.68	1.22
upgrading	-0.68	1.03
dl	-0.68	1.18
victory	-0.67	1.31
refunded	-0.67	1.30
were	-0.67	2.73
dispute	-0.67	1.28
term	-0.67	1.13
stolen	-0.67	1.35
plan	-0.67	2.07
fullscreen	-0.67	1.15
permission	-0.67	1.38
how	-0.67	3.26
bar	-0.67	1.59
error	-0.67	2.10
distributed	-0.67	1.41
integrity	-0.67	1.73
college	-0.67	0.86
warned	-0.66	1.43
forums	-0.66	1.39
lived	-0.66	1.28
control	-0.66	1.19
negative	-0.66	1.11
successfully	-0.66	1.67
console	-0.66	0.91
contract	-0.66	1.71
connecting	-0.66	1.65
manufacturers	-0.66	1.07
comparing	-0.66	1.67
built	-0.66	1.12
expected	-0.66	1.26
reported	-0.65	1.39
crash	-0.65	1.55
launcher	-0.65	1.21
unable	-0.65	2.43
touched	-0.65	1.75
suggested	-0.65	1.98
subscriber	-0.65	1.57
stores	-0.65	1.07
blog	-0.65	1.25
stopped	-0.65	1.97
start	-0.65	2.08
integration	-0.65	1.12
revoke	-0.65	1.43
why	-0.65	3.30
mouth	-0.65	0.93
conversation	-0.64	1.63
occurs	-0.64	1.86
perspective	-0.64	0.91
exclusive	-0.64	0.90
unfortunate	-0.64	1.27
bump	-0.64	1.33
instead	-0.64	2.06
goods	-0.64	1.15
mistaken	-0.64	3.34
protection	-0.64	1.24
club	-0.64	1.09
jumped	-0.64	1.28
presumably	-0.64	1.43
received	-0.64	1.57
accessed	-0.64	1.35
victim	-0.64	1.31
viewing	-0.64	1.28
insult	-0.64	1.66
spamming	-0.64	1.61
school	-0.64	0.77
responding	-0.63	2.20
betas	-0.63	1.16
pulled	-0.63	1.08
scams	-0.63	1.40
cross	-0.63	1.36
reports	-0.63	1.35
reliable	-0.63	1.26
buyer	-0.63	1.38
pre	-0.63	1.04
student	-0.63	1.18
owned	-0.63	1.01
recover	-0.63	1.74
explained	-0.63	2.22
combo	-0.63	1.13
hover	-0.63	1.90
complaint	-0.62	1.68
logitech	-0.62	1.17
specific	-0.62	1.27
floating	-0.62	1.12
removing	-0.62	1.43
partial	-0.62	1.00
bringing	-0.62	1.94
applied	-0.62	1.41
handle	-0.62	1.49
ones	-0.62	1.96
sidebar	-0.62	1.60
meet	-0.62	1.27
shopping	-0.62	1.16
gamers	-0.62	0.97
steamdb	-0.62	1.38
must	-0.61	3.08
arrow	-0.61	1.81
sends	-0.61	1.57
implemented	-0.61	1.54
patches	-0.61	1.23
shutdown	-0.61	1.14
actions	-0.61	1.37
situation	-0.61	2.17
forum	-0.61	1.48
measure	-0.61	1.37
message	-0.61	1.97
traders	-0.61	1.28
stealing	-0.60	1.76
extreme	-0.60	1.11
expectations	-0.60	1.17
hijacked	-0.60	1.43
identical	-0.60	1.74
fraud	-0.60	1.35
ticket	-0.60	1.57
moderator	-0.60	1.35
confusion	-0.60	1.65
ground	-0.60	1.01
charging	-0.60	1.51
ips	-0.60	1.36
looking	-0.60	3.16
sites	-0.60	1.24
discussions	-0.60	1.47
facebook	-0.60	1.11
critical	-0.60	1.28
tracking	-0.60	1.17
launch	-0.60	1.45
ethernet	-0.60	1.11
catalog	-0.59	1.07
dates	-0.59	1.29
needing	-0.59	2.14
once	-0.59	2.04
troll	-0.59	1.44
blocking	-0.59	1.37
and/or	-0.59	1.16
equivalent	-0.59	1.09
made	-0.59	1.78
gamestop	-0.59	1.18
brand	-0.59	1.04
helpful	-0.59	1.41
normally	-0.59	2.22
appeal	-0.59	1.96
menu	-0.59	1.91
suicide	-0.59	1.09
pause	-0.59	1.35
filling	-0.59	1.18
further	-0.59	1.65
wave	-0.59	1.15
tag	-0.59	1.03
click	-0.59	2.00
graphic	-0.59	1.14
explain	-0.59	3.09
destroyed	-0.59	0.86
eating	-0.59	1.43
suggesting	-0.58	2.91
convenient	-0.58	1.45
asshole	-0.58	1.37
issue	-0.58	2.41
frustration	-0.58	1.20
since	-0.58	2.04
returned	-0.58	1.51
gamespy	-0.58	1.16
here	-0.58	2.44
justify	-0.58	2.19
genuine	-0.58	1.35
somewhere	-0.58	1.65
adding	-0.58	2.20
temporarily	-0.58	1.43
activation	-0.58	1.25
shit	-0.58	1.39
trolling	-0.58	1.49
mean	-0.58	3.43
tell	-0.57	3.23
whereas	-0.57	1.04
conclusion	-0.57	1.48
china	-0.57	1.26
board	-0.57	1.31
blind	-0.57	1.54
solve	-0.57	1.67
me	-0.57	2.42
offer	-0.57	1.43
freaking	-0.57	2.12
smart	-0.57	2.10
losing	-0.57	1.67
gives	-0.57	1.72
preferences	-0.57	1.32
hack	-0.57	1.32
apply	-0.57	1.48
clicking	-0.57	1.92
moron	-0.57	1.46
material	-0.56	1.21
satire	-0.56	2.30
ebay	-0.56	1.21
polish	-0.56	1.08
recommending	-0.56	2.32
contributing	-0.56	1.79
peak	-0.56	1.25
million	-0.56	1.30
protected	-0.56	1.42
attitude	-0.56	1.40
vs	-0.56	1.03
resources	-0.56	1.12
purchasing	-0.56	1.81
reviews	-0.56	1.19
existence	-0.56	1.16
articles	-0.56	1.80
ripped	-0.55	1.78
regularly	-0.55	1.40
generic	-0.55	1.10
against	-0.55	1.52
playing	-0.55	2.75
wording	-0.55	1.89
expecting	-0.55	2.62
promote	-0.55	1.10
mb	-0.55	1.24
hardware	-0.55	1.09
battlefield	-0.55	1.15
pocket	-0.55	1.51
anymore	-0.55	3.01
firewall	-0.55	1.29
gon	-0.55	3.27
talked	-0.55	1.68
phishers	-0.55	1.47
warning	-0.55	1.82
tab	-0.55	1.88
incident	-0.55	0.84
banned	-0.55	1.32
debit	-0.55	1.31
points	-0.55	1.89
use	-0.55	1.76
financial	-0.55	1.05
design	-0.55	1.79
launches	-0.55	1.38
contributed	-0.55	1.85
warnings	-0.55	1.58
obtain	-0.54	1.98
acts	-0.54	1.17
unbanned	-0.54	1.41
select	-0.54	2.00
bring	-0.54	1.74
using	-0.54	1.91
spammed	-0.54	1.46
supported	-0.54	1.28
accident	-0.54	1.90
close	-0.54	1.56
faq	-0.54	1.59
afraid	-0.54	3.15
specify	-0.54	2.32
concerned	-0.54	2.77
standard	-0.54	1.06
arguments	-0.54	1.83
paypal	-0.54	1.36
forward	-0.54	1.71
finished	-0.54	1.06
attacking	-0.54	1.72
butthurt	-0.54	1.62
quicker	-0.54	1.36
steamstat.us	-0.54	1.45
fraudulent	-0.54	1.33
taskbar	-0.54	1.59
did	-0.54	3.34
under	-0.54	1.87
asks	-0.53	2.09
unexpected	-0.53	2.05
rest	-0.53	1.44
without	-0.53	2.02
fight	-0.53	0.98
advertising	-0.53	1.30
standards	-0.53	1.21
ball	-0.53	1.09
annoyed	-0.53	2.95
contribute	-0.53	1.84
due	-0.53	1.49
pad	-0.53	1.14
modify	-0.53	1.39
markets	-0.53	1.01
flow	-0.53	1.03
cheaters	-0.53	1.29
continues	-0.53	1.18
chargeback	-0.52	1.32
torrent	-0.52	1.00
forces	-0.52	1.42
psn	-0.52	1.05
recently	-0.52	1.90
keyboard	-0.52	1.31
bottom	-0.52	1.92
figure	-0.52	2.98
retard	-0.52	1.29
things	-0.52	2.47
chunk	-0.52	1.33
fees	-0.52	1.33
beaten	-0.52	1.60
text	-0.52	1.19
able	-0.52	3.19
cable	-0.52	1.16
realise	-0.52	3.28
basis	-0.52	1.09
remember	-0.52	2.98
increased	-0.52	1.21
jumping	-0.51	1.41
backlog	-0.51	1.18
worry	-0.51	2.97
continue	-0.51	1.68
responsibility	-0.51	1.27
common	-0.51	1.64
decide	-0.51	2.76
tax	-0.51	1.27
flagged	-0.51	1.37
loss	-0.51	1.41
launched	-0.51	1.58
keep	-0.51	2.24
vague	-0.51	1.29
hamachi	-0.51	1.37
wiki	-0.51	1.66
kick	-0.51	1.24
resolved	-0.51	1.73
connected	-0.51	1.25
references	-0.51	1.03
towns	-0.51	1.08
signed	-0.51	1.88
anti-virus	-0.51	1.22
terribly	-0.51	1.39
purchase	-0.51	1.57
abusing	-0.51	1.24
redditors	-0.50	1.25
deleted	-0.50	1.78
pc	-0.50	1.03
moving	-0.50	1.67
friend	-0.50	1.62
mention	-0.50	2.72
returning	-0.50	1.95
subscriptions	-0.50	1.38
reversed	-0.50	1.39
banks	-0.50	1.23
prevent	-0.50	1.63
destroy	-0.50	0.86
apple	-0.50	1.10
response	-0.50	1.61
credit	-0.50	1.33
encourage	-0.50	1.73
carefully	-0.50	1.39
beta	-0.50	1.27
want	-0.50	3.26
stops	-0.50	1.80
circumstances	-0.50	1.60
connect	-0.50	1.49
communication	-0.50	0.91
yours	-0.50	1.62
buyers	-0.50	1.21
can	-0.50	3.14
flair	-0.49	1.33
user	-0.49	1.17
leak	-0.49	1.74
reverse	-0.49	1.34
wireless	-0.49	1.15
g2a	-0.49	1.06
curious	-0.49	3.04
live	-0.49	1.48
when	-0.49	2.35
german	-0.49	1.13
revoked	-0.49	1.38
even	-0.49	3.31
cancel	-0.49	1.38
often	-0.49	1.51
started	-0.49	1.93
pull	-0.49	1.75
flaws	-0.49	1.65
view	-0.49	1.96
mw2	-0.49	1.20
platforms	-0.49	1.21
behavior	-0.48	1.25
buy	-0.48	2.73
largest	-0.48	2.76
bank	-0.48	1.40
lines	-0.48	1.18
options	-0.48	1.66
advantage	-0.48	1.55
outside	-0.48	1.30
ca	-0.48	3.11
accessing	-0.48	1.44
think	-0.48	3.42
hard	-0.48	1.33
mentioning	-0.48	2.21
decade	-0.48	1.13
become	-0.48	1.38
typical	-0.48	0.99
sometimes	-0.48	1.64
opens	-0.48	1.49
hassle	-0.48	1.14
laughed	-0.48	1.23
top	-0.48	1.92
ban	-0.48	1.33
r/pcmasterrace	-0.48	1.14
see	-0.48	3.33
pushing	-0.48	1.50
requirements	-0.48	1.41
know	-0.48	3.34
rule	-0.48	1.43
hosting	-0.48	1.15
vpn	-0.47	1.24
taxes	-0.47	1.31
wanting	-0.47	2.63
charges	-0.47	1.36
remains	-0.47	1.25
newer	-0.47	1.14
mobile	-0.47	1.14
detect	-0.47	1.52
transfer	-0.47	1.41
network	-0.47	1.20
backed	-0.47	1.49
kept	-0.47	1.99
funds	-0.47	1.37
properties	-0.47	1.93
wide	-0.47	1.01
transaction	-0.47	1.35
say	-0.47	3.45
scroll	-0.47	1.90
add	-0.47	2.31
accepting	-0.47	1.59
thumbs	-0.47	1.16
likely	-0.47	2.36
intended	-0.47	1.94
front	-0.47	1.63
escape	-0.47	1.20
wifi	-0.47	1.20
redeem	-0.47	1.38
happening	-0.47	2.85
progress	-0.47	1.19
then	-0.47	2.88
factors	-0.46	1.35
occur	-0.46	1.65
ping	-0.46	1.43
trades	-0.46	1.37
bored	-0.46	1.54
projects	-0.46	0.94
request	-0.46	1.47
sentence	-0.46	1.33
get	-0.46	2.83
charged	-0.46	1.39
expensive	-0.46	1.36
page	-0.46	1.83
joking	-0.46	3.23
square	-0.46	1.09
safety	-0.46	1.16
ipad	-0.46	1.08
motion	-0.46	1.30
improvement	-0.46	1.14
sending	-0.46	1.71
actively	-0.46	1.73
consoles	-0.46	1.01
forth	-0.46	1.28
corner	-0.46	1.85
creating	-0.46	1.72
benefit	-0.46	1.47
101	-0.46	1.08
replying	-0.46	2.20
zombies	-0.46	0.92
review	-0.46	1.22
bans	-0.46	1.27
fewer	-0.46	1.82
controversy	-0.46	1.09
normal	-0.46	1.40
hook	-0.46	1.41
features	-0.45	1.32
cheating	-0.45	1.30
ensure	-0.45	1.20
broadcasting	-0.45	1.05
spend	-0.45	1.86
upper	-0.45	1.88
saving	-0.45	1.90
established	-0.45	1.26
scam	-0.45	1.36
blocks	-0.45	1.12
otherwise	-0.45	3.19
section	-0.45	1.58
brings	-0.45	1.29
hijack	-0.45	1.62
websites	-0.45	1.30
technically	-0.45	1.96
given	-0.45	2.02
performance	-0.45	1.11
hacked	-0.45	1.50
money	-0.45	1.93
ahead	-0.45	1.55
russian	-0.45	1.17
cart	-0.45	1.59
thus	-0.44	1.32
ages	-0.44	1.45
hop	-0.44	1.48
task	-0.44	1.41
lists	-0.44	1.17
vac	-0.44	1.29
cheats	-0.44	1.39
opened	-0.44	1.65
sent	-0.44	1.62
discovered	-0.44	1.55
prepared	-0.44	2.54
programming	-0.44	1.20
internal	-0.44	1.23
navigate	-0.44	1.56
up	-0.44	2.10
xbox	-0.44	1.06
closed	-0.44	1.40
preorder	-0.44	1.15
bulk	-0.44	1.31
screens	-0.44	1.17
steal	-0.44	1.80
replies	-0.44	1.56
hence	-0.44	1.48
intend	-0.43	2.76
where	-0.43	3.33
ps3	-0.43	1.03
wo	-0.43	3.10
oculus	-0.43	1.06
debate	-0.43	2.16
payment	-0.43	1.37
could	-0.43	3.21
accepted	-0.43	1.42
farm	-0.43	1.18
operations	-0.43	1.20
discover	-0.43	1.29
except	-0.43	1.67
occurred	-0.43	1.60
regional	-0.43	1.31
busy	-0.43	1.70
warfare	-0.43	1.27
imagine	-0.43	3.16
360	-0.43	1.08
keeps	-0.43	2.00
monthly	-0.43	1.15
tokens	-0.43	1.88
press	-0.43	1.54
pop	-0.43	1.67
downvote	-0.43	1.45
processes	-0.43	1.34
signing	-0.43	1.76
strictly	-0.43	1.17
controllers	-0.43	1.10
hiding	-0.43	1.86
pain	-0.43	1.04
fee	-0.43	1.34
cheat	-0.43	1.26
disappointed	-0.43	2.59
provides	-0.43	1.22
stating	-0.43	2.47
token	-0.42	1.84
ps4	-0.42	1.04
data	-0.42	1.22
logo	-0.42	1.21
affect	-0.42	1.58
mediocre	-0.42	2.01
near	-0.42	1.93
eat	-0.42	1.12
lie	-0.42	2.03
ddos	-0.42	1.39
adapter	-0.42	1.16
switching	-0.42	1.51
innocent	-0.42	1.15
upvotes	-0.42	1.51
restrictions	-0.42	1.34
respond	-0.42	1.66
messages	-0.42	1.52
receiving	-0.42	1.72
fast	-0.42	1.22
cant	-0.42	3.03
farming	-0.42	0.91
operating	-0.42	1.31
olds	-0.42	1.26
ships	-0.42	1.09
eu	-0.42	1.25
sitting	-0.42	1.85
offers	-0.42	1.40
purchased	-0.42	1.55
card	-0.42	1.36
mountain	-0.41	1.69
failing	-0.41	1.48
hacking	-0.41	1.28
resource	-0.41	1.11
bots	-0.41	1.46
popular	-0.41	1.49
loading	-0.41	1.42
ios	-0.41	1.14
updates	-0.41	1.34
adult	-0.41	1.33
inventories	-0.41	1.20
invested	-0.41	1.24
loud	-0.41	1.05
wired	-0.41	1.19
hyped	-0.41	2.14
need	-0.41	3.21
downvotes	-0.41	1.91
originally	-0.41	1.62
taken	-0.41	1.90
purchases	-0.41	1.35
pushed	-0.41	1.35
static	-0.41	1.47
directly	-0.41	1.43
showing	-0.40	2.24
massively	-0.40	1.22
breaks	-0.40	1.24
exclusives	-0.40	1.11
pre-order	-0.40	1.08
unplayed	-0.40	1.16
loaded	-0.40	1.41
micro	-0.40	1.15
desperate	-0.40	2.40
may	-0.40	3.15
consistently	-0.40	1.33
resolve	-0.40	1.74
suddenly	-0.40	1.54
members	-0.40	1.37
exit	-0.40	1.71
region	-0.40	1.31
put	-0.40	2.09
should	-0.40	3.28
pay	-0.40	1.57
hide	-0.40	1.57
ratings	-0.40	1.20
modem	-0.40	1.29
shut	-0.40	1.38
build	-0.40	1.30
vat	-0.40	1.27
detected	-0.40	1.38
bug	-0.40	1.71
downtime	-0.39	1.59
argue	-0.39	2.27
come	-0.39	2.76
activate	-0.39	1.34
gifting	-0.39	1.46
result	-0.39	1.55
excited	-0.39	2.99
potentially	-0.39	1.42
referring	-0.39	2.65
role	-0.39	1.01
pending	-0.39	1.46
aus	-0.39	1.38
threats	-0.39	1.08
plugged	-0.39	1.16
compared	-0.39	1.16
rating	-0.39	1.14
numerous	-0.39	1.39
ability	-0.39	2.21
skype	-0.39	1.28
transactions	-0.39	1.37
wage	-0.39	1.31
cc	-0.39	1.35
team	-0.39	1.57
target	-0.39	1.31
android	-0.39	1.18
seller	-0.39	1.29
saw	-0.39	1.95
assigned	-0.38	1.42
sweden	-0.38	1.58
clicks	-0.38	1.35
trick	-0.38	1.78
teams	-0.38	1.56
cancelled	-0.38	1.27
minority	-0.38	1.71
always	-0.38	2.96
spare	-0.38	1.64
european	-0.38	1.32
direct	-0.38	1.24
learned	-0.38	1.10
menus	-0.38	1.25
non-steam	-0.38	1.08
pressing	-0.38	1.40
usb	-0.38	1.14
please	-0.38	1.90
method	-0.38	1.55
quotes	-0.38	1.25
closing	-0.38	1.39
will	-0.38	3.04
popup	-0.38	1.68
permanently	-0.38	1.47
actually	-0.38	3.40
displays	-0.38	1.37
introduced	-0.38	1.31
send	-0.38	1.68
infected	-0.37	1.64
everywhere	-0.37	0.96
announced	-0.37	1.74
win	-0.37	1.53
arent	-0.37	1.94
make	-0.37	2.86
refresh	-0.37	1.45
plug	-0.37	1.15
range	-0.37	1.50
right-click	-0.37	1.92
eventually	-0.37	2.04
bot	-0.37	1.53
opt	-0.37	1.58
sex	-0.37	0.93
indication	-0.37	2.09
them	-0.37	2.59
hooked	-0.37	1.14
problem	-0.37	2.64
risky	-0.37	1.66
manage	-0.37	1.54
phrase	-0.37	1.26
guidelines	-0.37	1.64
free-to-play	-0.37	0.98
converted	-0.37	1.27
careful	-0.37	2.28
note	-0.37	2.04
appears	-0.37	1.76
average	-0.37	1.33
middle	-0.37	1.46
fixes	-0.37	1.58
minimum	-0.37	1.42
towards	-0.37	1.36
typically	-0.37	1.29
expect	-0.37	2.97
blown	-0.36	1.42
swap	-0.36	1.35
find	-0.36	2.92
announcement	-0.36	1.46
controller	-0.36	1.10
clicked	-0.36	1.69
work	-0.36	3.15
competition	-0.36	1.56
pops	-0.36	1.69
pissed	-0.36	2.99
steps	-0.36	1.62
implementing	-0.36	1.72
might	-0.36	3.28
gaming	-0.36	1.09
lock	-0.36	1.37
digging	-0.36	2.09
forever	-0.36	1.67
forced	-0.36	2.35
differences	-0.36	1.25
cost	-0.36	1.58
gay	-0.36	0.93
involves	-0.36	1.50
necessarily	-0.36	1.77
curators	-0.36	1.23
res	-0.36	1.24
limit	-0.36	1.23
go	-0.36	2.73
converting	-0.36	1.33
research	-0.36	1.57
criticism	-0.36	1.34
crime	-0.36	1.16
router	-0.36	1.30
irl	-0.36	1.40
less	-0.36	1.62
generate	-0.36	1.58
either	-0.36	3.29
installing	-0.36	1.62
wasted	-0.35	1.64
costs	-0.35	1.51
blocked	-0.35	1.42
cause	-0.35	2.37
created	-0.35	1.55
locked	-0.35	1.34
turning	-0.35	1.82
itself	-0.35	1.54
deny	-0.35	2.19
interest	-0.35	1.51
overlay	-0.35	1.29
list	-0.35	1.73
application	-0.35	1.37
falling	-0.35	1.36
retail	-0.35	1.20
scr	-0.35	1.69
gift	-0.35	1.51
restricted	-0.35	1.35
chances	-0.35	1.95
maintaining	-0.35	1.32
winning	-0.35	1.55
acting	-0.35	1.94
activating	-0.34	1.39
paint	-0.34	1.07
angry	-0.34	2.35
mind	-0.34	2.87
backing	-0.34	1.50
apps	-0.34	1.22
private	-0.34	1.32
invites	-0.34	1.46
efficient	-0.34	1.42
whose	-0.34	1.30
shortcut	-0.34	1.59
earlier	-0.34	1.88
automated	-0.34	1.43
wanted	-0.34	2.74
despite	-0.34	1.62
comes	-0.34	1.91
offline	-0.34	1.81
overwhelming	-0.34	1.08
downloaded	-0.34	1.59
priority	-0.34	1.34
popularity	-0.34	1.22
updated	-0.34	1.30
cd	-0.34	1.23
browse	-0.33	1.56
errors	-0.33	1.42
gamepad	-0.33	1.24
yesterday	-0.33	1.90
5th	-0.33	1.81
believe	-0.33	3.41
m	-0.33	2.60
convenience	-0.33	1.25
falls	-0.33	1.22
down	-0.33	1.73
reward	-0.33	1.44
officially	-0.33	1.48
requests	-0.33	1.49
language	-0.33	1.25
leads	-0.33	1.26
remove	-0.33	1.69
minor	-0.33	1.62
activity	-0.33	1.38
face	-0.33	1.18
receive	-0.33	1.69
tools	-0.33	1.38
patch	-0.33	1.44
won	-0.33	1.52
views	-0.33	1.32
voted	-0.33	1.55
exchange	-0.33	1.32
basically	-0.33	2.56
purple	-0.33	1.56
niche	-0.33	1.09
got	-0.33	1.91
germany	-0.33	1.41
true	-0.33	2.97
alienware	-0.32	1.10
attack	-0.32	1.37
noise	-0.32	1.26
1st	-0.32	1.90
editor	-0.32	1.26
seem	-0.32	3.01
american	-0.32	0.98
killed	-0.32	1.23
links	-0.32	1.73
previously	-0.32	1.97
api	-0.32	1.34
hand	-0.32	1.64
tf2outpost	-0.32	1.33
window	-0.32	1.51
water	-0.32	1.15
trade	-0.32	1.39
feels	-0.32	1.31
increasing	-0.32	1.34
dollars	-0.32	1.61
bed	-0.32	1.20
per	-0.32	1.41
regions	-0.32	1.28
ended	-0.32	1.93
reporting	-0.32	1.19
visit	-0.32	1.44
spam	-0.32	1.49
noted	-0.32	1.59
function	-0.31	1.54
remotely	-0.31	1.49
supports	-0.31	1.28
push	-0.31	1.37
loop	-0.31	1.50
valuable	-0.31	1.41
repeatedly	-0.31	1.61
servers	-0.31	1.29
load	-0.31	1.43
legitimate	-0.31	1.74
upon	-0.31	1.52
affecting	-0.31	1.42
paid	-0.31	1.52
major	-0.31	1.40
japan	-0.31	1.29
admin	-0.31	1.44
informed	-0.31	1.74
located	-0.31	1.67
move	-0.31	1.53
bother	-0.31	2.65
queue	-0.31	1.59
cycle	-0.31	1.21
inventory	-0.31	1.37
position	-0.30	1.40
key	-0.30	1.23
lesser	-0.30	1.20
panel	-0.30	1.74
re-download	-0.30	1.97
objective	-0.30	1.96
examples	-0.30	1.52
layer	-0.30	1.43
documents	-0.30	1.41
determine	-0.30	1.67
iphone	-0.30	1.25
machines	-0.30	1.17
save	-0.30	1.52
stuck	-0.30	2.04
countries	-0.30	1.36
while	-0.30	2.11
green	-0.30	1.34
option	-0.30	2.08
young	-0.30	1.18
bill	-0.30	1.00
currently	-0.30	2.51
yep	-0.30	2.40
tone	-0.30	1.30
causes	-0.30	1.43
refer	-0.30	1.77
sa	-0.30	0.83
description	-0.30	1.58
becoming	-0.30	1.39
let	-0.30	3.00
heartbleed	-0.30	1.71
admit	-0.30	2.25
compatibility	-0.30	1.47
shorter	-0.29	1.33
choose	-0.29	1.94
ways	-0.29	1.90
redownload	-0.29	1.85
rocket	-0.29	1.20
impossible	-0.29	1.48
canada	-0.29	1.46
profiles	-0.29	1.43
australian	-0.29	1.24
accessible	-0.29	1.23
pertaining	-0.29	1.53
switch	-0.29	1.53
joined	-0.29	1.34
settings	-0.29	1.64
launching	-0.29	1.44
pink	-0.29	1.55
ultimately	-0.29	1.13
complicated	-0.29	1.53
gifts	-0.29	1.36
instant	-0.29	1.45
invite	-0.29	1.43
pcs	-0.29	1.17
damage	-0.29	1.36
strangers	-0.29	1.47
porn	-0.29	0.92
australia	-0.29	1.37
notifications	-0.29	1.48
requires	-0.29	1.15
ll	-0.29	3.13
graphical	-0.29	1.13
uk	-0.29	1.44
disconnect	-0.29	1.37
wine	-0.29	1.46
after	-0.29	1.87
noob	-0.29	1.71
4th	-0.29	1.82
installs	-0.29	1.39
achieve	-0.29	2.03
streams	-0.29	0.91
himself	-0.28	1.51
processing	-0.28	1.41
jack	-0.28	1.53
take	-0.28	2.34
country	-0.28	1.43
discount	-0.28	1.47
held	-0.28	1.24
euros	-0.28	1.53
av	-0.28	1.43
convert	-0.28	1.30
more	-0.28	2.04
microtransactions	-0.28	1.11
russia	-0.28	1.35
usa	-0.28	1.33
impression	-0.28	1.81
brazil	-0.28	1.45
bullet	-0.28	1.11
parties	-0.28	1.20
difference	-0.28	1.75
steamos	-0.28	1.21
sit	-0.28	1.89
participating	-0.28	1.44
murder	-0.28	1.03
paste	-0.28	1.59
beyond	-0.28	1.09
russians	-0.27	1.39
disk	-0.27	1.37
bet	-0.27	2.86
decline	-0.27	1.48
double	-0.27	1.09
restriction	-0.27	1.37
rated	-0.27	1.27
restore	-0.27	1.52
goes	-0.27	1.99
according	-0.27	1.75
quote	-0.27	1.77
groups	-0.27	1.26
whilst	-0.27	1.36
ads	-0.27	1.30
randomly	-0.27	1.59
spelling	-0.27	1.32
steam.exe	-0.27	1.62
around	-0.27	1.78
steambox	-0.27	1.14
bidder	-0.27	1.71
joining	-0.27	1.29
raised	-0.27	1.69
disabled	-0.27	1.57
aliens	-0.27	1.07
flying	-0.27	1.12
intention	-0.27	1.64
bundles	-0.27	1.12
bucks	-0.27	1.64
walls	-0.27	1.15
methods	-0.27	1.44
worthless	-0.26	1.27
starts	-0.26	1.86
tests	-0.26	1.29
stage	-0.26	1.23
millions	-0.26	1.50
dump	-0.26	1.28
exploit	-0.26	1.54
rid	-0.26	1.60
tend	-0.26	1.05
software	-0.26	1.33
keys	-0.26	1.22
tutorial	-0.26	1.04
plans	-0.26	1.69
focus	-0.26	1.03
communities	-0.26	1.05
write	-0.26	1.60
morning	-0.26	1.60
kicked	-0.26	1.15
curiosity	-0.26	1.94
red	-0.26	1.54
capable	-0.26	1.33
ms	-0.26	1.29
winner	-0.26	1.54
would	-0.26	3.08
vote	-0.26	1.45
opted	-0.25	2.21
configuration	-0.25	1.17
rarely	-0.25	1.50
hat	-0.25	1.06
pages	-0.25	1.48
came	-0.25	1.93
define	-0.25	1.69
reach	-0.25	1.57
context	-0.25	1.74
fix	-0.25	2.28
gain	-0.25	1.43
shutting	-0.25	1.35
factor	-0.25	1.34
lower	-0.25	1.72
leave	-0.25	1.93
recording	-0.25	1.56
north	-0.25	1.16
achievement	-0.25	1.45
nowadays	-0.25	1.35
rate	-0.25	1.32
exe	-0.25	1.48
effective	-0.25	1.31
patched	-0.25	1.44
hidden	-0.25	1.56
back	-0.25	2.30
mature	-0.25	1.39
automatically	-0.25	1.52
sells	-0.25	0.89
period	-0.25	1.66
someday	-0.25	2.17
currency	-0.25	1.38
crowd	-0.24	0.96
pace	-0.24	1.08
inside	-0.24	1.40
brought	-0.24	1.67
statement	-0.24	2.06
19th	-0.24	1.68
scale	-0.24	0.88
we	-0.24	3.27
browsing	-0.24	1.50
functionality	-0.24	1.25
receiver	-0.24	1.10
na	-0.24	3.04
accounts	-0.24	1.43
duplicate	-0.24	1.30
remind	-0.24	2.53
children	-0.24	0.97
applications	-0.24	1.22
library	-0.24	1.61
community	-0.24	1.41
components	-0.24	1.26
irrelevant	-0.24	1.63
door	-0.24	1.49
place	-0.24	2.07
bits	-0.24	1.56
europe	-0.24	1.48
blew	-0.24	1.10
different	-0.24	1.51
languages	-0.24	1.35
programs	-0.24	1.38
couldnt	-0.24	2.62
earning	-0.23	1.57
keylogger	-0.23	1.52
choices	-0.23	1.15
until	-0.23	1.89
antivirus	-0.23	1.44
accept	-0.23	1.52
resell	-0.23	1.37
sink	-0.23	1.87
power	-0.23	1.47
attention	-0.23	1.34
manually	-0.23	1.56
investment	-0.23	1.28
executable	-0.23	1.51
instantly	-0.23	1.66
csgolounge	-0.23	1.38
ops	-0.23	1.29
stable	-0.23	1.29
smaller	-0.23	1.17
reduce	-0.23	1.26
placed	-0.23	1.52
backpack	-0.23	1.27
midnight	-0.23	1.59
scratch	-0.23	1.65
thursday	-0.22	1.72
open	-0.22	1.52
verified	-0.22	1.87
proven	-0.22	1.53
doesnt	-0.22	2.32
hackers	-0.22	1.23
app	-0.22	1.26
tends	-0.22	1.33
avast	-0.22	1.44
shows	-0.22	1.79
stored	-0.22	1.43
increase	-0.22	1.25
dollar	-0.22	1.54
draw	-0.22	1.28
causing	-0.22	1.60
sudden	-0.22	1.52
show	-0.22	2.26
march	-0.22	1.52
norton	-0.22	1.43
again	-0.22	2.77
exceptions	-0.22	1.40
lmao	-0.22	1.37
today	-0.22	1.65
flaw	-0.22	1.50
bypass	-0.22	1.44
moved	-0.22	1.47
stupidity	-0.22	1.07
sources	-0.22	1.40
break	-0.22	1.55
entirely	-0.22	1.78
rant	-0.22	1.69
mid	-0.22	1.52
newly	-0.22	1.36
these	-0.21	1.95
rewards	-0.21	1.40
january	-0.21	1.72
tournament	-0.21	1.07
script	-0.21	1.40
third	-0.21	1.29
playstation	-0.21	1.05
owners	-0.21	1.10
defend	-0.21	1.88
administrator	-0.21	1.60
central	-0.21	1.54
testing	-0.21	1.43
throw	-0.21	1.94
remembered	-0.21	1.57
white	-0.21	1.19
unnecessary	-0.21	1.34
bag	-0.21	1.17
permanent	-0.21	1.38
tomorrow	-0.21	1.82
jan	-0.21	1.71
organized	-0.21	1.36
discussion	-0.21	1.66
clock	-0.21	1.43
flip	-0.21	1.42
opposed	-0.21	1.32
fuck	-0.21	2.10
form	-0.21	1.15
adjust	-0.21	1.44
unlike	-0.21	1.00
inbox	-0.21	1.58
min	-0.20	1.62
greater	-0.20	1.30
scans	-0.20	1.48
running	-0.20	1.55
tablet	-0.20	1.48
disable	-0.20	1.57
loses	-0.20	2.80
roughly	-0.20	1.54
codes	-0.20	1.30
install	-0.20	1.45
end	-0.20	1.84
disappear	-0.20	1.83
notification	-0.20	1.53
18th	-0.20	1.79
dog	-0.20	1.34
delete	-0.20	1.74
aware	-0.20	3.02
trigger	-0.20	1.40
sometime	-0.20	1.97
site	-0.20	1.39
took	-0.20	1.94
creator	-0.20	1.20
250	-0.20	1.30
possibly	-0.20	2.00
steamcommunity	-0.20	1.31
currencies	-0.20	1.31
playthrough	-0.20	1.59
usually	-0.20	1.82
create	-0.20	1.65
possibility	-0.20	1.96
earn	-0.20	1.55
situations	-0.20	1.76
refreshing	-0.20	1.56
viruses	-0.20	1.60
appear	-0.20	1.92
weekly	-0.20	1.45
wouldnt	-0.20	2.48
seemingly	-0.20	1.38
transferred	-0.20	1.41
level	-0.20	1.41
meaningless	-0.19	1.30
config	-0.19	1.48
cough	-0.19	1.01
past	-0.19	1.81
later	-0.19	1.99
2nd	-0.19	1.77
western	-0.19	1.49
bam	-0.19	1.44
1pm	-0.19	1.77
boost	-0.19	1.37
ign	-0.19	1.17
contents	-0.19	1.60
usage	-0.19	1.29
am	-0.19	2.54
statements	-0.19	1.94
backup	-0.19	1.48
no	-0.19	2.97
individual	-0.19	1.34
judge	-0.19	2.23
lobby	-0.19	1.19
featured	-0.19	1.50
elaborate	-0.19	1.45
slight	-0.19	1.35
goal	-0.19	1.52
into	-0.19	1.66
selected	-0.19	1.48
congratulations	-0.19	1.46
wipe	-0.18	1.44
eligible	-0.18	1.52
from	-0.18	1.80
tuesday	-0.18	1.72
emails	-0.18	1.51
anonymous	-0.18	1.40
attacks	-0.18	1.15
sign	-0.18	1.79
wait	-0.18	2.18
filter	-0.18	1.47
extra	-0.18	1.47
scores	-0.18	1.35
hopefully	-0.18	2.39
probably	-0.18	3.20
types	-0.18	1.75
porting	-0.18	1.21
areas	-0.18	1.18
america	-0.18	1.36
net	-0.18	1.28
minutes	-0.18	1.73
grass	-0.18	1.10
lead	-0.18	1.49
head	-0.18	1.24
ps	-0.17	1.10
serious	-0.17	1.35
skills	-0.17	0.86
prizes	-0.17	1.58
dropped	-0.17	1.55
became	-0.17	1.20
virus	-0.17	1.47
sorting	-0.17	1.31
longer	-0.17	1.68
known	-0.17	1.56
dont	-0.17	3.03
weekend	-0.17	1.54
august	-0.17	1.59
opening	-0.17	1.44
shop	-0.17	1.28
validate	-0.17	1.77
re-install	-0.17	1.77
november	-0.17	1.63
simcity	-0.17	1.01
tasks	-0.17	1.35
international	-0.17	1.21
addicted	-0.17	1.70
tested	-0.17	1.50
which	-0.17	3.23
domain	-0.17	1.32
scan	-0.17	1.46
additional	-0.17	1.32
choice	-0.17	1.50
facts	-0.17	1.86
deeper	-0.17	1.41
store	-0.17	1.37
est	-0.17	1.76
tabs	-0.17	1.39
25	-0.17	1.39
september	-0.17	1.59
folks	-0.17	1.47
called	-0.17	1.66
chance	-0.17	1.90
hosts	-0.17	1.34
malware	-0.17	1.49
living	-0.17	1.22
named	-0.17	1.25
speaking	-0.17	1.75
carry	-0.17	1.39
customize	-0.17	1.44
wont	-0.16	2.87
discounted	-0.16	1.53
pm	-0.16	1.88
status	-0.16	1.45
amounts	-0.16	1.35
halo	-0.16	0.97
july	-0.16	1.63
10am	-0.16	1.78
set	-0.16	1.62
monday	-0.16	1.66
public	-0.16	1.40
bugs	-0.16	1.59
hit	-0.16	1.64
verify	-0.16	1.76
deals	-0.16	1.56
kinds	-0.16	1.70
2009	-0.16	1.42
english	-0.16	1.17
eastern	-0.16	1.49
understood	-0.16	2.09
2010	-0.16	1.61
drive	-0.16	1.37
ends	-0.16	1.77
bags	-0.16	1.31
pst	-0.16	1.78
nazi	-0.16	0.92
various	-0.16	1.17
traded	-0.16	1.34
giant	-0.16	1.05
covered	-0.16	1.17
reality	-0.16	1.13
30th	-0.16	1.79
began	-0.16	1.47
argument	-0.16	2.25
play	-0.16	2.70
passed	-0.16	1.52
safe	-0.16	1.96
1tb	-0.15	1.26
rename	-0.15	1.60
hdd	-0.15	1.36
server	-0.15	1.38
gave	-0.15	1.75
takes	-0.15	1.87
emotes	-0.15	1.26
orders	-0.15	1.44
ago	-0.15	1.81
myself	-0.15	1.91
tied	-0.15	1.20
phones	-0.15	1.27
left	-0.15	1.60
next	-0.15	2.02
nature	-0.15	1.42
cheaper	-0.15	1.71
cookie	-0.15	1.26
competitor	-0.15	1.48
clientregistry.blob	-0.15	1.71
heard	-0.15	1.97
rare	-0.15	1.47
preventing	-0.15	1.63
copies	-0.15	1.37
enable	-0.15	1.59
much	-0.15	2.23
choosing	-0.15	1.34
rates	-0.15	1.28
installation	-0.15	1.53
december	-0.15	1.67
acc	-0.15	1.58
however	-0.15	3.25
windowed	-0.15	1.40
providing	-0.15	1.69
malwarebytes	-0.15	1.46
phishing	-0.15	1.50
1k	-0.15	1.29
dropping	-0.15	1.69
larger	-0.15	1.29
mins	-0.15	1.73
follow	-0.15	1.36
miss	-0.15	2.39
steamapps	-0.15	1.53
google	-0.15	1.25
over	-0.15	1.60
fell	-0.14	1.26
lvl	-0.14	1.42
land	-0.14	1.11
wrote	-0.14	2.12
paranoid	-0.14	2.19
false	-0.14	1.60
seconds	-0.14	1.71
thing	-0.14	3.11
random	-0.14	1.46
ksp	-0.14	0.97
sort	-0.14	2.16
amount	-0.14	1.50
flash	-0.14	1.57
seperate	-0.14	1.29
sunday	-0.14	1.67
through	-0.14	1.51
physical	-0.14	1.17
daily	-0.14	1.57
universe	-0.14	1.00
framerate	-0.14	1.10
years	-0.14	1.72
effort	-0.14	1.66
gb	-0.14	1.24
way	-0.14	2.93
encore	-0.14	1.69
india	-0.14	1.31
sharing	-0.14	1.71
equal	-0.14	1.45
revert	-0.14	1.52
storage	-0.14	1.29
changes	-0.14	1.45
drag	-0.14	1.62
u.s	-0.13	1.31
backgrounds	-0.13	1.21
desktop	-0.13	1.27
alternatively	-0.13	1.82
wikipedia	-0.13	1.59
each	-0.13	1.59
straight	-0.13	1.54
hl2	-0.13	1.01
ssd	-0.13	1.36
reason	-0.13	3.01
thousand	-0.13	1.43
confused	-0.13	2.89
profitable	-0.13	1.28
wheel	-0.13	1.27
closer	-0.13	1.18
hours	-0.13	1.56
emoticons	-0.13	1.24
disabling	-0.13	1.54
office	-0.13	1.21
payed	-0.13	1.57
off	-0.13	1.65
respective	-0.13	1.32
exploits	-0.13	1.39
80	-0.13	1.27
battery	-0.13	1.22
occasional	-0.13	1.10
delay	-0.13	1.27
counted	-0.13	1.36
voting	-0.13	1.40
disappeared	-0.13	1.67
external	-0.13	1.35
run	-0.13	1.54
marketplace	-0.13	1.41
client	-0.12	1.27
home	-0.12	1.28
holding	-0.12	1.87
check	-0.12	1.89
copying	-0.12	1.53
lasts	-0.12	1.85
file	-0.12	1.54
usd	-0.12	1.44
resolution	-0.12	1.22
temporary	-0.12	1.61
malicious	-0.12	1.55
science	-0.12	1.16
installer	-0.12	1.46
only	-0.12	3.13
knew	-0.12	2.43
implement	-0.12	1.48
ignore	-0.12	1.79
recent	-0.12	1.29
gained	-0.12	1.44
hopes	-0.12	1.61
days	-0.12	1.80
odds	-0.12	1.53
wallet	-0.12	1.46
mini	-0.12	0.98
travel	-0.12	1.21
uninstall	-0.12	1.59
altogether	-0.12	1.29
crashed	-0.12	1.59
logic	-0.12	1.44
april	-0.12	1.37
forgetting	-0.12	3.68
clean	-0.11	1.51
therefore	-0.11	1.48
zone	-0.11	1.72
till	-0.11	1.88
os	-0.11	1.37
months	-0.11	1.77
professional	-0.11	1.03
hour	-0.11	1.74
month	-0.11	1.82
apart	-0.11	1.32
latest	-0.11	1.30
restart	-0.11	1.84
speculation	-0.11	1.59
website	-0.11	1.41
cancer	-0.11	1.10
copied	-0.11	1.55
ubuntu	-0.11	1.57
rank	-0.11	1.24
ppl	-0.11	1.56
drives	-0.11	1.35
waiting	-0.11	2.68
age	-0.11	0.73
expert	-0.11	2.38
chose	-0.11	1.81
political	-0.11	1.28
frame	-0.11	1.24
instance	-0.11	1.29
hold	-0.11	1.79
folder	-0.11	1.57
announce	-0.11	1.49
across	-0.10	1.30
give	-0.10	2.45
alt	-0.10	1.41
shady	-0.10	1.44
theres	-0.10	1.53
noticeable	-0.10	1.15
participation	-0.10	1.46
shoot	-0.10	1.36
log	-0.10	1.64
purposes	-0.10	1.32
2012	-0.10	1.55
vehicles	-0.10	1.09
table	-0.10	1.34
planned	-0.10	1.68
maintenance	-0.10	1.70
directory	-0.10	1.55
host	-0.10	1.28
police	-0.10	1.14
profit	-0.10	1.52
completing	-0.10	1.38
trusted	-0.10	1.31
initial	-0.10	1.28
textures	-0.10	1.47
gigs	-0.10	1.37
disconnected	-0.10	1.44
west	-0.10	1.45
similar	-0.10	1.62
glitch	-0.10	1.82
rendering	-0.10	1.24
box	-0.10	1.32
htpc	-0.10	1.21
tradable	-0.09	1.39
greatly	-0.09	1.35
schedule	-0.09	1.62
stock	-0.09	1.41
military	-0.09	1.20
disagree	-0.09	1.79
added	-0.09	1.62
remote	-0.09	1.32
stays	-0.09	1.42
in-home	-0.09	1.27
step	-0.09	1.43
hoping	-0.09	2.39
dozen	-0.09	1.54
reinstall	-0.09	1.61
ignoring	-0.09	1.72
security	-0.09	1.39
group	-0.09	1.38
boot	-0.09	1.35
pacific	-0.09	1.76
friday	-0.09	1.59
besides	-0.09	1.71
scrolling	-0.08	1.01
also	-0.08	3.26
iirc	-0.08	1.26
xp	-0.08	1.47
tree	-0.08	0.95
night	-0.08	1.68
cents	-0.08	1.57
fall	-0.08	1.27
disc	-0.08	1.24
almost	-0.08	1.97
sarcasm	-0.08	2.10
authenticator	-0.08	1.30
mail	-0.08	1.48
strict	-0.08	1.27
roll	-0.08	1.56
recall	-0.08	2.03
update	-0.08	1.33
canadian	-0.08	1.33
removes	-0.08	1.29
reviewers	-0.08	1.21
winners	-0.08	1.54
searching	-0.07	1.85
latency	-0.07	1.15
in-game	-0.07	1.45
june	-0.07	1.65
listed	-0.07	1.74
east	-0.07	1.50
drivers	-0.07	1.33
sticks	-0.07	1.09
drops	-0.07	1.43
aim	-0.07	1.20
beginning	-0.07	1.64
screen	-0.07	1.34
irs	-0.07	1.69
october	-0.07	1.59
additionally	-0.07	1.33
score	-0.07	1.22
wallets	-0.07	1.58
ingame	-0.07	1.32
enabled	-0.07	1.51
grind	-0.07	1.09
volume	-0.07	1.48
maybe	-0.07	3.17
machine	-0.07	1.22
d	-0.07	3.14
buck	-0.07	1.76
parts	-0.06	1.07
dig	-0.06	1.18
purpose	-0.06	1.48
fine	-0.06	3.19
last	-0.06	1.91
charity	-0.06	1.30
earth	-0.06	1.00
second	-0.06	1.71
revenue	-0.06	1.22
files	-0.06	1.54
items	-0.06	1.34
redirect	-0.06	1.51
folders	-0.06	1.56
leaving	-0.06	1.48
hosted	-0.06	1.15
graph	-0.06	1.24
ds	-0.06	1.05
smoothly	-0.06	1.32
1,000	-0.06	1.42
year	-0.06	1.67
rounds	-0.06	1.68
gone	-0.06	2.35
curator	-0.06	1.24
sold	-0.06	1.63
10/10	-0.06	1.11
program	-0.06	1.40
counts	-0.06	1.27
definition	-0.06	1.30
cutting	-0.05	1.14
installed	-0.05	1.45
every	-0.05	1.87
weeks	-0.05	1.82
boosters	-0.05	1.48
achievements	-0.05	1.42
activated	-0.05	1.41
ccleaner	-0.05	1.50
deserves	-0.05	0.92
scheduled	-0.05	1.95
waited	-0.05	1.92
essentially	-0.05	1.55
moment	-0.05	2.59
mechanics	-0.05	1.94
registry	-0.05	1.56
logging	-0.05	1.67
3000	-0.05	1.25
slots	-0.05	1.27
an	-0.05	1.64
at	-0.05	2.39
gmail	-0.05	1.33
attached	-0.04	1.29
pennies	-0.04	1.51
search	-0.04	1.51
enough	-0.04	2.84
quickly	-0.04	1.34
leaked	-0.04	1.45
reboot	-0.04	1.68
2011	-0.04	1.53
sales	-0.04	1.53
encounter	-0.04	1.39
auction	-0.04	1.69
distance	-0.04	1.12
credits	-0.04	1.45
comment	-0.04	1.88
begins	-0.04	1.77
audience	-0.04	1.14
largely	-0.04	1.10
including	-0.04	1.36
incentive	-0.04	1.67
powerful	-0.04	1.18
10-20	-0.04	1.47
drop	-0.04	1.52
booster	-0.04	1.48
cloud	-0.04	1.36
expand	-0.04	1.19
specs	-0.04	1.21
sorted	-0.04	1.46
word	-0.04	1.56
impulse	-0.04	1.27
pirated	-0.04	1.08
ownership	-0.04	1.86
hl	-0.04	0.98
wall	-0.03	1.36
kids	-0.03	1.17
monitor	-0.03	1.22
99	-0.03	1.48
web	-0.03	1.39
deal	-0.03	2.12
remaining	-0.03	1.50
condition	-0.03	1.13
round	-0.03	1.72
strong	-0.03	1.26
lot	-0.03	2.17
device	-0.03	1.29
begin	-0.03	1.79
boss	-0.03	1.10
atleast	-0.03	1.38
1500	-0.03	1.33
pick	-0.03	2.71
pattern	-0.03	1.44
searched	-0.03	1.54
absurd	-0.03	1.14
bid	-0.03	1.62
valued	-0.03	1.57
combine	-0.03	1.68
listings	-0.03	1.48
utterly	-0.02	1.18
demand	-0.02	1.39
family	-0.02	1.52
considered	-0.02	1.63
rig	-0.02	1.16
wasnt	-0.02	1.67
learn	-0.02	1.60
week	-0.02	1.86
reinstalled	-0.02	1.74
viable	-0.02	1.54
background	-0.02	1.23
several	-0.02	1.53
phone	-0.02	1.34
vacation	-0.02	1.54
600	-0.02	1.31
fat	-0.02	1.19
income	-0.02	1.29
certain	-0.02	1.48
opposite	-0.01	1.62
ad	-0.01	1.35
trading	-0.01	1.44
cold	-0.01	1.14
heavy	-0.01	1.13
contest	-0.01	1.43
versions	-0.01	1.27
opinion	-0.01	1.90
java	-0.01	1.31
dec	-0.01	1.61
x86	-0.01	1.48
coal	-0.01	1.44
handful	-0.01	1.66
unit	-0.01	1.21
flawed	-0.01	1.24
2014	-0.01	1.47
sunk	-0.01	1.56
prompt	-0.01	1.59
tonight	-0.01	1.47
devices	-0.01	1.30
solved	-0.01	1.81
48	-0.00	1.61
creation	-0.00	1.14
bidding	-0.00	1.63
really	-0.00	2.90
applies	-0.00	1.30
monitors	-0.00	1.26
behind	-0.00	1.71
indicate	-0.00	1.69
shield	-0.00	1.19
day	-0.00	1.90
bastard	-0.00	1.06
protocol	-0.00	1.25
useful	-0.00	2.65
imgur	-0.00	1.81
evil	-0.00	0.94
leading	-0.00	1.51
nowhere	-0.00	1.24
skip	-0.00	1.78
minecraft	-0.00	0.99
fancy	0.00	0.98
authentication	0.00	1.35
scene	0.00	0.96
realize	0.00	2.93
estimate	0.00	1.52
modded	0.00	1.11
coast	0.00	1.33
sacks	0.00	1.43
10-15	0.00	1.51
contacting	0.00	1.26
linux	0.00	1.37
clients	0.00	1.30
seven	0.00	1.63
40	0.00	1.52
redeemed	0.01	1.41
faith	0.01	1.12
packs	0.01	1.48
icon	0.01	1.63
thoughts	0.01	1.40
0.01	0.01	1.44
ssfn	0.01	1.51
vista	0.01	1.55
younger	0.01	1.18
mystery	0.01	1.62
attempts	0.01	1.53
relevant	0.01	1.44
premium	0.01	1.24
hundred	0.01	1.50
needs	0.01	2.42
least	0.01	2.60
sale	0.01	1.63
spent	0.01	1.52
finding	0.01	2.26
earned	0.01	1.49
teach	0.01	1.34
camp	0.01	1.40
setting	0.01	1.45
still	0.02	3.12
postal	0.02	1.24
200	0.02	1.38
cash	0.02	1.65
aka	0.02	1.19
500	0.02	1.41
blue	0.02	1.21
potential	0.02	1.53
standing	0.02	1.28
idle	0.02	1.32
six	0.02	1.65
depend	0.02	1.20
ride	0.02	1.25
completion	0.02	1.26
editing	0.02	1.59
requested	0.02	1.56
requirement	0.02	1.25
stopping	0.02	1.56
ie	0.02	1.27
economy	0.02	1.20
winter	0.02	1.60
extent	0.02	1.39
rent	0.02	1.37
100	0.02	1.43
mann	0.02	1.26
finishing	0.02	1.42
<SPECIAL>	0.02	1.11
<URL>	0.02	1.11
loads	0.02	1.30
clear	0.03	1.51
switched	0.03	1.60
try	0.03	1.84
couple	0.03	1.66
town	0.03	1.14
ye	0.03	1.34
swear	0.03	1.22
decisions	0.03	1.34
120	0.03	1.37
expire	0.03	1.87
profile	0.03	1.51
sole	0.03	1.32
googling	0.03	1.73
number	0.03	1.72
worthwhile	0.03	1.85
spreading	0.03	1.40
displayed	0.03	1.91
followed	0.03	1.42
collecting	0.03	1.48
5-10	0.03	1.63
popped	0.03	1.74
uninstalled	0.03	1.67
events	0.03	1.52
madness	0.03	1.36
33	0.03	1.42
streaming	0.03	1.16
violence	0.03	1.09
700	0.03	1.34
logged	0.04	1.57
hatred	0.04	1.09
japanese	0.04	1.07
older	0.04	1.21
famous	0.04	1.21
tagged	0.04	1.11
enjoyment	0.04	1.07
50	0.04	1.52
uninstalling	0.04	1.58
arma	0.04	0.95
doubt	0.04	2.57
few	0.04	1.64
15	0.04	1.51
800	0.04	1.35
solely	0.04	1.24
pic	0.04	1.66
nintendo	0.04	1.08
crate	0.04	1.22
reduced	0.04	1.50
provide	0.04	2.16
foils	0.04	1.56
laptops	0.04	1.18
hl1	0.05	1.01
percent	0.05	1.39
effects	0.05	1.14
20	0.05	1.47
killer	0.05	1.16
count	0.05	1.46
twitch	0.05	1.07
questions	0.05	1.83
price	0.05	1.47
interested	0.05	3.04
active	0.05	1.20
webpage	0.05	1.40
ten	0.05	1.55
browsers	0.05	1.40
deleting	0.05	1.66
texture	0.05	1.10
affected	0.05	1.78
players	0.05	1.18
boxes	0.06	1.37
gems	0.06	1.45
auctions	0.06	1.59
fence	0.06	2.57
freedom	0.06	1.14
many	0.06	1.64
tags	0.06	1.24
occasionally	0.06	1.40
dvd	0.06	1.21
registered	0.06	1.67
location	0.06	1.43
friends	0.06	1.55
computer	0.06	1.35
link	0.06	1.76
empty	0.06	1.42
worth	0.06	2.16
primary	0.06	1.10
10	0.06	1.51
deliver	0.06	1.27
45	0.06	1.59
albeit	0.06	1.16
tl	0.06	1.52
visual	0.06	1.03
depends	0.06	1.65
routine	0.06	1.72
within	0.06	1.68
norway	0.06	1.51
memory	0.06	1.30
cosmetic	0.06	1.30
1000	0.06	1.38
3-4	0.07	1.60
laptop	0.07	1.21
minute	0.07	1.72
conspiracy	0.07	1.92
70	0.07	1.40
saved	0.07	1.58
blowing	0.07	1.95
civilians	0.07	1.05
space	0.07	1.02
30	0.07	1.49
cad	0.07	1.25
ps2	0.07	1.07
saves	0.07	1.37
some	0.07	2.27
24	0.07	1.55
75	0.07	1.74
toward	0.07	1.25
22	0.07	1.35
300	0.07	1.38
opinions	0.07	1.49
bought	0.07	1.53
generation	0.07	1.14
massive	0.07	1.14
12	0.08	1.49
surprised	0.08	2.99
flat	0.08	1.14
three	0.08	1.64
customization	0.08	1.04
unusual	0.08	1.28
proxy	0.08	1.34
2004	0.08	1.28
slightly	0.08	1.49
150	0.08	1.39
army	0.08	1.19
autumn	0.08	1.51
foil	0.08	1.48
par	0.08	1.19
four	0.08	1.47
euro	0.08	1.32
five	0.08	1.58
lacks	0.08	0.80
2013	0.08	1.47
tcp	0.08	1.64
verifying	0.08	1.63
bear	0.08	1.29
friendly	0.08	1.10
food	0.08	1.26
scheme	0.08	0.95
builds	0.09	1.27
creative	0.09	0.98
event	0.09	1.52
percentage	0.09	1.27
replace	0.09	1.39
90	0.09	1.47
favor	0.09	1.32
setup	0.09	1.43
collector	0.09	0.98
billion	0.09	1.21
balance	0.09	1.23
indies	0.09	1.15
copy	0.09	1.52
mic	0.09	1.30
lies	0.09	1.23
picture	0.09	1.58
supply	0.10	1.24
fill	0.10	1.61
insert	0.10	1.19
limiting	0.10	1.34
us	0.10	1.50
penny	0.10	1.56
reinstalling	0.10	1.67
submitted	0.10	1.82
shift	0.10	1.33
submit	0.10	1.89
notes	0.10	1.26
time	0.10	2.31
turned	0.10	1.56
dying	0.10	1.51
hang	0.10	1.64
statistics	0.10	1.79
bitcoin	0.10	1.51
libraries	0.10	1.41
slightest	0.10	1.02
badge	0.10	1.49
impact	0.10	1.31
tf2	0.10	1.23
crafted	0.10	1.49
out	0.10	2.33
guides	0.10	1.31
architect	0.10	1.00
2.5	0.10	1.27
soon	0.10	2.12
unturned	0.10	1.07
sooner	0.10	1.81
available	0.10	1.92
hobby	0.10	1.42
edited	0.10	2.04
history	0.11	1.49
64	0.11	1.82
avoid	0.11	1.72
17	0.11	1.40
element	0.11	1.07
models	0.11	1.42
working	0.11	2.72
4-5	0.11	1.57
crafting	0.11	1.52
halloween	0.11	1.48
size	0.11	1.22
1080p	0.11	1.22
becomes	0.11	1.59
reasonable	0.11	1.52
granted	0.11	1.23
35	0.11	1.41
eyes	0.11	1.07
unfortunately	0.11	3.00
evidence	0.11	2.03
wii	0.11	1.01
18	0.11	1.44
60	0.12	1.45
room	0.12	1.26
8.1	0.12	1.70
ip	0.12	1.44
eve	0.12	0.92
javascript	0.12	1.44
hats	0.12	1.18
prize	0.12	1.47
netherlands	0.12	1.52
catch	0.12	1.90
runs	0.12	1.31
tea	0.12	1.48
gamer	0.12	1.22
chart	0.12	1.17
forest	0.12	1.11
engine	0.12	1.07
craft	0.12	1.59
existed	0.12	1.86
portion	0.12	1.41
7	0.12	1.55
sigh	0.12	1.23
motherboard	0.12	1.15
netflix	0.12	1.08
prime	0.12	1.55
url	0.12	1.54
citizen	0.12	1.49
appeared	0.12	1.62
extend	0.12	1.79
shape	0.13	1.33
locally	0.13	1.36
prison	0.13	1.01
badges	0.13	1.48
steep	0.13	1.26
derp	0.13	1.50
everything	0.13	2.10
represent	0.13	0.97
osx	0.13	1.64
required	0.13	1.79
advance	0.13	1.11
gt	0.13	1.73
starbound	0.13	1.00
2-3	0.13	1.63
cleared	0.13	1.57
lifetime	0.13	1.44
holiday	0.13	1.53
display	0.13	1.46
cosmetics	0.13	1.22
arm	0.13	1.30
spore	0.13	1.11
turns	0.14	1.46
media	0.14	1.06
countless	0.14	1.65
11	0.14	1.43
weekends	0.14	1.39
knife	0.14	1.24
surface	0.14	1.60
submitting	0.14	1.76
meantime	0.14	1.74
keeping	0.14	1.91
browser	0.14	1.38
force	0.14	1.24
matchmaking	0.14	1.32
entry	0.14	1.52
crates	0.14	1.28
66	0.14	1.42
late	0.14	1.82
engineers	0.14	1.11
priced	0.15	1.33
luckily	0.15	1.42
simulator	0.15	0.99
onto	0.15	1.50
died	0.15	1.47
aww	0.15	2.32
lost	0.15	1.26
whatnot	0.15	1.05
majority	0.15	1.38
pressure	0.15	1.29
channel	0.15	1.18
16	0.15	1.42
trial	0.15	1.43
repeat	0.15	1.58
meant	0.15	3.37
14	0.15	1.38
visible	0.15	1.55
metacritic	0.15	1.19
limits	0.15	1.21
afaik	0.15	1.59
bright	0.15	1.13
include	0.15	1.46
begging	0.15	1.65
addition	0.15	1.33
fanboy	0.15	1.79
unreal	0.16	0.99
first	0.16	2.14
honestly	0.16	2.87
understandable	0.16	1.68
noticed	0.16	1.79
kill	0.16	1.11
2007	0.16	1.43
woke	0.16	1.78
regardless	0.16	1.84
lucky	0.16	2.26
picking	0.16	2.22
results	0.16	1.39
55	0.16	1.31
unfair	0.16	1.32
gen	0.16	1.16
mixed	0.16	1.04
27	0.17	1.40
ideal	0.17	1.27
linking	0.17	1.58
19	0.17	1.46
contain	0.17	1.79
ur	0.17	1.43
6	0.17	1.51
answering	0.17	1.90
easily	0.17	2.04
most	0.17	2.06
exclusively	0.17	1.40
packages	0.18	1.38
version	0.18	1.15
account	0.18	1.47
building	0.18	1.07
influence	0.18	1.30
feature	0.18	1.61
virtual	0.18	1.42
patient	0.18	1.79
kidding	0.18	2.09
csgo	0.18	1.35
horse	0.18	1.18
newest	0.18	1.25
cards	0.18	1.49
course	0.18	2.82
south	0.18	1.44
cpu	0.18	1.23
anno	0.18	1.06
cache	0.18	1.63
threads	0.18	1.61
28	0.19	1.41
sadly	0.19	1.86
maker	0.19	1.03
23	0.19	1.45
image	0.19	1.57
compromised	0.19	1.63
13	0.19	1.43
em	0.19	1.63
repost	0.19	1.63
prices	0.19	1.49
400	0.19	1.33
orange	0.19	1.15
regular	0.19	1.45
summer	0.20	1.53
league	0.20	1.03
associated	0.20	1.49
free	0.20	1.32
guard	0.20	1.48
perhaps	0.20	1.68
rift	0.20	1.04
tagging	0.20	1.28
unity	0.20	1.16
shall	0.20	1.52
cookies	0.20	1.49
block	0.20	1.39
stretch	0.20	1.86
alternate	0.20	1.40
print	0.20	1.34
solutions	0.20	1.80
windows	0.20	1.54
fake	0.20	1.57
stress	0.20	1.71
collect	0.20	1.56
subjective	0.20	1.89
avatar	0.20	1.22
conversion	0.20	1.43
depending	0.20	1.60
watch	0.21	1.05
gather	0.21	1.50
26	0.21	1.46
dns	0.21	1.43
ect	0.21	1.38
promotion	0.21	1.32
now	0.21	3.08
tb	0.21	1.22
finish	0.21	1.81
watch_dogs	0.21	1.19
emoticon	0.21	1.37
skill	0.21	1.12
delayed	0.21	1.36
went	0.21	1.91
change	0.21	1.92
authorize	0.21	1.50
tool	0.22	1.43
directx	0.22	1.43
steamguard	0.22	1.50
tv	0.22	1.09
weight	0.22	1.37
peoples	0.22	1.32
duplicates	0.22	1.33
stay	0.22	1.76
guessing	0.22	3.10
blank	0.22	1.54
cleaner	0.22	1.33
alternative	0.22	1.62
comp	0.22	1.43
item	0.22	1.40
hits	0.22	1.56
survive	0.22	1.46
found	0.22	2.03
below	0.23	1.92
hot	0.23	1.38
mods	0.23	1.31
date	0.23	1.51
news	0.23	1.33
side	0.23	1.51
mega	0.23	1.10
former	0.23	1.20
market	0.23	1.63
quiet	0.23	1.32
thousands	0.23	1.49
cent	0.24	1.58
verification	0.24	1.52
content	0.24	1.34
tried	0.24	1.93
firefox	0.24	1.40
following	0.24	1.81
locations	0.24	1.30
sid	0.24	1.08
vii	0.24	0.89
surprising	0.24	1.36
creators	0.24	1.13
9	0.24	1.48
integrated	0.24	1.17
look	0.24	2.73
premise	0.24	1.56
session	0.24	1.36
medium	0.24	1.34
tiny	0.24	1.10
nicely	0.24	1.55
pre-ordered	0.24	1.27
along	0.24	1.60
trip	0.25	1.26
restarted	0.25	1.74
cities	0.25	1.05
60fps	0.25	1.36
consider	0.25	2.22
football	0.25	1.12
sack	0.25	1.51
beat	0.25	1.67
simultaneously	0.25	1.87
wan	0.25	2.54
feeling	0.25	1.63
strange	0.25	2.56
0.03	0.25	1.51
upgrade	0.25	1.42
map	0.25	1.26
photo	0.25	1.56
final	0.25	1.05
black	0.25	1.36
heart	0.25	1.09
rigging	0.25	1.81
2.50	0.25	1.60
creates	0.25	1.35
listing	0.25	1.62
maximum	0.25	1.28
authorized	0.26	1.28
marketable	0.26	1.51
driver	0.26	1.31
cs	0.26	1.35
present	0.26	1.25
writing	0.26	1.70
frankly	0.26	1.61
dota	0.26	1.26
significant	0.26	1.19
4gb	0.26	1.25
wild	0.26	1.11
cases	0.27	1.62
cars	0.27	1.19
approach	0.27	1.62
kid	0.27	1.31
patience	0.27	1.37
satisfied	0.27	2.66
multiple	0.27	1.48
grinding	0.27	1.02
faction	0.27	1.33
entries	0.27	1.49
men	0.27	1.08
color	0.27	1.22
bundled	0.27	1.54
monsters	0.27	1.12
wishlist	0.27	1.80
raise	0.27	1.35
serves	0.27	1.38
pool	0.27	1.32
insane	0.28	1.97
whatsoever	0.28	1.66
psa	0.28	1.50
1.6	0.28	1.20
effectively	0.28	1.35
enemies	0.28	1.15
answer	0.28	1.87
between	0.28	1.52
overly	0.28	1.81
personal	0.28	1.52
e-mail	0.28	1.57
unrelated	0.28	1.30
sides	0.28	1.48
other	0.28	1.83
command	0.28	1.44
restarting	0.28	1.67
traditional	0.28	1.07
gpu	0.28	1.19
2015	0.28	1.33
share	0.28	1.53
hundreds	0.28	1.46
heck	0.29	1.71
watching	0.29	1.13
meier	0.29	1.08
feel	0.29	2.34
95	0.29	1.25
experience	0.29	1.21
learning	0.29	1.25
hijacking	0.29	1.47
nvidia	0.29	1.21
completely	0.29	1.75
5	0.29	1.44
1-2	0.30	1.53
laughing	0.30	1.74
idea	0.30	3.00
dota2	0.30	1.14
opportunity	0.30	1.69
baby	0.30	1.21
difficult	0.30	1.36
computers	0.30	1.42
upgrades	0.30	1.14
errors/steam	0.30	1.65
surely	0.30	1.67
logical	0.31	1.64
ram	0.31	1.23
those	0.31	1.86
giveaways	0.31	1.71
zero	0.31	1.36
bandwidth	0.31	1.78
rolling	0.31	1.45
truth	0.31	1.51
ran	0.31	1.76
2000	0.31	1.31
chrome	0.31	1.43
audio	0.31	1.16
ratio	0.31	1.41
realised	0.31	1.88
combat	0.31	1.16
sell	0.31	1.80
petition	0.31	1.39
vary	0.31	1.49
levels	0.31	1.34
captain	0.31	1.14
amd	0.31	1.21
none	0.31	1.73
secondary	0.32	1.39
fire	0.32	1.04
assassin	0.32	1.35
shown	0.32	1.78
meme	0.32	1.31
f2p	0.32	1.06
macbook	0.32	1.71
completed	0.32	1.25
hype	0.32	1.41
skins	0.32	1.24
fresh	0.32	1.25
chosen	0.32	1.20
8gb	0.32	1.26
suit	0.32	0.91
finally	0.33	1.89
32	0.33	1.90
primarily	0.33	1.13
golden	0.33	1.16
huge	0.33	1.28
flawlessly	0.33	1.58
recommendations	0.33	1.40
pin	0.33	1.54
ton	0.33	1.63
matches	0.33	1.28
globe	0.33	1.62
claim	0.33	1.87
cat	0.33	1.20
intent	0.33	1.39
house	0.34	1.17
optional	0.34	1.48
showed	0.34	1.79
certainly	0.34	2.23
spring	0.34	1.52
assets	0.34	1.39
all	0.34	2.65
multi	0.34	1.18
virtually	0.34	1.57
remain	0.34	1.52
processor	0.34	1.25
package	0.34	1.20
eye	0.34	1.39
isnt	0.34	1.55
xmas	0.34	1.48
join	0.34	1.37
photoshop	0.34	1.05
serial	0.34	1.26
workaround	0.34	2.29
bitch	0.34	1.95
css	0.34	1.25
apologies	0.34	1.50
limited	0.34	1.03
little	0.34	1.75
offensive	0.35	1.10
i7	0.35	1.22
8	0.35	1.47
anti	0.35	1.44
glitches	0.35	1.81
idling	0.35	1.42
geforce	0.35	1.20
fyi	0.35	1.24
nights	0.35	1.48
upgraded	0.35	1.24
knives	0.35	1.29
um	0.35	1.55
selling	0.35	1.60
reset	0.35	1.63
positive	0.35	1.30
removal	0.35	1.38
bunch	0.36	1.45
easy	0.36	1.53
official	0.36	1.45
trouble	0.36	1.90
colour	0.36	1.22
plague	0.36	1.12
rats	0.36	1.11
core	0.36	1.27
gifted	0.36	1.27
reference	0.36	1.42
judging	0.36	1.61
gtx	0.36	1.29
upvote	0.36	1.56
addresses	0.36	1.44
there	0.37	2.86
crew	0.37	1.08
i5	0.37	1.28
sandbox	0.37	1.01
previous	0.37	1.70
drawing	0.37	1.50
instructions	0.37	1.68
sound	0.37	1.48
direction	0.37	1.32
upset	0.37	2.75
train	0.37	1.10
bundle	0.37	1.25
comfortable	0.37	1.88
reasonably	0.38	1.80
usable	0.38	1.53
during	0.38	1.51
intel	0.38	1.19
dangerous	0.38	1.32
anytime	0.38	2.02
gladly	0.38	2.32
sets	0.38	1.50
hole	0.38	1.24
mod	0.38	1.10
consistent	0.38	1.16
source	0.38	1.07
assuming	0.38	3.69
radeon	0.38	1.22
ship	0.38	1.05
fingers	0.39	1.50
system	0.39	1.42
21	0.39	1.48
le	0.39	1.28
names	0.39	1.42
pricing	0.39	1.67
win7	0.39	1.54
credentials	0.39	1.71
85	0.39	1.36
throughout	0.39	1.50
female	0.39	1.07
help	0.39	2.87
pixels	0.39	1.03
americans	0.39	1.30
defeat	0.39	1.13
desk	0.40	1.10
successful	0.40	1.26
sorts	0.40	1.48
balls	0.40	1.30
gmod	0.40	1.17
gta	0.40	0.89
mechanic	0.40	1.08
hunt	0.40	1.37
counter-strike	0.40	1.14
kerbal	0.40	1.00
generated	0.40	1.46
line	0.40	1.27
value	0.40	1.35
etc	0.40	1.19
hands	0.40	1.31
cut	0.40	1.20
fit	0.40	1.44
atm	0.41	1.74
regards	0.41	1.42
2.49	0.41	1.50
clone	0.41	1.27
two	0.41	1.64
summary	0.41	1.24
font	0.41	1.11
fighting	0.41	0.91
polished	0.41	1.27
practice	0.41	1.19
sword	0.41	0.96
max	0.41	1.22
mac	0.41	1.59
record	0.41	1.01
alien	0.41	1.08
explorer	0.41	1.49
counterstrike	0.42	1.20
numbers	0.42	1.42
half-life	0.42	1.09
twist	0.42	1.06
tempted	0.42	2.43
hearthstone	0.42	1.19
lets	0.42	1.74
car	0.42	1.31
spoiler	0.42	1.42
nearly	0.42	1.37
world	0.42	1.48
gun	0.42	1.22
helping	0.42	1.80
cuz	0.43	1.66
owning	0.43	1.21
realized	0.43	2.02
population	0.43	1.19
versus	0.43	1.13
furthermore	0.43	1.57
master	0.43	1.20
operation	0.43	1.17
ricochet	0.43	1.07
trolls	0.43	1.37
email	0.43	1.64
considering	0.43	1.55
nether	0.43	1.00
youtube	0.43	1.07
rather	0.43	1.88
59.99	0.43	1.02
christ	0.43	1.26
logs	0.43	1.71
snow	0.43	1.62
reasoning	0.43	1.91
hunter	0.43	1.39
hell	0.43	2.27
track	0.43	1.40
2070	0.43	1.18
humor	0.43	1.05
actual	0.43	1.25
killing	0.44	1.10
proof	0.44	1.95
offense	0.44	1.42
strike	0.44	1.11
receipt	0.44	1.58
exception	0.44	1.33
frustrated	0.44	2.67
im	0.44	2.28
nv	0.44	1.26
threw	0.44	1.56
commander	0.44	0.99
garry	0.44	1.10
nexus	0.45	1.25
hunting	0.45	1.03
path	0.45	1.11
works	0.45	1.95
combined	0.45	1.32
googled	0.45	1.91
fortress	0.45	1.11
extended	0.45	1.20
unlikely	0.45	1.41
member	0.45	1.31
upcoming	0.45	1.34
referral	0.45	1.74
2.99	0.45	1.46
passes	0.45	1.22
half	0.45	1.13
hr	0.46	1.08
life	0.46	1.12
benefits	0.46	1.60
linear	0.46	1.29
budget	0.46	1.24
as	0.46	2.64
timer	0.46	1.61
database	0.46	1.34
future	0.46	1.80
layout	0.46	1.14
identity	0.46	1.48
warcraft	0.46	1.07
global	0.46	1.14
silver	0.47	1.08
highest	0.47	1.82
expansion	0.47	0.96
physics	0.47	1.14
hitting	0.47	1.36
focused	0.47	1.20
higher	0.47	1.43
whoops	0.47	3.04
explore	0.47	1.25
battle	0.47	0.99
unlock	0.47	1.24
human	0.48	1.00
agreed	0.48	1.79
spiral	0.48	1.14
breath	0.48	1.10
suspect	0.48	1.86
described	0.48	1.45
3.74	0.48	1.60
name	0.48	1.55
rage	0.48	1.74
extension	0.48	1.47
unlocked	0.48	1.30
shooting	0.48	1.10
interactive	0.48	0.99
shared	0.49	1.42
bills	0.49	1.23
potato	0.49	1.34
bids	0.49	1.65
counter	0.49	1.12
corsa	0.49	1.17
isolation	0.49	1.06
listening	0.49	1.36
comics	0.49	1.75
own	0.49	1.36
totalbiscuit	0.49	1.14
partner	0.49	1.18
memes	0.49	1.74
body	0.50	1.39
parable	0.50	1.27
icons	0.50	1.27
apologize	0.50	1.53
stands	0.50	1.39
reaction	0.50	1.75
supposedly	0.50	1.41
girl	0.50	1.12
ridiculously	0.50	1.69
ace	0.50	1.33
warriors	0.50	0.95
dino	0.50	1.05
holds	0.50	1.19
entering	0.50	1.79
bit	0.50	1.73
dual	0.50	1.24
comparison	0.50	1.29
mythology	0.51	1.04
field	0.51	1.40
digital	0.51	1.10
gem	0.51	1.55
regret	0.51	1.57
stream	0.51	1.10
guide	0.51	1.41
images	0.51	1.69
typed	0.51	1.96
scripts	0.51	1.35
vanilla	0.52	1.12
stayed	0.52	1.53
beating	0.52	1.53
enjoying	0.52	2.26
assault	0.52	1.08
vast	0.52	1.28
exile	0.52	1.05
assumed	0.52	2.56
driving	0.52	1.21
36	0.52	1.40
natural	0.52	1.01
hope	0.52	2.66
appropriate	0.52	1.27
rape	0.52	1.27
checking	0.52	1.83
generally	0.52	1.39
categories	0.52	1.24
recommendation	0.53	1.32
worried	0.53	2.77
format	0.53	1.41
truck	0.53	1.07
worlds	0.53	1.19
lesson	0.53	1.50
rush	0.53	1.03
typo	0.53	1.77
republic	0.53	1.28
entire	0.53	1.54
scenes	0.54	1.06
knights	0.54	1.10
warframe	0.54	1.01
too	0.54	2.64
alert	0.54	1.18
1.5	0.54	1.39
harder	0.54	1.51
billing	0.54	1.67
portal	0.54	1.10
moves	0.54	1.16
guild	0.54	1.05
ui	0.55	1.13
adventures	0.55	0.91
sleep	0.55	1.39
legends	0.55	0.92
paradox	0.55	0.91
island	0.55	1.28
lowest	0.55	1.86
code	0.56	1.58
assetto	0.56	1.21
scared	0.56	2.72
9.99	0.56	1.38
garrys	0.56	1.11
finger	0.56	1.33
watched	0.56	0.96
butt	0.56	1.22
records	0.56	1.21
abilities	0.56	1.10
inc	0.56	1.13
missed	0.56	1.70
thankfully	0.56	1.59
low	0.56	1.34
modding	0.56	1.14
ruining	0.56	1.97
latter	0.56	1.25
l4d2	0.56	1.14
confirmation	0.57	1.49
adds	0.57	1.30
0	0.57	1.35
turn	0.57	1.50
rising	0.57	0.98
chat	0.57	1.64
changing	0.57	1.60
movies	0.57	0.98
4	0.57	1.10
hint	0.57	1.07
import	0.57	1.47
heavily	0.58	1.23
interests	0.58	1.34
weapon	0.58	1.15
stats	0.58	1.21
mmos	0.58	1.19
ugh	0.58	1.61
sniper	0.58	1.03
nostalgia	0.58	1.29
selection	0.58	1.39
guns	0.58	1.04
farcry	0.59	0.94
dislike	0.59	2.23
entertainment	0.59	1.03
answers	0.59	1.70
7.49	0.59	1.44
she	0.59	2.54
decay	0.59	0.95
sync	0.59	1.34
minus	0.59	1.25
guess	0.59	3.17
spec	0.59	1.03
noire	0.60	1.09
gear	0.60	1.07
whats	0.60	2.11
enhanced	0.60	1.28
hrs	0.60	1.05
plenty	0.60	1.59
separate	0.60	1.52
race	0.60	1.24
wat	0.60	1.38
letter	0.60	1.41
paper	0.60	1.03
success	0.60	1.17
depth	0.60	1.13
included	0.60	1.33
episodes	0.61	1.07
curve	0.61	1.33
kind	0.61	2.27
recommended	0.61	1.18
his	0.61	1.66
quite	0.61	1.96
pvp	0.61	1.13
goat	0.61	1.09
co	0.62	1.46
aoe	0.62	0.96
gif	0.62	1.34
videos	0.62	1.15
sky	0.62	1.00
parents	0.62	1.51
mesa	0.62	1.07
pirates	0.62	1.06
planetside	0.62	1.02
separately	0.62	1.34
editions	0.62	1.22
4.99	0.62	1.36
boom	0.62	1.48
type	0.62	1.67
4x	0.63	1.09
address	0.63	1.64
pro	0.63	1.88
male	0.63	1.16
complete	0.63	0.94
panic	0.63	1.50
4-pack	0.63	1.13
resident	0.63	1.03
literally	0.63	1.86
favorites	0.64	1.06
extremely	0.64	1.76
base	0.64	1.14
annihilation	0.64	1.10
length	0.64	1.11
quake	0.64	1.02
thunder	0.64	1.15
protagonist	0.64	1.13
orion	0.64	1.11
urls	0.64	1.80
episode	0.65	1.08
sister	0.65	2.58
your	0.65	1.69
glory	0.65	1.06
horde	0.65	1.25
purely	0.65	1.24
mistake	0.65	2.04
simulators	0.66	1.29
dlc	0.66	1.25
women	0.66	0.85
jump	0.66	1.27
tips	0.66	1.60
colors	0.66	1.23
stand	0.66	1.68
fallen	0.66	1.14
preferred	0.66	1.12
heroes	0.66	0.84
hearts	0.66	1.06
assassins	0.66	1.27
match	0.66	1.41
silent	0.67	1.13
total	0.67	1.15
counting	0.67	1.44
expansions	0.67	1.14
redux	0.67	1.11
large	0.67	1.15
necessary	0.67	1.89
figured	0.68	2.43
redditor	0.68	1.27
checked	0.68	1.66
includes	0.68	1.11
personally	0.68	1.97
though	0.68	2.90
analogy	0.69	1.69
grabbed	0.69	1.36
quick	0.69	1.57
oblivion	0.69	1.09
solution	0.69	2.23
piracy	0.69	1.05
historical	0.69	1.59
fantasy	0.69	1.05
enter	0.69	1.82
grey	0.70	1.21
sucked	0.70	1.50
trailers	0.70	1.19
bosses	0.70	1.13
suggest	0.70	1.72
ftfy	0.70	1.43
fixed	0.70	1.89
pictures	0.70	1.26
hub	0.70	1.40
sims	0.70	0.90
punch	0.70	1.18
reply	0.70	1.79
creed	0.70	1.30
returns	0.70	1.08
death	0.70	1.21
banished	0.70	1.01
default	0.71	1.27
dunno	0.71	2.06
timing	0.71	1.20
1/2	0.71	1.22
biggest	0.71	2.20
suspicious	0.71	1.63
nations	0.71	0.98
zombie	0.71	1.04
heist	0.71	1.15
stack	0.71	1.22
ending	0.71	1.49
giveaway	0.71	1.42
login	0.71	1.73
cute	0.72	1.18
far	0.72	1.28
soul	0.72	0.92
mordor	0.72	1.05
individually	0.72	1.63
theory	0.72	1.39
mine	0.72	1.99
pack	0.72	1.15
shame	0.72	2.36
planetary	0.72	1.08
her	0.73	1.62
incredibly	0.73	1.55
girls	0.73	1.17
id	0.73	1.80
taste	0.73	1.21
passwords	0.73	1.71
tutorials	0.73	1.31
orchestra	0.74	1.15
complex	0.74	1.11
mostly	0.74	1.21
downside	0.74	1.93
7.50	0.74	1.23
rise	0.74	1.07
1.50	0.74	1.45
solid	0.74	1.86
ultimate	0.75	1.05
realistic	0.75	1.21
addons	0.75	1.32
sam	0.75	1.13
old	0.76	1.33
medieval	0.76	1.01
makes	0.76	2.03
preference	0.76	1.35
automatic	0.76	1.21
lan	0.76	1.32
rough	0.76	1.79
new	0.76	1.60
die	0.76	1.41
playtime	0.76	1.25
fairly	0.76	1.83
park	0.77	1.27
arms	0.77	1.10
survivor	0.77	1.29
fishy	0.77	2.27
password	0.77	1.74
loot	0.77	1.07
opposing	0.77	1.08
loadout	0.77	1.03
aswell	0.77	1.54
perfectly	0.77	1.62
video	0.78	1.02
dungeon	0.78	1.01
forgotten	0.78	1.24
hardcore	0.78	1.16
deluxe	0.78	1.00
film	0.78	1.25
coincidence	0.78	1.88
triple	0.78	1.00
familiar	0.78	2.35
wolfenstein	0.78	1.16
girlfriend	0.79	2.34
prepare	0.79	1.33
mysterious	0.79	1.40
upload	0.80	1.34
legendary	0.80	1.10
dream	0.80	1.42
details	0.80	1.66
detail	0.80	1.49
gravity	0.80	1.09
route	0.80	1.28
burnout	0.80	1.03
yo	0.80	1.35
long	0.80	2.02
online	0.80	1.73
blow	0.80	1.32
slash	0.81	1.00
misunderstood	0.81	2.98
payday	0.81	1.08
spotify	0.81	1.16
spell	0.82	1.59
hd	0.82	0.93
pointing	0.82	1.77
wasteland	0.82	1.31
flight	0.82	1.07
challenge	0.82	1.20
gate	0.83	1.04
son	0.83	1.53
dad	0.83	2.54
skyrim	0.83	1.01
tactics	0.83	1.08
uploaded	0.83	1.26
volvo	0.83	1.54
mission	0.83	1.17
theft	0.83	1.00
christmas	0.83	1.46
split	0.83	1.24
progression	0.83	1.10
scrolls	0.83	0.96
payne	0.83	0.95
screenshot	0.84	1.72
zomboid	0.84	0.99
small	0.84	1.14
seriously	0.84	1.78
sequel	0.84	1.15
retro	0.85	0.98
regard	0.85	1.34
war	0.85	0.94
mario	0.85	1.23
local	0.85	1.52
bonus	0.85	1.30
mode	0.86	1.35
ultra	0.86	1.08
single	0.86	1.52
burn	0.86	1.25
stanley	0.86	1.18
titan	0.86	1.11
shock	0.86	0.96
trailer	0.87	1.23
enemy	0.87	0.99
cover	0.87	1.40
increases	0.87	1.26
existing	0.87	1.51
98	0.87	1.27
grab	0.87	1.76
dlcs	0.88	1.15
odd	0.88	2.42
v	0.88	1.02
recorded	0.88	1.28
sticking	0.88	1.69
impressed	0.88	2.56
advise	0.88	1.91
doom	0.88	1.03
stranger	0.88	1.41
orcs	0.88	1.36
karma	0.89	1.70
kinda	0.89	1.70
flag	0.89	1.26
prefer	0.89	2.17
fear	0.89	1.17
magic	0.89	1.02
classes	0.89	1.00
chivalry	0.90	1.01
one	0.90	2.87
seems	0.90	2.20
relatively	0.90	1.47
devil	0.91	1.11
surgeon	0.91	1.07
units	0.91	1.12
eg	0.91	1.10
plz	0.91	1.43
secret	0.91	1.26
agree	0.91	3.17
thoroughly	0.91	1.55
road	0.92	1.33
somewhat	0.92	1.63
morrowind	0.92	1.05
sanctum	0.92	1.43
elder	0.92	0.99
remindme	0.92	1.47
edition	0.92	1.09
strongly	0.93	1.68
shadow	0.93	1.03
goddamn	0.93	1.08
sin	0.93	1.19
helped	0.93	1.82
saint	0.93	1.24
competitive	0.93	1.31
insanely	0.93	1.63
mother	0.93	2.39
minimal	0.94	1.19
welp	0.94	1.44
starcraft	0.94	0.99
defense	0.94	1.28
civilization	0.95	1.04
heh	0.95	1.67
cry	0.95	1.18
truly	0.95	1.85
appealing	0.96	1.54
director	0.96	1.07
kingdom	0.96	1.01
meaningful	0.96	1.39
saints	0.96	1.02
grid	0.97	1.31
vegas	0.97	1.08
shocked	0.97	2.39
input	0.97	1.36
goty	0.97	1.09
solar	0.97	0.99
itunes	0.97	1.22
omg	0.97	1.50
collectors	0.98	1.16
crossed	0.98	1.43
leveling	0.98	1.16
indeed	0.98	1.88
empires	0.98	0.85
rock	0.98	1.15
brutal	0.98	1.08
confirmed	0.99	1.21
marvel	0.99	0.97
metal	0.99	0.89
correctly	0.99	2.68
z	0.99	1.34
mom	0.99	2.22
legend	0.99	1.08
warband	0.99	1.00
maps	0.99	1.19
simple	0.99	1.54
amalur	1.00	0.95
brave	1.00	1.17
very	1.00	1.76
movie	1.00	0.90
crysis	1.00	0.97
health	1.00	1.22
auto	1.00	1.05
tropico	1.01	1.00
secure	1.01	1.40
multiplayer	1.01	1.25
sports	1.01	1.26
sim	1.02	0.99
information	1.02	1.54
defy	1.02	1.06
equally	1.02	1.23
adventure	1.02	1.52
shots	1.03	1.31
gg	1.03	1.47
variety	1.03	1.23
la	1.03	1.35
gunpoint	1.03	0.86
l4d	1.03	1.09
difficulty	1.04	1.26
player	1.04	1.33
fallout	1.04	1.01
explaining	1.04	1.90
electronic	1.04	0.94
badass	1.05	1.31
divinity	1.05	1.05
shot	1.05	1.90
kills	1.05	2.13
promising	1.05	1.28
insurgency	1.05	1.02
dr	1.06	2.06
tycoon	1.06	0.99
legit	1.06	1.66
absolution	1.06	1.00
kotor	1.06	0.91
worthy	1.07	1.08
c	1.07	1.54
casual	1.07	1.10
row	1.07	1.00
dawn	1.07	0.99
quest	1.07	1.07
tower	1.07	1.25
hl3	1.07	1.28
shogun	1.07	0.94
aspect	1.07	1.01
wtf	1.08	1.67
oddly	1.08	1.42
rome	1.08	0.99
duke	1.08	1.32
diablo	1.08	0.89
fuckin	1.08	1.54
asus	1.09	1.14
big	1.09	1.40
t	1.09	1.52
hero	1.09	1.12
showcase	1.09	1.34
en	1.09	1.45
anyway	1.09	2.70
plugin	1.09	1.42
blade	1.10	0.98
oops	1.10	2.10
vice	1.10	0.88
definitely	1.10	2.38
part	1.11	2.86
real	1.11	2.73
character	1.12	0.97
wife	1.12	2.31
workshop	1.12	1.22
elite	1.13	1.04
ama	1.13	2.17
genres	1.13	1.15
high	1.13	1.35
w	1.13	1.49
broforce	1.13	0.94
bl2	1.13	1.17
es	1.13	1.45
de	1.14	1.44
empire	1.14	0.93
moba	1.14	1.13
couch	1.15	1.40
brother	1.15	1.63
chaos	1.15	1.00
wallpaper	1.16	1.45
storm	1.16	1.11
revolution	1.16	0.98
bloody	1.16	1.08
civ5	1.16	1.23
sense	1.17	2.42
alot	1.17	1.76
n	1.17	1.39
whole	1.17	2.40
handy	1.17	1.54
audiosurf	1.18	1.04
production	1.18	1.09
possible	1.18	2.78
3	1.18	1.11
charm	1.18	1.90
pass	1.19	1.06
iii	1.19	0.84
se	1.19	1.43
weapons	1.19	1.17
wallpapers	1.19	1.21
shooters	1.19	1.25
fighter	1.19	0.99
souls	1.19	0.94
didnt	1.19	1.93
arena	1.20	1.16
explanation	1.20	1.98
graphics	1.20	1.12
amnesia	1.20	0.87
books	1.20	1.11
que	1.20	1.43
dead	1.20	1.03
dammit	1.20	1.48
baldur	1.20	0.93
blacklist	1.20	0.97
mass	1.21	1.06
gold	1.21	1.05
p.s	1.21	1.24
mount	1.22	0.98
peace	1.22	1.18
bureau	1.22	1.01
shadowrun	1.22	0.96
mix	1.22	1.15
liked	1.22	2.13
job	1.23	1.71
congrats	1.23	1.50
kingdoms	1.23	0.92
iv	1.23	0.91
wake	1.24	0.99
another	1.24	2.71
hitman	1.24	0.97
effect	1.24	1.00
words	1.25	2.30
dragon	1.25	0.91
pixel	1.25	1.09
its	1.25	2.28
sea	1.25	1.15
plus	1.26	1.15
banner	1.26	0.98
1	1.27	1.12
weird	1.27	1.96
defenders	1.27	1.37
trilogy	1.27	1.01
wolf	1.28	0.94
season	1.28	1.02
warrior	1.28	0.95
floor	1.28	1.06
endless	1.28	1.11
driven	1.28	1.05
assumption	1.29	2.66
f	1.29	1.42
street	1.29	1.01
dungeons	1.29	1.07
da	1.29	1.50
star	1.29	1.04
brotherhood	1.29	1.20
easiest	1.30	2.31
o.o	1.30	1.73
crazy	1.30	1.71
terraria	1.30	1.02
custom	1.30	1.25
squad	1.30	1.76
enjoy	1.30	2.15
combination	1.30	2.08
deus	1.31	1.01
x	1.31	1.47
genuinely	1.31	1.65
valid	1.31	2.50
dogs	1.31	0.90
grand	1.31	0.92
alan	1.31	1.00
dark	1.32	0.93
torchlight	1.32	1.23
child	1.32	1.06
yes	1.32	2.55
sp	1.32	0.97
franchise	1.32	1.00
balanced	1.32	1.12
tales	1.32	0.92
civ	1.32	1.05
amp	1.32	1.15
joy	1.33	1.09
blood	1.33	0.96
alive	1.33	1.92
gf	1.34	2.17
sega	1.34	1.24
unknown	1.34	1.09
e	1.34	1.57
tough	1.34	1.33
screenshots	1.35	1.41
tbh	1.35	1.58
splinter	1.35	1.13
29	1.35	1.30
listen	1.35	1.33
convinced	1.36	2.57
b	1.36	1.37
themes	1.36	1.20
ideas	1.36	1.51
hmmm	1.36	1.65
classic	1.36	1.00
mood	1.37	2.25
super	1.37	1.26
octodad	1.37	1.14
thief	1.37	0.98
boy	1.37	1.03
g	1.37	1.51
lt	1.37	1.53
rewarding	1.38	1.16
borderlands	1.38	0.99
closest	1.38	2.30
smooth	1.38	1.62
r	1.39	1.45
mmo	1.39	1.08
theatre	1.39	0.98
2	1.39	1.03
provided	1.40	2.74
fucking	1.40	1.46
forgot	1.40	1.86
sun	1.40	1.04
goo	1.40	1.15
injustice	1.40	0.96
mirror	1.40	0.94
rebirth	1.41	0.97
tactical	1.41	1.13
liking	1.42	1.99
2033	1.42	0.93
looked	1.42	1.79
memories	1.42	1.17
simulation	1.42	1.12
cell	1.43	1.01
accurate	1.43	2.26
nevermind	1.43	1.72
o	1.43	1.50
air	1.44	1.21
ck2	1.44	1.14
vvvvvv	1.44	0.99
crusader	1.45	1.01
needed	1.45	2.68
suggestions	1.45	1.70
mp	1.46	1.23
scary	1.46	1.01
modes	1.46	1.23
risk	1.46	1.03
y	1.46	1.45
rip	1.46	1.32
songs	1.47	1.23
pretty	1.47	1.79
trials	1.47	1.13
ready	1.47	2.37
voice	1.48	1.14
ii	1.48	0.92
monster	1.49	1.90
wars	1.49	1.00
san	1.49	0.82
username	1.49	1.49
brilliant	1.49	1.63
helps	1.49	1.71
kings	1.50	1.01
yup	1.50	1.87
hm	1.51	1.78
mark	1.51	1.17
seemed	1.51	1.65
challenges	1.51	1.20
stories	1.52	1.09
letting	1.52	2.05
played	1.52	1.80
confirm	1.52	2.55
isaac	1.52	0.99
meat	1.52	0.98
l	1.53	1.49
mp3	1.53	1.24
explains	1.53	1.89
damned	1.53	1.20
reminds	1.53	1.91
replayability	1.54	1.19
our	1.55	1.13
pls	1.55	1.44
light	1.55	0.96
bud	1.55	1.68
planet	1.55	1.10
ninja	1.55	1.03
battleblock	1.55	1.04
ease	1.55	1.94
witcher	1.55	0.98
such	1.55	1.38
edit	1.55	1.80
origins	1.55	0.95
dirt	1.56	1.43
3d	1.56	1.03
eh	1.56	1.72
calm	1.56	1.38
contains	1.57	1.25
feedback	1.57	1.55
papers	1.58	1.02
dialogue	1.58	1.26
binding	1.58	0.99
overall	1.58	1.08
surprisingly	1.58	1.26
main	1.59	1.16
thats	1.59	1.85
rpgs	1.59	1.14
battlefront	1.59	1.01
boat	1.59	2.15
knight	1.59	1.08
missions	1.59	1.12
walking	1.60	0.97
rts	1.60	1.09
survival	1.60	0.94
xcom	1.60	1.04
rain	1.61	1.03
jesus	1.61	1.41
quests	1.61	1.09
sleeping	1.61	0.93
darksiders	1.61	0.87
fan	1.61	2.02
elysian	1.62	0.95
thought	1.62	2.28
plot	1.62	1.03
legacy	1.63	1.07
collection	1.63	0.97
compatible	1.63	2.67
arcade	1.64	1.02
u	1.64	1.65
emailed	1.65	2.02
disappointment	1.65	1.80
genre	1.66	1.08
dishonored	1.66	0.99
trine	1.66	1.29
magicka	1.67	1.25
metro	1.67	0.99
implies	1.67	2.23
although	1.68	2.34
proud	1.68	2.41
cheapest	1.68	2.45
shovel	1.69	1.13
starve	1.71	1.02
yeah	1.71	2.01
totally	1.71	1.84
nvm	1.71	1.88
extras	1.71	1.20
clearing	1.71	1.70
special	1.72	1.37
album	1.73	1.27
fps	1.73	1.01
song	1.73	1.10
hi	1.74	1.79
2d	1.74	0.94
invalid	1.75	2.54
short	1.75	1.12
stealth	1.75	0.85
changed	1.76	2.59
fable	1.76	0.84
lots	1.77	1.30
tracks	1.77	1.11
rogue	1.77	1.02
book	1.77	1.07
glorious	1.78	0.96
ha	1.78	1.69
hexagon	1.79	0.94
surprise	1.79	1.89
worms	1.80	1.78
whichever	1.80	2.21
fellow	1.80	1.08
felt	1.80	1.29
cake	1.81	1.84
shooter	1.81	0.99
newell	1.83	1.76
campaign	1.83	1.12
til	1.83	1.71
characters	1.83	1.11
tons	1.83	1.25
lego	1.85	0.89
among	1.85	0.89
stars	1.86	1.06
environment	1.86	0.97
sounds	1.86	1.88
transformed	1.86	1.18
action	1.86	0.94
dat	1.86	1.45
ill	1.87	1.92
aw	1.87	1.44
praise	1.88	1.14
incorrect	1.88	2.65
entered	1.88	2.62
letters	1.88	2.25
assistance	1.89	1.39
uh	1.89	1.88
entertaining	1.91	1.13
sonic	1.91	1.10
batman	1.91	0.98
bioshock	1.91	1.00
sons	1.91	0.92
ftl	1.92	0.92
castle	1.92	1.05
crashers	1.92	1.06
anyways	1.92	2.02
dust	1.93	1.03
solo	1.93	1.18
wonderful	1.93	1.50
braid	1.93	0.94
hahaha	1.94	1.68
tomb	1.94	0.93
theater	1.94	0.99
stick	1.95	1.69
glad	1.95	2.22
intense	1.96	1.16
raider	1.96	0.92
city	1.96	1.53
admittedly	1.96	1.35
europa	1.97	1.24
fez	1.98	0.94
universalis	1.98	1.24
gods	1.98	0.86
eu4	1.98	1.45
gabe	1.99	1.80
monaco	2.00	1.08
horror	2.00	0.85
sake	2.01	1.59
exploration	2.01	1.02
miami	2.01	0.96
clarification	2.01	1.90
corrected	2.02	1.87
arkham	2.02	0.97
generous	2.02	1.87
yay	2.03	1.39
woah	2.03	1.61
fc3	2.04	1.51
picked	2.05	1.56
cheap	2.06	1.78
lol	2.06	1.78
ya	2.07	1.78
k	2.08	1.62
campaigns	2.08	1.05
elements	2.08	0.81
hotline	2.09	0.98
tho	2.10	1.73
yea	2.10	1.79
outlast	2.10	0.90
mainly	2.11	1.57
singleplayer	2.12	1.18
worked	2.13	1.96
staying	2.13	1.77
turn-based	2.14	1.58
hmm	2.14	1.91
skin	2.14	1.58
ac	2.15	1.45
fans	2.16	1.59
ac4	2.16	1.50
puzzles	2.16	1.11
remake	2.16	1.56
hah	2.17	1.83
tale	2.17	0.88
awesomenauts	2.17	0.98
xd	2.17	1.67
puzzle	2.18	0.85
nope	2.18	2.02
both	2.19	1.55
king	2.19	0.94
rayman	2.21	0.86
lord	2.23	1.19
p	2.23	1.81
m8	2.25	1.72
well	2.27	2.25
cave	2.28	0.94
brothers	2.28	0.84
wise	2.29	1.25
original	2.29	1.58
sorry	2.29	1.99
addictive	2.30	0.99
rpg	2.31	1.45
huh	2.32	1.91
strategy	2.33	1.46
decent	2.33	1.55
info	2.35	2.23
sir	2.35	1.66
favourite	2.35	1.51
limbo	2.36	0.94
addicting	2.37	1.29
suppose	2.38	1.96
highly	2.38	1.23
racing	2.38	1.63
ex	2.40	1.41
incredible	2.41	1.48
theme	2.41	1.49
detailed	2.42	1.81
epic	2.42	1.59
impressive	2.44	1.27
thomas	2.45	0.93
holy	2.46	1.70
coop	2.46	1.30
nah	2.46	1.81
gameplay	2.46	1.24
contrast	2.48	1.40
deep	2.49	1.24
transistor	2.51	1.31
guys	2.52	1.75
ah	2.52	1.90
wish	2.53	1.92
appreciated	2.53	1.71
spelunky	2.53	1.25
exciting	2.54	1.13
advice	2.54	1.70
ahh	2.56	1.90
blast	2.57	1.04
luck	2.59	1.94
holidays	2.59	2.00
excellent	2.60	1.29
saga	2.61	1.02
worries	2.61	1.79
infinite	2.61	1.40
fits	2.61	1.34
moon	2.61	1.25
haha	2.62	1.83
appreciate	2.64	1.80
mortal	2.64	1.41
replay	2.66	1.22
gaben	2.67	1.47
guacamelee	2.68	1.14
ty	2.68	1.70
damnit	2.69	1.51
platformers	2.69	1.28
co-op	2.70	1.16
oh	2.70	1.80
kombat	2.71	1.33
satisfying	2.71	0.92
bummer	2.71	1.77
asylum	2.73	1.25
recommend	2.73	1.37
hear	2.74	1.66
favorite	2.74	1.30
telltale	2.74	1.37
based	2.76	1.60
suggestion	2.77	1.96
mate	2.80	1.74
thrones	2.80	1.39
fair	2.80	1.64
challenging	2.81	1.12
style	2.81	1.07
cheers	2.82	1.79
current	2.82	2.03
heads	2.84	1.75
man	2.84	1.81
addon	2.84	1.63
birthday	2.84	1.56
concept	2.85	1.30
insight	2.86	1.73
wow	2.87	1.74
enjoyable	2.89	0.90
ta	2.89	1.62
creepy	2.90	1.00
dude	2.94	1.77
edge	2.94	1.18
mr	2.94	1.53
loving	2.95	1.13
alone	2.98	1.19
music	2.99	1.19
enjoyed	2.99	1.13
platformer	2.99	1.01
hello	3.00	1.56
chill	3.01	1.56
perfect	3.03	1.17
damn	3.07	1.74
dang	3.07	1.81
pixelvision	3.07	1.44
alright	3.11	1.84
imho	3.11	1.00
tip	3.12	1.69
thanks	3.13	1.83
ok	3.13	1.79
thx	3.13	1.81
bro	3.14	1.72
especially	3.14	1.04
buddy	3.14	1.49
story	3.17	1.02
looks	3.18	1.54
god	3.19	1.27
fun	3.21	1.08
hilarious	3.21	0.91
welcome	3.27	1.48
series	3.30	1.23
tight	3.32	1.09
okay	3.32	1.74
imo	3.32	0.85
storyline	3.33	0.96
good	3.34	1.35
thank	3.35	1.64
interesting	3.43	1.19
moments	3.44	0.76
unique	3.48	1.02
hey	3.51	1.59
underrated	3.53	1.01
art	3.56	0.99
absolutely	3.57	0.91
neat	3.61	1.24
bastion	3.61	0.88
btw	3.64	1.36
sweet	3.67	1.51
dear	3.67	1.14
atmosphere	3.69	0.85
cool	3.70	1.42
soundtrack	3.86	0.79
artwork	3.89	0.96
beautiful	4.05	0.65
great	4.09	0.56
