hateful	-3.33	0.53
cruel	-3.27	0.54
vile	-3.21	0.56
filled	-3.05	0.76
oppressive	-2.89	0.89
disgusting	-2.85	0.85
hating	-2.79	0.98
horrific	-2.79	1.27
toxic	-2.76	0.92
blame	-2.72	0.99
pms	-2.72	1.33
sending	-2.69	1.34
messages	-2.68	1.35
sick	-2.65	1.21
bad	-2.63	1.43
threatening	-2.62	1.39
kinds	-2.61	1.31
pm	-2.60	1.45
creepy	-2.60	1.37
sorts	-2.59	1.32
blamed	-2.52	0.96
blaming	-2.50	0.91
bashing	-2.38	1.21
tolerate	-2.35	0.93
secretly	-2.34	1.08
brutal	-2.34	1.31
persecuted	-2.32	1.29
unpleasant	-2.25	1.12
misogynistic	-2.23	0.64
inevitably	-2.23	1.36
shocking	-2.23	1.44
complained	-2.22	1.22
ever	-2.21	1.48
laughed	-2.20	1.20
crappy	-2.18	1.43
place	-2.16	1.43
pathetic	-2.16	1.67
stupid	-2.16	1.58
bitter	-2.15	1.56
ruining	-2.14	1.08
desperate	-2.12	1.66
lonely	-2.11	1.72
responsible	-2.10	1.05
dirty	-2.10	1.32
hung	-2.09	1.24
towards	-2.09	1.13
insecure	-2.09	1.73
painful	-2.09	1.33
such	-2.09	1.39
criticizing	-2.06	1.03
awkward	-2.05	1.73
scum	-2.04	0.72
pity	-2.03	1.50
misogynist	-2.02	0.73
unlike	-2.02	1.09
believed	-2.01	1.29
single	-1.99	1.44
universally	-1.99	1.13
misogynists	-1.98	0.74
laughable	-1.98	1.75
immoral	-1.98	1.56
worse	-1.97	1.51
dae	-1.97	1.22
depressed	-1.97	1.83
rude	-1.96	1.02
discriminate	-1.95	1.44
threats	-1.95	1.27
dangerous	-1.95	1.41
criticize	-1.94	1.22
lazy	-1.94	1.48
sexist	-1.93	0.79
creeps	-1.93	1.03
vitriol	-1.92	1.20
objectively	-1.92	1.93
bigots	-1.90	0.63
bigoted	-1.90	0.76
shame	-1.90	1.41
pedo	-1.90	0.83
ignorant	-1.90	1.17
send	-1.90	1.37
boring	-1.89	1.83
sent	-1.89	1.37
angry	-1.88	1.92
unacceptable	-1.88	1.38
surprised	-1.88	2.16
jews	-1.88	1.43
ridiculous	-1.88	1.78
curious	-1.87	2.14
accepted	-1.86	1.34
bunch	-1.85	1.01
fault	-1.85	1.51
message	-1.84	1.40
mail	-1.84	1.39
shitting	-1.84	1.28
malicious	-1.83	0.82
confused	-1.83	2.12
death	-1.82	1.14
toward	-1.82	0.70
pedophile	-1.81	0.81
losers	-1.81	1.39
little	-1.80	1.91
makes	-1.79	2.00
email	-1.79	1.39
frustrated	-1.79	2.01
creep	-1.79	1.01
immature	-1.79	1.36
haters	-1.78	1.23
torture	-1.78	0.71
dumb	-1.77	1.82
racist	-1.77	0.81
upset	-1.76	2.05
obsessed	-1.76	1.12
lame	-1.76	1.82
naive	-1.75	1.38
tired	-1.75	1.39
directed	-1.74	1.42
etc	-1.74	1.21
plain	-1.73	1.19
misguided	-1.72	1.17
scared	-1.72	2.05
delusional	-1.72	1.71
against	-1.71	1.55
hard	-1.71	1.93
trash	-1.71	0.78
oppressing	-1.71	0.53
hypocritical	-1.71	1.39
gays	-1.71	1.57
irresponsible	-1.70	1.30
irrational	-1.70	1.22
worthless	-1.69	1.01
gypsies	-1.68	1.69
hatred	-1.68	1.41
idiotic	-1.68	1.44
uncomfortable	-1.67	1.95
complain	-1.66	0.94
arrogant	-1.66	1.30
assholes	-1.65	1.07
loser	-1.64	1.40
roma	-1.64	1.73
embarrassing	-1.64	1.98
harassing	-1.64	1.13
childish	-1.64	1.48
transphobic	-1.64	0.81
shallow	-1.63	1.33
reactionary	-1.63	0.70
pedophiles	-1.62	0.75
dismissive	-1.62	0.92
utterly	-1.62	1.42
jealous	-1.62	2.04
selfish	-1.61	1.27
modmail	-1.60	1.37
feels	-1.60	1.85
harmful	-1.60	0.88
nerds	-1.59	1.37
vulnerable	-1.59	1.25
unreasonable	-1.58	1.59
entitled	-1.58	1.22
dishonest	-1.57	1.25
via	-1.57	1.34
damaging	-1.57	0.88
backwards	-1.57	1.13
whiny	-1.57	1.29
type	-1.56	1.38
obnoxious	-1.56	1.30
harsh	-1.56	1.21
strange	-1.55	2.10
piece	-1.55	0.94
neckbeards	-1.55	1.26
behaviour	-1.55	0.94
threat	-1.54	1.16
bigot	-1.54	0.86
bored	-1.54	1.70
insulting	-1.54	0.96
odd	-1.53	2.06
virgin	-1.53	1.30
received	-1.53	1.24
stalking	-1.53	1.02
third	-1.53	1.71
absurd	-1.52	1.84
everywhere	-1.52	1.49
annoying	-1.52	2.00
excuses	-1.52	0.96
trolls	-1.52	0.78
muslims	-1.51	1.74
disturbing	-1.51	1.97
inherently	-1.51	1.23
garbage	-1.50	0.60
harassment	-1.50	1.03
unethical	-1.49	1.12
afraid	-1.48	1.80
offended	-1.48	1.71
threatened	-1.48	0.91
discriminated	-1.48	0.76
commit	-1.48	0.71
homophobic	-1.48	0.79
pretentious	-1.48	1.39
manipulative	-1.48	0.81
bullied	-1.48	0.93
accuse	-1.48	0.81
bullying	-1.47	0.83
shitty	-1.46	1.73
blacks	-1.46	1.06
surprising	-1.46	2.14
complaining	-1.45	0.85
whole	-1.45	1.86
smug	-1.45	1.25
condescending	-1.44	1.18
similar	-1.44	1.13
petty	-1.44	1.51
whites	-1.43	0.97
fucks	-1.43	1.17
associate	-1.42	1.45
criticized	-1.42	0.57
attitude	-1.42	0.82
idiots	-1.42	1.17
feeling	-1.42	1.46
corrupt	-1.42	0.65
pointless	-1.42	1.63
shaming	-1.42	0.87
pissed	-1.41	2.09
bastard	-1.41	1.06
aggressive	-1.41	1.26
thing	-1.41	1.69
problematic	-1.41	1.25
disappointed	-1.41	2.22
terrified	-1.41	1.39
violent	-1.41	0.76
screenshots	-1.40	1.31
insulted	-1.40	1.06
pedantic	-1.40	1.51
behavior	-1.40	1.07
planet	-1.40	1.65
always	-1.40	1.71
victim	-1.40	0.72
certain	-1.39	0.97
unfortunate	-1.39	1.86
defending	-1.39	0.63
scary	-1.39	2.12
dox	-1.39	1.17
occurred	-1.38	0.98
outright	-1.38	0.94
literally	-1.38	1.46
shitlord	-1.38	0.76
frankly	-1.37	1.57
whining	-1.37	0.67
misogyny	-1.37	0.74
morons	-1.36	1.25
address	-1.36	1.34
kind	-1.36	2.08
clue	-1.36	1.65
camps	-1.36	0.62
openly	-1.35	0.79
filthy	-1.35	1.48
obtuse	-1.35	1.36
shocked	-1.35	2.15
various	-1.34	0.99
trivial	-1.34	1.45
bent	-1.34	1.16
doxxed	-1.33	0.93
suspect	-1.33	1.66
accusing	-1.33	0.72
suspicious	-1.33	1.64
responsibility	-1.33	0.80
insist	-1.33	0.82
prick	-1.33	1.23
homophobia	-1.33	0.83
receiving	-1.33	1.22
acting	-1.33	1.20
sort	-1.32	1.58
vs	-1.32	1.45
hilariously	-1.32	1.48
one	-1.32	1.64
douche	-1.32	1.24
lowest	-1.32	1.75
discrimination	-1.32	0.91
rhetoric	-1.31	0.83
asshole	-1.31	1.21
worrying	-1.31	1.03
absolutely	-1.31	1.46
racists	-1.31	0.83
disabled	-1.31	0.84
attacking	-1.30	0.69
privileged	-1.30	0.56
mocked	-1.30	0.74
bothered	-1.29	1.90
miserable	-1.29	2.14
vent	-1.28	0.77
stereotype	-1.28	0.77
trick	-1.28	0.86
blind	-1.28	0.86
righteous	-1.28	1.09
rejected	-1.28	0.91
confusing	-1.27	2.17
douchebag	-1.27	1.22
attacked	-1.27	0.75
moron	-1.27	1.30
deeply	-1.27	1.56
oppression	-1.27	0.64
disingenuous	-1.26	1.43
itself	-1.26	1.17
fear	-1.26	0.94
claimed	-1.26	0.99
homosexuals	-1.25	0.97
taboo	-1.25	0.98
racism	-1.25	0.82
anonymous	-1.25	1.04
threaten	-1.25	0.99
evil	-1.25	0.61
worried	-1.25	1.90
oppressed	-1.25	0.62
jackass	-1.25	1.23
genuinely	-1.25	1.67
teenage	-1.25	1.40
untrue	-1.24	2.24
defend	-1.24	1.03
repeated	-1.24	0.96
cares	-1.24	2.18
feel	-1.24	1.88
only	-1.24	1.95
rapists	-1.24	0.76
labeled	-1.23	0.75
hurt	-1.23	1.36
teenager	-1.23	1.41
complains	-1.23	2.20
embarrassed	-1.23	1.96
no	-1.22	1.93
bullshit	-1.22	1.27
unfair	-1.22	1.53
much	-1.22	1.68
excuse	-1.22	1.17
where	-1.22	1.59
frustrating	-1.22	2.10
inappropriate	-1.22	1.30
amusing	-1.22	2.22
weak	-1.22	1.24
cringe	-1.22	1.81
jew	-1.22	0.65
misandry	-1.21	0.67
blatantly	-1.21	1.43
acted	-1.21	0.87
willfully	-1.21	1.36
mocking	-1.21	0.71
defensive	-1.21	1.72
anger	-1.21	1.07
supremacist	-1.21	0.86
harassed	-1.21	0.82
getting	-1.21	1.59
prejudice	-1.21	0.86
basement	-1.21	1.28
potentially	-1.20	0.80
intentionally	-1.20	1.39
patriarchy	-1.20	0.70
largest	-1.19	1.95
questionable	-1.19	1.20
minorities	-1.19	0.85
numerous	-1.19	0.93
spouting	-1.19	0.85
manipulate	-1.19	1.05
never	-1.19	1.65
ignored	-1.18	0.96
types	-1.18	0.76
nothing	-1.18	2.60
bigotry	-1.18	0.84
outraged	-1.18	1.83
variety	-1.18	0.95
yet	-1.18	1.81
justify	-1.18	1.05
bothers	-1.17	1.62
ton	-1.17	0.94
better	-1.17	1.55
receive	-1.17	1.14
across	-1.17	0.84
anything	-1.17	1.88
targeted	-1.17	0.85
happen	-1.17	1.91
edgy	-1.16	1.21
harder	-1.16	1.41
stuff	-1.16	1.69
explicit	-1.16	1.11
disgusted	-1.16	2.05
asians	-1.16	0.98
said	-1.16	1.76
annoyed	-1.15	1.96
assault	-1.15	0.86
horribly	-1.15	1.35
experienced	-1.15	0.88
rapist	-1.15	0.79
dying	-1.15	0.89
wondered	-1.15	1.54
physically	-1.15	1.00
seem	-1.15	2.01
punished	-1.15	0.77
done	-1.15	1.91
offensive	-1.14	1.39
desperately	-1.14	1.41
justifying	-1.14	0.94
weird	-1.14	2.13
hostile	-1.14	1.13
being	-1.14	1.11
crap	-1.13	1.20
depressing	-1.13	2.27
jerks	-1.13	1.04
morally	-1.13	2.35
guilt	-1.13	1.09
myself	-1.13	1.89
concerned	-1.13	1.83
personally	-1.13	2.12
full	-1.12	0.80
sexism	-1.12	0.81
regards	-1.12	0.85
sometimes	-1.12	1.75
unusual	-1.12	1.71
lots	-1.12	0.98
privilege	-1.12	0.71
happens	-1.12	1.60
imagine	-1.12	2.15
nazis	-1.12	0.73
tendency	-1.12	0.91
useless	-1.12	1.57
invalid	-1.11	2.26
doubt	-1.11	2.24
somehow	-1.11	1.76
legitimately	-1.11	1.75
deliberately	-1.11	1.34
replaced	-1.11	0.64
nerd	-1.10	1.22
attitudes	-1.10	0.81
general	-1.10	0.69
these	-1.10	1.12
deal	-1.10	1.64
bitching	-1.10	0.80
sound	-1.10	1.59
wondering	-1.10	2.17
fascist	-1.10	0.72
tragedy	-1.10	0.86
cunts	-1.10	1.12
fool	-1.10	1.29
involved	-1.09	1.36
suffering	-1.09	0.80
constantly	-1.09	1.20
sounding	-1.09	1.34
raging	-1.09	0.99
encourages	-1.09	0.84
neckbeard	-1.09	1.02
bully	-1.09	0.90
nonsense	-1.09	1.09
sense	-1.09	1.76
ashamed	-1.09	2.01
disagrees	-1.09	2.44
am	-1.08	2.02
die	-1.08	0.93
sjws	-1.08	0.80
poor	-1.08	0.91
bizarre	-1.08	2.16
admitted	-1.08	0.83
extent	-1.08	1.14
its	-1.08	2.00
institutional	-1.08	0.83
ironic	-1.07	2.08
which	-1.07	2.82
comparison	-1.07	1.24
committed	-1.07	0.78
severely	-1.07	1.18
felt	-1.07	1.56
make	-1.07	1.82
ve	-1.07	1.44
purposefully	-1.06	1.35
hitler	-1.06	0.73
removal	-1.05	1.08
hypocrite	-1.05	1.09
paranoid	-1.05	1.47
fetish	-1.05	1.01
expect	-1.05	2.04
why	-1.05	2.30
unnecessary	-1.05	1.56
laugh	-1.05	1.84
offend	-1.05	1.53
relate	-1.04	1.51
doxxing	-1.04	0.97
redditors	-1.04	0.97
same	-1.04	1.86
whine	-1.04	0.89
things	-1.04	1.86
apparent	-1.04	1.35
by	-1.04	1.18
surprise	-1.03	1.68
abused	-1.03	0.96
memes	-1.03	0.98
focusing	-1.03	0.95
extremists	-1.03	0.83
euphoric	-1.03	0.88
obsession	-1.03	0.72
instead	-1.03	1.08
subset	-1.03	0.52
violence	-1.03	0.76
reports	-1.03	1.13
different	-1.03	0.93
harass	-1.03	0.91
hungry	-1.02	1.51
skeptical	-1.02	1.88
seems	-1.02	1.90
existed	-1.02	1.01
has	-1.02	1.71
and/or	-1.02	1.02
less	-1.02	1.37
implying	-1.02	2.62
suicide	-1.02	0.97
prone	-1.02	0.80
encourage	-1.01	1.13
simply	-1.01	2.87
completely	-1.01	1.50
gross	-1.01	1.94
worship	-1.01	1.28
still	-1.01	2.35
multiple	-1.01	0.97
retarded	-1.01	1.73
disagree	-1.01	2.71
encountered	-1.00	1.08
hide	-1.00	0.96
inevitable	-1.00	0.87
censored	-1.00	0.79
find	-1.00	1.93
insecurity	-1.00	0.94
tweet	-1.00	1.22
aware	-1.00	2.09
overly	-1.00	1.44
mood	-1.00	1.43
paranoia	-1.00	0.99
accept	-1.00	1.38
beaten	-1.00	0.91
those	-1.00	1.14
particular	-1.00	0.94
already	-1.00	1.68
minority	-1.00	0.61
bit	-1.00	1.86
actually	-1.00	2.29
analogy	-1.00	1.37
comparing	-1.00	0.79
persecution	-0.99	0.89
fascinating	-0.99	2.19
other	-0.99	0.94
lot	-0.99	1.32
hyperbolic	-0.99	1.57
controlled	-0.99	0.69
respond	-0.99	1.55
happened	-0.99	1.62
compare	-0.99	1.03
shits	-0.99	0.94
sight	-0.99	0.93
idea	-0.99	2.19
cry	-0.99	0.99
including	-0.99	0.83
deny	-0.99	1.39
roles	-0.98	0.77
recognize	-0.98	1.44
agrees	-0.98	2.55
get	-0.98	1.92
reason	-0.98	2.28
meaningless	-0.98	1.45
europeans	-0.98	1.21
dense	-0.98	1.61
racial	-0.98	0.85
struggling	-0.98	1.44
devoted	-0.98	0.55
far	-0.98	1.55
falsely	-0.98	0.89
lab	-0.98	0.79
crazies	-0.97	0.98
matter	-0.97	2.27
understand	-0.97	2.15
judged	-0.97	0.82
holocaust	-0.97	0.79
resort	-0.97	1.19
assaulted	-0.97	0.96
liar	-0.97	1.04
were	-0.97	1.62
when	-0.97	1.69
injury	-0.97	0.91
laid	-0.97	1.51
either	-0.97	3.02
had	-0.97	1.45
supposed	-0.97	2.91
hyperbole	-0.96	1.50
otherwise	-0.96	2.41
lizard	-0.96	0.68
dismissed	-0.96	1.06
accused	-0.96	0.91
kinda	-0.96	2.27
something	-0.96	2.30
murder	-0.96	0.83
argue	-0.96	2.20
guarantee	-0.96	1.76
circlejerking	-0.96	0.85
masculinity	-0.96	0.78
exists	-0.95	1.05
shock	-0.95	1.34
easier	-0.95	1.37
see	-0.95	2.20
loads	-0.95	0.70
point	-0.95	2.90
jewish	-0.95	0.78
beta	-0.94	1.34
tons	-0.94	1.09
led	-0.94	0.85
situations	-0.94	0.91
surrounding	-0.94	1.08
shit	-0.94	1.55
exist	-0.94	2.00
twitter	-0.94	0.97
scenario	-0.94	1.73
some	-0.94	1.40
fundamentally	-0.94	1.34
blatant	-0.94	0.93
advocating	-0.94	0.84
shills	-0.94	0.71
ignore	-0.93	1.71
wonder	-0.93	2.10
more	-0.93	1.40
attempt	-0.93	1.41
unaware	-0.93	1.46
offense	-0.93	1.07
explain	-0.93	1.83
seen	-0.93	1.43
honestly	-0.93	2.31
obviously	-0.93	3.02
faced	-0.93	0.78
pedophilia	-0.93	0.86
gamergate	-0.93	0.91
mentality	-0.92	0.81
dislike	-0.92	1.63
crimes	-0.92	0.85
projecting	-0.92	1.04
jimmies	-0.92	1.57
quite	-0.92	1.86
unless	-0.92	3.06
muh	-0.92	0.66
realize	-0.92	2.28
even	-0.92	2.27
pretend	-0.92	2.21
socially	-0.92	1.54
criminals	-0.92	0.80
saying	-0.92	2.83
another	-0.92	1.11
raped	-0.92	0.95
wipe	-0.92	0.77
rampant	-0.92	0.81
fact	-0.92	2.32
insults	-0.92	1.01
unfortunately	-0.91	2.08
humanity	-0.91	1.44
did	-0.91	2.10
invented	-0.91	1.53
sides	-0.91	0.90
yell	-0.91	0.90
acknowledge	-0.91	1.74
clearly	-0.91	2.31
mindset	-0.91	1.20
feminazi	-0.91	0.89
how	-0.91	2.16
circumstances	-0.91	1.19
behaviors	-0.91	0.82
says	-0.91	2.59
abusing	-0.90	0.81
believe	-0.90	2.31
figure	-0.90	2.19
trend	-0.90	0.84
avoided	-0.90	1.58
non-white	-0.90	0.76
intense	-0.90	0.93
redpiller	-0.90	0.95
emotionally	-0.90	1.16
junk	-0.90	0.98
precisely	-0.90	1.42
every	-0.90	1.02
attempts	-0.90	1.40
realise	-0.89	1.83
promoting	-0.89	0.70
caught	-0.89	1.29
assume	-0.89	2.43
attacks	-0.89	0.95
happening	-0.89	2.16
heard	-0.89	1.47
say	-0.89	2.36
trpers	-0.89	0.83
slightest	-0.89	1.56
crime	-0.89	0.89
touched	-0.89	0.99
alien	-0.89	0.56
encouraging	-0.89	1.01
teenagers	-0.88	1.19
nazi	-0.88	0.77
does	-0.88	2.04
terrorists	-0.88	0.75
ultimately	-0.88	1.16
slurs	-0.88	1.13
denial	-0.88	0.82
hurting	-0.88	0.97
genocide	-0.88	0.80
whores	-0.88	1.04
once	-0.88	1.40
disregard	-0.88	1.06
targets	-0.88	0.83
unrelated	-0.88	1.28
srsers	-0.88	0.83
silence	-0.88	1.00
probably	-0.87	2.35
obvious	-0.87	1.56
rape	-0.87	0.90
may	-0.87	2.36
bother	-0.87	2.09
equate	-0.87	1.03
certainly	-0.87	2.52
ignoring	-0.87	1.41
although	-0.87	2.40
understandable	-0.87	1.36
guilty	-0.87	1.03
whether	-0.87	1.61
could	-0.87	2.09
beating	-0.87	0.70
notice	-0.87	2.08
ca	-0.87	1.86
redpillers	-0.87	0.84
impossible	-0.87	1.58
terribly	-0.86	1.52
exposed	-0.86	0.81
vocal	-0.86	0.95
dudes	-0.86	1.41
incredibly	-0.86	1.62
exaggerated	-0.86	1.38
illuminati	-0.86	0.71
bearing	-0.86	1.56
talked	-0.86	1.41
missing	-0.86	2.88
mras	-0.86	0.81
know	-0.86	2.38
rid	-0.85	0.97
prevalent	-0.85	0.89
really	-0.85	2.22
possibly	-0.85	1.76
any	-0.85	1.67
mention	-0.85	1.93
mean	-0.85	3.00
usual	-0.85	0.73
meme	-0.85	0.97
talk	-0.85	1.91
funny	-0.84	2.03
ones	-0.84	1.26
usually	-0.84	1.39
likely	-0.84	1.30
reminded	-0.84	1.91
becomes	-0.84	1.46
admit	-0.84	2.38
judge	-0.84	1.13
reversed	-0.84	1.27
consider	-0.84	2.12
gamer	-0.84	0.84
irrelevant	-0.84	1.73
remember	-0.84	1.92
followers	-0.84	0.82
target	-0.84	0.79
denied	-0.84	0.79
hoping	-0.84	1.90
repeat	-0.84	1.07
however	-0.84	2.65
arrested	-0.84	0.93
attack	-0.84	0.91
abuse	-0.84	0.85
anxiety	-0.83	1.10
realizing	-0.83	1.55
knew	-0.83	1.79
specific	-0.83	0.94
historically	-0.83	1.02
letters	-0.83	1.46
reaction	-0.83	0.99
warriors	-0.83	0.91
become	-0.83	1.25
exclude	-0.83	0.93
want	-0.83	2.09
anyone	-0.83	1.96
trying	-0.83	1.67
reverse	-0.83	1.02
gotten	-0.83	1.39
share	-0.82	1.20
mentally	-0.82	1.35
punish	-0.82	0.90
aggression	-0.82	0.82
partially	-0.82	1.11
slut	-0.82	1.04
convicted	-0.82	0.92
discredit	-0.82	1.02
secret	-0.82	0.72
bs	-0.82	1.02
occur	-0.82	1.08
stomach	-0.82	1.03
inaccurate	-0.82	1.68
lying	-0.82	1.09
defended	-0.82	0.91
aimed	-0.82	0.79
care	-0.81	1.91
feelings	-0.81	1.06
force	-0.81	0.96
latter	-0.81	1.69
snarky	-0.81	1.29
entire	-0.81	0.69
risky	-0.81	1.08
suggesting	-0.81	2.21
moot	-0.81	1.17
discussed	-0.81	1.36
intellectually	-0.81	1.25
anti-feminist	-0.81	0.78
anymore	-0.81	2.21
stretch	-0.81	1.61
destroyed	-0.81	0.88
then	-0.80	2.22
depression	-0.80	1.12
might	-0.80	2.29
sure	-0.80	2.56
d	-0.80	2.26
world	-0.80	1.16
race	-0.80	0.87
built	-0.80	0.70
israel	-0.80	0.86
hear	-0.80	1.62
immigrants	-0.80	1.17
direction	-0.80	0.89
whore	-0.80	0.97
equally	-0.80	1.08
we	-0.80	2.32
leads	-0.80	0.88
should	-0.80	2.16
clear	-0.80	2.12
ironically	-0.80	1.15
jokes	-0.80	1.31
cases	-0.80	1.03
gg	-0.80	0.80
tried	-0.79	1.66
mind	-0.79	2.32
tone	-0.79	1.03
nobody	-0.79	2.06
case	-0.79	2.02
sentiment	-0.79	1.30
inferior	-0.79	0.98
grasp	-0.79	1.21
caused	-0.79	0.88
focus	-0.79	1.01
committing	-0.79	0.92
innocent	-0.79	0.92
work	-0.79	1.60
side	-0.79	1.59
punishment	-0.79	0.96
actively	-0.79	1.32
besides	-0.79	1.22
contain	-0.78	0.68
rough	-0.78	1.62
scream	-0.78	0.94
justification	-0.78	1.14
admittedly	-0.78	1.67
crowd	-0.78	0.84
load	-0.78	0.88
propaganda	-0.78	0.96
e.g	-0.78	0.61
attract	-0.78	0.92
emotional	-0.78	0.90
result	-0.77	0.92
actions	-0.77	1.21
societal	-0.77	0.80
universal	-0.77	0.82
demographics	-0.77	0.75
attempted	-0.77	1.09
frustration	-0.77	1.10
me	-0.77	2.07
supporters	-0.77	0.73
serial	-0.77	0.79
difficult	-0.77	1.68
insanely	-0.77	1.60
9/11	-0.77	0.82
true	-0.77	3.15
itt	-0.77	1.32
also	-0.77	2.44
lies	-0.77	1.10
false	-0.77	1.55
differ	-0.77	1.29
disagreed	-0.77	1.64
almost	-0.77	1.90
arguing	-0.77	1.86
murdered	-0.77	0.91
sarkeesian	-0.77	0.66
atheism	-0.76	0.68
judging	-0.76	0.95
extreme	-0.76	1.01
isis	-0.76	0.75
theorists	-0.76	1.23
sudden	-0.76	1.02
basically	-0.76	1.92
related	-0.76	1.03
dozens	-0.76	0.90
internet	-0.76	1.06
example	-0.76	1.36
discuss	-0.76	1.42
r/conspiracy	-0.76	0.77
messed	-0.76	2.22
zoe	-0.75	0.85
crazy	-0.75	1.81
over	-0.75	1.17
recall	-0.75	1.53
everytime	-0.75	1.30
treats	-0.75	2.25
mob	-0.75	0.95
spreading	-0.75	0.98
appealing	-0.75	1.33
allowing	-0.75	1.15
dismiss	-0.75	1.42
others	-0.75	1.56
ought	-0.75	1.82
automatically	-0.75	1.23
express	-0.75	1.10
react	-0.75	1.22
controlling	-0.75	0.65
crying	-0.74	0.95
onto	-0.74	0.87
interested	-0.74	1.98
charges	-0.74	1.14
feminists	-0.74	0.82
safer	-0.74	1.18
self	-0.74	1.05
afterwards	-0.74	1.18
bring	-0.74	1.75
mostly	-0.74	1.08
perceive	-0.74	1.15
forms	-0.74	0.88
screwed	-0.74	1.30
least	-0.74	1.96
vary	-0.74	1.08
faster	-0.74	1.15
dumbass	-0.74	1.38
prison	-0.74	0.96
batshit	-0.74	1.40
mass	-0.74	0.80
superior	-0.74	1.24
anti	-0.74	0.64
way	-0.74	1.88
scare	-0.73	0.96
burned	-0.73	0.94
indicative	-0.73	0.92
surely	-0.73	1.83
disagreeing	-0.73	1.84
course	-0.73	2.69
trans	-0.73	0.81
immigration	-0.73	0.99
agree	-0.73	3.12
reactions	-0.73	0.99
stereotypes	-0.73	1.06
noticed	-0.73	1.60
terrorist	-0.73	0.80
20s	-0.73	1.25
doing	-0.73	2.78
widespread	-0.73	0.86
races	-0.73	0.77
identical	-0.73	1.06
chance	-0.73	1.29
fake	-0.73	1.19
repeatedly	-0.73	1.19
grown	-0.72	1.24
thinking	-0.72	2.22
whereas	-0.72	0.65
ridiculously	-0.72	1.66
gets	-0.72	1.68
identified	-0.72	0.98
rage	-0.72	0.98
except	-0.72	1.98
sounded	-0.72	1.73
talking	-0.72	2.21
exactly	-0.72	2.45
extremist	-0.72	0.96
dismissing	-0.72	1.27
confuse	-0.72	1.28
hunting	-0.72	0.83
conditions	-0.72	1.03
come	-0.71	1.91
transgender	-0.71	0.82
cis	-0.71	0.77
whatever	-0.71	2.35
countless	-0.71	0.88
definitely	-0.71	2.54
irc	-0.71	1.05
implication	-0.71	1.79
permanent	-0.71	0.93
met	-0.71	1.15
again	-0.71	2.45
them	-0.71	1.95
person	-0.71	1.55
situation	-0.71	1.40
harm	-0.71	0.91
else	-0.71	2.26
power	-0.71	0.81
fringe	-0.71	0.95
many	-0.71	1.00
strawman	-0.71	1.17
manipulation	-0.71	1.02
kicked	-0.71	1.16
disorder	-0.71	1.10
vibe	-0.71	1.67
gamers	-0.71	0.81
screaming	-0.71	0.92
whatnot	-0.71	0.56
stronger	-0.70	1.21
necessarily	-0.70	2.45
agreeing	-0.70	1.79
stand	-0.70	1.70
forgotten	-0.70	1.29
rapes	-0.70	0.91
since	-0.70	1.70
consistently	-0.70	1.00
significantly	-0.70	1.15
suddenly	-0.70	1.37
tumblr	-0.70	0.93
masses	-0.70	1.08
procedure	-0.70	0.97
complete	-0.70	1.00
mock	-0.70	0.93
try	-0.70	1.76
disorders	-0.70	1.11
homosexuality	-0.70	0.81
matters	-0.70	1.77
retard	-0.70	1.32
wo	-0.69	1.99
easily	-0.69	1.50
practices	-0.69	1.01
handful	-0.69	0.97
impression	-0.69	2.22
spread	-0.69	0.95
silly	-0.69	2.33
criminal	-0.69	1.04
charge	-0.69	1.08
cause	-0.69	0.96
viewed	-0.69	0.92
emotions	-0.69	1.12
feminism	-0.69	0.81
act	-0.69	0.97
ask	-0.69	2.06
attempting	-0.68	1.58
anywhere	-0.68	1.76
advocates	-0.68	0.86
can	-0.68	1.98
acts	-0.68	0.93
circumcised	-0.68	0.99
similarly	-0.68	1.16
plenty	-0.68	1.04
deserved	-0.68	1.07
treated	-0.68	0.84
instances	-0.68	1.00
involving	-0.68	1.02
everything	-0.68	2.07
occurs	-0.68	0.93
inclined	-0.68	1.71
angle	-0.68	1.17
trolling	-0.68	1.53
white	-0.68	0.75
ancaps	-0.68	0.89
fappening	-0.68	1.09
radical	-0.68	0.86
victims	-0.68	0.85
maybe	-0.68	2.45
control	-0.68	0.76
rarely	-0.68	1.09
superiority	-0.68	1.05
suffered	-0.68	0.94
expressed	-0.68	1.30
accusations	-0.68	1.21
stigma	-0.67	1.00
institutions	-0.67	0.76
empty	-0.67	0.80
able	-0.67	1.76
regardless	-0.67	1.22
oddly	-0.67	1.67
regard	-0.67	1.08
penalty	-0.67	0.89
cult	-0.67	0.97
therefore	-0.67	1.90
parent	-0.67	0.78
accusation	-0.67	1.33
thought	-0.67	1.98
burden	-0.67	1.16
up	-0.67	1.32
trial	-0.67	1.14
decide	-0.67	1.76
fired	-0.67	1.14
justice	-0.67	0.82
causing	-0.67	0.92
struck	-0.67	1.51
bi	-0.67	0.85
shill	-0.67	0.90
motivated	-0.67	1.14
alleged	-0.67	0.94
understood	-0.67	1.53
nor	-0.67	2.02
governments	-0.67	0.76
allowed	-0.67	1.93
anybody	-0.67	2.06
rather	-0.67	1.64
dealt	-0.66	1.19
widely	-0.66	0.98
acceptance	-0.66	0.67
censoring	-0.66	0.80
moment	-0.66	1.41
going	-0.66	2.39
sensitive	-0.66	1.53
group	-0.66	0.73
opposition	-0.66	1.00
managed	-0.66	1.60
misleading	-0.66	1.62
negatively	-0.66	1.00
than	-0.66	1.39
part	-0.66	1.57
loud	-0.66	1.16
prove	-0.66	2.02
works	-0.66	1.38
thoroughly	-0.66	1.56
dispute	-0.66	1.33
wide	-0.66	0.87
deaths	-0.66	0.88
slightly	-0.66	1.41
been	-0.66	1.46
crossed	-0.66	0.91
constant	-0.66	0.85
stuck	-0.66	1.24
change	-0.65	1.73
proven	-0.65	1.81
avoid	-0.65	1.12
badly	-0.65	1.33
letter	-0.65	1.38
right	-0.65	3.16
sympathy	-0.65	1.24
continent	-0.65	0.69
apparently	-0.65	2.26
themselves	-0.65	1.67
conspiracy	-0.65	0.95
societies	-0.65	0.71
severe	-0.65	0.99
location	-0.65	0.95
bisexual	-0.65	0.87
deserve	-0.65	1.08
include	-0.65	0.80
destroy	-0.65	0.57
take	-0.65	1.82
yourself	-0.64	1.75
complex	-0.64	1.05
agenda	-0.64	0.85
especially	-0.64	1.40
opposing	-0.64	1.18
anita	-0.64	0.80
contribute	-0.64	1.09
often	-0.64	1.41
surgery	-0.64	0.96
trauma	-0.64	0.97
autism	-0.64	1.08
argued	-0.64	1.45
repeating	-0.64	1.38
egalitarian	-0.64	0.88
camp	-0.64	0.79
specifically	-0.64	1.03
stereotypical	-0.64	0.99
note	-0.64	1.85
answering	-0.64	1.65
thus	-0.64	1.31
events	-0.64	0.99
germans	-0.63	1.14
boils	-0.63	1.58
jumping	-0.63	1.03
inequality	-0.63	0.94
reflect	-0.63	1.16
represent	-0.63	0.70
individual	-0.63	1.07
institution	-0.63	0.71
peers	-0.63	0.83
parody	-0.63	1.31
fucked	-0.63	2.25
everyone	-0.63	2.13
tactics	-0.63	1.04
tend	-0.63	1.08
own	-0.63	1.20
consequence	-0.63	1.00
entitlement	-0.63	1.01
sandy	-0.63	0.85
allegations	-0.63	1.17
kill	-0.63	1.21
tell	-0.62	2.15
massively	-0.62	1.37
outrage	-0.62	1.05
hardly	-0.62	1.52
nature	-0.62	1.21
censor	-0.62	1.15
perceived	-0.62	0.93
pile	-0.62	0.78
treating	-0.62	0.79
mrm	-0.62	0.81
suffer	-0.62	0.99
opinion	-0.62	1.42
calling	-0.62	0.85
fighting	-0.61	0.72
extremely	-0.61	1.55
dealing	-0.61	1.02
idiot	-0.61	1.47
important	-0.61	1.65
pretending	-0.61	1.91
comprehend	-0.61	1.69
scandal	-0.61	1.10
oppose	-0.61	0.88
aspect	-0.61	1.31
affects	-0.61	1.11
debating	-0.61	1.65
choice	-0.61	1.23
though	-0.61	2.67
sjw	-0.61	0.88
strikes	-0.61	1.21
movement	-0.61	0.79
seriously	-0.61	2.43
persons	-0.61	0.96
raping	-0.60	0.78
intentional	-0.60	1.36
bomb	-0.60	0.83
blow	-0.60	0.87
free	-0.60	1.25
porn	-0.60	0.98
unhealthy	-0.60	0.93
willing	-0.60	1.79
favor	-0.60	0.93
guessing	-0.60	2.24
sub	-0.60	0.84
monster	-0.60	0.92
backlash	-0.60	0.95
vastly	-0.60	1.13
indication	-0.60	1.61
wanted	-0.60	1.86
affected	-0.60	1.07
witch	-0.60	0.95
hiring	-0.60	0.84
cunt	-0.60	1.25
mere	-0.60	1.33
emotion	-0.60	1.07
ignores	-0.59	1.51
convince	-0.59	1.75
diverse	-0.59	0.80
got	-0.59	1.65
lie	-0.59	1.92
demographic	-0.59	0.84
subreddit	-0.59	0.87
investigation	-0.59	1.22
educate	-0.59	1.58
jumped	-0.59	1.18
wasting	-0.59	1.00
answer	-0.59	2.28
albeit	-0.59	1.51
millions	-0.59	0.84
circlebroke	-0.59	0.80
depends	-0.59	1.59
nearly	-0.59	1.40
failed	-0.59	1.37
wall	-0.59	1.02
environment	-0.59	0.88
equal	-0.59	0.95
turn	-0.58	1.63
tied	-0.58	1.07
several	-0.58	0.88
patterns	-0.58	1.06
tens	-0.58	0.83
designed	-0.58	1.29
proves	-0.58	1.66
lesbians	-0.58	0.86
bias	-0.58	1.03
isolated	-0.58	1.02
rant	-0.58	1.08
wanting	-0.58	1.71
separate	-0.58	1.01
childhood	-0.58	1.10
virtually	-0.58	0.97
mra	-0.58	0.86
biases	-0.58	1.04
myth	-0.58	0.89
need	-0.58	1.97
begging	-0.57	1.17
damage	-0.57	0.95
bronies	-0.57	0.93
refuse	-0.57	1.75
fbi	-0.57	0.97
shoot	-0.57	0.99
activists	-0.57	0.81
order	-0.57	1.56
spite	-0.57	0.96
encouraged	-0.57	1.49
society	-0.57	0.77
assuming	-0.57	2.47
track	-0.57	1.35
text	-0.57	1.09
individuals	-0.57	0.90
affect	-0.57	1.15
opinions	-0.57	1.29
tagged	-0.57	0.90
cp	-0.57	0.93
today	-0.57	1.87
boy	-0.57	1.29
thousands	-0.57	0.84
blowing	-0.57	1.06
addressing	-0.57	1.59
regret	-0.57	1.17
avoiding	-0.57	1.02
satire	-0.57	1.48
circles	-0.57	0.82
comes	-0.57	1.43
tactic	-0.57	1.10
syndrome	-0.57	1.07
scale	-0.56	0.94
possibility	-0.56	1.42
hundreds	-0.56	0.86
help	-0.56	1.78
us	-0.56	1.26
time	-0.56	1.15
quinn	-0.56	0.83
brave	-0.56	0.75
burn	-0.56	1.07
europe	-0.56	0.95
shouting	-0.56	0.98
4chan	-0.56	0.87
subtle	-0.56	1.06
arrest	-0.56	0.98
lesbian	-0.56	0.84
systems	-0.56	0.83
go	-0.55	1.91
gender	-0.55	0.81
known	-0.55	1.33
realized	-0.55	1.63
civilians	-0.55	0.89
unable	-0.55	1.60
unpopular	-0.55	1.11
straight	-0.55	0.87
premise	-0.55	1.89
teens	-0.55	1.18
essentially	-0.55	1.38
real	-0.55	1.89
illness	-0.55	1.05
groups	-0.55	0.76
panic	-0.55	0.95
subjective	-0.55	1.42
depending	-0.55	1.28
muslim	-0.55	0.90
urge	-0.55	1.43
jail	-0.55	1.05
hiding	-0.55	0.94
generally	-0.55	1.18
particularly	-0.55	1.52
begin	-0.55	1.73
skewed	-0.55	1.27
mens	-0.55	0.87
connected	-0.54	1.04
feminist	-0.54	0.81
decision	-0.54	1.24
incident	-0.54	1.08
mildly	-0.54	1.57
compared	-0.54	1.04
condition	-0.54	0.98
wish	-0.54	2.27
mentioned	-0.54	1.51
initially	-0.54	1.42
construction	-0.54	1.02
privileges	-0.54	0.88
qualified	-0.54	1.14
orientation	-0.54	0.83
among	-0.54	0.81
thoughts	-0.54	1.17
accepting	-0.54	0.80
tends	-0.54	1.09
sexuality	-0.54	0.78
claiming	-0.54	1.58
norms	-0.54	0.88
killed	-0.54	0.90
killing	-0.54	0.85
notion	-0.54	1.33
previously	-0.54	1.27
hook	-0.53	0.87
hominem	-0.53	1.35
young	-0.53	1.17
anyway	-0.53	2.68
freak	-0.53	1.21
handled	-0.53	1.04
ideas	-0.53	1.20
pain	-0.53	1.01
brony	-0.53	1.05
reported	-0.53	0.99
sexually	-0.53	1.06
blown	-0.53	1.28
corruption	-0.53	0.89
autistic	-0.53	1.16
jerk	-0.53	1.07
anytime	-0.53	1.87
hold	-0.52	1.40
punching	-0.52	0.91
reject	-0.52	1.24
explicitly	-0.52	1.21
fraud	-0.52	1.03
boards	-0.52	0.79
cure	-0.52	0.99
speech	-0.52	1.31
logically	-0.52	2.81
regarding	-0.52	0.98
ll	-0.52	2.04
spectrum	-0.52	1.19
continue	-0.52	1.68
queer	-0.52	0.87
sorta	-0.52	1.86
easy	-0.52	1.39
hands	-0.52	1.04
95	-0.52	0.85
obligated	-0.52	1.80
atheists	-0.52	0.99
complicated	-0.52	1.60
lead	-0.52	0.98
amongst	-0.52	0.86
places	-0.52	0.97
capitalism	-0.51	0.84
out	-0.51	1.43
complaint	-0.51	1.46
causes	-0.51	1.00
decided	-0.51	1.77
hurts	-0.51	1.31
teen	-0.51	1.11
stormfront	-0.51	0.85
disease	-0.51	0.97
puffin	-0.51	0.91
entirely	-0.51	1.81
censorship	-0.51	0.94
weapon	-0.51	0.95
invested	-0.51	1.43
dozen	-0.51	0.87
goes	-0.51	1.62
moderators	-0.51	0.94
autonomy	-0.51	1.33
depend	-0.51	1.44
choose	-0.51	1.66
intent	-0.51	1.48
knowing	-0.51	2.11
conspiracies	-0.51	1.02
cutting	-0.51	0.92
r/short	-0.51	1.11
99	-0.51	0.74
comparable	-0.51	1.00
identify	-0.51	0.98
recently	-0.51	1.50
domestic	-0.51	0.88
hire	-0.51	0.88
police	-0.51	1.04
violated	-0.50	1.34
allows	-0.50	1.35
wildly	-0.50	1.57
discussing	-0.50	1.44
joke	-0.50	1.49
very	-0.50	1.68
periods	-0.50	0.96
expecting	-0.50	1.79
immediately	-0.50	1.39
distinction	-0.50	1.16
report	-0.50	1.04
brought	-0.50	1.51
redditor	-0.50	0.99
overwhelmingly	-0.50	0.86
consequences	-0.50	1.03
novelty	-0.50	1.24
worldview	-0.50	1.22
suggested	-0.50	1.27
driving	-0.50	1.06
men	-0.50	0.84
protect	-0.50	1.13
moments	-0.50	1.43
recognized	-0.49	0.85
poorly	-0.49	1.14
proved	-0.49	2.80
overwhelming	-0.49	0.99
hospital	-0.49	0.99
allow	-0.49	1.63
nations	-0.49	0.75
serious	-0.49	1.42
quit	-0.49	1.12
road	-0.49	1.04
busy	-0.49	1.20
listed	-0.49	0.96
desire	-0.49	1.12
circlejerk	-0.49	1.04
moving	-0.49	1.03
cops	-0.49	1.02
passive	-0.49	1.13
advocate	-0.49	0.90
pattern	-0.49	1.02
circle	-0.48	1.06
stopping	-0.48	0.97
now	-0.48	2.70
fights	-0.48	0.88
simultaneously	-0.48	0.86
conduct	-0.48	1.00
activism	-0.48	0.84
lesser	-0.48	0.92
dare	-0.48	1.55
equality	-0.48	0.83
seeing	-0.48	1.81
conservatives	-0.48	0.84
remembered	-0.48	1.59
misinformation	-0.48	1.41
fedora	-0.48	0.96
issue	-0.48	1.61
movements	-0.48	0.84
yelling	-0.48	1.09
folks	-0.48	0.98
inherent	-0.48	1.21
explaining	-0.48	1.82
humor	-0.48	1.42
publicly	-0.48	1.05
rhetorical	-0.48	1.33
counter	-0.48	1.70
anonymity	-0.48	0.88
sexes	-0.48	0.93
employers	-0.48	0.86
black	-0.47	0.80
views	-0.47	1.15
disappear	-0.47	1.16
ethics	-0.47	1.07
nation	-0.47	0.71
promote	-0.47	1.08
meh	-0.47	2.15
viewpoint	-0.47	1.18
ethnic	-0.47	0.88
two	-0.47	0.90
revealed	-0.47	1.06
activist	-0.47	0.80
invasion	-0.47	0.99
oblivion	-0.47	1.16
both	-0.47	0.99
mess	-0.47	1.35
lied	-0.47	1.12
explained	-0.47	1.57
somewhat	-0.47	1.63
leading	-0.47	0.95
negative	-0.47	1.10
viewpoints	-0.47	1.13
let	-0.47	2.02
hint	-0.47	1.43
solely	-0.47	1.07
cars	-0.47	1.04
started	-0.47	1.34
reasons	-0.47	1.38
justified	-0.47	1.55
view	-0.47	1.24
bringing	-0.47	1.58
applies	-0.46	1.23
punched	-0.46	1.01
largely	-0.46	1.46
convenient	-0.46	1.74
civilization	-0.46	0.79
list	-0.46	2.09
poop	-0.46	1.16
piracy	-0.46	1.20
beliefs	-0.46	1.05
intentions	-0.46	1.32
approval	-0.46	1.12
sounds	-0.46	2.35
commenters	-0.46	1.01
seek	-0.46	1.20
acknowledging	-0.46	1.54
meet	-0.46	1.21
genders	-0.46	0.92
seemed	-0.46	1.80
workplace	-0.46	0.87
sue	-0.46	1.14
jump	-0.45	1.42
came	-0.45	1.58
represented	-0.45	0.90
gay	-0.45	0.86
wave	-0.45	0.76
follows	-0.45	1.56
accomplish	-0.45	1.76
intention	-0.45	1.51
ethnicity	-0.45	0.99
working	-0.45	1.24
left	-0.45	1.28
toilet	-0.45	0.97
complaints	-0.45	1.23
right-wing	-0.45	0.93
facebook	-0.45	1.17
needing	-0.45	1.50
pick	-0.45	1.53
sarcastic	-0.45	1.46
questioning	-0.45	1.27
aside	-0.45	1.23
wing	-0.45	0.90
freely	-0.45	1.16
freedom	-0.45	1.22
arguments	-0.45	1.39
handle	-0.45	1.27
chose	-0.45	1.70
destroying	-0.45	0.55
concerning	-0.45	1.19
effectively	-0.45	1.28
held	-0.45	1.06
pull	-0.45	1.45
theories	-0.45	1.30
fools	-0.45	1.49
butthurt	-0.45	1.72
question	-0.45	1.93
back	-0.44	1.53
voices	-0.44	1.04
stated	-0.44	1.63
line	-0.44	1.44
spaces	-0.44	0.75
supposedly	-0.44	0.95
spamming	-0.44	1.06
total	-0.44	1.02
somebody	-0.44	1.85
before	-0.44	1.34
taking	-0.44	1.49
off	-0.44	1.27
insanity	-0.44	1.11
shilling	-0.44	0.83
follow	-0.44	1.24
males	-0.44	0.85
spam	-0.44	1.05
originally	-0.44	1.51
due	-0.44	0.95
ideals	-0.44	1.07
whenever	-0.44	1.72
break	-0.44	1.41
parenting	-0.44	0.97
generalization	-0.44	1.91
arbitrary	-0.44	1.32
circumcision	-0.43	1.09
statistically	-0.43	0.99
abusive	-0.43	0.89
him	-0.43	1.53
psychological	-0.43	1.04
determine	-0.43	1.51
stopped	-0.43	1.26
bodily	-0.43	1.32
deciding	-0.43	1.31
blew	-0.43	1.29
supporting	-0.43	1.09
pointed	-0.43	1.64
resistance	-0.43	0.82
affirmative	-0.43	0.97
assumed	-0.43	1.64
call	-0.43	1.28
personal	-0.43	1.12
sucks	-0.43	1.52
indicates	-0.43	1.29
suggest	-0.43	2.25
forced	-0.43	1.53
respected	-0.43	0.79
mouth	-0.43	1.04
considered	-0.43	1.71
rare	-0.43	1.38
peoples	-0.43	1.02
effects	-0.43	1.02
impact	-0.43	1.15
dicks	-0.43	1.11
distinguish	-0.42	1.45
advantage	-0.42	1.13
redpill	-0.42	1.00
risk	-0.42	1.01
risks	-0.42	1.07
desires	-0.42	0.95
despite	-0.42	1.45
someone	-0.42	1.83
opportunity	-0.42	1.42
east	-0.42	0.89
second	-0.42	1.11
child	-0.42	0.88
position	-0.42	1.39
flawed	-0.42	1.88
ops	-0.42	1.15
forget	-0.42	2.03
log	-0.42	1.09
placed	-0.42	0.92
parts	-0.42	0.96
enough	-0.42	1.86
moon	-0.42	0.81
special	-0.42	1.20
charged	-0.42	1.23
advantages	-0.42	1.18
their	-0.42	1.13
intended	-0.42	1.53
common	-0.41	1.32
semantics	-0.41	1.55
imo	-0.41	2.03
leave	-0.41	1.80
knight	-0.41	1.05
status	-0.41	0.85
flat	-0.41	1.15
kia	-0.41	0.84
assumptions	-0.41	1.75
iraq	-0.41	0.85
worked	-0.41	1.12
drag	-0.41	0.92
fandom	-0.41	1.00
tia	-0.41	0.86
ad	-0.41	1.34
well	-0.41	2.48
india	-0.41	0.93
ideological	-0.41	1.16
gang	-0.41	0.93
generation	-0.40	0.77
privacy	-0.40	1.30
quick	-0.40	1.39
apply	-0.40	1.42
distinct	-0.40	0.89
financially	-0.40	1.03
turning	-0.40	1.08
encounter	-0.40	0.99
hivemind	-0.40	1.63
larger	-0.40	0.81
problem	-0.40	2.10
hence	-0.40	1.07
experiment	-0.40	1.22
boys	-0.40	1.11
dominant	-0.40	0.77
draw	-0.40	1.47
inability	-0.40	1.50
spoiled	-0.40	1.22
choosing	-0.40	1.41
imply	-0.40	2.47
typically	-0.40	1.06
fathers	-0.40	0.82
social	-0.40	0.88
discovered	-0.40	1.35
instance	-0.40	1.49
nsa	-0.40	0.88
shift	-0.40	0.95
found	-0.40	1.56
positions	-0.40	1.08
stem	-0.40	0.81
admins	-0.40	1.02
elements	-0.39	0.67
ideologies	-0.39	0.92
personality	-0.39	0.96
ways	-0.39	1.44
interact	-0.39	1.18
contrary	-0.39	1.71
confirmation	-0.39	1.05
based	-0.39	1.22
values	-0.39	0.99
fully	-0.39	1.42
behalf	-0.39	0.95
mod	-0.39	0.93
agreed	-0.39	1.45
pass	-0.39	1.43
expressing	-0.39	1.31
addressed	-0.39	1.54
upvoting	-0.39	1.06
developed	-0.39	0.81
incentive	-0.39	1.43
plausible	-0.39	1.62
primarily	-0.39	0.98
switch	-0.39	1.16
cultures	-0.39	0.87
aspects	-0.39	1.18
commenting	-0.39	1.34
dependent	-0.39	1.34
businesses	-0.39	0.82
shout	-0.38	1.09
hope	-0.38	1.80
penis	-0.38	1.06
stress	-0.38	1.14
walked	-0.38	0.90
failure	-0.38	0.98
experiences	-0.38	1.21
exciting	-0.38	2.19
forcing	-0.38	1.42
cross	-0.38	0.96
catch	-0.38	1.92
collapse	-0.38	0.85
country	-0.38	0.81
argument	-0.38	1.81
mad	-0.38	2.05
gendered	-0.38	1.18
protected	-0.38	1.31
set	-0.38	1.04
picking	-0.38	1.50
male	-0.38	0.76
judgment	-0.38	1.44
shadowbanned	-0.38	1.06
simple	-0.38	1.50
reduced	-0.38	0.92
judges	-0.38	1.08
fiat	-0.37	0.91
unknown	-0.37	1.13
trp	-0.37	0.91
arguably	-0.37	1.17
admitting	-0.37	1.54
closely	-0.37	1.42
factors	-0.37	1.09
moderate	-0.37	0.90
coming	-0.37	1.84
zero	-0.37	1.43
from	-0.37	1.48
representative	-0.37	0.75
ignorance	-0.37	1.09
slow	-0.37	0.97
fail	-0.37	1.56
liberals	-0.37	1.00
dedicated	-0.37	0.89
communities	-0.37	0.79
furthermore	-0.37	1.16
implied	-0.37	1.76
fight	-0.37	0.86
pol	-0.37	0.89
coincidence	-0.37	1.52
overall	-0.37	0.95
diversity	-0.37	0.74
direct	-0.36	1.25
notes	-0.36	1.05
yours	-0.36	1.82
begins	-0.36	0.97
forum	-0.36	0.86
attraction	-0.36	0.88
taken	-0.36	1.58
denying	-0.36	1.38
turned	-0.36	1.37
rates	-0.36	0.95
prevent	-0.36	1.05
biologically	-0.36	1.11
fourth	-0.36	1.00
hand	-0.36	1.28
behave	-0.36	0.94
proof	-0.36	1.82
object	-0.36	0.96
creates	-0.36	0.91
constitutes	-0.36	1.30
warrior	-0.35	0.91
label	-0.35	0.98
conservative	-0.35	0.91
highly	-0.35	1.52
rights	-0.35	1.01
crash	-0.35	0.95
phone	-0.35	1.04
herself	-0.35	1.11
subjects	-0.35	1.21
forgetting	-0.35	1.63
mlp	-0.35	1.00
downvoted	-0.35	1.16
ideology	-0.35	1.03
became	-0.35	1.35
fails	-0.35	1.39
here	-0.35	2.27
he	-0.35	1.84
give	-0.35	1.66
efforts	-0.35	1.27
stating	-0.35	2.11
heads	-0.35	1.18
endless	-0.35	1.00
masturbation	-0.35	1.01
utter	-0.34	1.17
jury	-0.34	1.24
effect	-0.34	1.18
seeking	-0.34	1.26
le	-0.34	0.89
hearing	-0.34	1.18
genitals	-0.34	0.88
attention	-0.34	1.14
differences	-0.34	1.04
r/undelete	-0.34	0.92
changing	-0.34	1.40
stance	-0.34	1.13
presence	-0.34	1.08
curiosity	-0.34	1.06
treatment	-0.34	1.00
protecting	-0.34	0.99
mainly	-0.34	0.97
heavily	-0.34	1.17
wash	-0.34	1.11
fallacies	-0.34	1.49
preventing	-0.34	1.07
obligation	-0.34	1.45
deep	-0.33	1.10
cheated	-0.33	0.93
forums	-0.33	0.83
downvote	-0.33	1.35
factor	-0.33	1.28
base	-0.33	0.77
throwing	-0.33	1.07
middle	-0.33	0.88
bitch	-0.33	1.26
admits	-0.33	1.67
libertarians	-0.33	0.91
expected	-0.33	1.84
push	-0.33	1.40
unattractive	-0.33	1.40
space	-0.33	0.82
hipster	-0.33	1.03
hanging	-0.33	0.77
meant	-0.33	2.13
manage	-0.33	1.54
stick	-0.33	1.17
twisted	-0.33	1.23
carried	-0.32	0.87
admin	-0.32	1.04
benefits	-0.32	1.01
must	-0.32	2.01
helping	-0.32	1.26
ratio	-0.32	0.85
jerking	-0.32	0.93
dick	-0.32	1.10
practice	-0.32	0.85
considering	-0.32	2.46
refusing	-0.32	1.69
fought	-0.32	0.82
frequently	-0.32	1.15
exclusively	-0.32	1.05
banning	-0.32	1.02
helps	-0.32	1.49
tries	-0.32	1.75
brigades	-0.32	1.02
violate	-0.32	1.20
campaign	-0.32	0.93
treat	-0.32	0.96
element	-0.32	1.23
bound	-0.31	1.51
metaphor	-0.31	1.20
homeless	-0.31	1.07
opposite	-0.31	2.02
sympathetic	-0.31	1.69
banned	-0.31	1.07
obama	-0.31	0.79
approve	-0.31	1.14
handed	-0.31	1.05
trait	-0.31	0.84
regularly	-0.31	1.02
islam	-0.31	0.89
srs	-0.31	0.87
supports	-0.31	1.69
cancer	-0.31	0.98
identifying	-0.31	0.97
followed	-0.31	1.05
beat	-0.31	1.24
debate	-0.31	1.31
women	-0.31	0.87
pulled	-0.31	1.21
vast	-0.31	0.96
government	-0.31	0.90
reveal	-0.31	1.10
labor	-0.31	0.98
chat	-0.30	0.99
morals	-0.30	1.07
corporations	-0.30	0.78
buildings	-0.30	0.91
chances	-0.30	1.11
changed	-0.30	1.43
unwanted	-0.30	0.94
island	-0.30	0.99
large	-0.30	0.86
details	-0.30	1.29
step	-0.30	1.36
substance	-0.30	1.17
passionate	-0.30	1.93
settle	-0.30	1.43
principle	-0.30	1.28
court	-0.30	1.15
enforce	-0.30	1.16
partly	-0.30	1.13
identity	-0.30	0.86
establish	-0.30	1.32
greatly	-0.30	1.10
put	-0.30	1.39
whatsoever	-0.30	1.65
credibility	-0.30	1.01
called	-0.30	1.26
instantly	-0.30	1.43
perhaps	-0.30	2.64
blah	-0.29	1.02
mild	-0.29	1.05
america	-0.29	0.86
strict	-0.29	1.10
move	-0.29	1.47
neck	-0.29	1.09
quoting	-0.29	1.54
remind	-0.29	1.71
gone	-0.29	1.54
moderating	-0.29	0.94
africa	-0.29	0.83
whose	-0.29	0.86
consensus	-0.29	1.02
strike	-0.29	1.18
fill	-0.29	0.81
yes	-0.29	3.22
smaller	-0.29	0.99
enforced	-0.29	1.08
throat	-0.29	1.08
global	-0.29	0.92
measure	-0.29	1.30
shady	-0.29	1.08
majority	-0.29	0.90
further	-0.29	1.46
population	-0.28	0.80
collective	-0.28	1.03
turns	-0.28	1.36
stood	-0.28	0.93
odds	-0.28	1.17
eu	-0.28	0.85
belief	-0.28	1.14
catholics	-0.28	0.91
commented	-0.28	1.49
r/atheism	-0.28	0.83
eventually	-0.28	1.40
sections	-0.28	0.82
tiny	-0.28	1.02
took	-0.28	1.43
drug	-0.28	1.00
region	-0.28	0.82
armed	-0.28	0.93
rate	-0.28	0.95
addiction	-0.28	1.04
populations	-0.28	0.81
poverty	-0.28	1.01
replace	-0.28	0.90
ears	-0.28	1.03
violation	-0.28	1.36
reputation	-0.28	0.69
expectations	-0.28	0.97
accounts	-0.28	1.10
warrant	-0.28	1.15
pornography	-0.28	0.94
imagining	-0.28	1.22
willingly	-0.28	1.24
personalities	-0.28	0.91
scenarios	-0.28	1.05
shooting	-0.28	0.91
cleaning	-0.28	1.10
ill	-0.28	1.49
viewing	-0.28	0.95
anarchism	-0.28	1.08
building	-0.28	0.86
mods	-0.28	0.97
inform	-0.28	1.52
signs	-0.28	1.06
wind	-0.28	0.97
youth	-0.28	0.92
brigading	-0.28	1.04
amendment	-0.27	1.10
pressure	-0.27	0.94
asia	-0.27	0.82
political	-0.27	0.97
awhile	-0.27	1.19
sticking	-0.27	1.08
deleting	-0.27	1.02
gained	-0.27	1.13
pun	-0.27	1.48
contains	-0.27	1.15
facing	-0.27	1.07
arms	-0.27	1.19
germany	-0.27	0.82
logic	-0.27	1.71
beings	-0.27	0.75
gives	-0.27	1.96
assure	-0.27	1.37
distance	-0.27	1.10
alt	-0.27	1.14
agency	-0.27	1.01
down	-0.26	1.28
generate	-0.26	1.03
userbase	-0.26	0.83
shadowban	-0.26	1.07
will	-0.26	1.99
straw	-0.26	1.29
kicking	-0.26	1.00
funnier	-0.26	1.77
touching	-0.26	0.95
stands	-0.26	1.40
head	-0.26	1.12
standing	-0.26	0.96
dig	-0.26	1.50
fucking	-0.26	2.01
sets	-0.26	1.11
broke	-0.26	1.10
deeper	-0.26	1.22
cultural	-0.26	0.87
countries	-0.26	0.83
attached	-0.26	1.11
generalizations	-0.26	1.93
versus	-0.25	1.23
worth	-0.25	1.11
dead	-0.25	1.09
kkk	-0.25	0.78
kick	-0.25	1.05
points	-0.25	1.43
ourselves	-0.25	1.56
libertarianism	-0.25	1.03
combined	-0.25	0.89
ethical	-0.25	1.26
uncommon	-0.25	1.71
cheating	-0.25	0.91
community	-0.25	0.77
touch	-0.25	1.17
speculation	-0.25	1.43
bigger	-0.25	1.11
bathroom	-0.25	1.02
fine	-0.25	3.23
earned	-0.25	1.08
making	-0.25	1.79
pills	-0.25	1.12
truth	-0.25	1.57
associated	-0.25	1.05
granted	-0.25	1.29
labels	-0.24	0.90
nut	-0.24	1.11
she	-0.24	1.31
randomly	-0.24	1.11
proportion	-0.24	0.88
amr	-0.24	0.94
made	-0.24	1.74
removing	-0.24	1.00
ban	-0.24	1.05
percent	-0.24	0.89
protest	-0.24	1.02
r/conservative	-0.24	0.92
r/technology	-0.24	0.93
outside	-0.24	1.05
shadow	-0.24	1.08
courts	-0.24	1.09
jobs	-0.24	1.03
nowadays	-0.24	1.24
alts	-0.24	1.13
decency	-0.24	1.23
board	-0.24	0.95
houses	-0.24	0.92
statement	-0.24	2.11
lost	-0.24	1.26
tbh	-0.24	2.01
citizens	-0.24	0.91
sweden	-0.23	0.91
favour	-0.23	1.13
went	-0.23	1.34
walks	-0.23	1.97
danger	-0.23	1.09
replies	-0.23	1.26
theft	-0.23	1.46
gate	-0.23	0.99
bans	-0.23	1.05
wants	-0.23	2.44
akin	-0.23	1.05
advance	-0.23	0.94
rest	-0.23	1.03
after	-0.23	1.24
driven	-0.23	0.93
portion	-0.23	0.85
puberty	-0.23	1.14
americans	-0.23	0.96
focused	-0.23	0.98
voice	-0.23	1.06
principles	-0.23	1.25
indicate	-0.23	1.55
incest	-0.23	0.86
slaves	-0.23	0.93
modding	-0.23	0.92
small	-0.22	0.90
asses	-0.22	1.07
somewhere	-0.22	1.40
asking	-0.22	1.99
fallacy	-0.22	1.84
slavery	-0.22	0.90
demonstrate	-0.22	1.62
qualities	-0.22	1.06
donate	-0.22	1.07
r/mensrights	-0.22	0.93
aka	-0.22	0.80
communist	-0.22	0.85
million	-0.22	0.99
interpret	-0.22	1.54
western	-0.22	0.75
audience	-0.22	0.82
sole	-0.22	1.04
remove	-0.22	1.06
children	-0.22	0.95
moderator	-0.22	0.96
bat	-0.22	0.91
percentage	-0.22	0.83
into	-0.22	1.26
visited	-0.22	1.22
worthy	-0.22	1.47
fair	-0.22	2.40
core	-0.22	1.14
fairly	-0.22	1.62
file	-0.22	1.19
routinely	-0.22	1.30
resist	-0.22	1.53
our	-0.22	1.08
keep	-0.22	1.49
climate	-0.22	0.97
slap	-0.22	0.98
failing	-0.22	1.54
users	-0.22	1.00
journalism	-0.22	0.85
joining	-0.22	0.85
operation	-0.22	1.05
cop	-0.22	1.13
questions	-0.21	1.70
shown	-0.21	1.46
integrity	-0.21	1.11
develop	-0.21	1.04
explains	-0.21	1.33
liberty	-0.21	1.12
ex	-0.21	0.94
slippery	-0.21	1.43
fingers	-0.21	1.09
running	-0.21	1.05
determined	-0.21	1.27
living	-0.21	0.99
passing	-0.21	1.04
pulling	-0.21	1.25
economic	-0.21	0.92
srss	-0.21	0.93
fall	-0.21	1.25
picked	-0.21	1.35
secondly	-0.21	1.15
reduce	-0.21	1.00
violating	-0.21	1.20
pisses	-0.21	2.41
issues	-0.21	1.36
higher	-0.21	0.92
guess	-0.20	2.75
anarchist	-0.20	0.92
private	-0.20	0.97
broad	-0.20	1.23
run	-0.20	1.18
officer	-0.20	1.07
r/gaming	-0.20	0.94
r/politics	-0.20	0.92
construct	-0.20	1.09
harmless	-0.20	1.43
lower	-0.20	0.91
mothers	-0.20	0.86
survive	-0.20	0.93
lately	-0.20	1.38
strangers	-0.20	1.01
workers	-0.20	1.02
worker	-0.20	1.03
passed	-0.20	1.17
rule	-0.20	1.12
thrown	-0.20	1.30
blows	-0.20	1.38
communicate	-0.20	1.55
potential	-0.20	0.98
mountain	-0.20	0.93
knock	-0.20	1.21
theirs	-0.20	1.39
opposed	-0.20	1.18
referred	-0.20	1.32
gap	-0.20	1.16
leaning	-0.19	1.09
too	-0.19	2.13
physical	-0.19	0.93
preferences	-0.19	1.00
journalist	-0.19	0.89
influence	-0.19	1.10
claim	-0.19	2.13
greater	-0.19	0.96
medical	-0.19	1.03
threw	-0.19	1.04
debates	-0.19	1.15
start	-0.19	1.32
minds	-0.19	1.00
plus	-0.19	1.30
r/libertarian	-0.19	0.92
wwii	-0.19	0.81
continuing	-0.19	1.46
rules	-0.19	1.09
perception	-0.19	1.05
thousand	-0.19	0.89
strongly	-0.19	1.07
accident	-0.19	1.35
brigade	-0.19	1.05
uk	-0.19	0.90
refuses	-0.19	1.96
looking	-0.18	1.83
hole	-0.18	1.15
extension	-0.18	1.35
joking	-0.18	2.03
drop	-0.18	1.08
vague	-0.18	1.73
donations	-0.18	0.93
info	-0.18	1.18
weapons	-0.18	1.00
hacked	-0.18	1.04
between	-0.18	1.02
number	-0.18	0.92
liking	-0.18	0.70
modern	-0.18	0.90
custody	-0.18	0.93
religious	-0.18	0.89
drive	-0.18	1.04
100	-0.18	0.99
dropping	-0.18	1.11
deals	-0.18	1.04
criticism	-0.18	0.92
slope	-0.18	1.32
represents	-0.18	0.92
starts	-0.18	1.26
walls	-0.18	0.85
drivers	-0.18	1.04
pics	-0.18	1.36
exceptions	-0.18	1.57
united	-0.18	0.87
anarchists	-0.18	0.94
dropped	-0.17	1.04
usa	-0.17	0.80
terrifying	-0.17	2.33
kids	-0.17	1.07
increased	-0.17	0.98
collect	-0.17	1.09
area	-0.17	0.97
regulation	-0.17	0.93
merely	-0.17	1.83
learned	-0.17	1.51
assumes	-0.17	2.06
look	-0.17	2.13
religion	-0.17	0.89
fundamental	-0.17	1.23
vaguely	-0.17	1.75
military	-0.17	0.91
given	-0.17	1.26
laughing	-0.17	1.23
organizations	-0.17	0.86
defining	-0.17	1.01
topics	-0.17	1.32
each	-0.17	1.09
asian	-0.17	0.89
protection	-0.17	1.08
sign	-0.17	1.40
chooses	-0.17	2.30
congress	-0.17	1.01
mixed	-0.17	0.98
australia	-0.17	0.86
constitution	-0.17	1.19
earlier	-0.17	1.39
judgement	-0.17	1.42
flags	-0.17	0.81
vegans	-0.16	1.21
narrative	-0.16	0.94
digging	-0.16	1.31
addition	-0.16	0.97
reporting	-0.16	1.12
appear	-0.16	1.40
progress	-0.16	0.81
banks	-0.16	0.85
increases	-0.16	1.00
fuckers	-0.16	1.48
socialist	-0.16	0.94
slight	-0.16	1.20
demanding	-0.16	1.30
consideration	-0.16	1.23
underage	-0.16	1.00
r/theredpill	-0.16	0.96
r/adviceanimals	-0.16	0.93
areas	-0.16	0.93
narrow	-0.16	1.22
genetics	-0.16	1.03
aa	-0.16	0.85
described	-0.16	1.37
hundred	-0.16	0.88
officers	-0.15	0.98
characteristics	-0.15	0.94
brains	-0.15	0.88
masturbate	-0.15	1.05
account	-0.15	1.16
law	-0.15	1.14
slept	-0.15	0.90
regulations	-0.15	1.01
knife	-0.15	1.05
sucking	-0.15	1.01
himself	-0.15	1.37
died	-0.15	0.98
noted	-0.15	1.57
shared	-0.15	1.02
elsewhere	-0.15	1.40
u.s	-0.15	0.99
increasing	-0.15	0.98
beneficial	-0.15	2.30
mental	-0.15	1.17
money	-0.15	0.92
billion	-0.15	0.99
worry	-0.15	2.37
covered	-0.15	1.15
grounds	-0.15	1.31
r/bitcoin	-0.15	0.93
cock	-0.15	1.09
chamber	-0.15	1.05
guy	-0.15	1.41
count	-0.15	1.64
industry	-0.15	0.92
entity	-0.15	0.97
face	-0.14	1.05
xkcd	-0.14	1.18
experience	-0.14	1.17
females	-0.14	0.88
dollars	-0.14	0.95
r/conspiratard	-0.14	0.97
penises	-0.14	0.94
throw	-0.14	1.39
becoming	-0.14	1.36
moral	-0.14	1.40
convert	-0.14	0.88
punch	-0.14	1.08
vehicle	-0.14	1.05
benefit	-0.14	1.23
figured	-0.14	2.09
rise	-0.14	0.88
appeal	-0.14	1.02
pill	-0.14	0.97
takes	-0.14	1.39
leaks	-0.14	1.04
piss	-0.14	1.13
deserves	-0.14	1.36
stalin	-0.14	0.89
noise	-0.14	1.09
subject	-0.13	1.45
dominated	-0.13	0.76
vote	-0.13	1.06
throwaway	-0.13	1.20
fairness	-0.13	1.24
ancap	-0.13	0.91
empathy	-0.13	1.22
health	-0.13	1.11
driver	-0.13	1.04
pushing	-0.13	1.13
kickstarter	-0.13	0.85
r/games	-0.13	0.96
build	-0.13	1.00
china	-0.13	0.82
mensrights	-0.13	0.94
figures	-0.13	1.11
through	-0.13	1.29
appearance	-0.13	0.98
understanding	-0.13	1.37
srssucks	-0.13	0.95
90	-0.13	0.88
told	-0.13	1.67
70	-0.13	0.89
three	-0.13	0.88
sticks	-0.13	1.18
destruction	-0.13	0.94
recognition	-0.13	0.94
state	-0.13	0.91
troll	-0.13	1.62
public	-0.13	0.93
past	-0.13	1.11
lane	-0.13	1.05
huge	-0.12	1.10
earn	-0.12	1.06
connection	-0.12	1.38
guns	-0.12	1.04
limited	-0.12	1.11
loaded	-0.12	1.34
pure	-0.12	0.88
federal	-0.12	1.01
choices	-0.12	1.31
theory	-0.12	1.15
abandon	-0.12	1.11
removed	-0.12	1.17
therapy	-0.12	1.11
precedent	-0.12	1.20
bucks	-0.12	1.11
agent	-0.12	1.02
falling	-0.12	1.09
began	-0.12	1.22
rural	-0.12	0.88
france	-0.12	0.86
lines	-0.12	1.03
nuclear	-0.12	0.85
500	-0.12	0.92
states	-0.12	0.95
hitting	-0.12	1.02
insult	-0.12	1.49
fucker	-0.12	1.44
enemy	-0.12	0.85
relative	-0.12	1.01
suggests	-0.11	1.41
economy	-0.11	0.88
your	-0.11	1.51
behind	-0.11	1.20
younger	-0.11	1.16
feminine	-0.11	1.00
finger	-0.11	1.12
morality	-0.11	1.24
defaults	-0.11	0.96
subreddits	-0.11	0.96
concerns	-0.11	1.58
roads	-0.11	0.96
hardcore	-0.11	0.77
wages	-0.11	1.02
putting	-0.11	1.45
fast	-0.11	1.23
voting	-0.11	1.04
genetic	-0.11	0.95
enforcement	-0.11	1.09
prime	-0.11	0.82
sharing	-0.11	1.13
path	-0.11	1.03
decisions	-0.11	1.39
heck	-0.11	1.40
leaders	-0.11	0.78
cut	-0.11	1.10
commenter	-0.11	1.45
roughly	-0.11	1.03
miles	-0.11	1.06
r/news	-0.11	0.96
limits	-0.11	1.12
duty	-0.11	1.03
politics	-0.10	1.07
hunt	-0.10	1.03
paid	-0.10	1.01
visible	-0.10	1.12
random	-0.10	1.02
grab	-0.10	1.07
times	-0.10	1.21
ruling	-0.10	0.96
refused	-0.10	1.84
achieve	-0.10	1.38
wherever	-0.10	1.10
structure	-0.10	1.12
corporate	-0.10	0.90
canada	-0.10	0.90
wont	-0.10	1.84
holding	-0.10	1.15
2x	-0.10	0.95
ama	-0.10	1.36
organization	-0.10	0.81
tesla	-0.10	0.90
existence	-0.10	1.29
hispanic	-0.10	0.97
neither	-0.10	2.34
lives	-0.10	0.92
soldiers	-0.10	0.94
safely	-0.10	1.34
beyond	-0.10	1.47
imaginary	-0.10	1.13
assertion	-0.09	2.15
responding	-0.09	1.71
employees	-0.09	0.97
involves	-0.09	1.09
minute	-0.09	1.30
increase	-0.09	0.97
nose	-0.09	1.09
habits	-0.09	0.99
wake	-0.09	0.96
restrictions	-0.09	1.15
subs	-0.09	0.98
laws	-0.09	1.06
payment	-0.09	0.92
believes	-0.09	2.93
sample	-0.09	1.00
posted	-0.09	1.25
screenshot	-0.09	1.29
counts	-0.09	1.14
ass	-0.09	1.24
ship	-0.09	1.20
mexico	-0.09	0.88
job	-0.09	1.23
emphasis	-0.09	1.33
r/funny	-0.09	0.96
75	-0.09	0.88
op	-0.09	1.59
fell	-0.09	1.12
inner	-0.09	0.98
ip	-0.09	1.14
hang	-0.09	1.12
ruin	-0.09	0.66
dies	-0.09	1.13
r/circlejerk	-0.08	0.93
relevant	-0.08	1.77
automatic	-0.08	1.04
first	-0.08	1.04
contact	-0.08	0.96
balls	-0.08	1.09
pussy	-0.08	1.25
legislation	-0.08	1.03
divide	-0.08	1.00
r/tumblrinaction	-0.08	0.99
consumer	-0.08	0.78
arm	-0.08	1.06
secure	-0.08	1.16
butt	-0.08	1.05
truly	-0.08	2.11
literal	-0.08	1.36
speed	-0.08	1.04
demands	-0.08	1.49
moderation	-0.08	0.98
expert	-0.08	1.38
ran	-0.08	1.16
default	-0.08	0.96
trope	-0.08	0.83
later	-0.08	1.14
biological	-0.08	0.94
employer	-0.08	0.97
combination	-0.07	1.13
lists	-0.07	0.82
fewer	-0.07	1.10
difference	-0.07	1.64
four	-0.07	0.89
burning	-0.07	0.88
cite	-0.07	1.32
older	-0.07	1.16
mentions	-0.07	2.39
russia	-0.07	0.83
loop	-0.07	1.11
ireland	-0.07	0.89
tech	-0.07	1.00
videogames	-0.07	0.72
shithole	-0.07	1.00
trollx	-0.07	0.97
misunderstanding	-0.07	2.06
attracted	-0.07	1.04
charity	-0.07	0.98
web	-0.07	0.97
1000	-0.07	0.92
motivation	-0.07	1.23
minutes	-0.07	1.18
scope	-0.07	1.21
traffic	-0.07	1.03
years	-0.07	1.16
spend	-0.07	1.00
finally	-0.07	1.55
trends	-0.07	0.95
knows	-0.07	2.98
ago	-0.07	1.18
motherfucker	-0.07	1.59
purposes	-0.07	1.28
illegal	-0.07	1.73
voters	-0.07	0.88
expense	-0.07	1.09
r/worldnews	-0.07	0.97
reality	-0.07	1.42
republicans	-0.07	0.86
worded	-0.07	1.63
chosen	-0.07	1.05
legs	-0.06	1.07
unrealistic	-0.06	1.20
masturbating	-0.06	0.87
statistic	-0.06	1.15
lay	-0.06	1.04
posting	-0.06	1.29
according	-0.06	1.28
supreme	-0.06	1.19
frame	-0.06	1.09
relatively	-0.06	1.49
her	-0.06	0.99
department	-0.06	1.00
swing	-0.06	0.95
teeth	-0.06	1.06
income	-0.06	0.95
r/bestof	-0.06	1.05
reddits	-0.06	1.05
genes	-0.06	0.96
implies	-0.06	2.07
lacking	-0.06	1.28
limit	-0.06	1.06
loss	-0.06	0.99
party	-0.06	0.72
traits	-0.06	0.98
reddit	-0.05	1.50
pretty	-0.05	1.98
process	-0.05	1.18
soon	-0.05	1.51
spends	-0.05	1.52
r/childfree	-0.05	0.97
spent	-0.05	1.08
politicians	-0.05	0.83
smoking	-0.05	1.07
moves	-0.05	1.34
leg	-0.05	1.08
stranger	-0.05	1.11
upper	-0.05	0.91
steal	-0.05	1.06
hit	-0.05	1.11
per	-0.05	1.03
journalists	-0.05	0.82
smarter	-0.05	1.29
surface	-0.05	0.87
echo	-0.05	1.05
car	-0.05	1.05
votes	-0.05	1.14
declare	-0.05	1.59
subscribers	-0.05	0.98
cycle	-0.05	0.95
snowden	-0.05	0.95
hormones	-0.05	1.00
80	-0.05	0.89
critique	-0.05	0.68
shake	-0.05	1.28
disagreement	-0.05	1.58
reasoning	-0.05	1.73
fire	-0.04	1.00
downvoting	-0.04	1.21
monsters	-0.04	1.85
operate	-0.04	1.07
overlap	-0.04	0.98
floor	-0.04	0.99
50	-0.04	0.90
employee	-0.04	0.98
guys	-0.04	1.43
forces	-0.04	0.97
kid	-0.04	1.04
eastern	-0.04	0.86
having	-0.04	1.38
buried	-0.04	1.18
300	-0.04	0.93
firearms	-0.04	1.09
yesterday	-0.04	1.32
association	-0.04	1.11
decides	-0.04	2.45
letting	-0.04	1.53
property	-0.04	1.16
democratic	-0.04	0.89
statements	-0.04	2.26
influenced	-0.04	0.99
cited	-0.04	1.21
correlation	-0.04	1.52
northern	-0.04	0.87
copyright	-0.04	1.18
boundaries	-0.04	1.13
machine	-0.04	0.97
noble	-0.04	0.96
families	-0.04	0.86
interests	-0.03	0.99
carry	-0.03	1.11
mainstream	-0.03	0.68
breaking	-0.03	1.07
army	-0.03	0.92
methods	-0.03	1.19
courses	-0.03	1.33
live	-0.03	1.06
plastic	-0.03	1.13
during	-0.03	1.01
communism	-0.03	0.91
celebrity	-0.03	0.89
current	-0.03	1.03
ride	-0.03	1.04
philosophy	-0.03	1.34
shoulder	-0.03	1.08
late	-0.03	1.21
center	-0.03	0.90
conclusions	-0.03	1.97
applying	-0.03	1.23
welfare	-0.03	0.93
gawker	-0.03	0.87
gun	-0.03	1.04
classes	-0.03	1.30
nuts	-0.03	1.58
covers	-0.03	0.99
immediate	-0.03	1.08
britain	-0.03	0.93
breasts	-0.03	1.02
mile	-0.03	1.08
thinks	-0.03	3.03
navy	-0.03	1.21
criticisms	-0.03	1.09
incapable	-0.02	1.09
libertarian	-0.02	0.94
volunteer	-0.02	0.98
net	-0.02	1.07
office	-0.02	1.03
unidan	-0.02	1.15
standards	-0.02	1.11
carrying	-0.02	1.00
examples	-0.02	1.33
square	-0.02	1.01
preference	-0.02	0.99
boston	-0.02	0.99
war	-0.02	0.79
early	-0.02	1.15
union	-0.02	0.84
demand	-0.02	1.13
masculine	-0.02	0.95
north	-0.02	0.84
challenge	-0.02	1.30
exact	-0.02	1.51
bots	-0.02	1.17
200	-0.02	0.91
ages	-0.02	1.03
european	-0.02	0.96
importantly	-0.02	0.81
improve	-0.01	1.13
pissing	-0.01	1.12
detail	-0.01	1.33
website	-0.01	0.95
wage	-0.01	1.00
majors	-0.01	1.23
map	-0.01	1.07
walk	-0.01	1.14
please	-0.01	1.68
raise	-0.01	1.00
coin	-0.01	1.04
spending	-0.01	0.94
carefully	-0.01	1.24
within	-0.01	1.02
humans	-0.01	0.86
old	-0.01	1.10
downvotes	-0.01	1.22
elected	-0.01	0.89
democrats	-0.01	0.89
sidebar	-0.01	1.16
mid	-0.01	1.06
popularity	-0.01	1.04
beard	-0.01	1.30
seven	-0.01	0.90
citing	-0.01	1.43
cents	-0.01	1.10
grand	-0.01	1.02
entirety	-0.01	0.77
boss	-0.01	1.09
earth	-0.01	1.05
covering	-0.01	0.95
concept	-0.01	1.58
btc	-0.01	1.01
wouldnt	-0.01	1.88
democracy	-0.00	1.41
wallet	-0.00	1.01
prior	-0.00	1.17
applied	-0.00	1.29
blogs	-0.00	0.96
gain	-0.00	1.07
stealing	-0.00	1.60
ahead	-0.00	1.80
mandatory	-0.00	1.12
riding	-0.00	0.99
r/videos	-0.00	0.99
twenty	-0.00	0.89
hired	-0.00	0.97
ten	-0.00	0.89
karma	-0.00	1.14
talks	-0.00	2.53
tongue	-0.00	1.19
45	-0.00	0.98
plane	-0.00	0.96
posters	0.00	0.99
employment	0.00	0.92
culturally	0.00	1.77
window	0.00	1.05
subscribe	0.00	1.01
developer	0.00	0.85
bitcoin	0.00	0.99
bitcoins	0.00	0.99
evolution	0.00	0.91
brigaded	0.00	1.09
kotaku	0.00	0.88
appropriation	0.00	0.83
escape	0.00	1.14
train	0.00	1.04
joined	0.00	1.02
subbed	0.00	1.01
obesity	0.00	0.98
occasionally	0.00	0.89
proving	0.00	1.88
giant	0.01	0.97
wait	0.01	2.60
gaming	0.01	0.82
breast	0.01	1.03
fees	0.01	1.01
hours	0.01	1.17
quickly	0.01	1.43
year	0.01	1.08
until	0.01	1.48
site	0.01	0.93
shots	0.01	1.02
eight	0.01	0.90
lgbt	0.01	0.94
central	0.01	0.85
memory	0.01	0.91
sooner	0.01	1.39
republic	0.01	0.88
five	0.01	0.89
revenue	0.01	1.01
naturally	0.01	1.19
six	0.01	0.90
half	0.01	0.87
voted	0.01	1.05
quality	0.01	1.05
loses	0.01	2.16
funds	0.01	0.99
skip	0.01	1.33
opponent	0.01	1.28
empire	0.01	0.93
dollar	0.02	0.99
forth	0.02	0.98
involve	0.02	1.15
slowly	0.02	1.20
upvote	0.02	1.17
minimum	0.02	1.00
evolved	0.02	0.91
transaction	0.02	0.99
iirc	0.02	1.38
altogether	0.02	1.35
wishes	0.02	1.97
unit	0.02	0.99
grade	0.02	1.05
seat	0.02	1.02
poster	0.02	1.15
phase	0.02	1.16
bubble	0.02	1.07
user	0.02	1.18
survey	0.02	1.13
save	0.02	1.12
west	0.02	0.79
topic	0.02	1.48
stolen	0.02	1.09
claims	0.02	1.92
african	0.02	0.92
japan	0.02	0.80
moved	0.02	1.05
keeps	0.02	1.15
month	0.02	1.10
remotely	0.02	1.39
south	0.02	0.83
phenomenon	0.03	1.31
saw	0.03	1.42
publicity	0.03	0.97
business	0.03	0.93
likewise	0.03	1.28
massive	0.03	1.11
value	0.03	1.07
stories	0.03	0.88
next	0.03	1.19
sees	0.03	3.07
dogecoin	0.03	0.98
sake	0.03	1.34
considers	0.03	3.02
linking	0.03	1.28
basic	0.03	1.31
happily	0.03	1.55
seconds	0.03	1.17
chest	0.03	1.08
bitches	0.03	1.26
referencing	0.03	1.27
minded	0.03	1.40
norm	0.03	1.08
father	0.03	0.92
hour	0.04	1.14
crisis	0.04	0.99
400	0.04	0.91
giving	0.04	1.41
information	0.04	1.21
nude	0.04	1.11
republican	0.04	0.90
believing	0.04	1.11
progressive	0.04	1.21
describes	0.04	1.83
slave	0.04	1.01
coins	0.04	1.04
school	0.04	1.05
150	0.04	0.89
vagina	0.04	1.01
srd	0.04	1.09
context=x	0.04	1.40
efficient	0.04	1.28
perspective	0.04	1.46
edge	0.04	1.11
honest	0.04	2.36
lets	0.04	1.75
doge	0.04	1.02
throughout	0.04	1.07
markets	0.04	0.94
mission	0.04	1.05
religions	0.04	0.87
foot	0.04	1.08
economics	0.04	1.14
olds	0.04	1.13
bike	0.04	0.99
funding	0.04	1.00
commentary	0.04	1.33
murdering	0.04	1.04
occasion	0.04	1.18
sarcasm	0.04	1.67
includes	0.05	0.98
invest	0.05	1.03
101	0.05	1.42
bare	0.05	1.04
lights	0.05	1.04
trade	0.05	0.91
suppose	0.05	2.74
ceo	0.05	0.96
nuked	0.05	1.20
tomorrow	0.05	1.26
pointing	0.05	2.11
fund	0.05	0.99
correctness	0.05	1.34
primary	0.05	1.16
fame	0.05	0.96
controversial	0.05	1.48
cover	0.05	0.96
math	0.05	1.22
combat	0.05	0.91
frequent	0.05	1.01
attractiveness	0.05	1.02
needs	0.05	2.15
ms	0.05	0.97
computers	0.05	1.00
bone	0.05	1.03
pregnancy	0.05	1.05
heroin	0.05	1.06
differently	0.06	1.19
forward	0.06	1.15
r/subredditdrama	0.06	1.19
away	0.06	1.36
delete	0.06	1.23
socialism	0.06	1.39
universities	0.06	0.98
basis	0.06	1.26
scientist	0.06	1.07
bodies	0.06	0.96
signed	0.06	1.15
aid	0.06	1.07
market	0.06	0.94
salary	0.06	0.99
gilded	0.06	1.23
security	0.06	1.03
platform	0.06	0.93
campus	0.06	0.98
drawn	0.06	1.06
whoever	0.06	1.56
holds	0.06	1.49
independence	0.06	0.96
stock	0.06	1.03
feet	0.06	1.07
drunk	0.06	1.19
formed	0.06	0.98
stop	0.06	1.38
tests	0.06	1.21
lose	0.06	1.24
representation	0.06	0.73
scam	0.06	1.10
occasional	0.06	1.01
christians	0.06	1.08
waste	0.07	0.89
his	0.07	1.11
university	0.07	1.06
established	0.07	1.01
schools	0.07	1.00
parents	0.07	0.92
defense	0.07	1.28
shorter	0.07	1.22
foundation	0.07	1.01
folk	0.07	0.72
content	0.07	0.96
patient	0.07	1.04
tax	0.07	1.03
submitting	0.07	1.22
size	0.07	0.94
puts	0.07	1.81
dump	0.07	1.07
approaching	0.07	1.06
ground	0.07	1.16
drugs	0.07	1.06
born	0.07	1.00
above	0.07	1.35
brush	0.07	1.04
sat	0.07	0.98
lel	0.07	1.12
tropes	0.08	0.61
conclusion	0.08	2.25
ego	0.08	1.04
mr	0.08	1.04
trouble	0.08	1.54
battle	0.08	0.91
cash	0.08	0.96
slur	0.08	1.61
device	0.08	0.92
meta	0.08	1.12
support	0.08	1.28
breaks	0.08	1.84
ability	0.08	1.54
investing	0.08	1.03
taller	0.08	1.22
images	0.08	1.08
assumption	0.08	2.32
phd	0.08	1.10
normally	0.08	1.33
subscriber	0.08	1.00
streets	0.08	0.98
35	0.08	0.98
leaving	0.08	1.36
30	0.08	0.96
class	0.08	1.00
hypothetical	0.08	1.39
trained	0.08	1.11
metric	0.09	1.35
lawyers	0.09	1.04
weed	0.09	1.06
sleeping	0.09	0.90
taxes	0.09	0.99
significant	0.09	1.11
freeze	0.09	1.22
breed	0.09	1.09
degrees	0.09	1.02
species	0.09	0.90
exposure	0.09	0.98
bull	0.09	1.13
falls	0.09	1.27
niche	0.09	0.79
answered	0.09	1.92
blanket	0.09	1.45
photos	0.09	1.14
developing	0.09	1.02
replying	0.09	1.80
elaborate	0.09	1.36
apartment	0.09	1.04
60	0.09	0.91
sitting	0.09	1.07
conscious	0.09	1.12
fuel	0.09	0.93
celebrities	0.10	1.03
age	0.10	1.10
months	0.10	1.12
physics	0.10	1.13
purely	0.10	1.33
r/badhistory	0.10	1.20
financial	0.10	1.01
profit	0.10	1.01
pregnant	0.10	0.99
longer	0.10	1.38
student	0.10	1.06
bear	0.10	1.03
filter	0.10	1.06
enlightened	0.10	1.11
bush	0.10	0.86
glad	0.10	2.39
active	0.10	0.90
projects	0.10	0.93
academia	0.10	0.98
40	0.10	0.93
end	0.10	1.71
recent	0.10	1.09
deleted	0.10	1.31
submission	0.10	1.44
stops	0.10	1.13
bank	0.10	0.97
blog	0.10	0.95
split	0.10	0.98
study	0.10	1.19
along	0.11	1.38
body	0.11	1.00
system	0.11	1.04
around	0.11	1.07
activities	0.11	0.96
pays	0.11	1.08
following	0.11	1.26
paper	0.11	0.90
displayed	0.11	1.01
insane	0.11	2.37
holes	0.11	1.05
riot	0.11	0.89
25	0.11	1.00
tolerance	0.11	0.84
awareness	0.11	1.16
14	0.11	1.11
practically	0.11	1.11
hidden	0.11	1.09
boyfriend	0.11	1.01
participating	0.11	1.12
science	0.11	1.10
purpose	0.11	1.25
testing	0.11	1.18
anal	0.11	0.93
consent	0.11	1.10
pocket	0.11	1.12
20	0.11	0.98
grew	0.11	0.96
blood	0.11	1.20
customers	0.11	0.95
culture	0.11	0.81
degree	0.12	1.06
days	0.12	1.15
previous	0.12	1.28
pounds	0.12	1.07
customer	0.12	0.97
evolutionary	0.12	0.96
sites	0.12	0.88
leaked	0.12	1.04
healthcare	0.12	0.98
search	0.12	1.20
goals	0.12	1.03
transactions	0.12	0.99
importance	0.12	1.15
cities	0.12	0.95
understands	0.12	3.07
studying	0.12	1.16
linked	0.12	1.34
crow	0.12	1.02
professor	0.12	1.16
round	0.12	0.85
human	0.12	0.80
company	0.12	0.95
featured	0.12	1.11
upon	0.12	1.22
r/pics	0.12	1.05
contributed	0.12	1.13
creator	0.12	1.06
showed	0.12	1.24
adult	0.12	1.24
statistics	0.13	1.42
drives	0.13	1.28
bus	0.13	1.02
starting	0.13	1.43
res	0.13	1.08
fed	0.13	1.02
score	0.13	1.18
whom	0.13	0.90
typed	0.13	1.64
helped	0.13	1.37
askreddit	0.13	1.09
hypocrisy	0.13	1.38
psychology	0.13	1.12
asked	0.13	1.76
results	0.13	1.26
education	0.13	1.04
friend	0.13	1.10
scheme	0.13	1.05
engineer	0.13	1.12
quoted	0.13	1.60
serves	0.13	1.10
woman	0.13	1.04
debt	0.13	1.00
upvotes	0.13	1.16
wealth	0.13	0.98
websites	0.13	0.93
online	0.13	0.93
runs	0.13	1.62
brain	0.14	1.01
17	0.14	1.05
suck	0.14	1.27
define	0.14	1.81
advertising	0.14	0.95
browsing	0.14	1.18
operating	0.14	0.97
13	0.14	1.03
likes	0.14	2.92
generations	0.14	0.95
22	0.14	1.07
paying	0.14	1.02
23	0.14	1.07
iphone	0.15	0.87
submit	0.15	1.19
15	0.15	1.02
form	0.15	1.26
okay	0.15	3.21
programs	0.15	0.99
smoke	0.15	1.05
flag	0.15	0.90
nudes	0.15	1.06
10	0.15	0.94
counting	0.15	1.06
room	0.15	1.09
scores	0.15	1.10
24	0.15	1.04
raised	0.15	0.90
max	0.15	1.07
spoke	0.15	1.39
distribution	0.15	1.18
field	0.15	1.09
horse	0.15	1.05
college	0.15	1.08
block	0.15	1.06
inch	0.15	1.09
equivalent	0.15	1.36
sociology	0.16	1.14
weeks	0.16	1.14
features	0.16	1.00
colour	0.16	0.93
brings	0.16	1.63
submissions	0.16	1.14
solve	0.16	1.59
np	0.16	1.16
rolling	0.16	1.04
cuts	0.16	1.07
12	0.16	1.01
checks	0.16	1.20
19	0.16	1.07
crack	0.16	1.18
door	0.16	1.14
4	0.16	0.95
selection	0.16	1.07
homosexual	0.16	1.00
shitstorm	0.16	1.19
gold	0.16	1.00
ron	0.16	1.01
advanced	0.16	1.00
super	0.16	1.81
absolute	0.16	2.51
skinny	0.16	1.35
writes	0.16	1.94
ended	0.16	1.18
morning	0.16	1.15
stats	0.16	1.38
subredditdrama	0.16	1.12
growing	0.16	1.00
7	0.17	0.99
bite	0.17	1.21
referring	0.17	1.92
opportunities	0.17	1.01
bot	0.17	1.32
someones	0.17	0.92
<SPECIAL>	0.17	0.95
<URL>	0.17	0.95
program	0.17	1.04
mother	0.17	0.95
louis	0.17	1.16
evidence	0.17	1.99
initial	0.17	1.53
exception	0.17	1.46
wrote	0.17	1.16
submitted	0.17	1.26
apples	0.17	1.15
manager	0.17	0.98
studied	0.17	1.15
raising	0.17	0.96
biology	0.17	1.12
app	0.17	0.99
objects	0.17	0.82
struggle	0.17	1.13
chair	0.17	1.05
marketing	0.17	1.04
drawing	0.17	1.07
directly	0.17	1.31
liberal	0.17	1.19
mining	0.18	1.02
setting	0.18	1.00
included	0.18	1.22
concern	0.18	1.59
portrayed	0.18	0.81
adults	0.18	1.24
browse	0.18	1.13
twice	0.18	1.20
2000	0.18	1.04
currency	0.18	0.98
iq	0.18	1.05
companies	0.18	0.92
5	0.18	0.95
graduate	0.18	1.04
pay	0.18	1.03
most	0.18	3.08
image	0.18	1.08
21	0.18	1.07
6	0.18	0.97
grant	0.18	1.18
major	0.18	1.23
nuance	0.18	1.32
pc	0.18	0.86
female	0.18	0.85
eyes	0.18	1.08
irish	0.18	1.24
southern	0.18	0.88
concepts	0.18	1.60
rabbit	0.18	1.07
invisible	0.18	1.04
local	0.18	0.87
i.e	0.18	1.62
jim	0.18	0.86
11	0.19	1.04
pushed	0.19	1.29
8	0.19	0.97
searching	0.19	1.31
reached	0.19	1.20
virtual	0.19	1.00
teachers	0.19	1.07
digital	0.19	1.00
walking	0.19	0.98
costs	0.19	1.01
abortions	0.19	1.06
3	0.19	0.96
sciences	0.19	1.10
implications	0.19	1.40
flying	0.19	0.99
muscle	0.19	1.03
lived	0.19	0.95
sums	0.19	1.60
link	0.19	1.30
difficulty	0.19	1.03
anecdote	0.19	1.91
r/thathappened	0.19	1.11
divorced	0.19	0.94
students	0.19	1.07
sleep	0.19	1.25
typical	0.20	0.98
strength	0.20	1.01
traditional	0.20	0.82
google	0.20	1.13
smell	0.20	1.29
console	0.20	0.83
official	0.20	0.98
investment	0.20	1.03
engage	0.20	1.16
cracked	0.20	0.91
facts	0.20	2.09
survival	0.20	0.99
enemies	0.20	0.76
centuries	0.20	0.95
test	0.21	1.25
life	0.21	0.96
gather	0.21	1.30
code	0.21	1.09
stage	0.21	1.04
fly	0.21	1.06
lawyer	0.21	1.17
catholic	0.21	0.85
calls	0.21	2.86
resources	0.21	1.12
storm	0.21	1.18
replied	0.21	1.73
verify	0.21	1.09
hack	0.21	1.20
energy	0.21	0.93
gifs	0.21	1.45
shape	0.21	1.09
9	0.21	1.05
soldier	0.21	0.95
eye	0.21	1.03
links	0.21	1.26
research	0.21	1.21
agreement	0.21	1.23
respect	0.22	1.12
tear	0.22	1.02
18	0.22	1.07
requirement	0.22	1.23
reaching	0.22	1.38
homes	0.22	1.08
academic	0.22	1.17
condom	0.22	0.99
town	0.22	0.97
16	0.22	1.08
studies	0.22	1.17
neighborhood	0.22	1.00
problems	0.22	1.57
event	0.22	1.19
request	0.22	1.36
lock	0.22	1.18
containing	0.22	1.32
animals	0.22	1.22
dating	0.22	1.18
policies	0.22	1.05
peer	0.22	1.15
graduated	0.22	1.07
history	0.23	1.13
supply	0.23	0.98
pool	0.23	0.95
grey	0.23	1.16
ties	0.23	1.09
adoption	0.23	1.04
phones	0.23	0.98
decade	0.23	1.24
flip	0.23	1.12
last	0.23	1.03
lift	0.23	1.15
css	0.23	1.07
requirements	0.23	1.24
describing	0.23	1.13
photo	0.23	1.20
engaged	0.23	1.08
service	0.23	1.02
post	0.23	1.37
gf	0.23	1.04
curse	0.23	1.11
underlying	0.23	1.47
url	0.23	1.18
existing	0.24	1.18
salty	0.24	2.41
growth	0.24	1.02
grow	0.24	1.35
warning	0.24	1.14
wild	0.24	1.49
effort	0.24	1.36
girlfriend	0.24	1.04
daughter	0.24	1.01
development	0.24	0.96
seemingly	0.24	1.48
derogatory	0.24	1.72
imgur	0.24	1.18
texas	0.24	0.93
adding	0.24	1.00
anyways	0.24	2.03
ends	0.24	1.62
parking	0.24	0.98
creation	0.24	0.98
r/relationships	0.24	1.06
revolution	0.24	0.98
foreign	0.24	0.89
rent	0.24	1.02
atheist	0.24	0.90
exchange	0.24	0.98
husband	0.24	0.99
bills	0.24	1.02
dad	0.24	0.99
commercial	0.24	1.01
habit	0.24	1.31
windows	0.24	0.95
trading	0.24	0.99
prepared	0.24	1.55
week	0.24	1.06
contract	0.24	1.14
cell	0.25	0.95
medicine	0.25	1.01
table	0.25	1.03
immune	0.25	1.10
authority	0.25	1.28
goal	0.25	1.18
zone	0.25	1.01
historical	0.25	1.19
staff	0.25	1.02
broken	0.25	1.13
successfully	0.25	1.28
machines	0.25	0.91
twist	0.25	1.31
name	0.25	1.20
twox	0.25	1.11
pony	0.25	1.02
license	0.25	1.19
profile	0.25	1.26
collection	0.26	0.88
professionals	0.26	0.98
ball	0.26	0.98
price	0.26	1.02
sheeple	0.26	1.20
california	0.26	0.94
check	0.26	1.22
faggot	0.26	1.56
finding	0.26	1.55
return	0.26	1.18
reference	0.26	1.39
keyboard	0.26	1.06
reading	0.26	1.33
biased	0.26	1.77
tradition	0.26	0.85
properly	0.27	1.73
row	0.27	0.91
mom	0.27	1.01
totally	0.27	2.26
maintain	0.27	1.07
sadly	0.27	1.78
backing	0.27	1.81
maturity	0.27	1.16
papers	0.27	1.01
alive	0.27	1.23
height	0.27	1.11
facial	0.27	1.08
translate	0.27	1.57
imagination	0.27	1.27
heterosexual	0.27	0.96
funded	0.27	1.32
sister	0.27	1.01
expression	0.27	0.95
nsfw	0.27	1.15
trap	0.27	1.07
fantasies	0.27	0.90
beginning	0.27	1.18
president	0.27	0.88
devs	0.28	0.88
nigger	0.28	1.64
checked	0.28	1.49
qualify	0.28	1.25
fields	0.28	1.03
screw	0.28	1.33
scientific	0.28	1.25
relation	0.28	1.21
doors	0.28	1.15
lifestyle	0.28	0.98
engineering	0.28	1.06
2014	0.28	1.28
thread	0.28	1.38
press	0.29	0.94
paragraph	0.29	1.46
fat	0.29	1.16
click	0.29	1.18
legally	0.29	2.08
repost	0.29	1.31
capital	0.29	1.17
access	0.29	1.04
wife	0.29	0.99
experts	0.29	1.11
original	0.29	1.65
data	0.29	1.53
dated	0.29	1.16
reply	0.29	1.54
paint	0.29	1.10
he/she	0.29	1.68
bet	0.29	2.47
levels	0.29	1.23
depth	0.29	1.20
review	0.29	0.96
sold	0.29	1.02
stupidity	0.29	1.11
merit	0.30	1.52
computer	0.30	0.95
boobs	0.30	1.07
house	0.30	1.09
confirmed	0.30	1.24
kept	0.30	1.27
pieces	0.30	0.81
dramatic	0.30	1.87
threads	0.30	1.29
intelligence	0.30	1.18
hell	0.30	2.49
roman	0.31	0.98
gave	0.31	1.69
permission	0.31	1.39
pages	0.31	1.09
credit	0.31	1.01
indian	0.31	1.10
brother	0.31	0.99
scientists	0.31	0.98
equipment	0.31	0.92
route	0.31	1.28
creators	0.31	1.07
ripped	0.31	1.06
instant	0.31	1.13
cheat	0.31	1.17
2012	0.31	1.06
red	0.31	0.93
trigger	0.31	1.11
birth	0.31	1.04
leap	0.31	1.55
reads	0.31	1.56
engineers	0.31	0.97
queue	0.31	1.02
conflict	0.31	1.15
story	0.32	1.36
additionally	0.32	1.14
locked	0.32	1.16
read	0.32	1.13
root	0.32	1.31
sexual	0.32	1.00
losing	0.32	1.15
capacity	0.32	1.27
sir	0.32	1.35
mobile	0.32	1.13
cost	0.32	1.03
nowhere	0.32	1.48
stir	0.32	1.16
kitchen	0.32	1.04
clean	0.32	1.19
balance	0.32	1.12
till	0.32	1.41
articles	0.32	1.04
provide	0.33	1.44
shower	0.33	1.21
precious	0.33	0.70
tool	0.33	0.83
2013	0.33	1.21
mentioning	0.33	1.36
ancient	0.33	0.93
key	0.33	1.62
loose	0.33	1.24
titles	0.33	1.17
abstract	0.33	1.28
policy	0.33	1.15
bold	0.33	1.22
citizen	0.33	1.02
solved	0.34	1.55
allies	0.34	0.85
australian	0.34	1.10
teach	0.34	1.43
discover	0.34	1.47
suggestion	0.34	1.44
gas	0.34	0.95
intervention	0.34	1.08
founded	0.34	1.14
servers	0.34	0.95
scotland	0.34	0.99
prices	0.34	1.00
apart	0.34	1.56
spin	0.35	1.20
ownership	0.35	1.22
download	0.35	1.00
interest	0.35	1.22
casually	0.35	1.24
without	0.35	1.45
city	0.35	0.99
intellectual	0.35	1.21
short	0.35	1.24
2	0.35	0.91
section	0.35	1.22
nicely	0.35	1.38
defined	0.35	1.64
comment	0.35	1.53
routine	0.35	0.99
fits	0.35	1.09
stars	0.35	0.87
developers	0.35	0.87
air	0.35	1.11
ads	0.35	0.94
gameplay	0.36	0.89
girl	0.36	1.16
comedy	0.36	1.15
robot	0.36	1.14
symbol	0.36	0.90
learn	0.36	2.15
bang	0.36	1.39
names	0.36	1.17
management	0.36	1.01
insurance	0.36	1.00
changes	0.36	1.31
christian	0.36	1.00
light	0.36	1.01
numbers	0.36	1.41
honesty	0.36	1.12
screen	0.37	0.98
manly	0.37	1.17
ok	0.37	3.13
knowledge	0.37	1.27
bed	0.37	1.03
gathering	0.37	0.85
average	0.37	1.13
anecdotal	0.37	2.25
tough	0.37	1.93
passion	0.37	0.86
bait	0.37	1.24
taught	0.37	1.37
enter	0.37	1.10
trip	0.37	1.01
project	0.37	0.99
actual	0.38	1.55
input	0.38	1.24
cupcake	0.38	1.15
doctors	0.38	1.15
toys	0.38	0.74
breath	0.38	1.15
shot	0.38	1.08
self-post	0.38	1.29
responded	0.39	1.56
christianity	0.39	1.00
accidentally	0.39	1.42
powers	0.39	1.08
critical	0.39	1.16
finish	0.39	1.30
approved	0.39	0.90
script	0.39	1.11
mine	0.39	1.68
under	0.39	1.59
teaching	0.39	1.19
confidence	0.39	1.05
id	0.39	1.27
nail	0.39	1.18
feeding	0.40	1.15
consoles	0.40	0.96
tools	0.40	1.15
created	0.40	0.99
handling	0.40	1.31
meanwhile	0.40	0.98
button	0.40	1.09
bright	0.40	0.99
dry	0.40	1.30
kills	0.40	1.31
shut	0.41	1.44
references	0.41	1.19
sufficient	0.41	1.62
members	0.41	0.88
strip	0.41	0.97
launch	0.41	0.93
accurately	0.41	1.85
urban	0.42	1.12
programming	0.42	1.28
fetus	0.42	1.19
highest	0.42	1.17
anecdotes	0.42	1.95
boat	0.42	1.21
quo	0.42	1.25
tall	0.42	1.28
color	0.42	0.97
skin	0.42	0.98
draft	0.42	1.02
range	0.42	1.05
product	0.42	0.97
international	0.42	0.93
former	0.42	1.15
services	0.42	1.09
published	0.42	1.00
match	0.43	0.87
alone	0.43	1.28
tags	0.43	1.09
apple	0.43	0.92
planned	0.43	0.91
owe	0.43	1.65
clarify	0.43	2.14
bits	0.43	1.08
offers	0.43	1.18
reviews	0.43	0.94
home	0.43	1.15
article	0.43	1.15
discussions	0.43	1.40
naked	0.43	1.12
laughs	0.43	1.43
corner	0.43	1.01
decades	0.43	1.25
sales	0.43	0.97
upvoted	0.44	1.34
sources	0.44	1.39
continues	0.44	1.38
bill	0.44	1.05
interpreted	0.44	1.79
win	0.44	1.26
extra	0.44	1.01
fitness	0.44	1.02
quote	0.44	1.33
schedule	0.44	1.03
near	0.44	1.15
offered	0.44	1.42
rand	0.45	0.86
selling	0.45	1.07
al	0.45	1.17
teacher	0.45	1.33
afford	0.45	1.13
safety	0.45	1.45
backed	0.45	1.64
commonly	0.45	1.79
length	0.45	1.11
ugh	0.45	1.65
hardware	0.45	0.94
background	0.45	0.99
item	0.45	1.08
shelter	0.46	1.17
role	0.46	0.97
therapist	0.46	1.21
leaves	0.46	1.42
write	0.46	0.92
indie	0.46	0.78
software	0.46	1.02
production	0.46	1.38
weight	0.46	1.05
cold	0.46	1.30
quotes	0.46	1.36
snap	0.46	1.52
sentences	0.46	1.74
guard	0.47	1.17
alcohol	0.47	1.05
colors	0.47	1.01
election	0.47	1.03
eugenics	0.47	1.17
indeed	0.47	2.03
tag	0.47	1.10
expectation	0.47	1.20
abortion	0.47	1.16
laptop	0.47	0.92
thankfully	0.48	1.33
owned	0.48	1.19
network	0.48	0.88
participate	0.48	1.32
owning	0.48	1.19
date	0.48	1.21
era	0.48	0.99
saved	0.48	1.08
england	0.48	0.94
goods	0.49	0.98
doesnt	0.49	1.56
worthwhile	0.49	1.57
fish	0.49	1.00
honor	0.49	0.96
obese	0.49	1.12
sometime	0.49	1.29
observation	0.49	2.09
cheaper	0.49	1.25
period	0.50	1.16
apology	0.50	1.40
few	0.50	1.10
chinese	0.50	1.37
lack	0.50	1.35
chain	0.50	1.22
organized	0.50	0.86
national	0.50	0.86
infinite	0.50	1.02
reach	0.50	1.27
clicked	0.51	1.42
budget	0.51	0.88
territory	0.51	0.96
released	0.51	1.02
steps	0.51	1.46
cards	0.51	0.99
wins	0.51	1.73
continued	0.51	1.41
unlikely	0.51	2.38
available	0.51	1.08
amazed	0.51	2.72
dates	0.51	1.17
medium	0.51	0.66
convincing	0.51	1.47
easiest	0.52	3.13
valuable	0.52	1.47
stole	0.52	1.26
purchase	0.52	1.06
ii	0.52	0.82
written	0.52	0.98
perform	0.52	1.16
mirror	0.53	1.20
rely	0.53	1.40
double	0.53	1.46
analysis	0.53	1.38
heart	0.53	1.02
speaks	0.53	2.01
ready	0.53	1.49
pr	0.53	1.12
2nd	0.53	1.21
tl	0.53	1.07
presumably	0.53	1.42
card	0.53	0.96
criteria	0.53	1.64
seriousness	0.54	1.29
irony	0.54	1.70
amount	0.54	1.15
exercise	0.54	1.03
needed	0.54	2.11
gon	0.54	2.23
hair	0.55	1.06
prefer	0.55	1.08
showing	0.55	1.41
pride	0.55	1.05
british	0.55	1.32
sexualized	0.55	0.96
revenge	0.55	1.17
convinced	0.55	2.42
blue	0.56	0.99
category	0.56	1.39
misunderstood	0.56	2.20
interaction	0.56	1.22
function	0.56	1.05
ticket	0.56	1.08
context	0.56	1.76
uncle	0.56	0.98
friends	0.56	1.08
provided	0.56	1.41
sincerely	0.56	1.36
pack	0.56	1.09
author	0.56	0.96
below	0.57	1.25
saving	0.57	0.80
glass	0.57	1.04
sacrifice	0.57	0.97
wasted	0.57	0.89
faith	0.57	0.97
wet	0.57	1.16
technology	0.57	1.10
mexican	0.57	1.07
currently	0.57	1.21
accomplished	0.57	1.23
rip	0.57	1.29
requires	0.57	1.48
buying	0.58	1.05
nyc	0.58	1.01
presented	0.58	1.68
kiss	0.58	1.08
3rd	0.58	1.01
doctor	0.58	1.24
waiting	0.58	1.37
legal	0.58	1.49
tips	0.58	1.10
happiness	0.58	0.88
main	0.58	1.26
wealthy	0.59	1.15
visit	0.59	1.27
hmm	0.59	2.15
source	0.59	1.30
contest	0.59	1.01
explanation	0.59	1.55
couple	0.59	1.14
apologize	0.59	2.05
harry	0.59	0.88
poe	0.60	1.62
taste	0.60	2.23
thick	0.60	1.20
bullet	0.60	1.18
korean	0.60	1.21
coke	0.60	1.10
response	0.60	1.48
standard	0.60	1.11
belongs	0.60	1.26
street	0.60	1.07
outcome	0.60	1.67
0	0.61	1.35
description	0.61	1.48
bloody	0.61	1.22
models	0.61	1.03
pictures	0.61	1.36
versions	0.61	1.07
sit	0.61	1.31
critics	0.62	0.71
strong	0.62	1.15
adds	0.62	1.12
ol	0.62	1.30
neighbor	0.62	1.12
isnt	0.62	1.63
century	0.62	1.06
store	0.62	0.98
brothers	0.62	0.88
entry	0.62	1.12
speak	0.62	2.02
capable	0.62	1.20
comments	0.62	1.39
writers	0.62	0.81
impressed	0.63	2.61
philosophical	0.63	1.51
divorce	0.63	1.02
interpretation	0.63	1.83
sea	0.63	1.04
june	0.64	1.19
hobbies	0.64	0.96
records	0.64	0.85
generic	0.64	1.16
library	0.64	0.92
sell	0.64	1.00
night	0.65	1.10
posts	0.65	1.37
rush	0.65	1.26
application	0.65	1.21
sum	0.65	1.43
condoms	0.65	1.25
refer	0.65	1.97
sun	0.66	0.81
textbook	0.66	1.55
mistaken	0.66	3.77
comprehension	0.66	1.61
spoken	0.66	1.93
cartoon	0.66	0.83
swear	0.66	1.45
interactions	0.67	1.11
sucked	0.67	2.15
front	0.67	1.27
frontpage	0.67	1.37
meeting	0.67	1.05
duh	0.67	1.43
eh	0.67	2.21
orders	0.67	1.18
tipping	0.67	1.09
authors	0.67	0.75
spot	0.67	1.57
buy	0.67	1.05
land	0.67	1.03
camera	0.67	0.98
hero	0.67	0.71
kanye	0.67	0.66
comfort	0.68	1.00
member	0.68	1.10
1	0.68	1.37
tattoo	0.68	1.26
fuck	0.68	2.03
subscribed	0.68	1.25
enjoys	0.68	2.87
genuine	0.68	1.27
actors	0.68	0.81
xbox	0.68	0.95
damned	0.68	1.58
grocery	0.68	0.97
f	0.68	1.47
congratulations	0.68	1.18
friday	0.68	1.28
won	0.68	1.03
feature	0.69	0.82
sheer	0.69	1.36
unique	0.69	1.31
smart	0.69	1.26
measures	0.69	1.53
wise	0.69	1.27
closed	0.69	1.18
tip	0.69	1.12
add	0.70	1.15
omg	0.70	1.45
jon	0.70	1.17
richard	0.70	1.06
idk	0.70	2.18
checking	0.70	1.40
sex	0.70	1.10
learning	0.71	1.83
steam	0.71	0.90
additional	0.71	1.28
r/all	0.71	1.38
adopt	0.71	1.34
refers	0.71	1.93
marriage	0.71	1.13
magically	0.71	1.48
logical	0.71	1.73
ed	0.71	1.45
girls	0.71	1.42
join	0.71	1.11
miss	0.71	2.00
copy	0.72	1.03
fix	0.72	2.20
amp	0.72	1.51
activity	0.72	1.02
feed	0.72	1.23
low	0.72	1.24
rich	0.72	1.03
vice	0.72	1.19
dota	0.72	0.95
positive	0.72	1.25
married	0.72	1.14
pro	0.72	0.88
conversation	0.72	1.53
heavy	0.72	0.96
wars	0.72	0.77
90s	0.73	0.95
faces	0.73	0.98
mode	0.73	1.00
everybody	0.73	3.10
station	0.73	0.86
irl	0.73	1.60
performance	0.73	1.17
opened	0.73	1.18
sin	0.73	0.87
readers	0.73	0.81
internal	0.73	1.20
bars	0.74	0.87
bag	0.74	1.04
roll	0.74	1.22
hes	0.74	1.44
independent	0.74	1.05
level	0.74	1.25
uses	0.74	2.21
baby	0.74	1.25
youre	0.74	1.80
drinking	0.74	1.17
plans	0.75	1.08
marry	0.75	1.17
bottom	0.75	1.26
overweight	0.75	1.15
marks	0.75	1.67
added	0.75	1.15
create	0.75	1.28
brief	0.75	1.32
japanese	0.75	1.22
phrases	0.75	2.05
writer	0.76	0.84
describe	0.76	2.04
snapshot	0.76	1.58
mechanics	0.76	0.91
b	0.76	1.42
page	0.76	1.33
arts	0.76	1.01
stores	0.76	0.93
family	0.76	1.07
calories	0.76	1.07
contributing	0.76	1.31
minor	0.76	1.66
yellow	0.77	1.02
civil	0.77	1.15
option	0.77	1.64
looked	0.77	1.82
confirm	0.77	1.78
extended	0.77	1.10
james	0.77	1.02
interesting	0.77	2.53
substantial	0.77	1.15
require	0.78	1.50
required	0.78	1.95
trusted	0.78	1.32
version	0.78	1.21
alpha	0.78	1.29
lifetime	0.78	1.20
cousin	0.78	1.09
dunno	0.78	2.32
heroes	0.78	0.74
jack	0.78	1.02
inside	0.79	1.11
coverage	0.79	1.07
responses	0.79	1.46
dreams	0.79	0.91
wikipedia	0.79	1.46
inspired	0.79	0.96
offering	0.79	1.27
pirate	0.79	0.92
sperm	0.79	1.10
comics	0.79	0.78
ensure	0.79	1.59
opening	0.79	1.16
killer	0.80	0.93
visiting	0.80	1.13
e	0.80	1.48
word	0.80	2.32
invite	0.80	1.40
devil	0.80	0.76
exclusive	0.80	1.26
theres	0.80	1.54
ie	0.80	1.50
c	0.80	1.48
award	0.80	1.09
painting	0.80	0.84
childfree	0.80	1.46
produce	0.80	1.02
typing	0.80	1.87
engaging	0.81	1.29
enormous	0.81	1.07
wiki	0.81	1.44
answers	0.81	1.60
products	0.82	0.99
manner	0.82	1.55
media	0.82	0.95
pops	0.82	1.34
firm	0.82	1.14
career	0.82	0.74
bar	0.82	1.00
correctly	0.82	2.24
russian	0.83	1.64
n	0.83	1.49
method	0.83	1.38
daily	0.83	1.05
x	0.83	1.39
paul	0.83	1.20
realm	0.83	1.13
big	0.83	1.08
consensual	0.84	1.08
green	0.84	1.00
pursue	0.84	1.29
na	0.84	2.04
ive	0.84	1.25
compete	0.84	0.93
washington	0.84	0.93
conversations	0.84	1.42
non	0.84	1.12
relations	0.84	1.11
farm	0.85	1.15
gym	0.85	1.07
offer	0.85	1.23
couples	0.85	1.25
writing	0.85	0.91
beats	0.85	0.75
man	0.85	1.55
literature	0.85	0.87
y'know	0.85	1.62
master	0.86	1.06
native	0.86	1.63
novel	0.86	0.80
drink	0.86	1.18
sky	0.86	1.11
reasonably	0.86	1.61
owners	0.86	1.15
games	0.86	1.02
amazon	0.86	0.94
controversy	0.87	1.13
professional	0.87	0.95
sorry	0.87	2.49
used	0.87	2.22
barely	0.87	1.37
owner	0.88	1.18
clever	0.88	1.76
beer	0.88	1.19
bell	0.88	1.02
bottle	0.88	1.07
sentence	0.88	2.14
closer	0.88	1.39
training	0.88	1.39
hopes	0.88	1.27
shop	0.89	0.98
horses	0.89	1.34
shopping	0.89	0.99
italian	0.89	1.64
format	0.89	1.20
consenting	0.89	1.20
peace	0.89	1.11
bought	0.90	1.14
success	0.90	1.04
whats	0.90	1.81
guide	0.90	1.05
iron	0.90	0.95
good	0.90	2.19
compelling	0.90	1.63
diet	0.90	1.10
chicks	0.90	1.44
adopted	0.90	1.36
didnt	0.91	1.96
stays	0.91	1.18
educated	0.91	1.14
flaws	0.91	2.42
cast	0.91	0.83
hits	0.91	1.30
fps	0.92	1.00
powerful	0.92	1.13
fictional	0.92	0.96
amirite	0.92	1.49
insert	0.92	0.87
prominent	0.92	0.83
politely	0.92	1.63
tells	0.92	3.08
wasnt	0.93	1.49
options	0.93	1.45
church	0.93	1.02
whilst	0.93	1.09
nintendo	0.93	1.10
pot	0.93	1.10
halfway	0.93	1.06
keeping	0.93	1.31
advice	0.93	1.56
cant	0.93	1.88
dissonance	0.93	1.77
y	0.93	1.46
produced	0.93	1.02
funniest	0.93	2.37
chicago	0.93	1.16
canadian	0.94	1.67
model	0.94	1.25
gif	0.94	1.62
american	0.94	1.25
amounts	0.94	1.12
pleasure	0.94	0.93
missed	0.94	2.52
catches	0.95	1.24
captain	0.95	0.79
videos	0.95	0.81
meaning	0.95	2.48
host	0.95	1.01
phrasing	0.95	2.36
stone	0.95	0.92
silent	0.95	0.95
ancestors	0.95	1.14
update	0.96	1.21
snow	0.96	1.08
heat	0.96	1.14
park	0.96	1.06
dark	0.96	0.91
open	0.97	1.30
plate	0.97	1.02
drinks	0.97	1.02
romance	0.97	0.77
style	0.97	2.40
restaurants	0.97	1.01
arent	0.97	1.52
final	0.97	0.96
incorrect	0.98	3.75
serving	0.98	1.07
french	0.98	1.78
guaranteed	0.98	1.33
gta	0.98	0.92
origin	0.98	0.92
everyday	0.98	1.06
k	0.98	1.52
alternative	0.99	1.45
gear	0.99	0.76
la	0.99	1.44
mature	0.99	1.37
while	0.99	1.29
mutually	0.99	1.43
plot	1.00	0.88
term	1.00	2.46
listened	1.00	0.99
t	1.00	1.45
universe	1.00	0.95
languages	1.01	1.97
brown	1.01	1.07
soul	1.01	0.99
bond	1.01	0.83
spanish	1.01	1.92
bird	1.01	1.48
citation	1.01	1.61
bugs	1.01	1.44
fit	1.01	1.25
ugly	1.02	1.68
practical	1.02	1.61
technical	1.02	1.36
badass	1.02	1.46
informed	1.02	1.45
magic	1.02	1.12
smash	1.02	0.90
dragon	1.02	1.14
items	1.02	1.00
phrase	1.03	2.52
game	1.03	1.03
strictly	1.03	1.80
forgive	1.03	2.41
future	1.03	1.11
officially	1.03	1.07
alternate	1.03	1.25
chick	1.03	1.33
means	1.03	4.02
outta	1.04	1.76
anime	1.04	0.85
yeah	1.04	2.65
greek	1.04	1.55
r	1.04	1.56
clarification	1.04	1.96
title	1.04	1.64
interview	1.04	1.02
tank	1.05	1.09
babies	1.05	1.43
belong	1.05	1.19
hobby	1.05	0.82
accent	1.05	1.85
high	1.05	1.13
horror	1.06	0.91
parties	1.06	1.14
ultimate	1.06	1.05
cherry	1.06	1.20
nuanced	1.06	1.53
destiny	1.06	1.08
dressing	1.06	1.09
york	1.06	1.15
pls	1.06	1.70
entertaining	1.06	2.31
brand	1.06	1.14
video	1.06	0.78
sp	1.06	2.17
skills	1.07	1.41
leader	1.07	0.94
tits	1.07	1.34
til	1.07	2.08
remains	1.07	1.31
using	1.07	2.33
server	1.07	1.29
king	1.07	0.92
lesson	1.07	1.94
terms	1.07	2.51
planning	1.07	1.27
excited	1.08	2.69
compromise	1.08	1.20
maintaining	1.08	1.20
wut	1.08	1.62
creating	1.08	1.42
insight	1.08	1.53
listen	1.08	1.08
forgot	1.08	2.23
documentary	1.08	0.82
fyi	1.08	1.69
concrete	1.08	1.60
release	1.09	1.04
definition	1.09	2.52
o	1.09	1.56
discussion	1.09	1.53
pokemon	1.09	0.96
definitions	1.09	2.31
day	1.09	1.35
chris	1.10	1.01
grain	1.10	1.08
son	1.10	1.17
asks	1.10	3.12
teams	1.10	0.86
categories	1.10	1.18
yay	1.11	1.87
pic	1.11	1.62
reliable	1.11	1.66
picture	1.11	1.64
expand	1.11	1.43
finds	1.11	3.06
hollywood	1.11	0.77
fiction	1.12	0.78
dialogue	1.12	1.13
nfl	1.12	0.85
legitimate	1.12	1.48
casual	1.12	0.93
pets	1.12	1.53
shall	1.12	1.36
bears	1.12	1.30
soft	1.14	1.25
chunk	1.14	1.09
youtube	1.15	0.81
german	1.15	1.62
words	1.15	2.42
long-term	1.15	1.04
twitch	1.15	0.95
cognitive	1.15	1.64
latest	1.16	1.06
er	1.16	1.74
cow	1.17	1.22
dont	1.17	1.98
solutions	1.17	1.44
um	1.17	2.39
animal	1.17	1.32
news	1.18	1.07
dogs	1.18	1.55
lt	1.18	1.76
foods	1.18	1.11
realistic	1.18	1.26
use	1.18	2.45
record	1.19	1.06
partner	1.19	1.28
team	1.19	0.85
club	1.19	1.16
p	1.19	1.98
listening	1.19	0.92
spoiler	1.20	1.06
spoilers	1.20	1.00
food	1.20	1.10
actor	1.20	0.89
sigh	1.21	2.19
wording	1.21	2.46
nigga	1.21	1.65
restaurant	1.22	1.09
entertainment	1.22	0.82
mark	1.22	1.22
spare	1.23	0.94
present	1.23	1.35
season	1.24	1.01
lil	1.24	1.28
fans	1.24	0.71
competition	1.24	1.07
korea	1.24	0.94
artistic	1.25	1.05
dc	1.25	0.95
souls	1.25	0.90
forbid	1.25	1.37
latin	1.25	2.24
dr	1.25	1.20
hm	1.25	1.95
wine	1.25	1.20
couch	1.25	0.97
minecraft	1.25	1.21
surprisingly	1.26	1.68
hilarious	1.27	2.35
character	1.27	0.87
mix	1.27	1.17
orange	1.27	1.04
heritage	1.27	1.32
expensive	1.28	1.22
stream	1.28	0.91
objective	1.28	1.91
sport	1.28	0.84
gotcha	1.28	2.51
organic	1.28	1.19
prepare	1.29	1.28
books	1.29	0.85
dance	1.29	0.79
effective	1.29	1.24
da	1.29	1.71
coffee	1.29	1.17
caring	1.29	1.25
song	1.30	0.87
de	1.30	1.20
luck	1.30	1.85
sunday	1.30	1.23
uh	1.30	2.49
buddy	1.30	2.29
competitive	1.30	0.88
safe	1.31	1.34
raw	1.31	1.13
cooking	1.32	1.16
remaining	1.32	1.25
fantasy	1.32	0.88
olympics	1.32	0.95
em	1.32	1.97
partners	1.32	1.31
ahh	1.33	2.21
scenes	1.33	0.84
useful	1.34	1.64
dog	1.35	1.53
martin	1.35	1.02
speaker	1.35	2.24
bible	1.35	1.24
theater	1.35	1.24
fallout	1.35	2.81
stayed	1.35	1.31
hey	1.35	2.44
u	1.36	1.82
careful	1.36	1.67
costume	1.36	1.44
ah	1.36	2.48
characters	1.36	0.86
ideal	1.37	1.31
enjoying	1.37	0.96
heaven	1.37	1.25
tree	1.37	1.21
dude	1.37	2.04
play	1.37	1.06
cats	1.37	1.58
ur	1.38	1.80
played	1.38	0.92
wat	1.38	2.09
cared	1.38	2.33
water	1.38	1.19
meal	1.38	1.21
biggest	1.39	2.69
oil	1.39	1.16
stay	1.39	1.49
wan	1.39	1.99
tie	1.39	1.28
communication	1.39	1.38
john	1.40	1.11
nevermind	1.40	2.30
star	1.40	0.90
pet	1.40	1.57
sports	1.40	0.82
romantic	1.41	1.26
box	1.41	1.16
football	1.41	0.98
m8	1.41	1.85
twilight	1.41	1.07
appreciate	1.41	1.80
alright	1.41	2.46
fan	1.41	0.68
queen	1.41	0.89
thats	1.41	2.19
liked	1.42	1.84
approach	1.42	1.46
apologies	1.42	2.38
thanks	1.42	2.44
george	1.42	1.15
fellow	1.42	1.38
named	1.42	1.00
tonight	1.42	1.27
worries	1.43	2.43
dinner	1.43	1.06
popping	1.44	1.25
soccer	1.44	0.98
league	1.44	1.04
cup	1.44	1.08
hi	1.44	2.14
player	1.44	1.07
pair	1.45	1.15
tight	1.45	1.23
wears	1.45	1.14
bud	1.45	2.00
hip	1.45	0.77
netflix	1.46	0.96
baseball	1.46	0.97
hop	1.46	0.81
players	1.46	1.02
chess	1.46	0.91
channel	1.46	0.85
cook	1.46	1.23
st	1.46	0.97
book	1.46	0.87
shorts	1.48	1.19
terminology	1.48	2.60
lmao	1.49	1.92
tears	1.49	1.38
vegan	1.49	1.22
invited	1.49	1.14
basketball	1.49	0.97
ya	1.50	2.21
meat	1.51	1.19
vegetarian	1.51	1.22
fashion	1.51	1.28
suits	1.51	1.19
boner	1.51	1.15
healthy	1.51	1.16
rap	1.52	0.79
weather	1.52	1.24
theme	1.52	0.96
pink	1.52	1.28
praise	1.53	1.04
spirit	1.53	1.37
popped	1.53	1.12
flair	1.53	1.25
owns	1.53	2.93
fun	1.53	1.98
edited	1.53	2.35
srdd	1.53	1.35
fixing	1.54	2.37
lunch	1.54	1.10
lyrics	1.55	0.87
language	1.55	2.71
memories	1.55	1.12
birds	1.56	1.49
cuz	1.56	1.95
serve	1.57	1.18
contrast	1.57	0.98
princess	1.58	1.36
nope	1.58	2.38
winter	1.58	1.21
eating	1.58	1.24
totes	1.58	2.11
r/subredditdramadrama	1.59	1.50
perfectly	1.59	1.75
vacation	1.59	1.26
film	1.59	0.77
suit	1.60	1.31
ftfy	1.60	1.54
material	1.60	1.24
shirt	1.60	1.32
batman	1.60	1.10
sale	1.60	1.10
copypasta	1.60	1.37
scene	1.61	0.87
housing	1.61	1.20
milk	1.61	1.25
spell	1.61	1.97
oops	1.61	2.50
im	1.61	2.01
frozen	1.61	1.07
fruit	1.61	1.11
cheap	1.61	1.21
beauty	1.62	1.23
discourse	1.62	1.57
v	1.62	1.13
yea	1.62	2.26
english	1.63	2.53
bros	1.63	1.39
provides	1.63	1.22
clothing	1.63	1.24
huh	1.63	2.38
lol	1.63	2.09
joy	1.64	1.07
show	1.64	0.93
username	1.64	1.82
mutual	1.64	1.37
acceptable	1.65	2.97
rational	1.65	1.40
joe	1.65	1.21
dressed	1.66	1.41
episodes	1.66	1.00
meaningful	1.67	1.40
flow	1.67	1.24
radio	1.68	0.86
jesus	1.68	1.52
thin	1.68	1.37
appropriate	1.68	1.92
drama	1.68	1.36
lucky	1.69	2.49
mate	1.69	2.25
ai	1.69	1.95
natural	1.69	1.15
album	1.70	0.92
conclude	1.70	3.55
films	1.70	0.75
wtf	1.70	2.35
skill	1.71	1.36
circlejerks	1.71	2.82
comic	1.72	0.89
heh	1.72	2.23
weekend	1.73	1.42
tea	1.73	1.20
design	1.73	1.20
atmosphere	1.73	1.53
episode	1.73	1.04
reminds	1.74	1.79
shirts	1.75	1.25
ooh	1.75	1.59
impressive	1.75	2.55
fuckin	1.76	1.98
eve	1.76	1.13
consistent	1.76	1.62
y'all	1.76	1.87
bro	1.77	2.13
obscure	1.77	0.84
jeans	1.77	1.31
playing	1.78	1.00
ha	1.78	2.28
proud	1.78	2.68
cat	1.78	1.58
enjoyment	1.79	0.88
thank	1.80	2.20
familiar	1.80	2.56
wore	1.81	1.34
clothes	1.81	1.31
whoa	1.81	2.19
bacon	1.81	1.14
clubs	1.82	0.88
stable	1.83	1.23
staying	1.83	1.25
wearing	1.84	1.34
regular	1.84	1.15
movie	1.84	0.82
famous	1.85	0.87
eat	1.85	1.29
shoes	1.85	1.30
band	1.86	0.92
nah	1.86	2.18
fixed	1.87	2.60
jeez	1.88	2.14
winner	1.88	1.08
rice	1.88	1.18
classic	1.88	0.98
yo	1.88	1.90
songs	1.89	0.95
attractive	1.89	1.41
c'mon	1.90	2.16
dress	1.90	1.29
pop	1.91	0.92
remain	1.91	1.40
bands	1.92	0.94
productive	1.92	1.63
supported	1.92	3.35
lord	1.92	1.36
possible	1.92	2.86
confusion	1.93	3.20
valid	1.93	2.86
christ	1.93	1.96
served	1.93	1.21
television	1.94	0.88
bonus	1.95	1.24
ending	1.95	1.05
movies	1.95	0.81
providing	1.96	1.34
watch	1.96	0.89
edit	1.97	2.48
goodness	1.97	1.42
artist	1.98	0.90
finished	1.98	1.06
tv	1.99	0.88
oh	2.00	2.28
rock	2.01	0.94
eaten	2.02	1.30
technically	2.03	3.60
dammit	2.03	1.88
shows	2.04	0.91
dear	2.04	1.60
formal	2.04	1.59
artists	2.05	0.74
pants	2.06	1.38
gymnastics	2.06	2.40
beef	2.06	1.20
art	2.06	1.05
genre	2.07	0.88
none	2.07	2.60
tastes	2.09	1.44
travel	2.09	1.07
metal	2.09	0.87
flavor	2.09	1.42
watched	2.11	0.95
politically	2.11	3.28
ta	2.11	2.04
ate	2.11	1.31
ring	2.11	1.23
plan	2.12	1.03
woah	2.12	1.82
tom	2.13	1.17
gods	2.13	1.31
aww	2.14	2.07
closest	2.15	2.95
telling	2.16	2.42
factual	2.18	3.44
dat	2.18	1.62
wear	2.19	1.36
steak	2.19	1.35
music	2.20	0.92
solution	2.21	3.02
burger	2.21	1.37
appears	2.22	3.17
disney	2.22	0.87
david	2.23	1.20
popular	2.23	0.90
hot	2.23	1.44
summary	2.24	1.51
sugar	2.24	1.18
incorrectly	2.25	3.49
beans	2.27	1.28
honey	2.28	1.77
hahaha	2.29	2.05
makeup	2.31	1.45
hah	2.31	2.02
speaking	2.32	3.57
hello	2.32	1.77
pizza	2.33	1.32
ruined	2.35	1.97
intelligent	2.36	1.52
sauce	2.36	1.36
salt	2.37	1.46
strategy	2.38	1.19
enjoyable	2.40	1.94
relationship	2.40	1.28
reasonable	2.41	1.57
action	2.41	2.75
constructive	2.42	1.64
usage	2.43	3.54
forever	2.44	2.59
aw	2.44	2.02
recipe	2.45	1.26
eggs	2.45	1.26
accurate	2.45	2.96
smile	2.46	1.55
plays	2.47	2.59
necessary	2.48	3.09
dictionary	2.49	3.61
sexy	2.50	1.53
unbiased	2.50	1.58
sandwich	2.50	1.39
watching	2.50	0.87
wow	2.50	2.59
egg	2.51	1.09
pie	2.51	1.08
confident	2.51	2.34
display	2.51	2.27
chicken	2.52	1.30
cheese	2.52	1.38
error	2.52	3.61
mistakes	2.53	3.66
top	2.55	3.24
candy	2.56	1.02
corrected	2.60	3.56
mistake	2.60	3.45
balanced	2.61	1.54
ice	2.62	1.20
introduced	2.63	2.40
looks	2.65	2.47
kidding	2.65	2.45
genius	2.65	2.06
par	2.67	2.12
spelling	2.68	3.63
holy	2.69	2.44
adorable	2.69	2.36
yup	2.70	2.53
luckily	2.70	2.58
proper	2.71	3.51
butter	2.72	1.47
buttery	2.72	1.69
goddamn	2.73	2.40
grammar	2.74	3.66
tasty	2.75	1.63
pasta	2.76	1.23
chocolate	2.77	1.19
corn	2.78	1.35
winning	2.78	2.76
greatest	2.81	2.13
trust	2.83	2.50
summer	2.84	1.39
creative	2.84	1.18
perfect	2.86	1.96
fresh	2.88	1.35
preferred	2.89	2.78
sane	2.90	1.61
nicer	2.91	2.51
freaking	2.92	2.20
yep	2.92	2.39
haha	2.95	2.41
bread	2.96	1.23
hopefully	2.96	2.59
magical	3.01	2.21
popcorn	3.02	1.51
respectful	3.03	1.68
cool	3.06	2.38
gift	3.06	0.93
sensible	3.07	1.59
close	3.10	2.06
welcome	3.22	2.44
crush	3.22	2.27
god	3.24	1.80
promise	3.25	2.37
viable	3.25	2.45
cute	3.26	2.53
compliment	3.35	2.30
long	3.35	2.81
talent	3.38	2.10
together	3.42	2.44
golden	3.42	1.86
new	3.43	2.31
friendship	3.45	2.33
btw	3.51	2.15
chill	3.53	2.26
cream	3.54	1.09
dream	3.55	1.77
normal	3.56	1.90
enjoy	3.57	1.62
fox	3.58	1.94
hat	3.60	2.49
series	3.61	1.86
recommend	3.64	1.78
christmas	3.65	2.47
neutral	3.65	2.20
legit	3.72	1.75
tho	3.73	2.10
helpful	3.74	2.02
wedding	3.75	2.53
polite	3.81	2.25
quiet	3.83	2.09
celebrate	3.83	2.16
favorite	3.84	1.95
relationships	3.84	2.21
holiday	3.86	2.48
incredible	3.87	1.73
warm	3.89	2.28
solid	3.91	1.52
michael	3.91	2.35
great	3.92	1.42
friendly	3.99	2.13
comfortable	4.02	2.37
ladies	4.05	2.25
calm	4.09	2.06
birthday	4.10	2.41
damn	4.11	1.81
lady	4.16	1.83
beautiful	4.29	1.68
pleasant	4.30	2.18
supportive	4.32	1.72
cake	4.45	1.86
fancy	4.50	1.88
classy	4.51	2.15
successful	4.52	1.41
juicy	4.54	1.74
glorious	4.63	1.38
brilliant	4.69	1.36
decent	4.69	1.56
delicious	4.79	1.55
sweet	4.87	1.60
enjoyed	4.93	0.94
neat	5.00	1.19
favourite	5.06	1.23
excellent	5.08	1.16
lovely	5.20	1.63
loving	5.49	1.02
wonderful	5.49	0.81
