miserable	-5.18	0.81
crappy	-4.94	1.64
shitty	-4.93	1.27
interface	-4.64	1.94
bes	-4.50	2.08
meh	-4.40	1.14
fucks	-4.37	1.22
ui	-4.34	1.90
crap	-4.23	1.65
charges	-4.16	2.00
garbage	-4.15	1.61
buggy	-4.10	1.78
unacceptable	-4.09	1.40
metro	-4.05	1.86
killing	-4.04	1.93
stupid	-4.00	1.57
nonsense	-3.93	1.68
killed	-3.92	2.00
military	-3.85	2.18
piece	-3.82	1.64
clunky	-3.82	1.81
ftfy	-3.81	1.66
worse	-3.77	1.93
insecure	-3.73	1.43
nightmare	-3.71	1.81
former	-3.70	1.99
swear	-3.62	1.95
rid	-3.58	2.04
dislike	-3.56	2.00
giant	-3.55	2.03
slow	-3.52	1.97
leaves	-3.49	2.25
ancient	-3.49	1.11
bullshit	-3.47	1.75
poor	-3.46	1.74
moron	-3.43	1.54
despite	-3.43	1.73
weather	-3.41	1.96
accident	-3.40	2.61
suck	-3.40	1.81
containing	-3.40	3.18
complete	-3.38	2.01
pain	-3.35	1.69
met	-3.33	2.06
horribly	-3.32	1.66
wild	-3.32	2.31
unreliable	-3.29	1.74
forever	-3.27	2.22
pile	-3.25	1.18
classic	-3.21	1.83
drops	-3.19	1.90
goddamn	-3.18	1.68
lately	-3.17	2.44
finds	-3.14	2.58
fear	-3.14	2.02
thinks	-3.13	2.27
hack	-3.13	2.42
seen	-3.12	2.33
bot	-3.11	2.99
disaster	-3.09	2.85
conflict	-3.08	2.77
ever	-3.07	2.35
doctors	-3.06	2.37
deal	-3.05	2.03
cares	-3.04	2.51
dealing	-3.03	2.14
infections	-3.01	3.16
knows	-3.00	2.60
happen	-3.00	2.49
encountered	-2.98	2.22
happens	-2.98	2.42
mentions	-2.94	2.41
everywhere	-2.93	1.82
directed	-2.91	2.35
choices	-2.90	1.72
experiences	-2.90	2.01
literally	-2.88	2.17
ugly	-2.88	2.22
horse	-2.86	1.44
face	-2.85	2.22
refuses	-2.83	2.56
outdated	-2.81	1.35
blows	-2.78	1.79
frankly	-2.78	2.17
excuse	-2.78	1.60
pieces	-2.77	1.32
bitch	-2.76	1.77
piss	-2.73	2.42
fault	-2.73	2.58
mentality	-2.69	2.33
kill	-2.68	2.16
bitching	-2.65	2.37
painful	-2.63	2.09
lives	-2.63	0.88
suggests	-2.63	2.33
rage	-2.62	2.07
phrase	-2.60	2.23
wise	-2.60	2.12
reality	-2.59	2.18
ugh	-2.57	1.77
junk	-2.56	1.26
bin	-2.56	0.98
laughed	-2.55	2.24
biggest	-2.54	2.49
existence	-2.53	2.16
mess	-2.52	1.28
world	-2.44	2.58
useless	-2.41	1.80
interfaces	-2.41	1.38
stock	-2.41	0.94
trash	-2.40	1.21
die	-2.40	1.20
style	-2.40	2.22
stuck	-2.38	1.37
waste	-2.38	1.31
dealt	-2.34	1.50
rt	-2.33	1.41
proprietary	-2.32	1.05
navigate	-2.32	1.37
absolute	-2.32	2.51
retarded	-2.31	1.88
tired	-2.30	2.16
lan	-2.28	1.27
vlan	-2.25	1.26
legacy	-2.25	1.17
pita	-2.24	1.40
indian	-2.23	1.10
assholes	-2.23	1.15
incompetent	-2.21	1.11
hurts	-2.20	1.81
ridiculous	-2.19	1.91
complains	-2.19	1.77
dunno	-2.18	2.15
accidentally	-2.18	3.34
api	-2.17	1.55
rf	-2.16	3.57
conditions	-2.12	1.04
idiots	-2.10	1.19
ignorance	-2.08	1.27
destroy	-2.07	1.03
hardest	-2.07	2.23
console	-2.06	1.33
netgear	-2.06	0.96
ass	-2.05	1.47
annoying	-2.05	1.56
burned	-2.04	1.40
destroyed	-2.03	0.88
crashed	-2.03	1.39
cli	-2.01	1.61
sucks	-1.98	2.11
crashes	-1.98	1.14
total	-1.97	1.54
encounter	-1.96	1.79
gets	-1.96	1.68
broken	-1.95	2.94
web	-1.93	1.21
genuinely	-1.92	2.28
has	-1.92	1.89
idiot	-1.92	1.13
headache	-1.90	1.26
unsupported	-1.90	1.18
mistake	-1.90	2.90
said	-1.89	3.34
lazy	-1.89	1.21
incompetence	-1.89	1.22
messed	-1.88	2.91
typed	-1.87	3.66
dumb	-1.87	2.51
west	-1.86	1.07
damned	-1.84	2.39
tries	-1.83	2.02
hassle	-1.82	1.23
cry	-1.82	2.52
fortunately	-1.80	0.88
asshole	-1.80	1.25
config	-1.80	1.23
portal	-1.80	1.22
wants	-1.80	3.15
understands	-1.79	3.13
confusing	-1.79	1.57
everybody	-1.78	1.47
jerk	-1.77	1.24
himself	-1.76	1.69
ilo	-1.76	1.24
shit	-1.76	1.55
complained	-1.75	1.37
attribute	-1.75	1.12
involving	-1.74	1.04
iphones	-1.73	1.24
mdm	-1.73	1.24
ios	-1.73	1.24
due	-1.72	1.10
uncommon	-1.72	2.73
blamed	-1.72	1.35
blaming	-1.72	1.14
sees	-1.71	2.13
asks	-1.71	2.28
byod	-1.70	1.15
fucked	-1.70	2.90
loses	-1.69	1.09
screw	-1.69	1.30
fail	-1.67	1.55
pos	-1.67	1.14
gui	-1.67	1.69
together	-1.67	1.25
already	-1.67	3.37
read-only	-1.66	1.18
throwing	-1.66	1.12
whose	-1.66	0.72
iphone	-1.64	1.22
ignorant	-1.64	1.31
boy	-1.64	2.05
bugs	-1.64	1.26
blackberry	-1.64	1.23
decides	-1.62	2.20
recycle	-1.61	0.99
president	-1.61	1.21
incorrectly	-1.60	3.13
configure	-1.60	1.19
blow	-1.60	1.14
gotten	-1.59	1.66
clueless	-1.59	1.05
rant	-1.58	1.51
blame	-1.57	1.27
comes	-1.57	1.48
north	-1.56	1.14
realizing	-1.55	3.58
obsolete	-1.55	1.21
fuck	-1.55	2.28
menu	-1.54	1.49
activesync	-1.54	1.22
died	-1.53	1.07
unfortunate	-1.53	2.23
acting	-1.53	1.14
breaks	-1.51	1.81
airwatch	-1.51	1.20
grand	-1.51	1.19
dies	-1.51	1.33
talked	-1.51	1.47
something	-1.51	3.66
affecting	-1.50	1.10
hits	-1.50	1.03
remedy	-1.49	1.28
backupexec	-1.48	1.09
individually	-1.48	1.07
design	-1.47	1.32
had	-1.47	1.90
replacing	-1.46	1.20
consumer	-1.46	1.16
replaced	-1.46	1.33
hung	-1.46	1.17
life	-1.46	1.16
else	-1.46	2.24
he	-1.46	2.04
touched	-1.45	1.90
occurs	-1.45	1.60
modern	-1.45	1.26
engine	-1.45	1.17
fucking	-1.44	2.19
covering	-1.44	1.08
everytime	-1.44	1.27
kaspersky	-1.43	1.09
shits	-1.43	1.29
layout	-1.42	1.28
remaining	-1.42	1.09
2.0	-1.42	1.13
complaints	-1.42	1.33
city	-1.42	1.10
replace	-1.41	1.26
charge	-1.41	1.17
says	-1.41	2.09
old	-1.41	1.19
political	-1.41	1.34
fool	-1.41	1.19
occurred	-1.41	1.66
charged	-1.41	1.14
installations	-1.40	1.18
beast	-1.40	1.40
claimed	-1.40	1.44
manufacturers	-1.40	1.11
somebody	-1.40	1.98
brings	-1.39	0.93
killer	-1.39	1.19
dying	-1.39	1.26
pointless	-1.39	1.39
dumped	-1.39	1.03
slot	-1.38	1.21
balls	-1.38	1.65
knew	-1.38	2.06
california	-1.37	1.15
nobody	-1.37	1.79
touching	-1.37	1.41
everyone	-1.37	2.11
insist	-1.36	1.33
surprise	-1.36	1.26
clearly	-1.35	3.88
returned	-1.35	1.26
storm	-1.35	1.39
lack	-1.34	1.18
avoided	-1.34	1.40
america	-1.33	1.31
corporate	-1.33	1.28
laughing	-1.33	2.42
fails	-1.33	1.43
who	-1.33	1.67
gone	-1.32	2.03
random	-1.32	1.30
suffer	-1.32	1.38
recover	-1.32	1.49
shame	-1.32	2.22
constant	-1.32	1.07
shady	-1.31	1.35
ve	-1.31	2.01
death	-1.31	1.44
bill	-1.31	1.15
filled	-1.30	1.21
hardly	-1.30	1.17
never	-1.30	2.19
decisions	-1.29	1.27
twice	-1.29	2.25
greatest	-1.29	3.41
been	-1.29	2.01
talks	-1.28	1.84
scenario	-1.28	3.38
defense	-1.27	1.07
kicked	-1.27	1.11
bad	-1.27	2.48
india	-1.27	1.29
kinds	-1.27	1.39
europe	-1.27	1.31
flying	-1.26	1.24
country	-1.25	1.32
crazy	-1.25	2.14
crash	-1.25	1.44
ive	-1.25	1.57
loop	-1.25	1.08
claims	-1.24	1.27
strategy	-1.24	1.21
hired	-1.24	1.33
abuse	-1.24	1.07
chicago	-1.24	1.16
fee	-1.24	1.18
resets	-1.24	1.28
joined	-1.24	1.07
grade	-1.23	1.17
area	-1.23	1.20
means	-1.23	3.85
happened	-1.23	2.07
dick	-1.23	1.69
lies	-1.23	1.19
goes	-1.23	1.80
kick	-1.22	1.31
kills	-1.22	1.05
burnt	-1.21	1.45
thousands	-1.21	1.50
made	-1.21	1.82
china	-1.21	1.27
american	-1.20	1.27
unavailable	-1.20	1.36
case	-1.20	3.34
vulnerabilities	-1.20	1.25
whenever	-1.20	1.52
corruption	-1.19	1.33
restoring	-1.19	1.53
flat	-1.19	1.05
threw	-1.19	1.16
thrown	-1.19	1.25
contractor	-1.18	1.16
mountain	-1.18	1.16
commonly	-1.18	1.17
anyone	-1.18	2.21
speeds	-1.18	1.33
headaches	-1.17	1.35
hundreds	-1.17	1.55
occur	-1.16	1.82
badly	-1.16	1.90
mouth	-1.16	1.15
south	-1.16	1.18
backdoor	-1.15	1.20
route	-1.15	1.36
past	-1.15	1.87
uk	-1.15	1.34
used	-1.14	1.76
dead	-1.14	1.35
join	-1.14	1.12
when	-1.14	2.11
condition	-1.14	1.34
fired	-1.14	1.68
restore	-1.14	1.52
wrap	-1.14	1.21
blown	-1.14	1.18
tens	-1.14	1.48
scam	-1.14	1.12
employed	-1.14	1.57
caught	-1.13	1.51
manages	-1.13	1.83
someone	-1.13	2.37
exploits	-1.13	1.26
complaining	-1.13	1.85
lacking	-1.12	1.26
government	-1.12	1.11
off-site	-1.12	1.51
leak	-1.12	1.26
colleague	-1.12	1.28
contracting	-1.11	1.12
except	-1.11	1.72
spread	-1.11	1.25
intentionally	-1.11	1.33
backups	-1.11	1.51
restart	-1.11	1.38
result	-1.11	1.28
unless	-1.11	3.60
inherited	-1.11	1.12
recovery	-1.11	1.54
entitled	-1.10	1.23
iron	-1.10	1.20
device	-1.10	1.01
fees	-1.10	1.16
belongs	-1.10	1.46
latency	-1.10	1.32
countries	-1.09	1.32
tree	-1.08	1.73
coworker	-1.08	1.33
speed	-1.08	1.33
mobile	-1.08	1.06
usa	-1.08	1.21
calling	-1.07	1.77
nyc	-1.07	1.16
done	-1.07	2.25
attempt	-1.07	1.26
rarely	-1.07	1.65
lose	-1.07	1.45
east	-1.06	1.18
android	-1.06	1.05
before	-1.06	2.06
paying	-1.06	1.54
numerous	-1.06	1.59
making	-1.05	1.79
initially	-1.05	1.78
havent	-1.05	1.81
relationship	-1.05	1.19
wanted	-1.05	2.20
germany	-1.05	1.22
reputation	-1.05	1.23
vulnerability	-1.04	1.24
anybody	-1.04	1.71
slower	-1.04	1.41
throw	-1.04	1.41
exploit	-1.04	1.25
worthless	-1.04	1.14
loss	-1.04	1.36
liability	-1.04	1.00
corrupted	-1.04	1.64
quitting	-1.04	1.44
walked	-1.03	1.17
bosses	-1.03	1.18
assumptions	-1.02	1.59
employee	-1.02	1.24
charging	-1.02	1.18
dumping	-1.02	1.23
communication	-1.01	1.17
ipads	-1.01	1.03
millions	-1.01	1.50
devices	-1.01	1.02
reboot	-1.01	1.52
noticed	-1.01	1.84
compromised	-1.01	1.26
often	-1.01	1.49
offsite	-1.00	1.49
upgraded	-1.00	1.31
tablets	-1.00	1.02
commute	-1.00	1.27
coworkers	-1.00	1.30
hurt	-0.99	1.87
screwed	-0.99	3.06
mean	-0.99	3.94
joining	-0.99	1.20
viruses	-0.98	1.47
unprofessional	-0.98	1.33
exactly	-0.98	3.99
marketing	-0.98	1.30
employer	-0.98	1.36
tricky	-0.97	1.61
activation	-0.97	1.13
canada	-0.97	1.23
texas	-0.97	1.14
laying	-0.97	1.24
failure	-0.97	1.77
joe	-0.97	1.47
whoever	-0.97	1.61
cryptolocker	-0.96	1.52
scenarios	-0.96	2.08
found	-0.96	1.85
clue	-0.96	2.17
needs	-0.96	1.90
pays	-0.96	1.34
apple	-0.96	1.03
freak	-0.96	1.41
freedom	-0.95	1.12
deals	-0.95	1.20
coast	-0.95	1.23
hospital	-0.95	1.27
relationships	-0.94	1.18
failing	-0.94	1.55
loud	-0.94	1.20
once	-0.94	2.13
physically	-0.94	1.24
bug	-0.94	1.60
asked	-0.94	2.05
backwards	-0.94	1.62
ignore	-0.94	1.40
blew	-0.94	1.25
extent	-0.94	1.05
op	-0.94	3.90
extreme	-0.94	1.17
rude	-0.93	1.34
recovered	-0.93	1.41
located	-0.93	1.24
hacked	-0.93	1.20
kit	-0.92	1.13
unreasonable	-0.92	1.37
facilities	-0.92	1.28
mistakes	-0.92	1.73
vector	-0.92	1.37
driving	-0.92	1.26
quit	-0.92	1.53
laugh	-0.92	2.41
app	-0.92	1.04
break	-0.92	2.10
mechanic	-0.92	1.19
bs	-0.91	1.36
touch	-0.91	2.05
dry	-0.91	1.09
survive	-0.91	1.49
downtime	-0.91	1.42
centers	-0.91	1.26
boss	-0.91	1.68
person	-0.91	1.76
problems	-0.90	1.61
basically	-0.90	2.47
ipad	-0.90	1.01
likes	-0.90	2.87
magic	-0.90	1.53
panic	-0.90	1.35
functionality	-0.90	1.29
fighting	-0.90	1.56
guy	-0.90	1.87
police	-0.90	1.15
vlans	-0.89	1.06
re	-0.89	3.95
many	-0.89	1.61
notified	-0.89	1.60
failures	-0.89	1.49
town	-0.89	1.11
cio	-0.89	1.54
people	-0.89	1.67
redundancy	-0.89	1.53
rebooted	-0.88	1.62
lost	-0.88	1.37
org	-0.88	1.28
tried	-0.88	1.77
ceo	-0.88	1.62
fix	-0.88	2.24
actions	-0.88	1.28
corrupt	-0.88	1.38
save	-0.88	1.47
live	-0.87	1.29
usernames	-0.87	1.31
doctor	-0.87	1.32
transfers	-0.87	1.31
truth	-0.87	1.36
human	-0.87	1.20
curve	-0.87	1.24
since	-0.86	2.24
availability	-0.86	1.42
rip	-0.86	1.33
doubt	-0.86	2.18
decade	-0.86	1.57
cleaned	-0.86	1.43
promise	-0.86	1.52
among	-0.86	1.42
outsourced	-0.86	1.16
dr	-0.86	1.46
complaint	-0.85	1.22
quality	-0.85	1.16
got	-0.85	1.81
head	-0.85	1.23
jesus	-0.85	2.44
restored	-0.85	1.35
sep	-0.85	1.34
nothing	-0.85	2.38
devs	-0.85	1.25
restarted	-0.85	1.73
rm	-0.84	2.06
anything	-0.84	2.61
taken	-0.84	1.76
tolerance	-0.84	1.49
kicking	-0.84	1.67
lived	-0.84	1.07
non-technical	-0.84	1.37
fastest	-0.84	3.41
proud	-0.84	2.35
she	-0.84	1.69
and/or	-0.83	1.26
passes	-0.83	1.43
lawyers	-0.83	1.17
anytime	-0.83	1.65
refused	-0.83	1.69
frustration	-0.83	1.32
saving	-0.83	1.43
co-workers	-0.83	1.26
wasted	-0.83	1.36
worked	-0.82	1.81
professionals	-0.82	1.23
harm	-0.82	1.35
planning	-0.82	1.39
hires	-0.82	1.39
heartbleed	-0.82	1.15
spending	-0.81	1.56
saves	-0.81	1.35
sudo	-0.81	2.12
left	-0.81	1.87
experiencing	-0.81	1.44
parts	-0.81	1.47
catch	-0.81	1.43
potential	-0.81	1.21
samsung	-0.81	0.97
brute	-0.81	1.24
moves	-0.81	1.17
him	-0.81	1.92
shut	-0.81	1.74
managing	-0.80	1.25
punch	-0.80	1.30
paper	-0.80	1.18
bus	-0.80	1.49
cause	-0.80	1.51
screaming	-0.80	1.51
retired	-0.80	0.89
realize	-0.79	2.27
dod	-0.79	1.10
fight	-0.79	1.01
imagine	-0.79	2.18
yet	-0.79	2.37
phones	-0.79	1.06
discovered	-0.79	1.53
crypto	-0.79	1.41
employers	-0.79	1.31
sake	-0.79	1.60
routed	-0.78	1.10
msps	-0.78	1.48
poorly	-0.78	2.01
protocol	-0.78	1.25
leave	-0.78	1.89
consequences	-0.78	1.20
teeth	-0.78	1.24
outside	-0.78	1.32
were	-0.78	2.54
living	-0.78	1.10
shutting	-0.78	1.75
crashing	-0.77	1.45
happening	-0.77	2.55
me	-0.77	2.30
vp	-0.77	1.57
frames	-0.77	1.09
neck	-0.77	1.25
outages	-0.77	1.38
repeatedly	-0.77	1.38
malwarebytes	-0.77	1.39
refuse	-0.77	1.77
replacements	-0.77	1.26
previously	-0.77	1.95
truck	-0.77	1.24
owner	-0.77	1.52
union	-0.77	1.12
supervisor	-0.76	1.55
hackers	-0.76	1.20
toss	-0.76	1.33
lesson	-0.76	1.62
manager	-0.76	1.53
accepted	-0.76	1.14
deleted	-0.76	1.81
sitting	-0.76	1.41
heard	-0.76	1.55
smoke	-0.76	1.26
communicating	-0.76	1.54
empty	-0.75	1.19
saved	-0.75	1.48
explained	-0.75	2.26
called	-0.75	1.92
colleagues	-0.75	1.34
acceptable	-0.75	2.72
wind	-0.75	1.40
dropped	-0.75	1.17
director	-0.75	1.50
characters	-0.75	1.44
nexus	-0.75	0.96
delete	-0.75	1.77
consuming	-0.75	1.52
steal	-0.75	1.28
leading	-0.75	1.28
lay	-0.75	1.33
affects	-0.75	1.34
essentially	-0.75	1.36
chinese	-0.74	1.03
embedded	-0.74	1.10
fire	-0.74	1.38
criminal	-0.74	1.25
acknowledge	-0.74	1.47
ignored	-0.74	1.64
served	-0.74	1.23
macs	-0.74	1.06
frequently	-0.74	1.30
explicitly	-0.74	1.75
come	-0.74	2.27
dangerous	-0.73	1.29
norm	-0.73	1.20
handle	-0.73	2.01
brought	-0.73	1.59
secured	-0.73	1.39
finish	-0.72	1.51
catching	-0.72	1.45
dust	-0.72	1.17
express	-0.72	1.21
australia	-0.72	1.33
off	-0.72	1.74
typing	-0.72	2.06
outage	-0.72	1.47
claiming	-0.72	1.32
assistant	-0.71	1.48
rebooting	-0.71	1.55
unnecessary	-0.71	1.28
quickbooks	-0.71	1.33
pops	-0.71	1.42
ports	-0.71	1.08
wiped	-0.71	1.47
swapping	-0.71	1.22
clearance	-0.71	1.13
fixed	-0.71	1.89
leads	-0.70	1.27
saying	-0.70	4.00
money	-0.70	1.43
his	-0.70	1.58
targeted	-0.70	1.25
around	-0.70	1.66
caused	-0.70	1.42
dollars	-0.70	1.47
disclaimer	-0.70	1.25
subnet	-0.70	1.12
accomplish	-0.70	2.00
avoiding	-0.70	1.29
pulled	-0.69	1.28
places	-0.69	1.85
show	-0.69	1.29
ditch	-0.69	1.47
plenty	-0.69	1.58
costly	-0.69	1.50
sink	-0.69	1.27
circumstances	-0.69	1.70
problem	-0.69	2.27
army	-0.69	1.08
ago	-0.69	1.75
smartphone	-0.69	1.07
by	-0.69	2.22
randomly	-0.69	1.49
implementations	-0.68	1.18
factors	-0.68	1.40
spend	-0.68	1.56
swap	-0.68	1.22
character	-0.68	1.40
whilst	-0.68	1.29
preventing	-0.68	1.65
see	-0.68	2.76
court	-0.68	1.18
ddos	-0.68	1.21
cto	-0.68	1.53
paid	-0.68	1.62
broadcast	-0.68	1.13
repair	-0.68	1.66
theres	-0.68	1.40
networks	-0.68	1.07
knock	-0.68	1.47
albeit	-0.68	1.34
infection	-0.68	1.57
truecrypt	-0.68	1.39
ex	-0.68	0.98
drop	-0.67	1.35
letters	-0.67	1.50
presence	-0.67	1.35
infected	-0.67	1.57
bucks	-0.67	1.39
router	-0.67	1.03
per	-0.67	1.29
hundred	-0.67	1.47
gas	-0.67	1.23
effort	-0.67	1.38
handed	-0.67	1.69
computing	-0.66	1.32
realm	-0.66	1.10
designed	-0.66	2.21
realistically	-0.66	2.34
thousand	-0.66	1.46
ongoing	-0.66	1.09
cases	-0.66	2.05
supposed	-0.66	3.98
subnets	-0.66	1.13
trouble	-0.66	2.21
directors	-0.66	1.37
awhile	-0.65	1.80
stop	-0.65	2.02
bits	-0.65	1.23
detected	-0.65	1.32
drunk	-0.65	1.51
cheapest	-0.65	3.42
switch	-0.65	0.99
travel	-0.65	1.19
exists	-0.65	1.79
routes	-0.65	1.12
situations	-0.65	1.67
bothered	-0.65	2.06
stories	-0.64	1.37
does	-0.64	2.59
root	-0.64	1.88
officially	-0.64	1.17
last	-0.64	1.88
hacker	-0.64	1.14
few	-0.64	1.63
change	-0.64	1.89
hr	-0.64	1.50
eg	-0.64	1.27
suddenly	-0.64	1.69
monkey	-0.64	1.53
hole	-0.63	1.32
operator	-0.63	1.39
vss	-0.63	1.29
dozens	-0.63	1.52
issue	-0.63	1.81
wordpress	-0.63	1.12
programmers	-0.63	1.23
shops	-0.63	1.43
sysadmins	-0.63	1.39
woman	-0.63	1.11
continues	-0.63	1.15
bunch	-0.62	1.50
times	-0.62	1.86
co-worker	-0.62	1.47
encourage	-0.62	1.48
pulls	-0.62	1.20
nowadays	-0.62	1.16
incremental	-0.62	1.26
affect	-0.62	1.76
compromise	-0.62	1.40
outright	-0.62	1.52
stops	-0.62	1.68
contacted	-0.62	1.61
faster	-0.61	1.41
tablet	-0.61	1.02
xerox	-0.61	1.12
nic	-0.61	1.08
discover	-0.61	1.41
medical	-0.61	1.29
thinking	-0.61	3.92
amount	-0.61	1.34
cfo	-0.61	1.52
million	-0.61	1.44
nsa	-0.61	1.23
bite	-0.61	1.69
variant	-0.60	1.36
contained	-0.60	1.41
drag	-0.60	1.42
came	-0.60	1.71
broke	-0.60	2.06
reviews	-0.60	1.38
originally	-0.60	2.26
starts	-0.60	1.68
whom	-0.60	1.11
reached	-0.60	1.47
contacting	-0.60	1.55
virus	-0.60	1.54
six	-0.60	1.64
minor	-0.60	1.36
largest	-0.60	1.38
states	-0.60	1.26
did	-0.59	2.72
bit	-0.59	1.50
friends	-0.59	1.21
dmz	-0.59	1.12
seat	-0.59	1.21
us	-0.59	1.77
bigger	-0.59	1.52
execs	-0.59	1.27
tiny	-0.59	1.36
agency	-0.59	1.18
avoid	-0.59	1.51
meaning	-0.59	1.89
agencies	-0.59	1.19
walking	-0.59	1.64
deleting	-0.59	1.75
shadow	-0.59	1.23
network	-0.58	1.11
remember	-0.58	2.64
backup	-0.58	1.23
doesnt	-0.58	2.19
nuke	-0.58	1.40
being	-0.58	1.97
recently	-0.58	1.58
adult	-0.58	1.20
ssid	-0.58	1.06
pull	-0.58	1.60
patched	-0.58	1.35
damage	-0.58	1.28
plan	-0.58	1.65
outsource	-0.58	1.20
event	-0.57	1.43
restarting	-0.57	1.46
workplace	-0.57	1.25
time	-0.57	1.61
changed	-0.57	1.66
cleaning	-0.57	1.27
hunt	-0.57	1.35
offense	-0.57	2.19
anywhere	-0.57	2.36
hacking	-0.57	1.17
several	-0.57	1.55
pbx	-0.57	1.14
sometimes	-0.57	1.52
corporation	-0.57	1.51
sudden	-0.57	1.41
nics	-0.57	1.07
complicated	-0.56	1.79
floating	-0.56	1.19
bridge	-0.56	1.33
generated	-0.56	1.26
couple	-0.56	1.54
mac	-0.56	1.04
entire	-0.56	1.73
forced	-0.56	1.65
unused	-0.56	1.17
bay	-0.56	1.15
developers	-0.56	1.28
described	-0.56	2.12
stating	-0.56	1.81
over	-0.56	1.93
xyz	-0.55	1.68
three	-0.55	1.61
compatibility	-0.55	1.18
willing	-0.55	2.26
dozen	-0.55	1.54
interviewed	-0.55	1.52
emergency	-0.55	1.33
folks	-0.55	1.51
month	-0.55	1.64
win8	-0.55	1.09
component	-0.55	1.05
politics	-0.55	1.62
routine	-0.55	1.32
plans	-0.55	1.35
entering	-0.55	1.36
billion	-0.55	1.45
supporting	-0.55	1.34
dependent	-0.55	1.26
managers	-0.55	1.41
recreate	-0.55	1.33
tl	-0.54	1.77
unexpected	-0.54	1.37
centre	-0.54	1.27
outsourcing	-0.54	1.27
trend	-0.54	1.35
burden	-0.54	1.38
handful	-0.54	1.54
bridges	-0.54	1.35
illegal	-0.54	1.54
turns	-0.54	1.76
themselves	-0.54	1.94
across	-0.54	1.37
monthly	-0.54	1.15
known	-0.54	1.33
rebuilt	-0.54	1.33
issues	-0.53	1.60
ipv4	-0.53	1.18
contain	-0.53	1.40
mission	-0.53	1.15
mentioned	-0.53	2.22
complain	-0.53	1.77
contractors	-0.53	1.25
earth	-0.53	1.52
nightly	-0.53	1.22
losing	-0.53	1.51
fixes	-0.53	1.47
puts	-0.53	1.27
labeled	-0.53	1.68
introduce	-0.53	1.44
after	-0.53	1.89
miles	-0.53	1.30
seven	-0.53	1.60
stopping	-0.52	1.90
reach	-0.52	1.69
aside	-0.52	1.16
arm	-0.52	1.42
fall	-0.52	1.49
anymore	-0.52	2.59
attempting	-0.52	1.76
contains	-0.52	1.40
hourly	-0.52	1.25
knowing	-0.52	1.92
employees	-0.52	1.32
tldr	-0.52	1.30
paths	-0.52	1.36
oops	-0.52	3.44
backing	-0.52	1.20
holes	-0.52	1.19
recall	-0.51	1.98
cryptowall	-0.51	1.39
roughly	-0.51	1.33
isolate	-0.51	1.51
backed	-0.51	1.27
vulnerable	-0.51	1.25
causing	-0.51	1.38
dollar	-0.51	1.46
lying	-0.51	1.48
department	-0.51	1.41
five	-0.51	1.64
falls	-0.51	1.34
individuals	-0.51	1.16
down	-0.51	1.88
jumping	-0.51	1.60
wifi	-0.51	1.08
told	-0.51	2.03
shooting	-0.51	1.37
tape	-0.50	1.21
ton	-0.50	1.47
four	-0.50	1.59
unrelated	-0.50	1.58
showed	-0.50	1.49
switches	-0.50	0.96
dropping	-0.50	1.36
trunk	-0.50	1.08
ip	-0.50	1.15
gigabit	-0.50	1.12
longer	-0.50	1.59
lots	-0.50	1.53
meant	-0.50	3.65
started	-0.50	1.91
ten	-0.50	1.56
own	-0.50	1.61
somewhere	-0.50	2.49
spent	-0.50	1.69
replacement	-0.50	1.33
asking	-0.50	2.66
electrician	-0.50	1.24
significantly	-0.50	1.41
feelings	-0.50	1.48
beautiful	-0.50	1.70
spare	-0.50	1.26
major	-0.49	1.47
worry	-0.49	2.32
activities	-0.49	1.34
veeam	-0.49	1.20
habit	-0.49	2.02
multiple	-0.49	1.51
collection	-0.49	1.19
802.1x	-0.49	1.03
presented	-0.49	1.31
demands	-0.49	1.17
commands	-0.49	1.29
again	-0.49	2.42
than	-0.49	1.53
joke	-0.49	2.44
migrated	-0.48	1.13
6	-0.48	1.64
dhcp	-0.48	1.13
wasting	-0.48	1.68
sat	-0.48	1.39
routing	-0.48	1.07
single	-0.48	1.80
rsat	-0.48	1.13
debt	-0.48	1.75
stage	-0.48	1.49
unknown	-0.47	1.26
4-5	-0.47	1.57
desired	-0.47	1.27
pointed	-0.47	2.08
pay	-0.47	1.35
awkward	-0.47	1.41
specifically	-0.47	2.77
christ	-0.47	2.44
easiest	-0.47	3.25
her	-0.47	1.53
itself	-0.47	1.65
accomplished	-0.47	2.54
recruiter	-0.47	1.58
departments	-0.47	1.40
weeks	-0.47	1.77
timing	-0.47	1.36
environment	-0.47	1.63
interact	-0.47	1.52
days	-0.47	1.73
year	-0.47	1.73
restores	-0.47	1.30
backs	-0.47	1.20
signs	-0.47	1.41
two	-0.47	1.56
developer	-0.47	1.32
removal	-0.47	1.34
causes	-0.47	1.36
later	-0.46	1.87
finance	-0.46	1.35
took	-0.46	1.76
went	-0.46	1.43
gateway	-0.46	1.07
3-4	-0.46	1.55
dept	-0.46	1.36
author	-0.46	1.87
matter	-0.46	2.59
months	-0.46	1.89
accepting	-0.46	1.50
trip	-0.46	1.25
parties	-0.45	1.28
executive	-0.45	1.37
loaded	-0.45	1.64
laid	-0.45	1.42
delivery	-0.45	1.38
attack	-0.45	1.18
amounts	-0.45	1.30
wondering	-0.45	3.84
spoke	-0.45	1.54
decades	-0.45	1.73
segment	-0.45	1.14
thumb	-0.45	1.37
previous	-0.45	1.42
snapshot	-0.45	1.26
costs	-0.45	1.29
2-3	-0.45	1.57
within	-0.45	1.74
such	-0.45	1.60
consulting	-0.45	1.45
improvement	-0.45	1.21
sue	-0.45	1.26
promoted	-0.45	1.43
connected	-0.45	1.09
expectations	-0.45	1.30
son	-0.45	1.39
1-2	-0.45	1.57
diagnose	-0.44	1.79
blood	-0.44	1.21
routers	-0.44	0.98
construction	-0.44	1.15
entered	-0.44	1.65
other	-0.44	1.55
equipment	-0.44	1.27
detect	-0.44	1.30
indicate	-0.44	1.47
3	-0.44	1.58
presumably	-0.44	1.66
resolved	-0.44	1.66
nuts	-0.44	1.12
converted	-0.44	1.19
smarter	-0.44	1.31
offices	-0.44	1.23
resumes	-0.44	1.37
company	-0.44	1.57
bringing	-0.44	1.59
firms	-0.44	1.39
hell	-0.44	1.95
emailed	-0.44	1.56
middle	-0.43	1.28
resolution	-0.43	1.48
upper	-0.43	1.36
expenses	-0.43	1.25
10-15	-0.43	1.57
exec	-0.43	1.21
various	-0.43	1.53
solve	-0.43	1.95
rate	-0.43	1.21
ft	-0.43	1.43
replicating	-0.43	1.24
zip	-0.43	1.32
burning	-0.43	1.40
billable	-0.43	1.29
feels	-0.43	1.47
back	-0.43	2.07
attacker	-0.43	1.19
separate	-0.43	1.38
breaking	-0.43	2.01
others	-0.43	2.40
cancel	-0.43	1.46
eyes	-0.43	1.24
s3	-0.43	1.10
costing	-0.43	1.46
backend	-0.43	1.00
hour	-0.43	1.59
situation	-0.43	2.35
rebuilding	-0.43	1.31
staff	-0.43	1.40
mins	-0.43	1.66
5	-0.43	1.55
ap	-0.42	1.08
brick	-0.42	1.29
vice	-0.42	1.04
guest	-0.42	1.11
mad	-0.42	1.36
shows	-0.42	1.27
items	-0.42	1.28
apps	-0.42	1.10
half	-0.42	1.64
lawyer	-0.42	1.28
bloody	-0.42	1.67
soul	-0.42	2.48
nat	-0.42	1.14
3-5	-0.42	1.59
seperate	-0.42	1.23
care	-0.42	2.71
cost	-0.42	1.36
basis	-0.42	1.18
realized	-0.42	2.00
stopped	-0.42	1.91
heart	-0.41	1.48
techs	-0.41	1.47
minutes	-0.41	1.71
rogue	-0.41	1.22
zero	-0.41	1.33
occasionally	-0.41	1.37
hang	-0.41	1.48
45	-0.41	1.50
behavior	-0.41	1.61
orders	-0.41	1.18
finger	-0.41	1.81
turn	-0.41	1.68
contents	-0.41	1.28
these	-0.41	1.54
phone	-0.41	1.22
unitrends	-0.41	1.17
firm	-0.41	1.36
teachers	-0.41	1.22
traffic	-0.41	1.16
put	-0.41	1.89
companies	-0.41	1.44
thing	-0.41	2.49
years	-0.41	1.83
involve	-0.41	1.56
stolen	-0.41	1.31
those	-0.41	1.57
foot	-0.40	1.46
rename	-0.40	1.26
enter	-0.40	1.85
describe	-0.40	1.88
executives	-0.40	1.34
workaround	-0.40	1.41
unable	-0.40	1.62
gun	-0.40	1.20
port	-0.40	1.13
ending	-0.40	1.36
reads	-0.40	1.23
older	-0.40	1.06
10,000	-0.40	1.37
admit	-0.40	1.87
senior	-0.40	1.44
batteries	-0.40	1.22
likely	-0.40	2.22
any	-0.40	2.30
colo	-0.40	1.30
breach	-0.40	1.22
arent	-0.40	2.08
hq	-0.40	1.21
lie	-0.40	1.65
datacenters	-0.40	1.23
4	-0.40	1.53
consultants	-0.40	1.38
initial	-0.40	1.45
1.5	-0.40	1.52
tons	-0.40	1.50
exist	-0.39	2.04
atm	-0.39	1.95
arbitrary	-0.39	1.20
finally	-0.39	1.73
10	-0.39	1.52
completed	-0.39	1.33
bgp	-0.39	1.13
seeing	-0.39	2.54
taxes	-0.39	1.23
2	-0.39	1.55
experts	-0.39	1.29
investigation	-0.39	1.27
shell	-0.39	1.23
harder	-0.39	1.43
referring	-0.39	2.96
minute	-0.39	1.66
hop	-0.39	1.26
static	-0.39	1.17
foreign	-0.39	1.23
learned	-0.39	1.71
requested	-0.39	1.54
owned	-0.39	0.96
whatnot	-0.39	1.15
completely	-0.39	1.73
consultant	-0.39	1.38
variety	-0.39	1.50
dump	-0.39	1.20
whole	-0.39	2.00
immediately	-0.38	1.80
line	-0.38	1.24
rebuild	-0.38	1.40
decision	-0.38	1.61
rent	-0.38	1.21
stand	-0.38	1.81
reboots	-0.38	1.30
shortcut	-0.38	1.48
occasional	-0.38	1.24
moved	-0.38	1.16
plugging	-0.38	1.22
walk	-0.38	1.59
international	-0.38	1.27
launch	-0.38	1.40
insert	-0.38	1.38
nowhere	-0.38	1.46
micro	-0.38	1.08
explain	-0.38	2.41
newest	-0.38	1.42
our	-0.38	1.32
corner	-0.38	1.70
ranges	-0.38	1.19
sends	-0.38	1.28
mile	-0.38	1.24
start	-0.38	2.45
av	-0.38	1.11
easier	-0.38	1.42
bluetooth	-0.38	1.11
notice	-0.38	1.85
qos	-0.38	1.12
cell	-0.38	1.24
endpoints	-0.38	1.16
mysql	-0.38	1.12
bang	-0.38	1.61
seconds	-0.38	1.69
failover	-0.38	1.35
cycle	-0.37	1.38
full	-0.37	1.43
recognize	-0.37	1.97
sysadmin	-0.37	1.45
poe	-0.37	1.03
nginx	-0.37	1.16
apache	-0.37	1.13
pure	-0.37	1.42
forcing	-0.37	1.35
every	-0.37	1.82
takes	-0.37	1.77
50k	-0.37	1.30
connectivity	-0.37	1.22
expect	-0.37	2.61
guess	-0.37	3.75
kept	-0.37	1.94
figure	-0.37	2.68
organizations	-0.37	1.45
driven	-0.37	1.35
carry	-0.37	1.39
interviews	-0.37	1.57
falling	-0.37	1.35
hanging	-0.37	1.36
daily	-0.37	1.26
continue	-0.37	1.83
tested	-0.36	1.96
cover	-0.36	1.40
attacks	-0.36	1.18
onsite	-0.36	1.35
locations	-0.36	1.28
dpm	-0.36	1.17
row	-0.36	1.39
min	-0.36	1.58
alias	-0.36	1.94
shipped	-0.36	1.57
words	-0.36	1.92
on-site	-0.36	1.32
fortune	-0.36	1.39
architecture	-0.36	1.52
force	-0.36	1.35
malware	-0.36	1.55
know	-0.36	2.87
placed	-0.36	1.29
48	-0.36	1.16
pop	-0.36	1.32
700	-0.36	1.34
30	-0.36	1.56
inbound	-0.36	1.25
manufacturing	-0.36	1.23
connection	-0.36	1.13
silly	-0.36	1.72
unplug	-0.36	1.35
tapes	-0.36	1.20
webserver	-0.35	1.14
rates	-0.35	1.14
admins	-0.35	1.40
holding	-0.35	1.24
sound	-0.35	1.80
transferred	-0.35	1.18
ethernet	-0.35	1.10
realise	-0.35	2.25
changes	-0.35	1.41
hours	-0.35	1.68
wait	-0.35	1.95
jobs	-0.35	1.51
wipe	-0.35	1.22
serial	-0.35	1.13
hammer	-0.35	1.35
buildings	-0.35	1.19
multi	-0.35	1.24
constantly	-0.35	1.92
accounting	-0.35	1.32
horror	-0.35	1.51
revenue	-0.35	1.30
unemployment	-0.35	1.26
potentially	-0.35	1.46
run	-0.35	1.33
shadowprotect	-0.35	1.18
overhead	-0.35	1.25
ordering	-0.35	1.34
5-10	-0.35	1.56
oil	-0.35	1.50
feet	-0.35	1.39
income	-0.35	1.25
law	-0.35	1.31
therefore	-0.35	1.71
salaried	-0.35	1.39
relate	-0.34	1.44
region	-0.34	1.31
niche	-0.34	1.33
supply	-0.34	1.16
wireless	-0.34	1.10
replicate	-0.34	1.23
pulling	-0.34	1.71
full-time	-0.34	1.38
15	-0.34	1.55
main	-0.34	1.64
figures	-0.34	1.43
transfer	-0.34	1.18
story	-0.34	2.43
team	-0.34	1.43
ran	-0.34	1.44
take	-0.34	2.24
national	-0.34	1.23
burn	-0.34	1.51
contracted	-0.34	1.38
40	-0.33	1.41
bank	-0.33	1.32
dba	-0.33	1.31
sales	-0.33	1.48
anti-virus	-0.33	1.10
english	-0.33	1.46
disconnected	-0.33	1.19
public	-0.33	1.20
tax	-0.33	1.23
parking	-0.33	1.23
redundant	-0.33	1.30
clients	-0.33	1.29
labor	-0.33	1.30
fly	-0.33	1.35
9	-0.33	1.57
prompt	-0.33	1.50
park	-0.33	1.24
cc	-0.33	1.42
crashplan	-0.33	1.16
engineer	-0.33	1.43
fileserver	-0.33	1.23
password	-0.33	1.24
expose	-0.33	1.17
submitted	-0.33	1.29
components	-0.33	1.12
connections	-0.33	1.15
workers	-0.33	1.34
bare	-0.33	1.45
wanting	-0.33	1.92
quarter	-0.33	1.55
gigs	-0.33	1.31
having	-0.33	2.25
tends	-0.33	1.28
500	-0.33	1.36
speak	-0.33	1.80
legal	-0.33	1.22
district	-0.33	1.26
understood	-0.33	2.38
advertising	-0.32	1.30
assumes	-0.32	1.25
bring	-0.32	1.84
businesses	-0.32	1.44
forth	-0.32	1.48
careers	-0.32	1.34
began	-0.32	1.56
150	-0.32	1.37
forces	-0.32	1.68
replication	-0.32	1.26
ubiquiti	-0.32	1.03
noted	-0.32	2.06
20	-0.32	1.48
tb	-0.32	1.26
iops	-0.32	1.18
wire	-0.32	1.14
filling	-0.32	1.42
gig	-0.32	1.53
eliminate	-0.32	1.51
extra	-0.32	1.44
1000	-0.32	1.34
operations	-0.32	1.33
myself	-0.32	2.35
flags	-0.32	1.35
butt	-0.32	1.50
children	-0.32	1.12
rsync	-0.31	1.17
brain	-0.31	1.55
addresses	-0.31	1.18
federal	-0.31	1.20
hands	-0.31	1.34
cord	-0.31	1.44
body	-0.31	1.37
picked	-0.31	1.46
wired	-0.31	1.15
snapshots	-0.31	1.21
400	-0.31	1.35
obtain	-0.31	1.22
erp	-0.31	1.15
profit	-0.31	1.23
defined	-0.31	1.93
firing	-0.31	1.38
infrastructure	-0.31	1.28
75	-0.31	1.32
supplies	-0.31	1.18
weekly	-0.31	1.21
purpose	-0.31	1.98
plugs	-0.31	1.32
state	-0.31	1.24
into	-0.31	2.03
connect	-0.31	1.13
discussed	-0.31	1.78
layer	-0.31	1.11
published	-0.31	1.50
confusion	-0.31	1.86
standing	-0.31	1.47
ipv6	-0.31	1.22
identified	-0.31	1.47
simply	-0.31	2.68
sole	-0.31	1.37
hiring	-0.30	1.47
sits	-0.30	1.37
powers	-0.30	1.24
snap	-0.30	1.75
arguing	-0.30	2.15
arrived	-0.30	1.66
genius	-0.30	1.40
continuity	-0.30	1.32
find	-0.30	2.61
copies	-0.30	1.26
tech	-0.30	1.49
pcs	-0.30	1.24
300	-0.30	1.36
internet	-0.30	1.15
jr	-0.30	1.44
intent	-0.30	1.53
50	-0.30	1.39
somehow	-0.30	2.09
workstations	-0.30	1.22
plug	-0.30	1.25
ask	-0.30	2.33
terminal	-0.30	1.17
meraki	-0.30	0.95
explorer	-0.30	1.41
internal	-0.30	1.28
ones	-0.30	1.82
improved	-0.30	1.21
partially	-0.30	1.63
800	-0.30	1.31
residential	-0.30	1.16
grep	-0.30	1.94
removing	-0.29	1.42
call	-0.29	1.68
glacier	-0.29	1.20
paperwork	-0.29	1.24
hidden	-0.29	1.52
mindset	-0.29	1.42
yesterday	-0.29	1.73
overkill	-0.29	1.46
distributed	-0.29	1.33
replicated	-0.29	1.23
remove	-0.29	1.35
because	-0.29	3.00
attitude	-0.29	1.43
voice	-0.29	1.12
balancer	-0.29	1.22
slave	-0.29	1.23
expense	-0.29	1.34
figuring	-0.29	1.81
developed	-0.29	1.51
ride	-0.29	1.30
adapter	-0.29	1.15
putting	-0.29	2.20
overtime	-0.29	1.45
decided	-0.29	1.67
banks	-0.29	1.31
resolve	-0.29	1.81
impact	-0.29	1.41
without	-0.29	1.89
serve	-0.29	1.33
separately	-0.29	1.66
sys	-0.29	1.42
intern	-0.29	1.49
vipre	-0.29	1.09
chances	-0.29	1.85
wages	-0.29	1.30
employment	-0.29	1.34
leadership	-0.29	1.27
dad	-0.29	1.37
directories	-0.29	1.26
naturally	-0.29	1.34
hit	-0.28	1.75
describing	-0.28	1.94
aps	-0.28	1.09
between	-0.28	1.36
smaller	-0.28	1.42
train	-0.28	1.49
administrators	-0.28	1.32
cube	-0.28	1.36
want	-0.28	2.76
psu	-0.28	1.21
i.t	-0.28	1.34
hearing	-0.28	2.71
capital	-0.28	1.36
desktops	-0.28	1.18
larger	-0.28	1.38
billing	-0.28	1.19
owa	-0.28	1.15
patient	-0.28	1.28
tell	-0.28	2.48
warm	-0.28	1.11
away	-0.28	2.03
200	-0.28	1.35
technician	-0.28	1.47
contract	-0.28	1.27
definition	-0.28	1.76
antivirus	-0.28	1.11
underlying	-0.28	1.49
recruiters	-0.28	1.46
today	-0.28	1.86
letting	-0.28	2.05
profile	-0.28	1.33
until	-0.27	1.94
users	-0.27	1.28
cut	-0.27	1.43
expectation	-0.27	1.37
architect	-0.27	1.39
talk	-0.27	2.03
small	-0.27	1.38
motherboard	-0.27	1.16
60	-0.27	1.45
walls	-0.27	1.19
facility	-0.27	1.22
programmer	-0.27	1.37
let	-0.27	2.53
fell	-0.27	1.36
sign	-0.27	1.49
became	-0.27	1.44
junior	-0.27	1.43
machines	-0.27	1.24
confused	-0.27	3.39
problematic	-0.27	1.65
lady	-0.27	1.63
manage	-0.27	1.21
terminate	-0.27	1.24
cars	-0.27	1.22
threat	-0.27	1.16
disabling	-0.27	1.50
sr	-0.27	1.41
powershell	-0.27	1.24
justify	-0.27	1.99
cabling	-0.26	1.18
engineers	-0.26	1.35
reset	-0.26	1.34
massive	-0.26	1.34
go	-0.26	2.67
supposedly	-0.26	1.15
owners	-0.26	1.27
configuration	-0.26	1.19
behind	-0.26	1.43
ot	-0.26	1.40
while	-0.26	2.37
refer	-0.26	1.57
load	-0.26	1.29
copying	-0.26	1.41
virtually	-0.26	1.18
location	-0.26	1.26
slightly	-0.26	1.54
activated	-0.26	1.32
ease	-0.26	1.14
balancing	-0.26	1.32
exposed	-0.26	1.39
front	-0.26	1.46
iis	-0.26	1.20
dsl	-0.26	1.16
plain	-0.26	1.23
onto	-0.25	1.40
600	-0.25	1.33
battle	-0.25	1.21
12	-0.25	1.48
operating	-0.25	1.18
screwing	-0.25	1.98
workloads	-0.25	1.30
signal	-0.25	1.37
isolated	-0.25	1.24
privilege	-0.25	1.36
spec	-0.25	1.29
king	-0.25	1.18
exceptions	-0.25	1.86
site	-0.25	1.25
radius	-0.25	1.07
applications	-0.25	1.18
rotation	-0.25	1.30
leg	-0.25	1.46
modem	-0.25	1.17
near	-0.25	1.51
repeat	-0.25	1.47
incident	-0.25	1.52
wage	-0.25	1.28
slide	-0.25	1.63
position	-0.25	1.49
trust	-0.25	1.96
peers	-0.25	1.35
cycles	-0.25	1.25
planned	-0.25	1.52
scaling	-0.25	1.24
ca	-0.25	2.63
almost	-0.25	1.63
culture	-0.24	1.60
archive	-0.24	1.27
getting	-0.24	2.76
utilities	-0.24	1.18
positions	-0.24	1.50
calls	-0.24	1.41
resetting	-0.24	1.35
types	-0.24	1.47
3x	-0.24	1.33
road	-0.24	1.41
responsibility	-0.24	1.40
maintenance	-0.24	1.31
120	-0.24	1.37
needed	-0.24	2.41
100	-0.24	1.35
outbound	-0.24	1.27
necessarily	-0.24	2.42
irrelevant	-0.24	1.49
symantec	-0.24	1.06
spares	-0.24	1.28
environments	-0.24	1.43
bored	-0.24	1.84
directly	-0.24	1.53
domain	-0.24	1.19
hardware	-0.24	1.17
70	-0.24	1.39
typically	-0.24	1.79
8	-0.23	1.42
goals	-0.23	1.52
slots	-0.23	1.16
split	-0.23	1.26
pretend	-0.23	1.79
1/2	-0.23	1.33
sql	-0.23	1.13
e.g	-0.23	1.29
accessed	-0.23	1.18
panel	-0.23	1.38
dynamic	-0.23	1.20
connectors	-0.23	1.20
then	-0.23	2.62
savings	-0.23	1.41
prevents	-0.23	1.65
primary	-0.23	1.37
attributes	-0.23	1.28
execute	-0.23	1.31
administrator	-0.23	1.38
persistent	-0.23	1.20
gb	-0.23	1.21
35	-0.23	1.40
them	-0.23	2.52
databases	-0.23	1.08
visit	-0.23	1.39
division	-0.23	1.31
difference	-0.23	1.93
most	-0.23	1.68
firmware	-0.22	1.24
feeling	-0.22	1.97
analyst	-0.22	1.40
essential	-0.22	1.06
engineering	-0.22	1.23
queries	-0.22	1.21
top	-0.22	1.88
cya	-0.22	1.29
end	-0.22	2.25
troubleshoot	-0.22	1.95
admin	-0.22	1.38
facing	-0.22	1.24
summer	-0.22	1.48
managed	-0.22	1.10
obscure	-0.22	1.46
bitlocker	-0.22	1.24
irc	-0.22	1.34
hire	-0.22	1.53
whatever	-0.22	2.57
role	-0.22	1.41
unlock	-0.22	1.27
private	-0.22	1.22
mpls	-0.22	1.18
blocks	-0.22	1.22
guessing	-0.22	3.90
significant	-0.22	1.37
25	-0.22	1.39
move	-0.22	1.76
scans	-0.22	1.17
grown	-0.22	1.04
blocking	-0.22	1.21
regard	-0.22	1.50
saw	-0.21	2.06
scan	-0.21	1.14
ages	-0.21	1.61
cat	-0.21	1.79
family	-0.21	1.18
hunting	-0.21	1.55
some	-0.21	1.82
ldap	-0.21	1.03
t1	-0.21	1.18
cmd	-0.21	1.38
teams	-0.21	1.36
uses	-0.21	0.76
corp	-0.21	1.29
lines	-0.21	1.24
modified	-0.21	1.57
authenticated	-0.21	1.23
ends	-0.21	1.42
retirement	-0.21	1.26
32	-0.21	1.32
transferring	-0.21	1.31
week	-0.21	1.70
independent	-0.21	1.23
lead	-0.21	1.41
hide	-0.21	1.53
facts	-0.21	1.68
mini	-0.21	1.08
treated	-0.21	1.43
job	-0.21	1.77
endpoint	-0.21	1.10
voicemail	-0.21	1.33
need	-0.21	2.79
adapters	-0.21	1.13
performance	-0.21	1.16
development	-0.21	1.27
application	-0.21	1.16
icon	-0.21	1.93
sip	-0.21	1.18
detection	-0.21	1.11
synology	-0.21	1.11
interaction	-0.21	1.38
throughput	-0.21	1.14
tune	-0.20	1.37
24/7	-0.20	1.44
stated	-0.20	2.41
delivered	-0.20	1.32
surface	-0.20	1.03
mail	-0.20	1.25
yourself	-0.20	2.47
paycheck	-0.20	1.35
tables	-0.20	1.21
dial	-0.20	1.24
hilarious	-0.20	1.99
turned	-0.20	1.60
lot	-0.20	1.66
denied	-0.20	1.42
block	-0.20	1.27
rdp	-0.20	1.17
devops	-0.20	1.35
100k	-0.20	1.49
financial	-0.20	1.28
decrypt	-0.20	1.27
why	-0.20	2.95
configs	-0.20	1.21
entries	-0.20	1.32
each	-0.20	1.59
desk	-0.20	1.59
yearly	-0.20	1.27
eol	-0.20	1.48
obviously	-0.20	2.78
bios	-0.20	1.20
sit	-0.20	1.71
payment	-0.20	1.19
kicks	-0.20	1.24
bind	-0.20	1.15
ips	-0.20	1.16
purchasing	-0.20	1.26
circuits	-0.20	1.21
raid6	-0.19	1.27
login	-0.19	1.21
earlier	-0.19	2.24
success	-0.19	1.45
next	-0.19	1.82
fail2ban	-0.19	1.24
combo	-0.19	1.22
idle	-0.19	1.46
marked	-0.19	1.20
healthcare	-0.19	1.30
publish	-0.19	1.25
master	-0.19	1.26
square	-0.19	1.27
intelligence	-0.19	1.23
plugged	-0.19	1.20
closet	-0.19	1.35
laws	-0.19	1.32
upgrading	-0.19	1.32
enforcement	-0.19	1.29
registry	-0.19	1.31
everything	-0.19	2.54
dedicated	-0.19	1.32
5000	-0.19	1.34
speakers	-0.19	1.22
rest	-0.19	1.77
session	-0.19	1.19
term	-0.19	1.72
jack	-0.19	1.27
day	-0.19	1.69
wall	-0.19	1.27
numbers	-0.19	1.40
250	-0.19	1.34
extension	-0.19	1.24
mb	-0.19	1.23
intend	-0.19	1.61
granted	-0.19	1.70
secondary	-0.19	1.30
platforms	-0.19	1.25
technicians	-0.19	1.50
develop	-0.19	1.25
capacity	-0.19	1.18
arp	-0.18	1.19
under	-0.18	1.55
copy	-0.18	1.46
expected	-0.18	2.04
clicking	-0.18	1.95
spam	-0.18	1.23
nor	-0.18	1.62
x86	-0.18	1.23
telecom	-0.18	1.21
prompts	-0.18	1.47
connector	-0.18	1.21
in-house	-0.18	1.21
large	-0.18	1.30
regularly	-0.18	1.23
non-profit	-0.18	1.45
64	-0.18	1.30
sbs	-0.18	1.19
number	-0.18	1.35
nature	-0.18	1.61
addressing	-0.18	1.53
organisation	-0.18	1.65
computers	-0.18	1.24
telco	-0.18	1.19
filesystem	-0.18	1.17
ps	-0.18	1.29
oss	-0.18	1.17
wo	-0.18	2.67
acls	-0.18	1.22
ssh	-0.18	1.28
regret	-0.18	1.74
blind	-0.18	1.53
carrying	-0.18	1.16
assigned	-0.18	1.25
99	-0.17	1.23
ec2	-0.17	1.12
spinning	-0.17	1.20
candidates	-0.17	1.56
existing	-0.17	1.44
reimage	-0.17	1.23
protect	-0.17	1.34
lastly	-0.17	1.39
building	-0.17	1.30
noc	-0.17	1.45
try	-0.17	2.60
client	-0.17	1.15
permission	-0.17	1.46
resulting	-0.17	1.19
elevated	-0.17	1.41
tied	-0.17	1.23
2007	-0.17	1.28
fsmo	-0.17	1.21
locally	-0.17	1.35
default	-0.17	1.35
right	-0.17	3.82
delay	-0.17	1.59
convince	-0.17	1.87
responded	-0.17	2.09
docker	-0.17	1.16
changing	-0.17	1.62
patch	-0.17	1.36
shop	-0.17	1.40
patches	-0.17	1.37
aws	-0.17	1.13
1500	-0.17	1.27
var	-0.17	1.42
updated	-0.17	1.41
patching	-0.17	1.29
contracts	-0.17	1.24
heck	-0.17	1.55
long	-0.17	2.18
16	-0.17	1.37
serving	-0.17	1.17
fabric	-0.17	1.05
auth	-0.16	1.08
duplicate	-0.16	1.45
roles	-0.16	1.27
views	-0.16	1.25
disconnect	-0.16	1.26
newer	-0.16	1.15
scanning	-0.16	1.16
lock	-0.16	1.46
titles	-0.16	1.44
parent	-0.16	1.42
startup	-0.16	1.35
table	-0.16	1.22
magically	-0.16	1.71
citrix	-0.16	1.19
systems	-0.16	1.32
intranet	-0.16	1.23
24	-0.16	1.37
acronis	-0.16	1.18
circuit	-0.16	1.20
hold	-0.16	1.46
including	-0.16	1.43
communicate	-0.16	1.62
tier	-0.16	1.53
wheel	-0.16	1.67
minimize	-0.16	1.29
packet	-0.16	1.21
trace	-0.16	1.51
upgrades	-0.16	1.31
rds	-0.16	1.21
dev	-0.16	1.38
18	-0.16	1.47
rsa	-0.16	1.17
mailbox	-0.16	1.27
ground	-0.16	1.39
2003	-0.16	1.18
where	-0.16	2.72
vnc	-0.16	1.18
address	-0.16	1.22
ended	-0.16	2.04
catalog	-0.16	1.19
believe	-0.16	2.72
ops	-0.16	1.35
dcs	-0.16	1.20
gave	-0.16	1.71
kvm	-0.15	1.11
party	-0.15	1.20
inbox	-0.15	1.34
convert	-0.15	1.24
voip	-0.15	1.15
shortcuts	-0.15	1.56
production	-0.15	1.43
fingers	-0.15	1.47
things	-0.15	2.51
percent	-0.15	1.23
angry	-0.15	1.69
fact	-0.15	2.74
privileges	-0.15	1.47
regular	-0.15	1.27
qnap	-0.15	1.11
warehouse	-0.15	1.29
second	-0.15	1.83
accessing	-0.15	1.19
configurations	-0.15	1.23
their	-0.15	1.43
hitting	-0.15	1.54
implemented	-0.15	1.80
object	-0.15	1.34
escalate	-0.15	1.69
jumped	-0.15	1.21
xp	-0.15	1.38
nas	-0.15	1.18
sanity	-0.15	1.27
farm	-0.15	1.24
execution	-0.15	1.29
clicked	-0.15	2.47
keys	-0.15	1.21
protection	-0.15	1.13
sorts	-0.15	1.43
frustrating	-0.15	1.65
global	-0.15	1.31
parallel	-0.15	1.23
vdi	-0.15	1.24
php	-0.15	1.25
imaged	-0.15	1.21
websites	-0.15	1.20
remotely	-0.15	1.37
compensation	-0.14	1.42
2000	-0.14	1.46
deny	-0.14	1.36
node	-0.14	1.32
safe	-0.14	1.61
golden	-0.14	1.54
3rd	-0.14	1.27
closer	-0.14	1.31
annual	-0.14	1.27
spaces	-0.14	1.27
deduplication	-0.14	1.22
refresh	-0.14	1.46
scope	-0.14	1.23
settings	-0.14	1.32
xenapp	-0.14	1.20
bother	-0.14	2.55
threats	-0.14	1.22
libraries	-0.14	1.19
metadata	-0.14	1.32
encryption	-0.14	1.22
directory	-0.14	1.25
final	-0.14	1.52
administrative	-0.14	1.46
ad	-0.14	1.09
finished	-0.14	1.68
otherwise	-0.14	2.80
passwords	-0.14	1.23
both	-0.14	1.70
largely	-0.14	1.37
carrier	-0.14	1.17
chef	-0.14	1.19
sort	-0.14	2.45
schedule	-0.14	1.29
insurance	-0.14	1.23
pushing	-0.14	1.86
90	-0.13	1.50
machine	-0.13	1.37
outlook	-0.13	1.21
14	-0.13	1.45
rolling	-0.13	1.40
crack	-0.13	1.22
ratio	-0.13	1.19
mcafee	-0.13	1.06
far	-0.13	1.86
variable	-0.13	1.39
healthy	-0.13	1.47
vpn	-0.13	1.12
deployed	-0.13	1.35
how	-0.13	2.80
first	-0.13	2.13
corporations	-0.13	1.23
externally	-0.13	1.25
released	-0.13	1.48
interviewing	-0.13	1.72
intended	-0.13	2.04
january	-0.13	1.82
account	-0.13	1.30
virtualizing	-0.13	1.71
internship	-0.13	1.45
meeting	-0.13	1.49
investment	-0.13	1.38
agreements	-0.13	1.27
item	-0.13	1.35
writes	-0.13	1.21
appdata	-0.13	1.30
communications	-0.13	1.19
business	-0.13	1.76
local	-0.13	1.32
relying	-0.13	1.19
lets	-0.13	1.96
salary	-0.13	1.32
dc	-0.13	1.21
osx	-0.13	1.04
helpdesk	-0.13	1.52
overly	-0.12	1.49
tunnel	-0.12	1.14
grant	-0.12	1.43
majority	-0.12	1.47
filtering	-0.12	1.10
shown	-0.12	1.67
processing	-0.12	1.24
raid5	-0.12	1.26
studio	-0.12	1.19
no	-0.12	2.15
tray	-0.12	1.42
imap	-0.12	1.18
configuring	-0.12	1.26
usable	-0.12	1.23
promote	-0.12	1.21
copper	-0.12	1.16
electrical	-0.12	1.17
cron	-0.12	1.30
accounts	-0.12	1.29
register	-0.12	1.41
fewer	-0.12	1.48
controlled	-0.12	1.35
contacts	-0.12	1.24
credentials	-0.12	1.25
forest	-0.12	1.18
wiping	-0.12	1.25
branch	-0.12	1.27
organization	-0.12	1.59
desktop	-0.12	1.28
click	-0.12	2.00
holiday	-0.12	1.52
authentication	-0.12	1.10
pushed	-0.12	1.37
created	-0.12	1.48
l3	-0.12	1.10
category	-0.12	1.48
scanner	-0.11	1.14
earn	-0.11	1.34
uac	-0.11	1.43
normal	-0.11	1.57
vault	-0.11	1.15
say	-0.11	2.72
updating	-0.11	1.39
absurd	-0.11	1.35
sentence	-0.11	2.07
updates	-0.11	1.32
stores	-0.11	1.28
eventually	-0.11	1.86
mind	-0.11	2.70
wont	-0.11	2.29
dont	-0.11	2.58
could	-0.11	2.76
logins	-0.11	1.26
moving	-0.11	2.16
owncloud	-0.11	1.12
pin	-0.11	1.34
vacation	-0.11	1.46
during	-0.11	1.47
setups	-0.11	1.27
only	-0.11	2.44
vpns	-0.11	1.18
hub	-0.11	1.25
industries	-0.11	1.41
opposed	-0.11	1.43
debugging	-0.11	1.53
jokes	-0.10	1.40
word	-0.10	1.73
end-user	-0.10	1.18
coding	-0.10	1.27
sp1	-0.10	1.22
suggesting	-0.10	2.58
copied	-0.10	1.57
on-call	-0.10	1.53
handing	-0.10	1.48
approved	-0.10	1.47
dns	-0.10	1.35
key	-0.10	1.24
files	-0.10	1.33
postfix	-0.10	1.15
commodity	-0.10	1.14
user	-0.10	1.33
differences	-0.10	1.29
counts	-0.10	1.80
title	-0.10	1.41
executable	-0.10	1.24
raid	-0.10	1.24
comp	-0.10	1.39
floor	-0.10	1.37
outgoing	-0.10	1.26
access	-0.10	1.30
debug	-0.10	1.45
10gb	-0.10	1.12
active	-0.10	1.15
2011	-0.10	1.46
customer	-0.10	1.51
x64	-0.10	1.24
rights	-0.10	1.34
custom	-0.10	1.29
migrate	-0.10	1.28
salt	-0.10	1.18
decide	-0.10	2.01
push	-0.10	1.30
deployments	-0.10	1.29
arrive	-0.09	1.70
offline	-0.09	1.34
ftp	-0.09	1.18
count	-0.09	1.42
sizes	-0.09	1.31
blade	-0.09	1.05
e-mails	-0.09	1.31
customized	-0.09	1.21
meets	-0.09	1.36
2008r2	-0.09	1.21
cash	-0.09	1.45
laptops	-0.09	1.10
controller	-0.09	1.19
trades	-0.09	1.34
hashes	-0.09	1.22
parity	-0.09	1.25
server	-0.09	1.21
framework	-0.09	1.23
passive	-0.09	1.21
temporarily	-0.09	1.52
kerberos	-0.09	1.00
7	-0.09	1.24
win7	-0.09	1.21
windows	-0.09	1.21
competition	-0.09	1.22
continued	-0.09	1.14
fixing	-0.09	1.80
profiles	-0.09	1.31
browsers	-0.09	1.21
bills	-0.09	1.28
pool	-0.09	1.20
17	-0.09	1.42
extensions	-0.09	1.22
successfully	-0.09	1.46
even	-0.09	2.81
malicious	-0.09	1.22
pc	-0.08	1.18
payroll	-0.08	1.23
different	-0.08	1.64
openvpn	-0.08	1.12
template	-0.08	1.26
2013	-0.08	1.37
lamp	-0.08	1.13
workload	-0.08	1.32
20k	-0.08	1.39
40k	-0.08	1.39
credit	-0.08	1.37
registrar	-0.08	1.25
mention	-0.08	2.59
customers	-0.08	1.47
git	-0.08	1.28
pst	-0.08	1.25
slack	-0.08	1.37
least	-0.08	2.23
concept	-0.08	1.75
mouse	-0.08	1.54
introduced	-0.08	1.22
inside	-0.08	1.31
openstack	-0.08	1.17
returns	-0.08	1.40
javascript	-0.08	1.29
comcast	-0.08	1.22
ceiling	-0.08	1.37
younger	-0.08	1.16
entry	-0.08	1.42
gear	-0.08	1.13
board	-0.08	1.19
acquired	-0.08	1.04
1st	-0.08	1.60
remote	-0.08	1.15
8.1	-0.08	1.20
graduated	-0.08	1.41
editor	-0.08	1.39
profession	-0.08	1.52
worth	-0.08	1.97
effects	-0.08	1.35
reaction	-0.08	1.55
la	-0.08	1.50
scheduled	-0.08	1.26
manually	-0.08	1.71
command	-0.08	1.44
educational	-0.08	1.34
stealing	-0.07	1.71
restricted	-0.07	1.39
migrations	-0.07	1.24
disable	-0.07	1.36
controllers	-0.07	1.19
acl	-0.07	1.30
lease	-0.07	1.27
educate	-0.07	1.61
win	-0.07	1.20
powered	-0.07	1.29
blacklisted	-0.07	1.24
productivity	-0.07	1.23
periods	-0.07	1.40
pointing	-0.07	1.63
applies	-0.07	1.51
raw	-0.07	1.17
upgrade	-0.07	1.22
mirror	-0.07	1.28
act	-0.07	1.28
quoted	-0.07	2.22
builds	-0.07	1.26
ts	-0.07	1.24
folder	-0.07	1.35
scanners	-0.07	1.10
mailboxes	-0.07	1.19
webpage	-0.07	1.29
retire	-0.07	1.49
strictly	-0.07	1.34
resolving	-0.07	1.53
sysprep	-0.07	1.35
heartbeat	-0.07	1.40
usually	-0.07	2.19
throughout	-0.07	1.42
encrypted	-0.07	1.27
2008	-0.07	1.24
scale	-0.07	1.28
destination	-0.07	1.35
sweat	-0.07	1.56
clustering	-0.07	1.31
modify	-0.06	1.42
sap	-0.06	1.23
factor	-0.06	1.27
permissions	-0.06	1.34
activate	-0.06	1.24
registration	-0.06	1.19
via	-0.06	1.05
qa	-0.06	1.34
safer	-0.06	1.42
guard	-0.06	1.32
mandatory	-0.06	1.46
3.0	-0.06	1.17
activity	-0.06	1.22
authority	-0.06	1.45
balance	-0.06	1.35
ipsec	-0.06	1.14
health	-0.06	1.25
locks	-0.06	1.36
connecting	-0.06	1.15
doing	-0.06	3.08
oses	-0.06	1.19
fiber	-0.06	1.16
mounting	-0.06	1.31
toner	-0.06	1.16
folders	-0.06	1.34
forget	-0.06	2.66
interviewer	-0.06	2.09
telnet	-0.06	1.21
matters	-0.06	1.79
tasks	-0.06	1.56
ids	-0.06	1.13
roaming	-0.06	1.27
equal	-0.06	1.18
encrypt	-0.06	1.26
member	-0.06	1.30
handled	-0.06	1.51
update	-0.06	1.36
restriction	-0.06	1.49
understand	-0.06	2.79
effect	-0.06	1.73
zone	-0.06	1.31
actively	-0.05	2.27
respect	-0.05	1.48
budgets	-0.05	1.25
virtualized	-0.05	1.28
especially	-0.05	1.74
hosting	-0.05	1.16
<SPECIAL>	-0.05	1.11
<URL>	-0.05	1.11
specialized	-0.05	1.43
ship	-0.05	1.52
approve	-0.05	1.39
mom	-0.05	1.32
website	-0.05	1.34
mileage	-0.05	1.36
sector	-0.05	1.26
wave	-0.05	1.32
rep	-0.05	1.51
opendns	-0.05	1.20
wiring	-0.05	1.17
browser	-0.05	1.27
improvements	-0.05	1.32
curiosity	-0.05	1.35
operation	-0.05	1.32
disagree	-0.05	3.12
seemingly	-0.05	1.47
treat	-0.05	1.46
reliability	-0.05	1.13
store	-0.05	1.36
onboard	-0.05	1.09
os	-0.05	1.12
zones	-0.05	1.29
2010	-0.05	1.18
screws	-0.05	1.25
function	-0.05	1.55
card	-0.05	1.17
blades	-0.05	1.01
mitigate	-0.05	1.36
incoming	-0.05	1.33
special	-0.05	1.55
cards	-0.05	1.17
accept	-0.04	1.65
trigger	-0.04	1.31
raised	-0.04	1.33
determined	-0.04	1.45
cheaper	-0.04	1.38
chassis	-0.04	1.08
desire	-0.04	1.46
conversation	-0.04	1.40
putty	-0.04	1.28
cable	-0.04	1.22
think	-0.04	2.89
insane	-0.04	2.24
verizon	-0.04	1.17
stored	-0.04	1.36
manufacturer	-0.04	1.15
child	-0.04	1.23
cached	-0.04	1.30
db	-0.04	1.20
banned	-0.04	1.35
dedupe	-0.04	1.15
nodes	-0.04	1.28
fax	-0.04	1.27
duties	-0.04	1.49
ads	-0.04	1.26
stayed	-0.04	1.45
becomes	-0.04	1.53
authenticate	-0.04	1.06
sftp	-0.04	1.19
prepared	-0.04	1.98
concurrent	-0.04	1.22
string	-0.04	1.49
warranty	-0.04	1.27
reported	-0.04	1.49
medium	-0.04	1.37
third	-0.04	1.33
clusters	-0.04	1.31
panels	-0.04	1.28
pools	-0.04	1.20
prod	-0.04	1.40
house	-0.03	1.19
kind	-0.03	1.89
19	-0.03	1.42
objects	-0.03	1.29
purchases	-0.03	1.24
scanned	-0.03	1.19
batch	-0.03	1.32
formatted	-0.03	1.22
mixed	-0.03	1.27
schema	-0.03	1.16
generator	-0.03	1.20
issued	-0.03	1.44
import	-0.03	1.31
redirected	-0.03	1.32
sophos	-0.03	1.00
reps	-0.03	1.46
virtualize	-0.03	1.22
translate	-0.03	1.69
logged	-0.03	1.28
sticking	-0.03	1.49
downloaded	-0.03	1.21
nail	-0.03	1.25
database	-0.03	1.21
rare	-0.03	1.65
average	-0.03	1.36
modules	-0.03	1.18
widely	-0.03	1.60
competitors	-0.03	1.29
stability	-0.03	1.17
bash	-0.02	1.34
openssl	-0.02	1.33
names	-0.02	1.40
dual	-0.02	1.22
computer	-0.02	1.31
functional	-0.02	1.24
postings	-0.02	1.51
maintained	-0.02	1.67
worker	-0.02	1.44
mental	-0.02	1.36
failed	-0.02	1.29
2015	-0.02	1.81
specialist	-0.02	1.39
answering	-0.02	1.86
mine	-0.02	1.53
customize	-0.02	1.33
wife	-0.02	1.26
blacklist	-0.02	1.29
records	-0.02	1.39
bandwidth	-0.02	1.16
record	-0.02	1.55
target	-0.02	1.35
belong	-0.02	1.26
tab	-0.02	1.90
power	-0.02	1.19
quarterly	-0.02	1.23
revert	-0.02	1.51
tasked	-0.02	1.48
volunteer	-0.02	1.53
leaving	-0.02	1.89
length	-0.02	1.27
photos	-0.01	1.14
puppet	-0.01	1.21
servers	-0.01	1.19
personnel	-0.01	1.33
politely	-0.01	1.93
perc	-0.01	1.11
html	-0.01	1.30
listen	-0.01	1.54
2014	-0.01	1.68
export	-0.01	1.30
campus	-0.01	1.35
cables	-0.01	1.21
form	-0.01	1.32
creation	-0.01	1.30
disc	-0.01	1.23
electricity	-0.01	1.28
admittedly	-0.01	1.47
amazed	-0.01	2.79
install	-0.01	1.19
alarm	-0.01	1.30
distribute	-0.01	1.31
altogether	-0.01	1.51
apply	-0.01	1.42
experienced	-0.01	1.33
file	-0.01	1.29
converter	-0.01	1.22
migration	-0.01	1.21
identity	-0.01	1.52
portion	-0.01	1.41
22	-0.01	1.31
ie	-0.01	1.27
fake	-0.01	1.21
queue	-0.01	1.35
gap	-0.01	1.12
enabled	-0.01	1.38
jump	-0.01	1.78
teacher	-0.01	1.27
thoroughly	-0.01	1.87
masters	-0.01	1.38
commit	-0.01	1.37
worrying	-0.01	1.75
transport	-0.01	1.27
meet	-0.01	1.52
differently	-0.00	2.00
mounted	-0.00	1.23
query	-0.00	1.49
buttons	-0.00	2.21
isp	-0.00	1.19
running	-0.00	1.43
maybe	-0.00	2.82
asterisk	-0.00	1.16
membership	-0.00	1.33
afraid	-0.00	2.21
passion	-0.00	2.78
maintain	-0.00	1.35
place	-0.00	2.67
maximum	-0.00	1.24
rush	-0.00	1.57
repository	-0.00	1.24
mount	-0.00	1.20
sites	-0.00	1.26
workstation	0.00	1.25
odds	0.00	1.31
create	0.00	1.34
publicly	0.00	1.37
legitimate	0.00	1.31
make	0.00	2.43
tone	0.00	1.31
code	0.00	1.32
apparently	0.00	1.76
day-to-day	0.00	1.55
trusted	0.00	1.53
purchased	0.00	1.17
sized	0.00	1.50
requiring	0.00	1.32
allow	0.00	1.33
coverage	0.00	1.34
respond	0.00	1.89
dfs	0.00	1.28
cas	0.00	1.49
mirroring	0.01	1.26
domains	0.01	1.27
professionally	0.01	1.74
errors	0.01	1.45
early	0.01	1.85
freeze	0.01	1.32
nmap	0.01	1.22
msp	0.01	1.54
r2	0.01	1.21
ansible	0.01	1.21
april	0.01	1.74
visual	0.01	1.23
trying	0.01	2.74
lifetime	0.01	1.19
peak	0.01	1.28
asa	0.01	1.01
space	0.01	1.25
creating	0.01	1.47
rooms	0.01	1.21
5k	0.01	1.38
creates	0.01	1.26
cloudflare	0.01	1.22
bonus	0.01	1.39
ups	0.01	1.21
question	0.01	2.80
smtp	0.01	1.29
maintaining	0.01	1.33
mark	0.01	1.60
analogy	0.01	1.73
vmdk	0.01	1.23
applied	0.01	1.45
much	0.01	1.95
fields	0.01	1.36
com	0.01	1.31
raid10	0.01	1.23
p2v	0.01	1.23
contact	0.02	1.58
land	0.02	1.71
vhd	0.02	1.41
exchange	0.02	1.19
named	0.02	1.58
none	0.02	1.69
ssds	0.02	1.15
groups	0.02	1.34
logon	0.02	1.30
sla	0.02	1.39
ladder	0.02	1.56
attach	0.02	1.23
expansion	0.02	1.25
forwarding	0.02	1.29
tls	0.02	1.30
packs	0.02	1.16
similarly	0.02	1.27
bundle	0.02	1.22
add	0.02	1.48
identify	0.02	1.79
sync	0.02	1.13
namespace	0.02	1.29
latest	0.02	1.29
thus	0.02	1.57
volume	0.02	1.21
bat	0.02	1.30
retention	0.02	1.34
members	0.02	1.34
disabled	0.02	1.43
arguments	0.02	1.47
mgmt	0.02	1.06
plugins	0.02	1.13
boards	0.02	1.21
radio	0.02	1.35
usb	0.02	1.22
exception	0.02	1.61
questions	0.02	2.13
bachelors	0.02	1.37
experience	0.02	1.38
attention	0.02	1.51
caps	0.02	1.30
tells	0.02	2.86
oem	0.02	1.21
vista	0.03	1.19
installed	0.03	1.29
factory	0.03	1.28
neither	0.03	1.20
kms	0.03	1.21
sticks	0.03	1.29
instantly	0.03	1.45
macbook	0.03	1.10
keeps	0.03	1.66
11	0.03	1.45
firewall	0.03	1.10
viewer	0.03	1.24
either	0.03	2.85
migrating	0.03	1.40
desks	0.03	1.40
alot	0.03	1.49
instances	0.03	1.23
rule	0.03	1.36
2012r2	0.03	1.23
locking	0.03	1.60
max	0.03	1.12
program	0.03	1.32
clone	0.03	1.24
locked	0.03	1.43
physical	0.03	1.28
templates	0.03	1.27
safely	0.03	1.70
slowly	0.03	1.80
installs	0.03	1.21
narrow	0.03	1.80
functions	0.03	1.22
scripted	0.03	1.27
probably	0.03	2.77
hypervisor	0.03	1.19
gmail	0.04	1.27
sessions	0.04	1.20
intensive	0.04	1.45
xml	0.04	1.30
wsus	0.04	1.31
usage	0.04	1.19
operational	0.04	1.30
yahoo	0.04	1.29
resume	0.04	1.49
straight	0.04	1.44
hypervisors	0.04	1.21
protected	0.04	1.33
psexec	0.04	1.34
ntfs	0.04	1.27
whether	0.04	2.82
applying	0.04	1.62
namecheap	0.04	1.24
system	0.04	1.39
phase	0.04	1.39
vl	0.04	1.21
clicks	0.04	1.76
removed	0.04	1.63
vendor	0.04	1.32
chat	0.04	1.17
error	0.04	1.45
warning	0.04	1.42
battery	0.04	1.09
turning	0.04	1.69
synced	0.04	1.24
1	0.04	1.64
upload	0.04	1.19
installing	0.04	1.34
bottom	0.04	1.89
pdc	0.04	1.18
java	0.04	1.21
waiting	0.04	1.80
automate	0.04	1.40
mix	0.04	0.98
responsibilities	0.04	1.42
ping	0.04	1.45
array	0.04	1.22
wan	0.04	1.32
salaries	0.04	1.15
forwarded	0.04	1.40
scripts	0.04	1.34
technology	0.04	1.39
scsi	0.04	1.22
provider	0.04	1.18
ring	0.05	1.50
solved	0.05	1.74
social	0.05	1.03
advertise	0.05	1.42
downloads	0.05	1.19
context	0.05	2.17
whitelist	0.05	1.42
2.5	0.05	1.28
capture	0.05	1.26
boxes	0.05	1.14
dropbox	0.05	1.21
instance	0.05	1.31
sell	0.05	1.43
talking	0.05	2.82
robocopy	0.05	1.34
unc	0.05	1.33
newegg	0.05	1.23
keyboards	0.05	1.23
same	0.05	2.73
xenserver	0.05	1.20
page	0.05	1.41
connects	0.05	1.06
external	0.05	1.32
energy	0.05	1.39
allowed	0.05	1.91
sometime	0.05	1.75
agreement	0.05	1.29
passed	0.05	1.69
possibility	0.05	1.55
center	0.05	1.27
sale	0.05	1.28
degrees	0.05	1.37
accessible	0.05	1.27
processors	0.05	1.13
relax	0.05	1.54
war	0.05	1.01
downgrade	0.05	1.21
5.1	0.06	1.19
cold	0.06	1.25
delegate	0.06	1.36
help	0.06	2.50
reducing	0.06	1.28
begin	0.06	1.85
extract	0.06	1.29
proxy	0.06	1.18
url	0.06	1.30
should	0.06	2.79
property	0.06	1.55
reflect	0.06	1.82
ownership	0.06	1.45
blocked	0.06	1.24
targeting	0.06	1.37
drivers	0.06	1.18
merely	0.06	1.55
lookup	0.06	1.43
group	0.06	1.36
affected	0.06	1.37
bag	0.06	1.30
associated	0.06	1.31
elsewhere	0.06	2.16
21	0.06	1.42
talent	0.06	1.29
imaging	0.06	1.25
unusual	0.06	1.31
deploy	0.06	1.26
another	0.06	2.25
adding	0.06	1.87
keyboard	0.06	1.41
stress	0.06	1.51
loopback	0.06	1.36
redirection	0.06	1.34
terms	0.06	1.18
quicker	0.06	1.48
shift	0.06	1.63
internally	0.06	1.36
properties	0.06	2.02
may	0.06	2.72
13	0.06	1.31
vms	0.06	1.22
didnt	0.06	1.41
appliance	0.06	1.09
installation	0.06	1.23
versions	0.06	1.23
fog	0.07	1.27
relay	0.07	1.30
renewal	0.07	1.26
craigslist	0.07	1.49
return	0.07	1.49
roll	0.07	1.42
image	0.07	1.25
wim	0.07	1.24
missed	0.07	3.55
documented	0.07	2.02
perform	0.07	1.41
achieve	0.07	1.62
recent	0.07	1.32
cv	0.07	1.48
edge	0.07	1.16
closed	0.07	1.39
point	0.07	2.71
date	0.07	1.57
give	0.07	2.24
prevent	0.07	1.71
carefully	0.07	1.59
impossible	0.07	1.28
instead	0.07	2.13
written	0.07	1.54
self	0.07	1.36
firefox	0.07	1.25
retain	0.08	1.30
reg	0.08	1.41
reverse	0.08	1.37
language	0.08	1.38
blowing	0.08	1.15
unix	0.08	1.23
feel	0.08	2.30
value	0.08	1.51
fill	0.08	1.47
3tb	0.08	1.23
browse	0.08	1.34
above	0.08	2.40
pro	0.08	1.14
expertise	0.08	1.32
attached	0.08	1.19
buck	0.08	1.48
actually	0.08	2.81
23	0.08	1.42
strip	0.08	1.27
able	0.08	2.56
incorrect	0.08	3.65
gp	0.08	1.36
mapped	0.08	1.29
loads	0.08	1.24
host	0.08	1.23
images	0.08	1.24
automating	0.08	1.52
duty	0.08	1.31
gpo	0.08	1.37
feature	0.08	1.56
handling	0.08	1.51
wmi	0.08	1.32
room	0.08	1.24
vm	0.08	1.24
o365	0.08	1.19
shortly	0.08	1.38
180	0.09	1.41
expert	0.09	1.48
uptime	0.09	1.29
lync	0.09	1.18
frame	0.09	1.36
esxi	0.09	1.21
exe	0.09	1.26
packets	0.09	1.31
27	0.09	1.48
sells	0.09	1.22
keeping	0.09	1.73
installers	0.09	1.21
perl	0.09	1.34
keepass	0.09	1.29
air	0.09	1.08
fqdn	0.09	1.43
i.e	0.09	1.74
level	0.09	1.36
365	0.09	1.19
print	0.09	1.19
lotus	0.09	1.32
socket	0.09	1.26
students	0.09	1.37
less	0.09	1.59
isps	0.09	1.28
hyper-v	0.09	1.23
clustered	0.09	1.29
faith	0.09	1.37
notify	0.09	1.59
size	0.09	1.31
lockout	0.09	1.32
hostname	0.09	1.45
ecc	0.09	1.20
look	0.09	2.61
hyper	0.09	1.24
isnt	0.09	1.72
suspect	0.09	1.96
email	0.09	1.37
seek	0.09	1.46
support	0.09	1.55
enable	0.09	1.30
channel	0.09	1.15
thin	0.09	1.16
confidence	0.09	1.38
efficiency	0.09	1.20
partitions	0.09	1.25
starting	0.09	2.38
hyperv	0.10	1.22
ruby	0.10	1.32
attachments	0.10	1.31
direct	0.10	1.30
1gb	0.10	1.16
plastic	0.10	1.01
clonezilla	0.10	1.24
conversations	0.10	1.29
disk	0.10	1.23
restrict	0.10	1.34
box	0.10	1.18
vmware	0.10	1.22
pressure	0.10	1.32
channels	0.10	1.15
tools	0.10	1.21
whereas	0.10	1.17
define	0.10	1.83
eye	0.10	1.45
documents	0.10	1.31
variables	0.10	1.38
demand	0.10	1.31
age	0.10	1.33
programs	0.10	1.25
complexity	0.10	1.27
esx	0.10	1.22
mode	0.10	1.52
possibly	0.10	2.27
path	0.10	1.55
racks	0.10	1.24
forgetting	0.10	1.87
pxe	0.10	1.24
overnight	0.10	1.50
shares	0.10	1.27
dig	0.10	1.88
15k	0.10	1.24
cutting	0.11	1.27
10k	0.11	1.33
gpos	0.11	1.37
hdmi	0.11	1.17
hook	0.11	1.25
bytes	0.11	1.31
project	0.11	1.46
filter	0.11	1.45
targets	0.11	1.19
printing	0.11	1.16
xen	0.11	1.18
cd	0.11	1.30
pitch	0.11	1.36
nights	0.11	1.67
mdt	0.11	1.25
ghost	0.11	1.16
ssl	0.11	1.37
reasons	0.11	1.96
brother	0.11	1.13
solving	0.11	1.57
recommending	0.11	1.36
registered	0.11	1.26
pace	0.11	1.22
distance	0.11	1.10
username	0.11	1.53
storing	0.11	1.33
weekend	0.11	1.62
interview	0.11	1.78
ultimate	0.11	1.24
wouldnt	0.11	1.80
degree	0.11	1.39
iso	0.12	1.26
removes	0.12	1.29
rise	0.12	1.23
student	0.12	1.42
field	0.12	1.34
bed	0.12	1.43
reader	0.12	1.23
wds	0.12	1.24
alone	0.12	1.85
loading	0.12	1.10
laptop	0.12	1.15
importance	0.12	1.09
automation	0.12	1.29
adfs	0.12	1.17
performed	0.12	1.63
intel	0.12	1.12
reinstall	0.12	1.37
task	0.12	1.32
deployment	0.12	1.29
designing	0.12	1.32
meetings	0.12	1.36
guests	0.12	1.23
opened	0.12	1.59
firewalls	0.12	1.02
virtualization	0.12	1.23
cameras	0.12	1.06
disks	0.12	1.23
layers	0.12	1.38
configured	0.12	1.54
ou	0.12	1.36
anonymous	0.12	1.56
addition	0.12	1.54
io	0.13	1.29
zfs	0.13	1.16
owns	0.13	2.87
areas	0.13	1.42
cabinet	0.13	1.31
opens	0.13	1.37
automatic	0.13	1.32
adobe	0.13	1.23
ultimately	0.13	1.68
evaluate	0.13	1.55
e-mail	0.13	1.39
creative	0.13	1.37
terminated	0.13	1.40
5.5	0.13	1.20
luns	0.13	1.18
specific	0.13	1.57
risk	0.13	1.49
messages	0.13	1.38
generate	0.13	1.29
mba	0.13	1.29
provision	0.13	1.23
hash	0.13	1.21
going	0.13	2.98
violation	0.13	1.46
measure	0.13	1.28
slight	0.13	1.39
sequence	0.13	1.31
providers	0.13	1.28
library	0.13	1.22
dvd	0.13	1.27
expires	0.13	1.47
budget	0.13	1.31
nslookup	0.13	1.41
2x	0.13	1.22
boot	0.13	1.23
label	0.13	1.16
offered	0.14	1.40
python	0.14	1.34
personal	0.14	1.22
redirect	0.14	1.30
sas	0.14	1.20
core	0.14	1.21
smart	0.14	1.48
schools	0.14	1.38
universities	0.14	1.40
retail	0.14	1.20
lun	0.14	1.18
asus	0.14	1.10
compute	0.14	1.20
discussing	0.14	2.24
identical	0.14	1.33
replied	0.14	2.72
cores	0.14	1.30
iscsi	0.14	1.16
primarily	0.14	1.25
taking	0.14	2.12
vague	0.14	1.48
values	0.14	1.35
media	0.14	1.20
school	0.14	1.38
water	0.14	1.24
minimum	0.14	1.50
repo	0.14	1.24
reasoning	0.14	2.07
motivation	0.14	1.45
datastore	0.14	1.22
preferences	0.14	1.31
late	0.14	1.73
unique	0.14	1.37
automatically	0.14	1.74
16gb	0.14	1.17
really	0.14	2.71
printer	0.14	1.17
tuesday	0.15	1.74
approval	0.15	1.35
mx	0.15	1.37
non	0.15	1.21
period	0.15	1.53
tcp	0.15	1.36
big	0.15	1.42
claim	0.15	1.20
skip	0.15	1.60
afterwards	0.15	1.73
receiving	0.15	1.59
performing	0.15	1.43
sp	0.15	1.26
guarantee	0.15	1.84
500gb	0.15	1.17
university	0.15	1.39
i/o	0.15	1.27
range	0.15	1.28
career	0.15	1.45
graphics	0.15	1.07
holds	0.15	1.16
weekends	0.15	1.66
2nd	0.15	1.47
coming	0.15	2.35
attachment	0.15	1.37
pizza	0.15	1.44
stretch	0.15	1.61
street	0.15	1.27
dog	0.15	1.35
languages	0.15	1.36
selling	0.15	1.18
window	0.15	1.47
ram	0.15	1.19
supermicro	0.16	1.03
codes	0.16	1.30
specifics	0.16	2.03
current	0.16	1.78
samba	0.16	1.11
announced	0.16	1.54
scripting	0.16	1.35
associate	0.16	1.50
requires	0.16	1.42
stations	0.16	1.34
seem	0.16	2.25
toward	0.16	1.53
vga	0.16	1.16
false	0.16	2.00
fires	0.16	1.45
writing	0.16	1.50
flash	0.16	1.22
hot	0.16	1.15
logic	0.16	1.58
attempted	0.16	1.41
versus	0.16	1.26
afternoon	0.16	1.72
tweak	0.16	1.25
morning	0.16	1.72
skills	0.16	1.38
allowing	0.16	1.46
regards	0.16	1.36
plugin	0.16	1.19
squid	0.16	1.17
assurance	0.16	1.40
r	0.17	1.76
investigating	0.17	2.10
policy	0.17	1.39
truly	0.17	1.38
header	0.17	1.32
scheme	0.17	1.43
proceed	0.17	1.55
terribly	0.17	1.55
brief	0.17	1.18
still	0.17	2.83
added	0.17	1.98
sick	0.17	1.63
interest	0.17	1.44
nearly	0.17	1.29
name	0.17	1.57
thursday	0.17	1.75
software	0.17	1.23
giving	0.17	1.78
volumes	0.17	1.20
pipe	0.17	1.26
initiative	0.17	1.44
cluster	0.17	1.30
list	0.17	1.54
clarify	0.17	2.33
32gb	0.17	1.19
beat	0.17	1.34
boring	0.17	1.39
receive	0.17	1.42
opportunities	0.17	1.57
display	0.17	1.24
godaddy	0.18	1.35
wording	0.18	1.97
2012	0.18	1.23
surely	0.18	1.42
mapping	0.18	1.38
validate	0.18	1.52
tabs	0.18	1.43
switching	0.18	1.03
linkedin	0.18	1.62
barracuda	0.18	1.08
standalone	0.18	1.25
virtual	0.18	1.24
8gb	0.18	1.19
felt	0.18	1.41
txt	0.18	1.45
archiving	0.18	1.25
skillset	0.18	1.37
view	0.18	1.29
insanely	0.18	1.57
urgent	0.18	1.57
version	0.18	1.25
hand	0.18	1.55
simpler	0.18	1.26
nfs	0.19	1.20
dock	0.19	1.17
pros	0.19	1.17
deploying	0.19	1.31
caching	0.19	1.21
sa	0.19	1.29
vendors	0.19	1.29
mechanical	0.19	1.41
setting	0.19	1.30
math	0.19	1.39
fc	0.19	1.12
4gb	0.19	1.18
processor	0.19	1.20
emailing	0.19	1.65
prices	0.19	1.17
tend	0.19	1.56
round	0.19	1.45
wednesday	0.19	1.76
cal	0.19	1.38
installer	0.19	1.23
select	0.19	2.03
cals	0.19	1.25
sccm	0.19	1.25
baseline	0.19	1.23
survey	0.19	1.49
manual	0.19	1.56
workflow	0.19	1.29
bulk	0.19	1.31
automated	0.19	1.34
built	0.19	1.53
afaik	0.19	1.27
advanced	0.19	1.42
send	0.19	1.50
might	0.19	2.71
station	0.19	1.18
formatting	0.19	1.64
rackspace	0.19	1.19
1tb	0.19	1.20
basement	0.19	1.33
rollout	0.19	1.29
office365	0.19	1.24
4.0	0.20	1.22
msi	0.20	1.24
sorted	0.20	1.52
content	0.20	1.23
ssd	0.20	1.17
men	0.20	1.37
satellite	0.20	1.14
subject	0.20	1.48
incredibly	0.20	1.53
bootable	0.20	1.25
dd	0.20	1.39
freenas	0.20	1.16
prior	0.20	1.50
quad	0.20	1.18
car	0.20	1.34
wrote	0.20	1.74
science	0.20	1.36
appliances	0.20	1.04
etc	0.20	1.17
competitor	0.21	1.15
shoot	0.21	1.71
christmas	0.21	1.53
categories	0.21	1.36
negative	0.21	1.80
driver	0.21	1.15
pfsense	0.21	1.02
attempts	0.21	1.21
door	0.21	1.44
office	0.21	1.27
proven	0.21	1.55
programming	0.21	1.42
skill	0.21	1.29
vmotion	0.21	1.29
cs	0.21	1.36
printers	0.21	1.14
toys	0.21	1.51
csv	0.21	1.29
generation	0.21	1.34
lowest	0.21	1.51
enforce	0.21	1.41
stack	0.21	1.25
properly	0.21	2.47
monitors	0.21	1.23
ms	0.21	1.41
data	0.21	1.34
pack	0.21	1.24
kids	0.21	1.19
hero	0.22	1.34
continuing	0.22	1.53
answered	0.22	2.34
apc	0.22	1.14
3.5	0.22	1.21
art	0.22	1.17
demanding	0.22	1.26
latter	0.22	1.09
kace	0.22	1.13
protocols	0.22	1.15
risky	0.22	1.38
chrome	0.22	1.35
sms	0.22	1.32
produce	0.22	1.28
simultaneously	0.22	1.32
ideally	0.22	1.37
downloading	0.22	1.20
text	0.22	1.31
huge	0.22	1.44
solves	0.22	1.62
present	0.22	1.55
digital	0.22	1.12
held	0.22	1.13
termination	0.22	1.37
services	0.22	1.21
ninite	0.23	1.20
fwiw	0.23	1.59
compression	0.23	1.20
through	0.23	1.62
demonstrate	0.23	1.43
parse	0.23	1.28
hooked	0.23	1.22
levels	0.23	1.26
kid	0.23	1.32
format	0.23	1.38
stay	0.23	1.88
button	0.23	2.12
ii	0.23	1.27
hosts	0.23	1.29
periodically	0.23	1.35
finding	0.23	1.93
premise	0.23	1.31
raises	0.23	1.43
troll	0.23	1.44
greater	0.23	1.30
docking	0.23	1.14
80	0.23	1.43
administration	0.23	1.34
bob	0.23	1.72
1u	0.23	1.09
involves	0.23	1.41
arrays	0.23	1.18
i7	0.24	1.13
home	0.24	1.53
long-term	0.24	1.34
guaranteed	0.24	1.46
agent	0.24	1.19
xeon	0.24	1.18
generates	0.24	1.18
azure	0.24	1.20
assume	0.24	3.12
assumed	0.24	2.73
answer	0.24	2.54
packages	0.24	1.22
keep	0.24	1.96
tcp/ip	0.24	1.34
labels	0.24	1.22
displays	0.24	1.24
raise	0.24	1.41
cleared	0.24	1.50
rack	0.24	1.20
statements	0.24	1.80
education	0.24	1.37
bypass	0.24	1.28
wonder	0.24	1.94
timeout	0.24	1.52
universal	0.24	1.10
friday	0.24	1.74
management	0.24	1.21
lastpass	0.24	1.29
example	0.24	2.28
upstream	0.25	1.17
package	0.25	1.23
filters	0.25	1.36
mid	0.25	1.25
sunday	0.25	1.74
ous	0.25	1.34
upset	0.25	1.98
kernel	0.25	1.14
log	0.25	1.29
inch	0.25	1.24
prepare	0.25	1.78
hotel	0.25	1.25
mass	0.25	1.38
pdf	0.25	1.35
control	0.25	1.29
expiration	0.25	1.34
ridiculously	0.25	1.44
chair	0.25	1.46
binary	0.25	1.20
jira	0.25	1.13
learn	0.25	1.53
vsphere	0.25	1.27
work	0.25	2.68
id	0.25	1.34
individual	0.25	1.50
personality	0.25	1.46
forgotten	0.25	1.81
friend	0.26	1.49
scratch	0.26	1.51
0	0.26	1.66
shutdown	0.26	1.44
set	0.26	1.40
virtualbox	0.26	1.21
evening	0.26	1.73
gives	0.26	1.16
enterprise	0.26	1.15
promotion	0.26	1.51
alternate	0.26	1.52
notification	0.26	1.43
heavy	0.26	1.17
chain	0.26	1.46
vcenter	0.26	1.27
ways	0.26	2.04
ourselves	0.26	1.63
mailing	0.26	1.44
licenses	0.26	1.24
apart	0.26	1.17
2gb	0.26	1.19
centrally	0.26	1.37
peer	0.26	1.28
increase	0.26	1.17
sets	0.27	1.40
authorized	0.27	1.42
college	0.27	1.40
buy	0.27	1.21
auto	0.27	1.53
sources	0.27	1.34
enforced	0.27	1.43
ed	0.27	1.37
partition	0.27	1.23
linked	0.27	1.81
statement	0.27	2.31
hybrid	0.27	1.32
licensing	0.27	1.25
am	0.27	2.72
lt	0.27	1.67
x	0.27	1.69
complex	0.27	1.64
resources	0.27	1.36
purchase	0.27	1.21
reason	0.27	2.57
specs	0.27	1.19
base	0.27	1.23
sharepoint	0.27	1.19
stuff	0.27	2.45
projects	0.27	1.42
ready	0.27	2.11
icmp	0.27	1.35
regional	0.27	1.42
containers	0.27	1.19
pictures	0.28	1.13
conclusion	0.28	1.78
evidence	0.28	1.59
sold	0.28	1.13
rewrite	0.28	1.37
4tb	0.28	1.24
sso	0.28	1.02
doors	0.28	1.47
yours	0.28	1.79
networking	0.28	1.33
scared	0.28	2.01
license	0.28	1.23
adds	0.28	1.19
compile	0.28	1.28
extremely	0.28	1.55
i5	0.28	1.13
token	0.28	1.09
press	0.28	1.79
way	0.28	2.66
toolkit	0.28	1.19
shocked	0.28	2.00
sender	0.28	1.35
funding	0.28	1.23
advocate	0.28	1.35
prove	0.28	1.76
finishing	0.28	1.64
github	0.29	1.36
agents	0.29	1.15
graduate	0.29	1.41
request	0.29	1.51
wake	0.29	1.61
cant	0.29	2.26
surprised	0.29	2.63
rather	0.29	1.87
teach	0.29	1.52
wd	0.29	1.14
women	0.29	1.31
udp	0.29	1.34
sleep	0.29	1.66
conferences	0.29	1.32
knowledge	0.29	1.35
wireshark	0.29	1.47
integrity	0.29	1.28
plant	0.29	1.21
more	0.29	1.71
sooner	0.29	1.80
operate	0.29	1.40
on-premise	0.29	1.25
testing	0.29	1.43
raid1	0.29	1.28
flag	0.30	1.38
ignoring	0.30	1.83
closing	0.30	1.55
remains	0.30	1.50
along	0.30	1.80
net	0.30	1.39
index	0.30	1.36
generating	0.30	1.25
beginning	0.30	1.67
type	0.30	1.86
omg	0.30	1.74
also	0.30	2.72
lunch	0.30	1.61
enabling	0.30	1.39
message	0.30	1.52
gym	0.30	1.45
effectively	0.30	1.55
argue	0.30	2.29
humans	0.30	1.45
metal	0.30	1.13
ordered	0.30	1.27
sd	0.30	1.17
l	0.30	1.80
assumption	0.30	3.58
wtf	0.31	1.94
against	0.31	1.30
storage	0.31	1.17
monday	0.31	1.75
bump	0.31	1.43
applicable	0.31	1.38
hdd	0.31	1.24
scheduling	0.31	1.03
yum	0.31	1.26
developing	0.31	1.48
sent	0.31	1.56
original	0.31	2.48
events	0.31	1.29
cpu	0.31	1.19
cleanup	0.31	1.27
traditional	0.32	1.13
saturday	0.32	1.75
weak	0.32	1.30
explaining	0.32	2.03
cisco	0.32	1.00
night	0.32	1.72
thick	0.32	1.20
sata	0.32	1.24
assign	0.32	1.33
cloud	0.32	1.27
central	0.32	1.23
d	0.32	2.69
which	0.32	2.57
honestly	0.32	2.72
amazon	0.32	1.12
ticket	0.32	1.46
competing	0.32	1.19
interests	0.32	1.44
browsing	0.32	1.42
troubleshooting	0.32	1.51
buying	0.33	1.03
viewing	0.33	1.05
ahead	0.33	2.23
built-in	0.33	1.13
shifts	0.33	1.65
feed	0.33	1.23
received	0.33	1.71
exclusively	0.33	0.95
ability	0.33	1.39
conference	0.33	1.31
temperature	0.33	1.12
wires	0.33	1.23
basics	0.33	1.63
exposure	0.33	1.39
becoming	0.33	1.55
technologies	0.34	1.43
2tb	0.34	1.25
juniper	0.34	1.01
structure	0.34	1.24
defaults	0.34	1.43
datacenter	0.34	1.24
hipaa	0.34	1.35
fork	0.34	1.36
challenge	0.34	1.34
too	0.34	2.10
f	0.34	1.78
difficulty	0.34	1.52
build	0.34	1.37
ac	0.34	1.12
audited	0.34	1.53
growing	0.34	1.19
shelf	0.34	1.34
taught	0.35	1.44
blank	0.35	1.31
grasp	0.35	1.61
nt	0.35	1.35
processes	0.35	1.44
increasing	0.35	1.19
licensed	0.35	1.22
chunk	0.35	1.20
covered	0.35	1.40
rely	0.35	1.26
addressed	0.35	1.64
priorities	0.35	1.31
4k	0.35	1.24
hdds	0.35	1.22
hosted	0.35	1.32
drives	0.35	1.25
pdq	0.35	1.22
emails	0.35	1.48
theoretically	0.35	1.63
spin	0.35	1.26
remind	0.35	1.82
san	0.35	1.15
anyway	0.35	2.82
booting	0.35	1.23
booted	0.36	1.29
sans	0.36	1.13
speaking	0.36	1.83
market	0.36	1.26
provisioning	0.36	1.22
iptables	0.36	1.49
aggressive	0.36	1.43
notepad	0.36	1.48
emc	0.36	1.10
sending	0.36	1.65
output	0.36	1.39
bought	0.36	0.95
luckily	0.36	1.22
geek	0.36	1.40
temp	0.36	1.22
runs	0.36	1.34
listed	0.36	1.75
assets	0.36	1.21
dependencies	0.36	1.22
hear	0.36	2.37
risks	0.36	1.25
involved	0.36	1.54
funds	0.37	1.38
staying	0.37	1.70
syncing	0.37	1.20
overall	0.37	1.13
damn	0.37	2.58
currently	0.37	2.69
gt	0.37	1.79
pursue	0.37	1.40
releases	0.37	1.26
counter	0.37	1.29
expand	0.37	1.38
sucked	0.37	1.59
drinking	0.37	1.47
oracle	0.37	1.04
google	0.37	1.29
realistic	0.37	1.47
onedrive	0.37	1.17
price	0.38	1.19
c	0.38	1.74
signed	0.38	1.62
bar	0.38	1.54
netapp	0.38	1.08
options	0.38	1.89
privacy	0.38	1.32
fine	0.38	2.78
echo	0.38	1.73
now	0.38	2.90
appear	0.38	1.67
screen	0.38	1.41
camera	0.38	1.13
compatible	0.38	1.22
purely	0.38	1.25
article	0.38	2.21
discounts	0.38	1.36
organize	0.39	1.53
remain	0.39	1.61
v	0.39	1.75
g	0.39	1.88
gift	0.39	1.41
higher	0.39	1.26
responding	0.39	1.75
dive	0.39	1.38
teaching	0.39	1.42
review	0.39	1.35
screens	0.39	1.21
legally	0.39	1.40
h	0.39	1.86
mirrored	0.39	1.27
loose	0.39	1.33
points	0.39	1.57
drive	0.39	1.26
printed	0.39	1.29
similar	0.39	1.66
units	0.39	1.08
included	0.39	1.33
additionally	0.40	1.39
z	0.40	1.84
ticketing	0.40	1.15
explains	0.40	1.48
deciding	0.40	1.98
holidays	0.40	1.51
concepts	0.40	1.51
specialize	0.40	1.59
t	0.40	1.84
convenience	0.40	1.11
manageable	0.40	1.25
cdw	0.40	1.37
cpus	0.40	1.26
eset	0.40	1.21
increases	0.40	1.21
metric	0.40	1.24
requests	0.40	1.54
parents	0.40	1.15
won	0.40	1.35
underpaid	0.40	1.55
n	0.40	1.78
rpm	0.40	1.20
vps	0.40	1.15
god	0.40	2.51
order	0.40	1.72
models	0.41	1.14
memory	0.41	1.19
verified	0.41	1.63
tickets	0.41	1.49
vnx	0.41	1.09
negotiate	0.41	1.40
smb	0.41	1.29
headers	0.41	1.46
frequent	0.41	1.21
crucial	0.41	1.19
baby	0.41	1.65
forms	0.41	1.44
amp	0.41	1.87
blog	0.41	2.19
struggle	0.41	1.43
dos	0.41	1.24
b	0.41	1.88
crm	0.41	1.11
cuts	0.41	1.08
bounce	0.41	1.53
benefit	0.41	1.70
mostly	0.41	1.35
ai	0.42	1.70
facebook	0.42	1.33
e	0.42	1.75
m	0.42	2.83
always	0.42	2.37
noise	0.42	1.22
rules	0.42	1.43
paste	0.42	1.56
secret	0.42	1.29
share	0.42	1.34
classes	0.42	1.49
ok	0.42	3.26
benefits	0.42	1.31
uninstall	0.42	1.25
determine	0.42	1.90
generally	0.42	1.86
according	0.43	1.94
led	0.43	1.12
release	0.43	1.32
difficult	0.43	1.63
y	0.43	1.87
submit	0.43	1.47
letter	0.43	1.58
focusing	0.43	1.70
googled	0.43	1.47
q	0.43	1.73
discount	0.43	1.35
requesting	0.43	1.73
tag	0.43	1.32
flip	0.43	1.38
dumps	0.43	1.46
goal	0.43	1.56
looked	0.44	1.44
gain	0.44	1.22
sides	0.44	1.39
assuming	0.44	4.06
reseller	0.44	1.32
calendar	0.44	1.30
equallogic	0.44	1.16
increased	0.44	1.18
combine	0.44	1.25
silent	0.44	1.24
saas	0.44	1.23
towards	0.44	1.61
needless	0.44	1.29
integrated	0.44	0.89
drink	0.44	1.69
guys	0.44	1.78
particularly	0.45	1.68
warnings	0.45	1.48
mechanism	0.45	1.44
notifications	0.45	1.33
signing	0.45	1.65
hence	0.45	1.64
compete	0.45	1.29
chip	0.45	1.11
future	0.45	1.78
judge	0.45	2.02
priority	0.45	1.21
soft	0.45	1.29
require	0.45	1.68
progress	0.45	1.42
reaching	0.45	1.73
focused	0.45	1.29
discuss	0.45	1.62
additional	0.45	1.50
audio	0.45	1.21
module	0.46	1.24
holy	0.46	2.21
qualify	0.46	1.94
se	0.46	1.22
however	0.46	2.62
selected	0.46	1.54
blah	0.46	1.62
documenting	0.46	1.71
technical	0.46	1.46
screenshot	0.46	1.50
deadline	0.46	1.54
listening	0.46	1.42
audits	0.47	1.30
invest	0.47	1.40
pages	0.47	1.47
certificate	0.47	1.65
fibre	0.47	1.15
proposal	0.47	1.33
logstash	0.47	1.31
pci	0.47	1.31
escalation	0.47	1.54
needing	0.47	1.82
utility	0.47	1.30
twitter	0.47	1.77
syslog	0.47	1.28
cifs	0.47	1.25
bsd	0.47	1.07
trade	0.47	1.38
impression	0.47	2.11
compliance	0.48	1.33
missing	0.48	3.98
inform	0.48	1.71
syntax	0.48	1.33
grab	0.48	1.47
monitored	0.48	1.54
fresh	0.48	1.44
products	0.48	1.22
little	0.48	1.71
sonicwall	0.48	1.04
certificates	0.48	1.65
happily	0.48	1.45
till	0.48	1.80
below	0.48	2.10
makes	0.48	1.77
related	0.48	1.43
laser	0.48	1.11
include	0.48	1.54
posted	0.49	2.18
wikipedia	0.49	1.72
eh	0.49	1.92
coffee	0.49	1.49
skype	0.49	1.14
map	0.49	1.26
expire	0.49	1.55
reduced	0.49	1.18
food	0.49	1.41
deep	0.49	1.45
candidate	0.49	1.67
typical	0.49	1.72
messaging	0.49	1.11
moments	0.50	1.77
deliver	0.50	1.31
confluence	0.50	1.26
improve	0.50	1.30
alto	0.50	1.07
acts	0.50	1.28
audit	0.50	1.26
excel	0.50	1.32
lower	0.50	1.28
95	0.50	1.27
certainly	0.50	2.44
post	0.50	2.44
selection	0.51	1.61
downside	0.51	1.27
action	0.51	1.39
secure	0.51	1.38
open	0.51	1.43
looking	0.51	2.90
boat	0.51	2.39
relative	0.51	1.20
eat	0.52	1.52
renew	0.52	1.47
unifi	0.52	1.15
consult	0.52	1.47
iirc	0.52	1.25
somewhat	0.52	1.65
silently	0.52	1.26
beyond	0.52	1.51
class	0.52	1.48
platform	0.52	1.51
natively	0.52	1.29
sense	0.52	2.58
protecting	0.52	1.38
enjoy	0.52	2.44
grow	0.52	1.24
ll	0.52	2.51
pen	0.52	1.31
palo	0.52	1.05
alert	0.52	1.32
floppy	0.53	1.28
em	0.53	1.93
serves	0.53	1.20
bound	0.53	1.73
equally	0.53	1.50
fully	0.53	2.19
improving	0.53	1.43
porn	0.53	1.22
read	0.53	1.94
combination	0.54	1.27
general	0.54	1.47
supported	0.54	1.48
aix	0.54	1.02
established	0.54	1.35
transaction	0.54	1.24
implementation	0.54	1.44
researching	0.54	1.76
pricing	0.54	1.28
wide	0.54	1.37
actual	0.55	2.05
tho	0.55	1.89
brand	0.55	0.98
deeper	0.55	1.54
entirely	0.55	2.07
covers	0.55	1.31
editing	0.55	1.57
process	0.55	1.72
poster	0.55	2.43
advantages	0.55	1.28
electronics	0.55	0.99
maps	0.55	1.21
opening	0.56	1.41
industry	0.56	1.68
magical	0.56	1.38
fashion	0.56	1.51
mainly	0.56	1.08
percentage	0.56	1.12
logs	0.56	1.31
high	0.56	1.16
attend	0.57	1.43
establish	0.57	1.24
lists	0.57	1.33
mistaken	0.57	3.72
thread	0.57	2.38
afford	0.57	1.57
immediate	0.57	1.58
annoyed	0.57	1.91
specify	0.57	1.67
sheet	0.57	1.22
ball	0.57	1.38
ucs	0.57	1.06
dream	0.57	1.46
become	0.57	1.57
solely	0.58	1.17
parameters	0.58	1.54
shipping	0.58	1.53
importantly	0.58	1.32
wizard	0.58	1.45
requirements	0.58	1.60
nix	0.58	1.18
miss	0.58	2.05
aspects	0.59	1.18
discussion	0.59	1.88
opt	0.59	1.21
o	0.59	1.86
spf	0.59	1.42
specified	0.59	1.56
comply	0.59	1.48
closely	0.59	1.14
double	0.59	1.45
3000	0.60	1.32
imho	0.60	2.42
alive	0.60	1.52
although	0.60	2.37
natural	0.60	1.14
matches	0.60	1.50
limitation	0.60	1.34
argument	0.61	1.83
history	0.61	1.55
band	0.61	1.17
netflix	0.61	1.14
tomorrow	0.61	1.98
utilization	0.61	1.23
challenging	0.61	1.51
distribution	0.61	1.19
script	0.61	1.37
cert	0.61	1.58
buffer	0.61	1.49
sensors	0.61	1.18
utm	0.62	1.03
qualified	0.62	1.38
shared	0.62	1.32
dear	0.62	2.05
news	0.62	1.50
young	0.62	1.40
stressed	0.62	2.03
posting	0.62	2.21
sec	0.62	1.52
electronic	0.62	1.39
efficiently	0.63	1.70
gfi	0.63	0.92
nah	0.63	1.93
spreadsheet	0.63	1.31
search	0.63	1.70
helping	0.63	1.58
whats	0.63	2.08
pocket	0.63	1.30
sigh	0.63	2.34
qualifications	0.63	1.53
movie	0.64	1.10
crowd	0.64	1.25
p	0.64	1.76
temporary	0.64	1.48
expired	0.64	1.59
stands	0.64	1.33
eating	0.64	1.46
harsh	0.64	1.77
searching	0.64	1.99
regulations	0.65	1.49
abilities	0.65	1.33
curious	0.65	3.32
idea	0.65	2.44
consider	0.65	2.38
responsible	0.66	1.68
hp	0.66	1.03
comment	0.66	2.56
wildcard	0.66	1.62
scotch	0.66	1.75
music	0.66	1.15
homelab	0.66	1.46
write	0.66	1.38
player	0.67	1.24
security	0.67	1.31
score	0.67	1.36
reduce	0.67	1.19
plays	0.67	1.25
subreddit	0.67	2.05
comparing	0.67	1.23
switched	0.67	2.29
whatsoever	0.67	1.37
precisely	0.67	1.91
fortinet	0.67	1.01
transition	0.68	1.06
expanding	0.68	1.69
exit	0.68	1.55
skilled	0.68	1.33
growth	0.68	1.35
unlike	0.68	1.01
dinner	0.68	1.55
typo	0.68	2.44
certs	0.68	1.53
quotes	0.68	1.38
asset	0.68	1.22
pick	0.68	2.06
thinkpad	0.69	1.24
topics	0.69	1.67
bear	0.69	1.22
concerns	0.69	1.53
im	0.69	2.65
validation	0.69	1.49
certain	0.69	1.49
dates	0.69	1.42
learning	0.69	1.45
stressful	0.69	1.43
thought	0.69	2.51
reddit	0.70	2.01
98	0.70	1.37
picture	0.70	1.38
trail	0.70	1.19
ours	0.70	1.55
idk	0.70	1.69
test	0.70	1.77
certified	0.70	1.40
ebay	0.70	1.12
cup	0.70	1.58
listing	0.70	1.39
beer	0.71	1.60
meanwhile	0.71	1.40
glass	0.71	1.55
quote	0.71	1.53
plus	0.71	1.39
forum	0.71	2.07
absolutely	0.71	2.10
consideration	0.72	1.62
enough	0.72	1.92
picking	0.72	1.68
combined	0.72	1.12
relies	0.72	1.04
distros	0.72	1.15
splunk	0.72	1.20
linux	0.72	1.09
docs	0.72	1.40
reliably	0.72	1.22
signature	0.72	1.36
reading	0.72	2.06
lenovo	0.72	1.08
serious	0.72	1.41
allows	0.72	1.26
cleaner	0.72	1.43
asap	0.73	1.72
figured	0.73	2.33
logging	0.73	1.30
expecting	0.73	2.08
messing	0.73	1.65
implement	0.73	1.79
references	0.73	1.52
methods	0.73	1.60
alerts	0.73	1.29
k	0.73	1.81
investigate	0.73	1.81
limitations	0.73	1.38
sony	0.73	1.29
collect	0.74	1.32
okay	0.74	3.01
certifications	0.74	1.53
recording	0.74	1.07
estimate	0.74	1.57
pattern	0.74	1.34
forgot	0.74	2.49
concern	0.75	1.71
players	0.75	1.23
fed	0.75	1.07
permanent	0.75	1.41
adjust	0.75	1.53
sun	0.76	1.04
basic	0.76	1.45
unsure	0.76	2.82
functioning	0.76	1.57
broad	0.76	1.40
gen	0.76	1.19
policies	0.76	1.65
nervous	0.76	1.92
suppose	0.76	2.28
agree	0.76	3.64
expensive	0.77	1.58
visible	0.77	1.38
seemed	0.77	1.69
restrictions	0.77	1.43
considering	0.77	2.44
checked	0.77	1.85
articles	0.77	1.89
proactive	0.77	1.34
threads	0.77	2.12
compare	0.77	1.47
measures	0.77	1.20
gained	0.78	1.21
needful	0.78	1.88
poweredge	0.78	1.10
fortigate	0.78	1.01
accordingly	0.78	1.69
track	0.78	1.49
gon	0.78	2.16
showing	0.78	1.29
implementing	0.78	1.63
match	0.78	1.59
warrant	0.78	1.27
ensuring	0.79	1.35
suspicious	0.79	1.32
opportunity	0.79	1.74
sounded	0.79	1.66
joking	0.79	1.80
existed	0.79	2.24
native	0.79	1.00
premium	0.79	1.29
depending	0.79	1.90
model	0.79	1.18
requirement	0.79	1.26
topic	0.79	2.05
container	0.79	1.31
partner	0.80	1.49
heads	0.80	1.72
onenote	0.80	1.29
required	0.80	1.73
regarding	0.80	1.70
steam	0.80	1.18
opinions	0.81	1.61
report	0.81	1.34
centralized	0.81	1.21
advance	0.81	1.71
labtech	0.81	1.09
perhaps	0.81	2.41
cache	0.81	1.31
opinion	0.81	1.89
link	0.81	1.96
sensitive	0.81	1.47
tv	0.81	1.15
ha	0.81	1.77
bottle	0.81	1.53
safety	0.81	1.30
motivated	0.82	1.43
dell	0.82	1.11
cons	0.82	1.20
u	0.82	1.75
challenges	0.82	1.43
document	0.82	1.65
mr	0.82	1.87
leaning	0.82	1.85
apologies	0.83	2.45
suggested	0.83	1.92
posts	0.83	2.15
administer	0.83	1.30
wiki	0.83	1.48
standpoint	0.83	1.13
moment	0.83	2.68
setup	0.83	1.32
gaming	0.83	1.34
quite	0.83	1.74
efforts	0.83	1.65
centos	0.83	1.10
section	0.83	1.56
stays	0.83	1.36
tbh	0.84	1.59
hobby	0.84	1.29
2k	0.85	1.33
soon	0.85	1.88
thankfully	0.85	1.56
preferably	0.86	1.12
ntp	0.86	1.13
pass	0.86	1.66
features	0.86	1.14
upon	0.86	1.59
appears	0.86	1.71
checking	0.86	1.86
new	0.86	1.55
trained	0.86	1.31
cents	0.87	1.65
scom	0.87	1.25
streaming	0.87	1.14
vs	0.87	1.11
bullet	0.87	1.54
kaseya	0.87	1.04
side	0.87	1.70
offer	0.87	1.44
tags	0.87	1.14
movies	0.87	1.15
solutions	0.87	1.50
meantime	0.88	1.69
passing	0.88	1.69
fat	0.88	1.38
stick	0.88	1.59
download	0.88	1.38
particular	0.88	1.98
hd	0.88	1.04
online	0.88	1.46
supports	0.89	1.04
results	0.89	1.29
utilize	0.89	1.13
clever	0.89	1.38
step	0.89	2.01
everyday	0.89	1.68
considered	0.89	1.78
barely	0.89	2.15
googling	0.90	1.68
mcse	0.90	1.67
favor	0.90	1.06
granular	0.90	1.18
capability	0.90	1.11
partners	0.90	1.45
digging	0.90	1.72
inventory	0.90	1.18
sample	0.90	1.25
easily	0.90	1.97
source	0.90	1.36
married	0.90	1.24
teamviewer	0.91	1.23
flexibility	0.91	1.12
unlikely	0.91	1.52
chosen	0.91	1.64
cross	0.91	1.46
reminds	0.91	1.79
standard	0.92	1.42
clearing	0.92	1.59
presentation	0.92	1.17
quickly	0.92	1.58
fans	0.92	1.08
heat	0.92	1.09
exercise	0.92	1.42
true	0.93	2.16
closest	0.93	2.96
enjoyed	0.94	1.57
invalid	0.94	1.90
stream	0.94	1.09
raspberry	0.94	1.51
fyi	0.94	1.57
vcp	0.94	1.68
w	0.95	1.59
leverage	0.95	1.23
focus	0.95	1.36
bottleneck	0.95	2.44
comptia	0.95	1.64
na	0.95	2.10
unhappy	0.95	2.40
wins	0.95	1.19
flow	0.95	1.15
comments	0.96	2.36
paranoid	0.96	1.68
kb	0.96	1.87
matching	0.96	1.24
logical	0.96	1.19
suited	0.96	1.87
edited	0.97	2.54
extended	0.97	1.33
very	0.97	1.69
product	0.97	1.27
replying	0.97	2.60
highly	0.97	1.57
mother	0.98	2.18
seems	0.98	1.83
its	0.98	2.01
itt	0.98	1.52
purposes	0.98	1.50
lights	0.98	1.21
verification	0.98	1.44
weight	0.99	1.31
zimbra	0.99	1.23
auditing	0.99	1.23
wherever	0.99	1.41
photo	0.99	1.42
competitive	0.99	1.17
behalf	0.99	1.40
direction	0.99	2.10
boom	1.00	1.51
part	1.00	2.90
suite	1.00	1.22
searches	1.00	1.57
shape	1.00	1.37
professional	1.00	1.26
varies	1.01	1.40
monster	1.01	1.53
90s	1.01	2.36
courses	1.01	1.62
real	1.01	2.61
chance	1.02	2.04
course	1.02	2.05
doable	1.03	1.60
ibm	1.03	0.90
priced	1.03	1.14
lean	1.03	1.27
alternatives	1.03	1.48
service	1.03	1.17
played	1.03	1.47
doc	1.03	1.61
sub	1.04	2.14
distro	1.04	1.24
pi	1.04	1.46
proof	1.04	1.18
strongly	1.04	1.41
cooling	1.04	1.09
studying	1.05	1.71
subscription	1.05	1.30
ubuntu	1.05	1.12
mcsa	1.05	1.68
status	1.05	1.36
assist	1.05	1.55
commercial	1.05	1.24
capabilities	1.05	1.14
integration	1.06	0.96
30k	1.06	1.30
rolled	1.06	1.32
ccna	1.06	1.69
solaris	1.06	0.98
cap	1.07	1.32
legit	1.07	1.33
logmein	1.07	1.21
consistently	1.07	1.16
discussions	1.07	1.40
better	1.07	2.46
freebsd	1.08	1.06
obvious	1.08	1.45
opposite	1.08	2.40
microsoft	1.08	1.57
compliant	1.08	1.39
watch	1.08	1.12
positive	1.08	1.63
unit	1.09	1.11
clock	1.09	1.23
based	1.09	1.52
debian	1.09	1.10
dirt	1.09	1.27
checks	1.10	1.31
draw	1.10	1.17
directions	1.10	1.58
game	1.10	1.29
scales	1.10	1.23
calm	1.10	1.46
comparable	1.10	1.13
pissed	1.11	2.21
perfectly	1.11	1.55
certification	1.11	1.71
vary	1.11	1.57
integrate	1.11	0.96
r/sysadmin	1.11	2.19
description	1.12	1.53
video	1.12	1.06
ouch	1.13	1.95
edition	1.13	1.30
totally	1.14	1.99
telling	1.14	2.44
tracking	1.14	1.13
capable	1.14	1.50
preference	1.14	1.20
fast	1.15	1.56
manner	1.15	1.46
suitable	1.15	1.37
forward	1.15	1.55
weird	1.15	1.62
lab	1.16	1.62
hard	1.16	1.47
though	1.16	2.46
dashboard	1.16	1.30
fairly	1.16	1.59
reasonable	1.16	1.22
unfortunately	1.16	2.02
surprisingly	1.16	1.58
answers	1.16	1.99
highest	1.16	1.19
well	1.17	2.54
contribute	1.17	1.68
fedora	1.17	1.09
edit	1.17	2.44
savvy	1.17	1.31
pm	1.17	1.92
convention	1.17	1.71
super	1.17	1.67
evaluation	1.17	1.38
procedures	1.18	1.85
limit	1.18	1.29
rhel	1.18	1.09
kinda	1.18	1.92
extend	1.19	1.23
heavily	1.19	1.42
justification	1.19	1.59
minimal	1.20	1.19
efficient	1.20	1.42
pretty	1.20	1.72
confirmation	1.20	1.87
here	1.21	2.35
discovery	1.22	1.34
choosing	1.22	2.65
normally	1.22	1.98
includes	1.22	1.12
clarification	1.23	2.55
monitor	1.23	1.28
yay	1.23	1.61
da	1.23	1.70
visio	1.23	1.11
depend	1.23	1.75
forums	1.24	1.80
scary	1.24	2.33
mentioning	1.24	2.05
community	1.24	1.51
brilliant	1.24	1.64
perspective	1.24	1.30
rich	1.25	1.27
dude	1.25	2.28
tests	1.25	1.76
nope	1.25	2.12
alerting	1.26	1.29
referred	1.26	1.97
detail	1.26	1.79
limits	1.26	1.23
redhat	1.26	0.97
watching	1.26	1.16
offering	1.26	1.11
provide	1.27	1.46
appropriately	1.27	1.63
foss	1.27	1.24
analysis	1.27	1.35
evil	1.27	1.50
must	1.27	1.71
solution	1.28	1.96
ensure	1.29	1.61
essentials	1.29	1.31
practical	1.29	1.67
standards	1.29	1.80
snmp	1.29	1.28
using	1.29	1.37
peoples	1.30	1.24
hint	1.30	1.67
theory	1.30	1.20
youtube	1.30	1.14
critical	1.30	1.24
definitely	1.30	2.37
aka	1.31	1.85
sarcasm	1.31	2.08
besides	1.32	1.68
naming	1.32	1.77
exact	1.32	2.61
metrics	1.32	1.36
til	1.33	1.84
technet	1.34	1.86
chose	1.34	1.11
common	1.34	1.49
understanding	1.34	1.25
sorry	1.34	2.44
providing	1.34	1.28
possible	1.34	2.73
training	1.35	1.64
adequate	1.35	1.10
responses	1.35	1.99
limiting	1.35	1.25
spelling	1.35	2.13
theme	1.35	1.24
nagios	1.35	1.28
ties	1.35	1.51
r/homelab	1.36	2.04
practically	1.36	1.58
deserve	1.36	1.81
low	1.37	1.07
play	1.37	1.51
odd	1.37	1.43
option	1.38	2.73
games	1.38	1.25
short	1.38	1.31
generic	1.39	1.24
assessment	1.39	1.24
exam	1.39	1.82
superior	1.39	0.91
choice	1.39	1.99
careful	1.39	1.52
reference	1.39	1.76
customization	1.40	1.11
trial	1.40	1.37
invite	1.40	1.92
trick	1.40	1.70
examples	1.40	1.68
details	1.40	1.93
whichever	1.41	2.72
smoothly	1.41	1.55
zabbix	1.41	1.23
approach	1.42	2.65
depends	1.42	2.63
tower	1.42	1.00
bright	1.42	1.31
fair	1.43	1.89
reports	1.43	1.44
background	1.43	1.25
sounds	1.43	1.88
study	1.43	1.81
beta	1.44	1.29
further	1.44	1.90
suggest	1.44	1.85
sane	1.45	1.50
downvote	1.45	2.23
kidding	1.45	2.01
reply	1.45	2.39
screenshots	1.45	1.44
alternatively	1.45	1.15
equivalent	1.45	1.06
wonderful	1.45	1.64
imo	1.45	1.78
exams	1.46	1.79
tool	1.47	1.35
uh	1.47	2.18
exciting	1.47	1.59
criteria	1.47	2.68
ideal	1.47	2.38
funny	1.48	1.79
hey	1.48	2.21
organized	1.48	1.51
official	1.48	1.64
stats	1.48	1.33
compared	1.48	1.79
competent	1.48	1.31
links	1.48	1.38
anyways	1.49	2.21
fit	1.49	2.46
productive	1.50	1.39
usual	1.50	2.02
feasible	1.50	1.61
sadly	1.50	1.64
ya	1.50	2.19
relatively	1.51	1.48
star	1.51	1.20
correctly	1.51	2.90
lol	1.51	2.07
yeah	1.52	2.30
intuitive	1.52	2.06
videos	1.52	1.23
sufficient	1.52	1.18
popular	1.52	1.26
succeed	1.53	2.28
monitoring	1.53	1.34
material	1.54	1.77
labs	1.54	1.76
strange	1.54	1.45
fits	1.55	2.57
alternative	1.55	1.84
materials	1.55	1.76
reasonably	1.55	1.48
instructions	1.55	1.82
controls	1.56	1.09
beneficial	1.57	1.39
heh	1.57	1.84
worthwhile	1.57	1.45
grew	1.57	2.14
struggling	1.57	2.49
breeze	1.57	1.13
disappointed	1.58	2.04
vast	1.58	1.23
thats	1.58	2.07
favorite	1.59	1.10
information	1.59	1.46
apologize	1.59	2.21
statistics	1.59	1.42
prep	1.59	1.80
seriously	1.59	2.02
buddy	1.59	2.13
formal	1.59	1.39
ahh	1.60	2.25
valuable	1.60	1.38
response	1.60	2.19
steps	1.60	1.86
commvault	1.60	0.89
method	1.60	2.57
novell	1.61	2.29
itil	1.61	1.92
nimble	1.61	1.12
offerings	1.62	1.17
books	1.62	1.76
book	1.62	1.80
documentation	1.62	1.78
color	1.62	1.25
ymmv	1.63	1.64
tricks	1.63	1.62
fellow	1.63	1.71
notes	1.64	1.12
polite	1.64	1.35
strict	1.64	1.31
gather	1.66	1.55
yea	1.66	2.23
follows	1.66	1.66
helped	1.67	1.35
ideas	1.67	1.84
research	1.67	1.45
aspect	1.67	1.52
ta	1.68	2.03
frustrated	1.68	2.17
choose	1.68	2.47
technically	1.69	2.46
greatly	1.69	1.50
solarwinds	1.69	1.21
depth	1.69	1.35
bet	1.69	2.43
playing	1.69	1.37
procedure	1.69	1.92
working	1.70	2.57
trivial	1.70	1.47
huh	1.70	1.90
shot	1.70	2.09
overview	1.70	1.53
regardless	1.70	2.40
indeed	1.72	2.10
portable	1.72	1.36
assistance	1.72	1.78
tonight	1.72	1.91
hair	1.72	1.47
worries	1.73	1.96
viable	1.73	2.30
thoughts	1.73	1.84
works	1.73	1.99
zenoss	1.73	1.28
ah	1.74	2.26
please	1.74	2.08
man	1.75	2.19
summary	1.75	1.41
red	1.75	1.20
elaborate	1.75	1.73
available	1.76	1.49
provided	1.77	1.34
perfect	1.79	1.66
suggestion	1.79	2.03
gotcha	1.80	2.20
resort	1.80	2.31
dirty	1.81	2.21
theirs	1.82	2.24
white	1.83	1.57
connectwise	1.84	0.98
replies	1.84	2.15
handles	1.84	2.07
effective	1.84	1.40
bro	1.85	1.96
downvoted	1.85	2.80
valid	1.86	2.84
worried	1.88	2.38
hopefully	1.89	1.95
hah	1.89	2.02
hmm	1.90	2.01
hello	1.90	2.03
reminder	1.91	1.43
cheap	1.91	1.24
oh	1.91	2.24
meaningful	1.91	1.36
flair	1.92	2.02
advise	1.92	1.56
sure	1.93	2.62
convinced	1.95	2.32
interested	1.97	2.61
green	1.97	1.34
satisfied	1.99	2.01
informed	1.99	2.14
powerful	1.99	1.47
strong	1.99	1.14
prtg	2.00	1.23
given	2.00	1.41
congrats	2.01	1.83
foundation	2.01	1.12
spot	2.01	1.56
unlimited	2.03	1.22
cbt	2.03	1.35
busy	2.03	2.08
spiceworks	2.04	1.00
diagram	2.04	1.13
insight	2.04	1.77
nuggets	2.05	1.33
proper	2.07	1.95
instant	2.07	1.58
hi	2.08	2.02
flexible	2.08	1.44
confirmed	2.09	2.41
preferred	2.09	2.13
blue	2.09	1.54
demo	2.10	1.35
integrates	2.10	1.07
guides	2.10	1.87
resource	2.11	1.08
belt	2.11	1.61
check	2.12	1.67
mature	2.13	1.30
experiment	2.13	1.44
tough	2.14	1.56
transparent	2.15	1.12
guide	2.15	1.92
bastard	2.16	1.76
hat	2.18	1.16
watched	2.18	1.24
important	2.19	1.36
explanation	2.20	1.81
cake	2.20	1.95
followed	2.20	2.44
input	2.20	1.79
practices	2.21	2.52
following	2.21	2.47
wow	2.22	2.03
necessary	2.22	2.44
clear	2.22	2.27
um	2.24	2.10
liked	2.24	1.49
follow	2.25	2.48
guidance	2.26	1.73
verify	2.27	2.64
concerned	2.27	2.24
ill	2.28	1.88
sharing	2.29	1.69
hope	2.29	1.95
yes	2.29	2.19
grey	2.29	1.46
convenient	2.33	1.43
appropriate	2.33	2.44
honest	2.34	1.97
advice	2.34	1.84
rough	2.34	1.18
intelligent	2.37	1.38
agreed	2.37	1.89
chart	2.38	1.80
info	2.38	1.71
shiny	2.38	1.91
personally	2.39	1.80
comparison	2.39	1.68
relevant	2.41	1.42
excited	2.42	2.04
suggestions	2.43	1.77
boots	2.44	1.79
clean	2.44	2.14
logo	2.45	1.62
advantage	2.45	1.61
downvotes	2.45	2.42
mate	2.45	1.91
practice	2.45	2.40
happier	2.46	1.59
liking	2.46	1.77
reliable	2.48	1.23
feedback	2.48	1.73
recommended	2.49	2.03
yep	2.50	1.86
extensive	2.55	1.42
confirm	2.56	2.12
haha	2.56	2.03
confident	2.56	2.07
hahaha	2.56	1.93
recommendations	2.58	2.14
affordable	2.58	1.06
rock	2.61	1.12
robust	2.62	1.20
sir	2.63	2.08
glad	2.63	2.00
nicer	2.63	1.86
knowledgeable	2.64	1.80
dark	2.65	1.59
inexpensive	2.65	1.23
comfortable	2.66	1.97
tight	2.67	1.20
yup	2.68	2.00
cheers	2.68	2.05
simple	2.70	1.82
offers	2.71	1.58
pair	2.72	1.73
detailed	2.72	1.32
pricey	2.72	1.54
familiar	2.73	1.88
note	2.73	1.70
freaking	2.74	1.01
btw	2.75	1.96
luck	2.76	1.97
close	2.77	1.92
black	2.78	1.62
tips	2.78	1.62
aware	2.82	2.14
prefer	2.82	1.33
provides	2.84	1.12
consistent	2.84	1.05
light	2.84	1.52
recommendation	2.85	1.66
quiet	2.85	1.94
graphs	2.87	1.73
easy	2.89	1.73
series	2.89	1.32
thanks	2.95	1.95
thank	2.95	1.96
pants	2.96	1.96
lucky	2.97	1.81
accurate	2.97	1.40
stable	3.00	1.08
helps	3.01	1.59
recommend	3.04	1.42
nicely	3.04	1.52
impressive	3.04	1.41
fancy	3.07	1.79
gold	3.09	1.86
wish	3.09	1.83
successful	3.11	1.56
straightforward	3.14	1.58
suit	3.18	1.79
tip	3.19	1.75
alright	3.21	1.48
impressed	3.21	1.52
fun	3.23	1.59
reporting	3.24	1.61
glance	3.24	1.56
fan	3.26	1.17
handy	3.26	1.55
wear	3.30	1.85
tie	3.32	1.82
welcome	3.33	1.70
lightweight	3.35	1.46
optional	3.36	1.77
dress	3.37	1.81
appreciate	3.39	1.55
hoping	3.40	1.77
wearing	3.41	1.74
shirt	3.42	1.80
casual	3.43	1.75
sweet	3.43	1.50
cool	3.44	1.57
shoes	3.46	1.72
looks	3.51	1.64
smooth	3.51	1.34
ftw	3.52	0.99
neat	3.53	1.35
upvote	3.54	1.57
quick	3.55	1.40
useful	3.57	1.49
appreciated	3.61	1.35
limited	3.63	1.27
incredible	3.68	0.80
interesting	3.72	1.36
free	3.77	1.18
friendly	3.79	1.52
promising	3.83	1.27
helpful	3.87	1.19
responsive	3.89	1.33
slick	3.90	0.79
vote	3.95	0.68
decent	4.02	0.94
good	4.07	1.19
excellent	4.16	0.58
great	4.27	0.58
solid	4.34	0.53
