foul	-4.66	0.92
shitty	-4.48	0.93
gross	-4.31	1.12
smelled	-4.29	1.19
pisses	-4.20	1.12
crappy	-4.16	1.43
useless	-4.05	1.57
ugh	-4.03	1.14
pathetic	-4.02	1.30
piss	-4.00	1.49
poor	-3.94	1.63
lives	-3.90	1.47
spineless	-3.90	1.54
dealing	-3.90	1.52
dirty	-3.81	1.65
those	-3.80	2.25
idiotic	-3.78	1.33
fluids	-3.74	1.67
selfish	-3.70	1.31
stupid	-3.58	1.35
apartment	-3.54	1.83
ignorant	-3.54	1.23
dumped	-3.53	2.02
ridiculous	-3.51	1.48
disgusting	-3.51	1.35
unfair	-3.48	1.65
unprofessional	-3.35	1.45
covered	-3.35	1.94
desperate	-3.35	1.73
annoys	-3.34	1.53
pile	-3.34	2.01
peeve	-3.29	1.78
ugly	-3.28	1.70
among	-3.25	1.87
tons	-3.25	1.56
oblivious	-3.24	1.46
clue	-3.23	1.83
flu	-3.22	1.87
smells	-3.21	1.46
smell	-3.19	1.49
spit	-3.18	1.95
imagine	-3.16	1.73
absolutely	-3.16	1.63
infection	-3.14	2.02
knows	-3.14	1.97
none	-3.12	1.84
grease	-3.11	1.91
hurts	-3.10	1.58
attitude	-3.09	1.64
moms	-3.06	2.09
circumstances	-3.02	1.83
suffering	-3.01	1.89
decent	-3.00	1.74
dumbass	-2.99	1.44
inevitably	-2.97	1.77
unaware	-2.96	1.45
unfortunate	-2.95	1.54
poop	-2.94	1.02
keeps	-2.94	1.98
such	-2.94	1.65
cares	-2.93	2.02
talks	-2.93	1.85
absurd	-2.92	1.53
sticky	-2.91	1.88
bitches	-2.89	1.62
bothers	-2.88	1.40
irresponsible	-2.86	1.11
determined	-2.84	1.88
fucking	-2.81	1.83
sucks	-2.81	1.87
everybody	-2.81	1.78
dating	-2.81	2.10
assholes	-2.79	1.83
inconsiderate	-2.78	1.28
contain	-2.77	1.89
embarrassing	-2.76	1.76
mentality	-2.76	1.66
mindset	-2.75	1.71
goddamn	-2.73	1.72
filthy	-2.71	1.72
lazy	-2.70	1.77
crap	-2.69	1.61
unpleasant	-2.66	1.49
tough	-2.66	1.47
brings	-2.66	1.76
vomit	-2.65	1.06
fucked	-2.62	1.60
dreams	-2.59	2.07
sometimes	-2.59	2.01
forget	-2.57	1.96
luckily	-2.54	1.89
blows	-2.53	1.75
arguments	-2.51	1.81
entitlement	-2.50	1.73
frequently	-2.50	1.81
sort	-2.50	1.79
wonder	-2.49	1.96
most	-2.49	2.31
annoying	-2.48	1.56
nightmare	-2.46	1.93
dumb	-2.44	1.64
scum	-2.43	1.83
blood	-2.42	1.12
worthless	-2.42	1.28
scary	-2.42	1.79
these	-2.41	2.10
except	-2.37	2.05
behalf	-2.36	1.74
unreasonable	-2.35	1.15
strong	-2.34	1.87
incompetent	-2.31	1.34
cruel	-2.31	1.47
insist	-2.31	2.08
bullshit	-2.29	1.24
greedy	-2.29	1.10
disrespectful	-2.27	1.26
surprising	-2.27	1.52
bad	-2.25	1.92
pee	-2.24	1.09
bastard	-2.23	1.17
bizarre	-2.22	1.43
lying	-2.22	2.63
clueless	-2.21	1.40
scare	-2.21	1.96
bodily	-2.20	1.05
biggest	-2.19	2.25
bunch	-2.19	1.23
exception	-2.18	1.87
two	-2.17	1.72
utterly	-2.16	1.12
entitled	-2.16	1.46
impatient	-2.16	1.35
clean	-2.15	1.18
christ	-2.15	1.65
everything	-2.15	3.07
normally	-2.14	2.23
frustrating	-2.13	1.82
kinds	-2.12	1.35
cheap	-2.10	1.04
similar	-2.10	2.37
several	-2.09	1.74
dicks	-2.08	1.40
weird	-2.08	1.90
terrifying	-2.07	1.92
describing	-2.07	2.16
obnoxious	-2.07	1.33
messed	-2.07	1.74
complicated	-2.07	1.92
checked	-2.05	2.61
shady	-2.05	1.71
jerks	-2.04	1.44
customers	-2.04	2.17
various	-2.04	1.57
annoy	-2.03	1.14
scumbag	-2.03	1.12
idiot	-2.03	1.42
rewarded	-2.03	1.06
irritating	-2.02	1.62
christians	-2.02	1.94
urine	-2.02	1.04
four	-2.02	1.66
already	-2.02	2.99
accidentally	-2.02	2.38
few	-2.02	1.68
multiple	-2.01	1.62
rude	-2.01	1.32
chick	-1.99	2.04
unless	-1.99	3.40
asshole	-1.98	1.46
both	-1.97	1.35
insults	-1.96	2.04
lame	-1.95	1.92
other	-1.95	1.60
doing	-1.94	3.20
sorts	-1.94	1.25
fucks	-1.92	1.20
otherwise	-1.92	2.80
means	-1.91	3.27
three	-1.91	1.69
insane	-1.91	1.63
feeling	-1.90	2.16
idiots	-1.90	1.40
certain	-1.90	1.56
supposed	-1.90	3.29
obviously	-1.89	3.19
nothing	-1.88	2.99
asshat	-1.88	1.42
unacceptable	-1.88	1.03
waste	-1.87	0.99
cringe	-1.86	1.62
corporations	-1.86	1.08
memories	-1.85	1.80
messes	-1.85	1.01
implying	-1.84	2.35
prick	-1.84	1.47
bonuses	-1.82	0.89
stomach	-1.81	0.97
clearly	-1.80	3.47
enforced	-1.80	2.53
biohazard	-1.79	1.08
numbers	-1.79	2.90
many	-1.79	1.80
everywhere	-1.78	1.05
clients	-1.77	2.27
touching	-1.76	0.93
marked	-1.75	3.40
treating	-1.75	1.03
missing	-1.75	2.79
name	-1.75	3.07
plenty	-1.74	1.65
saying	-1.74	3.28
parenting	-1.74	1.05
etc	-1.74	1.09
douche	-1.74	1.38
damn	-1.73	2.09
fuck	-1.73	2.28
knowing	-1.73	2.49
assume	-1.72	3.31
complex	-1.72	1.11
opposite	-1.72	2.32
re	-1.71	3.01
loads	-1.71	1.05
likes	-1.70	2.80
sadly	-1.69	2.63
ouch	-1.69	2.02
slave	-1.69	0.99
strange	-1.69	1.81
bastards	-1.68	1.23
pointless	-1.67	1.07
ashamed	-1.66	2.14
swear	-1.65	2.00
ftfy	-1.64	2.06
morons	-1.64	1.31
floor	-1.63	1.12
right	-1.63	3.25
lots	-1.63	1.47
handful	-1.63	1.42
including	-1.63	0.92
jesus	-1.63	1.77
negative	-1.62	2.01
fault	-1.62	2.75
retail	-1.60	2.68
cleaned	-1.59	1.04
bathrooms	-1.58	1.06
behaviour	-1.58	1.16
bathroom	-1.58	1.10
minority	-1.57	1.14
couple	-1.57	1.52
complete	-1.56	1.19
cleaning	-1.56	1.04
responsible	-1.55	0.96
toilet	-1.55	1.08
encountered	-1.55	2.73
rich	-1.55	1.36
deal	-1.55	1.19
addiction	-1.54	1.15
suck	-1.54	2.18
being	-1.54	1.36
thinks	-1.53	0.91
demands	-1.52	1.09
cave	-1.52	1.18
asses	-1.51	1.23
six	-1.51	1.49
forgetting	-1.50	2.68
diaper	-1.50	1.06
damned	-1.50	1.35
dirt	-1.50	1.03
understaffed	-1.49	2.40
ten	-1.49	1.46
different	-1.49	1.46
sexist	-1.49	1.41
five	-1.49	1.46
fool	-1.49	1.10
seven	-1.49	1.47
obvious	-1.48	2.07
described	-1.47	2.18
junk	-1.47	0.90
extreme	-1.47	0.98
returned	-1.47	0.93
moron	-1.46	1.36
handles	-1.46	1.02
blatantly	-1.46	1.01
nerve	-1.46	2.12
outright	-1.46	1.03
laying	-1.46	1.09
tolerate	-1.45	1.09
dump	-1.44	1.21
insulting	-1.44	1.15
eight	-1.43	1.45
purchased	-1.43	0.92
little	-1.43	2.59
offices	-1.42	0.96
managers	-1.42	1.16
earth	-1.42	2.04
experiences	-1.42	2.25
tastes	-1.42	1.23
act	-1.42	1.22
complains	-1.42	1.04
stuff	-1.42	1.11
ew	-1.42	1.55
4-5	-1.41	1.45
jerk	-1.41	1.41
ass	-1.41	1.49
bitch	-1.40	1.61
3	-1.40	1.43
2-3	-1.40	1.50
some	-1.40	1.43
syndrome	-1.39	1.08
inappropriate	-1.39	1.29
taste	-1.39	1.12
fine	-1.38	3.16
thinking	-1.38	3.15
garbage	-1.37	1.02
behavior	-1.37	1.19
works	-1.37	1.04
laziness	-1.35	1.15
gives	-1.35	1.01
house	-1.35	0.91
special	-1.35	1.17
breath	-1.35	1.01
touch	-1.34	1.07
discretion	-1.34	0.81
easy	-1.34	2.18
uncomfortable	-1.34	2.34
wants	-1.34	1.10
confusing	-1.34	2.07
2	-1.34	1.41
silly	-1.31	1.47
thirty	-1.31	1.39
assumed	-1.31	2.86
douchebag	-1.31	1.41
makes	-1.30	2.23
freaking	-1.30	1.30
their	-1.30	1.19
tells	-1.30	1.02
dozens	-1.29	1.12
twenty	-1.29	1.38
walls	-1.29	1.01
4	-1.29	1.39
general	-1.29	1.05
twelve	-1.28	1.39
planning	-1.28	0.98
all	-1.28	1.53
ruined	-1.28	0.74
harsh	-1.28	1.30
killing	-1.27	0.86
tow	-1.27	0.87
human	-1.27	0.97
potentially	-1.27	0.89
everyone	-1.27	1.19
kinda	-1.27	2.33
yells	-1.27	0.90
rudeness	-1.27	1.03
lowly	-1.26	0.96
feels	-1.26	1.40
roommate	-1.25	0.89
trash	-1.25	1.05
seen	-1.25	2.88
mood	-1.24	1.20
worn	-1.24	0.87
fucker	-1.23	1.16
washed	-1.23	1.01
diapers	-1.23	1.04
offensive	-1.23	1.19
6	-1.23	1.38
toss	-1.22	1.09
vodka	-1.22	0.89
buys	-1.22	0.89
basically	-1.22	1.71
excuse	-1.22	1.18
locally	-1.22	0.99
pain	-1.22	1.08
ol	-1.21	2.26
treat	-1.21	1.04
demanding	-1.21	1.16
completely	-1.21	1.19
feed	-1.21	0.96
weed	-1.21	0.94
5	-1.21	1.35
wash	-1.20	0.99
nine	-1.20	1.33
pays	-1.20	0.86
separate	-1.20	1.34
cutting	-1.19	0.97
inconvenient	-1.19	1.64
figures	-1.19	0.90
cry	-1.19	2.45
8	-1.19	1.36
purchasing	-1.19	1.06
dealt	-1.19	1.86
fifteen	-1.18	1.35
trail	-1.18	0.92
changing	-1.18	1.02
7	-1.18	1.36
imply	-1.18	1.09
disabilities	-1.18	1.06
ignoring	-1.17	1.02
toilets	-1.17	1.10
bin	-1.17	1.07
treats	-1.17	0.88
bird	-1.16	0.95
shit	-1.16	1.53
arse	-1.16	1.41
nobody	-1.16	0.90
treated	-1.16	1.02
expectations	-1.16	1.08
fifty	-1.16	1.31
towels	-1.15	0.99
sees	-1.15	1.00
spends	-1.15	0.82
10	-1.15	1.33
admitted	-1.15	2.90
thousand	-1.15	1.32
corporation	-1.15	0.92
reality	-1.15	1.02
witnessed	-1.15	1.89
ruin	-1.15	0.92
acting	-1.15	1.27
lot	-1.14	1.40
realize	-1.14	1.60
boring	-1.14	1.89
hundred	-1.14	1.33
12	-1.14	1.33
screwing	-1.14	1.14
breast	-1.14	0.91
else	-1.13	1.36
outrageous	-1.13	1.11
having	-1.13	1.17
planet	-1.13	2.09
backwards	-1.13	1.15
petty	-1.12	1.10
acid	-1.12	0.96
has	-1.11	1.71
training	-1.11	1.02
utter	-1.11	1.16
literally	-1.10	1.34
own	-1.10	0.88
pet	-1.10	1.08
mop	-1.10	0.93
employees	-1.10	1.16
fat	-1.09	1.31
20	-1.09	1.29
ignorance	-1.09	1.15
restroom	-1.09	1.02
considering	-1.09	1.04
fluid	-1.08	1.07
buying	-1.08	0.95
arent	-1.07	1.13
disturbing	-1.07	1.30
business	-1.06	1.03
smoke	-1.06	0.96
expects	-1.06	0.98
anybody	-1.06	1.32
situations	-1.05	1.34
types	-1.05	1.50
workers	-1.04	1.11
throw	-1.04	1.02
any	-1.04	1.32
fitting	-1.04	1.03
half	-1.04	1.37
whenever	-1.04	1.16
majority	-1.03	1.08
seat	-1.03	0.98
god	-1.03	2.04
reserve	-1.03	0.89
containers	-1.02	0.79
unnecessary	-1.02	1.10
selling	-1.02	0.97
restrooms	-1.02	1.10
consequences	-1.02	0.97
everyday	-1.01	0.97
universal	-1.01	1.11
paycheck	-1.01	0.93
drank	-1.01	0.89
stink	-1.01	1.06
constantly	-1.01	0.90
puts	-1.01	0.81
hundreds	-1.01	1.15
positions	-1.00	1.06
socially	-1.00	1.40
spoiled	-1.00	1.17
defending	-0.99	0.90
practically	-0.99	0.91
talking	-0.99	1.74
feel	-0.98	1.49
finds	-0.98	0.97
stealing	-0.97	1.39
together	-0.97	1.05
scammers	-0.97	1.20
yikes	-0.97	1.21
cow	-0.97	0.84
stuck	-0.97	1.04
rural	-0.97	0.81
discussing	-0.97	0.84
3-4	-0.96	1.27
tend	-0.96	1.27
requests	-0.96	1.16
getting	-0.96	1.56
pig	-0.96	0.99
says	-0.95	1.43
stole	-0.95	0.99
ruining	-0.95	0.84
hiding	-0.95	1.04
nonsense	-0.95	0.88
paying	-0.95	1.50
15	-0.95	1.26
make	-0.95	1.19
asks	-0.95	1.01
situation	-0.94	1.39
wasting	-0.94	1.30
numerous	-0.94	1.88
going	-0.94	2.22
throws	-0.93	0.88
stall	-0.93	0.97
deserved	-0.93	1.00
30	-0.93	1.25
toxic	-0.93	1.07
happens	-0.93	1.61
wipe	-0.92	0.89
scam	-0.92	1.17
performance	-0.92	0.90
symptoms	-0.92	1.03
insisting	-0.92	1.05
shower	-0.92	0.84
living	-0.91	0.83
suspect	-0.91	1.12
decides	-0.91	1.07
same	-0.91	1.59
scams	-0.91	1.08
abusive	-0.91	1.15
item	-0.91	1.61
service	-0.91	1.05
hands	-0.91	0.95
gum	-0.91	0.92
amusing	-0.90	2.05
impact	-0.90	0.94
dozen	-0.90	1.39
lived	-0.90	0.83
40	-0.90	1.21
purpose	-0.90	0.94
mainly	-0.90	1.00
matter	-0.89	1.56
costing	-0.89	1.14
items	-0.89	1.48
tag	-0.88	1.78
knew	-0.88	1.45
sell	-0.88	0.95
constant	-0.88	0.84
he/she	-0.88	0.86
happen	-0.88	1.90
dropped	-0.88	1.03
building	-0.87	0.94
flush	-0.87	1.23
unfortunately	-0.87	1.40
lack	-0.87	1.11
worked	-0.87	1.45
threw	-0.87	0.99
bought	-0.86	0.94
depression	-0.86	1.16
unlike	-0.86	0.81
amounts	-0.86	0.94
important	-0.86	1.57
bug	-0.86	0.98
yup	-0.86	2.01
apparently	-0.86	1.95
favorites	-0.86	2.39
event	-0.85	1.03
powers	-0.85	1.01
rooms	-0.85	0.96
putting	-0.85	1.18
telling	-0.85	1.86
total	-0.85	1.23
mess	-0.85	0.98
boot	-0.85	0.95
buy	-0.84	0.90
plausible	-0.84	1.38
earn	-0.84	0.96
awkward	-0.84	1.64
mine	-0.84	1.11
yet	-0.84	2.04
bitter	-0.84	1.37
2014	-0.84	1.09
bothering	-0.84	1.67
trips	-0.84	0.81
confuse	-0.84	1.07
spill	-0.84	0.90
tobacco	-0.84	0.88
suffer	-0.84	1.23
deliberately	-0.84	0.97
scale	-0.84	0.85
revenue	-0.83	0.90
pity	-0.83	0.97
huge	-0.83	1.07
screw	-0.83	1.13
care	-0.83	1.33
mixed	-0.83	1.03
staff	-0.83	1.10
tiny	-0.83	1.27
difference	-0.83	1.34
pool	-0.82	0.93
cashiers	-0.82	1.16
dishes	-0.82	0.90
price	-0.82	1.58
breathing	-0.81	0.79
actions	-0.81	1.02
poisoning	-0.81	1.00
realised	-0.81	2.93
anyone	-0.81	1.58
handling	-0.81	1.01
5-10	-0.81	1.21
often	-0.81	1.50
done	-0.81	2.09
rat	-0.81	1.04
illegal	-0.81	1.39
involved	-0.80	0.99
bible	-0.80	1.08
stressful	-0.80	1.56
flavor	-0.80	0.89
instead	-0.80	0.95
headache	-0.80	0.96
each	-0.80	1.21
explicitly	-0.79	1.77
however	-0.79	1.44
sweat	-0.79	0.99
theirs	-0.79	0.88
sold	-0.79	0.90
ocd	-0.79	1.14
documented	-0.79	0.98
crew	-0.79	0.98
applies	-0.79	0.98
hell	-0.79	1.54
somehow	-0.79	1.14
happened	-0.79	2.12
installed	-0.78	0.87
samples	-0.78	0.99
minimal	-0.78	1.09
trying	-0.78	1.71
family	-0.78	0.90
geez	-0.78	1.25
stand	-0.78	1.21
jar	-0.78	0.89
occur	-0.78	1.29
happening	-0.78	1.66
working	-0.77	1.46
sells	-0.77	0.89
tipped	-0.77	0.98
brain	-0.77	0.96
compensation	-0.77	1.02
insisted	-0.77	0.97
packs	-0.77	0.99
named	-0.77	0.78
qualified	-0.77	0.99
allowed	-0.77	1.79
giving	-0.77	1.55
work	-0.77	1.37
tries	-0.77	0.96
personally	-0.77	1.28
plain	-0.77	0.95
required	-0.77	1.44
accuse	-0.76	1.24
co-workers	-0.76	1.17
felt	-0.76	1.44
tantrums	-0.76	0.99
underwear	-0.76	0.97
frankly	-0.76	1.01
random	-0.76	1.17
basket	-0.75	0.97
smokes	-0.75	1.05
pulls	-0.75	0.87
taking	-0.75	1.53
beings	-0.75	1.13
specific	-0.75	1.35
impossible	-0.75	1.27
hotel	-0.75	0.94
hurting	-0.75	0.91
bare	-0.75	1.09
displayed	-0.75	1.72
asm	-0.74	1.03
since	-0.74	1.97
matches	-0.74	1.19
absolute	-0.74	2.67
75	-0.74	1.18
complaining	-0.74	1.31
its	-0.74	1.42
others	-0.74	1.14
iq	-0.74	0.99
been	-0.74	2.17
upper	-0.74	0.83
terribly	-0.74	1.27
grew	-0.73	0.86
bagged	-0.73	1.40
priced	-0.73	1.03
advertised	-0.73	1.54
worker	-0.73	1.08
circle	-0.73	1.01
houses	-0.73	1.02
particularly	-0.73	1.12
whose	-0.73	1.00
list	-0.73	1.06
mass	-0.73	0.84
room	-0.72	0.91
reward	-0.72	1.12
big	-0.72	1.09
understand	-0.72	1.35
drop	-0.72	0.99
cat	-0.72	0.87
saves	-0.72	1.00
put	-0.72	1.01
diarrhea	-0.72	1.02
supervisors	-0.71	1.09
kept	-0.71	1.00
thankfully	-0.71	1.41
placed	-0.71	0.99
off	-0.71	1.03
meant	-0.71	3.04
flow	-0.71	0.93
sucked	-0.70	1.03
casino	-0.70	0.83
overheard	-0.70	1.14
steal	-0.70	1.15
washing	-0.70	1.00
dog	-0.69	0.92
humans	-0.69	1.03
mild	-0.69	0.97
medicine	-0.69	1.03
odd	-0.69	1.54
eaten	-0.69	1.21
millions	-0.69	0.98
explain	-0.69	1.20
without	-0.68	0.94
usually	-0.68	1.59
examples	-0.68	1.03
expensive	-0.68	1.40
labour	-0.68	1.08
blew	-0.68	1.08
brand	-0.68	1.18
single	-0.68	1.75
whom	-0.68	1.07
gotten	-0.68	2.03
excuses	-0.68	0.98
describe	-0.67	0.93
shits	-0.67	1.10
fancy	-0.67	1.02
position	-0.67	1.05
major	-0.67	1.10
current	-0.67	1.42
bother	-0.67	1.64
refusing	-0.67	1.06
stack	-0.67	0.92
more	-0.67	1.29
million	-0.67	1.08
keep	-0.67	1.15
mention	-0.67	1.48
decide	-0.67	1.15
ones	-0.67	1.42
met	-0.67	2.54
accused	-0.67	1.17
discounted	-0.67	1.16
issue	-0.67	1.11
encounter	-0.67	1.51
lied	-0.67	1.16
teenage	-0.67	1.37
haggling	-0.67	3.00
salary	-0.67	0.88
someone	-0.67	1.37
prep	-0.67	0.91
identical	-0.66	1.32
fed	-0.66	0.96
find	-0.66	1.23
ex	-0.66	0.87
bring	-0.66	0.98
jackass	-0.66	1.15
companies	-0.66	1.04
leeway	-0.66	1.09
luxury	-0.66	0.95
liable	-0.66	0.95
abusing	-0.66	1.07
devil	-0.66	2.34
combined	-0.66	0.95
require	-0.66	1.07
fathom	-0.66	1.13
fry	-0.65	0.83
stress	-0.65	1.00
body	-0.65	0.90
purely	-0.65	0.95
believes	-0.65	0.86
adhd	-0.65	1.18
warehouse	-0.65	0.88
percent	-0.65	1.11
letting	-0.65	1.47
places	-0.65	1.40
citizens	-0.65	0.83
ended	-0.65	0.99
acted	-0.65	1.04
cage	-0.65	0.99
aspect	-0.65	1.04
forgot	-0.65	2.69
spilled	-0.65	0.85
simply	-0.65	1.59
needs	-0.64	0.95
public	-0.64	1.03
99	-0.64	1.12
habit	-0.64	0.79
which	-0.64	1.78
stereotype	-0.64	1.24
an	-0.64	1.24
floors	-0.64	0.85
mostly	-0.64	1.27
trained	-0.64	1.19
completed	-0.63	1.10
property	-0.63	0.94
attempting	-0.63	1.41
firing	-0.63	1.03
cigarettes	-0.63	0.89
understands	-0.63	0.93
wage	-0.63	0.92
ve	-0.63	3.17
throwing	-0.63	0.96
known	-0.63	1.32
25	-0.63	1.12
seem	-0.63	1.39
juice	-0.63	0.81
alcoholic	-0.63	1.12
merchandise	-0.63	1.10
assigned	-0.63	1.09
sake	-0.62	1.23
canadians	-0.62	1.11
because	-0.62	1.90
cats	-0.62	0.95
oddly	-0.62	1.10
100s	-0.62	1.11
looks	-0.62	1.35
sale	-0.62	1.47
stairs	-0.62	0.94
bosses	-0.62	1.12
attacks	-0.62	1.02
things	-0.62	1.46
convince	-0.62	1.13
45	-0.61	1.15
advanced	-0.61	0.94
somebody	-0.61	1.10
restricted	-0.61	0.96
owe	-0.61	1.27
occurred	-0.61	1.19
9	-0.61	1.16
allowing	-0.61	0.96
owned	-0.61	0.98
committed	-0.61	1.09
whatsoever	-0.61	0.94
abandoned	-0.61	1.07
stretch	-0.61	1.23
social	-0.61	1.16
making	-0.60	1.43
cater	-0.60	1.12
peanut	-0.60	0.74
booze	-0.60	0.86
applied	-0.60	0.83
anything	-0.60	1.69
lead	-0.60	0.99
locations	-0.60	1.11
tear	-0.60	0.89
massive	-0.60	1.04
folks	-0.60	1.39
sure	-0.60	2.14
11	-0.60	1.15
units	-0.60	0.89
lose	-0.59	1.05
managing	-0.59	1.03
deadly	-0.59	1.02
contracts	-0.59	1.38
legally	-0.59	1.48
messy	-0.59	1.37
offend	-0.59	1.36
bag	-0.59	0.90
bit	-0.59	1.57
1000	-0.59	1.16
sticker	-0.59	1.43
management	-0.59	0.91
track	-0.59	0.82
names	-0.59	1.11
germs	-0.59	0.82
environment	-0.59	1.01
place	-0.59	1.30
inclined	-0.59	1.37
spouse	-0.59	0.89
society	-0.58	0.97
console	-0.58	0.89
issues	-0.58	1.14
farm	-0.58	1.04
digging	-0.58	1.22
inability	-0.58	0.98
asking	-0.58	1.60
mean	-0.58	1.95
victim	-0.58	0.96
injury	-0.58	0.94
sober	-0.58	1.07
sketchy	-0.58	1.52
closest	-0.58	1.19
broken	-0.58	0.97
cos	-0.58	0.98
principle	-0.58	1.04
ca	-0.58	1.74
wheel	-0.57	0.93
grief	-0.57	1.03
ot	-0.57	1.01
woke	-0.57	1.19
nervous	-0.57	2.47
60	-0.57	1.09
families	-0.57	0.86
50	-0.57	1.07
feeding	-0.57	0.91
shitting	-0.57	0.97
grabbed	-0.57	0.96
claimed	-0.57	1.14
whining	-0.57	1.03
small	-0.57	1.02
chains	-0.57	1.00
agreeing	-0.57	1.39
church	-0.57	1.14
controlled	-0.57	1.14
who	-0.57	1.27
owns	-0.57	0.93
smoking	-0.57	0.89
zero	-0.57	1.04
wages	-0.56	0.87
found	-0.56	1.53
gets	-0.56	0.89
sued	-0.56	0.97
tantrum	-0.56	1.07
electrical	-0.56	1.14
fact	-0.56	1.83
test	-0.56	0.88
afterwards	-0.56	1.05
contains	-0.56	0.77
brat	-0.56	1.05
pissing	-0.56	0.91
thrown	-0.56	1.04
hourly	-0.56	0.92
tasks	-0.56	1.03
jobs	-0.56	1.24
folk	-0.56	1.19
bs	-0.56	1.06
soap	-0.56	0.88
scanned	-0.56	1.76
unions	-0.55	0.97
go	-0.55	1.44
alot	-0.55	0.96
agreement	-0.55	1.52
handle	-0.55	1.03
forth	-0.55	0.89
tests	-0.55	0.85
norm	-0.55	0.98
necessarily	-0.55	1.51
handled	-0.55	1.04
24	-0.55	1.06
protected	-0.55	0.92
self	-0.55	0.98
miserable	-0.55	2.40
fraud	-0.55	1.02
reputation	-0.55	0.87
holding	-0.55	0.97
wears	-0.55	0.75
return	-0.55	0.99
urge	-0.54	1.03
rid	-0.54	0.77
profits	-0.54	0.99
ton	-0.54	1.37
itself	-0.54	1.01
picks	-0.54	0.82
cigs	-0.54	0.88
able	-0.54	1.72
wanted	-0.54	1.45
wtf	-0.54	2.19
rent	-0.54	0.91
speaks	-0.54	0.99
blind	-0.54	0.94
disorder	-0.54	1.01
twice	-0.54	1.97
grocery	-0.54	1.15
rubber	-0.53	0.94
bitching	-0.53	1.11
clocked	-0.53	1.27
approve	-0.53	0.88
ignored	-0.53	0.94
obligated	-0.53	1.60
intent	-0.53	0.98
sign	-0.53	1.87
part	-0.53	3.03
neighbor	-0.53	0.93
fast	-0.53	1.17
side	-0.53	1.11
christian	-0.53	1.18
lonely	-0.53	2.34
individually	-0.53	1.16
hotels	-0.53	1.01
co	-0.53	0.98
ban	-0.53	1.02
purposely	-0.53	0.92
underneath	-0.52	1.03
themselves	-0.52	1.11
logo	-0.52	1.16
easiest	-0.52	2.83
holes	-0.52	1.05
spending	-0.52	0.99
promoted	-0.52	0.90
willing	-0.52	1.61
then	-0.52	1.74
touched	-0.52	1.07
insurance	-0.52	0.92
competitor	-0.52	1.10
occasions	-0.52	1.31
wo	-0.52	1.70
servers	-0.52	0.92
blocks	-0.52	0.92
lesser	-0.51	0.93
returning	-0.51	1.09
lactose	-0.51	0.77
by	-0.51	1.13
stolen	-0.51	0.96
tried	-0.51	1.44
clerks	-0.51	1.11
exposed	-0.51	0.95
sun	-0.51	0.98
something	-0.51	1.69
perfect	-0.51	1.61
whatever	-0.51	1.72
belong	-0.51	1.06
associates	-0.51	1.13
hostile	-0.51	0.98
handing	-0.51	1.15
needed	-0.51	1.37
activity	-0.51	1.00
unbelievable	-0.50	1.26
should	-0.50	1.73
once	-0.50	1.94
exact	-0.50	3.00
afford	-0.50	1.12
wet	-0.50	0.87
popular	-0.50	1.02
hanging	-0.50	0.91
our	-0.50	1.01
either	-0.50	1.83
hurt	-0.50	1.04
talked	-0.50	0.93
bags	-0.50	0.95
honor	-0.50	1.10
between	-0.50	1.02
purchase	-0.50	0.98
incident	-0.50	1.13
pets	-0.50	0.93
hard	-0.50	2.26
90	-0.50	1.04
sheets	-0.50	0.87
expect	-0.49	1.59
bull	-0.49	1.00
facility	-0.49	1.03
failing	-0.49	0.81
abused	-0.49	1.01
yellow	-0.49	0.96
retailer	-0.49	1.00
too	-0.49	1.41
piece	-0.49	1.01
cleaner	-0.49	0.83
members	-0.49	0.92
may	-0.49	1.32
troll	-0.49	1.08
trip	-0.49	0.84
funny	-0.49	2.29
never	-0.49	2.15
walks	-0.49	0.92
dream	-0.49	1.92
owners	-0.49	1.00
struggle	-0.49	0.84
chain	-0.49	1.04
creating	-0.49	1.08
dogs	-0.48	0.96
shelf	-0.48	1.08
stores	-0.48	1.03
100	-0.48	1.05
unknown	-0.48	1.07
course	-0.48	1.90
fold	-0.48	0.87
1	-0.48	1.08
14	-0.48	1.14
animal	-0.48	0.92
intention	-0.48	0.85
dangerous	-0.48	1.42
hassle	-0.48	1.03
clearance	-0.48	1.40
product	-0.48	1.30
bloody	-0.48	1.11
does	-0.48	1.57
stopping	-0.48	0.93
were	-0.48	1.63
authorized	-0.48	1.02
started	-0.48	0.88
where	-0.48	1.74
beliefs	-0.48	1.09
facing	-0.48	1.11
diabetic	-0.48	1.26
create	-0.48	0.97
severe	-0.47	1.16
kills	-0.47	0.92
shut	-0.47	1.16
dunno	-0.47	1.40
mothers	-0.47	1.11
sends	-0.47	0.79
theft	-0.47	1.09
emotional	-0.47	0.96
large	-0.47	0.97
intend	-0.47	1.60
regularly	-0.47	0.81
universe	-0.47	1.01
illness	-0.47	1.28
store	-0.47	1.05
save	-0.47	0.98
benefit	-0.47	0.96
sized	-0.47	0.82
specialty	-0.47	0.97
needing	-0.47	1.11
rip	-0.47	1.03
healthcare	-0.47	0.98
35	-0.47	1.08
towel	-0.47	0.87
reason	-0.47	1.66
now	-0.46	1.96
lie	-0.46	1.32
bugs	-0.46	1.26
damaged	-0.46	0.91
kicking	-0.46	1.02
harassing	-0.46	1.03
clothes	-0.46	0.87
minimum	-0.46	0.94
wanting	-0.46	1.31
value	-0.46	1.05
fewer	-0.46	1.04
instance	-0.46	1.30
advertise	-0.46	1.06
counts	-0.46	0.98
1/2	-0.46	1.04
80	-0.46	1.06
establishment	-0.46	1.01
businesses	-0.46	0.92
employee	-0.46	1.09
visited	-0.46	1.29
oil	-0.45	0.82
explode	-0.45	0.98
bacteria	-0.45	0.94
minor	-0.45	0.97
worth	-0.45	0.96
defective	-0.45	0.93
gloves	-0.45	0.81
recently	-0.45	1.39
hired	-0.45	0.91
shove	-0.45	1.11
pack	-0.45	1.13
bagger	-0.45	1.05
reservation	-0.45	0.91
abuse	-0.45	0.97
favourite	-0.45	2.20
labeled	-0.45	1.52
owner	-0.45	1.00
presumably	-0.45	0.98
ordering	-0.45	1.01
assistant	-0.45	0.94
could	-0.45	1.65
liar	-0.45	1.12
tips	-0.45	0.89
nuts	-0.44	0.96
colleague	-0.44	0.94
burning	-0.44	1.10
duties	-0.44	1.14
person	-0.44	1.43
sharp	-0.44	1.12
sexual	-0.44	0.96
separately	-0.44	1.63
justified	-0.44	2.77
built	-0.44	0.75
give	-0.44	1.25
slightly	-0.44	1.49
point	-0.44	1.79
review	-0.44	1.11
animals	-0.44	0.94
kill	-0.44	1.01
underage	-0.44	0.91
caused	-0.44	1.10
experienced	-0.44	1.69
trouble	-0.44	1.17
anxiety	-0.44	1.13
manage	-0.44	1.04
specifically	-0.44	1.39
paid	-0.44	0.93
figure	-0.44	1.24
alcohol	-0.44	0.91
messing	-0.44	1.39
200	-0.44	1.06
anymore	-0.44	1.58
dislike	-0.44	1.08
mouth	-0.43	0.96
couldnt	-0.43	1.19
he	-0.43	1.54
allergy	-0.43	0.87
tags	-0.43	1.38
enforcement	-0.43	0.94
condescending	-0.43	1.45
campus	-0.43	0.92
restaurants	-0.43	0.97
damnit	-0.43	1.18
fit	-0.43	0.95
saved	-0.43	0.91
costs	-0.43	0.93
comes	-0.43	1.03
bigger	-0.43	1.04
organization	-0.43	0.95
load	-0.43	0.92
power	-0.43	0.92
groceries	-0.43	1.06
aisle	-0.43	1.02
necessary	-0.43	0.92
covering	-0.43	0.97
regional	-0.43	0.92
bits	-0.43	0.90
blow	-0.43	1.08
responsibility	-0.43	1.04
sm	-0.42	0.98
queue	-0.42	1.09
supervisor	-0.42	1.00
especially	-0.42	1.33
allow	-0.42	1.09
pa	-0.42	0.89
properly	-0.42	1.47
punched	-0.42	0.94
powerful	-0.42	1.11
balls	-0.42	1.35
avoided	-0.42	1.47
told	-0.42	1.27
net	-0.42	1.03
promptly	-0.42	1.02
brains	-0.42	1.04
dm	-0.42	1.00
blown	-0.42	1.01
pharmacy	-0.42	1.07
accurate	-0.42	1.28
monkey	-0.42	0.94
cost	-0.42	0.96
coworkers	-0.42	1.29
plus	-0.42	0.94
laundry	-0.42	0.85
logic	-0.42	0.98
thru	-0.42	0.98
times	-0.42	1.65
thief	-0.41	1.09
said	-0.41	1.64
maximum	-0.41	1.07
picked	-0.41	1.14
birds	-0.41	0.98
kitchen	-0.41	0.86
franchise	-0.41	0.93
believe	-0.41	1.59
scheme	-0.41	1.06
chew	-0.41	0.92
horribly	-0.41	1.22
worse	-0.41	1.38
become	-0.41	1.15
creepy	-0.41	2.40
spend	-0.41	0.98
practices	-0.41	1.03
conversations	-0.41	1.08
see	-0.41	1.34
manager	-0.41	1.03
convert	-0.41	1.00
bully	-0.41	0.96
associate	-0.41	1.04
freeze	-0.41	0.98
peanuts	-0.41	0.74
tossed	-0.41	0.96
teachers	-0.40	0.99
enough	-0.40	1.52
pick	-0.40	1.11
blamed	-0.40	1.03
quite	-0.40	1.26
chunk	-0.40	0.90
take	-0.40	1.28
in-store	-0.40	0.95
walking	-0.40	1.33
pay	-0.40	0.95
essentially	-0.40	0.98
garage	-0.40	0.89
preferred	-0.40	1.01
way	-0.40	1.63
rarely	-0.40	1.19
dollars	-0.40	1.04
liquor	-0.40	0.90
expiration	-0.40	1.14
16	-0.40	1.10
shop	-0.40	1.01
boobs	-0.39	0.86
harmless	-0.39	1.27
come	-0.39	1.39
caffeine	-0.39	0.86
electronic	-0.39	0.96
non	-0.39	0.95
steam	-0.39	0.96
stock	-0.39	1.21
whoever	-0.39	1.11
worry	-0.39	1.50
particular	-0.39	1.41
badge	-0.39	1.18
intentionally	-0.39	1.13
bins	-0.39	0.89
belt	-0.39	1.00
shots	-0.39	0.77
collect	-0.39	0.96
swearing	-0.39	1.07
know	-0.39	1.74
wonders	-0.39	1.08
employer	-0.39	0.98
400	-0.39	1.04
only	-0.39	1.85
almost	-0.39	1.47
effect	-0.39	0.97
former	-0.39	1.03
want	-0.39	1.65
commission	-0.39	0.90
ever	-0.39	3.25
larger	-0.38	0.96
wheat	-0.38	0.72
fuckin	-0.38	1.52
successfully	-0.38	1.25
irrelevant	-0.38	1.18
pressed	-0.38	1.02
uniform	-0.38	1.10
beer	-0.38	0.86
jump	-0.38	0.99
calling	-0.38	1.53
therapy	-0.38	0.94
condition	-0.38	1.21
used	-0.38	1.47
full	-0.38	0.95
yourself	-0.38	1.32
problem	-0.38	1.54
held	-0.38	0.91
throat	-0.38	0.95
mins	-0.38	1.13
interaction	-0.38	1.12
why	-0.38	1.64
walk	-0.38	1.26
resources	-0.38	0.95
failure	-0.38	0.97
mommy	-0.38	1.10
how	-0.38	1.61
decided	-0.38	1.22
grab	-0.38	0.95
occurrence	-0.38	1.25
takes	-0.38	1.12
cheat	-0.38	1.17
trick	-0.38	0.93
temper	-0.38	0.97
painful	-0.38	1.32
contract	-0.38	1.52
overtime	-0.38	0.98
ingredients	-0.37	0.80
drug	-0.37	0.89
prevent	-0.37	0.80
tree	-0.37	0.92
regarding	-0.37	1.16
sexually	-0.37	0.99
cover	-0.37	1.03
forcing	-0.37	0.99
vat	-0.37	1.04
minute	-0.37	1.12
bowl	-0.37	0.90
his/her	-0.37	0.90
boss	-0.37	1.13
box	-0.37	0.95
countries	-0.37	1.12
stocked	-0.37	0.96
did	-0.37	1.64
regardless	-0.37	0.88
routinely	-0.37	0.96
amusement	-0.37	0.95
bleach	-0.37	0.77
desperately	-0.37	0.99
spray	-0.37	0.87
decision	-0.37	1.01
prove	-0.37	1.25
disability	-0.37	0.99
certainly	-0.37	1.31
brands	-0.37	0.95
warm	-0.37	1.10
filled	-0.37	0.83
min	-0.37	1.09
onto	-0.37	0.92
exempt	-0.37	0.91
anger	-0.37	1.00
table	-0.37	0.86
warn	-0.36	1.11
materials	-0.36	0.85
specify	-0.36	1.28
nowadays	-0.36	0.98
becoming	-0.36	1.03
affected	-0.36	0.86
verbally	-0.36	1.02
habits	-0.36	0.97
vast	-0.36	0.91
justify	-0.36	1.00
need	-0.36	1.62
operate	-0.36	0.91
parent	-0.36	1.04
company	-0.36	0.98
beauty	-0.36	0.94
haggle	-0.36	1.15
cities	-0.36	0.91
rang	-0.36	1.57
crowd	-0.36	0.87
income	-0.36	0.90
empty	-0.35	0.88
packed	-0.35	1.00
minors	-0.35	0.97
sick	-0.35	1.53
hold	-0.35	1.12
bonus	-0.35	0.91
28	-0.35	1.07
breaking	-0.35	1.10
national	-0.35	0.92
control	-0.35	1.02
harm	-0.35	1.05
pounds	-0.35	1.02
money	-0.35	1.05
attempt	-0.35	1.11
chose	-0.35	0.97
legit	-0.35	1.25
huff	-0.35	1.05
allergies	-0.35	0.71
complained	-0.35	0.84
midwest	-0.35	0.97
energy	-0.35	0.92
300	-0.35	1.01
retailers	-0.35	0.98
switching	-0.35	1.05
before	-0.35	1.80
train	-0.35	0.87
wrapped	-0.35	0.86
rung	-0.35	1.44
supply	-0.35	0.99
usual	-0.34	1.10
profit	-0.34	0.93
cashier	-0.34	1.08
variety	-0.34	0.96
operation	-0.34	1.09
effects	-0.34	1.06
pulling	-0.34	0.98
insanely	-0.34	1.16
orders	-0.34	0.98
pull	-0.34	1.11
primarily	-0.34	0.90
dry	-0.34	0.83
still	-0.34	1.77
shoppers	-0.34	1.00
cent	-0.34	0.96
tool	-0.34	1.14
knock	-0.34	1.08
appears	-0.34	1.11
allergic	-0.34	0.82
bucks	-0.34	1.03
giant	-0.34	0.93
stopped	-0.34	0.90
daddy	-0.34	1.14
herself	-0.34	1.05
sooooo	-0.33	1.37
lawyer	-0.33	1.08
reach	-0.33	0.98
sales	-0.33	0.98
arguing	-0.33	1.45
previously	-0.33	1.49
cigarette	-0.33	0.86
tell	-0.33	1.48
bottle	-0.33	0.82
ways	-0.33	1.14
ask	-0.33	1.43
cart	-0.33	0.98
values	-0.33	0.98
knocked	-0.33	1.00
kid	-0.33	1.23
even	-0.33	1.66
hung	-0.33	1.22
customer	-0.33	1.27
asked	-0.33	1.31
bitched	-0.33	1.49
refuse	-0.33	1.18
hour	-0.33	1.15
apart	-0.33	0.94
hit	-0.33	1.00
carries	-0.33	0.88
isle	-0.33	0.96
carded	-0.33	0.96
start	-0.32	1.00
screwed	-0.32	1.08
kids	-0.32	1.25
hiring	-0.32	1.22
location	-0.32	1.02
sports	-0.32	0.93
common	-0.32	1.38
corporate	-0.32	0.97
hire	-0.32	0.96
opens	-0.32	0.95
morale	-0.32	0.92
grabs	-0.32	0.81
poorly	-0.32	1.03
break	-0.32	1.05
per	-0.32	0.99
dates	-0.32	1.18
towards	-0.32	1.04
oz	-0.32	0.91
us	-0.32	1.33
meeting	-0.32	0.94
included	-0.32	1.27
needless	-0.32	0.91
ring	-0.32	1.24
packing	-0.32	0.98
24/7	-0.32	0.86
mum	-0.32	1.00
amount	-0.32	1.00
desire	-0.32	1.04
taxes	-0.32	0.95
lost	-0.32	1.00
punish	-0.32	0.98
low	-0.31	1.02
jumped	-0.31	0.97
cans	-0.31	0.85
focused	-0.31	1.06
13	-0.31	1.08
seconds	-0.31	1.12
ups	-0.31	0.93
his	-0.31	1.01
air	-0.31	0.92
got	-0.31	1.28
permission	-0.31	0.99
district	-0.31	0.92
barely	-0.31	1.01
signage	-0.31	1.50
tourists	-0.31	1.04
success	-0.31	1.16
cents	-0.31	1.02
kick	-0.31	1.15
ripping	-0.31	1.03
upstairs	-0.31	0.89
damaging	-0.30	0.93
kicked	-0.30	1.02
receive	-0.30	0.93
ground	-0.30	0.94
continue	-0.30	0.84
bound	-0.30	0.99
wine	-0.30	0.84
argument	-0.30	0.94
trade	-0.30	0.92
weigh	-0.30	0.92
lasted	-0.30	1.23
spot	-0.30	1.16
brush	-0.30	0.85
mentioning	-0.30	0.95
damage	-0.30	0.90
spent	-0.30	1.09
drinking	-0.30	0.88
federal	-0.30	0.93
storm	-0.30	0.77
clothing	-0.30	0.95
server	-0.30	0.86
toddler	-0.30	1.01
colleagues	-0.30	0.98
pockets	-0.30	0.93
anywhere	-0.30	1.31
checkouts	-0.30	0.97
blame	-0.30	1.09
scamming	-0.30	1.28
breaks	-0.30	0.98
law	-0.30	0.99
valuable	-0.30	1.17
26	-0.29	1.06
diagnosed	-0.29	0.89
seems	-0.29	1.50
someones	-0.29	1.11
escalated	-0.29	1.08
over	-0.29	1.08
largest	-0.29	0.99
proof	-0.29	1.08
shoplifters	-0.29	1.07
blowing	-0.29	1.07
shelves	-0.29	0.91
thousands	-0.29	1.15
argued	-0.29	1.13
quickly	-0.29	1.23
damages	-0.29	0.96
very	-0.29	1.28
lid	-0.29	0.97
areas	-0.29	0.93
basement	-0.29	0.94
dollar	-0.29	0.98
cold	-0.29	0.88
checkout	-0.29	1.01
turning	-0.29	1.16
drops	-0.29	0.85
deny	-0.29	0.96
feet	-0.29	1.05
convenience	-0.29	0.99
complaints	-0.29	1.02
entrance	-0.28	1.01
causes	-0.28	1.02
severely	-0.28	0.95
brown	-0.28	0.90
destroyed	-0.28	0.93
tables	-0.28	0.79
minutes	-0.28	1.17
supermarket	-0.28	0.96
spelled	-0.28	2.96
charging	-0.28	0.97
at-will	-0.28	0.99
plastic	-0.28	0.87
monster	-0.28	1.02
near	-0.28	0.95
confront	-0.28	0.99
snakes	-0.28	0.93
ids	-0.28	0.98
meds	-0.28	1.00
attention	-0.28	1.16
reserved	-0.28	1.23
town	-0.28	0.92
gone	-0.28	1.61
myself	-0.28	1.31
boxes	-0.28	0.90
products	-0.28	0.87
score	-0.28	0.98
co-worker	-0.27	1.11
reaction	-0.27	1.01
taxed	-0.27	0.91
ridiculously	-0.27	1.17
ive	-0.27	1.94
adults	-0.27	1.14
volume	-0.27	0.86
about	-0.27	1.68
leaving	-0.27	1.32
also	-0.27	1.74
snake	-0.27	0.91
hires	-0.27	0.99
shops	-0.27	0.97
constitute	-0.27	1.05
charged	-0.27	1.01
carry	-0.27	0.91
bite	-0.27	0.96
mental	-0.27	1.35
pad	-0.27	0.98
lab	-0.27	0.99
grandmother	-0.27	0.99
coworker	-0.27	1.14
turnover	-0.27	0.92
design	-0.27	0.94
supermarkets	-0.27	0.99
ebay	-0.27	0.84
equally	-0.27	1.03
understandable	-0.27	1.13
knives	-0.27	0.74
much	-0.27	1.28
besides	-0.27	1.05
metric	-0.27	0.65
retired	-0.27	0.96
reduced	-0.27	0.91
believing	-0.27	1.21
recognize	-0.27	1.03
shelter	-0.26	0.92
clock	-0.26	1.36
electronics	-0.26	0.96
pitch	-0.26	0.98
counter	-0.26	0.97
discounts	-0.26	0.92
reviews	-0.26	1.04
cough	-0.26	1.07
harassed	-0.26	1.03
nor	-0.26	0.90
500	-0.26	1.03
ignore	-0.26	1.03
benefits	-0.26	0.85
cheapest	-0.26	3.10
defend	-0.26	0.97
butt	-0.26	1.04
leave	-0.26	1.41
husband	-0.26	1.01
pocket	-0.26	0.93
vary	-0.26	0.94
gm	-0.26	0.98
tax	-0.26	1.00
evil	-0.26	1.33
maybe	-0.26	1.72
tested	-0.26	0.78
interactions	-0.26	1.16
struggling	-0.25	0.99
friends	-0.25	1.17
heaven	-0.25	1.14
relatives	-0.25	0.94
cap	-0.25	0.93
fair	-0.25	1.51
refunds	-0.25	0.96
bridge	-0.25	0.95
passes	-0.25	0.87
ability	-0.25	1.03
door	-0.25	1.00
cheaper	-0.25	0.97
curse	-0.25	0.89
burn	-0.25	1.00
teaching	-0.25	0.97
advantage	-0.25	0.96
beyond	-0.25	1.12
row	-0.25	1.13
brother	-0.25	1.15
electric	-0.25	0.87
unable	-0.25	1.31
exactly	-0.25	1.66
bringing	-0.25	0.85
private	-0.25	0.89
club	-0.25	0.81
kind	-0.25	1.45
thing	-0.25	1.73
gallon	-0.25	0.82
greet	-0.24	1.07
pretty	-0.24	1.45
time	-0.24	1.75
ed	-0.24	0.93
him	-0.24	1.34
stage	-0.24	0.89
disease	-0.24	0.99
slightest	-0.24	0.96
sea	-0.24	0.83
wait	-0.24	1.10
wallet	-0.24	1.08
orange	-0.24	0.86
mid	-0.24	1.00
switched	-0.24	0.99
magical	-0.24	0.97
percentage	-0.24	0.95
team	-0.24	0.92
shoe	-0.24	0.89
took	-0.24	1.24
warned	-0.24	1.20
unlikely	-0.24	2.32
thrift	-0.24	1.00
concept	-0.24	0.94
ringing	-0.24	1.37
sincerely	-0.24	1.07
view	-0.24	0.93
director	-0.24	0.94
adult	-0.24	1.12
apple	-0.24	0.83
than	-0.24	1.22
temp	-0.24	1.00
requiring	-0.24	1.09
began	-0.24	0.87
legal	-0.24	1.01
extended	-0.24	0.91
picky	-0.23	1.50
carts	-0.23	0.90
refuses	-0.23	1.01
officers	-0.23	0.95
perform	-0.23	0.95
prices	-0.23	1.36
she	-0.23	1.38
storage	-0.23	0.86
rep	-0.23	0.97
events	-0.23	0.95
child	-0.23	1.08
notice	-0.23	1.14
function	-0.23	0.88
teach	-0.23	0.97
clerk	-0.23	0.96
continues	-0.23	0.98
wondering	-0.23	1.50
torn	-0.23	0.99
intense	-0.23	1.11
owed	-0.23	1.01
argue	-0.23	1.16
quit	-0.23	1.02
hardware	-0.23	0.95
slapped	-0.23	1.07
fits	-0.23	1.09
nowhere	-0.23	1.17
leader	-0.23	0.93
moving	-0.23	1.14
bubble	-0.23	0.90
employment	-0.23	0.97
fruit	-0.23	0.82
deserve	-0.23	1.03
date	-0.23	1.16
coupon	-0.23	1.07
area	-0.23	0.91
let	-0.22	1.56
baffled	-0.22	1.21
150	-0.22	1.00
penny	-0.22	0.96
hers	-0.22	1.10
22	-0.22	1.06
tall	-0.22	1.14
gluten	-0.22	0.84
nail	-0.22	0.97
count	-0.22	1.03
fraudulent	-0.22	0.93
fails	-0.22	0.98
adds	-0.22	0.98
washington	-0.22	1.08
waiter	-0.22	0.87
counted	-0.22	1.06
case	-0.22	1.46
rates	-0.22	0.94
aggressive	-0.22	1.42
restaurant	-0.22	0.92
insanity	-0.22	1.05
months	-0.22	1.23
caught	-0.22	1.03
obligation	-0.22	1.12
climb	-0.22	0.99
married	-0.22	0.91
incredibly	-0.22	1.41
stuffed	-0.22	1.13
looking	-0.22	1.86
mall	-0.22	0.96
wealthy	-0.22	1.01
stepped	-0.21	1.12
fallen	-0.21	0.98
cinema	-0.21	0.93
applying	-0.21	1.20
hand	-0.21	0.91
250	-0.21	0.97
belongs	-0.21	0.99
hr	-0.21	0.96
hits	-0.21	0.93
technology	-0.21	0.81
developed	-0.21	0.94
decency	-0.21	1.10
signature	-0.21	1.31
celiac	-0.21	0.81
office	-0.21	0.95
fake	-0.21	1.11
identify	-0.21	0.79
sugar	-0.21	0.76
returns	-0.21	0.96
request	-0.21	0.98
employers	-0.21	0.98
task	-0.21	1.01
fortunately	-0.21	1.11
sue	-0.21	0.97
changed	-0.21	1.48
boyfriend	-0.21	0.99
bear	-0.21	0.93
candy	-0.21	0.85
knowledge	-0.21	0.97
dining	-0.21	0.88
nickel	-0.21	0.96
repeatedly	-0.21	0.99
attempted	-0.20	0.99
think	-0.20	1.62
charge	-0.20	0.99
running	-0.20	1.30
sticks	-0.20	1.01
roughly	-0.20	1.07
refund	-0.20	0.96
express	-0.20	0.93
awhile	-0.20	1.34
learned	-0.20	1.52
americans	-0.20	1.12
incentive	-0.20	0.96
deep	-0.20	0.84
tills	-0.20	1.04
fuss	-0.20	1.00
register	-0.20	1.05
desk	-0.20	0.95
education	-0.20	0.89
listed	-0.20	1.15
next	-0.20	1.37
refunded	-0.20	1.01
again	-0.20	1.53
daily	-0.20	0.99
shoot	-0.20	1.10
wondered	-0.20	1.23
ny	-0.20	0.88
downtown	-0.20	0.90
equal	-0.20	0.97
qualify	-0.20	0.93
parents	-0.20	1.07
harass	-0.20	1.01
vision	-0.19	0.95
lp	-0.19	0.96
lotto	-0.19	1.01
every	-0.19	1.61
shown	-0.19	1.25
leads	-0.19	1.02
losing	-0.19	0.94
teeth	-0.19	0.98
melt	-0.19	1.03
improvement	-0.19	1.13
easier	-0.19	1.50
hours	-0.19	1.19
outside	-0.19	0.97
correctly	-0.19	3.56
bath	-0.19	1.08
registers	-0.19	1.03
walked	-0.19	1.14
opened	-0.19	0.98
her	-0.19	1.17
arrive	-0.19	1.09
thoughts	-0.19	1.03
claiming	-0.19	1.01
states	-0.19	0.94
serve	-0.19	0.92
fire	-0.19	1.04
schools	-0.19	0.94
neither	-0.19	0.93
branch	-0.19	0.92
attack	-0.18	0.97
might	-0.18	1.64
accept	-0.18	1.01
within	-0.18	1.14
lets	-0.18	0.82
fees	-0.18	0.97
simple	-0.18	1.24
skills	-0.18	0.97
punished	-0.18	0.98
yard	-0.18	0.98
mandatory	-0.18	0.94
past	-0.18	1.26
tipping	-0.18	0.88
guests	-0.18	1.05
ticket	-0.18	1.05
chemical	-0.18	0.90
prepared	-0.18	0.91
crash	-0.18	1.01
food	-0.18	0.88
escalate	-0.18	1.00
flat	-0.18	1.05
deals	-0.18	0.87
hindsight	-0.18	1.06
ourselves	-0.18	0.96
coming	-0.18	1.68
tolerance	-0.18	1.20
shoved	-0.18	0.94
called	-0.18	1.18
island	-0.18	0.96
years	-0.18	1.23
rights	-0.18	0.94
friend	-0.18	1.03
apparent	-0.18	1.13
wire	-0.18	0.90
size	-0.18	0.86
city	-0.18	0.88
manners	-0.18	1.01
given	-0.18	1.28
left	-0.18	1.22
guilt	-0.18	1.02
acceptable	-0.18	1.04
hang	-0.17	1.11
force	-0.17	0.94
classes	-0.17	0.91
extremely	-0.17	1.34
bulk	-0.17	0.87
reasonable	-0.17	1.07
olds	-0.17	1.04
foot	-0.17	0.90
crime	-0.17	0.97
discount	-0.17	1.01
quicker	-0.17	1.23
purse	-0.17	0.92
group	-0.17	1.02
bottom	-0.17	1.00
banana	-0.17	0.94
corn	-0.17	0.78
line	-0.17	1.17
closes	-0.17	1.04
front	-0.17	1.03
planned	-0.17	0.96
falling	-0.17	0.94
stamps	-0.17	0.85
deer	-0.17	0.94
handicapped	-0.17	0.91
protecting	-0.17	0.96
longer	-0.17	1.19
ll	-0.17	1.59
physically	-0.16	1.02
method	-0.16	1.02
cuz	-0.16	1.12
became	-0.16	1.05
donate	-0.16	1.06
split	-0.16	0.95
rack	-0.16	0.92
banned	-0.16	1.02
locked	-0.16	0.99
bars	-0.16	0.89
no	-0.16	1.79
fined	-0.16	0.94
guilty	-0.16	1.10
colour	-0.16	0.95
home	-0.16	1.14
pressure	-0.16	0.91
restrictions	-0.16	0.96
17	-0.16	1.09
wind	-0.16	1.04
provide	-0.16	1.06
dime	-0.16	0.95
back	-0.16	1.36
yelling	-0.16	1.09
sorta	-0.16	1.28
despite	-0.16	1.00
container	-0.16	0.82
effective	-0.16	1.49
closing	-0.16	1.11
threaten	-0.16	1.06
fill	-0.16	0.86
drawer	-0.16	0.98
fee	-0.16	0.98
lights	-0.15	1.00
girlfriend	-0.15	0.97
answer	-0.15	1.60
hood	-0.15	0.99
seasonal	-0.15	1.05
punching	-0.15	0.91
change	-0.15	1.00
breed	-0.15	1.00
eating	-0.15	0.93
purchases	-0.15	0.98
partner	-0.15	0.96
monitor	-0.15	0.88
incorrectly	-0.15	3.65
hm	-0.15	1.10
shipment	-0.15	0.95
refer	-0.15	0.99
goods	-0.15	0.90
europe	-0.15	1.08
banks	-0.15	0.94
pulled	-0.15	1.02
attorney	-0.15	0.93
stations	-0.15	0.90
personal	-0.15	0.98
financial	-0.15	0.93
shirts	-0.15	0.86
streets	-0.15	0.86
government	-0.15	0.87
louder	-0.15	1.08
mind	-0.14	1.47
18	-0.14	1.05
weapons	-0.14	0.93
holder	-0.14	0.67
female	-0.14	1.10
provider	-0.14	1.02
paperwork	-0.14	0.90
seafood	-0.14	0.86
remove	-0.14	1.06
confirmed	-0.14	0.89
include	-0.14	1.06
raises	-0.14	0.95
waited	-0.14	1.09
miles	-0.14	0.93
lobby	-0.14	0.90
shoes	-0.14	0.83
trolley	-0.14	0.94
hmmm	-0.14	1.10
confirm	-0.14	1.01
refused	-0.14	1.19
secure	-0.14	0.95
close	-0.14	1.11
fines	-0.14	0.93
ends	-0.14	0.81
kiosk	-0.14	0.95
switch	-0.14	0.96
handed	-0.14	1.05
belief	-0.14	0.97
open	-0.14	1.04
bills	-0.14	0.94
accusing	-0.14	1.22
escape	-0.14	0.94
job	-0.14	1.40
trespassing	-0.14	1.02
record	-0.14	0.98
payments	-0.14	0.92
concrete	-0.14	0.88
claim	-0.14	0.98
actual	-0.13	0.96
union	-0.13	0.93
rocks	-0.13	0.73
panic	-0.13	1.03
reacted	-0.13	1.04
culture	-0.13	0.89
individuals	-0.13	0.98
department	-0.13	0.96
colors	-0.13	0.90
straw	-0.13	0.88
quarter	-0.13	0.92
beside	-0.13	0.96
less	-0.13	1.17
escort	-0.13	0.99
worded	-0.13	1.11
moves	-0.13	1.01
consent	-0.13	0.98
bus	-0.13	0.85
monthly	-0.13	0.94
assault	-0.13	0.96
pour	-0.13	0.88
iced	-0.13	0.83
exit	-0.13	0.99
false	-0.13	1.25
accepting	-0.13	0.99
flipping	-0.13	1.01
ebt	-0.13	0.85
fired	-0.13	1.09
meanwhile	-0.13	0.90
edge	-0.13	0.89
neighbors	-0.13	1.00
drives	-0.13	0.79
cursing	-0.12	1.08
survey	-0.12	1.00
competitors	-0.12	0.99
pure	-0.12	0.96
wild	-0.12	0.83
unemployment	-0.12	0.95
ambulance	-0.12	1.01
shirt	-0.12	0.91
terminated	-0.12	0.93
moral	-0.12	1.04
deposit	-0.12	0.96
ago	-0.12	1.23
felony	-0.12	0.97
drugs	-0.12	0.92
pushed	-0.12	0.92
cellphone	-0.12	0.98
robbed	-0.12	1.07
sitting	-0.12	0.94
magic	-0.12	0.94
gallons	-0.12	0.86
lift	-0.12	0.94
punch	-0.12	0.98
supposedly	-0.12	0.97
aid	-0.12	0.97
wandering	-0.12	1.09
japan	-0.12	1.07
chairs	-0.12	0.82
didnt	-0.12	1.33
comprehend	-0.12	1.20
theatre	-0.12	1.03
penis	-0.12	0.99
economy	-0.12	0.86
labor	-0.12	0.94
paper	-0.12	0.87
pieces	-0.12	0.92
covers	-0.11	0.93
neighborhood	-0.11	0.91
bob	-0.11	1.05
burns	-0.11	0.99
fountain	-0.11	0.84
shouting	-0.11	0.99
really	-0.11	1.45
math	-0.11	0.95
convenient	-0.11	1.40
quality	-0.11	0.73
call	-0.11	1.17
lane	-0.11	0.92
motherfucker	-0.11	1.14
guns	-0.11	0.92
lottery	-0.11	0.92
drone	-0.11	0.96
discover	-0.11	1.01
basic	-0.11	1.00
interact	-0.11	1.05
try	-0.11	1.50
later	-0.11	1.24
lately	-0.11	1.18
funds	-0.11	0.90
delivered	-0.11	1.01
overnight	-0.11	0.94
shipped	-0.11	0.92
sundays	-0.11	1.19
unpaid	-0.11	1.01
blaming	-0.11	1.22
under	-0.11	0.97
local	-0.11	1.00
anyway	-0.11	1.78
drama	-0.10	0.89
doubt	-0.10	1.34
grown	-0.10	1.09
beat	-0.10	1.21
physical	-0.10	0.94
interview	-0.10	0.86
accommodate	-0.10	0.86
tip	-0.10	0.90
noticed	-0.10	1.83
mexican	-0.10	1.04
after	-0.10	1.14
grill	-0.10	0.86
nearest	-0.10	0.91
fridge	-0.10	0.89
actually	-0.10	1.62
realized	-0.10	1.67
cafe	-0.10	0.89
growing	-0.10	0.96
till	-0.10	1.05
reasoning	-0.10	1.08
loss	-0.10	0.99
came	-0.10	1.20
agree	-0.10	1.57
nearly	-0.10	1.04
least	-0.10	1.41
injured	-0.10	0.93
realizing	-0.10	0.93
d	-0.10	1.63
taught	-0.10	0.98
killed	-0.10	1.14
wore	-0.10	0.85
modern	-0.09	0.84
central	-0.09	0.92
chickens	-0.09	0.87
fashion	-0.09	0.98
claims	-0.09	0.97
apologizing	-0.09	1.00
polo	-0.09	0.91
800	-0.09	0.96
cps	-0.09	0.99
arrest	-0.09	0.96
dropping	-0.09	1.00
corner	-0.09	0.91
parking	-0.09	0.91
transactions	-0.09	0.96
material	-0.09	0.91
vest	-0.09	0.86
shopped	-0.09	1.30
age	-0.09	1.02
scammer	-0.09	1.03
theater	-0.09	1.03
days	-0.09	1.22
immediately	-0.09	1.14
trigger	-0.09	1.07
presents	-0.09	0.99
scanner	-0.09	0.95
rob	-0.09	1.02
dust	-0.09	0.80
idk	-0.09	1.26
tender	-0.09	0.96
turned	-0.09	1.11
relative	-0.09	0.88
emergency	-0.09	1.01
number	-0.09	1.44
snacks	-0.09	1.01
account	-0.09	1.14
flipped	-0.09	0.99
lessons	-0.09	0.94
towns	-0.09	0.89
puppy	-0.09	1.42
exceptions	-0.09	0.83
plates	-0.09	0.84
showed	-0.09	1.17
demand	-0.08	1.05
problems	-0.08	1.02
agency	-0.08	0.91
sides	-0.08	0.96
driving	-0.08	0.91
donated	-0.08	0.91
uk	-0.08	1.07
infuriating	-0.08	1.90
truck	-0.08	0.82
cc	-0.08	1.01
cant	-0.08	1.45
tacos	-0.08	0.86
add	-0.08	0.97
witness	-0.08	1.02
bothered	-0.08	1.18
toward	-0.08	1.02
tickets	-0.08	0.99
sending	-0.08	1.33
pretending	-0.08	1.27
trucks	-0.08	0.86
holds	-0.08	0.83
passed	-0.08	0.94
parks	-0.08	0.90
gf	-0.08	0.92
scratch	-0.08	0.91
children	-0.08	1.11
ladder	-0.08	0.90
yelp	-0.08	1.17
son	-0.08	1.08
bar	-0.08	0.84
amex	-0.08	0.99
coin	-0.08	0.93
turn	-0.08	1.10
daughter	-0.08	1.09
bookstore	-0.08	1.00
famous	-0.08	0.81
seller	-0.08	0.91
around	-0.08	0.91
push	-0.07	0.95
siblings	-0.07	1.04
logical	-0.07	1.13
27	-0.07	1.01
expired	-0.07	0.96
sizes	-0.07	0.89
pants	-0.07	0.86
cash	-0.07	0.96
super	-0.07	1.46
grumpy	-0.07	1.25
charity	-0.07	0.89
world	-0.07	1.53
figured	-0.07	1.32
survive	-0.07	0.94
prevention	-0.07	0.90
reactions	-0.07	1.07
diabetes	-0.07	0.98
depend	-0.07	1.00
mentally	-0.07	0.99
beach	-0.07	0.91
freezer	-0.07	0.87
year	-0.07	1.14
surely	-0.07	0.99
arrested	-0.07	1.00
ontario	-0.07	0.92
profusely	-0.07	1.17
will	-0.07	1.50
experience	-0.07	1.56
instances	-0.07	1.50
authority	-0.07	1.01
end	-0.07	1.36
life	-0.07	1.08
grounds	-0.07	0.96
period	-0.07	1.09
standing	-0.07	1.21
investigation	-0.07	0.98
patrons	-0.07	1.13
pallet	-0.07	1.04
advance	-0.06	1.06
departments	-0.06	1.01
inner	-0.06	0.98
hide	-0.06	0.95
blue	-0.06	0.89
charges	-0.06	0.99
though	-0.06	1.68
alive	-0.06	0.75
shape	-0.06	0.97
cops	-0.06	1.03
fish	-0.06	0.81
shooting	-0.06	1.05
grabbing	-0.06	0.95
doors	-0.06	1.01
lies	-0.06	0.98
rented	-0.06	1.00
bucket	-0.06	0.87
pennies	-0.06	0.94
matching	-0.06	0.96
bullet	-0.06	0.92
fairly	-0.06	1.10
screams	-0.06	0.97
against	-0.06	0.96
away	-0.06	1.05
setting	-0.06	0.88
natural	-0.06	0.73
database	-0.06	0.89
lanes	-0.06	0.89
laws	-0.06	0.95
top	-0.06	0.87
liquid	-0.06	0.73
golden	-0.06	0.87
ahead	-0.06	1.17
includes	-0.06	0.91
rewards	-0.06	0.89
population	-0.06	0.93
court	-0.05	0.99
elementary	-0.05	0.96
unattended	-0.05	1.00
statements	-0.05	1.03
display	-0.05	0.95
late	-0.05	1.12
autistic	-0.05	0.97
merchant	-0.05	1.13
harassment	-0.05	0.95
street	-0.05	0.87
considered	-0.05	0.94
admit	-0.05	1.32
filing	-0.05	0.96
signs	-0.05	1.43
free	-0.05	1.05
19	-0.05	1.05
mile	-0.05	0.81
gave	-0.05	1.11
interest	-0.05	0.96
drove	-0.05	0.84
sense	-0.05	1.36
services	-0.05	0.93
opinion	-0.05	0.97
moved	-0.05	0.98
labels	-0.05	1.04
coupons	-0.05	0.96
quarters	-0.05	0.93
behind	-0.05	1.00
fell	-0.05	0.94
furniture	-0.05	0.82
went	-0.05	1.29
persons	-0.05	0.86
police	-0.05	1.01
water	-0.05	0.82
birth	-0.05	0.91
arm	-0.05	0.89
attacked	-0.05	0.96
lawsuit	-0.05	0.95
sit	-0.05	0.92
implies	-0.05	0.95
live	-0.05	0.92
jumping	-0.05	0.82
interrupt	-0.05	1.07
bill	-0.05	0.95
borrow	-0.05	0.99
smaller	-0.05	0.87
offer	-0.05	1.15
pipe	-0.05	1.02
exchange	-0.05	1.11
independent	-0.05	0.87
snapped	-0.04	0.94
gas	-0.04	0.83
void	-0.04	1.01
draw	-0.04	0.96
path	-0.04	0.98
latte	-0.04	0.78
drink	-0.04	0.82
u.s	-0.04	0.97
level	-0.04	0.96
mom	-0.04	1.02
differently	-0.04	1.14
probably	-0.04	1.55
relief	-0.04	1.05
red	-0.04	0.88
relax	-0.04	1.14
recall	-0.04	1.37
ages	-0.04	1.01
checks	-0.04	0.92
january	-0.04	0.89
t-shirt	-0.04	0.84
stay	-0.04	1.16
pride	-0.04	0.85
finish	-0.04	0.99
shared	-0.04	1.34
craft	-0.04	0.90
dad	-0.04	1.02
stating	-0.04	1.75
highly	-0.04	1.29
born	-0.04	0.92
loans	-0.04	0.93
barcode	-0.04	1.29
broke	-0.04	0.92
heavy	-0.04	0.82
peace	-0.04	1.03
rain	-0.04	0.86
raw	-0.04	0.81
threats	-0.04	1.02
ran	-0.04	1.02
instantly	-0.04	0.97
feature	-0.03	0.82
picking	-0.03	1.15
armed	-0.03	0.92
wear	-0.03	0.83
lunch	-0.03	1.01
space	-0.03	0.96
weather	-0.03	0.84
finally	-0.03	1.15
seemed	-0.03	1.48
soda	-0.03	0.80
suing	-0.03	0.97
step	-0.03	0.95
military	-0.03	0.91
receipt	-0.03	1.11
petrol	-0.03	0.87
bra	-0.03	0.93
surveys	-0.03	0.97
heard	-0.03	3.01
filling	-0.03	0.86
lock	-0.03	1.01
screaming	-0.03	1.06
typical	-0.03	0.97
shopping	-0.03	1.09
raise	-0.03	0.93
cultural	-0.03	1.03
premises	-0.03	0.97
goes	-0.03	1.08
border	-0.03	0.86
slot	-0.03	0.90
finishing	-0.03	1.00
recipe	-0.03	0.89
yesterday	-0.03	1.35
bomb	-0.03	1.13
tactic	-0.03	1.05
inches	-0.03	0.97
danger	-0.02	0.97
backup	-0.02	0.95
learning	-0.02	1.04
rather	-0.02	1.18
remember	-0.02	1.52
behave	-0.02	1.12
remotely	-0.02	1.04
20s	-0.02	1.00
bow	-0.02	0.88
weekly	-0.02	0.93
courtesy	-0.02	1.03
country	-0.02	0.96
dept	-0.02	0.95
cancelled	-0.02	0.97
atm	-0.02	0.96
opening	-0.02	1.07
round	-0.02	0.88
drinks	-0.02	0.81
whether	-0.02	1.21
processed	-0.02	0.85
thieves	-0.02	1.16
wheels	-0.02	0.81
currency	-0.02	0.93
closed	-0.02	1.04
drive-thru	-0.02	0.88
pregnancy	-0.02	0.86
sheer	-0.02	1.05
silver	-0.02	0.94
practice	-0.02	0.93
regular	-0.02	0.95
duck	-0.02	1.02
jeans	-0.02	0.82
catch	-0.02	0.90
possibility	-0.02	1.07
violence	-0.02	0.93
traveling	-0.02	0.86
sink	-0.02	1.07
vehicle	-0.01	0.83
unlocked	-0.01	1.02
school	-0.01	0.94
compared	-0.01	1.06
background	-0.01	0.76
carried	-0.01	0.92
dig	-0.01	0.96
seats	-0.01	0.76
pumps	-0.01	0.88
instructions	-0.01	1.06
payment	-0.01	0.94
father	-0.01	0.97
located	-0.01	0.92
degrees	-0.01	0.89
dresses	-0.01	0.91
causing	-0.01	1.07
smack	-0.01	1.10
setup	-0.01	1.09
pissy	-0.01	1.48
factor	-0.01	0.95
filter	-0.01	0.75
serves	-0.01	0.79
forgive	-0.01	1.15
chewed	-0.01	0.95
stone	-0.01	0.94
ill	-0.01	1.13
finger	-0.01	0.93
commonly	-0.01	1.00
halfway	-0.01	0.93
class	-0.01	0.93
supplies	-0.01	0.91
packaging	-0.01	0.93
cranky	-0.01	1.44
offered	-0.01	1.13
suit	-0.01	0.95
received	-0.01	1.01
tank	-0.01	0.82
pins	-0.01	0.91
scan	-0.01	1.15
filed	-0.01	0.95
civil	-0.01	0.98
far	-0.01	1.35
sisters	-0.01	1.05
carrying	-0.01	0.95
daughters	-0.00	1.02
visa	-0.00	1.01
bust	-0.00	1.02
hardest	-0.00	2.82
protect	-0.00	0.91
grasp	-0.00	1.07
battery	-0.00	0.90
officer	-0.00	0.93
frustration	-0.00	0.95
tools	-0.00	0.86
chase	-0.00	0.93
wearing	-0.00	0.83
middle	-0.00	1.14
cop	0.00	1.02
bank	0.00	0.95
murder	0.00	0.95
member	0.00	0.92
religious	0.00	1.16
fellow	0.00	0.99
truth	0.00	2.22
state	0.00	0.90
wireless	0.00	0.97
verify	0.00	1.03
approval	0.00	0.90
staffed	0.00	1.13
becomes	0.00	1.10
shopper	0.00	0.92
industry	0.00	1.44
react	0.00	1.08
strictly	0.00	0.74
permanent	0.00	1.00
apply	0.00	0.96
aunt	0.00	0.96
contact	0.00	0.98
confronted	0.01	1.04
teenager	0.01	1.12
across	0.01	0.88
students	0.01	0.94
window	0.01	0.89
budget	0.01	0.91
tires	0.01	0.89
adjust	0.01	0.94
warning	0.01	0.91
mastercard	0.01	1.01
moments	0.01	1.38
rub	0.01	1.03
tie	0.01	0.86
termination	0.01	0.95
nursing	0.01	0.87
irish	0.01	0.92
attendant	0.01	0.87
week	0.01	1.26
23	0.01	1.07
confrontation	0.01	1.01
patience	0.01	1.03
comp	0.01	1.09
discovered	0.01	0.93
until	0.01	1.15
cars	0.01	0.86
chef	0.01	0.85
drive	0.01	0.84
pm	0.01	1.09
lawsuits	0.01	0.96
requirement	0.01	1.02
receipts	0.01	0.97
answering	0.01	1.24
opposed	0.01	0.92
consumer	0.01	0.89
glass	0.01	0.84
highway	0.01	0.88
naturally	0.01	0.89
united	0.01	0.95
butter	0.01	0.73
real	0.01	2.10
privilege	0.01	1.04
starts	0.02	0.80
ink	0.02	0.98
driven	0.02	0.98
valid	0.02	0.93
advertising	0.02	0.99
sounded	0.02	1.44
matters	0.02	0.96
centre	0.02	0.94
and/or	0.02	1.19
cups	0.02	0.79
barrier	0.02	1.03
gate	0.02	0.94
priority	0.02	1.07
exclusively	0.02	0.89
cards	0.02	0.96
calculator	0.02	1.01
talk	0.02	1.25
midnight	0.02	1.10
internal	0.02	0.92
cooking	0.02	0.79
junior	0.02	0.99
flying	0.02	1.05
safe	0.02	1.21
immediate	0.02	0.78
applications	0.02	0.91
threat	0.02	0.96
accepted	0.02	0.91
sympathy	0.02	1.08
address	0.02	1.32
form	0.02	0.94
banking	0.02	1.00
waitress	0.02	0.88
helps	0.02	0.93
smash	0.02	0.68
oregon	0.02	0.88
sat	0.02	0.91
associated	0.02	0.83
replacement	0.02	0.90
21	0.02	1.01
admittedly	0.02	1.06
york	0.02	0.89
mother	0.02	0.99
bright	0.02	0.90
id	0.03	0.97
tho	0.03	1.08
forgotten	0.03	1.18
studies	0.03	0.93
black	0.03	0.87
meth	0.03	1.08
smoked	0.03	0.88
rage	0.03	1.18
connection	0.03	0.91
tongue	0.03	0.89
decades	0.03	1.22
fight	0.03	0.96
stayed	0.03	0.96
pushing	0.03	0.93
credit	0.03	0.97
suddenly	0.03	1.01
coke	0.03	0.81
liability	0.03	0.93
bartender	0.03	0.95
satisfaction	0.03	1.06
suspicious	0.03	1.40
van	0.03	0.88
chest	0.03	1.00
influence	0.03	0.90
britain	0.03	0.97
na	0.03	1.57
pound	0.03	0.90
lord	0.03	1.33
served	0.03	1.02
remembering	0.03	1.03
jack	0.03	0.79
month	0.03	1.45
thumb	0.03	1.05
match	0.03	1.07
arrived	0.03	1.05
involve	0.03	0.98
college	0.03	0.92
drivers	0.03	0.85
slammed	0.03	0.95
weight	0.04	0.87
quick	0.04	1.06
hole	0.04	1.03
help	0.04	1.36
drag	0.04	0.86
color	0.04	0.88
pump	0.04	0.84
override	0.04	0.97
smug	0.04	1.26
milk	0.04	0.73
knee	0.04	0.85
steel	0.04	0.84
teller	0.04	0.99
parked	0.04	0.89
wrap	0.04	0.86
determine	0.04	0.92
south	0.04	0.88
tray	0.04	0.88
misunderstood	0.04	3.22
evidence	0.04	1.01
due	0.04	1.07
shudder	0.04	1.08
calmly	0.04	1.03
requires	0.04	0.92
height	0.04	0.92
slipped	0.04	1.11
processing	0.04	0.96
agent	0.04	0.92
deli	0.04	0.93
medication	0.04	1.01
offers	0.04	0.91
stab	0.04	0.95
cut	0.04	0.90
precious	0.04	1.23
discrimination	0.05	0.94
duty	0.05	0.94
flip	0.05	1.01
surgery	0.05	0.96
snow	0.05	0.87
outlet	0.05	0.91
shifts	0.05	1.07
stickers	0.05	1.13
spots	0.05	0.97
dealer	0.05	0.92
heading	0.05	1.01
offering	0.05	1.12
fuel	0.05	0.81
die	0.05	0.92
approach	0.05	1.11
serial	0.05	1.01
result	0.05	0.98
flag	0.05	0.96
card	0.05	0.98
weeks	0.05	1.42
warrant	0.05	1.00
cried	0.05	1.10
scanning	0.05	1.16
licence	0.05	0.90
roads	0.05	0.86
rate	0.05	1.00
perspective	0.05	1.16
label	0.05	1.08
locks	0.05	0.94
effort	0.05	1.19
ours	0.06	0.97
john	0.06	1.12
western	0.06	0.93
additional	0.06	0.94
criminals	0.06	1.09
gambling	0.06	1.00
keys	0.06	0.91
unusual	0.06	1.26
noise	0.06	1.07
versus	0.06	0.93
shift	0.06	1.10
personality	0.06	1.09
maintain	0.06	0.79
popcorn	0.06	0.83
whip	0.06	0.90
comfort	0.06	1.02
straight	0.06	1.30
coffee	0.06	0.80
lay	0.06	0.92
cousin	0.06	0.98
early	0.06	1.10
jersey	0.06	0.87
irate	0.06	1.42
reached	0.06	0.97
noticing	0.06	1.07
premium	0.06	0.66
meals	0.06	0.82
source	0.06	0.97
expectation	0.06	1.04
<SPECIAL>	0.06	0.83
<URL>	0.06	0.83
cause	0.06	1.13
payed	0.06	1.02
easily	0.07	1.16
dont	0.07	1.50
production	0.07	0.91
originally	0.07	1.56
flavors	0.07	0.84
incorrect	0.07	3.70
unlock	0.07	1.01
translate	0.07	1.06
pickup	0.07	0.87
shot	0.07	0.82
taco	0.07	0.88
light	0.07	0.91
california	0.07	0.87
longest	0.07	1.65
stored	0.07	0.91
medium	0.07	0.83
hmm	0.07	1.06
wont	0.07	1.22
sister	0.07	1.01
speaker	0.07	0.92
cuts	0.07	0.88
syrup	0.07	0.79
student	0.07	0.90
tire	0.07	0.84
currently	0.07	0.96
existence	0.07	0.86
scenario	0.07	2.80
mac	0.07	0.66
senior	0.07	0.83
magically	0.07	0.84
joint	0.08	0.88
university	0.08	0.91
cup	0.08	0.79
uncommon	0.08	1.44
assumption	0.08	1.09
through	0.08	0.94
loaded	0.08	0.92
legitimate	0.08	1.03
soooo	0.08	1.22
espresso	0.08	0.77
asap	0.08	1.07
raised	0.08	0.91
scheduled	0.08	1.10
productive	0.08	0.95
nut	0.08	0.95
european	0.08	0.95
eggs	0.08	0.73
shows	0.08	1.09
rental	0.08	0.88
uniforms	0.08	0.88
inch	0.08	0.90
feelings	0.08	1.08
horse	0.08	0.89
park	0.08	0.88
grand	0.08	0.95
debit	0.08	0.97
verbal	0.08	0.97
hitting	0.08	1.03
northern	0.08	0.93
guessed	0.08	1.19
wife	0.08	1.01
warranty	0.08	0.90
county	0.08	0.88
e.g	0.08	0.93
tends	0.08	0.89
driver	0.08	0.86
younger	0.08	1.08
recommended	0.08	0.97
thus	0.08	0.96
temporary	0.08	0.93
debate	0.08	0.93
forever	0.09	1.06
pro	0.09	0.80
threatening	0.09	1.04
discuss	0.09	1.05
mexico	0.09	0.90
market	0.09	0.94
fantasy	0.09	0.96
aside	0.09	0.97
judge	0.09	0.90
plane	0.09	0.93
whatnot	0.09	0.97
testing	0.09	0.89
scotland	0.09	0.93
manufacturers	0.09	0.90
southern	0.09	0.93
acknowledge	0.09	1.13
direct	0.09	0.94
de	0.09	1.02
nails	0.09	0.87
dark	0.09	0.87
veteran	0.09	0.92
70	0.09	1.00
insert	0.09	1.14
denied	0.09	0.97
salesperson	0.09	1.03
wood	0.09	0.97
honestly	0.09	1.54
gift	0.09	0.92
osha	0.09	0.94
differences	0.09	0.89
license	0.09	0.90
identification	0.09	0.90
teen	0.09	1.11
file	0.09	0.94
although	0.09	1.51
texas	0.09	0.89
stronger	0.09	1.25
loud	0.09	1.15
safely	0.09	1.14
pink	0.09	0.90
turns	0.09	1.12
stays	0.09	0.81
lifting	0.09	1.04
x	0.10	1.32
official	0.10	0.96
curiosity	0.10	0.94
shoplifter	0.10	0.93
zealand	0.10	0.99
hospital	0.10	1.02
uni	0.10	0.91
ireland	0.10	0.92
delivery	0.10	0.84
president	0.10	0.98
repeating	0.10	1.09
win	0.10	1.03
metal	0.10	0.78
sits	0.10	0.84
asleep	0.10	1.12
down	0.10	0.89
competition	0.10	1.07
frustrated	0.10	1.78
uncle	0.10	0.96
transferred	0.10	0.88
degree	0.10	0.89
higher	0.10	1.01
slide	0.10	0.95
complaint	0.11	0.95
closer	0.11	0.99
canada	0.11	1.00
terms	0.11	1.10
treatment	0.11	0.87
signing	0.11	1.50
hall	0.11	0.86
equivalent	0.11	1.09
final	0.11	1.02
teacher	0.11	0.92
new	0.11	1.09
ceiling	0.11	0.93
wan	0.11	1.45
depending	0.11	1.17
heck	0.11	1.05
wheelchair	0.11	0.93
existing	0.11	1.01
quietly	0.11	0.98
extra	0.11	0.85
technical	0.11	0.99
payroll	0.11	0.85
thoroughly	0.11	1.16
homeless	0.11	1.04
boy	0.11	1.44
stormed	0.11	1.06
shrink	0.11	0.95
understood	0.11	1.17
pronounced	0.11	1.72
using	0.11	1.23
welfare	0.11	0.83
order	0.11	0.85
factory	0.11	1.07
main	0.11	0.87
ate	0.11	0.78
cancel	0.11	0.92
produce	0.11	0.81
questions	0.12	1.11
ie	0.12	0.89
joking	0.12	1.47
clear	0.12	1.45
minus	0.12	1.05
details	0.12	1.06
chicago	0.12	0.89
spare	0.12	0.88
transfer	0.12	0.91
vehicles	0.12	0.84
heat	0.12	0.89
peoples	0.12	1.05
temperature	0.12	0.89
white	0.12	0.92
nearby	0.12	0.93
belly	0.12	0.90
yelled	0.12	1.06
run	0.12	1.05
artist	0.12	0.90
excessive	0.12	0.84
busted	0.12	0.85
coverage	0.12	1.00
steps	0.12	0.87
innocent	0.12	1.19
pills	0.12	1.08
gym	0.12	0.88
object	0.12	0.93
gender	0.12	0.92
nature	0.13	1.02
violation	0.13	0.95
eastern	0.13	1.03
buttons	0.13	0.89
replace	0.13	0.87
smooth	0.13	1.14
board	0.13	0.94
assuming	0.13	3.44
hammer	0.13	1.06
tattoos	0.13	0.94
perhaps	0.13	1.43
choosing	0.13	1.01
pregnant	0.13	1.22
2000	0.13	0.99
dear	0.13	1.37
volunteer	0.13	0.92
disabled	0.13	0.96
upside	0.13	0.81
doctor	0.13	1.02
dependent	0.13	0.95
tape	0.13	0.88
example	0.13	0.87
japanese	0.13	0.92
believed	0.13	1.10
enforce	0.13	1.07
dairy	0.13	0.73
significantly	0.13	1.03
lesson	0.13	1.13
cook	0.13	0.76
lawyers	0.13	0.98
canadian	0.13	0.96
generic	0.13	0.95
pass	0.13	0.94
certificate	0.13	0.89
wedding	0.13	1.01
refers	0.13	0.86
chance	0.13	1.20
membership	0.13	0.94
hitler	0.13	0.82
shoulders	0.13	0.94
bleeding	0.13	0.85
contacted	0.13	0.96
witnesses	0.14	0.98
600	0.14	0.98
studying	0.14	0.93
package	0.14	0.94
staying	0.14	1.01
rolled	0.14	1.03
winter	0.14	0.85
plate	0.14	0.87
dish	0.14	0.79
attractive	0.14	1.35
settle	0.14	1.05
male	0.14	0.93
patients	0.14	1.03
flight	0.14	1.00
noon	0.14	1.08
decline	0.14	0.99
backs	0.14	0.93
brought	0.14	0.95
taken	0.14	1.27
issued	0.14	0.84
health	0.14	1.05
capable	0.14	1.04
spoke	0.14	1.03
code	0.14	1.41
schedule	0.14	1.04
wall	0.14	0.85
wide	0.14	0.90
wouldnt	0.14	1.06
savings	0.15	0.94
tvs	0.15	0.89
fall	0.15	0.94
security	0.15	0.92
hence	0.15	0.71
shake	0.15	0.85
bottles	0.15	0.78
fabric	0.15	1.02
pot	0.15	0.99
entertainment	0.15	0.87
cables	0.15	0.84
signal	0.15	0.85
sex	0.15	0.91
bagging	0.15	1.10
north	0.15	0.93
prior	0.15	1.06
passport	0.15	0.91
doesnt	0.15	1.05
soft	0.15	0.96
speaking	0.15	0.99
workplace	0.15	1.00
printed	0.15	1.31
chinese	0.15	0.90
explains	0.15	0.85
use	0.16	1.06
promised	0.16	1.15
donation	0.16	0.81
dress	0.16	0.85
parties	0.16	1.00
sticking	0.16	0.98
finished	0.16	1.14
sound	0.16	1.51
meaning	0.16	1.01
toy	0.16	1.20
somewhat	0.16	1.27
land	0.16	0.89
london	0.16	0.90
wasnt	0.16	1.21
america	0.16	1.02
throughout	0.16	1.11
complain	0.16	1.28
rule	0.16	1.02
pattern	0.16	0.97
serving	0.16	0.82
meats	0.16	0.74
slight	0.16	1.09
stop	0.16	0.98
yogurt	0.16	0.86
strongly	0.16	0.99
significant	0.16	1.05
inform	0.16	1.08
sleep	0.16	1.02
yell	0.16	1.15
acts	0.16	0.86
guards	0.16	0.92
salesman	0.16	0.94
identity	0.16	0.97
day	0.16	1.18
wander	0.16	0.95
pretend	0.17	1.33
oxygen	0.17	0.84
90s	0.17	1.06
usa	0.17	0.96
dick	0.17	2.17
vacation	0.17	1.02
machine	0.17	0.85
moment	0.17	1.23
green	0.17	0.86
looked	0.17	1.13
codes	0.17	1.19
threatened	0.17	1.00
ultimately	0.17	0.77
lbs	0.17	0.88
assaulted	0.17	1.00
cross	0.17	0.91
coat	0.17	0.77
death	0.17	0.84
terminal	0.17	0.88
stamp	0.17	0.77
balance	0.17	0.97
tied	0.17	1.01
pressing	0.17	0.97
detail	0.17	0.98
manufacturer	0.17	0.85
prepaid	0.18	0.95
assistance	0.18	0.89
pair	0.18	0.78
proceeded	0.18	1.09
buffet	0.18	0.79
baby	0.18	1.32
loses	0.18	0.70
levels	0.18	0.94
ya	0.18	1.68
michigan	0.18	0.95
counterfeit	0.18	0.91
wrist	0.18	0.96
newer	0.18	0.97
overly	0.18	1.43
shoplifting	0.18	1.16
plan	0.18	1.14
badly	0.18	1.07
childhood	0.18	1.06
mildly	0.18	1.48
double	0.18	1.01
girl	0.18	1.41
screamed	0.18	1.05
bud	0.19	0.95
models	0.19	0.91
doctors	0.19	0.97
airport	0.19	0.92
empathy	0.19	1.05
report	0.19	0.98
visible	0.19	0.88
drunk	0.19	0.94
discipline	0.19	0.89
robbery	0.19	1.07
direction	0.19	1.05
skill	0.19	1.09
button	0.19	1.04
lobster	0.19	0.93
standards	0.19	0.92
further	0.19	0.98
cameras	0.19	0.93
combination	0.19	0.95
mature	0.19	1.09
mix	0.20	0.80
concerns	0.20	0.87
distance	0.20	0.95
grow	0.20	0.98
affect	0.20	0.84
calls	0.20	1.00
knife	0.20	0.87
violating	0.20	1.01
chair	0.20	0.81
won	0.20	1.05
say	0.20	1.63
nj	0.20	0.91
toast	0.20	1.44
increase	0.20	0.83
pork	0.20	0.76
crossed	0.20	0.97
vegetarian	0.20	0.78
oven	0.20	0.80
normal	0.20	1.25
idea	0.20	1.50
protection	0.20	0.91
punishment	0.20	1.03
varies	0.20	0.88
accessories	0.21	0.82
cardboard	0.21	0.91
guaranteed	0.21	0.94
another	0.21	1.33
beforehand	0.21	1.03
rating	0.21	0.91
microwave	0.21	0.91
follows	0.21	0.91
research	0.21	0.89
into	0.21	1.04
costume	0.21	0.89
ai	0.21	1.44
grade	0.21	0.97
roll	0.21	0.88
saving	0.21	0.88
race	0.21	0.90
zip	0.21	1.46
officially	0.21	0.89
accident	0.21	0.80
loudly	0.21	1.03
anytime	0.21	1.07
giggle	0.21	2.08
suicide	0.21	0.91
native	0.21	0.94
information	0.22	1.27
dare	0.22	1.29
debt	0.22	0.88
engine	0.22	0.84
bones	0.22	0.94
noted	0.22	1.02
raging	0.22	1.23
along	0.22	0.73
dragged	0.22	1.10
thought	0.22	1.49
italian	0.22	0.90
records	0.22	1.05
incidents	0.22	1.25
im	0.22	1.44
intelligence	0.22	0.93
powder	0.22	0.72
ohio	0.22	0.96
whats	0.22	1.26
meh	0.22	0.95
ceo	0.22	0.99
booked	0.22	0.95
canned	0.22	0.94
meal	0.22	0.82
scene	0.22	1.01
wave	0.22	1.00
possibly	0.22	1.07
default	0.22	0.97
indian	0.22	1.00
lean	0.22	0.74
ride	0.22	0.82
phone	0.22	1.17
center	0.22	1.09
brick	0.22	0.88
construction	0.22	0.87
showing	0.22	1.20
library	0.22	0.90
safer	0.22	1.10
high	0.23	0.99
audio	0.23	0.85
jeez	0.23	1.43
stocking	0.23	0.93
head	0.23	0.95
pub	0.23	0.95
scheduling	0.23	1.04
visiting	0.23	0.93
process	0.23	0.91
mirror	0.23	0.95
application	0.23	0.94
naked	0.23	0.84
neck	0.23	0.88
grey	0.23	0.87
slap	0.23	1.10
loading	0.23	0.96
command	0.23	0.94
fear	0.23	1.06
rolling	0.23	0.87
pens	0.23	0.92
long	0.23	1.48
vet	0.23	0.81
secret	0.23	0.84
ready	0.23	1.57
travel	0.24	0.97
standard	0.24	0.96
hat	0.24	0.79
england	0.24	0.95
declined	0.24	0.92
vanilla	0.24	0.77
apologized	0.24	1.22
morning	0.24	1.12
lower	0.24	0.99
wherever	0.24	1.12
smarter	0.24	1.00
transaction	0.24	1.02
present	0.24	0.93
weak	0.24	1.02
religion	0.24	0.98
schedules	0.25	0.99
swing	0.25	0.99
football	0.25	0.86
graduated	0.25	0.94
confidence	0.25	1.02
square	0.25	0.99
stick	0.25	1.08
eat	0.25	0.74
starting	0.25	0.96
beef	0.25	0.78
arms	0.25	0.94
racks	0.25	0.99
recording	0.25	0.93
rough	0.25	1.24
changes	0.25	1.04
german	0.25	0.94
counting	0.25	0.99
lawn	0.25	0.79
occasion	0.25	0.97
popped	0.26	0.85
laid	0.26	0.95
connect	0.26	0.91
languages	0.26	0.95
thursday	0.26	1.08
coins	0.26	0.94
slowly	0.26	0.92
reverse	0.26	0.98
highschool	0.26	0.92
cooked	0.26	0.74
laptops	0.26	1.00
allows	0.26	1.02
spaces	0.26	1.02
ordered	0.26	0.82
french	0.26	0.92
prepare	0.26	0.91
expected	0.26	1.13
shaking	0.26	1.27
earned	0.26	0.95
signed	0.26	1.34
homes	0.26	1.12
choose	0.26	1.15
packages	0.26	0.79
screen	0.27	0.90
confusion	0.27	0.95
tomorrow	0.27	1.22
storms	0.27	0.83
primary	0.27	0.96
misunderstanding	0.27	1.03
wake	0.27	0.97
crazies	0.27	2.23
cable	0.27	0.91
da	0.27	1.17
limits	0.27	0.66
move	0.27	1.06
gun	0.27	0.83
accounts	0.27	0.95
collecting	0.27	0.77
rolls	0.27	0.83
description	0.27	1.26
attempts	0.27	0.90
jacket	0.27	0.84
cycle	0.27	0.86
defense	0.27	0.91
crying	0.27	1.27
sunday	0.27	1.07
explained	0.28	1.14
learn	0.28	0.87
bras	0.28	0.80
grandparents	0.28	0.94
forces	0.28	0.90
nurse	0.28	0.98
positive	0.28	1.12
forms	0.28	0.96
dinner	0.28	0.83
players	0.28	0.98
document	0.28	1.03
ladies	0.28	1.43
night	0.28	1.07
shell	0.28	0.84
catching	0.28	1.07
american	0.28	0.95
san	0.28	0.86
last	0.28	1.43
study	0.29	1.08
consistently	0.29	1.00
typically	0.29	0.91
young	0.29	1.52
informed	0.29	0.97
repeat	0.29	1.08
heavily	0.29	0.87
meat	0.29	0.74
bed	0.29	0.82
greater	0.29	0.93
cast	0.29	0.91
assist	0.29	0.99
roof	0.29	0.92
outcome	0.29	1.22
burst	0.29	1.07
swipe	0.29	0.93
glasses	0.29	0.87
systems	0.29	0.87
directly	0.29	0.97
fresh	0.29	0.73
buck	0.29	1.02
mistake	0.29	3.28
blonde	0.29	0.99
network	0.29	0.91
rings	0.29	1.15
phrase	0.29	1.16
reader	0.29	0.90
zone	0.29	0.78
fart	0.29	0.86
flowers	0.30	0.91
beans	0.30	0.75
reported	0.30	1.00
drain	0.30	0.89
carrier	0.30	0.93
check	0.30	1.20
nose	0.30	0.89
availability	0.30	1.09
mode	0.30	1.06
entire	0.30	1.39
entered	0.30	1.50
operator	0.30	0.90
spanish	0.30	0.94
certified	0.30	0.92
directed	0.30	1.05
paint	0.30	0.83
hazard	0.30	1.03
motion	0.30	1.05
wa	0.30	0.86
reasonably	0.30	0.97
inventory	0.30	0.88
thin	0.30	1.02
approached	0.30	0.97
ghetto	0.30	0.88
sneak	0.30	1.04
programs	0.30	0.90
menu	0.30	1.12
cancer	0.30	0.94
combo	0.31	0.81
ball	0.31	0.86
colored	0.31	0.93
ad	0.31	1.25
shipping	0.31	0.80
strike	0.31	0.91
average	0.31	0.82
appointment	0.31	0.96
equipment	0.31	0.84
embarrassment	0.31	0.90
condoms	0.31	1.04
ripped	0.31	1.07
commit	0.31	0.96
stops	0.31	0.78
custom	0.31	1.03
insult	0.31	1.07
machines	0.31	0.85
accent	0.31	0.93
tourist	0.31	0.97
beers	0.31	1.04
loan	0.31	0.93
release	0.32	0.86
locking	0.32	0.97
monday	0.32	1.10
strangers	0.32	0.92
weapon	0.32	1.02
whilst	0.32	0.97
afternoon	0.32	1.10
resolve	0.32	1.07
lit	0.32	1.00
caller	0.32	1.10
coast	0.32	0.89
o_o	0.32	1.48
intelligent	0.32	1.24
parts	0.32	0.98
falls	0.32	0.97
proven	0.33	1.09
flash	0.33	0.82
extent	0.33	1.07
waiting	0.33	1.02
gon	0.33	1.54
script	0.33	0.94
cue	0.33	1.13
facts	0.33	1.01
sent	0.33	1.03
theaters	0.33	0.94
y'know	0.33	0.82
breakfast	0.33	0.80
bodies	0.33	0.90
rice	0.33	0.76
loose	0.33	0.89
passing	0.33	0.96
shorter	0.33	1.06
related	0.33	1.08
printer	0.33	0.90
managed	0.33	1.12
road	0.33	0.80
embarrassed	0.33	1.72
marks	0.33	1.00
spaghetti	0.33	1.13
car	0.33	0.82
summer	0.33	0.95
girls	0.33	1.58
answers	0.33	0.96
released	0.33	0.98
wednesday	0.34	1.09
strength	0.34	0.94
communicate	0.34	1.04
international	0.34	0.94
according	0.34	0.96
violent	0.34	1.05
fries	0.34	0.74
literal	0.34	1.07
pizzas	0.34	0.78
ranting	0.34	1.12
portion	0.34	0.93
groups	0.34	1.01
shoulder	0.34	0.99
wasted	0.34	0.74
photos	0.34	0.78
imo	0.34	1.12
cell	0.34	0.96
loop	0.34	1.00
march	0.34	0.93
aisles	0.34	0.98
section	0.34	0.94
regards	0.34	0.91
failed	0.34	0.87
russian	0.34	0.94
semester	0.35	0.98
spring	0.35	0.89
mark	0.35	0.88
feedback	0.35	1.01
speakers	0.35	0.88
english	0.35	0.96
system	0.35	0.91
bent	0.35	0.96
triple	0.35	0.92
o.o	0.35	1.14
vegas	0.35	0.81
saturday	0.35	1.07
boots	0.35	0.73
requirements	0.35	0.92
chatting	0.35	1.14
foods	0.35	0.69
must	0.35	1.38
dementia	0.35	1.15
category	0.35	0.90
upon	0.35	0.82
jokes	0.35	1.22
creep	0.35	0.97
windows	0.35	0.78
isnt	0.35	1.04
shall	0.35	1.21
bananas	0.35	0.83
implied	0.35	1.23
pointed	0.35	1.13
j	0.35	1.05
plug	0.35	0.90
hungry	0.35	1.03
develop	0.36	0.88
language	0.36	0.96
program	0.36	0.87
purple	0.36	0.88
plants	0.36	0.87
wifi	0.36	0.88
solve	0.36	0.93
intended	0.36	1.13
speech	0.36	0.91
mail	0.36	0.97
foam	0.36	0.72
kit	0.36	1.05
soup	0.36	0.92
traditional	0.36	0.96
operating	0.36	0.86
repeated	0.36	0.94
alas	0.36	0.94
lines	0.36	0.95
st	0.36	0.92
shes	0.36	1.02
strip	0.36	0.87
chip	0.36	0.86
superior	0.36	0.95
prank	0.36	1.23
involving	0.37	1.12
harder	0.37	1.46
evening	0.37	1.03
spread	0.37	0.78
unrelated	0.37	1.10
barista	0.37	1.09
plans	0.37	0.99
rare	0.37	1.38
stood	0.37	0.99
documentation	0.37	0.97
trees	0.37	0.92
winner	0.37	0.96
tasty	0.37	1.15
status	0.37	0.88
automatically	0.37	1.06
replacing	0.37	0.83
periods	0.37	0.88
ice	0.37	0.82
press	0.37	0.93
merely	0.37	0.99
woman	0.37	1.30
replaced	0.37	0.88
women	0.37	1.38
precisely	0.37	1.24
blocking	0.37	0.87
reasons	0.37	1.14
traffic	0.37	0.77
teenagers	0.38	1.32
send	0.38	1.01
removed	0.38	1.12
meet	0.38	1.03
faced	0.38	0.96
3rd	0.38	0.98
show	0.38	1.02
himself	0.38	1.22
avoid	0.38	0.90
lady	0.38	1.37
connected	0.38	0.93
ear	0.38	1.03
batteries	0.38	0.82
bf	0.38	0.90
ancient	0.38	1.12
policies	0.38	0.99
realise	0.38	1.05
pop	0.39	0.84
sane	0.39	1.14
sample	0.39	0.96
teens	0.39	1.19
faster	0.39	0.90
emails	0.39	1.03
32	0.39	0.88
steak	0.39	0.76
camera	0.39	0.94
firmly	0.39	0.87
existed	0.39	1.11
dead	0.39	1.06
forbid	0.39	1.09
blank	0.39	0.99
manger	0.39	1.01
computers	0.39	0.84
policy	0.39	1.02
offense	0.39	1.09
upgrade	0.39	1.00
commercial	0.39	0.81
checking	0.39	1.17
killer	0.40	0.90
nazi	0.40	1.05
santa	0.40	1.01
screens	0.40	0.88
respect	0.40	0.97
unlimited	0.40	1.03
egg	0.40	0.70
lowest	0.40	1.29
maintenance	0.40	0.96
pc	0.40	0.84
iirc	0.40	1.11
boat	0.40	1.00
asian	0.40	1.13
skin	0.40	0.90
friday	0.40	1.04
funniest	0.40	2.55
tracking	0.40	0.94
gifts	0.41	0.93
measure	0.41	0.80
army	0.41	0.94
tagged	0.41	1.15
similarly	0.41	0.96
leg	0.41	0.94
grandfather	0.41	0.84
lined	0.41	1.09
cases	0.41	1.22
usb	0.41	0.81
letters	0.41	1.41
dressing	0.41	0.84
opportunities	0.41	1.00
legitimately	0.41	1.00
east	0.41	0.95
station	0.41	0.92
old	0.41	1.26
gods	0.41	1.30
compare	0.42	0.91
opportunity	0.42	1.14
science	0.42	0.93
videos	0.42	0.97
creates	0.42	1.00
whereas	0.42	1.05
sight	0.42	0.97
relate	0.42	1.11
whipped	0.42	0.79
vendor	0.42	1.01
baking	0.42	0.75
wound	0.42	0.76
responses	0.42	1.06
addition	0.42	0.97
pos	0.42	0.88
slip	0.42	0.93
listened	0.42	1.00
boys	0.42	1.52
lifetime	0.42	1.16
applicable	0.42	1.02
cab	0.42	0.85
closely	0.42	0.95
fully	0.42	1.00
remaining	0.43	0.89
reduce	0.43	0.84
snowflake	0.43	0.93
directions	0.43	0.91
well	0.43	1.61
rated	0.43	0.95
slang	0.43	0.98
remote	0.43	0.82
introduced	0.43	1.07
assumptions	0.43	1.06
frame	0.43	0.95
vs	0.43	0.81
died	0.43	0.86
heads	0.43	1.09
cream	0.43	0.78
referred	0.43	1.01
silence	0.43	1.05
listen	0.43	1.19
shame	0.44	1.10
perfectly	0.44	1.08
prints	0.44	0.91
data	0.44	0.95
privacy	0.44	0.97
master	0.44	0.99
aged	0.44	1.25
bogo	0.44	1.10
model	0.44	0.86
fail	0.44	0.68
mountain	0.44	0.76
limited	0.44	1.08
95	0.44	0.87
routine	0.44	1.04
usage	0.44	0.96
plant	0.44	0.77
stroke	0.44	0.95
decisions	0.44	0.84
grandpa	0.45	0.98
demanded	0.45	1.04
sooo	0.45	1.38
solid	0.45	0.92
911	0.45	0.91
mattress	0.45	0.86
darn	0.45	1.45
confirmation	0.45	1.03
via	0.45	0.90
overall	0.45	1.15
stressed	0.45	1.77
pumping	0.45	0.85
shorts	0.45	0.73
provided	0.45	1.03
furious	0.45	1.35
max	0.45	0.95
judgement	0.45	0.92
tuesday	0.45	1.13
automatic	0.45	0.93
anonymous	0.46	0.97
region	0.46	0.86
eats	0.46	2.25
pissed	0.46	1.52
freaked	0.46	1.26
shortly	0.46	1.06
ms	0.46	0.90
captain	0.46	1.03
unit	0.46	0.89
hispanic	0.46	1.13
insulted	0.46	1.25
pointing	0.46	1.24
seek	0.46	1.00
risk	0.46	0.97
art	0.46	0.81
bride	0.46	0.94
limit	0.46	0.81
gaming	0.47	0.85
keeping	0.47	0.78
bang	0.47	0.89
bike	0.47	0.74
prescription	0.47	0.86
legs	0.47	0.80
email	0.47	1.02
inconvenience	0.47	1.16
bone	0.47	0.92
photo	0.47	0.88
soul	0.47	1.29
alarm	0.47	0.94
eve	0.47	1.00
displays	0.47	0.77
educated	0.47	1.00
memory	0.47	0.79
cleared	0.47	1.10
accordingly	0.47	1.01
difficult	0.47	2.41
statement	0.48	1.17
tablet	0.48	0.86
speak	0.48	1.02
pin	0.48	1.01
skip	0.48	1.01
bye	0.48	1.34
proceed	0.48	1.03
film	0.48	0.94
accidents	0.48	0.87
gtfo	0.48	1.03
season	0.48	0.99
australia	0.48	0.94
build	0.48	0.83
pizza	0.48	0.78
paranoid	0.48	1.30
select	0.48	0.94
suppose	0.48	1.34
created	0.49	0.78
jail	0.49	1.00
tap	0.49	0.84
political	0.49	0.96
reprimanded	0.49	1.05
pronounce	0.49	1.70
exists	0.49	0.83
updated	0.49	0.93
germany	0.49	0.96
facial	0.49	0.94
removing	0.49	1.11
impression	0.49	1.06
action	0.49	0.93
hunt	0.49	1.03
therefore	0.49	0.85
purposes	0.50	0.90
hot	0.50	0.73
consider	0.50	1.19
yours	0.50	1.08
occasional	0.50	0.85
pen	0.50	0.89
confused	0.50	1.54
thats	0.50	1.69
regulations	0.50	0.95
h	0.50	1.30
chips	0.50	0.78
receiving	0.51	0.99
true	0.51	2.27
sooner	0.51	1.15
repairs	0.51	0.88
better	0.51	1.14
enter	0.51	1.11
destroy	0.51	0.85
ipad	0.51	0.85
recorded	0.51	1.06
question	0.51	1.17
project	0.51	0.92
printing	0.51	0.90
initially	0.51	1.45
encourage	0.51	0.86
tube	0.51	0.79
online	0.51	0.91
guy	0.51	1.45
footage	0.51	0.94
skinny	0.52	0.96
solved	0.52	1.07
trust	0.52	1.24
satan	0.52	1.10
pray	0.52	1.38
amazon	0.52	0.82
software	0.52	0.85
begin	0.52	1.02
chocolate	0.52	0.75
ensure	0.52	0.83
passive	0.53	1.20
nation	0.53	0.92
reporting	0.53	0.99
slower	0.53	0.91
snack	0.53	0.83
war	0.53	0.96
citizen	0.54	1.02
older	0.54	1.21
battle	0.54	0.99
files	0.54	0.84
frozen	0.54	0.75
fingers	0.54	0.79
men	0.54	1.37
made	0.54	2.20
toys	0.54	1.00
key	0.54	1.00
nope	0.54	1.59
i.e	0.54	0.88
concern	0.55	0.96
assure	0.55	0.95
scream	0.55	1.17
device	0.55	0.89
convinced	0.55	1.32
australian	0.55	0.99
goal	0.55	1.06
xmas	0.55	0.96
em	0.55	1.27
results	0.55	1.09
joe	0.55	1.15
knees	0.56	0.87
block	0.56	0.80
politely	0.56	1.13
diet	0.56	0.82
fishing	0.56	0.81
soon	0.56	1.17
y'all	0.56	1.20
sounding	0.56	1.27
shiny	0.56	0.76
join	0.56	0.96
access	0.56	0.99
hes	0.56	1.16
bet	0.56	2.53
december	0.56	1.03
con	0.56	1.07
set	0.57	0.82
guard	0.57	0.99
dealership	0.57	0.86
eye	0.57	0.95
dies	0.57	0.84
eventually	0.57	1.15
beard	0.57	0.96
tearing	0.57	1.06
mad	0.57	1.43
conditions	0.57	0.88
salon	0.57	1.08
deaf	0.57	0.99
following	0.57	0.98
ads	0.57	1.26
answered	0.57	1.11
criminal	0.58	0.96
focus	0.58	0.82
cookie	0.58	0.77
loyalty	0.58	0.93
anyways	0.58	1.27
appointments	0.58	0.96
pie	0.58	0.84
tired	0.58	1.51
attached	0.58	1.10
inside	0.58	0.85
familiar	0.58	1.29
humanity	0.59	1.13
content	0.59	1.06
challenge	0.59	1.05
suits	0.59	1.00
chicken	0.59	0.73
stated	0.59	1.61
party	0.59	0.93
afraid	0.59	1.34
dial	0.59	1.10
basis	0.59	0.97
shocked	0.59	1.31
shrug	0.59	1.04
efficient	0.59	1.41
stared	0.59	1.03
garden	0.59	0.91
rant	0.59	1.04
hopes	0.59	1.07
designed	0.59	1.01
effectively	0.60	0.97
medical	0.60	0.95
alternative	0.60	0.99
field	0.60	0.98
holy	0.60	1.67
added	0.60	1.12
pops	0.60	0.86
laughing	0.60	1.13
devices	0.61	0.84
nights	0.61	1.07
sudden	0.61	0.99
papers	0.61	0.92
bakery	0.61	0.78
alert	0.61	1.07
stands	0.61	0.84
kiss	0.61	0.98
tea	0.61	1.01
youtube	0.61	1.04
shakes	0.61	0.97
fan	0.61	0.79
frequent	0.61	1.02
followed	0.61	0.99
margin	0.61	1.01
minds	0.61	0.95
role	0.62	0.86
deciding	0.62	1.06
entering	0.62	0.96
sets	0.62	0.98
distracted	0.62	1.17
player	0.62	0.81
begins	0.62	0.84
disappointed	0.62	1.49
somewhere	0.62	1.59
sometime	0.63	1.08
fried	0.63	0.71
hurry	0.63	1.22
dvd	0.63	0.84
west	0.63	0.90
vegan	0.63	0.86
approved	0.63	0.93
iphone	0.63	0.85
him/her	0.63	0.90
fighting	0.64	1.00
dressed	0.64	0.98
spoken	0.64	1.12
am	0.64	1.36
grin	0.64	1.07
computer	0.64	0.85
understanding	0.64	1.19
while	0.64	1.03
unique	0.65	1.05
shock	0.65	1.02
potato	0.65	1.00
nz	0.65	1.00
video	0.65	0.86
tonight	0.65	1.13
randomly	0.65	0.99
british	0.65	0.93
earlier	0.65	1.34
manner	0.65	1.25
organic	0.65	0.97
offended	0.65	1.58
image	0.66	1.09
gay	0.66	0.90
atheist	0.66	1.13
iron	0.66	0.96
appearance	0.66	0.85
pleasure	0.66	1.05
appear	0.66	1.01
freak	0.66	0.96
hair	0.66	0.91
hardly	0.66	0.95
incredible	0.66	1.55
cracked	0.67	0.98
tanks	0.67	0.95
cooler	0.67	0.95
rest	0.67	0.95
phones	0.67	0.88
helped	0.67	1.03
humor	0.67	1.40
surprisingly	0.67	1.04
opinions	0.67	1.00
silent	0.67	1.01
look	0.67	1.19
requested	0.67	1.06
based	0.67	0.83
agreed	0.68	1.12
ship	0.68	0.93
youre	0.68	1.10
responded	0.68	1.04
tempted	0.68	1.17
eyes	0.68	0.96
laptop	0.68	0.84
respond	0.68	1.19
salt	0.68	0.80
occasionally	0.68	1.10
favor	0.68	0.78
voted	0.68	2.41
rely	0.69	0.81
tattoo	0.69	0.87
batman	0.69	0.99
headed	0.69	0.97
definitely	0.69	1.66
repair	0.69	0.93
searching	0.69	1.07
expression	0.69	0.97
stare	0.69	1.02
beating	0.69	0.82
password	0.70	1.10
surface	0.70	0.94
rational	0.70	1.15
mini	0.70	0.98
vacuum	0.70	0.96
scared	0.70	1.54
quitting	0.70	1.02
recent	0.70	1.16
robot	0.70	0.95
headphones	0.70	0.97
finding	0.70	1.27
apples	0.70	0.80
copy	0.71	0.92
shout	0.71	1.12
visibly	0.71	1.65
heart	0.71	1.32
install	0.71	0.73
points	0.71	1.00
burned	0.71	1.04
healthy	0.71	0.95
print	0.71	1.11
carefully	0.71	1.08
copies	0.71	0.87
clarify	0.71	1.22
latter	0.71	0.98
genuine	0.72	1.01
books	0.72	0.94
weekends	0.72	1.09
third	0.72	1.07
salad	0.72	0.77
remain	0.72	1.04
1st	0.72	1.07
procedures	0.72	0.85
info	0.72	1.25
mouse	0.72	0.85
gain	0.72	1.04
aussie	0.73	0.95
explaining	0.73	1.21
raising	0.73	1.09
burden	0.73	0.91
notes	0.73	0.82
second	0.73	1.22
keyboard	0.73	0.87
procedure	0.73	0.84
app	0.73	0.91
android	0.73	0.86
bay	0.74	1.02
socks	0.74	0.90
uses	0.74	2.28
movie	0.74	0.91
foreign	0.74	1.00
wings	0.74	0.77
digital	0.74	0.81
china	0.74	0.97
saw	0.75	1.38
dough	0.75	0.71
ideas	0.75	1.10
bat	0.75	0.94
tone	0.75	1.40
whine	0.75	1.11
features	0.75	0.85
apology	0.76	0.90
turkey	0.76	0.69
users	0.76	0.92
guess	0.76	1.63
guide	0.76	1.23
newspaper	0.76	0.99
moon	0.76	0.90
youth	0.76	1.06
laughter	0.76	1.08
elderly	0.76	1.21
chances	0.76	1.02
reminder	0.76	1.18
saint	0.76	1.09
duh	0.76	0.97
option	0.76	1.21
employed	0.77	1.14
cereal	0.77	0.90
playing	0.77	0.75
guarantee	0.77	1.02
op	0.77	1.82
relationship	0.77	1.08
mr	0.77	1.11
boom	0.77	0.89
casually	0.77	0.99
formal	0.78	0.95
bbq	0.78	0.80
communication	0.78	0.96
amazed	0.78	1.33
award	0.78	1.09
handy	0.78	1.22
play	0.78	0.86
donut	0.78	1.00
imagined	0.78	0.93
murica	0.78	0.95
winning	0.78	0.90
suggesting	0.78	1.60
message	0.78	0.95
relatively	0.79	1.17
2nd	0.79	0.95
sympathize	0.79	0.92
freedom	0.79	0.98
cookies	0.79	0.76
fourth	0.79	1.02
disney	0.79	0.93
safety	0.80	1.00
xbox	0.80	0.78
yeah	0.80	1.60
follow	0.80	0.97
burgers	0.80	0.70
dudes	0.80	1.07
ears	0.80	0.89
pics	0.81	0.98
rush	0.81	1.00
ham	0.81	0.75
3d	0.81	0.83
generation	0.81	0.93
presence	0.81	0.80
terrified	0.81	1.45
hidden	0.81	0.83
individual	0.81	1.00
fixing	0.82	1.08
backed	0.82	0.89
support	0.82	0.88
marketing	0.82	1.15
tbh	0.82	1.30
classic	0.82	1.08
lists	0.82	0.88
promotion	0.82	0.99
nicer	0.82	1.04
thanksgiving	0.82	1.04
tune	0.82	0.81
dammit	0.83	1.18
bc	0.83	1.02
mechanic	0.83	0.92
hint	0.83	0.91
games	0.83	0.87
brothers	0.84	1.10
range	0.84	0.83
onions	0.84	1.00
potential	0.84	1.01
discussion	0.84	1.09
holiday	0.84	1.08
movies	0.84	0.89
base	0.84	0.89
regret	0.84	0.75
beast	0.85	1.09
game	0.85	0.86
bake	0.85	0.73
suggested	0.85	0.97
songs	0.85	0.92
funeral	0.85	0.90
leaves	0.85	2.23
radio	0.85	0.89
netflix	0.85	0.83
during	0.85	1.12
bacon	0.86	0.85
nod	0.86	1.10
whoops	0.86	1.19
partially	0.86	0.96
resume	0.86	1.06
annoyed	0.86	2.15
guest	0.86	0.83
face	0.87	1.03
input	0.87	1.28
donuts	0.87	0.70
response	0.87	1.19
character	0.87	1.01
wise	0.87	0.94
explanation	0.87	0.96
glance	0.88	1.03
definition	0.88	0.96
sentences	0.88	1.15
tv	0.88	0.90
letter	0.88	1.10
type	0.88	2.09
outta	0.88	1.21
picturing	0.88	1.14
bored	0.88	1.15
z	0.88	1.36
yes	0.89	1.77
presented	0.89	0.99
weekend	0.89	1.10
expert	0.89	0.94
cakes	0.89	0.85
bell	0.89	0.99
halloween	0.90	0.85
wording	0.90	1.26
magazine	0.90	0.93
kindness	0.90	0.96
gather	0.90	1.11
written	0.90	1.21
swap	0.90	0.91
context	0.90	1.25
funnier	0.90	2.00
hamburger	0.91	0.93
curious	0.91	2.45
appropriate	0.91	1.66
cheeseburger	0.91	0.96
submit	0.91	0.88
gotcha	0.92	1.27
totally	0.92	1.48
expense	0.92	1.01
0	0.93	1.00
word	0.93	1.60
aww	0.93	2.34
adding	0.93	0.97
recognized	0.94	1.12
download	0.94	0.91
search	0.95	1.07
bread	0.95	0.66
behaved	0.95	1.14
continued	0.95	0.96
recommend	0.95	0.89
plays	0.96	0.71
consideration	0.96	1.01
worried	0.96	1.55
dang	0.96	2.05
today	0.96	1.43
leading	0.96	1.11
baked	0.96	0.71
slice	0.97	0.71
pages	0.97	0.89
bitchy	0.97	1.96
nevermind	0.97	1.26
depends	0.97	2.05
burger	0.97	0.97
huh	0.98	1.37
everytime	0.98	0.98
irritated	0.98	2.17
easter	0.98	1.07
messages	0.98	1.00
below	0.98	1.03
fyi	0.99	0.98
led	0.99	0.94
smiled	0.99	1.07
pause	0.99	0.87
happily	0.99	0.97
honesty	0.99	0.89
cd	0.99	0.91
sausage	0.99	0.84
n	0.99	1.22
actively	0.99	1.05
sheet	0.99	0.85
u	1.00	1.34
latest	1.00	0.77
typing	1.00	1.12
sarcastic	1.01	1.14
hook	1.01	0.91
christmas	1.01	1.02
crack	1.01	0.85
carpet	1.01	2.02
useful	1.02	1.29
wonderful	1.02	1.54
generally	1.02	1.31
marriage	1.03	0.88
comfortable	1.03	1.19
tech	1.03	1.14
lick	1.03	1.23
conclusion	1.04	1.04
tomatoes	1.04	0.85
er	1.04	0.98
resort	1.04	0.91
wat	1.04	1.16
worries	1.04	1.38
words	1.05	1.24
sorted	1.05	1.04
picture	1.05	0.87
remind	1.05	1.19
choice	1.05	1.03
providing	1.05	0.98
faith	1.06	1.06
gentleman	1.07	1.14
snap	1.07	0.81
comic	1.07	1.02
w	1.07	1.32
remembered	1.07	1.05
bump	1.08	0.99
holidays	1.08	1.14
replied	1.08	1.44
sites	1.08	0.98
disagree	1.08	1.11
vague	1.08	1.00
babies	1.08	1.27
apologize	1.08	0.92
promise	1.08	1.25
surprised	1.08	1.35
length	1.08	0.98
obama	1.08	1.13
instant	1.09	1.00
la	1.10	0.84
g	1.10	1.34
reliable	1.10	1.08
nicest	1.10	2.42
sleeping	1.10	1.06
dude	1.11	2.10
comparison	1.11	0.99
sandwiches	1.11	0.80
sensitive	1.11	2.00
cheese	1.11	0.94
crazy	1.11	2.07
k	1.11	1.30
prison	1.11	0.99
thick	1.11	0.88
laughed	1.11	1.14
tomato	1.12	0.88
responding	1.12	1.32
porn	1.13	0.91
t	1.13	1.37
yo	1.13	1.44
y	1.13	1.29
potatoes	1.13	0.94
whole	1.13	2.23
florida	1.13	1.07
website	1.14	1.02
sauce	1.14	0.93
aka	1.14	1.27
amp	1.14	1.28
b	1.14	1.30
technically	1.14	2.52
possible	1.15	2.38
blah	1.15	1.08
angry	1.15	2.05
available	1.15	2.35
forward	1.16	1.02
july	1.16	1.01
theory	1.16	1.46
route	1.16	1.06
onion	1.16	0.96
eh	1.17	1.10
umm	1.17	1.33
bless	1.17	1.23
greeting	1.18	1.14
tears	1.18	1.09
bend	1.18	1.01
uh	1.18	1.46
racism	1.18	0.94
visit	1.18	1.05
mayo	1.18	0.98
facepalm	1.19	0.97
helping	1.19	2.00
click	1.19	1.02
hopefully	1.19	1.12
dance	1.19	0.96
kindly	1.20	1.10
mustard	1.20	0.98
entirely	1.20	1.94
ooh	1.20	1.31
sigh	1.20	1.30
note	1.20	0.92
blocked	1.20	0.99
advise	1.21	0.83
ma'am	1.21	1.51
r	1.21	1.24
watch	1.21	0.83
f	1.21	1.26
conflict	1.22	1.92
theres	1.22	1.77
write	1.22	1.01
misread	1.22	1.25
conversation	1.22	1.15
watched	1.23	1.01
liking	1.23	0.83
here	1.24	1.48
smart	1.24	1.72
community	1.24	1.14
fist	1.24	1.09
elsewhere	1.24	1.06
deliver	1.25	0.93
advocate	1.25	0.84
4th	1.25	1.05
odds	1.25	1.11
typed	1.26	1.26
e	1.26	1.28
l	1.26	1.29
ninja	1.26	0.83
stranger	1.26	1.24
involves	1.26	2.00
referring	1.26	1.31
proper	1.27	1.99
runs	1.27	1.97
represent	1.27	0.86
rock	1.27	0.73
fly	1.27	1.99
pepper	1.28	0.75
played	1.28	0.85
clip	1.28	1.02
nicely	1.28	1.00
o	1.29	1.25
miss	1.29	1.74
proceeds	1.29	0.80
user	1.29	0.92
sour	1.30	0.87
readers	1.30	1.15
gt	1.30	1.54
wishes	1.30	0.96
ok	1.30	1.62
prefer	1.30	0.88
music	1.31	0.87
um	1.31	1.44
topic	1.31	1.18
slices	1.31	0.79
competent	1.31	0.90
spell	1.31	1.59
c	1.31	1.36
joke	1.32	1.46
first	1.32	2.44
theme	1.32	1.03
book	1.32	1.17
log	1.33	0.96
buddy	1.33	1.29
horror	1.33	1.09
struck	1.33	1.07
avoiding	1.34	0.87
initial	1.34	0.93
google	1.34	1.02
sarcasm	1.34	1.10
yep	1.35	1.32
apologies	1.36	1.07
wikipedia	1.36	1.05
hill	1.36	0.73
okay	1.36	1.61
missed	1.37	1.03
likely	1.37	1.94
snarky	1.38	1.89
successful	1.38	1.18
always	1.38	2.15
suggestion	1.39	1.05
sounds	1.39	1.95
entry	1.39	0.87
internet	1.40	1.02
listening	1.40	1.01
web	1.40	0.99
subject	1.40	1.02
cute	1.41	2.44
staring	1.42	0.92
hi	1.42	1.25
gladly	1.42	1.03
proving	1.42	1.09
hug	1.42	1.20
star	1.42	1.00
sandwich	1.44	0.79
makeup	1.44	2.07
hello	1.45	1.18
fun	1.45	1.57
museum	1.45	0.79
granted	1.46	1.53
media	1.46	1.04
oops	1.46	1.64
rules	1.46	1.02
slow	1.46	1.18
casual	1.46	1.23
cared	1.47	1.61
reports	1.47	0.87
gear	1.47	0.91
spite	1.48	1.61
faces	1.48	1.03
professional	1.48	1.17
mystery	1.48	1.97
loving	1.49	1.21
shy	1.49	1.96
queen	1.49	1.78
ops	1.51	0.94
decade	1.51	1.09
indeed	1.51	1.10
original	1.52	1.04
grandma	1.52	0.96
honey	1.52	0.91
song	1.52	0.88
update	1.52	0.99
til	1.53	1.31
lt	1.53	1.33
adorable	1.54	1.97
above	1.54	1.13
watches	1.54	1.65
manual	1.55	0.84
naive	1.55	1.85
dedicated	1.55	1.03
thankful	1.55	2.19
deserves	1.56	0.91
serious	1.56	1.89
sir	1.58	1.43
ah	1.58	1.46
dying	1.58	1.67
hoped	1.59	1.15
voice	1.59	1.27
site	1.59	0.88
exist	1.59	1.64
aw	1.59	1.36
priceless	1.59	1.68
please	1.60	1.36
impressive	1.60	1.73
nah	1.61	1.42
previous	1.61	1.27
stupidity	1.62	1.31
ahh	1.62	1.23
goodness	1.62	1.22
poster	1.62	1.17
yea	1.63	1.47
auto	1.63	2.29
mate	1.63	0.99
episode	1.63	1.06
commented	1.64	1.38
career	1.65	1.69
lettuce	1.65	0.84
dragon	1.65	0.76
seriously	1.65	2.05
from	1.66	1.34
satisfied	1.66	1.61
aware	1.66	1.79
worthy	1.66	1.22
hoping	1.67	1.75
hey	1.68	1.42
thanked	1.68	1.03
begging	1.68	2.18
imagining	1.68	1.15
highest	1.69	1.89
figuring	1.69	1.80
style	1.69	0.82
pic	1.69	0.96
mentioned	1.69	1.29
vent	1.69	1.40
woah	1.70	1.23
kidding	1.70	1.75
interesting	1.71	1.58
options	1.72	1.90
smiling	1.72	1.02
characters	1.72	1.51
lmao	1.73	1.88
watching	1.73	0.86
whoa	1.74	1.22
suggest	1.74	0.97
client	1.74	0.88
hugs	1.74	1.32
autocorrect	1.75	1.25
harry	1.75	1.02
solution	1.76	1.80
history	1.76	1.16
ketchup	1.77	1.91
alright	1.77	1.45
manually	1.77	2.37
sorry	1.77	1.48
smile	1.78	1.17
tail	1.79	0.91
judging	1.79	1.03
reads	1.80	1.19
fix	1.80	2.28
heh	1.80	1.17
busy	1.80	2.13
corrected	1.81	2.38
greatly	1.81	1.04
barrel	1.81	1.48
active	1.81	1.13
unhappy	1.82	2.18
gesture	1.83	1.85
oh	1.83	1.44
mistaken	1.83	1.61
gosh	1.84	1.40
mistakes	1.85	2.24
browsing	1.85	1.19
pickles	1.85	1.94
cheers	1.86	1.26
improve	1.87	1.01
errors	1.87	2.35
happiness	1.88	1.67
term	1.89	1.58
version	1.89	0.91
ps	1.90	1.02
hunting	1.90	1.57
regulars	1.91	1.92
series	1.91	1.11
pricing	1.91	2.06
format	1.92	0.97
wrote	1.92	1.15
beginning	1.93	0.82
browse	1.94	1.06
references	1.95	1.09
forced	1.95	1.84
error	1.96	2.40
submitted	1.96	0.98
interested	1.96	1.79
hearing	1.97	1.17
omg	1.97	1.10
text	1.98	1.01
seemingly	1.99	1.55
spelling	2.00	2.37
mobile	2.01	1.23
sentence	2.01	1.01
surprise	2.02	0.93
generous	2.03	2.06
caring	2.03	1.73
chat	2.03	1.78
respectful	2.03	1.79
creative	2.04	1.32
brave	2.05	1.57
truly	2.07	1.27
band	2.07	1.27
clarification	2.07	1.07
downvoted	2.07	1.06
typo	2.08	1.99
king	2.08	0.91
elaborate	2.09	1.15
sweet	2.09	1.85
guys	2.10	1.90
satisfying	2.10	1.57
choices	2.11	1.56
proud	2.12	1.76
guessing	2.12	1.67
grammar	2.12	2.18
alone	2.13	1.45
news	2.13	1.18
greatest	2.15	1.86
balloons	2.16	1.27
man	2.16	1.91
tight	2.17	1.82
good	2.17	1.62
fixed	2.18	2.09
downvotes	2.19	1.06
pictures	2.19	1.45
replying	2.19	1.20
calm	2.19	1.09
upset	2.20	2.22
vote	2.21	1.01
upvoted	2.24	1.10
hahahaha	2.25	1.59
leather	2.25	1.35
bro	2.25	1.75
lol	2.25	1.74
excited	2.25	1.60
facebook	2.25	1.06
linked	2.26	1.14
delicious	2.26	1.34
prime	2.27	1.18
collection	2.27	1.09
ta	2.27	1.57
glorious	2.27	1.58
page	2.27	1.13
favorite	2.28	1.83
birthday	2.29	2.09
cake	2.31	1.83
reply	2.32	1.17
strict	2.33	1.69
chill	2.34	1.81
reminds	2.35	1.53
riding	2.36	1.30
selection	2.36	1.10
quote	2.36	1.13
impressed	2.36	1.85
plot	2.37	0.92
speed	2.38	1.15
relevant	2.40	1.09
mod	2.40	1.16
congrats	2.40	0.92
friendly	2.41	1.74
chuckle	2.41	1.50
hear	2.41	1.55
patient	2.41	1.70
article	2.43	1.13
gold	2.43	0.97
paragraph	2.43	1.03
formatting	2.43	1.30
genuinely	2.43	1.35
title	2.43	1.21
replies	2.45	1.14
helpful	2.46	1.68
badass	2.46	1.44
unexpected	2.48	1.46
votes	2.48	1.31
delete	2.50	0.99
excellent	2.50	0.74
mods	2.51	1.28
someday	2.52	1.32
singing	2.53	1.27
future	2.53	1.33
wow	2.54	1.54
joy	2.54	1.14
advice	2.54	0.92
honest	2.55	1.69
merry	2.57	1.40
genius	2.57	1.35
dat	2.59	1.03
haha	2.59	1.54
hehe	2.60	1.53
pun	2.60	0.99
links	2.61	1.15
edit	2.61	1.73
tale	2.61	1.54
redditor	2.62	1.23
edited	2.62	1.71
upvotes	2.62	1.05
firm	2.63	1.67
kudos	2.63	1.05
compliment	2.63	1.11
hilarious	2.63	1.26
link	2.64	1.00
beautiful	2.64	1.18
careful	2.64	1.75
neat	2.65	1.40
confident	2.66	1.94
downvote	2.66	0.89
concerned	2.67	1.90
comment	2.68	1.12
expecting	2.71	1.24
jealous	2.74	1.64
subtle	2.74	1.17
tldr	2.74	1.01
entertaining	2.74	1.16
liked	2.75	1.24
bravo	2.76	1.22
short	2.76	1.69
justice	2.77	1.14
laugh	2.78	1.46
ha	2.78	1.44
deleted	2.78	1.03
cool	2.79	1.35
polite	2.80	1.79
p	2.80	1.49
quiet	2.80	1.73
reminded	2.81	1.28
twist	2.81	1.25
grateful	2.82	1.78
posted	2.83	1.14
hah	2.83	0.75
hope	2.84	1.34
share	2.85	1.42
commenting	2.85	1.10
clap	2.86	0.69
happier	2.88	0.95
luck	2.88	1.30
writing	2.89	0.84
loyal	2.89	1.85
thread	2.90	1.18
wished	2.91	1.38
brilliant	2.92	1.24
enjoying	2.93	1.14
pleasant	2.98	1.51
appreciated	2.98	1.27
sidebar	2.99	1.23
comments	3.03	1.10
yay	3.04	1.25
pleased	3.04	1.81
reddit	3.07	1.09
karma	3.08	1.11
post	3.10	1.10
hero	3.12	1.27
seeing	3.13	1.13
fireworks	3.14	1.31
lucky	3.15	1.59
posts	3.16	1.17
hahaha	3.18	1.29
glad	3.22	1.30
thank	3.22	1.34
great	3.24	1.04
read	3.25	1.31
stories	3.26	1.27
clever	3.28	1.25
wish	3.29	1.14
sub	3.33	1.30
xd	3.34	1.16
tent	3.37	1.24
r/talesfromtechsupport	3.37	1.27
reference	3.38	1.22
r/talesfromretail	3.39	1.26
flair	3.39	1.16
subs	3.40	1.25
reading	3.40	1.13
subreddit	3.40	1.19
ending	3.43	1.05
username	3.43	1.31
thanks	3.44	1.18
tfr	3.45	1.26
tales	3.45	1.23
posting	3.46	1.20
welcome	3.47	1.14
congratulations	3.52	1.09
story	3.58	1.18
upvote	3.60	1.09
sharing	3.60	1.01
props	3.61	0.65
btw	3.71	0.66
lovely	3.71	0.58
dr	3.72	0.68
appreciate	3.73	0.70
enjoy	3.83	0.65
tl	3.83	0.86
epic	3.87	0.67
enjoyed	3.89	0.84
