disgusting	-4.54	1.34
subtle	-4.06	1.66
sick	-3.99	2.00
feels	-3.75	2.13
death	-3.73	2.01
worse	-3.72	1.66
besides	-3.71	1.99
evil	-3.71	2.18
murder	-3.62	1.91
racist	-3.59	1.91
dislike	-3.58	2.22
potentially	-3.57	2.07
existence	-3.56	1.92
fucks	-3.48	2.11
masturbating	-3.39	1.87
plot	-3.39	2.17
checkmate	-3.30	1.83
bad	-3.25	1.89
done	-3.23	3.64
growing	-3.21	1.72
thathappened	-3.20	1.97
ruined	-3.20	2.75
brony	-3.18	1.94
assholes	-3.17	1.96
and/or	-3.16	2.10
already	-3.15	3.47
ashamed	-3.12	1.85
remind	-3.12	2.11
user	-3.11	2.32
brown	-3.09	2.31
protect	-3.08	2.15
suggesting	-3.05	2.74
douche	-3.05	2.13
breaks	-3.02	2.37
sales	-3.01	2.38
tries	-2.99	2.26
may	-2.98	3.41
typically	-2.97	1.78
fbi	-2.97	1.98
everybody	-2.95	2.52
annoying	-2.95	1.94
japan	-2.94	1.94
previous	-2.93	2.21
messed	-2.91	2.66
fully	-2.91	2.23
dirty	-2.90	2.27
doctors	-2.88	2.02
wide	-2.88	1.85
paul	-2.88	2.52
faggot	-2.88	1.95
poor	-2.85	2.16
supposedly	-2.83	2.22
version	-2.83	2.34
talk	-2.82	2.61
mixed	-2.78	2.34
forever	-2.77	2.19
covered	-2.75	2.29
atheists	-2.74	2.14
burning	-2.73	2.06
smug	-2.71	2.07
attempt	-2.69	2.01
potential	-2.67	2.18
major	-2.67	2.29
hating	-2.67	2.36
referred	-2.67	2.25
everywhere	-2.66	1.99
film	-2.66	2.22
embarrassing	-2.66	1.73
hitler	-2.65	1.91
point	-2.64	3.65
delicious	-2.64	1.87
opened	-2.63	2.63
feel	-2.60	2.72
r/theredpill	-2.60	1.95
aggressive	-2.57	2.42
taste	-2.57	1.73
are	-2.56	2.64
golden	-2.56	2.11
teenager	-2.54	1.98
expecting	-2.53	2.49
experienced	-2.53	3.14
remove	-2.52	2.47
whats	-2.51	2.53
screamed	-2.50	2.50
acts	-2.49	2.17
quality	-2.49	2.15
gays	-2.48	2.37
possibility	-2.46	2.81
sometimes	-2.45	2.73
pain	-2.45	2.03
decent	-2.44	1.86
piss	-2.44	2.28
depressed	-2.43	2.69
dae	-2.43	2.06
linking	-2.43	3.27
received	-2.42	2.70
ve	-2.41	3.89
written	-2.41	2.35
right	-2.40	3.85
shitty	-2.40	2.35
feeling	-2.40	2.99
creepy	-2.39	2.94
assumed	-2.37	2.54
toilet	-2.35	2.52
act	-2.35	2.26
save	-2.34	2.11
opposed	-2.34	2.12
writer	-2.31	2.24
writing	-2.30	2.41
christians	-2.29	2.37
nature	-2.28	2.36
seen	-2.25	3.87
poorly	-2.21	2.15
stuck	-2.21	2.51
different	-2.19	3.23
allow	-2.19	2.60
excited	-2.16	2.71
desperate	-2.16	2.75
ugh	-2.14	2.28
kinda	-2.14	3.34
stupid	-2.14	2.20
lonely	-2.13	2.86
lives	-2.11	2.96
treat	-2.11	2.38
blame	-2.10	2.21
missing	-2.09	2.87
differently	-2.08	2.58
makes	-2.07	3.26
lift	-2.07	2.75
feminists	-2.06	2.41
ive	-2.05	3.69
spread	-2.04	2.80
applaud	-2.04	2.50
loudly	-2.03	2.84
been	-2.02	2.87
gross	-2.01	1.03
agree	-1.99	3.55
painful	-1.98	2.04
towards	-1.97	2.39
since	-1.95	3.16
typing	-1.95	2.47
asshole	-1.93	1.12
practically	-1.92	2.69
identify	-1.92	2.51
jerk	-1.90	2.60
life	-1.89	2.98
mad	-1.88	2.83
blowjob	-1.88	2.88
bored	-1.82	3.00
aww	-1.82	2.72
tired	-1.79	1.65
have	-1.79	3.14
ladies	-1.77	2.88
sake	-1.76	2.21
funny	-1.76	2.91
opportunity	-1.75	2.31
fantasy	-1.72	2.90
downvoted	-1.72	1.14
heard	-1.71	3.07
hard	-1.71	3.12
cry	-1.71	3.08
noticed	-1.71	2.74
serious	-1.70	2.85
before	-1.69	3.10
homophobic	-1.69	0.83
r/thathappened	-1.68	1.44
disturbing	-1.67	2.97
has	-1.66	2.68
assume	-1.66	1.35
amirite	-1.65	2.49
generation	-1.65	2.63
crime	-1.64	0.82
except	-1.62	3.73
absolute	-1.62	3.21
multiple	-1.61	1.56
re	-1.60	2.11
suicide	-1.59	0.93
scary	-1.59	2.79
illness	-1.57	0.97
never	-1.57	3.15
had	-1.56	2.96
talked	-1.56	2.23
amusing	-1.56	2.98
weird	-1.55	2.95
might	-1.53	2.83
hearing	-1.53	1.19
better	-1.53	1.69
risk	-1.52	0.76
wet	-1.52	1.08
strength	-1.48	0.85
le	-1.48	2.64
ignorant	-1.47	1.15
minority	-1.46	2.78
jews	-1.46	1.03
posted	-1.46	2.08
earth	-1.46	3.53
supposed	-1.45	1.88
r/atheism	-1.44	1.24
numerous	-1.44	1.78
innocent	-1.43	2.87
gone	-1.43	2.26
r/funny	-1.42	1.11
sub	-1.42	1.46
unless	-1.41	1.20
fair	-1.41	1.50
eaten	-1.39	2.03
things	-1.38	2.39
yet	-1.37	2.67
similar	-1.37	2.23
autistic	-1.37	0.87
react	-1.36	1.03
than	-1.33	1.39
voted	-1.32	0.86
racism	-1.32	0.76
expect	-1.32	1.52
joke	-1.31	1.76
piece	-1.31	0.83
sherlock	-1.31	2.92
stuff	-1.31	1.83
commit	-1.30	0.96
newpaper	-1.30	1.30
gotten	-1.29	2.44
neighbors	-1.29	0.80
fine	-1.29	3.16
george	-1.28	1.21
thing	-1.28	3.17
way	-1.28	2.17
felt	-1.27	1.56
sorry	-1.26	1.85
wrote	-1.25	0.97
thats	-1.25	3.04
times	-1.25	2.11
m	-1.24	1.77
burned	-1.24	0.91
uncommon	-1.24	3.20
idiots	-1.23	1.31
stabbed	-1.22	0.83
filthy	-1.22	0.86
content	-1.22	1.14
clearly	-1.21	1.52
belong	-1.21	1.20
families	-1.20	1.20
rage	-1.20	0.92
just	-1.20	2.51
matters	-1.20	0.94
pencil	-1.20	1.08
error	-1.19	2.67
could	-1.19	2.73
much	-1.19	1.68
allowed	-1.18	1.58
other	-1.18	1.79
about	-1.18	1.92
resubmit	-1.18	1.66
met	-1.17	2.64
badly	-1.17	1.15
thought	-1.16	1.85
filled	-1.15	0.88
lying	-1.15	1.16
florida	-1.15	0.74
idea	-1.14	2.32
like	-1.14	1.89
less	-1.14	1.42
belongs	-1.13	1.22
self-aggrandizing	-1.13	2.16
90	-1.13	1.10
not	-1.13	2.42
opinion	-1.13	0.93
r/cringepics	-1.13	1.10
bastard	-1.12	1.10
we	-1.12	2.36
murdered	-1.12	1.05
fall	-1.11	1.00
sure	-1.11	2.45
so	-1.11	2.47
honestly	-1.11	1.85
ever	-1.11	4.46
parody	-1.10	0.90
massive	-1.10	1.24
annoyed	-1.10	1.87
doing	-1.10	2.29
raped	-1.10	1.00
realise	-1.10	1.47
circle	-1.10	1.07
thinks	-1.09	3.13
forgotten	-1.09	2.05
paper	-1.08	0.91
more	-1.08	1.87
bit	-1.08	1.99
stated	-1.08	0.91
muslim	-1.08	1.10
typical	-1.07	0.83
reposted	-1.07	1.65
seeing	-1.07	1.53
superior	-1.07	1.02
because	-1.07	2.45
wondered	-1.07	2.51
kind	-1.07	2.13
guess	-1.06	2.49
submitted	-1.06	1.63
reason	-1.06	2.19
still	-1.06	2.47
pretty	-1.06	2.04
streets	-1.06	0.93
lately	-1.06	1.48
dream	-1.04	1.06
reposts	-1.04	1.44
rate	-1.04	0.98
oppression	-1.04	1.05
building	-1.04	0.81
recently	-1.04	1.81
whore	-1.03	0.93
what	-1.03	2.45
complaining	-1.03	1.28
plenty	-1.03	1.96
seriously	-1.02	2.19
majority	-1.02	1.32
tape	-1.02	0.81
garbage	-1.02	0.99
legs	-1.02	1.09
intended	-1.02	1.21
living	-1.02	1.81
cunt	-1.01	1.03
saying	-1.01	2.36
satire	-1.01	1.09
would	-1.01	2.39
bieber	-1.00	0.87
beaten	-1.00	1.15
moron	-1.00	1.19
quite	-1.00	1.92
r/quityourbullshit	-1.00	1.18
referring	-1.00	1.24
constant	-1.00	1.23
experience	-1.00	1.42
autism	-1.00	0.92
cringe	-1.00	1.42
christian	-0.99	1.26
posts	-0.99	1.42
seem	-0.99	1.86
be	-0.98	2.01
4chan	-0.98	1.08
sexuality	-0.98	0.83
anything	-0.98	2.67
honey	-0.98	1.04
post	-0.98	1.63
liar	-0.98	1.10
upon	-0.97	1.01
happens	-0.97	2.44
exist	-0.97	1.20
too	-0.97	1.96
funnier	-0.97	1.40
repost	-0.97	1.48
advice	-0.97	1.66
following	-0.96	1.74
untrue	-0.96	1.30
read	-0.96	3.20
think	-0.96	2.28
offensive	-0.96	1.61
begins	-0.96	1.06
probably	-0.95	2.30
twice	-0.95	1.84
thousands	-0.95	0.74
doubt	-0.95	2.43
health	-0.94	1.03
shit	-0.94	1.69
subs	-0.94	1.15
violent	-0.94	1.06
condition	-0.94	1.02
they	-0.93	2.14
referencing	-0.93	1.32
no	-0.93	1.74
removed	-0.93	1.75
material	-0.93	0.96
here	-0.93	2.38
figured	-0.92	1.18
killed	-0.92	1.20
reads	-0.92	1.28
rude	-0.92	1.31
bible	-0.92	1.13
commenting	-0.92	1.43
really	-0.92	2.14
around	-0.92	0.89
higher	-0.91	0.99
reddit	-0.91	1.09
these	-0.91	1.59
panic	-0.91	0.80
arrest	-0.91	0.98
ovation	-0.91	1.00
reading	-0.91	1.30
animals	-0.91	1.50
subreddit	-0.91	1.58
none	-0.91	1.48
battery	-0.91	0.92
nothing	-0.90	2.00
moment	-0.90	3.02
lot	-0.90	1.88
sexist	-0.89	1.11
constantly	-0.89	1.14
agreed	-0.89	3.30
acting	-0.89	0.77
pride	-0.89	1.11
fetish	-0.89	2.81
depression	-0.89	1.10
europe	-0.88	1.27
mental	-0.88	1.03
causes	-0.88	0.88
gt	-0.88	1.75
justin	-0.88	0.84
bunch	-0.88	1.11
talking	-0.88	1.88
pig	-0.87	0.88
smaller	-0.87	1.13
most	-0.87	4.11
behavior	-0.87	0.80
physically	-0.87	1.33
imagining	-0.86	1.23
victim	-0.86	0.83
basement	-0.86	1.49
butt	-0.86	0.74
please	-0.86	1.71
must	-0.86	1.97
something	-0.86	2.19
stood	-0.86	0.69
obvious	-0.86	1.23
priest	-0.86	0.87
perspective	-0.86	1.08
make	-0.86	1.81
policy	-0.86	0.97
r/4chan	-0.86	1.52
live	-0.86	1.36
exceptions	-0.85	1.51
going	-0.85	2.19
neighborhood	-0.85	0.78
wasting	-0.85	1.04
realize	-0.85	2.01
themselves	-0.85	1.37
upvoted	-0.85	0.86
either	-0.85	1.96
shock	-0.85	0.78
9/11	-0.85	0.93
by	-0.85	0.99
kinds	-0.84	1.10
happen	-0.84	2.30
memes	-0.84	1.57
severe	-0.84	0.96
father	-0.84	1.20
upset	-0.84	2.00
taken	-0.84	2.07
pen	-0.83	1.04
afraid	-0.83	1.47
bullied	-0.83	1.01
fact	-0.83	2.30
though	-0.83	2.29
d	-0.83	2.07
meta	-0.83	1.04
maybe	-0.83	2.25
writes	-0.83	1.01
did	-0.83	2.22
believe	-0.82	2.23
imagine	-0.82	2.24
retarded	-0.82	2.99
say	-0.82	2.14
obnoxious	-0.82	1.36
er	-0.82	1.05
assault	-0.82	0.79
holes	-0.81	0.87
professor	-0.81	0.87
oppressed	-0.81	1.24
surgery	-0.81	0.76
stereotype	-0.81	0.99
see	-0.81	2.18
why	-0.81	2.21
but	-0.81	2.32
does	-0.81	2.09
defend	-0.81	0.89
case	-0.80	2.26
storm	-0.80	1.02
even	-0.80	2.14
main	-0.80	2.85
lived	-0.80	1.71
anyone	-0.80	2.46
dildo	-0.80	0.86
willing	-0.79	1.27
direct	-0.79	1.95
teenagers	-0.79	0.83
attitude	-0.78	1.10
yell	-0.78	1.23
suspicious	-0.78	1.86
family	-0.78	1.32
anal	-0.78	0.91
finds	-0.78	0.98
part	-0.78	4.20
mean	-0.78	2.30
links	-0.78	1.64
subreddits	-0.77	1.25
horse	-0.77	1.13
hear	-0.77	1.24
pile	-0.77	1.13
listening	-0.77	0.96
8	-0.77	1.69
know	-0.77	2.16
embarrassed	-0.77	1.59
happening	-0.77	4.41
posting	-0.76	1.52
or	-0.76	1.60
mass	-0.76	0.81
many	-0.76	1.84
attack	-0.75	0.77
anymore	-0.75	1.95
physical	-0.75	0.95
begin	-0.75	0.84
parents	-0.75	1.21
understand	-0.75	2.14
bloody	-0.75	1.14
standards	-0.75	0.95
np	-0.75	1.59
whether	-0.75	1.65
flying	-0.75	0.90
emergency	-0.75	0.69
cover	-0.74	1.02
revenge	-0.74	1.37
office	-0.73	0.76
provide	-0.73	0.82
screenshot	-0.73	1.63
houses	-0.73	1.11
sadly	-0.73	1.18
scum	-0.73	0.92
meant	-0.73	1.41
patriarchy	-0.73	1.15
humans	-0.73	0.75
should	-0.72	1.93
some	-0.72	1.83
usernames	-0.72	1.96
concept	-0.72	1.00
sun	-0.72	0.99
people	-0.72	1.51
stay	-0.72	0.85
favorite	-0.72	3.21
fans	-0.72	3.17
said	-0.72	1.94
including	-0.72	1.25
rape	-0.72	0.81
everyone	-0.72	1.04
blur	-0.71	1.97
hurts	-0.71	1.50
prove	-0.71	1.33
little	-0.71	1.36
implying	-0.70	1.88
your	-0.70	1.44
rock	-0.70	0.80
grew	-0.70	0.94
pee	-0.70	0.80
irony	-0.69	0.94
prevent	-0.69	0.86
satan	-0.69	0.85
sense	-0.69	1.68
alive	-0.69	0.77
brothers	-0.69	1.20
luckily	-0.69	1.38
certainly	-0.69	1.91
santa	-0.68	1.22
train	-0.68	0.72
okay	-0.68	3.56
saving	-0.68	0.93
sight	-0.68	0.92
cops	-0.68	0.76
arrested	-0.67	0.77
everyday	-0.67	1.00
actually	-0.67	2.22
rules	-0.67	1.41
ruin	-0.67	1.16
yesterday	-0.67	2.03
tbh	-0.67	1.82
care	-0.67	2.11
problems	-0.67	0.94
privilege	-0.67	0.91
coming	-0.67	1.09
mentioned	-0.67	1.77
presented	-0.66	0.89
myself	-0.66	1.37
once	-0.66	2.58
tattoo	-0.66	1.15
base	-0.66	0.79
sent	-0.66	0.86
very	-0.66	1.89
19	-0.66	0.95
house	-0.65	1.10
he	-0.65	1.90
intensifies	-0.65	1.18
decision	-0.65	0.86
imo	-0.65	1.06
comic	-0.64	0.94
africa	-0.64	0.88
open	-0.64	0.74
classic	-0.64	0.96
distance	-0.64	0.79
automatically	-0.64	0.99
tattoos	-0.64	0.86
tax	-0.64	0.89
proven	-0.63	0.98
wait	-0.63	2.20
via	-0.63	0.90
insulting	-0.63	1.13
involved	-0.63	1.65
claim	-0.63	1.01
screenshots	-0.63	1.89
off	-0.63	1.15
equivalent	-0.63	0.86
issue	-0.62	0.80
idiot	-0.62	1.18
cheating	-0.62	1.05
chances	-0.62	0.82
with	-0.62	2.01
extremely	-0.62	1.84
r/cringe	-0.62	1.05
whispered	-0.62	0.86
refused	-0.62	1.03
rather	-0.62	1.43
trouble	-0.61	1.30
general	-0.61	0.97
loud	-0.61	1.15
violence	-0.61	0.96
emotional	-0.61	1.16
knife	-0.61	0.86
refer	-0.61	0.92
religious	-0.61	1.18
lawn	-0.61	0.93
clue	-0.61	1.39
officer	-0.60	0.78
proud	-0.60	0.97
actively	-0.60	1.09
machine	-0.60	0.65
were	-0.60	1.68
basically	-0.60	1.24
freak	-0.60	0.94
sarcastic	-0.60	1.34
7	-0.60	1.60
yourself	-0.60	1.38
bullies	-0.60	0.75
liking	-0.60	1.16
range	-0.59	1.06
blurred	-0.59	1.86
views	-0.59	1.05
thrown	-0.59	0.80
nowadays	-0.59	1.23
ban	-0.59	0.80
problem	-0.59	1.66
closed	-0.59	0.72
also	-0.59	2.52
saw	-0.59	2.20
fart	-0.58	0.89
bacon	-0.58	0.64
groups	-0.58	1.08
british	-0.58	2.25
cure	-0.58	0.89
bot	-0.58	0.90
together	-0.58	1.03
michael	-0.58	1.08
commented	-0.57	1.27
power	-0.57	1.32
now	-0.57	2.77
from	-0.57	1.28
ones	-0.57	1.68
fat	-0.57	1.00
if	-0.57	2.36
standing	-0.57	0.82
two	-0.57	1.66
subscribed	-0.56	1.03
dumb	-0.56	1.37
smoked	-0.56	1.55
those	-0.56	1.73
assignment	-0.56	0.95
simply	-0.56	1.18
fucked	-0.56	3.36
created	-0.56	0.94
summer	-0.56	1.05
erupted	-0.56	0.92
accident	-0.56	0.85
discovered	-0.56	1.01
shown	-0.55	1.26
needed	-0.55	1.07
criminal	-0.55	0.75
texts	-0.55	1.26
sidebar	-0.55	1.38
friends	-0.55	1.40
cis	-0.55	1.05
service	-0.55	1.05
humor	-0.55	1.08
egg	-0.55	0.77
style	-0.54	0.89
charges	-0.54	0.63
happened	-0.54	2.78
submissions	-0.54	1.65
camp	-0.54	1.05
pussy	-0.54	1.01
laptop	-0.54	0.66
millions	-0.54	1.16
harm	-0.54	0.92
exaggerated	-0.54	1.58
receive	-0.54	0.86
one	-0.54	3.19
prefer	-0.53	0.89
realizing	-0.53	1.07
scream	-0.53	1.02
everything	-0.53	1.82
adults	-0.53	0.79
effort	-0.53	1.13
replace	-0.53	1.28
larger	-0.53	1.09
music	-0.53	0.91
disorder	-0.53	0.90
guns	-0.53	0.77
faster	-0.53	0.81
scared	-0.53	1.83
national	-0.52	0.64
front	-0.52	1.00
r/lewronggeneration	-0.52	0.86
brain	-0.52	0.87
especially	-0.52	1.60
away	-0.52	0.98
12	-0.52	1.53
circlejerk	-0.52	1.15
ages	-0.52	1.20
banned	-0.52	1.21
highly	-0.51	1.54
found	-0.51	1.59
funniest	-0.51	4.29
cold	-0.51	0.98
rid	-0.51	1.25
world	-0.51	2.16
connection	-0.51	0.80
graduated	-0.51	1.65
knew	-0.51	1.94
door	-0.51	0.75
bread	-0.51	0.72
can	-0.50	2.31
disease	-0.50	0.90
stereotypes	-0.50	0.89
across	-0.50	0.93
nuggets	-0.50	0.76
title	-0.50	1.39
often	-0.50	1.74
hit	-0.50	1.06
military	-0.50	0.73
them	-0.50	1.67
ms	-0.49	0.90
pretend	-0.49	1.59
5	-0.49	1.58
johnson	-0.49	0.81
homosexuality	-0.49	1.04
slut	-0.48	0.76
focus	-0.48	0.99
cri	-0.48	1.03
become	-0.48	1.13
questioning	-0.48	1.60
spot	-0.48	0.83
particularly	-0.48	1.42
far	-0.48	1.62
desk	-0.48	0.74
bully	-0.48	0.85
scenario	-0.48	1.66
broke	-0.48	0.82
gullible	-0.47	1.20
cause	-0.47	1.06
religion	-0.47	1.01
want	-0.47	1.93
include	-0.47	1.46
behind	-0.47	0.76
kiss	-0.47	1.30
costs	-0.47	0.91
applauding	-0.47	0.87
belt	-0.47	1.00
becomes	-0.47	0.92
poems	-0.47	1.27
understood	-0.47	1.32
captain	-0.47	1.03
apartment	-0.46	1.08
essay	-0.46	0.95
definitely	-0.46	2.04
view	-0.46	1.12
children	-0.46	0.90
crowd	-0.46	0.80
careful	-0.46	1.18
price	-0.46	0.91
empty	-0.46	0.92
rule	-0.46	1.58
dogs	-0.46	0.87
burger	-0.45	0.89
shocked	-0.45	1.51
expected	-0.45	1.14
completely	-0.45	1.87
per	-0.45	1.49
vigins	-0.45	1.44
country	-0.45	1.09
germany	-0.45	0.96
clapping	-0.45	0.88
broken	-0.45	0.89
although	-0.45	2.36
doesnt	-0.45	1.04
checked	-0.45	1.01
personally	-0.44	1.19
moving	-0.44	0.71
harder	-0.44	1.34
bullshit	-0.44	1.35
against	-0.44	0.92
idk	-0.44	1.26
applauded	-0.44	0.87
4	-0.43	1.53
otherwise	-0.43	1.81
choice	-0.43	1.06
sat	-0.43	0.78
seven	-0.43	1.32
busy	-0.43	1.26
tried	-0.43	1.00
longer	-0.43	1.39
everytime	-0.43	1.69
stolen	-0.43	0.97
technology	-0.42	0.92
potato	-0.42	1.09
argue	-0.42	1.41
somewhat	-0.42	1.82
imply	-0.42	1.49
wo	-0.42	1.74
usually	-0.42	1.51
lazy	-0.42	1.31
group	-0.42	0.94
boner	-0.42	0.85
racial	-0.42	1.34
fag	-0.42	0.93
slightly	-0.42	1.12
metal	-0.42	0.99
express	-0.42	0.84
cheering	-0.41	0.85
hundreds	-0.41	1.12
else	-0.41	2.20
neither	-0.41	1.16
among	-0.41	1.12
north	-0.41	0.82
hardly	-0.41	1.23
literature	-0.41	0.80
submission	-0.41	1.10
isnt	-0.41	1.16
homosexual	-0.41	0.89
horror	-0.41	0.74
medical	-0.41	0.92
retard	-0.41	1.17
remember	-0.40	2.08
king	-0.40	0.95
comments	-0.40	1.05
guilty	-0.40	2.31
screaming	-0.40	0.95
hospital	-0.40	0.84
op	-0.40	0.99
necessarily	-0.40	1.10
there	-0.40	2.70
running	-0.40	0.85
unit	-0.40	0.92
slow	-0.40	0.83
rap	-0.40	0.84
fiction	-0.39	1.01
wasnt	-0.39	0.96
east	-0.39	1.12
author	-0.39	0.85
wipe	-0.39	0.96
effect	-0.39	0.99
fill	-0.39	0.89
opening	-0.39	0.69
therefore	-0.39	0.98
note	-0.39	0.98
genuine	-0.39	1.02
insurance	-0.38	0.98
audience	-0.38	0.82
bathroom	-0.38	0.73
fight	-0.38	0.99
society	-0.38	0.93
attracted	-0.38	1.20
trigger	-0.38	0.88
admit	-0.38	1.29
points	-0.38	1.03
obviously	-0.38	1.84
names	-0.38	1.17
ronnie	-0.38	0.98
meth	-0.38	0.93
pretending	-0.38	0.88
chuckle	-0.38	1.06
flat	-0.38	0.98
drop	-0.38	0.97
youth	-0.38	0.68
pool	-0.37	0.75
applauds	-0.37	0.95
thread	-0.37	1.32
sink	-0.37	0.93
animal	-0.37	0.94
hardcore	-0.37	1.16
numbers	-0.37	0.92
canadian	-0.37	0.75
technically	-0.37	1.30
headline	-0.37	1.10
corner	-0.37	1.19
stomach	-0.37	0.94
deleted	-0.37	1.14
euphoric	-0.37	1.15
zone	-0.37	0.78
jokes	-0.37	1.24
handwriting	-0.37	0.98
extent	-0.37	1.03
then	-0.37	1.42
without	-0.37	1.13
fucking	-0.37	1.26
screen	-0.37	0.79
legal	-0.36	0.98
well	-0.36	2.70
duh	-0.36	1.06
lower	-0.36	0.82
state	-0.36	1.04
photos	-0.36	0.86
canada	-0.36	1.06
forward	-0.36	0.74
reached	-0.36	0.79
wondering	-0.36	1.35
complain	-0.36	1.07
notes	-0.35	1.00
white	-0.35	1.14
mostly	-0.35	1.48
unnecessary	-0.35	1.27
minds	-0.35	0.82
row	-0.35	0.95
president	-0.35	0.86
ftfy	-0.35	1.01
pin	-0.35	1.37
truest	-0.35	4.17
90s	-0.35	0.91
walks	-0.34	0.98
shape	-0.34	0.96
tell	-0.34	1.67
ton	-0.34	1.24
stuffed	-0.34	1.03
drag	-0.34	1.04
issues	-0.34	1.01
low	-0.34	0.85
ordered	-0.34	1.23
possible	-0.34	1.72
honest	-0.34	1.14
censor	-0.34	1.60
which	-0.34	2.46
exactly	-0.34	2.42
answered	-0.34	1.42
lie	-0.34	1.74
older	-0.34	1.02
parts	-0.34	1.22
lame	-0.33	2.51
accounts	-0.33	0.86
line	-0.33	0.86
newspaper	-0.33	0.89
arguing	-0.33	1.00
21	-0.33	1.01
through	-0.33	0.96
ideas	-0.33	0.93
legend	-0.33	1.09
killing	-0.33	0.77
mouth	-0.33	0.78
doctor	-0.33	1.54
titles	-0.32	1.22
minor	-0.32	3.27
passing	-0.32	0.76
meh	-0.32	1.26
spend	-0.32	1.15
dry	-0.32	1.51
somehow	-0.32	0.84
virgin	-0.32	1.41
various	-0.32	1.27
offended	-0.32	1.69
down	-0.32	0.91
made	-0.32	1.24
ca	-0.32	1.70
dropping	-0.32	0.80
tons	-0.32	1.12
comes	-0.32	1.14
rarely	-0.32	1.44
prepare	-0.31	0.88
foreign	-0.31	1.06
fantasies	-0.31	1.42
angry	-0.31	3.36
married	-0.31	1.35
stopping	-0.31	1.00
their	-0.31	1.21
9gag	-0.31	0.97
mine	-0.31	1.05
months	-0.31	1.49
ridiculous	-0.31	1.63
linked	-0.31	1.13
appear	-0.31	1.06
doors	-0.31	0.73
tests	-0.31	1.01
email	-0.31	0.89
album	-0.31	0.66
scene	-0.30	0.92
tongue	-0.30	0.91
claimed	-0.30	1.60
caught	-0.30	1.28
ghost	-0.30	1.09
under	-0.30	0.91
child	-0.30	1.09
fail	-0.30	1.28
walk	-0.30	0.99
greater	-0.30	1.21
notice	-0.30	1.44
tone	-0.30	0.97
cuz	-0.29	0.97
left	-0.29	1.52
sound	-0.29	1.70
whatever	-0.29	1.42
system	-0.29	0.81
instead	-0.29	0.98
seat	-0.29	0.87
modern	-0.29	0.84
reader	-0.29	1.02
sarcasm	-0.29	1.16
anybody	-0.29	1.52
mention	-0.29	1.77
planet	-0.29	1.87
moon	-0.29	0.85
blow	-0.29	0.84
feminism	-0.29	1.23
votes	-0.28	0.90
mistaken	-0.28	1.15
realized	-0.28	1.60
apparently	-0.28	1.71
causing	-0.28	1.20
shot	-0.28	1.02
few	-0.28	1.58
action	-0.28	0.84
trying	-0.28	1.54
askreddit	-0.28	1.11
weekend	-0.28	1.21
joe	-0.28	0.81
fix	-0.28	1.26
kitchen	-0.28	0.95
nearby	-0.28	0.74
week	-0.28	1.66
lesbians	-0.28	1.02
earlier	-0.27	2.08
goddamn	-0.27	0.98
barely	-0.27	1.00
fairly	-0.27	1.75
aside	-0.27	1.00
einstein	-0.27	0.92
ago	-0.27	1.49
sounds	-0.27	1.92
instantly	-0.27	1.20
bigger	-0.27	1.49
teach	-0.27	1.11
rain	-0.27	1.02
alot	-0.27	0.79
charged	-0.27	0.70
falls	-0.27	1.13
matter	-0.27	1.45
flip	-0.27	0.83
letter	-0.26	1.27
himself	-0.26	0.85
foot	-0.26	0.91
treatment	-0.26	0.86
ears	-0.26	0.89
suppose	-0.26	1.29
fictional	-0.26	0.95
nuts	-0.26	1.05
smith	-0.26	0.82
army	-0.26	0.92
lawyer	-0.26	0.81
legally	-0.26	0.89
son	-0.26	1.28
punishment	-0.26	0.98
silent	-0.26	0.92
load	-0.26	1.06
suddenly	-0.26	0.86
gay	-0.26	1.04
friend	-0.25	1.24
defener	-0.25	0.85
blog	-0.25	1.01
medicine	-0.25	0.80
into	-0.25	0.93
confused	-0.25	1.94
nobody	-0.25	1.58
come	-0.25	1.61
face	-0.25	1.20
reach	-0.25	0.82
atheist	-0.25	1.31
means	-0.25	1.78
button	-0.25	0.86
300	-0.25	1.36
decide	-0.25	1.36
go	-0.25	1.47
p.s	-0.24	1.02
exchange	-0.24	1.11
full	-0.24	1.18
studies	-0.24	1.04
kids	-0.24	1.08
three	-0.24	1.50
vodka	-0.24	0.97
granted	-0.24	1.02
beating	-0.24	0.89
silence	-0.24	1.31
write	-0.24	1.52
being	-0.24	1.13
entirely	-0.24	1.62
how	-0.24	1.65
adult	-0.24	0.84
justice	-0.24	0.98
him	-0.24	1.25
messages	-0.23	0.79
ending	-0.23	3.13
punched	-0.23	0.91
person	-0.23	2.16
ronny	-0.23	0.87
fault	-0.23	1.04
find	-0.23	2.01
pieces	-0.23	0.90
back	-0.23	1.04
nazi	-0.23	0.90
stereotypical	-0.23	1.10
rapist	-0.23	0.88
accept	-0.23	0.89
imaginary	-0.23	1.08
albert	-0.23	0.90
block	-0.23	0.90
stories	-0.23	1.75
church	-0.23	1.04
saved	-0.23	0.87
generic	-0.22	1.19
trash	-0.22	0.88
me	-0.22	1.36
round	-0.22	0.83
brother	-0.22	1.12
message	-0.22	1.01
easier	-0.22	1.68
landed	-0.22	0.79
couple	-0.22	1.49
argument	-0.22	1.24
out	-0.22	1.04
upvotes	-0.22	0.91
room	-0.22	0.98
four	-0.22	1.44
hired	-0.22	1.09
cant	-0.22	1.25
sigh	-0.22	0.90
six	-0.21	1.40
throat	-0.21	0.89
responsible	-0.21	0.73
past	-0.21	1.26
welcome	-0.21	1.11
spelled	-0.21	1.39
trained	-0.21	1.32
situation	-0.21	1.75
lights	-0.21	0.83
relatively	-0.21	1.53
shut	-0.21	0.97
whenever	-0.21	0.92
fighting	-0.21	0.95
c	-0.21	0.76
when	-0.21	1.84
counter	-0.21	0.85
almost	-0.21	1.81
ex	-0.21	1.36
public	-0.20	0.98
swear	-0.20	2.16
uk	-0.20	1.11
bright	-0.20	1.09
touched	-0.20	1.20
navy	-0.20	1.27
own	-0.20	1.31
police	-0.20	0.68
closer	-0.20	1.23
internet	-0.20	1.16
population	-0.20	0.83
totally	-0.20	1.77
united	-0.20	0.94
each	-0.20	1.66
equally	-0.20	1.28
homeless	-0.20	1.20
implausible	-0.20	1.65
companies	-0.20	0.95
join	-0.20	0.82
days	-0.20	1.49
wise	-0.20	0.85
runs	-0.20	1.07
thousand	-0.19	1.17
18	-0.19	1.03
discussing	-0.19	0.94
ops	-0.19	0.90
girlfriend	-0.19	1.45
held	-0.19	0.91
york	-0.19	0.77
b	-0.19	0.86
80	-0.19	1.02
6	-0.19	1.39
exercise	-0.19	0.93
my	-0.19	1.43
any	-0.19	1.25
charge	-0.19	0.84
keyboard	-0.19	0.80
native	-0.19	0.86
hole	-0.19	1.08
check	-0.19	0.90
gets	-0.19	1.19
side	-0.19	0.79
link	-0.19	1.12
split	-0.19	0.94
tipped	-0.19	1.03
month	-0.19	1.56
knock	-0.19	0.82
james	-0.19	0.93
over	-0.18	1.08
punching	-0.18	0.98
forget	-0.18	1.58
several	-0.18	1.72
knight	-0.18	1.12
bird	-0.18	0.92
abuse	-0.18	0.86
pissed	-0.18	1.58
forwards	-0.18	1.19
event	-0.18	1.32
south	-0.18	0.92
default	-0.18	1.15
shower	-0.18	0.89
fun	-0.18	1.45
half	-0.17	1.59
consists	-0.17	1.52
his	-0.17	1.40
nerd	-0.17	1.05
20	-0.17	1.35
guarantee	-0.17	0.95
absolutely	-0.17	1.94
bitches	-0.17	0.76
eats	-0.17	0.90
moral	-0.17	1.02
amp	-0.17	1.10
10	-0.17	1.37
poop	-0.17	0.70
cancer	-0.17	0.84
texas	-0.17	0.90
onto	-0.17	0.79
jack	-0.16	1.00
spaghetti	-0.16	0.75
repeat	-0.16	0.75
shoulder	-0.16	0.86
bonus	-0.16	0.90
spider	-0.16	0.88
partner	-0.16	1.10
wind	-0.16	0.93
threads	-0.16	1.08
3	-0.16	1.48
america	-0.16	0.92
proof	-0.16	1.43
tifu	-0.16	1.02
anyways	-0.16	1.04
five	-0.15	1.42
r/tumblrinaction	-0.15	1.12
peter	-0.15	0.85
time	-0.15	2.18
stand	-0.15	1.00
started	-0.15	0.88
ear	-0.15	0.84
energy	-0.15	0.74
bs	-0.15	0.95
missed	-0.15	1.53
within	-0.15	1.40
23	-0.15	1.16
suspect	-0.15	1.10
11	-0.15	1.14
while	-0.15	1.01
babies	-0.15	0.70
included	-0.15	0.74
industry	-0.15	0.93
rant	-0.14	1.05
safety	-0.14	0.84
bullying	-0.14	0.87
drunk	-0.14	1.07
hitting	-0.14	0.98
am	-0.14	1.47
forced	-0.14	0.85
fit	-0.14	1.23
years	-0.14	1.25
miles	-0.14	1.08
sexually	-0.14	1.02
elaborate	-0.14	1.37
order	-0.14	0.81
yep	-0.14	1.31
bottles	-0.14	0.95
claims	-0.13	0.92
trolling	-0.13	0.94
consider	-0.13	1.01
yard	-0.13	0.84
wonder	-0.13	1.51
examples	-0.13	1.03
14	-0.13	1.18
orders	-0.13	1.01
attempting	-0.13	0.92
wake	-0.13	0.78
likely	-0.13	1.70
letting	-0.13	0.94
entire	-0.13	0.93
treated	-0.13	0.95
30	-0.13	1.30
illegal	-0.13	1.02
nor	-0.13	1.24
attached	-0.13	0.87
ball	-0.13	1.32
couch	-0.12	0.97
christ	-0.12	0.97
fake	-0.12	1.32
as	-0.12	2.25
parent	-0.12	1.44
16	-0.12	1.15
reasons	-0.12	1.19
area	-0.12	1.16
ground	-0.12	0.95
forces	-0.12	1.06
dad	-0.12	1.17
olds	-0.12	1.20
pack	-0.12	0.85
began	-0.12	0.88
joined	-0.12	0.84
keep	-0.12	1.20
picking	-0.12	1.15
peace	-0.12	1.08
definition	-0.12	0.80
today	-0.12	1.68
passed	-0.12	0.91
making	-0.12	1.48
band	-0.12	0.71
teenage	-0.12	0.98
limit	-0.11	1.05
won	-0.11	1.07
thinking	-0.11	1.40
twenty	-0.11	1.36
cases	-0.11	1.13
glass	-0.11	0.79
finger	-0.11	0.82
regarding	-0.11	1.28
print	-0.11	0.95
m'lady	-0.11	1.10
she	-0.11	1.43
spoken	-0.11	1.96
sitting	-0.11	0.92
cell	-0.11	0.87
assuming	-0.11	1.00
escape	-0.11	0.61
legitimate	-0.11	1.26
her	-0.11	1.45
beard	-0.11	1.00
chair	-0.11	0.85
shall	-0.11	1.05
speed	-0.11	0.83
skin	-0.11	0.93
luck	-0.10	1.37
signs	-0.10	0.81
street	-0.10	0.99
listen	-0.10	1.00
catholic	-0.10	1.07
dancing	-0.10	0.76
ten	-0.10	1.36
start	-0.10	0.94
law	-0.10	0.80
despite	-0.10	0.73
apply	-0.10	0.90
page	-0.10	1.02
grandma	-0.10	1.11
15	-0.10	1.20
americans	-0.10	0.96
least	-0.10	1.81
9	-0.10	1.30
cares	-0.10	1.38
home	-0.10	1.08
bother	-0.10	1.12
hours	-0.10	1.40
setting	-0.10	1.12
kept	-0.10	0.90
career	-0.10	1.18
mind	-0.10	1.49
claiming	-0.10	1.07
restaurants	-0.09	1.04
pages	-0.09	0.84
remotely	-0.09	2.08
staring	-0.09	1.60
mistake	-0.09	3.36
bet	-0.09	1.64
6th	-0.09	1.18
younger	-0.09	1.03
promise	-0.09	0.90
register	-0.09	0.93
redditor	-0.09	1.13
amounts	-0.09	0.88
pound	-0.09	0.80
judge	-0.09	0.72
leg	-0.08	0.87
wall	-0.08	0.86
up	-0.08	1.02
floor	-0.08	0.87
told	-0.08	1.32
laughing	-0.08	1.12
40	-0.08	1.12
locked	-0.08	0.77
court	-0.08	1.09
lines	-0.08	0.91
clapped	-0.08	1.10
flag	-0.08	0.85
bike	-0.08	0.81
community	-0.08	0.83
billy	-0.08	1.28
crap	-0.08	1.39
neighbor	-0.07	0.87
korean	-0.07	0.95
mail	-0.07	0.99
jumped	-0.07	0.85
cheers	-0.07	0.82
became	-0.07	1.18
skeptical	-0.07	1.80
healthy	-0.07	1.01
originally	-0.07	1.01
joking	-0.07	1.76
added	-0.07	0.91
shitting	-0.07	0.82
22	-0.07	1.16
rings	-0.07	0.67
degrees	-0.07	0.84
150	-0.06	1.16
car	-0.06	0.82
keys	-0.06	0.92
interested	-0.06	1.16
dealing	-0.06	1.10
itself	-0.06	0.96
plant	-0.06	1.19
husband	-0.06	1.10
normally	-0.06	0.97
breaking	-0.06	0.85
wont	-0.06	1.21
prepared	-0.06	0.87
sit	-0.06	0.83
rights	-0.06	0.95
delete	-0.06	0.93
shaming	-0.06	0.88
answers	-0.06	1.07
theme	-0.06	1.09
ran	-0.06	0.91
disney	-0.06	0.80
cousin	-0.06	1.12
skinny	-0.06	1.07
getting	-0.05	1.50
imgur	-0.05	1.10
refuse	-0.05	0.89
bottle	-0.05	0.96
insert	-0.05	1.07
waiting	-0.05	1.18
score	-0.05	0.81
tend	-0.05	1.37
hour	-0.05	1.38
image	-0.05	1.02
patient	-0.05	0.94
teachers	-0.05	0.94
let	-0.05	1.62
third	-0.05	1.28
website	-0.05	0.93
deserve	-0.05	1.11
waste	-0.05	1.01
<SPECIAL>	-0.05	0.70
<URL>	-0.05	0.70
political	-0.05	0.94
explained	-0.05	0.97
wife	-0.05	1.15
dumbass	-0.04	1.11
dozen	-0.04	1.37
tipping	-0.04	0.82
stopped	-0.04	0.94
explanation	-0.04	1.29
clean	-0.04	0.94
evidence	-0.04	1.10
having	-0.04	1.42
site	-0.04	0.92
zero	-0.04	1.07
hmm	-0.04	1.43
voice	-0.04	0.98
women	-0.04	1.25
stop	-0.04	1.07
becoming	-0.04	1.23
upvote	-0.04	1.12
closet	-0.04	0.85
kills	-0.04	0.82
responded	-0.04	1.03
birds	-0.04	1.17
mod	-0.04	1.63
users	-0.04	0.95
failed	-0.04	0.91
trust	-0.04	1.29
moments	-0.04	1.19
light	-0.04	0.89
pill	-0.04	0.89
singing	-0.04	0.80
later	-0.04	1.50
thoughts	-0.04	1.26
harassment	-0.03	1.03
goes	-0.03	1.68
applause	-0.03	0.83
porn	-0.03	0.86
green	-0.03	1.04
where	-0.03	2.19
60	-0.03	1.08
water	-0.03	0.93
australia	-0.03	0.98
experiences	-0.03	1.58
highschool	-0.03	1.03
kidding	-0.03	1.21
bottom	-0.03	0.90
outside	-0.03	0.92
kid	-0.03	1.26
drug	-0.03	0.76
contract	-0.03	0.99
btw	-0.03	0.81
helped	-0.03	1.20
schools	-0.03	0.98
gf	-0.03	1.10
bag	-0.03	0.76
member	-0.03	0.91
yelled	-0.03	0.93
50	-0.03	1.17
african	-0.03	1.02
item	-0.02	0.67
biggest	-0.02	3.67
drinking	-0.02	0.94
trp	-0.02	0.94
loving	-0.02	0.87
dudes	-0.02	1.04
changed	-0.02	1.08
ahh	-0.02	1.25
shame	-0.02	0.86
pro	-0.02	0.69
downvotes	-0.02	0.91
land	-0.02	1.11
200	-0.02	1.16
education	-0.02	0.87
rekt	-0.02	1.06
developed	-0.02	1.00
vs	-0.01	1.23
press	-0.01	0.96
ready	-0.01	1.32
mirror	-0.01	0.82
homework	-0.01	0.81
butter	-0.01	0.85
shitlord	-0.01	1.14
early	-0.01	0.90
john	-0.01	1.06
incorrect	-0.01	3.80
ma'am	-0.01	1.59
picked	-0.01	0.97
burn	-0.01	1.23
movie	-0.01	0.75
starting	-0.01	1.12
topic	-0.01	1.20
who	-0.01	1.92
dark	-0.01	1.09
accidentally	-0.01	0.89
weeks	-0.01	1.30
spending	-0.00	1.05
change	-0.00	1.12
owned	-0.00	1.22
average	-0.00	0.99
box	-0.00	0.80
sky	-0.00	0.85
minutes	-0.00	1.35
incident	-0.00	0.95
beliefs	-0.00	1.18
hopefully	-0.00	0.88
raised	-0.00	0.99
rolling	-0.00	1.18
laughter	-0.00	0.77
kill	0.00	1.01
f	0.00	0.93
confusing	0.00	1.30
designed	0.00	1.10
scientist	0.00	0.92
13	0.00	1.17
arm	0.00	0.79
fish	0.00	0.88
knocked	0.00	0.89
thick	0.01	1.06
sex	0.01	1.14
gang	0.01	0.73
effects	0.01	0.78
pounds	0.01	1.00
defense	0.01	1.14
engineer	0.01	0.95
abortion	0.01	0.76
relationships	0.01	0.90
account	0.01	0.82
expert	0.01	1.00
seconds	0.01	1.30
witness	0.01	1.01
information	0.01	1.28
lock	0.01	0.82
hence	0.01	0.99
devil	0.01	0.92
condoms	0.01	0.90
noise	0.01	1.07
contact	0.01	0.70
media	0.01	0.80
turning	0.01	1.11
bucks	0.01	1.12
hundred	0.01	1.19
an	0.02	1.30
spontaneous	0.02	0.85
hipster	0.02	1.19
slipped	0.02	0.99
dollars	0.02	1.09
active	0.02	0.80
sending	0.02	0.98
arguments	0.02	1.16
utterly	0.02	1.63
trans	0.02	0.96
served	0.02	0.80
25	0.02	1.14
staying	0.02	1.15
bed	0.02	0.94
window	0.02	0.88
staff	0.02	0.86
whose	0.02	0.84
adding	0.02	0.96
irl	0.03	1.41
reasoning	0.03	1.25
universe	0.03	1.28
pun	0.03	1.14
twisted	0.03	1.20
burst	0.03	0.78
get	0.03	1.66
da	0.03	1.08
book	0.03	1.04
confirm	0.03	1.16
key	0.03	0.95
crying	0.03	1.06
phones	0.03	0.78
quit	0.03	0.83
app	0.03	0.89
confession	0.03	1.01
park	0.03	1.03
folks	0.03	1.01
followed	0.03	0.68
tag	0.03	1.16
exploded	0.03	0.77
legitimately	0.03	1.06
afterwards	0.03	0.87
late	0.03	0.89
waitress	0.04	0.92
year	0.04	1.24
trick	0.04	1.03
american	0.04	0.82
seems	0.04	1.61
million	0.04	1.04
figure	0.04	1.36
speaks	0.04	0.86
cars	0.04	0.81
deserves	0.04	0.91
cop	0.04	0.89
whoever	0.04	1.16
dead	0.04	0.89
mile	0.04	0.95
crisp	0.04	0.94
walked	0.04	1.07
both	0.04	1.46
tiny	0.04	0.98
smoking	0.04	0.81
al	0.04	1.10
110	0.04	1.53
direction	0.04	1.14
sites	0.04	0.97
syndrome	0.04	1.22
built	0.04	1.01
someone	0.04	1.46
went	0.04	1.24
avoid	0.04	1.01
youtube	0.04	0.71
presumably	0.05	0.87
rolled	0.05	0.73
character	0.05	0.79
reported	0.05	1.26
mess	0.05	0.84
ll	0.05	1.57
song	0.05	0.77
sister	0.05	1.17
24	0.05	1.19
seemed	0.05	1.59
hurt	0.05	1.09
cameras	0.05	0.79
real	0.05	1.62
downvote	0.05	1.16
last	0.05	2.00
process	0.05	0.87
g	0.05	0.86
access	0.05	0.86
plain	0.05	0.82
mom	0.05	1.38
clicked	0.05	1.02
eventually	0.05	1.02
70	0.06	1.30
placed	0.06	0.81
wanted	0.06	1.49
texting	0.06	1.15
disappointed	0.06	3.57
memory	0.06	0.97
teacher	0.06	0.90
thin	0.06	0.93
fist	0.06	1.06
sudden	0.06	1.22
wanting	0.06	0.74
air	0.06	0.85
spelling	0.06	3.45
related	0.06	1.53
computer	0.06	0.77
lingo	0.06	1.37
facebook	0.06	0.96
mr	0.06	1.07
student	0.06	0.83
anywhere	0.06	1.22
liberal	0.06	0.98
considered	0.06	1.10
list	0.06	0.98
clap	0.06	0.95
impression	0.06	1.32
enjoyed	0.06	0.93
free	0.06	1.17
creative	0.07	1.22
jail	0.07	0.72
plane	0.07	0.77
return	0.07	0.84
911	0.07	0.89
usual	0.07	0.96
article	0.07	1.08
ron	0.07	0.97
bleeding	0.07	0.92
dropped	0.07	0.89
chance	0.07	1.13
giant	0.07	1.28
indian	0.07	0.84
individuals	0.07	1.06
grandpa	0.07	1.19
celebrity	0.07	1.36
uncle	0.07	1.17
forgot	0.07	1.72
100	0.07	1.74
money	0.07	1.21
hell	0.08	2.00
push	0.08	0.84
feet	0.08	1.05
jump	0.08	0.70
spent	0.08	1.23
ass	0.08	1.20
chips	0.08	0.69
dollar	0.08	1.01
table	0.08	0.85
leaving	0.08	1.02
attention	0.08	1.11
stage	0.08	0.84
negative	0.08	0.88
popped	0.08	0.95
meaning	0.08	1.88
transgender	0.08	0.90
slap	0.08	0.82
radio	0.08	0.74
name	0.09	0.98
square	0.09	0.98
england	0.09	1.00
asian	0.09	1.16
jewish	0.09	1.07
existed	0.09	1.63
neckbeard	0.09	1.22
vote	0.09	0.90
whole	0.09	1.11
text	0.09	0.88
invented	0.09	0.99
solid	0.09	0.87
age	0.09	1.04
nose	0.09	0.90
straight	0.09	1.02
500	0.09	1.05
respond	0.09	0.89
mode	0.10	1.16
profile	0.10	0.93
west	0.10	0.73
wasted	0.10	1.02
wash	0.10	0.98
between	0.10	1.07
professional	0.10	0.84
crushed	0.10	0.98
tastes	0.10	0.86
driving	0.10	0.81
suggest	0.10	1.41
property	0.10	0.92
enter	0.10	0.99
hidden	0.10	0.75
sexual	0.10	0.94
hits	0.10	1.22
hide	0.10	0.86
us	0.10	1.08
whilst	0.11	0.94
try	0.11	1.28
daughter	0.11	1.38
shouting	0.11	0.70
fresh	0.11	0.79
dick	0.11	1.06
types	0.11	1.04
sugar	0.11	0.83
surprise	0.11	0.98
pick	0.11	1.14
choose	0.11	1.08
herself	0.11	1.04
cast	0.11	0.76
fruit	0.11	0.81
countries	0.11	0.94
gun	0.11	0.83
unlikely	0.11	2.05
tree	0.11	0.87
bitch	0.11	1.11
armed	0.12	0.92
daily	0.12	1.16
mobile	0.12	1.08
pm	0.12	0.83
died	0.12	0.93
pressure	0.12	0.80
identity	0.12	1.00
students	0.12	0.93
imagined	0.12	1.16
crash	0.12	0.71
comics	0.12	1.10
changes	0.12	1.03
discussion	0.12	0.98
coffee	0.12	1.10
ignore	0.12	0.90
meat	0.12	0.84
human	0.13	0.94
forth	0.13	0.93
extreme	0.13	1.15
starts	0.13	1.13
camera	0.13	0.67
ate	0.13	0.71
directly	0.13	0.91
high	0.13	0.91
pointed	0.13	0.81
code	0.13	0.87
breath	0.13	1.21
below	0.13	0.97
considering	0.13	1.31
windows	0.13	0.70
neck	0.13	0.88
amount	0.13	1.10
ahead	0.13	0.98
click	0.13	1.03
history	0.13	1.39
gave	0.13	0.94
leave	0.13	1.07
secret	0.13	1.09
kick	0.13	0.95
members	0.13	0.82
dear	0.13	1.20
cat	0.13	0.90
sea	0.14	0.92
inch	0.14	0.94
telling	0.14	1.30
force	0.14	0.85
catch	0.14	1.02
hug	0.14	1.06
chucklefuck	0.14	1.00
toy	0.14	0.93
cheese	0.14	0.77
vaginas	0.14	0.82
heavy	0.14	0.78
generally	0.14	1.06
perfectly	0.14	1.39
security	0.14	0.78
helicopter	0.14	0.76
normal	0.14	1.51
describe	0.14	1.31
town	0.14	0.92
beyond	0.14	1.10
signed	0.14	0.85
along	0.14	1.21
bills	0.15	0.89
meeting	0.15	1.22
bus	0.15	0.79
season	0.15	0.80
alone	0.15	3.13
research	0.15	0.83
capable	0.15	0.94
body	0.15	0.90
school	0.15	0.92
pictures	0.15	0.80
defending	0.15	0.99
mother	0.15	1.11
eat	0.15	0.73
math	0.15	0.82
pushed	0.15	0.90
sleep	0.15	1.00
waited	0.15	1.13
reference	0.16	1.06
aids	0.16	0.95
dicks	0.16	1.23
songs	0.16	0.83
moms	0.16	0.84
sandwich	0.16	0.81
fear	0.16	1.07
photo	0.16	1.00
chocolate	0.16	0.96
male	0.16	1.03
smoke	0.16	0.89
black	0.16	1.20
typo	0.16	1.45
meet	0.16	1.54
continue	0.16	0.86
obese	0.16	1.26
drank	0.16	1.23
named	0.16	1.25
separate	0.16	1.09
above	0.17	0.93
episodes	0.17	1.06
chest	0.17	0.96
whatsoever	0.17	1.12
frozen	0.17	0.72
teens	0.17	0.80
regular	0.17	1.25
entertaining	0.17	1.59
position	0.17	1.13
break	0.17	0.82
odds	0.17	0.96
o	0.17	0.95
apple	0.17	1.03
equal	0.17	0.94
tips	0.17	1.35
throwing	0.17	0.84
blood	0.18	0.77
chain	0.18	0.87
taking	0.18	1.13
grabbed	0.18	0.87
paying	0.18	1.04
candy	0.18	0.77
boyfriend	0.18	1.16
prison	0.18	0.75
nsfw	0.18	1.14
chicken	0.18	0.74
evening	0.18	0.89
clubs	0.18	0.90
cats	0.18	0.75
stands	0.18	0.87
pot	0.18	0.89
need	0.18	1.97
inspired	0.18	1.06
fired	0.18	1.07
hand	0.18	0.89
cents	0.18	1.21
date	0.18	0.97
giving	0.18	1.00
tip	0.18	1.31
elementary	0.18	0.91
every	0.18	2.44
original	0.18	1.29
gas	0.19	0.92
college	0.19	0.90
required	0.19	0.96
walking	0.19	0.97
report	0.19	0.70
eating	0.19	0.75
eggs	0.19	0.76
hang	0.19	0.94
dying	0.19	1.17
mum	0.19	1.09
possibly	0.19	3.70
context	0.19	1.11
network	0.19	0.79
equality	0.19	0.88
neat	0.19	1.36
e	0.19	0.92
run	0.19	0.91
recall	0.19	1.17
drink	0.20	1.11
teeth	0.20	0.91
university	0.20	0.87
proves	0.20	1.29
after	0.20	1.59
explain	0.20	1.35
specifically	0.20	1.00
fly	0.20	0.79
lies	0.20	1.43
conversation	0.20	1.20
h	0.20	0.87
huge	0.20	1.29
training	0.20	0.99
cap	0.20	0.91
confirmed	0.20	1.70
principal	0.20	0.80
bank	0.21	0.82
percent	0.21	1.56
drove	0.21	0.85
believes	0.21	1.48
deny	0.21	1.50
location	0.21	0.86
born	0.21	0.85
p	0.21	0.88
greatest	0.21	3.44
password	0.21	0.92
twitter	0.21	0.91
monkey	0.21	0.85
genuinely	0.21	1.71
value	0.21	1.00
type	0.21	1.51
mall	0.21	0.88
fellow	0.21	0.97
classroom	0.22	0.93
sides	0.22	1.45
soul	0.22	0.99
official	0.22	0.97
travel	0.22	0.89
old	0.22	1.13
war	0.22	0.85
men	0.22	1.02
century	0.22	0.84
nuclear	0.22	0.87
extra	0.22	0.83
class	0.22	0.92
remembered	0.22	1.40
stealing	0.22	0.81
marijuana	0.22	0.74
ends	0.22	0.99
unbelievable	0.22	1.85
personality	0.23	1.04
drinks	0.23	1.16
reminded	0.23	1.24
states	0.23	1.03
comment	0.23	1.13
top	0.23	1.47
2014	0.23	1.13
surprised	0.23	1.42
manner	0.23	1.26
tomorrow	0.23	0.91
poster	0.23	0.90
van	0.23	0.88
station	0.23	0.88
theres	0.23	0.96
grown	0.23	0.66
dis	0.23	1.11
400	0.23	0.80
woke	0.23	1.22
says	0.24	1.76
eagle	0.24	0.96
stare	0.24	0.98
tough	0.24	1.04
mods	0.24	1.60
warm	0.24	0.88
degree	0.24	1.05
laughed	0.24	1.16
natural	0.24	0.93
cutting	0.24	1.12
eye	0.24	0.84
destroyed	0.24	0.94
loser	0.25	1.00
theory	0.25	1.00
prize	0.25	0.92
primary	0.25	0.96
taught	0.25	0.99
government	0.25	0.84
follow	0.25	0.92
worthy	0.25	1.14
touching	0.25	0.91
hiding	0.25	1.00
literally	0.25	1.17
thus	0.25	0.83
rough	0.25	0.90
professors	0.25	0.95
troll	0.25	1.25
question	0.25	1.47
airport	0.25	0.96
taco	0.25	0.82
cock	0.25	0.96
ways	0.25	1.20
cried	0.26	1.04
feed	0.26	0.95
german	0.26	0.88
called	0.26	0.87
motherfucker	0.26	1.01
vegan	0.26	0.71
cup	0.26	1.01
particular	0.26	1.24
able	0.26	1.24
anonymous	0.26	0.90
overweight	0.26	1.00
gif	0.26	1.26
shits	0.26	1.02
helping	0.26	1.11
strip	0.26	0.78
naked	0.26	0.84
dr	0.26	1.36
wtf	0.26	1.68
others	0.26	1.08
fell	0.26	0.83
color	0.27	0.96
work	0.27	1.74
yours	0.27	0.91
unfortunately	0.27	1.36
classes	0.27	0.91
quickly	0.27	0.81
apart	0.27	1.05
font	0.27	0.97
appears	0.27	1.15
demand	0.27	1.01
covers	0.27	0.93
bisexual	0.27	1.07
private	0.28	0.95
mcdonald	0.28	0.93
youre	0.28	1.32
gentleman	0.28	1.28
shes	0.28	1.41
sleeping	0.28	1.03
dont	0.28	1.50
ou	0.28	0.95
nurse	0.28	0.96
oops	0.28	1.06
cream	0.28	0.80
target	0.28	0.96
reverse	0.28	1.01
switch	0.28	0.83
soda	0.28	0.95
obscure	0.28	0.91
project	0.29	0.61
compliment	0.29	1.00
appearance	0.29	0.87
n	0.29	0.89
ppl	0.29	1.30
uncomfortable	0.29	3.43
bi	0.29	0.97
ice	0.29	0.81
send	0.29	0.91
fucker	0.29	1.01
warning	0.29	0.94
relationship	0.29	1.22
doubting	0.29	1.87
learning	0.29	1.22
anger	0.29	1.07
library	0.30	0.82
study	0.30	0.90
plate	0.30	0.79
unrelated	0.30	1.25
pulls	0.30	0.81
drive	0.30	0.84
kindergarten	0.30	1.08
conversations	0.30	1.21
all	0.30	1.90
its	0.30	1.48
hung	0.30	0.91
blind	0.30	0.74
played	0.30	1.20
phone	0.30	0.82
situations	0.30	1.28
city	0.30	0.99
fuckin	0.30	1.21
support	0.30	0.94
ended	0.31	0.98
god	0.31	1.27
w	0.31	0.97
head	0.31	1.00
ship	0.31	0.78
psychology	0.31	0.85
teaching	0.31	1.11
stick	0.31	1.03
nowhere	0.31	1.18
offered	0.31	0.96
references	0.31	1.08
came	0.32	1.15
depends	0.32	1.34
shooting	0.32	0.83
literal	0.32	0.83
double	0.32	0.96
drama	0.32	0.84
cash	0.32	0.85
copy	0.32	0.93
format	0.32	1.24
sources	0.32	1.06
speaking	0.32	0.88
stole	0.32	0.84
karma	0.32	0.97
languages	0.32	1.25
sir	0.33	1.54
trees	0.33	1.00
slowly	0.33	0.80
y	0.33	0.95
fingers	0.33	0.86
accent	0.33	0.83
asleep	0.33	0.95
reality	0.33	0.82
long	0.33	1.81
tl	0.33	0.86
day	0.33	1.97
debate	0.33	0.95
somewhere	0.33	1.33
pop	0.34	0.81
k	0.34	0.96
social	0.34	0.95
honor	0.34	1.18
english	0.34	1.14
tickets	0.34	0.90
senior	0.34	0.91
username	0.34	1.15
milk	0.34	0.91
grow	0.34	0.85
pulled	0.34	0.94
bar	0.34	0.80
help	0.34	1.31
require	0.34	1.09
damage	0.34	1.15
depending	0.34	1.05
holy	0.35	1.45
talks	0.35	1.54
shoot	0.35	0.91
boys	0.35	1.44
scientific	0.35	1.07
prank	0.35	1.32
biology	0.35	0.87
r	0.35	0.92
hes	0.35	1.11
bowl	0.35	0.80
iphone	0.35	0.73
flowers	0.35	0.97
decided	0.35	1.19
bite	0.35	0.97
weight	0.35	1.01
ticket	0.35	0.95
nonsense	0.35	1.17
characters	0.35	0.77
wallet	0.36	0.87
david	0.36	0.89
grand	0.36	0.85
blown	0.36	1.00
artist	0.36	1.21
truck	0.36	0.88
hanging	0.36	0.94
compared	0.36	1.01
starbucks	0.36	0.97
jesus	0.36	1.02
till	0.36	0.92
individual	0.36	0.96
flew	0.36	0.72
questions	0.37	1.15
aware	0.37	1.23
yeah	0.37	2.50
thonk	0.37	1.12
end	0.37	1.38
bags	0.37	0.88
guy	0.37	1.75
near	0.37	1.22
sort	0.37	1.50
l	0.37	0.91
reminds	0.37	1.27
alberta	0.37	1.00
juice	0.37	0.89
arms	0.37	0.80
japanese	0.37	0.73
discuss	0.37	1.25
vigin	0.38	1.72
gold	0.38	1.13
whoa	0.38	1.21
til	0.38	0.86
managed	0.38	1.03
minute	0.38	1.20
scars	0.38	1.14
collection	0.38	1.02
match	0.38	1.03
stayed	0.38	1.10
culture	0.38	0.95
sees	0.38	1.25
checking	0.38	0.91
board	0.38	1.09
snap	0.39	0.95
currently	0.39	0.92
2000	0.39	0.95
ill	0.39	1.05
brand	0.39	1.13
insane	0.39	1.22
popular	0.39	0.98
department	0.39	0.95
tweet	0.39	0.95
logic	0.39	1.15
aunt	0.39	1.11
necessary	0.39	1.13
leads	0.40	0.90
guessing	0.40	1.11
shift	0.40	0.89
y'all	0.40	1.37
asks	0.40	1.50
riding	0.40	0.86
beta	0.40	1.32
tom	0.40	0.90
worry	0.40	1.32
likes	0.40	0.93
bucket	0.40	0.94
race	0.40	0.89
nearly	0.40	0.85
actions	0.41	1.14
marry	0.41	1.24
falling	0.41	0.86
1000	0.41	1.37
belief	0.41	1.26
gain	0.41	0.78
details	0.41	1.42
trip	0.41	0.88
pet	0.41	0.98
flight	0.41	0.90
keeping	0.41	1.01
suck	0.41	1.05
art	0.41	0.76
offer	0.41	1.05
dunno	0.41	1.48
turn	0.41	1.10
grade	0.41	0.95
barista	0.41	0.93
paint	0.42	1.08
boring	0.42	2.93
spoke	0.42	1.03
grandmother	0.42	1.12
beginning	0.42	1.54
local	0.42	0.91
grandfather	0.42	1.10
facts	0.42	1.47
tales	0.42	1.35
female	0.42	0.94
standard	0.42	1.19
finished	0.42	1.10
strange	0.42	2.84
killer	0.42	0.91
sticks	0.42	0.83
blew	0.42	0.85
enough	0.43	1.78
mexican	0.43	0.75
99	0.43	1.16
headphones	0.43	1.14
u	0.43	1.03
irrelevant	0.43	1.41
close	0.43	1.14
laid	0.43	1.01
winning	0.43	1.16
finish	0.43	0.97
die	0.43	1.00
oppa	0.43	0.93
tesla	0.43	1.22
shopping	0.43	0.93
marine	0.43	0.88
didnt	0.43	1.13
shots	0.43	0.94
awkward	0.44	3.29
tear	0.44	1.05
move	0.44	0.94
bringing	0.44	1.02
great	0.44	2.47
until	0.44	1.33
shed	0.44	0.81
regret	0.44	0.98
events	0.44	1.92
loaded	0.44	1.24
scale	0.45	1.01
sincerely	0.45	1.00
dating	0.45	1.08
he/she	0.45	1.02
cake	0.45	0.91
obama	0.45	1.03
knowing	0.45	1.02
pics	0.45	0.98
mask	0.45	1.26
im	0.45	1.30
mature	0.45	1.02
philosophy	0.45	1.00
ceo	0.45	0.88
news	0.45	0.94
non	0.45	1.24
diet	0.45	0.87
company	0.46	0.91
famous	0.46	1.36
attendant	0.46	1.09
cost	0.46	0.91
looked	0.46	1.33
discount	0.46	1.08
disagree	0.46	1.41
usa	0.46	0.93
playing	0.46	0.83
bill	0.46	1.04
morning	0.46	0.99
address	0.47	0.90
u.s	0.47	0.88
laws	0.47	0.77
useless	0.47	1.06
magic	0.47	0.89
boxes	0.47	0.77
cross	0.47	1.10
passenger	0.47	0.97
bomb	0.47	0.78
tampons	0.47	0.96
sing	0.48	0.78
excellent	0.48	1.39
bang	0.48	0.87
section	0.48	1.00
ad	0.48	1.10
gender	0.48	0.97
r/forwardsfromgrandma	0.48	0.98
ugly	0.48	1.33
typed	0.48	1.33
ur	0.48	1.04
places	0.48	1.12
needless	0.48	0.96
threw	0.48	0.77
fire	0.48	0.91
instance	0.48	0.94
throw	0.48	0.92
bars	0.48	0.90
hi	0.48	0.84
receipt	0.48	0.92
common	0.49	3.18
earned	0.49	1.00
basis	0.49	1.11
steak	0.49	0.84
opinions	0.49	0.99
bull	0.49	0.87
wikipedia	0.49	1.17
eight	0.49	1.24
result	0.49	0.93
fool	0.49	0.93
asked	0.49	1.24
anytime	0.49	1.10
smell	0.49	2.38
douchebag	0.49	1.01
subway	0.49	0.78
buying	0.49	1.11
incredibly	0.50	1.48
balls	0.50	1.01
dare	0.50	1.23
story	0.50	2.00
lots	0.50	1.18
quote	0.50	0.94
driver	0.50	0.84
control	0.50	0.73
soldiers	0.50	0.73
parking	0.50	0.79
bell	0.51	0.86
stops	0.51	1.00
science	0.51	0.94
theater	0.51	0.91
beauty	0.51	1.08
acid	0.51	0.92
kicked	0.51	1.31
business	0.51	0.98
smiled	0.51	1.38
second	0.51	1.65
course	0.51	1.68
regularly	0.51	0.82
will	0.52	1.44
further	0.52	1.10
waiter	0.52	1.02
club	0.52	0.88
verified	0.52	1.80
detail	0.52	1.50
gives	0.52	1.27
pilot	0.52	0.84
plan	0.52	0.90
videos	0.52	0.79
watched	0.52	1.45
positive	0.52	1.00
believable	0.52	1.57
duty	0.52	0.86
guard	0.52	0.89
interview	0.52	1.13
knows	0.53	2.97
holds	0.53	1.13
number	0.53	0.77
45	0.53	1.05
queen	0.53	0.98
got	0.53	1.49
adds	0.53	1.02
mcdonalds	0.53	0.94
accepted	0.53	0.88
method	0.53	0.99
false	0.53	1.33
ironic	0.53	1.34
middle	0.53	1.13
alcohol	0.53	0.91
17	0.54	1.21
roommate	0.54	1.17
hello	0.54	1.18
ol	0.54	1.21
wage	0.54	1.19
heaven	0.54	0.99
quiet	0.54	1.26
strangers	0.54	0.95
dance	0.54	0.96
tumblr	0.54	1.15
drugs	0.55	0.97
known	0.55	3.13
tho	0.55	1.24
xbox	0.55	0.72
ai	0.55	1.31
bold	0.55	1.13
lets	0.55	1.42
road	0.55	0.93
bothered	0.55	1.17
cut	0.55	0.98
m8	0.56	1.06
la	0.56	0.87
night	0.56	1.14
pls	0.56	0.99
guise	0.56	1.15
handed	0.56	0.94
afford	0.56	1.08
calling	0.56	1.00
hope	0.57	1.21
sounded	0.57	1.73
merely	0.57	1.08
dat	0.57	1.00
meal	0.57	0.78
bear	0.57	1.07
perhaps	0.57	0.92
request	0.57	1.19
hungry	0.57	0.99
agent	0.57	1.04
credit	0.57	0.74
jealous	0.57	3.31
freedom	0.57	0.82
verify	0.57	1.71
dedicated	0.58	1.11
ya	0.58	1.47
worth	0.58	1.03
movies	0.58	0.88
jobs	0.58	0.95
comedy	0.58	0.96
uhh	0.58	1.33
feminist	0.58	1.22
handle	0.58	1.06
reward	0.58	1.08
3rd	0.58	1.20
hilarious	0.58	3.07
friday	0.58	0.99
picture	0.58	1.07
marriage	0.58	1.00
reaction	0.58	0.98
sign	0.58	1.14
only	0.59	3.98
weapon	0.59	0.96
carried	0.59	0.88
product	0.59	0.97
given	0.59	1.48
field	0.59	0.84
status	0.59	0.76
step	0.59	0.96
minimum	0.59	1.17
roll	0.59	0.92
meme	0.60	1.24
unable	0.60	1.16
yes	0.60	2.24
lifetime	0.60	0.75
anime	0.60	0.88
record	0.60	1.08
chose	0.60	0.85
rip	0.60	1.28
pointless	0.60	1.60
1	0.60	1.29
showed	0.60	1.07
redditors	0.60	0.93
2	0.60	1.42
tonight	0.60	1.10
essentially	0.60	0.90
interaction	0.60	1.09
purple	0.61	0.99
fashion	0.61	1.10
mark	0.61	1.47
condom	0.61	0.75
restaurant	0.61	0.86
according	0.61	0.99
0	0.61	0.84
subject	0.61	1.41
lil	0.62	1.09
pointing	0.62	1.22
stock	0.62	1.45
toucan	0.62	1.18
source	0.62	1.18
throughout	0.62	1.05
turns	0.62	1.04
4th	0.62	1.11
fast	0.62	1.08
fetched	0.62	2.04
memories	0.62	1.39
insult	0.62	0.75
difficult	0.63	3.05
stores	0.63	0.92
shop	0.63	1.05
due	0.63	1.02
damn	0.63	1.85
brag	0.63	1.38
raise	0.63	0.91
homo	0.63	0.89
next	0.63	1.46
approach	0.63	1.00
plastic	0.64	0.82
pure	0.64	0.95
parties	0.64	0.99
used	0.64	1.59
success	0.64	1.11
during	0.64	1.26
beat	0.64	1.01
moved	0.64	1.06
inside	0.65	0.66
pink	0.65	1.13
cartoon	0.65	0.63
favourite	0.65	3.57
spanish	0.65	1.00
benefit	0.65	1.10
immediately	0.65	0.95
apples	0.65	0.78
finally	0.65	1.27
safe	0.65	1.06
blue	0.65	1.14
lunch	0.66	0.95
fries	0.66	0.73
replies	0.66	1.13
exact	0.66	3.51
background	0.66	0.97
ancient	0.66	0.86
birth	0.66	0.79
takes	0.66	1.08
heads	0.66	0.75
relevant	0.66	1.42
uh	0.66	1.39
orange	0.66	1.12
fedora	0.66	1.40
purpose	0.66	1.01
officers	0.67	0.94
selling	0.67	0.97
continued	0.67	0.76
fb	0.67	0.86
self	0.67	1.16
model	0.67	0.93
learned	0.67	1.25
confirmation	0.68	1.32
pays	0.68	1.01
mix	0.68	1.05
pregnant	0.68	0.96
t-shirt	0.68	1.51
hip	0.68	0.96
battle	0.68	1.00
eh	0.68	0.92
casual	0.68	0.76
surely	0.69	1.01
fuck	0.69	1.66
ring	0.69	0.82
heart	0.69	0.96
t	0.70	1.00
justify	0.70	1.06
recent	0.70	1.26
true	0.70	2.05
plausible	0.70	1.59
episode	0.70	0.90
randomly	0.71	0.95
naturally	0.71	0.80
player	0.71	1.05
total	0.71	1.30
asking	0.71	1.19
sword	0.71	0.89
worked	0.71	1.45
paragraph	0.71	1.25
period	0.71	1.29
turned	0.71	0.84
deep	0.71	1.34
intelligence	0.72	0.96
girls	0.72	1.21
freaking	0.72	0.96
wat	0.72	1.07
take	0.72	1.52
paid	0.72	0.96
hold	0.72	0.83
yup	0.72	1.04
owner	0.72	0.80
short	0.72	1.09
gym	0.72	0.86
pic	0.72	1.06
keeps	0.72	0.81
campus	0.72	0.95
sucking	0.72	0.84
wants	0.73	2.84
speech	0.73	0.99
odd	0.73	3.11
center	0.73	1.04
reply	0.73	1.22
carrying	0.73	0.75
pulling	0.74	0.94
pay	0.74	1.01
wedding	0.74	0.98
wot	0.74	1.18
language	0.74	1.24
eyes	0.74	0.96
license	0.74	0.74
party	0.75	1.21
monster	0.75	0.79
letters	0.75	1.68
actual	0.75	1.39
copypasta	0.75	1.20
current	0.75	1.04
dog	0.75	0.79
potter	0.75	2.49
males	0.75	0.99
punch	0.75	1.01
huh	0.75	1.18
dammit	0.76	1.10
pisses	0.76	2.78
test	0.76	0.81
independent	0.76	0.79
holding	0.76	0.87
store	0.76	1.04
red	0.76	1.22
shows	0.76	0.90
sell	0.76	1.06
exam	0.76	0.84
lmao	0.76	1.58
wut	0.76	1.11
proceeded	0.76	0.91
gon	0.77	1.47
420	0.77	1.32
same	0.77	3.97
sports	0.77	0.99
works	0.77	1.51
5th	0.77	1.09
believing	0.77	1.69
specific	0.77	1.12
sold	0.77	1.05
successful	0.77	0.87
steve	0.77	1.01
understanding	0.77	1.39
books	0.78	1.01
smile	0.78	1.37
interest	0.78	0.94
small	0.78	0.93
bought	0.78	1.12
chinese	0.78	0.81
plays	0.78	0.77
leaves	0.79	0.98
requires	0.79	0.80
watching	0.79	1.07
penis	0.79	0.89
na	0.79	1.45
showing	0.79	0.73
yo	0.79	1.20
large	0.79	0.94
results	0.79	1.07
dialogue	0.79	1.16
translation	0.80	1.05
looking	0.80	1.26
needs	0.80	1.10
believed	0.80	1.17
seal	0.80	0.99
team	0.80	1.22
mountain	0.80	1.01
nope	0.80	0.86
caps	0.81	1.66
create	0.81	1.00
hire	0.81	0.87
employee	0.81	0.85
mama	0.81	0.85
convince	0.81	0.94
frist	0.81	1.14
search	0.81	1.06
rest	0.81	1.38
lesson	0.81	1.04
option	0.82	0.99
manage	0.82	1.05
truthfulness	0.82	1.54
tale	0.82	1.56
build	0.82	0.94
cashier	0.82	0.98
serve	0.82	0.82
knowledge	0.82	1.04
puts	0.82	0.75
daddy	0.83	0.86
super	0.83	1.25
judging	0.83	1.06
em	0.83	1.53
coincidence	0.83	1.76
add	0.83	1.17
play	0.83	0.84
x	0.83	0.87
steal	0.84	0.96
fan	0.84	2.48
bob	0.84	1.01
woah	0.84	1.27
harry	0.85	2.55
tech	0.85	1.09
pc	0.85	0.82
8th	0.85	0.99
customers	0.85	0.90
stranger	0.85	0.89
fancy	0.85	1.12
deal	0.85	1.09
caused	0.85	0.82
chill	0.86	1.53
boobs	0.86	1.13
gosh	0.86	1.42
freshman	0.86	0.94
breathe	0.86	1.06
crack	0.86	0.77
levels	0.86	1.12
card	0.86	0.74
size	0.86	1.24
pizza	0.87	0.88
cook	0.87	0.85
apologize	0.87	0.80
losing	0.87	1.06
bragging	0.87	1.31
faces	0.88	0.89
term	0.88	1.42
info	0.88	1.29
putting	0.89	1.09
wish	0.89	3.18
program	0.89	0.80
drivers	0.89	0.80
boy	0.89	1.30
took	0.89	1.43
breakfast	0.89	0.78
pass	0.89	0.88
lose	0.89	1.17
loose	0.89	0.95
watch	0.90	1.11
miss	0.90	1.06
football	0.90	0.89
friendly	0.90	1.34
restored	0.90	1.27
sheer	0.90	1.07
etc	0.90	0.90
pathetic	0.90	2.66
update	0.90	0.83
2nd	0.90	1.01
brings	0.91	0.84
concerned	0.91	1.07
hashtag	0.91	1.02
ability	0.92	1.26
rich	0.92	1.17
pie	0.92	0.96
former	0.92	0.88
spork	0.92	1.16
man	0.93	1.54
television	0.93	1.24
quotes	0.93	1.13
available	0.94	0.99
realistic	0.94	1.63
weak	0.94	1.04
speak	0.94	1.17
ah	0.94	1.62
alpha	0.94	1.09
win	0.95	0.92
personal	0.95	1.24
tv	0.95	1.17
underwear	0.95	1.51
video	0.95	0.86
genius	0.95	1.19
items	0.95	0.89
calls	0.95	2.55
coke	0.95	0.89
tells	0.95	2.72
guys	0.96	1.83
ride	0.96	0.95
series	0.96	0.98
frequently	0.96	0.98
explaining	0.96	0.96
magical	0.96	1.05
spirit	0.96	0.94
periods	0.97	1.35
ninja	0.97	0.92
xd	0.97	1.30
complete	0.98	1.23
good	0.98	3.37
replied	0.98	0.88
marks	0.98	1.66
ask	0.98	1.41
omg	0.98	1.20
worker	0.99	0.96
dies	0.99	0.80
dreams	0.99	0.95
costume	0.99	0.97
sauce	0.99	0.82
grocery	0.99	1.17
sweet	0.99	0.90
alright	0.99	1.42
display	0.99	0.93
excuse	0.99	1.30
market	0.99	1.02
deliver	0.99	0.92
wore	1.00	1.64
conclusion	1.00	1.42
example	1.00	1.29
tea	1.00	0.98
checks	1.00	1.43
lead	1.00	0.86
drives	1.01	1.06
new	1.01	1.17
soooo	1.01	1.40
shared	1.03	0.75
boss	1.03	1.02
easily	1.03	1.37
selfie	1.03	0.94
blonde	1.04	1.17
draw	1.04	0.92
walmart	1.04	1.22
physics	1.04	0.81
occasionally	1.04	2.45
weed	1.04	0.92
clothing	1.05	1.45
wit	1.05	1.05
mike	1.06	0.93
backwards	1.06	0.87
quirky	1.06	1.42
mate	1.06	0.94
online	1.06	0.70
chick	1.06	1.02
10/10	1.06	1.17
sentence	1.07	2.19
count	1.07	1.14
pull	1.07	0.95
drawing	1.07	0.90
gift	1.07	0.93
elderly	1.08	0.89
finding	1.08	2.90
helps	1.08	1.06
drew	1.08	0.69
based	1.09	1.08
species	1.10	1.02
buy	1.10	1.07
space	1.10	0.94
hat	1.10	1.51
bless	1.10	1.06
intelligent	1.11	1.51
teen	1.11	0.92
working	1.11	1.08
skills	1.11	1.13
hair	1.12	1.44
id	1.13	0.90
lay	1.14	0.84
whom	1.14	1.19
our	1.14	1.15
c'mon	1.15	1.22
accurate	1.15	1.46
wild	1.15	0.90
hands	1.16	0.91
bring	1.16	0.92
learn	1.16	1.50
nigga	1.16	1.18
clothes	1.17	1.72
latin	1.17	1.22
first	1.17	3.29
appreciate	1.18	1.20
led	1.18	2.26
lady	1.18	1.27
cards	1.19	0.84
ripped	1.19	1.35
difference	1.19	0.82
edgy	1.19	1.34
gmh	1.19	0.79
effective	1.20	1.39
at	1.20	1.44
hmmm	1.20	0.98
katy	1.20	1.12
buddy	1.21	1.58
food	1.21	0.86
put	1.21	1.04
calm	1.21	1.27
pocket	1.22	1.04
suit	1.23	1.35
woman	1.23	1.25
faith	1.23	1.34
capital	1.23	1.45
uniform	1.23	1.09
pills	1.24	0.72
dressed	1.24	1.23
halloween	1.25	0.98
ha	1.25	1.57
customer	1.27	0.84
manager	1.27	1.04
terms	1.28	1.64
track	1.28	0.90
lesbian	1.28	1.28
brought	1.28	0.91
form	1.29	1.48
pokemon	1.29	0.71
vagina	1.29	0.71
carry	1.30	2.29
aka	1.30	2.29
basic	1.31	0.99
sucks	1.31	2.19
glasses	1.31	1.37
pants	1.32	1.65
oh	1.32	2.01
um	1.34	1.30
nah	1.34	1.48
wan	1.34	1.29
workers	1.34	0.95
level	1.34	1.00
game	1.35	0.78
present	1.35	1.00
single	1.35	2.84
cum	1.35	0.70
sentences	1.35	2.16
regardless	1.36	2.50
dangerous	1.37	1.30
silly	1.37	2.38
changing	1.38	0.96
twist	1.38	2.51
french	1.39	0.98
badass	1.41	2.50
yelling	1.42	2.31
tall	1.43	1.17
explains	1.44	2.16
laugh	1.45	2.80
description	1.46	2.61
young	1.46	1.31
acceptable	1.47	1.19
grammar	1.47	3.12
visit	1.48	2.45
properly	1.48	1.78
quick	1.48	0.92
wears	1.51	1.61
fixed	1.51	2.73
lol	1.51	1.29
hot	1.51	1.12
figures	1.51	2.83
mac	1.52	2.13
correctly	1.53	3.09
enjoy	1.55	2.00
edited	1.56	2.87
banged	1.57	1.98
respect	1.57	2.32
star	1.58	0.76
luckyyy	1.58	1.33
word	1.59	2.17
shirt	1.60	1.77
response	1.61	1.38
valid	1.61	2.84
lord	1.62	1.99
exists	1.64	2.62
mentally	1.64	2.36
clear	1.64	2.63
ta	1.64	1.43
crazy	1.65	2.23
uses	1.65	1.24
aw	1.67	1.14
dress	1.67	1.64
thanks	1.69	1.58
yea	1.70	2.03
punctuation	1.71	3.12
socially	1.71	2.30
lost	1.71	2.64
girl	1.71	1.53
unique	1.72	1.90
hahaha	1.72	1.99
future	1.73	2.35
complex	1.73	1.85
familiar	1.74	2.54
sexy	1.74	1.27
brilliant	1.75	1.01
edit	1.76	2.66
described	1.77	2.56
always	1.77	2.93
crush	1.81	2.28
slang	1.82	2.69
feelings	1.82	2.21
appropriate	1.83	2.38
spell	1.84	2.90
cheap	1.85	2.38
beer	1.85	2.41
again	1.85	3.11
interesting	1.85	2.89
however	1.86	2.59
easy	1.87	2.42
delivery	1.87	2.43
role	1.87	1.79
impossible	1.88	2.54
sjw	1.90	2.30
statement	1.91	2.82
place	1.92	2.85
proper	1.93	2.94
liked	1.93	2.11
strong	1.94	1.13
looks	1.95	2.68
job	1.97	2.51
certain	1.97	2.42
humanity	1.98	2.01
heh	1.99	1.97
ok	1.99	1.97
big	2.01	2.38
assumption	2.01	2.61
traffic	2.02	2.14
retail	2.05	2.38
worried	2.06	2.46
limited	2.08	2.01
answer	2.08	2.59
logical	2.08	2.65
unusual	2.09	2.19
reasonable	2.09	2.29
romantic	2.09	1.91
using	2.10	2.70
phrase	2.11	2.65
look	2.12	2.84
recognize	2.13	2.17
words	2.14	2.88
random	2.15	2.42
brave	2.16	1.46
soldier	2.17	2.34
clever	2.19	1.90
google	2.19	2.35
edge	2.20	2.08
expensive	2.20	2.28
tool	2.21	2.02
use	2.22	2.80
opposite	2.22	1.96
sharing	2.23	2.05
tears	2.24	2.26
emotions	2.26	1.82
confirms	2.26	2.12
comfortable	2.27	2.28
loss	2.27	1.97
lack	2.27	2.27
hoping	2.27	2.33
wings	2.28	2.03
incredible	2.29	1.95
imagination	2.29	2.10
helpful	2.30	2.31
grab	2.32	2.40
games	2.33	1.91
powerful	2.33	1.03
practice	2.33	1.92
deserved	2.34	2.03
tits	2.35	2.14
truthiness	2.36	2.27
shoes	2.37	2.53
give	2.38	2.56
indeed	2.38	2.15
show	2.39	2.17
cocaine	2.39	1.89
impressed	2.40	1.64
final	2.40	1.95
knees	2.40	2.18
rare	2.41	1.89
truth	2.41	2.41
adorable	2.41	2.30
unlike	2.44	1.95
umm	2.44	1.76
convinced	2.45	2.11
glad	2.48	2.17
gates	2.48	2.19
soft	2.48	2.11
humble	2.49	2.07
batman	2.49	2.16
another	2.49	2.44
wonderful	2.51	1.81
somebody	2.52	2.04
employees	2.52	1.88
soon	2.53	2.05
princess	2.54	1.92
polite	2.55	2.05
wearing	2.56	2.45
females	2.56	1.94
sucked	2.57	2.04
dinner	2.58	2.05
shouted	2.59	2.15
pair	2.60	2.24
wear	2.61	2.43
chicks	2.61	1.92
truthful	2.62	2.24
ama	2.63	1.88
plus	2.63	2.03
christmas	2.63	2.09
special	2.64	2.10
shorts	2.64	2.38
curious	2.64	2.27
call	2.66	2.28
master	2.66	1.93
anyway	2.66	2.83
comeback	2.67	2.13
lt	2.67	2.15
hey	2.70	2.45
share	2.72	1.83
thank	2.73	2.13
truly	2.75	1.91
legit	2.76	2.03
useful	2.76	1.97
shake	2.77	1.91
witty	2.77	1.97
touch	2.83	1.81
perfect	2.88	1.99
epic	2.92	2.15
attractive	2.95	1.82
dude	3.04	2.38
important	3.06	1.74
impressive	3.06	2.23
cool	3.07	2.68
bro	3.18	2.19
birthday	3.23	2.38
haha	3.26	2.07
cute	3.29	2.47
lucky	3.32	1.88
penguin	3.40	1.81
such	3.45	1.90
smart	3.46	1.99
baby	3.48	1.85
hero	3.53	1.90
wacky	3.55	1.48
simple	3.57	1.63
set	3.69	1.47
wow	3.82	1.87
beautiful	4.07	1.76
