disgusting	-3.81	0.72
worse	-3.80	1.22
smell	-3.64	1.22
smells	-3.61	1.24
bad	-3.57	1.04
torture	-3.56	1.34
horrific	-3.55	1.29
bitter	-3.52	1.18
tastes	-3.51	1.23
tasted	-3.49	1.23
poop	-3.48	1.42
suffered	-3.48	1.40
brutal	-3.46	1.35
gross	-3.45	1.28
cruel	-3.45	1.19
atrocities	-3.40	1.35
justify	-3.39	1.34
cigarette	-3.39	1.54
chemicals	-3.34	1.65
piss	-3.30	1.13
chemical	-3.27	1.67
excuse	-3.26	1.38
toxic	-3.25	1.68
dirty	-3.22	1.42
conditions	-3.20	1.56
everywhere	-3.17	1.38
rid	-3.12	1.67
rat	-3.03	1.69
shits	-3.03	1.49
sick	-3.01	1.52
anti	-3.01	1.74
taste	-2.99	1.27
mess	-2.99	1.39
miserable	-2.97	1.45
jews	-2.91	1.59
genocide	-2.91	0.85
bug	-2.90	1.87
bugs	-2.90	1.80
gays	-2.88	1.70
criticize	-2.85	1.52
holocaust	-2.82	0.61
acts	-2.80	0.89
pee	-2.79	1.22
evil	-2.79	1.38
tragedy	-2.77	1.58
deadly	-2.76	1.87
fault	-2.70	1.73
circlejerk	-2.67	1.86
hitler	-2.63	1.90
bite	-2.62	1.95
painful	-2.59	1.55
experienced	-2.58	1.64
dangerous	-2.58	1.73
complain	-2.51	1.54
supported	-2.51	1.91
bastards	-2.47	1.80
nazi	-2.47	0.53
concentration	-2.46	0.66
camps	-2.46	0.71
nazis	-2.45	0.55
meanwhile	-2.45	1.42
committed	-2.44	0.95
such	-2.42	1.66
dae	-2.42	1.77
drank	-2.41	1.14
scum	-2.40	0.63
poison	-2.36	1.51
imagined	-2.36	1.35
shitty	-2.36	1.51
rejected	-2.34	1.96
blame	-2.34	0.72
smoke	-2.33	1.19
racists	-2.33	1.71
regime	-2.31	0.51
tap	-2.30	1.18
ridiculous	-2.30	1.83
much	-2.29	0.84
breath	-2.26	1.12
fuckers	-2.26	2.09
pig	-2.25	0.81
lethal	-2.25	1.11
beer	-2.25	1.10
immoral	-2.24	1.02
substance	-2.24	1.32
mass	-2.24	0.86
vaccines	-2.24	0.93
flavor	-2.24	1.22
drink	-2.23	1.12
hating	-2.23	1.86
unlike	-2.22	1.72
crap	-2.21	1.44
drinking	-2.20	1.11
blaming	-2.19	0.72
than	-2.19	0.91
absolute	-2.18	1.66
lot	-2.17	0.81
better	-2.16	0.93
itt	-2.16	1.83
believed	-2.16	1.87
juice	-2.16	1.25
survived	-2.15	0.86
acted	-2.15	1.75
harmful	-2.14	1.30
pepsi	-2.14	1.17
corrupt	-2.12	0.72
less	-2.12	0.90
jew	-2.11	0.64
tragic	-2.11	1.85
beers	-2.11	1.09
defending	-2.11	0.69
suffering	-2.09	1.06
pissed	-2.08	1.65
atheists	-2.07	1.82
humanity	-2.07	1.82
unhealthy	-2.05	0.68
toilet	-2.05	1.21
spiders	-2.05	1.50
longer	-2.04	0.95
crappy	-2.03	1.77
harder	-2.03	0.92
makes	-2.02	2.26
wipe	-2.02	1.11
stomach	-2.02	0.87
cleaning	-2.00	1.24
safer	-2.00	0.77
recipe	-1.99	1.14
tobacco	-1.99	1.22
wine	-1.99	1.07
vodka	-1.99	1.09
cigarettes	-1.99	1.19
ugly	-1.98	1.63
poisoning	-1.98	1.01
alcohol	-1.97	1.05
unreasonable	-1.95	1.91
worthless	-1.95	0.85
likely	-1.95	0.87
far	-1.95	0.93
unfair	-1.93	2.12
bottle	-1.93	1.08
harsh	-1.91	1.07
burning	-1.91	1.03
theirs	-1.91	0.78
execution	-1.90	1.07
easier	-1.90	0.95
coffee	-1.89	1.09
lsd	-1.89	0.95
stronger	-1.89	0.87
against	-1.87	0.74
embarrassing	-1.87	1.99
fresh	-1.86	1.10
defend	-1.86	0.72
list	-1.86	2.02
exposure	-1.86	1.14
more	-1.86	0.95
coke	-1.85	1.10
jewish	-1.85	0.67
wwii	-1.84	0.63
ww2	-1.84	0.63
cherry	-1.84	1.23
acid	-1.84	1.13
single	-1.83	2.23
israeli	-1.83	0.49
annoying	-1.82	1.57
soda	-1.82	1.14
orange	-1.82	1.20
smoking	-1.80	1.11
garbage	-1.79	0.89
germans	-1.78	0.71
shorter	-1.78	0.96
hatred	-1.78	1.78
israel	-1.77	0.53
absolutely	-1.77	2.02
soap	-1.77	1.24
weed	-1.77	1.07
bottles	-1.76	1.03
drinks	-1.76	1.05
diseases	-1.76	0.73
marijuana	-1.75	1.06
unfortunate	-1.74	2.00
justification	-1.74	1.09
terror	-1.74	1.03
spider	-1.74	1.47
camp	-1.73	0.81
practices	-1.73	0.85
organic	-1.72	1.25
oppression	-1.72	0.66
tasty	-1.72	1.18
cared	-1.72	2.02
longest	-1.72	2.36
excuses	-1.72	1.20
injury	-1.72	0.90
infected	-1.71	0.80
deny	-1.71	0.99
felt	-1.71	2.47
minorities	-1.71	0.63
ashamed	-1.70	2.36
pepper	-1.70	1.10
dying	-1.69	1.01
clean	-1.69	1.32
accident	-1.68	1.09
true	-1.68	3.32
re	-1.68	3.18
bigger	-1.67	1.03
pot	-1.67	1.04
complaining	-1.66	0.91
opposed	-1.66	0.67
stalin	-1.66	0.59
either	-1.66	3.36
tears	-1.65	2.19
shower	-1.65	1.27
largest	-1.64	2.41
agree	-1.64	3.35
christians	-1.64	0.94
permanent	-1.64	0.98
feels	-1.64	2.36
delicious	-1.63	1.19
condition	-1.63	1.01
simply	-1.63	3.32
odd	-1.62	2.23
disagree	-1.62	3.23
catholics	-1.62	0.94
selfish	-1.62	0.84
death	-1.61	0.97
blacks	-1.61	0.79
mild	-1.61	0.98
opposite	-1.61	2.65
screwed	-1.61	1.71
saying	-1.60	3.33
snake	-1.60	1.52
dirt	-1.60	1.19
alot	-1.60	0.94
point	-1.59	3.16
denying	-1.59	0.99
suffer	-1.58	0.98
cry	-1.58	2.21
greedy	-1.57	0.83
cheaper	-1.57	0.87
severe	-1.57	0.97
cause	-1.56	0.94
bacteria	-1.56	0.95
feel	-1.56	1.86
pack	-1.55	1.03
tortured	-1.54	0.81
disturbing	-1.54	2.03
caffeine	-1.53	0.91
lungs	-1.53	0.94
responsible	-1.53	0.83
apples	-1.53	1.04
butt	-1.52	1.18
germany	-1.52	0.59
liberals	-1.52	1.07
prisoners	-1.52	0.91
secondly	-1.52	2.90
murder	-1.52	0.83
damage	-1.51	0.90
potentially	-1.51	0.98
artificial	-1.50	1.05
shocked	-1.50	2.35
trash	-1.50	0.82
gotten	-1.50	0.78
committing	-1.50	0.86
actions	-1.50	1.20
flies	-1.49	1.27
atheist	-1.49	0.99
deaths	-1.48	1.02
injuries	-1.48	0.93
causing	-1.48	0.90
natural	-1.48	0.98
deal	-1.48	1.06
event	-1.48	1.19
pain	-1.48	1.18
gay	-1.47	0.92
violence	-1.47	0.63
crimes	-1.47	1.09
honey	-1.46	1.25
caused	-1.46	0.90
communist	-1.45	0.51
pretending	-1.45	1.00
jerk	-1.45	1.23
moment	-1.45	2.44
bunch	-1.45	0.72
killers	-1.45	0.74
infection	-1.44	0.79
syrup	-1.44	1.18
right	-1.44	3.40
japanese	-1.44	0.68
blood	-1.44	0.84
tired	-1.44	1.31
chocolate	-1.43	1.21
dose	-1.42	0.96
resulting	-1.42	0.90
causes	-1.42	0.93
fine	-1.42	2.96
bird	-1.42	1.21
believe	-1.42	1.38
habit	-1.41	0.95
commit	-1.41	0.79
abortion	-1.41	0.60
shame	-1.41	2.66
confused	-1.41	2.37
bullshit	-1.40	0.98
faster	-1.40	0.75
violent	-1.40	0.88
whiskey	-1.40	1.00
advocating	-1.40	1.16
advocate	-1.40	0.73
injured	-1.40	0.92
casualties	-1.40	0.69
bathroom	-1.40	1.09
junk	-1.40	0.78
disabled	-1.39	0.68
homosexual	-1.39	0.52
sounds	-1.39	1.98
faced	-1.39	0.85
liquor	-1.38	0.88
situations	-1.38	0.94
propaganda	-1.38	0.69
feeling	-1.38	1.56
intense	-1.38	1.22
liver	-1.38	0.87
result	-1.38	0.92
resulted	-1.38	0.87
lots	-1.38	0.75
starving	-1.38	0.83
9/11	-1.37	0.80
illness	-1.37	0.90
serious	-1.37	0.86
contain	-1.37	1.10
bored	-1.37	1.47
naturally	-1.37	0.99
sudden	-1.37	0.90
muslim	-1.37	0.64
discrimination	-1.37	0.87
destruction	-1.37	0.91
cocaine	-1.37	0.86
unless	-1.36	2.59
pile	-1.36	0.92
publicly	-1.36	1.07
avoid	-1.35	0.79
hands	-1.35	1.11
slower	-1.35	0.71
ethnic	-1.35	0.47
addicted	-1.35	0.88
immune	-1.35	0.82
ingredients	-1.35	0.99
hint	-1.35	1.11
behavior	-1.34	0.73
impossible	-1.34	1.42
racist	-1.34	0.84
punishment	-1.33	1.40
mental	-1.33	0.90
hard	-1.33	2.48
homosexuality	-1.32	0.73
claiming	-1.32	1.30
mixed	-1.32	0.73
bs	-1.32	1.15
strange	-1.32	2.19
guilt	-1.32	1.19
smoked	-1.31	1.05
angry	-1.31	1.40
arab	-1.31	0.55
boring	-1.31	1.65
mormons	-1.31	0.96
feminists	-1.29	0.90
circumstances	-1.29	1.09
ussr	-1.29	0.44
muslims	-1.29	0.87
diagnosed	-1.28	0.88
fewer	-1.28	0.79
ours	-1.28	0.78
make	-1.28	1.52
unnecessary	-1.28	1.25
disappointed	-1.28	2.38
afterwards	-1.28	1.31
questioning	-1.27	1.23
throat	-1.27	0.77
eugenics	-1.27	0.48
drugs	-1.27	0.79
hurts	-1.27	1.06
probably	-1.27	1.98
surprised	-1.26	1.62
joint	-1.26	0.98
crack	-1.26	0.87
knowing	-1.26	1.76
sense	-1.26	1.85
meth	-1.26	0.82
capitalist	-1.26	0.54
agents	-1.26	0.94
openly	-1.26	0.93
support	-1.25	1.01
stance	-1.25	0.90
significantly	-1.25	0.78
upset	-1.25	1.57
there	-1.25	1.88
oxygen	-1.25	0.86
catch	-1.25	1.10
racism	-1.25	0.97
whites	-1.24	0.62
am	-1.24	1.93
feelings	-1.24	1.06
useless	-1.24	1.22
agreeing	-1.24	3.22
movement	-1.24	0.70
murders	-1.24	0.73
milk	-1.24	1.01
regret	-1.24	1.58
hungry	-1.23	1.14
although	-1.23	1.96
soviet	-1.23	0.46
heroin	-1.23	0.82
talking	-1.23	2.19
radioactive	-1.22	1.08
terrorism	-1.22	0.53
nonsense	-1.22	1.08
morons	-1.22	0.88
abused	-1.22	0.90
however	-1.22	2.44
danger	-1.22	0.88
implying	-1.22	3.26
scale	-1.22	0.84
bucket	-1.22	0.86
aids	-1.22	0.59
trap	-1.22	1.30
redditors	-1.22	1.26
judaism	-1.21	0.72
tumblr	-1.21	1.16
stem	-1.21	0.87
disease	-1.21	0.69
asses	-1.21	1.08
idiots	-1.21	0.89
supporting	-1.20	0.84
drug	-1.20	0.76
slow	-1.20	0.85
exposed	-1.20	0.91
events	-1.20	1.05
convinced	-1.20	1.30
way	-1.20	1.48
virus	-1.20	0.82
larger	-1.20	0.93
act	-1.20	0.55
goat	-1.19	0.95
afraid	-1.19	1.57
environment	-1.19	0.70
because	-1.19	2.37
alcoholic	-1.19	0.86
dealt	-1.19	0.74
stupid	-1.18	1.05
situation	-1.18	0.96
assholes	-1.18	0.95
pretend	-1.18	1.81
utter	-1.18	0.86
usual	-1.18	0.64
going	-1.18	2.36
sexist	-1.18	0.94
sure	-1.18	2.22
counter	-1.17	0.93
how	-1.17	1.81
sometimes	-1.17	1.52
cia	-1.17	0.59
killing	-1.17	0.67
fucks	-1.16	1.06
russians	-1.16	0.47
idiotic	-1.16	1.23
christian	-1.16	0.90
breathing	-1.16	0.85
were	-1.16	0.47
monsters	-1.16	1.12
otherwise	-1.16	2.34
assure	-1.16	1.75
dismiss	-1.15	1.18
wash	-1.15	1.33
ate	-1.15	0.96
died	-1.15	0.75
dead	-1.15	0.78
addiction	-1.14	0.71
kinds	-1.14	0.94
argued	-1.14	1.29
worried	-1.14	1.60
smaller	-1.14	0.76
incidents	-1.14	0.89
sauce	-1.13	0.95
complete	-1.13	0.82
offended	-1.13	1.47
mix	-1.13	0.94
attacked	-1.13	0.54
justified	-1.12	1.27
slightly	-1.12	1.13
or	-1.12	2.00
assume	-1.12	2.43
matter	-1.12	2.09
racial	-1.12	0.79
pushing	-1.12	0.68
crime	-1.11	0.85
mean	-1.11	2.38
cancer	-1.11	0.65
weird	-1.11	2.31
judging	-1.11	1.13
pure	-1.11	0.81
rape	-1.11	0.75
clearly	-1.10	3.41
soviets	-1.10	0.44
morally	-1.10	1.17
symptoms	-1.10	0.84
illegal	-1.10	0.61
what	-1.10	2.33
these	-1.09	0.98
hiv	-1.09	0.56
drunk	-1.09	0.85
non	-1.09	0.60
sorts	-1.09	0.97
all	-1.09	1.53
sentiment	-1.09	0.87
suicide	-1.09	0.75
uncomfortable	-1.08	2.40
terrorists	-1.08	0.39
revenge	-1.08	0.78
fear	-1.08	1.26
even	-1.07	2.21
fact	-1.07	2.29
myself	-1.07	1.60
deeply	-1.07	1.31
bodies	-1.07	0.80
wound	-1.07	0.84
abusive	-1.06	0.69
allies	-1.06	0.42
agenda	-1.06	0.81
denial	-1.06	0.92
body	-1.06	0.83
harm	-1.06	0.79
whore	-1.06	1.06
allied	-1.05	0.46
something	-1.05	2.22
assault	-1.05	0.75
theft	-1.05	0.79
annoyed	-1.05	1.73
disaster	-1.04	0.95
maybe	-1.04	2.18
bin	-1.04	0.50
fat	-1.04	0.76
m	-1.04	1.98
amounts	-1.04	0.82
etc	-1.04	0.69
happen	-1.04	1.76
religion	-1.03	0.87
total	-1.03	0.80
forget	-1.03	2.18
would	-1.03	2.15
reason	-1.03	2.01
survive	-1.03	0.69
executed	-1.03	0.82
smarter	-1.03	0.99
religions	-1.03	0.82
exception	-1.03	1.26
diet	-1.03	0.68
birds	-1.03	1.04
scared	-1.03	1.62
glass	-1.03	0.91
mentally	-1.03	1.10
eliminate	-1.03	0.93
familiar	-1.02	2.45
escape	-1.02	0.73
still	-1.02	2.18
wet	-1.02	1.30
beef	-1.02	0.81
seem	-1.02	1.48
internal	-1.02	0.69
agent	-1.02	1.11
hurt	-1.02	1.39
accidents	-1.02	1.20
produces	-1.02	0.88
almost	-1.02	1.06
syndrome	-1.02	0.84
argue	-1.02	2.06
vagina	-1.01	0.96
full	-1.01	0.69
rage	-1.01	1.27
bastard	-1.01	1.14
guarantee	-1.01	1.25
whatever	-1.01	2.05
physical	-1.01	0.72
victims	-1.01	0.71
obviously	-1.00	2.47
prevent	-1.00	0.79
handle	-1.00	0.98
express	-1.00	1.19
behaviour	-1.00	0.64
charged	-1.00	0.94
meaningless	-1.00	1.34
occurred	-1.00	0.82
effects	-0.99	0.69
quit	-0.99	0.97
anything	-0.99	2.04
rats	-0.99	1.47
amazed	-0.99	1.72
circle	-0.99	2.32
happening	-0.99	1.49
fried	-0.99	0.88
horse	-0.99	0.80
bloody	-0.99	0.88
destroy	-0.99	0.75
bit	-0.99	1.47
belief	-0.99	0.88
opposition	-0.98	0.56
counts	-0.98	0.92
supports	-0.98	1.29
suspect	-0.98	1.38
criminal	-0.98	0.95
psychological	-0.98	0.76
terrorist	-0.98	0.40
foods	-0.97	0.68
marriage	-0.97	0.70
crisis	-0.97	0.83
sink	-0.97	0.98
weapons	-0.97	0.84
pointless	-0.97	1.28
white	-0.97	0.58
sexism	-0.97	0.85
cure	-0.97	0.69
may	-0.97	2.22
fish	-0.97	0.97
expect	-0.97	1.85
weapon	-0.97	0.91
supposed	-0.96	2.04
only	-0.96	1.70
does	-0.96	2.07
pathetic	-0.96	0.92
occur	-0.96	0.88
choice	-0.96	1.50
due	-0.96	0.83
conservative	-0.96	0.69
rather	-0.96	1.29
loss	-0.95	1.07
wiped	-0.95	0.78
tea	-0.95	1.10
reaction	-0.95	0.87
ethnicity	-0.95	0.59
irrational	-0.95	1.03
poland	-0.95	0.42
surprising	-0.95	2.46
completely	-0.95	1.27
consume	-0.95	0.83
force	-0.95	0.72
which	-0.95	2.06
laughing	-0.94	1.59
murdering	-0.94	0.60
thinking	-0.94	1.99
isis	-0.94	0.36
soup	-0.94	0.84
risk	-0.94	0.71
shock	-0.94	1.35
edgy	-0.94	1.10
inevitable	-0.94	0.79
guards	-0.93	0.65
labor	-0.93	0.63
rapists	-0.93	0.70
occasionally	-0.93	1.22
chest	-0.93	0.77
catholic	-0.93	0.90
slavery	-0.93	0.51
think	-0.93	2.11
abuse	-0.93	0.68
say	-0.93	2.09
salt	-0.92	0.89
accept	-0.92	1.67
atheism	-0.92	0.90
convicted	-0.92	1.05
types	-0.92	0.70
depression	-0.92	1.04
imagine	-0.92	1.90
also	-0.92	2.10
leading	-0.92	0.80
including	-0.92	0.79
conduct	-0.92	0.54
kitchen	-0.92	0.92
eggs	-0.92	0.81
seemed	-0.92	1.48
indians	-0.91	0.39
conservatives	-0.91	0.74
treatment	-0.91	0.80
rapist	-0.91	0.67
assuming	-0.91	2.36
leaders	-0.91	0.51
banning	-0.91	0.62
admit	-0.91	2.12
virtually	-0.91	0.97
responsibility	-0.91	1.31
variety	-0.91	0.96
affected	-0.91	0.73
attacks	-0.91	0.65
socialist	-0.91	0.40
pollution	-0.91	0.81
heart	-0.91	0.68
filled	-0.91	0.70
vegetables	-0.91	0.80
arguing	-0.91	2.25
surprise	-0.90	1.75
punished	-0.90	0.98
tend	-0.90	0.63
clue	-0.90	1.86
why	-0.90	2.05
personally	-0.90	1.73
possession	-0.90	0.90
realize	-0.90	2.07
filter	-0.90	0.95
d	-0.90	2.03
dealing	-0.90	0.86
race	-0.90	0.55
seems	-0.90	1.47
biological	-0.90	0.82
actually	-0.90	1.98
reactions	-0.90	0.75
things	-0.90	1.52
dish	-0.89	0.84
lying	-0.89	1.24
know	-0.89	2.07
strong	-0.89	0.81
ton	-0.89	0.68
produced	-0.89	0.81
utterly	-0.89	1.32
inequality	-0.89	0.73
civilians	-0.89	0.50
raw	-0.89	0.80
certainly	-0.89	2.04
sugar	-0.89	0.97
natives	-0.89	0.37
asians	-0.89	0.43
innocent	-0.88	0.70
russia	-0.88	0.44
beans	-0.88	0.82
quite	-0.88	1.34
chicken	-0.88	0.80
spread	-0.88	0.75
victim	-0.88	0.74
cooking	-0.88	0.81
basically	-0.88	1.90
uneducated	-0.88	0.79
extent	-0.88	1.01
christianity	-0.88	0.78
meat	-0.88	0.75
protein	-0.87	0.70
communism	-0.87	0.41
wolf	-0.87	1.24
nothing	-0.87	1.89
now	-0.87	2.36
misleading	-0.87	3.03
potatoes	-0.87	0.81
steak	-0.87	0.83
invasion	-0.87	0.43
stress	-0.87	1.00
understand	-0.87	2.09
consequences	-0.87	0.87
we	-0.87	1.99
invaded	-0.87	0.40
include	-0.87	0.79
lie	-0.87	1.72
course	-0.86	2.03
fraud	-0.86	0.83
removing	-0.86	0.80
comparing	-0.86	0.69
ironically	-0.86	0.81
statistically	-0.86	0.80
equality	-0.86	0.66
possibility	-0.86	1.19
guilty	-0.86	0.98
churches	-0.86	0.87
versus	-0.85	0.80
doubt	-0.85	1.81
treating	-0.85	0.72
prescription	-0.85	0.65
ourselves	-0.85	0.99
massive	-0.85	1.17
bothered	-0.85	1.68
wondering	-0.85	1.84
cooked	-0.85	0.79
bother	-0.85	1.78
japan	-0.85	0.42
iran	-0.85	0.31
lazy	-0.85	1.01
bombing	-0.85	0.56
might	-0.85	2.03
entire	-0.85	1.06
attack	-0.84	0.61
treat	-0.84	0.76
little	-0.84	1.28
truth	-0.84	1.43
becomes	-0.84	1.02
wonder	-0.84	1.78
compared	-0.84	0.65
yet	-0.84	1.62
frankly	-0.84	1.29
react	-0.84	0.87
get	-0.84	1.48
threatening	-0.84	0.78
vastly	-0.84	0.78
ill	-0.84	1.18
murdered	-0.83	0.61
inherently	-0.83	1.04
disorder	-0.83	0.98
irrelevant	-0.83	1.56
load	-0.83	0.81
killed	-0.83	0.61
incident	-0.83	0.93
fool	-0.83	1.00
rice	-0.83	0.77
penny	-0.83	0.69
again	-0.83	1.97
should	-0.83	1.91
see	-0.83	1.99
invading	-0.83	0.39
obesity	-0.83	0.63
then	-0.83	1.84
monster	-0.83	1.16
idea	-0.83	1.73
practically	-0.83	1.21
could	-0.83	1.83
cheap	-0.83	1.00
somehow	-0.83	1.51
eaten	-0.83	0.98
happened	-0.83	1.00
believing	-0.83	0.77
declared	-0.83	0.60
potato	-0.83	0.84
exactly	-0.82	2.19
backed	-0.82	0.90
dust	-0.82	0.87
socialism	-0.82	0.44
same	-0.82	1.54
similar	-0.82	1.48
future	-0.82	0.82
tell	-0.82	1.93
examples	-0.82	0.97
captured	-0.82	0.49
no	-0.82	1.89
honestly	-0.82	1.87
mentality	-0.82	0.80
major	-0.82	1.18
worldwide	-0.81	0.81
screw	-0.81	1.00
example	-0.81	1.05
countless	-0.81	0.77
long	-0.81	0.93
ignorant	-0.81	0.89
punish	-0.81	1.26
necessarily	-0.81	2.41
nor	-0.81	1.82
religious	-0.81	0.93
lesser	-0.81	0.91
consider	-0.81	1.84
awkward	-0.81	2.38
plenty	-0.81	0.96
bags	-0.80	0.67
possible	-0.80	1.49
and/or	-0.80	0.87
arrested	-0.80	0.91
mind	-0.80	1.19
strongly	-0.80	0.81
attempted	-0.80	0.88
accused	-0.80	1.05
did	-0.80	1.85
various	-0.80	0.87
ignored	-0.80	1.37
half	-0.80	1.36
suspicious	-0.80	2.00
unusual	-0.80	1.73
ironic	-0.80	2.31
demands	-0.80	1.00
spreading	-0.79	1.07
chickens	-0.79	0.80
prevented	-0.79	0.77
look	-0.79	1.69
threat	-0.79	0.73
nsa	-0.79	0.65
ruined	-0.79	1.90
towards	-0.79	0.76
contributed	-0.79	0.75
avoided	-0.79	1.11
egypt	-0.79	0.52
choose	-0.79	1.43
other	-0.79	0.89
lies	-0.79	1.17
side	-0.78	1.22
loads	-0.78	0.62
curious	-0.78	1.75
beliefs	-0.78	0.77
invade	-0.78	0.43
constant	-0.78	0.76
silly	-0.78	1.88
multiple	-0.78	0.81
anger	-0.78	1.15
panic	-0.78	1.06
cow	-0.78	0.74
excess	-0.78	0.67
governments	-0.78	0.37
entitled	-0.77	0.88
anymore	-0.77	1.89
radical	-0.77	0.55
atomic	-0.77	0.54
involving	-0.77	0.84
calories	-0.77	0.60
prick	-0.77	1.01
greed	-0.77	0.82
potential	-0.77	0.88
food	-0.77	0.58
crash	-0.77	0.69
cuba	-0.77	0.36
fast	-0.77	0.79
coal	-0.77	0.66
excessive	-0.77	1.31
corn	-0.77	0.76
moron	-0.76	0.93
witnesses	-0.76	0.94
those	-0.76	0.90
gas	-0.76	0.84
large	-0.76	0.97
turkey	-0.76	0.35
justice	-0.76	0.91
criminals	-0.76	0.83
associated	-0.76	0.71
ideology	-0.76	0.62
chances	-0.76	0.72
black	-0.76	0.41
poverty	-0.75	0.52
stating	-0.75	2.44
arrogant	-0.75	1.02
hung	-0.75	0.79
corruption	-0.75	0.73
processes	-0.75	0.84
labeled	-0.75	0.71
dump	-0.75	0.67
want	-0.75	1.83
position	-0.75	1.33
toward	-0.75	0.83
brain	-0.75	0.74
mob	-0.75	0.55
dealer	-0.75	0.57
mouth	-0.75	0.83
radiation	-0.75	0.70
equal	-0.75	1.00
nose	-0.75	0.83
plain	-0.75	1.04
pills	-0.75	0.67
cows	-0.75	0.71
kicked	-0.75	1.05
viewed	-0.74	0.77
eating	-0.74	0.83
oil	-0.74	0.67
feminism	-0.74	0.65
fluid	-0.74	0.72
deemed	-0.74	1.02
can	-0.74	1.75
ruining	-0.74	0.58
soldiers	-0.74	0.44
bias	-0.74	1.12
convert	-0.74	0.56
absurd	-0.74	1.71
understandable	-0.74	1.63
depend	-0.74	1.33
trivial	-0.74	1.37
though	-0.74	2.09
touching	-0.74	1.16
procedure	-0.74	0.84
emotion	-0.74	0.94
bacon	-0.74	0.83
reverse	-0.74	0.88
eat	-0.74	0.85
downvoting	-0.74	1.35
scenario	-0.74	1.20
generic	-0.74	0.64
really	-0.74	1.85
produce	-0.74	0.63
charges	-0.73	0.97
views	-0.73	0.77
reddit	-0.73	1.28
experiments	-0.73	0.84
anxiety	-0.73	1.19
farm	-0.73	0.68
materials	-0.73	0.86
definitely	-0.73	1.83
tons	-0.73	0.65
dozens	-0.73	0.79
movements	-0.73	0.49
one	-0.73	1.55
kill	-0.73	0.87
cheese	-0.73	0.85
surrender	-0.73	0.55
properties	-0.73	0.77
remove	-0.73	1.03
murderer	-0.73	0.66
find	-0.73	1.57
races	-0.73	0.45
bag	-0.73	0.67
habits	-0.72	0.54
facing	-0.72	0.76
egg	-0.72	0.76
instead	-0.72	1.42
many	-0.72	1.03
anyway	-0.72	2.06
sin	-0.72	0.73
numerous	-0.72	0.78
bull	-0.72	1.00
possibly	-0.72	1.58
ca	-0.72	1.72
warfare	-0.72	0.64
farms	-0.72	0.69
worry	-0.72	1.79
super	-0.72	1.26
society	-0.72	0.59
sort	-0.71	1.65
pill	-0.71	0.64
exist	-0.71	1.51
ukraine	-0.71	0.41
attitude	-0.71	0.76
handled	-0.71	0.95
rights	-0.71	0.93
equally	-0.71	1.30
chips	-0.71	0.85
happens	-0.71	1.38
immediate	-0.71	0.74
idiot	-0.71	0.96
related	-0.71	1.00
iraq	-0.71	0.37
thankfully	-0.71	1.00
contains	-0.70	0.83
forgetting	-0.70	1.55
grain	-0.70	0.70
resistance	-0.70	0.52
care	-0.70	0.95
expected	-0.70	0.98
your	-0.70	1.20
preventing	-0.70	0.80
massively	-0.70	1.04
getting	-0.70	1.01
union	-0.70	0.40
albeit	-0.70	1.19
become	-0.70	0.95
accepting	-0.70	1.06
treated	-0.69	0.65
favor	-0.69	0.69
wo	-0.69	1.79
minor	-0.69	0.92
streets	-0.69	0.71
liar	-0.69	0.86
cook	-0.69	0.73
damaged	-0.69	0.73
industrial	-0.69	0.74
zero	-0.69	0.91
occurs	-0.69	1.03
groups	-0.69	0.39
proposed	-0.69	0.90
emotional	-0.69	0.86
destroying	-0.69	0.74
huge	-0.69	1.19
yourself	-0.68	1.63
europeans	-0.68	0.38
frozen	-0.68	0.76
faith	-0.68	0.88
picking	-0.68	0.82
beneficial	-0.68	0.87
ultimately	-0.68	1.02
explosion	-0.68	0.76
americans	-0.68	0.42
legitimately	-0.68	1.28
perhaps	-0.68	2.06
ones	-0.68	0.99
notice	-0.68	1.71
avoiding	-0.68	0.79
fed	-0.67	0.64
stand	-0.67	1.56
arabia	-0.67	0.32
take	-0.67	1.54
sandwich	-0.67	0.82
slight	-0.67	0.87
self	-0.67	0.78
stereotype	-0.67	0.90
flesh	-0.67	0.70
doing	-0.67	1.70
itself	-0.67	1.25
revolution	-0.67	0.37
cycle	-0.67	0.75
wing	-0.67	0.47
ways	-0.67	1.01
meds	-0.67	0.90
sheep	-0.67	0.73
policies	-0.67	0.56
some	-0.67	1.32
defense	-0.67	0.67
libertarian	-0.67	0.49
false	-0.66	2.20
e.g	-0.66	0.82
saudi	-0.66	0.32
physically	-0.66	0.80
paranoid	-0.66	1.27
go	-0.66	1.58
waste	-0.66	0.67
africans	-0.66	0.38
inferior	-0.66	0.62
risks	-0.66	0.87
attributed	-0.66	0.70
autism	-0.66	0.74
suggesting	-0.66	2.41
repeating	-0.66	1.03
direction	-0.66	0.83
terribly	-0.66	1.21
thoughts	-0.66	0.86
them	-0.65	1.53
very	-0.65	1.14
korea	-0.65	0.41
involve	-0.65	0.82
except	-0.65	1.55
struggle	-0.65	1.10
controlling	-0.65	0.56
handful	-0.65	1.07
brits	-0.65	0.47
fruit	-0.65	0.92
hardly	-0.65	1.25
both	-0.65	0.90
heads	-0.65	0.80
forced	-0.65	1.02
medication	-0.65	0.65
species	-0.65	0.64
fucked	-0.64	2.37
naive	-0.64	1.37
will	-0.64	1.70
thousands	-0.64	0.60
defeat	-0.64	0.41
privilege	-0.64	0.71
threatened	-0.64	0.73
enemies	-0.64	0.45
ridiculously	-0.64	1.16
emotions	-0.64	0.94
banana	-0.64	1.05
caught	-0.64	0.83
somewhat	-0.64	1.17
run	-0.64	0.70
100,000	-0.64	0.58
pick	-0.64	1.02
cases	-0.64	0.93
our	-0.64	1.00
activity	-0.64	0.49
assertion	-0.64	2.01
dozen	-0.64	0.78
tiny	-0.64	0.72
addict	-0.64	0.82
convince	-0.63	1.28
calling	-0.63	0.86
feminist	-0.63	0.64
insanely	-0.63	1.15
incredibly	-0.63	1.17
becoming	-0.63	0.93
neck	-0.63	0.77
aware	-0.63	1.74
relative	-0.63	0.80
lead	-0.63	0.77
pit	-0.63	1.17
unlikely	-0.63	1.75
vegan	-0.63	0.74
minority	-0.63	0.43
outcome	-0.63	0.94
methods	-0.62	0.85
prisons	-0.62	1.22
cells	-0.62	0.64
trial	-0.62	0.88
giant	-0.62	0.83
several	-0.62	0.80
life	-0.62	0.89
patients	-0.62	0.70
plausible	-0.62	1.77
attacking	-0.62	0.80
suddenly	-0.62	1.10
uncommon	-0.62	1.97
when	-0.62	1.24
prison	-0.62	1.38
raping	-0.62	0.58
overweight	-0.62	0.85
stop	-0.62	1.15
ugh	-0.62	2.01
superiority	-0.62	0.75
feed	-0.62	0.75
intentional	-0.62	1.75
come	-0.62	1.56
perceived	-0.61	0.79
government	-0.61	0.44
stereotypes	-0.61	0.91
case	-0.61	0.95
repeat	-0.61	0.86
themselves	-0.61	1.30
pigs	-0.61	0.80
tends	-0.61	0.66
whole	-0.61	0.99
sexual	-0.61	0.41
thing	-0.61	1.47
its	-0.61	1.61
intentions	-0.61	1.51
meals	-0.61	0.68
thinks	-0.61	2.43
arrest	-0.61	0.89
fair	-0.61	1.71
formula	-0.61	0.78
gap	-0.61	0.75
protect	-0.61	0.60
taco	-0.61	0.69
part	-0.61	1.33
protest	-0.61	0.70
loser	-0.61	1.49
collective	-0.61	0.69
refuse	-0.61	1.31
cares	-0.60	2.35
charge	-0.60	0.84
desperate	-0.60	1.00
afghanistan	-0.60	0.34
adding	-0.60	0.97
drag	-0.60	0.62
troops	-0.60	0.41
chance	-0.60	0.87
backwards	-0.60	0.68
die	-0.60	0.85
head	-0.60	0.80
millions	-0.60	0.56
penalty	-0.60	1.42
let	-0.60	1.75
negative	-0.60	0.67
organs	-0.60	0.60
got	-0.59	1.19
unable	-0.59	1.26
existence	-0.59	1.25
burden	-0.59	0.86
each	-0.59	0.89
easily	-0.59	1.30
extremely	-0.59	1.14
obese	-0.59	0.88
entirely	-0.59	1.29
kick	-0.59	0.91
bell	-0.59	0.75
civilian	-0.59	0.46
denied	-0.59	0.86
breed	-0.59	0.98
anytime	-0.59	1.60
proven	-0.59	1.68
cock	-0.59	0.80
highly	-0.59	1.03
african	-0.58	0.38
replace	-0.58	1.00
legs	-0.58	0.80
gender	-0.58	0.68
slaves	-0.58	0.39
nature	-0.58	0.93
jury	-0.58	0.81
cops	-0.58	0.63
experience	-0.58	0.85
straight	-0.58	0.88
economic	-0.58	0.53
fry	-0.58	0.78
speech	-0.58	0.93
anybody	-0.58	1.69
horses	-0.58	0.73
hold	-0.58	1.05
need	-0.58	1.74
church	-0.58	0.70
france	-0.58	0.44
knives	-0.58	0.89
totally	-0.58	1.31
scientology	-0.58	0.65
shark	-0.58	0.98
asian	-0.58	0.38
people	-0.57	0.99
size	-0.57	0.67
carried	-0.57	0.71
civil	-0.57	0.44
farming	-0.57	0.59
tens	-0.57	0.58
advance	-0.57	0.74
wide	-0.57	0.82
hundreds	-0.57	0.64
butter	-0.56	0.97
asshole	-0.56	0.95
finger	-0.56	0.79
recognize	-0.56	1.37
volume	-0.56	0.62
anywhere	-0.56	1.55
comparison	-0.56	1.15
meal	-0.56	0.69
compare	-0.56	0.95
judges	-0.56	0.73
realise	-0.56	1.82
weak	-0.56	1.04
partially	-0.56	1.31
burgers	-0.56	0.74
especially	-0.56	0.96
owns	-0.56	2.46
beaten	-0.56	0.69
enemy	-0.56	0.44
finland	-0.56	0.52
douche	-0.56	0.96
impact	-0.56	0.77
sued	-0.56	0.87
accusations	-0.56	1.46
misinformation	-0.55	1.52
peoples	-0.55	0.42
mindset	-0.55	0.70
fedora	-0.55	1.19
own	-0.55	0.85
political	-0.55	0.50
offense	-0.55	1.42
portion	-0.55	0.72
group	-0.55	0.36
99	-0.55	0.79
cunt	-0.55	0.90
strikes	-0.55	0.58
dry	-0.55	1.14
promote	-0.55	0.72
prove	-0.55	1.55
figure	-0.55	1.73
addicts	-0.55	0.71
bar	-0.55	0.79
freedom	-0.55	0.93
random	-0.55	1.08
serve	-0.55	0.70
weight	-0.55	0.58
done	-0.55	1.33
destroyed	-0.55	0.81
talk	-0.55	1.16
struggling	-0.55	1.04
regular	-0.54	0.53
periods	-0.54	0.85
seeds	-0.54	0.70
burned	-0.54	0.57
taking	-0.54	0.86
kicking	-0.54	0.71
engage	-0.54	0.61
wings	-0.54	0.66
treaty	-0.54	1.01
fraction	-0.54	0.68
despite	-0.54	1.11
nukes	-0.54	0.51
generally	-0.54	0.92
men	-0.54	0.56
others	-0.54	1.05
severely	-0.53	1.04
carbon	-0.53	0.71
estimated	-0.53	0.57
standards	-0.53	0.84
muscles	-0.53	0.76
rough	-0.53	2.07
left	-0.53	0.92
leads	-0.53	1.06
pieces	-0.53	0.75
ever	-0.53	2.86
lives	-0.53	0.79
fingers	-0.53	0.80
removed	-0.53	0.88
pressure	-0.53	0.60
small	-0.53	0.75
collapse	-0.53	0.68
judgement	-0.53	1.15
survival	-0.53	0.69
raped	-0.53	0.61
wont	-0.53	1.60
fucker	-0.52	1.34
anal	-0.52	0.51
dont	-0.52	1.78
judge	-0.52	0.80
pie	-0.52	0.98
history	-0.52	0.84
lifestyle	-0.52	0.47
petty	-0.52	1.14
widespread	-0.52	0.79
proportion	-0.52	0.68
farmers	-0.52	0.62
menu	-0.52	0.69
nut	-0.52	0.73
add	-0.52	1.07
sooner	-0.52	1.32
kind	-0.51	1.84
officials	-0.51	0.48
keep	-0.51	1.35
opinion	-0.51	1.23
ll	-0.51	1.79
homeless	-0.51	0.62
arms	-0.51	0.77
cream	-0.51	1.10
empty	-0.51	0.60
democracy	-0.51	0.46
dislike	-0.51	1.75
touched	-0.51	0.67
instantly	-0.51	0.96
divide	-0.51	0.83
overly	-0.51	1.10
else	-0.51	1.76
china	-0.51	0.50
hand	-0.50	0.77
bombs	-0.50	0.55
pretty	-0.50	1.36
witness	-0.50	1.11
experiences	-0.50	0.76
beating	-0.50	0.63
fake	-0.50	1.10
environmental	-0.50	0.62
muscle	-0.50	0.65
never	-0.50	1.36
work	-0.50	1.07
willing	-0.50	1.33
forces	-0.50	0.42
serial	-0.50	0.89
considering	-0.50	1.65
creatures	-0.50	0.83
spends	-0.50	0.58
riding	-0.50	0.61
mad	-0.50	1.27
protected	-0.50	0.95
differ	-0.49	0.91
constantly	-0.49	0.80
creates	-0.49	0.67
decide	-0.49	1.17
already	-0.49	1.41
bizarre	-0.49	1.96
doctrine	-0.49	0.78
manage	-0.49	1.28
off	-0.49	0.80
decision	-0.49	0.88
filling	-0.49	0.62
plastic	-0.49	0.69
helps	-0.49	0.97
speed	-0.49	0.63
everything	-0.49	1.70
population	-0.49	0.59
anyone	-0.49	1.69
flat	-0.49	0.82
slightest	-0.49	1.14
fill	-0.49	0.61
vs	-0.49	0.69
certain	-0.49	1.15
big	-0.48	0.93
armed	-0.48	0.49
encouraged	-0.48	0.96
activities	-0.48	0.49
greatly	-0.48	0.77
notion	-0.48	1.32
blown	-0.48	1.25
objectively	-0.48	1.09
surviving	-0.48	0.71
social	-0.48	0.59
immigrants	-0.48	0.38
nuclear	-0.48	0.60
minded	-0.48	0.72
seemingly	-0.48	1.16
global	-0.48	0.84
capitalism	-0.48	0.43
none	-0.48	1.16
percentage	-0.48	0.64
unrelated	-0.48	1.08
vietnam	-0.48	0.40
ordered	-0.48	0.58
monkey	-0.48	1.22
levels	-0.48	0.59
looking	-0.48	1.46
selection	-0.48	0.65
push	-0.48	0.73
gets	-0.48	1.35
continue	-0.47	1.22
able	-0.47	1.39
eu	-0.47	0.65
threads	-0.47	1.20
sounded	-0.47	1.51
rates	-0.47	0.65
change	-0.47	1.01
wasted	-0.47	0.74
analogy	-0.47	1.48
authorities	-0.47	0.81
khan	-0.47	0.69
water	-0.47	1.01
option	-0.47	0.85
arbitrary	-0.47	1.35
hide	-0.47	0.93
boxes	-0.47	0.66
yes	-0.47	2.43
combined	-0.47	0.73
square	-0.47	0.77
cant	-0.46	1.56
forward	-0.46	0.66
moving	-0.46	0.65
arm	-0.46	0.76
vast	-0.46	0.77
motivated	-0.46	0.72
funded	-0.46	0.58
pump	-0.46	0.63
letting	-0.46	1.30
usually	-0.46	0.98
their	-0.46	0.66
lab	-0.46	0.90
grown	-0.46	0.67
wondered	-0.46	1.56
about	-0.46	1.42
trees	-0.46	0.73
allowed	-0.46	1.27
therapy	-0.46	0.68
fries	-0.46	0.71
two	-0.46	0.78
threats	-0.46	0.72
guns	-0.46	0.63
tribes	-0.46	0.42
europe	-0.46	0.61
develop	-0.45	0.72
decisions	-0.45	0.91
reality	-0.45	1.19
cultural	-0.45	0.55
move	-0.45	0.97
grounds	-0.45	0.82
covered	-0.45	0.76
bike	-0.45	0.63
parent	-0.45	0.71
republic	-0.45	0.41
length	-0.45	0.82
depends	-0.45	1.09
vary	-0.45	0.86
territory	-0.45	0.38
initially	-0.45	1.25
telling	-0.45	1.56
reduce	-0.45	0.66
islamic	-0.44	0.52
signs	-0.44	1.12
fairly	-0.44	1.09
exercise	-0.44	0.61
deciding	-0.44	0.95
switzerland	-0.44	0.50
rest	-0.44	1.07
stopping	-0.44	0.93
police	-0.44	0.62
me	-0.44	1.49
forcing	-0.44	1.15
immigration	-0.44	0.40
overall	-0.44	0.67
condoms	-0.44	0.53
continuing	-0.44	0.86
desire	-0.44	0.86
finally	-0.44	1.27
dicks	-0.44	0.81
mormon	-0.44	0.72
liquid	-0.44	0.72
making	-0.44	1.68
ignore	-0.44	1.49
repeatedly	-0.44	0.70
person	-0.44	1.03
effect	-0.44	0.77
opinions	-0.44	1.03
ban	-0.43	0.69
human	-0.43	0.69
terrifying	-0.43	2.16
sounding	-0.43	1.25
quickly	-0.43	1.03
regardless	-0.43	0.96
thus	-0.43	1.05
real	-0.43	1.20
crying	-0.43	1.37
sides	-0.43	0.96
root	-0.43	1.00
italy	-0.43	0.41
benefit	-0.43	0.70
probability	-0.43	0.89
eventually	-0.43	1.05
worship	-0.43	0.74
significant	-0.43	1.00
prevalent	-0.43	1.07
burn	-0.43	0.68
being	-0.43	0.94
up	-0.43	0.98
claimed	-0.43	1.09
choosing	-0.43	1.00
rate	-0.43	0.64
give	-0.43	1.36
values	-0.43	0.80
outright	-0.43	1.55
ego	-0.43	0.77
liberal	-0.43	0.50
legislation	-0.43	0.57
feeding	-0.43	0.69
firearm	-0.43	0.65
bomb	-0.42	0.63
slowly	-0.42	0.83
trying	-0.42	1.34
lame	-0.42	1.28
flow	-0.42	0.57
knew	-0.42	1.16
eastern	-0.42	0.41
out	-0.42	1.01
elements	-0.42	0.83
agencies	-0.42	0.51
populations	-0.42	0.44
domestic	-0.42	0.54
ask	-0.42	1.53
claim	-0.42	1.70
plant	-0.42	0.62
nuke	-0.42	0.56
number	-0.42	0.71
courts	-0.41	0.74
evolutionary	-0.41	0.62
producing	-0.41	0.61
fuel	-0.41	0.64
largely	-0.41	0.98
mostly	-0.41	0.87
burger	-0.41	0.68
mainly	-0.41	0.78
relate	-0.41	1.41
enforcement	-0.41	0.61
agency	-0.41	0.52
amount	-0.41	0.65
lay	-0.41	0.63
bread	-0.41	0.85
policy	-0.41	0.64
dig	-0.41	0.70
horribly	-0.41	1.30
comparable	-0.41	0.87
misunderstood	-0.41	3.33
vacuum	-0.41	0.61
morals	-0.41	0.88
immediately	-0.40	1.01
problem	-0.40	1.57
fly	-0.40	0.64
powerful	-0.40	1.05
growing	-0.40	0.61
civilization	-0.40	0.74
sniper	-0.40	0.72
formed	-0.40	0.50
approximately	-0.40	0.55
driven	-0.40	0.70
particularly	-0.40	1.07
us	-0.40	0.63
soil	-0.40	0.66
shoulder	-0.40	0.74
parties	-0.40	0.49
improved	-0.40	0.71
trigger	-0.40	0.70
teachings	-0.40	0.75
guessing	-0.40	1.82
conclusion	-0.40	1.80
capita	-0.40	0.62
persons	-0.40	0.58
wanting	-0.40	1.21
corporate	-0.40	0.45
refusing	-0.40	1.22
tear	-0.39	1.02
steal	-0.39	0.71
societal	-0.39	0.73
therefore	-0.39	1.33
deeper	-0.39	0.90
targets	-0.39	0.53
blast	-0.39	0.75
skull	-0.39	0.71
quality	-0.39	1.08
traffic	-0.39	0.67
encourage	-0.39	0.90
ideas	-0.39	1.03
flying	-0.39	0.60
nation	-0.39	1.58
driving	-0.39	0.64
established	-0.39	0.65
child	-0.39	0.58
pussy	-0.39	1.11
speeds	-0.39	0.62
wanted	-0.38	1.36
reducing	-0.38	0.68
community	-0.38	0.42
netherlands	-0.38	0.50
issues	-0.38	0.99
color	-0.38	0.58
stealing	-0.38	0.57
doesnt	-0.38	1.54
whereas	-0.38	0.87
oldest	-0.38	1.39
lands	-0.38	0.37
country	-0.38	1.40
always	-0.38	1.68
tips	-0.38	0.85
any	-0.38	1.41
well	-0.38	1.82
forth	-0.38	0.78
pizza	-0.38	0.67
premise	-0.38	1.52
tried	-0.38	1.28
weigh	-0.38	0.58
operation	-0.38	0.56
randomly	-0.38	0.83
whether	-0.38	1.25
where	-0.38	1.56
leg	-0.37	0.73
face	-0.37	1.03
argument	-0.37	1.70
ratio	-0.37	0.70
european	-0.37	0.51
blind	-0.37	0.76
driver	-0.37	0.63
reviews	-0.37	0.71
try	-0.37	1.46
energy	-0.37	0.57
tree	-0.37	0.70
evolution	-0.37	0.67
chunk	-0.37	0.71
green	-0.37	0.59
shortly	-0.37	0.78
grass	-0.37	0.68
declare	-0.37	0.63
resort	-0.37	0.81
usa	-0.37	1.28
separate	-0.37	0.82
war	-0.37	0.44
led	-0.37	0.75
continued	-0.37	0.74
breast	-0.37	0.56
roughly	-0.37	0.65
countries	-0.37	1.31
counted	-0.37	0.78
humans	-0.37	0.62
affects	-0.37	0.72
politicians	-0.37	0.42
everyone	-0.36	1.75
retard	-0.36	1.03
court	-0.36	0.75
restaurant	-0.36	0.63
rare	-0.36	1.69
today	-0.36	1.68
allow	-0.36	1.24
matters	-0.36	1.12
battle	-0.36	0.43
gun	-0.36	0.62
hire	-0.36	0.63
peanut	-0.36	1.01
lbs	-0.36	0.56
identify	-0.36	1.04
carry	-0.36	0.69
hook	-0.36	0.93
denmark	-0.36	0.49
glasses	-0.36	0.76
plants	-0.36	0.57
remotely	-0.36	1.11
estimate	-0.36	0.83
repeated	-0.36	0.85
buried	-0.36	0.66
another	-0.36	1.02
tribe	-0.36	0.36
redditor	-0.36	1.07
chose	-0.36	1.19
relatively	-0.36	1.02
fire	-0.36	0.61
involved	-0.36	0.88
hair	-0.36	0.75
jail	-0.36	1.48
india	-0.35	0.39
branch	-0.35	0.46
ve	-0.35	1.26
cutting	-0.35	0.71
imagining	-0.35	1.17
drivers	-0.35	0.64
nations	-0.35	1.25
height	-0.35	0.61
societies	-0.35	0.51
mph	-0.35	0.58
bones	-0.35	0.70
into	-0.35	0.82
affect	-0.35	0.71
believes	-0.35	1.30
realized	-0.35	1.54
lied	-0.35	1.56
norway	-0.35	0.54
prepare	-0.35	0.69
fighting	-0.35	0.40
positive	-0.35	1.00
down	-0.35	0.75
colour	-0.35	0.58
million	-0.35	0.55
sweden	-0.35	0.55
help	-0.35	1.52
gang	-0.35	0.41
freely	-0.35	0.85
lift	-0.34	0.61
communities	-0.34	0.41
penis	-0.34	0.64
tanks	-0.34	0.45
zombie	-0.34	0.97
grow	-0.34	0.66
britain	-0.34	0.40
rarely	-0.34	0.92
neither	-0.34	2.10
assumptions	-0.34	1.66
throughout	-0.34	0.62
candy	-0.34	1.01
alive	-0.34	0.97
romans	-0.34	0.50
claims	-0.34	1.71
strike	-0.34	0.56
product	-0.34	0.49
vehicle	-0.34	0.65
latter	-0.34	2.30
actively	-0.34	1.07
conspiracy	-0.34	1.14
elderly	-0.34	0.64
wherever	-0.33	1.20
dark	-0.33	0.60
served	-0.33	0.58
trials	-0.33	0.79
animals	-0.33	0.71
increased	-0.33	0.64
ears	-0.33	0.78
democratic	-0.33	0.43
killer	-0.33	0.62
continent	-0.33	0.57
decided	-0.33	1.24
newer	-0.33	0.63
firearms	-0.33	0.66
legal	-0.33	0.77
circumcision	-0.33	0.68
borders	-0.33	0.49
nuts	-0.33	1.01
everyday	-0.33	0.70
products	-0.33	0.47
contracts	-0.33	1.18
fbi	-0.33	0.61
biggest	-0.33	2.70
order	-0.33	1.10
counting	-0.33	0.75
teenagers	-0.33	0.59
africa	-0.33	0.43
pounds	-0.33	0.54
pushed	-0.33	0.76
impression	-0.33	1.46
ruling	-0.33	0.61
struck	-0.33	0.66
progress	-0.33	0.76
bone	-0.33	0.71
surprisingly	-0.33	1.14
somebody	-0.32	1.53
contained	-0.32	0.67
jump	-0.32	0.72
away	-0.32	0.91
culture	-0.32	0.52
genes	-0.32	0.61
speculation	-0.32	1.96
socially	-0.32	0.97
asia	-0.32	0.43
assumption	-0.32	1.98
women	-0.32	0.53
greater	-0.32	0.76
units	-0.32	0.61
contrary	-0.32	1.92
causation	-0.32	1.74
extinct	-0.32	0.57
individuals	-0.32	0.57
inches	-0.32	0.56
members	-0.32	0.41
time	-0.32	1.00
ground	-0.32	0.65
hole	-0.32	0.68
nowadays	-0.32	1.08
brains	-0.31	0.68
reported	-0.31	0.79
lawyers	-0.31	0.59
sharks	-0.31	0.70
mention	-0.31	1.54
per	-0.31	0.51
stuff	-0.31	1.53
mcdonalds	-0.31	0.58
concern	-0.31	1.15
besides	-0.31	1.06
western	-0.31	1.23
red	-0.31	0.59
genetically	-0.31	0.55
hypothetical	-0.31	1.22
gone	-0.31	1.13
similarly	-0.31	0.94
oddly	-0.31	1.89
wwi	-0.31	0.46
remind	-0.31	1.36
every	-0.31	0.89
pregnancy	-0.31	0.52
attempting	-0.31	1.22
blowing	-0.31	0.80
represented	-0.31	0.58
depending	-0.30	0.87
metric	-0.30	0.78
blue	-0.30	0.61
parts	-0.30	0.62
robots	-0.30	0.63
dropped	-0.30	0.58
managed	-0.30	1.24
traits	-0.30	0.64
ready	-0.30	1.28
financial	-0.30	0.55
participate	-0.30	0.67
joined	-0.30	0.38
tongue	-0.30	1.05
sex	-0.30	0.43
majority	-0.30	0.98
lane	-0.30	0.66
assumed	-0.30	1.76
factory	-0.30	0.52
personal	-0.30	0.92
infinite	-0.30	0.70
him	-0.30	1.09
i.e	-0.30	1.07
native	-0.30	0.73
three	-0.30	0.67
ripped	-0.30	1.11
ownership	-0.30	0.81
dumbass	-0.30	0.92
breeding	-0.30	0.66
aside	-0.30	1.19
teeth	-0.30	0.98
approach	-0.30	0.85
rude	-0.30	1.25
stops	-0.30	0.82
le	-0.30	1.13
ethical	-0.29	0.98
foot	-0.29	0.57
someone	-0.29	1.49
straw	-0.29	1.24
fought	-0.29	0.38
changing	-0.29	0.82
floor	-0.29	0.67
karma	-0.29	1.22
protecting	-0.29	0.66
price	-0.29	0.54
consciousness	-0.29	0.73
bullets	-0.29	0.62
genetics	-0.29	0.66
increase	-0.29	0.67
reasons	-0.29	1.16
yellow	-0.29	0.58
strict	-0.29	0.82
increases	-0.29	0.66
cultures	-0.29	0.50
sells	-0.29	0.63
substantial	-0.29	0.79
eyes	-0.29	0.61
supposedly	-0.29	0.77
comprehend	-0.29	1.53
ignorance	-0.29	1.27
gt	-0.29	2.50
republicans	-0.29	0.50
trade	-0.29	0.42
most	-0.29	2.71
nobody	-0.29	1.69
shot	-0.29	0.63
atmosphere	-0.29	0.57
equivalent	-0.29	0.70
reduced	-0.28	0.66
fighters	-0.28	0.43
shocking	-0.28	2.30
grows	-0.28	0.55
factors	-0.28	0.84
advantage	-0.28	1.04
fallacy	-0.28	1.84
too	-0.28	1.52
beat	-0.28	0.87
ancestors	-0.28	0.39
conviction	-0.28	1.44
aggressive	-0.28	0.88
skin	-0.28	0.69
continues	-0.28	0.74
at	-0.28	0.80
changes	-0.28	0.77
united	-0.28	0.61
party	-0.28	0.47
authority	-0.28	0.67
inch	-0.28	0.56
brand	-0.28	0.54
poor	-0.28	0.44
historically	-0.28	0.84
stick	-0.28	0.76
pacific	-0.28	0.38
identified	-0.28	0.88
allowing	-0.28	1.11
bulk	-0.28	0.42
an	-0.28	0.98
contributing	-0.28	0.70
billion	-0.28	0.49
extreme	-0.28	1.12
grey	-0.28	0.57
schedule	-0.28	0.63
forms	-0.28	0.91
by	-0.28	0.94
witch	-0.28	0.64
medicine	-0.28	0.61
america	-0.28	0.49
keeps	-0.27	0.87
instant	-0.27	0.57
knock	-0.27	0.78
involvement	-0.27	0.51
healthy	-0.27	0.60
condescending	-0.27	1.29
explicitly	-0.27	1.38
intent	-0.27	1.79
efficient	-0.27	0.81
islam	-0.27	0.61
statement	-0.27	2.33
lawyer	-0.27	0.69
prepared	-0.27	0.76
who	-0.27	1.53
density	-0.27	0.58
babies	-0.27	0.53
sold	-0.27	0.65
aliens	-0.27	0.62
barely	-0.27	0.96
bright	-0.27	0.59
base	-0.27	0.65
moral	-0.27	1.06
gdp	-0.27	0.51
bare	-0.27	0.76
constitution	-0.27	0.71
imperial	-0.27	0.66
merely	-0.27	2.47
easy	-0.26	1.37
higher	-0.26	0.65
shoot	-0.26	0.61
alien	-0.26	0.83
facility	-0.26	0.56
burns	-0.26	0.54
liberty	-0.26	0.72
been	-0.26	1.14
hopefully	-0.26	1.21
reactor	-0.26	0.63
likes	-0.26	2.15
attempt	-0.26	1.12
scratch	-0.26	0.94
laying	-0.26	0.64
gives	-0.26	1.22
folks	-0.26	0.58
kinda	-0.26	1.79
guard	-0.26	0.49
dispute	-0.26	1.83
corporations	-0.26	0.40
reproduce	-0.26	0.62
wants	-0.26	1.73
expectations	-0.26	0.69
attempts	-0.26	1.04
downvoted	-0.26	1.27
democrats	-0.26	0.50
reflect	-0.26	0.85
downvote	-0.25	1.27
shell	-0.25	0.62
appear	-0.25	0.80
subjective	-0.25	1.27
cut	-0.25	0.76
asking	-0.25	1.73
devil	-0.25	0.75
spin	-0.25	0.56
expensive	-0.25	1.05
corner	-0.25	0.66
soon	-0.25	1.14
fighter	-0.25	0.52
seat	-0.25	0.60
factor	-0.25	0.96
create	-0.25	0.78
onto	-0.25	0.66
cult	-0.25	0.78
questionable	-0.25	1.35
frequent	-0.25	0.77
measured	-0.25	0.85
faces	-0.25	1.03
ignoring	-0.25	1.48
colors	-0.25	0.58
basis	-0.25	1.17
pound	-0.25	0.51
opportunity	-0.25	0.99
nigger	-0.25	0.95
restrictions	-0.25	0.72
downvotes	-0.25	1.26
shaped	-0.25	0.53
cup	-0.24	0.76
dropping	-0.24	0.55
gene	-0.24	0.63
constitutional	-0.24	0.66
few	-0.24	0.65
gravity	-0.24	0.53
wouldnt	-0.24	1.50
couple	-0.24	0.65
birth	-0.24	0.51
nail	-0.24	0.94
theories	-0.24	1.27
select	-0.24	0.74
said	-0.24	1.75
decline	-0.24	0.62
hypothesis	-0.24	1.58
happiness	-0.24	0.78
world	-0.24	2.86
save	-0.24	0.64
ahead	-0.24	1.35
male	-0.24	0.51
traveling	-0.24	0.56
decrease	-0.24	0.65
ends	-0.24	1.02
shooting	-0.24	0.57
proves	-0.24	1.98
has	-0.24	1.21
robot	-0.24	0.76
existed	-0.24	0.69
plans	-0.24	0.73
pool	-0.24	0.70
chain	-0.24	0.52
alone	-0.24	1.14
falling	-0.24	0.60
through	-0.24	0.68
attorney	-0.24	0.66
throw	-0.23	0.68
along	-0.23	0.95
law	-0.23	0.72
facts	-0.23	1.62
spain	-0.23	0.44
selling	-0.23	0.40
economy	-0.23	0.46
mcdonald	-0.23	0.57
health	-0.23	0.66
morality	-0.23	1.11
aspects	-0.23	0.89
follow	-0.23	0.69
owning	-0.23	0.83
sale	-0.23	0.42
increasing	-0.23	0.62
presence	-0.23	0.67
replacement	-0.23	0.77
federal	-0.23	0.55
sue	-0.23	0.66
u.s	-0.23	0.45
demanding	-0.23	0.80
depressed	-0.23	2.68
influence	-0.23	0.67
once	-0.23	1.14
colonies	-0.23	0.42
second	-0.23	1.84
general	-0.23	0.90
hunt	-0.23	0.75
jumping	-0.23	0.58
contract	-0.23	1.27
improve	-0.22	0.74
ten	-0.22	0.66
inherent	-0.22	1.13
growth	-0.22	0.54
lose	-0.22	0.74
chosen	-0.22	0.88
guess	-0.22	2.15
fail	-0.22	1.30
yard	-0.22	0.60
hundred	-0.22	0.62
trillion	-0.22	0.48
conclusions	-0.22	1.63
satan	-0.22	0.60
existing	-0.22	0.74
faggot	-0.22	0.92
exact	-0.22	1.24
wild	-0.22	0.74
failing	-0.22	1.21
determined	-0.22	1.03
heavily	-0.22	0.90
sign	-0.22	1.33
independence	-0.22	0.52
principle	-0.22	1.10
view	-0.22	0.95
adds	-0.22	0.97
regularly	-0.22	0.87
raised	-0.22	0.46
least	-0.21	0.91
supreme	-0.21	0.61
cop	-0.21	0.73
eye	-0.21	0.57
plate	-0.21	0.62
incapable	-0.21	0.83
start	-0.21	0.89
phenomenon	-0.21	0.96
fails	-0.21	1.15
apparent	-0.21	1.41
listed	-0.21	0.91
contrast	-0.21	0.68
republican	-0.21	0.50
appeal	-0.21	0.64
closer	-0.21	0.80
carrying	-0.21	0.61
cheating	-0.21	0.68
interests	-0.21	0.58
travel	-0.21	0.63
solely	-0.21	0.96
inside	-0.21	0.57
violation	-0.21	0.71
retarded	-0.21	1.12
window	-0.21	0.65
laws	-0.21	0.69
bowl	-0.21	0.69
consumption	-0.21	0.94
choices	-0.21	1.13
whenever	-0.21	1.13
proved	-0.21	1.40
al	-0.21	0.86
holes	-0.21	0.57
dog	-0.21	1.25
simultaneously	-0.20	0.74
educate	-0.20	1.13
jet	-0.20	0.56
ear	-0.20	0.71
conflict	-0.20	0.62
included	-0.20	0.94
grave	-0.20	0.64
foreign	-0.20	0.49
put	-0.20	0.76
understood	-0.20	1.32
principles	-0.20	1.01
developing	-0.20	0.69
saved	-0.20	0.67
laid	-0.20	0.75
medium	-0.20	0.57
moves	-0.20	0.71
males	-0.20	0.51
exists	-0.20	1.08
spectrum	-0.20	0.59
prices	-0.20	0.56
sell	-0.20	0.43
sexually	-0.20	0.57
demographic	-0.20	0.40
mechanism	-0.20	0.73
grocery	-0.20	0.49
tolerance	-0.20	0.51
ass	-0.19	1.06
considered	-0.19	1.29
challenge	-0.19	0.89
proving	-0.19	1.37
material	-0.19	0.66
numbers	-0.19	0.80
hunter	-0.19	0.64
four	-0.19	0.64
grab	-0.19	0.69
functioning	-0.19	0.71
entered	-0.19	0.56
officers	-0.19	0.50
beats	-0.19	0.70
worlds	-0.19	2.83
apparently	-0.19	1.56
he	-0.19	1.31
norm	-0.19	1.10
army	-0.19	0.41
replaced	-0.19	0.98
distance	-0.19	0.67
pulled	-0.19	0.76
german	-0.19	1.19
coin	-0.19	0.58
perception	-0.18	0.76
valid	-0.18	1.71
mining	-0.18	0.68
tank	-0.18	0.49
surrounding	-0.18	0.51
wall	-0.18	0.62
sound	-0.18	1.15
planes	-0.18	0.56
minimal	-0.18	0.82
females	-0.18	0.54
lower	-0.18	0.65
skeptical	-0.18	1.86
expense	-0.18	0.59
developed	-0.18	0.56
frequently	-0.18	0.89
rifles	-0.18	0.64
touch	-0.18	0.96
landed	-0.18	0.54
solutions	-0.18	1.02
helped	-0.18	1.14
agreement	-0.18	1.37
cost	-0.18	0.53
throwing	-0.17	0.66
flew	-0.17	0.56
anecdotal	-0.17	1.73
proof	-0.17	1.49
split	-0.17	0.67
entity	-0.17	0.59
murica	-0.17	1.24
floating	-0.17	0.54
thought	-0.17	1.63
together	-0.17	0.63
plan	-0.17	0.85
join	-0.17	0.48
back	-0.17	0.94
thrown	-0.17	0.78
mistaken	-0.17	3.60
turn	-0.17	0.82
highway	-0.17	0.67
bubble	-0.17	0.52
five	-0.17	0.65
secret	-0.17	0.65
presented	-0.16	1.60
military	-0.16	0.45
thick	-0.16	0.57
member	-0.16	0.39
saving	-0.16	0.54
approved	-0.16	0.88
fired	-0.16	0.60
evolved	-0.16	0.56
pilot	-0.16	0.56
region	-0.16	0.57
options	-0.16	0.78
statements	-0.16	2.14
automatic	-0.16	0.65
defensive	-0.16	1.12
measures	-0.16	0.87
light	-0.16	0.56
store	-0.16	0.44
imply	-0.16	2.47
closely	-0.16	0.94
represent	-0.16	0.59
pull	-0.16	0.80
planned	-0.16	1.01
protection	-0.16	0.71
hiding	-0.16	0.66
box	-0.16	0.59
realizing	-0.16	1.21
average	-0.16	0.61
evidence	-0.16	1.56
jumped	-0.16	0.64
enforce	-0.16	0.74
deliberately	-0.16	2.08
offensive	-0.16	1.44
targeted	-0.16	0.47
break	-0.16	0.87
passing	-0.15	0.66
beings	-0.15	0.78
reasoning	-0.15	1.38
plane	-0.15	0.58
thousand	-0.15	0.59
dick	-0.15	0.89
drive	-0.15	0.57
hit	-0.15	0.68
sticking	-0.15	0.67
third	-0.15	1.84
aircraft	-0.15	0.55
system	-0.15	0.74
drop	-0.15	0.56
points	-0.15	1.36
correlation	-0.15	1.45
manufacturing	-0.15	0.54
explain	-0.15	1.92
brazil	-0.15	0.50
missiles	-0.15	0.56
living	-0.15	0.99
nearly	-0.14	0.78
control	-0.14	0.56
percent	-0.14	0.53
regulations	-0.14	0.70
difficult	-0.14	1.55
inner	-0.14	0.46
citizenship	-0.14	0.47
coins	-0.14	0.57
additionally	-0.14	0.91
wood	-0.14	0.69
10,000	-0.14	0.56
children	-0.14	0.55
shake	-0.14	0.88
costs	-0.14	0.52
purple	-0.14	0.54
changed	-0.14	1.32
serves	-0.14	0.70
addition	-0.14	0.86
depressing	-0.13	2.28
successfully	-0.13	1.07
partner	-0.13	0.39
refused	-0.13	1.07
property	-0.13	0.54
regional	-0.13	0.61
picked	-0.13	0.84
household	-0.13	0.43
creating	-0.13	0.63
ethics	-0.13	1.01
politically	-0.13	0.80
buy	-0.13	0.44
organization	-0.13	0.39
voting	-0.13	0.51
extra	-0.13	0.67
tip	-0.13	0.55
airplane	-0.13	0.55
shop	-0.13	0.47
involves	-0.13	0.87
shit	-0.13	1.57
essentially	-0.13	1.49
fall	-0.13	0.69
controlled	-0.13	0.66
car	-0.13	0.56
unit	-0.13	0.54
basement	-0.13	0.63
corporation	-0.13	0.76
fucking	-0.13	1.25
operations	-0.13	0.58
investigation	-0.13	0.75
target	-0.12	0.61
ideal	-0.12	0.71
tall	-0.12	0.59
australia	-0.12	0.48
magically	-0.12	1.13
six	-0.12	0.63
shipping	-0.12	0.49
eight	-0.12	0.63
exclusive	-0.12	1.07
central	-0.12	0.42
breakfast	-0.12	0.78
theory	-0.12	1.11
air	-0.12	0.79
hoping	-0.12	1.73
2	-0.12	0.66
trend	-0.12	0.69
sit	-0.12	0.68
expert	-0.12	1.12
process	-0.12	0.89
machine	-0.12	0.63
beyond	-0.12	0.85
behind	-0.12	0.69
bullet	-0.12	0.59
leave	-0.12	1.20
bits	-0.12	0.73
scare	-0.12	1.12
aged	-0.12	0.54
observation	-0.12	1.51
feet	-0.12	0.55
fight	-0.12	0.53
goods	-0.12	0.42
trained	-0.12	0.63
teenager	-0.11	0.64
estate	-0.11	0.68
room	-0.11	0.64
flight	-0.11	0.57
confuse	-0.11	0.95
associate	-0.11	0.82
towers	-0.11	0.54
differences	-0.11	1.02
sized	-0.11	0.65
genuinely	-0.11	1.43
instances	-0.11	1.57
visible	-0.11	0.55
limit	-0.11	0.63
security	-0.11	0.60
focusing	-0.11	0.79
insulting	-0.11	1.36
walmart	-0.11	0.45
officially	-0.11	0.90
ruled	-0.11	0.61
road	-0.11	0.63
power	-0.11	0.54
seek	-0.11	0.91
function	-0.11	0.74
table	-0.11	0.60
prefer	-0.11	0.99
line	-0.11	0.82
east	-0.11	0.45
citizens	-0.10	0.42
technology	-0.10	0.72
starts	-0.10	0.86
regulation	-0.10	0.58
swim	-0.10	0.67
belong	-0.10	0.75
nowhere	-0.10	1.20
passes	-0.10	0.91
flawed	-0.10	2.11
value	-0.10	0.56
conscious	-0.10	0.77
billions	-0.10	0.48
zealand	-0.10	0.41
sticks	-0.10	0.66
pilots	-0.10	0.56
patient	-0.10	0.71
roof	-0.10	0.59
dna	-0.10	0.68
trust	-0.10	1.62
object	-0.10	0.54
worth	-0.10	0.47
firing	-0.10	0.63
resource	-0.10	0.62
measure	-0.10	0.99
regarding	-0.10	0.98
unions	-0.10	0.45
politics	-0.09	0.60
daily	-0.09	0.63
sitting	-0.09	0.67
rifle	-0.09	0.63
solution	-0.09	1.13
theoretically	-0.09	1.17
statistics	-0.09	1.46
open	-0.09	0.67
issue	-0.09	1.31
combat	-0.09	0.46
loose	-0.09	0.65
minds	-0.09	0.64
mile	-0.09	0.60
animal	-0.09	0.81
lights	-0.09	0.61
typically	-0.09	0.91
landing	-0.09	0.59
powers	-0.09	0.51
specific	-0.09	1.21
inflation	-0.09	0.49
brown	-0.09	0.58
demand	-0.09	0.52
works	-0.09	1.47
climate	-0.09	0.76
around	-0.09	0.69
purely	-0.09	1.10
hell	-0.09	1.96
weather	-0.09	0.86
during	-0.08	0.61
islands	-0.08	0.36
incentive	-0.08	0.84
sky	-0.08	0.54
begins	-0.08	0.81
rocket	-0.08	0.58
door	-0.08	0.65
chair	-0.08	0.64
sight	-0.08	0.80
surgery	-0.08	0.70
representation	-0.08	0.63
money	-0.08	0.48
myth	-0.08	0.82
voters	-0.08	0.50
desk	-0.08	0.64
predict	-0.08	1.04
transportation	-0.08	0.54
decides	-0.08	1.68
stores	-0.08	0.44
miles	-0.08	0.52
sand	-0.08	0.68
accepted	-0.08	0.96
overwhelming	-0.07	0.92
emotionally	-0.07	1.08
determine	-0.07	1.07
slave	-0.07	0.54
essential	-0.07	0.90
knife	-0.07	0.69
legally	-0.07	1.20
odds	-0.07	0.84
dumb	-0.07	0.92
doors	-0.07	0.68
logic	-0.07	1.40
represents	-0.07	0.59
different	-0.07	1.10
pass	-0.07	0.83
peers	-0.07	0.53
stated	-0.07	1.85
insults	-0.07	1.08
stuck	-0.07	0.74
problems	-0.07	1.32
effectively	-0.07	1.32
range	-0.07	0.64
divorce	-0.07	0.43
cognitive	-0.07	0.77
states	-0.07	0.53
tits	-0.07	1.04
turning	-0.07	0.77
stolen	-0.07	0.47
effort	-0.07	0.93
identity	-0.07	0.62
sharp	-0.07	0.72
indian	-0.07	0.45
quarter	-0.07	0.56
convenience	-0.07	0.55
fishing	-0.07	0.62
trouble	-0.07	1.36
application	-0.07	0.75
build	-0.06	0.56
across	-0.06	0.55
stood	-0.06	0.95
shops	-0.06	0.44
banned	-0.06	0.99
seven	-0.06	0.62
begin	-0.06	1.07
excited	-0.06	2.70
cents	-0.06	0.50
raise	-0.06	0.45
difference	-0.06	1.71
instance	-0.06	1.30
planning	-0.06	0.85
hopes	-0.06	0.75
standing	-0.06	0.69
goes	-0.06	1.03
leader	-0.06	0.57
laughed	-0.06	1.67
spending	-0.05	0.48
nine	-0.05	0.62
pockets	-0.05	0.47
includes	-0.05	0.90
vehicles	-0.05	0.57
gods	-0.05	0.62
working	-0.05	0.54
results	-0.05	1.04
wind	-0.05	0.54
dollars	-0.05	0.48
representative	-0.05	0.51
insane	-0.05	1.98
performed	-0.05	0.67
stopped	-0.05	0.83
generate	-0.05	0.57
workers	-0.05	0.45
heavy	-0.05	0.54
pride	-0.05	0.86
step	-0.05	0.78
supply	-0.05	0.58
privacy	-0.05	0.91
resources	-0.05	0.68
construction	-0.05	0.54
before	-0.05	0.93
suggested	-0.04	1.19
rules	-0.04	0.81
opportunities	-0.04	0.74
armor	-0.04	0.52
dollar	-0.04	0.49
further	-0.04	1.02
invest	-0.04	0.53
under	-0.04	0.72
rising	-0.04	0.55
adults	-0.04	0.59
punch	-0.04	0.69
bound	-0.04	0.71
added	-0.04	1.31
purchase	-0.04	0.46
intention	-0.04	1.41
breaks	-0.04	0.75
concrete	-0.04	0.60
waiting	-0.04	0.84
lost	-0.04	0.66
regulated	-0.04	0.61
amendment	-0.04	0.68
freak	-0.04	1.64
company	-0.04	0.77
engines	-0.04	0.56
ive	-0.04	1.09
purpose	-0.04	1.31
between	-0.04	0.68
amongst	-0.04	0.88
discovered	-0.04	0.77
seeking	-0.03	0.77
missile	-0.03	0.56
owner	-0.03	1.02
apply	-0.03	1.01
path	-0.03	0.69
tesla	-0.03	0.81
chip	-0.03	0.64
interested	-0.03	1.59
whale	-0.03	0.68
mere	-0.03	1.17
passed	-0.03	0.61
hanging	-0.03	0.66
hunting	-0.03	0.64
loop	-0.03	0.77
purchased	-0.03	0.74
trading	-0.03	0.44
capital	-0.03	0.52
logical	-0.03	1.34
placed	-0.03	0.60
tested	-0.03	0.86
badly	-0.03	1.57
ought	-0.03	1.12
highest	-0.03	0.93
route	-0.03	0.63
craft	-0.03	0.94
balls	-0.03	0.92
granted	-0.03	0.68
normally	-0.03	1.09
soft	-0.03	1.01
rant	-0.03	1.14
fell	-0.03	0.71
truly	-0.03	2.00
impressed	-0.03	1.78
rounds	-0.03	0.63
parking	-0.03	0.59
based	-0.03	1.45
practice	-0.03	0.73
private	-0.03	0.48
retail	-0.02	0.42
dudes	-0.02	1.08
enforced	-0.02	0.81
north	-0.02	0.43
contribute	-0.02	0.70
intentionally	-0.02	2.38
imo	-0.02	1.98
deep	-0.02	0.72
returned	-0.02	0.54
joking	-0.02	1.86
politician	-0.02	0.41
sample	-0.02	0.79
arguments	-0.02	1.43
international	-0.02	0.47
limits	-0.02	0.81
ireland	-0.02	0.42
philosophy	-0.02	0.86
mood	-0.02	1.12
dinner	-0.02	0.65
owners	-0.02	0.97
holding	-0.02	0.68
fields	-0.02	0.58
3	-0.02	0.62
attached	-0.02	0.67
stats	-0.02	1.04
twenty	-0.01	0.65
designed	-0.01	1.21
flip	-0.01	0.67
among	-0.01	0.88
budget	-0.01	0.45
expression	-0.01	0.96
functions	-0.01	0.73
house	-0.01	0.53
voted	-0.01	0.49
liking	-0.01	1.83
individual	-0.01	0.90
peta	-0.01	0.77
vote	-0.01	0.51
edge	-0.01	0.62
uk	-0.01	0.44
valuable	-0.01	1.02
set	-0.01	0.72
regions	-0.00	0.45
wave	-0.00	0.58
planet	-0.00	1.10
had	-0.00	1.07
dedicated	-0.00	0.65
bitch	-0.00	1.11
previously	0.00	0.88
operate	0.00	0.67
net	0.00	0.46
organizations	0.00	0.37
exceptions	0.00	1.57
shape	0.00	0.63
close	0.00	1.52
whoever	0.00	1.41
northern	0.00	0.41
dies	0.00	1.59
ocean	0.00	0.59
bars	0.00	0.71
looks	0.00	1.63
item	0.00	0.41
dogs	0.00	1.13
scope	0.00	0.72
land	0.00	0.41
spare	0.00	0.58
signed	0.00	1.31
made	0.00	1.22
engine	0.01	0.55
whatsoever	0.01	1.04
pet	0.01	1.16
worker	0.01	0.46
owned	0.01	0.95
yours	0.01	1.83
orders	0.01	0.66
opened	0.01	0.63
outside	0.01	0.62
south	0.01	0.38
cuts	0.01	0.61
blows	0.01	1.19
sweet	0.01	1.88
hitting	0.01	0.59
kept	0.01	0.86
wage	0.01	0.43
allows	0.01	1.01
front	0.01	0.70
lets	0.01	1.29
steps	0.01	0.76
built	0.01	0.51
balance	0.01	0.59
masses	0.01	0.56
ice	0.01	1.00
angle	0.01	0.58
tactics	0.01	0.62
girls	0.01	0.93
congress	0.01	0.50
border	0.01	0.42
elected	0.02	0.45
welfare	0.02	0.55
model	0.02	0.80
busy	0.02	0.80
biased	0.02	1.82
buildings	0.02	0.50
walk	0.02	0.71
personality	0.02	0.69
referring	0.02	1.87
belongs	0.02	1.19
forever	0.02	0.93
common	0.02	1.47
bus	0.02	0.58
sole	0.02	0.90
concept	0.02	1.34
sucked	0.02	1.76
building	0.02	0.52
walls	0.02	0.62
somewhere	0.02	1.23
element	0.03	0.65
boys	0.03	0.56
platform	0.03	0.43
measurement	0.03	1.04
mexican	0.03	0.62
electricity	0.03	0.52
wasnt	0.03	1.09
state	0.03	0.44
lawsuit	0.03	0.61
contact	0.03	0.54
industries	0.03	0.44
statistic	0.03	2.03
within	0.03	0.60
meme	0.03	1.00
unfortunately	0.03	1.54
enter	0.03	0.77
tower	0.03	0.55
presumably	0.03	0.86
profits	0.03	0.46
pattern	0.03	0.58
hope	0.03	1.86
row	0.03	0.65
ran	0.04	0.70
difficulty	0.04	0.95
launch	0.04	0.57
delivery	0.04	0.53
worked	0.04	0.56
testing	0.04	0.89
institution	0.04	0.47
directly	0.04	1.18
cities	0.04	0.44
dense	0.04	1.09
organized	0.04	0.51
failure	0.04	1.48
machines	0.04	0.62
wages	0.04	0.45
obama	0.04	0.46
reserve	0.04	0.49
reasonable	0.04	1.21
broke	0.04	0.82
twice	0.04	0.74
sea	0.04	0.57
bang	0.04	0.97
annual	0.04	0.48
looked	0.04	1.19
insult	0.04	1.13
structures	0.05	0.61
often	0.05	1.31
superior	0.05	0.58
yelling	0.05	1.05
employers	0.05	0.46
aspect	0.05	0.97
stock	0.05	0.46
cloud	0.05	0.57
hospitals	0.05	0.58
applies	0.05	1.24
subway	0.05	0.57
local	0.05	0.46
provides	0.05	0.86
without	0.05	1.24
offering	0.05	0.88
leaves	0.05	0.87
whales	0.05	0.60
rocks	0.05	0.62
tries	0.06	1.39
4	0.06	0.60
surrounded	0.06	0.46
factual	0.06	1.55
lunch	0.06	0.64
core	0.06	0.58
<SPECIAL>	0.06	0.54
<URL>	0.06	0.54
exchange	0.06	0.65
solve	0.06	1.19
orbit	0.06	0.56
preference	0.06	0.66
warrant	0.06	0.77
maintenance	0.06	0.67
hiring	0.06	0.48
implied	0.06	2.58
sees	0.06	1.82
block	0.06	0.59
taxes	0.06	0.49
banks	0.06	0.50
reached	0.06	0.80
manager	0.06	0.44
memories	0.06	0.91
maximum	0.06	0.68
cars	0.06	0.54
wrap	0.06	0.61
rise	0.06	0.52
differently	0.06	1.39
solar	0.06	0.54
circles	0.06	0.73
institutions	0.07	0.49
accidentally	0.07	1.31
profit	0.07	0.46
blow	0.07	0.88
aa	0.07	0.58
deals	0.07	0.67
mandatory	0.07	0.89
surface	0.07	0.54
hammer	0.07	0.66
investment	0.07	0.47
remember	0.07	1.40
facilities	0.07	0.57
tiger	0.07	0.79
moon	0.07	0.54
shopping	0.07	0.46
walked	0.07	0.75
assets	0.07	0.45
2-3	0.08	0.60
empire	0.08	0.48
mexico	0.08	0.39
locked	0.08	0.61
followed	0.08	0.77
raising	0.08	0.49
equation	0.08	0.90
expansion	0.08	0.57
needing	0.08	1.01
roads	0.08	0.59
typical	0.08	0.71
employment	0.08	0.53
seats	0.08	0.53
areas	0.08	0.46
space	0.08	0.56
aim	0.08	0.82
reputation	0.09	0.73
glad	0.09	1.79
efforts	0.09	0.70
became	0.09	0.87
lion	0.09	0.80
items	0.09	0.44
relation	0.09	0.76
responses	0.09	1.06
incorrect	0.09	3.57
employees	0.09	0.43
responding	0.09	2.11
wheel	0.09	0.59
employee	0.09	0.43
asks	0.09	1.66
mars	0.09	0.54
projects	0.09	0.53
method	0.09	0.87
creepy	0.09	2.42
suggest	0.09	1.70
bitches	0.09	1.44
business	0.09	0.44
currency	0.09	0.50
objects	0.09	0.54
serving	0.09	0.93
transport	0.09	0.55
high	0.09	0.62
mothers	0.09	0.50
drove	0.09	0.61
fees	0.09	0.50
tied	0.10	0.62
doctors	0.10	0.62
zone	0.10	0.86
soul	0.10	0.73
focus	0.10	0.82
draft	0.10	0.50
particular	0.10	1.10
clock	0.10	0.57
promise	0.10	1.08
markets	0.10	0.41
vocal	0.10	0.70
status	0.10	0.48
enough	0.10	1.14
5	0.11	0.60
blocks	0.11	0.54
safety	0.11	1.01
primarily	0.11	0.98
concerns	0.11	0.98
discussing	0.11	1.25
theres	0.11	1.17
failed	0.11	1.00
hidden	0.11	0.77
pregnant	0.11	0.51
interest	0.11	0.49
emergency	0.11	0.65
bring	0.11	1.02
desert	0.11	0.52
delivered	0.11	0.64
hear	0.11	0.86
russian	0.11	1.02
6	0.11	0.59
phase	0.11	0.64
ford	0.11	0.66
consent	0.11	0.68
financially	0.11	0.76
cell	0.11	0.57
diversity	0.11	0.79
genetic	0.12	0.86
adopt	0.12	0.84
bought	0.12	0.65
offer	0.12	0.85
kingdom	0.12	0.41
administration	0.12	0.46
installed	0.12	0.65
loses	0.12	1.29
firm	0.12	0.47
debt	0.12	0.49
duty	0.12	0.43
entering	0.12	0.64
viable	0.12	0.99
gain	0.12	0.59
complex	0.12	1.11
hawaii	0.12	0.36
100k	0.12	0.53
capture	0.12	0.62
direct	0.12	0.70
regards	0.12	0.91
remains	0.12	0.70
benefits	0.12	0.52
thin	0.12	0.60
upvoted	0.12	1.21
dependent	0.13	0.77
barrel	0.13	0.68
his	0.13	0.63
controls	0.13	0.63
marines	0.13	0.43
programs	0.13	0.53
present	0.13	1.04
baby	0.13	1.05
classified	0.13	0.98
fundamental	0.13	1.28
threw	0.13	0.83
started	0.13	0.76
piece	0.13	0.86
loaded	0.13	0.64
shelter	0.13	0.81
bed	0.13	0.72
pocket	0.13	0.55
putting	0.13	0.83
ceo	0.13	0.42
housing	0.13	0.56
leaving	0.13	0.71
grant	0.13	0.67
spot	0.13	0.85
advice	0.13	0.82
virgin	0.14	0.49
garden	0.14	0.70
obscure	0.14	1.48
offered	0.14	0.89
wealth	0.14	0.42
following	0.14	0.74
job	0.14	0.48
max	0.14	0.58
observed	0.14	0.73
youre	0.14	1.28
covering	0.14	0.61
west	0.14	0.43
supplies	0.14	0.52
goal	0.14	0.89
services	0.14	0.64
fallen	0.14	0.60
sum	0.14	0.66
furthermore	0.14	1.75
type	0.14	0.82
volunteer	0.14	0.41
heard	0.14	0.97
officer	0.15	0.54
alaska	0.15	0.39
island	0.15	0.39
district	0.15	0.53
reach	0.15	0.71
sales	0.15	0.39
businesses	0.15	0.42
generation	0.15	0.87
providing	0.15	0.71
acknowledge	0.15	1.89
tax	0.15	0.45
restaurants	0.15	0.67
spend	0.15	0.49
documented	0.15	0.83
realistic	0.15	1.21
took	0.15	0.78
battery	0.15	0.62
progressive	0.15	0.51
rescue	0.15	0.77
georgia	0.15	0.39
families	0.15	0.42
canada	0.15	0.40
needs	0.15	1.55
council	0.15	0.42
monkeys	0.16	0.65
towns	0.16	0.41
southern	0.16	0.44
period	0.16	0.62
lately	0.16	0.76
companies	0.16	0.44
suggests	0.16	1.80
storm	0.16	0.69
unknown	0.16	0.78
neighborhood	0.16	0.39
agreed	0.16	1.66
elaborate	0.16	1.60
management	0.16	0.51
noticed	0.16	1.24
bucks	0.16	0.51
answer	0.16	1.65
shut	0.16	0.96
revenue	0.16	0.43
addressed	0.16	1.38
pays	0.16	0.45
income	0.16	0.44
call	0.16	1.13
marine	0.16	0.44
village	0.16	0.39
hang	0.16	0.90
steel	0.17	0.60
ghost	0.17	0.68
free	0.17	0.73
education	0.17	0.64
grasp	0.17	1.30
vision	0.17	0.69
savings	0.17	0.50
invested	0.17	0.45
abandoned	0.17	0.50
expecting	0.17	1.56
secondary	0.17	0.80
intended	0.17	1.75
experiment	0.17	0.94
turned	0.17	0.96
sensitive	0.17	1.41
here	0.17	1.50
generations	0.17	0.49
importantly	0.18	0.75
22	0.18	0.55
chick	0.18	1.04
fee	0.18	0.53
10	0.18	0.60
assistance	0.18	0.65
purposes	0.18	0.91
capable	0.18	0.84
stretch	0.18	1.52
arrived	0.18	0.53
consensus	0.18	1.00
trip	0.18	0.51
swiss	0.18	0.90
applying	0.18	0.99
capacity	0.18	0.71
currently	0.18	1.06
goddamn	0.18	1.49
license	0.18	0.67
pr	0.18	0.53
7	0.18	0.58
loan	0.18	0.49
chinese	0.18	0.74
return	0.18	0.63
9	0.18	0.58
12	0.19	0.58
expenses	0.19	0.47
admitted	0.19	1.83
frequency	0.19	0.60
electrical	0.19	0.61
twin	0.19	0.50
paying	0.19	0.46
diverse	0.19	0.89
funding	0.19	0.49
buying	0.19	0.53
literally	0.19	1.73
houses	0.19	0.43
losing	0.19	0.71
pay	0.19	0.46
decades	0.19	0.64
missing	0.19	1.92
giving	0.19	0.84
wives	0.19	0.42
meant	0.19	2.38
strictly	0.19	1.23
distinct	0.19	1.04
perspective	0.19	0.98
scientific	0.19	1.09
subs	0.19	1.10
loans	0.19	0.51
train	0.19	0.57
elsewhere	0.19	1.14
transfer	0.19	0.54
11	0.20	0.57
over	0.20	0.57
biology	0.20	0.89
package	0.20	0.52
shift	0.20	0.58
drops	0.20	0.54
closed	0.20	0.59
kids	0.20	0.53
paid	0.20	0.45
sat	0.20	0.69
roots	0.20	0.76
employer	0.20	0.46
alternative	0.20	0.74
economics	0.20	0.87
market	0.20	0.40
middle	0.21	0.42
mentioning	0.21	1.35
upvotes	0.21	1.03
plus	0.21	0.51
request	0.21	0.91
healthcare	0.21	0.62
apartment	0.21	0.51
demonstrate	0.21	1.30
physics	0.21	1.00
diamond	0.21	0.61
went	0.21	0.70
lock	0.21	0.68
warming	0.21	0.62
truck	0.21	0.62
adult	0.21	0.53
owe	0.21	0.46
narrow	0.21	0.98
techniques	0.21	0.74
end	0.21	0.75
requirements	0.21	0.85
data	0.21	1.22
walks	0.21	1.63
infrastructure	0.21	0.56
older	0.21	0.46
parents	0.21	0.47
sword	0.22	0.63
jam	0.22	0.89
gorilla	0.22	0.62
england	0.22	0.44
didnt	0.22	1.64
1000	0.22	0.60
loud	0.22	1.10
sun	0.22	0.52
whose	0.22	0.63
bills	0.22	0.51
trucks	0.22	0.58
naked	0.22	0.89
24	0.22	0.57
14	0.22	0.57
staff	0.22	0.49
expand	0.22	1.07
falls	0.22	0.84
urban	0.22	0.48
statistical	0.22	1.45
takes	0.22	0.67
carrier	0.23	0.58
leadership	0.23	0.60
8	0.23	0.58
psychology	0.23	0.82
from	0.23	0.99
practical	0.23	0.98
spent	0.23	0.50
identical	0.23	0.96
manner	0.23	0.91
16	0.23	0.57
payment	0.23	0.52
deliver	0.23	0.64
criticism	0.23	0.74
concepts	0.23	1.31
17	0.23	0.57
kid	0.23	0.55
13	0.23	0.57
homes	0.23	0.40
public	0.23	0.54
sets	0.23	0.82
jobs	0.23	0.50
national	0.24	0.47
radar	0.24	0.54
obvious	0.24	1.60
funds	0.24	0.44
fund	0.24	0.48
navy	0.24	0.49
electric	0.24	0.56
phd	0.24	0.66
seconds	0.24	0.54
credibility	0.24	1.02
soldier	0.24	0.39
manual	0.24	0.64
vague	0.24	2.09
retirement	0.24	0.47
provide	0.24	1.02
fit	0.24	0.62
fathers	0.24	0.47
engineering	0.24	0.66
having	0.24	0.76
23	0.24	0.57
28	0.24	0.57
commenting	0.24	1.38
office	0.24	0.45
perfectly	0.24	0.83
ancient	0.24	0.58
earth	0.24	0.55
rural	0.25	0.37
luckily	0.25	0.95
herself	0.25	0.61
stored	0.25	0.64
found	0.25	1.06
ad	0.25	0.87
starting	0.25	0.97
patterns	0.25	0.77
location	0.25	0.75
disregard	0.25	1.11
graduate	0.25	0.66
sadly	0.25	1.75
15	0.25	0.58
coming	0.25	1.07
command	0.25	0.50
accomplish	0.25	1.24
additional	0.25	1.21
broken	0.26	1.19
systems	0.26	0.65
department	0.26	0.54
chemistry	0.26	0.89
bank	0.26	0.57
horror	0.26	1.08
thread	0.26	1.28
comes	0.26	1.00
courses	0.26	0.87
salary	0.26	0.43
bridge	0.26	0.56
helping	0.26	0.68
rent	0.26	0.45
precisely	0.26	1.13
perfect	0.26	1.76
science	0.26	0.85
bud	0.26	1.19
customer	0.26	0.47
25	0.26	0.58
18	0.26	0.57
safely	0.26	1.14
remaining	0.27	0.73
posts	0.27	1.22
hurting	0.27	0.74
apart	0.27	0.79
runs	0.27	0.93
texas	0.27	0.40
mountain	0.27	0.75
specifically	0.27	1.58
places	0.27	0.67
presidents	0.27	0.41
held	0.27	0.68
she	0.27	0.64
26	0.27	0.57
discuss	0.27	1.13
27	0.27	0.57
sake	0.27	0.91
low	0.27	0.72
taken	0.27	0.81
year	0.27	0.52
mods	0.27	1.17
hot	0.27	0.94
board	0.27	0.52
development	0.28	0.60
primary	0.28	1.00
criteria	0.28	1.11
ships	0.28	0.54
analysis	0.28	1.05
founded	0.28	0.48
objective	0.28	1.27
running	0.28	0.64
brings	0.28	1.12
patent	0.28	0.60
adopted	0.28	0.78
korean	0.28	0.92
positions	0.28	0.53
cash	0.28	0.50
turns	0.29	0.92
charging	0.29	0.53
aid	0.29	0.60
compensation	0.29	0.46
means	0.29	2.69
underground	0.29	0.58
christ	0.29	0.78
coast	0.29	0.41
crush	0.29	0.77
600	0.29	0.56
explained	0.29	1.23
survey	0.29	0.98
users	0.29	0.80
customers	0.29	0.41
roman	0.29	0.74
motherfucker	0.29	1.51
virginia	0.29	0.41
nasa	0.29	0.54
created	0.30	0.67
universal	0.30	0.79
30	0.30	0.59
500	0.30	0.61
gym	0.30	0.58
sentences	0.30	2.08
paper	0.30	0.72
simple	0.30	1.39
actual	0.30	1.02
instructions	0.30	0.80
finding	0.30	0.94
test	0.30	0.88
45	0.30	0.56
perform	0.30	0.82
reagan	0.30	0.41
fully	0.30	1.09
woman	0.30	0.54
began	0.31	0.71
centuries	0.31	0.48
subreddit	0.31	1.12
awareness	0.31	0.53
troll	0.31	1.07
19	0.31	0.55
planets	0.31	0.89
victory	0.31	0.65
21	0.31	0.55
task	0.31	1.09
figured	0.31	1.58
ohio	0.31	0.41
accurately	0.31	1.55
trains	0.31	0.57
himself	0.31	0.72
active	0.31	0.59
widely	0.31	0.80
pointing	0.31	2.30
wasting	0.31	0.85
studies	0.31	1.08
ups	0.31	0.53
prior	0.31	0.70
requiring	0.31	0.95
32	0.31	0.58
times	0.31	0.61
earn	0.31	0.45
strategy	0.32	0.65
minister	0.32	0.42
spirit	0.32	0.69
florida	0.32	0.41
current	0.32	0.56
question	0.32	1.45
400	0.32	0.63
jesus	0.32	0.77
offers	0.32	0.64
tests	0.32	0.86
british	0.32	0.54
gold	0.32	0.60
note	0.32	1.57
discover	0.32	0.96
35	0.33	0.59
educational	0.33	0.56
my	0.33	0.57
comments	0.33	1.28
scotland	0.33	0.43
kim	0.33	0.58
gained	0.33	0.57
controversial	0.33	1.51
regard	0.33	0.82
grandparents	0.33	0.48
class	0.33	0.84
sub	0.33	1.11
schools	0.33	0.62
classes	0.33	0.88
card	0.34	0.65
ruin	0.34	0.89
cards	0.34	0.61
shown	0.34	0.99
michigan	0.34	0.41
carefully	0.34	1.33
employed	0.34	0.62
dominant	0.34	0.49
trolling	0.34	1.11
insurance	0.34	0.51
300	0.34	0.64
grandfather	0.34	0.49
industry	0.34	0.46
historians	0.34	0.99
answered	0.34	1.49
settled	0.34	0.64
math	0.35	1.12
sons	0.35	0.46
operating	0.35	0.56
jersey	0.35	0.42
family	0.35	0.48
scam	0.35	0.86
mother	0.35	0.52
laser	0.35	0.60
described	0.35	1.07
credit	0.35	0.63
minute	0.35	0.60
requirement	0.35	0.95
shots	0.35	0.71
response	0.35	1.17
register	0.35	0.72
mirror	0.35	0.64
replying	0.35	2.22
ago	0.35	0.53
provided	0.35	1.08
0	0.36	0.82
un	0.36	0.50
month	0.36	0.48
previous	0.36	1.16
150	0.36	0.62
profession	0.36	0.62
replies	0.36	1.40
4th	0.36	1.45
cold	0.36	0.86
young	0.36	0.58
communicate	0.36	1.34
round	0.36	0.66
division	0.36	0.45
label	0.37	0.61
later	0.37	0.60
200	0.37	0.65
forgotten	0.37	1.02
semantics	0.37	1.98
lasted	0.37	0.54
medical	0.37	0.90
dream	0.37	0.98
attend	0.37	0.50
spy	0.37	0.57
walking	0.37	0.74
available	0.37	0.61
advanced	0.37	0.68
asleep	0.37	0.78
female	0.37	0.59
bush	0.37	0.43
old	0.38	0.50
study	0.38	1.04
career	0.38	0.83
2010	0.38	0.65
goals	0.38	0.83
studied	0.38	0.82
minutes	0.38	0.54
applied	0.38	1.08
suppose	0.38	1.79
sent	0.38	0.71
professors	0.38	0.68
live	0.38	0.44
draw	0.38	0.93
ended	0.38	0.77
nixon	0.38	0.44
initial	0.39	1.65
address	0.39	1.20
executive	0.39	0.50
years	0.39	0.55
distribution	0.39	0.54
poorly	0.39	1.56
iron	0.39	0.56
settle	0.39	0.96
bc	0.39	0.54
calls	0.39	1.36
independent	0.39	0.81
studying	0.39	0.82
professor	0.39	0.79
woods	0.39	0.58
dreams	0.39	1.25
california	0.39	0.41
meet	0.39	0.75
2nd	0.39	1.42
string	0.39	0.59
paint	0.39	0.65
student	0.39	0.65
solved	0.40	1.36
pink	0.40	0.51
teachers	0.40	0.69
canadians	0.40	0.54
town	0.40	0.46
consumer	0.40	0.42
cousins	0.40	0.46
lines	0.40	0.64
stupidity	0.40	1.74
boyfriend	0.40	0.50
motivation	0.40	0.89
emperor	0.40	0.51
lowest	0.40	0.74
default	0.41	0.98
father	0.41	0.49
afford	0.41	0.76
cats	0.41	0.96
seeing	0.41	1.17
pin	0.41	0.63
degree	0.41	0.64
mac	0.41	0.61
school	0.41	0.68
research	0.41	0.90
pulling	0.41	0.72
puts	0.41	1.26
messed	0.41	2.30
warning	0.41	0.88
boot	0.41	0.45
reaching	0.41	0.67
tech	0.41	0.56
airport	0.41	0.51
complicated	0.42	1.55
curiosity	0.42	0.83
bonus	0.42	0.45
foundation	0.42	0.48
enormous	0.42	1.02
students	0.42	0.64
mankind	0.42	0.90
pope	0.42	0.73
college	0.42	0.66
sleeping	0.42	0.76
ticket	0.42	0.42
grade	0.42	0.78
respond	0.42	1.38
holds	0.42	1.12
collect	0.42	0.46
american	0.42	0.67
kills	0.42	1.23
field	0.42	0.68
area	0.42	0.43
convenient	0.42	1.65
olds	0.42	0.51
minimum	0.43	0.70
program	0.43	0.57
100	0.43	0.66
keys	0.43	0.82
teacher	0.43	0.76
campaign	0.43	0.40
upper	0.43	0.48
effective	0.43	0.80
younger	0.43	0.51
standard	0.43	1.10
woke	0.43	0.76
votes	0.43	0.76
masters	0.43	0.63
after	0.43	0.70
heritage	0.43	0.79
marry	0.43	0.43
doctor	0.44	0.74
qualify	0.44	0.65
grandmother	0.44	0.50
guy	0.44	0.98
friends	0.44	0.53
university	0.44	0.61
count	0.44	1.46
ages	0.44	0.48
london	0.44	0.47
automatically	0.44	0.83
topics	0.44	0.98
official	0.44	0.81
understanding	0.44	1.15
screaming	0.44	1.29
copyright	0.44	0.64
verify	0.44	1.12
grandma	0.45	0.54
surely	0.45	1.66
reports	0.45	1.01
seriously	0.45	1.93
hearing	0.45	0.84
bet	0.45	1.62
heaven	0.45	0.77
polish	0.45	1.17
past	0.45	0.56
2001	0.45	0.56
cap	0.45	0.37
told	0.45	1.09
born	0.45	0.51
define	0.45	1.65
prime	0.45	0.45
senior	0.45	0.57
domain	0.45	0.65
project	0.46	0.60
eats	0.46	2.17
age	0.46	0.49
pets	0.46	0.93
came	0.46	0.90
mom	0.46	0.54
guaranteed	0.46	0.69
boat	0.46	0.58
symbol	0.46	0.45
engineer	0.46	0.66
rain	0.46	0.82
20	0.46	0.65
street	0.46	0.70
roll	0.46	0.56
responded	0.46	1.69
important	0.46	1.67
stars	0.46	0.55
hospital	0.46	0.70
details	0.46	1.09
president	0.47	0.43
everybody	0.47	2.30
switch	0.47	0.96
opening	0.47	0.61
3rd	0.47	1.42
connected	0.47	0.66
scheme	0.47	0.91
aunt	0.47	0.50
grandpa	0.47	0.52
knows	0.47	2.29
graduated	0.47	0.62
married	0.47	0.41
follows	0.47	0.91
friend	0.47	0.56
taught	0.47	0.98
remote	0.47	0.44
grew	0.47	0.44
girl	0.47	0.70
comfort	0.47	0.86
husband	0.47	0.49
accent	0.47	1.18
wife	0.47	0.49
steam	0.47	0.53
elections	0.47	0.77
tie	0.47	0.56
home	0.47	0.60
hour	0.48	0.55
repost	0.48	1.17
combination	0.48	1.16
key	0.48	0.97
wake	0.48	0.78
information	0.48	1.22
swimming	0.48	0.59
relations	0.48	0.46
posting	0.48	1.24
subjects	0.48	0.89
heat	0.48	0.74
worded	0.48	2.29
cousin	0.48	0.49
gave	0.48	0.97
boy	0.48	0.83
dad	0.48	0.55
distinction	0.48	2.10
legitimate	0.48	0.98
5th	0.49	1.19
id	0.49	0.76
youth	0.49	0.65
modern	0.49	0.47
highschool	0.49	0.77
profitable	0.49	0.72
grades	0.49	0.68
interesting	0.49	2.40
revealed	0.49	0.82
brother	0.49	0.51
county	0.49	0.44
brothers	0.49	0.48
historical	0.50	0.94
temple	0.50	0.66
storage	0.50	0.60
sheer	0.50	1.06
boss	0.50	0.84
95	0.50	0.55
ability	0.50	0.97
1	0.50	0.72
importance	0.50	1.06
design	0.50	0.61
sister	0.50	0.50
gon	0.50	1.33
universities	0.50	0.52
suit	0.50	0.54
sleep	0.50	0.81
halfway	0.50	0.77
omg	0.50	1.26
2011	0.50	0.62
river	0.50	0.51
citizen	0.50	0.53
drives	0.50	0.61
profile	0.50	0.71
consumers	0.50	0.46
ride	0.50	0.72
hours	0.50	0.54
vice	0.51	0.44
discussed	0.51	0.93
xd	0.51	1.04
rule	0.51	0.90
flood	0.51	0.75
hired	0.51	0.47
galaxy	0.51	0.88
seen	0.51	1.09
indicate	0.51	1.70
god	0.51	0.71
located	0.52	0.48
empathy	0.52	0.64
clothes	0.52	0.95
chase	0.52	0.70
teach	0.52	0.89
structure	0.52	0.54
uncle	0.52	0.48
tickets	0.52	0.41
election	0.52	0.76
report	0.53	0.89
map	0.53	0.74
limited	0.53	0.88
mechanical	0.53	0.63
teen	0.53	0.67
rely	0.53	1.31
succeed	0.53	1.01
2008	0.53	0.58
locations	0.53	0.54
blew	0.53	1.18
her	0.53	0.50
harvard	0.53	0.56
safe	0.53	0.96
noted	0.53	1.25
brief	0.53	1.13
engineers	0.53	0.54
dating	0.53	0.48
50	0.53	0.69
1st	0.54	1.25
consistent	0.54	0.79
exclusively	0.54	0.87
75	0.54	0.56
fits	0.54	1.01
achieve	0.54	0.84
accounts	0.54	0.71
checks	0.54	0.80
magic	0.54	0.70
poster	0.54	1.45
teaching	0.54	0.89
laugh	0.55	1.67
rome	0.55	0.67
recent	0.55	0.72
acceptable	0.55	2.64
apple	0.55	0.59
girlfriend	0.56	0.53
2009	0.56	0.67
temperature	0.56	0.72
silver	0.56	0.48
stone	0.56	0.52
sending	0.56	0.83
morning	0.56	0.76
city	0.56	0.48
nyc	0.56	0.50
headline	0.56	2.32
2012	0.56	0.61
mission	0.56	0.73
interpreted	0.56	1.85
display	0.56	0.69
figures	0.56	0.85
daughter	0.56	0.49
interpret	0.56	1.40
na	0.57	1.34
dress	0.57	0.88
motion	0.57	0.65
days	0.57	0.53
send	0.57	0.82
elementary	0.57	0.81
form	0.57	1.33
2005	0.57	0.69
searching	0.57	1.08
candidate	0.57	0.79
broad	0.57	1.52
hits	0.57	0.62
focused	0.58	0.79
access	0.58	0.71
debate	0.58	1.12
researchers	0.58	0.77
ensure	0.58	1.00
asked	0.58	1.11
recognized	0.58	0.86
boom	0.59	0.78
deleted	0.59	1.33
moved	0.59	0.47
wait	0.59	1.69
properly	0.59	1.47
short	0.59	0.90
former	0.59	0.41
efficiency	0.59	0.79
fuck	0.59	1.56
hence	0.59	2.20
main	0.60	0.88
pleasure	0.60	0.74
kings	0.60	0.47
next	0.60	0.65
fourth	0.60	1.35
signal	0.60	0.63
cuz	0.60	1.25
background	0.60	0.86
interpretation	0.60	1.54
heck	0.60	1.80
known	0.60	0.97
cross	0.60	0.62
lessons	0.60	0.86
tool	0.60	1.12
windows	0.61	0.60
week	0.61	0.54
production	0.61	0.80
trips	0.61	0.59
fix	0.61	2.34
funny	0.61	2.58
scary	0.61	2.35
mouse	0.61	0.99
flag	0.61	0.52
2013	0.62	0.56
tradition	0.62	0.64
swear	0.62	1.36
se	0.62	0.86
until	0.62	0.75
input	0.62	0.71
bottom	0.62	0.63
googled	0.62	1.47
upon	0.62	0.96
arent	0.62	1.07
button	0.62	0.72
uniform	0.63	0.50
confusing	0.63	2.48
lmao	0.63	1.23
moments	0.63	1.41
review	0.63	0.85
paris	0.63	0.46
finds	0.63	2.19
retired	0.63	0.42
yo	0.63	1.26
mail	0.63	0.71
universe	0.64	0.70
crew	0.64	0.58
washington	0.64	0.48
im	0.64	1.44
peak	0.64	0.59
handed	0.64	0.78
experts	0.64	0.67
lived	0.64	0.45
royal	0.64	0.46
40	0.65	0.70
posted	0.65	1.07
user	0.65	0.89
earlier	0.65	0.89
explanation	0.65	1.15
2007	0.65	0.67
achieved	0.65	0.78
appears	0.66	1.10
peace	0.66	0.68
duck	0.66	0.85
subject	0.66	1.02
bible	0.66	0.97
fights	0.66	0.54
below	0.66	0.74
shirt	0.66	0.60
says	0.67	1.26
ship	0.67	0.64
till	0.67	0.71
first	0.67	1.25
center	0.67	0.64
influenced	0.67	0.75
required	0.67	1.33
relationships	0.67	0.66
lists	0.67	1.00
60	0.67	0.71
visual	0.67	0.66
misunderstanding	0.67	2.77
referred	0.67	1.12
suck	0.67	1.04
tl	0.68	1.26
account	0.68	0.74
post	0.68	1.44
ai	0.68	1.28
canadian	0.68	0.64
insert	0.68	0.84
pro	0.69	1.00
lake	0.69	0.69
setting	0.69	0.75
keeping	0.69	0.70
detroit	0.69	0.49
flaws	0.69	2.22
beard	0.69	0.87
ultimate	0.70	1.04
normal	0.70	0.69
2006	0.70	0.66
creator	0.70	0.60
connections	0.70	0.62
york	0.70	0.48
connection	0.70	0.72
via	0.70	0.69
lincoln	0.70	0.49
message	0.70	1.11
fortune	0.70	0.37
new	0.70	0.52
wore	0.71	0.60
noise	0.71	0.87
reporting	0.71	0.94
maintain	0.71	0.69
nearby	0.71	0.49
monopoly	0.71	0.45
checked	0.71	1.08
tools	0.71	1.08
topic	0.72	1.34
defined	0.72	1.62
sufficient	0.72	1.37
hearts	0.72	0.84
learned	0.72	0.92
golden	0.72	0.55
tells	0.72	2.14
device	0.72	0.63
amazon	0.72	0.51
mentioned	0.72	1.12
answers	0.73	1.10
shared	0.73	1.06
awhile	0.73	0.94
describing	0.73	1.38
isnt	0.73	1.23
australian	0.73	0.71
rational	0.73	0.95
kennedy	0.73	0.55
ordinary	0.73	0.74
gear	0.73	0.48
toronto	0.73	0.44
hat	0.73	0.56
mine	0.74	0.80
invention	0.74	0.66
creation	0.74	0.65
titles	0.74	1.59
irish	0.74	0.89
funeral	0.74	0.67
recommended	0.74	0.81
necessary	0.74	1.48
crowd	0.75	0.78
ladies	0.75	1.06
invented	0.75	0.70
reliable	0.75	1.22
relatives	0.75	0.67
introduced	0.75	0.75
questions	0.75	1.08
ie	0.75	0.84
night	0.75	0.69
de	0.76	0.71
maintaining	0.76	0.62
inaccurate	0.76	3.06
vegas	0.76	0.45
pic	0.76	0.89
useful	0.76	1.47
sexy	0.76	1.24
2004	0.76	0.53
equipment	0.76	0.94
receive	0.76	0.69
indeed	0.76	1.37
los	0.76	0.45
stands	0.76	1.09
months	0.77	0.61
boston	0.77	0.51
secure	0.77	0.59
reward	0.77	0.47
battles	0.77	0.59
la	0.77	0.51
til	0.77	1.12
pointed	0.77	1.82
degrees	0.77	0.63
em	0.77	1.31
dat	0.78	1.22
beginning	0.78	0.65
hall	0.78	0.59
pants	0.78	0.83
learn	0.78	1.78
auto	0.78	1.30
op	0.78	2.08
teenage	0.78	0.79
italian	0.78	1.29
subtle	0.78	1.22
hilarious	0.79	2.46
basic	0.79	1.35
wan	0.79	1.32
ball	0.79	0.65
tomorrow	0.79	0.70
attention	0.79	0.57
ex	0.79	0.64
last	0.79	0.60
wording	0.79	2.73
tone	0.79	1.14
consistently	0.79	0.94
story	0.79	1.02
suits	0.79	0.68
confirmed	0.80	1.03
models	0.80	0.76
chief	0.80	0.53
hotel	0.81	0.62
da	0.81	1.26
finish	0.81	0.72
2014	0.81	0.53
scientists	0.81	0.69
ta	0.81	1.30
magical	0.81	0.75
70	0.81	0.73
document	0.82	1.00
teens	0.82	0.68
deserves	0.82	0.74
neighbors	0.82	0.66
bat	0.82	0.68
dated	0.82	0.51
elite	0.82	0.34
donate	0.82	0.69
permission	0.82	0.64
description	0.82	1.31
according	0.83	1.01
software	0.83	0.63
messages	0.83	0.82
joseph	0.83	0.63
require	0.83	1.20
shall	0.84	0.87
testament	0.84	0.90
narrative	0.84	0.84
lacking	0.84	0.95
concerned	0.84	2.20
iq	0.84	0.87
chart	0.84	0.86
marketing	0.84	0.55
weeks	0.84	0.58
ii	0.84	0.57
fashion	0.84	0.59
quick	0.84	1.12
arts	0.84	0.61
category	0.84	1.00
donations	0.85	0.62
computers	0.85	0.58
level	0.85	0.77
explaining	0.85	1.34
service	0.85	0.59
journal	0.85	0.94
publicity	0.85	0.42
academic	0.85	0.81
bear	0.85	0.78
pics	0.85	0.81
ny	0.86	0.51
devices	0.86	0.62
computer	0.86	0.64
maps	0.86	0.85
thoroughly	0.86	0.73
nurse	0.86	0.69
microsoft	0.86	0.53
bringing	0.86	0.81
donated	0.86	0.67
above	0.86	1.02
file	0.86	0.75
deserve	0.86	0.58
picture	0.86	0.86
qualified	0.86	0.61
hardware	0.86	0.56
jealous	0.87	2.19
lesson	0.87	1.44
entry	0.87	1.01
stole	0.87	0.76
competition	0.87	0.45
comcast	0.87	0.60
ya	0.87	1.30
switched	0.87	0.98
association	0.87	0.52
queen	0.87	0.42
credible	0.87	1.14
chicago	0.88	0.52
knowledge	0.88	0.97
u	0.88	1.14
pedantic	0.88	2.65
directed	0.88	1.04
speaking	0.88	1.52
cover	0.88	0.51
place	0.88	2.43
extended	0.89	0.81
nights	0.89	0.65
fuckin	0.89	1.37
source	0.89	1.16
charity	0.89	0.61
jokes	0.89	1.19
pm	0.89	0.63
share	0.90	0.93
email	0.90	0.79
wealthy	0.90	0.61
mistakes	0.90	3.10
documents	0.90	0.85
delete	0.90	1.15
snow	0.90	0.66
swedish	0.90	1.35
implies	0.90	3.13
spanish	0.90	1.38
strip	0.91	0.59
crazy	0.91	2.10
relationship	0.91	0.68
replied	0.91	2.18
campus	0.91	0.69
convincing	0.91	1.16
meeting	0.91	0.61
sources	0.91	1.14
popularity	0.92	0.59
dare	0.92	0.90
anyways	0.92	1.47
invent	0.92	0.78
communication	0.92	0.65
showed	0.92	0.92
screen	0.92	0.66
seattle	0.92	0.52
performing	0.92	0.90
android	0.92	0.65
server	0.92	0.70
french	0.93	1.36
porn	0.93	0.66
talks	0.93	1.04
confusion	0.93	2.78
recently	0.93	0.91
image	0.93	0.81
dutch	0.93	1.39
requires	0.93	1.32
century	0.94	0.88
pronounce	0.94	1.50
received	0.94	0.73
era	0.94	0.79
yay	0.94	1.14
norwegian	0.94	1.38
needed	0.94	1.25
neighbor	0.94	0.70
keyboard	0.94	0.74
speak	0.95	1.50
comment	0.95	1.83
consideration	0.95	0.75
technique	0.95	0.73
advertising	0.95	0.60
meaningful	0.95	0.89
citation	0.96	1.28
toy	0.96	0.84
impressive	0.96	2.24
scottish	0.96	0.95
mode	0.96	0.56
2003	0.96	0.75
depth	0.96	1.15
rolling	0.96	0.58
given	0.96	0.70
alert	0.96	0.76
belt	0.96	0.46
grand	0.96	0.71
release	0.96	0.60
irony	0.97	1.52
rush	0.97	0.60
showing	0.97	0.96
bow	0.97	0.67
learning	0.97	1.54
v	0.97	0.88
good	0.97	1.97
detail	0.97	1.18
coincidence	0.97	2.22
facebook	0.98	0.80
whom	0.98	0.51
flash	0.98	0.72
scores	0.98	0.81
ed	0.98	0.67
dragon	0.99	0.71
strength	0.99	0.87
phone	0.99	0.70
dunno	0.99	1.47
okay	0.99	1.62
thumbnail	0.99	1.12
accuracy	0.99	1.00
trick	0.99	1.03
visiting	0.99	0.44
describe	0.99	1.81
winter	0.99	0.84
critical	1.00	0.98
merit	1.00	0.81
covers	1.00	0.56
conversations	1.01	0.78
ok	1.01	1.64
literal	1.01	1.72
solid	1.01	0.77
san	1.01	0.50
sacrifice	1.01	0.38
double	1.01	0.64
attractive	1.01	1.01
commonly	1.02	1.77
19th	1.02	0.71
action	1.02	0.82
page	1.02	1.15
cracked	1.03	0.94
rank	1.03	0.82
tight	1.03	0.75
texts	1.03	1.07
while	1.03	0.85
noble	1.04	0.65
hmmm	1.04	1.70
match	1.04	0.57
cite	1.04	1.06
spoke	1.04	1.26
pictures	1.04	0.82
greek	1.04	1.45
definition	1.04	2.05
click	1.04	1.02
beach	1.04	0.66
club	1.04	0.58
quoted	1.04	1.22
rob	1.05	0.66
sunday	1.05	0.76
skills	1.05	0.96
near	1.05	0.69
files	1.05	0.70
hahaha	1.05	1.46
clear	1.05	2.78
station	1.05	0.69
bears	1.05	0.75
humor	1.05	1.42
please	1.05	1.47
comprehension	1.05	1.34
jordan	1.06	0.67
iphone	1.06	0.65
sarcastic	1.07	1.51
site	1.07	0.87
since	1.07	0.84
photos	1.07	0.75
memory	1.08	0.87
receiving	1.08	0.55
cat	1.08	1.88
er	1.08	0.82
son	1.08	0.55
valley	1.08	0.62
links	1.09	1.04
internet	1.09	0.65
uses	1.10	1.35
c	1.10	1.11
press	1.10	0.80
blog	1.10	1.16
stage	1.10	0.70
b	1.10	1.14
speakers	1.10	1.65
pair	1.11	0.69
iv	1.11	0.65
lottery	1.11	0.99
definitions	1.11	2.05
mainstream	1.11	0.56
cited	1.11	1.04
terms	1.11	1.88
web	1.11	0.77
mentions	1.11	1.03
papers	1.11	0.78
tho	1.11	1.31
anonymous	1.11	0.66
y	1.11	1.03
forest	1.12	0.78
meh	1.12	1.24
speaks	1.12	1.32
x	1.12	1.09
library	1.12	0.61
link	1.12	1.17
linked	1.12	1.14
confidence	1.13	0.55
sites	1.13	0.77
pirate	1.13	0.62
sorry	1.13	2.27
won	1.13	0.98
google	1.13	0.88
whilst	1.13	0.78
luck	1.13	1.16
app	1.13	0.72
f	1.13	1.02
clicked	1.13	1.27
p	1.13	1.26
articles	1.13	1.08
recall	1.14	1.06
amp	1.14	1.12
print	1.14	0.74
metal	1.14	0.60
adam	1.14	0.60
photo	1.15	0.76
search	1.15	0.87
media	1.15	0.77
tyson	1.15	0.64
magazine	1.15	0.74
frame	1.15	0.69
original	1.15	1.18
n	1.15	1.12
proud	1.16	2.30
shoes	1.16	0.70
clarify	1.16	3.05
success	1.16	0.76
refers	1.16	1.94
mystery	1.16	0.74
visited	1.17	0.56
tape	1.17	0.63
content	1.17	0.72
wins	1.17	0.93
isolated	1.18	0.77
features	1.18	0.73
conversation	1.18	0.99
newspaper	1.18	0.90
wearing	1.18	0.79
gif	1.18	0.98
win	1.18	0.97
speaker	1.18	1.58
professional	1.18	0.65
host	1.18	0.71
tale	1.19	0.85
article	1.19	1.40
originally	1.19	1.03
discussion	1.19	0.99
records	1.19	0.57
bro	1.19	1.29
decent	1.19	1.76
twist	1.20	1.14
term	1.20	2.09
earned	1.20	0.69
decade	1.20	0.91
pc	1.20	0.57
lt	1.20	1.18
sometime	1.20	0.84
languages	1.21	1.71
derived	1.21	1.62
intellectual	1.21	0.82
lack	1.21	0.89
track	1.21	0.61
stays	1.21	0.88
vacation	1.21	0.71
drawing	1.21	0.76
mate	1.21	1.26
liked	1.22	1.81
wikipedia	1.22	1.19
released	1.22	0.59
training	1.22	0.97
title	1.22	3.02
website	1.22	0.95
w	1.22	1.07
section	1.23	1.30
cameras	1.23	0.66
code	1.23	1.02
k	1.23	1.18
2000	1.23	0.86
sarcasm	1.23	1.67
march	1.23	0.79
meaning	1.23	2.15
record	1.24	0.84
ending	1.24	0.97
e	1.24	1.18
intelligence	1.24	0.85
dates	1.24	0.65
versions	1.24	0.67
translate	1.24	1.66
informed	1.25	0.94
spring	1.25	0.89
sam	1.25	0.75
yeah	1.25	1.70
missed	1.25	1.90
king	1.25	0.61
notes	1.25	0.72
bot	1.25	1.24
traditional	1.25	0.47
wiki	1.26	1.29
recognition	1.26	0.53
images	1.26	0.77
hmm	1.26	1.44
talked	1.26	0.87
check	1.27	0.88
mountains	1.27	0.81
checking	1.27	1.03
stream	1.27	0.84
olympics	1.27	0.52
wear	1.27	0.81
reply	1.27	1.66
websites	1.27	0.79
joke	1.27	1.36
score	1.27	0.80
visit	1.27	0.56
technically	1.27	2.93
wat	1.27	1.26
lifetime	1.27	0.67
clothing	1.28	0.79
appearance	1.28	0.56
refer	1.28	1.57
translated	1.28	1.49
t	1.28	1.16
l	1.28	1.21
hey	1.28	1.39
audio	1.29	0.64
st	1.29	0.55
dr	1.29	0.88
arguably	1.29	1.80
r	1.29	1.16
van	1.29	0.68
skip	1.29	0.74
read	1.29	0.98
careful	1.29	1.25
o	1.29	1.16
g	1.29	1.16
spoken	1.29	1.79
origin	1.29	1.78
recorded	1.30	0.68
stories	1.30	0.80
pages	1.30	0.83
early	1.30	0.85
cage	1.30	0.81
tough	1.30	2.26
late	1.31	0.85
gates	1.31	0.49
nightmare	1.31	2.04
digital	1.31	0.65
writes	1.31	0.87
folk	1.31	0.55
june	1.31	0.80
nah	1.31	1.32
translation	1.31	1.57
guys	1.31	1.32
prince	1.32	0.56
format	1.32	0.70
rose	1.32	0.49
acting	1.33	0.91
literature	1.33	0.70
idk	1.33	1.43
insight	1.33	1.32
baseball	1.33	0.80
text	1.33	1.12
stayed	1.33	0.79
describes	1.33	1.03
download	1.33	0.70
copies	1.33	0.63
winner	1.33	0.92
detailed	1.34	1.26
rich	1.34	0.77
latin	1.34	1.93
h	1.34	1.19
um	1.34	1.31
published	1.34	0.80
commercial	1.34	0.79
july	1.34	0.80
mid	1.34	0.86
mobile	1.34	1.08
drawn	1.34	0.80
compete	1.34	0.77
phones	1.34	0.51
20th	1.35	0.94
tracks	1.35	0.61
einstein	1.35	0.73
relevant	1.36	1.25
wisdom	1.36	0.61
copy	1.37	0.66
saturday	1.37	0.76
parks	1.37	0.79
roles	1.37	0.89
closest	1.37	2.14
lol	1.37	1.33
stations	1.37	0.74
plot	1.37	1.05
buddy	1.37	1.30
hill	1.37	0.58
contest	1.37	0.76
man	1.38	1.20
tour	1.38	0.50
sane	1.38	1.00
genuine	1.38	1.10
eh	1.38	1.34
nintendo	1.38	0.59
appropriate	1.38	2.39
deserved	1.38	0.71
error	1.38	3.04
reading	1.38	0.90
wire	1.39	0.75
hardcore	1.39	0.82
medal	1.39	0.89
language	1.39	1.98
day	1.39	0.95
alright	1.39	1.40
dammit	1.39	1.38
april	1.40	0.81
sport	1.40	0.79
athletes	1.40	0.68
rap	1.40	0.74
reasonably	1.41	0.98
referencing	1.41	1.19
context	1.41	1.81
phrase	1.41	2.22
productive	1.41	0.90
nobel	1.41	0.89
audience	1.41	0.75
skill	1.42	1.16
hockey	1.42	0.79
upvote	1.42	0.97
chapter	1.42	0.82
errors	1.42	3.03
fan	1.42	1.79
fame	1.42	0.45
apologize	1.43	2.91
paragraph	1.43	1.61
j	1.43	0.94
respected	1.43	0.71
formal	1.43	1.83
fascinating	1.44	1.87
museum	1.44	0.62
80	1.44	1.02
louis	1.44	0.69
competitive	1.44	0.73
final	1.44	0.83
cruise	1.44	0.84
emphasis	1.44	2.24
correctly	1.45	2.74
sigh	1.45	1.35
uh	1.45	1.37
prize	1.45	0.88
whats	1.45	1.33
hes	1.45	1.08
english	1.46	2.06
reads	1.46	0.88
quotes	1.46	1.06
lord	1.46	0.62
johnson	1.46	0.63
pronounced	1.47	1.47
voice	1.47	0.93
pun	1.47	1.21
90	1.48	1.01
mature	1.48	0.94
friday	1.49	1.01
technical	1.49	1.01
coverage	1.49	0.77
caring	1.49	0.89
thats	1.49	1.50
gift	1.49	0.69
nfl	1.50	1.07
nope	1.50	1.33
ha	1.50	1.51
camera	1.51	0.74
iirc	1.51	1.22
online	1.51	0.62
quoting	1.51	0.95
ms	1.52	0.61
football	1.52	1.05
ring	1.52	0.49
summer	1.52	0.83
references	1.53	0.96
golf	1.53	0.82
3d	1.53	0.75
dictionary	1.53	2.13
accurate	1.53	2.06
marks	1.54	2.18
sentence	1.54	2.86
kidding	1.54	1.45
sports	1.54	0.88
names	1.54	1.60
used	1.54	1.83
70s	1.55	0.90
drama	1.55	0.95
bay	1.55	0.76
singing	1.55	0.74
concert	1.56	0.79
soccer	1.56	0.89
league	1.56	0.87
typo	1.56	2.53
stay	1.56	0.96
dramatic	1.57	1.44
santa	1.57	0.73
sober	1.57	2.23
apologies	1.57	2.30
huh	1.57	1.39
weekend	1.57	0.87
credits	1.58	0.76
unique	1.58	1.62
worthy	1.58	0.55
duh	1.58	1.39
educated	1.58	0.96
teams	1.58	1.08
beatles	1.58	0.80
info	1.58	0.99
basketball	1.58	0.88
bill	1.59	0.75
remain	1.59	0.92
date	1.59	0.94
painting	1.59	0.81
edited	1.59	2.34
tag	1.59	1.45
ted	1.60	0.86
praise	1.60	0.43
letter	1.60	1.34
damned	1.60	2.10
usage	1.60	2.86
plays	1.61	1.04
written	1.61	0.78
celebrities	1.61	0.52
genre	1.61	0.86
yep	1.61	1.15
george	1.61	0.64
entertaining	1.61	1.30
recording	1.61	0.66
top	1.61	1.96
version	1.62	0.77
heh	1.62	1.40
collection	1.62	0.60
explains	1.62	0.94
confirm	1.62	0.92
strangers	1.62	0.92
thomas	1.62	0.68
william	1.62	0.64
forgive	1.62	2.74
luxury	1.63	0.51
feature	1.63	0.77
charles	1.63	0.64
players	1.63	0.89
toys	1.64	0.69
listening	1.64	0.76
chuck	1.64	0.76
wars	1.64	0.80
yea	1.64	1.37
sing	1.64	0.71
player	1.65	0.88
mistake	1.65	2.91
60s	1.65	0.97
honor	1.65	0.58
scientist	1.65	0.74
dance	1.65	0.64
staying	1.65	0.97
iii	1.65	0.76
cake	1.65	1.97
smith	1.66	0.67
interaction	1.66	0.71
lady	1.66	0.65
albert	1.67	0.70
spelled	1.67	1.92
listened	1.67	0.67
team	1.67	1.02
hip	1.68	0.67
listen	1.68	0.66
reader	1.68	0.66
parody	1.68	0.99
lucky	1.68	1.92
sir	1.69	0.97
dave	1.69	0.86
albums	1.69	0.64
using	1.69	1.69
album	1.70	0.65
quote	1.71	1.08
fantasy	1.71	0.79
grammar	1.71	2.96
imagination	1.71	0.84
stephen	1.72	0.67
proper	1.72	2.72
news	1.72	0.85
programming	1.72	0.77
author	1.72	0.71
haha	1.72	1.38
greatest	1.73	1.72
fyi	1.73	1.33
typing	1.73	1.94
fiction	1.73	0.75
authors	1.73	0.65
words	1.73	2.85
ah	1.74	1.30
heroes	1.74	0.59
write	1.74	0.69
steve	1.74	0.66
discovery	1.74	0.93
richard	1.75	0.66
interviews	1.75	0.75
breaking	1.75	0.97
yup	1.76	1.18
guitar	1.76	0.70
mike	1.76	0.77
ads	1.76	0.80
master	1.76	0.72
eve	1.77	0.63
paul	1.77	0.69
ftfy	1.77	1.12
jr	1.77	0.67
gaming	1.77	0.60
letters	1.77	1.41
yesterday	1.77	0.80
word	1.78	2.76
wedding	1.78	1.07
saw	1.78	0.93
wrote	1.78	0.75
wtf	1.78	1.40
theater	1.78	0.79
spelling	1.78	2.89
talent	1.78	1.07
username	1.79	1.27
michael	1.79	0.72
celebrity	1.79	0.61
classical	1.79	0.68
non-mobile	1.79	1.32
songs	1.80	0.68
corrected	1.80	2.79
james	1.80	0.70
ben	1.81	0.74
charlie	1.81	0.87
ahh	1.81	1.29
rock	1.81	0.87
dc	1.82	0.93
music	1.82	0.67
mark	1.82	0.86
aka	1.82	0.80
star	1.82	0.94
radio	1.83	0.78
games	1.83	0.65
cable	1.83	0.83
frank	1.83	0.70
peter	1.83	0.67
rings	1.83	0.72
lyrics	1.83	0.71
guide	1.84	0.74
jones	1.84	0.71
bands	1.84	0.75
80s	1.84	0.94
silent	1.84	0.84
oh	1.84	1.40
network	1.85	0.83
fixed	1.85	2.69
winning	1.85	1.89
martin	1.86	0.70
dvd	1.86	0.84
ol	1.87	0.82
john	1.87	0.69
novel	1.87	0.77
play	1.87	0.72
fox	1.87	0.89
game	1.87	0.70
robert	1.88	0.70
legend	1.88	0.71
pop	1.88	0.69
mary	1.88	0.44
jackson	1.88	0.72
song	1.89	0.71
disney	1.89	0.89
name	1.89	1.33
kevin	1.89	0.81
comedy	1.89	1.11
joe	1.89	0.75
scott	1.90	0.71
interview	1.90	0.76
spell	1.90	1.84
fictional	1.90	0.93
cgi	1.90	0.86
videos	1.90	0.83
smile	1.91	1.91
welcome	1.91	1.07
jack	1.91	0.98
playing	1.91	0.71
scene	1.92	1.02
tolkien	1.92	0.71
lucas	1.92	0.79
congratulations	1.92	0.89
oops	1.92	1.84
accomplished	1.93	1.31
popular	1.93	0.59
artists	1.93	0.67
tonight	1.93	0.98
spoiler	1.93	0.79
art	1.94	0.72
hah	1.94	1.40
studio	1.94	0.78
footage	1.95	0.84
award	1.95	1.83
book	1.95	0.76
childhood	1.95	1.67
script	1.96	0.80
use	1.97	2.36
successful	1.97	0.76
brave	1.98	0.85
potter	1.98	0.87
podcast	1.98	0.86
writing	1.98	0.68
correction	1.98	2.62
cast	1.98	0.94
films	1.99	0.98
loving	1.99	1.49
genius	1.99	1.19
harry	2.00	0.87
scenes	2.00	0.88
fans	2.00	1.31
epic	2.01	1.25
bond	2.01	0.99
david	2.02	0.76
hollywood	2.02	0.86
chris	2.02	0.83
captain	2.02	0.83
tim	2.02	0.85
legit	2.03	1.89
role	2.03	0.93
hello	2.03	0.91
jim	2.04	0.78
entertainment	2.04	0.78
director	2.05	0.83
bob	2.06	0.75
beauty	2.06	0.83
hero	2.06	0.64
worries	2.06	1.48
sucks	2.06	1.37
dude	2.07	1.40
edit	2.07	2.50
casual	2.07	0.47
cute	2.07	1.75
band	2.07	0.72
freaking	2.08	1.96
whoa	2.08	1.33
artist	2.08	0.73
books	2.08	0.79
appeared	2.08	0.92
movies	2.08	1.01
producers	2.08	0.71
neutral	2.08	1.82
forgot	2.08	1.41
hobbit	2.09	0.81
jerry	2.09	0.85
bruce	2.09	0.91
met	2.09	1.49
neat	2.10	1.89
season	2.10	1.11
trailer	2.11	1.00
finished	2.13	0.87
glorious	2.13	0.60
video	2.14	0.90
writer	2.14	0.69
filming	2.15	0.90
simpsons	2.15	1.10
tom	2.15	0.86
excellent	2.16	1.32
hi	2.16	1.10
youtube	2.16	0.89
trilogy	2.17	0.88
lee	2.17	0.72
fellow	2.18	0.57
intelligent	2.18	1.00
commercials	2.18	0.96
writers	2.18	0.69
remembered	2.18	1.45
lotr	2.20	0.84
clip	2.21	1.04
latest	2.21	0.87
johnny	2.21	0.88
channels	2.22	0.96
filmed	2.23	0.92
appreciate	2.25	0.80
mr	2.25	0.78
brought	2.25	1.50
actors	2.26	0.83
creative	2.26	0.77
robin	2.26	0.93
dear	2.26	0.73
fun	2.27	1.45
beautiful	2.27	1.37
alternate	2.27	1.31
television	2.27	0.96
trek	2.27	0.98
thanks	2.28	1.40
fancy	2.28	1.54
reminded	2.28	1.33
bbc	2.29	0.95
cheers	2.30	1.23
thrones	2.31	0.96
musical	2.31	1.20
respect	2.32	1.29
wish	2.33	2.03
named	2.33	0.76
channel	2.34	0.97
movie	2.34	1.15
must	2.35	2.06
helpful	2.36	1.46
great	2.36	1.06
clever	2.36	1.40
famous	2.37	0.69
warm	2.37	1.66
enjoyed	2.38	1.18
style	2.38	1.10
tv	2.38	0.98
seasons	2.39	1.04
film	2.40	1.11
recommend	2.41	1.00
rip	2.41	1.35
shows	2.41	1.01
show	2.43	1.02
episodes	2.43	1.04
netflix	2.44	1.02
character	2.44	1.22
cartoons	2.44	1.00
talented	2.45	1.04
watch	2.46	1.03
badass	2.46	1.61
stable	2.48	1.68
batman	2.50	1.23
incredible	2.50	1.21
birthday	2.51	1.93
called	2.51	1.06
characters	2.52	1.16
sharing	2.53	1.35
damn	2.54	1.72
confident	2.54	1.69
reference	2.55	1.23
enjoying	2.56	0.92
reminds	2.56	1.15
honest	2.56	1.53
played	2.56	1.32
holiday	2.58	2.00
episode	2.58	1.29
btw	2.58	1.68
special	2.59	1.26
doc	2.60	1.16
miss	2.61	1.26
documentary	2.61	1.07
actor	2.62	1.08
comics	2.63	1.14
cool	2.64	1.81
holy	2.65	1.70
performance	2.66	1.27
favorite	2.66	0.92
90s	2.66	1.43
park	2.66	1.38
watched	2.67	1.27
wow	2.69	1.61
comic	2.69	1.03
theme	2.70	1.08
enjoy	2.70	0.89
inspired	2.71	0.87
inspiration	2.73	0.86
wise	2.75	1.26
christmas	2.76	1.66
ama	2.76	1.43
peaceful	2.77	1.40
watching	2.81	1.20
cartoon	2.82	1.18
classic	2.82	0.95
preferred	2.84	1.13
brilliant	2.85	0.99
smart	2.89	1.20
series	2.91	1.09
stranger	2.94	1.32
comfortable	3.00	1.58
generous	3.04	1.21
quiet	3.04	1.73
polite	3.04	1.18
woah	3.11	1.35
favourite	3.18	0.58
thank	3.27	1.10
friendly	3.38	1.17
calm	3.41	1.49
wonderful	3.43	0.57
lovely	3.48	0.60
chill	3.52	1.32
