gross	-4.24	0.89
garbage	-4.07	1.11
residue	-4.01	1.54
headaches	-4.00	1.45
resin	-3.95	1.59
burnt	-3.91	1.38
res	-3.90	1.60
rid	-3.89	1.40
dirty	-3.89	1.41
stomach	-3.88	1.40
tasted	-3.87	0.99
stale	-3.85	1.38
tar	-3.82	1.72
spit	-3.81	1.49
worse	-3.79	1.39
tasting	-3.72	1.33
ruins	-3.71	1.21
suffer	-3.71	1.62
taste	-3.65	1.35
nausea	-3.60	1.57
hating	-3.59	1.45
painful	-3.57	1.34
headache	-3.56	1.58
blame	-3.55	1.26
chemicals	-3.52	1.81
mild	-3.45	1.58
dirt	-3.41	1.56
pisses	-3.40	1.15
unhealthy	-3.35	1.54
harsh	-3.24	1.65
disgusting	-3.19	1.24
tastes	-3.18	1.48
anti	-3.00	1.72
symptoms	-2.97	1.27
unlike	-2.96	1.57
replaced	-2.95	1.85
pain	-2.94	1.25
shitty	-2.90	1.51
insomnia	-2.88	1.27
granted	-2.84	1.81
opposed	-2.83	1.65
seizures	-2.81	1.24
anxiety	-2.79	1.19
mold	-2.77	2.00
fear	-2.77	1.64
chronic	-2.77	1.23
moldy	-2.75	1.93
complain	-2.73	2.00
attacks	-2.68	1.20
poor	-2.67	1.48
bullshit	-2.66	1.42
muscle	-2.65	1.20
paranoia	-2.65	1.13
texting	-2.65	2.06
severe	-2.64	1.19
disorder	-2.60	1.17
sticky	-2.58	1.95
diagnosed	-2.55	1.16
depression	-2.55	1.15
withdrawal	-2.54	1.13
truth	-2.53	1.92
panic	-2.50	1.20
fault	-2.50	1.75
smelling	-2.49	1.35
hangover	-2.48	1.20
suffering	-2.48	1.16
illness	-2.45	1.14
smelled	-2.44	1.29
burning	-2.44	1.28
wipe	-2.42	1.49
reclaim	-2.42	1.63
hint	-2.40	1.27
ptsd	-2.36	1.16
crappy	-2.36	1.58
appetite	-2.33	1.21
smells	-2.33	1.34
assholes	-2.32	1.84
finds	-2.32	2.64
condition	-2.32	1.13
clean	-2.29	1.44
angry	-2.28	2.49
depressed	-2.27	2.59
inhaling	-2.27	1.28
poop	-2.27	1.67
downvote	-2.27	2.15
clogged	-2.27	1.54
adhd	-2.26	1.10
lungs	-2.26	0.96
upset	-2.24	2.64
flavor	-2.24	1.27
swallow	-2.24	0.90
throughout	-2.23	2.07
treat	-2.23	1.13
sits	-2.23	2.32
asthma	-2.22	1.00
lame	-2.22	1.55
uncomfortable	-2.21	2.17
nervous	-2.20	2.63
dislike	-2.20	1.55
smell	-2.20	1.25
flavored	-2.20	1.10
stress	-2.19	1.14
bad	-2.19	1.55
pathetic	-2.19	1.90
flavors	-2.18	1.24
nightmare	-2.17	1.45
scrape	-2.17	1.51
screwed	-2.17	2.34
anxious	-2.16	2.60
helps	-2.16	1.03
inhaled	-2.15	1.15
carcinogens	-2.15	1.37
dicks	-2.14	2.02
trash	-2.12	1.10
tired	-2.11	2.64
treating	-2.11	1.10
disease	-2.11	1.12
odor	-2.08	1.26
coughing	-2.08	1.07
harmful	-2.07	1.25
possible	-2.06	1.98
burned	-2.06	1.06
slight	-2.05	0.93
itt	-2.05	1.88
texture	-2.04	1.30
medication	-2.03	0.90
experienced	-2.03	2.02
liver	-2.03	0.97
constant	-2.02	0.95
arguing	-2.01	2.61
particles	-2.00	1.49
mental	-1.99	1.06
refer	-1.99	1.78
issues	-1.98	1.07
pointless	-1.97	1.94
negativity	-1.97	1.96
scent	-1.97	1.22
relief	-1.97	1.09
schizophrenia	-1.96	1.04
excess	-1.96	1.41
ash	-1.96	1.57
nicotine	-1.94	1.10
ruining	-1.94	0.66
combustion	-1.93	1.32
tries	-1.93	2.79
shocked	-1.93	2.42
meds	-1.92	0.88
wants	-1.92	2.84
cleaned	-1.92	1.38
skeptical	-1.91	2.56
scary	-1.91	1.72
trigger	-1.91	1.04
throat	-1.91	0.98
thinks	-1.91	2.87
tells	-1.91	2.80
enjoys	-1.90	2.92
grace	-1.90	1.90
scenario	-1.90	1.99
believes	-1.89	2.69
build	-1.89	1.36
scared	-1.88	2.37
material	-1.88	1.47
complaining	-1.87	1.63
hunger	-1.87	1.03
calls	-1.87	2.81
wash	-1.87	1.28
conditions	-1.87	1.10
nancy	-1.86	1.95
says	-1.85	2.78
annoying	-1.84	2.11
physically	-1.84	0.98
lung	-1.84	0.97
likes	-1.83	2.89
fruity	-1.83	1.36
silly	-1.83	1.79
uses	-1.82	2.78
jerk	-1.82	1.13
knows	-1.82	2.76
soap	-1.82	1.26
bored	-1.82	2.69
fumes	-1.82	1.33
smokes	-1.82	2.86
harsher	-1.81	1.12
wonders	-1.81	0.96
except	-1.80	1.89
hurts	-1.80	1.04
annoyed	-1.80	2.24
cotton	-1.80	1.12
washed	-1.80	1.17
body	-1.79	0.96
crap	-1.78	1.62
noticeable	-1.78	1.01
rinse	-1.77	1.26
cough	-1.77	1.03
puke	-1.75	1.01
cleaning	-1.75	1.26
compounds	-1.75	1.30
developed	-1.75	1.01
bs	-1.75	0.96
downvoted	-1.74	2.65
disappointed	-1.73	2.67
suck	-1.73	2.11
eats	-1.73	2.73
evaporate	-1.72	1.33
trouble	-1.72	1.26
popcorn	-1.72	1.32
sleeping	-1.72	1.11
anger	-1.71	1.09
ugh	-1.71	1.68
paranoid	-1.71	2.27
choke	-1.71	1.14
pissed	-1.71	2.50
numb	-1.70	1.20
cigarettes	-1.70	1.17
overpriced	-1.69	0.96
ease	-1.69	1.00
remaining	-1.69	1.32
mids	-1.69	1.01
cure	-1.68	0.94
psychological	-1.68	0.99
lazy	-1.68	1.35
mouth	-1.68	1.07
cooler	-1.68	1.12
weird	-1.68	1.80
confused	-1.67	2.68
junk	-1.67	0.76
addictive	-1.67	0.97
iso	-1.66	1.28
seizure	-1.65	1.01
better	-1.65	1.15
stressed	-1.63	2.24
lemon	-1.62	1.05
minor	-1.62	1.02
collect	-1.62	1.41
leftover	-1.61	1.15
attack	-1.61	1.15
propaganda	-1.61	1.09
nonsense	-1.61	1.11
mexican	-1.61	0.95
chest	-1.61	1.07
nicer	-1.60	1.13
sees	-1.60	2.52
skin	-1.59	0.95
produced	-1.58	0.90
heart	-1.58	0.93
reefer	-1.57	1.06
problems	-1.57	1.06
rough	-1.57	1.73
awkward	-1.57	2.39
swishers	-1.57	1.04
prescribed	-1.57	0.90
sucking	-1.57	1.07
treatment	-1.57	0.96
burn	-1.57	1.09
vomit	-1.57	0.99
believing	-1.56	1.18
carbon	-1.56	1.25
usual	-1.56	1.14
experiencing	-1.55	1.01
destroy	-1.55	0.86
happier	-1.55	1.36
boner	-1.55	1.97
than	-1.54	1.17
cigars	-1.53	1.06
having	-1.53	1.01
therapy	-1.52	1.00
worried	-1.52	2.07
swisher	-1.51	0.86
lies	-1.51	1.21
easier	-1.50	1.17
asks	-1.50	2.27
harder	-1.50	1.14
lit	-1.50	1.13
toxic	-1.50	1.22
claiming	-1.50	1.47
misinformation	-1.49	1.30
madness	-1.49	0.93
disagree	-1.49	2.55
irresponsible	-1.49	1.09
rely	-1.49	1.09
due	-1.48	1.00
boring	-1.48	2.19
cigar	-1.48	1.08
absorb	-1.48	1.07
touching	-1.48	1.04
adds	-1.48	0.90
expected	-1.47	1.17
aluminum	-1.47	1.29
smarter	-1.47	0.90
buys	-1.47	2.28
convinced	-1.47	1.49
healthier	-1.46	1.15
gum	-1.46	1.12
opiates	-1.46	0.89
throws	-1.45	2.37
caused	-1.45	1.03
puts	-1.45	2.29
tongue	-1.44	1.09
obvious	-1.44	2.31
medicine	-1.44	0.91
substances	-1.44	1.02
patients	-1.43	0.96
bothered	-1.43	1.80
dizzy	-1.42	1.74
mood	-1.42	1.08
pays	-1.42	2.32
sleep	-1.42	1.17
addiction	-1.41	0.94
cleaner	-1.41	1.10
suggesting	-1.41	2.95
stronger	-1.41	1.12
stuck	-1.41	1.25
incense	-1.41	1.06
feeling	-1.40	1.50
filled	-1.40	0.90
passion	-1.39	1.69
mentally	-1.39	1.32
concerned	-1.39	1.96
tobacco	-1.38	1.12
moment	-1.38	2.16
helped	-1.38	1.04
prescription	-1.38	0.87
frustrating	-1.38	2.02
avoid	-1.38	1.17
treated	-1.37	0.95
otherwise	-1.37	3.05
cry	-1.37	2.33
dangerous	-1.37	0.96
physical	-1.37	0.95
hungry	-1.36	2.09
talks	-1.36	2.18
cancer	-1.36	0.90
reggie	-1.36	1.02
scare	-1.36	1.17
lot	-1.36	1.37
owl	-1.35	1.06
sticks	-1.34	1.25
irrelevant	-1.34	2.45
sprayed	-1.34	1.18
cheaper	-1.34	1.16
desperate	-1.34	1.67
telling	-1.33	1.81
ignore	-1.33	1.76
chew	-1.33	0.94
weed	-1.33	1.49
nothing	-1.33	2.85
hallucinations	-1.33	1.04
spray	-1.33	1.06
caffeine	-1.33	0.89
ozium	-1.32	1.03
ditch	-1.32	0.96
cigs	-1.32	0.99
mask	-1.32	1.15
cared	-1.31	1.96
sucked	-1.31	1.22
world	-1.31	2.22
messing	-1.31	1.32
absolute	-1.31	2.05
ruin	-1.31	0.91
strongly	-1.31	1.23
bigger	-1.30	1.12
medically	-1.29	0.95
personality	-1.29	1.05
moisture	-1.29	1.33
lips	-1.29	1.14
immature	-1.29	1.27
alot	-1.28	1.17
chemical	-1.28	1.11
inhale	-1.28	0.98
schwag	-1.28	1.04
causing	-1.27	1.02
soak	-1.27	1.14
rubbing	-1.27	1.16
afraid	-1.27	1.96
extreme	-1.27	1.02
ashamed	-1.26	2.14
leaving	-1.26	1.13
judging	-1.26	1.61
idiots	-1.25	1.14
quicker	-1.25	1.12
walks	-1.25	2.30
social	-1.25	0.95
addicted	-1.25	0.94
remains	-1.25	1.01
retarded	-1.25	1.84
hurting	-1.25	1.10
brush	-1.24	1.11
defend	-1.24	1.30
causes	-1.24	0.97
skunk	-1.24	1.17
useless	-1.24	1.48
saying	-1.24	3.13
stereotype	-1.24	0.85
suicide	-1.23	1.00
dangers	-1.23	1.14
rush	-1.23	0.99
associated	-1.23	0.97
cause	-1.23	1.19
justify	-1.23	1.51
stupid	-1.23	1.32
facts	-1.23	1.53
serious	-1.22	1.17
claims	-1.22	1.61
habit	-1.22	0.95
forcing	-1.22	1.33
ugly	-1.22	2.11
pulls	-1.22	1.85
isopropyl	-1.21	1.14
brain	-1.21	1.08
going	-1.21	3.08
distracted	-1.21	1.74
dies	-1.21	1.75
remove	-1.21	1.26
faster	-1.21	1.12
roaches	-1.20	1.14
prevent	-1.20	1.11
sensation	-1.20	1.10
lying	-1.20	1.49
dumb	-1.20	1.26
told	-1.20	1.41
breath	-1.20	0.95
collecting	-1.20	1.27
fresh	-1.20	1.24
risks	-1.20	1.05
properties	-1.19	1.09
develop	-1.19	0.96
system	-1.19	1.20
offended	-1.19	1.94
cherry	-1.19	1.02
cannabinoid	-1.19	1.07
smoother	-1.19	1.14
cannabinoids	-1.19	1.10
downvoting	-1.19	1.79
dependent	-1.19	1.13
reduce	-1.19	0.95
ignorant	-1.18	1.25
potheads	-1.18	1.06
educate	-1.18	1.26
suspicious	-1.18	1.47
mixed	-1.18	1.02
bothers	-1.18	1.34
understand	-1.17	3.20
alcohol	-1.17	1.09
selfish	-1.17	1.26
wasting	-1.17	1.30
evil	-1.17	1.73
placebo	-1.17	2.73
who	-1.17	2.19
supposed	-1.17	3.32
ghetto	-1.16	1.06
believe	-1.16	3.28
receptors	-1.16	1.12
nobody	-1.16	2.17
closer	-1.16	1.01
drives	-1.16	2.04
pills	-1.16	0.86
wasted	-1.16	1.12
stink	-1.16	1.04
motivation	-1.15	1.07
ass	-1.15	2.23
urge	-1.15	1.21
salt	-1.15	1.11
rub	-1.14	1.07
smelly	-1.14	1.40
afterwards	-1.14	1.03
thicker	-1.14	1.09
freak	-1.14	1.67
consequences	-1.14	1.02
potential	-1.14	1.10
socially	-1.14	1.50
release	-1.14	1.30
risk	-1.14	1.15
consuming	-1.13	1.02
grape	-1.13	1.00
douche	-1.13	1.26
whereas	-1.13	0.83
less	-1.13	1.25
fact	-1.13	3.01
unfortunate	-1.13	1.95
felt	-1.13	1.45
slower	-1.13	1.07
kief	-1.13	1.34
identify	-1.13	1.57
keif	-1.13	1.34
health	-1.13	1.06
wet	-1.12	1.50
xanax	-1.12	0.86
buzzed	-1.12	2.05
struggling	-1.11	1.33
safer	-1.11	1.07
rude	-1.11	1.42
oxygen	-1.11	0.93
aware	-1.11	1.60
media	-1.11	0.98
candle	-1.11	0.99
quality	-1.11	0.99
idiot	-1.11	1.12
nose	-1.10	1.02
candles	-1.10	0.97
makes	-1.10	1.36
ms	-1.10	1.03
contain	-1.10	1.06
benefit	-1.10	1.07
interested	-1.10	2.00
harm	-1.10	1.20
point	-1.10	2.95
longer	-1.10	1.14
asshole	-1.10	1.27
burns	-1.10	1.01
stealing	-1.10	1.16
91	-1.10	1.10
weak	-1.09	1.33
ignorance	-1.09	1.36
damage	-1.09	1.01
result	-1.09	1.09
covers	-1.09	1.12
trapped	-1.09	1.10
stops	-1.08	1.39
includes	-1.08	0.91
complete	-1.08	0.96
because	-1.08	3.25
occasional	-1.08	0.85
cells	-1.08	0.91
hurt	-1.07	1.62
cares	-1.07	2.59
fingers	-1.07	1.12
satisfied	-1.07	1.93
benefits	-1.07	0.98
shove	-1.07	0.95
campaign	-1.07	0.91
shorter	-1.07	1.14
worrying	-1.06	1.47
feel	-1.06	1.75
overnight	-1.06	1.11
saliva	-1.06	1.04
produces	-1.06	1.04
describing	-1.06	1.17
plot	-1.06	1.90
heroin	-1.06	0.90
mean	-1.06	3.21
pretend	-1.06	2.08
hippie	-1.05	0.85
although	-1.05	3.31
99	-1.05	1.19
naturally	-1.05	1.01
freaked	-1.05	1.58
sober	-1.05	1.89
moments	-1.04	2.11
sure	-1.04	3.20
trolling	-1.04	1.80
runs	-1.04	1.86
there	-1.04	3.02
disrespectful	-1.04	1.39
racist	-1.03	1.17
consistency	-1.03	1.11
developing	-1.03	0.94
described	-1.03	1.13
adderall	-1.02	0.88
gives	-1.02	1.02
shame	-1.02	2.08
ruined	-1.02	0.76
comparing	-1.02	0.88
dry	-1.02	1.30
apple	-1.02	1.05
flame	-1.02	1.02
sadly	-1.02	2.27
however	-1.01	3.21
dust	-1.01	1.28
lightweight	-1.01	1.97
assume	-1.01	3.32
potentially	-1.01	1.17
lick	-1.01	1.14
matter	-1.01	1.92
else	-1.01	1.98
opium	-1.01	0.99
leave	-1.01	1.44
absorbed	-1.01	0.84
occur	-1.00	1.16
sensitive	-1.00	1.88
substance	-1.00	1.04
argue	-1.00	2.44
wraps	-1.00	0.97
mexico	-1.00	0.92
proof	-1.00	1.40
vaped	-1.00	1.03
messed	-1.00	1.72
advantage	-1.00	1.29
minimal	-0.99	1.01
foil	-0.99	1.08
possibility	-0.99	1.21
rich	-0.99	1.00
o'reilly	-0.99	1.06
breathe	-0.99	0.90
moderate	-0.99	0.88
drunk	-0.99	1.64
lie	-0.99	2.14
asked	-0.99	1.68
being	-0.98	1.39
sink	-0.98	1.01
suggested	-0.98	1.37
harmless	-0.98	1.15
cautious	-0.98	1.75
foods	-0.98	0.90
addicts	-0.98	0.89
part	-0.98	2.61
abuse	-0.97	0.90
stigma	-0.97	0.97
sip	-0.97	1.00
talking	-0.97	1.94
permanent	-0.97	1.01
drugs	-0.97	0.91
worry	-0.96	1.92
grows	-0.96	1.07
pour	-0.96	1.06
force	-0.96	1.05
dro	-0.96	1.01
proven	-0.96	1.55
significant	-0.96	1.25
against	-0.96	1.34
acting	-0.96	1.36
cured	-0.96	1.19
continues	-0.96	1.23
nowadays	-0.96	1.02
strong	-0.96	1.20
exhale	-0.96	0.93
everyone	-0.95	1.97
addict	-0.95	0.93
confident	-0.95	1.93
comes	-0.95	1.58
screen	-0.95	1.24
effects	-0.95	0.97
breathing	-0.95	0.93
destroyed	-0.95	0.79
beneficial	-0.95	0.97
aggressive	-0.94	1.41
bull	-0.94	1.09
emotions	-0.94	1.22
insult	-0.94	1.50
pull	-0.94	0.87
contribute	-0.94	1.40
immediate	-0.94	0.99
shoulder	-0.94	0.85
cringe	-0.94	1.89
hippy	-0.94	0.79
visual	-0.94	1.02
psychoactive	-0.93	0.99
surprised	-0.93	2.04
patient	-0.93	0.90
bother	-0.93	2.18
leads	-0.93	0.99
dare	-0.92	0.98
dumbass	-0.92	1.23
signs	-0.92	0.87
ingredients	-0.92	1.05
cannabis	-0.92	1.23
honest	-0.92	2.94
convince	-0.92	1.89
doctors	-0.91	0.88
downer	-0.91	1.40
believed	-0.91	1.10
overwhelming	-0.91	1.08
situations	-0.91	1.45
reactions	-0.91	0.94
subtle	-0.91	1.18
munchies	-0.91	0.94
danger	-0.91	1.17
doctor	-0.91	0.91
has	-0.90	1.79
eating	-0.90	0.80
compare	-0.90	1.48
motivated	-0.90	1.67
owns	-0.90	2.66
alcoholic	-0.90	1.10
obviously	-0.90	3.23
claim	-0.90	2.13
expensive	-0.90	1.17
besides	-0.90	1.66
gateway	-0.89	1.37
spice	-0.89	1.00
creates	-0.89	0.97
brick	-0.89	1.19
tooth	-0.89	1.00
calling	-0.89	1.29
dryer	-0.89	0.95
dish	-0.89	1.04
vapor	-0.89	1.18
blood	-0.88	0.91
dealt	-0.88	1.42
doses	-0.88	0.90
pile	-0.88	1.25
single	-0.88	2.69
he/she	-0.88	1.78
cocaine	-0.88	0.91
supporting	-0.88	1.35
prove	-0.88	2.04
pressure	-0.88	0.88
easiest	-0.88	2.61
solution	-0.88	1.18
meth	-0.88	0.89
troll	-0.88	1.53
materials	-0.87	1.12
impossible	-0.87	1.41
spinning	-0.87	1.17
significantly	-0.87	1.08
bath	-0.87	0.99
air	-0.87	0.91
cops	-0.87	1.12
bodies	-0.87	1.03
chances	-0.87	1.17
cover	-0.87	0.93
forgetting	-0.87	1.65
stick	-0.86	0.98
gently	-0.86	1.01
off	-0.86	1.24
pothead	-0.86	1.02
spill	-0.86	1.23
higher	-0.86	1.20
lied	-0.86	1.16
caught	-0.86	1.39
dump	-0.86	1.04
neck	-0.86	0.87
spreading	-0.86	1.15
without	-0.86	1.41
dried	-0.86	1.27
deny	-0.85	1.98
products	-0.85	0.98
hydro	-0.85	0.97
conscious	-0.85	1.41
typical	-0.85	0.92
pulling	-0.85	0.92
mint	-0.85	0.95
crumble	-0.85	1.06
feelings	-0.85	1.07
curing	-0.85	1.29
comparable	-0.85	1.01
use	-0.84	0.98
thus	-0.84	1.11
capacity	-0.84	0.90
catch	-0.84	1.44
moron	-0.84	1.20
drying	-0.84	1.31
leading	-0.84	0.95
turns	-0.84	1.20
stoners	-0.84	0.96
attempt	-0.84	1.30
teeth	-0.84	1.02
define	-0.83	1.16
booze	-0.83	0.90
quitting	-0.83	0.89
reasons	-0.83	1.52
vanilla	-0.83	0.91
limited	-0.83	0.84
rarely	-0.83	1.20
seeds	-0.83	1.03
organic	-0.83	1.06
food	-0.82	0.90
grain	-0.82	1.00
sheets	-0.82	0.91
kills	-0.82	0.85
fucks	-0.82	1.07
exposed	-0.82	1.02
drops	-0.82	0.90
hands	-0.82	1.17
wasteful	-0.82	1.28
strip	-0.81	1.07
diet	-0.81	0.88
arguments	-0.81	1.99
heated	-0.81	1.02
ability	-0.81	1.11
holds	-0.81	1.07
solve	-0.81	1.20
hype	-0.81	0.88
dealing	-0.81	0.98
shock	-0.81	1.10
consistently	-0.81	0.98
advocate	-0.81	1.16
relate	-0.80	2.03
shake	-0.80	1.11
instead	-0.80	1.30
uncommon	-0.80	1.42
needs	-0.80	1.86
melt	-0.80	1.02
consumed	-0.80	0.85
help	-0.80	1.25
logic	-0.80	2.24
activated	-0.80	0.88
synthetic	-0.80	1.01
mentality	-0.80	0.91
ingest	-0.80	0.90
thc	-0.79	1.03
highest	-0.79	2.63
intoxicated	-0.79	1.27
active	-0.79	0.98
kill	-0.79	1.16
impaired	-0.79	1.20
batteries	-0.79	0.82
cell	-0.79	0.87
habits	-0.79	0.91
vaporizing	-0.79	1.03
driving	-0.79	1.05
tell	-0.79	2.14
sploof	-0.79	0.89
cheap	-0.79	0.94
much	-0.79	1.36
pushing	-0.79	1.60
pops	-0.78	0.98
coughed	-0.78	0.93
waste	-0.78	1.77
saving	-0.78	1.33
fire	-0.78	1.00
intense	-0.78	1.18
emotional	-0.78	1.03
blind	-0.78	0.89
evidence	-0.78	1.91
conversations	-0.78	1.28
finer	-0.77	1.20
moist	-0.77	1.53
belief	-0.77	1.82
blunt	-0.77	0.92
dip	-0.77	1.00
suspect	-0.77	1.52
somebody	-0.77	1.79
powerful	-0.77	0.96
admit	-0.76	2.17
acts	-0.76	1.01
cases	-0.76	1.25
melting	-0.76	0.99
butane	-0.76	1.02
consume	-0.76	0.98
offensive	-0.76	1.64
screw	-0.76	1.04
behavior	-0.76	1.05
claimed	-0.76	1.12
sharp	-0.76	1.03
opens	-0.75	1.34
argument	-0.75	2.06
hitler	-0.75	2.52
soluble	-0.75	0.97
exciting	-0.75	1.99
fired	-0.75	1.36
correlation	-0.75	1.78
attitude	-0.75	1.12
doesnt	-0.75	1.93
cigarette	-0.75	0.90
wick	-0.75	0.97
saves	-0.74	0.98
legs	-0.74	0.91
describe	-0.74	1.42
liked	-0.74	1.96
edge	-0.74	0.96
false	-0.74	1.60
expert	-0.74	1.63
mango	-0.74	0.97
hold	-0.74	0.88
lead	-0.74	1.16
performance	-0.74	0.93
helping	-0.74	1.12
dub	-0.73	0.89
medicinal	-0.73	0.98
influence	-0.73	1.11
knowing	-0.73	1.83
temporary	-0.73	0.98
matches	-0.73	0.93
waking	-0.73	1.20
decades	-0.73	1.03
smoker	-0.73	0.99
sleepy	-0.73	1.62
likely	-0.73	1.89
biggest	-0.73	2.70
unnecessary	-0.73	1.45
coke	-0.73	0.90
passes	-0.73	1.34
issue	-0.73	1.31
completely	-0.72	2.79
arms	-0.72	0.96
goes	-0.72	1.70
tap	-0.72	1.01
lightly	-0.72	0.98
solvent	-0.72	1.04
exact	-0.72	2.50
impact	-0.72	0.98
approve	-0.72	1.32
intake	-0.72	0.84
95	-0.72	1.23
poison	-0.72	1.03
politicians	-0.72	0.99
combust	-0.72	1.02
dick	-0.72	1.38
greater	-0.71	1.00
care	-0.71	2.40
prohibition	-0.71	1.32
strange	-0.71	1.92
spark	-0.71	0.95
instance	-0.71	1.59
pressed	-0.71	1.08
randomly	-0.71	1.27
doc	-0.71	0.83
everybody	-0.71	2.51
total	-0.71	0.99
instant	-0.71	0.91
rob	-0.71	1.00
thing	-0.71	2.45
tolerance	-0.71	0.88
increased	-0.71	0.96
shown	-0.70	1.03
bho	-0.70	1.05
childish	-0.70	1.19
blunts	-0.70	0.87
probable	-0.70	1.29
difference	-0.70	1.65
smoke	-0.70	1.46
economy	-0.70	0.91
sudden	-0.70	1.12
vaporize	-0.70	0.99
strict	-0.69	1.03
handle	-0.69	1.95
asking	-0.69	2.03
which	-0.69	1.69
informed	-0.69	1.13
smokers	-0.69	0.84
throwing	-0.69	1.11
tray	-0.69	1.02
hash	-0.69	1.03
suspicion	-0.69	1.24
through	-0.69	0.93
function	-0.69	1.03
trimming	-0.68	1.24
recommended	-0.68	0.63
improved	-0.68	0.87
skills	-0.68	0.92
trying	-0.68	2.18
put	-0.68	0.85
bit	-0.68	1.36
excited	-0.68	2.70
regularly	-0.68	1.06
affected	-0.68	0.89
removing	-0.68	1.18
possibly	-0.68	1.88
said	-0.68	1.66
talk	-0.67	1.77
laced	-0.67	0.96
toss	-0.67	0.98
cbd	-0.67	0.99
wax	-0.67	1.05
od	-0.67	0.95
ever	-0.67	2.69
bunch	-0.67	1.10
negatively	-0.67	0.86
oil	-0.67	1.00
punch	-0.67	0.94
headed	-0.67	1.46
overall	-0.67	0.97
press	-0.67	1.05
smaller	-0.67	1.20
allowing	-0.67	1.15
lighting	-0.67	0.92
purposes	-0.67	1.03
does	-0.66	2.13
ridiculous	-0.66	1.76
worlds	-0.66	2.58
commenting	-0.66	1.70
frequent	-0.66	0.89
lonely	-0.66	2.71
healthy	-0.66	0.82
development	-0.66	0.95
overdose	-0.66	1.00
co2	-0.66	1.00
potency	-0.66	0.86
thru	-0.66	0.92
direct	-0.66	1.00
equivalent	-0.66	0.89
increases	-0.66	0.95
affects	-0.66	0.98
differences	-0.66	1.08
choosing	-0.66	1.26
call	-0.66	1.24
producing	-0.65	0.94
stressful	-0.65	1.59
willing	-0.65	1.94
impression	-0.65	1.28
importantly	-0.65	0.98
react	-0.65	1.28
desire	-0.65	1.01
contains	-0.65	1.35
forced	-0.65	1.63
cop	-0.65	1.12
life	-0.65	0.95
fox	-0.65	1.00
effect	-0.65	1.08
debate	-0.65	1.61
inform	-0.64	1.34
tends	-0.64	1.08
metabolism	-0.64	0.88
save	-0.64	1.17
legality	-0.64	1.43
valid	-0.64	2.06
cig	-0.64	0.95
touch	-0.64	1.51
price	-0.64	0.86
happening	-0.64	1.95
difficult	-0.64	1.49
taught	-0.64	1.16
soil	-0.63	0.94
finely	-0.63	1.22
high	-0.63	1.78
actively	-0.63	1.16
notice	-0.63	2.13
pcp	-0.63	0.94
anybody	-0.63	1.81
pleasant	-0.63	1.08
realistic	-0.63	1.36
value	-0.63	1.33
blow	-0.63	0.84
therefore	-0.63	1.89
evenly	-0.63	0.99
logical	-0.63	1.80
production	-0.63	0.87
expect	-0.63	2.39
knew	-0.63	1.38
met	-0.63	1.39
increase	-0.62	1.02
tear	-0.62	1.16
wanted	-0.62	1.79
senses	-0.62	0.96
operate	-0.62	1.15
eat	-0.62	0.73
drivers	-0.62	1.09
superior	-0.62	0.94
concerns	-0.62	1.23
holding	-0.62	0.87
conclusion	-0.62	1.98
see	-0.62	2.48
maximum	-0.62	1.04
surgery	-0.62	0.92
towel	-0.62	0.89
wrap	-0.62	0.90
growth	-0.61	0.90
insurance	-0.61	1.14
talked	-0.61	1.02
concentration	-0.61	0.96
thumb	-0.61	0.95
person	-0.61	1.44
shelf	-0.61	0.84
minimum	-0.61	0.97
explain	-0.61	2.31
oregano	-0.61	0.97
shady	-0.61	0.98
act	-0.60	1.15
conserve	-0.60	1.07
invented	-0.60	0.86
affect	-0.60	1.00
pay	-0.60	0.97
head	-0.60	0.95
extract	-0.60	0.99
needing	-0.60	1.35
flat	-0.60	0.82
spliffs	-0.60	0.90
amazed	-0.60	2.06
searching	-0.60	1.16
replacement	-0.60	0.79
leg	-0.60	0.94
thrown	-0.60	1.11
split	-0.60	0.89
bound	-0.60	1.54
consent	-0.59	1.33
powder	-0.59	0.98
openly	-0.59	1.26
torch	-0.59	0.96
trust	-0.59	1.93
expecting	-0.59	1.69
produce	-0.59	0.94
getting	-0.59	1.57
ended	-0.59	1.29
eyes	-0.59	0.98
adding	-0.59	0.96
vaping	-0.59	1.04
punishment	-0.59	1.06
paid	-0.59	0.97
heating	-0.59	0.97
exist	-0.59	2.06
dabbing	-0.59	1.04
falls	-0.59	1.03
realizing	-0.59	1.40
escape	-0.59	1.08
face	-0.59	1.13
fool	-0.59	1.19
paying	-0.59	0.98
aside	-0.58	1.30
grinded	-0.58	1.08
finger	-0.58	0.99
stating	-0.58	2.33
hooked	-0.58	0.89
afford	-0.58	1.66
keeps	-0.58	0.84
conversation	-0.58	1.40
scoop	-0.58	1.03
knees	-0.58	0.92
nicest	-0.58	2.69
ad	-0.58	0.97
heats	-0.58	0.95
buying	-0.58	1.34
warrant	-0.58	1.18
relationships	-0.58	0.87
stuffed	-0.58	0.83
extracts	-0.58	0.99
schedule	-0.58	0.93
asleep	-0.58	1.13
stored	-0.58	0.87
myth	-0.58	1.17
vision	-0.58	1.04
catching	-0.58	1.00
suddenly	-0.58	1.24
gets	-0.58	1.26
little	-0.58	1.35
aid	-0.57	0.98
constantly	-0.57	2.50
making	-0.57	1.45
dabber	-0.57	1.02
costs	-0.57	0.99
zippo	-0.57	0.90
empty	-0.57	0.87
letting	-0.57	1.85
any	-0.57	1.72
officer	-0.57	1.11
brains	-0.57	0.95
anyone	-0.57	1.81
eye	-0.57	0.95
maintenance	-0.57	0.99
gb	-0.57	1.05
purged	-0.57	1.22
factors	-0.57	1.38
concentrates	-0.57	1.00
quantities	-0.57	0.85
steal	-0.57	1.35
ears	-0.57	1.00
wonder	-0.57	1.79
flip	-0.57	1.05
illegally	-0.57	1.16
left	-0.57	1.04
homeless	-0.57	0.80
casually	-0.57	1.05
rate	-0.57	0.92
handled	-0.57	1.01
systems	-0.56	1.09
lack	-0.56	1.06
1/8	-0.56	0.86
decent	-0.56	1.07
molly	-0.56	0.96
budder	-0.56	0.99
aspect	-0.56	1.09
munch	-0.56	0.82
toasted	-0.56	1.13
manage	-0.56	1.39
mdma	-0.56	0.95
educated	-0.56	1.27
herb	-0.56	1.04
asses	-0.56	1.21
strictly	-0.56	1.05
agree	-0.56	3.07
vehicle	-0.56	1.04
working	-0.56	1.84
pure	-0.56	0.91
shatter	-0.56	1.01
mixture	-0.56	0.96
element	-0.56	0.92
oils	-0.56	1.00
sets	-0.56	0.89
herbs	-0.56	1.03
imo	-0.56	1.34
teenagers	-0.56	0.98
pulled	-0.56	1.00
demand	-0.56	0.91
search	-0.56	1.19
snort	-0.56	0.88
ask	-0.56	1.82
sheet	-0.56	0.87
packs	-0.56	0.86
normal	-0.55	1.00
rolls	-0.55	0.98
capsules	-0.55	0.81
usage	-0.55	0.92
allows	-0.55	1.15
potent	-0.55	1.03
recognize	-0.55	1.86
beating	-0.55	0.95
bulk	-0.55	0.88
g	-0.55	0.87
explained	-0.55	1.39
whenever	-0.55	1.58
simply	-0.55	3.23
amounts	-0.55	1.00
quarters	-0.55	0.85
slightly	-0.55	1.39
occasionally	-0.55	1.15
bite	-0.55	0.83
bush	-0.55	0.76
bits	-0.55	1.13
ground	-0.55	1.04
laughs	-0.55	1.34
concentrated	-0.55	1.00
eighth	-0.55	0.86
exclusively	-0.55	0.96
extraction	-0.54	1.02
yelling	-0.54	1.31
eighths	-0.54	0.85
missing	-0.54	2.84
flush	-0.54	0.95
putting	-0.54	1.09
sometimes	-0.54	2.03
sprinkle	-0.54	0.95
excessive	-0.54	1.10
someone	-0.54	1.67
push	-0.54	0.93
outdoor	-0.54	0.88
bic	-0.54	0.90
doing	-0.54	2.14
drive	-0.54	1.01
larger	-0.54	1.23
cost	-0.54	1.00
blueberry	-0.54	0.92
keef	-0.54	1.17
encourage	-0.54	1.43
selling	-0.54	0.94
gave	-0.54	1.35
8th	-0.54	0.83
forget	-0.54	2.40
percentage	-0.54	1.08
checks	-0.54	1.30
surface	-0.54	0.91
improve	-0.54	0.92
rather	-0.53	1.50
mj	-0.53	1.00
zig	-0.53	0.87
reality	-0.53	1.41
bud	-0.53	1.37
i.e	-0.53	1.03
trench	-0.53	1.06
hand	-0.53	0.93
involved	-0.53	1.21
carefully	-0.53	1.20
liquid	-0.53	0.99
wondering	-0.53	2.10
levels	-0.53	0.93
easily	-0.53	1.55
limits	-0.53	1.19
lowest	-0.53	1.35
managed	-0.53	1.40
plastic	-0.53	0.97
loose	-0.52	1.05
lasting	-0.52	0.94
lately	-0.52	1.45
overly	-0.52	1.61
referred	-0.52	0.91
reaction	-0.52	1.01
add	-0.52	0.91
gather	-0.52	1.08
concentrate	-0.52	1.01
crystals	-0.52	1.58
exposure	-0.52	0.91
ads	-0.52	0.93
tea	-0.52	0.88
built	-0.52	0.85
regret	-0.52	1.81
happen	-0.52	2.37
acceptable	-0.52	1.26
pro	-0.52	0.92
twist	-0.52	0.88
fan	-0.52	0.83
flow	-0.52	0.80
gram	-0.52	0.87
sticking	-0.52	0.95
works	-0.52	1.33
automatically	-0.52	1.34
slowly	-0.52	1.05
everytime	-0.52	1.32
drinking	-0.51	0.91
consumption	-0.51	0.92
dui	-0.51	1.05
hassle	-0.51	1.26
theirs	-0.51	1.46
lighter	-0.51	0.90
motor	-0.51	1.01
drinks	-0.51	0.87
prices	-0.51	0.85
judge	-0.51	1.82
grind	-0.51	1.23
payed	-0.51	0.94
apply	-0.51	1.52
puked	-0.51	1.05
hardly	-0.51	1.60
pollen	-0.51	1.10
anything	-0.51	2.35
scientific	-0.51	1.62
theory	-0.51	1.61
mess	-0.51	1.58
reason	-0.51	2.25
seek	-0.51	1.10
boil	-0.51	0.99
factor	-0.51	1.24
banned	-0.51	1.61
vent	-0.51	0.83
expand	-0.51	0.89
families	-0.51	0.78
fluid	-0.50	0.94
filling	-0.50	0.86
discuss	-0.50	1.40
operation	-0.50	0.86
chamber	-0.50	1.05
curious	-0.50	2.00
ate	-0.50	0.80
depend	-0.50	1.28
mindset	-0.50	0.94
fat	-0.50	0.85
bust	-0.50	0.96
task	-0.50	1.32
ie	-0.50	0.97
dosage	-0.50	0.82
losing	-0.50	1.07
searched	-0.50	1.09
figure	-0.50	2.31
cardboard	-0.50	0.87
wrapped	-0.50	0.89
safety	-0.50	1.08
safely	-0.49	1.08
mixing	-0.49	0.90
stands	-0.49	1.39
dreams	-0.49	1.13
people	-0.49	1.36
perception	-0.49	0.98
layer	-0.49	0.97
arrested	-0.49	1.06
plant	-0.49	1.01
remind	-0.49	1.69
often	-0.49	1.68
mg	-0.49	0.77
knock	-0.49	1.07
white	-0.49	0.89
strawberry	-0.49	0.91
critical	-0.49	1.07
reasonable	-0.49	1.40
statement	-0.49	2.25
regular	-0.49	0.84
designed	-0.49	1.27
stated	-0.49	2.14
judgement	-0.49	1.15
toilet	-0.49	0.92
paraphernalia	-0.49	1.05
replace	-0.49	0.95
usually	-0.48	1.17
mature	-0.48	1.24
rice	-0.48	0.83
dabs	-0.48	1.02
noob	-0.48	1.27
drug	-0.48	0.99
pushed	-0.48	1.19
tend	-0.48	1.13
normally	-0.48	1.66
bill	-0.48	1.01
merely	-0.48	2.15
jays	-0.48	0.88
sack	-0.48	0.90
typically	-0.48	1.12
cheeba	-0.48	0.76
purchasing	-0.48	1.13
traditional	-0.48	0.84
murder	-0.48	0.95
heavily	-0.48	1.31
black	-0.47	1.01
risky	-0.47	1.35
reasoning	-0.47	1.84
busted	-0.47	1.06
suggest	-0.47	1.43
studies	-0.47	1.49
users	-0.47	0.90
closely	-0.47	1.22
texts	-0.47	1.40
arrest	-0.47	1.05
falling	-0.47	0.95
focused	-0.47	1.60
stopping	-0.47	0.99
he	-0.47	1.60
dose	-0.47	0.77
effectively	-0.47	1.29
controlled	-0.47	0.96
vodka	-0.47	0.88
liquor	-0.47	0.87
trap	-0.47	0.93
grinding	-0.47	1.15
fill	-0.47	0.87
determine	-0.47	1.35
realise	-0.47	1.96
unable	-0.47	1.48
sell	-0.47	0.93
heavy	-0.47	0.94
innocent	-0.47	0.66
stoned	-0.47	1.88
lifestyle	-0.47	0.93
brown	-0.47	1.13
norm	-0.46	1.15
employers	-0.46	1.13
wheel	-0.46	0.87
ecig	-0.46	0.98
harvest	-0.46	1.03
wont	-0.46	2.21
covering	-0.46	0.92
yield	-0.46	0.84
vs	-0.46	1.07
ratio	-0.46	0.93
lower	-0.46	1.09
paper	-0.46	0.90
realize	-0.46	2.49
major	-0.46	1.08
gallon	-0.46	0.86
ear	-0.46	1.00
despite	-0.46	1.77
relative	-0.46	1.18
appeal	-0.46	1.50
differently	-0.46	1.28
cartels	-0.46	0.84
intelligent	-0.46	1.25
approved	-0.46	0.95
complicated	-0.46	1.48
provides	-0.46	0.87
imagine	-0.46	2.35
beer	-0.45	0.87
salvia	-0.45	1.01
mention	-0.45	2.33
priced	-0.45	0.89
spliff	-0.45	0.88
spending	-0.45	1.01
whether	-0.45	2.20
strength	-0.45	0.84
challenge	-0.45	1.19
sweat	-0.45	0.89
arm	-0.45	0.84
unless	-0.45	2.49
volumes	-0.45	1.73
supplies	-0.45	0.80
drop	-0.45	0.96
mmj	-0.45	0.91
motion	-0.45	0.84
aspects	-0.45	0.96
entirely	-0.45	2.32
fatty	-0.44	0.82
shower	-0.44	0.85
possession	-0.44	1.04
catcher	-0.44	1.04
carb	-0.44	0.93
product	-0.44	0.94
bullet	-0.44	0.66
heat	-0.44	0.91
pinch	-0.44	0.94
topic	-0.44	1.41
hardest	-0.44	2.49
politics	-0.44	1.05
dmt	-0.44	0.99
edibles	-0.44	0.88
ton	-0.44	1.10
charged	-0.44	1.04
water	-0.44	0.90
hire	-0.44	1.29
drag	-0.44	1.00
noise	-0.44	1.11
solely	-0.43	1.20
lsd	-0.43	1.00
did	-0.43	2.27
themselves	-0.43	1.46
guarantee	-0.43	2.22
pens	-0.43	0.98
may	-0.43	2.44
flowers	-0.43	1.06
anymore	-0.43	2.35
connection	-0.43	1.20
wanting	-0.43	1.86
pen	-0.43	0.97
placed	-0.43	0.86
funding	-0.43	0.92
downvotes	-0.43	1.55
stove	-0.43	0.89
spread	-0.43	0.93
trip	-0.43	0.96
decrease	-0.43	0.93
color	-0.43	0.90
clip	-0.43	0.94
responsible	-0.43	1.09
straw	-0.43	0.92
spend	-0.42	1.03
teenager	-0.42	0.95
messages	-0.42	1.30
repeat	-0.42	0.97
beers	-0.42	0.96
recreationally	-0.42	1.00
intent	-0.42	1.03
robbed	-0.42	1.03
became	-0.42	1.49
charges	-0.42	1.05
basis	-0.42	1.27
experiment	-0.42	1.23
infused	-0.42	0.81
lighters	-0.42	0.88
lean	-0.42	0.89
money	-0.42	1.10
necessarily	-0.42	2.47
herbal	-0.42	0.92
glue	-0.42	1.11
hookah	-0.42	0.91
capable	-0.42	1.18
lawyer	-0.42	1.33
medical	-0.42	0.92
change	-0.42	1.31
bubble	-0.42	0.96
route	-0.42	1.46
sides	-0.42	1.03
terms	-0.42	1.16
window	-0.42	0.81
grip	-0.42	0.94
grinder	-0.42	1.05
ripped	-0.42	1.88
level	-0.42	1.27
marijuana	-0.41	0.96
stop	-0.41	1.47
quantity	-0.41	0.87
dropping	-0.41	1.03
negative	-0.41	0.91
guaranteed	-0.41	1.29
exception	-0.41	1.17
drink	-0.41	0.88
mix	-0.41	0.91
driver	-0.41	1.04
market	-0.41	0.85
handed	-0.41	0.99
fold	-0.41	0.90
existence	-0.41	1.18
bringing	-0.41	1.24
windows	-0.41	0.81
flower	-0.41	0.98
wine	-0.41	0.83
edges	-0.41	0.92
decide	-0.41	2.03
pill	-0.40	0.84
cant	-0.40	2.20
consistent	-0.40	0.88
discussion	-0.40	1.35
low	-0.40	1.08
standard	-0.40	0.86
tricky	-0.40	1.22
out	-0.40	1.41
accepted	-0.40	1.26
hemp	-0.40	0.88
boiling	-0.40	0.92
becoming	-0.40	1.37
temp	-0.40	0.91
quad	-0.40	0.79
additional	-0.40	1.04
edible	-0.40	0.73
knocking	-0.40	0.93
portion	-0.40	1.21
education	-0.40	0.93
shrooms	-0.40	1.01
tin	-0.40	0.91
coil	-0.40	0.96
can	-0.40	2.28
rehab	-0.40	0.92
melted	-0.40	0.89
eaten	-0.40	1.42
changes	-0.40	1.11
medicated	-0.40	1.36
average	-0.40	1.18
actions	-0.40	1.12
allowed	-0.40	1.80
ideally	-0.39	1.77
turning	-0.39	0.99
about	-0.39	1.79
ticket	-0.39	1.23
load	-0.39	0.95
bot	-0.39	1.67
joy	-0.39	1.11
using	-0.39	1.12
make	-0.39	1.94
problem	-0.39	1.73
1/8th	-0.39	0.85
subject	-0.39	1.38
efficient	-0.39	1.38
individuals	-0.39	0.97
refuse	-0.39	1.62
nowhere	-0.39	1.00
trichomes	-0.39	1.47
mushroom	-0.39	1.02
grab	-0.39	1.04
movement	-0.39	1.07
juice	-0.39	0.89
daily	-0.39	0.92
shaking	-0.39	1.09
sketchy	-0.39	1.26
death	-0.39	0.89
taxes	-0.39	0.91
allergic	-0.39	2.01
biased	-0.39	1.46
way	-0.39	1.81
hes	-0.39	1.40
mushrooms	-0.39	1.00
supply	-0.38	0.86
exercise	-0.38	0.81
become	-0.38	1.37
am	-0.38	1.86
study	-0.38	1.46
settle	-0.38	1.40
rates	-0.38	0.92
quickly	-0.38	1.27
fail	-0.38	1.11
user	-0.38	0.95
hard	-0.38	1.51
belong	-0.38	1.38
standards	-0.38	0.96
tax	-0.38	0.93
driven	-0.38	1.11
cutting	-0.38	0.94
ounce	-0.38	0.86
dankrupt	-0.38	2.61
responsibly	-0.38	1.05
category	-0.38	1.07
permission	-0.38	1.27
non	-0.38	1.03
statistics	-0.38	1.48
teach	-0.38	1.26
minded	-0.38	1.05
2g	-0.38	0.86
circumstances	-0.38	1.13
released	-0.38	0.86
opinions	-0.38	1.32
baked	-0.38	1.86
depending	-0.37	1.17
snack	-0.37	0.85
acid	-0.37	1.02
tape	-0.37	0.91
and/or	-0.37	1.27
fruits	-0.37	0.90
cereal	-0.37	0.86
clearly	-0.37	3.16
allow	-0.37	1.35
speed	-0.37	0.86
held	-0.37	0.86
political	-0.37	1.00
based	-0.37	1.64
oz	-0.37	0.87
used	-0.37	1.49
tab	-0.37	0.86
officers	-0.37	1.02
power	-0.37	0.93
drank	-0.37	0.87
adults	-0.37	1.00
advise	-0.37	1.43
instantly	-0.37	1.09
obtain	-0.37	1.06
stolen	-0.37	0.66
dab	-0.37	0.98
amount	-0.37	0.97
tone	-0.37	1.52
psychedelic	-0.37	1.05
basically	-0.37	2.12
charging	-0.37	0.91
enforce	-0.36	1.19
wo	-0.36	2.22
happiness	-0.36	1.16
bottles	-0.36	0.85
criminal	-0.36	1.00
known	-0.36	1.69
psychedelics	-0.36	0.98
poke	-0.36	0.87
colour	-0.36	0.86
trim	-0.36	1.35
implying	-0.36	1.95
crack	-0.36	0.84
click	-0.36	1.19
layers	-0.36	0.89
exists	-0.36	1.62
mug	-0.36	0.90
alternative	-0.36	1.09
genetics	-0.36	0.87
important	-0.36	1.33
traffic	-0.36	0.90
employer	-0.36	1.15
soda	-0.36	0.84
remember	-0.36	2.28
grown	-0.36	0.93
seed	-0.36	0.87
breakfast	-0.36	0.82
jokes	-0.36	1.49
throw	-0.36	1.14
cranberry	-0.36	0.91
plus	-0.36	1.30
bottle	-0.35	0.86
none	-0.35	1.79
blowing	-0.35	0.79
freeze	-0.35	0.98
charge	-0.35	1.03
1g	-0.35	0.83
into	-0.35	1.01
find	-0.35	2.01
sold	-0.35	0.89
think	-0.35	2.52
dollar	-0.35	0.93
orange	-0.35	0.90
mouthpiece	-0.35	0.93
zero	-0.35	0.91
ego	-0.35	0.96
nail	-0.35	0.95
awareness	-0.35	0.92
perform	-0.35	1.11
accident	-0.35	0.90
whatsoever	-0.35	1.64
highs	-0.35	1.02
temperatures	-0.35	0.90
weight	-0.35	0.70
felony	-0.35	1.08
meal	-0.35	0.85
growers	-0.35	0.81
ca	-0.35	2.18
protect	-0.35	1.07
say	-0.35	2.48
worth	-0.35	1.23
nor	-0.34	2.00
options	-0.34	1.39
crop	-0.34	0.93
dollars	-0.34	0.95
jobs	-0.34	1.09
research	-0.34	1.43
barely	-0.34	1.91
carrying	-0.34	0.94
whatever	-0.34	2.24
thinking	-0.34	2.08
moderation	-0.34	1.02
quit	-0.34	1.04
top	-0.34	1.01
immediately	-0.34	1.05
offered	-0.34	1.23
closed	-0.34	0.89
subjective	-0.34	1.85
kick	-0.34	1.17
beforehand	-0.34	0.93
ultimately	-0.34	1.59
provided	-0.34	1.40
gs	-0.34	0.89
tincture	-0.34	0.95
shots	-0.34	0.91
distribution	-0.34	0.95
generate	-0.34	1.67
interest	-0.34	0.90
vivid	-0.34	1.18
able	-0.34	1.94
over	-0.33	1.37
growing	-0.33	0.85
regulation	-0.33	1.00
if	-0.33	2.44
buzz	-0.33	1.12
table	-0.33	0.87
frequently	-0.33	1.05
fighting	-0.33	1.05
invest	-0.33	1.20
cons	-0.33	1.02
knife	-0.33	0.91
holes	-0.33	0.89
achieve	-0.33	1.05
more	-0.33	1.35
liking	-0.33	1.12
productive	-0.33	1.21
dont	-0.33	2.35
turn	-0.33	0.95
society	-0.33	0.96
sugar	-0.33	0.84
pricey	-0.33	1.09
plate	-0.33	0.83
passing	-0.33	0.94
changing	-0.33	1.04
preferably	-0.32	0.98
yummy	-0.32	1.24
avb	-0.32	0.89
pin	-0.32	0.90
buy	-0.32	1.01
hospital	-0.32	0.89
cents	-0.32	0.93
fully	-0.32	1.54
relaxed	-0.32	1.52
generally	-0.32	1.46
plants	-0.32	0.88
cups	-0.32	0.88
elsewhere	-0.32	1.40
why	-0.32	2.49
police	-0.32	1.02
moves	-0.32	0.97
breaking	-0.32	1.03
happens	-0.32	1.73
federally	-0.32	1.15
presence	-0.32	1.03
grow	-0.32	0.85
carpet	-0.32	1.01
rent	-0.32	0.93
sells	-0.32	0.99
90	-0.32	0.92
plain	-0.32	1.07
data	-0.32	1.56
planning	-0.32	1.44
large	-0.32	1.39
coming	-0.32	1.37
dabbed	-0.32	1.66
hole	-0.31	0.89
go	-0.31	1.93
towards	-0.31	1.02
candy	-0.31	0.69
milk	-0.31	0.85
atmos	-0.31	0.97
when	-0.31	1.76
tube	-0.31	0.87
himself	-0.31	1.36
combination	-0.31	0.90
vacuum	-0.31	0.91
ra	-0.31	0.80
grower	-0.31	0.82
even	-0.31	2.43
grinders	-0.31	0.99
profit	-0.31	0.87
legally	-0.31	1.26
legal	-0.31	1.02
somehow	-0.31	2.02
cap	-0.31	0.88
bottom	-0.31	0.96
want	-0.31	2.27
essential	-0.31	1.16
know	-0.31	2.45
cars	-0.31	0.88
ways	-0.30	1.37
cup	-0.30	0.88
fine	-0.30	2.74
snacks	-0.30	0.83
coconut	-0.30	0.89
war	-0.30	0.84
fall	-0.30	0.96
red	-0.30	0.87
regulated	-0.30	0.94
everywhere	-0.30	1.27
abv	-0.30	0.88
require	-0.30	1.15
recommend	-0.30	1.33
battery	-0.30	0.93
common	-0.30	1.36
gatorade	-0.30	0.86
longest	-0.30	2.08
lots	-0.30	1.05
others	-0.30	1.52
purely	-0.30	1.12
reaching	-0.30	1.19
reverse	-0.30	0.65
goods	-0.29	0.84
crime	-0.29	0.99
filters	-0.29	0.85
adult	-0.29	1.05
testing	-0.29	0.99
tripping	-0.29	1.03
clue	-0.29	1.90
memory	-0.29	0.90
thumbs	-0.29	0.93
vary	-0.29	1.08
apples	-0.29	0.91
experiences	-0.29	0.94
temps	-0.29	0.87
scissors	-0.29	1.00
again	-0.29	2.18
full	-0.29	0.92
arent	-0.29	1.36
try	-0.29	2.05
chips	-0.29	0.82
onto	-0.29	0.83
forms	-0.29	0.96
fuel	-0.29	1.06
apart	-0.29	0.97
effort	-0.29	1.08
budget	-0.29	0.94
nickel	-0.29	0.99
shortly	-0.29	1.02
either	-0.29	2.47
5g	-0.29	0.81
start	-0.29	1.43
whole	-0.28	1.88
seal	-0.28	0.93
license	-0.28	1.12
setting	-0.28	0.89
sound	-0.28	1.35
hot	-0.28	0.91
him	-0.28	1.57
gas	-0.28	0.85
trips	-0.28	0.98
awake	-0.28	1.42
corn	-0.28	0.77
sale	-0.28	0.95
detox	-0.28	0.91
will	-0.28	2.05
or	-0.28	2.17
tested	-0.28	0.96
investment	-0.28	1.18
casual	-0.28	0.90
hoping	-0.28	1.80
begin	-0.28	1.22
grades	-0.28	0.88
loud	-0.28	1.33
no	-0.28	2.23
legitimate	-0.28	1.44
resources	-0.28	1.06
per	-0.28	0.90
random	-0.28	1.10
down	-0.28	1.07
interesting	-0.28	2.10
tests	-0.28	0.97
joints	-0.28	0.83
essentially	-0.28	1.42
crimes	-0.28	1.02
recreational	-0.28	0.95
legalization	-0.28	1.09
concern	-0.28	1.50
regardless	-0.27	1.94
purpose	-0.27	1.55
kit	-0.27	0.86
weekly	-0.27	0.86
test	-0.27	0.94
deaths	-0.27	0.97
indoor	-0.27	0.84
illegal	-0.27	1.28
how	-0.27	2.30
laws	-0.27	1.08
already	-0.27	1.54
should	-0.27	2.25
etc	-0.27	1.09
stir	-0.27	0.92
entire	-0.27	1.57
novelty	-0.27	1.12
qp	-0.27	0.89
teens	-0.27	0.91
ready	-0.27	1.65
guessing	-0.27	2.93
globe	-0.27	0.95
miracle	-0.27	0.77
support	-0.27	1.13
regarding	-0.27	1.26
commercial	-0.27	0.81
cut	-0.27	0.87
million	-0.27	0.95
showing	-0.27	1.66
something	-0.27	2.30
truck	-0.27	0.89
opinion	-0.27	1.87
someones	-0.27	0.90
re	-0.27	2.21
inside	-0.27	0.86
massive	-0.27	1.33
followed	-0.26	0.92
energy	-0.26	0.90
accounts	-0.26	1.35
dealers	-0.26	0.92
feels	-0.26	1.41
tank	-0.26	0.93
sales	-0.26	0.91
reach	-0.26	1.29
via	-0.26	0.90
lab	-0.26	1.00
bucks	-0.26	0.93
extended	-0.26	0.79
extent	-0.26	1.67
funds	-0.26	0.95
seeing	-0.26	1.38
self-posts	-0.26	1.97
violence	-0.26	0.90
get	-0.26	2.05
opportunity	-0.26	1.43
mason	-0.26	0.91
thin	-0.26	0.86
bags	-0.26	0.89
fruit	-0.26	0.89
need	-0.26	2.21
religious	-0.26	1.10
socket	-0.26	0.92
opening	-0.26	0.89
generation	-0.26	0.97
yogurt	-0.26	0.81
depends	-0.26	1.41
micro	-0.26	0.91
3.5	-0.26	0.88
science	-0.26	1.14
where	-0.25	2.35
interests	-0.25	0.94
offense	-0.25	1.07
survive	-0.25	1.43
varies	-0.25	1.20
they	-0.25	2.36
workers	-0.25	1.09
aka	-0.25	0.72
moral	-0.25	1.25
accidentally	-0.25	0.92
stranger	-0.25	1.09
upside	-0.25	0.93
consider	-0.25	1.79
bills	-0.25	0.95
noticing	-0.25	1.47
matters	-0.25	1.74
grapes	-0.25	0.91
sources	-0.25	1.46
stand	-0.25	1.65
switch	-0.25	1.07
boxes	-0.25	0.85
companies	-0.25	0.93
quarter	-0.25	0.88
sealed	-0.25	0.89
regulations	-0.25	1.00
impressed	-0.25	1.96
fast	-0.25	1.06
done	-0.24	1.73
let	-0.24	2.10
similar	-0.24	1.25
eventually	-0.24	1.48
requires	-0.24	1.09
industry	-0.24	0.87
wire	-0.24	0.89
yellow	-0.24	0.86
titanium	-0.24	0.94
darker	-0.24	0.96
percent	-0.24	1.05
policies	-0.24	1.04
assuming	-0.24	3.16
stoner	-0.24	0.92
could	-0.24	2.23
include	-0.24	1.04
extra	-0.24	1.07
batch	-0.24	0.86
deals	-0.24	0.88
saved	-0.24	1.04
ends	-0.24	0.97
stance	-0.24	1.27
businesses	-0.24	0.92
control	-0.24	0.97
cycle	-0.24	0.81
fashion	-0.24	1.05
ensure	-0.24	0.95
largest	-0.23	1.97
hide	-0.23	1.14
threw	-0.23	0.88
effective	-0.23	1.10
proceeded	-0.23	1.11
volume	-0.23	0.86
js	-0.23	0.83
individual	-0.23	1.37
coolest	-0.23	2.50
visuals	-0.23	1.04
cannabutter	-0.23	0.89
itself	-0.23	1.57
steady	-0.23	0.83
syrup	-0.23	0.82
dispensaries	-0.23	0.89
personally	-0.23	1.84
inject	-0.23	1.19
weigh	-0.23	0.76
doubt	-0.23	2.26
access	-0.23	1.05
advertising	-0.23	1.17
crash	-0.23	0.89
probably	-0.23	2.39
60	-0.23	0.89
prepared	-0.23	1.51
crunch	-0.23	0.91
job	-0.23	1.09
funniest	-0.23	2.41
cans	-0.23	0.85
slip	-0.23	1.15
career	-0.23	0.82
continue	-0.23	1.55
light	-0.23	0.85
among	-0.23	1.20
chose	-0.23	1.16
came	-0.23	1.12
open	-0.22	0.90
grabbed	-0.22	0.90
record	-0.22	1.00
nation	-0.22	1.14
items	-0.22	0.85
grams	-0.22	0.88
broken	-0.22	0.82
comments	-0.22	1.69
customers	-0.22	1.08
dome	-0.22	0.94
enforcement	-0.22	0.97
greens	-0.22	0.97
jail	-0.22	1.14
35	-0.22	0.90
billion	-0.22	0.94
drill	-0.22	0.91
employees	-0.22	1.13
dealer	-0.22	1.07
kush	-0.22	0.87
1/4	-0.22	0.88
roll	-0.22	0.82
corporate	-0.22	0.96
side	-0.22	0.90
ive	-0.22	2.12
equal	-0.22	1.17
piss	-0.22	0.94
thankful	-0.22	2.54
imho	-0.22	1.29
mainly	-0.22	0.98
final	-0.22	1.13
teen	-0.22	0.84
tripped	-0.22	1.22
picking	-0.21	1.31
tools	-0.21	0.95
chinese	-0.21	0.93
minds	-0.21	0.92
case	-0.21	1.33
income	-0.21	0.85
filter	-0.21	0.87
minus	-0.21	1.18
mass	-0.21	0.88
familiar	-0.21	1.71
crystal	-0.21	1.05
had	-0.21	1.89
views	-0.21	1.19
dream	-0.21	0.86
context	-0.21	3.03
brands	-0.21	0.90
reports	-0.21	1.20
correctly	-0.21	3.04
bend	-0.21	0.88
charger	-0.21	0.84
wouldnt	-0.21	2.09
attachment	-0.21	0.92
provide	-0.21	1.34
successful	-0.21	1.12
odds	-0.21	1.34
parts	-0.21	1.20
lid	-0.21	0.88
third	-0.20	1.81
their	-0.20	1.00
never	-0.20	1.84
retail	-0.20	0.88
woke	-0.20	1.22
ll	-0.20	2.14
pee	-0.20	0.93
poorly	-0.20	1.39
urine	-0.20	0.93
bucket	-0.20	0.83
roach	-0.20	0.88
sarcastic	-0.20	1.72
financial	-0.20	0.94
strains	-0.20	0.92
plenty	-0.20	1.41
joint	-0.20	0.83
55	-0.20	0.90
q	-0.20	0.93
taking	-0.20	0.83
bars	-0.20	0.73
gon	-0.20	2.39
showed	-0.20	1.05
slow	-0.20	0.99
guard	-0.20	0.84
highway	-0.20	0.86
doritos	-0.20	0.85
haze	-0.20	0.88
bag	-0.20	0.93
proceed	-0.20	1.32
tightly	-0.20	0.93
process	-0.20	0.96
internet	-0.20	1.13
containers	-0.20	0.89
car	-0.20	0.88
flowering	-0.20	0.83
incorrect	-0.19	2.91
amber	-0.19	0.96
switched	-0.19	0.92
needless	-0.19	1.03
regards	-0.19	1.25
them	-0.19	1.94
scientist	-0.19	1.10
temperature	-0.19	0.93
culture	-0.19	0.78
widow	-0.19	0.87
infinite	-0.19	1.26
coffee	-0.19	0.81
only	-0.19	1.94
certainly	-0.19	2.04
dew	-0.19	0.83
sort	-0.19	1.44
toward	-0.19	1.06
changed	-0.19	1.00
desk	-0.19	0.88
diesel	-0.19	0.87
source	-0.19	1.49
hit	-0.19	0.88
vaporizers	-0.19	0.99
pack	-0.19	0.84
grade	-0.18	0.79
highness	-0.18	1.05
honestly	-0.18	2.20
connect	-0.18	1.04
connected	-0.18	0.89
then	-0.18	1.43
papers	-0.18	0.84
appear	-0.18	1.18
assumption	-0.18	2.09
silence	-0.18	1.32
indoors	-0.18	0.82
sour	-0.18	0.87
mod	-0.18	1.63
pounds	-0.18	0.93
millions	-0.18	0.93
genuine	-0.18	1.28
trimmed	-0.18	1.25
pass	-0.18	0.87
touched	-0.18	1.58
restaurant	-0.18	0.92
experience	-0.18	1.14
vape	-0.18	0.99
packing	-0.18	0.87
65	-0.18	0.90
closing	-0.18	0.91
contact	-0.17	1.02
government	-0.17	0.98
shops	-0.17	0.83
set	-0.17	0.94
confusion	-0.17	1.38
business	-0.17	0.92
speech	-0.17	0.96
covered	-0.17	1.06
applies	-0.17	1.24
attached	-0.17	0.86
would	-0.17	2.27
waiting	-0.17	1.54
young	-0.17	0.95
70	-0.17	0.91
citizens	-0.17	0.95
crossed	-0.17	0.87
loads	-0.17	1.02
court	-0.17	1.07
carry	-0.17	0.98
stage	-0.17	0.78
manner	-0.17	1.21
deeper	-0.16	0.94
lbs	-0.16	0.88
whose	-0.16	0.84
mods	-0.16	1.95
satire	-0.16	1.62
lose	-0.16	1.10
slept	-0.16	0.92
creating	-0.16	0.94
ones	-0.16	1.12
container	-0.16	0.89
public	-0.16	0.98
roughly	-0.16	0.95
rat	-0.16	1.17
underage	-0.16	1.00
guilty	-0.16	1.16
stare	-0.16	0.99
dank	-0.16	1.36
tears	-0.16	1.22
give	-0.16	1.62
comfort	-0.16	0.95
smile	-0.16	1.34
medium	-0.16	0.87
laughter	-0.16	1.19
wondered	-0.16	1.46
comparison	-0.16	1.55
die	-0.16	1.25
spoke	-0.16	1.42
yet	-0.16	1.79
gain	-0.16	0.80
responsibility	-0.16	1.08
buck	-0.16	0.84
ceramic	-0.16	0.91
opened	-0.16	0.90
stretch	-0.16	0.87
defense	-0.16	0.98
smoked	-0.16	1.76
nutrients	-0.16	0.92
poll	-0.16	1.24
buds	-0.16	1.42
learn	-0.16	1.64
stems	-0.15	1.25
thick	-0.15	1.18
required	-0.15	1.27
vapes	-0.15	0.99
some	-0.15	1.11
might	-0.15	2.32
crowd	-0.15	0.89
anywhere	-0.15	1.59
rolling	-0.15	0.84
whoever	-0.15	1.46
purge	-0.15	0.99
lock	-0.15	0.93
maybe	-0.15	2.21
cloud	-0.15	0.90
time	-0.15	1.84
rolled	-0.15	0.82
trunk	-0.15	0.92
slice	-0.15	0.87
havent	-0.15	1.82
hose	-0.15	0.87
ounces	-0.15	0.87
degree	-0.15	0.85
baggie	-0.15	0.91
failed	-0.15	0.92
oven	-0.15	0.86
kids	-0.15	0.98
form	-0.15	1.11
end	-0.15	0.88
wherever	-0.15	1.65
country	-0.15	1.03
packed	-0.15	0.88
loaded	-0.15	0.85
stopped	-0.15	1.21
garden	-0.15	0.80
been	-0.15	1.86
guy	-0.14	1.31
smoking	-0.14	1.17
handy	-0.14	1.04
highly	-0.14	1.74
included	-0.14	1.02
justice	-0.14	1.02
facing	-0.14	1.07
airtight	-0.14	0.88
blue	-0.14	0.85
news	-0.14	0.96
spent	-0.14	1.00
cooking	-0.14	0.83
breaks	-0.14	0.86
green	-0.14	0.85
events	-0.14	1.08
began	-0.14	1.11
ve	-0.14	1.99
chart	-0.14	1.10
unit	-0.14	0.92
stable	-0.14	0.96
stealth	-0.14	1.01
smart	-0.14	1.53
max	-0.14	1.05
jay	-0.13	0.83
pros	-0.13	1.12
toker	-0.13	1.12
neither	-0.13	2.14
violating	-0.13	1.64
civil	-0.13	1.09
conservative	-0.13	0.91
also	-0.13	2.38
revenue	-0.13	0.93
elements	-0.13	0.83
screens	-0.13	0.91
beliefs	-0.13	1.18
penny	-0.13	0.95
passed	-0.13	0.84
starts	-0.13	1.10
bananas	-0.13	0.80
reached	-0.13	1.24
limit	-0.13	0.93
come	-0.13	1.69
banana	-0.13	0.87
underneath	-0.13	0.84
degrees	-0.13	0.89
d	-0.13	2.23
whom	-0.13	1.08
bring	-0.13	1.43
offers	-0.13	1.07
tried	-0.12	1.84
wide	-0.12	0.86
wild	-0.12	0.70
locked	-0.12	0.84
sized	-0.12	0.89
decision	-0.12	1.31
legalizing	-0.12	0.99
cleared	-0.12	0.90
pussy	-0.12	1.31
meditation	-0.12	0.81
zip	-0.12	0.89
sizes	-0.12	1.03
company	-0.12	1.01
me	-0.12	1.49
understood	-0.12	1.40
shell	-0.12	0.90
law	-0.12	1.01
considered	-0.12	1.56
half	-0.12	0.89
commonly	-0.12	1.32
unlikely	-0.12	1.26
anytime	-0.12	1.66
crying	-0.12	1.37
yourself	-0.12	1.80
tons	-0.12	1.17
80	-0.12	0.91
pan	-0.12	0.82
focus	-0.12	1.05
things	-0.12	1.49
fuzzy	-0.12	1.18
workout	-0.11	0.76
recall	-0.11	1.20
stock	-0.11	0.83
comfortable	-0.11	1.46
salad	-0.11	0.83
our	-0.11	1.04
puff	-0.11	0.83
na	-0.11	2.24
everyday	-0.11	1.07
mistaken	-0.11	2.43
vitamin	-0.11	0.92
under	-0.11	0.90
brought	-0.11	0.97
stores	-0.11	0.89
button	-0.11	0.99
recommendation	-0.11	0.92
microwave	-0.11	0.88
burst	-0.11	1.17
approach	-0.11	1.32
visible	-0.11	1.04
method	-0.11	1.27
40	-0.11	0.92
schools	-0.11	0.89
freezer	-0.11	0.89
rec	-0.11	0.90
cooked	-0.11	0.82
run	-0.11	0.99
purple	-0.11	0.87
types	-0.11	1.10
toked	-0.11	1.59
curve	-0.11	1.05
butt	-0.10	1.21
gotten	-0.10	1.75
reward	-0.10	1.05
dea	-0.10	0.92
away	-0.10	1.11
each	-0.10	1.26
door	-0.10	0.78
methods	-0.10	1.17
pound	-0.10	0.86
ring	-0.10	0.87
50	-0.10	0.92
careful	-0.10	1.72
policy	-0.10	1.00
becomes	-0.10	1.42
solved	-0.10	1.07
parked	-0.10	0.85
cinnamon	-0.10	0.87
surrounding	-0.10	0.85
persons	-0.10	1.04
disc	-0.09	0.92
raws	-0.09	0.82
perspective	-0.09	1.10
back	-0.09	1.26
screaming	-0.09	1.13
dark	-0.09	0.82
baggies	-0.09	0.86
butter	-0.09	0.87
introduced	-0.09	0.77
ice	-0.09	0.84
rise	-0.09	1.00
bathroom	-0.09	0.78
500	-0.09	0.99
program	-0.09	0.88
dime	-0.09	0.84
results	-0.09	1.26
weighs	-0.09	0.85
og	-0.09	0.86
between	-0.09	1.14
literally	-0.09	1.59
teaching	-0.09	1.02
tourists	-0.09	0.88
vaporizer	-0.09	0.99
roller	-0.09	0.80
compared	-0.09	1.19
puffs	-0.09	0.87
quiet	-0.09	1.49
biology	-0.09	0.85
vegas	-0.09	0.76
before	-0.09	1.80
hearing	-0.09	1.08
legislation	-0.09	0.90
primary	-0.09	1.00
choices	-0.09	1.12
feds	-0.08	0.98
200	-0.08	0.90
burrito	-0.08	0.80
lawn	-0.08	1.00
key	-0.08	1.23
security	-0.08	0.86
bam	-0.08	0.93
sample	-0.08	1.02
portable	-0.08	1.01
fridge	-0.08	0.80
wave	-0.08	0.94
nails	-0.08	0.97
pots	-0.08	0.78
chance	-0.08	1.15
kicked	-0.08	0.90
always	-0.08	1.96
swear	-0.08	1.67
pick	-0.08	1.33
knocked	-0.08	0.90
decriminalization	-0.08	0.97
legalized	-0.08	1.02
balance	-0.08	0.97
choose	-0.08	1.46
federal	-0.08	0.97
slide	-0.08	0.95
prefer	-0.08	0.99
phones	-0.08	1.03
cross	-0.07	0.82
stairs	-0.07	0.82
plates	-0.07	0.89
bright	-0.07	0.88
happened	-0.07	1.67
hung	-0.07	0.80
crutch	-0.07	0.83
didnt	-0.07	2.05
solo	-0.07	0.96
consciousness	-0.07	0.98
hookup	-0.07	1.10
male	-0.07	0.88
density	-0.07	0.92
nutella	-0.07	0.86
cried	-0.07	1.24
further	-0.07	1.22
thoroughly	-0.07	0.98
practically	-0.07	1.24
awhile	-0.07	1.58
ect	-0.07	1.00
property	-0.07	1.03
100	-0.07	0.91
responding	-0.07	2.09
tub	-0.06	0.81
ban	-0.06	1.24
rights	-0.06	1.04
strain	-0.06	0.87
wreck	-0.06	0.83
probation	-0.06	1.04
providing	-0.06	1.21
treats	-0.06	0.94
retard	-0.06	1.32
offering	-0.06	1.19
120	-0.06	0.91
250	-0.06	0.92
youth	-0.06	0.84
peanut	-0.06	0.85
1/2	-0.06	0.91
countless	-0.06	1.21
badly	-0.06	1.48
adapter	-0.06	0.86
states	-0.06	0.93
teachers	-0.06	0.99
target	-0.06	0.99
direction	-0.06	1.02
settings	-0.06	0.88
recipe	-0.06	0.80
actual	-0.06	1.47
started	-0.06	1.13
straight	-0.06	0.93
feet	-0.06	0.89
cones	-0.06	0.80
greatly	-0.06	0.82
rubber	-0.06	0.84
leaves	-0.05	1.19
progress	-0.05	1.10
ripping	-0.05	0.87
small	-0.05	1.15
supreme	-0.05	0.98
giving	-0.05	1.20
serving	-0.05	0.86
stays	-0.05	0.81
bell	-0.05	0.90
drove	-0.05	0.85
confidence	-0.05	0.87
positive	-0.05	0.92
almost	-0.05	1.34
private	-0.05	0.91
nap	-0.05	0.99
id	-0.05	1.96
range	-0.05	1.03
emergency	-0.05	0.91
quick	-0.05	1.27
160	-0.05	0.91
150	-0.05	0.91
sandwiches	-0.05	0.80
interview	-0.05	0.92
champ	-0.05	1.02
owned	-0.05	1.55
stealthy	-0.05	1.04
olds	-0.05	0.95
140	-0.05	0.91
honeycomb	-0.05	0.89
180	-0.05	0.91
ran	-0.05	0.90
indicas	-0.05	1.01
storage	-0.04	0.85
homemade	-0.04	0.83
lap	-0.04	0.94
grass	-0.04	0.98
sooner	-0.04	1.45
jar	-0.04	0.86
lasts	-0.04	1.04
wins	-0.04	1.20
kept	-0.04	1.26
your	-0.04	1.06
violate	-0.04	1.67
responded	-0.04	1.84
foot	-0.04	0.84
bar	-0.04	0.72
ages	-0.04	0.98
services	-0.04	1.08
faces	-0.04	1.15
below	-0.04	1.13
manager	-0.04	1.08
hardcore	-0.04	0.79
whip	-0.04	0.94
environment	-0.04	0.94
answered	-0.03	1.78
fyi	-0.03	1.42
criminals	-0.03	0.82
prison	-0.03	1.08
points	-0.03	1.63
noticed	-0.03	1.54
cook	-0.03	0.78
age	-0.03	0.91
pb	-0.03	0.88
flash	-0.03	0.95
grocery	-0.03	0.90
countries	-0.03	0.95
sativa	-0.03	1.02
subway	-0.03	1.03
hybrid	-0.03	0.90
tiny	-0.03	1.07
all	-0.03	2.13
basic	-0.03	1.16
headshops	-0.03	0.81
lights	-0.03	0.78
dispensary	-0.03	0.85
silver	-0.03	0.83
strangers	-0.03	1.08
forth	-0.03	0.94
follow	-0.03	1.21
spare	-0.03	0.93
fed	-0.03	1.79
seem	-0.03	1.72
following	-0.03	1.03
blasted	-0.02	1.39
opposite	-0.02	1.65
groups	-0.02	0.87
employee	-0.02	1.09
properly	-0.02	1.46
ourselves	-0.02	1.39
colorado	-0.02	0.89
thousands	-0.02	1.10
generic	-0.02	0.76
dominant	-0.02	0.98
300	-0.02	0.91
mentioned	-0.02	1.43
mostly	-0.02	1.19
lettuce	-0.02	0.80
45	-0.02	0.94
bought	-0.02	1.18
hair	-0.02	0.82
store	-0.02	0.91
plug	-0.02	0.85
authority	-0.02	1.02
note	-0.02	1.88
considering	-0.02	1.58
marriage	-0.02	0.99
raw	-0.02	0.82
available	-0.02	1.09
peoples	-0.02	0.92
walmart	-0.02	0.90
m	-0.02	1.89
clear	-0.02	1.01
right	-0.01	2.78
location	-0.01	1.29
decided	-0.01	1.68
pencil	-0.01	0.83
pointed	-0.01	1.25
discreet	-0.01	1.05
1000	-0.01	0.95
75	-0.01	0.92
thankfully	-0.01	1.20
seat	-0.01	0.84
complex	-0.01	1.25
jars	-0.01	0.87
please	-0.01	1.80
warranty	-0.01	0.95
raise	-0.01	0.90
pax	-0.01	0.98
recently	-0.01	1.51
400	-0.01	0.91
starting	-0.01	1.30
taco	-0.01	0.83
physics	-0.01	0.85
what	-0.00	2.39
boss	-0.00	1.18
inner	-0.00	0.87
discount	-0.00	0.84
kitchen	-0.00	0.78
mcdonald	-0.00	0.93
tad	-0.00	1.34
takes	-0.00	1.07
length	-0.00	0.83
explaining	-0.00	1.64
deleted	-0.00	1.77
triple	-0.00	0.89
concept	-0.00	1.52
steel	-0.00	0.87
fight	-0.00	1.02
pepper	-0.00	0.75
hitting	0.00	0.81
<SPECIAL>	0.00	0.81
<URL>	0.00	0.81
craft	0.00	0.81
training	0.00	0.83
130	0.00	0.93
dropped	0.00	0.86
discrete	0.00	1.04
iron	0.00	0.81
tacos	0.00	0.81
ironic	0.00	1.46
floor	0.00	0.81
satisfying	0.01	1.26
directly	0.01	1.44
decisions	0.01	1.12
finishing	0.01	0.92
actually	0.01	2.31
general	0.01	1.02
pace	0.01	0.97
still	0.01	2.31
dutch	0.01	1.16
rig	0.01	1.03
frozen	0.01	0.89
needed	0.01	1.43
population	0.01	0.90
including	0.01	1.13
chain	0.01	1.07
sec	0.01	0.99
trick	0.01	1.04
work	0.01	1.94
gun	0.01	1.04
inches	0.01	1.12
rape	0.01	0.87
congress	0.01	0.88
sauce	0.02	0.81
middle	0.02	0.93
taken	0.02	1.57
plays	0.02	2.03
mcdonalds	0.02	0.89
were	0.02	1.96
role	0.02	0.90
female	0.02	0.87
upgrade	0.02	0.92
hundreds	0.02	1.14
previously	0.02	1.37
lives	0.02	0.76
phone	0.02	1.07
looking	0.02	2.01
homework	0.02	0.98
least	0.02	1.33
downside	0.02	1.27
box	0.02	0.86
doors	0.02	0.75
preference	0.02	1.38
ahead	0.02	1.91
genuinely	0.02	1.58
bugs	0.02	0.85
rare	0.02	1.28
chat	0.02	1.00
blend	0.02	1.11
sneak	0.03	1.10
percs	0.03	0.98
so	0.03	2.27
sandwich	0.03	0.85
drawer	0.03	0.83
room	0.03	0.77
prior	0.03	1.04
bread	0.03	0.85
chemistry	0.03	0.86
couldnt	0.03	1.58
davinci	0.03	0.99
reported	0.03	0.86
baking	0.03	0.89
situation	0.03	1.39
mflb	0.03	0.98
bowl	0.03	0.89
myself	0.03	1.48
replies	0.03	1.77
bbq	0.03	0.79
rooms	0.03	0.77
co	0.03	0.88
base	0.03	0.86
cheese	0.03	0.80
tool	0.03	0.89
ascent	0.03	0.99
patch	0.03	0.85
counter	0.03	0.84
meat	0.03	0.73
religion	0.03	1.15
devils	0.04	0.78
existed	0.04	1.49
350	0.04	0.87
popped	0.04	0.95
j	0.04	0.86
herself	0.04	1.05
we	0.04	1.95
fits	0.04	0.84
picked	0.04	0.91
odd	0.04	1.43
cock	0.04	1.21
24/7	0.04	0.88
worked	0.04	1.15
colored	0.04	0.85
hairs	0.04	1.14
parties	0.04	0.92
measure	0.04	0.94
kicking	0.04	0.93
main	0.04	1.27
once	0.04	1.57
fit	0.04	0.87
sent	0.04	1.09
by	0.04	1.26
state	0.04	0.92
self	0.04	1.62
keys	0.04	0.82
crusher	0.04	0.93
angle	0.04	0.90
new	0.04	0.95
wait	0.04	1.25
mins	0.04	1.04
tops	0.04	1.12
volcano	0.05	1.03
decade	0.05	1.27
jumped	0.05	0.85
republicans	0.05	0.95
mid	0.05	0.74
mind	0.05	1.01
america	0.05	0.92
forward	0.05	1.10
washington	0.05	0.88
buffalo	0.05	0.82
string	0.05	0.88
bug	0.05	1.02
3/4	0.05	0.88
appears	0.05	1.24
building	0.05	0.77
specifically	0.05	1.44
senate	0.05	0.89
years	0.05	1.03
thoughts	0.05	0.95
curiosity	0.05	1.12
kinds	0.05	1.20
studying	0.05	0.89
create	0.05	1.13
shoot	0.05	1.22
bed	0.05	0.95
walked	0.05	0.91
step	0.06	0.97
card	0.06	1.05
21	0.06	0.97
report	0.06	1.18
legalize	0.06	1.03
toy	0.06	0.76
examples	0.06	1.51
min	0.06	1.03
onion	0.06	0.85
huge	0.06	1.26
knowledge	0.06	1.11
launch	0.06	0.95
these	0.06	1.23
cold	0.06	0.82
polls	0.06	0.94
math	0.06	0.98
violent	0.06	0.90
electric	0.06	0.79
loop	0.06	0.81
leaf	0.06	0.98
arizer	0.07	0.99
beans	0.07	0.90
article	0.07	1.54
horse	0.07	0.95
majority	0.07	0.89
desktop	0.07	0.98
deep	0.07	1.02
big	0.07	1.19
activity	0.07	0.86
guns	0.07	1.02
toast	0.07	0.84
bears	0.07	0.86
sativas	0.07	1.04
signatures	0.07	0.90
shot	0.07	0.75
twice	0.07	1.57
respond	0.07	1.62
pizza	0.07	0.85
buddha	0.07	0.99
backpack	0.07	0.86
question	0.07	2.02
menu	0.08	0.83
stood	0.08	0.97
inch	0.08	0.92
potato	0.08	0.80
finally	0.08	1.22
pinnacle	0.08	1.00
confusing	0.08	1.89
miles	0.08	0.93
twisted	0.08	0.95
learning	0.08	1.24
connections	0.08	1.13
christian	0.08	1.11
spaghetti	0.08	0.80
bedroom	0.08	0.76
focusing	0.08	1.10
brownie	0.08	0.71
request	0.08	1.31
staring	0.08	0.95
sea	0.08	0.82
us	0.08	1.23
take	0.08	0.90
practical	0.08	1.14
delivers	0.08	0.89
second	0.08	1.63
across	0.08	0.85
supposedly	0.08	0.93
minutes	0.08	1.09
sitting	0.09	0.94
shouldnt	0.09	1.61
road	0.09	0.81
ballot	0.09	0.89
replied	0.09	1.89
equipment	0.09	0.94
object	0.09	0.83
united	0.09	0.99
downstem	0.09	0.98
minute	0.09	1.13
privacy	0.09	1.07
skip	0.09	1.11
ireland	0.09	0.86
voters	0.09	0.89
lifetime	0.09	1.06
blazed	0.09	1.74
shop	0.09	0.91
acrylic	0.09	1.00
scale	0.09	0.96
found	0.09	1.18
eight	0.09	0.98
cuts	0.09	0.73
sense	0.10	1.69
med	0.10	0.91
square	0.10	0.82
times	0.10	1.25
campus	0.10	0.81
months	0.10	1.18
lasted	0.10	1.16
president	0.10	0.86
posts	0.10	1.56
wa	0.10	0.88
maintain	0.10	0.83
killing	0.10	0.79
everything	0.10	1.48
handful	0.10	1.37
theres	0.10	1.84
priority	0.10	0.91
comment	0.10	1.81
convenience	0.10	0.93
front	0.10	0.85
priorities	0.10	0.84
hid	0.10	0.80
draw	0.10	0.86
records	0.10	0.81
purchase	0.10	0.93
definition	0.10	1.72
bone	0.10	0.77
farm	0.10	0.67
selection	0.10	0.87
hall	0.10	0.77
school	0.10	0.83
nut	0.10	0.94
seconds	0.10	1.07
younger	0.10	0.85
flight	0.10	0.92
zone	0.10	1.44
sorta	0.10	1.39
daddy	0.10	0.78
discovered	0.11	1.33
account	0.11	1.35
functional	0.11	0.92
fried	0.11	0.77
keyboard	0.11	0.97
2016	0.11	0.96
shut	0.11	1.07
t-break	0.11	1.11
timer	0.11	0.81
serve	0.11	0.95
friendship	0.11	0.80
tickets	0.11	0.89
children	0.11	0.89
classes	0.11	0.86
headshop	0.11	0.86
graduate	0.11	0.86
definitely	0.11	2.19
profile	0.12	1.19
dorms	0.12	0.78
commented	0.12	1.65
hour	0.12	1.15
vibe	0.12	0.81
plan	0.12	1.30
18	0.12	0.94
stole	0.12	0.82
whilst	0.12	1.14
thousand	0.12	1.02
department	0.12	0.93
students	0.12	0.85
up	0.12	1.34
devices	0.12	0.84
hours	0.12	1.10
simple	0.12	1.27
pocket	0.12	0.87
meaning	0.12	1.74
student	0.12	0.86
convenient	0.12	1.05
text	0.12	1.31
wikipedia	0.12	1.14
indica	0.12	1.05
honey	0.12	0.89
military	0.12	0.79
engineering	0.12	0.86
grey	0.12	0.80
days	0.12	1.15
25	0.12	0.93
added	0.13	1.24
popular	0.13	1.09
cheesy	0.13	0.88
are	0.13	1.66
cash	0.13	1.04
partake	0.13	1.58
caps	0.13	1.08
highschool	0.13	0.83
crush	0.13	0.72
twitter	0.13	1.32
ordering	0.13	0.91
brownies	0.13	0.74
miss	0.13	1.48
explains	0.13	1.28
served	0.13	0.81
appropriate	0.13	1.22
arizona	0.13	0.78
frame	0.13	0.88
hs	0.13	0.84
thread	0.13	1.75
corner	0.13	0.84
x	0.13	0.88
spelled	0.13	2.93
distance	0.13	0.83
professional	0.14	0.86
recent	0.14	1.19
rule	0.14	1.39
blanket	0.14	0.92
initial	0.14	1.30
root	0.14	0.86
model	0.14	0.86
according	0.14	1.15
another	0.14	1.61
contacts	0.14	0.82
colors	0.14	0.90
liberal	0.14	0.82
2.0	0.14	0.94
teacher	0.14	0.93
excuse	0.14	1.58
dorm	0.14	0.76
packaging	0.14	0.83
mirror	0.14	0.92
standing	0.14	0.87
double	0.14	0.82
whatnot	0.14	0.99
ago	0.14	1.14
relationship	0.14	0.93
ceiling	0.14	0.75
places	0.14	1.18
surely	0.14	1.40
smashed	0.14	0.78
rigs	0.15	1.01
position	0.15	1.01
multiple	0.15	1.15
behind	0.15	0.89
ploom	0.15	0.97
personal	0.15	1.20
nearly	0.15	1.19
uni	0.15	0.85
college	0.15	0.85
marketing	0.15	0.89
karma	0.15	1.33
weeks	0.15	1.18
owners	0.15	1.21
local	0.15	0.87
enough	0.15	2.06
later	0.15	1.07
turned	0.15	0.99
other	0.15	1.29
content	0.15	1.56
chicken	0.16	0.78
waited	0.16	1.14
steam	0.16	0.79
easy	0.16	1.24
sweden	0.16	0.89
bowls	0.16	0.85
charm	0.16	1.14
class	0.16	0.90
occasions	0.16	1.00
linked	0.16	1.27
beef	0.16	0.75
current	0.16	1.07
imagining	0.16	1.38
deal	0.16	1.78
branch	0.16	0.83
hundred	0.16	1.04
junior	0.17	0.81
shitting	0.17	1.05
slang	0.17	1.60
u.s	0.17	0.89
republican	0.17	0.90
images	0.17	1.19
europe	0.17	0.89
california	0.17	0.85
slap	0.17	0.97
type	0.17	1.15
burger	0.17	0.79
own	0.17	1.14
goal	0.17	0.99
vast	0.17	0.89
cute	0.17	1.68
gone	0.17	1.35
closet	0.17	0.78
scout	0.17	0.76
steak	0.17	0.76
unfortunately	0.17	1.77
bacon	0.18	0.77
wake	0.18	1.00
shooting	0.18	0.95
apartment	0.18	0.76
potatoes	0.18	0.76
replying	0.18	2.04
begins	0.18	0.99
roots	0.18	0.93
directions	0.18	1.07
applied	0.18	0.98
fb	0.18	1.34
grand	0.18	0.81
faded	0.18	1.80
spicy	0.18	0.87
metal	0.18	1.00
tall	0.18	0.86
really	0.18	2.12
silent	0.18	0.88
meeting	0.18	0.86
scratch	0.19	1.03
took	0.19	1.16
necessary	0.19	1.11
army	0.19	0.78
dc	0.19	0.89
section	0.19	1.29
many	0.19	1.27
screenshots	0.19	1.37
place	0.19	1.54
called	0.19	0.85
laying	0.19	0.93
maple	0.19	0.93
pop	0.19	0.81
listed	0.19	1.15
clarify	0.19	2.16
steps	0.19	0.91
juicy	0.19	1.01
prepare	0.19	0.89
articles	0.20	1.16
waterfall	0.20	0.85
fell	0.20	0.87
course	0.20	2.29
reminded	0.20	0.96
brand	0.20	0.81
2000	0.20	0.86
grilled	0.20	0.77
recognized	0.20	1.27
those	0.20	1.30
circle	0.20	0.84
various	0.20	1.17
gravity	0.20	0.85
member	0.20	1.07
snapchat	0.20	1.20
forever	0.20	1.08
brass	0.20	0.90
cream	0.20	0.79
specific	0.20	1.12
clubs	0.20	0.82
stash	0.20	0.81
proud	0.20	2.40
look	0.20	1.75
questions	0.20	1.62
sexual	0.21	1.02
within	0.21	1.12
chunk	0.21	0.86
different	0.21	1.13
stem	0.21	0.99
turkey	0.21	0.77
upvoted	0.21	1.46
bank	0.21	1.00
break	0.21	1.00
upper	0.21	0.89
hence	0.21	1.38
meet	0.21	1.27
germany	0.21	0.87
balcony	0.21	0.77
she	0.21	1.16
event	0.21	0.97
station	0.21	0.85
every	0.21	1.40
chip	0.21	0.74
20	0.21	0.99
amazon	0.21	0.86
stations	0.22	0.78
graduated	0.22	0.84
finish	0.22	1.03
scales	0.22	0.87
27	0.22	0.87
sneaky	0.22	1.10
beat	0.22	0.98
iv	0.22	1.53
score	0.22	0.92
fake	0.22	1.06
engineer	0.22	0.87
bus	0.22	0.81
status	0.22	0.99
several	0.22	1.17
senior	0.22	0.84
link	0.22	1.34
parking	0.22	0.79
chocolate	0.22	0.74
seemed	0.22	1.43
redditor	0.22	1.02
posted	0.22	1.49
match	0.22	1.15
created	0.22	1.03
semester	0.22	0.85
lamp	0.22	0.89
nuts	0.22	0.93
delete	0.22	1.52
sit	0.22	0.96
international	0.22	0.87
obama	0.22	0.95
hotbox	0.23	0.76
learned	0.23	1.20
at	0.23	1.52
instagram	0.23	1.33
couch	0.23	0.96
philly	0.23	0.83
ups	0.23	0.90
information	0.23	1.33
roor	0.23	0.91
competition	0.23	0.78
members	0.23	0.85
citizen	0.23	0.89
owner	0.23	1.23
facebook	0.23	1.41
plane	0.23	0.85
stared	0.23	1.02
package	0.23	0.92
asap	0.23	1.42
freshman	0.24	0.80
labs	0.24	0.81
funny	0.24	2.05
month	0.24	1.14
rules	0.24	1.55
post	0.24	1.47
atm	0.24	1.50
pineapple	0.24	0.80
older	0.24	0.85
sharpstone	0.24	0.94
removed	0.24	1.76
sand	0.24	0.84
tent	0.24	0.76
africa	0.24	0.92
shopping	0.24	0.88
joe	0.24	0.83
routine	0.24	0.78
patterns	0.24	1.00
china	0.24	0.79
hotel	0.25	0.80
soft	0.25	0.93
airport	0.25	0.81
field	0.25	0.83
damned	0.25	1.04
addition	0.25	0.82
ops	0.25	1.10
trial	0.25	1.36
line	0.25	1.55
jump	0.25	0.88
zombie	0.25	0.95
speak	0.25	1.82
human	0.25	1.03
30	0.25	1.00
garage	0.25	0.75
sarcasm	0.25	2.03
holder	0.25	0.87
surprisingly	0.25	1.25
image	0.25	1.34
cali	0.25	0.84
past	0.25	1.11
list	0.26	1.02
polite	0.26	1.16
deck	0.26	0.76
submit	0.26	1.30
macros	0.26	1.50
far	0.26	2.09
respectful	0.26	1.09
amendment	0.26	0.85
endless	0.26	0.86
tech	0.26	0.87
since	0.26	1.37
network	0.26	0.78
device	0.26	0.95
made	0.26	1.02
blocks	0.26	0.77
legitimately	0.26	1.36
numerous	0.26	1.24
alaska	0.26	0.91
waves	0.26	0.84
period	0.27	1.03
ritual	0.27	0.79
posting	0.27	1.50
halfway	0.27	0.85
tubes	0.27	0.90
free	0.27	0.99
reposting	0.27	1.48
roof	0.27	0.76
weighed	0.27	0.87
off-topic	0.27	1.57
warm	0.27	0.88
staff	0.27	0.86
universe	0.27	0.96
upon	0.27	1.14
gifs	0.27	1.46
doobie	0.27	0.86
heard	0.27	2.16
jack	0.27	0.76
snap	0.27	0.91
responses	0.27	1.68
delivery	0.27	0.90
cruz	0.27	0.86
perc	0.27	0.87
promise	0.27	1.80
lunch	0.27	0.90
fort	0.27	0.73
humanity	0.27	0.83
jet	0.28	1.00
shift	0.28	0.97
fly	0.28	0.89
mini	0.28	0.85
combined	0.28	0.85
must	0.28	2.15
vet	0.28	0.95
pics	0.28	1.34
roads	0.28	0.76
socal	0.28	0.90
natural	0.28	0.81
detail	0.28	1.10
ours	0.28	0.89
pictures	0.28	1.23
stuff	0.28	1.35
unrelated	0.29	2.01
dozen	0.29	1.06
variety	0.29	1.01
cookie	0.29	0.72
thumbnail	0.29	1.11
crushed	0.29	0.81
fields	0.29	0.69
bond	0.29	0.84
phrase	0.29	1.65
send	0.29	1.11
laid	0.29	1.08
devil	0.29	0.88
enhance	0.29	0.72
page	0.29	1.27
oregon	0.29	0.84
phase	0.29	0.88
continued	0.30	1.02
meant	0.30	2.82
americans	0.30	0.95
grav	0.30	0.81
mad	0.30	1.77
relevant	0.30	1.47
an	0.30	0.97
seen	0.30	2.25
techniques	0.30	0.95
identical	0.30	1.13
shipping	0.30	0.90
smallest	0.30	2.23
land	0.30	0.73
technique	0.31	1.00
net	0.31	0.89
links	0.31	1.27
read	0.31	1.52
resort	0.31	0.84
5-10	0.31	1.07
rocket	0.31	0.79
nsfw	0.31	1.48
hawaii	0.31	0.84
porch	0.31	0.80
hits	0.31	0.90
ultimate	0.31	0.75
threads	0.31	1.39
rest	0.31	1.13
pointing	0.31	2.49
office	0.31	0.82
row	0.31	1.05
looked	0.31	1.06
netherlands	0.31	1.01
voting	0.31	0.89
count	0.31	1.34
lay	0.32	0.93
chair	0.32	0.90
pleasure	0.32	0.87
suited	0.32	1.50
hookups	0.32	1.44
agent	0.32	0.84
powers	0.32	0.79
photo	0.32	1.06
fries	0.32	0.77
wasnt	0.32	1.66
after	0.32	1.27
15-20	0.32	1.03
kid	0.32	0.81
surprise	0.32	1.11
travel	0.32	0.85
church	0.32	1.04
train	0.32	0.74
pot	0.32	0.88
heading	0.32	1.16
tourist	0.32	0.77
old	0.32	0.87
week	0.32	1.08
item	0.32	0.86
gunna	0.33	2.02
long	0.33	1.02
sounded	0.33	1.47
bongs	0.33	0.88
saw	0.33	1.29
fans	0.33	0.74
photos	0.33	1.10
went	0.33	0.95
orders	0.33	0.83
fry	0.33	0.77
email	0.33	1.06
freezing	0.33	0.90
fuckers	0.33	1.12
imgur	0.33	1.30
jumping	0.33	0.83
pride	0.33	0.83
cookies	0.33	0.72
calm	0.33	1.09
delicious	0.34	1.51
dankest	0.34	2.11
broke	0.34	0.79
now	0.34	1.98
16	0.34	0.91
entertaining	0.34	1.27
block	0.34	0.77
memes	0.34	1.47
apparently	0.34	1.75
clock	0.34	0.85
cards	0.34	0.90
gay	0.34	1.00
dough	0.34	0.78
first	0.34	2.27
monkey	0.34	0.91
seth	0.35	0.86
repost	0.35	1.51
related	0.35	1.36
sometime	0.35	1.52
bump	0.35	1.03
picture	0.35	1.26
milky	0.35	1.05
r/trees	0.35	1.49
coin	0.35	0.95
stone	0.35	0.80
r/see	0.35	1.48
somewhat	0.35	1.50
map	0.35	0.87
referring	0.35	2.46
denmark	0.35	0.87
lesson	0.35	1.21
pic	0.35	1.27
delivered	0.36	0.85
lines	0.36	1.05
remain	0.36	1.03
canada	0.36	1.00
customer	0.36	0.91
rips	0.36	0.87
insane	0.36	1.40
folks	0.36	1.13
ants	0.36	0.79
history	0.36	0.84
clouds	0.36	0.74
enjoyable	0.36	1.15
pie	0.36	0.83
cheapest	0.36	2.36
mmmm	0.36	1.17
numbers	0.36	1.22
pottoblame	0.37	0.98
present	0.37	0.97
ish	0.37	1.06
camera	0.37	0.94
ship	0.37	0.84
england	0.37	0.99
17	0.37	0.86
nuggets	0.37	1.02
sat	0.37	0.89
answering	0.38	1.68
day	0.38	1.30
option	0.38	2.06
diamond	0.38	0.87
traveling	0.38	0.87
mode	0.38	0.80
shaped	0.38	0.78
move	0.38	1.34
19	0.38	0.85
az	0.38	0.88
freedom	0.38	0.97
remembered	0.38	1.37
cracking	0.38	1.15
morning	0.38	0.98
fourth	0.38	1.12
hear	0.38	1.39
dragon	0.38	0.79
isnt	0.38	1.73
around	0.39	0.90
uk	0.39	0.98
philosophy	0.39	0.72
upload	0.39	1.20
hobby	0.39	0.75
finding	0.39	1.12
walk	0.39	0.81
george	0.39	0.72
clicked	0.39	1.42
close	0.39	1.57
election	0.39	0.81
space	0.39	0.78
norway	0.39	0.86
purchased	0.39	0.94
as	0.40	1.85
offer	0.40	1.17
remote	0.40	0.75
sake	0.40	1.07
soup	0.40	0.93
occurs	0.40	1.08
imagined	0.40	1.06
ama	0.40	1.16
closest	0.40	2.21
shed	0.40	0.79
googled	0.40	1.17
imagination	0.41	0.78
fix	0.41	1.83
tricks	0.41	0.99
misleading	0.41	1.92
boulder	0.41	0.80
died	0.41	0.70
22	0.41	0.88
shipped	0.41	0.84
understandable	0.42	1.79
faq	0.42	1.43
28	0.42	0.90
google	0.42	1.09
10-15	0.42	1.05
neighbors	0.42	0.76
streets	0.42	0.77
vote	0.42	0.88
houses	0.42	0.76
fence	0.42	0.73
hammer	0.42	0.82
currently	0.42	1.28
alien	0.42	0.72
one	0.42	2.12
street	0.42	0.73
babies	0.42	0.98
got	0.42	1.22
equally	0.42	1.52
fairly	0.42	1.48
technology	0.43	0.81
depressing	0.43	1.73
captain	0.43	0.94
denver	0.43	0.79
atleast	0.43	1.13
goodness	0.43	1.46
soon	0.43	1.47
cracked	0.43	0.84
youre	0.43	1.77
reliable	0.43	1.06
hood	0.43	0.90
twenty	0.43	1.07
theater	0.43	0.68
oklahoma	0.43	0.79
along	0.44	0.80
region	0.44	0.88
review	0.44	1.16
realized	0.44	1.56
initially	0.44	1.61
wings	0.44	0.79
penis	0.44	1.07
instructions	0.44	0.96
mall	0.44	0.79
ordered	0.44	0.85
15	0.44	0.99
year	0.44	0.82
spanish	0.44	1.54
cruise	0.44	0.77
mail	0.44	0.90
group	0.45	0.82
bake	0.45	0.94
23	0.45	0.87
cal	0.45	0.90
brings	0.45	0.69
theyre	0.45	1.39
official	0.45	0.89
amsterdam	0.45	0.90
dying	0.45	1.36
assumed	0.45	1.89
nicely	0.45	1.19
shoe	0.45	0.86
creativity	0.46	0.70
contest	0.46	0.79
description	0.46	1.18
island	0.46	0.73
storm	0.46	0.77
stars	0.46	0.76
wise	0.46	0.86
kicks	0.46	0.65
governor	0.46	0.80
gym	0.46	0.70
two	0.46	1.12
seems	0.46	1.50
florida	0.46	0.83
race	0.47	0.80
web	0.47	0.93
london	0.47	0.88
humor	0.47	1.32
wisdom	0.47	0.97
credit	0.47	1.07
indian	0.47	0.60
maine	0.47	0.78
japanese	0.47	1.24
york	0.47	0.78
hitter	0.47	0.82
app	0.47	1.01
rant	0.47	1.54
meanwhile	0.47	0.84
invited	0.47	0.99
sky	0.47	0.71
label	0.47	0.89
craigslist	0.48	0.92
separate	0.48	1.06
gang	0.48	0.75
seattle	0.48	0.81
beyond	0.48	1.47
youll	0.48	1.72
three	0.48	1.12
extremely	0.48	1.42
walking	0.48	0.73
2nd	0.48	1.07
pockets	0.48	0.85
home	0.49	1.02
swing	0.49	0.79
bat	0.49	0.71
spin	0.49	0.76
earlier	0.49	1.26
pool	0.49	0.73
ink	0.49	0.90
24	0.49	0.95
maryland	0.49	0.81
creative	0.49	1.06
answer	0.49	1.88
stream	0.49	0.68
return	0.49	1.14
norml	0.49	0.85
skinny	0.50	0.92
response	0.50	1.81
exactly	0.50	1.82
counting	0.50	1.06
iirc	0.50	1.11
26	0.50	0.84
king	0.50	0.64
last	0.50	1.20
european	0.50	1.00
ft	0.50	0.84
floating	0.50	0.81
palm	0.50	0.85
from	0.50	1.15
ontario	0.51	1.02
boat	0.51	1.35
most	0.51	2.03
four	0.51	1.11
jersey	0.51	0.78
unknown	0.51	0.92
va	0.51	0.81
13	0.51	0.96
insert	0.51	0.91
flying	0.51	0.72
blew	0.51	0.92
certain	0.51	1.10
asian	0.51	0.74
paint	0.51	0.76
fair	0.51	1.71
hopefully	0.52	1.45
glasses	0.52	0.86
intended	0.52	1.53
slack	0.52	1.19
trade	0.52	0.98
virginia	0.52	0.81
center	0.52	0.72
missouri	0.52	0.80
spoken	0.52	1.43
dugout	0.52	0.89
alone	0.52	1.35
nugs	0.52	1.33
few	0.52	1.11
someday	0.52	1.48
2-3	0.52	1.08
american	0.52	1.08
professor	0.52	0.80
couple	0.52	1.09
ten	0.53	1.08
round	0.53	0.83
vancouver	0.53	0.84
bird	0.53	0.86
feed	0.53	1.12
sessions	0.53	0.90
ideas	0.53	0.97
wood	0.53	0.88
species	0.53	0.74
laptop	0.53	0.69
six	0.53	1.09
enter	0.53	0.69
leafly	0.53	1.00
nug	0.53	1.34
iphone	0.54	1.04
foreign	0.54	1.19
iowa	0.54	0.80
staying	0.54	1.21
means	0.54	2.62
language	0.54	1.82
1-2	0.54	1.08
bong	0.54	0.90
3-5	0.54	1.05
five	0.54	1.08
oddly	0.54	1.15
heads	0.54	1.03
mine	0.54	1.21
hopes	0.54	1.02
particularly	0.54	1.35
names	0.54	1.03
galaxy	0.55	0.91
ride	0.55	0.69
mellow	0.55	1.07
french	0.55	1.48
alabama	0.55	0.81
computer	0.55	0.79
illinois	0.55	0.80
legend	0.55	0.85
friend	0.55	0.99
basement	0.55	0.74
pm	0.55	1.24
term	0.55	2.07
spiritual	0.55	0.81
while	0.55	1.13
wallet	0.55	0.85
mac	0.55	0.86
visit	0.56	0.93
laughing	0.56	1.26
utah	0.56	0.79
prob	0.56	1.41
3-4	0.56	1.08
order	0.56	0.92
machines	0.56	0.72
singing	0.56	0.83
seven	0.56	1.09
petition	0.56	0.92
together	0.56	1.01
setup	0.56	0.92
sites	0.56	0.94
upvotes	0.56	1.22
4-5	0.57	1.07
r/stonerengineering	0.57	1.31
humans	0.57	0.87
during	0.57	0.82
sweet	0.57	1.48
online	0.57	1.01
luckily	0.57	0.91
ppl	0.57	1.24
browse	0.57	1.13
outside	0.57	0.72
jimmy	0.57	0.80
exchange	0.57	0.94
marijuanas	0.57	0.89
santa	0.57	0.79
dancing	0.57	0.80
reddit	0.57	1.27
helix	0.57	0.90
michael	0.57	0.64
solid	0.58	1.24
originally	0.58	1.54
bc	0.58	0.87
arrived	0.58	0.86
websites	0.58	0.94
mouse	0.58	0.85
wisconsin	0.58	0.80
university	0.58	0.84
realised	0.58	1.71
stories	0.58	1.02
minnesota	0.58	0.80
service	0.58	0.94
incredibly	0.58	1.43
technically	0.59	2.51
ohio	0.59	0.80
pattern	0.59	0.91
led	0.59	0.71
louisiana	0.59	0.80
blown	0.59	0.71
votes	0.59	1.12
r/vaporents	0.59	1.14
5-6	0.59	1.08
download	0.60	0.96
mn	0.60	0.81
sports	0.60	0.72
district	0.60	0.80
kansas	0.60	0.80
board	0.60	0.73
girl	0.60	0.86
german	0.60	1.52
michigan	0.60	0.80
faith	0.60	0.95
void	0.60	0.73
egg	0.61	0.78
preferred	0.61	1.83
jamaica	0.61	0.74
areas	0.61	0.76
accept	0.61	1.29
sidebar	0.61	1.27
frontpage	0.61	1.80
cow	0.61	0.88
tutorial	0.61	1.01
peice	0.61	1.00
steamroller	0.62	0.88
eggs	0.62	0.78
until	0.62	1.04
r/mflb	0.62	1.23
smash	0.62	0.76
fish	0.62	0.89
capital	0.62	0.86
confirmed	0.62	0.90
address	0.62	0.97
perhaps	0.62	2.28
flag	0.62	0.82
favor	0.62	1.05
voted	0.63	1.00
hmmm	0.63	1.54
irony	0.63	1.57
2.5	0.63	1.03
message	0.63	1.10
gladly	0.63	1.35
sf	0.63	0.78
fl	0.63	0.83
spell	0.63	2.15
giggle	0.63	1.27
14	0.63	1.00
ebay	0.63	0.95
bubblers	0.63	0.89
meetups	0.63	1.36
jelly	0.63	1.35
cus	0.63	1.53
mark	0.63	0.73
ball	0.63	0.75
purp	0.63	0.99
battle	0.64	0.82
accent	0.64	1.31
gif	0.64	1.33
spoon	0.64	0.89
jam	0.64	0.71
portland	0.64	0.79
forgotten	0.64	1.03
wind	0.64	0.65
georgia	0.64	0.80
moving	0.64	1.24
sunday	0.64	1.07
sketch	0.64	1.05
downtown	0.64	0.76
ancient	0.64	0.76
creepy	0.65	1.58
child	0.65	0.83
accurate	0.65	1.66
toronto	0.65	0.82
mission	0.65	0.81
texas	0.65	0.80
indiana	0.65	0.80
yesterday	0.65	0.99
express	0.65	0.65
ending	0.66	0.90
running	0.66	0.81
dhgate	0.66	0.89
english	0.66	1.74
reading	0.66	1.27
giant	0.66	0.71
pipes	0.66	0.87
words	0.66	1.95
chillum	0.66	0.88
donuts	0.66	0.57
gta	0.66	0.90
decriminalized	0.66	0.90
r/saplings	0.66	1.28
chicago	0.66	0.79
elephant	0.66	0.82
hiding	0.66	0.79
sport	0.67	0.68
sticker	0.67	0.78
town	0.67	0.78
check	0.67	1.08
jim	0.67	0.72
pink	0.67	0.71
struggle	0.67	1.09
collective	0.67	0.76
1.5	0.67	1.06
lift	0.67	0.76
house	0.67	0.76
australia	0.67	0.99
warning	0.68	1.03
dog	0.68	1.68
climb	0.68	0.79
greatest	0.68	1.84
favourite	0.68	1.61
famous	0.68	0.82
boom	0.68	0.90
houston	0.68	0.78
cat	0.68	1.70
glass	0.69	0.93
forum	0.69	1.21
fluffy	0.69	1.11
nyc	0.69	0.75
original	0.69	1.61
project	0.69	0.76
quite	0.69	1.45
sigh	0.69	1.01
received	0.69	0.90
modern	0.70	0.63
meme	0.70	1.37
activities	0.70	0.85
pieces	0.70	0.89
lion	0.70	0.69
baseball	0.70	0.71
birds	0.70	0.77
signed	0.70	0.92
dating	0.71	0.82
el	0.71	1.03
earth	0.71	0.84
true	0.71	2.44
sorts	0.71	1.04
pa	0.71	0.83
bonus	0.71	0.89
checked	0.71	1.02
carolina	0.71	0.80
diego	0.71	0.76
beginning	0.71	0.87
r/leaves	0.71	1.33
sentence	0.71	1.82
san	0.71	0.78
real	0.71	1.66
r/microgrowery	0.72	1.17
deliver	0.72	0.99
night	0.72	0.99
details	0.72	1.27
f	0.72	0.96
football	0.72	0.71
neighbor	0.72	0.81
somewhere	0.72	1.06
anyway	0.72	1.99
roommate	0.72	0.85
next	0.72	1.00
sub	0.72	1.31
national	0.73	0.71
stoked	0.73	1.88
reviews	0.73	0.97
wall	0.73	0.65
nights	0.73	0.95
ghost	0.73	0.71
site	0.73	1.01
plans	0.73	1.06
bees	0.73	0.74
2013	0.73	0.81
aliens	0.73	0.81
midnight	0.73	0.99
subs	0.73	1.27
duty	0.73	0.78
website	0.73	1.02
rapper	0.73	0.87
favorites	0.73	0.95
ganj	0.73	0.96
austin	0.73	0.77
wan	0.73	1.69
mile	0.73	0.73
combo	0.73	0.86
sentences	0.74	1.90
relax	0.74	0.95
usa	0.74	0.80
sex	0.74	0.80
la	0.74	0.96
coat	0.74	0.85
ex	0.74	0.83
unique	0.74	1.06
khalifa	0.74	0.70
shes	0.74	0.89
busy	0.74	1.82
size	0.74	0.81
pregnant	0.74	0.80
its	0.74	1.68
wallpaper	0.75	0.95
subreddit	0.75	1.30
dudes	0.75	0.96
terribly	0.75	1.30
8	0.75	1.24
floyd	0.75	0.72
dallas	0.75	0.77
terrifying	0.75	1.34
blows	0.75	1.06
dogs	0.75	1.14
sun	0.75	0.64
pc	0.75	0.74
very	0.75	1.38
ga	0.75	0.80
player	0.75	0.71
r/marijuanaenthusiasts	0.75	1.29
kinda	0.75	1.46
browsing	0.75	1.12
11	0.75	1.03
thought	0.75	1.66
hook	0.75	1.21
blast	0.75	0.82
pipe	0.76	0.89
10	0.76	1.10
snoop	0.76	0.67
cities	0.76	0.78
2012	0.76	0.83
pets	0.76	1.01
players	0.76	0.72
tail	0.76	1.04
married	0.76	0.80
kind	0.76	1.36
ill	0.77	1.65
5	0.77	1.11
receive	0.77	0.92
neighborhood	0.77	0.69
12	0.77	1.05
community	0.77	1.02
electronic	0.77	0.71
her	0.77	0.87
perfectly	0.77	1.28
pickup	0.77	0.80
van	0.77	0.68
master	0.77	0.75
bitch	0.77	1.32
suppose	0.78	1.93
particular	0.78	1.57
joke	0.78	1.56
queen	0.78	0.67
keeping	0.78	0.98
weekends	0.78	0.92
super	0.78	1.43
5th	0.78	0.90
title	0.78	1.82
same	0.78	1.73
november	0.78	0.84
2	0.78	1.10
rogan	0.79	0.79
cudi	0.79	0.74
spider	0.79	0.90
clearing	0.79	1.13
bass	0.79	0.72
headphones	0.79	0.77
till	0.79	1.01
number	0.79	0.91
useful	0.79	1.09
etsy	0.79	0.85
heres	0.80	1.31
midwest	0.80	0.80
zombies	0.80	0.93
tips	0.80	0.89
3	0.80	1.11
latter	0.80	1.95
idea	0.80	1.56
im	0.80	1.77
rocks	0.80	0.75
subreddits	0.80	1.23
nj	0.81	0.82
his	0.81	0.86
rainbow	0.81	0.90
assure	0.81	1.56
finished	0.81	0.79
mistake	0.81	2.28
mum	0.81	0.91
hotboxing	0.81	0.76
track	0.81	0.70
hidden	0.82	0.77
sign	0.82	0.97
tag	0.82	0.97
fucker	0.82	1.12
moon	0.82	0.68
4	0.82	1.11
spring	0.82	0.83
dedicated	0.82	1.15
meh	0.82	0.91
above	0.82	2.06
md	0.82	0.80
defiantly	0.82	1.31
beats	0.83	0.82
dunno	0.83	1.63
submission	0.83	1.38
whore	0.83	1.64
bubbler	0.83	0.76
animal	0.83	1.00
3rd	0.83	1.00
team	0.83	0.67
digital	0.83	0.75
men	0.84	0.87
balls	0.84	1.30
listened	0.84	0.95
practice	0.84	0.76
atmosphere	0.84	0.85
relatively	0.84	1.09
magic	0.84	0.75
answers	0.84	1.36
nc	0.84	0.83
visited	0.84	0.82
6	0.84	1.12
path	0.84	0.75
posters	0.84	0.86
letters	0.84	1.55
success	0.84	0.84
animals	0.84	0.93
chilled	0.84	0.92
quote	0.84	1.07
boston	0.84	0.79
lets	0.85	1.29
shared	0.85	0.78
xbox	0.85	0.67
tight	0.85	0.78
summer	0.85	0.75
2014	0.85	0.83
partner	0.85	0.81
hang	0.85	1.22
invite	0.85	1.10
parent	0.85	0.83
porn	0.85	0.73
border	0.85	0.82
explanation	0.86	1.49
backyard	0.86	0.74
seller	0.86	0.91
bubbles	0.86	0.75
3d	0.86	0.67
native	0.86	0.93
saturday	0.86	0.99
clothes	0.87	0.90
word	0.87	2.34
jazz	0.87	0.69
4th	0.87	0.92
helpful	0.87	1.13
speaking	0.87	2.17
guess	0.87	1.98
vacation	0.87	0.87
copy	0.87	1.04
background	0.87	0.77
played	0.87	0.70
1	0.87	0.97
ps4	0.87	0.67
sublime	0.88	0.71
lego	0.88	0.64
photoshop	0.88	0.94
kiss	0.88	0.84
figured	0.88	1.63
ninja	0.88	0.98
bay	0.88	0.76
memories	0.88	0.88
future	0.88	1.03
golf	0.89	0.77
especially	0.89	1.26
version	0.89	0.90
marley	0.89	0.62
o	0.89	1.04
guitar	0.89	0.63
bang	0.89	0.66
coast	0.89	0.84
lyrics	0.90	0.75
given	0.90	1.66
tie	0.90	0.80
special	0.90	0.91
chick	0.90	0.80
wiz	0.90	0.69
former	0.90	0.76
insanely	0.90	1.32
band	0.90	0.68
pre	0.90	0.72
finest	0.90	0.66
collection	0.91	0.79
dinner	0.91	1.03
bear	0.91	0.66
planned	0.91	1.01
ny	0.91	0.82
eastern	0.91	0.80
january	0.91	0.90
skill	0.91	0.79
chris	0.91	0.77
attention	0.91	1.20
british	0.91	1.12
ocean	0.92	0.64
friendly	0.92	0.89
mom	0.92	0.87
goat	0.92	0.72
grew	0.92	0.76
morgan	0.92	0.83
outdoors	0.92	0.66
yard	0.92	0.72
favorite	0.92	1.73
evening	0.92	1.01
grateful	0.92	0.65
husband	0.93	0.84
league	0.93	0.62
afternoon	0.93	1.00
structure	0.93	1.28
club	0.93	0.73
both	0.93	1.93
tbh	0.93	1.44
woman	0.93	0.76
voice	0.94	0.80
alike	0.94	0.81
city	0.94	0.78
planet	0.94	0.67
op	0.94	1.47
joking	0.94	1.75
gaming	0.94	0.64
bob	0.94	0.63
print	0.94	0.76
laugh	0.94	1.29
parents	0.95	0.83
1st	0.95	0.93
winter	0.95	0.66
song	0.95	0.80
tree	0.95	0.69
skyrim	0.95	0.74
safe	0.95	1.45
radio	0.95	0.68
burgers	0.96	0.64
respect	0.96	1.13
typed	0.96	1.89
girlfriend	0.96	0.84
golden	0.96	0.69
pages	0.97	0.94
yours	0.97	1.19
dogg	0.97	0.63
gold	0.97	0.75
vagina	0.97	0.92
pineapples	0.97	0.81
ben	0.97	0.62
session	0.97	0.82
killed	0.97	1.20
machine	0.97	0.68
playing	0.97	0.74
tough	0.98	1.42
moms	0.98	0.82
action	0.98	0.84
dad	0.98	0.86
worthy	0.98	0.75
sister	0.98	0.84
doug	0.98	0.68
dance	0.98	0.80
forgive	0.98	2.13
roommates	0.98	0.89
walls	0.98	0.74
belt	0.98	0.79
rock	0.98	0.69
winner	0.98	0.70
bible	0.99	0.97
gear	0.99	0.75
chuckle	0.99	1.41
stayed	0.99	0.79
daughter	0.99	0.82
letter	0.99	1.17
apologize	0.99	2.10
naked	0.99	0.80
australian	0.99	0.87
cats	0.99	1.55
gf	0.99	0.84
printed	0.99	0.77
tour	0.99	0.64
wrote	0.99	1.50
ridiculously	1.00	1.29
guide	1.00	0.88
early	1.00	1.01
beard	1.00	0.78
games	1.00	0.72
pants	1.00	0.84
dave	1.00	0.70
albums	1.00	0.91
dammit	1.00	1.16
grandma	1.00	0.84
hip	1.00	0.68
crew	1.00	0.76
references	1.00	0.61
winning	1.01	0.67
pet	1.01	1.52
deserves	1.01	0.81
wife	1.01	0.83
bands	1.01	0.79
boyfriend	1.01	0.83
example	1.01	1.85
dead	1.02	0.65
mmm	1.02	1.20
bike	1.02	0.65
women	1.02	0.80
forgot	1.02	1.66
cone	1.02	0.70
childhood	1.02	1.20
vice	1.02	0.59
rural	1.02	0.81
gandalf	1.02	0.60
game	1.03	0.70
swim	1.03	0.61
cousin	1.03	0.84
poster	1.03	0.71
logo	1.03	0.79
johnny	1.03	0.68
notes	1.03	0.87
harry	1.03	0.62
too	1.03	1.70
play	1.03	0.70
pokemon	1.03	0.61
jealous	1.03	2.05
won	1.03	0.74
frank	1.03	0.72
tip	1.04	0.81
sending	1.04	0.82
tune	1.04	0.77
northern	1.04	0.81
rip	1.04	0.71
clothing	1.04	0.80
explore	1.04	0.76
shape	1.05	0.71
sucks	1.05	2.09
digging	1.05	0.86
prolly	1.05	1.33
songs	1.05	0.80
grandpa	1.05	0.76
occasion	1.05	1.00
grammar	1.05	2.36
though	1.05	1.80
update	1.05	1.20
bet	1.05	1.80
join	1.05	1.01
rap	1.05	0.71
suit	1.05	0.81
tracks	1.06	0.69
baby	1.06	0.64
hop	1.06	0.67
deserve	1.06	0.82
skate	1.06	0.66
sight	1.06	0.79
symbol	1.07	0.71
hanging	1.07	0.90
v	1.07	0.85
wolf	1.07	0.76
dads	1.07	0.82
mobile	1.07	1.60
festival	1.07	0.72
ideal	1.07	1.49
rasta	1.08	0.78
boobs	1.08	0.84
mistakes	1.08	2.26
c	1.08	1.03
father	1.08	0.83
john	1.08	0.66
listening	1.08	0.69
tom	1.09	0.63
family	1.09	0.84
tx	1.09	0.79
james	1.09	0.62
designs	1.09	0.71
coins	1.09	0.83
raised	1.09	0.84
killer	1.10	1.35
lady	1.10	0.76
near	1.10	0.76
imma	1.10	1.48
riding	1.10	0.68
peak	1.10	0.70
mates	1.10	0.89
reply	1.10	1.61
snake	1.10	0.93
swimming	1.11	0.67
mike	1.11	0.66
jacket	1.11	0.80
code	1.12	0.99
music	1.12	0.70
uncle	1.12	0.80
duck	1.12	0.67
incredible	1.12	1.32
info	1.12	1.14
july	1.12	0.94
canadian	1.12	0.89
chief	1.12	1.02
artists	1.12	0.75
area	1.12	0.78
error	1.12	2.30
previous	1.12	2.08
bros	1.12	0.82
pair	1.12	0.82
wizard	1.13	0.67
tomorrow	1.13	1.09
spelling	1.13	2.34
e	1.13	1.02
late	1.14	0.98
surrounded	1.14	0.68
concert	1.14	0.61
steve	1.14	0.64
chong	1.14	0.58
listen	1.14	0.75
visiting	1.14	0.90
june	1.14	0.93
def	1.14	1.41
custom	1.15	0.88
friends	1.15	0.96
drawn	1.15	0.82
tuesday	1.15	1.04
typing	1.15	1.73
short	1.15	0.67
insight	1.16	1.04
western	1.16	0.83
bridge	1.16	0.67
thursday	1.16	1.05
randy	1.16	0.84
pun	1.17	1.21
b	1.17	1.06
elaborate	1.17	1.09
updated	1.17	1.02
edited	1.17	2.19
channel	1.18	0.60
70s	1.18	0.57
motherfucker	1.18	1.12
write	1.19	0.99
socks	1.19	0.84
bastard	1.19	1.05
shirts	1.19	0.80
proper	1.19	1.76
rings	1.19	0.59
keep	1.19	1.00
er	1.19	1.00
9	1.20	1.22
cheech	1.20	0.57
girls	1.20	0.80
springs	1.20	0.65
display	1.21	0.70
oops	1.21	1.83
soooo	1.21	1.36
dress	1.21	0.75
lucky	1.21	1.48
written	1.21	1.12
carl	1.21	0.70
fucked	1.21	1.62
buddies	1.22	0.93
mario	1.22	0.79
wear	1.23	0.81
yall	1.23	1.25
loss	1.23	0.87
drawing	1.23	0.70
ole	1.24	0.88
sherlock	1.24	0.67
shorts	1.24	0.81
share	1.24	0.91
secret	1.24	0.64
accepting	1.24	0.75
backwards	1.24	0.88
absurd	1.25	1.31
h	1.25	1.18
march	1.25	0.97
snow	1.25	0.66
edit	1.25	2.21
videos	1.26	0.63
wooden	1.26	0.89
parks	1.26	0.59
located	1.26	0.77
brothers	1.26	0.83
playlist	1.26	0.75
southern	1.27	0.84
living	1.27	0.89
freaking	1.27	1.24
tldr	1.27	0.96
outta	1.27	1.25
writing	1.27	1.10
fixed	1.27	2.10
alive	1.28	1.40
chillin	1.28	1.04
union	1.28	0.60
youtube	1.28	0.63
valley	1.29	0.70
august	1.29	0.97
west	1.29	0.83
lost	1.29	1.10
c'mon	1.29	1.00
preach	1.29	1.06
monday	1.30	1.11
hunt	1.30	0.90
hill	1.30	0.57
st	1.30	0.66
weather	1.30	0.78
horror	1.31	0.64
drew	1.31	0.75
mother	1.31	0.78
characters	1.31	0.54
monster	1.31	0.76
chilling	1.32	0.79
painting	1.32	0.74
lived	1.33	0.86
pumped	1.33	1.66
amp	1.33	0.94
generous	1.33	1.28
idk	1.33	1.69
david	1.34	0.58
w	1.34	1.02
wars	1.34	0.59
le	1.35	0.84
video	1.35	0.59
artist	1.36	0.61
south	1.37	0.82
climbing	1.37	0.59
spirit	1.37	0.69
rain	1.37	0.60
smooth	1.37	1.49
party	1.37	1.14
central	1.37	0.85
auto	1.38	2.01
character	1.38	0.55
honesty	1.38	0.89
moved	1.39	0.89
boy	1.39	0.93
tv	1.39	0.57
y	1.39	0.96
inspired	1.39	0.66
l	1.39	0.98
heaven	1.39	0.72
april	1.40	1.02
k	1.40	1.02
hero	1.40	0.67
live	1.40	0.88
laughed	1.40	1.11
coincidence	1.40	1.39
date	1.40	1.00
sooo	1.41	1.35
county	1.41	0.81
bitches	1.41	0.99
born	1.41	0.82
birth	1.42	0.73
hug	1.42	1.18
de	1.42	1.03
north	1.42	0.84
ski	1.42	0.57
frosty	1.42	1.60
prime	1.42	1.09
east	1.42	0.85
dense	1.43	1.61
well	1.43	1.53
apologies	1.43	1.96
wearing	1.44	0.86
today	1.44	1.05
comedy	1.44	0.73
paul	1.45	0.86
0	1.45	1.35
eagle	1.45	0.59
friday	1.45	1.12
beach	1.45	0.62
theme	1.45	0.52
tim	1.46	0.74
bomb	1.46	1.17
choice	1.46	1.15
em	1.47	1.32
nearby	1.47	0.64
desert	1.47	0.58
advice	1.47	1.09
great	1.47	1.07
shows	1.47	0.60
clever	1.47	1.12
cosmos	1.47	0.61
t	1.47	0.98
cuz	1.48	1.35
movies	1.48	0.59
star	1.48	0.58
tunes	1.48	0.65
tl	1.49	0.95
comic	1.49	0.80
goin	1.49	1.34
counts	1.50	1.36
wednesday	1.50	1.13
aussie	1.50	0.73
til	1.52	0.90
win	1.52	0.69
documentary	1.53	0.59
da	1.53	1.08
crazy	1.53	1.26
fallen	1.54	0.85
shirt	1.54	0.82
mines	1.55	0.86
hat	1.55	0.83
ta	1.56	1.35
kitty	1.56	1.08
af	1.56	1.28
nick	1.56	0.59
caring	1.57	0.73
sunny	1.57	0.53
rick	1.57	0.59
ladies	1.57	0.63
bee	1.57	0.66
cartoon	1.58	0.61
season	1.58	0.55
seriously	1.58	1.55
missed	1.58	1.71
suggestions	1.58	1.04
jane	1.58	0.52
view	1.60	0.71
shoes	1.60	0.83
name	1.60	0.68
design	1.61	0.72
soul	1.61	0.67
marry	1.62	0.68
sooooo	1.63	1.33
tokes	1.63	0.88
seasons	1.63	0.57
lil	1.63	0.88
weeds	1.63	0.57
ol	1.63	0.79
fun	1.63	1.14
buddy	1.64	0.77
scene	1.64	0.54
gods	1.64	0.64
sesh	1.64	0.96
trailer	1.65	0.54
hella	1.65	1.28
rep	1.65	0.86
n	1.65	0.97
pretty	1.66	1.30
relaxing	1.66	1.16
episodes	1.66	0.58
batman	1.66	0.78
watch	1.67	0.59
tonight	1.67	1.11
netflix	1.67	0.58
4:20	1.68	1.16
excellent	1.68	1.08
plz	1.68	1.10
park	1.69	0.49
weekend	1.69	1.13
book	1.69	0.89
camp	1.69	0.56
dem	1.70	1.03
legit	1.71	1.17
here	1.71	0.93
watching	1.71	0.57
trail	1.71	0.55
ganja	1.71	0.58
album	1.71	1.02
stickers	1.72	0.74
y'all	1.72	1.16
nothin	1.73	1.17
spongebob	1.73	0.59
advance	1.73	0.99
upvote	1.73	0.95
show	1.73	0.57
soo	1.73	1.29
gettin	1.73	1.16
doe	1.74	1.03
fav	1.75	1.09
reporting	1.76	0.87
resident	1.76	0.89
mighty	1.76	0.71
lifted	1.76	1.38
movie	1.76	0.51
totally	1.76	1.44
dam	1.77	1.04
homies	1.77	0.94
heady	1.77	1.18
comfy	1.77	1.28
adventure	1.78	0.49
trippy	1.79	1.15
agreed	1.80	1.04
woods	1.80	0.57
son	1.80	0.98
ma	1.80	0.98
tits	1.81	0.83
shit	1.81	1.25
jesus	1.81	0.88
patrick	1.82	0.73
suggestion	1.82	1.02
7	1.83	1.21
understanding	1.83	1.18
guys	1.84	1.32
doin	1.84	1.20
r	1.84	0.95
forest	1.84	0.54
ricky	1.84	0.57
confirm	1.85	0.85
boys	1.85	0.57
mountain	1.86	0.54
ur	1.87	1.15
classic	1.87	0.64
ai	1.87	1.11
gift	1.88	0.91
bout	1.88	1.16
enjoying	1.88	0.61
amazingly	1.88	1.06
beast	1.89	0.68
reference	1.89	0.60
mary	1.89	0.52
named	1.89	0.88
ouch	1.89	0.94
earned	1.89	0.79
aint	1.89	1.11
books	1.90	0.87
episode	1.90	0.55
reppin	1.90	0.87
duh	1.90	1.13
river	1.90	0.54
u	1.90	1.15
feelin	1.91	1.08
heck	1.91	1.13
fishing	1.92	0.53
dr	1.92	0.89
fo	1.92	1.09
dat	1.92	1.06
halloween	1.93	1.11
sounds	1.93	1.11
represent	1.93	0.87
film	1.93	0.72
camping	1.93	0.51
anyways	1.93	1.19
sayin	1.94	1.15
style	1.94	0.84
lem	1.95	1.12
story	1.96	1.06
hike	1.96	0.54
okay	1.96	1.30
lake	1.97	0.54
dis	1.97	1.03
heh	1.97	0.93
feedback	1.98	0.91
cake	1.98	1.25
nonetheless	1.98	0.84
sorry	1.98	1.48
lord	1.98	0.66
smokin	1.99	0.98
fancy	1.99	1.07
chill	1.99	1.06
checking	2.00	0.87
hmm	2.00	1.17
hats	2.00	0.65
nigga	2.00	1.04
goddamn	2.01	0.97
brother	2.01	0.82
ok	2.01	1.28
piece	2.01	1.21
blazing	2.01	0.74
trees	2.03	1.26
shits	2.03	1.09
mr	2.03	0.76
damnit	2.03	1.06
hiking	2.03	0.50
unite	2.04	0.85
praise	2.04	0.50
input	2.04	0.92
series	2.04	0.88
happily	2.04	1.11
doge	2.05	0.76
tasty	2.05	1.26
pls	2.05	0.95
r.i.p	2.05	0.62
ahhh	2.05	1.02
yo	2.06	1.05
aswell	2.06	1.07
magical	2.06	0.73
wicked	2.07	1.02
christ	2.07	0.83
umm	2.07	1.14
fuck	2.08	1.14
eh	2.08	1.14
nature	2.08	0.46
watched	2.10	0.83
ye	2.10	0.80
ooh	2.10	1.05
whats	2.11	1.16
art	2.12	0.75
peaceful	2.12	0.82
tattoo	2.12	0.89
spots	2.13	0.51
such	2.13	0.86
uhh	2.13	0.98
wishes	2.13	0.87
ent	2.15	0.86
shout	2.15	0.84
verify	2.16	0.68
mountains	2.17	0.49
shall	2.17	0.65
o.o	2.18	0.89
journey	2.18	0.48
god	2.18	0.83
lmfao	2.18	0.94
ahh	2.18	0.99
reminds	2.19	0.69
wtf	2.19	1.15
ftfy	2.19	0.86
hell	2.19	1.25
good	2.19	0.91
fuckin	2.21	1.06
aye	2.21	0.94
um	2.21	1.00
impressive	2.22	0.70
glad	2.22	1.18
kidding	2.23	1.14
username	2.23	0.91
gt	2.23	0.87
m8	2.23	0.93
sharing	2.24	0.64
absolutely	2.24	0.85
nope	2.24	1.07
bruh	2.24	0.99
wish	2.24	1.12
adorable	2.25	0.88
p	2.25	1.09
thanksgiving	2.26	1.34
dawg	2.26	0.97
u/potdealer	2.26	0.74
yah	2.27	0.88
truly	2.27	0.64
woo	2.27	0.77
uptokes	2.27	0.80
dang	2.28	1.03
u/dogetipbot	2.28	0.66
aww	2.28	0.89
4/20	2.28	1.31
ya	2.28	1.05
naw	2.28	1.00
4.20	2.28	0.72
glorious	2.28	0.61
epic	2.29	0.68
ents	2.30	0.84
cool	2.30	1.01
easter	2.30	1.32
appreciated	2.30	0.67
holiday	2.31	1.31
wat	2.31	0.96
ftw	2.31	0.78
sick	2.31	1.11
nah	2.31	1.04
uh	2.33	1.03
aha	2.34	1.02
lol	2.34	1.18
bless	2.34	0.63
aw	2.34	1.03
hah	2.35	1.03
christmas	2.35	1.24
10/10	2.35	0.68
omg	2.36	0.92
stay	2.36	1.05
huh	2.36	1.03
yeah	2.36	1.12
gotcha	2.37	0.99
hilarious	2.37	0.80
dear	2.37	0.63
appreciate	2.38	0.63
patience	2.38	0.82
classy	2.38	0.90
ah	2.39	1.00
wut	2.39	0.92
tho	2.39	1.02
ps	2.39	0.74
damn	2.39	1.08
neat	2.40	0.97
hehe	2.40	0.94
ohh	2.41	1.01
yay	2.41	0.76
peace	2.41	0.81
holidays	2.41	1.22
celebrate	2.42	1.23
thank	2.42	0.81
hahah	2.43	0.99
xd	2.43	0.96
brah	2.43	0.89
beauty	2.43	0.60
enjoyed	2.43	0.43
vibes	2.43	0.89
woah	2.43	0.97
ha	2.43	0.99
ohhh	2.44	0.98
yup	2.45	0.90
yea	2.45	1.05
alright	2.45	0.93
hey	2.45	0.90
birthday	2.45	1.19
frients	2.45	1.04
blaze	2.45	1.01
adventures	2.46	0.58
lmao	2.46	0.92
brilliant	2.47	0.71
yes	2.47	1.04
thanks	2.47	0.82
yep	2.47	0.93
amen	2.48	0.82
bummer	2.48	0.99
haha	2.48	1.04
hahahahaha	2.48	0.87
looks	2.49	1.02
mang	2.49	0.88
noice	2.49	0.89
homie	2.50	0.84
ayy	2.50	0.74
hahahaha	2.50	0.93
spot	2.50	0.65
lookin	2.50	0.93
thats	2.50	1.00
thx	2.50	0.77
wonderful	2.51	0.49
ahaha	2.51	0.90
whoa	2.51	0.83
420	2.52	0.95
fucking	2.52	0.95
hi	2.52	0.70
jk	2.53	0.80
pal	2.54	0.75
indeed	2.54	0.72
worries	2.54	0.82
hahahah	2.56	0.97
dude	2.56	0.96
honor	2.56	0.91
condolences	2.57	0.71
bro	2.58	0.83
hello	2.58	0.73
hahaha	2.58	0.94
oh	2.58	0.94
brotha	2.59	0.79
genius	2.60	0.68
man	2.60	0.90
toking	2.61	0.93
hope	2.61	0.88
fellow	2.62	0.99
welcome	2.63	0.74
wow	2.65	0.89
sexy	2.66	0.67
congrats	2.67	0.91
holy	2.67	0.89
props	2.68	0.64
congratulations	2.68	0.79
sir	2.68	0.65
gorgeous	2.68	0.50
kudos	2.69	0.57
p.s	2.70	0.72
dig	2.70	0.61
mate	2.70	0.73
perfect	2.71	0.48
loving	2.71	0.39
tokin	2.71	0.88
merry	2.72	0.94
envy	2.74	0.55
beautiful	2.76	0.44
uptoke	2.77	0.64
badass	2.77	0.65
luck	2.78	0.80
toke	2.78	0.85
lt	2.80	0.68
frient	2.81	0.81
rad	2.82	0.50
dope	2.82	0.76
cheers	2.82	0.78
enjoy	2.84	0.60
lovely	2.87	0.52
btw	2.96	0.64
