brutal	-4.41	1.03
dw2	-4.41	1.70
miserable	-4.38	1.67
amx40	-4.38	1.65
grind	-4.30	1.55
turd	-4.27	1.55
lee	-4.27	2.17
painful	-4.18	1.25
piece	-3.94	1.51
suck	-3.91	1.59
ruins	-3.84	1.41
worse	-3.83	2.07
garbage	-3.75	1.76
grinds	-3.69	1.50
sucked	-3.64	1.44
sucks	-3.62	1.38
v39	-3.58	1.90
pos	-3.58	1.22
suffering	-3.49	1.74
absolutely	-3.47	2.03
crap	-3.44	1.98
attack	-3.43	2.39
b1	-3.41	2.50
pile	-3.39	1.56
throws	-3.36	1.42
pain	-3.36	1.58
suffer	-3.35	1.55
narrow	-3.32	2.47
terribad	-3.29	2.42
utter	-3.27	1.60
bearable	-3.27	1.78
m3	-3.24	2.62
sturer	-3.24	1.73
resulting	-3.21	1.81
disappointed	-3.20	2.68
duck	-3.19	2.14
whoever	-3.19	2.15
dislike	-3.18	2.05
horizontal	-3.17	2.50
shit	-3.14	1.58
m5	-3.14	2.73
useless	-3.06	1.96
nightmare	-3.05	1.73
earns	-3.04	2.56
developing	-3.04	2.37
emil	-3.03	1.87
t-28	-3.00	2.77
trash	-3.00	1.97
lies	-2.94	2.16
surprise	-2.91	2.19
shitty	-2.90	2.48
function	-2.89	2.29
pisses	-2.88	1.73
ugly	-2.88	1.83
checking	-2.85	2.21
dominate	-2.83	2.01
complaining	-2.82	2.25
fault	-2.81	1.93
occasional	-2.78	2.37
slow	-2.77	2.60
reputation	-2.75	2.08
lie	-2.74	2.97
everybody	-2.74	2.56
owned	-2.71	2.10
40t	-2.71	2.87
aimtime	-2.71	2.93
grinding	-2.70	2.24
complain	-2.69	2.27
highlight	-2.68	2.04
hurts	-2.64	1.71
cry	-2.63	1.61
stupid	-2.60	1.94
dare	-2.55	2.27
38	-2.54	1.48
whine	-2.53	2.27
butthurt	-2.53	2.10
vii	-2.51	2.51
horrid	-2.50	2.66
annoyed	-2.49	1.82
a-20	-2.49	2.24
atrocious	-2.48	2.90
40	-2.47	1.35
scary	-2.47	2.25
serb	-2.47	2.30
bitch	-2.47	2.02
clickers	-2.45	2.34
bads	-2.44	2.36
retarded	-2.44	1.81
awkward	-2.42	1.74
total	-2.40	1.28
finds	-2.39	2.42
rough	-2.38	1.59
truth	-2.37	2.32
cancer	-2.36	2.16
iirc	-2.36	2.32
artillery	-2.36	2.28
skipping	-2.35	1.12
former	-2.34	2.28
calls	-2.34	2.46
feeling	-2.31	2.08
acc	-2.30	2.77
skip	-2.30	1.64
nashorn	-2.29	1.31
mentioning	-2.29	2.55
dick	-2.28	1.12
tricky	-2.27	1.66
mighty	-2.26	2.03
accuracy	-2.26	3.01
amazed	-2.23	2.19
dog	-2.22	1.35
elevation	-2.21	2.75
complete	-2.20	1.30
bad	-2.19	2.53
movement	-2.18	2.68
balls	-2.18	1.16
m5a1	-2.17	2.13
60k	-2.17	1.27
horrendous	-2.16	2.89
rngesus	-2.15	2.23
bullshit	-2.15	1.44
covenanter	-2.15	2.21
100k	-2.14	1.19
confirmed	-2.14	2.73
utterly	-2.14	2.03
particular	-2.13	2.35
comet	-2.12	3.03
dicks	-2.11	1.11
poor	-2.11	2.71
fucked	-2.09	1.20
annoying	-2.09	1.88
absolute	-2.09	2.39
arl	-2.08	1.55
worthless	-2.07	2.28
30k	-2.05	1.16
admit	-2.04	2.45
sucking	-2.04	1.10
dumb	-2.03	2.12
50k	-2.03	1.15
40k	-2.02	1.18
idiot	-2.02	1.25
shitlord	-2.01	1.18
blame	-1.98	1.32
stuart	-1.98	2.36
m2	-1.97	2.10
suffers	-1.94	2.37
moron	-1.94	1.22
stock	-1.93	1.44
incompetent	-1.93	1.40
bloom	-1.92	2.43
t25/2	-1.92	1.83
despite	-1.92	2.28
converting	-1.89	1.18
free	-1.89	1.21
exp	-1.88	1.18
vertical	-1.87	1.81
crappy	-1.87	2.71
aim	-1.86	2.39
rid	-1.85	2.26
rage	-1.84	2.21
whining	-1.84	1.56
considered	-1.83	2.72
bloody	-1.83	1.61
flak	-1.83	1.20
hating	-1.83	3.15
respect	-1.81	2.23
handling	-1.81	2.94
sfl	-1.80	1.24
retards	-1.79	1.22
screw	-1.79	0.99
xp	-1.79	1.17
disappointing	-1.78	1.93
convert	-1.78	1.19
ineffective	-1.78	1.32
stabs	-1.77	1.68
ivc	-1.76	1.26
arguing	-1.76	3.68
retard	-1.76	1.23
guilty	-1.75	2.67
tl	-1.75	1.09
37mm	-1.74	1.25
traverse	-1.74	2.89
rant	-1.73	2.25
t-80	-1.71	2.24
op	-1.70	2.77
arc	-1.69	1.84
toaster	-1.69	1.20
suggesting	-1.69	3.60
exposure	-1.68	1.56
dispersion	-1.68	2.54
cunt	-1.67	1.20
safety	-1.67	1.08
logs	-1.67	0.97
voted	-1.67	2.51
75mm	-1.66	1.40
freexp	-1.66	1.39
morons	-1.65	1.22
abysmal	-1.65	2.90
sky	-1.64	1.32
egld	-1.64	1.85
pointless	-1.63	1.39
beaten	-1.63	1.35
glass	-1.63	1.45
unreliable	-1.62	2.52
dr	-1.62	1.07
fucking	-1.61	1.82
statements	-1.60	3.12
unlocking	-1.59	1.55
disagree	-1.59	3.48
proto	-1.58	1.16
elited	-1.58	1.57
travel	-1.58	1.85
piss	-1.58	1.64
aiming	-1.58	1.92
annoy	-1.57	1.69
deny	-1.57	1.27
sadly	-1.56	2.49
needs	-1.56	1.09
moving	-1.55	1.67
slower	-1.55	1.69
tougher	-1.54	1.61
10,000	-1.54	1.29
idiots	-1.53	1.36
44	-1.52	1.22
scrub	-1.52	1.21
telling	-1.52	2.16
ruined	-1.51	1.16
bitching	-1.51	1.60
paper	-1.51	2.61
45	-1.51	1.18
than	-1.51	1.61
inconsistent	-1.50	1.51
asshole	-1.50	1.39
quicker	-1.50	1.69
t28	-1.49	1.24
completing	-1.49	0.98
talking	-1.49	3.94
screwed	-1.48	1.20
dca	-1.48	1.53
25k	-1.47	1.11
baddies	-1.47	1.28
significantly	-1.47	1.60
forgetting	-1.47	2.46
cheaper	-1.47	1.45
pta	-1.46	1.65
doubles	-1.46	1.18
roomba	-1.46	1.30
blatantly	-1.46	3.11
jagdpanzer	-1.46	1.18
telia	-1.45	1.34
41	-1.45	1.15
212	-1.45	1.78
felt	-1.44	2.57
calling	-1.43	1.32
heavier	-1.43	1.63
37	-1.43	1.14
upgrade	-1.43	1.51
unlock	-1.43	1.50
lazy	-1.42	1.67
research	-1.41	1.48
ignored	-1.41	1.16
bigger	-1.41	1.63
easier	-1.41	1.50
scumbag	-1.41	0.88
raging	-1.41	1.54
clicker	-1.40	1.37
fuck	-1.40	2.10
ouch	-1.40	2.52
less	-1.39	1.58
pre-nerf	-1.39	1.13
20k	-1.37	1.09
m8a1	-1.37	1.82
skipped	-1.37	3.21
bag	-1.36	1.32
pathetic	-1.36	1.98
seeing	-1.35	2.57
compensation	-1.35	1.29
caernarvon	-1.35	1.46
15k	-1.34	1.09
2.5	-1.34	1.94
failing	-1.34	1.08
t82	-1.34	1.90
ignore	-1.34	1.67
lesser	-1.33	1.30
indien	-1.32	1.82
ruining	-1.32	1.15
creds	-1.32	1.12
time	-1.32	1.83
stronger	-1.32	1.68
infuriating	-1.31	1.69
better	-1.31	2.40
simply	-1.30	3.89
vstab	-1.30	1.64
angry	-1.30	1.38
improves	-1.30	1.71
weaker	-1.30	1.76
smart	-1.29	3.42
downvotes	-1.29	2.52
grinded	-1.29	3.50
magnet	-1.29	1.44
lorr	-1.29	1.12
faster	-1.29	1.73
underpowered	-1.29	1.41
turning	-1.29	2.11
33	-1.28	1.19
meaningless	-1.27	1.56
attacks	-1.27	1.40
borsig	-1.27	1.28
nonsense	-1.25	1.21
limited	-1.25	2.49
faggot	-1.24	1.25
10k	-1.23	1.09
barn	-1.23	1.39
converted	-1.23	1.10
sp	-1.23	1.29
screwing	-1.22	1.28
32	-1.22	1.39
irrelevant	-1.21	1.69
prot	-1.21	1.20
trajectory	-1.21	1.56
t21	-1.21	3.31
stabilizer	-1.21	1.55
likes	-1.21	3.17
m7	-1.20	3.63
aware	-1.20	4.06
slightly	-1.20	1.80
climbing	-1.20	1.37
self	-1.19	1.14
progress	-1.19	1.04
slightest	-1.19	1.81
idiotic	-1.19	1.53
worrying	-1.19	1.72
joking	-1.19	2.32
lanes	-1.19	1.19
1c	-1.18	1.67
gc	-1.18	1.19
42	-1.18	1.07
noob	-1.17	1.22
stomping	-1.17	1.11
bdr	-1.17	1.80
earn	-1.17	0.96
t3	-1.17	2.04
obsolete	-1.16	1.53
mediocre	-1.16	2.56
34	-1.16	1.21
call	-1.16	1.36
t-50	-1.16	1.93
compensate	-1.16	2.29
amx	-1.15	1.45
bs	-1.15	1.27
m6	-1.15	1.44
pubbies	-1.15	1.48
jpanther	-1.15	1.30
attacked	-1.15	1.22
39	-1.15	1.10
smash	-1.14	1.16
storage	-1.14	1.39
thinking	-1.14	4.03
rotation	-1.13	2.21
crusader	-1.13	3.60
rotating	-1.13	1.91
crippling	-1.13	2.02
literally	-1.13	1.78
saying	-1.13	4.45
means	-1.12	3.94
giant	-1.12	1.50
zdude	-1.12	1.33
doable	-1.12	1.28
nerfing	-1.12	1.22
46	-1.11	1.10
earth	-1.11	1.38
shooting	-1.11	1.98
sec	-1.10	1.81
height	-1.10	1.12
moves	-1.10	1.34
broken	-1.10	1.41
12t	-1.10	2.01
figuring	-1.10	2.16
laying	-1.10	1.46
nerfed	-1.10	1.41
rammer	-1.10	1.47
gld	-1.10	1.47
coated	-1.10	1.46
t92	-1.10	1.21
luchs	-1.09	1.83
profit	-1.09	1.14
almost	-1.09	2.23
claiming	-1.09	2.41
resistance	-1.09	2.24
12k	-1.09	1.05
optics	-1.08	1.47
vert	-1.08	1.46
doing	-1.08	4.44
t-34	-1.08	2.49
wipe	-1.08	1.23
stab	-1.08	1.46
longest	-1.08	3.29
harder	-1.08	1.61
smaller	-1.07	1.64
corridors	-1.07	1.22
move	-1.07	1.57
completely	-1.07	2.01
scrubs	-1.06	1.28
regarded	-1.06	3.49
vents	-1.06	1.46
wasting	-1.05	1.67
meh	-1.05	2.55
su-85	-1.05	1.74
finish	-1.05	1.25
cgc	-1.04	1.22
biased	-1.04	1.63
curious	-1.04	3.88
soft	-1.04	2.21
save	-1.04	1.12
playable	-1.03	1.40
called	-1.03	1.12
sta-1	-1.03	1.56
ruin	-1.03	1.05
screaming	-1.03	1.30
exchange	-1.03	1.38
wte100	-1.03	1.27
lorraine	-1.03	1.46
credits	-1.03	1.15
grille	-1.02	1.14
ms-1	-1.02	1.72
rhm	-1.02	1.20
outnumbered	-1.02	1.45
arty	-1.02	1.67
thinks	-1.02	3.20
playing	-1.02	2.42
ke-ho	-1.02	1.86
128	-1.01	1.45
accused	-1.01	1.31
shorter	-1.01	1.52
longer	-1.01	1.56
researched	-1.01	1.77
rendered	-1.01	1.34
7.5	-1.01	1.62
25t	-1.01	1.30
frustrating	-1.01	1.45
pieces	-1.01	1.11
planning	-1.00	2.33
lighter	-1.00	1.56
sherman	-1.00	1.67
accept	-1.00	1.64
buffed	-1.00	1.48
hetzer	-1.00	1.57
bars	-1.00	1.21
degrees	-1.00	1.85
reduction	-1.00	1.59
reticule	-1.00	1.55
batchat	-1.00	1.33
rotate	-1.00	1.71
decides	-0.99	3.20
harsh	-0.99	1.24
hp/t	-0.99	2.02
caring	-0.99	1.64
equip	-0.99	1.35
36	-0.99	1.17
looking	-0.99	2.99
quality	-0.99	1.42
potato	-0.99	1.28
ad	-0.99	1.18
conversion	-0.99	1.11
defending	-0.99	1.52
survived	-0.99	1.02
trust	-0.98	1.93
knows	-0.98	3.39
tall	-0.98	1.65
big	-0.98	1.50
1.5k	-0.98	1.11
getting	-0.98	2.89
stb	-0.98	1.52
department	-0.97	1.97
buff	-0.97	1.72
widely	-0.97	2.96
splash	-0.97	1.56
frustrated	-0.97	1.52
everyone	-0.97	2.06
higher	-0.97	1.73
howitzer	-0.97	1.37
driving	-0.97	1.91
t40	-0.96	1.56
fucks	-0.96	1.23
stug	-0.96	1.35
fully	-0.96	1.28
wide	-0.96	1.58
pubbie	-0.96	1.38
nailed	-0.96	1.18
zoomed	-0.96	1.58
destroying	-0.95	1.19
everything	-0.95	2.07
upgrades	-0.95	1.42
people	-0.95	2.18
costs	-0.95	1.10
nerf	-0.95	1.30
marder	-0.95	1.64
m4	-0.95	1.61
liner	-0.94	1.42
su-85b	-0.94	1.81
punishing	-0.94	1.22
mechanic	-0.94	1.43
rolling	-0.94	1.60
unrealistic	-0.94	1.88
valentine	-0.94	1.85
finished	-0.94	3.47
locking	-0.94	1.44
kv-1	-0.93	1.48
a-44	-0.93	3.32
douche	-0.93	1.28
equipment	-0.93	1.35
having	-0.93	2.56
t95	-0.93	1.23
105	-0.93	1.31
spend	-0.93	1.21
uninstall	-0.93	1.25
air	-0.93	1.00
inaccurate	-0.93	1.90
3s	-0.93	1.44
scout	-0.93	1.43
pz	-0.93	1.34
261	-0.93	1.18
jagdpanther	-0.92	1.23
conq	-0.92	1.18
statement	-0.92	3.85
clearly	-0.92	3.38
turns	-0.92	1.62
hp/ton	-0.92	2.03
agree	-0.92	3.52
timer	-0.92	1.47
binocs	-0.92	1.41
bishop	-0.92	1.35
noobs	-0.92	1.27
rhoomba	-0.92	1.16
reload	-0.92	2.20
90mm	-0.91	1.44
ac	-0.91	1.30
st-1	-0.91	1.23
35	-0.91	1.13
modules	-0.91	1.39
fv304	-0.91	1.40
punish	-0.91	1.22
enhanced	-0.91	1.33
jackson	-0.91	1.49
hellcat	-0.90	1.35
128mm	-0.90	1.41
elite	-0.90	1.37
what	-0.90	4.48
researching	-0.90	1.39
t2	-0.90	1.84
argument	-0.90	2.81
velocity	-0.90	1.74
virtually	-0.90	1.52
re	-0.90	4.10
t-44	-0.90	2.20
clanmates	-0.90	1.22
bl-9	-0.90	1.35
f3	-0.90	1.21
su-101	-0.90	1.79
chassis	-0.90	1.43
48	-0.90	1.10
opens	-0.90	0.91
compared	-0.90	1.77
par	-0.90	1.83
noticing	-0.89	2.57
49	-0.89	1.07
going	-0.89	4.44
saving	-0.89	1.22
m53/55	-0.89	1.18
loses	-0.89	1.18
bus	-0.89	1.18
t-43	-0.88	3.65
spamming	-0.88	1.26
spall	-0.88	1.42
working	-0.88	2.55
vent	-0.88	1.36
90	-0.88	1.36
confirmation	-0.88	1.36
bored	-0.88	1.29
11k	-0.88	1.14
38t	-0.88	1.55
target	-0.87	1.43
auto-aim	-0.87	1.22
attacking	-0.87	1.23
due	-0.87	2.04
being	-0.87	2.48
chi	-0.87	1.16
turn	-0.87	1.62
combined	-0.87	2.88
turtle	-0.87	1.15
putting	-0.87	2.25
considerably	-0.86	1.48
fact	-0.86	4.39
nearly	-0.86	1.66
mistaken	-0.86	3.90
304	-0.86	1.23
cent	-0.86	1.69
prototype	-0.86	1.08
about	-0.86	2.78
kick	-0.86	0.93
chaffee	-0.86	1.99
refuse	-0.86	1.80
suspension	-0.85	1.32
fear	-0.85	1.05
torsion	-0.85	1.25
concerned	-0.85	2.10
cruiser	-0.85	1.83
wear	-0.85	1.23
improving	-0.85	1.65
reduces	-0.85	1.55
flight	-0.85	1.68
metal	-0.85	1.13
changed	-0.85	1.55
prior	-0.85	1.20
t1	-0.84	1.98
at-2	-0.84	1.50
frankly	-0.84	1.52
fool	-0.84	1.60
swing	-0.84	1.87
m18	-0.84	1.69
overpowered	-0.84	1.27
running	-0.84	2.18
caller	-0.84	1.66
themselves	-0.84	1.64
gw	-0.84	1.14
reloading	-0.84	1.56
mindset	-0.83	1.68
tracks	-0.83	1.29
normal	-0.83	1.51
yelling	-0.83	1.46
62a	-0.83	1.28
reticle	-0.83	1.46
su-100	-0.83	1.37
drum	-0.83	1.81
t20	-0.83	2.02
mount	-0.83	1.48
5k	-0.83	1.13
buffing	-0.83	1.52
choke	-0.82	1.35
wrecked	-0.82	1.31
hurting	-0.82	1.96
using	-0.82	2.42
touched	-0.82	1.41
net	-0.82	1.37
hurt	-0.82	1.67
element	-0.82	1.21
7/1	-0.82	1.68
ish	-0.82	1.27
larger	-0.81	1.55
thus	-0.81	1.55
sluggish	-0.81	2.07
7k	-0.81	1.12
needing	-0.81	1.23
gear	-0.81	1.09
open	-0.81	1.30
panzer	-0.81	1.21
bat	-0.80	1.17
260	-0.80	1.10
silver	-0.80	1.17
opening	-0.80	0.98
43	-0.80	1.16
105mm	-0.80	1.47
usable	-0.80	2.37
binoculars	-0.80	1.34
76mm	-0.79	1.37
farther	-0.79	1.51
binos	-0.79	1.44
maneuver	-0.79	1.32
t18	-0.79	1.48
upgrading	-0.79	1.19
t69	-0.79	1.77
maximum	-0.79	1.72
bp	-0.79	1.46
distracted	-0.79	1.17
m4a3e8	-0.79	1.63
camera	-0.78	1.56
m1a1	-0.78	1.26
encourages	-0.78	1.28
relying	-0.78	1.44
limitations	-0.78	1.69
circle	-0.78	1.47
ease	-0.78	1.09
wolverine	-0.77	1.68
affects	-0.77	1.54
boring	-0.77	1.51
brain	-0.77	1.16
8k	-0.77	1.23
coupled	-0.77	2.91
saved	-0.77	1.09
asks	-0.77	2.18
escape	-0.77	1.32
bc	-0.77	1.09
dicker	-0.77	1.37
a-43	-0.77	2.28
losses	-0.77	1.23
alecto	-0.77	1.69
47	-0.77	1.11
maus	-0.77	1.17
is8	-0.77	1.63
m1a2	-0.76	1.32
assholes	-0.76	1.27
bert	-0.76	1.23
kicks	-0.76	1.14
unpredictable	-0.76	1.48
76	-0.76	1.22
e8	-0.76	1.49
someone	-0.76	2.26
hmmm	-0.76	1.08
leo	-0.76	1.34
66	-0.76	1.11
buying	-0.76	1.24
hax	-0.76	1.38
deserves	-0.76	1.01
centurion	-0.75	1.52
prepare	-0.75	1.15
spending	-0.75	1.17
campy	-0.75	1.22
covering	-0.75	1.37
lane	-0.75	1.21
else	-0.75	2.60
he	-0.74	2.05
causes	-0.74	1.42
wheel	-0.74	1.72
center	-0.74	1.39
minimum	-0.74	1.49
70	-0.74	1.15
understood	-0.74	1.29
targeted	-0.74	1.39
focusing	-0.74	1.81
punished	-0.74	1.45
t110e4	-0.74	1.16
aims	-0.74	1.28
sold	-0.73	3.62
jumbo	-0.73	1.68
struggles	-0.73	2.13
firefly	-0.73	1.46
chi-ri	-0.73	2.39
aimed	-0.73	1.50
v	-0.73	1.59
263	-0.73	1.13
cross	-0.73	1.30
tomato	-0.73	1.23
stick	-0.73	1.39
development	-0.72	1.10
9k	-0.72	1.35
complaint	-0.72	1.70
upgraded	-0.72	1.44
fastest	-0.72	3.53
autoaim	-0.72	1.38
corridor	-0.72	1.29
excuse	-0.72	1.29
state	-0.72	2.08
stb-1	-0.72	1.32
heavily	-0.72	1.37
performs	-0.72	1.22
stupidity	-0.72	1.34
minimize	-0.72	1.61
anyone	-0.72	2.66
60	-0.72	1.10
hummel	-0.72	1.14
b2	-0.72	1.42
kv4	-0.72	1.43
t-34-85	-0.72	2.25
randomness	-0.72	1.08
decrease	-0.72	1.77
unplayable	-0.72	1.55
lying	-0.72	1.34
pay	-0.72	1.28
51	-0.71	1.10
lemming	-0.71	1.29
degree	-0.71	1.75
58	-0.71	1.13
lands	-0.71	1.36
mt-25	-0.71	1.46
416	-0.71	2.24
favor	-0.71	0.96
precision	-0.71	1.65
unrelated	-0.70	1.47
largest	-0.70	3.38
supposed	-0.70	4.48
shut	-0.70	1.34
61	-0.70	1.45
extent	-0.70	1.08
tunnel	-0.70	1.40
leopard	-0.70	1.34
saves	-0.70	1.20
obj	-0.70	1.30
6k	-0.70	1.16
0	-0.70	1.49
conqueror	-0.70	1.17
imbalanced	-0.69	1.52
blaming	-0.69	1.70
leo1	-0.69	1.29
dead	-0.69	1.40
bastards	-0.69	1.08
arguments	-0.69	2.15
flanked	-0.69	1.49
e50m	-0.69	1.30
configuration	-0.69	1.05
e2	-0.69	1.47
negate	-0.68	1.64
50b	-0.68	1.18
negative	-0.68	1.53
interested	-0.68	3.06
t-62a	-0.68	1.35
dying	-0.68	1.84
points	-0.68	1.42
nobody	-0.68	2.24
failure	-0.68	1.29
mounting	-0.68	1.45
clips	-0.68	1.23
waffle	-0.68	1.12
su-26	-0.68	1.19
140	-0.68	1.30
wet	-0.68	1.33
152	-0.67	0.98
box	-0.67	1.31
equipped	-0.67	1.21
cost	-0.67	1.13
hurry	-0.67	2.27
admittedly	-0.67	1.17
himself	-0.67	1.35
3k	-0.67	1.17
reduced	-0.67	1.54
object	-0.67	1.35
believe	-0.67	4.39
deathstar	-0.67	0.97
derp	-0.67	1.18
iv	-0.67	1.44
e5	-0.67	1.24
held	-0.67	1.17
defend	-0.66	1.31
t62a	-0.66	1.30
er	-0.66	1.12
72	-0.66	1.16
57	-0.66	1.12
noone	-0.66	1.59
ton	-0.66	1.31
ferdi	-0.66	1.26
waffles	-0.66	1.13
rpm	-0.66	2.09
bits	-0.66	1.19
placement	-0.66	1.18
mentality	-0.65	1.20
enormous	-0.65	1.65
crying	-0.65	1.53
tempted	-0.65	2.27
cunningham	-0.65	1.70
church	-0.65	1.55
track	-0.65	1.35
fat	-0.65	1.61
lowest	-0.65	3.45
long	-0.65	1.48
268	-0.65	1.16
patton	-0.64	1.36
somebody	-0.64	1.99
88mm	-0.64	1.44
wheels	-0.64	1.14
fixing	-0.64	1.34
m48	-0.64	1.83
wz-132	-0.64	1.63
t49	-0.64	1.71
pubs	-0.64	1.30
squishy	-0.64	1.44
campers	-0.64	1.28
routes	-0.64	1.19
67	-0.64	1.10
possibly	-0.64	3.58
per	-0.63	1.31
somehow	-0.63	1.18
ball	-0.63	1.09
t4	-0.63	2.25
pushing	-0.63	1.36
terrain	-0.63	1.86
t1e6	-0.63	1.74
sacrifice	-0.63	0.91
finishing	-0.63	1.52
e3	-0.63	1.15
km/h	-0.63	1.86
53	-0.63	1.10
movements	-0.63	1.46
t57	-0.63	1.21
155	-0.63	1.17
objectively	-0.63	1.92
shermans	-0.63	1.22
replacing	-0.62	1.10
buffs	-0.62	1.15
trouble	-0.62	1.61
m10	-0.62	1.49
short	-0.62	1.48
hacker	-0.62	1.17
wte	-0.62	1.20
ultimately	-0.62	1.17
punishment	-0.62	1.22
tl-dr	-0.62	1.33
inch	-0.62	1.11
isu-152	-0.62	1.21
ppl	-0.62	1.45
34-85	-0.62	1.84
killer	-0.61	1.22
pz4	-0.61	1.17
fan	-0.61	1.42
l/70	-0.61	1.32
t44	-0.61	2.02
hacks	-0.61	1.59
t30	-0.61	1.22
52	-0.61	1.15
considering	-0.61	2.51
supposedly	-0.61	1.22
64	-0.61	1.58
driven	-0.61	1.54
e4	-0.61	1.16
return	-0.61	1.35
54	-0.61	1.12
t7	-0.61	4.05
e-100	-0.60	1.13
704	-0.60	1.23
engage	-0.60	1.27
t-150	-0.60	1.33
chunk	-0.60	1.28
t110e3	-0.60	1.16
averaged	-0.60	1.17
opponent	-0.60	1.33
pounder	-0.60	1.34
replaced	-0.60	1.12
firing	-0.60	1.54
ltp	-0.60	1.72
liked	-0.60	3.36
t-54	-0.60	1.55
underwhelming	-0.60	2.22
gold	-0.60	1.15
stationary	-0.60	1.40
blind	-0.60	1.42
identical	-0.60	1.29
losing	-0.60	1.81
8.6	-0.59	1.21
1.5	-0.59	1.29
waiting	-0.59	1.64
threw	-0.59	1.36
drastically	-0.59	1.64
weakest	-0.59	3.32
run	-0.59	1.44
probability	-0.59	1.44
75	-0.59	1.16
mass	-0.59	1.21
carrying	-0.59	1.89
kv-85	-0.59	1.33
waffentrager	-0.59	1.14
pziv	-0.59	1.09
predictable	-0.59	1.29
desire	-0.59	1.68
defense	-0.59	1.18
retreat	-0.59	1.31
enable	-0.59	1.57
increased	-0.59	1.49
50	-0.59	1.26
slap	-0.59	1.13
takes	-0.59	1.54
shell	-0.59	1.51
t-34-1	-0.59	1.77
strat	-0.59	1.32
path	-0.58	1.23
foch	-0.58	1.08
million	-0.58	1.18
55	-0.58	1.13
greater	-0.58	1.48
backwards	-0.58	1.49
forward	-0.58	1.63
reliant	-0.58	1.33
worried	-0.58	2.98
85mm	-0.58	1.37
ass	-0.58	1.23
conclusion	-0.58	2.38
15cm	-0.58	1.17
full	-0.58	1.42
planned	-0.58	1.45
m46	-0.58	1.62
lock	-0.58	1.79
setup	-0.58	1.39
fields	-0.58	1.34
closer	-0.57	1.31
85	-0.57	1.15
helping	-0.57	2.33
essentially	-0.57	1.16
asap	-0.57	1.10
initial	-0.57	1.45
pak	-0.57	1.28
mounted	-0.57	1.45
t110e5	-0.57	1.25
powered	-0.57	1.06
churchill	-0.57	1.52
finger	-0.57	1.49
mental	-0.57	1.23
65	-0.56	1.13
click	-0.56	1.77
rng	-0.56	0.97
tired	-0.56	1.91
reaction	-0.56	1.26
below	-0.56	1.65
counted	-0.56	1.33
t-50-2	-0.56	1.30
28	-0.56	1.33
transmission	-0.56	1.14
unbalanced	-0.56	1.52
reloaded	-0.56	1.46
derping	-0.56	1.02
bringing	-0.56	1.38
automatically	-0.56	1.40
otherwise	-0.56	4.31
2500	-0.56	1.22
wargaming	-0.56	1.19
850	-0.56	1.19
rebalance	-0.55	1.47
t-29	-0.55	1.63
practically	-0.55	1.43
camping	-0.55	1.28
nets	-0.55	1.20
enjoyed	-0.55	3.38
mess	-0.55	1.58
m	-0.55	3.77
locked	-0.55	1.35
isp	-0.55	1.42
430	-0.55	1.31
feet	-0.55	1.41
inb4	-0.55	1.18
sure	-0.55	4.43
win	-0.55	1.16
part	-0.55	2.45
cash	-0.55	1.33
e100	-0.55	1.14
surviving	-0.54	1.81
is7	-0.54	1.26
spg	-0.54	1.65
2k	-0.54	1.21
e-50m	-0.54	1.28
positioning	-0.54	1.57
meat	-0.54	1.07
ground	-0.54	1.56
burn	-0.54	1.23
king	-0.54	0.90
assault	-0.54	1.30
dependent	-0.54	1.38
cromwell	-0.54	1.87
56	-0.54	1.11
59-16	-0.54	1.85
required	-0.54	1.15
cm	-0.54	1.20
reported	-0.54	1.23
act	-0.54	1.13
service	-0.54	1.40
kv-3	-0.53	1.35
surrounded	-0.53	1.38
su	-0.53	1.12
therefore	-0.53	1.54
wildly	-0.53	1.38
muzzle	-0.53	1.28
speeds	-0.53	1.91
arties	-0.53	1.86
1k	-0.53	1.24
difficult	-0.53	1.44
drown	-0.53	1.29
area	-0.53	1.57
lit	-0.53	1.49
glorious	-0.53	0.78
plan	-0.53	1.94
fcm	-0.53	1.43
stopping	-0.53	1.32
realizing	-0.53	1.93
taught	-0.53	1.70
107mm	-0.52	1.30
approach	-0.52	1.24
wins	-0.52	1.12
waste	-0.52	1.53
w/r	-0.52	1.13
increases	-0.52	1.47
randomly	-0.52	1.35
variants	-0.52	1.06
bound	-0.52	1.63
settle	-0.52	1.41
e50	-0.52	1.61
isu	-0.52	1.13
hold	-0.52	1.78
122mm	-0.52	1.33
operation	-0.52	1.11
owner	-0.52	1.18
downvoting	-0.52	2.14
potatoes	-0.52	1.24
happening	-0.52	3.32
elc	-0.52	1.41
winrate	-0.52	1.15
puts	-0.52	1.31
white	-0.51	1.19
wiggling	-0.51	1.54
burning	-0.51	1.10
frustration	-0.51	1.11
spread	-0.51	1.39
jp2	-0.51	1.16
downsides	-0.51	1.96
spotted	-0.51	1.52
trying	-0.51	3.15
mood	-0.51	1.66
jp	-0.51	1.18
stalin	-0.51	0.97
improved	-0.51	1.34
wr	-0.51	1.15
breaks	-0.51	1.29
183	-0.51	1.08
promote	-0.51	1.49
fail	-0.51	1.22
iii/iv	-0.51	1.23
delay	-0.51	1.24
favour	-0.51	1.26
pulling	-0.51	1.62
seriously	-0.51	2.48
beating	-0.51	1.22
toolbox	-0.51	1.50
percent	-0.51	1.31
t29	-0.51	1.45
realistically	-0.51	1.63
scared	-0.51	1.33
4k	-0.51	1.22
experiment	-0.50	1.79
vickers	-0.50	1.55
500m	-0.50	1.39
100m	-0.50	1.38
t71	-0.50	1.73
prevents	-0.50	1.71
negligible	-0.50	1.54
pub	-0.50	1.13
punishes	-0.50	1.26
rework	-0.50	1.34
silhouette	-0.50	2.13
su-152	-0.50	1.17
170	-0.50	1.55
from	-0.50	1.57
50m	-0.50	1.28
spin	-0.50	1.34
122-44	-0.50	1.35
bastard	-0.49	3.22
secs	-0.49	1.67
wz-131	-0.49	1.64
removed	-0.49	1.09
s-51	-0.49	1.08
millions	-0.49	1.25
jpz	-0.49	1.11
treated	-0.49	1.15
reward	-0.49	1.24
praise	-0.49	0.94
122	-0.49	1.18
fv4202	-0.49	1.63
121	-0.49	1.66
hitting	-0.49	1.67
50t	-0.49	1.42
throwing	-0.49	1.54
exactly	-0.49	4.42
is-7	-0.49	1.24
prioritize	-0.49	1.35
enabled	-0.49	1.67
taking	-0.49	1.93
unicums	-0.49	1.33
fewer	-0.48	1.65
anybody	-0.48	2.15
chances	-0.48	1.62
t-34-2	-0.48	1.51
dropping	-0.48	1.62
gained	-0.48	1.07
reloads	-0.48	1.74
at2	-0.48	1.26
1s	-0.48	1.21
max	-0.48	1.35
afraid	-0.48	2.73
belong	-0.48	2.12
charging	-0.48	1.49
removing	-0.48	1.28
throughout	-0.48	1.16
patient	-0.48	1.69
claim	-0.48	2.95
maxed	-0.48	1.47
is4	-0.48	1.23
settings	-0.48	1.43
away	-0.47	1.48
400m	-0.47	1.41
poorly	-0.47	1.55
2.5k	-0.47	1.19
rate	-0.47	1.17
3000	-0.47	1.23
ranges	-0.47	1.34
selection	-0.47	1.74
right	-0.47	4.38
tight	-0.47	1.29
215b	-0.47	1.10
making	-0.47	2.00
fv215b	-0.47	1.12
starting	-0.47	1.87
sticks	-0.47	1.09
danger	-0.47	1.99
moved	-0.47	1.32
horribly	-0.47	1.57
wonders	-0.47	1.28
distance	-0.47	1.37
attitude	-0.47	1.39
presence	-0.47	1.27
prevent	-0.46	1.45
445m	-0.46	1.38
pershing	-0.46	1.82
such	-0.46	1.63
meter	-0.46	1.37
ai	-0.46	1.35
88	-0.46	1.25
reduce	-0.46	1.52
split	-0.46	1.22
centurions	-0.46	1.23
forwards	-0.46	1.47
sling	-0.46	1.45
insulting	-0.46	1.94
3/4	-0.46	1.28
who	-0.46	2.04
forced	-0.46	2.03
blues	-0.46	1.31
oddly	-0.46	1.26
wt	-0.46	1.09
8,8	-0.46	1.34
interest	-0.46	1.55
t54e1	-0.46	1.63
feelings	-0.45	1.24
kv-1s	-0.45	1.28
accelerated	-0.45	1.09
t10	-0.45	4.36
by	-0.45	1.68
drive	-0.45	1.38
arguably	-0.45	3.57
engine	-0.45	1.30
200m	-0.45	1.41
1390	-0.45	1.54
brings	-0.45	0.86
climb	-0.45	1.39
invested	-0.45	1.46
visibility	-0.45	1.48
dragon	-0.45	1.06
engaged	-0.45	1.31
nature	-0.45	1.84
replying	-0.45	3.69
acceleration	-0.44	2.59
hand	-0.44	1.18
unfair	-0.44	1.33
bar	-0.44	1.54
lost	-0.44	1.63
targets	-0.44	1.45
2200	-0.44	1.23
entirely	-0.44	2.19
near	-0.44	1.45
t8	-0.44	4.37
faces	-0.44	1.27
concentrate	-0.44	1.79
1300	-0.44	1.24
tetrarch	-0.44	1.73
62	-0.44	1.32
251	-0.44	1.54
fired	-0.44	1.34
nerfs	-0.44	1.32
alternate	-0.44	1.13
wind	-0.44	1.43
t150	-0.44	1.24
mouse	-0.44	1.80
route	-0.44	1.66
cheap	-0.44	1.16
timing	-0.43	1.58
changes	-0.43	1.44
healthy	-0.43	1.35
little	-0.43	1.64
lose	-0.43	1.84
characteristics	-0.43	2.42
average	-0.43	1.28
draw	-0.43	1.39
switching	-0.43	1.53
curse	-0.43	1.04
opposed	-0.43	1.19
range	-0.43	1.44
tries	-0.43	1.53
300m	-0.43	1.38
waffe	-0.43	1.27
type	-0.43	1.55
reaches	-0.43	1.00
differ	-0.43	1.45
hail	-0.43	0.88
justify	-0.43	1.47
affect	-0.43	1.65
107	-0.43	1.19
paying	-0.43	1.18
relative	-0.43	1.43
jpe100	-0.43	1.13
4202	-0.43	1.55
largely	-0.43	1.53
leave	-0.43	2.00
counts	-0.43	1.30
enjoyable	-0.42	1.23
loads	-0.42	1.21
quiet	-0.42	1.12
cannon	-0.42	1.43
accelerate	-0.42	1.49
loss	-0.42	1.58
owners	-0.42	1.02
render	-0.42	1.34
left	-0.42	1.83
fires	-0.42	1.22
invest	-0.42	1.55
basicly	-0.42	1.56
needed	-0.42	1.91
teamwork	-0.42	1.41
loaded	-0.42	1.37
kv-13	-0.42	2.26
beyond	-0.42	1.34
lowe	-0.42	1.48
spam	-0.42	1.34
lack	-0.42	2.76
loadout	-0.42	1.34
thumb	-0.42	1.70
1700	-0.42	1.24
regard	-0.41	1.51
completed	-0.41	1.38
pretend	-0.41	2.47
seal	-0.41	1.11
meters	-0.41	1.37
rely	-0.41	1.38
chi-to	-0.41	2.17
huge	-0.41	1.49
80	-0.41	1.12
unload	-0.41	1.39
spent	-0.41	1.30
nail	-0.41	1.41
team	-0.41	1.52
resetting	-0.41	1.25
upon	-0.41	1.08
rolls	-0.41	1.26
achieve	-0.41	1.37
jpe	-0.41	1.15
mission	-0.41	1.20
cheat	-0.41	1.41
fv	-0.41	1.11
rude	-0.41	1.91
20mm	-0.41	1.46
additionally	-0.41	1.39
sits	-0.41	1.21
motion	-0.41	1.35
1500	-0.41	1.28
1400	-0.41	1.28
increasing	-0.40	1.62
slowly	-0.40	1.44
destroy	-0.40	1.25
extended	-0.40	1.35
chat	-0.40	1.38
ie	-0.40	1.36
subject	-0.40	1.47
square	-0.40	1.35
closest	-0.40	2.68
overall	-0.40	1.20
and/or	-0.40	1.22
1800	-0.40	1.26
thickness	-0.40	1.73
force	-0.40	1.76
panther	-0.40	1.18
limiting	-0.40	1.43
hesh	-0.40	1.32
asking	-0.40	2.99
horsepower	-0.40	1.85
depot	-0.40	1.10
judging	-0.39	1.25
1000	-0.39	1.29
grass	-0.39	1.34
800	-0.39	1.31
jt	-0.39	1.44
wtf	-0.39	1.39
shoots	-0.39	1.43
knowing	-0.39	1.76
600	-0.39	1.32
module	-0.39	1.15
tomatoes	-0.39	1.28
leader	-0.39	0.93
ap	-0.39	1.41
armed	-0.39	1.27
bit	-0.39	1.51
fails	-0.39	1.49
engagement	-0.39	1.34
ii	-0.39	1.31
caught	-0.39	1.57
underrated	-0.39	2.30
standing	-0.39	1.38
damaged	-0.39	1.22
battles	-0.39	1.37
person	-0.39	2.22
pissed	-0.39	1.79
1100	-0.39	1.32
seconds	-0.38	1.47
averaging	-0.38	1.27
cripple	-0.38	1.27
minute	-0.38	1.51
survival	-0.38	1.33
material	-0.38	1.23
t67	-0.38	1.62
outside	-0.38	1.35
apcr	-0.38	1.43
circles	-0.38	1.37
expensive	-0.38	1.29
prone	-0.38	1.38
areas	-0.38	1.56
relevant	-0.38	1.46
remove	-0.38	1.37
serious	-0.38	1.86
faced	-0.38	1.46
camo	-0.38	1.39
rushes	-0.38	1.30
2000	-0.38	1.31
contribute	-0.38	1.88
am	-0.38	3.60
1200	-0.37	1.29
balancing	-0.37	1.36
round	-0.37	1.42
pz.kpfw	-0.37	1.32
shadows	-0.37	1.40
26	-0.37	1.40
131	-0.37	1.44
900	-0.37	1.33
ru251	-0.37	1.74
extra	-0.37	1.19
misses	-0.37	1.42
exploit	-0.37	1.72
matilda	-0.37	1.69
tumor	-0.37	1.54
e.g	-0.37	1.19
basically	-0.37	2.91
niche	-0.37	1.29
pray	-0.37	1.10
much	-0.37	2.19
aa	-0.37	1.32
desired	-0.37	1.26
covered	-0.37	1.18
flex	-0.37	1.24
confirm	-0.37	1.32
kph	-0.37	1.69
terms	-0.37	1.70
applies	-0.37	1.33
rack	-0.37	1.19
jagdtiger	-0.37	1.28
their	-0.37	1.63
120	-0.36	1.30
13	-0.36	1.36
rounds	-0.36	1.33
more	-0.36	1.78
scratch	-0.36	1.30
named	-0.36	1.04
recall	-0.36	2.30
expecting	-0.36	2.68
shits	-0.36	1.20
blowing	-0.36	1.28
stomp	-0.36	1.15
spgs	-0.36	1.90
progression	-0.36	1.44
raise	-0.36	1.33
heat	-0.36	1.39
detect	-0.36	1.37
22	-0.36	1.47
fuel	-0.36	1.19
isolated	-0.36	1.38
supply	-0.36	1.27
500	-0.36	1.35
complicated	-0.35	1.38
engaging	-0.35	1.44
15m	-0.35	1.36
quit	-0.35	1.32
yourself	-0.35	2.20
rewarding	-0.35	1.36
without	-0.35	2.05
mention	-0.35	2.68
kv1	-0.35	1.42
scroll	-0.35	1.94
constantly	-0.35	1.86
derpy	-0.35	1.49
lttb	-0.35	1.81
struggling	-0.35	1.49
further	-0.35	1.42
decision	-0.35	1.65
t25	-0.35	1.49
under	-0.35	1.66
circled	-0.35	1.55
western	-0.35	1.46
deck	-0.35	1.52
performance	-0.34	1.33
cautious	-0.34	1.50
me	-0.34	2.66
ambush	-0.34	1.32
load	-0.34	1.34
wiggle	-0.34	1.55
bias	-0.34	1.48
tracers	-0.34	1.27
money	-0.34	1.40
mk	-0.34	1.38
biggest	-0.34	1.62
pinned	-0.34	1.58
cheating	-0.34	1.41
alone	-0.34	1.80
ahead	-0.34	1.43
pressing	-0.34	1.82
wanting	-0.34	2.21
tracked	-0.34	1.51
develop	-0.34	1.60
wz-120	-0.34	1.46
disabled	-0.34	1.36
point	-0.34	4.35
afford	-0.34	1.56
30	-0.34	1.76
yolo	-0.34	1.20
appear	-0.34	1.58
generate	-0.34	1.30
risks	-0.33	1.42
blocked	-0.33	1.40
113	-0.33	1.76
theirs	-0.33	1.22
increase	-0.33	1.65
5000	-0.33	1.11
uk	-0.33	1.55
200	-0.33	1.39
deserve	-0.33	1.50
counterparts	-0.33	2.54
commit	-0.33	1.65
unless	-0.33	3.76
kv	-0.33	1.12
size	-0.33	1.77
except	-0.33	1.99
132	-0.33	1.48
willing	-0.33	2.97
cap	-0.33	1.39
240	-0.33	1.64
button	-0.33	1.89
ol	-0.32	1.12
permanent	-0.32	1.09
wasted	-0.32	1.32
opinion	-0.32	2.73
is-4	-0.32	1.23
1600	-0.32	1.32
push	-0.32	1.21
blow	-0.32	1.10
knowledge	-0.32	1.60
filled	-0.32	1.25
bear	-0.32	1.18
chance	-0.32	1.71
152mm	-0.32	1.04
paint	-0.32	1.27
is-2	-0.32	1.33
spot	-0.32	1.41
light	-0.32	2.39
tad	-0.32	1.56
heck	-0.32	1.19
purples	-0.32	1.28
strongest	-0.32	3.72
alive	-0.32	1.91
understanding	-0.32	1.71
viewrange	-0.32	2.31
now	-0.32	4.44
focused	-0.32	1.48
shoot	-0.32	1.69
setting	-0.32	1.40
1080p	-0.32	1.46
57mm	-0.31	1.46
protect	-0.31	1.40
streaks	-0.31	1.46
destroyed	-0.31	1.27
placed	-0.31	1.31
alley	-0.31	1.69
aircraft	-0.31	1.12
radius	-0.31	1.17
avoid	-0.31	1.93
afk	-0.31	1.35
slinging	-0.31	1.41
wrecks	-0.31	1.40
vastly	-0.31	1.45
when	-0.31	3.31
sitting	-0.31	1.37
exit	-0.31	1.83
within	-0.31	1.34
facing	-0.31	1.77
besides	-0.31	1.71
die	-0.31	1.84
precisely	-0.31	1.58
t	-0.31	1.07
determine	-0.31	1.46
shells	-0.31	1.39
threats	-0.31	1.36
receiving	-0.31	1.52
racks	-0.31	1.27
above	-0.30	1.44
offense	-0.30	1.48
god	-0.30	2.21
caused	-0.30	1.34
overwhelming	-0.30	1.22
locust	-0.30	1.59
distances	-0.30	1.37
base	-0.30	1.30
min	-0.30	1.38
overly	-0.30	1.88
ammo	-0.30	1.26
offset	-0.30	1.71
addition	-0.30	1.17
907	-0.30	1.19
unusual	-0.30	1.30
knocked	-0.30	1.24
demand	-0.30	1.28
up	-0.30	2.37
structure	-0.30	1.25
purely	-0.30	1.35
simultaneously	-0.30	1.35
secondary	-0.30	1.28
disable	-0.29	1.40
impression	-0.29	2.11
latter	-0.29	1.09
tactical	-0.29	1.51
secondly	-0.29	1.18
visible	-0.29	1.33
detected	-0.29	1.29
panther/m10	-0.29	1.42
lowered	-0.29	1.53
map	-0.29	1.56
tier8	-0.29	4.18
removal	-0.29	1.15
lately	-0.29	1.77
auf	-0.29	1.15
comparison	-0.29	1.17
strength	-0.29	1.54
low-tier	-0.29	1.78
threat	-0.29	1.46
staying	-0.29	1.51
boxes	-0.29	1.08
anger	-0.29	1.08
importance	-0.29	1.42
production	-0.29	1.24
700	-0.29	1.43
packet	-0.29	1.41
objective	-0.29	1.31
impossible	-0.29	1.57
choices	-0.29	1.42
weight	-0.28	1.81
spikes	-0.28	1.44
ammunition	-0.28	1.28
capped	-0.28	1.41
330	-0.28	1.54
winrates	-0.28	1.22
dpg	-0.28	1.22
roll	-0.28	1.31
convinced	-0.28	2.34
decide	-0.28	2.28
nothing	-0.28	3.18
black	-0.28	1.23
bots	-0.28	1.40
lightly	-0.28	1.55
hit	-0.28	1.53
eliminate	-0.28	1.40
gun	-0.28	2.84
wz	-0.28	1.46
fury	-0.28	1.33
daily	-0.28	1.08
e-25	-0.28	1.33
baddie	-0.28	1.36
stress	-0.28	1.27
standard	-0.28	1.40
disappear	-0.28	1.35
detail	-0.28	1.38
distract	-0.28	1.42
lag	-0.28	1.54
obstacles	-0.28	1.34
attempting	-0.28	1.91
snipers	-0.28	1.57
throw	-0.28	1.57
400	-0.28	1.56
leaves	-0.28	1.41
deciding	-0.28	1.92
varies	-0.28	1.47
stay	-0.28	1.40
habits	-0.28	1.40
spare	-0.28	1.29
banning	-0.27	1.53
metric	-0.27	1.33
balanced	-0.27	1.58
t-127	-0.27	1.47
rape	-0.27	1.20
dirty	-0.27	1.15
press	-0.27	1.88
bush	-0.27	1.34
300	-0.27	1.49
60fps	-0.27	1.37
drives	-0.27	1.24
adding	-0.27	1.61
dealing	-0.27	1.74
connected	-0.27	1.14
draws	-0.27	1.27
safely	-0.27	1.57
serves	-0.27	1.28
view	-0.27	1.61
conditions	-0.27	1.24
paid	-0.27	1.19
reach	-0.27	1.38
infantry	-0.27	1.18
down	-0.27	1.87
camp	-0.27	1.21
25	-0.27	1.37
swap	-0.27	1.39
generally	-0.27	2.28
causing	-0.27	1.55
talks	-0.27	1.89
stealth	-0.27	1.13
recent	-0.27	1.21
750	-0.27	1.57
advance	-0.26	1.31
tens	-0.26	1.52
150	-0.26	1.45
ammorack	-0.26	1.23
radio	-0.26	1.38
spotting	-0.26	1.41
illegal	-0.26	1.55
59	-0.26	1.39
penning	-0.26	1.51
calculate	-0.26	1.46
spots	-0.26	1.51
use	-0.26	2.10
kv1s	-0.26	1.37
pre	-0.26	1.17
450	-0.26	1.50
replacement	-0.26	1.12
apart	-0.26	1.33
cause	-0.26	1.83
winning	-0.26	1.54
cliff	-0.26	1.29
actively	-0.26	1.78
goal	-0.26	1.41
enemies	-0.26	1.55
small	-0.26	1.58
queue	-0.26	1.42
efforts	-0.26	1.44
matters	-0.26	1.87
leaving	-0.26	1.52
omg	-0.26	1.32
finding	-0.26	1.84
belt	-0.26	1.34
streak	-0.26	1.28
highest	-0.26	3.36
matildas	-0.26	1.24
none	-0.26	1.36
allowing	-0.26	1.56
chi-nu	-0.26	1.36
severe	-0.25	1.49
customers	-0.25	1.26
fps	-0.25	1.33
depression	-0.25	2.91
wn8	-0.25	1.23
exists	-0.25	1.35
gets	-0.25	1.46
odds	-0.25	1.49
listed	-0.25	1.48
armored	-0.25	1.63
monthly	-0.25	1.13
reaching	-0.25	1.17
strategy	-0.25	1.70
back	-0.25	1.90
units	-0.25	1.23
expose	-0.25	1.43
stops	-0.25	1.42
while	-0.25	1.77
e-50	-0.25	1.13
reposition	-0.25	1.45
distribution	-0.25	1.33
magazine	-0.25	1.45
arbitrary	-0.25	1.27
hellcats	-0.25	1.10
seemingly	-0.25	1.01
around	-0.25	1.56
frames	-0.25	1.33
disclaimer	-0.25	1.72
manner	-0.25	1.80
shift	-0.25	1.55
understandable	-0.24	1.57
off	-0.24	1.55
says	-0.24	2.18
others	-0.24	2.82
allows	-0.24	1.63
beneficial	-0.24	1.38
resolution	-0.24	1.33
superpershing	-0.24	1.27
balance	-0.24	1.41
superior	-0.24	1.85
dollars	-0.24	1.23
statistically	-0.24	1.61
crucial	-0.24	1.25
low	-0.24	2.60
capping	-0.24	1.40
etc	-0.24	1.47
teammates	-0.24	1.62
connection	-0.24	1.70
field	-0.24	1.30
predict	-0.24	1.81
massively	-0.24	1.49
blood	-0.24	0.86
confusing	-0.24	1.35
habit	-0.24	1.65
100mm	-0.24	1.40
mle	-0.24	1.33
accomplish	-0.24	2.15
popping	-0.24	1.50
dealt	-0.24	1.35
attention	-0.24	1.49
slot	-0.24	1.31
walk	-0.24	1.15
hits	-0.24	1.42
carried	-0.24	1.35
wn7	-0.24	1.21
how	-0.24	3.25
length	-0.24	1.17
112	-0.24	1.50
wg	-0.24	1.37
surprised	-0.23	2.71
pull	-0.23	1.42
framerate	-0.23	1.31
glory	-0.23	0.88
computers	-0.23	1.21
vision	-0.23	1.57
lord	-0.23	0.95
atm	-0.23	1.49
loving	-0.23	3.21
padding	-0.23	1.13
periods	-0.23	1.35
180	-0.23	1.50
signal	-0.23	1.43
drops	-0.23	1.40
wz-111	-0.23	1.37
pure	-0.23	1.22
boat	-0.23	1.59
dies	-0.23	1.31
weighs	-0.23	1.45
thousands	-0.23	1.54
solely	-0.23	1.19
suicide	-0.23	1.33
utilize	-0.23	1.70
over	-0.23	1.42
pop	-0.23	1.39
priority	-0.23	1.38
120mm	-0.23	1.41
farming	-0.23	1.15
opponents	-0.23	1.46
earner	-0.23	1.98
unspotted	-0.23	1.36
flank	-0.23	1.52
standards	-0.23	1.08
noticeable	-0.23	1.29
solo	-0.23	1.09
aspect	-0.23	1.26
product	-0.22	1.26
rates	-0.22	1.27
counter	-0.22	1.24
laughing	-0.22	1.38
blew	-0.22	1.26
knock	-0.22	1.12
350	-0.22	1.69
win8	-0.22	1.23
catch	-0.22	1.65
reducing	-0.22	1.51
showed	-0.22	1.46
vehicles	-0.22	1.72
evil	-0.22	1.07
s35	-0.22	1.31
france	-0.22	1.34
easiest	-0.22	3.18
weakpoints	-0.22	1.54
h	-0.22	1.20
victim	-0.22	1.52
failed	-0.22	1.33
hiding	-0.22	1.39
blank	-0.22	1.31
snipe	-0.22	1.34
car	-0.22	1.26
jerk	-0.21	1.25
pz1c	-0.21	1.65
behavior	-0.21	1.34
dmg	-0.21	1.46
ping	-0.21	1.38
matchmaking	-0.21	1.56
carry	-0.21	1.85
intend	-0.21	2.79
usage	-0.21	1.36
safe	-0.21	1.43
consensus	-0.21	1.14
f	-0.21	1.14
boost	-0.21	1.30
penetrates	-0.21	1.39
judge	-0.21	2.09
killed	-0.21	1.42
ftfy	-0.21	1.00
alpha	-0.21	2.53
t-34-3	-0.21	1.46
rare	-0.21	1.44
prince	-0.21	1.51
discount	-0.21	1.38
attempt	-0.21	1.53
ditch	-0.21	1.33
coin	-0.21	1.20
developed	-0.21	1.31
shadow	-0.21	1.03
is6	-0.21	1.80
flow	-0.21	1.60
relocate	-0.21	1.41
roughly	-0.21	1.60
contrary	-0.21	2.02
action	-0.21	1.17
parts	-0.21	1.29
is3	-0.21	1.26
hearing	-0.21	1.71
resets	-0.20	1.20
sit	-0.20	1.35
maintain	-0.20	1.29
dice	-0.20	0.90
racked	-0.20	1.35
cover	-0.20	1.36
whore	-0.20	1.17
frequently	-0.20	1.63
factor	-0.20	1.52
avg	-0.20	1.49
arse	-0.20	1.24
9.4	-0.20	1.58
count	-0.20	2.62
deliberately	-0.20	1.48
awareness	-0.20	1.46
checks	-0.20	1.63
cycle	-0.20	1.43
risk	-0.20	1.41
ignoring	-0.20	1.96
lame	-0.20	1.39
lemmings	-0.20	1.41
coming	-0.20	2.60
levels	-0.20	1.43
counting	-0.20	1.43
visit	-0.20	1.45
severely	-0.20	1.19
1/3	-0.20	1.36
identify	-0.20	1.65
turned	-0.20	1.24
invulnerable	-0.20	1.73
weekly	-0.20	1.45
dig	-0.19	1.75
abusing	-0.19	1.93
choosing	-0.19	1.27
earning	-0.19	1.63
follow	-0.19	1.37
province	-0.19	1.43
switch	-0.19	1.39
dedicated	-0.19	1.15
stack	-0.19	1.67
armoured	-0.19	1.63
camouflage	-0.19	1.38
internet	-0.19	1.46
buy	-0.19	1.15
half	-0.19	1.57
unable	-0.19	1.73
handle	-0.19	1.89
appeared	-0.19	1.21
forcing	-0.19	1.83
eff	-0.19	1.18
city	-0.19	1.33
theoretically	-0.19	1.77
dump	-0.19	1.33
tigers	-0.19	1.19
rank	-0.19	1.53
incoming	-0.19	1.35
mechanics	-0.19	1.82
all-reddit	-0.19	1.45
lower	-0.19	1.80
partially	-0.19	1.16
pointed	-0.19	1.68
specs	-0.18	1.64
pressure	-0.18	1.14
impenetrable	-0.18	1.61
weakspots	-0.18	1.60
become	-0.18	1.86
panthers	-0.18	1.27
fights	-0.18	1.38
worry	-0.18	2.53
control	-0.18	1.49
necessary	-0.18	1.45
ip	-0.18	1.33
m60	-0.18	1.15
doubt	-0.18	2.72
severogorsk	-0.18	1.32
110	-0.18	1.41
magically	-0.18	1.49
learning	-0.18	1.88
fyi	-0.18	1.07
crack	-0.18	1.34
ratio	-0.18	1.62
already	-0.18	3.12
jt88	-0.18	1.79
dangerous	-0.18	1.24
overcome	-0.18	1.72
kills	-0.18	1.33
depend	-0.18	1.88
countdown	-0.18	1.39
similarly	-0.18	0.93
affected	-0.17	1.33
gain	-0.17	1.22
parked	-0.17	1.52
critical	-0.17	1.32
out	-0.17	2.13
captured	-0.17	1.35
stop	-0.17	1.96
kt	-0.17	1.12
sideways	-0.17	1.45
teams	-0.17	1.33
cases	-0.17	1.78
crest	-0.17	1.40
damage	-0.17	1.49
enemy	-0.17	1.54
games	-0.17	1.35
avoiding	-0.17	1.69
why	-0.17	3.47
sneak	-0.17	1.36
practical	-0.17	1.91
income	-0.17	1.41
since	-0.17	2.39
directions	-0.17	1.55
lay	-0.17	1.45
sample	-0.17	1.45
experience	-0.17	1.14
myself	-0.17	2.16
autoloader	-0.17	1.34
learn	-0.17	1.97
sticking	-0.17	1.43
t54	-0.17	1.65
30mm	-0.17	1.55
consistency	-0.17	1.32
repeat	-0.17	1.61
mode	-0.17	1.42
calculated	-0.17	1.36
suddenly	-0.17	1.60
combat	-0.17	1.39
however	-0.16	2.65
arrive	-0.16	1.51
random	-0.16	1.46
111	-0.16	1.78
commonly	-0.16	1.45
operate	-0.16	1.30
conversation	-0.16	1.46
thicker	-0.16	1.78
penetrating	-0.16	1.44
forces	-0.16	1.24
claims	-0.16	2.12
anything	-0.16	3.27
hacking	-0.16	1.27
collision	-0.16	1.57
continuing	-0.16	1.80
miss	-0.16	1.60
mother	-0.16	1.22
strats	-0.16	1.34
clue	-0.16	3.62
anywhere	-0.16	2.04
opposition	-0.16	1.25
flaws	-0.16	1.56
reds	-0.16	1.26
street	-0.16	1.24
weighted	-0.16	1.50
one-shot	-0.16	1.17
japan	-0.16	1.38
crosshair	-0.16	1.39
edge	-0.16	1.35
scouts	-0.16	1.70
assisted	-0.16	1.32
limit	-0.16	1.53
opposing	-0.16	1.40
ridge	-0.16	1.36
los	-0.16	1.49
lead	-0.16	1.31
set	-0.16	1.47
flanks	-0.16	1.46
disadvantage	-0.16	1.61
goes	-0.16	1.80
strengths	-0.16	1.61
remaining	-0.16	1.42
static	-0.16	1.26
hide	-0.16	1.40
land	-0.16	1.46
deal	-0.16	1.96
compare	-0.15	1.43
manage	-0.15	1.86
hitpoints	-0.15	1.77
8.10	-0.15	1.50
designs	-0.15	1.49
kai	-0.15	1.32
graphics	-0.15	1.30
exposed	-0.15	1.46
complaints	-0.15	1.40
reverse	-0.15	1.64
clicked	-0.15	1.28
zones	-0.15	1.43
confident	-0.15	2.41
amount	-0.15	1.41
companies	-0.15	1.36
playerbase	-0.15	1.33
instance	-0.15	1.31
talked	-0.15	2.01
secure	-0.15	1.30
whether	-0.15	2.91
replace	-0.15	1.22
tokens	-0.15	1.15
tendency	-0.15	2.03
among	-0.15	3.44
modified	-0.15	1.16
unnecessary	-0.15	1.39
key	-0.15	1.51
block	-0.15	1.22
applying	-0.15	1.56
beat	-0.15	1.48
flat	-0.14	1.88
loading	-0.14	1.38
cammo	-0.14	1.38
succeed	-0.14	1.50
mm	-0.14	1.27
proceed	-0.14	1.42
grow	-0.14	1.11
31	-0.14	1.29
driver	-0.14	1.43
mbt	-0.14	1.18
penetration	-0.14	2.47
implement	-0.14	1.50
bullet	-0.14	1.35
locations	-0.14	1.63
close	-0.14	1.35
primarily	-0.14	1.34
bushes	-0.14	1.32
aka	-0.14	0.85
boot	-0.14	1.54
penetrate	-0.14	1.67
start	-0.14	1.74
clock	-0.14	1.44
keeping	-0.14	1.82
does	-0.14	3.40
deadeye	-0.14	1.45
opinions	-0.14	2.25
dynamic	-0.14	1.29
optimized	-0.14	1.35
improve	-0.14	1.29
popular	-0.14	1.23
active	-0.14	1.23
sight	-0.14	1.37
opposite	-0.14	2.07
hulls	-0.14	1.52
punch	-0.13	1.35
survive	-0.13	1.69
report	-0.13	1.40
chieftain	-0.13	1.11
outclassed	-0.13	2.74
tiny	-0.13	1.49
value	-0.13	1.36
forth	-0.13	1.46
passive	-0.13	1.25
pace	-0.13	1.11
tons	-0.13	1.70
produced	-0.13	1.44
karelia	-0.13	1.32
russia	-0.13	1.15
multiplier	-0.13	1.10
engagements	-0.13	1.34
e	-0.13	1.09
chasing	-0.13	1.39
weaknesses	-0.13	1.59
dodge	-0.13	1.26
c	-0.13	1.06
spawn	-0.13	1.29
explosive	-0.13	1.27
testing	-0.13	1.33
never	-0.13	3.06
loaders	-0.13	1.40
pens	-0.13	1.45
worth	-0.13	1.40
zone	-0.13	1.32
hidden	-0.13	1.38
roles	-0.13	1.22
hills	-0.13	1.36
valley	-0.13	1.28
bonus	-0.13	1.12
zoom	-0.13	1.39
feel	-0.13	2.62
snap	-0.13	1.47
equivalent	-0.13	1.10
prem	-0.13	1.73
determined	-0.12	1.44
did	-0.12	3.62
bridge	-0.12	1.24
argue	-0.12	3.18
normalization	-0.12	1.62
method	-0.12	1.48
lakeville	-0.12	1.29
t34	-0.12	1.82
220	-0.12	1.33
iii	-0.12	1.49
ghz	-0.12	1.32
keep	-0.12	1.93
hoping	-0.12	2.94
both	-0.12	1.27
order	-0.12	1.90
dirt	-0.12	1.16
meet	-0.12	1.51
botting	-0.12	1.36
barrel	-0.12	1.26
towards	-0.12	1.37
erlenberg	-0.12	1.31
mines	-0.12	1.31
redshire	-0.12	1.32
tells	-0.12	1.78
feed	-0.12	1.02
rof	-0.12	2.64
ride	-0.12	1.46
braking	-0.11	1.46
moment	-0.11	2.69
corner	-0.11	1.41
busy	-0.11	1.87
present	-0.11	1.45
smooth	-0.11	1.48
edges	-0.11	1.38
rating	-0.11	1.22
150mm	-0.11	1.62
passively	-0.11	1.40
clutch	-0.11	1.46
continue	-0.11	1.83
flag	-0.11	1.34
associated	-0.11	1.06
letting	-0.11	1.76
awhile	-0.11	1.48
slots	-0.11	1.16
reasoning	-0.11	2.63
patch	-0.11	1.62
implies	-0.11	1.87
before	-0.11	2.27
holding	-0.11	1.83
8.8	-0.11	1.58
theory	-0.11	1.82
backing	-0.11	1.55
strategic	-0.11	1.46
shake	-0.11	1.33
friendlies	-0.11	1.46
poking	-0.11	1.38
announced	-0.11	1.58
quarters	-0.11	1.36
aside	-0.11	1.49
randoms	-0.11	1.23
malinovka	-0.10	1.34
su-122-44	-0.10	1.50
operator	-0.10	1.37
poke	-0.10	1.40
rain	-0.10	1.29
banned	-0.10	1.33
grasp	-0.10	2.01
implying	-0.10	2.02
angles	-0.10	1.82
default	-0.10	1.47
situational	-0.10	1.38
kv-5	-0.10	1.26
river	-0.10	1.30
aggressive	-0.10	1.37
know	-0.10	3.63
garage	-0.10	1.16
risky	-0.10	1.25
reliably	-0.10	1.67
fight	-0.10	1.53
figure	-0.10	3.05
drawing	-0.10	1.53
wn8|avg	-0.10	1.33
ages	-0.10	1.40
aggressively	-0.10	1.18
instantly	-0.10	1.67
once	-0.10	2.25
komarin	-0.10	1.34
lake	-0.10	1.27
teach	-0.10	2.04
problems	-0.10	1.77
hp	-0.10	1.78
cuz	-0.10	1.29
elements	-0.10	1.40
snapshot	-0.10	1.48
m41	-0.10	1.56
percentage	-0.10	1.32
westfield	-0.10	1.31
invisible	-0.10	1.31
exposing	-0.10	1.50
abbey	-0.10	1.35
pad	-0.10	1.21
law	-0.10	1.38
middle	-0.10	1.29
human	-0.10	1.36
encounter	-0.10	1.32
targeting	-0.10	1.26
sand	-0.10	1.31
idk	-0.10	2.21
handled	-0.10	1.34
positions	-0.09	1.44
95	-0.09	1.32
maps	-0.09	1.45
immediately	-0.09	2.03
shield	-0.09	1.29
followed	-0.09	1.22
mountain	-0.09	1.30
encourage	-0.09	1.37
sacred	-0.09	1.31
usual	-0.09	1.28
reality	-0.09	1.54
175	-0.09	1.53
autoloading	-0.09	1.51
price	-0.09	1.04
cupolas	-0.09	1.69
100	-0.09	1.26
highway	-0.09	1.33
meta	-0.09	1.30
gon	-0.09	3.55
pen	-0.09	2.09
developer	-0.09	1.36
behind	-0.09	1.39
creates	-0.09	1.35
matchmaker	-0.09	1.35
lone	-0.09	1.38
possibility	-0.09	1.71
frame	-0.09	1.37
whilst	-0.09	1.37
entire	-0.09	1.60
ships	-0.09	0.96
shotted	-0.09	1.51
blue	-0.09	1.24
subjective	-0.09	1.80
bucks	-0.09	1.20
maintenance	-0.09	1.47
foliage	-0.09	1.25
communication	-0.09	1.38
glaring	-0.09	1.45
regret	-0.09	1.70
flaw	-0.09	2.10
proven	-0.09	1.91
allies	-0.09	1.58
handed	-0.08	1.55
drop	-0.08	1.48
50/50	-0.08	1.31
rushing	-0.08	1.34
yellow	-0.08	1.21
star	-0.08	1.08
superstructure	-0.08	1.44
village	-0.08	1.32
kv-2s	-0.08	1.04
convince	-0.08	2.06
comp	-0.08	1.55
shots	-0.08	1.47
turrets	-0.08	1.36
earned	-0.08	1.12
states	-0.08	1.84
lot	-0.08	2.22
fans	-0.08	1.25
weakness	-0.08	1.70
warpack	-0.08	1.32
tie	-0.08	1.26
prokhorovka	-0.08	1.33
policy	-0.08	1.72
proceeded	-0.08	1.55
exclusively	-0.08	1.29
east	-0.08	1.39
stable	-0.08	1.46
itself	-0.08	1.67
multicore	-0.08	1.51
stand	-0.08	2.81
garbad	-0.08	1.30
36.01	-0.08	1.22
tactics	-0.08	1.63
coast	-0.08	1.36
sun	-0.08	0.97
ruinberg	-0.07	1.33
doom	-0.07	1.19
purchased	-0.07	1.37
traffic	-0.07	1.44
contributing	-0.07	1.99
recon	-0.07	1.40
retraining	-0.07	1.27
ferdinand	-0.07	1.24
seek	-0.07	1.47
own	-0.07	1.54
no	-0.07	3.15
empty	-0.07	1.25
indication	-0.07	1.59
green	-0.07	1.21
differences	-0.07	1.35
tracking	-0.07	1.39
directly	-0.07	1.32
proof	-0.07	1.72
rear	-0.07	1.64
blown	-0.07	1.12
again	-0.07	2.90
clip	-0.07	1.58
fall	-0.07	1.37
kv5	-0.07	1.29
hack	-0.07	1.53
reports	-0.07	1.32
tag	-0.07	1.53
textures	-0.07	1.31
patience	-0.07	1.43
produce	-0.07	1.49
arms	-0.07	1.35
9.1	-0.07	1.60
invincible	-0.07	1.45
proud	-0.07	1.69
kv-2	-0.07	1.08
rapidly	-0.07	1.34
able	-0.07	2.48
caps	-0.06	1.38
truly	-0.06	1.27
wait	-0.06	1.73
them	-0.06	2.92
steppes	-0.06	1.34
network	-0.06	1.36
china	-0.06	1.38
t37	-0.06	1.81
double	-0.06	1.10
understand	-0.06	3.11
matter	-0.06	3.58
study	-0.06	1.98
hundreds	-0.06	1.54
murovanka	-0.06	1.34
far	-0.06	2.55
reset	-0.06	1.28
goals	-0.06	1.49
lt	-0.06	1.32
mt	-0.06	1.80
swamp	-0.06	1.33
tiger	-0.06	1.17
bot	-0.06	1.37
halluf	-0.06	1.34
fix	-0.06	1.84
peeking	-0.06	1.41
el	-0.06	1.34
killing	-0.06	1.43
transfer	-0.06	1.22
outdated	-0.06	1.12
decisions	-0.06	1.79
efficiency	-0.06	1.23
aswell	-0.06	1.32
patches	-0.06	1.44
loader	-0.06	1.41
wondering	-0.06	3.27
carrier	-0.06	1.04
menu	-0.06	1.52
same	-0.06	2.53
significant	-0.06	1.50
racing	-0.05	1.02
ways	-0.05	1.93
steep	-0.05	1.45
composition	-0.05	1.57
overmatch	-0.05	1.44
quarter	-0.05	1.45
responding	-0.05	2.30
himmelsdorf	-0.05	1.33
direct	-0.05	1.47
damaging	-0.05	1.36
backed	-0.05	1.30
bay	-0.05	1.33
ally	-0.05	1.39
meaning	-0.05	1.83
described	-0.05	1.60
exceptions	-0.05	1.69
responsible	-0.05	1.51
messing	-0.05	1.51
prove	-0.05	2.47
ratings	-0.05	1.26
cupola	-0.05	1.64
ban	-0.05	1.34
early	-0.05	1.40
viewer	-0.05	1.68
drawbacks	-0.05	1.65
gtx	-0.05	1.35
ensk	-0.05	1.34
gunner	-0.05	1.44
worthy	-0.05	1.10
shine	-0.05	1.26
transferred	-0.05	1.27
peoples	-0.05	1.54
factors	-0.05	1.52
want	-0.05	3.44
retrained	-0.05	1.16
tab	-0.05	1.83
texture	-0.05	1.29
impact	-0.04	1.51
solve	-0.04	1.95
meeting	-0.04	1.47
alt	-0.04	1.47
deep	-0.04	1.28
search	-0.04	1.47
approve	-0.04	1.66
scouting	-0.04	1.24
pearl	-0.04	1.32
altogether	-0.04	1.31
perform	-0.04	2.18
repeatable	-0.04	1.45
values	-0.04	1.38
whatnot	-0.04	1.28
regular	-0.04	2.00
primary	-0.04	1.38
discussing	-0.04	2.08
statistical	-0.04	1.42
strike	-0.04	1.29
thrown	-0.04	1.56
strictly	-0.04	1.26
explain	-0.04	2.73
forever	-0.04	1.33
across	-0.04	1.31
command	-0.04	1.34
select	-0.04	1.46
continues	-0.04	1.37
collect	-0.04	1.11
issue	-0.04	2.08
struggle	-0.04	1.70
unexpected	-0.04	1.19
purple	-0.04	1.25
overmatched	-0.04	1.40
built	-0.04	1.38
selling	-0.04	1.29
damien	-0.04	1.43
frontally	-0.04	1.48
rendering	-0.04	1.31
add	-0.03	2.00
250	-0.03	1.57
assumption	-0.03	2.42
advancing	-0.03	1.26
ssd	-0.03	1.28
stowage	-0.03	1.45
precious	-0.03	1.51
sink	-0.03	1.26
wn	-0.03	1.28
neither	-0.03	1.48
exist	-0.03	2.37
meaningful	-0.03	1.63
ended	-0.03	1.48
landing	-0.03	1.32
influence	-0.03	1.63
320	-0.03	1.88
concept	-0.03	1.58
sigh	-0.03	1.07
e25	-0.03	1.45
water	-0.03	1.25
barely	-0.03	1.96
selected	-0.03	1.40
focus	-0.03	1.53
term	-0.03	1.38
pass	-0.03	1.26
zero	-0.03	1.57
teaches	-0.03	1.70
battle	-0.03	1.60
territory	-0.03	1.37
yet	-0.03	2.94
st-i	-0.03	1.31
shaming	-0.03	1.39
tiered	-0.03	1.65
23	-0.03	1.44
vi	-0.03	2.25
bought	-0.03	1.41
recently	-0.03	1.78
ffs	-0.03	1.23
pants	-0.03	1.26
freedom	-0.02	1.29
hill	-0.02	1.36
peek	-0.02	1.42
weakspot	-0.02	1.64
arti	-0.02	1.16
<SPECIAL>	-0.02	1.09
<URL>	-0.02	1.09
radioman	-0.02	1.37
defensive	-0.02	1.24
merely	-0.02	1.79
player	-0.02	1.52
viii	-0.02	2.56
hunt	-0.02	1.32
shot	-0.02	1.65
relies	-0.02	1.33
encountered	-0.02	1.90
central	-0.02	1.38
token	-0.02	1.32
strategies	-0.02	1.68
ring	-0.02	1.51
dont	-0.02	3.25
him	-0.02	1.58
unfortunately	-0.02	2.16
fools	-0.02	1.31
meanwhile	-0.02	1.21
road	-0.02	1.35
vulnerable	-0.02	1.42
necessarily	-0.02	2.58
fighting	-0.02	1.46
casemate	-0.02	1.37
latency	-0.02	1.42
pair	-0.02	1.35
logic	-0.02	2.55
forest	-0.02	1.26
unit	-0.02	1.12
mechanism	-0.02	1.50
important	-0.02	1.37
issues	-0.02	1.71
ignorant	-0.02	4.02
vanilla	-0.01	1.35
scoot	-0.01	1.40
kicked	-0.01	1.40
angling	-0.01	1.59
whenever	-0.01	2.05
is-8	-0.01	1.33
large	-0.01	1.68
food	-0.01	1.39
things	-0.01	2.86
orange	-0.01	1.23
160	-0.01	1.62
rarely	-0.01	2.24
glance	-0.01	1.48
pings	-0.01	1.51
retrain	-0.01	1.31
eg	-0.01	1.34
mentioned	-0.01	2.04
teammate	-0.01	1.54
optimization	-0.01	1.39
health	-0.01	1.64
repairs	-0.01	1.44
pushes	-0.01	1.22
ausf	-0.01	1.24
benefit	-0.01	1.42
position	-0.01	1.89
system	-0.01	1.32
react	-0.01	1.58
27	-0.01	1.32
adapt	-0.01	1.69
reasons	-0.01	2.06
greatly	-0.01	1.39
acting	-0.01	1.21
sense	-0.01	1.41
improvement	-0.01	1.32
w	-0.01	1.33
internal	-0.01	1.27
warfare	-0.01	1.25
guaranteed	-0.01	1.91
bia	-0.01	1.43
reporting	-0.01	1.26
typically	-0.01	1.56
power	-0.01	1.74
rock	-0.01	1.33
where	-0.01	3.42
sheer	-0.00	1.43
impressed	-0.00	1.54
stated	-0.00	2.04
nuts	-0.00	1.10
places	-0.00	1.92
effectiveness	-0.00	1.46
hitbox	-0.00	1.27
series	-0.00	1.10
platooning	-0.00	1.64
instant	-0.00	1.65
done	-0.00	3.23
circling	-0.00	1.16
p2w	-0.00	1.66
said	-0.00	3.14
north	-0.00	1.27
window	-0.00	1.51
satisfying	-0.00	1.47
south	-0.00	1.28
bottom	-0.00	1.86
45.02	-0.00	1.26
shotting	-0.00	1.13
x2	0.00	1.11
sixth	0.00	1.40
opportunities	0.00	1.48
autobounce	0.00	1.66
moments	0.00	1.38
refund	0.00	1.40
beginning	0.00	1.38
port	0.00	1.56
often	0.00	2.25
roof	0.00	1.69
multi-core	0.00	1.55
difference	0.00	1.89
realize	0.00	3.36
colour	0.00	1.37
tests	0.00	1.24
missing	0.00	4.19
corners	0.00	1.42
ports	0.00	1.56
stats	0.00	1.32
tell	0.00	2.97
havent	0.00	1.95
derps	0.00	1.15
keys	0.00	1.46
were	0.01	2.74
shortly	0.01	1.74
creep	0.01	1.45
6th	0.01	1.40
stopped	0.01	1.65
purchase	0.01	1.20
30.01	0.01	1.30
variant	0.01	1.13
hug	0.01	1.37
b	0.01	1.11
slide	0.01	1.29
99	0.01	1.02
30.02	0.01	1.28
opened	0.01	1.13
died	0.01	1.47
won	0.01	1.72
natural	0.01	0.97
situations	0.01	2.07
nowhere	0.01	1.18
comparing	0.01	1.20
face	0.01	1.41
red	0.01	1.24
mini	0.01	1.45
cant	0.01	2.42
happens	0.01	2.43
confusion	0.01	1.18
offensive	0.01	1.32
weak	0.01	1.61
trains	0.01	1.26
inside	0.01	1.27
into	0.01	1.68
efficient	0.01	1.34
grey	0.01	1.39
hence	0.01	1.48
i7	0.01	1.35
noted	0.01	1.46
mostly	0.01	2.18
rush	0.01	1.30
topic	0.01	1.75
mg	0.01	1.64
rushed	0.02	1.26
options	0.02	1.66
scenarios	0.02	1.64
heading	0.02	1.64
sli	0.02	1.30
legitimate	0.02	1.53
space	0.02	1.22
guns	0.02	1.75
oblivion	0.02	1.58
kill	0.02	1.78
train	0.02	1.33
expert	0.02	1.52
learned	0.02	1.88
unlikely	0.02	1.67
group	0.02	1.49
protected	0.02	1.46
nevermind	0.02	3.42
missions	0.02	1.10
wont	0.02	2.88
evidence	0.02	2.30
mainly	0.02	1.34
care	0.02	3.21
starts	0.02	1.37
hatch	0.02	1.61
2/3	0.02	1.40
accidentally	0.02	1.57
1-4	0.02	1.61
commanders	0.02	1.51
slope	0.02	1.70
regularly	0.02	1.52
hull	0.02	1.94
holes	0.02	1.27
ve	0.03	2.25
change	0.03	2.27
via	0.03	1.15
aspects	0.03	1.59
various	0.03	1.64
peak	0.03	1.35
narwl	0.03	1.36
effectively	0.03	1.67
t9s	0.03	2.50
phase	0.03	1.20
pulled	0.03	1.18
breaking	0.03	1.42
9.0	0.03	1.67
modern	0.03	1.30
closely	0.03	1.48
houses	0.03	1.24
known	0.03	1.48
stat	0.03	1.16
p.s	0.03	1.45
lists	0.03	1.54
then	0.03	3.26
design	0.03	1.44
ca	0.03	2.83
grain	0.03	1.32
jack	0.03	1.51
minus	0.03	1.11
eight	0.04	1.24
project	0.04	1.01
equal	0.04	1.32
landed	0.04	1.36
put	0.04	2.13
against	0.04	1.77
margin	0.04	1.45
keyboard	0.04	1.41
hole	0.04	1.19
trolling	0.04	1.73
badly	0.04	1.58
flip	0.04	1.38
averages	0.04	1.33
skilled	0.04	1.65
brothers	0.04	1.39
compete	0.04	1.49
abrams	0.04	1.32
anymore	0.04	3.33
wild	0.04	1.07
amd	0.04	1.38
barracks	0.04	1.13
capture	0.04	1.35
8.11	0.04	1.55
reflect	0.04	1.61
rig	0.04	1.39
definition	0.04	2.13
i5	0.04	1.34
number	0.04	1.49
hardly	0.04	2.01
becomes	0.04	1.31
penetrated	0.04	1.52
dual	0.04	1.34
unicum	0.05	1.22
runs	0.05	1.23
50mm	0.05	1.75
burned	0.05	1.39
skirmish	0.05	1.21
major	0.05	1.49
messages	0.05	1.82
represent	0.05	1.57
blocking	0.05	1.30
rich	0.05	1.78
mine	0.05	1.86
level	0.05	1.31
trading	0.05	1.35
fill	0.05	1.35
is-3s	0.05	1.21
careful	0.05	1.93
solved	0.05	1.57
grab	0.05	1.41
floor	0.05	1.24
scale	0.05	1.54
prices	0.05	1.05
chart	0.05	1.34
frontline	0.05	1.36
avoided	0.05	1.42
discovered	0.05	1.35
walls	0.05	1.17
tend	0.05	2.18
graphic	0.05	1.29
formula	0.05	1.32
problem	0.05	3.04
display	0.05	1.40
strongly	0.05	1.54
prizes	0.05	1.30
tldr	0.05	1.22
budget	0.05	1.39
notice	0.05	3.04
something	0.05	3.63
remember	0.05	3.36
28.01	0.05	1.30
accurately	0.05	1.55
advantage	0.05	1.59
commander	0.06	1.36
entertaining	0.06	1.41
calculations	0.06	1.45
turret	0.06	1.92
final	0.06	1.42
usually	0.06	3.16
seem	0.06	3.32
picking	0.06	1.62
kharkov	0.06	1.32
valuable	0.06	1.18
stuck	0.06	1.96
bunch	0.06	1.86
pushed	0.06	1.15
main	0.06	1.74
cpu	0.06	1.34
park	0.06	1.11
angle	0.06	1.74
melty	0.06	1.39
scraping	0.06	1.51
nose	0.06	1.62
whose	0.06	1.50
naturally	0.06	1.15
rest	0.06	1.85
debate	0.06	1.87
clam	0.06	1.41
limits	0.06	1.56
mixed	0.06	1.53
4s	0.06	1.79
warning	0.06	1.47
ru	0.06	1.17
tactic	0.06	1.58
purpose	0.07	1.74
peace	0.07	1.04
situation	0.07	3.11
colors	0.07	1.27
flash	0.07	1.22
mid	0.07	1.32
became	0.07	1.12
subs	0.07	1.34
numbers	0.07	1.36
9.2	0.07	1.63
handles	0.07	0.90
fame	0.07	1.47
objects	0.07	1.30
trigger	0.07	1.37
sufficient	0.07	1.49
sets	0.07	1.06
cough	0.07	2.25
displays	0.07	1.47
result	0.07	1.78
ix	0.07	2.79
started	0.07	1.63
40mm	0.07	1.72
ship	0.07	1.11
expected	0.07	1.33
been	0.07	2.26
panel	0.07	1.51
drag	0.07	1.39
consumables	0.07	1.45
require	0.08	1.48
speaking	0.08	1.72
sooner	0.08	2.44
involves	0.08	1.31
rewards	0.08	1.12
ready	0.08	1.58
toxic	0.08	1.31
meets	0.08	1.17
vehicle	0.08	1.40
afterwards	0.08	1.51
types	0.08	1.64
cares	0.08	1.82
penned	0.08	1.52
rise	0.08	1.27
clean	0.08	1.38
1	0.08	1.69
gpu	0.08	1.33
including	0.08	1.41
hardware	0.08	1.30
programming	0.08	1.39
awarded	0.08	1.09
damned	0.08	1.46
resource	0.08	1.28
incentive	0.08	1.79
lfp	0.08	1.74
rated	0.08	1.48
cheeks	0.08	1.76
trained	0.08	1.34
lucky	0.08	1.41
technical	0.09	1.38
scrape	0.09	1.49
j	0.09	1.19
say	0.09	3.67
programs	0.09	1.56
properly	0.09	1.89
tk	0.09	1.42
led	0.09	1.13
passed	0.09	1.30
apply	0.09	1.65
miles	0.09	1.37
accepted	0.09	1.44
option	0.09	2.07
monitor	0.09	1.30
remains	0.09	1.27
remain	0.09	1.43
death	0.09	1.19
vital	0.09	1.33
afaik	0.09	1.43
matched	0.09	1.62
20	0.09	1.72
wouldnt	0.09	1.57
golden	0.09	1.35
ceiling	0.09	1.24
processor	0.09	1.33
need	0.09	3.31
actually	0.09	3.54
played	0.09	2.30
accordingly	0.09	1.42
mentor	0.09	1.27
core	0.09	1.38
upvoted	0.09	1.86
laptop	0.09	1.30
glacis	0.09	1.79
q	0.09	1.52
perks	0.09	1.36
clever	0.09	1.37
reroll	0.09	1.23
include	0.10	1.55
hatches	0.10	1.47
t8s	0.10	2.68
dark	0.10	1.19
clear	0.10	1.63
minimap	0.10	1.46
basics	0.10	1.74
dropped	0.10	1.28
clicking	0.10	1.64
baby	0.10	1.10
remind	0.10	2.01
dollar	0.10	1.10
keeps	0.10	1.54
soon	0.10	2.31
competent	0.10	1.49
carries	0.10	1.08
population	0.10	1.32
fucker	0.10	1.26
artys	0.10	1.55
nearby	0.10	1.42
enjoying	0.10	3.14
basis	0.10	1.35
insult	0.10	1.73
confrontation	0.10	1.31
matches	0.11	1.72
global	0.11	1.31
until	0.11	2.09
easily	0.11	1.76
fought	0.11	1.34
obvious	0.11	1.71
updated	0.11	1.59
introduce	0.11	1.66
following	0.11	1.23
play	0.11	2.46
pops	0.11	1.32
prepared	0.11	1.73
obviously	0.11	3.17
eula	0.11	1.52
suspect	0.11	1.97
buildings	0.11	1.28
changing	0.11	1.44
mins	0.11	1.41
implemented	0.11	1.77
day	0.11	1.27
tracer	0.11	1.32
picked	0.11	1.35
vs	0.11	1.65
ultimate	0.11	1.19
quickly	0.11	1.61
even	0.11	3.40
elaborate	0.11	2.25
row	0.12	1.46
realise	0.12	2.56
door	0.12	1.25
participate	0.12	1.62
building	0.12	1.31
submit	0.12	1.37
versus	0.12	1.16
21	0.12	1.62
staff	0.12	1.36
sloping	0.12	1.63
updating	0.12	1.63
minutes	0.12	1.42
downside	0.12	2.03
skills	0.12	1.41
existed	0.12	1.69
included	0.12	1.37
steel	0.12	1.20
newbies	0.12	1.34
deaths	0.12	1.32
eventually	0.12	2.05
tear	0.12	1.10
constant	0.12	1.31
yours	0.12	2.16
giving	0.12	1.94
bugs	0.12	1.61
couldnt	0.12	1.47
styles	0.12	1.64
payment	0.12	1.27
pools	0.12	1.61
visual	0.12	1.38
bounced	0.12	1.35
take	0.12	2.39
appears	0.12	1.41
begin	0.12	1.33
dunno	0.12	1.56
bouncing	0.12	1.61
searching	0.12	1.79
second	0.12	1.87
is-6	0.12	1.79
consider	0.12	1.97
advise	0.12	1.53
fixes	0.12	1.58
release	0.12	1.63
versions	0.13	1.39
sell	0.13	1.51
excel	0.13	1.45
6s	0.13	1.81
brick	0.13	1.39
390	0.13	1.98
sniping	0.13	1.30
insults	0.13	1.56
amongst	0.13	1.61
should	0.13	3.56
nvidia	0.13	1.31
portion	0.13	1.42
grand	0.13	1.29
8s	0.13	1.93
asses	0.13	1.25
curve	0.13	1.33
follows	0.13	1.33
really	0.13	3.37
think	0.13	3.72
hopes	0.13	1.33
scope	0.13	1.22
tools	0.13	1.36
outcome	0.13	1.61
combine	0.13	1.73
role	0.13	1.38
marker	0.14	1.34
g	0.14	1.07
pike	0.14	1.59
amounts	0.14	1.52
eastern	0.14	1.33
intel	0.14	1.29
d	0.14	3.06
ones	0.14	2.10
24	0.14	1.43
downloaded	0.14	1.51
plate	0.14	1.83
every	0.14	2.24
plans	0.14	1.45
minimal	0.14	1.41
color	0.14	1.70
multi	0.14	1.48
brits	0.14	1.56
closed	0.14	1.37
designed	0.14	1.92
either	0.14	3.57
shrug	0.14	1.30
fly	0.14	1.23
consistently	0.14	1.54
individual	0.14	1.46
hour	0.14	1.56
notes	0.14	1.67
ricochet	0.14	1.50
bl-10	0.14	1.19
expectations	0.14	1.46
indicator	0.14	1.45
crew	0.14	1.27
bulldog	0.14	1.50
downloading	0.14	1.64
had	0.14	2.52
spaced	0.14	1.77
17	0.14	1.54
9s	0.15	1.96
toward	0.15	1.33
broke	0.15	1.56
respond	0.15	1.51
scheme	0.15	1.31
shape	0.15	1.52
unknown	0.15	1.12
items	0.15	1.06
sidescraping	0.15	1.50
ninja	0.15	1.20
wars	0.15	1.60
customer	0.15	1.43
victory	0.15	1.13
hull-down	0.15	1.34
plates	0.15	1.85
depending	0.15	1.68
cores	0.15	1.43
fragile	0.15	1.70
town	0.15	1.19
analysis	0.15	1.64
laugh	0.15	1.31
su-100y	0.15	1.42
company	0.15	1.41
2x	0.15	1.10
differently	0.15	1.79
rammed	0.15	1.29
opportunistic	0.15	1.27
cars	0.15	1.15
seen	0.15	2.48
difficulty	0.15	1.44
thankfully	0.15	1.16
update	0.15	1.61
comparable	0.16	1.34
there	0.16	3.31
os	0.16	1.36
each	0.16	1.86
will	0.16	3.19
drivers	0.16	1.31
training	0.16	1.30
sneaky	0.16	1.28
acts	0.16	1.10
mad	0.16	1.64
wo	0.16	3.26
clubbing	0.16	1.12
go	0.16	2.80
additional	0.16	1.26
disregard	0.16	1.30
bothered	0.16	2.73
lovely	0.16	0.95
chosen	0.16	1.60
i.e	0.16	1.25
times	0.16	1.52
bt-sv	0.16	1.06
lowering	0.16	1.73
endgame	0.16	1.34
let	0.16	2.88
android	0.16	1.55
pays	0.16	1.23
lts	0.16	2.13
caliber	0.16	1.22
jimbo	0.16	1.42
imho	0.16	1.67
americans	0.16	1.84
straight	0.16	1.37
5s	0.16	1.85
extinguishers	0.16	1.75
guy	0.16	1.75
general	0.16	1.65
arent	0.17	1.36
historically	0.17	1.35
front	0.17	1.87
always	0.17	3.59
showing	0.17	1.92
backup	0.17	1.30
fashion	0.17	1.45
officer	0.17	1.47
raised	0.17	1.31
offers	0.17	1.25
after	0.17	1.87
winner	0.17	1.31
adjusted	0.17	1.39
familiar	0.17	2.26
200mm	0.17	1.83
ive	0.17	2.15
personal	0.17	1.71
18	0.17	1.62
upper	0.17	1.87
drove	0.17	1.27
tough	0.17	1.40
servers	0.17	1.41
together	0.17	1.42
occasion	0.17	1.74
side	0.17	1.69
nations	0.17	1.50
film	0.17	1.24
requirements	0.17	1.45
refer	0.18	1.80
kv-220	0.18	1.25
flanking	0.18	1.32
access	0.18	1.12
aslains	0.18	1.39
expand	0.18	1.31
omc	0.18	1.47
server	0.18	1.40
ups	0.18	1.41
sometimes	0.18	2.17
nowadays	0.18	1.36
ever	0.18	3.09
downvote	0.18	2.09
canadian	0.18	1.49
statistics	0.18	1.68
anytime	0.18	1.91
case	0.18	3.39
could	0.18	3.30
challenging	0.18	1.51
would	0.18	3.50
vary	0.18	1.52
instead	0.18	1.75
only	0.18	3.40
expect	0.18	3.43
frequent	0.18	1.62
trade	0.18	1.50
tier10	0.19	2.32
drowning	0.19	1.35
way	0.19	3.42
havoc	0.19	1.37
t10s	0.19	2.67
weapon	0.19	1.27
youre	0.19	1.76
sides	0.19	1.87
thick	0.19	1.85
scene	0.19	1.00
effects	0.19	1.28
thousand	0.19	1.48
sick	0.19	1.24
invalid	0.19	2.00
playstyles	0.19	1.33
because	0.19	3.62
taken	0.19	1.85
character	0.19	1.17
his	0.19	1.37
locastan	0.19	1.44
non	0.19	2.36
desktop	0.19	1.37
make	0.19	2.84
officially	0.19	1.78
profits	0.19	1.21
client	0.19	1.46
experienced	0.19	1.29
exception	0.19	1.44
agility	0.19	2.57
happen	0.19	3.27
test	0.20	1.50
bonuses	0.20	1.11
raw	0.20	1.46
ends	0.20	1.44
implementation	0.20	1.46
effect	0.20	1.45
premium	0.20	1.51
device	0.20	1.37
public	0.20	1.39
trolls	0.20	1.48
newer	0.20	1.82
flexibility	0.20	1.94
forgiving	0.20	1.42
contribution	0.20	1.31
glitch	0.20	1.69
potentially	0.20	1.28
downvoted	0.20	2.07
cws	0.20	1.43
real	0.20	1.68
officers	0.20	1.62
occur	0.20	1.67
may	0.20	3.12
package	0.20	1.04
beside	0.20	1.33
effort	0.21	1.46
mark	0.21	1.31
granted	0.21	1.22
weather	0.21	1.32
head	0.21	1.40
6-7	0.21	2.61
rdtt2	0.21	1.64
lastly	0.21	1.30
assist	0.21	1.44
organized	0.21	1.44
actions	0.21	1.20
29	0.21	1.13
sudden	0.21	1.45
restart	0.21	1.70
ignorance	0.21	1.99
vast	0.21	1.76
xvm	0.21	1.41
which	0.21	3.43
taste	0.21	1.54
math	0.21	2.25
strongholds	0.21	1.43
tends	0.21	1.46
bundle	0.21	1.05
users	0.21	1.41
depth	0.21	1.34
measure	0.21	1.30
repeatedly	0.21	1.30
wherever	0.21	1.55
basic	0.21	1.70
mind	0.21	2.73
mantlet	0.22	1.86
profitable	0.22	1.38
carefully	0.22	1.40
10-15	0.22	1.88
rather	0.22	2.15
occasions	0.22	1.84
crashes	0.22	1.65
realized	0.22	1.77
hours	0.22	1.51
9.3	0.22	1.56
circon	0.22	1.28
joining	0.22	1.75
took	0.22	1.80
excels	0.22	1.05
manually	0.22	1.42
these	0.22	2.01
leading	0.22	1.61
browser	0.22	1.69
logical	0.22	1.45
personally	0.22	1.96
underestimate	0.22	2.37
clan	0.22	1.73
fun	0.22	1.48
managed	0.22	1.55
indicate	0.22	1.63
any	0.22	2.94
config	0.22	1.38
met	0.22	1.36
accounts	0.22	1.35
activate	0.22	1.50
task	0.22	1.33
direction	0.22	1.33
7/42	0.22	1.37
everyday	0.22	1.17
tiers	0.23	2.28
rolled	0.23	1.31
pointing	0.23	4.19
badges	0.23	1.10
gap	0.23	1.20
twice	0.23	1.79
profile	0.23	2.45
ll	0.23	3.22
create	0.23	1.59
modes	0.23	1.37
spotter	0.23	1.27
reason	0.23	3.47
ui	0.23	1.36
find	0.23	2.67
cannons	0.23	1.15
positioned	0.23	1.55
fortunately	0.23	1.23
names	0.23	1.46
layout	0.23	1.57
suggested	0.23	2.14
defeat	0.23	1.30
usa	0.23	1.47
butt	0.23	1.09
particularly	0.23	1.68
features	0.23	1.50
recognize	0.23	2.28
representative	0.23	1.69
tourney	0.24	1.33
sole	0.24	1.58
outright	0.24	1.43
era	0.24	1.25
mod	0.24	1.43
warships	0.24	1.10
intention	0.24	1.49
downhill	0.24	1.69
ufp	0.24	1.87
bank	0.24	1.38
delete	0.24	1.35
useful	0.24	1.48
sat	0.24	1.18
match	0.24	2.04
all	0.24	2.98
icons	0.24	1.46
hammer	0.24	1.34
flying	0.24	1.19
oneshot	0.24	1.12
cw	0.24	1.47
bump	0.24	1.27
treat	0.24	1.07
skirmishes	0.24	1.42
trend	0.24	1.30
technology	0.24	1.35
allowed	0.24	1.57
rddt3	0.24	1.65
misleading	0.24	1.52
course	0.24	3.45
tcs	0.24	1.52
7s	0.25	2.02
game	0.25	2.99
installer	0.25	1.46
might	0.25	3.51
x3	0.25	1.10
padder	0.25	1.20
modpack	0.25	1.38
helps	0.25	1.18
carousel	0.25	1.42
brought	0.25	1.71
requires	0.25	1.48
teaching	0.25	1.69
we	0.25	3.24
located	0.25	1.47
gb	0.25	1.39
entry	0.25	1.63
essential	0.25	1.48
our	0.25	1.69
results	0.25	1.45
brawling	0.25	1.34
come	0.25	2.27
its	0.25	2.34
popped	0.25	1.43
zip	0.25	1.16
nation	0.26	1.61
live	0.26	1.43
show	0.26	2.32
minor	0.26	1.51
cut	0.26	1.53
ugh	0.26	1.04
unlocked	0.26	3.08
roaming	0.26	1.60
body	0.26	1.29
typing	0.26	1.88
ten	0.26	1.83
warthunder	0.26	1.27
stronghold	0.26	1.41
tested	0.26	2.03
explode	0.26	1.30
single	0.26	2.09
clanwars	0.26	1.83
used	0.26	2.58
storm	0.26	1.34
capacity	0.26	1.52
whatsoever	0.26	1.69
virtual	0.26	1.21
19	0.26	1.50
drink	0.26	1.06
credit	0.26	1.81
likely	0.26	3.24
10s	0.26	2.19
1v1	0.27	1.40
hugging	0.27	1.34
older	0.27	1.33
res	0.27	1.38
external	0.27	1.22
destroyers	0.27	2.34
room	0.27	1.43
scores	0.27	1.48
hundred	0.27	1.54
unlucky	0.27	1.20
capable	0.27	1.29
thin	0.27	1.86
tc	0.27	1.46
business	0.27	1.41
lights	0.27	2.63
environment	0.27	1.41
see	0.27	3.27
developers	0.27	1.63
lackluster	0.27	2.26
custom	0.27	1.35
jap	0.27	1.50
kinds	0.27	1.82
germany	0.27	1.35
beta	0.27	1.50
battlefield	0.27	1.34
latest	0.27	1.48
rddt6	0.27	1.65
fire	0.27	1.70
adds	0.27	1.35
try	0.27	2.85
soak	0.28	1.36
scenario	0.28	1.99
api	0.28	1.37
definitely	0.28	3.11
sniper	0.28	1.40
5th	0.28	1.85
location	0.28	1.82
smoke	0.28	1.28
social	0.28	1.78
whichever	0.28	1.53
rddtx	0.28	1.62
ran	0.28	1.53
machines	0.28	1.43
snoo	0.28	1.51
inferior	0.28	2.21
implementing	0.28	1.56
icon	0.29	1.43
card	0.29	1.23
feature	0.29	1.76
windows	0.29	1.42
magical	0.29	1.42
ss	0.29	1.39
hell	0.29	2.21
tool	0.29	1.27
calculation	0.29	1.60
updates	0.29	1.46
west	0.29	1.26
sources	0.29	1.94
flawed	0.30	1.64
crash	0.30	1.72
enjoyment	0.30	1.43
est	0.30	1.42
maybe	0.30	3.46
informative	0.30	1.37
130	0.30	1.29
penalty	0.30	1.48
walker	0.30	1.52
stays	0.30	1.36
auto	0.30	1.67
dust	0.30	1.25
success	0.30	1.20
streamers	0.30	1.30
listening	0.30	1.40
memory	0.30	1.40
pump	0.30	1.21
stage	0.30	1.36
successfully	0.30	1.44
drinking	0.30	1.17
lacking	0.30	2.42
quote	0.30	2.01
chip	0.30	1.37
falls	0.30	1.18
least	0.30	3.07
forget	0.31	3.02
multiple	0.31	1.87
seven	0.31	1.84
apologies	0.31	3.37
remotely	0.31	1.90
murica	0.31	1.20
gotten	0.31	1.97
aslain	0.31	1.38
wwii	0.31	1.38
3x	0.31	1.10
awards	0.31	1.22
wall	0.31	1.26
duty	0.31	1.16
effective	0.31	1.78
anfield	0.31	1.30
stars	0.31	1.12
becoming	0.31	1.64
especially	0.31	2.23
brawl	0.31	1.46
reached	0.31	1.51
work	0.31	3.15
frontal	0.31	1.88
abuse	0.31	1.87
private	0.32	1.59
filter	0.32	1.38
5-6	0.32	2.63
database	0.32	1.34
market	0.32	1.31
examples	0.32	1.25
award	0.32	1.21
terribly	0.32	1.74
alas	0.32	1.21
players	0.32	1.31
winter	0.32	1.22
arcade	0.32	1.47
dossier	0.32	1.49
member	0.32	1.35
tortoise	0.32	1.12
relatively	0.32	1.73
hang	0.33	1.36
till	0.33	1.63
1/2	0.33	1.29
installed	0.33	1.51
rapid	0.33	1.64
plenty	0.33	2.20
1-2	0.33	1.94
check	0.33	1.67
son	0.33	1.08
estimate	0.33	1.40
version	0.33	1.38
involved	0.33	1.16
intended	0.33	1.41
zeven	0.33	1.27
gf	0.33	1.46
deliver	0.33	1.50
displayed	0.33	1.45
sites	0.33	1.63
session	0.33	1.42
stating	0.33	4.13
sloped	0.33	1.90
proper	0.33	1.68
saturday	0.33	1.51
equally	0.33	1.47
club	0.33	1.00
vote	0.33	1.44
powerful	0.34	1.48
legal	0.34	1.60
describe	0.34	1.73
devs	0.34	1.53
jumped	0.34	1.02
sees	0.34	2.38
turretless	0.34	2.03
rules	0.34	1.64
luckily	0.34	1.26
r	0.34	1.34
covers	0.34	1.30
tournaments	0.34	1.38
past	0.34	1.70
has	0.34	2.98
laser	0.34	1.41
consideration	0.34	1.42
gas	0.34	1.24
qb	0.34	1.32
pool	0.34	2.22
respectively	0.34	1.12
hilariously	0.34	1.26
pls	0.34	1.33
next	0.34	1.84
quickybaby	0.35	1.34
plz	0.35	1.43
holds	0.35	1.35
computer	0.35	1.36
concern	0.35	1.96
end	0.35	1.57
comes	0.35	1.61
some	0.35	2.39
charge	0.35	1.21
earlier	0.35	1.78
rekt	0.35	1.22
skins	0.35	1.31
controls	0.35	1.38
thunder	0.35	1.27
table	0.35	1.73
tonight	0.35	1.49
mouth	0.35	1.26
tags	0.35	1.61
rule	0.35	2.06
installing	0.35	1.59
massive	0.35	1.69
potential	0.35	1.77
agile	0.35	1.94
many	0.35	2.25
folder	0.35	1.33
install	0.35	1.43
streams	0.35	1.31
specific	0.35	1.87
packages	0.36	1.04
bother	0.36	2.46
fell	0.36	1.21
ability	0.36	1.83
autoloaders	0.36	1.67
upcoming	0.36	1.41
investment	0.36	1.52
ticket	0.36	1.53
bright	0.36	1.19
got	0.36	1.70
screen	0.36	1.53
5-10	0.36	2.11
several	0.36	1.96
destroyer	0.36	2.05
numerous	0.36	2.00
nor	0.36	1.96
sports	0.36	1.15
plain	0.36	1.57
survivability	0.36	1.97
3	0.36	1.95
late	0.36	1.51
requirement	0.36	1.50
1-3	0.36	2.11
maneuverable	0.36	1.93
allow	0.36	1.63
o.o	0.36	1.20
moon	0.37	1.13
fake	0.37	1.29
schedule	0.37	1.44
alot	0.37	1.73
ending	0.37	1.17
minority	0.37	1.88
resources	0.37	1.37
handful	0.37	2.11
dozen	0.37	1.88
communicate	0.37	1.88
streamer	0.37	1.32
certain	0.37	1.67
bring	0.37	1.71
connect	0.37	1.39
office	0.37	1.29
tier	0.37	2.88
example	0.37	1.61
nights	0.37	1.44
farm	0.37	1.14
somewhat	0.37	1.72
blitz	0.37	1.26
smile	0.37	1.22
mean	0.37	3.52
3d	0.37	1.30
advanced	0.38	1.45
fallen	0.38	1.32
monday	0.38	1.46
context	0.38	2.77
twitch	0.38	1.32
stuff	0.38	2.02
gameplay	0.38	1.38
war	0.38	1.31
subreddit	0.38	1.73
fast	0.38	1.78
five	0.38	1.82
three	0.38	2.09
available	0.38	1.16
launcher	0.38	1.40
quick	0.38	1.74
classes	0.38	1.67
simulator	0.38	1.37
uhm	0.38	1.38
kv-4	0.38	1.19
master	0.38	1.24
tech	0.38	1.85
turreted	0.38	2.28
employee	0.38	1.52
too	0.38	2.26
hardcore	0.38	1.27
told	0.38	2.25
creating	0.38	1.50
cards	0.38	1.30
uses	0.38	1.29
360	0.38	1.30
honestly	0.39	3.34
elsewhere	0.39	1.93
fit	0.39	1.65
preference	0.39	1.80
those	0.39	2.35
print	0.39	1.87
blows	0.39	2.35
triple	0.39	1.13
regardless	0.39	2.01
enough	0.39	2.14
jingles	0.39	1.32
reviews	0.39	1.52
planes	0.39	1.21
comfortable	0.39	1.23
bed	0.39	1.16
six	0.39	1.80
redeeming	0.39	1.62
related	0.39	1.68
wallet	0.39	1.20
yesterday	0.39	1.76
amp	0.40	1.81
confused	0.40	3.76
different	0.40	1.64
received	0.40	1.54
ask	0.40	2.49
chrome	0.40	1.27
repair	0.40	1.84
relax	0.40	1.37
whole	0.40	2.18
although	0.40	2.64
bait	0.40	1.47
stream	0.40	1.30
file	0.40	1.33
ussr	0.40	1.72
discuss	0.40	2.20
eye	0.40	1.41
angled	0.40	1.86
download	0.40	1.55
playstyle	0.40	1.49
chocolate	0.40	1.69
tv	0.40	1.25
m103	0.40	1.31
assuming	0.41	4.43
na	0.41	2.19
6	0.41	2.75
america	0.41	1.50
introduced	0.41	1.44
majority	0.41	1.82
record	0.41	1.49
x5	0.41	1.17
weapons	0.41	1.18
four	0.41	1.89
3-5	0.41	2.23
list	0.41	1.53
wondered	0.41	3.12
style	0.41	1.45
gains	0.41	1.44
is-3	0.42	1.22
certainly	0.42	2.96
still	0.42	3.06
harm	0.42	1.40
9	0.42	3.28
gud	0.42	1.27
name	0.42	1.49
beats	0.42	1.28
pick	0.42	1.75
anime	0.42	1.25
destruction	0.42	1.24
importantly	0.43	1.83
alternative	0.43	1.40
race	0.43	1.05
delicious	0.43	1.11
art	0.43	1.13
few	0.43	1.96
channels	0.43	1.48
pack	0.43	1.36
perk	0.43	1.66
step	0.43	1.58
wasnt	0.43	1.48
secret	0.43	1.29
teh	0.43	1.25
skill	0.43	1.62
e100s	0.43	1.20
regarding	0.44	1.95
sunday	0.44	1.49
videos	0.44	1.42
trees	0.44	1.55
recruiting	0.44	1.60
wise	0.44	1.40
tournament	0.44	1.41
chose	0.44	1.44
recruiter	0.44	1.66
manual	0.44	1.71
friends	0.44	1.58
improvements	0.44	1.43
benefits	0.44	1.38
choose	0.44	1.52
watch	0.44	1.33
gtfo	0.44	1.47
super	0.44	1.57
regards	0.44	1.42
guarantee	0.44	2.74
discussed	0.44	1.54
referring	0.44	4.25
2-3	0.45	2.11
10	0.45	2.81
receive	0.45	1.32
evening	0.45	1.54
date	0.45	1.47
extinguisher	0.45	1.77
realistic	0.45	1.41
sights	0.45	1.33
imagine	0.45	2.76
adjust	0.45	1.35
incorrect	0.45	4.21
reading	0.45	2.02
medal	0.45	1.21
added	0.45	1.38
teir	0.45	2.45
havok	0.45	1.46
cleaning	0.45	1.63
based	0.45	1.40
moar	0.45	1.42
accident	0.45	1.48
program	0.45	1.41
third	0.45	1.73
3-4	0.45	2.00
couple	0.45	1.84
mods	0.45	1.40
stands	0.45	1.47
honor	0.46	1.07
posts	0.46	1.91
gone	0.46	1.54
16	0.46	1.90
friday	0.46	1.47
ram	0.46	1.11
t32	0.46	1.30
permanently	0.46	1.17
russians	0.46	2.07
physics	0.46	1.34
guessing	0.46	2.86
germans	0.46	1.79
kits	0.46	1.79
9.5	0.46	1.65
ghost	0.46	1.25
ingame	0.46	1.46
recording	0.46	1.37
channel	0.46	1.59
intentionally	0.46	1.43
mistakes	0.47	1.69
aid	0.47	1.84
8-10	0.47	2.52
mom	0.47	1.17
contact	0.47	1.61
quite	0.47	2.01
discounted	0.47	1.04
days	0.47	1.37
aurum	0.47	1.48
rddt	0.47	1.57
valid	0.47	1.73
skin	0.47	1.15
automatic	0.47	1.80
tds	0.47	2.94
password	0.47	1.42
two	0.47	2.12
onto	0.47	1.41
existence	0.47	1.08
section	0.47	1.53
premiums	0.47	2.67
wotlabs	0.47	1.57
sidescrape	0.47	1.58
between	0.48	1.37
theres	0.48	1.54
nimble	0.48	1.89
karl	0.48	1.22
watched	0.48	1.39
shall	0.48	1.09
mobility	0.48	2.57
tried	0.48	1.67
crews	0.48	1.69
gladly	0.48	2.10
albeit	0.48	1.72
machine	0.48	1.71
other	0.48	2.51
ama	0.48	1.80
sake	0.48	1.32
advantages	0.48	1.81
mediums	0.48	3.27
6-8	0.48	2.62
optional	0.48	1.29
also	0.48	3.12
res_mods	0.48	1.37
x	0.48	2.93
14	0.48	2.17
steam	0.48	1.11
soviets	0.48	1.37
support	0.48	1.54
verify	0.49	1.55
teamspeak	0.49	1.61
first	0.49	2.09
category	0.49	1.24
europe	0.49	1.34
flexible	0.49	1.33
crashed	0.49	1.52
upwards	0.49	1.46
came	0.49	1.71
meds	0.49	3.35
hitler	0.49	1.12
previously	0.49	2.09
watching	0.50	1.32
hanging	0.50	1.57
systems	0.50	1.29
rep	0.50	1.88
cold	0.50	1.46
15	0.50	2.38
steady	0.50	1.24
accurate	0.50	2.00
whereas	0.50	1.04
kit	0.50	1.82
separate	0.50	1.35
heavys	0.50	3.36
software	0.50	1.39
blast	0.50	2.49
mic	0.50	1.37
chase	0.50	1.33
12	0.50	2.28
stayed	0.50	1.38
rocket	0.51	1.20
youtube	0.51	1.36
switched	0.51	1.32
answered	0.51	2.09
idea	0.51	3.58
prems	0.51	2.72
platooned	0.51	1.18
7-8	0.51	2.87
guides	0.51	1.48
speed	0.51	2.50
japanese	0.51	2.29
checked	0.51	1.70
2	0.51	2.14
party	0.51	1.37
explained	0.51	2.16
sela	0.51	1.33
fourth	0.51	1.66
ts	0.52	1.73
removes	0.52	1.32
isnt	0.52	1.27
circumstances	0.52	1.65
launch	0.52	1.30
cat	0.52	1.24
editor	0.52	1.46
steps	0.52	1.20
entertainment	0.52	1.30
application	0.52	1.46
hop	0.52	1.61
hd	0.52	1.32
engines	0.52	1.16
initially	0.52	1.42
loose	0.52	1.42
data	0.53	1.52
recruitment	0.53	1.58
decided	0.53	2.05
doesnt	0.53	2.25
4-5	0.53	2.33
articles	0.53	1.55
armour	0.53	2.31
vbaddict	0.53	1.44
top	0.53	1.68
responded	0.53	2.65
apparently	0.53	1.98
suit	0.53	1.30
released	0.53	1.58
casual	0.54	1.57
break	0.54	1.49
today	0.54	1.77
jumping	0.54	1.19
later	0.54	1.87
boom	0.54	1.28
consistent	0.54	1.50
keeper	0.54	1.34
upset	0.54	3.11
streaming	0.54	1.41
region	0.54	1.36
sub	0.54	1.82
offered	0.54	1.22
patrol	0.54	1.14
consumable	0.55	1.54
give	0.55	2.21
prize	0.55	1.14
sending	0.55	1.84
fixed	0.55	1.79
armor	0.55	2.33
night	0.55	1.57
cute	0.55	1.28
steal	0.55	1.09
fraps	0.55	1.62
crossing	0.55	1.33
jump	0.55	1.30
created	0.55	1.39
highly	0.55	1.58
murder	0.55	1.00
honest	0.56	2.13
5-7	0.56	2.50
fresh	0.56	1.28
maneuverability	0.56	2.53
british	0.56	2.60
heart	0.56	1.09
r/worldoftanks	0.56	1.67
11	0.56	2.20
morning	0.56	1.37
kept	0.56	2.79
mobile	0.56	1.84
flanker	0.56	1.40
liking	0.56	2.90
heavies	0.56	3.38
sidebar	0.57	1.68
4	0.57	2.51
resort	0.57	1.37
practice	0.57	1.50
well	0.57	3.03
sent	0.57	1.70
address	0.57	1.59
process	0.57	1.58
wants	0.57	3.04
togs	0.57	1.21
chinese	0.57	2.64
in-game	0.57	1.30
exceptionally	0.57	1.72
experiences	0.57	1.59
google	0.58	1.58
yes	0.58	4.02
links	0.58	1.64
found	0.58	2.22
e75	0.58	1.36
ht	0.58	2.59
trap	0.58	1.30
canada	0.58	1.25
bug	0.58	1.62
ur	0.58	1.42
provides	0.58	1.44
stronk	0.58	1.13
her	0.58	1.29
written	0.58	1.99
countries	0.59	1.22
plane	0.59	1.34
platoon	0.59	1.29
discounts	0.59	1.18
details	0.59	1.50
ranks	0.59	1.42
log	0.59	1.41
gt	0.59	1.90
floating	0.59	1.50
handy	0.59	1.27
note	0.59	2.95
store	0.59	1.05
tied	0.59	1.60
brit	0.59	3.02
account	0.60	1.53
high-tier	0.60	2.27
cons	0.60	2.44
lesson	0.60	1.91
worthwhile	0.60	1.91
graph	0.60	1.81
genuinely	0.60	2.58
flair	0.60	1.41
professional	0.60	1.55
wikipedia	0.60	1.68
spectacular	0.60	1.94
reference	0.60	1.47
dev	0.61	1.47
thing	0.61	3.48
very	0.61	1.78
5	0.61	2.60
send	0.61	1.81
td	0.61	3.04
gaming	0.61	1.32
nazi	0.61	1.41
incredibly	0.61	1.70
period	0.61	1.37
somewhere	0.61	1.94
mac	0.61	1.38
everytime	0.62	1.89
discussion	0.62	1.82
rocks	0.62	1.45
noobmeter	0.62	1.45
gives	0.62	1.48
trades	0.62	1.86
competition	0.62	1.40
perspective	0.62	1.56
laughed	0.62	1.28
swear	0.62	1.26
historical	0.62	1.40
amazingly	0.63	1.62
sport	0.63	1.07
suggest	0.63	1.72
branch	0.63	2.12
protection	0.63	1.51
feels	0.63	1.38
though	0.63	3.43
vk	0.63	1.13
apparent	0.63	1.43
touch	0.63	1.77
she	0.63	1.27
american	0.63	3.04
attached	0.63	1.34
appropriate	0.63	1.35
girl	0.63	1.22
extremely	0.63	1.73
extreme	0.63	1.62
local	0.63	1.27
future	0.64	1.78
talk	0.64	2.07
inspector	0.64	1.43
xs	0.64	1.67
noticed	0.64	2.53
otter	0.64	1.60
approximately	0.64	1.19
pattern	0.64	1.45
instructions	0.64	1.46
serve	0.64	1.41
tutorial	0.64	1.51
victories	0.64	1.14
listen	0.64	1.37
falling	0.64	1.27
sorts	0.65	1.69
explosion	0.65	1.18
2013	0.65	1.41
through	0.65	1.18
wot	0.65	1.47
help	0.65	2.21
depends	0.65	1.77
choice	0.65	2.07
currently	0.65	2.38
tomorrow	0.65	1.78
posting	0.65	1.77
joined	0.66	1.48
true	0.66	4.27
amusing	0.66	1.52
museum	0.66	1.26
p	0.66	1.52
originally	0.66	2.16
dps	0.66	2.51
question	0.66	2.47
form	0.66	1.43
beer	0.66	1.18
upvotes	0.66	1.66
firepower	0.66	2.42
excellence	0.66	1.45
supporting	0.66	1.59
christ	0.67	1.48
threads	0.67	1.95
messed	0.67	1.47
german	0.67	3.03
stupidly	0.67	1.85
reinstall	0.67	1.45
forum	0.67	1.76
decently	0.67	1.68
strana	0.67	1.41
coffee	0.67	1.29
explaining	0.67	2.14
previous	0.67	1.84
forums	0.67	1.71
asked	0.67	2.19
replays	0.67	1.42
allied	0.68	1.14
shop	0.68	1.06
leads	0.68	2.96
versatile	0.68	1.35
tonks	0.68	1.07
status	0.68	1.30
read	0.68	2.06
needless	0.68	1.36
hulldown	0.68	1.37
bully	0.68	1.50
e-75	0.68	1.29
fairly	0.68	1.65
prime	0.68	1.25
wrote	0.68	2.54
kv2	0.68	1.07
clarify	0.68	2.47
recorded	0.69	1.57
cents	0.69	1.25
russian	0.69	3.03
wanted	0.69	2.73
greens	0.69	1.27
guess	0.69	3.92
women	0.69	1.18
collection	0.69	1.08
platoons	0.69	1.27
saw	0.69	1.79
lighting	0.69	1.36
positive	0.69	1.45
login	0.69	1.44
shown	0.70	1.59
exclusive	0.70	1.09
posted	0.70	2.10
dream	0.70	1.04
military	0.70	1.38
description	0.70	1.82
surely	0.70	1.54
fair	0.70	2.35
ago	0.70	1.67
lines	0.70	2.79
heard	0.70	2.19
platform	0.70	2.21
common	0.71	1.48
hot	0.71	1.18
provide	0.71	1.72
maximize	0.71	1.64
linked	0.71	1.97
claimed	0.71	1.85
current	0.71	1.31
abilities	0.71	1.58
realised	0.71	2.40
normally	0.71	2.04
attempts	0.71	1.56
hm	0.72	3.27
email	0.72	1.44
eating	0.72	1.29
score	0.72	1.45
ww2	0.73	1.41
an	0.73	1.44
micro	0.73	1.57
radley	0.73	1.24
writing	0.73	2.07
sign	0.73	1.32
here	0.74	2.41
tears	0.74	1.25
dammit	0.74	1.66
class	0.74	1.88
generic	0.74	1.50
country	0.74	1.22
soviet	0.74	2.42
competitive	0.74	1.41
variety	0.74	1.33
recruit	0.75	1.41
begins	0.75	1.36
bundles	0.75	1.08
xbox	0.75	1.26
deadly	0.75	1.48
content	0.75	1.53
french	0.75	2.88
ideal	0.75	1.32
output	0.75	1.93
suits	0.75	1.42
wowp	0.75	1.53
cake	0.75	2.48
groups	0.76	1.26
ftr	0.76	1.89
replay	0.76	1.49
old	0.76	1.05
sarcastic	0.76	3.83
ridiculous	0.76	2.62
build	0.76	1.36
2011	0.76	1.47
insanely	0.76	1.70
occasionally	0.76	1.50
mastery	0.76	1.46
successful	0.77	1.08
absorb	0.77	1.45
files	0.77	1.45
statistic	0.77	1.46
months	0.77	1.59
january	0.77	1.35
upload	0.77	1.62
unfortunate	0.77	1.43
drunk	0.78	1.33
eu	0.78	1.59
esports	0.78	1.25
pc	0.78	1.32
error	0.78	1.99
hint	0.78	1.37
toon	0.78	1.35
years	0.78	1.53
pm	0.79	1.77
introduction	0.79	1.99
badge	0.79	1.46
2012	0.79	1.47
crashing	0.79	1.58
swedish	0.79	1.59
viable	0.79	1.25
join	0.79	1.75
format	0.79	1.48
tea	0.80	1.14
stretch	0.80	1.60
look	0.80	2.74
pros	0.80	1.80
optimal	0.80	1.40
deleted	0.81	1.65
makes	0.81	1.74
9/10	0.81	2.03
alternatively	0.81	1.30
enter	0.81	1.49
speedy	0.82	1.77
rounded	0.82	1.33
3rd	0.82	1.91
blog	0.82	1.77
preferential	0.82	1.80
speak	0.82	1.88
lots	0.83	1.83
last	0.83	1.72
sea	0.83	1.38
simp	0.83	1.35
newbie	0.83	1.51
surface	0.83	1.23
copy	0.83	1.57
made	0.83	2.85
reminds	0.84	1.37
facebook	0.84	1.24
european	0.84	1.27
t5	0.84	3.59
pref	0.84	1.80
achieved	0.84	1.46
review	0.84	1.37
packs	0.84	1.26
suited	0.84	1.25
gamers	0.84	1.36
trainer	0.84	2.65
high	0.84	2.15
hangar	0.84	1.31
criticism	0.84	1.51
bounce	0.85	1.62
calm	0.85	1.42
atleast	0.85	1.25
sooo	0.85	1.47
house	0.85	1.23
ranking	0.85	1.31
page	0.85	1.75
beginner	0.85	1.63
absurd	0.85	2.61
editing	0.85	1.68
perfectly	0.85	1.88
december	0.85	1.37
combination	0.85	2.49
stealing	0.85	1.26
finally	0.86	1.57
line	0.86	2.75
derped	0.86	1.12
suggestion	0.86	1.40
karma	0.86	1.53
ridiculously	0.86	1.67
official	0.86	1.51
easy	0.86	1.99
wiki	0.86	1.74
jokes	0.87	1.26
hunting	0.87	1.34
lel	0.87	1.23
typical	0.87	1.70
knew	0.87	2.90
weeks	0.87	1.57
seems	0.87	1.95
classic	0.87	1.51
waited	0.87	1.20
guide	0.88	1.31
write	0.88	2.14
request	0.88	1.74
army	0.88	1.28
relic	0.88	1.42
ebay	0.88	1.10
t9	0.88	3.84
tree	0.88	2.22
shared	0.88	1.37
wreck	0.89	1.22
lives	0.89	1.09
commentary	0.89	1.42
buddies	0.89	1.65
ensure	0.89	1.47
unique	0.90	1.06
brother	0.90	1.12
interface	0.90	1.45
t6	0.91	3.85
challenge	0.91	1.23
includes	0.91	1.30
enjoy	0.91	2.73
helped	0.91	1.23
reasonably	0.91	1.74
march	0.91	1.44
capabilities	0.91	1.58
gif	0.91	1.68
immensely	0.91	1.54
dpm	0.92	2.78
instances	0.92	1.64
pbkac	0.92	1.45
wolf	0.92	1.14
salt	0.93	1.16
joke	0.93	2.17
realism	0.93	1.42
4th	0.93	1.91
site	0.93	1.51
dish	0.94	1.73
hat	0.94	1.43
deserved	0.94	1.53
living	0.94	1.14
console	0.94	1.34
week	0.94	1.60
totally	0.94	2.00
shooter	0.95	1.50
pages	0.95	1.67
capability	0.95	1.71
preferably	0.95	1.61
bounces	0.95	1.58
simple	0.96	1.73
anyway	0.96	3.24
ex	0.96	1.32
april	0.96	1.49
jesus	0.96	1.53
event	0.97	1.25
board	0.97	1.28
viewers	0.97	1.30
opportunity	0.97	1.34
article	0.97	1.95
mistake	0.98	2.11
warrior	0.98	1.10
applied	0.98	1.34
ofc	0.98	1.51
stealthy	0.98	1.88
message	0.98	1.78
uploaded	0.98	1.62
sarcasm	0.99	2.49
excelsior	0.99	1.25
pew	0.99	1.03
magic	0.99	1.12
recommended	0.99	1.30
lets	0.99	1.81
eyes	0.99	1.10
whats	1.00	1.69
formatting	1.00	1.99
rip	1.00	0.98
purposes	1.00	1.31
thread	1.00	2.07
comments	1.00	1.91
user	1.01	1.32
existing	1.01	1.28
language	1.01	1.99
football	1.01	1.13
ideally	1.01	1.37
plays	1.01	2.28
share	1.01	1.72
us	1.02	1.96
friend	1.02	1.56
folks	1.02	1.62
actual	1.02	1.64
errors	1.02	2.00
comrade	1.02	1.05
reliable	1.03	1.97
beginners	1.03	1.54
clans	1.03	1.72
2014	1.03	1.31
sale	1.04	1.24
reddit	1.04	1.61
fits	1.04	1.31
audio	1.04	1.51
n	1.04	1.28
loud	1.05	1.29
halfway	1.05	2.52
id	1.05	1.75
text	1.05	2.03
marks	1.06	1.30
models	1.06	1.31
7	1.06	3.89
footage	1.06	1.31
intentional	1.06	1.99
month	1.06	1.43
shows	1.06	1.72
5x	1.06	1.27
book	1.06	1.61
along	1.06	1.31
campaign	1.07	1.59
asia	1.07	1.26
sort	1.07	1.89
phone	1.07	1.87
freaking	1.08	1.32
paste	1.08	1.57
activated	1.08	1.37
chill	1.08	1.22
hero	1.08	1.10
8	1.08	3.98
seemed	1.08	1.39
1st	1.09	1.85
lulz	1.09	1.05
invite	1.09	1.59
title	1.09	2.30
native	1.09	2.27
reworked	1.09	1.34
performing	1.10	2.70
ace	1.10	1.24
polish	1.10	1.57
mmo	1.10	1.56
votes	1.10	1.57
post	1.11	2.20
agreed	1.11	1.31
app	1.11	1.32
logged	1.11	1.52
news	1.11	1.36
boys	1.11	1.14
weekends	1.11	1.26
traditional	1.11	1.65
answers	1.12	1.96
works	1.13	2.63
one	1.13	3.72
happened	1.14	2.49
background	1.14	1.26
answering	1.14	2.26
manages	1.14	2.61
item	1.15	1.11
gifs	1.15	1.56
provided	1.16	1.46
ftw	1.16	1.15
hopefully	1.16	2.01
solution	1.16	1.66
screenshots	1.16	1.54
med	1.17	3.95
exceptional	1.17	2.42
f2p	1.17	1.48
hard	1.17	2.13
medals	1.17	1.22
probably	1.17	3.71
assumed	1.18	2.27
place	1.18	3.56
plus	1.18	1.78
home	1.18	1.39
tanker	1.18	1.27
moe	1.18	1.53
gift	1.19	1.28
heavy	1.20	3.84
ideas	1.20	1.69
precise	1.20	1.34
gods	1.21	1.28
gl	1.21	1.43
website	1.21	1.37
information	1.21	1.71
source	1.21	1.87
questions	1.22	2.04
most	1.22	3.40
controlled	1.22	1.36
sorta	1.22	1.61
achievement	1.22	1.19
noise	1.22	1.22
overwolf	1.22	1.36
similar	1.23	1.19
specifically	1.23	3.17
gg	1.23	1.49
yay	1.23	1.85
til	1.23	1.33
facts	1.23	3.48
model	1.24	1.28
everywhere	1.24	1.22
gnomefather	1.24	1.44
thoughts	1.24	1.84
codes	1.25	1.36
reasonable	1.25	1.90
translate	1.25	1.98
congratulations	1.25	1.39
t14	1.25	1.26
movie	1.25	1.25
yo	1.25	1.31
age	1.26	1.23
gave	1.26	1.87
possible	1.26	3.29
video	1.26	1.56
wat	1.26	1.41
community	1.26	1.41
assume	1.26	3.94
eh	1.27	2.16
combo	1.27	2.06
photo	1.27	1.65
kind	1.27	2.37
imo	1.28	2.78
kinda	1.28	1.73
ps	1.28	1.70
comment	1.28	2.77
non-premium	1.28	3.68
images	1.28	1.75
young	1.29	1.22
link	1.29	2.03
cs	1.30	1.41
hah	1.30	1.37
kids	1.30	1.26
fine	1.30	3.02
translation	1.30	1.79
cup	1.30	1.08
english	1.30	2.15
welp	1.30	1.99
imgur	1.30	1.65
dad	1.30	1.38
college	1.31	1.52
greatest	1.31	2.59
dem	1.31	1.39
razer	1.31	1.37
y	1.32	1.24
replied	1.32	2.72
warplanes	1.32	1.34
vid	1.32	1.57
darn	1.33	1.50
hehe	1.33	1.43
t-25	1.33	1.29
pro	1.34	1.19
damnit	1.34	1.58
wan	1.34	1.91
school	1.34	1.19
unlike	1.34	1.97
irl	1.34	1.25
history	1.34	1.28
holy	1.35	1.71
career	1.35	1.38
sometime	1.35	1.67
mates	1.35	1.45
screenshot	1.36	1.67
supports	1.36	1.21
tbh	1.36	2.17
pretty	1.37	2.01
brand	1.38	1.04
surprisingly	1.39	1.78
image	1.39	1.61
weekend	1.39	1.32
k	1.40	1.30
offering	1.40	1.51
bang	1.41	2.58
boy	1.42	1.41
fingers	1.43	1.28
starcraft	1.43	1.42
friendly	1.44	1.30
providing	1.45	1.36
multiplayer	1.46	1.53
voice	1.46	1.39
favorite	1.46	2.78
wonder	1.46	2.45
cod	1.48	1.47
maker	1.48	3.54
forgotten	1.48	2.01
child	1.49	2.16
username	1.50	1.44
surprising	1.50	1.61
children	1.51	1.16
meant	1.51	3.97
correctly	1.52	3.09
o	1.52	1.38
figured	1.53	2.30
girls	1.53	1.19
false	1.53	3.14
code	1.53	1.44
makers	1.54	3.09
superb	1.54	2.64
burst	1.54	2.60
medium	1.54	3.55
wife	1.54	1.40
thru	1.54	2.56
dear	1.54	1.43
brawler	1.55	1.48
members	1.55	1.39
national	1.56	1.17
offer	1.56	1.46
bouncy	1.58	1.99
favourite	1.58	2.54
another	1.59	3.20
hes	1.59	1.59
song	1.60	1.21
apologize	1.60	2.59
strong	1.60	1.82
2nd	1.61	3.28
missed	1.62	2.30
rewarded	1.62	1.47
hardest	1.63	2.72
jealous	1.63	1.81
workable	1.64	2.50
online	1.65	1.41
july	1.65	1.50
voices	1.65	1.24
em	1.65	1.92
silly	1.65	1.98
technically	1.65	3.15
music	1.66	1.28
corrected	1.66	2.30
horse	1.66	2.36
please	1.68	1.99
events	1.68	1.38
league	1.68	1.35
ign	1.70	1.67
words	1.70	2.74
m8	1.71	1.44
strange	1.71	1.66
during	1.71	1.40
devastating	1.72	2.17
world	1.73	1.17
nope	1.73	2.17
lacks	1.73	2.49
trolly	1.74	1.98
goddamn	1.74	1.94
sleep	1.76	1.17
thought	1.76	2.57
screens	1.76	1.52
pleasure	1.77	2.18
went	1.77	2.51
pics	1.78	1.60
edited	1.79	2.21
picture	1.79	1.94
crush	1.84	2.41
heads	1.87	1.43
prefer	1.87	2.44
bet	1.87	2.96
da	1.87	1.51
mix	1.87	1.92
summer	1.90	1.44
fuckin	1.90	1.32
complex	1.90	2.36
responses	1.90	1.81
butter	1.90	2.19
punchy	1.93	2.17
mr	1.93	1.41
anyways	1.93	2.17
insane	1.94	2.62
constructive	1.95	1.68
exact	1.96	2.65
edit	1.96	3.54
joy	1.96	1.68
boss	1.97	1.31
answer	1.99	2.27
sentence	1.99	2.81
funny	2.00	2.76
legit	2.02	1.52
insert	2.02	1.30
story	2.02	1.54
according	2.03	2.93
incredible	2.04	2.57
nicely	2.04	2.05
explanation	2.04	1.72
must	2.04	1.87
exciting	2.06	2.03
decent	2.06	2.41
specials	2.06	1.39
u	2.06	1.61
clarification	2.07	2.03
detailed	2.08	1.57
replies	2.08	1.76
word	2.08	3.22
adequate	2.08	2.27
legends	2.10	1.45
tanking	2.12	1.39
given	2.13	2.59
tog	2.14	2.42
acceptable	2.14	1.99
grammar	2.14	2.95
explains	2.15	1.69
interesting	2.15	2.68
favorites	2.16	2.39
indeed	2.17	1.80
sound	2.19	1.37
didnt	2.20	2.35
special	2.20	1.40
fancy	2.21	1.86
reply	2.21	2.30
supported	2.21	2.71
hilarious	2.23	2.34
looked	2.24	1.91
pic	2.24	1.51
spelling	2.25	3.02
deals	2.25	1.35
nah	2.25	1.59
famous	2.26	2.11
odd	2.26	1.84
im	2.28	2.21
kid	2.29	1.40
worries	2.29	1.76
aw	2.29	1.53
eat	2.30	1.63
sales	2.33	1.44
ill	2.34	1.84
trick	2.35	1.66
original	2.36	3.00
theme	2.36	1.92
excited	2.37	2.01
good	2.37	2.12
response	2.37	1.78
album	2.37	1.60
kidding	2.38	1.67
sorry	2.38	3.26
dota	2.39	1.45
perhaps	2.41	2.19
recommend	2.42	2.19
oops	2.42	2.19
great	2.43	2.27
explosions	2.45	1.43
worked	2.45	1.92
perfect	2.45	1.91
respectable	2.47	2.17
ha	2.48	1.70
ectar	2.49	1.36
slight	2.50	2.10
uncommon	2.52	1.89
hmm	2.52	1.99
hands	2.53	2.12
edition	2.53	2.38
insight	2.54	1.80
advice	2.57	1.79
tips	2.57	1.63
info	2.57	1.57
tip	2.58	1.61
suggestions	2.58	1.70
luck	2.59	1.45
typo	2.59	2.75
tho	2.59	1.70
yup	2.60	1.76
o_o	2.62	1.88
weird	2.64	1.95
damn	2.64	1.97
rebuy	2.64	2.52
10/10	2.65	1.72
preferred	2.65	2.52
crazy	2.66	2.11
monster	2.67	2.04
anniversary	2.69	1.56
um	2.71	1.55
suppose	2.71	2.56
whatever	2.74	2.53
buddy	2.75	1.47
ramming	2.75	2.05
helpful	2.76	1.93
sweet	2.76	1.41
heh	2.78	1.44
tonk	2.80	1.94
excellent	2.83	2.00
shame	2.88	1.78
trollish	2.89	2.18
forgot	2.93	2.20
life	2.94	1.95
thats	2.99	2.07
outstanding	3.02	1.71
huh	3.03	1.85
family	3.04	1.93
feedback	3.06	1.61
hybrid	3.09	1.49
yea	3.09	2.09
upvote	3.09	1.58
wut	3.13	1.74
men	3.13	1.63
ahh	3.15	1.70
uh	3.16	1.53
beast	3.21	1.63
fellow	3.21	1.73
xd	3.29	1.56
umm	3.30	1.73
contest	3.32	1.89
yep	3.32	1.64
le	3.33	1.56
input	3.33	1.56
new	3.33	1.85
wonderful	3.33	1.61
troll	3.34	1.83
sharing	3.34	1.52
beautiful	3.36	1.49
solid	3.37	1.89
shiny	3.39	1.73
ah	3.40	2.01
bro	3.42	1.57
pictures	3.42	1.89
hope	3.46	1.97
hahaha	3.48	1.80
wish	3.48	1.95
hear	3.49	1.97
thx	3.58	1.63
ta	3.59	1.77
alright	3.61	1.78
appreciate	3.62	1.59
sexy	3.65	1.58
haha	3.66	1.81
impressive	3.67	1.68
season	3.68	1.94
lol	3.69	1.96
dang	3.69	1.77
hi	3.70	1.83
badass	3.71	1.63
yeah	3.72	2.19
brilliant	3.73	1.49
oh	3.76	1.85
ty	3.80	1.54
eve	3.81	1.72
aww	3.82	1.60
epic	3.85	1.51
dat	3.86	1.38
year	3.86	2.02
ok	3.86	1.76
sounds	3.86	1.73
glad	3.89	1.90
ya	3.90	1.66
neat	3.91	1.77
looks	3.96	1.88
okay	4.00	1.74
job	4.04	1.59
commenting	4.05	1.73
holiday	4.05	1.96
hello	4.09	1.67
tankers	4.10	1.47
generous	4.11	1.54
btw	4.20	1.56
guys	4.24	1.69
welcome	4.25	1.60
cool	4.26	1.85
thank	4.26	1.57
giveaway	4.26	1.76
dude	4.27	1.71
cheers	4.30	1.51
o7	4.34	1.44
holidays	4.36	1.77
congrats	4.42	1.59
wow	4.48	1.69
christmas	4.57	1.60
merry	4.57	1.56
hey	4.57	1.61
appreciated	4.62	1.59
mate	4.82	1.52
sir	4.96	1.07
thanks	4.96	1.48
man	4.97	1.47
