smell	-4.21	0.90
smelled	-4.07	0.96
rotting	-3.85	1.22
hating	-3.84	1.29
rotten	-3.81	1.27
smells	-3.77	0.96
stink	-3.77	1.35
imagine	-3.71	1.52
infected	-3.63	1.60
infections	-3.59	1.81
infection	-3.57	1.81
blaming	-3.56	1.29
staph	-3.54	1.84
suffer	-3.54	1.70
bacteria	-3.50	1.84
miserable	-3.50	1.66
suffering	-3.49	1.70
pain	-3.48	1.50
bad	-3.45	1.50
everywhere	-3.41	1.81
must	-3.40	1.66
fungus	-3.40	1.93
wounds	-3.39	1.79
complain	-3.39	1.51
jews	-3.37	1.89
rot	-3.33	1.05
sweaty	-3.29	1.70
mold	-3.15	1.98
tragedy	-3.14	1.88
blame	-3.13	1.73
rid	-3.13	1.87
breath	-3.05	1.03
painful	-3.03	1.94
vomit	-3.03	1.08
mess	-3.03	1.84
cruel	-2.99	1.76
dirty	-2.98	1.92
bloody	-2.97	2.01
flesh	-2.96	1.07
burnt	-2.94	1.00
feces	-2.94	1.16
sweat	-2.92	1.14
bet	-2.90	1.50
horrific	-2.89	1.97
burning	-2.84	0.99
fart	-2.82	1.14
fever	-2.80	1.17
messy	-2.79	1.81
unfortunate	-2.74	2.10
tragic	-2.73	2.11
blacks	-2.72	1.83
poor	-2.71	1.91
urine	-2.69	1.05
bitter	-2.66	1.57
corpse	-2.62	1.04
brutal	-2.60	2.05
are	-2.59	1.73
hint	-2.54	1.20
filthy	-2.53	1.98
suffered	-2.49	1.35
herpes	-2.49	1.51
maggots	-2.48	1.31
hatred	-2.48	1.73
chronic	-2.47	1.27
virus	-2.47	1.62
swelling	-2.46	1.10
piss	-2.46	1.24
asians	-2.43	2.01
spread	-2.42	1.52
symptoms	-2.42	1.14
diarrhea	-2.40	1.01
trauma	-2.40	1.12
stereotype	-2.39	1.94
accident	-2.37	1.62
injuries	-2.36	1.27
severe	-2.35	1.34
deaths	-2.34	1.55
disgusting	-2.34	1.92
hitler	-2.33	1.81
sore	-2.32	1.37
unlike	-2.31	1.64
hiv	-2.31	1.52
witnessed	-2.30	1.96
fatal	-2.29	1.62
illness	-2.28	1.26
diseases	-2.26	1.30
stress	-2.26	1.28
death	-2.26	1.55
torture	-2.25	1.58
depression	-2.25	1.35
disease	-2.24	1.13
anxiety	-2.24	1.32
swollen	-2.23	1.28
guts	-2.23	1.27
nazis	-2.21	1.89
taste	-2.21	1.58
pathetic	-2.21	2.14
sensation	-2.21	1.18
russians	-2.20	1.99
antibiotics	-2.20	1.43
unfair	-2.20	2.05
rash	-2.19	1.21
holocaust	-2.19	0.89
amongst	-2.19	1.82
condition	-2.18	1.25
feeling	-2.18	1.53
jizz	-2.16	1.29
itchy	-2.16	1.46
aids	-2.15	1.46
experienced	-2.15	2.21
felt	-2.13	1.52
tastes	-2.13	1.65
mild	-2.13	1.24
accidents	-2.13	1.68
disorders	-2.11	1.21
ingrown	-2.10	1.19
intense	-2.10	1.38
mental	-2.09	1.32
occurred	-2.09	1.41
poop	-2.08	1.18
puke	-2.08	1.28
extreme	-2.08	1.29
cause	-2.07	1.31
pussy	-2.07	2.33
lonely	-2.07	2.37
wound	-2.06	1.39
talked	-2.05	1.68
struggle	-2.05	1.37
smoke	-2.04	1.12
naive	-2.04	2.29
diagnosed	-2.04	1.16
whites	-2.04	1.28
fluids	-2.03	1.18
events	-2.03	1.46
disorder	-2.03	1.31
causing	-2.03	1.29
witness	-2.03	1.58
minority	-2.02	1.00
injury	-2.01	1.25
immune	-2.01	1.41
scare	-2.00	1.78
constant	-2.00	1.22
cum	-1.99	1.34
psychological	-1.97	1.31
dealt	-1.97	2.27
itch	-1.97	1.21
ebola	-1.96	1.39
tasted	-1.96	1.55
complaining	-1.96	1.04
dislike	-1.96	1.95
disability	-1.95	1.28
causes	-1.95	1.26
bleeding	-1.94	1.18
blood	-1.94	1.16
parasites	-1.94	1.49
bothers	-1.93	2.03
depressed	-1.93	2.73
event	-1.93	1.55
caused	-1.93	1.28
numb	-1.93	1.38
occur	-1.92	1.37
treating	-1.92	0.87
pee	-1.92	1.18
makes	-1.91	2.46
transmission	-1.91	1.43
fault	-1.91	1.25
countless	-1.90	1.27
misery	-1.90	1.27
morally	-1.90	2.33
incident	-1.90	1.40
genocide	-1.90	0.90
races	-1.89	1.14
disaster	-1.89	1.50
highest	-1.88	2.47
cruelty	-1.88	1.43
combination	-1.88	1.10
similar	-1.87	1.87
smoked	-1.86	1.12
horrifying	-1.85	2.39
syndrome	-1.85	1.24
pile	-1.85	1.33
sucked	-1.85	1.89
bites	-1.84	1.47
clean	-1.84	1.53
feels	-1.83	1.51
prone	-1.83	1.23
involving	-1.82	1.47
due	-1.81	1.26
cleaning	-1.81	1.53
wreck	-1.80	1.20
dried	-1.80	1.24
race	-1.79	1.26
defending	-1.79	0.96
issues	-1.79	1.18
survive	-1.78	1.03
semen	-1.78	1.15
physical	-1.77	1.28
lead	-1.77	1.23
complications	-1.76	1.15
meanwhile	-1.76	2.35
feel	-1.76	1.75
stroke	-1.75	1.10
diabetes	-1.75	1.08
breathe	-1.74	1.04
privilege	-1.74	0.91
worthless	-1.74	1.61
poisoning	-1.74	1.04
poo	-1.72	1.17
poverty	-1.71	1.05
result	-1.70	1.29
claiming	-1.70	1.07
leaving	-1.69	1.26
bleed	-1.67	1.14
stereotypes	-1.67	1.38
crap	-1.66	2.08
depressing	-1.66	2.49
treat	-1.66	1.07
bodily	-1.66	1.09
uncomfortable	-1.65	2.55
dealing	-1.65	1.21
die	-1.65	1.21
serious	-1.65	1.28
racist	-1.65	1.43
adrenaline	-1.64	1.22
embarrassing	-1.64	2.49
revenge	-1.64	1.42
9/11	-1.64	1.10
loss	-1.63	1.16
deeply	-1.63	2.70
burns	-1.62	0.95
resulting	-1.62	1.26
relief	-1.62	1.18
plague	-1.62	1.51
trash	-1.62	1.36
lowest	-1.61	2.46
damage	-1.61	1.13
fresh	-1.61	1.23
victims	-1.60	1.29
diagnosis	-1.60	1.09
reported	-1.60	0.92
retarded	-1.60	2.32
extent	-1.59	1.28
bathrooms	-1.59	1.38
starving	-1.58	1.33
annoying	-1.58	2.29
develop	-1.57	1.18
described	-1.57	1.78
dead	-1.57	1.13
conditions	-1.57	1.09
stomach	-1.56	1.28
internal	-1.56	1.08
violent	-1.56	1.24
racial	-1.55	1.30
mistaken	-1.55	2.93
occurrence	-1.55	1.60
strongly	-1.55	0.87
leading	-1.55	1.20
desperate	-1.55	1.81
these	-1.55	1.15
emotional	-1.55	1.27
sick	-1.54	2.64
misleading	-1.54	2.55
absolute	-1.54	1.86
contact	-1.54	1.02
fear	-1.54	1.14
stones	-1.54	1.15
americans	-1.54	1.42
many	-1.53	1.13
hurts	-1.53	1.76
slow	-1.52	1.29
scum	-1.52	1.55
host	-1.52	1.26
fact	-1.52	3.13
sticky	-1.51	1.62
there	-1.51	3.05
ashamed	-1.51	2.93
disturbed	-1.51	2.89
nightmare	-1.50	1.97
lung	-1.50	1.01
minor	-1.50	1.20
wipe	-1.50	1.38
single	-1.50	2.73
lots	-1.50	1.08
disgusted	-1.49	2.94
doing	-1.49	3.25
screwed	-1.49	2.38
awkward	-1.48	2.63
hurt	-1.48	1.76
cyst	-1.48	1.27
embarrassed	-1.48	2.96
cough	-1.48	1.07
led	-1.48	1.43
shock	-1.48	1.29
stop	-1.48	1.18
deal	-1.47	1.52
believes	-1.47	2.34
plenty	-1.47	1.12
curious	-1.47	2.81
fluid	-1.47	1.07
problems	-1.47	1.16
lupus	-1.46	1.26
wondered	-1.46	2.51
garbage	-1.46	1.28
addiction	-1.45	1.18
prevent	-1.45	1.15
lungs	-1.45	1.03
point	-1.45	3.28
entitled	-1.44	1.62
trouble	-1.44	1.37
absolutely	-1.43	2.44
peeing	-1.43	1.13
obesity	-1.43	1.30
racism	-1.43	1.29
freaks	-1.43	1.46
afterwards	-1.42	1.17
healing	-1.42	1.25
hard	-1.42	2.65
other	-1.42	1.10
throat	-1.42	1.10
violence	-1.41	1.09
agree	-1.41	3.40
morbid	-1.41	2.59
butts	-1.41	1.22
idiotic	-1.41	1.74
treated	-1.40	1.00
crash	-1.40	1.23
gross	-1.40	2.45
occurs	-1.40	1.13
avoided	-1.40	1.22
parasite	-1.39	1.40
cuts	-1.38	1.14
slaves	-1.38	1.21
either	-1.38	3.37
cigarette	-1.38	1.09
shitting	-1.38	1.20
boring	-1.38	2.40
muslims	-1.37	0.94
horribly	-1.37	1.75
earth	-1.37	2.54
growing	-1.37	1.35
sorts	-1.37	1.37
dying	-1.36	1.12
slight	-1.36	1.50
guilt	-1.36	1.11
jewish	-1.36	1.02
heard	-1.36	2.55
calls	-1.36	2.48
handful	-1.36	1.17
oral	-1.35	1.34
harmful	-1.35	1.31
experience	-1.35	1.27
kinds	-1.35	1.37
ugly	-1.35	2.07
sudden	-1.35	1.22
frankly	-1.34	1.83
risk	-1.34	1.09
responsible	-1.34	0.98
terrified	-1.34	2.89
most	-1.34	2.51
laundry	-1.34	1.40
several	-1.34	1.10
heal	-1.34	1.17
sucks	-1.33	2.13
dozen	-1.33	1.07
flavor	-1.33	1.38
both	-1.33	1.06
dust	-1.33	1.06
dozens	-1.33	1.07
execution	-1.32	1.44
cleaned	-1.32	1.32
difficult	-1.32	1.68
selfish	-1.32	1.70
ridiculous	-1.32	2.22
burden	-1.32	1.05
avoid	-1.31	1.10
compare	-1.31	1.14
various	-1.31	1.21
toilets	-1.31	1.21
sexist	-1.30	1.44
involved	-1.30	1.21
toilet	-1.30	1.19
turd	-1.29	1.11
lazy	-1.29	1.73
saying	-1.29	3.37
such	-1.29	2.38
grows	-1.29	1.30
commit	-1.29	1.09
keep	-1.29	1.36
gut	-1.29	1.32
allergy	-1.29	1.08
germany	-1.29	1.05
prescription	-1.29	1.04
partially	-1.28	1.15
irresponsible	-1.28	1.42
ton	-1.28	1.05
stitches	-1.28	1.20
kept	-1.28	1.16
planet	-1.28	2.58
harm	-1.27	1.16
multiple	-1.27	1.12
majority	-1.27	1.07
flames	-1.27	0.97
largest	-1.27	2.98
those	-1.27	1.01
ignorant	-1.27	1.74
cancer	-1.26	1.06
types	-1.26	1.08
air	-1.26	0.89
numerous	-1.26	1.14
and/or	-1.26	1.29
cases	-1.26	1.27
resist	-1.26	1.41
bunch	-1.26	1.31
recover	-1.26	1.20
mood	-1.25	1.41
literally	-1.25	2.31
rooms	-1.25	1.26
blowing	-1.25	0.98
floating	-1.24	1.05
spit	-1.24	1.15
scratch	-1.24	1.23
hundreds	-1.24	1.04
pooping	-1.24	1.12
flush	-1.24	1.21
heart	-1.24	1.04
scars	-1.23	1.20
filled	-1.23	1.16
meds	-1.23	0.99
unnecessary	-1.23	1.58
choke	-1.23	1.09
allergic	-1.23	1.17
scares	-1.23	2.21
crime	-1.22	1.09
vessels	-1.22	1.06
injured	-1.22	1.30
attacks	-1.22	1.20
rage	-1.22	1.18
pissing	-1.21	1.23
surrounded	-1.21	0.98
lit	-1.21	0.98
acts	-1.21	1.30
bump	-1.21	1.20
nonsense	-1.21	1.27
punishment	-1.21	1.66
tons	-1.21	1.08
confusing	-1.21	2.60
plants	-1.20	1.19
israel	-1.20	0.78
creates	-1.20	1.08
washing	-1.19	1.42
affected	-1.19	1.79
irrational	-1.19	1.16
intestines	-1.19	1.16
anger	-1.19	1.13
bizarre	-1.19	2.36
covered	-1.19	1.30
spreading	-1.18	1.56
abuse	-1.18	1.10
talk	-1.18	1.31
burned	-1.17	0.98
true	-1.17	3.43
chemicals	-1.17	1.12
spinal	-1.17	1.05
shame	-1.16	1.39
exception	-1.16	0.98
kidney	-1.16	0.98
bothered	-1.16	2.31
flame	-1.16	0.97
pointless	-1.16	1.79
satisfying	-1.16	2.58
confusion	-1.16	1.25
ugh	-1.15	2.29
washed	-1.15	1.37
right	-1.15	3.40
create	-1.15	1.25
leads	-1.15	1.34
powerful	-1.15	1.88
popping	-1.15	1.39
christians	-1.15	0.88
variety	-1.14	1.33
liquid	-1.14	1.04
mushrooms	-1.14	1.21
jealous	-1.14	3.00
lies	-1.14	1.12
impact	-1.13	1.04
medication	-1.13	1.02
vacuum	-1.13	0.94
diabetic	-1.13	1.11
panic	-1.13	1.29
associated	-1.13	1.18
rubbing	-1.12	1.24
affects	-1.12	1.16
handle	-1.12	1.43
breathing	-1.12	1.03
redneck	-1.12	1.44
motorcycle	-1.11	1.12
exactly	-1.11	3.23
bullshit	-1.11	1.43
stall	-1.11	1.12
swear	-1.11	1.96
exposure	-1.11	1.06
mentally	-1.11	1.73
oxygen	-1.11	0.98
tired	-1.11	2.05
situation	-1.10	1.48
cleared	-1.10	1.11
relate	-1.10	1.63
permanent	-1.10	1.17
sink	-1.10	1.23
useless	-1.10	1.78
explosion	-1.10	1.10
among	-1.09	1.14
encounter	-1.09	1.20
two	-1.09	1.02
sympathy	-1.09	1.19
struggling	-1.09	1.45
paranoid	-1.08	2.07
developing	-1.08	1.22
assuming	-1.08	3.14
record	-1.08	2.88
body	-1.08	1.10
feelings	-1.08	1.10
crotch	-1.07	1.51
stole	-1.07	2.20
fire	-1.07	0.98
grow	-1.07	1.21
liver	-1.07	1.03
pressure	-1.07	0.97
mixed	-1.07	1.14
comprehend	-1.06	1.62
carpet	-1.06	1.32
organs	-1.06	1.04
severely	-1.06	1.76
including	-1.06	1.11
involve	-1.05	1.19
concern	-1.05	0.90
liar	-1.05	1.56
fine	-1.05	3.43
surprising	-1.05	2.65
killing	-1.05	1.08
whore	-1.05	1.67
addicted	-1.04	1.39
bitching	-1.04	1.30
bodies	-1.04	1.09
animal	-1.04	1.24
healed	-1.04	1.22
toxic	-1.04	1.14
related	-1.04	1.25
crimes	-1.04	1.24
bathroom	-1.04	1.20
worms	-1.04	1.21
certain	-1.04	1.38
kinda	-1.04	2.70
substance	-1.03	1.12
potentially	-1.03	1.21
enough	-1.03	1.71
officially	-1.03	2.63
veins	-1.03	1.07
tested	-1.03	1.11
emotionally	-1.03	1.86
exist	-1.03	1.46
addicts	-1.03	1.42
utterly	-1.03	1.92
stupid	-1.03	2.04
religion	-1.03	0.76
hands	-1.03	1.32
shower	-1.03	1.28
killers	-1.02	1.22
slaughter	-1.02	1.16
emotions	-1.02	1.13
limbs	-1.02	1.04
fires	-1.02	0.90
shudder	-1.02	2.11
needless	-1.02	1.09
threatening	-1.02	1.31
call	-1.02	0.99
calling	-1.02	1.38
entertaining	-1.01	2.61
sort	-1.01	1.80
destruction	-1.01	1.06
gag	-1.01	1.70
apples	-1.01	1.15
angry	-1.01	2.53
traps	-1.00	1.06
suicide	-1.00	1.17
confused	-1.00	2.56
fuel	-1.00	0.96
cleaner	-1.00	1.27
thousands	-1.00	0.97
disabled	-1.00	1.57
issue	-1.00	1.51
propaganda	-0.99	1.02
tortured	-0.99	1.21
effects	-0.99	1.08
african	-0.98	1.33
groups	-0.98	0.88
population	-0.98	1.07
growth	-0.98	1.11
roaches	-0.98	1.35
worse	-0.98	1.55
christian	-0.98	0.81
touching	-0.98	1.11
slavery	-0.97	0.96
bugs	-0.97	1.37
temporary	-0.97	1.14
annoyed	-0.97	2.57
joy	-0.97	1.16
driver	-0.97	1.00
crawling	-0.97	1.48
begin	-0.97	1.19
knowing	-0.97	2.20
badly	-0.97	1.35
separate	-0.97	1.10
white	-0.96	1.24
with	-0.96	1.31
etc	-0.96	1.11
total	-0.96	1.39
tend	-0.96	1.09
bin	-0.96	1.01
nerves	-0.96	1.16
contract	-0.96	1.15
twisted	-0.95	2.15
weird	-0.95	2.61
ew	-0.95	2.43
arent	-0.95	1.37
organ	-0.95	1.06
packed	-0.95	1.17
complete	-0.95	1.45
shocked	-0.95	2.56
executed	-0.95	1.23
none	-0.94	1.49
rich	-0.94	1.40
desire	-0.94	1.12
plant	-0.94	1.11
gas	-0.94	0.93
animals	-0.94	1.22
smoking	-0.94	1.21
existence	-0.94	1.43
leave	-0.94	1.65
wet	-0.93	1.51
upset	-0.93	2.49
lifetime	-0.93	1.16
imo	-0.93	2.09
expensive	-0.93	1.54
burn	-0.93	1.01
slightest	-0.93	1.65
hurting	-0.93	1.35
yell	-0.92	1.22
tobacco	-0.92	1.21
instant	-0.92	1.32
pretending	-0.92	1.20
developed	-0.92	1.23
explosive	-0.92	0.98
committed	-0.92	1.15
ghetto	-0.92	1.03
mercury	-0.92	1.04
flow	-0.92	1.02
imagining	-0.92	1.44
loser	-0.92	1.75
minded	-0.91	1.57
addict	-0.91	1.37
afraid	-0.91	2.31
amusing	-0.91	2.69
potatoes	-0.91	1.10
constantly	-0.91	1.29
were	-0.91	1.68
twat	-0.91	1.70
drain	-0.91	1.15
bored	-0.91	2.34
comparing	-0.91	1.09
gasoline	-0.91	0.99
bs	-0.91	1.30
drivers	-0.91	1.03
little	-0.91	2.53
offended	-0.91	2.48
survived	-0.91	1.09
junk	-0.90	1.48
marijuana	-0.90	1.12
by	-0.90	1.71
colon	-0.90	1.11
ironic	-0.90	2.61
practices	-0.90	1.01
bananas	-0.90	1.16
homeless	-0.90	1.50
pills	-0.89	1.02
asshole	-0.89	1.74
cunt	-0.89	1.70
rates	-0.89	1.19
co	-0.89	0.83
strange	-0.89	2.56
unknown	-0.89	1.28
influence	-0.88	0.92
crack	-0.88	1.15
hairy	-0.88	1.73
pill	-0.88	1.00
genetic	-0.88	1.17
nerve	-0.88	1.19
ticks	-0.88	1.29
committing	-0.88	1.15
belief	-0.88	0.99
responsibility	-0.88	0.98
heavily	-0.88	1.45
few	-0.88	0.99
scared	-0.87	2.53
three	-0.87	1.00
insulting	-0.87	1.50
mentality	-0.87	1.13
type	-0.87	1.12
imagined	-0.87	1.51
am	-0.87	2.48
having	-0.87	1.45
blew	-0.86	1.65
cigarettes	-0.86	1.20
wherever	-0.86	1.36
remove	-0.86	1.20
unsafe	-0.86	1.63
especially	-0.86	1.33
outcome	-0.86	1.33
offensive	-0.86	2.09
factors	-0.86	1.13
legitimately	-0.85	2.16
meth	-0.85	1.18
nose	-0.85	1.11
steroids	-0.85	1.07
marks	-0.85	1.23
significant	-0.85	1.11
wash	-0.85	1.47
unrelated	-0.85	1.42
pity	-0.85	1.12
lighter	-0.85	0.98
excessive	-0.84	1.41
occasional	-0.84	1.03
rate	-0.84	1.13
resort	-0.84	1.29
prick	-0.84	1.68
act	-0.84	1.32
bags	-0.84	1.07
genital	-0.84	1.24
genuinely	-0.84	2.34
noise	-0.83	1.31
trapped	-0.83	1.20
permanently	-0.83	1.32
without	-0.83	1.37
texture	-0.83	1.43
itt	-0.83	1.18
quit	-0.83	1.43
ignorance	-0.83	1.24
iv	-0.83	1.04
happening	-0.83	2.08
idiot	-0.83	1.54
mouth	-0.83	1.09
cocaine	-0.83	1.14
alcoholic	-0.82	1.38
reaction	-0.82	1.18
scumbag	-0.82	1.35
negligence	-0.82	1.30
brain	-0.82	1.11
deadly	-0.82	1.23
generally	-0.82	1.33
stem	-0.82	1.11
soul	-0.82	1.49
morons	-0.82	1.71
poison	-0.82	1.15
catch	-0.82	1.07
moron	-0.82	1.79
deserve	-0.82	1.22
removal	-0.81	1.19
murdering	-0.81	1.05
patients	-0.81	0.96
reduce	-0.81	1.16
escape	-0.81	1.13
talking	-0.81	2.47
blown	-0.81	1.39
bottles	-0.81	1.08
toenail	-0.81	1.28
looks	-0.81	2.46
increased	-0.81	1.19
percentage	-0.81	1.03
bits	-0.81	1.12
usually	-0.80	1.28
minimal	-0.80	1.17
completely	-0.80	1.74
absurd	-0.80	2.05
concerned	-0.80	2.46
each	-0.80	1.27
surprised	-0.80	2.39
circumstances	-0.80	1.37
worm	-0.79	1.21
rarely	-0.79	1.19
cure	-0.79	1.13
social	-0.79	1.09
removing	-0.79	1.26
nazi	-0.79	1.19
bias	-0.79	1.31
rapists	-0.79	1.27
major	-0.79	1.36
curiosity	-0.79	1.67
drown	-0.79	0.98
alcohol	-0.79	1.11
believe	-0.79	2.08
alone	-0.79	2.15
danger	-0.79	1.17
hundred	-0.79	0.97
make	-0.78	1.96
kitchen	-0.78	1.13
penalty	-0.78	1.67
global	-0.78	1.08
kill	-0.78	1.31
harsh	-0.78	1.84
scar	-0.78	1.19
skull	-0.78	1.05
blind	-0.78	1.71
moments	-0.78	1.45
streets	-0.78	1.03
rude	-0.78	1.77
limb	-0.78	0.99
cans	-0.78	1.07
flies	-0.78	1.22
black	-0.78	1.24
wonder	-0.78	1.91
cells	-0.78	1.10
messed	-0.78	2.78
treatment	-0.78	1.03
burst	-0.78	1.06
reduced	-0.77	1.28
remains	-0.77	1.06
habit	-0.77	1.17
christ	-0.77	2.40
tub	-0.77	1.15
cared	-0.77	1.35
bit	-0.77	1.98
weed	-0.77	1.19
tank	-0.77	0.97
assholes	-0.77	1.72
percent	-0.77	0.99
tick	-0.76	1.24
douchebag	-0.76	1.67
treatments	-0.76	1.02
convince	-0.76	1.59
shits	-0.76	1.43
aside	-0.76	1.28
warned	-0.76	1.13
health	-0.76	1.08
open	-0.76	1.11
damaging	-0.76	1.14
99	-0.76	1.19
pedestrian	-0.76	1.05
drugs	-0.76	1.14
muslim	-0.76	0.83
increase	-0.76	1.26
bare	-0.76	1.28
myself	-0.76	1.82
wondering	-0.76	2.00
touched	-0.76	1.54
rape	-0.76	1.13
mans	-0.76	1.43
dose	-0.75	1.03
victim	-0.75	1.16
idiots	-0.75	1.68
brush	-0.75	1.20
plain	-0.75	1.75
exposed	-0.75	1.12
ceiling	-0.75	1.15
heroin	-0.75	1.16
physically	-0.75	1.56
insects	-0.75	1.23
keeps	-0.75	1.16
acting	-0.75	1.41
periods	-0.75	1.07
include	-0.74	1.14
terrorist	-0.74	0.84
which	-0.74	2.26
rush	-0.74	1.03
sperm	-0.74	1.10
gay	-0.74	0.95
claimed	-0.74	1.06
dangerous	-0.74	1.72
unusual	-0.74	2.34
fucked	-0.74	2.87
terrorists	-0.74	0.81
freaked	-0.74	2.11
slightly	-0.74	1.83
instead	-0.73	1.24
douche	-0.73	1.70
busy	-0.73	1.16
drug	-0.73	1.15
rider	-0.73	1.11
excess	-0.73	0.99
equality	-0.73	1.08
disappointed	-0.73	2.46
bleach	-0.73	1.18
tumor	-0.73	1.02
massive	-0.73	1.26
justify	-0.73	1.37
dump	-0.73	1.02
uncommon	-0.72	1.76
surrounding	-0.72	1.00
fool	-0.72	1.83
full	-0.72	1.01
rest	-0.72	1.48
start	-0.72	1.17
truth	-0.72	1.76
toward	-0.72	0.85
problem	-0.72	1.97
reactions	-0.72	1.17
exploded	-0.72	1.07
punished	-0.72	1.23
chopped	-0.72	0.96
me	-0.72	1.87
sound	-0.72	1.49
e.g	-0.72	1.22
attitude	-0.72	1.41
seeking	-0.71	1.32
spiders	-0.71	1.49
four	-0.71	0.98
odd	-0.71	2.69
lying	-0.71	1.56
lethal	-0.71	1.19
five	-0.71	0.98
explode	-0.71	1.02
happens	-0.71	1.80
couple	-0.71	0.98
stopping	-0.71	1.06
justice	-0.71	1.27
holes	-0.71	1.19
bone	-0.71	1.04
horny	-0.71	2.15
engine	-0.71	0.86
increases	-0.71	1.21
reason	-0.71	2.34
being	-0.70	1.52
six	-0.70	0.98
taking	-0.70	1.38
identity	-0.70	1.05
wave	-0.70	1.02
express	-0.70	1.13
nine	-0.70	0.98
humans	-0.70	1.24
cavity	-0.69	1.05
damaged	-0.69	1.17
mildly	-0.69	2.04
pot	-0.69	1.03
balls	-0.69	1.66
where	-0.69	2.43
cultural	-0.69	1.07
bottle	-0.69	1.06
steal	-0.69	0.74
asking	-0.69	2.08
creating	-0.68	1.11
drank	-0.68	1.08
unhealthy	-0.68	1.27
theyre	-0.68	1.63
convenient	-0.68	1.82
disturbing	-0.68	2.73
crawl	-0.68	1.19
hazard	-0.68	1.17
bug	-0.68	1.29
balloon	-0.68	1.07
rare	-0.68	1.83
pisses	-0.68	1.79
only	-0.68	2.41
feminists	-0.68	1.04
religions	-0.67	0.77
obama	-0.67	0.73
look	-0.67	2.22
stream	-0.67	0.92
clothes	-0.67	1.40
almost	-0.67	1.37
murder	-0.67	1.20
naturally	-0.66	1.15
touch	-0.66	1.73
ended	-0.66	1.12
random	-0.66	1.37
shocking	-0.66	2.71
exists	-0.66	1.26
believing	-0.66	1.06
brains	-0.66	1.12
cunts	-0.66	1.76
made	-0.66	1.66
nuclear	-0.66	1.03
destroy	-0.66	1.02
honestly	-0.66	2.40
swallow	-0.66	1.14
hairs	-0.65	1.26
failure	-0.65	1.45
twenty	-0.65	0.97
pump	-0.65	0.98
crossed	-0.65	0.83
equally	-0.65	1.91
case	-0.65	1.86
mutilation	-0.65	1.16
butthole	-0.65	1.52
beyond	-0.65	1.88
anus	-0.65	1.39
prisoners	-0.65	1.28
situations	-0.65	1.25
doubt	-0.65	2.33
personality	-0.65	1.46
empty	-0.65	1.03
lie	-0.65	2.13
minds	-0.65	1.32
happen	-0.65	2.02
rapist	-0.65	1.24
matter	-0.64	2.38
chest	-0.64	1.17
butt	-0.64	1.58
accused	-0.64	1.22
some	-0.64	2.11
hose	-0.64	1.01
alot	-0.64	1.47
gave	-0.64	1.22
patient	-0.64	0.95
instantly	-0.64	1.23
throwing	-0.64	1.03
bag	-0.64	1.03
telling	-0.64	1.97
murderer	-0.64	1.25
deserves	-0.64	1.09
biting	-0.63	1.09
making	-0.63	1.69
scalp	-0.63	1.20
died	-0.63	0.97
chance	-0.63	1.13
theft	-0.63	1.12
harder	-0.63	1.65
apocalypse	-0.63	1.31
tissue	-0.63	1.07
highly	-0.63	1.67
m	-0.63	2.42
moment	-0.63	1.43
retard	-0.63	1.81
forms	-0.63	1.23
slave	-0.63	1.05
threat	-0.63	1.18
track	-0.63	0.96
stopped	-0.62	1.09
domestic	-0.62	1.03
drink	-0.62	1.06
vein	-0.62	1.17
criminal	-0.62	1.22
stab	-0.62	1.11
reasons	-0.62	1.37
attacking	-0.62	1.04
threatened	-0.62	1.40
high	-0.62	1.39
lighting	-0.62	0.98
christianity	-0.62	0.81
eight	-0.62	0.98
regret	-0.62	1.44
racing	-0.62	0.91
bother	-0.61	1.93
innocent	-0.61	1.09
argue	-0.61	1.99
religious	-0.61	0.79
leak	-0.61	1.13
presence	-0.61	1.24
pretend	-0.61	2.26
factor	-0.61	1.12
left	-0.61	1.39
fill	-0.61	0.98
mind	-0.61	2.13
rise	-0.61	1.28
hold	-0.61	1.03
condoms	-0.61	1.05
ten	-0.61	0.96
suspect	-0.61	1.26
myth	-0.61	1.51
ill	-0.61	2.03
drinking	-0.61	1.07
wine	-0.60	1.07
lube	-0.60	1.07
conspiracy	-0.60	1.21
terribly	-0.60	1.89
shaving	-0.60	1.42
guilty	-0.60	1.23
side	-0.60	1.31
insect	-0.60	1.24
therapy	-0.60	1.02
weak	-0.60	1.70
overweight	-0.60	1.48
dumbass	-0.60	1.88
gender	-0.60	1.14
coke	-0.60	1.08
irrelevant	-0.59	1.99
picking	-0.59	1.06
blow	-0.59	1.02
differences	-0.59	1.14
blocked	-0.59	1.09
bones	-0.59	1.07
space	-0.59	1.22
unless	-0.59	2.64
isis	-0.59	0.77
deserved	-0.59	1.20
re	-0.59	2.40
all	-0.59	2.28
admitted	-0.59	0.99
nowhere	-0.59	1.72
judgement	-0.58	1.39
blast	-0.58	0.98
huge	-0.58	1.31
inappropriate	-0.58	2.24
radiation	-0.58	0.99
ribs	-0.58	1.03
faggot	-0.58	1.63
roots	-0.58	1.02
convicted	-0.58	1.28
happened	-0.58	2.07
criminals	-0.58	1.31
control	-0.58	1.09
juice	-0.58	1.41
venom	-0.58	1.20
individuals	-0.57	1.21
getting	-0.57	1.64
catching	-0.57	1.03
potential	-0.57	1.31
peel	-0.57	1.08
unlikely	-0.57	1.94
ourselves	-0.57	1.37
beating	-0.57	1.04
terror	-0.57	1.16
immediate	-0.57	1.15
assault	-0.57	1.19
speed	-0.57	1.14
lanes	-0.57	0.99
focus	-0.57	1.01
advocate	-0.57	1.40
oil	-0.57	0.96
thousand	-0.57	0.94
discuss	-0.57	1.34
lane	-0.57	1.02
public	-0.57	1.25
acid	-0.57	1.04
never	-0.57	2.45
pipe	-0.56	1.03
self	-0.56	1.29
number	-0.56	1.09
risks	-0.56	1.17
severed	-0.56	1.04
destroying	-0.56	1.01
container	-0.56	1.01
vagina	-0.56	1.52
acted	-0.56	1.26
freak	-0.56	2.10
system	-0.56	1.24
pure	-0.56	1.19
remember	-0.56	1.36
jerk	-0.56	1.62
overly	-0.56	1.83
convinced	-0.56	1.82
beaten	-0.56	1.15
bats	-0.56	1.15
bomb	-0.55	0.99
charged	-0.55	1.24
probably	-0.55	2.22
assume	-0.55	2.64
mostly	-0.55	1.32
quite	-0.55	1.86
sense	-0.55	1.92
traffic	-0.55	1.01
sensitive	-0.55	1.76
straight	-0.55	1.33
frequent	-0.55	1.31
looking	-0.55	2.18
orgasm	-0.55	1.09
chase	-0.55	0.97
impressed	-0.55	2.56
financial	-0.55	1.01
formed	-0.55	1.03
toenails	-0.55	1.22
anything	-0.54	2.28
admit	-0.54	2.26
bastard	-0.54	1.93
flood	-0.54	1.05
difference	-0.54	1.73
seven	-0.54	1.01
skin	-0.54	1.20
one	-0.54	3.49
told	-0.54	1.20
islam	-0.54	0.79
motor	-0.54	0.98
thinking	-0.54	2.44
explain	-0.54	2.04
possibility	-0.54	1.42
raped	-0.54	1.17
gallon	-0.54	0.99
worried	-0.54	2.35
zone	-0.53	1.04
abused	-0.53	1.32
floor	-0.53	0.98
often	-0.53	1.36
jury	-0.53	1.29
jackass	-0.53	1.58
mass	-0.53	1.01
chemical	-0.53	1.07
honest	-0.53	2.35
worry	-0.53	2.38
speeding	-0.53	1.01
things	-0.53	2.44
2-3	-0.53	0.99
tongue	-0.53	1.15
figure	-0.53	2.17
bite	-0.53	1.16
possibly	-0.53	1.77
nervous	-0.53	1.71
needles	-0.53	1.11
attack	-0.53	1.07
thoroughly	-0.53	1.88
gravity	-0.53	1.06
insanely	-0.52	1.86
popped	-0.52	1.07
prove	-0.52	1.65
course	-0.52	2.41
removed	-0.52	1.45
sometimes	-0.52	1.89
suddenly	-0.52	1.27
sounded	-0.52	1.62
trial	-0.52	1.27
chances	-0.52	1.11
beer	-0.52	1.16
aware	-0.52	2.25
combined	-0.51	1.29
sides	-0.51	0.97
vodka	-0.51	1.14
species	-0.51	1.17
mainly	-0.51	1.22
expect	-0.51	2.21
odds	-0.51	1.08
millions	-0.51	0.97
dumb	-0.51	1.95
or	-0.51	2.32
knew	-0.51	1.80
inner	-0.51	1.13
lemon	-0.51	1.39
seem	-0.51	2.00
ants	-0.51	1.29
become	-0.51	1.72
actively	-0.51	1.28
behavior	-0.51	1.31
foreskin	-0.51	1.17
regularly	-0.51	1.13
towel	-0.51	1.20
pack	-0.50	1.12
larger	-0.50	1.28
shitty	-0.50	2.00
spine	-0.50	1.06
listed	-0.50	1.14
behaviour	-0.50	1.42
wax	-0.50	1.12
largely	-0.50	1.42
couldnt	-0.50	1.89
cups	-0.50	1.01
tossed	-0.50	1.00
find	-0.50	1.88
sucking	-0.50	1.35
authorities	-0.50	0.97
always	-0.50	2.18
know	-0.50	2.55
yelled	-0.49	1.14
chasing	-0.49	1.02
regard	-0.49	1.03
activity	-0.49	1.16
while	-0.49	1.19
thing	-0.49	3.42
evil	-0.49	1.66
followed	-0.49	1.24
anti	-0.49	0.97
focused	-0.49	1.26
dope	-0.49	1.34
sample	-0.49	0.92
anywhere	-0.49	2.28
incredibly	-0.49	1.94
rocket	-0.49	0.88
surgical	-0.49	1.05
assure	-0.49	1.74
significantly	-0.49	1.29
speeds	-0.49	1.06
coming	-0.49	1.70
whilst	-0.49	1.16
stuff	-0.49	2.06
atheist	-0.49	0.87
notice	-0.49	2.03
although	-0.48	2.41
charges	-0.48	1.26
nearly	-0.48	1.32
something	-0.48	2.51
amazed	-0.48	2.40
dna	-0.48	1.11
attracted	-0.48	1.10
neck	-0.48	1.06
frequently	-0.48	1.21
overall	-0.48	1.17
cheeks	-0.48	1.34
faith	-0.48	0.84
sexual	-0.48	1.26
inside	-0.48	1.03
function	-0.48	1.17
driving	-0.48	0.95
extremely	-0.48	1.86
ridiculously	-0.48	1.95
kicked	-0.48	1.11
stabbing	-0.47	1.00
ve	-0.47	3.49
africa	-0.47	0.92
court	-0.47	1.27
done	-0.47	2.01
beliefs	-0.47	0.95
thoughts	-0.47	1.14
does	-0.47	2.15
shaking	-0.47	1.27
cried	-0.47	1.39
humane	-0.47	1.31
defend	-0.47	1.29
impossible	-0.47	1.69
sight	-0.47	2.20
handled	-0.47	1.30
emergency	-0.47	0.94
nothing	-0.47	2.23
super	-0.47	2.01
pissed	-0.47	2.37
grease	-0.47	1.01
urge	-0.47	1.60
bubble	-0.47	0.96
complicated	-0.47	2.07
see	-0.47	2.23
pipes	-0.47	1.05
tame	-0.47	2.26
gang	-0.47	1.04
room	-0.47	0.99
block	-0.46	0.94
anymore	-0.46	2.45
crush	-0.46	1.00
whether	-0.46	1.61
pour	-0.46	1.04
even	-0.46	2.50
except	-0.46	1.77
attention	-0.46	1.37
cars	-0.46	0.93
boxes	-0.46	1.01
activities	-0.46	1.20
how	-0.46	2.41
helps	-0.46	1.26
ultimately	-0.46	1.35
mammals	-0.46	0.92
effect	-0.46	1.23
interested	-0.46	2.22
spider	-0.46	1.27
ive	-0.46	3.41
circumcised	-0.46	1.12
chewing	-0.46	1.04
tell	-0.46	2.20
seems	-0.46	2.05
sock	-0.46	1.20
vast	-0.46	1.21
trust	-0.46	1.83
pieces	-0.46	1.06
poisonous	-0.46	1.23
3	-0.46	0.99
they	-0.46	2.47
feminist	-0.45	1.04
signs	-0.45	1.28
ask	-0.45	1.83
whatever	-0.45	2.53
between	-0.45	0.93
5	-0.45	0.95
started	-0.45	1.17
why	-0.45	2.58
raping	-0.45	1.10
about	-0.45	1.94
ant	-0.45	1.23
seemed	-0.45	2.00
lot	-0.45	1.66
crabs	-0.45	1.10
seen	-0.45	3.44
chin	-0.45	1.24
affect	-0.45	1.17
becomes	-0.45	1.68
attempted	-0.45	1.26
chew	-0.44	1.08
camp	-0.44	0.84
becoming	-0.44	1.62
just	-0.44	2.62
rub	-0.44	1.08
masturbation	-0.44	1.08
stand	-0.44	2.06
unconscious	-0.44	1.05
surgeries	-0.44	1.05
parts	-0.44	1.25
filter	-0.44	1.02
deny	-0.44	1.62
say	-0.44	2.51
bucket	-0.44	1.03
because	-0.44	2.64
hitting	-0.44	0.99
joint	-0.44	1.04
lick	-0.44	1.33
benefit	-0.44	1.15
take	-0.44	1.76
claims	-0.43	1.58
finding	-0.43	1.31
procedure	-0.43	1.10
seemingly	-0.43	1.73
vision	-0.43	1.23
apart	-0.43	1.09
pride	-0.43	1.15
any	-0.43	1.79
judge	-0.43	1.41
million	-0.43	1.02
entirely	-0.43	1.79
stabbed	-0.43	1.12
car	-0.43	0.94
life	-0.43	1.07
everytime	-0.43	1.48
moral	-0.43	1.37
murdered	-0.43	1.08
damages	-0.43	1.16
moving	-0.43	1.23
skeleton	-0.43	1.27
pad	-0.43	1.14
slowly	-0.43	1.18
starts	-0.42	1.14
statements	-0.42	1.95
brakes	-0.42	0.94
eye	-0.42	1.20
we	-0.42	2.22
reached	-0.42	1.06
intact	-0.42	1.12
greatly	-0.42	1.12
still	-0.42	2.57
helping	-0.42	1.56
waste	-0.42	0.97
wheelchair	-0.42	1.07
passing	-0.42	0.99
fetishes	-0.42	1.75
obviously	-0.42	2.40
soda	-0.42	1.04
2	-0.42	0.98
sheets	-0.42	1.16
i.e	-0.41	1.27
looked	-0.41	1.64
road	-0.41	0.96
ever	-0.41	3.56
typically	-0.41	1.21
contain	-0.41	0.93
tears	-0.41	1.18
horn	-0.41	1.13
entire	-0.41	2.01
bombs	-0.41	0.97
encourage	-0.41	1.33
been	-0.41	2.38
gone	-0.41	1.74
toss	-0.41	1.02
sack	-0.41	1.37
bush	-0.41	0.85
attempts	-0.41	1.51
travel	-0.41	1.06
throw	-0.41	1.02
if	-0.41	2.54
95	-0.41	0.92
kicking	-0.41	1.11
currently	-0.41	1.02
leg	-0.41	1.06
sting	-0.41	1.30
cringe	-0.41	2.13
cord	-0.41	1.00
go	-0.41	2.00
seek	-0.41	1.17
arrested	-0.41	1.20
doors	-0.41	1.00
changes	-0.41	1.21
somewhat	-0.41	1.92
somewhere	-0.41	1.85
arm	-0.41	1.09
straw	-0.40	1.09
shoulders	-0.40	1.12
defense	-0.40	1.18
circumcision	-0.40	1.11
welfare	-0.40	1.03
highway	-0.40	0.98
gotten	-0.40	2.21
mouths	-0.40	1.12
sprayed	-0.40	1.33
vehicle	-0.40	0.98
would	-0.40	2.43
weirdest	-0.40	2.94
teeth	-0.40	1.06
met	-0.40	2.09
out	-0.40	1.49
genetics	-0.40	1.09
intersection	-0.40	0.98
think	-0.40	2.52
stealing	-0.40	0.79
investigation	-0.40	1.19
however	-0.40	2.51
destroyed	-0.40	1.02
stuck	-0.40	0.91
fairly	-0.40	1.80
gently	-0.40	1.22
more	-0.40	1.80
crushed	-0.40	0.99
claim	-0.40	1.66
very	-0.40	1.92
justified	-0.40	1.43
discussing	-0.40	1.33
hole	-0.40	1.16
shave	-0.40	1.42
cultures	-0.40	0.98
be	-0.40	2.38
get	-0.39	2.22
resistance	-0.39	1.10
gum	-0.39	1.03
may	-0.39	2.35
anyone	-0.39	1.93
per	-0.39	0.99
tooth	-0.39	1.07
jaw	-0.39	1.06
environment	-0.39	1.02
closet	-0.39	1.00
civil	-0.39	1.13
hunt	-0.39	1.03
income	-0.39	0.91
joints	-0.39	1.06
vag	-0.39	1.77
release	-0.39	0.93
false	-0.39	2.05
sterile	-0.39	1.10
personally	-0.39	1.80
large	-0.39	1.14
general	-0.39	0.76
realize	-0.39	2.29
blocking	-0.39	0.98
shoulder	-0.39	1.08
awhile	-0.39	2.25
obese	-0.39	1.33
socially	-0.39	1.82
through	-0.39	0.96
urethra	-0.39	1.13
split	-0.38	1.01
otherwise	-0.38	1.97
world	-0.38	3.55
laughter	-0.38	1.34
hooked	-0.38	1.04
doctors	-0.38	0.93
cracked	-0.38	1.05
form	-0.38	1.58
creatures	-0.38	1.73
had	-0.38	2.15
parked	-0.38	0.97
functioning	-0.38	1.17
fucks	-0.38	1.44
amounts	-0.38	0.93
repeatedly	-0.38	1.16
move	-0.38	1.63
chosen	-0.38	1.31
effectively	-0.37	1.38
common	-0.37	1.70
reach	-0.37	1.16
bedroom	-0.37	1.02
10	-0.37	0.94
slower	-0.37	1.37
places	-0.37	1.31
seeing	-0.37	1.71
maybe	-0.37	2.48
daily	-0.37	1.10
coincidence	-0.37	2.17
us	-0.37	1.12
culture	-0.37	1.20
group	-0.37	0.88
might	-0.37	2.46
lawyer	-0.37	1.25
instinct	-0.37	1.18
drops	-0.37	0.94
d	-0.37	2.41
crossing	-0.37	1.01
proven	-0.37	1.40
recent	-0.37	1.18
potato	-0.37	1.00
arguing	-0.37	1.87
bend	-0.37	1.17
gets	-0.37	1.74
better	-0.37	1.80
easily	-0.37	1.62
average	-0.37	1.23
arguments	-0.36	1.84
head	-0.36	1.15
steering	-0.36	0.95
also	-0.36	2.57
surgery	-0.36	1.08
tube	-0.36	1.03
easy	-0.36	1.65
benefits	-0.36	1.05
legs	-0.36	1.12
leader	-0.36	0.89
particularly	-0.36	1.80
sizes	-0.36	1.05
driven	-0.36	0.93
hygiene	-0.36	1.43
bitten	-0.36	1.09
squeeze	-0.36	1.03
help	-0.36	1.79
tbh	-0.36	2.00
remotely	-0.36	1.94
ankles	-0.36	1.07
ankle	-0.36	1.04
pass	-0.36	1.34
people	-0.36	1.60
losing	-0.36	1.04
want	-0.36	2.28
somehow	-0.36	1.68
tornado	-0.36	1.19
every	-0.36	2.05
snapped	-0.36	1.10
canal	-0.36	1.03
risky	-0.36	1.75
shaved	-0.36	1.41
symbol	-0.36	1.01
crab	-0.36	1.15
different	-0.35	1.31
yes	-0.35	3.21
manage	-0.35	1.66
hair	-0.35	1.24
basis	-0.35	1.42
syrup	-0.35	1.18
4	-0.35	0.98
development	-0.35	1.03
argument	-0.35	1.92
cup	-0.35	0.99
war	-0.35	0.81
venomous	-0.35	1.22
geez	-0.35	1.70
hide	-0.35	1.12
bum	-0.35	1.43
knee	-0.35	1.05
fruit	-0.35	1.27
towards	-0.35	1.07
when	-0.35	1.72
tanks	-0.35	0.92
traveling	-0.35	1.10
protecting	-0.35	0.95
humanity	-0.35	1.44
biological	-0.35	1.10
struck	-0.35	1.00
existed	-0.34	1.78
guarantee	-0.34	2.05
worlds	-0.34	3.57
roommate	-0.34	1.57
bike	-0.34	0.93
stops	-0.34	1.51
intent	-0.34	1.35
noticed	-0.34	1.59
closed	-0.34	1.02
ratio	-0.34	1.12
going	-0.34	2.62
hip	-0.34	1.02
shortly	-0.34	1.15
thrown	-0.34	1.01
vinegar	-0.34	1.03
cheek	-0.34	1.23
part	-0.34	3.47
levels	-0.34	1.10
cares	-0.34	2.83
nation	-0.34	1.97
killed	-0.34	1.09
did	-0.34	2.33
opinion	-0.34	1.71
yet	-0.34	1.52
sealed	-0.34	0.99
truck	-0.34	0.94
ignored	-0.34	1.71
attacked	-0.34	1.23
stance	-0.34	1.38
others	-0.34	1.38
wrist	-0.34	1.06
men	-0.34	1.09
luckily	-0.34	1.25
granted	-0.34	1.55
civilians	-0.34	0.85
them	-0.33	2.06
come	-0.33	2.01
heck	-0.33	2.06
officer	-0.33	1.13
wisdom	-0.33	1.03
brake	-0.33	0.95
immediately	-0.33	1.26
smaller	-0.33	1.28
scream	-0.33	1.34
shots	-0.33	0.92
suv	-0.33	0.93
drinks	-0.33	1.01
facts	-0.33	1.87
ones	-0.33	1.60
unable	-0.33	1.61
pleasure	-0.33	1.02
arrest	-0.33	1.20
drive	-0.33	0.95
busted	-0.33	1.11
hardly	-0.33	1.76
realized	-0.33	1.46
eventually	-0.33	1.46
twice	-0.33	1.85
elbow	-0.33	1.06
soap	-0.33	1.37
remaining	-0.33	1.14
church	-0.33	1.03
movement	-0.33	1.03
wheels	-0.33	0.94
evolved	-0.33	1.23
uniform	-0.32	0.88
own	-0.32	1.12
hit	-0.32	0.97
primarily	-0.32	1.25
counter	-0.32	0.92
rather	-0.32	1.73
human	-0.32	1.27
assistance	-0.32	1.13
giving	-0.32	1.54
operation	-0.32	1.13
thinks	-0.32	2.96
idea	-0.32	2.30
maximum	-0.32	1.12
hear	-0.32	1.21
knees	-0.32	1.06
able	-0.32	1.77
quickly	-0.32	1.37
cut	-0.32	1.01
limit	-0.32	1.03
arms	-0.32	1.15
faster	-0.32	1.46
performed	-0.32	1.11
tore	-0.31	1.05
sue	-0.31	1.24
backwards	-0.31	1.09
20	-0.31	0.93
higher	-0.31	1.33
statistics	-0.31	1.45
plastic	-0.31	1.06
then	-0.31	1.99
glass	-0.31	0.99
feminism	-0.31	1.08
bastards	-0.31	1.95
contribute	-0.31	1.29
asked	-0.31	1.47
regards	-0.31	1.46
locked	-0.31	1.00
much	-0.31	1.72
directly	-0.31	1.01
views	-0.31	1.07
rights	-0.31	1.04
simply	-0.31	2.16
furniture	-0.31	1.04
women	-0.31	1.09
status	-0.31	1.04
ie	-0.31	1.37
during	-0.31	1.04
pool	-0.31	0.96
beings	-0.31	1.37
arrived	-0.30	1.01
liquor	-0.30	0.96
closing	-0.30	1.02
continue	-0.30	1.36
totally	-0.30	2.12
nations	-0.30	1.49
broken	-0.30	1.00
load	-0.30	1.09
bath	-0.30	1.24
pickup	-0.30	0.92
peta	-0.30	0.93
opening	-0.30	1.04
7	-0.30	0.93
crappy	-0.30	2.02
than	-0.30	1.55
strangers	-0.30	1.50
themselves	-0.30	1.59
70	-0.30	0.95
aliens	-0.30	1.30
narrow	-0.30	1.27
genitals	-0.30	1.24
door	-0.30	0.97
ca	-0.30	2.13
could	-0.30	2.22
half	-0.30	1.02
wasps	-0.30	1.36
glance	-0.30	1.56
against	-0.29	1.08
basement	-0.29	0.99
endangered	-0.29	0.99
crashed	-0.29	0.93
sorta	-0.29	2.24
protect	-0.29	1.01
heads	-0.29	1.15
reports	-0.29	1.24
dont	-0.29	2.32
russia	-0.29	1.04
rear	-0.29	0.91
surprisingly	-0.29	1.91
bust	-0.29	1.15
bikes	-0.29	0.93
litter	-0.29	1.21
really	-0.29	2.40
trucks	-0.29	0.91
direction	-0.29	1.03
includes	-0.28	1.18
can	-0.28	2.13
pressed	-0.28	1.00
broke	-0.28	0.97
surgeon	-0.28	1.01
mean	-0.28	2.69
adds	-0.28	1.17
official	-0.28	1.17
clearly	-0.28	1.94
condom	-0.28	1.08
managed	-0.28	1.66
wasting	-0.28	1.12
once	-0.28	2.06
ambulance	-0.28	1.00
small	-0.28	1.15
off	-0.28	1.10
believed	-0.28	1.16
thigh	-0.28	1.18
whole	-0.28	1.95
suck	-0.28	1.57
upper	-0.28	1.02
15	-0.28	0.92
lid	-0.28	0.95
collect	-0.28	0.94
volume	-0.28	1.01
gene	-0.28	1.07
6	-0.28	0.98
another	-0.28	1.92
values	-0.28	0.99
everyday	-0.27	1.19
held	-0.27	1.03
knows	-0.27	3.00
van	-0.27	0.93
lower	-0.27	1.31
theory	-0.27	1.52
direct	-0.27	1.14
exit	-0.27	0.95
alive	-0.27	1.72
lesser	-0.27	1.24
beard	-0.27	1.28
sooner	-0.27	1.63
lips	-0.27	1.37
bowl	-0.27	0.96
hung	-0.27	1.13
legally	-0.27	1.45
asia	-0.27	1.07
blows	-0.27	1.58
regarding	-0.27	1.36
second	-0.27	2.44
mud	-0.27	1.01
whales	-0.27	1.06
what	-0.27	2.67
dildo	-0.27	1.33
breaking	-0.27	1.00
ears	-0.27	1.20
boom	-0.27	1.38
likely	-0.27	1.87
citizens	-0.27	0.98
else	-0.26	2.06
fridge	-0.26	1.00
dressing	-0.26	0.99
attempting	-0.26	1.61
sidewalk	-0.26	0.96
universe	-0.26	1.37
tearing	-0.26	1.12
fucking	-0.26	2.24
lights	-0.26	0.94
areas	-0.26	1.01
ll	-0.26	2.17
eyes	-0.26	1.09
cycle	-0.26	0.96
continued	-0.26	1.13
scrotum	-0.26	1.42
regardless	-0.26	1.37
force	-0.26	1.19
zero	-0.26	1.26
wo	-0.26	2.15
no	-0.26	2.53
enemy	-0.26	0.90
police	-0.26	1.02
cock	-0.26	1.63
beers	-0.26	1.15
closest	-0.26	3.64
forehead	-0.26	1.22
began	-0.26	1.12
prior	-0.26	1.17
appear	-0.26	1.58
cloud	-0.26	0.90
mph	-0.26	1.00
fortunately	-0.26	1.28
around	-0.25	1.13
hand	-0.25	1.06
12	-0.25	0.93
dropped	-0.25	1.04
break	-0.25	0.98
contains	-0.25	0.98
trained	-0.25	1.08
housing	-0.25	0.97
drives	-0.25	2.15
nightmares	-0.25	2.01
drove	-0.25	0.94
dental	-0.25	1.03
urban	-0.25	0.99
front	-0.25	0.98
relatively	-0.25	1.72
opinions	-0.25	1.38
wasp	-0.25	1.17
energy	-0.25	1.00
creature	-0.25	1.65
cutting	-0.25	1.02
ear	-0.25	1.15
range	-0.25	1.07
11	-0.25	0.92
enter	-0.25	1.05
into	-0.25	1.05
stronger	-0.25	1.44
patch	-0.25	1.10
involves	-0.25	1.24
75	-0.25	0.93
determined	-0.25	1.25
whatsoever	-0.24	1.43
proves	-0.24	1.55
an	-0.24	1.46
monkey	-0.24	1.37
asks	-0.24	2.37
shorter	-0.24	1.40
911	-0.24	1.02
walls	-0.24	1.06
wheel	-0.24	0.92
underwear	-0.24	1.15
wall	-0.24	0.99
turn	-0.24	1.08
wouldnt	-0.24	2.16
bent	-0.24	1.16
ultimate	-0.24	1.22
changing	-0.24	1.12
randomly	-0.24	1.25
trees	-0.24	0.90
pulling	-0.24	1.02
24	-0.24	0.92
shut	-0.24	1.17
said	-0.24	1.59
belly	-0.24	1.46
yourself	-0.24	1.75
before	-0.24	1.76
routine	-0.24	1.07
slip	-0.24	0.98
surely	-0.24	2.05
created	-0.24	1.30
ass	-0.24	1.62
13	-0.24	0.92
pulled	-0.23	0.99
okay	-0.23	3.15
freaky	-0.23	2.43
has	-0.23	1.86
16	-0.23	0.92
behind	-0.23	1.06
america	-0.23	1.36
visible	-0.23	1.29
rolled	-0.23	1.01
will	-0.23	1.98
elderly	-0.23	1.11
practically	-0.23	1.42
creep	-0.23	2.13
recovery	-0.23	1.25
layer	-0.23	1.13
parenting	-0.23	1.44
root	-0.23	1.43
predators	-0.23	1.11
supply	-0.23	0.99
30	-0.23	0.91
genes	-0.23	1.07
hiding	-0.23	1.01
vehicles	-0.23	0.95
grabbed	-0.23	1.09
happiness	-0.23	1.07
quality	-0.23	1.27
doc	-0.23	0.95
lawyers	-0.23	1.18
fist	-0.23	1.13
leaves	-0.23	1.50
longer	-0.23	1.50
defensive	-0.23	1.71
tire	-0.23	0.97
flash	-0.22	0.96
manner	-0.22	1.55
14	-0.22	0.92
dragged	-0.22	1.04
stretch	-0.22	1.18
someones	-0.22	0.99
toes	-0.22	1.09
tear	-0.22	1.08
passenger	-0.22	0.92
flipped	-0.22	0.99
care	-0.22	1.23
soviet	-0.22	0.93
sexually	-0.22	1.39
catholic	-0.22	0.82
capable	-0.22	1.09
middle	-0.22	1.03
rob	-0.22	0.81
usual	-0.22	1.48
trunk	-0.22	0.94
forward	-0.22	1.01
political	-0.22	1.00
up	-0.22	1.52
hood	-0.22	0.97
windshield	-0.22	0.97
after	-0.22	1.17
evolution	-0.22	1.21
foot	-0.22	1.06
depending	-0.22	1.25
equal	-0.22	1.11
upside	-0.22	0.97
run	-0.22	1.36
chunk	-0.22	1.02
spots	-0.22	1.06
him	-0.21	1.61
accidentally	-0.21	1.17
non	-0.21	1.50
lions	-0.21	1.04
decide	-0.21	1.78
low	-0.21	1.29
rocks	-0.21	0.90
opposite	-0.21	1.38
finally	-0.21	1.46
8	-0.21	0.97
bus	-0.21	0.91
walk	-0.21	1.32
despite	-0.21	1.46
person	-0.21	1.50
should	-0.21	2.18
eggs	-0.21	0.98
purely	-0.21	1.31
100	-0.21	0.92
someone	-0.21	1.74
agent	-0.21	0.98
armed	-0.21	1.00
masturbating	-0.21	1.26
along	-0.21	1.10
charge	-0.21	1.12
stolen	-0.21	0.79
across	-0.21	1.02
clue	-0.21	2.33
tea	-0.20	1.03
results	-0.20	1.13
sees	-0.20	3.15
pushed	-0.20	1.01
decision	-0.20	1.27
loud	-0.20	1.40
trying	-0.20	1.78
question	-0.20	2.21
swim	-0.20	0.96
monkeys	-0.20	1.16
smashed	-0.20	0.99
main	-0.20	1.19
complex	-0.20	1.43
glue	-0.20	1.10
organic	-0.20	0.89
try	-0.20	1.90
seal	-0.20	0.95
first	-0.20	2.44
testicles	-0.20	1.38
less	-0.20	1.63
silly	-0.20	2.29
department	-0.20	0.87
itself	-0.20	1.44
25	-0.20	0.91
place	-0.20	2.05
powder	-0.20	0.94
he	-0.20	1.77
pinky	-0.20	1.08
falling	-0.20	0.95
here	-0.20	1.95
cave	-0.20	1.24
nicer	-0.20	1.40
scenario	-0.20	1.65
prison	-0.20	1.61
street	-0.19	0.96
ran	-0.19	1.13
together	-0.19	1.01
closer	-0.19	1.43
apparently	-0.19	1.95
operate	-0.19	1.08
appeal	-0.19	1.37
soon	-0.19	1.55
grass	-0.19	0.90
understand	-0.19	2.34
besides	-0.19	1.46
28	-0.19	0.91
debate	-0.19	1.54
but	-0.19	2.64
grown	-0.19	0.97
anal	-0.19	0.93
process	-0.19	1.25
further	-0.19	1.35
interest	-0.19	1.16
yelling	-0.19	1.46
spinning	-0.19	0.95
fall	-0.19	1.02
turning	-0.19	0.97
exact	-0.19	2.77
face	-0.19	1.17
predator	-0.19	1.20
guards	-0.19	1.00
down	-0.19	1.14
mask	-0.19	1.16
water	-0.19	1.16
sliced	-0.19	0.92
knocked	-0.19	1.09
running	-0.19	1.16
need	-0.19	1.97
snap	-0.18	0.98
position	-0.18	1.46
authority	-0.18	1.13
planned	-0.18	1.25
enforcement	-0.18	1.05
attached	-0.18	1.01
forth	-0.18	1.24
survival	-0.18	1.22
9	-0.18	0.97
lean	-0.18	1.02
path	-0.18	1.02
country	-0.18	1.48
inherently	-0.18	1.72
volunteer	-0.18	0.90
let	-0.18	2.06
sued	-0.18	1.22
sticks	-0.18	0.99
supposed	-0.18	2.58
max	-0.18	1.11
laying	-0.18	1.04
persons	-0.18	1.08
third	-0.18	2.37
reaching	-0.18	1.11
sexuality	-0.18	1.14
shooting	-0.18	1.02
sounds	-0.18	2.66
needle	-0.18	1.03
horses	-0.18	1.02
walking	-0.18	1.17
sheer	-0.18	1.45
hall	-0.18	0.99
drop	-0.18	0.96
thumb	-0.17	1.10
begins	-0.17	1.04
continues	-0.17	1.20
kind	-0.17	2.18
normal	-0.17	1.57
19	-0.17	0.91
relative	-0.17	1.22
erection	-0.17	1.24
jet	-0.17	0.87
lip	-0.17	1.19
filling	-0.17	0.92
generations	-0.17	1.01
wind	-0.17	0.91
32	-0.17	0.91
degree	-0.17	1.13
hopes	-0.17	1.29
warrant	-0.17	1.25
serial	-0.17	1.61
dropping	-0.17	0.97
26	-0.17	0.91
riding	-0.17	0.98
time	-0.17	2.62
window	-0.17	0.98
industrial	-0.17	1.03
perception	-0.17	1.23
storage	-0.17	0.93
dentist	-0.17	1.01
identical	-0.17	1.20
bumper	-0.17	0.92
curb	-0.17	0.94
limits	-0.16	1.14
politics	-0.16	1.04
cant	-0.16	2.02
hipster	-0.16	1.66
least	-0.16	1.70
supporting	-0.16	1.41
therefore	-0.16	1.77
liberal	-0.16	0.97
pick	-0.16	1.29
pepper	-0.16	0.95
apartment	-0.16	0.99
owner	-0.16	0.95
back	-0.16	1.40
finds	-0.16	3.13
23	-0.16	0.91
cotton	-0.16	1.08
27	-0.16	0.91
slam	-0.16	0.99
facility	-0.16	0.98
hearing	-0.16	1.28
fingers	-0.16	1.10
pussies	-0.16	1.46
cop	-0.16	1.21
beat	-0.16	1.13
200	-0.15	0.90
allowing	-0.15	1.47
palm	-0.15	1.06
opened	-0.15	1.10
qualify	-0.15	1.09
reality	-0.15	1.47
countries	-0.15	1.41
slipped	-0.15	0.98
decade	-0.15	1.41
price	-0.15	0.99
claws	-0.15	1.18
torn	-0.15	1.10
actions	-0.15	1.51
wildlife	-0.15	0.96
beside	-0.15	1.08
decades	-0.15	1.30
report	-0.15	1.14
spot	-0.15	1.33
easier	-0.15	1.63
ripping	-0.15	1.06
matters	-0.15	1.38
logic	-0.15	1.71
wont	-0.15	2.02
sideways	-0.15	1.01
fought	-0.15	0.83
penis	-0.15	1.33
answer	-0.15	2.11
50	-0.15	0.90
himself	-0.15	1.52
lifted	-0.15	0.94
limited	-0.15	1.14
elevator	-0.15	0.94
prey	-0.15	1.01
letting	-0.15	1.76
prices	-0.15	0.99
push	-0.15	1.02
sex	-0.15	1.16
garden	-0.15	0.89
react	-0.14	1.64
cardboard	-0.14	1.07
ignoring	-0.14	1.73
mention	-0.14	1.91
rolling	-0.14	0.93
depends	-0.14	1.35
tied	-0.14	1.00
allowed	-0.14	1.80
punched	-0.14	1.13
dolphins	-0.14	1.04
killer	-0.14	1.33
supposedly	-0.14	1.03
onto	-0.14	0.96
peoples	-0.14	0.99
melt	-0.14	1.12
parking	-0.14	0.92
bees	-0.14	1.28
wild	-0.14	1.06
1000	-0.14	0.88
achieve	-0.14	1.17
test	-0.14	1.20
stick	-0.14	1.13
international	-0.14	1.05
electricity	-0.14	0.98
moon	-0.13	1.23
already	-0.13	1.66
conclusion	-0.13	2.12
privacy	-0.13	1.03
produce	-0.13	0.88
assumption	-0.13	2.26
35	-0.13	0.90
cheaper	-0.13	1.32
order	-0.13	1.50
tiny	-0.13	1.39
statement	-0.13	2.32
balance	-0.13	1.01
electric	-0.13	0.92
18	-0.13	0.93
pops	-0.13	1.53
officers	-0.13	1.08
oven	-0.13	0.92
sharks	-0.13	0.97
stepped	-0.13	1.05
away	-0.13	1.36
bears	-0.13	1.05
pushing	-0.13	1.07
hungry	-0.13	2.01
storm	-0.13	1.16
halfway	-0.13	1.04
certainly	-0.13	2.10
personal	-0.13	1.17
bait	-0.13	0.95
pigs	-0.13	1.01
cops	-0.13	1.03
primary	-0.12	1.15
connected	-0.12	0.99
keeping	-0.12	1.38
branch	-0.12	0.91
birth	-0.12	1.14
mad	-0.12	2.32
trade	-0.12	0.95
sitting	-0.12	1.08
caught	-0.12	1.06
illegal	-0.12	1.55
tiger	-0.12	1.09
produced	-0.12	0.87
nest	-0.12	1.14
forced	-0.12	1.35
healthcare	-0.12	0.96
virgin	-0.12	1.54
change	-0.12	1.38
ride	-0.12	0.98
forcing	-0.12	1.55
shed	-0.12	1.03
subject	-0.12	1.51
corner	-0.12	0.98
roof	-0.12	0.95
essentially	-0.12	1.59
object	-0.12	0.97
collar	-0.12	1.04
organization	-0.12	0.94
salt	-0.12	0.99
toe	-0.12	1.12
loose	-0.12	1.00
screaming	-0.11	1.49
60	-0.11	0.90
nurses	-0.11	0.93
drunk	-0.11	1.49
decides	-0.11	2.28
muscles	-0.11	1.21
horns	-0.11	1.04
spin	-0.11	0.91
jumped	-0.11	1.01
snake	-0.11	1.17
row	-0.11	0.98
allow	-0.11	1.59
muscle	-0.11	1.13
beans	-0.11	1.03
needing	-0.11	1.30
staring	-0.11	1.28
female	-0.11	1.12
tunnel	-0.11	0.98
soldiers	-0.11	0.95
add	-0.11	1.10
fallen	-0.11	0.94
numbers	-0.11	1.30
quicker	-0.11	1.57
opposed	-0.11	1.39
thus	-0.11	1.48
power	-0.11	1.14
coyotes	-0.11	1.08
tie	-0.11	1.00
tuna	-0.11	0.95
conservative	-0.11	0.87
distance	-0.10	1.09
solve	-0.10	1.50
lose	-0.10	1.07
education	-0.10	1.12
fell	-0.10	0.99
40	-0.10	0.90
support	-0.10	1.38
throughout	-0.10	0.97
fast	-0.10	1.44
swat	-0.10	0.97
finger	-0.10	1.10
hospitals	-0.10	0.96
until	-0.10	1.37
clit	-0.10	1.40
below	-0.10	1.10
became	-0.10	1.53
ripped	-0.10	1.11
economy	-0.10	0.93
doctor	-0.10	1.00
sharp	-0.10	1.02
lsd	-0.10	1.10
anybody	-0.10	2.03
dick	-0.10	1.71
heading	-0.10	1.29
hook	-0.10	0.94
crying	-0.10	1.51
wish	-0.10	2.02
punch	-0.10	1.10
passes	-0.09	2.11
figured	-0.09	1.68
vicious	-0.09	1.65
whale	-0.09	0.96
compared	-0.09	1.38
flew	-0.09	0.91
tires	-0.09	0.88
hips	-0.09	1.23
trailer	-0.09	0.93
landed	-0.09	0.94
rope	-0.09	0.98
covering	-0.09	0.99
value	-0.09	1.15
17	-0.09	0.92
specific	-0.09	1.28
weigh	-0.09	1.05
birds	-0.09	1.05
lock	-0.09	0.97
dolphin	-0.09	1.07
meat	-0.09	0.91
razor	-0.09	1.04
train	-0.09	0.91
comparison	-0.08	1.70
society	-0.08	1.22
hang	-0.08	1.32
proof	-0.08	1.64
took	-0.08	1.35
apple	-0.08	1.19
tests	-0.08	1.05
21	-0.08	0.92
campus	-0.08	1.05
feet	-0.08	1.04
circle	-0.08	1.12
hanging	-0.08	0.96
evidence	-0.08	1.69
knock	-0.08	1.00
lawsuit	-0.08	1.23
private	-0.08	1.02
bottom	-0.08	0.98
hospital	-0.08	0.91
asian	-0.08	1.62
tall	-0.08	1.06
anytime	-0.08	1.85
swimming	-0.08	0.92
firearm	-0.08	1.09
expected	-0.08	1.92
questions	-0.08	1.64
dies	-0.08	2.36
its	-0.07	2.21
perform	-0.07	1.17
shell	-0.07	1.00
sucker	-0.07	1.25
who	-0.07	1.99
turned	-0.07	1.13
knife	-0.07	1.02
familiar	-0.07	2.33
wrapped	-0.07	1.01
outside	-0.07	1.07
nobody	-0.07	2.05
walked	-0.07	1.13
tap	-0.07	1.03
breeding	-0.07	1.04
bitch	-0.07	1.93
male	-0.07	1.11
elephant	-0.07	1.09
masturbate	-0.07	1.56
putting	-0.07	1.37
lion	-0.07	1.10
property	-0.07	0.90
donate	-0.07	1.06
assumptions	-0.07	1.94
top	-0.07	1.08
opens	-0.07	1.45
stairs	-0.07	0.94
camel	-0.07	1.27
gain	-0.07	1.00
under	-0.07	0.98
shove	-0.07	1.02
waiting	-0.07	1.33
stating	-0.07	2.12
replacement	-0.06	1.11
tracks	-0.06	0.90
amount	-0.06	1.08
1/2	-0.06	0.98
memory	-0.06	1.24
bound	-0.06	1.13
medical	-0.06	1.03
forces	-0.06	0.91
roads	-0.06	0.87
successfully	-0.06	1.37
weapon	-0.06	1.09
wrap	-0.06	1.01
tried	-0.06	1.79
fields	-0.06	0.87
farms	-0.06	0.92
300	-0.06	0.91
solely	-0.06	1.26
stretched	-0.06	1.19
penises	-0.06	1.30
pulls	-0.06	2.04
fat	-0.06	1.25
dreams	-0.06	1.33
programs	-0.06	1.08
shot	-0.06	1.01
glove	-0.05	1.02
jumping	-0.05	0.95
mice	-0.05	1.10
thru	-0.05	0.93
bullet	-0.05	0.93
operating	-0.05	1.16
pull	-0.05	1.02
choose	-0.05	1.58
iraq	-0.05	0.80
rabbits	-0.05	1.09
moves	-0.05	1.50
roll	-0.05	1.01
semi	-0.05	1.10
snakes	-0.05	1.15
far	-0.05	1.79
laughing	-0.05	1.72
goats	-0.05	1.02
shake	-0.05	1.21
pose	-0.05	1.19
too	-0.05	2.32
inject	-0.05	1.24
males	-0.05	1.16
glasses	-0.05	1.05
3rd	-0.05	1.93
waist	-0.05	1.14
land	-0.05	0.92
headed	-0.05	0.97
weight	-0.04	1.05
clinic	-0.04	0.94
basically	-0.04	1.76
negative	-0.04	1.29
400	-0.04	0.92
rack	-0.04	0.93
dare	-0.04	1.80
blocks	-0.04	0.99
mile	-0.04	1.04
bank	-0.04	0.89
trail	-0.04	0.97
everything	-0.04	1.91
hoping	-0.04	2.04
dicks	-0.04	1.60
standing	-0.04	1.10
rats	-0.04	1.09
signal	-0.04	0.96
trap	-0.04	1.08
guard	-0.04	0.92
india	-0.04	0.89
bridge	-0.04	0.91
fully	-0.04	1.43
neighborhood	-0.04	0.91
respond	-0.04	1.48
again	-0.04	2.01
bee	-0.04	1.24
dish	-0.04	0.94
owning	-0.04	1.03
prepared	-0.04	1.24
ahead	-0.04	2.00
region	-0.04	1.00
thought	-0.04	1.89
height	-0.04	1.05
angle	-0.04	1.07
biggest	-0.03	3.35
garage	-0.03	0.93
gives	-0.03	1.86
tries	-0.03	1.98
nearby	-0.03	1.12
starting	-0.03	1.38
view	-0.03	1.30
mechanism	-0.03	1.18
fly	-0.03	0.97
he/she	-0.03	1.93
electrical	-0.03	1.04
holding	-0.03	1.05
stare	-0.03	1.46
frog	-0.03	1.14
lotion	-0.03	1.22
cross	-0.03	1.13
thankfully	-0.03	1.35
long	-0.03	1.30
village	-0.03	0.87
consequences	-0.03	1.40
permission	-0.03	1.16
light	-0.03	0.90
flying	-0.03	0.93
psycho	-0.03	1.88
mini	-0.03	0.73
buying	-0.03	0.92
cage	-0.03	1.04
edge	-0.03	0.97
aid	-0.03	1.09
fetus	-0.03	1.05
squirrels	-0.03	1.11
bacon	-0.03	1.40
blades	-0.03	0.97
guns	-0.03	1.13
wanted	-0.03	2.01
horse	-0.03	1.10
clear	-0.03	2.08
pockets	-0.03	1.00
tl	-0.03	1.59
though	-0.03	2.59
set	-0.03	1.02
raw	-0.02	0.96
repeat	-0.02	1.21
stood	-0.02	1.21
refuse	-0.02	1.72
grip	-0.02	1.01
34	-0.02	0.95
rat	-0.02	1.10
buy	-0.02	0.92
kicks	-0.02	1.07
sat	-0.02	1.08
piercing	-0.02	1.19
quarter	-0.02	0.98
ladder	-0.02	0.90
doesnt	-0.02	1.94
approach	-0.02	1.41
wide	-0.02	1.06
cows	-0.02	0.97
stoned	-0.02	2.46
particular	-0.02	1.34
nails	-0.02	1.06
within	-0.02	1.14
souls	-0.02	1.39
usa	-0.02	0.97
layers	-0.02	1.10
150	-0.02	0.92
terrifying	-0.02	2.74
opportunity	-0.02	1.65
procedures	-0.02	1.31
net	-0.02	1.03
office	-0.01	0.84
sugar	-0.01	0.99
skinny	-0.01	1.47
gained	-0.01	1.06
hits	-0.01	1.84
jar	-0.01	0.95
smiling	-0.01	1.79
closely	-0.01	1.38
asap	-0.01	1.39
reasoning	-0.01	1.72
living	-0.01	0.97
testing	-0.01	1.19
scary	-0.01	2.81
abusive	-0.01	1.29
shoved	-0.01	0.96
jump	-0.01	1.01
considering	-0.01	1.91
fucker	-0.01	1.80
europe	-0.01	0.98
boiling	-0.01	0.97
inches	-0.01	1.07
underneath	-0.01	1.02
runs	-0.01	2.15
blade	-0.01	1.01
box	-0.01	0.91
chop	-0.01	0.99
superior	-0.01	1.37
owners	-0.01	0.98
protection	-0.01	1.07
kick	-0.01	1.22
actually	-0.00	2.45
hopefully	-0.00	1.61
tasty	-0.00	1.54
2nd	-0.00	1.92
un	-0.00	1.49
simple	-0.00	1.64
500	-0.00	0.90
ft	-0.00	1.02
policy	-0.00	1.04
states	-0.00	1.02
fishing	-0.00	0.91
breaks	-0.00	2.05
funnier	-0.00	1.80
houses	-0.00	0.97
cattle	-0.00	0.98
habits	-0.00	1.08
waited	-0.00	1.21
discussion	-0.00	1.50
lbs	-0.00	1.06
fish	-0.00	0.97
nut	-0.00	1.10
advantage	-0.00	1.12
individual	0.00	1.28
dodge	0.00	0.87
weapons	0.00	1.07
length	0.00	1.09
shoot	0.00	1.05
piercings	0.00	1.19
sheep	0.00	1.00
taken	0.00	1.57
yours	0.00	1.67
planes	0.00	0.91
recorded	0.00	2.38
records	0.00	1.19
slide	0.00	0.95
lifting	0.00	1.34
al	0.00	1.03
grab	0.00	1.04
fetish	0.00	1.62
appears	0.00	1.77
corn	0.00	0.97
cute	0.00	2.48
brick	0.01	0.98
implants	0.01	1.16
services	0.01	1.03
forest	0.01	0.85
favor	0.01	1.31
square	0.01	1.04
duct	0.01	1.08
bigger	0.01	1.38
jail	0.01	1.71
refused	0.01	1.46
production	0.01	0.93
dildos	0.01	1.19
chickens	0.01	0.98
fair	0.01	2.33
bullets	0.01	0.96
homes	0.01	0.97
gear	0.01	0.93
bench	0.01	1.03
offense	0.01	1.64
coverage	0.01	0.98
perspective	0.01	1.45
location	0.01	1.29
bull	0.01	1.14
mouse	0.01	1.17
axe	0.01	1.10
everyone	0.01	2.02
works	0.01	1.37
im	0.01	2.32
threw	0.01	1.26
government	0.01	0.94
rail	0.01	0.88
tradition	0.01	0.75
whenever	0.01	1.78
trains	0.01	0.87
eastern	0.01	0.98
wallet	0.01	0.91
shark	0.01	0.95
discovered	0.01	1.19
deck	0.01	0.94
explained	0.01	1.29
fired	0.01	0.97
nail	0.01	1.05
presented	0.01	1.65
needs	0.01	2.06
quick	0.01	1.43
efficient	0.02	1.44
helmet	0.02	1.02
transport	0.02	0.97
medicine	0.02	1.12
sit	0.02	1.10
fails	0.02	1.67
anyway	0.02	2.44
inch	0.02	1.05
couch	0.02	1.03
plug	0.02	1.04
farmers	0.02	0.93
cow	0.02	0.99
dirt	0.02	0.96
chair	0.02	1.00
ocean	0.02	0.89
nature	0.02	1.65
placenta	0.02	0.98
sets	0.02	0.93
choice	0.02	1.40
lay	0.02	1.12
donkey	0.02	1.11
topic	0.02	1.81
shovel	0.02	0.95
copper	0.02	0.94
consent	0.02	1.14
college	0.02	1.24
determine	0.02	1.47
demand	0.02	1.01
somebody	0.02	1.78
over	0.02	1.08
strangely	0.02	2.18
norm	0.03	1.53
intentionally	0.03	1.70
duty	0.03	0.91
violation	0.03	1.18
wires	0.03	0.97
cents	0.03	0.96
sell	0.03	0.89
debt	0.03	0.90
level	0.03	1.37
moose	0.03	1.10
turns	0.03	1.38
carry	0.03	1.11
hunters	0.03	1.06
vaginas	0.03	1.42
heavy	0.03	1.02
wanting	0.03	1.79
based	0.03	1.79
pays	0.03	1.05
steps	0.03	1.23
cart	0.03	0.90
diving	0.03	0.88
schools	0.03	1.13
infant	0.03	1.08
firing	0.03	0.94
later	0.03	1.22
coin	0.04	0.78
improve	0.04	1.20
united	0.04	1.01
represent	0.04	0.90
melted	0.04	0.95
keys	0.04	0.91
brown	0.04	0.96
cities	0.04	0.89
sticking	0.04	1.01
plan	0.04	0.99
put	0.04	1.02
lame	0.04	2.05
table	0.04	0.95
abortion	0.04	1.12
scissors	0.04	1.08
capacity	0.04	1.27
suppose	0.04	2.22
positive	0.04	1.29
studying	0.04	1.38
tape	0.04	1.07
whoever	0.04	1.66
45	0.04	0.88
sure	0.04	2.57
driveway	0.04	0.88
tail	0.05	1.16
stations	0.05	1.11
labor	0.05	0.86
pig	0.05	1.05
addition	0.05	1.41
walks	0.05	2.35
allows	0.05	1.51
prepare	0.05	1.05
slice	0.05	0.93
aspect	0.05	1.32
lightning	0.05	1.00
rounds	0.05	0.93
bulls	0.05	1.11
cats	0.05	1.22
falls	0.05	1.47
months	0.05	1.16
coffee	0.05	0.97
obvious	0.05	2.02
base	0.05	0.85
now	0.05	2.63
loads	0.05	1.06
our	0.05	1.03
someday	0.05	1.75
failed	0.05	1.37
purchase	0.05	0.96
pounds	0.05	1.02
pregnancy	0.05	0.98
teenagers	0.05	1.44
territory	0.05	0.90
attempt	0.05	1.57
suggesting	0.05	2.00
fatty	0.05	1.00
theirs	0.05	1.29
dive	0.06	0.89
plane	0.06	0.90
boat	0.06	0.90
consider	0.06	2.08
cost	0.06	0.93
dry	0.06	1.46
last	0.06	1.41
barrel	0.06	0.94
creepy	0.06	2.90
week	0.06	1.30
swing	0.06	0.99
korea	0.06	0.91
bully	0.06	1.20
since	0.06	1.61
giant	0.06	1.26
firearms	0.06	1.15
willing	0.06	1.88
law	0.06	1.16
current	0.06	1.05
facing	0.06	1.18
aircraft	0.06	0.91
bat	0.06	1.11
landlord	0.07	1.01
rent	0.07	0.88
given	0.07	1.31
objects	0.07	1.02
zoo	0.07	0.96
knives	0.07	1.09
insurance	0.07	0.93
whom	0.07	0.79
climb	0.07	0.94
story	0.07	1.37
leaking	0.07	1.40
<SPECIAL>	0.07	1.04
<URL>	0.07	1.04
tight	0.07	1.07
22	0.07	0.91
goes	0.07	1.69
your	0.07	1.02
smarter	0.07	1.45
stock	0.07	0.87
flight	0.07	0.89
freezer	0.07	0.96
wire	0.07	0.94
stage	0.07	0.91
ford	0.08	0.86
protected	0.08	1.19
military	0.08	0.92
judging	0.08	1.46
dip	0.08	0.98
returned	0.08	0.93
taxes	0.08	0.89
flag	0.08	1.17
sheet	0.08	1.06
facial	0.08	1.23
initially	0.08	1.79
hunting	0.08	0.96
u.s	0.08	0.98
pets	0.08	1.09
past	0.08	1.18
goat	0.08	1.17
buildings	0.08	0.98
genuine	0.08	1.39
ways	0.08	1.54
towns	0.08	0.86
weeks	0.08	1.17
string	0.08	0.94
released	0.08	1.03
lawn	0.08	0.88
counting	0.08	1.40
theres	0.08	1.96
faces	0.08	1.34
gate	0.08	0.93
tends	0.08	1.37
milk	0.08	0.92
trend	0.08	1.18
fuckers	0.09	2.02
spoon	0.09	0.92
folks	0.09	1.83
boil	0.09	0.98
available	0.09	1.10
receive	0.09	1.17
effective	0.09	1.30
scientific	0.09	1.54
yards	0.09	0.96
woods	0.09	0.97
sleep	0.09	1.20
bought	0.09	0.70
lifestyle	0.09	0.95
gon	0.09	2.30
lizard	0.09	1.27
colors	0.09	1.01
ban	0.09	1.22
unit	0.09	0.99
python	0.09	1.06
at	0.09	1.13
educate	0.09	1.26
shelf	0.10	0.91
decided	0.10	1.87
belt	0.10	1.01
science	0.10	1.32
sits	0.10	1.51
community	0.10	1.11
working	0.10	1.24
normally	0.10	1.62
mode	0.10	1.23
saw	0.10	1.46
nor	0.10	1.83
green	0.10	0.92
trans	0.10	1.45
abandoned	0.10	0.86
follow	0.10	1.12
laws	0.10	1.16
comfort	0.10	0.98
loses	0.10	2.14
biology	0.10	1.27
switch	0.10	1.05
microwave	0.10	0.85
raise	0.11	0.91
nurse	0.11	0.89
helicopter	0.11	0.93
miles	0.11	1.00
contrary	0.11	1.96
disagree	0.11	2.20
cheap	0.11	1.28
farm	0.11	0.93
rides	0.11	0.87
sea	0.11	0.93
strike	0.11	0.98
freedom	0.11	1.06
raccoon	0.11	1.23
universal	0.11	1.14
bear	0.11	1.14
heat	0.11	1.05
fourth	0.11	2.15
presumably	0.11	1.26
didnt	0.11	2.04
fence	0.11	0.87
so	0.11	2.51
counts	0.11	1.69
farmer	0.11	0.93
local	0.11	0.86
press	0.11	1.04
brand	0.11	0.92
deer	0.11	1.07
sleeping	0.12	1.15
furry	0.12	2.04
pan	0.12	0.93
panties	0.12	1.31
windows	0.12	1.05
receiving	0.12	1.10
dark	0.12	0.91
minute	0.12	1.25
females	0.12	1.19
classes	0.12	1.29
graduated	0.12	1.14
pillow	0.12	1.03
student	0.12	1.24
mins	0.12	1.15
anatomy	0.12	1.27
sign	0.12	1.67
pound	0.12	0.97
chip	0.12	1.00
carrying	0.12	1.03
spray	0.12	1.56
shoots	0.12	1.87
fights	0.12	1.08
satan	0.12	1.65
studies	0.12	1.35
responses	0.13	1.56
canada	0.13	0.93
wood	0.13	1.04
plans	0.13	1.03
seconds	0.13	1.15
building	0.13	1.01
yard	0.13	0.90
days	0.13	1.16
ago	0.13	1.15
throws	0.13	2.06
na	0.13	2.18
tax	0.13	0.89
squirrel	0.13	1.19
center	0.13	1.15
hours	0.13	1.17
got	0.13	1.89
lines	0.13	0.95
eyebrows	0.13	1.23
wake	0.13	1.21
buck	0.13	0.97
minutes	0.13	1.17
bird	0.13	1.06
useful	0.13	1.98
orange	0.13	0.89
controlled	0.13	1.05
logical	0.13	1.65
chain	0.13	0.90
costs	0.13	0.89
sadly	0.13	2.07
bed	0.13	1.07
till	0.13	1.28
ducks	0.13	1.06
shit	0.13	2.25
shotgun	0.13	0.97
citizen	0.13	1.01
politicians	0.13	0.97
min	0.13	1.22
nowadays	0.13	1.29
pit	0.13	1.14
gun	0.14	1.04
trigger	0.14	1.03
grey	0.14	0.93
bills	0.14	0.88
cheating	0.14	1.27
loaded	0.14	0.99
billion	0.14	0.91
ship	0.14	0.94
hope	0.14	1.68
located	0.14	1.29
went	0.14	1.07
pistol	0.14	0.98
climbing	0.14	0.89
ready	0.14	1.83
file	0.14	1.28
bill	0.14	0.87
fur	0.14	1.52
asleep	0.14	1.09
pole	0.14	0.91
spare	0.14	0.95
suggest	0.15	1.58
decisions	0.15	1.51
proud	0.15	2.20
boss	0.15	1.35
holds	0.15	1.06
porch	0.15	0.93
poorly	0.15	1.65
manual	0.15	1.06
brazil	0.15	0.80
screams	0.15	1.18
surface	0.15	1.09
protective	0.15	1.02
hell	0.15	2.53
alligator	0.15	1.08
barely	0.15	1.47
lobster	0.15	0.96
automatic	0.15	1.18
concrete	0.15	0.96
backed	0.15	1.76
grill	0.15	0.97
offering	0.15	1.26
real	0.15	2.36
motherfuckers	0.15	2.06
paying	0.16	0.87
scientists	0.16	1.18
profit	0.16	0.95
as	0.16	2.19
years	0.16	1.10
program	0.16	1.10
provides	0.16	1.14
times	0.16	1.12
finish	0.16	1.31
measure	0.16	1.19
passed	0.16	1.00
union	0.16	0.84
hot	0.16	1.14
actual	0.16	1.53
shelter	0.16	1.13
wasnt	0.16	1.95
born	0.16	1.13
flip	0.16	0.96
boot	0.16	0.98
year	0.16	1.08
aim	0.16	1.02
regulations	0.16	1.14
bred	0.16	1.13
screws	0.16	1.13
paper	0.17	1.23
owned	0.17	0.85
their	0.17	0.98
secret	0.17	0.98
rubber	0.17	1.05
intention	0.17	1.61
analogy	0.17	2.24
drag	0.17	1.03
functional	0.17	1.24
conversation	0.17	1.50
bucks	0.17	0.96
selling	0.17	0.85
service	0.17	0.85
grade	0.17	1.44
industry	0.17	0.92
products	0.17	0.84
airplane	0.17	0.91
loop	0.17	0.98
leash	0.17	1.02
wings	0.17	0.91
mmm	0.17	1.56
seriously	0.18	2.59
ticket	0.18	0.96
jumps	0.18	1.78
pay	0.18	0.87
portion	0.18	1.08
experiment	0.18	1.22
guessing	0.18	2.23
special	0.18	1.31
socks	0.18	1.11
stories	0.18	1.41
cooking	0.18	0.95
waking	0.18	1.20
roughly	0.18	1.03
buffalo	0.18	1.00
hour	0.18	1.14
lately	0.18	1.51
chips	0.18	1.15
options	0.18	1.34
owl	0.18	1.27
users	0.18	1.35
dash	0.18	0.94
federal	0.18	0.99
pilot	0.18	0.94
class	0.18	1.32
river	0.18	0.88
egg	0.18	0.93
license	0.18	1.19
lift	0.19	1.18
cam	0.19	1.13
respect	0.19	1.14
harmless	0.19	1.78
ours	0.19	1.30
sold	0.19	0.85
cry	0.19	1.42
wooden	0.19	1.12
next	0.19	1.16
market	0.19	0.91
end	0.19	1.27
valuable	0.19	1.61
deeper	0.19	1.13
boston	0.19	0.84
university	0.19	1.15
marine	0.19	0.90
guess	0.19	2.62
steel	0.19	1.07
teenager	0.19	1.44
gloves	0.19	1.05
dollar	0.19	0.87
study	0.19	1.30
neither	0.19	1.85
shoe	0.20	1.12
materials	0.20	1.07
ring	0.20	1.11
security	0.20	0.91
practice	0.20	1.12
physics	0.20	1.43
fee	0.20	0.87
hidden	0.20	0.91
indian	0.20	1.58
school	0.20	1.18
stores	0.20	0.85
example	0.20	1.68
adults	0.20	1.25
wing	0.20	0.93
frame	0.20	1.02
highschool	0.20	1.18
grasp	0.20	1.84
month	0.20	0.98
portland	0.20	0.94
devil	0.20	1.43
competition	0.20	1.23
fix	0.20	1.84
monster	0.20	1.87
definitely	0.20	2.43
step	0.20	1.22
takes	0.20	1.26
wage	0.20	0.87
dollars	0.20	0.91
desk	0.20	1.03
likes	0.21	3.04
pattern	0.21	1.61
businesses	0.21	0.92
saving	0.21	1.18
rule	0.21	1.22
arrow	0.21	0.98
slept	0.21	1.03
mountain	0.21	0.97
entry	0.21	1.00
unfortunately	0.21	2.00
heels	0.21	1.17
woke	0.21	1.20
items	0.21	0.85
steam	0.21	1.02
offered	0.21	1.17
considered	0.21	1.91
oddly	0.21	2.33
4th	0.21	1.58
received	0.21	1.05
covers	0.21	0.88
voting	0.22	1.21
failing	0.22	1.67
plates	0.22	1.02
sky	0.22	0.84
sale	0.22	0.85
students	0.22	1.22
staff	0.22	0.89
red	0.22	0.94
plate	0.22	0.94
mexico	0.22	0.85
professor	0.22	1.27
yellow	0.22	0.94
rules	0.22	1.22
legal	0.22	1.43
appearance	0.22	1.39
5th	0.22	1.59
response	0.22	1.63
paid	0.22	0.86
concept	0.22	1.62
purple	0.23	0.94
suits	0.23	1.05
motion	0.23	0.97
redditors	0.23	1.53
pocket	0.23	0.89
sells	0.23	0.90
handling	0.23	1.27
standards	0.23	1.11
line	0.23	1.03
area	0.23	0.87
er	0.23	1.05
intentional	0.23	2.02
empathy	0.23	1.35
cell	0.23	0.99
doll	0.23	1.66
battery	0.23	1.12
research	0.23	1.37
meeting	0.23	0.88
parks	0.23	0.87
dogs	0.23	1.16
pretty	0.23	2.31
wonders	0.23	1.21
blue	0.23	0.94
remembered	0.24	1.53
heaven	0.24	1.66
shes	0.24	1.54
turkey	0.24	0.93
demon	0.24	1.43
lives	0.24	1.03
rescue	0.24	1.06
piece	0.24	1.39
rational	0.24	1.25
plus	0.24	0.95
rural	0.24	0.88
generation	0.24	1.23
marked	0.24	1.32
realise	0.24	2.21
fighting	0.25	0.97
lost	0.25	0.94
south	0.25	0.88
wolf	0.25	1.19
scale	0.25	1.24
pants	0.25	1.10
lap	0.25	1.01
please	0.25	1.66
olds	0.25	1.11
members	0.25	0.87
station	0.25	1.12
send	0.25	1.33
shift	0.25	1.00
east	0.25	0.85
border	0.25	0.86
laser	0.25	1.20
pet	0.26	1.20
norway	0.26	0.98
work	0.26	1.10
minimum	0.26	0.93
laugh	0.26	2.09
forever	0.26	1.28
leather	0.26	1.08
iron	0.26	0.94
whereas	0.26	1.70
initial	0.26	1.50
provided	0.26	1.42
guaranteed	0.26	1.19
old	0.26	1.07
store	0.26	0.87
broad	0.26	2.06
funniest	0.26	3.02
shops	0.26	0.80
gore	0.26	1.80
units	0.27	1.13
bright	0.27	0.92
following	0.27	1.38
previously	0.27	1.55
grew	0.27	0.93
parent	0.27	1.10
rings	0.27	1.06
ground	0.27	0.96
same	0.27	2.89
chick	0.27	1.55
stray	0.27	1.25
gods	0.27	1.55
shop	0.27	0.85
armor	0.27	0.98
combat	0.27	0.90
realizing	0.27	1.62
ages	0.28	1.12
code	0.28	1.11
mission	0.28	1.08
grocery	0.28	0.87
amazon	0.28	0.89
colored	0.28	0.98
tickets	0.28	0.88
solution	0.28	1.42
pair	0.28	1.09
fag	0.28	1.91
eagle	0.28	0.96
shipping	0.28	0.95
jeans	0.28	1.10
magic	0.28	1.02
setting	0.28	1.13
delicious	0.28	1.47
owns	0.28	1.72
2012	0.28	1.06
vegetables	0.29	0.88
penny	0.29	0.95
shirts	0.29	1.08
teacher	0.29	1.20
child	0.29	1.15
access	0.29	1.16
detroit	0.29	0.84
rolls	0.29	1.00
excuse	0.29	2.02
data	0.29	1.60
his	0.29	1.04
wrestling	0.29	1.43
ed	0.29	1.19
size	0.29	1.14
western	0.29	1.12
raising	0.29	0.97
wait	0.29	2.30
valid	0.29	2.15
directions	0.29	1.23
nursing	0.30	0.98
planning	0.30	1.25
suggested	0.30	1.24
via	0.30	1.11
puts	0.30	2.52
walmart	0.30	0.87
payment	0.30	0.96
appeared	0.30	1.14
ignore	0.30	1.90
choices	0.30	1.37
mentioned	0.30	1.46
additional	0.30	1.43
lied	0.30	1.19
ruined	0.30	1.31
money	0.30	0.96
breast	0.30	1.06
colour	0.30	1.04
beef	0.30	1.09
tree	0.31	0.79
elementary	0.31	1.25
upon	0.31	1.32
rabbit	0.31	1.25
bc	0.31	1.63
sexy	0.31	1.86
practical	0.31	1.50
showed	0.31	1.09
shape	0.31	1.46
credit	0.31	1.04
city	0.31	0.85
missing	0.31	1.70
fry	0.31	1.00
army	0.31	0.90
thankful	0.31	3.21
shown	0.31	1.18
france	0.31	0.93
beast	0.31	1.54
free	0.32	1.02
braces	0.32	1.34
dog	0.32	1.19
close	0.32	1.92
delivery	0.32	0.92
machine	0.32	1.05
mexican	0.32	1.53
pray	0.32	1.60
build	0.32	1.24
hilarious	0.32	2.84
digging	0.32	1.04
solved	0.32	1.45
state	0.32	0.91
subtle	0.32	1.93
sake	0.32	1.36
carried	0.32	0.97
entertainment	0.32	1.18
greater	0.32	1.33
protest	0.32	0.95
paint	0.33	1.25
dig	0.33	1.09
boots	0.33	1.07
color	0.33	1.02
coat	0.33	1.05
ghost	0.33	1.62
id	0.33	1.86
refer	0.33	3.10
option	0.33	1.59
european	0.33	1.42
hills	0.33	0.88
t-shirt	0.33	1.03
sending	0.33	1.41
providing	0.33	1.29
town	0.33	0.87
save	0.33	1.24
professionals	0.33	1.11
scientist	0.33	1.46
soup	0.33	0.95
answered	0.33	1.71
strong	0.33	1.67
extended	0.33	1.00
mall	0.33	0.82
medium	0.33	0.95
recognize	0.33	1.71
dc	0.33	0.89
laid	0.34	1.24
inspection	0.34	1.18
selection	0.34	1.32
says	0.34	2.15
tolerance	0.34	1.31
progress	0.34	1.24
cover	0.34	0.86
replaced	0.34	1.75
exercise	0.34	1.04
degrees	0.34	1.01
member	0.34	0.90
worn	0.34	1.07
duck	0.34	1.01
factory	0.34	0.87
worked	0.34	0.88
midwest	0.34	0.94
chicken	0.34	1.08
shoes	0.34	1.09
hire	0.34	1.04
beats	0.34	1.76
delivered	0.35	1.01
kit	0.35	0.99
aggressive	0.35	1.28
labeled	0.35	1.45
shirt	0.35	1.06
lake	0.35	0.89
x-ray	0.35	1.00
recently	0.35	1.22
apply	0.35	1.36
sacrifice	0.35	1.31
placed	0.35	0.88
tattooed	0.35	1.15
bible	0.35	0.90
adding	0.35	1.45
visual	0.35	1.43
northern	0.35	0.84
lab	0.35	1.11
expert	0.35	1.66
oklahoma	0.35	0.90
north	0.35	0.86
uses	0.35	2.94
folk	0.35	0.98
1st	0.35	1.74
important	0.35	1.65
built	0.35	1.06
phase	0.35	1.00
house	0.36	0.95
winner	0.36	1.39
methods	0.36	1.29
stated	0.36	1.55
ability	0.36	1.49
connection	0.36	1.21
gym	0.36	1.21
wears	0.36	1.08
selfie	0.36	1.11
manager	0.36	0.85
extra	0.36	0.97
cat	0.36	1.28
jacket	0.36	1.03
shorts	0.36	1.09
short	0.36	1.03
stuffed	0.36	1.30
fighter	0.36	0.97
occasionally	0.36	1.03
engineering	0.36	1.18
dong	0.36	1.34
remote	0.37	0.99
today	0.37	1.37
understanding	0.37	1.68
recommended	0.37	1.02
reposts	0.37	1.52
companies	0.37	1.00
guy	0.37	1.52
recognized	0.37	1.62
came	0.37	1.27
airport	0.37	0.80
bar	0.37	0.88
rifle	0.37	1.09
ppl	0.37	1.85
lets	0.37	1.85
sober	0.37	1.37
downvoting	0.37	1.55
pop	0.37	0.90
nipples	0.37	1.57
button	0.37	1.16
resources	0.37	1.10
downvoted	0.37	1.73
hop	0.37	0.95
kittens	0.37	1.75
irish	0.37	1.82
southern	0.37	0.86
wear	0.37	1.08
suit	0.37	1.08
wearing	0.37	1.08
central	0.38	0.86
alternative	0.38	1.39
fascinating	0.38	2.81
company	0.38	0.96
cooked	0.38	0.99
experiences	0.38	1.17
carefully	0.38	1.57
included	0.38	1.15
reporting	0.38	1.05
ruining	0.38	0.98
round	0.38	0.90
loading	0.38	1.25
poke	0.38	0.93
wore	0.38	1.07
laughed	0.38	1.87
woman	0.38	1.25
cook	0.38	0.96
charging	0.38	1.02
whip	0.38	1.13
teachers	0.38	1.15
seat	0.38	1.01
sized	0.38	1.08
live	0.38	0.88
minus	0.39	1.36
witch	0.39	1.28
ebay	0.39	0.96
conscious	0.39	1.28
clothing	0.39	1.10
reposting	0.39	1.59
mix	0.39	1.03
warning	0.39	1.36
legitimate	0.39	1.53
media	0.39	1.02
specifically	0.39	1.49
math	0.39	1.47
overnight	0.39	1.00
route	0.40	1.24
near	0.40	0.90
board	0.40	1.08
ideas	0.40	1.30
chicago	0.40	0.84
west	0.40	0.87
90	0.40	0.92
sweden	0.40	0.89
downtown	0.40	0.85
lack	0.40	1.42
shadow	0.40	1.17
installed	0.40	1.17
safety	0.40	1.51
casually	0.40	1.00
steak	0.40	1.10
feeding	0.40	1.15
kitten	0.40	1.67
em	0.40	1.91
breed	0.40	1.09
stupidity	0.40	1.51
neighbors	0.40	0.98
fight	0.41	1.02
reasonably	0.41	1.38
asses	0.41	1.56
comes	0.41	1.71
funny	0.41	3.01
80	0.41	0.91
fantasy	0.41	1.39
tip	0.41	1.27
bra	0.41	1.23
adult	0.41	1.16
bam	0.41	1.20
ups	0.41	0.94
goddamn	0.41	2.40
china	0.41	1.03
county	0.41	0.90
breeds	0.41	1.10
oregon	0.42	0.88
navy	0.42	0.89
restaurants	0.42	0.78
mandatory	0.42	1.34
sun	0.42	0.93
bow	0.42	1.03
merely	0.42	1.94
picture	0.42	1.29
commenting	0.42	1.72
sauce	0.42	1.15
maintenance	0.42	1.16
precisely	0.42	1.61
youre	0.42	2.12
virginia	0.42	0.88
checked	0.43	1.36
management	0.43	0.92
nuts	0.43	1.81
chose	0.43	1.68
teaching	0.43	1.42
subway	0.43	0.78
georgia	0.43	0.87
identify	0.43	1.48
day	0.43	1.08
ancient	0.43	1.15
alabama	0.43	0.91
serves	0.43	1.11
she	0.43	1.21
ohio	0.44	0.90
chicks	0.44	1.55
necessarily	0.44	2.08
trips	0.44	0.87
japan	0.44	0.98
accept	0.44	1.60
sources	0.44	1.44
found	0.44	1.24
texas	0.44	0.91
needed	0.44	1.52
informed	0.44	1.23
vietnam	0.44	0.80
coast	0.44	0.80
log	0.44	1.06
helped	0.44	1.55
method	0.44	1.38
visited	0.44	0.88
jersey	0.44	0.88
trolling	0.44	1.90
colorado	0.44	0.91
desert	0.44	0.90
houston	0.44	0.84
promise	0.44	1.78
reverse	0.45	1.20
beach	0.45	0.82
teach	0.45	1.38
describe	0.45	2.37
indicate	0.45	1.86
thick	0.45	1.27
wan	0.45	1.95
meet	0.45	1.05
fit	0.45	1.27
florida	0.45	0.90
return	0.45	1.07
wisconsin	0.45	0.88
workers	0.45	0.89
michigan	0.45	0.88
clicked	0.46	1.48
herself	0.46	1.28
maintain	0.46	1.12
blanket	0.46	1.19
ow	0.46	2.14
engineer	0.46	1.26
boys	0.46	1.16
tech	0.46	1.07
hail	0.46	1.32
rice	0.46	0.97
label	0.46	1.16
differently	0.46	1.41
present	0.46	1.13
seats	0.46	0.93
california	0.46	0.84
toy	0.47	1.16
imply	0.47	2.24
cash	0.47	0.87
mirror	0.47	1.23
regular	0.47	0.99
lived	0.47	0.87
metal	0.47	0.93
showing	0.47	1.15
ny	0.47	0.90
babies	0.47	1.20
picked	0.48	1.21
baby	0.48	1.48
perfectly	0.48	1.52
tower	0.48	0.84
staged	0.48	1.59
commented	0.48	1.59
tagged	0.48	1.58
boy	0.48	1.63
uk	0.48	0.95
offer	0.48	1.18
deep	0.48	0.96
retail	0.48	0.89
ends	0.48	0.92
moved	0.48	0.89
goal	0.48	1.23
strict	0.48	1.47
med	0.49	1.33
core	0.49	1.32
tumblr	0.49	1.29
depth	0.49	1.36
titles	0.49	1.64
afford	0.49	1.02
morning	0.49	1.06
unclear	0.49	1.65
taught	0.49	1.39
night	0.49	1.07
advanced	0.49	1.42
count	0.50	1.63
pic	0.50	1.27
worker	0.50	0.90
bitches	0.50	1.90
package	0.50	0.92
winning	0.50	1.13
nights	0.50	1.00
op	0.50	1.56
children	0.50	1.20
award	0.50	1.39
dream	0.50	2.68
bury	0.51	1.09
bean	0.51	0.97
recording	0.51	1.17
safer	0.51	1.39
implying	0.51	2.37
crew	0.51	0.95
graphic	0.51	1.94
lady	0.51	1.44
interesting	0.51	2.91
2013	0.51	0.96
item	0.51	0.88
above	0.51	1.19
deliver	0.51	1.17
well	0.51	2.46
humor	0.51	2.05
thin	0.51	1.29
backyard	0.51	1.00
pictures	0.51	1.25
england	0.52	1.03
provide	0.52	1.53
construction	0.52	1.05
employee	0.52	0.86
holy	0.52	2.79
mine	0.52	1.29
tits	0.52	1.84
cheese	0.52	1.06
nyc	0.52	0.83
o.o	0.52	2.39
partner	0.52	1.10
responding	0.52	2.11
snow	0.53	0.97
customers	0.53	0.88
ham	0.53	1.17
nipple	0.53	1.46
grand	0.53	1.07
feed	0.53	1.27
checks	0.53	1.16
underground	0.53	0.98
anyways	0.53	2.10
searching	0.53	1.30
product	0.53	1.01
purposes	0.53	1.54
sent	0.53	1.18
burgers	0.53	1.00
business	0.53	0.97
families	0.53	1.04
crowd	0.53	1.11
native	0.53	1.80
stew	0.53	1.14
insult	0.53	1.94
sword	0.54	1.09
seattle	0.54	0.85
library	0.54	1.18
educated	0.54	1.12
saturday	0.54	1.06
silver	0.54	0.98
necessary	0.54	1.76
kids	0.54	1.15
repost	0.54	1.66
systems	0.54	1.25
perhaps	0.54	2.10
give	0.54	1.51
former	0.55	0.88
category	0.55	1.57
twins	0.55	1.15
sticker	0.55	1.10
frozen	0.55	1.00
purpose	0.55	1.56
minnesota	0.55	0.86
careful	0.55	1.96
1	0.55	1.55
employees	0.55	0.88
marriage	0.55	0.97
naked	0.55	1.33
monday	0.55	1.08
pa	0.55	1.07
cooler	0.55	1.61
calories	0.55	0.91
impression	0.56	1.68
dedicated	0.56	1.19
fries	0.56	0.98
guys	0.56	2.25
banned	0.56	1.52
karma	0.56	1.52
required	0.56	1.53
age	0.56	1.13
pen	0.56	1.06
smash	0.56	1.02
downvotes	0.56	1.57
jelly	0.56	1.23
thailand	0.56	0.82
pork	0.56	1.21
girls	0.56	1.38
wtf	0.56	2.02
brb	0.56	1.41
australia	0.56	1.05
repair	0.56	1.63
president	0.56	0.94
serving	0.57	0.87
grave	0.57	1.40
kid	0.57	1.27
spirit	0.57	1.43
responded	0.57	1.77
history	0.57	1.19
motherfucker	0.57	2.17
clicking	0.57	1.49
applied	0.57	1.91
customer	0.57	0.84
votes	0.57	1.51
future	0.57	1.42
arizona	0.58	0.82
landing	0.58	1.00
earned	0.58	1.12
evening	0.58	1.02
pm	0.58	1.28
austin	0.58	0.93
ordered	0.58	0.86
salad	0.58	1.03
friday	0.58	1.04
review	0.58	1.33
critical	0.58	1.47
cable	0.58	0.91
trolls	0.58	1.62
dudes	0.59	1.75
user	0.59	1.46
tags	0.59	1.49
toddler	0.59	1.22
island	0.59	0.80
london	0.59	0.84
served	0.59	0.90
stone	0.59	0.93
require	0.59	1.49
kitty	0.59	1.73
machines	0.59	1.15
clown	0.59	1.92
protein	0.60	0.85
examples	0.60	1.42
confirmed	0.60	1.63
eaten	0.60	1.22
vegan	0.60	0.87
national	0.60	0.94
adorable	0.60	2.66
consumption	0.60	1.20
youth	0.60	1.06
york	0.60	0.83
success	0.60	1.41
2000	0.60	0.90
washington	0.60	0.92
diet	0.60	0.90
tomorrow	0.61	1.09
afternoon	0.61	1.03
sales	0.61	1.00
r/popping	0.61	1.72
tonight	0.61	1.41
forget	0.61	2.01
card	0.61	1.02
target	0.61	1.09
videos	0.61	1.34
natural	0.61	1.46
cap	0.61	0.92
troll	0.61	1.65
safely	0.61	1.58
details	0.61	1.63
zoom	0.62	1.25
idk	0.62	2.27
zombie	0.62	1.37
thumbs	0.62	1.26
traditional	0.62	1.06
breasts	0.62	1.50
learning	0.62	1.88
changed	0.62	1.33
young	0.62	1.20
hardcore	0.62	1.08
magazine	0.63	0.99
hired	0.63	1.01
fuck	0.63	2.44
sand	0.63	1.12
threads	0.63	1.64
corporate	0.63	0.99
ontario	0.63	0.95
truly	0.63	2.41
soooo	0.63	2.44
pizza	0.63	0.96
earlier	0.63	1.43
online	0.64	1.14
resident	0.64	1.02
upvotes	0.64	1.48
awareness	0.64	1.40
happily	0.64	1.42
agreed	0.64	2.10
outta	0.64	1.96
rain	0.64	1.10
jesus	0.64	1.81
wasted	0.64	1.02
jokes	0.64	1.99
confirm	0.64	1.48
shall	0.65	1.55
indiana	0.65	0.92
speech	0.65	1.51
darwin	0.65	1.21
bot	0.65	1.61
aged	0.65	1.18
accounts	0.65	1.49
nsfl	0.65	1.60
yup	0.65	2.27
source	0.65	1.37
yesterday	0.65	1.23
reddit	0.65	1.54
mechanic	0.65	1.10
bbq	0.65	1.20
y'all	0.66	2.05
applies	0.66	2.02
logo	0.66	1.08
isnt	0.66	1.93
knowledge	0.66	1.48
join	0.66	0.96
valley	0.66	0.85
boner	0.66	2.04
boob	0.66	1.59
lord	0.66	1.79
queen	0.66	1.05
spending	0.67	1.00
foods	0.67	0.87
key	0.67	1.31
tells	0.67	2.85
title	0.67	1.70
nude	0.67	1.25
surprise	0.67	1.65
relevant	0.67	2.16
nsfw	0.67	1.59
awake	0.67	1.26
check	0.68	1.34
strip	0.68	0.87
list	0.68	1.36
hometown	0.68	0.98
temperature	0.68	1.08
elsewhere	0.68	1.50
vote	0.68	1.34
cold	0.68	1.28
sausage	0.68	1.21
learned	0.68	1.62
photos	0.68	1.20
hammer	0.68	0.86
ops	0.68	1.39
zombies	0.68	1.33
sooo	0.69	2.54
precious	0.69	1.08
restaurant	0.69	0.80
according	0.69	1.27
replying	0.69	2.07
sometime	0.69	0.99
insane	0.69	2.64
points	0.69	1.44
robot	0.69	1.39
shaped	0.70	0.95
ruin	0.70	0.92
butter	0.70	1.06
mary	0.70	1.47
voted	0.70	1.41
information	0.70	1.67
wins	0.70	1.03
ta	0.70	2.01
consume	0.70	0.93
burger	0.70	0.96
checking	0.70	1.23
excited	0.70	2.92
mods	0.71	1.59
alien	0.71	1.23
posting	0.71	1.53
toys	0.71	1.03
campaign	0.71	1.13
girl	0.71	1.23
powers	0.71	1.22
camping	0.71	0.82
install	0.71	1.32
pics	0.71	1.25
pony	0.71	1.41
sandwich	0.71	1.09
magical	0.71	1.03
replies	0.71	1.75
novelty	0.71	1.56
content	0.72	1.67
r/aww	0.72	1.76
pin	0.72	0.90
trip	0.72	0.77
sane	0.72	1.22
material	0.72	1.66
model	0.72	1.03
instance	0.72	2.06
basic	0.72	1.66
vet	0.72	1.01
greatest	0.72	3.07
web	0.73	1.25
german	0.73	2.18
fed	0.73	1.26
active	0.73	0.93
images	0.73	1.33
mcdonald	0.73	0.85
radio	0.73	0.66
click	0.73	1.51
honey	0.73	1.27
posts	0.73	1.57
late	0.74	0.98
gif	0.74	1.32
gifs	0.74	1.29
worth	0.74	1.00
early	0.74	0.94
reliable	0.74	1.37
til	0.74	2.18
monitor	0.74	1.05
background	0.74	1.09
mature	0.74	1.17
bolt	0.74	0.84
spend	0.74	1.05
posted	0.74	1.46
pregnant	0.74	1.15
screen	0.74	1.14
subreddits	0.74	1.67
mark	0.74	1.47
expecting	0.75	1.74
reviews	0.75	1.04
banana	0.75	1.48
ball	0.75	0.98
comments	0.75	1.66
wizard	0.75	1.32
upvoted	0.75	1.64
bring	0.75	1.47
older	0.75	1.18
reasonable	0.75	1.50
tattoos	0.75	1.33
glory	0.75	1.51
downvote	0.76	1.66
hmm	0.76	2.37
account	0.76	1.50
bringing	0.76	1.26
email	0.76	1.47
hat	0.76	1.21
remain	0.76	1.34
mail	0.76	1.33
belong	0.76	1.74
rod	0.76	0.88
explanation	0.77	1.79
equipment	0.77	1.44
boobs	0.77	1.61
period	0.77	1.28
cameras	0.77	1.21
weather	0.77	1.13
browse	0.77	1.58
subreddit	0.77	1.70
sub	0.77	1.70
subs	0.77	1.67
reposted	0.78	1.64
tag	0.78	1.62
circlejerk	0.78	1.64
pro	0.78	0.98
ireland	0.78	0.86
unidan	0.78	1.64
0	0.78	1.57
browsing	0.78	1.51
image	0.78	1.29
settle	0.78	1.59
scroll	0.78	1.39
spaghetti	0.78	1.46
freezing	0.79	1.10
dolls	0.79	1.58
4chan	0.79	1.44
finished	0.79	1.06
submission	0.79	1.67
ai	0.79	1.99
freeze	0.79	1.13
drill	0.79	0.89
signed	0.79	1.43
memories	0.79	1.20
shopping	0.79	0.80
known	0.79	1.57
mcdonalds	0.79	0.85
park	0.79	0.93
yo	0.79	1.99
suggests	0.80	1.77
links	0.80	1.37
era	0.80	0.98
photo	0.80	1.23
search	0.80	1.27
american	0.80	1.89
standard	0.80	1.57
properly	0.80	1.73
score	0.80	1.34
r/wtf	0.80	1.71
alert	0.80	1.29
news	0.80	1.02
skip	0.80	1.52
designed	0.80	1.54
post	0.81	1.63
searched	0.81	1.36
monsters	0.81	1.45
default	0.81	1.65
joking	0.81	2.41
mid	0.81	0.92
puns	0.81	1.70
pointed	0.82	1.64
match	0.82	1.12
recall	0.82	1.30
camera	0.82	1.23
fried	0.82	1.18
vegetarian	0.82	0.91
advice	0.82	1.69
referred	0.82	2.17
peanut	0.82	1.01
atleast	0.82	1.51
intelligence	0.82	1.55
incorrect	0.82	4.03
nope	0.82	2.45
spent	0.83	1.16
mac	0.83	0.91
st	0.83	0.97
facebook	0.83	1.34
soft	0.83	1.72
gt	0.83	2.49
chinese	0.83	1.89
res	0.83	1.38
eat	0.83	1.26
instructions	0.84	1.50
ink	0.84	1.24
linked	0.84	1.28
casual	0.84	1.39
sites	0.84	1.26
articles	0.84	1.30
soldier	0.85	0.89
profile	0.85	1.35
shared	0.85	1.29
tour	0.85	0.67
thread	0.85	1.66
cool	0.85	3.04
setup	0.85	1.19
triple	0.85	1.29
taco	0.85	1.03
parties	0.85	1.57
requires	0.86	1.50
ouch	0.86	2.40
dressed	0.86	1.23
field	0.86	0.98
australian	0.86	1.33
mod	0.86	1.49
viewing	0.86	1.15
imgur	0.86	1.34
map	0.86	1.14
typical	0.86	1.15
handed	0.87	1.43
site	0.87	1.27
contest	0.87	1.14
m8	0.87	1.98
2014	0.87	1.03
bout	0.87	1.99
smile	0.87	1.65
yep	0.88	2.41
previous	0.88	1.63
talks	0.88	2.77
puppy	0.88	1.55
home	0.88	1.16
turtles	0.88	1.42
fitting	0.88	1.31
effort	0.88	1.48
delete	0.88	1.64
switched	0.89	1.03
headline	0.89	1.62
teenage	0.89	1.37
phone	0.89	1.28
app	0.89	1.27
gap	0.89	1.41
helpful	0.89	1.88
dunno	0.89	1.87
hes	0.89	1.86
winter	0.89	1.04
cereal	0.89	0.96
technology	0.89	1.28
intended	0.90	2.01
section	0.90	1.27
address	0.90	1.47
vs	0.90	1.15
cards	0.90	0.77
shopped	0.90	1.65
ya	0.90	2.09
answers	0.90	1.80
stayed	0.91	0.97
implied	0.91	2.30
bars	0.91	0.82
sarcastic	0.91	2.09
nicely	0.91	1.44
bell	0.91	0.97
flat	0.91	1.32
hotel	0.91	0.83
bread	0.91	0.97
damned	0.91	2.32
way	0.92	3.22
dat	0.92	1.97
device	0.92	1.38
forgotten	0.92	1.41
approve	0.92	1.16
challenge	0.92	1.31
commercial	0.92	1.07
page	0.92	1.35
sayin	0.92	2.08
bunny	0.92	1.70
breakfast	0.92	1.09
request	0.93	1.11
models	0.93	1.24
fox	0.93	0.94
food	0.93	0.94
hunter	0.93	1.40
golf	0.94	0.96
lunch	0.94	1.09
century	0.94	0.91
dating	0.94	1.06
god	0.94	1.87
eating	0.94	1.26
crazy	0.94	2.78
stay	0.95	1.38
added	0.95	1.59
lil	0.95	1.80
fuckin	0.95	2.26
pictured	0.95	1.10
whats	0.95	2.15
sunday	0.96	1.00
jobs	0.96	0.91
april	0.96	1.07
twin	0.96	1.27
tools	0.96	1.47
sarcasm	0.96	2.08
devices	0.96	1.30
directed	0.96	0.91
listen	0.97	0.92
canadian	0.97	1.35
describing	0.97	2.42
date	0.97	0.95
nailed	0.97	2.13
website	0.98	1.27
redditor	0.98	1.49
r/im14andthisiswtf	0.98	2.09
pun	0.98	1.98
legend	0.98	1.36
visit	0.98	0.95
waffle	0.98	1.07
turtle	0.99	1.47
irony	0.99	2.30
handy	0.99	1.43
foreign	0.99	1.78
bud	0.99	2.04
photoshopped	0.99	1.75
wants	0.99	2.90
da	1.00	1.93
replace	1.00	1.38
fail	1.00	2.15
lesson	1.00	1.76
explaining	1.00	1.93
originally	1.01	1.94
message	1.01	1.77
link	1.01	1.37
dress	1.01	1.18
ensure	1.01	1.52
cruise	1.01	0.88
rant	1.01	2.18
win	1.02	1.24
commonly	1.02	2.23
singing	1.02	0.98
teens	1.02	1.15
man	1.02	2.47
referring	1.02	2.37
cream	1.02	1.10
r/funny	1.02	1.81
tourists	1.02	0.93
omg	1.02	2.41
defined	1.02	2.35
meh	1.02	1.91
tool	1.03	1.54
cuz	1.03	2.04
r/mildlyinteresting	1.03	1.82
belongs	1.03	1.81
costume	1.03	1.42
worthy	1.03	1.82
tourist	1.03	0.78
automatically	1.03	1.54
indeed	1.03	2.33
display	1.03	1.65
mothers	1.03	1.31
figures	1.04	1.34
sport	1.04	1.01
ummm	1.04	2.20
chocolate	1.04	1.12
sports	1.04	1.01
aint	1.04	1.99
rock	1.04	0.81
ma	1.05	1.93
serve	1.05	0.90
aww	1.05	1.86
british	1.05	1.79
won	1.05	1.19
ideal	1.05	1.12
o_o	1.06	2.42
vid	1.06	1.10
define	1.06	2.47
peace	1.06	1.03
spoken	1.06	2.21
welp	1.06	2.15
kills	1.06	2.89
article	1.06	1.28
luck	1.06	2.02
duh	1.06	2.05
nigga	1.06	1.99
eh	1.06	2.27
training	1.07	1.44
role	1.07	1.02
share	1.07	1.13
bass	1.07	0.86
teen	1.07	1.20
ok	1.07	2.43
original	1.08	1.58
note	1.08	1.85
pc	1.08	1.05
google	1.08	1.42
stays	1.08	1.08
staying	1.08	1.12
russian	1.08	2.16
video	1.09	1.15
married	1.09	1.24
ur	1.09	2.16
hill	1.09	0.93
tone	1.09	1.95
prime	1.09	1.06
joke	1.09	2.03
congratulations	1.10	1.45
horror	1.10	1.28
meals	1.10	0.95
from	1.10	1.27
pink	1.10	0.91
baseball	1.11	0.98
u	1.11	2.06
coworker	1.11	1.25
dear	1.11	2.00
damnit	1.11	2.08
wikipedia	1.12	1.26
sigh	1.12	2.27
ladies	1.12	1.47
um	1.12	2.34
capital	1.12	2.49
solid	1.12	1.26
structure	1.12	1.71
everybody	1.12	2.71
polish	1.12	2.01
soccer	1.13	0.99
fap	1.13	2.03
fashion	1.13	1.39
basketball	1.13	0.99
impressive	1.13	2.44
newspaper	1.13	1.36
strength	1.13	1.63
mate	1.14	2.15
career	1.15	1.04
hockey	1.15	0.99
pages	1.15	1.40
spelled	1.15	4.09
iirc	1.15	1.35
c'mon	1.15	2.09
freaking	1.15	2.76
hobby	1.16	1.24
japanese	1.16	1.73
punk	1.16	0.96
league	1.16	0.99
footage	1.16	1.25
update	1.16	1.45
vacation	1.16	0.86
de	1.16	1.60
yea	1.16	2.44
read	1.17	1.51
ice	1.17	1.06
dragon	1.17	1.47
comment	1.17	1.88
interview	1.17	0.87
bang	1.17	1.27
team	1.17	0.99
dinner	1.17	0.96
guide	1.18	1.10
o	1.18	2.00
dancing	1.18	1.09
ftfy	1.18	2.19
action	1.18	1.21
internet	1.18	1.31
reads	1.18	1.57
laptop	1.18	1.41
tips	1.18	1.41
feature	1.18	1.18
fits	1.18	1.31
album	1.19	0.91
whose	1.19	1.22
rekt	1.19	2.26
tattoo	1.19	1.46
club	1.19	0.92
fixing	1.19	2.76
hey	1.19	2.25
learn	1.20	2.31
invented	1.20	1.50
hahahaha	1.20	2.44
hers	1.20	1.29
porn	1.21	1.26
dem	1.21	1.84
jam	1.21	0.92
la	1.21	1.05
master	1.22	1.60
marry	1.22	1.04
wut	1.22	2.19
aw	1.22	2.28
san	1.22	0.86
attractive	1.23	1.50
uhh	1.23	2.44
vegas	1.23	0.93
uh	1.23	2.40
iphone	1.23	1.44
print	1.24	1.50
football	1.24	0.98
huh	1.24	2.40
wat	1.24	2.23
alright	1.25	2.33
buddy	1.25	2.20
double	1.25	1.14
korean	1.26	1.93
naw	1.26	2.09
silent	1.26	1.27
kidding	1.27	2.41
orders	1.27	0.90
phones	1.27	1.27
players	1.27	0.99
lmao	1.29	2.38
eats	1.29	2.84
accent	1.29	2.22
stunt	1.29	1.10
poster	1.29	1.97
caps	1.29	1.25
gta	1.30	0.97
project	1.30	1.20
congrats	1.30	1.56
hmmm	1.30	2.06
festival	1.30	1.18
meal	1.30	1.07
gold	1.31	1.34
doe	1.31	1.84
lt	1.31	2.06
realistic	1.31	1.58
upvote	1.31	1.66
detail	1.31	2.44
terms	1.31	2.57
makeup	1.31	1.34
pie	1.31	1.23
italian	1.31	2.40
listening	1.31	0.91
mobile	1.31	1.64
hello	1.31	1.86
caring	1.32	1.02
raised	1.32	0.90
new	1.32	1.05
description	1.32	1.79
ha	1.32	2.42
stars	1.32	1.01
nah	1.32	2.25
bonus	1.33	1.27
final	1.33	1.02
successful	1.33	1.36
ama	1.33	1.64
exchange	1.33	1.21
tan	1.33	1.08
youtube	1.33	1.07
professional	1.33	1.20
expression	1.33	1.82
candy	1.34	1.13
keyboard	1.34	1.67
reading	1.35	1.77
replied	1.35	2.18
bro	1.36	2.36
stands	1.36	2.15
edgy	1.36	1.92
neighbor	1.37	1.52
stranger	1.37	1.58
mountains	1.37	1.34
amp	1.37	2.05
bravo	1.38	1.89
her	1.38	1.40
network	1.38	0.94
playing	1.38	0.92
oh	1.38	2.41
sentences	1.38	2.64
player	1.38	0.95
paulson	1.38	2.25
wiki	1.39	1.46
parents	1.39	1.46
bald	1.39	1.33
clever	1.39	2.06
reply	1.39	1.98
audience	1.39	1.11
copy	1.39	1.67
equivalent	1.39	1.90
u/unidan	1.39	1.71
fans	1.39	0.94
heh	1.39	2.36
confidence	1.39	1.49
photoshop	1.40	1.57
x	1.40	1.98
wise	1.40	1.15
pls	1.40	2.16
computer	1.40	1.43
ads	1.40	1.09
glorious	1.41	1.43
mystery	1.41	1.43
b	1.41	2.06
c	1.41	2.06
draw	1.41	1.52
book	1.41	1.32
observation	1.42	1.72
yikes	1.42	1.94
t	1.43	2.04
murica	1.43	2.17
e	1.43	2.04
imagination	1.43	1.74
relax	1.43	1.43
statue	1.43	1.41
younger	1.44	1.46
chill	1.44	2.20
filming	1.44	1.16
f	1.44	2.00
xd	1.45	2.37
photographer	1.45	1.28
k	1.45	2.27
w	1.45	1.98
chuck	1.45	1.46
trick	1.46	1.56
ray	1.47	1.24
possible	1.47	2.70
intelligent	1.47	1.09
v	1.47	1.99
r	1.47	1.98
music	1.48	0.90
pokemon	1.48	1.02
french	1.49	2.41
twist	1.49	1.43
y	1.49	1.94
username	1.49	2.21
mother	1.49	1.57
jeez	1.49	2.19
irl	1.50	1.15
deleted	1.50	2.06
slap	1.50	1.03
son	1.50	1.56
context	1.50	2.52
relationship	1.51	0.99
dutch	1.51	2.31
90s	1.51	1.00
summer	1.51	1.00
king	1.51	1.12
drew	1.52	1.15
technique	1.52	1.50
dance	1.52	1.00
h	1.52	2.30
l	1.52	2.24
guitar	1.52	0.87
daughter	1.52	1.56
fedora	1.53	1.64
game	1.53	0.95
pointing	1.53	2.89
boyfriend	1.53	1.62
ooh	1.53	1.69
vice	1.53	0.95
whoa	1.53	2.24
worries	1.53	2.30
g	1.54	2.04
damn	1.54	2.82
peter	1.54	1.19
meme	1.54	1.71
accurate	1.54	2.58
3d	1.55	1.32
wrote	1.55	1.77
elaborate	1.57	1.99
author	1.57	1.33
stable	1.57	1.29
play	1.57	1.00
umm	1.57	2.33
definition	1.57	2.94
prank	1.57	2.47
painted	1.57	1.42
strikes	1.58	1.26
miracle	1.58	2.07
explains	1.58	1.10
rip	1.58	1.46
amirite	1.58	2.18
speak	1.59	2.66
spanish	1.59	2.66
yay	1.59	1.92
concert	1.59	0.79
dang	1.60	2.09
adopted	1.60	0.96
called	1.61	0.75
museum	1.61	1.09
dammit	1.61	1.83
drawn	1.61	1.43
ah	1.61	2.00
legit	1.61	2.47
features	1.62	1.54
visiting	1.62	0.76
p	1.62	2.11
george	1.62	1.20
meaning	1.62	2.93
woah	1.63	2.19
shows	1.63	1.01
classy	1.63	1.68
insert	1.63	1.22
honor	1.63	0.98
thats	1.64	2.83
goodness	1.64	1.70
popular	1.65	1.03
mum	1.65	1.60
ad	1.66	1.51
books	1.66	1.17
destination	1.66	0.77
googled	1.66	1.91
aka	1.67	1.19
buddies	1.67	1.42
smart	1.67	1.72
jackson	1.67	1.22
jack	1.68	1.31
bay	1.68	0.96
tim	1.68	1.24
battle	1.68	1.22
job	1.69	0.99
info	1.69	1.60
mike	1.69	1.13
n	1.70	1.82
captain	1.70	1.47
voice	1.70	1.24
friend	1.70	1.60
weekend	1.70	1.36
spring	1.70	1.08
jimmy	1.71	1.42
michael	1.71	1.26
clarify	1.71	2.57
robert	1.71	1.44
ahh	1.72	1.83
paul	1.72	1.15
ex	1.73	1.80
skills	1.73	1.64
welcome	1.73	1.84
hero	1.74	1.48
mommy	1.74	1.27
steve	1.74	1.37
johnny	1.75	1.29
girlfriend	1.75	1.73
boo	1.75	1.27
frank	1.75	1.38
jim	1.75	1.40
obligatory	1.76	1.65
games	1.76	0.99
gf	1.77	1.71
le	1.77	1.84
beginning	1.77	0.92
james	1.77	1.23
dude	1.78	2.83
lee	1.78	1.30
sweet	1.78	2.05
drawing	1.78	1.53
ahhh	1.78	1.68
party	1.79	1.39
design	1.79	1.54
term	1.79	3.49
text	1.79	2.08
translate	1.80	2.76
beauty	1.80	1.56
plays	1.80	0.95
joe	1.81	1.30
charlie	1.81	1.28
written	1.81	2.07
watched	1.81	1.34
comic	1.82	1.07
anime	1.82	1.10
confident	1.82	2.58
accepted	1.83	3.07
understood	1.83	2.93
means	1.83	3.47
john	1.83	1.18
lucky	1.84	2.28
assumed	1.84	2.95
played	1.84	1.00
yeah	1.84	2.82
tough	1.85	2.19
ol	1.85	1.61
hi	1.85	1.50
billy	1.86	1.37
dr	1.86	1.24
implies	1.86	3.36
advertising	1.87	1.42
sir	1.87	1.89
technically	1.87	3.21
letters	1.87	2.72
sorry	1.87	2.43
channel	1.87	1.03
sisters	1.88	1.73
hence	1.89	3.16
show	1.89	1.02
television	1.89	1.01
pronounced	1.89	2.72
80s	1.90	1.03
brothers	1.90	1.73
jones	1.90	1.23
translation	1.90	2.96
bob	1.90	1.34
filmed	1.91	1.11
latter	1.92	3.00
names	1.92	2.62
language	1.92	2.94
letter	1.92	2.37
literal	1.92	3.41
spoiler	1.92	1.09
lol	1.92	2.79
performance	1.93	1.42
rough	1.93	2.28
write	1.93	2.24
phrase	1.93	3.49
mr	1.93	1.46
refers	1.94	3.26
fellow	1.94	1.14
ole	1.94	1.47
songs	1.94	0.79
grandfather	1.94	1.78
wife	1.95	1.80
smith	1.95	1.16
english	1.95	2.95
pleasant	1.95	1.81
family	1.95	1.73
hahaha	1.95	2.69
tv	1.95	1.03
mmmm	1.95	2.00
acceptable	1.96	2.67
funeral	1.96	1.20
glad	1.96	2.53
my	1.96	1.82
used	1.97	3.13
name	1.97	1.39
nevermind	1.97	2.17
perfect	1.97	1.85
budget	1.97	1.00
skill	1.97	2.26
incredible	1.98	2.06
bless	1.99	1.48
fake	1.99	2.26
tom	1.99	1.09
david	2.00	1.17
wedding	2.00	1.39
cast	2.00	1.10
meant	2.01	3.13
season	2.01	0.82
golden	2.01	1.31
husband	2.02	1.86
wars	2.02	0.85
documentary	2.03	1.04
sister	2.03	1.86
cousin	2.03	1.87
apologize	2.04	2.92
characters	2.05	1.02
brother	2.06	1.88
friends	2.06	1.84
father	2.07	1.88
watching	2.07	1.05
haha	2.07	2.71
band	2.07	0.80
mom	2.07	1.84
comfortable	2.08	2.48
word	2.08	3.66
named	2.09	1.20
grandparents	2.09	1.86
btw	2.10	2.52
ate	2.10	2.03
episodes	2.10	1.02
childhood	2.10	1.98
badass	2.10	2.35
use	2.10	3.07
missed	2.11	1.89
dad	2.11	1.90
aunt	2.11	1.91
modern	2.11	2.24
uncle	2.12	1.91
collection	2.13	0.93
speaking	2.14	3.31
watch	2.14	1.11
usage	2.15	3.61
netflix	2.15	1.09
grandmother	2.15	1.90
harry	2.16	0.99
unique	2.16	1.94
clip	2.16	1.05
appreciate	2.16	1.42
grandpa	2.17	1.78
cheers	2.18	2.09
hah	2.18	2.60
brings	2.18	1.69
chris	2.18	1.19
marketing	2.18	1.53
references	2.20	1.18
hollywood	2.21	0.98
buried	2.21	2.46
polite	2.21	1.26
auto	2.23	2.49
using	2.23	2.94
proper	2.23	3.12
artists	2.26	1.44
moms	2.26	1.54
theme	2.27	1.06
words	2.27	3.50
batman	2.28	1.23
cartoon	2.28	1.01
forgive	2.29	2.83
neat	2.29	2.39
correctly	2.30	3.27
fan	2.30	1.01
ps	2.30	2.22
ninja	2.30	1.53
fyi	2.31	2.82
song	2.31	0.88
beautiful	2.31	1.93
reference	2.31	1.21
sentence	2.32	3.40
error	2.33	3.34
writing	2.33	2.17
appropriate	2.34	2.58
big	2.34	2.17
thank	2.35	1.82
star	2.35	1.08
quote	2.35	0.97
wow	2.36	2.67
scenes	2.36	1.07
mistakes	2.38	3.33
disney	2.38	0.99
talent	2.39	2.12
thanks	2.39	2.10
version	2.41	1.00
fun	2.41	2.15
decent	2.42	1.47
painting	2.42	2.08
healthy	2.42	2.34
finest	2.43	1.91
safe	2.44	2.02
famous	2.45	1.12
spell	2.46	3.48
style	2.48	1.01
prefer	2.48	1.44
mistake	2.50	3.30
enjoyed	2.54	1.46
spelling	2.54	3.49
apologies	2.55	2.87
classic	2.56	1.08
fixed	2.56	3.27
remind	2.56	1.65
plot	2.57	0.96
gift	2.58	0.93
series	2.58	1.00
grammar	2.59	3.45
miss	2.60	1.74
excellent	2.62	1.83
typing	2.65	3.30
10/10	2.66	1.61
movies	2.66	1.04
episode	2.66	1.02
cake	2.67	2.09
edited	2.67	3.26
oops	2.68	2.59
character	2.69	1.01
comedy	2.70	1.56
typo	2.71	3.12
artist	2.71	2.00
christmas	2.75	2.24
corrected	2.76	3.19
tho	2.76	2.14
recommend	2.76	1.50
liked	2.76	1.65
edit	2.78	3.14
titties	2.80	2.32
correction	2.82	3.10
enjoying	2.84	1.49
good	2.86	1.91
forgot	2.86	2.58
screw	2.91	1.94
saved	2.91	1.99
halloween	2.92	2.29
props	2.93	1.65
birthday	2.96	2.46
smooth	2.97	2.18
holiday	2.98	2.51
reminded	2.99	1.48
creative	3.02	1.83
warm	3.05	2.15
santa	3.06	2.00
brought	3.07	2.22
lovely	3.10	1.25
brave	3.10	1.72
reminds	3.11	1.45
ending	3.14	1.24
peaceful	3.15	1.58
kiss	3.17	1.52
sharing	3.17	1.75
genius	3.19	1.71
art	3.19	1.77
brilliant	3.19	1.76
daddy	3.22	1.86
film	3.22	1.35
great	3.25	1.24
epic	3.26	1.82
grandma	3.27	2.54
calm	3.29	1.82
fancy	3.29	1.87
movie	3.35	1.27
scene	3.41	1.34
enjoy	3.55	0.92
hug	3.56	1.27
wonderful	3.65	1.22
friendly	3.67	1.56
gorgeous	3.73	1.24
favourite	3.76	1.29
quiet	3.78	1.86
favorite	3.95	1.17
loving	4.17	0.96
wishes	4.36	1.71
